step,time_s,pos_x,pos_y,pos_z,vel_x,vel_y,vel_z,agl,dist_xy,dist_3d,target_x,target_y,target_z,plat_vel_x,plat_vel_y,plat_vel_z,cmd_vx,cmd_vy,cmd_vz,cmd_speed,cmd_yaw,landing_phase,descent_phase,assist_type,collision_risk,clutter_density,navigability,escape_active,pred_escape_active,threat_acc,terrain_id,phase_reason,rel_vx_to_pad,rel_vy_to_pad,pad_frame_dx,pad_frame_dy
0,0.0,9.8912,2.7943,3.9063,0.0,0.0,0.0,0.071,15.792,16.221,-3.6613,-5.3114,0.2,0.0,0.0,0.0,-0.048,-0.0011,0.048,0.0679,-0.8284,0,0,0,0.979,0.461,0.539,0,0,0.0,6,SEARCH_PHASE,0.0,0.0,13.5526,8.1057
1,0.067,9.8912,2.7943,3.9067,0.0,0.0,0.0186,0.071,15.792,16.221,-3.6613,-5.3114,0.2,0.0,0.0,0.0,-0.096,-0.0016,0.096,0.1358,-0.8243,0,0,0,0.978,0.469,0.531,0,0,0.0,6,SEARCH_PHASE,0.0,0.0,13.5526,8.1057
2,0.127,9.8912,2.7943,3.9076,0.0,-0.0,0.0478,0.072,15.792,16.221,-3.6613,-5.3114,0.2,0.0,0.0,0.0,-0.144,-0.0017,0.144,0.2036,-0.8218,0,0,0,0.978,0.462,0.538,0,0,0.0,6,SEARCH_PHASE,0.0,-0.0,13.5526,8.1057
3,0.187,9.8912,2.7943,3.9093,-0.003,-0.0,0.0844,0.074,15.792,16.221,-3.6613,-5.3114,0.2,0.0,0.0,0.0,-0.192,-0.0005,0.192,0.2715,-0.8173,0,0,0,0.978,0.454,0.546,0,0,0.0,6,SEARCH_PHASE,-0.003,-0.0,13.5525,8.1057
4,0.252,9.8911,2.7943,3.9118,-0.006,-0.0001,0.1255,0.076,15.791,16.222,-3.6613,-5.3114,0.2,0.0,0.0,0.0,-0.2399,0.0012,0.24,0.3394,-0.8046,0,0,0,0.978,0.454,0.546,0,0,0.0,6,SEARCH_PHASE,-0.006,-0.0001,13.5524,8.1057
5,0.313,9.8908,2.7943,3.9152,-0.0123,-0.0005,0.1699,0.079,15.791,16.222,-3.6613,-5.3114,0.2,0.0,0.0,0.0,-0.2878,0.0047,0.288,0.4072,-0.8278,0,0,0,0.978,0.461,0.539,0,0,1.0,6,SEARCH_PHASE,-0.0123,-0.0005,13.5521,8.1057
6,0.374,9.8904,2.7943,3.9196,-0.0213,0.0,0.2164,0.084,15.791,16.223,-3.6613,-5.3114,0.2,0.0,0.0,0.0,-0.3357,0.0072,0.336,0.4751,-0.7918,0,0,0,0.976,0.432,0.568,0,0,2.0,6,SEARCH_PHASE,-0.0213,0.0,13.5517,8.1057
7,0.435,9.8897,2.7943,3.9248,-0.0366,-0.0016,0.2638,0.089,15.79,16.224,-3.6613,-5.3114,0.2,0.0,0.0,0.0,-0.3835,0.0116,0.384,0.5429,-0.8158,0,0,0,0.976,0.426,0.574,0,0,3.0,6,SEARCH_PHASE,-0.0366,-0.0016,13.551,8.1057
8,0.496,9.8886,2.7942,3.9311,-0.0541,-0.0019,0.3122,0.095,15.789,16.224,-3.6613,-5.3114,0.2,0.0,0.0,0.0,-0.4312,0.0172,0.432,0.6106,-0.7796,0,0,0,0.976,0.424,0.576,0,0,4.0,6,SEARCH_PHASE,-0.0541,-0.0019,13.5499,8.1056
9,0.557,9.887,2.7941,3.9383,-0.0774,-0.0039,0.3606,0.102,15.788,16.224,-3.6613,-5.3114,0.2,0.0,0.0,0.0,-0.4788,0.0239,0.48,0.6784,-0.8041,0,0,0,0.976,0.412,0.588,0,0,5.0,6,SEARCH_PHASE,-0.0774,-0.0039,13.5483,8.1056
10,0.623,9.885,2.7941,3.9465,-0.1025,-0.0043,0.4097,0.111,15.786,16.225,-3.6613,-5.3114,0.2,0.0,0.0,0.0,-0.5263,0.0304,0.528,0.7461,-0.7679,0,0,0,0.974,0.382,0.618,0,0,6.0,6,SEARCH_PHASE,-0.1025,-0.0043,13.5463,8.1055
11,0.684,9.8823,2.7939,3.9557,-0.1329,-0.0058,0.4582,0.12,15.784,16.224,-3.6613,-5.3114,0.2,0.0,0.0,0.0,-0.5736,0.0388,0.576,0.8138,-0.7927,0,0,0,0.974,0.369,0.631,0,0,7.0,6,SEARCH_PHASE,-0.1329,-0.0058,13.5436,8.1054
12,0.747,9.879,2.7938,3.9658,-0.1646,-0.0054,0.5072,0.13,15.781,16.224,-3.6613,-5.3114,0.2,0.0,0.0,0.0,-0.6208,0.0474,0.624,0.8815,-0.7553,0,0,0,0.974,0.353,0.647,0,0,8.0,6,SEARCH_PHASE,-0.1646,-0.0054,13.5403,8.1053
13,0.809,9.875,2.7937,3.9769,-0.2011,-0.0057,0.5558,0.141,15.777,16.223,-3.6613,-5.3114,0.2,0.0,0.0,0.0,-0.6675,0.0583,0.672,0.949,-0.78,0,0,0,0.972,0.312,0.688,0,0,9.0,6,SEARCH_PHASE,-0.2011,-0.0057,13.5363,8.1051
14,0.87,9.8702,2.7936,3.989,-0.2398,-0.0036,0.6047,0.153,15.773,16.222,-3.6613,-5.3114,0.2,0.0,0.0,0.0,-0.7142,0.0696,0.72,1.0165,-0.7442,0,0,0,0.972,0.287,0.713,0,0,10.0,6,SEARCH_PHASE,-0.2398,-0.0036,13.5315,8.1051
15,0.933,9.8645,2.7936,4.0021,-0.2843,-0.0017,0.6527,0.166,15.768,16.22,-3.6613,-5.3114,0.2,0.0,0.0,0.0,-0.7603,0.0828,0.768,1.0839,-0.7693,0,0,0,0.969,0.244,0.756,0,0,9.5,6,SEARCH_PHASE,-0.2843,-0.0017,13.5258,8.105
16,0.999,9.8579,2.7937,4.0161,-0.3305,0.003,0.7007,0.18,15.763,16.218,-3.6613,-5.3114,0.2,0.0,0.0,0.0,-0.8061,0.0974,0.816,1.1511,-0.7336,0,0,0,0.969,0.234,0.766,0,0,9.0,6,SEARCH_PHASE,-0.3305,0.003,13.5192,8.1051
17,1.071,9.8503,2.7938,4.031,-0.3819,0.0079,0.7478,0.195,15.756,16.215,-3.6613,-5.3114,0.2,0.0,0.0,0.0,-0.8384,0.062,0.864,1.2055,-0.759,0,0,0,0.451,0.194,0.806,0,0,8.5,6,SEARCH_PHASE,-0.3819,0.0079,13.5116,8.1052
18,1.139,9.8416,2.7942,4.0469,-0.4341,0.0159,0.7943,0.211,15.749,16.212,-3.6613,-5.3114,0.2,0.0,0.0,0.0,-0.8707,0.0265,0.912,1.2612,-0.7237,0,0,0,0.451,0.188,0.812,0,0,8.0,6,SEARCH_PHASE,-0.4341,0.0159,13.5029,8.1056
19,1.202,9.8318,2.7946,4.0637,-0.491,0.0244,0.839,0.228,15.741,16.208,-3.6613,-5.3114,0.2,0.0,0.0,0.0,-0.903,-0.009,0.96,1.318,-0.7654,0,0,0,0.453,0.188,0.812,0,0,7.5,6,SEARCH_PHASE,-0.491,0.0244,13.4931,8.1061
20,1.266,9.8208,2.7954,4.0814,-0.5479,0.0362,0.883,0.246,15.732,16.203,-3.6613,-5.3114,0.2,0.0,0.0,0.0,-0.9353,-0.0445,1.008,1.3758,-0.7763,0,0,0,0.453,0.183,0.817,0,0,7.0,6,SEARCH_PHASE,-0.5479,0.0362,13.4821,8.1068
21,1.328,9.8087,2.7963,4.0999,-0.6037,0.0472,0.9283,0.264,15.722,16.198,-3.6613,-5.3114,0.2,0.0,0.0,0.0,-0.9676,-0.0801,1.056,1.4345,-0.7543,0,0,0,0.451,0.189,0.811,0,0,6.5,6,SEARCH_PHASE,-0.6037,0.0472,13.4701,8.1077
22,1.392,9.7955,2.7974,4.1194,-0.662,0.0551,0.9728,0.284,15.711,16.193,-3.6613,-5.3114,0.2,0.0,0.0,0.0,-0.9998,-0.1156,1.104,1.4939,-0.7761,0,0,0,0.452,0.19,0.81,0,0,6.0,6,SEARCH_PHASE,-0.662,0.0551,13.4568,8.1088
23,1.454,9.7811,2.7987,4.1397,-0.7193,0.0625,1.0182,0.304,15.699,16.186,-3.6613,-5.3114,0.2,0.0,0.0,0.0,-1.032,-0.1512,1.152,1.554,-0.7421,0,0,0,0.454,0.192,0.808,0,0,4.0,6,SEARCH_PHASE,-0.7193,0.0625,13.4424,8.1101
24,1.516,9.7656,2.8,4.161,-0.7752,0.0657,1.064,0.325,15.687,16.179,-3.6613,-5.3114,0.2,0.0,0.0,0.0,-1.0642,-0.1869,1.2,1.6148,-0.7698,0,0,0,0.469,0.188,0.812,0,0,2.0,6,SEARCH_PHASE,-0.7752,0.0657,13.4269,8.1114
25,1.58,9.749,2.8013,4.1832,-0.8305,0.0684,1.1105,0.347,15.673,16.172,-3.6613,-5.3114,0.2,0.0,0.0,0.0,-1.0963,-0.2225,1.248,1.676,-0.7525,0,0,0,0.472,0.181,0.819,0,0,0.0,6,SEARCH_PHASE,-0.8305,0.0684,13.4103,8.1128
26,1.644,9.7313,2.8027,4.2064,-0.8831,0.0663,1.1577,0.371,15.659,16.163,-3.6613,-5.3114,0.2,0.0,0.0,0.0,-1.1284,-0.2582,1.296,1.7377,-0.7401,0,0,0,0.485,0.188,0.812,0,0,0.0,6,SEARCH_PHASE,-0.8831,0.0663,13.3927,8.1141
27,1.71,9.7126,2.8039,4.2305,-0.9363,0.0612,1.205,0.395,15.644,16.154,-3.6613,-5.3114,0.2,0.0,0.0,0.0,-1.1605,-0.294,1.344,1.7998,-0.7708,0,0,0,0.499,0.194,0.806,0,0,0.0,6,SEARCH_PHASE,-0.9363,0.0612,13.3739,8.1153
28,1.779,9.6929,2.805,4.2556,-0.9862,0.0532,1.2536,0.42,15.627,16.145,-3.6613,-5.3114,0.2,0.0,0.0,0.0,-1.1924,-0.3298,1.392,1.8623,-0.7294,0,0,0,0.509,0.196,0.804,0,0,0.0,6,SEARCH_PHASE,-0.9862,0.0532,13.3542,8.1164
29,1.849,9.6722,2.8057,4.2816,-1.0346,0.039,1.3023,0.446,15.61,16.135,-3.6613,-5.3114,0.2,0.0,0.0,0.0,-1.2244,-0.3656,1.44,1.9252,-0.7686,0,0,0,0.528,0.199,0.801,0,0,0.0,6,SEARCH_PHASE,-1.0346,0.039,13.3335,8.1172
30,1.919,9.6506,2.8062,4.3087,-1.0801,0.0219,1.3521,0.473,15.592,16.124,-3.6613,-5.3114,0.2,0.0,0.0,0.0,-1.2562,-0.4015,1.488,1.9883,-0.7167,0,0,0,0.533,0.202,0.798,0,0,0.0,6,SEARCH_PHASE,-1.0801,0.0219,13.3119,8.1176
31,1.993,9.6281,2.8061,4.3367,-1.1223,-0.0023,1.4014,0.501,15.573,16.113,-3.6613,-5.3114,0.2,0.0,0.0,0.0,-1.2881,-0.4374,1.536,2.0518,-0.7631,0,0,0,0.551,0.211,0.789,0,0,0.0,6,SEARCH_PHASE,-1.1223,-0.0023,13.2895,8.1175
32,2.082,9.6049,2.8055,4.3657,-1.1632,-0.0293,1.4512,0.53,15.552,16.101,-3.6613,-5.3114,0.2,0.0,0.0,0.0,-1.3198,-0.4734,1.584,2.1154,-0.7113,0,0,0,0.556,0.209,0.791,0,0,0.0,6,SEARCH_PHASE,-1.1632,-0.0293,13.2662,8.117
33,2.153,9.5809,2.8043,4.3957,-1.2008,-0.0638,1.5,0.56,15.531,16.088,-3.6613,-5.3114,0.2,0.0,0.0,0.0,-1.3515,-0.5095,1.632,2.1793,-0.7249,0,0,0,0.568,0.212,0.788,0,0,0.0,6,SEARCH_PHASE,-1.2008,-0.0638,13.2422,8.1157
34,2.226,9.5561,2.8022,4.4267,-1.2369,-0.1016,1.5488,0.591,15.509,16.075,-3.6613,-5.3114,0.2,0.0,0.0,0.0,-1.3831,-0.5456,1.68,2.2434,-0.6731,0,0,0,0.571,0.215,0.785,0,0,0.0,6,SEARCH_PHASE,-1.2369,-0.1016,13.2174,8.1137
35,2.289,9.5307,2.7994,4.4586,-1.269,-0.144,1.5968,0.623,15.486,16.061,-3.6613,-5.3114,0.2,0.0,0.0,0.0,-1.4146,-0.5818,1.7,2.2868,-0.7081,0,0,0,0.578,0.22,0.78,0,0,0.0,6,SEARCH_PHASE,-1.269,-0.144,13.1921,8.1108
36,2.353,9.5048,2.7957,4.4913,-1.2975,-0.1848,1.6354,0.656,15.462,16.046,-3.6613,-5.3114,0.2,0.0,0.0,0.0,-1.4461,-0.6181,1.7,2.3158,-0.6573,0,0,0,0.577,0.216,0.784,0,0,0.0,6,SEARCH_PHASE,-1.2975,-0.1848,13.1661,8.1071
37,2.416,9.4784,2.7911,4.5245,-1.3223,-0.227,1.6591,0.689,15.437,16.031,-3.6613,-5.3114,0.2,0.0,0.0,0.0,-1.4774,-0.6544,1.7,2.3454,-0.7,0,0,0,0.583,0.221,0.779,0,0,0.0,6,SEARCH_PHASE,-1.3223,-0.227,13.1397,8.1025
38,2.491,9.4514,2.7858,4.558,-1.3455,-0.2672,1.6748,0.722,15.411,16.016,-3.6613,-5.3114,0.2,0.0,0.0,0.0,-1.5087,-0.6908,1.7,2.3756,-0.6598,0,0,0,0.582,0.225,0.775,0,0,0.0,6,SEARCH_PHASE,-1.3455,-0.2672,13.1128,8.0972
39,2.557,9.4241,2.7796,4.5917,-1.3664,-0.3101,1.6843,0.756,15.385,15.999,-3.6613,-5.3114,0.2,0.0,0.0,0.0,-1.54,-0.7273,1.7,2.4063,-0.6961,0,0,0,0.587,0.233,0.767,0,0,0.0,6,SEARCH_PHASE,-1.3664,-0.3101,13.0854,8.091
40,2.623,9.3964,2.7725,4.6255,-1.3868,-0.3529,1.6907,0.79,15.358,15.982,-3.6613,-5.3114,0.2,0.0,0.0,0.0,-1.5711,-0.7638,1.7,2.4376,-0.6495,0,0,0,0.585,0.23,0.77,0,0,0.0,6,SEARCH_PHASE,-1.3868,-0.3529,13.0577,8.0839
41,2.688,9.3682,2.7645,4.6594,-1.4065,-0.3991,1.6937,0.824,15.329,15.965,-3.6613,-5.3114,0.2,0.0,0.0,0.0,-1.6021,-0.8004,1.7,2.4693,-0.6825,0,0,0,0.588,0.226,0.774,0,0,0.0,6,SEARCH_PHASE,-1.4065,-0.3991,13.0296,8.076
42,2.763,9.3397,2.7556,4.6933,-1.4265,-0.4454,1.6957,0.858,15.3,15.947,-3.6613,-5.3114,0.2,0.0,0.0,0.0,-1.6331,-0.8371,1.7,2.5015,-0.6355,0,0,0,0.584,0.226,0.774,0,0,0.0,6,SEARCH_PHASE,-1.4265,-0.4454,13.001,8.067
43,2.829,9.3108,2.7457,4.7272,-1.447,-0.4949,1.6962,0.892,15.271,15.928,-3.6613,-5.3114,0.2,0.0,0.0,0.0,-1.6639,-0.8739,1.7,2.5342,-0.6732,0,0,0,0.585,0.224,0.776,0,0,0.0,6,SEARCH_PHASE,-1.447,-0.4949,12.9721,8.0571
44,2.894,9.2814,2.7348,4.7611,-1.4691,-0.544,1.6966,4.761,15.24,15.908,-3.6613,-5.3114,0.2,0.0,0.0,0.0,-1.6946,-0.9108,1.7,2.5673,-0.6264,0,0,0,0.58,0.226,0.774,0,0,0.0,6,SEARCH_PHASE,-1.4691,-0.544,12.9427,8.0463
45,2.962,9.2516,2.7229,4.7951,-1.4917,-0.596,1.6954,4.795,15.208,15.887,-3.6613,-5.3114,0.2,0.0,0.0,0.0,-1.7253,-0.9477,1.7,2.6009,-0.6392,0,0,0,0.577,0.223,0.777,0,0,0.0,6,SEARCH_PHASE,-1.4917,-0.596,12.9129,8.0343
46,3.038,9.2212,2.71,4.8289,-1.516,-0.6473,1.6942,4.829,15.176,15.866,-3.6613,-5.3114,0.2,0.0,0.0,0.0,-1.7558,-0.9848,1.7,2.6349,-0.6176,0,0,0,0.575,0.221,0.779,0,0,0.0,6,SEARCH_PHASE,-1.516,-0.6473,12.8826,8.0214
47,3.111,9.1904,2.696,4.8628,-1.5421,-0.6994,1.6927,4.863,15.142,15.844,-3.6613,-5.3114,0.2,0.0,0.0,0.0,-1.7861,-1.0219,1.7,2.6692,-0.6176,0,0,0,0.566,0.22,0.78,0,0,0.0,6,SEARCH_PHASE,-1.5421,-0.6994,12.8517,8.0074
48,3.182,9.159,2.681,4.8966,-1.568,-0.7505,1.6912,4.897,15.108,15.821,-3.6613,-5.3114,0.2,0.0,0.0,0.0,-1.8164,-1.0592,1.7,2.7039,-0.61,0,0,0,0.564,0.219,0.781,0,0,0.0,6,SEARCH_PHASE,-1.568,-0.7505,12.8204,7.9924
49,3.25,9.1271,2.665,4.9304,-1.5977,-0.801,1.689,4.93,15.072,15.797,-3.6613,-5.3114,0.2,0.0,0.0,0.0,-1.8464,-1.0966,1.7,2.739,-0.591,0,0,0,0.554,0.211,0.789,0,0,0.0,6,SEARCH_PHASE,-1.5977,-0.801,12.7884,7.9764
50,3.322,9.0945,2.648,4.9641,-1.6276,-0.8507,1.6873,4.964,15.035,15.772,-3.6613,-5.3114,0.2,0.0,0.0,0.0,-1.8763,-1.1342,1.7,2.7743,-0.5835,0,0,0,0.549,0.211,0.789,0,0,0.0,6,SEARCH_PHASE,-1.6276,-0.8507,12.7559,7.9594
51,3.39,9.0613,2.63,4.9979,-1.6602,-0.8982,1.6856,4.998,14.998,15.746,-3.6613,-5.3114,0.2,0.0,0.0,0.0,-1.9058,-1.1721,1.7,2.81,-0.5919,0,0,0,0.543,0.208,0.792,0,0,0.0,6,SEARCH_PHASE,-1.6602,-0.8982,12.7227,7.9414
52,3.454,9.0275,2.6111,5.0316,-1.6918,-0.9432,1.6851,5.032,14.959,15.72,-3.6613,-5.3114,0.2,0.0,0.0,0.0,-1.9312,-1.2058,1.7,2.8414,-0.5823,0,0,0,0.54,0.206,0.794,0,0,0.0,6,SEARCH_PHASE,-1.6918,-0.9432,12.6888,7.9225
53,3.524,8.993,2.5914,5.0652,-1.7254,-0.9867,1.6847,5.065,14.919,15.693,-3.6613,-5.3114,0.2,0.0,0.0,0.0,-1.9299,-1.2053,1.7,2.8403,-0.5867,0,0,0,0.534,0.205,0.795,0,0,0.0,6,SEARCH_PHASE,-1.7254,-0.9867,12.6543,7.9028
54,3.591,8.9579,2.5708,5.0989,-1.7566,-1.0278,1.683,5.099,14.879,15.664,-3.6613,-5.3114,0.2,0.0,0.0,0.0,-1.9286,-1.2047,1.7,2.8392,-0.5753,0,0,0,0.532,0.204,0.796,0,0,0.0,6,SEARCH_PHASE,-1.7566,-1.0278,12.6192,7.8823
55,3.663,8.9221,2.5495,5.1325,-1.7891,-1.067,1.6799,5.133,14.837,15.635,-3.6613,-5.3114,0.2,0.0,0.0,0.0,-1.9273,-1.204,1.7,2.838,-0.5689,0,0,0,0.526,0.203,0.797,0,0,0.0,6,SEARCH_PHASE,-1.7891,-1.067,12.5834,7.8609
56,3.732,8.8857,2.5274,5.166,-1.8189,-1.1043,1.6769,5.166,14.794,15.606,-3.6613,-5.3114,0.2,0.0,0.0,0.0,-1.9261,-1.2033,1.7,2.8368,-0.5555,0,0,0,0.522,0.201,0.799,0,0,0.0,6,SEARCH_PHASE,-1.8189,-1.1043,12.547,7.8388
57,3.799,8.8487,2.5046,5.1995,-1.8491,-1.1391,1.674,5.2,14.751,15.575,-3.6613,-5.3114,0.2,0.0,0.0,0.0,-1.9248,-1.2026,1.7,2.8357,-0.5476,0,0,0,0.515,0.2,0.8,0,0,0.0,6,SEARCH_PHASE,-1.8491,-1.1391,12.51,7.816
58,3.873,8.8112,2.4812,5.233,-1.8761,-1.1712,1.672,5.233,14.707,15.544,-3.6613,-5.3114,0.2,0.0,0.0,0.0,-1.9235,-1.2018,1.7,2.8344,-0.5394,0,0,0,0.511,0.196,0.804,0,0,0.0,6,SEARCH_PHASE,-1.8761,-1.1712,12.4725,7.7926
59,3.942,8.7731,2.4572,5.2664,-1.9025,-1.1999,1.6709,5.266,14.662,15.512,-3.6613,-5.3114,0.2,0.0,0.0,0.0,-1.9222,-1.2009,1.7,2.8332,-0.5407,0,0,0,0.504,0.202,0.798,0,0,0.0,6,SEARCH_PHASE,-1.9025,-1.1999,12.4345,7.7686
60,4.014,8.7346,2.4327,5.2998,-1.9245,-1.225,1.6706,5.3,14.616,15.48,-3.6613,-5.3114,0.2,0.0,0.0,0.0,-1.9209,-1.2,1.7,2.8319,-0.5318,0,0,0,0.501,0.195,0.805,0,0,0.0,6,SEARCH_PHASE,-1.9245,-1.225,12.396,7.7441
61,4.076,8.6957,2.4078,5.3332,-1.9455,-1.2468,1.6711,5.333,14.57,15.448,-3.6613,-5.3114,0.2,0.0,0.0,0.0,-1.9196,-1.1991,1.7,2.8307,-0.5313,0,0,0,0.494,0.192,0.808,0,0,0.0,6,SEARCH_PHASE,-1.9455,-1.2468,12.3571,7.7192
62,4.147,8.6565,2.3825,5.3667,-1.9617,-1.2651,1.6723,5.367,14.523,15.415,-3.6613,-5.3114,0.2,0.0,0.0,0.0,-1.9183,-1.1982,1.7,2.8294,-0.5276,0,0,0,0.492,0.193,0.807,0,0,0.0,6,SEARCH_PHASE,-1.9617,-1.2651,12.3178,7.6939
63,4.217,8.617,2.3569,5.4001,-1.9767,-1.2798,1.674,5.4,14.476,15.382,-3.6613,-5.3114,0.2,0.0,0.0,0.0,-1.917,-1.1972,1.7,2.8281,-0.5255,0,0,0,0.486,0.19,0.81,0,0,0.0,6,SEARCH_PHASE,-1.9767,-1.2798,12.2783,7.6683
64,4.281,8.5772,2.331,5.4337,-1.9864,-1.2913,1.6759,5.434,14.429,15.349,-3.6613,-5.3114,0.2,0.0,0.0,0.0,-1.9157,-1.1962,1.7,2.8268,-0.5131,0,0,0,0.483,0.193,0.807,0,0,0.0,6,SEARCH_PHASE,-1.9864,-1.2913,12.2386,7.6425
65,4.353,8.5374,2.3051,5.4672,-1.9943,-1.2994,1.6784,5.467,14.381,15.315,-3.6613,-5.3114,0.2,0.0,0.0,0.0,-1.9144,-1.1953,1.652,2.7969,-0.509,0,0,0,0.473,0.186,0.814,0,0,0.0,6,SEARCH_PHASE,-1.9943,-1.2994,12.1987,7.6165
66,4.419,8.4974,2.279,5.5005,-1.9967,-1.3028,1.663,5.5,14.334,15.282,-3.6613,-5.3114,0.2,0.0,0.0,0.0,-1.913,-1.1943,1.604,2.7675,-0.5141,0,0,0,0.471,0.189,0.811,0,0,0.0,6,SEARCH_PHASE,-1.9967,-1.3028,12.1587,7.5904
67,4.489,8.4575,2.253,5.5332,-1.9973,-1.3023,1.6365,5.533,14.286,15.249,-3.6613,-5.3114,0.2,0.0,0.0,0.0,-1.9117,-1.1933,1.556,2.7386,-0.5085,0,0,0,0.463,0.187,0.813,0,0,0.0,6,SEARCH_PHASE,-1.9973,-1.3023,12.1188,7.5644
68,4.559,8.4176,2.227,5.5653,-1.994,-1.299,1.6022,5.565,14.238,15.216,-3.6613,-5.3114,0.2,0.0,0.0,0.0,-1.9104,-1.1923,1.508,2.7102,-0.5233,0,0,0,0.462,0.193,0.807,0,0,0.0,6,SEARCH_PHASE,-1.994,-1.299,12.0789,7.5384
69,4.619,8.3778,2.2011,5.5965,-1.9895,-1.2929,1.5638,5.597,14.191,15.182,-3.6613,-5.3114,0.2,0.0,0.0,0.0,-1.9091,-1.1913,1.46,2.6824,-0.5152,0,0,0,0.454,0.189,0.811,0,0,0.0,6,SEARCH_PHASE,-1.9895,-1.2929,12.0391,7.5125
70,4.685,8.3382,2.1754,5.627,-1.9824,-1.2854,1.522,5.627,14.144,15.149,-3.6613,-5.3114,0.2,0.0,0.0,0.0,-1.9078,-1.1903,1.412,2.6552,-0.5179,0,0,0,0.456,0.187,0.813,0,0,0.0,6,SEARCH_PHASE,-1.9824,-1.2854,11.9995,7.4868
71,4.759,8.2987,2.1499,5.6565,-1.975,-1.2763,1.4783,5.657,14.097,15.116,-3.6613,-5.3114,0.2,0.0,0.0,0.0,-1.9065,-1.1894,1.364,2.6287,-0.5088,0,0,0,0.449,0.187,0.813,0,0,0.0,6,SEARCH_PHASE,-1.975,-1.2763,11.96,7.4613
72,4.822,8.2594,2.1246,5.6852,-1.9648,-1.2661,1.433,5.685,14.05,15.083,-3.6613,-5.3114,0.2,0.0,0.0,0.0,-1.9052,-1.1884,1.316,2.6027,-0.5408,0,0,0,0.45,0.183,0.817,0,0,0.0,6,SEARCH_PHASE,-1.9648,-1.2661,11.9207,7.436
73,4.883,8.2203,2.0995,5.7129,-1.9539,-1.2544,1.3867,5.713,14.003,15.049,-3.6613,-5.3114,0.2,0.0,0.0,0.0,-1.9039,-1.1875,1.268,2.5774,-0.4945,0,0,0,0.443,0.187,0.813,0,0,0.0,6,SEARCH_PHASE,-1.9539,-1.2544,11.8816,7.4109
74,4.947,8.1814,2.0746,5.7397,-1.9426,-1.2435,1.3399,5.74,13.957,15.016,-3.6613,-5.3114,0.2,0.0,0.0,0.0,-1.9026,-1.1866,1.22,2.5527,-0.5283,0,0,0,0.443,0.187,0.813,0,0,0.0,6,SEARCH_PHASE,-1.9426,-1.2435,11.8428,7.386
75,5.019,8.1428,2.05,5.7656,-1.9304,-1.2309,1.2925,5.766,13.911,14.983,-3.6613,-5.3114,0.2,0.0,0.0,0.0,-1.9013,-1.1857,1.172,2.5287,-0.5133,0,0,0,0.435,0.185,0.815,0,0,0.0,6,SEARCH_PHASE,-1.9304,-1.2309,11.8041,7.3614
76,5.089,8.1045,2.0256,5.7905,-1.9178,-1.2186,1.2449,5.79,13.866,14.951,-3.6613,-5.3114,0.2,0.0,0.0,0.0,-1.9,-1.1848,1.124,2.5054,-0.5197,0,0,0,0.437,0.185,0.815,0,0,0.0,6,SEARCH_PHASE,-1.9178,-1.2186,11.7658,7.337
77,5.168,8.0663,2.0015,5.8144,-1.9066,-1.2063,1.1973,5.814,13.821,14.918,-3.6613,-5.3114,0.2,0.0,0.0,0.0,-1.8987,-1.184,1.076,2.4829,-0.5071,0,0,0,0.43,0.181,0.819,0,0,0.0,6,SEARCH_PHASE,-1.9066,-1.2063,11.7277,7.3129
78,5.255,8.0284,1.9776,5.8374,-1.8945,-1.1943,1.1492,5.185,13.776,14.885,-3.6613,-5.3114,0.2,0.0,0.0,0.0,-1.8974,-1.1831,1.028,2.461,-0.5286,0,0,0,0.432,0.182,0.818,0,0,0.0,6,SEARCH_PHASE,-1.8945,-1.1943,11.6898,7.289
79,5.335,7.9908,1.954,5.8594,-1.8835,-1.1823,1.1014,5.101,13.732,14.852,-3.6613,-5.3114,0.2,0.0,0.0,0.0,-1.8961,-1.1823,0.98,2.44,-0.5055,0,0,0,0.425,0.181,0.819,0,0,0.0,6,SEARCH_PHASE,-1.8835,-1.1823,11.6521,7.2654
80,5.401,7.9533,1.9305,5.8805,-1.8728,-1.1717,1.0538,5.017,13.687,14.819,-3.6613,-5.3114,0.2,0.0,0.0,0.0,-1.8948,-1.1815,0.932,2.4197,-0.5157,0,0,0,0.428,0.183,0.817,0,0,0.0,6,SEARCH_PHASE,-1.8728,-1.1717,11.6146,7.2419
81,5.473,7.916,1.9073,5.9006,-1.8638,-1.1613,1.0063,4.928,13.644,14.787,-3.6613,-5.3114,0.2,0.0,0.0,0.0,-1.8936,-1.1807,0.884,2.4002,-0.5015,0,0,0,0.423,0.182,0.818,0,0,0.0,6,SEARCH_PHASE,-1.8638,-1.1613,11.5774,7.2187
82,5.548,7.879,1.8843,5.9198,-1.8544,-1.152,0.9586,4.889,13.6,14.754,-3.6613,-5.3114,0.2,0.0,0.0,0.0,-1.8923,-1.1799,0.836,2.3815,-0.5159,0,0,0,0.427,0.187,0.813,0,0,0.0,6,SEARCH_PHASE,-1.8544,-1.152,11.5403,7.1957
83,5.621,7.842,1.8614,5.938,-1.8466,-1.1433,0.9112,4.882,13.556,14.721,-3.6613,-5.3114,0.2,0.0,0.0,0.0,-1.891,-1.1791,0.788,2.3637,-0.5012,0,0,0,0.424,0.183,0.817,0,0,0.0,6,SEARCH_PHASE,-1.8466,-1.1433,11.5033,7.1728
84,5.696,7.8053,1.8387,5.9553,-1.8389,-1.136,0.8639,4.875,13.513,14.688,-3.6613,-5.3114,0.2,0.0,0.0,0.0,-1.8897,-1.1784,0.74,2.3467,-0.5102,0,0,0,0.429,0.183,0.817,0,0,0.0,6,SEARCH_PHASE,-1.8389,-1.136,11.4666,7.1501
85,5.781,7.7686,1.8161,5.9717,-1.8333,-1.1297,0.8165,4.866,13.47,14.655,-3.6613,-5.3114,0.2,0.0,0.0,0.0,-1.8885,-1.1776,0.692,2.3306,-0.4951,0,0,0,0.427,0.183,0.817,0,0,0.0,6,SEARCH_PHASE,-1.8333,-1.1297,11.4299,7.1275
86,5.856,7.732,1.7936,5.987,-1.8275,-1.1249,0.7693,4.857,13.427,14.621,-3.6613,-5.3114,0.2,0.0,0.0,0.0,-1.8872,-1.1769,0.644,2.3154,-0.5049,0,0,0,0.433,0.183,0.817,0,0,0.0,6,SEARCH_PHASE,-1.8275,-1.1249,11.3934,7.105
87,5.928,7.6956,1.7712,6.0015,-1.8235,-1.1212,0.7219,4.846,13.384,14.588,-3.6613,-5.3114,0.2,0.0,0.0,0.0,-1.8859,-1.1761,0.596,2.3011,-0.4894,0,0,0,0.433,0.189,0.811,0,0,0.0,6,SEARCH_PHASE,-1.8235,-1.1212,11.3569,7.0826
88,5.993,7.6592,1.7488,6.015,-1.819,-1.1191,0.6744,4.835,13.342,14.554,-3.6613,-5.3114,0.2,0.0,0.0,0.0,-1.8846,-1.1754,0.548,2.2877,-0.4836,0,0,0,0.435,0.191,0.809,0,0,0.0,6,SEARCH_PHASE,-1.819,-1.1191,11.3205,7.0602
89,6.07,7.6229,1.7264,6.0275,-1.8161,-1.1181,0.6271,4.823,13.299,14.52,-3.6613,-5.3114,0.2,0.0,0.0,0.0,-1.8834,-1.1746,0.5,2.2753,-0.4674,0,0,0,0.431,0.189,0.811,0,0,0.0,6,SEARCH_PHASE,-1.8161,-1.1181,11.2842,7.0378
90,6.144,7.5866,1.7041,6.0391,-1.813,-1.1179,0.5797,4.807,13.256,14.485,-3.6613,-5.3114,0.2,0.0,0.0,0.0,-1.8821,-1.1739,0.452,2.2638,-0.4785,0,0,0,0.434,0.184,0.816,0,0,0.0,6,SEARCH_PHASE,-1.813,-1.1179,11.2479,7.0155
91,6.211,7.5504,1.6817,6.0497,-1.8119,-1.1177,0.5322,4.788,13.214,14.451,-3.6613,-5.3114,0.2,0.0,0.0,0.0,-1.8808,-1.1732,0.404,2.2532,-0.4621,0,0,0,0.435,0.186,0.814,0,0,0.0,6,SEARCH_PHASE,-1.8119,-1.1177,11.2117,6.9931
92,6.287,7.5142,1.6593,6.0594,-1.8103,-1.1185,0.4847,4.767,13.171,14.416,-3.6613,-5.3114,0.2,0.0,0.0,0.0,-1.8796,-1.1724,0.356,2.2437,-0.4737,0,0,0,0.436,0.182,0.818,0,0,0.0,6,SEARCH_PHASE,-1.8103,-1.1185,11.1755,6.9707
93,6.359,7.478,1.6369,6.0682,-1.8104,-1.1195,0.4371,4.773,13.129,14.38,-3.6613,-5.3114,0.2,0.0,0.0,0.0,-1.8783,-1.1717,0.308,2.2351,-0.4568,0,0,0,0.435,0.18,0.82,0,0,0.0,6,SEARCH_PHASE,-1.8104,-1.1195,11.1393,6.9484
94,6.433,7.4418,1.6145,6.076,-1.8097,-1.1215,0.3894,4.783,13.086,14.345,-3.6613,-5.3114,0.2,0.0,0.0,0.0,-1.8771,-1.1709,0.26,2.2276,-0.4588,0,0,0,0.437,0.185,0.815,0,0,0.0,6,SEARCH_PHASE,-1.8097,-1.1215,11.1031,6.9259
95,6.511,7.4056,1.592,6.0828,-1.8104,-1.1238,0.3417,4.791,13.044,14.309,-3.6613,-5.3114,0.2,0.0,0.0,0.0,-1.8758,-1.1701,0.212,2.221,-0.4413,0,0,0,0.44,0.186,0.814,0,0,0.0,6,SEARCH_PHASE,-1.8104,-1.1238,11.0669,6.9034
96,6.582,7.3693,1.5695,6.0887,-1.8105,-1.1266,0.2941,4.798,13.001,14.272,-3.6613,-5.3114,0.2,0.0,0.0,0.0,-1.8746,-1.1694,0.164,2.2155,-0.4544,0,0,0,0.444,0.183,0.817,0,0,0.0,6,SEARCH_PHASE,-1.8105,-1.1266,11.0307,6.8809
97,6.655,7.3331,1.5469,6.0936,-1.8119,-1.1292,0.2463,4.805,12.958,14.235,-3.6613,-5.3114,0.2,0.0,0.0,0.0,-1.8733,-1.1686,0.116,2.211,-0.4365,0,0,0,0.447,0.183,0.817,0,0,0.0,6,SEARCH_PHASE,-1.8119,-1.1292,10.9944,6.8583
98,6.729,7.2969,1.5243,6.0976,-1.8125,-1.1325,0.1984,4.81,12.915,14.198,-3.6613,-5.3114,0.2,0.0,0.0,0.0,-1.8721,-1.1678,0.068,2.2075,-0.4381,0,0,0,0.448,0.184,0.816,0,0,0.0,6,SEARCH_PHASE,-1.8125,-1.1325,10.9582,6.8357
99,6.804,7.2606,1.5016,6.1006,-1.8141,-1.1356,0.1507,4.815,12.873,14.161,-3.6613,-5.3114,0.2,0.0,0.0,0.0,-1.8708,-1.167,0.02,2.2051,-0.4193,0,0,0,0.447,0.183,0.817,0,0,0.0,6,SEARCH_PHASE,-1.8141,-1.1356,10.9219,6.813
100,6.874,7.2243,1.4788,6.1027,-1.815,-1.1389,0.103,4.818,12.83,14.122,-3.6613,-5.3114,0.2,0.0,0.0,0.0,-1.8696,-1.1662,-0.028,2.2037,-0.4338,0,0,0,0.447,0.183,0.817,0,0,0.0,6,SEARCH_PHASE,-1.815,-1.1389,10.8856,6.7902
101,6.937,7.1879,1.4559,6.1038,-1.817,-1.1414,0.0553,4.821,12.787,14.084,-3.6613,-5.3114,0.2,0.0,0.0,0.0,-1.8684,-1.1654,-0.076,2.2034,-0.4147,0,0,0,0.445,0.182,0.818,0,0,0.0,6,SEARCH_PHASE,-1.817,-1.1414,10.8492,6.7674
102,7.003,7.1516,1.4331,6.1039,-1.818,-1.1443,0.0076,4.823,12.744,14.045,-3.6613,-5.3114,0.2,0.0,0.0,0.0,-1.8671,-1.1646,-0.124,2.2041,-0.429,0,0,0,0.448,0.183,0.817,0,0,0.0,6,SEARCH_PHASE,-1.818,-1.1443,10.8129,6.7445
103,7.072,7.1152,1.4101,6.1031,-1.8198,-1.1465,-0.0402,4.824,12.701,14.006,-3.6613,-5.3114,0.2,0.0,0.0,0.0,-1.8659,-1.1638,-0.172,2.2058,-0.4093,0,0,0,0.455,0.187,0.813,0,0,0.0,6,SEARCH_PHASE,-1.8198,-1.1465,10.7765,6.7215
104,7.146,7.0788,1.3871,6.1013,-1.8203,-1.1492,-0.0881,4.824,12.658,13.966,-3.6613,-5.3114,0.2,0.0,0.0,0.0,-1.8647,-1.163,-0.22,2.2086,-0.4114,0,0,0,0.458,0.188,0.812,0,0,0.0,6,SEARCH_PHASE,-1.8203,-1.1492,10.7401,6.6986
105,7.209,7.0423,1.3641,6.0986,-1.8215,-1.1513,-0.1364,4.822,12.615,13.926,-3.6613,-5.3114,0.2,0.0,0.0,0.0,-1.8634,-1.1622,-0.268,2.2124,-0.3935,0,0,0,0.459,0.193,0.807,0,0,0.0,6,SEARCH_PHASE,-1.8215,-1.1513,10.7037,6.6755
106,7.274,7.0059,1.3411,6.0949,-1.8219,-1.1532,-0.1838,5.908,12.572,13.885,-3.6613,-5.3114,0.2,0.0,0.0,0.0,-1.8622,-1.1613,-0.316,2.2173,-0.4157,0,0,0,0.459,0.188,0.812,0,0,0.0,6,SEARCH_PHASE,-1.8219,-1.1532,10.6672,6.6525
107,7.339,6.9694,1.318,6.0903,-1.8236,-1.1539,-0.2314,4.927,12.528,13.844,-3.6613,-5.3114,0.2,0.0,0.0,0.0,-1.861,-1.1605,-0.364,2.2232,-0.4081,0,0,0,0.46,0.188,0.812,0,0,0.0,6,SEARCH_PHASE,-1.8236,-1.1539,10.6307,6.6294
108,7.408,6.9329,1.2949,6.0847,-1.8245,-1.1543,-0.2793,4.888,12.485,13.803,-3.6613,-5.3114,0.2,0.0,0.0,0.0,-1.8597,-1.1597,-0.412,2.2301,-0.4225,0,0,0,0.463,0.19,0.81,0,0,0.0,6,SEARCH_PHASE,-1.8245,-1.1543,10.5943,6.6063
109,7.473,6.8964,1.2718,6.0782,-1.8263,-1.1541,-0.3273,4.912,12.442,13.761,-3.6613,-5.3114,0.2,0.0,0.0,0.0,-1.8585,-1.1589,-0.46,2.238,-0.402,0,0,0,0.463,0.186,0.814,0,0,0.0,6,SEARCH_PHASE,-1.8263,-1.1541,10.5577,6.5832
110,7.535,6.8599,1.2487,6.0707,-1.8272,-1.1542,-0.3746,4.935,12.399,13.718,-3.6613,-5.3114,0.2,0.0,0.0,0.0,-1.8573,-1.158,-0.508,2.2469,-0.4193,0,0,0,0.464,0.186,0.814,0,0,0.0,6,SEARCH_PHASE,-1.8272,-1.1542,10.5212,6.5601
111,7.604,6.8233,1.2257,6.0622,-1.829,-1.1536,-0.4225,4.957,12.356,13.676,-3.6613,-5.3114,0.2,0.0,0.0,0.0,-1.856,-1.1572,-0.556,2.2568,-0.4,0,0,0,0.462,0.184,0.816,0,0,0.0,6,SEARCH_PHASE,-1.829,-1.1536,10.4846,6.5371
112,7.667,6.7867,1.2026,6.0528,-1.8297,-1.1535,-0.4699,4.979,12.312,13.633,-3.6613,-5.3114,0.2,0.0,0.0,0.0,-1.8548,-1.1564,-0.604,2.2677,-0.4191,0,0,0,0.464,0.185,0.815,0,0,0.0,6,SEARCH_PHASE,-1.8297,-1.1535,10.448,6.514
113,7.732,6.7501,1.1795,6.0425,-1.8311,-1.1528,-0.5174,4.999,12.269,13.589,-3.6613,-5.3114,0.2,0.0,0.0,0.0,-1.8535,-1.1556,-0.652,2.2795,-0.4004,0,0,0,0.462,0.183,0.817,0,0,0.0,6,SEARCH_PHASE,-1.8311,-1.1528,10.4114,6.4909
114,7.795,6.7135,1.1565,6.0312,-1.8311,-1.1527,-0.5651,5.019,12.226,13.545,-3.6613,-5.3114,0.2,0.0,0.0,0.0,-1.8523,-1.1548,-0.7,2.2923,-0.4071,0,0,0,0.464,0.188,0.812,0,0,0.0,6,SEARCH_PHASE,-1.8311,-1.1527,10.3748,6.4679
115,7.856,6.6768,1.1334,6.0189,-1.8316,-1.1522,-0.6132,5.037,12.182,13.501,-3.6613,-5.3114,0.2,0.0,0.0,0.0,-1.851,-1.1539,-0.748,2.306,-0.3904,0,0,0,0.464,0.186,0.814,0,0,0.0,6,SEARCH_PHASE,-1.8316,-1.1522,10.3381,6.4448
116,7.921,6.6402,1.1104,6.0057,-1.8307,-1.1518,-0.661,5.185,12.139,13.456,-3.6613,-5.3114,0.2,0.0,0.0,0.0,-1.8498,-1.1531,-0.796,2.3206,-0.4143,0,0,0,0.469,0.187,0.813,0,0,0.0,6,SEARCH_PHASE,-1.8307,-1.1518,10.3015,6.4218
117,7.993,6.6036,1.0874,5.9915,-1.8306,-1.1502,-0.7083,5.369,12.096,13.411,-3.6613,-5.3114,0.2,0.0,0.0,0.0,-1.8486,-1.1523,-0.844,2.3361,-0.4004,0,0,0,0.469,0.186,0.814,0,0,0.0,6,SEARCH_PHASE,-1.8306,-1.1502,10.2649,6.3988
118,8.059,6.567,1.0644,5.9764,-1.8291,-1.1487,-0.7564,5.976,12.053,13.366,-3.6613,-5.3114,0.2,0.0,0.0,0.0,-1.8473,-1.1515,-0.892,2.3525,-0.4194,0,0,0,0.47,0.186,0.814,0,0,0.0,6,SEARCH_PHASE,-1.8291,-1.1487,10.2283,6.3758
119,8.129,6.5304,1.0415,5.9603,-1.8281,-1.1462,-0.8036,5.96,12.01,13.32,-3.6613,-5.3114,0.2,0.0,0.0,0.0,-1.8461,-1.1507,-0.94,2.3697,-0.4009,0,0,0,0.468,0.187,0.813,0,0,0.0,6,SEARCH_PHASE,-1.8281,-1.1462,10.1918,6.3529
120,8.192,6.4939,1.0186,5.9433,-1.826,-1.1438,-0.851,5.943,11.967,13.273,-3.6613,-5.3114,0.2,0.0,0.0,0.0,-1.8448,-1.1499,-0.988,2.3878,-0.42,0,0,0,0.47,0.186,0.814,0,0,0.0,6,SEARCH_PHASE,-1.826,-1.1438,10.1552,6.33
121,8.258,6.4574,0.9958,5.9254,-1.8244,-1.1406,-0.8984,5.925,11.924,13.227,-3.6613,-5.3114,0.2,0.0,0.0,0.0,-1.8436,-1.1491,-1.036,2.4068,-0.4014,0,0,0,0.464,0.186,0.814,0,0,0.0,6,SEARCH_PHASE,-1.8244,-1.1406,10.1188,6.3072
122,8.323,6.421,0.9731,5.9064,-1.8215,-1.1377,-0.9461,5.906,11.881,13.18,-3.6613,-5.3114,0.2,0.0,0.0,0.0,-1.8423,-1.1483,-1.084,2.4265,-0.4247,0,0,0,0.466,0.189,0.811,0,0,0.0,6,SEARCH_PHASE,-1.8215,-1.1377,10.0823,6.2845
123,8.389,6.3846,0.9504,5.8866,-1.819,-1.1342,-0.9936,5.887,11.838,13.133,-3.6613,-5.3114,0.2,0.0,0.0,0.0,-1.8411,-1.1476,-1.132,2.447,-0.4057,0,0,0,0.472,0.187,0.813,0,0,0.0,6,SEARCH_PHASE,-1.819,-1.1342,10.0459,6.2618
124,8.454,6.3483,0.9277,5.8657,-1.8159,-1.1315,-1.0411,5.866,11.795,13.085,-3.6613,-5.3114,0.2,0.0,0.0,0.0,-1.8398,-1.1468,-1.18,2.4683,-0.4256,0,0,0,0.474,0.185,0.815,0,0,0.0,6,SEARCH_PHASE,-1.8159,-1.1315,10.0096,6.2392
125,8.517,6.312,0.9052,5.844,-1.8142,-1.1285,-1.0887,5.844,11.752,13.037,-3.6613,-5.3114,0.2,0.0,0.0,0.0,-1.8386,-1.146,-1.228,2.4903,-0.4067,0,0,0,0.48,0.191,0.809,0,0,0.0,6,SEARCH_PHASE,-1.8142,-1.1285,9.9733,6.2166
126,8.579,6.2758,0.8826,5.8212,-1.8117,-1.1265,-1.1363,5.821,11.71,12.989,-3.6613,-5.3114,0.2,0.0,0.0,0.0,-1.8373,-1.1452,-1.276,2.5131,-0.4268,0,0,0,0.479,0.192,0.808,0,0,0.0,6,SEARCH_PHASE,-1.8117,-1.1265,9.9371,6.194
127,8.642,6.2396,0.8601,5.7976,-1.8102,-1.1245,-1.1838,5.798,11.667,12.94,-3.6613,-5.3114,0.2,0.0,0.0,0.0,-1.8361,-1.1445,-1.324,2.5365,-0.408,0,0,0,0.479,0.193,0.807,0,0,0.0,6,SEARCH_PHASE,-1.8102,-1.1245,9.9009,6.1716
128,8.705,6.2034,0.8377,5.7729,-1.8077,-1.1235,-1.2316,5.773,11.624,12.891,-3.6613,-5.3114,0.2,0.0,0.0,0.0,-1.8348,-1.1437,-1.372,2.5607,-0.4109,0,0,0,0.479,0.194,0.806,0,0,0.0,6,SEARCH_PHASE,-1.8077,-1.1235,9.8648,6.1491
129,8.781,6.1673,0.8152,5.7473,-1.8059,-1.1227,-1.2798,5.747,11.582,12.842,-3.6613,-5.3114,0.2,0.0,0.0,0.0,-1.8336,-1.1429,-1.42,2.5855,-0.3936,0,0,0,0.48,0.194,0.806,0,0,0.0,6,SEARCH_PHASE,-1.8059,-1.1227,9.8286,6.1266
130,8.844,6.1313,0.7928,5.7208,-1.8033,-1.1221,-1.3271,5.721,11.539,12.792,-3.6613,-5.3114,0.2,0.0,0.0,0.0,-1.8323,-1.1422,-1.468,2.6109,-0.4173,0,0,0,0.479,0.192,0.808,0,0,0.0,6,SEARCH_PHASE,-1.8033,-1.1221,9.7926,6.1042
131,8.907,6.0952,0.7704,5.6933,-1.8017,-1.1206,-1.3745,5.693,11.497,12.742,-3.6613,-5.3114,0.2,0.0,0.0,0.0,-1.8311,-1.1414,-1.5,2.6279,-0.4024,0,0,0,0.48,0.194,0.806,0,0,0.0,6,SEARCH_PHASE,-1.8017,-1.1206,9.7565,6.0818
132,8.969,6.0592,0.748,5.665,-1.7991,-1.1196,-1.4166,5.665,11.454,12.691,-3.6613,-5.3114,0.2,0.0,0.0,0.0,-1.8298,-1.1406,-1.5,2.6267,-0.4241,0,0,0,0.478,0.194,0.806,0,0,0.0,6,SEARCH_PHASE,-1.7991,-1.1196,9.7206,6.0594
133,9.034,6.0233,0.7256,5.6361,-1.7977,-1.1181,-1.4424,5.636,11.412,12.641,-3.6613,-5.3114,0.2,0.0,0.0,0.0,-1.8286,-1.1399,-1.5,2.6255,-0.4058,0,0,0,0.479,0.192,0.808,0,0,0.0,6,SEARCH_PHASE,-1.7977,-1.1181,9.6846,6.037
134,9.098,5.9874,0.7033,5.6069,-1.7953,-1.1173,-1.4586,5.607,11.37,12.59,-3.6613,-5.3114,0.2,0.0,0.0,0.0,-1.8274,-1.1391,-1.5,2.6243,-0.4285,0,0,0,0.477,0.197,0.803,0,0,0.0,6,SEARCH_PHASE,-1.7953,-1.1173,9.6487,6.0147
135,9.161,5.9515,0.6809,5.5776,-1.7941,-1.1161,-1.4687,5.578,11.328,12.539,-3.6613,-5.3114,0.2,0.0,0.0,0.0,-1.8261,-1.1384,-1.5,2.6231,-0.4096,0,0,0,0.478,0.199,0.801,0,0,0.0,6,SEARCH_PHASE,-1.7941,-1.1161,9.6128,5.9924
136,9.224,5.9157,0.6586,5.5481,-1.7914,-1.1158,-1.4753,5.548,11.285,12.488,-3.6613,-5.3114,0.2,0.0,0.0,0.0,-1.8249,-1.1376,-1.452,2.5947,-0.4317,0,0,0,0.608,0.201,0.799,0,0,0.0,6,SEARCH_PHASE,-1.7914,-1.1158,9.577,5.97
137,9.286,5.8799,0.6363,5.5188,-1.7901,-1.1154,-1.4614,5.519,11.243,12.438,-3.6613,-5.3114,0.2,0.0,0.0,0.0,-1.8237,-1.1368,-1.404,2.567,-0.4104,0,0,0,0.609,0.203,0.797,0,0,0.0,6,SEARCH_PHASE,-1.7901,-1.1154,9.5412,5.9477
138,9.348,5.8441,0.614,5.4901,-1.7867,-1.1166,-1.4351,5.49,11.201,12.387,-3.6613,-5.3114,0.2,0.0,0.0,0.0,-1.8224,-1.1361,-1.356,2.5398,-0.4215,0,0,0,0.625,0.207,0.793,0,0,0.0,6,SEARCH_PHASE,-1.7867,-1.1166,9.5054,5.9254
139,9.409,5.8084,0.5916,5.4621,-1.7844,-1.1177,-1.4007,5.462,11.159,12.337,-3.6613,-5.3114,0.2,0.0,0.0,0.0,-1.8212,-1.1353,-1.308,2.5133,-0.3988,0,0,0,0.624,0.207,0.793,0,0,0.0,6,SEARCH_PHASE,-1.7844,-1.1177,9.4698,5.903
140,9.471,5.7728,0.5692,5.4349,-1.7803,-1.1194,-1.3614,5.435,11.117,12.288,-3.6613,-5.3114,0.2,0.0,0.0,0.0,-1.82,-1.1345,-1.26,2.4874,-0.4244,0,0,0,0.631,0.206,0.794,0,0,0.0,6,SEARCH_PHASE,-1.7803,-1.1194,9.4342,5.8807
141,9.533,5.7373,0.5469,5.4085,-1.7782,-1.1198,-1.319,5.409,11.075,12.239,-3.6613,-5.3114,0.2,0.0,0.0,0.0,-1.8188,-1.1337,-1.212,2.4622,-0.4015,0,0,0,0.628,0.205,0.795,0,0,0.0,6,SEARCH_PHASE,-1.7782,-1.1198,9.3986,5.8583
142,9.594,5.7018,0.5244,5.383,-1.7737,-1.1212,-1.2747,5.383,11.033,12.19,-3.6613,-5.3114,0.2,0.0,0.0,0.0,-1.8176,-1.1329,-1.164,2.4376,-0.4293,0,0,0,0.635,0.211,0.789,0,0,0.0,6,SEARCH_PHASE,-1.7737,-1.1212,9.3631,5.8358
143,9.656,5.6664,0.502,5.3584,-1.7708,-1.1215,-1.2292,5.358,10.991,12.141,-3.6613,-5.3114,0.2,0.0,0.0,0.0,-1.8164,-1.1321,-1.116,2.4138,-0.4062,0,0,0,0.634,0.208,0.792,0,0,0.0,6,SEARCH_PHASE,-1.7708,-1.1215,9.3277,5.8134
144,9.72,5.6311,0.4795,5.3348,-1.7658,-1.1233,-1.183,5.335,10.949,12.093,-3.6613,-5.3114,0.2,0.0,0.0,0.0,-1.8152,-1.1312,-1.068,2.3907,-0.4245,0,0,0,0.638,0.214,0.786,0,0,0.0,6,SEARCH_PHASE,-1.7658,-1.1233,9.2924,5.7909
145,9.788,5.5958,0.457,5.3121,-1.7628,-1.1244,-1.1362,5.312,10.907,12.046,-3.6613,-5.3114,0.2,0.0,0.0,0.0,-1.8141,-1.1304,-1.02,2.3683,-0.4013,0,0,0,0.627,0.208,0.792,0,0,0.0,6,SEARCH_PHASE,-1.7628,-1.1244,9.2571,5.7685
146,9.851,5.5607,0.4345,5.2903,-1.7577,-1.1266,-1.0892,5.29,10.866,11.999,-3.6613,-5.3114,0.2,0.0,0.0,0.0,-1.8129,-1.1296,-0.972,2.3468,-0.4294,0,0,0,0.639,0.212,0.788,0,0,0.0,6,SEARCH_PHASE,-1.7577,-1.1266,9.222,5.7459
147,9.912,5.5256,0.412,5.2694,-1.7544,-1.1276,-1.0419,5.269,10.824,11.952,-3.6613,-5.3114,0.2,0.0,0.0,0.0,-1.8117,-1.1287,-0.924,2.326,-0.4063,0,0,0,0.634,0.208,0.792,0,0,0.0,6,SEARCH_PHASE,-1.7544,-1.1276,9.1869,5.7234
148,9.975,5.4906,0.3894,5.2495,-1.7491,-1.1301,-0.9946,5.25,10.782,11.906,-3.6613,-5.3114,0.2,0.0,0.0,0.0,-1.8106,-1.1278,-0.876,2.306,-0.4131,0,0,0,0.639,0.211,0.789,0,0,0.0,6,SEARCH_PHASE,-1.7491,-1.1301,9.1519,5.7008
149,10.04,5.4557,0.3667,5.2306,-1.7458,-1.132,-0.9471,5.231,10.741,11.86,-3.6613,-5.3114,0.2,0.0,0.0,0.0,-1.8095,-1.1269,-0.828,2.2869,-0.3901,0,0,0,0.639,0.205,0.795,0,0,0.0,6,SEARCH_PHASE,-1.7458,-1.132,9.117,5.6781
150,10.102,5.4209,0.344,5.2126,-1.7409,-1.1336,-0.8996,5.213,10.699,11.815,-3.6613,-5.3114,0.2,0.0,0.0,0.0,-1.8083,-1.1261,-0.78,2.2686,-0.4188,0,0,0,0.643,0.21,0.79,0,0,0.0,6,SEARCH_PHASE,-1.7409,-1.1336,9.0822,5.6555
151,10.163,5.3861,0.3214,5.1956,-1.7383,-1.1328,-0.8519,5.196,10.658,11.77,-3.6613,-5.3114,0.2,0.0,0.0,0.0,-1.8072,-1.1252,-0.732,2.2512,-0.396,0,0,0,0.642,0.204,0.796,0,0,0.0,6,SEARCH_PHASE,-1.7383,-1.1328,9.0474,5.6328
152,10.226,5.3514,0.2987,5.1795,-1.7344,-1.1323,-0.8042,5.179,10.616,11.726,-3.6613,-5.3114,0.2,0.0,0.0,0.0,-1.8061,-1.1242,-0.684,2.2347,-0.4228,0,0,0,0.647,0.208,0.792,0,0,0.0,6,SEARCH_PHASE,-1.7344,-1.1323,9.0127,5.6102
153,10.288,5.3167,0.2761,5.1644,-1.7332,-1.13,-0.7565,5.164,10.575,11.682,-3.6613,-5.3114,0.2,0.0,0.0,0.0,-1.805,-1.1234,-0.636,2.2191,-0.4005,0,0,0,0.643,0.202,0.798,0,0,0.0,6,SEARCH_PHASE,-1.7332,-1.13,8.9781,5.5876
154,10.351,5.2821,0.2536,5.1502,-1.7302,-1.1283,-0.7088,5.15,10.533,11.639,-3.6613,-5.3114,0.2,0.0,0.0,0.0,-1.8039,-1.1225,-0.588,2.2045,-0.4272,0,0,0,0.649,0.207,0.793,0,0,0.0,6,SEARCH_PHASE,-1.7302,-1.1283,8.9434,5.565
155,10.413,5.2475,0.2311,5.137,-1.7296,-1.1251,-0.6612,5.137,10.492,11.596,-3.6613,-5.3114,0.2,0.0,0.0,0.0,-1.8028,-1.1216,-0.54,2.1908,-0.4052,0,0,0,0.644,0.204,0.796,0,0,0.0,6,SEARCH_PHASE,-1.7296,-1.1251,8.9089,5.5425
156,10.475,5.213,0.2086,5.1247,-1.7268,-1.1228,-0.6136,5.125,10.451,11.553,-3.6613,-5.3114,0.2,0.0,0.0,0.0,-1.8017,-1.1207,-0.492,2.1781,-0.4353,0,0,0,0.653,0.21,0.79,0,0,0.0,6,SEARCH_PHASE,-1.7268,-1.1228,8.8743,5.52
157,10.538,5.1785,0.1862,5.1134,-1.7259,-1.1193,-0.5659,5.113,10.41,11.511,-3.6613,-5.3114,0.2,0.0,0.0,0.0,-1.8005,-1.1198,-0.444,2.1663,-0.4136,0,0,0,0.65,0.208,0.792,0,0,0.0,6,SEARCH_PHASE,-1.7259,-1.1193,8.8398,5.4976
158,10.616,5.144,0.1639,5.103,-1.7239,-1.1174,-0.5188,5.103,10.369,11.47,-3.6613,-5.3114,0.2,0.0,0.0,0.0,-1.7994,-1.1189,-0.396,2.1556,-0.4335,0,0,0,0.655,0.206,0.794,0,0,0.0,6,SEARCH_PHASE,-1.7239,-1.1174,8.8053,5.4753
159,10.678,5.1095,0.1416,5.0936,-1.7249,-1.1151,-0.4709,5.094,10.328,11.428,-3.6613,-5.3114,0.2,0.0,0.0,0.0,-1.7983,-1.118,-0.348,2.1459,-0.4063,0,0,0,0.636,0.208,0.792,0,0,0.0,6,SEARCH_PHASE,-1.7249,-1.1151,8.7708,5.453
160,10.745,5.075,0.1193,5.0851,-1.7246,-1.1145,-0.423,5.085,10.287,11.388,-3.6613,-5.3114,0.2,0.0,0.0,0.0,-1.7972,-1.1172,-0.3,2.1373,-0.4258,0,0,0,0.646,0.21,0.79,0,0,0.0,6,SEARCH_PHASE,-1.7246,-1.1145,8.7363,5.4307
161,10.812,5.0405,0.097,5.0776,-1.7271,-1.1134,-0.376,5.078,10.246,11.347,-3.6613,-5.3114,0.2,0.0,0.0,0.0,-1.796,-1.1163,-0.252,2.1297,-0.4001,0,0,0,0.646,0.213,0.787,0,0,0.0,6,SEARCH_PHASE,-1.7271,-1.1134,8.7018,5.4084
162,10.874,5.0059,0.0747,5.071,-1.7281,-1.1143,-0.328,5.071,10.204,11.307,-3.6613,-5.3114,0.2,0.0,0.0,0.0,-1.7949,-1.1154,-0.204,2.1231,-0.4221,0,0,0,0.652,0.213,0.787,0,0,0.0,6,SEARCH_PHASE,-1.7281,-1.1143,8.6672,5.3862
163,10.938,4.9713,0.0524,5.0654,-1.7317,-1.1145,-0.2803,5.065,10.163,11.268,-3.6613,-5.3114,0.2,0.0,0.0,0.0,-1.7938,-1.1146,-0.156,2.1176,-0.3983,0,0,0,0.651,0.211,0.789,0,0,0.0,6,SEARCH_PHASE,-1.7317,-1.1145,8.6326,5.3639
164,11.001,4.9366,0.0301,5.0608,-1.7337,-1.1164,-0.2326,5.061,10.122,11.229,-3.6613,-5.3114,0.2,0.0,0.0,0.0,-1.7927,-1.1137,-0.108,2.1132,-0.4178,0,0,0,0.658,0.213,0.787,0,0,0.0,6,SEARCH_PHASE,-1.7337,-1.1164,8.5979,5.3415
165,11.064,4.9018,0.0078,5.0571,-1.7379,-1.1176,-0.1849,5.057,10.081,11.19,-3.6613,-5.3114,0.2,0.0,0.0,0.0,-1.7915,-1.1128,-0.06,2.1099,-0.3942,0,0,0,0.657,0.21,0.79,0,0,0.0,6,SEARCH_PHASE,-1.7379,-1.1176,8.5632,5.3192
166,11.125,4.867,-0.0146,5.0543,-1.7404,-1.1201,-0.1372,5.054,10.039,11.151,-3.6613,-5.3114,0.2,0.0,0.0,0.0,-1.7904,-1.112,-0.012,2.1076,-0.421,0,0,0,0.662,0.216,0.784,0,0,0.0,6,SEARCH_PHASE,-1.7404,-1.1201,8.5284,5.2968
167,11.186,4.8321,-0.0371,5.0525,-1.7451,-1.1214,-0.0897,5.053,9.998,11.113,-3.6613,-5.3114,0.2,0.0,0.0,0.0,-1.7893,-1.1111,0.036,2.1065,-0.3976,0,0,0,0.659,0.213,0.787,0,0,0.0,6,SEARCH_PHASE,-1.7451,-1.1214,8.4935,5.2744
168,11.247,4.7972,-0.0595,5.0517,-1.7475,-1.1243,-0.0422,5.052,9.956,11.076,-3.6613,-5.3114,0.2,0.0,0.0,0.0,-1.7881,-1.1102,0.084,2.1064,-0.4037,0,0,0,0.659,0.213,0.787,0,0,0.0,6,SEARCH_PHASE,-1.7475,-1.1243,8.4585,5.2519
169,11.31,4.7621,-0.0821,5.0518,-1.7517,-1.1265,0.0048,5.052,9.915,11.038,-3.6613,-5.3114,0.2,0.0,0.0,0.0,-1.787,-1.1094,0.132,2.1075,-0.3824,0,0,0,0.518,0.208,0.792,0,0,0.0,6,SEARCH_PHASE,-1.7517,-1.1265,8.4235,5.2293
170,11.372,4.7271,-0.1046,5.0528,-1.754,-1.1285,0.0528,5.053,9.873,11.001,-3.6613,-5.3114,0.2,0.0,0.0,0.0,-1.7858,-1.1085,0.18,2.1096,-0.4138,0,0,0,0.518,0.208,0.792,0,0,0.0,6,SEARCH_PHASE,-1.754,-1.1285,8.3884,5.2068
171,11.435,4.6919,-0.1272,5.0549,-1.7586,-1.1278,0.1006,5.055,9.831,10.965,-3.6613,-5.3114,0.2,0.0,0.0,0.0,-1.7847,-1.1076,0.228,2.1128,-0.3963,0,0,0,0.512,0.207,0.793,0,0,0.0,6,SEARCH_PHASE,-1.7586,-1.1278,8.3532,5.1842
172,11.504,4.6567,-0.1497,5.0578,-1.7611,-1.127,0.1479,5.058,9.789,10.928,-3.6613,-5.3114,0.2,0.0,0.0,0.0,-1.7835,-1.1068,0.276,2.1171,-0.4186,0,0,0,0.513,0.212,0.788,0,0,0.0,6,SEARCH_PHASE,-1.7611,-1.127,8.318,5.1617
173,11.566,4.6214,-0.1722,5.0617,-1.7655,-1.124,0.1959,5.062,9.748,10.893,-3.6613,-5.3114,0.2,0.0,0.0,0.0,-1.7824,-1.1059,0.324,2.1224,-0.3943,0,0,0,0.507,0.209,0.791,0,0,0.0,6,SEARCH_PHASE,-1.7655,-1.124,8.2827,5.1392
174,11.628,4.586,-0.1946,5.0666,-1.7677,-1.121,0.2437,5.067,9.706,10.857,-3.6613,-5.3114,0.2,0.0,0.0,0.0,-1.7812,-1.1051,0.372,2.1289,-0.4176,0,0,0,0.509,0.211,0.789,0,0,0.0,6,SEARCH_PHASE,-1.7677,-1.121,8.2473,5.1168
175,11.689,4.5506,-0.217,5.0724,-1.7717,-1.1158,0.2915,5.072,9.664,10.823,-3.6613,-5.3114,0.2,0.0,0.0,0.0,-1.78,-1.1043,0.42,2.1364,-0.3929,0,0,0,0.503,0.206,0.794,0,0,0.0,6,SEARCH_PHASE,-1.7717,-1.1158,8.2119,5.0945
176,11.751,4.5151,-0.2392,5.0792,-1.7731,-1.111,0.3393,5.079,9.622,10.788,-3.6613,-5.3114,0.2,0.0,0.0,0.0,-1.7788,-1.1035,0.468,2.1449,-0.417,0,0,0,0.506,0.205,0.795,0,0,0.0,6,SEARCH_PHASE,-1.7731,-1.111,8.1764,5.0722
177,11.812,4.4796,-0.2613,5.087,-1.7758,-1.1044,0.3868,5.087,9.58,10.755,-3.6613,-5.3114,0.2,0.0,0.0,0.0,-1.7776,-1.1027,0.516,2.1545,-0.3922,0,0,0,0.501,0.201,0.799,0,0,0.0,6,SEARCH_PHASE,-1.7758,-1.1044,8.1409,5.0501
178,11.875,4.4441,-0.2832,5.0957,-1.7755,-1.0985,0.4346,5.096,9.538,10.721,-3.6613,-5.3114,0.2,0.0,0.0,0.0,-1.7763,-1.102,0.564,2.1651,-0.4181,0,0,0,0.505,0.196,0.804,0,0,0.0,6,SEARCH_PHASE,-1.7755,-1.0985,8.1054,5.0282
179,11.937,4.4086,-0.3051,5.1053,-1.7762,-1.0911,0.4823,5.105,9.497,10.689,-3.6613,-5.3114,0.2,0.0,0.0,0.0,-1.7751,-1.1012,0.612,2.1768,-0.3932,0,0,0,0.502,0.198,0.802,0,0,0.0,6,SEARCH_PHASE,-1.7762,-1.0911,8.0699,5.0064
180,11.999,4.3731,-0.3268,5.1159,-1.7734,-1.0847,0.5299,5.116,9.455,10.657,-3.6613,-5.3114,0.2,0.0,0.0,0.0,-1.7739,-1.1005,0.66,2.1894,-0.4229,0,0,0,0.506,0.204,0.796,0,0,0.0,6,SEARCH_PHASE,-1.7734,-1.0847,8.0344,4.9847
181,12.061,4.3377,-0.3483,5.1275,-1.7713,-1.0772,0.5777,5.127,9.414,10.625,-3.6613,-5.3114,0.2,0.0,0.0,0.0,-1.7726,-1.0998,0.708,2.203,-0.3974,0,0,0,0.506,0.2,0.8,0,0,0.0,6,SEARCH_PHASE,-1.7713,-1.0772,7.999,4.9631
182,12.122,4.3023,-0.3697,5.14,-1.7669,-1.0715,0.6254,5.14,9.372,10.594,-3.6613,-5.3114,0.2,0.0,0.0,0.0,-1.7713,-1.0992,0.756,2.2175,-0.4246,0,0,0,0.508,0.202,0.798,0,0,0.0,6,SEARCH_PHASE,-1.7669,-1.0715,7.9637,4.9417
183,12.183,4.267,-0.391,5.1534,-1.7643,-1.0653,0.6732,5.153,9.331,10.564,-3.6613,-5.3114,0.2,0.0,0.0,0.0,-1.7701,-1.0985,0.804,2.233,-0.399,0,0,0,0.505,0.202,0.798,0,0,0.0,6,SEARCH_PHASE,-1.7643,-1.0653,7.9284,4.9204
184,12.244,4.2319,-0.4123,5.1678,-1.759,-1.0611,0.7209,5.168,9.29,10.535,-3.6613,-5.3114,0.2,0.0,0.0,0.0,-1.7688,-1.0979,0.852,2.2494,-0.4267,0,0,0,0.511,0.205,0.795,0,0,0.0,6,SEARCH_PHASE,-1.759,-1.0611,7.8932,4.8992
185,12.305,4.1968,-0.4334,5.1832,-1.7552,-1.0568,0.7687,5.183,9.249,10.506,-3.6613,-5.3114,0.2,0.0,0.0,0.0,-1.7676,-1.0972,0.9,2.2668,-0.4008,0,0,0,0.51,0.203,0.797,0,0,0.0,6,SEARCH_PHASE,-1.7552,-1.0568,7.8581,4.878
186,12.367,4.1618,-0.4545,5.1995,-1.7483,-1.055,0.8162,5.2,9.208,10.478,-3.6613,-5.3114,0.2,0.0,0.0,0.0,-1.7663,-1.0966,0.948,2.285,-0.4267,0,0,0,0.515,0.205,0.795,0,0,0.0,6,SEARCH_PHASE,-1.7483,-1.055,7.8231,4.8569
187,12.429,4.1269,-0.4756,5.2168,-1.7424,-1.0533,0.864,5.217,9.167,10.45,-3.6613,-5.3114,0.2,0.0,0.0,0.0,-1.7651,-1.096,0.996,2.304,-0.4003,0,0,0,0.512,0.208,0.792,0,0,0.0,6,SEARCH_PHASE,-1.7424,-1.0533,7.7883,4.8359
188,12.491,4.0922,-0.4966,5.2351,-1.7351,-1.0542,0.9116,5.235,9.127,10.424,-3.6613,-5.3114,0.2,0.0,0.0,0.0,-1.7638,-1.0953,1.044,2.3239,-0.4211,0,0,0,0.516,0.212,0.788,0,0,0.0,6,SEARCH_PHASE,-1.7351,-1.0542,7.7536,4.8148
189,12.553,4.0576,-0.5177,5.2542,-1.7303,-1.0554,0.9593,5.254,9.086,10.397,-3.6613,-5.3114,0.2,0.0,0.0,0.0,-1.7626,-1.0946,1.092,2.3447,-0.3949,0,0,0,0.512,0.206,0.794,0,0,0.0,6,SEARCH_PHASE,-1.7303,-1.0554,7.719,4.7937
190,12.615,4.0232,-0.5389,5.2744,-1.724,-1.0587,1.007,5.274,9.046,10.372,-3.6613,-5.3114,0.2,0.0,0.0,0.0,-1.7614,-1.0939,1.14,2.3662,-0.418,0,0,0,0.516,0.211,0.789,0,0,0.0,6,SEARCH_PHASE,-1.724,-1.0587,7.6845,4.7725
191,12.68,3.9888,-0.5602,5.2955,-1.7201,-1.0617,1.0542,5.295,9.005,10.347,-3.6613,-5.3114,0.2,0.0,0.0,0.0,-1.7602,-1.0932,1.188,2.3885,-0.3931,0,0,0,0.511,0.207,0.793,0,0,0.0,6,SEARCH_PHASE,-1.7201,-1.0617,7.6501,4.7513
192,12.742,3.9545,-0.5815,5.3175,-1.7143,-1.0666,1.1019,5.318,8.965,10.323,-3.6613,-5.3114,0.2,0.0,0.0,0.0,-1.759,-1.0925,1.236,2.4115,-0.413,0,0,0,0.513,0.21,0.79,0,0,0.0,6,SEARCH_PHASE,-1.7143,-1.0666,7.6158,4.7299
193,12.806,3.9203,-0.6029,5.3405,-1.7108,-1.0709,1.1495,5.34,8.925,10.299,-3.6613,-5.3114,0.2,0.0,0.0,0.0,-1.7579,-1.0917,1.284,2.4353,-0.389,0,0,0,0.507,0.205,0.795,0,0,0.0,6,SEARCH_PHASE,-1.7108,-1.0709,7.5816,4.7085
194,12.869,3.8861,-0.6244,5.3644,-1.7055,-1.0764,1.1972,5.364,8.884,10.276,-3.6613,-5.3114,0.2,0.0,0.0,0.0,-1.7567,-1.0909,1.332,2.4598,-0.4192,0,0,0,0.509,0.21,0.79,0,0,0.0,6,SEARCH_PHASE,-1.7055,-1.0764,7.5475,4.687
195,12.931,3.8521,-0.646,5.3893,-1.7024,-1.0805,1.2448,5.389,8.844,10.254,-3.6613,-5.3114,0.2,0.0,0.0,0.0,-1.7556,-1.0901,1.38,2.4849,-0.3957,0,0,0,0.508,0.205,0.795,0,0,0.0,6,SEARCH_PHASE,-1.7024,-1.0805,7.5134,4.6654
196,12.993,3.8182,-0.6678,5.4152,-1.697,-1.0861,1.2922,5.415,8.804,10.233,-3.6613,-5.3114,0.2,0.0,0.0,0.0,-1.7545,-1.0893,1.428,2.5108,-0.4018,0,0,0,0.508,0.205,0.795,0,0,0.0,6,SEARCH_PHASE,-1.697,-1.0861,7.4795,4.6437
197,13.057,3.7843,-0.6896,5.442,-1.6934,-1.0907,1.3398,5.442,8.763,10.212,-3.6613,-5.3114,0.2,0.0,0.0,0.0,-1.7534,-1.0884,1.476,2.5372,-0.3788,0,0,0,0.513,0.2,0.8,0,0,0.0,6,SEARCH_PHASE,-1.6934,-1.0907,7.4456,4.6218
198,13.12,3.7505,-0.7115,5.4697,-1.6879,-1.0946,1.3874,5.47,8.723,10.191,-3.6613,-5.3114,0.2,0.0,0.0,0.0,-1.7523,-1.0875,1.428,2.5085,-0.4112,0,0,0,0.51,0.198,0.802,0,0,0.0,6,SEARCH_PHASE,-1.6879,-1.0946,7.4119,4.5999
199,13.182,3.7168,-0.7334,5.4977,-1.6845,-1.095,1.3996,5.498,8.683,10.172,-3.6613,-5.3114,0.2,0.0,0.0,0.0,-1.7513,-1.0866,1.38,2.4803,-0.3909,0,0,0,0.508,0.196,0.804,0,0,0.0,6,SEARCH_PHASE,-1.6845,-1.095,7.3782,4.578
200,13.243,3.6832,-0.7553,5.5255,-1.6802,-1.095,1.3896,5.526,8.643,10.152,-3.6613,-5.3114,0.2,0.0,0.0,0.0,-1.7502,-1.0857,1.332,2.4528,-0.4168,0,0,0,0.506,0.2,0.8,0,0,0.0,6,SEARCH_PHASE,-1.6802,-1.095,7.3446,4.5561
201,13.306,3.6497,-0.7771,5.5528,-1.6779,-1.0932,1.3655,5.553,8.603,10.132,-3.6613,-5.3114,0.2,0.0,0.0,0.0,-1.7491,-1.0848,1.284,2.4259,-0.3992,0,0,0,0.508,0.202,0.798,0,0,0.0,6,SEARCH_PHASE,-1.6779,-1.0932,7.311,4.5343
202,13.37,3.6162,-0.799,5.5795,-1.6748,-1.0915,1.3326,5.579,8.563,10.113,-3.6613,-5.3114,0.2,0.0,0.0,0.0,-1.7481,-1.0839,1.236,2.3997,-0.4266,0,0,0,0.507,0.202,0.798,0,0,0.0,6,SEARCH_PHASE,-1.6748,-1.0915,7.2775,4.5125
203,13.432,3.5827,-0.8207,5.6054,-1.6732,-1.0886,1.2944,5.605,8.523,10.093,-3.6613,-5.3114,0.2,0.0,0.0,0.0,-1.747,-1.083,1.188,2.3741,-0.4106,0,0,0,0.51,0.198,0.802,0,0,0.0,6,SEARCH_PHASE,-1.6732,-1.0886,7.244,4.4907
204,13.493,3.5493,-0.8425,5.6304,-1.6717,-1.0863,1.2526,5.63,8.483,10.072,-3.6613,-5.3114,0.2,0.0,0.0,0.0,-1.746,-1.0821,1.14,2.3492,-0.4239,0,0,0,0.515,0.2,0.8,0,0,0.0,6,SEARCH_PHASE,-1.6717,-1.0863,7.2106,4.469
205,13.556,3.5158,-0.8641,5.6546,-1.6723,-1.0833,1.2081,5.655,8.443,10.052,-3.6613,-5.3114,0.2,0.0,0.0,0.0,-1.7449,-1.0812,1.092,2.3251,-0.4026,0,0,0,0.522,0.196,0.804,0,0,0.0,6,SEARCH_PHASE,-1.6723,-1.0833,7.1772,4.4473
206,13.618,3.4824,-0.8857,5.6778,-1.6731,-1.0809,1.1632,5.678,8.404,10.031,-3.6613,-5.3114,0.2,0.0,0.0,0.0,-1.7438,-1.0803,1.044,2.3018,-0.4219,0,0,0,0.523,0.195,0.805,0,0,0.0,6,SEARCH_PHASE,-1.6731,-1.0809,7.1437,4.4257
207,13.682,3.4489,-0.9073,5.7002,-1.6761,-1.0777,1.117,5.7,8.364,10.01,-3.6613,-5.3114,0.2,0.0,0.0,0.0,-1.7428,-1.0795,0.996,2.2791,-0.3994,0,0,0,0.528,0.197,0.803,0,0,0.0,6,SEARCH_PHASE,-1.6761,-1.0777,7.1102,4.4041
208,13.744,3.4153,-0.9288,5.7216,-1.679,-1.0751,1.0704,5.722,8.324,9.989,-3.6613,-5.3114,0.2,0.0,0.0,0.0,-1.7417,-1.0786,0.948,2.2573,-0.4185,0,0,0,0.528,0.194,0.806,0,0,0.0,6,SEARCH_PHASE,-1.679,-1.0751,7.0766,4.3826
209,13.805,3.3816,-0.9502,5.742,-1.6832,-1.0717,1.0234,5.742,8.284,9.967,-3.6613,-5.3114,0.2,0.0,0.0,0.0,-1.7406,-1.0778,0.9,2.2364,-0.4004,0,0,0,0.523,0.188,0.812,0,0,0.0,6,SEARCH_PHASE,-1.6832,-1.0717,7.0429,4.3612
210,13.867,3.3479,-0.9716,5.7616,-1.6865,-1.0688,0.9761,5.762,8.244,9.945,-3.6613,-5.3114,0.2,0.0,0.0,0.0,-1.7395,-1.077,0.852,2.2162,-0.4197,0,0,0,0.523,0.189,0.811,0,0,0.0,6,SEARCH_PHASE,-1.6865,-1.0688,7.0092,4.3398
211,13.929,3.3141,-0.9929,5.7801,-1.6908,-1.0653,0.9286,5.78,8.204,9.922,-3.6613,-5.3114,0.2,0.0,0.0,0.0,-1.7383,-1.0762,0.804,2.1969,-0.4017,0,0,0,0.519,0.189,0.811,0,0,0.0,6,SEARCH_PHASE,-1.6908,-1.0653,6.9754,4.3185
212,13.992,3.2802,-1.0142,5.7978,-1.6938,-1.0625,0.8811,5.798,8.164,9.899,-3.6613,-5.3114,0.2,0.0,0.0,0.0,-1.7372,-1.0754,0.756,2.1785,-0.4213,0,0,0,0.52,0.189,0.811,0,0,0.0,6,SEARCH_PHASE,-1.6938,-1.0625,6.9415,4.2972
213,14.055,3.2462,-1.0354,5.8144,-1.6976,-1.0593,0.8335,5.814,8.124,9.875,-3.6613,-5.3114,0.2,0.0,0.0,0.0,-1.736,-1.0747,0.708,2.161,-0.4032,0,0,0,0.518,0.187,0.813,0,0,0.0,6,SEARCH_PHASE,-1.6976,-1.0593,6.9076,4.2761
214,14.118,3.2122,-1.0565,5.8302,-1.6999,-1.0569,0.7859,5.83,8.084,9.851,-3.6613,-5.3114,0.2,0.0,0.0,0.0,-1.7349,-1.0739,0.66,2.1445,-0.4233,0,0,0,0.518,0.187,0.813,0,0,0.0,6,SEARCH_PHASE,-1.6999,-1.0569,6.8736,4.2549
215,14.182,3.1782,-1.0776,5.8449,-1.7028,-1.0544,0.7383,5.845,8.044,9.827,-3.6613,-5.3114,0.2,0.0,0.0,0.0,-1.7337,-1.0732,0.612,2.1289,-0.405,0,0,0,0.517,0.191,0.809,0,0,0.0,6,SEARCH_PHASE,-1.7028,-1.0544,6.8395,4.2338
216,14.243,3.1441,-1.0986,5.8587,-1.7039,-1.0528,0.6904,5.859,8.004,9.802,-3.6613,-5.3114,0.2,0.0,0.0,0.0,-1.7325,-1.0725,0.564,2.1142,-0.419,0,0,0,0.516,0.189,0.811,0,0,0.0,6,SEARCH_PHASE,-1.7039,-1.0528,6.8054,4.2128
217,14.305,3.11,-1.1197,5.8716,-1.7052,-1.0513,0.6429,5.872,7.964,9.777,-3.6613,-5.3114,0.2,0.0,0.0,0.0,-1.7314,-1.0718,0.516,2.1006,-0.4004,0,0,0,0.521,0.193,0.807,0,0,0.0,6,SEARCH_PHASE,-1.7052,-1.0513,6.7713,4.1918
218,14.369,3.0759,-1.1407,5.8835,-1.7055,-1.0506,0.5953,5.883,7.924,9.751,-3.6613,-5.3114,0.2,0.0,0.0,0.0,-1.7302,-1.0711,0.468,2.088,-0.4213,0,0,0,0.518,0.193,0.807,0,0,0.0,6,SEARCH_PHASE,-1.7055,-1.0506,6.7372,4.1707
219,14.434,3.0418,-1.1617,5.8944,-1.7068,-1.0496,0.5477,5.894,7.884,9.725,-3.6613,-5.3114,0.2,0.0,0.0,0.0,-1.729,-1.0704,0.42,2.0764,-0.4028,0,0,0,0.523,0.197,0.803,0,0,0.0,6,SEARCH_PHASE,-1.7068,-1.0496,6.7031,4.1497
220,14.497,3.0076,-1.1827,5.9044,-1.7068,-1.0497,0.5,5.904,7.844,9.699,-3.6613,-5.3114,0.2,0.0,0.0,0.0,-1.7278,-1.0697,0.372,2.0659,-0.4158,0,0,0,0.521,0.194,0.806,0,0,0.0,6,SEARCH_PHASE,-1.7068,-1.0497,6.6689,4.1288
221,14.559,2.9735,-1.2037,5.9135,-1.7074,-1.0496,0.4521,5.913,7.803,9.672,-3.6613,-5.3114,0.2,0.0,0.0,0.0,-1.7266,-1.069,0.324,2.0564,-0.3976,0,0,0,0.525,0.194,0.806,0,0,0.0,6,SEARCH_PHASE,-1.7074,-1.0496,6.6348,4.1078
222,14.623,2.9393,-1.2247,5.9216,-1.7068,-1.0503,0.4046,5.922,7.763,9.644,-3.6613,-5.3114,0.2,0.0,0.0,0.0,-1.7254,-1.0683,0.276,2.048,-0.4197,0,0,0,0.523,0.195,0.805,0,0,0.0,6,SEARCH_PHASE,-1.7068,-1.0503,6.6007,4.0868
223,14.686,2.9052,-1.2457,5.9287,-1.7066,-1.0506,0.357,5.929,7.723,9.616,-3.6613,-5.3114,0.2,0.0,0.0,0.0,-1.7242,-1.0676,0.228,2.0408,-0.4019,0,0,0,0.527,0.194,0.806,0,0,0.0,6,SEARCH_PHASE,-1.7066,-1.0506,6.5665,4.0657
224,14.753,2.8711,-1.2667,5.9349,-1.705,-1.0517,0.3091,5.935,7.683,9.588,-3.6613,-5.3114,0.2,0.0,0.0,0.0,-1.7231,-1.0669,0.18,2.0346,-0.409,0,0,0,0.525,0.195,0.805,0,0,0.0,6,SEARCH_PHASE,-1.705,-1.0517,6.5324,4.0447
225,14.816,2.837,-1.2878,5.9401,-1.7036,-1.0526,0.2613,5.94,7.643,9.559,-3.6613,-5.3114,0.2,0.0,0.0,0.0,-1.7219,-1.0662,0.132,2.0295,-0.3916,0,0,0,0.528,0.196,0.804,0,0,0.0,6,SEARCH_PHASE,-1.7036,-1.0526,6.4984,4.0237
226,14.878,2.803,-1.3088,5.9444,-1.7015,-1.0536,0.2138,5.944,7.603,9.529,-3.6613,-5.3114,0.2,0.0,0.0,0.0,-1.7207,-1.0654,0.084,2.0256,-0.4144,0,0,0,0.525,0.192,0.808,0,0,0.0,6,SEARCH_PHASE,-1.7015,-1.0536,6.4643,4.0026
227,14.94,2.769,-1.3299,5.9477,-1.7004,-1.0537,0.1662,5.948,7.563,9.499,-3.6613,-5.3114,0.2,0.0,0.0,0.0,-1.7195,-1.0647,0.036,2.0228,-0.3977,0,0,0,0.529,0.196,0.804,0,0,0.0,6,SEARCH_PHASE,-1.7004,-1.0537,6.4303,3.9815
228,15.002,2.735,-1.351,5.9501,-1.6982,-1.054,0.1186,5.95,7.523,9.469,-3.6613,-5.3114,0.2,0.0,0.0,0.0,-1.7184,-1.064,-0.012,2.0211,-0.4203,0,0,0,0.525,0.193,0.807,0,0,0.0,6,SEARCH_PHASE,-1.6982,-1.054,6.3964,3.9604
229,15.065,2.7011,-1.3721,5.9515,-1.6969,-1.0535,0.071,5.952,7.483,9.438,-3.6613,-5.3114,0.2,0.0,0.0,0.0,-1.7172,-1.0632,-0.06,2.0206,-0.4039,0,0,0,0.528,0.193,0.807,0,0,0.0,6,SEARCH_PHASE,-1.6969,-1.0535,6.3624,3.9394
230,15.128,2.6672,-1.3931,5.952,-1.6942,-1.0534,0.0231,5.952,7.443,9.407,-3.6613,-5.3114,0.2,0.0,0.0,0.0,-1.7161,-1.0625,-0.108,2.0213,-0.429,0,0,0,0.525,0.188,0.812,0,0,0.0,6,SEARCH_PHASE,-1.6942,-1.0534,6.3285,3.9183
231,15.193,2.6334,-1.4142,5.9515,-1.6921,-1.0528,-0.0245,5.951,7.403,9.375,-3.6613,-5.3114,0.2,0.0,0.0,0.0,-1.7149,-1.0618,-0.156,2.023,-0.4126,0,0,0,0.528,0.193,0.807,0,0,0.0,6,SEARCH_PHASE,-1.6921,-1.0528,6.2947,3.8972
232,15.258,2.5996,-1.4352,5.95,-1.6892,-1.0529,-0.0728,5.95,7.364,9.343,-3.6613,-5.3114,0.2,0.0,0.0,0.0,-1.7138,-1.061,-0.204,2.0259,-0.4209,0,0,0,0.528,0.193,0.807,0,0,0.0,6,SEARCH_PHASE,-1.6892,-1.0529,6.2609,3.8762
233,15.323,2.5658,-1.4563,5.9476,-1.6874,-1.0528,-0.1208,5.948,7.324,9.31,-3.6613,-5.3114,0.2,0.0,0.0,0.0,-1.7126,-1.0603,-0.252,2.03,-0.4007,0,0,0,0.523,0.199,0.801,0,0,0.0,6,SEARCH_PHASE,-1.6874,-1.0528,6.2272,3.8551
234,15.386,2.5321,-1.4774,5.9443,-1.6849,-1.0531,-0.168,5.944,7.284,9.277,-3.6613,-5.3114,0.2,0.0,0.0,0.0,-1.7115,-1.0595,-0.3,2.0351,-0.4207,0,0,0,0.522,0.192,0.808,0,0,0.0,6,SEARCH_PHASE,-1.6849,-1.0531,6.1935,3.8341
235,15.45,2.4985,-1.4984,5.94,-1.6836,-1.0528,-0.2155,5.94,7.244,9.243,-3.6613,-5.3114,0.2,0.0,0.0,0.0,-1.7104,-1.0587,-0.348,2.0414,-0.4017,0,0,0,0.516,0.19,0.81,0,0,0.0,6,SEARCH_PHASE,-1.6836,-1.0528,6.1598,3.813
236,15.513,2.4648,-1.5195,5.9347,-1.6814,-1.0529,-0.263,5.935,7.205,9.208,-3.6613,-5.3114,0.2,0.0,0.0,0.0,-1.7092,-1.058,-0.396,2.0488,-0.4219,0,0,0,0.516,0.188,0.812,0,0,0.0,6,SEARCH_PHASE,-1.6814,-1.0529,6.1262,3.7919
237,15.575,2.4312,-1.5405,5.9285,-1.6802,-1.0525,-0.3106,5.928,7.165,9.174,-3.6613,-5.3114,0.2,0.0,0.0,0.0,-1.7081,-1.0572,-0.444,2.0573,-0.403,0,0,0,0.511,0.191,0.809,0,0,0.0,6,SEARCH_PHASE,-1.6802,-1.0525,6.0926,3.7709
238,15.637,2.3977,-1.5616,5.9213,-1.6778,-1.0529,-0.3584,5.921,7.126,9.138,-3.6613,-5.3114,0.2,0.0,0.0,0.0,-1.707,-1.0564,-0.492,2.0669,-0.407,0,0,0,0.511,0.189,0.811,0,0,0.0,6,SEARCH_PHASE,-1.6778,-1.0529,6.059,3.7498
239,15.701,2.3642,-1.5826,5.9132,-1.6761,-1.0529,-0.4067,5.913,7.086,9.102,-3.6613,-5.3114,0.2,0.0,0.0,0.0,-1.7059,-1.0556,-0.54,2.0775,-0.3911,0,0,0,0.513,0.192,0.808,0,0,0.0,6,SEARCH_PHASE,-1.6761,-1.0529,6.0255,3.7288
240,15.764,2.3307,-1.6037,5.9041,-1.6736,-1.0528,-0.454,5.904,7.046,9.066,-3.6613,-5.3114,0.2,0.0,0.0,0.0,-1.7047,-1.0549,-0.588,2.0892,-0.4162,0,0,0,0.515,0.195,0.805,0,0,0.0,6,SEARCH_PHASE,-1.6736,-1.0528,5.992,3.7077
241,15.827,2.2972,-1.6247,5.8941,-1.6722,-1.0515,-0.5015,5.894,7.007,9.029,-3.6613,-5.3114,0.2,0.0,0.0,0.0,-1.7036,-1.0541,-0.636,2.1019,-0.4038,0,0,0,0.515,0.194,0.806,0,0,0.0,6,SEARCH_PHASE,-1.6722,-1.0515,5.9586,3.6867
242,15.889,2.2638,-1.6457,5.8831,-1.67,-1.0502,-0.5491,5.883,6.967,8.991,-3.6613,-5.3114,0.2,0.0,0.0,0.0,-1.7025,-1.0533,-0.684,2.1156,-0.4203,0,0,0,0.511,0.194,0.806,0,0,0.0,6,SEARCH_PHASE,-1.67,-1.0502,5.9252,3.6657
243,15.95,2.2305,-1.6667,5.8711,-1.6686,-1.0479,-0.5972,5.871,6.928,8.953,-3.6613,-5.3114,0.2,0.0,0.0,0.0,-1.7014,-1.0525,-0.732,2.1304,-0.4,0,0,0,0.515,0.188,0.812,0,0,0.0,6,SEARCH_PHASE,-1.6686,-1.0479,5.8918,3.6447
244,16.012,2.1971,-1.6876,5.8582,-1.6667,-1.0459,-0.6446,5.858,6.889,8.915,-3.6613,-5.3114,0.2,0.0,0.0,0.0,-1.7003,-1.0517,-0.78,2.1461,-0.4188,0,0,0,0.513,0.19,0.81,0,0,0.0,6,SEARCH_PHASE,-1.6667,-1.0459,5.8585,3.6238
245,16.074,2.1638,-1.7085,5.8444,-1.666,-1.043,-0.6921,5.844,6.849,8.875,-3.6613,-5.3114,0.2,0.0,0.0,0.0,-1.6992,-1.051,-0.828,2.1627,-0.3994,0,0,0,0.517,0.191,0.809,0,0,0.0,6,SEARCH_PHASE,-1.666,-1.043,5.8251,3.603
246,16.136,2.1305,-1.7293,5.8296,-1.6645,-1.0405,-0.7396,5.83,6.81,8.836,-3.6613,-5.3114,0.2,0.0,0.0,0.0,-1.6981,-1.0502,-0.876,2.1803,-0.4186,0,0,0,0.517,0.196,0.804,0,0,0.0,6,SEARCH_PHASE,-1.6645,-1.0405,5.7918,3.5821
247,16.2,2.0972,-1.75,5.8139,-1.6641,-1.0373,-0.7874,5.814,6.771,8.795,-3.6613,-5.3114,0.2,0.0,0.0,0.0,-1.6969,-1.0495,-0.924,2.1988,-0.3994,0,0,0,0.52,0.193,0.807,0,0,0.0,6,SEARCH_PHASE,-1.6641,-1.0373,5.7586,3.5614
248,16.268,2.064,-1.7707,5.7972,-1.6626,-1.0346,-0.835,5.797,6.732,8.755,-3.6613,-5.3114,0.2,0.0,0.0,0.0,-1.6958,-1.0487,-0.972,2.2182,-0.4206,0,0,0,0.518,0.196,0.804,0,0,0.0,6,SEARCH_PHASE,-1.6626,-1.0346,5.7253,3.5407
249,16.336,2.0308,-1.7913,5.7795,-1.6619,-1.0315,-0.8826,5.78,6.693,8.713,-3.6613,-5.3114,0.2,0.0,0.0,0.0,-1.6947,-1.048,-1.02,2.2385,-0.4015,0,0,0,0.513,0.195,0.805,0,0,0.0,6,SEARCH_PHASE,-1.6619,-1.0315,5.6921,3.5201
250,16.406,1.9976,-1.8119,5.7609,-1.6602,-1.0291,-0.9302,5.761,6.654,8.671,-3.6613,-5.3114,0.2,0.0,0.0,0.0,-1.6935,-1.0473,-1.068,2.2595,-0.422,0,0,0,0.512,0.196,0.804,0,0,0.0,6,SEARCH_PHASE,-1.6602,-1.0291,5.6589,3.4995
251,16.474,1.9644,-1.8324,5.7414,-1.6594,-1.0264,-0.9778,5.741,6.614,8.629,-3.6613,-5.3114,0.2,0.0,0.0,0.0,-1.6924,-1.0466,-1.116,2.2815,-0.403,0,0,0,0.507,0.195,0.805,0,0,0.0,6,SEARCH_PHASE,-1.6594,-1.0264,5.6257,3.479
252,16.536,1.9312,-1.8529,5.7208,-1.6574,-1.0247,-1.0256,5.721,6.576,8.586,-3.6613,-5.3114,0.2,0.0,0.0,0.0,-1.6913,-1.0459,-1.164,2.3042,-0.4232,0,0,0,0.506,0.192,0.808,0,0,0.0,6,SEARCH_PHASE,-1.6574,-1.0247,5.5925,3.4585
253,16.598,1.8981,-1.8734,5.6994,-1.656,-1.0229,-1.0731,5.699,6.537,8.542,-3.6613,-5.3114,0.2,0.0,0.0,0.0,-1.6901,-1.0452,-1.212,2.3276,-0.404,0,0,0,0.503,0.196,0.804,0,0,0.0,6,SEARCH_PHASE,-1.656,-1.0229,5.5594,3.438
254,16.659,1.865,-1.8938,5.677,-1.654,-1.0223,-1.1208,5.677,6.498,8.498,-3.6613,-5.3114,0.2,0.0,0.0,0.0,-1.689,-1.0445,-1.26,2.3519,-0.4169,0,0,0,0.504,0.193,0.807,0,0,0.0,6,SEARCH_PHASE,-1.654,-1.0223,5.5263,3.4176
255,16.721,1.832,-1.9143,5.6536,-1.6532,-1.0217,-1.1688,5.654,6.459,8.453,-3.6613,-5.3114,0.2,0.0,0.0,0.0,-1.6878,-1.0438,-1.308,2.3768,-0.3987,0,0,0,0.505,0.199,0.801,0,0,0.0,6,SEARCH_PHASE,-1.6532,-1.0217,5.4933,3.3971
256,16.784,1.7989,-1.9347,5.6293,-1.6516,-1.0218,-1.2162,5.629,6.42,8.408,-3.6613,-5.3114,0.2,0.0,0.0,0.0,-1.6867,-1.0431,-1.356,2.4025,-0.4217,0,0,0,0.503,0.196,0.804,0,0,0.0,6,SEARCH_PHASE,-1.6516,-1.0218,5.4602,3.3767
257,16.845,1.7659,-1.9552,5.604,-1.6512,-1.0217,-1.2637,5.604,6.381,8.362,-3.6613,-5.3114,0.2,0.0,0.0,0.0,-1.6856,-1.0424,-1.404,2.4288,-0.405,0,0,0,0.503,0.194,0.806,0,0,0.0,6,SEARCH_PHASE,-1.6512,-1.0217,5.4272,3.3563
258,16.91,1.7329,-1.9756,5.5778,-1.6499,-1.0225,-1.3114,5.578,6.342,8.315,-3.6613,-5.3114,0.2,0.0,0.0,0.0,-1.6844,-1.0417,-1.452,2.4558,-0.4149,0,0,0,0.5,0.195,0.805,0,0,0.0,6,SEARCH_PHASE,-1.6499,-1.0225,5.3942,3.3358
259,16.974,1.6999,-1.9961,5.5506,-1.6495,-1.0232,-1.3589,5.551,6.304,8.268,-3.6613,-5.3114,0.2,0.0,0.0,0.0,-1.6833,-1.041,-1.404,2.4266,-0.3986,0,0,0,0.501,0.193,0.807,0,0,0.0,6,SEARCH_PHASE,-1.6495,-1.0232,5.3612,3.3153
260,17.04,1.6669,-2.0166,5.5232,-1.649,-1.0251,-1.3709,5.523,6.265,8.221,-3.6613,-5.3114,0.2,0.0,0.0,0.0,-1.6822,-1.0402,-1.356,2.398,-0.4234,0,0,0,0.499,0.202,0.798,0,0,0.0,6,SEARCH_PHASE,-1.649,-1.0251,5.3282,3.2948
261,17.103,1.6339,-2.0371,5.496,-1.6503,-1.0267,-1.3607,5.496,6.226,8.174,-3.6613,-5.3114,0.2,0.0,0.0,0.0,-1.6811,-1.0395,-1.308,2.3701,-0.4044,0,0,0,0.498,0.198,0.802,0,0,0.0,6,SEARCH_PHASE,-1.6503,-1.0267,5.2952,3.2743
262,17.17,1.6009,-2.0577,5.4692,-1.6499,-1.0295,-1.3366,5.469,6.187,8.127,-3.6613,-5.3114,0.2,0.0,0.0,0.0,-1.68,-1.0388,-1.26,2.3428,-0.431,0,0,0,0.498,0.206,0.794,0,0,0.0,6,SEARCH_PHASE,-1.6499,-1.0295,5.2622,3.2537
263,17.232,1.5679,-2.0783,5.4431,-1.6511,-1.0317,-1.3037,5.443,6.148,8.08,-3.6613,-5.3114,0.2,0.0,0.0,0.0,-1.6789,-1.038,-1.212,2.3162,-0.4112,0,0,0,0.497,0.202,0.798,0,0,0.0,6,SEARCH_PHASE,-1.6511,-1.0317,5.2292,3.2331
264,17.297,1.5349,-2.099,5.4178,-1.6497,-1.0354,-1.2662,5.418,6.109,8.034,-3.6613,-5.3114,0.2,0.0,0.0,0.0,-1.6778,-1.0372,-1.164,2.2903,-0.4068,0,0,0,0.496,0.202,0.798,0,0,0.0,6,SEARCH_PHASE,-1.6497,-1.0354,5.1962,3.2124
265,17.36,1.5019,-2.1198,5.3933,-1.6494,-1.0387,-1.2241,5.393,6.07,7.989,-3.6613,-5.3114,0.2,0.0,0.0,0.0,-1.6767,-1.0364,-1.116,2.2652,-0.3929,0,0,0,0.495,0.201,0.799,0,0,0.0,6,SEARCH_PHASE,-1.6494,-1.0387,5.1632,3.1916
266,17.422,1.469,-2.1406,5.3697,-1.647,-1.0411,-1.1804,5.37,6.031,7.944,-3.6613,-5.3114,0.2,0.0,0.0,0.0,-1.6756,-1.0356,-1.068,2.2407,-0.4152,0,0,0,0.494,0.204,0.796,0,0,0.0,6,SEARCH_PHASE,-1.647,-1.0411,5.1303,3.1708
267,17.486,1.4361,-2.1614,5.347,-1.6465,-1.041,-1.1347,5.347,5.992,7.899,-3.6613,-5.3114,0.2,0.0,0.0,0.0,-1.6745,-1.0348,-1.02,2.217,-0.3917,0,0,0,0.494,0.195,0.805,0,0,0.0,6,SEARCH_PHASE,-1.6465,-1.041,5.0974,3.15
268,17.547,1.4032,-2.1823,5.3253,-1.6438,-1.0406,-1.0882,5.325,5.953,7.856,-3.6613,-5.3114,0.2,0.0,0.0,0.0,-1.6735,-1.034,-0.972,2.1942,-0.4161,0,0,0,0.492,0.196,0.804,0,0,0.0,6,SEARCH_PHASE,-1.6438,-1.0406,5.0645,3.1292
269,17.609,1.3703,-2.203,5.3044,-1.6428,-1.0378,-1.0413,5.304,5.914,7.812,-3.6613,-5.3114,0.2,0.0,0.0,0.0,-1.6724,-1.0332,-0.924,2.1721,-0.3917,0,0,0,0.494,0.192,0.808,0,0,0.0,6,SEARCH_PHASE,-1.6428,-1.0378,5.0316,3.1084
270,17.67,1.3375,-2.2237,5.2846,-1.6393,-1.035,-0.9943,5.285,5.876,7.77,-3.6613,-5.3114,0.2,0.0,0.0,0.0,-1.6713,-1.0324,-0.876,2.1509,-0.4216,0,0,0,0.493,0.193,0.807,0,0,0.0,6,SEARCH_PHASE,-1.6393,-1.035,4.9989,3.0877
271,17.733,1.3048,-2.2443,5.2656,-1.6371,-1.0301,-0.9469,5.266,5.837,7.729,-3.6613,-5.3114,0.2,0.0,0.0,0.0,-1.6703,-1.0316,-0.828,2.1306,-0.3966,0,0,0,0.491,0.19,0.81,0,0,0.0,6,SEARCH_PHASE,-1.6371,-1.0301,4.9661,3.0671
272,17.795,1.2721,-2.2648,5.2476,-1.634,-1.0261,-0.8994,5.248,5.798,7.688,-3.6613,-5.3114,0.2,0.0,0.0,0.0,-1.6692,-1.0308,-0.78,2.1112,-0.4222,0,0,0,0.495,0.19,0.81,0,0,0.0,6,SEARCH_PHASE,-1.634,-1.0261,4.9334,3.0466
273,17.856,1.2394,-2.2853,5.2306,-1.6339,-1.0207,-0.8519,5.231,5.76,7.647,-3.6613,-5.3114,0.2,0.0,0.0,0.0,-1.6681,-1.03,-0.732,2.0927,-0.3973,0,0,0,0.492,0.197,0.803,0,0,0.0,6,SEARCH_PHASE,-1.6339,-1.0207,4.9008,3.0262
274,17.919,1.2068,-2.3056,5.2145,-1.6325,-1.0166,-0.8043,5.215,5.721,7.608,-3.6613,-5.3114,0.2,0.0,0.0,0.0,-1.667,-1.0293,-0.684,2.0751,-0.4232,0,0,0,0.499,0.198,0.802,0,0,0.0,6,SEARCH_PHASE,-1.6325,-1.0166,4.8681,3.0058
275,17.982,1.1741,-2.3258,5.1994,-1.6337,-1.0115,-0.7568,5.199,5.683,7.569,-3.6613,-5.3114,0.2,0.0,0.0,0.0,-1.6659,-1.0286,-0.636,2.0586,-0.3983,0,0,0,0.497,0.201,0.799,0,0,0.0,6,SEARCH_PHASE,-1.6337,-1.0115,4.8354,2.9856
276,18.045,1.1414,-2.346,5.1852,-1.6332,-1.0078,-0.7092,5.185,5.645,7.531,-3.6613,-5.3114,0.2,0.0,0.0,0.0,-1.6648,-1.0279,-0.588,2.043,-0.4245,0,0,0,0.504,0.206,0.794,0,0,0.0,6,SEARCH_PHASE,-1.6332,-1.0078,4.8028,2.9654
277,18.107,1.1087,-2.366,5.172,-1.6349,-1.0036,-0.6616,5.172,5.606,7.493,-3.6613,-5.3114,0.2,0.0,0.0,0.0,-1.6636,-1.0272,-0.54,2.0284,-0.3996,0,0,0,0.503,0.207,0.793,0,0,0.0,6,SEARCH_PHASE,-1.6349,-1.0036,4.7701,2.9454
278,18.17,1.0761,-2.3861,5.1597,-1.6346,-1.0011,-0.6139,5.16,5.568,7.456,-3.6613,-5.3114,0.2,0.0,0.0,0.0,-1.6625,-1.0266,-0.492,2.0149,-0.4262,0,0,0,0.511,0.214,0.786,0,0,0.0,6,SEARCH_PHASE,-1.6346,-1.0011,4.7374,2.9253
279,18.231,1.0433,-2.406,5.1484,-1.636,-0.9984,-0.5662,5.148,5.529,7.42,-3.6613,-5.3114,0.2,0.0,0.0,0.0,-1.6613,-1.026,-0.444,2.0024,-0.4012,0,0,0,0.511,0.212,0.788,0,0,0.0,6,SEARCH_PHASE,-1.636,-0.9984,4.7047,2.9054
280,18.296,1.0106,-2.426,5.138,-1.6349,-0.9978,-0.5186,5.138,5.491,7.385,-3.6613,-5.3114,0.2,0.0,0.0,0.0,-1.6602,-1.0253,-0.396,1.991,-0.4241,0,0,1,0.519,0.221,0.779,0,0,0.0,6,ACQUISITION_ASSIST,-1.6349,-0.9978,4.672,2.8854
281,18.36,0.978,-2.4459,5.1274,-1.6343,-0.9968,-0.5303,5.127,5.453,7.349,-3.6613,-5.3114,0.2,0.0,0.0,0.0,-1.659,-1.0247,-0.348,1.9808,-0.3898,0,0,1,0.519,0.22,0.78,0,0,0.0,6,ACQUISITION_ASSIST,-1.6343,-0.9968,4.6393,2.8655
282,18.424,0.9453,-2.4659,5.1167,-1.6316,-0.9976,-0.5346,5.117,5.415,7.314,-3.6613,-5.3114,0.2,0.0,0.0,0.0,-1.6578,-1.0241,-0.3,1.9716,-0.361,0,0,1,0.513,0.211,0.789,0,0,0.0,6,ACQUISITION_ASSIST,-1.6316,-0.9976,4.6066,2.8455
283,18.487,0.9128,-2.4858,5.106,-1.625,-0.9972,-0.5341,5.106,5.376,7.278,-3.6613,-5.3114,0.2,0.0,0.0,0.0,-1.6567,-1.0234,-0.252,1.9636,-0.3277,0,0,1,0.502,0.203,0.797,0,0,0.0,6,ACQUISITION_ASSIST,-1.625,-0.9972,4.5741,2.8256
284,18.551,0.8806,-2.5057,5.0954,-1.6127,-0.9927,-0.5289,5.095,5.339,7.243,-3.6613,-5.3114,0.2,0.0,0.0,0.0,-1.6556,-1.0227,-0.204,1.9567,-0.3559,0,0,1,0.5,0.193,0.807,0,0,0.0,6,ACQUISITION_ASSIST,-1.6127,-0.9927,4.5419,2.8057
285,18.616,0.8487,-2.5253,5.085,-1.5929,-0.9806,-0.5211,5.085,5.301,7.209,-3.6613,-5.3114,0.2,0.0,0.0,0.0,-1.6545,-1.0221,-0.156,1.951,-0.3705,0,0,1,0.5,0.196,0.804,0,0,0.0,6,ACQUISITION_ASSIST,-1.5929,-0.9806,4.51,2.7861
286,18.686,0.8175,-2.5445,5.0747,-1.5628,-0.9626,-0.5148,5.075,5.265,7.175,-3.6613,-5.3114,0.2,0.0,0.0,0.0,-1.6534,-1.0214,-0.108,1.9465,-0.3862,0,0,1,0.502,0.188,0.812,0,0,0.0,6,ACQUISITION_ASSIST,-1.5628,-0.9626,4.4788,2.7669
287,18.753,0.787,-2.5633,5.0645,-1.525,-0.9401,-0.5109,5.064,5.229,7.142,-3.6613,-5.3114,0.2,0.0,0.0,0.0,-1.6523,-1.0208,-0.06,1.9432,-0.3874,0,0,1,0.5,0.186,0.814,0,0,0.0,6,ACQUISITION_ASSIST,-1.525,-0.9401,4.4483,2.7481
288,18.822,0.7573,-2.5816,5.0543,-1.4811,-0.9134,-0.5109,5.054,5.194,7.109,-3.6613,-5.3114,0.2,0.0,0.0,0.0,-1.6513,-1.0202,-0.012,1.9411,-0.4052,0,0,1,0.507,0.19,0.81,0,0,0.0,6,ACQUISITION_ASSIST,-1.4811,-0.9134,4.4186,2.7298
289,18.889,0.7287,-2.5993,5.044,-1.4335,-0.8826,-0.5126,5.044,5.16,7.078,-3.6613,-5.3114,0.2,0.0,0.0,0.0,-1.6503,-1.0196,0.036,1.9402,-0.3798,0,0,1,0.503,0.187,0.813,0,0,0.0,6,ACQUISITION_ASSIST,-1.4335,-0.8826,4.39,2.7122
290,18.954,0.7011,-2.6163,5.0337,-1.3799,-0.8498,-0.5175,5.034,5.128,7.047,-3.6613,-5.3114,0.2,0.0,0.0,0.0,-1.6494,-1.019,0.084,1.9406,-0.4244,0,0,1,0.506,0.191,0.809,0,0,0.0,6,ACQUISITION_ASSIST,-1.3799,-0.8498,4.3624,2.6952
291,19.021,0.6746,-2.6325,5.0232,-1.3233,-0.8137,-0.5254,5.023,5.097,7.017,-3.6613,-5.3114,0.2,0.0,0.0,0.0,-1.6485,-1.0185,0.132,1.9422,-0.4182,0,0,1,0.504,0.188,0.812,0,0,0.0,6,ACQUISITION_ASSIST,-1.3233,-0.8137,4.3359,2.6789
292,19.091,0.6493,-2.6481,5.0125,-1.2651,-0.7772,-0.5347,5.012,5.067,6.988,-3.6613,-5.3114,0.2,0.0,0.0,0.0,-1.6476,-1.018,0.18,1.945,-0.4559,0,0,1,0.509,0.192,0.808,0,0,0.0,6,ACQUISITION_ASSIST,-1.2651,-0.7772,4.3106,2.6633
293,19.158,0.6251,-2.6629,5.0016,-1.2074,-0.7405,-0.544,5.002,5.039,6.96,-3.6613,-5.3114,0.2,0.0,0.0,0.0,-1.6467,-1.0175,0.228,1.9491,-0.4236,0,0,1,0.504,0.19,0.81,0,0,0.0,6,ACQUISITION_ASSIST,-1.2074,-0.7405,4.2865,2.6485
294,19.221,0.6021,-2.677,4.9905,-1.1505,-0.7064,-0.5527,4.991,5.012,6.933,-3.6613,-5.3114,0.2,0.0,0.0,0.0,-1.6459,-1.017,0.276,1.9544,-0.4508,0,0,1,0.508,0.187,0.813,0,0,0.0,6,ACQUISITION_ASSIST,-1.1505,-0.7064,4.2635,2.6344
295,19.286,0.5802,-2.6905,4.9793,-1.0963,-0.6727,-0.56,4.979,4.986,6.907,-3.6613,-5.3114,0.2,0.0,0.0,0.0,-1.6451,-1.0166,0.324,1.9608,-0.4346,0,0,1,0.503,0.189,0.811,0,0,0.0,6,ACQUISITION_ASSIST,-1.0963,-0.6727,4.2415,2.6209
296,19.348,0.5593,-2.7033,4.968,-1.044,-0.6417,-0.5651,4.968,4.961,6.881,-3.6613,-5.3114,0.2,0.0,0.0,0.0,-1.6444,-1.0162,0.372,1.9685,-0.438,0,0,1,0.506,0.2,0.8,0,0,0.0,6,ACQUISITION_ASSIST,-1.044,-0.6417,4.2206,2.6081
297,19.411,0.5394,-2.7155,4.9567,-0.9968,-0.6123,-0.5684,4.957,4.938,6.856,-3.6613,-5.3114,0.2,0.0,0.0,0.0,-1.6437,-1.0158,0.42,1.9774,-0.4655,0,0,1,0.512,0.202,0.798,0,0,0.0,6,ACQUISITION_ASSIST,-0.9968,-0.6123,4.2007,2.5959
298,19.476,0.5204,-2.7273,4.9452,-0.9519,-0.5858,-0.5708,4.945,4.916,6.832,-3.6613,-5.3114,0.2,0.0,0.0,0.0,-1.6431,-1.0154,0.468,1.9874,-0.427,0,0,1,0.512,0.207,0.793,0,0,0.0,6,ACQUISITION_ASSIST,-0.9519,-0.5858,4.1817,2.5842
299,19.554,0.5021,-2.7385,4.9338,-0.9112,-0.564,-0.5709,4.934,4.894,6.809,-3.6613,-5.3114,0.2,0.0,0.0,0.0,-1.6424,-1.015,0.516,1.9985,-0.463,0,0,1,0.519,0.207,0.793,0,0,0.0,6,ACQUISITION_ASSIST,-0.9112,-0.564,4.1635,2.5729
300,19.616,0.4846,-2.7494,4.9224,-0.8755,-0.5446,-0.5696,4.922,4.874,6.786,-3.6613,-5.3114,0.2,0.0,0.0,0.0,-1.6418,-1.0146,0.564,2.0108,-0.42,0,0,1,0.52,0.206,0.794,0,0,0.0,6,ACQUISITION_ASSIST,-0.8755,-0.5446,4.1459,2.562
301,19.678,0.4677,-2.76,4.9111,-0.8448,-0.53,-0.5671,4.911,4.854,6.764,-3.6613,-5.3114,0.2,0.0,0.0,0.0,-1.6413,-1.0142,0.612,2.0241,-0.4588,0,0,1,0.527,0.216,0.784,0,0,0.0,6,ACQUISITION_ASSIST,-0.8448,-0.53,4.129,2.5514
302,19.747,0.4513,-2.7704,4.8998,-0.819,-0.5174,-0.5636,4.9,4.834,6.742,-3.6613,-5.3114,0.2,0.0,0.0,0.0,-1.6408,-1.0138,0.66,2.0385,-0.4107,0,0,1,0.528,0.217,0.783,0,0,0.0,6,ACQUISITION_ASSIST,-0.819,-0.5174,4.1127,2.541
303,19.81,0.4353,-2.7806,4.8886,-0.7999,-0.5098,-0.5599,4.889,4.815,6.721,-3.6613,-5.3114,0.2,0.0,0.0,0.0,-1.6403,-1.0133,0.708,2.0539,-0.4466,0,0,1,0.536,0.212,0.788,0,0,0.0,6,ACQUISITION_ASSIST,-0.7999,-0.5098,4.0967,2.5308
304,19.873,0.4196,-2.7907,4.8775,-0.7856,-0.5037,-0.5559,4.878,4.797,6.7,-3.6613,-5.3114,0.2,0.0,0.0,0.0,-1.6398,-1.0129,0.756,2.0704,-0.4008,0,0,1,0.537,0.217,0.783,0,0,0.0,6,ACQUISITION_ASSIST,-0.7856,-0.5037,4.081,2.5208
305,19.937,0.4041,-2.8007,4.8665,-0.7773,-0.5019,-0.5523,4.866,4.778,6.679,-3.6613,-5.3114,0.2,0.0,0.0,0.0,-1.6393,-1.0124,0.804,2.0878,-0.4349,0,0,1,0.544,0.224,0.776,0,0,0.0,6,ACQUISITION_ASSIST,-0.7773,-0.5019,4.0654,2.5107
306,20.011,0.3886,-2.8107,4.8555,-0.7732,-0.501,-0.5496,4.855,4.76,6.658,-3.6613,-5.3114,0.2,0.0,0.0,0.0,-1.6389,-1.0119,0.852,2.1061,-0.3987,0,0,1,0.545,0.22,0.78,0,0,0.0,6,ACQUISITION_ASSIST,-0.7732,-0.501,4.0499,2.5007
307,20.11,0.3731,-2.8208,4.8445,-0.7746,-0.5038,-0.5469,4.845,4.741,6.637,-3.6613,-5.3114,0.2,0.0,0.0,0.0,-1.6384,-1.0115,0.9,2.1254,-0.4322,0,0,1,0.553,0.223,0.777,0,0,0.0,6,ACQUISITION_ASSIST,-0.7746,-0.5038,4.0345,2.4906
308,20.174,0.3575,-2.8309,4.8336,-0.7795,-0.5073,-0.5447,4.834,4.723,6.616,-3.6613,-5.3114,0.2,0.0,0.0,0.0,-1.638,-1.011,0.948,2.1456,-0.3969,0,0,1,0.554,0.222,0.778,0,0,0.0,6,ACQUISITION_ASSIST,-0.7795,-0.5073,4.0189,2.4805
309,20.235,0.3418,-2.8412,4.8228,-0.7873,-0.5139,-0.5435,4.823,4.704,6.595,-3.6613,-5.3114,0.2,0.0,0.0,0.0,-1.6375,-1.0105,0.996,2.1667,-0.4234,0,0,1,0.558,0.225,0.775,0,0,0.0,6,ACQUISITION_ASSIST,-0.7873,-0.5139,4.0031,2.4702
310,20.297,0.3259,-2.8516,4.8119,-0.7966,-0.5206,-0.5424,4.812,4.685,6.574,-3.6613,-5.3114,0.2,0.0,0.0,0.0,-1.6371,-1.01,1.044,2.1886,-0.3864,0,0,1,0.556,0.223,0.777,0,0,0.0,6,ACQUISITION_ASSIST,-0.7966,-0.5206,3.9872,2.4598
311,20.358,0.3097,-2.8622,4.8011,-0.8094,-0.5295,-0.5422,4.801,4.666,6.553,-3.6613,-5.3114,0.2,0.0,0.0,0.0,-1.6366,-1.0094,1.092,2.2113,-0.4201,0,0,1,0.559,0.217,0.783,0,0,0.0,6,ACQUISITION_ASSIST,-0.8094,-0.5295,3.971,2.4492
312,20.418,0.2932,-2.873,4.7902,-0.8237,-0.5373,-0.5422,4.79,4.646,6.531,-3.6613,-5.3114,0.2,0.0,0.0,0.0,-1.6362,-1.0089,1.14,2.2348,-0.3837,0,0,1,0.556,0.217,0.783,0,0,0.0,6,ACQUISITION_ASSIST,-0.8237,-0.5373,3.9545,2.4385
313,20.479,0.2764,-2.8839,4.7794,-0.8403,-0.5467,-0.5427,4.779,4.626,6.509,-3.6613,-5.3114,0.2,0.0,0.0,0.0,-1.6357,-1.0084,1.188,2.2591,-0.4183,0,0,1,0.559,0.22,0.78,0,0,0.0,6,ACQUISITION_ASSIST,-0.8403,-0.5467,3.9377,2.4275
314,20.541,0.2593,-2.895,4.7685,-0.8574,-0.5546,-0.5432,4.769,4.605,6.487,-3.6613,-5.3114,0.2,0.0,0.0,0.0,-1.6352,-1.0078,1.236,2.2841,-0.3821,0,0,1,0.555,0.218,0.782,0,0,0.0,6,ACQUISITION_ASSIST,-0.8574,-0.5546,3.9206,2.4164
315,20.602,0.2417,-2.9063,4.7576,-0.8763,-0.5636,-0.5443,4.758,4.585,6.465,-3.6613,-5.3114,0.2,0.0,0.0,0.0,-1.6347,-1.0073,1.284,2.3099,-0.4106,0,0,1,0.557,0.221,0.779,0,0,0.0,6,ACQUISITION_ASSIST,-0.8763,-0.5636,3.903,2.4052
316,20.663,0.2238,-2.9177,4.7467,-0.8954,-0.5707,-0.5453,4.747,4.563,6.442,-3.6613,-5.3114,0.2,0.0,0.0,0.0,-1.6341,-1.0068,1.332,2.3363,-0.39,0,0,1,0.554,0.22,0.78,0,0,0.0,6,ACQUISITION_ASSIST,-0.8954,-0.5707,3.8851,2.3937
317,20.724,0.2055,-2.9292,4.7358,-0.9138,-0.5782,-0.546,4.736,4.542,6.419,-3.6613,-5.3114,0.2,0.0,0.0,0.0,-1.6335,-1.0063,1.38,2.3634,-0.4244,0,0,1,0.558,0.226,0.774,0,0,0.0,6,ACQUISITION_ASSIST,-0.9138,-0.5782,3.8669,2.3822
318,20.788,0.1869,-2.9409,4.7249,-0.931,-0.5841,-0.5465,4.725,4.52,6.396,-3.6613,-5.3114,0.2,0.0,0.0,0.0,-1.6329,-1.0059,1.428,2.3911,-0.3877,0,0,1,0.555,0.221,0.779,0,0,0.0,6,ACQUISITION_ASSIST,-0.931,-0.5841,3.8482,2.3705
319,20.849,0.1679,-2.9527,4.7139,-0.9485,-0.5912,-0.5472,4.714,4.497,6.372,-3.6613,-5.3114,0.2,0.0,0.0,0.0,-1.6323,-1.0054,1.476,2.4195,-0.4201,0,0,1,0.557,0.226,0.774,0,0,0.0,6,ACQUISITION_ASSIST,-0.9485,-0.5912,3.8293,2.3587
320,20.91,0.1487,-2.9647,4.703,-0.9646,-0.5964,-0.5475,4.703,4.475,6.348,-3.6613,-5.3114,0.2,0.0,0.0,0.0,-1.6316,-1.005,1.524,2.4484,-0.383,0,0,1,0.553,0.221,0.779,0,0,0.0,6,ACQUISITION_ASSIST,-0.9646,-0.5964,3.81,2.3467
321,20.974,0.1291,-2.9767,4.692,-0.9798,-0.6021,-0.5477,4.692,4.452,6.324,-3.6613,-5.3114,0.2,0.0,0.0,0.0,-1.5908,-0.9798,1.332,2.2945,-0.4182,1,0,0,0.555,0.225,0.775,0,0,0.0,6,LANDING_PHASE,-0.9798,-0.6021,3.7904,2.3347
322,21.036,0.1089,-2.9889,4.6859,-1.0105,-0.6106,-0.3044,4.686,4.428,6.303,-3.6613,-5.3114,0.2,0.0,0.0,0.0,-1.5499,-0.9547,1.14,2.1478,-0.4218,1,0,0,0.556,0.224,0.776,0,0,0.0,6,LANDING_PHASE,-1.0105,-0.6106,3.7702,2.3225
323,21.1,0.0881,-3.0013,4.6847,-1.0392,-0.6195,-0.0615,4.685,4.404,6.285,-3.6613,-5.3114,0.2,0.0,0.0,0.0,-1.509,-0.9295,0.948,2.0099,-0.4253,1,0,0,0.557,0.219,0.781,0,0,0.0,6,LANDING_PHASE,-1.0392,-0.6195,3.7494,2.3101
324,21.162,0.0668,-3.0139,4.6883,-1.0658,-0.6289,0.1811,4.688,4.379,6.271,-3.6613,-5.3114,0.2,0.0,0.0,0.0,-1.4681,-0.9043,0.756,1.8828,-0.4288,1,0,0,0.557,0.222,0.778,0,0,0.0,6,LANDING_PHASE,-1.0658,-0.6289,3.7281,2.2975
325,21.223,0.045,-3.0266,4.6961,-1.088,-0.6378,0.3866,4.696,4.354,6.259,-3.6613,-5.3114,0.2,0.0,0.0,0.0,-1.4272,-0.8792,0.564,1.7687,-0.4521,1,0,0,0.562,0.225,0.775,0,0,0.0,6,LANDING_PHASE,-1.088,-0.6378,3.7063,2.2848
326,21.285,0.023,-3.0395,4.7052,-1.1008,-0.6435,0.4555,4.705,4.328,6.248,-3.6613,-5.3114,0.2,0.0,0.0,0.0,-1.3863,-0.8541,0.372,1.6703,-0.4376,1,0,0,0.562,0.226,0.774,0,0,0.0,6,LANDING_PHASE,-1.1008,-0.6435,3.6843,2.2719
327,21.348,0.0008,-3.0525,4.7137,-1.1081,-0.6484,0.4282,4.714,4.303,6.236,-3.6613,-5.3114,0.2,0.0,0.0,0.0,-1.3454,-0.829,0.18,1.5905,-0.4664,1,0,0,0.568,0.222,0.778,0,0,0.0,6,LANDING_PHASE,-1.1081,-0.6484,3.6621,2.2589
328,21.409,-0.0215,-3.0655,4.7205,-1.1139,-0.6517,0.3398,4.721,4.277,6.223,-3.6613,-5.3114,0.2,0.0,0.0,0.0,-1.3045,-0.8039,-0.012,1.5324,-0.4926,1,0,0,0.579,0.221,0.779,0,0,0.0,6,LANDING_PHASE,-1.1139,-0.6517,3.6399,2.2459
329,21.471,-0.0439,-3.0786,4.7251,-1.1201,-0.6558,0.2291,4.725,4.251,6.209,-3.6613,-5.3114,0.2,0.0,0.0,0.0,-1.2636,-0.7789,-0.204,1.4983,-0.485,1,0,0,0.589,0.223,0.777,0,0,0.0,6,LANDING_PHASE,-1.1201,-0.6558,3.6175,2.2328
330,21.534,-0.0664,-3.0919,4.7274,-1.1285,-0.6622,0.1151,4.727,4.225,6.192,-3.6613,-5.3114,0.2,0.0,0.0,0.0,-1.2226,-0.7538,-0.396,1.4899,-0.4833,1,0,0,0.598,0.221,0.779,0,0,0.0,6,LANDING_PHASE,-1.1285,-0.6622,3.5949,2.2195
331,21.598,-0.0892,-3.1053,4.7274,-1.1398,-0.6708,0.0007,4.727,4.198,6.174,-3.6613,-5.3114,0.2,0.0,0.0,0.0,-1.1816,-0.7288,-0.588,1.5077,-0.4819,1,0,0,0.608,0.24,0.76,0,0,0.0,6,LANDING_PHASE,-1.1398,-0.6708,3.5721,2.2061
332,21.662,-0.1123,-3.1189,4.7251,-1.1538,-0.6818,-0.1144,4.725,4.172,6.155,-3.6613,-5.3114,0.2,0.0,0.0,0.0,-1.1406,-0.7039,-0.65,1.4896,-0.4807,1,0,0,0.617,0.243,0.757,0,0,0.0,6,LANDING_PHASE,-1.1538,-0.6818,3.549,2.1925
333,21.724,-0.1357,-3.1328,4.7205,-1.1707,-0.6948,-0.2302,4.721,4.144,6.133,-3.6613,-5.3114,0.2,0.0,0.0,0.0,-1.0996,-0.679,-0.65,1.4466,-0.4798,1,0,0,0.625,0.236,0.764,0,0,0.0,6,LANDING_PHASE,-1.1707,-0.6948,3.5256,2.1786
334,21.789,-0.1595,-3.147,4.7136,-1.1903,-0.71,-0.3469,4.714,4.117,6.109,-3.6613,-5.3114,0.2,0.0,0.0,0.0,-1.0633,-0.6572,-0.65,1.4089,-0.479,1,0,0,0.634,0.243,0.757,0,0,0.0,6,LANDING_PHASE,-1.1903,-0.71,3.5018,2.1644
335,21.854,-0.1838,-3.1616,4.7044,-1.2138,-0.728,-0.4612,4.704,4.088,6.083,-3.6613,-5.3114,0.2,0.0,0.0,0.0,-1.0632,-0.6573,-0.65,1.4089,-0.4674,1,0,0,0.641,0.241,0.759,0,0,0.0,6,LANDING_PHASE,-1.2138,-0.728,3.4775,2.1498
336,21.919,-0.2087,-3.1766,4.6931,-1.245,-0.7517,-0.5627,4.693,4.059,6.055,-3.6613,-5.3114,0.2,0.0,0.0,0.0,-1.0632,-0.6574,-0.65,1.4089,-0.4401,1,0,0,0.645,0.242,0.758,0,0,0.0,6,LANDING_PHASE,-1.245,-0.7517,3.4526,2.1348
337,21.989,-0.2345,-3.1923,4.6803,-1.2896,-0.7849,-0.6397,4.68,4.029,6.026,-3.6613,-5.3114,0.2,0.0,0.0,0.0,-1.0631,-0.6574,-0.65,1.4089,-0.4026,1,0,0,0.646,0.246,0.754,0,0,0.0,6,LANDING_PHASE,-1.2896,-0.7849,3.4268,2.1191
338,22.06,-0.2614,-3.2088,4.6663,-1.3447,-0.824,-0.7009,4.666,3.998,5.994,-3.6613,-5.3114,0.2,0.0,0.0,0.0,-1.0631,-0.6575,-0.65,1.4089,-0.3645,1,0,0,0.643,0.244,0.756,0,0,0.0,6,LANDING_PHASE,-1.3447,-0.824,3.3999,2.1026
339,22.128,-0.2896,-3.2261,4.6513,-1.4082,-0.8664,-0.7499,4.651,3.964,5.961,-3.6613,-5.3114,0.2,0.0,0.0,0.0,-1.0631,-0.6575,-0.65,1.4089,-0.3262,1,0,0,0.635,0.236,0.764,0,0,0.0,6,LANDING_PHASE,-1.4082,-0.8664,3.3718,2.0853
340,22.193,-0.3191,-3.2443,4.6355,-1.4783,-0.9091,-0.7883,4.636,3.93,5.926,-3.6613,-5.3114,0.2,0.0,0.0,0.0,-1.0631,-0.6575,-0.65,1.4089,-0.3399,1,0,0,0.626,0.226,0.774,0,0,0.0,6,LANDING_PHASE,-1.4783,-0.9091,3.3422,2.0671
341,22.256,-0.3502,-3.2633,4.6192,-1.5533,-0.9491,-0.817,4.619,3.893,5.89,-3.6613,-5.3114,0.2,0.0,0.0,0.0,-1.0631,-0.6576,-0.65,1.4089,-0.3761,1,0,0,0.621,0.226,0.774,0,0,0.0,6,LANDING_PHASE,-1.5533,-0.9491,3.3111,2.0481
342,22.321,-0.3828,-3.283,4.6025,-1.6298,-0.9875,-0.8366,4.602,3.855,5.852,-3.6613,-5.3114,0.2,0.0,0.0,0.0,-1.063,-0.6577,-0.65,1.4089,-0.3817,1,0,0,0.616,0.226,0.774,0,0,0.0,6,LANDING_PHASE,-1.6298,-0.9875,3.2785,2.0284
343,22.384,-0.4169,-3.3035,4.5855,-1.7052,-1.0254,-0.8464,4.586,3.815,5.813,-3.6613,-5.3114,0.2,0.0,0.0,0.0,-1.0629,-0.6578,-0.65,1.4089,-0.3416,1,0,0,0.604,0.217,0.783,0,0,0.0,6,LANDING_PHASE,-1.7052,-1.0254,3.2444,2.0079
344,22.447,-0.4524,-3.3248,4.5686,-1.777,-1.0621,-0.8447,4.569,3.774,5.773,-3.6613,-5.3114,0.2,0.0,0.0,0.0,-1.0628,-0.658,-0.65,1.4089,-0.3583,1,0,0,0.594,0.216,0.784,0,0,0.0,6,LANDING_PHASE,-1.777,-1.0621,3.2089,1.9866
345,22.511,-0.4893,-3.3467,4.552,-1.8428,-1.0933,-0.8309,4.552,3.731,5.733,-3.6613,-5.3114,0.2,0.0,0.0,0.0,-1.0627,-0.6582,-0.65,1.4089,-0.3898,1,0,0,0.591,0.217,0.783,0,0,0.0,6,LANDING_PHASE,-1.8428,-1.0933,3.172,1.9648
346,22.576,-0.5272,-3.369,4.5359,-1.898,-1.1198,-0.8064,4.536,3.687,5.692,-3.6613,-5.3114,0.2,0.0,0.0,0.0,-1.0625,-0.6585,-0.65,1.4089,-0.3557,1,0,0,0.584,0.213,0.787,0,0,0.0,6,LANDING_PHASE,-1.898,-1.1198,3.1341,1.9424
347,22.639,-0.566,-3.3919,4.5205,-1.9377,-1.1426,-0.7722,4.52,3.642,5.651,-3.6613,-5.3114,0.2,0.0,0.0,0.0,-1.0623,-0.6588,-0.65,1.4089,-0.3318,1,0,0,0.572,0.22,0.78,0,0,0.0,6,LANDING_PHASE,-1.9377,-1.1426,3.0953,1.9195
348,22.7,-0.6052,-3.415,4.5057,-1.9585,-1.1567,-0.7353,4.506,3.597,5.61,-3.6613,-5.3114,0.2,0.0,0.0,0.0,-1.0621,-0.6591,-0.65,1.4089,-0.3531,1,0,0,0.568,0.21,0.79,0,0,0.0,6,LANDING_PHASE,-1.9585,-1.1567,3.0562,1.8964
349,22.763,-0.6445,-3.4382,4.4918,-1.965,-1.1597,-0.6965,4.492,3.551,5.57,-3.6613,-5.3114,0.2,0.0,0.0,0.0,-1.0619,-0.6594,-0.65,1.4089,-0.4018,1,0,0,0.576,0.216,0.784,0,0,0.0,6,LANDING_PHASE,-1.965,-1.1597,3.0169,1.8732
350,22.825,-0.6835,-3.4613,4.4786,-1.9535,-1.1531,-0.6619,4.479,3.506,5.531,-3.6613,-5.3114,0.2,0.0,0.0,0.0,-1.0618,-0.6597,-0.65,1.4089,-0.3831,1,0,0,0.578,0.209,0.791,0,0,0.0,6,LANDING_PHASE,-1.9535,-1.1531,2.9778,1.8501
351,22.887,-0.7221,-3.4841,4.4659,-1.9267,-1.1415,-0.634,4.466,3.461,5.493,-3.6613,-5.3114,0.2,0.0,0.0,0.0,-1.0616,-0.66,-0.65,1.4089,-0.3496,1,0,0,0.578,0.216,0.784,0,0,0.0,6,LANDING_PHASE,-1.9267,-1.1415,2.9392,1.8273
352,22.948,-0.7598,-3.5066,4.4537,-1.8888,-1.124,-0.6112,4.454,3.417,5.456,-3.6613,-5.3114,0.2,0.0,0.0,0.0,-1.0614,-0.6602,-0.65,1.4089,-0.3987,1,0,0,0.584,0.214,0.786,0,0,0.0,6,LANDING_PHASE,-1.8888,-1.124,2.9015,1.8048
353,23.013,-0.7966,-3.5285,4.4418,-1.8391,-1.0974,-0.5959,4.442,3.374,5.42,-3.6613,-5.3114,0.2,0.0,0.0,0.0,-1.0613,-0.6605,-0.65,1.4089,-0.3801,1,0,0,0.584,0.211,0.789,0,0,0.0,6,LANDING_PHASE,-1.8391,-1.0974,2.8647,1.7829
354,23.076,-0.8322,-3.5499,4.43,-1.7802,-1.0651,-0.5883,4.43,3.333,5.385,-3.6613,-5.3114,0.2,0.0,0.0,0.0,-1.0611,-0.6607,-0.65,1.4089,-0.4105,1,0,0,0.587,0.208,0.792,0,0,0.0,6,LANDING_PHASE,-1.7802,-1.0651,2.8291,1.7616
355,23.14,-0.8666,-3.5704,4.4182,-1.716,-1.0264,-0.5881,4.418,3.293,5.351,-3.6613,-5.3114,0.2,0.0,0.0,0.0,-1.061,-0.6609,-0.65,1.4089,-0.4447,1,0,0,0.597,0.219,0.781,0,0,0.0,6,LANDING_PHASE,-1.716,-1.0264,2.7948,1.741
356,23.203,-0.8995,-3.5901,4.4064,-1.6474,-0.9851,-0.5929,4.406,3.254,5.318,-3.6613,-5.3114,0.2,0.0,0.0,0.0,-1.0608,-0.6612,-0.65,1.4089,-0.4187,1,0,0,0.599,0.216,0.784,0,0,0.0,6,LANDING_PHASE,-1.6474,-0.9851,2.7618,1.7213
357,23.266,-0.931,-3.609,4.3943,-1.5734,-0.9436,-0.6032,4.394,3.218,5.286,-3.6613,-5.3114,0.2,0.0,0.0,0.0,-1.0607,-0.6614,-0.65,1.4089,-0.4598,1,0,0,0.604,0.221,0.779,0,0,0.0,6,LANDING_PHASE,-1.5734,-0.9436,2.7304,1.7025
358,23.331,-0.9609,-3.627,4.382,-1.4966,-0.9005,-0.6173,4.382,3.183,5.255,-3.6613,-5.3114,0.2,0.0,0.0,0.0,-1.0606,-0.6616,-0.65,1.4089,-0.4433,1,0,0,0.603,0.219,0.781,0,0,0.0,6,LANDING_PHASE,-1.4966,-0.9005,2.7004,1.6844
359,23.4,-0.9893,-3.6441,4.3693,-1.4178,-0.8587,-0.6326,4.369,3.15,5.225,-3.6613,-5.3114,0.2,0.0,0.0,0.0,-1.0605,-0.6617,-0.65,1.4089,-0.4642,1,0,0,0.602,0.211,0.789,0,0,0.0,6,LANDING_PHASE,-1.4178,-0.8587,2.6721,1.6673
360,23.47,-1.0161,-3.6605,4.3563,-1.34,-0.8168,-0.6479,4.356,3.118,5.196,-3.6613,-5.3114,0.2,0.0,0.0,0.0,-1.0604,-0.6618,-0.65,1.4089,-0.4667,1,0,0,0.602,0.218,0.782,0,0,0.0,6,LANDING_PHASE,-1.34,-0.8168,2.6453,1.6509
361,23.534,-1.0413,-3.676,4.3431,-1.2639,-0.7778,-0.6615,4.343,3.088,5.168,-3.6613,-5.3114,0.2,0.0,0.0,0.0,-1.0604,-0.6619,-0.65,1.4089,-0.4432,1,0,0,0.595,0.219,0.781,0,0,0.0,6,LANDING_PHASE,-1.2639,-0.7778,2.62,1.6354
362,23.602,-1.0651,-3.6909,4.3297,-1.1903,-0.741,-0.6732,4.33,3.06,5.14,-3.6613,-5.3114,0.2,0.0,0.0,0.0,-1.0604,-0.6619,-0.65,1.4089,-0.4722,1,0,0,0.595,0.223,0.777,0,0,0.0,6,LANDING_PHASE,-1.1903,-0.741,2.5962,1.6206
363,23.67,-1.0876,-3.705,4.316,-1.1219,-0.7054,-0.682,4.316,3.034,5.113,-3.6613,-5.3114,0.2,0.0,0.0,0.0,-1.0604,-0.6619,-0.65,1.4089,-0.4528,1,0,0,0.589,0.212,0.788,0,0,0.0,6,LANDING_PHASE,-1.1219,-0.7054,2.5737,1.6065
364,23.738,-1.1087,-3.7184,4.3023,-1.0572,-0.673,-0.6876,4.302,3.009,5.087,-3.6613,-5.3114,0.2,0.0,0.0,0.0,-1.0604,-0.6618,-0.65,1.4089,-0.4586,1,0,0,0.588,0.218,0.782,0,0,0.0,6,LANDING_PHASE,-1.0572,-0.673,2.5526,1.593
365,23.81,-1.1287,-3.7313,4.2885,-0.9995,-0.6427,-0.6899,4.288,2.985,5.062,-3.6613,-5.3114,0.2,0.0,0.0,0.0,-1.0605,-0.6617,-0.65,1.4089,-0.4857,1,0,0,0.592,0.225,0.775,0,0,0.0,6,LANDING_PHASE,-0.9995,-0.6427,2.5326,1.5801
366,23.877,-1.1476,-3.7436,4.2747,-0.9461,-0.6158,-0.69,4.275,2.963,5.038,-3.6613,-5.3114,0.2,0.0,0.0,0.0,-1.0606,-0.6615,-0.65,1.4089,-0.4436,1,0,0,0.588,0.223,0.777,0,0,0.0,6,LANDING_PHASE,-0.9461,-0.6158,2.5137,1.5678
367,23.942,-1.1656,-3.7555,4.2609,-0.8992,-0.5942,-0.6876,4.261,2.941,5.014,-3.6613,-5.3114,0.2,0.0,0.0,0.0,-1.0607,-0.6613,-0.65,1.4089,-0.4737,1,0,0,0.592,0.225,0.775,0,0,0.0,6,LANDING_PHASE,-0.8992,-0.5942,2.4957,1.5559
368,24.005,-1.1828,-3.767,4.2473,-0.8599,-0.5751,-0.6831,4.247,2.92,4.991,-3.6613,-5.3114,0.2,0.0,0.0,0.0,-1.0609,-0.6611,-0.65,1.4089,-0.4429,1,0,0,0.589,0.229,0.771,0,0,0.0,6,LANDING_PHASE,-0.8599,-0.5751,2.4785,1.5444
369,24.072,-1.1994,-3.7782,4.2337,-0.8267,-0.561,-0.6769,4.234,2.9,4.968,-3.6613,-5.3114,0.2,0.0,0.0,0.0,-1.0611,-0.6608,-0.65,1.4089,-0.4686,1,0,0,0.596,0.236,0.764,0,0,0.0,6,LANDING_PHASE,-0.8267,-0.561,2.462,1.5332
370,24.141,-1.2154,-3.7892,4.2203,-0.8031,-0.55,-0.6702,4.22,2.881,4.946,-3.6613,-5.3114,0.2,0.0,0.0,0.0,-1.0613,-0.6605,-0.65,1.4089,-0.4331,1,0,0,0.597,0.229,0.771,0,0,0.0,6,LANDING_PHASE,-0.8031,-0.55,2.4459,1.5222
371,24.204,-1.2311,-3.8001,4.207,-0.7855,-0.5439,-0.6632,4.207,2.862,4.924,-3.6613,-5.3114,0.2,0.0,0.0,0.0,-1.0615,-0.6601,-0.65,1.4089,-0.4576,1,0,0,0.605,0.229,0.771,0,0,0.0,6,LANDING_PHASE,-0.7855,-0.5439,2.4302,1.5113
372,24.269,-1.2466,-3.8109,4.1939,-0.7756,-0.5404,-0.6571,4.194,2.843,4.902,-3.6613,-5.3114,0.2,0.0,0.0,0.0,-1.0617,-0.6598,-0.65,1.4089,-0.4301,1,0,0,0.608,0.227,0.773,0,0,0.0,6,LANDING_PHASE,-0.7756,-0.5404,2.4147,1.5005
373,24.332,-1.262,-3.8217,4.1809,-0.7701,-0.5414,-0.6515,4.181,2.824,4.881,-3.6613,-5.3114,0.2,0.0,0.0,0.0,-1.062,-0.6594,-0.65,1.4089,-0.4173,1,0,0,0.61,0.235,0.765,0,0,0.0,6,LANDING_PHASE,-0.7701,-0.5414,2.3993,1.4897
374,24.395,-1.2775,-3.8326,4.1679,-0.7719,-0.5449,-0.6472,4.168,2.805,4.859,-3.6613,-5.3114,0.2,0.0,0.0,0.0,-1.0622,-0.6589,-0.65,1.4089,-0.4224,1,0,0,0.613,0.229,0.771,0,0,0.0,6,LANDING_PHASE,-0.7719,-0.5449,2.3838,1.4788
375,24.464,-1.2931,-3.8436,4.1551,-0.7786,-0.5499,-0.6437,4.155,2.786,4.838,-3.6613,-5.3114,0.2,0.0,0.0,0.0,-1.0625,-0.6585,-0.65,1.4089,-0.4062,1,0,0,0.614,0.23,0.77,0,0,0.0,6,LANDING_PHASE,-0.7786,-0.5499,2.3683,1.4678
376,24.53,-1.3088,-3.8547,4.1422,-0.7899,-0.5566,-0.6414,4.142,2.767,4.816,-3.6613,-5.3114,0.2,0.0,0.0,0.0,-1.0628,-0.6581,-0.65,1.4089,-0.4345,1,0,0,0.618,0.223,0.777,0,0,0.0,6,LANDING_PHASE,-0.7899,-0.5566,2.3525,1.4567
377,24.595,-1.3249,-3.866,4.1294,-0.8037,-0.5635,-0.6396,4.129,2.747,4.795,-3.6613,-5.3114,0.2,0.0,0.0,0.0,-1.063,-0.6576,-0.65,1.4089,-0.3974,1,0,0,0.617,0.228,0.772,0,0,0.0,6,LANDING_PHASE,-0.8037,-0.5635,2.3364,1.4454
378,24.665,-1.3414,-3.8775,4.1167,-0.8218,-0.5728,-0.6391,4.117,2.727,4.773,-3.6613,-5.3114,0.2,0.0,0.0,0.0,-1.0633,-0.6572,-0.65,1.4089,-0.4279,1,0,0,0.62,0.228,0.772,0,0,0.0,6,LANDING_PHASE,-0.8218,-0.5728,2.32,1.4339
379,24.748,-1.3582,-3.8891,4.1039,-0.8423,-0.5813,-0.6391,4.104,2.707,4.751,-3.6613,-5.3114,0.2,0.0,0.0,0.0,-1.0635,-0.6568,-0.65,1.4089,-0.3919,1,0,0,0.618,0.227,0.773,0,0,0.0,6,LANDING_PHASE,-0.8423,-0.5813,2.3031,1.4223
380,24.814,-1.3755,-3.9009,4.0911,-0.8651,-0.5915,-0.6399,4.091,2.686,4.728,-3.6613,-5.3114,0.2,0.0,0.0,0.0,-1.0638,-0.6564,-0.65,1.4089,-0.426,1,0,0,0.621,0.23,0.77,0,0,0.0,6,LANDING_PHASE,-0.8651,-0.5915,2.2858,1.4105
381,24.878,-1.3933,-3.9129,4.0783,-0.8883,-0.6001,-0.6408,4.078,2.665,4.705,-3.6613,-5.3114,0.2,0.0,0.0,0.0,-1.064,-0.6561,-0.65,1.4089,-0.3901,1,0,0,0.618,0.224,0.776,0,0,0.0,6,LANDING_PHASE,-0.8883,-0.6001,2.268,1.3985
382,24.939,-1.4115,-3.9251,4.0654,-0.9135,-0.6101,-0.6424,4.065,2.643,4.682,-3.6613,-5.3114,0.2,0.0,0.0,0.0,-1.0642,-0.6557,-0.65,1.4089,-0.4174,1,0,0,0.62,0.225,0.775,0,0,0.0,6,LANDING_PHASE,-0.9135,-0.6101,2.2498,1.3863
383,25.002,-1.4303,-3.9375,4.0525,-0.939,-0.6181,-0.644,4.053,2.62,4.659,-3.6613,-5.3114,0.2,0.0,0.0,0.0,-1.0644,-0.6555,-0.65,1.4089,-0.3932,1,0,0,0.618,0.226,0.774,0,0,0.0,6,LANDING_PHASE,-0.939,-0.6181,2.231,1.3739
384,25.066,-1.4496,-3.95,4.0396,-0.9641,-0.6266,-0.6452,4.04,2.597,4.635,-3.6613,-5.3114,0.2,0.0,0.0,0.0,-1.0645,-0.6552,-0.65,1.4089,-0.4269,1,0,0,0.621,0.226,0.774,0,0,0.0,6,LANDING_PHASE,-0.9641,-0.6266,2.2117,1.3614
385,25.132,-1.4693,-3.9627,4.0267,-0.9873,-0.6332,-0.6462,4.027,2.574,4.612,-3.6613,-5.3114,0.2,0.0,0.0,0.0,-1.0646,-0.6551,-0.65,1.4089,-0.3907,1,0,0,0.618,0.226,0.774,0,0,0.0,6,LANDING_PHASE,-0.9873,-0.6332,2.192,1.3487
386,25.197,-1.4896,-3.9755,4.0138,-1.0103,-0.6409,-0.6472,4.014,2.55,4.588,-3.6613,-5.3114,0.2,0.0,0.0,0.0,-1.0647,-0.6549,-0.65,1.4089,-0.4245,1,0,0,0.62,0.224,0.776,0,0,0.0,6,LANDING_PHASE,-1.0103,-0.6409,2.1718,1.3359
387,25.258,-1.5102,-3.9884,4.0008,-1.0313,-0.6462,-0.6479,4.001,2.525,4.563,-3.6613,-5.3114,0.2,0.0,0.0,0.0,-1.0647,-0.6548,-0.65,1.4089,-0.3909,1,0,0,0.617,0.232,0.768,0,0,0.0,6,LANDING_PHASE,-1.0313,-0.6462,2.1511,1.323
388,25.322,-1.5312,-4.0015,3.9878,-1.052,-0.6522,-0.6485,3.988,2.501,4.539,-3.6613,-5.3114,0.2,0.0,0.0,0.0,-1.0648,-0.6548,-0.65,1.4089,-0.4233,1,0,0,0.619,0.224,0.776,0,0,0.0,6,LANDING_PHASE,-1.052,-0.6522,2.1301,1.3099
389,25.393,-1.5526,-4.0146,3.9749,-1.0705,-0.6558,-0.6489,3.975,2.476,4.514,-3.6613,-5.3114,0.2,0.0,0.0,0.0,-1.06,-0.6519,-0.65,1.404,-0.3967,1,0,0,0.617,0.23,0.77,0,0,0.0,6,LANDING_PHASE,-1.0705,-0.6558,2.1087,1.2968
390,25.46,-1.5744,-4.0278,3.9619,-1.0879,-0.6596,-0.6489,3.962,2.45,4.489,-3.6613,-5.3114,0.2,0.0,0.0,0.0,-1.0549,-0.649,-0.65,1.3988,-0.4315,1,0,0,0.621,0.234,0.766,0,0,0.0,6,LANDING_PHASE,-1.0879,-0.6596,2.0869,1.2836
391,25.534,-1.5964,-4.041,3.9489,-1.1022,-0.6614,-0.6487,3.949,2.424,4.465,-3.6613,-5.3114,0.2,0.0,0.0,0.0,-1.0496,-0.646,-0.65,1.3934,-0.393,1,0,0,0.619,0.235,0.765,0,0,0.0,6,LANDING_PHASE,-1.1022,-0.6614,2.0649,1.2704
392,25.612,-1.6187,-4.0543,3.9359,-1.115,-0.6641,-0.6484,3.936,2.398,4.44,-3.6613,-5.3114,0.2,0.0,0.0,0.0,-1.0442,-0.643,-0.65,1.3879,-0.4285,1,0,0,0.621,0.233,0.767,0,0,0.0,6,LANDING_PHASE,-1.115,-0.6641,2.0426,1.2571
393,25.677,-1.6412,-4.0676,3.923,-1.1246,-0.6642,-0.6479,3.923,2.372,4.415,-3.6613,-5.3114,0.2,0.0,0.0,0.0,-1.0386,-0.6401,-0.65,1.3823,-0.3898,1,0,0,0.618,0.239,0.761,0,0,0.0,6,LANDING_PHASE,-1.1246,-0.6642,2.0201,1.2438
394,25.739,-1.6639,-4.0809,3.91,-1.1326,-0.6647,-0.6472,3.91,2.346,4.39,-3.6613,-5.3114,0.2,0.0,0.0,0.0,-1.0329,-0.6372,-0.65,1.3767,-0.426,1,0,0,0.621,0.23,0.77,0,0,0.0,6,LANDING_PHASE,-1.1326,-0.6647,1.9974,1.2305
395,25.8,-1.6866,-4.0941,3.8971,-1.1372,-0.6625,-0.6466,3.897,2.32,4.365,-3.6613,-5.3114,0.2,0.0,0.0,0.0,-1.0272,-0.6344,-0.65,1.3712,-0.4064,1,0,0,0.622,0.236,0.764,0,0,0.0,6,LANDING_PHASE,-1.1372,-0.6625,1.9747,1.2173
396,25.869,-1.7094,-4.1073,3.8842,-1.1401,-0.6603,-0.6464,3.884,2.293,4.34,-3.6613,-5.3114,0.2,0.0,0.0,0.0,-1.0215,-0.6317,-0.65,1.3656,-0.4427,1,0,0,0.628,0.233,0.767,0,0,0.0,6,LANDING_PHASE,-1.1401,-0.6603,1.9519,1.2041
397,25.942,-1.7322,-4.1205,3.8713,-1.1392,-0.6566,-0.6453,3.871,2.267,4.315,-3.6613,-5.3114,0.2,0.0,0.0,0.0,-1.0159,-0.6291,-0.65,1.3603,-0.3978,1,0,0,0.628,0.231,0.769,0,0,0.0,6,LANDING_PHASE,-1.1392,-0.6566,1.9291,1.191
398,26.021,-1.7549,-4.1335,3.8584,-1.1359,-0.6545,-0.6443,3.858,2.241,4.29,-3.6613,-5.3114,0.2,0.0,0.0,0.0,-1.0104,-0.6265,-0.65,1.355,-0.4323,1,0,0,0.633,0.235,0.765,0,0,0.0,6,LANDING_PHASE,-1.1359,-0.6545,1.9064,1.1779
399,26.093,-1.7775,-4.1466,3.8455,-1.1288,-0.6507,-0.6437,3.846,2.215,4.266,-3.6613,-5.3114,0.2,0.0,0.0,0.0,-1.0052,-0.624,-0.65,1.35,-0.4018,1,0,0,0.634,0.236,0.764,0,0,0.0,6,LANDING_PHASE,-1.1288,-0.6507,1.8838,1.1649
400,26.163,-1.7999,-4.1595,3.8326,-1.1192,-0.6483,-0.6433,3.833,2.189,4.241,-3.6613,-5.3114,0.2,0.0,0.0,0.0,-1.0003,-0.6215,-0.65,1.3451,-0.4249,1,0,0,0.64,0.239,0.761,0,0,0.0,6,LANDING_PHASE,-1.1192,-0.6483,1.8614,1.1519
401,26.225,-1.8221,-4.1724,3.8198,-1.109,-0.6451,-0.643,3.82,2.163,4.217,-3.6613,-5.3114,0.2,0.0,0.0,0.0,-0.9955,-0.619,-0.65,1.3404,-0.3992,1,0,0,0.64,0.237,0.763,0,0,0.0,6,LANDING_PHASE,-1.109,-0.6451,1.8393,1.139
402,26.287,-1.844,-4.1853,3.8069,-1.0952,-0.6432,-0.6433,3.807,2.138,4.193,-3.6613,-5.3114,0.2,0.0,0.0,0.0,-0.9912,-0.6165,-0.65,1.336,-0.4069,1,0,0,0.642,0.24,0.76,0,0,0.0,6,LANDING_PHASE,-1.0952,-0.6432,1.8173,1.1261
403,26.348,-1.8656,-4.1981,3.794,-1.0806,-0.6409,-0.6435,3.794,2.113,4.169,-3.6613,-5.3114,0.2,0.0,0.0,0.0,-0.9871,-0.614,-0.65,1.3318,-0.3864,1,0,0,0.64,0.24,0.76,0,0,0.0,6,LANDING_PHASE,-1.0806,-0.6409,1.7957,1.1133
404,26.414,-1.8869,-4.2109,3.7812,-1.0658,-0.6388,-0.6442,3.781,2.088,4.145,-3.6613,-5.3114,0.2,0.0,0.0,0.0,-0.9832,-0.6115,-0.65,1.3278,-0.4259,1,0,0,0.642,0.24,0.76,0,0,0.0,6,LANDING_PHASE,-1.0658,-0.6388,1.7744,1.1005
405,26.48,-1.9079,-4.2236,3.7683,-1.0506,-0.6347,-0.6441,3.768,2.063,4.122,-3.6613,-5.3114,0.2,0.0,0.0,0.0,-0.9796,-0.6091,-0.65,1.3241,-0.383,1,0,0,0.639,0.238,0.762,0,0,0.0,6,LANDING_PHASE,-1.0506,-0.6347,1.7534,1.0878
406,26.545,-1.9286,-4.2362,3.7554,-1.0368,-0.6316,-0.6441,3.755,2.039,4.099,-3.6613,-5.3114,0.2,0.0,0.0,0.0,-0.9761,-0.6067,-0.65,1.3204,-0.4226,1,0,0,0.641,0.239,0.761,0,0,0.0,6,LANDING_PHASE,-1.0368,-0.6316,1.7327,1.0752
407,26.608,-1.9491,-4.2487,3.7425,-1.0226,-0.6263,-0.6443,3.743,2.015,4.076,-3.6613,-5.3114,0.2,0.0,0.0,0.0,-0.9728,-0.6045,-0.65,1.3169,-0.3864,1,0,0,0.639,0.241,0.759,0,0,0.0,6,LANDING_PHASE,-1.0226,-0.6263,1.7122,1.0627
408,26.675,-1.9693,-4.2612,3.7296,-1.0097,-0.6216,-0.6444,3.73,1.991,4.053,-3.6613,-5.3114,0.2,0.0,0.0,0.0,-0.9696,-0.6023,-0.65,1.3136,-0.4257,1,0,0,0.641,0.239,0.761,0,0,0.0,6,LANDING_PHASE,-1.0097,-0.6216,1.692,1.0502
409,26.76,-1.9892,-4.2735,3.7167,-0.9962,-0.6149,-0.6447,3.717,1.968,4.03,-3.6613,-5.3114,0.2,0.0,0.0,0.0,-0.9666,-0.6004,-0.65,1.3105,-0.3912,1,0,0,0.638,0.239,0.761,0,0,0.0,6,LANDING_PHASE,-0.9962,-0.6149,1.6721,1.0379
410,26.841,-2.0089,-4.2856,3.7038,-0.9836,-0.609,-0.6449,3.704,1.945,4.007,-3.6613,-5.3114,0.2,0.0,0.0,0.0,-0.9637,-0.5984,-0.65,1.3074,-0.4305,1,0,0,0.641,0.238,0.762,0,0,0.0,6,LANDING_PHASE,-0.9836,-0.609,1.6524,1.0258
411,26.914,-2.0283,-4.2977,3.6909,-0.971,-0.6014,-0.6451,3.691,1.922,3.985,-3.6613,-5.3114,0.2,0.0,0.0,0.0,-0.961,-0.5967,-0.65,1.3046,-0.396,1,0,0,0.639,0.241,0.759,0,0,0.0,6,LANDING_PHASE,-0.971,-0.6014,1.633,1.0137
412,26.994,-2.0475,-4.3096,3.678,-0.96,-0.595,-0.6453,3.678,1.899,3.963,-3.6613,-5.3114,0.2,0.0,0.0,0.0,-0.9582,-0.595,-0.65,1.3018,-0.4349,1,0,0,0.643,0.24,0.76,0,0,0.0,6,LANDING_PHASE,-0.96,-0.595,1.6138,1.0018
413,27.09,-2.0665,-4.3213,3.6651,-0.9487,-0.5871,-0.6455,3.665,1.877,3.941,-3.6613,-5.3114,0.2,0.0,0.0,0.0,-0.9556,-0.5935,-0.65,1.2992,-0.3977,1,0,0,0.64,0.238,0.762,0,0,0.0,6,LANDING_PHASE,-0.9487,-0.5871,1.5948,0.9901
414,27.176,-2.0853,-4.3329,3.6522,-0.9386,-0.5807,-0.6455,3.652,1.855,3.919,-3.6613,-5.3114,0.2,0.0,0.0,0.0,-0.953,-0.5919,-0.65,1.2966,-0.4365,1,0,0,0.643,0.245,0.755,0,0,0.0,6,LANDING_PHASE,-0.9386,-0.5807,1.5761,0.9785
415,27.278,-2.1038,-4.3444,3.6393,-0.9293,-0.5729,-0.6456,3.639,1.833,3.897,-3.6613,-5.3114,0.2,0.0,0.0,0.0,-0.9504,-0.5906,-0.65,1.2941,-0.4133,1,0,0,0.644,0.246,0.754,0,0,0.0,6,LANDING_PHASE,-0.9293,-0.5729,1.5575,0.967
416,27.392,-2.1223,-4.3557,3.6264,-0.9225,-0.5668,-0.6459,3.626,1.812,3.876,-3.6613,-5.3114,0.2,0.0,0.0,0.0,-0.9476,-0.5892,-0.65,1.2914,-0.4502,1,0,0,0.65,0.242,0.758,0,0,0.0,6,LANDING_PHASE,-0.9225,-0.5668,1.539,0.9557
417,27.5,-2.1406,-4.3669,3.6135,-0.916,-0.5605,-0.6455,3.613,1.79,3.854,-3.6613,-5.3114,0.2,0.0,0.0,0.0,-0.9448,-0.5879,-0.65,1.2887,-0.4057,1,0,0,0.65,0.246,0.754,0,0,0.0,6,LANDING_PHASE,-0.916,-0.5605,1.5207,0.9445
418,27.597,-2.1588,-4.3781,3.6006,-0.9113,-0.557,-0.6451,3.601,1.769,3.833,-3.6613,-5.3114,0.2,0.0,0.0,0.0,-0.9419,-0.5863,-0.65,1.2858,-0.4415,1,0,0,0.655,0.249,0.751,0,0,0.0,6,LANDING_PHASE,-0.9113,-0.557,1.5025,0.9333
419,27.693,-2.177,-4.3891,3.5877,-0.9069,-0.5532,-0.6448,3.588,1.748,3.812,-3.6613,-5.3114,0.2,0.0,0.0,0.0,-0.9011,-0.561,-0.266,1.0942,-0.3975,1,1,0,0.655,0.248,0.752,0,0,0.0,6,DESCENT_PHASE,-0.9069,-0.5532,1.4843,0.9223
420,27.786,-2.195,-4.4002,3.5776,-0.9034,-0.5514,-0.5025,3.578,1.726,3.793,-3.6613,-5.3114,0.2,0.0,0.0,0.0,-0.8603,-0.5357,-0.1718,1.0279,-0.4418,1,1,0,0.661,0.254,0.746,0,0,0.0,6,DESCENT_PHASE,-0.9034,-0.5514,1.4663,0.9112
421,27.884,-2.213,-4.4111,3.5701,-0.9002,-0.5483,-0.3781,3.57,1.705,3.777,-3.6613,-5.3114,0.2,0.0,0.0,0.0,-0.8195,-0.5104,-0.3832,1.0387,-0.388,1,1,0,0.659,0.257,0.743,0,0,0.0,6,DESCENT_PHASE,-0.9002,-0.5483,1.4483,0.9003
422,27.965,-2.231,-4.4221,3.5625,-0.8984,-0.5486,-0.3784,3.562,1.684,3.761,-3.6613,-5.3114,0.2,0.0,0.0,0.0,-0.7787,-0.4851,-0.3828,0.9941,-0.419,1,1,0,0.663,0.264,0.736,0,0,0.0,6,DESCENT_PHASE,-0.8984,-0.5486,1.4303,0.8893
423,28.054,-2.2489,-4.4331,3.5549,-0.8951,-0.5475,-0.3786,3.555,1.663,3.745,-3.6613,-5.3114,0.2,0.0,0.0,0.0,-0.7379,-0.4598,-0.3824,0.9498,-0.3787,1,1,0,0.661,0.261,0.739,0,0,0.0,6,DESCENT_PHASE,-0.8951,-0.5475,1.4124,0.8784
424,28.139,-2.2667,-4.444,3.5474,-0.8904,-0.5475,-0.3778,3.547,1.642,3.729,-3.6613,-5.3114,0.2,0.0,0.0,0.0,-0.6971,-0.4344,-0.3838,0.9067,-0.3995,1,1,0,0.661,0.262,0.738,0,0,0.0,6,DESCENT_PHASE,-0.8904,-0.5475,1.3946,0.8674
425,28.236,-2.2844,-4.4549,3.5398,-0.8826,-0.5454,-0.3777,3.54,1.622,3.713,-3.6613,-5.3114,0.2,0.0,0.0,0.0,-0.6564,-0.4091,-0.3839,0.8634,-0.3705,1,1,0,0.657,0.247,0.753,0,0,0.0,6,DESCENT_PHASE,-0.8826,-0.5454,1.3769,0.8565
426,28.33,-2.3018,-4.4658,3.5323,-0.8736,-0.5428,-0.3769,3.532,1.601,3.697,-3.6613,-5.3114,0.2,0.0,0.0,0.0,-0.6157,-0.3836,-0.3852,0.8213,-0.3981,1,1,0,0.658,0.248,0.752,0,0,0.0,6,DESCENT_PHASE,-0.8736,-0.5428,1.3595,0.8456
427,28.431,-2.3191,-4.4765,3.5247,-0.8619,-0.5365,-0.3765,3.525,1.581,3.681,-3.6613,-5.3114,0.2,0.0,0.0,0.0,-0.575,-0.3581,-0.386,0.7797,-0.3759,1,1,0,0.654,0.245,0.755,0,0,0.0,6,DESCENT_PHASE,-0.8619,-0.5365,1.3422,0.8349
428,28.53,-2.336,-4.4871,3.5172,-0.8465,-0.529,-0.3756,3.517,1.561,3.666,-3.6613,-5.3114,0.2,0.0,0.0,0.0,-0.5344,-0.3326,-0.3874,0.7391,-0.4006,1,1,0,0.656,0.245,0.755,0,0,0.0,6,DESCENT_PHASE,-0.8465,-0.529,1.3253,0.8243
429,28.618,-2.3526,-4.4974,3.5097,-0.8284,-0.5178,-0.3739,3.51,1.541,3.651,-3.6613,-5.3114,0.2,0.0,0.0,0.0,-0.4938,-0.307,-0.3904,0.7003,-0.38,1,1,0,0.652,0.241,0.759,0,0,0.0,6,DESCENT_PHASE,-0.8284,-0.5178,1.3087,0.814
430,28.724,-2.3687,-4.5075,3.5023,-0.8049,-0.5046,-0.3735,3.502,1.522,3.636,-3.6613,-5.3114,0.2,0.0,0.0,0.0,-0.4533,-0.2812,-0.3911,0.6614,-0.4108,1,1,0,0.656,0.248,0.752,0,0,0.0,6,DESCENT_PHASE,-0.8049,-0.5046,1.2926,0.8039
431,28.826,-2.3843,-4.5173,3.4948,-0.7787,-0.4878,-0.3727,3.495,1.504,3.622,-3.6613,-5.3114,0.2,0.0,0.0,0.0,-0.4548,-0.2822,-0.3924,0.6637,-0.3896,1,1,0,0.653,0.246,0.754,0,0,0.0,6,DESCENT_PHASE,-0.7787,-0.4878,1.2771,0.7941
432,28.918,-2.3992,-4.5267,3.4873,-0.7477,-0.4695,-0.3743,3.487,1.486,3.608,-3.6613,-5.3114,0.2,0.0,0.0,0.0,-0.458,-0.2839,-0.3896,0.665,-0.4306,1,1,0,0.655,0.246,0.754,0,0,0.0,6,DESCENT_PHASE,-0.7477,-0.4695,1.2621,0.7847
433,29.011,-2.4135,-4.5356,3.4798,-0.7145,-0.4481,-0.3759,3.48,1.469,3.594,-3.6613,-5.3114,0.2,0.0,0.0,0.0,-0.4619,-0.2865,-0.3869,0.6672,-0.3942,1,1,0,0.651,0.242,0.758,0,0,0.0,6,DESCENT_PHASE,-0.7145,-0.4481,1.2478,0.7758
434,29.083,-2.4271,-4.5442,3.4723,-0.6801,-0.4263,-0.3779,3.472,1.453,3.58,-3.6613,-5.3114,0.2,0.0,0.0,0.0,-0.4663,-0.2892,-0.3836,0.6695,-0.434,1,1,0,0.652,0.243,0.757,0,0,0.0,6,DESCENT_PHASE,-0.6801,-0.4263,1.2342,0.7673
435,29.175,-2.44,-4.5522,3.4647,-0.6446,-0.4016,-0.3796,3.465,1.438,3.567,-3.6613,-5.3114,0.2,0.0,0.0,0.0,-0.4713,-0.2928,-0.3806,0.6728,-0.4386,1,1,0,0.654,0.238,0.762,0,0,0.0,6,DESCENT_PHASE,-0.6446,-0.4016,1.2213,0.7592
436,29.271,-2.4522,-4.5597,3.457,-0.6097,-0.377,-0.3814,3.457,1.424,3.555,-3.6613,-5.3114,0.2,0.0,0.0,0.0,-0.4764,-0.2965,-0.3776,0.6763,-0.44,1,1,0,0.654,0.24,0.76,0,0,0.0,6,DESCENT_PHASE,-0.6097,-0.377,1.2091,0.7517
437,29.372,-2.4637,-4.5668,3.4494,-0.5748,-0.3538,-0.3819,3.449,1.41,3.542,-3.6613,-5.3114,0.2,0.0,0.0,0.0,-0.4817,-0.3002,-0.3768,0.6813,-0.4424,1,1,0,0.658,0.253,0.747,0,0,0.0,6,DESCENT_PHASE,-0.5748,-0.3538,1.1976,0.7446
438,29.455,-2.4745,-4.5734,3.4417,-0.5427,-0.332,-0.3825,3.442,1.398,3.53,-3.6613,-5.3114,0.2,0.0,0.0,0.0,-0.4867,-0.3038,-0.3758,0.6858,-0.426,1,1,0,0.657,0.247,0.753,0,0,0.0,6,DESCENT_PHASE,-0.5427,-0.332,1.1868,0.738
439,29.543,-2.4848,-4.5797,3.4341,-0.5107,-0.3128,-0.3832,3.434,1.386,3.518,-3.6613,-5.3114,0.2,0.0,0.0,0.0,-0.492,-0.3069,-0.3745,0.6903,-0.44,1,1,0,0.66,0.252,0.748,0,0,0.0,6,DESCENT_PHASE,-0.5107,-0.3128,1.1766,0.7317
440,29.632,-2.4944,-4.5856,3.4264,-0.4819,-0.2945,-0.3832,3.426,1.374,3.507,-3.6613,-5.3114,0.2,0.0,0.0,0.0,-0.4967,-0.31,-0.3746,0.6951,-0.4282,1,1,0,0.66,0.248,0.752,0,0,0.0,6,DESCENT_PHASE,-0.4819,-0.2945,1.1669,0.7258
441,29.713,-2.5035,-4.5912,3.4188,-0.4553,-0.2791,-0.3828,3.419,1.364,3.496,-3.6613,-5.3114,0.2,0.0,0.0,0.0,-0.5013,-0.3127,-0.3753,0.6999,-0.4367,1,1,0,0.664,0.257,0.743,0,0,0.0,6,DESCENT_PHASE,-0.4553,-0.2791,1.1578,0.7202
442,29.799,-2.5122,-4.5965,3.4111,-0.4338,-0.2654,-0.3821,3.411,1.353,3.485,-3.6613,-5.3114,0.2,0.0,0.0,0.0,-0.5048,-0.315,-0.3765,0.7042,-0.4168,1,1,0,0.663,0.255,0.745,0,0,0.0,6,DESCENT_PHASE,-0.4338,-0.2654,1.1491,0.7149
443,29.866,-2.5205,-4.6016,3.4035,-0.4147,-0.2548,-0.3814,3.403,1.344,3.474,-3.6613,-5.3114,0.2,0.0,0.0,0.0,-0.508,-0.3168,-0.3776,0.7078,-0.4459,1,1,0,0.669,0.256,0.744,0,0,0.0,6,DESCENT_PHASE,-0.4147,-0.2548,1.1409,0.7098
444,29.932,-2.5285,-4.6065,3.3959,-0.4011,-0.2454,-0.3805,3.396,1.334,3.463,-3.6613,-5.3114,0.2,0.0,0.0,0.0,-0.5102,-0.3183,-0.3791,0.7109,-0.4224,1,1,0,0.669,0.26,0.74,0,0,0.0,6,DESCENT_PHASE,-0.4011,-0.2454,1.1328,0.7049
445,30.013,-2.5363,-4.6113,3.3883,-0.3899,-0.2392,-0.3803,3.388,1.325,3.453,-3.6613,-5.3114,0.2,0.0,0.0,0.0,-0.5119,-0.3193,-0.3794,0.7127,-0.4443,1,1,0,0.675,0.264,0.736,0,0,0.0,6,DESCENT_PHASE,-0.3899,-0.2392,1.125,0.7001
446,30.097,-2.544,-4.616,3.3807,-0.3838,-0.2345,-0.3791,3.381,1.316,3.442,-3.6613,-5.3114,0.2,0.0,0.0,0.0,-0.5125,-0.3199,-0.3815,0.7145,-0.4163,1,1,0,0.677,0.262,0.738,0,0,0.0,6,DESCENT_PHASE,-0.3838,-0.2345,1.1174,0.6955
447,30.178,-2.5516,-4.6206,3.3731,-0.3798,-0.2331,-0.3784,3.373,1.307,3.432,-3.6613,-5.3114,0.2,0.0,0.0,0.0,-0.5127,-0.3199,-0.3827,0.7153,-0.4403,1,1,0,0.683,0.265,0.735,0,0,0.0,6,DESCENT_PHASE,-0.3798,-0.2331,1.1098,0.6908
448,30.249,-2.5592,-4.6253,3.3656,-0.3803,-0.2331,-0.3781,3.366,1.298,3.421,-3.6613,-5.3114,0.2,0.0,0.0,0.0,-0.512,-0.3195,-0.3833,0.7149,-0.415,1,1,0,0.685,0.268,0.732,0,0,0.0,6,DESCENT_PHASE,-0.3803,-0.2331,1.1022,0.6861
449,30.324,-2.5668,-4.63,3.358,-0.382,-0.2364,-0.3779,3.358,1.289,3.411,-3.6613,-5.3114,0.2,0.0,0.0,0.0,-0.511,-0.3184,-0.3836,0.7139,-0.4089,1,1,0,0.687,0.268,0.732,0,0,0.0,6,DESCENT_PHASE,-0.382,-0.2364,1.0945,0.6814
450,30.391,-2.5746,-4.6348,3.3504,-0.3879,-0.2412,-0.378,3.35,1.28,3.401,-3.6613,-5.3114,0.2,0.0,0.0,0.0,-0.5091,-0.317,-0.3833,0.7117,-0.3998,1,1,0,0.687,0.276,0.724,0,0,0.0,6,DESCENT_PHASE,-0.3879,-0.2412,1.0868,0.6766
451,30.452,-2.5825,-4.6398,3.3429,-0.3955,-0.2471,-0.3786,3.343,1.271,3.39,-3.6613,-5.3114,0.2,0.0,0.0,0.0,-0.5068,-0.3153,-0.3824,0.7088,-0.4337,1,1,0,0.692,0.274,0.726,0,0,0.0,6,DESCENT_PHASE,-0.3955,-0.2471,1.0788,0.6716
452,30.519,-2.5906,-4.6448,3.3353,-0.4043,-0.2531,-0.3779,3.335,1.261,3.38,-3.6613,-5.3114,0.2,0.0,0.0,0.0,-0.5041,-0.3135,-0.3835,0.7067,-0.3947,1,1,0,0.692,0.277,0.723,0,0,0.0,6,DESCENT_PHASE,-0.4043,-0.2531,1.0708,0.6666
453,30.59,-2.5988,-4.6501,3.3277,-0.414,-0.2616,-0.3784,3.328,1.251,3.369,-3.6613,-5.3114,0.2,0.0,0.0,0.0,-0.5012,-0.3111,-0.3827,0.7032,-0.4113,1,1,0,0.693,0.276,0.724,0,0,0.0,6,DESCENT_PHASE,-0.414,-0.2616,1.0625,0.6613
454,30.66,-2.6073,-4.6555,3.3202,-0.4229,-0.2695,-0.3787,3.32,1.241,3.358,-3.6613,-5.3114,0.2,0.0,0.0,0.0,-0.4985,-0.3088,-0.3822,0.7,-0.3799,1,1,0,0.69,0.279,0.721,0,0,0.0,6,DESCENT_PHASE,-0.4229,-0.2695,1.054,0.6559
455,30.728,-2.616,-4.661,3.3126,-0.4331,-0.278,-0.3786,3.313,1.231,3.347,-3.6613,-5.3114,0.2,0.0,0.0,0.0,-0.4954,-0.3063,-0.3824,0.6968,-0.4161,1,1,0,0.692,0.278,0.722,0,0,0.0,6,DESCENT_PHASE,-0.4331,-0.278,1.0454,0.6504
456,30.8,-2.6248,-4.6667,3.305,-0.4426,-0.2845,-0.3786,3.305,1.221,3.336,-3.6613,-5.3114,0.2,0.0,0.0,0.0,-0.4925,-0.3042,-0.3823,0.6937,-0.378,1,1,0,0.689,0.272,0.728,0,0,0.0,6,DESCENT_PHASE,-0.4426,-0.2845,1.0365,0.6447
457,30.866,-2.6339,-4.6726,3.2975,-0.4531,-0.2919,-0.3788,3.297,1.21,3.325,-3.6613,-5.3114,0.2,0.0,0.0,0.0,-0.4892,-0.3018,-0.382,0.6902,-0.4142,1,1,0,0.69,0.274,0.726,0,0,0.0,6,DESCENT_PHASE,-0.4531,-0.2919,1.0274,0.6389
458,30.932,-2.6431,-4.6785,3.2899,-0.4628,-0.2969,-0.379,3.29,1.199,3.314,-3.6613,-5.3114,0.2,0.0,0.0,0.0,-0.4861,-0.3,-0.3818,0.6871,-0.3847,1,1,0,0.687,0.274,0.726,0,0,0.0,6,DESCENT_PHASE,-0.4628,-0.2969,1.0182,0.6329
459,30.998,-2.6526,-4.6845,3.2823,-0.4734,-0.3023,-0.379,3.282,1.188,3.303,-3.6613,-5.3114,0.2,0.0,0.0,0.0,-0.4827,-0.2981,-0.3817,0.6837,-0.42,1,1,0,0.689,0.271,0.729,0,0,0.0,6,DESCENT_PHASE,-0.4734,-0.3023,1.0087,0.6269
460,31.072,-2.6623,-4.6907,3.2747,-0.483,-0.3057,-0.379,3.275,1.176,3.292,-3.6613,-5.3114,0.2,0.0,0.0,0.0,-0.4795,-0.2966,-0.3817,0.6808,-0.3814,1,1,0,0.686,0.266,0.734,0,0,0.0,6,DESCENT_PHASE,-0.483,-0.3057,0.9991,0.6208
461,31.139,-2.6721,-4.6969,3.2671,-0.4927,-0.3098,-0.379,3.267,1.165,3.281,-3.6613,-5.3114,0.2,0.0,0.0,0.0,-0.4762,-0.2949,-0.3816,0.6778,-0.4177,1,1,0,0.687,0.265,0.735,0,0,0.0,6,DESCENT_PHASE,-0.4927,-0.3098,0.9892,0.6146
462,31.201,-2.6821,-4.7031,3.2596,-0.501,-0.3115,-0.3791,3.26,1.153,3.27,-3.6613,-5.3114,0.2,0.0,0.0,0.0,-0.4731,-0.2939,-0.3815,0.6751,-0.3905,1,1,0,0.685,0.263,0.737,0,0,0.0,6,DESCENT_PHASE,-0.501,-0.3115,0.9792,0.6083
463,31.263,-2.6923,-4.7093,3.252,-0.5093,-0.3134,-0.379,3.252,1.141,3.258,-3.6613,-5.3114,0.2,0.0,0.0,0.0,-0.47,-0.2928,-0.3818,0.6726,-0.4271,1,1,0,0.687,0.264,0.736,0,0,0.0,6,DESCENT_PHASE,-0.5093,-0.3134,0.969,0.6021
464,31.336,-2.7026,-4.7156,3.2444,-0.5157,-0.3134,-0.3789,3.244,1.129,3.247,-3.6613,-5.3114,0.2,0.0,0.0,0.0,-0.4672,-0.2921,-0.3818,0.6704,-0.3874,1,1,0,0.685,0.264,0.736,0,0,0.0,6,DESCENT_PHASE,-0.5157,-0.3134,0.9587,0.5958
465,31.405,-2.7131,-4.7219,3.2368,-0.5219,-0.3143,-0.3788,3.237,1.117,3.236,-3.6613,-5.3114,0.2,0.0,0.0,0.0,-0.4645,-0.2913,-0.382,0.6683,-0.4242,1,1,0,0.687,0.266,0.734,0,0,0.0,6,DESCENT_PHASE,-0.5219,-0.3143,0.9482,0.5895
466,31.47,-2.7236,-4.7282,3.2292,-0.526,-0.3129,-0.3788,3.229,1.104,3.224,-3.6613,-5.3114,0.2,0.0,0.0,0.0,-0.4623,-0.2911,-0.382,0.6666,-0.3905,1,1,0,0.685,0.264,0.736,0,0,0.0,6,DESCENT_PHASE,-0.526,-0.3129,0.9377,0.5833
467,31.535,-2.7342,-4.7344,3.2217,-0.5298,-0.3121,-0.3786,3.222,1.092,3.213,-3.6613,-5.3114,0.2,0.0,0.0,0.0,-0.46,-0.2908,-0.3824,0.6651,-0.4277,1,1,0,0.687,0.264,0.736,0,0,0.0,6,DESCENT_PHASE,-0.5298,-0.3121,0.9271,0.577
468,31.599,-2.7448,-4.7406,3.2141,-0.5313,-0.309,-0.3786,3.214,1.08,3.202,-3.6613,-5.3114,0.2,0.0,0.0,0.0,-0.4584,-0.2911,-0.3824,0.6641,-0.3913,1,1,0,0.685,0.266,0.734,0,0,0.0,6,DESCENT_PHASE,-0.5313,-0.309,0.9165,0.5708
469,31.667,-2.7555,-4.7467,3.2065,-0.5321,-0.3066,-0.3784,3.207,1.067,3.19,-3.6613,-5.3114,0.2,0.0,0.0,0.0,-0.4568,-0.2913,-0.3827,0.6633,-0.4289,1,1,0,0.687,0.27,0.73,0,0,0.0,6,DESCENT_PHASE,-0.5321,-0.3066,0.9059,0.5647
470,31.728,-2.7661,-4.7528,3.199,-0.5304,-0.302,-0.3786,3.199,1.055,3.179,-3.6613,-5.3114,0.2,0.0,0.0,0.0,-0.4559,-0.292,-0.3825,0.6629,-0.4007,1,1,0,0.687,0.271,0.729,0,0,0.0,6,DESCENT_PHASE,-0.5304,-0.302,0.8953,0.5587
471,31.795,-2.7766,-4.7587,3.1914,-0.5279,-0.298,-0.3783,3.191,1.043,3.168,-3.6613,-5.3114,0.2,0.0,0.0,0.0,-0.4552,-0.2927,-0.3829,0.663,-0.4388,1,1,0,0.691,0.27,0.73,0,0,0.0,6,DESCENT_PHASE,-0.5279,-0.298,0.8847,0.5527
472,31.859,-2.7871,-4.7646,3.1838,-0.5229,-0.2926,-0.3785,3.184,1.031,3.157,-3.6613,-5.3114,0.2,0.0,0.0,0.0,-0.4552,-0.2939,-0.3825,0.6632,-0.4033,1,1,0,0.689,0.271,0.729,0,0,0.0,6,DESCENT_PHASE,-0.5229,-0.2926,0.8742,0.5468
473,31.929,-2.7974,-4.7703,3.1763,-0.5171,-0.2885,-0.3785,3.176,1.019,3.146,-3.6613,-5.3114,0.2,0.0,0.0,0.0,-0.4554,-0.2947,-0.3825,0.6637,-0.4416,1,1,0,0.693,0.271,0.729,0,0,0.0,6,DESCENT_PHASE,-0.5171,-0.2885,0.8639,0.5411
474,32.011,-2.8076,-4.776,3.1687,-0.5103,-0.2832,-0.3785,3.169,1.008,3.135,-3.6613,-5.3114,0.2,0.0,0.0,0.0,-0.456,-0.2959,-0.3826,0.6647,-0.398,1,1,0,0.691,0.272,0.728,0,0,0.0,6,DESCENT_PHASE,-0.5103,-0.2832,0.8537,0.5354
475,32.077,-2.8177,-4.7816,3.1611,-0.5039,-0.2794,-0.3785,3.161,0.996,3.124,-3.6613,-5.3114,0.2,0.0,0.0,0.0,-0.4564,-0.2967,-0.3825,0.6653,-0.4361,1,1,0,0.694,0.269,0.731,0,0,0.0,6,DESCENT_PHASE,-0.5039,-0.2794,0.8436,0.5298
476,32.149,-2.8276,-4.7871,3.1535,-0.4964,-0.2739,-0.3788,3.154,0.985,3.113,-3.6613,-5.3114,0.2,0.0,0.0,0.0,-0.4572,-0.298,-0.382,0.6661,-0.4151,1,1,0,0.695,0.276,0.724,0,0,0.0,6,DESCENT_PHASE,-0.4964,-0.2739,0.8337,0.5243
477,32.216,-2.8374,-4.7925,3.146,-0.4893,-0.2696,-0.3793,3.146,0.974,3.103,-3.6613,-5.3114,0.2,0.0,0.0,0.0,-0.4579,-0.299,-0.3811,0.6666,-0.4498,1,1,0,0.7,0.284,0.716,0,0,0.0,6,DESCENT_PHASE,-0.4893,-0.2696,0.8239,0.519
478,32.278,-2.847,-4.7978,3.1384,-0.4809,-0.2651,-0.3789,3.138,0.963,3.092,-3.6613,-5.3114,0.2,0.0,0.0,0.0,-0.459,-0.3001,-0.3818,0.6682,-0.4046,1,1,0,0.701,0.287,0.713,0,0,0.0,6,DESCENT_PHASE,-0.4809,-0.2651,0.8143,0.5137
479,32.356,-2.8565,-4.803,3.1308,-0.4727,-0.2635,-0.3787,3.131,0.952,3.082,-3.6613,-5.3114,0.2,0.0,0.0,0.0,-0.4601,-0.3004,-0.3822,0.6694,-0.4386,1,1,0,0.706,0.289,0.711,0,0,0.0,6,DESCENT_PHASE,-0.4727,-0.2635,0.8048,0.5084
480,32.422,-2.8658,-4.8083,3.1232,-0.4636,-0.2617,-0.3788,3.123,0.941,3.071,-3.6613,-5.3114,0.2,0.0,0.0,0.0,-0.4616,-0.3007,-0.382,0.6704,-0.3949,1,1,0,0.706,0.278,0.722,0,0,0.0,6,DESCENT_PHASE,-0.4636,-0.2617,0.7956,0.5031
481,32.484,-2.8749,-4.8135,3.1156,-0.4551,-0.2625,-0.3787,3.116,0.931,3.061,-3.6613,-5.3114,0.2,0.0,0.0,0.0,-0.4629,-0.3003,-0.3821,0.6712,-0.4283,1,1,0,0.94,0.291,0.709,0,0,0.0,6,DESCENT_PHASE,-0.4551,-0.2625,0.7865,0.4979
482,32.546,-2.8838,-4.8188,3.1081,-0.4465,-0.2631,-0.3792,3.108,0.92,3.05,-3.6613,-5.3114,0.2,0.0,0.0,0.0,-0.4643,-0.2998,-0.3813,0.6715,-0.3938,1,1,0,0.94,0.291,0.709,0,0,0.0,6,DESCENT_PHASE,-0.4465,-0.2631,0.7775,0.4926
483,32.608,-2.8926,-4.8241,3.1005,-0.4394,-0.2662,-0.3789,3.1,0.91,3.04,-3.6613,-5.3114,0.2,0.0,0.0,0.0,-0.4655,-0.2986,-0.3819,0.672,-0.4156,1,1,0,0.942,0.292,0.708,0,0,0.0,6,DESCENT_PHASE,-0.4394,-0.2662,0.7687,0.4873
484,32.671,-2.9012,-4.8295,3.0929,-0.432,-0.269,-0.3787,3.093,0.9,3.03,-3.6613,-5.3114,0.2,0.0,0.0,0.0,-0.4668,-0.2974,-0.3822,0.6726,-0.3758,1,1,0,0.709,0.284,0.716,0,0,0.0,6,DESCENT_PHASE,-0.432,-0.269,0.7601,0.4819
485,32.733,-2.9098,-4.8349,3.0853,-0.4264,-0.2727,-0.3787,3.085,0.89,3.019,-3.6613,-5.3114,0.2,0.0,0.0,0.0,-0.4676,-0.2958,-0.3822,0.6724,-0.4157,1,1,0,0.71,0.28,0.72,0,0,0.0,6,DESCENT_PHASE,-0.4264,-0.2727,0.7516,0.4765
486,32.8,-2.9182,-4.8404,3.0778,-0.4209,-0.2741,-0.3788,3.078,0.88,3.009,-3.6613,-5.3114,0.2,0.0,0.0,0.0,-0.4685,-0.2948,-0.3821,0.6726,-0.3881,1,1,0,0.708,0.283,0.717,0,0,0.0,6,DESCENT_PHASE,-0.4209,-0.2741,0.7431,0.471
487,32.864,-2.9265,-4.8459,3.0702,-0.4172,-0.2762,-0.3786,3.07,0.87,2.999,-3.6613,-5.3114,0.2,0.0,0.0,0.0,-0.4689,-0.2935,-0.3823,0.6725,-0.428,1,1,0,0.71,0.285,0.715,0,0,0.0,6,DESCENT_PHASE,-0.4172,-0.2762,0.7348,0.4655
488,32.927,-2.9348,-4.8515,3.0626,-0.4134,-0.2766,-0.3786,3.063,0.86,2.989,-3.6613,-5.3114,0.2,0.0,0.0,0.0,-0.4694,-0.2927,-0.3825,0.6725,-0.388,1,1,0,0.707,0.284,0.716,0,0,0.0,6,DESCENT_PHASE,-0.4134,-0.2766,0.7265,0.4599
489,32.99,-2.943,-4.857,3.055,-0.4112,-0.2783,-0.3786,3.055,0.85,2.979,-3.6613,-5.3114,0.2,0.0,0.0,0.0,-0.4694,-0.2915,-0.3824,0.672,-0.4278,1,1,0,0.709,0.291,0.709,0,0,0.0,6,DESCENT_PHASE,-0.4112,-0.2783,0.7183,0.4544
490,33.054,-2.9512,-4.8626,3.0475,-0.4089,-0.278,-0.3786,3.047,0.84,2.969,-3.6613,-5.3114,0.2,0.0,0.0,0.0,-0.4695,-0.2909,-0.3824,0.6718,-0.3915,1,1,0,0.706,0.285,0.715,0,0,0.0,6,DESCENT_PHASE,-0.4089,-0.278,0.7101,0.4488
491,33.129,-2.9593,-4.8682,3.0399,-0.4081,-0.2786,-0.3785,3.04,0.83,2.959,-3.6613,-5.3114,0.2,0.0,0.0,0.0,-0.4692,-0.29,-0.3826,0.6713,-0.4313,1,1,0,0.707,0.281,0.719,0,0,0.0,6,DESCENT_PHASE,-0.4081,-0.2786,0.702,0.4432
492,33.194,-2.9675,-4.8737,3.0323,-0.4078,-0.2771,-0.3785,3.032,0.82,2.949,-3.6613,-5.3114,0.2,0.0,0.0,0.0,-0.4687,-0.2897,-0.3825,0.6708,-0.4133,1,1,0,0.706,0.278,0.722,0,0,0.0,6,DESCENT_PHASE,-0.4078,-0.2771,0.6938,0.4377
493,33.258,-2.9757,-4.8792,3.0248,-0.4096,-0.2764,-0.3784,3.025,0.81,2.939,-3.6613,-5.3114,0.2,0.0,0.0,0.0,-0.4676,-0.2892,-0.3827,0.6699,-0.4488,1,1,0,0.952,0.286,0.714,0,0,0.0,6,DESCENT_PHASE,-0.4096,-0.2764,0.6856,0.4322
494,33.325,-2.9839,-4.8847,3.0172,-0.4113,-0.2751,-0.3788,3.017,0.801,2.929,-3.6613,-5.3114,0.2,0.0,0.0,0.0,-0.4665,-0.2889,-0.382,0.6686,-0.4098,1,1,0,0.953,0.289,0.711,0,0,0.0,6,DESCENT_PHASE,-0.4113,-0.2751,0.6774,0.4267
495,33.399,-2.9922,-4.8903,3.0096,-0.4147,-0.2765,-0.3785,3.01,0.791,2.919,-3.6613,-5.3114,0.2,0.0,0.0,0.0,-0.4648,-0.2878,-0.3825,0.6672,-0.4293,1,1,0,0.954,0.29,0.71,0,0,0.0,6,DESCENT_PHASE,-0.4147,-0.2765,0.6691,0.4211
496,33.471,-3.0006,-4.8958,3.002,-0.4182,-0.2775,-0.3784,3.002,0.781,2.909,-3.6613,-5.3114,0.2,0.0,0.0,0.0,-0.4631,-0.2868,-0.3827,0.6657,-0.3894,1,1,0,0.954,0.289,0.711,0,0,0.0,6,DESCENT_PHASE,-0.4182,-0.2775,0.6607,0.4156
497,33.541,-3.0091,-4.9014,2.9945,-0.4238,-0.2796,-0.3786,2.994,0.77,2.899,-3.6613,-5.3114,0.2,0.0,0.0,0.0,-0.4607,-0.2855,-0.3824,0.6633,-0.4217,1,1,0,0.958,0.295,0.705,0,0,0.0,6,DESCENT_PHASE,-0.4238,-0.2796,0.6523,0.41
498,33.613,-3.0176,-4.907,2.9869,-0.4297,-0.2797,-0.3786,2.987,0.76,2.889,-3.6613,-5.3114,0.2,0.0,0.0,0.0,-0.4582,-0.2848,-0.3823,0.6612,-0.3972,1,1,0,0.958,0.293,0.707,0,0,0.0,6,DESCENT_PHASE,-0.4297,-0.2797,0.6437,0.4044
499,33.683,-3.0264,-4.9126,2.9793,-0.4363,-0.2803,-0.3786,2.979,0.75,2.879,-3.6613,-5.3114,0.2,0.0,0.0,0.0,-0.4553,-0.284,-0.3824,0.659,-0.4328,1,1,0,0.959,0.294,0.706,0,0,0.0,6,DESCENT_PHASE,-0.4363,-0.2803,0.6349,0.3988
500,33.748,-3.0352,-4.9182,2.9718,-0.4415,-0.2797,-0.3786,2.972,0.739,2.869,-3.6613,-5.3114,0.2,0.0,0.0,0.0,-0.4529,-0.2836,-0.3825,0.6571,-0.3915,1,1,0,0.959,0.291,0.709,0,0,0.0,6,DESCENT_PHASE,-0.4415,-0.2797,0.6261,0.3932
501,33.815,-3.0441,-4.9238,2.9642,-0.4468,-0.2805,-0.3786,2.964,0.729,2.859,-3.6613,-5.3114,0.2,0.0,0.0,0.0,-0.4504,-0.2828,-0.3824,0.655,-0.4271,1,1,0,0.961,0.293,0.707,0,0,0.0,6,DESCENT_PHASE,-0.4468,-0.2805,0.6172,0.3876
502,33.878,-3.0532,-4.9294,2.9566,-0.4506,-0.2797,-0.3785,2.957,0.718,2.849,-3.6613,-5.3114,0.2,0.0,0.0,0.0,-0.4483,-0.2826,-0.3825,0.6535,-0.3855,1,1,0,0.963,0.288,0.712,0,0,0.0,6,DESCENT_PHASE,-0.4506,-0.2797,0.6082,0.382
503,33.939,-3.0622,-4.935,2.949,-0.4544,-0.28,-0.3785,2.949,0.708,2.839,-3.6613,-5.3114,0.2,0.0,0.0,0.0,-0.4461,-0.2821,-0.3825,0.6518,-0.4211,1,1,0,0.964,0.296,0.704,0,0,0.0,6,DESCENT_PHASE,-0.4544,-0.28,0.5991,0.3764
504,34.004,-3.0714,-4.9406,2.9415,-0.4564,-0.2781,-0.3786,2.941,0.697,2.829,-3.6613,-5.3114,0.2,0.0,0.0,0.0,-0.4445,-0.2822,-0.3823,0.6507,-0.3883,1,1,0,0.964,0.291,0.709,0,0,0.0,6,DESCENT_PHASE,-0.4564,-0.2781,0.59,0.3708
505,34.072,-3.0805,-4.9461,2.9339,-0.4584,-0.2771,-0.3785,2.934,0.686,2.819,-3.6613,-5.3114,0.2,0.0,0.0,0.0,-0.4429,-0.2822,-0.3825,0.6497,-0.424,1,1,0,0.964,0.286,0.714,0,0,0.0,6,DESCENT_PHASE,-0.4584,-0.2771,0.5808,0.3653
506,34.147,-3.0897,-4.9516,2.9263,-0.4586,-0.2743,-0.3786,2.926,0.675,2.809,-3.6613,-5.3114,0.2,0.0,0.0,0.0,-0.4418,-0.2828,-0.3824,0.6491,-0.3857,1,1,0,0.966,0.285,0.715,0,0,0.0,6,DESCENT_PHASE,-0.4586,-0.2743,0.5716,0.3598
507,34.213,-3.0989,-4.9571,2.9188,-0.4585,-0.2726,-0.3785,2.919,0.665,2.799,-3.6613,-5.3114,0.2,0.0,0.0,0.0,-0.4408,-0.2831,-0.3825,0.6487,-0.4214,1,1,0,0.966,0.294,0.706,0,0,0.0,6,DESCENT_PHASE,-0.4585,-0.2726,0.5624,0.3544
508,34.277,-3.108,-4.9624,2.9112,-0.4573,-0.2691,-0.3787,2.911,0.654,2.789,-3.6613,-5.3114,0.2,0.0,0.0,0.0,-0.4401,-0.284,-0.3823,0.6485,-0.3945,1,1,0,0.966,0.289,0.711,0,0,0.0,6,DESCENT_PHASE,-0.4573,-0.2691,0.5533,0.349
509,34.342,-3.1172,-4.9678,2.9036,-0.4567,-0.2667,-0.3785,2.904,0.644,2.779,-3.6613,-5.3114,0.2,0.0,0.0,0.0,-0.4392,-0.2846,-0.3825,0.6483,-0.4301,1,1,0,0.966,0.297,0.703,0,0,0.0,6,DESCENT_PHASE,-0.4567,-0.2667,0.5442,0.3436
510,34.406,-3.1262,-4.973,2.896,-0.4546,-0.2635,-0.3785,2.896,0.633,2.769,-3.6613,-5.3114,0.2,0.0,0.0,0.0,-0.4389,-0.2856,-0.3826,0.6485,-0.3872,1,1,0,0.967,0.307,0.693,0,0,0.0,6,DESCENT_PHASE,-0.4546,-0.2635,0.5351,0.3384
511,34.473,-3.1353,-4.9783,2.8885,-0.4526,-0.2622,-0.3785,2.888,0.623,2.76,-3.6613,-5.3114,0.2,0.0,0.0,0.0,-0.4384,-0.2859,-0.3825,0.6483,-0.4227,1,1,0,0.967,0.311,0.689,0,0,0.0,6,DESCENT_PHASE,-0.4526,-0.2622,0.526,0.3331
512,34.543,-3.1443,-4.9835,2.8809,-0.449,-0.2596,-0.3787,2.881,0.612,2.75,-3.6613,-5.3114,0.2,0.0,0.0,0.0,-0.4386,-0.2867,-0.3823,0.6486,-0.3873,1,1,0,0.969,0.316,0.684,0,0,0.0,6,DESCENT_PHASE,-0.449,-0.2596,0.517,0.3279
513,34.608,-3.1532,-4.9887,2.8733,-0.4454,-0.2587,-0.3785,2.873,0.602,2.74,-3.6613,-5.3114,0.2,0.0,0.0,0.0,-0.4387,-0.2869,-0.3825,0.6489,-0.4228,1,1,0,0.97,0.318,0.682,0,0,0.0,6,DESCENT_PHASE,-0.4454,-0.2587,0.5081,0.3228
514,34.671,-3.162,-4.9938,2.8658,-0.4418,-0.2567,-0.3785,0.308,0.592,2.731,-3.6613,-5.3114,0.2,0.0,0.0,0.0,-0.4389,-0.2875,-0.3826,0.6493,-0.3797,1,1,2,0.97,0.315,0.685,0,0,0.0,6,SETTLE_PHASE,-0.4418,-0.2567,0.4993,0.3176
515,34.734,-3.1708,-4.9989,2.8603,-0.4392,-0.2566,-0.2735,0.302,0.582,2.723,-3.6613,-5.3114,0.2,0.0,0.0,0.0,-0.4387,-0.2875,-0.561,0.768,-0.4104,1,1,2,0.97,0.327,0.673,0,0,0.0,6,SETTLE_PHASE,-0.4392,-0.2566,0.4905,0.3125
516,34.797,-3.1795,-5.004,2.8561,-0.4367,-0.2547,-0.2078,0.298,0.571,2.717,-3.6613,-5.3114,0.2,0.0,0.0,0.0,-0.4385,-0.2881,-0.6727,0.8531,-0.3869,1,1,2,0.971,0.325,0.675,0,0,0.0,6,SETTLE_PHASE,-0.4367,-0.2547,0.4818,0.3074
517,34.859,-3.1881,-5.0091,2.8528,-0.4295,-0.254,-0.166,0.295,0.562,2.712,-3.6613,-5.3114,0.2,0.0,0.0,0.0,-0.44,-0.2883,-0.7438,0.9111,-0.3974,1,1,2,0.971,0.328,0.672,0,0,0.0,6,SETTLE_PHASE,-0.4295,-0.254,0.4732,0.3023
518,34.924,-3.1966,-5.0141,2.85,-0.4221,-0.252,-0.1391,0.292,0.552,2.707,-3.6613,-5.3114,0.2,0.0,0.0,0.0,-0.4329,-0.2832,-0.7895,0.9439,-0.3773,1,1,2,0.97,0.314,0.686,0,0,0.0,6,SETTLE_PHASE,-0.4221,-0.252,0.4647,0.2973
519,34.99,-3.2048,-5.0191,2.8476,-0.4113,-0.2491,-0.1222,0.289,0.542,2.703,-3.6613,-5.3114,0.2,0.0,0.0,0.0,-0.4257,-0.2776,-0.8182,0.9632,-0.4082,1,1,2,0.97,0.321,0.679,0,0,0.0,6,SETTLE_PHASE,-0.4113,-0.2491,0.4565,0.2923
520,35.071,-3.2128,-5.024,2.8454,-0.4004,-0.2434,-0.1114,0.287,0.533,2.698,-3.6613,-5.3114,0.2,0.0,0.0,0.0,-0.4189,-0.2731,-0.8366,0.9747,-0.3897,1,1,2,0.97,0.313,0.687,0,0,0.0,6,SETTLE_PHASE,-0.4004,-0.2434,0.4485,0.2874
521,35.153,-3.2205,-5.0287,2.8433,-0.386,-0.237,-0.1056,0.285,0.524,2.695,-3.6613,-5.3114,0.2,0.0,0.0,0.0,-0.4137,-0.2691,-0.8466,0.9799,-0.4141,1,1,2,0.97,0.318,0.682,0,0,0.0,6,SETTLE_PHASE,-0.386,-0.237,0.4408,0.2827
522,35.231,-3.228,-5.0333,2.8412,-0.3711,-0.2281,-0.1012,0.283,0.515,2.691,-3.6613,-5.3114,0.2,0.0,0.0,0.0,-0.4091,-0.2662,-0.8539,0.9836,-0.3912,1,1,2,0.97,0.312,0.688,0,0,0.0,6,SETTLE_PHASE,-0.3711,-0.2281,0.4334,0.2781
523,35.294,-3.235,-5.0377,2.8392,-0.3535,-0.2187,-0.099,0.281,0.507,2.687,-3.6613,-5.3114,0.2,0.0,0.0,0.0,-0.406,-0.2637,-0.8576,0.9849,-0.4208,1,1,2,0.97,0.316,0.684,0,0,0.0,6,SETTLE_PHASE,-0.3535,-0.2187,0.4263,0.2738
524,35.357,-3.2417,-5.0418,2.8373,-0.3359,-0.2074,-0.0978,0.279,0.499,2.684,-3.6613,-5.3114,0.2,0.0,0.0,0.0,-0.4035,-0.2623,-0.8597,0.9852,-0.3976,1,1,2,0.97,0.313,0.687,0,0,0.0,6,SETTLE_PHASE,-0.3359,-0.2074,0.4196,0.2696
525,35.419,-3.2481,-5.0457,2.8353,-0.3165,-0.1962,-0.0976,0.277,0.491,2.681,-3.6613,-5.3114,0.2,0.0,0.0,0.0,-0.4021,-0.2612,-0.8602,0.9848,-0.4239,1,1,2,0.971,0.316,0.684,0,0,0.0,6,SETTLE_PHASE,-0.3165,-0.1962,0.4133,0.2657
526,35.482,-3.254,-5.0494,2.8334,-0.2982,-0.1836,-0.0977,0.275,0.484,2.678,-3.6613,-5.3114,0.2,0.0,0.0,0.0,-0.4009,-0.2609,-0.8599,0.984,-0.4007,1,1,2,0.971,0.316,0.684,0,0,0.0,6,SETTLE_PHASE,-0.2982,-0.1836,0.4073,0.262
527,35.546,-3.2596,-5.0528,2.8314,-0.2778,-0.1713,-0.0984,0.263,0.478,2.674,-3.6613,-5.3114,0.2,0.0,0.0,0.0,-0.401,-0.2609,-0.8588,0.983,-0.4392,1,1,2,0.971,0.315,0.685,0,0,0.0,6,SETTLE_PHASE,-0.2778,-0.1713,0.4017,0.2586
528,35.609,-3.2648,-5.056,2.8294,-0.2583,-0.1579,-0.099,0.261,0.472,2.671,-3.6613,-5.3114,0.2,0.0,0.0,0.0,-0.4014,-0.2616,-0.8578,0.9825,-0.3933,1,1,2,0.971,0.311,0.689,0,0,0.0,6,SETTLE_PHASE,-0.2583,-0.1579,0.3966,0.2554
529,35.672,-3.2696,-5.0589,2.8275,-0.2405,-0.1462,-0.0995,0.259,0.466,2.668,-3.6613,-5.3114,0.2,0.0,0.0,0.0,-0.4017,-0.2621,-0.8569,0.982,-0.4335,1,1,2,0.971,0.308,0.692,0,0,0.0,6,SETTLE_PHASE,-0.2405,-0.1462,0.3918,0.2525
530,35.737,-3.274,-5.0616,2.8254,-0.2227,-0.1327,-0.1004,0.257,0.461,2.666,-3.6613,-5.3114,0.2,0.0,0.0,0.0,-0.4024,-0.2636,-0.8553,0.9813,-0.4276,1,1,2,0.971,0.312,0.688,0,0,0.0,6,SETTLE_PHASE,-0.2227,-0.1327,0.3873,0.2498
531,35.798,-3.2781,-5.064,2.8234,-0.2064,-0.1205,-0.1012,0.255,0.456,2.663,-3.6613,-5.3114,0.2,0.0,0.0,0.0,-0.403,-0.265,-0.8539,0.9807,-0.4373,1,1,2,0.971,0.326,0.674,0,0,0.0,6,SETTLE_PHASE,-0.2064,-0.1205,0.3832,0.2474
532,35.86,-3.282,-5.0662,2.8214,-0.191,-0.1094,-0.101,0.253,0.452,2.66,-3.6613,-5.3114,0.2,0.0,0.0,0.0,-0.4038,-0.2662,-0.8543,0.9817,-0.4035,1,1,2,0.971,0.319,0.681,0,0,0.0,6,SETTLE_PHASE,-0.191,-0.1094,0.3794,0.2452
533,35.923,-3.2855,-5.0682,2.8194,-0.1782,-0.101,-0.1007,0.251,0.448,2.657,-3.6613,-5.3114,0.2,0.0,0.0,0.0,-0.4039,-0.2667,-0.8549,0.9824,-0.4435,1,1,2,0.971,0.33,0.67,0,0,0.0,6,SETTLE_PHASE,-0.1782,-0.101,0.3758,0.2432
534,35.991,-3.2889,-5.07,2.8174,-0.1663,-0.0924,-0.1003,0.249,0.444,2.655,-3.6613,-5.3114,0.2,0.0,0.0,0.0,-0.404,-0.2675,-0.8555,0.9832,-0.4003,1,1,2,0.971,0.322,0.678,0,0,0.0,6,SETTLE_PHASE,-0.1663,-0.0924,0.3725,0.2414
535,36.055,-3.292,-5.0718,2.8154,-0.1569,-0.0864,-0.0999,0.247,0.44,2.652,-3.6613,-5.3114,0.2,0.0,0.0,0.0,-0.4035,-0.2675,-0.8562,0.9835,-0.4398,1,1,2,0.972,0.328,0.672,0,0,0.0,6,SETTLE_PHASE,-0.1569,-0.0864,0.3693,0.2397
536,36.116,-3.295,-5.0734,2.8134,-0.1483,-0.0797,-0.0995,0.245,0.437,2.65,-3.6613,-5.3114,0.2,0.0,0.0,0.0,-0.4029,-0.268,-0.8569,0.9841,-0.3969,1,1,2,0.972,0.327,0.673,0,0,0.0,6,SETTLE_PHASE,-0.1483,-0.0797,0.3664,0.2381
537,36.179,-3.2978,-5.0749,2.8114,-0.142,-0.0754,-0.0991,0.243,0.434,2.647,-3.6613,-5.3114,0.2,0.0,0.0,0.0,-0.4016,-0.2677,-0.8575,0.9839,-0.4358,1,1,2,0.972,0.33,0.67,0,0,0.0,6,SETTLE_PHASE,-0.142,-0.0754,0.3635,0.2365
538,36.242,-3.3005,-5.0763,2.8094,-0.1364,-0.07,-0.0989,0.241,0.431,2.645,-3.6613,-5.3114,0.2,0.0,0.0,0.0,-0.4002,-0.2679,-0.8579,0.9838,-0.4113,1,1,2,0.973,0.335,0.665,0,0,0.0,6,SETTLE_PHASE,-0.1364,-0.07,0.3608,0.2352
539,36.303,-3.3032,-5.0776,2.8074,-0.1329,-0.0665,-0.0991,0.239,0.428,2.642,-3.6613,-5.3114,0.2,0.0,0.0,0.0,-0.3981,-0.2675,-0.8574,0.9825,-0.4475,1,1,2,0.973,0.33,0.67,0,0,0.0,6,SETTLE_PHASE,-0.1329,-0.0665,0.3581,0.2338
540,36.364,-3.3058,-5.0789,2.8055,-0.1296,-0.0631,-0.0985,0.237,0.425,2.64,-3.6613,-5.3114,0.2,0.0,0.0,0.0,-0.396,-0.2671,-0.8586,0.9826,-0.4017,1,1,2,0.974,0.329,0.671,0,0,0.0,6,SETTLE_PHASE,-0.1296,-0.0631,0.3555,0.2326
541,36.426,-3.3083,-5.0801,2.8035,-0.1279,-0.0628,-0.098,0.235,0.422,2.638,-3.6613,-5.3114,0.2,0.0,0.0,0.0,-0.3934,-0.2657,-0.8594,0.9818,-0.4361,1,1,2,0.974,0.345,0.655,0,0,0.0,6,SETTLE_PHASE,-0.1279,-0.0628,0.353,0.2313
542,36.49,-3.3109,-5.0814,2.8016,-0.1263,-0.0622,-0.0975,0.233,0.419,2.635,-3.6613,-5.3114,0.2,0.0,0.0,0.0,-0.3907,-0.2643,-0.8602,0.9811,-0.3909,1,1,2,0.974,0.351,0.649,0,0,0.0,6,SETTLE_PHASE,-0.1263,-0.0622,0.3505,0.2301
543,36.553,-3.3134,-5.0826,2.7996,-0.1264,-0.0644,-0.0973,0.231,0.416,2.633,-3.6613,-5.3114,0.2,0.0,0.0,0.0,-0.3875,-0.2618,-0.8606,0.9795,-0.4244,1,1,2,0.974,0.353,0.647,0,0,0.0,6,SETTLE_PHASE,-0.1264,-0.0644,0.3479,0.2288
544,36.617,-3.3159,-5.084,2.7977,-0.1264,-0.0659,-0.0976,0.229,0.414,2.63,-3.6613,-5.3114,0.2,0.0,0.0,0.0,-0.3843,-0.2596,-0.8602,0.9772,-0.3838,1,1,2,0.974,0.357,0.643,0,0,0.0,6,SETTLE_PHASE,-0.1264,-0.0659,0.3454,0.2275
545,36.679,-3.3185,-5.0854,2.7957,-0.1279,-0.0697,-0.0972,0.227,0.411,2.628,-3.6613,-5.3114,0.2,0.0,0.0,0.0,-0.3804,-0.2564,-0.8607,0.9753,-0.4194,1,1,2,0.974,0.356,0.644,0,0,0.0,6,SETTLE_PHASE,-0.1279,-0.0697,0.3428,0.2261
546,36.763,-3.3211,-5.0868,2.7938,-0.1292,-0.0725,-0.097,0.225,0.408,2.626,-3.6613,-5.3114,0.2,0.0,0.0,0.0,-0.3767,-0.2534,-0.8611,0.9735,-0.3777,1,1,2,0.974,0.354,0.646,0,0,0.0,6,SETTLE_PHASE,-0.1292,-0.0725,0.3403,0.2246
547,36.831,-3.3237,-5.0884,2.7918,-0.1319,-0.0773,-0.0969,0.223,0.405,2.623,-3.6613,-5.3114,0.2,0.0,0.0,0.0,-0.3723,-0.2497,-0.8612,0.9709,-0.413,1,1,2,0.974,0.356,0.644,0,0,0.0,6,SETTLE_PHASE,-0.1319,-0.0773,0.3376,0.2231
548,36.894,-3.3264,-5.09,2.7899,-0.1343,-0.0808,-0.0975,0.221,0.402,2.621,-3.6613,-5.3114,0.2,0.0,0.0,0.0,-0.3679,-0.2463,-0.8602,0.9675,-0.3765,1,1,2,0.974,0.357,0.643,0,0,0.0,6,SETTLE_PHASE,-0.1343,-0.0808,0.3349,0.2214
549,36.961,-3.3291,-5.0917,2.788,-0.1379,-0.0859,-0.0973,0.219,0.398,2.618,-3.6613,-5.3114,0.2,0.0,0.0,0.0,-0.363,-0.2422,-0.8606,0.9649,-0.4152,1,1,2,0.974,0.355,0.645,0,0,0.0,6,SETTLE_PHASE,-0.1379,-0.0859,0.3322,0.2197
550,37.028,-3.332,-5.0935,2.786,-0.1411,-0.0894,-0.0972,0.217,0.395,2.616,-3.6613,-5.3114,0.2,0.0,0.0,0.0,-0.3582,-0.2385,-0.8608,0.9624,-0.377,1,1,2,0.974,0.343,0.657,0,0,0.0,6,SETTLE_PHASE,-0.1411,-0.0894,0.3294,0.2179
551,37.092,-3.3349,-5.0954,2.7841,-0.1455,-0.0943,-0.0971,0.215,0.391,2.614,-3.6613,-5.3114,0.2,0.0,0.0,0.0,-0.3528,-0.2343,-0.8609,0.9594,-0.4158,1,1,2,0.974,0.351,0.649,0,0,0.0,6,SETTLE_PHASE,-0.1455,-0.0943,0.3264,0.2161
552,37.154,-3.3379,-5.0973,2.7821,-0.1492,-0.0972,-0.0971,0.213,0.388,2.611,-3.6613,-5.3114,0.2,0.0,0.0,0.0,-0.3476,-0.2307,-0.8609,0.9566,-0.3772,1,1,2,0.974,0.345,0.655,0,0,0.0,6,SETTLE_PHASE,-0.1492,-0.0972,0.3235,0.2141
553,37.215,-3.3409,-5.0993,2.7802,-0.154,-0.1011,-0.0972,0.211,0.384,2.609,-3.6613,-5.3114,0.2,0.0,0.0,0.0,-0.3418,-0.2266,-0.8608,0.9535,-0.4161,1,1,2,0.974,0.344,0.656,0,0,0.0,6,SETTLE_PHASE,-0.154,-0.1011,0.3204,0.2121
554,37.277,-3.3441,-5.1014,2.7782,-0.1581,-0.1027,-0.0973,0.209,0.38,2.606,-3.6613,-5.3114,0.2,0.0,0.0,0.0,-0.3362,-0.2233,-0.8605,0.9505,-0.3947,1,1,2,0.974,0.344,0.656,0,0,0.0,6,SETTLE_PHASE,-0.1581,-0.1027,0.3172,0.21
555,37.338,-3.3474,-5.1035,2.7763,-0.163,-0.1049,-0.0973,0.208,0.377,2.604,-3.6613,-5.3114,0.2,0.0,0.0,0.0,-0.3301,-0.2198,-0.8605,0.9475,-0.4336,1,1,2,0.974,0.354,0.646,0,0,0.0,6,SETTLE_PHASE,-0.163,-0.1049,0.314,0.2079
556,37.402,-3.3507,-5.1056,2.7743,-0.1667,-0.1058,-0.0973,0.206,0.373,2.601,-3.6613,-5.3114,0.2,0.0,0.0,0.0,-0.3244,-0.2168,-0.8606,0.9449,-0.3941,1,1,2,0.974,0.356,0.644,0,0,0.0,6,SETTLE_PHASE,-0.1667,-0.1058,0.3106,0.2058
557,37.465,-3.3541,-5.1078,2.7724,-0.1709,-0.1083,-0.0977,0.204,0.369,2.599,-3.6613,-5.3114,0.2,0.0,0.0,0.0,-0.3185,-0.213,-0.8599,0.9414,-0.4326,1,1,2,0.974,0.357,0.643,0,0,0.0,6,SETTLE_PHASE,-0.1709,-0.1083,0.3072,0.2037
558,37.531,-3.3576,-5.1099,2.7704,-0.1737,-0.1091,-0.0975,0.202,0.364,2.596,-3.6613,-5.3114,0.2,0.0,0.0,0.0,-0.3129,-0.2099,-0.8602,0.9391,-0.391,1,1,2,0.974,0.354,0.646,0,0,0.0,6,SETTLE_PHASE,-0.1737,-0.1091,0.3037,0.2015
559,37.594,-3.3611,-5.1122,2.7685,-0.1767,-0.1112,-0.0974,0.2,0.36,2.594,-3.6613,-5.3114,0.2,0.0,0.0,0.0,-0.3072,-0.2062,-0.8604,0.9366,-0.4287,1,1,2,0.974,0.358,0.642,0,0,0.0,6,SETTLE_PHASE,-0.1767,-0.1112,0.3002,0.1992
560,37.662,-3.3647,-5.1144,2.7665,-0.1784,-0.1113,-0.0973,0.198,0.356,2.591,-3.6613,-5.3114,0.2,0.0,0.0,0.0,-0.3019,-0.2033,-0.8606,0.9344,-0.3867,1,1,2,0.974,0.349,0.651,0,0,0.0,6,SETTLE_PHASE,-0.1784,-0.1113,0.2966,0.197
561,37.734,-3.3683,-5.1166,2.7646,-0.1802,-0.1123,-0.0972,0.196,0.352,2.589,-3.6613,-5.3114,0.2,0.0,0.0,0.0,-0.2966,-0.2001,-0.8608,0.9322,-0.4245,1,1,2,0.974,0.357,0.643,0,0,0.0,6,SETTLE_PHASE,-0.1802,-0.1123,0.293,0.1948
562,37.796,-3.3719,-5.1189,2.7627,-0.1805,-0.1108,-0.0972,0.194,0.348,2.586,-3.6613,-5.3114,0.2,0.0,0.0,0.0,-0.2918,-0.1978,-0.8608,0.9302,-0.3917,1,1,2,0.974,0.355,0.645,0,0,0.0,6,SETTLE_PHASE,-0.1805,-0.1108,0.2894,0.1926
563,37.861,-3.3755,-5.1211,2.7607,-0.1808,-0.1099,-0.0971,0.192,0.343,2.584,-3.6613,-5.3114,0.2,0.0,0.0,0.0,-0.2871,-0.1953,-0.861,0.9284,-0.4296,1,1,2,0.974,0.361,0.639,0,0,0.0,6,SETTLE_PHASE,-0.1808,-0.1099,0.2858,0.1904
564,37.937,-3.3791,-5.1232,2.7588,-0.1792,-0.1069,-0.0971,0.19,0.339,2.581,-3.6613,-5.3114,0.2,0.0,0.0,0.0,-0.2831,-0.1937,-0.861,0.9268,-0.3898,1,1,2,0.974,0.358,0.642,0,0,0.0,6,SETTLE_PHASE,-0.1792,-0.1069,0.2822,0.1882
565,38.015,-3.3827,-5.1253,2.7568,-0.1773,-0.1048,-0.097,0.188,0.335,2.579,-3.6613,-5.3114,0.2,0.0,0.0,0.0,-0.2793,-0.1918,-0.8611,0.9254,-0.428,1,1,2,0.974,0.366,0.634,0,0,0.0,6,SETTLE_PHASE,-0.1773,-0.1048,0.2787,0.1861
566,38.085,-3.3861,-5.1273,2.7549,-0.174,-0.1005,-0.0971,0.186,0.331,2.576,-3.6613,-5.3114,0.2,0.0,0.0,0.0,-0.276,-0.1909,-0.8609,0.9241,-0.3974,1,1,2,0.974,0.357,0.643,0,0,0.0,6,SETTLE_PHASE,-0.174,-0.1005,0.2752,0.1841
567,38.157,-3.3896,-5.1292,2.753,-0.1709,-0.0969,-0.097,0.184,0.327,2.574,-3.6613,-5.3114,0.2,0.0,0.0,0.0,-0.2729,-0.1898,-0.861,0.923,-0.4355,1,1,2,0.975,0.369,0.631,0,0,0.0,6,SETTLE_PHASE,-0.1709,-0.0969,0.2718,0.1822
568,38.222,-3.3929,-5.1311,2.751,-0.166,-0.0919,-0.0972,0.182,0.323,2.571,-3.6613,-5.3114,0.2,0.0,0.0,0.0,-0.2705,-0.1894,-0.8607,0.9219,-0.4018,1,1,2,0.975,0.362,0.638,0,0,0.0,6,SETTLE_PHASE,-0.166,-0.0919,0.2684,0.1803
569,38.287,-3.3961,-5.1328,2.7491,-0.1609,-0.0883,-0.0977,0.18,0.32,2.569,-3.6613,-5.3114,0.2,0.0,0.0,0.0,-0.2684,-0.1886,-0.8599,0.9204,-0.4367,1,1,2,0.975,0.368,0.632,0,0,0.0,6,SETTLE_PHASE,-0.1609,-0.0883,0.2652,0.1786
570,38.354,-3.3992,-5.1345,2.7471,-0.1558,-0.0835,-0.0975,0.178,0.316,2.567,-3.6613,-5.3114,0.2,0.0,0.0,0.0,-0.2664,-0.1883,-0.8602,0.92,-0.3911,1,1,2,0.975,0.36,0.64,0,0,0.0,6,SETTLE_PHASE,-0.1558,-0.0835,0.2621,0.1769
571,38.417,-3.4022,-5.1361,2.7452,-0.1517,-0.0805,-0.0974,0.176,0.313,2.564,-3.6613,-5.3114,0.2,0.0,0.0,0.0,-0.2641,-0.1874,-0.8604,0.9193,-0.4275,1,1,2,0.976,0.364,0.636,0,0,0.0,6,SETTLE_PHASE,-0.1517,-0.0805,0.2591,0.1753
572,38.478,-3.4052,-5.1376,2.7432,-0.1469,-0.0759,-0.0975,0.174,0.31,2.562,-3.6613,-5.3114,0.2,0.0,0.0,0.0,-0.2623,-0.1873,-0.8603,0.9187,-0.3913,1,1,2,0.976,0.365,0.635,0,0,0.0,6,SETTLE_PHASE,-0.1469,-0.0759,0.2561,0.1738
573,38.541,-3.408,-5.1391,2.7413,-0.1429,-0.0725,-0.0974,0.173,0.306,2.56,-3.6613,-5.3114,0.2,0.0,0.0,0.0,-0.2602,-0.1868,-0.8604,0.9181,-0.4273,1,1,2,0.976,0.368,0.632,0,0,0.0,6,SETTLE_PHASE,-0.1429,-0.0725,0.2533,0.1723
574,38.603,-3.4108,-5.1404,2.7393,-0.1379,-0.068,-0.0975,0.171,0.303,2.557,-3.6613,-5.3114,0.2,0.0,0.0,0.0,-0.2586,-0.1868,-0.8603,0.9176,-0.3841,1,1,2,0.976,0.367,0.633,0,0,0.0,6,SETTLE_PHASE,-0.1379,-0.068,0.2505,0.171
575,38.668,-3.4135,-5.1417,2.7374,-0.1333,-0.065,-0.0975,0.169,0.3,2.555,-3.6613,-5.3114,0.2,0.0,0.0,0.0,-0.257,-0.1863,-0.8603,0.917,-0.4197,1,1,2,0.976,0.368,0.632,0,0,0.0,6,SETTLE_PHASE,-0.1333,-0.065,0.2479,0.1697
576,38.732,-3.416,-5.143,2.7354,-0.1281,-0.0607,-0.0976,0.167,0.298,2.553,-3.6613,-5.3114,0.2,0.0,0.0,0.0,-0.2558,-0.1865,-0.8601,0.9166,-0.3829,1,1,2,0.976,0.379,0.621,0,0,0.0,6,SETTLE_PHASE,-0.1281,-0.0607,0.2453,0.1685
577,38.802,-3.4185,-5.1441,2.7335,-0.1237,-0.0577,-0.0976,0.165,0.295,2.551,-3.6613,-5.3114,0.2,0.0,0.0,0.0,-0.2544,-0.1862,-0.8601,0.9161,-0.4181,1,1,2,0.976,0.381,0.619,0,0,0.0,6,SETTLE_PHASE,-0.1237,-0.0577,0.2428,0.1673
578,38.865,-3.4209,-5.1452,2.7315,-0.1183,-0.0536,-0.0977,0.163,0.292,2.548,-3.6613,-5.3114,0.2,0.0,0.0,0.0,-0.2536,-0.1865,-0.8598,0.9156,-0.3785,1,1,2,0.976,0.382,0.618,0,0,0.0,6,SETTLE_PHASE,-0.1183,-0.0536,0.2405,0.1662
579,38.927,-3.4231,-5.1462,2.7295,-0.1136,-0.0513,-0.0977,0.161,0.29,2.546,-3.6613,-5.3114,0.2,0.0,0.0,0.0,-0.2525,-0.1861,-0.8599,0.9154,-0.4137,1,1,2,0.976,0.381,0.619,0,0,0.0,6,SETTLE_PHASE,-0.1136,-0.0513,0.2382,0.1652
580,38.992,-3.4253,-5.1472,2.7276,-0.109,-0.0479,-0.0983,0.159,0.288,2.544,-3.6613,-5.3114,0.2,0.0,0.0,0.0,-0.2516,-0.1862,-0.8589,0.9141,-0.3813,1,1,2,0.976,0.383,0.617,0,0,0.0,6,SETTLE_PHASE,-0.109,-0.0479,0.236,0.1642
581,39.055,-3.4274,-5.1481,2.7256,-0.1063,-0.0462,-0.098,0.157,0.285,2.542,-3.6613,-5.3114,0.2,0.0,0.0,0.0,-0.25,-0.1857,-0.8595,0.9142,-0.4205,1,1,2,0.976,0.379,0.621,0,0,0.0,6,SETTLE_PHASE,-0.1063,-0.0462,0.2339,0.1633
582,39.118,-3.4295,-5.149,2.7237,-0.1034,-0.0437,-0.0976,0.155,0.283,2.539,-3.6613,-5.3114,0.2,0.0,0.0,0.0,-0.2485,-0.1856,-0.86,0.9142,-0.3801,1,1,2,0.976,0.381,0.619,0,0,0.0,6,SETTLE_PHASE,-0.1034,-0.0437,0.2318,0.1624
583,39.186,-3.4315,-5.1498,2.7217,-0.1021,-0.0431,-0.0975,0.153,0.281,2.537,-3.6613,-5.3114,0.2,0.0,0.0,0.0,-0.2464,-0.1847,-0.8603,0.9138,-0.4192,1,1,2,0.976,0.373,0.627,0,0,0.0,6,SETTLE_PHASE,-0.1021,-0.0431,0.2298,0.1616
584,39.252,-3.4336,-5.1507,2.7198,-0.1006,-0.0414,-0.0974,0.151,0.279,2.535,-3.6613,-5.3114,0.2,0.0,0.0,0.0,-0.2445,-0.1844,-0.8605,0.9133,-0.3858,1,1,2,0.976,0.377,0.623,0,0,0.0,6,SETTLE_PHASE,-0.1006,-0.0414,0.2278,0.1608
585,39.315,-3.4356,-5.1515,2.7178,-0.1005,-0.0412,-0.0973,0.149,0.277,2.533,-3.6613,-5.3114,0.2,0.0,0.0,0.0,-0.242,-0.1834,-0.8607,0.9126,-0.4247,1,1,2,0.976,0.382,0.618,0,0,0.0,6,SETTLE_PHASE,-0.1005,-0.0412,0.2257,0.1599
586,39.379,-3.4376,-5.1523,2.7159,-0.0999,-0.04,-0.0971,0.147,0.275,2.531,-3.6613,-5.3114,0.2,0.0,0.0,0.0,-0.2397,-0.1829,-0.8609,0.9121,-0.3838,1,1,2,0.976,0.379,0.621,0,0,0.0,6,SETTLE_PHASE,-0.0999,-0.04,0.2238,0.1591
587,39.444,-3.4396,-5.1531,2.7139,-0.1003,-0.0406,-0.0971,0.145,0.272,2.529,-3.6613,-5.3114,0.2,0.0,0.0,0.0,-0.237,-0.1816,-0.8609,0.9112,-0.4227,1,1,2,0.976,0.389,0.611,0,0,0.0,6,SETTLE_PHASE,-0.1003,-0.0406,0.2217,0.1583
588,39.508,-3.4416,-5.1539,2.712,-0.1002,-0.0397,-0.0971,0.143,0.27,2.527,-3.6613,-5.3114,0.2,0.0,0.0,0.0,-0.2345,-0.181,-0.8609,0.9104,-0.3912,1,1,2,0.976,0.393,0.607,0,0,0.0,6,SETTLE_PHASE,-0.1002,-0.0397,0.2197,0.1575
589,39.571,-3.4436,-5.1547,2.7101,-0.101,-0.0403,-0.0971,0.141,0.268,2.524,-3.6613,-5.3114,0.2,0.0,0.0,0.0,-0.2316,-0.1797,-0.861,0.9095,-0.4301,1,1,2,0.976,0.402,0.598,0,0,0.0,6,SETTLE_PHASE,-0.101,-0.0403,0.2177,0.1567
590,39.633,-3.4456,-5.1555,2.7081,-0.1009,-0.0398,-0.097,0.139,0.266,2.522,-3.6613,-5.3114,0.2,0.0,0.0,0.0,-0.2291,-0.1789,-0.8611,0.9088,-0.3884,1,1,2,0.976,0.396,0.604,0,0,0.0,6,SETTLE_PHASE,-0.1009,-0.0398,0.2157,0.1559
591,39.695,-3.4476,-5.1563,2.7062,-0.1013,-0.0412,-0.097,0.137,0.264,2.52,-3.6613,-5.3114,0.2,0.0,0.0,0.0,-0.2263,-0.1773,-0.8611,0.9078,-0.4274,1,1,2,0.976,0.405,0.595,0,0,0.0,6,SETTLE_PHASE,-0.1013,-0.0412,0.2137,0.1551
592,39.757,-3.4497,-5.1571,2.7042,-0.1006,-0.041,-0.097,0.135,0.262,2.518,-3.6613,-5.3114,0.2,0.0,0.0,0.0,-0.2241,-0.1763,-0.8611,0.9071,-0.3865,1,1,2,0.976,0.408,0.592,0,0,0.0,6,SETTLE_PHASE,-0.1006,-0.041,0.2117,0.1543
593,39.819,-3.4517,-5.158,2.7023,-0.1004,-0.0423,-0.0971,0.134,0.26,2.516,-3.6613,-5.3114,0.2,0.0,0.0,0.0,-0.2216,-0.1747,-0.8609,0.906,-0.4255,1,1,2,0.977,0.402,0.598,0,0,0.0,6,SETTLE_PHASE,-0.1004,-0.0423,0.2097,0.1534
594,39.88,-3.4536,-5.1588,2.7004,-0.0992,-0.0418,-0.0972,0.132,0.258,2.514,-3.6613,-5.3114,0.2,0.0,0.0,0.0,-0.2195,-0.1739,-0.8608,0.9052,-0.3962,1,1,2,0.977,0.406,0.594,0,0,0.0,6,SETTLE_PHASE,-0.0992,-0.0418,0.2077,0.1526
595,39.942,-3.4556,-5.1597,2.6984,-0.0986,-0.0425,-0.0978,0.13,0.256,2.511,-3.6613,-5.3114,0.2,0.0,0.0,0.0,-0.2173,-0.1725,-0.8598,0.9034,-0.4322,1,1,2,0.977,0.419,0.581,0,0,0.0,6,SETTLE_PHASE,-0.0986,-0.0425,0.2057,0.1517
596,40.012,-3.4576,-5.1605,2.6964,-0.097,-0.042,-0.0975,0.128,0.254,2.509,-3.6613,-5.3114,0.2,0.0,0.0,0.0,-0.2155,-0.1716,-0.8603,0.9034,-0.3837,1,1,2,0.978,0.414,0.586,0,0,0.0,6,SETTLE_PHASE,-0.097,-0.042,0.2038,0.1509
597,40.09,-3.4595,-5.1614,2.6945,-0.096,-0.0437,-0.0973,0.126,0.251,2.507,-3.6613,-5.3114,0.2,0.0,0.0,0.0,-0.2134,-0.1699,-0.8606,0.9028,-0.4165,1,1,2,0.978,0.407,0.593,0,0,0.0,6,SETTLE_PHASE,-0.096,-0.0437,0.2018,0.15
598,40.16,-3.4614,-5.1623,2.6925,-0.0941,-0.0441,-0.0977,0.124,0.249,2.505,-3.6613,-5.3114,0.2,0.0,0.0,0.0,-0.2118,-0.1686,-0.8599,0.9016,-0.3723,1,1,2,0.978,0.409,0.591,0,0,0.0,6,SETTLE_PHASE,-0.0941,-0.0441,0.2,0.1491
599,40.249,-3.4632,-5.1632,2.6906,-0.0927,-0.0462,-0.0974,0.122,0.247,2.503,-3.6613,-5.3114,0.2,0.0,0.0,0.0,-0.21,-0.1666,-0.8604,0.9011,-0.4071,1,1,2,0.978,0.415,0.585,0,0,0.0,6,SETTLE_PHASE,-0.0927,-0.0462,0.1981,0.1482
600,40.323,-3.465,-5.1641,2.6886,-0.0903,-0.0467,-0.0981,0.12,0.245,2.501,-3.6613,-5.3114,0.2,0.0,0.0,0.0,-0.2087,-0.1651,-0.8593,0.8996,-0.3718,1,1,2,0.978,0.415,0.585,0,0,0.0,6,SETTLE_PHASE,-0.0903,-0.0467,0.1963,0.1473
601,40.391,-3.4668,-5.1651,2.6867,-0.0882,-0.0487,-0.0977,0.118,0.243,2.499,-3.6613,-5.3114,0.2,0.0,0.0,0.0,-0.2073,-0.1631,-0.8599,0.8995,-0.4106,1,1,2,0.978,0.41,0.59,0,0,0.0,6,SETTLE_PHASE,-0.0882,-0.0487,0.1945,0.1463
602,40.454,-3.4685,-5.1661,2.6847,-0.086,-0.0493,-0.0974,0.116,0.241,2.496,-3.6613,-5.3114,0.2,0.0,0.0,0.0,-0.2061,-0.1616,-0.8604,0.8994,-0.3691,1,1,2,0.978,0.408,0.592,0,0,0.0,6,SETTLE_PHASE,-0.086,-0.0493,0.1928,0.1453
603,40.528,-3.4702,-5.1671,2.6828,-0.0851,-0.0513,-0.0973,0.114,0.239,2.494,-3.6613,-5.3114,0.2,0.0,0.0,0.0,-0.2043,-0.1595,-0.8607,0.8988,-0.4079,1,1,2,0.978,0.413,0.587,0,0,0.0,6,SETTLE_PHASE,-0.0851,-0.0513,0.1911,0.1443
604,40.599,-3.4719,-5.1681,2.6808,-0.0838,-0.0516,-0.0972,0.112,0.238,2.492,-3.6613,-5.3114,0.2,0.0,0.0,0.0,-0.2026,-0.1581,-0.8608,0.8983,-0.3716,1,1,2,0.978,0.416,0.584,0,0,0.0,6,SETTLE_PHASE,-0.0838,-0.0516,0.1894,0.1433
605,40.678,-3.4736,-5.1692,2.6789,-0.0838,-0.0529,-0.0971,0.11,0.236,2.49,-3.6613,-5.3114,0.2,0.0,0.0,0.0,-0.2005,-0.1562,-0.8609,0.8976,-0.4102,1,1,2,0.978,0.423,0.577,0,0,0.0,6,SETTLE_PHASE,-0.0838,-0.0529,0.1878,0.1422
606,40.755,-3.4752,-5.1702,2.677,-0.0832,-0.0524,-0.0971,0.108,0.234,2.488,-3.6613,-5.3114,0.2,0.0,0.0,0.0,-0.1987,-0.1551,-0.861,0.8971,-0.3712,1,1,2,0.978,0.42,0.58,0,0,0.0,6,SETTLE_PHASE,-0.0832,-0.0524,0.1861,0.1412
607,40.825,-3.4769,-5.1713,2.675,-0.0835,-0.0531,-0.0971,0.106,0.232,2.486,-3.6613,-5.3114,0.2,0.0,0.0,0.0,-0.1964,-0.1534,-0.861,0.8963,-0.4098,1,1,2,0.978,0.423,0.577,0,0,0.0,6,SETTLE_PHASE,-0.0835,-0.0531,0.1844,0.1401
608,40.887,-3.4786,-5.1723,2.6731,-0.0831,-0.0519,-0.0972,0.104,0.23,2.484,-3.6613,-5.3114,0.2,0.0,0.0,0.0,-0.1945,-0.1526,-0.8608,0.8956,-0.3808,1,1,2,0.978,0.425,0.575,0,0,0.0,6,SETTLE_PHASE,-0.0831,-0.0519,0.1828,0.1391
609,40.954,-3.4802,-5.1734,2.6711,-0.0834,-0.0516,-0.0971,0.102,0.228,2.482,-3.6613,-5.3114,0.2,0.0,0.0,0.0,-0.1923,-0.1514,-0.8609,0.895,-0.4193,1,1,2,0.978,0.434,0.566,0,0,0.0,6,SETTLE_PHASE,-0.0834,-0.0516,0.1811,0.138
610,41.031,-3.4819,-5.1744,2.6692,-0.0826,-0.05,-0.0971,0.1,0.226,2.479,-3.6613,-5.3114,0.2,0.0,0.0,0.0,-0.1905,-0.1508,-0.8609,0.8945,-0.3793,1,1,2,0.978,0.428,0.572,0,0,0.0,6,SETTLE_PHASE,-0.0826,-0.05,0.1794,0.137
611,41.096,-3.4835,-5.1754,2.6673,-0.082,-0.0501,-0.0971,0.099,0.224,2.477,-3.6613,-5.3114,0.2,0.0,0.0,0.0,-0.1886,-0.1495,-0.8609,0.8939,-0.4179,1,1,2,0.978,0.437,0.563,0,0,0.0,6,SETTLE_PHASE,-0.082,-0.0501,0.1778,0.136
612,41.157,-3.4851,-5.1764,2.6653,-0.0807,-0.0486,-0.0971,0.097,0.222,2.475,-3.6613,-5.3114,0.2,0.0,0.0,0.0,-0.1872,-0.1489,-0.861,0.8936,-0.3753,1,1,2,0.978,0.436,0.564,0,0,0.0,6,SETTLE_PHASE,-0.0807,-0.0486,0.1762,0.1351
613,41.219,-3.4867,-5.1773,2.6634,-0.0799,-0.0486,-0.0971,0.095,0.22,2.473,-3.6613,-5.3114,0.2,0.0,0.0,0.0,-0.1854,-0.1477,-0.861,0.893,-0.4139,1,1,2,0.978,0.44,0.56,0,0,0.0,6,SETTLE_PHASE,-0.0799,-0.0486,0.1746,0.1341
614,41.28,-3.4883,-5.1783,2.6614,-0.0782,-0.0466,-0.0973,0.093,0.218,2.471,-3.6613,-5.3114,0.2,0.0,0.0,0.0,-0.1841,-0.1473,-0.8606,0.8923,-0.386,1,1,2,0.978,0.435,0.565,0,0,0.0,6,SETTLE_PHASE,-0.0782,-0.0466,0.173,0.1332
615,41.344,-3.4898,-5.1792,2.6595,-0.0771,-0.0457,-0.0972,0.091,0.217,2.469,-3.6613,-5.3114,0.2,0.0,0.0,0.0,-0.1827,-0.1465,-0.8607,0.892,-0.4246,1,1,2,0.978,0.435,0.565,0,0,0.0,6,SETTLE_PHASE,-0.0771,-0.0457,0.1715,0.1322
616,41.417,-3.4913,-5.18,2.6575,-0.0756,-0.0436,-0.0972,0.089,0.215,2.467,-3.6613,-5.3114,0.2,0.0,0.0,0.0,-0.1814,-0.1463,-0.8608,0.8918,-0.3815,1,1,2,0.978,0.441,0.559,0,0,0.0,6,SETTLE_PHASE,-0.0756,-0.0436,0.17,0.1314
617,41.48,-3.4929,-5.1809,2.6556,-0.0752,-0.0434,-0.0971,0.087,0.213,2.465,-3.6613,-5.3114,0.2,0.0,0.0,0.0,-0.1796,-0.1452,-0.8609,0.8913,-0.4199,1,1,2,0.978,0.43,0.57,0,0,0.0,6,SETTLE_PHASE,-0.0752,-0.0434,0.1685,0.1305
618,41.544,-3.4943,-5.1817,2.6537,-0.0745,-0.0418,-0.0971,0.085,0.211,2.463,-3.6613,-5.3114,0.2,0.0,0.0,0.0,-0.178,-0.1449,-0.861,0.891,-0.3773,1,1,2,0.978,0.443,0.557,0,0,0.0,6,SETTLE_PHASE,-0.0745,-0.0418,0.167,0.1297
619,41.606,-3.4958,-5.1826,2.6517,-0.0748,-0.0415,-0.0971,0.083,0.21,2.461,-3.6613,-5.3114,0.2,0.0,0.0,0.0,-0.176,-0.1439,-0.861,0.8905,-0.4154,1,1,2,0.978,0.435,0.565,0,0,0.0,6,SETTLE_PHASE,-0.0748,-0.0415,0.1655,0.1288
620,41.667,-3.4973,-5.1834,2.6498,-0.0745,-0.0395,-0.0972,0.081,0.208,2.459,-3.6613,-5.3114,0.2,0.0,0.0,0.0,-0.1742,-0.1438,-0.8607,0.8899,-0.3926,1,1,2,0.978,0.441,0.559,0,0,0.0,6,SETTLE_PHASE,-0.0745,-0.0395,0.164,0.128
621,41.73,-3.4988,-5.1841,2.6478,-0.0752,-0.0385,-0.0974,0.079,0.206,2.457,-3.6613,-5.3114,0.2,0.0,0.0,0.0,-0.1721,-0.1432,-0.8604,0.889,-0.4301,1,1,2,0.978,0.45,0.55,0,0,0.0,6,SETTLE_PHASE,-0.0752,-0.0385,0.1625,0.1273
622,41.792,-3.5003,-5.1849,2.6459,-0.0747,-0.037,-0.0972,0.077,0.205,2.454,-3.6613,-5.3114,0.2,0.0,0.0,0.0,-0.1704,-0.1429,-0.8607,0.889,-0.3856,1,1,2,0.978,0.451,0.549,0,0,0.0,6,SETTLE_PHASE,-0.0747,-0.037,0.161,0.1265
623,41.854,-3.5018,-5.1856,2.6439,-0.0744,-0.0379,-0.0971,0.075,0.203,2.452,-3.6613,-5.3114,0.2,0.0,0.0,0.0,-0.1686,-0.1416,-0.8608,0.8886,-0.4226,1,1,2,0.979,0.463,0.537,0,0,0.0,6,SETTLE_PHASE,-0.0744,-0.0379,0.1595,0.1258
624,41.916,-3.5033,-5.1864,2.642,-0.0729,-0.0378,-0.0971,0.073,0.202,2.45,-3.6613,-5.3114,0.2,0.0,0.0,0.0,-0.1674,-0.1406,-0.8609,0.8882,-0.3808,1,1,2,0.979,0.469,0.531,0,0,0.0,6,SETTLE_PHASE,-0.0729,-0.0378,0.158,0.125
625,41.977,-3.5047,-5.1872,2.64,-0.0715,-0.0398,-0.0971,0.071,0.2,2.448,-3.6613,-5.3114,0.2,0.0,0.0,0.0,-0.1662,-0.1388,-0.8609,0.8877,-0.4178,1,1,2,0.979,0.465,0.535,0,0,0.0,6,SETTLE_PHASE,-0.0715,-0.0398,0.1566,0.1242
626,42.042,-3.5061,-5.188,2.6388,-0.069,-0.0408,-0.0638,0.07,0.198,2.447,-3.6613,-5.3114,0.2,0.0,0.0,0.0,-0.1655,-0.1374,-0.9176,0.9425,-0.3696,1,1,2,0.979,0.467,0.533,0,0,0.0,6,SETTLE_PHASE,-0.069,-0.0408,0.1552,0.1234
627,42.108,-3.5074,-5.1889,2.6379,-0.0672,-0.0438,-0.0428,0.069,0.197,2.446,-3.6613,-5.3114,0.2,0.0,0.0,0.0,-0.1645,-0.135,-0.9533,0.9767,-0.406,1,1,2,0.979,0.469,0.531,0,0,0.0,6,SETTLE_PHASE,-0.0672,-0.0438,0.1539,0.1225
628,42.169,-3.5087,-5.1898,2.6373,-0.0643,-0.0448,-0.0295,0.069,0.195,2.445,-3.6613,-5.3114,0.2,0.0,0.0,0.0,-0.1641,-0.1335,-0.9758,0.9984,-0.36,1,1,2,0.979,0.465,0.535,0,0,0.0,6,SETTLE_PHASE,-0.0643,-0.0448,0.1526,0.1216
629,42.231,-3.5099,-5.1907,2.6369,-0.0612,-0.047,-0.0211,0.068,0.194,2.445,-3.6613,-5.3114,0.2,0.0,0.0,0.0,-0.1638,-0.1314,-0.9901,1.0121,-0.3978,1,1,2,0.979,0.468,0.532,0,0,0.0,6,SETTLE_PHASE,-0.0612,-0.047,0.1514,0.1207
630,42.292,-3.5111,-5.1916,2.6366,-0.0562,-0.0468,-0.0162,0.068,0.192,2.444,-3.6613,-5.3114,0.2,0.0,0.0,0.0,-0.1645,-0.1303,-0.9984,1.0202,-0.355,1,1,2,0.979,0.455,0.545,0,0,0.0,6,SETTLE_PHASE,-0.0562,-0.0468,0.1503,0.1198
631,42.354,-3.5121,-5.1926,2.6363,-0.0508,-0.0474,-0.0127,0.068,0.191,2.444,-3.6613,-5.3114,0.2,0.0,0.0,0.0,-0.1654,-0.1288,-1.0044,1.0261,-0.3941,1,1,2,0.979,0.473,0.527,0,0,0.0,6,SETTLE_PHASE,-0.0508,-0.0474,0.1492,0.1188
632,42.419,-3.5129,-5.1935,2.6361,-0.0434,-0.0454,-0.0108,0.067,0.19,2.443,-3.6613,-5.3114,0.2,0.0,0.0,0.0,-0.1674,-0.1285,-1.0077,1.0296,-0.3648,1,1,2,0.979,0.451,0.549,0,0,0.0,6,SETTLE_PHASE,-0.0434,-0.0454,0.1484,0.1179
633,42.492,-3.5137,-5.1944,2.6359,-0.0355,-0.0437,-0.0096,0.067,0.188,2.443,-3.6613,-5.3114,0.2,0.0,0.0,0.0,-0.1698,-0.1281,-1.0097,1.0319,-0.394,1,1,2,0.979,0.461,0.539,0,0,0.0,6,SETTLE_PHASE,-0.0355,-0.0437,0.1477,0.117
634,42.562,-3.5142,-5.1952,2.6357,-0.0284,-0.0402,-0.0087,0.067,0.187,2.443,-3.6613,-5.3114,0.2,0.0,0.0,0.0,-0.1721,-0.1285,-1.0112,1.0338,-0.3734,1,1,2,0.978,0.442,0.558,0,0,0.0,6,SETTLE_PHASE,-0.0284,-0.0402,0.1471,0.1162
635,42.652,-3.5146,-5.1959,2.6356,-0.0203,-0.0371,-0.0082,0.067,0.187,2.443,-3.6613,-5.3114,0.2,0.0,0.0,0.0,-0.1749,-0.1289,-1.012,1.0351,-0.3981,1,1,2,0.979,0.455,0.545,0,0,0.0,6,SETTLE_PHASE,-0.0203,-0.0371,0.1467,0.1155
636,42.739,-3.5149,-5.1966,2.6354,-0.0141,-0.0328,-0.0079,0.067,0.186,2.443,-3.6613,-5.3114,0.2,0.0,0.0,0.0,-0.1772,-0.1299,-1.0125,1.0361,-0.3779,1,1,2,0.978,0.441,0.559,0,0,0.0,6,TERMINAL_PRESS,-0.0141,-0.0328,0.1464,0.1148
637,42.833,-3.5151,-5.1972,2.6342,-0.0086,-0.0301,-0.0633,0.065,0.186,2.441,-3.6613,-5.3114,0.2,0.0,0.0,0.0,-0.1792,-0.1302,-0.9184,0.9448,-0.3988,1,1,2,0.979,0.454,0.546,0,0,0.0,6,TERMINAL_PRESS,-0.0086,-0.0301,0.1462,0.1142
638,42.907,-3.5152,-5.1977,2.6322,-0.0037,-0.0263,-0.0981,0.063,0.185,2.439,-3.6613,-5.3114,0.2,0.0,0.0,0.0,-0.1812,-0.1312,-0.8592,0.8878,-0.3804,1,1,2,0.979,0.448,0.552,0,0,0.0,6,TERMINAL_PRESS,-0.0037,-0.0263,0.1462,0.1137
639,42.982,-3.5151,-5.1982,2.6298,0.0027,-0.0226,-0.1202,0.061,0.185,2.437,-3.6613,-5.3114,0.2,0.0,0.0,0.0,-0.1839,-0.1321,-0.8217,0.8523,-0.4061,1,1,2,0.979,0.461,0.539,0,0,0.0,6,TERMINAL_PRESS,0.0027,-0.0226,0.1462,0.1133
640,43.076,-3.5149,-5.1985,2.6271,0.0081,-0.0181,-0.134,0.058,0.185,2.434,-3.6613,-5.3114,0.2,0.0,0.0,0.0,-0.1863,-0.1336,-0.7982,0.8305,-0.3865,1,1,2,0.979,0.463,0.537,0,0,0.0,6,TERMINAL_PRESS,0.0081,-0.0181,0.1464,0.1129
641,43.156,-3.5147,-5.1988,2.6243,0.0145,-0.0144,-0.1427,0.056,0.185,2.431,-3.6613,-5.3114,0.2,0.0,0.0,0.0,-0.1894,-0.1348,-0.7834,0.8172,-0.4105,1,1,2,0.979,0.472,0.528,0,0,0.0,6,TERMINAL_PRESS,0.0145,-0.0144,0.1467,0.1126
642,43.224,-3.5143,-5.199,2.6213,0.0191,-0.0103,-0.1482,0.053,0.185,2.428,-3.6613,-5.3114,0.2,0.0,0.0,0.0,-0.1918,-0.1362,-0.7741,0.809,-0.3908,1,1,2,0.979,0.482,0.518,0,0,0.0,6,TERMINAL_PRESS,0.0191,-0.0103,0.147,0.1124
643,43.294,-3.5138,-5.1992,2.6183,0.025,-0.0074,-0.1517,0.05,0.185,2.425,-3.6613,-5.3114,0.2,0.0,0.0,0.0,-0.1948,-0.1372,-0.7681,0.8042,-0.4136,1,1,2,0.979,0.483,0.517,0,0,0.0,6,TERMINAL_PRESS,0.025,-0.0074,0.1475,0.1123
644,43.364,-3.5132,-5.1992,2.6152,0.0293,-0.0044,-0.1539,0.046,0.186,2.422,-3.6613,-5.3114,0.2,0.0,0.0,0.0,-0.1974,-0.1384,-0.7644,0.8016,-0.394,1,1,2,0.979,0.485,0.515,0,0,0.0,6,TERMINAL_PRESS,0.0293,-0.0044,0.1481,0.1122
645,43.432,-3.5125,-5.1993,2.6121,0.0346,-0.0027,-0.1552,0.043,0.186,2.419,-3.6613,-5.3114,0.2,0.0,0.0,0.0,-0.2004,-0.139,-0.7621,0.8002,-0.4121,1,1,2,0.979,0.488,0.512,0,0,0.0,6,TERMINAL_PRESS,0.0346,-0.0027,0.1488,0.1121
646,43.498,-3.5117,-5.1993,2.609,0.0379,-0.001,-0.156,0.04,0.187,2.416,-3.6613,-5.3114,0.2,0.0,0.0,0.0,-0.2028,-0.1397,-0.7608,0.7996,-0.3928,1,1,2,0.979,0.484,0.516,0,0,0.0,6,TERMINAL_PRESS,0.0379,-0.001,0.1496,0.1121
647,43.563,-3.5109,-5.1993,2.6058,0.0423,-0.0005,-0.1565,0.037,0.188,2.413,-3.6613,-5.3114,0.2,0.0,0.0,0.0,-0.2056,-0.1399,-0.76,0.7996,-0.4184,1,1,2,0.979,0.489,0.511,0,0,0.0,6,TERMINAL_PRESS,0.0423,-0.0005,0.1504,0.1121
648,43.626,-3.51,-5.1993,2.6027,0.0448,0.0004,-0.1568,0.034,0.188,2.41,-3.6613,-5.3114,0.2,0.0,0.0,0.0,-0.2078,-0.1403,-0.7595,0.7998,-0.3995,1,1,2,0.979,0.491,0.509,0,0,0.0,6,TERMINAL_PRESS,0.0448,0.0004,0.1513,0.1121
649,43.691,-3.509,-5.1993,2.5995,0.0484,-0.0001,-0.1573,0.03,0.189,2.407,-3.6613,-5.3114,0.2,0.0,0.0,0.0,-0.2105,-0.14,-0.7586,0.7996,-0.4016,1,1,2,0.979,0.492,0.508,0,0,0.0,6,TERMINAL_PRESS,0.0484,-0.0001,0.1523,0.1121
650,43.76,-3.508,-5.1993,2.5964,0.0502,-0.0007,-0.1572,0.038,0.19,2.404,-3.6613,-5.3114,0.2,0.0,0.0,0.0,-0.2125,-0.1398,-0.7587,0.8002,-0.3821,1,1,2,0.979,0.491,0.509,0,0,0.0,6,TERMINAL_PRESS,0.0502,-0.0007,0.1533,0.1121
651,43.83,-3.507,-5.1994,2.5933,0.0527,-0.0012,-0.1572,0.035,0.191,2.401,-3.6613,-5.3114,0.2,0.0,0.0,0.0,-0.2148,-0.1396,-0.7588,0.8009,-0.4072,1,1,2,0.979,0.5,0.5,0,0,0.0,6,TERMINAL_PRESS,0.0527,-0.0012,0.1544,0.112
652,43.892,-3.5059,-5.1994,2.5901,0.053,-0.0002,-0.1571,0.032,0.192,2.398,-3.6613,-5.3114,0.2,0.0,0.0,0.0,-0.2163,-0.14,-0.759,0.8015,-0.388,1,1,2,0.979,0.495,0.505,0,0,0.0,6,TERMINAL_PRESS,0.053,-0.0002,0.1554,0.112
653,43.954,-3.5048,-5.1994,2.587,0.0539,0.0005,-0.1569,2.587,0.192,2.395,-3.6613,-5.3114,0.2,0.0,0.0,0.0,-0.218,-0.1403,-0.7592,0.8022,-0.4117,1,1,0,0.979,0.509,0.491,0,0,0.0,6,DESCENT_PHASE,0.0539,0.0005,0.1565,0.1121
654,44.026,-3.5038,-5.1993,2.5816,0.0534,0.0014,-0.2694,2.582,0.193,2.389,-3.6613,-5.3114,0.2,0.0,0.0,0.0,-0.2191,-0.1407,-0.5681,0.6249,-0.4148,1,1,0,0.98,0.523,0.477,0,0,0.0,6,DESCENT_PHASE,0.0534,0.0014,0.1576,0.1121
655,44.096,-3.5034,-5.1993,2.5773,0.0179,0.0004,-0.215,2.577,0.194,2.385,-3.6613,-5.3114,0.2,0.0,0.0,0.0,-0.2048,-0.1403,-0.6605,0.7056,-0.4107,1,1,0,0.98,0.529,0.471,0,0,0.0,6,DESCENT_PHASE,0.0179,0.0004,0.1579,0.1121
656,44.165,-3.5033,-5.1994,2.5739,0.0049,-0.0038,-0.171,2.574,0.194,2.382,-3.6613,-5.3114,0.2,0.0,0.0,0.0,-0.1996,-0.1384,-0.7354,0.7745,-0.4118,1,1,0,0.98,0.534,0.466,0,0,0.0,6,DESCENT_PHASE,0.0049,-0.0038,0.158,0.112
657,44.23,-3.5033,-5.1994,2.571,0.0018,-0.0024,-0.1457,2.571,0.194,2.379,-3.6613,-5.3114,0.2,0.0,0.0,0.0,-0.1983,-0.139,-0.7784,0.8152,-0.4127,1,1,0,0.98,0.532,0.468,0,0,0.0,6,DESCENT_PHASE,0.0018,-0.0024,0.1581,0.112
658,44.294,-3.5032,-5.1995,2.5685,0.0011,-0.0013,-0.125,2.568,0.194,2.376,-3.6613,-5.3114,0.2,0.0,0.0,0.0,-0.1981,-0.1394,-0.8135,0.8488,-0.4125,1,1,0,0.98,0.533,0.467,0,0,0.0,6,DESCENT_PHASE,0.0011,-0.0013,0.1581,0.1119
659,44.356,-3.5032,-5.1995,2.5663,0.0008,-0.0008,-0.109,2.566,0.194,2.374,-3.6613,-5.3114,0.2,0.0,0.0,0.0,-0.1979,-0.1396,-0.8407,0.8749,-0.4125,1,1,0,0.98,0.534,0.466,0,0,0.0,6,DESCENT_PHASE,0.0008,-0.0008,0.1581,0.1119
660,44.421,-3.5032,-5.1995,2.5644,0.0005,-0.0005,-0.0962,2.564,0.194,2.372,-3.6613,-5.3114,0.2,0.0,0.0,0.0,-0.1978,-0.1397,-0.8625,0.8959,-0.4125,1,1,0,0.98,0.534,0.466,0,0,0.0,6,DESCENT_PHASE,0.0005,-0.0005,0.1581,0.1119
661,44.482,-3.5032,-5.1995,2.5626,0.0004,-0.0004,-0.0856,2.563,0.194,2.371,-3.6613,-5.3114,0.2,0.0,0.0,0.0,-0.1978,-0.1397,-0.8805,0.9132,-0.4125,1,1,0,0.98,0.534,0.466,0,0,0.0,6,DESCENT_PHASE,0.0004,-0.0004,0.1581,0.1119
662,44.554,-3.5032,-5.1995,2.5611,0.0004,-0.0003,-0.0767,2.561,0.194,2.369,-3.6613,-5.3114,0.2,0.0,0.0,0.0,-0.1978,-0.1397,-0.8956,0.9278,-0.4126,1,1,0,0.98,0.531,0.469,0,0,0.0,6,DESCENT_PHASE,0.0004,-0.0003,0.1581,0.1119
663,44.627,-3.5032,-5.1995,2.5597,0.0003,-0.0003,-0.069,2.56,0.194,2.368,-3.6613,-5.3114,0.2,0.0,0.0,0.0,-0.1978,-0.1397,-0.9087,0.9405,-0.4126,1,1,0,0.98,0.531,0.469,0,0,0.0,6,DESCENT_PHASE,0.0003,-0.0003,0.1581,0.1119
664,44.698,-3.5032,-5.1995,2.5585,0.0003,-0.0003,-0.0622,2.558,0.194,2.366,-3.6613,-5.3114,0.2,0.0,0.0,0.0,-0.1978,-0.1397,-0.9202,0.9515,-0.4126,1,1,0,0.98,0.531,0.469,0,0,0.0,6,DESCENT_PHASE,0.0003,-0.0003,0.1581,0.1119
665,44.768,-3.5032,-5.1995,2.5574,0.0003,-0.0003,-0.0563,2.557,0.194,2.365,-3.6613,-5.3114,0.2,0.0,0.0,0.0,-0.1978,-0.1397,-0.9304,0.9614,-0.4127,1,1,0,0.98,0.531,0.469,0,0,0.0,6,DESCENT_PHASE,0.0003,-0.0003,0.1581,0.1119
666,44.833,-3.5032,-5.1995,2.5563,0.0003,-0.0003,-0.0509,2.556,0.194,2.364,-3.6613,-5.3114,0.2,0.0,0.0,0.0,-0.1978,-0.1397,-0.9394,0.9701,-0.4127,1,1,0,0.98,0.531,0.469,0,0,0.0,6,DESCENT_PHASE,0.0003,-0.0003,0.1581,0.1119
667,44.896,-3.5032,-5.1995,2.5554,0.0003,-0.0003,-0.0462,2.555,0.194,2.363,-3.6613,-5.3114,0.2,0.0,0.0,0.0,-0.1978,-0.1397,-0.9475,0.978,-0.4128,1,1,0,0.98,0.531,0.469,0,0,0.0,6,DESCENT_PHASE,0.0003,-0.0003,0.1581,0.1119
668,44.959,-3.5032,-5.1995,2.5546,0.0003,-0.0003,-0.0419,2.555,0.194,2.363,-3.6613,-5.3114,0.2,0.0,0.0,0.0,-0.1978,-0.1397,-0.9548,0.9851,-0.4128,1,1,0,0.98,0.531,0.469,0,0,0.0,6,DESCENT_PHASE,0.0003,-0.0003,0.1582,0.1119
669,45.025,-3.5032,-5.1996,2.5538,0.0003,-0.0003,-0.038,2.554,0.194,2.362,-3.6613,-5.3114,0.2,0.0,0.0,0.0,-0.1978,-0.1397,-0.9614,0.9915,-0.4128,1,1,0,0.98,0.531,0.469,0,0,0.0,6,DESCENT_PHASE,0.0003,-0.0003,0.1582,0.1119
670,45.088,-3.5032,-5.1996,2.5531,0.0003,-0.0003,-0.0345,2.553,0.194,2.361,-3.6613,-5.3114,0.2,0.0,0.0,0.0,-0.1978,-0.1397,-0.9674,0.9973,-0.4129,1,1,0,0.98,0.528,0.472,0,0,0.0,6,DESCENT_PHASE,0.0003,-0.0003,0.1582,0.1119
671,45.152,-3.5031,-5.1996,2.5525,0.0003,-0.0003,-0.0313,2.553,0.194,2.36,-3.6613,-5.3114,0.2,0.0,0.0,0.0,-0.1978,-0.1397,-0.9728,1.0025,-0.4129,1,1,0,0.98,0.524,0.476,0,0,0.0,6,DESCENT_PHASE,0.0003,-0.0003,0.1582,0.1118
672,45.215,-3.5031,-5.1996,2.5519,0.0002,-0.0002,-0.0282,2.552,0.194,2.36,-3.6613,-5.3114,0.2,0.0,0.0,0.0,-0.1978,-0.1397,-0.978,1.0076,-0.413,1,1,0,0.98,0.514,0.486,0,0,0.0,6,DESCENT_PHASE,0.0002,-0.0002,0.1582,0.1118
673,45.279,-3.5031,-5.1996,2.5514,0.0001,-0.0001,-0.0255,2.551,0.194,2.359,-3.6613,-5.3114,0.2,0.0,0.0,0.0,-0.1978,-0.1398,-0.9826,1.012,-0.413,1,1,0,0.98,0.511,0.489,0,0,0.0,6,DESCENT_PHASE,0.0001,-0.0001,0.1582,0.1118
674,45.342,-3.5031,-5.1996,2.551,0.0001,-0.0001,-0.0231,2.551,0.194,2.359,-3.6613,-5.3114,0.2,0.0,0.0,0.0,-0.1978,-0.1398,-0.9867,1.016,-0.413,1,1,0,0.98,0.511,0.489,0,0,0.0,6,DESCENT_PHASE,0.0001,-0.0001,0.1582,0.1118
675,45.403,-3.5031,-5.1996,2.5505,0.0001,-0.0001,-0.0209,2.551,0.194,2.359,-3.6613,-5.3114,0.2,0.0,0.0,0.0,-0.1978,-0.1398,-0.9904,1.0196,-0.413,1,1,0,0.98,0.511,0.489,0,0,0.0,6,DESCENT_PHASE,0.0001,-0.0001,0.1582,0.1118
676,45.467,-3.5031,-5.1996,2.5502,0.0001,-0.0001,-0.019,2.55,0.194,2.358,-3.6613,-5.3114,0.2,0.0,0.0,0.0,-0.1978,-0.1398,-0.9937,1.0228,-0.413,1,1,0,0.98,0.511,0.489,0,0,0.0,6,DESCENT_PHASE,0.0001,-0.0001,0.1582,0.1118
677,45.532,-3.5031,-5.1996,2.5498,0.0001,-0.0001,-0.0172,2.55,0.194,2.358,-3.6613,-5.3114,0.2,0.0,0.0,0.0,-0.1978,-0.1397,-0.9967,1.0257,-0.4131,1,1,0,0.98,0.511,0.489,0,0,0.0,6,DESCENT_PHASE,0.0001,-0.0001,0.1582,0.1118
678,45.595,-3.5031,-5.1996,2.5495,0.0001,-0.0001,-0.0156,2.55,0.194,2.357,-3.6613,-5.3114,0.2,0.0,0.0,0.0,-0.1978,-0.1397,-0.9994,1.0284,-0.4131,1,1,0,0.98,0.511,0.489,0,0,0.0,6,DESCENT_PHASE,0.0001,-0.0001,0.1582,0.1118
