step,time_s,pos_x,pos_y,pos_z,vel_x,vel_y,vel_z,agl,dist_xy,dist_3d,target_x,target_y,target_z,plat_vel_x,plat_vel_y,plat_vel_z,cmd_vx,cmd_vy,cmd_vz,cmd_speed,cmd_yaw,landing_phase,descent_phase,assist_type,collision_risk,clutter_density,navigability,escape_active,pred_escape_active,threat_acc,terrain_id,phase_reason,rel_vx_to_pad,rel_vy_to_pad
0,0.0,20.9748,7.7392,25.6487,0.0,0.0,0.0,0.071,31.176,40.244,-4.1366,-10.7361,0.2,0.0,0.0,0.0,-0.048,-0.0012,0.048,0.0679,-0.7981,0,0,0,0.979,0.68,0.32,0,0,0.0,3,SEARCH_PHASE,0.0,0.0
1,0.131,20.9748,7.7392,25.6491,0.0,0.0,0.0186,0.071,31.176,40.244,-4.1366,-10.7361,0.2,0.0,0.0,0.0,-0.096,-0.0017,0.096,0.1358,-0.794,0,0,0,0.978,0.68,0.32,0,0,0.0,3,SEARCH_PHASE,0.0,0.0
2,0.259,20.9748,7.7392,25.65,-0.0,-0.0,0.0478,0.072,31.176,40.245,-4.1366,-10.7361,0.2,0.0,0.0,0.0,-0.144,-0.0019,0.144,0.2036,-0.7914,0,0,0,0.978,0.68,0.32,0,0,0.0,3,SEARCH_PHASE,-0.0,-0.0
3,0.392,20.9748,7.7392,25.6517,-0.003,-0.0001,0.0844,0.074,31.176,40.246,-4.1366,-10.7361,0.2,0.0,0.0,0.0,-0.192,-0.0006,0.192,0.2715,-0.7874,0,0,0,0.978,0.68,0.32,0,0,1.0,3,SEARCH_PHASE,-0.003,-0.0001
4,0.527,20.9746,7.7392,25.6542,-0.006,-0.0001,0.1255,0.076,31.175,40.247,-4.1366,-10.7361,0.2,0.0,0.0,0.0,-0.2399,0.0011,0.24,0.3394,-0.7726,0,0,0,0.978,0.68,0.32,0,0,2.0,3,SEARCH_PHASE,-0.006,-0.0001
5,0.627,20.9744,7.7392,25.6576,-0.0123,-0.0005,0.1699,0.079,31.175,40.249,-4.1366,-10.7361,0.2,0.0,0.0,0.0,-0.2878,0.0045,0.288,0.4072,-0.7959,0,0,0,0.978,0.68,0.32,0,0,3.0,3,SEARCH_PHASE,-0.0123,-0.0005
6,0.726,20.974,7.7392,25.662,-0.0213,0.0001,0.2164,0.084,31.175,40.252,-4.1366,-10.7361,0.2,0.0,0.0,0.0,-0.3357,0.0071,0.336,0.475,-0.7599,0,0,0,0.976,0.679,0.321,0,0,4.0,3,SEARCH_PHASE,-0.0213,0.0001
7,0.823,20.9732,7.7392,25.6672,-0.0365,-0.0012,0.2638,0.089,31.174,40.254,-4.1366,-10.7361,0.2,0.0,0.0,0.0,-0.3835,0.0116,0.384,0.5429,-0.7839,0,0,0,0.976,0.679,0.321,0,0,5.0,3,SEARCH_PHASE,-0.0365,-0.0012
8,0.905,20.9721,7.7391,25.6735,-0.054,-0.0011,0.3122,0.095,31.173,40.258,-4.1366,-10.7361,0.2,0.0,0.0,0.0,-0.4313,0.0167,0.432,0.6106,-0.7478,0,0,0,0.976,0.679,0.321,0,0,6.0,3,SEARCH_PHASE,-0.054,-0.0011
9,0.986,20.9706,7.7391,25.6807,-0.0772,-0.0025,0.3606,0.102,31.172,40.261,-4.1366,-10.7361,0.2,0.0,0.0,0.0,-0.4789,0.0228,0.48,0.6784,-0.7723,0,0,0,0.976,0.678,0.322,0,0,7.0,3,SEARCH_PHASE,-0.0772,-0.0025
10,1.066,20.9686,7.739,25.6889,-0.1021,-0.0021,0.4097,0.111,31.171,40.265,-4.1366,-10.7361,0.2,0.0,0.0,0.0,-0.5265,0.0289,0.528,0.7462,-0.7362,0,0,0,0.974,0.678,0.322,0,0,8.0,3,SEARCH_PHASE,-0.1021,-0.0021
11,1.155,20.9659,7.739,25.6981,-0.1323,-0.0028,0.4583,0.12,31.168,40.269,-4.1366,-10.7361,0.2,0.0,0.0,0.0,-0.5738,0.0367,0.576,0.8139,-0.761,0,0,0,0.974,0.678,0.322,0,0,9.0,3,SEARCH_PHASE,-0.1323,-0.0028
12,1.237,20.9626,7.739,25.7082,-0.1637,-0.0013,0.5073,0.13,31.166,40.274,-4.1366,-10.7361,0.2,0.0,0.0,0.0,-0.621,0.0456,0.624,0.8815,-0.7235,0,0,0,0.974,0.678,0.322,0,0,10.0,3,SEARCH_PHASE,-0.1637,-0.0013
13,1.317,20.9586,7.7389,25.7193,-0.1998,-0.0004,0.5559,0.141,31.162,40.278,-4.1366,-10.7361,0.2,0.0,0.0,0.0,-0.6677,0.0569,0.672,0.949,-0.7482,0,0,0,0.972,0.677,0.323,0,0,11.0,3,SEARCH_PHASE,-0.1998,-0.0004
14,1.4,20.9539,7.739,25.7314,-0.2382,0.0031,0.6048,0.153,31.159,40.283,-4.1366,-10.7361,0.2,0.0,0.0,0.0,-0.7145,0.0675,0.72,1.0166,-0.7125,0,0,0,0.972,0.677,0.323,0,0,12.0,3,SEARCH_PHASE,-0.2382,0.0031
15,1.488,20.9482,7.7391,25.7445,-0.2825,0.0066,0.6528,0.166,31.154,40.288,-4.1366,-10.7361,0.2,0.0,0.0,0.0,-0.7605,0.0813,0.768,1.0839,-0.7377,0,0,0,0.969,0.677,0.323,0,0,11.5,3,SEARCH_PHASE,-0.2825,0.0066
16,1.571,20.9417,7.7394,25.7585,-0.3284,0.013,0.7009,0.18,31.149,40.293,-4.1366,-10.7361,0.2,0.0,0.0,0.0,-0.8069,0.0933,0.816,1.1514,-0.7021,0,0,0,0.969,0.678,0.322,0,0,11.0,3,SEARCH_PHASE,-0.3284,0.013
17,1.657,20.9341,7.7398,25.7735,-0.3796,0.0198,0.7479,0.195,31.143,40.298,-4.1366,-10.7361,0.2,0.0,0.0,0.0,-0.8345,0.054,0.864,1.2024,-0.7275,0,0,0,0.0,0.0,1.0,0,0,10.5,3,SEARCH_PHASE,-0.3796,0.0198
18,1.743,20.9254,7.7404,25.7893,-0.4316,0.0298,0.7939,0.211,31.137,40.303,-4.1366,-10.7361,0.2,0.0,0.0,0.0,-0.8621,0.0148,0.912,1.2551,-0.7108,0,0,0,0.0,0.0,1.0,0,0,10.0,3,SEARCH_PHASE,-0.4316,0.0298
19,1.823,20.9157,7.7412,25.8061,-0.4882,0.0405,0.8384,0.228,31.129,40.308,-4.1366,-10.7361,0.2,0.0,0.0,0.0,-0.8897,-0.0245,0.96,1.3091,-0.755,0,0,0,0.0,0.0,1.0,0,0,9.5,3,SEARCH_PHASE,-0.4882,0.0405
20,1.903,20.9048,7.7423,25.8237,-0.5456,0.0527,0.8822,0.246,31.121,40.312,-4.1366,-10.7361,0.2,0.0,0.0,0.0,-0.9173,-0.0638,1.008,1.3644,-0.7071,0,0,0,0.0,0.0,1.0,0,0,9.0,3,SEARCH_PHASE,-0.5456,0.0527
21,1.983,20.8927,7.7435,25.8423,-0.6012,0.0619,0.9269,0.264,31.112,40.317,-4.1366,-10.7361,0.2,0.0,0.0,0.0,-0.9449,-0.1031,1.056,1.4208,-0.7498,0,0,0,0.0,0.0,1.0,0,0,8.5,3,SEARCH_PHASE,-0.6012,0.0619
22,2.063,20.8796,7.7449,25.8617,-0.6575,0.0724,0.9715,0.283,31.102,40.322,-4.1366,-10.7361,0.2,0.0,0.0,0.0,-0.9724,-0.1424,1.104,1.4781,-0.719,0,0,0,0.002,0.001,0.999,0,0,8.0,3,SEARCH_PHASE,-0.6575,0.0724
23,2.144,20.8654,7.7465,25.8821,-0.7119,0.0795,1.017,0.304,31.092,40.327,-4.1366,-10.7361,0.2,0.0,0.0,0.0,-1.0,-0.1817,1.152,1.5363,-0.7624,0,0,0,0.047,0.033,0.967,0,0,6.0,3,SEARCH_PHASE,-0.7119,0.0795
24,2.224,20.85,7.7482,25.9033,-0.7674,0.0852,1.0628,0.325,31.081,40.332,-4.1366,-10.7361,0.2,0.0,0.0,0.0,-1.0275,-0.2211,1.2,1.5952,-0.7223,0,0,0,0.073,0.025,0.975,0,0,4.0,3,SEARCH_PHASE,-0.7674,0.0852
25,2.304,20.8336,7.7499,25.9255,-0.8218,0.0849,1.1095,0.347,31.068,40.337,-4.1366,-10.7361,0.2,0.0,0.0,0.0,-1.055,-0.2604,1.248,1.6548,-0.7457,0,0,0,0.098,0.048,0.952,0,0,2.0,3,SEARCH_PHASE,-0.8218,0.0849
26,2.388,20.8161,7.7516,25.9486,-0.8727,0.0816,1.1575,0.37,31.055,40.341,-4.1366,-10.7361,0.2,0.0,0.0,0.0,-1.0824,-0.2998,1.296,1.715,-0.7141,0,0,0,0.12,0.046,0.954,0,0,0.0,3,SEARCH_PHASE,-0.8727,0.0816
27,2.469,20.7976,7.753,25.9728,-0.9236,0.0727,1.2057,0.395,31.041,40.346,-4.1366,-10.7361,0.2,0.0,0.0,0.0,-1.1099,-0.3391,1.344,1.7757,-0.7329,0,0,0,0.138,0.052,0.948,0,0,0.0,3,SEARCH_PHASE,-0.9236,0.0727
28,2.551,20.7782,7.7542,25.9979,-0.9697,0.0603,1.2551,0.42,31.026,40.351,-4.1366,-10.7361,0.2,0.0,0.0,0.0,-1.1373,-0.3786,1.392,1.837,-0.7037,0,0,0,0.165,0.069,0.931,0,0,0.0,3,SEARCH_PHASE,-0.9697,0.0603
29,2.636,20.7579,7.7551,26.0239,-1.0154,0.0423,1.3043,0.446,31.011,40.355,-4.1366,-10.7361,0.2,0.0,0.0,0.0,-1.1647,-0.418,1.44,1.8986,-0.7211,0,0,0,0.277,0.076,0.924,0,0,0.0,3,SEARCH_PHASE,-1.0154,0.0423
30,2.723,20.7368,7.7555,26.051,-1.0559,0.0208,1.3544,0.473,30.994,40.36,-4.1366,-10.7361,0.2,0.0,0.0,0.0,-1.192,-0.4574,1.488,1.9607,-0.6945,0,0,0,0.463,0.112,0.888,0,0,0.0,3,SEARCH_PHASE,-1.0559,0.0208
31,2.81,20.7149,7.7554,26.0791,-1.0958,-0.0061,1.404,0.501,30.976,40.364,-4.1366,-10.7361,0.2,0.0,0.0,0.0,-1.2193,-0.4969,1.536,2.0231,-0.7103,0,0,0,0.636,0.114,0.886,0,0,0.0,3,SEARCH_PHASE,-1.0958,-0.0061
32,2.898,20.6923,7.7546,26.1082,-1.13,-0.0366,1.4541,0.53,30.958,40.369,-4.1366,-10.7361,0.2,0.0,0.0,0.0,-1.2466,-0.5364,1.584,2.0859,-0.6788,0,0,0,0.692,0.11,0.89,0,0,0.0,3,SEARCH_PHASE,-1.13,-0.0366
33,2.989,20.669,7.7532,26.1383,-1.1634,-0.0726,1.5035,0.56,30.938,40.373,-4.1366,-10.7361,0.2,0.0,0.0,0.0,-1.2739,-0.5759,1.632,2.1489,-0.6921,0,0,0,0.708,0.125,0.875,0,0,0.0,3,SEARCH_PHASE,-1.1634,-0.0726
34,3.07,20.6452,7.751,26.1693,-1.1926,-0.1114,1.5528,0.591,30.918,40.377,-4.1366,-10.7361,0.2,0.0,0.0,0.0,-1.3052,-0.5395,1.68,2.1947,-0.6701,0,0,0,0.947,0.155,0.845,0,0,0.0,3,SEARCH_PHASE,-1.1926,-0.1114
35,3.158,20.6207,7.7479,26.2013,-1.2221,-0.1544,1.5992,0.623,30.896,40.381,-4.1366,-10.7361,0.2,0.0,0.0,0.0,-1.3304,-0.5803,1.7,2.2353,-0.6787,0,0,0,0.754,0.164,0.836,0,0,0.0,3,SEARCH_PHASE,-1.2221,-0.1544
36,3.24,20.5958,7.7439,26.234,-1.246,-0.1985,1.6362,0.656,30.874,40.385,-4.1366,-10.7361,0.2,0.0,0.0,0.0,-1.3555,-0.6212,1.7,2.2613,-0.6314,0,0,0,0.748,0.152,0.848,0,0,0.0,3,SEARCH_PHASE,-1.246,-0.1985
37,3.319,20.5705,7.739,26.2672,-1.2685,-0.2437,1.6588,0.689,30.851,40.389,-4.1366,-10.7361,0.2,0.0,0.0,0.0,-1.3807,-0.6621,1.7,2.2879,-0.6741,0,0,0,0.761,0.16,0.84,0,0,0.0,3,SEARCH_PHASE,-1.2685,-0.2437
38,3.397,20.5446,7.7333,26.3007,-1.2908,-0.2871,1.6735,0.722,30.827,40.392,-4.1366,-10.7361,0.2,0.0,0.0,0.0,-1.4058,-0.703,1.7,2.3153,-0.6269,0,0,0,0.753,0.152,0.848,0,0,0.0,3,SEARCH_PHASE,-1.2908,-0.2871
39,3.475,20.5184,7.7266,26.3343,-1.3121,-0.3333,1.682,0.756,30.802,40.395,-4.1366,-10.7361,0.2,0.0,0.0,0.0,-1.4308,-0.744,1.7,2.3432,-0.6659,0,0,0,0.767,0.148,0.852,0,0,0.0,3,SEARCH_PHASE,-1.3121,-0.3333
40,3.552,20.4917,7.719,26.3681,-1.3337,-0.3789,1.6875,0.79,30.776,40.397,-4.1366,-10.7361,0.2,0.0,0.0,0.0,-1.4559,-0.7849,1.7,2.3718,-0.6192,0,0,0,0.744,0.143,0.857,0,0,0.0,3,SEARCH_PHASE,-1.3337,-0.3789
41,3.63,20.4646,7.7105,26.4019,-1.3545,-0.4277,1.6899,0.824,30.749,40.398,-4.1366,-10.7361,0.2,0.0,0.0,0.0,-1.4808,-0.8259,1.7,2.401,-0.6482,0,0,0,0.76,0.149,0.851,0,0,0.0,3,SEARCH_PHASE,-1.3545,-0.4277
42,3.708,20.4371,7.701,26.4357,-1.3756,-0.4763,1.6917,0.857,30.721,40.399,-4.1366,-10.7361,0.2,0.0,0.0,0.0,-1.5058,-0.8669,1.7,2.4308,-0.6007,0,0,0,0.726,0.153,0.847,0,0,0.0,3,SEARCH_PHASE,-1.3756,-0.4763
43,3.784,20.4092,7.6904,26.4695,-1.3957,-0.5275,1.6922,0.892,30.693,40.4,-4.1366,-10.7361,0.2,0.0,0.0,0.0,-1.5307,-0.9079,1.7,2.4612,-0.6295,0,0,0,0.725,0.155,0.845,0,0,0.0,3,SEARCH_PHASE,-1.3957,-0.5275
44,3.861,20.3809,7.6789,26.5034,-1.4156,-0.5775,1.6926,0.926,30.663,40.399,-4.1366,-10.7361,0.2,0.0,0.0,0.0,-1.5555,-0.949,1.7,2.4921,-0.5859,0,0,0,0.725,0.15,0.85,0,0,0.0,3,SEARCH_PHASE,-1.4156,-0.5775
45,3.935,20.3522,7.6663,26.5372,-1.4356,-0.6293,1.6921,1.22,30.632,40.398,-4.1366,-10.7361,0.2,0.0,0.0,0.0,-1.5804,-0.9901,1.7,2.5235,-0.621,0,0,0,0.727,0.146,0.854,0,0,0.0,3,SEARCH_PHASE,-1.4356,-0.6293
46,4.008,20.3231,7.6527,26.5711,-1.4561,-0.6793,1.6917,1.247,30.601,40.396,-4.1366,-10.7361,0.2,0.0,0.0,0.0,-1.6051,-1.0312,1.7,2.5554,-0.573,0,0,0,0.699,0.146,0.854,0,0,0.0,3,SEARCH_PHASE,-1.4561,-0.6793
47,4.079,20.2935,7.6381,26.6049,-1.4763,-0.7311,1.6907,1.273,30.569,40.394,-4.1366,-10.7361,0.2,0.0,0.0,0.0,-1.6299,-1.0724,1.7,2.5877,-0.6078,0,0,0,0.694,0.149,0.851,0,0,0.0,3,SEARCH_PHASE,-1.4763,-0.7311
48,4.145,20.2636,7.6225,26.6387,-1.4971,-0.7807,1.69,1.3,30.535,40.391,-4.1366,-10.7361,0.2,0.0,0.0,0.0,-1.6545,-1.1135,1.7,2.6206,-0.5598,0,0,0,0.641,0.14,0.86,0,0,0.0,3,SEARCH_PHASE,-1.4971,-0.7807
49,4.211,20.2332,7.6058,26.6725,-1.518,-0.8318,1.689,1.327,30.501,40.387,-4.1366,-10.7361,0.2,0.0,0.0,0.0,-1.6792,-1.1547,1.7,2.6539,-0.5949,0,0,0,0.639,0.141,0.859,0,0,0.0,3,SEARCH_PHASE,-1.518,-0.8318
50,4.277,20.2024,7.5882,26.7062,-1.5394,-0.8803,1.6885,1.354,30.466,40.383,-4.1366,-10.7361,0.2,0.0,0.0,0.0,-1.7037,-1.196,1.7,2.6876,-0.5468,0,0,0,0.62,0.137,0.863,0,0,0.0,3,SEARCH_PHASE,-1.5394,-0.8803
51,4.343,20.1712,7.5696,26.74,-1.561,-0.9297,1.6877,1.38,30.43,40.377,-4.1366,-10.7361,0.2,0.0,0.0,0.0,-1.7282,-1.2372,1.7,2.7217,-0.5816,0,0,0,0.601,0.137,0.863,0,0,0.0,3,SEARCH_PHASE,-1.561,-0.9297
52,4.409,20.1396,7.5501,26.7737,-1.5833,-0.9762,1.6874,1.408,30.393,40.372,-4.1366,-10.7361,0.2,0.0,0.0,0.0,-1.7527,-1.2785,1.7,2.7562,-0.5374,0,0,0,0.505,0.134,0.866,0,0,0.0,3,SEARCH_PHASE,-1.5833,-0.9762
53,4.478,20.1074,7.5296,26.8075,-1.6059,-1.0232,1.687,1.435,30.355,40.365,-4.1366,-10.7361,0.2,0.0,0.0,0.0,-1.777,-1.3199,1.7,2.7911,-0.5721,0,0,0,0.486,0.135,0.865,0,0,0.0,3,SEARCH_PHASE,-1.6059,-1.0232
54,4.543,20.0749,7.5083,26.8412,-1.6287,-1.0672,1.6871,1.462,30.316,40.358,-4.1366,-10.7361,0.2,0.0,0.0,0.0,-1.7969,-1.3541,1.7,2.82,-0.5262,0,0,0,0.468,0.14,0.86,0,0,0.0,3,SEARCH_PHASE,-1.6287,-1.0672
55,4.61,20.0418,7.4861,26.875,-1.6516,-1.1114,1.6867,1.489,30.276,40.351,-4.1366,-10.7361,0.2,0.0,0.0,0.0,-1.7968,-1.3542,1.7,2.82,-0.5608,0,0,0,0.448,0.136,0.864,0,0,0.0,3,SEARCH_PHASE,-1.6516,-1.1114
56,4.679,20.0083,7.463,26.9087,-1.6744,-1.152,1.6852,1.516,30.236,40.343,-4.1366,-10.7361,0.2,0.0,0.0,0.0,-1.7968,-1.3543,1.7,2.82,-0.5147,0,0,0,0.277,0.122,0.878,0,0,0.0,3,SEARCH_PHASE,-1.6744,-1.152
57,4.744,19.9744,7.4392,26.9423,-1.697,-1.1925,1.6827,1.553,30.194,40.334,-4.1366,-10.7361,0.2,0.0,0.0,0.0,-1.7967,-1.3544,1.7,2.82,-0.5488,0,0,0,0.269,0.126,0.874,0,0,0.0,3,SEARCH_PHASE,-1.697,-1.1925
58,4.811,19.94,7.4146,26.9759,-1.7194,-1.2293,1.6802,1.621,30.152,40.325,-4.1366,-10.7361,0.2,0.0,0.0,0.0,-1.7967,-1.3544,1.7,2.82,-0.501,0,0,0,0.27,0.131,0.869,0,0,0.0,3,SEARCH_PHASE,-1.7194,-1.2293
59,4.877,19.9052,7.3893,27.0095,-1.7417,-1.266,1.6773,1.689,30.109,40.315,-4.1366,-10.7361,0.2,0.0,0.0,0.0,-1.7966,-1.3545,1.7,2.82,-0.5007,0,0,0,0.27,0.131,0.869,0,0,0.0,3,SEARCH_PHASE,-1.7417,-1.266
60,4.944,19.8699,7.3633,27.043,-1.764,-1.2988,1.6755,1.758,30.065,40.304,-4.1366,-10.7361,0.2,0.0,0.0,0.0,-1.7966,-1.3545,1.7,2.82,-0.4984,0,0,0,0.272,0.136,0.864,0,0,0.0,3,SEARCH_PHASE,-1.764,-1.2988
61,5.011,19.8342,7.3367,27.0765,-1.7829,-1.3282,1.6744,1.828,30.02,40.294,-4.1366,-10.7361,0.2,0.0,0.0,0.0,-1.7966,-1.3545,1.7,2.82,-0.4945,0,0,0,0.274,0.134,0.866,0,0,0.0,3,SEARCH_PHASE,-1.7829,-1.3282
62,5.079,19.7982,7.3096,27.1099,-1.8017,-1.3543,1.6741,1.899,29.975,40.282,-4.1366,-10.7361,0.2,0.0,0.0,0.0,-1.7966,-1.3545,1.7,2.82,-0.4908,0,0,0,0.275,0.134,0.866,0,0,0.0,3,SEARCH_PHASE,-1.8017,-1.3543
63,5.146,19.7619,7.2821,27.1434,-1.8165,-1.3772,1.6743,1.97,29.93,40.271,-4.1366,-10.7361,0.2,0.0,0.0,0.0,-1.7966,-1.3545,1.7,2.82,-0.4864,0,0,0,0.275,0.135,0.865,0,0,0.0,3,SEARCH_PHASE,-1.8165,-1.3772
64,5.213,19.7253,7.2542,27.1769,-1.8307,-1.3969,1.6751,2.042,29.884,40.259,-4.1366,-10.7361,0.2,0.0,0.0,0.0,-1.7966,-1.3545,1.7,2.82,-0.4812,0,0,0,0.275,0.143,0.857,0,0,0.0,3,SEARCH_PHASE,-1.8307,-1.3969
65,5.28,19.6885,7.2259,27.2105,-1.8407,-1.4135,1.6762,2.115,29.837,40.247,-4.1366,-10.7361,0.2,0.0,0.0,0.0,-1.7966,-1.3545,1.7,2.82,-0.4758,0,0,0,0.275,0.145,0.855,0,0,0.0,3,SEARCH_PHASE,-1.8407,-1.4135
66,5.347,19.6515,7.1974,27.244,-1.8497,-1.4268,1.6779,2.188,29.791,40.235,-4.1366,-10.7361,0.2,0.0,0.0,0.0,-1.7966,-1.3545,1.7,2.82,-0.4689,0,0,0,0.274,0.133,0.867,0,0,0.0,3,SEARCH_PHASE,-1.8497,-1.4268
67,5.415,19.6144,7.1686,27.2776,-1.8545,-1.4367,1.6797,2.264,29.744,40.223,-4.1366,-10.7361,0.2,0.0,0.0,0.0,-1.7967,-1.3544,1.7,2.82,-0.4713,0,0,0,0.273,0.136,0.864,0,0,0.0,3,SEARCH_PHASE,-1.8545,-1.4367
68,5.483,19.5772,7.1398,27.3112,-1.8582,-1.4431,1.6816,2.351,29.697,40.211,-4.1366,-10.7361,0.2,0.0,0.0,0.0,-1.7967,-1.3544,1.7,2.82,-0.463,0,0,0,0.273,0.134,0.866,0,0,0.0,3,SEARCH_PHASE,-1.8582,-1.4431
69,5.55,19.5401,7.1108,27.3449,-1.8571,-1.4464,1.6834,2.439,29.65,40.199,-4.1366,-10.7361,0.2,0.0,0.0,0.0,-1.7967,-1.3543,1.7,2.82,-0.493,0,0,0,0.274,0.134,0.866,0,0,0.0,3,SEARCH_PHASE,-1.8571,-1.4464
70,5.617,19.503,7.0819,27.3786,-1.8546,-1.4463,1.6849,2.526,29.603,40.187,-4.1366,-10.7361,0.2,0.0,0.0,0.0,-1.7968,-1.3543,1.7,2.82,-0.4428,0,0,0,0.271,0.132,0.868,0,0,0.0,3,SEARCH_PHASE,-1.8546,-1.4463
71,5.686,19.466,7.053,27.4123,-1.8504,-1.4457,1.6863,2.614,29.556,40.175,-4.1366,-10.7361,0.2,0.0,0.0,0.0,-1.7968,-1.3542,1.7,2.82,-0.4815,0,0,0,0.271,0.132,0.868,0,0,0.0,3,SEARCH_PHASE,-1.8504,-1.4457
72,5.756,19.4291,7.0242,27.4461,-1.8439,-1.4407,1.6872,2.701,29.509,40.164,-4.1366,-10.7361,0.2,0.0,0.0,0.0,-1.7968,-1.3542,1.7,2.82,-0.4615,0,0,0,0.27,0.129,0.871,0,0,0.0,3,SEARCH_PHASE,-1.8439,-1.4407
73,5.826,19.3924,6.9955,27.4798,-1.8357,-1.4347,1.688,2.789,29.462,40.152,-4.1366,-10.7361,0.2,0.0,0.0,0.0,-1.7969,-1.3541,1.7,2.82,-0.4691,0,0,0,0.271,0.129,0.871,0,0,0.0,3,SEARCH_PHASE,-1.8357,-1.4347
74,5.896,19.3558,6.9669,27.5136,-1.8283,-1.4266,1.6885,2.876,29.416,40.141,-4.1366,-10.7361,0.2,0.0,0.0,0.0,-1.7969,-1.3541,1.7,2.82,-0.4562,0,0,0,0.267,0.129,0.871,0,0,0.0,3,SEARCH_PHASE,-1.8283,-1.4266
75,5.966,19.3194,6.9386,27.5474,-1.818,-1.4172,1.6886,2.962,29.37,40.131,-4.1366,-10.7361,0.2,0.0,0.0,0.0,-1.797,-1.354,1.7,2.82,-0.4911,0,0,0,0.268,0.13,0.87,0,0,0.0,3,SEARCH_PHASE,-1.818,-1.4172
76,6.037,19.2833,6.9105,27.5812,-1.8081,-1.4058,1.6887,3.048,29.324,40.12,-4.1366,-10.7361,0.2,0.0,0.0,0.0,-1.797,-1.354,1.7,2.82,-0.4399,0,0,0,0.267,0.132,0.868,0,0,0.0,3,SEARCH_PHASE,-1.8081,-1.4058
77,6.107,19.2473,6.8826,27.6149,-1.7986,-1.3955,1.6887,3.134,29.278,40.11,-4.1366,-10.7361,0.2,0.0,0.0,0.0,-1.797,-1.354,1.7,2.82,-0.4786,0,0,0,0.267,0.121,0.879,0,0,0.0,3,SEARCH_PHASE,-1.7986,-1.3955
78,6.179,19.2115,6.8549,27.6487,-1.7888,-1.3825,1.6883,3.228,29.233,40.1,-4.1366,-10.7361,0.2,0.0,0.0,0.0,-1.797,-1.3539,1.7,2.82,-0.4586,0,0,0,0.267,0.121,0.879,0,0,0.0,3,SEARCH_PHASE,-1.7888,-1.3825
79,6.249,19.1759,6.8275,27.6825,-1.7795,-1.3701,1.6882,3.409,29.188,40.09,-4.1366,-10.7361,0.2,0.0,0.0,0.0,-1.7971,-1.3539,1.7,2.82,-0.493,0,0,0,0.269,0.124,0.876,0,0,0.0,3,SEARCH_PHASE,-1.7795,-1.3701
80,6.325,19.1405,6.8004,27.7162,-1.7708,-1.3572,1.6882,3.588,29.144,40.081,-4.1366,-10.7361,0.2,0.0,0.0,0.0,-1.7971,-1.3539,1.7,2.82,-0.4421,0,0,0,0.268,0.129,0.871,0,0,0.0,3,SEARCH_PHASE,-1.7708,-1.3572
81,6.398,19.1053,6.7734,27.75,-1.7631,-1.3468,1.6882,3.766,29.099,40.072,-4.1366,-10.7361,0.2,0.0,0.0,0.0,-1.7971,-1.3539,1.7,2.82,-0.4798,0,0,0,0.269,0.131,0.869,0,0,0.0,3,SEARCH_PHASE,-1.7631,-1.3468
82,6.471,19.0702,6.7467,27.7837,-1.7553,-1.3351,1.6881,3.943,29.055,40.063,-4.1366,-10.7361,0.2,0.0,0.0,0.0,-1.7971,-1.3539,1.7,2.82,-0.4326,0,0,0,0.267,0.126,0.874,0,0,0.0,3,SEARCH_PHASE,-1.7553,-1.3351
83,6.544,19.0352,6.7202,27.8175,-1.7485,-1.3255,1.6881,4.08,29.011,40.055,-4.1366,-10.7361,0.2,0.0,0.0,0.0,-1.7971,-1.3538,1.7,2.82,-0.4697,0,0,0,0.268,0.125,0.875,0,0,0.0,3,SEARCH_PHASE,-1.7485,-1.3255
84,6.619,19.0003,6.6939,27.8513,-1.742,-1.3144,1.6879,4.201,28.968,40.046,-4.1366,-10.7361,0.2,0.0,0.0,0.0,-1.7971,-1.3538,1.7,2.82,-0.4416,0,0,0,0.268,0.13,0.87,0,0,0.0,3,SEARCH_PHASE,-1.742,-1.3144
85,6.694,18.9656,6.6678,27.885,-1.7369,-1.3051,1.6881,4.322,28.924,40.038,-4.1366,-10.7361,0.2,0.0,0.0,0.0,-1.7971,-1.3538,1.7,2.82,-0.4781,0,0,0,0.271,0.126,0.874,0,0,0.0,3,SEARCH_PHASE,-1.7369,-1.3051
86,6.791,18.931,6.6419,27.9188,-1.7316,-1.2959,1.6883,4.441,28.881,40.03,-4.1366,-10.7361,0.2,0.0,0.0,0.0,-1.7971,-1.3539,1.7,2.82,-0.4287,0,0,0,0.271,0.136,0.864,0,0,0.0,3,SEARCH_PHASE,-1.7316,-1.2959
87,6.885,18.8964,6.6161,27.9526,-1.7272,-1.2898,1.6885,4.561,28.838,40.023,-4.1366,-10.7361,0.2,0.0,0.0,0.0,-1.7971,-1.3539,1.7,2.82,-0.4647,0,0,0,0.273,0.131,0.869,0,0,0.0,3,SEARCH_PHASE,-1.7272,-1.2898
88,6.979,18.862,6.5905,27.9863,-1.7226,-1.2833,1.6887,4.68,28.795,40.015,-4.1366,-10.7361,0.2,0.0,0.0,0.0,-1.7971,-1.3539,1.7,2.82,-0.4213,0,0,0,0.273,0.133,0.867,0,0,0.0,3,SEARCH_PHASE,-1.7226,-1.2833
89,7.069,18.8276,6.5649,28.0201,-1.719,-1.2796,1.689,4.798,28.752,40.008,-4.1366,-10.7361,0.2,0.0,0.0,0.0,-1.7971,-1.3539,1.7,2.82,-0.4567,0,0,0,0.274,0.133,0.867,0,0,0.0,3,SEARCH_PHASE,-1.719,-1.2796
90,7.16,18.7933,6.5394,28.0539,-1.716,-1.2756,1.6894,4.917,28.709,40.001,-4.1366,-10.7361,0.2,0.0,0.0,0.0,-1.7971,-1.3539,1.7,2.82,-0.4078,0,0,0,0.274,0.13,0.87,0,0,0.0,3,SEARCH_PHASE,-1.716,-1.2756
91,7.25,18.759,6.5139,28.0877,-1.7149,-1.2743,1.6896,5.036,28.667,39.994,-4.1366,-10.7361,0.2,0.0,0.0,0.0,-1.797,-1.3539,1.7,2.82,-0.4422,0,0,0,0.275,0.129,0.871,0,0,0.0,3,SEARCH_PHASE,-1.7149,-1.2743
92,7.344,18.7247,6.4884,28.1215,-1.7144,-1.2722,1.6899,5.201,28.624,39.987,-4.1366,-10.7361,0.2,0.0,0.0,0.0,-1.797,-1.3539,1.7,2.82,-0.3941,0,0,0,0.273,0.132,0.868,0,0,0.0,3,SEARCH_PHASE,-1.7144,-1.2722
93,7.438,18.6904,6.463,28.1553,-1.7158,-1.2725,1.6899,5.403,28.581,39.98,-4.1366,-10.7361,0.2,0.0,0.0,0.0,-1.797,-1.354,1.7,2.82,-0.4275,0,0,0,0.274,0.131,0.869,0,0,0.0,3,SEARCH_PHASE,-1.7158,-1.2725
94,7.536,18.656,6.4376,28.1891,-1.7175,-1.2714,1.6899,5.606,28.538,39.973,-4.1366,-10.7361,0.2,0.0,0.0,0.0,-1.797,-1.354,1.7,2.82,-0.3977,0,0,0,0.274,0.126,0.874,0,0,0.0,3,SEARCH_PHASE,-1.7175,-1.2714
95,7.637,18.6216,6.4121,28.2229,-1.7211,-1.2721,1.69,5.808,28.496,39.966,-4.1366,-10.7361,0.2,0.0,0.0,0.0,-1.797,-1.354,1.7,2.82,-0.4303,0,0,0,0.275,0.131,0.869,0,0,0.0,3,SEARCH_PHASE,-1.7211,-1.2721
96,7.735,18.5871,6.3867,28.2567,-1.7245,-1.2726,1.6901,6.011,28.453,39.959,-4.1366,-10.7361,0.2,0.0,0.0,0.0,-1.797,-1.354,1.7,2.82,-0.3839,0,0,0,0.275,0.131,0.869,0,0,0.0,3,SEARCH_PHASE,-1.7245,-1.2726
97,7.836,18.5525,6.3611,28.2905,-1.7293,-1.2759,1.6899,6.215,28.41,39.952,-4.1366,-10.7361,0.2,0.0,0.0,0.0,-1.7969,-1.3541,1.7,2.82,-0.4156,0,0,0,0.277,0.135,0.865,0,0,0.0,3,SEARCH_PHASE,-1.7293,-1.2759
98,7.934,18.5179,6.3356,28.3243,-1.7337,-1.2785,1.6893,6.418,28.367,39.945,-4.1366,-10.7361,0.2,0.0,0.0,0.0,-1.7969,-1.3541,1.7,2.82,-0.3774,0,0,0,0.275,0.132,0.868,0,0,0.0,3,SEARCH_PHASE,-1.7337,-1.2785
99,8.033,18.4831,6.3099,28.3581,-1.7394,-1.2834,1.6892,6.623,28.323,39.939,-4.1366,-10.7361,0.2,0.0,0.0,0.0,-1.7969,-1.3541,1.7,2.82,-0.4146,0,0,0,0.275,0.131,0.869,0,0,0.0,3,SEARCH_PHASE,-1.7394,-1.2834
100,8.131,18.4482,6.2842,28.3918,-1.7447,-1.2876,1.6892,6.791,28.28,39.932,-4.1366,-10.7361,0.2,0.0,0.0,0.0,-1.7969,-1.3542,1.7,2.82,-0.3755,0,0,0,0.274,0.129,0.871,0,0,0.0,3,SEARCH_PHASE,-1.7447,-1.2876
101,8.23,18.4132,6.2583,28.4256,-1.751,-1.2938,1.689,6.917,28.237,39.925,-4.1366,-10.7361,0.2,0.0,0.0,0.0,-1.7969,-1.3542,1.7,2.82,-0.4132,0,0,0,0.274,0.129,0.871,0,0,0.0,3,SEARCH_PHASE,-1.751,-1.2938
102,8.328,18.378,6.2323,28.4594,-1.7566,-1.2989,1.6888,7.043,28.193,39.918,-4.1366,-10.7361,0.2,0.0,0.0,0.0,-1.7968,-1.3542,1.7,2.82,-0.3737,0,0,0,0.272,0.125,0.875,0,0,0.0,3,SEARCH_PHASE,-1.7566,-1.2989
103,8.432,18.3428,6.2062,28.4932,-1.763,-1.3057,1.6885,7.169,28.149,39.911,-4.1366,-10.7361,0.2,0.0,0.0,0.0,-1.7968,-1.3542,1.7,2.82,-0.4114,0,0,0,0.271,0.129,0.871,0,0,0.0,3,SEARCH_PHASE,-1.763,-1.3057
104,8.53,18.3074,6.18,28.5269,-1.7684,-1.3108,1.6883,7.296,28.105,39.904,-4.1366,-10.7361,0.2,0.0,0.0,0.0,-1.7968,-1.3543,1.7,2.82,-0.3715,0,0,0,0.269,0.123,0.877,0,0,0.0,3,SEARCH_PHASE,-1.7684,-1.3108
105,8.629,18.2719,6.1536,28.5607,-1.7746,-1.3172,1.688,7.423,28.061,39.897,-4.1366,-10.7361,0.2,0.0,0.0,0.0,-1.7968,-1.3543,1.7,2.82,-0.4092,0,0,0,0.269,0.127,0.873,0,0,0.0,3,SEARCH_PHASE,-1.7746,-1.3172
106,8.733,18.2363,6.1272,28.5944,-1.7798,-1.3216,1.6878,7.55,28.016,39.889,-4.1366,-10.7361,0.2,0.0,0.0,0.0,-1.7968,-1.3543,1.7,2.82,-0.369,0,0,0,0.262,0.122,0.878,0,0,0.0,3,SEARCH_PHASE,-1.7798,-1.3216
107,8.835,18.2006,6.1007,28.6282,-1.7855,-1.3269,1.6877,7.678,27.972,39.882,-4.1366,-10.7361,0.2,0.0,0.0,0.0,-1.7968,-1.3543,1.7,2.82,-0.4068,0,0,0,0.261,0.119,0.881,0,0,0.0,3,SEARCH_PHASE,-1.7855,-1.3269
108,8.94,18.1648,6.0741,28.6619,-1.7901,-1.3297,1.6875,7.806,27.927,39.875,-4.1366,-10.7361,0.2,0.0,0.0,0.0,-1.7967,-1.3543,1.7,2.82,-0.3816,0,0,0,0.258,0.118,0.882,0,0,0.0,3,SEARCH_PHASE,-1.7901,-1.3297
109,9.051,18.1289,6.0474,28.6957,-1.7951,-1.3331,1.6875,7.934,27.883,39.868,-4.1366,-10.7361,0.2,0.0,0.0,0.0,-1.7967,-1.3544,1.7,2.82,-0.4196,0,0,0,0.258,0.119,0.881,0,0,0.0,3,SEARCH_PHASE,-1.7951,-1.3331
110,9.157,18.0929,6.0207,28.7294,-1.7985,-1.3348,1.6876,8.062,27.838,39.861,-4.1366,-10.7361,0.2,0.0,0.0,0.0,-1.7967,-1.3544,1.7,2.82,-0.3786,0,0,0,0.256,0.117,0.883,0,0,0.0,3,SEARCH_PHASE,-1.7985,-1.3348
111,9.257,18.0569,5.9939,28.7632,-1.8019,-1.338,1.6876,8.19,27.793,39.854,-4.1366,-10.7361,0.2,0.0,0.0,0.0,-1.7967,-1.3544,1.7,2.82,-0.4168,0,0,0,0.255,0.114,0.886,0,0,0.0,3,SEARCH_PHASE,-1.8019,-1.338
112,9.358,18.0208,5.9672,28.797,-1.8036,-1.3391,1.6877,8.306,27.748,39.846,-4.1366,-10.7361,0.2,0.0,0.0,0.0,-1.7967,-1.3544,1.7,2.82,-0.3753,0,0,0,0.254,0.114,0.886,0,0,0.0,3,SEARCH_PHASE,-1.8036,-1.3391
113,9.461,17.9847,5.9403,28.8307,-1.805,-1.3412,1.6879,8.408,27.703,39.839,-4.1366,-10.7361,0.2,0.0,0.0,0.0,-1.7967,-1.3544,1.7,2.82,-0.4137,0,0,0,0.252,0.113,0.887,0,0,0.0,3,SEARCH_PHASE,-1.805,-1.3412
114,9.561,17.9486,5.9135,28.8645,-1.8047,-1.3409,1.6881,8.509,27.658,39.832,-4.1366,-10.7361,0.2,0.0,0.0,0.0,-1.7966,-1.3545,1.7,2.82,-0.3716,0,0,0,0.245,0.101,0.899,0,0,0.0,3,SEARCH_PHASE,-1.8047,-1.3409
115,9.662,17.9125,5.8867,28.8982,-1.8041,-1.3412,1.6882,8.592,27.613,39.826,-4.1366,-10.7361,0.2,0.0,0.0,0.0,-1.7966,-1.3545,1.7,2.82,-0.4103,0,0,0,0.244,0.105,0.895,0,0,0.0,3,SEARCH_PHASE,-1.8041,-1.3412
116,9.76,17.8765,5.8599,28.932,-1.8015,-1.3385,1.6881,8.673,27.568,39.819,-4.1366,-10.7361,0.2,0.0,0.0,0.0,-1.7966,-1.3545,1.7,2.82,-0.4026,0,0,0,0.241,0.097,0.903,0,0,0.0,3,SEARCH_PHASE,-1.8015,-1.3385
117,9.861,17.8405,5.8332,28.9658,-1.7986,-1.3361,1.688,8.754,27.523,39.812,-4.1366,-10.7361,0.2,0.0,0.0,0.0,-1.7966,-1.3545,1.7,2.82,-0.4211,0,0,0,0.242,0.098,0.902,0,0,0.0,3,SEARCH_PHASE,-1.7986,-1.3361
118,9.963,17.8046,5.8065,28.9995,-1.7948,-1.3334,1.688,8.835,27.479,39.806,-4.1366,-10.7361,0.2,0.0,0.0,0.0,-1.7966,-1.3545,1.7,2.82,-0.3821,0,0,0,0.237,0.101,0.899,0,0,0.0,3,SEARCH_PHASE,-1.7948,-1.3334
119,10.065,17.7688,5.7799,29.0333,-1.7922,-1.3323,1.6883,8.915,27.434,39.799,-4.1366,-10.7361,0.2,0.0,0.0,0.0,-1.7966,-1.3546,1.7,2.82,-0.4204,0,0,0,0.238,0.097,0.903,0,0,0.0,3,SEARCH_PHASE,-1.7922,-1.3323
120,10.168,17.733,5.7533,29.0671,-1.7892,-1.3297,1.6885,8.996,27.389,39.793,-4.1366,-10.7361,0.2,0.0,0.0,0.0,-1.7966,-1.3546,1.7,2.82,-0.3778,0,0,0,0.233,0.103,0.897,0,0,0.0,3,SEARCH_PHASE,-1.7892,-1.3297
121,10.27,17.6973,5.7267,29.1008,-1.7873,-1.3287,1.6887,9.076,27.345,39.787,-4.1366,-10.7361,0.2,0.0,0.0,0.0,-1.7965,-1.3546,1.7,2.82,-0.4162,0,0,0,0.232,0.101,0.899,0,0,0.0,3,SEARCH_PHASE,-1.7873,-1.3287
122,10.377,17.6616,5.7002,29.1346,-1.7848,-1.3257,1.6887,9.157,27.3,39.781,-4.1366,-10.7361,0.2,0.0,0.0,0.0,-1.7965,-1.3546,1.7,2.82,-0.3839,0,0,0,0.228,0.097,0.903,0,0,0.0,3,SEARCH_PHASE,-1.7848,-1.3257
123,10.479,17.6259,5.6737,29.1684,-1.7832,-1.3239,1.6887,9.237,27.256,39.775,-4.1366,-10.7361,0.2,0.0,0.0,0.0,-1.7965,-1.3546,1.7,2.82,-0.4222,0,0,0,0.23,0.099,0.901,0,0,0.0,3,SEARCH_PHASE,-1.7832,-1.3239
124,10.582,17.5903,5.6473,29.2022,-1.7806,-1.3207,1.6889,9.318,27.212,39.769,-4.1366,-10.7361,0.2,0.0,0.0,0.0,-1.7965,-1.3547,1.7,2.82,-0.3794,0,0,0,0.223,0.098,0.902,0,0,0.0,3,SEARCH_PHASE,-1.7806,-1.3207
125,10.684,17.5547,5.6209,29.2359,-1.7786,-1.319,1.6889,9.398,27.167,39.764,-4.1366,-10.7361,0.2,0.0,0.0,0.0,-1.7965,-1.3547,1.7,2.82,-0.4176,0,0,0,0.223,0.091,0.909,0,0,0.0,3,SEARCH_PHASE,-1.7786,-1.319
126,10.789,17.5192,5.5946,29.2697,-1.7755,-1.3155,1.6889,9.478,27.123,39.758,-4.1366,-10.7361,0.2,0.0,0.0,0.0,-1.7965,-1.3547,1.7,2.82,-0.3831,0,0,0,0.218,0.094,0.906,0,0,0.0,3,SEARCH_PHASE,-1.7755,-1.3155
127,10.893,17.4838,5.5684,29.3035,-1.7728,-1.3132,1.6889,9.558,27.079,39.753,-4.1366,-10.7361,0.2,0.0,0.0,0.0,-1.7964,-1.3547,1.7,2.82,-0.4213,0,0,0,0.219,0.093,0.907,0,0,0.0,3,SEARCH_PHASE,-1.7728,-1.3132
128,10.995,17.4484,5.5422,29.3373,-1.7687,-1.3093,1.6889,9.638,27.035,39.748,-4.1366,-10.7361,0.2,0.0,0.0,0.0,-1.7964,-1.3548,1.7,2.82,-0.3863,0,0,0,0.214,0.095,0.905,0,0,0.0,3,SEARCH_PHASE,-1.7687,-1.3093
129,11.106,17.4131,5.516,29.371,-1.7649,-1.3069,1.6889,9.711,26.991,39.743,-4.1366,-10.7361,0.2,0.0,0.0,0.0,-1.7964,-1.3548,1.7,2.82,-0.4247,0,0,0,0.214,0.099,0.901,0,0,0.0,3,SEARCH_PHASE,-1.7649,-1.3069
130,11.212,17.3779,5.49,29.4048,-1.7613,-1.3032,1.689,9.779,26.947,39.738,-4.1366,-10.7361,0.2,0.0,0.0,0.0,-1.7964,-1.3548,1.7,2.82,-0.3888,0,0,0,0.21,0.101,0.899,0,0,0.0,3,SEARCH_PHASE,-1.7613,-1.3032
131,11.317,17.3427,5.4639,29.4386,-1.7594,-1.3013,1.6891,9.846,26.904,39.733,-4.1366,-10.7361,0.2,0.0,0.0,0.0,-1.7964,-1.3548,1.7,2.82,-0.4267,0,0,0,0.211,0.1,0.9,0,0,0.0,3,SEARCH_PHASE,-1.7594,-1.3013
132,11.428,17.3075,5.438,29.4724,-1.7574,-1.2984,1.6892,9.914,26.86,39.728,-4.1366,-10.7361,0.2,0.0,0.0,0.0,-1.7963,-1.3549,1.7,2.82,-0.3835,0,0,0,0.205,0.097,0.903,0,0,0.0,3,SEARCH_PHASE,-1.7574,-1.2984
133,11.537,17.2724,5.412,29.5062,-1.7568,-1.2975,1.6892,9.982,26.816,39.724,-4.1366,-10.7361,0.2,0.0,0.0,0.0,-1.7963,-1.3549,1.7,2.82,-0.421,0,0,0,0.206,0.096,0.904,0,0,0.0,3,SEARCH_PHASE,-1.7568,-1.2975
134,11.644,17.2373,5.3861,29.54,-1.7559,-1.295,1.6892,10.041,26.773,39.719,-4.1366,-10.7361,0.2,0.0,0.0,0.0,-1.7963,-1.3549,1.7,2.82,-0.3929,0,0,0,0.2,0.095,0.905,0,0,0.0,3,SEARCH_PHASE,-1.7559,-1.295
135,11.752,17.2021,5.3602,29.5737,-1.7563,-1.2942,1.6892,10.083,26.729,39.715,-4.1366,-10.7361,0.2,0.0,0.0,0.0,-1.7963,-1.355,1.7,2.82,-0.4301,0,0,0,0.206,0.096,0.904,0,0,0.0,3,SEARCH_PHASE,-1.7563,-1.2942
136,11.863,17.167,5.3344,29.6075,-1.756,-1.2927,1.6893,10.125,26.685,39.71,-4.1366,-10.7361,0.2,0.0,0.0,0.0,-1.7962,-1.355,1.7,2.82,-0.3871,0,0,0,0.197,0.095,0.905,0,0,0.0,3,SEARCH_PHASE,-1.756,-1.2927
137,11.978,17.1319,5.3085,29.6413,-1.7564,-1.2937,1.6893,10.168,26.642,39.706,-4.1366,-10.7361,0.2,0.0,0.0,0.0,-1.7962,-1.355,1.7,2.82,-0.4241,0,0,0,0.204,0.096,0.904,0,0,0.0,3,SEARCH_PHASE,-1.7564,-1.2937
138,12.092,17.0968,5.2826,29.6751,-1.7559,-1.2936,1.6894,10.21,26.598,39.702,-4.1366,-10.7361,0.2,0.0,0.0,0.0,-1.7962,-1.3551,1.7,2.82,-0.3809,0,0,0,0.193,0.092,0.908,0,0,0.0,3,SEARCH_PHASE,-1.7559,-1.2936
139,12.208,17.0616,5.2567,29.7089,-1.7561,-1.2954,1.6894,10.252,26.554,39.698,-4.1366,-10.7361,0.2,0.0,0.0,0.0,-1.7962,-1.3551,1.7,2.82,-0.4178,0,0,0,0.195,0.094,0.906,0,0,0.0,3,SEARCH_PHASE,-1.7561,-1.2954
140,12.326,17.0265,5.2308,29.7427,-1.7553,-1.2959,1.6894,10.294,26.511,39.694,-4.1366,-10.7361,0.2,0.0,0.0,0.0,-1.7961,-1.3551,1.7,2.82,-0.3745,0,0,0,0.188,0.082,0.918,0,0,0.0,3,SEARCH_PHASE,-1.7553,-1.2959
141,12.44,16.9914,5.2049,29.7765,-1.7551,-1.2978,1.6894,10.338,26.467,39.69,-4.1366,-10.7361,0.2,0.0,0.0,0.0,-1.7961,-1.3552,1.7,2.82,-0.4112,0,0,0,0.188,0.086,0.914,0,0,0.0,3,SEARCH_PHASE,-1.7551,-1.2978
142,12.55,16.9564,5.1789,29.8103,-1.7537,-1.298,1.6893,10.383,26.423,39.686,-4.1366,-10.7361,0.2,0.0,0.0,0.0,-1.7961,-1.3552,1.7,2.82,-0.3754,0,0,0,0.182,0.087,0.913,0,0,0.0,3,SEARCH_PHASE,-1.7537,-1.298
143,12.663,16.9213,5.1529,29.844,-1.7527,-1.2992,1.6893,10.429,26.38,39.682,-4.1366,-10.7361,0.2,0.0,0.0,0.0,-1.7961,-1.3552,1.7,2.82,-0.4121,0,0,0,0.182,0.086,0.914,0,0,0.0,3,SEARCH_PHASE,-1.7527,-1.2992
144,12.785,16.8863,5.1269,29.8778,-1.7513,-1.2989,1.6893,10.474,26.336,39.678,-4.1366,-10.7361,0.2,0.0,0.0,0.0,-1.7961,-1.3552,1.7,2.82,-0.3726,0,0,0,0.175,0.08,0.92,0,0,0.0,3,SEARCH_PHASE,-1.7513,-1.2989
145,12.893,16.8513,5.1009,29.9116,-1.7511,-1.2999,1.6893,10.52,26.293,39.675,-4.1366,-10.7361,0.2,0.0,0.0,0.0,-1.796,-1.3553,1.7,2.82,-0.4088,0,0,0,0.176,0.08,0.92,0,0,0.0,3,SEARCH_PHASE,-1.7511,-1.2999
146,13.006,16.8163,5.075,29.9454,-1.7501,-1.2992,1.6893,10.565,26.249,39.671,-4.1366,-10.7361,0.2,0.0,0.0,0.0,-1.796,-1.3553,1.7,2.82,-0.3717,0,0,0,0.162,0.072,0.928,0,0,0.0,3,SEARCH_PHASE,-1.7501,-1.2992
147,13.126,16.7813,5.049,29.9792,-1.7501,-1.2999,1.6893,10.611,26.205,39.668,-4.1366,-10.7361,0.2,0.0,0.0,0.0,-1.796,-1.3553,1.7,2.82,-0.4076,0,0,0,0.165,0.075,0.925,0,0,0.0,3,SEARCH_PHASE,-1.7501,-1.2999
148,13.241,16.7463,5.023,30.013,-1.7491,-1.2989,1.6894,10.656,26.162,39.664,-4.1366,-10.7361,0.2,0.0,0.0,0.0,-1.796,-1.3553,1.7,2.82,-0.3646,0,0,0,0.151,0.074,0.926,0,0,0.0,3,SEARCH_PHASE,-1.7491,-1.2989
149,13.356,16.7113,4.997,30.0468,-1.7488,-1.2993,1.6894,10.702,26.118,39.661,-4.1366,-10.7361,0.2,0.0,0.0,0.0,-1.796,-1.3553,1.7,2.82,-0.4003,0,0,0,0.15,0.063,0.937,0,0,0.0,3,SEARCH_PHASE,-1.7488,-1.2993
150,13.468,16.6764,4.971,30.0805,-1.7474,-1.2978,1.6885,10.747,26.075,39.658,-4.1366,-10.7361,0.2,0.0,0.0,0.0,-1.796,-1.3554,1.7,2.82,-0.3867,0,0,0,0.147,0.071,0.929,0,0,0.0,3,SEARCH_PHASE,-1.7474,-1.2978
151,13.577,16.6414,4.9451,30.1143,-1.7466,-1.2973,1.6888,10.793,26.031,39.655,-4.1366,-10.7361,0.2,0.0,0.0,0.0,-1.7959,-1.3554,1.7,2.82,-0.4274,0,0,0,0.157,0.068,0.932,0,0,0.0,3,SEARCH_PHASE,-1.7466,-1.2973
152,13.725,16.6065,4.9192,30.1481,-1.7455,-1.2966,1.6892,10.838,25.988,39.652,-4.1366,-10.7361,0.2,0.0,0.0,0.0,-1.7959,-1.3554,1.7,2.82,-0.3885,0,0,0,0.15,0.062,0.938,0,0,0.0,3,SEARCH_PHASE,-1.7455,-1.2966
153,13.877,16.5716,4.8932,30.1819,-1.7457,-1.2986,1.6888,10.883,25.944,39.649,-4.1366,-10.7361,0.2,0.0,0.0,0.0,-1.7959,-1.3554,1.7,2.82,-0.4287,0,0,0,0.16,0.068,0.932,0,0,0.0,3,SEARCH_PHASE,-1.7457,-1.2986
154,14.015,16.5367,4.8672,30.2156,-1.7455,-1.3,1.6891,10.929,25.901,39.646,-4.1366,-10.7361,0.2,0.0,0.0,0.0,-1.7959,-1.3555,1.7,2.82,-0.3873,0,0,0,0.15,0.062,0.938,0,0,0.0,3,SEARCH_PHASE,-1.7455,-1.3
155,14.149,16.5018,4.8411,30.2494,-1.7465,-1.3039,1.6891,10.975,25.857,39.643,-4.1366,-10.7361,0.2,0.0,0.0,0.0,-1.7959,-1.3555,1.7,2.82,-0.4259,0,0,0,0.158,0.066,0.934,0,0,0.0,3,SEARCH_PHASE,-1.7465,-1.3039
156,14.303,16.4668,4.815,30.2832,-1.7469,-1.3068,1.6892,11.02,25.814,39.64,-4.1366,-10.7361,0.2,0.0,0.0,0.0,-1.7959,-1.3555,1.7,2.82,-0.3844,0,0,0,0.145,0.058,0.942,0,0,0.0,3,SEARCH_PHASE,-1.7469,-1.3068
157,14.432,16.4319,4.7887,30.317,-1.7483,-1.3118,1.6891,11.066,25.77,39.637,-4.1366,-10.7361,0.2,0.0,0.0,0.0,-1.7959,-1.3555,1.7,2.82,-0.4228,0,0,0,0.15,0.061,0.939,0,0,0.0,3,SEARCH_PHASE,-1.7483,-1.3118
158,14.562,16.3969,4.7624,30.3508,-1.749,-1.3154,1.6891,11.112,25.726,39.635,-4.1366,-10.7361,0.2,0.0,0.0,0.0,-1.7959,-1.3555,1.7,2.82,-0.3811,0,0,0,0.136,0.048,0.952,0,0,0.0,3,SEARCH_PHASE,-1.749,-1.3154
159,14.688,16.3619,4.736,30.3846,-1.7506,-1.3206,1.6889,11.157,25.682,39.632,-4.1366,-10.7361,0.2,0.0,0.0,0.0,-1.7959,-1.3555,1.7,2.82,-0.4194,0,0,0,0.138,0.052,0.948,0,0,0.0,3,SEARCH_PHASE,-1.7506,-1.3206
160,14.802,16.3268,4.7095,30.4183,-1.7515,-1.3241,1.6889,11.203,25.638,39.629,-4.1366,-10.7361,0.2,0.0,0.0,0.0,-1.7959,-1.3555,1.7,2.82,-0.3774,0,0,0,0.123,0.05,0.95,0,0,0.0,3,SEARCH_PHASE,-1.7515,-1.3241
161,14.912,16.2918,4.683,30.4521,-1.7531,-1.3287,1.6888,11.241,25.594,39.626,-4.1366,-10.7361,0.2,0.0,0.0,0.0,-1.7959,-1.3555,1.7,2.82,-0.4156,0,0,0,0.122,0.048,0.952,0,0,0.0,3,SEARCH_PHASE,-1.7531,-1.3287
162,15.024,16.2567,4.6563,30.4859,-1.7538,-1.3312,1.6888,11.265,25.55,39.624,-4.1366,-10.7361,0.2,0.0,0.0,0.0,-1.7959,-1.3555,1.7,2.82,-0.3735,0,0,0,0.111,0.051,0.949,0,0,0.0,3,SEARCH_PHASE,-1.7538,-1.3312
163,15.137,16.2216,4.6297,30.5197,-1.7551,-1.3345,1.6888,11.289,25.506,39.621,-4.1366,-10.7361,0.2,0.0,0.0,0.0,-1.7959,-1.3555,1.7,2.82,-0.4116,0,0,0,0.108,0.049,0.951,0,0,0.0,3,SEARCH_PHASE,-1.7551,-1.3345
164,15.251,16.1865,4.603,30.5534,-1.7554,-1.3351,1.6887,11.313,25.462,39.619,-4.1366,-10.7361,0.2,0.0,0.0,0.0,-1.7959,-1.3555,1.7,2.82,-0.3786,0,0,0,0.095,0.037,0.963,0,0,0.0,3,SEARCH_PHASE,-1.7554,-1.3351
165,15.366,16.1514,4.5762,30.5872,-1.7562,-1.3362,1.6888,11.337,25.418,39.616,-4.1366,-10.7361,0.2,0.0,0.0,0.0,-1.7959,-1.3555,1.7,2.82,-0.4167,0,0,0,0.098,0.04,0.96,0,0,0.0,3,SEARCH_PHASE,-1.7562,-1.3362
166,15.479,16.1162,4.5495,30.621,-1.7557,-1.335,1.6888,11.361,25.374,39.614,-4.1366,-10.7361,0.2,0.0,0.0,0.0,-1.7959,-1.3554,1.7,2.82,-0.3801,0,0,0,0.073,0.034,0.966,0,0,0.0,3,SEARCH_PHASE,-1.7557,-1.335
167,15.59,16.0811,4.5228,30.6548,-1.7554,-1.3346,1.6889,11.386,25.33,39.612,-4.1366,-10.7361,0.2,0.0,0.0,0.0,-1.7959,-1.3554,1.7,2.82,-0.4184,0,0,0,0.074,0.047,0.953,0,0,0.0,3,SEARCH_PHASE,-1.7554,-1.3346
168,15.705,16.046,4.4962,30.6885,-1.7547,-1.3321,1.6889,11.41,25.286,39.61,-4.1366,-10.7361,0.2,0.0,0.0,0.0,-1.7959,-1.3554,1.7,2.82,-0.3898,0,0,0,0.057,0.026,0.974,0,0,0.0,3,SEARCH_PHASE,-1.7547,-1.3321
169,15.815,16.0109,4.4696,30.7223,-1.7552,-1.3304,1.6889,11.436,25.242,39.607,-4.1366,-10.7361,0.2,0.0,0.0,0.0,-1.7959,-1.3554,1.7,2.82,-0.4279,0,0,0,0.065,0.043,0.957,0,0,0.0,3,SEARCH_PHASE,-1.7552,-1.3304
170,15.928,15.9758,4.443,30.7561,-1.7549,-1.3274,1.689,11.461,25.198,39.605,-4.1366,-10.7361,0.2,0.0,0.0,0.0,-1.7959,-1.3554,1.7,2.82,-0.385,0,0,0,0.047,0.029,0.971,0,0,0.0,3,SEARCH_PHASE,-1.7549,-1.3274
171,16.049,15.9407,4.4165,30.7899,-1.7552,-1.3261,1.689,11.487,25.154,39.604,-4.1366,-10.7361,0.2,0.0,0.0,0.0,-1.7959,-1.3554,1.652,2.7913,-0.4229,0,0,0,0.05,0.034,0.966,0,0,0.0,3,SEARCH_PHASE,-1.7552,-1.3261
172,16.168,15.9057,4.3901,30.8233,-1.7543,-1.3229,1.6713,11.512,25.11,39.602,-4.1366,-10.7361,0.2,0.0,0.0,0.0,-1.7959,-1.3554,1.604,2.7632,-0.3818,0,0,0,0.037,0.013,0.987,0,0,0.0,3,SEARCH_PHASE,-1.7543,-1.3229
173,16.282,15.8706,4.3636,30.8562,-1.7535,-1.3208,1.6424,11.536,25.066,39.599,-4.1366,-10.7361,0.2,0.0,0.0,0.0,-1.7959,-1.3554,1.556,2.7356,-0.4167,0,0,0,0.036,0.016,0.984,0,0,0.0,3,SEARCH_PHASE,-1.7535,-1.3208
174,16.397,15.8355,4.3373,30.8883,-1.7518,-1.3169,1.6063,11.56,25.022,39.596,-4.1366,-10.7361,0.2,0.0,0.0,0.0,-1.7959,-1.3554,1.508,2.7086,-0.4167,0,0,0,0.035,0.013,0.987,0,0,0.0,3,SEARCH_PHASE,-1.7518,-1.3169
175,16.511,15.8005,4.311,30.9196,-1.7504,-1.3137,1.5659,11.583,24.978,39.593,-4.1366,-10.7361,0.2,0.0,0.0,0.0,-1.7959,-1.3554,1.46,2.6822,-0.4045,0,0,0,0.025,0.017,0.983,0,0,0.0,3,SEARCH_PHASE,-1.7504,-1.3137
176,16.633,15.7656,4.2848,30.9501,-1.7492,-1.3112,1.523,11.603,24.934,39.589,-4.1366,-10.7361,0.2,0.0,0.0,0.0,-1.7959,-1.3554,1.412,2.6564,-0.4171,0,0,0,0.027,0.019,0.981,0,0,0.0,3,SEARCH_PHASE,-1.7492,-1.3112
177,16.748,15.7306,4.2586,30.9796,-1.7484,-1.309,1.4786,11.605,24.891,39.585,-4.1366,-10.7361,0.2,0.0,0.0,0.0,-1.7959,-1.3554,1.364,2.6312,-0.3753,0,0,0,0.0,0.0,1.0,0,0,0.0,3,SEARCH_PHASE,-1.7484,-1.309
178,16.858,15.6956,4.2325,31.0083,-1.7481,-1.308,1.433,11.606,24.847,39.579,-4.1366,-10.7361,0.2,0.0,0.0,0.0,-1.7959,-1.3555,1.316,2.6066,-0.4031,0,0,0,0.0,0.0,1.0,0,0,0.0,3,SEARCH_PHASE,-1.7481,-1.308
179,16.968,15.6607,4.2063,31.036,-1.7472,-1.306,1.3865,11.606,24.803,39.574,-4.1366,-10.7361,0.2,0.0,0.0,0.0,-1.7959,-1.3555,1.268,2.5827,-0.3868,0,0,0,0.0,0.0,1.0,0,0,0.0,3,SEARCH_PHASE,-1.7472,-1.306
180,17.075,15.6257,4.1802,31.0628,-1.7468,-1.3049,1.3398,11.605,24.76,39.567,-4.1366,-10.7361,0.2,0.0,0.0,0.0,-1.7959,-1.3555,1.22,2.5595,-0.4224,0,0,0,0.011,0.007,0.993,0,0,0.0,3,SEARCH_PHASE,-1.7468,-1.3049
181,17.183,15.5908,4.1542,31.0887,-1.7466,-1.3037,1.2929,11.604,24.716,39.56,-4.1366,-10.7361,0.2,0.0,0.0,0.0,-1.7959,-1.3555,1.172,2.5369,-0.3892,0,0,0,0.001,0.001,0.999,0,0,0.0,3,SEARCH_PHASE,-1.7466,-1.3037
182,17.29,15.5559,4.1281,31.1136,-1.7475,-1.3042,1.2449,11.601,24.673,39.552,-4.1366,-10.7361,0.2,0.0,0.0,0.0,-1.7958,-1.3555,1.124,2.5151,-0.4242,0,0,0,0.013,0.009,0.991,0,0,0.0,3,SEARCH_PHASE,-1.7475,-1.3042
183,17.397,15.5209,4.102,31.1375,-1.7484,-1.3044,1.1979,11.597,24.629,39.544,-4.1366,-10.7361,0.2,0.0,0.0,0.0,-1.7958,-1.3555,1.076,2.494,-0.3869,0,0,0,0.0,0.0,1.0,0,0,0.0,3,SEARCH_PHASE,-1.7484,-1.3044
184,17.504,15.4859,4.0759,31.1605,-1.7503,-1.3061,1.1505,11.593,24.585,39.535,-4.1366,-10.7361,0.2,0.0,0.0,0.0,-1.7958,-1.3556,1.028,2.4737,-0.4181,0,0,0,0.003,0.002,0.998,0,0,0.0,3,SEARCH_PHASE,-1.7503,-1.3061
185,17.615,15.4508,4.0497,31.1826,-1.7521,-1.3073,1.1031,11.587,24.542,39.525,-4.1366,-10.7361,0.2,0.0,0.0,0.0,-1.7958,-1.3556,0.98,2.4542,-0.381,0,0,0,0.0,0.0,1.0,0,0,0.0,3,SEARCH_PHASE,-1.7521,-1.3073
186,17.749,15.4158,4.0235,31.2037,-1.7549,-1.3098,1.0555,11.581,24.498,39.514,-4.1366,-10.7361,0.2,0.0,0.0,0.0,-1.7958,-1.3556,0.932,2.4354,-0.4118,0,0,0,0.0,0.0,1.0,0,0,0.0,3,SEARCH_PHASE,-1.7549,-1.3098
187,17.865,15.3806,3.9973,31.2239,-1.7574,-1.3113,1.0079,11.573,24.454,39.503,-4.1366,-10.7361,0.2,0.0,0.0,0.0,-1.7958,-1.3556,0.884,2.4174,-0.3747,0,0,0,0.0,0.0,1.0,0,0,0.0,3,SEARCH_PHASE,-1.7574,-1.3113
188,17.973,15.3454,3.971,31.2431,-1.7608,-1.3138,0.9602,11.565,24.41,39.491,-4.1366,-10.7361,0.2,0.0,0.0,0.0,-1.7958,-1.3556,0.836,2.4003,-0.4051,0,0,0,0.0,0.0,1.0,0,0,0.0,3,SEARCH_PHASE,-1.7608,-1.3138
189,18.085,15.3101,3.9447,31.2613,-1.7639,-1.3151,0.9124,11.555,24.366,39.478,-4.1366,-10.7361,0.2,0.0,0.0,0.0,-1.7957,-1.3557,0.788,2.384,-0.3836,0,0,0,0.0,0.0,1.0,0,0,0.0,3,SEARCH_PHASE,-1.7639,-1.3151
190,18.195,15.2748,3.9184,31.2786,-1.7676,-1.3171,0.8647,11.545,24.322,39.464,-4.1366,-10.7361,0.2,0.0,0.0,0.0,-1.7957,-1.3557,0.74,2.3686,-0.4137,0,0,0,0.0,0.0,1.0,0,0,0.0,3,SEARCH_PHASE,-1.7676,-1.3171
191,18.311,15.2393,3.892,31.295,-1.7707,-1.3186,0.817,11.533,24.278,39.45,-4.1366,-10.7361,0.2,0.0,0.0,0.0,-1.7957,-1.3557,0.692,2.354,-0.3769,0,0,0,0.0,0.0,1.0,0,0,0.0,3,SEARCH_PHASE,-1.7707,-1.3186
192,18.422,15.2039,3.8656,31.3103,-1.7742,-1.3214,0.7693,11.52,24.234,39.435,-4.1366,-10.7361,0.2,0.0,0.0,0.0,-1.7957,-1.3557,0.644,2.3403,-0.4069,0,0,0,0.0,0.0,1.0,0,0,0.0,3,SEARCH_PHASE,-1.7742,-1.3214
193,18.532,15.1683,3.8391,31.3248,-1.7768,-1.3234,0.7216,11.507,24.189,39.419,-4.1366,-10.7361,0.2,0.0,0.0,0.0,-1.7957,-1.3557,0.596,2.3276,-0.3701,0,0,0,0.0,0.0,1.0,0,0,0.0,3,SEARCH_PHASE,-1.7768,-1.3234
194,18.642,15.1327,3.8126,31.3383,-1.7796,-1.3264,0.6739,11.492,24.145,39.403,-4.1366,-10.7361,0.2,0.0,0.0,0.0,-1.7957,-1.3558,0.548,2.3158,-0.3999,0,0,0,0.0,0.0,1.0,0,0,0.0,3,SEARCH_PHASE,-1.7796,-1.3264
195,18.752,15.0971,3.786,31.3508,-1.7816,-1.3282,0.6256,11.477,24.1,39.385,-4.1366,-10.7361,0.2,0.0,0.0,0.0,-1.7957,-1.3558,0.5,2.3049,-0.3687,0,0,0,0.0,0.0,1.0,0,0,0.0,3,SEARCH_PHASE,-1.7816,-1.3282
196,18.861,15.0614,3.7594,31.3623,-1.7836,-1.3308,0.5782,11.46,24.056,39.367,-4.1366,-10.7361,0.2,0.0,0.0,0.0,-1.7956,-1.3558,0.452,2.295,-0.4032,0,0,0,0.0,0.0,1.0,0,0,0.0,3,SEARCH_PHASE,-1.7836,-1.3308
197,18.971,15.0257,3.7328,31.3729,-1.7847,-1.3322,0.5308,11.443,24.011,39.348,-4.1366,-10.7361,0.2,0.0,0.0,0.0,-1.7956,-1.3558,0.404,2.286,-0.3703,0,0,0,0.0,0.0,1.0,0,0,0.0,3,SEARCH_PHASE,-1.7847,-1.3322
198,19.077,14.99,3.7061,31.3826,-1.7859,-1.3342,0.4833,11.424,23.967,39.329,-4.1366,-10.7361,0.2,0.0,0.0,0.0,-1.7956,-1.3558,0.356,2.278,-0.4051,0,0,0,0.0,0.0,1.0,0,0,0.0,3,SEARCH_PHASE,-1.7859,-1.3342
199,19.184,14.9543,3.6794,31.3913,-1.7861,-1.3345,0.4356,11.405,23.922,39.309,-4.1366,-10.7361,0.2,0.0,0.0,0.0,-1.7956,-1.3558,0.308,2.271,-0.3866,0,0,0,0.0,0.0,1.0,0,0,0.0,3,SEARCH_PHASE,-1.7861,-1.3345
200,19.294,14.9186,3.6527,31.3991,-1.7862,-1.3352,0.3875,11.384,23.878,39.288,-4.1366,-10.7361,0.2,0.0,0.0,0.0,-1.7956,-1.3559,0.26,2.265,-0.4211,0,0,0,0.0,0.0,1.0,0,0,0.0,3,SEARCH_PHASE,-1.7862,-1.3352
201,19.401,14.8829,3.626,31.4059,-1.785,-1.3349,0.3401,11.363,23.833,39.266,-4.1366,-10.7361,0.2,0.0,0.0,0.0,-1.7956,-1.3559,0.212,2.26,-0.3861,0,0,0,0.0,0.0,1.0,0,0,0.0,3,SEARCH_PHASE,-1.785,-1.3349
202,19.508,14.8472,3.5993,31.4117,-1.7834,-1.3358,0.2928,11.341,23.788,39.244,-4.1366,-10.7361,0.2,0.0,0.0,0.0,-1.7956,-1.3559,0.164,2.256,-0.4168,0,0,0,0.0,0.0,1.0,0,0,0.0,3,SEARCH_PHASE,-1.7834,-1.3358
203,19.614,14.8116,3.5726,31.4166,-1.7809,-1.3358,0.2453,11.318,23.744,39.221,-4.1366,-10.7361,0.2,0.0,0.0,0.0,-1.7956,-1.3559,0.116,2.253,-0.3782,0,0,0,0.0,0.0,1.0,0,0,0.0,3,SEARCH_PHASE,-1.7809,-1.3358
204,19.723,14.776,3.5458,31.4206,-1.7785,-1.3368,0.1978,11.293,23.699,39.197,-4.1366,-10.7361,0.2,0.0,0.0,0.0,-1.7956,-1.3559,0.068,2.251,-0.4089,0,0,0,0.0,0.0,1.0,0,0,0.0,3,SEARCH_PHASE,-1.7785,-1.3368
205,19.838,14.7405,3.5191,31.4236,-1.7751,-1.3366,0.1501,11.268,23.655,39.172,-4.1366,-10.7361,0.2,0.0,0.0,0.0,-1.7955,-1.3559,0.02,2.2501,-0.3793,0,0,0,0.0,0.0,1.0,0,0,0.0,3,SEARCH_PHASE,-1.7751,-1.3366
206,19.964,14.7051,3.4923,31.4256,-1.7716,-1.3372,0.1024,11.242,23.611,39.147,-4.1366,-10.7361,0.2,0.0,0.0,0.0,-1.7955,-1.3559,-0.028,2.2502,-0.4079,0,0,0,0.0,0.0,1.0,0,0,0.0,3,SEARCH_PHASE,-1.7716,-1.3372
207,20.079,14.6697,3.4656,31.4267,-1.7683,-1.3369,0.0549,11.215,23.566,39.121,-4.1366,-10.7361,0.2,0.0,0.0,0.0,-1.7955,-1.3559,-0.076,2.2513,-0.3692,0,0,0,0.0,0.0,1.0,0,0,0.0,3,SEARCH_PHASE,-1.7683,-1.3369
208,20.197,14.6344,3.4389,31.4269,-1.7658,-1.3374,0.0073,11.188,23.522,39.095,-4.1366,-10.7361,0.2,0.0,0.0,0.0,-1.7956,-1.3559,-0.124,2.2534,-0.3995,0,0,0,0.0,0.0,1.0,0,0,0.0,3,SEARCH_PHASE,-1.7658,-1.3374
209,20.309,14.5991,3.4121,31.4261,-1.7628,-1.3367,-0.0409,11.159,23.478,39.067,-4.1366,-10.7361,0.2,0.0,0.0,0.0,-1.7956,-1.3559,-0.172,2.2566,-0.3699,0,0,0,0.0,0.0,1.0,0,0,0.0,3,SEARCH_PHASE,-1.7628,-1.3367
210,20.422,14.5639,3.3854,31.4243,-1.7604,-1.3365,-0.0883,11.129,23.433,39.04,-4.1366,-10.7361,0.2,0.0,0.0,0.0,-1.7956,-1.3559,-0.22,2.2607,-0.4054,0,0,0,0.0,0.0,1.0,0,0,0.0,3,SEARCH_PHASE,-1.7604,-1.3365
211,20.528,14.5288,3.3587,31.4216,-1.7577,-1.3349,-0.1358,11.098,23.389,39.011,-4.1366,-10.7361,0.2,0.0,0.0,0.0,-1.7956,-1.3559,-0.268,2.2659,-0.3815,0,0,0,0.0,0.0,1.0,0,0,0.0,3,SEARCH_PHASE,-1.7577,-1.3349
212,20.636,14.4937,3.332,31.4179,-1.7557,-1.3339,-0.1837,11.067,23.345,38.981,-4.1366,-10.7361,0.2,0.0,0.0,0.0,-1.7956,-1.3559,-0.316,2.2721,-0.4169,0,0,0,0.0,0.0,1.0,0,0,0.0,3,SEARCH_PHASE,-1.7557,-1.3339
213,20.746,14.4586,3.3054,31.4133,-1.7532,-1.3318,-0.2312,11.035,23.301,38.951,-4.1366,-10.7361,0.2,0.0,0.0,0.0,-1.7956,-1.3559,-0.364,2.2793,-0.3878,0,0,0,0.0,0.0,1.0,0,0,0.0,3,SEARCH_PHASE,-1.7532,-1.3318
214,20.854,14.4236,3.2788,31.4077,-1.7511,-1.3306,-0.2794,11.001,23.257,38.921,-4.1366,-10.7361,0.2,0.0,0.0,0.0,-1.7956,-1.3559,-0.412,2.2874,-0.4215,0,0,0,0.0,0.0,1.0,0,0,0.0,3,SEARCH_PHASE,-1.7511,-1.3306
215,20.968,14.3886,3.2522,31.4012,-1.7493,-1.3285,-0.3266,10.967,23.213,38.889,-4.1366,-10.7361,0.2,0.0,0.0,0.0,-1.7956,-1.3558,-0.46,2.2965,-0.383,0,0,0,0.0,0.0,1.0,0,0,0.0,3,SEARCH_PHASE,-1.7493,-1.3285
216,21.083,14.3536,3.2257,31.3937,-1.7486,-1.3274,-0.374,10.932,23.169,38.857,-4.1366,-10.7361,0.2,0.0,0.0,0.0,-1.7956,-1.3558,-0.508,2.3066,-0.4138,0,0,0,0.0,0.0,1.0,0,0,0.0,3,SEARCH_PHASE,-1.7486,-1.3274
217,21.197,14.3187,3.1992,31.3853,-1.7481,-1.3251,-0.4217,10.896,23.125,38.824,-4.1366,-10.7361,0.2,0.0,0.0,0.0,-1.7956,-1.3558,-0.556,2.3177,-0.3948,0,0,0,0.0,0.0,1.0,0,0,0.0,3,SEARCH_PHASE,-1.7481,-1.3251
218,21.314,14.2837,3.1727,31.3759,-1.7487,-1.3236,-0.4693,10.858,23.082,38.79,-4.1366,-10.7361,0.2,0.0,0.0,0.0,-1.7956,-1.3558,-0.604,2.3297,-0.4212,0,0,0,0.0,0.0,1.0,0,0,0.0,3,SEARCH_PHASE,-1.7487,-1.3236
219,21.436,14.2487,3.1462,31.3655,-1.7491,-1.3219,-0.5168,10.82,23.038,38.756,-4.1366,-10.7361,0.2,0.0,0.0,0.0,-1.7956,-1.3558,-0.652,2.3426,-0.3834,0,0,0,0.0,0.0,1.0,0,0,0.0,3,SEARCH_PHASE,-1.7491,-1.3219
220,21.565,14.2137,3.1198,31.3542,-1.7501,-1.3215,-0.5644,10.781,22.994,38.721,-4.1366,-10.7361,0.2,0.0,0.0,0.0,-1.7956,-1.3558,-0.7,2.3564,-0.4133,0,0,0,0.0,0.0,1.0,0,0,0.0,3,SEARCH_PHASE,-1.7501,-1.3215
221,21.687,14.1787,3.0934,31.342,-1.7509,-1.3203,-0.612,10.741,22.95,38.685,-4.1366,-10.7361,0.2,0.0,0.0,0.0,-1.7956,-1.3558,-0.748,2.3711,-0.3756,0,0,0,0.0,0.0,1.0,0,0,0.0,3,SEARCH_PHASE,-1.7509,-1.3203
222,21.808,14.1436,3.067,31.3288,-1.7523,-1.3201,-0.6597,10.701,22.906,38.648,-4.1366,-10.7361,0.2,0.0,0.0,0.0,-1.7956,-1.3558,-0.796,2.3867,-0.405,0,0,0,0.0,0.0,1.0,0,0,0.0,3,SEARCH_PHASE,-1.7523,-1.3201
223,21.926,14.1086,3.0406,31.3147,-1.7533,-1.3189,-0.7078,10.665,22.862,38.611,-4.1366,-10.7361,0.2,0.0,0.0,0.0,-1.7956,-1.3558,-0.844,2.4031,-0.3809,0,0,0,0.0,0.0,1.0,0,0,0.0,3,SEARCH_PHASE,-1.7533,-1.3189
224,22.038,14.0735,3.0143,31.2996,-1.7549,-1.3184,-0.7553,10.634,22.818,38.573,-4.1366,-10.7361,0.2,0.0,0.0,0.0,-1.7956,-1.3558,-0.892,2.4204,-0.4115,0,0,0,0.0,0.0,1.0,0,0,0.0,3,SEARCH_PHASE,-1.7549,-1.3184
225,22.149,14.0384,2.9879,31.2835,-1.7557,-1.3173,-0.8028,10.602,22.775,38.534,-4.1366,-10.7361,0.2,0.0,0.0,0.0,-1.7956,-1.3559,-0.94,2.4385,-0.3754,0,0,0,0.0,0.0,1.0,0,0,0.0,3,SEARCH_PHASE,-1.7557,-1.3173
226,22.265,14.0032,2.9616,31.2665,-1.7568,-1.3174,-0.8504,10.569,22.731,38.494,-4.1366,-10.7361,0.2,0.0,0.0,0.0,-1.7956,-1.3559,-0.988,2.4574,-0.4059,0,0,0,0.0,0.0,1.0,0,0,0.0,3,SEARCH_PHASE,-1.7568,-1.3174
227,22.374,13.9681,2.9352,31.2485,-1.7571,-1.3165,-0.898,10.535,22.687,38.454,-4.1366,-10.7361,0.2,0.0,0.0,0.0,-1.7956,-1.3559,-1.036,2.4771,-0.373,0,0,0,0.0,0.0,1.0,0,0,0.0,3,SEARCH_PHASE,-1.7571,-1.3165
228,22.483,13.9329,2.9089,31.2296,-1.7575,-1.3166,-0.9456,10.501,22.643,38.413,-4.1366,-10.7361,0.2,0.0,0.0,0.0,-1.7956,-1.3559,-1.084,2.4975,-0.4034,0,0,0,0.0,0.0,1.0,0,0,0.0,3,SEARCH_PHASE,-1.7575,-1.3166
229,22.592,13.8978,2.8826,31.2097,-1.7576,-1.3157,-0.9936,10.465,22.599,38.371,-4.1366,-10.7361,0.2,0.0,0.0,0.0,-1.7956,-1.3559,-1.132,2.5187,-0.3769,0,0,0,0.0,0.0,1.0,0,0,0.0,3,SEARCH_PHASE,-1.7576,-1.3157
230,22.701,13.8626,2.8563,31.1889,-1.7582,-1.3156,-1.041,10.428,22.555,38.328,-4.1366,-10.7361,0.2,0.0,0.0,0.0,-1.7955,-1.3559,-1.18,2.5406,-0.4081,0,0,0,0.0,0.0,1.0,0,0,0.0,3,SEARCH_PHASE,-1.7582,-1.3156
231,22.81,13.8274,2.83,31.1672,-1.7582,-1.3148,-1.0885,10.391,22.511,38.285,-4.1366,-10.7361,0.2,0.0,0.0,0.0,-1.7955,-1.3559,-1.228,2.5633,-0.3727,0,0,0,0.0,0.0,1.0,0,0,0.0,3,SEARCH_PHASE,-1.7582,-1.3148
232,22.929,13.7923,2.8037,31.1444,-1.7585,-1.3151,-1.1361,10.352,22.467,38.24,-4.1366,-10.7361,0.2,0.0,0.0,0.0,-1.7955,-1.356,-1.276,2.5866,-0.4038,0,0,0,0.0,0.0,1.0,0,0,0.0,3,SEARCH_PHASE,-1.7585,-1.3151
233,23.041,13.7571,2.7774,31.1208,-1.758,-1.3143,-1.1838,10.313,22.423,38.195,-4.1366,-10.7361,0.2,0.0,0.0,0.0,-1.7955,-1.356,-1.324,2.6106,-0.3758,0,0,0,0.0,0.0,1.0,0,0,0.0,3,SEARCH_PHASE,-1.758,-1.3143
234,23.162,13.722,2.7511,31.0961,-1.7578,-1.3144,-1.2313,10.272,22.379,38.15,-4.1366,-10.7361,0.2,0.0,0.0,0.0,-1.7955,-1.356,-1.372,2.6353,-0.4069,0,0,0,0.0,0.0,1.0,0,0,0.0,3,SEARCH_PHASE,-1.7578,-1.3144
235,23.28,13.6868,2.7248,31.0706,-1.7572,-1.3136,-1.2788,10.231,22.335,38.103,-4.1366,-10.7361,0.2,0.0,0.0,0.0,-1.7955,-1.356,-1.42,2.6606,-0.3717,0,0,0,0.0,0.0,1.0,0,0,0.0,3,SEARCH_PHASE,-1.7572,-1.3136
236,23.392,13.6517,2.6986,31.044,-1.7572,-1.3138,-1.3264,10.189,22.292,38.056,-4.1366,-10.7361,0.2,0.0,0.0,0.0,-1.7955,-1.356,-1.468,2.6865,-0.4025,0,0,0,0.0,0.0,1.0,0,0,0.0,3,SEARCH_PHASE,-1.7572,-1.3138
237,23.504,13.6165,2.6723,31.0165,-1.7566,-1.3128,-1.374,10.145,22.248,38.008,-4.1366,-10.7361,0.2,0.0,0.0,0.0,-1.7955,-1.356,-1.5,2.7042,-0.3816,0,0,0,0.0,0.0,1.0,0,0,0.0,3,SEARCH_PHASE,-1.7566,-1.3128
238,23.616,13.5814,2.646,30.9882,-1.7567,-1.3127,-1.4156,10.101,22.204,37.96,-4.1366,-10.7361,0.2,0.0,0.0,0.0,-1.7954,-1.3561,-1.5,2.7042,-0.4131,0,0,0,0.0,0.0,1.0,0,0,0.0,3,SEARCH_PHASE,-1.7567,-1.3127
239,23.727,13.5463,2.6198,30.9594,-1.7563,-1.3125,-1.4417,10.057,22.16,37.91,-4.1366,-10.7361,0.2,0.0,0.0,0.0,-1.7954,-1.3561,-1.5,2.7042,-0.3754,0,0,0,0.0,0.0,1.0,0,0,0.0,3,SEARCH_PHASE,-1.7563,-1.3125
240,23.836,13.5112,2.5935,30.9302,-1.7564,-1.3141,-1.458,10.012,22.116,37.861,-4.1366,-10.7361,0.2,0.0,0.0,0.0,-1.7954,-1.3561,-1.5,2.7042,-0.4095,0,0,0,0.0,0.0,1.0,0,0,0.0,3,SEARCH_PHASE,-1.7564,-1.3141
241,23.948,13.476,2.5672,30.9009,-1.7555,-1.3148,-1.4682,9.966,22.072,37.812,-4.1366,-10.7361,0.2,0.0,0.0,0.0,-1.7954,-1.3561,-1.452,2.6778,-0.3703,0,0,0,0.0,0.0,1.0,0,0,0.0,3,SEARCH_PHASE,-1.7555,-1.3148
242,24.058,13.4409,2.5409,30.8717,-1.7555,-1.3178,-1.4569,9.921,22.028,37.762,-4.1366,-10.7361,0.2,0.0,0.0,0.0,-1.7954,-1.3561,-1.404,2.6521,-0.4072,0,0,0,0.0,0.0,1.0,0,0,0.0,3,SEARCH_PHASE,-1.7555,-1.3178
243,24.168,13.4058,2.5145,30.8431,-1.7545,-1.3196,-1.432,9.877,21.984,37.714,-4.1366,-10.7361,0.2,0.0,0.0,0.0,-1.7954,-1.3561,-1.356,2.627,-0.3633,0,0,0,0.0,0.0,1.0,0,0,0.0,3,SEARCH_PHASE,-1.7545,-1.3196
244,24.277,13.3708,2.488,30.8151,-1.7542,-1.3233,-1.3987,9.833,21.94,37.665,-4.1366,-10.7361,0.2,0.0,0.0,0.0,-1.7954,-1.3561,-1.308,2.6026,-0.4022,0,0,0,0.0,0.0,1.0,0,0,0.0,3,SEARCH_PHASE,-1.7542,-1.3233
245,24.386,13.3357,2.4615,30.7879,-1.7525,-1.325,-1.3603,9.79,21.897,37.618,-4.1366,-10.7361,0.2,0.0,0.0,0.0,-1.7954,-1.3561,-1.26,2.5788,-0.3602,0,0,0,0.0,0.0,1.0,0,0,0.0,3,SEARCH_PHASE,-1.7525,-1.325
246,24.495,13.3007,2.4349,30.7615,-1.7513,-1.3281,-1.3183,9.748,21.853,37.571,-4.1366,-10.7361,0.2,0.0,0.0,0.0,-1.7954,-1.3561,-1.212,2.5557,-0.401,0,0,0,0.0,0.0,1.0,0,0,0.0,3,SEARCH_PHASE,-1.7513,-1.3281
247,24.604,13.2657,2.4084,30.7361,-1.749,-1.3286,-1.2741,9.707,21.809,37.524,-4.1366,-10.7361,0.2,0.0,0.0,0.0,-1.7954,-1.3561,-1.164,2.5333,-0.3557,0,0,0,0.0,0.0,1.0,0,0,0.0,3,SEARCH_PHASE,-1.749,-1.3286
248,24.714,13.2307,2.3818,30.7115,-1.7477,-1.3304,-1.2287,9.666,21.765,37.479,-4.1366,-10.7361,0.2,0.0,0.0,0.0,-1.7954,-1.3561,-1.116,2.5116,-0.3968,0,0,0,0.0,0.0,1.0,0,0,0.0,3,SEARCH_PHASE,-1.7477,-1.3304
249,24.826,13.1958,2.3552,30.6878,-1.745,-1.3291,-1.1829,9.627,21.721,37.434,-4.1366,-10.7361,0.2,0.0,0.0,0.0,-1.7954,-1.3561,-1.068,2.4906,-0.3684,0,0,0,0.0,0.0,1.0,0,0,0.0,3,SEARCH_PHASE,-1.745,-1.3291
250,24.94,13.161,2.3286,30.6651,-1.7432,-1.3285,-1.1359,9.588,21.677,37.39,-4.1366,-10.7361,0.2,0.0,0.0,0.0,-1.7954,-1.3561,-1.02,2.4704,-0.4109,0,0,0,0.0,0.0,1.0,0,0,0.0,3,SEARCH_PHASE,-1.7432,-1.3285
251,25.061,13.1262,2.3021,30.6433,-1.7411,-1.3259,-1.0887,9.551,21.633,37.347,-4.1366,-10.7361,0.2,0.0,0.0,0.0,-1.7954,-1.3561,-0.972,2.451,-0.3659,0,0,0,0.0,0.0,1.0,0,0,0.0,3,SEARCH_PHASE,-1.7411,-1.3259
252,25.17,13.0913,2.2756,30.6225,-1.741,-1.3253,-1.0414,9.514,21.589,37.305,-4.1366,-10.7361,0.2,0.0,0.0,0.0,-1.7955,-1.356,-0.924,2.4323,-0.4082,0,0,0,0.0,0.0,1.0,0,0,0.0,3,SEARCH_PHASE,-1.741,-1.3253
253,25.282,13.0565,2.2491,30.6026,-1.7405,-1.3222,-0.994,9.478,21.546,37.263,-4.1366,-10.7361,0.2,0.0,0.0,0.0,-1.7955,-1.356,-0.876,2.4145,-0.3739,0,0,0,0.0,0.0,1.0,0,0,0.0,3,SEARCH_PHASE,-1.7405,-1.3222
254,25.399,13.0217,2.2227,30.5837,-1.7417,-1.3205,-0.9465,9.444,21.502,37.222,-4.1366,-10.7361,0.2,0.0,0.0,0.0,-1.7955,-1.356,-0.828,2.3975,-0.416,0,0,0,0.0,0.0,1.0,0,0,0.0,3,SEARCH_PHASE,-1.7417,-1.3205
255,25.515,12.9869,2.1964,30.5657,-1.7422,-1.3169,-0.8989,9.41,21.458,37.183,-4.1366,-10.7361,0.2,0.0,0.0,0.0,-1.7955,-1.356,-0.78,2.3814,-0.3708,0,0,0,0.0,0.0,1.0,0,0,0.0,3,SEARCH_PHASE,-1.7422,-1.3169
256,25.629,12.952,2.1701,30.5487,-1.7439,-1.3153,-0.8514,9.377,21.415,37.143,-4.1366,-10.7361,0.2,0.0,0.0,0.0,-1.7955,-1.356,-0.732,2.3661,-0.4128,0,0,0,0.0,0.0,1.0,0,0,0.0,3,SEARCH_PHASE,-1.7439,-1.3153
257,25.741,12.9171,2.1439,30.5326,-1.7447,-1.3113,-0.8039,9.345,21.371,37.105,-4.1366,-10.7361,0.2,0.0,0.0,0.0,-1.7955,-1.356,-0.684,2.3517,-0.3823,0,0,0,0.0,0.0,1.0,0,0,0.0,3,SEARCH_PHASE,-1.7447,-1.3113
258,25.85,12.8822,2.1177,30.5175,-1.7466,-1.3089,-0.7563,9.315,21.327,37.068,-4.1366,-10.7361,0.2,0.0,0.0,0.0,-1.7954,-1.356,-0.636,2.3382,-0.4244,0,0,0,0.0,0.0,1.0,0,0,0.0,3,SEARCH_PHASE,-1.7466,-1.3089
259,25.958,12.8472,2.0916,30.5033,-1.7471,-1.305,-0.7086,9.285,21.284,37.031,-4.1366,-10.7361,0.2,0.0,0.0,0.0,-1.7954,-1.3561,-0.588,2.3256,-0.3786,0,0,0,0.0,0.0,1.0,0,0,0.0,3,SEARCH_PHASE,-1.7471,-1.305
260,26.07,12.8123,2.0655,30.4901,-1.748,-1.3036,-0.661,9.256,21.24,36.995,-4.1366,-10.7361,0.2,0.0,0.0,0.0,-1.7954,-1.3561,-0.54,2.3139,-0.4208,0,0,0,0.0,0.0,1.0,0,0,0.0,3,SEARCH_PHASE,-1.748,-1.3036
261,26.18,12.7773,2.0395,30.4778,-1.7474,-1.3003,-0.6134,9.228,21.197,36.96,-4.1366,-10.7361,0.2,0.0,0.0,0.0,-1.7954,-1.3561,-0.492,2.3032,-0.3806,0,0,0,0.0,0.0,1.0,0,0,0.0,3,SEARCH_PHASE,-1.7474,-1.3003
262,26.285,12.7424,2.0135,30.4665,-1.7471,-1.2991,-0.5658,9.201,21.153,36.926,-4.1366,-10.7361,0.2,0.0,0.0,0.0,-1.7954,-1.3561,-0.444,2.2934,-0.423,0,0,0,0.0,0.0,1.0,0,0,0.0,3,SEARCH_PHASE,-1.7471,-1.2991
263,26.4,12.7074,1.9876,30.4562,-1.7466,-1.296,-0.5181,9.175,21.11,36.892,-4.1366,-10.7361,0.2,0.0,0.0,0.0,-1.7954,-1.3562,-0.396,2.2846,-0.3802,0,0,0,0.0,0.0,1.0,0,0,0.0,3,SEARCH_PHASE,-1.7466,-1.296
264,26.509,12.6725,1.9617,30.4467,-1.7478,-1.295,-0.4704,9.15,21.066,36.86,-4.1366,-10.7361,0.2,0.0,0.0,0.0,-1.7953,-1.3562,-0.348,2.2768,-0.4224,0,0,0,0.0,0.0,1.0,0,0,0.0,3,SEARCH_PHASE,-1.7478,-1.295
265,26.625,12.6375,1.9359,30.4383,-1.7484,-1.292,-0.4228,9.126,21.023,36.828,-4.1366,-10.7361,0.2,0.0,0.0,0.0,-1.7953,-1.3562,-0.3,2.2699,-0.387,0,0,0,0.0,0.0,1.0,0,0,0.0,3,SEARCH_PHASE,-1.7484,-1.292
266,26.744,12.6025,1.91,30.4308,-1.7505,-1.2911,-0.3752,9.103,20.979,36.797,-4.1366,-10.7361,0.2,0.0,0.0,0.0,-1.7953,-1.3563,-0.252,2.2641,-0.429,0,0,0,0.0,0.0,1.0,0,0,0.0,3,SEARCH_PHASE,-1.7505,-1.2911
267,26.865,12.5675,1.8843,30.4242,-1.7515,-1.2887,-0.3274,9.08,20.936,36.767,-4.1366,-10.7361,0.2,0.0,0.0,0.0,-1.7952,-1.3563,-0.204,2.2592,-0.3824,0,0,0,0.0,0.0,1.0,0,0,0.0,3,SEARCH_PHASE,-1.7515,-1.2887
268,26.978,12.5324,1.8585,30.4186,-1.7535,-1.289,-0.2798,9.059,20.892,36.738,-4.1366,-10.7361,0.2,0.0,0.0,0.0,-1.7952,-1.3564,-0.156,2.2554,-0.4243,0,0,0,0.0,0.0,1.0,0,0,0.0,3,SEARCH_PHASE,-1.7535,-1.289
269,27.1,12.4973,1.8327,30.414,-1.7544,-1.2874,-0.2321,9.039,20.849,36.709,-4.1366,-10.7361,0.2,0.0,0.0,0.0,-1.7952,-1.3564,-0.108,2.2526,-0.3775,0,0,0,0.0,0.0,1.0,0,0,0.0,3,SEARCH_PHASE,-1.7544,-1.2874
270,27.208,12.4622,1.807,30.4103,-1.756,-1.2879,-0.1845,9.02,20.805,36.681,-4.1366,-10.7361,0.2,0.0,0.0,0.0,-1.7951,-1.3565,-0.06,2.2508,-0.4193,0,0,0,0.0,0.0,1.0,0,0,0.0,3,SEARCH_PHASE,-1.756,-1.2879
271,27.32,12.4271,1.7813,30.4076,-1.7564,-1.286,-0.1369,9.001,20.761,36.654,-4.1366,-10.7361,0.2,0.0,0.0,0.0,-1.7951,-1.3566,-0.012,2.25,-0.3915,0,0,0,0.0,0.0,1.0,0,0,0.0,3,SEARCH_PHASE,-1.7564,-1.286
272,27.428,12.3919,1.7555,30.4058,-1.7575,-1.2857,-0.0892,8.984,20.718,36.628,-4.1366,-10.7361,0.2,0.0,0.0,0.0,-1.795,-1.3566,0.036,2.2503,-0.4333,0,0,0,0.0,0.0,1.0,0,0,0.0,3,SEARCH_PHASE,-1.7575,-1.2857
273,27.54,12.3568,1.7299,30.405,-1.7566,-1.2845,-0.0415,8.967,20.674,36.603,-4.1366,-10.7361,0.2,0.0,0.0,0.0,-1.795,-1.3567,0.084,2.2516,-0.3909,0,0,0,0.0,0.0,1.0,0,0,0.0,3,SEARCH_PHASE,-1.7566,-1.2845
274,27.663,12.3217,1.7041,30.4051,-1.7556,-1.2863,0.0063,8.952,20.631,36.578,-4.1366,-10.7361,0.2,0.0,0.0,0.0,-1.7949,-1.3567,0.132,2.2539,-0.4329,0,0,0,0.0,0.0,1.0,0,0,0.0,3,SEARCH_PHASE,-1.7556,-1.2863
275,27.777,12.2866,1.6784,30.4062,-1.7537,-1.287,0.0541,8.937,20.587,36.555,-4.1366,-10.7361,0.2,0.0,0.0,0.0,-1.7949,-1.3568,0.18,2.2572,-0.3853,0,0,0,0.0,0.0,1.0,0,0,0.0,3,SEARCH_PHASE,-1.7537,-1.287
276,27.887,12.2515,1.6526,30.4082,-1.7527,-1.2909,0.1017,8.924,20.544,36.532,-4.1366,-10.7361,0.2,0.0,0.0,0.0,-1.7949,-1.3568,0.228,2.2615,-0.4272,0,0,0,0.0,0.0,1.0,0,0,0.0,3,SEARCH_PHASE,-1.7527,-1.2909
277,28.0,12.2165,1.6267,30.4112,-1.7506,-1.2932,0.1494,8.913,20.5,36.51,-4.1366,-10.7361,0.2,0.0,0.0,0.0,-1.7948,-1.3569,0.276,2.2669,-0.3795,0,0,0,0.0,0.0,1.0,0,0,0.0,3,SEARCH_PHASE,-1.7506,-1.2932
278,28.109,12.1815,1.6008,30.4151,-1.7493,-1.298,0.197,8.903,20.457,36.489,-4.1366,-10.7361,0.2,0.0,0.0,0.0,-1.7948,-1.3569,0.324,2.2732,-0.4213,0,0,0,0.0,0.0,1.0,0,0,0.0,3,SEARCH_PHASE,-1.7493,-1.298
279,28.218,12.1466,1.5747,30.42,-1.7468,-1.3008,0.2447,8.894,20.413,36.468,-4.1366,-10.7361,0.2,0.0,0.0,0.0,-1.7948,-1.3569,0.372,2.2805,-0.3734,0,0,0,0.0,0.0,1.0,0,0,0.0,3,SEARCH_PHASE,-1.7468,-1.3008
280,28.329,12.1117,1.5486,30.4259,-1.745,-1.3056,0.2923,8.886,20.37,36.449,-4.1366,-10.7361,0.2,0.0,0.0,0.0,-1.7948,-1.357,0.42,2.2889,-0.4151,0,0,0,0.0,0.0,1.0,0,0,0.0,3,SEARCH_PHASE,-1.745,-1.3056
281,28.441,12.0769,1.5225,30.4327,-1.7418,-1.3078,0.3398,8.879,20.326,36.43,-4.1366,-10.7361,0.2,0.0,0.0,0.0,-1.7948,-1.357,0.468,2.2982,-0.3739,0,0,0,0.0,0.0,1.0,0,0,0.0,3,SEARCH_PHASE,-1.7418,-1.3078
282,28.551,12.0421,1.4962,30.4404,-1.7392,-1.3116,0.3875,8.873,20.283,36.412,-4.1366,-10.7361,0.2,0.0,0.0,0.0,-1.7948,-1.357,0.516,2.3084,-0.4156,0,0,0,0.0,0.0,1.0,0,0,0.0,3,SEARCH_PHASE,-1.7392,-1.3116
283,28.661,12.0073,1.47,30.4491,-1.7367,-1.313,0.4353,8.868,20.239,36.395,-4.1366,-10.7361,0.2,0.0,0.0,0.0,-1.7948,-1.357,0.564,2.3196,-0.3675,0,0,0,0.0,0.0,1.0,0,0,0.0,3,SEARCH_PHASE,-1.7367,-1.313
284,28.771,11.9726,1.4437,30.4588,-1.7364,-1.3161,0.4829,8.863,20.195,36.379,-4.1366,-10.7361,0.2,0.0,0.0,0.0,-1.7948,-1.357,0.612,2.3317,-0.4086,0,0,0,0.0,0.0,1.0,0,0,0.0,3,SEARCH_PHASE,-1.7364,-1.3161
285,28.881,11.9379,1.4173,30.4694,-1.7361,-1.3163,0.5306,8.86,20.152,36.364,-4.1366,-10.7361,0.2,0.0,0.0,0.0,-1.7948,-1.357,0.66,2.3448,-0.3757,0,0,0,0.0,0.0,1.0,0,0,0.0,3,SEARCH_PHASE,-1.7361,-1.3163
286,28.992,11.9031,1.391,30.481,-1.7378,-1.3178,0.5782,8.858,20.108,36.349,-4.1366,-10.7361,0.2,0.0,0.0,0.0,-1.7948,-1.357,0.708,2.3588,-0.4162,0,0,0,0.0,0.0,1.0,0,0,0.0,3,SEARCH_PHASE,-1.7378,-1.3178
287,29.102,11.8684,1.3646,30.4935,-1.7389,-1.3174,0.6259,8.856,20.065,36.336,-4.1366,-10.7361,0.2,0.0,0.0,0.0,-1.7948,-1.3569,0.756,2.3736,-0.3688,0,0,0,0.01,0.007,0.993,0,0,0.0,3,SEARCH_PHASE,-1.7389,-1.3174
288,29.213,11.8335,1.3382,30.5069,-1.7414,-1.3191,0.6735,8.855,20.021,36.323,-4.1366,-10.7361,0.2,0.0,0.0,0.0,-1.7948,-1.3569,0.804,2.3893,-0.409,0,0,0,0.011,0.008,0.992,0,0,0.0,3,SEARCH_PHASE,-1.7414,-1.3191
289,29.324,11.7987,1.3119,30.5214,-1.7432,-1.3185,0.7212,8.856,19.977,36.311,-4.1366,-10.7361,0.2,0.0,0.0,0.0,-1.8331,-1.3859,0.852,2.4509,-0.3616,0,0,0,0.024,0.017,0.983,0,0,0.0,3,SEARCH_PHASE,-1.7432,-1.3185
290,29.439,11.7637,1.2855,30.5368,-1.7463,-1.3196,0.769,8.857,19.933,36.3,-4.1366,-10.7361,0.2,0.0,0.0,0.0,-1.8713,-1.4148,0.9,2.5127,-0.4014,0,0,0,0.02,0.014,0.986,0,0,0.0,3,SEARCH_PHASE,-1.7463,-1.3196
291,29.58,11.7288,1.2591,30.5531,-1.7484,-1.3177,0.8162,8.86,19.89,36.289,-4.1366,-10.7361,0.2,0.0,0.0,0.0,-1.9096,-1.4438,0.948,2.5749,-0.4186,0,0,0,0.063,0.044,0.956,0,0,0.0,3,SEARCH_PHASE,-1.7484,-1.3177
292,29.858,11.6937,1.2328,30.5704,-1.7517,-1.3171,0.8646,8.863,19.846,36.28,-4.1366,-10.7361,0.2,0.0,0.0,0.0,-1.9479,-1.4728,0.996,2.6373,-0.37,0,0,0,0.077,0.054,0.946,0,0,0.0,3,SEARCH_PHASE,-1.7517,-1.3171
293,30.06,11.6586,1.2064,30.5886,-1.7574,-1.3194,0.9131,8.867,19.802,36.271,-4.1366,-10.7361,0.2,0.0,0.0,0.0,-1.9488,-1.4735,1.044,2.6569,-0.4075,0,0,0,0.099,0.069,0.931,0,0,0.0,3,SEARCH_PHASE,-1.7574,-1.3194
294,30.186,11.6233,1.18,30.6078,-1.763,-1.3202,0.9609,8.872,19.758,36.263,-4.1366,-10.7361,0.2,0.0,0.0,0.0,-1.9476,-1.4726,1.092,2.6747,-0.3964,0,0,0,0.091,0.064,0.936,0,0,0.0,3,SEARCH_PHASE,-1.763,-1.3202
295,30.303,11.5879,1.1535,30.628,-1.7709,-1.3235,1.0085,8.879,19.714,36.256,-4.1366,-10.7361,0.2,0.0,0.0,0.0,-1.9464,-1.4717,1.14,2.6933,-0.4308,0,0,0,0.123,0.086,0.914,0,0,0.0,3,SEARCH_PHASE,-1.7709,-1.3235
296,30.448,11.5523,1.127,30.6492,-1.7807,-1.328,1.0568,8.886,19.669,36.249,-4.1366,-10.7361,0.2,0.0,0.0,0.0,-1.9452,-1.4708,1.188,2.7126,-0.3877,0,0,0,0.143,0.046,0.954,0,0,0.0,3,SEARCH_PHASE,-1.7807,-1.328
297,30.583,11.5165,1.1002,30.6712,-1.7916,-1.3369,1.1043,8.894,19.624,36.244,-4.1366,-10.7361,0.2,0.0,0.0,0.0,-1.9439,-1.4699,1.236,2.7326,-0.3981,0,0,0,0.146,0.045,0.955,0,0,0.0,3,SEARCH_PHASE,-1.7916,-1.3369
298,30.705,11.4804,1.0733,30.6943,-1.8018,-1.346,1.1516,8.902,19.579,36.239,-4.1366,-10.7361,0.2,0.0,0.0,0.0,-1.9427,-1.469,1.284,2.7533,-0.3919,0,0,0,0.125,0.087,0.913,0,0,0.0,3,SEARCH_PHASE,-1.8018,-1.346
299,30.836,11.4441,1.0462,30.7182,-1.8149,-1.3566,1.1987,8.912,19.534,36.235,-4.1366,-10.7361,0.2,0.0,0.0,0.0,-1.9414,-1.4681,1.332,2.7746,-0.4066,0,0,0,0.133,0.047,0.953,0,0,0.0,3,SEARCH_PHASE,-1.8149,-1.3566
300,30.963,11.4076,1.0188,30.7431,-1.8272,-1.3676,1.2453,8.922,19.488,36.231,-4.1366,-10.7361,0.2,0.0,0.0,0.0,-1.9401,-1.4672,1.38,2.7966,-0.3631,0,0,0,0.119,0.083,0.917,0,0,0.0,3,SEARCH_PHASE,-1.8272,-1.3676
301,31.084,11.3708,0.9912,30.769,-1.8421,-1.3803,1.292,8.934,19.442,36.228,-4.1366,-10.7361,0.2,0.0,0.0,0.0,-1.9388,-1.4662,1.428,2.8192,-0.3955,0,0,0,0.106,0.074,0.926,0,0,0.0,3,SEARCH_PHASE,-1.8421,-1.3803
302,31.207,11.3336,0.9634,30.7958,-1.8574,-1.3902,1.3389,8.946,19.396,36.226,-4.1366,-10.7361,0.2,0.0,0.0,0.0,-1.9376,-1.4653,1.38,2.7939,-0.3664,0,0,0,0.094,0.066,0.934,0,0,0.0,3,SEARCH_PHASE,-1.8574,-1.3902
303,31.349,11.2962,0.9354,30.8228,-1.8691,-1.3986,1.3508,8.958,19.349,36.224,-4.1366,-10.7361,0.2,0.0,0.0,0.0,-1.9363,-1.4643,1.332,2.769,-0.4031,0,0,0,0.089,0.062,0.938,0,0,0.0,3,SEARCH_PHASE,-1.8691,-1.3986
304,31.469,11.2587,0.9074,30.8496,-1.8772,-1.4038,1.3406,8.97,19.302,36.221,-4.1366,-10.7361,0.2,0.0,0.0,0.0,-1.935,-1.4634,1.284,2.7449,-0.3644,0,0,0,0.076,0.053,0.947,0,0,0.0,3,SEARCH_PHASE,-1.8772,-1.4038
305,31.584,11.221,0.8792,30.8759,-1.884,-1.4091,1.3164,8.981,19.255,36.219,-4.1366,-10.7361,0.2,0.0,0.0,0.0,-1.9336,-1.4625,1.236,2.7213,-0.398,0,0,0,0.067,0.047,0.953,0,0,0.0,3,SEARCH_PHASE,-1.884,-1.4091
306,31.695,11.1832,0.8509,30.9016,-1.8887,-1.4121,1.2834,8.992,19.208,36.215,-4.1366,-10.7361,0.2,0.0,0.0,0.0,-1.9323,-1.4615,1.188,2.6984,-0.3819,0,0,0,0.068,0.047,0.953,0,0,0.0,3,SEARCH_PHASE,-1.8887,-1.4121
307,31.804,11.1454,0.8226,30.9265,-1.8926,-1.4153,1.2451,9.002,19.161,36.211,-4.1366,-10.7361,0.2,0.0,0.0,0.0,-1.931,-1.4605,1.14,2.6761,-0.4142,0,0,0,0.071,0.05,0.95,0,0,0.0,3,SEARCH_PHASE,-1.8926,-1.4153
308,31.913,11.1075,0.7943,30.9506,-1.8958,-1.4177,1.2034,9.0,19.114,36.207,-4.1366,-10.7361,0.2,0.0,0.0,0.0,-1.9297,-1.4596,1.092,2.6545,-0.378,0,0,0,0.069,0.048,0.952,0,0,0.0,3,SEARCH_PHASE,-1.8958,-1.4177
309,32.023,11.0695,0.7659,30.9737,-1.8993,-1.4214,1.1594,9.002,19.066,36.201,-4.1366,-10.7361,0.2,0.0,0.0,0.0,-1.9284,-1.4586,1.044,2.6337,-0.4098,0,0,0,0.069,0.049,0.951,0,0,0.0,3,SEARCH_PHASE,-1.8993,-1.4214
310,32.133,11.0314,0.7374,30.996,-1.9021,-1.424,1.114,9.003,19.019,36.195,-4.1366,-10.7361,0.2,0.0,0.0,0.0,-1.9271,-1.4577,0.996,2.6135,-0.3737,0,0,0,0.065,0.046,0.954,0,0,0.0,3,SEARCH_PHASE,-1.9021,-1.424
311,32.244,10.9933,0.7088,31.0174,-1.9051,-1.4277,1.0677,9.004,18.971,36.189,-4.1366,-10.7361,0.2,0.0,0.0,0.0,-1.9257,-1.4567,0.948,2.5941,-0.4051,0,0,0,0.065,0.046,0.954,0,0,0.0,3,SEARCH_PHASE,-1.9051,-1.4277
312,32.357,10.9552,0.6802,31.0378,-1.9073,-1.4301,1.021,9.003,18.923,36.181,-4.1366,-10.7361,0.2,0.0,0.0,0.0,-1.9244,-1.4557,0.9,2.5754,-0.369,0,0,0,0.06,0.042,0.958,0,0,0.0,3,SEARCH_PHASE,-1.9073,-1.4301
313,32.473,10.917,0.6515,31.0573,-1.9097,-1.4333,0.9739,9.002,18.876,36.173,-4.1366,-10.7361,0.2,0.0,0.0,0.0,-1.9231,-1.4548,0.852,2.5574,-0.4003,0,0,0,0.059,0.041,0.959,0,0,0.0,3,SEARCH_PHASE,-1.9097,-1.4333
314,32.585,10.8788,0.6229,31.0758,-1.9111,-1.4349,0.9267,8.999,18.828,36.164,-4.1366,-10.7361,0.2,0.0,0.0,0.0,-1.9218,-1.4538,0.804,2.5403,-0.3639,0,0,0,0.052,0.036,0.964,0,0,0.0,3,SEARCH_PHASE,-1.9111,-1.4349
315,32.695,10.8405,0.5941,31.0934,-1.9127,-1.437,0.8793,8.996,18.78,36.154,-4.1366,-10.7361,0.2,0.0,0.0,0.0,-1.9204,-1.4528,0.756,2.5239,-0.3951,0,0,0,0.046,0.032,0.968,0,0,0.0,3,SEARCH_PHASE,-1.9127,-1.437
316,32.807,10.8022,0.5654,31.11,-1.9132,-1.4372,0.8313,8.991,18.732,36.143,-4.1366,-10.7361,0.2,0.0,0.0,0.0,-1.9191,-1.4518,0.708,2.5084,-0.3789,0,0,0,0.041,0.029,0.971,0,0,0.0,3,SEARCH_PHASE,-1.9132,-1.4372
317,32.916,10.764,0.5366,31.1257,-1.9138,-1.4376,0.784,8.986,18.684,36.132,-4.1366,-10.7361,0.2,0.0,0.0,0.0,-1.9178,-1.4509,0.66,2.4937,-0.4094,0,0,0,0.035,0.024,0.976,0,0,0.0,3,SEARCH_PHASE,-1.9138,-1.4376
318,33.025,10.7257,0.5079,31.1404,-1.9129,-1.437,0.7368,8.98,18.636,36.12,-4.1366,-10.7361,0.2,0.0,0.0,0.0,-1.9165,-1.4499,0.612,2.4798,-0.3743,0,0,0,0.025,0.017,0.983,0,0,0.0,3,SEARCH_PHASE,-1.9129,-1.437
319,33.137,10.6875,0.4791,31.1542,-1.9118,-1.4374,0.6894,8.972,18.589,36.107,-4.1366,-10.7361,0.2,0.0,0.0,0.0,-1.9151,-1.4489,0.564,2.4668,-0.408,0,0,0,0.001,0.001,0.999,0,0,0.0,3,SEARCH_PHASE,-1.9118,-1.4374
320,33.247,10.6493,0.4504,31.1671,-1.9092,-1.4363,0.6418,8.964,18.541,36.093,-4.1366,-10.7361,0.2,0.0,0.0,0.0,-1.9138,-1.4479,0.516,2.4547,-0.3811,0,0,0,0.0,0.0,1.0,0,0,0.0,3,SEARCH_PHASE,-1.9092,-1.4363
321,33.355,10.6112,0.4217,31.179,-1.9061,-1.4357,0.5944,8.955,18.493,36.079,-4.1366,-10.7361,0.2,0.0,0.0,0.0,-1.9125,-1.447,0.468,2.4434,-0.4143,0,0,0,0.0,0.0,1.0,0,0,0.0,3,SEARCH_PHASE,-1.9061,-1.4357
322,33.464,10.5731,0.393,31.1899,-1.9029,-1.4339,0.5469,8.945,18.445,36.064,-4.1366,-10.7361,0.2,0.0,0.0,0.0,-1.9112,-1.446,0.42,2.4331,-0.3783,0,0,0,0.0,0.0,1.0,0,0,0.0,3,SEARCH_PHASE,-1.9029,-1.4339
323,33.573,10.5351,0.3644,31.1999,-1.9002,-1.4329,0.4994,8.934,18.398,36.048,-4.1366,-10.7361,0.2,0.0,0.0,0.0,-1.9099,-1.445,0.372,2.4236,-0.4123,0,0,0,0.0,0.0,1.0,0,0,0.0,3,SEARCH_PHASE,-1.9002,-1.4329
324,33.686,10.4972,0.3357,31.2089,-1.897,-1.4304,0.4517,8.923,18.35,36.032,-4.1366,-10.7361,0.2,0.0,0.0,0.0,-1.9086,-1.444,0.324,2.4151,-0.3918,0,0,0,0.0,0.0,1.0,0,0,0.0,3,SEARCH_PHASE,-1.897,-1.4304
325,33.794,10.4593,0.3072,31.217,-1.8942,-1.4283,0.4035,8.91,18.303,36.015,-4.1366,-10.7361,0.2,0.0,0.0,0.0,-1.9073,-1.443,0.276,2.4075,-0.4247,0,0,0,0.0,0.0,1.0,0,0,0.0,3,SEARCH_PHASE,-1.8942,-1.4283
326,33.906,10.4215,0.2787,31.2241,-1.8905,-1.4253,0.3562,8.896,18.255,35.997,-4.1366,-10.7361,0.2,0.0,0.0,0.0,-1.906,-1.4421,0.228,2.4009,-0.3854,0,0,0,0.0,0.0,1.0,0,0,0.0,3,SEARCH_PHASE,-1.8905,-1.4253
327,34.015,10.3837,0.2502,31.2303,-1.8869,-1.4237,0.3088,8.882,18.208,35.978,-4.1366,-10.7361,0.2,0.0,0.0,0.0,-1.9047,-1.4411,0.18,2.3952,-0.4152,0,0,0,0.025,0.018,0.982,0,0,0.0,3,SEARCH_PHASE,-1.8869,-1.4237
328,34.125,10.3461,0.2218,31.2355,-1.8825,-1.4211,0.2612,8.861,18.161,35.959,-4.1366,-10.7361,0.2,0.0,0.0,0.0,-1.9034,-1.4401,0.132,2.3904,-0.3803,0,0,0,0.04,0.028,0.972,0,0,0.0,3,SEARCH_PHASE,-1.8825,-1.4211
329,34.237,10.3085,0.1934,31.2398,-1.8783,-1.4196,0.2137,8.836,18.114,35.939,-4.1366,-10.7361,0.2,0.0,0.0,0.0,-1.9021,-1.4391,0.084,2.3866,-0.4098,0,0,0,0.052,0.036,0.964,0,0,0.0,3,SEARCH_PHASE,-1.8783,-1.4196
330,34.348,10.271,0.165,31.2431,-1.874,-1.4172,0.1656,8.811,18.067,35.918,-4.1366,-10.7361,0.2,0.0,0.0,0.0,-1.9008,-1.4382,0.036,2.3838,-0.3731,0,0,0,0.052,0.036,0.964,0,0,0.0,3,SEARCH_PHASE,-1.874,-1.4172
331,34.458,10.2336,0.1367,31.2455,-1.8707,-1.4159,0.1182,8.785,18.02,35.896,-4.1366,-10.7361,0.2,0.0,0.0,0.0,-1.8995,-1.4372,-0.012,2.382,-0.4043,0,0,0,0.057,0.04,0.96,0,0,0.0,3,SEARCH_PHASE,-1.8707,-1.4159
332,34.567,10.1963,0.1085,31.2469,-1.8671,-1.4136,0.0706,8.758,17.973,35.874,-4.1366,-10.7361,0.2,0.0,0.0,0.0,-1.8982,-1.4362,-0.06,2.3811,-0.3675,0,0,0,0.054,0.038,0.962,0,0,0.0,3,SEARCH_PHASE,-1.8671,-1.4136
333,34.677,10.159,0.0802,31.2473,-1.8643,-1.4121,0.0231,8.731,17.926,35.851,-4.1366,-10.7361,0.2,0.0,0.0,0.0,-1.8969,-1.4353,-0.108,2.3812,-0.399,0,0,0,0.057,0.04,0.96,0,0,0.0,3,SEARCH_PHASE,-1.8643,-1.4121
334,34.786,10.1218,0.052,31.2468,-1.8612,-1.4093,-0.0252,8.702,17.88,35.827,-4.1366,-10.7361,0.2,0.0,0.0,0.0,-1.8957,-1.4343,-0.156,2.3822,-0.3828,0,0,0,0.056,0.039,0.961,0,0,0.0,3,SEARCH_PHASE,-1.8612,-1.4093
335,34.895,10.0846,0.0239,31.2454,-1.8589,-1.407,-0.0725,8.68,17.833,35.803,-4.1366,-10.7361,0.2,0.0,0.0,0.0,-1.8944,-1.4333,-0.204,2.3843,-0.4156,0,0,0,0.059,0.042,0.958,0,0,0.0,3,SEARCH_PHASE,-1.8589,-1.407
336,35.004,10.0475,-0.0042,31.243,-1.8559,-1.4043,-0.1199,8.659,17.787,35.777,-4.1366,-10.7361,0.2,0.0,0.0,0.0,-1.8931,-1.4323,-0.252,2.3873,-0.3829,0,0,0,0.057,0.04,0.96,0,0,0.0,3,SEARCH_PHASE,-1.8559,-1.4043
337,35.112,10.0104,-0.0323,31.2396,-1.8533,-1.403,-0.1674,8.636,17.74,35.751,-4.1366,-10.7361,0.2,0.0,0.0,0.0,-1.8918,-1.4314,-0.3,2.3912,-0.4166,0,0,0,0.06,0.042,0.958,0,0,0.0,3,SEARCH_PHASE,-1.8533,-1.403
338,35.221,9.9734,-0.0603,31.2353,-1.8504,-1.4011,-0.2149,8.613,17.694,35.725,-4.1366,-10.7361,0.2,0.0,0.0,0.0,-1.8906,-1.4304,-0.348,2.3961,-0.3814,0,0,0,0.055,0.038,0.962,0,0,0.0,3,SEARCH_PHASE,-1.8504,-1.4011
339,35.33,9.9364,-0.0883,31.2301,-1.8482,-1.4003,-0.2625,8.589,17.647,35.697,-4.1366,-10.7361,0.2,0.0,0.0,0.0,-1.8893,-1.4295,-0.396,2.402,-0.4151,0,0,0,0.052,0.036,0.964,0,0,0.0,3,SEARCH_PHASE,-1.8482,-1.4003
340,35.441,9.8995,-0.1163,31.2239,-1.8454,-1.3986,-0.3102,8.563,17.601,35.669,-4.1366,-10.7361,0.2,0.0,0.0,0.0,-1.888,-1.4285,-0.444,2.4088,-0.384,0,0,0,0.045,0.032,0.968,0,0,0.0,3,SEARCH_PHASE,-1.8454,-1.3986
341,35.55,9.8627,-0.1442,31.2167,-1.8432,-1.3978,-0.3578,8.537,17.555,35.64,-4.1366,-10.7361,0.2,0.0,0.0,0.0,-1.8868,-1.4275,-0.492,2.4166,-0.4177,0,0,0,0.041,0.029,0.971,0,0,0.0,3,SEARCH_PHASE,-1.8432,-1.3978
342,35.663,9.8258,-0.1721,31.2086,-1.841,-1.396,-0.4054,8.51,17.508,35.61,-4.1366,-10.7361,0.2,0.0,0.0,0.0,-1.8855,-1.4266,-0.54,2.4252,-0.3864,0,0,0,0.035,0.024,0.976,0,0,0.0,3,SEARCH_PHASE,-1.841,-1.396
343,35.772,9.7891,-0.2,31.1996,-1.8399,-1.3951,-0.4532,8.486,17.462,35.58,-4.1366,-10.7361,0.2,0.0,0.0,0.0,-1.8842,-1.4256,-0.588,2.4348,-0.4198,0,0,0,0.017,0.012,0.988,0,0,0.0,3,SEARCH_PHASE,-1.8399,-1.3951
344,35.882,9.7523,-0.2279,31.1895,-1.8386,-1.3932,-0.5008,8.463,17.416,35.548,-4.1366,-10.7361,0.2,0.0,0.0,0.0,-1.883,-1.4246,-0.636,2.4453,-0.389,0,0,0,0.017,0.012,0.988,0,0,0.0,3,SEARCH_PHASE,-1.8386,-1.3932
345,35.992,9.7155,-0.2558,31.1786,-1.8382,-1.3922,-0.5488,8.438,17.37,35.516,-4.1366,-10.7361,0.2,0.0,0.0,0.0,-1.8817,-1.4237,-0.684,2.4567,-0.4217,0,0,0,0.022,0.016,0.984,0,0,0.0,3,SEARCH_PHASE,-1.8382,-1.3922
346,36.101,9.6788,-0.2836,31.1666,-1.8375,-1.3902,-0.5962,8.413,17.324,35.483,-4.1366,-10.7361,0.2,0.0,0.0,0.0,-1.8804,-1.4227,-0.732,2.469,-0.3843,0,0,0,0.038,0.027,0.973,0,0,0.0,3,SEARCH_PHASE,-1.8375,-1.3902
347,36.211,9.642,-0.3113,31.1538,-1.8374,-1.3892,-0.6438,8.386,17.278,35.449,-4.1366,-10.7361,0.2,0.0,0.0,0.0,-1.8792,-1.4218,-0.78,2.4822,-0.4155,0,0,0,0.039,0.028,0.972,0,0,0.0,3,SEARCH_PHASE,-1.8374,-1.3892
348,36.322,9.6053,-0.3391,31.1399,-1.8369,-1.3869,-0.6915,8.359,17.232,35.415,-4.1366,-10.7361,0.2,0.0,0.0,0.0,-1.8779,-1.4208,-0.828,2.4962,-0.3972,0,0,0,0.06,0.042,0.958,0,0,0.0,3,SEARCH_PHASE,-1.8369,-1.3869
349,36.433,9.5685,-0.3668,31.1251,-1.837,-1.3853,-0.7393,8.331,17.186,35.38,-4.1366,-10.7361,0.2,0.0,0.0,0.0,-1.8767,-1.4199,-0.876,2.511,-0.4228,0,0,0,0.075,0.052,0.948,0,0,0.0,3,SEARCH_PHASE,-1.837,-1.3853
350,36.542,9.5318,-0.3944,31.1094,-1.8362,-1.3833,-0.7868,8.301,17.14,35.344,-4.1366,-10.7361,0.2,0.0,0.0,0.0,-1.8754,-1.4189,-0.924,2.5267,-0.3871,0,0,0,0.084,0.059,0.941,0,0,0.0,3,SEARCH_PHASE,-1.8362,-1.3833
351,36.654,9.4951,-0.4221,31.0927,-1.8357,-1.3825,-0.8344,8.271,17.094,35.307,-4.1366,-10.7361,0.2,0.0,0.0,0.0,-1.8741,-1.418,-0.972,2.5432,-0.4176,0,0,0,0.093,0.065,0.935,0,0,0.0,3,SEARCH_PHASE,-1.8357,-1.3825
352,36.763,9.4584,-0.4497,31.0751,-1.8347,-1.3809,-0.8819,8.24,17.048,35.269,-4.1366,-10.7361,0.2,0.0,0.0,0.0,-1.8728,-1.417,-1.02,2.5605,-0.3798,0,0,0,0.097,0.035,0.965,0,0,0.0,3,SEARCH_PHASE,-1.8347,-1.3809
353,36.874,9.4217,-0.4773,31.0565,-1.8341,-1.3803,-0.9295,8.208,17.002,35.231,-4.1366,-10.7361,0.2,0.0,0.0,0.0,-1.8716,-1.4161,-1.068,2.5785,-0.4099,0,0,0,0.104,0.042,0.958,0,0,0.0,3,SEARCH_PHASE,-1.8341,-1.3803
354,36.984,9.3851,-0.5049,31.0369,-1.8329,-1.3786,-0.9773,8.175,16.956,35.191,-4.1366,-10.7361,0.2,0.0,0.0,0.0,-1.8703,-1.4152,-1.116,2.5973,-0.3842,0,0,0,0.111,0.04,0.96,0,0,0.0,3,SEARCH_PHASE,-1.8329,-1.3786
355,37.094,9.3484,-0.5325,31.0164,-1.8321,-1.3776,-1.0248,8.141,16.91,35.151,-4.1366,-10.7361,0.2,0.0,0.0,0.0,-1.869,-1.4142,-1.164,2.6169,-0.4142,0,0,0,0.122,0.053,0.947,0,0,0.0,3,SEARCH_PHASE,-1.8321,-1.3776
356,37.203,9.3118,-0.56,30.995,-1.8309,-1.376,-1.0723,8.106,16.865,35.11,-4.1366,-10.7361,0.2,0.0,0.0,0.0,-1.8678,-1.4133,-1.212,2.6372,-0.3765,0,0,0,0.129,0.066,0.934,0,0,0.0,3,SEARCH_PHASE,-1.8309,-1.376
357,37.313,9.2752,-0.5875,30.9726,-1.8303,-1.3755,-1.1199,8.07,16.819,35.069,-4.1366,-10.7361,0.2,0.0,0.0,0.0,-1.8665,-1.4124,-1.26,2.6582,-0.4061,0,0,0,0.144,0.075,0.925,0,0,0.0,3,SEARCH_PHASE,-1.8303,-1.3755
358,37.422,9.2386,-0.615,30.9492,-1.8293,-1.374,-1.1679,8.033,16.773,35.026,-4.1366,-10.7361,0.2,0.0,0.0,0.0,-1.8652,-1.4114,-1.308,2.6799,-0.3734,0,0,0,0.149,0.079,0.921,0,0,0.0,3,SEARCH_PHASE,-1.8293,-1.374
359,37.532,9.202,-0.6424,30.9249,-1.8288,-1.3734,-1.2154,7.995,16.727,34.983,-4.1366,-10.7361,0.2,0.0,0.0,0.0,-1.864,-1.4105,-1.356,2.7023,-0.4038,0,0,0,0.158,0.084,0.916,0,0,0.0,3,SEARCH_PHASE,-1.8288,-1.3734
360,37.644,9.1655,-0.6699,30.8997,-1.8278,-1.3718,-1.263,7.956,16.682,34.939,-4.1366,-10.7361,0.2,0.0,0.0,0.0,-1.8627,-1.4096,-1.308,2.6772,-0.374,0,0,0,0.165,0.088,0.912,0,0,0.0,3,SEARCH_PHASE,-1.8278,-1.3718
361,37.757,9.1289,-0.6973,30.8742,-1.8282,-1.3717,-1.275,7.917,16.636,34.895,-4.1366,-10.7361,0.2,0.0,0.0,0.0,-1.8614,-1.4087,-1.26,2.6527,-0.4086,0,0,0,0.175,0.094,0.906,0,0,0.0,3,SEARCH_PHASE,-1.8282,-1.3717
362,37.866,9.0924,-0.7247,30.8489,-1.8283,-1.3709,-1.2647,7.886,16.59,34.851,-4.1366,-10.7361,0.2,0.0,0.0,0.0,-1.8602,-1.4077,-1.212,2.6288,-0.3663,0,0,0,0.179,0.096,0.904,0,0,0.0,3,SEARCH_PHASE,-1.8283,-1.3709
363,37.975,9.0558,-0.7522,30.8241,-1.8293,-1.372,-1.2405,7.866,16.544,34.807,-4.1366,-10.7361,0.2,0.0,0.0,0.0,-1.8589,-1.4068,-1.164,2.6057,-0.4043,0,0,0,0.186,0.076,0.924,0,0,0.0,3,SEARCH_PHASE,-1.8293,-1.372
364,38.084,9.0192,-0.7796,30.7999,-1.8292,-1.3713,-1.2075,7.848,16.499,34.764,-4.1366,-10.7361,0.2,0.0,0.0,0.0,-1.8576,-1.4059,-1.116,2.5832,-0.3596,0,0,0,0.187,0.065,0.935,0,0,0.0,3,SEARCH_PHASE,-1.8292,-1.3713
365,38.192,8.9826,-0.807,30.7765,-1.8297,-1.3722,-1.1692,7.83,16.453,34.722,-4.1366,-10.7361,0.2,0.0,0.0,0.0,-1.8563,-1.4049,-1.068,2.5614,-0.3988,0,0,0,0.191,0.056,0.944,0,0,0.0,3,SEARCH_PHASE,-1.8297,-1.3722
366,38.309,8.946,-0.8344,30.754,-1.8287,-1.3705,-1.128,7.813,16.407,34.681,-4.1366,-10.7361,0.2,0.0,0.0,0.0,-1.8551,-1.404,-1.02,2.5403,-0.362,0,0,0,0.179,0.073,0.927,0,0,0.0,3,SEARCH_PHASE,-1.8287,-1.3705
367,38.425,8.9095,-0.8618,30.7323,-1.8282,-1.37,-1.0838,7.797,16.362,34.64,-4.1366,-10.7361,0.2,0.0,0.0,0.0,-1.8538,-1.4031,-0.972,2.5199,-0.405,0,0,0,0.171,0.094,0.906,0,0,0.0,3,SEARCH_PHASE,-1.8282,-1.37
368,38.541,8.8729,-0.8892,30.7115,-1.8259,-1.3669,-1.0384,7.781,16.316,34.6,-4.1366,-10.7361,0.2,0.0,0.0,0.0,-1.8525,-1.4022,-0.924,2.5004,-0.3696,0,0,0,0.159,0.088,0.912,0,0,0.0,3,SEARCH_PHASE,-1.8259,-1.3669
369,38.657,8.8365,-0.9165,30.6917,-1.824,-1.365,-0.9921,7.767,16.27,34.561,-4.1366,-10.7361,0.2,0.0,0.0,0.0,-1.8513,-1.4013,-0.876,2.4816,-0.4133,0,0,0,0.154,0.085,0.915,0,0,0.0,3,SEARCH_PHASE,-1.824,-1.365
370,38.773,8.8,-0.9437,30.6728,-1.8212,-1.3609,-0.9453,7.754,16.225,34.523,-4.1366,-10.7361,0.2,0.0,0.0,0.0,-1.85,-1.4004,-0.828,2.4635,-0.3768,0,0,0,0.15,0.08,0.92,0,0,0.0,3,SEARCH_PHASE,-1.8212,-1.3609
371,38.889,8.7636,-0.9709,30.6548,-1.8198,-1.3584,-0.8982,7.741,16.18,34.486,-4.1366,-10.7361,0.2,0.0,0.0,0.0,-1.8487,-1.3994,-0.78,2.4464,-0.4207,0,0,0,0.151,0.076,0.924,0,0,0.0,3,SEARCH_PHASE,-1.8198,-1.3584
372,39.005,8.7273,-0.9979,30.6378,-1.8171,-1.3539,-0.8509,7.729,16.134,34.45,-4.1366,-10.7361,0.2,0.0,0.0,0.0,-1.8475,-1.3985,-0.732,2.43,-0.3759,0,0,0,0.145,0.067,0.933,0,0,0.0,3,SEARCH_PHASE,-1.8171,-1.3539
373,39.122,8.691,-1.025,30.6217,-1.8153,-1.3513,-0.8035,7.719,16.089,34.414,-4.1366,-10.7361,0.2,0.0,0.0,0.0,-1.8462,-1.3976,-0.684,2.4145,-0.42,0,0,0,0.145,0.056,0.944,0,0,0.0,3,SEARCH_PHASE,-1.8153,-1.3513
374,39.238,8.6547,-1.0519,30.6066,-1.8123,-1.3462,-0.7563,7.709,16.044,34.38,-4.1366,-10.7361,0.2,0.0,0.0,0.0,-1.8449,-1.3968,-0.636,2.3998,-0.4003,0,0,0,0.147,0.062,0.938,0,0,0.0,3,SEARCH_PHASE,-1.8123,-1.3462
375,39.353,8.6185,-1.0787,30.5924,-1.8099,-1.3425,-0.7086,7.7,15.999,34.346,-4.1366,-10.7361,0.2,0.0,0.0,0.0,-1.8436,-1.3959,-0.588,2.386,-0.44,0,0,0,0.19,0.108,0.892,0,0,0.0,3,SEARCH_PHASE,-1.8099,-1.3425
376,39.469,8.5824,-1.1055,30.5792,-1.8065,-1.3383,-0.6609,7.692,15.954,34.314,-4.1366,-10.7361,0.2,0.0,0.0,0.0,-1.8424,-1.395,-0.54,2.3732,-0.3989,0,0,0,0.198,0.07,0.93,0,0,0.0,3,SEARCH_PHASE,-1.8065,-1.3383
377,39.586,8.5463,-1.1323,30.5669,-1.8043,-1.3382,-0.6141,7.674,15.909,34.282,-4.1366,-10.7361,0.2,0.0,0.0,0.0,-1.8411,-1.3941,-0.492,2.3612,-0.418,0,0,0,0.221,0.077,0.923,0,0,0.0,3,SEARCH_PHASE,-1.8043,-1.3382
378,39.702,8.5103,-1.159,30.5556,-1.8011,-1.338,-0.566,7.657,15.864,34.251,-4.1366,-10.7361,0.2,0.0,0.0,0.0,-1.8398,-1.3932,-0.444,2.3501,-0.367,0,0,0,0.232,0.092,0.908,0,0,0.0,3,SEARCH_PHASE,-1.8011,-1.338
379,39.821,8.4743,-1.1858,30.5453,-1.7999,-1.3399,-0.5183,7.641,15.819,34.221,-4.1366,-10.7361,0.2,0.0,0.0,0.0,-1.8386,-1.3923,-0.396,2.34,-0.4047,0,0,0,0.24,0.105,0.895,0,0,0.0,3,SEARCH_PHASE,-1.7999,-1.3399
380,39.938,8.4383,-1.2126,30.5358,-1.7985,-1.3392,-0.471,7.626,15.774,34.192,-4.1366,-10.7361,0.2,0.0,0.0,0.0,-1.8373,-1.3915,-0.348,2.3309,-0.3805,0,0,0,0.237,0.096,0.904,0,0,0.0,3,SEARCH_PHASE,-1.7985,-1.3392
381,40.054,8.4024,-1.2394,30.5274,-1.799,-1.34,-0.4231,7.612,15.729,34.164,-4.1366,-10.7361,0.2,0.0,0.0,0.0,-1.836,-1.3906,-0.3,2.3227,-0.4263,0,0,0,0.233,0.086,0.914,0,0,0.0,3,SEARCH_PHASE,-1.799,-1.34
382,40.17,8.3664,-1.2662,30.5199,-1.7987,-1.3397,-0.3752,7.599,15.685,34.136,-4.1366,-10.7361,0.2,0.0,0.0,0.0,-1.8348,-1.3897,-0.252,2.3154,-0.3842,0,0,0,0.217,0.071,0.929,0,0,0.0,3,SEARCH_PHASE,-1.7987,-1.3397
383,40.286,8.3304,-1.2931,30.5133,-1.7996,-1.3423,-0.3283,7.587,15.64,34.11,-4.1366,-10.7361,0.2,0.0,0.0,0.0,-1.8335,-1.3888,-0.204,2.3091,-0.4284,0,0,0,0.233,0.083,0.917,0,0,0.0,3,SEARCH_PHASE,-1.7996,-1.3423
384,40.402,8.2944,-1.3199,30.5077,-1.7996,-1.3432,-0.2803,7.575,15.595,34.084,-4.1366,-10.7361,0.2,0.0,0.0,0.0,-1.8323,-1.3879,-0.156,2.3039,-0.3803,0,0,0,0.239,0.093,0.907,0,0,0.0,3,SEARCH_PHASE,-1.7996,-1.3432
385,40.521,8.2584,-1.3468,30.503,-1.8008,-1.3467,-0.2325,7.572,15.55,34.06,-4.1366,-10.7361,0.2,0.0,0.0,0.0,-1.831,-1.387,-0.108,2.2996,-0.4209,0,0,0,0.251,0.102,0.898,0,0,0.0,3,SEARCH_PHASE,-1.8008,-1.3467
386,40.638,8.2224,-1.3738,30.4994,-1.801,-1.3484,-0.1848,7.577,15.505,34.036,-4.1366,-10.7361,0.2,0.0,0.0,0.0,-1.8297,-1.3861,-0.06,2.2963,-0.3729,0,0,0,0.25,0.106,0.894,0,0,0.0,3,SEARCH_PHASE,-1.801,-1.3484
387,40.754,8.1863,-1.4009,30.4966,-1.8022,-1.3521,-0.1371,7.583,15.46,34.013,-4.1366,-10.7361,0.2,0.0,0.0,0.0,-1.8285,-1.3852,-0.012,2.294,-0.4132,0,0,0,0.256,0.113,0.887,0,0,0.0,3,SEARCH_PHASE,-1.8022,-1.3521
388,40.871,8.1503,-1.4279,30.4948,-1.8023,-1.3535,-0.0894,7.591,15.415,33.991,-4.1366,-10.7361,0.2,0.0,0.0,0.0,-1.8272,-1.3843,0.036,2.2927,-0.3652,0,0,0,0.25,0.115,0.885,0,0,0.0,3,SEARCH_PHASE,-1.8023,-1.3535
389,40.987,8.1142,-1.4551,30.494,-1.8033,-1.3565,-0.0418,7.599,15.369,33.97,-4.1366,-10.7361,0.2,0.0,0.0,0.0,-1.826,-1.3833,0.084,2.2924,-0.4052,0,0,0,0.254,0.119,0.881,0,0,0.0,3,SEARCH_PHASE,-1.8033,-1.3565
390,41.105,8.0781,-1.4822,30.4941,-1.803,-1.3565,0.0059,7.608,15.324,33.949,-4.1366,-10.7361,0.2,0.0,0.0,0.0,-1.8247,-1.3824,0.132,2.2931,-0.3573,0,0,0,0.247,0.118,0.882,0,0,0.0,3,SEARCH_PHASE,-1.803,-1.3565
391,41.225,8.0421,-1.5093,30.4952,-1.8035,-1.3577,0.0536,7.624,15.279,33.93,-4.1366,-10.7361,0.2,0.0,0.0,0.0,-1.8235,-1.3815,0.18,2.2948,-0.397,0,0,0,0.25,0.12,0.88,0,0,0.0,3,SEARCH_PHASE,-1.8035,-1.3577
392,41.351,8.006,-1.5365,30.4972,-1.8025,-1.3555,0.1004,7.658,15.234,33.912,-4.1366,-10.7361,0.2,0.0,0.0,0.0,-1.8222,-1.3806,0.228,2.2975,-0.3835,0,0,0,0.246,0.116,0.884,0,0,0.0,3,SEARCH_PHASE,-1.8025,-1.3555
393,41.469,7.97,-1.5635,30.5002,-1.8022,-1.3539,0.1483,7.692,15.189,33.894,-4.1366,-10.7361,0.2,0.0,0.0,0.0,-1.821,-1.3797,0.276,2.3012,-0.4142,0,0,0,0.246,0.103,0.897,0,0,0.0,3,SEARCH_PHASE,-1.8022,-1.3539
394,41.588,7.934,-1.5906,30.5041,-1.7994,-1.3515,0.1962,7.714,15.144,33.877,-4.1366,-10.7361,0.2,0.0,0.0,0.0,-1.8197,-1.3788,0.324,2.3059,-0.3736,0,0,0,0.223,0.085,0.915,0,0,0.0,3,SEARCH_PHASE,-1.7994,-1.3515
395,41.707,7.8981,-1.6176,30.509,-1.7968,-1.3506,0.2441,7.715,15.099,33.862,-4.1366,-10.7361,0.2,0.0,0.0,0.0,-1.8185,-1.3778,0.372,2.3117,-0.4197,0,0,0,0.205,0.078,0.922,0,0,0.0,3,SEARCH_PHASE,-1.7968,-1.3506
396,41.822,7.8622,-1.6445,30.5148,-1.793,-1.3471,0.2919,7.717,15.054,33.847,-4.1366,-10.7361,0.2,0.0,0.0,0.0,-1.8172,-1.3769,0.42,2.3183,-0.3761,0,0,0,0.19,0.11,0.89,0,0,0.0,3,SEARCH_PHASE,-1.793,-1.3471
397,41.938,7.8264,-1.6714,30.5216,-1.7898,-1.345,0.3391,7.72,15.009,33.833,-4.1366,-10.7361,0.2,0.0,0.0,0.0,-1.816,-1.376,0.468,2.326,-0.4215,0,0,0,0.187,0.105,0.895,0,0,0.0,3,SEARCH_PHASE,-1.7898,-1.345
398,42.053,7.7907,-1.6982,30.5293,-1.7853,-1.3397,0.3867,7.724,14.965,33.82,-4.1366,-10.7361,0.2,0.0,0.0,0.0,-1.8148,-1.3751,0.516,2.3347,-0.4064,0,0,0,0.19,0.108,0.892,0,0,0.0,3,SEARCH_PHASE,-1.7853,-1.3397
399,42.169,7.7551,-1.7249,30.538,-1.7814,-1.3355,0.4346,7.729,14.92,33.808,-4.1366,-10.7361,0.2,0.0,0.0,0.0,-1.8135,-1.3742,0.564,2.3442,-0.4455,0,0,0,0.237,0.097,0.903,0,0,0.0,3,SEARCH_PHASE,-1.7814,-1.3355
400,42.285,7.7195,-1.7515,30.5477,-1.7774,-1.3309,0.4825,7.735,14.876,33.797,-4.1366,-10.7361,0.2,0.0,0.0,0.0,-1.8123,-1.3733,0.612,2.3548,-0.4033,0,0,0,0.246,0.104,0.896,0,0,0.0,3,SEARCH_PHASE,-1.7774,-1.3309
401,42.403,7.684,-1.7782,30.5582,-1.7753,-1.3307,0.5295,7.742,14.831,33.787,-4.1366,-10.7361,0.2,0.0,0.0,0.0,-1.811,-1.3724,0.66,2.3662,-0.4117,0,0,0,0.26,0.128,0.872,0,0,0.0,3,SEARCH_PHASE,-1.7753,-1.3307
402,42.575,7.6485,-1.8048,30.5698,-1.7733,-1.3305,0.5772,7.75,14.787,33.778,-4.1366,-10.7361,0.2,0.0,0.0,0.0,-1.8098,-1.3716,0.708,2.3786,-0.3724,0,0,0,0.254,0.12,0.88,0,0,0.0,3,SEARCH_PHASE,-1.7733,-1.3305
403,42.936,7.6131,-1.8314,30.5823,-1.7728,-1.3318,0.6252,7.759,14.743,33.77,-4.1366,-10.7361,0.2,0.0,0.0,0.0,-1.8086,-1.3707,0.756,2.3919,-0.4161,0,0,0,0.254,0.111,0.889,0,0,0.0,3,SEARCH_PHASE,-1.7728,-1.3318
404,43.102,7.5777,-1.858,30.5958,-1.7718,-1.3305,0.6731,7.768,14.698,33.763,-4.1366,-10.7361,0.2,0.0,0.0,0.0,-1.8073,-1.3698,0.804,2.4061,-0.3723,0,0,0,0.239,0.101,0.899,0,0,0.0,3,SEARCH_PHASE,-1.7718,-1.3305
405,43.24,7.5422,-1.8846,30.6102,-1.7722,-1.3309,0.7208,7.779,14.654,33.757,-4.1366,-10.7361,0.2,0.0,0.0,0.0,-1.8061,-1.3689,0.852,2.4211,-0.4159,0,0,0,0.229,0.089,0.911,0,0,0.0,3,SEARCH_PHASE,-1.7722,-1.3309
406,43.42,7.5068,-1.9112,30.6255,-1.7718,-1.3284,0.7684,7.791,14.61,33.751,-4.1366,-10.7361,0.2,0.0,0.0,0.0,-1.8049,-1.368,0.9,2.437,-0.391,0,0,0,0.227,0.091,0.909,0,0,0.0,3,SEARCH_PHASE,-1.7718,-1.3284
407,43.575,7.4713,-1.9377,30.6419,-1.7727,-1.3272,0.8158,7.803,14.566,33.747,-4.1366,-10.7361,0.2,0.0,0.0,0.0,-1.8036,-1.3671,0.948,2.4537,-0.434,0,0,0,0.239,0.101,0.899,0,0,0.0,3,SEARCH_PHASE,-1.7727,-1.3272
408,43.7,7.4359,-1.9642,30.6591,-1.7721,-1.3248,0.8637,7.817,14.521,33.744,-4.1366,-10.7361,0.2,0.0,0.0,0.0,-1.8024,-1.3662,0.996,2.4713,-0.3863,0,0,0,0.242,0.105,0.895,0,0,0.0,3,SEARCH_PHASE,-1.7721,-1.3248
409,43.818,7.4004,-1.9907,30.6774,-1.772,-1.3254,0.9114,7.832,14.477,33.741,-4.1366,-10.7361,0.2,0.0,0.0,0.0,-1.8012,-1.3653,1.044,2.4896,-0.4283,0,0,0,0.25,0.112,0.888,0,0,0.0,3,SEARCH_PHASE,-1.772,-1.3254
410,43.939,7.365,-2.0172,30.6965,-1.7702,-1.3243,0.9591,7.847,14.433,33.739,-4.1366,-10.7361,0.2,0.0,0.0,0.0,-1.7999,-1.3644,1.092,2.5088,-0.3804,0,0,0,0.249,0.115,0.885,0,0,0.0,3,SEARCH_PHASE,-1.7702,-1.3243
411,44.057,7.3297,-2.0437,30.7167,-1.7688,-1.3258,1.0068,7.863,14.389,33.739,-4.1366,-10.7361,0.2,0.0,0.0,0.0,-1.7987,-1.3635,1.14,2.5287,-0.4224,0,0,0,0.254,0.102,0.898,0,0,0.0,3,SEARCH_PHASE,-1.7688,-1.3258
412,44.195,7.2943,-2.0702,30.7378,-1.7656,-1.3251,1.0544,7.881,14.344,33.739,-4.1366,-10.7361,0.2,0.0,0.0,0.0,-1.7975,-1.3627,1.188,2.5493,-0.3776,0,0,0,0.248,0.102,0.898,0,0,0.0,3,SEARCH_PHASE,-1.7656,-1.3251
413,44.312,7.2591,-2.0968,30.7598,-1.7627,-1.3263,1.102,7.899,14.3,33.74,-4.1366,-10.7361,0.2,0.0,0.0,0.0,-1.7962,-1.3618,1.236,2.5707,-0.4197,0,0,0,0.252,0.104,0.896,0,0,0.0,3,SEARCH_PHASE,-1.7627,-1.3263
414,44.429,7.2239,-2.1233,30.7828,-1.7586,-1.3252,1.1497,7.918,14.256,33.742,-4.1366,-10.7361,0.2,0.0,0.0,0.0,-1.795,-1.3609,1.284,2.5928,-0.3713,0,0,0,0.245,0.102,0.898,0,0,0.0,3,SEARCH_PHASE,-1.7586,-1.3252
415,44.544,7.1888,-2.1498,30.8067,-1.7556,-1.326,1.1973,7.939,14.212,33.746,-4.1366,-10.7361,0.2,0.0,0.0,0.0,-1.7938,-1.36,1.236,2.5681,-0.4132,0,0,0,0.247,0.102,0.898,0,0,0.0,3,SEARCH_PHASE,-1.7556,-1.326
416,44.661,7.1538,-2.1763,30.8309,-1.7512,-1.3237,1.2092,7.959,14.168,33.749,-4.1366,-10.7361,0.2,0.0,0.0,0.0,-1.7926,-1.3591,1.188,2.544,-0.3733,0,0,0,0.241,0.1,0.9,0,0,0.0,3,SEARCH_PHASE,-1.7512,-1.3237
417,44.778,7.1188,-2.2027,30.8549,-1.7475,-1.3223,1.199,7.98,14.125,33.752,-4.1366,-10.7361,0.2,0.0,0.0,0.0,-1.7914,-1.3581,1.14,2.5206,-0.4095,0,0,0,0.241,0.099,0.901,0,0,0.0,3,SEARCH_PHASE,-1.7475,-1.3223
418,44.895,7.084,-2.2291,30.8784,-1.7437,-1.3189,1.1748,7.999,14.081,33.756,-4.1366,-10.7361,0.2,0.0,0.0,0.0,-1.7902,-1.3572,1.092,2.4979,-0.3982,0,0,0,0.244,0.106,0.894,0,0,0.0,3,SEARCH_PHASE,-1.7437,-1.3189
419,45.012,7.0491,-2.2554,30.9012,-1.7411,-1.3163,1.1418,8.018,14.037,33.758,-4.1366,-10.7361,0.2,0.0,0.0,0.0,-1.789,-1.3563,1.044,2.4759,-0.4057,0,0,0,0.246,0.106,0.894,0,0,0.0,3,SEARCH_PHASE,-1.7411,-1.3163
420,45.133,7.0144,-2.2817,30.9233,-1.7379,-1.3139,1.1034,8.037,13.994,33.76,-4.1366,-10.7361,0.2,0.0,0.0,0.0,-1.7878,-1.3555,0.996,2.4547,-0.4031,0,0,0,0.249,0.084,0.916,0,0,0.0,3,SEARCH_PHASE,-1.7379,-1.3139
421,45.255,6.9797,-2.3079,30.9445,-1.7358,-1.312,1.0618,8.054,13.95,33.761,-4.1366,-10.7361,0.2,0.0,0.0,0.0,-1.7866,-1.3546,0.948,2.4342,-0.3869,0,0,0,0.247,0.095,0.905,0,0,0.0,3,SEARCH_PHASE,-1.7358,-1.312
422,45.375,6.945,-2.3342,30.9649,-1.7331,-1.3107,1.0174,8.071,13.907,33.762,-4.1366,-10.7361,0.2,0.0,0.0,0.0,-1.7854,-1.3537,0.9,2.4145,-0.4079,0,0,0,0.246,0.105,0.895,0,0,0.0,3,SEARCH_PHASE,-1.7331,-1.3107
423,45.496,6.9104,-2.3603,30.9843,-1.7322,-1.3089,0.9723,8.087,13.863,33.762,-4.1366,-10.7361,0.2,0.0,0.0,0.0,-1.7842,-1.3528,0.852,2.3957,-0.399,0,0,0,0.247,0.105,0.895,0,0,0.0,3,SEARCH_PHASE,-1.7322,-1.3089
424,45.617,6.8757,-2.3865,31.0028,-1.7306,-1.3077,0.9257,8.102,13.82,33.761,-4.1366,-10.7361,0.2,0.0,0.0,0.0,-1.783,-1.3519,0.804,2.3776,-0.4141,0,0,0,0.252,0.082,0.918,0,0,0.0,3,SEARCH_PHASE,-1.7306,-1.3077
425,45.737,6.8411,-2.4126,31.0204,-1.7304,-1.3065,0.8793,8.116,13.776,33.759,-4.1366,-10.7361,0.2,0.0,0.0,0.0,-1.7818,-1.351,0.756,2.3604,-0.3945,0,0,0,0.256,0.096,0.904,0,0,0.0,3,SEARCH_PHASE,-1.7304,-1.3065
426,45.859,6.8066,-2.4387,31.0371,-1.7294,-1.3064,0.8325,8.129,13.733,33.757,-4.1366,-10.7361,0.2,0.0,0.0,0.0,-1.7806,-1.3501,0.708,2.3441,-0.4109,0,0,0,0.261,0.11,0.89,0,0,0.0,3,SEARCH_PHASE,-1.7294,-1.3064
427,45.977,6.772,-2.4649,31.0528,-1.7296,-1.3063,0.7848,8.141,13.69,33.754,-4.1366,-10.7361,0.2,0.0,0.0,0.0,-1.7794,-1.3492,0.66,2.3286,-0.392,0,0,0,0.264,0.12,0.88,0,0,0.0,3,SEARCH_PHASE,-1.7296,-1.3063
428,46.096,6.7374,-2.491,31.0675,-1.7289,-1.3075,0.7376,8.152,13.646,33.75,-4.1366,-10.7361,0.2,0.0,0.0,0.0,-1.7782,-1.3483,0.612,2.314,-0.3956,0,0,0,0.264,0.121,0.879,0,0,0.0,3,SEARCH_PHASE,-1.7289,-1.3075
429,46.216,6.7028,-2.5172,31.0813,-1.7292,-1.3089,0.6896,8.162,13.603,33.745,-4.1366,-10.7361,0.2,0.0,0.0,0.0,-1.777,-1.3474,0.564,2.3003,-0.3799,0,0,0,0.261,0.106,0.894,0,0,0.0,3,SEARCH_PHASE,-1.7292,-1.3089
430,46.344,6.6682,-2.5434,31.0942,-1.7287,-1.3107,0.6424,8.171,13.56,33.739,-4.1366,-10.7361,0.2,0.0,0.0,0.0,-1.7758,-1.3465,0.516,2.2876,-0.4036,0,0,0,0.258,0.094,0.906,0,0,0.0,3,SEARCH_PHASE,-1.7287,-1.3107
431,46.468,6.6336,-2.5696,31.1061,-1.7294,-1.3118,0.595,8.179,13.516,33.732,-4.1366,-10.7361,0.2,0.0,0.0,0.0,-1.7747,-1.3456,0.468,2.2758,-0.3914,0,0,0,0.256,0.085,0.915,0,0,0.0,3,SEARCH_PHASE,-1.7294,-1.3118
432,46.64,6.599,-2.5959,31.117,-1.7293,-1.3133,0.5475,8.187,13.473,33.725,-4.1366,-10.7361,0.2,0.0,0.0,0.0,-1.7735,-1.3447,0.42,2.2649,-0.4057,0,0,0,0.258,0.094,0.906,0,0,0.0,3,SEARCH_PHASE,-1.7293,-1.3133
433,46.768,6.5644,-2.6222,31.127,-1.7302,-1.3143,0.4993,8.193,13.429,33.717,-4.1366,-10.7361,0.2,0.0,0.0,0.0,-1.7723,-1.3438,0.372,2.255,-0.3872,0,0,0,0.258,0.098,0.902,0,0,0.0,3,SEARCH_PHASE,-1.7302,-1.3143
434,46.892,6.5298,-2.6485,31.136,-1.7302,-1.3157,0.4519,8.198,13.386,33.708,-4.1366,-10.7361,0.2,0.0,0.0,0.0,-1.7711,-1.3429,0.324,2.2461,-0.4054,0,0,0,0.26,0.101,0.899,0,0,0.0,3,SEARCH_PHASE,-1.7302,-1.3157
435,47.02,6.4952,-2.6748,31.1441,-1.7312,-1.3166,0.4044,8.203,13.342,33.698,-4.1366,-10.7361,0.2,0.0,0.0,0.0,-1.7699,-1.342,0.276,2.2382,-0.3885,0,0,0,0.261,0.106,0.894,0,0,0.0,3,SEARCH_PHASE,-1.7312,-1.3166
436,47.147,6.4606,-2.7012,31.1513,-1.7312,-1.3181,0.3569,8.206,13.299,33.687,-4.1366,-10.7361,0.2,0.0,0.0,0.0,-1.7687,-1.3411,0.228,2.2313,-0.4064,0,0,0,0.262,0.111,0.889,0,0,0.0,3,SEARCH_PHASE,-1.7312,-1.3181
437,47.272,6.426,-2.7276,31.1575,-1.732,-1.3191,0.3092,8.209,13.255,33.676,-4.1366,-10.7361,0.2,0.0,0.0,0.0,-1.7675,-1.3401,0.18,2.2254,-0.3895,0,0,0,0.264,0.117,0.883,0,0,0.0,3,SEARCH_PHASE,-1.732,-1.3191
438,47.399,6.3913,-2.754,31.1627,-1.7315,-1.3209,0.2614,8.21,13.212,33.664,-4.1366,-10.7361,0.2,0.0,0.0,0.0,-1.7664,-1.3392,0.132,2.2206,-0.3901,0,0,0,0.261,0.114,0.886,0,0,0.0,3,SEARCH_PHASE,-1.7315,-1.3209
439,47.522,6.3567,-2.7805,31.1669,-1.7315,-1.3224,0.213,8.211,13.168,33.65,-4.1366,-10.7361,0.2,0.0,0.0,0.0,-1.7652,-1.3383,0.084,2.2167,-0.382,0,0,0,0.258,0.101,0.899,0,0,0.0,3,SEARCH_PHASE,-1.7315,-1.3224
440,47.649,6.3221,-2.8069,31.1702,-1.7306,-1.3236,0.1652,8.21,13.125,33.636,-4.1366,-10.7361,0.2,0.0,0.0,0.0,-1.764,-1.3374,0.036,2.214,-0.403,0,0,0,0.256,0.094,0.906,0,0,0.0,3,SEARCH_PHASE,-1.7306,-1.3236
441,47.774,6.2875,-2.8334,31.1726,-1.7307,-1.324,0.1179,8.209,13.081,33.622,-4.1366,-10.7361,0.2,0.0,0.0,0.0,-1.7628,-1.3364,-0.012,2.2122,-0.3893,0,0,0,0.254,0.089,0.911,0,0,0.0,3,SEARCH_PHASE,-1.7307,-1.324
442,47.9,6.2529,-2.8599,31.174,-1.7298,-1.3245,0.0699,8.207,13.037,33.606,-4.1366,-10.7361,0.2,0.0,0.0,0.0,-1.7617,-1.3355,-0.06,2.2115,-0.4066,0,0,0,0.255,0.091,0.909,0,0,0.0,3,SEARCH_PHASE,-1.7298,-1.3245
443,48.029,6.2183,-2.8864,31.1745,-1.7296,-1.3243,0.0226,8.204,12.994,33.59,-4.1366,-10.7361,0.2,0.0,0.0,0.0,-1.7605,-1.3346,-0.108,2.2118,-0.3901,0,0,0,0.255,0.096,0.904,0,0,0.0,3,SEARCH_PHASE,-1.7296,-1.3243
444,48.152,6.1837,-2.9129,31.174,-1.7282,-1.3244,-0.0249,8.199,12.95,33.572,-4.1366,-10.7361,0.2,0.0,0.0,0.0,-1.7593,-1.3336,-0.156,2.2132,-0.4101,0,0,0,0.257,0.1,0.9,0,0,0.0,3,SEARCH_PHASE,-1.7282,-1.3244
445,48.274,6.1492,-2.9393,31.1725,-1.7275,-1.3239,-0.0724,8.194,12.907,33.554,-4.1366,-10.7361,0.2,0.0,0.0,0.0,-1.7582,-1.3327,-0.204,2.2156,-0.3935,0,0,0,0.259,0.105,0.895,0,0,0.0,3,SEARCH_PHASE,-1.7275,-1.3239
446,48.404,6.1147,-2.9658,31.1701,-1.7257,-1.3239,-0.12,8.188,12.863,33.535,-4.1366,-10.7361,0.2,0.0,0.0,0.0,-1.757,-1.3318,-0.252,2.219,-0.4021,0,0,0,0.259,0.106,0.894,0,0,0.0,3,SEARCH_PHASE,-1.7257,-1.3239
447,48.531,6.0802,-2.9923,31.1668,-1.7247,-1.3236,-0.1676,8.181,12.82,33.516,-4.1366,-10.7361,0.2,0.0,0.0,0.0,-1.7558,-1.3308,-0.3,2.2235,-0.3854,0,0,0,0.259,0.109,0.891,0,0,0.0,3,SEARCH_PHASE,-1.7247,-1.3236
448,48.662,6.0457,-3.0188,31.1625,-1.7226,-1.3234,-0.2152,8.173,12.776,33.495,-4.1366,-10.7361,0.2,0.0,0.0,0.0,-1.7547,-1.3299,-0.348,2.229,-0.4054,0,0,0,0.26,0.111,0.889,0,0,0.0,3,SEARCH_PHASE,-1.7226,-1.3234
449,48.803,6.0113,-3.0452,31.1572,-1.7213,-1.3224,-0.2628,8.164,12.733,33.474,-4.1366,-10.7361,0.2,0.0,0.0,0.0,-1.7535,-1.3289,-0.396,2.2355,-0.3888,0,0,0,0.262,0.104,0.896,0,0,0.0,3,SEARCH_PHASE,-1.7213,-1.3224
450,48.948,5.9769,-3.0716,31.151,-1.7191,-1.3219,-0.3104,8.154,12.69,33.451,-4.1366,-10.7361,0.2,0.0,0.0,0.0,-1.7523,-1.328,-0.444,2.2431,-0.4077,0,0,0,0.264,0.108,0.892,0,0,0.0,3,SEARCH_PHASE,-1.7191,-1.3219
451,49.086,5.9425,-3.0981,31.1438,-1.7176,-1.3208,-0.3581,8.143,12.646,33.428,-4.1366,-10.7361,0.2,0.0,0.0,0.0,-1.7512,-1.3271,-0.492,2.2516,-0.3911,0,0,0,0.266,0.098,0.902,0,0,0.0,3,SEARCH_PHASE,-1.7176,-1.3208
452,49.212,5.9082,-3.1245,31.1357,-1.7149,-1.3203,-0.406,8.131,12.603,33.404,-4.1366,-10.7361,0.2,0.0,0.0,0.0,-1.75,-1.3261,-0.54,2.2612,-0.3991,0,0,0,0.266,0.095,0.905,0,0,0.0,3,SEARCH_PHASE,-1.7149,-1.3203
453,49.335,5.874,-3.1509,31.1266,-1.7128,-1.3194,-0.4535,8.119,12.56,33.38,-4.1366,-10.7361,0.2,0.0,0.0,0.0,-1.7489,-1.3252,-0.588,2.2717,-0.3824,0,0,0,0.267,0.095,0.905,0,0,0.0,3,SEARCH_PHASE,-1.7128,-1.3194
454,49.454,5.8398,-3.1772,31.1166,-1.7106,-1.3186,-0.5011,8.105,12.517,33.354,-4.1366,-10.7361,0.2,0.0,0.0,0.0,-1.7477,-1.3242,-0.636,2.2831,-0.4015,0,0,0,0.268,0.095,0.905,0,0,0.0,3,SEARCH_PHASE,-1.7106,-1.3186
455,49.573,5.8056,-3.2036,31.1056,-1.7099,-1.3169,-0.5487,8.09,12.473,33.328,-4.1366,-10.7361,0.2,0.0,0.0,0.0,-1.7466,-1.3233,-0.684,2.2955,-0.3852,0,0,0,0.27,0.096,0.904,0,0,0.0,3,SEARCH_PHASE,-1.7099,-1.3169
456,49.694,5.7714,-3.2299,31.0937,-1.7088,-1.3154,-0.5963,8.075,12.43,33.301,-4.1366,-10.7361,0.2,0.0,0.0,0.0,-1.7455,-1.3223,-0.732,2.3089,-0.4043,0,0,0,0.272,0.097,0.903,0,0,0.0,3,SEARCH_PHASE,-1.7088,-1.3154
457,49.814,5.7372,-3.2561,31.0808,-1.7091,-1.3132,-0.644,8.058,12.387,33.273,-4.1366,-10.7361,0.2,0.0,0.0,0.0,-1.7443,-1.3214,-0.78,2.3232,-0.3884,0,0,0,0.274,0.1,0.9,0,0,0.0,3,SEARCH_PHASE,-1.7091,-1.3132
458,49.936,5.703,-3.2824,31.067,-1.7087,-1.3114,-0.6916,8.041,12.344,33.244,-4.1366,-10.7361,0.2,0.0,0.0,0.0,-1.7432,-1.3205,-0.828,2.3383,-0.4074,0,0,0,0.276,0.102,0.898,0,0,0.0,3,SEARCH_PHASE,-1.7087,-1.3114
459,50.058,5.6689,-3.3085,31.0522,-1.7093,-1.3091,-0.7393,8.022,12.301,33.214,-4.1366,-10.7361,0.2,0.0,0.0,0.0,-1.742,-1.3195,-0.876,2.3544,-0.3917,0,0,0,0.279,0.099,0.901,0,0,0.0,3,SEARCH_PHASE,-1.7093,-1.3091
460,50.178,5.6347,-3.3347,31.0365,-1.709,-1.3074,-0.7869,8.003,12.258,33.184,-4.1366,-10.7361,0.2,0.0,0.0,0.0,-1.7408,-1.3186,-0.924,2.3713,-0.4107,0,0,0,0.282,0.104,0.896,0,0,0.0,3,SEARCH_PHASE,-1.709,-1.3074
461,50.301,5.6005,-3.3608,31.0198,-1.7095,-1.3052,-0.8346,7.982,12.215,33.152,-4.1366,-10.7361,0.2,0.0,0.0,0.0,-1.7397,-1.3177,-0.972,2.3891,-0.3953,0,0,0,0.285,0.109,0.891,0,0,0.0,3,SEARCH_PHASE,-1.7095,-1.3052
462,50.425,5.5663,-3.3869,31.0021,-1.7087,-1.3038,-0.8824,7.961,12.172,33.12,-4.1366,-10.7361,0.2,0.0,0.0,0.0,-1.7385,-1.3168,-1.02,2.4077,-0.4075,0,0,0,0.287,0.105,0.895,0,0,0.0,3,SEARCH_PHASE,-1.7087,-1.3038
463,50.554,5.5321,-3.4129,30.9835,-1.7086,-1.3022,-0.93,7.939,12.129,33.087,-4.1366,-10.7361,0.2,0.0,0.0,0.0,-1.7374,-1.3159,-1.068,2.427,-0.392,0,0,0,0.29,0.109,0.891,0,0,0.0,3,SEARCH_PHASE,-1.7086,-1.3022
464,50.689,5.498,-3.4389,30.964,-1.707,-1.3011,-0.9777,7.916,12.086,33.053,-4.1366,-10.7361,0.2,0.0,0.0,0.0,-1.7362,-1.315,-1.116,2.4472,-0.4139,0,0,0,0.294,0.114,0.886,0,0,0.0,3,SEARCH_PHASE,-1.707,-1.3011
465,50.837,5.4639,-3.4649,30.9435,-1.706,-1.2995,-1.0252,7.892,12.043,33.018,-4.1366,-10.7361,0.2,0.0,0.0,0.0,-1.735,-1.3141,-1.164,2.4682,-0.3984,0,0,0,0.3,0.12,0.88,0,0,0.0,3,SEARCH_PHASE,-1.706,-1.2995
466,50.972,5.4298,-3.4909,30.922,-1.704,-1.2988,-1.0735,7.866,12.0,32.983,-4.1366,-10.7361,0.2,0.0,0.0,0.0,-1.7339,-1.3132,-1.212,2.4899,-0.4042,0,0,0,0.308,0.126,0.874,0,0,0.0,3,SEARCH_PHASE,-1.704,-1.2988
467,51.122,5.3957,-3.5169,30.8996,-1.7029,-1.2979,-1.1208,7.84,11.958,32.946,-4.1366,-10.7361,0.2,0.0,0.0,0.0,-1.7327,-1.3122,-1.2364,2.5006,-0.3863,0,0,0,0.311,0.133,0.867,0,0,0.0,3,SEARCH_PHASE,-1.7029,-1.2979
468,51.258,5.3617,-3.5428,30.8764,-1.7011,-1.2975,-1.1595,7.814,11.915,32.909,-4.1366,-10.7361,0.2,0.0,0.0,0.0,-1.7316,-1.3113,-1.1884,2.4759,-0.404,0,0,0,0.316,0.124,0.876,0,0,0.0,3,SEARCH_PHASE,-1.7011,-1.2975
469,51.411,5.3277,-3.5688,30.8531,-1.7011,-1.2969,-1.1661,7.787,11.872,32.872,-4.1366,-10.7361,0.2,0.0,0.0,0.0,-1.7304,-1.3104,-1.1404,2.4519,-0.3835,0,0,0,0.319,0.119,0.881,0,0,0.0,3,SEARCH_PHASE,-1.7011,-1.2969
470,51.568,5.2937,-3.5947,30.83,-1.6999,-1.2973,-1.1523,7.76,11.829,32.835,-4.1366,-10.7361,0.2,0.0,0.0,0.0,-1.7292,-1.3095,-1.0924,2.4287,-0.405,0,0,0,0.324,0.127,0.873,0,0,0.0,3,SEARCH_PHASE,-1.6999,-1.2973
471,51.746,5.2597,-3.6206,30.8075,-1.7003,-1.2972,-1.126,7.734,11.786,32.798,-4.1366,-10.7361,0.2,0.0,0.0,0.0,-1.7281,-1.3086,-1.0444,2.4061,-0.3827,0,0,0,0.327,0.125,0.875,0,0,0.0,3,SEARCH_PHASE,-1.7003,-1.2972
472,51.925,5.2257,-3.6466,30.7857,-1.6985,-1.2983,-1.0918,7.708,11.744,32.763,-4.1366,-10.7361,0.2,0.0,0.0,0.0,-1.7269,-1.3077,-0.9964,2.3844,-0.3996,0,0,0,0.333,0.133,0.867,0,0,0.0,3,SEARCH_PHASE,-1.6985,-1.2983
473,52.115,5.1918,-3.6726,30.7646,-1.6979,-1.2989,-1.0532,7.684,11.701,32.728,-4.1366,-10.7361,0.2,0.0,0.0,0.0,-1.7258,-1.3068,-0.9484,2.3634,-0.3786,0,0,0,0.331,0.13,0.87,0,0,0.0,3,SEARCH_PHASE,-1.6979,-1.2989
474,52.293,5.1579,-3.6986,30.7444,-1.6947,-1.3006,-1.0105,7.66,11.658,32.694,-4.1366,-10.7361,0.2,0.0,0.0,0.0,-1.7246,-1.3058,-0.9004,2.3432,-0.4066,0,0,0,0.333,0.128,0.872,0,0,0.0,3,SEARCH_PHASE,-1.6947,-1.3006
475,52.481,5.124,-3.7246,30.7251,-1.6928,-1.3012,-0.9661,7.637,11.616,32.66,-4.1366,-10.7361,0.2,0.0,0.0,0.0,-1.7235,-1.3049,-0.8524,2.3238,-0.3874,0,0,0,0.334,0.126,0.874,0,0,0.0,3,SEARCH_PHASE,-1.6928,-1.3012
476,52.641,5.0903,-3.7507,30.7067,-1.6878,-1.3029,-0.9207,7.615,11.573,32.628,-4.1366,-10.7361,0.2,0.0,0.0,0.0,-1.7224,-1.304,-0.8044,2.3052,-0.4054,0,0,0,0.335,0.125,0.875,0,0,0.0,3,SEARCH_PHASE,-1.6878,-1.3029
477,52.788,5.0566,-3.7768,30.6892,-1.6838,-1.3039,-0.8742,7.594,11.53,32.597,-4.1366,-10.7361,0.2,0.0,0.0,0.0,-1.7213,-1.303,-0.7564,2.2875,-0.3865,0,0,0,0.334,0.119,0.881,0,0,0.0,3,SEARCH_PHASE,-1.6838,-1.3039
478,52.936,5.023,-3.8029,30.6726,-1.6792,-1.3053,-0.8278,7.573,11.488,32.566,-4.1366,-10.7361,0.2,0.0,0.0,0.0,-1.7202,-1.3021,-0.7084,2.2707,-0.4106,0,0,0,0.336,0.119,0.881,0,0,0.0,3,SEARCH_PHASE,-1.6792,-1.3053
479,53.07,4.9894,-3.829,30.657,-1.6781,-1.3053,-0.7804,7.554,11.445,32.536,-4.1366,-10.7361,0.2,0.0,0.0,0.0,-1.7191,-1.3011,-0.6604,2.2548,-0.3902,0,0,0,0.337,0.119,0.881,0,0,0.0,3,SEARCH_PHASE,-1.6781,-1.3053
480,53.203,4.9559,-3.8551,30.6424,-1.6761,-1.3059,-0.7329,7.536,11.403,32.508,-4.1366,-10.7361,0.2,0.0,0.0,0.0,-1.718,-1.3001,-0.6124,2.2398,-0.4146,0,0,0,0.34,0.119,0.881,0,0,0.0,3,SEARCH_PHASE,-1.6761,-1.3059
481,53.336,4.9224,-3.8812,30.6287,-1.6773,-1.3053,-0.6854,7.518,11.36,32.48,-4.1366,-10.7361,0.2,0.0,0.0,0.0,-1.7169,-1.2991,-0.5644,2.2258,-0.3948,0,0,0,0.342,0.121,0.879,0,0,0.0,3,SEARCH_PHASE,-1.6773,-1.3053
482,53.478,4.8888,-3.9073,30.6159,-1.6771,-1.3057,-0.6382,7.5,11.318,32.453,-4.1366,-10.7361,0.2,0.0,0.0,0.0,-1.7158,-1.2982,-0.5164,2.2126,-0.4164,0,0,0,0.346,0.121,0.879,0,0,0.0,3,SEARCH_PHASE,-1.6771,-1.3057
483,53.604,4.8552,-3.9334,30.6041,-1.6797,-1.3052,-0.5905,7.481,11.275,32.427,-4.1366,-10.7361,0.2,0.0,0.0,0.0,-1.7147,-1.2972,-0.4684,2.2005,-0.3947,0,0,0,0.349,0.128,0.872,0,0,0.0,3,SEARCH_PHASE,-1.6797,-1.3052
484,53.726,4.8216,-3.9595,30.5932,-1.6806,-1.3058,-0.5428,7.463,11.233,32.402,-4.1366,-10.7361,0.2,0.0,0.0,0.0,-1.7136,-1.2962,-0.4204,2.1894,-0.4169,0,0,0,0.353,0.135,0.865,0,0,0.0,3,SEARCH_PHASE,-1.6806,-1.3058
485,53.846,4.7879,-3.9856,30.5833,-1.684,-1.3058,-0.4952,7.446,11.19,32.378,-4.1366,-10.7361,0.2,0.0,0.0,0.0,-1.7125,-1.2953,-0.3724,2.1792,-0.3952,0,0,0,0.357,0.143,0.857,0,0,0.0,3,SEARCH_PHASE,-1.684,-1.3058
486,53.966,4.7542,-4.0118,30.5744,-1.6852,-1.3074,-0.4477,7.43,11.147,32.355,-4.1366,-10.7361,0.2,0.0,0.0,0.0,-1.7114,-1.2943,-0.3244,2.1701,-0.3986,0,0,0,0.357,0.144,0.856,0,0,0.0,3,SEARCH_PHASE,-1.6852,-1.3074
487,54.086,4.7205,-4.038,30.5664,-1.6884,-1.3085,-0.4001,7.415,11.105,32.333,-4.1366,-10.7361,0.2,0.0,0.0,0.0,-1.7102,-1.2934,-0.2764,2.162,-0.3766,0,0,0,0.359,0.147,0.853,0,0,0.0,3,SEARCH_PHASE,-1.6884,-1.3085
488,54.207,4.6867,-4.0642,30.5593,-1.6899,-1.3095,-0.3524,7.401,11.062,32.312,-4.1366,-10.7361,0.2,0.0,0.0,0.0,-1.7091,-1.2924,-0.2284,2.1549,-0.3996,0,0,0,0.36,0.149,0.851,0,0,0.0,3,SEARCH_PHASE,-1.6899,-1.3095
489,54.329,4.6528,-4.0903,30.5532,-1.6938,-1.3085,-0.3047,7.388,11.019,32.291,-4.1366,-10.7361,0.2,0.0,0.0,0.0,-1.708,-1.2914,-0.1804,2.1489,-0.3776,0,0,0,0.362,0.145,0.855,0,0,0.0,3,SEARCH_PHASE,-1.6938,-1.3085
490,54.451,4.6189,-4.1165,30.5481,-1.6954,-1.3077,-0.257,7.376,10.976,32.272,-4.1366,-10.7361,0.2,0.0,0.0,0.0,-1.7069,-1.2905,-0.1324,2.1439,-0.4009,0,0,0,0.364,0.157,0.843,0,0,0.0,3,SEARCH_PHASE,-1.6954,-1.3077
491,54.571,4.5849,-4.1426,30.5439,-1.6989,-1.3052,-0.2093,7.364,10.933,32.254,-4.1366,-10.7361,0.2,0.0,0.0,0.0,-1.7057,-1.2895,-0.0844,2.14,-0.3788,0,0,0,0.366,0.141,0.859,0,0,0.0,3,SEARCH_PHASE,-1.6989,-1.3052
492,54.692,4.5509,-4.1686,30.5407,-1.6999,-1.3033,-0.1616,7.354,10.891,32.236,-4.1366,-10.7361,0.2,0.0,0.0,0.0,-1.7046,-1.2886,-0.0364,2.1372,-0.4027,0,0,0,0.369,0.141,0.859,0,0,0.0,3,SEARCH_PHASE,-1.6999,-1.3033
493,54.813,4.5169,-4.1946,30.5384,-1.7023,-1.2999,-0.1139,7.345,10.848,32.219,-4.1366,-10.7361,0.2,0.0,0.0,0.0,-1.7035,-1.2877,0.0116,2.1354,-0.3803,0,0,0,0.371,0.135,0.865,0,0,0.0,3,SEARCH_PHASE,-1.7023,-1.2999
494,54.934,4.4828,-4.2206,30.5371,-1.7017,-1.2975,-0.0662,7.337,10.805,32.204,-4.1366,-10.7361,0.2,0.0,0.0,0.0,-1.7023,-1.2868,0.0596,2.1348,-0.4048,0,0,0,0.374,0.133,0.867,0,0,0.0,3,SEARCH_PHASE,-1.7017,-1.2975
495,55.054,4.4488,-4.2465,30.5367,-1.7022,-1.2939,-0.0184,7.329,10.762,32.189,-4.1366,-10.7361,0.2,0.0,0.0,0.0,-1.7011,-1.2859,0.1076,2.1352,-0.3821,0,0,0,0.376,0.14,0.86,0,0,0.0,3,SEARCH_PHASE,-1.7022,-1.2939
496,55.176,4.4148,-4.2723,30.5373,-1.6993,-1.2916,0.0293,7.323,10.719,32.175,-4.1366,-10.7361,0.2,0.0,0.0,0.0,-1.7,-1.285,0.1556,2.1367,-0.4077,0,0,0,0.378,0.144,0.856,0,0,0.0,3,SEARCH_PHASE,-1.6993,-1.2916
497,55.297,4.3809,-4.2981,30.5388,-1.697,-1.2886,0.077,7.317,10.677,32.163,-4.1366,-10.7361,0.2,0.0,0.0,0.0,-1.6988,-1.2841,0.2036,2.1392,-0.3846,0,0,0,0.379,0.15,0.85,0,0,0.0,3,SEARCH_PHASE,-1.697,-1.2886
498,55.417,4.347,-4.3238,30.5413,-1.6911,-1.2871,0.1244,7.313,10.634,32.151,-4.1366,-10.7361,0.2,0.0,0.0,0.0,-1.6977,-1.2832,0.2516,2.1429,-0.3931,0,0,0,0.38,0.149,0.851,0,0,0.0,3,SEARCH_PHASE,-1.6911,-1.2871
499,55.538,4.3133,-4.3495,30.5447,-1.6857,-1.2853,0.1715,7.309,10.592,32.14,-4.1366,-10.7361,0.2,0.0,0.0,0.0,-1.6965,-1.2823,0.2996,2.1476,-0.3727,0,0,0,0.379,0.139,0.861,0,0,0.0,3,SEARCH_PHASE,-1.6857,-1.2853
500,55.657,4.2797,-4.3752,30.5491,-1.6796,-1.2837,0.2196,7.307,10.55,32.13,-4.1366,-10.7361,0.2,0.0,0.0,0.0,-1.6954,-1.2813,0.3476,2.1534,-0.4031,0,0,0,0.377,0.14,0.86,0,0,0.0,3,SEARCH_PHASE,-1.6796,-1.2837
501,55.777,4.2462,-4.4008,30.5545,-1.6772,-1.28,0.2675,7.305,10.507,32.122,-4.1366,-10.7361,0.2,0.0,0.0,0.0,-1.6943,-1.2804,0.3956,2.1602,-0.3866,0,0,0,0.374,0.145,0.855,0,0,0.0,3,SEARCH_PHASE,-1.6772,-1.28
502,55.899,4.2127,-4.4263,30.5608,-1.674,-1.2768,0.3146,7.304,10.465,32.114,-4.1366,-10.7361,0.2,0.0,0.0,0.0,-1.6931,-1.2795,0.4436,2.1681,-0.4074,0,0,0,0.376,0.143,0.857,0,0,0.0,3,SEARCH_PHASE,-1.674,-1.2768
503,56.022,4.1792,-4.4518,30.568,-1.6739,-1.2722,0.3626,7.305,10.423,32.107,-4.1366,-10.7361,0.2,0.0,0.0,0.0,-1.692,-1.2786,0.4916,2.177,-0.3846,0,0,0,0.379,0.132,0.868,0,0,0.0,3,SEARCH_PHASE,-1.6739,-1.2722
504,56.148,4.1458,-4.4771,30.5762,-1.6728,-1.2681,0.4105,7.306,10.381,32.101,-4.1366,-10.7361,0.2,0.0,0.0,0.0,-1.6909,-1.2778,0.5396,2.187,-0.4069,0,0,0,0.382,0.134,0.866,0,0,0.0,3,SEARCH_PHASE,-1.6728,-1.2681
505,56.273,4.1123,-4.5024,30.5854,-1.6747,-1.2628,0.4582,7.308,10.339,32.096,-4.1366,-10.7361,0.2,0.0,0.0,0.0,-1.6897,-1.2769,0.5876,2.1979,-0.3834,0,0,0,0.384,0.14,0.86,0,0,0.0,3,SEARCH_PHASE,-1.6747,-1.2628
506,56.393,4.0788,-4.5276,30.5955,-1.6751,-1.2585,0.5059,7.312,10.297,32.092,-4.1366,-10.7361,0.2,0.0,0.0,0.0,-1.6885,-1.2761,0.6356,2.2099,-0.4063,0,0,0,0.386,0.145,0.855,0,0,0.0,3,SEARCH_PHASE,-1.6751,-1.2585
507,56.512,4.0452,-4.5526,30.6066,-1.678,-1.2532,0.5536,7.316,10.256,32.09,-4.1366,-10.7361,0.2,0.0,0.0,0.0,-1.6874,-1.2752,0.6836,2.2228,-0.3826,0,0,0,0.387,0.151,0.849,0,0,0.0,3,SEARCH_PHASE,-1.678,-1.2532
508,56.631,4.0116,-4.5776,30.6186,-1.679,-1.2492,0.6012,7.321,10.214,32.088,-4.1366,-10.7361,0.2,0.0,0.0,0.0,-1.6862,-1.2744,0.7316,2.2366,-0.4061,0,0,0,0.389,0.156,0.844,0,0,0.0,3,SEARCH_PHASE,-1.679,-1.2492
509,56.751,3.978,-4.6025,30.6316,-1.6822,-1.2445,0.6486,7.327,10.172,32.087,-4.1366,-10.7361,0.2,0.0,0.0,0.0,-1.685,-1.2736,0.7796,2.2514,-0.3828,0,0,0,0.39,0.161,0.839,0,0,0.0,3,SEARCH_PHASE,-1.6822,-1.2445
510,56.87,3.9443,-4.6273,30.6455,-1.683,-1.2415,0.6963,7.335,10.13,32.087,-4.1366,-10.7361,0.2,0.0,0.0,0.0,-1.6838,-1.2728,0.8276,2.2672,-0.4079,0,0,0,0.393,0.165,0.835,0,0,0.0,3,SEARCH_PHASE,-1.683,-1.2415
511,56.998,3.9106,-4.6521,30.6604,-1.6856,-1.238,0.7441,7.343,10.088,32.088,-4.1366,-10.7361,0.2,0.0,0.0,0.0,-1.6825,-1.2721,0.8756,2.2838,-0.3851,0,0,0,0.396,0.164,0.836,0,0,0.0,3,SEARCH_PHASE,-1.6856,-1.238
512,57.118,3.8769,-4.6768,30.6762,-1.6855,-1.2365,0.7918,7.352,10.046,32.089,-4.1366,-10.7361,0.2,0.0,0.0,0.0,-1.6813,-1.2713,0.9236,2.3013,-0.4106,0,0,0,0.399,0.164,0.836,0,0,0.0,3,SEARCH_PHASE,-1.6855,-1.2365
513,57.242,3.8432,-4.7015,30.693,-1.6868,-1.2349,0.8396,7.362,10.005,32.092,-4.1366,-10.7361,0.2,0.0,0.0,0.0,-1.6801,-1.2705,0.9716,2.3197,-0.3876,0,0,0,0.402,0.151,0.849,0,0,0.0,3,SEARCH_PHASE,-1.6868,-1.2349
514,57.366,3.8095,-4.7262,30.7108,-1.685,-1.2356,0.8872,7.373,9.963,32.096,-4.1366,-10.7361,0.2,0.0,0.0,0.0,-1.6789,-1.2698,1.0196,2.3389,-0.3982,0,0,0,0.403,0.149,0.851,0,0,0.0,3,SEARCH_PHASE,-1.685,-1.2356
515,57.488,3.7758,-4.751,30.7295,-1.6841,-1.2366,0.9344,7.385,9.921,32.101,-4.1366,-10.7361,0.2,0.0,0.0,0.0,-1.6776,-1.269,1.0676,2.359,-0.3764,0,0,0,0.401,0.149,0.851,0,0,0.0,3,SEARCH_PHASE,-1.6841,-1.2366
516,57.615,3.7422,-4.7757,30.7491,-1.6803,-1.2386,0.9823,7.398,9.879,32.107,-4.1366,-10.7361,0.2,0.0,0.0,0.0,-1.6764,-1.2682,1.1156,2.3798,-0.4051,0,0,0,0.401,0.16,0.84,0,0,0.0,3,SEARCH_PHASE,-1.6803,-1.2386
517,57.745,3.7086,-4.8005,30.7697,-1.6778,-1.2394,1.0301,7.411,9.838,32.114,-4.1366,-10.7361,0.2,0.0,0.0,0.0,-1.6752,-1.2674,1.1636,2.4014,-0.3846,0,0,0,0.4,0.164,0.836,0,0,0.0,3,SEARCH_PHASE,-1.6778,-1.2394
518,57.867,3.6752,-4.8254,30.7913,-1.6719,-1.2415,1.0777,7.426,9.796,32.121,-4.1366,-10.7361,0.2,0.0,0.0,0.0,-1.674,-1.2666,1.2116,2.4238,-0.4152,0,0,0,0.399,0.162,0.838,0,0,0.0,3,SEARCH_PHASE,-1.6719,-1.2415
519,57.987,3.6419,-4.8502,30.8138,-1.6669,-1.2428,1.1254,7.442,9.754,32.13,-4.1366,-10.7361,0.2,0.0,0.0,0.0,-1.6729,-1.2658,1.1636,2.3989,-0.3952,0,0,0,0.399,0.167,0.833,0,0,0.0,3,SEARCH_PHASE,-1.6669,-1.2428
520,58.109,3.6087,-4.8751,30.8365,-1.6596,-1.245,1.1366,7.458,9.713,32.139,-4.1366,-10.7361,0.2,0.0,0.0,0.0,-1.6717,-1.265,1.1156,2.3747,-0.3945,0,0,0,0.399,0.161,0.839,0,0,0.0,3,SEARCH_PHASE,-1.6596,-1.245
521,58.229,3.5756,-4.9,30.859,-1.6535,-1.2464,1.1261,7.474,9.671,32.148,-4.1366,-10.7361,0.2,0.0,0.0,0.0,-1.6706,-1.2642,1.0676,2.3513,-0.3761,0,0,0,0.395,0.16,0.84,0,0,0.0,3,SEARCH_PHASE,-1.6535,-1.2464
522,58.35,3.5427,-4.925,30.8811,-1.6462,-1.2472,1.1022,7.489,9.63,32.157,-4.1366,-10.7361,0.2,0.0,0.0,0.0,-1.6694,-1.2633,1.0196,2.3286,-0.4051,0,0,0,0.392,0.159,0.841,0,0,0.0,3,SEARCH_PHASE,-1.6462,-1.2472
523,58.47,3.5099,-4.9499,30.9025,-1.6403,-1.2463,1.0696,7.504,9.589,32.165,-4.1366,-10.7361,0.2,0.0,0.0,0.0,-1.6683,-1.2624,0.9716,2.3067,-0.3929,0,0,0,0.39,0.155,0.845,0,0,0.0,3,SEARCH_PHASE,-1.6403,-1.2463
524,58.591,3.4772,-4.9748,30.9231,-1.6345,-1.2455,1.0308,7.517,9.548,32.172,-4.1366,-10.7361,0.2,0.0,0.0,0.0,-1.6672,-1.2615,0.9236,2.2856,-0.4089,0,0,0,0.392,0.159,0.841,0,0,0.0,3,SEARCH_PHASE,-1.6345,-1.2455
525,58.713,3.4446,-4.9997,30.9429,-1.6308,-1.2441,0.9894,7.53,9.507,32.179,-4.1366,-10.7361,0.2,0.0,0.0,0.0,-1.6661,-1.2607,0.8756,2.2654,-0.3892,0,0,0,0.394,0.163,0.837,0,0,0.0,3,SEARCH_PHASE,-1.6308,-1.2441
526,58.835,3.412,-5.0246,30.9618,-1.6269,-1.2431,0.9458,7.543,9.466,32.185,-4.1366,-10.7361,0.2,0.0,0.0,0.0,-1.665,-1.2598,0.8276,2.2459,-0.4067,0,0,0,0.397,0.167,0.833,0,0,0.0,3,SEARCH_PHASE,-1.6269,-1.2431
527,58.97,3.3795,-5.0494,30.9798,-1.625,-1.2417,0.9006,7.554,9.425,32.19,-4.1366,-10.7361,0.2,0.0,0.0,0.0,-1.6639,-1.2589,0.7796,2.2274,-0.3874,0,0,0,0.399,0.161,0.839,0,0,0.0,3,SEARCH_PHASE,-1.625,-1.2417
528,59.118,3.3471,-5.0742,30.9969,-1.6226,-1.2409,0.8546,7.564,9.384,32.195,-4.1366,-10.7361,0.2,0.0,0.0,0.0,-1.6628,-1.258,0.7316,2.2097,-0.4051,0,0,0,0.402,0.147,0.853,0,0,0.0,3,SEARCH_PHASE,-1.6226,-1.2409
529,59.264,3.3146,-5.099,31.013,-1.6217,-1.2397,0.8073,7.574,9.343,32.198,-4.1366,-10.7361,0.2,0.0,0.0,0.0,-1.6617,-1.2571,0.6836,2.1929,-0.3871,0,0,0,0.403,0.149,0.851,0,0,0.0,3,SEARCH_PHASE,-1.6217,-1.2397
530,59.39,3.2822,-5.1238,31.0282,-1.6202,-1.2394,0.7606,7.582,9.303,32.201,-4.1366,-10.7361,0.2,0.0,0.0,0.0,-1.6606,-1.2563,0.6356,2.1771,-0.4077,0,0,0,0.404,0.15,0.85,0,0,0.0,3,SEARCH_PHASE,-1.6202,-1.2394
531,59.511,3.2498,-5.1486,31.0425,-1.6201,-1.2389,0.7134,7.59,9.262,32.203,-4.1366,-10.7361,0.2,0.0,0.0,0.0,-1.6595,-1.2554,0.5876,2.1622,-0.3912,0,0,0,0.405,0.152,0.848,0,0,0.0,3,SEARCH_PHASE,-1.6201,-1.2389
532,59.631,3.2174,-5.1734,31.0558,-1.6191,-1.2393,0.6659,7.596,9.221,32.204,-4.1366,-10.7361,0.2,0.0,0.0,0.0,-1.6585,-1.2545,0.5396,2.1483,-0.3947,0,0,0,0.404,0.149,0.851,0,0,0.0,3,SEARCH_PHASE,-1.6191,-1.2393
533,59.749,3.1851,-5.1982,31.0682,-1.6192,-1.2396,0.6185,7.602,9.18,32.204,-4.1366,-10.7361,0.2,0.0,0.0,0.0,-1.6574,-1.2536,0.4916,2.1354,-0.3785,0,0,0,0.404,0.152,0.848,0,0,0.0,3,SEARCH_PHASE,-1.6192,-1.2396
534,59.868,3.1527,-5.223,31.0796,-1.6186,-1.24,0.571,7.607,9.139,32.204,-4.1366,-10.7361,0.2,0.0,0.0,0.0,-1.6563,-1.2527,0.4436,2.1235,-0.3987,0,0,0,0.404,0.155,0.845,0,0,0.0,3,SEARCH_PHASE,-1.6186,-1.24
535,59.987,3.1203,-5.2477,31.0901,-1.6192,-1.2395,0.5235,7.611,9.099,32.202,-4.1366,-10.7361,0.2,0.0,0.0,0.0,-1.6552,-1.2518,0.3956,2.1126,-0.3829,0,0,0,0.403,0.149,0.851,0,0,0.0,3,SEARCH_PHASE,-1.6192,-1.2395
536,60.106,3.0879,-5.2725,31.0996,-1.6189,-1.2392,0.4759,7.613,9.058,32.2,-4.1366,-10.7361,0.2,0.0,0.0,0.0,-1.6541,-1.2509,0.3476,2.1028,-0.4031,0,0,0,0.403,0.158,0.842,0,0,0.0,3,SEARCH_PHASE,-1.6189,-1.2392
537,60.228,3.0555,-5.2973,31.1082,-1.6195,-1.2382,0.4282,7.615,9.017,32.197,-4.1366,-10.7361,0.2,0.0,0.0,0.0,-1.653,-1.25,0.2996,2.094,-0.3876,0,0,0,0.404,0.158,0.842,0,0,0.0,3,SEARCH_PHASE,-1.6195,-1.2382
538,60.348,3.0232,-5.322,31.1158,-1.6189,-1.2376,0.3805,7.616,8.976,32.193,-4.1366,-10.7361,0.2,0.0,0.0,0.0,-1.6519,-1.2492,0.2516,2.0863,-0.4093,0,0,0,0.405,0.163,0.837,0,0,0.0,3,SEARCH_PHASE,-1.6189,-1.2376
539,60.465,2.9908,-5.3468,31.1224,-1.619,-1.2364,0.3329,7.616,8.936,32.188,-4.1366,-10.7361,0.2,0.0,0.0,0.0,-1.6509,-1.2483,0.2036,2.0797,-0.3941,0,0,0,0.405,0.159,0.841,0,0,0.0,3,SEARCH_PHASE,-1.619,-1.2364
540,60.582,2.9584,-5.3715,31.1281,-1.618,-1.2358,0.2849,7.615,8.895,32.182,-4.1366,-10.7361,0.2,0.0,0.0,0.0,-1.6498,-1.2474,0.1556,2.0741,-0.41,0,0,0,0.407,0.161,0.839,0,0,0.0,3,SEARCH_PHASE,-1.618,-1.2358
541,60.699,2.9261,-5.3962,31.1329,-1.6178,-1.235,0.2373,7.613,8.854,32.175,-4.1366,-10.7361,0.2,0.0,0.0,0.0,-1.6487,-1.2465,0.1076,2.0697,-0.3939,0,0,0,0.408,0.15,0.85,0,0,0.0,3,SEARCH_PHASE,-1.6178,-1.235
542,60.817,2.8937,-5.4209,31.1367,-1.6164,-1.2349,0.1896,7.61,8.813,32.168,-4.1366,-10.7361,0.2,0.0,0.0,0.0,-1.6476,-1.2456,0.0596,2.0663,-0.4062,0,0,0,0.409,0.155,0.845,0,0,0.0,3,SEARCH_PHASE,-1.6164,-1.2349
543,60.934,2.8614,-5.4456,31.1395,-1.6156,-1.2344,0.142,7.606,8.773,32.159,-4.1366,-10.7361,0.2,0.0,0.0,0.0,-1.6465,-1.2448,0.0116,2.0641,-0.3901,0,0,0,0.409,0.152,0.848,0,0,0.0,3,SEARCH_PHASE,-1.6156,-1.2344
544,61.05,2.8291,-5.4703,31.1414,-1.6139,-1.2343,0.0944,7.602,8.732,32.15,-4.1366,-10.7361,0.2,0.0,0.0,0.0,-1.6454,-1.2439,-0.0364,2.063,-0.4093,0,0,0,0.411,0.149,0.851,0,0,0.0,3,SEARCH_PHASE,-1.6139,-1.2343
545,61.17,2.7969,-5.4949,31.1423,-1.6132,-1.2336,0.0468,7.596,8.692,32.14,-4.1366,-10.7361,0.2,0.0,0.0,0.0,-1.6443,-1.243,-0.0844,2.063,-0.3934,0,0,0,0.412,0.152,0.848,0,0,0.0,3,SEARCH_PHASE,-1.6132,-1.2336
546,61.287,2.7647,-5.5196,31.1423,-1.6112,-1.2334,-0.001,7.589,8.651,32.129,-4.1366,-10.7361,0.2,0.0,0.0,0.0,-1.6433,-1.2421,-0.1324,2.0641,-0.4083,0,0,0,0.413,0.152,0.848,0,0,0.0,3,SEARCH_PHASE,-1.6112,-1.2334
547,61.405,2.7325,-5.5443,31.1413,-1.6099,-1.2329,-0.0486,7.582,8.61,32.117,-4.1366,-10.7361,0.2,0.0,0.0,0.0,-1.6422,-1.2412,-0.1804,2.0664,-0.3924,0,0,0,0.414,0.154,0.846,0,0,0.0,3,SEARCH_PHASE,-1.6099,-1.2329
548,61.523,2.7003,-5.5689,31.1394,-1.6079,-1.2328,-0.0963,7.573,8.57,32.104,-4.1366,-10.7361,0.2,0.0,0.0,0.0,-1.6411,-1.2403,-0.2284,2.0697,-0.4118,0,0,0,0.416,0.155,0.845,0,0,0.0,3,SEARCH_PHASE,-1.6079,-1.2328
549,61.654,2.6682,-5.5936,31.1365,-1.607,-1.2322,-0.1439,7.563,8.529,32.091,-4.1366,-10.7361,0.2,0.0,0.0,0.0,-1.64,-1.2394,-0.2764,2.0742,-0.3962,0,0,0,0.417,0.157,0.843,0,0,0.0,3,SEARCH_PHASE,-1.607,-1.2322
550,61.781,2.6361,-5.6182,31.1327,-1.6052,-1.2322,-0.1922,7.553,8.489,32.076,-4.1366,-10.7361,0.2,0.0,0.0,0.0,-1.639,-1.2385,-0.3244,2.0798,-0.4033,0,0,0,0.419,0.161,0.839,0,0,0.0,3,SEARCH_PHASE,-1.6052,-1.2322
551,61.908,2.604,-5.6428,31.1279,-1.6043,-1.2319,-0.2397,7.542,8.448,32.061,-4.1366,-10.7361,0.2,0.0,0.0,0.0,-1.6379,-1.2376,-0.3724,2.0864,-0.3857,0,0,0,0.42,0.165,0.835,0,0,0.0,3,SEARCH_PHASE,-1.6043,-1.2319
552,62.027,2.5719,-5.6675,31.1222,-1.6024,-1.2317,-0.2872,7.529,8.408,32.045,-4.1366,-10.7361,0.2,0.0,0.0,0.0,-1.6369,-1.2367,-0.4204,2.0942,-0.4044,0,0,0,0.422,0.165,0.835,0,0,0.0,3,SEARCH_PHASE,-1.6024,-1.2317
553,62.145,2.5399,-5.6921,31.1155,-1.6014,-1.2307,-0.3348,7.516,8.368,32.028,-4.1366,-10.7361,0.2,0.0,0.0,0.0,-1.6358,-1.2358,-0.4684,2.103,-0.3867,0,0,0,0.423,0.169,0.831,0,0,0.0,3,SEARCH_PHASE,-1.6014,-1.2307
554,62.261,2.5079,-5.7167,31.1078,-1.5995,-1.23,-0.3824,7.501,8.327,32.01,-4.1366,-10.7361,0.2,0.0,0.0,0.0,-1.6347,-1.2349,-0.5164,2.1128,-0.4054,0,0,0,0.426,0.175,0.825,0,0,0.0,3,SEARCH_PHASE,-1.5995,-1.23
555,62.379,2.4759,-5.7413,31.0992,-1.5984,-1.2288,-0.4301,7.486,8.287,31.991,-4.1366,-10.7361,0.2,0.0,0.0,0.0,-1.6337,-1.234,-0.5644,2.1237,-0.3876,0,0,0,0.429,0.18,0.82,0,0,0.0,3,SEARCH_PHASE,-1.5984,-1.2288
556,62.494,2.444,-5.7658,31.0897,-1.5963,-1.2281,-0.4779,7.47,8.247,31.972,-4.1366,-10.7361,0.2,0.0,0.0,0.0,-1.6326,-1.2331,-0.6124,2.1357,-0.3981,0,0,0,0.432,0.183,0.817,0,0,0.0,3,SEARCH_PHASE,-1.5963,-1.2281
557,62.611,2.4121,-5.7904,31.0791,-1.595,-1.2271,-0.5261,7.453,8.206,31.951,-4.1366,-10.7361,0.2,0.0,0.0,0.0,-1.6316,-1.2322,-0.6604,2.1486,-0.3816,0,0,0,0.432,0.181,0.819,0,0,0.0,3,SEARCH_PHASE,-1.595,-1.2271
558,62.727,2.3803,-5.8149,31.0677,-1.5929,-1.2263,-0.5735,7.435,8.166,31.93,-4.1366,-10.7361,0.2,0.0,0.0,0.0,-1.6305,-1.2313,-0.7084,2.1625,-0.4031,0,0,0,0.433,0.18,0.82,0,0,0.0,3,SEARCH_PHASE,-1.5929,-1.2263
559,62.851,2.3484,-5.8394,31.0552,-1.5922,-1.2248,-0.621,7.416,8.126,31.907,-4.1366,-10.7361,0.2,0.0,0.0,0.0,-1.6295,-1.2304,-0.7564,2.1774,-0.3884,0,0,0,0.434,0.179,0.821,0,0,0.0,3,SEARCH_PHASE,-1.5922,-1.2248
560,62.968,2.3166,-5.8639,31.0419,-1.5906,-1.2236,-0.6685,7.396,8.086,31.884,-4.1366,-10.7361,0.2,0.0,0.0,0.0,-1.6284,-1.2295,-0.8044,2.1933,-0.4095,0,0,0,0.436,0.178,0.822,0,0,0.0,3,SEARCH_PHASE,-1.5906,-1.2236
561,63.085,2.2848,-5.8883,31.0276,-1.5901,-1.2219,-0.7161,7.375,8.046,31.86,-4.1366,-10.7361,0.2,0.0,0.0,0.0,-1.6274,-1.2286,-0.8524,2.2101,-0.3953,0,0,0,0.437,0.179,0.821,0,0,0.0,3,SEARCH_PHASE,-1.5901,-1.2219
562,63.205,2.253,-5.9127,31.0123,-1.5884,-1.2207,-0.7644,7.353,8.006,31.835,-4.1366,-10.7361,0.2,0.0,0.0,0.0,-1.6263,-1.2277,-0.9004,2.2278,-0.4106,0,0,0,0.442,0.188,0.812,0,0,0.0,3,SEARCH_PHASE,-1.5884,-1.2207
563,63.322,2.2213,-5.9371,30.996,-1.5875,-1.2191,-0.8118,7.33,7.966,31.81,-4.1366,-10.7361,0.2,0.0,0.0,0.0,-1.6253,-1.2268,-0.9484,2.2463,-0.3913,0,0,0,0.447,0.192,0.808,0,0,0.0,3,SEARCH_PHASE,-1.5875,-1.2191
564,63.44,2.1896,-5.9615,30.9788,-1.5859,-1.2182,-0.8593,7.306,7.926,31.783,-4.1366,-10.7361,0.2,0.0,0.0,0.0,-1.6243,-1.2259,-0.9964,2.2658,-0.4047,0,0,0,0.451,0.185,0.815,0,0,0.0,3,SEARCH_PHASE,-1.5859,-1.2182
565,63.557,2.1579,-5.9858,30.9607,-1.5855,-1.2169,-0.9075,7.282,7.886,31.755,-4.1366,-10.7361,0.2,0.0,0.0,0.0,-1.6232,-1.225,-1.0444,2.2861,-0.3872,0,0,0,0.452,0.183,0.817,0,0,0.0,3,SEARCH_PHASE,-1.5855,-1.2169
566,63.675,2.1262,-6.0101,30.9416,-1.5842,-1.2163,-0.9548,7.256,7.846,31.727,-4.1366,-10.7361,0.2,0.0,0.0,0.0,-1.6222,-1.2241,-1.0924,2.3072,-0.4079,0,0,0,0.455,0.184,0.816,0,0,0.0,3,SEARCH_PHASE,-1.5842,-1.2163
567,63.793,2.0945,-6.0344,30.9216,-1.5841,-1.2152,-1.0023,7.229,7.806,31.698,-4.1366,-10.7361,0.2,0.0,0.0,0.0,-1.6211,-1.2232,-1.1404,2.3291,-0.3928,0,0,0,0.458,0.187,0.813,0,0,0.0,3,SEARCH_PHASE,-1.5841,-1.2152
568,63.91,2.0628,-6.0587,30.9006,-1.583,-1.2149,-1.0499,7.202,7.766,31.668,-4.1366,-10.7361,0.2,0.0,0.0,0.0,-1.6201,-1.2223,-1.1884,2.3518,-0.399,0,0,0,0.459,0.19,0.81,0,0,0.0,3,SEARCH_PHASE,-1.583,-1.2149
569,64.03,2.0312,-6.083,30.8786,-1.5827,-1.2144,-1.0974,7.173,7.726,31.637,-4.1366,-10.7361,0.2,0.0,0.0,0.0,-1.619,-1.2214,-1.1404,2.3267,-0.3842,0,0,0,0.46,0.194,0.806,0,0,0.0,3,SEARCH_PHASE,-1.5827,-1.2144
570,64.148,1.9995,-6.1073,30.8564,-1.5822,-1.2145,-1.1094,7.144,7.686,31.605,-4.1366,-10.7361,0.2,0.0,0.0,0.0,-1.618,-1.2205,-1.0924,2.3024,-0.4067,0,0,0,0.462,0.193,0.807,0,0,0.0,3,SEARCH_PHASE,-1.5822,-1.2145
571,64.274,1.9679,-6.1316,30.8344,-1.5836,-1.2138,-1.0992,7.116,7.646,31.574,-4.1366,-10.7361,0.2,0.0,0.0,0.0,-1.6169,-1.2196,-1.0444,2.2788,-0.3895,0,0,0,0.464,0.198,0.802,0,0,0.0,3,SEARCH_PHASE,-1.5836,-1.2138
572,64.422,1.9362,-6.1559,30.8129,-1.5833,-1.2137,-1.0753,7.088,7.606,31.544,-4.1366,-10.7361,0.2,0.0,0.0,0.0,-1.6159,-1.2187,-0.9964,2.2559,-0.4124,0,0,0,0.466,0.195,0.805,0,0,0.0,3,SEARCH_PHASE,-1.5833,-1.2137
573,64.617,1.9045,-6.1801,30.7921,-1.5845,-1.2125,-1.0422,7.06,7.567,31.514,-4.1366,-10.7361,0.2,0.0,0.0,0.0,-1.6148,-1.2179,-0.9484,2.2339,-0.3933,0,0,0,0.468,0.198,0.802,0,0,0.0,3,SEARCH_PHASE,-1.5845,-1.2125
574,64.822,1.8728,-6.2044,30.772,-1.5832,-1.2122,-1.004,7.034,7.527,31.485,-4.1366,-10.7361,0.2,0.0,0.0,0.0,-1.6138,-1.217,-0.9004,2.2127,-0.4167,0,0,0,0.472,0.198,0.802,0,0,0.0,3,SEARCH_PHASE,-1.5832,-1.2122
575,65.007,1.8412,-6.2286,30.7528,-1.5831,-1.2109,-0.962,7.008,7.487,31.457,-4.1366,-10.7361,0.2,0.0,0.0,0.0,-1.6128,-1.2161,-0.8524,2.1924,-0.3962,0,0,0,0.474,0.189,0.811,0,0,0.0,3,SEARCH_PHASE,-1.5831,-1.2109
576,65.18,1.8096,-6.2528,30.7344,-1.5801,-1.2108,-0.918,6.983,7.447,31.429,-4.1366,-10.7361,0.2,0.0,0.0,0.0,-1.6117,-1.2152,-0.8044,2.1729,-0.4185,0,0,0,0.477,0.189,0.811,0,0,0.0,3,SEARCH_PHASE,-1.5801,-1.2108
577,65.315,1.778,-6.277,30.7169,-1.5782,-1.2101,-0.8726,6.959,7.407,31.403,-4.1366,-10.7361,0.2,0.0,0.0,0.0,-1.6107,-1.2143,-0.7564,2.1543,-0.3976,0,0,0,0.48,0.194,0.806,0,0,0.0,3,SEARCH_PHASE,-1.5782,-1.2101
578,65.456,1.7465,-6.3012,30.7004,-1.5742,-1.2107,-0.8266,6.936,7.367,31.378,-4.1366,-10.7361,0.2,0.0,0.0,0.0,-1.6096,-1.2134,-0.7084,2.1366,-0.4144,0,0,0,0.483,0.199,0.801,0,0,0.0,3,SEARCH_PHASE,-1.5742,-1.2107
579,65.593,1.7151,-6.3254,30.6848,-1.572,-1.2109,-0.7798,6.914,7.328,31.353,-4.1366,-10.7361,0.2,0.0,0.0,0.0,-1.6086,-1.2125,-0.6604,2.1199,-0.3925,0,0,0,0.485,0.204,0.796,0,0,0.0,3,SEARCH_PHASE,-1.572,-1.2109
580,65.786,1.6837,-6.3497,30.6702,-1.5676,-1.2121,-0.7326,6.893,7.288,31.33,-4.1366,-10.7361,0.2,0.0,0.0,0.0,-1.6076,-1.2116,-0.6124,2.1041,-0.4155,0,0,0,0.488,0.212,0.788,0,0,0.0,3,SEARCH_PHASE,-1.5676,-1.2121
581,65.964,1.6524,-6.3739,30.6565,-1.5649,-1.2124,-0.6853,6.872,7.249,31.307,-4.1366,-10.7361,0.2,0.0,0.0,0.0,-1.6066,-1.2106,-0.5644,2.0893,-0.3935,0,0,0,0.491,0.212,0.788,0,0,0.0,3,SEARCH_PHASE,-1.5649,-1.2124
582,66.156,1.6212,-6.3982,30.6437,-1.5594,-1.2141,-0.6382,6.853,7.209,31.286,-4.1366,-10.7361,0.2,0.0,0.0,0.0,-1.6056,-1.2097,-0.5164,2.0756,-0.3974,0,0,0,0.492,0.216,0.784,0,0,0.0,3,SEARCH_PHASE,-1.5594,-1.2141
583,66.352,1.5901,-6.4225,30.6319,-1.5554,-1.2151,-0.5906,6.835,7.17,31.265,-4.1366,-10.7361,0.2,0.0,0.0,0.0,-1.6047,-1.2087,-0.4684,2.0628,-0.3806,0,0,0,0.492,0.211,0.789,0,0,0.0,3,SEARCH_PHASE,-1.5554,-1.2151
584,66.529,1.5591,-6.4468,30.621,-1.551,-1.2158,-0.5428,6.817,7.13,31.245,-4.1366,-10.7361,0.2,0.0,0.0,0.0,-1.6037,-1.2077,-0.4204,2.0511,-0.4049,0,0,0,0.494,0.213,0.787,0,0,0.0,3,SEARCH_PHASE,-1.551,-1.2158
585,66.672,1.5281,-6.4711,30.6111,-1.55,-1.2147,-0.4951,6.801,7.091,31.227,-4.1366,-10.7361,0.2,0.0,0.0,0.0,-1.6028,-1.2067,-0.3724,2.0405,-0.3829,0,0,0,0.495,0.213,0.787,0,0,0.0,3,SEARCH_PHASE,-1.55,-1.2147
586,66.795,1.4972,-6.4954,30.6022,-1.5481,-1.214,-0.4473,6.786,7.051,31.209,-4.1366,-10.7361,0.2,0.0,0.0,0.0,-1.6018,-1.2057,-0.3244,2.031,-0.4071,0,0,0,0.497,0.216,0.784,0,0,0.0,3,SEARCH_PHASE,-1.5481,-1.214
587,66.912,1.4662,-6.5196,30.5942,-1.5492,-1.2119,-0.3997,6.771,7.012,31.193,-4.1366,-10.7361,0.2,0.0,0.0,0.0,-1.6009,-1.2047,-0.2764,2.0225,-0.3854,0,0,0,0.498,0.217,0.783,0,0,0.0,3,SEARCH_PHASE,-1.5492,-1.2119
588,67.027,1.4352,-6.5438,30.5871,-1.5489,-1.2105,-0.3519,6.757,6.973,31.177,-4.1366,-10.7361,0.2,0.0,0.0,0.0,-1.5999,-1.2038,-0.2284,2.0152,-0.4096,0,0,0,0.501,0.222,0.778,0,0,0.0,3,SEARCH_PHASE,-1.5489,-1.2105
589,67.144,1.4042,-6.568,30.5811,-1.5513,-1.208,-0.3043,6.745,6.933,31.162,-4.1366,-10.7361,0.2,0.0,0.0,0.0,-1.5989,-1.2028,-0.1804,2.009,-0.3881,0,0,0,0.502,0.224,0.776,0,0,0.0,3,SEARCH_PHASE,-1.5513,-1.208
590,67.27,1.3731,-6.5921,30.5759,-1.5518,-1.2066,-0.2566,6.733,6.894,31.148,-4.1366,-10.7361,0.2,0.0,0.0,0.0,-1.598,-1.2019,-0.1324,2.0039,-0.4124,0,0,0,0.505,0.229,0.771,0,0,0.0,3,SEARCH_PHASE,-1.5518,-1.2066
591,67.398,1.342,-6.6162,30.5718,-1.5546,-1.2043,-0.209,6.723,6.855,31.136,-4.1366,-10.7361,0.2,0.0,0.0,0.0,-1.597,-1.2009,-0.0844,1.9999,-0.3911,0,0,0,0.506,0.232,0.768,0,0,0.0,3,SEARCH_PHASE,-1.5546,-1.2043
592,67.521,1.3109,-6.6403,30.5685,-1.555,-1.2034,-0.1613,6.713,6.816,31.124,-4.1366,-10.7361,0.2,0.0,0.0,0.0,-1.596,-1.2,-0.0364,1.9971,-0.4156,0,0,0,0.508,0.231,0.769,0,0,0.0,3,SEARCH_PHASE,-1.555,-1.2034
593,67.638,1.2798,-6.6643,30.5663,-1.5573,-1.202,-0.1136,6.704,6.776,31.113,-4.1366,-10.7361,0.2,0.0,0.0,0.0,-1.595,-1.199,0.0116,1.9955,-0.3944,0,0,0,0.51,0.23,0.77,0,0,0.0,3,SEARCH_PHASE,-1.5573,-1.202
594,67.754,1.2487,-6.6884,30.5649,-1.5569,-1.2024,-0.0661,6.696,6.737,31.103,-4.1366,-10.7361,0.2,0.0,0.0,0.0,-1.594,-1.1981,0.0596,1.995,-0.3937,0,0,0,0.51,0.233,0.767,0,0,0.0,3,SEARCH_PHASE,-1.5569,-1.2024
595,67.871,1.2175,-6.7124,30.5646,-1.5579,-1.2025,-0.0184,6.689,6.698,31.094,-4.1366,-10.7361,0.2,0.0,0.0,0.0,-1.593,-1.1972,0.1076,1.9956,-0.3764,0,0,0,0.51,0.237,0.763,0,0,0.0,3,SEARCH_PHASE,-1.5579,-1.2025
596,67.985,1.1864,-6.7365,30.5651,-1.5568,-1.202,0.0294,6.684,6.658,31.087,-4.1366,-10.7361,0.2,0.0,0.0,0.0,-1.592,-1.1962,0.1556,1.9974,-0.4013,0,0,0,0.511,0.232,0.768,0,0,0.0,3,SEARCH_PHASE,-1.5568,-1.202
597,68.099,1.1552,-6.7604,30.5667,-1.5575,-1.1995,0.0771,6.679,6.619,31.08,-4.1366,-10.7361,0.2,0.0,0.0,0.0,-1.591,-1.1953,0.2036,2.0004,-0.3801,0,0,0,0.51,0.237,0.763,0,0,0.0,3,SEARCH_PHASE,-1.5575,-1.1995
598,68.214,1.1241,-6.7844,30.5692,-1.5556,-1.1972,0.1247,6.675,6.58,31.074,-4.1366,-10.7361,0.2,0.0,0.0,0.0,-1.59,-1.1944,0.2516,2.0045,-0.4078,0,0,0,0.512,0.232,0.768,0,0,0.0,3,SEARCH_PHASE,-1.5556,-1.1972
599,68.328,1.093,-6.8083,30.5726,-1.5551,-1.1932,0.1725,6.672,6.54,31.069,-4.1366,-10.7361,0.2,0.0,0.0,0.0,-1.589,-1.1935,0.2996,2.0098,-0.3865,0,0,0,0.512,0.238,0.762,0,0,0.0,3,SEARCH_PHASE,-1.5551,-1.1932
600,68.442,1.0619,-6.8321,30.577,-1.5525,-1.1899,0.2202,6.67,6.501,31.065,-4.1366,-10.7361,0.2,0.0,0.0,0.0,-1.588,-1.1926,0.3476,2.0162,-0.4117,0,0,0,0.513,0.229,0.771,0,0,0.0,3,SEARCH_PHASE,-1.5525,-1.1899
601,68.556,1.0309,-6.8558,30.5824,-1.552,-1.1855,0.2679,6.669,6.462,31.062,-4.1366,-10.7361,0.2,0.0,0.0,0.0,-1.587,-1.1917,0.3956,2.0237,-0.3907,0,0,0,0.514,0.236,0.764,0,0,0.0,3,SEARCH_PHASE,-1.552,-1.1855
602,68.669,0.9999,-6.8794,30.5887,-1.5489,-1.1822,0.3156,6.668,6.423,31.06,-4.1366,-10.7361,0.2,0.0,0.0,0.0,-1.586,-1.1908,0.4436,2.0323,-0.4163,0,0,0,0.516,0.233,0.767,0,0,0.0,3,SEARCH_PHASE,-1.5489,-1.1822
603,68.781,0.969,-6.903,30.596,-1.5475,-1.178,0.3633,6.669,6.384,31.059,-4.1366,-10.7361,0.2,0.0,0.0,0.0,-1.585,-1.19,0.4916,2.042,-0.3954,0,0,0,0.516,0.235,0.765,0,0,0.0,3,SEARCH_PHASE,-1.5475,-1.178
604,68.896,0.9381,-6.9265,30.6042,-1.5432,-1.1752,0.4108,6.671,6.346,31.059,-4.1366,-10.7361,0.2,0.0,0.0,0.0,-1.584,-1.1891,0.5396,2.0528,-0.426,0,0,0,0.519,0.237,0.763,0,0,0.0,3,SEARCH_PHASE,-1.5432,-1.1752
605,69.009,0.9073,-6.9499,30.6134,-1.5402,-1.172,0.4586,6.674,6.307,31.06,-4.1366,-10.7361,0.2,0.0,0.0,0.0,-1.583,-1.1882,0.5876,2.0647,-0.405,0,0,0,0.52,0.235,0.765,0,0,0.0,3,SEARCH_PHASE,-1.5402,-1.172
606,69.123,0.8766,-6.9733,30.6235,-1.5359,-1.171,0.5056,6.678,6.268,31.062,-4.1366,-10.7361,0.2,0.0,0.0,0.0,-1.5819,-1.1874,0.6356,2.0776,-0.4088,0,0,0,0.523,0.232,0.768,0,0,0.0,3,SEARCH_PHASE,-1.5359,-1.171
607,69.24,0.8459,-6.9967,30.6345,-1.5343,-1.1704,0.5532,6.682,6.23,31.066,-4.1366,-10.7361,0.2,0.0,0.0,0.0,-1.5809,-1.1865,0.6836,2.0915,-0.3865,0,0,0,0.521,0.228,0.772,0,0,0.0,3,SEARCH_PHASE,-1.5343,-1.1704
608,69.354,0.8153,-7.0202,30.6466,-1.5317,-1.1708,0.6013,6.688,6.191,31.07,-4.1366,-10.7361,0.2,0.0,0.0,0.0,-1.5799,-1.1856,0.7316,2.1064,-0.4138,0,0,0,0.522,0.234,0.766,0,0,0.0,3,SEARCH_PHASE,-1.5317,-1.1708
609,69.47,0.7846,-7.0436,30.6595,-1.5326,-1.17,0.6491,6.695,6.153,31.075,-4.1366,-10.7361,0.2,0.0,0.0,0.0,-1.5789,-1.1847,0.7796,2.1224,-0.3949,0,0,0,0.521,0.237,0.763,0,0,0.0,3,SEARCH_PHASE,-1.5326,-1.17
610,69.583,0.754,-7.067,30.6735,-1.5322,-1.1704,0.6963,6.702,6.114,31.081,-4.1366,-10.7361,0.2,0.0,0.0,0.0,-1.578,-1.1838,0.8276,2.1392,-0.4143,0,0,0,0.523,0.234,0.766,0,0,0.0,3,SEARCH_PHASE,-1.5322,-1.1704
611,69.697,0.7233,-7.0904,30.6884,-1.5349,-1.1699,0.7443,6.711,6.075,31.088,-4.1366,-10.7361,0.2,0.0,0.0,0.0,-1.5769,-1.183,0.8756,2.1571,-0.3897,0,0,0,0.524,0.232,0.768,0,0,0.0,3,SEARCH_PHASE,-1.5349,-1.1699
612,69.811,0.6926,-7.1138,30.7042,-1.5362,-1.1707,0.7921,6.72,6.037,31.096,-4.1366,-10.7361,0.2,0.0,0.0,0.0,-1.5759,-1.1821,0.9236,2.1758,-0.4107,0,0,0,0.526,0.236,0.764,0,0,0.0,3,SEARCH_PHASE,-1.5362,-1.1707
613,69.924,0.6617,-7.1372,30.721,-1.5404,-1.1708,0.8395,6.731,5.998,31.105,-4.1366,-10.7361,0.2,0.0,0.0,0.0,-1.5749,-1.1812,0.9716,2.1954,-0.3862,0,0,0,0.527,0.241,0.759,0,0,0.0,3,SEARCH_PHASE,-1.5404,-1.1708
614,70.038,0.6309,-7.1606,30.7387,-1.5428,-1.1725,0.8873,6.742,5.959,31.115,-4.1366,-10.7361,0.2,0.0,0.0,0.0,-1.5739,-1.1804,1.0196,2.2159,-0.4092,0,0,0,0.529,0.247,0.753,0,0,0.0,3,SEARCH_PHASE,-1.5428,-1.1725
615,70.152,0.5999,-7.1841,30.7574,-1.5477,-1.1737,0.9347,6.755,5.92,31.126,-4.1366,-10.7361,0.2,0.0,0.0,0.0,-1.5729,-1.1795,1.0676,2.2372,-0.3853,0,0,0,0.529,0.247,0.753,0,0,0.0,3,SEARCH_PHASE,-1.5477,-1.1737
616,70.265,0.5689,-7.2076,30.7771,-1.5504,-1.1767,0.9822,6.768,5.882,31.138,-4.1366,-10.7361,0.2,0.0,0.0,0.0,-1.5719,-1.1787,1.1156,2.2593,-0.3886,0,0,0,0.529,0.247,0.753,0,0,0.0,3,SEARCH_PHASE,-1.5504,-1.1767
617,70.379,0.5378,-7.2312,30.7977,-1.5553,-1.1796,1.0299,6.782,5.842,31.15,-4.1366,-10.7361,0.2,0.0,0.0,0.0,-1.5708,-1.1778,1.1636,2.2822,-0.3696,0,0,0,0.525,0.235,0.765,0,0,0.0,3,SEARCH_PHASE,-1.5553,-1.1796
618,70.493,0.5067,-7.2549,30.8192,-1.5584,-1.1825,1.0775,6.797,5.803,31.164,-4.1366,-10.7361,0.2,0.0,0.0,0.0,-1.5698,-1.1769,1.1156,2.257,-0.3928,0,0,0,0.524,0.233,0.767,0,0,0.0,3,SEARCH_PHASE,-1.5584,-1.1825
619,70.607,0.4754,-7.2785,30.841,-1.5629,-1.1824,1.0886,6.813,5.764,31.178,-4.1366,-10.7361,0.2,0.0,0.0,0.0,-1.5688,-1.1761,1.0676,2.2325,-0.3832,0,0,0,0.522,0.232,0.768,0,0,0.0,3,SEARCH_PHASE,-1.5629,-1.1824
620,70.724,0.4441,-7.3022,30.8626,-1.5655,-1.1819,1.0788,6.828,5.725,31.192,-4.1366,-10.7361,0.2,0.0,0.0,0.0,-1.5677,-1.1752,1.0196,2.2087,-0.4075,0,0,0,0.522,0.232,0.768,0,0,0.0,3,SEARCH_PHASE,-1.5655,-1.1819
621,70.837,0.4127,-7.3258,30.8837,-1.5676,-1.1802,1.0549,6.842,5.686,31.206,-4.1366,-10.7361,0.2,0.0,0.0,0.0,-1.5666,-1.1744,0.9716,2.1858,-0.3936,0,0,0,0.52,0.243,0.757,0,0,0.0,3,SEARCH_PHASE,-1.5676,-1.1802
622,70.951,0.3814,-7.3494,30.9041,-1.5668,-1.1789,1.0221,6.856,5.646,31.219,-4.1366,-10.7361,0.2,0.0,0.0,0.0,-1.5656,-1.1736,0.9236,2.1636,-0.4143,0,0,0,0.523,0.233,0.767,0,0,0.0,3,SEARCH_PHASE,-1.5668,-1.1789
623,71.067,0.3501,-7.3729,30.9238,-1.5656,-1.1769,0.9834,6.87,5.607,31.231,-4.1366,-10.7361,0.2,0.0,0.0,0.0,-1.5645,-1.1727,0.8756,2.1424,-0.3807,0,0,0,0.523,0.236,0.764,0,0,0.0,3,SEARCH_PHASE,-1.5656,-1.1769
624,71.182,0.3188,-7.3964,30.9426,-1.5637,-1.1757,0.9419,6.882,5.568,31.243,-4.1366,-10.7361,0.2,0.0,0.0,0.0,-1.5634,-1.1719,0.8276,2.122,-0.41,0,0,0,0.525,0.238,0.762,0,0,0.0,3,SEARCH_PHASE,-1.5637,-1.1757
625,71.296,0.2876,-7.4199,30.9606,-1.5614,-1.1736,0.8975,6.894,5.529,31.254,-4.1366,-10.7361,0.2,0.0,0.0,0.0,-1.5624,-1.1711,0.7796,2.1024,-0.3742,0,0,0,0.524,0.238,0.762,0,0,0.0,3,SEARCH_PHASE,-1.5614,-1.1736
626,71.409,0.2564,-7.4433,30.9776,-1.5595,-1.1725,0.8526,6.907,5.49,31.263,-4.1366,-10.7361,0.2,0.0,0.0,0.0,-1.5613,-1.1703,0.7316,2.0839,-0.4066,0,0,0,0.524,0.239,0.761,0,0,0.0,3,SEARCH_PHASE,-1.5595,-1.1725
627,71.523,0.2253,-7.4667,30.9938,-1.557,-1.1704,0.8066,6.919,5.451,31.273,-4.1366,-10.7361,0.2,0.0,0.0,0.0,-1.5603,-1.1695,0.6836,2.0662,-0.3692,0,0,0,0.523,0.243,0.757,0,0,0.0,3,SEARCH_PHASE,-1.557,-1.1704
628,71.642,0.1942,-7.4901,31.009,-1.555,-1.1691,0.7601,6.929,5.412,31.281,-4.1366,-10.7361,0.2,0.0,0.0,0.0,-1.5592,-1.1686,0.6356,2.0496,-0.4013,0,0,0,0.524,0.239,0.761,0,0,0.0,3,SEARCH_PHASE,-1.555,-1.1691
629,71.76,0.1631,-7.5134,31.0232,-1.5523,-1.1665,0.713,6.939,5.373,31.288,-4.1366,-10.7361,0.2,0.0,0.0,0.0,-1.5581,-1.1678,0.5876,2.0339,-0.3644,0,0,0,0.522,0.242,0.758,0,0,0.0,3,SEARCH_PHASE,-1.5523,-1.1665
630,71.872,0.1321,-7.5367,31.0365,-1.5499,-1.1644,0.6659,6.948,5.335,31.295,-4.1366,-10.7361,0.2,0.0,0.0,0.0,-1.5571,-1.167,0.5396,2.0193,-0.3965,0,0,0,0.522,0.241,0.759,0,0,0.0,3,SEARCH_PHASE,-1.5499,-1.1644
631,71.99,0.1012,-7.5599,31.0489,-1.5466,-1.1606,0.6176,6.956,5.296,31.3,-4.1366,-10.7361,0.2,0.0,0.0,0.0,-1.556,-1.1662,0.4916,2.0057,-0.3909,0,0,0,0.522,0.242,0.758,0,0,0.0,3,SEARCH_PHASE,-1.5466,-1.1606
632,72.102,0.0703,-7.5831,31.0603,-1.5436,-1.1572,0.5703,6.963,5.257,31.305,-4.1366,-10.7361,0.2,0.0,0.0,0.0,-1.555,-1.1654,0.4436,1.9932,-0.411,0,0,0,0.523,0.244,0.756,0,0,0.0,3,SEARCH_PHASE,-1.5436,-1.1572
633,72.215,0.0395,-7.6062,31.0708,-1.5404,-1.1536,0.523,6.969,5.219,31.309,-4.1366,-10.7361,0.2,0.0,0.0,0.0,-1.5539,-1.1646,0.3956,1.9818,-0.3818,0,0,0,0.522,0.241,0.759,0,0,0.0,3,SEARCH_PHASE,-1.5404,-1.1536
634,72.328,0.0087,-7.6292,31.0803,-1.5382,-1.151,0.4756,6.974,5.18,31.312,-4.1366,-10.7361,0.2,0.0,0.0,0.0,-1.5528,-1.1638,0.3476,1.9715,-0.4163,0,0,0,0.523,0.238,0.762,0,0,0.0,3,SEARCH_PHASE,-1.5382,-1.151
635,72.44,-0.022,-7.6521,31.0888,-1.536,-1.1474,0.428,6.979,5.142,31.314,-4.1366,-10.7361,0.2,0.0,0.0,0.0,-1.5518,-1.1631,0.2996,1.9623,-0.3855,0,0,0,0.522,0.239,0.761,0,0,0.0,3,SEARCH_PHASE,-1.536,-1.1474
636,72.552,-0.0527,-7.675,31.0964,-1.5345,-1.1449,0.3805,6.982,5.104,31.315,-4.1366,-10.7361,0.2,0.0,0.0,0.0,-1.5507,-1.1623,0.2516,1.9542,-0.42,0,0,0,0.523,0.237,0.763,0,0,0.0,3,SEARCH_PHASE,-1.5345,-1.1449
637,72.664,-0.0833,-7.6979,31.1031,-1.5328,-1.1413,0.3328,6.983,5.066,31.316,-4.1366,-10.7361,0.2,0.0,0.0,0.0,-1.5496,-1.1616,0.2036,1.9473,-0.3922,0,0,0,0.522,0.241,0.759,0,0,0.0,3,SEARCH_PHASE,-1.5328,-1.1413
638,72.778,-0.114,-7.7206,31.1088,-1.5318,-1.1388,0.2845,6.984,5.027,31.315,-4.1366,-10.7361,0.2,0.0,0.0,0.0,-1.5485,-1.1608,0.1556,1.9416,-0.4252,0,0,0,0.526,0.244,0.756,0,0,0.0,3,SEARCH_PHASE,-1.5318,-1.1388
639,72.89,-0.1446,-7.7433,31.1135,-1.5302,-1.1355,0.2372,6.983,4.989,31.314,-4.1366,-10.7361,0.2,0.0,0.0,0.0,-1.5474,-1.1601,0.1076,1.937,-0.385,0,0,0,0.527,0.244,0.756,0,0,0.0,3,SEARCH_PHASE,-1.5302,-1.1355
640,73.003,-0.1752,-7.766,31.1173,-1.5291,-1.1335,0.1897,6.982,4.951,31.311,-4.1366,-10.7361,0.2,0.0,0.0,0.0,-1.5464,-1.1594,0.0596,1.9336,-0.4144,0,0,0,0.529,0.245,0.755,0,0,0.0,3,SEARCH_PHASE,-1.5291,-1.1335
641,73.117,-0.2057,-7.7886,31.1202,-1.5275,-1.1306,0.1421,6.979,4.913,31.308,-4.1366,-10.7361,0.2,0.0,0.0,0.0,-1.5453,-1.1587,0.0116,1.9314,-0.3766,0,0,0,0.529,0.252,0.748,0,0,0.0,3,SEARCH_PHASE,-1.5275,-1.1306
642,73.23,-0.2362,-7.8112,31.122,-1.5262,-1.1287,0.0945,6.976,4.875,31.304,-4.1366,-10.7361,0.2,0.0,0.0,0.0,-1.5441,-1.1579,-0.0364,1.9304,-0.4056,0,0,0,0.532,0.259,0.741,0,0,0.0,3,SEARCH_PHASE,-1.5262,-1.1287
643,73.342,-0.2667,-7.8337,31.123,-1.5242,-1.1258,0.046,6.972,4.837,31.299,-4.1366,-10.7361,0.2,0.0,0.0,0.0,-1.543,-1.1573,-0.0844,1.9306,-0.3889,0,0,0,0.532,0.26,0.74,0,0,0.0,3,SEARCH_PHASE,-1.5242,-1.1258
644,73.455,-0.2972,-7.8562,31.1229,-1.5225,-1.1237,-0.0014,6.967,4.8,31.293,-4.1366,-10.7361,0.2,0.0,0.0,0.0,-1.5419,-1.1566,-0.1324,1.932,-0.4231,0,0,0,0.535,0.261,0.739,0,0,0.0,3,SEARCH_PHASE,-1.5225,-1.1237
645,73.567,-0.3276,-7.8786,31.122,-1.5205,-1.1214,-0.0488,6.961,4.762,31.286,-4.1366,-10.7361,0.2,0.0,0.0,0.0,-1.5408,-1.1559,-0.1804,1.9346,-0.3883,0,0,0,0.535,0.262,0.738,0,0,0.0,3,SEARCH_PHASE,-1.5205,-1.1214
646,73.684,-0.358,-7.901,31.12,-1.5194,-1.1209,-0.0963,6.949,4.724,31.279,-4.1366,-10.7361,0.2,0.0,0.0,0.0,-1.5397,-1.1552,-0.2284,1.9384,-0.4224,0,0,1,0.538,0.263,0.737,0,0,0.0,3,SEARCH_PHASE,-1.5194,-1.1209
647,73.797,-0.3883,-7.9234,31.1159,-1.5171,-1.1191,-0.2087,6.933,4.686,31.269,-4.1366,-10.7361,0.2,0.0,0.0,0.0,-1.5386,-1.1545,-0.2764,1.9433,-0.4265,0,0,1,0.54,0.264,0.736,0,0,0.0,3,SEARCH_PHASE,-1.5171,-1.1191
648,73.91,-0.4186,-7.9458,31.1094,-1.5152,-1.1182,-0.3208,6.916,4.649,31.257,-4.1366,-10.7361,0.2,0.0,0.0,0.0,-1.5375,-1.1539,-0.3244,1.9495,-0.4306,0,0,1,0.543,0.264,0.736,0,0,0.0,3,SEARCH_PHASE,-1.5152,-1.1182
649,74.024,-0.4489,-7.9682,31.1013,-1.5141,-1.1187,-0.409,6.897,4.611,31.243,-4.1366,-10.7361,0.2,0.0,0.0,0.0,-1.5364,-1.1532,-0.3724,1.9568,-0.4009,0,0,1,0.544,0.265,0.735,0,0,0.0,3,SEARCH_PHASE,-1.5141,-1.1187
650,74.138,-0.4792,-7.9906,31.092,-1.5144,-1.1215,-0.4647,6.877,4.573,31.229,-4.1366,-10.7361,0.2,0.0,0.0,0.0,-1.5353,-1.1525,-0.4204,1.9652,-0.3688,0,0,1,0.542,0.258,0.742,0,0,0.0,3,SEARCH_PHASE,-1.5144,-1.1215
651,74.251,-0.5095,-8.0131,31.082,-1.515,-1.1247,-0.4972,6.856,4.536,31.213,-4.1366,-10.7361,0.2,0.0,0.0,0.0,-1.5342,-1.1518,-0.4684,1.9748,-0.3397,0,0,1,0.536,0.254,0.746,0,0,0.0,3,SEARCH_PHASE,-1.515,-1.1247
652,74.366,-0.5398,-8.0356,31.0717,-1.5146,-1.1254,-0.5147,6.834,4.498,31.198,-4.1366,-10.7361,0.2,0.0,0.0,0.0,-1.5331,-1.151,-0.5164,1.9854,-0.3632,0,0,1,0.53,0.251,0.749,0,0,0.0,3,SEARCH_PHASE,-1.5146,-1.1254
653,74.481,-0.57,-8.058,31.0613,-1.5118,-1.1205,-0.5214,6.813,4.46,31.182,-4.1366,-10.7361,0.2,0.0,0.0,0.0,-1.532,-1.1503,-0.5644,1.9972,-0.3534,0,0,1,0.525,0.249,0.751,0,0,0.0,3,SEARCH_PHASE,-1.5118,-1.1205
654,74.597,-0.6001,-8.0802,31.0509,-1.5035,-1.1107,-0.5209,6.791,4.423,31.166,-4.1366,-10.7361,0.2,0.0,0.0,0.0,-1.5309,-1.1497,-0.6124,2.0101,-0.3764,0,0,1,0.52,0.251,0.749,0,0,0.0,3,SEARCH_PHASE,-1.5035,-1.1107
655,74.715,-0.6298,-8.1021,31.0406,-1.4873,-1.0948,-0.5164,6.77,4.386,31.151,-4.1366,-10.7361,0.2,0.0,0.0,0.0,-1.5298,-1.149,-0.6604,2.024,-0.3633,0,0,1,0.514,0.239,0.761,0,0,0.0,3,SEARCH_PHASE,-1.4873,-1.0948
656,74.831,-0.659,-8.1236,31.0303,-1.46,-1.0738,-0.5121,6.749,4.35,31.136,-4.1366,-10.7361,0.2,0.0,0.0,0.0,-1.5287,-1.1484,-0.7084,2.039,-0.4,0,0,1,0.515,0.244,0.756,0,0,0.0,3,SEARCH_PHASE,-1.46,-1.0738
657,74.946,-0.6875,-8.1445,31.0201,-1.4254,-1.0469,-0.511,6.729,4.314,31.121,-4.1366,-10.7361,0.2,0.0,0.0,0.0,-1.5276,-1.1478,-0.7564,2.0551,-0.3699,0,0,1,0.512,0.246,0.754,0,0,0.0,3,SEARCH_PHASE,-1.4254,-1.0469
658,75.061,-0.7152,-8.1649,31.0099,-1.3845,-1.0175,-0.5109,6.709,4.28,31.106,-4.1366,-10.7361,0.2,0.0,0.0,0.0,-1.5266,-1.1472,-0.8044,2.0721,-0.4143,0,0,1,0.512,0.241,0.759,0,0,0.0,3,SEARCH_PHASE,-1.3845,-1.0175
659,75.177,-0.742,-8.1845,30.9996,-1.3381,-0.9835,-0.5139,6.689,4.247,31.091,-4.1366,-10.7361,0.2,0.0,0.0,0.0,-1.5256,-1.1467,-0.8524,2.0902,-0.3926,0,0,1,0.509,0.238,0.762,0,0,0.0,3,SEARCH_PHASE,-1.3381,-0.9835
660,75.292,-0.7677,-8.2035,30.9892,-1.2879,-0.9483,-0.5201,6.669,4.215,31.076,-4.1366,-10.7361,0.2,0.0,0.0,0.0,-1.5246,-1.1461,-0.9004,2.1092,-0.4188,0,0,1,0.512,0.244,0.756,0,0,0.0,3,SEARCH_PHASE,-1.2879,-0.9483
661,75.409,-0.7925,-8.2217,30.9787,-1.2365,-0.9103,-0.5272,6.65,4.184,31.062,-4.1366,-10.7361,0.2,0.0,0.0,0.0,-1.5237,-1.1456,-0.9484,2.1292,-0.4446,0,0,1,0.518,0.241,0.759,0,0,0.0,3,SEARCH_PHASE,-1.2365,-0.9103
662,75.524,-0.8161,-8.2392,30.968,-1.1839,-0.8724,-0.535,6.63,4.155,31.047,-4.1366,-10.7361,0.2,0.0,0.0,0.0,-1.5228,-1.1451,-0.9964,2.1501,-0.4138,0,0,1,0.519,0.243,0.757,0,0,0.0,3,SEARCH_PHASE,-1.1839,-0.8724
663,75.641,-0.8388,-8.2559,30.9571,-1.1312,-0.8361,-0.5435,6.611,4.126,31.033,-4.1366,-10.7361,0.2,0.0,0.0,0.0,-1.522,-1.1446,-1.0444,2.1719,-0.4402,0,0,1,0.524,0.254,0.746,0,0,0.0,3,SEARCH_PHASE,-1.1312,-0.8361
664,75.757,-0.8604,-8.2719,30.9461,-1.0803,-0.7997,-0.5513,6.592,4.1,31.018,-4.1366,-10.7361,0.2,0.0,0.0,0.0,-1.5212,-1.1441,-1.0924,2.1946,-0.4346,0,0,1,0.527,0.256,0.744,0,0,0.0,3,SEARCH_PHASE,-1.0803,-0.7997
665,75.872,-0.881,-8.2872,30.9349,-1.0302,-0.7651,-0.5579,6.574,4.074,31.004,-4.1366,-10.7361,0.2,0.0,0.0,0.0,-1.5204,-1.1437,-1.1404,2.2181,-0.4435,0,0,1,0.534,0.26,0.74,0,0,0.0,3,SEARCH_PHASE,-1.0302,-0.7651
666,75.99,-0.9006,-8.3018,30.9237,-0.9834,-0.7321,-0.5624,6.555,4.049,30.989,-4.1366,-10.7361,0.2,0.0,0.0,0.0,-1.5197,-1.1432,-1.1884,2.2425,-0.4346,0,0,1,0.537,0.258,0.742,0,0,0.0,3,SEARCH_PHASE,-0.9834,-0.7321
667,76.109,-0.9194,-8.3159,30.9123,-0.9375,-0.7023,-0.5661,6.537,4.026,30.975,-4.1366,-10.7361,0.2,0.0,0.0,0.0,-1.5191,-1.1427,-1.2364,2.2676,-0.4564,0,0,1,0.545,0.271,0.729,0,0,0.0,3,SEARCH_PHASE,-0.9375,-0.7023
668,76.224,-0.9373,-8.3293,30.901,-0.8959,-0.6741,-0.568,6.519,4.003,30.961,-4.1366,-10.7361,0.2,0.0,0.0,0.0,-1.5184,-1.1423,-1.2844,2.2935,-0.4304,0,0,1,0.548,0.275,0.725,0,0,0.0,3,SEARCH_PHASE,-0.8959,-0.6741
669,76.338,-0.9545,-8.3424,30.8896,-0.8592,-0.6504,-0.5682,6.501,3.982,30.947,-4.1366,-10.7361,0.2,0.0,0.0,0.0,-1.5184,-1.1422,-1.3324,2.3206,-0.4583,0,0,1,0.556,0.271,0.729,0,0,0.0,3,SEARCH_PHASE,-0.8592,-0.6504
670,76.454,-0.971,-8.3549,30.8783,-0.8258,-0.6286,-0.5672,6.484,3.961,30.933,-4.1366,-10.7361,0.2,0.0,0.0,0.0,-1.5184,-1.1421,-1.3804,2.3485,-0.4269,0,0,1,0.56,0.277,0.723,0,0,0.0,3,SEARCH_PHASE,-0.8258,-0.6286
671,76.566,-0.987,-8.3672,30.867,-0.7974,-0.6121,-0.5654,6.466,3.941,30.919,-4.1366,-10.7361,0.2,0.0,0.0,0.0,-1.5185,-1.1421,-1.4284,2.377,-0.4517,0,0,1,0.567,0.281,0.719,0,0,0.0,3,SEARCH_PHASE,-0.7974,-0.6121
672,76.679,-1.0024,-8.3791,30.8557,-0.7726,-0.5978,-0.5626,6.449,3.922,30.906,-4.1366,-10.7361,0.2,0.0,0.0,0.0,-1.5185,-1.142,-1.4764,2.4062,-0.419,0,0,1,0.569,0.282,0.718,0,0,0.0,3,SEARCH_PHASE,-0.7726,-0.5978
673,76.792,-1.0175,-8.3909,30.8445,-0.7532,-0.5887,-0.5596,6.432,3.902,30.892,-4.1366,-10.7361,0.2,0.0,0.0,0.0,-1.5186,-1.1418,-1.5,2.4207,-0.4401,0,0,1,0.575,0.293,0.707,0,0,0.0,3,SEARCH_PHASE,-0.7532,-0.5887
674,76.905,-1.0322,-8.4025,30.8334,-0.7376,-0.5817,-0.556,6.416,3.884,30.879,-4.1366,-10.7361,0.2,0.0,0.0,0.0,-1.5188,-1.1416,-1.5,2.4207,-0.4062,0,0,1,0.578,0.296,0.704,0,0,0.0,3,SEARCH_PHASE,-0.7376,-0.5817
675,77.018,-1.0468,-8.4141,30.8223,-0.7279,-0.5792,-0.5531,6.399,3.865,30.865,-4.1366,-10.7361,0.2,0.0,0.0,0.0,-1.5189,-1.1414,-1.5,2.4207,-0.4409,0,0,1,0.582,0.299,0.701,0,0,0.0,3,SEARCH_PHASE,-0.7279,-0.5792
676,77.131,-1.0612,-8.4257,30.8113,-0.7224,-0.5784,-0.5497,6.382,3.847,30.852,-4.1366,-10.7361,0.2,0.0,0.0,0.0,-1.5191,-1.1412,-1.5,2.4207,-0.3977,0,0,1,0.583,0.304,0.696,0,0,0.0,3,SEARCH_PHASE,-0.7224,-0.5784
677,77.243,-1.0757,-8.4373,30.8004,-0.7214,-0.5817,-0.5472,6.366,3.828,30.839,-4.1366,-10.7361,0.2,0.0,0.0,0.0,-1.5193,-1.141,-1.5,2.4207,-0.4281,0,0,1,0.587,0.3,0.7,0,0,0.0,3,SEARCH_PHASE,-0.7214,-0.5817
678,77.355,-1.0901,-8.449,30.7895,-0.7234,-0.5858,-0.5449,6.349,3.809,30.826,-4.1366,-10.7361,0.2,0.0,0.0,0.0,-1.5195,-1.1407,-1.5,2.4207,-0.3862,0,0,1,0.588,0.306,0.694,0,0,0.0,3,SEARCH_PHASE,-0.7234,-0.5858
679,77.47,-1.1047,-8.4609,30.7786,-0.7299,-0.593,-0.5436,6.332,3.791,30.813,-4.1366,-10.7361,0.2,0.0,0.0,0.0,-1.5197,-1.1404,-1.5,2.4207,-0.417,0,0,1,0.59,0.309,0.691,0,0,0.0,3,SEARCH_PHASE,-0.7299,-0.593
680,77.582,-1.1195,-8.4729,30.7678,-0.7392,-0.6,-0.5425,6.316,3.772,30.8,-4.1366,-10.7361,0.2,0.0,0.0,0.0,-1.5199,-1.1401,-1.5,2.4207,-0.3766,0,0,1,0.591,0.31,0.69,0,0,0.0,3,SEARCH_PHASE,-0.7392,-0.6
681,77.695,-1.1345,-8.4851,30.7569,-0.751,-0.6093,-0.5422,6.299,3.752,30.786,-4.1366,-10.7361,0.2,0.0,0.0,0.0,-1.5201,-1.1398,-1.5,2.4207,-0.4116,0,0,1,0.593,0.307,0.693,0,0,0.0,3,SEARCH_PHASE,-0.751,-0.6093
682,77.809,-1.1498,-8.4974,30.7461,-0.7636,-0.6175,-0.5421,6.282,3.733,30.773,-4.1366,-10.7361,0.2,0.0,0.0,0.0,-1.5204,-1.1395,-1.5,2.4207,-0.3716,0,0,1,0.594,0.312,0.688,0,0,0.0,3,SEARCH_PHASE,-0.7636,-0.6175
683,77.926,-1.1654,-8.51,30.7352,-0.7785,-0.6275,-0.5425,6.265,3.713,30.76,-4.1366,-10.7361,0.2,0.0,0.0,0.0,-1.5206,-1.1392,-1.5,2.4207,-0.4058,0,0,1,0.595,0.304,0.696,0,0,0.0,3,SEARCH_PHASE,-0.7785,-0.6275
684,78.042,-1.1813,-8.5227,30.7244,-0.7941,-0.6361,-0.5429,6.248,3.692,30.747,-4.1366,-10.7361,0.2,0.0,0.0,0.0,-1.5208,-1.139,-1.5,2.4207,-0.3663,0,0,1,0.596,0.303,0.697,0,0,0.0,3,SEARCH_PHASE,-0.7941,-0.6361
685,78.155,-1.1975,-8.5356,30.7135,-0.8117,-0.6461,-0.5439,6.231,3.672,30.734,-4.1366,-10.7361,0.2,0.0,0.0,0.0,-1.521,-1.1387,-1.5,2.4207,-0.392,0,0,1,0.597,0.304,0.696,0,0,0.0,3,SEARCH_PHASE,-0.8117,-0.6461
686,78.268,-1.2141,-8.5487,30.7026,-0.8299,-0.6543,-0.5453,6.214,3.65,30.72,-4.1366,-10.7361,0.2,0.0,0.0,0.0,-1.5211,-1.1385,-1.5,2.4207,-0.3659,0,0,1,0.596,0.305,0.695,0,0,0.0,3,SEARCH_PHASE,-0.8299,-0.6543
687,78.381,-1.231,-8.562,30.6917,-0.8473,-0.6629,-0.5465,6.196,3.629,30.707,-4.1366,-10.7361,0.2,0.0,0.0,0.0,-1.5213,-1.1383,-1.5,2.4207,-0.3931,0,0,1,0.596,0.303,0.697,0,0,0.0,3,SEARCH_PHASE,-0.8473,-0.6629
688,78.493,-1.2483,-8.5754,30.6807,-0.8648,-0.6695,-0.5467,6.179,3.607,30.693,-4.1366,-10.7361,0.2,0.0,0.0,0.0,-1.5214,-1.1381,-1.5,2.4207,-0.3796,0,0,1,0.597,0.302,0.698,0,0,0.0,3,SEARCH_PHASE,-0.8648,-0.6695
689,78.605,-1.2659,-8.5889,30.6698,-0.8803,-0.6761,-0.5469,6.161,3.585,30.68,-4.1366,-10.7361,0.2,0.0,0.0,0.0,-1.5215,-1.138,-1.5,2.4207,-0.4007,0,0,1,0.598,0.301,0.699,0,0,0.0,3,SEARCH_PHASE,-0.8803,-0.6761
690,78.718,-1.2839,-8.6025,30.6589,-0.8964,-0.6812,-0.5471,6.144,3.562,30.666,-4.1366,-10.7361,0.2,0.0,0.0,0.0,-1.5215,-1.138,-1.5,2.4207,-0.3853,0,0,1,0.598,0.301,0.699,0,0,0.0,3,SEARCH_PHASE,-0.8964,-0.6812
691,78.833,-1.3021,-8.6162,30.6479,-0.9101,-0.6867,-0.5472,6.126,3.54,30.653,-4.1366,-10.7361,0.2,0.0,0.0,0.0,-1.5216,-1.1379,-1.5,2.4207,-0.4065,0,0,1,0.6,0.305,0.695,0,0,0.0,3,SEARCH_PHASE,-0.9101,-0.6867
692,78.95,-1.3206,-8.6301,30.637,-0.9242,-0.6911,-0.5474,6.108,3.516,30.639,-4.1366,-10.7361,0.2,0.0,0.0,0.0,-1.5216,-1.1379,-1.5,2.4207,-0.3912,0,0,1,0.6,0.307,0.693,0,0,0.0,3,SEARCH_PHASE,-0.9242,-0.6911
693,79.064,-1.3393,-8.644,30.626,-0.9355,-0.6959,-0.5476,6.09,3.493,30.626,-4.1366,-10.7361,0.2,0.0,0.0,0.0,-1.5215,-1.1379,-1.5,2.4207,-0.4119,0,0,1,0.602,0.309,0.691,0,0,0.0,3,SEARCH_PHASE,-0.9355,-0.6959
694,79.181,-1.3582,-8.658,30.6151,-0.9468,-0.6999,-0.5475,6.072,3.47,30.612,-4.1366,-10.7361,0.2,0.0,0.0,0.0,-1.5215,-1.138,-1.5,2.4207,-0.3957,0,0,1,0.603,0.311,0.689,0,0,0.0,3,SEARCH_PHASE,-0.9468,-0.6999
695,79.301,-1.3773,-8.6721,30.6041,-0.9551,-0.7046,-0.5479,6.055,3.446,30.599,-4.1366,-10.7361,0.2,0.0,0.0,0.0,-1.5214,-1.1381,-1.5,2.4207,-0.396,0,0,1,0.604,0.314,0.686,0,0,0.0,3,SEARCH_PHASE,-0.9551,-0.7046
696,79.414,-1.3966,-8.6862,30.5932,-0.9631,-0.7086,-0.5474,6.037,3.422,30.585,-4.1366,-10.7361,0.2,0.0,0.0,0.0,-1.5214,-1.1381,-1.5,2.4207,-0.3769,0,0,1,0.604,0.315,0.685,0,0,0.0,3,SEARCH_PHASE,-0.9631,-0.7086
697,79.525,-1.4159,-8.7005,30.5822,-0.9684,-0.712,-0.5469,6.019,3.398,30.572,-4.1366,-10.7361,0.2,0.0,0.0,0.0,-1.5213,-1.1382,-1.5,2.4207,-0.3964,0,0,1,0.605,0.318,0.682,0,0,0.0,3,SEARCH_PHASE,-0.9684,-0.712
698,79.638,-1.4354,-8.7148,30.5713,-0.9738,-0.7134,-0.5466,6.001,3.374,30.558,-4.1366,-10.7361,0.2,0.0,0.0,0.0,-1.5212,-1.1383,-1.5,2.4207,-0.3771,0,0,1,0.605,0.319,0.681,0,0,0.0,3,SEARCH_PHASE,-0.9738,-0.7134
699,79.758,-1.4549,-8.729,30.5604,-0.976,-0.7144,-0.5461,5.983,3.35,30.545,-4.1366,-10.7361,0.2,0.0,0.0,0.0,-1.5211,-1.1385,-1.5,2.4207,-0.3982,0,0,1,0.607,0.318,0.682,0,0,0.0,3,SEARCH_PHASE,-0.976,-0.7144
700,79.872,-1.4745,-8.7433,30.5494,-0.9781,-0.7137,-0.5455,5.965,3.325,30.531,-4.1366,-10.7361,0.2,0.0,0.0,0.0,-1.521,-1.1386,-1.5,2.4207,-0.3787,0,0,1,0.607,0.319,0.681,0,0,0.0,3,SEARCH_PHASE,-0.9781,-0.7137
701,79.995,-1.494,-8.7576,30.5385,-0.9767,-0.7128,-0.5453,5.947,3.301,30.518,-4.1366,-10.7361,0.2,0.0,0.0,0.0,-1.5209,-1.1387,-1.5,2.4207,-0.4052,0,0,1,0.609,0.316,0.684,0,0,0.0,3,SEARCH_PHASE,-0.9767,-0.7128
702,80.11,-1.5135,-8.7718,30.5276,-0.9748,-0.7104,-0.5449,5.929,3.277,30.504,-4.1366,-10.7361,0.2,0.0,0.0,0.0,-1.5208,-1.1389,-1.5,2.4207,-0.385,0,0,1,0.61,0.318,0.682,0,0,0.0,3,SEARCH_PHASE,-0.9748,-0.7104
703,80.231,-1.5329,-8.7859,30.5168,-0.9705,-0.7086,-0.5446,5.911,3.253,30.491,-4.1366,-10.7361,0.2,0.0,0.0,0.0,-1.5207,-1.139,-1.5,2.4207,-0.4076,0,0,1,0.612,0.321,0.679,0,0,0.0,3,SEARCH_PHASE,-0.9705,-0.7086
704,80.351,-1.5523,-8.8001,30.5059,-0.9667,-0.7058,-0.5445,5.893,3.229,30.477,-4.1366,-10.7361,0.2,0.0,0.0,0.0,-1.5206,-1.1392,-1.5,2.4207,-0.3872,0,0,1,0.613,0.318,0.682,0,0,0.0,3,SEARCH_PHASE,-0.9667,-0.7058
705,80.47,-1.5715,-8.8141,30.495,-0.9602,-0.7038,-0.5445,5.876,3.205,30.464,-4.1366,-10.7361,0.2,0.0,0.0,0.0,-1.5205,-1.1393,-1.5,2.4207,-0.414,0,0,1,0.616,0.324,0.676,0,0,0.0,3,SEARCH_PHASE,-0.9602,-0.7038
706,80.598,-1.5905,-8.8282,30.4841,-0.9539,-0.7011,-0.5445,5.858,3.182,30.451,-4.1366,-10.7361,0.2,0.0,0.0,0.0,-1.5205,-1.1394,-1.5,2.4207,-0.3932,0,0,1,0.617,0.326,0.674,0,0,0.0,3,SEARCH_PHASE,-0.9539,-0.7011
707,80.735,-1.6095,-8.8422,30.4732,-0.9457,-0.6998,-0.5447,5.84,3.158,30.437,-4.1366,-10.7361,0.2,0.0,0.0,0.0,-1.5204,-1.1394,-1.5,2.4207,-0.4009,0,0,1,0.618,0.328,0.672,0,0,0.0,3,SEARCH_PHASE,-0.9457,-0.6998
708,80.852,-1.6282,-8.8561,30.4623,-0.9384,-0.6982,-0.5447,5.822,3.135,30.424,-4.1366,-10.7361,0.2,0.0,0.0,0.0,-1.5204,-1.1395,-1.5,2.4207,-0.3801,0,0,1,0.619,0.328,0.672,0,0,0.0,3,SEARCH_PHASE,-0.9384,-0.6982
709,80.968,-1.6468,-8.8701,30.4514,-0.9295,-0.697,-0.5449,5.804,3.111,30.411,-4.1366,-10.7361,0.2,0.0,0.0,0.0,-1.5204,-1.1395,-1.5,2.4207,-0.4086,0,0,1,0.621,0.33,0.67,0,0,0.0,3,SEARCH_PHASE,-0.9295,-0.697
710,81.096,-1.6652,-8.884,30.4405,-0.9217,-0.6945,-0.5449,5.787,3.088,30.398,-4.1366,-10.7361,0.2,0.0,0.0,0.0,-1.5204,-1.1394,-1.5,2.4207,-0.3877,0,0,1,0.621,0.331,0.669,0,0,0.0,3,SEARCH_PHASE,-0.9217,-0.6945
711,81.214,-1.6835,-8.8978,30.4296,-0.9132,-0.6928,-0.5449,5.769,3.065,30.385,-4.1366,-10.7361,0.2,0.0,0.0,0.0,-1.5205,-1.1394,-1.5,2.4207,-0.4117,0,0,1,0.623,0.334,0.666,0,0,0.0,3,SEARCH_PHASE,-0.9132,-0.6928
712,81.33,-1.7017,-8.9116,30.4187,-0.907,-0.6906,-0.545,5.751,3.043,30.371,-4.1366,-10.7361,0.2,0.0,0.0,0.0,-1.5205,-1.1393,-1.5,2.4207,-0.3912,0,0,1,0.624,0.335,0.665,0,0,0.0,3,SEARCH_PHASE,-0.907,-0.6906
713,81.451,-1.7196,-8.9254,30.4078,-0.8998,-0.6894,-0.545,5.734,3.02,30.358,-4.1366,-10.7361,0.2,0.0,0.0,0.0,-1.5206,-1.1392,-1.5,2.4207,-0.4151,0,0,1,0.627,0.339,0.661,0,0,0.0,3,SEARCH_PHASE,-0.8998,-0.6894
714,81.571,-1.7375,-8.9392,30.3969,-0.8945,-0.6879,-0.545,5.716,2.997,30.345,-4.1366,-10.7361,0.2,0.0,0.0,0.0,-1.5207,-1.139,-1.5,2.4207,-0.395,0,0,1,0.628,0.337,0.663,0,0,0.0,3,SEARCH_PHASE,-0.8945,-0.6879
715,81.692,-1.7553,-8.9529,30.386,-0.8878,-0.6877,-0.5452,5.698,2.975,30.332,-4.1366,-10.7361,0.2,0.0,0.0,0.0,-1.5209,-1.1388,-1.5,2.4207,-0.4017,0,0,1,0.629,0.341,0.659,0,0,0.0,3,SEARCH_PHASE,-0.8878,-0.6877
716,81.813,-1.773,-8.9667,30.3751,-0.8827,-0.6874,-0.5451,5.681,2.953,30.319,-4.1366,-10.7361,0.2,0.0,0.0,0.0,-1.521,-1.1386,-1.5,2.4207,-0.3818,0,0,1,0.629,0.339,0.661,0,0,0.0,3,SEARCH_PHASE,-0.8827,-0.6874
717,81.943,-1.7905,-8.9804,30.3642,-0.8771,-0.6873,-0.545,5.663,2.93,30.306,-4.1366,-10.7361,0.2,0.0,0.0,0.0,-1.5212,-1.1384,-1.5,2.4207,-0.4056,0,0,1,0.63,0.34,0.66,0,0,0.0,3,SEARCH_PHASE,-0.8771,-0.6873
718,82.066,-1.808,-8.9941,30.3533,-0.8738,-0.6859,-0.545,5.646,2.908,30.293,-4.1366,-10.7361,0.2,0.0,0.0,0.0,-1.5214,-1.1381,-1.5,2.4207,-0.3862,0,0,1,0.63,0.338,0.662,0,0,0.0,3,SEARCH_PHASE,-0.8738,-0.6859
719,82.181,-1.8254,-9.0078,30.3424,-0.8696,-0.6848,-0.5449,5.628,2.886,30.28,-4.1366,-10.7361,0.2,0.0,0.0,0.0,-1.5216,-1.1378,-1.5,2.4207,-0.4113,0,0,1,0.632,0.34,0.66,0,0,0.0,3,SEARCH_PHASE,-0.8696,-0.6848
720,82.303,-1.8427,-9.0215,30.3315,-0.8674,-0.6828,-0.5449,5.61,2.864,30.267,-4.1366,-10.7361,0.2,0.0,0.0,0.0,-1.5219,-1.1375,-1.5,2.4207,-0.3924,0,0,1,0.633,0.345,0.655,0,0,0.0,3,SEARCH_PHASE,-0.8674,-0.6828
721,82.441,-1.86,-9.0351,30.3206,-0.8645,-0.6815,-0.5447,5.593,2.842,30.254,-4.1366,-10.7361,0.2,0.0,0.0,0.0,-1.5221,-1.1372,-1.5,2.4207,-0.4157,0,0,1,0.634,0.339,0.661,0,0,0.0,3,SEARCH_PHASE,-0.8645,-0.6815
722,82.555,-1.8773,-9.0487,30.3097,-0.8637,-0.6795,-0.5447,5.575,2.82,30.241,-4.1366,-10.7361,0.2,0.0,0.0,0.0,-1.5223,-1.1369,-1.5,2.4207,-0.3973,0,0,1,0.635,0.345,0.655,0,0,0.0,3,SEARCH_PHASE,-0.8637,-0.6795
723,82.668,-1.8945,-9.0623,30.2988,-0.8617,-0.6785,-0.5452,5.558,2.798,30.229,-4.1366,-10.7361,0.2,0.0,0.0,0.0,-1.5225,-1.1366,-1.5,2.4207,-0.4179,0,0,1,0.638,0.341,0.659,0,0,0.0,3,SEARCH_PHASE,-0.8617,-0.6785
724,82.781,-1.9117,-9.0758,30.2879,-0.8615,-0.6771,-0.545,5.54,2.776,30.216,-4.1366,-10.7361,0.2,0.0,0.0,0.0,-1.5228,-1.1363,-1.5,2.4207,-0.3967,0,0,1,0.639,0.342,0.658,0,0,0.0,3,SEARCH_PHASE,-0.8615,-0.6771
725,82.893,-1.9289,-9.0894,30.277,-0.8603,-0.677,-0.5448,5.523,2.754,30.203,-4.1366,-10.7361,0.2,0.0,0.0,0.0,-1.523,-1.136,-1.5,2.4207,-0.4134,0,0,1,0.642,0.347,0.653,0,0,0.0,3,SEARCH_PHASE,-0.8603,-0.677
726,83.005,-1.9462,-9.1029,30.2661,-0.861,-0.6767,-0.5447,5.505,2.732,30.19,-4.1366,-10.7361,0.2,0.0,0.0,0.0,-1.5232,-1.1357,-1.5,2.4207,-0.3921,0,0,1,0.643,0.348,0.652,0,0,0.0,3,SEARCH_PHASE,-0.861,-0.6767
727,83.119,-1.9634,-9.1164,30.2552,-0.8605,-0.6776,-0.5446,5.488,2.71,30.177,-4.1366,-10.7361,0.2,0.0,0.0,0.0,-1.5235,-1.1354,-1.5,2.4207,-0.4042,0,0,1,0.646,0.355,0.645,0,0,0.0,3,SEARCH_PHASE,-0.8605,-0.6776
728,83.231,-1.9806,-9.13,30.2443,-0.8616,-0.6782,-0.5448,5.47,2.688,30.164,-4.1366,-10.7361,0.2,0.0,0.0,0.0,-1.5237,-1.135,-1.5,2.4207,-0.3833,0,0,1,0.647,0.352,0.648,0,0,0.0,3,SEARCH_PHASE,-0.8616,-0.6782
729,83.344,-1.9978,-9.1436,30.2334,-0.8615,-0.6795,-0.5447,5.453,2.667,30.152,-4.1366,-10.7361,0.2,0.0,0.0,0.0,-1.524,-1.1347,-1.5,2.4207,-0.4064,0,0,1,0.649,0.36,0.64,0,0,0.0,3,SEARCH_PHASE,-0.8615,-0.6795
730,83.456,-2.0151,-9.1572,30.2225,-0.863,-0.6801,-0.5446,5.435,2.645,30.139,-4.1366,-10.7361,0.2,0.0,0.0,0.0,-1.5242,-1.1344,-1.5,2.4207,-0.3858,0,0,1,0.651,0.359,0.641,0,0,0.0,3,SEARCH_PHASE,-0.863,-0.6801
731,83.568,-2.0324,-9.1708,30.2117,-0.8632,-0.6816,-0.5446,5.418,2.623,30.126,-4.1366,-10.7361,0.2,0.0,0.0,0.0,-1.5245,-1.134,-1.5,2.4207,-0.4017,0,0,1,0.653,0.362,0.638,0,0,0.0,3,SEARCH_PHASE,-0.8632,-0.6816
732,83.681,-2.0497,-9.1845,30.2008,-0.865,-0.6826,-0.5448,5.4,2.601,30.113,-4.1366,-10.7361,0.2,0.0,0.0,0.0,-1.5248,-1.1336,-1.5,2.4207,-0.3815,0,0,1,0.653,0.363,0.637,0,0,0.0,3,SEARCH_PHASE,-0.865,-0.6826
733,83.794,-2.067,-9.1982,30.1899,-0.8653,-0.6844,-0.5447,5.383,2.578,30.101,-4.1366,-10.7361,0.2,0.0,0.0,0.0,-1.5251,-1.1332,-1.5,2.4207,-0.4059,0,0,1,0.655,0.366,0.634,0,0,0.0,3,SEARCH_PHASE,-0.8653,-0.6844
734,83.906,-2.0843,-9.2119,30.179,-0.8671,-0.6854,-0.5446,5.365,2.556,30.088,-4.1366,-10.7361,0.2,0.0,0.0,0.0,-1.5253,-1.1328,-1.5,2.4207,-0.3863,0,0,1,0.656,0.363,0.637,0,0,0.0,3,SEARCH_PHASE,-0.8671,-0.6854
735,84.018,-2.1017,-9.2256,30.1681,-0.8675,-0.6874,-0.5447,5.347,2.534,30.075,-4.1366,-10.7361,0.2,0.0,0.0,0.0,-1.5257,-1.1324,-1.5,2.4207,-0.3941,0,0,1,0.657,0.367,0.633,0,0,0.0,3,SEARCH_PHASE,-0.8675,-0.6874
736,84.133,-2.119,-9.2394,30.1572,-0.8693,-0.6889,-0.545,5.33,2.512,30.062,-4.1366,-10.7361,0.2,0.0,0.0,0.0,-1.526,-1.132,-1.5,2.4207,-0.3756,0,0,1,0.657,0.364,0.636,0,0,0.0,3,SEARCH_PHASE,-0.8693,-0.6889
737,84.245,-2.1364,-9.2532,30.1463,-0.8699,-0.6904,-0.5448,5.312,2.49,30.05,-4.1366,-10.7361,0.2,0.0,0.0,0.0,-1.5263,-1.1315,-1.5,2.4207,-0.4006,0,0,1,0.658,0.366,0.634,0,0,0.0,3,SEARCH_PHASE,-0.8699,-0.6904
738,84.357,-2.1539,-9.267,30.1354,-0.872,-0.6903,-0.5447,5.295,2.468,30.037,-4.1366,-10.7361,0.2,0.0,0.0,0.0,-1.5266,-1.1311,-1.5,2.4207,-0.3833,0,0,1,0.658,0.367,0.633,0,0,0.0,3,SEARCH_PHASE,-0.872,-0.6903
739,84.469,-2.1713,-9.2808,30.1245,-0.8727,-0.6905,-0.5446,5.277,2.445,30.024,-4.1366,-10.7361,0.2,0.0,0.0,0.0,-1.527,-1.1307,-1.5,2.4207,-0.4103,0,0,1,0.659,0.373,0.627,0,0,0.0,3,SEARCH_PHASE,-0.8727,-0.6905
740,84.581,-2.1888,-9.2946,30.1136,-0.8747,-0.6894,-0.5446,5.259,2.423,30.012,-4.1366,-10.7361,0.2,0.0,0.0,0.0,-1.5273,-1.1303,-1.5,2.4207,-0.3936,0,0,1,0.659,0.37,0.63,0,0,0.0,3,SEARCH_PHASE,-0.8747,-0.6894
741,84.693,-2.2063,-9.3084,30.1027,-0.8756,-0.6889,-0.5452,5.242,2.401,29.999,-4.1366,-10.7361,0.2,0.0,0.0,0.0,-1.5276,-1.1298,-1.5,2.4207,-0.4127,0,0,1,0.662,0.375,0.625,0,0,0.0,3,SEARCH_PHASE,-0.8756,-0.6889
742,84.806,-2.2239,-9.3222,30.0918,-0.8784,-0.6876,-0.5449,5.224,2.379,29.986,-4.1366,-10.7361,0.2,0.0,0.0,0.0,-1.5279,-1.1294,-1.5,2.4207,-0.3921,0,0,1,0.663,0.372,0.628,0,0,0.0,3,SEARCH_PHASE,-0.8784,-0.6876
743,84.918,-2.2415,-9.3359,30.0809,-0.88,-0.6871,-0.5447,5.206,2.356,29.974,-4.1366,-10.7361,0.2,0.0,0.0,0.0,-1.5281,-1.1291,-1.5,2.4207,-0.4123,0,0,1,0.665,0.374,0.626,0,0,0.0,3,SEARCH_PHASE,-0.88,-0.6871
744,85.031,-2.2592,-9.3496,30.07,-0.8832,-0.686,-0.5446,5.189,2.334,29.961,-4.1366,-10.7361,0.2,0.0,0.0,0.0,-1.5284,-1.1287,-1.5,2.4207,-0.3916,0,0,1,0.666,0.371,0.629,0,0,0.0,3,SEARCH_PHASE,-0.8832,-0.686
745,85.147,-2.2769,-9.3633,30.0591,-0.8848,-0.6858,-0.5446,5.171,2.312,29.948,-4.1366,-10.7361,0.2,0.0,0.0,0.0,-1.5287,-1.1284,-1.5,2.4207,-0.4096,0,0,1,0.668,0.372,0.628,0,0,0.0,3,SEARCH_PHASE,-0.8848,-0.6858
746,85.259,-2.2946,-9.377,30.0482,-0.8878,-0.6852,-0.5446,5.154,2.289,29.936,-4.1366,-10.7361,0.2,0.0,0.0,0.0,-1.5289,-1.128,-1.5,2.4207,-0.3886,0,0,1,0.669,0.375,0.625,0,0,0.0,3,SEARCH_PHASE,-0.8878,-0.6852
747,85.372,-2.3124,-9.3907,30.0373,-0.8889,-0.6856,-0.5446,5.136,2.267,29.923,-4.1366,-10.7361,0.2,0.0,0.0,0.0,-1.5291,-1.1277,-1.5,2.4207,-0.3997,0,0,1,0.671,0.373,0.627,0,0,0.0,3,SEARCH_PHASE,-0.8889,-0.6856
748,85.484,-2.3302,-9.4045,30.0264,-0.891,-0.6856,-0.5453,5.118,2.244,29.911,-4.1366,-10.7361,0.2,0.0,0.0,0.0,-1.5294,-1.1274,-1.5,2.4207,-0.3807,0,0,1,0.671,0.376,0.624,0,0,0.0,3,SEARCH_PHASE,-0.891,-0.6856
749,85.6,-2.3481,-9.4182,30.0155,-0.8914,-0.686,-0.545,5.101,2.222,29.898,-4.1366,-10.7361,0.2,0.0,0.0,0.0,-1.5296,-1.1271,-1.5,2.4207,-0.407,0,0,1,0.672,0.38,0.62,0,0,0.0,3,SEARCH_PHASE,-0.8914,-0.686
750,85.714,-2.3659,-9.4319,30.0046,-0.8929,-0.6853,-0.5448,5.083,2.199,29.886,-4.1366,-10.7361,0.2,0.0,0.0,0.0,-1.5298,-1.1268,-1.5,2.4207,-0.3904,0,0,1,0.673,0.379,0.621,0,0,0.0,3,SEARCH_PHASE,-0.8929,-0.6853
751,85.828,-2.3838,-9.4456,29.9937,-0.8925,-0.6852,-0.5454,5.066,2.177,29.873,-4.1366,-10.7361,0.2,0.0,0.0,0.0,-1.5301,-1.1265,-1.5,2.4207,-0.4153,0,0,1,0.675,0.381,0.619,0,0,0.0,3,SEARCH_PHASE,-0.8925,-0.6852
752,85.94,-2.4016,-9.4593,29.9828,-0.8932,-0.6842,-0.5451,5.048,2.154,29.861,-4.1366,-10.7361,0.2,0.0,0.0,0.0,-1.5303,-1.1262,-1.5,2.4207,-0.3964,0,0,1,0.676,0.379,0.621,0,0,0.0,3,SEARCH_PHASE,-0.8932,-0.6842
753,86.051,-2.4195,-9.473,29.9719,-0.8926,-0.6843,-0.5448,5.03,2.132,29.848,-4.1366,-10.7361,0.2,0.0,0.0,0.0,-1.5305,-1.1258,-1.5,2.4207,-0.419,0,0,1,0.678,0.377,0.623,0,0,0.0,3,SEARCH_PHASE,-0.8926,-0.6843
754,86.165,-2.4374,-9.4866,29.961,-0.8936,-0.6839,-0.5447,5.013,2.109,29.836,-4.1366,-10.7361,0.2,0.0,0.0,0.0,-1.5307,-1.1255,-1.5,2.4207,-0.4003,0,0,1,0.679,0.374,0.626,0,0,0.0,3,SEARCH_PHASE,-0.8936,-0.6839
755,86.278,-2.4552,-9.5003,29.9501,-0.893,-0.6847,-0.5453,4.995,2.087,29.823,-4.1366,-10.7361,0.2,0.0,0.0,0.0,-1.531,-1.1252,-1.5,2.4207,-0.3991,0,0,1,0.68,0.38,0.62,0,0,0.0,3,SEARCH_PHASE,-0.893,-0.6847
756,86.392,-2.4731,-9.514,29.9392,-0.8936,-0.6854,-0.5453,4.978,2.064,29.811,-4.1366,-10.7361,0.2,0.0,0.0,0.0,-1.5312,-1.1249,-1.5,2.4207,-0.381,0,0,1,0.681,0.379,0.621,0,0,0.0,3,SEARCH_PHASE,-0.8936,-0.6854
757,86.504,-2.4909,-9.5277,29.9283,-0.893,-0.6857,-0.545,4.96,2.042,29.798,-4.1366,-10.7361,0.2,0.0,0.0,0.0,-1.5315,-1.1245,-1.5,2.4207,-0.4025,0,0,1,0.682,0.382,0.618,0,0,0.0,3,SEARCH_PHASE,-0.893,-0.6857
758,86.617,-2.5088,-9.5414,29.9174,-0.894,-0.6845,-0.5448,4.942,2.019,29.786,-4.1366,-10.7361,0.2,0.0,0.0,0.0,-1.5318,-1.1242,-1.5,2.4207,-0.3822,0,0,1,0.683,0.384,0.616,0,0,0.0,3,SEARCH_PHASE,-0.894,-0.6845
759,86.73,-2.5267,-9.5551,29.9065,-0.8934,-0.6834,-0.5447,4.925,1.997,29.774,-4.1366,-10.7361,0.2,0.0,0.0,0.0,-1.532,-1.1238,-1.5,2.4207,-0.4041,0,0,1,0.685,0.39,0.61,0,0,0.0,3,SEARCH_PHASE,-0.8934,-0.6834
760,86.844,-2.5446,-9.5687,29.8956,-0.894,-0.6809,-0.5447,4.907,1.974,29.761,-4.1366,-10.7361,0.2,0.0,0.0,0.0,-1.5322,-1.1235,-1.5,2.4207,-0.3837,0,0,1,0.686,0.395,0.605,0,0,0.0,3,SEARCH_PHASE,-0.894,-0.6809
761,86.957,-2.5624,-9.5823,29.8848,-0.8926,-0.6789,-0.5446,4.89,1.952,29.749,-4.1366,-10.7361,0.2,0.0,0.0,0.0,-1.5325,-1.1232,-1.5,2.4207,-0.406,0,0,1,0.688,0.393,0.607,0,0,0.0,3,SEARCH_PHASE,-0.8926,-0.6789
762,87.07,-2.5803,-9.5958,29.8739,-0.8922,-0.6757,-0.5445,4.872,1.929,29.737,-4.1366,-10.7361,0.2,0.0,0.0,0.0,-1.5327,-1.1229,-1.5,2.4207,-0.3855,0,0,1,0.688,0.392,0.608,0,0,0.0,3,SEARCH_PHASE,-0.8922,-0.6757
763,87.186,-2.5981,-9.6093,29.863,-0.8894,-0.6732,-0.5445,4.855,1.907,29.724,-4.1366,-10.7361,0.2,0.0,0.0,0.0,-1.5329,-1.1226,-1.5,2.4207,-0.4038,0,0,1,0.69,0.397,0.603,0,0,0.0,3,SEARCH_PHASE,-0.8894,-0.6732
764,87.298,-2.6158,-9.6227,29.8521,-0.8873,-0.6698,-0.5444,4.837,1.885,29.712,-4.1366,-10.7361,0.2,0.0,0.0,0.0,-1.5331,-1.1224,-1.5,2.4207,-0.383,0,0,1,0.69,0.396,0.604,0,0,0.0,3,SEARCH_PHASE,-0.8873,-0.6698
765,87.41,-2.6335,-9.636,29.8412,-0.8826,-0.667,-0.5444,4.82,1.863,29.7,-4.1366,-10.7361,0.2,0.0,0.0,0.0,-1.5333,-1.1221,-1.5,2.4207,-0.3997,0,0,1,0.692,0.398,0.602,0,0,0.0,3,SEARCH_PHASE,-0.8826,-0.667
766,87.523,-2.651,-9.6493,29.8303,-0.8783,-0.6632,-0.5444,4.802,1.841,29.687,-4.1366,-10.7361,0.2,0.0,0.0,0.0,-1.5335,-1.1218,-1.5,2.4207,-0.3792,0,0,1,0.692,0.398,0.602,0,0,0.0,3,SEARCH_PHASE,-0.8783,-0.6632
767,87.636,-2.6684,-9.6625,29.8194,-0.8714,-0.6597,-0.5443,4.785,1.819,29.675,-4.1366,-10.7361,0.2,0.0,0.0,0.0,-1.5337,-1.1215,-1.5,2.4207,-0.4038,0,0,1,0.694,0.406,0.594,0,0,0.0,3,SEARCH_PHASE,-0.8714,-0.6597
768,87.748,-2.6857,-9.6756,29.8085,-0.8647,-0.6549,-0.5441,4.768,1.797,29.663,-4.1366,-10.7361,0.2,0.0,0.0,0.0,-1.5339,-1.1212,-1.5,2.4207,-0.3832,0,0,1,0.694,0.402,0.598,0,0,0.0,3,SEARCH_PHASE,-0.8647,-0.6549
769,87.861,-2.7028,-9.6886,29.7977,-0.8552,-0.6505,-0.5444,4.75,1.776,29.651,-4.1366,-10.7361,0.2,0.0,0.0,0.0,-1.5342,-1.1208,-1.5,2.4207,-0.3958,0,0,1,0.695,0.405,0.595,0,0,0.0,3,SEARCH_PHASE,-0.8552,-0.6505
770,87.974,-2.7198,-9.7015,29.7868,-0.8456,-0.6452,-0.5442,4.733,1.754,29.639,-4.1366,-10.7361,0.2,0.0,0.0,0.0,-1.5345,-1.1205,-1.5,2.4207,-0.3749,0,0,1,0.695,0.405,0.595,0,0,0.0,3,SEARCH_PHASE,-0.8456,-0.6452
771,88.086,-2.7365,-9.7143,29.7759,-0.8349,-0.6395,-0.5441,4.716,1.733,29.627,-4.1366,-10.7361,0.2,0.0,0.0,0.0,-1.5348,-1.12,-1.5,2.4207,-0.4003,0,0,1,0.696,0.409,0.591,0,0,0.0,3,SEARCH_PHASE,-0.8349,-0.6395
772,88.199,-2.753,-9.7269,29.765,-0.8261,-0.632,-0.5441,4.699,1.713,29.615,-4.1366,-10.7361,0.2,0.0,0.0,0.0,-1.5351,-1.1196,-1.5,2.4207,-0.3799,0,0,1,0.695,0.404,0.596,0,0,0.0,3,SEARCH_PHASE,-0.8261,-0.632
773,88.311,-2.7693,-9.7394,29.7541,-0.8159,-0.6244,-0.544,4.682,1.692,29.603,-4.1366,-10.7361,0.2,0.0,0.0,0.0,-1.5354,-1.1192,-1.5,2.4207,-0.405,0,0,1,0.697,0.409,0.591,0,0,0.0,3,SEARCH_PHASE,-0.8159,-0.6244
774,88.426,-2.7854,-9.7517,29.7432,-0.8072,-0.6153,-0.544,4.665,1.672,29.591,-4.1366,-10.7361,0.2,0.0,0.0,0.0,-1.5357,-1.1188,-1.5,2.4207,-0.3849,0,0,1,0.697,0.404,0.596,0,0,0.0,3,SEARCH_PHASE,-0.8072,-0.6153
775,88.538,-2.8014,-9.7638,29.7324,-0.7967,-0.6063,-0.5441,4.648,1.652,29.579,-4.1366,-10.7361,0.2,0.0,0.0,0.0,-1.536,-1.1184,-1.5,2.4207,-0.41,0,0,1,0.698,0.41,0.59,0,0,0.0,3,SEARCH_PHASE,-0.7967,-0.6063
776,88.652,-2.8171,-9.7758,29.7215,-0.7875,-0.596,-0.5442,4.632,1.632,29.567,-4.1366,-10.7361,0.2,0.0,0.0,0.0,-1.5362,-1.1181,-1.5,2.4207,-0.3901,0,0,1,0.698,0.409,0.591,0,0,0.0,3,SEARCH_PHASE,-0.7875,-0.596
777,88.765,-2.8326,-9.7875,29.7106,-0.7762,-0.5861,-0.5444,4.615,1.613,29.555,-4.1366,-10.7361,0.2,0.0,0.0,0.0,-1.5365,-1.1177,-1.5,2.4207,-0.4169,0,0,1,0.7,0.404,0.596,0,0,0.0,3,SEARCH_PHASE,-0.7762,-0.5861
778,88.88,-2.848,-9.799,29.6997,-0.7657,-0.5752,-0.5446,4.598,1.593,29.543,-4.1366,-10.7361,0.2,0.0,0.0,0.0,-1.5367,-1.1174,-1.5,2.4207,-0.3972,0,0,1,0.701,0.415,0.585,0,0,0.0,3,SEARCH_PHASE,-0.7657,-0.5752
779,88.998,-2.863,-9.8103,29.6888,-0.7534,-0.5651,-0.5455,4.582,1.575,29.531,-4.1366,-10.7361,0.2,0.0,0.0,0.0,-1.5369,-1.1172,-1.5,2.4207,-0.418,0,0,1,0.704,0.409,0.591,0,0,0.0,3,SEARCH_PHASE,-0.7534,-0.5651
780,89.119,-2.8779,-9.8214,29.6779,-0.7421,-0.5543,-0.5454,4.566,1.556,29.519,-4.1366,-10.7361,0.2,0.0,0.0,0.0,-1.537,-1.1169,-1.5,2.4207,-0.3949,0,0,1,0.705,0.409,0.591,0,0,0.0,3,SEARCH_PHASE,-0.7421,-0.5543
781,89.237,-2.8925,-9.8323,29.667,-0.7291,-0.5444,-0.5455,4.549,1.538,29.507,-4.1366,-10.7361,0.2,0.0,0.0,0.0,-1.5372,-1.1167,-1.5,2.4207,-0.4187,0,0,1,0.708,0.416,0.584,0,0,0.0,3,SEARCH_PHASE,-0.7291,-0.5444
782,89.348,-2.9068,-9.8429,29.6561,-0.7172,-0.5342,-0.5456,4.533,1.52,29.495,-4.1366,-10.7361,0.2,0.0,0.0,0.0,-1.5374,-1.1165,-1.5,2.4207,-0.3952,0,0,1,0.709,0.411,0.589,0,0,0.0,3,SEARCH_PHASE,-0.7172,-0.5342
783,89.462,-2.9209,-9.8534,29.6451,-0.7037,-0.5254,-0.5458,4.517,1.502,29.483,-4.1366,-10.7361,0.2,0.0,0.0,0.0,-1.5375,-1.1162,-1.5,2.4207,-0.4203,0,0,1,0.711,0.413,0.587,0,0,0.0,3,SEARCH_PHASE,-0.7037,-0.5254
784,89.574,-2.9347,-9.8638,29.6342,-0.6914,-0.5165,-0.5459,4.501,1.485,29.472,-4.1366,-10.7361,0.2,0.0,0.0,0.0,-1.5377,-1.116,-1.5,2.4207,-0.3963,0,0,1,0.713,0.412,0.588,0,0,0.0,3,SEARCH_PHASE,-0.6914,-0.5165
785,89.687,-2.9483,-9.874,29.6233,-0.6778,-0.5094,-0.5461,4.485,1.468,29.46,-4.1366,-10.7361,0.2,0.0,0.0,0.0,-1.5379,-1.1157,-1.5,2.4207,-0.3976,0,0,1,0.714,0.417,0.583,0,0,0.0,3,SEARCH_PHASE,-0.6778,-0.5094
786,89.8,-2.9616,-9.884,29.6124,-0.6658,-0.5027,-0.5466,4.469,1.451,29.448,-4.1366,-10.7361,0.2,0.0,0.0,0.0,-1.5382,-1.1154,-1.5,2.4207,-0.3817,0,0,1,0.714,0.413,0.587,0,0,0.0,3,SEARCH_PHASE,-0.6658,-0.5027
787,89.913,-2.9746,-9.8939,29.6014,-0.6527,-0.4961,-0.5471,4.454,1.435,29.436,-4.1366,-10.7361,0.2,0.0,0.0,0.0,-1.5385,-1.115,-1.5,2.4207,-0.4081,0,0,1,0.715,0.417,0.583,0,0,0.0,3,SEARCH_PHASE,-0.6527,-0.4961
788,90.025,-2.9875,-9.9037,29.5905,-0.6419,-0.4881,-0.5468,4.438,1.419,29.425,-4.1366,-10.7361,0.2,0.0,0.0,0.0,-1.5387,-1.1146,-1.5,2.4207,-0.3892,0,0,1,0.714,0.42,0.58,0,0,0.0,3,SEARCH_PHASE,-0.6419,-0.4881
789,90.15,-3.0001,-9.9133,29.5795,-0.6303,-0.4803,-0.5471,4.422,1.403,29.413,-4.1366,-10.7361,0.2,0.0,0.0,0.0,-1.5391,-1.1141,-1.5,2.4207,-0.4137,0,0,1,0.716,0.424,0.576,0,0,0.0,3,SEARCH_PHASE,-0.6303,-0.4803
790,90.262,-3.0125,-9.9227,29.5686,-0.6209,-0.4714,-0.5468,4.407,1.388,29.401,-4.1366,-10.7361,0.2,0.0,0.0,0.0,-1.5393,-1.1138,-1.5,2.4207,-0.3937,0,0,1,0.716,0.422,0.578,0,0,0.0,3,SEARCH_PHASE,-0.6209,-0.4714
791,90.376,-3.0247,-9.932,29.5577,-0.6107,-0.4629,-0.5467,4.391,1.372,29.39,-4.1366,-10.7361,0.2,0.0,0.0,0.0,-1.5396,-1.1134,-1.5,2.4207,-0.4185,0,0,1,0.717,0.427,0.573,0,0,0.0,3,SEARCH_PHASE,-0.6107,-0.4629
792,90.489,-3.0368,-9.9411,29.5467,-0.6026,-0.4535,-0.5466,4.376,1.357,29.378,-4.1366,-10.7361,0.2,0.0,0.0,0.0,-1.5398,-1.113,-1.5,2.4207,-0.3986,0,0,1,0.718,0.42,0.58,0,0,0.0,3,SEARCH_PHASE,-0.6026,-0.4535
793,90.601,-3.0486,-9.95,29.5358,-0.5936,-0.4449,-0.5471,4.36,1.342,29.366,-4.1366,-10.7361,0.2,0.0,0.0,0.0,-1.5401,-1.1127,-1.5,2.4207,-0.4192,0,0,1,0.72,0.428,0.572,0,0,0.0,3,SEARCH_PHASE,-0.5936,-0.4449
794,90.713,-3.0604,-9.9587,29.5249,-0.5865,-0.4356,-0.5468,4.345,1.328,29.355,-4.1366,-10.7361,0.2,0.0,0.0,0.0,-1.5402,-1.1125,-1.5,2.4207,-0.3965,0,0,1,0.72,0.427,0.573,0,0,0.0,3,SEARCH_PHASE,-0.5865,-0.4356
795,90.827,-3.0719,-9.9672,29.5139,-0.5786,-0.4273,-0.5466,4.33,1.313,29.343,-4.1366,-10.7361,0.2,0.0,0.0,0.0,-1.5404,-1.1123,-1.5,2.4207,-0.4181,0,0,1,0.722,0.424,0.576,0,0,0.0,3,SEARCH_PHASE,-0.5786,-0.4273
796,90.942,-3.0834,-9.9756,29.503,-0.5727,-0.4187,-0.5464,4.315,1.299,29.332,-4.1366,-10.7361,0.2,0.0,0.0,0.0,-1.5404,-1.1122,-1.5,2.4207,-0.3952,0,0,1,0.723,0.426,0.574,0,0,0.0,3,SEARCH_PHASE,-0.5727,-0.4187
797,91.056,-3.0947,-9.9838,29.4921,-0.5655,-0.4113,-0.5463,4.3,1.285,29.32,-4.1366,-10.7361,0.2,0.0,0.0,0.0,-1.5405,-1.1122,-1.5,2.4207,-0.418,0,0,1,0.726,0.43,0.57,0,0,0.0,3,SEARCH_PHASE,-0.5655,-0.4113
798,91.183,-3.1059,-9.9919,29.4812,-0.5601,-0.4037,-0.5462,4.285,1.271,29.309,-4.1366,-10.7361,0.2,0.0,0.0,0.0,-1.5405,-1.1122,-1.5,2.4207,-0.3949,0,0,1,0.727,0.432,0.568,0,0,0.0,3,SEARCH_PHASE,-0.5601,-0.4037
799,91.297,-3.117,-9.9999,29.4702,-0.5533,-0.3977,-0.5461,4.27,1.258,29.297,-4.1366,-10.7361,0.2,0.0,0.0,0.0,-1.5404,-1.1122,-1.5,2.4207,-0.4175,0,0,1,0.729,0.43,0.57,0,0,0.0,3,SEARCH_PHASE,-0.5533,-0.3977
800,91.415,-3.1279,-10.0077,29.4593,-0.5482,-0.3918,-0.546,4.255,1.244,29.286,-4.1366,-10.7361,0.2,0.0,0.0,0.0,-1.5404,-1.1123,-1.5,2.4207,-0.3942,0,0,1,0.731,0.436,0.564,0,0,0.0,3,SEARCH_PHASE,-0.5482,-0.3918
801,91.529,-3.1388,-10.0154,29.4484,-0.5414,-0.3877,-0.546,4.241,1.231,29.274,-4.1366,-10.7361,0.2,0.0,0.0,0.0,-1.5403,-1.1124,-1.5,2.4207,-0.4138,0,0,1,0.733,0.44,0.56,0,0,0.0,3,SEARCH_PHASE,-0.5414,-0.3877
802,91.644,-3.1495,-10.0231,29.4375,-0.5359,-0.384,-0.546,4.226,1.218,29.263,-4.1366,-10.7361,0.2,0.0,0.0,0.0,-1.5403,-1.1124,-1.5,2.4207,-0.3906,0,0,1,0.734,0.44,0.56,0,0,0.0,3,SEARCH_PHASE,-0.5359,-0.384
803,91.759,-3.1601,-10.0308,29.4266,-0.5296,-0.382,-0.5459,4.211,1.205,29.251,-4.1366,-10.7361,0.2,0.0,0.0,0.0,-1.5403,-1.1125,-1.5,2.4207,-0.4089,0,0,1,0.736,0.443,0.557,0,0,0.0,3,SEARCH_PHASE,-0.5296,-0.382
804,91.871,-3.1706,-10.0384,29.4156,-0.5252,-0.3804,-0.5462,4.197,1.192,29.24,-4.1366,-10.7361,0.2,0.0,0.0,0.0,-1.5403,-1.1124,-1.5,2.4207,-0.3878,0,0,1,0.737,0.444,0.556,0,0,0.0,3,SEARCH_PHASE,-0.5252,-0.3804
805,91.983,-3.181,-10.046,29.4047,-0.5199,-0.3802,-0.5459,4.182,1.179,29.228,-4.1366,-10.7361,0.2,0.0,0.0,0.0,-1.5404,-1.1123,-1.5,2.4207,-0.4067,0,0,1,0.738,0.447,0.553,0,0,0.0,3,SEARCH_PHASE,-0.5199,-0.3802
806,92.097,-3.1913,-10.0536,29.3938,-0.5165,-0.3801,-0.5457,4.167,1.166,29.217,-4.1366,-10.7361,0.2,0.0,0.0,0.0,-1.5405,-1.1122,-1.5,2.4207,-0.3865,0,0,1,0.739,0.447,0.553,0,0,0.0,3,SEARCH_PHASE,-0.5165,-0.3801
807,92.212,-3.2015,-10.0612,29.3829,-0.512,-0.381,-0.5455,4.153,1.153,29.206,-4.1366,-10.7361,0.2,0.0,0.0,0.0,-1.5406,-1.1119,-1.5,2.4207,-0.4096,0,0,1,0.74,0.449,0.551,0,0,0.0,3,SEARCH_PHASE,-0.512,-0.381
808,92.325,-3.2117,-10.0688,29.372,-0.5093,-0.3816,-0.5454,4.138,1.14,29.194,-4.1366,-10.7361,0.2,0.0,0.0,0.0,-1.5409,-1.1116,-1.5,2.4207,-0.3899,0,0,1,0.741,0.449,0.551,0,0,0.0,3,SEARCH_PHASE,-0.5093,-0.3816
809,92.438,-3.2218,-10.0765,29.3611,-0.5052,-0.3832,-0.5455,4.123,1.128,29.183,-4.1366,-10.7361,0.2,0.0,0.0,0.0,-1.5412,-1.1112,-1.5,2.4207,-0.3976,0,0,1,0.742,0.451,0.549,0,0,0.0,3,SEARCH_PHASE,-0.5052,-0.3832
810,92.55,-3.2319,-10.0842,29.3502,-0.5028,-0.3845,-0.5454,4.109,1.115,29.171,-4.1366,-10.7361,0.2,0.0,0.0,0.0,-1.5415,-1.1107,-1.5,2.4207,-0.3785,0,0,1,0.741,0.446,0.554,0,0,0.0,3,SEARCH_PHASE,-0.5028,-0.3845
811,92.663,-3.2419,-10.0919,29.3393,-0.4992,-0.3857,-0.5453,4.094,1.103,29.16,-4.1366,-10.7361,0.2,0.0,0.0,0.0,-1.5419,-1.1101,-1.5,2.4207,-0.4041,0,0,1,0.742,0.447,0.553,0,0,0.0,3,SEARCH_PHASE,-0.4992,-0.3857
812,92.78,-3.2518,-10.0996,29.3284,-0.4974,-0.3852,-0.5452,4.079,1.09,29.149,-4.1366,-10.7361,0.2,0.0,0.0,0.0,-1.5424,-1.1095,-1.5,2.4207,-0.3856,0,0,1,0.742,0.446,0.554,0,0,0.0,3,SEARCH_PHASE,-0.4974,-0.3852
813,92.899,-3.2617,-10.1073,29.3174,-0.4941,-0.3849,-0.5451,4.065,1.077,29.137,-4.1366,-10.7361,0.2,0.0,0.0,0.0,-1.5429,-1.1088,-1.5,2.4207,-0.4108,0,0,1,0.743,0.447,0.553,0,0,0.0,3,SEARCH_PHASE,-0.4941,-0.3849
814,93.013,-3.2715,-10.115,29.3065,-0.4923,-0.3833,-0.5451,4.05,1.065,29.126,-4.1366,-10.7361,0.2,0.0,0.0,0.0,-1.5434,-1.1081,-1.5,2.4207,-0.3929,0,0,1,0.743,0.446,0.554,0,0,0.0,3,SEARCH_PHASE,-0.4923,-0.3833
815,93.132,-3.2813,-10.1226,29.2956,-0.4887,-0.3819,-0.5455,4.035,1.053,29.115,-4.1366,-10.7361,0.2,0.0,0.0,0.0,-1.5439,-1.1074,-1.5,2.4207,-0.4146,0,0,1,0.745,0.447,0.553,0,0,0.0,3,SEARCH_PHASE,-0.4887,-0.3819
816,93.245,-3.291,-10.1302,29.2847,-0.4862,-0.3795,-0.5453,4.021,1.04,29.103,-4.1366,-10.7361,0.2,0.0,0.0,0.0,-1.5445,-1.1066,-1.5,2.4207,-0.3947,0,0,1,0.745,0.448,0.552,0,0,0.0,3,SEARCH_PHASE,-0.4862,-0.3795
817,93.357,-3.3007,-10.1377,29.2738,-0.4816,-0.3776,-0.5452,4.006,1.028,29.092,-4.1366,-10.7361,0.2,0.0,0.0,0.0,-1.545,-1.1059,-1.5,2.4207,-0.4143,0,0,1,0.747,0.453,0.547,0,0,0.0,3,SEARCH_PHASE,-0.4816,-0.3776
818,93.472,-3.3102,-10.1452,29.2629,-0.478,-0.3748,-0.5451,3.992,1.016,29.081,-4.1366,-10.7361,0.2,0.0,0.0,0.0,-1.5456,-1.105,-1.5,2.4207,-0.3943,0,0,1,0.747,0.454,0.546,0,0,0.0,3,SEARCH_PHASE,-0.478,-0.3748
819,93.586,-3.3197,-10.1527,29.252,-0.472,-0.3725,-0.5453,3.977,1.004,29.069,-4.1366,-10.7361,0.2,0.0,0.0,0.0,-1.5462,-1.1042,-1.5,2.4207,-0.4123,0,0,1,0.749,0.458,0.542,0,0,0.0,3,SEARCH_PHASE,-0.472,-0.3725
820,93.701,-3.329,-10.1601,29.2411,-0.4668,-0.3693,-0.5452,3.963,0.992,29.058,-4.1366,-10.7361,0.2,0.0,0.0,0.0,-1.5469,-1.1033,-1.5,2.4207,-0.3921,0,0,1,0.749,0.455,0.545,0,0,0.0,3,SEARCH_PHASE,-0.4668,-0.3693
821,93.816,-3.3382,-10.1674,29.2302,-0.46,-0.3663,-0.5451,3.948,0.98,29.047,-4.1366,-10.7361,0.2,0.0,0.0,0.0,-1.5476,-1.1023,-1.5,2.4207,-0.4156,0,0,1,0.75,0.46,0.54,0,0,0.0,3,SEARCH_PHASE,-0.46,-0.3663
822,93.928,-3.3473,-10.1747,29.2193,-0.4549,-0.3623,-0.5451,3.934,0.969,29.035,-4.1366,-10.7361,0.2,0.0,0.0,0.0,-1.5483,-1.1013,-1.5,2.4207,-0.3956,0,0,1,0.75,0.46,0.54,0,0,0.0,3,SEARCH_PHASE,-0.4549,-0.3623
823,94.042,-3.3563,-10.1818,29.2084,-0.4479,-0.3588,-0.5451,3.919,0.957,29.024,-4.1366,-10.7361,0.2,0.0,0.0,0.0,-1.549,-1.1002,-1.5,2.4207,-0.4188,0,0,1,0.752,0.461,0.539,0,0,0.0,3,SEARCH_PHASE,-0.4479,-0.3588
824,94.156,-3.3651,-10.1889,29.1975,-0.4421,-0.3544,-0.5451,3.905,0.946,29.013,-4.1366,-10.7361,0.2,0.0,0.0,0.0,-1.5498,-1.0991,-1.5,2.4207,-0.3989,0,0,1,0.753,0.462,0.538,0,0,0.0,3,SEARCH_PHASE,-0.4421,-0.3544
825,94.27,-3.3738,-10.1959,29.1866,-0.4343,-0.3507,-0.5457,3.891,0.935,29.002,-4.1366,-10.7361,0.2,0.0,0.0,0.0,-1.5506,-1.098,-1.5,2.4207,-0.4091,0,0,1,0.753,0.462,0.538,0,0,0.0,3,SEARCH_PHASE,-0.4343,-0.3507
826,94.384,-3.3823,-10.2029,29.1757,-0.4273,-0.3464,-0.5455,3.876,0.924,28.99,-4.1366,-10.7361,0.2,0.0,0.0,0.0,-1.5515,-1.0968,-1.5,2.4207,-0.3881,0,0,1,0.753,0.462,0.538,0,0,0.0,3,SEARCH_PHASE,-0.4273,-0.3464
827,94.496,-3.3907,-10.2097,29.1648,-0.4198,-0.342,-0.5454,3.862,0.913,28.979,-4.1366,-10.7361,0.2,0.0,0.0,0.0,-1.5524,-1.0955,-1.5,2.4207,-0.4115,0,0,1,0.754,0.462,0.538,0,0,0.0,3,SEARCH_PHASE,-0.4198,-0.342
828,94.608,-3.399,-10.2164,29.1539,-0.4147,-0.3361,-0.5453,3.848,0.902,28.968,-4.1366,-10.7361,0.2,0.0,0.0,0.0,-1.5532,-1.0943,-1.5,2.4207,-0.3908,0,0,1,0.755,0.462,0.538,0,0,0.0,3,SEARCH_PHASE,-0.4147,-0.3361
829,94.722,-3.4072,-10.223,29.143,-0.4087,-0.3304,-0.5453,3.834,0.892,28.957,-4.1366,-10.7361,0.2,0.0,0.0,0.0,-1.5541,-1.0931,-1.5,2.4207,-0.4141,0,0,1,0.756,0.463,0.537,0,0,0.0,3,SEARCH_PHASE,-0.4087,-0.3304
830,94.836,-3.4153,-10.2295,29.1321,-0.4048,-0.3235,-0.5452,3.82,0.881,28.945,-4.1366,-10.7361,0.2,0.0,0.0,0.0,-1.5549,-1.092,-1.5,2.4207,-0.3937,0,0,1,0.756,0.464,0.536,0,0,0.0,3,SEARCH_PHASE,-0.4048,-0.3235
831,94.951,-3.4233,-10.2358,29.1212,-0.3997,-0.3169,-0.5452,3.806,0.871,28.934,-4.1366,-10.7361,0.2,0.0,0.0,0.0,-1.5556,-1.0909,-1.5,2.4207,-0.417,0,0,1,0.758,0.465,0.535,0,0,0.0,3,SEARCH_PHASE,-0.3997,-0.3169
832,95.066,-3.4312,-10.242,29.1102,-0.3964,-0.3094,-0.5453,3.792,0.861,28.923,-4.1366,-10.7361,0.2,0.0,0.0,0.0,-1.5563,-1.09,-1.5,2.4207,-0.3968,0,0,1,0.758,0.465,0.535,0,0,0.0,3,SEARCH_PHASE,-0.3964,-0.3094
833,95.192,-3.439,-10.2481,29.0993,-0.3915,-0.3025,-0.5453,3.778,0.851,28.912,-4.1366,-10.7361,0.2,0.0,0.0,0.0,-1.5569,-1.0891,-1.5,2.4207,-0.4201,0,0,1,0.76,0.467,0.533,0,0,0.0,3,SEARCH_PHASE,-0.3915,-0.3025
834,95.305,-3.4468,-10.254,29.0884,-0.3879,-0.2948,-0.5454,3.764,0.842,28.901,-4.1366,-10.7361,0.2,0.0,0.0,0.0,-1.5573,-1.0884,-1.5,2.4207,-0.3999,0,0,1,0.76,0.467,0.533,0,0,0.0,3,SEARCH_PHASE,-0.3879,-0.2948
835,95.433,-3.4544,-10.2597,29.0775,-0.3825,-0.2881,-0.5455,3.75,0.832,28.89,-4.1366,-10.7361,0.2,0.0,0.0,0.0,-1.5578,-1.0878,-1.5,2.4207,-0.4262,0,0,1,0.762,0.47,0.53,0,0,0.0,3,SEARCH_PHASE,-0.3825,-0.2881
836,95.558,-3.462,-10.2653,29.0666,-0.3782,-0.2808,-0.5456,3.737,0.823,28.878,-4.1366,-10.7361,0.2,0.0,0.0,0.0,-1.5582,-1.0873,-1.5,2.4207,-0.4058,0,0,1,0.763,0.468,0.532,0,0,0.0,3,SEARCH_PHASE,-0.3782,-0.2808
837,95.692,-3.4695,-10.2708,29.0557,-0.3724,-0.2749,-0.5461,3.723,0.813,28.867,-4.1366,-10.7361,0.2,0.0,0.0,0.0,-1.5585,-1.0868,-1.5,2.4207,-0.4257,0,0,1,0.765,0.471,0.529,0,0,0.0,3,SEARCH_PHASE,-0.3724,-0.2749
838,95.833,-3.4768,-10.2762,29.0448,-0.3683,-0.2689,-0.5459,3.71,0.804,28.856,-4.1366,-10.7361,0.2,0.0,0.0,0.0,-1.5588,-1.0864,-1.5,2.4207,-0.4028,0,0,1,0.766,0.465,0.535,0,0,0.0,3,SEARCH_PHASE,-0.3683,-0.2689
839,95.981,-3.4841,-10.2815,29.0339,-0.3625,-0.2645,-0.5458,3.696,0.795,28.845,-4.1366,-10.7361,0.2,0.0,0.0,0.0,-1.559,-1.086,-1.5,2.4207,-0.4184,0,0,1,0.768,0.465,0.535,0,0,0.0,3,SEARCH_PHASE,-0.3625,-0.2645
840,96.097,-3.4912,-10.2867,29.0229,-0.358,-0.2601,-0.5457,3.683,0.786,28.834,-4.1366,-10.7361,0.2,0.0,0.0,0.0,-1.5593,-1.0857,-1.5,2.4207,-0.395,0,0,1,0.769,0.467,0.533,0,0,0.0,3,SEARCH_PHASE,-0.358,-0.2601
841,96.215,-3.4983,-10.2919,29.012,-0.3519,-0.2571,-0.5458,3.669,0.778,28.823,-4.1366,-10.7361,0.2,0.0,0.0,0.0,-1.5595,-1.0853,-1.5,2.4207,-0.4158,0,0,1,0.77,0.474,0.526,0,0,0.0,3,SEARCH_PHASE,-0.3519,-0.2571
842,96.33,-3.5052,-10.2969,29.0011,-0.3469,-0.2538,-0.5457,3.656,0.769,28.811,-4.1366,-10.7361,0.2,0.0,0.0,0.0,-1.5598,-1.0849,-1.5,2.4207,-0.392,0,0,1,0.771,0.476,0.524,0,0,0.0,3,SEARCH_PHASE,-0.3469,-0.2538
843,96.449,-3.512,-10.302,28.9902,-0.3404,-0.252,-0.5458,3.642,0.761,28.8,-4.1366,-10.7361,0.2,0.0,0.0,0.0,-1.5602,-1.0844,-1.5,2.4207,-0.4016,0,0,1,0.773,0.478,0.522,0,0,0.0,3,SEARCH_PHASE,-0.3404,-0.252
844,96.565,-3.5187,-10.307,28.9793,-0.3353,-0.2501,-0.5457,3.629,0.752,28.789,-4.1366,-10.7361,0.2,0.0,0.0,0.0,-1.5606,-1.0838,-1.5,2.4207,-0.3856,0,0,1,0.772,0.471,0.529,0,0,0.0,3,SEARCH_PHASE,-0.3353,-0.2501
845,96.691,-3.5253,-10.312,28.9684,-0.3288,-0.2488,-0.5461,3.616,0.744,28.778,-4.1366,-10.7361,0.2,0.0,0.0,0.0,-1.5611,-1.0831,-1.5,2.4207,-0.4064,0,0,1,0.773,0.477,0.523,0,0,0.0,3,SEARCH_PHASE,-0.3288,-0.2488
846,96.805,-3.5318,-10.3169,28.9574,-0.3241,-0.2463,-0.5459,3.602,0.736,28.767,-4.1366,-10.7361,0.2,0.0,0.0,0.0,-1.5616,-1.0823,-1.5,2.4207,-0.3848,0,0,1,0.774,0.472,0.528,0,0,0.0,3,SEARCH_PHASE,-0.3241,-0.2463
847,96.918,-3.5381,-10.3218,28.9465,-0.3182,-0.2441,-0.5458,3.589,0.728,28.756,-4.1366,-10.7361,0.2,0.0,0.0,0.0,-1.5622,-1.0815,-1.5,2.4207,-0.4095,0,0,1,0.775,0.478,0.522,0,0,0.0,3,SEARCH_PHASE,-0.3182,-0.2441
848,97.031,-3.5444,-10.3266,28.9356,-0.314,-0.2407,-0.5457,3.576,0.72,28.745,-4.1366,-10.7361,0.2,0.0,0.0,0.0,-1.5627,-1.0807,-1.5,2.4207,-0.3881,0,0,1,0.775,0.478,0.522,0,0,0.0,3,SEARCH_PHASE,-0.314,-0.2407
849,97.149,-3.5506,-10.3313,28.9247,-0.3084,-0.238,-0.5458,3.562,0.712,28.734,-4.1366,-10.7361,0.2,0.0,0.0,0.0,-1.5634,-1.0798,-1.5,2.4207,-0.416,0,0,1,0.777,0.48,0.52,0,0,0.0,3,SEARCH_PHASE,-0.3084,-0.238
850,97.261,-3.5567,-10.336,28.9138,-0.3042,-0.2343,-0.5457,3.549,0.705,28.722,-4.1366,-10.7361,0.2,0.0,0.0,0.0,-1.564,-1.0789,-1.5,2.4207,-0.3946,0,0,1,0.777,0.481,0.519,0,0,0.0,3,SEARCH_PHASE,-0.3042,-0.2343
851,97.375,-3.5627,-10.3407,28.9029,-0.2993,-0.2318,-0.5456,3.536,0.697,28.711,-4.1366,-10.7361,0.2,0.0,0.0,0.0,-1.5646,-1.0779,-1.5,2.4207,-0.4194,0,0,1,0.779,0.483,0.517,0,0,0.0,3,SEARCH_PHASE,-0.2993,-0.2318
852,97.488,-3.5686,-10.3452,28.8919,-0.2967,-0.2289,-0.5456,3.523,0.69,28.7,-4.1366,-10.7361,0.2,0.0,0.0,0.0,-1.5652,-1.077,-1.5,2.4207,-0.3984,0,0,1,0.779,0.484,0.516,0,0,0.0,3,SEARCH_PHASE,-0.2967,-0.2289
853,97.601,-3.5745,-10.3498,28.881,-0.293,-0.2273,-0.5456,3.51,0.682,28.689,-4.1366,-10.7361,0.2,0.0,0.0,0.0,-1.5659,-1.0761,-1.5,2.4207,-0.4155,0,0,1,0.781,0.486,0.514,0,0,0.0,3,SEARCH_PHASE,-0.293,-0.2273
854,97.713,-3.5803,-10.3543,28.8701,-0.2911,-0.2256,-0.5455,3.497,0.675,28.678,-4.1366,-10.7361,0.2,0.0,0.0,0.0,-1.5666,-1.0751,-1.5,2.4207,-0.3949,0,0,1,0.781,0.486,0.514,0,0,0.0,3,SEARCH_PHASE,-0.2911,-0.2256
855,97.826,-3.586,-10.3588,28.8592,-0.2882,-0.2249,-0.5454,3.483,0.667,28.667,-4.1366,-10.7361,0.2,0.0,0.0,0.0,-1.5673,-1.074,-1.5,2.4207,-0.4195,0,0,1,0.782,0.488,0.512,0,0,0.0,3,SEARCH_PHASE,-0.2882,-0.2249
856,97.938,-3.5918,-10.3633,28.8483,-0.2869,-0.2236,-0.5454,3.47,0.66,28.656,-4.1366,-10.7361,0.2,0.0,0.0,0.0,-1.568,-1.073,-1.5,2.4207,-0.3992,0,0,1,0.783,0.489,0.511,0,0,0.0,3,SEARCH_PHASE,-0.2869,-0.2236
857,98.053,-3.5975,-10.3677,28.8374,-0.2842,-0.2236,-0.5455,3.457,0.653,28.645,-4.1366,-10.7361,0.2,0.0,0.0,0.0,-1.5688,-1.0718,-1.5,2.4207,-0.404,0,0,1,0.784,0.489,0.511,0,0,0.0,3,SEARCH_PHASE,-0.2842,-0.2236
858,98.171,-3.6031,-10.3722,28.8265,-0.2829,-0.2234,-0.5455,3.444,0.646,28.634,-4.1366,-10.7361,0.2,0.0,0.0,0.0,-1.5696,-1.0706,-1.5,2.4207,-0.3839,0,0,1,0.784,0.489,0.511,0,0,0.0,3,SEARCH_PHASE,-0.2829,-0.2234
859,98.285,-3.6087,-10.3767,28.8156,-0.2804,-0.223,-0.5454,3.431,0.639,28.623,-4.1366,-10.7361,0.2,0.0,0.0,0.0,-1.5705,-1.0693,-1.5,2.4207,-0.4085,0,0,1,0.785,0.489,0.511,0,0,0.0,3,SEARCH_PHASE,-0.2804,-0.223
860,98.406,-3.6143,-10.3811,28.8047,-0.2796,-0.2209,-0.5453,3.418,0.632,28.612,-4.1366,-10.7361,0.2,0.0,0.0,0.0,-1.5714,-1.0681,-1.5,2.4207,-0.3888,0,0,1,0.785,0.489,0.511,0,0,0.0,3,SEARCH_PHASE,-0.2796,-0.2209
861,98.523,-3.6199,-10.3855,28.7938,-0.2772,-0.219,-0.5453,3.405,0.624,28.601,-4.1366,-10.7361,0.2,0.0,0.0,0.0,-1.5722,-1.0668,-1.5,2.4207,-0.4136,0,0,1,0.786,0.489,0.511,0,0,0.0,3,SEARCH_PHASE,-0.2772,-0.219
862,98.65,-3.6254,-10.3898,28.7829,-0.2761,-0.2157,-0.5453,3.392,0.617,28.59,-4.1366,-10.7361,0.2,0.0,0.0,0.0,-1.5731,-1.0656,-1.5,2.4207,-0.3941,0,0,1,0.786,0.489,0.511,0,0,0.0,3,SEARCH_PHASE,-0.2761,-0.2157
863,98.774,-3.6309,-10.394,28.772,-0.2733,-0.2127,-0.5455,3.379,0.611,28.578,-4.1366,-10.7361,0.2,0.0,0.0,0.0,-1.5738,-1.0644,-1.5,2.4207,-0.4236,0,0,1,0.787,0.49,0.51,0,0,0.0,3,SEARCH_PHASE,-0.2733,-0.2127
864,98.9,-3.6363,-10.3982,28.761,-0.2715,-0.2087,-0.5455,3.366,0.604,28.567,-4.1366,-10.7361,0.2,0.0,0.0,0.0,-1.5746,-1.0633,-1.5,2.4207,-0.4041,0,0,1,0.788,0.491,0.509,0,0,0.0,3,SEARCH_PHASE,-0.2715,-0.2087
865,99.02,-3.6417,-10.4023,28.7501,-0.2691,-0.2056,-0.546,2.708,0.597,28.556,-4.1366,-10.7361,0.2,0.0,0.0,0.0,-1.5753,-1.0623,-1.5,2.4207,-0.425,0,0,1,0.789,0.493,0.507,0,0,0.0,3,SEARCH_PHASE,-0.2691,-0.2056
866,99.149,-3.6471,-10.4064,28.7392,-0.2692,-0.2021,-0.5457,2.697,0.59,28.545,-4.1366,-10.7361,0.2,0.0,0.0,0.0,-1.5759,-1.0614,-1.5,2.4207,-0.4034,0,0,1,0.79,0.491,0.509,0,0,0.0,3,SEARCH_PHASE,-0.2692,-0.2021
867,99.266,-3.6524,-10.4104,28.7283,-0.2684,-0.1998,-0.5456,2.686,0.584,28.534,-4.1366,-10.7361,0.2,0.0,0.0,0.0,-1.5765,-1.0605,-1.5,2.4207,-0.4253,0,0,1,0.792,0.49,0.51,0,0,0.0,3,SEARCH_PHASE,-0.2684,-0.1998
868,99.379,-3.6578,-10.4143,28.7174,-0.2698,-0.1972,-0.5455,2.675,0.577,28.523,-4.1366,-10.7361,0.2,0.0,0.0,0.0,-1.577,-1.0598,-1.5,2.4207,-0.4037,0,0,1,0.793,0.492,0.508,0,0,0.0,3,SEARCH_PHASE,-0.2698,-0.1972
869,99.494,-3.6632,-10.4182,28.7065,-0.2701,-0.196,-0.5454,2.664,0.57,28.512,-4.1366,-10.7361,0.2,0.0,0.0,0.0,-1.5774,-1.0592,-1.5,2.4207,-0.426,0,0,1,0.794,0.493,0.507,0,0,0.0,3,SEARCH_PHASE,-0.2701,-0.196
870,99.607,-3.6687,-10.4221,28.6956,-0.2722,-0.1947,-0.5453,2.653,0.564,28.501,-4.1366,-10.7361,0.2,0.0,0.0,0.0,-1.5778,-1.0586,-1.5,2.4207,-0.4043,0,0,1,0.795,0.49,0.51,0,0,0.0,3,SEARCH_PHASE,-0.2722,-0.1947
871,99.726,-3.6741,-10.426,28.6847,-0.2729,-0.1951,-0.5455,2.642,0.557,28.49,-4.1366,-10.7361,0.2,0.0,0.0,0.0,-1.5782,-1.058,-1.5,2.4207,-0.4046,0,0,1,0.796,0.491,0.509,0,0,0.0,3,SEARCH_PHASE,-0.2729,-0.1951
872,99.841,-3.6796,-10.4299,28.6737,-0.275,-0.1957,-0.5461,2.631,0.55,28.479,-4.1366,-10.7361,0.2,0.0,0.0,0.0,-1.5785,-1.0575,-1.5,2.4207,-0.3866,0,0,1,0.796,0.492,0.508,0,0,0.0,3,SEARCH_PHASE,-0.275,-0.1957
873,99.954,-3.6851,-10.4339,28.6628,-0.276,-0.1963,-0.5458,2.62,0.543,28.468,-4.1366,-10.7361,0.2,0.0,0.0,0.0,-1.5789,-1.0569,-1.5,2.4207,-0.4132,0,0,1,0.797,0.495,0.505,0,0,0.0,3,SEARCH_PHASE,-0.276,-0.1963
874,100.069,-3.6907,-10.4378,28.6519,-0.2789,-0.1956,-0.5456,2.609,0.536,28.457,-4.1366,-10.7361,0.2,0.0,0.0,0.0,-1.5792,-1.0565,-1.5,2.4207,-0.3959,0,0,1,0.797,0.493,0.507,0,0,0.0,3,SEARCH_PHASE,-0.2789,-0.1956
875,100.186,-3.6963,-10.4417,28.641,-0.2805,-0.1953,-0.546,2.598,0.53,28.446,-4.1366,-10.7361,0.2,0.0,0.0,0.0,-1.5794,-1.0561,-1.5,2.4207,-0.419,0,0,1,0.798,0.495,0.505,0,0,0.0,3,SEARCH_PHASE,-0.2805,-0.1953
876,100.306,-3.702,-10.4455,28.6301,-0.2836,-0.1938,-0.5458,2.588,0.523,28.435,-4.1366,-10.7361,0.2,0.0,0.0,0.0,-1.5796,-1.0559,-1.5,2.4207,-0.4,0,0,1,0.799,0.494,0.506,0,0,0.0,3,SEARCH_PHASE,-0.2836,-0.1938
877,100.43,-3.7077,-10.4494,28.6192,-0.2852,-0.193,-0.5456,2.577,0.516,28.424,-4.1366,-10.7361,0.2,0.0,0.0,0.0,-1.5796,-1.0558,-1.5,2.4207,-0.4234,0,0,1,0.8,0.496,0.504,0,0,0.0,3,SEARCH_PHASE,-0.2852,-0.193
878,100.543,-3.7135,-10.4532,28.6083,-0.2881,-0.1912,-0.5455,2.566,0.509,28.413,-4.1366,-10.7361,0.2,0.0,0.0,0.0,-1.5796,-1.0559,-1.5,2.4207,-0.4046,0,0,1,0.8,0.496,0.504,0,0,0.0,3,SEARCH_PHASE,-0.2881,-0.1912
879,100.658,-3.7192,-10.457,28.5973,-0.2891,-0.1902,-0.5461,2.555,0.502,28.402,-4.1366,-10.7361,0.2,0.0,0.0,0.0,-1.5795,-1.056,-1.5,2.4207,-0.424,0,0,1,0.801,0.498,0.502,0,0,0.0,3,SEARCH_PHASE,-0.2891,-0.1902
880,100.773,-3.7251,-10.4608,28.5864,-0.291,-0.1886,-0.5458,2.544,0.495,28.391,-4.1366,-10.7361,0.2,0.0,0.0,0.0,-1.5793,-1.0564,-1.5,2.4207,-0.4019,0,0,1,0.802,0.498,0.502,0,0,0.0,3,SEARCH_PHASE,-0.291,-0.1886
881,100.887,-3.7309,-10.4646,28.5755,-0.2909,-0.1879,-0.5456,2.533,0.488,28.38,-4.1366,-10.7361,0.2,0.0,0.0,0.0,-1.579,-1.0567,-1.5,2.4207,-0.4228,0,0,1,0.804,0.497,0.503,0,0,0.0,3,SEARCH_PHASE,-0.2909,-0.1879
882,101.001,-3.7367,-10.4683,28.5646,-0.2915,-0.1867,-0.5455,2.522,0.481,28.369,-4.1366,-10.7361,0.2,0.0,0.0,0.0,-1.5787,-1.0572,-1.5,2.4207,-0.4001,0,0,1,0.805,0.498,0.502,0,0,0.0,3,SEARCH_PHASE,-0.2915,-0.1867
883,101.12,-3.7425,-10.472,28.5537,-0.2896,-0.1868,-0.5456,2.501,0.474,28.358,-4.1366,-10.7361,0.2,0.0,0.0,0.0,-1.5785,-1.0576,-1.5,2.4207,-0.4205,0,0,1,0.806,0.502,0.498,0,0,0.0,3,SEARCH_PHASE,-0.2896,-0.1868
884,101.237,-3.7483,-10.4758,28.5428,-0.2882,-0.1866,-0.5455,2.49,0.468,28.347,-4.1366,-10.7361,0.2,0.0,0.0,0.0,-1.5782,-1.0579,-1.5,2.4207,-0.3969,0,0,1,0.807,0.503,0.497,0,0,0.0,3,SEARCH_PHASE,-0.2882,-0.1866
885,101.353,-3.754,-10.4795,28.5319,-0.2859,-0.1878,-0.5454,2.479,0.461,28.336,-4.1366,-10.7361,0.2,0.0,0.0,0.0,-1.5781,-1.0582,-1.5,2.4207,-0.4195,0,0,1,0.809,0.504,0.496,0,0,0.0,3,SEARCH_PHASE,-0.2859,-0.1878
886,101.483,-3.7597,-10.4833,28.521,-0.2856,-0.1889,-0.5454,2.468,0.454,28.325,-4.1366,-10.7361,0.2,0.0,0.0,0.0,-1.578,-1.0583,-1.5,2.4207,-0.3959,0,0,1,0.81,0.503,0.497,0,0,0.0,3,SEARCH_PHASE,-0.2856,-0.1889
887,101.604,-3.7654,-10.4871,28.51,-0.2842,-0.1916,-0.5455,2.457,0.447,28.314,-4.1366,-10.7361,0.2,0.0,0.0,0.0,-1.578,-1.0582,-1.5,2.4207,-0.3929,0,0,1,0.811,0.503,0.497,0,0,0.0,3,SEARCH_PHASE,-0.2842,-0.1916
888,101.728,-3.7711,-10.491,28.4991,-0.2843,-0.1944,-0.5456,2.446,0.44,28.303,-4.1366,-10.7361,0.2,0.0,0.0,0.0,-1.5782,-1.058,-1.5,2.4207,-0.3866,0,0,1,0.81,0.501,0.499,0,0,0.0,3,SEARCH_PHASE,-0.2843,-0.1944
889,101.844,-3.7768,-10.495,28.4882,-0.2837,-0.197,-0.5459,2.435,0.433,28.292,-4.1366,-10.7361,0.2,0.0,0.0,0.0,-1.5784,-1.0576,-1.5,2.4207,-0.4087,0,0,1,0.811,0.502,0.498,0,0,0.0,3,SEARCH_PHASE,-0.2837,-0.197
890,101.957,-3.7825,-10.4989,28.4773,-0.2852,-0.1985,-0.5457,2.424,0.426,28.281,-4.1366,-10.7361,0.2,0.0,0.0,0.0,-1.5787,-1.0572,-1.5,2.4207,-0.3862,0,0,1,0.812,0.503,0.497,0,0,0.0,3,SEARCH_PHASE,-0.2852,-0.1985
891,102.072,-3.7882,-10.5029,28.4664,-0.2859,-0.2005,-0.5456,2.413,0.419,28.27,-4.1366,-10.7361,0.2,0.0,0.0,0.0,-1.5791,-1.0566,-1.5,2.4207,-0.4103,0,0,1,0.813,0.504,0.496,0,0,0.0,3,SEARCH_PHASE,-0.2859,-0.2005
892,102.185,-3.7939,-10.507,28.4555,-0.2882,-0.2014,-0.5455,2.402,0.412,28.258,-4.1366,-10.7361,0.2,0.0,0.0,0.0,-1.5795,-1.056,-1.5,2.4207,-0.3895,0,0,1,0.813,0.504,0.496,0,0,0.0,3,SEARCH_PHASE,-0.2882,-0.2014
893,102.301,-3.7997,-10.511,28.4446,-0.2891,-0.2028,-0.5454,2.392,0.405,28.247,-4.1366,-10.7361,0.2,0.0,0.0,0.0,-1.5799,-1.0554,-1.5,2.4207,-0.4137,0,0,1,0.814,0.506,0.494,0,0,0.0,3,SEARCH_PHASE,-0.2891,-0.2028
894,102.415,-3.8055,-10.5151,28.4337,-0.2914,-0.2034,-0.5454,2.381,0.398,28.236,-4.1366,-10.7361,0.2,0.0,0.0,0.0,-1.5803,-1.0548,-1.5,2.4207,-0.3931,0,0,1,0.815,0.506,0.494,0,0,0.0,3,SEARCH_PHASE,-0.2914,-0.2034
895,102.527,-3.8114,-10.5192,28.4228,-0.2918,-0.2049,-0.5454,2.37,0.391,28.225,-4.1366,-10.7361,0.2,0.0,0.0,0.0,-1.5807,-1.0542,-1.5,2.4207,-0.4175,0,0,1,0.816,0.508,0.492,0,0,0.0,3,SEARCH_PHASE,-0.2918,-0.2049
896,102.64,-3.8172,-10.5233,28.4119,-0.2933,-0.2056,-0.5454,2.359,0.384,28.214,-4.1366,-10.7361,0.2,0.0,0.0,0.0,-1.5812,-1.0535,-1.5,2.4207,-0.397,0,0,1,0.817,0.509,0.491,0,0,0.0,3,SEARCH_PHASE,-0.2933,-0.2056
897,102.755,-3.8231,-10.5275,28.4009,-0.2927,-0.2076,-0.5455,2.348,0.377,28.203,-4.1366,-10.7361,0.2,0.0,0.0,0.0,-1.5818,-1.0526,-1.5,2.4207,-0.3996,0,0,1,0.818,0.512,0.488,0,0,0.0,3,SEARCH_PHASE,-0.2927,-0.2076
898,102.868,-3.829,-10.5316,28.39,-0.2928,-0.2091,-0.546,2.337,0.369,28.192,-4.1366,-10.7361,0.2,0.0,0.0,0.0,-1.5825,-1.0516,-1.5,2.4207,-0.3807,0,0,1,0.817,0.513,0.487,0,0,0.0,3,SEARCH_PHASE,-0.2928,-0.2091
899,102.981,-3.8348,-10.5358,28.3791,-0.2911,-0.2102,-0.5457,2.326,0.362,28.181,-4.1366,-10.7361,0.2,0.0,0.0,0.0,-1.5833,-1.0504,-1.5,2.4207,-0.4083,0,0,1,0.818,0.513,0.487,0,0,0.0,3,SEARCH_PHASE,-0.2911,-0.2102
900,103.099,-3.8406,-10.54,28.3682,-0.2905,-0.2094,-0.5456,2.315,0.355,28.17,-4.1366,-10.7361,0.2,0.0,0.0,0.0,-1.5841,-1.0491,-1.5,2.4207,-0.3904,0,0,1,0.818,0.511,0.489,0,0,0.0,3,SEARCH_PHASE,-0.2905,-0.2094
901,103.214,-3.8464,-10.5442,28.3573,-0.288,-0.2083,-0.5456,2.304,0.348,28.159,-4.1366,-10.7361,0.2,0.0,0.0,0.0,-1.585,-1.0478,-1.5,2.4207,-0.4204,0,0,1,0.819,0.511,0.489,0,0,0.0,3,SEARCH_PHASE,-0.288,-0.2083
902,103.327,-3.8521,-10.5483,28.3464,-0.2866,-0.2056,-0.5455,2.293,0.341,28.148,-4.1366,-10.7361,0.2,0.0,0.0,0.0,-1.5858,-1.0465,-1.5,2.4207,-0.4031,0,0,1,0.819,0.51,0.49,0,0,0.0,3,SEARCH_PHASE,-0.2866,-0.2056
903,103.443,-3.8578,-10.5524,28.3355,-0.2841,-0.2032,-0.5455,2.282,0.334,28.137,-4.1366,-10.7361,0.2,0.0,0.0,0.0,-1.5866,-1.0453,-1.5,2.4207,-0.4167,0,0,1,0.82,0.513,0.487,0,0,0.0,3,SEARCH_PHASE,-0.2841,-0.2032
904,103.56,-3.8634,-10.5564,28.3245,-0.2836,-0.1997,-0.546,2.272,0.327,28.126,-4.1366,-10.7361,0.2,0.0,0.0,0.0,-1.5873,-1.0443,-1.5,2.4207,-0.4004,0,0,1,0.821,0.513,0.487,0,0,0.0,3,SEARCH_PHASE,-0.2836,-0.1997
905,103.678,-3.8691,-10.5603,28.3136,-0.2819,-0.1965,-0.5458,2.261,0.32,28.115,-4.1366,-10.7361,0.2,0.0,0.0,0.0,-1.5879,-1.0433,-1.5,2.4207,-0.4247,0,0,1,0.822,0.514,0.486,0,0,0.0,3,SEARCH_PHASE,-0.2819,-0.1965
906,103.791,-3.8747,-10.5641,28.3027,-0.2823,-0.1924,-0.5456,2.25,0.313,28.104,-4.1366,-10.7361,0.2,0.0,0.0,0.0,-1.5883,-1.0428,-1.5,2.4207,-0.4055,0,0,1,0.822,0.515,0.485,0,0,0.0,3,SEARCH_PHASE,-0.2823,-0.1924
907,103.905,-3.8803,-10.5679,28.2918,-0.2813,-0.1891,-0.5461,2.239,0.307,28.093,-4.1366,-10.7361,0.2,0.0,0.0,0.0,-1.5885,-1.0424,-1.5,2.4207,-0.4257,0,0,1,0.824,0.517,0.483,0,0,0.0,3,SEARCH_PHASE,-0.2813,-0.1891
908,104.018,-3.886,-10.5716,28.2809,-0.282,-0.1851,-0.5459,2.228,0.3,28.082,-4.1366,-10.7361,0.2,0.0,0.0,0.0,-1.5885,-1.0424,-1.5,2.4207,-0.4036,0,0,1,0.825,0.518,0.482,0,0,0.0,3,SEARCH_PHASE,-0.282,-0.1851
909,104.13,-3.8916,-10.5753,28.27,-0.2811,-0.1821,-0.5457,2.217,0.293,28.071,-4.1366,-10.7361,0.2,0.0,0.0,0.0,-1.5884,-1.0426,-1.5,2.4207,-0.4252,0,0,1,0.826,0.52,0.48,0,0,0.0,3,SEARCH_PHASE,-0.2811,-0.1821
910,104.242,-3.8972,-10.5788,28.259,-0.2817,-0.1786,-0.5456,2.206,0.286,28.061,-4.1366,-10.7361,0.2,0.0,0.0,0.0,-1.588,-1.0432,-1.5,2.4207,-0.4027,0,0,1,0.827,0.519,0.481,0,0,0.0,3,SEARCH_PHASE,-0.2817,-0.1786
911,104.356,-3.9029,-10.5824,28.2481,-0.2804,-0.1764,-0.5456,2.195,0.28,28.05,-4.1366,-10.7361,0.2,0.0,0.0,0.0,-1.5875,-1.0439,-1.5,2.4207,-0.4252,0,0,1,0.828,0.52,0.48,0,0,0.0,3,SEARCH_PHASE,-0.2804,-0.1764
912,104.47,-3.9085,-10.5858,28.2372,-0.2801,-0.1739,-0.5455,2.184,0.273,28.039,-4.1366,-10.7361,0.2,0.0,0.0,0.0,-1.5869,-1.0449,-1.5,2.4207,-0.4023,0,0,1,0.829,0.522,0.478,0,0,0.0,3,SEARCH_PHASE,-0.2801,-0.1739
913,104.583,-3.914,-10.5893,28.2263,-0.2779,-0.1729,-0.5456,2.173,0.267,28.028,-4.1366,-10.7361,0.2,0.0,0.0,0.0,-1.5862,-1.0459,-1.5,2.4207,-0.427,0,0,1,0.831,0.523,0.477,0,0,0.0,3,SEARCH_PHASE,-0.2779,-0.1729
914,104.697,-3.9195,-10.5927,28.2154,-0.2765,-0.1719,-0.5455,2.162,0.26,28.017,-4.1366,-10.7361,0.2,0.0,0.0,0.0,-1.5855,-1.047,-1.5,2.4207,-0.4036,0,0,1,0.832,0.526,0.474,0,0,0.0,3,SEARCH_PHASE,-0.2765,-0.1719
915,104.81,-3.925,-10.5962,28.2045,-0.274,-0.173,-0.5456,2.151,0.254,28.006,-4.1366,-10.7361,0.2,0.0,0.0,0.0,-1.585,-1.0478,-1.5,2.4207,-0.4057,0,0,1,0.833,0.527,0.473,0,0,0.0,3,SEARCH_PHASE,-0.274,-0.173
916,104.922,-3.9305,-10.5997,28.1936,-0.2731,-0.1744,-0.546,2.141,0.247,27.995,-4.1366,-10.7361,0.2,0.0,0.0,0.0,-1.5845,-1.0484,-1.5,2.4207,-0.3874,0,0,1,0.833,0.526,0.474,0,0,0.0,3,SEARCH_PHASE,-0.2731,-0.1744
917,105.037,-3.9359,-10.6032,28.1826,-0.2714,-0.1763,-0.5463,2.13,0.241,27.984,-4.1366,-10.7361,0.2,0.0,0.0,0.0,-1.5859,-1.0464,-1.5,2.4207,-0.4135,0,0,1,0.834,0.528,0.472,0,0,0.0,3,SEARCH_PHASE,-0.2714,-0.1763
918,105.152,-3.9413,-10.6068,28.1717,-0.2719,-0.177,-0.5459,2.119,0.234,27.973,-4.1366,-10.7361,0.2,0.0,0.0,0.0,-1.5868,-1.045,-1.5,2.4207,-0.3952,0,0,1,0.834,0.527,0.473,0,0,0.0,3,SEARCH_PHASE,-0.2719,-0.177
919,105.264,-3.9468,-10.6103,28.1608,-0.2715,-0.1782,-0.5457,2.108,0.228,27.962,-4.1366,-10.7361,0.2,0.0,0.0,0.0,-1.5912,-1.0383,-1.5,2.4207,-0.4215,0,0,1,0.835,0.528,0.472,0,0,0.0,3,SEARCH_PHASE,-0.2715,-0.1782
920,105.379,-3.9522,-10.6139,28.1499,-0.2731,-0.1783,-0.5455,2.097,0.221,27.951,-4.1366,-10.7361,0.2,0.0,0.0,0.0,-1.5935,-1.0348,-1.5,2.4207,-0.4041,0,0,1,0.836,0.528,0.472,0,0,0.0,3,SEARCH_PHASE,-0.2731,-0.1783
921,105.491,-3.9577,-10.6175,28.139,-0.2736,-0.1792,-0.5457,2.086,0.215,27.94,-4.1366,-10.7361,0.2,0.0,0.0,0.0,-1.6031,-1.0199,-1.5,2.4207,-0.4195,0,0,1,0.837,0.53,0.47,0,0,0.0,3,SEARCH_PHASE,-0.2736,-0.1792
922,105.604,-3.9632,-10.6211,28.1281,-0.2757,-0.1793,-0.5462,2.075,0.208,27.929,-4.1366,-10.7361,0.2,0.0,0.0,0.0,-1.608,-1.0121,-1.5,2.4207,-0.3964,0,0,1,0.838,0.531,0.469,0,0,0.0,3,SEARCH_PHASE,-0.2757,-0.1793
923,105.719,-3.9688,-10.6247,28.1172,-0.2766,-0.1802,-0.5458,2.064,0.201,27.918,-4.1366,-10.7361,0.2,0.0,0.0,0.0,-1.6226,-0.9885,-1.5,2.4207,-0.4183,0,0,1,0.839,0.531,0.469,0,0,0.0,3,SEARCH_PHASE,-0.2766,-0.1802
924,105.833,-3.9743,-10.6283,28.1062,-0.2793,-0.1802,-0.5456,2.053,0.195,27.907,-4.1366,-10.7361,0.2,0.0,0.0,0.0,-1.6335,-0.9704,-1.5,2.4207,-0.3964,0,0,1,0.84,0.532,0.468,0,0,0.0,3,SEARCH_PHASE,-0.2793,-0.1802
925,105.948,-3.98,-10.6319,28.0953,-0.2805,-0.1811,-0.5455,2.042,0.188,27.896,-4.1366,-10.7361,0.2,0.0,0.0,0.0,-1.6564,-0.9308,-1.5,2.4207,-0.4187,0,0,1,0.841,0.534,0.466,0,0,0.0,3,SEARCH_PHASE,-0.2805,-0.1811
926,106.063,-3.9856,-10.6355,28.0844,-0.2832,-0.1814,-0.5454,2.031,0.181,27.885,-4.1366,-10.7361,0.2,0.0,0.0,0.0,-1.6724,-0.9017,-1.5,2.4207,-0.3966,0,0,1,0.842,0.532,0.468,0,0,0.0,3,SEARCH_PHASE,-0.2832,-0.1814
927,106.176,-3.9913,-10.6392,28.0735,-0.2841,-0.1828,-0.5454,2.02,0.175,27.874,-4.1366,-10.7361,0.2,0.0,0.0,0.0,-1.6943,-0.859,-1.5,2.4205,-0.4193,0,0,1,0.844,0.532,0.468,0,0,0.0,3,SEARCH_PHASE,-0.2841,-0.1828
928,106.291,-3.997,-10.6428,28.0626,-0.2861,-0.1839,-0.5453,2.01,0.168,27.863,-4.1366,-10.7361,0.2,0.0,0.0,0.0,-1.7153,-0.8158,-1.5,2.4203,-0.397,0,0,1,0.845,0.532,0.468,0,0,0.0,3,SEARCH_PHASE,-0.2861,-0.1839
929,106.426,-4.0027,-10.6466,28.0517,-0.2861,-0.1865,-0.5455,1.999,0.161,27.852,-4.1366,-10.7361,0.2,0.0,0.0,0.0,-1.7351,-0.7721,-1.5,2.42,-0.3996,0,0,1,0.846,0.536,0.464,0,0,0.0,3,SEARCH_PHASE,-0.2861,-0.1865
930,106.548,-4.0085,-10.6504,28.0408,-0.2868,-0.1889,-0.5457,1.988,0.154,27.841,-4.1366,-10.7361,0.2,0.0,0.0,0.0,-1.7517,-0.7359,-1.5,2.4207,-0.3824,0,0,1,0.845,0.538,0.462,0,0,0.0,3,SEARCH_PHASE,-0.2868,-0.1889
931,106.671,-4.0142,-10.6542,28.0299,-0.2857,-0.1913,-0.546,1.977,0.147,27.83,-4.1366,-10.7361,0.2,0.0,0.0,0.0,-1.7697,-0.6914,-1.5,2.4207,0.0025,0,0,1,0.846,0.538,0.462,0,0,0.0,3,SEARCH_PHASE,-0.2857,-0.1913
932,106.797,-4.0199,-10.658,28.0189,-0.286,-0.192,-0.5458,1.966,0.14,27.819,-4.1366,-10.7361,0.2,0.0,0.0,0.0,-1.7749,-0.678,-1.5,2.4207,0.012,0,0,1,0.846,0.537,0.463,0,0,0.0,3,SEARCH_PHASE,-0.286,-0.192
933,106.918,-4.0256,-10.6619,28.008,-0.2847,-0.1924,-0.5456,1.955,0.134,27.808,-4.1366,-10.7361,0.2,0.0,0.0,0.0,-1.7911,-0.6328,-1.5,2.4204,-0.0058,0,0,1,0.848,0.539,0.461,0,0,0.0,3,SEARCH_PHASE,-0.2847,-0.1924
934,107.037,-4.0313,-10.6657,27.9971,-0.2848,-0.1919,-0.5455,1.944,0.127,27.797,-4.1366,-10.7361,0.2,0.0,0.0,0.0,-1.8007,-0.6063,-1.5,2.4207,0.0144,0,0,1,0.847,0.537,0.463,0,0,0.0,3,SEARCH_PHASE,-0.2848,-0.1919
935,107.155,-4.037,-10.6695,27.9862,-0.2832,-0.1918,-0.5454,1.933,0.12,27.786,-4.1366,-10.7361,0.2,0.0,0.0,0.0,-1.815,-0.5605,-1.5,2.4204,-0.0024,0,0,1,0.848,0.538,0.462,0,0,0.0,3,SEARCH_PHASE,-0.2832,-0.1918
936,107.269,-4.0426,-10.6734,27.9753,-0.2834,-0.1906,-0.5455,1.922,0.113,27.776,-4.1366,-10.7361,0.2,0.0,0.0,0.0,-1.8203,-0.5447,-1.5,2.4207,0.0139,0,0,1,0.848,0.536,0.464,0,0,0.0,3,SEARCH_PHASE,-0.2834,-0.1906
937,107.383,-4.0483,-10.6771,27.9644,-0.2823,-0.1895,-0.5454,1.911,0.106,27.765,-4.1366,-10.7361,0.2,0.0,0.0,0.0,-1.833,-0.4984,-1.5,2.4204,-0.002,0,0,1,0.849,0.54,0.46,0,0,0.0,3,SEARCH_PHASE,-0.2823,-0.1895
938,107.499,-4.0539,-10.6809,27.9535,-0.2832,-0.1873,-0.5455,1.9,0.099,27.754,-4.1366,-10.7361,0.2,0.0,0.0,0.0,-1.8452,-0.452,-1.5,2.4205,0.0004,0,0,1,0.849,0.539,0.461,0,0,0.0,3,SEARCH_PHASE,-0.2832,-0.1873
939,107.613,-4.0596,-10.6846,27.9426,-0.2831,-0.1853,-0.5455,1.89,0.093,27.743,-4.1366,-10.7361,0.2,0.0,0.0,0.0,-1.8547,-0.4049,-1.5,2.4195,-0.0146,0,0,1,0.851,0.537,0.463,0,0,0.0,3,SEARCH_PHASE,-0.2831,-0.1853
940,107.728,-4.0653,-10.6883,27.9317,-0.2847,-0.1833,-0.5454,1.879,0.086,27.732,-4.1366,-10.7361,0.2,0.0,0.0,0.0,-1.8641,-0.3578,-1.5,2.4193,0.0024,0,0,1,0.851,0.544,0.456,0,0,0.0,3,SEARCH_PHASE,-0.2847,-0.1833
941,107.844,-4.071,-10.6919,27.9208,-0.2851,-0.1825,-0.5454,1.868,0.079,27.721,-4.1366,-10.7361,0.2,0.0,0.0,0.0,-1.8709,-0.3103,-1.5,2.418,-0.0116,0,0,1,0.852,0.54,0.46,0,0,0.0,3,SEARCH_PHASE,-0.2851,-0.1825
942,107.964,-4.0768,-10.6955,27.9099,-0.2876,-0.1815,-0.5455,1.857,0.072,27.71,-4.1366,-10.7361,0.2,0.0,0.0,0.0,-1.8781,-0.2629,-1.5,2.4179,0.0078,0,0,1,0.852,0.544,0.456,0,0,0.0,3,SEARCH_PHASE,-0.2876,-0.1815
943,108.083,-4.0825,-10.6992,27.8989,-0.2892,-0.1815,-0.5455,1.846,0.065,27.699,-4.1366,-10.7361,0.2,0.0,0.0,0.0,-1.8827,-0.2151,-1.5,2.4168,-0.0053,0,0,1,0.854,0.545,0.455,0,0,0.0,3,SEARCH_PHASE,-0.2892,-0.1815
944,108.206,-4.0884,-10.7028,27.888,-0.2924,-0.181,-0.5455,1.835,0.059,27.688,-4.1366,-10.7361,0.2,0.0,0.0,0.0,-1.8881,-0.1674,-1.5,2.4172,0.0071,0,0,1,0.853,0.545,0.455,0,0,0.0,3,SEARCH_PHASE,-0.2924,-0.181
945,108.324,-4.0943,-10.7064,27.8771,-0.2944,-0.1808,-0.5455,1.824,0.052,27.677,-4.1366,-10.7361,0.2,0.0,0.0,0.0,-1.8907,-0.1195,-1.5,2.4164,-0.005,0,0,1,0.854,0.545,0.455,0,0,0.0,3,SEARCH_PHASE,-0.2944,-0.1808
946,108.439,-4.1002,-10.71,27.8662,-0.2983,-0.1802,-0.5458,1.813,0.045,27.666,-4.1366,-10.7361,0.2,0.0,0.0,0.0,-1.8927,-0.0715,-1.5,2.4161,-0.0045,0,0,1,0.855,0.545,0.455,0,0,0.0,3,SEARCH_PHASE,-0.2983,-0.1802
947,108.553,-4.1063,-10.7136,27.8553,-0.3011,-0.18,-0.5457,1.802,0.038,27.655,-4.1366,-10.7361,0.2,0.0,0.0,0.0,-1.891,-0.0235,-1.5,2.4138,-0.0156,0,0,1,0.857,0.546,0.454,0,0,0.0,3,SEARCH_PHASE,-0.3011,-0.18
948,108.67,-4.1124,-10.7172,27.8444,-0.3049,-0.1803,-0.5456,1.791,0.031,27.644,-4.1366,-10.7361,0.2,0.0,0.0,0.0,-1.8896,0.0244,-1.5,2.4127,-0.003,0,0,1,0.857,0.546,0.454,0,0,0.0,3,SEARCH_PHASE,-0.3049,-0.1803
949,108.783,-4.1185,-10.7209,27.8335,-0.3065,-0.1818,-0.5455,1.78,0.024,27.633,-4.1366,-10.7361,0.2,0.0,0.0,0.0,-1.8852,0.0722,-1.5,2.4102,-0.0128,0,0,1,0.858,0.548,0.452,0,0,0.0,3,SEARCH_PHASE,-0.3065,-0.1818
950,108.897,-4.1247,-10.7245,27.8226,-0.3095,-0.1837,-0.5456,1.77,0.017,27.623,-4.1366,-10.7361,0.2,0.0,0.0,0.0,-1.883,0.1202,-1.5,2.4104,0.0034,0,0,1,0.859,0.545,0.455,0,0,0.0,3,SEARCH_PHASE,-0.3095,-0.1837
951,109.011,-4.1309,-10.7283,27.8116,-0.3106,-0.1866,-0.5455,1.759,0.01,27.612,-4.1366,-10.7361,0.2,0.0,0.0,0.0,-1.8801,0.1681,-1.5,2.411,-0.0052,0,0,1,0.86,0.549,0.451,0,0,0.0,3,SEARCH_PHASE,-0.3106,-0.1866
952,109.131,-4.1371,-10.732,27.8007,-0.3126,-0.1893,-0.5453,1.748,0.004,27.601,-4.1366,-10.7361,0.2,0.0,0.0,0.0,-1.8535,0.208,-1.5,2.3934,-0.0434,0,0,1,0.863,0.549,0.451,0,0,0.0,3,SEARCH_PHASE,-0.3126,-0.1893
953,109.244,-4.1434,-10.7359,27.7899,-0.3124,-0.1924,-0.5442,1.737,0.007,27.59,-4.1366,-10.7361,0.2,0.0,0.0,0.0,-1.8111,0.2307,-1.5,2.3629,-0.0506,0,0,1,0.866,0.55,0.45,0,0,0.0,3,SEARCH_PHASE,-0.3124,-0.1924
954,109.358,-4.1496,-10.7399,27.779,-0.3105,-0.1991,-0.5435,1.726,0.014,27.579,-4.1366,-10.7361,0.2,0.0,0.0,0.0,-1.771,0.257,-1.5,2.3351,-0.0063,0,0,1,0.869,0.554,0.446,0,0,0.0,3,SEARCH_PHASE,-0.3105,-0.1991
955,109.473,-4.1557,-10.7441,27.7681,-0.3038,-0.2099,-0.5421,1.715,0.021,27.568,-4.1366,-10.7361,0.2,0.0,0.0,0.0,-1.7317,0.2845,-1.5,2.3086,0.032,0,0,1,0.869,0.556,0.444,0,0,0.0,3,SEARCH_PHASE,-0.3038,-0.2099
956,109.584,-4.1615,-10.7485,27.7574,-0.2914,-0.2214,-0.5395,1.704,0.028,27.557,-4.1366,-10.7361,0.2,0.0,0.0,0.0,-1.6926,0.3124,-1.5,2.2831,0.0752,0,0,1,0.869,0.558,0.442,0,0,0.0,3,SEARCH_PHASE,-0.2914,-0.2214
957,109.696,-4.167,-10.7531,27.7467,-0.2728,-0.2303,-0.5343,1.694,0.035,27.547,-4.1366,-10.7361,0.2,0.0,0.0,0.0,-1.6538,0.3406,-1.5,2.2585,0.0861,0,0,1,0.868,0.562,0.438,0,0,0.0,3,SEARCH_PHASE,-0.2728,-0.2303
958,109.806,-4.1719,-10.7578,27.7361,-0.2469,-0.2328,-0.5268,1.683,0.041,27.536,-4.1366,-10.7361,0.2,0.0,0.0,0.0,-1.6147,0.3685,-1.5,2.2345,0.0965,0,0,1,0.867,0.56,0.44,0,0,0.0,3,SEARCH_PHASE,-0.2469,-0.2328
959,109.917,-4.1761,-10.7623,27.7257,-0.2121,-0.2275,-0.5209,1.673,0.047,27.526,-4.1366,-10.7361,0.2,0.0,0.0,0.0,-1.5759,0.3968,-1.5,2.2115,0.0513,0,0,1,0.866,0.561,0.439,0,0,0.0,3,SEARCH_PHASE,-0.2121,-0.2275
960,110.03,-4.1796,-10.7666,27.7154,-0.1721,-0.214,-0.518,1.662,0.053,27.515,-4.1366,-10.7361,0.2,0.0,0.0,0.0,-1.5368,0.4246,-1.5,2.1891,0.0931,0,0,1,0.865,0.563,0.437,0,0,0.0,3,SEARCH_PHASE,-0.1721,-0.214
961,110.143,-4.1821,-10.7705,27.705,-0.1274,-0.1958,-0.5167,1.652,0.057,27.505,-4.1366,-10.7361,0.2,0.0,0.0,0.0,-1.4979,0.4528,-1.5,2.1677,0.0466,0,0,1,0.865,0.562,0.438,0,0,0.0,3,SEARCH_PHASE,-0.1274,-0.1958
962,110.252,-4.1837,-10.7739,27.6946,-0.0786,-0.17,-0.5189,1.642,0.06,27.495,-4.1366,-10.7361,0.2,0.0,0.0,0.0,-1.4587,0.4804,-1.5,2.1468,0.0585,0,0,1,0.864,0.562,0.438,0,0,0.0,3,SEARCH_PHASE,-0.0786,-0.17
963,110.364,-4.1842,-10.7767,27.6842,-0.0265,-0.1399,-0.5236,1.631,0.063,27.484,-4.1366,-10.7361,0.2,0.0,0.0,0.0,-1.4197,0.5084,-1.5,2.127,0.0109,0,0,1,0.864,0.56,0.44,0,0,0.0,3,SEARCH_PHASE,-0.0265,-0.1399
964,110.474,-4.1837,-10.7788,27.6736,0.0256,-0.105,-0.5306,1.621,0.064,27.474,-4.1366,-10.7361,0.2,0.0,0.0,0.0,-1.3803,0.5359,-1.5,2.1077,0.0355,0,0,1,0.863,0.561,0.439,0,0,0.0,3,SEARCH_PHASE,0.0256,-0.105
965,110.582,-4.1822,-10.7802,27.6628,0.0776,-0.0686,-0.538,1.61,0.063,27.463,-4.1366,-10.7361,0.2,0.0,0.0,0.0,-1.3414,0.5639,-1.5,2.0898,-0.0111,0,0,1,0.863,0.561,0.439,0,0,0.0,3,SEARCH_PHASE,0.0776,-0.0686
966,110.703,-4.1796,-10.7808,27.6519,0.1273,-0.0292,-0.5459,1.599,0.062,27.452,-4.1366,-10.7361,0.2,0.0,0.0,0.0,-1.3021,0.5915,-1.5,2.0725,0.0298,0,0,1,0.861,0.559,0.441,0,0,0.0,3,SEARCH_PHASE,0.1273,-0.0292
967,110.82,-4.1761,-10.7806,27.6408,0.1745,0.0101,-0.553,1.588,0.059,27.441,-4.1366,-10.7361,0.2,0.0,0.0,0.0,-1.2633,0.6198,-1.5,2.0567,-0.0128,0,0,1,0.861,0.56,0.44,0,0,0.0,3,SEARCH_PHASE,0.1745,0.0101
968,110.931,-4.1718,-10.7795,27.6296,0.219,0.0522,-0.5597,1.577,0.056,27.43,-4.1366,-10.7361,0.2,0.0,0.0,0.0,-1.2245,0.648,-1.5,2.0419,-0.0141,0,0,1,0.86,0.559,0.441,0,0,0.0,3,SEARCH_PHASE,0.219,0.0522
969,111.043,-4.1665,-10.7776,27.6183,0.2606,0.094,-0.5641,1.565,0.051,27.418,-4.1366,-10.7361,0.2,0.0,0.0,0.0,-1.1863,0.6771,-1.5,2.0288,-0.0085,0,0,1,0.859,0.559,0.441,0,0,0.0,3,SEARCH_PHASE,0.2606,0.094
970,111.163,-4.1606,-10.7749,27.607,0.2956,0.1353,-0.5672,1.554,0.046,27.407,-4.1366,-10.7361,0.2,0.0,0.0,0.0,-1.1483,0.7065,-1.5,2.0169,-0.0131,0,0,1,0.858,0.555,0.445,0,0,0.0,3,SEARCH_PHASE,0.2956,0.1353
971,111.281,-4.1541,-10.7714,27.5956,0.3273,0.1761,-0.569,1.543,0.039,27.396,-4.1366,-10.7361,0.2,0.0,0.0,0.0,-1.1118,0.7376,-1.5,2.0075,-0.0391,0,0,1,0.858,0.554,0.446,0,0,0.0,3,SEARCH_PHASE,0.3273,0.1761
972,111.39,-4.147,-10.7671,27.5842,0.3519,0.2166,-0.569,1.531,0.033,27.384,-4.1366,-10.7361,0.2,0.0,0.0,0.0,-1.0766,0.7702,-1.5,2.0006,-0.0039,0,0,1,0.856,0.553,0.447,0,0,0.0,3,SEARCH_PHASE,0.3519,0.2166
973,111.49,-4.1396,-10.762,27.5729,0.3703,0.2538,-0.5677,1.52,0.026,27.373,-4.1366,-10.7361,0.2,0.0,0.0,0.0,-1.0455,0.8068,-1.5,1.9985,-0.0457,0,0,1,0.857,0.55,0.45,0,0,0.0,3,SEARCH_PHASE,0.3703,0.2538
974,111.596,-4.132,-10.7562,27.5616,0.3826,0.291,-0.5657,1.509,0.021,27.362,-4.1366,-10.7361,0.2,0.0,0.0,0.0,-1.0228,0.8491,-1.5,2.0043,-0.0324,0,0,1,0.856,0.549,0.451,0,0,0.0,3,SEARCH_PHASE,0.3826,0.291
975,111.715,-4.1242,-10.7497,27.5503,0.3888,0.3245,-0.5618,1.497,0.018,27.35,-4.1366,-10.7361,0.2,0.0,0.0,0.0,-1.0256,0.897,-1.5,2.0265,-0.0362,0,0,1,0.854,0.545,0.455,0,0,0.0,3,SEARCH_PHASE,0.3888,0.3245
976,111.828,-4.1165,-10.7426,27.5392,0.3866,0.3555,-0.5562,1.486,0.021,27.339,-4.1366,-10.7361,0.2,0.0,0.0,0.0,-1.0689,0.9178,-1.5,2.0579,-0.0735,0,0,1,0.856,0.543,0.457,0,0,0.0,3,SEARCH_PHASE,0.3866,0.3555
977,111.93,-4.109,-10.7349,27.5282,0.3728,0.3836,-0.5487,1.475,0.028,27.328,-4.1366,-10.7361,0.2,0.0,0.0,0.0,-1.1161,0.9094,-1.5,2.0791,-0.0928,0,0,1,0.859,0.547,0.453,0,0,0.0,3,SEARCH_PHASE,0.3728,0.3836
978,112.026,-4.1021,-10.7268,27.5174,0.3478,0.4057,-0.5399,1.464,0.036,27.317,-4.1366,-10.7361,0.2,0.0,0.0,0.0,-1.163,0.8992,-1.5,2.1003,-0.1415,0,0,1,0.864,0.548,0.452,0,0,0.0,3,SEARCH_PHASE,0.3478,0.4057
979,112.13,-4.0958,-10.7184,27.5069,0.3133,0.4197,-0.5292,1.454,0.044,27.307,-4.1366,-10.7361,0.2,0.0,0.0,0.0,-1.2085,0.8838,-1.5,2.1193,-0.0989,0,0,1,0.867,0.543,0.457,0,0,0.0,3,SEARCH_PHASE,0.3133,0.4197
980,112.229,-4.0904,-10.71,27.4965,0.2695,0.4216,-0.5202,1.443,0.053,27.297,-4.1366,-10.7361,0.2,0.0,0.0,0.0,-1.2555,0.8739,-1.5,2.1424,-0.1028,0,0,1,0.87,0.548,0.452,0,0,0.0,3,SEARCH_PHASE,0.2695,0.4216
981,112.33,-4.0861,-10.7017,27.4862,0.2175,0.4147,-0.5143,1.433,0.061,27.286,-4.1366,-10.7361,0.2,0.0,0.0,0.0,-1.3035,0.874,-1.5,2.1709,-0.1026,0,0,1,0.873,0.547,0.453,0,0,0.0,3,SEARCH_PHASE,0.2175,0.4147
982,112.432,-4.0828,-10.6937,27.4759,0.1609,0.3991,-0.5111,1.423,0.068,27.276,-4.1366,-10.7361,0.2,0.0,0.0,0.0,-1.3492,0.8886,-1.5,2.2045,-0.1088,0,0,1,0.877,0.549,0.451,0,0,0.0,3,SEARCH_PHASE,0.1609,0.3991
983,112.537,-4.0808,-10.6862,27.4657,0.1031,0.3741,-0.5103,1.413,0.075,27.266,-4.1366,-10.7361,0.2,0.0,0.0,0.0,-1.3876,0.9174,-1.5,2.2399,-0.0981,0,0,1,0.88,0.55,0.45,0,0,0.0,3,SEARCH_PHASE,0.1031,0.3741
984,112.637,-4.08,-10.6794,27.4555,0.0412,0.3405,-0.5135,1.402,0.08,27.256,-4.1366,-10.7361,0.2,0.0,0.0,0.0,-1.4007,0.9636,-1.5,2.2672,-0.0889,0,0,1,0.885,0.548,0.452,0,0,0.0,3,SEARCH_PHASE,0.0412,0.3405
985,112.737,-4.0804,-10.6734,27.4451,-0.0207,0.2982,-0.5197,1.392,0.084,27.245,-4.1366,-10.7361,0.2,0.0,0.0,0.0,-1.4076,1.0111,-1.5,2.2921,-0.0394,0,0,1,0.886,0.551,0.449,0,0,0.0,3,SEARCH_PHASE,-0.0207,0.2982
986,112.836,-4.082,-10.6685,27.4345,-0.0805,0.2491,-0.5291,1.381,0.087,27.235,-4.1366,-10.7361,0.2,0.0,0.0,0.0,-1.4006,1.0585,-1.5,2.3091,-0.0413,0,0,1,0.888,0.555,0.445,0,0,0.0,3,SEARCH_PHASE,-0.0805,0.2491
987,112.937,-4.0848,-10.6645,27.4237,-0.1389,0.1965,-0.5396,1.371,0.088,27.224,-4.1366,-10.7361,0.2,0.0,0.0,0.0,-1.3857,1.1042,-1.5,2.3215,-0.0193,0,0,1,0.89,0.555,0.445,0,0,0.0,3,SEARCH_PHASE,-0.1389,0.1965
988,113.04,-4.0886,-10.6617,27.4127,-0.1927,0.14,-0.5494,1.36,0.089,27.213,-4.1366,-10.7361,0.2,0.0,0.0,0.0,-1.3666,1.1482,-1.5,2.3315,-0.0206,0,0,1,0.891,0.558,0.442,0,0,0.0,3,SEARCH_PHASE,-0.1927,0.14
989,113.146,-4.0934,-10.6601,27.4016,-0.2417,0.0813,-0.5572,1.349,0.087,27.202,-4.1366,-10.7361,0.2,0.0,0.0,0.0,-1.3427,1.1899,-1.5,2.3385,0.0096,0,0,1,0.893,0.562,0.438,0,0,0.0,3,SEARCH_PHASE,-0.2417,0.0813
990,113.249,-4.0991,-10.6597,27.3903,-0.2834,0.02,-0.5639,1.337,0.085,27.19,-4.1366,-10.7361,0.2,0.0,0.0,0.0,-1.3177,1.2308,-1.5,2.3455,0.0048,0,0,1,0.894,0.561,0.439,0,0,0.0,3,SEARCH_PHASE,-0.2834,0.02
991,113.357,-4.1055,-10.6605,27.3789,-0.3181,-0.0402,-0.57,1.326,0.082,27.179,-4.1366,-10.7361,0.2,0.0,0.0,0.0,-1.2935,1.2723,-1.5,2.3541,0.0073,0,0,1,0.895,0.559,0.441,0,0,0.0,3,SEARCH_PHASE,-0.3181,-0.0402
992,113.461,-4.1125,-10.6625,27.3674,-0.3489,-0.1007,-0.5744,1.314,0.077,27.168,-4.1366,-10.7361,0.2,0.0,0.0,0.0,-1.2667,1.3121,-1.5,2.3614,0.0476,0,0,1,0.896,0.564,0.436,0,0,0.0,3,SEARCH_PHASE,-0.3489,-0.1007
993,113.562,-4.1199,-10.6657,27.3559,-0.3723,-0.1614,-0.5766,1.303,0.072,27.156,-4.1366,-10.7361,0.2,0.0,0.0,0.0,-1.2391,1.3514,-1.5,2.3689,0.0207,0,0,1,0.897,0.566,0.434,0,0,0.0,3,SEARCH_PHASE,-0.3723,-0.1614
994,113.676,-4.1277,-10.6701,27.3443,-0.3883,-0.2182,-0.5768,1.291,0.067,27.144,-4.1366,-10.7361,0.2,0.0,0.0,0.0,-1.2076,1.3876,-1.5,2.3735,0.0504,0,0,1,0.898,0.569,0.431,0,0,0.0,3,SEARCH_PHASE,-0.3883,-0.2182
995,113.786,-4.1356,-10.6756,27.3328,-0.3977,-0.2736,-0.5759,1.28,0.061,27.133,-4.1366,-10.7361,0.2,0.0,0.0,0.0,-1.1755,1.4233,-1.5,2.3785,0.057,0,0,1,0.899,0.568,0.432,0,0,0.0,3,SEARCH_PHASE,-0.3977,-0.2736
996,113.905,-4.1436,-10.6821,27.3214,-0.3998,-0.3249,-0.5731,1.268,0.054,27.121,-4.1366,-10.7361,0.2,0.0,0.0,0.0,-1.1403,1.4559,-1.5,2.3812,0.0597,0,0,1,0.9,0.571,0.429,0,0,0.0,3,SEARCH_PHASE,-0.3998,-0.3249
997,114.014,-4.1515,-10.6895,27.31,-0.3958,-0.3716,-0.5682,1.257,0.049,27.11,-4.1366,-10.7361,0.2,0.0,0.0,0.0,-1.1046,1.4881,-1.5,2.3842,0.0559,0,0,1,0.9,0.576,0.424,0,0,0.0,3,SEARCH_PHASE,-0.3958,-0.3716
998,114.122,-4.1592,-10.6978,27.2987,-0.3822,-0.4131,-0.5629,1.246,0.044,27.099,-4.1366,-10.7361,0.2,0.0,0.0,0.0,-1.0675,1.5185,-1.5,2.3865,0.0615,0,0,1,0.901,0.579,0.421,0,0,0.0,3,SEARCH_PHASE,-0.3822,-0.4131
999,114.231,-4.1664,-10.7068,27.2876,-0.363,-0.4496,-0.5568,1.235,0.042,27.088,-4.1366,-10.7361,0.2,0.0,0.0,0.0,-1.0291,1.5472,-1.5,2.388,0.0642,0,0,1,0.902,0.581,0.419,0,0,0.0,3,SEARCH_PHASE,-0.363,-0.4496
1000,114.342,-4.1731,-10.7164,27.2766,-0.3348,-0.4808,-0.5504,1.224,0.041,27.077,-4.1366,-10.7361,0.2,0.0,0.0,0.0,-0.9897,1.5746,-1.5,2.3893,0.0863,0,0,1,0.903,0.585,0.415,0,0,0.0,3,SEARCH_PHASE,-0.3348,-0.4808
1001,114.456,-4.1791,-10.7265,27.2657,-0.3007,-0.5064,-0.543,1.213,0.044,27.066,-4.1366,-10.7361,0.2,0.0,0.0,0.0,-0.9502,1.6019,-1.5,2.3915,0.0895,0,0,1,0.904,0.587,0.413,0,0,0.0,3,SEARCH_PHASE,-0.3007,-0.5064
1002,114.571,-4.1843,-10.737,27.255,-0.2586,-0.5248,-0.5363,1.202,0.048,27.055,-4.1366,-10.7361,0.2,0.0,0.0,0.0,-0.9104,1.6288,-1.5,2.3941,0.1272,0,0,1,0.904,0.591,0.409,0,0,0.0,3,SEARCH_PHASE,-0.2586,-0.5248
1003,114.686,-4.1885,-10.7477,27.2444,-0.2112,-0.5352,-0.5288,1.191,0.053,27.044,-4.1366,-10.7361,0.2,0.0,0.0,0.0,-0.8714,1.6567,-1.5,2.3987,0.1103,0,0,1,0.904,0.591,0.409,0,0,0.0,3,SEARCH_PHASE,-0.2112,-0.5352
1004,114.798,-4.1917,-10.7584,27.234,-0.1578,-0.5349,-0.5229,1.181,0.059,27.034,-4.1366,-10.7361,0.2,0.0,0.0,0.0,-0.8331,1.6857,-1.5,2.4054,0.1338,0,0,1,0.904,0.588,0.412,0,0,0.0,3,SEARCH_PHASE,-0.1578,-0.5349
1005,114.91,-4.1937,-10.7689,27.2236,-0.102,-0.5246,-0.5174,1.171,0.066,27.024,-4.1366,-10.7361,0.2,0.0,0.0,0.0,-0.8164,1.7156,-1.5,2.4207,0.1192,0,0,1,0.903,0.589,0.411,0,0,0.0,3,SEARCH_PHASE,-0.102,-0.5246
1006,115.023,-4.1946,-10.779,27.2133,-0.0415,-0.5032,-0.5149,1.16,0.072,27.013,-4.1366,-10.7361,0.2,0.0,0.0,0.0,-0.8594,1.6942,-1.5,2.4205,0.1117,0,0,1,0.901,0.586,0.414,0,0,0.0,3,SEARCH_PHASE,-0.0415,-0.5032
1007,115.139,-4.1942,-10.7884,27.203,0.0194,-0.4712,-0.515,1.15,0.078,27.003,-4.1366,-10.7361,0.2,0.0,0.0,0.0,-0.902,1.6722,-1.5,2.4207,0.067,0,0,1,0.901,0.586,0.414,0,0,0.0,3,SEARCH_PHASE,0.0194,-0.4712
1008,115.258,-4.1926,-10.797,27.1926,0.0785,-0.4307,-0.5187,1.14,0.083,26.993,-4.1366,-10.7361,0.2,0.0,0.0,0.0,-0.9297,1.657,-1.5,2.4207,0.1022,0,0,1,0.899,0.586,0.414,0,0,0.0,3,SEARCH_PHASE,0.0785,-0.4307
1009,115.375,-4.1899,-10.8047,27.1822,0.1366,-0.3844,-0.5234,1.129,0.087,26.982,-4.1366,-10.7361,0.2,0.0,0.0,0.0,-0.9135,1.666,-1.5,2.4207,0.1008,0,0,1,0.894,0.584,0.416,0,0,0.0,3,SEARCH_PHASE,0.1366,-0.3844
1010,115.493,-4.186,-10.8113,27.1716,0.1927,-0.3293,-0.53,1.119,0.09,26.972,-4.1366,-10.7361,0.2,0.0,0.0,0.0,-0.8879,1.6798,-1.5,2.4207,0.0578,0,0,1,0.89,0.58,0.42,0,0,0.0,3,SEARCH_PHASE,0.1927,-0.3293
1011,115.619,-4.1812,-10.8166,27.1608,0.2433,-0.2658,-0.5381,1.108,0.092,26.961,-4.1366,-10.7361,0.2,0.0,0.0,0.0,-0.8451,1.7016,-1.5,2.4207,0.0354,0,0,1,0.884,0.577,0.423,0,0,0.0,3,SEARCH_PHASE,0.2433,-0.2658
1012,115.74,-4.1754,-10.8205,27.1499,0.2892,-0.1973,-0.5464,1.097,0.093,26.95,-4.1366,-10.7361,0.2,0.0,0.0,0.0,-0.8016,1.7219,-1.5,2.4202,0.0036,0,0,1,0.881,0.575,0.425,0,0,0.0,3,SEARCH_PHASE,0.2892,-0.1973
1013,115.863,-4.1688,-10.823,27.1388,0.3274,-0.1253,-0.5545,1.086,0.093,26.939,-4.1366,-10.7361,0.2,0.0,0.0,0.0,-0.7578,1.7414,-1.5,2.4201,0.0088,0,0,1,0.879,0.572,0.428,0,0,0.0,3,SEARCH_PHASE,0.3274,-0.1253
1014,115.968,-4.1617,-10.8241,27.1276,0.3582,-0.0532,-0.562,1.075,0.092,26.928,-4.1366,-10.7361,0.2,0.0,0.0,0.0,-0.7131,1.759,-1.5,2.4192,0.0039,0,0,1,0.874,0.57,0.43,0,0,0.0,3,SEARCH_PHASE,0.3582,-0.0532
1015,116.074,-4.154,-10.8237,27.1162,0.3834,0.0203,-0.5683,1.063,0.089,26.916,-4.1366,-10.7361,0.2,0.0,0.0,0.0,-0.6681,1.7757,-1.5,2.4186,-0.0376,0,0,1,0.871,0.565,0.435,0,0,0.0,3,SEARCH_PHASE,0.3834,0.0203
1016,116.178,-4.146,-10.8218,27.1048,0.3995,0.0949,-0.5724,1.052,0.086,26.905,-4.1366,-10.7361,0.2,0.0,0.0,0.0,-0.6236,1.7936,-1.5,2.4199,-0.0354,0,0,1,0.871,0.559,0.441,0,0,0.0,3,SEARCH_PHASE,0.3995,0.0949
1017,116.282,-4.1379,-10.8185,27.0932,0.4068,0.1662,-0.5757,1.04,0.082,26.893,-4.1366,-10.7361,0.2,0.0,0.0,0.0,-0.6048,1.8012,-1.5,2.4207,-0.0411,0,0,1,0.869,0.561,0.439,0,0,0.0,3,SEARCH_PHASE,0.4068,0.1662
1018,116.389,-4.1297,-10.8138,27.0817,0.4094,0.2347,-0.5775,1.029,0.078,26.882,-4.1366,-10.7361,0.2,0.0,0.0,0.0,-0.6501,1.7851,-1.5,2.4206,-0.0835,0,0,1,0.87,0.557,0.443,0,0,0.0,3,SEARCH_PHASE,0.4094,0.2347
1019,116.496,-4.1216,-10.8078,27.0701,0.4036,0.3002,-0.5771,1.017,0.073,26.87,-4.1366,-10.7361,0.2,0.0,0.0,0.0,-0.6949,1.7679,-1.5,2.4204,-0.0406,0,0,1,0.868,0.559,0.441,0,0,0.0,3,SEARCH_PHASE,0.4036,0.3002
1020,116.601,-4.1138,-10.8006,27.0587,0.39,0.3588,-0.5741,1.006,0.068,26.859,-4.1366,-10.7361,0.2,0.0,0.0,0.0,-0.739,1.749,-1.5,2.4198,-0.0869,0,0,1,0.87,0.551,0.449,0,0,0.0,3,SEARCH_PHASE,0.39,0.3588
1021,116.708,-4.1064,-10.7923,27.0473,0.3681,0.4138,-0.5701,0.994,0.064,26.847,-4.1366,-10.7361,0.2,0.0,0.0,0.0,-0.7823,1.7282,-1.5,2.4184,-0.0757,0,0,1,0.873,0.556,0.444,0,0,0.0,3,SEARCH_PHASE,0.3681,0.4138
1022,116.817,-4.0997,-10.7831,27.0359,0.3387,0.4612,-0.5659,0.983,0.06,26.836,-4.1366,-10.7361,0.2,0.0,0.0,0.0,-0.8247,1.7058,-1.5,2.4166,-0.0872,0,0,1,0.876,0.557,0.443,0,0,0.0,3,SEARCH_PHASE,0.3387,0.4612
1023,116.924,-4.0936,-10.7731,27.0247,0.3058,0.5018,-0.5602,0.972,0.057,26.825,-4.1366,-10.7361,0.2,0.0,0.0,0.0,-0.8662,1.6817,-1.5,2.4142,-0.0739,0,0,1,0.879,0.552,0.448,0,0,0.0,3,SEARCH_PHASE,0.3058,0.5018
1024,117.035,-4.0882,-10.7624,27.0136,0.2659,0.5349,-0.5551,0.961,0.055,26.814,-4.1366,-10.7361,0.2,0.0,0.0,0.0,-0.9067,1.656,-1.5,2.4113,-0.0875,0,0,1,0.882,0.562,0.438,0,0,0.0,3,SEARCH_PHASE,0.2659,0.5349
1025,117.14,-4.0838,-10.7512,27.0026,0.2232,0.5611,-0.5499,0.95,0.055,26.803,-4.1366,-10.7361,0.2,0.0,0.0,0.0,-0.9464,1.629,-1.5,2.4082,-0.1126,0,0,1,0.886,0.56,0.44,0,0,0.0,3,SEARCH_PHASE,0.2232,0.5611
1026,117.247,-4.0803,-10.7396,26.9918,0.1737,0.58,-0.5437,0.939,0.056,26.792,-4.1366,-10.7361,0.2,0.0,0.0,0.0,-0.9861,1.6019,-1.5,2.4059,-0.1123,0,0,1,0.891,0.569,0.431,0,0,0.0,3,SEARCH_PHASE,0.1737,0.58
1027,117.353,-4.0779,-10.7278,26.981,0.1193,0.5888,-0.5382,0.928,0.059,26.781,-4.1366,-10.7361,0.2,0.0,0.0,0.0,-1.0253,1.5742,-1.5,2.4041,-0.1197,0,0,1,0.895,0.568,0.432,0,0,0.0,3,SEARCH_PHASE,0.1193,0.5888
1028,117.463,-4.0767,-10.716,26.9704,0.0632,0.5885,-0.5323,0.917,0.063,26.77,-4.1366,-10.7361,0.2,0.0,0.0,0.0,-1.065,1.5473,-1.5,2.4039,-0.1208,0,0,1,0.901,0.572,0.428,0,0,0.0,3,SEARCH_PHASE,0.0632,0.5885
1029,117.57,-4.0766,-10.7045,26.9598,0.0032,0.5774,-0.5284,0.907,0.068,26.76,-4.1366,-10.7361,0.2,0.0,0.0,0.0,-1.1052,1.521,-1.5,2.4052,-0.1143,0,0,1,0.907,0.576,0.424,0,0,0.0,3,SEARCH_PHASE,0.0032,0.5774
1030,117.681,-4.0777,-10.6933,26.9493,-0.0575,0.5566,-0.5254,0.896,0.073,26.749,-4.1366,-10.7361,0.2,0.0,0.0,0.0,-1.1461,1.4959,-1.5,2.4085,-0.1378,0,0,1,0.911,0.575,0.425,0,0,0.0,3,SEARCH_PHASE,-0.0575,0.5566
1031,117.799,-4.0801,-10.6828,26.9388,-0.1159,0.5255,-0.523,0.886,0.078,26.739,-4.1366,-10.7361,0.2,0.0,0.0,0.0,-1.1869,1.4706,-1.5,2.4127,-0.1184,0,0,1,0.914,0.579,0.421,0,0,0.0,3,SEARCH_PHASE,-0.1159,0.5255
1032,117.915,-4.0836,-10.6732,26.9283,-0.1747,0.4833,-0.5235,0.875,0.082,26.728,-4.1366,-10.7361,0.2,0.0,0.0,0.0,-1.2274,1.4448,-1.5,2.4174,-0.1024,0,0,1,0.917,0.576,0.424,0,0,0.0,3,SEARCH_PHASE,-0.1747,0.4833
1033,118.032,-4.0881,-10.6645,26.9178,-0.2299,0.4308,-0.5259,0.865,0.086,26.718,-4.1366,-10.7361,0.2,0.0,0.0,0.0,-1.2656,1.4158,-1.5,2.4199,-0.0581,0,0,1,0.919,0.58,0.42,0,0,0.0,3,SEARCH_PHASE,-0.2299,0.4308
1034,118.161,-4.0938,-10.6571,26.9072,-0.2801,0.3706,-0.5312,0.854,0.09,26.707,-4.1366,-10.7361,0.2,0.0,0.0,0.0,-1.3016,1.384,-1.5,2.4206,-0.0482,0,0,1,0.921,0.58,0.42,0,0,0.0,3,SEARCH_PHASE,-0.2801,0.3706
1035,118.298,-4.1003,-10.651,26.8965,-0.3258,0.3052,-0.5366,0.843,0.093,26.697,-4.1366,-10.7361,0.2,0.0,0.0,0.0,-1.3153,1.3711,-1.5,2.4207,-0.0693,0,0,1,0.923,0.587,0.413,0,0,0.0,3,SEARCH_PHASE,-0.3258,0.3052
1036,118.432,-4.1075,-10.6463,26.8856,-0.3633,0.2351,-0.5415,0.833,0.094,26.686,-4.1366,-10.7361,0.2,0.0,0.0,0.0,-1.3256,1.3611,-1.5,2.4207,-0.0232,0,0,1,0.925,0.585,0.415,0,0,0.0,3,SEARCH_PHASE,-0.3633,0.2351
1037,118.552,-4.1154,-10.6431,26.8747,-0.3937,0.16,-0.5489,0.822,0.095,26.675,-4.1366,-10.7361,0.2,0.0,0.0,0.0,-1.343,1.344,-1.5,2.4207,-0.0149,0,0,1,0.926,0.582,0.418,0,0,0.0,3,SEARCH_PHASE,-0.3937,0.16
1038,118.671,-4.1238,-10.6415,26.8636,-0.4181,0.0823,-0.5554,0.811,0.095,26.664,-4.1366,-10.7361,0.2,0.0,0.0,0.0,-1.3464,1.3406,-1.5,2.4207,0.0258,0,0,1,0.928,0.583,0.417,0,0,0.0,3,SEARCH_PHASE,-0.4181,0.0823
1039,118.793,-4.1324,-10.6414,26.8523,-0.4328,0.0029,-0.5606,0.799,0.095,26.653,-4.1366,-10.7361,0.2,0.0,0.0,0.0,-1.3665,1.3201,-1.5,2.4207,0.0136,0,0,1,0.929,0.588,0.412,0,0,0.0,3,SEARCH_PHASE,-0.4328,0.0029
1040,118.917,-4.1412,-10.6429,26.841,-0.4386,-0.0742,-0.5653,0.788,0.093,26.641,-4.1366,-10.7361,0.2,0.0,0.0,0.0,-1.3506,1.3364,-1.5,2.4207,0.022,0,0,1,0.931,0.592,0.408,0,0,0.0,3,SEARCH_PHASE,-0.4386,-0.0742
1041,119.041,-4.15,-10.6459,26.8297,-0.4383,-0.1503,-0.5691,0.777,0.091,26.63,-4.1366,-10.7361,0.2,0.0,0.0,0.0,-1.3542,1.3328,-1.5,2.4207,0.0638,0,0,1,0.949,0.599,0.401,0,0,0.0,3,SEARCH_PHASE,-0.4383,-0.1503
1042,119.167,-4.1585,-10.6504,26.8182,-0.4284,-0.2248,-0.5715,0.765,0.088,26.618,-4.1366,-10.7361,0.2,0.0,0.0,0.0,-1.3266,1.3602,-1.5,2.4207,0.0545,0,0,1,0.95,0.595,0.405,0,0,0.0,3,SEARCH_PHASE,-0.4284,-0.2248
1043,119.296,-4.1667,-10.6563,26.8068,-0.4097,-0.2936,-0.5729,0.754,0.085,26.607,-4.1366,-10.7361,0.2,0.0,0.0,0.0,-1.3554,1.3315,-1.5,2.4207,0.0646,0,0,1,0.952,0.603,0.397,0,0,0.0,3,SEARCH_PHASE,-0.4097,-0.2936
1044,119.421,-4.1744,-10.6634,26.7953,-0.386,-0.358,-0.5722,0.742,0.082,26.595,-4.1366,-10.7361,0.2,0.0,0.0,0.0,-1.354,1.333,-1.5,2.4207,0.097,0,0,1,0.953,0.605,0.395,0,0,0.0,3,SEARCH_PHASE,-0.386,-0.358
1045,119.543,-4.1815,-10.6718,26.7839,-0.3536,-0.4168,-0.5698,0.731,0.078,26.584,-4.1366,-10.7361,0.2,0.0,0.0,0.0,-1.3592,1.3276,-1.5,2.4207,0.0811,0,0,1,0.954,0.607,0.393,0,0,0.0,3,SEARCH_PHASE,-0.3536,-0.4168
1046,119.658,-4.1878,-10.6811,26.7726,-0.3142,-0.467,-0.5669,0.72,0.075,26.573,-4.1366,-10.7361,0.2,0.0,0.0,0.0,-1.3249,1.3611,-1.5,2.4204,0.0969,0,0,1,0.955,0.612,0.388,0,0,0.0,3,SEARCH_PHASE,-0.3142,-0.467
1047,119.774,-4.1932,-10.6913,26.7613,-0.272,-0.5099,-0.5629,0.708,0.072,26.561,-4.1366,-10.7361,0.2,0.0,0.0,0.0,-1.2903,1.3943,-1.5,2.4205,0.081,0,0,1,0.955,0.614,0.386,0,0,0.0,3,SEARCH_PHASE,-0.272,-0.5099
1048,119.912,-4.1977,-10.7022,26.7502,-0.2235,-0.5442,-0.5591,0.697,0.07,26.55,-4.1366,-10.7361,0.2,0.0,0.0,0.0,-1.2544,1.4263,-1.5,2.4203,0.1095,0,0,1,0.956,0.615,0.385,0,0,0.0,3,SEARCH_PHASE,-0.2235,-0.5442
1049,120.067,-4.2012,-10.7136,26.7391,-0.1723,-0.5712,-0.5542,0.686,0.068,26.539,-4.1366,-10.7361,0.2,0.0,0.0,0.0,-1.2181,1.4577,-1.5,2.4205,0.0894,0,0,1,0.956,0.617,0.383,0,0,0.0,3,SEARCH_PHASE,-0.1723,-0.5712
1050,120.229,-4.2035,-10.7254,26.7281,-0.1169,-0.5889,-0.55,0.675,0.068,26.528,-4.1366,-10.7361,0.2,0.0,0.0,0.0,-1.1806,1.4876,-1.452,2.3906,0.1128,0,0,1,0.957,0.621,0.379,0,0,0.0,3,SEARCH_PHASE,-0.1169,-0.5889
1051,120.377,-4.2047,-10.7374,26.7172,-0.0608,-0.5983,-0.5451,0.664,0.068,26.517,-4.1366,-10.7361,0.2,0.0,0.0,0.0,-1.1669,1.4995,-1.5,2.4207,0.0922,0,0,1,0.957,0.621,0.379,0,0,0.0,3,SEARCH_PHASE,-0.0608,-0.5983
1052,120.516,-4.2047,-10.7493,26.7063,-0.0014,-0.5983,-0.5414,0.653,0.069,26.506,-4.1366,-10.7361,0.2,0.0,0.0,0.0,-1.1282,1.5279,-1.452,2.3907,0.1448,0,0,1,0.956,0.621,0.379,0,0,0.0,3,SEARCH_PHASE,-0.0014,-0.5983
1053,120.665,-4.2036,-10.7611,26.6956,0.0579,-0.5899,-0.5365,0.643,0.071,26.496,-4.1366,-10.7361,0.2,0.0,0.0,0.0,-1.0889,1.5554,-1.404,2.3614,0.0972,0,0,1,0.956,0.621,0.379,0,0,0.0,3,SEARCH_PHASE,0.0579,-0.5899
1054,120.796,-4.2013,-10.7725,26.6849,0.1156,-0.5692,-0.5328,0.632,0.074,26.485,-4.1366,-10.7361,0.2,0.0,0.0,0.0,-1.0498,1.5833,-1.356,2.3341,0.146,0,0,1,0.936,0.62,0.38,0,0,0.0,3,SEARCH_PHASE,0.1156,-0.5692
1055,120.94,-4.1978,-10.7833,26.6744,0.1728,-0.5397,-0.5293,0.621,0.077,26.474,-4.1366,-10.7361,0.2,0.0,0.0,0.0,-1.0237,1.6006,-1.308,2.3067,0.1034,0,0,1,0.935,0.618,0.382,0,0,0.0,3,SEARCH_PHASE,0.1728,-0.5397
1056,121.084,-4.1933,-10.7933,26.6638,0.2279,-0.4982,-0.5284,0.611,0.08,26.464,-4.1366,-10.7361,0.2,0.0,0.0,0.0,-1.0636,1.574,-1.26,2.2795,0.0989,0,0,1,0.934,0.615,0.385,0,0,0.0,3,SEARCH_PHASE,0.2279,-0.4982
1057,121.247,-4.1876,-10.8022,26.6532,0.2811,-0.4476,-0.5293,0.6,0.084,26.453,-4.1366,-10.7361,0.2,0.0,0.0,0.0,-1.1027,1.5461,-1.212,2.2528,0.0596,0,0,1,0.932,0.611,0.389,0,0,0.0,3,SEARCH_PHASE,0.2811,-0.4476
1058,121.4,-4.1811,-10.81,26.6426,0.3288,-0.389,-0.532,0.59,0.086,26.443,-4.1366,-10.7361,0.2,0.0,0.0,0.0,-1.141,1.5171,-1.164,2.2268,0.0913,0,0,1,0.93,0.612,0.388,0,0,0.0,3,SEARCH_PHASE,0.3288,-0.389
1059,121.521,-4.1736,-10.8165,26.6319,0.3708,-0.3249,-0.5345,0.579,0.089,26.432,-4.1366,-10.7361,0.2,0.0,0.0,0.0,-1.1781,1.4868,-1.116,2.2009,0.0454,0,0,1,0.928,0.609,0.391,0,0,0.0,3,SEARCH_PHASE,0.3708,-0.3249
1060,121.662,-4.1656,-10.8216,26.6211,0.4048,-0.2535,-0.5394,0.568,0.09,26.421,-4.1366,-10.7361,0.2,0.0,0.0,0.0,-1.2138,1.4546,-1.068,2.1748,0.0357,0,0,1,0.924,0.603,0.397,0,0,0.0,3,SEARCH_PHASE,0.4048,-0.2535
1061,121.786,-4.1569,-10.8251,26.6102,0.4321,-0.178,-0.5443,0.557,0.091,26.41,-4.1366,-10.7361,0.2,0.0,0.0,0.0,-1.2496,1.4227,-1.116,2.1979,-0.0059,0,0,1,0.921,0.606,0.394,0,0,0.0,3,SEARCH_PHASE,0.4321,-0.178
1062,121.899,-4.1479,-10.8271,26.5992,0.4492,-0.0993,-0.5492,0.546,0.092,26.399,-4.1366,-10.7361,0.2,0.0,0.0,0.0,-1.2853,1.3906,-1.164,2.2228,0.0132,0,0,1,0.916,0.593,0.407,0,0,0.0,3,SEARCH_PHASE,0.4492,-0.0993
1063,122.008,-4.1388,-10.8275,26.5882,0.4573,-0.021,-0.5532,0.535,0.091,26.388,-4.1366,-10.7361,0.2,0.0,0.0,0.0,-1.3214,1.3652,-1.212,2.2537,0.0014,0,0,1,0.907,0.594,0.406,0,0,0.0,3,SEARCH_PHASE,0.4573,-0.021
1064,122.111,-4.1296,-10.8264,26.577,0.4579,0.0583,-0.5576,0.524,0.091,26.377,-4.1366,-10.7361,0.2,0.0,0.0,0.0,-1.2861,1.3978,-1.26,2.2793,-0.0388,0,0,1,0.9,0.582,0.418,0,0,0.0,3,SEARCH_PHASE,0.4579,0.0583
1065,122.218,-4.1207,-10.8236,26.5658,0.4477,0.1376,-0.5622,0.513,0.089,26.366,-4.1366,-10.7361,0.2,0.0,0.0,0.0,-1.25,1.4293,-1.308,2.3057,-0.0683,0,0,1,0.899,0.587,0.413,0,0,0.0,3,SEARCH_PHASE,0.4477,0.1376
1066,122.324,-4.1121,-10.8193,26.5545,0.428,0.2139,-0.5649,0.501,0.087,26.355,-4.1366,-10.7361,0.2,0.0,0.0,0.0,-1.2141,1.4612,-1.356,2.334,-0.0503,0,0,1,0.899,0.584,0.416,0,0,0.0,3,SEARCH_PHASE,0.428,0.2139
1067,122.433,-4.1041,-10.8137,26.5431,0.4006,0.2839,-0.5671,0.49,0.084,26.343,-4.1366,-10.7361,0.2,0.0,0.0,0.0,-1.1876,1.4831,-1.404,2.3625,-0.0679,0,0,1,0.899,0.572,0.428,0,0,0.0,3,SEARCH_PHASE,0.4006,0.2839
1068,122.537,-4.0967,-10.8067,26.5317,0.3694,0.349,-0.5686,0.479,0.081,26.332,-4.1366,-10.7361,0.2,0.0,0.0,0.0,-1.2039,1.4699,-1.452,2.3913,-0.0984,0,0,1,0.902,0.58,0.42,0,0,0.0,3,SEARCH_PHASE,0.3694,0.349
1069,122.644,-4.0901,-10.7985,26.5204,0.3307,0.4082,-0.5687,0.467,0.078,26.32,-4.1366,-10.7361,0.2,0.0,0.0,0.0,-1.2223,1.4547,-1.5,2.4207,-0.0727,0,0,1,0.905,0.573,0.427,0,0,0.0,3,SEARCH_PHASE,0.3307,0.4082
1070,122.754,-4.0844,-10.7893,26.509,0.2865,0.4586,-0.5676,0.456,0.075,26.309,-4.1366,-10.7361,0.2,0.0,0.0,0.0,-1.2531,1.4282,-1.5,2.4207,-0.1099,0,0,1,0.912,0.579,0.421,0,0,0.0,3,SEARCH_PHASE,0.2865,0.4586
1071,122.865,-4.0796,-10.7793,26.4977,0.2375,0.5027,-0.5649,0.445,0.072,26.298,-4.1366,-10.7361,0.2,0.0,0.0,0.0,-1.2633,1.4192,-1.5,2.4207,-0.0757,0,0,1,0.915,0.581,0.419,0,0,0.0,3,SEARCH_PHASE,0.2375,0.5027
1072,122.973,-4.0759,-10.7686,26.4865,0.1856,0.5368,-0.5619,0.433,0.069,26.287,-4.1366,-10.7361,0.2,0.0,0.0,0.0,-1.2917,1.3934,-1.5,2.4207,-0.104,0,0,1,0.92,0.575,0.425,0,0,0.0,3,SEARCH_PHASE,0.1856,0.5368
1073,123.084,-4.0733,-10.7573,26.4753,0.1289,0.5648,-0.559,0.422,0.067,26.275,-4.1366,-10.7361,0.2,0.0,0.0,0.0,-1.299,1.3865,-1.5,2.4207,-0.1104,0,0,1,0.926,0.584,0.416,0,0,0.0,3,SEARCH_PHASE,0.1289,0.5648
1074,123.196,-4.0719,-10.7456,26.4642,0.0689,0.5832,-0.5562,0.411,0.065,26.264,-4.1366,-10.7361,0.2,0.0,0.0,0.0,-1.325,1.3618,-1.5,2.4207,-0.1083,0,0,1,0.929,0.59,0.41,0,0,0.0,3,SEARCH_PHASE,0.0689,0.5832
1075,123.306,-4.0718,-10.7337,26.4531,0.0081,0.5926,-0.5524,0.4,0.065,26.253,-4.1366,-10.7361,0.2,0.0,0.0,0.0,-1.3583,1.3285,-1.5,2.4207,-0.1477,0,0,1,0.933,0.593,0.407,0,0,0.0,3,SEARCH_PHASE,0.0081,0.5926
1076,123.424,-4.0728,-10.7219,26.4422,-0.053,0.5921,-0.5472,0.389,0.065,26.242,-4.1366,-10.7361,0.2,0.0,0.0,0.0,-1.3809,1.305,-1.5,2.4207,-0.1322,0,0,1,0.937,0.604,0.396,0,0,0.0,3,SEARCH_PHASE,-0.053,0.5921
1077,123.534,-4.0751,-10.7103,26.4313,-0.114,0.5791,-0.5425,0.378,0.067,26.231,-4.1366,-10.7361,0.2,0.0,0.0,0.0,-1.4072,1.2766,-1.5,2.4207,-0.1008,0,0,1,0.941,0.604,0.396,0,0,0.0,3,SEARCH_PHASE,-0.114,0.5791
1078,123.653,-4.0786,-10.6992,26.4206,-0.1738,0.5561,-0.5393,0.368,0.069,26.221,-4.1366,-10.7361,0.2,0.0,0.0,0.0,-1.439,1.2406,-1.5,2.4207,-0.1194,0,0,1,0.943,0.6,0.4,0,0,0.0,3,SEARCH_PHASE,-0.1738,0.5561
1079,123.768,-4.0832,-10.6887,26.4098,-0.2304,0.5247,-0.5357,0.357,0.071,26.21,-4.1366,-10.7361,0.2,0.0,0.0,0.0,-1.4694,1.2035,-1.5,2.4203,-0.1148,0,0,1,0.947,0.607,0.393,0,0,0.0,3,SEARCH_PHASE,-0.2304,0.5247
1080,123.881,-4.0889,-10.679,26.3992,-0.284,0.4827,-0.5332,0.346,0.074,26.199,-4.1366,-10.7361,0.2,0.0,0.0,0.0,-1.4849,1.1854,-1.5,2.4207,-0.0681,0,0,1,0.949,0.606,0.394,0,0,0.0,3,SEARCH_PHASE,-0.284,0.4827
1081,124.001,-4.0955,-10.6704,26.3885,-0.3312,0.4316,-0.5332,0.335,0.077,26.189,-4.1366,-10.7361,0.2,0.0,0.0,0.0,-1.5139,1.1472,-1.5,2.4203,-0.1065,0,0,1,0.967,0.6,0.4,0,0,0.0,3,SEARCH_PHASE,-0.3312,0.4316
1082,124.115,-4.103,-10.6629,26.3778,-0.3737,0.3745,-0.5335,0.325,0.081,26.178,-4.1366,-10.7361,0.2,0.0,0.0,0.0,-1.5352,1.1194,-1.5,2.4207,-0.0831,0,0,1,0.97,0.613,0.387,0,0,0.0,3,SEARCH_PHASE,-0.3737,0.3745
1083,124.228,-4.1112,-10.6568,26.3671,-0.4098,0.3081,-0.5351,0.314,0.083,26.167,-4.1366,-10.7361,0.2,0.0,0.0,0.0,-1.563,1.0802,-1.5,2.4207,-0.0414,0,0,1,0.972,0.608,0.392,0,0,0.0,3,SEARCH_PHASE,-0.4098,0.3081
1084,124.343,-4.1199,-10.6521,26.3564,-0.4382,0.2351,-0.5391,0.303,0.086,26.157,-4.1366,-10.7361,0.2,0.0,0.0,0.0,-1.5761,1.061,-1.5,2.4207,-0.0279,0,0,1,0.974,0.617,0.383,0,0,0.0,3,SEARCH_PHASE,-0.4382,0.2351
1085,124.458,-4.1291,-10.6489,26.3455,-0.4599,0.1585,-0.5434,0.292,0.088,26.146,-4.1366,-10.7361,0.2,0.0,0.0,0.0,-1.5525,1.0953,-1.5,2.4207,0.0123,0,0,1,0.975,0.618,0.382,0,0,0.0,3,SEARCH_PHASE,-0.4599,0.1585
1086,124.573,-4.1386,-10.6473,26.3346,-0.4714,0.0792,-0.5472,0.282,0.089,26.135,-4.1366,-10.7361,0.2,0.0,0.0,0.0,-1.5327,1.1229,-1.5,2.4207,-0.0194,0,0,1,0.976,0.621,0.379,0,0,0.0,3,SEARCH_PHASE,-0.4714,0.0792
1087,124.688,-4.1481,-10.6473,26.3236,-0.4742,0.0008,-0.5501,0.271,0.09,26.124,-4.1366,-10.7361,0.2,0.0,0.0,0.0,-1.5032,1.1607,-1.5,2.4201,0.0225,0,0,1,0.977,0.629,0.371,0,0,0.0,3,SEARCH_PHASE,-0.4742,0.0008
1088,124.801,-4.1574,-10.6489,26.3125,-0.4668,-0.0788,-0.5541,0.259,0.09,26.113,-4.1366,-10.7361,0.2,0.0,0.0,0.0,-1.4914,1.1771,-1.5,2.4207,0.0595,0,0,1,0.978,0.631,0.369,0,0,0.0,3,SEARCH_PHASE,-0.4668,-0.0788
1089,124.915,-4.1664,-10.652,26.3013,-0.4508,-0.1563,-0.558,0.248,0.089,26.101,-4.1366,-10.7361,0.2,0.0,0.0,0.0,-1.4609,1.2142,-1.5,2.4204,0.0448,0,0,1,0.979,0.639,0.361,0,0,0.0,3,SEARCH_PHASE,-0.4508,-0.1563
1090,125.034,-4.175,-10.6566,26.2901,-0.4275,-0.2285,-0.5603,0.237,0.088,26.09,-4.1366,-10.7361,0.2,0.0,0.0,0.0,-1.4298,1.2507,-1.5,2.4205,0.0816,0,0,1,0.979,0.639,0.361,0,0,0.0,3,SEARCH_PHASE,-0.4275,-0.2285
1091,125.168,-4.1828,-10.6625,26.2789,-0.3946,-0.2969,-0.5619,0.226,0.087,26.079,-4.1366,-10.7361,0.2,0.0,0.0,0.0,-1.422,1.2601,-1.5,2.4207,0.0676,0,0,1,0.979,0.648,0.352,0,0,0.0,3,SEARCH_PHASE,-0.3946,-0.2969
1092,125.306,-4.1899,-10.6697,26.2676,-0.3537,-0.3576,-0.5629,0.215,0.085,26.068,-4.1366,-10.7361,0.2,0.0,0.0,0.0,-1.3896,1.2954,-1.5,2.4205,0.0865,0,0,1,0.979,0.644,0.356,0,0,0.0,3,SEARCH_PHASE,-0.3537,-0.3576
1093,125.452,-4.1961,-10.6779,26.2564,-0.3081,-0.4125,-0.5626,0.203,0.083,26.056,-4.1366,-10.7361,0.2,0.0,0.0,0.0,-1.3861,1.2996,-1.5,2.4207,0.0992,0,0,1,0.98,0.652,0.348,0,0,0.0,3,SEARCH_PHASE,-0.3081,-0.4125
1094,125.591,-4.2012,-10.6871,26.2451,-0.2565,-0.459,-0.5622,0.192,0.081,26.045,-4.1366,-10.7361,0.2,0.0,0.0,0.0,-1.3522,1.3336,-1.5,2.4202,0.0705,0,0,1,0.98,0.658,0.342,0,0,0.0,3,SEARCH_PHASE,-0.2565,-0.459
1095,125.748,-4.2052,-10.697,26.2339,-0.2015,-0.4967,-0.5608,0.181,0.079,26.034,-4.1366,-10.7361,0.2,0.0,0.0,0.0,-1.3185,1.3678,-1.5,2.4206,0.12,0,0,1,0.98,0.657,0.343,0,0,0.0,3,SEARCH_PHASE,-0.2015,-0.4967
1096,125.904,-4.2081,-10.7076,26.2227,-0.1435,-0.5279,-0.5588,0.17,0.077,26.023,-4.1366,-10.7361,0.2,0.0,0.0,0.0,-1.3472,1.3398,-1.5,2.4207,0.0741,0,0,1,0.98,0.658,0.342,0,0,0.0,3,SEARCH_PHASE,-0.1435,-0.5279
1097,126.068,-4.2098,-10.7186,26.2116,-0.0843,-0.5488,-0.5565,0.159,0.075,26.012,-4.1366,-10.7361,0.2,0.0,0.0,0.0,-1.3665,1.3201,-1.5,2.4207,0.1238,0,0,1,0.98,0.662,0.338,0,0,0.0,3,SEARCH_PHASE,-0.0843,-0.5488
1098,126.234,-4.2102,-10.7298,26.2005,-0.0225,-0.5626,-0.5542,0.147,0.074,26.001,-4.1366,-10.7361,0.2,0.0,0.0,0.0,-1.3316,1.3532,-1.5,2.4195,0.0965,0,0,1,0.98,0.664,0.336,0,0,0.0,3,SEARCH_PHASE,-0.0225,-0.5626
1099,126.368,-4.2094,-10.7411,26.1895,0.0405,-0.566,-0.5515,0.136,0.073,25.99,-4.1366,-10.7361,0.2,0.0,0.0,0.0,-1.2965,1.3859,-1.5,2.419,0.1246,0,0,1,0.98,0.672,0.328,0,0,0.0,3,SEARCH_PHASE,0.0405,-0.566
1100,126.5,-4.2074,-10.7523,26.1785,0.1009,-0.5607,-0.5477,0.125,0.073,25.979,-4.1366,-10.7361,0.2,0.0,0.0,0.0,-1.26,1.417,-1.5,2.4178,0.0941,0,0,1,0.98,0.668,0.332,0,0,0.0,3,SEARCH_PHASE,0.1009,-0.5607
1101,126.611,-4.2042,-10.7632,26.1676,0.1618,-0.545,-0.545,0.115,0.073,25.968,-4.1366,-10.7361,0.2,0.0,0.0,0.0,-1.224,1.4488,-1.5,2.4181,0.1399,0,0,1,0.98,0.667,0.333,0,0,0.0,3,SEARCH_PHASE,0.1618,-0.545
1102,126.722,-4.1998,-10.7737,26.1568,0.22,-0.5208,-0.5412,0.104,0.073,25.957,-4.1366,-10.7361,0.2,0.0,0.0,0.0,-1.2327,1.4459,-1.5,2.4207,0.0943,0,0,1,0.98,0.671,0.329,0,0,0.0,3,SEARCH_PHASE,0.22,-0.5208
1103,126.839,-4.1943,-10.7834,26.146,0.2742,-0.4848,-0.539,0.093,0.075,25.946,-4.1366,-10.7361,0.2,0.0,0.0,0.0,-1.1946,1.4751,-1.5,2.4193,0.0847,0,0,1,0.98,0.671,0.329,0,0,0.0,3,SEARCH_PHASE,0.2742,-0.4848
1104,126.948,-4.1878,-10.7922,26.1352,0.326,-0.4407,-0.5385,0.082,0.076,25.935,-4.1366,-10.7361,0.2,0.0,0.0,0.0,-1.157,1.5049,-1.5,2.4194,0.0755,0,0,1,0.979,0.672,0.328,0,0,0.0,3,SEARCH_PHASE,0.326,-0.4407
1105,127.055,-4.1803,-10.8,26.1245,0.3726,-0.3897,-0.5381,0.071,0.077,25.925,-4.1366,-10.7361,0.2,0.0,0.0,0.0,-1.1541,1.5093,-1.5,2.4207,0.0814,0,0,1,0.979,0.669,0.331,0,0,0.0,3,SEARCH_PHASE,0.3726,-0.3897
1106,127.159,-4.1721,-10.8066,26.1137,0.4116,-0.332,-0.538,0.061,0.079,25.914,-4.1366,-10.7361,0.2,0.0,0.0,0.0,-1.1154,1.5377,-1.5,2.4205,0.0536,0,0,1,0.979,0.67,0.33,0,0,0.0,3,SEARCH_PHASE,0.4116,-0.332
1107,127.264,-4.1632,-10.812,26.1029,0.4447,-0.2677,-0.5389,0.05,0.08,25.903,-4.1366,-10.7361,0.2,0.0,0.0,0.0,-1.133,1.5253,-1.5,2.4207,0.0305,0,0,1,0.979,0.669,0.331,0,0,0.0,3,SEARCH_PHASE,0.4447,-0.2677
1108,127.375,-4.1538,-10.8159,26.0921,0.4684,-0.1988,-0.5406,0.039,0.082,25.892,-4.1366,-10.7361,0.2,0.0,0.0,0.0,-1.1597,1.505,-1.5,2.4207,0.0204,0,0,1,0.978,0.667,0.333,0,0,0.0,3,SEARCH_PHASE,0.4684,-0.1988
1109,127.485,-4.1441,-10.8185,26.0813,0.4849,-0.1276,-0.5424,0.039,0.083,25.881,-4.1366,-10.7361,0.2,0.0,0.0,0.0,-1.1213,1.5338,-1.5,2.4207,0.0035,0,0,1,0.978,0.666,0.334,0,0,0.0,3,SEARCH_PHASE,0.4849,-0.1276
1110,127.595,-4.1393,-10.8187,26.0757,0.2433,-0.011,-0.28,0.033,0.083,25.876,-4.1366,-10.7361,0.2,0.0,0.0,0.0,-1.1318,1.5261,-1.5,2.4207,-0.0183,0,0,1,0.979,0.671,0.329,0,0,0.0,3,SEARCH_PHASE,0.2433,-0.011
1111,127.708,-4.1369,-10.8185,26.0727,0.1201,0.0086,-0.1511,0.03,0.082,25.873,-4.1366,-10.7361,0.2,0.0,0.0,0.0,-1.1635,1.5021,-1.5,2.4207,0.0092,0,0,1,0.979,0.673,0.327,0,0,0.0,3,SEARCH_PHASE,0.1201,0.0086
1112,127.831,-4.1356,-10.8183,26.0708,0.0611,0.0107,-0.0916,0.472,0.082,25.871,-4.1366,-10.7361,0.2,0.0,0.0,0.0,-1.1252,1.531,-1.5,2.4207,0.0133,0,0,1,0.979,0.675,0.325,0,0,0.0,3,SEARCH_PHASE,0.0611,0.0107
1113,127.944,-4.135,-10.8181,26.0697,0.0329,0.01,-0.0561,0.471,0.082,25.87,-4.1366,-10.7361,0.2,0.0,0.0,0.0,-1.1266,1.53,-1.5,2.4207,0.0136,0,0,1,0.979,0.675,0.325,0,0,0.0,3,SEARCH_PHASE,0.0329,0.01
1114,128.054,-4.1346,-10.818,26.0691,0.0185,0.0073,-0.0302,0.471,0.082,25.869,-4.1366,-10.7361,0.2,0.0,0.0,0.0,-1.1263,1.5302,-1.5,2.4207,0.0134,0,0,1,0.979,0.675,0.325,0,0,0.0,3,SEARCH_PHASE,0.0185,0.0073
1115,128.162,-4.1344,-10.8178,26.0688,0.0119,0.0077,-0.017,0.471,0.082,25.869,-4.1366,-10.7361,0.2,0.0,0.0,0.0,-1.1226,1.5329,-1.5,2.4207,0.0127,0,0,1,0.979,0.675,0.325,0,0,0.0,3,SEARCH_PHASE,0.0119,0.0077
1116,128.269,-4.1342,-10.8177,26.0686,0.0089,0.0083,-0.0091,0.471,0.082,25.869,-4.1366,-10.7361,0.2,0.0,0.0,0.0,-1.117,1.537,-1.5,2.4207,0.013,0,0,1,0.979,0.675,0.325,0,0,0.0,3,SEARCH_PHASE,0.0089,0.0083
1117,128.381,-4.134,-10.8175,26.0685,0.0076,0.0089,-0.0038,0.471,0.081,25.869,-4.1366,-10.7361,0.2,0.0,0.0,0.0,-1.1097,1.5423,-1.5,2.4207,0.0135,0,0,1,0.979,0.675,0.325,0,0,0.0,3,SEARCH_PHASE,0.0076,0.0089
1118,128.507,-4.1339,-10.8173,26.0685,0.0071,0.0094,0.0003,0.471,0.081,25.869,-4.1366,-10.7361,0.2,0.0,0.0,0.0,-1.1012,1.5483,-1.5,2.4207,0.014,0,0,1,0.979,0.674,0.326,0,0,0.0,3,SEARCH_PHASE,0.0071,0.0094
1119,128.617,-4.1338,-10.8171,26.0686,0.0069,0.0099,0.0036,0.471,0.081,25.869,-4.1366,-10.7361,0.2,0.0,0.0,0.0,-1.0925,1.5545,-1.5,2.4207,0.0144,0,0,1,0.979,0.674,0.326,0,0,0.0,3,SEARCH_PHASE,0.0069,0.0099
1120,128.733,-4.1336,-10.8169,26.0687,0.0069,0.0104,0.0064,0.471,0.081,25.869,-4.1366,-10.7361,0.2,0.0,0.0,0.0,-1.0841,1.5603,-1.5,2.4207,0.0149,0,0,1,0.979,0.674,0.326,0,0,0.0,3,SEARCH_PHASE,0.0069,0.0104
1121,128.852,-4.1335,-10.8167,26.0689,0.0069,0.0109,0.009,0.471,0.081,25.869,-4.1366,-10.7361,0.2,0.0,0.0,0.0,-1.123,1.5322,-1.5,2.4205,0.0154,0,0,1,0.979,0.674,0.326,0,0,0.0,3,SEARCH_PHASE,0.0069,0.0109
1122,128.968,-4.1334,-10.8164,26.0691,0.007,0.0114,0.0114,0.472,0.08,25.869,-4.1366,-10.7361,0.2,0.0,0.0,0.0,-1.1228,1.5328,-1.5,2.4207,0.0159,0,0,1,0.979,0.674,0.326,0,0,0.0,3,SEARCH_PHASE,0.007,0.0114
1123,129.078,-4.1332,-10.8162,26.0694,0.0071,0.0119,0.0136,0.472,0.08,25.87,-4.1366,-10.7361,0.2,0.0,0.0,0.0,-1.1503,1.5122,-1.5,2.4207,0.0165,0,0,1,0.979,0.673,0.327,0,0,0.0,3,SEARCH_PHASE,0.0071,0.0119
1124,129.188,-4.1331,-10.8159,26.0697,0.0072,0.0124,0.0157,0.472,0.08,25.87,-4.1366,-10.7361,0.2,0.0,0.0,0.0,-1.146,1.5155,-1.5,2.4207,0.017,0,0,1,0.979,0.673,0.327,0,0,0.0,3,SEARCH_PHASE,0.0072,0.0124
1125,129.298,-4.1329,-10.8157,26.0701,0.0074,0.013,0.0178,0.473,0.08,25.87,-4.1366,-10.7361,0.2,0.0,0.0,0.0,-1.1413,1.519,-1.5,2.4207,0.0176,0,0,1,0.979,0.671,0.329,0,0,0.0,3,SEARCH_PHASE,0.0074,0.013
1126,129.408,-4.1328,-10.8154,26.0705,0.0075,0.0136,0.0197,0.473,0.079,25.871,-4.1366,-10.7361,0.2,0.0,0.0,0.0,-1.134,1.5245,-1.5,2.4207,0.0182,0,0,1,0.979,0.671,0.329,0,0,0.0,3,SEARCH_PHASE,0.0075,0.0136
1127,129.518,-4.1326,-10.8151,26.0709,0.0076,0.0143,0.0216,0.474,0.079,25.871,-4.1366,-10.7361,0.2,0.0,0.0,0.0,-1.1405,1.5196,-1.5,2.4207,0.0188,0,0,1,0.979,0.671,0.329,0,0,0.0,3,SEARCH_PHASE,0.0076,0.0143
1128,129.628,-4.1325,-10.8148,26.0714,0.0077,0.0149,0.0234,0.475,0.079,25.871,-4.1366,-10.7361,0.2,0.0,0.0,0.0,-1.134,1.5245,-1.5,2.4207,0.0195,0,0,1,0.979,0.67,0.33,0,0,0.0,3,SEARCH_PHASE,0.0077,0.0149
1129,129.738,-4.1323,-10.8145,26.0719,0.0079,0.0157,0.0252,0.03,0.079,25.872,-4.1366,-10.7361,0.2,0.0,0.0,0.0,-1.1261,1.5303,-1.5,2.4207,0.0202,0,0,1,0.979,0.672,0.328,0,0,0.0,3,SEARCH_PHASE,0.0079,0.0157
1130,129.848,-4.1321,-10.8142,26.0724,0.008,0.0164,0.027,0.03,0.078,25.873,-4.1366,-10.7361,0.2,0.0,0.0,0.0,-1.1168,1.5372,-1.5,2.4207,0.0209,0,0,1,0.979,0.672,0.328,0,0,0.0,3,SEARCH_PHASE,0.008,0.0164
1131,129.958,-4.132,-10.8138,26.0729,0.0074,0.0173,0.0271,0.03,0.078,25.873,-4.1366,-10.7361,0.2,0.0,0.0,0.0,-1.1551,1.5082,-1.5,2.4205,0.0215,0,0,1,0.979,0.673,0.327,0,0,0.0,3,SEARCH_PHASE,0.0074,0.0173
1132,130.068,-4.1319,-10.8135,26.0735,0.0072,0.0182,0.0282,0.03,0.078,25.874,-4.1366,-10.7361,0.2,0.0,0.0,0.0,-1.1634,1.5021,-1.5,2.4207,0.0223,0,0,1,0.979,0.674,0.326,0,0,0.0,3,SEARCH_PHASE,0.0072,0.0182
1133,130.178,-4.1317,-10.8131,26.0741,0.0071,0.0191,0.0297,0.032,0.077,25.874,-4.1366,-10.7361,0.2,0.0,0.0,0.0,-1.1281,1.5289,-1.5,2.4207,0.0232,0,0,1,0.979,0.673,0.327,0,0,0.0,3,SEARCH_PHASE,0.0071,0.0191
1134,130.288,-4.1316,-10.8127,26.0747,0.0072,0.0201,0.0314,0.032,0.077,25.875,-4.1366,-10.7361,0.2,0.0,0.0,0.0,-1.153,1.5102,-1.5,2.4207,0.024,0,0,1,0.979,0.674,0.326,0,0,0.0,3,SEARCH_PHASE,0.0072,0.0201
1135,130.399,-4.1314,-10.8123,26.0754,0.0072,0.0211,0.0332,0.033,0.076,25.876,-4.1366,-10.7361,0.2,0.0,0.0,0.0,-1.145,1.5163,-1.5,2.4207,0.0249,0,0,1,0.979,0.674,0.326,0,0,0.0,3,SEARCH_PHASE,0.0072,0.0211
1136,130.509,-4.1313,-10.8118,26.0761,0.0073,0.0222,0.035,0.034,0.076,25.876,-4.1366,-10.7361,0.2,0.0,0.0,0.0,-1.1484,1.5136,-1.5,2.4207,0.0259,0,0,1,0.979,0.672,0.328,0,0,0.0,3,SEARCH_PHASE,0.0073,0.0222
1137,130.62,-4.1311,-10.8114,26.0768,0.0074,0.0234,0.0368,0.034,0.075,25.877,-4.1366,-10.7361,0.2,0.0,0.0,0.0,-1.1424,1.5182,-1.5,2.4207,0.0269,0,0,1,0.979,0.672,0.328,0,0,0.0,3,SEARCH_PHASE,0.0074,0.0234
1138,130.731,-4.131,-10.8109,26.0776,0.0074,0.0246,0.0387,0.035,0.075,25.878,-4.1366,-10.7361,0.2,0.0,0.0,0.0,-1.133,1.5252,-1.5,2.4207,0.0279,0,0,1,0.979,0.673,0.327,0,0,0.0,3,SEARCH_PHASE,0.0074,0.0246
1139,130.847,-4.1308,-10.8104,26.0784,0.0075,0.0259,0.0405,0.036,0.074,25.879,-4.1366,-10.7361,0.2,0.0,0.0,0.0,-1.1684,1.4982,-1.5,2.4207,0.029,0,0,1,0.979,0.672,0.328,0,0,0.0,3,SEARCH_PHASE,0.0075,0.0259
1140,130.954,-4.1307,-10.8098,26.0793,0.0076,0.0273,0.0423,0.037,0.074,25.879,-4.1366,-10.7361,0.2,0.0,0.0,0.0,-1.1302,1.5272,-1.5,2.4207,0.0301,0,0,1,0.979,0.672,0.328,0,0,0.0,3,SEARCH_PHASE,0.0076,0.0273
1141,131.062,-4.1305,-10.8092,26.0801,0.0076,0.0287,0.0441,0.038,0.073,25.88,-4.1366,-10.7361,0.2,0.0,0.0,0.0,-1.1596,1.5051,-1.5,2.4207,0.0313,0,0,1,0.979,0.673,0.327,0,0,0.0,3,SEARCH_PHASE,0.0076,0.0287
1142,131.17,-4.1304,-10.8086,26.0811,0.0076,0.0303,0.0459,0.039,0.073,25.881,-4.1366,-10.7361,0.2,0.0,0.0,0.0,-1.1684,1.4983,-1.5,2.4207,0.0325,0,0,1,0.979,0.672,0.328,0,0,0.0,3,SEARCH_PHASE,0.0076,0.0303
1143,131.275,-4.1302,-10.808,26.082,0.0077,0.0319,0.0477,0.039,0.072,25.882,-4.1366,-10.7361,0.2,0.0,0.0,0.0,-1.1513,1.5115,-1.5,2.4207,0.0338,0,0,1,0.979,0.672,0.328,0,0,0.0,3,SEARCH_PHASE,0.0077,0.0319
1144,131.38,-4.1301,-10.8073,26.083,0.0077,0.0337,0.0494,0.03,0.072,25.883,-4.1366,-10.7361,0.2,0.0,0.0,0.0,-1.1401,1.52,-1.5,2.4207,0.0352,0,0,1,0.979,0.671,0.329,0,0,0.0,3,SEARCH_PHASE,0.0077,0.0337
1145,131.484,-4.1299,-10.8066,26.084,0.0077,0.0355,0.0512,0.03,0.071,25.884,-4.1366,-10.7361,0.2,0.0,0.0,0.0,-1.128,1.529,-1.5,2.4207,0.0366,0,0,1,0.979,0.672,0.328,0,0,0.0,3,SEARCH_PHASE,0.0077,0.0355
1146,131.588,-4.1298,-10.8059,26.0851,0.0077,0.0375,0.0529,0.032,0.07,25.885,-4.1366,-10.7361,0.2,0.0,0.0,0.0,-1.1127,1.5401,-1.5,2.4207,0.038,0,0,1,0.979,0.671,0.329,0,0,0.0,3,SEARCH_PHASE,0.0077,0.0375
1147,131.698,-4.1296,-10.8051,26.0862,0.0076,0.0395,0.0546,0.033,0.069,25.886,-4.1366,-10.7361,0.2,0.0,0.0,0.0,-1.1506,1.5106,-1.5,2.4199,0.0396,0,0,1,0.979,0.67,0.33,0,0,0.0,3,SEARCH_PHASE,0.0076,0.0395
1148,131.803,-4.1295,-10.8042,26.0873,0.0076,0.0417,0.0563,0.034,0.069,25.887,-4.1366,-10.7361,0.2,0.0,0.0,0.0,-1.1887,1.4814,-1.5,2.4202,0.0412,0,0,1,0.979,0.671,0.329,0,0,0.0,3,SEARCH_PHASE,0.0076,0.0417
1149,131.908,-4.1293,-10.8034,26.0885,0.0075,0.044,0.0579,0.035,0.068,25.889,-4.1366,-10.7361,0.2,0.0,0.0,0.0,-1.1938,1.4781,-1.5,2.4207,0.0428,0,0,1,0.979,0.665,0.335,0,0,0.0,3,SEARCH_PHASE,0.0075,0.044
1150,132.012,-4.1292,-10.8024,26.0897,0.0074,0.0464,0.0595,0.037,0.067,25.89,-4.1366,-10.7361,0.2,0.0,0.0,0.0,-1.1763,1.4921,-1.5,2.4207,0.0445,0,0,1,0.979,0.664,0.336,0,0,0.0,3,SEARCH_PHASE,0.0074,0.0464
1151,132.117,-4.129,-10.8014,26.0909,0.0072,0.049,0.061,0.038,0.066,25.891,-4.1366,-10.7361,0.2,0.0,0.0,0.0,-1.1842,1.4858,-1.5,2.4207,0.0463,0,0,1,0.979,0.658,0.342,0,0,0.0,3,SEARCH_PHASE,0.0072,0.049
1152,132.223,-4.1289,-10.8004,26.0921,0.0071,0.0516,0.0623,0.039,0.065,25.892,-4.1366,-10.7361,0.2,0.0,0.0,0.0,-1.2187,1.4577,-1.5,2.4207,0.0482,0,0,1,0.979,0.665,0.335,0,0,0.0,3,SEARCH_PHASE,0.0071,0.0516
1153,132.329,-4.1287,-10.7993,26.0934,0.0069,0.0544,0.0635,0.04,0.064,25.893,-4.1366,-10.7361,0.2,0.0,0.0,0.0,-1.2517,1.4294,-1.5,2.4207,0.0501,0,0,1,0.979,0.666,0.334,0,0,0.0,3,SEARCH_PHASE,0.0069,0.0544
1154,132.436,-4.1286,-10.7982,26.0947,0.0067,0.0574,0.0645,0.042,0.063,25.895,-4.1366,-10.7361,0.2,0.0,0.0,0.0,-1.2237,1.4534,-1.5,2.4207,0.052,0,0,1,0.979,0.66,0.34,0,0,0.0,3,SEARCH_PHASE,0.0067,0.0574
1155,132.541,-4.1285,-10.797,26.096,0.0064,0.0604,0.0654,0.043,0.061,25.896,-4.1366,-10.7361,0.2,0.0,0.0,0.0,-1.1998,1.4733,-1.5,2.4207,0.0541,0,0,1,0.979,0.647,0.353,0,0,0.0,3,SEARCH_PHASE,0.0064,0.0604
1156,132.645,-4.1284,-10.7957,26.0973,0.0061,0.0636,0.0659,0.044,0.06,25.897,-4.1366,-10.7361,0.2,0.0,0.0,0.0,-1.2111,1.464,-1.5,2.4207,0.0562,0,0,1,0.979,0.656,0.344,0,0,0.0,3,SEARCH_PHASE,0.0061,0.0636
1157,132.751,-4.1282,-10.7944,26.0986,0.0057,0.0669,0.0661,0.046,0.059,25.899,-4.1366,-10.7361,0.2,0.0,0.0,0.0,-1.2475,1.4327,-1.5,2.4205,0.0583,0,0,1,0.979,0.649,0.351,0,0,0.0,3,SEARCH_PHASE,0.0057,0.0669
1158,132.855,-4.1282,-10.793,26.0999,0.0023,0.0703,0.0658,0.047,0.057,25.9,-4.1366,-10.7361,0.2,0.0,0.0,0.0,-1.2332,1.4454,-1.5,2.4207,0.0624,0,0,1,0.979,0.648,0.352,0,0,0.0,3,SEARCH_PHASE,0.0023,0.0703
1159,132.959,-4.1282,-10.7914,26.1013,0.0011,0.0751,0.0658,0.048,0.056,25.901,-4.1366,-10.7361,0.2,0.0,0.0,0.0,-1.1961,1.4759,-1.5,2.4205,0.0572,0,0,1,0.979,0.649,0.351,0,0,0.0,3,SEARCH_PHASE,0.0011,0.0751
1160,133.063,-4.1281,-10.7899,26.1025,0.001,0.0792,0.0635,0.049,0.054,25.903,-4.1366,-10.7361,0.2,0.0,0.0,0.0,-1.1907,1.4806,-1.5,2.4207,0.0659,0,0,1,0.979,0.655,0.345,0,0,0.0,3,SEARCH_PHASE,0.001,0.0792
1161,133.168,-4.1281,-10.7882,26.1038,0.001,0.0832,0.0626,0.051,0.053,25.904,-4.1366,-10.7361,0.2,0.0,0.0,0.0,-1.2026,1.471,-1.5,2.4207,0.0684,0,0,1,0.979,0.661,0.339,0,0,0.0,3,SEARCH_PHASE,0.001,0.0832
1162,133.271,-4.1281,-10.7865,26.105,0.001,0.0871,0.0609,0.052,0.051,25.905,-4.1366,-10.7361,0.2,0.0,0.0,0.0,-1.1647,1.5005,-1.5,2.4203,0.0709,0,0,1,0.979,0.654,0.346,0,0,0.0,3,SEARCH_PHASE,0.001,0.0871
