step,time_s,pos_x,pos_y,pos_z,vel_x,vel_y,vel_z,agl,dist_xy,dist_3d,target_x,target_y,target_z,plat_vel_x,plat_vel_y,plat_vel_z,cmd_vx,cmd_vy,cmd_vz,cmd_speed,cmd_yaw,landing_phase,descent_phase,assist_type,collision_risk,clutter_density,navigability,escape_active,pred_escape_active,threat_acc
0,0.0,20.9748,7.7392,25.6487,0.0,0.0,0.0,0.071,31.176,40.244,-4.1366,-10.7361,0.2,0.0,0.0,0.0,-0.048,-0.0011,0.048,0.0679,-0.7981,0,0,0,0.979,0.68,0.32,0,0,0.0
1,0.128,20.9748,7.7392,25.6491,0.0,0.0,0.0186,0.071,31.176,40.244,-4.1366,-10.7361,0.2,0.0,0.0,0.0,-0.096,-0.0016,0.096,0.1358,-0.794,0,0,0,0.978,0.68,0.32,0,0,0.0
2,0.251,20.9748,7.7392,25.65,-0.0,0.0,0.0478,0.072,31.176,40.245,-4.1366,-10.7361,0.2,0.0,0.0,0.0,-0.144,-0.0017,0.144,0.2036,-0.7915,0,0,0,0.978,0.68,0.32,0,0,0.0
3,0.375,20.9748,7.7392,25.6517,-0.003,-0.0,0.0844,0.074,31.176,40.246,-4.1366,-10.7361,0.2,0.0,0.0,0.0,-0.192,-0.0004,0.192,0.2715,-0.7868,0,0,0,0.978,0.68,0.32,0,0,1.0
4,0.501,20.9746,7.7392,25.6542,-0.006,-0.0001,0.1255,0.076,31.175,40.247,-4.1366,-10.7361,0.2,0.0,0.0,0.0,-0.2399,0.0013,0.24,0.3394,-0.7747,0,0,0,0.978,0.68,0.32,0,0,2.0
5,0.582,20.9744,7.7392,25.6576,-0.0123,-0.0004,0.1699,0.079,31.175,40.249,-4.1366,-10.7361,0.2,0.0,0.0,0.0,-0.2878,0.0047,0.288,0.4072,-0.7979,0,0,0,0.978,0.68,0.32,0,0,3.0
6,0.663,20.974,7.7392,25.662,-0.0213,0.0,0.2164,0.084,31.175,40.252,-4.1366,-10.7361,0.2,0.0,0.0,0.0,-0.3357,0.0073,0.336,0.4751,-0.7619,0,0,0,0.976,0.679,0.321,0,0,4.0
7,0.743,20.9732,7.7391,25.6672,-0.0366,-0.0017,0.2638,0.089,31.174,40.254,-4.1366,-10.7361,0.2,0.0,0.0,0.0,-0.3835,0.0117,0.384,0.5429,-0.7859,0,0,0,0.976,0.679,0.321,0,0,5.0
8,0.823,20.9721,7.7391,25.6735,-0.0542,-0.0022,0.3122,0.095,31.173,40.258,-4.1366,-10.7361,0.2,0.0,0.0,0.0,-0.4312,0.0172,0.432,0.6106,-0.7497,0,0,0,0.976,0.679,0.321,0,0,6.0
9,0.903,20.9706,7.739,25.6807,-0.0775,-0.0043,0.3606,0.102,31.172,40.261,-4.1366,-10.7361,0.2,0.0,0.0,0.0,-0.4788,0.0239,0.48,0.6784,-0.7742,0,0,0,0.976,0.678,0.322,0,0,7.0
10,0.984,20.9685,7.7389,25.6889,-0.1027,-0.0049,0.4096,0.111,31.17,40.265,-4.1366,-10.7361,0.2,0.0,0.0,0.0,-0.5263,0.0304,0.528,0.7461,-0.738,0,0,0,0.974,0.678,0.322,0,0,8.0
11,1.064,20.9659,7.7388,25.6981,-0.1331,-0.0067,0.4582,0.12,31.168,40.269,-4.1366,-10.7361,0.2,0.0,0.0,0.0,-0.5736,0.0387,0.576,0.8138,-0.7628,0,0,0,0.974,0.678,0.322,0,0,9.0
12,1.144,20.9626,7.7386,25.7082,-0.1648,-0.0066,0.5072,0.13,31.165,40.273,-4.1366,-10.7361,0.2,0.0,0.0,0.0,-0.6208,0.0473,0.624,0.8815,-0.7254,0,0,0,0.974,0.678,0.322,0,0,10.0
13,1.223,20.9586,7.7385,25.7193,-0.2014,-0.0072,0.5558,0.141,31.162,40.278,-4.1366,-10.7361,0.2,0.0,0.0,0.0,-0.6676,0.0582,0.672,0.949,-0.7501,0,0,0,0.972,0.677,0.323,0,0,11.0
14,1.303,20.9537,7.7384,25.7314,-0.2402,-0.0055,0.6047,0.153,31.158,40.283,-4.1366,-10.7361,0.2,0.0,0.0,0.0,-0.7142,0.0694,0.72,1.0165,-0.7143,0,0,0,0.972,0.678,0.322,0,0,12.0
15,1.384,20.9481,7.7383,25.7445,-0.2848,-0.004,0.6526,0.166,31.154,40.287,-4.1366,-10.7361,0.2,0.0,0.0,0.0,-0.7604,0.0827,0.768,1.0839,-0.7395,0,0,0,0.969,0.677,0.323,0,0,11.5
16,1.464,20.9414,7.7383,25.7585,-0.331,0.0002,0.7007,0.18,31.148,40.292,-4.1366,-10.7361,0.2,0.0,0.0,0.0,-0.8061,0.0972,0.816,1.1511,-0.7038,0,0,0,0.969,0.678,0.322,0,0,11.0
17,1.543,20.9338,7.7384,25.7734,-0.3825,0.0046,0.7477,0.195,31.142,40.297,-4.1366,-10.7361,0.2,0.0,0.0,0.0,-0.8337,0.0579,0.864,1.202,-0.7292,0,0,0,0.0,0.0,1.0,0,0,10.5
18,1.623,20.9251,7.7387,25.7893,-0.4347,0.012,0.7941,0.211,31.135,40.302,-4.1366,-10.7361,0.2,0.0,0.0,0.0,-0.8613,0.0186,0.912,1.2545,-0.694,0,0,0,0.0,0.0,1.0,0,0,10.0
19,1.702,20.9153,7.7391,25.8061,-0.4915,0.0199,0.8386,0.228,31.128,40.306,-4.1366,-10.7361,0.2,0.0,0.0,0.0,-0.8888,-0.0207,0.96,1.3085,-0.7378,0,0,0,0.0,0.0,1.0,0,0,9.5
20,1.781,20.9043,7.7397,25.8237,-0.5485,0.031,0.8823,0.246,31.119,40.311,-4.1366,-10.7361,0.2,0.0,0.0,0.0,-0.9164,-0.06,1.008,1.3636,-0.7445,0,0,0,0.0,0.0,1.0,0,0,9.0
21,1.86,20.8922,7.7405,25.8423,-0.6034,0.0411,0.9274,0.264,31.11,40.316,-4.1366,-10.7361,0.2,0.0,0.0,0.0,-0.9439,-0.0993,1.056,1.4198,-0.7225,0,0,0,0.0,0.0,1.0,0,0,8.5
22,1.939,20.879,7.7415,25.8617,-0.66,0.0482,0.9719,0.284,31.1,40.32,-4.1366,-10.7361,0.2,0.0,0.0,0.0,-0.9714,-0.1387,1.104,1.4771,-0.7383,0,0,0,0.005,0.003,0.997,0,0,8.0
23,2.018,20.8647,7.7426,25.8821,-0.7147,0.055,1.0173,0.304,31.089,40.325,-4.1366,-10.7361,0.2,0.0,0.0,0.0,-0.9989,-0.178,1.152,1.5351,-0.7373,0,0,0,0.051,0.036,0.964,0,0,6.0
24,2.096,20.8493,7.7437,25.9033,-0.77,0.0585,1.063,0.325,31.077,40.329,-4.1366,-10.7361,0.2,0.0,0.0,0.0,-1.0264,-0.2174,1.2,1.594,-0.7317,0,0,0,0.059,0.041,0.959,0,0,4.0
25,2.175,20.8329,7.7449,25.9255,-0.8223,0.0586,1.1098,0.347,31.065,40.334,-4.1366,-10.7361,0.2,0.0,0.0,0.0,-1.0539,-0.2567,1.248,1.6535,-0.7203,0,0,0,0.091,0.041,0.959,0,0,2.0
26,2.258,20.8154,7.746,25.9487,-0.8756,0.0549,1.1565,0.37,31.051,40.338,-4.1366,-10.7361,0.2,0.0,0.0,0.0,-1.0813,-0.2961,1.296,1.7136,-0.745,0,0,0,0.109,0.046,0.954,0,0,0.0
27,2.339,20.7968,7.747,25.9727,-0.9264,0.0484,1.2048,0.395,31.037,40.343,-4.1366,-10.7361,0.2,0.0,0.0,0.0,-1.1087,-0.3355,1.344,1.7743,-0.7005,0,0,0,0.128,0.049,0.951,0,0,0.0
28,2.42,20.7774,7.7477,25.9978,-0.9739,0.0354,1.2532,0.42,31.022,40.347,-4.1366,-10.7361,0.2,0.0,0.0,0.0,-1.1361,-0.3749,1.392,1.8355,-0.7316,0,0,0,0.14,0.055,0.945,0,0,0.0
29,2.502,20.7569,7.7481,26.0239,-1.0208,0.0207,1.302,0.446,31.006,40.351,-4.1366,-10.7361,0.2,0.0,0.0,0.0,-1.1635,-0.4144,1.44,1.8971,-0.7038,0,0,0,0.223,0.076,0.924,0,0,0.0
30,2.586,20.7356,7.7481,26.0509,-1.0651,-0.0003,1.3513,0.473,30.989,40.355,-4.1366,-10.7361,0.2,0.0,0.0,0.0,-1.1908,-0.4538,1.488,1.9591,-0.7125,0,0,0,0.252,0.076,0.924,0,0,0.0
31,2.671,20.7135,7.7476,26.0789,-1.1052,-0.0245,1.401,0.501,30.971,40.36,-4.1366,-10.7361,0.2,0.0,0.0,0.0,-1.2181,-0.4933,1.536,2.0215,-0.6953,0,0,0,0.419,0.101,0.899,0,0,0.0
32,2.755,20.6906,7.7465,26.1079,-1.1458,-0.0539,1.4499,0.53,30.952,40.364,-4.1366,-10.7361,0.2,0.0,0.0,0.0,-1.2454,-0.5328,1.584,2.0842,-0.7052,0,0,0,0.533,0.108,0.892,0,0,0.0
33,2.833,20.667,7.7448,26.1379,-1.1829,-0.0868,1.4991,0.56,30.932,40.367,-4.1366,-10.7361,0.2,0.0,0.0,0.0,-1.2726,-0.5724,1.632,2.1472,-0.6892,0,0,0,0.663,0.108,0.892,0,0,0.0
34,2.911,20.6426,7.7423,26.1688,-1.2205,-0.1251,1.5474,0.591,30.91,40.371,-4.1366,-10.7361,0.2,0.0,0.0,0.0,-1.2998,-0.6119,1.68,2.2105,-0.6615,0,0,0,0.675,0.116,0.884,0,0,0.0
35,2.989,20.6175,7.7389,26.2007,-1.2542,-0.1673,1.5954,0.623,30.888,40.375,-4.1366,-10.7361,0.2,0.0,0.0,0.0,-1.3269,-0.6515,1.7,2.2528,-0.6929,0,0,0,0.721,0.13,0.87,0,0,0.0
36,3.068,20.5918,7.7347,26.2334,-1.2857,-0.2095,1.634,0.655,30.865,40.378,-4.1366,-10.7361,0.2,0.0,0.0,0.0,-1.354,-0.6911,1.7,2.2806,-0.6426,0,0,0,0.732,0.137,0.863,0,0,0.0
37,3.146,20.5655,7.7297,26.2666,-1.3124,-0.254,1.6582,0.688,30.841,40.381,-4.1366,-10.7361,0.2,0.0,0.0,0.0,-1.3811,-0.7307,1.7,2.309,-0.6875,0,0,0,0.763,0.161,0.839,0,0,0.0
38,3.224,20.5388,7.7237,26.3001,-1.3364,-0.2975,1.6746,0.722,30.816,40.384,-4.1366,-10.7361,0.2,0.0,0.0,0.0,-1.4081,-0.7704,1.7,2.338,-0.6402,0,0,0,0.771,0.16,0.84,0,0,0.0
39,3.303,20.5116,7.7168,26.3338,-1.3571,-0.3445,1.6843,0.756,30.79,40.386,-4.1366,-10.7361,0.2,0.0,0.0,0.0,-1.4351,-0.8101,1.7,2.3677,-0.6829,0,0,0,0.795,0.173,0.827,0,0,0.0
40,3.381,20.4841,7.709,26.3676,-1.3758,-0.392,1.6911,0.789,30.764,40.387,-4.1366,-10.7361,0.2,0.0,0.0,0.0,-1.4621,-0.8498,1.7,2.3979,-0.638,0,0,0,0.802,0.185,0.815,0,0,0.0
41,3.457,20.4563,7.7001,26.4015,-1.3919,-0.4438,1.6945,0.823,30.736,40.388,-4.1366,-10.7361,0.2,0.0,0.0,0.0,-1.489,-0.8896,1.7,2.4287,-0.6456,0,0,0,0.797,0.182,0.818,0,0,0.0
42,3.532,20.4282,7.6902,26.4354,-1.4062,-0.4965,1.6962,0.858,30.708,40.389,-4.1366,-10.7361,0.2,0.0,0.0,0.0,-1.5158,-0.9294,1.7,2.46,-0.6314,0,0,0,0.802,0.185,0.815,0,0,0.0
43,3.608,20.3997,7.6791,26.4693,-1.4223,-0.5513,1.6962,0.892,30.678,40.388,-4.1366,-10.7361,0.2,0.0,0.0,0.0,-1.5426,-0.9692,1.7,2.4918,-0.629,0,0,0,0.791,0.189,0.811,0,0,0.0
44,3.683,20.371,7.667,26.5032,-1.4365,-0.6073,1.6955,1.193,30.648,40.388,-4.1366,-10.7361,0.2,0.0,0.0,0.0,-1.5694,-1.009,1.7,2.5241,-0.5847,0,0,0,0.754,0.17,0.83,0,0,0.0
45,3.756,20.342,7.6537,26.5371,-1.4517,-0.6644,1.6933,1.22,30.617,40.386,-4.1366,-10.7361,0.2,0.0,0.0,0.0,-1.5961,-1.0489,1.7,2.5569,-0.6259,0,0,0,0.747,0.169,0.831,0,0,0.0
46,3.828,20.3126,7.6393,26.5709,-1.4685,-0.7197,1.692,1.246,30.585,40.384,-4.1366,-10.7361,0.2,0.0,0.0,0.0,-1.6228,-1.0888,1.7,2.5902,-0.5782,0,0,0,0.736,0.153,0.847,0,0,0.0
47,3.899,20.2829,7.6238,26.6047,-1.4863,-0.7768,1.6904,1.273,30.552,40.381,-4.1366,-10.7361,0.2,0.0,0.0,0.0,-1.6494,-1.1287,1.7,2.6239,-0.6135,0,0,0,0.728,0.153,0.847,0,0,0.0
48,3.971,20.2527,7.6071,26.6385,-1.5057,-0.8318,1.689,1.3,30.517,40.377,-4.1366,-10.7361,0.2,0.0,0.0,0.0,-1.676,-1.1687,1.7,2.658,-0.571,0,0,0,0.7,0.148,0.852,0,0,0.0
49,4.043,20.2222,7.5894,26.6723,-1.5261,-0.888,1.6871,1.327,30.482,40.373,-4.1366,-10.7361,0.2,0.0,0.0,0.0,-1.7025,-1.2087,1.7,2.6925,-0.6024,0,0,0,0.69,0.15,0.85,0,0,0.0
50,4.114,20.1913,7.5705,26.706,-1.5476,-0.9419,1.6859,1.354,30.446,40.368,-4.1366,-10.7361,0.2,0.0,0.0,0.0,-1.729,-1.2487,1.7,2.7274,-0.5556,0,0,0,0.622,0.143,0.857,0,0,0.0
51,4.186,20.1599,7.5506,26.7397,-1.5694,-0.9967,1.6843,1.381,30.409,40.362,-4.1366,-10.7361,0.2,0.0,0.0,0.0,-1.7554,-1.2888,1.7,2.7627,-0.5914,0,0,0,0.608,0.146,0.854,0,0,0.0
52,4.252,20.128,7.5297,26.7733,-1.592,-1.0483,1.6835,1.408,30.371,40.355,-4.1366,-10.7361,0.2,0.0,0.0,0.0,-1.7817,-1.329,1.7,2.7983,-0.5445,0,0,0,0.596,0.134,0.866,0,0,0.0
53,4.318,20.0957,7.5076,26.807,-1.6151,-1.1003,1.6825,1.436,30.332,40.348,-4.1366,-10.7361,0.2,0.0,0.0,0.0,-1.7975,-1.3533,1.7,2.82,-0.5799,0,0,0,0.57,0.131,0.869,0,0,0.0
54,4.383,20.063,7.4847,26.8406,-1.6389,-1.1485,1.6815,1.463,30.292,40.34,-4.1366,-10.7361,0.2,0.0,0.0,0.0,-1.7975,-1.3534,1.7,2.82,-0.533,0,0,0,0.433,0.124,0.876,0,0,0.0
55,4.449,20.0297,7.4608,26.8742,-1.663,-1.1962,1.6786,1.491,30.251,40.332,-4.1366,-10.7361,0.2,0.0,0.0,0.0,-1.7974,-1.3534,1.7,2.82,-0.5498,0,0,0,0.374,0.121,0.879,0,0,0.0
56,4.515,19.9959,7.436,26.9077,-1.6879,-1.2397,1.6758,1.524,30.209,40.323,-4.1366,-10.7361,0.2,0.0,0.0,0.0,-1.7974,-1.3535,1.7,2.82,-0.5064,0,0,0,0.342,0.123,0.877,0,0,0.0
57,4.581,19.9617,7.4103,26.9412,-1.712,-1.2813,1.6734,1.592,30.167,40.313,-4.1366,-10.7361,0.2,0.0,0.0,0.0,-1.7974,-1.3535,1.7,2.82,-0.5412,0,0,0,0.265,0.125,0.875,0,0,0.0
58,4.647,19.927,7.384,26.9746,-1.7351,-1.3171,1.6717,1.662,30.123,40.302,-4.1366,-10.7361,0.2,0.0,0.0,0.0,-1.7974,-1.3535,1.7,2.82,-0.4967,0,0,0,0.262,0.127,0.873,0,0,0.0
59,4.712,19.8919,7.357,27.008,-1.7572,-1.3509,1.6706,1.733,30.079,40.291,-4.1366,-10.7361,0.2,0.0,0.0,0.0,-1.7974,-1.3534,1.7,2.82,-0.5317,0,0,0,0.263,0.119,0.881,0,0,0.0
60,4.778,19.8563,7.3294,27.0414,-1.7781,-1.3788,1.6702,1.804,30.034,40.28,-4.1366,-10.7361,0.2,0.0,0.0,0.0,-1.7975,-1.3534,1.7,2.82,-0.4941,0,0,0,0.265,0.128,0.872,0,0,0.0
61,4.844,19.8203,7.3013,27.0748,-1.7979,-1.4044,1.6703,1.876,29.988,40.268,-4.1366,-10.7361,0.2,0.0,0.0,0.0,-1.7975,-1.3533,1.7,2.82,-0.5204,0,0,0,0.266,0.131,0.869,0,0,0.0
62,4.909,19.784,7.2728,27.1083,-1.8158,-1.4246,1.6714,1.949,29.942,40.256,-4.1366,-10.7361,0.2,0.0,0.0,0.0,-1.7975,-1.3533,1.7,2.82,-0.4734,0,0,0,0.267,0.134,0.866,0,0,0.0
63,4.975,19.7474,7.244,27.1417,-1.8308,-1.4422,1.6732,2.022,29.895,40.244,-4.1366,-10.7361,0.2,0.0,0.0,0.0,-1.7976,-1.3532,1.7,2.82,-0.5099,0,0,0,0.265,0.13,0.87,0,0,0.0
64,5.041,19.7105,7.2149,27.1752,-1.843,-1.4532,1.6754,2.096,29.848,40.232,-4.1366,-10.7361,0.2,0.0,0.0,0.0,-1.7976,-1.3532,1.7,2.82,-0.4703,0,0,0,0.263,0.127,0.873,0,0,0.0
65,5.107,19.6735,7.1857,27.2088,-1.8523,-1.4613,1.678,2.169,29.801,40.219,-4.1366,-10.7361,0.2,0.0,0.0,0.0,-1.7977,-1.3531,1.7,2.82,-0.5076,0,0,0,0.261,0.129,0.871,0,0,0.0
66,5.173,19.6363,7.1564,27.2424,-1.8592,-1.4632,1.6802,2.246,29.754,40.207,-4.1366,-10.7361,0.2,0.0,0.0,0.0,-1.7977,-1.353,1.7,2.82,-0.4866,0,0,0,0.261,0.123,0.877,0,0,0.0
67,5.239,19.599,7.1272,27.276,-1.8639,-1.4626,1.6824,2.334,29.707,40.194,-4.1366,-10.7361,0.2,0.0,0.0,0.0,-1.7978,-1.353,1.7,2.82,-0.5094,0,0,0,0.26,0.119,0.881,0,0,0.0
68,5.306,19.5617,7.098,27.3097,-1.8652,-1.458,1.6841,2.422,29.659,40.182,-4.1366,-10.7361,0.2,0.0,0.0,0.0,-1.7978,-1.3529,1.7,2.82,-0.4904,0,0,0,0.26,0.119,0.881,0,0,0.0
69,5.373,19.5244,7.069,27.3434,-1.8645,-1.4516,1.6858,2.51,29.612,40.17,-4.1366,-10.7361,0.2,0.0,0.0,0.0,-1.7978,-1.3529,1.7,2.82,-0.5246,0,0,0,0.261,0.122,0.878,0,0,0.0
70,5.441,19.4872,7.0401,27.3772,-1.8614,-1.4423,1.687,2.597,29.565,40.158,-4.1366,-10.7361,0.2,0.0,0.0,0.0,-1.7979,-1.3528,1.7,2.82,-0.4742,0,0,0,0.258,0.126,0.874,0,0,0.0
71,5.508,19.4501,7.0115,27.4109,-1.8564,-1.4331,1.688,2.685,29.518,40.147,-4.1366,-10.7361,0.2,0.0,0.0,0.0,-1.7979,-1.3528,1.7,2.82,-0.5134,0,0,0,0.26,0.128,0.872,0,0,0.0
72,5.575,19.4131,6.9831,27.4447,-1.8493,-1.4202,1.6885,2.771,29.471,40.135,-4.1366,-10.7361,0.2,0.0,0.0,0.0,-1.7979,-1.3528,1.7,2.82,-0.5042,0,0,0,0.259,0.128,0.872,0,0,0.0
73,5.642,19.3763,6.9549,27.4785,-1.8404,-1.4071,1.6886,2.858,29.425,40.124,-4.1366,-10.7361,0.2,0.0,0.0,0.0,-1.7979,-1.3528,1.7,2.82,-0.5085,0,0,0,0.261,0.119,0.881,0,0,0.0
74,5.709,19.3396,6.927,27.5122,-1.8331,-1.3935,1.6887,2.943,29.379,40.113,-4.1366,-10.7361,0.2,0.0,0.0,0.0,-1.7979,-1.3527,1.7,2.82,-0.4986,0,0,0,0.26,0.117,0.883,0,0,0.0
75,5.776,19.3032,6.8994,27.546,-1.8235,-1.3799,1.6884,3.029,29.333,40.103,-4.1366,-10.7361,0.2,0.0,0.0,0.0,-1.7979,-1.3527,1.7,2.82,-0.5035,0,0,0,0.261,0.117,0.883,0,0,0.0
76,5.844,19.2669,6.8721,27.5798,-1.8151,-1.3658,1.6883,3.114,29.288,40.093,-4.1366,-10.7361,0.2,0.0,0.0,0.0,-1.7979,-1.3527,1.7,2.82,-0.4923,0,0,0,0.259,0.117,0.883,0,0,0.0
77,5.911,19.2308,6.8451,27.6135,-1.8041,-1.3519,1.6879,3.215,29.243,40.083,-4.1366,-10.7361,0.2,0.0,0.0,0.0,-1.7979,-1.3527,1.7,2.82,-0.5268,0,0,0,0.262,0.117,0.883,0,0,0.0
78,5.978,19.1949,6.8183,27.6473,-1.7939,-1.3376,1.6878,3.393,29.198,40.073,-4.1366,-10.7361,0.2,0.0,0.0,0.0,-1.7979,-1.3527,1.7,2.82,-0.4751,0,0,0,0.262,0.122,0.878,0,0,0.0
79,6.045,19.1592,6.7918,27.6811,-1.7843,-1.326,1.6877,3.57,29.153,40.064,-4.1366,-10.7361,0.2,0.0,0.0,0.0,-1.7979,-1.3528,1.7,2.82,-0.5141,0,0,0,0.263,0.124,0.876,0,0,0.0
80,6.115,19.1237,6.7656,27.7148,-1.7748,-1.3133,1.6875,3.746,29.109,40.055,-4.1366,-10.7361,0.2,0.0,0.0,0.0,-1.7979,-1.3528,1.7,2.82,-0.4755,0,0,0,0.264,0.124,0.876,0,0,0.0
81,6.185,19.0884,6.7395,27.7486,-1.766,-1.3027,1.6875,3.92,29.065,40.046,-4.1366,-10.7361,0.2,0.0,0.0,0.0,-1.7979,-1.3528,1.7,2.82,-0.5142,0,0,0,0.265,0.128,0.872,0,0,0.0
82,6.255,19.0532,6.7137,27.7823,-1.758,-1.2917,1.6877,4.052,29.022,40.038,-4.1366,-10.7361,0.2,0.0,0.0,0.0,-1.7979,-1.3528,1.7,2.82,-0.4664,0,0,0,0.266,0.128,0.872,0,0,0.0
83,6.325,19.0182,6.688,27.8161,-1.7514,-1.2835,1.6878,4.171,28.978,40.03,-4.1366,-10.7361,0.2,0.0,0.0,0.0,-1.7978,-1.3529,1.7,2.82,-0.5044,0,0,0,0.268,0.131,0.869,0,0,0.0
84,6.395,18.9833,6.6625,27.8498,-1.7455,-1.2746,1.688,4.29,28.935,40.022,-4.1366,-10.7361,0.2,0.0,0.0,0.0,-1.7978,-1.3529,1.7,2.82,-0.4628,0,0,0,0.268,0.125,0.875,0,0,0.0
85,6.465,18.9485,6.6371,27.8836,-1.7408,-1.2684,1.6883,4.409,28.892,40.014,-4.1366,-10.7361,0.2,0.0,0.0,0.0,-1.7978,-1.353,1.7,2.82,-0.5002,0,0,0,0.271,0.13,0.87,0,0,0.0
86,6.559,18.9138,6.6119,27.9174,-1.7363,-1.2618,1.6886,4.527,28.849,40.007,-4.1366,-10.7361,0.2,0.0,0.0,0.0,-1.7977,-1.353,1.7,2.82,-0.4504,0,0,0,0.27,0.125,0.875,0,0,0.0
87,6.653,18.8791,6.5867,27.9511,-1.7327,-1.2582,1.6889,4.644,28.806,39.999,-4.1366,-10.7361,0.2,0.0,0.0,0.0,-1.7977,-1.353,1.7,2.82,-0.4872,0,0,0,0.273,0.123,0.877,0,0,0.0
88,6.747,18.8445,6.5617,27.9849,-1.7293,-1.2538,1.6892,4.762,28.764,39.992,-4.1366,-10.7361,0.2,0.0,0.0,0.0,-1.7977,-1.3531,1.652,2.7913,-0.4407,0,0,0,0.271,0.126,0.874,0,0,0.0
89,6.841,18.81,6.5366,28.0184,-1.7267,-1.2518,1.6716,4.879,28.721,39.984,-4.1366,-10.7361,0.2,0.0,0.0,0.0,-1.7976,-1.3531,1.604,2.7632,-0.4749,0,0,0,0.272,0.129,0.871,0,0,0.0
90,6.935,18.7755,6.5116,28.0512,-1.7243,-1.249,1.6428,4.995,28.678,39.977,-4.1366,-10.7361,0.2,0.0,0.0,0.0,-1.7976,-1.3532,1.556,2.7356,-0.4592,0,0,0,0.274,0.128,0.872,0,0,0.0
91,7.029,18.741,6.4867,28.0833,-1.7231,-1.248,1.6071,5.148,28.636,39.969,-4.1366,-10.7361,0.2,0.0,0.0,0.0,-1.7976,-1.3532,1.508,2.7086,-0.4652,0,0,0,0.274,0.126,0.874,0,0,0.0
92,7.124,18.7066,6.4617,28.1147,-1.7218,-1.248,1.5672,5.346,28.593,39.96,-4.1366,-10.7361,0.2,0.0,0.0,0.0,-1.7975,-1.3533,1.46,2.6822,-0.4563,0,0,0,0.276,0.132,0.868,0,0,0.0
93,7.215,18.6722,6.4367,28.1452,-1.7222,-1.2497,1.5246,5.543,28.551,39.951,-4.1366,-10.7361,0.2,0.0,0.0,0.0,-1.7975,-1.3533,1.412,2.6564,-0.4391,0,0,0,0.275,0.13,0.87,0,0,0.0
94,7.307,18.6377,6.4117,28.1748,-1.7224,-1.2526,1.4802,5.74,28.508,39.941,-4.1366,-10.7361,0.2,0.0,0.0,0.0,-1.7975,-1.3534,1.364,2.6312,-0.446,0,0,0,0.277,0.135,0.865,0,0,0.0
95,7.399,18.6032,6.3866,28.2035,-1.7251,-1.256,1.4343,5.936,28.466,39.931,-4.1366,-10.7361,0.2,0.0,0.0,0.0,-1.7974,-1.3534,1.316,2.6066,-0.4232,0,0,0,0.276,0.133,0.867,0,0,0.0
96,7.491,18.5686,6.3613,28.2312,-1.728,-1.2605,1.3879,6.132,28.423,39.92,-4.1366,-10.7361,0.2,0.0,0.0,0.0,-1.7974,-1.3535,1.268,2.5827,-0.4317,0,0,0,0.278,0.137,0.863,0,0,0.0
97,7.582,18.534,6.3361,28.2581,-1.7323,-1.265,1.341,6.327,28.38,39.908,-4.1366,-10.7361,0.2,0.0,0.0,0.0,-1.7974,-1.3535,1.22,2.5595,-0.4124,0,0,0,0.277,0.139,0.861,0,0,0.0
98,7.676,18.4993,6.3106,28.2839,-1.7358,-1.2702,1.2938,6.522,28.337,39.896,-4.1366,-10.7361,0.2,0.0,0.0,0.0,-1.7973,-1.3535,1.172,2.5369,-0.4218,0,0,0,0.278,0.131,0.869,0,0,0.0
99,7.771,18.4645,6.2851,28.3089,-1.741,-1.2751,1.2461,6.697,28.294,39.883,-4.1366,-10.7361,0.2,0.0,0.0,0.0,-1.7973,-1.3536,1.124,2.5151,-0.4015,0,0,0,0.277,0.134,0.866,0,0,0.0
100,7.866,18.4295,6.2595,28.3328,-1.7458,-1.2805,1.1981,6.812,28.25,39.869,-4.1366,-10.7361,0.2,0.0,0.0,0.0,-1.7973,-1.3536,1.076,2.494,-0.4133,0,0,0,0.277,0.132,0.868,0,0,0.0
101,7.969,18.3945,6.2338,28.3558,-1.7519,-1.2855,1.1497,6.926,28.207,39.854,-4.1366,-10.7361,0.2,0.0,0.0,0.0,-1.7973,-1.3537,1.028,2.4737,-0.3913,0,0,0,0.276,0.128,0.872,0,0,0.0
102,8.073,18.3594,6.208,28.3779,-1.7573,-1.2909,1.1023,7.04,28.163,39.839,-4.1366,-10.7361,0.2,0.0,0.0,0.0,-1.7972,-1.3537,0.98,2.4542,-0.4071,0,0,0,0.277,0.134,0.866,0,0,0.0
103,8.176,18.3241,6.1821,28.3989,-1.7637,-1.2957,1.0547,7.153,28.12,39.823,-4.1366,-10.7361,0.2,0.0,0.0,0.0,-1.7972,-1.3537,0.932,2.4354,-0.3905,0,0,0,0.276,0.134,0.866,0,0,0.0
104,8.278,18.2887,6.1561,28.4191,-1.7688,-1.3009,1.007,7.265,28.076,39.807,-4.1366,-10.7361,0.2,0.0,0.0,0.0,-1.7972,-1.3537,0.884,2.4174,-0.4069,0,0,0,0.278,0.131,0.869,0,0,0.0
105,8.382,18.2532,6.13,28.4383,-1.7746,-1.3055,0.9593,7.377,28.032,39.789,-4.1366,-10.7361,0.2,0.0,0.0,0.0,-1.7972,-1.3538,0.836,2.4003,-0.3902,0,0,0,0.278,0.13,0.87,0,0,0.0
106,8.484,18.2176,6.1038,28.4565,-1.779,-1.3108,0.9116,7.488,27.987,39.771,-4.1366,-10.7361,0.2,0.0,0.0,0.0,-1.7971,-1.3538,0.788,2.384,-0.4054,0,0,0,0.279,0.133,0.867,0,0,0.0
107,8.587,18.182,6.0774,28.4738,-1.7838,-1.3157,0.8639,7.599,27.943,39.752,-4.1366,-10.7361,0.2,0.0,0.0,0.0,-1.7971,-1.3538,0.74,2.3686,-0.3884,0,0,0,0.279,0.132,0.868,0,0,0.0
108,8.69,18.1462,6.051,28.4901,-1.787,-1.3213,0.816,7.709,27.899,39.732,-4.1366,-10.7361,0.2,0.0,0.0,0.0,-1.7971,-1.3539,0.692,2.354,-0.3847,0,0,0,0.279,0.132,0.868,0,0,0.0
109,8.793,18.1104,6.0245,28.5055,-1.7903,-1.3267,0.7682,7.818,27.854,39.712,-4.1366,-10.7361,0.2,0.0,0.0,0.0,-1.7971,-1.3539,0.644,2.3403,-0.3819,0,0,0,0.276,0.131,0.869,0,0,0.0
110,8.896,18.0746,5.9978,28.5199,-1.7923,-1.3316,0.7205,7.927,27.809,39.691,-4.1366,-10.7361,0.2,0.0,0.0,0.0,-1.7971,-1.3539,0.596,2.3276,-0.4001,0,0,0,0.277,0.132,0.868,0,0,0.0
111,9.0,18.0387,5.9711,28.5333,-1.7947,-1.3357,0.673,8.029,27.765,39.669,-4.1366,-10.7361,0.2,0.0,0.0,0.0,-1.797,-1.3539,0.548,2.3158,-0.3833,0,0,0,0.274,0.131,0.869,0,0,0.0
112,9.102,18.0028,5.9443,28.5459,-1.7956,-1.3399,0.6255,8.108,27.72,39.647,-4.1366,-10.7361,0.2,0.0,0.0,0.0,-1.797,-1.3539,0.5,2.3049,-0.4015,0,0,0,0.274,0.133,0.867,0,0,0.0
113,9.205,17.9668,5.9175,28.5574,-1.797,-1.3434,0.578,8.188,27.675,39.624,-4.1366,-10.7361,0.2,0.0,0.0,0.0,-1.797,-1.3539,0.452,2.295,-0.3848,0,0,0,0.275,0.135,0.865,0,0,0.0
114,9.307,17.9309,5.8905,28.568,-1.7966,-1.3471,0.5303,8.253,27.63,39.6,-4.1366,-10.7361,0.2,0.0,0.0,0.0,-1.797,-1.354,0.404,2.286,-0.3854,0,0,0,0.275,0.128,0.872,0,0,0.0
115,9.41,17.895,5.8635,28.5777,-1.7964,-1.3502,0.4824,8.31,27.585,39.576,-4.1366,-10.7361,0.2,0.0,0.0,0.0,-1.797,-1.354,0.356,2.278,-0.3754,0,0,0,0.273,0.128,0.872,0,0,0.0
116,9.513,17.8591,5.8365,28.5864,-1.7946,-1.3527,0.4344,8.367,27.54,39.551,-4.1366,-10.7361,0.2,0.0,0.0,0.0,-1.797,-1.354,0.308,2.271,-0.3952,0,0,0,0.273,0.127,0.873,0,0,0.0
117,9.616,17.8232,5.8094,28.5941,-1.7933,-1.3537,0.3873,8.422,27.495,39.525,-4.1366,-10.7361,0.2,0.0,0.0,0.0,-1.797,-1.354,0.26,2.265,-0.3821,0,0,0,0.269,0.126,0.874,0,0,0.0
118,9.715,17.7874,5.7823,28.6009,-1.7905,-1.3542,0.34,8.476,27.45,39.498,-4.1366,-10.7361,0.2,0.0,0.0,0.0,-1.797,-1.354,0.212,2.26,-0.4052,0,0,0,0.27,0.127,0.873,0,0,0.0
119,9.814,17.7516,5.7552,28.6067,-1.7881,-1.3534,0.2927,8.53,27.405,39.472,-4.1366,-10.7361,0.2,0.0,0.0,0.0,-1.797,-1.3539,0.164,2.256,-0.3909,0,0,0,0.267,0.123,0.877,0,0,0.0
120,9.913,17.7159,5.7282,28.6116,-1.7845,-1.3526,0.2446,8.582,27.361,39.444,-4.1366,-10.7361,0.2,0.0,0.0,0.0,-1.797,-1.3539,0.116,2.253,-0.4056,0,0,0,0.267,0.119,0.881,0,0,0.0
121,10.016,17.6803,5.7012,28.6156,-1.7817,-1.3508,0.1973,8.634,27.316,39.416,-4.1366,-10.7361,0.2,0.0,0.0,0.0,-1.797,-1.3539,0.068,2.251,-0.3869,0,0,0,0.264,0.117,0.883,0,0,0.0
122,10.118,17.6448,5.6742,28.6186,-1.7777,-1.3491,0.1498,8.684,27.271,39.387,-4.1366,-10.7361,0.2,0.0,0.0,0.0,-1.7971,-1.3539,0.02,2.2501,-0.4081,0,0,0,0.266,0.12,0.88,0,0,0.0
123,10.221,17.6093,5.6473,28.6206,-1.7742,-1.3465,0.1024,8.733,27.227,39.358,-4.1366,-10.7361,0.2,0.0,0.0,0.0,-1.7971,-1.3539,-0.028,2.2502,-0.3888,0,0,0,0.265,0.121,0.879,0,0,0.0
124,10.324,17.5739,5.6204,28.6217,-1.7703,-1.3444,0.0549,8.782,27.182,39.328,-4.1366,-10.7361,0.2,0.0,0.0,0.0,-1.7971,-1.3539,-0.076,2.2513,-0.4059,0,0,0,0.268,0.122,0.878,0,0,0.0
125,10.428,17.5385,5.5935,28.6219,-1.7678,-1.3418,0.0068,8.829,27.138,39.297,-4.1366,-10.7361,0.2,0.0,0.0,0.0,-1.7971,-1.3539,-0.124,2.2534,-0.3876,0,0,0,0.268,0.123,0.877,0,0,0.0
126,10.531,17.5032,5.5667,28.6211,-1.7645,-1.34,-0.0406,8.875,27.094,39.266,-4.1366,-10.7361,0.2,0.0,0.0,0.0,-1.7971,-1.3539,-0.172,2.2566,-0.407,0,0,0,0.271,0.124,0.876,0,0,0.0
127,10.634,17.468,5.54,28.6193,-1.7624,-1.3378,-0.0881,8.921,27.049,39.234,-4.1366,-10.7361,0.2,0.0,0.0,0.0,-1.7971,-1.3539,-0.22,2.2607,-0.3895,0,0,0,0.271,0.126,0.874,0,0,0.0
128,10.737,17.4328,5.5132,28.6166,-1.7594,-1.3365,-0.1357,8.958,27.005,39.202,-4.1366,-10.7361,0.2,0.0,0.0,0.0,-1.7971,-1.3539,-0.268,2.2659,-0.4028,0,0,0,0.274,0.12,0.88,0,0,0.0
129,10.841,17.3976,5.4866,28.6129,-1.7574,-1.335,-0.1833,8.99,26.961,39.169,-4.1366,-10.7361,0.2,0.0,0.0,0.0,-1.7971,-1.3538,-0.316,2.2721,-0.3853,0,0,0,0.273,0.121,0.879,0,0,0.0
130,10.944,17.3626,5.4599,28.6083,-1.7543,-1.334,-0.231,9.02,26.917,39.135,-4.1366,-10.7361,0.2,0.0,0.0,0.0,-1.7971,-1.3538,-0.364,2.2793,-0.4086,0,0,0,0.277,0.117,0.883,0,0,0.0
131,11.047,17.3275,5.4332,28.6027,-1.7521,-1.3328,-0.2786,9.049,26.873,39.101,-4.1366,-10.7361,0.2,0.0,0.0,0.0,-1.7971,-1.3538,-0.412,2.2874,-0.3911,0,0,0,0.276,0.122,0.878,0,0,0.0
132,11.15,17.2925,5.4066,28.5962,-1.7495,-1.3325,-0.3262,9.077,26.829,39.066,-4.1366,-10.7361,0.2,0.0,0.0,0.0,-1.7971,-1.3538,-0.46,2.2965,-0.4004,0,0,0,0.278,0.124,0.876,0,0,0.0
133,11.255,17.2576,5.3799,28.5887,-1.7484,-1.3322,-0.3739,9.097,26.785,39.03,-4.1366,-10.7361,0.2,0.0,0.0,0.0,-1.7972,-1.3538,-0.508,2.3066,-0.3834,0,0,0,0.277,0.128,0.872,0,0,0.0
134,11.359,17.2226,5.3533,28.5803,-1.747,-1.3325,-0.4215,9.098,26.741,38.994,-4.1366,-10.7361,0.2,0.0,0.0,0.0,-1.7972,-1.3538,-0.556,2.3177,-0.4034,0,0,0,0.28,0.125,0.875,0,0,0.0
135,11.462,17.1877,5.3266,28.5709,-1.747,-1.3322,-0.4691,9.097,26.697,38.957,-4.1366,-10.7361,0.2,0.0,0.0,0.0,-1.7972,-1.3537,-0.604,2.3297,-0.3871,0,0,0,0.279,0.13,0.87,0,0,0.0
136,11.572,17.1527,5.3,28.5606,-1.7464,-1.3326,-0.5167,9.096,26.653,38.919,-4.1366,-10.7361,0.2,0.0,0.0,0.0,-1.7972,-1.3537,-0.652,2.3426,-0.4068,0,0,0,0.283,0.12,0.88,0,0,0.0
137,11.682,17.1178,5.2733,28.5493,-1.747,-1.3327,-0.5644,9.094,26.609,38.881,-4.1366,-10.7361,0.2,0.0,0.0,0.0,-1.7972,-1.3537,-0.7,2.3564,-0.3908,0,0,0,0.282,0.12,0.88,0,0,0.0
138,11.792,17.0829,5.2466,28.537,-1.7468,-1.3337,-0.6122,9.09,26.565,38.842,-4.1366,-10.7361,0.2,0.0,0.0,0.0,-1.7972,-1.3537,-0.748,2.3711,-0.3931,0,0,0,0.284,0.121,0.879,0,0,0.0
139,11.903,17.0479,5.22,28.5238,-1.7474,-1.3344,-0.6602,9.086,26.521,38.802,-4.1366,-10.7361,0.2,0.0,0.0,0.0,-1.7972,-1.3537,-0.796,2.3867,-0.3811,0,0,0,0.282,0.125,0.875,0,0,0.0
140,12.013,17.013,5.1933,28.5097,-1.7474,-1.3352,-0.7076,9.082,26.477,38.762,-4.1366,-10.7361,0.2,0.0,0.0,0.0,-1.7973,-1.3536,-0.844,2.4031,-0.4018,0,0,0,0.285,0.128,0.872,0,0,0.0
141,12.122,16.978,5.1666,28.4946,-1.7484,-1.335,-0.7552,9.079,26.433,38.721,-4.1366,-10.7361,0.2,0.0,0.0,0.0,-1.7973,-1.3536,-0.892,2.4204,-0.3875,0,0,0,0.283,0.134,0.866,0,0,0.0
142,12.232,16.943,5.1399,28.4785,-1.7484,-1.3352,-0.8028,9.075,26.389,38.679,-4.1366,-10.7361,0.2,0.0,0.0,0.0,-1.7973,-1.3536,-0.94,2.4385,-0.4088,0,0,0,0.287,0.129,0.871,0,0,0.0
143,12.342,16.908,5.1132,28.4615,-1.7493,-1.3346,-0.8504,9.07,26.345,38.637,-4.1366,-10.7361,0.2,0.0,0.0,0.0,-1.7973,-1.3536,-0.988,2.4574,-0.395,0,0,0,0.286,0.127,0.873,0,0,0.0
144,12.453,16.8731,5.0865,28.4435,-1.7491,-1.3346,-0.8987,9.064,26.301,38.593,-4.1366,-10.7361,0.2,0.0,0.0,0.0,-1.7973,-1.3536,-1.036,2.4771,-0.4111,0,0,0,0.291,0.126,0.874,0,0,0.0
145,12.562,16.8381,5.0598,28.4246,-1.7496,-1.3341,-0.946,9.057,26.257,38.55,-4.1366,-10.7361,0.2,0.0,0.0,0.0,-1.7973,-1.3536,-1.084,2.4975,-0.3928,0,0,0,0.29,0.128,0.872,0,0,0.0
146,12.675,16.8031,5.0331,28.4048,-1.7492,-1.3342,-0.9935,9.05,26.213,38.505,-4.1366,-10.7361,0.2,0.0,0.0,0.0,-1.7973,-1.3535,-1.132,2.5187,-0.4006,0,0,0,0.294,0.134,0.866,0,0,0.0
147,12.785,16.7681,5.0064,28.3839,-1.7496,-1.334,-1.0417,9.041,26.169,38.46,-4.1366,-10.7361,0.2,0.0,0.0,0.0,-1.7974,-1.3535,-1.18,2.5406,-0.3838,0,0,0,0.293,0.13,0.87,0,0,0.0
148,12.894,16.7331,4.9797,28.3621,-1.7489,-1.3341,-1.089,9.032,26.125,38.414,-4.1366,-10.7361,0.2,0.0,0.0,0.0,-1.7974,-1.3535,-1.228,2.5633,-0.4051,0,0,0,0.296,0.134,0.866,0,0,0.0
149,13.004,16.6981,4.9531,28.3394,-1.7492,-1.3334,-1.1364,9.021,26.081,38.367,-4.1366,-10.7361,0.2,0.0,0.0,0.0,-1.7974,-1.3535,-1.276,2.5866,-0.3912,0,0,0,0.296,0.132,0.868,0,0,0.0
150,13.113,16.6632,4.9264,28.3157,-1.7483,-1.3331,-1.1845,9.009,26.037,38.32,-4.1366,-10.7361,0.2,0.0,0.0,0.0,-1.7974,-1.3535,-1.324,2.6106,-0.4117,0,0,0,0.3,0.138,0.862,0,0,0.0
151,13.224,16.6282,4.8998,28.2911,-1.7483,-1.3323,-1.2317,8.997,25.993,38.272,-4.1366,-10.7361,0.2,0.0,0.0,0.0,-1.7974,-1.3534,-1.372,2.6353,-0.3958,0,0,0,0.301,0.137,0.863,0,0,0.0
152,13.333,16.5933,4.8731,28.2655,-1.7476,-1.3321,-1.2791,8.984,25.949,38.224,-4.1366,-10.7361,0.2,0.0,0.0,0.0,-1.7974,-1.3534,-1.42,2.6606,-0.4132,0,0,0,0.305,0.135,0.865,0,0,0.0
153,13.443,16.5583,4.8465,28.239,-1.7479,-1.3316,-1.3266,8.969,25.906,38.174,-4.1366,-10.7361,0.2,0.0,0.0,0.0,-1.7974,-1.3534,-1.468,2.6865,-0.3975,0,0,0,0.307,0.135,0.865,0,0,0.0
154,13.553,16.5234,4.8199,28.2115,-1.7472,-1.3319,-1.3743,8.954,25.862,38.124,-4.1366,-10.7361,0.2,0.0,0.0,0.0,-1.7975,-1.3534,-1.5,2.7042,-0.4017,0,0,0,0.31,0.139,0.861,0,0,0.0
155,13.662,16.4884,4.7932,28.1832,-1.7476,-1.3321,-1.4158,8.938,25.818,38.074,-4.1366,-10.7361,0.2,0.0,0.0,0.0,-1.7975,-1.3534,-1.5,2.7042,-0.3854,0,0,0,0.309,0.138,0.862,0,0,0.0
156,13.772,16.4534,4.7666,28.1543,-1.7476,-1.3329,-1.4418,8.921,25.774,38.023,-4.1366,-10.7361,0.2,0.0,0.0,0.0,-1.7975,-1.3534,-1.5,2.7042,-0.405,0,0,0,0.314,0.143,0.857,0,0,0.0
157,13.883,16.4185,4.7399,28.1252,-1.749,-1.3329,-1.4581,8.904,25.73,37.971,-4.1366,-10.7361,0.2,0.0,0.0,0.0,-1.7975,-1.3533,-1.5,2.7042,-0.3876,0,0,0,0.314,0.142,0.858,0,0,0.0
158,13.993,16.3835,4.7132,28.0958,-1.7491,-1.3333,-1.4683,8.887,25.686,37.92,-4.1366,-10.7361,0.2,0.0,0.0,0.0,-1.7975,-1.3533,-1.452,2.6778,-0.4082,0,0,0,0.319,0.149,0.851,0,0,0.0
159,14.103,16.3485,4.6866,28.0667,-1.751,-1.3333,-1.457,8.87,25.642,37.869,-4.1366,-10.7361,0.2,0.0,0.0,0.0,-1.7975,-1.3533,-1.404,2.6521,-0.3894,0,0,0,0.319,0.149,0.851,0,0,0.0
160,14.213,16.3134,4.6599,28.038,-1.7511,-1.3343,-1.4321,8.838,25.598,37.818,-4.1366,-10.7361,0.2,0.0,0.0,0.0,-1.7975,-1.3533,-1.356,2.627,-0.4125,0,0,0,0.325,0.148,0.852,0,0,0.0
161,14.322,16.2784,4.6332,28.0101,-1.7526,-1.3346,-1.3988,8.801,25.554,37.768,-4.1366,-10.7361,0.2,0.0,0.0,0.0,-1.7975,-1.3533,-1.308,2.6026,-0.3926,0,0,0,0.326,0.142,0.858,0,0,0.0
162,14.432,16.2434,4.6065,27.9828,-1.7514,-1.3361,-1.3603,8.764,25.51,37.718,-4.1366,-10.7361,0.2,0.0,0.0,0.0,-1.7976,-1.3532,-1.26,2.5788,-0.4098,0,0,0,0.331,0.147,0.853,0,0,0.0
163,14.542,16.2083,4.5797,27.9565,-1.7512,-1.3371,-1.3182,8.728,25.465,37.668,-4.1366,-10.7361,0.2,0.0,0.0,0.0,-1.7976,-1.3532,-1.212,2.5557,-0.3893,0,0,0,0.329,0.145,0.855,0,0,0.0
164,14.651,16.1734,4.5529,27.931,-1.7492,-1.339,-1.2741,8.693,25.421,37.62,-4.1366,-10.7361,0.2,0.0,0.0,0.0,-1.7976,-1.3532,-1.164,2.5333,-0.4135,0,0,0,0.335,0.152,0.848,0,0,0.0
165,14.762,16.1384,4.5261,27.9064,-1.7492,-1.3399,-1.2287,8.659,25.377,37.572,-4.1366,-10.7361,0.2,0.0,0.0,0.0,-1.7976,-1.3532,-1.116,2.5116,-0.3932,0,0,0,0.335,0.151,0.849,0,0,0.0
166,14.872,16.1034,4.4993,27.8828,-1.747,-1.3421,-1.1825,8.626,25.333,37.525,-4.1366,-10.7361,0.2,0.0,0.0,0.0,-1.7976,-1.3531,-1.068,2.4906,-0.4119,0,0,0,0.34,0.157,0.843,0,0,0.0
167,14.981,16.0685,4.4724,27.8601,-1.7464,-1.3435,-1.1359,8.594,25.289,37.478,-4.1366,-10.7361,0.2,0.0,0.0,0.0,-1.7977,-1.3531,-1.02,2.4704,-0.3916,0,0,0,0.338,0.156,0.844,0,0,0.0
168,15.09,16.0336,4.4455,27.8383,-1.7434,-1.3459,-1.0889,8.564,25.245,37.433,-4.1366,-10.7361,0.2,0.0,0.0,0.0,-1.7977,-1.3531,-0.972,2.451,-0.4147,0,0,0,0.344,0.161,0.839,0,0,0.0
169,15.2,15.9988,4.4186,27.8174,-1.7418,-1.3473,-1.0416,8.535,25.201,37.387,-4.1366,-10.7361,0.2,0.0,0.0,0.0,-1.7977,-1.353,-0.924,2.4323,-0.3944,0,0,0,0.342,0.16,0.84,0,0,0.0
170,15.31,15.964,4.3916,27.7976,-1.738,-1.3499,-0.9945,8.507,25.157,37.343,-4.1366,-10.7361,0.2,0.0,0.0,0.0,-1.7978,-1.353,-0.876,2.4145,-0.4073,0,0,0,0.345,0.157,0.843,0,0,0.0
171,15.42,15.9293,4.3645,27.7786,-1.736,-1.3516,-0.947,8.48,25.113,37.299,-4.1366,-10.7361,0.2,0.0,0.0,0.0,-1.7978,-1.3529,-0.828,2.3975,-0.3863,0,0,0,0.341,0.154,0.846,0,0,0.0
172,15.53,15.8947,4.3375,27.7606,-1.7319,-1.3535,-0.8994,8.454,25.069,37.257,-4.1366,-10.7361,0.2,0.0,0.0,0.0,-1.7978,-1.3529,-0.78,2.3814,-0.4141,0,0,0,0.345,0.158,0.842,0,0,0.0
173,15.639,15.8601,4.3104,27.7436,-1.7297,-1.3539,-0.8518,8.429,25.025,37.214,-4.1366,-10.7361,0.2,0.0,0.0,0.0,-1.7979,-1.3528,-0.732,2.3661,-0.3931,0,0,0,0.342,0.155,0.845,0,0,0.0
174,15.748,15.8256,4.2833,27.7275,-1.7262,-1.3553,-0.8041,8.405,24.981,37.173,-4.1366,-10.7361,0.2,0.0,0.0,0.0,-1.7979,-1.3527,-0.684,2.3517,-0.4172,0,0,0,0.347,0.16,0.84,0,0,0.0
175,15.859,15.7911,4.2562,27.7124,-1.7254,-1.3557,-0.7565,8.367,24.938,37.132,-4.1366,-10.7361,0.2,0.0,0.0,0.0,-1.798,-1.3527,-0.636,2.3382,-0.3965,0,0,0,0.345,0.157,0.843,0,0,0.0
176,15.969,15.7566,4.229,27.6982,-1.723,-1.3573,-0.7091,8.325,24.894,37.092,-4.1366,-10.7361,0.2,0.0,0.0,0.0,-1.798,-1.3526,-0.588,2.3256,-0.405,0,0,0,0.347,0.16,0.84,0,0,0.0
177,16.079,15.7221,4.2019,27.685,-1.723,-1.3584,-0.6613,8.284,24.85,37.053,-4.1366,-10.7361,0.2,0.0,0.0,0.0,-1.7981,-1.3525,-0.54,2.3139,-0.3838,0,0,0,0.343,0.153,0.847,0,0,0.0
178,16.188,15.6877,4.1747,27.6727,-1.7215,-1.3595,-0.6135,8.244,24.806,37.015,-4.1366,-10.7361,0.2,0.0,0.0,0.0,-1.7981,-1.3525,-0.492,2.3032,-0.4072,0,0,0,0.346,0.158,0.842,0,0,0.0
179,16.297,15.6533,4.1475,27.6614,-1.7225,-1.3588,-0.5658,8.205,24.762,36.977,-4.1366,-10.7361,0.2,0.0,0.0,0.0,-1.7982,-1.3524,-0.444,2.2934,-0.3862,0,0,0,0.344,0.156,0.844,0,0,0.0
180,16.407,15.6188,4.1203,27.651,-1.7216,-1.3584,-0.5181,8.167,24.718,36.94,-4.1366,-10.7361,0.2,0.0,0.0,0.0,-1.7983,-1.3523,-0.396,2.2846,-0.4098,0,0,0,0.348,0.159,0.841,0,0,0.0
181,16.515,15.5844,4.0932,27.6416,-1.7229,-1.3565,-0.4704,8.13,24.674,36.903,-4.1366,-10.7361,0.2,0.0,0.0,0.0,-1.7983,-1.3522,-0.348,2.2768,-0.389,0,0,0,0.347,0.16,0.84,0,0,0.0
182,16.623,15.5499,4.0661,27.6332,-1.7217,-1.3553,-0.4228,8.094,24.631,36.868,-4.1366,-10.7361,0.2,0.0,0.0,0.0,-1.7984,-1.3522,-0.3,2.2699,-0.4163,0,0,0,0.35,0.161,0.839,0,0,0.0
183,16.731,15.5155,4.039,27.6257,-1.7224,-1.3529,-0.3751,8.059,24.587,36.833,-4.1366,-10.7361,0.2,0.0,0.0,0.0,-1.7984,-1.3521,-0.252,2.2641,-0.3954,0,0,0,0.348,0.161,0.839,0,0,0.0
184,16.838,15.4811,4.012,27.6191,-1.7215,-1.3518,-0.3274,8.025,24.543,36.799,-4.1366,-10.7361,0.2,0.0,0.0,0.0,-1.7985,-1.352,-0.204,2.2592,-0.4193,0,0,0,0.353,0.163,0.837,0,0,0.0
185,16.946,15.4466,3.985,27.6135,-1.7231,-1.3502,-0.2797,7.991,24.499,36.766,-4.1366,-10.7361,0.2,0.0,0.0,0.0,-1.7985,-1.352,-0.156,2.2554,-0.3987,0,0,0,0.352,0.156,0.844,0,0,0.0
186,17.054,15.4121,3.958,27.6089,-1.7228,-1.3502,-0.2324,7.959,24.455,36.733,-4.1366,-10.7361,0.2,0.0,0.0,0.0,-1.7986,-1.3519,-0.108,2.2526,-0.4031,0,0,0,0.354,0.167,0.833,0,0,0.0
187,17.162,15.3776,3.931,27.6052,-1.7247,-1.35,-0.1846,7.928,24.412,36.701,-4.1366,-10.7361,0.2,0.0,0.0,0.0,-1.7986,-1.3518,-0.06,2.2508,-0.3816,0,0,0,0.346,0.16,0.84,0,0,0.0
188,17.27,15.3431,3.904,27.6024,-1.725,-1.3498,-0.1368,7.897,24.368,36.67,-4.1366,-10.7361,0.2,0.0,0.0,0.0,-1.7987,-1.3518,-0.012,2.25,-0.405,0,0,0,0.349,0.165,0.835,0,0,0.0
189,17.378,15.3086,3.877,27.6007,-1.7278,-1.3477,-0.0891,7.868,24.324,36.64,-4.1366,-10.7361,0.2,0.0,0.0,0.0,-1.7987,-1.3517,0.036,2.2503,-0.3837,0,0,0,0.342,0.149,0.851,0,0,0.0
190,17.487,15.274,3.8501,27.5998,-1.7286,-1.346,-0.0414,7.839,24.28,36.61,-4.1366,-10.7361,0.2,0.0,0.0,0.0,-1.7987,-1.3517,0.084,2.2516,-0.4073,0,0,0,0.346,0.141,0.859,0,0,0.0
191,17.595,15.2394,3.8233,27.6,-1.7314,-1.3427,0.0063,7.812,24.236,36.581,-4.1366,-10.7361,0.2,0.0,0.0,0.0,-1.7988,-1.3516,0.132,2.2539,-0.386,0,0,0,0.341,0.14,0.86,0,0,0.0
192,17.702,15.2048,3.7965,27.601,-1.7318,-1.3402,0.0539,7.785,24.193,36.553,-4.1366,-10.7361,0.2,0.0,0.0,0.0,-1.7988,-1.3516,0.18,2.2572,-0.4117,0,0,0,0.346,0.142,0.858,0,0,0.0
193,17.81,15.1701,3.7697,27.6031,-1.7338,-1.3363,0.1016,7.76,24.149,36.525,-4.1366,-10.7361,0.2,0.0,0.0,0.0,-1.7988,-1.3515,0.228,2.2615,-0.3904,0,0,0,0.341,0.135,0.865,0,0,0.0
194,17.918,15.1354,3.7431,27.6061,-1.7336,-1.3337,0.1493,7.735,24.105,36.499,-4.1366,-10.7361,0.2,0.0,0.0,0.0,-1.7989,-1.3515,0.276,2.2669,-0.4145,0,0,0,0.347,0.145,0.855,0,0,0.0
195,18.027,15.1007,3.7165,27.61,-1.7354,-1.3302,0.1969,7.711,24.061,36.473,-4.1366,-10.7361,0.2,0.0,0.0,0.0,-1.7989,-1.3515,0.324,2.2732,-0.3933,0,0,0,0.344,0.141,0.859,0,0,0.0
196,18.134,15.066,3.6899,27.6149,-1.7345,-1.3283,0.2446,7.689,24.018,36.448,-4.1366,-10.7361,0.2,0.0,0.0,0.0,-1.7989,-1.3514,0.372,2.2805,-0.4197,0,0,0,0.349,0.145,0.855,0,0,0.0
197,18.243,15.0313,3.6634,27.6207,-1.7351,-1.326,0.2922,7.667,23.974,36.423,-4.1366,-10.7361,0.2,0.0,0.0,0.0,-1.7989,-1.3514,0.42,2.2889,-0.3984,0,0,0,0.347,0.141,0.859,0,0,0.0
198,18.351,14.9966,3.6369,27.6275,-1.7334,-1.3256,0.3398,7.646,23.93,36.4,-4.1366,-10.7361,0.2,0.0,0.0,0.0,-1.799,-1.3514,0.468,2.2982,-0.407,0,0,0,0.35,0.146,0.854,0,0,0.0
199,18.459,14.962,3.6103,27.6353,-1.7336,-1.3253,0.3875,7.626,23.887,36.377,-4.1366,-10.7361,0.2,0.0,0.0,0.0,-1.799,-1.3514,0.516,2.3084,-0.3857,0,0,0,0.345,0.139,0.861,0,0,0.0
200,18.567,14.9273,3.5838,27.644,-1.7316,-1.3258,0.4353,7.607,23.843,36.355,-4.1366,-10.7361,0.2,0.0,0.0,0.0,-1.799,-1.3513,0.564,2.3196,-0.4107,0,0,0,0.348,0.145,0.855,0,0,0.0
201,18.675,14.8927,3.5573,27.6536,-1.7317,-1.3249,0.4829,7.589,23.8,36.333,-4.1366,-10.7361,0.2,0.0,0.0,0.0,-1.799,-1.3513,0.612,2.3317,-0.3896,0,0,0,0.343,0.143,0.857,0,0,0.0
202,18.783,14.8581,3.5308,27.6642,-1.7294,-1.3251,0.5305,7.573,23.756,36.313,-4.1366,-10.7361,0.2,0.0,0.0,0.0,-1.7991,-1.3513,0.66,2.3448,-0.4187,0,0,0,0.348,0.145,0.855,0,0,0.0
203,18.891,14.8235,3.5043,27.6758,-1.7287,-1.3243,0.5782,7.557,23.712,36.293,-4.1366,-10.7361,0.2,0.0,0.0,0.0,-1.7991,-1.3512,0.708,2.3588,-0.3976,0,0,0,0.343,0.137,0.863,0,0,0.0
204,18.999,14.789,3.4778,27.6883,-1.7267,-1.3254,0.626,7.542,23.669,36.274,-4.1366,-10.7361,0.2,0.0,0.0,0.0,-1.7991,-1.3512,0.756,2.3736,-0.4226,0,0,0,0.349,0.145,0.855,0,0,0.0
205,19.108,14.7545,3.4513,27.7018,-1.7275,-1.3262,0.6736,7.528,23.625,36.256,-4.1366,-10.7361,0.2,0.0,0.0,0.0,-1.7991,-1.3512,0.804,2.3893,-0.402,0,0,0,0.344,0.141,0.859,0,0,0.0
206,19.216,14.7199,3.4247,27.7162,-1.7266,-1.3291,0.7204,7.514,23.582,36.239,-4.1366,-10.7361,0.2,0.0,0.0,0.0,-1.7992,-1.3511,0.852,2.4059,-0.3932,0,0,0,0.341,0.139,0.861,0,0,0.0
207,19.324,14.6854,3.3981,27.7316,-1.7281,-1.3322,0.7676,7.502,23.538,36.222,-4.1366,-10.7361,0.2,0.0,0.0,0.0,-1.7992,-1.3511,0.9,2.4233,-0.3952,0,0,0,0.335,0.14,0.86,0,0,0.0
208,19.432,14.6508,3.3714,27.7479,-1.7287,-1.3345,0.8157,7.491,23.494,36.206,-4.1366,-10.7361,0.2,0.0,0.0,0.0,-1.7992,-1.351,0.948,2.4416,-0.4121,0,0,0,0.337,0.142,0.858,0,0,0.0
209,19.543,14.6161,3.3447,27.7651,-1.7319,-1.3361,0.8629,7.481,23.451,36.191,-4.1366,-10.7361,0.2,0.0,0.0,0.0,-1.7993,-1.351,0.996,2.4606,-0.3879,0,0,0,0.329,0.134,0.866,0,0,0.0
210,19.651,14.5815,3.3179,27.7834,-1.7337,-1.3391,0.9109,7.471,23.407,36.176,-4.1366,-10.7361,0.2,0.0,0.0,0.0,-1.7993,-1.3509,1.044,2.4804,-0.4122,0,0,0,0.334,0.132,0.868,0,0,0.0
211,19.762,14.5467,3.2911,27.8025,-1.7385,-1.3412,0.9587,7.463,23.363,36.163,-4.1366,-10.7361,0.2,0.0,0.0,0.0,-1.7993,-1.3509,1.092,2.501,-0.391,0,0,0,0.327,0.125,0.875,0,0,0.0
212,19.87,14.5119,3.2642,27.8227,-1.7416,-1.3448,1.0063,7.455,23.319,36.149,-4.1366,-10.7361,0.2,0.0,0.0,0.0,-1.7994,-1.3509,1.14,2.5223,-0.4067,0,0,0,0.33,0.129,0.871,0,0,0.0
213,19.982,14.4769,3.2372,27.8437,-1.7472,-1.3478,1.0538,7.448,23.275,36.137,-4.1366,-10.7361,0.2,0.0,0.0,0.0,-1.7994,-1.3508,1.188,2.5444,-0.3857,0,0,0,0.321,0.117,0.883,0,0,0.0
214,20.09,14.4419,3.2102,27.8658,-1.7511,-1.3518,1.1014,7.442,23.231,36.126,-4.1366,-10.7361,0.2,0.0,0.0,0.0,-1.7994,-1.3508,1.236,2.5671,-0.4099,0,0,0,0.325,0.125,0.875,0,0,0.0
215,20.201,14.4068,3.1831,27.8887,-1.7574,-1.3547,1.1489,7.437,23.186,36.115,-4.1366,-10.7361,0.2,0.0,0.0,0.0,-1.7995,-1.3507,1.284,2.5906,-0.3893,0,0,0,0.317,0.111,0.889,0,0,0.0
216,20.309,14.3715,3.1559,27.9127,-1.7615,-1.3588,1.1962,7.433,23.142,36.104,-4.1366,-10.7361,0.2,0.0,0.0,0.0,-1.7995,-1.3507,1.332,2.6147,-0.4004,0,0,0,0.319,0.121,0.879,0,0,0.0
217,20.42,14.3362,3.1287,27.9375,-1.7676,-1.3621,1.2437,7.43,23.097,36.095,-4.1366,-10.7361,0.2,0.0,0.0,0.0,-1.7995,-1.3506,1.38,2.6395,-0.3797,0,0,0,0.303,0.125,0.875,0,0,0.0
218,20.529,14.3007,3.1014,27.9634,-1.7717,-1.3657,1.2913,7.427,23.052,36.086,-4.1366,-10.7361,0.2,0.0,0.0,0.0,-1.7996,-1.3506,1.428,2.6649,-0.404,0,0,0,0.307,0.121,0.879,0,0,0.0
219,20.641,14.2652,3.074,27.9901,-1.7778,-1.3675,1.3388,7.426,23.007,36.078,-4.1366,-10.7361,0.2,0.0,0.0,0.0,-1.7996,-1.3505,1.4235,2.6625,-0.3837,0,0,0,0.296,0.118,0.882,0,0,0.0
220,20.75,14.2296,3.0466,28.0175,-1.7808,-1.3693,1.3669,7.425,22.963,36.071,-4.1366,-10.7361,0.2,0.0,0.0,0.0,-1.7996,-1.3505,1.3755,2.6371,-0.407,0,0,0,0.301,0.117,0.883,0,0,0.0
221,20.862,14.1939,3.0192,28.0448,-1.7841,-1.3692,1.3668,7.424,22.918,36.063,-4.1366,-10.7361,0.2,0.0,0.0,0.0,-1.7996,-1.3505,1.3275,2.6124,-0.3891,0,0,0,0.293,0.117,0.883,0,0,0.0
222,20.971,14.1582,2.9918,28.0718,-1.7846,-1.3694,1.3489,7.422,22.873,36.055,-4.1366,-10.7361,0.2,0.0,0.0,0.0,-1.7997,-1.3504,1.2795,2.5883,-0.3961,0,0,0,0.294,0.11,0.89,0,0,0.0
223,21.08,14.1225,2.9645,28.0982,-1.7856,-1.3686,1.3201,7.43,22.828,36.047,-4.1366,-10.7361,0.2,0.0,0.0,0.0,-1.7997,-1.3504,1.2315,2.565,-0.3795,0,0,0,0.282,0.104,0.896,0,0,0.0
224,21.189,14.0868,2.9371,28.1239,-1.7847,-1.3674,1.2844,7.44,22.783,36.039,-4.1366,-10.7361,0.2,0.0,0.0,0.0,-1.7997,-1.3504,1.1835,2.5423,-0.3998,0,0,0,0.284,0.1,0.9,0,0,0.0
225,21.298,14.0511,2.9098,28.1488,-1.7845,-1.3648,1.2443,7.448,22.738,36.03,-4.1366,-10.7361,0.2,0.0,0.0,0.0,-1.7998,-1.3503,1.1355,2.5203,-0.384,0,0,0,0.271,0.109,0.891,0,0,0.0
226,21.407,14.0154,2.8826,28.1728,-1.7824,-1.3621,1.2013,7.456,22.693,36.02,-4.1366,-10.7361,0.2,0.0,0.0,0.0,-1.7998,-1.3503,1.0875,2.499,-0.4075,0,0,0,0.276,0.107,0.893,0,0,0.0
227,21.516,13.9798,2.8554,28.1959,-1.7808,-1.3583,1.1567,7.463,22.648,36.01,-4.1366,-10.7361,0.2,0.0,0.0,0.0,-1.7998,-1.3503,1.0395,2.4785,-0.392,0,0,0,0.261,0.103,0.897,0,0,0.0
228,21.625,13.9443,2.8283,28.2181,-1.778,-1.3548,1.1107,7.469,22.603,35.999,-4.1366,-10.7361,0.2,0.0,0.0,0.0,-1.7998,-1.3502,0.9915,2.4588,-0.4105,0,0,0,0.266,0.108,0.892,0,0,0.0
229,21.734,13.9087,2.8013,28.2394,-1.7762,-1.3507,1.0645,7.474,22.559,35.988,-4.1366,-10.7361,0.2,0.0,0.0,0.0,-1.7998,-1.3502,0.9435,2.4398,-0.394,0,0,0,0.256,0.101,0.899,0,0,0.0
230,21.843,13.8733,2.7744,28.2598,-1.7731,-1.347,1.0177,7.479,22.514,35.976,-4.1366,-10.7361,0.2,0.0,0.0,0.0,-1.7999,-1.3502,0.8955,2.4216,-0.4155,0,0,0,0.261,0.107,0.893,0,0,0.0
231,21.951,13.8379,2.7475,28.2792,-1.7707,-1.3427,0.9706,7.482,22.47,35.963,-4.1366,-10.7361,0.2,0.0,0.0,0.0,-1.7999,-1.3502,0.8475,2.4043,-0.399,0,0,0,0.253,0.1,0.9,0,0,0.0
232,22.06,13.8025,2.7207,28.2977,-1.7673,-1.3393,0.9229,7.485,22.425,35.95,-4.1366,-10.7361,0.2,0.0,0.0,0.0,-1.7999,-1.3502,0.7995,2.3878,-0.4156,0,0,0,0.258,0.109,0.891,0,0,0.0
233,22.172,13.7672,2.694,28.3152,-1.7649,-1.3356,0.8757,7.486,22.381,35.936,-4.1366,-10.7361,0.2,0.0,0.0,0.0,-1.7999,-1.3501,0.7515,2.3722,-0.3972,0,0,0,0.25,0.103,0.897,0,0,0.0
234,22.284,13.732,2.6674,28.3317,-1.7614,-1.3329,0.8282,7.487,22.337,35.921,-4.1366,-10.7361,0.2,0.0,0.0,0.0,-1.7999,-1.3501,0.7035,2.3574,-0.4115,0,0,0,0.253,0.11,0.89,0,0,0.0
235,22.397,13.6968,2.6408,28.3474,-1.7588,-1.3301,0.7809,7.487,22.293,35.906,-4.1366,-10.7361,0.2,0.0,0.0,0.0,-1.7999,-1.3501,0.6555,2.3435,-0.3926,0,0,0,0.244,0.104,0.896,0,0,0.0
236,22.508,13.6617,2.6142,28.362,-1.7557,-1.3281,0.7335,7.485,22.249,35.89,-4.1366,-10.7361,0.2,0.0,0.0,0.0,-1.7999,-1.3501,0.6075,2.3306,-0.4107,0,0,0,0.249,0.098,0.902,0,0,0.0
237,22.618,13.6266,2.5877,28.3757,-1.754,-1.3261,0.686,7.483,22.205,35.874,-4.1366,-10.7361,0.2,0.0,0.0,0.0,-1.7999,-1.3501,0.5595,2.3185,-0.3918,0,0,0,0.264,0.093,0.907,0,0,0.0
238,22.728,13.5916,2.5612,28.3885,-1.7517,-1.3251,0.6383,7.48,22.161,35.857,-4.1366,-10.7361,0.2,0.0,0.0,0.0,-1.7999,-1.3501,0.5115,2.3074,-0.4007,0,0,0,0.287,0.102,0.898,0,0,0.0
239,22.837,13.5566,2.5347,28.4003,-1.7506,-1.3241,0.5901,7.476,22.117,35.839,-4.1366,-10.7361,0.2,0.0,0.0,0.0,-1.8,-1.3501,0.4635,2.2972,-0.3841,0,0,0,0.246,0.093,0.907,0,0,0.0
240,22.949,13.5216,2.5082,28.4112,-1.7488,-1.3237,0.5428,7.471,22.073,35.82,-4.1366,-10.7361,0.2,0.0,0.0,0.0,-1.8,-1.35,0.4155,2.288,-0.4071,0,0,0,0.243,0.098,0.902,0,0,0.0
241,23.061,13.4866,2.4818,28.4211,-1.7483,-1.3229,0.4954,7.465,22.029,35.801,-4.1366,-10.7361,0.2,0.0,0.0,0.0,-1.8,-1.35,0.3675,2.2798,-0.3934,0,0,0,0.236,0.096,0.904,0,0,0.0
242,23.173,13.4517,2.4553,28.43,-1.7469,-1.3227,0.4472,7.458,21.985,35.781,-4.1366,-10.7361,0.2,0.0,0.0,0.0,-1.8,-1.35,0.3195,2.2726,-0.4114,0,0,0,0.242,0.097,0.903,0,0,0.0
243,23.282,13.4168,2.4289,28.438,-1.7466,-1.3223,0.3999,7.451,21.942,35.761,-4.1366,-10.7361,0.2,0.0,0.0,0.0,-1.8,-1.35,0.2715,2.2663,-0.3931,0,0,0,0.245,0.091,0.909,0,0,0.0
244,23.392,13.3819,2.4024,28.4451,-1.7456,-1.3226,0.3524,7.442,21.898,35.739,-4.1366,-10.7361,0.2,0.0,0.0,0.0,-1.8,-1.35,0.2235,2.2611,-0.4056,0,0,0,0.277,0.095,0.905,0,0,0.0
245,23.502,13.3469,2.376,28.4512,-1.7458,-1.3229,0.3047,7.432,21.854,35.717,-4.1366,-10.7361,0.2,0.0,0.0,0.0,-1.8,-1.35,0.1755,2.2568,-0.3875,0,0,0,0.299,0.097,0.903,0,0,0.0
246,23.611,13.312,2.3495,28.4563,-1.7451,-1.3237,0.2572,7.422,21.81,35.695,-4.1366,-10.7361,0.2,0.0,0.0,0.0,-1.8,-1.3499,0.1275,2.2536,-0.4041,0,0,0,0.305,0.105,0.895,0,0,0.0
247,23.72,13.2771,2.323,28.4605,-1.7454,-1.3243,0.2093,7.41,21.766,35.671,-4.1366,-10.7361,0.2,0.0,0.0,0.0,-1.8001,-1.3499,0.0795,2.2514,-0.3866,0,0,0,0.311,0.101,0.899,0,0,0.0
248,23.83,13.2422,2.2965,28.4637,-1.7448,-1.3256,0.1617,7.397,21.723,35.647,-4.1366,-10.7361,0.2,0.0,0.0,0.0,-1.8001,-1.3499,0.0315,2.2502,-0.3977,0,0,0,0.31,0.104,0.896,0,0,0.0
249,23.939,13.2073,2.2699,28.466,-1.7451,-1.3266,0.1136,7.384,21.679,35.622,-4.1366,-10.7361,0.2,0.0,0.0,0.0,-1.8001,-1.3499,-0.0165,2.2501,-0.3815,0,0,0,0.302,0.092,0.908,0,0,0.0
250,24.049,13.1724,2.2434,28.4673,-1.7448,-1.3279,0.0663,7.369,21.635,35.597,-4.1366,-10.7361,0.2,0.0,0.0,0.0,-1.8001,-1.3498,-0.0645,2.2509,-0.403,0,0,0,0.292,0.095,0.905,0,0,0.0
251,24.158,13.1375,2.2168,28.4677,-1.7458,-1.3286,0.0187,7.354,21.591,35.57,-4.1366,-10.7361,0.2,0.0,0.0,0.0,-1.8001,-1.3498,-0.1125,2.2528,-0.3885,0,0,0,0.271,0.085,0.915,0,0,0.0
252,24.27,13.1026,2.1902,28.4671,-1.746,-1.3297,-0.0288,7.337,21.547,35.543,-4.1366,-10.7361,0.2,0.0,0.0,0.0,-1.8002,-1.3498,-0.1605,2.2557,-0.4095,0,0,0,0.242,0.089,0.911,0,0,0.0
253,24.379,13.0677,2.1636,28.4656,-1.7474,-1.3304,-0.0765,7.32,21.503,35.515,-4.1366,-10.7361,0.2,0.0,0.0,0.0,-1.8002,-1.3498,-0.2085,2.2596,-0.3956,0,0,0,0.225,0.083,0.917,0,0,0.0
254,24.491,13.0327,2.137,28.4631,-1.7476,-1.3316,-0.1249,7.302,21.459,35.487,-4.1366,-10.7361,0.2,0.0,0.0,0.0,-1.8002,-1.3497,-0.2565,2.2646,-0.3997,0,0,0,0.254,0.089,0.911,0,0,0.0
255,24.6,12.9977,2.1103,28.4596,-1.7486,-1.3326,-0.1729,7.282,21.415,35.457,-4.1366,-10.7361,0.2,0.0,0.0,0.0,-1.8002,-1.3497,-0.3045,2.2705,-0.3825,0,0,0,0.242,0.075,0.925,0,0,0.0
256,24.712,12.9628,2.0837,28.4552,-1.7488,-1.3335,-0.2201,7.262,21.371,35.427,-4.1366,-10.7361,0.2,0.0,0.0,0.0,-1.8002,-1.3497,-0.3525,2.2775,-0.4016,0,0,0,0.221,0.087,0.913,0,0,0.0
257,24.821,12.9278,2.057,28.4499,-1.75,-1.3335,-0.2675,7.241,21.327,35.396,-4.1366,-10.7361,0.2,0.0,0.0,0.0,-1.8003,-1.3496,-0.4005,2.2854,-0.3862,0,0,0,0.217,0.071,0.929,0,0,0.0
258,24.933,12.8928,2.0303,28.4436,-1.7502,-1.3335,-0.3151,7.219,21.283,35.365,-4.1366,-10.7361,0.2,0.0,0.0,0.0,-1.8003,-1.3496,-0.4485,2.2943,-0.4081,0,0,0,0.206,0.081,0.919,0,0,0.0
259,25.042,12.8577,2.0037,28.4363,-1.7512,-1.3327,-0.3626,7.196,21.239,35.333,-4.1366,-10.7361,0.2,0.0,0.0,0.0,-1.8003,-1.3496,-0.4965,2.3041,-0.3929,0,0,0,0.201,0.073,0.927,0,0,0.0
260,25.151,12.8227,1.977,28.4281,-1.7515,-1.3323,-0.4102,7.172,21.195,35.3,-4.1366,-10.7361,0.2,0.0,0.0,0.0,-1.8003,-1.3496,-0.5445,2.315,-0.412,0,0,0,0.205,0.08,0.92,0,0,0.0
261,25.259,12.7876,1.9504,28.419,-1.753,-1.3314,-0.4578,7.147,21.151,35.266,-4.1366,-10.7361,0.2,0.0,0.0,0.0,-1.8003,-1.3495,-0.5925,2.3267,-0.3972,0,0,0,0.203,0.076,0.924,0,0,0.0
262,25.371,12.7526,1.9238,28.4088,-1.7535,-1.3311,-0.506,7.121,21.107,35.231,-4.1366,-10.7361,0.2,0.0,0.0,0.0,-1.8004,-1.3495,-0.6405,2.3394,-0.4132,0,0,0,0.265,0.081,0.919,0,0,0.0
263,25.48,12.7175,1.8972,28.3978,-1.7551,-1.3305,-0.5535,7.094,21.063,35.196,-4.1366,-10.7361,0.2,0.0,0.0,0.0,-1.8004,-1.3495,-0.6885,2.353,-0.3956,0,0,0,0.306,0.092,0.908,0,0,0.0
264,25.589,12.6824,1.8706,28.3858,-1.7554,-1.3305,-0.6011,7.066,21.019,35.16,-4.1366,-10.7361,0.2,0.0,0.0,0.0,-1.8004,-1.3495,-0.7365,2.3675,-0.4016,0,0,0,0.314,0.093,0.907,0,0,0.0
265,25.699,12.6472,1.8439,28.3728,-1.7565,-1.3304,-0.6491,7.037,20.975,35.123,-4.1366,-10.7361,0.2,0.0,0.0,0.0,-1.8004,-1.3495,-0.7845,2.3829,-0.3843,0,0,0,0.316,0.093,0.907,0,0,0.0
266,25.808,12.6121,1.8173,28.3588,-1.7566,-1.3304,-0.6965,7.007,20.931,35.086,-4.1366,-10.7361,0.2,0.0,0.0,0.0,-1.8004,-1.3494,-0.8325,2.3991,-0.4036,0,0,0,0.319,0.103,0.897,0,0,0.0
267,25.917,12.5769,1.7907,28.344,-1.7574,-1.3297,-0.744,6.976,20.887,35.048,-4.1366,-10.7361,0.2,0.0,0.0,0.0,-1.8004,-1.3494,-0.8805,2.4162,-0.3875,0,0,0,0.324,0.098,0.902,0,0,0.0
268,26.026,12.5418,1.7642,28.3281,-1.7571,-1.3294,-0.7916,6.945,20.843,35.009,-4.1366,-10.7361,0.2,0.0,0.0,0.0,-1.8004,-1.3494,-0.9285,2.4341,-0.4084,0,0,0,0.33,0.099,0.901,0,0,0.0
269,26.135,12.5067,1.7376,28.3113,-1.7574,-1.3285,-0.8391,6.912,20.799,34.969,-4.1366,-10.7361,0.2,0.0,0.0,0.0,-1.8005,-1.3494,-0.9765,2.4528,-0.3923,0,0,0,0.337,0.097,0.903,0,0,0.0
270,26.247,12.4715,1.711,28.2936,-1.7568,-1.3283,-0.8867,6.878,20.755,34.929,-4.1366,-10.7361,0.2,0.0,0.0,0.0,-1.8005,-1.3494,-1.0245,2.4723,-0.4091,0,0,0,0.344,0.1,0.9,0,0,0.0
271,26.356,12.4364,1.6845,28.2749,-1.7572,-1.3278,-0.9343,6.844,20.711,34.887,-4.1366,-10.7361,0.2,0.0,0.0,0.0,-1.8005,-1.3494,-1.0725,2.4926,-0.3932,0,0,0,0.352,0.101,0.899,0,0,0.0
272,26.468,12.4013,1.6579,28.2553,-1.7563,-1.3281,-0.982,6.808,20.667,34.846,-4.1366,-10.7361,0.2,0.0,0.0,0.0,-1.8005,-1.3493,-1.1205,2.5136,-0.4022,0,0,0,0.352,0.098,0.902,0,0,0.0
273,26.578,12.3661,1.6313,28.2347,-1.7562,-1.3281,-1.0296,6.772,20.623,34.803,-4.1366,-10.7361,0.2,0.0,0.0,0.0,-1.8005,-1.3493,-1.1685,2.5353,-0.3864,0,0,0,0.355,0.101,0.899,0,0,0.0
274,26.69,12.331,1.6048,28.2132,-1.7551,-1.3284,-1.0771,6.734,20.579,34.759,-4.1366,-10.7361,0.2,0.0,0.0,0.0,-1.8005,-1.3493,-1.2165,2.5578,-0.4059,0,0,0,0.358,0.11,0.89,0,0,0.0
275,26.799,12.2959,1.5782,28.1907,-1.7549,-1.3279,-1.1247,6.696,20.535,34.715,-4.1366,-10.7361,0.2,0.0,0.0,0.0,-1.8005,-1.3493,-1.2645,2.581,-0.3903,0,0,0,0.361,0.107,0.893,0,0,0.0
276,26.911,12.2609,1.5517,28.1672,-1.7537,-1.328,-1.1724,6.657,20.491,34.67,-4.1366,-10.7361,0.2,0.0,0.0,0.0,-1.8005,-1.3493,-1.3125,2.6049,-0.4124,0,0,0,0.366,0.109,0.891,0,0,0.0
277,27.02,12.2258,1.5251,28.1428,-1.7532,-1.3275,-1.2199,6.616,20.447,34.625,-4.1366,-10.7361,0.2,0.0,0.0,0.0,-1.8006,-1.3493,-1.3605,2.6294,-0.3969,0,0,0,0.371,0.107,0.893,0,0,0.0
278,27.132,12.1908,1.4986,28.1175,-1.7519,-1.3278,-1.2678,6.575,20.403,34.578,-4.1366,-10.7361,0.2,0.0,0.0,0.0,-1.8006,-1.3492,-1.4085,2.6545,-0.406,0,0,0,0.374,0.106,0.894,0,0,0.0
279,27.241,12.1557,1.472,28.0912,-1.7518,-1.3279,-1.3152,6.533,20.359,34.531,-4.1366,-10.7361,0.2,0.0,0.0,0.0,-1.8006,-1.3492,-1.3605,2.6294,-0.3901,0,0,0,0.378,0.109,0.891,0,0,0.0
280,27.354,12.1207,1.4454,28.0646,-1.752,-1.3294,-1.3272,6.491,20.315,34.484,-4.1366,-10.7361,0.2,0.0,0.0,0.0,-1.8006,-1.3492,-1.3125,2.6049,-0.411,0,0,0,0.382,0.112,0.888,0,0,0.0
281,27.462,12.0856,1.4188,28.0383,-1.7545,-1.3308,-1.317,6.448,20.271,34.436,-4.1366,-10.7361,0.2,0.0,0.0,0.0,-1.8006,-1.3492,-1.2645,2.581,-0.3925,0,0,0,0.386,0.11,0.89,0,0,0.0
282,27.574,12.0505,1.3921,28.0124,-1.7557,-1.3335,-1.2929,6.407,20.227,34.39,-4.1366,-10.7361,0.2,0.0,0.0,0.0,-1.8006,-1.3491,-1.2165,2.5578,-0.4141,0,0,0,0.39,0.117,0.883,0,0,0.0
283,27.686,12.0153,1.3654,27.9872,-1.7588,-1.3359,-1.2601,6.366,20.182,34.343,-4.1366,-10.7361,0.2,0.0,0.0,0.0,-1.8007,-1.3491,-1.1685,2.5353,-0.3947,0,0,0,0.394,0.124,0.876,0,0,0.0
284,27.797,11.9801,1.3386,27.9628,-1.7597,-1.3396,-1.2219,6.325,20.138,34.298,-4.1366,-10.7361,0.2,0.0,0.0,0.0,-1.8007,-1.3491,-1.1205,2.5136,-0.3992,0,0,0,0.393,0.119,0.881,0,0,0.0
285,27.909,11.9449,1.3117,27.9392,-1.7622,-1.343,-1.1801,6.286,20.094,34.252,-4.1366,-10.7361,0.2,0.0,0.0,0.0,-1.8007,-1.349,-1.0725,2.4926,-0.3794,0,0,0,0.391,0.114,0.886,0,0,0.0
286,28.02,11.9096,1.2848,27.9165,-1.7626,-1.3461,-1.136,6.247,20.05,34.208,-4.1366,-10.7361,0.2,0.0,0.0,0.0,-1.8007,-1.349,-1.0245,2.4723,-0.4034,0,0,0,0.39,0.129,0.871,0,0,0.0
287,28.132,11.8743,1.2579,27.8946,-1.7648,-1.3471,-1.0907,6.209,20.005,34.164,-4.1366,-10.7361,0.2,0.0,0.0,0.0,-1.8008,-1.349,-0.9765,2.4528,-0.3836,0,0,0,0.389,0.116,0.884,0,0,0.0
288,28.243,11.839,1.2309,27.8738,-1.7646,-1.3482,-1.0444,6.172,19.961,34.121,-4.1366,-10.7361,0.2,0.0,0.0,0.0,-1.8392,-1.3777,-0.9285,2.4785,-0.4078,0,0,0,0.389,0.126,0.874,0,0,0.0
289,28.355,11.8037,1.204,27.8538,-1.7657,-1.3474,-0.9975,6.136,19.916,34.079,-4.1366,-10.7361,0.2,0.0,0.0,0.0,-1.8776,-1.4065,-0.8805,2.5058,-0.3881,0,0,0,0.388,0.117,0.883,0,0,0.0
290,28.463,11.7684,1.177,27.8348,-1.7639,-1.347,-0.9501,6.101,19.872,34.038,-4.1366,-10.7361,0.2,0.0,0.0,0.0,-1.9161,-1.4352,-0.8325,2.5346,-0.4311,0,0,0,0.399,0.121,0.879,0,0,0.0
291,28.574,11.7332,1.1501,27.8168,-1.7632,-1.345,-0.9022,6.067,19.828,33.997,-4.1366,-10.7361,0.2,0.0,0.0,0.0,-1.9546,-1.4639,-0.7845,2.5649,-0.3847,0,0,0,0.397,0.108,0.892,0,0,0.0
292,28.682,11.6979,1.1232,27.7997,-1.7655,-1.3456,-0.8543,6.034,19.783,33.958,-4.1366,-10.7361,0.2,0.0,0.0,0.0,-1.955,-1.4642,-0.7365,2.5512,-0.427,0,0,0,0.405,0.109,0.891,0,0,0.0
293,28.794,11.6625,1.0963,27.7835,-1.7687,-1.3442,-0.8065,6.002,19.739,33.919,-4.1366,-10.7361,0.2,0.0,0.0,0.0,-1.9538,-1.4633,-0.6885,2.5363,-0.4245,0,0,0,0.416,0.119,0.881,0,0,0.0
294,28.902,11.627,1.0694,27.7684,-1.7748,-1.3448,-0.7585,5.971,19.694,33.88,-4.1366,-10.7361,0.2,0.0,0.0,0.0,-1.9526,-1.4623,-0.6405,2.5222,-0.4039,0,0,0,0.428,0.133,0.867,0,0,0.0
295,29.011,11.5913,1.0425,27.7542,-1.7817,-1.3473,-0.7105,5.94,19.65,33.843,-4.1366,-10.7361,0.2,0.0,0.0,0.0,-1.9514,-1.4614,-0.5925,2.5089,-0.4222,0,0,0,0.44,0.134,0.866,0,0,0.0
296,29.12,11.5555,1.0155,27.7409,-1.7932,-1.3499,-0.663,5.911,19.605,33.806,-4.1366,-10.7361,0.2,0.0,0.0,0.0,-1.9502,-1.4605,-0.5445,2.4965,-0.3932,0,0,0,0.449,0.146,0.854,0,0,0.0
297,29.229,11.5194,0.9884,27.7286,-1.805,-1.355,-0.6155,5.882,19.559,33.77,-4.1366,-10.7361,0.2,0.0,0.0,0.0,-1.9489,-1.4595,-0.4965,2.485,-0.4121,0,0,0,0.459,0.156,0.844,0,0,0.0
298,29.338,11.483,0.9612,27.7172,-1.82,-1.36,-0.569,5.855,19.514,33.734,-4.1366,-10.7361,0.2,0.0,0.0,0.0,-1.9477,-1.4586,-0.4485,2.4743,-0.3883,0,0,0,0.463,0.173,0.827,0,0,0.0
299,29.446,11.4463,0.9338,27.7068,-1.8337,-1.3673,-0.5216,5.828,19.468,33.699,-4.1366,-10.7361,0.2,0.0,0.0,0.0,-1.9464,-1.4577,-0.4005,2.4645,-0.4142,0,0,0,0.466,0.15,0.85,0,0,0.0
300,29.555,11.4093,0.9064,27.6973,-1.8503,-1.3746,-0.4748,5.802,19.422,33.665,-4.1366,-10.7361,0.2,0.0,0.0,0.0,-1.9451,-1.4567,-0.3525,2.4556,-0.3872,0,0,0,0.466,0.158,0.842,0,0,0.0
301,29.664,11.372,0.8787,27.6887,-1.8655,-1.3843,-0.4279,5.776,19.376,33.631,-4.1366,-10.7361,0.2,0.0,0.0,0.0,-1.9438,-1.4558,-0.3045,2.4476,-0.4142,0,0,0,0.469,0.147,0.853,0,0,0.0
302,29.773,11.3344,0.8508,27.6811,-1.8805,-1.3933,-0.3807,5.753,19.329,33.598,-4.1366,-10.7361,0.2,0.0,0.0,0.0,-1.9425,-1.4548,-0.2565,2.4405,-0.3975,0,0,0,0.47,0.155,0.845,0,0,0.0
303,29.881,11.2965,0.8227,27.6744,-1.8918,-1.4041,-0.3344,5.731,19.282,33.565,-4.1366,-10.7361,0.2,0.0,0.0,0.0,-1.9412,-1.4539,-0.2085,2.4343,-0.3813,0,0,0,0.466,0.152,0.848,0,0,0.0
304,29.99,11.2585,0.7944,27.6687,-1.9036,-1.4148,-0.2869,5.71,19.234,33.533,-4.1366,-10.7361,0.2,0.0,0.0,0.0,-1.9399,-1.4529,-0.1605,2.429,-0.4099,0,0,0,0.466,0.139,0.861,0,0,0.0
305,30.098,11.2202,0.766,27.6639,-1.9128,-1.4238,-0.2392,5.69,19.187,33.502,-4.1366,-10.7361,0.2,0.0,0.0,0.0,-1.9386,-1.452,-0.1125,2.4247,-0.3669,0,0,0,0.457,0.146,0.854,0,0,0.0
306,30.209,11.1818,0.7373,27.6601,-1.9219,-1.4336,-0.1916,5.671,19.139,33.472,-4.1366,-10.7361,0.2,0.0,0.0,0.0,-1.9373,-1.451,-0.0645,2.4213,-0.4097,0,0,0,0.455,0.139,0.861,0,0,0.0
307,30.321,11.1432,0.7085,27.6572,-1.9288,-1.4397,-0.1438,5.653,19.091,33.442,-4.1366,-10.7361,0.2,0.0,0.0,0.0,-1.9359,-1.45,-0.0165,2.4188,-0.3664,0,0,0,0.441,0.135,0.865,0,0,0.0
308,30.429,11.1045,0.6796,27.6553,-1.9355,-1.4462,-0.0959,5.636,19.042,33.413,-4.1366,-10.7361,0.2,0.0,0.0,0.0,-1.9346,-1.449,0.0315,2.4173,-0.4097,0,0,0,0.437,0.121,0.879,0,0,0.0
309,30.537,11.0657,0.6506,27.6543,-1.94,-1.4484,-0.0481,5.62,18.994,33.384,-4.1366,-10.7361,0.2,0.0,0.0,0.0,-1.9333,-1.448,0.0795,2.4167,-0.3914,0,0,0,0.43,0.127,0.873,0,0,0.0
310,30.648,11.0268,0.6216,27.6543,-1.9442,-1.4506,-0.0006,5.604,18.945,33.357,-4.1366,-10.7361,0.2,0.0,0.0,0.0,-1.9319,-1.447,0.1275,2.4171,-0.4261,0,0,0,0.444,0.137,0.863,0,0,0.0
311,30.76,10.9879,0.5926,27.6552,-1.9452,-1.4506,0.0469,5.59,18.897,33.33,-4.1366,-10.7361,0.2,0.0,0.0,0.0,-1.9306,-1.446,0.1755,2.4185,-0.3779,0,0,0,0.44,0.152,0.848,0,0,0.0
312,30.871,10.949,0.5635,27.6571,-1.9454,-1.4525,0.0952,5.577,18.848,33.304,-4.1366,-10.7361,0.2,0.0,0.0,0.0,-1.9292,-1.445,0.2235,2.4207,-0.4175,0,0,0,0.446,0.166,0.834,0,0,0.0
313,30.983,10.9102,0.5345,27.66,-1.9425,-1.4518,0.1432,5.564,18.8,33.279,-4.1366,-10.7361,0.2,0.0,0.0,0.0,-1.9279,-1.4441,0.2715,2.424,-0.374,0,0,0,0.442,0.147,0.853,0,0,0.0
314,31.094,10.8714,0.5054,27.6638,-1.9388,-1.4526,0.1913,5.552,18.751,33.255,-4.1366,-10.7361,0.2,0.0,0.0,0.0,-1.9266,-1.4431,0.3195,2.4282,-0.4138,0,0,0,0.448,0.14,0.86,0,0,0.0
315,31.206,10.8327,0.4764,27.6686,-1.9335,-1.4509,0.2392,5.542,18.703,33.231,-4.1366,-10.7361,0.2,0.0,0.0,0.0,-1.9252,-1.4421,0.3675,2.4333,-0.3639,0,0,0,0.442,0.155,0.845,0,0,0.0
316,31.318,10.7941,0.4474,27.6744,-1.9287,-1.4509,0.2871,5.532,18.655,33.209,-4.1366,-10.7361,0.2,0.0,0.0,0.0,-1.9239,-1.441,0.4155,2.4394,-0.4034,0,0,0,0.45,0.162,0.838,0,0,0.0
317,31.429,10.7557,0.4184,27.681,-1.9221,-1.448,0.3341,5.523,18.607,33.188,-4.1366,-10.7361,0.2,0.0,0.0,0.0,-1.9226,-1.44,0.4635,2.4464,-0.3616,0,0,0,0.436,0.145,0.855,0,0,0.0
318,31.54,10.7174,0.3895,27.6887,-1.9159,-1.4463,0.3821,5.516,18.559,33.167,-4.1366,-10.7361,0.2,0.0,0.0,0.0,-1.9213,-1.439,0.5115,2.4543,-0.4064,0,0,0,0.435,0.147,0.853,0,0,0.0
319,31.652,10.6792,0.3607,27.6973,-1.9079,-1.4415,0.4298,5.509,18.511,33.147,-4.1366,-10.7361,0.2,0.0,0.0,0.0,-1.92,-1.438,0.5595,2.4632,-0.3704,0,0,0,0.426,0.15,0.85,0,0,0.0
320,31.763,10.6412,0.3319,27.7068,-1.9002,-1.4376,0.4776,5.503,18.463,33.129,-4.1366,-10.7361,0.2,0.0,0.0,0.0,-1.9187,-1.437,0.6075,2.4729,-0.4158,0,0,0,0.427,0.144,0.856,0,0,0.0
321,31.874,10.6034,0.3033,27.7173,-1.8929,-1.4309,0.5253,5.499,18.416,33.111,-4.1366,-10.7361,0.2,0.0,0.0,0.0,-1.9174,-1.436,0.6555,2.4836,-0.3834,0,0,0,0.42,0.127,0.873,0,0,0.0
322,31.985,10.5656,0.2748,27.7288,-1.8881,-1.4257,0.5731,5.495,18.368,33.094,-4.1366,-10.7361,0.2,0.0,0.0,0.0,-1.9161,-1.435,0.7035,2.4951,-0.4285,0,0,0,0.42,0.137,0.863,0,0,0.0
323,32.096,10.5279,0.2464,27.7412,-1.8833,-1.4185,0.6208,5.492,18.321,33.078,-4.1366,-10.7361,0.2,0.0,0.0,0.0,-1.9148,-1.434,0.7515,2.5075,-0.3829,0,0,0,0.41,0.118,0.882,0,0,0.0
324,32.207,10.4903,0.2182,27.7546,-1.8805,-1.4137,0.6684,5.487,18.274,33.064,-4.1366,-10.7361,0.2,0.0,0.0,0.0,-1.9135,-1.4331,0.7995,2.5208,-0.4277,0,0,0,0.414,0.115,0.885,0,0,0.0
325,32.32,10.4528,0.19,27.7689,-1.8775,-1.4064,0.716,5.481,18.227,33.05,-4.1366,-10.7361,0.2,0.0,0.0,0.0,-1.9122,-1.4321,0.8475,2.5349,-0.3934,0,0,0,0.407,0.105,0.895,0,0,0.0
326,32.431,10.4152,0.162,27.7842,-1.8762,-1.401,0.7631,5.472,18.18,33.037,-4.1366,-10.7361,0.2,0.0,0.0,0.0,-1.911,-1.4311,0.8955,2.5499,-0.4348,0,0,0,0.42,0.129,0.871,0,0,0.0
327,32.543,10.3778,0.1341,27.8004,-1.8743,-1.3939,0.8107,5.459,18.134,33.024,-4.1366,-10.7361,0.2,0.0,0.0,0.0,-1.9097,-1.4302,0.9435,2.5656,-0.3835,0,0,0,0.423,0.16,0.84,0,0,0.0
328,32.651,10.3403,0.1063,27.8176,-1.8738,-1.3897,0.8586,5.448,18.087,33.013,-4.1366,-10.7361,0.2,0.0,0.0,0.0,-1.9084,-1.4293,0.9915,2.5822,-0.4215,0,0,0,0.432,0.145,0.855,0,0,0.0
329,32.76,10.3028,0.0787,27.8357,-1.8726,-1.3837,0.9065,5.438,18.04,33.003,-4.1366,-10.7361,0.2,0.0,0.0,0.0,-1.9071,-1.4283,1.0395,2.5995,-0.3703,0,0,0,0.429,0.17,0.83,0,0,0.0
330,32.869,10.2654,0.0511,27.8548,-1.8726,-1.38,0.9542,5.429,17.994,32.993,-4.1366,-10.7361,0.2,0.0,0.0,0.0,-1.9057,-1.4274,1.0875,2.6176,-0.4076,0,0,0,0.436,0.172,0.828,0,0,0.0
331,32.977,10.2279,0.0236,27.8748,-1.8718,-1.3741,1.0015,5.42,17.947,32.985,-4.1366,-10.7361,0.2,0.0,0.0,0.0,-1.9044,-1.4265,1.1355,2.6365,-0.3848,0,0,0,0.43,0.161,0.839,0,0,0.0
332,33.086,10.1905,-0.0038,27.8958,-1.8722,-1.37,1.0492,5.414,17.901,32.977,-4.1366,-10.7361,0.2,0.0,0.0,0.0,-1.9031,-1.4256,1.1835,2.6561,-0.4308,0,0,0,0.435,0.146,0.854,0,0,0.0
333,33.197,10.1531,-0.0311,27.9177,-1.8711,-1.3652,1.097,5.417,17.855,32.971,-4.1366,-10.7361,0.2,0.0,0.0,0.0,-1.9018,-1.4247,1.2315,2.6764,-0.3881,0,0,0,0.427,0.144,0.856,0,0,0.0
334,33.309,10.1157,-0.0584,27.9406,-1.8705,-1.3638,1.1441,5.42,17.808,32.965,-4.1366,-10.7361,0.2,0.0,0.0,0.0,-1.9005,-1.4238,1.2795,2.6974,-0.4321,0,0,0,0.436,0.151,0.849,0,0,0.0
335,33.42,10.0783,-0.0856,27.9644,-1.8682,-1.3612,1.1921,5.425,17.762,32.96,-4.1366,-10.7361,0.2,0.0,0.0,0.0,-1.8991,-1.4229,1.3275,2.7191,-0.383,0,0,0,0.433,0.158,0.842,0,0,0.0
336,33.532,10.041,-0.1129,27.9892,-1.8664,-1.3618,1.2399,5.43,17.716,32.956,-4.1366,-10.7361,0.2,0.0,0.0,0.0,-1.8978,-1.422,1.3755,2.7415,-0.4233,0,0,0,0.44,0.161,0.839,0,0,0.0
337,33.641,10.0037,-0.1401,28.015,-1.8629,-1.3609,1.2877,5.436,17.67,32.953,-4.1366,-10.7361,0.2,0.0,0.0,0.0,-1.8965,-1.4211,1.3275,2.7164,-0.3741,0,0,0,0.437,0.178,0.822,0,0,0.0
338,33.75,9.9665,-0.1673,28.041,-1.8595,-1.3619,1.2998,5.443,17.624,32.95,-4.1366,-10.7361,0.2,0.0,0.0,0.0,-1.8952,-1.4203,1.2795,2.6918,-0.4108,0,0,0,0.441,0.191,0.809,0,0,0.0
339,33.859,9.9294,-0.1945,28.0668,-1.8544,-1.3609,1.2895,5.449,17.578,32.947,-4.1366,-10.7361,0.2,0.0,0.0,0.0,-1.8939,-1.4194,1.2315,2.6679,-0.3831,0,0,0,0.441,0.197,0.803,0,0,0.0
340,33.968,9.8924,-0.2218,28.0921,-1.8494,-1.361,1.2654,5.459,17.532,32.944,-4.1366,-10.7361,0.2,0.0,0.0,0.0,-1.8926,-1.4184,1.1835,2.6447,-0.4033,0,0,0,0.444,0.176,0.824,0,0,0.0
341,34.077,9.8555,-0.249,28.1167,-1.8459,-1.3605,1.232,5.469,17.486,32.941,-4.1366,-10.7361,0.2,0.0,0.0,0.0,-1.8913,-1.4175,1.1355,2.6222,-0.3858,0,0,0,0.44,0.196,0.804,0,0,0.0
342,34.186,9.8187,-0.2762,28.1406,-1.8415,-1.361,1.1939,5.48,17.44,32.937,-4.1366,-10.7361,0.2,0.0,0.0,0.0,-1.89,-1.4166,1.0875,2.6003,-0.4121,0,0,0,0.439,0.185,0.815,0,0,0.0
343,34.294,9.7819,-0.3034,28.1636,-1.8384,-1.3611,1.1522,5.489,17.394,32.932,-4.1366,-10.7361,0.2,0.0,0.0,0.0,-1.8888,-1.4157,1.0395,2.5792,-0.3982,0,0,0,0.434,0.174,0.826,0,0,0.0
344,34.403,9.7452,-0.3307,28.1858,-1.8345,-1.3622,1.1084,5.497,17.349,32.927,-4.1366,-10.7361,0.2,0.0,0.0,0.0,-1.8875,-1.4148,0.9915,2.5588,-0.4123,0,0,0,0.442,0.185,0.815,0,0,0.0
345,34.512,9.7086,-0.3579,28.2071,-1.8319,-1.3633,1.0625,5.505,17.303,32.921,-4.1366,-10.7361,0.2,0.0,0.0,0.0,-1.8862,-1.4139,0.9435,2.5391,-0.3927,0,0,0,0.442,0.201,0.799,0,0,0.0
346,34.621,9.672,-0.3852,28.2274,-1.8287,-1.3655,1.0166,5.512,17.257,32.914,-4.1366,-10.7361,0.2,0.0,0.0,0.0,-1.8849,-1.4129,0.8955,2.5202,-0.4088,0,0,0,0.445,0.178,0.822,0,0,0.0
347,34.73,9.6355,-0.4126,28.2468,-1.8269,-1.3676,0.9701,5.518,17.212,32.907,-4.1366,-10.7361,0.2,0.0,0.0,0.0,-1.8837,-1.412,0.8475,2.502,-0.3908,0,0,0,0.446,0.185,0.815,0,0,0.0
348,34.839,9.599,-0.44,28.2653,-1.8245,-1.3707,0.923,5.522,17.166,32.899,-4.1366,-10.7361,0.2,0.0,0.0,0.0,-1.8824,-1.4111,0.7995,2.4847,-0.393,0,0,0,0.444,0.182,0.818,0,0,0.0
349,34.947,9.5625,-0.4675,28.2828,-1.8232,-1.3737,0.8752,5.527,17.12,32.89,-4.1366,-10.7361,0.2,0.0,0.0,0.0,-1.8812,-1.4101,0.7515,2.4682,-0.3779,0,0,0,0.435,0.183,0.817,0,0,0.0
350,35.056,9.5261,-0.495,28.2993,-1.8214,-1.3767,0.8277,5.53,17.075,32.88,-4.1366,-10.7361,0.2,0.0,0.0,0.0,-1.88,-1.4091,0.7035,2.4525,-0.401,0,0,0,0.429,0.178,0.822,0,0,0.0
351,35.166,9.4897,-0.5226,28.3149,-1.8212,-1.3787,0.7805,5.532,17.029,32.87,-4.1366,-10.7361,0.2,0.0,0.0,0.0,-1.8787,-1.4082,0.6555,2.4377,-0.3886,0,0,0,0.423,0.172,0.828,0,0,0.0
352,35.275,9.4533,-0.5502,28.3296,-1.8204,-1.3807,0.7327,5.533,16.983,32.859,-4.1366,-10.7361,0.2,0.0,0.0,0.0,-1.8775,-1.4072,0.6075,2.4237,-0.4044,0,0,0,0.423,0.161,0.839,0,0,0.0
353,35.383,9.4169,-0.5778,28.3433,-1.8211,-1.3819,0.6854,5.534,16.938,32.847,-4.1366,-10.7361,0.2,0.0,0.0,0.0,-1.8762,-1.4062,0.5595,2.4106,-0.3863,0,0,0,0.422,0.169,0.831,0,0,0.0
354,35.492,9.3804,-0.6055,28.356,-1.821,-1.3832,0.638,5.533,16.892,32.834,-4.1366,-10.7361,0.2,0.0,0.0,0.0,-1.875,-1.4053,0.5115,2.3983,-0.4029,0,0,0,0.422,0.175,0.825,0,0,0.0
355,35.601,9.344,-0.6332,28.3679,-1.8223,-1.3837,0.5901,5.531,16.846,32.821,-4.1366,-10.7361,0.2,0.0,0.0,0.0,-1.8738,-1.4043,0.4635,2.387,-0.3852,0,0,0,0.421,0.177,0.823,0,0,0.0
356,35.709,9.3075,-0.6609,28.3787,-1.8226,-1.3845,0.5427,5.529,16.8,32.807,-4.1366,-10.7361,0.2,0.0,0.0,0.0,-1.8725,-1.4033,0.4155,2.3766,-0.4035,0,0,0,0.422,0.181,0.819,0,0,0.0
357,35.818,9.2711,-0.6886,28.3886,-1.824,-1.3846,0.4952,5.526,16.755,32.792,-4.1366,-10.7361,0.2,0.0,0.0,0.0,-1.8713,-1.4023,0.3675,2.3671,-0.3865,0,0,0,0.421,0.171,0.829,0,0,0.0
358,35.926,9.2346,-0.7163,28.3976,-1.8242,-1.3851,0.4476,5.521,16.709,32.776,-4.1366,-10.7361,0.2,0.0,0.0,0.0,-1.8701,-1.4014,0.3195,2.3586,-0.4052,0,0,0,0.423,0.177,0.823,0,0,0.0
359,36.034,9.1981,-0.744,28.4056,-1.8252,-1.3852,0.4,5.516,16.663,32.76,-4.1366,-10.7361,0.2,0.0,0.0,0.0,-1.8688,-1.4004,0.2715,2.351,-0.3882,0,0,0,0.424,0.183,0.817,0,0,0.0
360,36.143,9.1616,-0.7717,28.4126,-1.8248,-1.3858,0.3521,5.518,16.617,32.743,-4.1366,-10.7361,0.2,0.0,0.0,0.0,-1.8676,-1.3994,0.2235,2.3444,-0.3923,0,0,0,0.422,0.18,0.82,0,0,0.0
361,36.259,9.1251,-0.7994,28.4187,-1.8251,-1.3862,0.3038,5.53,16.571,32.725,-4.1366,-10.7361,0.2,0.0,0.0,0.0,-1.8664,-1.3984,0.1755,2.3387,-0.3789,0,0,0,0.415,0.174,0.826,0,0,0.0
362,36.374,9.0886,-0.8271,28.4238,-1.8246,-1.3864,0.2565,5.541,16.526,32.706,-4.1366,-10.7361,0.2,0.0,0.0,0.0,-1.8651,-1.3974,0.1275,2.334,-0.4021,0,0,0,0.41,0.153,0.847,0,0,0.0
363,36.489,9.0521,-0.8548,28.428,-1.8254,-1.3856,0.2091,5.551,16.48,32.686,-4.1366,-10.7361,0.2,0.0,0.0,0.0,-1.8639,-1.3965,0.0795,2.3303,-0.3903,0,0,0,0.404,0.146,0.854,0,0,0.0
364,36.604,9.0156,-0.8825,28.4312,-1.8253,-1.3849,0.1616,5.56,16.434,32.666,-4.1366,-10.7361,0.2,0.0,0.0,0.0,-1.8627,-1.3955,0.0315,2.3276,-0.4041,0,0,0,0.406,0.161,0.839,0,0,0.0
365,36.719,8.979,-0.9102,28.4335,-1.8263,-1.3833,0.1133,5.568,16.388,32.645,-4.1366,-10.7361,0.2,0.0,0.0,0.0,-1.8614,-1.3945,-0.0165,2.3259,-0.3857,0,0,0,0.405,0.163,0.837,0,0,0.0
366,36.834,8.9425,-0.9378,28.4348,-1.8263,-1.3818,0.066,5.575,16.342,32.623,-4.1366,-10.7361,0.2,0.0,0.0,0.0,-1.8602,-1.3935,-0.0645,2.3252,-0.4034,0,0,0,0.405,0.151,0.849,0,0,0.0
367,36.95,8.906,-0.9654,28.4352,-1.8274,-1.3795,0.0185,5.581,16.296,32.601,-4.1366,-10.7361,0.2,0.0,0.0,0.0,-1.8589,-1.3926,-0.1125,2.3254,-0.3867,0,0,0,0.406,0.157,0.843,0,0,0.0
368,37.066,8.8694,-0.993,28.4346,-1.8275,-1.3773,-0.0291,5.586,16.251,32.577,-4.1366,-10.7361,0.2,0.0,0.0,0.0,-1.8577,-1.3916,-0.1605,2.3267,-0.4047,0,0,0,0.407,0.162,0.838,0,0,0.0
369,37.181,8.8328,-1.0205,28.4331,-1.8283,-1.3743,-0.0767,5.59,16.205,32.553,-4.1366,-10.7361,0.2,0.0,0.0,0.0,-1.8564,-1.3907,-0.2085,2.3289,-0.388,0,0,0,0.408,0.155,0.845,0,0,0.0
370,37.297,8.7963,-1.0479,28.4306,-1.8279,-1.3718,-0.1243,5.593,16.159,32.528,-4.1366,-10.7361,0.2,0.0,0.0,0.0,-1.8552,-1.3897,-0.2565,2.3321,-0.4077,0,0,0,0.411,0.162,0.838,0,0,0.0
371,37.412,8.7597,-1.0753,28.4271,-1.828,-1.3687,-0.172,5.595,16.114,32.503,-4.1366,-10.7361,0.2,0.0,0.0,0.0,-1.8539,-1.3888,-0.3045,2.3363,-0.3909,0,0,0,0.414,0.171,0.829,0,0,0.0
372,37.528,8.7232,-1.1026,28.4227,-1.8268,-1.3662,-0.2196,5.596,16.068,32.476,-4.1366,-10.7361,0.2,0.0,0.0,0.0,-1.8527,-1.3879,-0.3525,2.3415,-0.4099,0,0,0,0.417,0.18,0.82,0,0,0.0
373,37.644,8.6867,-1.1299,28.4174,-1.8262,-1.3634,-0.2672,5.597,16.022,32.449,-4.1366,-10.7361,0.2,0.0,0.0,0.0,-1.8514,-1.3869,-0.4005,2.3477,-0.393,0,0,0,0.421,0.166,0.834,0,0,0.0
374,37.759,8.6502,-1.1571,28.4111,-1.8242,-1.3615,-0.3149,5.596,15.977,32.421,-4.1366,-10.7361,0.2,0.0,0.0,0.0,-1.8501,-1.386,-0.4485,2.3548,-0.415,0,0,0,0.426,0.173,0.827,0,0,0.0
375,37.875,8.6137,-1.1843,28.4039,-1.8226,-1.3594,-0.3625,5.587,15.931,32.392,-4.1366,-10.7361,0.2,0.0,0.0,0.0,-1.8489,-1.3851,-0.4965,2.3629,-0.3979,0,0,0,0.432,0.16,0.84,0,0,0.0
376,37.991,8.5773,-1.2115,28.3956,-1.8201,-1.3585,-0.4103,5.573,15.886,32.363,-4.1366,-10.7361,0.2,0.0,0.0,0.0,-1.8476,-1.3841,-0.5445,2.3719,-0.4024,0,0,0,0.434,0.162,0.838,0,0,0.0
377,38.106,8.541,-1.2386,28.3865,-1.8187,-1.3578,-0.4578,5.558,15.841,32.333,-4.1366,-10.7361,0.2,0.0,0.0,0.0,-1.8464,-1.3832,-0.5925,2.3819,-0.3855,0,0,0,0.436,0.165,0.835,0,0,0.0
378,38.222,8.5046,-1.2658,28.3764,-1.8165,-1.3575,-0.5054,5.542,15.795,32.302,-4.1366,-10.7361,0.2,0.0,0.0,0.0,-1.8451,-1.3823,-0.6405,2.3928,-0.4049,0,0,0,0.439,0.169,0.831,0,0,0.0
379,38.337,8.4683,-1.2929,28.3653,-1.8154,-1.3567,-0.5531,5.526,15.75,32.27,-4.1366,-10.7361,0.2,0.0,0.0,0.0,-1.8439,-1.3814,-0.6885,2.4046,-0.3881,0,0,0,0.442,0.175,0.825,0,0,0.0
380,38.452,8.4321,-1.32,28.3533,-1.8133,-1.3565,-0.6007,5.508,15.705,32.237,-4.1366,-10.7361,0.2,0.0,0.0,0.0,-1.8426,-1.3804,-0.7365,2.4173,-0.4077,0,0,0,0.446,0.182,0.818,0,0,0.0
381,38.568,8.3958,-1.3471,28.3403,-1.8121,-1.3559,-0.6483,5.49,15.659,32.204,-4.1366,-10.7361,0.2,0.0,0.0,0.0,-1.8414,-1.3795,-0.7845,2.4309,-0.3911,0,0,0,0.449,0.179,0.821,0,0,0.0
382,38.683,8.3596,-1.3743,28.3264,-1.8095,-1.3561,-0.6962,5.47,15.614,32.17,-4.1366,-10.7361,0.2,0.0,0.0,0.0,-1.8401,-1.3786,-0.8325,2.4453,-0.4009,0,0,0,0.451,0.181,0.819,0,0,0.0
383,38.799,8.3235,-1.4014,28.3115,-1.8076,-1.3561,-0.7438,5.462,15.569,32.135,-4.1366,-10.7361,0.2,0.0,0.0,0.0,-1.8389,-1.3776,-0.8805,2.4606,-0.3842,0,0,0,0.453,0.183,0.817,0,0,0.0
384,38.914,8.2874,-1.4285,28.2957,-1.8049,-1.3564,-0.7913,5.455,15.524,32.099,-4.1366,-10.7361,0.2,0.0,0.0,0.0,-1.8376,-1.3767,-0.9285,2.4768,-0.404,0,0,0,0.456,0.177,0.823,0,0,0.0
385,39.031,8.2513,-1.4556,28.2789,-1.8032,-1.3561,-0.839,5.448,15.479,32.063,-4.1366,-10.7361,0.2,0.0,0.0,0.0,-1.8364,-1.3757,-0.9765,2.4937,-0.3876,0,0,0,0.458,0.181,0.819,0,0,0.0
386,39.148,8.2153,-1.4828,28.2612,-1.8006,-1.3563,-0.8866,5.439,15.434,32.025,-4.1366,-10.7361,0.2,0.0,0.0,0.0,-1.8352,-1.3748,-1.0245,2.5115,-0.408,0,0,0,0.462,0.187,0.813,0,0,0.0
387,39.265,8.1793,-1.5099,28.2425,-1.7987,-1.356,-0.9342,5.429,15.388,31.987,-4.1366,-10.7361,0.2,0.0,0.0,0.0,-1.834,-1.3739,-1.0725,2.5301,-0.3918,0,0,0,0.465,0.193,0.807,0,0,0.0
388,39.382,8.1434,-1.537,28.2229,-1.7957,-1.3564,-0.9821,5.421,15.343,31.948,-4.1366,-10.7361,0.2,0.0,0.0,0.0,-1.8327,-1.3729,-1.1205,2.5494,-0.3966,0,0,0,0.466,0.19,0.81,0,0,0.0
389,39.499,8.1075,-1.5641,28.2023,-1.7933,-1.3566,-1.0297,5.413,15.298,31.909,-4.1366,-10.7361,0.2,0.0,0.0,0.0,-1.8315,-1.372,-1.1685,2.5695,-0.3842,0,0,0,0.468,0.189,0.811,0,0,0.0
390,39.616,8.0717,-1.5913,28.1807,-1.7905,-1.3567,-1.0772,5.388,15.254,31.868,-4.1366,-10.7361,0.2,0.0,0.0,0.0,-1.8303,-1.371,-1.2165,2.5903,-0.4041,0,0,0,0.47,0.189,0.811,0,0,0.0
391,39.733,8.0359,-1.6184,28.1582,-1.7891,-1.356,-1.1247,5.362,15.209,31.827,-4.1366,-10.7361,0.2,0.0,0.0,0.0,-1.8291,-1.37,-1.2645,2.6118,-0.3884,0,0,0,0.473,0.191,0.809,0,0,0.0
392,39.849,8.0002,-1.6455,28.1348,-1.7869,-1.3557,-1.1723,5.334,15.164,31.785,-4.1366,-10.7361,0.2,0.0,0.0,0.0,-1.8279,-1.3691,-1.3125,2.6341,-0.4081,0,0,0,0.476,0.194,0.806,0,0,0.0
393,39.966,7.9645,-1.6726,28.1104,-1.7857,-1.3548,-1.2198,5.306,15.119,31.742,-4.1366,-10.7361,0.2,0.0,0.0,0.0,-1.8267,-1.3681,-1.3605,2.657,-0.3928,0,0,0,0.479,0.199,0.801,0,0,0.0
394,40.083,7.9288,-1.6997,28.0851,-1.7836,-1.3543,-1.2675,5.277,15.074,31.699,-4.1366,-10.7361,0.2,0.0,0.0,0.0,-1.8255,-1.3672,-1.3125,2.6314,-0.409,0,0,0,0.482,0.192,0.808,0,0,0.0
395,40.2,7.8932,-1.7268,28.0595,-1.7831,-1.3542,-1.2795,5.248,15.029,31.655,-4.1366,-10.7361,0.2,0.0,0.0,0.0,-1.8243,-1.3662,-1.2645,2.6064,-0.3917,0,0,0,0.485,0.195,0.805,0,0,0.0
396,40.316,7.8575,-1.7539,28.0341,-1.7819,-1.3552,-1.2693,5.218,14.985,31.611,-4.1366,-10.7361,0.2,0.0,0.0,0.0,-1.8231,-1.3653,-1.2165,2.5821,-0.4145,0,0,0,0.488,0.195,0.805,0,0,0.0
397,40.433,7.8219,-1.781,28.0092,-1.7827,-1.3557,-1.2452,5.19,14.94,31.568,-4.1366,-10.7361,0.2,0.0,0.0,0.0,-1.8219,-1.3643,-1.1685,2.5585,-0.3958,0,0,0,0.492,0.199,0.801,0,0,0.0
398,40.55,7.7862,-1.8081,27.9849,-1.7815,-1.3575,-1.2128,5.162,14.895,31.526,-4.1366,-10.7361,0.2,0.0,0.0,0.0,-1.8207,-1.3633,-1.1205,2.5356,-0.4087,0,0,0,0.495,0.198,0.802,0,0,0.0
399,40.667,7.7506,-1.8353,27.9614,-1.782,-1.3588,-1.1742,5.134,14.85,31.484,-4.1366,-10.7361,0.2,0.0,0.0,0.0,-1.8195,-1.3623,-1.0725,2.5133,-0.3877,0,0,0,0.498,0.202,0.798,0,0,0.0
400,40.786,7.715,-1.8625,27.9388,-1.7803,-1.3608,-1.1323,5.108,14.805,31.443,-4.1366,-10.7361,0.2,0.0,0.0,0.0,-1.8183,-1.3614,-1.0245,2.4918,-0.4106,0,0,0,0.502,0.208,0.792,0,0,0.0
401,40.903,7.6794,-1.8898,27.917,-1.7803,-1.3615,-1.0883,5.082,14.761,31.402,-4.1366,-10.7361,0.2,0.0,0.0,0.0,-1.8171,-1.3604,-0.9765,2.471,-0.3892,0,0,0,0.505,0.195,0.805,0,0,0.0
402,41.022,7.6438,-1.917,27.8962,-1.7776,-1.3631,-1.043,5.058,14.716,31.363,-4.1366,-10.7361,0.2,0.0,0.0,0.0,-1.8159,-1.3594,-0.9285,2.451,-0.4071,0,0,0,0.508,0.208,0.792,0,0,0.0
403,41.139,7.6083,-1.9443,27.8762,-1.7761,-1.3638,-0.9968,5.034,14.671,31.324,-4.1366,-10.7361,0.2,0.0,0.0,0.0,-1.8147,-1.3584,-0.8805,2.4318,-0.3853,0,0,0,0.51,0.202,0.798,0,0,0.0
404,41.258,7.5729,-1.9716,27.8572,-1.7719,-1.3651,-0.9501,5.011,14.626,31.287,-4.1366,-10.7361,0.2,0.0,0.0,0.0,-1.8135,-1.3574,-0.8325,2.4134,-0.4135,0,0,0,0.515,0.208,0.792,0,0,0.0
405,41.375,7.5375,-1.9989,27.8392,-1.7689,-1.3651,-0.903,4.989,14.582,31.25,-4.1366,-10.7361,0.2,0.0,0.0,0.0,-1.8124,-1.3564,-0.7845,2.3958,-0.3914,0,0,0,0.519,0.204,0.796,0,0,0.0
406,41.495,7.5022,-2.0262,27.8221,-1.7643,-1.3665,-0.8559,4.968,14.537,31.214,-4.1366,-10.7361,0.2,0.0,0.0,0.0,-1.8112,-1.3554,-0.7365,2.3791,-0.3984,0,0,0,0.52,0.204,0.796,0,0,0.0
407,41.614,7.467,-2.0536,27.8059,-1.762,-1.3673,-0.8084,4.948,14.492,31.179,-4.1366,-10.7361,0.2,0.0,0.0,0.0,-1.8101,-1.3544,-0.6885,2.3632,-0.3763,0,0,0,0.52,0.203,0.797,0,0,0.0
408,41.734,7.4318,-2.0809,27.7907,-1.7584,-1.3681,-0.7608,4.929,14.448,31.145,-4.1366,-10.7361,0.2,0.0,0.0,0.0,-1.8089,-1.3534,-0.6405,2.3482,-0.401,0,0,0,0.521,0.204,0.796,0,0,0.0
409,41.854,7.3967,-2.1083,27.7764,-1.7573,-1.3668,-0.7132,4.911,14.403,31.111,-4.1366,-10.7361,0.2,0.0,0.0,0.0,-1.8078,-1.3523,-0.5925,2.3341,-0.3792,0,0,0,0.521,0.204,0.796,0,0,0.0
410,41.974,7.3616,-2.1356,27.7631,-1.7545,-1.3657,-0.6655,4.894,14.359,31.079,-4.1366,-10.7361,0.2,0.0,0.0,0.0,-1.8066,-1.3513,-0.5445,2.3209,-0.4039,0,0,0,0.523,0.205,0.795,0,0,0.0
411,42.093,7.3265,-2.1629,27.7507,-1.7538,-1.363,-0.6179,4.878,14.314,31.047,-4.1366,-10.7361,0.2,0.0,0.0,0.0,-1.8055,-1.3503,-0.4965,2.3086,-0.3822,0,0,0,0.524,0.207,0.793,0,0,0.0
412,42.213,7.2915,-2.1901,27.7393,-1.7509,-1.3608,-0.5702,4.863,14.27,31.017,-4.1366,-10.7361,0.2,0.0,0.0,0.0,-1.8043,-1.3493,-0.4485,2.2972,-0.4074,0,0,0,0.526,0.209,0.791,0,0,0.0
413,42.332,7.2565,-2.2172,27.7289,-1.7497,-1.3571,-0.5226,4.848,14.226,30.987,-4.1366,-10.7361,0.2,0.0,0.0,0.0,-1.8032,-1.3483,-0.4005,2.2869,-0.3857,0,0,0,0.527,0.212,0.788,0,0,0.0
414,42.452,7.2216,-2.2443,27.7194,-1.746,-1.3544,-0.4751,4.835,14.182,30.959,-4.1366,-10.7361,0.2,0.0,0.0,0.0,-1.802,-1.3473,-0.3525,2.2774,-0.416,0,0,0,0.532,0.216,0.784,0,0,0.0
415,42.571,7.1867,-2.2713,27.7108,-1.7437,-1.3506,-0.4274,4.823,14.138,30.931,-4.1366,-10.7361,0.2,0.0,0.0,0.0,-1.8009,-1.3463,-0.3045,2.269,-0.3943,0,0,0,0.535,0.212,0.788,0,0,0.0
416,42.69,7.1519,-2.2983,27.7032,-1.7404,-1.3486,-0.3797,4.811,14.093,30.904,-4.1366,-10.7361,0.2,0.0,0.0,0.0,-1.7998,-1.3453,-0.2565,2.2616,-0.4185,0,0,0,0.54,0.215,0.785,0,0,0.0
417,42.81,7.1171,-2.3252,27.6966,-1.74,-1.3463,-0.332,4.801,14.05,30.878,-4.1366,-10.7361,0.2,0.0,0.0,0.0,-1.7986,-1.3443,-0.2085,2.2551,-0.3973,0,0,0,0.543,0.222,0.778,0,0,0.0
418,42.929,7.0823,-2.3521,27.6909,-1.7382,-1.3459,-0.2845,4.791,14.006,30.853,-4.1366,-10.7361,0.2,0.0,0.0,0.0,-1.7975,-1.3433,-0.1605,2.2497,-0.4014,0,0,0,0.543,0.217,0.783,0,0,0.0
419,43.049,7.0475,-2.379,27.6862,-1.739,-1.3455,-0.2368,4.783,13.962,30.829,-4.1366,-10.7361,0.2,0.0,0.0,0.0,-1.7963,-1.3423,-0.1125,2.2453,-0.3805,0,0,0,0.542,0.217,0.783,0,0,0.0
420,43.169,7.0128,-2.4059,27.6824,-1.7387,-1.3453,-0.189,4.775,13.918,30.806,-4.1366,-10.7361,0.2,0.0,0.0,0.0,-1.7952,-1.3413,-0.0645,2.2418,-0.4053,0,0,0,0.542,0.215,0.785,0,0,0.0
421,43.289,6.9779,-2.4328,27.6796,-1.7415,-1.3431,-0.1414,4.769,13.874,30.783,-4.1366,-10.7361,0.2,0.0,0.0,0.0,-1.7941,-1.3403,-0.0165,2.2395,-0.3849,0,0,0,0.542,0.214,0.786,0,0,0.0
422,43.408,6.9431,-2.4596,27.6777,-1.7427,-1.3415,-0.0937,4.763,13.83,30.762,-4.1366,-10.7361,0.2,0.0,0.0,0.0,-1.7929,-1.3393,0.0315,2.2381,-0.4095,0,0,0,0.542,0.213,0.787,0,0,0.0
423,43.528,6.9081,-2.4864,27.6768,-1.7466,-1.3383,-0.0461,4.759,13.786,30.741,-4.1366,-10.7361,0.2,0.0,0.0,0.0,-1.7917,-1.3383,0.0795,2.2378,-0.3895,0,0,0,0.542,0.213,0.787,0,0,0.0
424,43.647,6.8732,-2.5131,27.6768,-1.7485,-1.3358,0.0016,4.755,13.742,30.721,-4.1366,-10.7361,0.2,0.0,0.0,0.0,-1.7906,-1.3373,0.1275,2.2385,-0.4139,0,0,0,0.543,0.213,0.787,0,0,0.0
425,43.77,6.8381,-2.5398,27.6778,-1.7526,-1.3321,0.0491,4.752,13.698,30.703,-4.1366,-10.7361,0.2,0.0,0.0,0.0,-1.7894,-1.3364,0.1755,2.2402,-0.3944,0,0,0,0.543,0.214,0.786,0,0,0.0
426,43.894,6.803,-2.5664,27.6797,-1.7543,-1.3296,0.0966,4.75,13.654,30.685,-4.1366,-10.7361,0.2,0.0,0.0,0.0,-1.7882,-1.3354,0.2235,2.243,-0.4178,0,0,0,0.545,0.216,0.784,0,0,0.0
427,44.017,6.7679,-2.5929,27.6826,-1.7578,-1.3261,0.1443,4.749,13.61,30.668,-4.1366,-10.7361,0.2,0.0,0.0,0.0,-1.787,-1.3345,0.2715,2.2468,-0.3976,0,0,0,0.547,0.22,0.78,0,0,0.0
428,44.143,6.7327,-2.6194,27.6864,-1.7585,-1.3239,0.1918,4.75,13.566,30.652,-4.1366,-10.7361,0.2,0.0,0.0,0.0,-1.7858,-1.3336,0.3195,2.2516,-0.4204,0,0,0,0.549,0.216,0.784,0,0,0.0
429,44.267,6.6975,-2.6458,27.6912,-1.7607,-1.3212,0.2396,4.751,13.522,30.637,-4.1366,-10.7361,0.2,0.0,0.0,0.0,-1.7846,-1.3327,0.3675,2.2574,-0.3993,0,0,0,0.552,0.227,0.773,0,0,0.0
430,44.393,6.6623,-2.6722,27.697,-1.7596,-1.3201,0.2873,4.753,13.478,30.622,-4.1366,-10.7361,0.2,0.0,0.0,0.0,-1.7834,-1.3317,0.4155,2.2642,-0.4149,0,0,0,0.553,0.231,0.769,0,0,0.0
431,44.517,6.6271,-2.6986,27.7037,-1.7597,-1.3187,0.335,4.756,13.434,30.609,-4.1366,-10.7361,0.2,0.0,0.0,0.0,-1.7822,-1.3308,0.4635,2.272,-0.3935,0,0,0,0.554,0.227,0.773,0,0,0.0
432,44.643,6.592,-2.7249,27.7113,-1.7564,-1.3184,0.3827,4.76,13.39,30.597,-4.1366,-10.7361,0.2,0.0,0.0,0.0,-1.781,-1.3299,0.5115,2.2809,-0.4212,0,0,0,0.557,0.233,0.767,0,0,0.0
433,44.766,6.5569,-2.7513,27.7199,-1.7541,-1.3173,0.4304,4.765,13.346,30.585,-4.1366,-10.7361,0.2,0.0,0.0,0.0,-1.7798,-1.329,0.5595,2.2906,-0.3993,0,0,0,0.559,0.223,0.777,0,0,0.0
434,44.893,6.5219,-2.7776,27.7295,-1.7495,-1.3181,0.4779,4.771,13.302,30.575,-4.1366,-10.7361,0.2,0.0,0.0,0.0,-1.7786,-1.3281,0.6075,2.3014,-0.404,0,0,0,0.558,0.229,0.771,0,0,0.0
435,45.016,6.487,-2.804,27.74,-1.7467,-1.3188,0.5257,4.777,13.258,30.565,-4.1366,-10.7361,0.2,0.0,0.0,0.0,-1.7775,-1.3271,0.6555,2.3131,-0.3821,0,0,0,0.556,0.22,0.78,0,0,0.0
436,45.142,6.4521,-2.8304,27.7515,-1.742,-1.3196,0.5734,4.785,13.214,30.557,-4.1366,-10.7361,0.2,0.0,0.0,0.0,-1.7763,-1.3262,0.7035,2.3257,-0.4068,0,0,0,0.555,0.226,0.774,0,0,0.0
437,45.266,6.4174,-2.8568,27.7639,-1.7395,-1.3185,0.6211,4.794,13.171,30.549,-4.1366,-10.7361,0.2,0.0,0.0,0.0,-1.7751,-1.3253,0.7515,2.3392,-0.385,0,0,0,0.553,0.218,0.782,0,0,0.0
438,45.392,6.3827,-2.8831,27.7773,-1.7346,-1.318,0.6688,4.804,13.127,30.542,-4.1366,-10.7361,0.2,0.0,0.0,0.0,-1.7739,-1.3243,0.7995,2.3537,-0.4107,0,0,0,0.553,0.226,0.774,0,0,0.0
439,45.515,6.348,-2.9094,27.7916,-1.7315,-1.3159,0.7164,4.814,13.084,30.537,-4.1366,-10.7361,0.2,0.0,0.0,0.0,-1.7728,-1.3234,0.8475,2.369,-0.3889,0,0,0,0.552,0.219,0.781,0,0,0.0
440,45.643,6.3135,-2.9357,27.8069,-1.726,-1.3147,0.764,4.826,13.04,30.532,-4.1366,-10.7361,0.2,0.0,0.0,0.0,-1.7716,-1.3224,0.8955,2.3852,-0.417,0,0,0,0.554,0.221,0.779,0,0,0.0
441,45.766,6.2791,-2.962,27.8231,-1.7222,-1.3124,0.8117,4.838,12.997,30.528,-4.1366,-10.7361,0.2,0.0,0.0,0.0,-1.7705,-1.3215,0.9435,2.4023,-0.3952,0,0,0,0.554,0.223,0.777,0,0,0.0
442,45.891,6.2447,-2.9882,27.8403,-1.7165,-1.3115,0.8594,4.852,12.954,30.525,-4.1366,-10.7361,0.2,0.0,0.0,0.0,-1.7693,-1.3205,0.9915,2.4202,-0.4204,0,0,0,0.555,0.226,0.774,0,0,0.0
443,46.013,6.2105,-3.0144,27.8584,-1.7133,-1.3102,0.907,4.866,12.911,30.523,-4.1366,-10.7361,0.2,0.0,0.0,0.0,-1.7682,-1.3196,1.0395,2.4389,-0.3989,0,0,0,0.556,0.228,0.772,0,0,0.0
444,46.138,6.1763,-3.0406,27.8775,-1.7078,-1.3107,0.9544,4.882,12.868,30.522,-4.1366,-10.7361,0.2,0.0,0.0,0.0,-1.7671,-1.3186,1.0875,2.4584,-0.3981,0,0,0,0.552,0.223,0.777,0,0,0.0
445,46.261,6.1422,-3.0669,27.8976,-1.7043,-1.3111,1.0021,4.898,12.825,30.523,-4.1366,-10.7361,0.2,0.0,0.0,0.0,-1.766,-1.3176,1.1355,2.4787,-0.3776,0,0,0,0.548,0.218,0.782,0,0,0.0
446,46.383,6.1082,-3.0931,27.9186,-1.6992,-1.3109,1.0498,4.916,12.782,30.524,-4.1366,-10.7361,0.2,0.0,0.0,0.0,-1.7649,-1.3166,1.1835,2.4998,-0.4038,0,0,0,0.545,0.215,0.785,0,0,0.0
447,46.505,6.0743,-3.1192,27.9405,-1.6966,-1.3083,1.0975,4.934,12.739,30.526,-4.1366,-10.7361,0.2,0.0,0.0,0.0,-1.7637,-1.3157,1.2315,2.5216,-0.3819,0,0,0,0.541,0.211,0.789,0,0,0.0
448,46.628,6.0405,-3.1454,27.9634,-1.6924,-1.3059,1.1453,4.953,12.696,30.529,-4.1366,-10.7361,0.2,0.0,0.0,0.0,-1.7626,-1.3147,1.2795,2.5441,-0.4068,0,0,0,0.539,0.209,0.791,0,0,0.0
449,46.75,6.0067,-3.1714,27.9873,-1.6907,-1.3016,1.1929,4.973,12.653,30.533,-4.1366,-10.7361,0.2,0.0,0.0,0.0,-1.7615,-1.3137,1.3275,2.5673,-0.3853,0,0,0,0.536,0.206,0.794,0,0,0.0
450,46.869,5.9729,-3.1973,28.0121,-1.6871,-1.2977,1.2404,4.994,12.611,30.538,-4.1366,-10.7361,0.2,0.0,0.0,0.0,-1.7604,-1.3128,1.2795,2.5415,-0.4143,0,0,0,0.535,0.205,0.795,0,0,0.0
451,46.988,5.9392,-3.2232,28.0371,-1.6852,-1.2925,1.2526,5.016,12.568,30.543,-4.1366,-10.7361,0.2,0.0,0.0,0.0,-1.7593,-1.3118,1.2315,2.5164,-0.3948,0,0,0,0.534,0.204,0.796,0,0,0.0
452,47.107,5.9056,-3.249,28.062,-1.6823,-1.2884,1.2425,5.037,12.526,30.548,-4.1366,-10.7361,0.2,0.0,0.0,0.0,-1.7582,-1.3109,1.1835,2.492,-0.4167,0,0,0,0.534,0.204,0.796,0,0,0.0
453,47.226,5.8719,-3.2746,28.0863,-1.6813,-1.2839,1.2183,5.058,12.484,30.553,-4.1366,-10.7361,0.2,0.0,0.0,0.0,-1.7571,-1.3099,1.1355,2.4683,-0.3995,0,0,0,0.534,0.211,0.789,0,0,0.0
454,47.345,5.8383,-3.3002,28.11,-1.6794,-1.2804,1.1848,5.078,12.442,30.558,-4.1366,-10.7361,0.2,0.0,0.0,0.0,-1.756,-1.309,1.0875,2.4453,-0.4193,0,0,0,0.537,0.212,0.788,0,0,0.0
455,47.464,5.8048,-3.3258,28.133,-1.679,-1.2767,1.1467,5.097,12.399,30.561,-4.1366,-10.7361,0.2,0.0,0.0,0.0,-1.7548,-1.3081,1.0395,2.423,-0.4,0,0,0,0.539,0.213,0.787,0,0,0.0
456,47.583,5.7712,-3.3513,28.1551,-1.6783,-1.2742,1.1052,5.116,12.357,30.564,-4.1366,-10.7361,0.2,0.0,0.0,0.0,-1.7537,-1.3071,0.9915,2.4015,-0.4173,0,0,0,0.543,0.22,0.78,0,0,0.0
457,47.702,5.7376,-3.3767,28.1763,-1.6795,-1.2719,1.0614,5.134,12.315,30.567,-4.1366,-10.7361,0.2,0.0,0.0,0.0,-1.7526,-1.3062,0.9435,2.3807,-0.3983,0,0,0,0.547,0.22,0.78,0,0,0.0
458,47.822,5.704,-3.4021,28.1966,-1.6801,-1.2708,1.0161,5.15,12.273,30.569,-4.1366,-10.7361,0.2,0.0,0.0,0.0,-1.7515,-1.3053,0.8955,2.3608,-0.4053,0,0,0,0.549,0.225,0.775,0,0,0.0
459,47.941,5.6704,-3.4275,28.216,-1.6823,-1.2701,0.9693,5.166,12.231,30.569,-4.1366,-10.7361,0.2,0.0,0.0,0.0,-1.7503,-1.3044,0.8475,2.3417,-0.3875,0,0,0,0.548,0.212,0.788,0,0,0.0
460,48.06,5.6367,-3.4529,28.2345,-1.684,-1.2701,0.9228,5.181,12.189,30.569,-4.1366,-10.7361,0.2,0.0,0.0,0.0,-1.7492,-1.3035,0.7995,2.3234,-0.4082,0,0,0,0.548,0.217,0.783,0,0,0.0
461,48.179,5.6029,-3.4783,28.252,-1.6874,-1.2699,0.8759,5.195,12.146,30.569,-4.1366,-10.7361,0.2,0.0,0.0,0.0,-1.7481,-1.3026,0.7515,2.3059,-0.3931,0,0,0,0.548,0.211,0.789,0,0,0.0
462,48.298,5.5691,-3.5037,28.2686,-1.6901,-1.2706,0.8286,5.208,12.104,30.567,-4.1366,-10.7361,0.2,0.0,0.0,0.0,-1.7469,-1.3017,0.7035,2.2893,-0.4134,0,0,0,0.549,0.211,0.789,0,0,0.0
463,48.418,5.5353,-3.5292,28.2842,-1.6942,-1.2711,0.7812,5.22,12.062,30.565,-4.1366,-10.7361,0.2,0.0,0.0,0.0,-1.7458,-1.3008,0.6555,2.2736,-0.3989,0,0,0,0.549,0.213,0.787,0,0,0.0
464,48.537,5.5013,-3.5546,28.2988,-1.6974,-1.2728,0.7329,5.231,12.019,30.562,-4.1366,-10.7361,0.2,0.0,0.0,0.0,-1.7446,-1.2999,0.6075,2.2589,-0.4012,0,0,0,0.549,0.213,0.787,0,0,0.0
465,48.656,5.4673,-3.5801,28.3126,-1.7017,-1.2746,0.6854,5.242,11.977,30.557,-4.1366,-10.7361,0.2,0.0,0.0,0.0,-1.7434,-1.2991,0.5595,2.245,-0.3833,0,0,0,0.548,0.214,0.786,0,0,0.0
466,48.776,5.4332,-3.6056,28.3253,-1.7053,-1.2766,0.6378,5.251,11.934,30.553,-4.1366,-10.7361,0.2,0.0,0.0,0.0,-1.7423,-1.2982,0.5115,2.2321,-0.401,0,0,0,0.548,0.215,0.785,0,0,0.0
467,48.895,5.399,-3.6312,28.3371,-1.7099,-1.2777,0.5901,5.259,11.891,30.547,-4.1366,-10.7361,0.2,0.0,0.0,0.0,-1.7411,-1.2973,0.4635,2.2202,-0.3844,0,0,0,0.547,0.217,0.783,0,0,0.0
468,49.014,5.3647,-3.6568,28.348,-1.7133,-1.2792,0.5425,5.266,11.849,30.54,-4.1366,-10.7361,0.2,0.0,0.0,0.0,-1.7399,-1.2964,0.4155,2.2092,-0.4028,0,0,0,0.548,0.219,0.781,0,0,0.0
469,49.133,5.3303,-3.6824,28.3579,-1.7176,-1.2801,0.4948,5.273,11.806,30.533,-4.1366,-10.7361,0.2,0.0,0.0,0.0,-1.7388,-1.2955,0.3675,2.1992,-0.3865,0,0,0,0.548,0.21,0.79,0,0,0.0
470,49.252,5.2959,-3.708,28.3668,-1.7204,-1.2814,0.4471,5.278,11.763,30.524,-4.1366,-10.7361,0.2,0.0,0.0,0.0,-1.7376,-1.2946,0.3195,2.1903,-0.4052,0,0,0,0.549,0.212,0.788,0,0,0.0
471,49.371,5.2615,-3.7336,28.3748,-1.7237,-1.2823,0.3995,5.282,11.72,30.515,-4.1366,-10.7361,0.2,0.0,0.0,0.0,-1.7364,-1.2938,0.2715,2.1823,-0.3889,0,0,0,0.55,0.216,0.784,0,0,0.0
472,49.49,5.227,-3.7593,28.3818,-1.7253,-1.2839,0.3516,5.286,11.677,30.505,-4.1366,-10.7361,0.2,0.0,0.0,0.0,-1.7352,-1.2929,0.2235,2.1754,-0.3899,0,0,0,0.548,0.214,0.786,0,0,0.0
473,49.609,5.1924,-3.785,28.3879,-1.7272,-1.2851,0.3033,5.288,11.634,30.494,-4.1366,-10.7361,0.2,0.0,0.0,0.0,-1.734,-1.292,0.1755,2.1695,-0.3795,0,0,0,0.542,0.21,0.79,0,0,0.0
474,49.729,5.1579,-3.8108,28.393,-1.7276,-1.2861,0.2557,5.29,11.591,30.483,-4.1366,-10.7361,0.2,0.0,0.0,0.0,-1.7328,-1.2911,0.1275,2.1647,-0.4019,0,0,0,0.539,0.221,0.779,0,0,0.0
475,49.847,5.1233,-3.8365,28.3972,-1.7285,-1.286,0.2084,5.29,11.548,30.47,-4.1366,-10.7361,0.2,0.0,0.0,0.0,-1.7316,-1.2902,0.0795,2.1609,-0.3894,0,0,0,0.534,0.221,0.779,0,0,0.0
476,49.966,5.0887,-3.8622,28.4004,-1.7278,-1.2859,0.1606,5.29,11.505,30.457,-4.1366,-10.7361,0.2,0.0,0.0,0.0,-1.7304,-1.2894,0.0315,2.1582,-0.4041,0,0,0,0.536,0.22,0.78,0,0,0.0
477,50.086,5.0542,-3.8879,28.4026,-1.7274,-1.285,0.1131,5.289,11.462,30.443,-4.1366,-10.7361,0.2,0.0,0.0,0.0,-1.7292,-1.2885,-0.0165,2.1566,-0.3856,0,0,0,0.537,0.212,0.788,0,0,0.0
478,50.204,5.0197,-3.9136,28.404,-1.7253,-1.284,0.0657,5.286,11.419,30.428,-4.1366,-10.7361,0.2,0.0,0.0,0.0,-1.7281,-1.2876,-0.0645,2.156,-0.4048,0,0,0,0.539,0.2,0.8,0,0,0.0
479,50.323,4.9852,-3.9392,28.4043,-1.7236,-1.2822,0.0182,5.283,11.376,30.412,-4.1366,-10.7361,0.2,0.0,0.0,0.0,-1.7269,-1.2867,-0.1125,2.1565,-0.3863,0,0,0,0.54,0.206,0.794,0,0,0.0
480,50.443,4.9508,-3.9648,28.4037,-1.7204,-1.2807,-0.0293,5.279,11.333,30.395,-4.1366,-10.7361,0.2,0.0,0.0,0.0,-1.7257,-1.2858,-0.1605,2.158,-0.4043,0,0,0,0.542,0.218,0.782,0,0,0.0
481,50.562,4.9164,-3.9904,28.4022,-1.7179,-1.2786,-0.0771,5.271,11.29,30.378,-4.1366,-10.7361,0.2,0.0,0.0,0.0,-1.7245,-1.285,-0.2085,2.1607,-0.3863,0,0,0,0.543,0.219,0.781,0,0,0.0
482,50.682,4.8822,-4.0159,28.3997,-1.7137,-1.2771,-0.1248,5.262,11.247,30.36,-4.1366,-10.7361,0.2,0.0,0.0,0.0,-1.7233,-1.2841,-0.2565,2.1644,-0.4092,0,0,0,0.547,0.219,0.781,0,0,0.0
483,50.801,4.848,-4.0414,28.3963,-1.7098,-1.2752,-0.1722,5.252,11.205,30.341,-4.1366,-10.7361,0.2,0.0,0.0,0.0,-1.7221,-1.2832,-0.3045,2.1691,-0.3909,0,0,0,0.549,0.224,0.776,0,0,0.0
484,50.92,4.8139,-4.0669,28.3919,-1.7054,-1.2741,-0.2199,5.24,11.162,30.321,-4.1366,-10.7361,0.2,0.0,0.0,0.0,-1.721,-1.2823,-0.3525,2.175,-0.4034,0,0,0,0.552,0.227,0.773,0,0,0.0
485,51.039,4.7798,-4.0924,28.3865,-1.7022,-1.273,-0.2674,5.228,11.119,30.301,-4.1366,-10.7361,0.2,0.0,0.0,0.0,-1.7198,-1.2814,-0.4005,2.1818,-0.3858,0,0,0,0.553,0.23,0.77,0,0,0.0
486,51.158,4.7459,-4.1178,28.3802,-1.6983,-1.2724,-0.315,5.215,11.077,30.279,-4.1366,-10.7361,0.2,0.0,0.0,0.0,-1.7187,-1.2806,-0.4485,2.1897,-0.4059,0,0,0,0.557,0.234,0.766,0,0,0.0
487,51.277,4.7119,-4.1433,28.373,-1.6956,-1.2714,-0.3627,5.201,11.035,30.257,-4.1366,-10.7361,0.2,0.0,0.0,0.0,-1.7175,-1.2797,-0.4965,2.1986,-0.3885,0,0,0,0.559,0.237,0.763,0,0,0.0
488,51.396,4.6781,-4.1687,28.3647,-1.6919,-1.2711,-0.4104,5.185,10.992,30.234,-4.1366,-10.7361,0.2,0.0,0.0,0.0,-1.7164,-1.2788,-0.5445,2.2085,-0.3944,0,0,0,0.56,0.238,0.762,0,0,0.0
489,51.515,4.6443,-4.1941,28.3556,-1.6891,-1.2706,-0.4587,5.169,10.95,30.21,-4.1366,-10.7361,0.2,0.0,0.0,0.0,-1.7152,-1.2779,-0.5925,2.2195,-0.3788,0,0,0,0.557,0.232,0.768,0,0,0.0
490,51.633,4.6106,-4.2195,28.3454,-1.6853,-1.2701,-0.5061,5.152,10.908,30.185,-4.1366,-10.7361,0.2,0.0,0.0,0.0,-1.7141,-1.277,-0.6405,2.2314,-0.402,0,0,0,0.557,0.228,0.772,0,0,0.0
491,51.752,4.577,-4.2449,28.3344,-1.6827,-1.2686,-0.5536,5.134,10.866,30.16,-4.1366,-10.7361,0.2,0.0,0.0,0.0,-1.7129,-1.2761,-0.6885,2.2442,-0.3881,0,0,0,0.555,0.228,0.772,0,0,0.0
492,51.871,4.5434,-4.2702,28.3223,-1.679,-1.2673,-0.6019,5.115,10.824,30.133,-4.1366,-10.7361,0.2,0.0,0.0,0.0,-1.7118,-1.2752,-0.7365,2.2581,-0.4112,0,0,0,0.558,0.23,0.77,0,0,0.0
493,51.989,4.5099,-4.2955,28.3094,-1.6762,-1.2652,-0.6492,5.096,10.782,30.106,-4.1366,-10.7361,0.2,0.0,0.0,0.0,-1.7107,-1.2743,-0.7845,2.2728,-0.3947,0,0,0,0.56,0.233,0.767,0,0,0.0
494,52.108,4.4764,-4.3208,28.2954,-1.6731,-1.2636,-0.6965,5.075,10.74,30.078,-4.1366,-10.7361,0.2,0.0,0.0,0.0,-1.7096,-1.2733,-0.8325,2.2885,-0.4139,0,0,0,0.563,0.236,0.764,0,0,0.0
495,52.227,4.443,-4.346,28.2805,-1.6717,-1.2616,-0.744,5.053,10.698,30.049,-4.1366,-10.7361,0.2,0.0,0.0,0.0,-1.7084,-1.2724,-0.8805,2.3051,-0.3979,0,0,0,0.566,0.241,0.759,0,0,0.0
496,52.345,4.4096,-4.3712,28.2647,-1.6696,-1.2603,-0.7919,5.03,10.656,30.02,-4.1366,-10.7361,0.2,0.0,0.0,0.0,-1.7073,-1.2715,-0.9285,2.3225,-0.4156,0,0,0,0.572,0.242,0.758,0,0,0.0
497,52.464,4.3762,-4.3964,28.2479,-1.6689,-1.2587,-0.8394,5.007,10.614,29.989,-4.1366,-10.7361,0.2,0.0,0.0,0.0,-1.7062,-1.2706,-0.9765,2.3408,-0.3987,0,0,0,0.576,0.249,0.751,0,0,0.0
498,52.583,4.3428,-4.4216,28.2302,-1.6674,-1.258,-0.887,4.982,10.572,29.958,-4.1366,-10.7361,0.2,0.0,0.0,0.0,-1.7051,-1.2697,-1.0245,2.3599,-0.405,0,0,0,0.579,0.246,0.754,0,0,0.0
499,52.702,4.3095,-4.4467,28.2115,-1.667,-1.2572,-0.9346,4.957,10.531,29.926,-4.1366,-10.7361,0.2,0.0,0.0,0.0,-1.704,-1.2688,-1.0725,2.3799,-0.388,0,0,0,0.581,0.238,0.762,0,0,0.0
500,52.82,4.2762,-4.4718,28.1918,-1.6658,-1.2566,-0.9821,4.93,10.489,29.892,-4.1366,-10.7361,0.2,0.0,0.0,0.0,-1.7028,-1.2679,-1.1205,2.4006,-0.4063,0,0,0,0.585,0.237,0.763,0,0,0.0
501,52.94,4.2429,-4.4969,28.1712,-1.6658,-1.2554,-1.0298,4.903,10.447,29.859,-4.1366,-10.7361,0.2,0.0,0.0,0.0,-1.7017,-1.2671,-1.1685,2.4221,-0.3895,0,0,0,0.588,0.232,0.768,0,0,0.0
502,53.059,4.2096,-4.522,28.1497,-1.6647,-1.2546,-1.0773,4.874,10.405,29.824,-4.1366,-10.7361,0.2,0.0,0.0,0.0,-1.7006,-1.2662,-1.2165,2.4444,-0.408,0,0,0,0.592,0.237,0.763,0,0,0.0
503,53.178,4.1763,-4.5471,28.1272,-1.6645,-1.2533,-1.125,4.845,10.364,29.788,-4.1366,-10.7361,0.2,0.0,0.0,0.0,-1.6995,-1.2653,-1.2645,2.4674,-0.3913,0,0,0,0.594,0.242,0.758,0,0,0.0
504,53.297,4.143,-4.5722,28.1037,-1.663,-1.2526,-1.1728,4.815,10.322,29.752,-4.1366,-10.7361,0.2,0.0,0.0,0.0,-1.6984,-1.2644,-1.3125,2.4911,-0.4034,0,0,0,0.598,0.25,0.75,0,0,0.0
505,53.416,4.1098,-4.5972,28.0793,-1.6621,-1.2516,-1.2203,4.784,10.281,29.714,-4.1366,-10.7361,0.2,0.0,0.0,0.0,-1.6972,-1.2635,-1.2645,2.465,-0.3865,0,0,0,0.6,0.253,0.747,0,0,0.0
506,53.535,4.0766,-4.6222,28.0547,-1.6612,-1.2516,-1.2323,4.752,10.239,29.677,-4.1366,-10.7361,0.2,0.0,0.0,0.0,-1.6961,-1.2626,-1.2165,2.4395,-0.4079,0,0,0,0.604,0.26,0.74,0,0,0.0
507,53.654,4.0433,-4.6472,28.0303,-1.6622,-1.2513,-1.2221,4.721,10.197,29.64,-4.1366,-10.7361,0.2,0.0,0.0,0.0,-1.695,-1.2617,-1.1685,2.4146,-0.3881,0,0,0,0.607,0.255,0.745,0,0,0.0
508,53.773,4.0101,-4.6723,28.0063,-1.6619,-1.2522,-1.1979,4.69,10.156,29.603,-4.1366,-10.7361,0.2,0.0,0.0,0.0,-1.6939,-1.2608,-1.1205,2.3905,-0.4116,0,0,0,0.612,0.263,0.737,0,0,0.0
509,53.893,3.9768,-4.6973,27.983,-1.6632,-1.2526,-1.1651,4.66,10.114,29.567,-4.1366,-10.7361,0.2,0.0,0.0,0.0,-1.6928,-1.2599,-1.0725,2.3671,-0.3908,0,0,0,0.616,0.271,0.729,0,0,0.0
510,54.012,3.9436,-4.7224,27.9605,-1.6623,-1.2546,-1.1268,4.631,10.072,29.531,-4.1366,-10.7361,0.2,0.0,0.0,0.0,-1.6917,-1.259,-1.0245,2.3445,-0.3951,0,0,0,0.618,0.271,0.729,0,0,0.0
511,54.131,3.9103,-4.7476,27.9388,-1.6628,-1.2563,-1.085,4.602,10.031,29.497,-4.1366,-10.7361,0.2,0.0,0.0,0.0,-1.6905,-1.2581,-0.9765,2.3226,-0.3738,0,0,0,0.618,0.271,0.729,0,0,0.0
512,54.25,3.8771,-4.7727,27.9179,-1.6611,-1.2578,-1.0409,4.575,9.989,29.463,-4.1366,-10.7361,0.2,0.0,0.0,0.0,-1.6894,-1.2572,-0.9285,2.3015,-0.3987,0,0,0,0.62,0.272,0.728,0,0,0.0
513,54.369,3.8439,-4.7979,27.898,-1.6611,-1.2572,-0.9955,4.548,9.947,29.43,-4.1366,-10.7361,0.2,0.0,0.0,0.0,-1.6883,-1.2563,-0.8805,2.2812,-0.3774,0,0,0,0.62,0.273,0.727,0,0,0.0
514,54.487,3.8107,-4.823,27.879,-1.6585,-1.2568,-0.9493,4.522,9.906,29.398,-4.1366,-10.7361,0.2,0.0,0.0,0.0,-1.6872,-1.2554,-0.8325,2.2618,-0.4045,0,0,0,0.623,0.275,0.725,0,0,0.0
515,54.606,3.7776,-4.8481,27.861,-1.6573,-1.2545,-0.9026,4.497,9.864,29.367,-4.1366,-10.7361,0.2,0.0,0.0,0.0,-1.6861,-1.2544,-0.7845,2.2432,-0.3831,0,0,0,0.624,0.277,0.723,0,0,0.0
516,54.726,3.7445,-4.8731,27.8439,-1.6538,-1.253,-0.8554,4.473,9.823,29.337,-4.1366,-10.7361,0.2,0.0,0.0,0.0,-1.685,-1.2535,-0.7365,2.2256,-0.4086,0,0,0,0.627,0.274,0.726,0,0,0.0
517,54.844,3.7114,-4.8981,27.8277,-1.6519,-1.2501,-0.8082,4.45,9.781,29.308,-4.1366,-10.7361,0.2,0.0,0.0,0.0,-1.6839,-1.2526,-0.6885,2.2088,-0.3872,0,0,0,0.628,0.271,0.729,0,0,0.0
518,54.963,3.6785,-4.9231,27.8125,-1.6473,-1.2481,-0.7609,4.428,9.74,29.28,-4.1366,-10.7361,0.2,0.0,0.0,0.0,-1.6828,-1.2517,-0.6405,2.1929,-0.4176,0,0,0,0.632,0.27,0.73,0,0,0.0
519,55.082,3.6456,-4.948,27.7982,-1.644,-1.2452,-0.7133,4.407,9.699,29.253,-4.1366,-10.7361,0.2,0.0,0.0,0.0,-1.6817,-1.2508,-0.5925,2.178,-0.3962,0,0,0,0.634,0.274,0.726,0,0,0.0
520,55.201,3.6128,-4.9729,27.7849,-1.6393,-1.2441,-0.6657,4.387,9.658,29.227,-4.1366,-10.7361,0.2,0.0,0.0,0.0,-1.6807,-1.2499,-0.5445,2.1641,-0.422,0,0,0,0.639,0.283,0.717,0,0,0.0
521,55.32,3.5801,-4.9977,27.7726,-1.6373,-1.2427,-0.6181,4.368,9.616,29.201,-4.1366,-10.7361,0.2,0.0,0.0,0.0,-1.6796,-1.249,-0.4965,2.1512,-0.401,0,0,0,0.641,0.287,0.713,0,0,0.0
522,55.438,3.5474,-5.0226,27.7611,-1.6334,-1.2433,-0.5712,4.35,9.575,29.177,-4.1366,-10.7361,0.2,0.0,0.0,0.0,-1.6785,-1.2481,-0.4485,2.1392,-0.3947,0,0,0,0.642,0.289,0.711,0,0,0.0
523,55.557,3.5148,-5.0475,27.7506,-1.6318,-1.2441,-0.5241,4.333,9.534,29.154,-4.1366,-10.7361,0.2,0.0,0.0,0.0,-1.6774,-1.2471,-0.4005,2.1283,-0.3908,0,0,0,0.642,0.287,0.713,0,0,0.0
524,55.676,3.4822,-5.0724,27.7411,-1.6292,-1.2443,-0.476,4.317,9.493,29.131,-4.1366,-10.7361,0.2,0.0,0.0,0.0,-1.6764,-1.2462,-0.3525,2.1184,-0.4174,0,0,0,0.645,0.288,0.712,0,0,0.0
525,55.795,3.4496,-5.0973,27.7326,-1.6291,-1.2435,-0.4281,4.301,9.452,29.11,-4.1366,-10.7361,0.2,0.0,0.0,0.0,-1.6753,-1.2453,-0.3045,2.1095,-0.3982,0,0,0,0.645,0.288,0.712,0,0,0.0
526,55.914,3.4171,-5.1221,27.725,-1.627,-1.2441,-0.3808,4.287,9.411,29.089,-4.1366,-10.7361,0.2,0.0,0.0,0.0,-1.6743,-1.2443,-0.2565,2.1017,-0.4158,0,0,0,0.649,0.299,0.701,0,0,0.0
527,56.033,3.3845,-5.147,27.7183,-1.6272,-1.2441,-0.3328,4.274,9.37,29.07,-4.1366,-10.7361,0.2,0.0,0.0,0.0,-1.6732,-1.2434,-0.2085,2.095,-0.3897,0,0,0,0.652,0.284,0.716,0,0,0.0
528,56.152,3.352,-5.1719,27.7126,-1.6253,-1.2456,-0.2851,4.261,9.33,29.051,-4.1366,-10.7361,0.2,0.0,0.0,0.0,-1.6722,-1.2424,-0.1605,2.0894,-0.3945,0,0,0,0.654,0.293,0.707,0,0,0.0
529,56.27,3.3195,-5.1969,27.7078,-1.6254,-1.2465,-0.2373,4.25,9.289,29.034,-4.1366,-10.7361,0.2,0.0,0.0,0.0,-1.6711,-1.2415,-0.1125,2.0848,-0.3735,0,0,0,0.651,0.286,0.714,0,0,0.0
530,56.389,3.2871,-5.2218,27.7041,-1.6236,-1.2476,-0.1899,4.239,9.248,29.017,-4.1366,-10.7361,0.2,0.0,0.0,0.0,-1.6701,-1.2405,-0.0645,2.0814,-0.402,0,0,0,0.651,0.301,0.699,0,0,0.0
531,56.508,3.2546,-5.2467,27.7012,-1.6246,-1.2466,-0.142,4.229,9.207,29.001,-4.1366,-10.7361,0.2,0.0,0.0,0.0,-1.669,-1.2396,-0.0165,2.079,-0.3839,0,0,0,0.649,0.296,0.704,0,0,0.0
532,56.626,3.2221,-5.2717,27.6993,-1.6237,-1.2457,-0.0945,4.221,9.166,28.987,-4.1366,-10.7361,0.2,0.0,0.0,0.0,-1.668,-1.2386,0.0315,2.0778,-0.4097,0,0,0,0.65,0.294,0.706,0,0,0.0
533,56.745,3.1896,-5.2965,27.6984,-1.6253,-1.243,-0.0466,4.213,9.125,28.973,-4.1366,-10.7361,0.2,0.0,0.0,0.0,-1.6669,-1.2377,0.0795,2.0777,-0.3909,0,0,0,0.648,0.292,0.708,0,0,0.0
534,56.863,3.1571,-5.3213,27.6984,-1.6247,-1.2406,0.0007,4.207,9.084,28.96,-4.1366,-10.7361,0.2,0.0,0.0,0.0,-1.6659,-1.2367,0.1275,2.0787,-0.4125,0,0,0,0.65,0.295,0.705,0,0,0.0
535,56.979,3.1246,-5.3461,27.6994,-1.6262,-1.2368,0.0487,4.201,9.043,28.948,-4.1366,-10.7361,0.2,0.0,0.0,0.0,-1.6648,-1.2358,0.1755,2.0808,-0.3906,0,0,0,0.649,0.297,0.703,0,0,0.0
536,57.095,3.0921,-5.3707,27.7013,-1.6253,-1.2335,0.0966,4.196,9.002,28.937,-4.1366,-10.7361,0.2,0.0,0.0,0.0,-1.6637,-1.2349,0.2235,2.084,-0.4132,0,0,0,0.651,0.3,0.7,0,0,0.0
537,57.21,3.0595,-5.3953,27.7042,-1.6262,-1.2288,0.1444,4.192,8.962,28.927,-4.1366,-10.7361,0.2,0.0,0.0,0.0,-1.6627,-1.234,0.2715,2.0883,-0.391,0,0,0,0.651,0.292,0.708,0,0,0.0
538,57.326,3.027,-5.4198,27.708,-1.6243,-1.2251,0.1921,4.189,8.921,28.918,-4.1366,-10.7361,0.2,0.0,0.0,0.0,-1.6616,-1.2331,0.3195,2.0937,-0.4168,0,0,0,0.654,0.293,0.707,0,0,0.0
539,57.442,2.9946,-5.4442,27.7128,-1.6237,-1.2204,0.2398,4.188,8.88,28.91,-4.1366,-10.7361,0.2,0.0,0.0,0.0,-1.6605,-1.2322,0.3675,2.1002,-0.3941,0,0,0,0.654,0.288,0.712,0,0,0.0
540,57.558,2.9622,-5.4686,27.7186,-1.6208,-1.2172,0.2876,4.187,8.84,28.903,-4.1366,-10.7361,0.2,0.0,0.0,0.0,-1.6594,-1.2313,0.4155,2.1077,-0.418,0,0,0,0.657,0.295,0.705,0,0,0.0
541,57.674,2.9298,-5.4928,27.7253,-1.6198,-1.2135,0.3353,4.187,8.799,28.898,-4.1366,-10.7361,0.2,0.0,0.0,0.0,-1.6583,-1.2305,0.4635,2.1163,-0.3951,0,0,0,0.658,0.295,0.705,0,0,0.0
542,57.791,2.8974,-5.5171,27.733,-1.6161,-1.2116,0.3829,4.188,8.759,28.893,-4.1366,-10.7361,0.2,0.0,0.0,0.0,-1.6572,-1.2296,0.5115,2.126,-0.414,0,0,0,0.66,0.303,0.697,0,0,0.0
543,57.907,2.8652,-5.5413,27.7416,-1.6139,-1.2096,0.4306,4.19,8.718,28.889,-4.1366,-10.7361,0.2,0.0,0.0,0.0,-1.6562,-1.2287,0.5595,2.1367,-0.3908,0,0,0,0.66,0.305,0.695,0,0,0.0
544,58.023,2.833,-5.5654,27.7511,-1.609,-1.2092,0.4782,4.193,8.678,28.886,-4.1366,-10.7361,0.2,0.0,0.0,0.0,-1.6551,-1.2279,0.6075,2.1485,-0.4154,0,0,0,0.663,0.313,0.687,0,0,0.0
545,58.139,2.8009,-5.5896,27.7616,-1.6058,-1.2084,0.5259,4.197,8.638,28.884,-4.1366,-10.7361,0.2,0.0,0.0,0.0,-1.654,-1.227,0.6555,2.1612,-0.392,0,0,0,0.663,0.317,0.683,0,0,0.0
546,58.255,2.7689,-5.6138,27.7731,-1.6006,-1.2094,0.5735,4.202,8.598,28.883,-4.1366,-10.7361,0.2,0.0,0.0,0.0,-1.6529,-1.2261,0.7035,2.175,-0.4019,0,0,0,0.664,0.312,0.688,0,0,0.0
547,58.371,2.7369,-5.638,27.7855,-1.5977,-1.2104,0.6212,4.208,8.558,28.882,-4.1366,-10.7361,0.2,0.0,0.0,0.0,-1.6519,-1.2252,0.7515,2.1897,-0.3784,0,0,0,0.662,0.319,0.681,0,0,0.0
548,58.488,2.705,-5.6622,27.7989,-1.5932,-1.2119,0.669,4.214,8.518,28.883,-4.1366,-10.7361,0.2,0.0,0.0,0.0,-1.6509,-1.2243,0.7995,2.2053,-0.404,0,0,0,0.663,0.315,0.685,0,0,0.0
549,58.604,2.6732,-5.6865,27.8132,-1.591,-1.2121,0.7166,4.222,8.478,28.885,-4.1366,-10.7361,0.2,0.0,0.0,0.0,-1.6498,-1.2234,0.8475,2.2219,-0.3806,0,0,0,0.661,0.316,0.684,0,0,0.0
550,58.72,2.6415,-5.7107,27.8285,-1.5868,-1.2132,0.7643,4.231,8.438,28.888,-4.1366,-10.7361,0.2,0.0,0.0,0.0,-1.6488,-1.2224,0.8955,2.2394,-0.4074,0,0,0,0.662,0.307,0.693,0,0,0.0
551,58.837,2.6098,-5.735,27.8448,-1.5845,-1.2132,0.8119,4.241,8.398,28.892,-4.1366,-10.7361,0.2,0.0,0.0,0.0,-1.6478,-1.2215,0.9435,2.2578,-0.384,0,0,0,0.661,0.309,0.691,0,0,0.0
552,58.953,2.5782,-5.7593,27.862,-1.5801,-1.2147,0.8595,4.251,8.358,28.897,-4.1366,-10.7361,0.2,0.0,0.0,0.0,-1.6468,-1.2206,0.9915,2.277,-0.4,0,0,0,0.661,0.304,0.696,0,0,0.0
553,59.069,2.5466,-5.7836,27.8801,-1.5777,-1.2154,0.9071,4.263,8.318,28.903,-4.1366,-10.7361,0.2,0.0,0.0,0.0,-1.6458,-1.2196,1.0395,2.2971,-0.3769,0,0,0,0.659,0.313,0.687,0,0,0.0
554,59.185,2.5152,-5.808,27.8992,-1.5733,-1.2169,0.9548,4.275,8.278,28.91,-4.1366,-10.7361,0.2,0.0,0.0,0.0,-1.6448,-1.2186,1.0875,2.318,-0.4055,0,0,0,0.659,0.308,0.692,0,0,0.0
555,59.302,2.4837,-5.8323,27.9193,-1.571,-1.2169,1.0024,4.289,8.239,28.918,-4.1366,-10.7361,0.2,0.0,0.0,0.0,-1.6439,-1.2176,1.1355,2.3397,-0.3827,0,0,0,0.657,0.308,0.692,0,0,0.0
556,59.417,2.4524,-5.8567,27.9403,-1.5671,-1.2182,1.0502,4.303,8.199,28.927,-4.1366,-10.7361,0.2,0.0,0.0,0.0,-1.6429,-1.2166,1.1835,2.3622,-0.4081,0,0,0,0.658,0.309,0.691,0,0,0.0
557,59.533,2.4211,-5.881,27.9622,-1.5657,-1.2186,1.0978,4.319,8.159,28.936,-4.1366,-10.7361,0.2,0.0,0.0,0.0,-1.6419,-1.2156,1.2315,2.3854,-0.3857,0,0,0,0.656,0.309,0.691,0,0,0.0
558,59.649,2.3898,-5.9054,27.9851,-1.5624,-1.2204,1.1453,4.335,8.12,28.947,-4.1366,-10.7361,0.2,0.0,0.0,0.0,-1.641,-1.2146,1.2795,2.4094,-0.3912,0,0,0,0.654,0.315,0.685,0,0,0.0
559,59.765,2.3586,-5.9299,28.009,-1.5612,-1.2215,1.1926,4.352,8.08,28.959,-4.1366,-10.7361,0.2,0.0,0.0,0.0,-1.6401,-1.2136,1.2315,2.3831,-0.3704,0,0,0,0.648,0.307,0.693,0,0,0.0
560,59.881,2.3274,-5.9543,28.0331,-1.5583,-1.2216,1.2049,4.37,8.041,28.971,-4.1366,-10.7361,0.2,0.0,0.0,0.0,-1.6391,-1.2126,1.1835,2.3575,-0.3985,0,0,0,0.645,0.301,0.699,0,0,0.0
561,59.996,2.2963,-5.9787,28.057,-1.5573,-1.2194,1.1949,4.387,8.001,28.983,-4.1366,-10.7361,0.2,0.0,0.0,0.0,-1.6382,-1.2115,1.1355,2.3326,-0.3819,0,0,0,0.64,0.296,0.704,0,0,0.0
562,60.112,2.2652,-6.003,28.0804,-1.5554,-1.2171,1.1709,4.404,7.961,28.995,-4.1366,-10.7361,0.2,0.0,0.0,0.0,-1.6373,-1.2105,1.0875,2.3084,-0.4071,0,0,0,0.637,0.291,0.709,0,0,0.0
563,60.228,2.2341,-6.0273,28.1031,-1.5554,-1.2134,1.1381,4.42,7.922,29.006,-4.1366,-10.7361,0.2,0.0,0.0,0.0,-1.6364,-1.2095,1.0395,2.2849,-0.3927,0,0,0,0.634,0.282,0.718,0,0,0.0
564,60.344,2.203,-6.0515,28.1251,-1.5548,-1.2099,1.0994,4.436,7.883,29.016,-4.1366,-10.7361,0.2,0.0,0.0,0.0,-1.6354,-1.2085,0.9915,2.2623,-0.4072,0,0,0,0.633,0.286,0.714,0,0,0.0
565,60.459,2.1719,-6.0756,28.1463,-1.5561,-1.2057,1.0575,4.45,7.843,29.026,-4.1366,-10.7361,0.2,0.0,0.0,0.0,-1.6345,-1.2075,0.9435,2.2404,-0.3876,0,0,0,0.631,0.288,0.712,0,0,0.0
566,60.576,2.1407,-6.0996,28.1666,-1.5569,-1.2016,1.0139,4.464,7.804,29.035,-4.1366,-10.7361,0.2,0.0,0.0,0.0,-1.6335,-1.2065,0.8955,2.2194,-0.404,0,0,0,0.631,0.292,0.708,0,0,0.0
567,60.691,2.1095,-6.1236,28.1859,-1.5594,-1.1967,0.968,4.477,7.765,29.043,-4.1366,-10.7361,0.2,0.0,0.0,0.0,-1.6325,-1.2056,0.8475,2.1992,-0.3888,0,0,0,0.63,0.291,0.709,0,0,0.0
568,60.809,2.0783,-6.1474,28.2044,-1.5614,-1.1922,0.9221,4.489,7.725,29.05,-4.1366,-10.7361,0.2,0.0,0.0,0.0,-1.6315,-1.2046,0.7995,2.1799,-0.4079,0,0,0,0.631,0.292,0.708,0,0,0.0
569,60.925,2.047,-6.1712,28.2219,-1.5647,-1.1872,0.8755,4.5,7.686,29.057,-4.1366,-10.7361,0.2,0.0,0.0,0.0,-1.6305,-1.2037,0.7515,2.1615,-0.3917,0,0,0,0.631,0.293,0.707,0,0,0.0
570,61.041,2.0157,-6.1948,28.2384,-1.5673,-1.1828,0.8285,4.51,7.647,29.062,-4.1366,-10.7361,0.2,0.0,0.0,0.0,-1.6295,-1.2028,0.7035,2.144,-0.4108,0,0,0,0.631,0.295,0.705,0,0,0.0
571,61.157,1.9843,-6.2184,28.2541,-1.5709,-1.1781,0.7812,4.519,7.608,29.067,-4.1366,-10.7361,0.2,0.0,0.0,0.0,-1.6285,-1.2019,0.6555,2.1275,-0.3949,0,0,0,0.632,0.292,0.708,0,0,0.0
572,61.272,1.9528,-6.2419,28.2687,-1.5735,-1.1742,0.7337,4.528,7.568,29.071,-4.1366,-10.7361,0.2,0.0,0.0,0.0,-1.6274,-1.2011,0.6075,2.1119,-0.4146,0,0,0,0.633,0.302,0.698,0,0,0.0
573,61.388,1.9212,-6.2653,28.2825,-1.577,-1.1702,0.6862,4.535,7.529,29.074,-4.1366,-10.7361,0.2,0.0,0.0,0.0,-1.6264,-1.2003,0.5595,2.0973,-0.3989,0,0,0,0.634,0.299,0.701,0,0,0.0
574,61.504,1.8897,-6.2886,28.2952,-1.5793,-1.1672,0.6387,4.541,7.49,29.076,-4.1366,-10.7361,0.2,0.0,0.0,0.0,-1.6253,-1.1995,0.5115,2.0837,-0.4181,0,0,0,0.635,0.297,0.703,0,0,0.0
575,61.617,1.858,-6.3119,28.3071,-1.5824,-1.1642,0.591,4.547,7.45,29.078,-4.1366,-10.7361,0.2,0.0,0.0,0.0,-1.6242,-1.1987,0.4635,2.0711,-0.4026,0,0,0,0.637,0.303,0.697,0,0,0.0
576,61.73,1.8263,-6.3351,28.3179,-1.584,-1.1625,0.5428,4.551,7.411,29.078,-4.1366,-10.7361,0.2,0.0,0.0,0.0,-1.6231,-1.1979,0.4155,2.0596,-0.4189,0,0,0,0.639,0.304,0.696,0,0,0.0
577,61.843,1.7946,-6.3584,28.3278,-1.5861,-1.1609,0.4954,4.555,7.372,29.078,-4.1366,-10.7361,0.2,0.0,0.0,0.0,-1.622,-1.1971,0.3675,2.0491,-0.401,0,0,0,0.641,0.303,0.697,0,0,0.0
578,61.956,1.7629,-6.3816,28.3368,-1.5871,-1.1607,0.4478,4.558,7.333,29.077,-4.1366,-10.7361,0.2,0.0,0.0,0.0,-1.6208,-1.1964,0.3195,2.0397,-0.4078,0,0,0,0.643,0.293,0.707,0,0,0.0
579,62.068,1.7311,-6.4048,28.3448,-1.5889,-1.1607,0.4003,4.559,7.293,29.074,-4.1366,-10.7361,0.2,0.0,0.0,0.0,-1.6197,-1.1956,0.2715,2.0314,-0.3897,0,0,0,0.644,0.298,0.702,0,0,0.0
580,62.181,1.6993,-6.428,28.3518,-1.5897,-1.1615,0.3527,4.56,7.254,29.071,-4.1366,-10.7361,0.2,0.0,0.0,0.0,-1.6186,-1.1948,0.2235,2.0242,-0.4078,0,0,0,0.646,0.302,0.698,0,0,0.0
581,62.294,1.6675,-6.4513,28.3579,-1.5912,-1.1621,0.3047,4.56,7.214,29.067,-4.1366,-10.7361,0.2,0.0,0.0,0.0,-1.6175,-1.1941,0.1755,2.0181,-0.3899,0,0,0,0.648,0.307,0.693,0,0,0.0
582,62.406,1.6356,-6.4745,28.3631,-1.5914,-1.1636,0.257,4.558,7.175,29.063,-4.1366,-10.7361,0.2,0.0,0.0,0.0,-1.6164,-1.1933,0.1275,2.0132,-0.4,0,0,0,0.649,0.312,0.688,0,0,0.0
583,62.519,1.6038,-6.4978,28.3672,-1.5922,-1.165,0.2089,4.556,7.135,29.057,-4.1366,-10.7361,0.2,0.0,0.0,0.0,-1.6152,-1.1926,0.0795,2.0094,-0.3836,0,0,0,0.649,0.308,0.692,0,0,0.0
584,62.631,1.572,-6.5212,28.3705,-1.5916,-1.167,0.1614,4.553,7.096,29.05,-4.1366,-10.7361,0.2,0.0,0.0,0.0,-1.6141,-1.1918,0.0315,2.0067,-0.4059,0,0,0,0.65,0.311,0.689,0,0,0.0
585,62.744,1.5401,-6.5445,28.3728,-1.5917,-1.1684,0.1139,4.549,7.057,29.043,-4.1366,-10.7361,0.2,0.0,0.0,0.0,-1.613,-1.191,-0.0165,2.0051,-0.3913,0,0,0,0.65,0.31,0.69,0,0,0.0
586,62.856,1.5083,-6.5679,28.3741,-1.5902,-1.1705,0.0659,4.544,7.017,29.035,-4.1366,-10.7361,0.2,0.0,0.0,0.0,-1.6119,-1.1902,-0.0645,2.0047,-0.4061,0,0,0,0.651,0.308,0.692,0,0,0.0
587,62.968,1.4765,-6.5914,28.3744,-1.5891,-1.1722,0.0184,4.538,6.978,29.026,-4.1366,-10.7361,0.2,0.0,0.0,0.0,-1.6108,-1.1894,-0.1125,2.0055,-0.3912,0,0,0,0.651,0.302,0.698,0,0,0.0
588,63.08,1.4448,-6.6149,28.3739,-1.5873,-1.1742,-0.0295,4.531,6.938,29.016,-4.1366,-10.7361,0.2,0.0,0.0,0.0,-1.6097,-1.1886,-0.1605,2.0074,-0.4111,0,0,0,0.652,0.306,0.694,0,0,0.0
589,63.192,1.4131,-6.6384,28.3723,-1.5866,-1.1756,-0.077,4.523,6.899,29.005,-4.1366,-10.7361,0.2,0.0,0.0,0.0,-1.6086,-1.1878,-0.2085,2.0105,-0.3955,0,0,0,0.653,0.304,0.696,0,0,0.0
590,63.305,1.3814,-6.6619,28.3698,-1.5849,-1.1775,-0.125,4.514,6.859,28.993,-4.1366,-10.7361,0.2,0.0,0.0,0.0,-1.6076,-1.1869,-0.2565,2.0147,-0.4081,0,0,0,0.655,0.31,0.69,0,0,0.0
591,63.418,1.3497,-6.6855,28.3664,-1.5841,-1.179,-0.1725,4.504,6.82,28.98,-4.1366,-10.7361,0.2,0.0,0.0,0.0,-1.6065,-1.1861,-0.3045,2.02,-0.3913,0,0,0,0.656,0.313,0.687,0,0,0.0
592,63.53,1.318,-6.7091,28.362,-1.5823,-1.1807,-0.22,4.493,6.78,28.967,-4.1366,-10.7361,0.2,0.0,0.0,0.0,-1.6055,-1.1852,-0.3525,2.0265,-0.409,0,0,0,0.657,0.316,0.684,0,0,0.0
593,63.642,1.2864,-6.7328,28.3566,-1.5813,-1.1818,-0.2676,4.481,6.741,28.952,-4.1366,-10.7361,0.2,0.0,0.0,0.0,-1.6044,-1.1844,-0.4005,2.034,-0.3922,0,0,0,0.659,0.319,0.681,0,0,0.0
594,63.754,1.2548,-6.7564,28.3503,-1.579,-1.1832,-0.3155,4.469,6.701,28.937,-4.1366,-10.7361,0.2,0.0,0.0,0.0,-1.6034,-1.1835,-0.4485,2.0427,-0.3975,0,0,0,0.66,0.313,0.687,0,0,0.0
595,63.869,1.2233,-6.7801,28.343,-1.5773,-1.1841,-0.363,4.455,6.662,28.921,-4.1366,-10.7361,0.2,0.0,0.0,0.0,-1.6023,-1.1826,-0.4965,2.0525,-0.3805,0,0,0,0.66,0.318,0.682,0,0,0.0
596,63.981,1.1918,-6.8038,28.3348,-1.5749,-1.1847,-0.4106,4.44,6.622,28.904,-4.1366,-10.7361,0.2,0.0,0.0,0.0,-1.6013,-1.1817,-0.5445,2.0633,-0.3997,0,0,0,0.661,0.314,0.686,0,0,0.0
597,64.093,1.1603,-6.8275,28.3257,-1.5735,-1.1841,-0.4582,4.425,6.583,28.886,-4.1366,-10.7361,0.2,0.0,0.0,0.0,-1.6003,-1.1808,-0.5925,2.0752,-0.383,0,0,0,0.662,0.319,0.681,0,0,0.0
598,64.206,1.1289,-6.8512,28.3155,-1.5711,-1.1833,-0.5059,4.408,6.544,28.867,-4.1366,-10.7361,0.2,0.0,0.0,0.0,-1.5993,-1.1799,-0.6405,2.0881,-0.4043,0,0,0,0.663,0.315,0.685,0,0,0.0
599,64.318,1.0975,-6.8748,28.3045,-1.5696,-1.1815,-0.5535,4.391,6.504,28.847,-4.1366,-10.7361,0.2,0.0,0.0,0.0,-1.5982,-1.179,-0.6885,2.1021,-0.3876,0,0,0,0.665,0.322,0.678,0,0,0.0
600,64.43,1.0662,-6.8984,28.2925,-1.5672,-1.1799,-0.6011,4.372,6.465,28.827,-4.1366,-10.7361,0.2,0.0,0.0,0.0,-1.5972,-1.1782,-0.7365,2.117,-0.407,0,0,0,0.667,0.32,0.68,0,0,0.0
601,64.543,1.0348,-6.9219,28.2795,-1.5659,-1.1776,-0.6487,4.353,6.426,28.805,-4.1366,-10.7361,0.2,0.0,0.0,0.0,-1.5962,-1.1773,-0.7845,2.1329,-0.3906,0,0,0,0.669,0.327,0.673,0,0,0.0
602,64.656,1.0036,-6.9454,28.2655,-1.5636,-1.1755,-0.6965,4.332,6.387,28.783,-4.1366,-10.7361,0.2,0.0,0.0,0.0,-1.5952,-1.1764,-0.8325,2.1498,-0.4122,0,0,0,0.671,0.326,0.674,0,0,0.0
603,64.768,0.9723,-6.9689,28.2507,-1.562,-1.1729,-0.7441,4.311,6.348,28.76,-4.1366,-10.7361,0.2,0.0,0.0,0.0,-1.5942,-1.1755,-0.8805,2.1676,-0.3959,0,0,0,0.674,0.329,0.671,0,0,0.0
604,64.881,0.9411,-6.9923,28.2348,-1.5596,-1.171,-0.7917,4.289,6.309,28.736,-4.1366,-10.7361,0.2,0.0,0.0,0.0,-1.5932,-1.1746,-0.9285,2.1863,-0.414,0,0,0,0.676,0.335,0.665,0,0,0.0
605,64.993,0.91,-7.0157,28.218,-1.5582,-1.1688,-0.8394,4.266,6.27,28.711,-4.1366,-10.7361,0.2,0.0,0.0,0.0,-1.5921,-1.1737,-0.9765,2.2059,-0.3979,0,0,0,0.679,0.34,0.66,0,0,0.0
606,65.106,0.8789,-7.039,28.2003,-1.5558,-1.1673,-0.8874,4.242,6.231,28.685,-4.1366,-10.7361,0.2,0.0,0.0,0.0,-1.5911,-1.1729,-1.0245,2.2264,-0.4063,0,0,0,0.681,0.341,0.659,0,0,0.0
607,65.218,0.8478,-7.0624,28.1816,-1.5543,-1.1656,-0.9349,4.217,6.192,28.659,-4.1366,-10.7361,0.2,0.0,0.0,0.0,-1.5901,-1.172,-1.0725,2.2477,-0.3895,0,0,0,0.683,0.337,0.663,0,0,0.0
608,65.331,0.8167,-7.0856,28.1619,-1.5519,-1.1641,-0.9824,4.191,6.153,28.631,-4.1366,-10.7361,0.2,0.0,0.0,0.0,-1.5891,-1.1711,-1.1205,2.2699,-0.4087,0,0,0,0.686,0.344,0.656,0,0,0.0
609,65.443,0.7857,-7.1089,28.1413,-1.5507,-1.162,-1.03,4.164,6.114,28.603,-4.1366,-10.7361,0.2,0.0,0.0,0.0,-1.5881,-1.1702,-1.1685,2.2928,-0.3921,0,0,0,0.689,0.347,0.653,0,0,0.0
610,65.555,0.7548,-7.1321,28.1198,-1.5483,-1.1602,-1.0777,4.136,6.076,28.573,-4.1366,-10.7361,0.2,0.0,0.0,0.0,-1.5872,-1.1692,-1.2165,2.3165,-0.4147,0,0,0,0.692,0.352,0.648,0,0,0.0
611,65.667,0.7238,-7.1552,28.0973,-1.5468,-1.1579,-1.1253,4.107,6.037,28.543,-4.1366,-10.7361,0.2,0.0,0.0,0.0,-1.5892,-1.1643,-1.1685,2.2905,-0.3982,0,0,0,0.695,0.356,0.644,0,0,0.0
612,65.779,0.6929,-7.1784,28.0745,-1.5454,-1.1568,-1.1373,4.078,5.998,28.513,-4.1366,-10.7361,0.2,0.0,0.0,0.0,-1.5926,-1.1574,-1.1205,2.2653,-0.4153,0,0,0,0.698,0.364,0.636,0,0,0.0
613,65.892,0.662,-7.2015,28.052,-1.5462,-1.1558,-1.1271,4.049,5.96,28.483,-4.1366,-10.7361,0.2,0.0,0.0,0.0,-1.5952,-1.1515,-1.0725,2.2407,-0.3961,0,0,0,0.701,0.364,0.636,0,0,0.0
614,66.004,0.6311,-7.2246,28.0299,-1.5461,-1.1561,-1.103,4.021,5.921,28.453,-4.1366,-10.7361,0.2,0.0,0.0,0.0,-1.6,-1.1425,-1.0245,2.217,-0.4112,0,0,0,0.704,0.36,0.64,0,0,0.0
615,66.116,0.6001,-7.2477,28.0085,-1.5483,-1.1561,-1.0701,3.993,5.883,28.424,-4.1366,-10.7361,0.2,0.0,0.0,0.0,-1.6035,-1.1352,-0.9765,2.194,-0.3912,0,0,0,0.706,0.369,0.631,0,0,0.0
616,66.229,0.5691,-7.2709,27.9879,-1.5492,-1.157,-1.0317,3.966,5.844,28.396,-4.1366,-10.7361,0.2,0.0,0.0,0.0,-1.6109,-1.1224,-0.9285,2.1719,-0.4152,0,0,0,0.709,0.367,0.633,0,0,0.0
617,66.341,0.5381,-7.294,27.9681,-1.5524,-1.157,-0.9899,3.94,5.805,28.368,-4.1366,-10.7361,0.2,0.0,0.0,0.0,-1.6159,-1.113,-0.8805,2.1506,-0.3952,0,0,0,0.712,0.37,0.63,0,0,0.0
618,66.453,0.507,-7.3172,27.9492,-1.5536,-1.1582,-0.9461,3.915,5.766,28.342,-4.1366,-10.7361,0.2,0.0,0.0,0.0,-1.6125,-1.1154,-0.8325,2.1302,-0.3811,0,0,0,0.711,0.365,0.635,0,0,0.0
619,66.566,0.4759,-7.3404,27.9312,-1.5568,-1.1587,-0.9012,3.891,5.728,28.316,-4.1366,-10.7361,0.2,0.0,0.0,0.0,-1.625,-1.0948,-0.7845,2.1106,-0.4256,0,0,0,0.715,0.376,0.624,0,0,0.0
620,66.678,0.4447,-7.3635,27.9141,-1.5591,-1.157,-0.8547,3.867,5.689,28.292,-4.1366,-10.7361,0.2,0.0,0.0,0.0,-1.6275,-1.0887,-0.7365,2.092,-0.3776,0,0,0,0.717,0.374,0.626,0,0,0.0
621,66.79,0.4134,-7.3866,27.8979,-1.5625,-1.1572,-0.8079,3.845,5.65,28.268,-4.1366,-10.7361,0.2,0.0,0.0,0.0,-1.6325,-1.0788,-0.6885,2.0743,-0.4002,0,0,0,0.719,0.375,0.625,0,0,0.0
622,66.903,0.3821,-7.4097,27.8827,-1.565,-1.155,-0.7605,3.823,5.611,28.246,-4.1366,-10.7361,0.2,0.0,0.0,0.0,-1.6254,-1.087,-0.6405,2.0576,-0.3521,0,0,0,0.718,0.373,0.627,0,0,0.0
623,67.015,0.3507,-7.4328,27.8684,-1.5692,-1.1526,-0.713,3.803,5.572,28.224,-4.1366,-10.7361,0.2,0.0,0.0,0.0,-1.6281,-1.0805,-0.5925,2.0419,-0.3911,0,0,0,0.719,0.373,0.627,0,0,0.0
624,67.128,0.3193,-7.4557,27.8551,-1.5728,-1.1454,-0.666,3.783,5.533,28.203,-4.1366,-10.7361,0.2,0.0,0.0,0.0,-1.6327,-1.0711,-0.5445,2.0272,-0.4021,0,0,0,0.721,0.373,0.627,0,0,0.0
625,67.241,0.2877,-7.4784,27.8428,-1.578,-1.1376,-0.6182,3.764,5.494,28.183,-4.1366,-10.7361,0.2,0.0,0.0,0.0,-1.6317,-1.0702,-0.4965,2.0135,-0.3824,0,0,0,0.722,0.372,0.628,0,0,0.0
626,67.354,0.2561,-7.501,27.8313,-1.5809,-1.1299,-0.5705,3.747,5.455,28.165,-4.1366,-10.7361,0.2,0.0,0.0,0.0,-1.6377,-1.0586,-0.4485,2.001,-0.4074,0,0,0,0.723,0.372,0.628,0,0,0.0
627,67.466,0.2244,-7.5235,27.8209,-1.5856,-1.1204,-0.5228,3.73,5.417,28.147,-4.1366,-10.7361,0.2,0.0,0.0,0.0,-1.6377,-1.0562,-0.4005,1.9894,-0.3881,0,0,0,0.724,0.373,0.627,0,0,0.0
628,67.578,0.1926,-7.5457,27.8114,-1.5876,-1.1112,-0.4751,3.714,5.378,28.13,-4.1366,-10.7361,0.2,0.0,0.0,0.0,-1.6452,-1.0419,-0.3525,1.979,-0.4131,0,0,0,0.726,0.383,0.617,0,0,0.0
629,67.69,0.1608,-7.5677,27.8028,-1.5909,-1.1006,-0.4274,3.7,5.339,28.114,-4.1366,-10.7361,0.2,0.0,0.0,0.0,-1.6461,-1.0379,-0.3045,1.9697,-0.394,0,0,0,0.727,0.379,0.621,0,0,0.0
630,67.802,0.129,-7.5895,27.7952,-1.591,-1.0907,-0.3805,3.688,5.301,28.1,-4.1366,-10.7361,0.2,0.0,0.0,0.0,-1.664,-1.0065,-0.2565,1.9616,-0.4239,0,0,0,0.73,0.387,0.613,0,0,0.0
631,67.914,0.0972,-7.6111,27.7886,-1.5922,-1.0795,-0.3325,3.678,5.262,28.086,-4.1366,-10.7361,0.2,0.0,0.0,0.0,-1.6746,-0.9861,-0.2085,1.9545,-0.3999,0,0,0,0.732,0.39,0.61,0,0,0.0
632,68.026,0.0653,-7.6325,27.7829,-1.5927,-1.0702,-0.2845,3.669,5.224,28.073,-4.1366,-10.7361,0.2,0.0,0.0,0.0,-1.6785,-0.9768,-0.1605,1.9487,-0.3966,0,0,0,0.733,0.39,0.61,0,0,0.0
633,68.138,0.0334,-7.6537,27.7781,-1.5964,-1.0606,-0.237,3.66,5.186,28.061,-4.1366,-10.7361,0.2,0.0,0.0,0.0,-1.6732,-0.9834,-0.1125,1.944,-0.3802,0,0,0,0.733,0.387,0.613,0,0,0.0
634,68.25,0.0014,-7.6747,27.7744,-1.5998,-1.0505,-0.189,3.653,5.147,28.051,-4.1366,-10.7361,0.2,0.0,0.0,0.0,-1.6799,-0.9693,-0.0645,1.9405,-0.4042,0,0,0,0.734,0.385,0.615,0,0,0.0
635,68.361,-0.0308,-7.6955,27.7715,-1.6069,-1.0383,-0.1413,3.647,5.109,28.041,-4.1366,-10.7361,0.2,0.0,0.0,0.0,-1.6772,-0.9712,-0.0165,1.9382,-0.3837,0,0,0,0.734,0.385,0.615,0,0,0.0
636,68.473,-0.063,-7.716,27.7697,-1.6131,-1.0265,-0.0937,3.642,5.071,28.032,-4.1366,-10.7361,0.2,0.0,0.0,0.0,-1.6866,-0.9522,0.0315,1.9371,-0.4072,0,0,0,0.735,0.385,0.615,0,0,0.0
637,68.585,-0.0955,-7.7363,27.7687,-1.6226,-1.013,-0.0462,3.637,5.033,28.024,-4.1366,-10.7361,0.2,0.0,0.0,0.0,-1.6863,-0.9501,0.0795,1.9371,-0.3873,0,0,0,0.736,0.396,0.604,0,0,0.0
638,68.698,-0.1281,-7.7563,27.7688,-1.6309,-1.0001,0.0012,3.633,4.995,28.018,-4.1366,-10.7361,0.2,0.0,0.0,0.0,-1.6986,-0.9252,0.1275,1.9384,-0.4105,0,0,0,0.737,0.392,0.608,0,0,0.0
639,68.81,-0.1609,-7.776,27.7697,-1.642,-0.9859,0.0487,3.63,4.957,28.012,-4.1366,-10.7361,0.2,0.0,0.0,0.0,-1.7007,-0.9185,0.1755,1.9408,-0.3911,0,0,0,0.737,0.4,0.6,0,0,0.0
640,68.922,-0.194,-7.7954,27.7717,-1.6514,-0.9726,0.0962,3.628,4.919,28.007,-4.1366,-10.7361,0.2,0.0,0.0,0.0,-1.7157,-0.8873,0.2235,1.9445,-0.4141,0,0,0,0.739,0.396,0.604,0,0,0.0
641,69.034,-0.2272,-7.8146,27.7745,-1.6633,-0.9582,0.1438,3.627,4.88,28.003,-4.1366,-10.7361,0.2,0.0,0.0,0.0,-1.7203,-0.8754,0.2715,1.9493,-0.395,0,0,0,0.739,0.397,0.603,0,0,0.0
642,69.146,-0.2607,-7.8335,27.7784,-1.673,-0.9451,0.1915,3.627,4.842,28.0,-4.1366,-10.7361,0.2,0.0,0.0,0.0,-1.7387,-0.8352,0.3195,1.9552,-0.4178,0,0,0,0.74,0.394,0.606,0,0,0.0
643,69.258,-0.2944,-7.8521,27.7832,-1.6848,-0.9313,0.2394,3.628,4.804,27.998,-4.1366,-10.7361,0.2,0.0,0.0,0.0,-1.746,-0.8169,0.3675,1.9624,-0.399,0,0,0,0.741,0.393,0.607,0,0,0.0
644,69.37,-0.3283,-7.8705,27.7889,-1.694,-0.919,0.2865,3.63,4.766,27.998,-4.1366,-10.7361,0.2,0.0,0.0,0.0,-1.7552,-0.7938,0.4155,1.9706,-0.3984,0,0,0,0.742,0.401,0.599,0,0,0.0
645,69.482,-0.3624,-7.8886,27.7956,-1.7048,-0.9063,0.3342,3.629,4.728,27.998,-4.1366,-10.7361,0.2,0.0,0.0,0.0,-1.7448,-0.8133,0.4635,1.98,-0.3762,0,0,1,0.741,0.399,0.601,0,0,0.0
646,69.594,-0.3965,-7.9067,27.8,-1.7051,-0.9005,0.2206,3.624,4.69,27.996,-4.1366,-10.7361,0.2,0.0,0.0,0.0,-1.7266,-0.8483,0.5115,1.9905,-0.3726,0,0,1,0.74,0.398,0.602,0,0,0.0
647,69.706,-0.4306,-7.9245,27.8021,-1.7062,-0.8939,0.1073,3.617,4.652,27.991,-4.1366,-10.7361,0.2,0.0,0.0,0.0,-1.7125,-0.8734,0.5595,2.0022,-0.3691,0,0,1,0.74,0.402,0.598,0,0,0.0
648,69.819,-0.4647,-7.9423,27.802,-1.708,-0.8865,-0.0059,3.608,4.614,27.985,-4.1366,-10.7361,0.2,0.0,0.0,0.0,-1.7023,-0.8904,0.6075,2.0149,-0.3655,0,0,1,0.739,0.396,0.604,0,0,0.0
649,69.931,-0.4989,-7.9598,27.7996,-1.7106,-0.8782,-0.1189,3.597,4.576,27.976,-4.1366,-10.7361,0.2,0.0,0.0,0.0,-1.6958,-0.9,0.6555,2.0286,-0.3618,0,0,1,0.739,0.395,0.605,0,0,0.0
650,70.043,-0.5332,-7.9772,27.795,-1.7138,-0.8692,-0.2318,3.583,4.538,27.966,-4.1366,-10.7361,0.2,0.0,0.0,0.0,-1.693,-0.9025,0.7035,2.0434,-0.3581,0,0,1,0.739,0.395,0.605,0,0,0.0
651,70.155,-0.5676,-7.9944,27.7882,-1.7181,-0.859,-0.341,3.567,4.501,27.953,-4.1366,-10.7361,0.2,0.0,0.0,0.0,-1.6991,-0.8881,0.7515,2.0592,-0.361,0,0,1,0.74,0.392,0.608,0,0,0.0
652,70.268,-0.6021,-8.0113,27.7796,-1.7252,-0.8457,-0.4293,3.55,4.463,27.938,-4.1366,-10.7361,0.2,0.0,0.0,0.0,-1.6518,-0.8798,0.5595,1.9533,-0.3759,1,0,0,0.741,0.399,0.601,0,0,0.0
653,70.38,-0.6375,-8.0272,27.7758,-1.7681,-0.7947,-0.19,3.537,4.425,27.929,-4.1366,-10.7361,0.2,0.0,0.0,0.0,-1.6045,-0.8716,0.3675,1.8626,-0.3766,1,0,0,0.742,0.399,0.601,0,0,0.0
654,70.492,-0.6735,-8.0422,27.7758,-1.8021,-0.7491,-0.0001,3.529,4.388,27.923,-4.1366,-10.7361,0.2,0.0,0.0,0.0,-1.5572,-0.8636,0.1755,1.7893,-0.3984,1,0,0,0.743,0.402,0.598,0,0,0.0
655,70.604,-0.7099,-8.0565,27.7769,-1.8206,-0.7183,0.0571,3.523,4.35,27.918,-4.1366,-10.7361,0.2,0.0,0.0,0.0,-1.5098,-0.8559,-0.0165,1.7356,-0.4477,1,0,0,0.748,0.41,0.59,0,0,0.0
656,70.717,-0.7464,-8.0705,27.7774,-1.827,-0.6991,0.0247,3.515,4.313,27.913,-4.1366,-10.7361,0.2,0.0,0.0,0.0,-1.4624,-0.8484,-0.2085,1.7035,-0.4632,1,0,0,0.755,0.422,0.578,0,0,0.0
657,70.829,-0.783,-8.0843,27.7762,-1.8284,-0.6886,-0.0618,3.506,4.275,27.906,-4.1366,-10.7361,0.2,0.0,0.0,0.0,-1.415,-0.8412,-0.4005,1.6942,-0.4683,1,0,0,0.762,0.429,0.571,0,0,0.0
658,70.942,-0.8195,-8.098,27.7727,-1.8261,-0.6829,-0.1732,3.495,4.238,27.897,-4.1366,-10.7361,0.2,0.0,0.0,0.0,-1.3675,-0.8343,-0.5925,1.708,-0.4618,1,0,0,0.768,0.435,0.565,0,0,0.0
659,71.059,-0.856,-8.1116,27.767,-1.821,-0.6805,-0.2854,3.482,4.201,27.885,-4.1366,-10.7361,0.2,0.0,0.0,0.0,-1.3199,-0.8278,-0.65,1.6882,-0.4549,1,0,0,0.774,0.442,0.558,0,0,0.0
660,71.177,-0.8922,-8.1252,27.7591,-1.813,-0.6815,-0.3938,3.467,4.164,27.872,-4.1366,-10.7361,0.2,0.0,0.0,0.0,-1.2723,-0.8218,-0.65,1.6482,-0.4357,1,0,0,0.78,0.451,0.549,0,0,0.0
661,71.295,-0.9282,-8.139,27.7496,-1.8006,-0.6876,-0.4783,3.45,4.128,27.857,-4.1366,-10.7361,0.2,0.0,0.0,0.0,-1.2246,-0.8162,-0.65,1.6088,-0.397,1,0,0,0.785,0.453,0.547,0,0,0.0
662,71.413,-0.9638,-8.153,27.739,-1.7809,-0.7012,-0.5291,3.431,4.091,27.841,-4.1366,-10.7361,0.2,0.0,0.0,0.0,-1.1769,-0.8111,-0.65,1.5702,-0.3661,1,0,0,0.789,0.463,0.537,0,0,0.0
663,71.531,-0.9989,-8.1674,27.7278,-1.7526,-0.7214,-0.5599,3.412,4.055,27.825,-4.1366,-10.7361,0.2,0.0,0.0,0.0,-1.1291,-0.8067,-0.65,1.5324,-0.3404,1,0,0,0.791,0.465,0.535,0,0,0.0
664,71.649,-1.0332,-8.1823,27.7162,-1.7143,-0.7457,-0.5794,3.393,4.019,27.808,-4.1366,-10.7361,0.2,0.0,0.0,0.0,-1.0812,-0.8031,-0.65,1.4955,-0.3126,1,0,0,0.793,0.465,0.535,0,0,0.0
665,71.768,-1.0665,-8.1977,27.7044,-1.6655,-0.7714,-0.5926,3.373,3.984,27.791,-4.1366,-10.7361,0.2,0.0,0.0,0.0,-1.0333,-0.8004,-0.65,1.4597,-0.2921,1,0,0,0.793,0.47,0.53,0,0,0.0
666,71.887,-1.0987,-8.2137,27.6923,-1.6089,-0.7966,-0.6018,3.352,3.949,27.774,-4.1366,-10.7361,0.2,0.0,0.0,0.0,-0.9853,-0.7991,-0.65,1.4255,-0.3002,1,0,0,0.795,0.469,0.531,0,0,0.0
667,72.006,-1.1296,-8.2301,27.6802,-1.5476,-0.8188,-0.6082,3.332,3.914,27.758,-4.1366,-10.7361,0.2,0.0,0.0,0.0,-0.9602,-0.8003,-0.65,1.4089,-0.2857,1,0,0,0.795,0.47,0.53,0,0,0.0
668,72.126,-1.1592,-8.2468,27.6678,-1.4797,-0.8396,-0.6158,3.311,3.881,27.741,-4.1366,-10.7361,0.2,0.0,0.0,0.0,-0.959,-0.8018,-0.65,1.4089,-0.2926,1,0,0,0.795,0.471,0.529,0,0,0.0
669,72.244,-1.1874,-8.264,27.6553,-1.4086,-0.8567,-0.6249,3.29,3.848,27.724,-4.1366,-10.7361,0.2,0.0,0.0,0.0,-0.958,-0.803,-0.65,1.4089,-0.2802,1,0,0,0.795,0.478,0.522,0,0,0.0
670,72.362,-1.2141,-8.2814,27.6426,-1.3365,-0.8722,-0.6349,3.268,3.817,27.707,-4.1366,-10.7361,0.2,0.0,0.0,0.0,-0.9572,-0.8039,-0.65,1.4089,-0.2936,1,0,0,0.795,0.474,0.526,0,0,0.0
671,72.479,-1.2394,-8.2991,27.6298,-1.2651,-0.8838,-0.6442,3.247,3.786,27.69,-4.1366,-10.7361,0.2,0.0,0.0,0.0,-0.9566,-0.8046,-0.65,1.4089,-0.2841,1,0,0,0.795,0.47,0.53,0,0,0.0
672,72.596,-1.2633,-8.317,27.6167,-1.1925,-0.8937,-0.654,3.225,3.756,27.673,-4.1366,-10.7361,0.2,0.0,0.0,0.0,-0.9562,-0.8051,-0.65,1.4089,-0.2888,1,0,0,0.794,0.466,0.534,0,0,0.0
673,72.713,-1.2857,-8.335,27.6034,-1.1214,-0.8996,-0.6626,3.203,3.727,27.656,-4.1366,-10.7361,0.2,0.0,0.0,0.0,-0.9561,-0.8052,-0.65,1.4089,-0.3085,1,0,0,0.794,0.472,0.528,0,0,0.0
674,72.83,-1.3068,-8.353,27.59,-1.0539,-0.9033,-0.6695,3.181,3.7,27.639,-4.1366,-10.7361,0.2,0.0,0.0,0.0,-0.9561,-0.8052,-0.65,1.4089,-0.2788,1,0,0,0.792,0.469,0.531,0,0,0.0
675,72.946,-1.3266,-8.3711,27.5766,-0.9919,-0.9052,-0.6737,3.159,3.673,27.622,-4.1366,-10.7361,0.2,0.0,0.0,0.0,-0.9564,-0.8049,-0.65,1.4089,-0.3092,1,0,0,0.792,0.469,0.531,0,0,0.0
676,73.062,-1.3453,-8.3892,27.563,-0.9335,-0.9025,-0.6761,3.136,3.647,27.605,-4.1366,-10.7361,0.2,0.0,0.0,0.0,-0.9568,-0.8044,-0.65,1.4089,-0.3195,1,0,0,0.791,0.469,0.531,0,0,0.0
677,73.178,-1.3629,-8.4071,27.5495,-0.8808,-0.8981,-0.6761,3.114,3.622,27.588,-4.1366,-10.7361,0.2,0.0,0.0,0.0,-0.9573,-0.8038,-0.65,1.4089,-0.3027,1,0,0,0.791,0.473,0.527,0,0,0.0
678,73.295,-1.3796,-8.425,27.536,-0.8356,-0.8917,-0.6745,3.092,3.598,27.572,-4.1366,-10.7361,0.2,0.0,0.0,0.0,-0.9579,-0.803,-0.65,1.4089,-0.3476,1,0,0,0.791,0.471,0.529,0,0,0.0
679,73.412,-1.3955,-8.4426,27.5226,-0.7957,-0.8826,-0.6725,3.071,3.574,27.555,-4.1366,-10.7361,0.2,0.0,0.0,0.0,-0.9587,-0.8021,-0.65,1.4089,-0.3119,1,0,0,0.791,0.467,0.533,0,0,0.0
680,73.528,-1.4108,-8.4601,27.5092,-0.763,-0.8736,-0.6694,3.049,3.551,27.539,-4.1366,-10.7361,0.2,0.0,0.0,0.0,-0.9595,-0.8012,-0.65,1.4089,-0.3535,1,0,0,0.792,0.466,0.534,0,0,0.0
681,73.645,-1.4255,-8.4773,27.4959,-0.7356,-0.8618,-0.6658,3.028,3.529,27.523,-4.1366,-10.7361,0.2,0.0,0.0,0.0,-0.9604,-0.8001,-0.65,1.4089,-0.3182,1,0,0,0.791,0.469,0.531,0,0,0.0
682,73.762,-1.4398,-8.4943,27.4826,-0.7157,-0.8503,-0.6619,3.007,3.507,27.507,-4.1366,-10.7361,0.2,0.0,0.0,0.0,-0.9613,-0.7991,-0.65,1.4089,-0.3592,1,0,0,0.792,0.467,0.533,0,0,0.0
683,73.878,-1.4538,-8.5111,27.4695,-0.7011,-0.836,-0.6579,2.986,3.485,27.491,-4.1366,-10.7361,0.2,0.0,0.0,0.0,-0.9622,-0.798,-0.65,1.4089,-0.3703,1,0,0,0.794,0.466,0.534,0,0,0.0
684,73.997,-1.4677,-8.5275,27.4564,-0.6938,-0.8221,-0.6539,2.965,3.464,27.476,-4.1366,-10.7361,0.2,0.0,0.0,0.0,-0.963,-0.7969,-0.65,1.4089,-0.3541,1,0,0,0.793,0.467,0.533,0,0,0.0
685,74.115,-1.4815,-8.5437,27.4434,-0.691,-0.8093,-0.6496,2.944,3.443,27.46,-4.1366,-10.7361,0.2,0.0,0.0,0.0,-0.9639,-0.7959,-0.65,1.4089,-0.375,1,0,0,0.795,0.466,0.534,0,0,0.0
686,74.236,-1.4954,-8.5596,27.4305,-0.6957,-0.7959,-0.6466,2.924,3.422,27.445,-4.1366,-10.7361,0.2,0.0,0.0,0.0,-0.9647,-0.7949,-0.65,1.4089,-0.3867,1,0,0,0.797,0.474,0.526,0,0,0.0
687,74.355,-1.5095,-8.5753,27.4176,-0.705,-0.7837,-0.6442,2.904,3.402,27.429,-4.1366,-10.7361,0.2,0.0,0.0,0.0,-0.9654,-0.794,-0.65,1.4089,-0.3699,1,0,0,0.798,0.476,0.524,0,0,0.0
688,74.471,-1.5239,-8.5907,27.4047,-0.7171,-0.7731,-0.6423,2.883,3.381,27.414,-4.1366,-10.7361,0.2,0.0,0.0,0.0,-0.9661,-0.7932,-0.65,1.4089,-0.3956,1,0,0,0.8,0.479,0.521,0,0,0.0
689,74.583,-1.5386,-8.606,27.3919,-0.7347,-0.7628,-0.6417,2.863,3.36,27.399,-4.1366,-10.7361,0.2,0.0,0.0,0.0,-0.9666,-0.7925,-0.65,1.4089,-0.3827,1,0,0,0.802,0.478,0.522,0,0,0.0
690,74.696,-1.5537,-8.6211,27.3791,-0.7547,-0.7544,-0.6415,2.843,3.338,27.383,-4.1366,-10.7361,0.2,0.0,0.0,0.0,-0.9671,-0.7919,-0.65,1.4089,-0.4088,1,0,0,0.804,0.482,0.518,0,0,0.0
691,74.808,-1.5692,-8.636,27.3662,-0.7768,-0.7467,-0.6417,2.823,3.317,27.368,-4.1366,-10.7361,0.2,0.0,0.0,0.0,-0.9675,-0.7914,-0.65,1.4089,-0.396,1,0,0,0.806,0.481,0.519,0,0,0.0
692,74.921,-1.5852,-8.6509,27.3534,-0.7987,-0.7417,-0.6426,2.803,3.295,27.353,-4.1366,-10.7361,0.2,0.0,0.0,0.0,-0.9679,-0.791,-0.65,1.4089,-0.4154,1,0,0,0.81,0.482,0.518,0,0,0.0
693,75.033,-1.6017,-8.6656,27.3405,-0.8236,-0.7377,-0.6434,2.783,3.273,27.337,-4.1366,-10.7361,0.2,0.0,0.0,0.0,-0.9681,-0.7907,-0.65,1.4089,-0.3756,1,0,0,0.812,0.485,0.515,0,0,0.0
694,75.146,-1.6186,-8.6803,27.3276,-0.8482,-0.7364,-0.6442,2.763,3.251,27.322,-4.1366,-10.7361,0.2,0.0,0.0,0.0,-0.9683,-0.7905,-0.65,1.4089,-0.405,1,0,0,0.815,0.489,0.511,0,0,0.0
695,75.259,-1.636,-8.695,27.3147,-0.8712,-0.7346,-0.6453,2.743,3.228,27.306,-4.1366,-10.7361,0.2,0.0,0.0,0.0,-0.9684,-0.7904,-0.65,1.4089,-0.3681,1,0,0,0.816,0.485,0.515,0,0,0.0
696,75.372,-1.6539,-8.7097,27.3018,-0.8943,-0.7351,-0.646,2.723,3.205,27.291,-4.1366,-10.7361,0.2,0.0,0.0,0.0,-0.9684,-0.7904,-0.65,1.4089,-0.4049,1,0,0,0.819,0.495,0.505,0,0,0.0
697,75.484,-1.6722,-8.7244,27.2889,-0.9158,-0.735,-0.6466,2.703,3.181,27.275,-4.1366,-10.7361,0.2,0.0,0.0,0.0,-0.9683,-0.7904,-0.65,1.4089,-0.3745,1,0,0,0.819,0.494,0.506,0,0,0.0
698,75.596,-1.691,-8.7392,27.2759,-0.9372,-0.7371,-0.6474,2.683,3.157,27.259,-4.1366,-10.7361,0.2,0.0,0.0,0.0,-0.9682,-0.7906,-0.65,1.4089,-0.4088,1,0,0,0.821,0.497,0.503,0,0,0.0
699,75.709,-1.7101,-8.7539,27.263,-0.9568,-0.7384,-0.6477,2.663,3.133,27.244,-4.1366,-10.7361,0.2,0.0,0.0,0.0,-0.9681,-0.7908,-0.65,1.4089,-0.3735,1,0,0,0.822,0.495,0.505,0,0,0.0
700,75.821,-1.7296,-8.7688,27.25,-0.9752,-0.7417,-0.6479,2.643,3.109,27.228,-4.1366,-10.7361,0.2,0.0,0.0,0.0,-0.9679,-0.7911,-0.65,1.4089,-0.4114,1,0,0,0.824,0.499,0.501,0,0,0.0
701,75.934,-1.7494,-8.7836,27.2371,-0.9908,-0.7434,-0.648,2.622,3.084,27.212,-4.1366,-10.7361,0.2,0.0,0.0,0.0,-0.9676,-0.7914,-0.65,1.4089,-0.3871,1,0,0,0.825,0.502,0.498,0,0,0.0
702,76.046,-1.7695,-8.7986,27.2241,-1.005,-0.7467,-0.6477,2.602,3.059,27.197,-4.1366,-10.7361,0.2,0.0,0.0,0.0,-0.9673,-0.7917,-0.65,1.4089,-0.4277,1,0,0,0.829,0.502,0.498,0,0,0.0
703,76.159,-1.7899,-8.8136,27.2112,-1.0159,-0.7489,-0.6477,2.582,3.034,27.181,-4.1366,-10.7361,0.2,0.0,0.0,0.0,-0.967,-0.7922,-0.65,1.4089,-0.3832,1,0,0,0.831,0.504,0.496,0,0,0.0
704,76.271,-1.8104,-8.8286,27.1982,-1.0252,-0.7537,-0.6472,2.561,3.008,27.165,-4.1366,-10.7361,0.2,0.0,0.0,0.0,-0.9666,-0.7926,-0.65,1.4089,-0.3971,1,0,0,0.833,0.507,0.493,0,0,0.0
705,76.384,-1.831,-8.8438,27.1853,-1.0314,-0.7578,-0.6472,2.541,2.983,27.15,-4.1366,-10.7361,0.2,0.0,0.0,0.0,-0.9662,-0.793,-0.65,1.4089,-0.3663,1,0,0,0.834,0.504,0.496,0,0,0.0
706,76.496,-1.8517,-8.859,27.1723,-1.0365,-0.7627,-0.6464,2.521,2.957,27.134,-4.1366,-10.7361,0.2,0.0,0.0,0.0,-0.9659,-0.7935,-0.65,1.4089,-0.4054,1,0,0,0.836,0.506,0.494,0,0,0.0
707,76.609,-1.8725,-8.8744,27.1594,-1.0388,-0.7658,-0.6457,2.5,2.931,27.118,-4.1366,-10.7361,0.2,0.0,0.0,0.0,-0.9655,-0.7939,-0.65,1.4089,-0.3656,1,0,0,0.836,0.514,0.486,0,0,0.0
708,76.724,-1.8933,-8.8898,27.1465,-1.0398,-0.7701,-0.645,2.48,2.905,27.103,-4.1366,-10.7361,0.2,0.0,0.0,0.0,-0.9652,-0.7943,-0.65,1.4089,-0.4054,1,0,0,0.838,0.517,0.483,0,0,0.0
709,76.839,-1.9141,-8.9052,27.1336,-1.0381,-0.7721,-0.6446,2.459,2.88,27.087,-4.1366,-10.7361,0.2,0.0,0.0,0.0,-0.9648,-0.7948,-0.65,1.4089,-0.3702,1,0,0,0.838,0.517,0.483,0,0,0.0
710,76.955,-1.9348,-8.9207,27.1208,-1.0349,-0.7748,-0.6442,2.439,2.854,27.072,-4.1366,-10.7361,0.2,0.0,0.0,0.0,-0.9645,-0.7952,-0.65,1.4089,-0.4109,1,0,0,0.84,0.523,0.477,0,0,0.0
711,77.071,-1.9553,-8.9362,27.1079,-1.0299,-0.7754,-0.644,2.418,2.828,27.056,-4.1366,-10.7361,0.2,0.0,0.0,0.0,-0.9641,-0.7956,-0.65,1.4089,-0.373,1,0,0,0.841,0.522,0.478,0,0,0.0
712,77.187,-1.9758,-8.9517,27.095,-1.0244,-0.7767,-0.6441,2.398,2.802,27.041,-4.1366,-10.7361,0.2,0.0,0.0,0.0,-0.9638,-0.7959,-0.65,1.4089,-0.4134,1,0,0,0.843,0.524,0.476,0,0,0.0
713,77.302,-1.9962,-8.9673,27.0821,-1.0169,-0.7757,-0.644,2.377,2.777,27.025,-4.1366,-10.7361,0.2,0.0,0.0,0.0,-0.9636,-0.7963,-0.65,1.4089,-0.3842,1,0,0,0.843,0.523,0.477,0,0,0.0
714,77.418,-2.0164,-8.9828,27.0692,-1.0088,-0.7754,-0.6448,2.357,2.751,27.01,-4.1366,-10.7361,0.2,0.0,0.0,0.0,-0.9633,-0.7966,-0.65,1.4089,-0.4141,1,0,0,0.846,0.526,0.474,0,0,0.0
715,77.533,-2.0364,-8.9982,27.0563,-1.0009,-0.7737,-0.6444,2.336,2.726,26.994,-4.1366,-10.7361,0.2,0.0,0.0,0.0,-0.9631,-0.7969,-0.65,1.4089,-0.3677,1,0,0,0.847,0.526,0.474,0,0,0.0
716,77.649,-2.0562,-9.0137,27.0434,-0.9932,-0.773,-0.6442,2.316,2.701,26.979,-4.1366,-10.7361,0.2,0.0,0.0,0.0,-0.9628,-0.7971,-0.65,1.4089,-0.4031,1,0,0,0.849,0.523,0.477,0,0,0.0
717,77.764,-2.0759,-9.0291,27.0305,-0.9844,-0.7703,-0.6446,2.295,2.676,26.964,-4.1366,-10.7361,0.2,0.0,0.0,0.0,-0.9626,-0.7974,-0.65,1.4089,-0.3815,1,0,0,0.851,0.526,0.474,0,0,0.0
718,77.876,-2.0954,-9.0445,27.0177,-0.976,-0.7685,-0.6444,2.275,2.651,26.948,-4.1366,-10.7361,0.2,0.0,0.0,0.0,-0.9624,-0.7976,-0.65,1.4089,-0.4164,1,0,0,0.855,0.533,0.467,0,0,0.0
719,77.989,-2.1148,-9.0598,27.0048,-0.9677,-0.7664,-0.6443,2.255,2.626,26.933,-4.1366,-10.7361,0.2,0.0,0.0,0.0,-0.9623,-0.7978,-0.65,1.4089,-0.3687,1,0,0,0.856,0.53,0.47,0,0,0.0
720,78.101,-2.134,-9.0751,26.9919,-0.961,-0.7669,-0.6442,2.234,2.602,26.918,-4.1366,-10.7361,0.2,0.0,0.0,0.0,-0.9621,-0.798,-0.65,1.4089,-0.4032,1,0,0,0.859,0.531,0.469,0,0,0.0
721,78.214,-2.1531,-9.0905,26.979,-0.9543,-0.7667,-0.6444,2.214,2.577,26.903,-4.1366,-10.7361,0.2,0.0,0.0,0.0,-0.962,-0.7981,-0.65,1.4089,-0.3705,1,0,0,0.86,0.532,0.468,0,0,0.0
722,78.327,-2.1721,-9.1058,26.9661,-0.9491,-0.7686,-0.6442,2.194,2.553,26.888,-4.1366,-10.7361,0.2,0.0,0.0,0.0,-0.9619,-0.7982,-0.65,1.4089,-0.4131,1,0,0,0.863,0.535,0.465,0,0,0.0
723,78.439,-2.191,-9.1212,26.9532,-0.9438,-0.7697,-0.6441,2.173,2.528,26.872,-4.1366,-10.7361,0.2,0.0,0.0,0.0,-0.9619,-0.7983,-0.65,1.4089,-0.3742,1,0,0,0.863,0.534,0.466,0,0,0.0
724,78.552,-2.2098,-9.1367,26.9403,-0.9399,-0.773,-0.6444,2.153,2.504,26.857,-4.1366,-10.7361,0.2,0.0,0.0,0.0,-0.9618,-0.7984,-0.65,1.4089,-0.4164,1,0,0,0.866,0.537,0.463,0,0,0.0
725,78.665,-2.2285,-9.1522,26.9275,-0.9358,-0.7752,-0.6442,2.132,2.48,26.842,-4.1366,-10.7361,0.2,0.0,0.0,0.0,-0.9584,-0.7956,-0.65,1.405,-0.3762,1,0,0,0.866,0.537,0.463,0,0,0.0
726,78.78,-2.2471,-9.1678,26.9146,-0.933,-0.7791,-0.6448,2.112,2.456,26.827,-4.1366,-10.7361,0.2,0.0,0.0,0.0,-0.9544,-0.7921,-0.65,1.4003,-0.4166,1,0,0,0.868,0.54,0.46,0,0,0.0
727,78.892,-2.2657,-9.1834,26.9017,-0.9299,-0.7816,-0.6445,2.092,2.431,26.812,-4.1366,-10.7361,0.2,0.0,0.0,0.0,-0.9504,-0.7886,-0.65,1.3956,-0.3736,1,0,0,0.869,0.54,0.46,0,0,0.0
728,79.007,-2.2843,-9.1991,26.8888,-0.9279,-0.7856,-0.6444,2.071,2.407,26.797,-4.1366,-10.7361,0.2,0.0,0.0,0.0,-0.9464,-0.785,-0.65,1.3909,-0.4126,1,0,0,0.871,0.542,0.458,0,0,0.0
729,79.122,-2.3028,-9.2149,26.8759,-0.9256,-0.7878,-0.6443,2.051,2.383,26.782,-4.1366,-10.7361,0.2,0.0,0.0,0.0,-0.9425,-0.7814,-0.65,1.3862,-0.3696,1,0,0,0.872,0.542,0.458,0,0,0.0
730,79.238,-2.3213,-9.2307,26.863,-0.9243,-0.7912,-0.6442,2.03,2.358,26.767,-4.1366,-10.7361,0.2,0.0,0.0,0.0,-0.9386,-0.7777,-0.65,1.3814,-0.4084,1,0,0,0.874,0.544,0.456,0,0,0.0
731,79.352,-2.3397,-9.2466,26.8501,-0.9226,-0.7923,-0.6442,2.01,2.334,26.752,-4.1366,-10.7361,0.2,0.0,0.0,0.0,-0.9348,-0.7741,-0.65,1.3768,-0.3653,1,0,0,0.874,0.543,0.457,0,0,0.0
732,79.467,-2.3582,-9.2624,26.8373,-0.9217,-0.7942,-0.6441,1.989,2.31,26.737,-4.1366,-10.7361,0.2,0.0,0.0,0.0,-0.9309,-0.7703,-0.65,1.3721,-0.404,1,0,0,0.876,0.545,0.455,0,0,0.0
733,79.583,-2.3766,-9.2783,26.8244,-0.9203,-0.7935,-0.6441,1.968,2.285,26.722,-4.1366,-10.7361,0.2,0.0,0.0,0.0,-0.9271,-0.7667,-0.65,1.3674,-0.3608,1,0,0,0.876,0.543,0.457,0,0,0.0
734,79.698,-2.395,-9.2942,26.8115,-0.9197,-0.7932,-0.644,1.948,2.261,26.707,-4.1366,-10.7361,0.2,0.0,0.0,0.0,-0.9233,-0.763,-0.65,1.3628,-0.3993,1,0,0,0.878,0.544,0.456,0,0,0.0
735,79.813,-2.4133,-9.31,26.7986,-0.9185,-0.7898,-0.6441,1.927,2.237,26.692,-4.1366,-10.7361,0.2,0.0,0.0,0.0,-0.9195,-0.7595,-0.65,1.3583,-0.3836,1,0,0,0.879,0.549,0.451,0,0,0.0
736,79.928,-2.4317,-9.3257,26.7857,-0.918,-0.7865,-0.6441,1.907,2.213,26.678,-4.1366,-10.7361,0.2,0.0,0.0,0.0,-0.9157,-0.7561,-0.65,1.3537,-0.4085,1,0,0,0.881,0.548,0.452,0,0,0.0
737,80.043,-2.45,-9.3413,26.7728,-0.9159,-0.782,-0.644,1.886,2.189,26.663,-4.1366,-10.7361,0.2,0.0,0.0,0.0,-0.912,-0.7528,-0.65,1.3494,-0.3651,1,0,0,0.881,0.553,0.447,0,0,0.0
738,80.158,-2.4683,-9.3569,26.76,-0.9142,-0.7781,-0.6439,1.866,2.165,26.648,-4.1366,-10.7361,0.2,0.0,0.0,0.0,-0.9082,-0.7495,-0.65,1.345,-0.4036,1,0,0,0.883,0.555,0.445,0,0,0.0
739,80.274,-2.4865,-9.3723,26.7471,-0.9114,-0.7717,-0.6443,1.846,2.141,26.633,-4.1366,-10.7361,0.2,0.0,0.0,0.0,-0.9046,-0.7464,-0.65,1.3409,-0.389,1,0,0,0.885,0.556,0.444,0,0,0.0
740,80.389,-2.5047,-9.3877,26.7342,-0.9088,-0.7655,-0.6446,1.825,2.117,26.619,-4.1366,-10.7361,0.2,0.0,0.0,0.0,-0.9009,-0.7434,-0.65,1.3367,-0.4266,1,0,0,0.887,0.555,0.445,0,0,0.0
741,80.504,-2.5228,-9.4028,26.7213,-0.9057,-0.7586,-0.6444,1.805,2.093,26.604,-4.1366,-10.7361,0.2,0.0,0.0,0.0,-0.8974,-0.7406,-0.65,1.3328,-0.3812,1,0,0,0.889,0.556,0.444,0,0,0.0
742,80.616,-2.5409,-9.4179,26.7084,-0.9033,-0.7541,-0.6442,1.785,2.07,26.589,-4.1366,-10.7361,0.2,0.0,0.0,0.0,-0.8938,-0.7377,-0.65,1.3287,-0.4178,1,0,0,0.891,0.559,0.441,0,0,0.0
743,80.728,-2.5589,-9.4329,26.6955,-0.9004,-0.7486,-0.6441,1.765,2.046,26.574,-4.1366,-10.7361,0.2,0.0,0.0,0.0,-0.8902,-0.7349,-0.65,1.3248,-0.3724,1,0,0,0.892,0.56,0.44,0,0,0.0
744,80.84,-2.5769,-9.4478,26.6827,-0.8981,-0.745,-0.6441,1.745,2.023,26.56,-4.1366,-10.7361,0.2,0.0,0.0,0.0,-0.8867,-0.7321,-0.65,1.3208,-0.4087,1,0,0,0.895,0.561,0.439,0,0,0.0
745,80.953,-2.5948,-9.4626,26.6698,-0.895,-0.7401,-0.6441,1.725,2.0,26.545,-4.1366,-10.7361,0.2,0.0,0.0,0.0,-0.8832,-0.7294,-0.65,1.317,-0.3635,1,0,0,0.896,0.558,0.442,0,0,0.0
746,81.066,-2.6126,-9.4773,26.6569,-0.8926,-0.7366,-0.644,1.705,1.977,26.531,-4.1366,-10.7361,0.2,0.0,0.0,0.0,-0.8797,-0.7266,-0.65,1.3131,-0.3993,1,0,0,0.898,0.562,0.438,0,0,0.0
747,81.178,-2.6304,-9.4919,26.644,-0.8892,-0.7313,-0.6444,1.685,1.954,26.516,-4.1366,-10.7361,0.2,0.0,0.0,0.0,-0.8763,-0.7241,-0.65,1.3095,-0.3566,1,0,0,0.899,0.562,0.438,0,0,0.0
748,81.291,-2.6481,-9.5065,26.6311,-0.8864,-0.7272,-0.6443,1.665,1.931,26.502,-4.1366,-10.7361,0.2,0.0,0.0,0.0,-0.8729,-0.7216,-0.65,1.3058,-0.3938,1,0,0,0.9,0.564,0.436,0,0,0.0
749,81.403,-2.6658,-9.5209,26.6182,-0.8826,-0.721,-0.6449,1.645,1.908,26.487,-4.1366,-10.7361,0.2,0.0,0.0,0.0,-0.8696,-0.7193,-0.65,1.3023,-0.3755,1,0,0,0.902,0.564,0.436,0,0,0.0
750,81.515,-2.6834,-9.5352,26.6053,-0.8791,-0.7155,-0.6446,1.625,1.885,26.473,-4.1366,-10.7361,0.2,0.0,0.0,0.0,-0.8663,-0.7171,-0.65,1.2989,-0.4141,1,0,0,0.904,0.569,0.431,0,0,0.0
751,81.628,-2.7008,-9.5494,26.5924,-0.8745,-0.7095,-0.6445,1.605,1.863,26.458,-4.1366,-10.7361,0.2,0.0,0.0,0.0,-0.8632,-0.715,-0.65,1.2957,-0.3716,1,0,0,0.906,0.57,0.43,0,0,0.0
752,81.741,-2.7182,-9.5635,26.5796,-0.87,-0.7058,-0.6444,1.585,1.84,26.444,-4.1366,-10.7361,0.2,0.0,0.0,0.0,-0.8601,-0.7126,-0.65,1.2923,-0.4103,1,0,0,0.907,0.572,0.428,0,0,0.0
753,81.853,-2.7355,-9.5775,26.5667,-0.8642,-0.7011,-0.6445,1.566,1.818,26.429,-4.1366,-10.7361,0.2,0.0,0.0,0.0,-0.8572,-0.7105,-0.65,1.2892,-0.3748,1,0,0,0.908,0.573,0.427,0,0,0.0
754,81.966,-2.7527,-9.5915,26.5538,-0.8585,-0.6984,-0.6444,1.546,1.796,26.415,-4.1366,-10.7361,0.2,0.0,0.0,0.0,-0.8544,-0.7081,-0.65,1.2861,-0.4139,1,0,0,0.91,0.573,0.427,0,0,0.0
755,82.078,-2.7698,-9.6054,26.5409,-0.8528,-0.6948,-0.6443,1.526,1.774,26.401,-4.1366,-10.7361,0.2,0.0,0.0,0.0,-0.8517,-0.7059,-0.65,1.2831,-0.3708,1,0,0,0.911,0.574,0.426,0,0,0.0
756,82.191,-2.7867,-9.6193,26.528,-0.8484,-0.6934,-0.6443,1.507,1.752,26.386,-4.1366,-10.7361,0.2,0.0,0.0,0.0,-0.8147,-0.6753,-0.266,1.0912,-0.4095,1,1,0,0.913,0.577,0.423,0,0,0.0
757,82.303,-2.8036,-9.6331,26.518,-0.8418,-0.6899,-0.502,1.49,1.73,26.375,-4.1366,-10.7361,0.2,0.0,0.0,0.0,-0.7778,-0.6447,-0.2806,1.0485,-0.3527,1,1,0,0.914,0.576,0.424,0,0,0.0
758,82.416,-2.8203,-9.6469,26.5096,-0.8378,-0.6893,-0.4179,1.475,1.709,26.365,-4.1366,-10.7361,0.2,0.0,0.0,0.0,-0.7408,-0.6141,-0.4235,1.0513,-0.3981,1,1,0,0.915,0.577,0.423,0,0,0.0
759,82.528,-2.837,-9.6606,26.5012,-0.8339,-0.6859,-0.4181,1.46,1.687,26.355,-4.1366,-10.7361,0.2,0.0,0.0,0.0,-0.7039,-0.5834,-0.4232,1.0074,-0.3546,1,1,0,0.915,0.576,0.424,0,0,0.0
760,82.645,-2.8536,-9.6743,26.4929,-0.831,-0.6835,-0.4178,1.445,1.665,26.346,-4.1366,-10.7361,0.2,0.0,0.0,0.0,-0.6669,-0.5528,-0.4237,0.9643,-0.3767,1,1,0,0.916,0.58,0.42,0,0,0.0
761,82.761,-2.8702,-9.6878,26.4845,-0.8275,-0.6787,-0.4173,1.43,1.644,26.336,-4.1366,-10.7361,0.2,0.0,0.0,0.0,-0.6299,-0.5222,-0.4246,0.9219,-0.3636,1,1,0,0.916,0.58,0.42,0,0,0.0
762,82.876,-2.8866,-9.7013,26.4762,-0.8202,-0.6732,-0.4168,1.415,1.623,26.326,-4.1366,-10.7361,0.2,0.0,0.0,0.0,-0.5929,-0.4916,-0.4254,0.8799,-0.3812,1,1,0,0.917,0.585,0.415,0,0,0.0
763,82.992,-2.9028,-9.7146,26.4679,-0.8124,-0.6652,-0.4168,1.4,1.602,26.317,-4.1366,-10.7361,0.2,0.0,0.0,0.0,-0.5559,-0.4611,-0.4255,0.8383,-0.3456,1,1,0,0.918,0.586,0.414,0,0,0.0
764,83.107,-2.9188,-9.7277,26.4596,-0.8011,-0.656,-0.415,1.386,1.581,26.307,-4.1366,-10.7361,0.2,0.0,0.0,0.0,-0.5189,-0.4305,-0.4286,0.7989,-0.3878,1,1,0,0.918,0.585,0.415,0,0,0.0
765,83.222,-2.9346,-9.7406,26.4513,-0.7858,-0.6429,-0.4145,1.371,1.561,26.298,-4.1366,-10.7361,0.2,0.0,0.0,0.0,-0.4818,-0.4,-0.4294,0.7593,-0.3445,1,1,0,0.918,0.585,0.415,0,0,0.0
766,83.337,-2.9499,-9.7531,26.443,-0.7678,-0.6286,-0.4133,1.357,1.541,26.288,-4.1366,-10.7361,0.2,0.0,0.0,0.0,-0.4448,-0.3695,-0.4314,0.7214,-0.388,1,1,0,0.919,0.587,0.413,0,0,0.0
767,83.452,-2.9648,-9.7653,26.4348,-0.7458,-0.6099,-0.413,1.343,1.522,26.279,-4.1366,-10.7361,0.2,0.0,0.0,0.0,-0.4077,-0.3392,-0.4319,0.684,-0.3435,1,1,0,0.919,0.588,0.412,0,0,0.0
768,83.568,-2.9792,-9.7771,26.4265,-0.721,-0.5895,-0.412,1.329,1.503,26.27,-4.1366,-10.7361,0.2,0.0,0.0,0.0,-0.4096,-0.3408,-0.4335,0.687,-0.3884,1,1,0,0.92,0.589,0.411,0,0,0.0
769,83.684,-2.9931,-9.7884,26.4182,-0.6924,-0.5645,-0.4138,1.315,1.485,26.26,-4.1366,-10.7361,0.2,0.0,0.0,0.0,-0.4125,-0.3435,-0.4305,0.6881,-0.386,1,1,0,0.92,0.588,0.412,0,0,0.0
770,83.799,-3.0063,-9.7992,26.4099,-0.6612,-0.5374,-0.4156,1.301,1.468,26.251,-4.1366,-10.7361,0.2,0.0,0.0,0.0,-0.4161,-0.3469,-0.4275,0.6901,-0.3902,1,1,0,0.922,0.589,0.411,0,0,0.0
771,83.915,-3.0189,-9.8093,26.4016,-0.6298,-0.5086,-0.4174,1.288,1.452,26.242,-4.1366,-10.7361,0.2,0.0,0.0,0.0,-0.4201,-0.3509,-0.4244,0.6926,-0.4075,1,1,0,0.923,0.591,0.409,0,0,0.0
772,84.03,-3.0308,-9.8189,26.3932,-0.5951,-0.4792,-0.4197,1.275,1.437,26.233,-4.1366,-10.7361,0.2,0.0,0.0,0.0,-0.4249,-0.3552,-0.4206,0.6954,-0.3965,1,1,0,0.924,0.593,0.407,0,0,0.0
773,84.145,-3.042,-9.8279,26.3848,-0.5595,-0.4504,-0.4215,1.262,1.422,26.223,-4.1366,-10.7361,0.2,0.0,0.0,0.0,-0.4302,-0.3596,-0.4175,0.6991,-0.4233,1,1,0,0.925,0.592,0.408,0,0,0.0
774,84.26,-3.0525,-9.8364,26.3763,-0.5254,-0.4219,-0.4227,1.25,1.409,26.214,-4.1366,-10.7361,0.2,0.0,0.0,0.0,-0.4355,-0.3642,-0.4154,0.7034,-0.397,1,1,0,0.926,0.594,0.406,0,0,0.0
775,84.376,-3.0623,-9.8443,26.3678,-0.4907,-0.3957,-0.4239,1.237,1.396,26.205,-4.1366,-10.7361,0.2,0.0,0.0,0.0,-0.4411,-0.3685,-0.4133,0.708,-0.4362,1,1,0,0.928,0.597,0.403,0,0,0.0
776,84.492,-3.0715,-9.8517,26.3593,-0.4583,-0.3705,-0.4242,1.225,1.384,26.196,-4.1366,-10.7361,0.2,0.0,0.0,0.0,-0.4465,-0.3728,-0.4129,0.7133,-0.3848,1,1,0,0.928,0.593,0.407,0,0,0.0
777,84.607,-3.0801,-9.8587,26.3509,-0.4292,-0.3491,-0.4242,1.213,1.373,26.187,-4.1366,-10.7361,0.2,0.0,0.0,0.0,-0.4515,-0.3764,-0.4128,0.7183,-0.4246,1,1,0,0.93,0.595,0.405,0,0,0.0
778,84.722,-3.0881,-9.8652,26.3424,-0.402,-0.328,-0.4245,1.202,1.363,26.178,-4.1366,-10.7361,0.2,0.0,0.0,0.0,-0.4562,-0.3801,-0.4124,0.723,-0.4075,1,1,0,0.931,0.596,0.404,0,0,0.0
779,84.838,-3.0957,-9.8714,26.3339,-0.3779,-0.3102,-0.4234,1.19,1.353,26.169,-4.1366,-10.7361,0.2,0.0,0.0,0.0,-0.4605,-0.3832,-0.4143,0.7284,-0.4309,1,1,0,0.933,0.6,0.4,0,0,0.0
780,84.954,-3.1028,-9.8773,26.3254,-0.3587,-0.2951,-0.4225,1.179,1.344,26.16,-4.1366,-10.7361,0.2,0.0,0.0,0.0,-0.4638,-0.3859,-0.4157,0.7327,-0.4044,1,1,0,0.934,0.597,0.403,0,0,0.0
781,85.066,-3.1097,-9.883,26.317,-0.3409,-0.2843,-0.4217,1.168,1.335,26.151,-4.1366,-10.7361,0.2,0.0,0.0,0.0,-0.467,-0.3877,-0.4171,0.7365,-0.4294,1,1,0,0.936,0.6,0.4,0,0,0.0
782,85.179,-3.1162,-9.8886,26.3086,-0.3274,-0.2763,-0.4206,1.156,1.326,26.142,-4.1366,-10.7361,0.2,0.0,0.0,0.0,-0.4693,-0.3889,-0.4189,0.7396,-0.4035,1,1,0,0.937,0.6,0.4,0,0,0.0
783,85.292,-3.1225,-9.894,26.3002,-0.3159,-0.2729,-0.4197,1.145,1.318,26.133,-4.1366,-10.7361,0.2,0.0,0.0,0.0,-0.4713,-0.3891,-0.4205,0.7419,-0.3895,1,1,0,0.938,0.603,0.397,0,0,0.0
784,85.405,-3.1287,-9.8995,26.2918,-0.3093,-0.2724,-0.419,1.134,1.31,26.125,-4.1366,-10.7361,0.2,0.0,0.0,0.0,-0.4724,-0.3887,-0.4217,0.743,-0.4038,1,1,0,0.939,0.598,0.402,0,0,0.0
785,85.518,-3.1348,-9.9049,26.2835,-0.3054,-0.2737,-0.4181,1.123,1.302,26.116,-4.1366,-10.7361,0.2,0.0,0.0,0.0,-0.4729,-0.3879,-0.4232,0.7437,-0.386,1,1,0,0.94,0.6,0.4,0,0,0.0
786,85.631,-3.141,-9.9105,26.2751,-0.3065,-0.2774,-0.4178,1.112,1.293,26.107,-4.1366,-10.7361,0.2,0.0,0.0,0.0,-0.4723,-0.3866,-0.4237,0.743,-0.4152,1,1,0,0.941,0.604,0.396,0,0,0.0
787,85.743,-3.1472,-9.9161,26.2668,-0.3104,-0.2822,-0.4173,1.101,1.285,26.098,-4.1366,-10.7361,0.2,0.0,0.0,0.0,-0.4711,-0.3849,-0.4247,0.7419,-0.3759,1,1,0,0.941,0.604,0.396,0,0,0.0
788,85.856,-3.1535,-9.9219,26.2584,-0.3173,-0.2901,-0.4174,1.09,1.276,26.09,-4.1366,-10.7361,0.2,0.0,0.0,0.0,-0.4692,-0.3826,-0.4244,0.7394,-0.4147,1,1,0,0.942,0.598,0.402,0,0,0.0
789,85.968,-3.16,-9.9279,26.2501,-0.3257,-0.2977,-0.4173,1.079,1.268,26.081,-4.1366,-10.7361,0.2,0.0,0.0,0.0,-0.467,-0.3803,-0.4245,0.7368,-0.3758,1,1,0,0.943,0.599,0.401,0,0,0.0
790,86.081,-3.1668,-9.934,26.2417,-0.337,-0.3081,-0.4179,1.068,1.259,26.072,-4.1366,-10.7361,0.2,0.0,0.0,0.0,-0.4641,-0.3773,-0.4236,0.7329,-0.4081,1,1,0,0.944,0.602,0.398,0,0,0.0
791,86.194,-3.1738,-9.9404,26.2333,-0.3495,-0.3179,-0.418,1.056,1.249,26.063,-4.1366,-10.7361,0.2,0.0,0.0,0.0,-0.4609,-0.3743,-0.4234,0.7293,-0.3696,1,1,0,0.944,0.601,0.399,0,0,0.0
792,86.306,-3.181,-9.947,26.225,-0.3629,-0.3296,-0.4185,1.045,1.239,26.054,-4.1366,-10.7361,0.2,0.0,0.0,0.0,-0.4574,-0.3709,-0.4226,0.7249,-0.407,1,1,0,0.945,0.603,0.397,0,0,0.0
793,86.419,-3.1885,-9.9538,26.2166,-0.3756,-0.3399,-0.4186,1.033,1.229,26.046,-4.1366,-10.7361,0.2,0.0,0.0,0.0,-0.454,-0.3678,-0.4223,0.7209,-0.3682,1,1,0,0.946,0.606,0.394,0,0,0.0
794,86.532,-3.1963,-9.9608,26.2082,-0.3891,-0.3516,-0.419,1.021,1.219,26.037,-4.1366,-10.7361,0.2,0.0,0.0,0.0,-0.4504,-0.3642,-0.4217,0.7165,-0.4059,1,1,0,0.947,0.609,0.391,0,0,0.0
795,86.644,-3.2043,-9.9681,26.1998,-0.4017,-0.3615,-0.4192,1.01,1.208,26.028,-4.1366,-10.7361,0.2,0.0,0.0,0.0,-0.4468,-0.361,-0.4214,0.7124,-0.3667,1,1,0,0.947,0.608,0.392,0,0,0.0
796,86.756,-3.2126,-9.9755,26.1914,-0.415,-0.3725,-0.4196,0.998,1.197,26.019,-4.1366,-10.7361,0.2,0.0,0.0,0.0,-0.4431,-0.3575,-0.4208,0.7079,-0.4,1,1,0,0.948,0.609,0.391,0,0,0.0
797,86.868,-3.2212,-9.9831,26.1831,-0.4275,-0.3812,-0.4195,0.985,1.185,26.01,-4.1366,-10.7361,0.2,0.0,0.0,0.0,-0.4395,-0.3545,-0.4208,0.7042,-0.3605,1,1,0,0.948,0.613,0.387,0,0,0.0
798,86.981,-3.23,-9.9909,26.1747,-0.4392,-0.3902,-0.4194,0.973,1.174,26.001,-4.1366,-10.7361,0.2,0.0,0.0,0.0,-0.4359,-0.3513,-0.421,0.7005,-0.3985,1,1,0,0.949,0.613,0.387,0,0,0.0
799,87.093,-3.239,-9.9989,26.1663,-0.4488,-0.3962,-0.4193,0.961,1.162,25.992,-4.1366,-10.7361,0.2,0.0,0.0,0.0,-0.4328,-0.3488,-0.4212,0.6974,-0.3582,1,1,0,0.949,0.61,0.39,0,0,0.0
800,87.205,-3.2481,-10.0069,26.1579,-0.4577,-0.4021,-0.4191,0.949,1.149,25.983,-4.1366,-10.7361,0.2,0.0,0.0,0.0,-0.4298,-0.3463,-0.4216,0.6946,-0.3966,1,1,0,0.95,0.61,0.39,0,0,0.0
801,87.318,-3.2574,-10.015,26.1495,-0.4643,-0.4045,-0.4189,0.937,1.137,25.974,-4.1366,-10.7361,0.2,0.0,0.0,0.0,-0.4273,-0.3447,-0.4219,0.6924,-0.3556,1,1,0,0.95,0.612,0.388,0,0,0.0
802,87.433,-3.2668,-10.0231,26.1412,-0.4701,-0.4065,-0.4186,0.924,1.125,25.966,-4.1366,-10.7361,0.2,0.0,0.0,0.0,-0.425,-0.3431,-0.4224,0.6905,-0.3945,1,1,0,0.951,0.613,0.387,0,0,0.0
803,87.548,-3.2763,-10.0312,26.1328,-0.4736,-0.4045,-0.4187,0.912,1.112,25.957,-4.1366,-10.7361,0.2,0.0,0.0,0.0,-0.4232,-0.3426,-0.4222,0.6889,-0.3885,1,1,0,0.952,0.612,0.388,0,0,0.0
804,87.664,-3.2858,-10.0392,26.1244,-0.4763,-0.4017,-0.4188,0.9,1.1,25.948,-4.1366,-10.7361,0.2,0.0,0.0,0.0,-0.4215,-0.3423,-0.422,0.6877,-0.3944,1,1,0,0.952,0.614,0.386,0,0,0.0
805,87.779,-3.2953,-10.0472,26.116,-0.4762,-0.3975,-0.4184,0.888,1.087,25.939,-4.1366,-10.7361,0.2,0.0,0.0,0.0,-0.4205,-0.3424,-0.4226,0.6875,-0.3918,1,1,0,0.953,0.618,0.382,0,0,0.0
806,87.894,-3.3048,-10.055,26.1077,-0.4759,-0.3929,-0.4182,0.875,1.075,25.93,-4.1366,-10.7361,0.2,0.0,0.0,0.0,-0.4195,-0.3427,-0.423,0.6873,-0.3753,1,1,0,0.954,0.62,0.38,0,0,0.0
807,88.01,-3.3143,-10.0628,26.0993,-0.4727,-0.3875,-0.4184,0.863,1.063,25.921,-4.1366,-10.7361,0.2,0.0,0.0,0.0,-0.4193,-0.3432,-0.4228,0.6873,-0.4,1,1,0,0.955,0.622,0.378,0,0,0.0
808,88.125,-3.3237,-10.0704,26.0909,-0.4694,-0.3805,-0.4183,0.851,1.051,25.912,-4.1366,-10.7361,0.2,0.0,0.0,0.0,-0.4191,-0.3442,-0.4229,0.6878,-0.379,1,1,0,0.955,0.622,0.378,0,0,0.0
809,88.24,-3.333,-10.0779,26.0826,-0.4643,-0.3737,-0.4184,0.839,1.039,25.903,-4.1366,-10.7361,0.2,0.0,0.0,0.0,-0.4194,-0.3452,-0.4228,0.6884,-0.3991,1,1,0,0.956,0.624,0.376,0,0,0.0
810,88.356,-3.3422,-10.0852,26.0742,-0.4603,-0.366,-0.4184,0.827,1.027,25.895,-4.1366,-10.7361,0.2,0.0,0.0,0.0,-0.4194,-0.3466,-0.4227,0.689,-0.3777,1,1,0,0.964,0.623,0.377,0,0,0.0
811,88.471,-3.3513,-10.0924,26.0658,-0.454,-0.3588,-0.4186,0.815,1.015,25.886,-4.1366,-10.7361,0.2,0.0,0.0,0.0,-0.4201,-0.3479,-0.4223,0.6898,-0.4012,1,1,0,0.966,0.622,0.378,0,0,0.0
812,88.584,-3.3602,-10.0994,26.0575,-0.4485,-0.3508,-0.4186,0.804,1.004,25.877,-4.1366,-10.7361,0.2,0.0,0.0,0.0,-0.4205,-0.3494,-0.4224,0.6909,-0.3791,1,1,0,0.968,0.624,0.376,0,0,0.0
813,88.7,-3.369,-10.1063,26.0491,-0.4412,-0.3439,-0.4187,0.792,0.993,25.868,-4.1366,-10.7361,0.2,0.0,0.0,0.0,-0.4215,-0.3507,-0.4222,0.692,-0.4016,1,1,0,0.968,0.625,0.375,0,0,0.0
814,88.813,-3.3777,-10.113,26.0407,-0.4351,-0.3367,-0.4189,0.78,0.982,25.859,-4.1366,-10.7361,0.2,0.0,0.0,0.0,-0.4221,-0.3522,-0.4219,0.693,-0.3795,1,1,0,0.968,0.627,0.373,0,0,0.0
815,88.925,-3.3863,-10.1196,26.0323,-0.4271,-0.3308,-0.419,0.769,0.971,25.851,-4.1366,-10.7361,0.2,0.0,0.0,0.0,-0.4233,-0.3533,-0.4218,0.6942,-0.4081,1,1,0,0.969,0.627,0.373,0,0,0.0
816,89.038,-3.3947,-10.1261,26.024,-0.4203,-0.3249,-0.4188,0.757,0.96,25.842,-4.1366,-10.7361,0.2,0.0,0.0,0.0,-0.4242,-0.3545,-0.4221,0.6956,-0.3856,1,1,0,0.97,0.625,0.375,0,0,0.0
817,89.151,-3.403,-10.1325,26.0156,-0.4132,-0.3211,-0.4187,0.745,0.95,25.833,-4.1366,-10.7361,0.2,0.0,0.0,0.0,-0.4253,-0.3551,-0.4223,0.6966,-0.4086,1,1,0,0.971,0.63,0.37,0,0,0.0
818,89.264,-3.4111,-10.1389,26.0072,-0.4088,-0.318,-0.4186,0.734,0.94,25.824,-4.1366,-10.7361,0.2,0.0,0.0,0.0,-0.4256,-0.3556,-0.4224,0.6972,-0.3864,1,1,0,0.971,0.628,0.372,0,0,0.0
819,89.378,-3.4192,-10.1452,25.9988,-0.4038,-0.3171,-0.4186,0.722,0.929,25.816,-4.1366,-10.7361,0.2,0.0,0.0,0.0,-0.4262,-0.3553,-0.4224,0.6974,-0.3991,1,1,0,0.972,0.631,0.369,0,0,0.0
820,89.491,-3.4272,-10.1516,25.9905,-0.4011,-0.3172,-0.419,0.711,0.919,25.807,-4.1366,-10.7361,0.2,0.0,0.0,0.0,-0.4261,-0.3549,-0.4217,0.6966,-0.3795,1,1,0,0.972,0.632,0.368,0,0,0.0
821,89.604,-3.4352,-10.158,25.9821,-0.3978,-0.319,-0.4184,0.7,0.909,25.798,-4.1366,-10.7361,0.2,0.0,0.0,0.0,-0.4262,-0.3539,-0.4227,0.6969,-0.4053,1,1,0,0.972,0.636,0.364,0,0,0.0
822,89.716,-3.4431,-10.1644,25.9737,-0.397,-0.3209,-0.4184,0.688,0.899,25.789,-4.1366,-10.7361,0.2,0.0,0.0,0.0,-0.4257,-0.3528,-0.4227,0.696,-0.387,1,1,0,0.972,0.633,0.367,0,0,0.0
823,89.829,-3.451,-10.1709,25.9653,-0.3952,-0.3248,-0.4186,0.677,0.889,25.781,-4.1366,-10.7361,0.2,0.0,0.0,0.0,-0.4255,-0.3511,-0.4225,0.6948,-0.386,1,1,0,0.972,0.634,0.366,0,0,0.0
824,89.942,-3.4589,-10.1775,25.957,-0.3956,-0.3291,-0.4185,0.665,0.878,25.772,-4.1366,-10.7361,0.2,0.0,0.0,0.0,-0.4247,-0.3492,-0.4225,0.6934,-0.3779,1,1,0,0.972,0.634,0.366,0,0,0.0
825,90.055,-3.4669,-10.1841,25.9486,-0.3955,-0.3335,-0.4184,0.653,0.868,25.763,-4.1366,-10.7361,0.2,0.0,0.0,0.0,-0.424,-0.3472,-0.4227,0.6921,-0.4023,1,1,0,0.972,0.632,0.368,0,0,0.0
826,90.167,-3.4748,-10.1909,25.9402,-0.3977,-0.3372,-0.4185,0.642,0.857,25.755,-4.1366,-10.7361,0.2,0.0,0.0,0.0,-0.4227,-0.3454,-0.4226,0.6904,-0.3858,1,1,0,0.972,0.633,0.367,0,0,0.0
827,90.28,-3.4828,-10.1977,25.9319,-0.399,-0.3419,-0.419,0.63,0.847,25.746,-4.1366,-10.7361,0.2,0.0,0.0,0.0,-0.4217,-0.3432,-0.4217,0.6881,-0.4034,1,1,0,0.972,0.636,0.364,0,0,0.0
828,90.393,-3.4908,-10.2046,25.9235,-0.4022,-0.3462,-0.4186,0.618,0.836,25.737,-4.1366,-10.7361,0.2,0.0,0.0,0.0,-0.4201,-0.3411,-0.4224,0.6865,-0.3846,1,1,0,0.972,0.636,0.364,0,0,0.0
829,90.506,-3.4989,-10.2117,25.9151,-0.4043,-0.3514,-0.4187,0.607,0.826,25.728,-4.1366,-10.7361,0.2,0.0,0.0,0.0,-0.4188,-0.3387,-0.4222,0.6844,-0.3943,1,1,0,0.972,0.638,0.362,0,0,0.0
830,90.618,-3.5071,-10.2188,25.9067,-0.4081,-0.3561,-0.4186,0.595,0.815,25.72,-4.1366,-10.7361,0.2,0.0,0.0,0.0,-0.4171,-0.3364,-0.4223,0.6822,-0.3764,1,1,0,0.974,0.638,0.362,0,0,0.0
831,90.731,-3.5153,-10.226,25.8984,-0.4107,-0.3608,-0.4186,0.583,0.804,25.711,-4.1366,-10.7361,0.2,0.0,0.0,0.0,-0.4157,-0.334,-0.4223,0.6802,-0.3978,1,1,0,0.974,0.64,0.36,0,0,0.0
832,90.843,-3.5236,-10.2333,25.89,-0.4149,-0.3643,-0.4186,0.571,0.793,25.702,-4.1366,-10.7361,0.2,0.0,0.0,0.0,-0.4137,-0.332,-0.4223,0.678,-0.3805,1,1,0,0.974,0.642,0.358,0,0,0.0
833,90.956,-3.5319,-10.2407,25.8816,-0.4176,-0.368,-0.4186,0.559,0.782,25.694,-4.1366,-10.7361,0.2,0.0,0.0,0.0,-0.4123,-0.3298,-0.4223,0.6761,-0.4019,1,1,0,0.974,0.646,0.354,0,0,0.0
834,91.068,-3.5404,-10.2481,25.8733,-0.4216,-0.3707,-0.4186,0.547,0.77,25.685,-4.1366,-10.7361,0.2,0.0,0.0,0.0,-0.4104,-0.328,-0.4223,0.6741,-0.3849,1,1,0,0.974,0.648,0.352,0,0,0.0
835,91.181,-3.5488,-10.2555,25.8649,-0.4237,-0.3738,-0.4188,0.535,0.759,25.676,-4.1366,-10.7361,0.2,0.0,0.0,0.0,-0.4092,-0.3259,-0.4221,0.6722,-0.386,1,1,0,0.975,0.658,0.342,0,0,0.0
836,91.293,-3.5574,-10.2631,25.8565,-0.4268,-0.3762,-0.4186,0.523,0.748,25.667,-4.1366,-10.7361,0.2,0.0,0.0,0.0,-0.4076,-0.3241,-0.4224,0.6705,-0.37,1,1,0,0.976,0.662,0.338,0,0,0.0
837,91.409,-3.566,-10.2706,25.8481,-0.4283,-0.3776,-0.4185,0.511,0.736,25.659,-4.1366,-10.7361,0.2,0.0,0.0,0.0,-0.4065,-0.3226,-0.4226,0.6692,-0.3916,1,1,0,0.976,0.664,0.336,0,0,0.0
838,91.522,-3.5746,-10.2782,25.8398,-0.4312,-0.3768,-0.4184,0.499,0.725,25.65,-4.1366,-10.7361,0.2,0.0,0.0,0.0,-0.4049,-0.3218,-0.4227,0.6679,-0.3749,1,1,0,0.976,0.666,0.334,0,0,0.0
839,91.637,-3.5832,-10.2857,25.8314,-0.4322,-0.3754,-0.4184,0.487,0.714,25.641,-4.1366,-10.7361,0.2,0.0,0.0,0.0,-0.4039,-0.3212,-0.4228,0.6671,-0.3964,1,1,0,0.976,0.667,0.333,0,0,0.0
840,91.752,-3.5919,-10.2931,25.823,-0.4342,-0.372,-0.4183,0.475,0.702,25.633,-4.1366,-10.7361,0.2,0.0,0.0,0.0,-0.4026,-0.3213,-0.4228,0.6664,-0.3799,1,1,0,0.978,0.67,0.33,0,0,0.0
841,91.868,-3.6006,-10.3005,25.8147,-0.4339,-0.3682,-0.4183,0.463,0.691,25.624,-4.1366,-10.7361,0.2,0.0,0.0,0.0,-0.4019,-0.3215,-0.4228,0.6661,-0.4014,1,1,0,0.978,0.67,0.33,0,0,0.0
842,91.983,-3.6093,-10.3077,25.8063,-0.4343,-0.3627,-0.4183,0.451,0.679,25.615,-4.1366,-10.7361,0.2,0.0,0.0,0.0,-0.401,-0.3225,-0.4229,0.666,-0.3849,1,1,0,0.978,0.672,0.328,0,0,0.0
843,92.098,-3.6179,-10.3149,25.7979,-0.4321,-0.3571,-0.4192,0.44,0.668,25.607,-4.1366,-10.7361,0.2,0.0,0.0,0.0,-0.4009,-0.3235,-0.4214,0.6656,-0.4071,1,1,0,0.978,0.671,0.329,0,0,0.0
844,92.213,-3.6265,-10.3219,25.7895,-0.4303,-0.3499,-0.4184,0.428,0.657,25.598,-4.1366,-10.7361,0.2,0.0,0.0,0.0,-0.4007,-0.3252,-0.4227,0.6671,-0.3859,1,1,0,0.979,0.674,0.326,0,0,0.0
845,92.328,-3.6351,-10.3287,25.7812,-0.427,-0.3431,-0.4185,0.416,0.646,25.589,-4.1366,-10.7361,0.2,0.0,0.0,0.0,-0.4009,-0.3268,-0.4226,0.6679,-0.4042,1,1,0,0.979,0.673,0.327,0,0,0.0
846,92.443,-3.6436,-10.3354,25.7728,-0.4251,-0.3355,-0.4185,0.404,0.635,25.581,-4.1366,-10.7361,0.2,0.0,0.0,0.0,-0.4006,-0.3288,-0.4225,0.6687,-0.3823,1,1,0,0.979,0.671,0.329,0,0,0.0
847,92.559,-3.652,-10.342,25.7644,-0.4213,-0.3286,-0.4186,0.393,0.625,25.572,-4.1366,-10.7361,0.2,0.0,0.0,0.0,-0.4009,-0.3307,-0.4224,0.6697,-0.4015,1,1,0,0.979,0.671,0.329,0,0,0.0
848,92.672,-3.6604,-10.3484,25.7561,-0.4187,-0.321,-0.4189,0.381,0.614,25.563,-4.1366,-10.7361,0.2,0.0,0.0,0.0,-0.4008,-0.3329,-0.4218,0.6704,-0.3799,1,1,0,0.979,0.676,0.324,0,0,0.0
849,92.784,-3.6686,-10.3547,25.7477,-0.4137,-0.3143,-0.4189,0.37,0.604,25.555,-4.1366,-10.7361,0.2,0.0,0.0,0.0,-0.4014,-0.3349,-0.4219,0.6718,-0.4075,1,1,0,0.979,0.678,0.322,0,0,0.0
850,92.897,-3.6768,-10.3609,25.7393,-0.4096,-0.3072,-0.4187,0.358,0.593,25.546,-4.1366,-10.7361,0.2,0.0,0.0,0.0,-0.4018,-0.3371,-0.4222,0.6733,-0.3853,1,1,0,0.979,0.678,0.322,0,0,0.0
851,93.01,-3.6849,-10.3669,25.7309,-0.4049,-0.3018,-0.4187,0.347,0.583,25.538,-4.1366,-10.7361,0.2,0.0,0.0,0.0,-0.4023,-0.3389,-0.4223,0.6745,-0.4069,1,1,0,0.979,0.678,0.322,0,0,0.0
852,93.122,-3.693,-10.3728,25.7226,-0.4027,-0.2967,-0.4186,0.336,0.573,25.529,-4.1366,-10.7361,0.2,0.0,0.0,0.0,-0.402,-0.3406,-0.4224,0.6753,-0.3847,1,1,0,0.979,0.678,0.322,0,0,0.0
853,93.236,-3.701,-10.3787,25.7142,-0.3995,-0.2935,-0.4185,0.325,0.563,25.52,-4.1366,-10.7361,0.2,0.0,0.0,0.0,-0.4019,-0.3417,-0.4225,0.6759,-0.4065,1,1,0,0.979,0.678,0.322,0,0,0.0
854,93.35,-3.7089,-10.3845,25.7058,-0.3984,-0.2908,-0.4184,0.313,0.554,25.512,-4.1366,-10.7361,0.2,0.0,0.0,0.0,-0.395,-0.3376,-0.4226,0.6698,-0.3843,1,1,0,0.979,0.679,0.321,0,0,0.0
855,93.463,-3.7169,-10.3903,25.6975,-0.3961,-0.2903,-0.4184,0.302,0.544,25.503,-4.1366,-10.7361,0.2,0.0,0.0,0.0,-0.3852,-0.33,-0.4227,0.6603,-0.4064,1,1,0,0.98,0.679,0.321,0,0,0.0
856,93.579,-3.7248,-10.3961,25.6891,-0.3955,-0.2905,-0.4184,0.291,0.534,25.495,-4.1366,-10.7361,0.2,0.0,0.0,0.0,-0.3749,-0.3222,-0.4228,0.6504,-0.3843,1,1,0,0.98,0.679,0.321,0,0,0.0
857,93.696,-3.7326,-10.402,25.6807,-0.3935,-0.2931,-0.4185,0.28,0.524,25.486,-4.1366,-10.7361,0.2,0.0,0.0,0.0,-0.3651,-0.3134,-0.4225,0.6403,-0.3675,1,1,0,0.98,0.679,0.321,0,0,0.0
858,93.815,-3.7405,-10.4079,25.6723,-0.3928,-0.2966,-0.4186,0.268,0.514,25.478,-4.1366,-10.7361,0.2,0.0,0.0,0.0,-0.3548,-0.3042,-0.4223,0.6299,-0.3956,1,1,0,0.98,0.679,0.321,0,0,0.0
859,93.946,-3.7483,-10.4139,25.664,-0.3915,-0.2997,-0.4184,0.257,0.505,25.469,-4.1366,-10.7361,0.2,0.0,0.0,0.0,-0.3448,-0.2951,-0.4226,0.6201,-0.3565,1,1,0,0.98,0.679,0.321,0,0,0.0
860,94.071,-3.7561,-10.42,25.6556,-0.39,-0.304,-0.4184,0.246,0.495,25.46,-4.1366,-10.7361,0.2,0.0,0.0,0.0,-0.3348,-0.2854,-0.4227,0.6101,-0.3975,1,1,0,0.98,0.68,0.32,0,0,0.0
861,94.196,-3.7639,-10.4261,25.6472,-0.3868,-0.3063,-0.4184,0.234,0.485,25.452,-4.1366,-10.7361,0.2,0.0,0.0,0.0,-0.3257,-0.2763,-0.4227,0.6009,-0.3576,1,1,0,0.98,0.68,0.32,0,0,0.0
862,94.316,-3.7715,-10.4323,25.6389,-0.3832,-0.3095,-0.4183,0.223,0.475,25.443,-4.1366,-10.7361,0.2,0.0,0.0,0.0,-0.3167,-0.2669,-0.4228,0.5919,-0.3993,1,1,0,0.98,0.679,0.321,0,0,0.0
863,94.435,-3.7791,-10.4385,25.6305,-0.3778,-0.3103,-0.4183,0.212,0.465,25.435,-4.1366,-10.7361,0.2,0.0,0.0,0.0,-0.3086,-0.2583,-0.4228,0.5837,-0.3586,1,1,0,0.98,0.68,0.32,0,0,0.0
864,94.553,-3.7865,-10.4447,25.6221,-0.3719,-0.3115,-0.4182,0.2,0.455,25.426,-4.1366,-10.7361,0.2,0.0,0.0,0.0,-0.3008,-0.2495,-0.4231,0.5759,-0.401,1,1,0,0.98,0.68,0.32,0,0,0.0
865,94.69,-3.7938,-10.4509,25.6138,-0.3641,-0.3098,-0.4184,0.189,0.446,25.418,-4.1366,-10.7361,0.2,0.0,0.0,0.0,-0.2939,-0.2419,-0.4228,0.5689,-0.3662,1,1,0,0.98,0.68,0.32,0,0,0.0
866,94.811,-3.8009,-10.4571,25.6054,-0.3558,-0.3082,-0.4182,0.178,0.436,25.409,-4.1366,-10.7361,0.2,0.0,0.0,0.0,-0.2875,-0.2343,-0.423,0.5625,-0.4092,1,1,0,0.98,0.68,0.32,0,0,0.0
867,94.93,-3.8078,-10.4632,25.597,-0.3467,-0.3038,-0.4182,0.166,0.427,25.401,-4.1366,-10.7361,0.2,0.0,0.0,0.0,-0.2816,-0.2278,-0.423,0.5569,-0.367,1,1,0,0.98,0.68,0.32,0,0,0.0
868,95.061,-3.8146,-10.4692,25.5887,-0.3382,-0.2996,-0.4187,0.155,0.418,25.392,-4.1366,-10.7361,0.2,0.0,0.0,0.0,-0.2758,-0.2214,-0.4223,0.5508,-0.4083,1,1,0,0.98,0.68,0.32,0,0,0.0
869,95.186,-3.8212,-10.475,25.5803,-0.3288,-0.2921,-0.4184,0.144,0.409,25.384,-4.1366,-10.7361,0.2,0.0,0.0,0.0,-0.2706,-0.2164,-0.4228,0.5466,-0.3744,1,1,0,0.98,0.68,0.32,0,0,0.0
870,95.302,-3.8276,-10.4807,25.5719,-0.3198,-0.2846,-0.4182,0.133,0.401,25.375,-4.1366,-10.7361,0.2,0.0,0.0,0.0,-0.2655,-0.2117,-0.423,0.5424,-0.4151,1,1,0,0.98,0.68,0.32,0,0,0.0
871,95.417,-3.8338,-10.4862,25.5636,-0.3096,-0.2746,-0.4186,0.122,0.393,25.367,-4.1366,-10.7361,0.2,0.0,0.0,0.0,-0.2611,-0.2082,-0.4223,0.5384,-0.383,1,1,0,0.98,0.68,0.32,0,0,0.0
872,95.532,-3.8398,-10.4915,25.5552,-0.2995,-0.265,-0.4193,0.111,0.385,25.358,-4.1366,-10.7361,0.2,0.0,0.0,0.0,-0.257,-0.2048,-0.4211,0.5342,-0.4139,1,1,0,0.98,0.68,0.32,0,0,0.0
873,95.648,-3.8456,-10.4966,25.5468,-0.2901,-0.2535,-0.4188,0.1,0.377,25.35,-4.1366,-10.7361,0.2,0.0,0.0,0.0,-0.2529,-0.2025,-0.422,0.532,-0.3834,1,1,0,0.98,0.68,0.32,0,0,0.0
874,95.764,-3.8512,-10.5014,25.5384,-0.2816,-0.2428,-0.4187,0.089,0.369,25.341,-4.1366,-10.7361,0.2,0.0,0.0,0.0,-0.2488,-0.2002,-0.4221,0.5293,-0.4195,1,1,0,0.98,0.681,0.319,0,0,0.0
875,95.879,-3.8566,-10.506,25.53,-0.2718,-0.2309,-0.4191,0.079,0.362,25.333,-4.1366,-10.7361,0.2,0.0,0.0,0.0,-0.2454,-0.1987,-0.4215,0.5267,-0.3809,1,1,0,0.98,0.68,0.32,0,0,0.0
876,95.995,-3.8619,-10.5105,25.5217,-0.2623,-0.2209,-0.419,0.068,0.356,25.324,-4.1366,-10.7361,0.2,0.0,0.0,0.0,-0.2422,-0.1968,-0.4217,0.5246,-0.415,1,1,0,0.98,0.682,0.318,0,0,0.0
877,96.11,-3.8669,-10.5147,25.5133,-0.2532,-0.2102,-0.419,0.058,0.349,25.316,-4.1366,-10.7361,0.2,0.0,0.0,0.0,-0.239,-0.1954,-0.4218,0.5227,-0.3663,1,1,0,0.98,0.681,0.319,0,0,0.0
878,96.224,-3.8719,-10.5187,25.5049,-0.2457,-0.2016,-0.4189,0.047,0.343,25.307,-4.1366,-10.7361,0.2,0.0,0.0,0.0,-0.2355,-0.1934,-0.4218,0.5204,-0.4011,1,1,0,0.98,0.68,0.32,0,0,0.0
879,96.344,-3.8766,-10.5225,25.4965,-0.2382,-0.1919,-0.4191,0.037,0.336,25.299,-4.1366,-10.7361,0.2,0.0,0.0,0.0,-0.2322,-0.1922,-0.4216,0.5183,-0.3796,1,1,0,0.98,0.676,0.324,0,0,0.0
