step,time_s,pos_x,pos_y,pos_z,vel_x,vel_y,vel_z,agl,dist_xy,dist_3d,target_x,target_y,target_z,plat_vel_x,plat_vel_y,plat_vel_z,cmd_vx,cmd_vy,cmd_vz,cmd_speed,cmd_yaw,landing_phase,descent_phase,assist_type,collision_risk,clutter_density,navigability,escape_active,pred_escape_active,threat_acc,terrain_id,phase_reason,rel_vx_to_pad,rel_vy_to_pad,pad_frame_dx,pad_frame_dy
0,0.0,-6.2272,7.5567,1.7763,0.0,0.0,0.0,0.071,14.518,14.603,-15.4453,18.7729,0.2,0.0,0.0,0.0,-0.048,-0.0009,0.048,0.0679,0.719,0,0,0,0.979,0.584,0.416,0,0,0.0,2,SEARCH_PHASE,0.0,0.0,9.2181,-11.2162
1,0.009,-6.2272,7.5567,1.7767,0.0,0.0,0.0186,0.071,14.518,14.604,-15.4453,18.7729,0.2,0.0,-0.0001,0.0,-0.096,-0.0028,0.096,0.1358,0.7129,0,0,0,0.978,0.579,0.421,0,0,0.0,2,SEARCH_PHASE,-0.0,0.0001,9.2181,-11.2162
2,0.018,-6.2272,7.5567,1.7776,0.0,-0.0,0.0478,0.072,14.518,14.604,-15.4453,18.7729,0.2,0.0,0.0,0.0,-0.1439,-0.005,0.144,0.2036,0.7157,0,0,0,0.978,0.573,0.427,0,0,0.0,2,SEARCH_PHASE,0.0,-0.0,9.2181,-11.2162
3,0.027,-6.2272,7.5567,1.7793,-0.0031,-0.0001,0.0844,0.074,14.518,14.604,-15.4453,18.7729,0.2,0.0,0.0,0.0,-0.1918,-0.0086,0.192,0.2715,0.6899,0,0,0,0.978,0.583,0.417,0,0,0.0,2,SEARCH_PHASE,-0.0031,-0.0001,9.2181,-11.2162
4,0.036,-6.2273,7.5567,1.7818,-0.0061,0.0001,0.1257,0.076,14.518,14.604,-15.4453,18.7729,0.2,0.0,0.0,0.0,-0.2396,-0.012,0.24,0.3394,0.7199,0,0,0,0.978,0.586,0.414,0,0,1.0,2,SEARCH_PHASE,-0.0061,0.0001,9.2179,-11.2162
5,0.045,-6.2276,7.5567,1.7852,-0.0124,-0.0013,0.17,0.079,14.518,14.604,-15.4453,18.7729,0.2,0.0,0.0,0.0,-0.2875,-0.0164,0.288,0.4072,0.6766,0,0,0,0.978,0.583,0.417,0,0,2.0,2,SEARCH_PHASE,-0.0124,-0.0013,9.2177,-11.2162
6,0.053,-6.228,7.5567,1.7896,-0.0214,-0.0009,0.2165,0.084,14.518,14.604,-15.4453,18.7729,0.2,0.0,0.0,0.0,-0.3351,-0.022,0.336,0.4751,0.7066,0,0,0,0.978,0.572,0.428,0,0,3.0,2,SEARCH_PHASE,-0.0214,-0.0009,9.2173,-11.2163
7,0.06,-6.2287,7.5566,1.7949,-0.0362,-0.0027,0.2639,0.089,14.517,14.605,-15.4453,18.7729,0.2,0.0,0.0,0.0,-0.3827,-0.0284,0.384,0.5429,0.6633,0,0,0,0.976,0.546,0.454,0,0,4.0,2,SEARCH_PHASE,-0.0362,-0.0027,9.2165,-11.2163
8,0.068,-6.2298,7.5566,1.8011,-0.0542,-0.0032,0.3124,0.095,14.517,14.605,-15.4453,18.7729,0.2,0.0,0.0,0.0,-0.4302,-0.0352,0.432,0.6107,0.6927,0,0,0,0.976,0.531,0.469,0,0,5.0,2,SEARCH_PHASE,-0.0542,-0.0032,9.2154,-11.2164
9,0.076,-6.2314,7.5564,1.8083,-0.0784,-0.0066,0.3609,0.103,14.516,14.605,-15.4453,18.7729,0.2,0.0,0.0,0.0,-0.4775,-0.0433,0.48,0.6785,0.6505,0,0,0,0.976,0.52,0.48,0,0,6.0,2,SEARCH_PHASE,-0.0784,-0.0066,9.2139,-11.2165
10,0.084,-6.2335,7.5562,1.8165,-0.1061,-0.0091,0.41,0.111,14.515,14.604,-15.4453,18.7729,0.2,0.0,0.0,0.0,-0.5248,-0.0518,0.528,0.7462,0.6792,0,0,0,0.974,0.502,0.498,0,0,7.0,2,SEARCH_PHASE,-0.1061,-0.0091,9.2118,-11.2167
11,0.092,-6.2363,7.5559,1.8257,-0.1399,-0.0149,0.4583,0.12,14.513,14.604,-15.4453,18.7729,0.2,0.0,0.0,0.0,-0.5716,-0.0621,0.576,0.8139,0.6487,0,0,0,0.974,0.507,0.493,0,0,8.0,2,SEARCH_PHASE,-0.1399,-0.0149,9.209,-11.217
12,0.1,-6.2399,7.5555,1.8358,-0.1769,-0.0204,0.5069,0.13,14.511,14.603,-15.4453,18.7729,0.2,0.0,0.0,0.0,-0.6186,-0.072,0.624,0.8816,0.6766,0,0,0,0.974,0.488,0.512,0,0,9.0,2,SEARCH_PHASE,-0.1769,-0.0204,9.2054,-11.2174
13,0.109,-6.2442,7.555,1.8469,-0.2183,-0.0286,0.5549,0.141,14.509,14.602,-15.4453,18.7729,0.2,0.0,0.0,0.0,-0.6651,-0.084,0.672,0.9492,0.6344,0,0,0,0.972,0.456,0.544,0,0,10.0,2,SEARCH_PHASE,-0.2183,-0.0286,9.2011,-11.218
14,0.116,-6.2494,7.5542,1.859,-0.2614,-0.0356,0.6031,0.153,14.506,14.6,-15.4453,18.7729,0.2,0.0,0.0,0.0,-0.7111,-0.0976,0.72,1.0167,0.662,0,0,0,0.972,0.441,0.559,0,0,11.0,2,SEARCH_PHASE,-0.2614,-0.0356,9.1958,-11.2187
15,0.125,-6.2556,7.5533,1.872,-0.3089,-0.0459,0.6503,0.166,14.503,14.599,-15.4453,18.7729,0.2,0.0,0.0,0.0,-0.7573,-0.1107,0.768,1.0842,0.6237,0,0,0,0.969,0.405,0.595,0,0,10.5,2,SEARCH_PHASE,-0.3089,-0.0459,9.1896,-11.2196
16,0.132,-6.2628,7.5522,1.8859,-0.3586,-0.0555,0.6976,0.18,14.499,14.597,-15.4453,18.7729,0.2,0.0,0.0,0.0,-0.8034,-0.1242,0.816,1.1518,0.6508,0,0,0,0.969,0.395,0.605,0,0,10.0,2,SEARCH_PHASE,-0.3586,-0.0555,9.1825,-11.2207
17,0.14,-6.271,7.5508,1.9008,-0.4115,-0.0686,0.744,0.195,14.495,14.594,-15.4453,18.7729,0.2,0.0,0.0,0.0,-0.8489,-0.1393,0.864,1.2192,0.6224,0,0,0,0.969,0.377,0.623,0,0,9.5,2,SEARCH_PHASE,-0.4115,-0.0686,9.1742,-11.2221
18,0.147,-6.2803,7.5492,1.9166,-0.4652,-0.0811,0.7908,0.211,14.49,14.592,-15.4453,18.7729,0.2,0.0,0.0,0.0,-0.863,-0.0935,0.912,1.2591,0.6493,0,0,0,0.724,0.362,0.638,0,0,9.0,2,SEARCH_PHASE,-0.4652,-0.0811,9.1649,-11.2237
19,0.155,-6.2908,7.5473,1.9333,-0.5223,-0.096,0.835,0.228,14.485,14.588,-15.4453,18.7729,0.2,0.0,0.0,0.0,-0.8771,-0.0476,0.96,1.3012,0.6286,0,0,0,0.726,0.36,0.64,0,0,8.5,2,SEARCH_PHASE,-0.5223,-0.096,9.1545,-11.2256
20,0.163,-6.3024,7.5451,1.9509,-0.5806,-0.1093,0.8783,0.245,14.48,14.585,-15.4453,18.7729,0.2,0.0,0.0,0.0,-0.8911,-0.0017,1.008,1.3454,0.6391,0,0,0,0.721,0.354,0.646,0,0,8.0,2,SEARCH_PHASE,-0.5806,-0.1093,9.1429,-11.2278
21,0.172,-6.3151,7.5427,1.9693,-0.6363,-0.1233,0.9217,0.264,14.473,14.581,-15.4453,18.7729,0.2,0.0,0.0,0.0,-0.9051,0.0443,1.056,1.3915,0.6668,0,0,0,0.722,0.353,0.647,0,0,7.5,2,SEARCH_PHASE,-0.6363,-0.1233,9.1302,-11.2303
22,0.18,-6.329,7.5399,1.9886,-0.6938,-0.1355,0.9651,0.283,14.467,14.577,-15.4453,18.7729,0.2,0.0,0.0,0.0,-0.919,0.0902,1.104,1.4393,0.6336,0,0,0,0.729,0.36,0.64,0,0,7.0,2,SEARCH_PHASE,-0.6938,-0.1355,9.1163,-11.233
23,0.188,-6.344,7.5371,2.0088,-0.7507,-0.1432,1.0095,0.303,14.46,14.572,-15.4453,18.7729,0.2,0.0,0.0,0.0,-0.9329,0.1361,1.152,1.4886,0.6542,0,0,0,0.731,0.375,0.625,0,0,5.0,2,SEARCH_PHASE,-0.7507,-0.1432,9.1013,-11.2359
24,0.195,-6.3601,7.5341,2.0299,-0.8021,-0.1487,1.0558,0.324,14.452,14.567,-15.4453,18.7729,0.2,0.0,0.0,0.0,-0.9467,0.1821,1.2,1.5393,0.6233,0,0,0,0.738,0.385,0.615,0,0,3.0,2,SEARCH_PHASE,-0.8021,-0.1487,9.0852,-11.2388
25,0.203,-6.3771,7.5311,2.052,-0.8525,-0.1496,1.1027,0.346,14.443,14.562,-15.4453,18.7729,0.2,0.0,0.0,0.0,-0.9814,0.1489,1.248,1.5946,0.643,0,0,0,0.965,0.396,0.604,0,0,1.0,2,SEARCH_PHASE,-0.8525,-0.1496,9.0682,-11.2418
26,0.211,-6.395,7.5281,2.075,-0.897,-0.1482,1.1515,0.369,14.434,14.556,-15.4453,18.7729,0.2,0.0,0.0,0.0,-1.0146,0.1143,1.296,1.6499,0.6146,0,0,0,0.965,0.387,0.613,0,0,0.0,2,SEARCH_PHASE,-0.897,-0.1482,9.0502,-11.2448
27,0.218,-6.4138,7.5253,2.099,-0.9399,-0.1421,1.2007,0.393,14.425,14.549,-15.4453,18.7729,0.2,0.0,0.0,0.0,-1.0473,0.0791,1.344,1.7057,0.632,0,0,0,0.963,0.392,0.608,0,0,0.0,2,SEARCH_PHASE,-0.9399,-0.1421,9.0314,-11.2476
28,0.226,-6.4334,7.5226,2.124,-0.9761,-0.1335,1.2502,0.418,14.415,14.543,-15.4453,18.7729,0.2,0.0,0.0,0.0,-1.0797,0.0437,1.392,1.7622,0.5876,0,0,0,0.961,0.393,0.607,0,0,0.0,2,SEARCH_PHASE,-0.9761,-0.1335,9.0119,-11.2503
29,0.234,-6.4536,7.5202,2.15,-1.0101,-0.1203,1.2989,0.444,14.404,14.535,-15.4453,18.7729,0.2,0.0,0.0,0.0,-1.1083,0.0052,1.44,1.8171,0.614,0,0,0,0.961,0.408,0.592,0,0,0.0,2,SEARCH_PHASE,-1.0101,-0.1203,8.9917,-11.2527
30,0.243,-6.4744,7.5181,2.177,-1.0421,-0.1065,1.3474,0.471,14.393,14.528,-15.4453,18.7729,0.2,0.0,0.0,0.0,-1.1395,-0.0314,1.488,1.8744,0.5641,0,0,0,0.959,0.406,0.594,0,0,0.0,2,SEARCH_PHASE,-1.0421,-0.1065,8.9709,-11.2548
31,0.251,-6.4958,7.5163,2.2049,-1.0696,-0.0889,1.3953,0.499,14.381,14.52,-15.4453,18.7729,0.2,0.0,0.0,0.0,-1.1726,-0.0661,1.536,1.9336,0.5541,0,0,0,0.956,0.403,0.597,0,0,0.0,2,SEARCH_PHASE,-1.0696,-0.0889,8.9495,-11.2566
32,0.259,-6.5177,7.5149,2.2337,-1.094,-0.072,1.4433,0.528,14.368,14.511,-15.4453,18.7729,0.2,0.0,0.0,0.0,-1.2084,-0.0981,1.584,1.9947,0.5322,0,0,0,0.953,0.402,0.598,0,0,0.0,2,SEARCH_PHASE,-1.094,-0.072,8.9276,-11.2581
33,0.267,-6.5401,7.5138,2.2636,-1.119,-0.0565,1.4912,0.558,14.355,14.503,-15.4453,18.7729,0.2,0.0,0.0,0.0,-1.2453,-0.1288,1.632,2.0569,0.5426,0,0,0,0.95,0.393,0.607,0,0,0.0,2,SEARCH_PHASE,-1.119,-0.0565,8.9052,-11.2592
34,0.275,-6.5628,7.5129,2.2944,-1.1395,-0.0439,1.5395,0.589,14.342,14.494,-15.4453,18.7729,0.2,0.0,0.0,0.0,-1.2568,-0.0821,1.68,2.0997,0.4927,0,0,0,0.735,0.374,0.626,0,0,0.0,2,SEARCH_PHASE,-1.1395,-0.0439,8.8824,-11.2601
35,0.283,-6.586,7.5122,2.3261,-1.1599,-0.0327,1.5878,0.62,14.328,14.485,-15.4453,18.7729,0.2,0.0,0.0,0.0,-1.2683,-0.0355,1.7,2.1213,0.5364,0,0,0,0.731,0.373,0.627,0,0,0.0,2,SEARCH_PHASE,-1.1599,-0.0327,8.8592,-11.2607
36,0.292,-6.6097,7.5117,2.3586,-1.1805,-0.0276,1.6256,0.653,14.314,14.476,-15.4453,18.7729,0.2,0.0,0.0,0.0,-1.2806,0.0108,1.7,2.1284,0.5179,0,0,0,0.73,0.366,0.634,0,0,0.0,2,SEARCH_PHASE,-1.1805,-0.0276,8.8356,-11.2613
37,0.299,-6.6336,7.5112,2.3916,-1.1994,-0.0237,1.6496,0.686,14.299,14.466,-15.4453,18.7729,0.2,0.0,0.0,0.0,-1.292,0.0575,1.7,2.136,0.5282,0,0,0,0.725,0.362,0.638,0,0,0.0,2,SEARCH_PHASE,-1.1994,-0.0237,8.8116,-11.2617
38,0.307,-6.6579,7.5108,2.4249,-1.2148,-0.0219,1.665,0.719,14.285,14.457,-15.4453,18.7729,0.2,0.0,0.0,0.0,-1.304,0.104,1.7,2.145,0.5639,0,0,0,0.725,0.366,0.634,0,0,0.0,2,SEARCH_PHASE,-1.2148,-0.0219,8.7873,-11.2622
39,0.315,-6.6825,7.5103,2.4584,-1.2302,-0.0207,1.6746,0.753,14.27,14.448,-15.4453,18.7729,0.2,0.0,0.0,0.0,-1.3162,0.1504,1.7,2.1553,0.5311,0,0,0,0.723,0.368,0.632,0,0,0.0,2,SEARCH_PHASE,-1.2302,-0.0207,8.7627,-11.2626
40,0.323,-6.7074,7.51,2.492,-1.2452,-0.0167,1.681,0.786,14.255,14.438,-15.4453,18.7729,0.2,0.0,0.0,0.0,-1.3309,0.1961,1.7,2.1679,0.5662,0,0,0,0.725,0.375,0.625,0,0,0.0,2,SEARCH_PHASE,-1.2452,-0.0167,8.7378,-11.2629
41,0.331,-6.7326,7.5098,2.5257,-1.2587,-0.0122,1.6855,0.82,14.24,14.428,-15.4453,18.7729,0.2,0.0,0.0,0.0,-1.3455,0.2418,1.7,2.1815,0.5528,0,0,0,0.724,0.38,0.62,0,0,0.0,2,SEARCH_PHASE,-1.2587,-0.0122,8.7127,-11.2632
42,0.341,-6.758,7.5097,2.5595,-1.2704,-0.004,1.6891,0.854,14.224,14.419,-15.4453,18.7729,0.2,0.0,0.0,0.0,-1.3629,0.2865,1.7,2.1976,0.5483,0,0,0,0.727,0.386,0.614,0,0,0.0,2,SEARCH_PHASE,-1.2704,-0.004,8.6872,-11.2633
43,0.35,-6.7837,7.5098,2.5934,-1.2828,0.0073,1.692,0.888,14.208,14.409,-15.4453,18.7729,0.2,0.0,0.0,0.0,-1.3807,0.3311,1.7,2.215,0.5513,0,0,0,0.726,0.387,0.613,0,0,0.0,2,SEARCH_PHASE,-1.2828,0.0073,8.6616,-11.2631
44,0.358,-6.8095,7.5103,2.6273,-1.2928,0.0216,1.6947,0.922,14.192,14.398,-15.4453,18.7729,0.2,0.0,0.0,0.0,-1.4023,0.374,1.7,2.2353,0.553,0,0,0,0.728,0.375,0.625,0,0,0.0,2,SEARCH_PHASE,-1.2928,0.0216,8.6357,-11.2627
45,0.366,-6.8356,7.5111,2.6612,-1.3038,0.0395,1.6973,3.253,14.176,14.388,-15.4453,18.7729,0.2,0.0,0.0,0.0,-1.425,0.4163,1.7,2.257,0.5551,0,0,0,0.728,0.375,0.625,0,0,0.0,2,SEARCH_PHASE,-1.3038,0.0395,8.6097,-11.2619
46,0.375,-6.8619,7.5123,2.6952,-1.3128,0.0615,1.6997,3.286,14.159,14.377,-15.4453,18.7729,0.2,0.0,0.0,0.0,-1.4493,0.4577,1.7,2.2803,0.5321,0,0,0,0.728,0.377,0.623,0,0,0.0,2,SEARCH_PHASE,-1.3128,0.0615,8.5834,-11.2607
47,0.384,-6.8883,7.514,2.7292,-1.3236,0.0882,1.7016,3.32,14.142,14.366,-15.4453,18.7729,0.2,0.0,0.0,0.0,-1.4727,0.4995,1.7,2.304,0.5367,0,0,0,0.726,0.38,0.62,0,0,0.0,2,SEARCH_PHASE,-1.3236,0.0882,8.5569,-11.2589
48,0.392,-6.915,7.5164,2.7633,-1.3338,0.1179,1.7036,3.354,14.124,14.354,-15.4453,18.7729,0.2,0.0,0.0,0.0,-1.4995,0.5394,1.7,2.3301,0.5284,0,0,0,0.726,0.383,0.617,0,0,0.0,2,SEARCH_PHASE,-1.3338,0.1179,8.5303,-11.2565
49,0.4,-6.942,7.5194,2.7974,-1.3467,0.1512,1.7049,3.388,14.105,14.342,-15.4453,18.7729,0.2,0.0,0.0,0.0,-1.5263,0.5793,1.7,2.3569,0.5292,0,0,0,0.725,0.375,0.625,0,0,0.0,2,SEARCH_PHASE,-1.3467,0.1512,8.5033,-11.2535
50,0.408,-6.9691,7.5232,2.8315,-1.3584,0.1878,1.7059,3.422,14.086,14.329,-15.4453,18.7729,0.2,0.0,0.0,0.0,-1.5513,0.6202,1.7,2.3835,0.5002,0,0,0,0.723,0.374,0.626,0,0,0.0,2,SEARCH_PHASE,-1.3584,0.1878,8.4762,-11.2498
51,0.416,-6.9966,7.5277,2.8656,-1.3723,0.2279,1.706,3.456,14.065,14.316,-15.4453,18.7729,0.2,0.0,0.0,0.0,-1.5801,0.6586,1.7,2.4126,0.5364,0,0,0,0.724,0.372,0.628,0,0,0.0,2,SEARCH_PHASE,-1.3723,0.2279,8.4487,-11.2452
52,0.424,-7.0243,7.5331,2.8998,-1.3872,0.2696,1.7066,3.49,14.044,14.302,-15.4453,18.7729,0.2,0.0,0.0,0.0,-1.6057,0.6992,1.7,2.4407,0.492,0,0,0,0.721,0.368,0.632,0,0,0.0,2,SEARCH_PHASE,-1.3872,0.2696,8.421,-11.2398
53,0.434,-7.0524,7.5395,2.9339,-1.4033,0.3161,1.7061,3.524,14.023,14.287,-15.4453,18.7729,0.2,0.0,0.0,0.0,-1.6346,0.7375,1.7,2.471,0.5299,0,0,0,0.721,0.373,0.627,0,0,0.0,2,SEARCH_PHASE,-1.4033,0.3161,8.3929,-11.2335
54,0.442,-7.0808,7.5467,2.968,-1.4207,0.3638,1.7057,3.558,14.0,14.271,-15.4453,18.7729,0.2,0.0,0.0,0.0,-1.6587,0.779,1.7,2.4996,0.4848,0,0,0,0.718,0.371,0.629,0,0,0.0,2,SEARCH_PHASE,-1.4207,0.3638,8.3645,-11.2262
55,0.451,-7.1096,7.555,3.0021,-1.4398,0.416,1.7037,3.592,13.976,14.254,-15.4453,18.7729,0.2,0.0,0.0,0.0,-1.6812,0.8214,1.7,2.5281,0.4811,0,0,0,0.716,0.367,0.633,0,0,0.0,2,SEARCH_PHASE,-1.4398,0.416,8.3357,-11.2179
56,0.458,-7.1388,7.5644,3.0361,-1.4608,0.4693,1.7019,3.625,13.951,14.236,-15.4453,18.7729,0.2,0.0,0.0,0.0,-1.6947,0.8675,1.7,2.5524,0.4776,0,0,0,0.711,0.363,0.637,0,0,0.0,2,SEARCH_PHASE,-1.4608,0.4693,8.3065,-11.2085
57,0.466,-7.1685,7.5749,3.0701,-1.4822,0.5234,1.7,3.659,13.925,14.218,-15.4453,18.7729,0.2,0.0,0.0,0.0,-1.7061,0.9141,1.7,2.5761,0.4752,0,0,0,0.709,0.361,0.639,0,0,0.0,2,SEARCH_PHASE,-1.4822,0.5234,8.2768,-11.198
58,0.474,-7.1986,7.5865,3.1041,-1.508,0.5783,1.6972,3.693,13.898,14.198,-15.4453,18.7729,0.2,0.0,0.0,0.0,-1.7081,0.9621,1.7,2.5948,0.4297,0,0,0,0.703,0.353,0.647,0,0,0.0,2,SEARCH_PHASE,-1.508,0.5783,8.2467,-11.1865
59,0.482,-7.2293,7.5991,3.1379,-1.5344,0.6338,1.6942,3.727,13.869,14.177,-15.4453,18.7729,0.2,0.0,0.0,0.0,-1.7093,1.01,1.7,2.6138,0.4747,0,0,0,0.701,0.356,0.644,0,0,0.0,2,SEARCH_PHASE,-1.5344,0.6338,8.216,-11.1738
60,0.489,-7.2605,7.6129,3.1718,-1.5618,0.6866,1.6916,3.761,13.84,14.155,-15.4453,18.7729,0.2,0.0,0.0,0.0,-1.7062,1.0579,1.7,2.6307,0.4397,0,0,0,0.698,0.354,0.646,0,0,0.0,2,SEARCH_PHASE,-1.5618,0.6866,8.1847,-11.1601
61,0.497,-7.2923,7.6277,3.2056,-1.59,0.7405,1.6886,3.796,13.809,14.132,-15.4453,18.7729,0.2,0.0,0.0,0.0,-1.7054,1.1059,1.7,2.6498,0.4668,0,0,0,0.697,0.349,0.651,0,0,0.0,2,SEARCH_PHASE,-1.59,0.7405,8.1529,-11.1453
62,0.505,-7.3247,7.6435,3.2393,-1.6179,0.7929,1.6862,3.831,13.777,14.108,-15.4453,18.7729,0.2,0.0,0.0,0.0,-1.6997,1.1536,1.7,2.6664,0.4194,0,0,0,0.694,0.351,0.649,0,0,0.0,2,SEARCH_PHASE,-1.6179,0.7929,8.1206,-11.1294
63,0.513,-7.3576,7.6605,3.2729,-1.6441,0.8461,1.6837,3.866,13.744,14.083,-15.4453,18.7729,0.2,0.0,0.0,0.0,-1.696,1.2015,1.7,2.6851,0.4605,0,0,0,0.693,0.345,0.655,0,0,0.0,2,SEARCH_PHASE,-1.6441,0.8461,8.0877,-11.1125
64,0.521,-7.3909,7.6784,3.3066,-1.6686,0.8969,1.6827,3.901,13.71,14.057,-15.4453,18.7729,0.2,0.0,0.0,0.0,-1.6877,1.2487,1.7,2.7014,0.4134,0,0,0,0.69,0.346,0.654,0,0,0.0,2,SEARCH_PHASE,-1.6686,0.8969,8.0543,-11.0945
65,0.529,-7.4248,7.6974,3.3402,-1.6914,0.9486,1.6817,3.936,13.675,14.031,-15.4453,18.7729,0.2,0.0,0.0,0.0,-1.6804,1.2962,1.652,2.6894,0.4485,0,0,0,0.689,0.348,0.652,0,0,0.0,2,SEARCH_PHASE,-1.6914,0.9486,8.0205,-11.0756
66,0.536,-7.459,7.7172,3.3735,-1.7103,0.9933,1.665,3.97,13.639,14.003,-15.4453,18.7729,0.2,0.0,0.0,0.0,-1.684,1.3441,1.7,2.7445,0.4498,0,0,0,0.692,0.346,0.654,0,0,0.0,2,SEARCH_PHASE,-1.7103,0.9933,7.9863,-11.0557
67,0.544,-7.4936,7.7381,3.4069,-1.7303,1.0445,1.6704,4.005,13.601,13.974,-15.4453,18.7729,0.2,0.0,0.0,0.0,-1.6887,1.3918,1.7,2.7711,0.4376,0,0,0,0.691,0.348,0.652,0,0,0.0,2,SEARCH_PHASE,-1.7303,1.0445,7.9517,-11.0348
68,0.553,-7.5285,7.7601,3.4404,-1.7449,1.0962,1.6739,4.04,13.563,13.945,-15.4453,18.7729,0.2,0.0,0.0,0.0,-1.6941,1.4395,1.7,2.7986,0.4152,0,0,0,0.69,0.348,0.652,0,0,0.0,2,SEARCH_PHASE,-1.7449,1.0962,7.9168,-11.0129
69,0.561,-7.5636,7.783,3.474,-1.7579,1.148,1.6768,4.075,13.524,13.915,-15.4453,18.7729,0.2,0.0,0.0,0.0,-1.6646,1.4774,1.652,2.7717,0.4068,0,0,0,0.685,0.341,0.659,0,0,0.0,2,SEARCH_PHASE,-1.7579,1.148,7.8816,-10.9899
70,0.569,-7.599,7.8069,3.5072,-1.7658,1.1937,1.6617,4.109,13.484,13.884,-15.4453,18.7729,0.2,0.0,0.0,0.0,-1.6345,1.5111,1.604,2.7437,0.407,0,0,0,0.683,0.342,0.658,0,0,0.0,2,SEARCH_PHASE,-1.7658,1.1937,7.8463,-10.966
71,0.576,-7.6344,7.8316,3.5399,-1.7734,1.2348,1.6347,4.142,13.443,13.852,-15.4453,18.7729,0.2,0.0,0.0,0.0,-1.6527,1.4891,1.556,2.7148,0.4277,0,0,0,0.685,0.342,0.658,0,0,0.0,2,SEARCH_PHASE,-1.7734,1.2348,7.8109,-10.9413
72,0.584,-7.67,7.857,3.5719,-1.7778,1.2727,1.5997,4.175,13.402,13.82,-15.4453,18.7729,0.2,0.0,0.0,0.0,-1.6316,1.5101,1.508,2.6864,0.3816,0,0,0,0.684,0.349,0.651,0,0,0.0,2,SEARCH_PHASE,-1.7778,1.2727,7.7753,-10.9159
73,0.592,-7.7055,7.8832,3.6031,-1.7784,1.3099,1.5601,4.207,13.36,13.787,-15.4453,18.7729,0.2,0.0,0.0,0.0,-1.6183,1.5223,1.46,2.6585,0.4013,0,0,0,0.682,0.351,0.649,0,0,0.0,2,SEARCH_PHASE,-1.7784,1.3099,7.7397,-10.8897
74,0.6,-7.7411,7.9101,3.6334,-1.7752,1.3443,1.5178,4.238,13.317,13.753,-15.4453,18.7729,0.2,0.0,0.0,0.0,-1.5871,1.5527,1.412,2.6312,0.3669,0,0,0,0.68,0.35,0.65,0,0,0.0,2,SEARCH_PHASE,-1.7752,1.3443,7.7042,-10.8628
75,0.609,-7.7764,7.9377,3.6629,-1.7694,1.3779,1.4743,4.269,13.275,13.719,-15.4453,18.7729,0.2,0.0,0.0,0.0,-1.588,1.5496,1.364,2.6045,0.4004,0,0,0,0.681,0.351,0.649,0,0,0.0,2,SEARCH_PHASE,-1.7694,1.3779,7.6688,-10.8353
76,0.618,-7.8116,7.9659,3.6915,-1.7602,1.4085,1.429,4.298,13.231,13.684,-15.4453,18.7729,0.2,0.0,0.0,0.0,-1.5567,1.579,1.316,2.5784,0.3569,0,0,0,0.678,0.349,0.651,0,0,0.0,2,SEARCH_PHASE,-1.7602,1.4085,7.6336,-10.8071
77,0.626,-7.8466,7.9946,3.7192,-1.7479,1.4392,1.3833,4.327,13.188,13.649,-15.4453,18.7729,0.2,0.0,0.0,0.0,-1.5381,1.595,1.268,2.553,0.3799,0,0,0,0.677,0.346,0.654,0,0,0.0,2,SEARCH_PHASE,-1.7479,1.4392,7.5987,-10.7783
78,0.633,-7.8812,8.024,3.7459,-1.7325,1.4675,1.3373,4.355,13.144,13.614,-15.4453,18.7729,0.2,0.0,0.0,0.0,-1.5023,1.627,1.22,2.5283,0.3327,0,0,0,0.674,0.339,0.661,0,0,0.0,2,SEARCH_PHASE,-1.7325,1.4675,7.564,-10.7489
79,0.641,-7.9155,8.0539,3.7717,-1.7149,1.4953,1.2915,4.383,13.099,13.578,-15.4453,18.7729,0.2,0.0,0.0,0.0,-1.4742,1.6502,1.172,2.504,0.3668,0,0,0,0.673,0.342,0.658,0,0,0.0,2,SEARCH_PHASE,-1.7149,1.4953,7.5297,-10.719
80,0.649,-7.9494,8.0843,3.7967,-1.6949,1.5199,1.2454,4.41,13.055,13.541,-15.4453,18.7729,0.2,0.0,0.0,0.0,-1.4548,1.6653,1.124,2.4805,0.3527,0,0,0,0.671,0.34,0.66,0,0,0.0,2,SEARCH_PHASE,-1.6949,1.5199,7.4958,-10.6886
81,0.658,-7.9829,8.1152,3.8206,-1.6728,1.5437,1.1986,4.436,13.011,13.505,-15.4453,18.7729,0.2,0.0,0.0,0.0,-1.4209,1.6923,1.076,2.4578,0.3505,0,0,0,0.668,0.339,0.661,0,0,0.0,2,SEARCH_PHASE,-1.6728,1.5437,7.4624,-10.6578
82,0.666,-8.0159,8.1465,3.8437,-1.6482,1.5668,1.1522,4.463,12.966,13.468,-15.4453,18.7729,0.2,0.0,0.0,0.0,-1.4099,1.6995,1.028,2.4358,0.3471,0,0,0,0.668,0.339,0.661,0,0,0.0,2,SEARCH_PHASE,-1.6482,1.5668,7.4294,-10.6264
83,0.674,-8.0483,8.1783,3.8658,-1.6233,1.5888,1.1051,4.489,12.921,13.431,-15.4453,18.7729,0.2,0.0,0.0,0.0,-1.3774,1.724,0.98,2.4145,0.3365,0,0,0,0.665,0.337,0.663,0,0,0.0,2,SEARCH_PHASE,-1.6233,1.5888,7.3969,-10.5947
84,0.683,-8.0802,8.2105,3.8869,-1.5958,1.6105,1.0577,4.514,12.877,13.394,-15.4453,18.7729,0.2,0.0,0.0,0.0,-1.373,1.7255,0.932,2.394,0.3526,0,0,0,0.665,0.338,0.662,0,0,0.0,2,SEARCH_PHASE,-1.5958,1.6105,7.365,-10.5624
85,0.691,-8.1116,8.2431,3.9071,-1.5683,1.6312,1.0096,4.539,12.832,13.357,-15.4453,18.7729,0.2,0.0,0.0,0.0,-1.348,1.7432,0.884,2.3743,0.3347,0,0,0,0.663,0.334,0.666,0,0,0.0,2,SEARCH_PHASE,-1.5683,1.6312,7.3337,-10.5298
86,0.699,-8.1424,8.2761,3.9263,-1.5383,1.6516,0.9609,4.562,12.787,13.319,-15.4453,18.7728,0.2,0.0003,-0.0068,0.0,-1.3308,1.7485,0.836,2.351,0.3389,0,0,0,0.661,0.334,0.666,0,0,0.0,2,SEARCH_PHASE,-1.5386,1.6584,7.3029,-10.4967
87,0.708,-8.1725,8.3096,3.9446,-1.508,1.6712,0.912,4.585,12.742,13.281,-15.4452,18.772,0.2,0.0016,-0.0383,0.0,-1.3003,1.7417,0.788,2.312,0.3086,0,0,0,0.656,0.328,0.672,0,0,0.0,2,SEARCH_PHASE,-1.5096,1.7095,7.2727,-10.4625
88,0.716,-8.2021,8.3434,3.9618,-1.4768,1.6899,0.8634,4.606,12.696,13.242,-15.4452,18.7706,0.2,0.003,-0.0715,0.0,-1.2873,1.7201,0.74,2.2723,0.3418,0,0,0,0.654,0.328,0.672,0,0,0.0,2,SEARCH_PHASE,-1.4798,1.7615,7.2431,-10.4272
89,0.724,-8.231,8.3775,3.9781,-1.4459,1.7063,0.8143,4.627,12.65,13.202,-15.4451,18.7685,0.2,0.0043,-0.1043,0.0,-1.2663,1.7046,0.692,2.2333,0.2958,0,0,0,0.649,0.32,0.68,0,0,0.0,2,SEARCH_PHASE,-1.4502,1.8106,7.2141,-10.391
90,0.732,-8.2593,8.4119,3.9934,-1.4149,1.7222,0.7652,4.646,12.603,13.162,-15.445,18.7658,0.2,0.0057,-0.1365,0.0,-1.254,1.683,0.644,2.1954,0.3125,0,0,0,0.644,0.313,0.687,0,0,0.0,2,SEARCH_PHASE,-1.4206,1.8587,7.1857,-10.3539
91,0.74,-8.287,8.4466,4.0078,-1.3832,1.735,0.7157,4.664,12.556,13.121,-15.4448,18.7624,0.2,0.007,-0.1683,0.0,-1.2449,1.6596,0.596,2.1585,0.2871,0,0,0,0.638,0.303,0.697,0,0,0.0,2,SEARCH_PHASE,-1.3901,1.9033,7.1579,-10.3158
92,0.748,-8.314,8.4815,4.0211,-1.352,1.7457,0.6673,4.678,12.508,13.079,-15.4447,18.7584,0.2,0.0083,-0.1995,0.0,-1.2428,1.6317,0.548,2.1231,0.3188,0,0,0,0.633,0.299,0.701,0,0,0.0,2,SEARCH_PHASE,-1.3603,1.9452,7.1307,-10.2769
93,0.756,-8.3404,8.5166,4.0335,-1.3211,1.7519,0.6186,4.69,12.461,13.037,-15.4445,18.7538,0.2,0.0096,-0.2303,0.0,-1.2409,1.6042,0.5,2.0888,0.3031,0,0,0,0.625,0.291,0.709,0,0,0.0,2,SEARCH_PHASE,-1.3307,1.9822,7.1041,-10.2372
94,0.763,-8.3662,8.5517,4.0449,-1.2911,1.7561,0.57,4.702,12.413,12.995,-15.4443,18.7486,0.2,0.0108,-0.2606,0.0,-1.2391,1.5769,0.452,2.0558,0.2832,0,0,0,0.614,0.293,0.707,0,0,0.0,2,SEARCH_PHASE,-1.3019,2.0167,7.078,-10.1969
95,0.771,-8.3915,8.5868,4.0553,-1.2621,1.7569,0.5226,4.713,12.365,12.952,-15.444,18.7428,0.2,0.0121,-0.2903,0.0,-1.2375,1.55,0.404,2.0241,0.3155,0,0,0,0.607,0.281,0.719,0,0,0.0,2,SEARCH_PHASE,-1.2742,2.0472,7.0525,-10.156
96,0.779,-8.4162,8.6219,4.0648,-1.2357,1.7529,0.476,4.722,12.316,12.908,-15.4438,18.7364,0.2,0.0133,-0.3196,0.0,-1.236,1.5235,0.356,1.9938,0.2914,0,0,0,0.593,0.269,0.731,0,0,0.0,2,SEARCH_PHASE,-1.249,2.0725,7.0276,-10.1145
97,0.786,-8.4404,8.6568,4.0734,-1.211,1.7458,0.4299,4.731,12.268,12.865,-15.4435,18.7294,0.2,0.0145,-0.3483,0.0,-1.2345,1.4973,0.308,1.9649,0.3294,0,0,0,0.583,0.258,0.742,0,0,0.0,2,SEARCH_PHASE,-1.2254,2.0941,7.0031,-10.0726
98,0.795,-8.4642,8.6915,4.0811,-1.189,1.7341,0.3842,4.739,12.219,12.821,-15.4432,18.7219,0.2,0.0156,-0.3766,0.0,-1.2332,1.4714,0.26,1.9374,0.2887,0,0,0,0.566,0.259,0.741,0,0,0.0,2,SEARCH_PHASE,-1.2046,2.1107,6.979,-10.0304
99,0.803,-8.4876,8.7259,4.0879,-1.1697,1.7197,0.3389,4.746,12.171,12.777,-15.4428,18.7138,0.2,0.0168,-0.4044,0.0,-1.232,1.446,0.212,1.9114,0.3309,0,0,0,0.553,0.248,0.752,0,0,0.0,2,SEARCH_PHASE,-1.1865,2.1241,6.9552,-9.9879
100,0.812,-8.5106,8.7599,4.0938,-1.1526,1.7003,0.2932,4.754,12.123,12.733,-15.4425,18.7052,0.2,0.0179,-0.4316,0.0,-1.2309,1.4209,0.164,1.887,0.3133,0,0,0,0.532,0.228,0.772,0,0,0.0,2,SEARCH_PHASE,-1.1705,2.1319,6.9318,-9.9453
101,0.82,-8.5334,8.7935,4.0987,-1.1382,1.6781,0.2471,4.761,12.074,12.688,-15.4421,18.696,0.2,0.019,-0.4584,0.0,-1.2298,1.3962,0.116,1.8642,0.3227,0,0,0,0.517,0.217,0.783,0,0,0.0,2,SEARCH_PHASE,-1.1573,2.1365,6.9087,-9.9026
102,0.828,-8.556,8.8265,4.1027,-1.128,1.6519,0.2015,4.767,12.026,12.644,-15.4417,18.6863,0.2,0.0201,-0.4847,0.0,-1.2287,1.372,0.068,1.843,0.3546,0,0,0,0.504,0.225,0.775,0,0,0.0,2,SEARCH_PHASE,-1.1481,2.1366,6.8857,-9.8598
103,0.835,-8.5784,8.859,4.1058,-1.1196,1.6226,0.1542,4.772,11.978,12.599,-15.4413,18.6761,0.2,0.0212,-0.5104,0.0,-1.2277,1.3481,0.02,1.8235,0.3168,0,0,0,0.483,0.208,0.792,0,0,0.0,2,SEARCH_PHASE,-1.1408,2.133,6.8629,-9.8172
104,0.843,-8.6006,8.8908,4.108,-1.1134,1.5921,0.1078,4.776,11.93,12.554,-15.4408,18.6654,0.2,0.0223,-0.5357,0.0,-1.2267,1.3247,-0.028,1.8057,0.3511,0,0,0,0.47,0.194,0.806,0,0,0.0,2,SEARCH_PHASE,-1.1357,2.1279,6.8402,-9.7746
105,0.851,-8.6228,8.922,4.1092,-1.1093,1.5587,0.0602,4.779,11.883,12.509,-15.4403,18.6542,0.2,0.0233,-0.5605,0.0,-1.2258,1.3017,-0.076,1.7896,0.3443,0,0,0,0.456,0.185,0.815,0,0,0.0,2,SEARCH_PHASE,-1.1326,2.1192,6.8175,-9.7322
106,0.858,-8.645,8.9525,4.1094,-1.1077,1.5242,0.0122,4.781,11.835,12.464,-15.4399,18.6425,0.2,0.0243,-0.5848,0.0,-1.2248,1.2791,-0.124,1.7753,0.3697,0,0,0,0.449,0.176,0.824,0,0,0.0,2,SEARCH_PHASE,-1.132,2.109,6.7949,-9.6901
107,0.866,-8.6671,8.9822,4.1087,-1.1077,1.4885,-0.0359,4.782,11.788,12.419,-15.4394,18.6303,0.2,0.0253,-0.6085,0.0,-1.2239,1.257,-0.172,1.7628,0.3268,0,0,0,0.432,0.185,0.815,0,0,0.0,2,SEARCH_PHASE,-1.1329,2.0971,6.7722,-9.6481
108,0.874,-8.6893,9.0113,4.107,-1.1096,1.4534,-0.0841,4.782,11.74,12.374,-15.4388,18.6177,0.2,0.0262,-0.6318,0.0,-1.223,1.2353,-0.22,1.7521,0.3581,0,0,0,0.424,0.192,0.808,0,0,0.0,2,SEARCH_PHASE,-1.1358,2.0852,6.7495,-9.6064
109,0.882,-8.7116,9.0396,4.1044,-1.1127,1.4163,-0.133,4.781,11.693,12.328,-15.4383,18.6046,0.2,0.0272,-0.6546,0.0,-1.222,1.2141,-0.268,1.7433,0.3639,0,0,0,0.422,0.182,0.818,0,0,0.0,2,SEARCH_PHASE,-1.1399,2.0709,6.7267,-9.565
110,0.89,-8.7339,9.0672,4.1007,-1.1176,1.3794,-0.1823,4.779,11.647,12.283,-15.4377,18.5911,0.2,0.0281,-0.6769,0.0,-1.221,1.1933,-0.316,1.7363,0.3493,0,0,0,0.411,0.179,0.821,0,0,0.0,2,SEARCH_PHASE,-1.1458,2.0562,6.7038,-9.5239
111,0.899,-8.7564,9.0941,4.0961,-1.1224,1.3432,-0.2317,4.775,11.6,12.237,-15.4371,18.5771,0.2,0.029,-0.6986,0.0,-1.2201,1.173,-0.364,1.7312,0.3601,0,0,0,0.414,0.183,0.817,0,0,0.0,2,SEARCH_PHASE,-1.1514,2.0418,6.6808,-9.483
112,0.907,-8.779,9.1202,4.0905,-1.1293,1.3069,-0.2808,4.771,11.554,12.191,-15.4365,18.5627,0.2,0.0299,-0.7199,0.0,-1.2191,1.1531,-0.412,1.7279,0.3745,0,0,0,0.417,0.186,0.814,0,0,0.0,2,SEARCH_PHASE,-1.1592,2.0268,6.6576,-9.4425
113,0.914,-8.8017,9.1456,4.0839,-1.1361,1.2715,-0.3304,4.765,11.507,12.145,-15.4359,18.5479,0.2,0.0308,-0.7407,0.0,-1.218,1.1337,-0.46,1.7264,0.363,0,0,0,0.425,0.178,0.822,0,0,0.0,2,SEARCH_PHASE,-1.1668,2.0121,6.6343,-9.4023
114,0.922,-8.8246,9.1704,4.0763,-1.1441,1.2375,-0.379,4.758,11.461,12.099,-15.4353,18.5327,0.2,0.0316,-0.761,0.0,-1.217,1.1148,-0.508,1.7268,0.3656,0,0,0,0.431,0.183,0.817,0,0,0.0,2,SEARCH_PHASE,-1.1757,1.9985,6.6107,-9.3623
115,0.93,-8.8476,9.1945,4.0677,-1.1517,1.2048,-0.4273,4.751,11.415,12.052,-15.4346,18.5171,0.2,0.0324,-0.7808,0.0,-1.2159,1.0963,-0.556,1.729,0.366,0,0,0,0.443,0.189,0.811,0,0,0.0,2,SEARCH_PHASE,-1.1841,1.9856,6.5871,-9.3226
116,0.937,-8.8708,9.218,4.0582,-1.1598,1.1736,-0.4754,4.742,11.369,12.006,-15.434,18.5011,0.2,0.0332,-0.8,0.0,-1.2148,1.0782,-0.604,1.733,0.3523,0,0,0,0.444,0.189,0.811,0,0,0.0,2,SEARCH_PHASE,-1.193,1.9736,6.5632,-9.2831
117,0.945,-8.8941,9.2408,4.0478,-1.1667,1.1441,-0.524,4.732,11.323,11.959,-15.4333,18.4847,0.2,0.034,-0.8188,0.0,-1.2137,1.0606,-0.652,1.7387,0.3656,0,0,0,0.456,0.196,0.804,0,0,0.0,2,SEARCH_PHASE,-1.2007,1.9629,6.5392,-9.2438
118,0.952,-8.9176,9.2631,4.0363,-1.1748,1.1154,-0.5719,4.721,11.277,11.912,-15.4326,18.4679,0.2,0.0348,-0.8371,0.0,-1.2126,1.0435,-0.7,1.7462,0.3689,0,0,0,0.464,0.2,0.8,0,0,0.0,2,SEARCH_PHASE,-1.2096,1.9525,6.515,-9.2048
119,0.96,-8.9412,9.2849,4.0239,-1.1817,1.0884,-0.6201,4.71,11.231,11.864,-15.4319,18.4508,0.2,0.0355,-0.8549,0.0,-1.2115,1.0268,-0.748,1.7554,0.3773,0,0,0,0.48,0.213,0.787,0,0,0.0,2,SEARCH_PHASE,-1.2172,1.9433,6.4906,-9.1659
120,0.968,-8.965,9.3062,4.0106,-1.1892,1.0632,-0.6674,4.697,11.186,11.817,-15.4312,18.4334,0.2,0.0362,-0.8722,0.0,-1.2103,1.0106,-0.796,1.7663,0.3598,0,0,0,0.486,0.218,0.782,0,0,0.0,2,SEARCH_PHASE,-1.2254,1.9354,6.4661,-9.1272
121,0.977,-8.9889,9.327,3.9963,-1.1951,1.0406,-0.7145,4.683,11.14,11.769,-15.4304,18.4156,0.2,0.0369,-0.889,0.0,-1.2092,0.9948,-0.844,1.7788,0.3651,0,0,0,0.5,0.232,0.768,0,0,0.0,2,SEARCH_PHASE,-1.232,1.9295,6.4415,-9.0886
122,0.986,-9.013,9.3474,3.981,-1.2012,1.0196,-0.7619,4.668,11.094,11.721,-15.4297,18.3975,0.2,0.0376,-0.9053,0.0,-1.208,0.9794,-0.892,1.7928,0.3517,0,0,0,0.505,0.225,0.775,0,0,0.0,2,SEARCH_PHASE,-1.2388,1.9249,6.4167,-9.0501
123,0.994,-9.0371,9.3674,3.9648,-1.2053,1.0009,-0.8094,4.653,11.048,11.672,-15.4289,18.3791,0.2,0.0383,-0.921,0.0,-1.2069,0.9645,-0.94,1.8084,0.3678,0,0,0,0.519,0.229,0.771,0,0,0.0,2,SEARCH_PHASE,-1.2436,1.9219,6.3919,-9.0117
124,1.003,-9.0613,9.3871,3.9477,-1.2098,0.9833,-0.8561,4.636,11.003,11.623,-15.4281,18.3604,0.2,0.0389,-0.9363,0.0,-1.2057,0.95,-0.988,1.8255,0.3569,0,0,0,0.525,0.234,0.766,0,0,0.0,2,SEARCH_PHASE,-1.2487,1.9196,6.3669,-8.9733
125,1.011,-9.0855,9.4064,3.9297,-1.2123,0.9679,-0.9032,4.618,10.957,11.574,-15.4273,18.3413,0.2,0.0395,-0.9511,0.0,-1.2046,0.9359,-1.036,1.844,0.3542,0,0,0,0.533,0.238,0.762,0,0,0.0,2,SEARCH_PHASE,-1.2518,1.919,6.3418,-8.9349
126,1.019,-9.1098,9.4255,3.9107,-1.215,0.9537,-0.9501,4.6,10.911,11.525,-15.4265,18.322,0.2,0.0401,-0.9654,0.0,-1.2034,0.9223,-1.084,1.8639,0.3428,0,0,0,0.535,0.241,0.759,0,0,0.0,2,SEARCH_PHASE,-1.2551,1.9192,6.3167,-8.8965
127,1.026,-9.1341,9.4443,3.8907,-1.216,0.9407,-0.9971,4.58,10.865,11.475,-15.4257,18.3024,0.2,0.0407,-0.9792,0.0,-1.2023,0.9091,-1.132,1.8851,0.3583,0,0,0,0.544,0.25,0.75,0,0,0.0,2,SEARCH_PHASE,-1.2567,1.9199,6.2916,-8.8581
128,1.033,-9.1585,9.4629,3.8698,-1.2175,0.928,-1.0443,4.559,10.819,11.425,-15.4249,18.2826,0.2,0.0412,-0.9925,0.0,-1.2012,0.8963,-1.18,1.9075,0.347,0,0,0,0.547,0.25,0.75,0,0,0.0,2,SEARCH_PHASE,-1.2587,1.9205,6.2664,-8.8197
129,1.041,-9.1828,9.4812,3.848,-1.2171,0.9165,-1.0915,4.538,10.773,11.374,-15.4241,18.2625,0.2,0.0418,-1.0053,0.0,-1.2001,0.884,-1.228,1.9312,0.3626,0,0,0,0.557,0.257,0.743,0,0,0.0,2,SEARCH_PHASE,-1.2588,1.9218,6.2413,-8.7813
130,1.048,-9.2072,9.4993,3.8252,-1.2168,0.9055,-1.1387,4.515,10.727,11.323,-15.4232,18.2421,0.2,0.0423,-1.0176,0.0,-1.199,0.872,-1.276,1.9561,0.3514,0,0,0,0.561,0.262,0.738,0,0,0.0,2,SEARCH_PHASE,-1.2591,1.9231,6.2161,-8.7428
131,1.056,-9.2314,9.5172,3.8015,-1.2144,0.8958,-1.1863,4.491,10.681,11.272,-15.4224,18.2216,0.2,0.0428,-1.0294,0.0,-1.198,0.8605,-1.324,1.9821,0.3389,0,0,0,0.565,0.265,0.735,0,0,0.0,2,SEARCH_PHASE,-1.2572,1.9252,6.1909,-8.7043
132,1.063,-9.2557,9.535,3.7768,-1.2119,0.8867,-1.2344,4.466,10.635,11.221,-15.4215,18.2007,0.2,0.0432,-1.0407,0.0,-1.197,0.8494,-1.372,2.0091,0.3591,0,0,0,0.57,0.271,0.729,0,0,0.0,2,SEARCH_PHASE,-1.2551,1.9274,6.1658,-8.6658
133,1.071,-9.2798,9.5525,3.7512,-1.2082,0.8772,-1.2815,4.44,10.59,11.169,-15.4206,18.1797,0.2,0.0437,-1.0515,0.0,-1.196,0.8387,-1.42,2.0372,0.3223,0,0,0,0.569,0.267,0.733,0,0,0.0,2,SEARCH_PHASE,-1.2518,1.9287,6.1408,-8.6272
134,1.079,-9.3039,9.5699,3.7246,-1.2044,0.8685,-1.3288,4.414,10.544,11.117,-15.4198,18.1585,0.2,0.0441,-1.0618,0.0,-1.1951,0.8284,-1.468,2.0663,0.3569,0,0,0,0.573,0.273,0.727,0,0,0.0,2,SEARCH_PHASE,-1.2485,1.9303,6.1158,-8.5886
135,1.087,-9.3279,9.587,3.6971,-1.2001,0.8584,-1.3765,4.386,10.498,11.065,-15.4189,18.137,0.2,0.0445,-1.0716,0.0,-1.1942,0.8185,-1.5,2.0847,0.3337,0,0,0,0.572,0.271,0.729,0,0,0.0,2,SEARCH_PHASE,-1.2446,1.93,6.0909,-8.55
136,1.095,-9.3518,9.604,3.6687,-1.1958,0.8485,-1.418,4.355,10.452,11.012,-15.418,18.1154,0.2,0.0449,-1.0809,0.0,-1.1933,0.8091,-1.5,2.0805,0.3691,0,0,0,0.577,0.279,0.721,0,0,0.0,2,SEARCH_PHASE,-1.2407,1.9294,6.0661,-8.5114
137,1.103,-9.3757,9.6208,3.6398,-1.1913,0.8371,-1.4441,4.324,10.406,10.96,-15.4171,18.0936,0.2,0.0453,-1.0897,0.0,-1.1924,0.8001,-1.5,2.0765,0.3271,0,0,0,0.576,0.276,0.724,0,0,0.0,2,SEARCH_PHASE,-1.2365,1.9268,6.0414,-8.4729
138,1.111,-9.3994,9.6373,3.6106,-1.1874,0.8267,-1.4604,4.292,10.36,10.907,-15.4161,18.0717,0.2,0.0456,-1.098,0.0,-1.1916,0.7914,-1.5,2.0728,0.3652,0,0,0,0.58,0.279,0.721,0,0,0.0,2,SEARCH_PHASE,-1.233,1.9247,6.0167,-8.4344
139,1.119,-9.4231,9.6536,3.5812,-1.1833,0.8145,-1.4708,4.26,10.315,10.855,-15.4152,18.0496,0.2,0.0458,-1.1015,0.0,-1.191,0.7869,-1.5,2.0707,0.3266,0,0,0,0.58,0.28,0.72,0,0,0.0,2,SEARCH_PHASE,-1.2291,1.916,5.9921,-8.3961
140,1.127,-9.4467,9.6696,3.5517,-1.18,0.8036,-1.4772,4.229,10.27,10.803,-15.4143,18.0276,0.2,0.0458,-1.1015,0.0,-1.1904,0.7854,-1.5,2.0698,0.3656,0,0,0,0.584,0.284,0.716,0,0,0.0,2,SEARCH_PHASE,-1.2258,1.9051,5.9676,-8.358
141,1.135,-9.4702,9.6855,3.522,-1.1763,0.791,-1.4816,4.197,10.225,10.751,-15.4134,18.0056,0.2,0.0458,-1.1015,0.0,-1.1899,0.7839,-1.5,2.0689,0.3385,0,0,0,0.585,0.285,0.715,0,0,0.0,2,SEARCH_PHASE,-1.222,1.8925,5.9432,-8.3201
142,1.143,-9.4937,9.7011,3.4924,-1.1731,0.7798,-1.4842,4.165,10.18,10.699,-15.4125,17.9835,0.2,0.0458,-1.1015,0.0,-1.1893,0.7824,-1.5,2.068,0.3777,0,0,0,0.592,0.288,0.712,0,0,0.0,2,SEARCH_PHASE,-1.2188,1.8813,5.9188,-8.2825
143,1.151,-9.5171,9.7164,3.4626,-1.1695,0.768,-1.4858,4.133,10.135,10.648,-15.4116,17.9615,0.2,0.0458,-1.1015,0.0,-1.1888,0.7809,-1.5,2.0671,0.3328,0,0,0,0.592,0.287,0.713,0,0,0.0,2,SEARCH_PHASE,-1.2153,1.8695,5.8945,-8.2451
144,1.159,-9.5404,9.7316,3.4329,-1.1667,0.7586,-1.4869,4.101,10.091,10.596,-15.4107,17.9395,0.2,0.0458,-1.1015,0.0,-1.1882,0.7794,-1.5,2.0662,0.372,0,0,0,0.598,0.283,0.717,0,0,0.0,2,SEARCH_PHASE,-1.2124,1.8601,5.8703,-8.2079
145,1.166,-9.5637,9.7466,3.4031,-1.1634,0.7482,-1.4876,4.069,10.047,10.545,-15.4097,17.9175,0.2,0.0458,-1.1015,0.0,-1.1876,0.778,-1.5,2.0654,0.3352,0,0,0,0.598,0.286,0.714,0,0,0.0,2,SEARCH_PHASE,-1.2091,1.8497,5.8461,-8.1709
146,1.174,-9.5869,9.7614,3.3734,-1.1607,0.7399,-1.488,4.038,10.003,10.494,-15.4088,17.8954,0.2,0.0458,-1.1015,0.0,-1.1871,0.7765,-1.5,2.0645,0.3742,0,0,0,0.604,0.289,0.711,0,0,0.0,2,SEARCH_PHASE,-1.2065,1.8414,5.8219,-8.1341
147,1.181,-9.61,9.776,3.3436,-1.158,0.7309,-1.4882,4.006,9.959,10.443,-15.4079,17.8734,0.2,0.0458,-1.1015,0.0,-1.1865,0.7751,-1.5,2.0636,0.3355,0,0,0,0.606,0.29,0.71,0,0,0.0,2,SEARCH_PHASE,-1.2037,1.8324,5.7979,-8.0974
148,1.189,-9.6332,9.7905,3.3139,-1.1562,0.7242,-1.4882,3.974,9.915,10.393,-15.407,17.8514,0.2,0.0458,-1.1015,0.0,-1.1859,0.7737,-1.5,2.0627,0.3743,0,0,0,0.612,0.294,0.706,0,0,0.0,2,SEARCH_PHASE,-1.202,1.8257,5.7738,-8.0609
149,1.198,-9.6562,9.8048,3.2841,-1.1541,0.7168,-1.4882,3.942,9.872,10.342,-15.4061,17.8293,0.2,0.0458,-1.1015,0.0,-1.1853,0.7722,-1.5,2.0619,0.3292,0,0,0,0.613,0.294,0.706,0,0,0.0,2,SEARCH_PHASE,-1.1999,1.8184,5.7498,-8.0245
150,1.206,-9.6793,9.819,3.2543,-1.1528,0.7119,-1.4882,3.91,9.828,10.292,-15.4052,17.8073,0.2,0.0458,-1.1015,0.0,-1.1847,0.7708,-1.5,2.061,0.3678,0,0,0,0.618,0.3,0.7,0,0,0.0,2,SEARCH_PHASE,-1.1985,1.8134,5.7259,-7.9883
151,1.214,-9.7023,9.8332,3.2246,-1.1509,0.706,-1.4883,3.879,9.785,10.242,-15.4043,17.7853,0.2,0.0458,-1.1015,0.0,-1.1841,0.7694,-1.5,2.0601,0.3436,0,0,0,0.622,0.3,0.7,0,0,0.0,2,SEARCH_PHASE,-1.1967,1.8075,5.7019,-7.9521
152,1.221,-9.7253,9.8472,3.1948,-1.1498,0.702,-1.4881,3.847,9.742,10.192,-15.4033,17.7632,0.2,0.0458,-1.1015,0.0,-1.1836,0.768,-1.5,2.0593,0.382,0,0,0,0.631,0.31,0.69,0,0,0.0,2,SEARCH_PHASE,-1.1955,1.8035,5.678,-7.916
153,1.229,-9.7483,9.8612,3.165,-1.1485,0.6983,-1.4878,3.815,9.699,10.142,-15.4024,17.7412,0.2,0.0458,-1.1015,0.0,-1.183,0.7666,-1.5,2.0584,0.3369,0,0,0,0.633,0.312,0.688,0,0,0.0,2,SEARCH_PHASE,-1.1942,1.7998,5.6541,-7.8801
154,1.237,-9.7712,9.8751,3.1353,-1.1481,0.6978,-1.4876,3.784,9.656,10.092,-15.4015,17.7192,0.2,0.0458,-1.1015,0.0,-1.1824,0.7652,-1.5,2.0576,0.375,0,0,0,0.642,0.313,0.687,0,0,0.0,2,SEARCH_PHASE,-1.1939,1.7994,5.6303,-7.8441
155,1.244,-9.7942,9.8891,3.1055,-1.1476,0.6972,-1.4874,3.754,9.612,10.042,-15.4006,17.6972,0.2,0.0458,-1.1015,0.0,-1.1818,0.7638,-1.5,2.0567,0.33,0,0,0,0.644,0.318,0.682,0,0,0.0,2,SEARCH_PHASE,-1.1934,1.7987,5.6064,-7.8081
156,1.251,-9.8172,9.903,3.0758,-1.148,0.6994,-1.4873,3.725,9.569,9.992,-15.3997,17.6751,0.2,0.0458,-1.1015,0.0,-1.1812,0.7624,-1.5,2.0558,0.3678,0,0,0,0.652,0.321,0.679,0,0,0.0,2,SEARCH_PHASE,-1.1937,1.8009,5.5825,-7.7721
157,1.259,-9.8401,9.9171,3.0461,-1.1481,0.7011,-1.4872,3.695,9.526,9.942,-15.3988,17.6531,0.2,0.0458,-1.1015,0.0,-1.1806,0.761,-1.5,2.055,0.3229,0,0,0,0.653,0.325,0.675,0,0,0.0,2,SEARCH_PHASE,-1.1938,1.8026,5.5586,-7.736
158,1.267,-9.8631,9.9312,3.0163,-1.149,0.7051,-1.4872,3.666,9.483,9.892,-15.3978,17.6311,0.2,0.0458,-1.1015,0.0,-1.1801,0.7595,-1.452,2.0194,0.3603,0,0,0,0.66,0.33,0.67,0,0,0.0,2,SEARCH_PHASE,-1.1947,1.8066,5.5347,-7.6999
159,1.275,-9.8861,9.9453,2.9869,-1.1499,0.7086,-1.4701,3.637,9.439,9.842,-15.3969,17.609,0.2,0.0458,-1.1015,0.0,-1.1795,0.7581,-1.404,1.9842,0.3178,0,0,0,0.66,0.328,0.672,0,0,0.0,2,SEARCH_PHASE,-1.1956,1.8101,5.5108,-7.6637
160,1.284,-9.9091,9.9596,2.9581,-1.1518,0.7147,-1.4411,3.608,9.396,9.792,-15.396,17.587,0.2,0.0458,-1.1015,0.0,-1.179,0.7567,-1.356,1.9497,0.3611,0,0,0,0.666,0.333,0.667,0,0,0.0,2,SEARCH_PHASE,-1.1976,1.8162,5.4869,-7.6274
161,1.292,-9.9322,9.974,2.93,-1.1534,0.7194,-1.4051,3.581,9.352,9.743,-15.3951,17.565,0.2,0.0458,-1.1015,0.0,-1.1784,0.7552,-1.308,1.9157,0.3155,0,0,0,0.665,0.33,0.67,0,0,0.0,2,SEARCH_PHASE,-1.1992,1.8209,5.4629,-7.5909
162,1.301,-9.9553,9.9886,2.9027,-1.156,0.7264,-1.3649,3.554,9.309,9.693,-15.3942,17.5429,0.2,0.0458,-1.1015,0.0,-1.1779,0.7538,-1.26,1.8823,0.3598,0,0,0,0.67,0.336,0.664,0,0,0.0,2,SEARCH_PHASE,-1.2018,1.8279,5.4389,-7.5544
163,1.309,-9.9785,10.0032,2.8762,-1.158,0.7312,-1.322,3.527,9.265,9.644,-15.3933,17.5209,0.2,0.0458,-1.1015,0.0,-1.1773,0.7523,-1.212,1.8496,0.3132,0,0,0,0.669,0.331,0.669,0,0,0.0,2,SEARCH_PHASE,-1.2038,1.8327,5.4148,-7.5177
164,1.317,-10.0017,10.0179,2.8507,-1.1609,0.7379,-1.2773,3.502,9.221,9.594,-15.3924,17.4989,0.2,0.0458,-1.1015,0.0,-1.1768,0.7508,-1.164,1.8175,0.3579,0,0,0,0.673,0.337,0.663,0,0,0.0,2,SEARCH_PHASE,-1.2067,1.8394,5.3907,-7.4809
165,1.325,-10.025,10.0328,2.8261,-1.1631,0.7418,-1.2315,3.478,9.177,9.545,-15.3914,17.4768,0.2,0.0458,-1.1015,0.0,-1.1763,0.7493,-1.116,1.7862,0.3107,0,0,0,0.67,0.33,0.67,0,0,0.0,2,SEARCH_PHASE,-1.2088,1.8433,5.3665,-7.4441
166,1.332,-10.0483,10.0477,2.8024,-1.1661,0.7471,-1.1851,3.455,9.133,9.496,-15.3905,17.4548,0.2,0.0458,-1.1015,0.0,-1.1757,0.7478,-1.068,1.7556,0.3556,0,0,0,0.673,0.334,0.666,0,0,0.0,2,SEARCH_PHASE,-1.2118,1.8486,5.3422,-7.4071
167,1.339,-10.0716,10.0627,2.7796,-1.1683,0.749,-1.1382,3.432,9.088,9.447,-15.3896,17.4328,0.2,0.0458,-1.1015,0.0,-1.1752,0.7463,-1.02,1.7258,0.313,0,0,0,0.671,0.331,0.669,0,0,0.0,2,SEARCH_PHASE,-1.214,1.8505,5.318,-7.3701
168,1.347,-10.0951,10.0777,2.7578,-1.1712,0.7517,-1.091,3.411,9.044,9.399,-15.3887,17.4108,0.2,0.0458,-1.1015,0.0,-1.1747,0.7448,-0.972,1.6969,0.358,0,0,0,0.674,0.332,0.668,0,0,0.0,2,SEARCH_PHASE,-1.2169,1.8532,5.2936,-7.333
169,1.356,-10.1185,10.0927,2.7369,-1.1731,0.7511,-1.0436,3.39,9.0,9.351,-15.3878,17.3887,0.2,0.0458,-1.1015,0.0,-1.1742,0.7433,-0.924,1.6688,0.3176,0,0,0,0.672,0.33,0.67,0,0,0.0,2,SEARCH_PHASE,-1.2188,1.8526,5.2692,-7.296
170,1.363,-10.142,10.1078,2.717,-1.1754,0.7513,-0.9961,3.37,8.955,9.302,-15.3869,17.3667,0.2,0.0458,-1.1015,0.0,-1.1736,0.7418,-0.876,1.6417,0.3627,0,0,0,0.675,0.335,0.665,0,0,0.0,2,SEARCH_PHASE,-1.2211,1.8528,5.2448,-7.2589
171,1.371,-10.1656,10.1227,2.698,-1.1763,0.7483,-0.9485,3.352,8.911,9.255,-15.3859,17.3447,0.2,0.0458,-1.1015,0.0,-1.1731,0.7404,-0.828,1.6155,0.3144,0,0,0,0.672,0.332,0.668,0,0,0.0,2,SEARCH_PHASE,-1.222,1.8498,5.2204,-7.2219
172,1.379,-10.1891,10.1377,2.68,-1.1772,0.7464,-0.9008,3.333,8.867,9.207,-15.385,17.3226,0.2,0.0458,-1.1015,0.0,-1.1725,0.7389,-0.78,1.5903,0.3597,0,0,0,0.675,0.332,0.668,0,0,0.0,2,SEARCH_PHASE,-1.2229,1.8479,5.1959,-7.185
173,1.387,-10.2126,10.1525,2.6629,-1.1766,0.7408,-0.8535,3.314,8.823,9.16,-15.3841,17.3006,0.2,0.0458,-1.1015,0.0,-1.172,0.7374,-0.732,1.5662,0.3482,0,0,0,0.676,0.334,0.666,0,0,0.0,2,SEARCH_PHASE,-1.2224,1.8424,5.1715,-7.1481
174,1.395,-10.2362,10.1672,2.6468,-1.176,0.7358,-0.8061,3.296,8.779,9.113,-15.3832,17.2786,0.2,0.0458,-1.1015,0.0,-1.1715,0.7358,-0.684,1.5433,0.3783,0,0,0,0.681,0.337,0.663,0,0,0.0,2,SEARCH_PHASE,-1.2218,1.8374,5.147,-7.1114
175,1.403,-10.2597,10.1818,2.6317,-1.1743,0.7304,-0.7582,3.278,8.735,9.067,-15.3823,17.2565,0.2,0.0458,-1.1015,0.0,-1.1709,0.7345,-0.636,1.5215,0.328,0,0,0,0.679,0.336,0.664,0,0,0.0,2,SEARCH_PHASE,-1.22,1.8319,5.1226,-7.0747
176,1.411,-10.2831,10.1964,2.6174,-1.1736,0.7273,-0.7104,3.262,8.691,9.021,-15.3814,17.2345,0.2,0.0458,-1.1015,0.0,-1.1704,0.7329,-0.588,1.5009,0.3725,0,0,0,0.683,0.337,0.663,0,0,0.0,2,SEARCH_PHASE,-1.2194,1.8289,5.0983,-7.0382
177,1.419,-10.3066,10.2108,2.6042,-1.1726,0.7218,-0.6627,3.246,8.647,8.975,-15.3805,17.2125,0.2,0.0458,-1.1015,0.0,-1.1697,0.7316,-0.54,1.4816,0.3291,0,0,0,0.681,0.336,0.664,0,0,0.0,2,SEARCH_PHASE,-1.2183,1.8233,5.0739,-7.0017
178,1.427,-10.33,10.2252,2.5919,-1.1726,0.7182,-0.615,3.232,8.603,8.929,-15.3795,17.1905,0.2,0.0458,-1.1015,0.0,-1.1703,0.7293,-0.492,1.4641,0.3733,0,0,0,0.685,0.339,0.661,0,0,0.0,2,SEARCH_PHASE,-1.2183,1.8197,5.0495,-6.9653
179,1.434,-10.3535,10.2394,2.5805,-1.1718,0.7122,-0.5673,3.218,8.559,8.884,-15.3786,17.1684,0.2,0.0458,-1.1015,0.0,-1.1686,0.7287,-0.444,1.447,0.323,0,0,0,0.683,0.337,0.663,0,0,0.0,2,SEARCH_PHASE,-1.2175,1.8137,5.0252,-6.929
180,1.442,-10.3769,10.2536,2.5702,-1.1717,0.7083,-0.5196,3.205,8.516,8.84,-15.3777,17.1464,0.2,0.0458,-1.1015,0.0,-1.1685,0.7269,-0.396,1.432,0.3671,0,0,0,0.686,0.338,0.662,0,0,0.0,2,SEARCH_PHASE,-1.2174,1.8098,5.0008,-6.8928
181,1.449,-10.4003,10.2676,2.5607,-1.1707,0.7016,-0.4721,3.193,8.472,8.795,-15.3768,17.1244,0.2,0.0458,-1.1015,0.0,-1.1692,0.7246,-0.348,1.4188,0.3441,0,0,0,0.688,0.343,0.657,0,0,0.0,2,SEARCH_PHASE,-1.2165,1.8031,4.9765,-6.8568
182,1.458,-10.4237,10.2815,2.5522,-1.1704,0.6964,-0.4244,3.183,8.429,8.751,-15.3759,17.1023,0.2,0.0458,-1.1015,0.0,-1.175,0.7185,-0.3,1.4095,0.3767,0,0,0,0.692,0.348,0.652,0,0,0.0,2,SEARCH_PHASE,-1.2161,1.7979,4.9522,-6.8208
183,1.467,-10.4471,10.2953,2.5447,-1.1679,0.6906,-0.3766,3.173,8.386,8.707,-15.375,17.0803,0.2,0.0458,-1.1015,0.0,-1.1715,0.7192,-0.252,1.3976,0.3293,0,0,0,0.692,0.348,0.652,0,0,0.0,2,SEARCH_PHASE,-1.2136,1.7921,4.9279,-6.785
184,1.475,-10.4704,10.3091,2.5381,-1.1653,0.6874,-0.3288,3.164,8.343,8.664,-15.3741,17.0583,0.2,0.0458,-1.1015,0.0,-1.178,0.7125,-0.204,1.3918,0.3735,0,0,0,0.695,0.351,0.649,0,0,0.0,2,SEARCH_PHASE,-1.211,1.789,4.9037,-6.7492
185,1.484,-10.4936,10.3227,2.5325,-1.1617,0.6824,-0.281,3.156,8.299,8.621,-15.3731,17.0362,0.2,0.0458,-1.1015,0.0,-1.1721,0.7151,-0.156,1.3818,0.323,0,0,0,0.693,0.35,0.65,0,0,0.0,2,SEARCH_PHASE,-1.2074,1.7839,4.8795,-6.7135
186,1.493,-10.5168,10.3363,2.5278,-1.1585,0.6798,-0.2333,3.149,8.259,8.581,-15.3724,17.0178,0.2,0.0383,-0.9229,0.0,-1.1758,0.7629,-0.108,1.4058,0.3671,0,0,0,0.696,0.351,0.649,0,0,0.0,2,SEARCH_PHASE,-1.1968,1.6027,4.8556,-6.6815
187,1.501,-10.5399,10.3498,2.5241,-1.1542,0.6748,-0.1859,3.143,8.22,8.542,-15.3716,16.9999,0.2,0.0371,-0.8938,0.0,-1.1819,0.8105,-0.06,1.4344,0.366,0,0,0,0.699,0.353,0.647,0,0,0.0,2,SEARCH_PHASE,-1.1913,1.5686,4.8318,-6.6501
188,1.509,-10.5629,10.3633,2.5213,-1.1504,0.6717,-0.1382,3.138,8.181,8.504,-15.3709,16.9824,0.2,0.0364,-0.8772,0.0,-1.2069,0.8515,-0.012,1.4771,0.392,0,0,0,0.706,0.367,0.633,0,0,0.0,2,SEARCH_PHASE,-1.1869,1.5489,4.808,-6.6191
189,1.516,-10.5858,10.3767,2.5196,-1.1477,0.6709,-0.0897,3.134,8.142,8.466,-15.3702,16.9652,0.2,0.0357,-0.8601,0.0,-1.2297,0.8763,0.036,1.5104,0.3734,0,0,0,0.708,0.357,0.643,0,0,0.0,2,SEARCH_PHASE,-1.1834,1.5309,4.7844,-6.5885
190,1.524,-10.6087,10.3902,2.5187,-1.1438,0.6748,-0.0414,3.131,8.104,8.429,-15.3695,16.9483,0.2,0.035,-0.8424,0.0,-1.2728,0.8553,0.084,1.5358,0.3855,0,0,0,0.714,0.357,0.643,0,0,0.0,2,SEARCH_PHASE,-1.1788,1.5172,4.7608,-6.5581
191,1.531,-10.6316,10.4038,2.5189,-1.1432,0.6819,0.0071,3.128,8.066,8.392,-15.3688,16.9318,0.2,0.0342,-0.8243,0.0,-1.2944,0.8515,0.132,1.5549,0.3658,0,0,0,0.717,0.361,0.639,0,0,0.0,2,SEARCH_PHASE,-1.1775,1.5062,4.7372,-6.528
192,1.539,-10.6544,10.4177,2.52,-1.1414,0.6936,0.0555,3.127,8.028,8.356,-15.3681,16.9157,0.2,0.0335,-0.8056,0.0,-1.2745,0.8829,0.18,1.5608,0.3237,0,0,0,0.714,0.36,0.64,0,0,0.0,2,SEARCH_PHASE,-1.1749,1.4993,4.7137,-6.498
193,1.546,-10.6773,10.4318,2.522,-1.1429,0.7082,0.1036,3.127,7.99,8.32,-15.3675,16.9,0.2,0.0327,-0.7865,0.0,-1.2957,0.8802,0.228,1.5829,0.3705,0,0,0,0.716,0.357,0.643,0,0,0.0,2,SEARCH_PHASE,-1.1756,1.4947,4.6902,-6.4681
194,1.553,-10.7002,10.4463,2.5251,-1.1459,0.7215,0.1519,3.129,7.952,8.285,-15.3668,16.8846,0.2,0.0319,-0.7669,0.0,-1.2719,0.9157,0.276,1.5914,0.324,0,0,0,0.713,0.353,0.647,0,0,0.0,2,SEARCH_PHASE,-1.1778,1.4884,4.6667,-6.4384
195,1.561,-10.7232,10.461,2.5291,-1.1521,0.7378,0.1997,3.132,7.914,8.249,-15.3662,16.8697,0.2,0.031,-0.7467,0.0,-1.2887,0.9177,0.324,1.6149,0.3702,0,0,0,0.715,0.349,0.651,0,0,0.0,2,SEARCH_PHASE,-1.1832,1.4846,4.643,-6.4087
196,1.568,-10.7464,10.4761,2.534,-1.1599,0.7523,0.2476,3.135,7.876,8.214,-15.3656,16.8552,0.2,0.0302,-0.7261,0.0,-1.2982,0.926,0.372,1.6374,0.3513,0,0,0,0.715,0.353,0.647,0,0,0.0,2,SEARCH_PHASE,-1.19,1.4784,4.6192,-6.3791
197,1.575,-10.7698,10.4915,2.5399,-1.1706,0.7693,0.2945,3.14,7.838,8.18,-15.365,16.8411,0.2,0.0293,-0.705,0.0,-1.3137,0.9294,0.42,1.6632,0.3689,0,0,0,0.715,0.354,0.646,0,0,0.0,2,SEARCH_PHASE,-1.1999,1.4743,4.5952,-6.3496
198,1.583,-10.7935,10.5072,2.5468,-1.1816,0.7868,0.3422,3.145,7.8,8.145,-15.3645,16.8274,0.2,0.0284,-0.6834,0.0,-1.3091,0.9508,0.468,1.6843,0.3394,0,0,0,0.714,0.351,0.649,0,0,0.0,2,SEARCH_PHASE,-1.21,1.4702,4.571,-6.3202
199,1.592,-10.8174,10.5233,2.5546,-1.1958,0.8064,0.3894,3.151,7.762,8.111,-15.3639,16.8142,0.2,0.0275,-0.6612,0.0,-1.3485,0.9333,0.516,1.7193,0.3715,0,0,0,0.716,0.357,0.643,0,0,0.0,2,SEARCH_PHASE,-1.2233,1.4677,4.5465,-6.2909
200,1.6,-10.8416,10.5398,2.5633,-1.2108,0.8253,0.4367,3.159,7.724,8.077,-15.3634,16.8014,0.2,0.0265,-0.6386,0.0,-1.3372,0.9618,0.564,1.7411,0.3266,0,0,0,0.714,0.353,0.647,0,0,0.0,2,SEARCH_PHASE,-1.2373,1.4639,4.5218,-6.2616
201,1.608,-10.8661,10.5568,2.573,-1.2255,0.8466,0.4839,3.167,7.685,8.043,-15.3629,16.7891,0.2,0.0256,-0.6155,0.0,-1.3729,0.9474,0.612,1.7768,0.3677,0,0,0,0.716,0.357,0.643,0,0,0.0,2,SEARCH_PHASE,-1.2511,1.4621,4.4968,-6.2324
202,1.616,-10.8909,10.5741,2.5836,-1.239,0.8659,0.5312,3.176,7.647,8.01,-15.3624,16.7773,0.2,0.0246,-0.5918,0.0,-1.3493,0.9884,0.66,1.7981,0.3194,0,0,0,0.712,0.351,0.649,0,0,0.0,2,SEARCH_PHASE,-1.2636,1.4577,4.4715,-6.2032
203,1.623,-10.9159,10.5918,2.5952,-1.2529,0.8873,0.5784,3.186,7.608,7.976,-15.3619,16.7659,0.2,0.0236,-0.5677,0.0,-1.376,0.983,0.708,1.8333,0.3612,0,0,0,0.713,0.353,0.647,0,0,0.0,2,SEARCH_PHASE,-1.2765,1.4551,4.446,-6.1741
204,1.63,-10.9412,10.61,2.6077,-1.2655,0.9061,0.6258,3.197,7.57,7.943,-15.3615,16.7551,0.2,0.0226,-0.5431,0.0,-1.35,1.0233,0.756,1.855,0.3127,0,0,0,0.709,0.346,0.654,0,0,0.0,2,SEARCH_PHASE,-1.288,1.4492,4.4202,-6.1451
205,1.638,-10.9668,10.6285,2.6211,-1.2783,0.9266,0.6731,3.209,7.531,7.911,-15.361,16.7447,0.2,0.0215,-0.518,0.0,-1.3607,1.0377,0.804,1.8907,0.3544,0,0,0,0.709,0.347,0.653,0,0,0.0,2,SEARCH_PHASE,-1.2998,1.4446,4.3942,-6.1162
206,1.646,-10.9926,10.6474,2.6356,-1.2898,0.9439,0.7208,3.222,7.492,7.878,-15.3606,16.7349,0.2,0.0205,-0.4924,0.0,-1.3333,1.0771,0.852,1.9141,0.3056,0,0,0,0.704,0.348,0.652,0,0,0.0,2,SEARCH_PHASE,-1.3102,1.4362,4.368,-6.0875
207,1.654,-11.0186,10.6666,2.6509,-1.3015,0.9623,0.7683,3.236,7.454,7.846,-15.3602,16.7255,0.2,0.0194,-0.4662,0.0,-1.3285,1.1091,0.9,1.9507,0.3473,0,0,0,0.703,0.348,0.652,0,0,0.0,2,SEARCH_PHASE,-1.3208,1.4285,4.3416,-6.0589
208,1.663,-11.0449,10.6861,2.6672,-1.3116,0.977,0.8155,3.251,7.415,7.815,-15.3599,16.7167,0.2,0.0183,-0.4396,0.0,-1.3726,1.0901,0.948,1.9927,0.3607,0,0,0,0.706,0.349,0.651,0,0,0.0,2,SEARCH_PHASE,-1.3299,1.4166,4.315,-6.0306
209,1.67,-11.0713,10.706,2.6845,-1.322,0.9924,0.8635,3.266,7.377,7.784,-15.3595,16.7085,0.2,0.0171,-0.4125,0.0,-1.3784,1.1069,0.996,2.0291,0.3454,0,0,0,0.705,0.349,0.651,0,0,0.0,2,SEARCH_PHASE,-1.3392,1.4049,4.2882,-6.0025
210,1.678,-11.0979,10.7262,2.7027,-1.3281,1.0096,0.9113,3.283,7.339,7.754,-15.3592,16.7008,0.2,0.016,-0.3849,0.0,-1.3502,1.1458,1.044,2.0557,0.3083,0,0,0,0.699,0.345,0.655,0,0,0.0,2,SEARCH_PHASE,-1.3441,1.3945,4.2613,-5.9746
211,1.685,-11.1246,10.7467,2.7219,-1.3343,1.0271,0.9592,3.299,7.3,7.724,-15.3589,16.6937,0.2,0.0148,-0.3568,0.0,-1.3308,1.1896,1.092,2.0925,0.3565,0,0,0,0.697,0.343,0.657,0,0,0.0,2,SEARCH_PHASE,-1.3491,1.3839,4.2343,-5.9469
212,1.692,-11.1514,10.7676,2.7421,-1.3401,1.0412,1.0073,3.316,7.262,7.694,-15.3586,16.6871,0.2,0.0136,-0.3282,0.0,-1.368,1.1858,1.14,2.1394,0.3737,0,0,0,0.7,0.345,0.655,0,0,0.0,2,SEARCH_PHASE,-1.3537,1.3694,4.2073,-5.9195
213,1.7,-11.1783,10.7887,2.7632,-1.3471,1.0562,1.0552,3.334,7.225,7.666,-15.3584,16.6811,0.2,0.0124,-0.299,0.0,-1.3699,1.208,1.188,2.1788,0.3588,0,0,0,0.699,0.344,0.656,0,0,0.0,2,SEARCH_PHASE,-1.3595,1.3553,4.1801,-5.8924
214,1.708,-11.2053,10.8101,2.7852,-1.3509,1.0735,1.1023,3.352,7.187,7.638,-15.3582,16.6757,0.2,0.0112,-0.2694,0.0,-1.37,1.2322,1.236,2.2188,0.345,0,0,0,0.698,0.344,0.656,0,0,0.0,2,SEARCH_PHASE,-1.3621,1.343,4.1528,-5.8656
215,1.716,-11.2324,10.832,2.8082,-1.3559,1.0918,1.1495,3.372,7.149,7.61,-15.358,16.6709,0.2,0.0099,-0.2393,0.0,-1.3683,1.2586,1.284,2.2595,0.3603,0,0,0,0.696,0.342,0.658,0,0,0.0,2,SEARCH_PHASE,-1.3658,1.3311,4.1255,-5.839
216,1.725,-11.2596,10.8542,2.8321,-1.359,1.1098,1.1976,3.393,7.112,7.583,-15.3578,16.6668,0.2,0.0087,-0.2087,0.0,-1.3901,1.2631,1.332,2.3026,0.3567,0,0,0,0.697,0.343,0.657,0,0,0.0,2,SEARCH_PHASE,-1.3677,1.3185,4.0982,-5.8126
217,1.734,-11.2869,10.8768,2.8571,-1.3633,1.1288,1.2453,3.415,7.075,7.557,-15.3576,16.6632,0.2,0.0074,-0.1776,0.0,-1.3659,1.3046,1.38,2.3392,0.3414,0,0,0,0.692,0.339,0.661,0,0,0.0,2,SEARCH_PHASE,-1.3707,1.3064,4.0708,-5.7865
218,1.742,-11.3142,10.8997,2.8829,-1.365,1.1488,1.2925,3.437,7.038,7.532,-15.3575,16.6603,0.2,0.0061,-0.146,0.0,-1.3702,1.334,1.428,2.3867,0.3571,0,0,0,0.693,0.341,0.659,0,0,0.0,2,SEARCH_PHASE,-1.3711,1.2948,4.0433,-5.7606
219,1.75,-11.3416,10.9231,2.9097,-1.3692,1.1681,1.3407,3.461,7.001,7.507,-15.3574,16.658,0.2,0.0047,-0.1139,0.0,-1.348,1.3766,1.476,2.427,0.3407,0,0,0,0.688,0.336,0.664,0,0,0.0,2,SEARCH_PHASE,-1.3739,1.282,4.0159,-5.7349
220,1.757,-11.369,10.9469,2.9375,-1.371,1.1882,1.3888,3.487,6.965,7.483,-15.3574,16.6564,0.2,0.0034,-0.0813,0.0,-1.3611,1.3962,1.524,2.4748,0.3568,0,0,0,0.689,0.339,0.661,0,0,0.0,2,SEARCH_PHASE,-1.3744,1.2695,3.9884,-5.7095
221,1.766,-11.3965,10.971,2.9662,-1.375,1.2078,1.4369,3.513,6.928,7.46,-15.3573,16.6554,0.2,0.002,-0.0482,0.0,-1.3412,1.4399,1.572,2.5186,0.3403,0,0,0,0.685,0.334,0.666,0,0,0.0,2,SEARCH_PHASE,-1.377,1.2559,3.9608,-5.6844
222,1.774,-11.424,10.9956,2.9959,-1.3762,1.2284,1.4849,3.541,6.891,7.437,-15.3573,16.6542,0.2,0.0026,-0.061,0.0,-1.3592,1.4125,1.62,2.543,0.357,0,0,0,0.686,0.335,0.665,0,0,0.0,2,SEARCH_PHASE,-1.3788,1.2894,3.9333,-5.6586
223,1.782,-11.4516,11.0206,3.0266,-1.3791,1.2486,1.5322,3.569,6.844,7.405,-15.3567,16.6411,0.2,0.0272,-0.6561,0.0,-1.3555,1.3646,1.668,2.5459,0.3406,0,0,0,0.683,0.335,0.665,0,0,0.0,2,SEARCH_PHASE,-1.4063,1.9047,3.9051,-5.6205
224,1.789,-11.4792,11.046,3.0581,-1.3787,1.2701,1.5783,3.599,6.796,7.373,-15.3562,16.6281,0.2,0.027,-0.6504,0.0,-1.3493,1.317,1.7,2.5387,0.3274,0,0,0,0.679,0.334,0.666,0,0,0.0,2,SEARCH_PHASE,-1.4057,1.9205,3.877,-5.5821
225,1.796,-11.5068,11.0718,3.0905,-1.3795,1.2908,1.6181,3.629,6.749,7.342,-15.3556,16.6152,0.2,0.0268,-0.6446,0.0,-1.3338,1.2716,1.652,2.4749,0.308,0,0,0,0.67,0.325,0.675,0,0,0.0,2,SEARCH_PHASE,-1.4062,1.9354,3.8489,-5.5434
226,1.805,-11.5343,11.0979,3.123,-1.378,1.307,1.6253,3.66,6.701,7.31,-15.3551,16.6024,0.2,0.0266,-0.6388,0.0,-1.313,1.2283,1.604,2.4095,0.3227,0,0,0,0.666,0.322,0.678,0,0,0.0,2,SEARCH_PHASE,-1.4045,1.9457,3.8208,-5.5045
227,1.812,-11.5619,11.1243,3.1552,-1.3769,1.318,1.6119,3.69,6.653,7.279,-15.3546,16.5897,0.2,0.0263,-0.6329,0.0,-1.2813,1.1923,1.556,2.3419,0.308,0,0,0,0.656,0.32,0.68,0,0,0.0,2,SEARCH_PHASE,-1.4031,1.9509,3.7927,-5.4655
228,1.82,-11.5893,11.1508,3.187,-1.3733,1.326,1.5863,3.719,6.604,7.249,-15.3541,16.5772,0.2,0.026,-0.627,0.0,-1.2446,1.1613,1.508,2.2742,0.3206,0,0,0,0.65,0.316,0.684,0,0,0.0,2,SEARCH_PHASE,-1.3993,1.953,3.7648,-5.4264
229,1.827,-11.6167,11.1774,3.218,-1.3694,1.33,1.5524,3.748,6.557,7.218,-15.3536,16.5648,0.2,0.0258,-0.621,0.0,-1.2022,1.139,1.46,2.2077,0.2935,0,0,0,0.641,0.307,0.693,0,0,0.0,2,SEARCH_PHASE,-1.3952,1.9511,3.7368,-5.3874
230,1.835,-11.644,11.204,3.2483,-1.3628,1.3312,1.5149,3.777,6.509,7.187,-15.353,16.5525,0.2,0.0256,-0.6151,0.0,-1.157,1.1229,1.412,2.1431,0.3259,0,0,0,0.635,0.299,0.701,0,0,0.0,2,SEARCH_PHASE,-1.3884,1.9464,3.7091,-5.3485
231,1.842,-11.671,11.2306,3.2778,-1.3539,1.3277,1.4754,3.806,6.461,7.157,-15.3525,16.5403,0.2,0.0253,-0.6091,0.0,-1.1099,1.1133,1.364,2.0813,0.2867,0,0,0,0.624,0.294,0.706,0,0,0.0,2,SEARCH_PHASE,-1.3792,1.9368,3.6815,-5.3097
232,1.85,-11.6979,11.257,3.3065,-1.3422,1.3214,1.4346,3.834,6.414,7.127,-15.352,16.5282,0.2,0.025,-0.6031,0.0,-1.1085,1.1171,1.316,2.0514,0.3281,0,0,0,0.619,0.288,0.712,0,0,0.0,2,SEARCH_PHASE,-1.3672,1.9245,3.6541,-5.2712
233,1.858,-11.7244,11.2832,3.3343,-1.3272,1.3096,1.3913,3.861,6.367,7.097,-15.3515,16.5163,0.2,0.0248,-0.597,0.0,-1.1076,1.121,1.268,2.0227,0.3521,0,0,0,0.617,0.288,0.712,0,0,0.0,2,SEARCH_PHASE,-1.352,1.9066,3.6271,-5.2331
234,1.866,-11.7506,11.3091,3.3613,-1.3098,1.2947,1.3462,3.887,6.321,7.067,-15.351,16.5045,0.2,0.0246,-0.5909,0.0,-1.1068,1.125,1.22,1.9947,0.3262,0,0,0,0.61,0.282,0.718,0,0,0.0,2,SEARCH_PHASE,-1.3344,1.8856,3.6004,-5.1954
235,1.874,-11.7764,11.3347,3.3873,-1.29,1.2784,1.2997,3.912,6.275,7.038,-15.3506,16.4928,0.2,0.0243,-0.5848,0.0,-1.1061,1.1289,1.172,1.9676,0.3641,0,0,0,0.608,0.279,0.721,0,0,0.0,2,SEARCH_PHASE,-1.3143,1.8632,3.5741,-5.1581
236,1.882,-11.8018,11.3598,3.4123,-1.2689,1.2595,1.2517,3.937,6.23,7.01,-15.3501,16.4812,0.2,0.024,-0.5786,0.0,-1.1053,1.133,1.124,1.9413,0.3443,0,0,0,0.604,0.281,0.719,0,0,0.0,2,SEARCH_PHASE,-1.2929,1.8381,3.5483,-5.1214
237,1.89,-11.8267,11.3846,3.4363,-1.2468,1.2401,1.2026,3.96,6.186,6.982,-15.3496,16.4698,0.2,0.0238,-0.5725,0.0,-1.1046,1.137,1.076,1.9159,0.3752,0,0,0,0.605,0.283,0.717,0,0,0.0,2,SEARCH_PHASE,-1.2706,1.8126,3.5229,-5.0851
238,1.899,-11.8512,11.409,3.4594,-1.2237,1.2193,1.1532,3.982,6.143,6.954,-15.3491,16.4584,0.2,0.0235,-0.5662,0.0,-1.1039,1.1411,1.028,1.8915,0.3591,0,0,0,0.601,0.277,0.723,0,0,0.0,2,SEARCH_PHASE,-1.2472,1.7855,3.4979,-5.0494
239,1.907,-11.8752,11.433,3.4815,-1.2,1.1996,1.1039,4.002,6.1,6.926,-15.3487,16.4472,0.2,0.0233,-0.56,0.0,-1.1033,1.1452,0.98,1.8679,0.3783,0,0,0,0.601,0.276,0.724,0,0,0.0,2,SEARCH_PHASE,-1.2232,1.7596,3.4735,-5.0142
240,1.916,-11.8988,11.4566,3.5026,-1.177,1.1797,1.0544,4.021,6.058,6.899,-15.3482,16.4362,0.2,0.023,-0.5537,0.0,-1.1027,1.1494,0.932,1.8454,0.371,0,0,0,0.601,0.275,0.725,0,0,0.0,2,SEARCH_PHASE,-1.2,1.7334,3.4495,-4.9796
241,1.924,-11.9219,11.4798,3.5227,-1.1547,1.1615,1.0053,4.039,6.016,6.873,-15.3478,16.4252,0.2,0.0227,-0.5474,0.0,-1.1021,1.1535,0.884,1.8239,0.3765,0,0,0,0.6,0.277,0.723,0,0,0.0,2,SEARCH_PHASE,-1.1774,1.7089,3.4259,-4.9454
242,1.931,-11.9445,11.5027,3.5418,-1.1326,1.1444,0.9564,4.055,5.975,6.846,-15.3473,16.4144,0.2,0.0225,-0.541,0.0,-1.1016,1.1578,0.836,1.8036,0.3793,0,0,0,0.604,0.281,0.719,0,0,0.0,2,SEARCH_PHASE,-1.1551,1.6854,3.4028,-4.9117
243,1.939,-11.9667,11.5253,3.56,-1.1122,1.1294,0.908,4.071,5.935,6.82,-15.3469,16.4037,0.2,0.0222,-0.5346,0.0,-1.1011,1.162,0.788,1.7843,0.3603,0,0,0,0.601,0.274,0.726,0,0,0.0,2,SEARCH_PHASE,-1.1344,1.664,3.3801,-4.8784
244,1.946,-11.9886,11.5476,3.5772,-1.0917,1.1164,0.8598,4.086,5.895,6.794,-15.3464,16.3931,0.2,0.0219,-0.5283,0.0,-1.1007,1.1661,0.74,1.7661,0.3892,0,0,0,0.604,0.277,0.723,0,0,0.0,2,SEARCH_PHASE,-1.1136,1.6448,3.3578,-4.8455
245,1.954,-12.01,11.5697,3.5934,-1.0732,1.105,0.8121,4.1,5.856,6.768,-15.346,16.3827,0.2,0.0217,-0.5218,0.0,-1.1003,1.1705,0.692,1.7492,0.3459,0,0,0,0.602,0.276,0.724,0,0,0.0,2,SEARCH_PHASE,-1.0949,1.6267,3.3359,-4.813
246,1.961,-12.0312,11.5917,3.6087,-1.0567,1.0967,0.7649,4.113,5.817,6.742,-15.3456,16.3724,0.2,0.0214,-0.5155,0.0,-1.0999,1.1746,0.644,1.7333,0.3792,0,0,0,0.605,0.281,0.719,0,0,0.0,2,SEARCH_PHASE,-1.0781,1.6122,3.3144,-4.7807
247,1.968,-12.052,11.6135,3.6231,-1.0418,1.0894,0.7179,4.126,5.779,6.717,-15.3451,16.3622,0.2,0.0211,-0.5089,0.0,-1.0996,1.179,0.596,1.7189,0.3346,0,0,0,0.603,0.278,0.722,0,0,0.0,2,SEARCH_PHASE,-1.0629,1.5983,3.2931,-4.7487
248,1.976,-12.0726,11.6352,3.6365,-1.0292,1.0851,0.671,4.137,5.741,6.691,-15.3447,16.3522,0.2,0.0209,-0.5024,0.0,-1.0993,1.1833,0.548,1.7056,0.367,0,0,0,0.606,0.282,0.718,0,0,0.0,2,SEARCH_PHASE,-1.0501,1.5875,3.2721,-4.717
249,1.983,-12.093,11.6568,3.649,-1.0184,1.0814,0.6243,4.148,5.703,6.665,-15.3443,16.3423,0.2,0.0206,-0.4958,0.0,-1.0991,1.1876,0.5,1.6936,0.3399,0,0,0,0.604,0.284,0.716,0,0,0.0,2,SEARCH_PHASE,-1.039,1.5772,3.2513,-4.6855
250,1.991,-12.1132,11.6784,3.6605,-1.01,1.0804,0.5777,4.159,5.666,6.639,-15.3439,16.3325,0.2,0.0203,-0.4893,0.0,-1.0989,1.1919,0.452,1.683,0.3799,0,0,0,0.608,0.288,0.712,0,0,0.0,2,SEARCH_PHASE,-1.0304,1.5698,3.2307,-4.6541
251,1.998,-12.1332,11.7,3.6711,-1.0035,1.0802,0.5312,4.168,5.628,6.612,-15.3435,16.3228,0.2,0.0201,-0.4827,0.0,-1.0986,1.1963,0.404,1.6737,0.3438,0,0,0,0.607,0.289,0.711,0,0,0.0,2,SEARCH_PHASE,-1.0236,1.5628,3.2103,-4.6228
252,2.006,-12.1532,11.7217,3.6808,-0.9996,1.0827,0.4839,4.177,5.591,6.586,-15.3431,16.3133,0.2,0.0197,-0.4761,0.0,-1.0985,1.2007,0.356,1.6658,0.3821,0,0,0,0.61,0.291,0.709,0,0,0.0,2,SEARCH_PHASE,-1.0193,1.5588,3.1899,-4.5916
253,2.013,-12.1732,11.7434,3.6896,-0.9973,1.0858,0.4374,4.184,5.554,6.559,-15.3427,16.3039,0.2,0.0195,-0.4695,0.0,-1.0982,1.205,0.308,1.6592,0.3443,0,0,0,0.608,0.285,0.715,0,0,0.0,2,SEARCH_PHASE,-1.0168,1.5553,3.1695,-4.5605
254,2.021,-12.1931,11.7652,3.6974,-0.9975,1.0914,0.3905,4.191,5.517,6.532,-15.3423,16.2946,0.2,0.0192,-0.4627,0.0,-1.0981,1.2095,0.26,1.6541,0.3805,0,0,0,0.611,0.29,0.71,0,0,0.0,2,SEARCH_PHASE,-1.0167,1.5541,3.1492,-4.5294
255,2.028,-12.2131,11.7872,3.7042,-0.9992,1.0973,0.3435,4.197,5.48,6.504,-15.342,16.2855,0.2,0.019,-0.456,0.0,-1.0978,1.2139,0.212,1.6504,0.3432,0,0,0,0.609,0.286,0.714,0,0,0.0,2,SEARCH_PHASE,-1.0182,1.5533,3.1288,-4.4984
256,2.036,-12.2332,11.8093,3.7102,-1.0032,1.1055,0.2958,4.201,5.442,6.476,-15.3416,16.2765,0.2,0.0186,-0.4494,0.0,-1.0977,1.2183,0.164,1.6481,0.3697,0,0,0,0.611,0.29,0.71,0,0,0.0,2,SEARCH_PHASE,-1.0219,1.5548,3.1084,-4.4673
257,2.044,-12.2533,11.8315,3.7151,-1.0087,1.1136,0.2483,4.204,5.405,6.448,-15.3412,16.2677,0.2,0.0184,-0.4426,0.0,-1.0974,1.2228,0.116,1.6472,0.3345,0,0,0,0.608,0.285,0.715,0,0,0.0,2,SEARCH_PHASE,-1.0271,1.5562,3.0879,-4.4361
258,2.052,-12.2736,11.854,3.7191,-1.015,1.1231,0.2004,4.206,5.368,6.418,-15.3409,16.259,0.2,0.0181,-0.4358,0.0,-1.0972,1.2274,0.068,1.6477,0.3694,0,0,0,0.61,0.288,0.712,0,0,0.0,2,SEARCH_PHASE,-1.033,1.5589,3.0672,-4.405
259,2.061,-12.2941,11.8766,3.7222,-1.0214,1.1317,0.1525,4.207,5.33,6.389,-15.3405,16.2504,0.2,0.0178,-0.4291,0.0,-1.0969,1.2319,0.02,1.6496,0.3425,0,0,0,0.608,0.286,0.714,0,0,0.0,2,SEARCH_PHASE,-1.0393,1.5608,3.0464,-4.3738
260,2.07,-12.3147,11.8995,3.7243,-1.0287,1.1415,0.104,4.207,5.293,6.359,-15.3401,16.2419,0.2,0.0175,-0.4223,0.0,-1.0966,1.2364,-0.028,1.6529,0.3773,0,0,0,0.612,0.29,0.71,0,0,0.0,2,SEARCH_PHASE,-1.0463,1.5638,3.0255,-4.3425
261,2.078,-12.3354,11.9225,3.7254,-1.0359,1.1509,0.0562,4.207,5.255,6.328,-15.3398,16.2336,0.2,0.0173,-0.4154,0.0,-1.0963,1.2411,-0.076,1.6577,0.3389,0,0,0,0.61,0.288,0.712,0,0,0.0,2,SEARCH_PHASE,-1.0532,1.5663,3.0044,-4.3112
262,2.086,-12.3562,11.9457,3.7256,-1.0437,1.1617,0.0081,4.205,5.217,6.296,-15.3395,16.2255,0.2,0.017,-0.4086,0.0,-1.096,1.2457,-0.124,1.6639,0.3714,0,0,0,0.613,0.292,0.708,0,0,0.0,2,SEARCH_PHASE,-1.0606,1.5703,2.9832,-4.2797
263,2.094,-12.3773,11.9692,3.7248,-1.0512,1.1718,-0.0399,4.203,5.179,6.265,-15.3391,16.2174,0.2,0.0166,-0.4017,0.0,-1.0957,1.2504,-0.172,1.6714,0.333,0,0,0,0.611,0.289,0.711,0,0,0.0,2,SEARCH_PHASE,-1.0679,1.5735,2.9619,-4.2483
264,2.102,-12.3985,11.9928,3.723,-1.0592,1.183,-0.0883,4.201,5.141,6.232,-15.3388,16.2095,0.2,0.0164,-0.3947,0.0,-1.0952,1.2552,-0.22,1.6803,0.3604,0,0,0,0.613,0.292,0.708,0,0,0.0,2,SEARCH_PHASE,-1.0756,1.5778,2.9403,-4.2167
265,2.11,-12.4198,12.0167,3.7203,-1.067,1.1932,-0.1363,4.198,5.102,6.199,-15.3385,16.2018,0.2,0.0161,-0.3879,0.0,-1.0948,1.2598,-0.268,1.6905,0.322,0,0,0,0.61,0.288,0.712,0,0,0.0,2,SEARCH_PHASE,-1.0831,1.5811,2.9187,-4.1851
266,2.117,-12.4413,12.0408,3.7166,-1.0746,1.204,-0.1844,4.194,5.064,6.165,-15.3382,16.1942,0.2,0.0158,-0.3809,0.0,-1.0944,1.2646,-0.316,1.702,0.3541,0,0,0,0.611,0.29,0.71,0,0,0.0,2,SEARCH_PHASE,-1.0904,1.5849,2.8969,-4.1534
267,2.126,-12.4629,12.065,3.7119,-1.0811,1.2131,-0.2323,4.189,5.025,6.131,-15.3378,16.1867,0.2,0.0155,-0.3739,0.0,-1.0939,1.2694,-0.364,1.7148,0.3192,0,0,0,0.609,0.286,0.714,0,0,0.0,2,SEARCH_PHASE,-1.0967,1.587,2.8749,-4.1217
268,2.134,-12.4847,12.0895,3.7063,-1.0874,1.2225,-0.2801,4.182,4.987,6.096,-15.3375,16.1793,0.2,0.0152,-0.3669,0.0,-1.0935,1.2743,-0.412,1.729,0.3513,0,0,0,0.61,0.288,0.712,0,0,0.0,2,SEARCH_PHASE,-1.1026,1.5893,2.8529,-4.0899
269,2.143,-12.5065,12.1141,3.6998,-1.0926,1.2301,-0.3279,4.175,4.948,6.06,-15.3372,16.1721,0.2,0.015,-0.36,0.0,-1.0929,1.279,-0.46,1.7441,0.3174,0,0,0,0.608,0.287,0.713,0,0,0.0,2,SEARCH_PHASE,-1.1075,1.5901,2.8307,-4.0581
270,2.151,-12.5285,12.1388,3.6923,-1.0972,1.238,-0.3756,4.167,4.909,6.024,-15.337,16.1651,0.2,0.0146,-0.3529,0.0,-1.0924,1.284,-0.508,1.7607,0.3496,0,0,0,0.61,0.29,0.71,0,0,0.0,2,SEARCH_PHASE,-1.1119,1.5908,2.8085,-4.0263
271,2.159,-12.5505,12.1637,3.6838,-1.1006,1.2441,-0.4235,4.159,4.87,5.988,-15.3367,16.1582,0.2,0.0144,-0.3459,0.0,-1.0919,1.2889,-0.556,1.7783,0.3139,0,0,0,0.607,0.29,0.71,0,0,0.0,2,SEARCH_PHASE,-1.115,1.59,2.7862,-3.9945
272,2.167,-12.5725,12.1887,3.6744,-1.1033,1.2505,-0.4709,4.149,4.831,5.951,-15.3364,16.1514,0.2,0.0141,-0.3388,0.0,-1.0913,1.2938,-0.604,1.7972,0.3473,0,0,0,0.609,0.289,0.711,0,0,0.0,2,SEARCH_PHASE,-1.1173,1.5893,2.7639,-3.9627
273,2.175,-12.5946,12.2138,3.664,-1.1046,1.255,-0.5186,4.139,4.792,5.913,-15.3361,16.1448,0.2,0.0138,-0.3317,0.0,-1.0907,1.2988,-0.652,1.8171,0.3294,0,0,0,0.609,0.288,0.712,0,0,0.0,2,SEARCH_PHASE,-1.1183,1.5867,2.7415,-3.9309
274,2.182,-12.6167,12.239,3.6527,-1.1051,1.2597,-0.5659,4.127,4.754,5.875,-15.3358,16.1383,0.2,0.0135,-0.3246,0.0,-1.0901,1.3038,-0.7,1.838,0.3632,0,0,0,0.613,0.294,0.706,0,0,0.0,2,SEARCH_PHASE,-1.1186,1.5843,2.7191,-3.8993
275,2.19,-12.6388,12.2643,3.6404,-1.1049,1.2635,-0.6134,4.115,4.715,5.837,-15.3356,16.1319,0.2,0.0132,-0.3175,0.0,-1.0896,1.3088,-0.748,1.86,0.3241,0,0,1,0.612,0.293,0.707,0,0,0.0,2,ACQUISITION_ASSIST,-1.118,1.5809,2.6968,-3.8676
276,2.199,-12.6609,12.2898,3.6293,-1.1059,1.2739,-0.5559,4.104,4.676,5.799,-15.3353,16.1257,0.2,0.0129,-0.3104,0.0,-1.089,1.3138,-0.796,1.883,0.2832,0,0,1,0.604,0.286,0.714,0,0,0.0,2,ACQUISITION_ASSIST,-1.1188,1.5843,2.6744,-3.8359
277,2.208,-12.683,12.3154,3.619,-1.1053,1.2815,-0.5162,4.093,4.637,5.762,-15.3351,16.1196,0.2,0.0126,-0.3033,0.0,-1.0884,1.3188,-0.844,1.9069,0.249,0,0,1,0.587,0.272,0.728,0,0,0.0,2,ACQUISITION_ASSIST,-1.1179,1.5848,2.652,-3.8043
278,2.216,-12.7051,12.341,3.6093,-1.102,1.2829,-0.4859,4.084,4.599,5.725,-15.3348,16.1137,0.2,0.0123,-0.296,0.0,-1.0878,1.324,-0.892,1.9318,0.2645,0,0,1,0.58,0.266,0.734,0,0,0.0,2,ACQUISITION_ASSIST,-1.1143,1.5789,2.6297,-3.7727
279,2.224,-12.727,12.3665,3.6,-1.0953,1.2745,-0.4617,4.074,4.56,5.688,-15.3346,16.1079,0.2,0.012,-0.2889,0.0,-1.0872,1.329,-0.94,1.9576,0.2328,0,0,1,0.569,0.256,0.744,0,0,0.0,2,ACQUISITION_ASSIST,-1.1072,1.5634,2.6076,-3.7414
280,2.232,-12.7486,12.3917,3.5912,-1.0816,1.2578,-0.4413,4.066,4.523,5.653,-15.3343,16.1023,0.2,0.0117,-0.2817,0.0,-1.0866,1.3341,-0.988,1.9841,0.2802,0,0,1,0.567,0.251,0.749,0,0,0.0,2,ACQUISITION_ASSIST,-1.0933,1.5395,2.5857,-3.7106
281,2.239,-12.7698,12.4163,3.5827,-1.0608,1.2293,-0.4273,4.057,4.486,5.618,-15.3341,16.0968,0.2,0.0114,-0.2745,0.0,-1.0598,1.2943,-0.796,1.8526,0.3168,1,0,0,0.566,0.249,0.751,0,0,0.0,2,LANDING_PHASE,-1.0722,1.5037,2.5643,-3.6805
282,2.247,-12.7908,12.4405,3.5718,-1.0488,1.2133,-0.5405,4.047,4.449,5.583,-15.3339,16.0915,0.2,0.0111,-0.2672,0.0,-1.0328,1.2546,-0.65,1.7502,0.3253,1,0,0,0.568,0.244,0.756,0,0,0.0,2,LANDING_PHASE,-1.0599,1.4805,2.5431,-3.6509
283,2.255,-12.8113,12.4642,3.5601,-1.0261,1.1825,-0.5895,4.035,4.414,5.547,-15.3337,16.0863,0.2,0.0108,-0.2601,0.0,-1.0055,1.2151,-0.65,1.7059,0.3633,1,0,0,0.571,0.251,0.749,0,0,0.0,2,LANDING_PHASE,-1.037,1.4426,2.5223,-3.6221
284,2.263,-12.8313,12.4871,3.5476,-0.9982,1.1438,-0.6234,4.022,4.379,5.512,-15.3335,16.0812,0.2,0.0105,-0.2527,0.0,-0.9779,1.1758,-0.65,1.6618,0.3974,1,0,0,0.578,0.256,0.744,0,0,0.0,2,LANDING_PHASE,-1.0087,1.3965,2.5022,-3.5942
285,2.27,-12.8506,12.5091,3.5346,-0.9659,1.1004,-0.6469,4.009,4.346,5.478,-15.3333,16.0763,0.2,0.0102,-0.2455,0.0,-0.95,1.1368,-0.65,1.6178,0.4274,1,0,0,0.588,0.261,0.739,0,0,0.0,2,LANDING_PHASE,-0.9761,1.3459,2.4826,-3.5672
286,2.278,-12.8692,12.5302,3.5214,-0.9299,1.0558,-0.6621,3.996,4.314,5.445,-15.3331,16.0715,0.2,0.0099,-0.2381,0.0,-0.9218,1.098,-0.65,1.5741,0.4252,1,0,0,0.592,0.265,0.735,0,0,0.0,2,LANDING_PHASE,-0.9398,1.2939,2.4638,-3.5414
287,2.286,-12.887,12.5505,3.508,-0.8912,1.0141,-0.6708,3.983,4.283,5.412,-15.3329,16.0669,0.2,0.0096,-0.2309,0.0,-0.8931,1.0595,-0.65,1.5306,0.454,1,0,0,0.598,0.273,0.727,0,0,0.0,2,LANDING_PHASE,-0.9008,1.245,2.4458,-3.5165
288,2.293,-12.9041,12.57,3.4945,-0.8534,0.9751,-0.674,3.968,4.254,5.38,-15.3327,16.0625,0.2,0.0093,-0.2236,0.0,-0.8639,1.0214,-0.65,1.4873,0.4442,1,0,0,0.601,0.276,0.724,0,0,0.0,2,LANDING_PHASE,-0.8627,1.1987,2.4286,-3.4925
289,2.301,-12.9205,12.5888,3.481,-0.8179,0.9426,-0.6729,3.952,4.225,5.35,-15.3325,16.0581,0.2,0.009,-0.2163,0.0,-0.8341,0.9838,-0.65,1.4443,0.4035,1,0,0,0.599,0.275,0.725,0,0,0.0,2,LANDING_PHASE,-0.8269,1.1589,2.412,-3.4693
290,2.309,-12.9362,12.6071,3.4676,-0.7877,0.9159,-0.6701,3.937,4.198,5.32,-15.3323,16.054,0.2,0.0087,-0.2089,0.0,-0.8035,0.9468,-0.65,1.4016,0.4284,1,0,0,0.605,0.279,0.721,0,0,0.0,2,LANDING_PHASE,-0.7964,1.1248,2.3961,-3.4468
291,2.316,-12.9515,12.625,3.4543,-0.7615,0.8923,-0.6662,3.922,4.171,5.29,-15.3322,16.0499,0.2,0.0083,-0.2016,0.0,-0.7719,0.9107,-0.65,1.3593,0.3788,1,0,0,0.606,0.278,0.722,0,0,0.0,2,LANDING_PHASE,-0.7699,1.0939,2.3807,-3.4249
292,2.324,-12.9662,12.6425,3.4411,-0.7384,0.8741,-0.6622,3.906,4.145,5.262,-15.332,16.046,0.2,0.0081,-0.1943,0.0,-0.7386,0.8761,-0.65,1.3174,0.4172,1,0,0,0.612,0.284,0.716,0,0,0.0,2,LANDING_PHASE,-0.7465,1.0683,2.3658,-3.4036
293,2.332,-12.9806,12.6596,3.4279,-0.7173,0.8575,-0.6585,3.891,4.12,5.234,-15.3319,16.0423,0.2,0.0077,-0.1868,0.0,-0.7061,0.8489,-0.65,1.2813,0.368,1,0,0,0.613,0.286,0.714,0,0,0.0,2,LANDING_PHASE,-0.7251,1.0443,2.3513,-3.3827
294,2.341,-12.9946,12.6765,3.4148,-0.6994,0.846,-0.6553,3.876,4.095,5.206,-15.3317,16.0387,0.2,0.0075,-0.1796,0.0,-0.7064,0.8558,-0.65,1.286,0.3686,1,0,0,0.617,0.291,0.709,0,0,0.0,2,LANDING_PHASE,-0.7069,1.0256,2.3371,-3.3622
295,2.349,-13.0082,12.6933,3.4017,-0.6836,0.8359,-0.6528,3.861,4.07,5.179,-15.3316,16.0353,0.2,0.0072,-0.172,0.0,-0.7067,0.8629,-0.65,1.291,0.3492,1,0,0,0.614,0.285,0.715,0,0,0.0,2,LANDING_PHASE,-0.6908,1.0079,2.3233,-3.342
296,2.357,-13.0216,12.7098,3.3887,-0.6681,0.8273,-0.651,3.846,4.046,5.152,-15.3314,16.032,0.2,0.0068,-0.1647,0.0,-0.7071,0.8698,-0.65,1.2958,0.3634,1,0,0,0.619,0.291,0.709,0,0,0.0,2,LANDING_PHASE,-0.6749,0.992,2.3098,-3.3222
297,2.365,-13.0347,12.7262,3.3757,-0.6561,0.8192,-0.65,3.832,4.023,5.125,-15.3313,16.0288,0.2,0.0065,-0.1574,0.0,-0.7074,0.8768,-0.65,1.3007,0.3449,1,0,0,0.618,0.293,0.707,0,0,0.0,2,LANDING_PHASE,-0.6626,0.9765,2.2966,-3.3026
298,2.373,-13.0476,12.7424,3.3627,-0.6439,0.8127,-0.649,3.817,3.999,5.099,-15.3312,16.0258,0.2,0.0062,-0.1499,0.0,-0.7078,0.8838,-0.65,1.3056,0.3685,1,0,0,0.624,0.294,0.706,0,0,0.0,2,LANDING_PHASE,-0.6502,0.9626,2.2836,-3.2834
299,2.382,-13.0603,12.7586,3.3498,-0.6348,0.8068,-0.648,3.802,3.977,5.073,-15.331,16.023,0.2,0.0059,-0.1425,0.0,-0.7082,0.8908,-0.65,1.3106,0.3495,1,0,0,0.625,0.297,0.703,0,0,0.0,2,LANDING_PHASE,-0.6408,0.9492,2.2708,-3.2644
300,2.391,-13.0728,12.7746,3.3368,-0.6269,0.8032,-0.6469,3.788,3.954,5.047,-15.3309,16.0203,0.2,0.0056,-0.135,0.0,-0.7086,0.8978,-0.65,1.3155,0.3655,1,0,0,0.631,0.303,0.697,0,0,0.0,2,LANDING_PHASE,-0.6324,0.9383,2.2581,-3.2456
301,2.4,-13.0853,12.7907,3.3239,-0.6231,0.801,-0.6463,3.773,3.931,5.021,-15.3308,16.0177,0.2,0.0053,-0.1276,0.0,-0.7089,0.9048,-0.65,1.3205,0.3487,1,0,0,0.632,0.303,0.697,0,0,0.0,2,LANDING_PHASE,-0.6285,0.9286,2.2455,-3.2271
302,2.408,-13.0977,12.8067,3.311,-0.6202,0.8013,-0.6452,3.758,3.909,4.996,-15.3307,16.0153,0.2,0.005,-0.1202,0.0,-0.7093,0.9118,-0.65,1.3255,0.3665,1,0,0,0.639,0.309,0.691,0,0,0.0,2,LANDING_PHASE,-0.6251,0.9215,2.233,-3.2086
303,2.416,-13.1101,12.8228,3.2981,-0.6211,0.803,-0.6444,3.744,3.887,4.971,-15.3306,16.0131,0.2,0.0047,-0.1127,0.0,-0.7096,0.9189,-0.65,1.3306,0.3458,1,0,0,0.641,0.311,0.689,0,0,0.0,2,LANDING_PHASE,-0.6258,0.9158,2.2205,-3.1903
304,2.424,-13.1226,12.8389,3.2853,-0.6225,0.8074,-0.6436,3.729,3.865,4.945,-15.3306,16.011,0.2,0.0044,-0.1053,0.0,-0.71,0.9259,-0.65,1.3356,0.3631,1,0,0,0.647,0.314,0.686,0,0,0.0,2,LANDING_PHASE,-0.6269,0.9127,2.208,-3.1721
305,2.432,-13.1351,12.8552,3.2724,-0.6268,0.813,-0.6431,3.714,3.843,4.92,-15.3305,16.009,0.2,0.0041,-0.0978,0.0,-0.7103,0.933,-0.65,1.3407,0.348,1,0,0,0.65,0.317,0.683,0,0,0.0,2,LANDING_PHASE,-0.6308,0.9108,2.1954,-3.1538
306,2.439,-13.1477,12.8716,3.2595,-0.6304,0.821,-0.6429,3.699,3.821,4.895,-15.3304,16.0072,0.2,0.0038,-0.0903,0.0,-0.7106,0.9401,-0.65,1.3458,0.3509,1,0,0,0.654,0.313,0.687,0,0,0.0,2,LANDING_PHASE,-0.6341,0.9113,2.1827,-3.1356
307,2.447,-13.1604,12.8882,3.2467,-0.6364,0.8303,-0.6435,3.684,3.798,4.869,-15.3303,16.0055,0.2,0.0034,-0.0829,0.0,-0.7109,0.9472,-0.65,1.3509,0.3384,1,0,0,0.653,0.318,0.682,0,0,0.0,2,LANDING_PHASE,-0.6398,0.9132,2.1699,-3.1174
308,2.456,-13.1733,12.905,3.2338,-0.642,0.8411,-0.6432,3.67,3.776,4.844,-15.3303,16.004,0.2,0.0031,-0.0754,0.0,-0.7111,0.9543,-0.65,1.356,0.3593,1,0,0,0.657,0.317,0.683,0,0,0.0,2,LANDING_PHASE,-0.6452,0.9166,2.157,-3.099
309,2.464,-13.1863,12.9221,3.2209,-0.6505,0.8522,-0.6434,3.655,3.753,4.818,-15.3302,16.0027,0.2,0.0028,-0.0679,0.0,-0.7114,0.9615,-0.65,1.3612,0.3354,1,0,0,0.656,0.319,0.681,0,0,0.0,2,LANDING_PHASE,-0.6533,0.9201,2.1439,-3.0806
310,2.472,-13.1995,12.9394,3.2081,-0.6583,0.8649,-0.644,3.64,3.73,4.792,-15.3302,16.0015,0.2,0.0025,-0.0605,0.0,-0.7116,0.9686,-0.65,1.3664,0.3668,1,0,0,0.66,0.319,0.681,0,0,0.0,2,LANDING_PHASE,-0.6608,0.9254,2.1307,-3.0621
311,2.48,-13.2128,12.9569,3.1952,-0.6664,0.877,-0.6441,3.625,3.708,4.766,-15.3301,16.0004,0.2,0.0022,-0.0529,0.0,-0.7118,0.9758,-0.65,1.3716,0.3319,1,0,0,0.66,0.317,0.683,0,0,0.0,2,LANDING_PHASE,-0.6686,0.93,2.1173,-3.0435
312,2.488,-13.2263,12.9747,3.1823,-0.6739,0.8907,-0.6442,3.611,3.684,4.74,-15.3301,15.9995,0.2,0.0019,-0.0455,0.0,-0.7119,0.983,-0.65,1.3768,0.3735,1,0,0,0.663,0.322,0.678,0,0,0.0,2,LANDING_PHASE,-0.6758,0.9362,2.1038,-3.0248
313,2.495,-13.2399,12.9928,3.1694,-0.6804,0.903,-0.6442,3.598,3.661,4.714,-15.33,15.9987,0.2,0.0016,-0.038,0.0,-0.7121,0.9902,-0.65,1.3821,0.332,1,0,0,0.662,0.319,0.681,0,0,0.0,2,LANDING_PHASE,-0.682,0.9409,2.0902,-3.006
314,2.503,-13.2536,13.0111,3.1565,-0.6869,0.9169,-0.6448,3.585,3.638,4.688,-15.33,15.9981,0.2,0.0012,-0.0305,0.0,-0.7123,0.9974,-0.65,1.3873,0.3736,1,0,0,0.665,0.324,0.676,0,0,0.0,2,LANDING_PHASE,-0.6881,0.9473,2.0764,-2.987
315,2.512,-13.2675,13.0297,3.1436,-0.6924,0.9289,-0.6447,3.573,3.614,4.661,-15.33,15.9977,0.2,0.001,-0.023,0.0,-0.7124,1.0046,-0.65,1.3926,0.3304,1,0,0,0.663,0.32,0.68,0,0,0.0,2,LANDING_PHASE,-0.6934,0.9519,2.0625,-2.968
316,2.52,-13.2814,13.0485,3.1307,-0.6979,0.9422,-0.6448,3.56,3.591,4.635,-15.33,15.9974,0.2,0.0007,-0.0155,0.0,-0.7125,1.0119,-0.65,1.3979,0.371,1,0,0,0.666,0.323,0.677,0,0,0.0,2,LANDING_PHASE,-0.6986,0.9577,2.0486,-2.9488
317,2.529,-13.2955,13.0676,3.1178,-0.7024,0.9533,-0.6448,3.547,3.567,4.608,-15.33,15.9972,0.2,0.0003,-0.008,0.0,-0.7127,1.0191,-0.65,1.4032,0.3274,1,0,0,0.663,0.321,0.679,0,0,0.0,2,LANDING_PHASE,-0.7027,0.9613,2.0345,-2.9296
318,2.538,-13.3096,13.0869,3.1049,-0.7067,0.9653,-0.6448,3.534,3.543,4.582,-15.33,15.9972,0.2,0.0,-0.0005,0.0,-0.7128,1.0263,-0.65,1.4085,0.3681,1,0,0,0.665,0.32,0.68,0,0,0.0,2,LANDING_PHASE,-0.7067,0.9658,2.0204,-2.9103
319,2.547,-13.3238,13.1064,3.092,-0.7101,0.9746,-0.6448,3.521,3.519,4.555,-15.33,15.9973,0.2,-0.0003,0.007,0.0,-0.7129,1.0336,-0.65,1.4139,0.3314,1,0,0,0.663,0.32,0.68,0,0,0.0,2,LANDING_PHASE,-0.7098,0.9676,2.0062,-2.8909
320,2.556,-13.3381,13.1261,3.0791,-0.7133,0.9844,-0.6448,3.508,3.495,4.528,-15.33,15.9976,0.2,-0.0006,0.0145,0.0,-0.7131,1.0408,-0.65,1.4193,0.372,1,0,0,0.666,0.323,0.677,0,0,0.0,2,LANDING_PHASE,-0.7126,0.9699,1.9919,-2.8715
321,2.564,-13.3524,13.1459,3.0662,-0.7151,0.9917,-0.6447,3.495,3.471,4.501,-15.33,15.9981,0.2,-0.0009,0.022,0.0,-0.7131,1.0481,-0.65,1.4246,0.3322,1,0,0,0.664,0.325,0.675,0,0,0.0,2,LANDING_PHASE,-0.7142,0.9697,1.9777,-2.8521
322,2.571,-13.3667,13.1659,3.0534,-0.7164,0.9997,-0.6445,3.483,3.447,4.474,-15.33,15.9986,0.2,-0.0012,0.0295,0.0,-0.7132,1.0554,-0.65,1.43,0.3728,1,0,0,0.666,0.321,0.679,0,0,0.0,2,LANDING_PHASE,-0.7153,0.9702,1.9633,-2.8327
323,2.579,-13.381,13.186,3.0405,-0.717,1.0052,-0.6444,3.47,3.423,4.448,-15.3301,15.9994,0.2,-0.0016,0.037,0.0,-0.7133,1.0627,-0.65,1.4355,0.3405,1,0,0,0.665,0.33,0.67,0,0,0.0,2,LANDING_PHASE,-0.7155,0.9682,1.949,-2.8134
324,2.587,-13.3954,13.2062,3.0276,-0.7177,1.0114,-0.6449,3.457,3.398,4.421,-15.3301,16.0003,0.2,-0.0018,0.0445,0.0,-0.7133,1.0699,-0.65,1.4409,0.3795,1,0,0,0.669,0.32,0.68,0,0,0.0,2,LANDING_PHASE,-0.7159,0.9669,1.9347,-2.794
325,2.594,-13.4097,13.2266,3.0147,-0.717,1.0158,-0.6445,3.445,3.375,4.394,-15.3301,16.0013,0.2,-0.0022,0.052,0.0,-0.7135,1.0772,-0.65,1.4463,0.336,1,0,0,0.669,0.328,0.672,0,0,0.0,2,LANDING_PHASE,-0.7148,0.9638,1.9204,-2.7748
326,2.602,-13.424,13.247,3.0018,-0.7159,1.0218,-0.6442,3.432,3.351,4.368,-15.3302,16.0025,0.2,-0.0024,0.0594,0.0,-0.7134,1.0844,-0.65,1.4517,0.3722,1,0,0,0.673,0.324,0.676,0,0,0.0,2,LANDING_PHASE,-0.7134,0.9624,1.9062,-2.7555
327,2.609,-13.4383,13.2675,2.9889,-0.7141,1.0263,-0.644,3.419,3.327,4.341,-15.3303,16.0038,0.2,-0.0028,0.0669,0.0,-0.7136,1.0918,-0.65,1.4573,0.3223,1,0,0,0.671,0.328,0.672,0,0,0.0,2,LANDING_PHASE,-0.7113,0.9594,1.8919,-2.7363
328,2.617,-13.4526,13.2882,2.976,-0.7126,1.0325,-0.6439,3.407,3.303,4.315,-15.3303,16.0053,0.2,-0.0031,0.0744,0.0,-0.7136,1.099,-0.65,1.4627,0.3581,1,0,0,0.675,0.327,0.673,0,0,0.0,2,LANDING_PHASE,-0.7095,0.9581,1.8777,-2.7172
329,2.626,-13.4668,13.3089,2.9631,-0.7104,1.0368,-0.6444,3.394,3.279,4.288,-15.3304,16.007,0.2,-0.0034,0.0818,0.0,-0.7136,1.1062,-0.65,1.4682,0.3193,1,0,0,0.673,0.329,0.671,0,0,0.0,2,LANDING_PHASE,-0.707,0.955,1.8636,-2.6981
330,2.635,-13.481,13.3298,2.9503,-0.7084,1.0424,-0.6442,3.381,3.255,4.262,-15.3305,16.0088,0.2,-0.0037,0.0894,0.0,-0.7137,1.1136,-0.65,1.4737,0.3607,1,0,0,0.676,0.327,0.673,0,0,0.0,2,LANDING_PHASE,-0.7047,0.953,1.8495,-2.679
331,2.644,-13.4951,13.3507,2.9374,-0.706,1.0462,-0.6439,3.369,3.232,4.235,-15.3305,16.0107,0.2,-0.004,0.0969,0.0,-0.7137,1.1209,-0.65,1.4793,0.3232,1,0,0,0.675,0.33,0.67,0,0,0.0,2,LANDING_PHASE,-0.702,0.9493,1.8355,-2.66
332,2.653,-13.5092,13.3717,2.9245,-0.7041,1.0512,-0.6438,3.356,3.208,4.209,-15.3306,16.0128,0.2,-0.0043,0.1042,0.0,-0.7138,1.128,-0.65,1.4847,0.3644,1,0,0,0.678,0.329,0.671,0,0,0.0,2,LANDING_PHASE,-0.6998,0.9469,1.8215,-2.6411
333,2.661,-13.5232,13.3928,2.9116,-0.7015,1.0545,-0.6438,3.343,3.185,4.183,-15.3307,16.015,0.2,-0.0046,0.1118,0.0,-0.7138,1.1354,-0.65,1.4903,0.3273,1,0,0,0.677,0.332,0.668,0,0,0.0,2,LANDING_PHASE,-0.6969,0.9427,1.8075,-2.6222
334,2.669,-13.5372,13.414,2.8988,-0.6992,1.0592,-0.6437,3.331,3.161,4.157,-15.3308,16.0174,0.2,-0.005,0.1191,0.0,-0.7139,1.1425,-0.65,1.4958,0.3687,1,0,0,0.679,0.33,0.67,0,0,0.0,2,LANDING_PHASE,-0.6942,0.9401,1.7936,-2.6034
335,2.676,-13.5511,13.4352,2.8859,-0.697,1.0624,-0.6436,3.318,3.138,4.131,-15.3309,16.0199,0.2,-0.0052,0.1266,0.0,-0.7139,1.1498,-0.65,1.5014,0.3402,1,0,0,0.68,0.33,0.67,0,0,0.0,2,LANDING_PHASE,-0.6917,0.9357,1.7798,-2.5847
336,2.684,-13.565,13.4566,2.873,-0.696,1.0671,-0.6435,3.306,3.115,4.105,-15.331,16.0226,0.2,-0.0056,0.1341,0.0,-0.714,1.1571,-0.65,1.507,0.3813,1,0,0,0.685,0.335,0.665,0,0,0.0,2,LANDING_PHASE,-0.6904,0.933,1.766,-2.566
337,2.691,-13.5789,13.478,2.8602,-0.6944,1.0712,-0.6433,3.293,3.092,4.079,-15.3312,16.0254,0.2,-0.0059,0.1414,0.0,-0.714,1.1642,-0.65,1.5125,0.3367,1,0,0,0.685,0.334,0.666,0,0,0.0,2,LANDING_PHASE,-0.6886,0.9298,1.7522,-2.5475
338,2.699,-13.5928,13.4995,2.8473,-0.6934,1.0778,-0.6433,3.28,3.069,4.053,-15.3313,16.0284,0.2,-0.0062,0.149,0.0,-0.714,1.1716,-0.65,1.5182,0.3777,1,0,0,0.689,0.334,0.666,0,0,0.0,2,LANDING_PHASE,-0.6872,0.9289,1.7385,-2.5289
339,2.706,-13.6066,13.5212,2.8344,-0.6917,1.0834,-0.6432,3.268,3.046,4.027,-15.3314,16.0315,0.2,-0.0065,0.1563,0.0,-0.714,1.1787,-0.65,1.5237,0.3329,1,0,0,0.688,0.339,0.661,0,0,0.0,2,LANDING_PHASE,-0.6853,0.9271,1.7248,-2.5103
340,2.714,-13.6204,13.543,2.8216,-0.6905,1.091,-0.6433,3.255,3.023,4.001,-15.3315,16.0348,0.2,-0.0068,0.1637,0.0,-0.7141,1.186,-0.65,1.5294,0.3738,1,0,0,0.692,0.338,0.662,0,0,0.0,2,LANDING_PHASE,-0.6837,0.9272,1.7111,-2.4918
341,2.722,-13.6342,13.565,2.8087,-0.6887,1.0971,-0.6433,3.243,3.0,3.975,-15.3317,16.0382,0.2,-0.0071,0.1711,0.0,-0.7141,1.1931,-0.65,1.5349,0.3338,1,0,0,0.69,0.341,0.659,0,0,0.0,2,LANDING_PHASE,-0.6816,0.926,1.6975,-2.4733
342,2.731,-13.6479,13.5871,2.7958,-0.6872,1.1049,-0.6433,3.23,2.977,3.95,-15.3318,16.0418,0.2,-0.0074,0.1785,0.0,-0.7141,1.2004,-0.65,1.5406,0.3747,1,0,0,0.694,0.339,0.661,0,0,0.0,2,LANDING_PHASE,-0.6798,0.9263,1.6839,-2.4547
343,2.741,-13.6617,13.6093,2.783,-0.6856,1.1111,-0.6432,3.218,2.954,3.924,-15.332,16.0455,0.2,-0.0077,0.1859,0.0,-0.7142,1.2075,-0.65,1.5462,0.3295,1,0,0,0.692,0.342,0.658,0,0,0.0,2,LANDING_PHASE,-0.6779,0.9253,1.6703,-2.4362
344,2.749,-13.6754,13.6317,2.7701,-0.685,1.1191,-0.6432,3.205,2.931,3.898,-15.3321,16.0494,0.2,-0.0081,0.1932,0.0,-0.7134,1.2133,-0.6492,1.55,0.3702,1,0,0,0.694,0.342,0.658,0,0,0.0,2,LANDING_PHASE,-0.677,0.9258,1.6568,-2.4177
345,2.758,-13.689,13.6542,2.7572,-0.6843,1.1251,-0.643,3.193,2.908,3.872,-15.3323,16.0534,0.2,-0.0083,0.2007,0.0,-0.7108,1.2161,-0.6469,1.55,0.3416,1,0,0,0.694,0.345,0.655,0,0,0.0,2,LANDING_PHASE,-0.676,0.9244,1.6433,-2.3992
346,2.767,-13.7027,13.6768,2.7444,-0.6845,1.1324,-0.6422,3.181,2.885,3.847,-15.3325,16.0576,0.2,-0.0087,0.208,0.0,-0.7083,1.2187,-0.6445,1.55,0.3819,1,0,0,0.699,0.346,0.654,0,0,0.0,2,LANDING_PHASE,-0.6758,0.9244,1.6298,-2.3807
347,2.774,-13.7164,13.6996,2.7316,-0.6839,1.1387,-0.6405,3.168,2.862,3.821,-15.3327,16.0619,0.2,-0.0089,0.2152,0.0,-0.7058,1.2214,-0.6423,1.55,0.3356,1,0,0,0.699,0.345,0.655,0,0,0.0,2,LANDING_PHASE,-0.6749,0.9235,1.6163,-2.3623
348,2.782,-13.7301,13.7225,2.7188,-0.6834,1.1473,-0.6388,3.156,2.839,3.796,-15.3328,16.0663,0.2,-0.0093,0.2226,0.0,-0.7033,1.224,-0.6399,1.55,0.3753,1,0,0,0.703,0.348,0.652,0,0,0.0,2,LANDING_PHASE,-0.6741,0.9247,1.6028,-2.3438
349,2.79,-13.7437,13.7456,2.7061,-0.682,1.1546,-0.6368,3.143,2.817,3.77,-15.333,16.0709,0.2,-0.0095,0.2299,0.0,-0.7008,1.2267,-0.6377,1.55,0.3287,1,0,0,0.702,0.346,0.654,0,0,0.0,2,LANDING_PHASE,-0.6725,0.9246,1.5893,-2.3253
350,2.798,-13.7573,13.7689,2.6934,-0.6808,1.1636,-0.6349,3.131,2.794,3.745,-15.3332,16.0757,0.2,-0.0099,0.2372,0.0,-0.6984,1.2292,-0.6354,1.55,0.3684,1,0,0,0.705,0.351,0.649,0,0,0.0,2,LANDING_PHASE,-0.6709,0.9264,1.5759,-2.3068
351,2.806,-13.7709,13.7923,2.6807,-0.6786,1.1709,-0.6329,3.119,2.771,3.719,-15.3334,16.0806,0.2,-0.0102,0.2445,0.0,-0.696,1.2318,-0.6331,1.55,0.3268,1,0,0,0.704,0.348,0.652,0,0,0.0,2,LANDING_PHASE,-0.6685,0.9264,1.5625,-2.2882
352,2.815,-13.7844,13.8159,2.6681,-0.6765,1.1796,-0.6308,3.107,2.748,3.694,-15.3336,16.0856,0.2,-0.0104,0.2518,0.0,-0.6936,1.2342,-0.6309,1.55,0.3665,1,0,0,0.707,0.353,0.647,0,0,0.0,2,LANDING_PHASE,-0.6661,0.9278,1.5492,-2.2697
353,2.823,-13.7979,13.8396,2.6555,-0.6742,1.1865,-0.6286,3.095,2.725,3.668,-15.3339,16.0908,0.2,-0.0108,0.259,0.0,-0.6913,1.2367,-0.6287,1.55,0.3196,1,0,0,0.705,0.351,0.649,0,0,0.0,2,LANDING_PHASE,-0.6634,0.9275,1.5359,-2.2511
354,2.831,-13.8114,13.8635,2.643,-0.6725,1.1949,-0.6265,3.082,2.702,3.643,-15.3341,16.0961,0.2,-0.0111,0.2664,0.0,-0.6889,1.2391,-0.6264,1.55,0.359,1,0,0,0.707,0.351,0.649,0,0,0.0,2,LANDING_PHASE,-0.6614,0.9285,1.5227,-2.2326
355,2.84,-13.8248,13.8876,2.6305,-0.6704,1.2011,-0.6243,3.069,2.68,3.618,-15.3343,16.1016,0.2,-0.0113,0.2735,0.0,-0.6867,1.2415,-0.6243,1.55,0.3122,1,0,0,0.705,0.349,0.651,0,0,0.0,2,LANDING_PHASE,-0.6591,0.9276,1.5095,-2.214
356,2.849,-13.8382,13.9117,2.6181,-0.669,1.2083,-0.6221,3.056,2.657,3.593,-15.3345,16.1072,0.2,-0.0117,0.2807,0.0,-0.6844,1.2438,-0.6221,1.55,0.3513,1,0,0,0.706,0.351,0.649,0,0,0.0,2,LANDING_PHASE,-0.6573,0.9276,1.4964,-2.1954
357,2.857,-13.8515,13.936,2.6057,-0.6671,1.2129,-0.6199,3.043,2.634,3.567,-15.3348,16.1129,0.2,-0.012,0.2879,0.0,-0.6822,1.2461,-0.62,1.55,0.3045,1,0,0,0.703,0.35,0.65,0,0,0.0,2,LANDING_PHASE,-0.6551,0.9249,1.4833,-2.1769
358,2.865,-13.8648,13.9604,2.5933,-0.6658,1.218,-0.6177,3.031,2.612,3.542,-15.335,16.1188,0.2,-0.0123,0.2952,0.0,-0.6799,1.2484,-0.6178,1.55,0.3433,1,0,0,0.704,0.351,0.649,0,0,0.0,2,LANDING_PHASE,-0.6536,0.9229,1.4702,-2.1585
359,2.873,-13.8781,13.9848,2.581,-0.664,1.2202,-0.6165,3.018,2.589,3.517,-15.3353,16.1249,0.2,-0.0125,0.3022,0.0,-0.6777,1.2507,-0.6157,1.55,0.3347,1,0,0,0.704,0.351,0.649,0,0,0.0,2,LANDING_PHASE,-0.6515,0.918,1.4572,-2.1401
360,2.881,-13.8914,14.0092,2.5687,-0.6627,1.2226,-0.6145,3.005,2.567,3.493,-15.3355,16.1311,0.2,-0.0128,0.3095,0.0,-0.6754,1.2529,-0.6136,1.55,0.3638,1,0,0,0.706,0.351,0.649,0,0,0.0,2,LANDING_PHASE,-0.6499,0.9131,1.4442,-2.1219
361,2.889,-13.9046,14.0337,2.5565,-0.661,1.2243,-0.6118,2.992,2.544,3.468,-15.3358,16.1374,0.2,-0.0132,0.3165,0.0,-0.6732,1.2551,-0.6115,1.55,0.3202,1,0,0,0.704,0.348,0.652,0,0,0.0,2,LANDING_PHASE,-0.6478,0.9077,1.4312,-2.1037
362,2.897,-13.9178,14.0582,2.5443,-0.6605,1.2274,-0.6095,2.979,2.522,3.443,-15.3361,16.1439,0.2,-0.0134,0.3237,0.0,-0.671,1.2574,-0.6094,1.55,0.3625,1,0,0,0.705,0.35,0.65,0,0,0.0,2,LANDING_PHASE,-0.6471,0.9037,1.4183,-2.0856
363,2.904,-13.931,14.0828,2.5321,-0.6603,1.2282,-0.6073,2.967,2.5,3.419,-15.3363,16.1505,0.2,-0.0137,0.3308,0.0,-0.6687,1.2596,-0.6073,1.55,0.338,1,0,0,0.705,0.349,0.651,0,0,0.0,2,LANDING_PHASE,-0.6465,0.8974,1.4054,-2.0677
364,2.912,-13.9442,14.1074,2.52,-0.6612,1.2301,-0.6056,2.954,2.478,3.395,-15.3366,16.1573,0.2,-0.0141,0.3379,0.0,-0.6657,1.2615,-0.6067,1.55,0.379,1,0,0,0.709,0.354,0.646,0,0,0.0,2,LANDING_PHASE,-0.6472,0.8922,1.3924,-2.0498
365,2.919,-13.9574,14.132,2.5079,-0.6616,1.231,-0.6037,2.941,2.456,3.37,-15.3369,16.1642,0.2,-0.0143,0.3448,0.0,-0.6626,1.2634,-0.6061,1.55,0.3328,1,0,0,0.709,0.355,0.645,0,0,0.0,2,LANDING_PHASE,-0.6473,0.8861,1.3795,-2.0321
366,2.927,-13.9707,14.1567,2.4959,-0.6624,1.2341,-0.6024,2.929,2.434,3.346,-15.3372,16.1712,0.2,-0.0146,0.352,0.0,-0.6594,1.2653,-0.6055,1.55,0.3719,1,0,0,0.713,0.358,0.642,0,0,0.0,2,LANDING_PHASE,-0.6478,0.8821,1.3665,-2.0145
367,2.936,-13.9839,14.1814,2.4839,-0.6626,1.2358,-0.6013,2.916,2.412,3.322,-15.3375,16.1784,0.2,-0.0149,0.3591,0.0,-0.6562,1.2673,-0.6048,1.55,0.3256,1,0,0,0.712,0.355,0.645,0,0,0.0,2,LANDING_PHASE,-0.6477,0.8768,1.3536,-1.9969
368,2.944,-13.9972,14.2062,2.4719,-0.6631,1.2394,-0.6004,2.903,2.391,3.298,-15.3378,16.1857,0.2,-0.0152,0.366,0.0,-0.6531,1.2692,-0.6042,1.55,0.3645,1,0,0,0.715,0.357,0.643,0,0,0.0,2,LANDING_PHASE,-0.6479,0.8734,1.3406,-1.9795
369,2.953,-14.0105,14.231,2.4599,-0.6629,1.2413,-0.5996,2.891,2.369,3.274,-15.3381,16.1932,0.2,-0.0155,0.373,0.0,-0.6499,1.2712,-0.6035,1.55,0.3181,1,0,0,0.714,0.356,0.644,0,0,0.0,2,LANDING_PHASE,-0.6474,0.8683,1.3277,-1.9621
370,2.962,-14.0237,14.2559,2.4479,-0.6631,1.2445,-0.5988,2.878,2.348,3.25,-15.3384,16.2008,0.2,-0.0158,0.3799,0.0,-0.6467,1.2732,-0.6028,1.55,0.3568,1,0,0,0.716,0.357,0.643,0,0,0.0,2,LANDING_PHASE,-0.6473,0.8646,1.3147,-1.9448
371,2.97,-14.037,14.2808,2.4359,-0.6625,1.2457,-0.5981,2.866,2.326,3.226,-15.3388,16.2085,0.2,-0.0161,0.3869,0.0,-0.6434,1.2751,-0.6021,1.55,0.3124,1,0,0,0.715,0.355,0.645,0,0,0.0,2,LANDING_PHASE,-0.6464,0.8588,1.3018,-1.9276
372,2.978,-14.0502,14.3058,2.424,-0.6622,1.2478,-0.5973,2.853,2.305,3.203,-15.3391,16.2164,0.2,-0.0164,0.3939,0.0,-0.6401,1.2771,-0.6014,1.55,0.3509,1,0,0,0.718,0.359,0.641,0,0,0.0,2,LANDING_PHASE,-0.6458,0.8539,1.2889,-1.9106
373,2.986,-14.0634,14.3308,2.412,-0.661,1.2476,-0.5967,2.841,2.283,3.179,-15.3394,16.2244,0.2,-0.0166,0.4007,0.0,-0.6368,1.2791,-0.6006,1.55,0.3221,1,0,0,0.719,0.358,0.642,0,0,0.0,2,LANDING_PHASE,-0.6443,0.8469,1.276,-1.8936
374,2.995,-14.0766,14.3557,2.4001,-0.6599,1.2481,-0.5959,2.829,2.262,3.156,-15.3398,16.2325,0.2,-0.0169,0.4076,0.0,-0.6335,1.2811,-0.5998,1.55,0.3606,1,0,0,0.723,0.363,0.637,0,0,0.0,2,LANDING_PHASE,-0.6429,0.8405,1.2631,-1.8768
375,3.004,-14.0898,14.3807,2.3882,-0.6572,1.2474,-0.5951,2.817,2.241,3.132,-15.3401,16.2408,0.2,-0.0173,0.4146,0.0,-0.6302,1.2832,-0.599,1.55,0.3181,1,0,0,0.723,0.361,0.639,0,0,0.0,2,LANDING_PHASE,-0.6399,0.8328,1.2503,-1.8602
376,3.012,-14.1029,14.4056,2.3763,-0.6538,1.2484,-0.5943,2.805,2.22,3.109,-15.3404,16.2493,0.2,-0.0175,0.4212,0.0,-0.627,1.2851,-0.5982,1.55,0.3566,1,0,0,0.727,0.366,0.634,0,0,0.0,2,LANDING_PHASE,-0.6363,0.8272,1.2376,-1.8436
377,3.019,-14.1158,14.4306,2.3645,-0.6494,1.2481,-0.5935,2.793,2.2,3.086,-15.3408,16.2578,0.2,-0.0178,0.4282,0.0,-0.6238,1.2871,-0.5973,1.55,0.3102,1,0,0,0.727,0.362,0.638,0,0,0.0,2,LANDING_PHASE,-0.6316,0.8199,1.225,-1.8272
378,3.027,-14.1287,14.4556,2.3526,-0.645,1.2496,-0.5927,2.781,2.179,3.063,-15.3412,16.2665,0.2,-0.018,0.435,0.0,-0.6206,1.2891,-0.5964,1.55,0.3491,1,0,0,0.73,0.369,0.631,0,0,0.0,2,LANDING_PHASE,-0.627,0.8146,1.2124,-1.8109
379,3.035,-14.1415,14.4806,2.3408,-0.6394,1.2493,-0.5926,2.77,2.159,3.04,-15.3415,16.2753,0.2,-0.0184,0.4416,0.0,-0.6176,1.2909,-0.5955,1.55,0.3179,1,0,0,0.729,0.365,0.635,0,0,0.0,2,LANDING_PHASE,-0.621,0.8077,1.2,-1.7948
380,3.044,-14.1542,14.5056,2.3289,-0.6336,1.2505,-0.5914,2.758,2.139,3.018,-15.3419,16.2843,0.2,-0.0186,0.4485,0.0,-0.6145,1.2928,-0.5945,1.55,0.3623,1,0,0,0.732,0.371,0.629,0,0,0.0,2,LANDING_PHASE,-0.615,0.802,1.1877,-1.7787
381,3.052,-14.1668,14.5306,2.3171,-0.6279,1.2503,-0.5903,2.746,2.119,2.995,-15.3423,16.2934,0.2,-0.0189,0.4552,0.0,-0.6115,1.2947,-0.5935,1.55,0.32,1,0,0,0.731,0.367,0.633,0,0,0.0,2,LANDING_PHASE,-0.609,0.7951,1.1755,-1.7628
382,3.06,-14.1792,14.5556,2.3053,-0.6233,1.2519,-0.5893,2.733,2.099,2.973,-15.3427,16.3027,0.2,-0.0192,0.4619,0.0,-0.6086,1.2965,-0.5926,1.55,0.3644,1,0,0,0.733,0.371,0.629,0,0,0.0,2,LANDING_PHASE,-0.6041,0.7901,1.1634,-1.747
383,3.067,-14.1916,14.5807,2.2936,-0.6186,1.2518,-0.5883,2.72,2.079,2.951,-15.3431,16.312,0.2,-0.0195,0.4685,0.0,-0.6055,1.2984,-0.5916,1.55,0.3285,1,0,0,0.732,0.367,0.633,0,0,0.0,2,LANDING_PHASE,-0.5991,0.7833,1.1515,-1.7314
384,3.075,-14.2039,14.6057,2.2818,-0.6149,1.2531,-0.5878,2.706,2.06,2.929,-15.3435,16.3215,0.2,-0.0197,0.4751,0.0,-0.6026,1.3002,-0.5906,1.55,0.3714,1,0,0,0.734,0.369,0.631,0,0,0.0,2,LANDING_PHASE,-0.5951,0.778,1.1396,-1.7158
385,3.084,-14.2161,14.6308,2.2701,-0.6108,1.2528,-0.5865,2.693,2.04,2.907,-15.3439,16.3312,0.2,-0.02,0.4819,0.0,-0.5995,1.3021,-0.5895,1.55,0.3261,1,0,0,0.733,0.368,0.632,0,0,0.0,2,LANDING_PHASE,-0.5908,0.7709,1.1277,-1.7004
386,3.092,-14.2283,14.6559,2.2584,-0.6074,1.2542,-0.5854,2.68,2.021,2.885,-15.3443,16.3409,0.2,-0.0203,0.4884,0.0,-0.5965,1.3039,-0.5885,1.55,0.3678,1,0,0,0.736,0.369,0.631,0,0,0.0,2,LANDING_PHASE,-0.5872,0.7658,1.116,-1.6851
387,3.101,-14.2403,14.6809,2.2467,-0.6037,1.2537,-0.5844,2.666,2.002,2.863,-15.3447,16.3508,0.2,-0.0206,0.495,0.0,-0.5936,1.3058,-0.5874,1.55,0.3354,1,0,0,0.736,0.371,0.629,0,0,0.0,2,LANDING_PHASE,-0.5831,0.7587,1.1043,-1.6699
388,3.109,-14.2523,14.706,2.235,-0.6005,1.2544,-0.5835,2.653,1.983,2.841,-15.3451,16.3609,0.2,-0.0208,0.5015,0.0,-0.5906,1.3076,-0.5864,1.55,0.3765,1,0,0,0.74,0.375,0.625,0,0,0.0,2,LANDING_PHASE,-0.5797,0.7528,1.0927,-1.6548
389,3.118,-14.2643,14.7311,2.2234,-0.5964,1.2539,-0.5823,2.64,1.964,2.82,-15.3455,16.371,0.2,-0.0211,0.508,0.0,-0.5876,1.3094,-0.5853,1.55,0.3327,1,0,0,0.739,0.377,0.623,0,0,0.0,2,LANDING_PHASE,-0.5753,0.7458,1.0812,-1.6399
390,3.126,-14.2761,14.7562,2.2118,-0.5923,1.2553,-0.5812,2.626,1.946,2.799,-15.3459,16.3813,0.2,-0.0214,0.5145,0.0,-0.5848,1.3112,-0.5842,1.55,0.3735,1,0,0,0.743,0.38,0.62,0,0,0.0,2,LANDING_PHASE,-0.5709,0.7408,1.0698,-1.6251
391,3.134,-14.2879,14.7813,2.2002,-0.5876,1.2553,-0.58,2.613,1.927,2.778,-15.3464,16.3917,0.2,-0.0216,0.521,0.0,-0.5819,1.313,-0.583,1.55,0.3275,1,0,0,0.742,0.376,0.624,0,0,0.0,2,LANDING_PHASE,-0.5659,0.7343,1.0585,-1.6104
392,3.141,-14.2995,14.8065,2.1886,-0.5831,1.2571,-0.579,2.601,1.909,2.756,-15.3468,16.4023,0.2,-0.0219,0.5275,0.0,-0.5791,1.3147,-0.5819,1.55,0.3682,1,0,0,0.745,0.378,0.622,0,0,0.0,2,LANDING_PHASE,-0.5612,0.7296,1.0473,-1.5958
393,3.149,-14.3111,14.8316,2.177,-0.5781,1.2571,-0.5779,2.589,1.891,2.735,-15.3472,16.413,0.2,-0.0222,0.5338,0.0,-0.5765,1.3164,-0.5808,1.55,0.3289,1,0,0,0.743,0.381,0.619,0,0,0.0,2,LANDING_PHASE,-0.5559,0.7233,1.0362,-1.5814
394,3.156,-14.3226,14.8568,2.1655,-0.5734,1.2585,-0.5768,2.578,1.873,2.715,-15.3477,16.4238,0.2,-0.0225,0.5402,0.0,-0.5738,1.3181,-0.5796,1.55,0.3695,1,0,0,0.746,0.382,0.618,0,0,0.0,2,LANDING_PHASE,-0.551,0.7184,1.0251,-1.567
395,3.164,-14.3339,14.8819,2.154,-0.5691,1.2584,-0.5757,2.567,1.855,2.694,-15.3482,16.4347,0.2,-0.0227,0.5466,0.0,-0.571,1.3198,-0.5784,1.55,0.335,1,0,0,0.746,0.38,0.62,0,0,0.0,2,LANDING_PHASE,-0.5464,0.7119,1.0142,-1.5528
396,3.171,-14.3453,14.9071,2.1425,-0.566,1.2599,-0.5745,2.556,1.837,2.673,-15.3486,16.4458,0.2,-0.0229,0.5528,0.0,-0.5682,1.3215,-0.5773,1.55,0.3752,1,0,0,0.75,0.388,0.612,0,0,0.0,2,LANDING_PHASE,-0.5431,0.7071,1.0033,-1.5386
397,3.179,-14.3565,14.9323,2.131,-0.5627,1.2605,-0.5732,2.545,1.819,2.653,-15.3491,16.4569,0.2,-0.0232,0.5591,0.0,-0.5655,1.3232,-0.5761,1.55,0.3283,1,0,0,0.749,0.385,0.615,0,0,0.0,2,LANDING_PHASE,-0.5395,0.7013,0.9926,-1.5246
398,3.186,-14.3677,14.9576,2.1196,-0.5601,1.2632,-0.5721,2.533,1.802,2.633,-15.3495,16.4682,0.2,-0.0235,0.5654,0.0,-0.5627,1.3248,-0.575,1.55,0.3683,1,0,0,0.752,0.387,0.613,0,0,0.0,2,LANDING_PHASE,-0.5366,0.6978,0.9818,-1.5106
399,3.194,-14.3789,14.9829,2.1082,-0.5572,1.2647,-0.5709,2.522,1.784,2.612,-15.35,16.4797,0.2,-0.0237,0.5716,0.0,-0.56,1.3265,-0.5739,1.55,0.3214,1,0,0,0.752,0.387,0.613,0,0,0.0,2,LANDING_PHASE,-0.5334,0.693,0.9712,-1.4968
400,3.201,-14.39,15.0083,2.0968,-0.5549,1.2679,-0.5698,2.511,1.767,2.592,-15.3505,16.4912,0.2,-0.024,0.5777,0.0,-0.5572,1.3281,-0.5729,1.55,0.361,1,0,0,0.754,0.388,0.612,0,0,0.0,2,LANDING_PHASE,-0.5309,0.6901,0.9605,-1.483
401,3.21,-14.401,15.0336,2.0854,-0.5523,1.2693,-0.5687,2.5,1.75,2.572,-15.351,16.5029,0.2,-0.0243,0.584,0.0,-0.5282,1.2899,-0.1889,1.4066,0.318,1,1,0,0.754,0.388,0.612,0,0,0.0,2,DESCENT_PHASE,-0.528,0.6853,0.95,-1.4693
402,3.217,-14.412,15.0592,2.0769,-0.5496,1.2759,-0.4259,2.492,1.732,2.554,-15.3515,16.5147,0.2,-0.0245,0.5901,0.0,-0.5,1.251,-0.2703,1.3741,0.3717,1,1,0,0.757,0.391,0.609,0,0,0.0,2,DESCENT_PHASE,-0.5251,0.6858,0.9395,-1.4556
403,3.225,-14.4229,15.0847,2.0695,-0.5466,1.2779,-0.3667,2.485,1.715,2.537,-15.352,16.5266,0.2,-0.0247,0.5961,0.0,-0.4725,1.2117,-0.3504,1.3469,0.3197,1,1,0,0.757,0.388,0.612,0,0,0.0,2,DESCENT_PHASE,-0.5219,0.6818,0.929,-1.4419
404,3.232,-14.4338,15.1103,2.0623,-0.5447,1.2814,-0.3593,2.478,1.698,2.52,-15.3525,16.5387,0.2,-0.025,0.6022,0.0,-0.4448,1.1725,-0.3589,1.3044,0.322,1,1,0,0.757,0.384,0.616,0,0,0.0,2,DESCENT_PHASE,-0.5197,0.6792,0.9186,-1.4283
405,3.24,-14.4447,15.136,2.0552,-0.5425,1.283,-0.3578,2.471,1.681,2.504,-15.353,16.5509,0.2,-0.0253,0.6083,0.0,-0.4168,1.1335,-0.3597,1.2601,0.3147,1,1,0,0.754,0.382,0.618,0,0,0.0,2,DESCENT_PHASE,-0.5172,0.6746,0.9083,-1.4148
406,3.247,-14.4554,15.1617,2.0481,-0.5369,1.2828,-0.3565,2.465,1.665,2.487,-15.3535,16.5631,0.2,-0.0255,0.6143,0.0,-0.3885,1.0947,-0.3601,1.2162,0.3252,1,1,0,0.753,0.381,0.619,0,0,0.0,2,DESCENT_PHASE,-0.5114,0.6686,0.8981,-1.4015
407,3.255,-14.466,15.1873,2.0409,-0.5316,1.2799,-0.3559,2.458,1.648,2.471,-15.354,16.5755,0.2,-0.0257,0.6204,0.0,-0.3598,1.0563,-0.3594,1.1723,0.3007,1,1,0,0.749,0.378,0.622,0,0,0.0,2,DESCENT_PHASE,-0.5058,0.6595,0.888,-1.3883
408,3.263,-14.4765,15.2128,2.0339,-0.5233,1.275,-0.354,2.451,1.632,2.455,-15.3545,16.5881,0.2,-0.026,0.6262,0.0,-0.3306,1.0182,-0.3603,1.1295,0.3297,1,1,0,0.749,0.37,0.63,0,0,0.0,2,DESCENT_PHASE,-0.4973,0.6488,0.878,-1.3753
409,3.272,-14.4868,15.2381,2.0268,-0.5131,1.2659,-0.352,2.445,1.616,2.439,-15.355,16.6007,0.2,-0.0262,0.6321,0.0,-0.3008,0.9805,-0.361,1.0873,0.3155,1,1,0,0.746,0.368,0.632,0,0,0.0,2,DESCENT_PHASE,-0.4869,0.6338,0.8683,-1.3626
410,3.28,-14.4968,15.2632,2.0198,-0.4995,1.2543,-0.3509,2.438,1.6,2.423,-15.3556,16.6135,0.2,-0.0265,0.638,0.0,-0.2733,0.9476,-0.3605,1.05,0.3161,1,1,0,0.746,0.371,0.629,0,0,0.0,2,DESCENT_PHASE,-0.473,0.6163,0.8588,-1.3503
411,3.287,-14.5065,15.2879,2.0128,-0.4847,1.239,-0.3488,2.432,1.585,2.408,-15.3561,16.6263,0.2,-0.0268,0.6438,0.0,-0.2722,0.9477,-0.361,1.05,0.3109,1,1,0,0.741,0.369,0.631,0,0,0.0,2,DESCENT_PHASE,-0.458,0.5952,0.8497,-1.3384
412,3.295,-14.5158,15.3124,2.0059,-0.4661,1.2201,-0.3477,2.425,1.571,2.394,-15.3567,16.6393,0.2,-0.027,0.6495,0.0,-0.2717,0.9482,-0.36,1.05,0.3176,1,1,0,0.74,0.371,0.629,0,0,0.0,2,DESCENT_PHASE,-0.4391,0.5706,0.8409,-1.327
413,3.302,-14.5247,15.3363,1.9989,-0.4472,1.1968,-0.3472,2.418,1.557,2.379,-15.3572,16.6524,0.2,-0.0272,0.6554,0.0,-0.2713,0.9491,-0.3581,1.05,0.3386,1,1,0,0.739,0.366,0.634,0,0,0.0,2,DESCENT_PHASE,-0.42,0.5414,0.8325,-1.3162
414,3.31,-14.5332,15.3597,1.992,-0.4251,1.1701,-0.3475,2.411,1.544,2.366,-15.3577,16.6657,0.2,-0.0275,0.6611,0.0,-0.2713,0.9502,-0.3549,1.05,0.3586,1,1,0,0.738,0.364,0.636,0,0,0.0,2,DESCENT_PHASE,-0.3976,0.509,0.8245,-1.306
415,3.317,-14.5413,15.3825,1.985,-0.4018,1.1409,-0.3479,2.403,1.532,2.353,-15.3583,16.679,0.2,-0.0277,0.6668,0.0,-0.2715,0.9514,-0.3515,1.05,0.3358,1,1,0,0.738,0.365,0.635,0,0,0.0,2,DESCENT_PHASE,-0.3741,0.4741,0.817,-1.2965
416,3.325,-14.5488,15.4047,1.9781,-0.3791,1.1115,-0.3478,2.396,1.521,2.34,-15.3589,16.6925,0.2,-0.0279,0.6724,0.0,-0.2717,0.9524,-0.3487,1.05,0.3756,1,1,0,0.742,0.37,0.63,0,0,0.0,2,DESCENT_PHASE,-0.3511,0.439,0.81,-1.2877
417,3.332,-14.5559,15.4263,1.9711,-0.3546,1.0807,-0.3482,2.389,1.511,2.328,-15.3594,16.706,0.2,-0.0282,0.6781,0.0,-0.2722,0.9536,-0.3452,1.05,0.3568,1,1,0,0.742,0.368,0.632,0,0,0.0,2,DESCENT_PHASE,-0.3265,0.4027,0.8035,-1.2797
418,3.339,-14.5625,15.4474,1.9641,-0.3293,1.0518,-0.3479,2.382,1.502,2.317,-15.36,16.7197,0.2,-0.0284,0.6837,0.0,-0.2728,0.9543,-0.3425,1.05,0.3699,1,1,0,0.747,0.374,0.626,0,0,0.0,2,DESCENT_PHASE,-0.3009,0.3681,0.7975,-1.2723
419,3.347,-14.5686,15.4679,1.9572,-0.3063,1.024,-0.3474,2.376,1.493,2.306,-15.3606,16.7335,0.2,-0.0287,0.6892,0.0,-0.2733,0.955,-0.3403,1.05,0.3504,1,1,0,0.747,0.373,0.627,0,0,0.0,2,DESCENT_PHASE,-0.2776,0.3348,0.7919,-1.2656
420,3.354,-14.5743,15.4878,1.9503,-0.282,0.9983,-0.3469,2.369,1.485,2.295,-15.3611,16.7474,0.2,-0.0288,0.6947,0.0,-0.274,0.9556,-0.3381,1.05,0.3873,1,1,0,0.751,0.373,0.627,0,0,0.0,2,DESCENT_PHASE,-0.2532,0.3036,0.7869,-1.2595
421,3.362,-14.5795,15.5073,1.9433,-0.2597,0.9737,-0.3457,2.362,1.478,2.286,-15.3617,16.7614,0.2,-0.0291,0.7002,0.0,-0.2745,0.9559,-0.3368,1.05,0.3338,1,1,0,0.75,0.371,0.629,0,0,0.0,2,DESCENT_PHASE,-0.2307,0.2735,0.7822,-1.2541
422,3.369,-14.5843,15.5264,1.9365,-0.2398,0.9532,-0.3443,2.355,1.472,2.276,-15.3623,16.7755,0.2,-0.0293,0.7056,0.0,-0.2748,0.9561,-0.336,1.05,0.3735,1,1,0,0.754,0.374,0.626,0,0,0.0,2,DESCENT_PHASE,-0.2106,0.2476,0.778,-1.2491
423,3.378,-14.5887,15.545,1.9296,-0.2213,0.9332,-0.3431,2.349,1.466,2.267,-15.3629,16.7897,0.2,-0.0296,0.711,0.0,-0.2751,0.9564,-0.3349,1.05,0.3319,1,1,0,0.753,0.375,0.625,0,0,0.0,2,DESCENT_PHASE,-0.1918,0.2223,0.7742,-1.2447
424,3.386,-14.5928,15.5634,1.9228,-0.2052,0.9168,-0.3414,2.342,1.461,2.259,-15.3635,16.804,0.2,-0.0298,0.7164,0.0,-0.2751,0.9565,-0.3347,1.05,0.3707,1,1,0,0.756,0.388,0.612,0,0,0.0,2,DESCENT_PHASE,-0.1755,0.2004,0.7707,-1.2407
425,3.393,-14.5966,15.5814,1.916,-0.1919,0.9012,-0.3395,2.335,1.456,2.25,-15.3641,16.8185,0.2,-0.03,0.7216,0.0,-0.2748,0.9565,-0.3347,1.05,0.319,1,1,0,0.755,0.389,0.611,0,0,0.0,2,DESCENT_PHASE,-0.1619,0.1795,0.7674,-1.2371
426,3.401,-14.6003,15.5992,1.9092,-0.1825,0.8895,-0.3378,2.329,1.451,2.242,-15.3647,16.833,0.2,-0.0302,0.727,0.0,-0.2742,0.9567,-0.3347,1.05,0.3564,1,1,0,0.758,0.385,0.615,0,0,0.0,2,DESCENT_PHASE,-0.1524,0.1625,0.7644,-1.2338
427,3.408,-14.6038,15.6167,1.9025,-0.176,0.8782,-0.3362,2.322,1.447,2.235,-15.3653,16.8476,0.2,-0.0304,0.7321,0.0,-0.2733,0.957,-0.3346,1.05,0.3401,1,1,2,0.76,0.386,0.614,0,0,0.0,2,SETTLE_PHASE,-0.1456,0.146,0.7615,-1.2309
428,3.416,-14.6073,15.6341,1.8975,-0.1723,0.8674,-0.2492,2.318,1.444,2.228,-15.3659,16.8624,0.2,-0.0306,0.7375,0.0,-0.2623,0.9235,-0.4252,1.05,0.3928,1,1,2,0.766,0.399,0.601,0,0,0.0,2,SETTLE_PHASE,-0.1416,0.1299,0.7587,-1.2283
429,3.425,-14.6107,15.6513,1.8937,-0.1714,0.8598,-0.1923,2.314,1.44,2.223,-15.3665,16.8772,0.2,-0.0309,0.7425,0.0,-0.2539,0.8997,-0.478,1.05,0.3866,1,1,2,0.772,0.404,0.596,0,0,0.0,2,SETTLE_PHASE,-0.1405,0.1173,0.7558,-1.226
430,3.432,-14.6142,15.6685,1.8906,-0.1743,0.8595,-0.155,2.311,1.437,2.219,-15.3672,16.8922,0.2,-0.031,0.7477,0.0,-0.2476,0.884,-0.5097,1.05,0.3689,1,1,2,0.776,0.401,0.599,0,0,0.0,2,SETTLE_PHASE,-0.1433,0.1119,0.753,-1.2237
431,3.44,-14.6177,15.6858,1.888,-0.1775,0.865,-0.1305,2.309,1.433,2.214,-15.3678,16.9073,0.2,-0.0313,0.7527,0.0,-0.2431,0.8737,-0.5292,1.05,0.384,1,1,2,0.783,0.419,0.581,0,0,0.0,2,SETTLE_PHASE,-0.1462,0.1122,0.7501,-1.2215
432,3.447,-14.6214,15.7033,1.8857,-0.1848,0.8744,-0.1142,2.307,1.43,2.21,-15.3684,16.9224,0.2,-0.0315,0.7578,0.0,-0.2393,0.8672,-0.5415,1.05,0.3671,1,1,2,0.788,0.427,0.573,0,0,0.0,2,SETTLE_PHASE,-0.1533,0.1167,0.747,-1.2191
433,3.455,-14.6253,15.7211,1.8836,-0.1921,0.8893,-0.1036,2.305,1.426,2.206,-15.369,16.9377,0.2,-0.0317,0.7628,0.0,-0.2364,0.8631,-0.5492,1.05,0.3819,1,1,2,0.795,0.421,0.579,0,0,0.0,2,SETTLE_PHASE,-0.1604,0.1264,0.7438,-1.2166
434,3.462,-14.6293,15.7392,1.8817,-0.2029,0.908,-0.097,2.303,1.422,2.202,-15.3697,16.953,0.2,-0.0319,0.7677,0.0,-0.2337,0.8608,-0.554,1.05,0.3512,1,1,2,0.799,0.414,0.586,0,0,0.0,2,SETTLE_PHASE,-0.171,0.1403,0.7404,-1.2138
435,3.47,-14.6336,15.7579,1.8798,-0.2136,0.9321,-0.0934,2.301,1.417,2.198,-15.3703,16.9685,0.2,-0.0321,0.7727,0.0,-0.2315,0.8597,-0.5566,1.05,0.3257,1,1,2,0.8,0.417,0.583,0,0,0.0,2,SETTLE_PHASE,-0.1815,0.1594,0.7367,-1.2106
436,3.477,-14.6381,15.777,1.878,-0.2251,0.9591,-0.0919,2.3,1.412,2.193,-15.371,16.984,0.2,-0.0323,0.7775,0.0,-0.2295,0.8595,-0.5578,1.05,0.3487,1,1,2,0.802,0.426,0.574,0,0,0.0,2,SETTLE_PHASE,-0.1928,0.1815,0.7329,-1.207
437,3.485,-14.6429,15.7968,1.8761,-0.238,0.987,-0.0915,2.298,1.406,2.188,-15.3716,16.9997,0.2,-0.0325,0.7824,0.0,-0.2275,0.8598,-0.5581,1.05,0.3364,1,1,2,0.804,0.429,0.571,0,0,0.0,2,SETTLE_PHASE,-0.2055,0.2046,0.7288,-1.2029
438,3.492,-14.6478,15.8171,1.8743,-0.2494,1.0176,-0.0924,2.296,1.4,2.183,-15.3723,17.0154,0.2,-0.0327,0.7872,0.0,-0.2259,0.8605,-0.5577,1.05,0.3296,1,1,2,0.804,0.431,0.569,0,0,0.0,2,SETTLE_PHASE,-0.2167,0.2305,0.7244,-1.1983
439,3.5,-14.6531,15.8381,1.8724,-0.2622,1.0495,-0.0948,2.295,1.393,2.177,-15.3729,17.0313,0.2,-0.0329,0.7919,0.0,-0.2244,0.8618,-0.5562,1.05,0.3106,1,1,2,0.803,0.429,0.571,0,0,0.0,2,SETTLE_PHASE,-0.2293,0.2576,0.7198,-1.1931
440,3.507,-14.6586,15.8598,1.8704,-0.2742,1.0823,-0.097,2.293,1.386,2.171,-15.3736,17.0472,0.2,-0.0331,0.7966,0.0,-0.2229,0.863,-0.555,1.05,0.3511,1,1,2,0.804,0.433,0.567,0,0,0.0,2,SETTLE_PHASE,-0.2411,0.2857,0.715,-1.1874
441,3.515,-14.6643,15.8821,1.8685,-0.2853,1.114,-0.0983,2.291,1.378,2.164,-15.3743,17.0632,0.2,-0.0333,0.8013,0.0,-0.2214,0.8638,-0.5544,1.05,0.3109,1,1,2,0.803,0.426,0.574,0,0,0.0,2,SETTLE_PHASE,-0.252,0.3128,0.71,-1.1812
442,3.522,-14.6702,15.905,1.8665,-0.2957,1.1474,-0.1002,2.29,1.37,2.157,-15.3749,17.0793,0.2,-0.0335,0.8059,0.0,-0.2202,0.8647,-0.5535,1.05,0.3254,1,1,2,0.801,0.425,0.575,0,0,0.0,2,SETTLE_PHASE,-0.2622,0.3416,0.7047,-1.1743
443,3.531,-14.6763,15.9286,1.8644,-0.3045,1.179,-0.1018,2.29,1.36,2.15,-15.3756,17.0955,0.2,-0.0337,0.8104,0.0,-0.219,0.8654,-0.5528,1.05,0.3299,1,1,2,0.801,0.422,0.578,0,0,0.0,2,SETTLE_PHASE,-0.2708,0.3686,0.6993,-1.167
444,3.539,-14.6826,15.9528,1.8624,-0.314,1.2096,-0.1039,2.289,1.351,2.142,-15.3763,17.1118,0.2,-0.0339,0.815,0.0,-0.2178,0.8664,-0.5516,1.05,0.3065,1,1,2,0.799,0.419,0.581,0,0,0.0,2,SETTLE_PHASE,-0.2801,0.3946,0.6937,-1.1591
445,3.546,-14.689,15.9776,1.8603,-0.3214,1.2395,-0.1048,2.288,1.341,2.134,-15.377,17.1282,0.2,-0.034,0.8195,0.0,-0.2168,0.8668,-0.5515,1.05,0.3186,1,1,2,0.797,0.419,0.581,0,0,0.0,2,SETTLE_PHASE,-0.2874,0.42,0.688,-1.1507
446,3.554,-14.6956,16.0029,1.8582,-0.3283,1.2667,-0.1051,2.287,1.33,2.126,-15.3776,17.1447,0.2,-0.0342,0.824,0.0,-0.2157,0.867,-0.5517,1.05,0.31,1,1,2,0.794,0.418,0.582,0,0,0.0,2,SETTLE_PHASE,-0.2941,0.4427,0.6821,-1.1418
447,3.562,-14.7022,16.0287,1.8561,-0.3324,1.2919,-0.1051,2.286,1.319,2.117,-15.3783,17.1613,0.2,-0.0344,0.8283,0.0,-0.2149,0.8669,-0.552,1.05,0.3251,1,1,2,0.793,0.421,0.579,0,0,0.0,2,SETTLE_PHASE,-0.2979,0.4637,0.6761,-1.1325
448,3.571,-14.7089,16.055,1.854,-0.3367,1.3143,-0.1048,2.284,1.308,2.108,-15.379,17.1779,0.2,-0.0346,0.8327,0.0,-0.214,0.8669,-0.5524,1.05,0.3169,1,1,2,0.791,0.417,0.583,0,0,0.0,2,SETTLE_PHASE,-0.3021,0.4817,0.6701,-1.1229
449,3.579,-14.7157,16.0817,1.8519,-0.3378,1.3347,-0.105,2.283,1.296,2.1,-15.3797,17.1947,0.2,-0.0348,0.837,0.0,-0.2136,0.867,-0.5524,1.05,0.306,1,1,2,0.788,0.42,0.58,0,0,0.0,2,SETTLE_PHASE,-0.303,0.4976,0.664,-1.1129
450,3.586,-14.7225,16.1088,1.8498,-0.3389,1.3524,-0.1048,2.282,1.284,2.091,-15.3804,17.2115,0.2,-0.035,0.8412,0.0,-0.2132,0.867,-0.5525,1.05,0.3244,1,1,2,0.786,0.417,0.583,0,0,0.0,2,SETTLE_PHASE,-0.3039,0.5112,0.6579,-1.1027
451,3.594,-14.7292,16.1361,1.8477,-0.3378,1.3664,-0.1036,2.281,1.272,2.082,-15.3811,17.2284,0.2,-0.0351,0.8454,0.0,-0.2128,0.8667,-0.5533,1.05,0.3024,1,1,2,0.782,0.413,0.587,0,0,0.0,2,SETTLE_PHASE,-0.3027,0.521,0.6519,-1.0923
452,3.601,-14.736,16.1637,1.8457,-0.3367,1.378,-0.1022,2.28,1.26,2.073,-15.3818,17.2454,0.2,-0.0353,0.8496,0.0,-0.2125,0.8663,-0.554,1.05,0.3361,1,1,2,0.781,0.413,0.587,0,0,0.0,2,SETTLE_PHASE,-0.3014,0.5284,0.6459,-1.0817
453,3.608,-14.7426,16.1914,1.8436,-0.3339,1.3855,-0.1012,2.279,1.248,2.064,-15.3825,17.2625,0.2,-0.0354,0.8538,0.0,-0.2123,0.8662,-0.5542,1.05,0.304,1,1,2,0.777,0.41,0.59,0,0,0.0,2,SETTLE_PHASE,-0.2985,0.5316,0.6399,-1.0711
454,3.616,-14.7493,16.2192,1.8416,-0.3305,1.3915,-0.1,2.277,1.236,2.055,-15.3832,17.2796,0.2,-0.0356,0.8578,0.0,-0.2122,0.8661,-0.5544,1.05,0.3456,1,1,2,0.776,0.406,0.594,0,0,0.0,2,SETTLE_PHASE,-0.2949,0.5337,0.634,-1.0604
455,3.624,-14.7558,16.2471,1.8396,-0.3275,1.3937,-0.0991,2.276,1.223,2.046,-15.384,17.2969,0.2,-0.0358,0.8618,0.0,-0.2121,0.8662,-0.5542,1.05,0.3042,1,1,2,0.772,0.403,0.597,0,0,0.0,2,SETTLE_PHASE,-0.2917,0.5319,0.6282,-1.0498
456,3.632,-14.7623,16.275,1.8377,-0.3255,1.3954,-0.0983,2.275,1.211,2.037,-15.3847,17.3142,0.2,-0.036,0.8658,0.0,-0.2119,0.8665,-0.5539,1.05,0.3453,1,1,2,0.771,0.4,0.6,0,0,0.0,2,SETTLE_PHASE,-0.2895,0.5295,0.6224,-1.0392
457,3.64,-14.7688,16.3028,1.8357,-0.3236,1.3932,-0.0979,2.274,1.199,2.028,-15.3854,17.3316,0.2,-0.0361,0.8698,0.0,-0.2115,0.8671,-0.5531,1.05,0.3198,1,1,2,0.768,0.401,0.599,0,0,0.0,2,SETTLE_PHASE,-0.2875,0.5234,0.6166,-1.0287
458,3.647,-14.7752,16.3306,1.8338,-0.3225,1.3906,-0.0974,2.273,1.188,2.02,-15.3861,17.349,0.2,-0.0363,0.8737,0.0,-0.211,0.8677,-0.5523,1.05,0.3605,1,1,2,0.77,0.397,0.603,0,0,0.0,2,SETTLE_PHASE,-0.2862,0.5169,0.6109,-1.0184
459,3.655,-14.7816,16.3584,1.8318,-0.3204,1.3855,-0.0972,2.272,1.176,2.011,-15.3869,17.3666,0.2,-0.0365,0.8776,0.0,-0.2107,0.8686,-0.5511,1.05,0.3191,1,1,2,0.767,0.397,0.603,0,0,0.0,2,SETTLE_PHASE,-0.2839,0.5079,0.6052,-1.0082
460,3.662,-14.788,16.386,1.8299,-0.318,1.3812,-0.0969,2.271,1.164,2.003,-15.3876,17.3842,0.2,-0.0366,0.8813,0.0,-0.2103,0.8693,-0.55,1.05,0.3599,1,1,2,0.768,0.4,0.6,0,0,0.0,2,SETTLE_PHASE,-0.2815,0.4999,0.5996,-0.9982
461,3.67,-14.7943,16.4135,1.828,-0.3153,1.3746,-0.0969,2.27,1.153,1.995,-15.3883,17.4019,0.2,-0.0368,0.8851,0.0,-0.2101,0.8703,-0.5486,1.05,0.3151,1,1,2,0.765,0.391,0.609,0,0,0.0,2,SETTLE_PHASE,-0.2785,0.4895,0.594,-0.9885
462,3.678,-14.8006,16.4408,1.826,-0.3129,1.3688,-0.0969,2.269,1.142,1.987,-15.3891,17.4197,0.2,-0.037,0.8888,0.0,-0.2098,0.8713,-0.5472,1.05,0.3557,1,1,2,0.765,0.393,0.607,0,0,0.0,2,SETTLE_PHASE,-0.276,0.4799,0.5885,-0.9789
463,3.686,-14.8068,16.4681,1.8241,-0.3103,1.3604,-0.0973,2.268,1.131,1.979,-15.3898,17.4376,0.2,-0.0371,0.8924,0.0,-0.2094,0.8725,-0.5453,1.05,0.3509,1,1,2,0.766,0.395,0.605,0,0,0.0,2,SETTLE_PHASE,-0.2733,0.4679,0.583,-0.9695
464,3.694,-14.8129,16.4951,1.8221,-0.3083,1.3526,-0.0979,2.268,1.121,1.972,-15.3906,17.4555,0.2,-0.0372,0.8961,0.0,-0.209,0.8739,-0.5433,1.05,0.3596,1,1,2,0.767,0.398,0.602,0,0,0.0,2,SETTLE_PHASE,-0.2711,0.4565,0.5776,-0.9604
465,3.702,-14.8191,16.522,1.8202,-0.3061,1.3453,-0.0978,2.267,1.11,1.964,-15.3913,17.4735,0.2,-0.0373,0.8996,0.0,-0.2086,0.8749,-0.5419,1.05,0.3524,1,1,2,0.769,0.399,0.601,0,0,0.0,2,SETTLE_PHASE,-0.2688,0.4457,0.5722,-0.9515
466,3.709,-14.8252,16.5488,1.8182,-0.3058,1.3396,-0.0975,2.266,1.1,1.957,-15.392,17.4915,0.2,-0.0375,0.9031,0.0,-0.2078,0.8757,-0.5408,1.05,0.3362,1,1,2,0.768,0.401,0.599,0,0,0.0,2,SETTLE_PHASE,-0.2683,0.4364,0.5669,-0.9427
467,3.717,-14.8313,16.5755,1.8163,-0.3049,1.335,-0.0972,2.266,1.09,1.949,-15.3928,17.5097,0.2,-0.0377,0.9066,0.0,-0.2072,0.8765,-0.5397,1.05,0.3474,1,1,2,0.771,0.403,0.597,0,0,0.0,2,SETTLE_PHASE,-0.2672,0.4285,0.5615,-0.9342
468,3.724,-14.8374,16.6021,1.8143,-0.3065,1.3308,-0.0978,2.265,1.08,1.942,-15.3936,17.5279,0.2,-0.0378,0.91,0.0,-0.2063,0.8777,-0.5381,1.05,0.3339,1,1,2,0.77,0.401,0.599,0,0,0.0,2,SETTLE_PHASE,-0.2687,0.4208,0.5562,-0.9257
469,3.732,-14.8435,16.6287,1.8124,-0.307,1.3278,-0.0974,2.264,1.07,1.935,-15.3943,17.5461,0.2,-0.038,0.9133,0.0,-0.2054,0.8784,-0.5373,1.05,0.3497,1,1,2,0.773,0.404,0.596,0,0,0.0,2,SETTLE_PHASE,-0.2691,0.4145,0.5508,-0.9174
470,3.739,-14.8497,16.6552,1.8104,-0.3099,1.3252,-0.0971,2.263,1.06,1.928,-15.3951,17.5645,0.2,-0.0381,0.9167,0.0,-0.2042,0.8792,-0.5364,1.05,0.3371,1,1,2,0.773,0.407,0.593,0,0,0.0,2,SETTLE_PHASE,-0.2718,0.4086,0.5453,-0.9093
471,3.747,-14.856,16.6817,1.8085,-0.3115,1.3241,-0.097,2.263,1.051,1.921,-15.3958,17.5829,0.2,-0.0382,0.9199,0.0,-0.2031,0.88,-0.5356,1.05,0.3526,1,1,2,0.776,0.411,0.589,0,0,0.0,2,SETTLE_PHASE,-0.2733,0.4042,0.5399,-0.9012
472,3.754,-14.8623,16.7081,1.8065,-0.3149,1.3234,-0.0969,2.262,1.041,1.914,-15.3966,17.6013,0.2,-0.0383,0.9232,0.0,-0.2018,0.8808,-0.5348,1.05,0.3408,1,1,2,0.776,0.407,0.593,0,0,0.0,2,SETTLE_PHASE,-0.2766,0.4002,0.5343,-0.8932
473,3.761,-14.8686,16.7346,1.8046,-0.3167,1.3242,-0.0973,2.261,1.031,1.907,-15.3974,17.6198,0.2,-0.0385,0.9263,0.0,-0.2008,0.8817,-0.5336,1.05,0.3537,1,1,2,0.779,0.415,0.585,0,0,0.0,2,SETTLE_PHASE,-0.2782,0.3979,0.5288,-0.8852
474,3.769,-14.875,16.7611,1.8027,-0.3198,1.3258,-0.0971,2.26,1.021,1.9,-15.3982,17.6384,0.2,-0.0386,0.9295,0.0,-0.1995,0.8824,-0.533,1.05,0.3378,1,1,2,0.78,0.416,0.584,0,0,0.0,2,SETTLE_PHASE,-0.2812,0.3963,0.5232,-0.8773
475,3.776,-14.8814,16.7877,1.8007,-0.321,1.3289,-0.0972,2.26,1.012,1.894,-15.3989,17.6571,0.2,-0.0387,0.9325,0.0,-0.1986,0.883,-0.5324,1.05,0.3349,1,1,2,0.781,0.417,0.583,0,0,0.0,2,SETTLE_PHASE,-0.2823,0.3964,0.5175,-0.8694
476,3.784,-14.8879,16.8144,1.7988,-0.323,1.3326,-0.0977,2.259,1.002,1.887,-15.3997,17.6758,0.2,-0.0389,0.9356,0.0,-0.1976,0.8838,-0.5314,1.05,0.3232,1,1,2,0.78,0.416,0.584,0,0,0.0,2,SETTLE_PHASE,-0.2842,0.3971,0.5118,-0.8614
477,3.792,-14.8943,16.8411,1.7968,-0.3232,1.3367,-0.0974,2.258,0.992,1.88,-15.4005,17.6946,0.2,-0.039,0.9384,0.0,-0.1968,0.8842,-0.5311,1.05,0.3403,1,1,2,0.781,0.417,0.583,0,0,0.0,2,SETTLE_PHASE,-0.2843,0.3983,0.5061,-0.8535
478,3.8,-14.9008,16.8679,1.7949,-0.3249,1.3401,-0.0972,2.257,0.982,1.873,-15.4013,17.7134,0.2,-0.0391,0.9414,0.0,-0.1958,0.8846,-0.5306,1.05,0.3301,1,1,2,0.78,0.414,0.586,0,0,0.0,2,SETTLE_PHASE,-0.2858,0.3987,0.5004,-0.8455
479,3.809,-14.9073,16.8948,1.7929,-0.3245,1.3439,-0.0978,2.256,0.973,1.866,-15.402,17.7323,0.2,-0.0392,0.9442,0.0,-0.1952,0.8853,-0.5297,1.05,0.3432,1,1,2,0.782,0.416,0.584,0,0,0.0,2,SETTLE_PHASE,-0.2852,0.3996,0.4947,-0.8375
480,3.819,-14.9138,16.9217,1.791,-0.3252,1.3472,-0.0974,2.255,0.963,1.86,-15.4028,17.7512,0.2,-0.0393,0.9471,0.0,-0.1943,0.8857,-0.5294,1.05,0.3304,1,1,2,0.782,0.418,0.582,0,0,0.0,2,SETTLE_PHASE,-0.2858,0.4001,0.489,-0.8295
481,3.826,-14.9203,16.9487,1.789,-0.3235,1.351,-0.0973,2.254,0.953,1.853,-15.4036,17.7702,0.2,-0.0394,0.9498,0.0,-0.1938,0.886,-0.529,1.05,0.3442,1,1,2,0.784,0.42,0.58,0,0,0.0,2,SETTLE_PHASE,-0.2841,0.4012,0.4833,-0.8215
482,3.834,-14.9268,16.9758,1.7871,-0.3227,1.3545,-0.0972,2.253,0.943,1.846,-15.4044,17.7893,0.2,-0.0396,0.9525,0.0,-0.1932,0.8864,-0.5286,1.05,0.3312,1,1,2,0.784,0.42,0.58,0,0,0.0,2,SETTLE_PHASE,-0.2831,0.4019,0.4777,-0.8134
483,3.843,-14.9331,17.003,1.7851,-0.3192,1.3586,-0.0973,2.252,0.934,1.84,-15.4052,17.8084,0.2,-0.0397,0.9552,0.0,-0.1932,0.8868,-0.528,1.05,0.3183,1,1,2,0.784,0.414,0.586,0,0,0.0,2,SETTLE_PHASE,-0.2795,0.4034,0.4721,-0.8054
484,3.851,-14.9395,17.0303,1.7832,-0.3162,1.3625,-0.0979,2.252,0.924,1.833,-15.406,17.8275,0.2,-0.0398,0.9578,0.0,-0.1931,0.8874,-0.5271,1.05,0.3358,1,1,2,0.783,0.416,0.584,0,0,0.0,2,SETTLE_PHASE,-0.2764,0.4047,0.4665,-0.7973
485,3.86,-14.9457,17.0576,1.7812,-0.3116,1.365,-0.0977,2.251,0.914,1.826,-15.4068,17.8467,0.2,-0.0399,0.9604,0.0,-0.1932,0.8876,-0.5266,1.05,0.3228,1,1,2,0.783,0.412,0.588,0,0,0.0,2,SETTLE_PHASE,-0.2716,0.4047,0.4611,-0.7892
486,3.869,-14.9518,17.0849,1.7793,-0.3075,1.3672,-0.0977,2.248,0.904,1.82,-15.4076,17.866,0.2,-0.04,0.9628,0.0,-0.1933,0.8879,-0.5261,1.05,0.3319,1,1,2,0.781,0.411,0.589,0,0,0.0,2,SETTLE_PHASE,-0.2675,0.4043,0.4558,-0.7811
487,3.877,-14.9579,17.1123,1.7773,-0.3019,1.368,-0.0974,2.246,0.895,1.813,-15.4084,17.8853,0.2,-0.0401,0.9653,0.0,-0.1936,0.8881,-0.5256,1.05,0.3394,1,1,2,0.782,0.415,0.585,0,0,0.0,2,SETTLE_PHASE,-0.2618,0.4027,0.4505,-0.773
488,3.885,-14.9638,17.1396,1.7754,-0.2973,1.3679,-0.0972,2.244,0.885,1.807,-15.4092,17.9046,0.2,-0.0402,0.9677,0.0,-0.1938,0.8884,-0.5251,1.05,0.3241,1,1,2,0.781,0.411,0.589,0,0,0.0,2,SETTLE_PHASE,-0.2571,0.4003,0.4454,-0.765
489,3.892,-14.9696,17.167,1.7734,-0.2906,1.3677,-0.0971,2.242,0.876,1.801,-15.41,17.924,0.2,-0.0403,0.9701,0.0,-0.1943,0.8886,-0.5244,1.05,0.3357,1,1,2,0.783,0.415,0.585,0,0,0.0,2,SETTLE_PHASE,-0.2503,0.3976,0.4404,-0.7571
490,3.9,-14.9753,17.1943,1.7715,-0.285,1.3666,-0.0977,2.24,0.867,1.795,-15.4108,17.9435,0.2,-0.0404,0.9723,0.0,-0.1948,0.8893,-0.5232,1.05,0.3241,1,1,2,0.781,0.412,0.588,0,0,0.0,2,SETTLE_PHASE,-0.2446,0.3943,0.4355,-0.7492
491,3.907,-14.9809,17.2216,1.7695,-0.2769,1.3655,-0.0977,2.238,0.857,1.788,-15.4116,17.963,0.2,-0.0405,0.9746,0.0,-0.1958,0.8895,-0.5224,1.05,0.3449,1,1,2,0.783,0.415,0.585,0,0,0.0,2,SETTLE_PHASE,-0.2364,0.3909,0.4307,-0.7414
492,3.915,-14.9863,17.2489,1.7676,-0.2696,1.3636,-0.0975,2.236,0.848,1.782,-15.4124,17.9825,0.2,-0.0405,0.9768,0.0,-0.1965,0.8897,-0.5218,1.05,0.3332,1,1,2,0.781,0.411,0.589,0,0,0.0,2,SETTLE_PHASE,-0.229,0.3868,0.4262,-0.7336
493,3.922,-14.9915,17.2761,1.7656,-0.2613,1.3622,-0.0981,2.234,0.84,1.777,-15.4133,18.0021,0.2,-0.0407,0.9789,0.0,-0.1977,0.8902,-0.5205,1.05,0.343,1,1,2,0.783,0.415,0.585,0,0,0.0,2,SETTLE_PHASE,-0.2206,0.3832,0.4218,-0.726
494,3.93,-14.9966,17.3033,1.7637,-0.2551,1.3604,-0.0977,2.232,0.831,1.771,-15.4141,18.0217,0.2,-0.0408,0.9809,0.0,-0.1984,0.8903,-0.52,1.05,0.3269,1,1,2,0.782,0.411,0.589,0,0,0.0,2,SETTLE_PHASE,-0.2143,0.3795,0.4175,-0.7184
495,3.939,-15.0016,17.3305,1.7617,-0.2477,1.3592,-0.0976,2.229,0.822,1.765,-15.4149,18.0414,0.2,-0.0408,0.983,0.0,-0.1994,0.8905,-0.5194,1.05,0.3345,1,1,2,0.783,0.414,0.586,0,0,0.0,2,SETTLE_PHASE,-0.2069,0.3763,0.4133,-0.7109
496,3.947,-15.0064,17.3577,1.7597,-0.2423,1.3577,-0.0979,2.227,0.814,1.759,-15.4157,18.0611,0.2,-0.0409,0.9851,0.0,-0.2002,0.8909,-0.5185,1.05,0.3255,1,1,2,0.781,0.413,0.587,0,0,0.0,2,SETTLE_PHASE,-0.2014,0.3727,0.4093,-0.7034
497,3.955,-15.0111,17.3848,1.7578,-0.2356,1.3565,-0.0983,2.225,0.805,1.754,-15.4165,18.0808,0.2,-0.041,0.9869,0.0,-0.2012,0.8912,-0.5175,1.05,0.3372,1,1,2,0.782,0.412,0.588,0,0,0.0,2,SETTLE_PHASE,-0.1946,0.3697,0.4054,-0.696
498,3.964,-15.0157,17.4119,1.7558,-0.2311,1.3547,-0.0979,2.223,0.797,1.748,-15.4173,18.1006,0.2,-0.0411,0.9888,0.0,-0.2018,0.8912,-0.5172,1.05,0.3228,1,1,2,0.781,0.411,0.589,0,0,0.0,2,SETTLE_PHASE,-0.19,0.3659,0.4016,-0.6887
499,3.972,-15.0202,17.439,1.7539,-0.2253,1.3531,-0.0976,2.221,0.789,1.743,-15.4182,18.1204,0.2,-0.0412,0.9906,0.0,-0.2027,0.8913,-0.5168,1.05,0.3372,1,1,2,0.783,0.411,0.589,0,0,0.0,2,SETTLE_PHASE,-0.1842,0.3625,0.3979,-0.6814
500,3.98,-15.0247,17.466,1.7519,-0.2216,1.3509,-0.0977,2.22,0.781,1.737,-15.419,18.1402,0.2,-0.0412,0.9923,0.0,-0.2033,0.8915,-0.5161,1.05,0.3238,1,1,2,0.781,0.411,0.589,0,0,0.0,2,SETTLE_PHASE,-0.1804,0.3586,0.3943,-0.6743
501,3.988,-15.029,17.493,1.75,-0.2163,1.3491,-0.0975,2.219,0.773,1.732,-15.4198,18.1601,0.2,-0.0413,0.9941,0.0,-0.2042,0.8917,-0.5155,1.05,0.3309,1,1,2,0.782,0.409,0.591,0,0,0.0,2,SETTLE_PHASE,-0.1751,0.355,0.3908,-0.6672
502,3.996,-15.0333,17.5199,1.748,-0.2128,1.3469,-0.0977,2.218,0.765,1.727,-15.4206,18.18,0.2,-0.0414,0.9957,0.0,-0.2048,0.8919,-0.5148,1.05,0.319,1,1,2,0.78,0.411,0.589,0,0,0.0,2,SETTLE_PHASE,-0.1714,0.3511,0.3874,-0.6601
503,4.005,-15.0374,17.5468,1.7461,-0.2077,1.3445,-0.0975,2.217,0.758,1.722,-15.4215,18.2,0.2,-0.0414,0.9973,0.0,-0.2057,0.892,-0.5143,1.05,0.3396,1,1,2,0.781,0.41,0.59,0,0,0.0,2,SETTLE_PHASE,-0.1663,0.3472,0.3841,-0.6532
504,4.013,-15.0415,17.5736,1.7441,-0.2045,1.3411,-0.0974,2.216,0.75,1.717,-15.4223,18.22,0.2,-0.0415,0.9989,0.0,-0.2063,0.8922,-0.5138,1.05,0.3283,1,1,2,0.78,0.409,0.591,0,0,0.0,2,SETTLE_PHASE,-0.163,0.3422,0.3808,-0.6464
505,4.022,-15.0455,17.6004,1.7422,-0.2001,1.338,-0.0972,2.215,0.743,1.712,-15.4231,18.24,0.2,-0.0416,1.0003,0.0,-0.2071,0.8923,-0.5133,1.05,0.3451,1,1,2,0.781,0.41,0.59,0,0,0.0,2,SETTLE_PHASE,-0.1585,0.3376,0.3776,-0.6396
506,4.031,-15.0495,17.6271,1.7402,-0.1977,1.3343,-0.0971,2.215,0.735,1.707,-15.424,18.26,0.2,-0.0416,1.0018,0.0,-0.2076,0.8925,-0.5127,1.05,0.3345,1,1,2,0.78,0.41,0.59,0,0,0.0,2,SETTLE_PHASE,-0.156,0.3325,0.3745,-0.633
507,4.039,-15.0533,17.6537,1.7383,-0.1937,1.3311,-0.0979,2.214,0.728,1.702,-15.4248,18.2801,0.2,-0.0416,1.0032,0.0,-0.2084,0.893,-0.5115,1.05,0.3427,1,1,2,0.781,0.41,0.59,0,0,0.0,2,SETTLE_PHASE,-0.1521,0.3279,0.3715,-0.6264
508,4.047,-15.0572,17.6802,1.7363,-0.1914,1.3276,-0.0978,2.213,0.721,1.697,-15.4256,18.3002,0.2,-0.0417,1.0045,0.0,-0.2089,0.8932,-0.511,1.05,0.3282,1,1,2,0.78,0.413,0.587,0,0,0.0,2,SETTLE_PHASE,-0.1497,0.3231,0.3685,-0.6199
509,4.054,-15.0609,17.7067,1.7344,-0.188,1.3244,-0.0975,2.212,0.714,1.692,-15.4265,18.3203,0.2,-0.0418,1.0057,0.0,-0.2096,0.8932,-0.5107,1.05,0.3415,1,1,2,0.781,0.413,0.587,0,0,0.0,2,SETTLE_PHASE,-0.1462,0.3186,0.3656,-0.6136
510,4.061,-15.0647,17.7331,1.7324,-0.1867,1.3208,-0.0974,2.211,0.707,1.688,-15.4273,18.3404,0.2,-0.0418,1.0071,0.0,-0.2099,0.8934,-0.5101,1.05,0.3275,1,1,2,0.78,0.413,0.587,0,0,0.0,2,SETTLE_PHASE,-0.1449,0.3137,0.3627,-0.6073
511,4.069,-15.0683,17.7595,1.7305,-0.184,1.3177,-0.0972,2.21,0.701,1.683,-15.4281,18.3606,0.2,-0.0419,1.0081,0.0,-0.2105,0.8935,-0.5098,1.05,0.3419,1,1,2,0.782,0.411,0.589,0,0,0.0,2,SETTLE_PHASE,-0.1422,0.3095,0.3598,-0.6011
512,4.076,-15.072,17.7858,1.7285,-0.1831,1.3143,-0.0971,2.21,0.694,1.679,-15.429,18.3808,0.2,-0.0419,1.0093,0.0,-0.2107,0.8937,-0.5094,1.05,0.3279,1,1,2,0.782,0.413,0.587,0,0,0.0,2,SETTLE_PHASE,-0.1412,0.305,0.357,-0.595
513,4.084,-15.0756,17.812,1.7266,-0.1805,1.3116,-0.0972,2.209,0.687,1.674,-15.4298,18.401,0.2,-0.042,1.0104,0.0,-0.2114,0.8938,-0.5088,1.05,0.3338,1,1,2,0.783,0.415,0.585,0,0,0.0,2,SETTLE_PHASE,-0.1385,0.3011,0.3542,-0.589
514,4.091,-15.0792,17.8382,1.7246,-0.1792,1.3087,-0.0978,2.208,0.681,1.67,-15.4307,18.4212,0.2,-0.042,1.0113,0.0,-0.2118,0.8942,-0.508,1.05,0.3237,1,1,2,0.781,0.415,0.585,0,0,0.0,2,SETTLE_PHASE,-0.1372,0.2974,0.3515,-0.583
515,4.098,-15.0827,17.8643,1.7227,-0.1773,1.3061,-0.0975,2.207,0.674,1.665,-15.4315,18.4414,0.2,-0.0421,1.0123,0.0,-0.2123,0.8942,-0.5078,1.05,0.3427,1,1,2,0.781,0.414,0.586,0,0,0.0,2,SETTLE_PHASE,-0.1352,0.2937,0.3488,-0.5772
516,4.106,-15.0863,17.8903,1.7207,-0.1781,1.3026,-0.0972,2.206,0.668,1.661,-15.4323,18.4617,0.2,-0.0421,1.0132,0.0,-0.2122,0.8943,-0.5076,1.05,0.334,1,1,2,0.78,0.412,0.588,0,0,0.0,2,SETTLE_PHASE,-0.136,0.2894,0.346,-0.5714
517,4.114,-15.0899,17.9163,1.7188,-0.1782,1.2994,-0.0971,2.205,0.662,1.657,-15.4332,18.482,0.2,-0.0421,1.014,0.0,-0.2123,0.8945,-0.5073,1.05,0.3415,1,1,2,0.781,0.41,0.59,0,0,0.0,2,SETTLE_PHASE,-0.1361,0.2854,0.3433,-0.5657
518,4.123,-15.0935,17.9422,1.7169,-0.1807,1.2957,-0.0969,2.204,0.655,1.652,-15.434,18.5023,0.2,-0.0422,1.0149,0.0,-0.2119,0.8947,-0.507,1.05,0.331,1,1,2,0.779,0.411,0.589,0,0,0.0,2,SETTLE_PHASE,-0.1386,0.2808,0.3406,-0.56
519,4.131,-15.0971,17.9681,1.7149,-0.1824,1.2922,-0.0972,2.203,0.649,1.648,-15.4349,18.5226,0.2,-0.0422,1.0155,0.0,-0.2116,0.8951,-0.5065,1.05,0.3405,1,1,2,0.78,0.413,0.587,0,0,0.0,2,SETTLE_PHASE,-0.1402,0.2767,0.3378,-0.5545
520,4.139,-15.1009,17.9939,1.7129,-0.1868,1.288,-0.098,2.203,0.643,1.644,-15.4357,18.5429,0.2,-0.0422,1.0162,0.0,-0.2108,0.8958,-0.5055,1.05,0.3457,1,1,2,0.78,0.413,0.587,0,0,0.0,2,SETTLE_PHASE,-0.1446,0.2718,0.3349,-0.5491
521,4.146,-15.1047,18.0195,1.711,-0.1908,1.2839,-0.0979,2.202,0.637,1.64,-15.4366,18.5633,0.2,-0.0422,1.0169,0.0,-0.2099,0.8962,-0.5052,1.05,0.3468,1,1,2,0.783,0.416,0.584,0,0,0.0,2,SETTLE_PHASE,-0.1485,0.267,0.3319,-0.5437
522,4.154,-15.1086,18.0451,1.709,-0.1961,1.2804,-0.0975,2.201,0.631,1.636,-15.4374,18.5836,0.2,-0.0422,1.0174,0.0,-0.2087,0.8965,-0.5052,1.05,0.3337,1,1,2,0.782,0.413,0.587,0,0,0.0,2,SETTLE_PHASE,-0.1538,0.263,0.3288,-0.5385
523,4.161,-15.1126,18.0707,1.7071,-0.1998,1.2779,-0.0979,2.2,0.625,1.631,-15.4383,18.604,0.2,-0.0423,1.018,0.0,-0.2078,0.897,-0.5047,1.05,0.3482,1,1,2,0.784,0.418,0.582,0,0,0.0,2,SETTLE_PHASE,-0.1575,0.2599,0.3257,-0.5333
524,4.169,-15.1167,18.0962,1.7051,-0.2054,1.2753,-0.0976,2.199,0.619,1.627,-15.4391,18.6243,0.2,-0.0423,1.0184,0.0,-0.2065,0.8973,-0.5047,1.05,0.3316,1,1,2,0.783,0.416,0.584,0,0,0.0,2,SETTLE_PHASE,-0.1631,0.2569,0.3224,-0.5281
525,4.177,-15.1209,18.1217,1.7032,-0.2095,1.2736,-0.0974,2.198,0.613,1.623,-15.4399,18.6447,0.2,-0.0423,1.0187,0.0,-0.2054,0.8975,-0.5048,1.05,0.3459,1,1,2,0.786,0.419,0.581,0,0,0.0,2,SETTLE_PHASE,-0.1672,0.2549,0.3191,-0.523
526,4.184,-15.1252,18.1471,1.7012,-0.2146,1.2716,-0.0973,2.197,0.607,1.619,-15.4408,18.6651,0.2,-0.0423,1.0192,0.0,-0.204,0.8979,-0.5047,1.05,0.3342,1,1,2,0.786,0.418,0.582,0,0,0.0,2,SETTLE_PHASE,-0.1723,0.2524,0.3156,-0.518
527,4.193,-15.1295,18.1725,1.6993,-0.2173,1.2703,-0.0972,1.499,0.6,1.615,-15.4416,18.6855,0.2,-0.0423,1.0194,0.0,-0.2031,0.8981,-0.5047,1.05,0.3486,1,1,2,0.788,0.421,0.579,0,0,0.0,2,SETTLE_PHASE,-0.175,0.251,0.3121,-0.513
528,4.201,-15.1339,18.1979,1.6974,-0.2207,1.2689,-0.0971,1.497,0.594,1.611,-15.4425,18.7059,0.2,-0.0423,1.0197,0.0,-0.202,0.8983,-0.5047,1.05,0.3367,1,1,2,0.788,0.421,0.579,0,0,0.0,2,SETTLE_PHASE,-0.1783,0.2492,0.3085,-0.508
529,4.209,-15.1384,18.2233,1.6954,-0.2211,1.2683,-0.0971,1.495,0.588,1.607,-15.4433,18.7263,0.2,-0.0424,1.0199,0.0,-0.2015,0.8985,-0.5046,1.05,0.339,1,1,2,0.79,0.422,0.578,0,0,0.0,2,SETTLE_PHASE,-0.1788,0.2484,0.305,-0.503
530,4.217,-15.1428,18.2486,1.6935,-0.2219,1.2677,-0.097,1.493,0.582,1.603,-15.4442,18.7467,0.2,-0.0423,1.02,0.0,-0.2009,0.8986,-0.5047,1.05,0.3269,1,1,2,0.789,0.422,0.578,0,0,0.0,2,SETTLE_PHASE,-0.1796,0.2478,0.3014,-0.4981
531,4.226,-15.1472,18.274,1.6915,-0.2201,1.2672,-0.0969,1.492,0.576,1.599,-15.445,18.7671,0.2,-0.0424,1.0201,0.0,-0.2008,0.8986,-0.5046,1.05,0.3436,1,1,2,0.791,0.42,0.58,0,0,0.0,2,SETTLE_PHASE,-0.1777,0.2471,0.2978,-0.4931
532,4.234,-15.1516,18.2993,1.6896,-0.2189,1.2658,-0.0968,1.49,0.57,1.595,-15.4459,18.7875,0.2,-0.0423,1.0201,0.0,-0.2006,0.8987,-0.5046,1.05,0.3314,1,1,2,0.791,0.422,0.578,0,0,0.0,2,SETTLE_PHASE,-0.1766,0.2457,0.2943,-0.4882
533,4.242,-15.1559,18.3246,1.6877,-0.215,1.2647,-0.0969,1.488,0.564,1.591,-15.4467,18.8079,0.2,-0.0424,1.0201,0.0,-0.201,0.8987,-0.5044,1.05,0.3522,1,1,2,0.793,0.425,0.575,0,0,0.0,2,SETTLE_PHASE,-0.1726,0.2446,0.2908,-0.4833
534,4.25,-15.1601,18.3498,1.6857,-0.2116,1.2631,-0.0968,1.486,0.558,1.587,-15.4476,18.8283,0.2,-0.0423,1.02,0.0,-0.2007,0.8985,-0.5049,1.05,0.3399,1,1,2,0.793,0.424,0.576,0,0,0.0,2,SETTLE_PHASE,-0.1692,0.2431,0.2875,-0.4785
535,4.257,-15.1642,18.3751,1.6838,-0.206,1.2623,-0.0977,1.484,0.552,1.583,-15.4484,18.8487,0.2,-0.0424,1.0198,0.0,-0.2002,0.8981,-0.5058,1.05,0.3292,1,1,2,0.793,0.425,0.575,0,0,0.0,2,SETTLE_PHASE,-0.1636,0.2426,0.2842,-0.4736
536,4.265,-15.1683,18.4003,1.6818,-0.2014,1.2617,-0.0974,1.482,0.547,1.579,-15.4493,18.8691,0.2,-0.0423,1.0196,0.0,-0.1993,0.8972,-0.5077,1.05,0.3258,1,1,2,0.791,0.418,0.582,0,0,0.0,2,SETTLE_PHASE,-0.1591,0.2421,0.281,-0.4688
537,4.273,-15.1722,18.4255,1.6799,-0.1955,1.2604,-0.0972,1.48,0.541,1.576,-15.4501,18.8894,0.2,-0.0423,1.0193,0.0,-0.1988,0.8963,-0.5095,1.05,0.3334,1,1,2,0.792,0.419,0.581,0,0,0.0,2,SETTLE_PHASE,-0.1531,0.2411,0.2779,-0.4639
538,4.281,-15.176,18.4507,1.6779,-0.1914,1.2579,-0.0975,1.478,0.535,1.572,-15.451,18.9098,0.2,-0.0423,1.019,0.0,-0.1979,0.8958,-0.5108,1.05,0.329,1,1,2,0.79,0.416,0.584,0,0,0.0,2,SETTLE_PHASE,-0.1491,0.2389,0.275,-0.4592
539,4.289,-15.1797,18.4758,1.676,-0.1862,1.2549,-0.0973,1.476,0.53,1.568,-15.4518,18.9302,0.2,-0.0423,1.0186,0.0,-0.1974,0.8949,-0.5125,1.05,0.3355,1,1,2,0.79,0.418,0.582,0,0,0.0,2,SETTLE_PHASE,-0.1438,0.2363,0.2721,-0.4544
540,4.297,-15.1834,18.5008,1.674,-0.1829,1.251,-0.0972,1.474,0.524,1.564,-15.4527,18.9506,0.2,-0.0423,1.0181,0.0,-0.1964,0.8943,-0.514,1.05,0.3307,1,1,2,0.789,0.419,0.581,0,0,0.0,2,SETTLE_PHASE,-0.1406,0.2328,0.2693,-0.4498
541,4.304,-15.187,18.5257,1.6721,-0.1785,1.2468,-0.0971,1.472,0.519,1.561,-15.4535,18.9709,0.2,-0.0422,1.0178,0.0,-0.1957,0.8936,-0.5155,1.05,0.3375,1,1,2,0.79,0.417,0.583,0,0,0.0,2,SETTLE_PHASE,-0.1362,0.229,0.2665,-0.4452
542,4.312,-15.1905,18.5506,1.6702,-0.1762,1.2418,-0.0972,1.47,0.514,1.557,-15.4543,18.9913,0.2,-0.0422,1.0172,0.0,-0.1946,0.8931,-0.5167,1.05,0.337,1,1,2,0.788,0.417,0.583,0,0,0.0,2,SETTLE_PHASE,-0.1339,0.2246,0.2639,-0.4407
543,4.321,-15.1939,18.5753,1.6682,-0.1729,1.2368,-0.0971,1.468,0.509,1.554,-15.4552,19.0116,0.2,-0.0422,1.0166,0.0,-0.1938,0.8925,-0.5181,1.05,0.3438,1,1,2,0.79,0.417,0.583,0,0,0.0,2,SETTLE_PHASE,-0.1307,0.2202,0.2613,-0.4363
544,4.329,-15.1974,18.5999,1.6663,-0.1717,1.2316,-0.0976,1.466,0.504,1.55,-15.456,19.0319,0.2,-0.0422,1.0159,0.0,-0.1925,0.8922,-0.5191,1.05,0.332,1,1,2,0.788,0.42,0.58,0,0,0.0,2,SETTLE_PHASE,-0.1295,0.2156,0.2587,-0.432
545,4.338,-15.2008,18.6245,1.6643,-0.1693,1.2268,-0.0977,1.464,0.499,1.547,-15.4569,19.0522,0.2,-0.0422,1.0153,0.0,-0.1915,0.8917,-0.5203,1.05,0.3463,1,1,2,0.79,0.42,0.58,0,0,0.0,2,SETTLE_PHASE,-0.1272,0.2116,0.2561,-0.4278
546,4.347,-15.2041,18.6489,1.6624,-0.1693,1.2217,-0.0974,1.462,0.494,1.543,-15.4577,19.0725,0.2,-0.0422,1.0144,0.0,-0.19,0.8911,-0.5219,1.05,0.334,1,1,2,0.789,0.421,0.579,0,0,0.0,2,SETTLE_PHASE,-0.1272,0.2073,0.2536,-0.4236
547,4.354,-15.2075,18.6732,1.6604,-0.1682,1.2172,-0.0972,1.46,0.489,1.54,-15.4586,19.0928,0.2,-0.0421,1.0138,0.0,-0.1887,0.8905,-0.5234,1.05,0.3486,1,1,2,0.791,0.422,0.578,0,0,0.0,2,SETTLE_PHASE,-0.1261,0.2035,0.2511,-0.4195
548,4.362,-15.2109,18.6975,1.6585,-0.169,1.2125,-0.0971,1.458,0.484,1.537,-15.4594,19.113,0.2,-0.0421,1.0128,0.0,-0.1869,0.89,-0.5249,1.05,0.3366,1,1,2,0.79,0.423,0.577,0,0,0.0,2,SETTLE_PHASE,-0.127,0.1997,0.2485,-0.4155
549,4.369,-15.2143,18.7217,1.6565,-0.1683,1.2085,-0.0972,1.446,0.48,1.533,-15.4602,19.1333,0.2,-0.0421,1.0118,0.0,-0.1856,0.8894,-0.5263,1.05,0.3501,1,1,2,0.792,0.422,0.578,0,0,0.0,2,SETTLE_PHASE,-0.1263,0.1966,0.246,-0.4116
550,4.377,-15.2176,18.7458,1.6546,-0.1692,1.2044,-0.097,1.444,0.475,1.53,-15.4611,19.1535,0.2,-0.042,1.011,0.0,-0.1838,0.8889,-0.5278,1.05,0.3375,1,1,2,0.792,0.42,0.58,0,0,0.0,2,SETTLE_PHASE,-0.1273,0.1934,0.2434,-0.4077
551,4.384,-15.221,18.7698,1.6526,-0.1683,1.2012,-0.0969,1.442,0.47,1.527,-15.4619,19.1737,0.2,-0.042,1.0098,0.0,-0.1826,0.8882,-0.5294,1.05,0.3514,1,1,2,0.794,0.424,0.576,0,0,0.0,2,SETTLE_PHASE,-0.1263,0.1914,0.2409,-0.4039
552,4.391,-15.2244,18.7937,1.6507,-0.1686,1.1981,-0.0969,1.44,0.466,1.524,-15.4628,19.1939,0.2,-0.0419,1.0089,0.0,-0.1809,0.8876,-0.531,1.05,0.3387,1,1,2,0.794,0.424,0.576,0,0,0.0,2,SETTLE_PHASE,-0.1267,0.1893,0.2384,-0.4001
553,4.399,-15.2277,18.8177,1.6488,-0.1667,1.1961,-0.0969,1.438,0.461,1.52,-15.4636,19.214,0.2,-0.0419,1.0077,0.0,-0.1799,0.8868,-0.5326,1.05,0.3447,1,1,2,0.796,0.426,0.574,0,0,0.0,2,SETTLE_PHASE,-0.1248,0.1885,0.2359,-0.3964
554,4.406,-15.231,18.8416,1.6468,-0.1656,1.1943,-0.0969,1.436,0.457,1.517,-15.4644,19.2342,0.2,-0.0418,1.0065,0.0,-0.1787,0.886,-0.5344,1.05,0.3319,1,1,2,0.796,0.428,0.572,0,0,0.0,2,SETTLE_PHASE,-0.1238,0.1878,0.2334,-0.3926
555,4.413,-15.2343,18.8654,1.6449,-0.1624,1.1931,-0.0969,1.434,0.452,1.514,-15.4653,19.2543,0.2,-0.0417,1.0053,0.0,-0.178,0.8851,-0.5361,1.05,0.3488,1,1,2,0.798,0.43,0.57,0,0,0.0,2,SETTLE_PHASE,-0.1206,0.1879,0.231,-0.3888
556,4.421,-15.2375,18.8892,1.643,-0.1601,1.1917,-0.0969,1.432,0.448,1.511,-15.4661,19.2743,0.2,-0.0417,1.0039,0.0,-0.1772,0.8842,-0.5379,1.05,0.3359,1,1,2,0.798,0.429,0.571,0,0,0.0,2,SETTLE_PHASE,-0.1183,0.1877,0.2286,-0.3851
557,4.429,-15.2406,18.9131,1.641,-0.1555,1.1911,-0.0971,1.431,0.443,1.508,-15.4669,19.2944,0.2,-0.0416,1.0026,0.0,-0.177,0.8832,-0.5395,1.05,0.3314,1,1,2,0.799,0.43,0.57,0,0,0.0,2,SETTLE_PHASE,-0.1139,0.1885,0.2264,-0.3813
558,4.436,-15.2436,18.9369,1.6391,-0.152,1.1906,-0.097,1.429,0.439,1.505,-15.4678,19.3144,0.2,-0.0416,1.0012,0.0,-0.1766,0.8821,-0.5414,1.05,0.3186,1,1,2,0.796,0.427,0.573,0,0,0.0,2,SETTLE_PHASE,-0.1104,0.1895,0.2241,-0.3775
559,4.444,-15.2466,18.9607,1.6371,-0.1471,1.1896,-0.0971,1.427,0.435,1.501,-15.4686,19.3344,0.2,-0.0415,0.9997,0.0,-0.1766,0.881,-0.5432,1.05,0.3366,1,1,2,0.797,0.425,0.575,0,0,0.0,2,SETTLE_PHASE,-0.1055,0.1899,0.222,-0.3737
560,4.451,-15.2494,18.9844,1.6352,-0.144,1.1873,-0.097,1.425,0.43,1.498,-15.4694,19.3544,0.2,-0.0415,0.9982,0.0,-0.1761,0.88,-0.545,1.05,0.3241,1,1,2,0.795,0.423,0.577,0,0,0.0,2,SETTLE_PHASE,-0.1025,0.1891,0.22,-0.37
561,4.459,-15.2522,19.0081,1.6333,-0.1397,1.1848,-0.097,1.423,0.426,1.495,-15.4703,19.3743,0.2,-0.0414,0.9966,0.0,-0.176,0.8789,-0.5468,1.05,0.3395,1,1,2,0.796,0.423,0.577,0,0,0.0,2,SETTLE_PHASE,-0.0983,0.1882,0.218,-0.3662
562,4.468,-15.255,19.0317,1.6313,-0.1372,1.1813,-0.097,1.421,0.422,1.492,-15.4711,19.3942,0.2,-0.0413,0.9951,0.0,-0.1755,0.878,-0.5485,1.05,0.3274,1,1,2,0.795,0.422,0.578,0,0,0.0,2,SETTLE_PHASE,-0.0959,0.1863,0.2161,-0.3625
563,4.477,-15.2576,19.0553,1.6294,-0.1331,1.1779,-0.0971,1.419,0.418,1.489,-15.4719,19.4141,0.2,-0.0412,0.9933,0.0,-0.1755,0.877,-0.5501,1.05,0.3498,1,1,2,0.796,0.422,0.578,0,0,0.0,2,SETTLE_PHASE,-0.0919,0.1846,0.2143,-0.3588
564,4.486,-15.2603,19.0788,1.6274,-0.1305,1.1737,-0.0971,1.417,0.414,1.486,-15.4727,19.4339,0.2,-0.0412,0.9915,0.0,-0.1751,0.876,-0.5517,1.05,0.3378,1,1,2,0.795,0.422,0.578,0,0,0.0,2,SETTLE_PHASE,-0.0893,0.1822,0.2125,-0.3551
565,4.494,-15.2628,19.1022,1.6255,-0.127,1.1703,-0.0975,1.415,0.41,1.483,-15.4736,19.4537,0.2,-0.0411,0.9898,0.0,-0.175,0.8752,-0.553,1.05,0.3499,1,1,2,0.797,0.428,0.572,0,0,0.0,2,SETTLE_PHASE,-0.0859,0.1805,0.2108,-0.3515
566,4.502,-15.2653,19.1255,1.6235,-0.1258,1.1669,-0.0973,1.413,0.406,1.48,-15.4744,19.4735,0.2,-0.0411,0.988,0.0,-0.1744,0.8741,-0.555,1.05,0.3356,1,1,2,0.796,0.429,0.571,0,0,0.0,2,SETTLE_PHASE,-0.0847,0.1789,0.2091,-0.3479
567,4.51,-15.2678,19.1488,1.6216,-0.1234,1.1643,-0.0971,1.411,0.402,1.477,-15.4752,19.4932,0.2,-0.041,0.9861,0.0,-0.1741,0.8729,-0.557,1.05,0.3488,1,1,2,0.798,0.431,0.569,0,0,0.0,2,SETTLE_PHASE,-0.0825,0.1782,0.2074,-0.3444
568,4.517,-15.2702,19.172,1.6197,-0.123,1.1618,-0.097,1.409,0.398,1.474,-15.476,19.5129,0.2,-0.0409,0.9841,0.0,-0.1733,0.8718,-0.559,1.05,0.3345,1,1,2,0.797,0.43,0.57,0,0,0.0,2,SETTLE_PHASE,-0.0822,0.1777,0.2058,-0.3408
569,4.525,-15.2727,19.1952,1.6177,-0.1211,1.1603,-0.0971,1.407,0.394,1.472,-15.4768,19.5325,0.2,-0.0408,0.9822,0.0,-0.173,0.8706,-0.5609,1.05,0.3305,1,1,2,0.798,0.431,0.569,0,0,0.0,2,SETTLE_PHASE,-0.0804,0.1781,0.2042,-0.3373
570,4.532,-15.2751,19.2184,1.6158,-0.1209,1.159,-0.0972,1.405,0.39,1.469,-15.4776,19.5521,0.2,-0.0407,0.9801,0.0,-0.1723,0.8694,-0.5629,1.05,0.3226,1,1,2,0.795,0.426,0.574,0,0,0.0,2,SETTLE_PHASE,-0.0801,0.1789,0.2026,-0.3337
571,4.54,-15.2775,19.2416,1.6138,-0.1196,1.1575,-0.0971,1.403,0.386,1.466,-15.4785,19.5717,0.2,-0.0406,0.978,0.0,-0.1719,0.8681,-0.5652,1.05,0.3334,1,1,2,0.795,0.427,0.573,0,0,0.0,2,SETTLE_PHASE,-0.079,0.1796,0.201,-0.3301
572,4.547,-15.2799,19.2647,1.6119,-0.1208,1.1548,-0.0977,1.401,0.383,1.463,-15.4793,19.5912,0.2,-0.0405,0.9758,0.0,-0.1708,0.8672,-0.5668,1.05,0.3377,1,1,2,0.794,0.427,0.573,0,0,0.0,2,SETTLE_PHASE,-0.0803,0.179,0.1994,-0.3265
573,4.554,-15.2823,19.2877,1.6099,-0.1214,1.1517,-0.0973,1.399,0.379,1.46,-15.4801,19.6107,0.2,-0.0404,0.9736,0.0,-0.1698,0.8659,-0.5691,1.05,0.3456,1,1,2,0.796,0.427,0.573,0,0,0.0,2,SETTLE_PHASE,-0.081,0.1781,0.1978,-0.3229
574,4.562,-15.2848,19.3107,1.608,-0.1241,1.1485,-0.0975,1.397,0.375,1.457,-15.4809,19.6301,0.2,-0.0403,0.9714,0.0,-0.1682,0.8649,-0.5711,1.05,0.3329,1,1,2,0.794,0.426,0.574,0,0,0.0,2,SETTLE_PHASE,-0.0838,0.1771,0.1961,-0.3194
575,4.57,-15.2873,19.3336,1.606,-0.1257,1.1459,-0.0979,1.396,0.371,1.454,-15.4817,19.6495,0.2,-0.0403,0.969,0.0,-0.167,0.8639,-0.573,1.05,0.3462,1,1,2,0.795,0.43,0.57,0,0,0.0,2,SETTLE_PHASE,-0.0854,0.1768,0.1944,-0.3159
576,4.579,-15.2899,19.3565,1.6041,-0.1296,1.1428,-0.0976,1.394,0.367,1.451,-15.4825,19.6688,0.2,-0.0401,0.9666,0.0,-0.1649,0.8626,-0.5755,1.05,0.3295,1,1,2,0.794,0.426,0.574,0,0,0.0,2,SETTLE_PHASE,-0.0894,0.1762,0.1926,-0.3123
577,4.587,-15.2925,19.3793,1.6021,-0.1322,1.1403,-0.0973,1.392,0.363,1.448,-15.4833,19.6881,0.2,-0.0401,0.9643,0.0,-0.1632,0.8613,-0.5779,1.05,0.3432,1,1,2,0.796,0.427,0.573,0,0,0.0,2,SETTLE_PHASE,-0.0922,0.176,0.1907,-0.3088
578,4.595,-15.2953,19.402,1.6002,-0.1364,1.1371,-0.0971,1.39,0.359,1.445,-15.4841,19.7073,0.2,-0.0399,0.9618,0.0,-0.161,0.8601,-0.5803,1.05,0.3305,1,1,2,0.795,0.428,0.572,0,0,0.0,2,SETTLE_PHASE,-0.0965,0.1754,0.1888,-0.3053
579,4.603,-15.298,19.4247,1.5982,-0.1385,1.1343,-0.097,1.388,0.355,1.443,-15.4849,19.7265,0.2,-0.0399,0.9593,0.0,-0.1593,0.8588,-0.5827,1.05,0.3445,1,1,2,0.797,0.43,0.57,0,0,0.0,2,SETTLE_PHASE,-0.0986,0.175,0.1868,-0.3018
580,4.61,-15.3009,19.4473,1.5963,-0.1417,1.1311,-0.097,1.386,0.351,1.44,-15.4857,19.7456,0.2,-0.0397,0.9566,0.0,-0.1571,0.8576,-0.5852,1.05,0.3315,1,1,2,0.796,0.428,0.572,0,0,0.0,2,SETTLE_PHASE,-0.102,0.1744,0.1848,-0.2983
581,4.618,-15.3037,19.4699,1.5944,-0.1425,1.1284,-0.0969,1.384,0.347,1.437,-15.4865,19.7647,0.2,-0.0396,0.9541,0.0,-0.1557,0.8562,-0.5875,1.05,0.3413,1,1,2,0.799,0.43,0.57,0,0,0.0,2,SETTLE_PHASE,-0.1029,0.1743,0.1827,-0.2948
582,4.625,-15.3066,19.4924,1.5924,-0.1441,1.1254,-0.0969,1.382,0.343,1.434,-15.4873,19.7837,0.2,-0.0395,0.9514,0.0,-0.1539,0.8548,-0.59,1.05,0.328,1,1,2,0.798,0.428,0.572,0,0,0.0,2,SETTLE_PHASE,-0.1046,0.174,0.1807,-0.2914
583,4.632,-15.3095,19.5148,1.5905,-0.1431,1.1227,-0.0969,1.38,0.339,1.431,-15.4881,19.8027,0.2,-0.0394,0.9486,0.0,-0.1529,0.8533,-0.5924,1.05,0.3382,1,1,2,0.8,0.429,0.571,0,0,0.0,2,SETTLE_PHASE,-0.1037,0.1741,0.1786,-0.2879
584,4.64,-15.3123,19.5372,1.5885,-0.1427,1.1196,-0.097,1.378,0.335,1.428,-15.4888,19.8216,0.2,-0.0392,0.9459,0.0,-0.1516,0.852,-0.5947,1.05,0.3251,1,1,2,0.799,0.43,0.57,0,0,0.0,2,SETTLE_PHASE,-0.1034,0.1736,0.1765,-0.2844
585,4.647,-15.3151,19.5596,1.5866,-0.1396,1.1166,-0.097,1.376,0.331,1.426,-15.4896,19.8405,0.2,-0.0392,0.943,0.0,-0.1513,0.8504,-0.597,1.05,0.3447,1,1,2,0.801,0.431,0.569,0,0,0.0,2,SETTLE_PHASE,-0.1004,0.1736,0.1745,-0.2809
586,4.654,-15.3179,19.5818,1.5847,-0.137,1.1129,-0.0969,1.374,0.327,1.423,-15.4904,19.8593,0.2,-0.0391,0.9401,0.0,-0.1507,0.8488,-0.5995,1.05,0.3315,1,1,2,0.8,0.428,0.572,0,0,0.0,2,SETTLE_PHASE,-0.0979,0.1728,0.1725,-0.2775
587,4.662,-15.3205,19.604,1.5827,-0.1328,1.1098,-0.0969,1.372,0.323,1.42,-15.4912,19.878,0.2,-0.0389,0.9373,0.0,-0.1505,0.8471,-0.6019,1.05,0.3453,1,1,2,0.801,0.433,0.567,0,0,0.0,2,SETTLE_PHASE,-0.0939,0.1726,0.1707,-0.274
588,4.67,-15.3231,19.6261,1.5808,-0.1303,1.1065,-0.0969,1.37,0.319,1.417,-15.492,19.8967,0.2,-0.0388,0.9342,0.0,-0.1501,0.8454,-0.6044,1.05,0.3324,1,1,2,0.801,0.43,0.57,0,0,0.0,2,SETTLE_PHASE,-0.0915,0.1723,0.1688,-0.2706
589,4.677,-15.3256,19.6482,1.5789,-0.1261,1.1037,-0.097,1.368,0.315,1.414,-15.4927,19.9154,0.2,-0.0387,0.9312,0.0,-0.1502,0.8436,-0.6068,1.05,0.3363,1,1,2,0.801,0.432,0.568,0,0,0.0,2,SETTLE_PHASE,-0.0874,0.1726,0.1671,-0.2671
590,4.686,-15.3281,19.6702,1.5769,-0.1232,1.1007,-0.0969,1.366,0.311,1.412,-15.4935,19.9339,0.2,-0.0386,0.9281,0.0,-0.15,0.8418,-0.6094,1.05,0.3237,1,1,2,0.799,0.43,0.57,0,0,0.0,2,SETTLE_PHASE,-0.0846,0.1726,0.1654,-0.2637
591,4.694,-15.3305,19.6922,1.575,-0.1189,1.0974,-0.0969,1.364,0.307,1.409,-15.4943,19.9524,0.2,-0.0384,0.925,0.0,-0.1502,0.8399,-0.612,1.05,0.3404,1,1,2,0.8,0.433,0.567,0,0,0.0,2,SETTLE_PHASE,-0.0804,0.1724,0.1638,-0.2602
592,4.702,-15.3328,19.714,1.573,-0.1162,1.0929,-0.0968,1.363,0.304,1.406,-15.495,19.9709,0.2,-0.0383,0.9218,0.0,-0.15,0.8382,-0.6144,1.05,0.3283,1,1,2,0.799,0.428,0.572,0,0,0.0,2,SETTLE_PHASE,-0.0779,0.171,0.1622,-0.2568
593,4.71,-15.335,19.7358,1.5711,-0.1116,1.0883,-0.0969,1.361,0.3,1.404,-15.4958,19.9892,0.2,-0.0381,0.9185,0.0,-0.1504,0.8364,-0.6167,1.05,0.3503,1,1,2,0.8,0.432,0.568,0,0,0.0,2,SETTLE_PHASE,-0.0734,0.1698,0.1608,-0.2534
594,4.718,-15.3372,19.7575,1.5692,-0.1083,1.0827,-0.0969,1.359,0.297,1.401,-15.4966,20.0075,0.2,-0.038,0.9153,0.0,-0.1504,0.8348,-0.6189,1.05,0.3384,1,1,2,0.799,0.428,0.572,0,0,0.0,2,SETTLE_PHASE,-0.0703,0.1673,0.1594,-0.2501
595,4.725,-15.3393,19.779,1.5672,-0.1036,1.0775,-0.0973,1.357,0.293,1.398,-15.4973,20.0258,0.2,-0.0379,0.9119,0.0,-0.151,0.8331,-0.621,1.05,0.3533,1,1,2,0.801,0.434,0.566,0,0,0.0,2,SETTLE_PHASE,-0.0658,0.1656,0.158,-0.2468
596,4.733,-15.3413,19.8004,1.5653,-0.1008,1.072,-0.0972,1.355,0.29,1.396,-15.4981,20.0439,0.2,-0.0378,0.9086,0.0,-0.1511,0.8313,-0.6234,1.05,0.3403,1,1,2,0.8,0.43,0.57,0,0,0.0,2,SETTLE_PHASE,-0.063,0.1635,0.1568,-0.2435
597,4.74,-15.3432,19.8218,1.5633,-0.0962,1.0671,-0.0972,1.353,0.286,1.393,-15.4988,20.062,0.2,-0.0376,0.9051,0.0,-0.1517,0.8294,-0.6258,1.05,0.342,1,1,2,0.801,0.432,0.568,0,0,0.0,2,SETTLE_PHASE,-0.0586,0.162,0.1556,-0.2402
598,4.748,-15.3451,19.843,1.5614,-0.0931,1.062,-0.0971,1.351,0.283,1.39,-15.4996,20.0801,0.2,-0.0375,0.9016,0.0,-0.1521,0.8275,-0.6282,1.05,0.3291,1,1,2,0.798,0.428,0.572,0,0,0.0,2,SETTLE_PHASE,-0.0557,0.1604,0.1545,-0.237
599,4.756,-15.3469,19.8642,1.5594,-0.0887,1.0565,-0.0971,1.349,0.28,1.388,-15.5003,20.098,0.2,-0.0373,0.8981,0.0,-0.1528,0.8256,-0.6306,1.05,0.3503,1,1,2,0.799,0.427,0.573,0,0,0.0,2,SETTLE_PHASE,-0.0514,0.1584,0.1535,-0.2339
600,4.763,-15.3486,19.8852,1.5575,-0.0861,1.0498,-0.0971,1.347,0.277,1.385,-15.5011,20.1159,0.2,-0.0371,0.8945,0.0,-0.153,0.8238,-0.6328,1.05,0.3376,1,1,2,0.797,0.429,0.571,0,0,0.0,2,SETTLE_PHASE,-0.049,0.1552,0.1525,-0.2308
601,4.771,-15.3502,19.906,1.5556,-0.0827,1.0432,-0.097,1.345,0.274,1.383,-15.5018,20.1337,0.2,-0.037,0.8909,0.0,-0.1535,0.822,-0.6351,1.05,0.3539,1,1,2,0.799,0.429,0.571,0,0,0.0,2,SETTLE_PHASE,-0.0457,0.1523,0.1516,-0.2277
602,4.778,-15.3519,19.9267,1.5536,-0.0815,1.0361,-0.097,1.343,0.271,1.38,-15.5025,20.1515,0.2,-0.0369,0.8872,0.0,-0.1534,0.8203,-0.6373,1.05,0.3415,1,1,2,0.797,0.428,0.572,0,0,0.0,2,SETTLE_PHASE,-0.0447,0.1489,0.1507,-0.2247
603,4.786,-15.3534,19.9473,1.5517,-0.0791,1.0293,-0.0969,1.341,0.268,1.378,-15.5033,20.1692,0.2,-0.0367,0.8835,0.0,-0.1537,0.8185,-0.6395,1.05,0.3578,1,1,2,0.799,0.43,0.57,0,0,0.0,2,SETTLE_PHASE,-0.0424,0.1458,0.1498,-0.2218
604,4.795,-15.355,19.9678,1.5497,-0.0787,1.022,-0.0969,1.339,0.265,1.375,-15.504,20.1868,0.2,-0.0365,0.8798,0.0,-0.1533,0.8168,-0.6417,1.05,0.3457,1,1,2,0.798,0.43,0.57,0,0,0.0,2,SETTLE_PHASE,-0.0421,0.1423,0.149,-0.219
605,4.804,-15.3565,19.9881,1.5478,-0.0766,1.0153,-0.0973,1.337,0.262,1.373,-15.5047,20.2043,0.2,-0.0364,0.8759,0.0,-0.1536,0.8152,-0.6437,1.05,0.3622,1,1,2,0.8,0.432,0.568,0,0,0.0,2,SETTLE_PHASE,-0.0402,0.1395,0.1482,-0.2162
606,4.812,-15.3581,20.0082,1.5459,-0.076,1.0083,-0.0972,1.335,0.259,1.371,-15.5055,20.2217,0.2,-0.0362,0.872,0.0,-0.1534,0.8134,-0.646,1.05,0.3487,1,1,2,0.799,0.43,0.57,0,0,0.0,2,SETTLE_PHASE,-0.0398,0.1363,0.1474,-0.2135
607,4.82,-15.3595,20.0283,1.5439,-0.0739,1.0022,-0.0972,1.333,0.257,1.368,-15.5062,20.2391,0.2,-0.036,0.8681,0.0,-0.1537,0.8115,-0.6483,1.05,0.3567,1,1,2,0.801,0.435,0.565,0,0,0.0,2,SETTLE_PHASE,-0.0378,0.1341,0.1466,-0.2108
608,4.828,-15.361,20.0482,1.542,-0.0732,0.9961,-0.0971,1.331,0.254,1.366,-15.5069,20.2564,0.2,-0.0359,0.8642,0.0,-0.1536,0.8096,-0.6508,1.05,0.343,1,1,2,0.8,0.431,0.569,0,0,0.0,2,SETTLE_PHASE,-0.0373,0.1319,0.1459,-0.2081
609,4.836,-15.3624,20.068,1.54,-0.071,0.9904,-0.0971,1.33,0.252,1.363,-15.5076,20.2736,0.2,-0.0357,0.8601,0.0,-0.154,0.8075,-0.6532,1.05,0.3634,1,1,2,0.802,0.437,0.563,0,0,0.0,2,SETTLE_PHASE,-0.0353,0.1303,0.1452,-0.2055
610,4.843,-15.3638,20.0877,1.5381,-0.0703,0.9843,-0.0971,1.328,0.249,1.361,-15.5083,20.2907,0.2,-0.0356,0.8561,0.0,-0.1539,0.8056,-0.6556,1.05,0.3495,1,1,2,0.801,0.434,0.566,0,0,0.0,2,SETTLE_PHASE,-0.0347,0.1282,0.1445,-0.203
611,4.852,-15.3652,20.1073,1.5361,-0.0684,0.9792,-0.097,1.326,0.247,1.359,-15.509,20.3077,0.2,-0.0354,0.852,0.0,-0.1542,0.8034,-0.6582,1.05,0.3596,1,1,2,0.803,0.44,0.56,0,0,0.0,2,SETTLE_PHASE,-0.033,0.1272,0.1438,-0.2004
612,4.86,-15.3666,20.1268,1.5342,-0.0684,0.9742,-0.097,1.324,0.244,1.356,-15.5097,20.3247,0.2,-0.0352,0.8479,0.0,-0.154,0.8012,-0.6609,1.05,0.3457,1,1,2,0.801,0.44,0.56,0,0,0.0,2,SETTLE_PHASE,-0.0332,0.1263,0.1432,-0.1979
613,4.867,-15.3679,20.1462,1.5323,-0.0672,0.9698,-0.0969,1.322,0.242,1.354,-15.5104,20.3416,0.2,-0.035,0.8436,0.0,-0.1542,0.7988,-0.6638,1.05,0.3625,1,1,2,0.803,0.442,0.558,0,0,0.0,2,SETTLE_PHASE,-0.0322,0.1262,0.1425,-0.1954
614,4.875,-15.3693,20.1655,1.5303,-0.0679,0.9652,-0.0968,1.32,0.239,1.352,-15.5111,20.3583,0.2,-0.0349,0.8395,0.0,-0.1538,0.7966,-0.6665,1.05,0.3487,1,1,2,0.803,0.439,0.561,0,0,0.0,2,SETTLE_PHASE,-0.0331,0.1257,0.1419,-0.1929
615,4.882,-15.3706,20.1847,1.5284,-0.067,0.9615,-0.0969,1.318,0.237,1.349,-15.5118,20.375,0.2,-0.0347,0.8351,0.0,-0.1539,0.7941,-0.6695,1.05,0.3493,1,1,2,0.803,0.441,0.559,0,0,0.0,2,SETTLE_PHASE,-0.0323,0.1263,0.1412,-0.1903
616,4.89,-15.372,20.2039,1.5265,-0.0676,0.9576,-0.0971,1.316,0.235,1.347,-15.5125,20.3917,0.2,-0.0345,0.8308,0.0,-0.1536,0.7918,-0.6723,1.05,0.3361,1,1,2,0.801,0.438,0.562,0,0,0.0,2,SETTLE_PHASE,-0.0331,0.1268,0.1405,-0.1878
617,4.898,-15.3733,20.2229,1.5245,-0.067,0.9535,-0.0969,1.314,0.232,1.345,-15.5132,20.4082,0.2,-0.0343,0.8265,0.0,-0.1536,0.7891,-0.6754,1.05,0.3544,1,1,2,0.802,0.436,0.564,0,0,0.0,2,SETTLE_PHASE,-0.0327,0.127,0.1399,-0.1853
618,4.907,-15.3747,20.2419,1.5226,-0.0683,0.9481,-0.0968,1.312,0.23,1.342,-15.5139,20.4246,0.2,-0.0341,0.8221,0.0,-0.1529,0.7867,-0.6783,1.05,0.3417,1,1,2,0.801,0.434,0.566,0,0,0.0,2,SETTLE_PHASE,-0.0342,0.126,0.1392,-0.1827
619,4.915,-15.376,20.2607,1.5206,-0.0681,0.9425,-0.0969,1.31,0.227,1.34,-15.5146,20.441,0.2,-0.034,0.8175,0.0,-0.1527,0.7843,-0.6812,1.05,0.3632,1,1,2,0.802,0.437,0.563,0,0,0.0,2,SETTLE_PHASE,-0.0342,0.125,0.1385,-0.1802
620,4.922,-15.3774,20.2795,1.5187,-0.0695,0.9359,-0.0968,1.308,0.225,1.338,-15.5152,20.4572,0.2,-0.0338,0.8131,0.0,-0.152,0.7821,-0.6839,1.05,0.3507,1,1,2,0.801,0.433,0.567,0,0,0.0,2,SETTLE_PHASE,-0.0357,0.1228,0.1378,-0.1778
621,4.931,-15.3788,20.298,1.5168,-0.0695,0.9296,-0.0968,1.306,0.223,1.335,-15.5159,20.4734,0.2,-0.0336,0.8085,0.0,-0.1516,0.7797,-0.6867,1.05,0.3688,1,1,2,0.802,0.437,0.563,0,0,0.0,2,SETTLE_PHASE,-0.036,0.1211,0.1371,-0.1754
622,4.938,-15.3802,20.3165,1.5148,-0.0714,0.9227,-0.0968,1.304,0.22,1.333,-15.5166,20.4895,0.2,-0.0334,0.8039,0.0,-0.1506,0.7775,-0.6894,1.05,0.3566,1,1,2,0.801,0.434,0.566,0,0,0.0,2,SETTLE_PHASE,-0.0381,0.1188,0.1363,-0.173
623,4.947,-15.3817,20.3348,1.5129,-0.0717,0.9163,-0.0974,1.302,0.218,1.331,-15.5172,20.5055,0.2,-0.0332,0.7993,0.0,-0.1502,0.7755,-0.6918,1.05,0.3707,1,1,2,0.803,0.436,0.564,0,0,0.0,2,SETTLE_PHASE,-0.0385,0.1171,0.1356,-0.1707
624,4.956,-15.3832,20.353,1.5116,-0.0737,0.9086,-0.0637,1.301,0.216,1.329,-15.5179,20.5214,0.2,-0.033,0.7946,0.0,-0.1448,0.7511,-0.7193,1.05,0.3421,1,1,2,0.802,0.435,0.565,0,0,0.0,2,SETTLE_PHASE,-0.0407,0.114,0.1347,-0.1684
625,4.964,-15.3846,20.371,1.5108,-0.0735,0.902,-0.0425,1.3,0.213,1.328,-15.5186,20.5372,0.2,-0.0328,0.7899,0.0,-0.1417,0.7348,-0.7366,1.05,0.348,1,1,2,0.803,0.433,0.567,0,0,0.0,2,SETTLE_PHASE,-0.0407,0.112,0.1339,-0.1661
626,4.972,-15.3861,20.3889,1.5102,-0.0732,0.8941,-0.0289,1.3,0.211,1.327,-15.5192,20.5529,0.2,-0.0326,0.7852,0.0,-0.1396,0.7237,-0.7479,1.05,0.338,1,1,2,0.8,0.432,0.568,0,0,0.0,2,SETTLE_PHASE,-0.0405,0.1089,0.1331,-0.164
627,4.98,-15.3875,20.4066,1.5098,-0.0695,0.8854,-0.0207,1.299,0.209,1.326,-15.5199,20.5685,0.2,-0.0324,0.7803,0.0,-0.1392,0.716,-0.7553,1.05,0.3651,1,1,2,0.801,0.43,0.57,0,0,0.0,2,SETTLE_PHASE,-0.0371,0.1051,0.1324,-0.1619
628,4.988,-15.3888,20.4241,1.5095,-0.0663,0.8745,-0.0155,1.299,0.207,1.326,-15.5205,20.584,0.2,-0.0322,0.7754,0.0,-0.139,0.7107,-0.7603,1.05,0.3396,1,1,2,0.798,0.432,0.568,0,0,0.0,2,SETTLE_PHASE,-0.0341,0.0991,0.1317,-0.1599
629,4.995,-15.39,20.4414,1.5092,-0.0623,0.8637,-0.0121,1.299,0.205,1.325,-15.5211,20.5994,0.2,-0.032,0.7706,0.0,-0.1393,0.7065,-0.7641,1.05,0.3567,1,1,2,0.799,0.431,0.569,0,0,0.0,2,SETTLE_PHASE,-0.0303,0.0931,0.1311,-0.158
630,5.003,-15.3912,20.4584,1.509,-0.0593,0.8511,-0.0108,1.299,0.204,1.325,-15.5218,20.6147,0.2,-0.0318,0.7657,0.0,-0.1396,0.704,-0.7664,1.05,0.3435,1,1,2,0.797,0.431,0.569,0,0,0.0,2,SETTLE_PHASE,-0.0275,0.0854,0.1305,-0.1563
631,5.011,-15.3923,20.4752,1.5088,-0.0539,0.838,-0.0096,1.298,0.202,1.324,-15.5224,20.6299,0.2,-0.0316,0.7607,0.0,-0.1408,0.7017,-0.7683,1.05,0.3796,1,1,2,0.797,0.429,0.571,0,0,0.0,2,SETTLE_PHASE,-0.0222,0.0773,0.1301,-0.1548
632,5.018,-15.3933,20.4916,1.5086,-0.0492,0.8231,-0.009,1.298,0.201,1.324,-15.523,20.645,0.2,-0.0314,0.7557,0.0,-0.1418,0.7002,-0.7695,1.05,0.3505,1,1,2,0.796,0.431,0.569,0,0,0.0,2,SETTLE_PHASE,-0.0178,0.0674,0.1297,-0.1534
633,5.025,-15.3942,20.5078,1.5084,-0.0448,0.809,-0.0091,1.298,0.2,1.324,-15.5237,20.6601,0.2,-0.0312,0.7505,0.0,-0.1429,0.6989,-0.7705,1.05,0.3925,1,1,2,0.797,0.43,0.57,0,0,0.0,2,SETTLE_PHASE,-0.0136,0.0585,0.1295,-0.1522
634,5.034,-15.395,20.5237,1.5083,-0.0407,0.7933,-0.0089,1.298,0.199,1.323,-15.5243,20.675,0.2,-0.0309,0.7455,0.0,-0.1438,0.6979,-0.7712,1.05,0.3598,1,1,2,0.796,0.427,0.573,0,0,0.0,2,SETTLE_PHASE,-0.0097,0.0478,0.1293,-0.1513
635,5.041,-15.3958,20.5393,1.5081,-0.0379,0.7792,-0.0088,1.298,0.198,1.323,-15.5249,20.6898,0.2,-0.0308,0.7404,0.0,-0.1445,0.6968,-0.772,1.05,0.4001,1,1,2,0.798,0.434,0.566,0,0,0.0,2,SETTLE_PHASE,-0.0071,0.0387,0.1291,-0.1505
636,5.049,-15.3965,20.5546,1.5079,-0.0349,0.7641,-0.0087,1.297,0.198,1.323,-15.5255,20.7045,0.2,-0.0306,0.7352,0.0,-0.1453,0.6959,-0.7727,1.05,0.3541,1,1,2,0.797,0.43,0.57,0,0,0.0,2,SETTLE_PHASE,-0.0043,0.029,0.129,-0.1499
637,5.056,-15.3971,20.5696,1.5077,-0.0327,0.7513,-0.0087,1.297,0.197,1.323,-15.5261,20.7191,0.2,-0.0303,0.7299,0.0,-0.1458,0.6947,-0.7737,1.05,0.3937,1,1,2,0.799,0.435,0.565,0,0,0.0,2,TERMINAL_PRESS,-0.0024,0.0214,0.129,-0.1495
638,5.064,-15.3977,20.5844,1.5065,-0.0309,0.7409,-0.0641,1.296,0.197,1.321,-15.5267,20.7336,0.2,-0.0301,0.7247,0.0,-0.1541,0.7293,-0.7395,1.05,0.3601,1,1,2,0.798,0.433,0.567,0,0,0.0,2,TERMINAL_PRESS,-0.0007,0.0162,0.129,-0.1492
639,5.072,-15.3983,20.599,1.5045,-0.0294,0.7306,-0.0989,1.294,0.197,1.319,-15.5273,20.748,0.2,-0.0299,0.7195,0.0,-0.1596,0.7516,-0.7156,1.05,0.3958,1,1,2,0.801,0.433,0.567,0,0,0.0,2,TERMINAL_PRESS,0.0004,0.0111,0.129,-0.1489
640,5.079,-15.3989,20.6134,1.5021,-0.0275,0.7189,-0.1209,1.292,0.197,1.317,-15.5279,20.7622,0.2,-0.0297,0.7141,0.0,-0.1636,0.7658,-0.6995,1.05,0.3524,1,1,2,0.8,0.437,0.563,0,0,0.0,2,TERMINAL_PRESS,0.0022,0.0048,0.129,-0.1489
641,5.087,-15.3994,20.6276,1.4994,-0.026,0.7086,-0.1347,1.289,0.197,1.314,-15.5285,20.7764,0.2,-0.0295,0.7087,0.0,-0.1664,0.7741,-0.6896,1.05,0.3901,1,1,2,0.802,0.431,0.569,0,0,0.0,2,TERMINAL_PRESS,0.0035,-0.0001,0.1291,-0.1489
642,5.094,-15.3999,20.6415,1.4965,-0.0239,0.6968,-0.1437,1.286,0.197,1.311,-15.5291,20.7905,0.2,-0.0292,0.7033,0.0,-0.1685,0.7795,-0.683,1.05,0.3708,1,1,2,0.803,0.434,0.566,0,0,0.0,2,TERMINAL_PRESS,0.0053,-0.0066,0.1292,-0.149
643,5.101,-15.4003,20.6552,1.4935,-0.0223,0.6864,-0.1493,1.283,0.197,1.308,-15.5297,20.8044,0.2,-0.029,0.6978,0.0,-0.1702,0.7823,-0.6794,1.05,0.4084,1,1,2,0.806,0.438,0.562,0,0,0.0,2,TERMINAL_PRESS,0.0067,-0.0114,0.1293,-0.1492
644,5.108,-15.4007,20.6687,1.4905,-0.0204,0.6764,-0.1524,1.28,0.198,1.306,-15.5302,20.8183,0.2,-0.0288,0.6924,0.0,-0.1716,0.7832,-0.678,1.05,0.3612,1,1,2,0.807,0.443,0.557,0,0,0.0,2,TERMINAL_PRESS,0.0084,-0.016,0.1295,-0.1495
645,5.116,-15.4011,20.6821,1.4874,-0.0194,0.6697,-0.1542,1.277,0.198,1.303,-15.5308,20.832,0.2,-0.0285,0.6868,0.0,-0.1727,0.7827,-0.6783,1.05,0.3981,1,1,2,0.81,0.445,0.555,0,0,0.0,2,TERMINAL_PRESS,0.0091,-0.0172,0.1297,-0.1499
646,5.124,-15.4015,20.6954,1.4843,-0.0181,0.663,-0.1553,1.274,0.199,1.3,-15.5314,20.8456,0.2,-0.0283,0.6813,0.0,-0.1737,0.7816,-0.6793,1.05,0.351,1,1,2,0.81,0.445,0.555,0,0,0.0,2,TERMINAL_PRESS,0.0102,-0.0183,0.1299,-0.1502
647,5.132,-15.4018,20.7086,1.4812,-0.0176,0.6593,-0.1559,1.271,0.199,1.297,-15.5319,20.8592,0.2,-0.0281,0.6757,0.0,-0.1747,0.7796,-0.6814,1.05,0.3877,1,1,2,0.813,0.45,0.55,0,0,0.0,2,TERMINAL_PRESS,0.0105,-0.0164,0.1301,-0.1506
648,5.139,-15.4022,20.7217,1.478,-0.0167,0.6552,-0.1562,1.268,0.199,1.293,-15.5325,20.8726,0.2,-0.0278,0.6701,0.0,-0.1756,0.7774,-0.6836,1.05,0.3408,1,1,2,0.812,0.452,0.548,0,0,0.0,2,TERMINAL_PRESS,0.0112,-0.0149,0.1303,-0.1509
649,5.147,-15.4025,20.7348,1.4749,-0.0166,0.6537,-0.1564,1.264,0.2,1.29,-15.533,20.8858,0.2,-0.0276,0.6643,0.0,-0.1764,0.7746,-0.6866,1.05,0.3772,1,1,2,0.815,0.455,0.545,0,0,0.0,2,TERMINAL_PRESS,0.0109,-0.0106,0.1306,-0.1511
650,5.155,-15.4028,20.7478,1.4718,-0.0161,0.6514,-0.1572,1.261,0.2,1.287,-15.5336,20.899,0.2,-0.0274,0.6587,0.0,-0.1775,0.7723,-0.6889,1.05,0.3383,1,1,2,0.814,0.453,0.547,0,0,0.0,2,TERMINAL_PRESS,0.0113,-0.0073,0.1308,-0.1512
651,5.164,-15.4031,20.7608,1.4686,-0.0163,0.6513,-0.157,1.258,0.2,1.284,-15.5341,20.9121,0.2,-0.0271,0.6529,0.0,-0.1782,0.7688,-0.6926,1.05,0.3796,1,1,2,0.816,0.458,0.542,0,0,0.0,2,TERMINAL_PRESS,0.0108,-0.0016,0.131,-0.1513
652,5.172,-15.4035,20.7738,1.4655,-0.016,0.6501,-0.1569,1.255,0.2,1.281,-15.5347,20.925,0.2,-0.0269,0.6472,0.0,-0.1792,0.7654,-0.6961,1.05,0.338,1,1,2,0.815,0.456,0.544,0,0,0.0,2,TERMINAL_PRESS,0.0109,0.003,0.1312,-0.1512
653,5.179,-15.4038,20.7868,1.4623,-0.0163,0.651,-0.1568,1.252,0.2,1.278,-15.5352,20.9378,0.2,-0.0266,0.6413,0.0,-0.1799,0.7616,-0.7001,1.05,0.3796,1,1,2,0.817,0.46,0.54,0,0,0.0,2,TERMINAL_PRESS,0.0103,0.0097,0.1314,-0.151
654,5.187,-15.4041,20.7999,1.4592,-0.0161,0.6505,-0.1567,1.249,0.2,1.275,-15.5357,20.9506,0.2,-0.0264,0.6355,0.0,-0.1809,0.7578,-0.7039,1.05,0.3378,1,1,2,0.816,0.456,0.544,0,0,0.0,2,TERMINAL_PRESS,0.0104,0.0149,0.1316,-0.1507
655,5.194,-15.4044,20.8129,1.4561,-0.0164,0.6515,-0.1567,1.246,0.2,1.272,-15.5363,20.9632,0.2,-0.0261,0.6296,0.0,-0.1817,0.7537,-0.7081,1.05,0.3797,1,1,2,0.817,0.459,0.541,0,0,0.0,2,TERMINAL_PRESS,0.0098,0.0219,0.1318,-0.1503
656,5.202,-15.4048,20.8259,1.4529,-0.016,0.6507,-0.1567,1.242,0.2,1.269,-15.5368,20.9756,0.2,-0.0259,0.6236,0.0,-0.1829,0.7496,-0.7121,1.05,0.3379,1,1,2,0.815,0.453,0.547,0,0,0.0,2,TERMINAL_PRESS,0.01,0.0271,0.132,-0.1497
657,5.21,-15.4051,20.8389,1.4498,-0.016,0.6511,-0.1567,1.239,0.199,1.266,-15.5373,20.988,0.2,-0.0257,0.6178,0.0,-0.1838,0.7453,-0.7164,1.05,0.38,1,1,2,0.816,0.456,0.544,0,0,0.0,2,TERMINAL_PRESS,0.0096,0.0333,0.1322,-0.1491
658,5.217,-15.4054,20.8519,1.4467,-0.0153,0.6493,-0.1567,1.236,0.199,1.262,-15.5378,21.0002,0.2,-0.0254,0.6118,0.0,-0.185,0.7412,-0.7204,1.05,0.3381,1,1,2,0.814,0.449,0.551,0,0,0.0,2,TERMINAL_PRESS,0.0101,0.0375,0.1324,-0.1483
659,5.224,-15.4057,20.8649,1.4435,-0.015,0.6482,-0.1566,1.233,0.198,1.259,-15.5383,21.0123,0.2,-0.0251,0.6057,0.0,-0.1861,0.7367,-0.7247,1.05,0.3805,1,1,2,0.815,0.45,0.55,0,0,0.0,2,TERMINAL_PRESS,0.0101,0.0425,0.1326,-0.1475
660,5.232,-15.406,20.8778,1.4404,-0.0138,0.6445,-0.1567,1.23,0.198,1.256,-15.5388,21.0243,0.2,-0.0249,0.5998,0.0,-0.1875,0.7328,-0.7282,1.05,0.3449,1,1,2,0.813,0.445,0.555,0,0,0.0,2,TERMINAL_PRESS,0.0111,0.0447,0.1328,-0.1466
661,5.24,-15.4062,20.8906,1.4373,-0.013,0.6411,-0.1566,1.227,0.197,1.253,-15.5393,21.0362,0.2,-0.0247,0.5936,0.0,-0.1887,0.7285,-0.7323,1.05,0.3877,1,1,2,0.813,0.45,0.55,0,0,0.0,2,TERMINAL_PRESS,0.0117,0.0476,0.1331,-0.1456
662,5.248,-15.4065,20.9033,1.4341,-0.0122,0.6352,-0.1567,1.224,0.197,1.25,-15.5398,21.0479,0.2,-0.0244,0.5875,0.0,-0.1899,0.7248,-0.7356,1.05,0.3562,1,1,2,0.812,0.443,0.557,0,0,0.0,2,TERMINAL_PRESS,0.0122,0.0478,0.1333,-0.1447
663,5.255,-15.4067,20.9159,1.431,-0.0126,0.6299,-0.1572,1.221,0.196,1.247,-15.5403,21.0596,0.2,-0.0241,0.5814,0.0,-0.1907,0.7213,-0.7388,1.05,0.3974,1,1,2,0.813,0.447,0.553,0,0,0.0,2,TERMINAL_PRESS,0.0115,0.0485,0.1335,-0.1437
664,5.263,-15.407,20.9283,1.4279,-0.0126,0.6225,-0.157,1.217,0.196,1.243,-15.5407,21.0711,0.2,-0.0239,0.5753,0.0,-0.1914,0.7177,-0.7422,1.05,0.3523,1,1,2,0.811,0.443,0.557,0,0,0.0,2,TERMINAL_PRESS,0.0113,0.0472,0.1338,-0.1427
665,5.271,-15.4072,20.9407,1.4247,-0.0134,0.6161,-0.1568,1.214,0.195,1.24,-15.5412,21.0825,0.2,-0.0237,0.569,0.0,-0.1919,0.7137,-0.7459,1.05,0.3917,1,1,2,0.812,0.449,0.551,0,0,0.0,2,TERMINAL_PRESS,0.0102,0.0472,0.134,-0.1418
666,5.279,-15.4075,20.9528,1.4216,-0.0138,0.6075,-0.1569,1.211,0.195,1.237,-15.5417,21.0937,0.2,-0.0234,0.5627,0.0,-0.1924,0.7104,-0.7489,1.05,0.3587,1,1,2,0.81,0.44,0.56,0,0,0.0,2,TERMINAL_PRESS,0.0096,0.0448,0.1342,-0.1409
667,5.287,-15.4078,20.9648,1.4185,-0.0148,0.5995,-0.1568,1.208,0.194,1.234,-15.5421,21.1048,0.2,-0.0231,0.5565,0.0,-0.1926,0.7069,-0.7522,1.05,0.3975,1,1,2,0.812,0.446,0.554,0,0,0.0,2,TERMINAL_PRESS,0.0083,0.0431,0.1343,-0.14
668,5.294,-15.4081,20.9766,1.4153,-0.0149,0.5898,-0.1569,1.205,0.194,1.231,-15.5426,21.1158,0.2,-0.0228,0.5502,0.0,-0.1931,0.7038,-0.7549,1.05,0.3548,1,1,2,0.811,0.439,0.561,0,0,0.0,2,TERMINAL_PRESS,0.0079,0.0396,0.1345,-0.1392
669,5.301,-15.4084,20.9882,1.4122,-0.0152,0.5814,-0.1569,1.202,0.193,1.227,-15.543,21.1267,0.2,-0.0226,0.5439,0.0,-0.1936,0.7003,-0.758,1.05,0.3934,1,1,2,0.812,0.443,0.557,0,0,0.0,2,TERMINAL_PRESS,0.0074,0.0375,0.1346,-0.1385
670,5.31,-15.4087,20.9996,1.409,-0.0149,0.571,-0.1571,1.199,0.193,1.224,-15.5435,21.1375,0.2,-0.0223,0.5375,0.0,-0.1939,0.6959,-0.7589,1.0478,0.3571,1,1,2,0.811,0.439,0.561,0,0,0.0,2,TERMINAL_PRESS,0.0075,0.0335,0.1348,-0.1378
671,5.318,-15.409,21.0109,1.4059,-0.015,0.5617,-0.1571,1.195,0.192,1.221,-15.5439,21.1481,0.2,-0.022,0.5311,0.0,-0.1936,0.6899,-0.7589,1.0437,0.3953,1,1,2,0.813,0.445,0.555,0,0,0.0,2,TERMINAL_PRESS,0.0071,0.0306,0.1349,-0.1372
672,5.326,-15.4093,21.0219,1.4027,-0.0141,0.5508,-0.1574,1.192,0.192,1.218,-15.5444,21.1586,0.2,-0.0218,0.5247,0.0,-0.1938,0.6848,-0.7585,1.0401,0.3558,1,1,2,0.812,0.443,0.557,0,0,0.0,2,TERMINAL_PRESS,0.0077,0.026,0.1351,-0.1367
673,5.333,-15.4096,21.0327,1.3996,-0.0135,0.5412,-0.1574,1.189,0.192,1.215,-15.5448,21.169,0.2,-0.0216,0.5182,0.0,-0.1939,0.679,-0.7585,1.0363,0.3937,1,1,2,0.813,0.444,0.556,0,0,0.0,2,TERMINAL_PRESS,0.008,0.023,0.1352,-0.1362
674,5.34,-15.4098,21.0433,1.3964,-0.0129,0.5302,-0.1576,1.186,0.192,1.212,-15.5452,21.1792,0.2,-0.0213,0.5117,0.0,-0.194,0.6739,-0.7581,1.0327,0.3648,1,1,2,0.813,0.443,0.557,0,0,0.0,2,TERMINAL_PRESS,0.0084,0.0185,0.1354,-0.1359
675,5.348,-15.4101,21.0537,1.3933,-0.0133,0.5207,-0.1575,1.183,0.192,1.209,-15.5456,21.1893,0.2,-0.021,0.5053,0.0,-0.1936,0.6683,-0.7582,1.0291,0.4019,1,1,2,0.816,0.453,0.547,0,0,0.0,2,TERMINAL_PRESS,0.0077,0.0154,0.1356,-0.1356
676,5.355,-15.4103,21.0639,1.3901,-0.0131,0.5106,-0.1575,1.18,0.192,1.205,-15.5461,21.1993,0.2,-0.0207,0.4988,0.0,-0.1935,0.663,-0.7583,1.0257,0.3564,1,1,2,0.816,0.446,0.554,0,0,0.0,2,TERMINAL_PRESS,0.0076,0.0118,0.1357,-0.1353
677,5.363,-15.4106,21.074,1.387,-0.0134,0.503,-0.1574,1.176,0.192,1.202,-15.5465,21.2091,0.2,-0.0205,0.4922,0.0,-0.1932,0.6566,-0.7584,1.0216,0.3931,1,1,2,0.818,0.45,0.55,0,0,0.0,2,TERMINAL_PRESS,0.0071,0.0108,0.1359,-0.1351
678,5.371,-15.4109,21.0839,1.3839,-0.0129,0.4944,-0.1573,1.173,0.192,1.199,-15.5469,21.2188,0.2,-0.0202,0.4856,0.0,-0.1932,0.6506,-0.7585,1.0178,0.3476,1,1,2,0.817,0.451,0.549,0,0,0.0,2,TERMINAL_PRESS,0.0073,0.0088,0.136,-0.1349
679,5.378,-15.4111,21.0936,1.3807,-0.013,0.4878,-0.1573,1.17,0.192,1.196,-15.5473,21.2284,0.2,-0.0199,0.4789,0.0,-0.1929,0.6437,-0.7586,1.0134,0.3839,1,1,2,0.819,0.453,0.547,0,0,0.0,2,TERMINAL_PRESS,0.0069,0.0089,0.1361,-0.1348
680,5.386,-15.4114,21.1032,1.3775,-0.0121,0.4799,-0.1578,1.167,0.192,1.193,-15.5477,21.2378,0.2,-0.0196,0.4724,0.0,-0.1932,0.6375,-0.7577,1.0089,0.3499,1,1,2,0.818,0.453,0.547,0,0,0.0,2,TERMINAL_PRESS,0.0076,0.0076,0.1363,-0.1346
681,5.394,-15.4116,21.1127,1.3744,-0.0116,0.4736,-0.1576,1.164,0.192,1.19,-15.548,21.2472,0.2,-0.0193,0.4658,0.0,-0.1931,0.6306,-0.7581,1.0048,0.393,1,1,2,0.82,0.455,0.545,0,0,0.0,2,TERMINAL_PRESS,0.0077,0.0079,0.1364,-0.1344
682,5.402,-15.4118,21.122,1.3712,-0.0104,0.466,-0.1575,1.161,0.192,1.187,-15.5484,21.2563,0.2,-0.0191,0.459,0.0,-0.1934,0.624,-0.7583,1.0009,0.3545,1,1,2,0.818,0.454,0.546,0,0,0.0,2,TERMINAL_PRESS,0.0087,0.007,0.1366,-0.1343
683,5.409,-15.412,21.1312,1.3681,-0.0098,0.4599,-0.1574,1.158,0.192,1.184,-15.5488,21.2654,0.2,-0.0188,0.4523,0.0,-0.1935,0.6169,-0.7585,0.9966,0.398,1,1,2,0.819,0.454,0.546,0,0,0.0,2,TERMINAL_PRESS,0.009,0.0076,0.1368,-0.1342
684,5.416,-15.4122,21.1403,1.365,-0.0085,0.4521,-0.1575,1.154,0.192,1.181,-15.5492,21.2743,0.2,-0.0185,0.4456,0.0,-0.1939,0.6104,-0.7583,0.9925,0.3705,1,1,2,0.819,0.45,0.55,0,0,0.0,2,TERMINAL_PRESS,0.01,0.0065,0.137,-0.134
685,5.423,-15.4123,21.1492,1.3618,-0.0079,0.4455,-0.1574,1.151,0.192,1.178,-15.5495,21.2831,0.2,-0.0183,0.4389,0.0,-0.1941,0.6035,-0.7584,0.9885,0.4096,1,1,2,0.821,0.458,0.542,0,0,0.0,2,TERMINAL_PRESS,0.0104,0.0066,0.1372,-0.1339
686,5.43,-15.4125,21.1579,1.3586,-0.0069,0.4378,-0.1577,1.148,0.192,1.174,-15.5499,21.2917,0.2,-0.0179,0.432,0.0,-0.1943,0.5968,-0.7578,0.984,0.3631,1,1,2,0.82,0.454,0.546,0,0,0.0,2,TERMINAL_PRESS,0.011,0.0058,0.1374,-0.1338
687,5.437,-15.4126,21.1666,1.3555,-0.0071,0.4324,-0.1575,1.145,0.192,1.171,-15.5503,21.3002,0.2,-0.0177,0.4252,0.0,-0.1941,0.5893,-0.7583,0.9798,0.3989,1,1,2,0.822,0.46,0.54,0,0,0.0,2,TERMINAL_PRESS,0.0106,0.0072,0.1376,-0.1336
688,5.445,-15.4128,21.1751,1.3524,-0.007,0.4259,-0.1573,1.142,0.192,1.168,-15.5506,21.3086,0.2,-0.0174,0.4185,0.0,-0.194,0.5823,-0.7586,0.9758,0.3519,1,1,2,0.821,0.456,0.544,0,0,0.0,2,TERMINAL_PRESS,0.0103,0.0074,0.1378,-0.1335
689,5.452,-15.4129,21.1835,1.3492,-0.008,0.4213,-0.1572,1.139,0.192,1.165,-15.5509,21.3168,0.2,-0.0171,0.4115,0.0,-0.1934,0.5741,-0.7588,0.971,0.387,1,1,2,0.823,0.461,0.539,0,0,0.0,2,TERMINAL_PRESS,0.0091,0.0098,0.138,-0.1333
690,5.459,-15.4131,21.1918,1.3461,-0.0087,0.4152,-0.1574,1.136,0.192,1.162,-15.5513,21.3249,0.2,-0.0168,0.4047,0.0,-0.1929,0.5668,-0.7584,0.9663,0.3526,1,1,2,0.822,0.456,0.544,0,0,0.0,2,TERMINAL_PRESS,0.0081,0.0104,0.1382,-0.1331
691,5.466,-15.4133,21.2001,1.3429,-0.0103,0.4106,-0.1572,1.132,0.192,1.159,-15.5516,21.3329,0.2,-0.0165,0.3978,0.0,-0.192,0.5585,-0.7587,0.9615,0.3956,1,1,2,0.823,0.464,0.536,0,0,0.0,2,TERMINAL_PRESS,0.0062,0.0128,0.1383,-0.1328
692,5.473,-15.4135,21.2081,1.3398,-0.0116,0.4044,-0.1571,1.129,0.192,1.156,-15.5519,21.3407,0.2,-0.0162,0.3909,0.0,-0.1912,0.551,-0.7589,0.9571,0.3569,1,1,2,0.821,0.459,0.541,0,0,0.0,2,TERMINAL_PRESS,0.0047,0.0135,0.1384,-0.1326
693,5.48,-15.4138,21.2161,1.3366,-0.0138,0.3997,-0.1571,1.126,0.191,1.153,-15.5523,21.3484,0.2,-0.016,0.3839,0.0,-0.19,0.5427,-0.759,0.9522,0.4,1,1,2,0.822,0.461,0.539,0,0,0.0,2,TERMINAL_PRESS,0.0022,0.0158,0.1385,-0.1322
694,5.488,-15.4141,21.224,1.3335,-0.0155,0.3931,-0.1572,1.123,0.191,1.15,-15.5526,21.3559,0.2,-0.0156,0.3771,0.0,-0.1888,0.5353,-0.7587,0.9476,0.3807,1,1,2,0.822,0.461,0.539,0,0,0.0,2,TERMINAL_PRESS,0.0001,0.016,0.1385,-0.1319
695,5.496,-15.4145,21.2317,1.3303,-0.0181,0.3876,-0.1571,1.12,0.191,1.146,-15.5529,21.3633,0.2,-0.0154,0.37,0.0,-0.1872,0.5272,-0.7589,0.9428,0.4205,1,1,2,0.825,0.463,0.537,0,0,0.0,2,TERMINAL_PRESS,-0.0028,0.0175,0.1384,-0.1316
696,5.504,-15.4149,21.2394,1.3272,-0.0196,0.3813,-0.1575,1.117,0.191,1.143,-15.5532,21.3706,0.2,-0.0151,0.363,0.0,-0.1861,0.5193,-0.7583,0.9378,0.374,1,1,2,0.825,0.467,0.533,0,0,0.0,2,TERMINAL_PRESS,-0.0045,0.0183,0.1383,-0.1312
697,5.511,-15.4153,21.2469,1.3241,-0.0214,0.3778,-0.1573,1.114,0.19,1.14,-15.5535,21.3777,0.2,-0.0148,0.3561,0.0,-0.1848,0.5105,-0.7586,0.9329,0.3987,1,1,2,0.827,0.467,0.533,0,0,0.0,2,TERMINAL_PRESS,-0.0066,0.0217,0.1382,-0.1308
698,5.519,-15.4157,21.2544,1.3209,-0.0221,0.3736,-0.1571,1.11,0.19,1.137,-15.5538,21.3847,0.2,-0.0145,0.3489,0.0,-0.1839,0.5015,-0.7589,0.928,0.3517,1,1,2,0.826,0.467,0.533,0,0,0.0,2,TERMINAL_PRESS,-0.0076,0.0247,0.138,-0.1303
699,5.526,-15.4162,21.2618,1.3178,-0.0234,0.371,-0.157,1.107,0.189,1.134,-15.554,21.3915,0.2,-0.0142,0.3419,0.0,-0.1827,0.4919,-0.7592,0.9229,0.3868,1,1,2,0.827,0.47,0.53,0,0,0.0,2,TERMINAL_PRESS,-0.0092,0.0291,0.1378,-0.1297
700,5.534,-15.4167,21.2692,1.3146,-0.024,0.3665,-0.1571,1.104,0.189,1.13,-15.5543,21.3982,0.2,-0.0139,0.3348,0.0,-0.1817,0.483,-0.759,0.9178,0.3529,1,1,2,0.826,0.465,0.535,0,0,0.0,2,TERMINAL_PRESS,-0.0101,0.0317,0.1376,-0.1291
701,5.543,-15.4172,21.2764,1.3115,-0.0251,0.3631,-0.1569,1.101,0.188,1.127,-15.5546,21.4048,0.2,-0.0136,0.3278,0.0,-0.1806,0.4735,-0.7592,0.9128,0.3963,1,1,2,0.827,0.468,0.532,0,0,0.0,2,TERMINAL_PRESS,-0.0115,0.0353,0.1374,-0.1284
702,5.55,-15.4177,21.2836,1.3084,-0.0255,0.3577,-0.1569,1.098,0.187,1.124,-15.5549,21.4112,0.2,-0.0133,0.3207,0.0,-0.1797,0.4648,-0.7593,0.9083,0.3579,1,1,2,0.825,0.461,0.539,0,0,0.0,2,TERMINAL_PRESS,-0.0122,0.037,0.1372,-0.1276
703,5.558,-15.4182,21.2906,1.3052,-0.0264,0.3535,-0.1571,1.095,0.187,1.121,-15.5551,21.4174,0.2,-0.013,0.3135,0.0,-0.1786,0.4553,-0.759,0.9029,0.4012,1,1,2,0.826,0.464,0.536,0,0,0.0,2,TERMINAL_PRESS,-0.0134,0.04,0.1369,-0.1268
704,5.565,-15.4188,21.2976,1.3021,-0.0265,0.3469,-0.157,1.092,0.186,1.118,-15.5554,21.4236,0.2,-0.0127,0.3064,0.0,-0.1778,0.4471,-0.759,0.8987,0.37,1,1,2,0.825,0.458,0.542,0,0,0.0,2,TERMINAL_PRESS,-0.0137,0.0404,0.1366,-0.126
705,5.572,-15.4193,21.3044,1.2989,-0.027,0.341,-0.1573,1.088,0.185,1.114,-15.5556,21.4296,0.2,-0.0124,0.2993,0.0,-0.1768,0.4383,-0.7587,0.8938,0.4095,1,1,2,0.826,0.464,0.536,0,0,0.0,2,TERMINAL_PRESS,-0.0146,0.0417,0.1363,-0.1252
706,5.579,-15.4198,21.3111,1.2958,-0.0265,0.3331,-0.1572,1.085,0.184,1.111,-15.5559,21.4354,0.2,-0.0121,0.292,0.0,-0.1762,0.4303,-0.7587,0.8898,0.362,1,1,2,0.825,0.462,0.538,0,0,0.0,2,TERMINAL_PRESS,-0.0143,0.0411,0.136,-0.1243
707,5.588,-15.4203,21.3176,1.2926,-0.026,0.3267,-0.1571,1.082,0.184,1.108,-15.5561,21.4411,0.2,-0.0118,0.2849,0.0,-0.1756,0.4218,-0.759,0.8859,0.3974,1,1,2,0.827,0.462,0.538,0,0,0.0,2,TERMINAL_PRESS,-0.0142,0.0418,0.1358,-0.1235
708,5.596,-15.4208,21.324,1.2895,-0.0245,0.3183,-0.1573,1.079,0.183,1.105,-15.5563,21.4467,0.2,-0.0115,0.2776,0.0,-0.1755,0.414,-0.7586,0.8819,0.3525,1,1,2,0.825,0.46,0.54,0,0,0.0,2,TERMINAL_PRESS,-0.0129,0.0406,0.1355,-0.1227
709,5.604,-15.4213,21.3302,1.2864,-0.023,0.3109,-0.1571,1.076,0.182,1.102,-15.5566,21.4521,0.2,-0.0113,0.2705,0.0,-0.1754,0.406,-0.7589,0.8783,0.3885,1,1,2,0.826,0.463,0.537,0,0,0.0,2,TERMINAL_PRESS,-0.0117,0.0404,0.1353,-0.1219
710,5.612,-15.4217,21.3362,1.2832,-0.0204,0.3013,-0.1578,1.073,0.181,1.098,-15.5568,21.4573,0.2,-0.0109,0.2632,0.0,-0.1758,0.3987,-0.7577,0.8741,0.3731,1,1,2,0.826,0.461,0.539,0,0,0.0,2,TERMINAL_PRESS,-0.0095,0.0381,0.1351,-0.1211
711,5.619,-15.4221,21.342,1.28,-0.018,0.2925,-0.1581,1.07,0.181,1.095,-15.557,21.4624,0.2,-0.0106,0.256,0.0,-0.1762,0.3912,-0.7573,0.8704,0.4152,1,1,2,0.828,0.465,0.535,0,0,0.0,2,TERMINAL_PRESS,-0.0074,0.0365,0.1349,-0.1204
712,5.626,-15.4224,21.3477,1.2769,-0.0151,0.2829,-0.1578,1.066,0.18,1.092,-15.5572,21.4674,0.2,-0.0103,0.2486,0.0,-0.1769,0.384,-0.7578,0.8678,0.3736,1,1,2,0.828,0.466,0.534,0,0,0.0,2,TERMINAL_PRESS,-0.0048,0.0343,0.1348,-0.1197
713,5.634,-15.4226,21.3532,1.2737,-0.0132,0.2757,-0.1575,1.063,0.18,1.089,-15.5574,21.4722,0.2,-0.01,0.2415,0.0,-0.1772,0.376,-0.7583,0.8647,0.4149,1,1,2,0.829,0.469,0.531,0,0,0.0,2,TERMINAL_PRESS,-0.0032,0.0342,0.1348,-0.119
714,5.642,-15.4228,21.3586,1.2706,-0.0107,0.2674,-0.1573,1.06,0.179,1.086,-15.5576,21.4769,0.2,-0.0097,0.2341,0.0,-0.1778,0.3682,-0.7586,0.8617,0.3731,1,1,2,0.829,0.465,0.535,0,0,0.0,2,TERMINAL_PRESS,-0.0009,0.0333,0.1348,-0.1184
715,5.65,-15.423,21.3638,1.2674,-0.0089,0.2611,-0.1572,1.057,0.179,1.082,-15.5578,21.4815,0.2,-0.0094,0.2268,0.0,-0.178,0.3595,-0.7588,0.8583,0.4145,1,1,2,0.83,0.47,0.53,0,0,0.0,2,TERMINAL_PRESS,0.0005,0.0343,0.1348,-0.1177
716,5.657,-15.4231,21.3689,1.2643,-0.0065,0.2534,-0.1571,1.054,0.179,1.079,-15.558,21.4859,0.2,-0.0092,0.2194,0.0,-0.1788,0.3515,-0.7589,0.8552,0.3726,1,1,2,0.829,0.464,0.536,0,0,0.0,2,TERMINAL_PRESS,0.0026,0.034,0.1348,-0.117
717,5.665,-15.4232,21.3738,1.2612,-0.0048,0.2472,-0.1571,1.051,0.178,1.076,-15.5581,21.4901,0.2,-0.0088,0.2122,0.0,-0.1791,0.3429,-0.759,0.8519,0.414,1,1,2,0.83,0.468,0.532,0,0,0.0,2,TERMINAL_PRESS,0.004,0.035,0.1349,-0.1163
718,5.673,-15.4233,21.3786,1.258,-0.0023,0.2392,-0.1571,1.048,0.178,1.073,-15.5583,21.4942,0.2,-0.0085,0.2048,0.0,-0.1799,0.335,-0.7588,0.8488,0.3754,1,1,2,0.829,0.466,0.534,0,0,0.0,2,TERMINAL_PRESS,0.0062,0.0343,0.135,-0.1156
719,5.682,-15.4233,21.3832,1.2549,-0.0003,0.2323,-0.1576,1.044,0.177,1.07,-15.5585,21.4981,0.2,-0.0082,0.1975,0.0,-0.1805,0.3266,-0.7581,0.8449,0.4158,1,1,2,0.829,0.465,0.535,0,0,0.0,2,TERMINAL_PRESS,0.0079,0.0348,0.1352,-0.1149
720,5.69,-15.4233,21.3877,1.2517,0.0019,0.2234,-0.1575,1.041,0.177,1.067,-15.5586,21.5019,0.2,-0.0079,0.1901,0.0,-0.1812,0.319,-0.7582,0.8423,0.3795,1,1,2,0.828,0.464,0.536,0,0,0.0,2,TERMINAL_PRESS,0.0098,0.0333,0.1354,-0.1142
721,5.697,-15.4232,21.392,1.2486,0.0031,0.2156,-0.1574,1.038,0.177,1.063,-15.5588,21.5056,0.2,-0.0076,0.1828,0.0,-0.1815,0.3111,-0.7584,0.8396,0.4186,1,1,2,0.83,0.465,0.535,0,0,0.0,2,TERMINAL_PRESS,0.0107,0.0327,0.1356,-0.1136
722,5.706,-15.4231,21.3961,1.2454,0.0049,0.2061,-0.1574,1.035,0.177,1.06,-15.5589,21.5091,0.2,-0.0073,0.1753,0.0,-0.1822,0.3036,-0.7585,0.837,0.3748,1,1,2,0.828,0.462,0.538,0,0,0.0,2,TERMINAL_PRESS,0.0122,0.0308,0.1358,-0.113
723,5.713,-15.423,21.4001,1.2423,0.006,0.198,-0.1574,1.032,0.176,1.057,-15.5591,21.5125,0.2,-0.007,0.168,0.0,-0.1825,0.296,-0.7585,0.8344,0.4137,1,1,2,0.829,0.465,0.535,0,0,0.0,2,TERMINAL_PRESS,0.013,0.03,0.1361,-0.1124
724,5.721,-15.4228,21.4038,1.2391,0.0078,0.1879,-0.1577,1.029,0.176,1.054,-15.5592,21.5157,0.2,-0.0067,0.1606,0.0,-0.1832,0.289,-0.7579,0.8316,0.3953,1,1,2,0.829,0.465,0.535,0,0,0.0,2,TERMINAL_PRESS,0.0145,0.0273,0.1364,-0.1118
725,5.728,-15.4226,21.4074,1.2359,0.009,0.1787,-0.1582,1.025,0.176,1.051,-15.5593,21.5187,0.2,-0.0063,0.1532,0.0,-0.1836,0.2816,-0.7571,0.8284,0.4326,1,1,2,0.832,0.47,0.53,0,0,0.0,2,TERMINAL_PRESS,0.0153,0.0255,0.1367,-0.1113
726,5.735,-15.4224,21.4108,1.2328,0.0103,0.1691,-0.1579,1.022,0.176,1.048,-15.5595,21.5217,0.2,-0.0061,0.1457,0.0,-0.1841,0.2745,-0.7576,0.8266,0.3861,1,1,2,0.832,0.469,0.531,0,0,0.0,2,TERMINAL_PRESS,0.0163,0.0234,0.137,-0.1109
727,5.742,-15.4222,21.4141,1.2296,0.0103,0.1624,-0.1576,1.019,0.176,1.045,-15.5596,21.5244,0.2,-0.0058,0.1384,0.0,-0.1842,0.2663,-0.7581,0.8244,0.4217,1,1,2,0.834,0.476,0.524,0,0,0.0,2,TERMINAL_PRESS,0.0161,0.024,0.1373,-0.1104
728,5.75,-15.422,21.4172,1.2265,0.0107,0.155,-0.1574,1.016,0.176,1.041,-15.5597,21.527,0.2,-0.0054,0.1308,0.0,-0.1842,0.2581,-0.7585,0.8221,0.3757,1,1,2,0.833,0.473,0.527,0,0,0.0,2,TERMINAL_PRESS,0.0161,0.0241,0.1377,-0.1099
729,5.757,-15.4218,21.4201,1.2233,0.0098,0.1499,-0.1572,1.013,0.176,1.038,-15.5598,21.5295,0.2,-0.0051,0.1235,0.0,-0.1838,0.2492,-0.7588,0.8195,0.4106,1,1,2,0.835,0.479,0.521,0,0,0.0,2,TERMINAL_PRESS,0.0149,0.0264,0.138,-0.1094
730,5.765,-15.4216,21.423,1.2202,0.0093,0.1437,-0.1577,1.01,0.176,1.035,-15.5599,21.5318,0.2,-0.0048,0.116,0.0,-0.1835,0.2404,-0.758,0.8161,0.3692,1,1,2,0.834,0.475,0.525,0,0,0.0,2,TERMINAL_PRESS,0.0141,0.0278,0.1382,-0.1088
731,5.772,-15.4215,21.4258,1.217,0.0077,0.1395,-0.1573,1.007,0.176,1.032,-15.56,21.534,0.2,-0.0045,0.1085,0.0,-0.1828,0.2308,-0.7585,0.8137,0.4062,1,1,2,0.836,0.48,0.52,0,0,0.0,2,TERMINAL_PRESS,0.0123,0.0309,0.1385,-0.1082
732,5.78,-15.4213,21.4285,1.2139,0.0066,0.1339,-0.1572,1.003,0.176,1.029,-15.56,21.536,0.2,-0.0042,0.1012,0.0,-0.1821,0.2219,-0.7588,0.8113,0.3638,1,1,2,0.835,0.475,0.525,0,0,0.0,2,TERMINAL_PRESS,0.0108,0.0327,0.1387,-0.1075
733,5.787,-15.4213,21.4311,1.2108,0.0045,0.1299,-0.157,1.0,0.175,1.026,-15.5601,21.5379,0.2,-0.0039,0.0937,0.0,-0.1809,0.212,-0.7591,0.8086,0.4005,1,1,2,0.836,0.479,0.521,0,0,0.0,2,TERMINAL_PRESS,0.0083,0.0362,0.1389,-0.1068
734,5.794,-15.4212,21.4336,1.2076,0.003,0.1242,-0.1576,0.997,0.175,1.023,-15.5602,21.5396,0.2,-0.0036,0.0861,0.0,-0.1801,0.2027,-0.758,0.8051,0.3654,1,1,2,0.835,0.473,0.527,0,0,0.0,2,TERMINAL_PRESS,0.0066,0.0381,0.139,-0.106
735,5.801,-15.4212,21.436,1.2045,0.0005,0.1196,-0.1573,0.994,0.174,1.019,-15.5603,21.5412,0.2,-0.0032,0.0787,0.0,-0.1787,0.1931,-0.7586,0.8029,0.407,1,1,2,0.836,0.476,0.524,0,0,0.0,2,TERMINAL_PRESS,0.0038,0.041,0.1391,-0.1052
736,5.809,-15.4212,21.4382,1.2013,-0.0012,0.1132,-0.1571,0.991,0.174,1.016,-15.5603,21.5426,0.2,-0.003,0.0712,0.0,-0.1776,0.1842,-0.7589,0.8008,0.3693,1,1,2,0.834,0.473,0.527,0,0,0.0,2,TERMINAL_PRESS,0.0018,0.042,0.1391,-0.1044
737,5.817,-15.4213,21.4404,1.1982,-0.0038,0.1078,-0.157,0.988,0.173,1.013,-15.5604,21.5439,0.2,-0.0027,0.0638,0.0,-0.1761,0.1748,-0.7591,0.7986,0.4111,1,1,2,0.834,0.47,0.53,0,0,0.0,2,TERMINAL_PRESS,-0.0011,0.044,0.1391,-0.1035
738,5.824,-15.4214,21.4424,1.195,-0.0056,0.1001,-0.1572,0.985,0.173,1.01,-15.5604,21.545,0.2,-0.0023,0.0563,0.0,-0.1748,0.1662,-0.7588,0.7962,0.3937,1,1,2,0.834,0.473,0.527,0,0,0.0,2,TERMINAL_PRESS,-0.0032,0.0438,0.139,-0.1026
739,5.831,-15.4216,21.4442,1.1919,-0.0081,0.093,-0.1574,0.981,0.172,1.007,-15.5605,21.546,0.2,-0.002,0.0487,0.0,-0.1731,0.1574,-0.7584,0.7936,0.4325,1,1,2,0.837,0.477,0.523,0,0,0.0,2,TERMINAL_PRESS,-0.0061,0.0443,0.1389,-0.1017
740,5.838,-15.4217,21.4459,1.1887,-0.0093,0.0849,-0.1574,0.978,0.172,1.004,-15.5605,21.5468,0.2,-0.0017,0.0413,0.0,-0.172,0.1491,-0.7583,0.7918,0.3871,1,1,2,0.837,0.475,0.525,0,0,0.0,2,TERMINAL_PRESS,-0.0075,0.0436,0.1387,-0.1009
741,5.845,-15.422,21.4475,1.1856,-0.0106,0.0791,-0.1572,0.975,0.171,1.0,-15.5605,21.5475,0.2,-0.0014,0.0338,0.0,-0.1708,0.1397,-0.7588,0.7902,0.4215,1,1,2,0.839,0.483,0.517,0,0,0.0,2,TERMINAL_PRESS,-0.0092,0.0453,0.1386,-0.1
742,5.852,-15.4222,21.449,1.1825,-0.0106,0.0723,-0.1571,0.972,0.17,0.997,-15.5605,21.548,0.2,-0.001,0.0263,0.0,-0.17,0.1309,-0.759,0.7887,0.3762,1,1,2,0.838,0.479,0.521,0,0,0.0,2,TERMINAL_PRESS,-0.0096,0.0459,0.1384,-0.0991
743,5.859,-15.4224,21.4503,1.1793,-0.0108,0.0674,-0.1569,0.969,0.169,0.994,-15.5606,21.5484,0.2,-0.0008,0.0188,0.0,-0.1693,0.121,-0.7593,0.7873,0.4102,1,1,2,0.84,0.485,0.515,0,0,0.0,2,TERMINAL_PRESS,-0.01,0.0486,0.1382,-0.0981
744,5.866,-15.4226,21.4515,1.1762,-0.0095,0.0612,-0.1568,0.966,0.169,0.991,-15.5606,21.5486,0.2,-0.0005,0.0113,0.0,-0.1692,0.1118,-0.7594,0.786,0.3794,1,1,2,0.839,0.482,0.518,0,0,0.0,2,TERMINAL_PRESS,-0.009,0.0498,0.138,-0.0971
745,5.873,-15.4227,21.4527,1.173,-0.0083,0.0565,-0.1569,0.963,0.168,0.987,-15.5606,21.5487,0.2,-0.0001,0.0038,0.0,-0.169,0.1017,-0.7593,0.7845,0.4203,1,1,2,0.841,0.487,0.513,0,0,0.0,2,TERMINAL_PRESS,-0.0081,0.0527,0.1378,-0.096
746,5.88,-15.4229,21.4537,1.1699,-0.0055,0.0505,-0.157,0.959,0.167,0.984,-15.5606,21.5486,0.2,0.0001,-0.0037,0.0,-0.1696,0.0922,-0.7592,0.7833,0.3881,1,1,2,0.84,0.482,0.518,0,0,0.0,2,TERMINAL_PRESS,-0.0056,0.0542,0.1377,-0.0949
747,5.887,-15.4229,21.4546,1.1668,-0.0028,0.0458,-0.1574,0.956,0.167,0.981,-15.5606,21.5484,0.2,0.0005,-0.0112,0.0,-0.1702,0.0822,-0.7584,0.7816,0.4302,1,1,2,0.841,0.487,0.513,0,0,0.0,2,TERMINAL_PRESS,-0.0033,0.0569,0.1377,-0.0938
748,5.895,-15.4229,21.4554,1.1636,0.0004,0.0395,-0.1572,0.953,0.166,0.978,-15.5605,21.548,0.2,0.0008,-0.0187,0.0,-0.1711,0.0727,-0.7588,0.7812,0.3901,1,1,2,0.84,0.482,0.518,0,0,0.0,2,TERMINAL_PRESS,-0.0004,0.0582,0.1376,-0.0926
749,5.903,-15.4228,21.4561,1.1605,0.0026,0.0348,-0.157,0.95,0.165,0.975,-15.5605,21.5475,0.2,0.0011,-0.0262,0.0,-0.1716,0.0624,-0.7592,0.7808,0.4314,1,1,2,0.841,0.485,0.515,0,0,0.0,2,TERMINAL_PRESS,0.0015,0.061,0.1377,-0.0914
750,5.91,-15.4227,21.4566,1.1573,0.0055,0.0281,-0.1569,0.947,0.165,0.971,-15.5605,21.5468,0.2,0.0014,-0.0337,0.0,-0.1725,0.0531,-0.7593,0.7805,0.3913,1,1,2,0.839,0.478,0.522,0,0,0.0,2,TERMINAL_PRESS,0.0041,0.0618,0.1378,-0.0902
751,5.917,-15.4226,21.4571,1.1542,0.0075,0.0226,-0.1568,0.944,0.164,0.968,-15.5605,21.546,0.2,0.0017,-0.0412,0.0,-0.173,0.0431,-0.7595,0.7802,0.4327,1,1,2,0.84,0.481,0.519,0,0,0.0,2,TERMINAL_PRESS,0.0058,0.0638,0.1379,-0.0889
752,5.925,-15.4224,21.4574,1.1511,0.0102,0.0148,-0.1568,0.941,0.164,0.965,-15.5604,21.545,0.2,0.0021,-0.0486,0.0,-0.1739,0.0342,-0.7595,0.7799,0.3939,1,1,2,0.838,0.476,0.524,0,0,0.0,2,TERMINAL_PRESS,0.0082,0.0635,0.138,-0.0876
753,5.933,-15.4221,21.4575,1.1479,0.0123,0.0077,-0.1569,0.937,0.163,0.962,-15.5604,21.5439,0.2,0.0023,-0.0561,0.0,-0.1746,0.025,-0.7593,0.7796,0.4351,1,1,2,0.839,0.478,0.522,0,0,0.0,2,TERMINAL_PRESS,0.0099,0.0638,0.1382,-0.0864
754,5.941,-15.4218,21.4575,1.1448,0.0149,-0.0019,-0.1571,0.934,0.163,0.959,-15.5603,21.5426,0.2,0.0026,-0.0637,0.0,-0.1757,0.0167,-0.7589,0.7792,0.4121,1,1,2,0.838,0.472,0.528,0,0,0.0,2,TERMINAL_PRESS,0.0123,0.0618,0.1385,-0.0851
755,5.948,-15.4215,21.4573,1.1416,0.0167,-0.0112,-0.1571,0.931,0.162,0.956,-15.5603,21.5412,0.2,0.003,-0.071,0.0,-0.1763,0.0087,-0.759,0.7792,0.4477,1,1,2,0.839,0.479,0.521,0,0,0.0,2,TERMINAL_PRESS,0.0138,0.0599,0.1388,-0.0839
756,5.956,-15.4211,21.4568,1.1385,0.0189,-0.0219,-0.1571,0.928,0.162,0.952,-15.5602,21.5396,0.2,0.0032,-0.0786,0.0,-0.1772,0.001,-0.7589,0.7794,0.4128,1,1,2,0.839,0.475,0.525,0,0,0.0,2,TERMINAL_PRESS,0.0157,0.0567,0.1391,-0.0828
757,5.963,-15.4207,21.4562,1.1353,0.02,-0.0307,-0.1577,0.925,0.162,0.949,-15.5601,21.5379,0.2,0.0036,-0.0861,0.0,-0.1776,-0.0073,-0.7579,0.7784,0.4504,1,1,2,0.841,0.482,0.518,0,0,0.0,2,TERMINAL_PRESS,0.0164,0.0554,0.1394,-0.0817
758,5.97,-15.4203,21.4554,1.1322,0.0213,-0.0407,-0.1575,0.922,0.161,0.946,-15.56,21.5361,0.2,0.0039,-0.0935,0.0,-0.1781,-0.0149,-0.7583,0.7791,0.4056,1,1,2,0.84,0.478,0.522,0,0,0.0,2,TERMINAL_PRESS,0.0174,0.0528,0.1397,-0.0806
759,5.977,-15.4199,21.4544,1.1291,0.0214,-0.0486,-0.1572,0.919,0.161,0.943,-15.56,21.534,0.2,0.0042,-0.101,0.0,-0.1781,-0.0236,-0.7587,0.7797,0.4402,1,1,2,0.841,0.483,0.517,0,0,0.0,2,TERMINAL_PRESS,0.0172,0.0524,0.1401,-0.0796
760,5.984,-15.4194,21.4533,1.1259,0.0218,-0.0578,-0.1571,0.915,0.161,0.94,-15.5599,21.5319,0.2,0.0045,-0.1084,0.0,-0.1784,-0.0315,-0.7589,0.7802,0.396,1,1,2,0.84,0.478,0.522,0,0,0.0,2,TERMINAL_PRESS,0.0173,0.0506,0.1404,-0.0786
761,5.991,-15.419,21.452,1.1228,0.0211,-0.0655,-0.157,0.912,0.161,0.937,-15.5598,21.5295,0.2,0.0048,-0.116,0.0,-0.178,-0.0403,-0.759,0.7807,0.4297,1,1,2,0.842,0.482,0.518,0,0,0.0,2,TERMINAL_PRESS,0.0162,0.0505,0.1408,-0.0776
762,5.998,-15.4186,21.4505,1.1196,0.0209,-0.0748,-0.1574,0.909,0.161,0.934,-15.5597,21.5271,0.2,0.0051,-0.1233,0.0,-0.1778,-0.048,-0.7585,0.7805,0.3977,1,1,2,0.84,0.476,0.524,0,0,0.0,2,TERMINAL_PRESS,0.0157,0.0485,0.1411,-0.0766
763,6.005,-15.4182,21.4488,1.1165,0.0196,-0.083,-0.1572,0.906,0.16,0.93,-15.5596,21.5245,0.2,0.0054,-0.1307,0.0,-0.1772,-0.0563,-0.7587,0.7812,0.4388,1,1,2,0.841,0.48,0.52,0,0,0.0,2,TERMINAL_PRESS,0.0142,0.0478,0.1414,-0.0756
764,6.013,-15.4178,21.447,1.1133,0.019,-0.0929,-0.1572,0.903,0.16,0.927,-15.5595,21.5217,0.2,0.0057,-0.1382,0.0,-0.1769,-0.0638,-0.7587,0.7817,0.4051,1,1,2,0.84,0.478,0.522,0,0,0.0,2,TERMINAL_PRESS,0.0133,0.0453,0.1416,-0.0747
765,6.02,-15.4175,21.4449,1.1102,0.0173,-0.1017,-0.1572,0.9,0.16,0.924,-15.5593,21.5188,0.2,0.0061,-0.1457,0.0,-0.1351,-0.0874,-0.7588,0.7756,0.4461,1,1,2,0.841,0.476,0.524,0,0,0.0,2,TERMINAL_PRESS,0.0112,0.044,0.1418,-0.0739
766,6.028,-15.4172,21.4427,1.107,0.0164,-0.1124,-0.1574,0.897,0.16,0.921,-15.5592,21.5157,0.2,0.0063,-0.153,0.0,-0.094,-0.1122,-0.7584,0.7724,0.4279,1,1,2,0.841,0.475,0.525,0,0,0.0,2,TERMINAL_PRESS,0.01,0.0406,0.142,-0.073
767,6.036,-15.4169,21.4402,1.1039,0.0146,-0.1221,-0.1574,0.893,0.16,0.918,-15.5591,21.5125,0.2,0.0067,-0.1605,0.0,-0.054,-0.1387,-0.7584,0.7729,0.4648,1,1,2,0.843,0.485,0.515,0,0,0.0,2,TERMINAL_PRESS,0.0079,0.0384,0.1422,-0.0723
768,6.045,-15.4166,21.4376,1.1007,0.0141,-0.1326,-0.1581,0.89,0.159,0.915,-15.5589,21.5092,0.2,0.007,-0.1678,0.0,-0.0157,-0.1677,-0.7573,0.7758,0.4257,1,1,2,0.843,0.485,0.515,0,0,0.0,2,TERMINAL_PRESS,0.0071,0.0353,0.1424,-0.0716
769,6.052,-15.4163,21.4348,1.0976,0.013,-0.1406,-0.1577,0.887,0.159,0.912,-15.5588,21.5057,0.2,0.0073,-0.1753,0.0,0.0049,-0.1899,-0.7579,0.7813,0.4619,1,1,2,0.846,0.488,0.512,0,0,0.0,2,TERMINAL_PRESS,0.0057,0.0347,0.1425,-0.0709
770,6.061,-15.4161,21.4318,1.0944,0.0131,-0.1492,-0.1575,0.884,0.159,0.908,-15.5586,21.502,0.2,0.0076,-0.1826,0.0,0.0052,-0.1967,-0.7582,0.7834,0.4205,1,1,2,0.846,0.491,0.509,0,0,0.0,2,TERMINAL_PRESS,0.0056,0.0334,0.1426,-0.0702
771,6.069,-15.4158,21.4287,1.0913,0.0127,-0.1554,-0.1573,0.881,0.159,0.905,-15.5585,21.4982,0.2,0.0079,-0.19,0.0,0.0058,-0.2045,-0.7586,0.7857,0.4564,1,1,2,0.848,0.493,0.507,0,0,0.0,2,TERMINAL_PRESS,0.0049,0.0345,0.1427,-0.0695
772,6.077,-15.4155,21.4254,1.0881,0.0137,-0.1626,-0.1572,0.878,0.159,0.902,-15.5583,21.4943,0.2,0.0082,-0.1974,0.0,0.0059,-0.2121,-0.7588,0.7879,0.415,1,1,2,0.847,0.495,0.505,0,0,0.0,2,TERMINAL_PRESS,0.0055,0.0348,0.1428,-0.0688
773,6.084,-15.4152,21.4221,1.085,0.0142,-0.1678,-0.1571,0.874,0.158,0.899,-15.5581,21.4902,0.2,0.0085,-0.2047,0.0,0.0061,-0.2202,-0.759,0.7903,0.4508,1,1,2,0.849,0.495,0.505,0,0,0.0,2,TERMINAL_PRESS,0.0057,0.0368,0.1429,-0.0681
774,6.091,-15.4149,21.4186,1.0819,0.0162,-0.1744,-0.1572,0.871,0.158,0.896,-15.558,21.4859,0.2,0.0088,-0.2121,0.0,0.0056,-0.228,-0.7588,0.7923,0.4151,1,1,2,0.848,0.496,0.504,0,0,0.0,2,TERMINAL_PRESS,0.0074,0.0377,0.143,-0.0673
775,6.098,-15.4146,21.415,1.0787,0.018,-0.1794,-0.157,0.868,0.158,0.893,-15.5578,21.4815,0.2,0.0091,-0.2193,0.0,0.0054,-0.2362,-0.759,0.7949,0.451,1,1,2,0.849,0.496,0.504,0,0,0.0,2,TERMINAL_PRESS,0.0089,0.04,0.1432,-0.0665
776,6.106,-15.4142,21.4113,1.0756,0.0199,-0.1856,-0.157,0.865,0.158,0.89,-15.5576,21.477,0.2,0.0094,-0.2267,0.0,0.005,-0.244,-0.7591,0.7974,0.41,1,1,2,0.848,0.496,0.504,0,0,0.0,2,TERMINAL_PRESS,0.0105,0.0411,0.1434,-0.0657
777,6.113,-15.4138,21.4075,1.0724,0.0202,-0.1902,-0.1569,0.862,0.158,0.887,-15.5574,21.4723,0.2,0.0097,-0.234,0.0,0.0053,-0.2525,-0.7593,0.8002,0.4455,1,1,2,0.85,0.495,0.505,0,0,0.0,2,TERMINAL_PRESS,0.0105,0.0439,0.1436,-0.0648
778,6.12,-15.4133,21.4036,1.0693,0.0209,-0.1963,-0.1568,0.859,0.157,0.883,-15.5572,21.4675,0.2,0.01,-0.2413,0.0,0.0054,-0.2602,-0.7594,0.8027,0.405,1,1,2,0.848,0.494,0.506,0,0,0.0,2,TERMINAL_PRESS,0.0109,0.0449,0.1439,-0.0639
779,6.127,-15.4129,21.3995,1.0662,0.0201,-0.2013,-0.1568,0.856,0.157,0.88,-15.557,21.4625,0.2,0.0103,-0.2485,0.0,0.0062,-0.2684,-0.7595,0.8056,0.44,1,1,2,0.849,0.496,0.504,0,0,0.0,2,TERMINAL_PRESS,0.0098,0.0472,0.1441,-0.063
780,6.134,-15.4125,21.3954,1.063,0.0198,-0.2083,-0.1574,0.853,0.157,0.877,-15.5568,21.4574,0.2,0.0106,-0.2559,0.0,0.0068,-0.2759,-0.7584,0.8071,0.4065,1,1,2,0.847,0.49,0.51,0,0,0.0,2,TERMINAL_PRESS,0.0092,0.0476,0.1442,-0.062
781,6.141,-15.4122,21.3911,1.0599,0.0182,-0.2144,-0.1572,0.849,0.157,0.874,-15.5566,21.4521,0.2,0.011,-0.2631,0.0,0.0079,-0.2836,-0.7588,0.8102,0.4441,1,1,2,0.848,0.492,0.508,0,0,0.0,2,TERMINAL_PRESS,0.0073,0.0487,0.1444,-0.0611
782,6.149,-15.4118,21.3866,1.0567,0.0174,-0.2226,-0.1572,0.846,0.157,0.871,-15.5563,21.4467,0.2,0.0112,-0.2703,0.0,0.0086,-0.2904,-0.7588,0.8125,0.4204,1,1,2,0.847,0.488,0.512,0,0,0.0,2,TERMINAL_PRESS,0.0062,0.0476,0.1445,-0.0601
783,6.157,-15.4115,21.382,1.0536,0.0153,-0.2302,-0.1571,0.843,0.156,0.868,-15.5561,21.4412,0.2,0.0115,-0.2775,0.0,0.0099,-0.2975,-0.759,0.8153,0.4579,1,1,2,0.849,0.493,0.507,0,0,0.0,2,TERMINAL_PRESS,0.0038,0.0474,0.1446,-0.0592
784,6.164,-15.4112,21.3772,1.0504,0.0144,-0.239,-0.157,0.84,0.156,0.865,-15.5559,21.4355,0.2,0.0118,-0.2848,0.0,0.0108,-0.3041,-0.759,0.8177,0.4205,1,1,2,0.848,0.488,0.512,0,0,0.0,2,TERMINAL_PRESS,0.0025,0.0458,0.1446,-0.0582
785,6.171,-15.411,21.3723,1.0473,0.0126,-0.2464,-0.157,0.837,0.156,0.861,-15.5556,21.4297,0.2,0.0121,-0.2919,0.0,0.0119,-0.3111,-0.7591,0.8205,0.4578,1,1,2,0.849,0.492,0.508,0,0,0.0,2,TERMINAL_PRESS,0.0004,0.0455,0.1446,-0.0573
786,6.178,-15.4107,21.3672,1.0442,0.012,-0.2555,-0.157,0.834,0.155,0.858,-15.5554,21.4237,0.2,0.0124,-0.2992,0.0,0.0126,-0.3176,-0.759,0.8229,0.4202,1,1,2,0.847,0.49,0.51,0,0,0.0,2,TERMINAL_PRESS,-0.0005,0.0437,0.1446,-0.0565
787,6.186,-15.4105,21.3619,1.041,0.0107,-0.2636,-0.157,0.831,0.155,0.855,-15.5551,21.4175,0.2,0.0127,-0.3062,0.0,0.0135,-0.3242,-0.759,0.8255,0.4574,1,1,2,0.848,0.488,0.512,0,0,0.0,2,TERMINAL_PRESS,-0.0019,0.0427,0.1446,-0.0556
788,6.194,-15.4103,21.3565,1.0379,0.0109,-0.2737,-0.1574,0.827,0.155,0.852,-15.5549,21.4113,0.2,0.013,-0.3135,0.0,0.0139,-0.3303,-0.7585,0.8274,0.4477,1,1,2,0.848,0.489,0.511,0,0,0.0,2,TERMINAL_PRESS,-0.0021,0.0398,0.1445,-0.0548
789,6.201,-15.4101,21.3508,1.0347,0.0106,-0.2832,-0.1581,0.824,0.154,0.849,-15.5546,21.4049,0.2,0.0134,-0.3205,0.0,0.0145,-0.3363,-0.7573,0.8287,0.47,1,1,2,0.85,0.495,0.505,0,0,0.0,2,TERMINAL_PRESS,-0.0028,0.0374,0.1445,-0.0541
790,6.208,-15.4099,21.3449,1.0315,0.0116,-0.2927,-0.1584,0.821,0.154,0.846,-15.5543,21.3983,0.2,0.0136,-0.3277,0.0,0.0144,-0.3424,-0.7568,0.8308,0.4301,1,1,2,0.85,0.493,0.507,0,0,0.0,2,TERMINAL_PRESS,-0.002,0.0349,0.1445,-0.0534
791,6.215,-15.4096,21.3389,1.0284,0.0119,-0.3005,-0.1579,0.818,0.154,0.843,-15.554,21.3916,0.2,0.0139,-0.3347,0.0,0.0148,-0.3492,-0.7576,0.8343,0.4635,1,1,2,0.852,0.498,0.502,0,0,0.0,2,TERMINAL_PRESS,-0.002,0.0343,0.1444,-0.0527
792,6.222,-15.4094,21.3328,1.0252,0.0134,-0.3092,-0.1576,0.815,0.153,0.839,-15.5538,21.3848,0.2,0.0142,-0.3418,0.0,0.0145,-0.3556,-0.758,0.8374,0.4224,1,1,2,0.851,0.499,0.501,0,0,0.0,2,TERMINAL_PRESS,-0.0007,0.0326,0.1444,-0.052
793,6.229,-15.4091,21.3264,1.0221,0.0143,-0.3164,-0.1574,0.812,0.153,0.836,-15.5535,21.3778,0.2,0.0145,-0.3489,0.0,0.0146,-0.3626,-0.7583,0.8407,0.4553,1,1,2,0.852,0.498,0.502,0,0,0.0,2,TERMINAL_PRESS,-0.0002,0.0325,0.1444,-0.0514
794,6.236,-15.4087,21.3199,1.0189,0.0165,-0.3249,-0.1581,0.808,0.153,0.833,-15.5532,21.3707,0.2,0.0148,-0.3559,0.0,0.0141,-0.369,-0.7572,0.8424,0.4222,1,1,2,0.851,0.498,0.502,0,0,0.0,2,TERMINAL_PRESS,0.0017,0.031,0.1444,-0.0508
795,6.243,-15.4084,21.3133,1.0158,0.0182,-0.3322,-0.1578,0.805,0.153,0.83,-15.5529,21.3634,0.2,0.0151,-0.3629,0.0,0.0138,-0.3758,-0.7578,0.8459,0.4589,1,1,2,0.852,0.498,0.502,0,0,0.0,2,TERMINAL_PRESS,0.0031,0.0307,0.1445,-0.0501
796,6.251,-15.408,21.3065,1.0126,0.0207,-0.341,-0.1577,0.802,0.153,0.827,-15.5526,21.356,0.2,0.0154,-0.3699,0.0,0.0131,-0.3822,-0.758,0.849,0.4259,1,1,2,0.851,0.498,0.502,0,0,0.0,2,TERMINAL_PRESS,0.0054,0.0289,0.1446,-0.0496
797,6.259,-15.4075,21.2995,1.0095,0.022,-0.3486,-0.1575,0.799,0.153,0.824,-15.5523,21.3485,0.2,0.0156,-0.3769,0.0,0.0129,-0.3888,-0.7582,0.8522,0.4625,1,1,2,0.853,0.497,0.503,0,0,0.0,2,TERMINAL_PRESS,0.0064,0.0283,0.1447,-0.049
798,6.266,-15.407,21.2923,1.0063,0.0243,-0.3578,-0.1576,0.796,0.153,0.821,-15.5519,21.3408,0.2,0.016,-0.3839,0.0,0.0124,-0.3949,-0.7581,0.8549,0.4335,1,1,2,0.852,0.499,0.501,0,0,0.0,2,TERMINAL_PRESS,0.0084,0.0261,0.1449,-0.0485
799,6.273,-15.4065,21.285,1.0032,0.0257,-0.3658,-0.1575,0.793,0.153,0.818,-15.5516,21.333,0.2,0.0162,-0.3908,0.0,0.0122,-0.4014,-0.7582,0.858,0.47,1,1,2,0.853,0.499,0.501,0,0,0.0,2,TERMINAL_PRESS,0.0095,0.0251,0.1451,-0.048
800,6.28,-15.406,21.2775,1.0,0.0283,-0.3749,-0.1577,0.79,0.153,0.814,-15.5513,21.325,0.2,0.0165,-0.3977,0.0,0.0115,-0.4073,-0.758,0.8606,0.436,1,1,2,0.853,0.5,0.5,0,0,0.0,2,TERMINAL_PRESS,0.0118,0.0228,0.1453,-0.0475
801,6.287,-15.4054,21.2699,0.9969,0.0302,-0.3827,-0.1576,0.786,0.153,0.811,-15.5509,21.317,0.2,0.0168,-0.4046,0.0,0.0112,-0.4139,-0.7581,0.8638,0.4726,1,1,2,0.854,0.499,0.501,0,0,0.0,2,TERMINAL_PRESS,0.0134,0.022,0.1456,-0.0471
802,6.294,-15.4047,21.262,0.9937,0.0322,-0.3916,-0.1576,0.783,0.153,0.808,-15.5506,21.3087,0.2,0.0171,-0.4114,0.0,0.0107,-0.4198,-0.7581,0.8666,0.4409,1,1,2,0.853,0.496,0.504,0,0,0.0,2,TERMINAL_PRESS,0.0152,0.0198,0.1459,-0.0467
803,6.3,-15.4041,21.2541,0.9906,0.0324,-0.3992,-0.1575,0.78,0.153,0.805,-15.5503,21.3004,0.2,0.0174,-0.4184,0.0,0.0111,-0.4265,-0.7582,0.87,0.477,1,1,2,0.855,0.501,0.499,0,0,0.0,2,TERMINAL_PRESS,0.015,0.0192,0.1462,-0.0463
804,6.307,-15.4034,21.2459,0.9874,0.0329,-0.4078,-0.1575,0.777,0.154,0.802,-15.5499,21.2919,0.2,0.0176,-0.4251,0.0,0.0112,-0.4325,-0.7583,0.873,0.4389,1,1,2,0.853,0.497,0.503,0,0,0.0,2,TERMINAL_PRESS,0.0153,0.0173,0.1465,-0.046
805,6.314,-15.4028,21.2376,0.9843,0.0319,-0.4149,-0.1574,0.774,0.154,0.799,-15.5495,21.2832,0.2,0.0179,-0.4319,0.0,0.012,-0.4391,-0.7584,0.8764,0.4746,1,1,2,0.855,0.5,0.5,0,0,0.0,2,TERMINAL_PRESS,0.0139,0.017,0.1468,-0.0456
806,6.321,-15.4021,21.2291,0.9811,0.0313,-0.4234,-0.1576,0.771,0.154,0.796,-15.5492,21.2744,0.2,0.0182,-0.4387,0.0,0.0127,-0.4451,-0.7581,0.8793,0.4569,1,1,2,0.855,0.5,0.5,0,0,0.0,2,TERMINAL_PRESS,0.0131,0.0153,0.147,-0.0453
807,6.328,-15.4016,21.2205,0.9779,0.0294,-0.4308,-0.1582,0.767,0.154,0.793,-15.5488,21.2655,0.2,0.0185,-0.4456,0.0,0.0139,-0.4518,-0.7571,0.8818,0.4899,1,1,2,0.857,0.504,0.496,0,0,0.0,2,TERMINAL_PRESS,0.0109,0.0148,0.1473,-0.045
808,6.335,-15.401,21.2117,0.9748,0.0283,-0.4383,-0.158,0.764,0.154,0.79,-15.5484,21.2565,0.2,0.0188,-0.4521,0.0,0.0148,-0.458,-0.7574,0.8852,0.4477,1,1,2,0.858,0.509,0.491,0,0,0.0,2,TERMINAL_PRESS,0.0095,0.0139,0.1474,-0.0447
809,6.342,-15.4005,21.2029,0.9716,0.0261,-0.4431,-0.1576,0.761,0.154,0.787,-15.5481,21.2473,0.2,0.0191,-0.459,0.0,0.0161,-0.4657,-0.7581,0.8898,0.4779,1,1,2,0.86,0.491,0.509,0,0,0.0,2,TERMINAL_PRESS,0.0071,0.0159,0.1476,-0.0444
810,6.349,-15.4,21.1939,0.9685,0.0249,-0.4482,-0.1573,0.758,0.154,0.784,-15.5477,21.238,0.2,0.0194,-0.4656,0.0,0.017,-0.4729,-0.7585,0.894,0.4362,1,1,2,0.86,0.489,0.511,0,0,0.0,2,TERMINAL_PRESS,0.0055,0.0174,0.1477,-0.0441
811,6.357,-15.3995,21.1849,0.9653,0.0226,-0.451,-0.1571,0.755,0.154,0.781,-15.5473,21.2286,0.2,0.0196,-0.4723,0.0,0.0183,-0.4812,-0.7589,0.8988,0.4657,1,1,2,0.862,0.498,0.502,0,0,0.0,2,TERMINAL_PRESS,0.003,0.0212,0.1478,-0.0436
812,6.365,-15.3991,21.1758,0.9622,0.0214,-0.4545,-0.157,0.752,0.154,0.778,-15.5469,21.219,0.2,0.0199,-0.4788,0.0,0.0192,-0.4891,-0.7591,0.9032,0.4379,1,1,2,0.862,0.495,0.505,0,0,0.0,2,TERMINAL_PRESS,0.0016,0.0244,0.1478,-0.0432
813,6.372,-15.3987,21.1667,0.9591,0.0194,-0.456,-0.1571,0.749,0.154,0.774,-15.5465,21.2093,0.2,0.0202,-0.4855,0.0,0.0205,-0.498,-0.7589,0.908,0.4652,1,1,2,0.862,0.499,0.501,0,0,0.0,2,TERMINAL_PRESS,-0.0008,0.0295,0.1478,-0.0426
814,6.379,-15.3983,21.1575,0.9559,0.0185,-0.4582,-0.1569,0.745,0.154,0.771,-15.5461,21.1994,0.2,0.0205,-0.4921,0.0,0.0213,-0.5064,-0.7592,0.9129,0.4329,1,1,2,0.861,0.491,0.509,0,0,0.0,2,TERMINAL_PRESS,-0.002,0.0339,0.1477,-0.0419
815,6.386,-15.398,21.1483,0.9528,0.0165,-0.4593,-0.1568,0.742,0.153,0.768,-15.5457,21.1894,0.2,0.0207,-0.4987,0.0,0.0225,-0.5153,-0.7594,0.918,0.4722,1,1,2,0.861,0.494,0.506,0,0,0.0,2,TERMINAL_PRESS,-0.0042,0.0394,0.1477,-0.0411
816,6.393,-15.3977,21.1391,0.9497,0.0158,-0.4624,-0.1568,0.739,0.153,0.765,-15.5452,21.1793,0.2,0.021,-0.5052,0.0,0.0232,-0.5232,-0.5435,0.7548,0.4394,1,1,2,0.86,0.508,0.492,0,0,0.0,2,TERMINAL_PRESS,-0.0052,0.0427,0.1475,-0.0403
817,6.4,-15.3974,21.1298,0.9465,0.0142,-0.4648,-0.1573,0.736,0.153,0.762,-15.5448,21.1691,0.2,0.0213,-0.5116,0.0,0.0243,-0.5314,-0.5425,0.7598,0.477,1,1,2,0.86,0.51,0.49,0,0,0.0,2,TERMINAL_PRESS,-0.0071,0.0468,0.1474,-0.0393
818,6.406,-15.3971,21.1204,0.9434,0.0139,-0.4696,-0.1571,0.733,0.152,0.759,-15.5444,21.1587,0.2,0.0215,-0.5181,0.0,0.0247,-0.5386,-0.543,0.7652,0.4386,1,1,2,0.859,0.508,0.492,0,0,0.0,2,TERMINAL_PRESS,-0.0076,0.0485,0.1473,-0.0383
819,6.413,-15.3969,21.1109,0.9402,0.0129,-0.4739,-0.1569,0.73,0.152,0.756,-15.5439,21.1483,0.2,0.0218,-0.5246,0.0,0.0256,-0.5461,-0.5433,0.7707,0.4736,1,1,2,0.859,0.508,0.492,0,0,0.0,2,TERMINAL_PRESS,-0.0089,0.0507,0.1471,-0.0373
820,6.42,-15.3966,21.1013,0.9371,0.0133,-0.4806,-0.157,0.727,0.151,0.752,-15.5435,21.1376,0.2,0.0221,-0.531,0.0,0.0258,-0.5523,-0.5432,0.7751,0.4617,1,1,2,0.859,0.507,0.493,0,0,0.0,2,TERMINAL_PRESS,-0.0088,0.0504,0.1469,-0.0363
821,6.427,-15.3963,21.0916,0.9339,0.0131,-0.4873,-0.1569,0.723,0.151,0.749,-15.5431,21.1269,0.2,0.0223,-0.5373,0.0,0.0262,-0.5585,-0.5432,0.7795,0.489,1,1,2,0.86,0.512,0.488,0,0,0.0,2,TERMINAL_PRESS,-0.0092,0.05,0.1467,-0.0353
822,6.434,-15.396,21.0817,0.9308,0.0148,-0.4946,-0.157,0.72,0.151,0.746,-15.5426,21.116,0.2,0.0226,-0.5438,0.0,0.0259,-0.5646,-0.5432,0.7839,0.4527,1,1,2,0.859,0.507,0.493,0,0,0.0,2,TERMINAL_PRESS,-0.0078,0.0492,0.1466,-0.0343
823,6.442,-15.3957,21.0717,0.9277,0.0163,-0.5005,-0.1568,0.717,0.15,0.743,-15.5421,21.105,0.2,0.0228,-0.5501,0.0,0.0256,-0.571,-0.5434,0.7887,0.4875,1,1,2,0.86,0.511,0.489,0,0,0.0,2,TERMINAL_PRESS,-0.0066,0.0496,0.1464,-0.0333
824,6.45,-15.3953,21.0615,0.9245,0.0188,-0.508,-0.1568,0.714,0.15,0.74,-15.5417,21.0939,0.2,0.0231,-0.5564,0.0,0.0249,-0.5768,-0.5434,0.7929,-0.0228,1,1,2,0.859,0.51,0.49,0,0,0.0,2,TERMINAL_PRESS,-0.0043,0.0484,0.1463,-0.0324
825,6.457,-15.3949,21.0512,0.9214,0.0205,-0.5143,-0.1568,0.711,0.15,0.737,-15.5412,21.0826,0.2,0.0234,-0.5626,0.0,0.0246,-0.583,-0.5435,0.7974,0.009,1,1,2,0.86,0.508,0.492,0,0,0.0,2,TERMINAL_PRESS,-0.0029,0.0483,0.1463,-0.0314
826,6.464,-15.3945,21.0408,0.9183,0.0236,-0.5225,-0.157,0.708,0.149,0.734,-15.5407,21.0713,0.2,0.0236,-0.5689,0.0,0.0236,-0.5885,-0.5432,0.8012,-0.0189,1,1,2,0.859,0.508,0.492,0,0,0.0,2,TERMINAL_PRESS,-0.0,0.0464,0.1463,-0.0305
827,6.471,-15.3939,21.0302,0.9151,0.026,-0.5299,-0.1572,0.705,0.149,0.731,-15.5403,21.0598,0.2,0.0239,-0.5752,0.0,0.023,-0.5943,-0.5427,0.8052,0.0164,1,1,2,0.86,0.508,0.492,0,0,0.0,2,TERMINAL_PRESS,0.0021,0.0453,0.1463,-0.0296
828,6.478,-15.3934,21.0194,0.912,0.029,-0.5389,-0.1572,0.701,0.149,0.727,-15.5398,21.0481,0.2,0.0241,-0.5813,0.0,0.0221,-0.5992,-0.5428,0.8088,-0.015,1,1,2,0.859,0.505,0.495,0,0,0.0,2,TERMINAL_PRESS,0.0049,0.0424,0.1464,-0.0287
829,6.485,-15.3927,21.0085,0.9088,0.0306,-0.5465,-0.1571,0.698,0.149,0.724,-15.5393,21.0364,0.2,0.0244,-0.5874,0.0,0.0218,-0.6046,-0.5429,0.8129,0.0214,1,1,2,0.86,0.51,0.49,0,0,0.0,2,TERMINAL_PRESS,0.0061,0.0408,0.1465,-0.0279
830,6.492,-15.3921,20.9974,0.9057,0.0325,-0.5554,-0.1571,0.695,0.149,0.721,-15.5388,21.0245,0.2,0.0247,-0.5935,0.0,0.0213,-0.6096,-0.5429,0.8166,-0.0107,1,1,2,0.86,0.508,0.492,0,0,0.0,2,TERMINAL_PRESS,0.0079,0.038,0.1467,-0.0272
831,6.498,-15.3914,20.9861,0.9025,0.0329,-0.5626,-0.1571,0.692,0.149,0.718,-15.5383,21.0125,0.2,0.0249,-0.5997,0.0,0.0215,-0.6154,-0.543,0.821,0.0265,1,1,2,0.862,0.509,0.491,0,0,0.0,2,TERMINAL_PRESS,0.008,0.0371,0.1469,-0.0264
832,6.505,-15.3908,20.9747,0.8994,0.0334,-0.5706,-0.157,0.689,0.149,0.715,-15.5378,21.0004,0.2,0.0252,-0.6056,0.0,0.0217,-0.6204,-0.5431,0.8248,-0.0064,1,1,2,0.861,0.508,0.492,0,0,0.0,2,TERMINAL_PRESS,0.0083,0.035,0.147,-0.0257
833,6.512,-15.3901,20.9632,0.8963,0.0322,-0.5764,-0.157,0.686,0.149,0.712,-15.5373,20.9882,0.2,0.0254,-0.6117,0.0,0.0225,-0.6266,-0.543,0.8295,0.0284,1,1,2,0.863,0.501,0.499,0,0,0.0,2,TERMINAL_PRESS,0.0068,0.0352,0.1472,-0.025
834,6.519,-15.3895,20.9515,0.8931,0.0311,-0.5828,-0.157,0.683,0.149,0.709,-15.5368,20.9758,0.2,0.0257,-0.6177,0.0,0.0234,-0.6325,-0.5432,0.834,-0.0053,1,1,2,0.863,0.514,0.486,0,0,0.0,2,TERMINAL_PRESS,0.0054,0.0349,0.1473,-0.0243
835,6.527,-15.3889,20.9398,0.89,0.029,-0.5868,-0.157,0.679,0.149,0.706,-15.5363,20.9633,0.2,0.0259,-0.6235,0.0,0.0246,-0.6391,-0.5431,0.839,0.0144,1,1,2,0.864,0.504,0.496,0,0,0.0,2,TERMINAL_PRESS,0.0031,0.0368,0.1473,-0.0236
836,6.535,-15.3884,20.9279,0.8868,0.0277,-0.5911,-0.1569,0.676,0.149,0.703,-15.5357,20.9508,0.2,0.0261,-0.6295,0.0,0.0255,-0.6458,-0.5433,0.8443,-0.0197,1,1,2,0.863,0.513,0.487,0,0,0.0,2,TERMINAL_PRESS,0.0015,0.0384,0.1474,-0.0228
837,6.542,-15.3879,20.9161,0.8837,0.025,-0.5943,-0.1569,0.673,0.149,0.7,-15.5352,20.9381,0.2,0.0264,-0.6354,0.0,0.027,-0.6528,-0.5433,0.8498,0.018,1,1,2,0.864,0.499,0.501,0,0,0.0,2,TERMINAL_PRESS,-0.0014,0.0411,0.1473,-0.022
838,6.55,-15.3874,20.9041,0.8806,0.0227,-0.5991,-0.1568,0.67,0.149,0.697,-15.5347,20.9252,0.2,0.0267,-0.6413,0.0,0.0283,-0.6591,-0.5434,0.8547,-0.0167,1,1,2,0.863,0.508,0.492,0,0,0.0,2,TERMINAL_PRESS,-0.0039,0.0422,0.1473,-0.0211
839,6.557,-15.387,20.892,0.8774,0.0193,-0.6023,-0.1569,0.667,0.148,0.694,-15.5341,20.9123,0.2,0.0268,-0.6471,0.0,0.03,-0.666,-0.5433,0.86,0.0201,1,1,2,0.865,0.5,0.5,0,0,0.0,2,TERMINAL_PRESS,-0.0076,0.0447,0.1471,-0.0202
840,6.564,-15.3867,20.8799,0.8743,0.0164,-0.6069,-0.1569,0.664,0.148,0.69,-15.5336,20.8992,0.2,0.0271,-0.6528,0.0,0.0317,-0.6722,-0.5434,0.8649,-0.0153,1,1,2,0.864,0.51,0.49,0,0,0.0,2,TERMINAL_PRESS,-0.0108,0.0459,0.1469,-0.0193
841,6.571,-15.3864,20.8677,0.8712,0.0129,-0.6098,-0.1568,0.661,0.148,0.687,-15.533,20.8861,0.2,0.0274,-0.6586,0.0,0.0335,-0.6793,-0.5434,0.8705,0.0248,1,1,2,0.866,0.499,0.501,0,0,0.0,2,TERMINAL_PRESS,-0.0145,0.0488,0.1466,-0.0184
842,6.578,-15.3862,20.8554,0.868,0.0105,-0.6139,-0.1568,0.658,0.147,0.684,-15.5325,20.8728,0.2,0.0276,-0.6642,0.0,0.0348,-0.6856,-0.5434,0.8755,-0.0108,1,1,2,0.865,0.511,0.489,0,0,0.0,2,TERMINAL_PRESS,-0.0171,0.0503,0.1463,-0.0173
843,6.585,-15.3861,20.8431,0.8649,0.0074,-0.6159,-0.157,0.654,0.147,0.681,-15.5319,20.8594,0.2,0.0278,-0.67,0.0,0.0365,-0.6928,-0.5431,0.8811,0.0093,1,1,2,0.866,0.513,0.487,0,0,0.0,2,TERMINAL_PRESS,-0.0205,0.054,0.1459,-0.0163
844,6.592,-15.386,20.8307,0.8617,0.0052,-0.6188,-0.1569,0.651,0.146,0.678,-15.5314,20.8459,0.2,0.028,-0.6757,0.0,0.0377,-0.6998,-0.5433,0.8867,-0.0267,1,1,2,0.865,0.512,0.488,0,0,0.0,2,TERMINAL_PRESS,-0.0228,0.0569,0.1454,-0.0151
845,6.599,-15.3859,20.8183,0.8586,0.0028,-0.6209,-0.1568,0.648,0.146,0.675,-15.5308,20.8322,0.2,0.0283,-0.6811,0.0,0.0391,-0.7066,-0.5435,0.8923,0.0141,1,1,2,0.866,0.511,0.489,0,0,0.0,2,TERMINAL_PRESS,-0.0255,0.0602,0.1449,-0.0139
846,6.606,-15.3859,20.8058,0.8555,0.0017,-0.6252,-0.1567,0.645,0.145,0.671,-15.5302,20.8185,0.2,0.0285,-0.6867,0.0,0.0399,-0.7128,-0.5436,0.8974,-0.0221,1,1,2,0.865,0.512,0.488,0,0,0.0,2,TERMINAL_PRESS,-0.0268,0.0616,0.1443,-0.0127
847,6.613,-15.3859,20.7932,0.8524,0.0002,-0.6283,-0.1565,0.642,0.144,0.668,-15.5297,20.8047,0.2,0.0288,-0.6924,0.0,0.0409,-0.7196,-0.5439,0.9029,0.0192,1,1,2,0.866,0.511,0.489,0,0,0.0,2,TERMINAL_PRESS,-0.0286,0.0641,0.1438,-0.0114
848,6.62,-15.3859,20.7806,0.8492,-0.0003,-0.6331,-0.1565,0.639,0.144,0.665,-15.5291,20.7907,0.2,0.029,-0.6977,0.0,0.0414,-0.7251,-0.5439,0.9074,-0.0173,1,1,2,0.866,0.513,0.487,0,0,0.0,2,TERMINAL_PRESS,-0.0292,0.0646,0.1432,-0.0101
849,6.628,-15.3859,20.7678,0.8461,-0.0011,-0.6364,-0.1565,0.636,0.143,0.662,-15.5285,20.7766,0.2,0.0292,-0.7032,0.0,0.042,-0.7316,-0.5439,0.9126,0.024,1,1,2,0.867,0.514,0.486,0,0,0.0,2,TERMINAL_PRESS,-0.0303,0.0668,0.1426,-0.0088
850,6.636,-15.3859,20.755,0.843,-0.0011,-0.6411,-0.1565,0.632,0.142,0.658,-15.5279,20.7625,0.2,0.0295,-0.7086,0.0,0.0424,-0.7372,-0.5439,0.9171,-0.0127,1,1,2,0.867,0.512,0.488,0,0,0.0,2,TERMINAL_PRESS,-0.0305,0.0675,0.142,-0.0074
851,6.643,-15.386,20.7422,0.8398,-0.0015,-0.6438,-0.1567,0.629,0.141,0.655,-15.5273,20.7482,0.2,0.0297,-0.714,0.0,0.0429,-0.7438,-0.5436,0.9223,0.0032,1,1,2,0.867,0.513,0.487,0,0,0.0,2,TERMINAL_PRESS,-0.0312,0.0702,0.1414,-0.006
852,6.651,-15.386,20.7292,0.8367,-0.0012,-0.6476,-0.1565,0.626,0.141,0.652,-15.5267,20.7338,0.2,0.0299,-0.7194,0.0,0.043,-0.7498,-0.5439,0.9273,-0.0338,1,1,2,0.866,0.511,0.489,0,0,0.0,2,TERMINAL_PRESS,-0.031,0.0718,0.1407,-0.0046
853,6.658,-15.386,20.7162,0.8336,-0.001,-0.6511,-0.1563,0.623,0.14,0.649,-15.5261,20.7193,0.2,0.0301,-0.7246,0.0,0.0434,-0.7558,-0.5442,0.9324,0.0083,1,1,2,0.866,0.513,0.487,0,0,0.0,2,TERMINAL_PRESS,-0.0312,0.0735,0.1401,-0.0031
854,6.665,-15.386,20.703,0.8304,0.0001,-0.6573,-0.1563,0.62,0.14,0.646,-15.5255,20.7047,0.2,0.0303,-0.7299,0.0,0.0431,-0.7608,-0.5443,0.9364,-0.0288,1,1,2,0.865,0.507,0.493,0,0,0.0,2,TERMINAL_PRESS,-0.0302,0.0726,0.1395,-0.0017
855,6.672,-15.386,20.6898,0.8273,0.0009,-0.6629,-0.1563,0.617,0.139,0.643,-15.5249,20.69,0.2,0.0306,-0.7351,0.0,0.0432,-0.7658,-0.5443,0.9405,0.0132,1,1,2,0.866,0.511,0.489,0,0,0.0,2,TERMINAL_PRESS,-0.0296,0.0722,0.1389,-0.0002
856,6.68,-15.3859,20.6764,0.8242,0.0026,-0.6708,-0.1563,0.614,0.138,0.639,-15.5243,20.6752,0.2,0.0308,-0.7402,0.0,0.0427,-0.7697,-0.5442,0.9437,-0.0241,1,1,2,0.865,0.506,0.494,0,0,0.0,2,TERMINAL_PRESS,-0.0282,0.0694,0.1383,0.0012
857,6.687,-15.3859,20.6628,0.8211,0.0039,-0.6777,-0.1563,0.611,0.138,0.636,-15.5237,20.6603,0.2,0.0309,-0.7455,0.0,0.0425,-0.7743,-0.5443,0.9474,0.0183,1,1,2,0.867,0.51,0.49,0,0,0.0,2,TERMINAL_PRESS,-0.0271,0.0678,0.1378,0.0025
858,6.694,-15.3857,20.6491,0.8179,0.0058,-0.6866,-0.1564,0.607,0.137,0.633,-15.523,20.6453,0.2,0.0312,-0.7504,0.0,0.042,-0.7776,-0.5441,0.95,-0.0192,1,1,2,0.866,0.507,0.493,0,0,0.0,2,TERMINAL_PRESS,-0.0254,0.0639,0.1373,0.0038
859,6.701,-15.3856,20.6352,0.8148,0.0074,-0.6939,-0.1565,0.604,0.137,0.63,-15.5224,20.6302,0.2,0.0314,-0.7556,0.0,0.0416,-0.7818,-0.544,0.9534,0.0234,1,1,2,0.868,0.512,0.488,0,0,0.0,2,TERMINAL_PRESS,-0.024,0.0617,0.1368,0.005
860,6.708,-15.3854,20.6211,0.8117,0.0095,-0.7028,-0.1566,0.601,0.137,0.627,-15.5218,20.615,0.2,0.0316,-0.7607,0.0,0.0409,-0.7853,-0.5439,0.9561,-0.0144,1,1,2,0.867,0.51,0.49,0,0,0.0,2,TERMINAL_PRESS,-0.022,0.0578,0.1364,0.0062
861,6.715,-15.3852,20.6069,0.8085,0.0112,-0.7098,-0.1565,0.598,0.136,0.624,-15.5212,20.5996,0.2,0.0318,-0.7655,0.0,0.0406,-0.7892,-0.5439,0.9593,0.0285,1,1,2,0.869,0.512,0.488,0,0,0.0,2,TERMINAL_PRESS,-0.0206,0.0557,0.136,0.0073
862,6.723,-15.3849,20.5926,0.8054,0.0134,-0.718,-0.1566,0.595,0.136,0.62,-15.5205,20.5842,0.2,0.032,-0.7705,0.0,0.04,-0.7928,-0.5438,0.9622,-0.0094,1,1,2,0.869,0.511,0.489,0,0,0.0,2,TERMINAL_PRESS,-0.0186,0.0525,0.1356,0.0083
863,6.73,-15.3846,20.5781,0.8023,0.0151,-0.7238,-0.1568,0.592,0.136,0.617,-15.5199,20.5687,0.2,0.0322,-0.7754,0.0,0.0394,-0.7974,-0.5435,0.9658,0.0238,1,1,2,0.87,0.515,0.485,0,0,0.0,2,TERMINAL_PRESS,-0.017,0.0516,0.1353,0.0094
864,6.738,-15.3843,20.5635,0.7991,0.0173,-0.7305,-0.1567,0.589,0.135,0.614,-15.5192,20.5531,0.2,0.0324,-0.7803,0.0,0.0388,-0.8015,-0.5436,0.9692,-0.0143,1,1,2,0.87,0.512,0.488,0,0,0.0,2,TERMINAL_PRESS,-0.0151,0.0498,0.1349,0.0104
865,6.746,-15.3839,20.5488,0.796,0.0187,-0.7352,-0.1567,0.586,0.135,0.611,-15.5186,20.5374,0.2,0.0326,-0.785,0.0,0.0385,-0.8062,-0.5437,0.9731,0.0269,1,1,2,0.871,0.513,0.487,0,0,0.0,2,TERMINAL_PRESS,-0.0139,0.0498,0.1347,0.0114
866,6.753,-15.3835,20.534,0.7929,0.02,-0.741,-0.1566,0.582,0.135,0.608,-15.5179,20.5216,0.2,0.0329,-0.7898,0.0,0.0383,-0.8106,-0.5437,0.9768,-0.0117,1,1,2,0.871,0.511,0.489,0,0,0.0,2,TERMINAL_PRESS,-0.0129,0.0488,0.1344,0.0123
867,6.76,-15.3831,20.5191,0.7897,0.0207,-0.7447,-0.1566,0.579,0.135,0.605,-15.5173,20.5057,0.2,0.033,-0.7946,0.0,0.0382,-0.8159,-0.5437,0.9812,0.0256,1,1,2,0.873,0.516,0.484,0,0,0.0,2,TERMINAL_PRESS,-0.0123,0.0499,0.1342,0.0133
868,6.768,-15.3827,20.5041,0.7866,0.0216,-0.7493,-0.1566,0.576,0.135,0.602,-15.5166,20.4897,0.2,0.0332,-0.7992,0.0,0.0381,-0.8204,-0.5438,0.985,-0.0132,1,1,2,0.872,0.515,0.485,0,0,0.0,2,TERMINAL_PRESS,-0.0116,0.0499,0.1339,0.0143
869,6.775,-15.3822,20.4891,0.7835,0.0221,-0.7518,-0.1567,0.573,0.135,0.599,-15.5159,20.4737,0.2,0.0334,-0.8039,0.0,0.0382,-0.826,-0.5436,0.9896,0.0223,1,1,2,0.873,0.514,0.486,0,0,0.0,2,TERMINAL_PRESS,-0.0113,0.0521,0.1337,0.0154
870,6.783,-15.3817,20.4739,0.7803,0.023,-0.7554,-0.1566,0.57,0.135,0.596,-15.5152,20.4575,0.2,0.0336,-0.8084,0.0,0.0381,-0.831,-0.5437,0.9938,-0.0166,1,1,2,0.873,0.515,0.485,0,0,0.0,2,TERMINAL_PRESS,-0.0106,0.053,0.1335,0.0164
871,6.791,-15.3813,20.4588,0.7772,0.0232,-0.7572,-0.1567,0.567,0.134,0.593,-15.5146,20.4412,0.2,0.0338,-0.813,0.0,0.0383,-0.8368,-0.5437,0.9986,0.0176,1,1,2,0.874,0.515,0.485,0,0,0.0,2,TERMINAL_PRESS,-0.0107,0.0558,0.1333,0.0176
872,6.798,-15.3808,20.4436,0.7741,0.0232,-0.7603,-0.1566,0.564,0.134,0.59,-15.5139,20.4249,0.2,0.034,-0.8176,0.0,0.0385,-0.842,-0.5438,1.0031,-0.0217,1,1,2,0.874,0.512,0.488,0,0,0.0,2,TERMINAL_PRESS,-0.0107,0.0573,0.1331,0.0187
873,6.806,-15.3803,20.4284,0.7709,0.0236,-0.762,-0.1566,0.56,0.134,0.587,-15.5132,20.4085,0.2,0.0341,-0.8219,0.0,0.0386,-0.8474,-0.5439,1.0076,0.0159,1,1,2,0.875,0.516,0.484,0,0,0.0,2,TERMINAL_PRESS,-0.0105,0.0599,0.1329,0.0199
874,6.813,-15.3798,20.4131,0.7678,0.025,-0.7654,-0.1565,0.557,0.134,0.583,-15.5125,20.3919,0.2,0.0343,-0.8265,0.0,0.0383,-0.8524,-0.5439,1.0119,-0.0233,1,1,2,0.874,0.513,0.487,0,0,0.0,2,TERMINAL_PRESS,-0.0094,0.061,0.1327,0.0211
875,6.82,-15.3793,20.3977,0.7647,0.0263,-0.7676,-0.1564,0.554,0.134,0.58,-15.5118,20.3753,0.2,0.0345,-0.8307,0.0,0.038,-0.8576,-0.544,1.0163,0.0209,1,1,2,0.876,0.517,0.483,0,0,0.0,2,TERMINAL_PRESS,-0.0082,0.0631,0.1325,0.0224
876,6.827,-15.3788,20.3823,0.7616,0.0281,-0.7717,-0.1564,0.551,0.134,0.577,-15.5111,20.3586,0.2,0.0347,-0.835,0.0,0.0375,-0.862,-0.544,1.02,-0.0183,1,1,2,0.875,0.514,0.486,0,0,0.0,2,TERMINAL_PRESS,-0.0066,0.0633,0.1324,0.0237
877,6.835,-15.3782,20.3668,0.7584,0.0299,-0.7741,-0.1565,0.548,0.135,0.574,-15.5104,20.3418,0.2,0.0349,-0.8394,0.0,0.037,-0.8672,-0.5439,1.0243,0.0112,1,1,2,0.876,0.516,0.484,0,0,0.0,2,TERMINAL_PRESS,-0.0049,0.0653,0.1323,0.025
878,6.842,-15.3775,20.3512,0.7553,0.0322,-0.778,-0.1565,0.545,0.135,0.571,-15.5097,20.3249,0.2,0.035,-0.8436,0.0,0.0362,-0.8716,-0.544,1.028,-0.0279,1,1,2,0.874,0.51,0.49,0,0,0.0,2,TERMINAL_PRESS,-0.0028,0.0656,0.1322,0.0263
879,6.849,-15.3768,20.3356,0.7522,0.0338,-0.781,-0.1564,0.542,0.135,0.568,-15.509,20.308,0.2,0.0352,-0.8478,0.0,0.0358,-0.8763,-0.5442,1.0321,0.0165,1,1,2,0.875,0.512,0.488,0,0,0.0,2,TERMINAL_PRESS,-0.0014,0.0668,0.1322,0.0276
880,6.857,-15.3761,20.3199,0.749,0.0348,-0.7863,-0.1564,0.539,0.135,0.565,-15.5083,20.291,0.2,0.0354,-0.8519,0.0,0.0356,-0.8798,-0.5442,1.0351,-0.0229,1,1,2,0.874,0.507,0.493,0,0,0.0,2,TERMINAL_PRESS,-0.0005,0.0656,0.1322,0.0289
881,6.864,-15.3754,20.3041,0.7459,0.0352,-0.7903,-0.1564,0.535,0.136,0.563,-15.5076,20.2738,0.2,0.0356,-0.856,0.0,0.0357,-0.884,-0.5441,1.0386,0.0216,1,1,2,0.875,0.51,0.49,0,0,0.0,2,TERMINAL_PRESS,-0.0004,0.0657,0.1322,0.0302
882,6.871,-15.3747,20.2881,0.7428,0.035,-0.7961,-0.1564,0.532,0.136,0.56,-15.5069,20.2566,0.2,0.0357,-0.8601,0.0,0.036,-0.8874,-0.5441,1.0415,-0.0181,1,1,2,0.874,0.507,0.493,0,0,0.0,2,TERMINAL_PRESS,-0.0007,0.064,0.1322,0.0315
883,6.878,-15.3741,20.2721,0.7397,0.0342,-0.8001,-0.1565,0.529,0.136,0.557,-15.5062,20.2393,0.2,0.0359,-0.8641,0.0,0.0366,-0.8914,-0.544,1.0449,0.0165,1,1,2,0.875,0.511,0.489,0,0,0.0,2,TERMINAL_PRESS,-0.0017,0.064,0.1321,0.0328
884,6.886,-15.3734,20.256,0.7365,0.033,-0.8056,-0.1564,0.526,0.136,0.554,-15.5055,20.222,0.2,0.036,-0.868,0.0,0.0374,-0.8946,-0.544,1.0477,-0.0235,1,1,2,0.874,0.508,0.492,0,0,0.0,2,TERMINAL_PRESS,-0.0031,0.0624,0.1321,0.034
885,6.894,-15.3728,20.2398,0.7334,0.0319,-0.8098,-0.1564,0.523,0.137,0.551,-15.5047,20.2045,0.2,0.0362,-0.872,0.0,0.038,-0.8976,-0.5435,1.05,0.0214,1,1,2,0.876,0.508,0.492,0,0,0.0,2,TERMINAL_PRESS,-0.0043,0.0623,0.132,0.0353
886,6.903,-15.3721,20.2235,0.7303,0.0313,-0.8158,-0.1564,0.52,0.137,0.548,-15.504,20.187,0.2,0.0364,-0.8759,0.0,0.0384,-0.8983,-0.5422,1.05,-0.0185,1,1,2,0.876,0.51,0.49,0,0,0.0,2,TERMINAL_PRESS,-0.0051,0.0601,0.1319,0.0365
887,6.91,-15.3715,20.2071,0.7271,0.0309,-0.82,-0.1564,0.517,0.137,0.545,-15.5033,20.1694,0.2,0.0365,-0.8797,0.0,0.0387,-0.8993,-0.5406,1.05,0.0259,1,1,2,0.878,0.512,0.488,0,0,0.0,2,TERMINAL_PRESS,-0.0056,0.0596,0.1318,0.0377
888,6.918,-15.3709,20.1906,0.724,0.0309,-0.8258,-0.1564,0.514,0.137,0.542,-15.5025,20.1518,0.2,0.0367,-0.8834,0.0,0.0388,-0.9,-0.5394,1.05,-0.0139,1,1,2,0.878,0.51,0.49,0,0,0.0,2,TERMINAL_PRESS,-0.0058,0.0576,0.1316,0.0388
889,6.927,-15.3703,20.174,0.7209,0.0313,-0.8294,-0.1566,0.51,0.137,0.539,-15.5018,20.134,0.2,0.0368,-0.8872,0.0,0.0387,-0.9012,-0.5375,1.05,0.0159,1,1,2,0.878,0.512,0.488,0,0,0.0,2,TERMINAL_PRESS,-0.0055,0.0578,0.1315,0.04
890,6.935,-15.3696,20.1573,0.7178,0.0321,-0.8342,-0.1565,0.507,0.138,0.536,-15.5011,20.1162,0.2,0.037,-0.8908,0.0,0.0385,-0.9019,-0.5362,1.05,-0.0237,1,1,2,0.877,0.506,0.494,0,0,0.0,2,TERMINAL_PRESS,-0.0049,0.0566,0.1314,0.0411
891,6.943,-15.369,20.1406,0.7146,0.0323,-0.8377,-0.1564,0.504,0.138,0.533,-15.5003,20.0983,0.2,0.0372,-0.8945,0.0,0.0386,-0.9028,-0.5347,1.05,0.0211,1,1,2,0.878,0.51,0.49,0,0,0.0,2,TERMINAL_PRESS,-0.0049,0.0568,0.1313,0.0423
892,6.951,-15.3684,20.1237,0.7115,0.0317,-0.8431,-0.1565,0.501,0.138,0.53,-15.4996,20.0804,0.2,0.0373,-0.8981,0.0,0.0389,-0.9035,-0.5335,1.05,-0.0187,1,1,2,0.877,0.505,0.495,0,0,0.0,2,TERMINAL_PRESS,-0.0056,0.055,0.1312,0.0434
893,6.958,-15.3677,20.1068,0.7084,0.0306,-0.8467,-0.1567,0.498,0.138,0.527,-15.4988,20.0623,0.2,0.0374,-0.9015,0.0,0.0395,-0.9045,-0.5318,1.05,0.0155,1,1,2,0.878,0.509,0.491,0,0,0.0,2,TERMINAL_PRESS,-0.0068,0.0548,0.1311,0.0445
894,6.966,-15.3672,20.0897,0.7052,0.0288,-0.8519,-0.1566,0.495,0.139,0.524,-15.4981,20.0442,0.2,0.0376,-0.9051,0.0,0.0404,-0.9052,-0.5305,1.05,-0.0246,1,1,2,0.877,0.505,0.495,0,0,0.0,2,TERMINAL_PRESS,-0.0088,0.0533,0.1309,0.0455
895,6.973,-15.3666,20.0726,0.7021,0.0273,-0.8557,-0.1565,0.492,0.139,0.521,-15.4973,20.0261,0.2,0.0377,-0.9085,0.0,0.041,-0.9059,-0.5293,1.05,0.0204,1,1,2,0.879,0.511,0.489,0,0,0.0,2,TERMINAL_PRESS,-0.0104,0.0527,0.1307,0.0466
896,6.981,-15.3661,20.0554,0.699,0.0259,-0.8616,-0.1565,0.488,0.139,0.518,-15.4966,20.0078,0.2,0.0379,-0.9119,0.0,0.0417,-0.9065,-0.5283,1.05,-0.0195,1,1,2,0.878,0.508,0.492,0,0,0.0,2,TERMINAL_PRESS,-0.012,0.0503,0.1305,0.0476
897,6.989,-15.3656,20.0381,0.6958,0.0248,-0.8657,-0.1565,0.485,0.139,0.515,-15.4958,19.9895,0.2,0.0381,-0.9151,0.0,0.0423,-0.9071,-0.5271,1.05,0.0253,1,1,2,0.88,0.513,0.487,0,0,0.0,2,TERMINAL_PRESS,-0.0132,0.0494,0.1302,0.0486
898,6.998,-15.3651,20.0207,0.6927,0.0239,-0.8714,-0.1565,0.482,0.139,0.512,-15.495,19.9711,0.2,0.0381,-0.9186,0.0,0.0427,-0.9077,-0.526,1.05,-0.0145,1,1,2,0.88,0.512,0.488,0,0,0.0,2,TERMINAL_PRESS,-0.0142,0.0471,0.1299,0.0495
899,7.007,-15.3647,20.0032,0.6896,0.0235,-0.8751,-0.1566,0.479,0.139,0.509,-15.4943,19.9527,0.2,0.0383,-0.9217,0.0,0.043,-0.9085,-0.5247,1.05,0.0298,1,1,2,0.882,0.518,0.482,0,0,0.0,2,TERMINAL_PRESS,-0.0148,0.0467,0.1296,0.0504
900,7.015,-15.3642,19.9856,0.6864,0.0233,-0.8799,-0.1566,0.476,0.139,0.506,-15.4935,19.9342,0.2,0.0384,-0.9249,0.0,0.0431,-0.9091,-0.5237,1.05,-0.0098,1,1,2,0.882,0.518,0.482,0,0,0.0,2,TERMINAL_PRESS,-0.0151,0.045,0.1293,0.0513
901,7.024,-15.3637,19.9679,0.6833,0.0238,-0.8822,-0.1567,0.473,0.139,0.503,-15.4927,19.9156,0.2,0.0386,-0.9281,0.0,0.0431,-0.91,-0.522,1.05,0.0155,1,1,2,0.882,0.52,0.48,0,0,0.0,2,TERMINAL_PRESS,-0.0148,0.0459,0.129,0.0523
902,7.033,-15.3632,19.9502,0.6802,0.0246,-0.8854,-0.1566,0.47,0.139,0.5,-15.492,19.897,0.2,0.0387,-0.9312,0.0,0.0428,-0.9107,-0.5209,1.05,-0.0237,1,1,2,0.881,0.515,0.485,0,0,0.0,2,TERMINAL_PRESS,-0.0141,0.0458,0.1287,0.0532
903,7.041,-15.3627,19.9325,0.677,0.0251,-0.8873,-0.1565,0.467,0.139,0.497,-15.4912,19.8783,0.2,0.0388,-0.9341,0.0,0.0427,-0.9114,-0.5196,1.05,0.0204,1,1,2,0.882,0.518,0.482,0,0,0.0,2,TERMINAL_PRESS,-0.0137,0.0468,0.1285,0.0541
904,7.048,-15.3622,19.9146,0.6739,0.0249,-0.8911,-0.1565,0.463,0.14,0.494,-15.4904,19.8596,0.2,0.0389,-0.9372,0.0,0.0428,-0.912,-0.5185,1.05,-0.0188,1,1,2,0.881,0.514,0.486,0,0,0.0,2,TERMINAL_PRESS,-0.0141,0.046,0.1282,0.055
905,7.056,-15.3617,19.8968,0.6708,0.0245,-0.8933,-0.1566,0.46,0.14,0.491,-15.4896,19.8408,0.2,0.0391,-0.9401,0.0,0.043,-0.9129,-0.517,1.05,0.0203,1,1,2,0.882,0.517,0.483,0,0,0.0,2,TERMINAL_PRESS,-0.0145,0.0469,0.1279,0.056
906,7.065,-15.3613,19.8788,0.6677,0.0236,-0.897,-0.1566,0.457,0.14,0.488,-15.4888,19.8219,0.2,0.0391,-0.943,0.0,0.0434,-0.9134,-0.516,1.05,-0.019,1,1,2,0.881,0.515,0.485,0,0,0.0,2,TERMINAL_PRESS,-0.0156,0.046,0.1276,0.0569
907,7.072,-15.3608,19.8609,0.6645,0.0229,-0.899,-0.1565,0.454,0.14,0.485,-15.4881,19.803,0.2,0.0393,-0.9458,0.0,0.0438,-0.914,-0.5149,1.05,0.025,1,1,2,0.883,0.519,0.481,0,0,0.0,2,TERMINAL_PRESS,-0.0164,0.0468,0.1273,0.0578
908,7.08,-15.3604,19.8428,0.6614,0.0219,-0.9025,-0.1565,0.451,0.14,0.482,-15.4873,19.784,0.2,0.0394,-0.9486,0.0,0.0443,-0.9146,-0.5138,1.05,-0.0141,1,1,2,0.882,0.517,0.483,0,0,0.0,2,TERMINAL_PRESS,-0.0175,0.0461,0.1269,0.0588
909,7.087,-15.3599,19.8247,0.6583,0.0215,-0.904,-0.1566,0.448,0.14,0.479,-15.4865,19.765,0.2,0.0395,-0.9514,0.0,0.0444,-0.9154,-0.5123,1.05,0.0179,1,1,2,0.884,0.522,0.478,0,0,0.0,2,TERMINAL_PRESS,-0.018,0.0474,0.1266,0.0597
910,7.096,-15.3595,19.8066,0.6551,0.0208,-0.9066,-0.1566,0.445,0.14,0.476,-15.4857,19.7459,0.2,0.0396,-0.954,0.0,0.0448,-0.916,-0.5114,1.05,-0.021,1,1,2,0.884,0.521,0.479,0,0,0.0,2,TERMINAL_PRESS,-0.0188,0.0474,0.1262,0.0606
911,7.104,-15.3591,19.7884,0.652,0.0214,-0.9078,-0.1565,0.441,0.14,0.473,-15.4849,19.7268,0.2,0.0398,-0.9566,0.0,0.0446,-0.9167,-0.5101,1.05,0.0184,1,1,2,0.885,0.525,0.475,0,0,0.0,2,TERMINAL_PRESS,-0.0184,0.0489,0.1258,0.0616
912,7.113,-15.3586,19.7702,0.6489,0.0224,-0.9107,-0.1565,0.438,0.14,0.47,-15.4841,19.7076,0.2,0.0398,-0.9593,0.0,0.0442,-0.9172,-0.5091,1.05,-0.02,1,1,2,0.884,0.524,0.476,0,0,0.0,2,TERMINAL_PRESS,-0.0175,0.0486,0.1255,0.0626
913,7.122,-15.3582,19.752,0.6457,0.0243,-0.912,-0.1565,0.435,0.14,0.467,-15.4833,19.6884,0.2,0.04,-0.9617,0.0,0.0435,-0.9179,-0.508,1.05,0.021,1,1,2,0.886,0.528,0.472,0,0,0.0,2,TERMINAL_PRESS,-0.0157,0.0496,0.1251,0.0636
914,7.13,-15.3576,19.7337,0.6426,0.0263,-0.9151,-0.1565,0.432,0.141,0.464,-15.4825,19.6691,0.2,0.0401,-0.9643,0.0,0.0428,-0.9184,-0.5071,1.05,-0.017,1,1,2,0.885,0.526,0.474,0,0,0.0,2,TERMINAL_PRESS,-0.0138,0.0492,0.1249,0.0646
915,7.138,-15.357,19.7153,0.6395,0.0292,-0.9164,-0.1566,0.429,0.141,0.461,-15.4817,19.6498,0.2,0.0401,-0.9666,0.0,0.0417,-0.9191,-0.5059,1.05,0.0169,1,1,2,0.886,0.528,0.472,0,0,0.0,2,TERMINAL_PRESS,-0.011,0.0502,0.1246,0.0656
916,7.146,-15.3564,19.697,0.6363,0.0321,-0.9192,-0.1565,0.426,0.141,0.459,-15.4809,19.6304,0.2,0.0402,-0.9689,0.0,0.0406,-0.9196,-0.5052,1.05,-0.0206,1,1,2,0.884,0.524,0.476,0,0,0.0,2,TERMINAL_PRESS,-0.0082,0.0497,0.1245,0.0666
917,7.153,-15.3557,19.6786,0.6332,0.0349,-0.9206,-0.1565,0.423,0.142,0.456,-15.4801,19.611,0.2,0.0403,-0.9713,0.0,0.0395,-0.9202,-0.5041,1.05,0.0214,1,1,2,0.885,0.526,0.474,0,0,0.0,2,TERMINAL_PRESS,-0.0054,0.0507,0.1244,0.0676
918,7.161,-15.355,19.6601,0.6301,0.0368,-0.9238,-0.1565,0.42,0.142,0.453,-15.4793,19.5915,0.2,0.0404,-0.9736,0.0,0.0388,-0.9206,-0.5034,1.05,-0.0161,1,1,2,0.884,0.523,0.477,0,0,0.0,2,TERMINAL_PRESS,-0.0036,0.0499,0.1243,0.0686
919,7.17,-15.3542,19.6416,0.627,0.0389,-0.9251,-0.1566,0.416,0.142,0.45,-15.4785,19.572,0.2,0.0405,-0.9758,0.0,0.0381,-0.9212,-0.5024,1.05,0.019,1,1,2,0.885,0.526,0.474,0,0,0.0,2,TERMINAL_PRESS,-0.0016,0.0507,0.1243,0.0696
920,7.179,-15.3534,19.623,0.6238,0.0401,-0.9279,-0.1565,0.413,0.143,0.447,-15.4777,19.5524,0.2,0.0406,-0.978,0.0,0.0377,-0.9216,-0.5017,1.05,-0.0183,1,1,2,0.884,0.524,0.476,0,0,0.0,2,TERMINAL_PRESS,-0.0005,0.0501,0.1243,0.0706
921,7.187,-15.3526,19.6044,0.6207,0.042,-0.929,-0.1565,0.41,0.143,0.444,-15.4768,19.5328,0.2,0.0407,-0.98,0.0,0.037,-0.9222,-0.5008,1.05,0.0229,1,1,2,0.886,0.524,0.476,0,0,0.0,2,TERMINAL_PRESS,0.0013,0.051,0.1243,0.0716
922,7.196,-15.3517,19.5858,0.6176,0.0434,-0.9317,-0.1565,0.407,0.144,0.442,-15.476,19.5132,0.2,0.0408,-0.9821,0.0,0.0365,-0.9226,-0.5001,1.05,-0.0142,1,1,2,0.885,0.527,0.473,0,0,0.0,2,TERMINAL_PRESS,0.0026,0.0504,0.1243,0.0726
923,7.203,-15.3508,19.5672,0.6144,0.0457,-0.9325,-0.1567,0.404,0.145,0.439,-15.4752,19.4935,0.2,0.0409,-0.9842,0.0,0.0356,-0.9232,-0.4989,1.05,0.0144,1,1,2,0.886,0.527,0.473,0,0,0.0,2,TERMINAL_PRESS,0.0048,0.0517,0.1244,0.0737
924,7.211,-15.3498,19.5485,0.6113,0.0476,-0.9345,-0.1566,0.401,0.145,0.436,-15.4744,19.4738,0.2,0.041,-0.986,0.0,0.035,-0.9236,-0.4983,1.05,-0.0221,1,1,2,0.884,0.521,0.479,0,0,0.0,2,TERMINAL_PRESS,0.0066,0.0515,0.1246,0.0747
925,7.219,-15.3488,19.5298,0.6082,0.0491,-0.9353,-0.1565,0.398,0.146,0.433,-15.4736,19.454,0.2,0.041,-0.988,0.0,0.0344,-0.924,-0.4975,1.05,0.0189,1,1,2,0.885,0.522,0.478,0,0,0.0,2,TERMINAL_PRESS,0.0081,0.0527,0.1247,0.0757
926,7.226,-15.3479,19.511,0.605,0.0491,-0.938,-0.1565,0.395,0.147,0.431,-15.4727,19.4342,0.2,0.0412,-0.9897,0.0,0.0345,-0.9243,-0.497,1.05,-0.0177,1,1,2,0.883,0.517,0.483,0,0,0.0,2,TERMINAL_PRESS,0.008,0.0517,0.1249,0.0768
927,7.234,-15.3469,19.4922,0.6019,0.049,-0.9391,-0.1566,0.391,0.147,0.428,-15.4719,19.4144,0.2,0.0412,-0.9916,0.0,0.0345,-0.9248,-0.496,1.05,0.0113,1,1,2,0.884,0.52,0.48,0,0,0.0,2,TERMINAL_PRESS,0.0078,0.0525,0.125,0.0778
928,7.241,-15.3459,19.4734,0.5988,0.0474,-0.9416,-0.1565,0.388,0.148,0.425,-15.4711,19.3945,0.2,0.0413,-0.9933,0.0,0.0353,-0.925,-0.4956,1.05,-0.0252,1,1,2,0.883,0.515,0.485,0,0,0.0,2,TERMINAL_PRESS,0.0061,0.0516,0.1252,0.0789
929,7.249,-15.345,19.4545,0.5956,0.0463,-0.9432,-0.1564,0.385,0.149,0.423,-15.4703,19.3746,0.2,0.0413,-0.995,0.0,0.0356,-0.9253,-0.4951,1.05,0.0155,1,1,2,0.884,0.519,0.481,0,0,0.0,2,TERMINAL_PRESS,0.0051,0.0517,0.1253,0.0799
930,7.256,-15.3441,19.4356,0.5925,0.0444,-0.9469,-0.1564,0.382,0.149,0.42,-15.4694,19.3547,0.2,0.0414,-0.9967,0.0,0.0366,-0.9254,-0.4947,1.05,-0.0208,1,1,2,0.884,0.515,0.485,0,0,0.0,2,TERMINAL_PRESS,0.0029,0.0498,0.1253,0.0809
931,7.264,-15.3433,19.4166,0.5894,0.043,-0.9492,-0.1564,0.379,0.15,0.417,-15.4686,19.3347,0.2,0.0414,-0.9981,0.0,0.037,-0.9256,-0.4943,1.05,0.0195,1,1,2,0.885,0.52,0.48,0,0,0.0,2,TERMINAL_PRESS,0.0016,0.0489,0.1254,0.0819
932,7.272,-15.3424,19.3975,0.5863,0.041,-0.9532,-0.1564,0.376,0.15,0.414,-15.4678,19.3147,0.2,0.0415,-0.9997,0.0,0.0379,-0.9257,-0.494,1.05,-0.9255,1,1,2,0.885,0.517,0.483,0,0,0.0,2,TERMINAL_PRESS,-0.0005,0.0465,0.1253,0.0828
933,7.28,-15.3416,19.3784,0.5831,0.04,-0.9556,-0.1564,0.373,0.151,0.412,-15.4669,19.2947,0.2,0.0416,-1.0012,0.0,0.0383,-0.9259,-0.4937,1.05,-0.8832,1,1,2,0.887,0.522,0.478,0,0,0.0,2,TERMINAL_PRESS,-0.0016,0.0456,0.1253,0.0837
934,7.288,-15.3409,19.3592,0.58,0.0384,-0.9593,-0.1564,0.37,0.151,0.409,-15.4661,19.2747,0.2,0.0416,-1.0026,0.0,0.039,-0.926,-0.4935,1.05,-0.9117,1,1,2,0.886,0.521,0.479,0,0,0.0,2,TERMINAL_PRESS,-0.0032,0.0433,0.1253,0.0846
935,7.296,-15.3401,19.34,0.5769,0.0381,-0.9611,-0.1565,0.366,0.152,0.406,-15.4653,19.2546,0.2,0.0417,-1.0039,0.0,0.0392,-0.9262,-0.493,1.05,-0.8743,1,1,2,0.888,0.526,0.474,0,0,0.0,2,TERMINAL_PRESS,-0.0037,0.0428,0.1252,0.0854
936,7.304,-15.3394,19.3207,0.5737,0.0375,-0.9639,-0.1565,0.363,0.152,0.403,-15.4644,19.2345,0.2,0.0418,-1.0052,0.0,0.0395,-0.9264,-0.4928,1.05,-0.9024,1,1,2,0.888,0.524,0.476,0,0,0.0,2,TERMINAL_PRESS,-0.0043,0.0413,0.1251,0.0863
937,7.312,-15.3386,19.3014,0.5706,0.038,-0.9648,-0.1568,0.36,0.152,0.401,-15.4636,19.2143,0.2,0.0418,-1.0065,0.0,0.0392,-0.9269,-0.4918,1.05,-0.8687,1,1,2,0.89,0.524,0.476,0,0,0.0,2,TERMINAL_PRESS,-0.0037,0.0417,0.125,0.0871
938,7.321,-15.3378,19.2821,0.5675,0.0383,-0.9667,-0.1567,0.357,0.153,0.398,-15.4628,19.1942,0.2,0.0419,-1.0077,0.0,0.0392,-0.927,-0.4917,1.05,-0.8955,1,1,2,0.889,0.527,0.473,0,0,0.0,2,TERMINAL_PRESS,-0.0036,0.0409,0.1249,0.0879
939,7.329,-15.337,19.2628,0.5643,0.0397,-0.9671,-0.1566,0.354,0.153,0.395,-15.4619,19.174,0.2,0.0419,-1.0088,0.0,0.0387,-0.9272,-0.4912,1.05,-0.8565,1,1,2,0.891,0.527,0.473,0,0,0.0,2,TERMINAL_PRESS,-0.0022,0.0417,0.1249,0.0887
940,7.338,-15.3362,19.2434,0.5612,0.0408,-0.9688,-0.1566,0.351,0.154,0.393,-15.4611,19.1538,0.2,0.042,-1.0099,0.0,0.0383,-0.9274,-0.4909,1.05,-0.8829,1,1,2,0.89,0.529,0.471,0,0,0.0,2,TERMINAL_PRESS,-0.0012,0.0411,0.1249,0.0896
941,7.347,-15.3354,19.224,0.5581,0.0428,-0.9689,-0.1566,0.348,0.154,0.39,-15.4603,19.1336,0.2,0.042,-1.0109,0.0,0.0375,-0.9277,-0.4904,1.05,-0.8484,1,1,2,0.892,0.521,0.479,0,0,0.0,2,TERMINAL_PRESS,0.0009,0.042,0.1249,0.0904
942,7.354,-15.3345,19.2046,0.5549,0.0442,-0.9701,-0.1566,0.344,0.155,0.387,-15.4594,19.1134,0.2,0.0421,-1.0118,0.0,0.0371,-0.9278,-0.4901,1.05,-0.8744,1,1,2,0.892,0.532,0.468,0,0,0.0,2,TERMINAL_PRESS,0.0022,0.0418,0.1249,0.0912
943,7.362,-15.3335,19.1852,0.5518,0.0469,-0.9698,-0.1567,0.341,0.155,0.385,-15.4586,19.0931,0.2,0.0421,-1.0128,0.0,0.036,-0.9282,-0.4895,1.05,-0.8401,1,1,2,0.892,0.52,0.48,0,0,0.0,2,TERMINAL_PRESS,0.0048,0.043,0.125,0.0921
944,7.369,-15.3326,19.1658,0.5487,0.0491,-0.9708,-0.1566,0.338,0.156,0.382,-15.4577,19.0728,0.2,0.0421,-1.0137,0.0,0.0352,-0.9284,-0.4892,1.05,-0.8655,1,1,2,0.891,0.528,0.472,0,0,0.0,2,TERMINAL_PRESS,0.007,0.0429,0.1252,0.093
945,7.377,-15.3315,19.1464,0.5455,0.0514,-0.9704,-0.1566,0.335,0.157,0.379,-15.4569,19.0525,0.2,0.0422,-1.0145,0.0,0.0344,-0.9287,-0.4887,1.05,-0.835,1,1,2,0.892,0.526,0.474,0,0,0.0,2,TERMINAL_PRESS,0.0092,0.0441,0.1254,0.0938
946,7.384,-15.3305,19.127,0.5424,0.0519,-0.9714,-0.1566,0.332,0.157,0.377,-15.456,19.0322,0.2,0.0422,-1.0153,0.0,0.0342,-0.9288,-0.4886,1.05,-0.8605,1,1,2,0.89,0.526,0.474,0,0,0.0,2,TERMINAL_PRESS,0.0098,0.0439,0.1256,0.0947
947,7.392,-15.3294,19.1075,0.5393,0.0529,-0.9713,-0.1565,0.329,0.158,0.374,-15.4552,19.0119,0.2,0.0422,-1.0159,0.0,0.0338,-0.9289,-0.4883,1.05,-0.8225,1,1,2,0.892,0.529,0.471,0,0,0.0,2,TERMINAL_PRESS,0.0107,0.0446,0.1258,0.0956
948,7.399,-15.3284,19.0881,0.5362,0.0525,-0.9729,-0.1565,0.326,0.159,0.372,-15.4544,18.9916,0.2,0.0422,-1.0165,0.0,0.0341,-0.9289,-0.4883,1.05,-0.8478,1,1,2,0.891,0.526,0.474,0,0,0.0,2,TERMINAL_PRESS,0.0102,0.0436,0.126,0.0965
949,7.407,-15.3273,19.0686,0.533,0.0528,-0.9731,-0.1565,0.323,0.159,0.369,-15.4535,18.9712,0.2,0.0422,-1.0172,0.0,0.0339,-0.9291,-0.4879,1.05,-0.8102,1,1,2,0.892,0.529,0.471,0,0,0.0,2,TERMINAL_PRESS,0.0106,0.0441,0.1262,0.0974
950,7.415,-15.3263,19.0491,0.5299,0.052,-0.9747,-0.1565,0.319,0.16,0.367,-15.4527,18.9509,0.2,0.0422,-1.0178,0.0,-0.0137,-0.9353,-0.4442,1.0356,-0.835,1,1,2,0.892,0.526,0.474,0,0,0.0,2,TERMINAL_PRESS,0.0098,0.0431,0.1264,0.0982
951,7.423,-15.3252,19.0296,0.5268,0.0523,-0.9747,-0.1566,0.316,0.161,0.364,-15.4518,18.9305,0.2,0.0423,-1.0181,0.0,-0.0613,-0.9417,-0.4437,1.0428,-0.8096,1,1,2,0.893,0.531,0.469,0,0,0.0,2,TERMINAL_PRESS,0.01,0.0435,0.1266,0.0991
952,7.432,-15.3242,19.0101,0.5236,0.0517,-0.9757,-0.1565,0.313,0.161,0.362,-15.451,18.9102,0.2,0.0423,-1.0186,0.0,-0.0979,-0.9468,-0.4433,1.05,-0.834,1,1,2,0.893,0.528,0.472,0,0,0.0,2,TERMINAL_PRESS,0.0094,0.043,0.1268,0.1
953,7.44,-15.3232,18.9906,0.5205,0.0526,-0.9758,-0.1566,0.31,0.162,0.359,-15.4501,18.8898,0.2,0.0423,-1.019,0.0,-0.0983,-0.947,-0.4427,1.05,-0.7992,1,1,2,0.894,0.531,0.469,0,0,0.0,2,TERMINAL_PRESS,0.0102,0.0432,0.127,0.1008
954,7.449,-15.3221,18.971,0.5174,0.0529,-0.9775,-0.1566,0.307,0.163,0.357,-15.4493,18.8694,0.2,0.0423,-1.0193,0.0,-0.0985,-0.9471,-0.4425,1.05,-0.8228,1,1,2,0.893,0.528,0.472,0,0,0.0,2,TERMINAL_PRESS,0.0105,0.0417,0.1272,0.1017
955,7.456,-15.321,18.9515,0.5142,0.0542,-0.9783,-0.1565,0.304,0.164,0.354,-15.4484,18.849,0.2,0.0423,-1.0196,0.0,-0.0991,-0.9472,-0.4422,1.05,-0.7875,1,1,2,0.895,0.532,0.468,0,0,0.0,2,TERMINAL_PRESS,0.0118,0.0413,0.1274,0.1025
956,7.464,-15.3199,18.9319,0.5111,0.0543,-0.9806,-0.1565,0.301,0.164,0.352,-15.4476,18.8286,0.2,0.0424,-1.0198,0.0,-0.0993,-0.9472,-0.4421,1.05,-0.8109,1,1,2,0.895,0.53,0.47,0,0,0.0,2,TERMINAL_PRESS,0.0119,0.0392,0.1277,0.1033
957,7.473,-15.3188,18.9122,0.508,0.0557,-0.9816,-0.1566,0.297,0.165,0.349,-15.4467,18.8082,0.2,0.0423,-1.02,0.0,-0.1001,-0.9473,-0.4417,1.05,-0.7768,1,1,2,0.896,0.534,0.466,0,0,0.0,2,TERMINAL_PRESS,0.0133,0.0384,0.1279,0.104
958,7.482,-15.3177,18.8926,0.5048,0.0562,-0.9838,-0.1566,0.294,0.166,0.347,-15.4459,18.7878,0.2,0.0424,-1.0201,0.0,-0.1005,-0.9473,-0.4417,1.05,-0.7994,1,1,2,0.896,0.531,0.469,0,0,0.0,2,TERMINAL_PRESS,0.0138,0.0362,0.1282,0.1048
959,7.49,-15.3165,18.8729,0.5017,0.058,-0.9846,-0.1566,0.291,0.166,0.344,-15.445,18.7674,0.2,0.0423,-1.0201,0.0,-0.1014,-0.9473,-0.4415,1.05,-0.766,1,1,2,0.898,0.536,0.464,0,0,0.0,2,TERMINAL_PRESS,0.0156,0.0355,0.1285,0.1055
960,7.498,-15.3154,18.8531,0.4986,0.0587,-0.9863,-0.1566,0.288,0.167,0.342,-15.4442,18.747,0.2,0.0424,-1.0201,0.0,-0.1019,-0.9472,-0.4414,1.05,-0.7884,1,1,2,0.897,0.533,0.467,0,0,0.0,2,TERMINAL_PRESS,0.0164,0.0337,0.1288,0.1061
961,7.506,-15.3141,18.8334,0.4954,0.0608,-0.9864,-0.1568,0.285,0.168,0.34,-15.4434,18.7266,0.2,0.0423,-1.02,0.0,-0.103,-0.9474,-0.4409,1.05,-0.7716,1,1,2,0.898,0.535,0.465,0,0,0.0,2,TERMINAL_PRESS,0.0185,0.0336,0.1292,0.1068
962,7.514,-15.3129,18.8137,0.4923,0.062,-0.9872,-0.1567,0.282,0.168,0.337,-15.4425,18.7062,0.2,0.0424,-1.0199,0.0,-0.1037,-0.9473,-0.4409,1.05,-0.7932,1,1,2,0.898,0.531,0.469,0,0,0.0,2,TERMINAL_PRESS,0.0196,0.0326,0.1296,0.1075
963,7.523,-15.3116,18.7939,0.4892,0.0638,-0.9875,-0.1566,0.279,0.169,0.335,-15.4417,18.6858,0.2,0.0423,-1.0197,0.0,-0.1047,-0.9472,-0.4408,1.05,-0.7612,1,1,2,0.899,0.535,0.465,0,0,0.0,2,TERMINAL_PRESS,0.0214,0.0322,0.13,0.1081
964,7.532,-15.3103,18.7741,0.486,0.064,-0.9895,-0.1566,0.276,0.17,0.333,-15.4408,18.6654,0.2,0.0423,-1.0194,0.0,-0.1053,-0.9471,-0.441,1.05,-0.7827,1,1,2,0.899,0.532,0.468,0,0,0.0,2,TERMINAL_PRESS,0.0217,0.0299,0.1305,0.1087
965,7.54,-15.309,18.7543,0.4829,0.0653,-0.9908,-0.1566,0.272,0.171,0.33,-15.44,18.645,0.2,0.0423,-1.0192,0.0,-0.1062,-0.947,-0.4409,1.05,-0.7513,1,1,2,0.9,0.536,0.464,0,0,0.0,2,TERMINAL_PRESS,0.0229,0.0284,0.1309,0.1093
966,7.549,-15.3077,18.7344,0.4798,0.0652,-0.9935,-0.1566,0.269,0.171,0.328,-15.4391,18.6247,0.2,0.0423,-1.0187,0.0,-0.1068,-0.9468,-0.4413,1.05,-0.7723,1,1,2,0.9,0.534,0.466,0,0,0.0,2,TERMINAL_PRESS,0.0229,0.0252,0.1314,0.1098
967,7.557,-15.3064,18.7145,0.4766,0.0666,-0.9952,-0.1567,0.266,0.172,0.326,-15.4383,18.6043,0.2,0.0423,-1.0184,0.0,-0.1078,-0.9466,-0.4413,1.05,-0.7418,1,1,2,0.901,0.536,0.464,0,0,0.0,2,TERMINAL_PRESS,0.0243,0.0232,0.1319,0.1102
968,7.565,-15.3051,18.6946,0.4735,0.0669,-0.9982,-0.1567,0.263,0.173,0.323,-15.4374,18.5839,0.2,0.0423,-1.018,0.0,-0.1085,-0.9463,-0.4418,1.05,-0.7623,1,1,2,0.9,0.531,0.469,0,0,0.0,2,TERMINAL_PRESS,0.0247,0.0197,0.1324,0.1106
969,7.572,-15.3037,18.6746,0.4704,0.0678,-1.0,-0.1567,0.26,0.173,0.321,-15.4366,18.5636,0.2,0.0422,-1.0174,0.0,-0.1094,-0.9461,-0.4421,1.05,-0.7327,1,1,2,0.901,0.534,0.466,0,0,0.0,2,TERMINAL_PRESS,0.0256,0.0174,0.1329,0.111
970,7.58,-15.3024,18.6545,0.4672,0.0668,-1.0028,-0.1566,0.257,0.174,0.319,-15.4357,18.5432,0.2,0.0422,-1.0169,0.0,-0.1097,-0.9458,-0.4426,1.05,-0.7531,1,1,2,0.901,0.53,0.47,0,0,0.0,2,TERMINAL_PRESS,0.0245,0.0141,0.1334,0.1113
971,7.59,-15.301,18.6344,0.4641,0.0666,-1.0041,-0.1567,0.254,0.174,0.316,-15.4349,18.5229,0.2,0.0422,-1.0162,0.0,-0.1103,-0.9456,-0.4429,1.05,-0.7241,1,1,2,0.968,0.535,0.465,0,0,0.0,2,TERMINAL_PRESS,0.0244,0.0121,0.1339,0.1115
972,7.599,-15.2997,18.6143,0.461,0.0649,-1.0061,-0.1566,0.25,0.175,0.314,-15.434,18.5026,0.2,0.0422,-1.0156,0.0,-0.1103,-0.9454,-0.4434,1.05,-0.744,1,1,2,0.969,0.529,0.471,0,0,0.0,2,TERMINAL_PRESS,0.0227,0.0095,0.1343,0.1117
973,7.609,-15.2985,18.5942,0.4578,0.0645,-1.0065,-0.1566,0.247,0.175,0.312,-15.4332,18.4823,0.2,0.0422,-1.0148,0.0,-0.1107,-0.9451,-0.4438,1.05,-0.7158,1,1,2,0.969,0.535,0.465,0,0,0.0,2,TERMINAL_PRESS,0.0224,0.0083,0.1348,0.1119
974,7.617,-15.2972,18.574,0.4547,0.0629,-1.0074,-0.1566,0.244,0.176,0.309,-15.4324,18.462,0.2,0.0421,-1.014,0.0,-0.1107,-0.9449,-0.4442,1.05,-0.7353,1,1,2,0.969,0.533,0.467,0,0,0.0,2,TERMINAL_PRESS,0.0208,0.0066,0.1352,0.112
975,7.625,-15.2959,18.5539,0.4516,0.0629,-1.0066,-0.1569,0.241,0.176,0.307,-15.4315,18.4418,0.2,0.0421,-1.0133,0.0,-0.1112,-0.945,-0.444,1.05,-0.7215,1,1,2,0.969,0.537,0.463,0,0,0.0,2,TERMINAL_PRESS,0.0208,0.0067,0.1356,0.1121
976,7.633,-15.2947,18.5338,0.4484,0.0621,-1.006,-0.1568,0.238,0.176,0.305,-15.4307,18.4215,0.2,0.0421,-1.0123,0.0,-0.117,-0.9926,-0.1947,1.0183,-0.7396,1,1,2,0.969,0.534,0.466,0,0,0.0,2,TERMINAL_PRESS,0.0201,0.0064,0.136,0.1123
977,7.641,-15.2934,18.5137,0.4453,0.0625,-1.0046,-0.1567,0.235,0.177,0.302,-15.4298,18.4013,0.2,0.042,-1.0114,0.0,-0.1216,-1.0246,-0.1949,1.05,-0.713,1,1,2,0.969,0.539,0.461,0,0,0.0,2,TERMINAL_PRESS,0.0205,0.0068,0.1364,0.1124
978,7.65,-15.2922,18.4936,0.4422,0.0615,-1.0043,-0.1566,0.232,0.177,0.3,-15.429,18.3811,0.2,0.042,-1.0103,0.0,-0.1219,-1.0245,-0.1952,1.05,-0.7307,1,1,2,0.969,0.537,0.463,0,0,0.0,2,TERMINAL_PRESS,0.0196,0.006,0.1368,0.1125
979,7.658,-15.291,18.4735,0.439,0.0622,-1.0031,-0.1567,0.229,0.178,0.298,-15.4282,18.3609,0.2,0.0419,-1.0093,0.0,-0.1227,-1.0244,-0.1952,1.05,-0.704,1,1,2,0.969,0.541,0.459,0,0,0.0,2,TERMINAL_PRESS,0.0203,0.0061,0.1372,0.1126
980,7.665,-15.2897,18.4535,0.4359,0.0617,-1.0029,-0.1566,0.225,0.178,0.295,-15.4273,18.3407,0.2,0.0419,-1.0082,0.0,-0.1231,-1.0243,-0.1955,1.05,-0.7211,1,1,2,0.969,0.539,0.461,0,0,0.0,2,TERMINAL_PRESS,0.0199,0.0053,0.1376,0.1127
981,7.673,-15.2885,18.4335,0.4328,0.0627,-1.0015,-0.1567,0.222,0.178,0.293,-15.4265,18.3206,0.2,0.0419,-1.0071,0.0,-0.1241,-1.0241,-0.1955,1.05,-0.6962,1,1,2,0.969,0.544,0.456,0,0,0.0,2,TERMINAL_PRESS,0.0209,0.0056,0.138,0.1129
982,7.681,-15.2872,18.4134,0.4296,0.0624,-1.0007,-0.1566,0.219,0.179,0.291,-15.4257,18.3005,0.2,0.0418,-1.0057,0.0,-0.1247,-1.024,-0.1958,1.05,-0.7124,1,1,2,0.97,0.544,0.456,0,0,0.0,2,TERMINAL_PRESS,0.0207,0.005,0.1384,0.113
983,7.688,-15.2859,18.3935,0.4265,0.064,-0.9987,-0.1569,0.216,0.179,0.289,-15.4248,18.2804,0.2,0.0417,-1.0045,0.0,-0.1259,-1.0239,-0.1956,1.05,-0.6952,1,1,2,0.972,0.548,0.452,0,0,0.0,2,TERMINAL_PRESS,0.0223,0.0058,0.1389,0.1131
984,7.696,-15.2847,18.3735,0.4234,0.0646,-0.9971,-0.1568,0.213,0.18,0.287,-15.424,18.2603,0.2,0.0417,-1.0033,0.0,-0.1268,-1.0238,-0.1959,1.05,-0.7105,1,1,2,0.971,0.546,0.454,0,0,0.0,2,TERMINAL_PRESS,0.023,0.0061,0.1393,0.1132
985,7.704,-15.2833,18.3536,0.4202,0.066,-0.9947,-0.1567,0.21,0.18,0.284,-15.4232,18.2403,0.2,0.0416,-1.0018,0.0,-0.128,-1.0236,-0.196,1.05,-0.6874,1,1,2,0.972,0.55,0.45,0,0,0.0,2,TERMINAL_PRESS,0.0244,0.0072,0.1398,0.1133
986,7.713,-15.282,18.3338,0.4171,0.0652,-0.9931,-0.1567,0.207,0.18,0.282,-15.4223,18.2203,0.2,0.0416,-1.0003,0.0,-0.1284,-1.0235,-0.1963,1.05,-0.7022,1,1,2,0.972,0.546,0.454,0,0,0.0,2,TERMINAL_PRESS,0.0236,0.0073,0.1403,0.1135
987,7.721,-15.2807,18.314,0.414,0.0656,-0.9904,-0.1566,0.203,0.181,0.28,-15.4215,18.2003,0.2,0.0415,-0.9989,0.0,-0.1292,-1.0233,-0.1965,1.05,-0.6797,1,1,2,0.972,0.55,0.45,0,0,0.0,2,TERMINAL_PRESS,0.0241,0.0085,0.1408,0.1137
988,7.729,-15.2794,18.2942,0.4108,0.0642,-0.9884,-0.1566,0.2,0.181,0.278,-15.4207,18.1804,0.2,0.0414,-0.9974,0.0,-0.1294,-1.0233,-0.1967,1.05,-0.694,1,1,2,0.972,0.547,0.453,0,0,0.0,2,TERMINAL_PRESS,0.0227,0.009,0.1412,0.1138
989,7.737,-15.2782,18.2745,0.4077,0.0643,-0.9852,-0.1568,0.197,0.182,0.276,-15.4198,18.1604,0.2,0.0413,-0.9957,0.0,-0.1301,-1.0232,-0.1965,1.05,-0.6827,1,1,2,0.972,0.553,0.447,0,0,0.0,2,TERMINAL_PRESS,0.023,0.0105,0.1417,0.114
990,7.744,-15.2769,18.2548,0.4046,0.0631,-0.9825,-0.1567,0.194,0.182,0.274,-15.419,18.1406,0.2,0.0413,-0.9941,0.0,-0.1303,-1.0231,-0.1967,1.05,-0.6958,1,1,2,0.972,0.551,0.449,0,0,0.0,2,TERMINAL_PRESS,0.0218,0.0116,0.1421,0.1143
991,7.752,-15.2756,18.2353,0.4014,0.0635,-0.9794,-0.1566,0.191,0.183,0.272,-15.4182,18.1207,0.2,0.0412,-0.9924,0.0,-0.1312,-1.023,-0.197,1.05,-0.6748,1,1,2,0.972,0.558,0.442,0,0,0.0,2,TERMINAL_PRESS,0.0223,0.013,0.1426,0.1145
992,7.76,-15.2744,18.2157,0.3983,0.0626,-0.9775,-0.1566,0.188,0.183,0.27,-15.4174,18.1009,0.2,0.0412,-0.9906,0.0,-0.1315,-1.0229,-0.1972,1.05,-0.6872,1,1,2,0.972,0.557,0.443,0,0,0.0,2,TERMINAL_PRESS,0.0215,0.0131,0.143,0.1148
993,7.768,-15.2731,18.1962,0.3952,0.0637,-0.9751,-0.1568,0.185,0.184,0.268,-15.4165,18.0811,0.2,0.0411,-0.9888,0.0,-0.1326,-1.0228,-0.1972,1.05,-0.6615,1,1,2,0.972,0.56,0.44,0,0,0.0,2,TERMINAL_PRESS,0.0226,0.0137,0.1434,0.1151
994,7.776,-15.2718,18.1767,0.392,0.0639,-0.9737,-0.1567,0.182,0.184,0.266,-15.4157,18.0614,0.2,0.041,-0.987,0.0,-0.1336,-1.0226,-0.1975,1.05,-0.6729,1,1,2,0.972,0.555,0.445,0,0,0.0,2,TERMINAL_PRESS,0.0229,0.0133,0.1439,0.1153
995,7.784,-15.2705,18.1573,0.3889,0.0648,-0.9712,-0.1567,0.178,0.185,0.264,-15.4149,18.0417,0.2,0.041,-0.985,0.0,-0.1346,-1.0224,-0.1978,1.05,-0.6538,1,1,2,0.972,0.558,0.442,0,0,0.0,2,TERMINAL_PRESS,0.0238,0.0137,0.1444,0.1156
996,7.793,-15.2692,18.1379,0.3858,0.0636,-0.9692,-0.1567,0.175,0.185,0.263,-15.4141,18.022,0.2,0.0408,-0.983,0.0,-0.135,-1.0223,-0.1981,1.05,-0.6647,1,1,2,0.973,0.556,0.444,0,0,0.0,2,TERMINAL_PRESS,0.0228,0.0139,0.1448,0.1159
997,7.8,-15.268,18.1186,0.3826,0.0636,-0.966,-0.1568,0.172,0.186,0.261,-15.4133,18.0024,0.2,0.0407,-0.981,0.0,-0.1358,-1.0222,-0.1981,1.05,-0.6597,1,1,2,0.974,0.56,0.44,0,0,0.0,2,TERMINAL_PRESS,0.0229,0.015,0.1453,0.1162
998,7.808,-15.2667,18.0993,0.3795,0.0619,-0.9631,-0.1567,0.169,0.187,0.259,-15.4125,17.9828,0.2,0.0407,-0.9789,0.0,-0.1358,-1.0221,-0.1984,1.05,-0.6697,1,1,2,0.974,0.557,0.443,0,0,0.0,2,TERMINAL_PRESS,0.0212,0.0159,0.1457,0.1165
999,7.816,-15.2655,18.0801,0.3764,0.0613,-0.96,-0.1566,0.166,0.187,0.257,-15.4116,17.9633,0.2,0.0406,-0.9768,0.0,-0.1363,-1.022,-0.1987,1.05,-0.652,1,1,2,0.974,0.562,0.438,0,0,0.0,2,TERMINAL_PRESS,0.0207,0.0167,0.1461,0.1168
1000,7.823,-15.2643,18.061,0.3732,0.0588,-0.9581,-0.1566,0.163,0.188,0.255,-15.4108,17.9438,0.2,0.0405,-0.9746,0.0,-0.1361,-1.0219,-0.1991,1.05,-0.6615,1,1,2,0.974,0.56,0.44,0,0,0.0,2,TERMINAL_PRESS,0.0183,0.0164,0.1465,0.1172
1001,7.831,-15.2632,18.0419,0.3701,0.0578,-0.9561,-0.1567,0.16,0.188,0.254,-15.41,17.9244,0.2,0.0404,-0.9724,0.0,-0.1365,-1.0218,-0.1994,1.05,-0.6444,1,1,2,0.974,0.567,0.433,0,0,0.0,2,TERMINAL_PRESS,0.0174,0.0163,0.1468,0.1175
1002,7.839,-15.2621,18.0228,0.367,0.0552,-0.9551,-0.1566,0.156,0.188,0.252,-15.4092,17.905,0.2,0.0403,-0.9701,0.0,-0.1363,-1.0218,-0.1998,1.05,-0.6529,1,1,2,0.974,0.566,0.434,0,0,0.0,2,TERMINAL_PRESS,0.0149,0.015,0.1471,0.1178
1003,7.846,-15.261,18.0037,0.3638,0.0546,-0.9539,-0.1566,0.153,0.189,0.25,-15.4084,17.8856,0.2,0.0402,-0.9678,0.0,-0.1368,-1.0216,-0.2003,1.05,-0.6368,1,1,2,0.974,0.573,0.427,0,0,0.0,2,TERMINAL_PRESS,0.0144,0.0139,0.1474,0.1181
1004,7.854,-15.2599,17.9846,0.3607,0.0529,-0.9536,-0.1566,0.15,0.189,0.248,-15.4076,17.8663,0.2,0.0401,-0.9653,0.0,-0.1369,-1.0215,-0.2008,1.05,-0.6446,1,1,2,0.974,0.575,0.425,0,0,0.0,2,TERMINAL_PRESS,0.0128,0.0117,0.1477,0.1183
1005,7.862,-15.2589,17.9655,0.3576,0.0534,-0.953,-0.1568,0.147,0.19,0.247,-15.4068,17.847,0.2,0.04,-0.9628,0.0,-0.1379,-1.0213,-0.201,1.05,-0.6194,1,1,2,0.975,0.578,0.422,0,0,0.0,2,TERMINAL_PRESS,0.0134,0.0098,0.148,0.1185
1006,7.87,-15.2578,17.9465,0.3544,0.0532,-0.9533,-0.1568,0.144,0.19,0.245,-15.406,17.8278,0.2,0.0399,-0.9604,0.0,-0.1386,-1.0211,-0.2016,1.05,-0.6303,1,1,2,0.975,0.574,0.426,0,0,0.0,2,TERMINAL_PRESS,0.0133,0.0072,0.1482,0.1187
1007,7.878,-15.2567,17.9274,0.3513,0.0537,-0.9524,-0.1567,0.141,0.19,0.243,-15.4052,17.8087,0.2,0.0398,-0.9578,0.0,-0.1396,-1.0208,-0.2023,1.05,-0.6166,1,1,2,0.976,0.58,0.42,0,0,0.0,2,TERMINAL_PRESS,0.0139,0.0053,0.1485,0.1188
1008,7.887,-15.2557,17.9084,0.3482,0.0526,-0.9518,-0.1566,0.138,0.19,0.241,-15.4044,17.7896,0.2,0.0397,-0.9552,0.0,-0.1401,-1.0206,-0.2029,1.05,-0.6228,1,1,2,0.976,0.578,0.422,0,0,0.0,2,TERMINAL_PRESS,0.0129,0.0034,0.1488,0.1188
1009,7.895,-15.2546,17.8894,0.345,0.0533,-0.9504,-0.1567,0.135,0.191,0.24,-15.4036,17.7705,0.2,0.0396,-0.9526,0.0,-0.1411,-1.0204,-0.2034,1.05,-0.6112,1,1,2,0.976,0.585,0.415,0,0,0.0,2,TERMINAL_PRESS,0.0137,0.0023,0.149,0.1189
1010,7.903,-15.2535,17.8704,0.3419,0.0527,-0.9491,-0.1567,0.131,0.191,0.238,-15.4028,17.7515,0.2,0.0394,-0.9499,0.0,-0.1418,-1.0202,-0.204,1.05,-0.6166,1,1,2,0.976,0.584,0.416,0,0,0.0,2,TERMINAL_PRESS,0.0133,0.0008,0.1493,0.1189
1011,7.911,-15.2525,17.8515,0.3388,0.0544,-0.9471,-0.1569,0.128,0.191,0.236,-15.4021,17.7326,0.2,0.0393,-0.9471,0.0,-0.1433,-1.0199,-0.2042,1.05,-0.6122,1,1,2,0.976,0.588,0.412,0,0,0.0,2,TERMINAL_PRESS,0.015,0.0,0.1496,0.1189
1012,7.92,-15.2514,17.8326,0.3356,0.0551,-0.9452,-0.1568,0.125,0.191,0.235,-15.4013,17.7137,0.2,0.0392,-0.9442,0.0,-0.1444,-1.0196,-0.2049,1.05,-0.6166,1,1,2,0.976,0.586,0.414,0,0,0.0,2,TERMINAL_PRESS,0.0158,-0.001,0.1499,0.1189
1013,7.928,-15.2502,17.8137,0.3325,0.0571,-0.9433,-0.1568,0.122,0.192,0.233,-15.4005,17.6949,0.2,0.0391,-0.9415,0.0,-0.1462,-1.0193,-0.2054,1.05,-0.6061,1,1,2,0.976,0.592,0.408,0,0,0.0,2,TERMINAL_PRESS,0.018,-0.0018,0.1503,0.1188
1014,7.935,-15.2491,17.7949,0.3294,0.0573,-0.942,-0.1567,0.119,0.192,0.231,-15.3997,17.6761,0.2,0.039,-0.9385,0.0,-0.1474,-1.019,-0.2061,1.05,-0.6098,1,1,2,0.976,0.589,0.411,0,0,0.0,2,TERMINAL_PRESS,0.0184,-0.0035,0.1506,0.1188
1015,7.943,-15.2479,17.776,0.3262,0.0593,-0.9406,-0.1568,0.116,0.192,0.23,-15.3989,17.6574,0.2,0.0389,-0.9356,0.0,-0.1492,-1.0186,-0.2066,1.05,-0.5949,1,1,2,0.976,0.59,0.41,0,0,0.0,2,TERMINAL_PRESS,0.0205,-0.005,0.1511,0.1187
1016,7.951,-15.2467,17.7572,0.3231,0.0599,-0.9398,-0.1567,0.113,0.192,0.228,-15.3982,17.6387,0.2,0.0388,-0.9325,0.0,-0.1506,-1.0182,-0.2074,1.05,-0.5979,1,1,2,0.976,0.59,0.41,0,0,0.0,2,TERMINAL_PRESS,0.0211,-0.0073,0.1515,0.1185
1017,7.958,-15.2455,17.7385,0.3199,0.0618,-0.9384,-0.1568,0.109,0.193,0.227,-15.3974,17.6201,0.2,0.0386,-0.9295,0.0,-0.1526,-1.0178,-0.208,1.05,-0.5895,1,1,2,0.976,0.594,0.406,0,0,0.0,2,TERMINAL_PRESS,0.0232,-0.0088,0.1519,0.1183
1018,7.966,-15.2442,17.7197,0.3172,0.062,-0.9371,-0.136,0.107,0.193,0.226,-15.3966,17.6016,0.2,0.0385,-0.9263,0.0,-0.1529,-1.0105,-0.2408,1.05,-0.5919,1,1,2,0.976,0.592,0.408,0,0,0.0,2,TERMINAL_PRESS,0.0235,-0.0108,0.1524,0.1181
1019,7.974,-15.2429,17.701,0.3148,0.064,-0.9353,-0.1229,0.104,0.193,0.225,-15.3959,17.5831,0.2,0.0383,-0.9233,0.0,-0.1542,-1.0052,-0.2613,1.05,-0.5845,1,1,2,0.977,0.6,0.4,0,0,0.0,2,TERMINAL_PRESS,0.0257,-0.012,0.1529,0.1179
1020,7.983,-15.2416,17.6824,0.3125,0.0644,-0.9335,-0.1147,0.102,0.193,0.224,-15.3951,17.5647,0.2,0.0382,-0.92,0.0,-0.1551,-1.0015,-0.2745,1.05,-0.5861,1,1,2,0.977,0.599,0.401,0,0,0.0,2,TERMINAL_PRESS,0.0261,-0.0135,0.1534,0.1176
1021,7.992,-15.2403,17.6637,0.3103,0.067,-0.9312,-0.1099,0.1,0.194,0.223,-15.3943,17.5464,0.2,0.0381,-0.9167,0.0,-0.1573,-0.9989,-0.2827,1.05,-0.5792,1,1,2,0.977,0.6,0.4,0,0,0.0,2,TERMINAL_PRESS,0.0289,-0.0146,0.154,0.1173
1022,8.0,-15.2389,17.6452,0.3081,0.0684,-0.929,-0.1065,0.098,0.194,0.222,-15.3936,17.5281,0.2,0.038,-0.9134,0.0,-0.159,-0.997,-0.2886,1.05,-0.5797,1,1,2,0.977,0.594,0.406,0,0,0.0,2,TERMINAL_PRESS,0.0304,-0.0156,0.1546,0.117
1023,8.009,-15.2375,17.6266,0.3061,0.0703,-0.9263,-0.1044,0.096,0.194,0.221,-15.3928,17.5099,0.2,0.0378,-0.91,0.0,-0.1611,-0.9954,-0.2927,1.05,-0.5747,1,1,2,0.977,0.596,0.404,0,0,0.0,2,TERMINAL_PRESS,0.0325,-0.0163,0.1553,0.1167
1024,8.018,-15.2361,17.6082,0.304,0.0694,-0.9234,-0.1031,0.093,0.195,0.221,-15.3921,17.4918,0.2,0.0376,-0.9067,0.0,-0.1622,-0.9944,-0.2957,1.05,-0.5748,1,1,2,0.977,0.591,0.409,0,0,0.0,2,TERMINAL_PRESS,0.0318,-0.0168,0.1559,0.1163
1025,8.026,-15.2348,17.5898,0.302,0.0695,-0.9201,-0.1022,0.091,0.195,0.22,-15.3913,17.4737,0.2,0.0375,-0.9032,0.0,-0.1636,-0.9935,-0.2979,1.05,-0.5704,1,1,2,0.977,0.594,0.406,0,0,0.0,2,TERMINAL_PRESS,0.032,-0.0169,0.1566,0.116
1026,8.034,-15.2334,17.5714,0.2999,0.0673,-0.9166,-0.1017,0.089,0.195,0.219,-15.3906,17.4558,0.2,0.0374,-0.8996,0.0,-0.1641,-0.9928,-0.2998,1.05,-0.57,1,1,2,0.977,0.59,0.41,0,0,0.0,2,TERMINAL_PRESS,0.0299,-0.017,0.1572,0.1157
1027,8.041,-15.2321,17.5532,0.2979,0.0664,-0.9127,-0.1014,0.087,0.195,0.219,-15.3898,17.4378,0.2,0.0372,-0.8962,0.0,-0.1651,-0.9922,-0.3012,1.05,-0.5663,1,1,2,0.978,0.596,0.404,0,0,0.0,2,TERMINAL_PRESS,0.0291,-0.0165,0.1577,0.1153
1028,8.049,-15.2308,17.535,0.2959,0.0636,-0.9086,-0.1011,0.085,0.196,0.218,-15.3891,17.42,0.2,0.0371,-0.8924,0.0,-0.1655,-0.9918,-0.3025,1.05,-0.565,1,1,2,0.978,0.593,0.407,0,0,0.0,2,TERMINAL_PRESS,0.0265,-0.0161,0.1583,0.115
1029,8.057,-15.2296,17.5169,0.2939,0.0625,-0.904,-0.101,0.083,0.196,0.217,-15.3883,17.4022,0.2,0.0369,-0.8889,0.0,-0.1664,-0.9913,-0.3036,1.05,-0.5622,1,1,2,0.978,0.598,0.402,0,0,0.0,2,TERMINAL_PRESS,0.0256,-0.0151,0.1588,0.1147
1030,8.065,-15.2284,17.4989,0.2918,0.06,-0.8993,-0.101,0.081,0.196,0.217,-15.3876,17.3845,0.2,0.0368,-0.8851,0.0,-0.1667,-0.9909,-0.3047,1.05,-0.56,1,1,2,0.978,0.596,0.404,0,0,0.0,2,TERMINAL_PRESS,0.0233,-0.0142,0.1592,0.1144
1031,8.073,-15.2272,17.481,0.2898,0.0597,-0.8943,-0.1011,0.079,0.196,0.216,-15.3869,17.3669,0.2,0.0366,-0.8814,0.0,-0.1678,-0.9905,-0.3054,1.05,-0.5693,1,1,2,0.978,0.602,0.398,0,0,0.0,2,TERMINAL_PRESS,0.0231,-0.0129,0.1597,0.1142
1032,8.082,-15.226,17.4633,0.2878,0.0584,-0.8892,-0.101,0.077,0.197,0.215,-15.3861,17.3493,0.2,0.0365,-0.8777,0.0,-0.1685,-0.9901,-0.3064,1.05,-0.5657,1,1,2,0.978,0.601,0.399,0,0,0.0,2,TERMINAL_PRESS,0.0219,-0.0115,0.1601,0.1139
1033,8.091,-15.2248,17.4456,0.2858,0.0587,-0.8847,-0.101,0.075,0.197,0.215,-15.3854,17.3318,0.2,0.0363,-0.8738,0.0,-0.17,-0.9895,-0.3075,1.05,-0.5623,1,1,2,0.978,0.606,0.394,0,0,0.0,2,TERMINAL_PRESS,0.0224,-0.0109,0.1606,0.1137
1034,8.1,-15.2237,17.428,0.2838,0.0573,-0.881,-0.1009,0.073,0.197,0.214,-15.3847,17.3145,0.2,0.0361,-0.8698,0.0,-0.1708,-0.9889,-0.3087,1.05,-0.5579,1,1,2,0.978,0.605,0.395,0,0,0.0,2,TERMINAL_PRESS,0.0211,-0.0112,0.161,0.1135
1035,8.109,-15.2225,17.4104,0.2817,0.0577,-0.8779,-0.101,0.071,0.197,0.213,-15.384,17.2971,0.2,0.036,-0.8659,0.0,-0.1724,-0.9883,-0.3098,1.05,-0.5505,1,1,2,0.978,0.609,0.391,0,0,0.0,2,TERMINAL_PRESS,0.0217,-0.012,0.1615,0.1133
1036,8.119,-15.2214,17.3929,0.2797,0.0566,-0.8754,-0.101,0.069,0.197,0.213,-15.3833,17.2799,0.2,0.0358,-0.8619,0.0,-0.1734,-0.9877,-0.3113,1.05,-0.5452,1,1,2,0.978,0.606,0.394,0,0,0.0,2,TERMINAL_PRESS,0.0208,-0.0135,0.1619,0.113
1037,8.128,-15.2202,17.3754,0.2777,0.057,-0.873,-0.1009,0.067,0.198,0.212,-15.3825,17.2627,0.2,0.0356,-0.8578,0.0,-0.1751,-0.9869,-0.3128,1.05,-0.5465,1,1,2,0.978,0.611,0.389,0,0,0.0,2,TERMINAL_PRESS,0.0214,-0.0152,0.1623,0.1127
1038,8.136,-15.2191,17.358,0.2757,0.0556,-0.8706,-0.1009,0.065,0.198,0.212,-15.3818,17.2457,0.2,0.0355,-0.8538,0.0,-0.1761,-0.9863,-0.3142,1.05,-0.5406,1,1,2,0.978,0.609,0.391,0,0,0.0,2,TERMINAL_PRESS,0.0201,-0.0167,0.1627,0.1124
1039,8.144,-15.218,17.3406,0.2737,0.0562,-0.8683,-0.101,0.063,0.198,0.211,-15.3811,17.2287,0.2,0.0353,-0.8497,0.0,-0.1773,-0.982,-0.3143,1.0462,-0.5389,1,1,2,0.978,0.613,0.387,0,0,0.0,2,TERMINAL_PRESS,0.0209,-0.0186,0.1631,0.112
1040,8.153,-15.2169,17.3233,0.2716,0.0553,-0.8661,-0.1009,0.061,0.198,0.211,-15.3804,17.2118,0.2,0.0351,-0.8455,0.0,-0.1777,-0.9765,-0.3144,1.0411,-0.532,1,1,2,0.978,0.612,0.388,0,0,0.0,2,TERMINAL_PRESS,0.0202,-0.0205,0.1635,0.1116
1041,8.161,-15.2158,17.306,0.2696,0.0565,-0.8638,-0.1009,0.059,0.198,0.21,-15.3797,17.1949,0.2,0.035,-0.8413,0.0,-0.1789,-0.9709,-0.3145,1.0361,-0.5324,1,1,2,0.978,0.617,0.383,0,0,0.0,2,TERMINAL_PRESS,0.0215,-0.0225,0.164,0.1111
1042,8.169,-15.2147,17.2888,0.2676,0.0564,-0.8613,-0.1009,0.057,0.198,0.209,-15.379,17.1782,0.2,0.0348,-0.837,0.0,-0.1797,-0.9653,-0.3145,1.031,-0.5247,1,1,2,0.978,0.617,0.383,0,0,0.0,2,TERMINAL_PRESS,0.0216,-0.0243,0.1644,0.1106
1043,8.176,-15.2135,17.2716,0.2656,0.0584,-0.8587,-0.1011,0.055,0.198,0.209,-15.3783,17.1615,0.2,0.0346,-0.8327,0.0,-0.1813,-0.9596,-0.3141,1.0259,-0.5325,1,1,2,0.979,0.622,0.378,0,0,0.0,2,TERMINAL_PRESS,0.0238,-0.026,0.1649,0.1101
1044,8.184,-15.2123,17.2545,0.2636,0.0593,-0.8558,-0.101,0.053,0.198,0.208,-15.3777,17.145,0.2,0.0344,-0.8284,0.0,-0.1826,-0.954,-0.3142,1.0208,-0.5238,1,1,2,0.979,0.62,0.38,0,0,0.0,2,TERMINAL_PRESS,0.0249,-0.0274,0.1654,0.1096
1045,8.192,-15.2111,17.2375,0.2615,0.0613,-0.8531,-0.1009,0.051,0.198,0.208,-15.377,17.1285,0.2,0.0342,-0.8241,0.0,-0.1844,-0.9483,-0.3144,1.0159,-0.5297,1,1,2,0.979,0.625,0.375,0,0,0.0,2,TERMINAL_PRESS,0.0271,-0.029,0.1659,0.109
1046,8.2,-15.2098,17.2205,0.2595,0.0611,-0.8503,-0.1009,0.049,0.199,0.207,-15.3763,17.1121,0.2,0.034,-0.8195,0.0,-0.1852,-0.9422,-0.3145,1.0104,-0.5206,1,1,2,0.979,0.623,0.377,0,0,0.0,2,TERMINAL_PRESS,0.0271,-0.0308,0.1664,0.1084
1047,8.209,-15.2086,17.2035,0.2575,0.0624,-0.8479,-0.101,0.047,0.199,0.207,-15.3756,17.0958,0.2,0.0339,-0.8151,0.0,-0.1867,-0.9362,-0.3142,1.005,-0.5197,1,1,2,0.979,0.626,0.374,0,0,0.0,2,TERMINAL_PRESS,0.0285,-0.0328,0.167,0.1077
1048,8.218,-15.2074,17.1866,0.2555,0.0618,-0.8455,-0.1009,0.045,0.199,0.206,-15.3749,17.0796,0.2,0.0337,-0.8105,0.0,-0.1875,-0.9298,-0.3144,0.9993,-0.5097,1,1,2,0.979,0.622,0.378,0,0,0.0,2,TERMINAL_PRESS,0.0282,-0.035,0.1676,0.107
1049,8.226,-15.2061,17.1697,0.2535,0.0627,-0.843,-0.1008,0.043,0.199,0.206,-15.3743,17.0635,0.2,0.0335,-0.806,0.0,-0.1888,-0.9234,-0.3146,0.9937,-0.5175,1,1,2,0.979,0.627,0.373,0,0,0.0,2,TERMINAL_PRESS,0.0292,-0.037,0.1682,0.1063
1050,8.234,-15.2049,17.1529,0.2514,0.0616,-0.84,-0.1008,0.041,0.199,0.206,-15.3736,17.0474,0.2,0.0333,-0.8014,0.0,-0.1893,-0.9173,-0.3146,0.988,-0.507,1,1,2,0.979,0.625,0.375,0,0,0.0,2,TERMINAL_PRESS,0.0283,-0.0386,0.1687,0.1055
1051,8.242,-15.2036,17.1362,0.2494,0.0622,-0.837,-0.1008,0.039,0.199,0.205,-15.3729,17.0315,0.2,0.0331,-0.7967,0.0,-0.1906,-0.9109,-0.3146,0.9823,-0.513,1,1,2,0.979,0.63,0.37,0,0,0.0,2,TERMINAL_PRESS,0.0291,-0.0403,0.1693,0.1047
1052,8.249,-15.2024,17.1195,0.2474,0.0614,-0.8336,-0.1008,0.037,0.199,0.205,-15.3723,17.0157,0.2,0.0329,-0.7919,0.0,-0.1913,-0.9045,-0.3146,0.9766,-0.5017,1,1,2,0.979,0.627,0.373,0,0,0.0,2,TERMINAL_PRESS,0.0285,-0.0417,0.1699,0.1039
1053,8.257,-15.2012,17.1029,0.2454,0.0625,-0.8302,-0.1009,0.035,0.199,0.204,-15.3716,16.9999,0.2,0.0327,-0.7873,0.0,-0.1927,-0.8982,-0.3144,0.971,-0.5091,1,1,2,0.979,0.631,0.369,0,0,0.0,2,TERMINAL_PRESS,0.0298,-0.043,0.1705,0.103
1054,8.265,-15.1999,17.0864,0.2434,0.0624,-0.8263,-0.1009,0.033,0.199,0.204,-15.371,16.9843,0.2,0.0325,-0.7825,0.0,-0.1937,-0.892,-0.3145,0.9655,-0.4968,1,1,2,0.979,0.628,0.372,0,0,0.0,2,TERMINAL_PRESS,0.0299,-0.0438,0.1711,0.1021
1055,8.273,-15.1986,17.07,0.2414,0.0639,-0.8223,-0.1008,0.03,0.199,0.204,-15.3703,16.9687,0.2,0.0323,-0.7775,0.0,-0.1954,-0.8855,-0.3146,0.9599,-0.5079,1,1,2,0.979,0.631,0.369,0,0,0.0,2,TERMINAL_PRESS,0.0316,-0.0448,0.1717,0.1012
1056,8.28,-15.1974,17.0536,0.2393,0.0638,-0.8177,-0.1008,0.039,0.199,0.203,-15.3697,16.9533,0.2,0.0321,-0.7728,0.0,-0.1965,-0.8796,-0.3146,0.9546,-0.495,1,1,2,0.979,0.63,0.37,0,0,0.0,2,TERMINAL_PRESS,0.0317,-0.0449,0.1723,0.1003
1057,8.288,-15.196,17.0373,0.2373,0.0657,-0.8132,-0.1011,0.037,0.2,0.203,-15.3691,16.9379,0.2,0.0319,-0.7678,0.0,-0.1984,-0.8733,-0.3141,0.949,-0.5052,1,1,2,0.979,0.633,0.367,0,0,0.0,2,TERMINAL_PRESS,0.0338,-0.0454,0.173,0.0994
1058,8.296,-15.1947,17.0212,0.2353,0.0664,-0.8083,-0.101,0.035,0.2,0.203,-15.3684,16.9226,0.2,0.0317,-0.7629,0.0,-0.1998,-0.8673,-0.3143,0.9439,-0.4909,1,1,2,0.979,0.63,0.37,0,0,0.0,2,TERMINAL_PRESS,0.0347,-0.0453,0.1737,0.0985
1059,8.304,-15.1934,17.0051,0.2333,0.0678,-0.8035,-0.1008,0.033,0.2,0.203,-15.3678,16.9075,0.2,0.0315,-0.7579,0.0,-0.2016,-0.861,-0.3146,0.9386,-0.5039,1,1,2,0.979,0.631,0.369,0,0,0.0,2,TERMINAL_PRESS,0.0363,-0.0457,0.1744,0.0976
1060,8.311,-15.192,16.9891,0.2313,0.0667,-0.7982,-0.1008,0.031,0.2,0.202,-15.3672,16.8924,0.2,0.0313,-0.7528,0.0,-0.2023,-0.8549,-0.3147,0.9332,-0.4892,1,1,2,0.979,0.629,0.371,0,0,0.0,2,TERMINAL_PRESS,0.0354,-0.0454,0.1751,0.0967
1061,8.319,-15.1907,16.9733,0.2293,0.0666,-0.7933,-0.1007,0.03,0.2,0.202,-15.3665,16.8775,0.2,0.031,-0.7478,0.0,-0.2035,-0.8486,-0.3148,0.9278,-0.503,1,1,2,0.979,0.633,0.367,0,0,0.0,2,TERMINAL_PRESS,0.0356,-0.0456,0.1759,0.0958
1062,8.327,-15.1894,16.9575,0.2272,0.0644,-0.788,-0.1007,0.677,0.2,0.202,-15.3659,16.8626,0.2,0.0309,-0.7426,0.0,-0.2037,-0.8424,-0.3148,0.9221,-0.4879,1,1,2,0.979,0.632,0.368,0,0,0.0,2,TERMINAL_PRESS,0.0336,-0.0454,0.1765,0.0949
1063,8.334,-15.1881,16.9418,0.2252,0.0636,-0.7833,-0.1007,0.675,0.201,0.202,-15.3653,16.8479,0.2,0.0306,-0.7375,0.0,-0.2045,-0.836,-0.3147,0.9164,-0.5003,1,1,2,0.979,0.636,0.364,0,0,0.0,2,TERMINAL_PRESS,0.033,-0.0458,0.1772,0.094
