step,time_s,pos_x,pos_y,pos_z,vel_x,vel_y,vel_z,agl,dist_xy,dist_3d,target_x,target_y,target_z,plat_vel_x,plat_vel_y,plat_vel_z,cmd_vx,cmd_vy,cmd_vz,cmd_speed,cmd_yaw,landing_phase,descent_phase,assist_type,collision_risk,clutter_density,navigability,escape_active,pred_escape_active,threat_acc,terrain_id,phase_reason,rel_vx_to_pad,rel_vy_to_pad
0,0.0,-6.2272,7.5567,1.7763,0.0,0.0,0.0,0.071,14.518,14.603,-15.4453,18.7729,0.2,0.0,0.0,0.0,-0.048,-0.0009,0.048,0.0679,0.719,0,0,0,0.979,0.584,0.416,0,0,0.0,2,SEARCH_PHASE,0.0,0.0
1,0.008,-6.2272,7.5567,1.7767,0.0,0.0,0.0186,0.071,14.518,14.604,-15.4453,18.7729,0.2,0.0,-0.0001,0.0,-0.096,-0.0028,0.096,0.1358,0.7129,0,0,0,0.978,0.579,0.421,0,0,0.0,2,SEARCH_PHASE,-0.0,0.0001
2,0.016,-6.2272,7.5567,1.7776,0.0,-0.0,0.0478,0.072,14.518,14.604,-15.4453,18.7729,0.2,0.0,0.0,0.0,-0.1439,-0.005,0.144,0.2036,0.7157,0,0,0,0.978,0.573,0.427,0,0,0.0,2,SEARCH_PHASE,0.0,-0.0
3,0.024,-6.2272,7.5567,1.7793,-0.0031,-0.0001,0.0844,0.074,14.518,14.604,-15.4453,18.7729,0.2,0.0,0.0,0.0,-0.1918,-0.0086,0.192,0.2715,0.6899,0,0,0,0.978,0.583,0.417,0,0,0.0,2,SEARCH_PHASE,-0.0031,-0.0001
4,0.031,-6.2273,7.5567,1.7818,-0.0061,0.0001,0.1257,0.076,14.518,14.604,-15.4453,18.7729,0.2,0.0,0.0,0.0,-0.2396,-0.012,0.24,0.3394,0.7199,0,0,0,0.978,0.586,0.414,0,0,1.0,2,SEARCH_PHASE,-0.0061,0.0001
5,0.039,-6.2276,7.5567,1.7852,-0.0124,-0.0013,0.17,0.079,14.518,14.604,-15.4453,18.7729,0.2,0.0,0.0,0.0,-0.2875,-0.0164,0.288,0.4072,0.6766,0,0,0,0.978,0.583,0.417,0,0,2.0,2,SEARCH_PHASE,-0.0124,-0.0013
6,0.046,-6.228,7.5567,1.7896,-0.0214,-0.0009,0.2165,0.084,14.518,14.604,-15.4453,18.7729,0.2,0.0,0.0,0.0,-0.3351,-0.022,0.336,0.4751,0.7066,0,0,0,0.978,0.572,0.428,0,0,3.0,2,SEARCH_PHASE,-0.0214,-0.0009
7,0.054,-6.2287,7.5566,1.7949,-0.0362,-0.0027,0.2639,0.089,14.517,14.605,-15.4453,18.7729,0.2,0.0,0.0,0.0,-0.3827,-0.0284,0.384,0.5429,0.6633,0,0,0,0.976,0.546,0.454,0,0,4.0,2,SEARCH_PHASE,-0.0362,-0.0027
8,0.062,-6.2298,7.5566,1.8011,-0.0542,-0.0032,0.3124,0.095,14.517,14.605,-15.4453,18.7729,0.2,0.0,0.0,0.0,-0.4302,-0.0352,0.432,0.6107,0.6927,0,0,0,0.976,0.531,0.469,0,0,5.0,2,SEARCH_PHASE,-0.0542,-0.0032
9,0.069,-6.2314,7.5564,1.8083,-0.0784,-0.0066,0.3609,0.103,14.516,14.605,-15.4453,18.7729,0.2,0.0,0.0,0.0,-0.4775,-0.0433,0.48,0.6785,0.6505,0,0,0,0.976,0.52,0.48,0,0,6.0,2,SEARCH_PHASE,-0.0784,-0.0066
10,0.077,-6.2335,7.5562,1.8165,-0.1061,-0.0091,0.41,0.111,14.515,14.604,-15.4453,18.7729,0.2,0.0,0.0,0.0,-0.5248,-0.0518,0.528,0.7462,0.6792,0,0,0,0.974,0.502,0.498,0,0,7.0,2,SEARCH_PHASE,-0.1061,-0.0091
11,0.084,-6.2363,7.5559,1.8257,-0.1399,-0.0149,0.4583,0.12,14.513,14.604,-15.4453,18.7729,0.2,0.0,0.0,0.0,-0.5716,-0.0621,0.576,0.8139,0.6487,0,0,0,0.974,0.507,0.493,0,0,8.0,2,SEARCH_PHASE,-0.1399,-0.0149
12,0.092,-6.2399,7.5555,1.8358,-0.1769,-0.0204,0.5069,0.13,14.511,14.603,-15.4453,18.7729,0.2,0.0,0.0,0.0,-0.6186,-0.072,0.624,0.8816,0.6766,0,0,0,0.974,0.488,0.512,0,0,9.0,2,SEARCH_PHASE,-0.1769,-0.0204
13,0.1,-6.2442,7.555,1.8469,-0.2183,-0.0286,0.5549,0.141,14.509,14.602,-15.4453,18.7729,0.2,0.0,0.0,0.0,-0.6651,-0.084,0.672,0.9492,0.6344,0,0,0,0.972,0.456,0.544,0,0,10.0,2,SEARCH_PHASE,-0.2183,-0.0286
14,0.107,-6.2494,7.5542,1.859,-0.2614,-0.0356,0.6031,0.153,14.506,14.6,-15.4453,18.7729,0.2,0.0,0.0,0.0,-0.7111,-0.0976,0.72,1.0167,0.662,0,0,0,0.972,0.441,0.559,0,0,11.0,2,SEARCH_PHASE,-0.2614,-0.0356
15,0.115,-6.2556,7.5533,1.872,-0.3089,-0.0459,0.6503,0.166,14.503,14.599,-15.4453,18.7729,0.2,0.0,0.0,0.0,-0.7573,-0.1107,0.768,1.0842,0.6237,0,0,0,0.969,0.405,0.595,0,0,10.5,2,SEARCH_PHASE,-0.3089,-0.0459
16,0.124,-6.2628,7.5522,1.8859,-0.3586,-0.0555,0.6976,0.18,14.499,14.597,-15.4453,18.7729,0.2,0.0,0.0,0.0,-0.8034,-0.1242,0.816,1.1518,0.6508,0,0,0,0.969,0.395,0.605,0,0,10.0,2,SEARCH_PHASE,-0.3586,-0.0555
17,0.136,-6.271,7.5508,1.9008,-0.4115,-0.0686,0.744,0.195,14.495,14.594,-15.4453,18.7729,0.2,0.0,0.0,0.0,-0.8489,-0.1393,0.864,1.2192,0.6224,0,0,0,0.969,0.377,0.623,0,0,9.5,2,SEARCH_PHASE,-0.4115,-0.0686
18,0.143,-6.2803,7.5492,1.9166,-0.4652,-0.0811,0.7908,0.211,14.49,14.592,-15.4453,18.7729,0.2,0.0,0.0,0.0,-0.863,-0.0935,0.912,1.2591,0.6493,0,0,0,0.724,0.362,0.638,0,0,9.0,2,SEARCH_PHASE,-0.4652,-0.0811
19,0.151,-6.2908,7.5473,1.9333,-0.5223,-0.096,0.835,0.228,14.485,14.588,-15.4453,18.7729,0.2,0.0,0.0,0.0,-0.8771,-0.0476,0.96,1.3012,0.6286,0,0,0,0.726,0.36,0.64,0,0,8.5,2,SEARCH_PHASE,-0.5223,-0.096
20,0.158,-6.3024,7.5451,1.9509,-0.5806,-0.1093,0.8783,0.245,14.48,14.585,-15.4453,18.7729,0.2,0.0,0.0,0.0,-0.8911,-0.0017,1.008,1.3454,0.6391,0,0,0,0.721,0.354,0.646,0,0,8.0,2,SEARCH_PHASE,-0.5806,-0.1093
21,0.166,-6.3151,7.5427,1.9693,-0.6363,-0.1233,0.9217,0.264,14.473,14.581,-15.4453,18.7729,0.2,0.0,0.0,0.0,-0.9051,0.0443,1.056,1.3915,0.6668,0,0,0,0.722,0.353,0.647,0,0,7.5,2,SEARCH_PHASE,-0.6363,-0.1233
22,0.173,-6.329,7.5399,1.9886,-0.6938,-0.1355,0.9651,0.283,14.467,14.577,-15.4453,18.7729,0.2,0.0,0.0,0.0,-0.919,0.0902,1.104,1.4393,0.6336,0,0,0,0.729,0.36,0.64,0,0,7.0,2,SEARCH_PHASE,-0.6938,-0.1355
23,0.181,-6.344,7.5371,2.0088,-0.7507,-0.1432,1.0095,0.303,14.46,14.572,-15.4453,18.7729,0.2,0.0,0.0,0.0,-0.9329,0.1361,1.152,1.4886,0.6542,0,0,0,0.731,0.375,0.625,0,0,5.0,2,SEARCH_PHASE,-0.7507,-0.1432
24,0.188,-6.3601,7.5341,2.0299,-0.8021,-0.1487,1.0558,0.324,14.452,14.567,-15.4453,18.7729,0.2,0.0,0.0,0.0,-0.9467,0.1821,1.2,1.5393,0.6233,0,0,0,0.738,0.385,0.615,0,0,3.0,2,SEARCH_PHASE,-0.8021,-0.1487
25,0.196,-6.3771,7.5311,2.052,-0.8525,-0.1496,1.1027,0.346,14.443,14.562,-15.4453,18.7729,0.2,0.0,0.0,0.0,-0.9814,0.1489,1.248,1.5946,0.643,0,0,0,0.965,0.396,0.604,0,0,1.0,2,SEARCH_PHASE,-0.8525,-0.1496
26,0.204,-6.395,7.5281,2.075,-0.897,-0.1482,1.1515,0.369,14.434,14.556,-15.4453,18.7729,0.2,0.0,0.0,0.0,-1.0146,0.1143,1.296,1.6499,0.6146,0,0,0,0.965,0.387,0.613,0,0,0.0,2,SEARCH_PHASE,-0.897,-0.1482
27,0.211,-6.4138,7.5253,2.099,-0.9399,-0.1421,1.2007,0.393,14.425,14.549,-15.4453,18.7729,0.2,0.0,0.0,0.0,-1.0473,0.0791,1.344,1.7057,0.632,0,0,0,0.963,0.392,0.608,0,0,0.0,2,SEARCH_PHASE,-0.9399,-0.1421
28,0.219,-6.4334,7.5226,2.124,-0.9761,-0.1335,1.2502,0.418,14.415,14.543,-15.4453,18.7729,0.2,0.0,0.0,0.0,-1.0797,0.0437,1.392,1.7622,0.5876,0,0,0,0.961,0.393,0.607,0,0,0.0,2,SEARCH_PHASE,-0.9761,-0.1335
29,0.226,-6.4536,7.5202,2.15,-1.0101,-0.1203,1.2989,0.444,14.404,14.535,-15.4453,18.7729,0.2,0.0,0.0,0.0,-1.1083,0.0052,1.44,1.8171,0.614,0,0,0,0.961,0.408,0.592,0,0,0.0,2,SEARCH_PHASE,-1.0101,-0.1203
30,0.234,-6.4744,7.5181,2.177,-1.0421,-0.1065,1.3474,0.471,14.393,14.528,-15.4453,18.7729,0.2,0.0,0.0,0.0,-1.1395,-0.0314,1.488,1.8744,0.5641,0,0,0,0.959,0.406,0.594,0,0,0.0,2,SEARCH_PHASE,-1.0421,-0.1065
31,0.241,-6.4958,7.5163,2.2049,-1.0696,-0.0889,1.3953,0.499,14.381,14.52,-15.4453,18.7729,0.2,0.0,0.0,0.0,-1.1726,-0.0661,1.536,1.9336,0.5541,0,0,0,0.956,0.403,0.597,0,0,0.0,2,SEARCH_PHASE,-1.0696,-0.0889
32,0.249,-6.5177,7.5149,2.2337,-1.094,-0.072,1.4433,0.528,14.368,14.511,-15.4453,18.7729,0.2,0.0,0.0,0.0,-1.2084,-0.0981,1.584,1.9947,0.5322,0,0,0,0.953,0.402,0.598,0,0,0.0,2,SEARCH_PHASE,-1.094,-0.072
33,0.256,-6.5401,7.5138,2.2636,-1.119,-0.0565,1.4912,0.558,14.355,14.503,-15.4453,18.7729,0.2,0.0,0.0,0.0,-1.2453,-0.1288,1.632,2.0569,0.5426,0,0,0,0.95,0.393,0.607,0,0,0.0,2,SEARCH_PHASE,-1.119,-0.0565
34,0.264,-6.5628,7.5129,2.2944,-1.1395,-0.0439,1.5395,0.589,14.342,14.494,-15.4453,18.7729,0.2,0.0,0.0,0.0,-1.2568,-0.0821,1.68,2.0997,0.4927,0,0,0,0.735,0.374,0.626,0,0,0.0,2,SEARCH_PHASE,-1.1395,-0.0439
35,0.271,-6.586,7.5122,2.3261,-1.1599,-0.0327,1.5878,0.62,14.328,14.485,-15.4453,18.7729,0.2,0.0,0.0,0.0,-1.2683,-0.0355,1.7,2.1213,0.5364,0,0,0,0.731,0.373,0.627,0,0,0.0,2,SEARCH_PHASE,-1.1599,-0.0327
36,0.279,-6.6097,7.5117,2.3586,-1.1805,-0.0276,1.6256,0.653,14.314,14.476,-15.4453,18.7729,0.2,0.0,0.0,0.0,-1.2806,0.0108,1.7,2.1284,0.5179,0,0,0,0.73,0.366,0.634,0,0,0.0,2,SEARCH_PHASE,-1.1805,-0.0276
37,0.287,-6.6336,7.5112,2.3916,-1.1994,-0.0237,1.6496,0.686,14.299,14.466,-15.4453,18.7729,0.2,0.0,0.0,0.0,-1.292,0.0575,1.7,2.136,0.5282,0,0,0,0.725,0.362,0.638,0,0,0.0,2,SEARCH_PHASE,-1.1994,-0.0237
38,0.295,-6.6579,7.5108,2.4249,-1.2148,-0.0219,1.665,0.719,14.285,14.457,-15.4453,18.7729,0.2,0.0,0.0,0.0,-1.304,0.104,1.7,2.145,0.5639,0,0,0,0.725,0.366,0.634,0,0,0.0,2,SEARCH_PHASE,-1.2148,-0.0219
39,0.303,-6.6825,7.5103,2.4584,-1.2302,-0.0207,1.6746,0.753,14.27,14.448,-15.4453,18.7729,0.2,0.0,0.0,0.0,-1.3162,0.1504,1.7,2.1553,0.5311,0,0,0,0.723,0.368,0.632,0,0,0.0,2,SEARCH_PHASE,-1.2302,-0.0207
40,0.31,-6.7074,7.51,2.492,-1.2452,-0.0167,1.681,0.786,14.255,14.438,-15.4453,18.7729,0.2,0.0,0.0,0.0,-1.3309,0.1961,1.7,2.1679,0.5662,0,0,0,0.725,0.375,0.625,0,0,0.0,2,SEARCH_PHASE,-1.2452,-0.0167
41,0.318,-6.7326,7.5098,2.5257,-1.2587,-0.0122,1.6855,0.82,14.24,14.428,-15.4453,18.7729,0.2,0.0,0.0,0.0,-1.3455,0.2418,1.7,2.1815,0.5528,0,0,0,0.724,0.38,0.62,0,0,0.0,2,SEARCH_PHASE,-1.2587,-0.0122
42,0.326,-6.758,7.5097,2.5595,-1.2704,-0.004,1.6891,0.854,14.224,14.419,-15.4453,18.7729,0.2,0.0,0.0,0.0,-1.3629,0.2865,1.7,2.1976,0.5483,0,0,0,0.727,0.386,0.614,0,0,0.0,2,SEARCH_PHASE,-1.2704,-0.004
43,0.334,-6.7837,7.5098,2.5934,-1.2828,0.0073,1.692,0.888,14.208,14.409,-15.4453,18.7729,0.2,0.0,0.0,0.0,-1.3807,0.3311,1.7,2.215,0.5513,0,0,0,0.726,0.387,0.613,0,0,0.0,2,SEARCH_PHASE,-1.2828,0.0073
44,0.342,-6.8095,7.5103,2.6273,-1.2928,0.0216,1.6947,0.922,14.192,14.398,-15.4453,18.7729,0.2,0.0,0.0,0.0,-1.4023,0.374,1.7,2.2353,0.553,0,0,0,0.728,0.375,0.625,0,0,0.0,2,SEARCH_PHASE,-1.2928,0.0216
45,0.349,-6.8356,7.5111,2.6612,-1.3038,0.0395,1.6973,3.253,14.176,14.388,-15.4453,18.7729,0.2,0.0,0.0,0.0,-1.425,0.4163,1.7,2.257,0.5551,0,0,0,0.728,0.375,0.625,0,0,0.0,2,SEARCH_PHASE,-1.3038,0.0395
46,0.358,-6.8619,7.5123,2.6952,-1.3128,0.0615,1.6997,3.286,14.159,14.377,-15.4453,18.7729,0.2,0.0,0.0,0.0,-1.4493,0.4577,1.7,2.2803,0.5321,0,0,0,0.728,0.377,0.623,0,0,0.0,2,SEARCH_PHASE,-1.3128,0.0615
47,0.365,-6.8883,7.514,2.7292,-1.3236,0.0882,1.7016,3.32,14.142,14.366,-15.4453,18.7729,0.2,0.0,0.0,0.0,-1.4727,0.4995,1.7,2.304,0.5367,0,0,0,0.726,0.38,0.62,0,0,0.0,2,SEARCH_PHASE,-1.3236,0.0882
48,0.373,-6.915,7.5164,2.7633,-1.3338,0.1179,1.7036,3.354,14.124,14.354,-15.4453,18.7729,0.2,0.0,0.0,0.0,-1.4995,0.5394,1.7,2.3301,0.5284,0,0,0,0.726,0.383,0.617,0,0,0.0,2,SEARCH_PHASE,-1.3338,0.1179
49,0.381,-6.942,7.5194,2.7974,-1.3467,0.1512,1.7049,3.388,14.105,14.342,-15.4453,18.7729,0.2,0.0,0.0,0.0,-1.5263,0.5793,1.7,2.3569,0.5292,0,0,0,0.725,0.375,0.625,0,0,0.0,2,SEARCH_PHASE,-1.3467,0.1512
50,0.389,-6.9691,7.5232,2.8315,-1.3584,0.1878,1.7059,3.422,14.086,14.329,-15.4453,18.7729,0.2,0.0,0.0,0.0,-1.5513,0.6202,1.7,2.3835,0.5002,0,0,0,0.723,0.374,0.626,0,0,0.0,2,SEARCH_PHASE,-1.3584,0.1878
51,0.397,-6.9966,7.5277,2.8656,-1.3723,0.2279,1.706,3.456,14.065,14.316,-15.4453,18.7729,0.2,0.0,0.0,0.0,-1.5801,0.6586,1.7,2.4126,0.5364,0,0,0,0.724,0.372,0.628,0,0,0.0,2,SEARCH_PHASE,-1.3723,0.2279
52,0.405,-7.0243,7.5331,2.8998,-1.3872,0.2696,1.7066,3.49,14.044,14.302,-15.4453,18.7729,0.2,0.0,0.0,0.0,-1.6057,0.6992,1.7,2.4407,0.492,0,0,0,0.721,0.368,0.632,0,0,0.0,2,SEARCH_PHASE,-1.3872,0.2696
53,0.412,-7.0524,7.5395,2.9339,-1.4033,0.3161,1.7061,3.524,14.023,14.287,-15.4453,18.7729,0.2,0.0,0.0,0.0,-1.6346,0.7375,1.7,2.471,0.5299,0,0,0,0.721,0.373,0.627,0,0,0.0,2,SEARCH_PHASE,-1.4033,0.3161
54,0.42,-7.0808,7.5467,2.968,-1.4207,0.3638,1.7057,3.558,14.0,14.271,-15.4453,18.7729,0.2,0.0,0.0,0.0,-1.6587,0.779,1.7,2.4996,0.4848,0,0,0,0.718,0.371,0.629,0,0,0.0,2,SEARCH_PHASE,-1.4207,0.3638
55,0.428,-7.1096,7.555,3.0021,-1.4398,0.416,1.7037,3.592,13.976,14.254,-15.4453,18.7729,0.2,0.0,0.0,0.0,-1.6812,0.8214,1.7,2.5281,0.4811,0,0,0,0.716,0.367,0.633,0,0,0.0,2,SEARCH_PHASE,-1.4398,0.416
56,0.435,-7.1388,7.5644,3.0361,-1.4608,0.4693,1.7019,3.625,13.951,14.236,-15.4453,18.7729,0.2,0.0,0.0,0.0,-1.6947,0.8675,1.7,2.5524,0.4776,0,0,0,0.711,0.363,0.637,0,0,0.0,2,SEARCH_PHASE,-1.4608,0.4693
57,0.443,-7.1685,7.5749,3.0701,-1.4822,0.5234,1.7,3.659,13.925,14.218,-15.4453,18.7729,0.2,0.0,0.0,0.0,-1.7061,0.9141,1.7,2.5761,0.4752,0,0,0,0.709,0.361,0.639,0,0,0.0,2,SEARCH_PHASE,-1.4822,0.5234
58,0.451,-7.1986,7.5865,3.1041,-1.508,0.5783,1.6972,3.693,13.898,14.198,-15.4453,18.7729,0.2,0.0,0.0,0.0,-1.7081,0.9621,1.7,2.5948,0.4297,0,0,0,0.703,0.353,0.647,0,0,0.0,2,SEARCH_PHASE,-1.508,0.5783
59,0.458,-7.2293,7.5991,3.1379,-1.5344,0.6338,1.6942,3.727,13.869,14.177,-15.4453,18.7729,0.2,0.0,0.0,0.0,-1.7093,1.01,1.7,2.6138,0.4747,0,0,0,0.701,0.356,0.644,0,0,0.0,2,SEARCH_PHASE,-1.5344,0.6338
60,0.466,-7.2605,7.6129,3.1718,-1.5618,0.6866,1.6916,3.761,13.84,14.155,-15.4453,18.7729,0.2,0.0,0.0,0.0,-1.7062,1.0579,1.7,2.6307,0.4397,0,0,0,0.698,0.354,0.646,0,0,0.0,2,SEARCH_PHASE,-1.5618,0.6866
61,0.474,-7.2923,7.6277,3.2056,-1.59,0.7405,1.6886,3.796,13.809,14.132,-15.4453,18.7729,0.2,0.0,0.0,0.0,-1.7054,1.1059,1.7,2.6498,0.4668,0,0,0,0.697,0.349,0.651,0,0,0.0,2,SEARCH_PHASE,-1.59,0.7405
62,0.482,-7.3247,7.6435,3.2393,-1.6179,0.7929,1.6862,3.831,13.777,14.108,-15.4453,18.7729,0.2,0.0,0.0,0.0,-1.6997,1.1536,1.7,2.6664,0.4194,0,0,0,0.694,0.351,0.649,0,0,0.0,2,SEARCH_PHASE,-1.6179,0.7929
63,0.489,-7.3576,7.6605,3.2729,-1.6441,0.8461,1.6837,3.866,13.744,14.083,-15.4453,18.7729,0.2,0.0,0.0,0.0,-1.696,1.2015,1.7,2.6851,0.4605,0,0,0,0.693,0.345,0.655,0,0,0.0,2,SEARCH_PHASE,-1.6441,0.8461
64,0.497,-7.3909,7.6784,3.3066,-1.6686,0.8969,1.6827,3.901,13.71,14.057,-15.4453,18.7729,0.2,0.0,0.0,0.0,-1.6877,1.2487,1.7,2.7014,0.4134,0,0,0,0.69,0.346,0.654,0,0,0.0,2,SEARCH_PHASE,-1.6686,0.8969
65,0.505,-7.4248,7.6974,3.3402,-1.6914,0.9486,1.6817,3.936,13.675,14.031,-15.4453,18.7729,0.2,0.0,0.0,0.0,-1.6804,1.2962,1.652,2.6894,0.4485,0,0,0,0.689,0.348,0.652,0,0,0.0,2,SEARCH_PHASE,-1.6914,0.9486
66,0.512,-7.459,7.7172,3.3735,-1.7103,0.9933,1.665,3.97,13.639,14.003,-15.4453,18.7729,0.2,0.0,0.0,0.0,-1.684,1.3441,1.7,2.7445,0.4498,0,0,0,0.692,0.346,0.654,0,0,0.0,2,SEARCH_PHASE,-1.7103,0.9933
67,0.52,-7.4936,7.7381,3.4069,-1.7303,1.0445,1.6704,4.005,13.601,13.974,-15.4453,18.7729,0.2,0.0,0.0,0.0,-1.6887,1.3918,1.7,2.7711,0.4376,0,0,0,0.691,0.348,0.652,0,0,0.0,2,SEARCH_PHASE,-1.7303,1.0445
68,0.527,-7.5285,7.7601,3.4404,-1.7449,1.0962,1.6739,4.04,13.563,13.945,-15.4453,18.7729,0.2,0.0,0.0,0.0,-1.6941,1.4395,1.7,2.7986,0.4152,0,0,0,0.69,0.348,0.652,0,0,0.0,2,SEARCH_PHASE,-1.7449,1.0962
69,0.535,-7.5636,7.783,3.474,-1.7579,1.148,1.6768,4.075,13.524,13.915,-15.4453,18.7729,0.2,0.0,0.0,0.0,-1.6646,1.4774,1.652,2.7717,0.4068,0,0,0,0.685,0.341,0.659,0,0,0.0,2,SEARCH_PHASE,-1.7579,1.148
70,0.543,-7.599,7.8069,3.5072,-1.7658,1.1937,1.6617,4.109,13.484,13.884,-15.4453,18.7729,0.2,0.0,0.0,0.0,-1.6345,1.5111,1.604,2.7437,0.407,0,0,0,0.683,0.342,0.658,0,0,0.0,2,SEARCH_PHASE,-1.7658,1.1937
71,0.551,-7.6344,7.8316,3.5399,-1.7734,1.2348,1.6347,4.142,13.443,13.852,-15.4453,18.7729,0.2,0.0,0.0,0.0,-1.6527,1.4891,1.556,2.7148,0.4277,0,0,0,0.685,0.342,0.658,0,0,0.0,2,SEARCH_PHASE,-1.7734,1.2348
72,0.558,-7.67,7.857,3.5719,-1.7778,1.2727,1.5997,4.175,13.402,13.82,-15.4453,18.7729,0.2,0.0,0.0,0.0,-1.6316,1.5101,1.508,2.6864,0.3816,0,0,0,0.684,0.349,0.651,0,0,0.0,2,SEARCH_PHASE,-1.7778,1.2727
73,0.566,-7.7055,7.8832,3.6031,-1.7784,1.3099,1.5601,4.207,13.36,13.787,-15.4453,18.7729,0.2,0.0,0.0,0.0,-1.6183,1.5223,1.46,2.6585,0.4013,0,0,0,0.682,0.351,0.649,0,0,0.0,2,SEARCH_PHASE,-1.7784,1.3099
74,0.574,-7.7411,7.9101,3.6334,-1.7752,1.3443,1.5178,4.238,13.317,13.753,-15.4453,18.7729,0.2,0.0,0.0,0.0,-1.5871,1.5527,1.412,2.6312,0.3669,0,0,0,0.68,0.35,0.65,0,0,0.0,2,SEARCH_PHASE,-1.7752,1.3443
75,0.582,-7.7764,7.9377,3.6629,-1.7694,1.3779,1.4743,4.269,13.275,13.719,-15.4453,18.7729,0.2,0.0,0.0,0.0,-1.588,1.5496,1.364,2.6045,0.4004,0,0,0,0.681,0.351,0.649,0,0,0.0,2,SEARCH_PHASE,-1.7694,1.3779
76,0.59,-7.8116,7.9659,3.6915,-1.7602,1.4085,1.429,4.298,13.231,13.684,-15.4453,18.7729,0.2,0.0,0.0,0.0,-1.5567,1.579,1.316,2.5784,0.3569,0,0,0,0.678,0.349,0.651,0,0,0.0,2,SEARCH_PHASE,-1.7602,1.4085
77,0.597,-7.8466,7.9946,3.7192,-1.7479,1.4392,1.3833,4.327,13.188,13.649,-15.4453,18.7729,0.2,0.0,0.0,0.0,-1.5381,1.595,1.268,2.553,0.3799,0,0,0,0.677,0.346,0.654,0,0,0.0,2,SEARCH_PHASE,-1.7479,1.4392
78,0.605,-7.8812,8.024,3.7459,-1.7325,1.4675,1.3373,4.355,13.144,13.614,-15.4453,18.7729,0.2,0.0,0.0,0.0,-1.5023,1.627,1.22,2.5283,0.3327,0,0,0,0.674,0.339,0.661,0,0,0.0,2,SEARCH_PHASE,-1.7325,1.4675
79,0.614,-7.9155,8.0539,3.7717,-1.7149,1.4953,1.2915,4.383,13.099,13.578,-15.4453,18.7729,0.2,0.0,0.0,0.0,-1.4742,1.6502,1.172,2.504,0.3668,0,0,0,0.673,0.342,0.658,0,0,0.0,2,SEARCH_PHASE,-1.7149,1.4953
80,0.622,-7.9494,8.0843,3.7967,-1.6949,1.5199,1.2454,4.41,13.055,13.541,-15.4453,18.7729,0.2,0.0,0.0,0.0,-1.4548,1.6653,1.124,2.4805,0.3527,0,0,0,0.671,0.34,0.66,0,0,0.0,2,SEARCH_PHASE,-1.6949,1.5199
81,0.63,-7.9829,8.1152,3.8206,-1.6728,1.5437,1.1986,4.436,13.011,13.505,-15.4453,18.7729,0.2,0.0,0.0,0.0,-1.4209,1.6923,1.076,2.4578,0.3505,0,0,0,0.668,0.339,0.661,0,0,0.0,2,SEARCH_PHASE,-1.6728,1.5437
82,0.639,-8.0159,8.1465,3.8437,-1.6482,1.5668,1.1522,4.463,12.966,13.468,-15.4453,18.7729,0.2,0.0,0.0,0.0,-1.4099,1.6995,1.028,2.4358,0.3471,0,0,0,0.668,0.339,0.661,0,0,0.0,2,SEARCH_PHASE,-1.6482,1.5668
83,0.647,-8.0483,8.1783,3.8658,-1.6233,1.5888,1.1051,4.489,12.921,13.431,-15.4453,18.7729,0.2,0.0,0.0,0.0,-1.3774,1.724,0.98,2.4145,0.3365,0,0,0,0.665,0.337,0.663,0,0,0.0,2,SEARCH_PHASE,-1.6233,1.5888
84,0.654,-8.0802,8.2105,3.8869,-1.5958,1.6105,1.0577,4.514,12.877,13.394,-15.4453,18.7729,0.2,0.0,0.0,0.0,-1.373,1.7255,0.932,2.394,0.3526,0,0,0,0.665,0.338,0.662,0,0,0.0,2,SEARCH_PHASE,-1.5958,1.6105
85,0.662,-8.1116,8.2431,3.9071,-1.5683,1.6312,1.0096,4.539,12.832,13.357,-15.4453,18.7729,0.2,0.0,0.0,0.0,-1.348,1.7432,0.884,2.3743,0.3347,0,0,0,0.663,0.334,0.666,0,0,0.0,2,SEARCH_PHASE,-1.5683,1.6312
86,0.67,-8.1424,8.2761,3.9263,-1.5383,1.6516,0.9609,4.562,12.787,13.319,-15.4453,18.7728,0.2,0.0003,-0.0068,0.0,-1.3308,1.7485,0.836,2.351,0.3389,0,0,0,0.661,0.334,0.666,0,0,0.0,2,SEARCH_PHASE,-1.5386,1.6584
87,0.678,-8.1725,8.3096,3.9446,-1.508,1.6712,0.912,4.585,12.742,13.281,-15.4452,18.772,0.2,0.0016,-0.0383,0.0,-1.3003,1.7417,0.788,2.312,0.3086,0,0,0,0.656,0.328,0.672,0,0,0.0,2,SEARCH_PHASE,-1.5096,1.7095
88,0.686,-8.2021,8.3434,3.9618,-1.4768,1.6899,0.8634,4.606,12.696,13.242,-15.4452,18.7706,0.2,0.003,-0.0715,0.0,-1.2873,1.7201,0.74,2.2723,0.3418,0,0,0,0.654,0.328,0.672,0,0,0.0,2,SEARCH_PHASE,-1.4798,1.7615
89,0.694,-8.231,8.3775,3.9781,-1.4459,1.7063,0.8143,4.627,12.65,13.202,-15.4451,18.7685,0.2,0.0043,-0.1043,0.0,-1.2663,1.7046,0.692,2.2333,0.2958,0,0,0,0.649,0.32,0.68,0,0,0.0,2,SEARCH_PHASE,-1.4502,1.8106
90,0.701,-8.2593,8.4119,3.9934,-1.4149,1.7222,0.7652,4.646,12.603,13.162,-15.445,18.7658,0.2,0.0057,-0.1365,0.0,-1.254,1.683,0.644,2.1954,0.3125,0,0,0,0.644,0.313,0.687,0,0,0.0,2,SEARCH_PHASE,-1.4206,1.8587
91,0.709,-8.287,8.4466,4.0078,-1.3832,1.735,0.7157,4.664,12.556,13.121,-15.4448,18.7624,0.2,0.007,-0.1683,0.0,-1.2449,1.6596,0.596,2.1585,0.2871,0,0,0,0.638,0.303,0.697,0,0,0.0,2,SEARCH_PHASE,-1.3901,1.9033
92,0.717,-8.314,8.4815,4.0211,-1.352,1.7457,0.6673,4.678,12.508,13.079,-15.4447,18.7584,0.2,0.0083,-0.1995,0.0,-1.2428,1.6317,0.548,2.1231,0.3188,0,0,0,0.633,0.299,0.701,0,0,0.0,2,SEARCH_PHASE,-1.3603,1.9452
93,0.725,-8.3404,8.5166,4.0335,-1.3211,1.7519,0.6186,4.69,12.461,13.037,-15.4445,18.7538,0.2,0.0096,-0.2303,0.0,-1.2409,1.6042,0.5,2.0888,0.3031,0,0,0,0.625,0.291,0.709,0,0,0.0,2,SEARCH_PHASE,-1.3307,1.9822
94,0.732,-8.3662,8.5517,4.0449,-1.2911,1.7561,0.57,4.702,12.413,12.995,-15.4443,18.7486,0.2,0.0108,-0.2606,0.0,-1.2391,1.5769,0.452,2.0558,0.2832,0,0,0,0.614,0.293,0.707,0,0,0.0,2,SEARCH_PHASE,-1.3019,2.0167
95,0.74,-8.3915,8.5868,4.0553,-1.2621,1.7569,0.5226,4.713,12.365,12.952,-15.444,18.7428,0.2,0.0121,-0.2903,0.0,-1.2375,1.55,0.404,2.0241,0.3155,0,0,0,0.607,0.281,0.719,0,0,0.0,2,SEARCH_PHASE,-1.2742,2.0472
96,0.748,-8.4162,8.6219,4.0648,-1.2357,1.7529,0.476,4.722,12.316,12.908,-15.4438,18.7364,0.2,0.0133,-0.3196,0.0,-1.236,1.5235,0.356,1.9938,0.2914,0,0,0,0.593,0.269,0.731,0,0,0.0,2,SEARCH_PHASE,-1.249,2.0725
97,0.756,-8.4404,8.6568,4.0734,-1.211,1.7458,0.4299,4.731,12.268,12.865,-15.4435,18.7294,0.2,0.0145,-0.3483,0.0,-1.2345,1.4973,0.308,1.9649,0.3294,0,0,0,0.583,0.258,0.742,0,0,0.0,2,SEARCH_PHASE,-1.2254,2.0941
98,0.763,-8.4642,8.6915,4.0811,-1.189,1.7341,0.3842,4.739,12.219,12.821,-15.4432,18.7219,0.2,0.0156,-0.3766,0.0,-1.2332,1.4714,0.26,1.9374,0.2887,0,0,0,0.566,0.259,0.741,0,0,0.0,2,SEARCH_PHASE,-1.2046,2.1107
99,0.771,-8.4876,8.7259,4.0879,-1.1697,1.7197,0.3389,4.746,12.171,12.777,-15.4428,18.7138,0.2,0.0168,-0.4044,0.0,-1.232,1.446,0.212,1.9114,0.3309,0,0,0,0.553,0.248,0.752,0,0,0.0,2,SEARCH_PHASE,-1.1865,2.1241
100,0.779,-8.5106,8.7599,4.0938,-1.1526,1.7003,0.2932,4.754,12.123,12.733,-15.4425,18.7052,0.2,0.0179,-0.4316,0.0,-1.2309,1.4209,0.164,1.887,0.3133,0,0,0,0.532,0.228,0.772,0,0,0.0,2,SEARCH_PHASE,-1.1705,2.1319
101,0.787,-8.5334,8.7935,4.0987,-1.1382,1.6781,0.2471,4.761,12.074,12.688,-15.4421,18.696,0.2,0.019,-0.4584,0.0,-1.2298,1.3962,0.116,1.8642,0.3227,0,0,0,0.517,0.217,0.783,0,0,0.0,2,SEARCH_PHASE,-1.1573,2.1365
102,0.794,-8.556,8.8265,4.1027,-1.128,1.6519,0.2015,4.767,12.026,12.644,-15.4417,18.6863,0.2,0.0201,-0.4847,0.0,-1.2287,1.372,0.068,1.843,0.3546,0,0,0,0.504,0.225,0.775,0,0,0.0,2,SEARCH_PHASE,-1.1481,2.1366
103,0.803,-8.5784,8.859,4.1058,-1.1196,1.6226,0.1542,4.772,11.978,12.599,-15.4413,18.6761,0.2,0.0212,-0.5104,0.0,-1.2277,1.3481,0.02,1.8235,0.3168,0,0,0,0.483,0.208,0.792,0,0,0.0,2,SEARCH_PHASE,-1.1408,2.133
104,0.811,-8.6006,8.8908,4.108,-1.1134,1.5921,0.1078,4.776,11.93,12.554,-15.4408,18.6654,0.2,0.0223,-0.5357,0.0,-1.2267,1.3247,-0.028,1.8057,0.3511,0,0,0,0.47,0.194,0.806,0,0,0.0,2,SEARCH_PHASE,-1.1357,2.1279
105,0.818,-8.6228,8.922,4.1092,-1.1093,1.5587,0.0602,4.779,11.883,12.509,-15.4403,18.6542,0.2,0.0233,-0.5605,0.0,-1.2258,1.3017,-0.076,1.7896,0.3443,0,0,0,0.456,0.185,0.815,0,0,0.0,2,SEARCH_PHASE,-1.1326,2.1192
106,0.826,-8.645,8.9525,4.1094,-1.1077,1.5242,0.0122,4.781,11.835,12.464,-15.4399,18.6425,0.2,0.0243,-0.5848,0.0,-1.2248,1.2791,-0.124,1.7753,0.3697,0,0,0,0.449,0.176,0.824,0,0,0.0,2,SEARCH_PHASE,-1.132,2.109
107,0.833,-8.6671,8.9822,4.1087,-1.1077,1.4885,-0.0359,4.782,11.788,12.419,-15.4394,18.6303,0.2,0.0253,-0.6085,0.0,-1.2239,1.257,-0.172,1.7628,0.3268,0,0,0,0.432,0.185,0.815,0,0,0.0,2,SEARCH_PHASE,-1.1329,2.0971
108,0.842,-8.6893,9.0113,4.107,-1.1096,1.4534,-0.0841,4.782,11.74,12.374,-15.4388,18.6177,0.2,0.0262,-0.6318,0.0,-1.223,1.2353,-0.22,1.7521,0.3581,0,0,0,0.424,0.192,0.808,0,0,0.0,2,SEARCH_PHASE,-1.1358,2.0852
109,0.849,-8.7116,9.0396,4.1044,-1.1127,1.4163,-0.133,4.781,11.693,12.328,-15.4383,18.6046,0.2,0.0272,-0.6546,0.0,-1.222,1.2141,-0.268,1.7433,0.3639,0,0,0,0.422,0.182,0.818,0,0,0.0,2,SEARCH_PHASE,-1.1399,2.0709
110,0.857,-8.7339,9.0672,4.1007,-1.1176,1.3794,-0.1823,4.779,11.647,12.283,-15.4377,18.5911,0.2,0.0281,-0.6769,0.0,-1.221,1.1933,-0.316,1.7363,0.3493,0,0,0,0.411,0.179,0.821,0,0,0.0,2,SEARCH_PHASE,-1.1458,2.0562
111,0.865,-8.7564,9.0941,4.0961,-1.1224,1.3432,-0.2317,4.775,11.6,12.237,-15.4371,18.5771,0.2,0.029,-0.6986,0.0,-1.2201,1.173,-0.364,1.7312,0.3601,0,0,0,0.414,0.183,0.817,0,0,0.0,2,SEARCH_PHASE,-1.1514,2.0418
112,0.873,-8.779,9.1202,4.0905,-1.1293,1.3069,-0.2808,4.771,11.554,12.191,-15.4365,18.5627,0.2,0.0299,-0.7199,0.0,-1.2191,1.1531,-0.412,1.7279,0.3745,0,0,0,0.417,0.186,0.814,0,0,0.0,2,SEARCH_PHASE,-1.1592,2.0268
113,0.881,-8.8017,9.1456,4.0839,-1.1361,1.2715,-0.3304,4.765,11.507,12.145,-15.4359,18.5479,0.2,0.0308,-0.7407,0.0,-1.218,1.1337,-0.46,1.7264,0.363,0,0,0,0.425,0.178,0.822,0,0,0.0,2,SEARCH_PHASE,-1.1668,2.0121
114,0.889,-8.8246,9.1704,4.0763,-1.1441,1.2375,-0.379,4.758,11.461,12.099,-15.4353,18.5327,0.2,0.0316,-0.761,0.0,-1.217,1.1148,-0.508,1.7268,0.3656,0,0,0,0.431,0.183,0.817,0,0,0.0,2,SEARCH_PHASE,-1.1757,1.9985
115,0.898,-8.8476,9.1945,4.0677,-1.1517,1.2048,-0.4273,4.751,11.415,12.052,-15.4346,18.5171,0.2,0.0324,-0.7808,0.0,-1.2159,1.0963,-0.556,1.729,0.366,0,0,0,0.443,0.189,0.811,0,0,0.0,2,SEARCH_PHASE,-1.1841,1.9856
116,0.906,-8.8708,9.218,4.0582,-1.1598,1.1736,-0.4754,4.742,11.369,12.006,-15.434,18.5011,0.2,0.0332,-0.8,0.0,-1.2148,1.0782,-0.604,1.733,0.3523,0,0,0,0.444,0.189,0.811,0,0,0.0,2,SEARCH_PHASE,-1.193,1.9736
117,0.913,-8.8941,9.2408,4.0478,-1.1667,1.1441,-0.524,4.732,11.323,11.959,-15.4333,18.4847,0.2,0.034,-0.8188,0.0,-1.2137,1.0606,-0.652,1.7387,0.3656,0,0,0,0.456,0.196,0.804,0,0,0.0,2,SEARCH_PHASE,-1.2007,1.9629
118,0.922,-8.9176,9.2631,4.0363,-1.1748,1.1154,-0.5719,4.721,11.277,11.912,-15.4326,18.4679,0.2,0.0348,-0.8371,0.0,-1.2126,1.0435,-0.7,1.7462,0.3689,0,0,0,0.464,0.2,0.8,0,0,0.0,2,SEARCH_PHASE,-1.2096,1.9525
119,0.929,-8.9412,9.2849,4.0239,-1.1817,1.0884,-0.6201,4.71,11.231,11.864,-15.4319,18.4508,0.2,0.0355,-0.8549,0.0,-1.2115,1.0268,-0.748,1.7554,0.3773,0,0,0,0.48,0.213,0.787,0,0,0.0,2,SEARCH_PHASE,-1.2172,1.9433
120,0.938,-8.965,9.3062,4.0106,-1.1892,1.0632,-0.6674,4.697,11.186,11.817,-15.4312,18.4334,0.2,0.0362,-0.8722,0.0,-1.2103,1.0106,-0.796,1.7663,0.3598,0,0,0,0.486,0.218,0.782,0,0,0.0,2,SEARCH_PHASE,-1.2254,1.9354
121,0.945,-8.9889,9.327,3.9963,-1.1951,1.0406,-0.7145,4.683,11.14,11.769,-15.4304,18.4156,0.2,0.0369,-0.889,0.0,-1.2092,0.9948,-0.844,1.7788,0.3651,0,0,0,0.5,0.232,0.768,0,0,0.0,2,SEARCH_PHASE,-1.232,1.9295
122,0.953,-9.013,9.3474,3.981,-1.2012,1.0196,-0.7619,4.668,11.094,11.721,-15.4297,18.3975,0.2,0.0376,-0.9053,0.0,-1.208,0.9794,-0.892,1.7928,0.3517,0,0,0,0.505,0.225,0.775,0,0,0.0,2,SEARCH_PHASE,-1.2388,1.9249
123,0.96,-9.0371,9.3674,3.9648,-1.2053,1.0009,-0.8094,4.653,11.048,11.672,-15.4289,18.3791,0.2,0.0383,-0.921,0.0,-1.2069,0.9645,-0.94,1.8084,0.3678,0,0,0,0.519,0.229,0.771,0,0,0.0,2,SEARCH_PHASE,-1.2436,1.9219
124,0.968,-9.0613,9.3871,3.9477,-1.2098,0.9833,-0.8561,4.636,11.003,11.623,-15.4281,18.3604,0.2,0.0389,-0.9363,0.0,-1.2057,0.95,-0.988,1.8255,0.3569,0,0,0,0.525,0.234,0.766,0,0,0.0,2,SEARCH_PHASE,-1.2487,1.9196
125,0.975,-9.0855,9.4064,3.9297,-1.2123,0.9679,-0.9032,4.618,10.957,11.574,-15.4273,18.3413,0.2,0.0395,-0.9511,0.0,-1.2046,0.9359,-1.036,1.844,0.3542,0,0,0,0.533,0.238,0.762,0,0,0.0,2,SEARCH_PHASE,-1.2518,1.919
126,0.983,-9.1098,9.4255,3.9107,-1.215,0.9537,-0.9501,4.6,10.911,11.525,-15.4265,18.322,0.2,0.0401,-0.9654,0.0,-1.2034,0.9223,-1.084,1.8639,0.3428,0,0,0,0.535,0.241,0.759,0,0,0.0,2,SEARCH_PHASE,-1.2551,1.9192
127,0.991,-9.1341,9.4443,3.8907,-1.216,0.9407,-0.9971,4.58,10.865,11.475,-15.4257,18.3024,0.2,0.0407,-0.9792,0.0,-1.2023,0.9091,-1.132,1.8851,0.3583,0,0,0,0.544,0.25,0.75,0,0,0.0,2,SEARCH_PHASE,-1.2567,1.9199
128,0.998,-9.1585,9.4629,3.8698,-1.2175,0.928,-1.0443,4.559,10.819,11.425,-15.4249,18.2826,0.2,0.0412,-0.9925,0.0,-1.2012,0.8963,-1.18,1.9075,0.347,0,0,0,0.547,0.25,0.75,0,0,0.0,2,SEARCH_PHASE,-1.2587,1.9205
129,1.006,-9.1828,9.4812,3.848,-1.2171,0.9165,-1.0915,4.538,10.773,11.374,-15.4241,18.2625,0.2,0.0418,-1.0053,0.0,-1.2001,0.884,-1.228,1.9312,0.3626,0,0,0,0.557,0.257,0.743,0,0,0.0,2,SEARCH_PHASE,-1.2588,1.9218
130,1.013,-9.2072,9.4993,3.8252,-1.2168,0.9055,-1.1387,4.515,10.727,11.323,-15.4232,18.2421,0.2,0.0423,-1.0176,0.0,-1.199,0.872,-1.276,1.9561,0.3514,0,0,0,0.561,0.262,0.738,0,0,0.0,2,SEARCH_PHASE,-1.2591,1.9231
131,1.021,-9.2314,9.5172,3.8015,-1.2144,0.8958,-1.1863,4.491,10.681,11.272,-15.4224,18.2216,0.2,0.0428,-1.0294,0.0,-1.198,0.8605,-1.324,1.9821,0.3389,0,0,0,0.565,0.265,0.735,0,0,0.0,2,SEARCH_PHASE,-1.2572,1.9252
132,1.028,-9.2557,9.535,3.7768,-1.2119,0.8867,-1.2344,4.466,10.635,11.221,-15.4215,18.2007,0.2,0.0432,-1.0407,0.0,-1.197,0.8494,-1.372,2.0091,0.3591,0,0,0,0.57,0.271,0.729,0,0,0.0,2,SEARCH_PHASE,-1.2551,1.9274
133,1.036,-9.2798,9.5525,3.7512,-1.2082,0.8772,-1.2815,4.44,10.59,11.169,-15.4206,18.1797,0.2,0.0437,-1.0515,0.0,-1.196,0.8387,-1.42,2.0372,0.3223,0,0,0,0.569,0.267,0.733,0,0,0.0,2,SEARCH_PHASE,-1.2518,1.9287
134,1.043,-9.3039,9.5699,3.7246,-1.2044,0.8685,-1.3288,4.414,10.544,11.117,-15.4198,18.1585,0.2,0.0441,-1.0618,0.0,-1.1951,0.8284,-1.468,2.0663,0.3569,0,0,0,0.573,0.273,0.727,0,0,0.0,2,SEARCH_PHASE,-1.2485,1.9303
135,1.051,-9.3279,9.587,3.6971,-1.2001,0.8584,-1.3765,4.386,10.498,11.065,-15.4189,18.137,0.2,0.0445,-1.0716,0.0,-1.1942,0.8185,-1.5,2.0847,0.3337,0,0,0,0.572,0.271,0.729,0,0,0.0,2,SEARCH_PHASE,-1.2446,1.93
136,1.058,-9.3518,9.604,3.6687,-1.1958,0.8485,-1.418,4.355,10.452,11.012,-15.418,18.1154,0.2,0.0449,-1.0809,0.0,-1.1933,0.8091,-1.5,2.0805,0.3691,0,0,0,0.577,0.279,0.721,0,0,0.0,2,SEARCH_PHASE,-1.2407,1.9294
137,1.066,-9.3757,9.6208,3.6398,-1.1913,0.8371,-1.4441,4.324,10.406,10.96,-15.4171,18.0936,0.2,0.0453,-1.0897,0.0,-1.1924,0.8001,-1.5,2.0765,0.3271,0,0,0,0.576,0.276,0.724,0,0,0.0,2,SEARCH_PHASE,-1.2365,1.9268
138,1.073,-9.3994,9.6373,3.6106,-1.1874,0.8267,-1.4604,4.292,10.36,10.907,-15.4161,18.0717,0.2,0.0456,-1.098,0.0,-1.1916,0.7914,-1.5,2.0728,0.3652,0,0,0,0.58,0.279,0.721,0,0,0.0,2,SEARCH_PHASE,-1.233,1.9247
139,1.081,-9.4231,9.6536,3.5812,-1.1833,0.8145,-1.4708,4.26,10.315,10.855,-15.4152,18.0496,0.2,0.0458,-1.1015,0.0,-1.191,0.7869,-1.5,2.0707,0.3266,0,0,0,0.58,0.28,0.72,0,0,0.0,2,SEARCH_PHASE,-1.2291,1.916
140,1.089,-9.4467,9.6696,3.5517,-1.18,0.8036,-1.4772,4.229,10.27,10.803,-15.4143,18.0276,0.2,0.0458,-1.1015,0.0,-1.1904,0.7854,-1.5,2.0698,0.3656,0,0,0,0.584,0.284,0.716,0,0,0.0,2,SEARCH_PHASE,-1.2258,1.9051
141,1.096,-9.4702,9.6855,3.522,-1.1763,0.791,-1.4816,4.197,10.225,10.751,-15.4134,18.0056,0.2,0.0458,-1.1015,0.0,-1.1899,0.7839,-1.5,2.0689,0.3385,0,0,0,0.585,0.285,0.715,0,0,0.0,2,SEARCH_PHASE,-1.222,1.8925
142,1.104,-9.4937,9.7011,3.4924,-1.1731,0.7798,-1.4842,4.165,10.18,10.699,-15.4125,17.9835,0.2,0.0458,-1.1015,0.0,-1.1893,0.7824,-1.5,2.068,0.3777,0,0,0,0.592,0.288,0.712,0,0,0.0,2,SEARCH_PHASE,-1.2188,1.8813
143,1.112,-9.5171,9.7164,3.4626,-1.1695,0.768,-1.4858,4.133,10.135,10.648,-15.4116,17.9615,0.2,0.0458,-1.1015,0.0,-1.1888,0.7809,-1.5,2.0671,0.3328,0,0,0,0.592,0.287,0.713,0,0,0.0,2,SEARCH_PHASE,-1.2153,1.8695
144,1.121,-9.5404,9.7316,3.4329,-1.1667,0.7586,-1.4869,4.101,10.091,10.596,-15.4107,17.9395,0.2,0.0458,-1.1015,0.0,-1.1882,0.7794,-1.5,2.0662,0.372,0,0,0,0.598,0.283,0.717,0,0,0.0,2,SEARCH_PHASE,-1.2124,1.8601
145,1.128,-9.5637,9.7466,3.4031,-1.1634,0.7482,-1.4876,4.069,10.047,10.545,-15.4097,17.9175,0.2,0.0458,-1.1015,0.0,-1.1876,0.778,-1.5,2.0654,0.3352,0,0,0,0.598,0.286,0.714,0,0,0.0,2,SEARCH_PHASE,-1.2091,1.8497
146,1.137,-9.5869,9.7614,3.3734,-1.1607,0.7399,-1.488,4.038,10.003,10.494,-15.4088,17.8954,0.2,0.0458,-1.1015,0.0,-1.1871,0.7765,-1.5,2.0645,0.3742,0,0,0,0.604,0.289,0.711,0,0,0.0,2,SEARCH_PHASE,-1.2065,1.8414
147,1.144,-9.61,9.776,3.3436,-1.158,0.7309,-1.4882,4.006,9.959,10.443,-15.4079,17.8734,0.2,0.0458,-1.1015,0.0,-1.1865,0.7751,-1.5,2.0636,0.3355,0,0,0,0.606,0.29,0.71,0,0,0.0,2,SEARCH_PHASE,-1.2037,1.8324
148,1.153,-9.6332,9.7905,3.3139,-1.1562,0.7242,-1.4882,3.974,9.915,10.393,-15.407,17.8514,0.2,0.0458,-1.1015,0.0,-1.1859,0.7737,-1.5,2.0627,0.3743,0,0,0,0.612,0.294,0.706,0,0,0.0,2,SEARCH_PHASE,-1.202,1.8257
149,1.16,-9.6562,9.8048,3.2841,-1.1541,0.7168,-1.4882,3.942,9.872,10.342,-15.4061,17.8293,0.2,0.0458,-1.1015,0.0,-1.1853,0.7722,-1.5,2.0619,0.3292,0,0,0,0.613,0.294,0.706,0,0,0.0,2,SEARCH_PHASE,-1.1999,1.8184
150,1.168,-9.6793,9.819,3.2543,-1.1528,0.7119,-1.4882,3.91,9.828,10.292,-15.4052,17.8073,0.2,0.0458,-1.1015,0.0,-1.1847,0.7708,-1.5,2.061,0.3678,0,0,0,0.618,0.3,0.7,0,0,0.0,2,SEARCH_PHASE,-1.1985,1.8134
151,1.176,-9.7023,9.8332,3.2246,-1.1509,0.706,-1.4883,3.879,9.785,10.242,-15.4043,17.7853,0.2,0.0458,-1.1015,0.0,-1.1841,0.7694,-1.5,2.0601,0.3436,0,0,0,0.622,0.3,0.7,0,0,0.0,2,SEARCH_PHASE,-1.1967,1.8075
152,1.185,-9.7253,9.8472,3.1948,-1.1498,0.702,-1.4881,3.847,9.742,10.192,-15.4033,17.7632,0.2,0.0458,-1.1015,0.0,-1.1836,0.768,-1.5,2.0593,0.382,0,0,0,0.631,0.31,0.69,0,0,0.0,2,SEARCH_PHASE,-1.1955,1.8035
153,1.193,-9.7483,9.8612,3.165,-1.1485,0.6983,-1.4878,3.815,9.699,10.142,-15.4024,17.7412,0.2,0.0458,-1.1015,0.0,-1.183,0.7666,-1.5,2.0584,0.3369,0,0,0,0.633,0.312,0.688,0,0,0.0,2,SEARCH_PHASE,-1.1942,1.7998
154,1.201,-9.7712,9.8751,3.1353,-1.1481,0.6978,-1.4876,3.784,9.656,10.092,-15.4015,17.7192,0.2,0.0458,-1.1015,0.0,-1.1824,0.7652,-1.5,2.0576,0.375,0,0,0,0.642,0.313,0.687,0,0,0.0,2,SEARCH_PHASE,-1.1939,1.7994
155,1.208,-9.7942,9.8891,3.1055,-1.1476,0.6972,-1.4874,3.754,9.612,10.042,-15.4006,17.6972,0.2,0.0458,-1.1015,0.0,-1.1818,0.7638,-1.5,2.0567,0.33,0,0,0,0.644,0.318,0.682,0,0,0.0,2,SEARCH_PHASE,-1.1934,1.7987
156,1.217,-9.8172,9.903,3.0758,-1.148,0.6994,-1.4873,3.725,9.569,9.992,-15.3997,17.6751,0.2,0.0458,-1.1015,0.0,-1.1812,0.7624,-1.5,2.0558,0.3678,0,0,0,0.652,0.321,0.679,0,0,0.0,2,SEARCH_PHASE,-1.1937,1.8009
157,1.225,-9.8401,9.9171,3.0461,-1.1481,0.7011,-1.4872,3.695,9.526,9.942,-15.3988,17.6531,0.2,0.0458,-1.1015,0.0,-1.1806,0.761,-1.5,2.055,0.3229,0,0,0,0.653,0.325,0.675,0,0,0.0,2,SEARCH_PHASE,-1.1938,1.8026
158,1.232,-9.8631,9.9312,3.0163,-1.149,0.7051,-1.4872,3.666,9.483,9.892,-15.3978,17.6311,0.2,0.0458,-1.1015,0.0,-1.1801,0.7595,-1.452,2.0194,0.3603,0,0,0,0.66,0.33,0.67,0,0,0.0,2,SEARCH_PHASE,-1.1947,1.8066
159,1.24,-9.8861,9.9453,2.9869,-1.1499,0.7086,-1.4701,3.637,9.439,9.842,-15.3969,17.609,0.2,0.0458,-1.1015,0.0,-1.1795,0.7581,-1.404,1.9842,0.3178,0,0,0,0.66,0.328,0.672,0,0,0.0,2,SEARCH_PHASE,-1.1956,1.8101
160,1.247,-9.9091,9.9596,2.9581,-1.1518,0.7147,-1.4411,3.608,9.396,9.792,-15.396,17.587,0.2,0.0458,-1.1015,0.0,-1.179,0.7567,-1.356,1.9497,0.3611,0,0,0,0.666,0.333,0.667,0,0,0.0,2,SEARCH_PHASE,-1.1976,1.8162
161,1.255,-9.9322,9.974,2.93,-1.1534,0.7194,-1.4051,3.581,9.352,9.743,-15.3951,17.565,0.2,0.0458,-1.1015,0.0,-1.1784,0.7552,-1.308,1.9157,0.3155,0,0,0,0.665,0.33,0.67,0,0,0.0,2,SEARCH_PHASE,-1.1992,1.8209
162,1.263,-9.9553,9.9886,2.9027,-1.156,0.7264,-1.3649,3.554,9.309,9.693,-15.3942,17.5429,0.2,0.0458,-1.1015,0.0,-1.1779,0.7538,-1.26,1.8823,0.3598,0,0,0,0.67,0.336,0.664,0,0,0.0,2,SEARCH_PHASE,-1.2018,1.8279
163,1.27,-9.9785,10.0032,2.8762,-1.158,0.7312,-1.322,3.527,9.265,9.644,-15.3933,17.5209,0.2,0.0458,-1.1015,0.0,-1.1773,0.7523,-1.212,1.8496,0.3132,0,0,0,0.669,0.331,0.669,0,0,0.0,2,SEARCH_PHASE,-1.2038,1.8327
164,1.278,-10.0017,10.0179,2.8507,-1.1609,0.7379,-1.2773,3.502,9.221,9.594,-15.3924,17.4989,0.2,0.0458,-1.1015,0.0,-1.1768,0.7508,-1.164,1.8175,0.3579,0,0,0,0.673,0.337,0.663,0,0,0.0,2,SEARCH_PHASE,-1.2067,1.8394
165,1.286,-10.025,10.0328,2.8261,-1.1631,0.7418,-1.2315,3.478,9.177,9.545,-15.3914,17.4768,0.2,0.0458,-1.1015,0.0,-1.1763,0.7493,-1.116,1.7862,0.3107,0,0,0,0.67,0.33,0.67,0,0,0.0,2,SEARCH_PHASE,-1.2088,1.8433
166,1.293,-10.0483,10.0477,2.8024,-1.1661,0.7471,-1.1851,3.455,9.133,9.496,-15.3905,17.4548,0.2,0.0458,-1.1015,0.0,-1.1757,0.7478,-1.068,1.7556,0.3556,0,0,0,0.673,0.334,0.666,0,0,0.0,2,SEARCH_PHASE,-1.2118,1.8486
167,1.301,-10.0716,10.0627,2.7796,-1.1683,0.749,-1.1382,3.432,9.088,9.447,-15.3896,17.4328,0.2,0.0458,-1.1015,0.0,-1.1752,0.7463,-1.02,1.7258,0.313,0,0,0,0.671,0.331,0.669,0,0,0.0,2,SEARCH_PHASE,-1.214,1.8505
168,1.308,-10.0951,10.0777,2.7578,-1.1712,0.7517,-1.091,3.411,9.044,9.399,-15.3887,17.4108,0.2,0.0458,-1.1015,0.0,-1.1747,0.7448,-0.972,1.6969,0.358,0,0,0,0.674,0.332,0.668,0,0,0.0,2,SEARCH_PHASE,-1.2169,1.8532
169,1.316,-10.1185,10.0927,2.7369,-1.1731,0.7511,-1.0436,3.39,9.0,9.351,-15.3878,17.3887,0.2,0.0458,-1.1015,0.0,-1.1742,0.7433,-0.924,1.6688,0.3176,0,0,0,0.672,0.33,0.67,0,0,0.0,2,SEARCH_PHASE,-1.2188,1.8526
170,1.324,-10.142,10.1078,2.717,-1.1754,0.7513,-0.9961,3.37,8.955,9.302,-15.3869,17.3667,0.2,0.0458,-1.1015,0.0,-1.1736,0.7418,-0.876,1.6417,0.3627,0,0,0,0.675,0.335,0.665,0,0,0.0,2,SEARCH_PHASE,-1.2211,1.8528
171,1.331,-10.1656,10.1227,2.698,-1.1763,0.7483,-0.9485,3.352,8.911,9.255,-15.3859,17.3447,0.2,0.0458,-1.1015,0.0,-1.1731,0.7404,-0.828,1.6155,0.3144,0,0,0,0.672,0.332,0.668,0,0,0.0,2,SEARCH_PHASE,-1.222,1.8498
172,1.339,-10.1891,10.1377,2.68,-1.1772,0.7464,-0.9008,3.333,8.867,9.207,-15.385,17.3226,0.2,0.0458,-1.1015,0.0,-1.1725,0.7389,-0.78,1.5903,0.3597,0,0,0,0.675,0.332,0.668,0,0,0.0,2,SEARCH_PHASE,-1.2229,1.8479
173,1.346,-10.2126,10.1525,2.6629,-1.1766,0.7408,-0.8535,3.314,8.823,9.16,-15.3841,17.3006,0.2,0.0458,-1.1015,0.0,-1.172,0.7374,-0.732,1.5662,0.3482,0,0,0,0.676,0.334,0.666,0,0,0.0,2,SEARCH_PHASE,-1.2224,1.8424
174,1.354,-10.2362,10.1672,2.6468,-1.176,0.7358,-0.8061,3.296,8.779,9.113,-15.3832,17.2786,0.2,0.0458,-1.1015,0.0,-1.1715,0.7358,-0.684,1.5433,0.3783,0,0,0,0.681,0.337,0.663,0,0,0.0,2,SEARCH_PHASE,-1.2218,1.8374
175,1.361,-10.2597,10.1818,2.6317,-1.1743,0.7304,-0.7582,3.278,8.735,9.067,-15.3823,17.2565,0.2,0.0458,-1.1015,0.0,-1.1709,0.7345,-0.636,1.5215,0.328,0,0,0,0.679,0.336,0.664,0,0,0.0,2,SEARCH_PHASE,-1.22,1.8319
176,1.369,-10.2831,10.1964,2.6174,-1.1736,0.7273,-0.7104,3.262,8.691,9.021,-15.3814,17.2345,0.2,0.0458,-1.1015,0.0,-1.1704,0.7329,-0.588,1.5009,0.3725,0,0,0,0.683,0.337,0.663,0,0,0.0,2,SEARCH_PHASE,-1.2194,1.8289
177,1.376,-10.3066,10.2108,2.6042,-1.1726,0.7218,-0.6627,3.246,8.647,8.975,-15.3805,17.2125,0.2,0.0458,-1.1015,0.0,-1.1697,0.7316,-0.54,1.4816,0.3291,0,0,0,0.681,0.336,0.664,0,0,0.0,2,SEARCH_PHASE,-1.2183,1.8233
178,1.385,-10.33,10.2252,2.5919,-1.1726,0.7182,-0.615,3.232,8.603,8.929,-15.3795,17.1905,0.2,0.0458,-1.1015,0.0,-1.1703,0.7293,-0.492,1.4641,0.3733,0,0,0,0.685,0.339,0.661,0,0,0.0,2,SEARCH_PHASE,-1.2183,1.8197
179,1.394,-10.3535,10.2394,2.5805,-1.1718,0.7122,-0.5673,3.218,8.559,8.884,-15.3786,17.1684,0.2,0.0458,-1.1015,0.0,-1.1686,0.7287,-0.444,1.447,0.323,0,0,0,0.683,0.337,0.663,0,0,0.0,2,SEARCH_PHASE,-1.2175,1.8137
180,1.402,-10.3769,10.2536,2.5702,-1.1717,0.7083,-0.5196,3.205,8.516,8.84,-15.3777,17.1464,0.2,0.0458,-1.1015,0.0,-1.1685,0.7269,-0.396,1.432,0.3671,0,0,0,0.686,0.338,0.662,0,0,0.0,2,SEARCH_PHASE,-1.2174,1.8098
181,1.41,-10.4003,10.2676,2.5607,-1.1707,0.7016,-0.4721,3.193,8.472,8.795,-15.3768,17.1244,0.2,0.0458,-1.1015,0.0,-1.1692,0.7246,-0.348,1.4188,0.3441,0,0,0,0.688,0.343,0.657,0,0,0.0,2,SEARCH_PHASE,-1.2165,1.8031
182,1.42,-10.4237,10.2815,2.5522,-1.1704,0.6964,-0.4244,3.183,8.429,8.751,-15.3759,17.1023,0.2,0.0458,-1.1015,0.0,-1.175,0.7185,-0.3,1.4095,0.3767,0,0,0,0.692,0.348,0.652,0,0,0.0,2,SEARCH_PHASE,-1.2161,1.7979
183,1.428,-10.4471,10.2953,2.5447,-1.1679,0.6906,-0.3766,3.173,8.386,8.707,-15.375,17.0803,0.2,0.0458,-1.1015,0.0,-1.1715,0.7192,-0.252,1.3976,0.3293,0,0,0,0.692,0.348,0.652,0,0,0.0,2,SEARCH_PHASE,-1.2136,1.7921
184,1.436,-10.4704,10.3091,2.5381,-1.1653,0.6874,-0.3288,3.164,8.343,8.664,-15.3741,17.0583,0.2,0.0458,-1.1015,0.0,-1.178,0.7125,-0.204,1.3918,0.3735,0,0,0,0.695,0.351,0.649,0,0,0.0,2,SEARCH_PHASE,-1.211,1.789
185,1.444,-10.4936,10.3227,2.5325,-1.1617,0.6824,-0.281,3.156,8.299,8.621,-15.3731,17.0362,0.2,0.0458,-1.1015,0.0,-1.1721,0.7151,-0.156,1.3818,0.323,0,0,0,0.693,0.35,0.65,0,0,0.0,2,SEARCH_PHASE,-1.2074,1.7839
186,1.453,-10.5168,10.3363,2.5278,-1.1585,0.6798,-0.2333,3.149,8.259,8.581,-15.3724,17.0178,0.2,0.0383,-0.9229,0.0,-1.1758,0.7629,-0.108,1.4058,0.3671,0,0,0,0.696,0.351,0.649,0,0,0.0,2,SEARCH_PHASE,-1.1968,1.6027
187,1.461,-10.5399,10.3498,2.5241,-1.1542,0.6748,-0.1859,3.143,8.22,8.542,-15.3716,16.9999,0.2,0.0371,-0.8938,0.0,-1.1819,0.8105,-0.06,1.4344,0.366,0,0,0,0.699,0.353,0.647,0,0,0.0,2,SEARCH_PHASE,-1.1913,1.5686
188,1.468,-10.5629,10.3633,2.5213,-1.1504,0.6717,-0.1382,3.138,8.181,8.504,-15.3709,16.9824,0.2,0.0364,-0.8772,0.0,-1.2069,0.8515,-0.012,1.4771,0.392,0,0,0,0.706,0.367,0.633,0,0,0.0,2,SEARCH_PHASE,-1.1869,1.5489
189,1.477,-10.5858,10.3767,2.5196,-1.1477,0.6709,-0.0897,3.134,8.142,8.466,-15.3702,16.9652,0.2,0.0357,-0.8601,0.0,-1.2297,0.8763,0.036,1.5104,0.3734,0,0,0,0.708,0.357,0.643,0,0,0.0,2,SEARCH_PHASE,-1.1834,1.5309
190,1.485,-10.6087,10.3902,2.5187,-1.1438,0.6748,-0.0414,3.131,8.104,8.429,-15.3695,16.9483,0.2,0.035,-0.8424,0.0,-1.2728,0.8553,0.084,1.5358,0.3855,0,0,0,0.714,0.357,0.643,0,0,0.0,2,SEARCH_PHASE,-1.1788,1.5172
191,1.493,-10.6316,10.4038,2.5189,-1.1432,0.6819,0.0071,3.128,8.066,8.392,-15.3688,16.9318,0.2,0.0342,-0.8243,0.0,-1.2944,0.8515,0.132,1.5549,0.3658,0,0,0,0.717,0.361,0.639,0,0,0.0,2,SEARCH_PHASE,-1.1775,1.5062
192,1.502,-10.6544,10.4177,2.52,-1.1414,0.6936,0.0555,3.127,8.028,8.356,-15.3681,16.9157,0.2,0.0335,-0.8056,0.0,-1.2745,0.8829,0.18,1.5608,0.3237,0,0,0,0.714,0.36,0.64,0,0,0.0,2,SEARCH_PHASE,-1.1749,1.4993
193,1.511,-10.6773,10.4318,2.522,-1.1429,0.7082,0.1036,3.127,7.99,8.32,-15.3675,16.9,0.2,0.0327,-0.7865,0.0,-1.2957,0.8802,0.228,1.5829,0.3705,0,0,0,0.716,0.357,0.643,0,0,0.0,2,SEARCH_PHASE,-1.1756,1.4947
194,1.523,-10.7002,10.4463,2.5251,-1.1459,0.7215,0.1519,3.129,7.952,8.285,-15.3668,16.8846,0.2,0.0319,-0.7669,0.0,-1.2719,0.9157,0.276,1.5914,0.324,0,0,0,0.713,0.353,0.647,0,0,0.0,2,SEARCH_PHASE,-1.1778,1.4884
195,1.533,-10.7232,10.461,2.5291,-1.1521,0.7378,0.1997,3.132,7.914,8.249,-15.3662,16.8697,0.2,0.031,-0.7467,0.0,-1.2887,0.9177,0.324,1.6149,0.3702,0,0,0,0.715,0.349,0.651,0,0,0.0,2,SEARCH_PHASE,-1.1832,1.4846
196,1.546,-10.7464,10.4761,2.534,-1.1599,0.7523,0.2476,3.135,7.876,8.214,-15.3656,16.8552,0.2,0.0302,-0.7261,0.0,-1.2982,0.926,0.372,1.6374,0.3513,0,0,0,0.715,0.353,0.647,0,0,0.0,2,SEARCH_PHASE,-1.19,1.4784
197,1.56,-10.7698,10.4915,2.5399,-1.1706,0.7693,0.2945,3.14,7.838,8.18,-15.365,16.8411,0.2,0.0293,-0.705,0.0,-1.3137,0.9294,0.42,1.6632,0.3689,0,0,0,0.715,0.354,0.646,0,0,0.0,2,SEARCH_PHASE,-1.1999,1.4743
198,1.567,-10.7935,10.5072,2.5468,-1.1816,0.7868,0.3422,3.145,7.8,8.145,-15.3645,16.8274,0.2,0.0284,-0.6834,0.0,-1.3091,0.9508,0.468,1.6843,0.3394,0,0,0,0.714,0.351,0.649,0,0,0.0,2,SEARCH_PHASE,-1.21,1.4702
199,1.575,-10.8174,10.5233,2.5546,-1.1958,0.8064,0.3894,3.151,7.762,8.111,-15.3639,16.8142,0.2,0.0275,-0.6612,0.0,-1.3485,0.9333,0.516,1.7193,0.3715,0,0,0,0.716,0.357,0.643,0,0,0.0,2,SEARCH_PHASE,-1.2233,1.4677
200,1.584,-10.8416,10.5398,2.5633,-1.2108,0.8253,0.4367,3.159,7.724,8.077,-15.3634,16.8014,0.2,0.0265,-0.6386,0.0,-1.3372,0.9618,0.564,1.7411,0.3266,0,0,0,0.714,0.353,0.647,0,0,0.0,2,SEARCH_PHASE,-1.2373,1.4639
201,1.592,-10.8661,10.5568,2.573,-1.2255,0.8466,0.4839,3.167,7.685,8.043,-15.3629,16.7891,0.2,0.0256,-0.6155,0.0,-1.3729,0.9474,0.612,1.7768,0.3677,0,0,0,0.716,0.357,0.643,0,0,0.0,2,SEARCH_PHASE,-1.2511,1.4621
202,1.602,-10.8909,10.5741,2.5836,-1.239,0.8659,0.5312,3.176,7.647,8.01,-15.3624,16.7773,0.2,0.0246,-0.5918,0.0,-1.3493,0.9884,0.66,1.7981,0.3194,0,0,0,0.712,0.351,0.649,0,0,0.0,2,SEARCH_PHASE,-1.2636,1.4577
203,1.609,-10.9159,10.5918,2.5952,-1.2529,0.8873,0.5784,3.186,7.608,7.976,-15.3619,16.7659,0.2,0.0236,-0.5677,0.0,-1.376,0.983,0.708,1.8333,0.3612,0,0,0,0.713,0.353,0.647,0,0,0.0,2,SEARCH_PHASE,-1.2765,1.4551
204,1.619,-10.9412,10.61,2.6077,-1.2655,0.9061,0.6258,3.197,7.57,7.943,-15.3615,16.7551,0.2,0.0226,-0.5431,0.0,-1.35,1.0233,0.756,1.855,0.3127,0,0,0,0.709,0.346,0.654,0,0,0.0,2,SEARCH_PHASE,-1.288,1.4492
205,1.627,-10.9668,10.6285,2.6211,-1.2783,0.9266,0.6731,3.209,7.531,7.911,-15.361,16.7447,0.2,0.0215,-0.518,0.0,-1.3607,1.0377,0.804,1.8907,0.3544,0,0,0,0.709,0.347,0.653,0,0,0.0,2,SEARCH_PHASE,-1.2998,1.4446
206,1.634,-10.9926,10.6474,2.6356,-1.2898,0.9439,0.7208,3.222,7.492,7.878,-15.3606,16.7349,0.2,0.0205,-0.4924,0.0,-1.3333,1.0771,0.852,1.9141,0.3056,0,0,0,0.704,0.348,0.652,0,0,0.0,2,SEARCH_PHASE,-1.3102,1.4362
207,1.642,-11.0186,10.6666,2.6509,-1.3015,0.9623,0.7683,3.236,7.454,7.846,-15.3602,16.7255,0.2,0.0194,-0.4662,0.0,-1.3285,1.1091,0.9,1.9507,0.3473,0,0,0,0.703,0.348,0.652,0,0,0.0,2,SEARCH_PHASE,-1.3208,1.4285
208,1.649,-11.0449,10.6861,2.6672,-1.3116,0.977,0.8155,3.251,7.415,7.815,-15.3599,16.7167,0.2,0.0183,-0.4396,0.0,-1.3726,1.0901,0.948,1.9927,0.3607,0,0,0,0.706,0.349,0.651,0,0,0.0,2,SEARCH_PHASE,-1.3299,1.4166
209,1.657,-11.0713,10.706,2.6845,-1.322,0.9924,0.8635,3.266,7.377,7.784,-15.3595,16.7085,0.2,0.0171,-0.4125,0.0,-1.3784,1.1069,0.996,2.0291,0.3454,0,0,0,0.705,0.349,0.651,0,0,0.0,2,SEARCH_PHASE,-1.3392,1.4049
210,1.664,-11.0979,10.7262,2.7027,-1.3281,1.0096,0.9113,3.283,7.339,7.754,-15.3592,16.7008,0.2,0.016,-0.3849,0.0,-1.3502,1.1458,1.044,2.0557,0.3083,0,0,0,0.699,0.345,0.655,0,0,0.0,2,SEARCH_PHASE,-1.3441,1.3945
211,1.672,-11.1246,10.7467,2.7219,-1.3343,1.0271,0.9592,3.299,7.3,7.724,-15.3589,16.6937,0.2,0.0148,-0.3568,0.0,-1.3308,1.1896,1.092,2.0925,0.3565,0,0,0,0.697,0.343,0.657,0,0,0.0,2,SEARCH_PHASE,-1.3491,1.3839
212,1.679,-11.1514,10.7676,2.7421,-1.3401,1.0412,1.0073,3.316,7.262,7.694,-15.3586,16.6871,0.2,0.0136,-0.3282,0.0,-1.368,1.1858,1.14,2.1394,0.3737,0,0,0,0.7,0.345,0.655,0,0,0.0,2,SEARCH_PHASE,-1.3537,1.3694
213,1.687,-11.1783,10.7887,2.7632,-1.3471,1.0562,1.0552,3.334,7.225,7.666,-15.3584,16.6811,0.2,0.0124,-0.299,0.0,-1.3699,1.208,1.188,2.1788,0.3588,0,0,0,0.699,0.344,0.656,0,0,0.0,2,SEARCH_PHASE,-1.3595,1.3553
214,1.694,-11.2053,10.8101,2.7852,-1.3509,1.0735,1.1023,3.352,7.187,7.638,-15.3582,16.6757,0.2,0.0112,-0.2694,0.0,-1.37,1.2322,1.236,2.2188,0.345,0,0,0,0.698,0.344,0.656,0,0,0.0,2,SEARCH_PHASE,-1.3621,1.343
215,1.701,-11.2324,10.832,2.8082,-1.3559,1.0918,1.1495,3.372,7.149,7.61,-15.358,16.6709,0.2,0.0099,-0.2393,0.0,-1.3683,1.2586,1.284,2.2595,0.3603,0,0,0,0.696,0.342,0.658,0,0,0.0,2,SEARCH_PHASE,-1.3658,1.3311
216,1.709,-11.2596,10.8542,2.8321,-1.359,1.1098,1.1976,3.393,7.112,7.583,-15.3578,16.6668,0.2,0.0087,-0.2087,0.0,-1.3901,1.2631,1.332,2.3026,0.3567,0,0,0,0.697,0.343,0.657,0,0,0.0,2,SEARCH_PHASE,-1.3677,1.3185
217,1.716,-11.2869,10.8768,2.8571,-1.3633,1.1288,1.2453,3.415,7.075,7.557,-15.3576,16.6632,0.2,0.0074,-0.1776,0.0,-1.3659,1.3046,1.38,2.3392,0.3414,0,0,0,0.692,0.339,0.661,0,0,0.0,2,SEARCH_PHASE,-1.3707,1.3064
218,1.724,-11.3142,10.8997,2.8829,-1.365,1.1488,1.2925,3.437,7.038,7.532,-15.3575,16.6603,0.2,0.0061,-0.146,0.0,-1.3702,1.334,1.428,2.3867,0.3571,0,0,0,0.693,0.341,0.659,0,0,0.0,2,SEARCH_PHASE,-1.3711,1.2948
219,1.731,-11.3416,10.9231,2.9097,-1.3692,1.1681,1.3407,3.461,7.001,7.507,-15.3574,16.658,0.2,0.0047,-0.1139,0.0,-1.348,1.3766,1.476,2.427,0.3407,0,0,0,0.688,0.336,0.664,0,0,0.0,2,SEARCH_PHASE,-1.3739,1.282
220,1.739,-11.369,10.9469,2.9375,-1.371,1.1882,1.3888,3.487,6.965,7.483,-15.3574,16.6564,0.2,0.0034,-0.0813,0.0,-1.3611,1.3962,1.524,2.4748,0.3568,0,0,0,0.689,0.339,0.661,0,0,0.0,2,SEARCH_PHASE,-1.3744,1.2695
221,1.746,-11.3965,10.971,2.9662,-1.375,1.2078,1.4369,3.513,6.928,7.46,-15.3573,16.6554,0.2,0.002,-0.0482,0.0,-1.3412,1.4399,1.572,2.5186,0.3403,0,0,0,0.685,0.334,0.666,0,0,0.0,2,SEARCH_PHASE,-1.377,1.2559
222,1.754,-11.424,10.9956,2.9959,-1.3762,1.2284,1.4849,3.541,6.891,7.437,-15.3573,16.6542,0.2,0.0026,-0.061,0.0,-1.3592,1.4125,1.62,2.543,0.357,0,0,0,0.686,0.335,0.665,0,0,0.0,2,SEARCH_PHASE,-1.3788,1.2894
223,1.761,-11.4516,11.0206,3.0266,-1.3791,1.2486,1.5322,3.569,6.844,7.405,-15.3567,16.6411,0.2,0.0272,-0.6561,0.0,-1.3555,1.3646,1.668,2.5459,0.3406,0,0,0,0.683,0.335,0.665,0,0,0.0,2,SEARCH_PHASE,-1.4063,1.9047
224,1.768,-11.4792,11.046,3.0581,-1.3787,1.2701,1.5783,3.599,6.796,7.373,-15.3562,16.6281,0.2,0.027,-0.6504,0.0,-1.3493,1.317,1.7,2.5387,0.3274,0,0,0,0.679,0.334,0.666,0,0,0.0,2,SEARCH_PHASE,-1.4057,1.9205
225,1.776,-11.5068,11.0718,3.0905,-1.3795,1.2908,1.6181,3.629,6.749,7.342,-15.3556,16.6152,0.2,0.0268,-0.6446,0.0,-1.3338,1.2716,1.652,2.4749,0.308,0,0,0,0.67,0.325,0.675,0,0,0.0,2,SEARCH_PHASE,-1.4062,1.9354
226,1.784,-11.5343,11.0979,3.123,-1.378,1.307,1.6253,3.66,6.701,7.31,-15.3551,16.6024,0.2,0.0266,-0.6388,0.0,-1.313,1.2283,1.604,2.4095,0.3227,0,0,0,0.666,0.322,0.678,0,0,0.0,2,SEARCH_PHASE,-1.4045,1.9457
227,1.791,-11.5619,11.1243,3.1552,-1.3769,1.318,1.6119,3.69,6.653,7.279,-15.3546,16.5897,0.2,0.0263,-0.6329,0.0,-1.2813,1.1923,1.556,2.3419,0.308,0,0,0,0.656,0.32,0.68,0,0,0.0,2,SEARCH_PHASE,-1.4031,1.9509
228,1.799,-11.5893,11.1508,3.187,-1.3733,1.326,1.5863,3.719,6.604,7.249,-15.3541,16.5772,0.2,0.026,-0.627,0.0,-1.2446,1.1613,1.508,2.2742,0.3206,0,0,0,0.65,0.316,0.684,0,0,0.0,2,SEARCH_PHASE,-1.3993,1.953
229,1.807,-11.6167,11.1774,3.218,-1.3694,1.33,1.5524,3.748,6.557,7.218,-15.3536,16.5648,0.2,0.0258,-0.621,0.0,-1.2022,1.139,1.46,2.2077,0.2935,0,0,0,0.641,0.307,0.693,0,0,0.0,2,SEARCH_PHASE,-1.3952,1.9511
230,1.815,-11.644,11.204,3.2483,-1.3628,1.3312,1.5149,3.777,6.509,7.187,-15.353,16.5525,0.2,0.0256,-0.6151,0.0,-1.157,1.1229,1.412,2.1431,0.3259,0,0,0,0.635,0.299,0.701,0,0,0.0,2,SEARCH_PHASE,-1.3884,1.9464
231,1.823,-11.671,11.2306,3.2778,-1.3539,1.3277,1.4754,3.806,6.461,7.157,-15.3525,16.5403,0.2,0.0253,-0.6091,0.0,-1.1099,1.1133,1.364,2.0813,0.2867,0,0,0,0.624,0.294,0.706,0,0,0.0,2,SEARCH_PHASE,-1.3792,1.9368
232,1.83,-11.6979,11.257,3.3065,-1.3422,1.3214,1.4346,3.834,6.414,7.127,-15.352,16.5282,0.2,0.025,-0.6031,0.0,-1.1085,1.1171,1.316,2.0514,0.3281,0,0,0,0.619,0.288,0.712,0,0,0.0,2,SEARCH_PHASE,-1.3672,1.9245
233,1.838,-11.7244,11.2832,3.3343,-1.3272,1.3096,1.3913,3.861,6.367,7.097,-15.3515,16.5163,0.2,0.0248,-0.597,0.0,-1.1076,1.121,1.268,2.0227,0.3521,0,0,0,0.617,0.288,0.712,0,0,0.0,2,SEARCH_PHASE,-1.352,1.9066
234,1.846,-11.7506,11.3091,3.3613,-1.3098,1.2947,1.3462,3.887,6.321,7.067,-15.351,16.5045,0.2,0.0246,-0.5909,0.0,-1.1068,1.125,1.22,1.9947,0.3262,0,0,0,0.61,0.282,0.718,0,0,0.0,2,SEARCH_PHASE,-1.3344,1.8856
235,1.854,-11.7764,11.3347,3.3873,-1.29,1.2784,1.2997,3.912,6.275,7.038,-15.3506,16.4928,0.2,0.0243,-0.5848,0.0,-1.1061,1.1289,1.172,1.9676,0.3641,0,0,0,0.608,0.279,0.721,0,0,0.0,2,SEARCH_PHASE,-1.3143,1.8632
236,1.861,-11.8018,11.3598,3.4123,-1.2689,1.2595,1.2517,3.937,6.23,7.01,-15.3501,16.4812,0.2,0.024,-0.5786,0.0,-1.1053,1.133,1.124,1.9413,0.3443,0,0,0,0.604,0.281,0.719,0,0,0.0,2,SEARCH_PHASE,-1.2929,1.8381
237,1.869,-11.8267,11.3846,3.4363,-1.2468,1.2401,1.2026,3.96,6.186,6.982,-15.3496,16.4698,0.2,0.0238,-0.5725,0.0,-1.1046,1.137,1.076,1.9159,0.3752,0,0,0,0.605,0.283,0.717,0,0,0.0,2,SEARCH_PHASE,-1.2706,1.8126
238,1.876,-11.8512,11.409,3.4594,-1.2237,1.2193,1.1532,3.982,6.143,6.954,-15.3491,16.4584,0.2,0.0235,-0.5662,0.0,-1.1039,1.1411,1.028,1.8915,0.3591,0,0,0,0.601,0.277,0.723,0,0,0.0,2,SEARCH_PHASE,-1.2472,1.7855
239,1.884,-11.8752,11.433,3.4815,-1.2,1.1996,1.1039,4.002,6.1,6.926,-15.3487,16.4472,0.2,0.0233,-0.56,0.0,-1.1033,1.1452,0.98,1.8679,0.3783,0,0,0,0.601,0.276,0.724,0,0,0.0,2,SEARCH_PHASE,-1.2232,1.7596
240,1.892,-11.8988,11.4566,3.5026,-1.177,1.1797,1.0544,4.021,6.058,6.899,-15.3482,16.4362,0.2,0.023,-0.5537,0.0,-1.1027,1.1494,0.932,1.8454,0.371,0,0,0,0.601,0.275,0.725,0,0,0.0,2,SEARCH_PHASE,-1.2,1.7334
241,1.9,-11.9219,11.4798,3.5227,-1.1547,1.1615,1.0053,4.039,6.016,6.873,-15.3478,16.4252,0.2,0.0227,-0.5474,0.0,-1.1021,1.1535,0.884,1.8239,0.3765,0,0,0,0.6,0.277,0.723,0,0,0.0,2,SEARCH_PHASE,-1.1774,1.7089
242,1.907,-11.9445,11.5027,3.5418,-1.1326,1.1444,0.9564,4.055,5.975,6.846,-15.3473,16.4144,0.2,0.0225,-0.541,0.0,-1.1016,1.1578,0.836,1.8036,0.3793,0,0,0,0.604,0.281,0.719,0,0,0.0,2,SEARCH_PHASE,-1.1551,1.6854
243,1.915,-11.9667,11.5253,3.56,-1.1122,1.1294,0.908,4.071,5.935,6.82,-15.3469,16.4037,0.2,0.0222,-0.5346,0.0,-1.1011,1.162,0.788,1.7843,0.3603,0,0,0,0.601,0.274,0.726,0,0,0.0,2,SEARCH_PHASE,-1.1344,1.664
244,1.922,-11.9886,11.5476,3.5772,-1.0917,1.1164,0.8598,4.086,5.895,6.794,-15.3464,16.3931,0.2,0.0219,-0.5283,0.0,-1.1007,1.1661,0.74,1.7661,0.3892,0,0,0,0.604,0.277,0.723,0,0,0.0,2,SEARCH_PHASE,-1.1136,1.6448
245,1.93,-12.01,11.5697,3.5934,-1.0732,1.105,0.8121,4.1,5.856,6.768,-15.346,16.3827,0.2,0.0217,-0.5218,0.0,-1.1003,1.1705,0.692,1.7492,0.3459,0,0,0,0.602,0.276,0.724,0,0,0.0,2,SEARCH_PHASE,-1.0949,1.6267
246,1.937,-12.0312,11.5917,3.6087,-1.0567,1.0967,0.7649,4.113,5.817,6.742,-15.3456,16.3724,0.2,0.0214,-0.5155,0.0,-1.0999,1.1746,0.644,1.7333,0.3792,0,0,0,0.605,0.281,0.719,0,0,0.0,2,SEARCH_PHASE,-1.0781,1.6122
247,1.944,-12.052,11.6135,3.6231,-1.0418,1.0894,0.7179,4.126,5.779,6.717,-15.3451,16.3622,0.2,0.0211,-0.5089,0.0,-1.0996,1.179,0.596,1.7189,0.3346,0,0,0,0.603,0.278,0.722,0,0,0.0,2,SEARCH_PHASE,-1.0629,1.5983
248,1.952,-12.0726,11.6352,3.6365,-1.0292,1.0851,0.671,4.137,5.741,6.691,-15.3447,16.3522,0.2,0.0209,-0.5024,0.0,-1.0993,1.1833,0.548,1.7056,0.367,0,0,0,0.606,0.282,0.718,0,0,0.0,2,SEARCH_PHASE,-1.0501,1.5875
249,1.959,-12.093,11.6568,3.649,-1.0184,1.0814,0.6243,4.148,5.703,6.665,-15.3443,16.3423,0.2,0.0206,-0.4958,0.0,-1.0991,1.1876,0.5,1.6936,0.3399,0,0,0,0.604,0.284,0.716,0,0,0.0,2,SEARCH_PHASE,-1.039,1.5772
250,1.967,-12.1132,11.6784,3.6605,-1.01,1.0804,0.5777,4.159,5.666,6.639,-15.3439,16.3325,0.2,0.0203,-0.4893,0.0,-1.0989,1.1919,0.452,1.683,0.3799,0,0,0,0.608,0.288,0.712,0,0,0.0,2,SEARCH_PHASE,-1.0304,1.5698
251,1.974,-12.1332,11.7,3.6711,-1.0035,1.0802,0.5312,4.168,5.628,6.612,-15.3435,16.3228,0.2,0.0201,-0.4827,0.0,-1.0986,1.1963,0.404,1.6737,0.3438,0,0,0,0.607,0.289,0.711,0,0,0.0,2,SEARCH_PHASE,-1.0236,1.5628
252,1.982,-12.1532,11.7217,3.6808,-0.9996,1.0827,0.4839,4.177,5.591,6.586,-15.3431,16.3133,0.2,0.0197,-0.4761,0.0,-1.0985,1.2007,0.356,1.6658,0.3821,0,0,0,0.61,0.291,0.709,0,0,0.0,2,SEARCH_PHASE,-1.0193,1.5588
253,1.989,-12.1732,11.7434,3.6896,-0.9973,1.0858,0.4374,4.184,5.554,6.559,-15.3427,16.3039,0.2,0.0195,-0.4695,0.0,-1.0982,1.205,0.308,1.6592,0.3443,0,0,0,0.608,0.285,0.715,0,0,0.0,2,SEARCH_PHASE,-1.0168,1.5553
254,1.997,-12.1931,11.7652,3.6974,-0.9975,1.0914,0.3905,4.191,5.517,6.532,-15.3423,16.2946,0.2,0.0192,-0.4627,0.0,-1.0981,1.2095,0.26,1.6541,0.3805,0,0,0,0.611,0.29,0.71,0,0,0.0,2,SEARCH_PHASE,-1.0167,1.5541
255,2.004,-12.2131,11.7872,3.7042,-0.9992,1.0973,0.3435,4.197,5.48,6.504,-15.342,16.2855,0.2,0.019,-0.456,0.0,-1.0978,1.2139,0.212,1.6504,0.3432,0,0,0,0.609,0.286,0.714,0,0,0.0,2,SEARCH_PHASE,-1.0182,1.5533
256,2.011,-12.2332,11.8093,3.7102,-1.0032,1.1055,0.2958,4.201,5.442,6.476,-15.3416,16.2765,0.2,0.0186,-0.4494,0.0,-1.0977,1.2183,0.164,1.6481,0.3697,0,0,0,0.611,0.29,0.71,0,0,0.0,2,SEARCH_PHASE,-1.0219,1.5548
257,2.019,-12.2533,11.8315,3.7151,-1.0087,1.1136,0.2483,4.204,5.405,6.448,-15.3412,16.2677,0.2,0.0184,-0.4426,0.0,-1.0974,1.2228,0.116,1.6472,0.3345,0,0,0,0.608,0.285,0.715,0,0,0.0,2,SEARCH_PHASE,-1.0271,1.5562
258,2.026,-12.2736,11.854,3.7191,-1.015,1.1231,0.2004,4.206,5.368,6.418,-15.3409,16.259,0.2,0.0181,-0.4358,0.0,-1.0972,1.2274,0.068,1.6477,0.3694,0,0,0,0.61,0.288,0.712,0,0,0.0,2,SEARCH_PHASE,-1.033,1.5589
259,2.034,-12.2941,11.8766,3.7222,-1.0214,1.1317,0.1525,4.207,5.33,6.389,-15.3405,16.2504,0.2,0.0178,-0.4291,0.0,-1.0969,1.2319,0.02,1.6496,0.3425,0,0,0,0.608,0.286,0.714,0,0,0.0,2,SEARCH_PHASE,-1.0393,1.5608
260,2.041,-12.3147,11.8995,3.7243,-1.0287,1.1415,0.104,4.207,5.293,6.359,-15.3401,16.2419,0.2,0.0175,-0.4223,0.0,-1.0966,1.2364,-0.028,1.6529,0.3773,0,0,0,0.612,0.29,0.71,0,0,0.0,2,SEARCH_PHASE,-1.0463,1.5638
261,2.048,-12.3354,11.9225,3.7254,-1.0359,1.1509,0.0562,4.207,5.255,6.328,-15.3398,16.2336,0.2,0.0173,-0.4154,0.0,-1.0963,1.2411,-0.076,1.6577,0.3389,0,0,0,0.61,0.288,0.712,0,0,0.0,2,SEARCH_PHASE,-1.0532,1.5663
262,2.056,-12.3562,11.9457,3.7256,-1.0437,1.1617,0.0081,4.205,5.217,6.296,-15.3395,16.2255,0.2,0.017,-0.4086,0.0,-1.096,1.2457,-0.124,1.6639,0.3714,0,0,0,0.613,0.292,0.708,0,0,0.0,2,SEARCH_PHASE,-1.0606,1.5703
263,2.063,-12.3773,11.9692,3.7248,-1.0512,1.1718,-0.0399,4.203,5.179,6.265,-15.3391,16.2174,0.2,0.0166,-0.4017,0.0,-1.0957,1.2504,-0.172,1.6714,0.333,0,0,0,0.611,0.289,0.711,0,0,0.0,2,SEARCH_PHASE,-1.0679,1.5735
264,2.071,-12.3985,11.9928,3.723,-1.0592,1.183,-0.0883,4.201,5.141,6.232,-15.3388,16.2095,0.2,0.0164,-0.3947,0.0,-1.0952,1.2552,-0.22,1.6803,0.3604,0,0,0,0.613,0.292,0.708,0,0,0.0,2,SEARCH_PHASE,-1.0756,1.5778
265,2.078,-12.4198,12.0167,3.7203,-1.067,1.1932,-0.1363,4.198,5.102,6.199,-15.3385,16.2018,0.2,0.0161,-0.3879,0.0,-1.0948,1.2598,-0.268,1.6905,0.322,0,0,0,0.61,0.288,0.712,0,0,0.0,2,SEARCH_PHASE,-1.0831,1.5811
266,2.086,-12.4413,12.0408,3.7166,-1.0746,1.204,-0.1844,4.194,5.064,6.165,-15.3382,16.1942,0.2,0.0158,-0.3809,0.0,-1.0944,1.2646,-0.316,1.702,0.3541,0,0,0,0.611,0.29,0.71,0,0,0.0,2,SEARCH_PHASE,-1.0904,1.5849
267,2.093,-12.4629,12.065,3.7119,-1.0811,1.2131,-0.2323,4.189,5.025,6.131,-15.3378,16.1867,0.2,0.0155,-0.3739,0.0,-1.0939,1.2694,-0.364,1.7148,0.3192,0,0,0,0.609,0.286,0.714,0,0,0.0,2,SEARCH_PHASE,-1.0967,1.587
268,2.1,-12.4847,12.0895,3.7063,-1.0874,1.2225,-0.2801,4.182,4.987,6.096,-15.3375,16.1793,0.2,0.0152,-0.3669,0.0,-1.0935,1.2743,-0.412,1.729,0.3513,0,0,0,0.61,0.288,0.712,0,0,0.0,2,SEARCH_PHASE,-1.1026,1.5893
269,2.108,-12.5065,12.1141,3.6998,-1.0926,1.2301,-0.3279,4.175,4.948,6.06,-15.3372,16.1721,0.2,0.015,-0.36,0.0,-1.0929,1.279,-0.46,1.7441,0.3174,0,0,0,0.608,0.287,0.713,0,0,0.0,2,SEARCH_PHASE,-1.1075,1.5901
270,2.115,-12.5285,12.1388,3.6923,-1.0972,1.238,-0.3756,4.167,4.909,6.024,-15.337,16.1651,0.2,0.0146,-0.3529,0.0,-1.0924,1.284,-0.508,1.7607,0.3496,0,0,0,0.61,0.29,0.71,0,0,0.0,2,SEARCH_PHASE,-1.1119,1.5908
271,2.122,-12.5505,12.1637,3.6838,-1.1006,1.2441,-0.4235,4.159,4.87,5.988,-15.3367,16.1582,0.2,0.0144,-0.3459,0.0,-1.0919,1.2889,-0.556,1.7783,0.3139,0,0,0,0.607,0.29,0.71,0,0,0.0,2,SEARCH_PHASE,-1.115,1.59
272,2.13,-12.5725,12.1887,3.6744,-1.1033,1.2505,-0.4709,4.149,4.831,5.951,-15.3364,16.1514,0.2,0.0141,-0.3388,0.0,-1.0913,1.2938,-0.604,1.7972,0.3473,0,0,0,0.609,0.289,0.711,0,0,0.0,2,SEARCH_PHASE,-1.1173,1.5893
273,2.137,-12.5946,12.2138,3.664,-1.1046,1.255,-0.5186,4.139,4.792,5.913,-15.3361,16.1448,0.2,0.0138,-0.3317,0.0,-1.0907,1.2988,-0.652,1.8171,0.3294,0,0,0,0.609,0.288,0.712,0,0,0.0,2,SEARCH_PHASE,-1.1183,1.5867
274,2.145,-12.6167,12.239,3.6527,-1.1051,1.2597,-0.5659,4.127,4.754,5.875,-15.3358,16.1383,0.2,0.0135,-0.3246,0.0,-1.0901,1.3038,-0.7,1.838,0.3632,0,0,0,0.613,0.294,0.706,0,0,0.0,2,SEARCH_PHASE,-1.1186,1.5843
275,2.153,-12.6388,12.2643,3.6404,-1.1049,1.2635,-0.6134,4.115,4.715,5.837,-15.3356,16.1319,0.2,0.0132,-0.3175,0.0,-1.0896,1.3088,-0.748,1.86,0.3241,0,0,1,0.612,0.293,0.707,0,0,0.0,2,SEARCH_PHASE,-1.118,1.5809
276,2.16,-12.6609,12.2897,3.6286,-1.1054,1.2719,-0.5928,4.103,4.676,5.798,-15.3353,16.1257,0.2,0.0129,-0.3104,0.0,-1.089,1.3138,-0.796,1.883,0.2863,0,0,1,0.604,0.284,0.716,0,0,0.0,2,SEARCH_PHASE,-1.1183,1.5824
277,2.168,-12.683,12.3153,3.617,-1.1046,1.2785,-0.5765,4.091,4.638,5.76,-15.3351,16.1196,0.2,0.0126,-0.3033,0.0,-1.0883,1.3189,-0.844,1.9069,0.2538,0,0,1,0.589,0.274,0.726,0,0,0.0,2,SEARCH_PHASE,-1.1172,1.5818
278,2.175,-12.705,12.3409,3.6058,-1.1014,1.2799,-0.5617,4.08,4.599,5.723,-15.3348,16.1137,0.2,0.0123,-0.296,0.0,-1.0878,1.324,-0.892,1.9318,0.2707,0,0,1,0.583,0.27,0.73,0,0,0.0,2,SEARCH_PHASE,-1.1137,1.5759
279,2.183,-12.7269,12.3663,3.5949,-1.0951,1.2726,-0.5471,4.069,4.561,5.685,-15.3346,16.1079,0.2,0.012,-0.2889,0.0,-1.0872,1.3291,-0.94,1.9576,0.2399,0,0,1,0.572,0.255,0.745,0,0,0.0,2,SEARCH_PHASE,-1.1071,1.5614
280,2.191,-12.7486,12.3915,3.5842,-1.0822,1.2575,-0.5326,4.059,4.523,5.649,-15.3343,16.1023,0.2,0.0117,-0.2817,0.0,-1.0865,1.3342,-0.988,1.9841,0.2874,0,0,1,0.57,0.252,0.748,0,0,0.0,2,SEARCH_PHASE,-1.0939,1.5392
281,2.198,-12.7698,12.4161,3.5738,-1.0624,1.2313,-0.5221,4.048,4.486,5.613,-15.3341,16.0968,0.2,0.0114,-0.2745,0.0,-1.0598,1.2943,-0.796,1.8526,0.2945,1,0,0,0.567,0.25,0.75,0,0,0.0,2,LANDING_PHASE,-1.0738,1.5058
282,2.206,-12.7908,12.4404,3.5613,-1.0494,1.2144,-0.6232,4.036,4.449,5.576,-15.3339,16.0915,0.2,0.0111,-0.2672,0.0,-1.0327,1.2547,-0.65,1.7502,0.3296,1,0,0,0.568,0.246,0.754,0,0,0.0,2,LANDING_PHASE,-1.0605,1.4817
283,2.215,-12.8113,12.464,3.5484,-1.0233,1.178,-0.6429,4.023,4.414,5.54,-15.3337,16.0863,0.2,0.0108,-0.2601,0.0,-1.0055,1.2152,-0.65,1.7059,0.3688,1,0,0,0.572,0.254,0.746,0,0,0.0,2,LANDING_PHASE,-1.0341,1.4381
284,2.223,-12.8312,12.4867,3.5353,-0.9933,1.1356,-0.6579,4.01,4.38,5.505,-15.3335,16.0812,0.2,0.0105,-0.2527,0.0,-0.9779,1.1759,-0.65,1.6618,0.4026,1,0,0,0.579,0.252,0.748,0,0,0.0,2,LANDING_PHASE,-1.0037,1.3883
285,2.231,-12.8504,12.5085,3.5219,-0.96,1.0906,-0.6692,3.997,4.347,5.471,-15.3333,16.0763,0.2,0.0102,-0.2455,0.0,-0.95,1.1368,-0.65,1.6178,0.442,1,0,0,0.591,0.267,0.733,0,0,0.0,2,LANDING_PHASE,-0.9702,1.3361
286,2.238,-12.8688,12.5294,3.5084,-0.924,1.0464,-0.676,3.983,4.315,5.437,-15.3331,16.0715,0.2,0.0099,-0.2381,0.0,-0.9217,1.098,-0.65,1.5741,0.4297,1,0,0,0.595,0.269,0.731,0,0,0.0,2,LANDING_PHASE,-0.9339,1.2845
287,2.246,-12.8866,12.5496,3.4948,-0.886,1.0066,-0.679,3.97,4.284,5.405,-15.3329,16.0669,0.2,0.0096,-0.2309,0.0,-0.893,1.0595,-0.65,1.5306,0.4466,1,0,0,0.6,0.27,0.73,0,0,0.0,2,LANDING_PHASE,-0.8956,1.2375
288,2.256,-12.9035,12.569,3.4812,-0.8494,0.9708,-0.6782,3.955,4.255,5.373,-15.3327,16.0625,0.2,0.0093,-0.2236,0.0,-0.8638,1.0214,-0.65,1.4873,0.4117,1,0,0,0.6,0.276,0.724,0,0,0.0,2,LANDING_PHASE,-0.8587,1.1944
289,2.265,-12.9199,12.5878,3.4677,-0.8165,0.9411,-0.6744,3.939,4.227,5.342,-15.3325,16.0581,0.2,0.009,-0.2163,0.0,-0.834,0.9838,-0.65,1.4443,0.4427,1,0,0,0.604,0.28,0.72,0,0,0.0,2,LANDING_PHASE,-0.8255,1.1574
290,2.279,-12.9356,12.6061,3.4544,-0.7874,0.9147,-0.6693,3.924,4.199,5.313,-15.3323,16.054,0.2,0.0087,-0.2089,0.0,-0.8035,0.9468,-0.65,1.4016,0.4062,1,0,0,0.606,0.279,0.721,0,0,0.0,2,LANDING_PHASE,-0.7961,1.1235
291,2.287,-12.9509,12.624,3.4411,-0.7634,0.8953,-0.6639,3.908,4.172,5.283,-15.3322,16.0499,0.2,0.0083,-0.2016,0.0,-0.7718,0.9107,-0.65,1.3593,0.3803,1,0,0,0.608,0.28,0.72,0,0,0.0,2,LANDING_PHASE,-0.7717,1.0969
292,2.295,-12.9658,12.6416,3.4279,-0.7435,0.8796,-0.6594,3.893,4.146,5.254,-15.332,16.046,0.2,0.0081,-0.1943,0.0,-0.7386,0.8761,-0.65,1.3174,0.3943,1,0,0,0.611,0.284,0.716,0,0,0.0,2,LANDING_PHASE,-0.7516,1.0739
293,2.303,-12.9803,12.6589,3.4148,-0.7257,0.8662,-0.6553,3.878,4.12,5.226,-15.3319,16.0423,0.2,0.0077,-0.1868,0.0,-0.7061,0.8489,-0.65,1.2813,0.3413,1,0,0,0.608,0.28,0.72,0,0,0.0,2,LANDING_PHASE,-0.7334,1.053
294,2.311,-12.9945,12.676,3.4017,-0.7108,0.856,-0.6521,3.863,4.095,5.198,-15.3317,16.0387,0.2,0.0075,-0.1796,0.0,-0.7063,0.8558,-0.65,1.286,0.3697,1,0,0,0.612,0.285,0.715,0,0,0.0,2,LANDING_PHASE,-0.7183,1.0356
295,2.319,-13.0085,12.6929,3.3887,-0.698,0.8453,-0.6502,3.848,4.07,5.171,-15.3316,16.0353,0.2,0.0072,-0.172,0.0,-0.7066,0.863,-0.65,1.2909,0.3349,1,0,0,0.609,0.283,0.717,0,0,0.0,2,LANDING_PHASE,-0.7051,1.0173
296,2.326,-13.0222,12.7097,3.3758,-0.6861,0.8364,-0.649,3.833,4.046,5.144,-15.3314,16.032,0.2,0.0068,-0.1647,0.0,-0.707,0.8699,-0.65,1.2958,0.3645,1,0,0,0.613,0.286,0.714,0,0,0.0,2,LANDING_PHASE,-0.693,1.0011
297,2.334,-13.0357,12.7262,3.3628,-0.6765,0.827,-0.6488,3.819,4.022,5.117,-15.3313,16.0288,0.2,0.0065,-0.1574,0.0,-0.7072,0.8769,-0.65,1.3006,0.3442,1,0,0,0.615,0.291,0.709,0,0,0.0,2,LANDING_PHASE,-0.683,0.9844
298,2.342,-13.0491,12.7426,3.3498,-0.6684,0.8196,-0.6477,3.804,3.998,5.09,-15.3312,16.0258,0.2,0.0062,-0.1499,0.0,-0.7075,0.884,-0.65,1.3056,0.3834,1,0,0,0.624,0.294,0.706,0,0,0.0,2,LANDING_PHASE,-0.6747,0.9695
299,2.349,-13.0623,12.7588,3.3369,-0.661,0.8127,-0.6468,3.789,3.975,5.064,-15.331,16.023,0.2,0.0059,-0.1425,0.0,-0.7078,0.8911,-0.65,1.3105,0.3356,1,0,0,0.626,0.298,0.702,0,0,0.0,2,LANDING_PHASE,-0.6669,0.9552
300,2.357,-13.0754,12.775,3.324,-0.6553,0.8096,-0.6461,3.774,3.952,5.038,-15.3309,16.0203,0.2,0.0056,-0.135,0.0,-0.7081,0.8981,-0.65,1.3155,0.3743,1,0,0,0.633,0.301,0.699,0,0,0.0,2,LANDING_PHASE,-0.6608,0.9447
301,2.365,-13.0884,12.7912,3.3111,-0.6501,0.8067,-0.6454,3.76,3.929,5.012,-15.3308,16.0177,0.2,0.0053,-0.1276,0.0,-0.7083,0.9052,-0.65,1.3205,0.3269,1,0,0,0.633,0.305,0.695,0,0,0.0,2,LANDING_PHASE,-0.6554,0.9343
302,2.372,-13.1013,12.8073,3.2982,-0.6465,0.8071,-0.6449,3.745,3.907,4.986,-15.3307,16.0153,0.2,0.005,-0.1202,0.0,-0.7086,0.9123,-0.65,1.3255,0.3649,1,0,0,0.64,0.313,0.687,0,0,0.0,2,LANDING_PHASE,-0.6515,0.9273
303,2.38,-13.1142,12.8235,3.2853,-0.6435,0.8072,-0.645,3.73,3.884,4.96,-15.3306,16.0131,0.2,0.0047,-0.1127,0.0,-0.7089,0.9194,-0.65,1.3305,0.3226,1,0,0,0.639,0.312,0.688,0,0,0.0,2,LANDING_PHASE,-0.6482,0.9199
304,2.388,-13.127,12.8397,3.2724,-0.642,0.8101,-0.6444,3.715,3.862,4.935,-15.3306,16.011,0.2,0.0044,-0.1053,0.0,-0.7091,0.9265,-0.65,1.3356,0.363,1,0,0,0.645,0.316,0.684,0,0,0.0,2,LANDING_PHASE,-0.6464,0.9154
305,2.396,-13.1399,12.8559,3.2595,-0.641,0.8125,-0.6438,3.7,3.839,4.909,-15.3305,16.009,0.2,0.0041,-0.0978,0.0,-0.7094,0.9336,-0.65,1.3406,0.3192,1,0,0,0.644,0.314,0.686,0,0,0.0,2,LANDING_PHASE,-0.645,0.9104
306,2.404,-13.1527,12.8723,3.2466,-0.6414,0.8174,-0.6435,3.686,3.817,4.884,-15.3304,16.0072,0.2,0.0038,-0.0903,0.0,-0.7096,0.9408,-0.65,1.3458,0.3591,1,0,0,0.648,0.316,0.684,0,0,0.0,2,LANDING_PHASE,-0.6452,0.9078
307,2.412,-13.1655,12.8887,3.2338,-0.6422,0.8214,-0.6432,3.671,3.795,4.858,-15.3303,16.0055,0.2,0.0034,-0.0829,0.0,-0.7098,0.9479,-0.65,1.3509,0.3294,1,0,0,0.649,0.317,0.683,0,0,0.0,2,LANDING_PHASE,-0.6456,0.9043
308,2.419,-13.1784,12.9052,3.2209,-0.6444,0.8275,-0.643,3.656,3.773,4.833,-15.3303,16.004,0.2,0.0031,-0.0754,0.0,-0.71,0.9551,-0.65,1.356,0.369,1,0,0,0.655,0.32,0.68,0,0,0.0,2,LANDING_PHASE,-0.6475,0.9029
309,2.427,-13.1914,12.9219,3.208,-0.6464,0.8334,-0.6427,3.641,3.75,4.808,-15.3302,16.0027,0.2,0.0028,-0.0679,0.0,-0.7102,0.9623,-0.65,1.3612,0.3253,1,0,0,0.655,0.319,0.681,0,0,0.0,2,LANDING_PHASE,-0.6492,0.9013
310,2.435,-13.2043,12.9387,3.1952,-0.6492,0.842,-0.6427,3.626,3.728,4.782,-15.3302,16.0015,0.2,0.0025,-0.0605,0.0,-0.7104,0.9694,-0.65,1.3664,0.3647,1,0,0,0.661,0.317,0.683,0,0,0.0,2,LANDING_PHASE,-0.6517,0.9025
311,2.442,-13.2174,12.9557,3.1823,-0.6517,0.8501,-0.6425,3.612,3.706,4.757,-15.3301,16.0004,0.2,0.0022,-0.0529,0.0,-0.7105,0.9767,-0.65,1.3716,0.321,1,0,0,0.66,0.316,0.684,0,0,0.0,2,LANDING_PHASE,-0.6539,0.903
312,2.45,-13.2305,12.973,3.1695,-0.655,0.8605,-0.6426,3.598,3.684,4.731,-15.3301,15.9995,0.2,0.0019,-0.0455,0.0,-0.7107,0.9838,-0.65,1.3768,0.3602,1,0,0,0.664,0.323,0.677,0,0,0.0,2,LANDING_PHASE,-0.6569,0.906
313,2.458,-13.2436,12.9904,3.1566,-0.6579,0.8699,-0.6426,3.585,3.661,4.706,-15.33,15.9987,0.2,0.0016,-0.038,0.0,-0.7109,0.9911,-0.65,1.3821,0.3163,1,0,0,0.663,0.32,0.68,0,0,0.0,2,LANDING_PHASE,-0.6595,0.9079
314,2.466,-13.2569,13.008,3.1438,-0.6615,0.8813,-0.6428,3.572,3.639,4.68,-15.33,15.9981,0.2,0.0012,-0.0305,0.0,-0.711,0.9983,-0.65,1.3873,0.3553,1,0,0,0.667,0.322,0.678,0,0,0.0,2,LANDING_PHASE,-0.6627,0.9118
315,2.473,-13.2701,13.0258,3.1309,-0.6646,0.8913,-0.6428,3.559,3.616,4.655,-15.33,15.9977,0.2,0.001,-0.023,0.0,-0.7112,1.0055,-0.65,1.3926,0.3113,1,0,0,0.665,0.322,0.678,0,0,0.0,2,LANDING_PHASE,-0.6655,0.9143
316,2.481,-13.2835,13.0439,3.1181,-0.6683,0.9028,-0.643,3.546,3.593,4.629,-15.33,15.9974,0.2,0.0007,-0.0155,0.0,-0.7113,1.0127,-0.65,1.3979,0.3501,1,0,0,0.668,0.322,0.678,0,0,0.0,2,LANDING_PHASE,-0.6689,0.9183
317,2.489,-13.2969,13.0621,3.1052,-0.6714,0.9124,-0.6437,3.534,3.57,4.603,-15.33,15.9972,0.2,0.0003,-0.008,0.0,-0.7114,1.02,-0.65,1.4032,0.3203,1,0,0,0.667,0.324,0.676,0,0,0.0,2,LANDING_PHASE,-0.6717,0.9203
318,2.497,-13.3104,13.0806,3.0923,-0.6751,0.9232,-0.6436,3.521,3.548,4.577,-15.33,15.9972,0.2,0.0,-0.0005,0.0,-0.7116,1.0272,-0.65,1.4085,0.3616,1,0,0,0.671,0.327,0.673,0,0,0.0,2,LANDING_PHASE,-0.6751,0.9237
319,2.504,-13.324,13.0992,3.0795,-0.6778,0.9327,-0.6434,3.508,3.525,4.551,-15.33,15.9973,0.2,-0.0003,0.007,0.0,-0.7117,1.0345,-0.65,1.4139,0.3196,1,0,0,0.67,0.324,0.676,0,0,0.0,2,LANDING_PHASE,-0.6775,0.9257
320,2.512,-13.3376,13.1181,3.0666,-0.6805,0.9439,-0.6435,3.495,3.502,4.525,-15.33,15.9976,0.2,-0.0006,0.0145,0.0,-0.7118,1.0417,-0.65,1.4193,0.3611,1,0,0,0.673,0.329,0.671,0,0,0.0,2,LANDING_PHASE,-0.6799,0.9295
321,2.519,-13.3513,13.1372,3.0537,-0.6822,0.9535,-0.6435,3.482,3.479,4.499,-15.33,15.9981,0.2,-0.0009,0.022,0.0,-0.7119,1.0489,-0.65,1.4246,0.3239,1,0,0,0.672,0.329,0.671,0,0,0.0,2,LANDING_PHASE,-0.6813,0.9315
322,2.527,-13.3649,13.1565,3.0408,-0.6838,0.9643,-0.6436,3.47,3.455,4.473,-15.33,15.9986,0.2,-0.0012,0.0295,0.0,-0.712,1.0562,-0.65,1.43,0.3656,1,0,0,0.675,0.326,0.674,0,0,0.0,2,LANDING_PHASE,-0.6826,0.9349
323,2.535,-13.3786,13.1759,3.028,-0.6851,0.9735,-0.6435,3.457,3.432,4.447,-15.3301,15.9994,0.2,-0.0016,0.037,0.0,-0.7122,1.0634,-0.65,1.4355,0.3227,1,0,0,0.672,0.328,0.672,0,0,0.0,2,LANDING_PHASE,-0.6835,0.9365
324,2.544,-13.3924,13.1956,3.0151,-0.687,0.984,-0.6436,3.444,3.409,4.421,-15.3301,16.0003,0.2,-0.0018,0.0445,0.0,-0.7123,1.0707,-0.65,1.4409,0.3644,1,0,0,0.675,0.328,0.672,0,0,0.0,2,LANDING_PHASE,-0.6852,0.9395
325,2.553,-13.4061,13.2155,3.0022,-0.6884,0.9923,-0.6437,3.432,3.386,4.395,-15.3301,16.0013,0.2,-0.0022,0.052,0.0,-0.7124,1.0779,-0.65,1.4464,0.335,1,0,0,0.674,0.329,0.671,0,0,0.0,2,LANDING_PHASE,-0.6862,0.9404
326,2.561,-13.4199,13.2355,2.9894,-0.6904,1.0017,-0.6438,3.419,3.362,4.369,-15.3302,16.0025,0.2,-0.0024,0.0594,0.0,-0.7125,1.0851,-0.65,1.4518,0.3765,1,0,0,0.678,0.326,0.674,0,0,0.0,2,LANDING_PHASE,-0.688,0.9422
327,2.571,-13.4338,13.2557,2.9765,-0.6914,1.0095,-0.6437,3.406,3.339,4.343,-15.3303,16.0038,0.2,-0.0028,0.0669,0.0,-0.7126,1.0924,-0.65,1.4573,0.3327,1,0,0,0.677,0.329,0.671,0,0,0.0,2,LANDING_PHASE,-0.6886,0.9426
328,2.579,-13.4476,13.2761,2.9636,-0.6924,1.0191,-0.6437,3.394,3.316,4.316,-15.3303,16.0053,0.2,-0.0031,0.0744,0.0,-0.7127,1.0996,-0.65,1.4627,0.374,1,0,0,0.68,0.328,0.672,0,0,0.0,2,LANDING_PHASE,-0.6893,0.9447
329,2.587,-13.4615,13.2966,2.9507,-0.6923,1.0267,-0.6438,3.381,3.292,4.29,-15.3304,16.007,0.2,-0.0034,0.0818,0.0,-0.7128,1.1068,-0.65,1.4682,0.3377,1,0,0,0.678,0.331,0.669,0,0,0.0,2,LANDING_PHASE,-0.6889,0.9449
330,2.595,-13.4753,13.3173,2.9378,-0.6921,1.0357,-0.6444,3.368,3.269,4.264,-15.3305,16.0088,0.2,-0.0037,0.0894,0.0,-0.7129,1.1141,-0.65,1.4738,0.378,1,0,0,0.682,0.329,0.671,0,0,0.0,2,LANDING_PHASE,-0.6884,0.9463
331,2.603,-13.4892,13.3382,2.925,-0.6919,1.043,-0.644,3.356,3.245,4.238,-15.3305,16.0107,0.2,-0.004,0.0969,0.0,-0.713,1.1214,-0.65,1.4793,0.3306,1,0,0,0.68,0.331,0.669,0,0,0.0,2,LANDING_PHASE,-0.6879,0.9461
332,2.61,-13.503,13.3592,2.9121,-0.6924,1.0519,-0.6439,3.343,3.222,4.212,-15.3306,16.0128,0.2,-0.0043,0.1042,0.0,-0.7132,1.1285,-0.65,1.4848,0.3689,1,0,0,0.682,0.329,0.671,0,0,0.0,2,LANDING_PHASE,-0.6881,0.9477
333,2.618,-13.5169,13.3804,2.8992,-0.6929,1.0589,-0.6438,3.331,3.199,4.185,-15.3307,16.015,0.2,-0.0046,0.1118,0.0,-0.7132,1.1358,-0.65,1.4904,0.3244,1,0,0,0.68,0.331,0.669,0,0,0.0,2,LANDING_PHASE,-0.6883,0.9471
334,2.626,-13.5307,13.4017,2.8863,-0.6941,1.0671,-0.6438,3.318,3.175,4.159,-15.3308,16.0174,0.2,-0.005,0.1191,0.0,-0.7134,1.1429,-0.65,1.4958,0.3622,1,0,0,0.683,0.331,0.669,0,0,0.0,2,LANDING_PHASE,-0.6892,0.948
335,2.634,-13.5446,13.4232,2.8735,-0.6951,1.0732,-0.6438,3.305,3.152,4.133,-15.3309,16.0199,0.2,-0.0052,0.1266,0.0,-0.7134,1.1502,-0.65,1.5015,0.3285,1,0,0,0.682,0.33,0.67,0,0,0.0,2,LANDING_PHASE,-0.6898,0.9466
336,2.642,-13.5586,13.4448,2.8606,-0.6966,1.0803,-0.6437,3.293,3.128,4.107,-15.331,16.0226,0.2,-0.0056,0.1341,0.0,-0.7135,1.1574,-0.65,1.507,0.3661,1,0,0,0.686,0.336,0.664,0,0,0.0,2,LANDING_PHASE,-0.6911,0.9462
337,2.65,-13.5725,13.4665,2.8477,-0.6973,1.086,-0.6436,3.28,3.105,4.081,-15.3312,16.0254,0.2,-0.0059,0.1414,0.0,-0.7136,1.1645,-0.65,1.5125,0.3191,1,0,0,0.685,0.334,0.666,0,0,0.0,2,LANDING_PHASE,-0.6915,0.9446
338,2.658,-13.5865,13.4884,2.8348,-0.6981,1.0933,-0.6436,3.268,3.082,4.054,-15.3313,16.0284,0.2,-0.0062,0.149,0.0,-0.7136,1.1718,-0.65,1.5182,0.3564,1,0,0,0.689,0.339,0.661,0,0,0.0,2,LANDING_PHASE,-0.6919,0.9444
339,2.665,-13.6004,13.5104,2.822,-0.6979,1.0988,-0.644,3.255,3.058,4.028,-15.3314,16.0315,0.2,-0.0065,0.1563,0.0,-0.7137,1.179,-0.65,1.5238,0.3189,1,0,0,0.687,0.336,0.664,0,0,0.0,2,LANDING_PHASE,-0.6914,0.9425
340,2.673,-13.6144,13.5325,2.8091,-0.6977,1.1056,-0.6438,3.243,3.035,4.002,-15.3315,16.0348,0.2,-0.0068,0.1637,0.0,-0.7137,1.1862,-0.65,1.5294,0.3576,1,0,0,0.69,0.34,0.66,0,0,0.0,2,LANDING_PHASE,-0.6909,0.9419
341,2.681,-13.6283,13.5547,2.7962,-0.6975,1.1108,-0.6436,3.23,3.012,3.976,-15.3317,16.0382,0.2,-0.0071,0.1711,0.0,-0.7138,1.1934,-0.65,1.535,0.3174,1,0,0,0.689,0.338,0.662,0,0,0.0,2,LANDING_PHASE,-0.6904,0.9397
342,2.689,-13.6423,13.577,2.7833,-0.6984,1.1176,-0.6436,3.218,2.988,3.95,-15.3318,16.0418,0.2,-0.0074,0.1785,0.0,-0.7138,1.2006,-0.65,1.5406,0.3557,1,0,0,0.692,0.343,0.657,0,0,0.0,2,LANDING_PHASE,-0.6911,0.9391
343,2.697,-13.6563,13.5995,2.7705,-0.6991,1.1228,-0.6437,3.205,2.965,3.924,-15.332,16.0455,0.2,-0.0077,0.1859,0.0,-0.7138,1.2078,-0.65,1.5462,0.3135,1,0,0,0.691,0.339,0.661,0,0,0.0,2,LANDING_PHASE,-0.6914,0.937
344,2.704,-13.6703,13.6221,2.7576,-0.7006,1.1296,-0.6436,3.193,2.942,3.898,-15.3321,16.0494,0.2,-0.0081,0.1932,0.0,-0.713,1.2135,-0.6492,1.55,0.3522,1,0,0,0.694,0.344,0.656,0,0,0.0,2,LANDING_PHASE,-0.6926,0.9364
345,2.712,-13.6843,13.6448,2.7447,-0.7017,1.1347,-0.6436,3.18,2.918,3.872,-15.3323,16.0534,0.2,-0.0083,0.2007,0.0,-0.7103,1.2164,-0.6469,1.55,0.3209,1,0,0,0.694,0.343,0.657,0,0,0.0,2,LANDING_PHASE,-0.6934,0.9341
346,2.719,-13.6984,13.6676,2.7319,-0.7035,1.1413,-0.6424,3.168,2.895,3.846,-15.3325,16.0576,0.2,-0.0087,0.208,0.0,-0.7077,1.2191,-0.6445,1.55,0.361,1,0,0,0.698,0.347,0.653,0,0,0.0,2,LANDING_PHASE,-0.6948,0.9333
347,2.727,-13.7125,13.6906,2.7191,-0.7043,1.1467,-0.6407,3.155,2.872,3.82,-15.3327,16.0619,0.2,-0.0089,0.2152,0.0,-0.7051,1.2218,-0.6422,1.55,0.3172,1,0,0,0.698,0.345,0.655,0,0,0.0,2,LANDING_PHASE,-0.6954,0.9315
348,2.735,-13.7266,13.7136,2.7063,-0.7054,1.1541,-0.6389,3.143,2.849,3.794,-15.3328,16.0663,0.2,-0.0093,0.2226,0.0,-0.7025,1.2245,-0.6399,1.55,0.3574,1,0,0,0.701,0.347,0.653,0,0,0.0,2,LANDING_PHASE,-0.6961,0.9315
349,2.743,-13.7407,13.7368,2.6935,-0.7055,1.16,-0.6369,3.131,2.826,3.768,-15.333,16.0709,0.2,-0.0095,0.2299,0.0,-0.6999,1.2272,-0.6376,1.55,0.3131,1,0,0,0.7,0.347,0.653,0,0,0.0,2,LANDING_PHASE,-0.6959,0.9301
350,2.751,-13.7548,13.7602,2.6808,-0.7057,1.1675,-0.6349,3.118,2.802,3.743,-15.3332,16.0757,0.2,-0.0099,0.2372,0.0,-0.6974,1.2298,-0.6354,1.55,0.3534,1,0,0,0.703,0.349,0.651,0,0,0.0,2,LANDING_PHASE,-0.6958,0.9303
351,2.759,-13.7689,13.7836,2.6682,-0.7048,1.173,-0.6327,3.106,2.779,3.717,-15.3334,16.0806,0.2,-0.0102,0.2445,0.0,-0.6948,1.2325,-0.6331,1.55,0.3088,1,0,0,0.701,0.344,0.656,0,0,0.0,2,LANDING_PHASE,-0.6947,0.9285
352,2.767,-13.783,13.8072,2.6556,-0.7041,1.1797,-0.6305,3.094,2.756,3.691,-15.3336,16.0856,0.2,-0.0104,0.2518,0.0,-0.6922,1.2351,-0.6308,1.55,0.3492,1,0,0,0.703,0.348,0.652,0,0,0.0,2,LANDING_PHASE,-0.6936,0.9279
353,2.774,-13.797,13.8309,2.643,-0.7022,1.184,-0.6284,3.082,2.733,3.666,-15.3339,16.0908,0.2,-0.0108,0.259,0.0,-0.6897,1.2376,-0.6286,1.55,0.3147,1,0,0,0.702,0.344,0.656,0,0,0.0,2,LANDING_PHASE,-0.6914,0.925
354,2.782,-13.8111,13.8547,2.6305,-0.7002,1.189,-0.6262,3.069,2.71,3.64,-15.3341,16.0961,0.2,-0.0111,0.2664,0.0,-0.6871,1.2402,-0.6264,1.55,0.3551,1,0,0,0.705,0.349,0.651,0,0,0.0,2,LANDING_PHASE,-0.6892,0.9227
355,2.79,-13.825,13.8785,2.618,-0.6974,1.1921,-0.6239,3.056,2.687,3.615,-15.3343,16.1016,0.2,-0.0113,0.2735,0.0,-0.6846,1.2426,-0.6242,1.55,0.3099,1,0,0,0.703,0.343,0.657,0,0,0.0,2,LANDING_PHASE,-0.6861,0.9186
356,2.797,-13.8389,13.9025,2.6056,-0.6948,1.1964,-0.6217,3.043,2.664,3.59,-15.3345,16.1072,0.2,-0.0117,0.2807,0.0,-0.6822,1.2451,-0.622,1.55,0.3504,1,0,0,0.705,0.347,0.653,0,0,0.0,2,LANDING_PHASE,-0.6831,0.9158
357,2.805,-13.8527,13.9264,2.5932,-0.6912,1.1984,-0.6197,3.03,2.641,3.564,-15.3348,16.1129,0.2,-0.012,0.2879,0.0,-0.6797,1.2475,-0.6198,1.55,0.3221,1,0,0,0.704,0.344,0.656,0,0,0.0,2,LANDING_PHASE,-0.6792,0.9105
358,2.813,-13.8665,13.9505,2.5808,-0.6877,1.2012,-0.6174,3.017,2.619,3.539,-15.335,16.1188,0.2,-0.0123,0.2952,0.0,-0.6772,1.25,-0.6177,1.55,0.3627,1,0,0,0.708,0.351,0.649,0,0,0.0,2,LANDING_PHASE,-0.6754,0.906
359,2.821,-13.8802,13.9745,2.5685,-0.6838,1.2026,-0.6152,3.004,2.596,3.514,-15.3353,16.1249,0.2,-0.0125,0.3022,0.0,-0.6747,1.2523,-0.6156,1.55,0.3169,1,0,0,0.706,0.347,0.653,0,0,0.0,2,LANDING_PHASE,-0.6713,0.9003
360,2.828,-13.8938,13.9986,2.5563,-0.6807,1.2058,-0.613,2.991,2.574,3.49,-15.3355,16.1311,0.2,-0.0128,0.3095,0.0,-0.6722,1.2547,-0.6134,1.55,0.3573,1,0,0,0.709,0.352,0.648,0,0,0.0,2,LANDING_PHASE,-0.6679,0.8963
361,2.836,-13.9073,14.0228,2.5441,-0.6771,1.2072,-0.6108,2.979,2.552,3.465,-15.3358,16.1374,0.2,-0.0132,0.3165,0.0,-0.6699,1.257,-0.6113,1.55,0.3115,1,0,0,0.707,0.35,0.65,0,0,0.0,2,LANDING_PHASE,-0.664,0.8907
362,2.843,-13.9208,14.047,2.5319,-0.6742,1.2101,-0.6087,2.966,2.53,3.441,-15.3361,16.1439,0.2,-0.0134,0.3237,0.0,-0.6674,1.2593,-0.6092,1.55,0.3517,1,0,0,0.709,0.35,0.65,0,0,0.0,2,LANDING_PHASE,-0.6607,0.8864
363,2.851,-13.9342,14.0712,2.5197,-0.6708,1.2107,-0.6067,2.953,2.508,3.416,-15.3363,16.1505,0.2,-0.0137,0.3308,0.0,-0.665,1.2616,-0.6071,1.55,0.3231,1,0,0,0.71,0.349,0.651,0,0,0.0,2,LANDING_PHASE,-0.657,0.8799
364,2.859,-13.9476,14.0954,2.5077,-0.6679,1.2124,-0.6046,2.94,2.486,3.392,-15.3366,16.1573,0.2,-0.0141,0.3379,0.0,-0.6621,1.2637,-0.606,1.55,0.3632,1,0,0,0.714,0.358,0.642,0,0,0.0,2,LANDING_PHASE,-0.6538,0.8745
365,2.866,-13.9608,14.1197,2.4956,-0.6639,1.2129,-0.6029,2.928,2.464,3.368,-15.3369,16.1642,0.2,-0.0143,0.3448,0.0,-0.6588,1.2657,-0.6054,1.55,0.3234,1,0,0,0.714,0.356,0.644,0,0,0.0,2,LANDING_PHASE,-0.6496,0.868
366,2.874,-13.974,14.144,2.4836,-0.6597,1.2154,-0.6015,2.915,2.443,3.344,-15.3372,16.1712,0.2,-0.0146,0.352,0.0,-0.6556,1.2677,-0.6046,1.55,0.3635,1,0,0,0.718,0.36,0.64,0,0,0.0,2,LANDING_PHASE,-0.645,0.8633
367,2.882,-13.9871,14.1683,2.4716,-0.6551,1.2168,-0.6004,2.903,2.422,3.32,-15.3375,16.1784,0.2,-0.0149,0.3591,0.0,-0.6524,1.2697,-0.6039,1.55,0.3173,1,0,0,0.717,0.361,0.639,0,0,0.0,2,LANDING_PHASE,-0.6403,0.8577
368,2.889,-14.0002,14.1927,2.4596,-0.6513,1.2202,-0.5994,2.89,2.4,3.296,-15.3378,16.1857,0.2,-0.0152,0.366,0.0,-0.6493,1.2716,-0.6032,1.55,0.3571,1,0,0,0.72,0.363,0.637,0,0,0.0,2,LANDING_PHASE,-0.6361,0.8542
369,2.897,-14.0131,14.2172,2.4476,-0.6469,1.2223,-0.5985,2.878,2.379,3.273,-15.3381,16.1932,0.2,-0.0155,0.373,0.0,-0.6462,1.2736,-0.6025,1.55,0.3109,1,0,0,0.719,0.359,0.641,0,0,0.0,2,LANDING_PHASE,-0.6314,0.8493
370,2.904,-14.026,14.2417,2.4356,-0.6432,1.226,-0.5978,2.865,2.358,3.249,-15.3384,16.2008,0.2,-0.0158,0.3799,0.0,-0.6431,1.2755,-0.6017,1.55,0.3505,1,0,0,0.722,0.363,0.637,0,0,0.0,2,LANDING_PHASE,-0.6274,0.846
371,2.912,-14.0387,14.2663,2.4237,-0.639,1.2278,-0.5973,2.853,2.337,3.226,-15.3388,16.2085,0.2,-0.0161,0.3869,0.0,-0.64,1.2774,-0.6009,1.55,0.3063,1,0,0,0.721,0.361,0.639,0,0,0.0,2,LANDING_PHASE,-0.6229,0.8409
372,2.92,-14.0515,14.2909,2.4118,-0.6353,1.2308,-0.5964,2.84,2.316,3.203,-15.3391,16.2164,0.2,-0.0164,0.3939,0.0,-0.637,1.2793,-0.6001,1.55,0.347,1,0,0,0.723,0.362,0.638,0,0,0.0,2,LANDING_PHASE,-0.619,0.837
373,2.928,-14.0641,14.3155,2.3999,-0.631,1.2317,-0.5958,2.828,2.296,3.18,-15.3394,16.2244,0.2,-0.0166,0.4007,0.0,-0.634,1.2812,-0.5993,1.55,0.3199,1,0,0,0.723,0.362,0.638,0,0,0.0,2,LANDING_PHASE,-0.6144,0.8309
374,2.935,-14.0766,14.3402,2.388,-0.6272,1.2334,-0.5948,2.816,2.275,3.157,-15.3398,16.2325,0.2,-0.0169,0.4076,0.0,-0.631,1.283,-0.5985,1.55,0.3606,1,0,0,0.726,0.365,0.635,0,0,0.0,2,LANDING_PHASE,-0.6103,0.8258
375,2.943,-14.0891,14.3649,2.3761,-0.6234,1.234,-0.5939,2.804,2.255,3.134,-15.3401,16.2408,0.2,-0.0173,0.4146,0.0,-0.6281,1.2849,-0.5976,1.55,0.3153,1,0,0,0.725,0.365,0.635,0,0,0.0,2,LANDING_PHASE,-0.6062,0.8194
376,2.951,-14.1015,14.3896,2.3642,-0.6207,1.2365,-0.593,2.792,2.235,3.111,-15.3404,16.2493,0.2,-0.0175,0.4212,0.0,-0.6251,1.2867,-0.5968,1.55,0.3557,1,0,0,0.728,0.37,0.63,0,0,0.0,2,LANDING_PHASE,-0.6032,0.8153
377,2.958,-14.1139,14.4143,2.3524,-0.6178,1.2375,-0.5921,2.78,2.214,3.088,-15.3408,16.2578,0.2,-0.0178,0.4282,0.0,-0.6221,1.2886,-0.5958,1.55,0.3104,1,0,0,0.727,0.365,0.635,0,0,0.0,2,LANDING_PHASE,-0.6,0.8093
378,2.966,-14.1262,14.4391,2.3406,-0.616,1.2401,-0.5912,2.769,2.194,3.066,-15.3412,16.2665,0.2,-0.018,0.435,0.0,-0.619,1.2905,-0.595,1.55,0.3504,1,0,0,0.729,0.369,0.631,0,0,0.0,2,LANDING_PHASE,-0.5979,0.8051
379,2.973,-14.1385,14.464,2.3287,-0.6139,1.2406,-0.5904,2.757,2.175,3.043,-15.3415,16.2753,0.2,-0.0184,0.4416,0.0,-0.6161,1.2923,-0.594,1.55,0.3233,1,0,0,0.73,0.368,0.632,0,0,0.0,2,LANDING_PHASE,-0.5956,0.799
380,2.981,-14.1507,14.4888,2.317,-0.6128,1.2424,-0.5895,2.745,2.155,3.021,-15.3419,16.2843,0.2,-0.0186,0.4485,0.0,-0.613,1.2942,-0.5931,1.55,0.3631,1,0,0,0.734,0.373,0.627,0,0,0.0,2,LANDING_PHASE,-0.5942,0.7939
381,2.988,-14.1629,14.5137,2.3052,-0.6108,1.2432,-0.5885,2.733,2.135,2.998,-15.3423,16.2934,0.2,-0.0189,0.4552,0.0,-0.61,1.2961,-0.5922,1.55,0.3177,1,0,0,0.734,0.372,0.628,0,0,0.0,2,LANDING_PHASE,-0.5919,0.788
382,2.997,-14.1751,14.5386,2.2934,-0.609,1.2462,-0.5876,2.722,2.115,2.976,-15.3427,16.3027,0.2,-0.0192,0.4619,0.0,-0.607,1.2979,-0.5912,1.55,0.3575,1,0,0,0.737,0.375,0.625,0,0,0.0,2,LANDING_PHASE,-0.5898,0.7844
383,3.005,-14.1872,14.5635,2.2817,-0.6062,1.248,-0.5867,2.709,2.096,2.954,-15.3431,16.312,0.2,-0.0195,0.4685,0.0,-0.604,1.2997,-0.5903,1.55,0.3119,1,0,0,0.737,0.376,0.624,0,0,0.0,2,LANDING_PHASE,-0.5868,0.7794
384,3.013,-14.1993,14.5886,2.27,-0.6036,1.2515,-0.5858,2.695,2.077,2.932,-15.3435,16.3215,0.2,-0.0197,0.4751,0.0,-0.6011,1.3015,-0.5894,1.55,0.3516,1,0,0,0.74,0.378,0.622,0,0,0.0,2,LANDING_PHASE,-0.5838,0.7764
385,3.02,-14.2113,14.6136,2.2583,-0.5999,1.2533,-0.585,2.682,2.057,2.91,-15.3439,16.3312,0.2,-0.02,0.4819,0.0,-0.5982,1.3033,-0.5883,1.55,0.3132,1,0,0,0.739,0.378,0.622,0,0,0.0,2,LANDING_PHASE,-0.5799,0.7714
386,3.028,-14.2232,14.6388,2.2466,-0.5963,1.2565,-0.584,2.669,2.038,2.888,-15.3443,16.3409,0.2,-0.0203,0.4884,0.0,-0.5954,1.305,-0.5874,1.55,0.353,1,0,0,0.742,0.379,0.621,0,0,0.0,2,LANDING_PHASE,-0.576,0.7681
387,3.035,-14.2351,14.6639,2.2349,-0.5926,1.2581,-0.583,2.655,2.019,2.867,-15.3447,16.3508,0.2,-0.0206,0.495,0.0,-0.5926,1.3067,-0.5864,1.55,0.307,1,0,0,0.74,0.378,0.622,0,0,0.0,2,LANDING_PHASE,-0.572,0.7632
388,3.043,-14.2469,14.6892,2.2233,-0.5899,1.2614,-0.582,2.642,2.0,2.845,-15.3451,16.3609,0.2,-0.0208,0.5015,0.0,-0.5898,1.3084,-0.5854,1.55,0.3465,1,0,0,0.743,0.381,0.619,0,0,0.0,2,LANDING_PHASE,-0.5691,0.7598
389,3.051,-14.2586,14.7144,2.2117,-0.5872,1.2626,-0.5817,2.629,1.981,2.824,-15.3455,16.371,0.2,-0.0211,0.508,0.0,-0.587,1.3101,-0.5844,1.55,0.3151,1,0,0,0.741,0.379,0.621,0,0,0.0,2,LANDING_PHASE,-0.5661,0.7546
390,3.058,-14.2703,14.7397,2.2001,-0.5854,1.2651,-0.5805,2.615,1.963,2.802,-15.3459,16.3813,0.2,-0.0214,0.5145,0.0,-0.5841,1.3119,-0.5834,1.55,0.3576,1,0,0,0.745,0.381,0.619,0,0,0.0,2,LANDING_PHASE,-0.564,0.7506
391,3.066,-14.282,14.765,2.1885,-0.583,1.2661,-0.5793,2.602,1.944,2.781,-15.3464,16.3917,0.2,-0.0216,0.521,0.0,-0.5812,1.3136,-0.5823,1.55,0.3146,1,0,0,0.743,0.38,0.62,0,0,0.0,2,LANDING_PHASE,-0.5613,0.7452
392,3.074,-14.2936,14.7904,2.1769,-0.5812,1.2689,-0.5782,2.589,1.925,2.76,-15.3468,16.4023,0.2,-0.0219,0.5275,0.0,-0.5783,1.3154,-0.5813,1.55,0.3572,1,0,0,0.746,0.381,0.619,0,0,0.0,2,LANDING_PHASE,-0.5593,0.7414
393,3.081,-14.3052,14.8158,2.1654,-0.5787,1.2697,-0.577,2.577,1.907,2.739,-15.3472,16.413,0.2,-0.0222,0.5338,0.0,-0.5755,1.3171,-0.5802,1.55,0.3138,1,0,0,0.744,0.38,0.62,0,0,0.0,2,LANDING_PHASE,-0.5566,0.736
394,3.089,-14.3167,14.8413,2.1538,-0.5767,1.2719,-0.576,2.566,1.889,2.717,-15.3477,16.4238,0.2,-0.0225,0.5402,0.0,-0.5727,1.3188,-0.5792,1.55,0.3564,1,0,0,0.746,0.379,0.621,0,0,0.0,2,LANDING_PHASE,-0.5543,0.7317
395,3.097,-14.3282,14.8667,2.1423,-0.5742,1.2717,-0.5752,2.555,1.871,2.697,-15.3482,16.4347,0.2,-0.0227,0.5466,0.0,-0.5697,1.3205,-0.578,1.55,0.3375,1,0,0,0.746,0.38,0.62,0,0,0.0,2,LANDING_PHASE,-0.5515,0.7252
396,3.104,-14.3396,14.8921,2.1309,-0.5719,1.2724,-0.5747,2.544,1.852,2.676,-15.3486,16.4458,0.2,-0.0229,0.5528,0.0,-0.5668,1.3222,-0.5769,1.55,0.3758,1,0,0,0.751,0.385,0.615,0,0,0.0,2,LANDING_PHASE,-0.549,0.7196
397,3.112,-14.351,14.9176,2.1194,-0.5687,1.2725,-0.5733,2.533,1.835,2.655,-15.3491,16.4569,0.2,-0.0232,0.5591,0.0,-0.5641,1.3239,-0.5758,1.55,0.3275,1,0,0,0.752,0.385,0.615,0,0,0.0,2,LANDING_PHASE,-0.5455,0.7134
398,3.12,-14.3623,14.9431,2.1079,-0.5656,1.275,-0.572,2.522,1.817,2.635,-15.3495,16.4682,0.2,-0.0235,0.5654,0.0,-0.5613,1.3256,-0.5747,1.55,0.366,1,0,0,0.755,0.392,0.608,0,0,0.0,2,LANDING_PHASE,-0.5421,0.7096
399,3.127,-14.3736,14.9686,2.0965,-0.5616,1.2765,-0.5707,2.51,1.799,2.614,-15.35,16.4797,0.2,-0.0237,0.5716,0.0,-0.5587,1.3272,-0.5736,1.55,0.3177,1,0,0,0.756,0.387,0.613,0,0,0.0,2,LANDING_PHASE,-0.5379,0.7049
400,3.135,-14.3847,14.9942,2.0851,-0.5577,1.28,-0.5696,2.499,1.782,2.594,-15.3505,16.4912,0.2,-0.024,0.5777,0.0,-0.5562,1.3287,-0.5725,1.55,0.356,1,0,0,0.759,0.393,0.607,0,0,0.0,2,LANDING_PHASE,-0.5337,0.7023
401,3.143,-14.3958,15.0199,2.0738,-0.5528,1.2821,-0.5687,2.488,1.764,2.573,-15.351,16.5029,0.2,-0.0243,0.584,0.0,-0.5537,1.3302,-0.5714,1.55,0.3157,1,0,0,0.76,0.391,0.609,0,0,0.0,2,LANDING_PHASE,-0.5286,0.6981
402,3.15,-14.4067,15.0456,2.0624,-0.548,1.2858,-0.5675,2.477,1.747,2.553,-15.3515,16.5147,0.2,-0.0245,0.5901,0.0,-0.5251,1.2916,-0.1874,1.4068,0.3539,1,1,0,0.762,0.396,0.604,0,0,0.0,2,DESCENT_PHASE,-0.5235,0.6956
403,3.158,-14.4175,15.0714,2.0539,-0.5406,1.2919,-0.4255,2.469,1.729,2.535,-15.352,16.5266,0.2,-0.0247,0.5961,0.0,-0.498,1.252,-0.3564,1.3938,0.2977,1,1,0,0.76,0.394,0.606,0,0,0.0,2,DESCENT_PHASE,-0.5159,0.6958
404,3.166,-14.4283,15.0974,2.0459,-0.5367,1.2973,-0.3984,2.462,1.712,2.518,-15.3525,16.5387,0.2,-0.025,0.6022,0.0,-0.4711,1.2123,-0.39,1.3578,0.3387,1,1,0,0.762,0.392,0.608,0,0,0.0,2,DESCENT_PHASE,-0.5116,0.695
405,3.173,-14.4389,15.1233,2.038,-0.5327,1.2992,-0.3944,2.454,1.695,2.5,-15.353,16.5509,0.2,-0.0253,0.6083,0.0,-0.444,1.1727,-0.3936,1.3142,0.2983,1,1,0,0.759,0.392,0.608,0,0,0.0,2,DESCENT_PHASE,-0.5074,0.6909
406,3.181,-14.4495,15.1494,2.0302,-0.5291,1.3017,-0.3926,2.447,1.678,2.483,-15.3535,16.5631,0.2,-0.0255,0.6143,0.0,-0.4167,1.1332,-0.3947,1.2703,0.3029,1,1,0,0.757,0.384,0.616,0,0,0.0,2,DESCENT_PHASE,-0.5035,0.6875
407,3.188,-14.46,15.1754,2.0224,-0.5247,1.3014,-0.3911,2.439,1.661,2.466,-15.354,16.5755,0.2,-0.0257,0.6204,0.0,-0.389,1.094,-0.3952,1.2265,0.2922,1,1,0,0.752,0.382,0.618,0,0,0.0,2,DESCENT_PHASE,-0.4989,0.6811
408,3.196,-14.4703,15.2014,2.0146,-0.5169,1.2981,-0.3896,2.432,1.645,2.449,-15.3545,16.5881,0.2,-0.026,0.6262,0.0,-0.3611,1.0549,-0.3955,1.1831,0.3122,1,1,0,0.752,0.376,0.624,0,0,0.0,2,DESCENT_PHASE,-0.4908,0.6719
409,3.205,-14.4805,15.2272,2.0068,-0.5088,1.2909,-0.388,2.425,1.628,2.432,-15.355,16.6007,0.2,-0.0262,0.6321,0.0,-0.3327,1.0162,-0.3958,1.1402,0.3021,1,1,0,0.748,0.375,0.625,0,0,0.0,2,DESCENT_PHASE,-0.4826,0.6588
410,3.213,-14.4905,15.2528,1.9991,-0.497,1.2807,-0.3863,2.417,1.612,2.416,-15.3556,16.6135,0.2,-0.0265,0.638,0.0,-0.304,0.9778,-0.3958,1.0978,0.3205,1,1,0,0.748,0.367,0.633,0,0,0.0,2,DESCENT_PHASE,-0.4705,0.6427
411,3.221,-14.5002,15.2781,1.9914,-0.4847,1.2668,-0.3843,2.41,1.597,2.4,-15.3561,16.6263,0.2,-0.0268,0.6438,0.0,-0.2744,0.94,-0.3961,1.0563,0.3109,1,1,0,0.744,0.37,0.63,0,0,0.0,2,DESCENT_PHASE,-0.458,0.623
412,3.229,-14.5095,15.3031,1.9838,-0.4686,1.2499,-0.3828,2.403,1.582,2.384,-15.3567,16.6393,0.2,-0.027,0.6495,0.0,-0.2692,0.9346,-0.3957,1.05,0.3198,1,1,0,0.744,0.371,0.629,0,0,0.0,2,DESCENT_PHASE,-0.4416,0.6004
413,3.236,-14.5186,15.3277,1.9761,-0.4518,1.2293,-0.3813,2.395,1.568,2.369,-15.3572,16.6524,0.2,-0.0272,0.6554,0.0,-0.2686,0.9351,-0.3949,1.05,0.3105,1,1,0,0.739,0.369,0.631,0,0,0.0,2,DESCENT_PHASE,-0.4245,0.574
414,3.245,-14.5272,15.3518,1.9685,-0.4316,1.2052,-0.3816,2.388,1.554,2.354,-15.3577,16.6657,0.2,-0.0275,0.6611,0.0,-0.2686,0.9365,-0.3917,1.05,0.3499,1,1,0,0.738,0.369,0.631,0,0,0.0,2,DESCENT_PHASE,-0.4041,0.5441
415,3.252,-14.5354,15.3754,1.9609,-0.411,1.1766,-0.3814,2.38,1.542,2.34,-15.3583,16.679,0.2,-0.0277,0.6668,0.0,-0.2684,0.9377,-0.3889,1.05,0.3171,1,1,0,0.735,0.363,0.637,0,0,0.0,2,DESCENT_PHASE,-0.3833,0.5098
416,3.26,-14.5432,15.3983,1.9532,-0.3904,1.1467,-0.3811,2.372,1.53,2.327,-15.3589,16.6925,0.2,-0.0279,0.6724,0.0,-0.2684,0.9388,-0.3862,1.05,0.3604,1,1,0,0.737,0.366,0.634,0,0,0.0,2,DESCENT_PHASE,-0.3624,0.4743
417,3.267,-14.5506,15.4206,1.9456,-0.3682,1.1135,-0.3817,2.364,1.519,2.314,-15.3594,16.706,0.2,-0.0282,0.6781,0.0,-0.2686,0.9404,-0.3822,1.05,0.3457,1,1,0,0.733,0.365,0.635,0,0,0.0,2,DESCENT_PHASE,-0.34,0.4354
418,3.275,-14.5575,15.4422,1.938,-0.3452,1.0802,-0.3826,2.357,1.509,2.301,-15.36,16.7197,0.2,-0.0284,0.6837,0.0,-0.2689,0.942,-0.3779,1.05,0.3523,1,1,0,0.734,0.365,0.635,0,0,0.0,2,DESCENT_PHASE,-0.3169,0.3965
419,3.283,-14.564,15.4631,1.9303,-0.3245,1.0457,-0.3822,2.349,1.499,2.29,-15.3606,16.7335,0.2,-0.0287,0.6892,0.0,-0.2689,0.9432,-0.375,1.05,0.3929,1,1,0,0.74,0.37,0.63,0,0,0.0,2,DESCENT_PHASE,-0.2958,0.3565
420,3.291,-14.57,15.4833,1.9227,-0.3033,1.0116,-0.3818,2.341,1.491,2.278,-15.3611,16.7474,0.2,-0.0288,0.6947,0.0,-0.2689,0.9443,-0.3722,1.05,0.3669,1,1,0,0.74,0.376,0.624,0,0,0.0,2,DESCENT_PHASE,-0.2744,0.3169
421,3.299,-14.5757,15.5029,1.9151,-0.2824,0.9808,-0.3806,2.334,1.484,2.268,-15.3617,16.7614,0.2,-0.0291,0.7002,0.0,-0.2689,0.945,-0.3704,1.05,0.38,1,1,0,0.746,0.377,0.623,0,0,0.0,2,DESCENT_PHASE,-0.2533,0.2806
422,3.306,-14.581,15.522,1.9075,-0.2642,0.9521,-0.3793,2.326,1.477,2.258,-15.3623,16.7755,0.2,-0.0293,0.7056,0.0,-0.2686,0.9457,-0.3688,1.05,0.3613,1,1,0,0.747,0.375,0.625,0,0,0.0,2,DESCENT_PHASE,-0.2349,0.2465
423,3.314,-14.5859,15.5405,1.8999,-0.2453,0.9265,-0.3783,2.319,1.471,2.248,-15.3629,16.7897,0.2,-0.0296,0.711,0.0,-0.2687,0.9463,-0.3671,1.05,0.3904,1,1,0,0.753,0.374,0.626,0,0,0.0,2,DESCENT_PHASE,-0.2157,0.2155
424,3.321,-14.5905,15.5586,1.8924,-0.2287,0.9029,-0.3764,2.312,1.466,2.239,-15.3635,16.804,0.2,-0.0298,0.7164,0.0,-0.2684,0.9467,-0.3665,1.05,0.3535,1,1,0,0.754,0.384,0.616,0,0,0.0,2,DESCENT_PHASE,-0.1989,0.1865
425,3.329,-14.5947,15.5762,1.8849,-0.2137,0.8838,-0.3744,2.304,1.461,2.23,-15.3641,16.8185,0.2,-0.03,0.7216,0.0,-0.2681,0.9469,-0.3662,1.05,0.3816,1,1,0,0.759,0.387,0.613,0,0,0.0,2,DESCENT_PHASE,-0.1837,0.1622
426,3.337,-14.5988,15.5936,1.8775,-0.2015,0.8668,-0.3724,2.297,1.457,2.222,-15.3647,16.833,0.2,-0.0302,0.727,0.0,-0.2674,0.9471,-0.366,1.05,0.3445,1,1,0,0.76,0.39,0.61,0,0,0.0,2,DESCENT_PHASE,-0.1713,0.1398
427,3.344,-14.6026,15.6107,1.87,-0.1911,0.8543,-0.3704,2.29,1.453,2.214,-15.3653,16.8476,0.2,-0.0304,0.7321,0.0,-0.2668,0.9473,-0.366,1.05,0.3727,1,1,0,0.766,0.396,0.604,0,0,0.0,2,DESCENT_PHASE,-0.1606,0.1221
428,3.352,-14.6062,15.6275,1.8627,-0.1834,0.8436,-0.3685,2.283,1.45,2.206,-15.3659,16.8624,0.2,-0.0306,0.7375,0.0,-0.2658,0.9475,-0.3661,1.05,0.3291,1,1,2,0.767,0.395,0.605,0,0,0.0,2,DESCENT_PHASE,-0.1527,0.1061
429,3.359,-14.6098,15.6442,1.8564,-0.1761,0.8358,-0.3134,2.277,1.447,2.199,-15.3665,16.8772,0.2,-0.0309,0.7425,0.0,-0.259,0.9262,-0.4214,1.05,0.3717,1,1,2,0.771,0.404,0.596,0,0,0.0,2,DESCENT_PHASE,-0.1452,0.0933
430,3.366,-14.6132,15.6608,1.8509,-0.1714,0.8299,-0.2779,2.271,1.444,2.193,-15.3672,16.8922,0.2,-0.031,0.7477,0.0,-0.2538,0.9121,-0.454,1.05,0.3864,1,1,2,0.78,0.413,0.587,0,0,0.0,2,DESCENT_PHASE,-0.1404,0.0822
431,3.374,-14.6166,15.6774,1.8458,-0.1704,0.8295,-0.2541,2.266,1.441,2.188,-15.3678,16.9073,0.2,-0.0313,0.7527,0.0,-0.2499,0.9027,-0.4746,1.05,0.3675,1,1,2,0.786,0.415,0.585,0,0,0.0,2,DESCENT_PHASE,-0.1391,0.0767
432,3.382,-14.62,15.6941,1.841,-0.1695,0.8357,-0.2372,2.262,1.438,2.182,-15.3684,16.9224,0.2,-0.0315,0.7578,0.0,-0.2469,0.8961,-0.4885,1.05,0.3862,1,1,2,0.793,0.423,0.577,0,0,0.0,2,DESCENT_PHASE,-0.138,0.0779
433,3.389,-14.6234,15.7111,1.8365,-0.1726,0.8468,-0.2257,2.258,1.435,2.177,-15.369,16.9377,0.2,-0.0317,0.7628,0.0,-0.2442,0.8918,-0.4976,1.05,0.3694,1,1,2,0.799,0.424,0.576,0,0,0.0,2,DESCENT_PHASE,-0.1409,0.084
434,3.397,-14.627,15.7284,1.8322,-0.1756,0.8642,-0.218,2.253,1.432,2.171,-15.3697,16.953,0.2,-0.0319,0.7677,0.0,-0.2423,0.889,-0.5035,1.05,0.3334,1,1,2,0.801,0.424,0.576,0,0,0.0,2,DESCENT_PHASE,-0.1437,0.0965
435,3.405,-14.6306,15.7461,1.8279,-0.182,0.8865,-0.2138,2.249,1.429,2.166,-15.3703,16.9685,0.2,-0.0321,0.7727,0.0,-0.2404,0.8876,-0.5068,1.05,0.3614,1,1,2,0.804,0.422,0.578,0,0,0.0,2,DESCENT_PHASE,-0.1499,0.1138
436,3.412,-14.6344,15.7643,1.8236,-0.1903,0.9105,-0.2115,2.245,1.425,2.16,-15.371,16.984,0.2,-0.0323,0.7775,0.0,-0.2387,0.8871,-0.5085,1.05,0.3411,1,1,2,0.806,0.426,0.574,0,0,0.0,2,DESCENT_PHASE,-0.158,0.133
437,3.42,-14.6384,15.7831,1.8194,-0.1983,0.9382,-0.2108,2.241,1.42,2.154,-15.3716,16.9997,0.2,-0.0325,0.7824,0.0,-0.2373,0.8871,-0.5091,1.05,0.3428,1,1,2,0.808,0.428,0.572,0,0,0.0,2,DESCENT_PHASE,-0.1658,0.1558
438,3.428,-14.6425,15.8024,1.8152,-0.2075,0.9677,-0.2111,2.237,1.416,2.148,-15.3723,17.0154,0.2,-0.0327,0.7872,0.0,-0.236,0.8876,-0.509,1.05,0.3338,1,1,2,0.808,0.432,0.568,0,0,0.0,2,DESCENT_PHASE,-0.1748,0.1806
439,3.436,-14.6468,15.8224,1.811,-0.2152,0.9987,-0.2122,2.233,1.41,2.141,-15.3729,17.0313,0.2,-0.0329,0.7919,0.0,-0.235,0.8882,-0.5082,1.05,0.3526,1,1,2,0.809,0.434,0.566,0,0,0.0,2,DESCENT_PHASE,-0.1823,0.2068
440,3.443,-14.6513,15.843,1.8067,-0.2246,1.0302,-0.2138,2.229,1.404,2.134,-15.3736,17.0472,0.2,-0.0331,0.7966,0.0,-0.2339,0.8891,-0.5072,1.05,0.3424,1,1,2,0.81,0.435,0.565,0,0,0.0,2,DESCENT_PHASE,-0.1915,0.2336
441,3.451,-14.656,15.8643,1.8024,-0.2321,1.0634,-0.2157,2.225,1.398,2.126,-15.3743,17.0632,0.2,-0.0333,0.8013,0.0,-0.2332,0.89,-0.506,1.05,0.2968,1,1,2,0.808,0.431,0.569,0,0,0.0,2,DESCENT_PHASE,-0.1988,0.2621
442,3.459,-14.6608,15.8862,1.798,-0.2406,1.0971,-0.2177,2.221,1.391,2.118,-15.3749,17.0793,0.2,-0.0335,0.8059,0.0,-0.2323,0.8909,-0.5048,1.05,0.3349,1,1,2,0.808,0.431,0.569,0,0,0.0,2,DESCENT_PHASE,-0.2071,0.2913
443,3.466,-14.6658,15.9088,1.7936,-0.249,1.1278,-0.22,2.218,1.383,2.11,-15.3756,17.0955,0.2,-0.0337,0.8104,0.0,-0.2315,0.892,-0.5032,1.05,0.2955,1,1,2,0.805,0.426,0.574,0,0,0.0,2,DESCENT_PHASE,-0.2153,0.3174
444,3.474,-14.6709,15.9319,1.7892,-0.2584,1.1588,-0.2215,2.215,1.375,2.101,-15.3763,17.1118,0.2,-0.0339,0.815,0.0,-0.2305,0.8928,-0.5024,1.05,0.3253,1,1,2,0.804,0.423,0.577,0,0,0.0,2,DESCENT_PHASE,-0.2245,0.3438
445,3.482,-14.6763,15.9557,1.7847,-0.2678,1.1867,-0.2224,2.211,1.366,2.092,-15.377,17.1282,0.2,-0.034,0.8195,0.0,-0.2293,0.8933,-0.5019,1.05,0.2892,1,1,2,0.8,0.427,0.573,0,0,0.0,2,DESCENT_PHASE,-0.2338,0.3672
446,3.49,-14.6818,15.9799,1.7803,-0.2759,1.2136,-0.2228,2.208,1.357,2.083,-15.3776,17.1447,0.2,-0.0342,0.824,0.0,-0.2283,0.8936,-0.5019,1.05,0.3323,1,1,2,0.799,0.424,0.576,0,0,0.0,2,DESCENT_PHASE,-0.2416,0.3896
447,3.497,-14.6874,16.0047,1.7758,-0.2823,1.2362,-0.2228,2.205,1.347,2.073,-15.3783,17.1613,0.2,-0.0344,0.8283,0.0,-0.2273,0.8937,-0.5021,1.05,0.291,1,1,2,0.795,0.424,0.576,0,0,0.0,2,DESCENT_PHASE,-0.2479,0.4079
448,3.505,-14.6932,16.0298,1.7714,-0.288,1.2577,-0.2225,2.201,1.337,2.063,-15.379,17.1779,0.2,-0.0346,0.8327,0.0,-0.2263,0.8938,-0.5024,1.05,0.3347,1,1,2,0.793,0.424,0.576,0,0,0.0,2,DESCENT_PHASE,-0.2534,0.425
449,3.512,-14.699,16.0553,1.7669,-0.2921,1.2744,-0.2219,2.198,1.327,2.053,-15.3797,17.1947,0.2,-0.0348,0.837,0.0,-0.2255,0.8939,-0.5027,1.05,0.2977,1,1,2,0.79,0.42,0.58,0,0,0.0,2,DESCENT_PHASE,-0.2574,0.4373
450,3.521,-14.705,16.0811,1.7625,-0.2956,1.2895,-0.2211,2.194,1.317,2.043,-15.3804,17.2115,0.2,-0.035,0.8412,0.0,-0.2247,0.8938,-0.5032,1.05,0.3419,1,1,2,0.788,0.417,0.583,0,0,0.0,2,DESCENT_PHASE,-0.2607,0.4483
451,3.529,-14.7109,16.1071,1.7581,-0.2978,1.2999,-0.2204,2.191,1.306,2.033,-15.3811,17.2284,0.2,-0.0351,0.8454,0.0,-0.2239,0.8939,-0.5033,1.05,0.3235,1,1,2,0.786,0.413,0.587,0,0,0.0,2,DESCENT_PHASE,-0.2627,0.4545
452,3.541,-14.7169,16.1333,1.7537,-0.2996,1.3087,-0.2195,2.187,1.296,2.023,-15.3818,17.2454,0.2,-0.0353,0.8496,0.0,-0.2232,0.894,-0.5035,1.05,0.3649,1,1,2,0.787,0.416,0.584,0,0,0.0,2,DESCENT_PHASE,-0.2642,0.4591
453,3.549,-14.7229,16.1596,1.7493,-0.3003,1.3143,-0.2194,2.184,1.285,2.013,-15.3825,17.2625,0.2,-0.0354,0.8538,0.0,-0.2225,0.8945,-0.5028,1.05,0.3173,1,1,2,0.785,0.413,0.587,0,0,0.0,2,DESCENT_PHASE,-0.2648,0.4605
454,3.556,-14.7289,16.186,1.745,-0.3006,1.3203,-0.2185,2.18,1.274,2.003,-15.3832,17.2796,0.2,-0.0356,0.8578,0.0,-0.222,0.8946,-0.5029,1.05,0.3556,1,1,2,0.786,0.415,0.585,0,0,0.0,2,DESCENT_PHASE,-0.265,0.4625
455,3.564,-14.7349,16.2124,1.7406,-0.2998,1.3233,-0.2179,2.177,1.264,1.993,-15.384,17.2969,0.2,-0.0358,0.8618,0.0,-0.2215,0.8949,-0.5025,1.05,0.307,1,1,2,0.783,0.412,0.588,0,0,0.0,2,DESCENT_PHASE,-0.264,0.4615
456,3.572,-14.7409,16.239,1.7363,-0.2987,1.3265,-0.2174,2.173,1.253,1.983,-15.3847,17.3142,0.2,-0.036,0.8658,0.0,-0.2211,0.8953,-0.5021,1.05,0.3453,1,1,2,0.784,0.413,0.587,0,0,0.0,2,DESCENT_PHASE,-0.2627,0.4607
457,3.579,-14.7468,16.2655,1.7319,-0.2964,1.3263,-0.2172,2.17,1.243,1.973,-15.3854,17.3316,0.2,-0.0361,0.8698,0.0,-0.2208,0.8959,-0.5012,1.05,0.3155,1,1,2,0.781,0.409,0.591,0,0,0.0,2,DESCENT_PHASE,-0.2603,0.4565
458,3.587,-14.7527,16.292,1.7276,-0.2937,1.326,-0.217,2.167,1.232,1.963,-15.3861,17.349,0.2,-0.0363,0.8737,0.0,-0.2206,0.8964,-0.5003,1.05,0.3405,1,1,2,0.781,0.41,0.59,0,0,0.0,2,DESCENT_PHASE,-0.2574,0.4524
459,3.594,-14.7585,16.3185,1.7232,-0.292,1.3235,-0.2171,2.163,1.222,1.953,-15.3869,17.3666,0.2,-0.0365,0.8776,0.0,-0.2202,0.8972,-0.499,1.05,0.3161,1,1,2,0.779,0.406,0.594,0,0,0.0,2,DESCENT_PHASE,-0.2556,0.446
460,3.602,-14.7643,16.3449,1.7189,-0.2901,1.321,-0.2168,2.16,1.212,1.943,-15.3876,17.3842,0.2,-0.0366,0.8813,0.0,-0.2198,0.8978,-0.4981,1.05,0.3329,1,1,2,0.779,0.407,0.593,0,0,0.0,2,DESCENT_PHASE,-0.2536,0.4397
461,3.609,-14.7701,16.3712,1.7146,-0.2897,1.3168,-0.2173,2.156,1.202,1.933,-15.3883,17.4019,0.2,-0.0368,0.8851,0.0,-0.2193,0.8989,-0.4964,1.05,0.3303,1,1,2,0.778,0.407,0.593,0,0,0.0,2,DESCENT_PHASE,-0.2529,0.4317
462,3.617,-14.7759,16.3975,1.7102,-0.2878,1.3121,-0.2174,2.153,1.192,1.924,-15.3891,17.4197,0.2,-0.037,0.8888,0.0,-0.2189,0.8998,-0.495,1.05,0.3442,1,1,2,0.78,0.408,0.592,0,0,0.0,2,DESCENT_PHASE,-0.2508,0.4233
463,3.624,-14.7816,16.4236,1.7059,-0.2875,1.3069,-0.217,2.149,1.182,1.915,-15.3898,17.4376,0.2,-0.0371,0.8924,0.0,-0.2181,0.9005,-0.4941,1.05,0.332,1,1,2,0.779,0.409,0.591,0,0,0.0,2,DESCENT_PHASE,-0.2504,0.4145
464,3.632,-14.7873,16.4497,1.7015,-0.2853,1.3021,-0.2168,2.146,1.173,1.905,-15.3906,17.4555,0.2,-0.0372,0.8961,0.0,-0.2177,0.9012,-0.4929,1.05,0.3524,1,1,2,0.781,0.407,0.593,0,0,0.0,2,DESCENT_PHASE,-0.248,0.406
465,3.64,-14.793,16.4756,1.6972,-0.2843,1.2968,-0.2167,2.143,1.163,1.896,-15.3913,17.4735,0.2,-0.0373,0.8996,0.0,-0.217,0.902,-0.4918,1.05,0.3401,1,1,2,0.781,0.409,0.591,0,0,0.0,2,DESCENT_PHASE,-0.247,0.3972
466,3.647,-14.7987,16.5014,1.6929,-0.282,1.2925,-0.217,2.139,1.154,1.887,-15.392,17.4915,0.2,-0.0375,0.9031,0.0,-0.2167,0.9029,-0.4902,1.05,0.3519,1,1,2,0.783,0.412,0.588,0,0,0.0,2,DESCENT_PHASE,-0.2445,0.3894
467,3.655,-14.8043,16.5272,1.6885,-0.2816,1.2884,-0.2167,2.136,1.145,1.878,-15.3928,17.5097,0.2,-0.0377,0.9066,0.0,-0.2159,0.9036,-0.4893,1.05,0.3373,1,1,2,0.783,0.415,0.585,0,0,0.0,2,DESCENT_PHASE,-0.244,0.3819
468,3.662,-14.8099,16.5529,1.6842,-0.2796,1.2855,-0.2165,2.133,1.136,1.869,-15.3936,17.5279,0.2,-0.0378,0.91,0.0,-0.2154,0.9042,-0.4883,1.05,0.3502,1,1,2,0.786,0.415,0.585,0,0,0.0,2,DESCENT_PHASE,-0.2419,0.3755
469,3.67,-14.8155,16.5786,1.6799,-0.2792,1.2829,-0.2164,2.13,1.127,1.86,-15.3943,17.5461,0.2,-0.038,0.9133,0.0,-0.2148,0.9049,-0.4873,1.05,0.3354,1,1,2,0.787,0.42,0.58,0,0,0.0,2,DESCENT_PHASE,-0.2413,0.3695
470,3.678,-14.821,16.6042,1.6755,-0.2769,1.2815,-0.2163,2.127,1.119,1.852,-15.3951,17.5645,0.2,-0.0381,0.9167,0.0,-0.2145,0.9055,-0.4863,1.05,0.3534,1,1,2,0.79,0.421,0.579,0,0,0.0,2,DESCENT_PHASE,-0.2388,0.3649
471,3.686,-14.8265,16.6298,1.6712,-0.2757,1.2807,-0.2162,2.124,1.11,1.843,-15.3958,17.5829,0.2,-0.0382,0.9199,0.0,-0.2139,0.9061,-0.4855,1.05,0.3381,1,1,2,0.792,0.422,0.578,0,0,0.0,2,DESCENT_PHASE,-0.2375,0.3607
472,3.693,-14.832,16.6555,1.6669,-0.2731,1.2817,-0.2161,2.121,1.102,1.834,-15.3966,17.6013,0.2,-0.0383,0.9232,0.0,-0.2137,0.9066,-0.4847,1.05,0.3433,1,1,2,0.794,0.425,0.575,0,0,0.0,2,DESCENT_PHASE,-0.2347,0.3585
473,3.701,-14.8374,16.6811,1.6626,-0.272,1.2837,-0.2166,2.118,1.093,1.826,-15.3974,17.6198,0.2,-0.0385,0.9263,0.0,-0.2134,0.9073,-0.4835,1.05,0.3305,1,1,2,0.794,0.423,0.577,0,0,0.0,2,DESCENT_PHASE,-0.2336,0.3574
474,3.708,-14.8428,16.7069,1.6582,-0.2696,1.287,-0.2163,2.114,1.085,1.817,-15.3982,17.6384,0.2,-0.0386,0.9295,0.0,-0.2132,0.9076,-0.4831,1.05,0.3484,1,1,2,0.797,0.427,0.573,0,0,0.0,2,DESCENT_PHASE,-0.231,0.3575
475,3.716,-14.8482,16.7327,1.6539,-0.269,1.2906,-0.2161,2.111,1.076,1.809,-15.3989,17.6571,0.2,-0.0387,0.9325,0.0,-0.2128,0.9079,-0.4827,1.05,0.3369,1,1,2,0.797,0.427,0.573,0,0,0.0,2,DESCENT_PHASE,-0.2303,0.3581
476,3.723,-14.8535,16.7586,1.6496,-0.2668,1.2957,-0.2165,2.108,1.067,1.8,-15.3997,17.6758,0.2,-0.0389,0.9356,0.0,-0.2128,0.9084,-0.4818,1.05,0.3375,1,1,2,0.798,0.426,0.574,0,0,0.0,2,DESCENT_PHASE,-0.2279,0.3601
477,3.731,-14.8589,16.7846,1.6453,-0.266,1.3013,-0.2163,2.105,1.059,1.792,-15.4005,17.6946,0.2,-0.039,0.9384,0.0,-0.2125,0.9086,-0.4815,1.05,0.3248,1,1,2,0.798,0.426,0.574,0,0,0.0,2,DESCENT_PHASE,-0.227,0.3629
478,3.738,-14.8641,16.8108,1.6409,-0.2639,1.3072,-0.2162,2.102,1.05,1.783,-15.4013,17.7134,0.2,-0.0391,0.9414,0.0,-0.2125,0.9087,-0.4812,1.05,0.3406,1,1,2,0.799,0.427,0.573,0,0,0.0,2,DESCENT_PHASE,-0.2248,0.3659
479,3.746,-14.8694,16.837,1.6366,-0.2636,1.3126,-0.2161,2.098,1.042,1.775,-15.402,17.7323,0.2,-0.0392,0.9442,0.0,-0.2122,0.909,-0.4809,1.05,0.3283,1,1,2,0.799,0.428,0.572,0,0,0.0,2,DESCENT_PHASE,-0.2244,0.3684
480,3.753,-14.8746,16.8634,1.6323,-0.2617,1.3186,-0.2162,2.095,1.033,1.766,-15.4028,17.7512,0.2,-0.0393,0.9471,0.0,-0.2122,0.9092,-0.4804,1.05,0.3476,1,1,2,0.801,0.43,0.57,0,0,0.0,2,DESCENT_PHASE,-0.2224,0.3715
481,3.761,-14.8799,16.8899,1.628,-0.2613,1.3241,-0.2162,2.092,1.024,1.757,-15.4036,17.7702,0.2,-0.0394,0.9498,0.0,-0.212,0.9094,-0.4801,1.05,0.3356,1,1,2,0.801,0.428,0.572,0,0,0.0,2,DESCENT_PHASE,-0.2219,0.3743
482,3.769,-14.8851,16.9165,1.6236,-0.2594,1.3306,-0.2163,2.089,1.016,1.749,-15.4044,17.7893,0.2,-0.0396,0.9525,0.0,-0.2121,0.9096,-0.4797,1.05,0.3371,1,1,2,0.801,0.426,0.574,0,0,0.0,2,DESCENT_PHASE,-0.2199,0.3781
483,3.776,-14.8902,16.9432,1.6193,-0.2593,1.3372,-0.2163,2.085,1.007,1.74,-15.4052,17.8084,0.2,-0.0397,0.9552,0.0,-0.2119,0.9098,-0.4795,1.05,0.3254,1,1,2,0.8,0.425,0.575,0,0,0.0,2,DESCENT_PHASE,-0.2196,0.382
484,3.783,-14.8954,16.9701,1.615,-0.258,1.3438,-0.2163,2.082,0.998,1.731,-15.406,17.8275,0.2,-0.0398,0.9578,0.0,-0.212,0.9099,-0.4793,1.05,0.3409,1,1,2,0.801,0.432,0.568,0,0,0.0,2,DESCENT_PHASE,-0.2182,0.386
485,3.791,-14.9006,16.9971,1.6107,-0.2588,1.3495,-0.2163,2.079,0.989,1.723,-15.4068,17.8467,0.2,-0.0399,0.9604,0.0,-0.2117,0.9101,-0.479,1.05,0.3298,1,1,2,0.799,0.428,0.572,0,0,0.0,2,DESCENT_PHASE,-0.2189,0.3892
486,3.798,-14.9057,17.0242,1.6063,-0.2581,1.3553,-0.2163,2.076,0.98,1.714,-15.4076,17.866,0.2,-0.04,0.9628,0.0,-0.2117,0.9102,-0.4788,1.05,0.3451,1,1,2,0.801,0.432,0.568,0,0,0.0,2,DESCENT_PHASE,-0.218,0.3925
487,3.806,-14.9109,17.0514,1.602,-0.259,1.3605,-0.2163,2.073,0.971,1.705,-15.4084,17.8853,0.2,-0.0401,0.9653,0.0,-0.2114,0.9104,-0.4786,1.05,0.3345,1,1,2,0.8,0.429,0.571,0,0,0.0,2,DESCENT_PHASE,-0.2189,0.3952
488,3.813,-14.9161,17.0787,1.5977,-0.2581,1.3659,-0.2171,2.069,0.962,1.697,-15.4092,17.9046,0.2,-0.0402,0.9677,0.0,-0.2115,0.9108,-0.4777,1.05,0.3424,1,1,2,0.801,0.432,0.568,0,0,0.0,2,DESCENT_PHASE,-0.2179,0.3982
489,3.821,-14.9212,17.1062,1.5933,-0.2585,1.3708,-0.2169,2.065,0.953,1.688,-15.41,17.924,0.2,-0.0403,0.9701,0.0,-0.2113,0.9109,-0.4777,1.05,0.3283,1,1,2,0.8,0.427,0.573,0,0,0.0,2,DESCENT_PHASE,-0.2182,0.4007
490,3.828,-14.9264,17.1337,1.589,-0.2577,1.3758,-0.2167,2.061,0.944,1.679,-15.4108,17.9435,0.2,-0.0404,0.9723,0.0,-0.2114,0.9108,-0.4777,1.05,0.3406,1,1,2,0.801,0.431,0.569,0,0,0.0,2,DESCENT_PHASE,-0.2173,0.4035
491,3.836,-14.9316,17.1613,1.5847,-0.259,1.3801,-0.2168,2.056,0.934,1.67,-15.4116,17.963,0.2,-0.0405,0.9746,0.0,-0.2111,0.911,-0.4774,1.05,0.3269,1,1,2,0.801,0.428,0.572,0,0,0.0,2,DESCENT_PHASE,-0.2185,0.4056
492,3.843,-14.9368,17.189,1.5803,-0.2587,1.3848,-0.2166,2.052,0.925,1.662,-15.4124,17.9825,0.2,-0.0405,0.9768,0.0,-0.2111,0.9111,-0.4774,1.05,0.338,1,1,2,0.802,0.432,0.568,0,0,0.0,2,DESCENT_PHASE,-0.2182,0.408
493,3.851,-14.942,17.2167,1.576,-0.2601,1.3889,-0.2169,2.047,0.916,1.653,-15.4133,18.0021,0.2,-0.0407,0.9789,0.0,-0.2108,0.9113,-0.477,1.05,0.3252,1,1,2,0.802,0.429,0.571,0,0,0.0,2,DESCENT_PHASE,-0.2195,0.4099
494,3.858,-14.9472,17.2446,1.5717,-0.2598,1.3932,-0.2167,2.043,0.907,1.644,-15.4141,18.0217,0.2,-0.0408,0.9809,0.0,-0.2109,0.9113,-0.477,1.05,0.334,1,1,2,0.803,0.435,0.565,0,0,0.0,2,DESCENT_PHASE,-0.219,0.4123
495,3.866,-14.9524,17.2725,1.5673,-0.2609,1.397,-0.2166,2.038,0.897,1.635,-15.4149,18.0414,0.2,-0.0408,0.983,0.0,-0.2106,0.9114,-0.4769,1.05,0.3216,1,1,2,0.801,0.431,0.569,0,0,0.0,2,DESCENT_PHASE,-0.2201,0.4141
496,3.873,-14.9576,17.3006,1.563,-0.2603,1.4007,-0.2166,2.034,0.888,1.627,-15.4157,18.0611,0.2,-0.0409,0.9851,0.0,-0.2107,0.9115,-0.4768,1.05,0.3407,1,1,2,0.803,0.435,0.565,0,0,0.0,2,DESCENT_PHASE,-0.2194,0.4156
497,3.881,-14.9628,17.3286,1.5587,-0.261,1.4034,-0.2165,2.029,0.878,1.618,-15.4165,18.0808,0.2,-0.041,0.9869,0.0,-0.2106,0.9116,-0.4767,1.05,0.3283,1,1,2,0.802,0.432,0.568,0,0,0.0,2,DESCENT_PHASE,-0.22,0.4165
498,3.888,-14.968,17.3568,1.5543,-0.2603,1.4065,-0.2165,2.025,0.869,1.609,-15.4173,18.1006,0.2,-0.0411,0.9888,0.0,-0.2107,0.9116,-0.4765,1.05,0.3365,1,1,2,0.803,0.435,0.565,0,0,0.0,2,DESCENT_PHASE,-0.2193,0.4178
499,3.895,-14.9732,17.3849,1.55,-0.2613,1.4092,-0.2165,2.021,0.86,1.6,-15.4182,18.1204,0.2,-0.0412,0.9906,0.0,-0.2105,0.9117,-0.4764,1.05,0.3243,1,1,2,0.801,0.434,0.566,0,0,0.0,2,DESCENT_PHASE,-0.2201,0.4186
500,3.903,-14.9784,17.4132,1.5457,-0.2608,1.4119,-0.2164,2.016,0.85,1.592,-15.419,18.1402,0.2,-0.0412,0.9923,0.0,-0.2106,0.9117,-0.4764,1.05,0.3397,1,1,2,0.803,0.434,0.566,0,0,0.0,2,DESCENT_PHASE,-0.2196,0.4196
501,3.91,-14.9837,17.4415,1.5413,-0.262,1.4136,-0.2163,2.012,0.841,1.583,-15.4198,18.1601,0.2,-0.0413,0.9941,0.0,-0.2104,0.9119,-0.4762,1.05,0.3279,1,1,2,0.802,0.434,0.566,0,0,0.0,2,DESCENT_PHASE,-0.2207,0.4195
502,3.919,-14.9889,17.4698,1.537,-0.2613,1.4156,-0.2164,2.008,0.831,1.574,-15.4206,18.18,0.2,-0.0414,0.9957,0.0,-0.2106,0.9119,-0.476,1.05,0.3446,1,1,2,0.803,0.438,0.562,0,0,0.0,2,DESCENT_PHASE,-0.2199,0.4198
503,3.927,-14.9942,17.4981,1.5327,-0.2619,1.4168,-0.2164,2.005,0.822,1.566,-15.4215,18.2,0.2,-0.0414,0.9973,0.0,-0.2104,0.912,-0.4759,1.05,0.3329,1,1,2,0.803,0.435,0.565,0,0,0.0,2,DESCENT_PHASE,-0.2205,0.4196
504,3.934,-14.9994,17.5265,1.5284,-0.2612,1.4185,-0.2163,2.001,0.812,1.557,-15.4223,18.22,0.2,-0.0415,0.9989,0.0,-0.2106,0.912,-0.4758,1.05,0.3476,1,1,2,0.804,0.435,0.565,0,0,0.0,2,DESCENT_PHASE,-0.2197,0.4196
505,3.942,-15.0046,17.5549,1.524,-0.2624,1.4198,-0.2163,1.998,0.803,1.548,-15.4231,18.24,0.2,-0.0416,1.0003,0.0,-0.2104,0.9121,-0.4757,1.05,0.3364,1,1,2,0.804,0.433,0.567,0,0,0.0,2,DESCENT_PHASE,-0.2208,0.4195
506,3.95,-15.0099,17.5833,1.5197,-0.2619,1.4216,-0.2167,1.995,0.793,1.54,-15.424,18.26,0.2,-0.0416,1.0018,0.0,-0.2106,0.9123,-0.4752,1.05,0.3366,1,1,2,0.804,0.438,0.562,0,0,0.0,2,DESCENT_PHASE,-0.2203,0.4197
507,3.957,-15.0151,17.6118,1.5154,-0.263,1.4231,-0.2165,1.992,0.784,1.531,-15.4248,18.2801,0.2,-0.0416,1.0032,0.0,-0.2104,0.9123,-0.4753,1.05,0.3242,1,1,2,0.803,0.436,0.564,0,0,0.0,2,DESCENT_PHASE,-0.2213,0.4199
508,3.964,-15.0204,17.6402,1.511,-0.2627,1.4242,-0.2163,1.988,0.774,1.523,-15.4256,18.3002,0.2,-0.0417,1.0045,0.0,-0.2105,0.9123,-0.4753,1.05,0.3385,1,1,2,0.803,0.435,0.565,0,0,0.0,2,DESCENT_PHASE,-0.221,0.4197
509,3.972,-15.0257,17.6687,1.5067,-0.2644,1.424,-0.2162,1.985,0.765,1.514,-15.4265,18.3203,0.2,-0.0418,1.0057,0.0,-0.2103,0.9124,-0.4752,1.05,0.3263,1,1,2,0.802,0.433,0.567,0,0,0.0,2,DESCENT_PHASE,-0.2226,0.4183
510,3.979,-15.0309,17.6972,1.5024,-0.2644,1.4236,-0.2163,1.982,0.756,1.506,-15.4273,18.3404,0.2,-0.0418,1.0071,0.0,-0.2102,0.9125,-0.475,1.05,0.3477,1,1,2,0.803,0.433,0.567,0,0,0.0,2,DESCENT_PHASE,-0.2226,0.4165
511,3.986,-15.0363,17.7256,1.4981,-0.2659,1.4221,-0.2162,1.979,0.746,1.497,-15.4281,18.3606,0.2,-0.0419,1.0081,0.0,-0.2099,0.9127,-0.4749,1.05,0.3355,1,1,2,0.802,0.433,0.567,0,0,0.0,2,DESCENT_PHASE,-0.224,0.4139
512,3.994,-15.0416,17.7541,1.4938,-0.2665,1.421,-0.2161,1.976,0.737,1.489,-15.429,18.3808,0.2,-0.0419,1.0093,0.0,-0.2097,0.9128,-0.4748,1.05,0.3499,1,1,2,0.804,0.438,0.562,0,0,0.0,2,DESCENT_PHASE,-0.2246,0.4118
513,4.001,-15.047,17.7825,1.4894,-0.2694,1.4197,-0.216,1.972,0.727,1.48,-15.4298,18.401,0.2,-0.042,1.0104,0.0,-0.2091,0.913,-0.4746,1.05,0.3381,1,1,2,0.803,0.435,0.565,0,0,0.0,2,DESCENT_PHASE,-0.2274,0.4093
514,4.008,-15.0524,17.8108,1.4851,-0.2711,1.419,-0.216,1.969,0.718,1.472,-15.4307,18.4212,0.2,-0.042,1.0113,0.0,-0.2087,0.9131,-0.4745,1.05,0.3524,1,1,2,0.805,0.44,0.56,0,0,0.0,2,DESCENT_PHASE,-0.2291,0.4077
515,4.016,-15.0579,17.8392,1.4808,-0.2746,1.4181,-0.216,1.966,0.709,1.464,-15.4315,18.4414,0.2,-0.0421,1.0123,0.0,-0.2079,0.9134,-0.4744,1.05,0.3408,1,1,2,0.805,0.439,0.561,0,0,0.0,2,DESCENT_PHASE,-0.2326,0.4058
516,4.023,-15.0634,17.8676,1.4765,-0.2766,1.418,-0.2163,1.962,0.699,1.456,-15.4323,18.4617,0.2,-0.0421,1.0132,0.0,-0.2075,0.9136,-0.4741,1.05,0.3537,1,1,2,0.808,0.441,0.559,0,0,0.0,2,DESCENT_PHASE,-0.2345,0.4048
517,4.03,-15.069,17.8959,1.4721,-0.28,1.418,-0.2163,1.959,0.69,1.447,-15.4332,18.482,0.2,-0.0421,1.014,0.0,-0.2067,0.9138,-0.4741,1.05,0.3408,1,1,2,0.808,0.441,0.559,0,0,0.0,2,DESCENT_PHASE,-0.2379,0.4039
518,4.038,-15.0747,17.9243,1.4678,-0.2815,1.4189,-0.2164,1.956,0.681,1.439,-15.434,18.5023,0.2,-0.0422,1.0149,0.0,-0.2063,0.9139,-0.474,1.05,0.3338,1,1,2,0.808,0.442,0.558,0,0,0.0,2,DESCENT_PHASE,-0.2394,0.404
519,4.045,-15.0803,17.9527,1.4635,-0.2842,1.4199,-0.217,1.953,0.671,1.431,-15.4349,18.5226,0.2,-0.0422,1.0155,0.0,-0.2057,0.9142,-0.4737,1.05,0.3262,1,1,2,0.806,0.441,0.559,0,0,0.0,2,DESCENT_PHASE,-0.242,0.4044
520,4.052,-15.0861,17.9811,1.4591,-0.2856,1.4204,-0.2167,1.949,0.662,1.422,-15.4357,18.5429,0.2,-0.0422,1.0162,0.0,-0.2052,0.9142,-0.4739,1.05,0.3424,1,1,2,0.807,0.444,0.556,0,0,0.0,2,DESCENT_PHASE,-0.2434,0.4042
521,4.06,-15.0918,18.0095,1.4548,-0.2889,1.4199,-0.2165,1.946,0.652,1.414,-15.4366,18.5633,0.2,-0.0422,1.0169,0.0,-0.2044,0.9143,-0.4741,1.05,0.3322,1,1,2,0.806,0.439,0.561,0,0,0.0,2,DESCENT_PHASE,-0.2466,0.403
522,4.067,-15.0976,18.0379,1.4505,-0.2904,1.4192,-0.2169,1.943,0.643,1.406,-15.4374,18.5836,0.2,-0.0422,1.0174,0.0,-0.2038,0.9146,-0.4738,1.05,0.3456,1,1,2,0.808,0.439,0.561,0,0,0.0,2,DESCENT_PHASE,-0.2482,0.4019
523,4.074,-15.1035,18.0662,1.4461,-0.2934,1.4177,-0.2167,1.939,0.633,1.398,-15.4383,18.604,0.2,-0.0423,1.018,0.0,-0.2029,0.9147,-0.4739,1.05,0.3336,1,1,2,0.807,0.44,0.56,0,0,0.0,2,DESCENT_PHASE,-0.2511,0.3998
524,4.082,-15.1094,18.0946,1.4418,-0.2944,1.4162,-0.2165,1.936,0.624,1.39,-15.4391,18.6243,0.2,-0.0423,1.0184,0.0,-0.2024,0.9148,-0.4739,1.05,0.3473,1,1,2,0.808,0.441,0.559,0,0,0.0,2,DESCENT_PHASE,-0.2521,0.3978
525,4.089,-15.1153,18.1228,1.4375,-0.2966,1.414,-0.2164,1.933,0.615,1.382,-15.4399,18.6447,0.2,-0.0423,1.0187,0.0,-0.2015,0.915,-0.474,1.05,0.3353,1,1,2,0.808,0.443,0.557,0,0,0.0,2,DESCENT_PHASE,-0.2543,0.3953
526,4.096,-15.1213,18.1511,1.4332,-0.2963,1.4119,-0.2163,1.929,0.605,1.374,-15.4408,18.6651,0.2,-0.0423,1.0192,0.0,-0.2012,0.9151,-0.4739,1.05,0.3493,1,1,2,0.81,0.441,0.559,0,0,0.0,2,DESCENT_PHASE,-0.254,0.3927
527,4.104,-15.1272,18.1793,1.4288,-0.2969,1.4093,-0.2162,1.229,0.596,1.366,-15.4416,18.6855,0.2,-0.0423,1.0194,0.0,-0.2006,0.9153,-0.4739,1.05,0.3372,1,1,2,0.81,0.444,0.556,0,0,0.0,2,DESCENT_PHASE,-0.2545,0.3899
528,4.111,-15.1331,18.2074,1.4245,-0.2947,1.4071,-0.2163,1.225,0.587,1.358,-15.4425,18.7059,0.2,-0.0423,1.0197,0.0,-0.2006,0.9154,-0.4736,1.05,0.3336,1,1,2,0.811,0.446,0.554,0,0,0.0,2,DESCENT_PHASE,-0.2523,0.3874
529,4.118,-15.1389,18.2355,1.4202,-0.2929,1.4044,-0.2161,1.22,0.578,1.35,-15.4433,18.7263,0.2,-0.0424,1.0199,0.0,-0.2006,0.9154,-0.4736,1.05,0.321,1,1,2,0.81,0.44,0.56,0,0,0.0,2,DESCENT_PHASE,-0.2505,0.3846
530,4.126,-15.1447,18.2635,1.4159,-0.2889,1.4009,-0.216,1.216,0.568,1.342,-15.4442,18.7467,0.2,-0.0423,1.02,0.0,-0.2009,0.9154,-0.4734,1.05,0.3363,1,1,2,0.811,0.443,0.557,0,0,0.0,2,DESCENT_PHASE,-0.2466,0.3809
531,4.133,-15.1504,18.2914,1.4115,-0.2859,1.3956,-0.2159,1.212,0.559,1.334,-15.445,18.7671,0.2,-0.0424,1.0201,0.0,-0.2009,0.9155,-0.4733,1.05,0.3237,1,1,2,0.81,0.441,0.559,0,0,0.0,2,DESCENT_PHASE,-0.2435,0.3756
532,4.14,-15.1561,18.3192,1.4072,-0.2804,1.3897,-0.2161,1.207,0.551,1.327,-15.4459,18.7875,0.2,-0.0423,1.0201,0.0,-0.1991,0.9149,-0.4753,1.05,0.35,1,1,2,0.811,0.441,0.559,0,0,0.0,2,DESCENT_PHASE,-0.2381,0.3696
533,4.148,-15.1616,18.3469,1.4029,-0.2756,1.3822,-0.216,1.203,0.542,1.319,-15.4467,18.8079,0.2,-0.0424,1.0201,0.0,-0.1971,0.9142,-0.4773,1.05,0.3356,1,1,2,0.81,0.44,0.56,0,0,0.0,2,DESCENT_PHASE,-0.2332,0.3621
534,4.155,-15.167,18.3744,1.3986,-0.2698,1.3752,-0.2162,1.199,0.534,1.312,-15.4476,18.8283,0.2,-0.0423,1.02,0.0,-0.1954,0.9136,-0.4792,1.05,0.3502,1,1,2,0.812,0.441,0.559,0,0,0.0,2,DESCENT_PHASE,-0.2275,0.3552
535,4.162,-15.1723,18.4017,1.3943,-0.266,1.3676,-0.2161,1.194,0.525,1.305,-15.4484,18.8487,0.2,-0.0424,1.0198,0.0,-0.1933,0.913,-0.4811,1.05,0.3373,1,1,2,0.811,0.442,0.558,0,0,0.0,2,DESCENT_PHASE,-0.2236,0.3478
536,4.17,-15.1775,18.4289,1.3899,-0.2606,1.3604,-0.2162,1.19,0.517,1.298,-15.4493,18.8691,0.2,-0.0423,1.0196,0.0,-0.1916,0.9124,-0.4829,1.05,0.3515,1,1,2,0.813,0.443,0.557,0,0,0.0,2,DESCENT_PHASE,-0.2183,0.3408
537,4.177,-15.1826,18.456,1.3856,-0.2568,1.3529,-0.2161,1.186,0.509,1.29,-15.4501,18.8894,0.2,-0.0423,1.0193,0.0,-0.1897,0.9118,-0.4849,1.05,0.3383,1,1,2,0.813,0.441,0.559,0,0,0.0,2,DESCENT_PHASE,-0.2145,0.3336
538,4.184,-15.1877,18.4829,1.3813,-0.2512,1.3459,-0.2161,1.181,0.502,1.283,-15.451,18.9098,0.2,-0.0423,1.019,0.0,-0.1881,0.9112,-0.4867,1.05,0.3529,1,1,2,0.815,0.448,0.552,0,0,0.0,2,DESCENT_PHASE,-0.2089,0.3269
539,4.192,-15.1926,18.5097,1.377,-0.2467,1.3387,-0.2162,1.177,0.494,1.276,-15.4518,18.9302,0.2,-0.0423,1.0186,0.0,-0.1865,0.9105,-0.4885,1.05,0.3396,1,1,2,0.815,0.447,0.553,0,0,0.0,2,DESCENT_PHASE,-0.2044,0.3201
540,4.199,-15.1974,18.5363,1.3726,-0.24,1.3323,-0.2166,1.173,0.487,1.27,-15.4527,18.9506,0.2,-0.0423,1.0181,0.0,-0.1854,0.91,-0.49,1.05,0.3491,1,1,2,0.817,0.452,0.548,0,0,0.0,2,DESCENT_PHASE,-0.1977,0.3142
541,4.207,-15.2021,18.5628,1.3683,-0.2341,1.3258,-0.2165,1.158,0.479,1.263,-15.4535,18.9709,0.2,-0.0422,1.0178,0.0,-0.1842,0.9092,-0.4919,1.05,0.335,1,1,2,0.816,0.45,0.55,0,0,0.0,2,DESCENT_PHASE,-0.1918,0.308
542,4.215,-15.2066,18.5892,1.364,-0.2266,1.3199,-0.2165,1.153,0.472,1.256,-15.4543,18.9913,0.2,-0.0422,1.0172,0.0,-0.1835,0.9083,-0.4937,1.05,0.3499,1,1,2,0.819,0.455,0.545,0,0,0.0,2,DESCENT_PHASE,-0.1843,0.3027
543,4.222,-15.211,18.6155,1.3596,-0.2207,1.3136,-0.2165,1.149,0.465,1.25,-15.4552,19.0116,0.2,-0.0422,1.0166,0.0,-0.1825,0.9076,-0.4955,1.05,0.3358,1,1,2,0.819,0.454,0.546,0,0,0.0,2,DESCENT_PHASE,-0.1784,0.297
544,4.23,-15.2153,18.6417,1.3553,-0.2128,1.3081,-0.2168,1.145,0.459,1.243,-15.456,19.0319,0.2,-0.0422,1.0159,0.0,-0.1821,0.9068,-0.4971,1.05,0.3502,1,1,2,0.82,0.458,0.542,0,0,0.0,2,DESCENT_PHASE,-0.1706,0.2922
545,4.237,-15.2194,18.6677,1.351,-0.2061,1.3025,-0.2168,1.14,0.452,1.237,-15.4569,19.0522,0.2,-0.0422,1.0153,0.0,-0.1816,0.9059,-0.4989,1.05,0.336,1,1,2,0.82,0.455,0.545,0,0,0.0,2,DESCENT_PHASE,-0.1639,0.2872
546,4.244,-15.2234,18.6937,1.3466,-0.1986,1.2977,-0.2167,1.136,0.445,1.23,-15.4577,19.0725,0.2,-0.0422,1.0144,0.0,-0.1814,0.9049,-0.5008,1.05,0.3517,1,1,2,0.821,0.461,0.539,0,0,0.0,2,DESCENT_PHASE,-0.1564,0.2833
547,4.252,-15.2272,18.7195,1.3423,-0.1934,1.2928,-0.2167,1.132,0.439,1.224,-15.4586,19.0928,0.2,-0.0421,1.0138,0.0,-0.1806,0.904,-0.5027,1.05,0.3378,1,1,2,0.821,0.459,0.541,0,0,0.0,2,DESCENT_PHASE,-0.1513,0.2791
548,4.26,-15.231,18.7453,1.338,-0.1871,1.289,-0.2167,1.127,0.433,1.218,-15.4594,19.113,0.2,-0.0421,1.0128,0.0,-0.1804,0.9029,-0.5047,1.05,0.3428,1,1,2,0.822,0.462,0.538,0,0,0.0,2,DESCENT_PHASE,-0.145,0.2762
549,4.267,-15.2346,18.771,1.3336,-0.1827,1.2852,-0.2167,1.123,0.427,1.211,-15.4602,19.1333,0.2,-0.0421,1.0118,0.0,-0.1797,0.9019,-0.5068,1.05,0.3292,1,1,2,0.821,0.458,0.542,0,0,0.0,2,DESCENT_PHASE,-0.1407,0.2734
550,4.274,-15.2382,18.7966,1.3293,-0.1774,1.2818,-0.2166,1.119,0.421,1.205,-15.4611,19.1535,0.2,-0.042,1.011,0.0,-0.1793,0.9008,-0.5088,1.05,0.3453,1,1,2,0.823,0.461,0.539,0,0,0.0,2,DESCENT_PHASE,-0.1354,0.2708
551,4.282,-15.2417,18.8222,1.325,-0.1741,1.2777,-0.2165,1.114,0.415,1.199,-15.4619,19.1737,0.2,-0.042,1.0098,0.0,-0.1786,0.8997,-0.511,1.05,0.3321,1,1,2,0.822,0.458,0.542,0,0,0.0,2,DESCENT_PHASE,-0.1322,0.2679
552,4.289,-15.245,18.8477,1.3206,-0.1695,1.2741,-0.2165,1.11,0.409,1.193,-15.4628,19.1939,0.2,-0.0419,1.0089,0.0,-0.1782,0.8986,-0.513,1.05,0.3482,1,1,2,0.824,0.463,0.537,0,0,0.0,2,DESCENT_PHASE,-0.1276,0.2652
553,4.297,-15.2484,18.8731,1.3163,-0.1666,1.2701,-0.2165,1.106,0.403,1.187,-15.4636,19.214,0.2,-0.0419,1.0077,0.0,-0.1774,0.8976,-0.5151,1.05,0.3352,1,1,2,0.824,0.461,0.539,0,0,0.0,2,DESCENT_PHASE,-0.1248,0.2624
554,4.304,-15.2516,18.8984,1.312,-0.162,1.2666,-0.2167,1.101,0.398,1.181,-15.4644,19.2342,0.2,-0.0418,1.0065,0.0,-0.1772,0.8966,-0.517,1.05,0.3387,1,1,2,0.824,0.462,0.538,0,0,0.0,2,DESCENT_PHASE,-0.1202,0.2601
555,4.311,-15.2548,18.9237,1.3076,-0.1587,1.263,-0.2166,1.097,0.392,1.175,-15.4653,19.2543,0.2,-0.0417,1.0053,0.0,-0.1766,0.8954,-0.5192,1.05,0.3258,1,1,2,0.822,0.455,0.545,0,0,0.0,2,DESCENT_PHASE,-0.117,0.2577
556,4.319,-15.2579,18.9489,1.3033,-0.1551,1.259,-0.2164,1.093,0.386,1.169,-15.4661,19.2743,0.2,-0.0417,1.0039,0.0,-0.1762,0.8942,-0.5214,1.05,0.3423,1,1,2,0.823,0.456,0.544,0,0,0.0,2,DESCENT_PHASE,-0.1134,0.2551
557,4.326,-15.261,18.9739,1.299,-0.1543,1.2539,-0.2163,1.088,0.381,1.163,-15.4669,19.2944,0.2,-0.0416,1.0026,0.0,-0.175,0.8932,-0.5235,1.05,0.33,1,1,2,0.821,0.454,0.546,0,0,0.0,2,DESCENT_PHASE,-0.1126,0.2513
558,4.334,-15.264,18.9989,1.2947,-0.1526,1.2488,-0.2162,1.084,0.376,1.157,-15.4678,19.3144,0.2,-0.0416,1.0012,0.0,-0.174,0.8922,-0.5256,1.05,0.3462,1,1,2,0.822,0.452,0.548,0,0,0.0,2,DESCENT_PHASE,-0.1111,0.2476
559,4.341,-15.2671,19.0238,1.2903,-0.1534,1.2426,-0.2162,1.08,0.37,1.151,-15.4686,19.3344,0.2,-0.0415,0.9997,0.0,-0.1724,0.8913,-0.5276,1.05,0.3344,1,1,2,0.821,0.451,0.549,0,0,0.0,2,DESCENT_PHASE,-0.1119,0.2429
560,4.348,-15.2702,19.0485,1.286,-0.153,1.2366,-0.2161,1.076,0.365,1.146,-15.4694,19.3544,0.2,-0.0415,0.9982,0.0,-0.1711,0.8904,-0.5295,1.05,0.3503,1,1,2,0.823,0.455,0.545,0,0,0.0,2,DESCENT_PHASE,-0.1116,0.2384
561,4.356,-15.2733,19.0731,1.2817,-0.1547,1.2298,-0.2162,1.071,0.36,1.14,-15.4703,19.3743,0.2,-0.0414,0.9966,0.0,-0.1692,0.8897,-0.5314,1.05,0.3388,1,1,2,0.822,0.451,0.549,0,0,0.0,2,DESCENT_PHASE,-0.1133,0.2332
562,4.363,-15.2764,19.0976,1.2774,-0.1548,1.2233,-0.2162,1.067,0.355,1.134,-15.4711,19.3942,0.2,-0.0413,0.9951,0.0,-0.1676,0.8889,-0.5332,1.05,0.3542,1,1,2,0.823,0.452,0.548,0,0,0.0,2,DESCENT_PHASE,-0.1134,0.2282
563,4.37,-15.2795,19.1219,1.273,-0.1565,1.2161,-0.2163,1.063,0.35,1.129,-15.4719,19.4141,0.2,-0.0412,0.9933,0.0,-0.1656,0.8882,-0.535,1.05,0.3427,1,1,2,0.823,0.454,0.546,0,0,0.0,2,DESCENT_PHASE,-0.1153,0.2228
564,4.378,-15.2826,19.1461,1.2687,-0.1564,1.2094,-0.2168,1.058,0.345,1.123,-15.4727,19.4339,0.2,-0.0412,0.9915,0.0,-0.1641,0.8876,-0.5363,1.05,0.3564,1,1,2,0.825,0.456,0.544,0,0,0.0,2,DESCENT_PHASE,-0.1152,0.2179
565,4.385,-15.2858,19.1701,1.2644,-0.1575,1.2023,-0.2166,1.054,0.34,1.117,-15.4736,19.4537,0.2,-0.0411,0.9898,0.0,-0.1621,0.8869,-0.5382,1.05,0.3423,1,1,2,0.824,0.454,0.546,0,0,0.0,2,DESCENT_PHASE,-0.1164,0.2125
566,4.393,-15.2889,19.194,1.26,-0.1566,1.1958,-0.2165,1.05,0.335,1.112,-15.4744,19.4735,0.2,-0.0411,0.988,0.0,-0.1607,0.886,-0.5401,1.05,0.3566,1,1,2,0.827,0.461,0.539,0,0,0.0,2,DESCENT_PHASE,-0.1155,0.2078
567,4.4,-15.292,19.2178,1.2557,-0.1569,1.1892,-0.2165,1.045,0.331,1.106,-15.4752,19.4932,0.2,-0.041,0.9861,0.0,-0.159,0.8851,-0.542,1.05,0.3419,1,1,2,0.827,0.461,0.539,0,0,0.0,2,DESCENT_PHASE,-0.1159,0.2031
568,4.407,-15.2951,19.2415,1.2514,-0.1549,1.1834,-0.2166,1.041,0.326,1.101,-15.476,19.5129,0.2,-0.0409,0.9841,0.0,-0.1579,0.8842,-0.5438,1.05,0.358,1,1,2,0.829,0.468,0.532,0,0,0.0,2,DESCENT_PHASE,-0.114,0.1993
569,4.415,-15.2982,19.265,1.2471,-0.1538,1.1777,-0.2165,1.037,0.322,1.095,-15.4768,19.5325,0.2,-0.0408,0.9822,0.0,-0.1565,0.8833,-0.5457,1.05,0.3428,1,1,2,0.829,0.467,0.533,0,0,0.0,2,DESCENT_PHASE,-0.113,0.1955
570,4.422,-15.3012,19.2885,1.2427,-0.1513,1.1732,-0.2165,1.032,0.317,1.09,-15.4776,19.5521,0.2,-0.0407,0.9801,0.0,-0.1557,0.8822,-0.5477,1.05,0.3517,1,1,2,0.831,0.473,0.527,0,0,0.0,2,DESCENT_PHASE,-0.1105,0.1931
571,4.429,-15.3042,19.3119,1.2384,-0.1503,1.169,-0.2165,1.028,0.313,1.084,-15.4785,19.5717,0.2,-0.0406,0.978,0.0,-0.1545,0.8811,-0.5498,1.05,0.3364,1,1,2,0.831,0.471,0.529,0,0,0.0,2,DESCENT_PHASE,-0.1097,0.191
572,4.437,-15.3072,19.3352,1.2341,-0.1479,1.1658,-0.2164,1.024,0.308,1.079,-15.4793,19.5912,0.2,-0.0405,0.9758,0.0,-0.1537,0.8798,-0.5521,1.05,0.3509,1,1,2,0.833,0.473,0.527,0,0,0.0,2,DESCENT_PHASE,-0.1073,0.19
573,4.444,-15.3101,19.3584,1.2297,-0.147,1.1625,-0.2166,1.019,0.304,1.074,-15.4801,19.6107,0.2,-0.0404,0.9736,0.0,-0.1525,0.8787,-0.5542,1.05,0.3364,1,1,2,0.833,0.472,0.528,0,0,0.0,2,DESCENT_PHASE,-0.1065,0.1889
574,4.452,-15.313,19.3817,1.2254,-0.1442,1.1603,-0.2166,1.015,0.3,1.068,-15.4809,19.6301,0.2,-0.0403,0.9714,0.0,-0.1519,0.8773,-0.5565,1.05,0.3355,1,1,2,0.833,0.474,0.526,0,0,0.0,2,DESCENT_PHASE,-0.1039,0.1889
575,4.459,-15.3159,19.4048,1.2211,-0.1428,1.1581,-0.2171,1.011,0.296,1.063,-15.4817,19.6495,0.2,-0.0403,0.969,0.0,-0.1511,0.8762,-0.5586,1.05,0.3266,1,1,2,0.832,0.472,0.528,0,0,0.0,2,DESCENT_PHASE,-0.1025,0.189
576,4.466,-15.3187,19.4279,1.2167,-0.1401,1.1555,-0.2174,1.006,0.291,1.058,-15.4825,19.6688,0.2,-0.0401,0.9666,0.0,-0.1505,0.8749,-0.5607,1.05,0.3432,1,1,2,0.832,0.473,0.527,0,0,0.0,2,DESCENT_PHASE,-0.0999,0.1889
577,4.474,-15.3215,19.451,1.2124,-0.1394,1.1516,-0.217,1.002,0.287,1.052,-15.4833,19.6881,0.2,-0.0401,0.9643,0.0,-0.1493,0.8734,-0.5634,1.05,0.3319,1,1,2,0.83,0.467,0.533,0,0,0.0,2,DESCENT_PHASE,-0.0994,0.1874
578,4.481,-15.3242,19.4739,1.208,-0.1375,1.1474,-0.2167,0.998,0.283,1.047,-15.4841,19.7073,0.2,-0.0399,0.9618,0.0,-0.1484,0.8719,-0.566,1.05,0.3495,1,1,2,0.832,0.469,0.531,0,0,0.0,2,DESCENT_PHASE,-0.0976,0.1856
579,4.489,-15.327,19.4967,1.2037,-0.1376,1.1419,-0.2165,0.993,0.279,1.042,-15.4849,19.7265,0.2,-0.0399,0.9593,0.0,-0.147,0.8706,-0.5682,1.05,0.3381,1,1,2,0.83,0.464,0.536,0,0,0.0,2,DESCENT_PHASE,-0.0977,0.1826
580,4.496,-15.3297,19.5195,1.1994,-0.136,1.1363,-0.2166,0.989,0.275,1.036,-15.4857,19.7456,0.2,-0.0397,0.9566,0.0,-0.1461,0.8694,-0.5703,1.05,0.3562,1,1,2,0.832,0.468,0.532,0,0,0.0,2,DESCENT_PHASE,-0.0963,0.1796
581,4.503,-15.3324,19.5421,1.195,-0.1359,1.1296,-0.2165,0.985,0.271,1.031,-15.4865,19.7647,0.2,-0.0396,0.9541,0.0,-0.1447,0.8683,-0.5724,1.05,0.3445,1,1,2,0.831,0.464,0.536,0,0,0.0,2,DESCENT_PHASE,-0.0963,0.1756
582,4.511,-15.3351,19.5645,1.1907,-0.1342,1.1232,-0.2171,0.98,0.267,1.026,-15.4873,19.7837,0.2,-0.0395,0.9514,0.0,-0.1438,0.8675,-0.5738,1.05,0.3572,1,1,2,0.832,0.468,0.532,0,0,0.0,2,DESCENT_PHASE,-0.0947,0.1718
583,4.518,-15.3378,19.5868,1.1864,-0.134,1.116,-0.2169,0.976,0.263,1.021,-15.4881,19.8027,0.2,-0.0394,0.9486,0.0,-0.1424,0.8663,-0.576,1.05,0.3418,1,1,2,0.831,0.466,0.534,0,0,0.0,2,DESCENT_PHASE,-0.0946,0.1674
584,4.526,-15.3404,19.609,1.182,-0.132,1.1092,-0.2167,0.972,0.259,1.016,-15.4888,19.8216,0.2,-0.0392,0.9459,0.0,-0.1415,0.8651,-0.578,1.05,0.3571,1,1,2,0.833,0.471,0.529,0,0,0.0,2,DESCENT_PHASE,-0.0927,0.1632
585,4.533,-15.343,19.6311,1.1777,-0.1313,1.1018,-0.2167,0.967,0.256,1.011,-15.4896,19.8405,0.2,-0.0392,0.943,0.0,-0.1403,0.864,-0.58,1.05,0.3411,1,1,2,0.833,0.469,0.531,0,0,0.0,2,DESCENT_PHASE,-0.0921,0.1588
586,4.541,-15.3456,19.653,1.1734,-0.1288,1.0951,-0.2166,0.963,0.252,1.005,-15.4904,19.8593,0.2,-0.0391,0.9401,0.0,-0.1396,0.8628,-0.5819,1.05,0.3569,1,1,2,0.835,0.476,0.524,0,0,0.0,2,DESCENT_PHASE,-0.0898,0.155
587,4.548,-15.3482,19.6747,1.169,-0.1276,1.0882,-0.2169,0.959,0.249,1.0,-15.4912,19.878,0.2,-0.0389,0.9373,0.0,-0.1386,0.8619,-0.5835,1.05,0.3414,1,1,2,0.835,0.475,0.525,0,0,0.0,2,DESCENT_PHASE,-0.0887,0.1509
588,4.557,-15.3507,19.6964,1.1647,-0.1245,1.0823,-0.2168,0.954,0.245,0.995,-15.492,19.8967,0.2,-0.0388,0.9342,0.0,-0.1382,0.8605,-0.5856,1.05,0.3597,1,1,2,0.838,0.482,0.518,0,0,0.0,2,DESCENT_PHASE,-0.0857,0.1481
589,4.564,-15.3531,19.7179,1.1604,-0.1226,1.0764,-0.2167,0.95,0.242,0.99,-15.4927,19.9154,0.2,-0.0387,0.9312,0.0,-0.1375,0.8591,-0.5878,1.05,0.3442,1,1,2,0.838,0.482,0.518,0,0,0.0,2,DESCENT_PHASE,-0.0839,0.1452
590,4.572,-15.3555,19.7393,1.156,-0.1188,1.0718,-0.2168,0.946,0.239,0.985,-15.4935,19.9339,0.2,-0.0386,0.9281,0.0,-0.1375,0.8577,-0.5899,1.05,0.3428,1,1,2,0.839,0.484,0.516,0,0,0.0,2,DESCENT_PHASE,-0.0802,0.1437
591,4.579,-15.3578,19.7607,1.1517,-0.1162,1.0676,-0.2172,0.941,0.235,0.98,-15.4943,19.9524,0.2,-0.0384,0.925,0.0,-0.1372,0.8564,-0.5919,1.05,0.3331,1,1,2,0.837,0.479,0.521,0,0,0.0,2,DESCENT_PHASE,-0.0778,0.1427
592,4.588,-15.36,19.782,1.1473,-0.1123,1.0635,-0.2176,0.937,0.232,0.975,-15.495,19.9709,0.2,-0.0383,0.9218,0.0,-0.1374,0.855,-0.5938,1.05,0.3496,1,1,2,0.838,0.481,0.519,0,0,0.0,2,DESCENT_PHASE,-0.074,0.1416
593,4.596,-15.3623,19.8031,1.143,-0.1105,1.0582,-0.2172,0.932,0.229,0.97,-15.4958,19.9892,0.2,-0.0381,0.9185,0.0,-0.1369,0.8532,-0.5964,1.05,0.3366,1,1,2,0.837,0.475,0.525,0,0,0.0,2,DESCENT_PHASE,-0.0724,0.1397
594,4.605,-15.3644,19.8242,1.1386,-0.1075,1.0528,-0.217,0.928,0.226,0.965,-15.4966,20.0075,0.2,-0.038,0.9153,0.0,-0.1367,0.8516,-0.5988,1.05,0.3562,1,1,2,0.838,0.479,0.521,0,0,0.0,2,DESCENT_PHASE,-0.0695,0.1375
595,4.612,-15.3665,19.8451,1.1343,-0.1065,1.0464,-0.2168,0.924,0.223,0.961,-15.4973,20.0258,0.2,-0.0379,0.9119,0.0,-0.136,0.8501,-0.6011,1.05,0.3434,1,1,2,0.837,0.475,0.525,0,0,0.0,2,DESCENT_PHASE,-0.0686,0.1345
596,4.619,-15.3686,19.8659,1.13,-0.1041,1.0403,-0.2167,0.919,0.22,0.956,-15.4981,20.0439,0.2,-0.0378,0.9086,0.0,-0.1358,0.8486,-0.6032,1.05,0.3613,1,1,2,0.839,0.479,0.521,0,0,0.0,2,DESCENT_PHASE,-0.0664,0.1318
597,4.626,-15.3707,19.8866,1.1256,-0.1037,1.0336,-0.2167,0.915,0.217,0.951,-15.4988,20.062,0.2,-0.0376,0.9051,0.0,-0.1349,0.8473,-0.6053,1.05,0.349,1,1,2,0.838,0.476,0.524,0,0,0.0,2,DESCENT_PHASE,-0.0661,0.1284
598,4.634,-15.3727,19.9071,1.1228,-0.1008,1.0255,-0.1427,0.912,0.215,0.947,-15.4996,20.0801,0.2,-0.0375,0.9016,0.0,-0.1274,0.7999,-0.6683,1.05,0.3596,1,1,2,0.839,0.481,0.519,0,0,0.0,2,DESCENT_PHASE,-0.0634,0.1239
599,4.641,-15.3747,19.9274,1.1209,-0.1001,1.0175,-0.0956,0.91,0.212,0.945,-15.5003,20.098,0.2,-0.0373,0.8981,0.0,-0.122,0.7695,-0.7039,1.05,0.3431,1,1,2,0.838,0.476,0.524,0,0,0.0,2,DESCENT_PHASE,-0.0628,0.1195
600,4.648,-15.3767,19.9477,1.1195,-0.0969,1.0103,-0.066,0.909,0.209,0.943,-15.5011,20.1159,0.2,-0.0371,0.8945,0.0,-0.1192,0.7501,-0.725,1.05,0.3596,1,1,2,0.84,0.481,0.519,0,0,0.0,2,DESCENT_PHASE,-0.0597,0.1157
601,4.656,-15.3786,19.9677,1.1186,-0.0952,1.0024,-0.0474,0.908,0.207,0.942,-15.5018,20.1337,0.2,-0.037,0.8909,0.0,-0.1172,0.7387,-0.737,1.05,0.344,1,1,2,0.839,0.478,0.522,0,0,0.0,2,DESCENT_PHASE,-0.0582,0.1115
602,4.663,-15.3804,19.9876,1.1179,-0.091,0.9951,-0.0359,0.907,0.204,0.94,-15.5025,20.1515,0.2,-0.0369,0.8872,0.0,-0.1176,0.7369,-0.7387,1.05,0.3413,1,1,2,0.839,0.482,0.518,0,0,0.0,2,DESCENT_PHASE,-0.0541,0.1079
603,4.67,-15.3821,20.0073,1.1173,-0.0877,0.9872,-0.0291,0.907,0.202,0.939,-15.5033,20.1692,0.2,-0.0367,0.8835,0.0,-0.1178,0.7353,-0.7403,1.05,0.3314,1,1,2,0.836,0.472,0.528,0,0,0.0,2,DESCENT_PHASE,-0.051,0.1037
604,4.678,-15.3838,20.0269,1.1168,-0.0825,0.9783,-0.0249,0.906,0.2,0.938,-15.504,20.1868,0.2,-0.0365,0.8798,0.0,-0.1185,0.7337,-0.7417,1.05,0.3491,1,1,2,0.836,0.472,0.528,0,0,0.0,2,DESCENT_PHASE,-0.046,0.0986
605,4.685,-15.3854,20.0463,1.1164,-0.0791,0.9673,-0.0218,0.906,0.198,0.938,-15.5047,20.2043,0.2,-0.0364,0.8759,0.0,-0.1188,0.7325,-0.7428,1.05,0.3516,1,1,2,0.835,0.467,0.533,0,0,0.0,2,DESCENT_PHASE,-0.0427,0.0914
606,4.692,-15.3868,20.0654,1.116,-0.0739,0.9552,-0.0205,0.905,0.196,0.937,-15.5055,20.2217,0.2,-0.0362,0.872,0.0,-0.1196,0.7316,-0.7436,1.05,0.3616,1,1,2,0.836,0.471,0.529,0,0,0.0,2,DESCENT_PHASE,-0.0377,0.0831
607,4.7,-15.3882,20.0842,1.1156,-0.0696,0.9423,-0.0198,0.905,0.195,0.936,-15.5062,20.2391,0.2,-0.036,0.8681,0.0,-0.1202,0.7308,-0.7443,1.05,0.3463,1,1,2,0.835,0.47,0.53,0,0,0.0,2,DESCENT_PHASE,-0.0336,0.0741
608,4.707,-15.3895,20.1028,1.1152,-0.0629,0.9296,-0.019,0.905,0.193,0.935,-15.5069,20.2564,0.2,-0.0359,0.8642,0.0,-0.1216,0.73,-0.7449,1.05,0.3699,1,1,2,0.836,0.471,0.529,0,0,0.0,2,DESCENT_PHASE,-0.027,0.0653
609,4.715,-15.3906,20.1211,1.1148,-0.057,0.9161,-0.0185,0.904,0.192,0.935,-15.5076,20.2736,0.2,-0.0357,0.8601,0.0,-0.1229,0.7293,-0.7453,1.05,0.3541,1,1,2,0.835,0.473,0.527,0,0,0.0,2,DESCENT_PHASE,-0.0213,0.0559
610,4.722,-15.3916,20.1392,1.1144,-0.0498,0.9035,-0.0183,0.904,0.191,0.934,-15.5083,20.2907,0.2,-0.0356,0.8561,0.0,-0.1247,0.7286,-0.7457,1.05,0.3713,1,1,2,0.837,0.475,0.525,0,0,0.0,2,DESCENT_PHASE,-0.0142,0.0473
611,4.731,-15.3925,20.157,1.1141,-0.0443,0.8908,-0.0182,0.904,0.191,0.934,-15.509,20.3077,0.2,-0.0354,0.852,0.0,-0.126,0.7279,-0.7462,1.05,0.3555,1,1,2,0.837,0.473,0.527,0,0,0.0,2,DESCENT_PHASE,-0.0089,0.0388
612,4.738,-15.3933,20.1746,1.1137,-0.0371,0.8792,-0.0183,0.903,0.19,0.933,-15.5097,20.3247,0.2,-0.0352,0.8479,0.0,-0.128,0.7271,-0.7466,1.05,0.3754,1,1,2,0.839,0.481,0.519,0,0,0.0,2,DESCENT_PHASE,-0.0018,0.0313
613,4.745,-15.3939,20.1919,1.1133,-0.0313,0.8677,-0.0183,0.903,0.19,0.933,-15.5104,20.3416,0.2,-0.035,0.8436,0.0,-0.1297,0.7263,-0.7471,1.05,0.3594,1,1,2,0.839,0.481,0.519,0,0,0.0,2,DESCENT_PHASE,0.0038,0.0241
614,4.753,-15.3944,20.2091,1.113,-0.0238,0.8577,-0.0185,0.902,0.19,0.932,-15.5111,20.3583,0.2,-0.0349,0.8395,0.0,-0.132,0.7253,-0.7477,1.05,0.3777,1,1,2,0.841,0.487,0.513,0,0,0.0,2,DESCENT_PHASE,0.011,0.0181
615,4.76,-15.3947,20.2261,1.1126,-0.0179,0.8481,-0.0184,0.902,0.19,0.932,-15.5118,20.375,0.2,-0.0347,0.8351,0.0,-0.134,0.7242,-0.7484,1.05,0.3617,1,1,2,0.841,0.483,0.517,0,0,0.0,2,DESCENT_PHASE,0.0168,0.013
616,4.767,-15.3949,20.2429,1.1122,-0.0106,0.8402,-0.0185,0.902,0.19,0.932,-15.5125,20.3917,0.2,-0.0345,0.8308,0.0,-0.1366,0.7228,-0.7493,1.05,0.3692,1,1,2,0.842,0.487,0.513,0,0,0.0,2,DESCENT_PHASE,0.0239,0.0094
617,4.775,-15.395,20.2595,1.1119,-0.0052,0.833,-0.0184,0.901,0.19,0.931,-15.5132,20.4082,0.2,-0.0343,0.8265,0.0,-0.1387,0.7214,-0.7503,1.05,0.3535,1,1,2,0.842,0.485,0.515,0,0,0.0,2,DESCENT_PHASE,0.0291,0.0066
618,4.782,-15.395,20.2761,1.1115,0.0013,0.8268,-0.0184,0.901,0.19,0.931,-15.5139,20.4246,0.2,-0.0341,0.8221,0.0,-0.1413,0.7197,-0.7513,1.05,0.3769,1,1,2,0.843,0.49,0.51,0,0,0.0,2,DESCENT_PHASE,0.0354,0.0047
619,4.789,-15.3949,20.2925,1.1111,0.0058,0.8204,-0.0183,0.901,0.191,0.931,-15.5146,20.441,0.2,-0.034,0.8175,0.0,-0.1434,0.7181,-0.7525,1.05,0.3614,1,1,2,0.843,0.489,0.511,0,0,0.0,2,DESCENT_PHASE,0.0398,0.0029
620,4.796,-15.3947,20.3088,1.1108,0.011,0.8156,-0.0181,0.9,0.191,0.931,-15.5152,20.4572,0.2,-0.0338,0.8131,0.0,-0.1458,0.7162,-0.7538,1.05,0.3775,1,1,2,0.844,0.49,0.51,0,0,0.0,2,DESCENT_PHASE,0.0448,0.0025
621,4.804,-15.3944,20.325,1.1104,0.0136,0.8113,-0.0179,0.9,0.192,0.93,-15.5159,20.4734,0.2,-0.0336,0.8085,0.0,-0.1475,0.7143,-0.7554,1.05,0.3625,1,1,2,0.844,0.488,0.512,0,0,0.0,2,DESCENT_PHASE,0.0472,0.0028
622,4.813,-15.3941,20.3412,1.1101,0.0171,0.8085,-0.0179,0.9,0.192,0.93,-15.5166,20.4895,0.2,-0.0334,0.8039,0.0,-0.1496,0.712,-0.7571,1.05,0.3672,1,1,2,0.845,0.491,0.509,0,0,0.0,2,DESCENT_PHASE,0.0504,0.0045
623,4.821,-15.3937,20.3573,1.1097,0.0182,0.806,-0.0177,0.899,0.193,0.93,-15.5172,20.5055,0.2,-0.0332,0.7993,0.0,-0.1511,0.7096,-0.759,1.05,0.3527,1,1,2,0.843,0.486,0.514,0,0,0.0,2,DESCENT_PHASE,0.0514,0.0067
624,4.829,-15.3933,20.3734,1.1094,0.02,0.804,-0.0175,0.899,0.193,0.93,-15.5179,20.5214,0.2,-0.033,0.7946,0.0,-0.1528,0.7071,-0.761,1.05,0.3721,1,1,2,0.844,0.489,0.511,0,0,0.0,2,DESCENT_PHASE,0.053,0.0094
625,4.839,-15.3929,20.3894,1.109,0.0191,0.8014,-0.0173,0.899,0.194,0.929,-15.5186,20.5372,0.2,-0.0328,0.7899,0.0,-0.1536,0.7048,-0.763,1.05,0.3581,1,1,2,0.843,0.485,0.515,0,0,0.0,2,DESCENT_PHASE,0.0519,0.0115
626,4.847,-15.3925,20.4054,1.1087,0.0192,0.7994,-0.0172,0.898,0.194,0.929,-15.5192,20.5529,0.2,-0.0326,0.7852,0.0,-0.1548,0.7022,-0.7652,1.05,0.3775,1,1,2,0.844,0.489,0.511,0,0,0.0,2,DESCENT_PHASE,0.0518,0.0143
627,4.854,-15.3922,20.4213,1.1083,0.0171,0.797,-0.0171,0.898,0.195,0.929,-15.5199,20.5685,0.2,-0.0324,0.7803,0.0,-0.1553,0.6996,-0.7674,1.05,0.3639,1,1,2,0.843,0.487,0.513,0,0,0.0,2,DESCENT_PHASE,0.0495,0.0167
628,4.862,-15.3919,20.4372,1.108,0.0163,0.7955,-0.0172,0.897,0.195,0.929,-15.5205,20.584,0.2,-0.0322,0.7754,0.0,-0.1563,0.6968,-0.7697,1.05,0.3755,1,1,2,0.844,0.49,0.51,0,0,0.0,2,DESCENT_PHASE,0.0485,0.0201
629,4.87,-15.3916,20.4531,1.1076,0.0137,0.7937,-0.0172,0.897,0.195,0.928,-15.5211,20.5994,0.2,-0.032,0.7706,0.0,-0.1566,0.6941,-0.7722,1.05,0.3618,1,1,2,0.843,0.485,0.515,0,0,0.0,2,DESCENT_PHASE,0.0457,0.0232
630,4.879,-15.3913,20.469,1.1073,0.0124,0.7924,-0.0171,0.897,0.196,0.928,-15.5218,20.6147,0.2,-0.0318,0.7657,0.0,-0.1573,0.6911,-0.7746,1.05,0.381,1,1,2,0.844,0.49,0.51,0,0,0.0,2,DESCENT_PHASE,0.0442,0.0267
631,4.886,-15.3911,20.4848,1.107,0.0093,0.7904,-0.0171,0.896,0.196,0.928,-15.5224,20.6299,0.2,-0.0316,0.7607,0.0,-0.1574,0.6882,-0.7772,1.05,0.3675,1,1,2,0.843,0.487,0.513,0,0,0.0,2,DESCENT_PHASE,0.0409,0.0298
632,4.894,-15.391,20.5006,1.1066,0.0079,0.7891,-0.0176,0.896,0.196,0.927,-15.523,20.645,0.2,-0.0314,0.7557,0.0,-0.158,0.6851,-0.7799,1.05,0.3708,1,1,2,0.844,0.487,0.513,0,0,0.0,2,DESCENT_PHASE,0.0393,0.0334
633,4.901,-15.3909,20.5163,1.1063,0.0051,0.7874,-0.0174,0.896,0.196,0.927,-15.5237,20.6601,0.2,-0.0312,0.7505,0.0,-0.1582,0.6819,-0.7826,1.05,0.3554,1,1,2,0.842,0.481,0.519,0,0,0.0,2,DESCENT_PHASE,0.0363,0.0368
634,4.908,-15.3908,20.532,1.1059,0.0038,0.7853,-0.0172,0.895,0.196,0.927,-15.5243,20.675,0.2,-0.0309,0.7455,0.0,-0.1587,0.6788,-0.7852,1.05,0.3734,1,1,2,0.842,0.488,0.512,0,0,0.0,2,DESCENT_PHASE,0.0347,0.0398
635,4.915,-15.3908,20.5476,1.1056,0.0007,0.7818,-0.0171,0.895,0.195,0.926,-15.5249,20.6898,0.2,-0.0308,0.7404,0.0,-0.1586,0.6759,-0.7877,1.05,0.3579,1,1,2,0.841,0.483,0.517,0,0,0.0,2,DESCENT_PHASE,0.0315,0.0414
636,4.923,-15.3908,20.5632,1.1052,-0.0005,0.7782,-0.017,0.895,0.195,0.926,-15.5255,20.7045,0.2,-0.0306,0.7352,0.0,-0.1591,0.6728,-0.7903,1.05,0.3773,1,1,2,0.842,0.486,0.514,0,0,0.0,2,DESCENT_PHASE,0.0301,0.043
637,4.93,-15.3909,20.5787,1.1049,-0.003,0.7734,-0.017,0.894,0.195,0.926,-15.5261,20.7191,0.2,-0.0303,0.7299,0.0,-0.159,0.67,-0.7927,1.05,0.3614,1,1,2,0.841,0.482,0.518,0,0,0.0,2,DESCENT_PHASE,0.0272,0.0434
638,4.937,-15.3909,20.594,1.1045,-0.0036,0.7687,-0.0171,0.894,0.195,0.925,-15.5267,20.7336,0.2,-0.0301,0.7247,0.0,-0.1597,0.667,-0.7951,1.05,0.3829,1,1,2,0.842,0.486,0.514,0,0,0.0,2,DESCENT_PHASE,0.0265,0.044
639,4.944,-15.391,20.6093,1.1042,-0.0053,0.7631,-0.0171,0.894,0.194,0.925,-15.5273,20.748,0.2,-0.0299,0.7195,0.0,-0.1598,0.6642,-0.7974,1.05,0.3666,1,1,2,0.841,0.483,0.517,0,0,0.0,2,DESCENT_PHASE,0.0246,0.0437
640,4.952,-15.3911,20.6245,1.1039,-0.0052,0.7582,-0.017,0.893,0.194,0.924,-15.5279,20.7622,0.2,-0.0297,0.7141,0.0,-0.1605,0.6611,-0.7998,1.05,0.3863,1,1,2,0.843,0.489,0.511,0,0,0.0,2,DESCENT_PHASE,0.0245,0.0441
641,4.959,-15.3913,20.6395,1.1035,-0.0064,0.7527,-0.017,0.893,0.194,0.924,-15.5285,20.7764,0.2,-0.0295,0.7087,0.0,-0.1609,0.6582,-0.8022,1.05,0.3697,1,1,2,0.842,0.487,0.513,0,0,0.0,2,DESCENT_PHASE,0.0231,0.044
642,4.966,-15.3914,20.6545,1.1032,-0.0054,0.748,-0.0173,0.893,0.194,0.924,-15.5291,20.7905,0.2,-0.0292,0.7033,0.0,-0.1618,0.655,-0.8046,1.05,0.3732,1,1,2,0.842,0.487,0.513,0,0,0.0,2,DESCENT_PHASE,0.0238,0.0447
643,4.974,-15.3915,20.6694,1.1028,-0.0054,0.7431,-0.0177,0.892,0.193,0.923,-15.5297,20.8044,0.2,-0.029,0.6978,0.0,-0.1626,0.6517,-0.8071,1.05,0.3581,1,1,2,0.84,0.479,0.521,0,0,0.0,2,DESCENT_PHASE,0.0236,0.0453
644,4.982,-15.3916,20.6841,1.1025,-0.0043,0.7378,-0.0174,0.892,0.193,0.923,-15.5302,20.8183,0.2,-0.0288,0.6924,0.0,-0.1636,0.6485,-0.8094,1.05,0.3812,1,1,2,0.841,0.48,0.52,0,0,0.0,2,DESCENT_PHASE,0.0245,0.0454
645,4.989,-15.3917,20.6987,1.1021,-0.0053,0.7309,-0.0173,0.892,0.193,0.922,-15.5308,20.832,0.2,-0.0285,0.6868,0.0,-0.1639,0.6456,-0.8117,1.05,0.3673,1,1,2,0.839,0.478,0.522,0,0,0.0,2,DESCENT_PHASE,0.0232,0.0441
646,4.997,-15.3918,20.7132,1.1018,-0.0051,0.7239,-0.0172,0.891,0.192,0.922,-15.5314,20.8456,0.2,-0.0283,0.6813,0.0,-0.1646,0.6427,-0.8139,1.05,0.3899,1,1,2,0.84,0.48,0.52,0,0,0.0,2,DESCENT_PHASE,0.0232,0.0426
647,5.004,-15.3919,20.7275,1.1014,-0.0065,0.7156,-0.0172,0.891,0.192,0.922,-15.5319,20.8592,0.2,-0.0281,0.6757,0.0,-0.1648,0.64,-0.8159,1.05,0.3764,1,1,2,0.838,0.475,0.525,0,0,0.0,2,DESCENT_PHASE,0.0216,0.04
648,5.011,-15.392,20.7417,1.1011,-0.0063,0.7074,-0.0179,0.891,0.192,0.921,-15.5325,20.8726,0.2,-0.0278,0.6701,0.0,-0.1654,0.6373,-0.8179,1.05,0.3938,1,1,2,0.839,0.478,0.522,0,0,0.0,2,DESCENT_PHASE,0.0216,0.0374
649,5.018,-15.3922,20.7556,1.1007,-0.0075,0.6981,-0.0179,0.89,0.192,0.921,-15.533,20.8858,0.2,-0.0276,0.6643,0.0,-0.1655,0.6348,-0.8198,1.05,0.3738,1,1,2,0.838,0.472,0.528,0,0,0.0,2,DESCENT_PHASE,0.0201,0.0338
650,5.026,-15.3923,20.7694,1.1004,-0.0075,0.6892,-0.0177,0.89,0.192,0.921,-15.5336,20.899,0.2,-0.0274,0.6587,0.0,-0.166,0.6323,-0.8217,1.05,0.3908,1,1,2,0.839,0.477,0.523,0,0,0.0,2,DESCENT_PHASE,0.0199,0.0305
651,5.033,-15.3925,20.783,1.1,-0.0094,0.6795,-0.0184,0.89,0.192,0.92,-15.5341,20.9121,0.2,-0.0271,0.6529,0.0,-0.1659,0.6299,-0.8235,1.05,0.3728,1,1,2,0.838,0.472,0.528,0,0,0.0,2,DESCENT_PHASE,0.0177,0.0266
652,5.04,-15.3927,20.7964,1.0996,-0.0098,0.6705,-0.0181,0.889,0.192,0.92,-15.5347,20.925,0.2,-0.0269,0.6472,0.0,-0.1662,0.6274,-0.8253,1.05,0.3942,1,1,2,0.84,0.478,0.522,0,0,0.0,2,DESCENT_PHASE,0.017,0.0233
653,5.047,-15.393,20.8096,1.0993,-0.012,0.6607,-0.018,0.889,0.191,0.919,-15.5352,20.9378,0.2,-0.0266,0.6413,0.0,-0.1658,0.6252,-0.8272,1.05,0.3772,1,1,2,0.839,0.474,0.526,0,0,0.0,2,DESCENT_PHASE,0.0146,0.0194
654,5.055,-15.3932,20.8227,1.0989,-0.0124,0.6518,-0.0179,0.888,0.191,0.919,-15.5357,20.9506,0.2,-0.0264,0.6355,0.0,-0.1661,0.6227,-0.829,1.05,0.3986,1,1,2,0.841,0.48,0.52,0,0,0.0,2,DESCENT_PHASE,0.014,0.0162
655,5.062,-15.3935,20.8355,1.0986,-0.0142,0.6423,-0.0178,0.888,0.191,0.919,-15.5363,20.9632,0.2,-0.0261,0.6296,0.0,-0.1658,0.6203,-0.8308,1.05,0.3814,1,1,2,0.84,0.478,0.522,0,0,0.0,2,DESCENT_PHASE,0.012,0.0127
656,5.069,-15.3938,20.8482,1.0982,-0.0139,0.6339,-0.0179,0.888,0.192,0.918,-15.5368,20.9756,0.2,-0.0259,0.6236,0.0,-0.1663,0.6175,-0.8328,1.05,0.4057,1,1,2,0.842,0.485,0.515,0,0,0.0,2,DESCENT_PHASE,0.0121,0.0103
657,5.076,-15.3941,20.8607,1.0979,-0.0146,0.6253,-0.0178,0.887,0.192,0.918,-15.5373,20.988,0.2,-0.0257,0.6178,0.0,-0.1663,0.615,-0.8346,1.05,0.3883,1,1,2,0.842,0.485,0.515,0,0,0.0,2,DESCENT_PHASE,0.0111,0.0075
658,5.084,-15.3943,20.8731,1.0975,-0.0137,0.6181,-0.0183,0.887,0.192,0.918,-15.5378,21.0002,0.2,-0.0254,0.6118,0.0,-0.167,0.612,-0.8367,1.05,0.4068,1,1,2,0.844,0.488,0.512,0,0,0.0,2,DESCENT_PHASE,0.0118,0.0064
659,5.091,-15.3946,20.8853,1.0971,-0.0141,0.6112,-0.018,0.887,0.192,0.917,-15.5383,21.0123,0.2,-0.0251,0.6057,0.0,-0.1672,0.6089,-0.8389,1.05,0.3872,1,1,2,0.844,0.488,0.512,0,0,0.0,2,DESCENT_PHASE,0.011,0.0055
660,5.098,-15.3949,20.8974,1.0968,-0.0127,0.6059,-0.0178,0.886,0.192,0.917,-15.5388,21.0243,0.2,-0.0249,0.5998,0.0,-0.1682,0.6055,-0.8412,1.05,0.3993,1,1,2,0.846,0.494,0.506,0,0,0.0,2,DESCENT_PHASE,0.0123,0.0061
661,5.105,-15.3951,20.9094,1.0964,-0.0124,0.6009,-0.0177,0.886,0.192,0.917,-15.5393,21.0362,0.2,-0.0247,0.5936,0.0,-0.1687,0.6018,-0.8437,1.05,0.3793,1,1,2,0.846,0.493,0.507,0,0,0.0,2,DESCENT_PHASE,0.0122,0.0074
662,5.112,-15.3953,20.9214,1.0961,-0.0102,0.5973,-0.0176,0.886,0.192,0.916,-15.5398,21.0479,0.2,-0.0244,0.5875,0.0,-0.17,0.5978,-0.8463,1.05,0.3981,1,1,2,0.848,0.499,0.501,0,0,0.0,2,DESCENT_PHASE,0.0142,0.0098
663,5.12,-15.3955,20.9332,1.0957,-0.009,0.5936,-0.0175,0.885,0.192,0.916,-15.5403,21.0596,0.2,-0.0241,0.5814,0.0,-0.1709,0.5937,-0.849,1.05,0.3778,1,1,2,0.848,0.498,0.502,0,0,0.0,2,DESCENT_PHASE,0.0151,0.0122
664,5.127,-15.3956,20.9451,1.0954,-0.0061,0.5912,-0.0176,0.885,0.192,0.916,-15.5407,21.0711,0.2,-0.0239,0.5753,0.0,-0.1725,0.5891,-0.8519,1.05,0.3807,1,1,2,0.848,0.499,0.501,0,0,0.0,2,DESCENT_PHASE,0.0178,0.016
665,5.135,-15.3957,20.9568,1.095,-0.0044,0.5889,-0.0175,0.885,0.192,0.915,-15.5412,21.0825,0.2,-0.0237,0.569,0.0,-0.1738,0.5843,-0.8549,1.05,0.3676,1,1,2,0.846,0.493,0.507,0,0,0.0,2,DESCENT_PHASE,0.0193,0.0199
666,5.142,-15.3957,20.9686,1.0947,-0.0011,0.5866,-0.0176,0.884,0.192,0.915,-15.5417,21.0937,0.2,-0.0234,0.5627,0.0,-0.1757,0.5794,-0.8579,1.05,0.3867,1,1,2,0.847,0.494,0.506,0,0,0.0,2,DESCENT_PHASE,0.0222,0.024
667,5.149,-15.3957,20.9802,1.0943,0.0002,0.5828,-0.0175,0.884,0.192,0.915,-15.5421,21.1048,0.2,-0.0231,0.5565,0.0,-0.1769,0.5748,-0.8607,1.05,0.3689,1,1,2,0.845,0.492,0.508,0,0,0.0,2,DESCENT_PHASE,0.0234,0.0264
668,5.157,-15.3957,20.9918,1.094,0.0028,0.5789,-0.0174,0.883,0.192,0.914,-15.5426,21.1158,0.2,-0.0228,0.5502,0.0,-0.1785,0.5701,-0.8635,1.05,0.3913,1,1,2,0.846,0.494,0.506,0,0,0.0,2,DESCENT_PHASE,0.0256,0.0287
669,5.164,-15.3956,21.0033,1.0936,0.0035,0.5736,-0.0174,0.883,0.192,0.914,-15.543,21.1267,0.2,-0.0226,0.5439,0.0,-0.1796,0.5657,-0.8661,1.05,0.3731,1,1,2,0.844,0.489,0.511,0,0,0.0,2,DESCENT_PHASE,0.0261,0.0297
670,5.171,-15.3955,21.0146,1.0933,0.0058,0.5684,-0.0175,0.883,0.192,0.914,-15.5435,21.1375,0.2,-0.0223,0.5375,0.0,-0.1812,0.5612,-0.8688,1.05,0.4003,1,1,2,0.845,0.492,0.508,0,0,0.0,2,DESCENT_PHASE,0.0281,0.0309
671,5.178,-15.3954,21.0259,1.0929,0.0066,0.5619,-0.0174,0.882,0.192,0.913,-15.5439,21.1481,0.2,-0.022,0.5311,0.0,-0.1822,0.5569,-0.8713,1.05,0.3821,1,1,2,0.844,0.488,0.512,0,0,0.0,2,DESCENT_PHASE,0.0286,0.0308
672,5.186,-15.3952,21.037,1.0926,0.008,0.5563,-0.0173,0.882,0.192,0.913,-15.5444,21.1586,0.2,-0.0218,0.5247,0.0,-0.1836,0.5523,-0.8739,1.05,0.4051,1,1,2,0.845,0.488,0.512,0,0,0.0,2,DESCENT_PHASE,0.0298,0.0316
673,5.193,-15.3951,21.048,1.0922,0.0071,0.55,-0.0173,0.882,0.192,0.913,-15.5448,21.169,0.2,-0.0216,0.5182,0.0,-0.1842,0.5478,-0.8766,1.05,0.3872,1,1,2,0.845,0.489,0.511,0,0,0.0,2,DESCENT_PHASE,0.0287,0.0318
674,5.2,-15.3949,21.0589,1.0919,0.0072,0.5447,-0.0172,0.881,0.193,0.912,-15.5452,21.1792,0.2,-0.0213,0.5117,0.0,-0.1851,0.543,-0.8794,1.05,0.4102,1,1,2,0.846,0.49,0.51,0,0,0.0,2,DESCENT_PHASE,0.0285,0.033
675,5.208,-15.3948,21.0697,1.0915,0.0054,0.539,-0.0172,0.881,0.193,0.912,-15.5456,21.1893,0.2,-0.021,0.5053,0.0,-0.1852,0.5384,-0.8822,1.05,0.3926,1,1,2,0.846,0.488,0.512,0,0,0.0,2,DESCENT_PHASE,0.0263,0.0338
676,5.215,-15.3947,21.0804,1.0912,0.0048,0.5346,-0.0172,0.881,0.192,0.912,-15.5461,21.1993,0.2,-0.0207,0.4988,0.0,-0.1859,0.5332,-0.8852,1.05,0.4094,1,1,2,0.847,0.493,0.507,0,0,0.0,2,DESCENT_PHASE,0.0255,0.0358
677,5.222,-15.3947,21.091,1.0909,0.0026,0.53,-0.0171,0.88,0.192,0.911,-15.5465,21.2091,0.2,-0.0205,0.4922,0.0,-0.1859,0.528,-0.8883,1.05,0.392,1,1,2,0.846,0.49,0.51,0,0,0.0,2,DESCENT_PHASE,0.0231,0.0378
678,5.229,-15.3946,21.1015,1.0905,0.0019,0.5263,-0.0171,0.88,0.192,0.911,-15.5469,21.2188,0.2,-0.0202,0.4856,0.0,-0.1865,0.5225,-0.8915,1.05,0.4129,1,1,2,0.848,0.495,0.505,0,0,0.0,2,DESCENT_PHASE,0.0221,0.0407
679,5.236,-15.3946,21.1119,1.0902,-0.0003,0.5222,-0.0171,0.88,0.192,0.911,-15.5473,21.2284,0.2,-0.0199,0.4789,0.0,-0.1865,0.5169,-0.8948,1.05,0.3957,1,1,2,0.847,0.493,0.507,0,0,0.0,2,DESCENT_PHASE,0.0195,0.0433
680,5.244,-15.3946,21.1223,1.0898,-0.0008,0.5191,-0.0174,0.879,0.192,0.91,-15.5477,21.2378,0.2,-0.0196,0.4724,0.0,-0.1871,0.5109,-0.898,1.05,0.402,1,1,2,0.847,0.494,0.506,0,0,0.0,2,DESCENT_PHASE,0.0188,0.0467
681,5.251,-15.3947,21.1326,1.0895,-0.0026,0.5156,-0.0172,0.879,0.191,0.91,-15.548,21.2472,0.2,-0.0193,0.4658,0.0,-0.1871,0.505,-0.9014,1.05,0.3843,1,1,2,0.846,0.487,0.513,0,0,0.0,2,DESCENT_PHASE,0.0167,0.0498
682,5.259,-15.3948,21.1429,1.0891,-0.0028,0.5119,-0.0171,0.879,0.191,0.909,-15.5484,21.2563,0.2,-0.0191,0.459,0.0,-0.1878,0.4987,-0.9047,1.05,0.4075,1,1,2,0.847,0.489,0.511,0,0,0.0,2,DESCENT_PHASE,0.0163,0.0529
683,5.266,-15.3948,21.153,1.0888,-0.0045,0.5068,-0.017,0.878,0.191,0.909,-15.5488,21.2654,0.2,-0.0188,0.4523,0.0,-0.1878,0.493,-0.9079,1.05,0.39,1,1,2,0.845,0.489,0.511,0,0,0.0,2,DESCENT_PHASE,0.0143,0.0544
684,5.273,-15.3949,21.163,1.0885,-0.0043,0.5017,-0.017,0.878,0.19,0.909,-15.5492,21.2743,0.2,-0.0185,0.4456,0.0,-0.1885,0.487,-0.911,1.05,0.4139,1,1,2,0.846,0.492,0.508,0,0,0.0,2,DESCENT_PHASE,0.0142,0.0562
685,5.281,-15.395,21.173,1.0881,-0.0052,0.4954,-0.017,0.878,0.19,0.908,-15.5495,21.2831,0.2,-0.0183,0.4389,0.0,-0.1887,0.4813,-0.9139,1.05,0.3963,1,1,2,0.845,0.488,0.512,0,0,0.0,2,DESCENT_PHASE,0.0131,0.0565
686,5.288,-15.3951,21.1827,1.0878,-0.004,0.4895,-0.0171,0.877,0.189,0.908,-15.5499,21.2917,0.2,-0.0179,0.432,0.0,-0.1897,0.4753,-0.9168,1.05,0.4246,1,1,2,0.846,0.493,0.507,0,0,0.0,2,DESCENT_PHASE,0.0139,0.0574
687,5.295,-15.3952,21.1924,1.0874,-0.0036,0.4825,-0.0171,0.877,0.189,0.907,-15.5503,21.3002,0.2,-0.0177,0.4252,0.0,-0.1904,0.4696,-0.9196,1.05,0.4069,1,1,2,0.846,0.49,0.51,0,0,0.0,2,DESCENT_PHASE,0.0141,0.0573
688,5.302,-15.3952,21.2019,1.0871,-0.0021,0.4765,-0.0177,0.877,0.188,0.907,-15.5506,21.3086,0.2,-0.0174,0.4185,0.0,-0.1915,0.4636,-0.9225,1.05,0.422,1,1,2,0.847,0.494,0.506,0,0,0.0,2,DESCENT_PHASE,0.0153,0.0581
689,5.309,-15.3953,21.2113,1.0867,-0.0023,0.4701,-0.0178,0.876,0.188,0.906,-15.5509,21.3168,0.2,-0.0171,0.4115,0.0,-0.192,0.4574,-0.9254,1.05,0.4001,1,1,2,0.846,0.491,0.509,0,0,0.0,2,DESCENT_PHASE,0.0148,0.0586
690,5.317,-15.3953,21.2206,1.0864,-0.0013,0.4646,-0.0175,0.876,0.188,0.906,-15.5513,21.3249,0.2,-0.0168,0.4047,0.0,-0.1929,0.4511,-0.9283,1.05,0.4218,1,1,2,0.848,0.496,0.504,0,0,0.0,2,DESCENT_PHASE,0.0155,0.0599
691,5.324,-15.3953,21.2298,1.086,-0.002,0.4585,-0.0173,0.876,0.187,0.906,-15.5516,21.3329,0.2,-0.0165,0.3978,0.0,-0.1933,0.4447,-0.9313,1.05,0.3998,1,1,2,0.847,0.494,0.506,0,0,0.0,2,DESCENT_PHASE,0.0145,0.0608
692,5.331,-15.3954,21.2389,1.0857,-0.0012,0.4536,-0.0173,0.875,0.187,0.905,-15.5519,21.3407,0.2,-0.0162,0.3909,0.0,-0.1941,0.4379,-0.9344,1.05,0.4011,1,1,2,0.847,0.493,0.507,0,0,0.0,2,DESCENT_PHASE,0.015,0.0627
693,5.338,-15.3954,21.2478,1.0853,-0.0018,0.4482,-0.0171,0.875,0.186,0.905,-15.5523,21.3484,0.2,-0.016,0.3839,0.0,-0.1946,0.4311,-0.9374,1.05,0.3849,1,1,2,0.845,0.484,0.516,0,0,0.0,2,DESCENT_PHASE,0.0142,0.0643
694,5.346,-15.3954,21.2567,1.085,-0.0012,0.4426,-0.0176,0.874,0.186,0.904,-15.5526,21.3559,0.2,-0.0156,0.3771,0.0,-0.1953,0.4244,-0.9404,1.05,0.4122,1,1,2,0.845,0.484,0.516,0,0,0.0,2,DESCENT_PHASE,0.0144,0.0655
695,5.353,-15.3955,21.2654,1.0846,-0.0026,0.4348,-0.0175,0.874,0.185,0.904,-15.5529,21.3633,0.2,-0.0154,0.37,0.0,-0.1953,0.4181,-0.9432,1.05,0.4145,1,1,2,0.844,0.48,0.52,0,0,0.0,2,DESCENT_PHASE,0.0127,0.0648
696,5.36,-15.3955,21.2739,1.0843,-0.003,0.4265,-0.0173,0.874,0.185,0.903,-15.5532,21.3706,0.2,-0.0151,0.363,0.0,-0.1957,0.4119,-0.9458,1.05,0.4303,1,1,2,0.846,0.486,0.514,0,0,0.0,2,DESCENT_PHASE,0.0121,0.0636
697,5.367,-15.3956,21.2823,1.0839,-0.0049,0.4179,-0.0178,0.873,0.184,0.903,-15.5535,21.3777,0.2,-0.0148,0.3561,0.0,-0.1953,0.4061,-0.9484,1.05,0.4087,1,1,2,0.845,0.482,0.518,0,0,0.0,2,DESCENT_PHASE,0.0099,0.0618
698,5.375,-15.3957,21.2905,1.0836,-0.0054,0.4103,-0.0175,0.873,0.184,0.903,-15.5538,21.3847,0.2,-0.0145,0.3489,0.0,-0.1955,0.3996,-0.9511,1.05,0.4342,1,1,2,0.846,0.487,0.513,0,0,0.0,2,DESCENT_PHASE,0.0091,0.0613
699,5.382,-15.3959,21.2985,1.0832,-0.0076,0.402,-0.0173,0.873,0.183,0.902,-15.554,21.3915,0.2,-0.0142,0.3419,0.0,-0.195,0.3934,-0.9538,1.05,0.4147,1,1,2,0.845,0.485,0.515,0,0,0.0,2,DESCENT_PHASE,0.0066,0.0601
700,5.389,-15.3961,21.3064,1.0829,-0.0083,0.395,-0.0172,0.872,0.183,0.902,-15.5543,21.3982,0.2,-0.0139,0.3348,0.0,-0.195,0.3867,-0.9565,1.05,0.4364,1,1,2,0.847,0.491,0.509,0,0,0.0,2,DESCENT_PHASE,0.0056,0.0601
701,5.396,-15.3963,21.3142,1.0825,-0.0104,0.3875,-0.0172,0.872,0.182,0.901,-15.5546,21.4048,0.2,-0.0136,0.3278,0.0,-0.1945,0.3802,-0.9592,1.05,0.4169,1,1,2,0.846,0.489,0.511,0,0,0.0,2,DESCENT_PHASE,0.0033,0.0597
702,5.403,-15.3965,21.3218,1.0822,-0.0108,0.3812,-0.0171,0.872,0.182,0.901,-15.5549,21.4112,0.2,-0.0133,0.3207,0.0,-0.1945,0.3731,-0.962,1.05,0.4345,1,1,2,0.848,0.492,0.508,0,0,0.0,2,DESCENT_PHASE,0.0026,0.0605
703,5.411,-15.3967,21.3293,1.0819,-0.0123,0.3744,-0.0171,0.871,0.181,0.9,-15.5551,21.4174,0.2,-0.013,0.3135,0.0,-0.1942,0.3659,-0.9648,1.05,0.4149,1,1,2,0.847,0.489,0.511,0,0,0.0,2,DESCENT_PHASE,0.0007,0.061
704,5.418,-15.397,21.3366,1.0815,-0.012,0.3684,-0.017,0.871,0.181,0.9,-15.5554,21.4236,0.2,-0.0127,0.3064,0.0,-0.1945,0.3586,-0.9675,1.05,0.4411,1,1,2,0.848,0.494,0.506,0,0,0.0,2,DESCENT_PHASE,0.0007,0.062
705,5.425,-15.3972,21.3439,1.0812,-0.0128,0.3615,-0.017,0.871,0.18,0.899,-15.5556,21.4296,0.2,-0.0124,0.2993,0.0,-0.1943,0.3515,-0.9702,1.05,0.4215,1,1,2,0.847,0.491,0.509,0,0,0.0,2,DESCENT_PHASE,-0.0003,0.0622
706,5.432,-15.3975,21.351,1.0808,-0.0114,0.3555,-0.0176,0.87,0.18,0.899,-15.5559,21.4354,0.2,-0.0121,0.292,0.0,-0.195,0.3437,-0.9728,1.05,0.4322,1,1,2,0.848,0.493,0.507,0,0,0.0,2,DESCENT_PHASE,0.0007,0.0635
707,5.44,-15.3977,21.358,1.0805,-0.0108,0.349,-0.0174,0.87,0.179,0.898,-15.5561,21.4411,0.2,-0.0118,0.2849,0.0,-0.1954,0.3363,-0.9753,1.05,0.4098,1,1,2,0.847,0.492,0.508,0,0,0.0,2,DESCENT_PHASE,0.0011,0.0641
708,5.449,-15.3978,21.3648,1.0801,-0.0081,0.3426,-0.0173,0.87,0.178,0.898,-15.5563,21.4467,0.2,-0.0115,0.2776,0.0,-0.1966,0.3285,-0.9777,1.05,0.4373,1,1,2,0.848,0.495,0.505,0,0,0.0,2,DESCENT_PHASE,0.0034,0.065
709,5.457,-15.398,21.3715,1.0798,-0.0063,0.3348,-0.0172,0.869,0.178,0.898,-15.5566,21.4521,0.2,-0.0113,0.2705,0.0,-0.1975,0.3213,-0.9799,1.05,0.4142,1,1,2,0.846,0.492,0.508,0,0,0.0,2,DESCENT_PHASE,0.0049,0.0643
710,5.465,-15.398,21.3781,1.0795,-0.0033,0.3277,-0.0171,0.869,0.177,0.897,-15.5568,21.4573,0.2,-0.0109,0.2632,0.0,-0.1988,0.3137,-0.9821,1.05,0.44,1,1,2,0.848,0.496,0.504,0,0,0.0,2,DESCENT_PHASE,0.0077,0.0645
711,5.472,-15.3981,21.3845,1.0791,-0.0018,0.3196,-0.0171,0.869,0.177,0.897,-15.557,21.4624,0.2,-0.0106,0.256,0.0,-0.1997,0.3064,-0.9843,1.05,0.4166,1,1,2,0.847,0.493,0.507,0,0,0.0,2,DESCENT_PHASE,0.0088,0.0636
712,5.48,-15.398,21.3907,1.0788,0.0012,0.3125,-0.0171,0.868,0.177,0.896,-15.5572,21.4674,0.2,-0.0103,0.2486,0.0,-0.2011,0.2985,-0.9864,1.05,0.4432,1,1,2,0.849,0.498,0.502,0,0,0.0,2,DESCENT_PHASE,0.0115,0.0639
713,5.487,-15.398,21.3968,1.0784,0.0029,0.3047,-0.0171,0.868,0.176,0.896,-15.5574,21.4722,0.2,-0.01,0.2415,0.0,-0.2021,0.2912,-0.9884,1.05,0.4194,1,1,2,0.848,0.496,0.504,0,0,0.0,2,DESCENT_PHASE,0.0129,0.0632
714,5.494,-15.3978,21.4028,1.0781,0.0065,0.2981,-0.0174,0.868,0.176,0.896,-15.5576,21.4769,0.2,-0.0097,0.2341,0.0,-0.2039,0.283,-0.9904,1.05,0.429,1,1,2,0.848,0.497,0.503,0,0,0.0,2,DESCENT_PHASE,0.0162,0.064
715,5.501,-15.3977,21.4086,1.0777,0.0091,0.2911,-0.0178,0.867,0.176,0.895,-15.5578,21.4815,0.2,-0.0094,0.2268,0.0,-0.2054,0.275,-0.9923,1.05,0.4103,1,1,2,0.846,0.489,0.511,0,0,0.0,2,DESCENT_PHASE,0.0185,0.0643
716,5.508,-15.3974,21.4143,1.0774,0.0125,0.2842,-0.0177,0.867,0.176,0.895,-15.558,21.4859,0.2,-0.0092,0.2194,0.0,-0.2072,0.2669,-0.9942,1.05,0.4439,1,1,2,0.846,0.49,0.51,0,0,0.0,2,DESCENT_PHASE,0.0216,0.0647
717,5.515,-15.3971,21.4198,1.077,0.0135,0.2754,-0.0175,0.867,0.176,0.894,-15.5581,21.4901,0.2,-0.0088,0.2122,0.0,-0.208,0.2596,-0.9959,1.05,0.4272,1,1,2,0.844,0.483,0.517,0,0,0.0,2,DESCENT_PHASE,0.0222,0.0632
718,5.522,-15.3968,21.4251,1.0767,0.0151,0.2668,-0.0173,0.866,0.176,0.894,-15.5583,21.4942,0.2,-0.0085,0.2048,0.0,-0.2093,0.2521,-0.9976,1.05,0.447,1,1,2,0.845,0.484,0.516,0,0,0.0,2,DESCENT_PHASE,0.0237,0.0619
719,5.529,-15.3965,21.4302,1.0763,0.0147,0.2567,-0.0177,0.866,0.176,0.894,-15.5585,21.4981,0.2,-0.0082,0.1975,0.0,-0.2096,0.2452,-0.9992,1.05,0.4369,1,1,2,0.844,0.482,0.518,0,0,0.0,2,DESCENT_PHASE,0.0229,0.0592
720,5.537,-15.3962,21.4352,1.076,0.015,0.2467,-0.0175,0.865,0.176,0.893,-15.5586,21.5019,0.2,-0.0079,0.1901,0.0,-0.2102,0.2382,-1.0008,1.05,0.4618,1,1,2,0.846,0.488,0.512,0,0,0.0,2,DESCENT_PHASE,0.023,0.0566
721,5.545,-15.396,21.4399,1.0756,0.0135,0.2363,-0.0175,0.865,0.176,0.893,-15.5588,21.5056,0.2,-0.0076,0.1828,0.0,-0.2099,0.2316,-1.0024,1.05,0.4364,1,1,2,0.846,0.487,0.513,0,0,0.0,2,DESCENT_PHASE,0.0211,0.0535
722,5.553,-15.3957,21.4444,1.0753,0.0132,0.2275,-0.0174,0.865,0.176,0.893,-15.5589,21.5091,0.2,-0.0073,0.1753,0.0,-0.2103,0.224,-1.004,1.05,0.4577,1,1,2,0.848,0.494,0.506,0,0,0.0,2,DESCENT_PHASE,0.0205,0.0522
723,5.562,-15.3955,21.4488,1.0749,0.0113,0.2186,-0.0174,0.864,0.176,0.892,-15.5591,21.5125,0.2,-0.007,0.168,0.0,-0.2098,0.2169,-1.0057,1.05,0.4316,1,1,2,0.848,0.492,0.508,0,0,0.0,2,DESCENT_PHASE,0.0183,0.0506
724,5.569,-15.3953,21.453,1.0746,0.0109,0.2113,-0.0173,0.864,0.175,0.892,-15.5592,21.5157,0.2,-0.0067,0.1606,0.0,-0.21,0.2088,-1.0074,1.05,0.4497,1,1,2,0.849,0.497,0.503,0,0,0.0,2,DESCENT_PHASE,0.0175,0.0507
725,5.578,-15.3951,21.4571,1.0742,0.0091,0.2038,-0.0177,0.864,0.175,0.892,-15.5593,21.5187,0.2,-0.0063,0.1532,0.0,-0.2096,0.2009,-1.0091,1.05,0.4273,1,1,2,0.848,0.493,0.507,0,0,0.0,2,DESCENT_PHASE,0.0154,0.0506
726,5.586,-15.3949,21.4611,1.0739,0.0088,0.1974,-0.0174,0.863,0.175,0.891,-15.5595,21.5217,0.2,-0.0061,0.1457,0.0,-0.2098,0.1924,-1.0107,1.05,0.4617,1,1,2,0.849,0.498,0.502,0,0,0.0,2,DESCENT_PHASE,0.0148,0.0517
727,5.595,-15.3948,21.4649,1.0735,0.0071,0.1901,-0.0173,0.863,0.175,0.891,-15.5596,21.5244,0.2,-0.0058,0.1384,0.0,-0.2093,0.1843,-1.0123,1.05,0.4431,1,1,2,0.849,0.495,0.505,0,0,0.0,2,DESCENT_PHASE,0.0129,0.0517
728,5.604,-15.3946,21.4685,1.0732,0.007,0.184,-0.0172,0.863,0.175,0.891,-15.5597,21.527,0.2,-0.0054,0.1308,0.0,-0.2095,0.1755,-1.0138,1.05,0.4645,1,1,2,0.85,0.5,0.5,0,0,0.0,2,DESCENT_PHASE,0.0124,0.0532
729,5.612,-15.3945,21.4721,1.0728,0.0057,0.1774,-0.0175,0.862,0.175,0.89,-15.5598,21.5295,0.2,-0.0051,0.1235,0.0,-0.2091,0.167,-1.0153,1.05,0.4378,1,1,2,0.849,0.498,0.502,0,0,0.0,2,DESCENT_PHASE,0.0108,0.0539
730,5.62,-15.3944,21.4755,1.0725,0.006,0.1719,-0.0173,0.862,0.175,0.89,-15.5599,21.5318,0.2,-0.0048,0.116,0.0,-0.2094,0.1578,-1.0167,1.05,0.461,1,1,2,0.851,0.502,0.498,0,0,0.0,2,DESCENT_PHASE,0.0108,0.0559
731,5.628,-15.3943,21.4789,1.0721,0.0052,0.1658,-0.0177,0.862,0.175,0.889,-15.56,21.534,0.2,-0.0045,0.1085,0.0,-0.2091,0.1488,-1.0181,1.05,0.4354,1,1,2,0.85,0.499,0.501,0,0,0.0,2,DESCENT_PHASE,0.0097,0.0573
732,5.636,-15.3942,21.4821,1.0706,0.0058,0.1624,-0.0768,0.86,0.174,0.888,-15.56,21.536,0.2,-0.0042,0.1012,0.0,-0.2157,0.143,-1.0035,1.0363,0.4324,1,1,2,0.849,0.496,0.504,0,0,0.0,2,DESCENT_PHASE,0.01,0.0612
733,5.645,-15.3941,21.4853,1.0683,0.0057,0.1578,-0.1139,0.858,0.174,0.886,-15.5601,21.5379,0.2,-0.0039,0.0937,0.0,-0.2154,0.1326,-0.9404,0.9738,0.4536,1,1,2,0.849,0.496,0.504,0,0,0.0,2,DESCENT_PHASE,0.0096,0.0641
734,5.652,-15.3939,21.4883,1.0656,0.0065,0.1518,-0.1372,0.855,0.174,0.883,-15.5602,21.5396,0.2,-0.0036,0.0861,0.0,-0.2157,0.1228,-0.9008,0.9344,0.4254,1,1,2,0.847,0.494,0.506,0,0,0.0,2,DESCENT_PHASE,0.0101,0.0657
735,5.66,-15.3938,21.4912,1.0625,0.0064,0.1456,-0.1517,0.852,0.174,0.88,-15.5603,21.5412,0.2,-0.0032,0.0787,0.0,-0.2153,0.1131,-0.8761,0.9092,0.4628,1,1,2,0.848,0.49,0.51,0,0,0.0,2,DESCENT_PHASE,0.0096,0.0669
736,5.667,-15.3937,21.4939,1.0593,0.0072,0.1369,-0.1611,0.849,0.174,0.877,-15.5603,21.5426,0.2,-0.003,0.0712,0.0,-0.2155,0.1046,-0.8601,0.8928,0.4482,1,1,2,0.847,0.491,0.509,0,0,0.0,2,DESCENT_PHASE,0.0102,0.0656
737,5.674,-15.3935,21.4965,1.056,0.0073,0.1281,-0.1676,0.845,0.173,0.873,-15.5604,21.5439,0.2,-0.0027,0.0638,0.0,-0.2154,0.0961,-0.8491,0.8813,0.4841,1,1,2,0.849,0.491,0.509,0,0,0.0,2,DESCENT_PHASE,0.01,0.0643
738,5.681,-15.3933,21.4989,1.0525,0.0085,0.118,-0.171,0.842,0.173,0.87,-15.5604,21.545,0.2,-0.0023,0.0563,0.0,-0.2157,0.0881,-0.8433,0.8749,0.4445,1,1,2,0.848,0.492,0.508,0,0,0.0,2,DESCENT_PHASE,0.0108,0.0618
739,5.688,-15.3932,21.5011,1.0491,0.0087,0.1094,-0.1731,0.839,0.173,0.867,-15.5605,21.546,0.2,-0.002,0.0487,0.0,-0.2156,0.0795,-0.8397,0.8706,0.478,1,1,2,0.849,0.496,0.504,0,0,0.0,2,DESCENT_PHASE,0.0107,0.0607
740,5.695,-15.393,21.503,1.0456,0.0102,0.0993,-0.1746,0.835,0.173,0.863,-15.5605,21.5468,0.2,-0.0017,0.0413,0.0,-0.2161,0.0717,-0.8373,0.8677,0.439,1,1,2,0.848,0.49,0.51,0,0,0.0,2,DESCENT_PHASE,0.012,0.058
741,5.702,-15.3927,21.5048,1.0421,0.011,0.0904,-0.1754,0.832,0.173,0.86,-15.5605,21.5475,0.2,-0.0014,0.0338,0.0,-0.2164,0.0634,-0.8358,0.8657,0.472,1,1,2,0.849,0.493,0.507,0,0,0.0,2,DESCENT_PHASE,0.0124,0.0566
742,5.708,-15.3925,21.5064,1.0386,0.0131,0.0797,-0.1762,0.828,0.173,0.856,-15.5605,21.548,0.2,-0.001,0.0263,0.0,-0.217,0.056,-0.8345,0.8641,0.4369,1,1,2,0.848,0.488,0.512,0,0,0.0,2,DESCENT_PHASE,0.0141,0.0534
743,5.715,-15.3922,21.5078,1.035,0.0144,0.0698,-0.1765,0.825,0.173,0.853,-15.5606,21.5484,0.2,-0.0008,0.0188,0.0,-0.2176,0.0481,-0.8339,0.8632,0.4693,1,1,2,0.849,0.49,0.51,0,0,0.0,2,DESCENT_PHASE,0.0152,0.051
744,5.722,-15.3919,21.509,1.0315,0.0163,0.0583,-0.1777,0.821,0.173,0.849,-15.5606,21.5486,0.2,-0.0005,0.0113,0.0,-0.2184,0.0412,-0.8319,0.8611,0.4559,1,1,2,0.849,0.49,0.51,0,0,0.0,2,DESCENT_PHASE,0.0168,0.0469
745,5.729,-15.3915,21.5099,1.0279,0.0168,0.0474,-0.1776,0.817,0.173,0.846,-15.5606,21.5487,0.2,-0.0001,0.0038,0.0,-0.2185,0.034,-0.8321,0.861,0.4923,1,1,2,0.851,0.497,0.503,0,0,0.0,2,DESCENT_PHASE,0.0169,0.0436
746,5.736,-15.3912,21.5107,1.0244,0.0182,0.0363,-0.1775,0.814,0.174,0.842,-15.5606,21.5486,0.2,0.0001,-0.0037,0.0,-0.2192,0.027,-0.8322,0.861,0.4574,1,1,2,0.851,0.496,0.504,0,0,0.0,2,DESCENT_PHASE,0.018,0.04
747,5.743,-15.3908,21.5112,1.0208,0.0184,0.0272,-0.1774,0.81,0.174,0.839,-15.5606,21.5484,0.2,0.0005,-0.0112,0.0,-0.2192,0.0192,-0.8324,0.861,0.4937,1,1,2,0.853,0.497,0.503,0,0,0.0,2,DESCENT_PHASE,0.0179,0.0384
748,5.75,-15.3904,21.5116,1.0173,0.0197,0.0175,-0.1774,0.807,0.174,0.836,-15.5605,21.548,0.2,0.0008,-0.0187,0.0,-0.2199,0.0117,-0.8325,0.8611,0.4588,1,1,2,0.852,0.499,0.501,0,0,0.0,2,DESCENT_PHASE,0.019,0.0362
749,5.757,-15.39,21.5118,1.0137,0.0202,0.0096,-0.1775,0.803,0.174,0.832,-15.5605,21.5475,0.2,0.0011,-0.0262,0.0,-0.22,0.0035,-0.8322,0.8608,0.4946,1,1,2,0.854,0.5,0.5,0,0,0.0,2,DESCENT_PHASE,0.0191,0.0358
750,5.764,-15.3896,21.5118,1.0102,0.0217,0.0005,-0.1775,0.8,0.174,0.829,-15.5605,21.5468,0.2,0.0014,-0.0337,0.0,-0.2208,-0.0041,-0.8323,0.8611,0.4586,1,1,2,0.853,0.501,0.499,0,0,0.0,2,DESCENT_PHASE,0.0203,0.0342
751,5.771,-15.3891,21.5116,1.0066,0.0223,-0.007,-0.1773,0.796,0.175,0.825,-15.5605,21.546,0.2,0.0017,-0.0412,0.0,-0.2211,-0.0125,-0.8325,0.8615,0.4939,1,1,2,0.854,0.5,0.5,0,0,0.0,2,DESCENT_PHASE,0.0206,0.0342
752,5.778,-15.3886,21.5113,1.0031,0.0239,-0.0159,-0.1773,0.793,0.175,0.822,-15.5604,21.545,0.2,0.0021,-0.0486,0.0,-0.2218,-0.0202,-0.8326,0.8619,0.4572,1,1,2,0.853,0.5,0.5,0,0,0.0,2,DESCENT_PHASE,0.0218,0.0328
753,5.784,-15.3882,21.5108,0.9995,0.0243,-0.0235,-0.1773,0.789,0.175,0.819,-15.5604,21.5439,0.2,0.0023,-0.0561,0.0,-0.2221,-0.0283,-0.8326,0.8622,0.4923,1,1,2,0.854,0.503,0.497,0,0,0.0,2,DESCENT_PHASE,0.022,0.0325
754,5.791,-15.3876,21.5102,0.996,0.0259,-0.0329,-0.1775,0.785,0.176,0.815,-15.5603,21.5426,0.2,0.0026,-0.0637,0.0,-0.223,-0.036,-0.8322,0.8623,0.4739,1,1,2,0.854,0.502,0.498,0,0,0.0,2,DESCENT_PHASE,0.0233,0.0308
755,5.798,-15.3871,21.5094,0.9924,0.0266,-0.0414,-0.1781,0.782,0.176,0.812,-15.5603,21.5412,0.2,0.003,-0.071,0.0,-0.2234,-0.0436,-0.8312,0.8618,0.5054,1,1,2,0.856,0.505,0.495,0,0,0.0,2,DESCENT_PHASE,0.0237,0.0297
756,5.806,-15.3866,21.5083,0.9889,0.0277,-0.0504,-0.1784,0.778,0.176,0.808,-15.5602,21.5396,0.2,0.0032,-0.0786,0.0,-0.224,-0.0512,-0.8307,0.8619,0.4679,1,1,2,0.856,0.503,0.497,0,0,0.0,2,DESCENT_PHASE,0.0244,0.0282
757,5.813,-15.386,21.5072,0.9853,0.0269,-0.0572,-0.1779,0.775,0.177,0.805,-15.5601,21.5379,0.2,0.0036,-0.0861,0.0,-0.2238,-0.0598,-0.8316,0.8632,0.4996,1,1,2,0.858,0.501,0.499,0,0,0.0,2,DESCENT_PHASE,0.0233,0.0289
758,5.82,-15.3855,21.5059,0.9818,0.0265,-0.0646,-0.1775,0.771,0.177,0.802,-15.56,21.5361,0.2,0.0039,-0.0935,0.0,-0.2237,-0.0679,-0.8322,0.8644,0.4611,1,1,2,0.858,0.507,0.493,0,0,0.0,2,DESCENT_PHASE,0.0226,0.0289
759,5.826,-15.385,21.5045,0.9782,0.0243,-0.0699,-0.1773,0.768,0.177,0.798,-15.56,21.534,0.2,0.0042,-0.101,0.0,-0.2229,-0.0771,-0.8326,0.8654,0.492,1,1,2,0.86,0.488,0.512,0,0,0.0,2,DESCENT_PHASE,0.0201,0.031
760,5.834,-15.3845,21.503,0.9747,0.0228,-0.0762,-0.1771,0.764,0.178,0.795,-15.5599,21.5319,0.2,0.0045,-0.1084,0.0,-0.2223,-0.0858,-0.8329,0.8663,0.4541,1,1,2,0.859,0.496,0.504,0,0,0.0,2,DESCENT_PHASE,0.0183,0.0322
761,5.842,-15.3842,21.5014,0.9711,0.0197,-0.0809,-0.177,0.761,0.178,0.791,-15.5598,21.5295,0.2,0.0048,-0.116,0.0,-0.2209,-0.0954,-0.8331,0.8672,0.4844,1,1,2,0.86,0.489,0.511,0,0,0.0,2,DESCENT_PHASE,0.0148,0.0351
762,5.848,-15.3838,21.4996,0.9676,0.0174,-0.0868,-0.1775,0.757,0.178,0.788,-15.5597,21.5271,0.2,0.0051,-0.1233,0.0,-0.2198,-0.1043,-0.8322,0.867,0.4511,1,1,2,0.86,0.492,0.508,0,0,0.0,2,DESCENT_PHASE,0.0122,0.0365
763,5.856,-15.3835,21.4978,0.964,0.0137,-0.0916,-0.1772,0.754,0.178,0.785,-15.5596,21.5245,0.2,0.0054,-0.1307,0.0,-0.2181,-0.1138,-0.8327,0.8683,0.484,1,1,2,0.86,0.488,0.512,0,0,0.0,2,DESCENT_PHASE,0.0083,0.0392
764,5.864,-15.3833,21.4958,0.9605,0.0111,-0.0978,-0.1771,0.75,0.178,0.781,-15.5595,21.5217,0.2,0.0057,-0.1382,0.0,-0.2167,-0.1228,-0.8329,0.8694,0.4498,1,1,2,0.859,0.498,0.502,0,0,0.0,2,DESCENT_PHASE,0.0054,0.0404
765,5.871,-15.3832,21.4938,0.9569,0.0072,-0.103,-0.177,0.746,0.178,0.778,-15.5593,21.5188,0.2,0.0061,-0.1457,0.0,-0.2146,-0.1323,-0.8331,0.8704,0.4825,1,1,2,0.86,0.492,0.508,0,0,0.0,2,DESCENT_PHASE,0.0012,0.0427
766,5.879,-15.3831,21.4916,0.9534,0.0046,-0.1101,-0.1771,0.743,0.178,0.774,-15.5592,21.5157,0.2,0.0063,-0.153,0.0,-0.2131,-0.1407,-0.833,0.8713,0.4565,1,1,2,0.859,0.509,0.491,0,0,0.0,2,DESCENT_PHASE,-0.0017,0.0429
767,5.886,-15.3831,21.4893,0.9499,0.001,-0.1166,-0.177,0.739,0.178,0.771,-15.5591,21.5125,0.2,0.0067,-0.1605,0.0,-0.211,-0.1498,-0.5496,0.6074,0.4891,1,1,2,0.86,0.495,0.505,0,0,0.0,2,DESCENT_PHASE,-0.0057,0.0439
768,5.893,-15.3831,21.4868,0.9463,-0.0012,-0.1246,-0.177,0.736,0.177,0.767,-15.5589,21.5092,0.2,0.007,-0.1678,0.0,-0.2094,-0.1579,-0.5496,0.609,0.4547,1,1,2,0.859,0.507,0.493,0,0,0.0,2,DESCENT_PHASE,-0.0081,0.0433
769,5.9,-15.3832,21.4841,0.9428,-0.0041,-0.1316,-0.177,0.732,0.177,0.764,-15.5588,21.5057,0.2,0.0073,-0.1753,0.0,-0.2075,-0.1666,-0.5496,0.6107,0.4873,1,1,2,0.86,0.51,0.49,0,0,0.0,2,DESCENT_PHASE,-0.0114,0.0437
770,5.908,-15.3833,21.4813,0.9392,-0.0053,-0.1405,-0.1772,0.729,0.177,0.76,-15.5586,21.502,0.2,0.0076,-0.1826,0.0,-0.2062,-0.1744,-0.5493,0.6121,0.4719,1,1,2,0.86,0.508,0.492,0,0,0.0,2,DESCENT_PHASE,-0.0129,0.0421
771,5.917,-15.3834,21.4783,0.9357,-0.0071,-0.1488,-0.1771,0.725,0.176,0.757,-15.5585,21.4982,0.2,0.0079,-0.19,0.0,-0.2047,-0.1823,-0.5494,0.614,0.5044,1,1,2,0.862,0.515,0.485,0,0,0.0,2,DESCENT_PHASE,-0.015,0.0411
772,5.925,-15.3835,21.4752,0.9322,-0.0069,-0.1578,-0.1771,0.722,0.176,0.753,-15.5583,21.4943,0.2,0.0082,-0.1974,0.0,-0.2039,-0.1901,-0.5494,0.6161,0.4694,1,1,2,0.861,0.512,0.488,0,0,0.0,2,DESCENT_PHASE,-0.0151,0.0396
773,5.933,-15.3837,21.4719,0.9286,-0.0071,-0.1649,-0.177,0.718,0.175,0.749,-15.5581,21.4902,0.2,0.0085,-0.2047,0.0,-0.203,-0.1984,-0.5496,0.6186,0.5019,1,1,2,0.863,0.517,0.483,0,0,0.0,2,DESCENT_PHASE,-0.0156,0.0397
774,5.941,-15.3838,21.4684,0.9251,-0.0051,-0.173,-0.1772,0.715,0.175,0.746,-15.558,21.4859,0.2,0.0088,-0.2121,0.0,-0.2032,-0.2066,-0.5493,0.6211,0.4691,1,1,2,0.862,0.514,0.486,0,0,0.0,2,DESCENT_PHASE,-0.0138,0.0391
775,5.949,-15.3839,21.4648,0.9215,-0.0031,-0.1796,-0.1771,0.711,0.175,0.742,-15.5578,21.4815,0.2,0.0091,-0.2193,0.0,-0.2032,-0.2151,-0.5495,0.6241,0.5019,1,1,2,0.864,0.514,0.486,0,0,0.0,2,DESCENT_PHASE,-0.0122,0.0397
776,5.959,-15.3839,21.4611,0.918,-0.0007,-0.1874,-0.177,0.707,0.174,0.739,-15.5576,21.477,0.2,0.0094,-0.2267,0.0,-0.2035,-0.2233,-0.5496,0.6271,0.4664,1,1,2,0.863,0.515,0.485,0,0,0.0,2,DESCENT_PHASE,-0.0101,0.0393
777,5.966,-15.3839,21.4572,0.9145,0.0002,-0.1938,-0.1769,0.704,0.174,0.735,-15.5574,21.4723,0.2,0.0097,-0.234,0.0,-0.2032,-0.232,-0.5497,0.6303,0.4988,1,1,2,0.864,0.518,0.482,0,0,0.0,2,DESCENT_PHASE,-0.0095,0.0403
778,5.973,-15.3838,21.4532,0.9109,0.0021,-0.2016,-0.1769,0.7,0.174,0.732,-15.5572,21.4675,0.2,0.01,-0.2413,0.0,-0.2034,-0.24,-0.5497,0.6334,0.4635,1,1,2,0.863,0.513,0.487,0,0,0.0,2,DESCENT_PHASE,-0.008,0.0397
779,5.981,-15.3838,21.449,0.9074,0.0025,-0.2084,-0.1769,0.697,0.174,0.728,-15.557,21.4625,0.2,0.0103,-0.2485,0.0,-0.203,-0.2484,-0.5498,0.6365,0.4956,1,1,2,0.863,0.516,0.484,0,0,0.0,2,DESCENT_PHASE,-0.0078,0.0401
780,5.988,-15.3837,21.4447,0.9038,0.0042,-0.217,-0.1771,0.693,0.174,0.725,-15.5568,21.4574,0.2,0.0106,-0.2559,0.0,-0.203,-0.2562,-0.5494,0.6393,0.478,1,1,2,0.863,0.513,0.487,0,0,0.0,2,DESCENT_PHASE,-0.0065,0.0389
781,5.996,-15.3836,21.4402,0.9003,0.0047,-0.225,-0.1771,0.69,0.173,0.721,-15.5566,21.4521,0.2,0.011,-0.2631,0.0,-0.2026,-0.2641,-0.5495,0.6425,0.5097,1,1,2,0.865,0.519,0.481,0,0,0.0,2,DESCENT_PHASE,-0.0062,0.0381
782,6.004,-15.3835,21.4355,0.8968,0.0066,-0.2336,-0.1771,0.686,0.173,0.718,-15.5563,21.4467,0.2,0.0112,-0.2703,0.0,-0.203,-0.2716,-0.5495,0.6457,0.4744,1,1,2,0.864,0.516,0.484,0,0,0.0,2,DESCENT_PHASE,-0.0046,0.0366
783,6.011,-15.3833,21.4307,0.8932,0.0077,-0.2406,-0.177,0.683,0.173,0.715,-15.5561,21.4412,0.2,0.0115,-0.2775,0.0,-0.2028,-0.2799,-0.5496,0.6492,0.5059,1,1,2,0.866,0.521,0.479,0,0,0.0,2,DESCENT_PHASE,-0.0039,0.037
784,6.02,-15.3831,21.4257,0.8897,0.0103,-0.2485,-0.1771,0.679,0.173,0.711,-15.5559,21.4355,0.2,0.0118,-0.2848,0.0,-0.2035,-0.2878,-0.5494,0.6528,0.4712,1,1,2,0.865,0.518,0.482,0,0,0.0,2,DESCENT_PHASE,-0.0015,0.0363
785,6.028,-15.3829,21.4206,0.8861,0.0123,-0.255,-0.177,0.676,0.173,0.708,-15.5556,21.4297,0.2,0.0121,-0.2919,0.0,-0.2039,-0.2961,-0.5495,0.6567,0.5025,1,1,2,0.866,0.521,0.479,0,0,0.0,2,DESCENT_PHASE,0.0002,0.0369
786,6.035,-15.3825,21.4154,0.8826,0.0155,-0.2628,-0.1771,0.672,0.173,0.704,-15.5554,21.4237,0.2,0.0124,-0.2992,0.0,-0.2049,-0.304,-0.5495,0.6606,0.4673,1,1,2,0.865,0.516,0.484,0,0,0.0,2,DESCENT_PHASE,0.003,0.0363
787,6.042,-15.3822,21.41,0.879,0.0176,-0.2696,-0.1771,0.669,0.173,0.701,-15.5551,21.4175,0.2,0.0127,-0.3062,0.0,-0.2056,-0.3121,-0.5495,0.6645,0.4982,1,1,2,0.866,0.519,0.481,0,0,0.0,2,DESCENT_PHASE,0.0049,0.0366
788,6.049,-15.3818,21.4044,0.8755,0.0213,-0.2779,-0.1777,0.665,0.173,0.697,-15.5549,21.4113,0.2,0.013,-0.3135,0.0,-0.2068,-0.3198,-0.5485,0.6677,0.4777,1,1,2,0.866,0.517,0.483,0,0,0.0,2,DESCENT_PHASE,0.0082,0.0356
789,6.057,-15.3813,21.3987,0.8719,0.0241,-0.2855,-0.1775,0.661,0.173,0.694,-15.5546,21.4049,0.2,0.0134,-0.3205,0.0,-0.2078,-0.3275,-0.5488,0.672,0.5097,1,1,2,0.868,0.518,0.482,0,0,0.0,2,DESCENT_PHASE,0.0107,0.035
790,6.064,-15.3807,21.3928,0.8684,0.0273,-0.294,-0.1774,0.658,0.174,0.691,-15.5543,21.3983,0.2,0.0136,-0.3277,0.0,-0.2091,-0.3349,-0.549,0.6762,0.4756,1,1,2,0.867,0.519,0.481,0,0,0.0,2,DESCENT_PHASE,0.0137,0.0337
791,6.072,-15.3802,21.3868,0.8649,0.0286,-0.3009,-0.1773,0.654,0.174,0.687,-15.554,21.3916,0.2,0.0139,-0.3347,0.0,-0.2096,-0.3429,-0.5492,0.6805,0.507,1,1,2,0.868,0.51,0.49,0,0,0.0,2,DESCENT_PHASE,0.0146,0.0338
792,6.079,-15.3796,21.3806,0.8613,0.0305,-0.309,-0.1772,0.651,0.174,0.684,-15.5538,21.3848,0.2,0.0142,-0.3418,0.0,-0.2104,-0.3503,-0.5493,0.6846,0.4731,1,1,2,0.867,0.518,0.482,0,0,0.0,2,DESCENT_PHASE,0.0163,0.0328
793,6.086,-15.3789,21.3743,0.8578,0.0307,-0.316,-0.1771,0.647,0.175,0.681,-15.5535,21.3778,0.2,0.0145,-0.3489,0.0,-0.2104,-0.3582,-0.5494,0.6888,0.5041,1,1,2,0.868,0.513,0.487,0,0,0.0,2,DESCENT_PHASE,0.0162,0.0329
794,6.092,-15.3783,21.3678,0.8542,0.0318,-0.3244,-0.1772,0.644,0.175,0.677,-15.5532,21.3707,0.2,0.0148,-0.3559,0.0,-0.2109,-0.3655,-0.5492,0.6926,0.4832,1,1,2,0.868,0.519,0.481,0,0,0.0,2,DESCENT_PHASE,0.017,0.0315
795,6.099,-15.3777,21.3612,0.8507,0.0314,-0.3321,-0.1772,0.64,0.175,0.674,-15.5529,21.3634,0.2,0.0151,-0.3629,0.0,-0.2107,-0.3729,-0.5493,0.6965,0.5138,1,1,2,0.87,0.503,0.497,0,0,0.0,2,DESCENT_PHASE,0.0163,0.0308
796,6.106,-15.377,21.3544,0.8471,0.0322,-0.3405,-0.1772,0.637,0.176,0.671,-15.5526,21.356,0.2,0.0154,-0.3699,0.0,-0.2111,-0.3802,-0.5493,0.7006,0.4799,1,1,2,0.869,0.517,0.483,0,0,0.0,2,DESCENT_PHASE,0.0168,0.0294
797,6.113,-15.3764,21.3474,0.8436,0.0316,-0.3474,-0.1771,0.633,0.176,0.667,-15.5523,21.3485,0.2,0.0156,-0.3769,0.0,-0.2109,-0.3879,-0.5494,0.7048,0.5101,1,1,2,0.87,0.504,0.496,0,0,0.0,2,DESCENT_PHASE,0.016,0.0295
798,6.12,-15.3758,21.3403,0.8401,0.0324,-0.3554,-0.1771,0.63,0.176,0.664,-15.5519,21.3408,0.2,0.016,-0.3839,0.0,-0.2111,-0.3951,-0.5494,0.7089,0.4762,1,1,2,0.87,0.522,0.478,0,0,0.0,2,DESCENT_PHASE,0.0165,0.0285
799,6.127,-15.3751,21.3331,0.8365,0.0322,-0.3622,-0.1771,0.626,0.177,0.661,-15.5516,21.333,0.2,0.0162,-0.3908,0.0,-0.2111,-0.4029,-0.5494,0.7133,0.5062,1,1,2,0.871,0.511,0.489,0,0,0.0,2,DESCENT_PHASE,0.016,0.0286
800,6.133,-15.3744,21.3257,0.833,0.0336,-0.3704,-0.1774,0.622,0.177,0.657,-15.5513,21.325,0.2,0.0165,-0.3977,0.0,-0.2117,-0.4098,-0.549,0.717,0.4868,1,1,2,0.871,0.519,0.481,0,0,0.0,2,DESCENT_PHASE,0.0171,0.0273
801,6.14,-15.3738,21.3181,0.8294,0.0342,-0.3778,-0.1773,0.619,0.177,0.654,-15.5509,21.317,0.2,0.0168,-0.4046,0.0,-0.2119,-0.4173,-0.5491,0.7215,0.5166,1,1,2,0.872,0.5,0.5,0,0,0.0,2,DESCENT_PHASE,0.0174,0.0268
802,6.147,-15.373,21.3104,0.8259,0.0354,-0.3858,-0.1772,0.615,0.178,0.651,-15.5506,21.3087,0.2,0.0171,-0.4114,0.0,-0.2125,-0.4242,-0.5492,0.7258,0.4826,1,1,2,0.872,0.505,0.495,0,0,0.0,2,DESCENT_PHASE,0.0183,0.0256
803,6.154,-15.3724,21.3025,0.8223,0.0346,-0.392,-0.1771,0.612,0.178,0.647,-15.5503,21.3004,0.2,0.0174,-0.4184,0.0,-0.2122,-0.4321,-0.5494,0.7305,0.5118,1,1,2,0.873,0.504,0.496,0,0,0.0,2,DESCENT_PHASE,0.0172,0.0264
804,6.16,-15.3717,21.2946,0.8188,0.0347,-0.3991,-0.1771,0.608,0.178,0.644,-15.5499,21.2919,0.2,0.0176,-0.4251,0.0,-0.2123,-0.4394,-0.5495,0.7349,0.4781,1,1,2,0.873,0.498,0.502,0,0,0.0,2,DESCENT_PHASE,0.0171,0.026
805,6.167,-15.371,21.2865,0.8152,0.0332,-0.4049,-0.177,0.605,0.179,0.641,-15.5495,21.2832,0.2,0.0179,-0.4319,0.0,-0.2116,-0.4473,-0.5496,0.7395,0.5068,1,1,2,0.874,0.504,0.496,0,0,0.0,2,DESCENT_PHASE,0.0153,0.027
806,6.174,-15.3703,21.2782,0.8117,0.0327,-0.4119,-0.1777,0.601,0.179,0.637,-15.5492,21.2744,0.2,0.0182,-0.4387,0.0,-0.2114,-0.4546,-0.5485,0.7431,0.479,1,1,2,0.873,0.502,0.498,0,0,0.0,2,DESCENT_PHASE,0.0145,0.0268
807,6.181,-15.3697,21.2699,0.8081,0.0309,-0.4179,-0.1774,0.598,0.179,0.634,-15.5488,21.2655,0.2,0.0185,-0.4456,0.0,-0.2105,-0.4625,-0.5489,0.7481,0.5116,1,1,2,0.874,0.503,0.497,0,0,0.0,2,DESCENT_PHASE,0.0124,0.0277
808,6.188,-15.3691,21.2614,0.8046,0.0303,-0.4252,-0.1773,0.594,0.179,0.631,-15.5484,21.2565,0.2,0.0188,-0.4521,0.0,-0.2102,-0.4695,-0.549,0.7523,0.4913,1,1,2,0.873,0.506,0.494,0,0,0.0,2,DESCENT_PHASE,0.0115,0.0269
809,6.195,-15.3685,21.2527,0.8011,0.0285,-0.4318,-0.1772,0.591,0.18,0.627,-15.5481,21.2473,0.2,0.0191,-0.459,0.0,-0.2092,-0.4772,-0.5492,0.7571,0.5241,1,1,2,0.875,0.504,0.496,0,0,0.0,2,DESCENT_PHASE,0.0094,0.0272
810,6.202,-15.368,21.2439,0.7975,0.028,-0.4392,-0.1771,0.587,0.18,0.624,-15.5477,21.238,0.2,0.0194,-0.4656,0.0,-0.2088,-0.484,-0.5494,0.7614,0.4935,1,1,2,0.874,0.511,0.489,0,0,0.0,2,DESCENT_PHASE,0.0086,0.0264
811,6.209,-15.3675,21.235,0.794,0.0266,-0.4454,-0.1773,0.583,0.18,0.621,-15.5473,21.2286,0.2,0.0196,-0.4723,0.0,-0.2081,-0.4916,-0.5491,0.7658,0.5263,1,1,2,0.875,0.502,0.498,0,0,0.0,2,DESCENT_PHASE,0.007,0.0269
812,6.216,-15.3669,21.226,0.7904,0.0267,-0.4529,-0.1772,0.58,0.18,0.617,-15.5469,21.219,0.2,0.0199,-0.4788,0.0,-0.2079,-0.4984,-0.5492,0.7703,0.4974,1,1,2,0.874,0.524,0.476,0,0,0.0,2,DESCENT_PHASE,0.0069,0.026
813,6.223,-15.3664,21.2167,0.7881,0.026,-0.4614,-0.1185,0.578,0.18,0.615,-15.5465,21.2093,0.2,0.0202,-0.4855,0.0,-0.2074,-0.5049,-0.6491,0.8481,0.5334,1,1,2,0.875,0.502,0.498,0,0,0.0,2,DESCENT_PHASE,0.0058,0.0241
814,6.232,-15.3659,21.2073,0.7864,0.0274,-0.4709,-0.0811,0.576,0.18,0.614,-15.5461,21.1994,0.2,0.0205,-0.4921,0.0,-0.2077,-0.5108,-0.7127,0.9011,0.4958,1,1,2,0.874,0.529,0.471,0,0,0.0,2,DESCENT_PHASE,0.0069,0.0212
815,6.24,-15.3653,21.1978,0.7853,0.0275,-0.4782,-0.0576,0.575,0.181,0.612,-15.5457,21.1894,0.2,0.0207,-0.4987,0.0,-0.2076,-0.5176,-0.7527,0.9368,0.5282,1,1,2,0.875,0.513,0.487,0,0,0.0,2,DESCENT_PHASE,0.0068,0.0204
816,6.247,-15.3647,21.188,0.7844,0.0295,-0.4869,-0.0431,0.574,0.181,0.612,-15.5452,21.1793,0.2,0.021,-0.5052,0.0,-0.2082,-0.5236,-0.7773,0.9601,0.5132,1,1,2,0.875,0.522,0.478,0,0,0.0,2,DESCENT_PHASE,0.0085,0.0183
817,6.256,-15.3641,21.1781,0.7837,0.0307,-0.4944,-0.0343,0.573,0.181,0.611,-15.5448,21.1691,0.2,0.0213,-0.5116,0.0,-0.2086,-0.5301,-0.7922,0.9758,0.5423,1,1,2,0.877,0.51,0.49,0,0,0.0,2,DESCENT_PHASE,0.0095,0.0173
818,6.263,-15.3634,21.1681,0.7832,0.0329,-0.5018,-0.0281,0.573,0.181,0.611,-15.5444,21.1587,0.2,0.0215,-0.5181,0.0,-0.2094,-0.5366,-0.8027,0.988,0.5039,1,1,2,0.877,0.508,0.492,0,0,0.0,2,DESCENT_PHASE,0.0114,0.0163
819,6.27,-15.3628,21.158,0.7827,0.0333,-0.5068,-0.0241,0.572,0.181,0.61,-15.5439,21.1483,0.2,0.0218,-0.5246,0.0,-0.2095,-0.5442,-0.8095,0.9976,0.5306,1,1,2,0.878,0.518,0.482,0,0,0.0,2,DESCENT_PHASE,0.0116,0.0178
820,6.277,-15.3621,21.1477,0.7823,0.0349,-0.512,-0.0216,0.572,0.182,0.61,-15.5435,21.1376,0.2,0.0221,-0.531,0.0,-0.21,-0.5516,-0.8137,1.0052,0.4934,1,1,2,0.878,0.515,0.485,0,0,0.0,2,DESCENT_PHASE,0.0128,0.019
821,6.284,-15.3614,21.1374,0.7819,0.035,-0.5151,-0.02,0.571,0.182,0.61,-15.5431,21.1269,0.2,0.0223,-0.5373,0.0,-0.2101,-0.5597,-0.8165,1.012,0.5192,1,1,2,0.879,0.523,0.477,0,0,0.0,2,DESCENT_PHASE,0.0126,0.0222
822,6.291,-15.3607,21.127,0.7815,0.0363,-0.5189,-0.019,0.571,0.182,0.609,-15.5426,21.116,0.2,0.0226,-0.5438,0.0,-0.2106,-0.568,-0.8183,1.0181,0.4965,1,1,2,0.879,0.519,0.481,0,0,0.0,2,DESCENT_PHASE,0.0137,0.0249
823,6.298,-15.3599,21.1166,0.7811,0.0365,-0.521,-0.0187,0.571,0.183,0.609,-15.5421,21.105,0.2,0.0228,-0.5501,0.0,-0.2106,-0.5767,-0.8187,1.0233,0.5286,1,1,2,0.88,0.526,0.474,0,0,0.0,2,DESCENT_PHASE,0.0137,0.0291
824,6.306,-15.3592,21.1062,0.7807,0.038,-0.5237,-0.0181,0.57,0.183,0.609,-15.5417,21.0939,0.2,0.0231,-0.5564,0.0,-0.2113,-0.5853,-0.8197,1.0291,0.4997,1,1,2,0.879,0.52,0.48,0,0,0.0,2,DESCENT_PHASE,0.0149,0.0326
825,6.313,-15.3584,21.0957,0.7804,0.0383,-0.5249,-0.0183,0.57,0.183,0.609,-15.5412,21.0826,0.2,0.0234,-0.5626,0.0,-0.2113,-0.5946,-0.8194,1.0342,0.5323,1,1,2,0.88,0.526,0.474,0,0,0.0,2,DESCENT_PHASE,0.0149,0.0377
826,6.32,-15.3576,21.0851,0.78,0.0401,-0.5271,-0.0179,0.57,0.184,0.608,-15.5407,21.0713,0.2,0.0236,-0.5689,0.0,-0.2122,-0.6036,-0.82,1.0401,0.5011,1,1,2,0.879,0.52,0.48,0,0,0.0,2,DESCENT_PHASE,0.0165,0.0418
827,6.327,-15.3568,21.0746,0.7797,0.0409,-0.528,-0.0176,0.569,0.184,0.608,-15.5403,21.0598,0.2,0.0239,-0.5752,0.0,-0.2126,-0.6133,-0.8206,1.0462,0.5334,1,1,2,0.879,0.525,0.475,0,0,0.0,2,DESCENT_PHASE,0.017,0.0471
828,6.336,-15.3559,21.0639,0.7793,0.0427,-0.5302,-0.0174,0.569,0.185,0.608,-15.5398,21.0481,0.2,0.0241,-0.5813,0.0,-0.213,-0.6211,-0.8193,1.05,0.5018,1,1,2,0.878,0.518,0.482,0,0,0.0,2,DESCENT_PHASE,0.0186,0.0511
829,6.343,-15.3551,21.0533,0.779,0.0431,-0.5314,-0.0173,0.568,0.185,0.608,-15.5393,21.0364,0.2,0.0244,-0.5874,0.0,-0.2121,-0.6271,-0.815,1.05,0.5343,1,1,2,0.879,0.522,0.478,0,0,0.0,2,DESCENT_PHASE,0.0187,0.056
830,6.35,-15.3542,21.0426,0.7786,0.0448,-0.5342,-0.0172,0.568,0.186,0.608,-15.5388,21.0245,0.2,0.0247,-0.5935,0.0,-0.2118,-0.6327,-0.8108,1.05,0.5029,1,1,2,0.877,0.512,0.488,0,0,0.0,2,DESCENT_PHASE,0.0202,0.0593
831,6.357,-15.3533,21.0319,0.7783,0.0454,-0.5363,-0.0171,0.568,0.186,0.607,-15.5383,21.0125,0.2,0.0249,-0.5997,0.0,-0.211,-0.6384,-0.8065,1.05,0.5356,1,1,2,0.877,0.515,0.485,0,0,0.0,2,DESCENT_PHASE,0.0205,0.0634
832,6.364,-15.3523,21.0211,0.7779,0.0473,-0.5403,-0.0171,0.567,0.187,0.607,-15.5378,21.0004,0.2,0.0252,-0.6056,0.0,-0.2109,-0.6435,-0.8025,1.05,0.5045,1,1,2,0.876,0.504,0.496,0,0,0.0,2,DESCENT_PHASE,0.0221,0.0653
833,6.371,-15.3513,21.0102,0.7776,0.0481,-0.544,-0.0171,0.567,0.187,0.607,-15.5373,20.9882,0.2,0.0254,-0.6117,0.0,-0.2104,-0.6487,-0.7984,1.05,0.5371,1,1,2,0.876,0.506,0.494,0,0,0.0,2,DESCENT_PHASE,0.0227,0.0677
834,6.378,-15.3504,20.9992,0.7773,0.0497,-0.5499,-0.0171,0.567,0.188,0.607,-15.5368,20.9758,0.2,0.0257,-0.6177,0.0,-0.2103,-0.6532,-0.7948,1.05,0.5078,1,1,2,0.874,0.524,0.476,0,0,0.0,2,DESCENT_PHASE,0.0241,0.0678
835,6.385,-15.3494,20.9881,0.7769,0.0499,-0.5558,-0.0171,0.566,0.189,0.607,-15.5363,20.9633,0.2,0.0259,-0.6235,0.0,-0.2097,-0.6576,-0.7912,1.05,0.5396,1,1,2,0.874,0.51,0.49,0,0,0.0,2,DESCENT_PHASE,0.024,0.0678
836,6.392,-15.3483,20.9768,0.7766,0.0511,-0.5639,-0.0173,0.566,0.189,0.607,-15.5357,20.9508,0.2,0.0261,-0.6295,0.0,-0.2097,-0.6615,-0.788,1.05,0.5288,1,1,2,0.873,0.526,0.474,0,0,0.0,2,DESCENT_PHASE,0.025,0.0656
837,6.398,-15.3473,20.9654,0.7762,0.0511,-0.572,-0.0177,0.566,0.19,0.607,-15.5352,20.9381,0.2,0.0264,-0.6354,0.0,-0.2092,-0.6656,-0.7847,1.05,0.5555,1,1,2,0.875,0.501,0.499,0,0,0.0,2,DESCENT_PHASE,0.0246,0.0634
838,6.406,-15.3463,20.9538,0.7759,0.0522,-0.5809,-0.0175,0.565,0.191,0.607,-15.5347,20.9252,0.2,0.0267,-0.6413,0.0,-0.2091,-0.6688,-0.782,1.05,0.529,1,1,2,0.874,0.511,0.489,0,0,0.0,2,DESCENT_PHASE,0.0256,0.0603
839,6.412,-15.3452,20.942,0.7755,0.052,-0.5881,-0.0174,0.565,0.191,0.606,-15.5341,20.9123,0.2,0.0268,-0.6471,0.0,-0.2085,-0.6725,-0.779,1.05,0.5497,1,1,2,0.876,0.507,0.493,0,0,0.0,2,DESCENT_PHASE,0.0251,0.059
840,6.419,-15.3442,20.9301,0.7752,0.0528,-0.5958,-0.0173,0.565,0.192,0.606,-15.5336,20.8992,0.2,0.0271,-0.6528,0.0,-0.2082,-0.6759,-0.7761,1.05,0.5236,1,1,2,0.875,0.503,0.497,0,0,0.0,2,DESCENT_PHASE,0.0257,0.057
841,6.426,-15.3431,20.9181,0.7748,0.052,-0.6018,-0.0178,0.564,0.193,0.606,-15.533,20.8861,0.2,0.0274,-0.6586,0.0,-0.2074,-0.6802,-0.7725,1.05,0.5504,1,1,2,0.876,0.512,0.488,0,0,0.0,2,DESCENT_PHASE,0.0246,0.0568
842,6.433,-15.3421,20.9059,0.7745,0.052,-0.6086,-0.0175,0.564,0.193,0.606,-15.5325,20.8728,0.2,0.0276,-0.6642,0.0,-0.2069,-0.6835,-0.7698,1.05,0.5177,1,1,2,0.875,0.506,0.494,0,0,0.0,2,DESCENT_PHASE,0.0244,0.0556
843,6.44,-15.3411,20.8936,0.7741,0.0502,-0.6139,-0.0173,0.564,0.194,0.606,-15.5319,20.8594,0.2,0.0278,-0.67,0.0,-0.2054,-0.6873,-0.7668,1.05,0.5452,1,1,2,0.876,0.513,0.487,0,0,0.0,2,DESCENT_PHASE,0.0224,0.0561
844,6.447,-15.3401,20.8812,0.7738,0.0495,-0.6203,-0.0172,0.563,0.195,0.606,-15.5314,20.8459,0.2,0.028,-0.6757,0.0,-0.2046,-0.6908,-0.7638,1.05,0.5129,1,1,2,0.875,0.505,0.495,0,0,0.0,2,DESCENT_PHASE,0.0215,0.0554
845,6.454,-15.3392,20.8687,0.7734,0.0473,-0.6255,-0.0171,0.563,0.195,0.606,-15.5308,20.8322,0.2,0.0283,-0.6811,0.0,-0.203,-0.6945,-0.7609,1.05,0.5397,1,1,2,0.876,0.511,0.489,0,0,0.0,2,DESCENT_PHASE,0.019,0.0556
846,6.461,-15.3382,20.8561,0.7731,0.0464,-0.6322,-0.0171,0.563,0.196,0.606,-15.5302,20.8185,0.2,0.0285,-0.6867,0.0,-0.202,-0.6979,-0.758,1.05,0.5078,1,1,2,0.875,0.501,0.499,0,0,0.0,2,DESCENT_PHASE,0.0179,0.0546
847,6.468,-15.3373,20.8433,0.7728,0.0443,-0.638,-0.017,0.562,0.196,0.605,-15.5297,20.8047,0.2,0.0288,-0.6924,0.0,-0.2005,-0.7015,-0.7551,1.05,0.534,1,1,2,0.875,0.505,0.495,0,0,0.0,2,DESCENT_PHASE,0.0155,0.0543
848,6.475,-15.3365,20.8304,0.7724,0.0438,-0.6455,-0.0178,0.562,0.197,0.605,-15.5291,20.7907,0.2,0.029,-0.6977,0.0,-0.1998,-0.705,-0.752,1.05,0.5149,1,1,2,0.874,0.509,0.491,0,0,0.0,2,DESCENT_PHASE,0.0148,0.0522
849,6.482,-15.3356,20.8173,0.772,0.0424,-0.6527,-0.0176,0.562,0.197,0.605,-15.5285,20.7766,0.2,0.0292,-0.7032,0.0,-0.1986,-0.708,-0.7496,1.05,0.5456,1,1,2,0.874,0.5,0.5,0,0,0.0,2,DESCENT_PHASE,0.0132,0.0506
850,6.489,-15.3348,20.8041,0.7717,0.0426,-0.6611,-0.0176,0.561,0.198,0.605,-15.5279,20.7625,0.2,0.0295,-0.7086,0.0,-0.198,-0.7106,-0.7473,1.05,0.5178,1,1,2,0.873,0.514,0.486,0,0,0.0,2,DESCENT_PHASE,0.0132,0.0475
851,6.5,-15.3339,20.7907,0.7713,0.042,-0.6687,-0.0175,0.561,0.198,0.605,-15.5273,20.7482,0.2,0.0297,-0.714,0.0,-0.1971,-0.7133,-0.7449,1.05,0.5488,1,1,2,0.873,0.503,0.497,0,0,0.0,2,DESCENT_PHASE,0.0124,0.0453
852,6.506,-15.3331,20.7772,0.771,0.0428,-0.678,-0.0177,0.56,0.198,0.604,-15.5267,20.7338,0.2,0.0299,-0.7194,0.0,-0.197,-0.7157,-0.7426,1.05,0.547,1,1,2,0.873,0.516,0.484,0,0,0.0,2,DESCENT_PHASE,0.013,0.0414
853,6.515,-15.3322,20.7634,0.7706,0.0425,-0.6868,-0.0178,0.56,0.199,0.604,-15.5261,20.7193,0.2,0.0301,-0.7246,0.0,-0.1962,-0.7181,-0.7405,1.05,0.5628,1,1,2,0.875,0.504,0.496,0,0,0.0,2,DESCENT_PHASE,0.0124,0.0378
854,6.523,-15.3313,20.7495,0.7703,0.0435,-0.6954,-0.0182,0.56,0.199,0.604,-15.5255,20.7047,0.2,0.0303,-0.7299,0.0,-0.1962,-0.7207,-0.738,1.05,0.5349,1,1,2,0.875,0.5,0.5,0,0,0.0,2,DESCENT_PHASE,0.0132,0.0345
855,6.532,-15.3305,20.7355,0.7699,0.0432,-0.7022,-0.0179,0.559,0.2,0.604,-15.5249,20.69,0.2,0.0306,-0.7351,0.0,-0.1954,-0.723,-0.7359,1.05,0.5626,1,1,2,0.877,0.511,0.489,0,0,0.0,2,DESCENT_PHASE,0.0126,0.0329
856,6.54,-15.3296,20.7213,0.7696,0.0441,-0.7093,-0.0178,0.559,0.2,0.604,-15.5243,20.6752,0.2,0.0308,-0.7402,0.0,-0.1951,-0.7252,-0.7338,1.05,0.5319,1,1,2,0.876,0.505,0.495,0,0,0.0,2,DESCENT_PHASE,0.0133,0.0309
857,6.547,-15.3287,20.707,0.7692,0.0437,-0.7147,-0.0176,0.559,0.2,0.603,-15.5237,20.6603,0.2,0.0309,-0.7455,0.0,-0.1943,-0.7279,-0.7314,1.05,0.5593,1,1,2,0.877,0.514,0.486,0,0,0.0,2,DESCENT_PHASE,0.0127,0.0308
858,6.555,-15.3278,20.6926,0.7689,0.0448,-0.7207,-0.0175,0.558,0.201,0.603,-15.523,20.6453,0.2,0.0312,-0.7504,0.0,-0.1941,-0.7302,-0.7291,1.05,0.5284,1,1,2,0.876,0.506,0.494,0,0,0.0,2,DESCENT_PHASE,0.0136,0.0297
859,6.562,-15.3269,20.6781,0.7685,0.0448,-0.7253,-0.0175,0.558,0.201,0.603,-15.5224,20.6302,0.2,0.0314,-0.7556,0.0,-0.1934,-0.7329,-0.7266,1.05,0.5556,1,1,2,0.878,0.513,0.487,0,0,0.0,2,DESCENT_PHASE,0.0134,0.0303
860,6.569,-15.326,20.6635,0.7682,0.0465,-0.7309,-0.0175,0.558,0.202,0.603,-15.5218,20.615,0.2,0.0316,-0.7607,0.0,-0.1935,-0.7354,-0.724,1.05,0.5242,1,1,2,0.876,0.509,0.491,0,0,0.0,2,DESCENT_PHASE,0.015,0.0298
861,6.576,-15.3251,20.6488,0.7678,0.0473,-0.7353,-0.0175,0.557,0.202,0.603,-15.5212,20.5996,0.2,0.0318,-0.7655,0.0,-0.1932,-0.7379,-0.7216,1.05,0.5513,1,1,2,0.877,0.511,0.489,0,0,0.0,2,DESCENT_PHASE,0.0155,0.0302
862,6.583,-15.3241,20.6339,0.7675,0.0491,-0.7411,-0.0174,0.557,0.203,0.603,-15.5205,20.5842,0.2,0.032,-0.7705,0.0,-0.1933,-0.7402,-0.7192,1.05,0.5203,1,1,2,0.876,0.505,0.495,0,0,0.0,2,DESCENT_PHASE,0.0171,0.0294
863,6.591,-15.3231,20.619,0.7671,0.0493,-0.7461,-0.0174,0.557,0.203,0.602,-15.5199,20.5687,0.2,0.0322,-0.7754,0.0,-0.1929,-0.7426,-0.7168,1.05,0.547,1,1,2,0.876,0.506,0.494,0,0,0.0,2,DESCENT_PHASE,0.0171,0.0293
864,6.598,-15.3221,20.604,0.7668,0.0508,-0.7527,-0.0176,0.556,0.204,0.602,-15.5192,20.5531,0.2,0.0324,-0.7803,0.0,-0.193,-0.7448,-0.7146,1.05,0.5405,1,1,2,0.877,0.504,0.496,0,0,0.0,2,DESCENT_PHASE,0.0184,0.0276
865,6.606,-15.3211,20.5888,0.7664,0.051,-0.7589,-0.0176,0.556,0.204,0.602,-15.5186,20.5374,0.2,0.0326,-0.785,0.0,-0.1927,-0.7468,-0.7125,1.05,0.5626,1,1,2,0.878,0.515,0.485,0,0,0.0,2,DESCENT_PHASE,0.0184,0.0261
866,6.614,-15.32,20.5735,0.7661,0.0524,-0.7649,-0.0175,0.556,0.205,0.602,-15.5179,20.5216,0.2,0.0329,-0.7898,0.0,-0.1927,-0.7488,-0.7104,1.05,0.5318,1,1,2,0.878,0.51,0.49,0,0,0.0,2,DESCENT_PHASE,0.0196,0.0249
867,6.623,-15.319,20.5581,0.7657,0.0525,-0.7692,-0.0175,0.555,0.205,0.602,-15.5173,20.5057,0.2,0.033,-0.7946,0.0,-0.1923,-0.751,-0.7081,1.05,0.5576,1,1,2,0.879,0.518,0.482,0,0,0.0,2,DESCENT_PHASE,0.0195,0.0254
868,6.631,-15.3179,20.5426,0.7654,0.0541,-0.774,-0.0175,0.555,0.206,0.602,-15.5166,20.4897,0.2,0.0332,-0.7992,0.0,-0.1925,-0.7531,-0.7059,1.05,0.5261,1,1,2,0.879,0.514,0.486,0,0,0.0,2,DESCENT_PHASE,0.0209,0.0251
869,6.638,-15.3168,20.5271,0.765,0.0546,-0.7774,-0.0174,0.555,0.206,0.601,-15.5159,20.4737,0.2,0.0334,-0.8039,0.0,-0.1922,-0.7554,-0.7035,1.05,0.5516,1,1,2,0.88,0.52,0.48,0,0,0.0,2,DESCENT_PHASE,0.0212,0.0264
870,6.645,-15.3157,20.5114,0.7647,0.056,-0.7817,-0.0174,0.554,0.207,0.601,-15.5152,20.4575,0.2,0.0336,-0.8084,0.0,-0.1923,-0.7575,-0.7012,1.05,0.5212,1,1,2,0.879,0.515,0.485,0,0,0.0,2,DESCENT_PHASE,0.0224,0.0268
871,6.652,-15.3145,20.4957,0.7643,0.0556,-0.7848,-0.0173,0.554,0.207,0.601,-15.5146,20.4412,0.2,0.0338,-0.813,0.0,-0.1917,-0.7598,-0.6988,1.05,0.5462,1,1,2,0.88,0.519,0.481,0,0,0.0,2,DESCENT_PHASE,0.0218,0.0282
872,6.66,-15.3134,20.48,0.764,0.0564,-0.7892,-0.0178,0.553,0.208,0.601,-15.5139,20.4249,0.2,0.034,-0.8176,0.0,-0.1917,-0.7623,-0.6961,1.05,0.5199,1,1,2,0.878,0.512,0.488,0,0,0.0,2,DESCENT_PHASE,0.0225,0.0284
873,6.667,-15.3123,20.4641,0.7636,0.0558,-0.7928,-0.0176,0.553,0.208,0.601,-15.5132,20.4085,0.2,0.0341,-0.8219,0.0,-0.1911,-0.7643,-0.6942,1.05,0.5475,1,1,2,0.879,0.516,0.484,0,0,0.0,2,DESCENT_PHASE,0.0216,0.0291
874,6.674,-15.3112,20.4481,0.7633,0.0565,-0.7978,-0.0176,0.553,0.209,0.601,-15.5125,20.3919,0.2,0.0343,-0.8265,0.0,-0.191,-0.7662,-0.6921,1.05,0.5264,1,1,2,0.878,0.509,0.491,0,0,0.0,2,DESCENT_PHASE,0.0221,0.0287
875,6.681,-15.3101,20.4321,0.7629,0.0559,-0.8022,-0.0175,0.552,0.21,0.601,-15.5118,20.3753,0.2,0.0345,-0.8307,0.0,-0.1905,-0.7681,-0.6901,1.05,0.554,1,1,2,0.879,0.514,0.486,0,0,0.0,2,DESCENT_PHASE,0.0214,0.0286
876,6.688,-15.3089,20.416,0.7626,0.0569,-0.8077,-0.0175,0.552,0.21,0.601,-15.5111,20.3586,0.2,0.0347,-0.835,0.0,-0.1905,-0.7698,-0.6882,1.05,0.5254,1,1,2,0.877,0.504,0.496,0,0,0.0,2,DESCENT_PHASE,0.0222,0.0273
877,6.695,-15.3078,20.3997,0.7622,0.0568,-0.8125,-0.0175,0.552,0.211,0.6,-15.5104,20.3418,0.2,0.0349,-0.8394,0.0,-0.1902,-0.7716,-0.6863,1.05,0.5531,1,1,2,0.878,0.508,0.492,0,0,0.0,2,DESCENT_PHASE,0.022,0.0269
878,6.702,-15.3066,20.3833,0.7619,0.058,-0.8187,-0.0176,0.551,0.211,0.6,-15.5097,20.3249,0.2,0.035,-0.8436,0.0,-0.1905,-0.7731,-0.6845,1.05,0.5468,1,1,2,0.878,0.507,0.493,0,0,0.0,2,DESCENT_PHASE,0.023,0.0249
879,6.709,-15.3055,20.3668,0.7615,0.0579,-0.8245,-0.0182,0.551,0.212,0.6,-15.509,20.308,0.2,0.0352,-0.8478,0.0,-0.1903,-0.7751,-0.6823,1.05,0.5724,1,1,2,0.88,0.518,0.482,0,0,0.0,2,DESCENT_PHASE,0.0227,0.0234
880,6.716,-15.3043,20.3502,0.7611,0.059,-0.8302,-0.0179,0.551,0.212,0.6,-15.5083,20.291,0.2,0.0354,-0.8519,0.0,-0.1905,-0.7763,-0.6809,1.05,0.5402,1,1,2,0.879,0.516,0.484,0,0,0.0,2,DESCENT_PHASE,0.0237,0.0217
881,6.723,-15.3031,20.3336,0.7608,0.0587,-0.8338,-0.0177,0.55,0.213,0.6,-15.5076,20.2738,0.2,0.0356,-0.856,0.0,-0.19,-0.7779,-0.6791,1.05,0.5639,1,1,2,0.881,0.524,0.476,0,0,0.0,2,DESCENT_PHASE,0.0231,0.0222
882,6.73,-15.3019,20.3168,0.7604,0.0597,-0.8376,-0.0176,0.55,0.214,0.6,-15.5069,20.2566,0.2,0.0357,-0.8601,0.0,-0.1901,-0.7796,-0.6772,1.05,0.5318,1,1,2,0.881,0.521,0.479,0,0,0.0,2,DESCENT_PHASE,0.024,0.0225
883,6.737,-15.3007,20.3,0.7601,0.0595,-0.8396,-0.0174,0.55,0.214,0.6,-15.5062,20.2393,0.2,0.0359,-0.8641,0.0,-0.1897,-0.7814,-0.6752,1.05,0.5549,1,1,2,0.882,0.527,0.473,0,0,0.0,2,DESCENT_PHASE,0.0236,0.0245
884,6.744,-15.2995,20.2832,0.7597,0.0605,-0.8421,-0.018,0.549,0.215,0.6,-15.5055,20.222,0.2,0.036,-0.868,0.0,-0.1899,-0.7836,-0.6726,1.05,0.531,1,1,2,0.881,0.524,0.476,0,0,0.0,2,DESCENT_PHASE,0.0244,0.026
885,6.75,-15.2983,20.2663,0.7594,0.06,-0.8431,-0.0177,0.549,0.215,0.599,-15.5047,20.2045,0.2,0.0362,-0.872,0.0,-0.1893,-0.7855,-0.6705,1.05,0.5589,1,1,2,0.883,0.53,0.47,0,0,0.0,2,DESCENT_PHASE,0.0238,0.0289
886,6.757,-15.2971,20.2494,0.759,0.061,-0.8448,-0.0175,0.549,0.216,0.599,-15.504,20.187,0.2,0.0364,-0.8759,0.0,-0.1893,-0.7873,-0.6685,1.05,0.5323,1,1,2,0.882,0.525,0.475,0,0,0.0,2,DESCENT_PHASE,0.0246,0.0311
887,6.764,-15.2959,20.2325,0.7587,0.0606,-0.8452,-0.0174,0.548,0.217,0.599,-15.5033,20.1694,0.2,0.0365,-0.8797,0.0,-0.1888,-0.7893,-0.6662,1.05,0.5606,1,1,2,0.882,0.529,0.471,0,0,0.0,2,DESCENT_PHASE,0.0241,0.0345
888,6.771,-15.2947,20.2156,0.7583,0.0615,-0.8465,-0.0173,0.548,0.217,0.599,-15.5025,20.1518,0.2,0.0367,-0.8834,0.0,-0.1887,-0.7911,-0.6641,1.05,0.534,1,1,2,0.881,0.523,0.477,0,0,0.0,2,DESCENT_PHASE,0.0248,0.0369
889,6.778,-15.2934,20.1986,0.758,0.0611,-0.8468,-0.0172,0.547,0.218,0.599,-15.5018,20.134,0.2,0.0368,-0.8872,0.0,-0.1882,-0.7932,-0.6617,1.05,0.5627,1,1,2,0.882,0.527,0.473,0,0,0.0,2,DESCENT_PHASE,0.0243,0.0404
890,6.784,-15.2922,20.1817,0.7576,0.0623,-0.8484,-0.0173,0.547,0.219,0.599,-15.5011,20.1162,0.2,0.037,-0.8908,0.0,-0.1883,-0.7951,-0.6594,1.05,0.5346,1,1,2,0.88,0.521,0.479,0,0,0.0,2,DESCENT_PHASE,0.0253,0.0425
891,6.792,-15.2909,20.1647,0.7573,0.0624,-0.8493,-0.0172,0.547,0.22,0.599,-15.5003,20.0983,0.2,0.0372,-0.8945,0.0,-0.188,-0.797,-0.6572,1.05,0.5639,1,1,2,0.881,0.524,0.476,0,0,0.0,2,DESCENT_PHASE,0.0252,0.0452
892,6.799,-15.2897,20.1477,0.7569,0.0631,-0.8518,-0.0171,0.546,0.22,0.599,-15.4996,20.0804,0.2,0.0373,-0.8981,0.0,-0.188,-0.7986,-0.6553,1.05,0.5364,1,1,2,0.879,0.516,0.484,0,0,0.0,2,DESCENT_PHASE,0.0258,0.0463
893,6.806,-15.2884,20.1306,0.7551,0.0622,-0.8527,-0.0916,0.545,0.221,0.598,-15.4988,20.0623,0.2,0.0374,-0.9015,0.0,-0.198,-0.8456,-0.5856,1.0474,0.551,1,1,2,0.879,0.515,0.485,0,0,0.0,2,DESCENT_PHASE,0.0248,0.0488
894,6.813,-15.2872,20.1135,0.7524,0.0618,-0.8556,-0.1375,0.542,0.222,0.595,-15.4981,20.0442,0.2,0.0376,-0.9051,0.0,-0.205,-0.8794,-0.5359,1.05,0.53,1,1,2,0.879,0.509,0.491,0,0,0.0,2,DESCENT_PHASE,0.0242,0.0495
895,6.82,-15.286,20.0963,0.749,0.0604,-0.8597,-0.1661,0.539,0.223,0.592,-15.4973,20.0261,0.2,0.0377,-0.9085,0.0,-0.2084,-0.8983,-0.5022,1.05,0.5569,1,1,2,0.88,0.512,0.488,0,0,0.0,2,DESCENT_PHASE,0.0227,0.0488
896,6.827,-15.2849,20.079,0.7454,0.056,-0.8662,-0.1836,0.535,0.223,0.589,-15.4966,20.0078,0.2,0.0379,-0.9119,0.0,-0.209,-0.9099,-0.4805,1.05,0.5277,1,1,2,0.879,0.502,0.498,0,0,0.0,2,DESCENT_PHASE,0.0182,0.0457
897,6.834,-15.2839,20.0615,0.7415,0.0479,-0.8732,-0.1946,0.531,0.224,0.586,-15.4958,19.9895,0.2,0.0381,-0.9151,0.0,-0.2072,-0.9176,-0.4664,1.05,0.5502,1,1,2,0.88,0.506,0.494,0,0,0.0,2,DESCENT_PHASE,0.0098,0.0419
898,6.84,-15.2831,20.0439,0.7374,0.0385,-0.8826,-0.2023,0.527,0.224,0.582,-15.495,19.9711,0.2,0.0381,-0.9186,0.0,-0.2045,-0.9231,-0.4567,1.05,0.5456,1,1,2,0.881,0.503,0.497,0,0,0.0,2,DESCENT_PHASE,0.0004,0.0359
899,6.847,-15.2826,20.026,0.7333,0.0255,-0.8927,-0.2069,0.523,0.224,0.578,-15.4943,19.9527,0.2,0.0383,-0.9217,0.0,-0.1998,-0.9269,-0.451,1.05,0.5777,1,1,2,0.882,0.513,0.487,0,0,0.0,2,DESCENT_PHASE,-0.0128,0.029
900,6.854,-15.2824,20.0079,0.7291,0.0113,-0.9037,-0.2101,0.519,0.224,0.574,-15.4935,19.9342,0.2,0.0384,-0.9249,0.0,-0.1944,-0.9299,-0.4473,1.05,0.5481,1,1,2,0.883,0.51,0.49,0,0,0.0,2,DESCENT_PHASE,-0.0271,0.0211
901,6.861,-15.2825,19.9897,0.7249,-0.0038,-0.9131,-0.2122,0.514,0.223,0.57,-15.4927,19.9156,0.2,0.0386,-0.9281,0.0,-0.1879,-0.9324,-0.4448,1.05,0.5824,1,1,2,0.884,0.515,0.485,0,0,0.0,2,DESCENT_PHASE,-0.0423,0.015
902,6.868,-15.2829,19.9712,0.7206,-0.0204,-0.9233,-0.2139,0.51,0.222,0.566,-15.492,19.897,0.2,0.0387,-0.9312,0.0,-0.1806,-0.9347,-0.443,1.05,0.552,1,1,2,0.885,0.519,0.481,0,0,0.0,2,DESCENT_PHASE,-0.0591,0.0079
903,6.874,-15.2836,19.9526,0.7163,-0.0364,-0.9315,-0.2153,0.506,0.22,0.561,-15.4912,19.8783,0.2,0.0388,-0.9341,0.0,-0.1729,-0.9368,-0.4415,1.05,0.5787,1,1,2,0.886,0.521,0.479,0,0,0.0,2,DESCENT_PHASE,-0.0752,0.0026
904,6.881,-15.2847,19.9338,0.7119,-0.0538,-0.9404,-0.2165,0.501,0.219,0.557,-15.4904,19.8596,0.2,0.0389,-0.9372,0.0,-0.1645,-0.9389,-0.4404,1.05,0.5497,1,1,2,0.886,0.518,0.482,0,0,0.0,2,DESCENT_PHASE,-0.0927,-0.0032
905,6.888,-15.2862,19.9147,0.709,-0.0764,-0.9509,-0.146,0.499,0.216,0.553,-15.4896,19.8408,0.2,0.0391,-0.9401,0.0,-0.1464,-0.8972,-0.5255,1.05,0.5923,1,1,2,0.887,0.527,0.473,0,0,0.0,2,DESCENT_PHASE,-0.1155,-0.0108
906,6.895,-15.2881,19.8955,0.707,-0.0964,-0.9616,-0.1012,0.496,0.214,0.55,-15.4888,19.8219,0.2,0.0391,-0.943,0.0,-0.1319,-0.8692,-0.574,1.05,0.5647,1,1,2,0.886,0.524,0.476,0,0,0.0,2,DESCENT_PHASE,-0.1355,-0.0186
907,6.902,-15.2904,19.8761,0.7055,-0.1118,-0.9686,-0.0724,0.495,0.211,0.548,-15.4881,19.803,0.2,0.0393,-0.9458,0.0,-0.1206,-0.8514,-0.6026,1.05,0.5905,1,1,2,0.888,0.53,0.47,0,0,0.0,2,DESCENT_PHASE,-0.1511,-0.0228
908,6.908,-15.2928,19.8566,0.7045,-0.1198,-0.975,-0.0536,0.494,0.208,0.546,-15.4873,19.784,0.2,0.0394,-0.9486,0.0,-0.1127,-0.8398,-0.6201,1.05,0.5605,1,1,2,0.887,0.527,0.473,0,0,0.0,2,DESCENT_PHASE,-0.1592,-0.0264
909,6.915,-15.2953,19.8371,0.7037,-0.1245,-0.9787,-0.0403,0.493,0.204,0.544,-15.4865,19.765,0.2,0.0395,-0.9514,0.0,-0.1064,-0.832,-0.6316,1.05,0.5854,1,1,2,0.888,0.532,0.468,0,0,0.0,2,DESCENT_PHASE,-0.164,-0.0273
910,6.922,-15.2977,19.8174,0.703,-0.1239,-0.9818,-0.0315,0.493,0.201,0.542,-15.4857,19.7459,0.2,0.0396,-0.954,0.0,-0.1023,-0.8271,-0.6388,1.05,0.556,1,1,2,0.887,0.52,0.48,0,0,0.0,2,DESCENT_PHASE,-0.1635,-0.0279
911,6.929,-15.3002,19.7978,0.7025,-0.1211,-0.9827,-0.0255,0.492,0.198,0.54,-15.4849,19.7268,0.2,0.0398,-0.9566,0.0,-0.0992,-0.8242,-0.643,1.05,0.5814,1,1,2,0.889,0.522,0.478,0,0,0.0,2,DESCENT_PHASE,-0.1609,-0.0261
912,6.936,-15.3024,19.7781,0.7021,-0.1136,-0.9836,-0.0218,0.492,0.195,0.539,-15.4841,19.7076,0.2,0.0398,-0.9593,0.0,-0.098,-0.8227,-0.6451,1.05,0.5474,1,1,2,0.888,0.522,0.478,0,0,0.0,2,DESCENT_PHASE,-0.1534,-0.0243
913,6.943,-15.3045,19.7585,0.7017,-0.1041,-0.9826,-0.0195,0.491,0.192,0.537,-15.4833,19.6884,0.2,0.04,-0.9617,0.0,-0.0977,-0.8222,-0.6458,1.05,0.582,1,1,2,0.889,0.524,0.476,0,0,0.0,2,DESCENT_PHASE,-0.1441,-0.0209
914,6.949,-15.3064,19.7388,0.7013,-0.0929,-0.9822,-0.018,0.491,0.189,0.536,-15.4825,19.6691,0.2,0.0401,-0.9643,0.0,-0.0983,-0.8221,-0.6457,1.05,0.5449,1,1,2,0.889,0.524,0.476,0,0,0.0,2,DESCENT_PHASE,-0.1329,-0.018
915,6.956,-15.308,19.7192,0.701,-0.0799,-0.98,-0.0172,0.49,0.187,0.535,-15.4817,19.6498,0.2,0.0401,-0.9666,0.0,-0.0997,-0.8227,-0.6448,1.05,0.5869,1,1,2,0.89,0.532,0.468,0,0,0.0,2,DESCENT_PHASE,-0.12,-0.0133
916,6.963,-15.3093,19.6996,0.7007,-0.0671,-0.9786,-0.0168,0.49,0.185,0.534,-15.4809,19.6304,0.2,0.0402,-0.9689,0.0,-0.1014,-0.8234,-0.6436,1.05,0.5496,1,1,2,0.89,0.53,0.47,0,0,0.0,2,DESCENT_PHASE,-0.1073,-0.0096
917,6.97,-15.3104,19.6801,0.7003,-0.0524,-0.9749,-0.017,0.49,0.183,0.533,-15.4801,19.611,0.2,0.0403,-0.9713,0.0,-0.104,-0.8248,-0.6415,1.05,0.5809,1,1,2,0.891,0.531,0.469,0,0,0.0,2,DESCENT_PHASE,-0.0927,-0.0035
918,6.977,-15.3111,19.6607,0.7,-0.0376,-0.9716,-0.0172,0.489,0.182,0.532,-15.4793,19.5915,0.2,0.0404,-0.9736,0.0,-0.1068,-0.826,-0.6394,1.05,0.5432,1,1,2,0.891,0.529,0.471,0,0,0.0,2,DESCENT_PHASE,-0.078,0.002
919,6.984,-15.3116,19.6414,0.6996,-0.0224,-0.9666,-0.0175,0.489,0.181,0.531,-15.4785,19.572,0.2,0.0405,-0.9758,0.0,-0.1101,-0.8275,-0.6369,1.05,0.5807,1,1,2,0.892,0.53,0.47,0,0,0.0,2,DESCENT_PHASE,-0.0629,0.0092
920,6.991,-15.3117,19.6221,0.6993,-0.0085,-0.9626,-0.0178,0.489,0.18,0.531,-15.4777,19.5524,0.2,0.0406,-0.978,0.0,-0.1132,-0.8289,-0.6345,1.05,0.5433,1,1,2,0.892,0.532,0.468,0,0,0.0,2,DESCENT_PHASE,-0.0491,0.0154
921,6.998,-15.3116,19.603,0.6989,0.0061,-0.9569,-0.0184,0.488,0.18,0.53,-15.4768,19.5328,0.2,0.0407,-0.98,0.0,-0.1167,-0.8306,-0.6316,1.05,0.5692,1,1,2,0.892,0.534,0.466,0,0,0.0,2,DESCENT_PHASE,-0.0346,0.0231
922,7.005,-15.3112,19.5839,0.6985,0.0197,-0.9523,-0.0186,0.488,0.179,0.53,-15.476,19.5132,0.2,0.0408,-0.9821,0.0,-0.1201,-0.832,-0.6291,1.05,0.532,1,1,2,0.891,0.524,0.476,0,0,0.0,2,DESCENT_PHASE,-0.0211,0.0297
923,7.013,-15.3106,19.565,0.6982,0.0329,-0.9471,-0.0187,0.488,0.179,0.53,-15.4752,19.4935,0.2,0.0409,-0.9842,0.0,-0.1237,-0.8335,-0.6265,1.05,0.5753,1,1,2,0.892,0.529,0.471,0,0,0.0,2,DESCENT_PHASE,-0.008,0.0371
924,7.02,-15.3097,19.5461,0.6978,0.044,-0.944,-0.0188,0.487,0.18,0.529,-15.4744,19.4738,0.2,0.041,-0.986,0.0,-0.1268,-0.8346,-0.6244,1.05,0.5386,1,1,2,0.891,0.519,0.481,0,0,0.0,2,DESCENT_PHASE,0.003,0.042
925,7.027,-15.3086,19.5273,0.6974,0.055,-0.9399,-0.0188,0.487,0.181,0.529,-15.4736,19.454,0.2,0.041,-0.988,0.0,-0.13,-0.8358,-0.6221,1.05,0.5817,1,1,2,0.892,0.526,0.474,0,0,0.0,2,DESCENT_PHASE,0.0139,0.0481
926,7.034,-15.3073,19.5086,0.697,0.064,-0.9375,-0.0188,0.487,0.181,0.529,-15.4727,19.4342,0.2,0.0412,-0.9897,0.0,-0.1327,-0.8368,-0.6202,1.05,0.5454,1,1,2,0.892,0.527,0.473,0,0,0.0,2,DESCENT_PHASE,0.0228,0.0522
927,7.041,-15.3058,19.4899,0.6966,0.073,-0.9338,-0.019,0.486,0.182,0.529,-15.4719,19.4144,0.2,0.0412,-0.9916,0.0,-0.1357,-0.8382,-0.6177,1.05,0.5594,1,1,2,0.892,0.526,0.474,0,0,0.0,2,DESCENT_PHASE,0.0318,0.0579
928,7.047,-15.3042,19.4713,0.6963,0.0803,-0.9314,-0.0195,0.486,0.184,0.529,-15.4711,19.3945,0.2,0.0413,-0.9933,0.0,-0.1382,-0.8395,-0.6154,1.05,0.5315,1,1,2,0.89,0.53,0.47,0,0,0.0,2,DESCENT_PHASE,0.039,0.0619
929,7.055,-15.3025,19.4527,0.6959,0.0868,-0.9296,-0.0188,0.485,0.185,0.529,-15.4703,19.3746,0.2,0.0413,-0.995,0.0,-0.1406,-0.84,-0.6141,1.05,0.5786,1,1,2,0.89,0.531,0.469,0,0,0.0,2,DESCENT_PHASE,0.0455,0.0654
930,7.062,-15.3007,19.4341,0.6955,0.0906,-0.9309,-0.0182,0.485,0.186,0.529,-15.4694,19.3547,0.2,0.0414,-0.9967,0.0,-0.1421,-0.8404,-0.6132,1.05,0.548,1,1,2,0.889,0.525,0.475,0,0,0.0,2,DESCENT_PHASE,0.0492,0.0658
931,7.07,-15.2988,19.4154,0.6951,0.0936,-0.9322,-0.0183,0.485,0.188,0.53,-15.4686,19.3347,0.2,0.0414,-0.9981,0.0,-0.1438,-0.8411,-0.6118,1.05,0.5879,1,1,2,0.889,0.526,0.474,0,0,0.0,2,DESCENT_PHASE,0.0522,0.0659
932,7.076,-15.2969,19.3967,0.6948,0.094,-0.9361,-0.0178,0.484,0.189,0.53,-15.4678,19.3147,0.2,0.0415,-0.9997,0.0,-0.1445,-0.8413,-0.6114,1.05,0.5545,1,1,2,0.888,0.52,0.48,0,0,0.0,2,DESCENT_PHASE,0.0525,0.0636
933,7.083,-15.2951,19.3779,0.6944,0.0937,-0.9398,-0.0173,0.484,0.191,0.53,-15.4669,19.2947,0.2,0.0416,-1.0012,0.0,-0.1451,-0.8415,-0.6111,1.05,0.5958,1,1,2,0.889,0.523,0.477,0,0,0.0,2,DESCENT_PHASE,0.0521,0.0614
934,7.09,-15.2932,19.359,0.6941,0.0909,-0.9458,-0.0172,0.484,0.192,0.53,-15.4661,19.2747,0.2,0.0416,-1.0026,0.0,-0.145,-0.8416,-0.6108,1.05,0.564,1,1,2,0.888,0.518,0.482,0,0,0.0,2,DESCENT_PHASE,0.0493,0.0568
935,7.097,-15.2915,19.34,0.6938,0.0876,-0.9511,-0.0177,0.483,0.194,0.53,-15.4653,19.2546,0.2,0.0417,-1.0039,0.0,-0.1447,-0.8422,-0.6101,1.05,0.5988,1,1,2,0.888,0.521,0.479,0,0,0.0,2,DESCENT_PHASE,0.0459,0.0528
936,7.104,-15.2898,19.3208,0.6934,0.0828,-0.9584,-0.0175,0.483,0.195,0.53,-15.4644,19.2345,0.2,0.0418,-1.0052,0.0,-0.1439,-0.8422,-0.6104,1.05,0.5618,1,1,2,0.888,0.516,0.484,0,0,0.0,2,DESCENT_PHASE,0.041,0.0468
937,7.111,-15.2883,19.3015,0.6931,0.0784,-0.9647,-0.0173,0.483,0.196,0.531,-15.4636,19.2143,0.2,0.0418,-1.0065,0.0,-0.1432,-0.8422,-0.6104,1.05,0.5982,1,1,2,0.889,0.521,0.479,0,0,0.0,2,DESCENT_PHASE,0.0367,0.0418
938,7.118,-15.2868,19.282,0.6927,0.0727,-0.9727,-0.0174,0.482,0.197,0.531,-15.4628,19.1942,0.2,0.0419,-1.0077,0.0,-0.142,-0.8422,-0.6108,1.05,0.5609,1,1,2,0.889,0.518,0.482,0,0,0.0,2,DESCENT_PHASE,0.0308,0.035
939,7.125,-15.2855,19.2624,0.6924,0.0675,-0.9793,-0.0175,0.482,0.197,0.53,-15.4619,19.174,0.2,0.0419,-1.0088,0.0,-0.1409,-0.8423,-0.6109,1.05,0.5977,1,1,2,0.89,0.524,0.476,0,0,0.0,2,DESCENT_PHASE,0.0256,0.0294
940,7.133,-15.2842,19.2427,0.692,0.0612,-0.9874,-0.0176,0.482,0.198,0.53,-15.4611,19.1538,0.2,0.042,-1.0099,0.0,-0.1394,-0.8422,-0.6113,1.05,0.5601,1,1,2,0.89,0.522,0.478,0,0,0.0,2,DESCENT_PHASE,0.0192,0.0226
941,7.14,-15.2831,19.2228,0.6916,0.0556,-0.9937,-0.0177,0.481,0.198,0.53,-15.4603,19.1336,0.2,0.042,-1.0109,0.0,-0.138,-0.8422,-0.6117,1.05,0.5971,1,1,2,0.892,0.529,0.471,0,0,0.0,2,DESCENT_PHASE,0.0136,0.0172
942,7.147,-15.2822,19.2028,0.6913,0.0489,-1.0009,-0.0179,0.481,0.199,0.53,-15.4594,19.1134,0.2,0.0421,-1.0118,0.0,-0.1361,-0.8421,-0.6122,1.05,0.5592,1,1,2,0.892,0.528,0.472,0,0,0.0,2,DESCENT_PHASE,0.0069,0.0109
943,7.153,-15.2813,19.1827,0.6909,0.0432,-1.0061,-0.0179,0.48,0.199,0.53,-15.4586,19.0931,0.2,0.0421,-1.0128,0.0,-0.1345,-0.8422,-0.6125,1.05,0.5967,1,1,2,0.894,0.536,0.464,0,0,0.0,2,DESCENT_PHASE,0.0012,0.0067
944,7.16,-15.2806,19.1625,0.6906,0.0366,-1.0119,-0.018,0.48,0.199,0.529,-15.4577,19.0728,0.2,0.0421,-1.0137,0.0,-0.1324,-0.8421,-0.613,1.05,0.5585,1,1,2,0.894,0.536,0.464,0,0,0.0,2,DESCENT_PHASE,-0.0055,0.0018
945,7.167,-15.2799,19.1421,0.6902,0.0311,-1.0151,-0.0181,0.48,0.198,0.529,-15.4569,19.0525,0.2,0.0422,-1.0145,0.0,-0.1305,-0.8424,-0.6131,1.05,0.5858,1,1,2,0.895,0.542,0.458,0,0,0.0,2,DESCENT_PHASE,-0.0111,-0.0006
946,7.174,-15.2794,19.1218,0.6898,0.0248,-1.0187,-0.0186,0.479,0.198,0.528,-15.456,19.0322,0.2,0.0422,-1.0153,0.0,-0.1283,-0.8427,-0.613,1.05,0.5491,1,1,2,0.894,0.538,0.462,0,0,0.0,2,DESCENT_PHASE,-0.0174,-0.0034
947,7.181,-15.279,19.1014,0.6895,0.0198,-1.0201,-0.0183,0.479,0.198,0.528,-15.4552,19.0119,0.2,0.0422,-1.0159,0.0,-0.1263,-0.8429,-0.6133,1.05,0.5942,1,1,2,0.895,0.543,0.457,0,0,0.0,2,DESCENT_PHASE,-0.0224,-0.0042
948,7.188,-15.2788,19.0809,0.6891,0.0144,-1.0226,-0.0181,0.479,0.197,0.527,-15.4544,18.9916,0.2,0.0422,-1.0165,0.0,-0.1241,-0.8429,-0.6138,1.05,0.563,1,1,2,0.895,0.541,0.459,0,0,0.0,2,DESCENT_PHASE,-0.0279,-0.0061
949,7.195,-15.2785,19.0605,0.6887,0.0103,-1.023,-0.0185,0.478,0.196,0.527,-15.4535,18.9712,0.2,0.0422,-1.0172,0.0,-0.1222,-0.8434,-0.6134,1.05,0.6051,1,1,2,0.896,0.547,0.453,0,0,0.0,2,DESCENT_PHASE,-0.0319,-0.0059
950,7.202,-15.2784,19.04,0.6884,0.0059,-1.0241,-0.0181,0.478,0.196,0.526,-15.4527,18.9509,0.2,0.0422,-1.0178,0.0,-0.1202,-0.8434,-0.6137,1.05,0.5723,1,1,2,0.896,0.546,0.454,0,0,0.0,2,DESCENT_PHASE,-0.0363,-0.0064
951,7.209,-15.2784,19.0195,0.688,0.0031,-1.0228,-0.0187,0.478,0.195,0.526,-15.4518,18.9305,0.2,0.0423,-1.0181,0.0,-0.1185,-0.8442,-0.613,1.05,0.5939,1,1,2,0.896,0.547,0.453,0,0,0.0,2,DESCENT_PHASE,-0.0392,-0.0047
952,7.216,-15.2784,18.9991,0.6876,0.0,-1.0219,-0.0182,0.477,0.194,0.525,-15.451,18.9102,0.2,0.0423,-1.0186,0.0,-0.1167,-0.8443,-0.6132,1.05,0.557,1,1,2,0.895,0.544,0.456,0,0,0.0,2,DESCENT_PHASE,-0.0422,-0.0033
953,7.223,-15.2784,18.9787,0.6873,-0.0011,-1.0197,-0.0178,0.477,0.193,0.524,-15.4501,18.8898,0.2,0.0423,-1.019,0.0,-0.1153,-0.8446,-0.6131,1.05,0.5964,1,1,2,0.896,0.542,0.458,0,0,0.0,2,DESCENT_PHASE,-0.0434,-0.0007
954,7.229,-15.2784,18.9583,0.6869,-0.002,-1.0189,-0.0175,0.476,0.193,0.524,-15.4493,18.8694,0.2,0.0423,-1.0193,0.0,-0.1142,-0.8447,-0.6132,1.05,0.5593,1,1,2,0.895,0.543,0.457,0,0,0.0,2,DESCENT_PHASE,-0.0444,0.0004
955,7.236,-15.2784,18.938,0.6866,-0.0009,-1.0164,-0.0173,0.476,0.192,0.523,-15.4484,18.849,0.2,0.0423,-1.0196,0.0,-0.1136,-0.845,-0.6128,1.05,0.5996,1,1,2,0.896,0.536,0.464,0,0,0.0,2,DESCENT_PHASE,-0.0432,0.0031
956,7.243,-15.2784,18.9177,0.6862,0.0006,-1.015,-0.0172,0.476,0.191,0.522,-15.4476,18.8286,0.2,0.0424,-1.0198,0.0,-0.1131,-0.8452,-0.6126,1.05,0.5621,1,1,2,0.896,0.533,0.467,0,0,0.0,2,DESCENT_PHASE,-0.0418,0.0048
957,7.25,-15.2783,18.8975,0.6859,0.0043,-1.0114,-0.0174,0.475,0.191,0.522,-15.4467,18.8082,0.2,0.0423,-1.02,0.0,-0.1135,-0.8458,-0.6117,1.05,0.5834,1,1,2,0.896,0.537,0.463,0,0,0.0,2,DESCENT_PHASE,-0.0381,0.0086
958,7.259,-15.2782,18.8773,0.6855,0.0084,-1.0084,-0.018,0.475,0.19,0.521,-15.4459,18.7878,0.2,0.0424,-1.0201,0.0,-0.114,-0.8466,-0.6106,1.05,0.555,1,1,2,0.895,0.531,0.469,0,0,0.0,2,DESCENT_PHASE,-0.034,0.0116
959,7.268,-15.2779,18.8572,0.6852,0.0123,-1.0045,-0.0177,0.475,0.19,0.521,-15.445,18.7674,0.2,0.0423,-1.0201,0.0,-0.1146,-0.8468,-0.6101,1.05,0.5804,1,1,2,0.896,0.534,0.466,0,0,0.0,2,DESCENT_PHASE,-0.0301,0.0155
960,7.275,-15.2776,18.8372,0.6848,0.017,-1.002,-0.0175,0.474,0.189,0.521,-15.4442,18.747,0.2,0.0424,-1.0201,0.0,-0.1154,-0.8471,-0.6097,1.05,0.5562,1,1,2,0.895,0.532,0.468,0,0,0.0,2,DESCENT_PHASE,-0.0253,0.0181
961,7.282,-15.2772,18.8172,0.6845,0.0201,-0.999,-0.0174,0.474,0.189,0.52,-15.4434,18.7266,0.2,0.0423,-1.02,0.0,-0.1158,-0.8473,-0.6092,1.05,0.5805,1,1,2,0.895,0.538,0.462,0,0,0.0,2,DESCENT_PHASE,-0.0223,0.0209
962,7.289,-15.2767,18.7972,0.6841,0.0245,-0.9976,-0.0173,0.474,0.189,0.52,-15.4425,18.7062,0.2,0.0424,-1.0199,0.0,-0.1167,-0.8475,-0.6088,1.05,0.5561,1,1,2,0.894,0.534,0.466,0,0,0.0,2,DESCENT_PHASE,-0.0179,0.0222
963,7.296,-15.2762,18.7773,0.6838,0.0276,-0.9961,-0.0172,0.473,0.189,0.519,-15.4417,18.6858,0.2,0.0423,-1.0197,0.0,-0.1174,-0.8476,-0.6085,1.05,0.5803,1,1,2,0.894,0.535,0.465,0,0,0.0,2,DESCENT_PHASE,-0.0148,0.0236
964,7.303,-15.2755,18.7574,0.6834,0.0324,-0.9963,-0.0174,0.473,0.189,0.519,-15.4408,18.6654,0.2,0.0423,-1.0194,0.0,-0.1187,-0.8476,-0.6083,1.05,0.5694,1,1,2,0.893,0.53,0.47,0,0,0.0,2,DESCENT_PHASE,-0.0099,0.0231
965,7.31,-15.2748,18.7374,0.6831,0.0361,-0.9967,-0.0173,0.473,0.189,0.519,-15.44,18.645,0.2,0.0423,-1.0192,0.0,-0.1197,-0.8475,-0.6082,1.05,0.5935,1,1,2,0.894,0.534,0.466,0,0,0.0,2,DESCENT_PHASE,-0.0062,0.0225
966,7.317,-15.274,18.7175,0.6827,0.0415,-0.998,-0.0175,0.472,0.189,0.519,-15.4391,18.6247,0.2,0.0423,-1.0187,0.0,-0.1214,-0.8472,-0.6082,1.05,0.5657,1,1,2,0.892,0.528,0.472,0,0,0.0,2,DESCENT_PHASE,-0.0008,0.0208
967,7.324,-15.273,18.6975,0.6824,0.0459,-0.9985,-0.0174,0.472,0.19,0.518,-15.4383,18.6043,0.2,0.0423,-1.0184,0.0,-0.1228,-0.8471,-0.6082,1.05,0.5898,1,1,2,0.893,0.531,0.469,0,0,0.0,2,DESCENT_PHASE,0.0036,0.0199
968,7.331,-15.272,18.6775,0.6821,0.0511,-1.0004,-0.0175,0.472,0.19,0.518,-15.4374,18.5839,0.2,0.0423,-1.018,0.0,-0.1246,-0.8466,-0.6084,1.05,0.5658,1,1,2,0.892,0.525,0.475,0,0,0.0,2,DESCENT_PHASE,0.0088,0.0176
969,7.337,-15.2709,18.6575,0.6817,0.0546,-1.002,-0.0175,0.471,0.19,0.518,-15.4366,18.5636,0.2,0.0422,-1.0174,0.0,-0.126,-0.8462,-0.6087,1.05,0.5893,1,1,2,0.892,0.528,0.472,0,0,0.0,2,DESCENT_PHASE,0.0123,0.0154
970,7.344,-15.2697,18.6374,0.6813,0.0593,-1.005,-0.0177,0.471,0.191,0.518,-15.4357,18.5432,0.2,0.0422,-1.0169,0.0,-0.1279,-0.8458,-0.609,1.05,0.5873,1,1,2,0.892,0.527,0.473,0,0,0.0,2,DESCENT_PHASE,0.017,0.0119
971,7.351,-15.2685,18.6172,0.681,0.0624,-1.0079,-0.0183,0.47,0.191,0.518,-15.4349,18.5229,0.2,0.0422,-1.0162,0.0,-0.1295,-0.8455,-0.609,1.05,0.6062,1,1,2,0.894,0.537,0.463,0,0,0.0,2,DESCENT_PHASE,0.0202,0.0083
972,7.358,-15.2672,18.597,0.6806,0.0664,-1.0105,-0.018,0.47,0.192,0.517,-15.434,18.5026,0.2,0.0422,-1.0156,0.0,-0.1313,-0.8446,-0.6098,1.05,0.5768,1,1,2,0.894,0.535,0.465,0,0,0.0,2,DESCENT_PHASE,0.0242,0.005
973,7.365,-15.2658,18.5768,0.6803,0.0686,-1.0113,-0.0178,0.47,0.192,0.517,-15.4332,18.4823,0.2,0.0422,-1.0148,0.0,-0.1325,-0.844,-0.6103,1.05,0.5957,1,1,2,0.895,0.542,0.458,0,0,0.0,2,DESCENT_PHASE,0.0264,0.0035
974,7.372,-15.2643,18.5565,0.6799,0.0719,-1.0121,-0.0181,0.469,0.193,0.517,-15.4324,18.462,0.2,0.0421,-1.014,0.0,-0.1343,-0.8437,-0.6104,1.05,0.5673,1,1,2,0.895,0.54,0.46,0,0,0.0,2,DESCENT_PHASE,0.0298,0.0019
975,7.381,-15.2629,18.5363,0.6795,0.0735,-1.0114,-0.0178,0.469,0.193,0.517,-15.4315,18.4418,0.2,0.0421,-1.0133,0.0,-0.1354,-0.8432,-0.6108,1.05,0.587,1,1,2,0.896,0.546,0.454,0,0,0.0,2,DESCENT_PHASE,0.0314,0.0018
976,7.388,-15.2614,18.5161,0.6792,0.0759,-1.0112,-0.0183,0.469,0.194,0.517,-15.4307,18.4215,0.2,0.0421,-1.0123,0.0,-0.1369,-0.843,-0.6108,1.05,0.5657,1,1,2,0.896,0.544,0.456,0,0,0.0,2,DESCENT_PHASE,0.0339,0.0012
977,7.395,-15.2598,18.4959,0.6788,0.0762,-1.0097,-0.0179,0.468,0.195,0.517,-15.4298,18.4013,0.2,0.042,-1.0114,0.0,-0.1377,-0.8425,-0.6113,1.05,0.5889,1,1,2,0.897,0.547,0.453,0,0,0.0,2,DESCENT_PHASE,0.0342,0.0016
978,7.402,-15.2583,18.4757,0.6785,0.0775,-1.0089,-0.0176,0.468,0.195,0.517,-15.429,18.3811,0.2,0.042,-1.0103,0.0,-0.1388,-0.842,-0.6118,1.05,0.5656,1,1,2,0.896,0.544,0.456,0,0,0.0,2,DESCENT_PHASE,0.0355,0.0015
979,7.408,-15.2567,18.4556,0.6781,0.0768,-1.007,-0.0174,0.468,0.196,0.517,-15.4282,18.3609,0.2,0.0419,-1.0093,0.0,-0.1393,-0.8416,-0.6122,1.05,0.589,1,1,2,0.897,0.547,0.453,0,0,0.0,2,DESCENT_PHASE,0.0349,0.0023
980,7.415,-15.2552,18.4354,0.6778,0.0775,-1.0059,-0.0173,0.467,0.196,0.517,-15.4273,18.3407,0.2,0.0419,-1.0082,0.0,-0.1403,-0.8412,-0.6125,1.05,0.5653,1,1,2,0.896,0.543,0.457,0,0,0.0,2,DESCENT_PHASE,0.0356,0.0023
981,7.422,-15.2537,18.4154,0.6774,0.0766,-1.0041,-0.0173,0.467,0.197,0.517,-15.4265,18.3206,0.2,0.0419,-1.0071,0.0,-0.1407,-0.8409,-0.6128,1.05,0.5888,1,1,2,0.896,0.544,0.456,0,0,0.0,2,DESCENT_PHASE,0.0347,0.003
982,7.429,-15.2521,18.3953,0.6771,0.0773,-1.0034,-0.0173,0.467,0.198,0.516,-15.4257,18.3005,0.2,0.0418,-1.0057,0.0,-0.1418,-0.8404,-0.6133,1.05,0.5626,1,1,2,0.895,0.54,0.46,0,0,0.0,2,DESCENT_PHASE,0.0355,0.0023
983,7.437,-15.2506,18.3752,0.6767,0.0767,-1.0022,-0.0173,0.466,0.198,0.516,-15.4248,18.2804,0.2,0.0417,-1.0045,0.0,-0.1424,-0.84,-0.6137,1.05,0.5866,1,1,2,0.895,0.541,0.459,0,0,0.0,2,DESCENT_PHASE,0.035,0.0023
984,7.444,-15.249,18.3552,0.6764,0.0773,-1.0025,-0.0174,0.466,0.199,0.516,-15.424,18.2603,0.2,0.0417,-1.0033,0.0,-0.1434,-0.8395,-0.6142,1.05,0.5816,1,1,2,0.895,0.54,0.46,0,0,0.0,2,DESCENT_PHASE,0.0356,0.0008
985,7.451,-15.2475,18.3351,0.676,0.0761,-1.0027,-0.0178,0.466,0.2,0.516,-15.4232,18.2403,0.2,0.0416,-1.0018,0.0,-0.144,-0.8391,-0.6145,1.05,0.601,1,1,2,0.897,0.547,0.453,0,0,0.0,2,DESCENT_PHASE,0.0345,-0.0008
986,7.458,-15.246,18.3151,0.6757,0.0758,-1.003,-0.018,0.465,0.2,0.516,-15.4223,18.2203,0.2,0.0416,-1.0003,0.0,-0.1448,-0.8386,-0.6151,1.05,0.5721,1,1,2,0.897,0.546,0.454,0,0,0.0,2,DESCENT_PHASE,0.0342,-0.0027
987,7.465,-15.2445,18.2951,0.6753,0.0733,-1.0017,-0.0177,0.465,0.201,0.516,-15.4215,18.2003,0.2,0.0415,-0.9989,0.0,-0.1448,-0.8379,-0.6159,1.05,0.5889,1,1,2,0.898,0.551,0.449,0,0,0.0,2,DESCENT_PHASE,0.0318,-0.0028
988,7.472,-15.2431,18.275,0.675,0.0717,-1.0005,-0.0181,0.464,0.201,0.516,-15.4207,18.1804,0.2,0.0414,-0.9974,0.0,-0.1451,-0.8377,-0.6162,1.05,0.5659,1,1,2,0.898,0.549,0.451,0,0,0.0,2,DESCENT_PHASE,0.0302,-0.0032
989,7.479,-15.2417,18.2551,0.6746,0.0681,-0.9981,-0.0177,0.464,0.202,0.516,-15.4198,18.1604,0.2,0.0413,-0.9957,0.0,-0.1447,-0.8372,-0.617,1.05,0.5879,1,1,2,0.899,0.554,0.446,0,0,0.0,2,DESCENT_PHASE,0.0268,-0.0023
990,7.486,-15.2404,18.2352,0.6743,0.0656,-0.996,-0.0175,0.464,0.202,0.516,-15.419,18.1406,0.2,0.0413,-0.9941,0.0,-0.1445,-0.8367,-0.6178,1.05,0.5639,1,1,2,0.898,0.551,0.449,0,0,0.0,2,DESCENT_PHASE,0.0243,-0.0019
991,7.492,-15.2392,18.2153,0.6739,0.0613,-0.9927,-0.0174,0.463,0.202,0.515,-15.4182,18.1207,0.2,0.0412,-0.9924,0.0,-0.1437,-0.8364,-0.6183,1.05,0.5859,1,1,2,0.899,0.554,0.446,0,0,0.0,2,DESCENT_PHASE,0.0201,-0.0003
992,7.499,-15.238,18.1955,0.6736,0.0584,-0.9901,-0.0173,0.463,0.203,0.515,-15.4174,18.1009,0.2,0.0412,-0.9906,0.0,-0.1433,-0.836,-0.6189,1.05,0.5617,1,1,2,0.898,0.551,0.449,0,0,0.0,2,DESCENT_PHASE,0.0173,0.0005
993,7.507,-15.237,18.1758,0.6732,0.0541,-0.9865,-0.0173,0.463,0.203,0.515,-15.4165,18.0811,0.2,0.0411,-0.9888,0.0,-0.1424,-0.8358,-0.6194,1.05,0.5839,1,1,2,0.899,0.553,0.447,0,0,0.0,2,DESCENT_PHASE,0.013,0.0023
994,7.515,-15.2359,18.1561,0.6729,0.0515,-0.9839,-0.0172,0.462,0.203,0.515,-15.4157,18.0614,0.2,0.041,-0.987,0.0,-0.142,-0.8354,-0.62,1.05,0.5596,1,1,2,0.898,0.548,0.452,0,0,0.0,2,DESCENT_PHASE,0.0105,0.0031
995,7.522,-15.235,18.1365,0.6725,0.0477,-0.9806,-0.0172,0.462,0.203,0.514,-15.4149,18.0417,0.2,0.041,-0.985,0.0,-0.1411,-0.8352,-0.6205,1.05,0.5821,1,1,2,0.898,0.55,0.45,0,0,0.0,2,DESCENT_PHASE,0.0068,0.0044
996,7.529,-15.234,18.1169,0.6722,0.046,-0.9785,-0.0172,0.462,0.204,0.514,-15.4141,18.022,0.2,0.0408,-0.983,0.0,-0.141,-0.8347,-0.6212,1.05,0.5574,1,1,2,0.897,0.545,0.455,0,0,0.0,2,DESCENT_PHASE,0.0052,0.0045
997,7.537,-15.2332,18.0974,0.6718,0.0435,-0.976,-0.0172,0.461,0.204,0.514,-15.4133,18.0024,0.2,0.0407,-0.981,0.0,-0.1405,-0.8343,-0.6218,1.05,0.5801,1,1,2,0.897,0.545,0.455,0,0,0.0,2,DESCENT_PHASE,0.0028,0.005
998,7.544,-15.2323,18.0779,0.6715,0.0434,-0.975,-0.0174,0.461,0.204,0.514,-15.4125,17.9828,0.2,0.0407,-0.9789,0.0,-0.1408,-0.8337,-0.6226,1.05,0.5673,1,1,2,0.896,0.542,0.458,0,0,0.0,2,DESCENT_PHASE,0.0027,0.0039
999,7.552,-15.2315,18.0584,0.6711,0.0427,-0.9738,-0.0173,0.461,0.204,0.513,-15.4116,17.9633,0.2,0.0406,-0.9768,0.0,-0.1409,-0.833,-0.6235,1.05,0.5904,1,1,2,0.897,0.545,0.455,0,0,0.0,2,DESCENT_PHASE,0.0022,0.0029
1000,7.56,-15.2306,18.0389,0.6708,0.0437,-0.9734,-0.0172,0.46,0.204,0.513,-15.4108,17.9438,0.2,0.0405,-0.9746,0.0,-0.1416,-0.8321,-0.6246,1.05,0.5647,1,1,2,0.896,0.541,0.459,0,0,0.0,2,DESCENT_PHASE,0.0032,0.0012
1001,7.568,-15.2297,18.0195,0.6705,0.0434,-0.9721,-0.0172,0.46,0.204,0.513,-15.41,17.9244,0.2,0.0404,-0.9724,0.0,-0.1419,-0.8313,-0.6255,1.05,0.5876,1,1,2,0.897,0.543,0.457,0,0,0.0,2,DESCENT_PHASE,0.003,0.0003
1002,7.575,-15.2288,18.0001,0.6701,0.045,-0.9718,-0.0172,0.46,0.204,0.512,-15.4092,17.905,0.2,0.0403,-0.9701,0.0,-0.1428,-0.8304,-0.6266,1.05,0.5612,1,1,2,0.896,0.538,0.462,0,0,0.0,2,DESCENT_PHASE,0.0047,-0.0017
1003,7.581,-15.2279,17.9807,0.6698,0.0457,-0.9708,-0.0172,0.459,0.204,0.512,-15.4084,17.8856,0.2,0.0402,-0.9678,0.0,-0.1435,-0.8295,-0.6276,1.05,0.5841,1,1,2,0.896,0.539,0.461,0,0,0.0,2,DESCENT_PHASE,0.0055,-0.003
1004,7.588,-15.2269,17.9612,0.6694,0.0484,-0.9712,-0.0175,0.459,0.204,0.512,-15.4076,17.8663,0.2,0.0401,-0.9653,0.0,-0.1449,-0.8284,-0.6286,1.05,0.5765,1,1,2,0.896,0.539,0.461,0,0,0.0,2,DESCENT_PHASE,0.0083,-0.0059
1005,7.595,-15.2259,17.9418,0.6691,0.0504,-0.9712,-0.0175,0.459,0.204,0.512,-15.4068,17.847,0.2,0.04,-0.9628,0.0,-0.1461,-0.8272,-0.63,1.05,0.5994,1,1,2,0.898,0.545,0.455,0,0,0.0,2,DESCENT_PHASE,0.0104,-0.0084
1006,7.602,-15.2249,17.9224,0.6687,0.053,-0.9713,-0.0174,0.458,0.204,0.511,-15.406,17.8278,0.2,0.0399,-0.9604,0.0,-0.1476,-0.826,-0.6313,1.05,0.5724,1,1,2,0.897,0.544,0.456,0,0,0.0,2,DESCENT_PHASE,0.0132,-0.0108
1007,7.609,-15.2238,17.903,0.6684,0.0536,-0.9697,-0.0173,0.458,0.204,0.511,-15.4052,17.8087,0.2,0.0398,-0.9578,0.0,-0.1484,-0.8249,-0.6325,1.05,0.5948,1,1,2,0.899,0.549,0.451,0,0,0.0,2,DESCENT_PHASE,0.0137,-0.0119
1008,7.616,-15.2227,17.8836,0.668,0.0551,-0.9684,-0.0172,0.458,0.205,0.511,-15.4044,17.7896,0.2,0.0397,-0.9552,0.0,-0.1496,-0.8237,-0.6338,1.05,0.5678,1,1,2,0.898,0.546,0.454,0,0,0.0,2,DESCENT_PHASE,0.0154,-0.0132
1009,7.623,-15.2216,17.8643,0.6677,0.0548,-0.9657,-0.0172,0.457,0.205,0.511,-15.4036,17.7705,0.2,0.0396,-0.9526,0.0,-0.1502,-0.8228,-0.6348,1.05,0.5898,1,1,2,0.899,0.541,0.459,0,0,0.0,2,DESCENT_PHASE,0.0153,-0.0131
1010,7.633,-15.2205,17.845,0.6673,0.0559,-0.9637,-0.0172,0.457,0.205,0.51,-15.4028,17.7515,0.2,0.0394,-0.9499,0.0,-0.1513,-0.8217,-0.636,1.05,0.5628,1,1,2,0.898,0.547,0.453,0,0,0.0,2,DESCENT_PHASE,0.0165,-0.0138
1011,7.64,-15.2194,17.8258,0.667,0.0555,-0.9605,-0.0172,0.456,0.205,0.51,-15.4021,17.7326,0.2,0.0393,-0.9471,0.0,-0.1518,-0.8207,-0.6371,1.05,0.5845,1,1,2,0.899,0.54,0.46,0,0,0.0,2,DESCENT_PHASE,0.0162,-0.0134
1012,7.647,-15.2182,17.8067,0.6667,0.0568,-0.9582,-0.0172,0.456,0.205,0.51,-15.4013,17.7137,0.2,0.0392,-0.9442,0.0,-0.1529,-0.8196,-0.6383,1.05,0.5572,1,1,2,0.898,0.546,0.454,0,0,0.0,2,DESCENT_PHASE,0.0175,-0.014
1013,7.654,-15.2171,17.7876,0.6663,0.0569,-0.9551,-0.0172,0.456,0.205,0.51,-15.4005,17.6949,0.2,0.0391,-0.9415,0.0,-0.1537,-0.8187,-0.6393,1.05,0.5788,1,1,2,0.899,0.538,0.462,0,0,0.0,2,DESCENT_PHASE,0.0178,-0.0136
1014,7.661,-15.2159,17.7685,0.666,0.0588,-0.9531,-0.0174,0.455,0.206,0.509,-15.3997,17.6761,0.2,0.039,-0.9385,0.0,-0.1552,-0.8175,-0.6404,1.05,0.5552,1,1,2,0.898,0.544,0.456,0,0,0.0,2,DESCENT_PHASE,0.0198,-0.0146
1015,7.668,-15.2147,17.7495,0.6656,0.0598,-0.9506,-0.0173,0.455,0.206,0.509,-15.3989,17.6574,0.2,0.0389,-0.9356,0.0,-0.1563,-0.8163,-0.6417,1.05,0.5766,1,1,2,0.899,0.547,0.453,0,0,0.0,2,DESCENT_PHASE,0.0209,-0.015
1016,7.674,-15.2135,17.7305,0.6653,0.0617,-0.9492,-0.0174,0.455,0.206,0.509,-15.3982,17.6387,0.2,0.0388,-0.9325,0.0,-0.1579,-0.8149,-0.643,1.05,0.5501,1,1,2,0.898,0.543,0.457,0,0,0.0,2,DESCENT_PHASE,0.0229,-0.0167
1017,7.681,-15.2123,17.7116,0.6649,0.0616,-0.9472,-0.0174,0.454,0.206,0.509,-15.3974,17.6201,0.2,0.0386,-0.9295,0.0,-0.1588,-0.8136,-0.6444,1.05,0.5716,1,1,2,0.899,0.545,0.455,0,0,0.0,2,DESCENT_PHASE,0.0231,-0.0176
1018,7.688,-15.211,17.6926,0.6646,0.0628,-0.9466,-0.0179,0.454,0.207,0.508,-15.3966,17.6016,0.2,0.0385,-0.9263,0.0,-0.1603,-0.8124,-0.6457,1.05,0.5687,1,1,2,0.899,0.545,0.455,0,0,0.0,2,DESCENT_PHASE,0.0243,-0.0202
1019,7.695,-15.2098,17.6737,0.6642,0.0623,-0.9456,-0.0177,0.454,0.207,0.508,-15.3959,17.5831,0.2,0.0383,-0.9233,0.0,-0.1611,-0.8107,-0.6475,1.05,0.5923,1,1,2,0.9,0.551,0.449,0,0,0.0,2,DESCENT_PHASE,0.024,-0.0224
1020,7.702,-15.2085,17.6548,0.6639,0.0628,-0.9445,-0.0174,0.453,0.207,0.508,-15.3951,17.5647,0.2,0.0382,-0.92,0.0,-0.1623,-0.8089,-0.6494,1.05,0.5671,1,1,2,0.9,0.545,0.455,0,0,0.0,2,DESCENT_PHASE,0.0245,-0.0245
1021,7.709,-15.2073,17.636,0.6635,0.0614,-0.9416,-0.0173,0.453,0.207,0.508,-15.3943,17.5464,0.2,0.0381,-0.9167,0.0,-0.1629,-0.8075,-0.6511,1.05,0.5907,1,1,2,0.901,0.547,0.453,0,0,0.0,2,DESCENT_PHASE,0.0234,-0.0249
1022,7.716,-15.206,17.6172,0.6632,0.0614,-0.9387,-0.0172,0.453,0.208,0.508,-15.3936,17.5281,0.2,0.038,-0.9134,0.0,-0.1638,-0.8061,-0.6526,1.05,0.5651,1,1,2,0.901,0.54,0.46,0,0,0.0,2,DESCENT_PHASE,0.0234,-0.0253
1023,7.724,-15.2048,17.5985,0.6628,0.0598,-0.9343,-0.0172,0.452,0.208,0.507,-15.3928,17.5099,0.2,0.0378,-0.91,0.0,-0.1642,-0.8048,-0.654,1.05,0.5889,1,1,2,0.902,0.541,0.459,0,0,0.0,2,DESCENT_PHASE,0.022,-0.0243
1024,7.732,-15.2036,17.5799,0.6625,0.0599,-0.9303,-0.0172,0.452,0.208,0.507,-15.3921,17.4918,0.2,0.0376,-0.9067,0.0,-0.1652,-0.8035,-0.6554,1.05,0.5623,1,1,2,0.901,0.538,0.462,0,0,0.0,2,DESCENT_PHASE,0.0223,-0.0237
1025,7.739,-15.2025,17.5614,0.6621,0.0588,-0.9251,-0.0172,0.452,0.208,0.507,-15.3913,17.4737,0.2,0.0375,-0.9032,0.0,-0.1657,-0.8025,-0.6566,1.05,0.5865,1,1,2,0.902,0.542,0.458,0,0,0.0,2,DESCENT_PHASE,0.0213,-0.0218
1026,7.747,-15.2013,17.543,0.6618,0.0594,-0.9205,-0.0172,0.451,0.208,0.507,-15.3906,17.4558,0.2,0.0374,-0.8996,0.0,-0.1669,-0.8011,-0.6579,1.05,0.5588,1,1,2,0.901,0.537,0.463,0,0,0.0,2,DESCENT_PHASE,0.022,-0.0209
1027,7.755,-15.2001,17.5247,0.6615,0.059,-0.9149,-0.0172,0.451,0.209,0.506,-15.3898,17.4378,0.2,0.0372,-0.8962,0.0,-0.1676,-0.8001,-0.659,1.05,0.5834,1,1,2,0.902,0.54,0.46,0,0,0.0,2,DESCENT_PHASE,0.0217,-0.0188
1028,7.763,-15.1989,17.5065,0.6611,0.0599,-0.9105,-0.0172,0.451,0.209,0.506,-15.3891,17.42,0.2,0.0371,-0.8924,0.0,-0.1689,-0.7986,-0.6604,1.05,0.5563,1,1,2,0.9,0.534,0.466,0,0,0.0,2,DESCENT_PHASE,0.0228,-0.0181
1029,7.772,-15.1977,17.4884,0.6608,0.0594,-0.9054,-0.0172,0.45,0.209,0.506,-15.3883,17.4022,0.2,0.0369,-0.8889,0.0,-0.1697,-0.7975,-0.6616,1.05,0.5811,1,1,2,0.901,0.535,0.465,0,0,0.0,2,DESCENT_PHASE,0.0225,-0.0165
1030,7.781,-15.1965,17.4704,0.6604,0.0606,-0.9018,-0.0173,0.45,0.209,0.506,-15.3876,17.3845,0.2,0.0368,-0.8851,0.0,-0.1712,-0.7959,-0.6631,1.05,0.5583,1,1,2,0.9,0.539,0.461,0,0,0.0,2,DESCENT_PHASE,0.0239,-0.0167
1031,7.79,-15.1953,17.4524,0.6601,0.0608,-0.8978,-0.0175,0.45,0.21,0.506,-15.3869,17.3669,0.2,0.0366,-0.8814,0.0,-0.1723,-0.7946,-0.6644,1.05,0.5827,1,1,2,0.9,0.541,0.459,0,0,0.0,2,DESCENT_PHASE,0.0242,-0.0164
1032,7.797,-15.194,17.4345,0.6597,0.0623,-0.8951,-0.0174,0.449,0.21,0.505,-15.3861,17.3493,0.2,0.0365,-0.8777,0.0,-0.1739,-0.7928,-0.6662,1.05,0.5557,1,1,2,0.899,0.545,0.455,0,0,0.0,2,DESCENT_PHASE,0.0258,-0.0174
1033,7.804,-15.1928,17.4167,0.6594,0.0624,-0.8919,-0.0173,0.449,0.21,0.505,-15.3854,17.3318,0.2,0.0363,-0.8738,0.0,-0.1751,-0.791,-0.6679,1.05,0.5797,1,1,2,0.9,0.547,0.453,0,0,0.0,2,DESCENT_PHASE,0.0262,-0.0181
1034,7.812,-15.1915,17.3989,0.659,0.0642,-0.8901,-0.0175,0.449,0.211,0.505,-15.3847,17.3145,0.2,0.0361,-0.8698,0.0,-0.177,-0.7891,-0.6697,1.05,0.5697,1,1,2,0.9,0.546,0.454,0,0,0.0,2,DESCENT_PHASE,0.028,-0.0202
1035,7.819,-15.1902,17.3811,0.6587,0.0648,-0.8879,-0.0181,0.448,0.211,0.505,-15.384,17.2971,0.2,0.036,-0.8659,0.0,-0.1786,-0.7875,-0.6712,1.05,0.5905,1,1,2,0.901,0.544,0.456,0,0,0.0,2,DESCENT_PHASE,0.0289,-0.022
1036,7.826,-15.1889,17.3634,0.6583,0.0663,-0.886,-0.0177,0.448,0.212,0.505,-15.3833,17.2799,0.2,0.0358,-0.8619,0.0,-0.1804,-0.7851,-0.6735,1.05,0.5571,1,1,2,0.901,0.543,0.457,0,0,0.0,2,DESCENT_PHASE,0.0305,-0.024
1037,7.833,-15.1876,17.3457,0.658,0.0657,-0.8822,-0.0175,0.447,0.212,0.505,-15.3825,17.2627,0.2,0.0356,-0.8578,0.0,-0.1814,-0.7831,-0.6755,1.05,0.5754,1,1,2,0.903,0.541,0.459,0,0,0.0,2,DESCENT_PHASE,0.0301,-0.0244
1038,7.842,-15.1863,17.3282,0.6576,0.066,-0.8787,-0.0177,0.447,0.212,0.504,-15.3818,17.2457,0.2,0.0355,-0.8538,0.0,-0.1829,-0.7814,-0.6771,1.05,0.5535,1,1,2,0.902,0.539,0.461,0,0,0.0,2,DESCENT_PHASE,0.0306,-0.0249
1039,7.852,-15.185,17.3107,0.6573,0.0646,-0.8739,-0.0175,0.447,0.213,0.504,-15.3811,17.2287,0.2,0.0353,-0.8497,0.0,-0.1837,-0.7796,-0.679,1.05,0.5789,1,1,2,0.903,0.544,0.456,0,0,0.0,2,DESCENT_PHASE,0.0293,-0.0241
1040,7.86,-15.1837,17.2933,0.6569,0.0642,-0.8693,-0.0173,0.446,0.213,0.504,-15.3804,17.2118,0.2,0.0351,-0.8455,0.0,-0.1848,-0.7776,-0.6809,1.05,0.5539,1,1,2,0.903,0.542,0.458,0,0,0.0,2,DESCENT_PHASE,0.0292,-0.0238
1041,7.868,-15.1824,17.276,0.6566,0.0622,-0.8634,-0.0176,0.446,0.213,0.504,-15.3797,17.1949,0.2,0.035,-0.8413,0.0,-0.1853,-0.7763,-0.6823,1.05,0.5789,1,1,2,0.904,0.541,0.459,0,0,0.0,2,DESCENT_PHASE,0.0272,-0.0221
1042,7.875,-15.1812,17.2589,0.6562,0.0614,-0.8581,-0.0174,0.446,0.214,0.504,-15.379,17.1782,0.2,0.0348,-0.837,0.0,-0.1863,-0.7744,-0.6841,1.05,0.552,1,1,2,0.903,0.543,0.457,0,0,0.0,2,DESCENT_PHASE,0.0267,-0.0211
1043,7.882,-15.18,17.2418,0.6559,0.0593,-0.8516,-0.0174,0.445,0.214,0.504,-15.3783,17.1615,0.2,0.0346,-0.8327,0.0,-0.1866,-0.7729,-0.6857,1.05,0.5768,1,1,2,0.904,0.541,0.459,0,0,0.0,2,DESCENT_PHASE,0.0246,-0.0189
1044,7.889,-15.1788,17.2249,0.6555,0.0587,-0.8461,-0.0173,0.445,0.214,0.503,-15.3777,17.145,0.2,0.0344,-0.8284,0.0,-0.1876,-0.7711,-0.6875,1.05,0.5495,1,1,2,0.903,0.541,0.459,0,0,0.0,2,DESCENT_PHASE,0.0243,-0.0177
1045,7.896,-15.1777,17.2081,0.6552,0.0571,-0.8396,-0.0173,0.445,0.215,0.503,-15.377,17.1285,0.2,0.0342,-0.8241,0.0,-0.1882,-0.7697,-0.689,1.05,0.5747,1,1,2,0.903,0.539,0.461,0,0,0.0,2,DESCENT_PHASE,0.0229,-0.0155
1046,7.903,-15.1766,17.1914,0.6548,0.0573,-0.8344,-0.0174,0.444,0.215,0.503,-15.3763,17.1121,0.2,0.034,-0.8195,0.0,-0.1895,-0.7678,-0.6907,1.05,0.5451,1,1,2,0.902,0.538,0.462,0,0,0.0,2,DESCENT_PHASE,0.0233,-0.0149
1047,7.911,-15.1754,17.1749,0.6545,0.0567,-0.8285,-0.0174,0.444,0.215,0.503,-15.3756,17.0958,0.2,0.0339,-0.8151,0.0,-0.1904,-0.7661,-0.6923,1.05,0.5708,1,1,2,0.903,0.543,0.457,0,0,0.0,2,DESCENT_PHASE,0.0229,-0.0134
1048,7.918,-15.1743,17.1584,0.6541,0.057,-0.8243,-0.0173,0.444,0.216,0.503,-15.3749,17.0796,0.2,0.0337,-0.8105,0.0,-0.1917,-0.7639,-0.6944,1.05,0.5426,1,1,2,0.901,0.549,0.451,0,0,0.0,2,DESCENT_PHASE,0.0233,-0.0137
1049,7.925,-15.1732,17.142,0.6538,0.0553,-0.8198,-0.0172,0.443,0.216,0.503,-15.3743,17.0635,0.2,0.0335,-0.806,0.0,-0.1924,-0.7619,-0.6964,1.05,0.5681,1,1,2,0.901,0.55,0.45,0,0,0.0,2,DESCENT_PHASE,0.0219,-0.0139
1050,7.932,-15.1721,17.1256,0.6534,0.0548,-0.8174,-0.0173,0.443,0.216,0.502,-15.3736,17.0474,0.2,0.0333,-0.8014,0.0,-0.1936,-0.7595,-0.6987,1.05,0.5675,1,1,2,0.901,0.55,0.45,0,0,0.0,2,DESCENT_PHASE,0.0215,-0.016
1051,7.939,-15.171,17.1093,0.6531,0.0527,-0.815,-0.0174,0.443,0.216,0.502,-15.3729,17.0315,0.2,0.0331,-0.7967,0.0,-0.1942,-0.7571,-0.7011,1.05,0.5731,1,1,2,0.903,0.554,0.446,0,0,0.0,2,DESCENT_PHASE,0.0196,-0.0183
1052,7.946,-15.17,17.0931,0.6527,0.0515,-0.8126,-0.0173,0.442,0.217,0.502,-15.3723,17.0157,0.2,0.0329,-0.7919,0.0,-0.195,-0.7544,-0.7038,1.05,0.548,1,1,2,0.902,0.552,0.448,0,0,0.0,2,DESCENT_PHASE,0.0186,-0.0206
1053,7.953,-15.169,17.0769,0.6524,0.0484,-0.8092,-0.0172,0.442,0.217,0.502,-15.3716,16.9999,0.2,0.0327,-0.7873,0.0,-0.1952,-0.7521,-0.7063,1.05,0.5724,1,1,2,0.903,0.555,0.445,0,0,0.0,2,DESCENT_PHASE,0.0157,-0.0219
1054,7.96,-15.1681,17.0608,0.6521,0.0462,-0.8066,-0.0172,0.442,0.217,0.501,-15.371,16.9843,0.2,0.0325,-0.7825,0.0,-0.1957,-0.7494,-0.7089,1.05,0.5446,1,1,2,0.902,0.552,0.448,0,0,0.0,2,DESCENT_PHASE,0.0137,-0.0241
1055,7.968,-15.1673,17.0447,0.6517,0.0421,-0.8031,-0.0172,0.441,0.217,0.501,-15.3703,16.9687,0.2,0.0323,-0.7775,0.0,-0.1955,-0.7469,-0.7116,1.05,0.5688,1,1,2,0.903,0.554,0.446,0,0,0.0,2,DESCENT_PHASE,0.0099,-0.0255
1056,7.979,-15.1665,17.0287,0.6514,0.0393,-0.8007,-0.0172,0.441,0.217,0.501,-15.3697,16.9533,0.2,0.0321,-0.7728,0.0,-0.1956,-0.7442,-0.7144,1.05,0.5408,1,1,2,0.902,0.55,0.45,0,0,0.0,2,DESCENT_PHASE,0.0072,-0.0279
1057,7.988,-15.1658,17.0127,0.651,0.0348,-0.7976,-0.0172,0.441,0.217,0.5,-15.3691,16.9379,0.2,0.0319,-0.7678,0.0,-0.1951,-0.7416,-0.7173,1.05,0.5649,1,1,2,0.902,0.552,0.448,0,0,0.0,2,DESCENT_PHASE,0.0029,-0.0298
1058,7.998,-15.1651,16.9968,0.6507,0.0318,-0.796,-0.0174,0.44,0.216,0.5,-15.3684,16.9226,0.2,0.0317,-0.7629,0.0,-0.1951,-0.7387,-0.7202,1.05,0.5564,1,1,2,0.902,0.55,0.45,0,0,0.0,2,DESCENT_PHASE,0.0001,-0.033
1059,8.007,-15.1646,16.9809,0.6503,0.0276,-0.7939,-0.0177,0.44,0.216,0.499,-15.3678,16.9075,0.2,0.0315,-0.7579,0.0,-0.1948,-0.7359,-0.7232,1.05,0.5798,1,1,2,0.904,0.556,0.444,0,0,0.0,2,DESCENT_PHASE,-0.0038,-0.036
1060,8.016,-15.1641,16.9651,0.65,0.0248,-0.792,-0.0175,0.439,0.216,0.499,-15.3672,16.8924,0.2,0.0313,-0.7528,0.0,-0.1947,-0.7326,-0.7266,1.05,0.5497,1,1,2,0.903,0.554,0.446,0,0,0.0,2,DESCENT_PHASE,-0.0065,-0.0391
1061,8.024,-15.1637,16.9493,0.6496,0.0206,-0.7882,-0.0174,0.439,0.215,0.498,-15.3665,16.8775,0.2,0.031,-0.7478,0.0,-0.194,-0.7297,-0.7297,1.05,0.572,1,1,2,0.904,0.55,0.45,0,0,0.0,2,DESCENT_PHASE,-0.0104,-0.0405
1062,8.033,-15.1633,16.9336,0.6493,0.0181,-0.7848,-0.0173,0.439,0.215,0.498,-15.3659,16.8626,0.2,0.0309,-0.7426,0.0,-0.1938,-0.7266,-0.7328,1.05,0.5419,1,1,2,0.904,0.543,0.457,0,0,0.0,2,DESCENT_PHASE,-0.0128,-0.0422
1063,8.043,-15.163,16.918,0.6489,0.0145,-0.78,-0.0173,0.438,0.214,0.497,-15.3653,16.8479,0.2,0.0306,-0.7375,0.0,-0.1932,-0.7237,-0.7358,1.05,0.5639,1,1,2,0.905,0.539,0.461,0,0,0.0,2,DESCENT_PHASE,-0.0161,-0.0425
1064,8.051,-15.1628,16.9025,0.6486,0.0128,-0.7757,-0.0172,0.438,0.213,0.497,-15.3647,16.8332,0.2,0.0304,-0.7322,0.0,-0.1932,-0.7206,-0.7389,1.05,0.5339,1,1,2,0.904,0.541,0.459,0,0,0.0,2,DESCENT_PHASE,-0.0176,-0.0435
1065,8.059,-15.1626,16.8871,0.6482,0.0103,-0.7703,-0.0172,0.438,0.213,0.496,-15.3641,16.8187,0.2,0.0302,-0.7271,0.0,-0.1929,-0.7178,-0.7417,1.05,0.5557,1,1,2,0.905,0.539,0.461,0,0,0.0,2,DESCENT_PHASE,-0.0198,-0.0432
1066,8.066,-15.1624,16.8718,0.6479,0.0101,-0.7657,-0.0178,0.437,0.212,0.496,-15.3635,16.8043,0.2,0.03,-0.7217,0.0,-0.1935,-0.715,-0.7442,1.05,0.5308,1,1,2,0.904,0.539,0.461,0,0,0.0,2,DESCENT_PHASE,-0.0199,-0.044
1067,8.074,-15.1622,16.8566,0.6475,0.0094,-0.7603,-0.0175,0.437,0.212,0.495,-15.3629,16.7899,0.2,0.0298,-0.7164,0.0,-0.1937,-0.7117,-0.7473,1.05,0.5566,1,1,2,0.904,0.538,0.462,0,0,0.0,2,DESCENT_PHASE,-0.0203,-0.0439
1068,8.081,-15.162,16.8415,0.6472,0.0112,-0.7559,-0.0174,0.437,0.211,0.494,-15.3623,16.7757,0.2,0.0296,-0.7112,0.0,-0.1949,-0.7083,-0.7503,1.05,0.5343,1,1,2,0.903,0.533,0.467,0,0,0.0,2,DESCENT_PHASE,-0.0184,-0.0447
1069,8.088,-15.1617,16.8265,0.6468,0.0126,-0.7508,-0.0173,0.436,0.21,0.494,-15.3617,16.7616,0.2,0.0293,-0.7056,0.0,-0.1962,-0.7047,-0.7533,1.05,0.5608,1,1,2,0.904,0.537,0.463,0,0,0.0,2,DESCENT_PHASE,-0.0167,-0.0451
1070,8.095,-15.1614,16.8115,0.6465,0.0161,-0.7466,-0.0173,0.436,0.21,0.493,-15.3611,16.7476,0.2,0.0291,-0.7003,0.0,-0.1982,-0.7009,-0.7562,1.05,0.5338,1,1,2,0.903,0.531,0.469,0,0,0.0,2,DESCENT_PHASE,-0.013,-0.0464
1071,8.103,-15.161,16.7967,0.6462,0.019,-0.7417,-0.0172,0.436,0.209,0.493,-15.3606,16.7337,0.2,0.0289,-0.6948,0.0,-0.2001,-0.6973,-0.7591,1.05,0.5608,1,1,2,0.903,0.534,0.466,0,0,0.0,2,DESCENT_PHASE,-0.0099,-0.0468
1072,8.111,-15.1605,16.7819,0.6458,0.0237,-0.738,-0.0173,0.435,0.209,0.492,-15.36,16.7199,0.2,0.0286,-0.6892,0.0,-0.203,-0.6931,-0.7622,1.05,0.5463,1,1,2,0.903,0.533,0.467,0,0,0.0,2,DESCENT_PHASE,-0.0049,-0.0488
1073,8.118,-15.16,16.7673,0.6454,0.0275,-0.7336,-0.018,0.435,0.209,0.492,-15.3594,16.7062,0.2,0.0284,-0.6838,0.0,-0.2056,-0.6896,-0.7646,1.05,0.5698,1,1,2,0.904,0.539,0.461,0,0,0.0,2,DESCENT_PHASE,-0.0009,-0.0498
1074,8.125,-15.1593,16.7527,0.6451,0.0329,-0.7296,-0.0178,0.435,0.208,0.491,-15.3589,16.6927,0.2,0.0282,-0.6782,0.0,-0.2089,-0.6851,-0.7678,1.05,0.5341,1,1,2,0.904,0.537,0.463,0,0,0.0,2,DESCENT_PHASE,0.0048,-0.0514
1075,8.132,-15.1586,16.7382,0.6447,0.0372,-0.7238,-0.0176,0.434,0.208,0.491,-15.3583,16.6792,0.2,0.0279,-0.6725,0.0,-0.2119,-0.681,-0.7706,1.05,0.556,1,1,2,0.906,0.542,0.458,0,0,0.0,2,DESCENT_PHASE,0.0093,-0.0512
1076,8.139,-15.1577,16.7238,0.6444,0.0422,-0.7186,-0.0181,0.434,0.208,0.491,-15.3578,16.6659,0.2,0.0277,-0.6668,0.0,-0.2153,-0.6771,-0.7731,1.05,0.5279,1,1,2,0.905,0.54,0.46,0,0,0.0,2,DESCENT_PHASE,0.0145,-0.0518
1077,8.146,-15.1568,16.7096,0.644,0.0453,-0.712,-0.0178,0.434,0.208,0.49,-15.3572,16.6527,0.2,0.0275,-0.6613,0.0,-0.2179,-0.6731,-0.7759,1.05,0.553,1,1,2,0.906,0.544,0.456,0,0,0.0,2,DESCENT_PHASE,0.0178,-0.0507
1078,8.153,-15.1558,16.6955,0.6437,0.0494,-0.7061,-0.0176,0.433,0.208,0.49,-15.3567,16.6395,0.2,0.0272,-0.6555,0.0,-0.2211,-0.6686,-0.7788,1.05,0.5227,1,1,2,0.905,0.541,0.459,0,0,0.0,2,DESCENT_PHASE,0.0221,-0.0507
1079,8.16,-15.1548,16.6815,0.6433,0.0516,-0.6991,-0.0175,0.433,0.209,0.49,-15.3561,16.6265,0.2,0.027,-0.6496,0.0,-0.2236,-0.6646,-0.7816,1.05,0.5477,1,1,2,0.906,0.544,0.456,0,0,0.0,2,DESCENT_PHASE,0.0247,-0.0494
1080,8.167,-15.1537,16.6676,0.643,0.0552,-0.6931,-0.0174,0.432,0.209,0.49,-15.3556,16.6137,0.2,0.0268,-0.6439,0.0,-0.2267,-0.6603,-0.7843,1.05,0.5169,1,1,2,0.905,0.539,0.461,0,0,0.0,2,DESCENT_PHASE,0.0284,-0.0491
1081,8.174,-15.1526,16.6539,0.6426,0.0572,-0.6861,-0.0174,0.432,0.209,0.49,-15.3551,16.6009,0.2,0.0265,-0.6381,0.0,-0.2294,-0.6562,-0.7869,1.05,0.5419,1,1,2,0.906,0.542,0.458,0,0,0.0,2,DESCENT_PHASE,0.0307,-0.048
1082,8.181,-15.1513,16.6403,0.6423,0.0605,-0.6806,-0.0175,0.432,0.21,0.489,-15.3545,16.5883,0.2,0.0263,-0.6322,0.0,-0.2327,-0.6517,-0.7898,1.05,0.5199,1,1,2,0.905,0.538,0.462,0,0,0.0,2,DESCENT_PHASE,0.0343,-0.0484
1083,8.188,-15.1501,16.6268,0.6419,0.0624,-0.6744,-0.0174,0.431,0.21,0.489,-15.354,16.5757,0.2,0.026,-0.6263,0.0,-0.2355,-0.6472,-0.7926,1.05,0.5448,1,1,2,0.906,0.542,0.458,0,0,0.0,2,DESCENT_PHASE,0.0364,-0.0482
1084,8.195,-15.1488,16.6134,0.6416,0.0652,-0.6692,-0.0173,0.431,0.211,0.489,-15.3535,16.5633,0.2,0.0258,-0.6204,0.0,-0.2387,-0.6423,-0.7956,1.05,0.5138,1,1,2,0.905,0.538,0.462,0,0,0.0,2,DESCENT_PHASE,0.0394,-0.0489
1085,8.202,-15.1475,16.6002,0.6412,0.0662,-0.663,-0.0173,0.431,0.211,0.489,-15.353,16.551,0.2,0.0255,-0.6145,0.0,-0.2413,-0.6378,-0.7985,1.05,0.5386,1,1,2,0.906,0.54,0.46,0,0,0.0,2,DESCENT_PHASE,0.0407,-0.0486
1086,8.209,-15.1461,16.587,0.6409,0.0685,-0.658,-0.0176,0.43,0.212,0.489,-15.3525,16.5389,0.2,0.0253,-0.6083,0.0,-0.2446,-0.6328,-0.8014,1.05,0.515,1,1,2,0.906,0.537,0.463,0,0,0.0,2,DESCENT_PHASE,0.0432,-0.0497
1087,8.216,-15.1447,16.574,0.6405,0.0694,-0.6523,-0.0174,0.43,0.213,0.489,-15.352,16.5268,0.2,0.025,-0.6023,0.0,-0.2472,-0.6278,-0.8045,1.05,0.5405,1,1,2,0.907,0.541,0.459,0,0,0.0,2,DESCENT_PHASE,0.0443,-0.05
1088,8.224,-15.1433,16.561,0.6402,0.0707,-0.6476,-0.0172,0.43,0.213,0.489,-15.3515,16.5149,0.2,0.0247,-0.5963,0.0,-0.2502,-0.6224,-0.8077,1.05,0.5098,1,1,2,0.906,0.536,0.464,0,0,0.0,2,DESCENT_PHASE,0.046,-0.0513
1089,8.231,-15.1419,16.5482,0.6398,0.07,-0.6419,-0.0171,0.429,0.214,0.489,-15.351,16.5031,0.2,0.0245,-0.5902,0.0,-0.2523,-0.6174,-0.811,1.05,0.535,1,1,2,0.906,0.539,0.461,0,0,0.0,2,DESCENT_PHASE,0.0455,-0.0517
1090,8.238,-15.1405,16.5354,0.6395,0.0701,-0.6375,-0.0171,0.429,0.215,0.489,-15.3505,16.4914,0.2,0.0243,-0.584,0.0,-0.2549,-0.6118,-0.8144,1.05,0.5156,1,1,2,0.906,0.537,0.463,0,0,0.0,2,DESCENT_PHASE,0.0458,-0.0534
1091,8.246,-15.1391,16.5228,0.6392,0.0684,-0.6323,-0.017,0.429,0.215,0.489,-15.35,16.4799,0.2,0.024,-0.5779,0.0,-0.2567,-0.6064,-0.8178,1.05,0.5406,1,1,2,0.907,0.54,0.46,0,0,0.0,2,DESCENT_PHASE,0.0444,-0.0544
1092,8.253,-15.1378,16.5102,0.6388,0.0676,-0.6278,-0.0169,0.428,0.216,0.489,-15.3496,16.4684,0.2,0.0237,-0.5717,0.0,-0.2589,-0.6006,-0.8214,1.05,0.5096,1,1,2,0.906,0.538,0.462,0,0,0.0,2,DESCENT_PHASE,0.0438,-0.0561
1093,8.26,-15.1365,16.4978,0.6385,0.0651,-0.622,-0.0169,0.428,0.216,0.489,-15.3491,16.4571,0.2,0.0235,-0.5655,0.0,-0.2593,-0.5931,-0.8218,1.0461,0.5345,1,1,2,0.907,0.541,0.459,0,0,0.0,2,DESCENT_PHASE,0.0416,-0.0565
1094,8.268,-15.1352,16.4854,0.6382,0.0638,-0.6171,-0.0168,0.428,0.217,0.489,-15.3486,16.4459,0.2,0.0232,-0.5592,0.0,-0.2602,-0.5848,-0.8219,1.0418,0.5032,1,1,2,0.906,0.537,0.463,0,0,0.0,2,DESCENT_PHASE,0.0406,-0.0578
1095,8.275,-15.134,16.4732,0.6378,0.0611,-0.6111,-0.0169,0.427,0.218,0.489,-15.3482,16.4349,0.2,0.023,-0.5529,0.0,-0.2604,-0.577,-0.8218,1.0374,0.528,1,1,2,0.907,0.539,0.461,0,0,0.0,2,DESCENT_PHASE,0.0381,-0.0582
1096,8.282,-15.1328,16.4611,0.6375,0.0599,-0.6064,-0.0174,0.427,0.218,0.489,-15.3477,16.4239,0.2,0.0227,-0.5466,0.0,-0.2612,-0.5685,-0.8209,1.0321,0.5167,1,1,2,0.907,0.54,0.46,0,0,0.0,2,DESCENT_PHASE,0.0372,-0.0598
1097,8.29,-15.1316,16.4491,0.6371,0.0576,-0.601,-0.0172,0.427,0.219,0.489,-15.3473,16.4131,0.2,0.0225,-0.5403,0.0,-0.2615,-0.5602,-0.8212,1.0279,0.5437,1,1,2,0.908,0.541,0.459,0,0,0.0,2,DESCENT_PHASE,0.0352,-0.0607
1098,8.297,-15.1305,16.4371,0.6368,0.0568,-0.5956,-0.0171,0.426,0.219,0.489,-15.3468,16.4025,0.2,0.0222,-0.5339,0.0,-0.2625,-0.5519,-0.8215,1.0239,0.5133,1,1,2,0.908,0.54,0.46,0,0,0.0,2,DESCENT_PHASE,0.0347,-0.0618
1099,8.304,-15.1294,16.4254,0.6364,0.0549,-0.5883,-0.017,0.426,0.22,0.489,-15.3464,16.3919,0.2,0.0219,-0.5276,0.0,-0.2629,-0.5445,-0.8216,1.0201,0.5407,1,1,2,0.909,0.545,0.455,0,0,0.0,2,DESCENT_PHASE,0.0331,-0.0607
1100,8.311,-15.1283,16.4138,0.6361,0.0544,-0.5814,-0.0169,0.426,0.22,0.488,-15.3459,16.3815,0.2,0.0216,-0.5211,0.0,-0.2638,-0.5367,-0.8217,1.0163,0.51,1,1,2,0.908,0.543,0.457,0,0,0.0,2,DESCENT_PHASE,0.0327,-0.0603
1101,8.318,-15.1272,16.4022,0.6343,0.0533,-0.5758,-0.091,0.424,0.22,0.487,-15.3455,16.3712,0.2,0.0214,-0.5146,0.0,-0.2646,-0.5283,-0.6957,0.9128,0.531,1,1,2,0.909,0.541,0.459,0,0,0.0,2,DESCENT_PHASE,0.0319,-0.0612
1102,8.325,-15.1262,16.3908,0.6315,0.0532,-0.5697,-0.1376,0.421,0.221,0.485,-15.3451,16.361,0.2,0.0211,-0.5081,0.0,-0.2657,-0.5201,-0.6165,0.8492,0.5076,1,1,2,0.909,0.542,0.458,0,0,0.0,2,DESCENT_PHASE,0.032,-0.0616
1103,8.333,-15.1251,16.3796,0.6282,0.0527,-0.5623,-0.1666,0.418,0.221,0.482,-15.3447,16.351,0.2,0.0208,-0.5016,0.0,-0.2667,-0.5125,-0.5673,0.8097,0.5333,1,1,2,0.91,0.527,0.473,0,0,0.0,2,DESCENT_PHASE,0.0319,-0.0607
1104,8.34,-15.1241,16.3685,0.6245,0.0503,-0.5552,-0.1843,0.414,0.222,0.479,-15.3443,16.3411,0.2,0.0206,-0.4951,0.0,-0.2668,-0.5046,-0.5372,0.7839,0.5028,1,1,2,0.91,0.532,0.468,0,0,0.0,2,DESCENT_PHASE,0.0297,-0.0601
1105,8.347,-15.1232,16.3576,0.6206,0.0434,-0.5468,-0.1954,0.41,0.222,0.476,-15.3439,16.3313,0.2,0.0203,-0.4886,0.0,-0.2649,-0.4975,-0.5184,0.7658,0.529,1,1,2,0.966,0.532,0.468,0,0,0.0,2,DESCENT_PHASE,0.0231,-0.0582
1106,8.355,-15.1226,16.3468,0.6166,0.0347,-0.5394,-0.2021,0.406,0.222,0.472,-15.3435,16.3217,0.2,0.02,-0.4819,0.0,-0.2621,-0.4897,-0.507,0.752,0.4984,1,1,2,0.966,0.537,0.463,0,0,0.0,2,DESCENT_PHASE,0.0146,-0.0575
1107,8.363,-15.1221,16.3362,0.6124,0.0216,-0.531,-0.2067,0.402,0.222,0.468,-15.3431,16.3122,0.2,0.0197,-0.4753,0.0,-0.2572,-0.4824,-0.499,0.7402,0.5286,1,1,2,0.967,0.542,0.458,0,0,0.0,2,DESCENT_PHASE,0.0018,-0.0557
1108,8.37,-15.122,16.3257,0.6082,0.0069,-0.5241,-0.2098,0.398,0.222,0.465,-15.3427,16.3028,0.2,0.0195,-0.4686,0.0,-0.2512,-0.4745,-0.4938,0.7294,0.4989,1,1,2,0.967,0.546,0.454,0,0,0.0,2,DESCENT_PHASE,-0.0126,-0.0555
1109,8.377,-15.1222,16.3153,0.604,-0.009,-0.5162,-0.2121,0.393,0.221,0.461,-15.3423,16.2936,0.2,0.0192,-0.462,0.0,-0.2444,-0.4669,-0.49,0.7196,0.5272,1,1,2,0.967,0.545,0.455,0,0,0.0,2,DESCENT_PHASE,-0.0282,-0.0543
1110,8.385,-15.1227,16.3051,0.5997,-0.0254,-0.5098,-0.2135,0.389,0.22,0.456,-15.3419,16.2845,0.2,0.0189,-0.4553,0.0,-0.2369,-0.4588,-0.4875,0.7101,0.4971,1,1,2,0.967,0.544,0.456,0,0,0.0,2,DESCENT_PHASE,-0.0444,-0.0545
1111,8.392,-15.1235,16.2951,0.5954,-0.043,-0.5024,-0.2148,0.385,0.219,0.452,-15.3415,16.2755,0.2,0.0186,-0.4486,0.0,-0.2286,-0.451,-0.4854,0.7009,0.5228,1,1,2,0.967,0.546,0.454,0,0,0.0,2,DESCENT_PHASE,-0.0616,-0.0538
1112,8.399,-15.1248,16.2852,0.5925,-0.0649,-0.4947,-0.144,0.382,0.217,0.449,-15.3412,16.2667,0.2,0.0184,-0.4418,0.0,-0.2179,-0.4433,-0.6057,0.7816,0.4871,1,1,2,0.967,0.543,0.457,0,0,0.0,2,DESCENT_PHASE,-0.0832,-0.0528
1113,8.406,-15.1265,16.2755,0.5906,-0.0857,-0.4869,-0.0994,0.38,0.215,0.446,-15.3408,16.258,0.2,0.0181,-0.435,0.0,-0.2071,-0.4355,-0.6816,0.8349,0.5219,1,1,2,0.967,0.546,0.454,0,0,0.0,2,DESCENT_PHASE,-0.1037,-0.0519
1114,8.414,-15.1286,16.2658,0.5891,-0.1025,-0.4823,-0.0706,0.379,0.212,0.443,-15.3405,16.2494,0.2,0.0178,-0.4283,0.0,-0.1975,-0.4266,-0.7305,0.8687,0.516,1,1,2,0.967,0.546,0.454,0,0,0.0,2,DESCENT_PHASE,-0.1202,-0.054
1115,8.421,-15.1309,16.2563,0.5881,-0.113,-0.4772,-0.0525,0.378,0.21,0.441,-15.3401,16.241,0.2,0.0175,-0.4214,0.0,-0.1903,-0.4176,-0.7612,0.8889,0.5199,1,1,2,0.967,0.546,0.454,0,0,0.0,2,DESCENT_PHASE,-0.1305,-0.0557
1116,8.428,-15.1333,16.2468,0.5873,-0.1208,-0.472,-0.0398,0.377,0.207,0.439,-15.3398,16.2327,0.2,0.0172,-0.4147,0.0,-0.1839,-0.4087,-0.7828,0.902,0.503,1,1,2,0.968,0.542,0.458,0,0,0.0,2,DESCENT_PHASE,-0.138,-0.0573
1117,8.436,-15.1357,16.2375,0.5867,-0.1232,-0.4661,-0.0315,0.376,0.204,0.437,-15.3394,16.2245,0.2,0.0169,-0.4077,0.0,-0.1798,-0.3998,-0.797,0.9096,0.5331,1,1,2,0.969,0.547,0.453,0,0,0.0,2,DESCENT_PHASE,-0.1402,-0.0584
1118,8.443,-15.1382,16.2283,0.5862,-0.1232,-0.4606,-0.0257,0.376,0.201,0.435,-15.3391,16.2165,0.2,0.0166,-0.4008,0.0,-0.1766,-0.3909,-0.8068,0.9137,0.4973,1,1,2,0.969,0.547,0.453,0,0,0.0,2,DESCENT_PHASE,-0.1398,-0.0598
1119,8.45,-15.1406,16.2192,0.5857,-0.1195,-0.4527,-0.0222,0.375,0.198,0.434,-15.3388,16.2086,0.2,0.0164,-0.394,0.0,-0.1751,-0.3829,-0.8127,0.9153,0.5131,1,1,2,0.969,0.551,0.449,0,0,0.0,2,DESCENT_PHASE,-0.1359,-0.0588
1120,8.458,-15.1429,16.2104,0.5853,-0.1147,-0.4449,-0.0201,0.375,0.196,0.432,-15.3384,16.2009,0.2,0.0161,-0.387,0.0,-0.1741,-0.3748,-0.8163,0.915,0.4817,1,1,2,0.969,0.546,0.454,0,0,0.0,2,DESCENT_PHASE,-0.1308,-0.0579
1121,8.465,-15.145,16.2016,0.5849,-0.1063,-0.4358,-0.0192,0.374,0.193,0.431,-15.3381,16.1933,0.2,0.0158,-0.3801,0.0,-0.1749,-0.3675,-0.8178,0.9135,0.5161,1,1,2,0.969,0.549,0.451,0,0,0.0,2,DESCENT_PHASE,-0.1221,-0.0556
1122,8.473,-15.1469,16.1931,0.5846,-0.0966,-0.4281,-0.0179,0.374,0.191,0.429,-15.3378,16.1858,0.2,0.0155,-0.3731,0.0,-0.1765,-0.3593,-0.8201,0.9125,0.4837,1,1,2,0.969,0.545,0.455,0,0,0.0,2,DESCENT_PHASE,-0.1121,-0.055
1123,8.482,-15.1486,16.1847,0.5842,-0.0847,-0.4193,-0.0173,0.374,0.189,0.428,-15.3375,16.1785,0.2,0.0152,-0.3661,0.0,-0.1793,-0.3517,-0.821,0.911,0.5218,1,1,2,0.969,0.549,0.451,0,0,0.0,2,DESCENT_PHASE,-0.0999,-0.0532
1124,8.49,-15.1501,16.1765,0.5839,-0.0729,-0.4119,-0.017,0.373,0.187,0.427,-15.3372,16.1713,0.2,0.0149,-0.3592,0.0,-0.1825,-0.3436,-0.8216,0.909,0.4896,1,1,2,0.969,0.546,0.454,0,0,0.0,2,DESCENT_PHASE,-0.0877,-0.0527
1125,8.499,-15.1513,16.1684,0.5835,-0.0586,-0.4031,-0.0173,0.373,0.186,0.426,-15.3369,16.1643,0.2,0.0146,-0.3521,0.0,-0.1869,-0.336,-0.8211,0.9067,0.5237,1,1,2,0.969,0.551,0.449,0,0,0.0,2,DESCENT_PHASE,-0.0733,-0.051
1126,8.506,-15.1521,16.1605,0.5832,-0.0442,-0.3953,-0.0175,0.373,0.185,0.425,-15.3366,16.1574,0.2,0.0144,-0.345,0.0,-0.1918,-0.328,-0.8208,0.9045,0.4883,1,1,2,0.969,0.547,0.453,0,0,0.0,2,DESCENT_PHASE,-0.0586,-0.0503
1127,8.514,-15.1528,16.1528,0.5828,-0.0309,-0.3861,-0.0178,0.372,0.184,0.425,-15.3364,16.1506,0.2,0.014,-0.338,0.0,-0.1967,-0.3206,-0.8203,0.9024,0.5213,1,1,2,0.969,0.547,0.453,0,0,0.0,2,DESCENT_PHASE,-0.0449,-0.0482
1128,8.523,-15.1531,16.1452,0.5825,-0.0159,-0.3782,-0.0183,0.372,0.183,0.424,-15.3361,16.144,0.2,0.0137,-0.3308,0.0,-0.2026,-0.3126,-0.8194,0.9001,0.488,1,1,2,0.969,0.547,0.453,0,0,0.0,2,DESCENT_PHASE,-0.0297,-0.0474
1129,8.531,-15.1531,16.1378,0.5821,-0.0018,-0.3692,-0.0189,0.372,0.183,0.424,-15.3358,16.1375,0.2,0.0134,-0.3239,0.0,-0.2086,-0.3053,-0.8184,0.8981,0.5233,1,1,2,0.969,0.547,0.453,0,0,0.0,2,DESCENT_PHASE,-0.0152,-0.0454
1130,8.539,-15.1529,16.1306,0.5817,0.011,-0.3616,-0.0189,0.371,0.183,0.423,-15.3355,16.1312,0.2,0.0132,-0.3166,0.0,-0.2143,-0.2971,-0.8184,0.8966,0.4919,1,1,2,0.969,0.548,0.452,0,0,0.0,2,DESCENT_PHASE,-0.0021,-0.045
1131,8.549,-15.1524,16.1235,0.5813,0.0232,-0.3528,-0.0196,0.371,0.183,0.423,-15.3353,16.125,0.2,0.0129,-0.3096,0.0,-0.22,-0.2897,-0.8172,0.8945,0.5213,1,1,2,0.969,0.548,0.452,0,0,0.0,2,DESCENT_PHASE,0.0104,-0.0433
1132,8.563,-15.1518,16.1166,0.5809,0.0325,-0.3451,-0.0192,0.37,0.183,0.423,-15.335,16.1189,0.2,0.0125,-0.3024,0.0,-0.2249,-0.2817,-0.8179,0.8938,0.487,1,1,2,0.969,0.549,0.451,0,0,0.0,2,DESCENT_PHASE,0.02,-0.0427
1133,8.575,-15.151,16.1099,0.5806,0.0414,-0.3361,-0.0189,0.37,0.184,0.423,-15.3348,16.113,0.2,0.0123,-0.2952,0.0,-0.2297,-0.2742,-0.8183,0.8931,0.5195,1,1,2,0.969,0.551,0.449,0,0,0.0,2,DESCENT_PHASE,0.0292,-0.041
1134,8.583,-15.15,16.1033,0.5802,0.0475,-0.3281,-0.0187,0.37,0.185,0.423,-15.3346,16.1073,0.2,0.012,-0.2881,0.0,-0.2335,-0.2665,-0.8188,0.8922,0.4857,1,1,2,0.969,0.548,0.452,0,0,0.0,2,DESCENT_PHASE,0.0355,-0.04
1135,8.592,-15.1489,16.097,0.5798,0.0534,-0.3183,-0.0186,0.369,0.185,0.423,-15.3343,16.1017,0.2,0.0117,-0.2808,0.0,-0.2374,-0.2592,-0.8189,0.8911,0.502,1,1,2,0.969,0.55,0.45,0,0,0.0,2,DESCENT_PHASE,0.0417,-0.0376
1136,8.604,-15.1478,16.0908,0.5794,0.0567,-0.3093,-0.0184,0.369,0.186,0.423,-15.3341,16.0962,0.2,0.0113,-0.2737,0.0,-0.2404,-0.2521,-0.8192,0.8902,0.4687,1,1,2,0.969,0.548,0.452,0,0,0.0,2,DESCENT_PHASE,0.0454,-0.0356
1137,8.615,-15.1466,16.0848,0.5791,0.0601,-0.2996,-0.0182,0.369,0.187,0.423,-15.3339,16.0909,0.2,0.0111,-0.2664,0.0,-0.2434,-0.245,-0.8196,0.8894,0.5015,1,1,2,0.969,0.547,0.453,0,0,0.0,2,DESCENT_PHASE,0.049,-0.0332
1138,8.626,-15.1454,16.079,0.5787,0.0611,-0.2915,-0.0182,0.368,0.188,0.423,-15.3337,16.0857,0.2,0.0108,-0.2591,0.0,-0.2455,-0.2372,-0.8196,0.8878,0.4692,1,1,2,0.969,0.546,0.454,0,0,0.0,2,DESCENT_PHASE,0.0503,-0.0324
1139,8.639,-15.1441,16.0733,0.5784,0.0624,-0.2825,-0.0179,0.368,0.189,0.423,-15.3334,16.0806,0.2,0.0105,-0.252,0.0,-0.2477,-0.2301,-0.82,0.887,0.5028,1,1,2,0.969,0.547,0.453,0,0,0.0,2,DESCENT_PHASE,0.0519,-0.0305
1140,8.652,-15.1429,16.0678,0.578,0.0616,-0.2748,-0.0178,0.367,0.191,0.423,-15.3332,16.0757,0.2,0.0102,-0.2446,0.0,-0.2491,-0.2222,-0.8203,0.8856,0.4713,1,1,2,0.969,0.551,0.449,0,0,0.0,2,DESCENT_PHASE,0.0514,-0.0302
1141,8.66,-15.1417,16.0625,0.5776,0.0612,-0.2659,-0.0177,0.367,0.192,0.423,-15.333,16.071,0.2,0.0098,-0.2373,0.0,-0.2507,-0.2148,-0.8205,0.8844,0.5006,1,1,2,0.969,0.547,0.453,0,0,0.0,2,DESCENT_PHASE,0.0514,-0.0286
1142,8.669,-15.1405,16.0573,0.5773,0.059,-0.258,-0.0176,0.367,0.193,0.424,-15.3329,16.0664,0.2,0.0096,-0.23,0.0,-0.2514,-0.2071,-0.8206,0.8829,0.4696,1,1,2,0.969,0.552,0.448,0,0,0.0,2,DESCENT_PHASE,0.0494,-0.0279
1143,8.677,-15.1393,16.0524,0.5769,0.0575,-0.2488,-0.0176,0.366,0.194,0.424,-15.3327,16.0619,0.2,0.0093,-0.2228,0.0,-0.2524,-0.2,-0.8205,0.8815,0.4952,1,1,2,0.969,0.542,0.458,0,0,0.0,2,DESCENT_PHASE,0.0482,-0.026
1144,8.685,-15.1383,16.0476,0.5766,0.0544,-0.2406,-0.0179,0.366,0.194,0.424,-15.3325,16.0576,0.2,0.0089,-0.2153,0.0,-0.2527,-0.1923,-0.8201,0.8794,0.4651,1,1,2,0.969,0.546,0.454,0,0,0.0,2,DESCENT_PHASE,0.0454,-0.0253
1145,8.694,-15.1372,16.0429,0.5762,0.0522,-0.2315,-0.0177,0.366,0.195,0.424,-15.3323,16.0535,0.2,0.0087,-0.2081,0.0,-0.2532,-0.1852,-0.8204,0.8783,0.4998,1,1,2,0.969,0.546,0.454,0,0,0.0,2,DESCENT_PHASE,0.0435,-0.0234
1146,8.702,-15.1362,16.0385,0.5759,0.0485,-0.2237,-0.0177,0.365,0.196,0.424,-15.3321,16.0495,0.2,0.0083,-0.2007,0.0,-0.2532,-0.1775,-0.8205,0.8768,0.4708,1,1,2,0.969,0.547,0.453,0,0,0.0,2,DESCENT_PHASE,0.0402,-0.023
1147,8.711,-15.1353,16.0342,0.5755,0.046,-0.2147,-0.0177,0.365,0.197,0.424,-15.332,16.0456,0.2,0.008,-0.1933,0.0,-0.2536,-0.1702,-0.8203,0.8753,0.4938,1,1,2,0.969,0.549,0.451,0,0,0.0,2,DESCENT_PHASE,0.038,-0.0214
1148,8.72,-15.1345,16.03,0.5752,0.0424,-0.2067,-0.0177,0.365,0.198,0.424,-15.3318,16.0419,0.2,0.0077,-0.1861,0.0,-0.2533,-0.1627,-0.8204,0.8739,0.4652,1,1,2,0.969,0.548,0.452,0,0,0.0,2,DESCENT_PHASE,0.0346,-0.0206
1149,8.727,-15.1337,16.0261,0.5748,0.04,-0.198,-0.0177,0.364,0.198,0.424,-15.3317,16.0383,0.2,0.0074,-0.1786,0.0,-0.2536,-0.1553,-0.8205,0.8727,0.4996,1,1,2,0.969,0.547,0.453,0,0,0.0,2,DESCENT_PHASE,0.0326,-0.0194
1150,8.734,-15.1329,16.0222,0.5745,0.0367,-0.191,-0.0176,0.364,0.199,0.424,-15.3315,16.0349,0.2,0.0071,-0.1712,0.0,-0.2534,-0.1472,-0.8205,0.8713,0.4714,1,1,2,0.969,0.548,0.452,0,0,0.0,2,DESCENT_PHASE,0.0296,-0.0198
1151,8.743,-15.1322,16.0186,0.5741,0.035,-0.183,-0.0177,0.364,0.2,0.424,-15.3314,16.0316,0.2,0.0068,-0.1638,0.0,-0.2538,-0.1397,-0.8205,0.8701,0.5055,1,1,2,0.969,0.547,0.453,0,0,0.0,2,DESCENT_PHASE,0.0282,-0.0191
1152,8.75,-15.1316,16.0151,0.5738,0.0325,-0.1762,-0.0176,0.363,0.2,0.424,-15.3313,16.0285,0.2,0.0065,-0.1565,0.0,-0.2539,-0.1316,-0.8206,0.869,0.4775,1,1,2,0.969,0.549,0.451,0,0,0.0,2,DESCENT_PHASE,0.026,-0.0197
1153,8.758,-15.131,16.0117,0.5734,0.0313,-0.1682,-0.0177,0.363,0.201,0.424,-15.3312,16.0255,0.2,0.0062,-0.1491,0.0,-0.2544,-0.1239,-0.8204,0.8679,0.5016,1,1,2,0.969,0.547,0.453,0,0,0.0,2,DESCENT_PHASE,0.0251,-0.0192
1154,8.766,-15.1304,16.0085,0.573,0.029,-0.1612,-0.0177,0.363,0.201,0.424,-15.331,16.0227,0.2,0.0059,-0.1415,0.0,-0.2545,-0.1157,-0.8205,0.8668,0.4741,1,1,2,0.969,0.551,0.449,0,0,0.0,2,DESCENT_PHASE,0.0232,-0.0196
1155,8.774,-15.1298,16.0054,0.5727,0.0283,-0.1534,-0.0176,0.362,0.202,0.424,-15.3309,16.02,0.2,0.0056,-0.1342,0.0,-0.2552,-0.108,-0.8206,0.8661,0.508,1,1,2,0.969,0.541,0.459,0,0,0.0,2,DESCENT_PHASE,0.0227,-0.0192
1156,8.782,-15.1293,16.0025,0.5723,0.0266,-0.147,-0.0176,0.362,0.202,0.424,-15.3308,16.0174,0.2,0.0052,-0.1267,0.0,-0.2555,-0.0996,-0.8206,0.8652,0.4809,1,1,2,0.969,0.547,0.453,0,0,0.0,2,DESCENT_PHASE,0.0213,-0.0203
1157,8.79,-15.1288,15.9997,0.572,0.0267,-0.1396,-0.0183,0.361,0.203,0.424,-15.3307,16.0151,0.2,0.005,-0.1193,0.0,-0.2565,-0.0917,-0.8194,0.8635,0.5108,1,1,2,0.969,0.542,0.458,0,0,0.0,2,DESCENT_PHASE,0.0217,-0.0203
1158,8.798,-15.1282,15.997,0.5716,0.026,-0.1333,-0.018,0.361,0.203,0.423,-15.3306,16.0128,0.2,0.0047,-0.1119,0.0,-0.2571,-0.0832,-0.8199,0.8633,0.4805,1,1,2,0.969,0.553,0.447,0,0,0.0,2,DESCENT_PHASE,0.0213,-0.0215
1159,8.806,-15.1277,15.9945,0.5713,0.026,-0.1257,-0.0179,0.361,0.203,0.423,-15.3305,16.0107,0.2,0.0043,-0.1044,0.0,-0.2582,-0.0753,-0.8201,0.863,0.5034,1,1,2,0.969,0.547,0.453,0,0,0.0,2,DESCENT_PHASE,0.0217,-0.0213
1160,8.813,-15.1272,15.9921,0.5709,0.0243,-0.119,-0.0178,0.36,0.204,0.423,-15.3305,16.0088,0.2,0.004,-0.0969,0.0,-0.2584,-0.0669,-0.8203,0.8627,0.4732,1,1,2,0.969,0.552,0.448,0,0,0.0,2,DESCENT_PHASE,0.0203,-0.0221
1161,8.821,-15.1268,15.9899,0.5706,0.0234,-0.1113,-0.0177,0.36,0.204,0.423,-15.3304,16.007,0.2,0.0037,-0.0895,0.0,-0.2589,-0.059,-0.8205,0.8624,0.5043,1,1,2,0.969,0.547,0.453,0,0,0.0,2,DESCENT_PHASE,0.0197,-0.0219
1162,8.829,-15.1263,15.9878,0.5702,0.0209,-0.1048,-0.0176,0.36,0.205,0.423,-15.3303,16.0054,0.2,0.0034,-0.082,0.0,-0.2588,-0.0506,-0.8206,0.8619,0.4742,1,1,2,0.969,0.553,0.447,0,0,0.0,2,DESCENT_PHASE,0.0176,-0.0228
1163,8.836,-15.126,15.9858,0.5698,0.0196,-0.0971,-0.0177,0.359,0.205,0.423,-15.3303,16.0039,0.2,0.0031,-0.0746,0.0,-0.2591,-0.0428,-0.8205,0.8615,0.4968,1,1,2,0.969,0.547,0.453,0,0,0.0,2,DESCENT_PHASE,0.0165,-0.0225
1164,8.844,-15.1256,15.984,0.5695,0.0169,-0.0902,-0.0176,0.359,0.205,0.423,-15.3302,16.0025,0.2,0.0028,-0.067,0.0,-0.2588,-0.0344,-0.8206,0.8611,0.4667,1,1,2,0.969,0.552,0.448,0,0,0.0,2,DESCENT_PHASE,0.0141,-0.0232
1165,8.852,-15.1253,15.9824,0.5691,0.0156,-0.0824,-0.0176,0.359,0.206,0.423,-15.3301,16.0013,0.2,0.0025,-0.0595,0.0,-0.259,-0.0264,-0.8206,0.8609,0.4982,1,1,2,0.969,0.548,0.452,0,0,0.0,2,DESCENT_PHASE,0.0131,-0.0229
1166,8.861,-15.125,15.9809,0.5688,0.0132,-0.0759,-0.0176,0.358,0.206,0.422,-15.3301,16.0003,0.2,0.0021,-0.0521,0.0,-0.2587,-0.018,-0.8207,0.8607,0.4681,1,1,2,0.969,0.549,0.451,0,0,0.0,2,DESCENT_PHASE,0.011,-0.0238
1167,8.87,-15.1248,15.9795,0.5684,0.0123,-0.0681,-0.0176,0.358,0.206,0.422,-15.3301,15.9994,0.2,0.0019,-0.0446,0.0,-0.259,-0.0101,-0.8206,0.8605,0.4946,1,1,2,0.969,0.545,0.455,0,0,0.0,2,DESCENT_PHASE,0.0104,-0.0235
1168,8.878,-15.1246,15.9783,0.5681,0.0106,-0.0613,-0.0176,0.358,0.206,0.422,-15.33,15.9987,0.2,0.0015,-0.0371,0.0,-0.259,-0.0016,-0.8206,0.8605,0.4644,1,1,2,0.969,0.55,0.45,0,0,0.0,2,DESCENT_PHASE,0.009,-0.0242
1169,8.886,-15.1244,15.9772,0.5677,0.0106,-0.0534,-0.0177,0.357,0.207,0.422,-15.33,15.9981,0.2,0.0012,-0.0296,0.0,-0.2597,0.0063,-0.8205,0.8606,0.4955,1,1,2,0.969,0.547,0.453,0,0,0.0,2,DESCENT_PHASE,0.0094,-0.0238
1170,8.894,-15.1242,15.9763,0.5674,0.0101,-0.0465,-0.0176,0.357,0.207,0.422,-15.33,15.9976,0.2,0.0009,-0.0221,0.0,-0.2602,0.0146,-0.8205,0.8609,0.4651,1,1,2,0.969,0.548,0.452,0,0,0.0,2,DESCENT_PHASE,0.0092,-0.0244
1171,8.901,-15.1239,15.9755,0.567,0.0108,-0.0382,-0.0178,0.357,0.207,0.421,-15.33,15.9973,0.2,0.0006,-0.0146,0.0,-0.2611,0.0224,-0.8203,0.8612,0.4828,1,1,2,0.969,0.546,0.454,0,0,0.0,2,DESCENT_PHASE,0.0102,-0.0237
1172,8.909,-15.1237,15.9749,0.5667,0.0105,-0.0308,-0.0183,0.356,0.207,0.421,-15.33,15.9972,0.2,0.0003,-0.0072,0.0,-0.2617,0.0305,-0.8194,0.8607,0.4541,1,1,2,0.969,0.548,0.452,0,0,0.0,2,DESCENT_PHASE,0.0102,-0.0237
1173,8.916,-15.1235,15.9744,0.5663,0.0116,-0.0228,-0.018,0.356,0.208,0.421,-15.33,15.9972,0.2,0.0,0.0004,0.0,-0.2629,0.0384,-0.8199,0.8618,0.4894,1,1,2,0.969,0.542,0.458,0,0,0.0,2,DESCENT_PHASE,0.0116,-0.0232
1174,8.924,-15.1233,15.9741,0.5659,0.0117,-0.0167,-0.0178,0.355,0.208,0.421,-15.33,15.9974,0.2,-0.0003,0.0079,0.0,-0.2637,0.0471,-0.8202,0.8628,0.4623,1,1,2,0.969,0.546,0.454,0,0,0.0,2,DESCENT_PHASE,0.012,-0.0246
1175,8.931,-15.123,15.9739,0.5656,0.0134,-0.0099,-0.0178,0.355,0.208,0.421,-15.33,15.9977,0.2,-0.0007,0.0154,0.0,-0.2652,0.0554,-0.8202,0.8638,0.497,1,1,2,0.969,0.54,0.46,0,0,0.0,2,DESCENT_PHASE,0.0141,-0.0252
1176,8.939,-15.1227,15.9738,0.5652,0.0144,-0.0045,-0.0176,0.355,0.209,0.421,-15.33,15.9981,0.2,-0.0009,0.0229,0.0,-0.2663,0.0645,-0.8205,0.865,0.4703,1,1,2,0.969,0.55,0.45,0,0,0.0,2,DESCENT_PHASE,0.0153,-0.0274
1177,8.946,-15.1224,15.9739,0.5649,0.0162,0.0019,-0.0179,0.354,0.209,0.421,-15.33,15.9987,0.2,-0.0013,0.0304,0.0,-0.2681,0.0732,-0.82,0.8658,0.5024,1,1,2,0.969,0.54,0.46,0,0,0.0,2,DESCENT_PHASE,0.0175,-0.0285
1178,8.954,-15.1221,15.974,0.5645,0.0164,0.0072,-0.0177,0.354,0.21,0.42,-15.3301,15.9995,0.2,-0.0016,0.0378,0.0,-0.269,0.0823,-0.8204,0.8673,0.4747,1,1,2,0.969,0.551,0.449,0,0,0.0,2,DESCENT_PHASE,0.018,-0.0307
1179,8.962,-15.1217,15.9743,0.5642,0.0178,0.0136,-0.0179,0.354,0.21,0.42,-15.3301,16.0004,0.2,-0.0019,0.0454,0.0,-0.2705,0.0911,-0.82,0.8683,0.5051,1,1,2,0.969,0.542,0.458,0,0,0.0,2,DESCENT_PHASE,0.0197,-0.0318
1180,8.971,-15.1213,15.9747,0.5638,0.0178,0.0193,-0.0177,0.353,0.211,0.42,-15.3302,16.0014,0.2,-0.0022,0.0528,0.0,-0.2715,0.1001,-0.8204,0.8699,0.4762,1,1,2,0.969,0.544,0.456,0,0,0.0,2,DESCENT_PHASE,0.02,-0.0336
1181,8.98,-15.121,15.9752,0.5635,0.0192,0.0264,-0.0177,0.353,0.211,0.42,-15.3302,16.0027,0.2,-0.0025,0.0603,0.0,-0.273,0.1085,-0.8204,0.8714,0.4976,1,1,2,0.969,0.544,0.456,0,0,0.0,2,DESCENT_PHASE,0.0218,-0.0338
1182,8.99,-15.1206,15.9759,0.5631,0.0195,0.033,-0.0176,0.353,0.212,0.42,-15.3303,16.004,0.2,-0.0028,0.0678,0.0,-0.2741,0.1173,-0.8206,0.8731,0.4688,1,1,2,0.969,0.545,0.455,0,0,0.0,2,DESCENT_PHASE,0.0223,-0.0348
1183,8.999,-15.1202,15.9767,0.5627,0.0212,0.0405,-0.0177,0.352,0.212,0.42,-15.3303,16.0055,0.2,-0.0031,0.0753,0.0,-0.2759,0.1257,-0.8205,0.8747,0.5002,1,1,2,0.969,0.545,0.455,0,0,0.0,2,DESCENT_PHASE,0.0243,-0.0348
1184,9.008,-15.1197,15.9776,0.5624,0.0219,0.047,-0.0176,0.352,0.213,0.42,-15.3304,16.0072,0.2,-0.0034,0.0828,0.0,-0.2772,0.1344,-0.8206,0.8766,0.4714,1,1,2,0.969,0.546,0.454,0,0,0.0,2,DESCENT_PHASE,0.0253,-0.0357
1185,9.017,-15.1192,15.9787,0.562,0.0232,0.0549,-0.0175,0.352,0.213,0.42,-15.3305,16.009,0.2,-0.0037,0.0902,0.0,-0.2788,0.1426,-0.8207,0.8784,0.5008,1,1,2,0.97,0.547,0.453,0,0,0.0,2,DESCENT_PHASE,0.027,-0.0353
1186,9.026,-15.1188,15.9799,0.5617,0.0229,0.062,-0.0175,0.351,0.214,0.42,-15.3305,16.0109,0.2,-0.0041,0.0977,0.0,-0.2798,0.1511,-0.8208,0.8802,0.4724,1,1,2,0.97,0.549,0.451,0,0,0.0,2,DESCENT_PHASE,0.0269,-0.0356
1187,9.034,-15.1183,15.9814,0.5613,0.0235,0.0706,-0.0176,0.351,0.215,0.42,-15.3306,16.013,0.2,-0.0044,0.1052,0.0,-0.2812,0.159,-0.8205,0.8818,0.4864,1,1,2,0.97,0.546,0.454,0,0,0.0,2,DESCENT_PHASE,0.0279,-0.0346
1188,9.043,-15.1179,15.9829,0.561,0.0226,0.0787,-0.0176,0.35,0.215,0.42,-15.3307,16.0153,0.2,-0.0047,0.1126,0.0,-0.2819,0.167,-0.8206,0.8836,0.4584,1,1,2,0.969,0.55,0.45,0,0,0.0,2,DESCENT_PHASE,0.0272,-0.0339
1189,9.05,-15.1174,15.9847,0.5606,0.0227,0.0872,-0.0175,0.35,0.216,0.42,-15.3308,16.0177,0.2,-0.005,0.12,0.0,-0.2832,0.1747,-0.8207,0.8856,0.4896,1,1,2,0.969,0.543,0.457,0,0,0.0,2,DESCENT_PHASE,0.0277,-0.0328
1190,9.057,-15.117,15.9866,0.5603,0.0215,0.094,-0.0175,0.35,0.217,0.42,-15.3309,16.0202,0.2,-0.0053,0.1275,0.0,-0.2837,0.1834,-0.8208,0.8876,0.4619,1,1,2,0.969,0.548,0.452,0,0,0.0,2,DESCENT_PHASE,0.0267,-0.0335
1191,9.065,-15.1166,15.9886,0.5599,0.0215,0.1015,-0.0174,0.349,0.217,0.42,-15.331,16.0229,0.2,-0.0056,0.1349,0.0,-0.2848,0.1916,-0.8209,0.8897,0.4931,1,1,2,0.969,0.543,0.457,0,0,0.0,2,DESCENT_PHASE,0.0271,-0.0334
1192,9.072,-15.1161,15.9907,0.5596,0.0205,0.1077,-0.0174,0.349,0.218,0.42,-15.3312,16.0258,0.2,-0.0059,0.1424,0.0,-0.2855,0.2004,-0.8209,0.892,0.4656,1,1,2,0.969,0.549,0.451,0,0,0.0,2,DESCENT_PHASE,0.0264,-0.0347
1193,9.08,-15.1157,15.993,0.5592,0.021,0.1149,-0.0175,0.349,0.219,0.42,-15.3313,16.0288,0.2,-0.0062,0.1498,0.0,-0.2869,0.2088,-0.8207,0.8942,0.4972,1,1,2,0.969,0.544,0.456,0,0,0.0,2,DESCENT_PHASE,0.0272,-0.0349
1194,9.087,-15.1153,15.9955,0.5589,0.0206,0.1211,-0.0174,0.348,0.219,0.421,-15.3314,16.0319,0.2,-0.0065,0.1572,0.0,-0.2878,0.2175,-0.8209,0.8966,0.4697,1,1,2,0.969,0.55,0.45,0,0,0.0,2,DESCENT_PHASE,0.0271,-0.036
1195,9.094,-15.1149,15.998,0.5585,0.0209,0.1287,-0.0177,0.348,0.22,0.421,-15.3316,16.0352,0.2,-0.0068,0.1646,0.0,-0.289,0.2258,-0.8203,0.8986,0.4969,1,1,2,0.97,0.546,0.454,0,0,0.0,2,DESCENT_PHASE,0.0277,-0.0359
1196,9.101,-15.1145,16.0007,0.5582,0.0193,0.1356,-0.0176,0.348,0.22,0.421,-15.3317,16.0387,0.2,-0.0072,0.1719,0.0,-0.2895,0.2342,-0.8206,0.9011,0.4686,1,1,2,0.97,0.552,0.448,0,0,0.0,2,DESCENT_PHASE,0.0264,-0.0363
1197,9.109,-15.1141,16.0036,0.5571,0.0187,0.1424,-0.0541,0.347,0.221,0.42,-15.3318,16.0422,0.2,-0.0074,0.1794,0.0,-0.2903,0.2429,-0.7586,0.8478,0.4968,1,1,2,0.971,0.533,0.467,0,0,0.0,2,DESCENT_PHASE,0.0262,-0.037
1198,9.116,-15.1138,16.0066,0.5556,0.0167,0.1493,-0.0767,0.345,0.222,0.419,-15.332,16.046,0.2,-0.0078,0.1867,0.0,-0.2905,0.2513,-0.7201,0.8162,0.4625,1,1,2,0.971,0.538,0.462,0,0,0.0,2,DESCENT_PHASE,0.0245,-0.0374
1199,9.123,-15.1136,16.0097,0.5538,0.0113,0.1581,-0.0908,0.343,0.222,0.418,-15.3322,16.0499,0.2,-0.0081,0.1942,0.0,-0.2892,0.2591,-0.6962,0.7972,0.4917,1,1,2,0.971,0.535,0.465,0,0,0.0,2,DESCENT_PHASE,0.0193,-0.0361
1200,9.13,-15.1135,16.0131,0.5518,0.0034,0.1663,-0.0993,0.341,0.223,0.416,-15.3323,16.0539,0.2,-0.0083,0.2015,0.0,-0.2867,0.267,-0.6816,0.7862,0.4549,1,1,2,0.971,0.538,0.462,0,0,0.0,2,DESCENT_PHASE,0.0117,-0.0352
1201,9.138,-15.1137,16.0166,0.5497,-0.0088,0.1762,-0.1051,0.339,0.223,0.415,-15.3325,16.0581,0.2,-0.0087,0.2088,0.0,-0.2822,0.274,-0.6718,0.7785,0.4824,1,1,2,0.971,0.539,0.461,0,0,0.0,2,DESCENT_PHASE,-0.0001,-0.0326
1202,9.145,-15.1141,16.0203,0.5475,-0.023,0.1849,-0.1089,0.337,0.223,0.413,-15.3327,16.0624,0.2,-0.009,0.2162,0.0,-0.2764,0.2817,-0.6654,0.7736,0.4547,1,1,2,0.971,0.536,0.464,0,0,0.0,2,DESCENT_PHASE,-0.014,-0.0313
1203,9.153,-15.1149,16.0242,0.5453,-0.0379,0.1947,-0.1114,0.335,0.222,0.411,-15.3329,16.0669,0.2,-0.0093,0.2234,0.0,-0.27,0.2886,-0.6611,0.7702,0.4818,1,1,2,0.971,0.542,0.458,0,0,0.0,2,DESCENT_PHASE,-0.0286,-0.0288
1204,9.16,-15.116,16.0283,0.543,-0.0552,0.2034,-0.1135,0.332,0.221,0.408,-15.3331,16.0715,0.2,-0.0096,0.2308,0.0,-0.2622,0.296,-0.6576,0.7673,0.4534,1,1,2,0.971,0.539,0.461,0,0,0.0,2,DESCENT_PHASE,-0.0456,-0.0274
1205,9.167,-15.1175,16.0325,0.5407,-0.0723,0.2135,-0.115,0.33,0.22,0.406,-15.3333,16.0762,0.2,-0.0099,0.238,0.0,-0.2541,0.3027,-0.6551,0.765,0.4804,1,1,2,0.971,0.545,0.455,0,0,0.0,2,DESCENT_PHASE,-0.0624,-0.0245
1206,9.174,-15.1193,16.037,0.5384,-0.0904,0.2227,-0.1162,0.328,0.219,0.403,-15.3335,16.0811,0.2,-0.0102,0.2454,0.0,-0.245,0.3099,-0.653,0.7632,0.4542,1,1,2,0.971,0.544,0.456,0,0,0.0,2,DESCENT_PHASE,-0.0802,-0.0227
1207,9.182,-15.1215,16.0417,0.5367,-0.1097,0.2352,-0.0828,0.326,0.217,0.4,-15.3337,16.0862,0.2,-0.0105,0.2526,0.0,-0.2351,0.3154,-0.7097,0.8114,0.447,1,1,2,0.971,0.538,0.462,0,0,0.0,2,DESCENT_PHASE,-0.0991,-0.0174
1208,9.189,-15.124,16.0466,0.5355,-0.1288,0.2464,-0.0616,0.325,0.215,0.398,-15.3339,16.0914,0.2,-0.0108,0.2599,0.0,-0.2246,0.3214,-0.7457,0.8425,0.4742,1,1,2,0.972,0.535,0.465,0,0,0.0,2,DESCENT_PHASE,-0.118,-0.0135
1209,9.196,-15.1269,16.0517,0.5345,-0.1453,0.256,-0.0475,0.324,0.212,0.396,-15.3341,16.0967,0.2,-0.0111,0.2671,0.0,-0.2148,0.328,-0.7698,0.8638,0.4513,1,1,2,0.971,0.536,0.464,0,0,0.0,2,DESCENT_PHASE,-0.1341,-0.0111
1210,9.204,-15.1301,16.0571,0.5338,-0.1564,0.2663,-0.0387,0.323,0.209,0.394,-15.3343,16.1022,0.2,-0.0114,0.2744,0.0,-0.207,0.3342,-0.7848,0.8777,0.4793,1,1,2,0.972,0.536,0.464,0,0,0.0,2,DESCENT_PHASE,-0.145,-0.0081
1211,9.211,-15.1334,16.0626,0.5331,-0.1649,0.2751,-0.0316,0.323,0.206,0.392,-15.3346,16.1079,0.2,-0.0117,0.2815,0.0,-0.1999,0.3408,-0.7967,0.8893,0.4524,1,1,2,0.972,0.546,0.454,0,0,0.0,2,DESCENT_PHASE,-0.1532,-0.0064
1212,9.219,-15.1367,16.0683,0.5326,-0.1681,0.2847,-0.0269,0.322,0.203,0.39,-15.3348,16.1136,0.2,-0.012,0.2888,0.0,-0.195,0.3472,-0.8047,0.8978,0.4596,1,1,2,0.972,0.553,0.447,0,0,0.0,2,DESCENT_PHASE,-0.1562,-0.0041
1213,9.226,-15.1401,16.0741,0.5321,-0.1688,0.293,-0.0232,0.322,0.2,0.388,-15.3351,16.1195,0.2,-0.0123,0.296,0.0,-0.1912,0.3541,-0.8111,0.9054,0.4317,1,1,2,0.972,0.547,0.453,0,0,0.0,2,DESCENT_PHASE,-0.1565,-0.003
1214,9.234,-15.1434,16.0801,0.5317,-0.1644,0.3007,-0.0206,0.321,0.197,0.386,-15.3353,16.1256,0.2,-0.0126,0.3031,0.0,-0.1896,0.3609,-0.8155,0.9117,0.4644,1,1,2,0.972,0.548,0.452,0,0,0.0,2,DESCENT_PHASE,-0.1518,-0.0024
1215,9.242,-15.1465,16.0862,0.5313,-0.1575,0.3057,-0.0189,0.321,0.194,0.384,-15.3356,16.1318,0.2,-0.0129,0.3102,0.0,-0.1892,0.3691,-0.8184,0.9175,0.4286,1,1,2,0.972,0.544,0.456,0,0,0.0,2,DESCENT_PHASE,-0.1445,-0.0046
1216,9.249,-15.1495,16.0924,0.531,-0.1495,0.3106,-0.0176,0.32,0.192,0.383,-15.3358,16.1382,0.2,-0.0132,0.3175,0.0,-0.1894,0.3775,-0.8206,0.9229,0.462,1,1,2,0.972,0.544,0.456,0,0,0.0,2,DESCENT_PHASE,-0.1363,-0.0069
1217,9.257,-15.1523,16.0987,0.5306,-0.1382,0.3129,-0.0172,0.32,0.189,0.381,-15.3361,16.1447,0.2,-0.0135,0.3245,0.0,-0.1914,0.3868,-0.8213,0.9278,0.4468,1,1,2,0.972,0.54,0.46,0,0,0.0,2,DESCENT_PHASE,-0.1247,-0.0117
1218,9.264,-15.1548,16.105,0.5303,-0.1256,0.3151,-0.0169,0.32,0.187,0.38,-15.3364,16.1513,0.2,-0.0138,0.3316,0.0,-0.1942,0.3963,-0.8217,0.9327,0.4789,1,1,2,0.972,0.543,0.457,0,0,0.0,2,DESCENT_PHASE,-0.1118,-0.0165
1219,9.272,-15.1571,16.1113,0.53,-0.1124,0.3164,-0.0168,0.319,0.186,0.379,-15.3367,16.1581,0.2,-0.0141,0.3386,0.0,-0.1976,0.4063,-0.822,0.938,0.4477,1,1,2,0.972,0.545,0.455,0,0,0.0,2,DESCENT_PHASE,-0.0983,-0.0222
1220,9.279,-15.159,16.1177,0.5296,-0.0981,0.3193,-0.0169,0.319,0.184,0.378,-15.3369,16.165,0.2,-0.0144,0.3458,0.0,-0.2019,0.4159,-0.8218,0.9429,0.4787,1,1,2,0.972,0.548,0.452,0,0,0.0,2,DESCENT_PHASE,-0.0837,-0.0265
1221,9.287,-15.1607,16.1242,0.5293,-0.085,0.3218,-0.017,0.319,0.183,0.377,-15.3372,16.172,0.2,-0.0146,0.3528,0.0,-0.2059,0.4255,-0.8216,0.9479,0.448,1,1,2,0.972,0.547,0.453,0,0,0.0,2,DESCENT_PHASE,-0.0704,-0.031
1222,9.294,-15.1621,16.1307,0.5289,-0.0704,0.3261,-0.0176,0.318,0.182,0.376,-15.3375,16.1792,0.2,-0.015,0.3598,0.0,-0.2111,0.4346,-0.8206,0.9523,0.4658,1,1,2,0.972,0.551,0.449,0,0,0.0,2,DESCENT_PHASE,-0.0554,-0.0338
1223,9.302,-15.1633,16.1373,0.5286,-0.0567,0.3302,-0.0178,0.318,0.181,0.375,-15.3378,16.1866,0.2,-0.0152,0.3669,0.0,-0.2161,0.4438,-0.8202,0.9573,0.4352,1,1,2,0.972,0.547,0.453,0,0,0.0,2,DESCENT_PHASE,-0.0415,-0.0367
1224,9.309,-15.1641,16.144,0.5282,-0.042,0.3353,-0.0182,0.318,0.181,0.375,-15.3382,16.194,0.2,-0.0155,0.3738,0.0,-0.2221,0.4525,-0.8195,0.9621,0.4672,1,1,2,0.972,0.553,0.447,0,0,0.0,2,DESCENT_PHASE,-0.0264,-0.0385
1225,9.316,-15.1647,16.1508,0.5278,-0.0288,0.3395,-0.0184,0.317,0.181,0.375,-15.3385,16.2017,0.2,-0.0158,0.3808,0.0,-0.2277,0.4617,-0.8191,0.9674,0.4369,1,1,2,0.972,0.551,0.449,0,0,0.0,2,DESCENT_PHASE,-0.013,-0.0413
1226,9.325,-15.165,16.1577,0.5275,-0.0153,0.345,-0.0186,0.317,0.181,0.374,-15.3388,16.2094,0.2,-0.0161,0.3877,0.0,-0.2337,0.4701,-0.8188,0.9727,0.4684,1,1,2,0.972,0.557,0.443,0,0,0.0,2,DESCENT_PHASE,0.0008,-0.0426
1227,9.332,-15.1651,16.1647,0.5271,-0.004,0.35,-0.0188,0.317,0.182,0.374,-15.3391,16.2173,0.2,-0.0164,0.3946,0.0,-0.2392,0.479,-0.8186,0.9782,0.4386,1,1,2,0.972,0.556,0.444,0,0,0.0,2,DESCENT_PHASE,0.0125,-0.0447
1228,9.339,-15.1649,16.1718,0.5267,0.008,0.3566,-0.0192,0.316,0.183,0.374,-15.3395,16.2253,0.2,-0.0167,0.4016,0.0,-0.2452,0.4873,-0.8179,0.9831,0.458,1,1,2,0.972,0.558,0.442,0,0,0.0,2,DESCENT_PHASE,0.0247,-0.045
1229,9.347,-15.1645,16.1791,0.5263,0.018,0.3629,-0.0191,0.316,0.184,0.374,-15.3398,16.2335,0.2,-0.017,0.4085,0.0,-0.2506,0.4955,-0.8181,0.9888,0.4288,1,1,2,0.972,0.553,0.447,0,0,0.0,2,DESCENT_PHASE,0.035,-0.0455
1230,9.354,-15.164,16.1865,0.526,0.0271,0.3703,-0.0188,0.315,0.185,0.375,-15.3401,16.2418,0.2,-0.0172,0.4153,0.0,-0.2559,0.5033,-0.8185,0.9943,0.4602,1,1,2,0.972,0.552,0.448,0,0,0.0,2,DESCENT_PHASE,0.0443,-0.0451
1231,9.361,-15.1633,16.194,0.5256,0.0327,0.3766,-0.0185,0.315,0.186,0.375,-15.3405,16.2503,0.2,-0.0175,0.4221,0.0,-0.2599,0.5114,-0.819,0.9999,0.4321,1,1,2,0.972,0.552,0.448,0,0,0.0,2,DESCENT_PHASE,0.0502,-0.0455
1232,9.369,-15.1626,16.2017,0.5252,0.0376,0.3842,-0.0182,0.315,0.187,0.375,-15.3408,16.2588,0.2,-0.0178,0.429,0.0,-0.2637,0.519,-0.8196,1.0053,0.463,1,1,2,0.972,0.552,0.448,0,0,0.0,2,DESCENT_PHASE,0.0555,-0.0448
1233,9.376,-15.1618,16.2095,0.5249,0.0394,0.3911,-0.0179,0.314,0.189,0.376,-15.3412,16.2675,0.2,-0.0181,0.4357,0.0,-0.2662,0.5268,-0.82,1.0104,0.436,1,1,2,0.972,0.553,0.447,0,0,0.0,2,DESCENT_PHASE,0.0574,-0.0446
1234,9.384,-15.161,16.2175,0.5245,0.0408,0.3997,-0.0178,0.314,0.19,0.376,-15.3416,16.2764,0.2,-0.0184,0.4425,0.0,-0.2687,0.5339,-0.8202,1.0149,0.4513,1,1,2,0.972,0.55,0.45,0,0,0.0,2,DESCENT_PHASE,0.0592,-0.0429
1235,9.391,-15.1602,16.2257,0.5242,0.0393,0.4078,-0.0177,0.314,0.191,0.376,-15.3419,16.2854,0.2,-0.0186,0.4493,0.0,-0.2699,0.5412,-0.8205,1.0192,0.424,1,1,2,0.972,0.549,0.451,0,0,0.0,2,DESCENT_PHASE,0.0579,-0.0415
1236,9.398,-15.1595,16.234,0.5238,0.0375,0.4167,-0.0175,0.313,0.193,0.377,-15.3423,16.2945,0.2,-0.0189,0.456,0.0,-0.271,0.5479,-0.8208,1.0234,0.4538,1,1,2,0.972,0.543,0.457,0,0,0.0,2,DESCENT_PHASE,0.0564,-0.0393
1237,9.406,-15.1588,16.2425,0.5235,0.0334,0.4242,-0.0174,0.313,0.194,0.377,-15.3427,16.3038,0.2,-0.0192,0.4626,0.0,-0.271,0.5552,-0.821,1.0274,0.4285,1,1,2,0.972,0.543,0.457,0,0,0.0,2,DESCENT_PHASE,0.0526,-0.0385
1238,9.413,-15.1582,16.2511,0.5231,0.0298,0.4325,-0.0173,0.313,0.195,0.377,-15.3431,16.3131,0.2,-0.0195,0.4693,0.0,-0.2711,0.5621,-0.8211,1.0313,0.4579,1,1,2,0.972,0.539,0.461,0,0,0.0,2,DESCENT_PHASE,0.0493,-0.0368
1239,9.42,-15.1577,16.2599,0.5228,0.0241,0.4398,-0.0173,0.312,0.196,0.378,-15.3435,16.3227,0.2,-0.0198,0.476,0.0,-0.2702,0.5694,-0.8211,1.0351,0.4333,1,1,2,0.972,0.54,0.46,0,0,0.0,2,DESCENT_PHASE,0.0438,-0.0361
1240,9.428,-15.1573,16.2689,0.5224,0.0192,0.4483,-0.0174,0.312,0.197,0.378,-15.3439,16.3323,0.2,-0.02,0.4827,0.0,-0.2695,0.5762,-0.8209,1.0385,0.4595,1,1,2,0.972,0.541,0.459,0,0,0.0,2,DESCENT_PHASE,0.0392,-0.0343
1241,9.435,-15.1571,16.278,0.5221,0.0125,0.4561,-0.0175,0.312,0.198,0.378,-15.3443,16.3421,0.2,-0.0203,0.4891,0.0,-0.268,0.5829,-0.8208,1.0418,0.4354,1,1,2,0.972,0.542,0.458,0,0,0.0,2,DESCENT_PHASE,0.0328,-0.0331
1242,9.442,-15.1569,16.2873,0.5217,0.007,0.4651,-0.0177,0.311,0.199,0.378,-15.3447,16.352,0.2,-0.0206,0.4957,0.0,-0.2667,0.5893,-0.8204,1.0447,0.4518,1,1,2,0.972,0.544,0.456,0,0,0.0,2,DESCENT_PHASE,0.0276,-0.0306
1243,9.45,-15.1569,16.2968,0.5214,-0.0002,0.4734,-0.0178,0.311,0.199,0.378,-15.3451,16.3621,0.2,-0.0209,0.5023,0.0,-0.2647,0.5959,-0.8202,1.0478,0.4281,1,1,2,0.972,0.539,0.461,0,0,0.0,2,DESCENT_PHASE,0.0207,-0.0289
1244,9.457,-15.1571,16.3064,0.521,-0.0061,0.4823,-0.0179,0.31,0.2,0.378,-15.3456,16.3722,0.2,-0.0211,0.5088,0.0,-0.2628,0.6016,-0.8195,1.05,0.4566,1,1,2,0.972,0.541,0.459,0,0,0.0,2,DESCENT_PHASE,0.015,-0.0265
1245,9.465,-15.1573,16.3162,0.5206,-0.0135,0.4898,-0.018,0.31,0.2,0.378,-15.346,16.3825,0.2,-0.0214,0.5154,0.0,-0.2595,0.6065,-0.8169,1.05,0.4333,1,1,2,0.972,0.541,0.459,0,0,0.0,2,DESCENT_PHASE,0.0079,-0.0255
1246,9.472,-15.1577,16.3262,0.5203,-0.0195,0.4981,-0.018,0.31,0.2,0.378,-15.3464,16.393,0.2,-0.0216,0.5217,0.0,-0.2567,0.6109,-0.8145,1.05,0.4616,1,1,2,0.972,0.546,0.454,0,0,0.0,2,DESCENT_PHASE,0.0022,-0.0235
1247,9.479,-15.1583,16.3363,0.5199,-0.0265,0.5054,-0.0181,0.309,0.2,0.377,-15.3469,16.4035,0.2,-0.0219,0.5282,0.0,-0.2533,0.6158,-0.8119,1.05,0.4387,1,1,2,0.972,0.543,0.457,0,0,0.0,2,DESCENT_PHASE,-0.0046,-0.0228
1248,9.486,-15.1589,16.3466,0.5195,-0.0318,0.5138,-0.0183,0.309,0.2,0.377,-15.3473,16.4142,0.2,-0.0222,0.5345,0.0,-0.2507,0.6201,-0.8094,1.05,0.4557,1,1,2,0.972,0.545,0.455,0,0,0.0,2,DESCENT_PHASE,-0.0096,-0.0208
1249,9.494,-15.1596,16.357,0.5192,-0.038,0.5214,-0.0183,0.309,0.2,0.377,-15.3477,16.425,0.2,-0.0225,0.5409,0.0,-0.2474,0.6245,-0.807,1.05,0.4329,1,1,2,0.972,0.553,0.447,0,0,0.0,2,DESCENT_PHASE,-0.0155,-0.0196
1250,9.501,-15.1605,16.3676,0.5188,-0.0422,0.5294,-0.0183,0.308,0.2,0.376,-15.3482,16.436,0.2,-0.0227,0.5473,0.0,-0.2448,0.6286,-0.8046,1.05,0.4608,1,1,2,0.972,0.553,0.447,0,0,0.0,2,DESCENT_PHASE,-0.0195,-0.0179
1251,9.509,-15.1614,16.3783,0.5185,-0.0473,0.5361,-0.0182,0.308,0.199,0.376,-15.3487,16.4471,0.2,-0.023,0.5536,0.0,-0.2417,0.633,-0.8021,1.05,0.4383,1,1,2,0.972,0.553,0.447,0,0,0.0,2,DESCENT_PHASE,-0.0243,-0.0175
1252,9.516,-15.1624,16.3892,0.5181,-0.0502,0.5435,-0.0188,0.308,0.199,0.375,-15.3491,16.4583,0.2,-0.0233,0.5598,0.0,-0.2397,0.6375,-0.7992,1.05,0.4613,1,1,2,0.972,0.55,0.45,0,0,0.0,2,DESCENT_PHASE,-0.0269,-0.0164
1253,9.524,-15.1635,16.4002,0.5177,-0.0536,0.5498,-0.0184,0.307,0.199,0.375,-15.3496,16.4696,0.2,-0.0235,0.5662,0.0,-0.237,0.6416,-0.7967,1.05,0.4347,1,1,2,0.972,0.552,0.448,0,0,0.0,2,DESCENT_PHASE,-0.03,-0.0164
1254,9.532,-15.1646,16.4113,0.5173,-0.0545,0.557,-0.0183,0.307,0.198,0.374,-15.3501,16.481,0.2,-0.0238,0.5723,0.0,-0.2354,0.6453,-0.7942,1.05,0.4505,1,1,2,0.972,0.547,0.453,0,0,0.0,2,DESCENT_PHASE,-0.0307,-0.0153
1255,9.54,-15.1657,16.4226,0.517,-0.0559,0.5633,-0.018,0.306,0.198,0.374,-15.3506,16.4926,0.2,-0.024,0.5785,0.0,-0.2335,0.6491,-0.7916,1.05,0.4233,1,1,2,0.972,0.552,0.448,0,0,0.0,2,DESCENT_PHASE,-0.0318,-0.0152
1256,9.548,-15.1668,16.434,0.5166,-0.0547,0.57,-0.0179,0.306,0.197,0.373,-15.351,16.5043,0.2,-0.0243,0.5847,0.0,-0.2327,0.6528,-0.7888,1.05,0.4496,1,1,2,0.972,0.549,0.451,0,0,0.0,2,DESCENT_PHASE,-0.0304,-0.0147
1257,9.555,-15.1679,16.4455,0.5163,-0.0537,0.5754,-0.0179,0.306,0.197,0.372,-15.3515,16.5161,0.2,-0.0246,0.5909,0.0,-0.2319,0.6569,-0.7857,1.05,0.4222,1,1,2,0.972,0.55,0.45,0,0,0.0,2,DESCENT_PHASE,-0.0292,-0.0155
1258,9.563,-15.1689,16.4571,0.5159,-0.0504,0.5817,-0.0179,0.305,0.196,0.372,-15.352,16.5281,0.2,-0.0248,0.5969,0.0,-0.232,0.6603,-0.7827,1.05,0.45,1,1,2,0.972,0.552,0.448,0,0,0.0,2,DESCENT_PHASE,-0.0257,-0.0152
1259,9.57,-15.1699,16.4689,0.5156,-0.0475,0.5869,-0.0177,0.305,0.196,0.372,-15.3525,16.5401,0.2,-0.025,0.603,0.0,-0.2319,0.664,-0.7796,1.05,0.4224,1,1,2,0.972,0.553,0.447,0,0,0.0,2,DESCENT_PHASE,-0.0225,-0.0161
1260,9.578,-15.1707,16.4807,0.5152,-0.0428,0.5933,-0.0178,0.305,0.196,0.371,-15.353,16.5523,0.2,-0.0253,0.609,0.0,-0.2328,0.6674,-0.7764,1.05,0.4337,1,1,2,0.972,0.551,0.449,0,0,0.0,2,DESCENT_PHASE,-0.0175,-0.0157
1261,9.585,-15.1715,16.4927,0.5148,-0.0389,0.599,-0.0178,0.304,0.196,0.371,-15.3535,16.5646,0.2,-0.0256,0.6149,0.0,-0.2335,0.6708,-0.7734,1.05,0.4132,1,1,2,0.972,0.547,0.453,0,0,0.0,2,DESCENT_PHASE,-0.0133,-0.0159
1262,9.593,-15.1721,16.5048,0.5145,-0.0331,0.6048,-0.0178,0.304,0.196,0.37,-15.3541,16.577,0.2,-0.0258,0.621,0.0,-0.2348,0.6741,-0.7701,1.05,0.4358,1,1,2,0.972,0.547,0.453,0,0,0.0,2,DESCENT_PHASE,-0.0073,-0.0162
1263,9.6,-15.1727,16.517,0.5141,-0.0285,0.6085,-0.0184,0.304,0.196,0.37,-15.3546,16.5895,0.2,-0.026,0.6269,0.0,-0.236,0.6782,-0.7661,1.05,0.4186,1,1,2,0.972,0.54,0.46,0,0,0.0,2,DESCENT_PHASE,-0.0025,-0.0183
1264,9.607,-15.1732,16.5292,0.5138,-0.0224,0.6121,-0.0183,0.303,0.196,0.37,-15.3551,16.6022,0.2,-0.0263,0.6329,0.0,-0.2375,0.6817,-0.7624,1.05,0.4519,1,1,2,0.972,0.543,0.457,0,0,0.0,2,DESCENT_PHASE,0.0039,-0.0208
1265,9.615,-15.1735,16.5415,0.5134,-0.0176,0.614,-0.018,0.303,0.196,0.37,-15.3556,16.615,0.2,-0.0266,0.6387,0.0,-0.2387,0.6855,-0.7587,1.05,0.4297,1,1,2,0.972,0.544,0.456,0,0,0.0,2,DESCENT_PHASE,0.009,-0.0247
1266,9.622,-15.1738,16.5538,0.513,-0.0121,0.6165,-0.0185,0.303,0.197,0.37,-15.3562,16.6279,0.2,-0.0268,0.6445,0.0,-0.2403,0.6896,-0.7545,1.05,0.4521,1,1,2,0.972,0.544,0.456,0,0,0.0,2,DESCENT_PHASE,0.0146,-0.028
1267,9.629,-15.1739,16.5662,0.5127,-0.0087,0.6178,-0.0181,0.302,0.197,0.37,-15.3567,16.6409,0.2,-0.027,0.6503,0.0,-0.2409,0.6934,-0.7508,1.05,0.4249,1,1,2,0.972,0.547,0.453,0,0,0.0,2,DESCENT_PHASE,0.0183,-0.0325
1268,9.637,-15.174,16.5786,0.5123,-0.0045,0.6198,-0.0178,0.302,0.198,0.37,-15.3573,16.654,0.2,-0.0272,0.656,0.0,-0.242,0.697,-0.7471,1.05,0.4503,1,1,2,0.972,0.543,0.457,0,0,0.0,2,DESCENT_PHASE,0.0227,-0.0362
1269,9.644,-15.1741,16.591,0.512,-0.0023,0.6207,-0.0176,0.301,0.199,0.37,-15.3578,16.6672,0.2,-0.0275,0.6618,0.0,-0.2424,0.701,-0.7432,1.05,0.4229,1,1,2,0.972,0.548,0.452,0,0,0.0,2,DESCENT_PHASE,0.0252,-0.041
1270,9.651,-15.174,16.6034,0.5116,0.001,0.6226,-0.0175,0.301,0.2,0.37,-15.3584,16.6806,0.2,-0.0277,0.6675,0.0,-0.2432,0.7048,-0.7393,1.05,0.449,1,1,2,0.972,0.545,0.455,0,0,0.0,2,DESCENT_PHASE,0.0287,-0.0449
1271,9.659,-15.174,16.6159,0.5113,0.0027,0.6237,-0.0174,0.301,0.201,0.37,-15.3589,16.694,0.2,-0.0279,0.6731,0.0,-0.2435,0.7088,-0.7354,1.05,0.4213,1,1,2,0.972,0.551,0.449,0,0,0.0,2,DESCENT_PHASE,0.0306,-0.0494
1272,9.666,-15.1739,16.6284,0.5109,0.0054,0.6261,-0.0173,0.3,0.202,0.371,-15.3595,16.7076,0.2,-0.0282,0.6787,0.0,-0.2443,0.7124,-0.7316,1.05,0.4475,1,1,2,0.972,0.549,0.451,0,0,0.0,2,DESCENT_PHASE,0.0337,-0.0527
1273,9.673,-15.1738,16.641,0.5106,0.0066,0.6279,-0.0175,0.3,0.203,0.371,-15.3601,16.7213,0.2,-0.0284,0.6843,0.0,-0.2445,0.7163,-0.7277,1.05,0.4202,1,1,2,0.972,0.552,0.448,0,0,0.0,2,DESCENT_PHASE,0.035,-0.0563
1274,9.681,-15.1736,16.6536,0.5102,0.0088,0.6314,-0.0173,0.3,0.204,0.371,-15.3606,16.7351,0.2,-0.0287,0.6899,0.0,-0.2452,0.7197,-0.7242,1.05,0.4478,1,1,2,0.973,0.552,0.448,0,0,0.0,2,DESCENT_PHASE,0.0375,-0.0585
1275,9.688,-15.1734,16.6663,0.5099,0.0096,0.6347,-0.0172,0.299,0.205,0.372,-15.3612,16.749,0.2,-0.0288,0.6953,0.0,-0.2453,0.723,-0.7208,1.05,0.4207,1,1,2,0.973,0.555,0.445,0,0,0.0,2,DESCENT_PHASE,0.0384,-0.0606
1276,9.696,-15.1732,16.6791,0.5095,0.0113,0.6399,-0.0172,0.299,0.206,0.372,-15.3618,16.763,0.2,-0.0291,0.7009,0.0,-0.2461,0.726,-0.7176,1.05,0.4397,1,1,2,0.973,0.553,0.447,0,0,0.0,2,DESCENT_PHASE,0.0405,-0.061
1277,9.703,-15.1729,16.692,0.5092,0.0114,0.6451,-0.0177,0.299,0.208,0.372,-15.3624,16.7771,0.2,-0.0293,0.7062,0.0,-0.2463,0.7293,-0.7141,1.05,0.4149,1,1,2,0.973,0.554,0.446,0,0,0.0,2,DESCENT_PHASE,0.0407,-0.0611
1278,9.711,-15.1727,16.705,0.5088,0.0126,0.6519,-0.0174,0.298,0.209,0.373,-15.363,16.7914,0.2,-0.0296,0.7116,0.0,-0.2469,0.7317,-0.7115,1.05,0.4452,1,1,2,0.974,0.556,0.444,0,0,0.0,2,DESCENT_PHASE,0.0422,-0.0597
1279,9.72,-15.1724,16.7182,0.5085,0.0122,0.6583,-0.0173,0.298,0.21,0.373,-15.3636,16.8057,0.2,-0.0298,0.717,0.0,-0.2469,0.7342,-0.7088,1.05,0.4222,1,1,2,0.974,0.554,0.446,0,0,0.0,2,DESCENT_PHASE,0.042,-0.0586
1280,9.727,-15.1722,16.7315,0.5081,0.0132,0.6665,-0.0175,0.298,0.211,0.374,-15.3642,16.8202,0.2,-0.03,0.7223,0.0,-0.2476,0.7366,-0.7062,1.05,0.4297,1,1,2,0.974,0.555,0.445,0,0,0.0,2,DESCENT_PHASE,0.0432,-0.0559
1281,9.735,-15.1719,16.745,0.5078,0.0129,0.6745,-0.0174,0.297,0.213,0.374,-15.3648,16.8347,0.2,-0.0302,0.7276,0.0,-0.2478,0.7387,-0.7039,1.05,0.4089,1,1,2,0.973,0.557,0.443,0,0,0.0,2,DESCENT_PHASE,0.0431,-0.0531
1282,9.743,-15.1716,16.7587,0.5074,0.0133,0.6827,-0.0173,0.297,0.214,0.375,-15.3654,16.8494,0.2,-0.0304,0.7328,0.0,-0.2483,0.7407,-0.7016,1.05,0.4383,1,1,2,0.974,0.555,0.445,0,0,0.0,2,DESCENT_PHASE,0.0437,-0.0501
1283,9.75,-15.1714,16.7725,0.5071,0.0116,0.6894,-0.0172,0.297,0.215,0.375,-15.366,16.8641,0.2,-0.0307,0.738,0.0,-0.248,0.743,-0.6992,1.05,0.4173,1,1,2,0.973,0.558,0.442,0,0,0.0,2,DESCENT_PHASE,0.0423,-0.0487
1284,9.757,-15.1712,16.7864,0.5067,0.011,0.6966,-0.0173,0.296,0.216,0.375,-15.3666,16.879,0.2,-0.0309,0.7431,0.0,-0.2481,0.7452,-0.6969,1.05,0.4453,1,1,2,0.974,0.552,0.448,0,0,0.0,2,DESCENT_PHASE,0.0419,-0.0465
1285,9.764,-15.171,16.8005,0.5064,0.0087,0.7027,-0.0172,0.296,0.217,0.376,-15.3672,16.894,0.2,-0.0311,0.7483,0.0,-0.2475,0.7476,-0.6945,1.05,0.4247,1,1,2,0.973,0.557,0.443,0,0,0.0,2,DESCENT_PHASE,0.0398,-0.0457
1286,9.772,-15.1709,16.8147,0.506,0.0077,0.7095,-0.0178,0.296,0.218,0.376,-15.3679,16.909,0.2,-0.0313,0.7533,0.0,-0.2476,0.75,-0.6919,1.05,0.4441,1,1,2,0.974,0.557,0.443,0,0,0.0,2,DESCENT_PHASE,0.039,-0.0438
1287,9.779,-15.1708,16.829,0.5057,0.0052,0.7155,-0.0175,0.295,0.219,0.376,-15.3685,16.9242,0.2,-0.0315,0.7584,0.0,-0.2469,0.7522,-0.6897,1.05,0.4173,1,1,2,0.973,0.554,0.446,0,0,0.0,2,DESCENT_PHASE,0.0367,-0.0429
1288,9.786,-15.1707,16.8434,0.5053,0.0042,0.7222,-0.0174,0.295,0.22,0.377,-15.3691,16.9395,0.2,-0.0317,0.7634,0.0,-0.2467,0.7542,-0.6876,1.05,0.4395,1,1,2,0.974,0.556,0.444,0,0,0.0,2,DESCENT_PHASE,0.0359,-0.0412
1289,9.793,-15.1706,16.8579,0.5043,0.0023,0.7269,-0.0545,0.294,0.221,0.376,-15.3698,16.9548,0.2,-0.0319,0.7684,0.0,-0.2542,0.7816,-0.6534,1.05,0.4173,1,1,2,0.974,0.558,0.442,0,0,0.0,2,DESCENT_PHASE,0.0342,-0.0415
1290,9.801,-15.1706,16.8726,0.5027,0.0017,0.7331,-0.0771,0.292,0.222,0.376,-15.3704,16.9703,0.2,-0.0321,0.7732,0.0,-0.2591,0.7988,-0.6303,1.05,0.4516,1,1,2,0.974,0.545,0.455,0,0,0.0,2,DESCENT_PHASE,0.0338,-0.0401
1291,9.808,-15.1706,16.8874,0.5009,0.0001,0.7391,-0.091,0.29,0.223,0.375,-15.371,16.9859,0.2,-0.0323,0.7781,0.0,-0.2616,0.8101,-0.6146,1.05,0.4255,1,1,2,0.974,0.543,0.457,0,0,0.0,2,DESCENT_PHASE,0.0325,-0.039
1292,9.815,-15.1707,16.9023,0.4989,-0.004,0.7474,-0.0994,0.288,0.224,0.374,-15.3717,17.0015,0.2,-0.0325,0.7829,0.0,-0.2621,0.8174,-0.6047,1.05,0.4519,1,1,2,0.974,0.543,0.457,0,0,0.0,2,DESCENT_PHASE,0.0285,-0.0355
1293,9.823,-15.1709,16.9175,0.4968,-0.0122,0.7558,-0.1047,0.286,0.225,0.372,-15.3723,17.0173,0.2,-0.0327,0.7877,0.0,-0.2604,0.8229,-0.598,1.05,0.4313,1,1,2,0.974,0.544,0.456,0,0,0.0,2,DESCENT_PHASE,0.0205,-0.0319
1294,9.83,-15.1714,16.9328,0.4946,-0.0215,0.7663,-0.1087,0.284,0.225,0.371,-15.373,17.0331,0.2,-0.0329,0.7925,0.0,-0.258,0.8272,-0.593,1.05,0.453,1,1,2,0.974,0.553,0.447,0,0,0.0,2,DESCENT_PHASE,0.0114,-0.0262
1295,9.837,-15.172,16.9483,0.4924,-0.0346,0.7771,-0.111,0.282,0.225,0.369,-15.3737,17.0491,0.2,-0.0331,0.7972,0.0,-0.2537,0.8305,-0.5902,1.05,0.4192,1,1,2,0.974,0.553,0.447,0,0,0.0,2,DESCENT_PHASE,-0.0015,-0.02
1296,9.845,-15.173,16.9641,0.4902,-0.0485,0.7902,-0.113,0.28,0.225,0.367,-15.3743,17.0651,0.2,-0.0333,0.8018,0.0,-0.2491,0.8333,-0.5882,1.05,0.4219,1,1,2,0.974,0.554,0.446,0,0,0.0,2,DESCENT_PHASE,-0.0152,-0.0116
1297,9.852,-15.1743,16.9802,0.4879,-0.0635,0.8028,-0.1144,0.277,0.225,0.365,-15.375,17.0812,0.2,-0.0335,0.8064,0.0,-0.2435,0.8359,-0.587,1.05,0.4137,1,1,2,0.974,0.555,0.445,0,0,0.0,2,DESCENT_PHASE,-0.03,-0.0036
1298,9.86,-15.1759,16.9965,0.4856,-0.0797,0.8155,-0.1156,0.275,0.224,0.363,-15.3757,17.0974,0.2,-0.0337,0.811,0.0,-0.2372,0.8383,-0.5861,1.05,0.4422,1,1,2,0.974,0.557,0.443,0,0,0.0,2,DESCENT_PHASE,-0.046,0.0045
1299,9.867,-15.1778,17.013,0.4832,-0.0949,0.8276,-0.1164,0.273,0.223,0.36,-15.3764,17.1138,0.2,-0.0339,0.8156,0.0,-0.2307,0.8405,-0.5856,1.05,0.4016,1,1,2,0.974,0.557,0.443,0,0,0.0,2,DESCENT_PHASE,-0.061,0.012
1300,9.874,-15.18,17.0299,0.4809,-0.1112,0.841,-0.1173,0.27,0.221,0.357,-15.377,17.1302,0.2,-0.0341,0.82,0.0,-0.2237,0.8424,-0.5855,1.05,0.4319,1,1,2,0.974,0.557,0.443,0,0,0.0,2,DESCENT_PHASE,-0.0771,0.0211
1301,9.881,-15.1825,17.0469,0.4785,-0.1266,0.8527,-0.1188,0.268,0.219,0.354,-15.3777,17.1466,0.2,-0.0342,0.8245,0.0,-0.2166,0.8449,-0.5845,1.05,0.3952,1,1,2,0.974,0.554,0.446,0,0,0.0,2,DESCENT_PHASE,-0.0924,0.0283
1302,9.889,-15.1855,17.0643,0.4768,-0.146,0.868,-0.085,0.266,0.217,0.352,-15.3784,17.1632,0.2,-0.0344,0.8288,0.0,-0.2019,0.8228,-0.6203,1.05,0.4108,1,1,2,0.974,0.548,0.452,0,0,0.0,2,DESCENT_PHASE,-0.1115,0.0392
1303,9.896,-15.1887,17.0819,0.4755,-0.1631,0.8803,-0.0634,0.265,0.214,0.349,-15.3791,17.1799,0.2,-0.0346,0.8332,0.0,-0.1899,0.8091,-0.6417,1.05,0.3792,1,1,2,0.974,0.545,0.455,0,0,0.0,2,DESCENT_PHASE,-0.1285,0.047
1304,9.903,-15.1922,17.0997,0.4746,-0.1755,0.8913,-0.0483,0.264,0.211,0.346,-15.3798,17.1966,0.2,-0.0348,0.8374,0.0,-0.1804,0.7996,-0.6562,1.05,0.4168,1,1,2,0.974,0.558,0.442,0,0,0.0,2,DESCENT_PHASE,-0.1407,0.0539
1305,9.91,-15.1959,17.1177,0.4738,-0.1829,0.8984,-0.038,0.263,0.208,0.344,-15.3805,17.2135,0.2,-0.035,0.8418,0.0,-0.1732,0.7939,-0.665,1.05,0.3786,1,1,2,0.974,0.559,0.441,0,0,0.0,2,DESCENT_PHASE,-0.148,0.0565
1306,9.918,-15.1996,17.1358,0.4732,-0.1877,0.9045,-0.0307,0.263,0.205,0.341,-15.3812,17.2304,0.2,-0.0351,0.8459,0.0,-0.1673,0.7901,-0.671,1.05,0.4169,1,1,2,0.974,0.553,0.447,0,0,0.0,2,DESCENT_PHASE,-0.1526,0.0586
1307,9.925,-15.2034,17.1539,0.4727,-0.188,0.9065,-0.0258,0.262,0.202,0.339,-15.3819,17.2474,0.2,-0.0353,0.8501,0.0,-0.1632,0.7885,-0.674,1.05,0.4023,1,1,2,0.974,0.543,0.457,0,0,0.0,2,DESCENT_PHASE,-0.1527,0.0564
1308,9.932,-15.2071,17.172,0.4722,-0.1857,0.9073,-0.022,0.262,0.198,0.337,-15.3826,17.2645,0.2,-0.0355,0.8543,0.0,-0.1601,0.7877,-0.6756,1.05,0.4416,1,1,2,0.974,0.542,0.458,0,0,0.0,2,DESCENT_PHASE,-0.1503,0.053
1309,9.94,-15.2107,17.1902,0.4718,-0.1795,0.9057,-0.0197,0.261,0.195,0.335,-15.3833,17.2816,0.2,-0.0357,0.8583,0.0,-0.1586,0.788,-0.6756,1.05,0.4071,1,1,2,0.974,0.535,0.465,0,0,0.0,2,DESCENT_PHASE,-0.1439,0.0474
1310,9.947,-15.2141,17.2082,0.4715,-0.1712,0.9044,-0.0187,0.261,0.193,0.333,-15.384,17.2989,0.2,-0.0358,0.8623,0.0,-0.1581,0.7891,-0.6743,1.05,0.4435,1,1,2,0.974,0.539,0.461,0,0,0.0,2,DESCENT_PHASE,-0.1354,0.0421
1311,9.954,-15.2173,17.2263,0.4711,-0.1605,0.9008,-0.0175,0.261,0.19,0.331,-15.3848,17.3162,0.2,-0.036,0.8663,0.0,-0.1586,0.7905,-0.6727,1.05,0.3969,1,1,2,0.974,0.538,0.462,0,0,0.0,2,DESCENT_PHASE,-0.1245,0.0345
1312,9.961,-15.2203,17.2442,0.4708,-0.1489,0.8979,-0.0168,0.26,0.188,0.33,-15.3855,17.3336,0.2,-0.0362,0.8703,0.0,-0.1597,0.792,-0.6706,1.05,0.4324,1,1,2,0.974,0.541,0.459,0,0,0.0,2,DESCENT_PHASE,-0.1127,0.0276
1313,9.969,-15.223,17.2621,0.4705,-0.1349,0.8927,-0.0168,0.26,0.186,0.328,-15.3862,17.3511,0.2,-0.0363,0.8741,0.0,-0.1618,0.7941,-0.6676,1.05,0.4032,1,1,2,0.974,0.541,0.459,0,0,0.0,2,DESCENT_PHASE,-0.0986,0.0185
1314,9.976,-15.2254,17.2798,0.4701,-0.12,0.8878,-0.017,0.26,0.184,0.327,-15.3869,17.3687,0.2,-0.0365,0.878,0.0,-0.1646,0.7963,-0.6643,1.05,0.4273,1,1,2,0.974,0.546,0.454,0,0,0.0,2,DESCENT_PHASE,-0.0835,0.0098
1315,9.983,-15.2275,17.2975,0.4698,-0.1065,0.8815,-0.0172,0.259,0.183,0.326,-15.3877,17.3863,0.2,-0.0366,0.8818,0.0,-0.1671,0.7988,-0.6607,1.05,0.3998,1,1,2,0.974,0.544,0.456,0,0,0.0,2,DESCENT_PHASE,-0.0699,-0.0002
1316,9.99,-15.2294,17.315,0.4694,-0.0912,0.8758,-0.0178,0.259,0.182,0.325,-15.3884,17.404,0.2,-0.0368,0.8856,0.0,-0.1704,0.8014,-0.6567,1.05,0.4297,1,1,2,0.974,0.542,0.458,0,0,0.0,2,DESCENT_PHASE,-0.0545,-0.0098
1317,9.997,-15.2309,17.3324,0.469,-0.077,0.869,-0.0185,0.259,0.182,0.325,-15.3892,17.4218,0.2,-0.037,0.8892,0.0,-0.1737,0.8041,-0.6525,1.05,0.4031,1,1,2,0.974,0.537,0.463,0,0,0.0,2,DESCENT_PHASE,-0.04,-0.0202
1318,10.005,-15.2322,17.3496,0.4687,-0.063,0.8634,-0.0186,0.258,0.182,0.324,-15.3899,17.4397,0.2,-0.0371,0.8928,0.0,-0.1771,0.8063,-0.6488,1.05,0.4287,1,1,2,0.974,0.542,0.458,0,0,0.0,2,DESCENT_PHASE,-0.0259,-0.0294
1319,10.012,-15.2332,17.3668,0.4683,-0.0514,0.8575,-0.0189,0.258,0.182,0.324,-15.3906,17.4576,0.2,-0.0372,0.8965,0.0,-0.1798,0.8088,-0.645,1.05,0.4017,1,1,2,0.974,0.539,0.461,0,0,0.0,2,DESCENT_PHASE,-0.0141,-0.0391
1320,10.019,-15.234,17.3838,0.4679,-0.0391,0.8531,-0.0189,0.257,0.182,0.324,-15.3914,17.4756,0.2,-0.0374,0.9,0.0,-0.183,0.8108,-0.6416,1.05,0.4279,1,1,2,0.974,0.541,0.459,0,0,0.0,2,DESCENT_PHASE,-0.0017,-0.0469
1321,10.026,-15.2346,17.4008,0.4675,-0.029,0.8485,-0.0189,0.257,0.183,0.324,-15.3921,17.4937,0.2,-0.0375,0.9035,0.0,-0.1856,0.8129,-0.6382,1.05,0.401,1,1,2,0.974,0.544,0.456,0,0,0.0,2,DESCENT_PHASE,0.0085,-0.055
1322,10.034,-15.2349,17.4177,0.4672,-0.0179,0.8458,-0.0191,0.257,0.184,0.324,-15.3929,17.5118,0.2,-0.0377,0.907,0.0,-0.1888,0.8148,-0.6348,1.05,0.4318,1,1,2,0.974,0.55,0.45,0,0,0.0,2,DESCENT_PHASE,0.0198,-0.0612
1323,10.041,-15.2351,17.4346,0.4668,-0.0086,0.8432,-0.019,0.256,0.185,0.325,-15.3936,17.53,0.2,-0.0378,0.9104,0.0,-0.1916,0.8165,-0.6317,1.05,0.3992,1,1,2,0.974,0.55,0.45,0,0,0.0,2,DESCENT_PHASE,0.0292,-0.0672
1324,10.048,-15.2351,17.4514,0.4664,-0.0004,0.843,-0.0187,0.256,0.186,0.325,-15.3944,17.5483,0.2,-0.038,0.9137,0.0,-0.1942,0.8178,-0.6292,1.05,0.4258,1,1,2,0.974,0.559,0.441,0,0,0.0,2,DESCENT_PHASE,0.0376,-0.0707
1325,10.055,-15.235,17.4683,0.466,0.0056,0.8431,-0.0187,0.256,0.188,0.326,-15.3952,17.5666,0.2,-0.0381,0.9171,0.0,-0.1963,0.8194,-0.6266,1.05,0.401,1,1,2,0.974,0.559,0.441,0,0,0.0,2,DESCENT_PHASE,0.0437,-0.0739
1326,10.063,-15.2347,17.4852,0.4657,0.0121,0.8456,-0.0183,0.255,0.19,0.326,-15.3959,17.585,0.2,-0.0382,0.9203,0.0,-0.1986,0.8203,-0.6246,1.05,0.425,1,1,2,0.974,0.562,0.438,0,0,0.0,2,DESCENT_PHASE,0.0503,-0.0747
1327,10.07,-15.2344,17.5022,0.4653,0.0163,0.8485,-0.0179,0.255,0.191,0.327,-15.3967,17.6035,0.2,-0.0384,0.9235,0.0,-0.2005,0.8213,-0.6228,1.05,0.4011,1,1,2,0.974,0.562,0.438,0,0,0.0,2,DESCENT_PHASE,0.0547,-0.075
1328,10.077,-15.234,17.5193,0.4649,0.0213,0.8537,-0.018,0.254,0.193,0.328,-15.3975,17.622,0.2,-0.0385,0.9267,0.0,-0.2027,0.8221,-0.621,1.05,0.4074,1,1,2,0.974,0.563,0.437,0,0,0.0,2,DESCENT_PHASE,0.0598,-0.073
1329,10.084,-15.2335,17.5365,0.4646,0.0243,0.8593,-0.0183,0.254,0.195,0.329,-15.3982,17.6406,0.2,-0.0386,0.9298,0.0,-0.2045,0.8231,-0.6191,1.05,0.3877,1,1,2,0.974,0.561,0.439,0,0,0.0,2,DESCENT_PHASE,0.0629,-0.0705
1330,10.092,-15.233,17.5538,0.4642,0.027,0.8658,-0.0182,0.254,0.197,0.329,-15.399,17.6593,0.2,-0.0388,0.9329,0.0,-0.2062,0.8236,-0.6178,1.05,0.4162,1,1,2,0.974,0.558,0.442,0,0,0.0,2,DESCENT_PHASE,0.0658,-0.0671
1331,10.1,-15.2324,17.5712,0.4639,0.0265,0.8712,-0.0177,0.253,0.199,0.33,-15.3998,17.678,0.2,-0.0389,0.9358,0.0,-0.2069,0.8241,-0.6169,1.05,0.3973,1,1,2,0.974,0.562,0.438,0,0,0.0,2,DESCENT_PHASE,0.0654,-0.0646
1332,10.107,-15.2319,17.5887,0.4635,0.0259,0.8776,-0.0173,0.253,0.2,0.331,-15.4006,17.6968,0.2,-0.039,0.9388,0.0,-0.2076,0.8246,-0.616,1.05,0.4253,1,1,2,0.974,0.56,0.44,0,0,0.0,2,DESCENT_PHASE,0.0649,-0.0612
1333,10.114,-15.2315,17.6064,0.4632,0.0224,0.8832,-0.017,0.253,0.202,0.332,-15.4014,17.7156,0.2,-0.0391,0.9418,0.0,-0.2073,0.8254,-0.6151,1.05,0.4079,1,1,2,0.974,0.556,0.444,0,0,0.0,2,DESCENT_PHASE,0.0615,-0.0585
1334,10.122,-15.2311,17.6242,0.4628,0.0192,0.8901,-0.0169,0.252,0.204,0.332,-15.4021,17.7345,0.2,-0.0392,0.9445,0.0,-0.2072,0.8259,-0.6143,1.05,0.4237,1,1,2,0.974,0.557,0.443,0,0,0.0,2,DESCENT_PHASE,0.0584,-0.0544
1335,10.129,-15.2308,17.6421,0.4625,0.0133,0.8965,-0.0177,0.252,0.205,0.333,-15.4029,17.7534,0.2,-0.0393,0.9474,0.0,-0.2063,0.8273,-0.6128,1.05,0.3966,1,1,2,0.974,0.553,0.447,0,0,0.0,2,DESCENT_PHASE,0.0526,-0.0509
1336,10.137,-15.2307,17.6602,0.4621,0.0077,0.9041,-0.0175,0.252,0.206,0.334,-15.4037,17.7725,0.2,-0.0395,0.9501,0.0,-0.2054,0.8278,-0.6124,1.05,0.419,1,1,2,0.974,0.559,0.441,0,0,0.0,2,DESCENT_PHASE,0.0472,-0.046
1337,10.144,-15.2307,17.6784,0.4618,0.0003,0.9109,-0.0174,0.251,0.207,0.334,-15.4045,17.7915,0.2,-0.0396,0.9528,0.0,-0.2038,0.8286,-0.6119,1.05,0.3979,1,1,2,0.974,0.557,0.443,0,0,0.0,2,DESCENT_PHASE,0.0398,-0.0419
1338,10.152,-15.2308,17.6968,0.4614,-0.0058,0.9187,-0.0175,0.251,0.208,0.334,-15.4053,17.8106,0.2,-0.0397,0.9555,0.0,-0.2025,0.8292,-0.6115,1.05,0.4199,1,1,2,0.974,0.558,0.442,0,0,0.0,2,DESCENT_PHASE,0.0338,-0.0368
1339,10.159,-15.231,17.7153,0.4611,-0.0134,0.9259,-0.0176,0.251,0.209,0.335,-15.4061,17.8298,0.2,-0.0398,0.9582,0.0,-0.2007,0.8299,-0.6111,1.05,0.399,1,1,2,0.974,0.556,0.444,0,0,0.0,2,DESCENT_PHASE,0.0264,-0.0323
1340,10.167,-15.2314,17.734,0.4607,-0.0193,0.9343,-0.0179,0.25,0.21,0.335,-15.4069,17.849,0.2,-0.0399,0.9606,0.0,-0.1994,0.8305,-0.6107,1.05,0.397,1,1,2,0.974,0.559,0.441,0,0,0.0,2,DESCENT_PHASE,0.0206,-0.0263
1341,10.174,-15.232,17.7529,0.4604,-0.0265,0.9423,-0.0186,0.25,0.21,0.335,-15.4077,17.8683,0.2,-0.04,0.9631,0.0,-0.1976,0.8314,-0.6101,1.05,0.3922,1,1,2,0.974,0.551,0.449,0,0,0.0,2,DESCENT_PHASE,0.0136,-0.0208
1342,10.181,-15.2326,17.7719,0.46,-0.0323,0.9499,-0.0187,0.249,0.211,0.335,-15.4085,17.8876,0.2,-0.0401,0.9656,0.0,-0.1961,0.8319,-0.6099,1.05,0.4127,1,1,2,0.974,0.559,0.441,0,0,0.0,2,DESCENT_PHASE,0.0078,-0.0157
1343,10.189,-15.2334,17.791,0.4596,-0.0396,0.9561,-0.0187,0.249,0.211,0.334,-15.4093,17.9069,0.2,-0.0402,0.9679,0.0,-0.1939,0.8325,-0.6099,1.05,0.3867,1,1,2,0.974,0.562,0.438,0,0,0.0,2,DESCENT_PHASE,0.0006,-0.0117
1344,10.196,-15.2343,17.8102,0.4592,-0.0455,0.9628,-0.0185,0.249,0.211,0.334,-15.4101,17.9263,0.2,-0.0403,0.9704,0.0,-0.192,0.8329,-0.6098,1.05,0.4079,1,1,2,0.974,0.562,0.438,0,0,0.0,2,DESCENT_PHASE,-0.0052,-0.0076
1345,10.204,-15.2353,17.8296,0.4589,-0.0519,0.9678,-0.0189,0.248,0.211,0.334,-15.4109,17.9458,0.2,-0.0404,0.9726,0.0,-0.1899,0.8337,-0.6093,1.05,0.3873,1,1,2,0.974,0.562,0.438,0,0,0.0,2,DESCENT_PHASE,-0.0115,-0.0047
1346,10.211,-15.2365,17.8491,0.4585,-0.0556,0.9732,-0.0185,0.248,0.21,0.333,-15.4117,17.9653,0.2,-0.0405,0.9748,0.0,-0.1886,0.834,-0.6094,1.05,0.4117,1,1,2,0.974,0.562,0.438,0,0,0.0,2,DESCENT_PHASE,-0.015,-0.0017
1347,10.218,-15.2376,17.8686,0.4581,-0.0595,0.9771,-0.0182,0.248,0.21,0.333,-15.4125,17.9848,0.2,-0.0406,0.977,0.0,-0.1869,0.8344,-0.6093,1.05,0.3923,1,1,2,0.974,0.559,0.441,0,0,0.0,2,DESCENT_PHASE,-0.0189,0.0001
1348,10.226,-15.2389,17.8882,0.4578,-0.0604,0.9814,-0.0181,0.247,0.21,0.332,-15.4134,18.0044,0.2,-0.0407,0.9791,0.0,-0.1863,0.8348,-0.6091,1.05,0.4173,1,1,2,0.974,0.559,0.441,0,0,0.0,2,DESCENT_PHASE,-0.0197,0.0023
1349,10.233,-15.2401,17.9079,0.4574,-0.0612,0.9847,-0.0179,0.247,0.209,0.332,-15.4142,18.024,0.2,-0.0407,0.9811,0.0,-0.1855,0.8351,-0.6088,1.05,0.3979,1,1,2,0.974,0.56,0.44,0,0,0.0,2,DESCENT_PHASE,-0.0205,0.0035
1350,10.242,-15.2413,17.9277,0.457,-0.0601,0.9886,-0.0178,0.247,0.209,0.331,-15.415,18.0437,0.2,-0.0409,0.9832,0.0,-0.1855,0.8354,-0.6085,1.05,0.418,1,1,2,0.974,0.559,0.441,0,0,0.0,2,DESCENT_PHASE,-0.0192,0.0053
1351,10.25,-15.2425,17.9475,0.4567,-0.0599,0.9916,-0.0177,0.246,0.208,0.331,-15.4158,18.0634,0.2,-0.0409,0.9852,0.0,-0.1851,0.8357,-0.6081,1.05,0.3989,1,1,2,0.974,0.56,0.44,0,0,0.0,2,DESCENT_PHASE,-0.019,0.0063
1352,10.257,-15.2436,17.9674,0.4563,-0.0576,0.9951,-0.018,0.246,0.208,0.33,-15.4166,18.0831,0.2,-0.041,0.9871,0.0,-0.1855,0.8361,-0.6075,1.05,0.4184,1,1,2,0.974,0.555,0.445,0,0,0.0,2,DESCENT_PHASE,-0.0165,0.0079
1353,10.265,-15.2447,17.9874,0.456,-0.056,0.9976,-0.0178,0.245,0.208,0.33,-15.4174,18.1029,0.2,-0.0411,0.989,0.0,-0.1856,0.8363,-0.6072,1.05,0.3983,1,1,2,0.974,0.556,0.444,0,0,0.0,2,DESCENT_PHASE,-0.0149,0.0087
1354,10.272,-15.2458,18.0074,0.4556,-0.0521,1.0005,-0.0179,0.245,0.207,0.329,-15.4183,18.1227,0.2,-0.0412,0.9908,0.0,-0.1866,0.8365,-0.6066,1.05,0.4216,1,1,2,0.974,0.555,0.445,0,0,0.0,2,DESCENT_PHASE,-0.0109,0.0098
1355,10.279,-15.2468,18.0274,0.4553,-0.0487,1.0024,-0.0177,0.245,0.207,0.329,-15.4191,18.1426,0.2,-0.0412,0.9926,0.0,-0.1873,0.8367,-0.6061,1.05,0.4014,1,1,2,0.974,0.559,0.441,0,0,0.0,2,DESCENT_PHASE,-0.0075,0.0098
1356,10.287,-15.2477,18.0475,0.4549,-0.0443,1.0048,-0.0177,0.244,0.207,0.328,-15.4199,18.1625,0.2,-0.0413,0.9942,0.0,-0.1885,0.8368,-0.6056,1.05,0.4253,1,1,2,0.974,0.555,0.445,0,0,0.0,2,DESCENT_PHASE,-0.003,0.0106
1357,10.294,-15.2485,18.0677,0.4546,-0.0415,1.0064,-0.0177,0.244,0.207,0.328,-15.4207,18.1824,0.2,-0.0414,0.9959,0.0,-0.1893,0.837,-0.6051,1.05,0.4052,1,1,2,0.974,0.555,0.445,0,0,0.0,2,DESCENT_PHASE,-0.0002,0.0105
1358,10.302,-15.2492,18.0878,0.4542,-0.0373,1.0088,-0.0182,0.244,0.207,0.328,-15.4216,18.2023,0.2,-0.0414,0.9975,0.0,-0.1906,0.8374,-0.6041,1.05,0.4113,1,1,2,0.974,0.557,0.443,0,0,0.0,2,DESCENT_PHASE,0.0041,0.0112
1359,10.309,-15.2499,18.108,0.4538,-0.0346,1.0105,-0.018,0.243,0.207,0.327,-15.4224,18.2223,0.2,-0.0415,0.999,0.0,-0.1914,0.8374,-0.6038,1.05,0.3893,1,1,2,0.974,0.557,0.443,0,0,0.0,2,DESCENT_PHASE,0.0069,0.0115
1360,10.316,-15.2505,18.1283,0.4535,-0.0305,1.012,-0.0178,0.243,0.207,0.327,-15.4232,18.2423,0.2,-0.0415,1.0005,0.0,-0.1927,0.8374,-0.6034,1.05,0.412,1,1,2,0.974,0.55,0.45,0,0,0.0,2,DESCENT_PHASE,0.011,0.0115
1361,10.324,-15.2511,18.1485,0.4531,-0.028,1.0118,-0.0176,0.243,0.207,0.327,-15.4241,18.2624,0.2,-0.0416,1.002,0.0,-0.1936,0.8377,-0.6028,1.05,0.3899,1,1,2,0.974,0.553,0.447,0,0,0.0,2,DESCENT_PHASE,0.0136,0.0098
1362,10.331,-15.2516,18.1688,0.4528,-0.0239,1.0117,-0.0177,0.242,0.207,0.327,-15.4249,18.2824,0.2,-0.0417,1.0034,0.0,-0.1949,0.838,-0.6019,1.05,0.4185,1,1,2,0.974,0.555,0.445,0,0,0.0,2,DESCENT_PHASE,0.0178,0.0083
1363,10.338,-15.252,18.189,0.4524,-0.021,1.0101,-0.0176,0.242,0.208,0.327,-15.4257,18.3025,0.2,-0.0417,1.0046,0.0,-0.1959,0.8383,-0.6011,1.05,0.3956,1,1,2,0.974,0.554,0.446,0,0,0.0,2,DESCENT_PHASE,0.0208,0.0055
1364,10.345,-15.2523,18.2091,0.4521,-0.0179,1.0092,-0.0175,0.242,0.208,0.327,-15.4266,18.3226,0.2,-0.0418,1.0059,0.0,-0.1971,0.8386,-0.6004,1.05,0.4191,1,1,2,0.974,0.56,0.44,0,0,0.0,2,DESCENT_PHASE,0.0239,0.0033
1365,10.353,-15.2527,18.2293,0.4517,-0.0175,1.0075,-0.0174,0.241,0.208,0.327,-15.4274,18.3428,0.2,-0.0418,1.0072,0.0,-0.1974,0.8391,-0.5996,1.05,0.3968,1,1,2,0.974,0.558,0.442,0,0,0.0,2,DESCENT_PHASE,0.0243,0.0003
1366,10.36,-15.253,18.2494,0.4514,-0.0166,1.0068,-0.0173,0.241,0.209,0.327,-15.4282,18.363,0.2,-0.0419,1.0083,0.0,-0.1979,0.8394,-0.5989,1.05,0.4203,1,1,2,0.974,0.561,0.439,0,0,0.0,2,DESCENT_PHASE,0.0252,-0.0015
1367,10.368,-15.2534,18.2695,0.451,-0.0181,1.0055,-0.0172,0.241,0.209,0.327,-15.4291,18.3831,0.2,-0.042,1.0094,0.0,-0.1977,0.8399,-0.5983,1.05,0.398,1,1,2,0.974,0.561,0.439,0,0,0.0,2,DESCENT_PHASE,0.0239,-0.0039
1368,10.375,-15.2538,18.2896,0.4507,-0.0186,1.0054,-0.0172,0.24,0.21,0.327,-15.4299,18.4034,0.2,-0.042,1.0105,0.0,-0.1978,0.8403,-0.5977,1.05,0.4216,1,1,2,0.974,0.564,0.436,0,0,0.0,2,DESCENT_PHASE,0.0233,-0.0051
1369,10.382,-15.2542,18.3097,0.4503,-0.0212,1.005,-0.0172,0.24,0.21,0.327,-15.4308,18.4236,0.2,-0.042,1.0115,0.0,-0.1973,0.8408,-0.5972,1.05,0.3992,1,1,2,0.974,0.562,0.438,0,0,0.0,2,DESCENT_PHASE,0.0208,-0.0065
1370,10.39,-15.2546,18.3299,0.45,-0.0226,1.0061,-0.0173,0.24,0.21,0.327,-15.4316,18.4438,0.2,-0.0421,1.0124,0.0,-0.1971,0.8412,-0.5967,1.05,0.4082,1,1,2,0.974,0.566,0.434,0,0,0.0,2,DESCENT_PHASE,0.0194,-0.0064
1371,10.397,-15.2552,18.35,0.4496,-0.0257,1.007,-0.0179,0.239,0.211,0.327,-15.4324,18.4641,0.2,-0.0421,1.0133,0.0,-0.2077,0.888,-0.3928,0.9929,0.3889,1,1,2,0.974,0.563,0.437,0,0,0.0,2,DESCENT_PHASE,0.0164,-0.0063
1372,10.404,-15.2557,18.3702,0.4493,-0.0276,1.0085,-0.0177,0.239,0.211,0.327,-15.4333,18.4844,0.2,-0.0421,1.0141,0.0,-0.218,0.9349,-0.3929,1.0372,0.4179,1,1,2,0.974,0.561,0.439,0,0,0.0,2,DESCENT_PHASE,0.0145,-0.0056
1373,10.412,-15.2563,18.3904,0.4489,-0.0315,1.0088,-0.0175,0.238,0.211,0.327,-15.4341,18.5047,0.2,-0.0422,1.0149,0.0,-0.2197,0.9486,-0.3929,1.05,0.4019,1,1,2,0.974,0.56,0.44,0,0,0.0,2,DESCENT_PHASE,0.0106,-0.0061
1374,10.419,-15.257,18.4106,0.4486,-0.0342,1.0097,-0.0175,0.238,0.212,0.326,-15.435,18.525,0.2,-0.0422,1.0157,0.0,-0.219,0.9489,-0.3927,1.05,0.4189,1,1,2,0.974,0.56,0.44,0,0,0.0,2,DESCENT_PHASE,0.008,-0.006
1375,10.426,-15.2578,18.4307,0.4482,-0.0385,1.0097,-0.0181,0.238,0.212,0.326,-15.4358,18.5453,0.2,-0.0422,1.0163,0.0,-0.2175,0.9496,-0.3918,1.05,0.3962,1,1,2,0.974,0.567,0.433,0,0,0.0,2,DESCENT_PHASE,0.0037,-0.0066
1376,10.434,-15.2586,18.451,0.4479,-0.0415,1.0104,-0.0178,0.237,0.212,0.326,-15.4367,18.5657,0.2,-0.0422,1.0169,0.0,-0.2165,0.9497,-0.392,1.05,0.419,1,1,2,0.974,0.564,0.436,0,0,0.0,2,DESCENT_PHASE,0.0007,-0.0065
1377,10.441,-15.2595,18.4712,0.4475,-0.0463,1.0101,-0.0176,0.237,0.212,0.326,-15.4375,18.586,0.2,-0.0422,1.0175,0.0,-0.2147,0.9501,-0.392,1.05,0.3978,1,1,2,0.974,0.558,0.442,0,0,0.0,2,DESCENT_PHASE,-0.004,-0.0074
1378,10.448,-15.2605,18.4914,0.4472,-0.0496,1.0105,-0.0176,0.237,0.212,0.325,-15.4384,18.6064,0.2,-0.0423,1.018,0.0,-0.2134,0.9504,-0.392,1.05,0.4206,1,1,2,0.974,0.562,0.438,0,0,0.0,2,DESCENT_PHASE,-0.0073,-0.0074
1379,10.455,-15.2616,18.5116,0.4468,-0.0544,1.0102,-0.0175,0.236,0.212,0.325,-15.4392,18.6267,0.2,-0.0423,1.0184,0.0,-0.2115,0.9509,-0.392,1.05,0.3993,1,1,2,0.974,0.563,0.437,0,0,0.0,2,DESCENT_PHASE,-0.0121,-0.0082
1380,10.463,-15.2628,18.5318,0.4465,-0.0573,1.011,-0.0175,0.236,0.211,0.325,-15.44,18.6471,0.2,-0.0423,1.0189,0.0,-0.2102,0.9512,-0.3919,1.05,0.4223,1,1,2,0.974,0.566,0.434,0,0,0.0,2,DESCENT_PHASE,-0.015,-0.0079
1381,10.47,-15.264,18.552,0.4461,-0.0613,1.0113,-0.0174,0.236,0.211,0.324,-15.4409,18.6675,0.2,-0.0423,1.0191,0.0,-0.2085,0.9515,-0.392,1.05,0.4008,1,1,2,0.974,0.565,0.435,0,0,0.0,2,DESCENT_PHASE,-0.019,-0.0078
1382,10.478,-15.2653,18.5723,0.4458,-0.0632,1.0129,-0.0175,0.235,0.211,0.324,-15.4417,18.6879,0.2,-0.0423,1.0195,0.0,-0.2075,0.9517,-0.392,1.05,0.4134,1,1,2,0.974,0.562,0.438,0,0,0.0,2,DESCENT_PHASE,-0.0209,-0.0066
1383,10.485,-15.2666,18.5926,0.4454,-0.0659,1.0142,-0.0175,0.235,0.211,0.323,-15.4426,18.7083,0.2,-0.0423,1.0197,0.0,-0.2062,0.9519,-0.3922,1.05,0.3918,1,1,2,0.974,0.566,0.434,0,0,0.0,2,DESCENT_PHASE,-0.0236,-0.0054
1384,10.492,-15.2679,18.6129,0.4451,-0.0665,1.0163,-0.0174,0.235,0.21,0.323,-15.4434,18.7287,0.2,-0.0423,1.0199,0.0,-0.2056,0.952,-0.3924,1.05,0.4154,1,1,2,0.974,0.56,0.44,0,0,0.0,2,DESCENT_PHASE,-0.0241,-0.0036
1385,10.5,-15.2693,18.6332,0.4447,-0.0677,1.0175,-0.0173,0.234,0.21,0.322,-15.4443,18.7491,0.2,-0.0424,1.0201,0.0,-0.2047,0.9521,-0.3926,1.05,0.3937,1,1,2,0.974,0.562,0.438,0,0,0.0,2,DESCENT_PHASE,-0.0254,-0.0026
1386,10.507,-15.2706,18.6536,0.4444,-0.0665,1.0196,-0.0174,0.234,0.209,0.322,-15.4451,18.7695,0.2,-0.0423,1.0201,0.0,-0.2047,0.952,-0.3928,1.05,0.4092,1,1,2,0.974,0.559,0.441,0,0,0.0,2,DESCENT_PHASE,-0.0242,-0.0004
1387,10.514,-15.2719,18.674,0.444,-0.0658,1.0212,-0.0173,0.234,0.209,0.321,-15.446,18.7899,0.2,-0.0424,1.0201,0.0,-0.2047,0.9519,-0.3931,1.05,0.3874,1,1,2,0.974,0.563,0.437,0,0,0.0,2,DESCENT_PHASE,-0.0234,0.0011
1388,10.522,-15.2732,18.6945,0.4437,-0.0624,1.0232,-0.0175,0.233,0.209,0.321,-15.4468,18.8103,0.2,-0.0423,1.02,0.0,-0.2055,0.9517,-0.3932,1.05,0.4166,1,1,2,0.974,0.561,0.439,0,0,0.0,2,DESCENT_PHASE,-0.0201,0.0033
1389,10.529,-15.2743,18.715,0.4433,-0.0594,1.0242,-0.0174,0.233,0.208,0.32,-15.4477,18.8307,0.2,-0.0424,1.02,0.0,-0.2062,0.9514,-0.3933,1.05,0.3947,1,1,2,0.974,0.562,0.438,0,0,0.0,2,DESCENT_PHASE,-0.017,0.0042
1390,10.537,-15.2755,18.7355,0.443,-0.0552,1.0263,-0.0175,0.232,0.208,0.32,-15.4485,18.8511,0.2,-0.0423,1.0198,0.0,-0.2075,0.9511,-0.3935,1.05,0.4088,1,1,2,0.974,0.561,0.439,0,0,0.0,2,DESCENT_PHASE,-0.0129,0.0065
1391,10.544,-15.2765,18.7561,0.4426,-0.0527,1.028,-0.0175,0.232,0.208,0.319,-15.4494,18.8715,0.2,-0.0423,1.0195,0.0,-0.2083,0.9508,-0.3939,1.05,0.3874,1,1,2,0.974,0.562,0.438,0,0,0.0,2,DESCENT_PHASE,-0.0104,0.0085
1392,10.551,-15.2775,18.7767,0.4423,-0.049,1.0301,-0.0174,0.232,0.208,0.319,-15.4502,18.8918,0.2,-0.0423,1.0193,0.0,-0.2096,0.9504,-0.3942,1.05,0.4128,1,1,2,0.974,0.56,0.44,0,0,0.0,2,DESCENT_PHASE,-0.0066,0.0108
1393,10.559,-15.2784,18.7973,0.4419,-0.0469,1.0311,-0.0174,0.231,0.207,0.319,-15.4511,18.9122,0.2,-0.0423,1.019,0.0,-0.2103,0.9501,-0.3945,1.05,0.3918,1,1,2,0.974,0.562,0.438,0,0,0.0,2,DESCENT_PHASE,-0.0046,0.0121
1394,10.566,-15.2793,18.818,0.4416,-0.0434,1.0328,-0.0175,0.231,0.207,0.318,-15.4519,18.9326,0.2,-0.0423,1.0185,0.0,-0.2117,0.9496,-0.3948,1.05,0.4134,1,1,2,0.974,0.56,0.44,0,0,0.0,2,DESCENT_PHASE,-0.0011,0.0143
1395,10.573,-15.2801,18.8386,0.4412,-0.0411,1.0337,-0.0175,0.231,0.207,0.318,-15.4528,18.953,0.2,-0.0423,1.0181,0.0,-0.2126,0.9493,-0.3951,1.05,0.3929,1,1,2,0.974,0.563,0.437,0,0,0.0,2,DESCENT_PHASE,0.0012,0.0156
1396,10.581,-15.2809,18.8593,0.4409,-0.0371,1.0352,-0.0176,0.23,0.207,0.318,-15.4536,18.9733,0.2,-0.0423,1.0177,0.0,-0.2143,0.9488,-0.3954,1.05,0.4111,1,1,2,0.974,0.558,0.442,0,0,0.0,2,DESCENT_PHASE,0.0052,0.0176
1397,10.588,-15.2815,18.8801,0.4405,-0.0342,1.0359,-0.0176,0.23,0.207,0.317,-15.4544,18.9937,0.2,-0.0422,1.0171,0.0,-0.2156,0.9484,-0.3958,1.05,0.3908,1,1,2,0.974,0.559,0.441,0,0,0.0,2,DESCENT_PHASE,0.008,0.0188
1398,10.596,-15.2821,18.9008,0.4402,-0.0296,1.0367,-0.0177,0.23,0.207,0.317,-15.4553,19.014,0.2,-0.0422,1.0166,0.0,-0.2175,0.9479,-0.3959,1.05,0.4209,1,1,2,0.974,0.556,0.444,0,0,0.0,2,DESCENT_PHASE,0.0126,0.0201
1399,10.603,-15.2827,18.9215,0.4398,-0.0261,1.0363,-0.0176,0.229,0.207,0.317,-15.4561,19.0343,0.2,-0.0422,1.0159,0.0,-0.2192,0.9473,-0.3962,1.05,0.4009,1,1,2,0.974,0.563,0.437,0,0,0.0,2,DESCENT_PHASE,0.0161,0.0205
1400,10.61,-15.2831,18.9423,0.4395,-0.0219,1.0367,-0.0176,0.229,0.207,0.317,-15.457,19.0546,0.2,-0.0422,1.0151,0.0,-0.2212,0.9467,-0.3966,1.05,0.4236,1,1,2,0.974,0.558,0.442,0,0,0.0,2,DESCENT_PHASE,0.0202,0.0217
1401,10.618,-15.2835,18.963,0.4391,-0.02,1.0365,-0.0176,0.229,0.207,0.316,-15.4578,19.0749,0.2,-0.0422,1.0144,0.0,-0.2224,0.9463,-0.397,1.05,0.4044,1,1,2,0.974,0.562,0.438,0,0,0.0,2,DESCENT_PHASE,0.0222,0.022
1402,10.625,-15.2838,18.9837,0.4388,-0.0171,1.037,-0.0177,0.228,0.207,0.316,-15.4587,19.0952,0.2,-0.0421,1.0137,0.0,-0.2241,0.9458,-0.3972,1.05,0.4224,1,1,2,0.974,0.56,0.44,0,0,0.0,2,DESCENT_PHASE,0.025,0.0233
1403,10.634,-15.2842,19.0045,0.4384,-0.0162,1.0368,-0.0176,0.228,0.208,0.316,-15.4595,19.1154,0.2,-0.0421,1.0127,0.0,-0.2252,0.9453,-0.3978,1.05,0.4031,1,1,2,0.974,0.563,0.437,0,0,0.0,2,DESCENT_PHASE,0.0258,0.0241
1404,10.642,-15.2844,19.0252,0.4381,-0.0143,1.037,-0.0175,0.228,0.208,0.316,-15.4603,19.1357,0.2,-0.042,1.0118,0.0,-0.2266,0.9447,-0.3985,1.05,0.4284,1,1,2,0.974,0.563,0.437,0,0,0.0,2,DESCENT_PHASE,0.0277,0.0253
1405,10.65,-15.2847,19.0459,0.4377,-0.0143,1.0362,-0.0174,0.227,0.208,0.316,-15.4612,19.1559,0.2,-0.042,1.0108,0.0,-0.2274,0.9443,-0.399,1.05,0.4095,1,1,2,0.974,0.562,0.438,0,0,0.0,2,DESCENT_PHASE,0.0277,0.0254
1406,10.657,-15.285,19.0666,0.4374,-0.0129,1.0361,-0.018,0.227,0.208,0.316,-15.462,19.1761,0.2,-0.042,1.0098,0.0,-0.2288,0.9441,-0.3986,1.05,0.4228,1,1,2,0.974,0.56,0.44,0,0,0.0,2,DESCENT_PHASE,0.0291,0.0262
1407,10.665,-15.2852,19.0873,0.437,-0.013,1.0351,-0.0178,0.227,0.208,0.316,-15.4629,19.1962,0.2,-0.0419,1.0087,0.0,-0.2295,0.9435,-0.3995,1.05,0.4006,1,1,2,0.974,0.558,0.442,0,0,0.0,2,DESCENT_PHASE,0.0289,0.0264
1408,10.672,-15.2855,19.108,0.4367,-0.0118,1.0344,-0.0175,0.226,0.209,0.315,-15.4637,19.2164,0.2,-0.0419,1.0075,0.0,-0.2308,0.9429,-0.4003,1.05,0.4231,1,1,2,0.974,0.558,0.442,0,0,0.0,2,DESCENT_PHASE,0.0301,0.0269
1409,10.68,-15.2857,19.1287,0.4363,-0.012,1.0324,-0.0174,0.226,0.209,0.315,-15.4645,19.2365,0.2,-0.0418,1.0064,0.0,-0.2315,0.9425,-0.4008,1.05,0.4006,1,1,2,0.974,0.558,0.442,0,0,0.0,2,DESCENT_PHASE,0.0298,0.026
1410,10.687,-15.2859,19.1493,0.436,-0.0106,1.0309,-0.0174,0.225,0.209,0.315,-15.4654,19.2566,0.2,-0.0417,1.0051,0.0,-0.2328,0.942,-0.4012,1.05,0.427,1,1,2,0.974,0.559,0.441,0,0,0.0,2,DESCENT_PHASE,0.0312,0.0259
1411,10.694,-15.2861,19.1699,0.4356,-0.0102,1.0284,-0.0174,0.225,0.209,0.315,-15.4662,19.2767,0.2,-0.0417,1.0038,0.0,-0.2337,0.9416,-0.4016,1.05,0.4038,1,1,2,0.974,0.564,0.436,0,0,0.0,2,DESCENT_PHASE,0.0315,0.0246
1412,10.702,-15.2863,19.1904,0.4353,-0.0091,1.027,-0.0173,0.225,0.21,0.315,-15.467,19.2967,0.2,-0.0416,1.0024,0.0,-0.235,0.941,-0.4022,1.05,0.421,1,1,2,0.974,0.559,0.441,0,0,0.0,2,DESCENT_PHASE,0.0325,0.0246
1413,10.709,-15.2865,19.2109,0.4349,-0.01,1.025,-0.0179,0.224,0.21,0.315,-15.4679,19.3168,0.2,-0.0416,1.001,0.0,-0.2356,0.941,-0.4019,1.05,0.4,1,1,2,0.974,0.561,0.439,0,0,0.0,2,DESCENT_PHASE,0.0316,0.024
1414,10.716,-15.2867,19.2314,0.4346,-0.0099,1.0237,-0.0176,0.224,0.21,0.315,-15.4687,19.3368,0.2,-0.0415,0.9995,0.0,-0.2365,0.9403,-0.4029,1.05,0.4277,1,1,2,0.974,0.563,0.437,0,0,0.0,2,DESCENT_PHASE,0.0316,0.0242
1415,10.724,-15.287,19.2518,0.4342,-0.0117,1.0215,-0.0174,0.224,0.211,0.315,-15.4695,19.3567,0.2,-0.0415,0.998,0.0,-0.2367,0.94,-0.4036,1.05,0.4083,1,1,2,0.974,0.566,0.434,0,0,0.0,2,DESCENT_PHASE,0.0297,0.0235
1416,10.731,-15.2872,19.2722,0.4339,-0.0124,1.0202,-0.0173,0.223,0.211,0.315,-15.4704,19.3766,0.2,-0.0414,0.9965,0.0,-0.2373,0.9395,-0.4044,1.05,0.4337,1,1,2,0.974,0.564,0.436,0,0,0.0,2,DESCENT_PHASE,0.0289,0.0237
1417,10.738,-15.2875,19.2926,0.4335,-0.0148,1.0182,-0.0172,0.223,0.211,0.315,-15.4712,19.3965,0.2,-0.0413,0.9948,0.0,-0.2373,0.9392,-0.4051,1.05,0.4148,1,1,2,0.974,0.559,0.441,0,0,0.0,2,DESCENT_PHASE,0.0265,0.0235
1418,10.746,-15.2878,19.3129,0.4332,-0.0157,1.0173,-0.0179,0.223,0.211,0.315,-15.472,19.4164,0.2,-0.0413,0.9932,0.0,-0.2381,0.939,-0.4051,1.05,0.4263,1,1,2,0.974,0.563,0.437,0,0,0.0,2,DESCENT_PHASE,0.0256,0.0241
1419,10.753,-15.2882,19.3332,0.4328,-0.018,1.0158,-0.0176,0.222,0.211,0.314,-15.4728,19.4362,0.2,-0.0412,0.9913,0.0,-0.238,0.9385,-0.4062,1.05,0.4048,1,1,2,0.974,0.563,0.437,0,0,0.0,2,DESCENT_PHASE,0.0231,0.0245
1420,10.76,-15.2886,19.3535,0.4325,-0.0189,1.0145,-0.0174,0.222,0.212,0.314,-15.4736,19.456,0.2,-0.0411,0.9896,0.0,-0.2385,0.938,-0.4072,1.05,0.4294,1,1,2,0.974,0.559,0.441,0,0,0.0,2,DESCENT_PHASE,0.0222,0.0249
1421,10.768,-15.289,19.3738,0.4321,-0.0213,1.0119,-0.0173,0.222,0.212,0.314,-15.4745,19.4758,0.2,-0.0411,0.9878,0.0,-0.2384,0.9377,-0.4079,1.05,0.4079,1,1,2,0.974,0.563,0.437,0,0,0.0,2,DESCENT_PHASE,0.0198,0.0241
1422,10.775,-15.2894,19.394,0.4318,-0.0219,1.0097,-0.0172,0.221,0.212,0.314,-15.4753,19.4955,0.2,-0.0409,0.9858,0.0,-0.2389,0.9372,-0.4088,1.05,0.4328,1,1,2,0.974,0.564,0.436,0,0,0.0,2,DESCENT_PHASE,0.019,0.0239
1423,10.782,-15.2899,19.4141,0.4314,-0.0236,1.0064,-0.0172,0.221,0.212,0.314,-15.4761,19.5152,0.2,-0.0409,0.9839,0.0,-0.239,0.9369,-0.4094,1.05,0.4111,1,1,2,0.974,0.559,0.441,0,0,0.0,2,DESCENT_PHASE,0.0173,0.0225
1424,10.79,-15.2904,19.4342,0.4311,-0.0233,1.0039,-0.0173,0.221,0.212,0.314,-15.4769,19.5348,0.2,-0.0408,0.9819,0.0,-0.2397,0.9365,-0.41,1.05,0.4391,1,1,2,0.974,0.558,0.442,0,0,0.0,2,DESCENT_PHASE,0.0175,0.022
1425,10.797,-15.2908,19.4542,0.4307,-0.0237,1.0005,-0.0172,0.22,0.212,0.313,-15.4777,19.5544,0.2,-0.0407,0.9799,0.0,-0.2401,0.9361,-0.4106,1.05,0.4169,1,1,2,0.974,0.563,0.437,0,0,0.0,2,DESCENT_PHASE,0.017,0.0206
1426,10.804,-15.2913,19.4741,0.4304,-0.0229,0.9983,-0.0173,0.22,0.212,0.313,-15.4785,19.574,0.2,-0.0406,0.9777,0.0,-0.2411,0.9355,-0.4113,1.05,0.4336,1,1,2,0.974,0.56,0.44,0,0,0.0,2,DESCENT_PHASE,0.0177,0.0206
1427,10.812,-15.2918,19.4941,0.4301,-0.0237,0.9958,-0.0172,0.22,0.212,0.313,-15.4794,19.5935,0.2,-0.0405,0.9756,0.0,-0.2415,0.9351,-0.4121,1.05,0.4115,1,1,2,0.974,0.563,0.437,0,0,0.0,2,DESCENT_PHASE,0.0168,0.0202
1428,10.819,-15.2922,19.5139,0.4297,-0.0232,0.9941,-0.0172,0.219,0.212,0.313,-15.4802,19.6129,0.2,-0.0404,0.9733,0.0,-0.2425,0.9344,-0.413,1.05,0.4374,1,1,2,0.974,0.561,0.439,0,0,0.0,2,DESCENT_PHASE,0.0172,0.0208
1429,10.826,-15.2927,19.5338,0.4294,-0.0242,0.9915,-0.0172,0.219,0.213,0.313,-15.481,19.6324,0.2,-0.0403,0.971,0.0,-0.2428,0.934,-0.4138,1.05,0.4154,1,1,2,0.974,0.566,0.434,0,0,0.0,2,DESCENT_PHASE,0.0161,0.0205
1430,10.834,-15.2932,19.5536,0.429,-0.0236,0.9899,-0.0172,0.219,0.213,0.313,-15.4818,19.6517,0.2,-0.0402,0.9688,0.0,-0.2438,0.9334,-0.4146,1.05,0.4344,1,1,2,0.974,0.562,0.438,0,0,0.0,2,DESCENT_PHASE,0.0167,0.0211
1431,10.841,-15.2937,19.5733,0.4287,-0.0241,0.9878,-0.0172,0.218,0.213,0.312,-15.4826,19.6711,0.2,-0.0401,0.9664,0.0,-0.2444,0.9328,-0.4156,1.05,0.4123,1,1,2,0.974,0.562,0.438,0,0,0.0,2,DESCENT_PHASE,0.0161,0.0214
1432,10.848,-15.2941,19.5931,0.4283,-0.0228,0.9864,-0.0172,0.218,0.213,0.312,-15.4834,19.6904,0.2,-0.04,0.964,0.0,-0.2456,0.932,-0.4165,1.05,0.4398,1,1,2,0.974,0.559,0.441,0,0,0.0,2,DESCENT_PHASE,0.0172,0.0224
1433,10.856,-15.2946,19.6127,0.428,-0.0226,0.9841,-0.0172,0.217,0.213,0.312,-15.4842,19.7096,0.2,-0.04,0.9615,0.0,-0.2466,0.9314,-0.4174,1.05,0.4177,1,1,2,0.974,0.56,0.44,0,0,0.0,2,DESCENT_PHASE,0.0174,0.0226
1434,10.864,-15.295,19.6324,0.4276,-0.0207,0.9828,-0.0173,0.217,0.213,0.312,-15.485,19.7288,0.2,-0.0398,0.9589,0.0,-0.2481,0.9305,-0.4183,1.05,0.4303,1,1,2,0.974,0.559,0.441,0,0,0.0,2,DESCENT_PHASE,0.0191,0.0239
1435,10.871,-15.2954,19.652,0.4273,-0.0199,0.981,-0.0173,0.217,0.213,0.312,-15.4858,19.7479,0.2,-0.0397,0.9564,0.0,-0.2493,0.9298,-0.4194,1.05,0.4083,1,1,2,0.974,0.56,0.44,0,0,0.0,2,DESCENT_PHASE,0.0198,0.0245
1436,10.879,-15.2957,19.6716,0.4269,-0.0175,0.9793,-0.0174,0.216,0.213,0.311,-15.4866,19.767,0.2,-0.0396,0.9537,0.0,-0.2512,0.9288,-0.4203,1.05,0.4381,1,1,2,0.974,0.559,0.441,0,0,0.0,2,DESCENT_PHASE,0.0221,0.0257
1437,10.886,-15.2961,19.6911,0.4266,-0.0163,0.9762,-0.0173,0.216,0.214,0.311,-15.4874,19.786,0.2,-0.0395,0.9511,0.0,-0.2525,0.9281,-0.4213,1.05,0.4161,1,1,2,0.974,0.561,0.439,0,0,0.0,2,DESCENT_PHASE,0.0232,0.0251
1438,10.894,-15.2963,19.7106,0.4263,-0.0144,0.9738,-0.0172,0.216,0.214,0.311,-15.4881,19.8049,0.2,-0.0394,0.9483,0.0,-0.2541,0.9271,-0.4224,1.05,0.4434,1,1,2,0.974,0.562,0.438,0,0,0.0,2,DESCENT_PHASE,0.025,0.0255
1439,10.901,-15.2966,19.73,0.4259,-0.0146,0.9704,-0.0172,0.215,0.214,0.311,-15.4889,19.8239,0.2,-0.0392,0.9456,0.0,-0.255,0.9264,-0.4234,1.05,0.4218,1,1,2,0.974,0.561,0.439,0,0,0.0,2,DESCENT_PHASE,0.0246,0.0248
1440,10.908,-15.2969,19.7494,0.4256,-0.0138,0.9679,-0.0171,0.215,0.214,0.311,-15.4897,19.8427,0.2,-0.0391,0.9426,0.0,-0.2564,0.9255,-0.4245,1.05,0.449,1,1,2,0.974,0.559,0.441,0,0,0.0,2,DESCENT_PHASE,0.0253,0.0253
1441,10.916,-15.2972,19.7687,0.4252,-0.0148,0.9647,-0.0171,0.215,0.214,0.311,-15.4905,19.8615,0.2,-0.0391,0.9398,0.0,-0.2571,0.9248,-0.4255,1.05,0.4277,1,1,2,0.974,0.565,0.435,0,0,0.0,2,DESCENT_PHASE,0.0243,0.0248
1442,10.923,-15.2975,19.7879,0.4249,-0.0144,0.9627,-0.0175,0.214,0.215,0.311,-15.4913,19.8802,0.2,-0.0389,0.9369,0.0,-0.2584,0.9242,-0.4263,1.05,0.44,1,1,2,0.974,0.559,0.441,0,0,0.0,2,DESCENT_PHASE,0.0245,0.0258
1443,10.93,-15.2978,19.8071,0.4245,-0.0154,0.9602,-0.0174,0.214,0.215,0.311,-15.492,19.8989,0.2,-0.0388,0.9338,0.0,-0.2591,0.9233,-0.4277,1.05,0.4176,1,1,2,0.974,0.561,0.439,0,0,0.0,2,DESCENT_PHASE,0.0234,0.0264
1444,10.937,-15.2981,19.8263,0.4242,-0.0152,0.9581,-0.0172,0.214,0.215,0.311,-15.4928,19.9175,0.2,-0.0387,0.9309,0.0,-0.2603,0.9223,-0.4291,1.05,0.4438,1,1,2,0.974,0.561,0.439,0,0,0.0,2,DESCENT_PHASE,0.0235,0.0272
1445,10.945,-15.2984,19.8454,0.4238,-0.0164,0.9547,-0.0172,0.213,0.215,0.311,-15.4936,19.9361,0.2,-0.0385,0.9277,0.0,-0.2608,0.9215,-0.4304,1.05,0.4215,1,1,2,0.974,0.559,0.441,0,0,0.0,2,DESCENT_PHASE,0.0221,0.027
1446,10.952,-15.2988,19.8644,0.4235,-0.0161,0.9519,-0.0171,0.213,0.215,0.31,-15.4944,19.9546,0.2,-0.0384,0.9246,0.0,-0.262,0.9206,-0.4317,1.05,0.4481,1,1,2,0.974,0.561,0.439,0,0,0.0,2,DESCENT_PHASE,0.0223,0.0274
1447,10.959,-15.2991,19.8834,0.4232,-0.0168,0.9481,-0.0171,0.213,0.216,0.31,-15.4951,19.973,0.2,-0.0383,0.9214,0.0,-0.2628,0.9198,-0.4328,1.05,0.4256,1,1,2,0.974,0.561,0.439,0,0,0.0,2,DESCENT_PHASE,0.0215,0.0267
1448,10.966,-15.2994,19.9023,0.4228,-0.0157,0.9452,-0.0173,0.212,0.216,0.31,-15.4959,19.9914,0.2,-0.0381,0.9181,0.0,-0.2644,0.9189,-0.434,1.05,0.4545,1,1,2,0.974,0.565,0.435,0,0,0.0,2,DESCENT_PHASE,0.0225,0.0271
1449,10.974,-15.2997,19.9211,0.4225,-0.0154,0.9416,-0.0172,0.212,0.216,0.31,-15.4966,20.0097,0.2,-0.038,0.915,0.0,-0.2655,0.918,-0.4351,1.05,0.4318,1,1,2,0.974,0.565,0.435,0,0,0.0,2,DESCENT_PHASE,0.0226,0.0266
1450,10.981,-15.3,19.9399,0.4221,-0.0143,0.9393,-0.0173,0.212,0.216,0.31,-15.4974,20.0279,0.2,-0.0379,0.9115,0.0,-0.2671,0.9168,-0.4365,1.05,0.4464,1,1,2,0.974,0.564,0.436,0,0,0.0,2,DESCENT_PHASE,0.0236,0.0278
1451,10.989,-15.3003,19.9586,0.4218,-0.0152,0.9366,-0.0172,0.211,0.216,0.31,-15.4982,20.0461,0.2,-0.0377,0.9081,0.0,-0.268,0.9158,-0.4381,1.05,0.424,1,1,2,0.974,0.562,0.438,0,0,0.0,2,DESCENT_PHASE,0.0226,0.0285
1452,11.0,-15.3006,19.9773,0.4214,-0.0152,0.9346,-0.0171,0.211,0.216,0.31,-15.4989,20.0642,0.2,-0.0376,0.9048,0.0,-0.2692,0.9147,-0.4397,1.05,0.4512,1,1,2,0.974,0.566,0.434,0,0,0.0,2,DESCENT_PHASE,0.0223,0.0298
1453,11.007,-15.301,19.9959,0.4211,-0.0173,0.9314,-0.0171,0.211,0.217,0.31,-15.4997,20.0822,0.2,-0.0374,0.9012,0.0,-0.2697,0.9138,-0.4412,1.05,0.4291,1,1,2,0.974,0.567,0.433,0,0,0.0,2,DESCENT_PHASE,0.0202,0.0302
1454,11.015,-15.3013,20.0145,0.4207,-0.0182,0.9291,-0.0171,0.21,0.217,0.309,-15.5004,20.1001,0.2,-0.0373,0.8977,0.0,-0.2706,0.9128,-0.4429,1.05,0.4564,1,1,2,0.974,0.563,0.437,0,0,0.0,2,DESCENT_PHASE,0.0191,0.0314
1455,11.023,-15.3017,20.033,0.4204,-0.0207,0.9259,-0.0171,0.21,0.217,0.309,-15.5011,20.118,0.2,-0.0371,0.8941,0.0,-0.2708,0.9119,-0.4445,1.05,0.4345,1,1,2,0.974,0.564,0.436,0,0,0.0,2,DESCENT_PHASE,0.0165,0.0318
1456,11.03,-15.3022,20.0515,0.4201,-0.0218,0.9239,-0.0173,0.21,0.217,0.309,-15.5019,20.1358,0.2,-0.037,0.8904,0.0,-0.2716,0.9109,-0.446,1.05,0.4486,1,1,2,0.974,0.563,0.437,0,0,0.0,2,DESCENT_PHASE,0.0152,0.0335
1457,11.037,-15.3027,20.07,0.4197,-0.0242,0.9213,-0.0173,0.209,0.217,0.309,-15.5026,20.1536,0.2,-0.0369,0.8868,0.0,-0.2719,0.9099,-0.4479,1.05,0.4262,1,1,2,0.974,0.57,0.43,0,0,0.0,2,DESCENT_PHASE,0.0127,0.0345
1458,11.045,-15.3032,20.0883,0.4194,-0.0251,0.9191,-0.0172,0.209,0.217,0.308,-15.5034,20.1712,0.2,-0.0367,0.8831,0.0,-0.2727,0.9087,-0.4498,1.05,0.4533,1,1,2,0.974,0.565,0.435,0,0,0.0,2,DESCENT_PHASE,0.0115,0.036
1459,11.052,-15.3037,20.1066,0.419,-0.0274,0.9156,-0.0171,0.209,0.217,0.308,-15.5041,20.1888,0.2,-0.0365,0.8793,0.0,-0.2729,0.9078,-0.4517,1.05,0.431,1,1,2,0.974,0.565,0.435,0,0,0.0,2,DESCENT_PHASE,0.0092,0.0363
1460,11.059,-15.3043,20.1249,0.4187,-0.0278,0.9127,-0.0171,0.208,0.216,0.308,-15.5048,20.2063,0.2,-0.0364,0.8754,0.0,-0.2739,0.9065,-0.4536,1.05,0.4584,1,1,2,0.974,0.561,0.439,0,0,0.0,2,DESCENT_PHASE,0.0086,0.0373
1461,11.066,-15.3048,20.1431,0.4183,-0.0293,0.9087,-0.0171,0.208,0.216,0.307,-15.5055,20.2238,0.2,-0.0362,0.8717,0.0,-0.2742,0.9056,-0.4552,1.05,0.436,1,1,2,0.974,0.561,0.439,0,0,0.0,2,DESCENT_PHASE,0.0069,0.037
1462,11.074,-15.3054,20.1612,0.418,-0.0286,0.9057,-0.0172,0.208,0.216,0.307,-15.5063,20.2411,0.2,-0.036,0.8677,0.0,-0.2756,0.9043,-0.457,1.05,0.4583,1,1,2,0.974,0.559,0.441,0,0,0.0,2,DESCENT_PHASE,0.0074,0.038
1463,11.081,-15.306,20.1792,0.4177,-0.0287,0.9018,-0.0172,0.207,0.216,0.307,-15.507,20.2584,0.2,-0.0359,0.8636,0.0,-0.2766,0.903,-0.4588,1.05,0.4358,1,1,2,0.974,0.565,0.435,0,0,0.0,2,DESCENT_PHASE,0.0072,0.0382
1464,11.088,-15.3065,20.1972,0.4173,-0.0271,0.8988,-0.0171,0.207,0.216,0.306,-15.5077,20.2756,0.2,-0.0357,0.8597,0.0,-0.2783,0.9015,-0.4607,1.05,0.4639,1,1,2,0.974,0.56,0.44,0,0,0.0,2,DESCENT_PHASE,0.0086,0.039
1465,11.096,-15.3071,20.2151,0.417,-0.0266,0.8947,-0.0171,0.206,0.216,0.306,-15.5084,20.2927,0.2,-0.0355,0.8556,0.0,-0.2796,0.9002,-0.4625,1.05,0.4415,1,1,2,0.974,0.559,0.441,0,0,0.0,2,DESCENT_PHASE,0.0089,0.0391
1466,11.103,-15.3076,20.2329,0.4166,-0.0243,0.8917,-0.018,0.206,0.216,0.306,-15.5091,20.3097,0.2,-0.0354,0.8515,0.0,-0.2819,0.8991,-0.4633,1.05,0.4532,1,1,2,0.974,0.559,0.441,0,0,0.0,2,DESCENT_PHASE,0.0111,0.0402
1467,11.11,-15.308,20.2507,0.4163,-0.0227,0.888,-0.0177,0.206,0.216,0.305,-15.5098,20.3267,0.2,-0.0352,0.8473,0.0,-0.2837,0.8974,-0.4656,1.05,0.4269,1,1,2,0.974,0.563,0.437,0,0,0.0,2,DESCENT_PHASE,0.0125,0.0407
1468,11.118,-15.3084,20.2684,0.4159,-0.0203,0.8846,-0.0174,0.205,0.216,0.305,-15.5105,20.3435,0.2,-0.035,0.8431,0.0,-0.2859,0.8955,-0.4678,1.05,0.4528,1,1,2,0.974,0.557,0.443,0,0,0.0,2,DESCENT_PHASE,0.0148,0.0414
1469,11.125,-15.3088,20.286,0.4156,-0.0196,0.8796,-0.0174,0.205,0.216,0.305,-15.5112,20.3603,0.2,-0.0349,0.8389,0.0,-0.2874,0.8941,-0.4696,1.05,0.4265,1,1,2,0.974,0.57,0.43,0,0,0.0,2,DESCENT_PHASE,0.0152,0.0407
1470,11.132,-15.3092,20.3035,0.4152,-0.0178,0.8752,-0.0173,0.205,0.216,0.305,-15.5119,20.377,0.2,-0.0347,0.8347,0.0,-0.2894,0.8924,-0.4717,1.05,0.4536,1,1,2,0.974,0.56,0.44,0,0,0.0,2,DESCENT_PHASE,0.0169,0.0405
1471,11.139,-15.3095,20.3209,0.4149,-0.0174,0.8695,-0.0176,0.204,0.216,0.304,-15.5126,20.3936,0.2,-0.0345,0.8304,0.0,-0.2908,0.8912,-0.473,1.05,0.4279,1,1,2,0.974,0.57,0.43,0,0,0.0,2,DESCENT_PHASE,0.017,0.0392
1472,11.147,-15.3098,20.3382,0.4145,-0.0156,0.8647,-0.0174,0.204,0.216,0.304,-15.5133,20.4101,0.2,-0.0343,0.8259,0.0,-0.2928,0.8894,-0.4751,1.05,0.4569,1,1,2,0.974,0.557,0.443,0,0,0.0,2,DESCENT_PHASE,0.0187,0.0388
1473,11.154,-15.3101,20.3553,0.4142,-0.015,0.8588,-0.0173,0.204,0.216,0.304,-15.514,20.4266,0.2,-0.0341,0.8216,0.0,-0.2944,0.8879,-0.4769,1.05,0.4315,1,1,2,0.974,0.558,0.442,0,0,0.0,2,DESCENT_PHASE,0.0192,0.0372
1474,11.161,-15.3104,20.3724,0.4138,-0.0126,0.854,-0.0174,0.203,0.216,0.304,-15.5146,20.4429,0.2,-0.034,0.817,0.0,-0.2968,0.8861,-0.4787,1.05,0.4625,1,1,2,0.974,0.562,0.438,0,0,0.0,2,DESCENT_PHASE,0.0213,0.037
1475,11.169,-15.3106,20.3894,0.4135,-0.0112,0.8485,-0.0173,0.203,0.216,0.304,-15.5153,20.4592,0.2,-0.0338,0.8125,0.0,-0.2988,0.8845,-0.4806,1.05,0.4366,1,1,2,0.974,0.563,0.437,0,0,0.0,2,DESCENT_PHASE,0.0226,0.036
1476,11.176,-15.3108,20.4063,0.4131,-0.0091,0.8445,-0.0174,0.203,0.217,0.304,-15.516,20.4753,0.2,-0.0335,0.808,0.0,-0.3001,0.8792,-0.4808,1.046,0.4509,1,1,2,0.974,0.561,0.439,0,0,0.0,2,DESCENT_PHASE,0.0244,0.0366
1477,11.184,-15.311,20.4231,0.4128,-0.009,0.8402,-0.0177,0.202,0.217,0.304,-15.5167,20.4914,0.2,-0.0334,0.8035,0.0,-0.3005,0.8738,-0.4802,1.0413,0.4265,1,1,2,0.974,0.578,0.422,0,0,0.0,2,DESCENT_PHASE,0.0244,0.0367
1478,11.192,-15.3111,20.4398,0.4124,-0.0082,0.8364,-0.0174,0.202,0.217,0.304,-15.5173,20.5074,0.2,-0.0332,0.7987,0.0,-0.3012,0.8676,-0.4807,1.0366,0.4583,1,1,2,0.974,0.562,0.438,0,0,0.0,2,DESCENT_PHASE,0.025,0.0377
1479,11.2,-15.3113,20.4564,0.4121,-0.0095,0.8313,-0.0173,0.202,0.217,0.304,-15.518,20.5232,0.2,-0.033,0.794,0.0,-0.301,0.8622,-0.4809,1.0321,0.435,1,1,2,0.974,0.577,0.423,0,0,0.0,2,DESCENT_PHASE,0.0235,0.0372
1480,11.208,-15.3115,20.473,0.4117,-0.0098,0.8269,-0.0172,0.201,0.217,0.303,-15.5186,20.539,0.2,-0.0328,0.7894,0.0,-0.3011,0.8565,-0.4811,1.0275,0.4664,1,1,2,0.974,0.566,0.434,0,0,0.0,2,DESCENT_PHASE,0.0229,0.0376
1481,11.216,-15.3117,20.4894,0.4114,-0.0119,0.8215,-0.0171,0.201,0.218,0.303,-15.5193,20.5547,0.2,-0.0326,0.7846,0.0,-0.3006,0.8511,-0.4812,1.0228,0.4436,1,1,2,0.974,0.578,0.422,0,0,0.0,2,DESCENT_PHASE,0.0207,0.0369
1482,11.224,-15.312,20.5057,0.4111,-0.0127,0.8171,-0.0171,0.201,0.218,0.303,-15.5199,20.5703,0.2,-0.0324,0.7797,0.0,-0.3004,0.8451,-0.4813,1.0178,0.4748,1,1,2,0.974,0.564,0.436,0,0,0.0,2,DESCENT_PHASE,0.0197,0.0374
1483,11.231,-15.3123,20.522,0.4107,-0.015,0.812,-0.0171,0.2,0.218,0.303,-15.5206,20.5858,0.2,-0.0322,0.775,0.0,-0.2996,0.8395,-0.4813,1.013,0.4524,1,1,2,0.974,0.571,0.429,0,0,0.0,2,DESCENT_PHASE,0.0172,0.0371
1484,11.238,-15.3126,20.5382,0.4104,-0.0157,0.8083,-0.0179,0.2,0.218,0.303,-15.5212,20.6012,0.2,-0.032,0.77,0.0,-0.2994,0.8331,-0.4799,1.007,0.462,1,1,2,0.974,0.564,0.436,0,0,0.0,2,DESCENT_PHASE,0.0163,0.0383
1485,11.246,-15.313,20.5542,0.41,-0.0176,0.8041,-0.0178,0.2,0.218,0.303,-15.5219,20.6165,0.2,-0.0318,0.765,0.0,-0.2987,0.8268,-0.4801,1.0017,0.4349,1,1,2,0.974,0.577,0.423,0,0,0.0,2,DESCENT_PHASE,0.0141,0.0391
1486,11.253,-15.3133,20.5702,0.4097,-0.018,0.8002,-0.0175,0.199,0.218,0.302,-15.5225,20.6317,0.2,-0.0316,0.7601,0.0,-0.2986,0.8204,-0.4806,0.9966,0.4624,1,1,2,0.974,0.566,0.434,0,0,0.0,2,DESCENT_PHASE,0.0135,0.0402
1487,11.26,-15.3137,20.5861,0.4093,-0.0197,0.7948,-0.0176,0.199,0.218,0.302,-15.5231,20.6468,0.2,-0.0314,0.755,0.0,-0.2979,0.8145,-0.4804,0.9915,0.4359,1,1,2,0.974,0.575,0.425,0,0,0.0,2,DESCENT_PHASE,0.0117,0.0397
1488,11.268,-15.3141,20.6019,0.409,-0.0195,0.7899,-0.0174,0.198,0.218,0.302,-15.5237,20.6618,0.2,-0.0311,0.7501,0.0,-0.2979,0.8086,-0.4808,0.9867,0.4653,1,1,2,0.974,0.565,0.435,0,0,0.0,2,DESCENT_PHASE,0.0116,0.0398
1489,11.276,-15.3145,20.6176,0.4086,-0.0204,0.7837,-0.0173,0.198,0.218,0.302,-15.5244,20.6767,0.2,-0.0309,0.7449,0.0,-0.2976,0.8029,-0.4809,0.9821,0.4389,1,1,2,0.974,0.575,0.425,0,0,0.0,2,DESCENT_PHASE,0.0106,0.0388
1490,11.283,-15.3149,20.6332,0.4083,-0.0192,0.7784,-0.0173,0.198,0.218,0.302,-15.525,20.6915,0.2,-0.0308,0.7398,0.0,-0.2981,0.7968,-0.4808,0.9772,0.4699,1,1,2,0.974,0.562,0.438,0,0,0.0,2,DESCENT_PHASE,0.0116,0.0387
1491,11.291,-15.3153,20.6486,0.4079,-0.0186,0.7721,-0.0173,0.197,0.218,0.301,-15.5256,20.7062,0.2,-0.0305,0.7345,0.0,-0.2983,0.7911,-0.4809,0.9726,0.443,1,1,2,0.974,0.578,0.422,0,0,0.0,2,DESCENT_PHASE,0.0119,0.0376
1492,11.298,-15.3156,20.664,0.4076,-0.0172,0.7671,-0.0172,0.197,0.218,0.301,-15.5262,20.7208,0.2,-0.0303,0.7294,0.0,-0.2988,0.7849,-0.4811,0.9679,0.4734,1,1,2,0.974,0.561,0.439,0,0,0.0,2,DESCENT_PHASE,0.0131,0.0377
1493,11.305,-15.316,20.6792,0.4072,-0.0176,0.7614,-0.0172,0.197,0.218,0.301,-15.5268,20.7353,0.2,-0.0301,0.7241,0.0,-0.2987,0.7789,-0.4811,0.963,0.4465,1,1,2,0.974,0.568,0.432,0,0,0.0,2,DESCENT_PHASE,0.0125,0.0373
1494,11.312,-15.3163,20.6943,0.4069,-0.0169,0.7574,-0.0173,0.196,0.218,0.301,-15.5274,20.7496,0.2,-0.0299,0.7188,0.0,-0.299,0.7721,-0.481,0.9575,0.4585,1,1,2,0.974,0.561,0.439,0,0,0.0,2,DESCENT_PHASE,0.0129,0.0386
1495,11.319,-15.3167,20.7094,0.4065,-0.0177,0.753,-0.0179,0.196,0.218,0.3,-15.528,20.7639,0.2,-0.0296,0.7134,0.0,-0.2987,0.7653,-0.4799,0.9515,0.4345,1,1,2,0.974,0.578,0.422,0,0,0.0,2,DESCENT_PHASE,0.0119,0.0396
1496,11.326,-15.317,20.7244,0.4062,-0.0173,0.749,-0.0175,0.196,0.218,0.3,-15.5286,20.7781,0.2,-0.0294,0.7081,0.0,-0.2988,0.7584,-0.4805,0.9463,0.47,1,1,2,0.974,0.57,0.43,0,0,0.0,2,DESCENT_PHASE,0.0121,0.0409
1497,11.333,-15.3174,20.7392,0.4058,-0.0186,0.7432,-0.0174,0.195,0.218,0.3,-15.5291,20.7921,0.2,-0.0292,0.7027,0.0,-0.2982,0.7521,-0.4808,0.9412,0.4487,1,1,2,0.974,0.574,0.426,0,0,0.0,2,DESCENT_PHASE,0.0106,0.0405
1498,11.34,-15.3178,20.754,0.4055,-0.0186,0.738,-0.0179,0.195,0.218,0.3,-15.5297,20.8061,0.2,-0.029,0.6971,0.0,-0.2982,0.7454,-0.4798,0.9353,0.4768,1,1,2,0.974,0.572,0.428,0,0,0.0,2,DESCENT_PHASE,0.0104,0.0409
1499,11.347,-15.3182,20.7686,0.4051,-0.02,0.7314,-0.0176,0.195,0.218,0.3,-15.5303,20.8199,0.2,-0.0287,0.6917,0.0,-0.2975,0.7395,-0.4803,0.9306,0.4512,1,1,2,0.974,0.573,0.427,0,0,0.0,2,DESCENT_PHASE,0.0087,0.0397
1500,11.354,-15.3186,20.7831,0.4048,-0.02,0.7254,-0.0174,0.194,0.218,0.299,-15.5309,20.8336,0.2,-0.0285,0.6863,0.0,-0.2974,0.7333,-0.4807,0.9259,0.4812,1,1,2,0.974,0.576,0.424,0,0,0.0,2,DESCENT_PHASE,0.0085,0.0392
1501,11.362,-15.319,20.7975,0.4044,-0.0212,0.7182,-0.0173,0.194,0.218,0.299,-15.5314,20.8472,0.2,-0.0283,0.6806,0.0,-0.2968,0.7274,-0.4808,0.9211,0.4555,1,1,2,0.974,0.573,0.427,0,0,0.0,2,DESCENT_PHASE,0.0071,0.0376
1502,11.369,-15.3194,20.8117,0.4041,-0.0207,0.712,-0.0172,0.194,0.218,0.299,-15.532,20.8607,0.2,-0.028,0.675,0.0,-0.2968,0.7211,-0.481,0.9162,0.4858,1,1,2,0.974,0.563,0.437,0,0,0.0,2,DESCENT_PHASE,0.0073,0.037
1503,11.376,-15.3198,20.8258,0.4037,-0.0212,0.7048,-0.0172,0.193,0.218,0.298,-15.5326,20.8741,0.2,-0.0278,0.6694,0.0,-0.2964,0.7152,-0.481,0.9115,0.4599,1,1,2,0.974,0.575,0.425,0,0,0.0,2,DESCENT_PHASE,0.0066,0.0354
1504,11.383,-15.3202,20.8398,0.4034,-0.0196,0.6989,-0.0173,0.193,0.218,0.298,-15.5331,20.8874,0.2,-0.0276,0.6637,0.0,-0.2969,0.7087,-0.4808,0.9064,0.4914,1,1,2,0.974,0.559,0.441,0,0,0.0,2,DESCENT_PHASE,0.0079,0.0352
1505,11.39,-15.3206,20.8537,0.403,-0.0188,0.6923,-0.0173,0.193,0.218,0.298,-15.5337,20.9006,0.2,-0.0273,0.658,0.0,-0.2972,0.7026,-0.4809,0.9018,0.4653,1,1,2,0.974,0.567,0.433,0,0,0.0,2,DESCENT_PHASE,0.0086,0.0343
1506,11.398,-15.3209,20.8674,0.4027,-0.0168,0.6874,-0.0173,0.192,0.218,0.298,-15.5342,20.9136,0.2,-0.0271,0.6522,0.0,-0.2979,0.6955,-0.4808,0.8965,0.4842,1,1,2,0.974,0.558,0.442,0,0,0.0,2,DESCENT_PHASE,0.0103,0.0352
1507,11.405,-15.3212,20.8811,0.4023,-0.0163,0.6823,-0.0173,0.192,0.218,0.298,-15.5347,20.9265,0.2,-0.0269,0.6465,0.0,-0.2981,0.6887,-0.4809,0.8913,0.4581,1,1,2,0.974,0.567,0.433,0,0,0.0,2,DESCENT_PHASE,0.0106,0.0358
1508,11.412,-15.3215,20.8946,0.402,-0.0145,0.6781,-0.0172,0.192,0.218,0.297,-15.5353,20.9393,0.2,-0.0266,0.6406,0.0,-0.2987,0.6811,-0.4811,0.8858,0.4894,1,1,2,0.974,0.56,0.44,0,0,0.0,2,DESCENT_PHASE,0.0121,0.0375
1509,11.42,-15.3218,20.9081,0.4017,-0.0142,0.6729,-0.0172,0.191,0.218,0.297,-15.5358,20.952,0.2,-0.0264,0.6349,0.0,-0.2988,0.6742,-0.4811,0.8805,0.4635,1,1,2,0.974,0.565,0.435,0,0,0.0,2,DESCENT_PHASE,0.0122,0.038
1510,11.427,-15.3221,20.9215,0.4013,-0.0124,0.6689,-0.0172,0.191,0.219,0.297,-15.5363,20.9646,0.2,-0.0261,0.6289,0.0,-0.2995,0.6664,-0.4811,0.8748,0.4907,1,1,2,0.974,0.565,0.435,0,0,0.0,2,DESCENT_PHASE,0.0137,0.0401
1511,11.434,-15.3223,20.9347,0.401,-0.0116,0.6643,-0.0172,0.19,0.219,0.297,-15.5368,20.9771,0.2,-0.0259,0.623,0.0,-0.2999,0.659,-0.4811,0.8693,0.4649,1,1,2,0.974,0.559,0.441,0,0,0.0,2,DESCENT_PHASE,0.0143,0.0413
1512,11.441,-15.3225,20.948,0.4006,-0.0091,0.661,-0.0174,0.19,0.219,0.297,-15.5373,20.9894,0.2,-0.0257,0.617,0.0,-0.301,0.6508,-0.4808,0.8633,0.4878,1,1,2,0.974,0.564,0.436,0,0,0.0,2,DESCENT_PHASE,0.0165,0.0439
1513,11.448,-15.3226,20.9611,0.4003,-0.0075,0.6568,-0.0173,0.19,0.219,0.297,-15.5379,21.0016,0.2,-0.0254,0.611,0.0,-0.3017,0.6429,-0.4809,0.8577,0.4621,1,1,2,0.974,0.565,0.435,0,0,0.0,2,DESCENT_PHASE,0.0179,0.0458
1514,11.456,-15.3227,20.9742,0.3999,-0.0053,0.6535,-0.0172,0.189,0.219,0.297,-15.5384,21.0137,0.2,-0.0251,0.605,0.0,-0.3028,0.6346,-0.4811,0.852,0.4943,1,1,2,0.974,0.561,0.439,0,0,0.0,2,DESCENT_PHASE,0.0199,0.0485
1515,11.463,-15.3228,20.9871,0.3996,-0.0049,0.649,-0.0171,0.189,0.219,0.297,-15.5389,21.0257,0.2,-0.0249,0.599,0.0,-0.3031,0.6267,-0.4812,0.8463,0.4691,1,1,2,0.974,0.57,0.43,0,0,0.0,2,DESCENT_PHASE,0.02,0.05
1516,11.47,-15.3229,21.0001,0.3992,-0.0037,0.6455,-0.0176,0.189,0.22,0.297,-15.5393,21.0376,0.2,-0.0246,0.5929,0.0,-0.3037,0.6182,-0.4805,0.8398,0.4935,1,1,2,0.974,0.565,0.435,0,0,0.0,2,DESCENT_PHASE,0.0209,0.0526
1517,11.477,-15.323,21.0129,0.3989,-0.004,0.6412,-0.0174,0.188,0.22,0.296,-15.5398,21.0493,0.2,-0.0244,0.5868,0.0,-0.3038,0.61,-0.4808,0.834,0.4666,1,1,2,0.974,0.569,0.431,0,0,0.0,2,DESCENT_PHASE,0.0203,0.0544
1518,11.484,-15.3231,21.0256,0.3986,-0.0033,0.6378,-0.0172,0.188,0.22,0.296,-15.5403,21.0609,0.2,-0.0241,0.5806,0.0,-0.3042,0.6013,-0.4811,0.828,0.4974,1,1,2,0.974,0.561,0.439,0,0,0.0,2,DESCENT_PHASE,0.0208,0.0572
1519,11.491,-15.3231,21.0383,0.3975,-0.0039,0.6339,-0.0543,0.187,0.22,0.296,-15.5408,21.0724,0.2,-0.0239,0.5745,0.0,-0.3042,0.5927,-0.4181,0.7865,0.4737,1,1,2,0.974,0.568,0.432,0,0,0.0,2,DESCENT_PHASE,0.02,0.0594
1520,11.498,-15.3232,21.0509,0.3959,-0.0033,0.6309,-0.0776,0.185,0.221,0.295,-15.5413,21.0838,0.2,-0.0236,0.5682,0.0,-0.3045,0.5835,-0.3784,0.7592,0.4753,1,1,2,0.974,0.583,0.417,0,0,0.0,2,DESCENT_PHASE,0.0203,0.0627
1521,11.505,-15.3233,21.0635,0.3941,-0.0036,0.6272,-0.0919,0.184,0.221,0.294,-15.5417,21.095,0.2,-0.0233,0.562,0.0,-0.3045,0.5747,-0.354,0.7405,0.4919,1,1,2,0.974,0.588,0.412,0,0,0.0,2,DESCENT_PHASE,0.0197,0.0652
1522,11.512,-15.3234,21.0759,0.3921,-0.007,0.6228,-0.1009,0.182,0.221,0.293,-15.5422,21.1061,0.2,-0.0231,0.5558,0.0,-0.3032,0.5661,-0.3388,0.726,0.4554,1,1,2,0.974,0.584,0.416,0,0,0.0,2,DESCENT_PHASE,0.0161,0.067
1523,11.519,-15.3237,21.0883,0.3899,-0.0141,0.619,-0.1059,0.179,0.221,0.291,-15.5426,21.1171,0.2,-0.0228,0.5494,0.0,-0.3001,0.5569,-0.3303,0.7136,0.4847,1,1,2,0.974,0.587,0.413,0,0,0.0,2,DESCENT_PHASE,0.0087,0.0696
1524,11.526,-15.3241,21.1006,0.3877,-0.0228,0.6131,-0.1096,0.177,0.221,0.29,-15.5431,21.128,0.2,-0.0226,0.5431,0.0,-0.2961,0.5487,-0.324,0.7026,0.4525,1,1,2,0.974,0.58,0.42,0,0,0.0,2,DESCENT_PHASE,-0.0002,0.07
1525,11.535,-15.3249,21.1127,0.3855,-0.0351,0.6076,-0.1116,0.175,0.22,0.288,-15.5435,21.1387,0.2,-0.0223,0.5367,0.0,-0.2903,0.5401,-0.3205,0.6919,0.4844,1,1,2,0.974,0.581,0.419,0,0,0.0,2,DESCENT_PHASE,-0.0129,0.0709
1526,11.542,-15.3258,21.1247,0.3832,-0.0489,0.5999,-0.1133,0.173,0.22,0.286,-15.544,21.1493,0.2,-0.022,0.5303,0.0,-0.2837,0.5326,-0.3177,0.682,0.4758,1,1,2,0.974,0.58,0.42,0,0,0.0,2,DESCENT_PHASE,-0.0268,0.0695
1527,11.549,-15.3272,21.1365,0.3817,-0.0665,0.591,-0.0791,0.171,0.219,0.284,-15.5444,21.1598,0.2,-0.0218,0.5239,0.0,-0.275,0.5253,-0.3758,0.702,0.5099,1,1,2,0.974,0.586,0.414,0,0,0.0,2,DESCENT_PHASE,-0.0447,0.0672
1528,11.557,-15.3288,21.1482,0.3805,-0.0831,0.5819,-0.0576,0.17,0.217,0.282,-15.5449,21.1702,0.2,-0.0215,0.5176,0.0,-0.2662,0.5186,-0.4123,0.714,0.4831,1,1,2,0.974,0.584,0.416,0,0,0.0,2,DESCENT_PHASE,-0.0616,0.0643
1529,11.564,-15.3307,21.1597,0.3796,-0.096,0.575,-0.0441,0.169,0.216,0.281,-15.5453,21.1804,0.2,-0.0212,0.511,0.0,-0.2587,0.5105,-0.4353,0.719,0.4882,1,1,2,0.974,0.581,0.419,0,0,0.0,2,DESCENT_PHASE,-0.0747,0.0641
1530,11.571,-15.3329,21.171,0.3789,-0.107,0.5679,-0.0349,0.168,0.214,0.279,-15.5457,21.1905,0.2,-0.0209,0.5045,0.0,-0.2515,0.5027,-0.4509,0.7206,0.4813,1,1,2,0.974,0.579,0.421,0,0,0.0,2,DESCENT_PHASE,-0.0861,0.0634
1531,11.578,-15.3352,21.1823,0.3784,-0.1138,0.5606,-0.0288,0.168,0.212,0.277,-15.5461,21.2004,0.2,-0.0207,0.4979,0.0,-0.246,0.4948,-0.4613,0.7199,0.509,1,1,2,0.974,0.582,0.418,0,0,0.0,2,DESCENT_PHASE,-0.0931,0.0627
1532,11.585,-15.3375,21.1933,0.3779,-0.119,0.5526,-0.0246,0.167,0.21,0.275,-15.5465,21.2103,0.2,-0.0204,0.4914,0.0,-0.241,0.4874,-0.4686,0.7178,0.4826,1,1,2,0.974,0.579,0.421,0,0,0.0,2,DESCENT_PHASE,-0.0986,0.0611
1533,11.592,-15.3399,21.2042,0.3774,-0.1198,0.5459,-0.0218,0.167,0.208,0.273,-15.5469,21.22,0.2,-0.0201,0.4848,0.0,-0.2377,0.4793,-0.4732,0.7143,0.5126,1,1,2,0.974,0.561,0.439,0,0,0.0,2,DESCENT_PHASE,-0.0997,0.061
1534,11.599,-15.3423,21.215,0.377,-0.1189,0.5383,-0.0198,0.167,0.206,0.271,-15.5473,21.2295,0.2,-0.0199,0.4783,0.0,-0.2352,0.4716,-0.4766,0.7106,0.4853,1,1,2,0.974,0.561,0.439,0,0,0.0,2,DESCENT_PHASE,-0.0991,0.0601
1535,11.606,-15.3446,21.2256,0.3767,-0.1152,0.5322,-0.0185,0.166,0.204,0.27,-15.5477,21.239,0.2,-0.0196,0.4716,0.0,-0.2339,0.4632,-0.4788,0.7061,0.5163,1,1,2,0.974,0.564,0.436,0,0,0.0,2,DESCENT_PHASE,-0.0956,0.0606
1536,11.613,-15.3468,21.2361,0.3763,-0.1111,0.5252,-0.0176,0.166,0.202,0.268,-15.5481,21.2483,0.2,-0.0193,0.4649,0.0,-0.2329,0.4551,-0.4804,0.7015,0.4888,1,1,2,0.974,0.561,0.439,0,0,0.0,2,DESCENT_PHASE,-0.0918,0.0602
1537,11.62,-15.3489,21.2465,0.376,-0.104,0.5195,-0.0177,0.165,0.2,0.266,-15.5485,21.2574,0.2,-0.019,0.4582,0.0,-0.2333,0.4465,-0.4802,0.6959,0.5103,1,1,2,0.974,0.56,0.44,0,0,0.0,2,DESCENT_PHASE,-0.085,0.0613
1538,11.627,-15.3508,21.2568,0.3756,-0.0962,0.5131,-0.0172,0.165,0.198,0.265,-15.5488,21.2664,0.2,-0.0187,0.4515,0.0,-0.2341,0.438,-0.4811,0.6914,0.4805,1,1,2,0.974,0.562,0.438,0,0,0.0,2,DESCENT_PHASE,-0.0775,0.0617
1539,11.635,-15.3526,21.2669,0.3753,-0.0867,0.5075,-0.017,0.165,0.197,0.264,-15.5492,21.2753,0.2,-0.0185,0.4448,0.0,-0.236,0.4293,-0.4815,0.6869,0.5149,1,1,2,0.974,0.567,0.433,0,0,0.0,2,DESCENT_PHASE,-0.0682,0.0627
1540,11.642,-15.3541,21.2769,0.3749,-0.0779,0.5004,-0.0169,0.164,0.196,0.262,-15.5496,21.2841,0.2,-0.0182,0.4381,0.0,-0.2377,0.4212,-0.4816,0.6825,0.4849,1,1,2,0.974,0.567,0.433,0,0,0.0,2,DESCENT_PHASE,-0.0598,0.0623
1541,11.649,-15.3555,21.2868,0.3746,-0.0671,0.4945,-0.0171,0.164,0.195,0.261,-15.5499,21.2927,0.2,-0.0179,0.4313,0.0,-0.2406,0.4124,-0.4812,0.6779,0.5196,1,1,2,0.974,0.563,0.437,0,0,0.0,2,DESCENT_PHASE,-0.0492,0.0632
1542,11.656,-15.3566,21.2966,0.3742,-0.0567,0.4874,-0.0172,0.164,0.194,0.261,-15.5503,21.3012,0.2,-0.0176,0.4244,0.0,-0.2435,0.404,-0.481,0.6737,0.4891,1,1,2,0.974,0.565,0.435,0,0,0.0,2,DESCENT_PHASE,-0.039,0.063
1543,11.663,-15.3575,21.3062,0.3739,-0.0455,0.4818,-0.0174,0.163,0.193,0.26,-15.5506,21.3096,0.2,-0.0174,0.4176,0.0,-0.2471,0.3951,-0.4807,0.6695,0.5187,1,1,2,0.974,0.565,0.435,0,0,0.0,2,DESCENT_PHASE,-0.0282,0.0642
1544,11.67,-15.3582,21.3157,0.3736,-0.0361,0.4753,-0.0175,0.163,0.193,0.259,-15.551,21.3178,0.2,-0.017,0.4107,0.0,-0.25,0.3865,-0.4806,0.6655,0.4884,1,1,2,0.974,0.561,0.439,0,0,0.0,2,DESCENT_PHASE,-0.0191,0.0646
1545,11.677,-15.3588,21.3251,0.3732,-0.0257,0.4701,-0.0176,0.163,0.193,0.259,-15.5513,21.3259,0.2,-0.0168,0.404,0.0,-0.2538,0.3774,-0.4804,0.6615,0.5225,1,1,2,0.974,0.563,0.437,0,0,0.0,2,DESCENT_PHASE,-0.0089,0.0662
1546,11.684,-15.3591,21.3344,0.3728,-0.0168,0.4639,-0.0177,0.162,0.193,0.259,-15.5516,21.3338,0.2,-0.0165,0.3969,0.0,-0.2571,0.3683,-0.4802,0.6575,0.4922,1,1,2,0.974,0.564,0.436,0,0,0.0,2,DESCENT_PHASE,-0.0003,0.067
1547,11.691,-15.3592,21.3436,0.3725,-0.0067,0.4591,-0.0181,0.162,0.193,0.259,-15.552,21.3416,0.2,-0.0162,0.3901,0.0,-0.2611,0.359,-0.4795,0.6534,0.511,1,1,2,0.974,0.568,0.432,0,0,0.0,2,DESCENT_PHASE,0.0095,0.069
1548,11.699,-15.3592,21.3527,0.3721,0.0021,0.4534,-0.0182,0.162,0.193,0.259,-15.5523,21.3493,0.2,-0.0159,0.3831,0.0,-0.2648,0.3496,-0.4794,0.6498,0.4793,1,1,2,0.974,0.558,0.442,0,0,0.0,2,DESCENT_PHASE,0.0181,0.0703
1549,11.706,-15.359,21.3616,0.3718,0.01,0.448,-0.0179,0.161,0.194,0.259,-15.5526,21.3568,0.2,-0.0156,0.3762,0.0,-0.2682,0.3404,-0.4798,0.6465,0.516,1,1,2,0.974,0.561,0.439,0,0,0.0,2,DESCENT_PHASE,0.0255,0.0718
1550,11.713,-15.3587,21.3704,0.3714,0.0158,0.4405,-0.0178,0.161,0.194,0.259,-15.5529,21.3642,0.2,-0.0154,0.3692,0.0,-0.2711,0.3317,-0.48,0.6434,0.4861,1,1,2,0.974,0.561,0.439,0,0,0.0,2,DESCENT_PHASE,0.0311,0.0714
1551,11.721,-15.3582,21.3791,0.371,0.0223,0.4335,-0.0178,0.161,0.195,0.259,-15.5532,21.3714,0.2,-0.015,0.3622,0.0,-0.2742,0.323,-0.4801,0.6403,0.5222,1,1,2,0.974,0.56,0.44,0,0,0.0,2,DESCENT_PHASE,0.0373,0.0713
1552,11.728,-15.3577,21.3876,0.3707,0.027,0.4247,-0.0177,0.16,0.196,0.26,-15.5535,21.3785,0.2,-0.0148,0.3552,0.0,-0.2769,0.3151,-0.4802,0.6376,0.4923,1,1,2,0.974,0.57,0.43,0,0,0.0,2,DESCENT_PHASE,0.0418,0.0695
1553,11.735,-15.357,21.3959,0.3703,0.032,0.4167,-0.0176,0.16,0.197,0.26,-15.5538,21.3855,0.2,-0.0144,0.3482,0.0,-0.2796,0.3067,-0.4804,0.6349,0.5289,1,1,2,0.974,0.575,0.425,0,0,0.0,2,DESCENT_PHASE,0.0465,0.0685
1554,11.742,-15.3563,21.4041,0.37,0.0349,0.4072,-0.0175,0.159,0.198,0.261,-15.5541,21.3923,0.2,-0.0142,0.341,0.0,-0.2816,0.2989,-0.4805,0.6321,0.4991,1,1,2,0.974,0.571,0.429,0,0,0.0,2,DESCENT_PHASE,0.049,0.0661
1555,11.749,-15.3556,21.412,0.3696,0.0382,0.3988,-0.0174,0.159,0.199,0.262,-15.5544,21.399,0.2,-0.0139,0.3341,0.0,-0.2839,0.291,-0.4807,0.6296,0.5355,1,1,2,0.974,0.578,0.422,0,0,0.0,2,DESCENT_PHASE,0.0521,0.0647
1556,11.756,-15.3548,21.4198,0.3693,0.0397,0.3892,-0.0174,0.159,0.2,0.262,-15.5546,21.4055,0.2,-0.0136,0.3269,0.0,-0.2854,0.2833,-0.4807,0.6267,0.5057,1,1,2,0.974,0.575,0.425,0,0,0.0,2,DESCENT_PHASE,0.0533,0.0623
1557,11.763,-15.354,21.4275,0.3689,0.0418,0.3811,-0.0173,0.158,0.202,0.263,-15.5549,21.4119,0.2,-0.0133,0.3198,0.0,-0.2873,0.275,-0.4808,0.624,0.5416,1,1,2,0.974,0.582,0.418,0,0,0.0,2,DESCENT_PHASE,0.0552,0.0614
1558,11.77,-15.3531,21.4349,0.3686,0.0424,0.3722,-0.0173,0.158,0.203,0.264,-15.5552,21.4182,0.2,-0.013,0.3127,0.0,-0.2884,0.2672,-0.4809,0.6212,0.5118,1,1,2,0.974,0.58,0.42,0,0,0.0,2,DESCENT_PHASE,0.0554,0.0595
1559,11.777,-15.3522,21.4422,0.3683,0.0434,0.365,-0.0173,0.158,0.204,0.264,-15.5554,21.4243,0.2,-0.0127,0.3056,0.0,-0.2898,0.2586,-0.481,0.6182,0.5352,1,1,2,0.974,0.585,0.415,0,0,0.0,2,DESCENT_PHASE,0.0561,0.0595
1560,11.784,-15.3514,21.4493,0.3679,0.0425,0.3573,-0.0172,0.157,0.205,0.265,-15.5557,21.4303,0.2,-0.0124,0.2984,0.0,-0.2904,0.2502,-0.4811,0.6152,0.5057,1,1,2,0.974,0.58,0.42,0,0,0.0,2,DESCENT_PHASE,0.0549,0.0589
1561,11.791,-15.3505,21.4564,0.3676,0.0423,0.3507,-0.017,0.157,0.206,0.266,-15.5559,21.4361,0.2,-0.0121,0.2912,0.0,-0.2913,0.2412,-0.4814,0.6122,0.542,1,1,2,0.974,0.586,0.414,0,0,0.0,2,DESCENT_PHASE,0.0544,0.0595
1562,11.8,-15.3497,21.4632,0.3672,0.0404,0.3427,-0.017,0.157,0.208,0.267,-15.5561,21.4418,0.2,-0.0118,0.284,0.0,-0.2913,0.233,-0.4814,0.609,0.5126,1,1,2,0.974,0.583,0.417,0,0,0.0,2,DESCENT_PHASE,0.0521,0.0587
1563,11.807,-15.3489,21.4699,0.3669,0.0393,0.3362,-0.0169,0.156,0.209,0.267,-15.5564,21.4473,0.2,-0.0115,0.2769,0.0,-0.2917,0.2241,-0.4816,0.606,0.5488,1,1,2,0.974,0.588,0.412,0,0,0.0,2,DESCENT_PHASE,0.0508,0.0593
1564,11.814,-15.3482,21.4765,0.3666,0.0369,0.3287,-0.0169,0.156,0.21,0.268,-15.5566,21.4527,0.2,-0.0112,0.2696,0.0,-0.2915,0.2155,-0.4815,0.6027,0.5196,1,1,2,0.974,0.587,0.413,0,0,0.0,2,DESCENT_PHASE,0.0481,0.0591
1565,11.821,-15.3475,21.483,0.3662,0.0355,0.323,-0.0177,0.156,0.211,0.268,-15.5568,21.4579,0.2,-0.0109,0.2624,0.0,-0.2917,0.2061,-0.4802,0.5985,0.5305,1,1,2,0.974,0.588,0.412,0,0,0.0,2,DESCENT_PHASE,0.0465,0.0607
1566,11.828,-15.3468,21.4893,0.3659,0.033,0.3167,-0.0174,0.155,0.212,0.269,-15.557,21.463,0.2,-0.0106,0.2551,0.0,-0.2913,0.1969,-0.4808,0.5956,0.4974,1,1,2,0.974,0.582,0.418,0,0,0.0,2,DESCENT_PHASE,0.0436,0.0616
1567,11.836,-15.3462,21.4955,0.3655,0.0315,0.3106,-0.0171,0.155,0.213,0.27,-15.5572,21.468,0.2,-0.0103,0.2478,0.0,-0.2913,0.1875,-0.4812,0.5929,0.5309,1,1,2,0.974,0.583,0.417,0,0,0.0,2,DESCENT_PHASE,0.0418,0.0629
1568,11.843,-15.3456,21.5016,0.3652,0.0289,0.3025,-0.0174,0.155,0.214,0.27,-15.5574,21.4728,0.2,-0.01,0.2406,0.0,-0.2907,0.1792,-0.4807,0.5897,0.498,1,1,2,0.974,0.577,0.423,0,0,0.0,2,DESCENT_PHASE,0.0388,0.0619
1569,11.851,-15.3451,21.5075,0.3648,0.0275,0.295,-0.0172,0.154,0.215,0.271,-15.5576,21.4775,0.2,-0.0097,0.2332,0.0,-0.2906,0.1702,-0.4811,0.5873,0.5335,1,1,2,0.974,0.581,0.419,0,0,0.0,2,DESCENT_PHASE,0.0372,0.0618
1570,11.858,-15.3446,21.5132,0.3645,0.0252,0.2857,-0.0171,0.154,0.215,0.271,-15.5578,21.482,0.2,-0.0094,0.226,0.0,-0.2901,0.1625,-0.4811,0.5849,0.501,1,1,2,0.974,0.575,0.425,0,0,0.0,2,DESCENT_PHASE,0.0346,0.0597
1571,11.865,-15.3441,21.5187,0.3641,0.0243,0.2775,-0.0172,0.154,0.216,0.272,-15.558,21.4864,0.2,-0.0091,0.2186,0.0,-0.2902,0.1539,-0.4811,0.5826,0.5356,1,1,2,0.974,0.58,0.42,0,0,0.0,2,DESCENT_PHASE,0.0335,0.0589
1572,11.872,-15.3436,21.5241,0.3638,0.0228,0.2677,-0.0172,0.153,0.217,0.272,-15.5582,21.4906,0.2,-0.0088,0.2113,0.0,-0.2899,0.1463,-0.4811,0.5804,0.5025,1,1,2,0.974,0.576,0.424,0,0,0.0,2,DESCENT_PHASE,0.0316,0.0564
1573,11.879,-15.3432,21.5293,0.3635,0.0222,0.2593,-0.0171,0.153,0.218,0.272,-15.5583,21.4947,0.2,-0.0084,0.204,0.0,-0.2899,0.138,-0.4812,0.5785,0.539,1,1,2,0.974,0.582,0.418,0,0,0.0,2,DESCENT_PHASE,0.0306,0.0553
1574,11.886,-15.3428,21.5343,0.3631,0.0202,0.2496,-0.0172,0.153,0.219,0.273,-15.5585,21.4986,0.2,-0.0082,0.1966,0.0,-0.2895,0.1302,-0.4811,0.5764,0.5058,1,1,2,0.974,0.58,0.42,0,0,0.0,2,DESCENT_PHASE,0.0285,0.053
1575,11.893,-15.3424,21.5391,0.3628,0.0194,0.2415,-0.0171,0.152,0.219,0.273,-15.5586,21.5024,0.2,-0.0079,0.1893,0.0,-0.2894,0.122,-0.4811,0.5746,0.5426,1,1,2,0.975,0.587,0.413,0,0,0.0,2,DESCENT_PHASE,0.0273,0.0522
1576,11.9,-15.342,21.5437,0.3624,0.0175,0.2325,-0.0172,0.152,0.22,0.273,-15.5588,21.506,0.2,-0.0075,0.1819,0.0,-0.2888,0.1139,-0.4811,0.5725,0.5091,1,1,2,0.975,0.587,0.413,0,0,0.0,2,DESCENT_PHASE,0.0251,0.0506
1577,11.907,-15.3417,21.5483,0.3613,0.0171,0.2268,-0.054,0.151,0.221,0.273,-15.5589,21.5095,0.2,-0.0072,0.1745,0.0,-0.2888,0.1046,-0.4185,0.5191,0.5005,1,1,2,0.974,0.585,0.415,0,0,0.0,2,DESCENT_PHASE,0.0243,0.0523
1578,11.914,-15.3414,21.5527,0.3598,0.0158,0.2202,-0.0767,0.149,0.221,0.273,-15.5591,21.5129,0.2,-0.007,0.1671,0.0,-0.2884,0.0955,-0.38,0.4865,0.5309,1,1,2,0.975,0.591,0.409,0,0,0.0,2,DESCENT_PHASE,0.0228,0.0531
1579,11.921,-15.3412,21.5569,0.358,0.0117,0.2119,-0.0905,0.147,0.222,0.272,-15.5592,21.516,0.2,-0.0066,0.1597,0.0,-0.2867,0.0873,-0.3565,0.4657,0.5057,1,1,2,0.975,0.588,0.412,0,0,0.0,2,DESCENT_PHASE,0.0183,0.0522
1580,11.928,-15.3411,21.561,0.356,0.003,0.2042,-0.0993,0.146,0.222,0.272,-15.5593,21.5191,0.2,-0.0063,0.1523,0.0,-0.2829,0.0786,-0.3415,0.4504,0.5387,1,1,2,0.975,0.591,0.409,0,0,0.0,2,DESCENT_PHASE,0.0093,0.0519
1581,11.934,-15.3412,21.5649,0.3539,-0.0078,0.1949,-0.1048,0.143,0.222,0.27,-15.5595,21.522,0.2,-0.0061,0.1449,0.0,-0.2781,0.0707,-0.3321,0.4389,0.5135,1,1,2,0.975,0.588,0.412,0,0,0.0,2,DESCENT_PHASE,-0.0017,0.05
1582,11.942,-15.3417,21.5686,0.3517,-0.0211,0.1864,-0.1085,0.141,0.222,0.269,-15.5596,21.5247,0.2,-0.0057,0.1374,0.0,-0.2718,0.0625,-0.3258,0.4289,0.542,1,1,2,0.975,0.589,0.411,0,0,0.0,2,DESCENT_PHASE,-0.0154,0.0489
1583,11.949,-15.3424,21.5722,0.3495,-0.0342,0.1764,-0.111,0.139,0.222,0.268,-15.5597,21.5273,0.2,-0.0054,0.13,0.0,-0.2653,0.0549,-0.3217,0.4206,0.5164,1,1,2,0.975,0.584,0.416,0,0,0.0,2,DESCENT_PHASE,-0.0287,0.0464
1584,11.956,-15.3433,21.5755,0.3473,-0.0496,0.167,-0.1128,0.137,0.221,0.266,-15.5598,21.5298,0.2,-0.0051,0.1226,0.0,-0.2573,0.0473,-0.3185,0.4122,0.5448,1,1,2,0.975,0.586,0.414,0,0,0.0,2,DESCENT_PHASE,-0.0445,0.0444
1585,11.963,-15.3446,21.5786,0.345,-0.0645,0.1559,-0.1143,0.134,0.22,0.264,-15.5599,21.5321,0.2,-0.0048,0.1151,0.0,-0.2494,0.0402,-0.3159,0.4045,0.5296,1,1,2,0.975,0.582,0.418,0,0,0.0,2,DESCENT_PHASE,-0.0597,0.0408
1586,11.97,-15.3463,21.5815,0.3427,-0.0814,0.1451,-0.1163,0.132,0.219,0.261,-15.56,21.5342,0.2,-0.0045,0.1077,0.0,-0.2401,0.0332,-0.3126,0.3955,0.5594,1,1,2,0.975,0.588,0.412,0,0,0.0,2,DESCENT_PHASE,-0.0769,0.0374
1587,11.976,-15.3483,21.5841,0.341,-0.1006,0.131,-0.0826,0.131,0.217,0.259,-15.5601,21.5363,0.2,-0.0041,0.1002,0.0,-0.2293,0.0277,-0.3699,0.436,0.5252,1,1,2,0.975,0.584,0.416,0,0,0.0,2,DESCENT_PHASE,-0.0964,0.0308
1588,11.983,-15.3507,21.5865,0.3398,-0.1189,0.119,-0.0611,0.129,0.215,0.256,-15.5601,21.5381,0.2,-0.0039,0.0928,0.0,-0.2184,0.0215,-0.4065,0.462,0.5581,1,1,2,0.976,0.587,0.413,0,0,0.0,2,DESCENT_PHASE,-0.115,0.0262
1589,11.99,-15.3533,21.5886,0.3388,-0.1334,0.1059,-0.0467,0.128,0.213,0.254,-15.5602,21.5398,0.2,-0.0035,0.0853,0.0,-0.2087,0.0157,-0.4308,0.479,0.5231,1,1,2,0.976,0.583,0.417,0,0,0.0,2,DESCENT_PHASE,-0.1299,0.0207
1590,11.997,-15.3562,21.5905,0.3381,-0.142,0.095,-0.037,0.128,0.21,0.251,-15.5603,21.5414,0.2,-0.0032,0.0778,0.0,-0.2012,0.0093,-0.4474,0.4906,0.5572,1,1,2,0.976,0.587,0.413,0,0,0.0,2,DESCENT_PHASE,-0.1388,0.0172
1591,12.004,-15.3591,21.5922,0.3375,-0.1472,0.0835,-0.0308,0.127,0.207,0.249,-15.5603,21.5428,0.2,-0.0029,0.0704,0.0,-0.1949,0.0032,-0.458,0.4977,0.5221,1,1,2,0.976,0.582,0.418,0,0,0.0,2,DESCENT_PHASE,-0.1443,0.0131
1592,12.011,-15.362,21.5937,0.337,-0.1471,0.0743,-0.0259,0.126,0.204,0.246,-15.5604,21.544,0.2,-0.0026,0.0628,0.0,-0.1908,-0.004,-0.4662,0.5038,0.5532,1,1,2,0.976,0.578,0.422,0,0,0.0,2,DESCENT_PHASE,-0.1445,0.0115
1593,12.019,-15.3649,21.595,0.3365,-0.1439,0.0647,-0.0227,0.126,0.202,0.244,-15.5604,21.5451,0.2,-0.0023,0.0554,0.0,-0.1881,-0.0107,-0.4717,0.508,0.5226,1,1,2,0.976,0.574,0.426,0,0,0.0,2,DESCENT_PHASE,-0.1416,0.0093
1594,12.026,-15.3677,21.5961,0.3361,-0.1388,0.0568,-0.0203,0.126,0.199,0.241,-15.5605,21.5461,0.2,-0.002,0.0479,0.0,-0.1863,-0.0183,-0.4758,0.5113,0.5501,1,1,2,0.976,0.576,0.424,0,0,0.0,2,DESCENT_PHASE,-0.1368,0.0089
1595,12.033,-15.3703,21.5971,0.3357,-0.1306,0.0484,-0.0188,0.125,0.197,0.239,-15.5605,21.5469,0.2,-0.0017,0.0404,0.0,-0.186,-0.0256,-0.4783,0.5138,0.5203,1,1,2,0.976,0.576,0.424,0,0,0.0,2,DESCENT_PHASE,-0.1289,0.0079
1596,12.04,-15.3728,21.5979,0.3354,-0.1218,0.0412,-0.0178,0.125,0.194,0.237,-15.5605,21.5476,0.2,-0.0014,0.0329,0.0,-0.1861,-0.0335,-0.48,0.5159,0.5481,1,1,2,0.976,0.576,0.424,0,0,0.0,2,DESCENT_PHASE,-0.1204,0.0083
1597,12.047,-15.3749,21.5986,0.335,-0.1097,0.0333,-0.018,0.125,0.192,0.235,-15.5605,21.5481,0.2,-0.001,0.0254,0.0,-0.1879,-0.041,-0.4797,0.5169,0.5335,1,1,2,0.976,0.581,0.419,0,0,0.0,2,DESCENT_PHASE,-0.1086,0.0079
1598,12.054,-15.3769,21.5991,0.3347,-0.0968,0.0263,-0.0178,0.124,0.191,0.233,-15.5606,21.5484,0.2,-0.0007,0.0179,0.0,-0.1904,-0.0489,-0.48,0.5187,0.5711,1,1,2,0.976,0.584,0.416,0,0,0.0,2,DESCENT_PHASE,-0.0961,0.0084
1599,12.061,-15.3785,21.5995,0.3343,-0.0835,0.0194,-0.0176,0.124,0.189,0.232,-15.5606,21.5486,0.2,-0.0004,0.0104,0.0,-0.1934,-0.0569,-0.4803,0.5209,0.5358,1,1,2,0.976,0.586,0.414,0,0,0.0,2,DESCENT_PHASE,-0.0831,0.009
1600,12.068,-15.3799,21.5998,0.334,-0.0693,0.0151,-0.0178,0.123,0.188,0.231,-15.5606,21.5487,0.2,-0.0001,0.003,0.0,-0.1971,-0.0659,-0.4801,0.5232,0.5636,1,1,2,0.976,0.583,0.417,0,0,0.0,2,DESCENT_PHASE,-0.0692,0.0121
1601,12.075,-15.3811,21.6,0.3336,-0.0562,0.0108,-0.0178,0.123,0.187,0.23,-15.5606,21.5486,0.2,0.0002,-0.0046,0.0,-0.2007,-0.0752,-0.4801,0.5257,0.5285,1,1,2,0.976,0.58,0.42,0,0,0.0,2,DESCENT_PHASE,-0.0564,0.0154
1602,12.082,-15.3819,21.6002,0.3332,-0.0419,0.0084,-0.0181,0.123,0.186,0.229,-15.5606,21.5484,0.2,0.0005,-0.012,0.0,-0.2051,-0.0853,-0.4795,0.5284,0.5662,1,1,2,0.976,0.589,0.411,0,0,0.0,2,DESCENT_PHASE,-0.0424,0.0204
1603,12.089,-15.3825,21.6003,0.3329,-0.0283,0.0052,-0.0183,0.122,0.186,0.228,-15.5605,21.548,0.2,0.0008,-0.0196,0.0,-0.2097,-0.0954,-0.4792,0.5317,0.5312,1,1,2,0.976,0.583,0.417,0,0,0.0,2,DESCENT_PHASE,-0.0291,0.0248
1604,12.096,-15.3828,21.6003,0.3325,-0.015,0.0037,-0.0184,0.122,0.185,0.228,-15.5605,21.5474,0.2,0.0011,-0.027,0.0,-0.2144,-0.1059,-0.479,0.5354,0.5662,1,1,2,0.976,0.589,0.411,0,0,0.0,2,DESCENT_PHASE,-0.0161,0.0307
1605,12.103,-15.3828,21.6004,0.3321,-0.0041,0.0015,-0.0184,0.122,0.186,0.228,-15.5605,21.5467,0.2,0.0014,-0.0346,0.0,-0.2183,-0.1167,-0.479,0.5392,0.5319,1,1,2,0.976,0.587,0.413,0,0,0.0,2,DESCENT_PHASE,-0.0055,0.0361
1606,12.11,-15.3827,21.6004,0.3318,0.0068,0.0008,-0.0185,0.121,0.186,0.228,-15.5605,21.5459,0.2,0.0018,-0.042,0.0,-0.2225,-0.1279,-0.4789,0.5433,0.5665,1,1,2,0.976,0.592,0.408,0,0,0.0,2,DESCENT_PHASE,0.005,0.0427
1607,12.116,-15.3824,21.6004,0.3314,0.0156,-0.001,-0.0184,0.121,0.186,0.228,-15.5604,21.5449,0.2,0.0021,-0.0496,0.0,-0.2261,-0.1391,-0.479,0.5477,0.533,1,1,2,0.976,0.589,0.411,0,0,0.0,2,DESCENT_PHASE,0.0136,0.0486
1608,12.124,-15.3819,21.6003,0.331,0.0247,-0.0015,-0.0184,0.121,0.187,0.229,-15.5604,21.5438,0.2,0.0024,-0.057,0.0,-0.23,-0.1508,-0.4791,0.5524,0.5702,1,1,2,0.976,0.593,0.407,0,0,0.0,2,DESCENT_PHASE,0.0223,0.0555
1609,12.132,-15.3813,21.6003,0.3307,0.0319,-0.0034,-0.0183,0.12,0.188,0.229,-15.5603,21.5425,0.2,0.0027,-0.0645,0.0,-0.2333,-0.1621,-0.4792,0.5571,0.5375,1,1,2,0.976,0.589,0.411,0,0,0.0,2,DESCENT_PHASE,0.0292,0.0611
1610,12.139,-15.3805,21.6002,0.3303,0.0394,-0.004,-0.0184,0.12,0.189,0.23,-15.5603,21.541,0.2,0.003,-0.072,0.0,-0.2368,-0.1742,-0.479,0.5621,0.5648,1,1,2,0.976,0.59,0.41,0,0,0.0,2,DESCENT_PHASE,0.0364,0.068
1611,12.146,-15.3796,21.6001,0.3299,0.0452,-0.006,-0.0182,0.119,0.191,0.231,-15.5602,21.5395,0.2,0.0033,-0.0794,0.0,-0.2399,-0.1857,-0.4794,0.5673,0.5327,1,1,2,0.976,0.586,0.414,0,0,0.0,2,DESCENT_PHASE,0.0419,0.0734
1612,12.153,-15.3786,21.5999,0.3296,0.0505,-0.0077,-0.0178,0.119,0.192,0.232,-15.5601,21.5377,0.2,0.0036,-0.087,0.0,-0.2428,-0.1977,-0.48,0.5731,0.5749,1,1,2,0.976,0.589,0.411,0,0,0.0,2,DESCENT_PHASE,0.0469,0.0793
1613,12.16,-15.3775,21.5997,0.3292,0.0534,-0.0115,-0.0176,0.119,0.193,0.233,-15.56,21.5358,0.2,0.0039,-0.0944,0.0,-0.2448,-0.2087,-0.4804,0.5782,0.5438,1,1,2,0.976,0.586,0.414,0,0,0.0,2,DESCENT_PHASE,0.0495,0.0829
1614,12.167,-15.3764,21.5994,0.3289,0.0561,-0.0147,-0.0179,0.118,0.195,0.234,-15.56,21.5338,0.2,0.0042,-0.1019,0.0,-0.2467,-0.22,-0.4799,0.5827,0.5801,1,1,2,0.976,0.589,0.411,0,0,0.0,2,DESCENT_PHASE,0.0519,0.0872
1615,12.174,-15.3752,21.599,0.3285,0.0566,-0.0197,-0.0175,0.118,0.197,0.235,-15.5599,21.5316,0.2,0.0045,-0.1093,0.0,-0.2478,-0.2307,-0.4806,0.5879,0.546,1,1,2,0.976,0.599,0.401,0,0,0.0,2,DESCENT_PHASE,0.052,0.0896
1616,12.18,-15.3741,21.5985,0.3282,0.057,-0.0237,-0.0171,0.118,0.198,0.236,-15.5598,21.5293,0.2,0.0048,-0.1168,0.0,-0.2489,-0.242,-0.4812,0.5933,0.5742,1,1,2,0.976,0.601,0.399,0,0,0.0,2,DESCENT_PHASE,0.0521,0.0931
1617,12.187,-15.373,21.5979,0.3278,0.0553,-0.0294,-0.0169,0.117,0.2,0.237,-15.5597,21.5268,0.2,0.0052,-0.1242,0.0,-0.2489,-0.2524,-0.4816,0.598,0.5404,1,1,2,0.976,0.596,0.404,0,0,0.0,2,DESCENT_PHASE,0.0501,0.0948
1618,12.194,-15.3719,21.5972,0.3275,0.0538,-0.0346,-0.0166,0.117,0.201,0.238,-15.5596,21.5241,0.2,0.0054,-0.1317,0.0,-0.2491,-0.2632,-0.4821,0.6031,0.5791,1,1,2,0.976,0.598,0.402,0,0,0.0,2,DESCENT_PHASE,0.0483,0.0971
1619,12.201,-15.3709,21.5964,0.3272,0.0505,-0.042,-0.0165,0.117,0.203,0.239,-15.5594,21.5214,0.2,0.0058,-0.139,0.0,-0.2483,-0.273,-0.4822,0.6072,0.5455,1,1,2,0.976,0.595,0.405,0,0,0.0,2,DESCENT_PHASE,0.0447,0.0971
1620,12.208,-15.37,21.5954,0.3268,0.0476,-0.0485,-0.0163,0.116,0.204,0.241,-15.5593,21.5184,0.2,0.0061,-0.1465,0.0,-0.2478,-0.2832,-0.4825,0.6119,0.5845,1,1,2,0.976,0.597,0.403,0,0,0.0,2,DESCENT_PHASE,0.0416,0.098
1621,12.214,-15.3691,21.5943,0.3265,0.0432,-0.0568,-0.0164,0.116,0.206,0.242,-15.5592,21.5154,0.2,0.0064,-0.1539,0.0,-0.2464,-0.2927,-0.4824,0.6157,0.551,1,1,2,0.976,0.595,0.405,0,0,0.0,2,DESCENT_PHASE,0.0368,0.0971
1622,12.221,-15.3683,21.593,0.3262,0.0393,-0.0639,-0.0165,0.116,0.207,0.243,-15.5591,21.5121,0.2,0.0067,-0.1614,0.0,-0.2452,-0.3027,-0.4823,0.62,0.5751,1,1,2,0.976,0.595,0.405,0,0,0.0,2,DESCENT_PHASE,0.0326,0.0975
1623,12.228,-15.3676,21.5916,0.3259,0.0341,-0.0724,-0.0165,0.115,0.208,0.243,-15.5589,21.5088,0.2,0.007,-0.1687,0.0,-0.2433,-0.3119,-0.4823,0.6238,0.5416,1,1,2,0.976,0.588,0.412,0,0,0.0,2,DESCENT_PHASE,0.0271,0.0963
1624,12.235,-15.367,21.59,0.3255,0.0298,-0.0806,-0.0164,0.115,0.21,0.244,-15.5588,21.5052,0.2,0.0073,-0.1761,0.0,-0.2417,-0.3215,-0.4824,0.628,0.5812,1,1,2,0.976,0.59,0.41,0,0,0.0,2,DESCENT_PHASE,0.0226,0.0956
1625,12.242,-15.3665,21.5881,0.3252,0.0246,-0.091,-0.0166,0.115,0.211,0.245,-15.5586,21.5016,0.2,0.0076,-0.1835,0.0,-0.2395,-0.3298,-0.4821,0.6313,0.5475,1,1,2,0.976,0.584,0.416,0,0,0.0,2,DESCENT_PHASE,0.017,0.0925
1626,12.248,-15.3661,21.5861,0.3249,0.0204,-0.1007,-0.0166,0.114,0.212,0.246,-15.5585,21.4977,0.2,0.0079,-0.1909,0.0,-0.2376,-0.3386,-0.4821,0.6352,0.5875,1,1,2,0.976,0.587,0.413,0,0,0.0,2,DESCENT_PHASE,0.0125,0.0902
1627,12.256,-15.3658,21.5839,0.3245,0.0155,-0.1123,-0.0168,0.114,0.213,0.246,-15.5583,21.4938,0.2,0.0082,-0.1982,0.0,-0.2353,-0.3461,-0.4818,0.6382,0.5536,1,1,2,0.976,0.582,0.418,0,0,0.0,2,DESCENT_PHASE,0.0073,0.0859
1628,12.263,-15.3656,21.5814,0.3242,0.0118,-0.1228,-0.0168,0.114,0.213,0.247,-15.5581,21.4897,0.2,0.0085,-0.2056,0.0,-0.2335,-0.3544,-0.4817,0.642,0.5939,1,1,2,0.976,0.587,0.413,0,0,0.0,2,DESCENT_PHASE,0.0033,0.0828
1629,12.269,-15.3654,21.5787,0.3239,0.0076,-0.1348,-0.017,0.113,0.214,0.247,-15.5579,21.4854,0.2,0.0089,-0.2129,0.0,-0.2312,-0.3616,-0.4814,0.645,0.5598,1,1,2,0.976,0.583,0.417,0,0,0.0,2,DESCENT_PHASE,-0.0013,0.0781
1630,12.279,-15.3653,21.5758,0.3235,0.0048,-0.1452,-0.0171,0.113,0.215,0.248,-15.5578,21.481,0.2,0.0091,-0.2203,0.0,-0.2296,-0.3697,-0.4813,0.6489,0.6004,1,1,2,0.976,0.588,0.412,0,0,0.0,2,DESCENT_PHASE,-0.0043,0.0751
1631,12.286,-15.3653,21.5727,0.3232,0.0016,-0.1568,-0.0172,0.113,0.215,0.248,-15.5576,21.4765,0.2,0.0095,-0.2275,0.0,-0.2276,-0.3769,-0.4811,0.6522,0.566,1,1,2,0.976,0.586,0.414,0,0,0.0,2,DESCENT_PHASE,-0.0079,0.0707
1632,12.293,-15.3653,21.5694,0.3228,-0.0001,-0.1665,-0.0172,0.112,0.215,0.248,-15.5574,21.4718,0.2,0.0097,-0.2349,0.0,-0.2263,-0.385,-0.4811,0.6565,0.6055,1,1,2,0.976,0.592,0.408,0,0,0.0,2,DESCENT_PHASE,-0.0098,0.0684
1633,12.3,-15.3653,21.5658,0.3225,-0.0019,-0.1769,-0.0172,0.112,0.216,0.248,-15.5572,21.4669,0.2,0.0101,-0.2421,0.0,-0.2248,-0.3926,-0.481,0.6604,0.5707,1,1,2,0.976,0.59,0.41,0,0,0.0,2,DESCENT_PHASE,-0.012,0.0652
1634,12.306,-15.3654,21.5621,0.3221,-0.002,-0.1851,-0.0173,0.112,0.216,0.248,-15.557,21.4619,0.2,0.0103,-0.2494,0.0,-0.2241,-0.4011,-0.4808,0.665,0.5953,1,1,2,0.976,0.593,0.407,0,0,0.0,2,DESCENT_PHASE,-0.0124,0.0643
1635,12.313,-15.3654,21.5582,0.3218,-0.0021,-0.1938,-0.0172,0.111,0.217,0.248,-15.5568,21.4568,0.2,0.0107,-0.2567,0.0,-0.2232,-0.4094,-0.481,0.6699,0.5601,1,1,2,0.976,0.588,0.412,0,0,0.0,2,DESCENT_PHASE,-0.0128,0.0629
1636,12.32,-15.3654,21.5542,0.3215,-0.0007,-0.2013,-0.0171,0.111,0.217,0.249,-15.5565,21.4515,0.2,0.011,-0.2639,0.0,-0.2231,-0.418,-0.4812,0.6753,0.602,1,1,2,0.976,0.592,0.408,0,0,0.0,2,DESCENT_PHASE,-0.0117,0.0625
1637,12.328,-15.3654,21.55,0.3211,0.0005,-0.2104,-0.0171,0.111,0.217,0.249,-15.5563,21.4461,0.2,0.0113,-0.2712,0.0,-0.2229,-0.4261,-0.4812,0.6803,0.5666,1,1,2,0.976,0.587,0.413,0,0,0.0,2,DESCENT_PHASE,-0.0108,0.0609
1638,12.335,-15.3654,21.5457,0.3208,0.0034,-0.2177,-0.0173,0.11,0.218,0.249,-15.5561,21.4405,0.2,0.0116,-0.2784,0.0,-0.2235,-0.4347,-0.481,0.6857,0.6026,1,1,2,0.976,0.593,0.407,0,0,0.0,2,DESCENT_PHASE,-0.0082,0.0606
1639,12.342,-15.3652,21.5411,0.3204,0.0063,-0.2263,-0.0172,0.11,0.218,0.249,-15.5558,21.4348,0.2,0.0118,-0.2855,0.0,-0.2242,-0.4428,-0.481,0.6911,0.5666,1,1,2,0.976,0.59,0.41,0,0,0.0,2,DESCENT_PHASE,-0.0055,0.0593
1640,12.349,-15.365,21.5365,0.3201,0.0094,-0.2332,-0.0172,0.11,0.219,0.25,-15.5556,21.429,0.2,0.0122,-0.2928,0.0,-0.2249,-0.4516,-0.4811,0.6971,0.6091,1,1,2,0.976,0.596,0.404,0,0,0.0,2,DESCENT_PHASE,-0.0027,0.0595
1641,12.356,-15.3648,21.5316,0.3197,0.0111,-0.2415,-0.0172,0.109,0.219,0.25,-15.5554,21.423,0.2,0.0125,-0.3,0.0,-0.2251,-0.4599,-0.4811,0.7026,0.5733,1,1,2,0.976,0.594,0.406,0,0,0.0,2,DESCENT_PHASE,-0.0014,0.0585
1642,12.363,-15.3646,21.5267,0.3194,0.0131,-0.2479,-0.0172,0.109,0.22,0.25,-15.5551,21.4168,0.2,0.0127,-0.3071,0.0,-0.2256,-0.4687,-0.4811,0.7085,0.6052,1,1,2,0.976,0.598,0.402,0,0,0.0,2,DESCENT_PHASE,0.0004,0.0592
1643,12.37,-15.3643,21.5216,0.319,0.0139,-0.2551,-0.0172,0.109,0.221,0.251,-15.5548,21.4105,0.2,0.0131,-0.3142,0.0,-0.2254,-0.4773,-0.4811,0.7142,0.5696,1,1,2,0.976,0.594,0.406,0,0,0.0,2,DESCENT_PHASE,0.0008,0.0591
1644,12.377,-15.364,21.5164,0.318,0.015,-0.2598,-0.0538,0.107,0.221,0.251,-15.5546,21.4041,0.2,0.0134,-0.3214,0.0,-0.2256,-0.487,-0.4189,0.6808,0.5453,1,1,2,0.976,0.585,0.415,0,0,0.0,2,DESCENT_PHASE,0.0017,0.0616
1645,12.383,-15.3637,21.5111,0.3164,0.0154,-0.2662,-0.0763,0.106,0.222,0.251,-15.5543,21.3975,0.2,0.0136,-0.3285,0.0,-0.2254,-0.496,-0.3806,0.6646,0.5869,1,1,2,0.976,0.585,0.415,0,0,0.0,2,DESCENT_PHASE,0.0018,0.0624
1646,12.39,-15.3634,21.5055,0.3146,0.0133,-0.2762,-0.0904,0.104,0.222,0.25,-15.554,21.3908,0.2,0.0139,-0.3355,0.0,-0.2241,-0.5032,-0.3566,0.6562,0.5653,1,1,2,0.975,0.576,0.424,0,0,0.0,2,DESCENT_PHASE,-0.0007,0.0593
1647,12.397,-15.3632,21.4998,0.3126,0.0093,-0.2872,-0.0996,0.102,0.223,0.25,-15.5537,21.384,0.2,0.0143,-0.3427,0.0,-0.2218,-0.5102,-0.3409,0.6525,0.602,1,1,2,0.976,0.579,0.421,0,0,0.0,2,DESCENT_PHASE,-0.005,0.0555
1648,12.404,-15.3632,21.4938,0.3105,0.0017,-0.3011,-0.1052,0.1,0.223,0.249,-15.5534,21.377,0.2,0.0145,-0.3497,0.0,-0.218,-0.5156,-0.3315,0.6506,0.5734,1,1,2,0.975,0.57,0.43,0,0,0.0,2,DESCENT_PHASE,-0.0128,0.0486
1649,12.41,-15.3633,21.4875,0.3084,-0.0078,-0.3151,-0.1088,0.098,0.223,0.248,-15.5531,21.3698,0.2,0.0148,-0.3568,0.0,-0.2132,-0.5209,-0.3253,0.6501,0.5999,1,1,2,0.976,0.572,0.428,0,0,0.0,2,DESCENT_PHASE,-0.0226,0.0417
1650,12.417,-15.3637,21.4808,0.3061,-0.0177,-0.3313,-0.1114,0.096,0.223,0.247,-15.5528,21.3626,0.2,0.0151,-0.3637,0.0,-0.2079,-0.5249,-0.321,0.6494,0.5837,1,1,2,0.976,0.57,0.43,0,0,0.0,2,DESCENT_PHASE,-0.0328,0.0325
1651,12.424,-15.3643,21.4739,0.3039,-0.0291,-0.3475,-0.1132,0.093,0.223,0.246,-15.5525,21.3551,0.2,0.0154,-0.3708,0.0,-0.2017,-0.5288,-0.3179,0.6491,0.6034,1,1,2,0.976,0.568,0.432,0,0,0.0,2,DESCENT_PHASE,-0.0445,0.0233
1652,12.431,-15.3651,21.4666,0.3016,-0.0392,-0.365,-0.1146,0.091,0.222,0.244,-15.5522,21.3476,0.2,0.0157,-0.3777,0.0,-0.1957,-0.5316,-0.3154,0.6484,0.5848,1,1,2,0.976,0.573,0.427,0,0,0.0,2,DESCENT_PHASE,-0.0549,0.0127
1653,12.438,-15.3661,21.459,0.2993,-0.0508,-0.382,-0.1158,0.089,0.221,0.242,-15.5519,21.3399,0.2,0.016,-0.3847,0.0,-0.1889,-0.5346,-0.3135,0.6479,0.6038,1,1,2,0.976,0.573,0.427,0,0,0.0,2,DESCENT_PHASE,-0.0667,0.0027
1654,12.445,-15.3673,21.451,0.2969,-0.0607,-0.4,-0.1168,0.086,0.219,0.24,-15.5516,21.3321,0.2,0.0163,-0.3916,0.0,-0.1825,-0.5367,-0.3117,0.6469,0.5922,1,1,2,0.976,0.572,0.428,0,0,0.0,2,DESCENT_PHASE,-0.077,-0.0084
1655,12.451,-15.3688,21.4425,0.2953,-0.074,-0.4205,-0.0831,0.085,0.218,0.237,-15.5512,21.3241,0.2,0.0166,-0.3985,0.0,-0.1743,-0.5376,-0.369,0.675,0.634,1,1,2,0.976,0.581,0.419,0,0,0.0,2,DESCENT_PHASE,-0.0906,-0.0219
1656,12.458,-15.3705,21.4337,0.294,-0.0847,-0.4401,-0.0612,0.084,0.215,0.235,-15.5509,21.316,0.2,0.0168,-0.4054,0.0,-0.1669,-0.5383,-0.4063,0.6948,0.5967,1,1,2,0.976,0.581,0.419,0,0,0.0,2,DESCENT_PHASE,-0.1016,-0.0347
1657,12.465,-15.3723,21.4246,0.2931,-0.0914,-0.4554,-0.0469,0.083,0.213,0.233,-15.5506,21.3077,0.2,0.0171,-0.4123,0.0,-0.1611,-0.5406,-0.4306,0.7097,0.6378,1,1,2,0.976,0.593,0.407,0,0,0.0,2,DESCENT_PHASE,-0.1085,-0.0431
1658,12.472,-15.3742,21.4152,0.2924,-0.0961,-0.4699,-0.0372,0.082,0.211,0.23,-15.5502,21.2994,0.2,0.0174,-0.4191,0.0,-0.1558,-0.5431,-0.4471,0.7205,0.5994,1,1,2,0.976,0.594,0.406,0,0,0.0,2,DESCENT_PHASE,-0.1135,-0.0507
1659,12.479,-15.3762,21.4056,0.2917,-0.097,-0.4802,-0.0306,0.081,0.208,0.228,-15.5499,21.2908,0.2,0.0177,-0.4259,0.0,-0.1521,-0.547,-0.4583,0.7297,0.6408,1,1,2,0.976,0.6,0.4,0,0,0.0,2,DESCENT_PHASE,-0.1147,-0.0543
1660,12.485,-15.3781,21.3958,0.2912,-0.0961,-0.4895,-0.0258,0.081,0.206,0.225,-15.5495,21.2822,0.2,0.018,-0.4328,0.0,-0.1492,-0.5514,-0.4664,0.7375,0.6017,1,1,2,0.976,0.598,0.402,0,0,0.0,2,DESCENT_PHASE,-0.1141,-0.0568
1661,12.492,-15.3799,21.386,0.2908,-0.0916,-0.4945,-0.0227,0.08,0.203,0.223,-15.5491,21.2734,0.2,0.0183,-0.4395,0.0,-0.1478,-0.5574,-0.4717,0.745,0.626,1,1,2,0.978,0.607,0.393,0,0,0.0,2,DESCENT_PHASE,-0.1099,-0.0551
1662,12.499,-15.3816,21.376,0.2904,-0.0852,-0.4981,-0.0205,0.08,0.201,0.22,-15.5488,21.2645,0.2,0.0185,-0.4463,0.0,-0.1475,-0.5643,-0.4754,0.7524,0.5956,1,1,2,0.978,0.603,0.397,0,0,0.0,2,DESCENT_PHASE,-0.1037,-0.0518
1663,12.506,-15.3832,21.366,0.29,-0.0782,-0.4986,-0.019,0.079,0.199,0.218,-15.5484,21.2554,0.2,0.0188,-0.453,0.0,-0.1475,-0.5724,-0.4781,0.7602,0.6091,1,1,2,0.978,0.61,0.39,0,0,0.0,2,DESCENT_PHASE,-0.097,-0.0456
1664,12.513,-15.3846,21.3561,0.2896,-0.0692,-0.4979,-0.018,0.079,0.197,0.216,-15.548,21.2462,0.2,0.0191,-0.4597,0.0,-0.1486,-0.5811,-0.4797,0.768,0.5839,1,1,2,0.978,0.608,0.392,0,0,0.0,2,DESCENT_PHASE,-0.0883,-0.0383
1665,12.519,-15.3858,21.3462,0.2893,-0.0609,-0.4953,-0.0174,0.079,0.195,0.215,-15.5476,21.2369,0.2,0.0194,-0.4664,0.0,-0.1496,-0.591,-0.4807,0.7764,0.6036,1,1,2,0.978,0.608,0.392,0,0,0.0,2,DESCENT_PHASE,-0.0803,-0.0289
1666,12.526,-15.3868,21.3363,0.2889,-0.0501,-0.4925,-0.0181,0.078,0.194,0.213,-15.5472,21.2274,0.2,0.0196,-0.473,0.0,-0.1519,-0.601,-0.4796,0.7838,0.5773,1,1,2,0.978,0.606,0.394,0,0,0.0,2,DESCENT_PHASE,-0.0698,-0.0194
1667,12.533,-15.3876,21.3265,0.2886,-0.0397,-0.4879,-0.0179,0.078,0.193,0.212,-15.5468,21.2178,0.2,0.0199,-0.4797,0.0,-0.1544,-0.6122,-0.4799,0.7931,0.6075,1,1,2,0.978,0.612,0.388,0,0,0.0,2,DESCENT_PHASE,-0.0596,-0.0082
1668,12.54,-15.3882,21.3169,0.2882,-0.0287,-0.4839,-0.0178,0.078,0.192,0.211,-15.5464,21.2081,0.2,0.0202,-0.4863,0.0,-0.1573,-0.6232,-0.4801,0.8023,0.5869,1,1,2,0.978,0.609,0.391,0,0,0.0,2,DESCENT_PHASE,-0.0489,0.0024
1669,12.547,-15.3885,21.3073,0.2879,-0.0193,-0.4787,-0.0178,0.077,0.192,0.211,-15.546,21.1983,0.2,0.0205,-0.4929,0.0,-0.1598,-0.635,-0.48,0.8119,0.607,1,1,2,0.978,0.612,0.388,0,0,0.0,2,DESCENT_PHASE,-0.0398,0.0142
1670,12.554,-15.3887,21.2978,0.2875,-0.0081,-0.4739,-0.0182,0.077,0.191,0.21,-15.5456,21.1883,0.2,0.0207,-0.4993,0.0,-0.1634,-0.6468,-0.4794,0.8215,0.5781,1,1,2,0.978,0.607,0.393,0,0,0.0,2,DESCENT_PHASE,-0.0288,0.0254
1671,12.562,-15.3887,21.2884,0.2871,0.0021,-0.4686,-0.0184,0.077,0.191,0.21,-15.5452,21.1781,0.2,0.021,-0.5059,0.0,-0.1668,-0.6593,-0.479,0.8318,0.6144,1,1,2,0.978,0.61,0.39,0,0,0.0,2,DESCENT_PHASE,-0.0189,0.0373
1672,12.569,-15.3884,21.2791,0.2867,0.0119,-0.4652,-0.0186,0.076,0.192,0.211,-15.5448,21.1679,0.2,0.0213,-0.5125,0.0,-0.1702,-0.6712,-0.4788,0.8418,0.5862,1,1,2,0.978,0.611,0.389,0,0,0.0,2,DESCENT_PHASE,-0.0094,0.0473
1673,12.577,-15.388,21.2699,0.2864,0.0204,-0.4613,-0.0192,0.076,0.193,0.211,-15.5443,21.1575,0.2,0.0216,-0.5189,0.0,-0.1734,-0.6833,-0.4776,0.8515,0.6138,1,1,2,0.978,0.614,0.386,0,0,0.0,2,DESCENT_PHASE,-0.0012,0.0576
1674,12.584,-15.3875,21.2607,0.286,0.0283,-0.4592,-0.0189,0.075,0.193,0.212,-15.5439,21.147,0.2,0.0218,-0.5253,0.0,-0.1765,-0.6949,-0.4781,0.8617,0.5841,1,1,2,0.978,0.608,0.392,0,0,0.0,2,DESCENT_PHASE,0.0065,0.0661
1675,12.591,-15.3868,21.2516,0.2856,0.0345,-0.4568,-0.0185,0.075,0.194,0.212,-15.5434,21.1364,0.2,0.0221,-0.5318,0.0,-0.1788,-0.7069,-0.4788,0.8723,0.6049,1,1,2,0.978,0.609,0.391,0,0,0.0,2,DESCENT_PHASE,0.0123,0.075
1676,12.598,-15.3859,21.2425,0.2852,0.041,-0.4561,-0.0184,0.075,0.196,0.214,-15.543,21.1256,0.2,0.0223,-0.5382,0.0,-0.1818,-0.7183,-0.4789,0.8822,0.5802,1,1,2,0.978,0.607,0.393,0,0,0.0,2,DESCENT_PHASE,0.0187,0.0821
1677,12.605,-15.385,21.2334,0.2849,0.0452,-0.4556,-0.018,0.074,0.197,0.215,-15.5425,21.1147,0.2,0.0226,-0.5445,0.0,-0.1836,-0.7296,-0.4796,0.8922,0.601,1,1,2,0.978,0.607,0.393,0,0,0.0,2,DESCENT_PHASE,0.0225,0.0889
1678,12.612,-15.384,21.2242,0.2845,0.0501,-0.457,-0.0183,0.074,0.199,0.216,-15.5421,21.1037,0.2,0.0229,-0.5508,0.0,-0.1859,-0.7404,-0.4791,0.9013,0.5814,1,1,2,0.978,0.604,0.396,0,0,0.0,2,DESCENT_PHASE,0.0272,0.0939
1679,12.62,-15.383,21.215,0.2842,0.0528,-0.4588,-0.0178,0.074,0.2,0.217,-15.5416,21.0926,0.2,0.0231,-0.557,0.0,-0.1875,-0.7508,-0.4801,0.9107,0.6049,1,1,2,0.978,0.609,0.391,0,0,0.0,2,DESCENT_PHASE,0.0297,0.0983
1680,12.627,-15.3818,21.2058,0.2838,0.0567,-0.4627,-0.0174,0.073,0.202,0.219,-15.5412,21.0813,0.2,0.0234,-0.5634,0.0,-0.1895,-0.7607,-0.4808,0.9196,0.5838,1,1,2,0.976,0.602,0.398,0,0,0.0,2,DESCENT_PHASE,0.0332,0.1008
1681,12.634,-15.3807,21.1964,0.2835,0.0585,-0.4671,-0.0171,0.073,0.204,0.22,-15.5407,21.0699,0.2,0.0237,-0.5696,0.0,-0.1908,-0.7702,-0.4813,0.928,0.607,1,1,2,0.976,0.602,0.398,0,0,0.0,2,DESCENT_PHASE,0.0349,0.1025
1682,12.641,-15.3794,21.187,0.2831,0.0618,-0.4739,-0.017,0.073,0.206,0.222,-15.5402,21.0584,0.2,0.0239,-0.5757,0.0,-0.1927,-0.7785,-0.4813,0.9354,0.5965,1,1,2,0.976,0.594,0.406,0,0,0.0,2,DESCENT_PHASE,0.0379,0.1018
1683,12.648,-15.3782,21.1773,0.2828,0.0634,-0.4815,-0.0168,0.072,0.208,0.224,-15.5397,21.0468,0.2,0.0242,-0.582,0.0,-0.1939,-0.7868,-0.4817,0.9427,0.6196,1,1,2,0.976,0.596,0.404,0,0,0.0,2,DESCENT_PHASE,0.0392,0.1006
1684,12.655,-15.3769,21.1675,0.2825,0.0657,-0.4907,-0.0167,0.072,0.21,0.225,-15.5392,21.035,0.2,0.0245,-0.5881,0.0,-0.1955,-0.794,-0.4819,0.9491,0.5977,1,1,2,0.976,0.588,0.412,0,0,0.0,2,DESCENT_PHASE,0.0412,0.0975
1685,12.662,-15.3755,21.1575,0.2821,0.0657,-0.5,-0.0168,0.072,0.211,0.227,-15.5387,21.0231,0.2,0.0247,-0.5942,0.0,-0.1963,-0.8011,-0.4817,0.9551,0.6198,1,1,2,0.976,0.588,0.412,0,0,0.0,2,DESCENT_PHASE,0.0411,0.0942
1686,12.669,-15.3742,21.1473,0.2818,0.0668,-0.5112,-0.0169,0.071,0.213,0.228,-15.5382,21.0111,0.2,0.0249,-0.6003,0.0,-0.1973,-0.8073,-0.4815,0.9605,0.6165,1,1,2,0.976,0.585,0.415,0,0,0.0,2,DESCENT_PHASE,0.0419,0.0891
1687,12.676,-15.3729,21.1368,0.2814,0.0659,-0.5228,-0.0171,0.071,0.215,0.23,-15.5377,20.999,0.2,0.0252,-0.6063,0.0,-0.1976,-0.8131,-0.4812,0.9652,0.6319,1,1,2,0.976,0.596,0.404,0,0,0.0,2,DESCENT_PHASE,0.0407,0.0836
1688,12.683,-15.3716,21.1262,0.2811,0.0658,-0.5349,-0.0171,0.071,0.217,0.231,-15.5372,20.9867,0.2,0.0255,-0.6124,0.0,-0.1982,-0.8185,-0.4813,0.9699,0.6129,1,1,2,0.976,0.594,0.406,0,0,0.0,2,DESCENT_PHASE,0.0403,0.0775
1689,12.69,-15.3703,21.1152,0.2808,0.0631,-0.5458,-0.0177,0.07,0.218,0.233,-15.5367,20.9744,0.2,0.0257,-0.6184,0.0,-0.1977,-0.8243,-0.4802,0.9742,0.6309,1,1,2,0.976,0.604,0.396,0,0,0.0,2,DESCENT_PHASE,0.0374,0.0726
1690,12.697,-15.3691,21.1041,0.2804,0.0609,-0.557,-0.0175,0.07,0.219,0.234,-15.5362,20.9619,0.2,0.0259,-0.6243,0.0,-0.1973,-0.8296,-0.4806,0.9789,0.6069,1,1,2,0.976,0.602,0.398,0,0,0.0,2,DESCENT_PHASE,0.035,0.0672
1691,12.704,-15.368,21.0928,0.2801,0.056,-0.5671,-0.0175,0.07,0.221,0.235,-15.5357,20.9493,0.2,0.0262,-0.6302,0.0,-0.1957,-0.8354,-0.4805,0.9834,0.6275,1,1,2,0.977,0.608,0.392,0,0,0.0,2,DESCENT_PHASE,0.0298,0.0631
1692,12.71,-15.3669,21.0812,0.279,0.0526,-0.5756,-0.0531,0.068,0.222,0.236,-15.5351,20.9365,0.2,0.0264,-0.6361,0.0,-0.1946,-0.8418,-0.42,0.9606,0.5915,1,1,2,0.977,0.607,0.393,0,0,0.0,2,DESCENT_PHASE,0.0261,0.0605
1693,12.717,-15.366,21.0696,0.2775,0.0476,-0.5838,-0.0753,0.067,0.223,0.236,-15.5346,20.9237,0.2,0.0267,-0.6419,0.0,-0.1926,-0.8481,-0.3822,0.9499,0.5703,1,1,2,0.977,0.596,0.404,0,0,0.0,2,DESCENT_PHASE,0.0209,0.0581
1694,12.724,-15.3652,21.0577,0.2757,0.0398,-0.5938,-0.0893,0.065,0.224,0.236,-15.5341,20.9108,0.2,0.0269,-0.6477,0.0,-0.1895,-0.8535,-0.3584,0.9449,0.5953,1,1,2,0.977,0.587,0.413,0,0,0.0,2,DESCENT_PHASE,0.0129,0.054
1695,12.731,-15.3646,21.0455,0.2737,0.0311,-0.607,-0.0989,0.063,0.225,0.236,-15.5335,20.8977,0.2,0.0271,-0.6536,0.0,-0.1857,-0.8575,-0.3422,0.9417,0.5985,1,1,2,0.976,0.584,0.416,0,0,0.0,2,DESCENT_PHASE,0.004,0.0466
1696,12.738,-15.3642,21.0331,0.2716,0.0196,-0.6218,-0.1052,0.061,0.225,0.236,-15.533,20.8845,0.2,0.0274,-0.6592,0.0,-0.1805,-0.8603,-0.3314,0.9394,0.6194,1,1,2,0.977,0.579,0.421,0,0,0.0,2,DESCENT_PHASE,-0.0077,0.0374
1697,12.745,-15.364,21.0204,0.2694,0.0079,-0.6381,-0.1088,0.059,0.225,0.235,-15.5324,20.8712,0.2,0.0277,-0.665,0.0,-0.1748,-0.8625,-0.3253,0.9382,0.6011,1,1,2,0.977,0.587,0.413,0,0,0.0,2,DESCENT_PHASE,-0.0198,0.0269
1698,12.752,-15.3641,21.0073,0.2672,-0.0071,-0.6544,-0.1117,0.057,0.225,0.235,-15.5319,20.8578,0.2,0.0278,-0.6706,0.0,-0.1675,-0.8641,-0.3205,0.9367,0.6401,1,1,2,0.977,0.584,0.416,0,0,0.0,2,DESCENT_PHASE,-0.0349,0.0162
1699,12.759,-15.3646,20.9938,0.2649,-0.0219,-0.6723,-0.1138,0.054,0.224,0.233,-15.5313,20.8443,0.2,0.0281,-0.6763,0.0,-0.1598,-0.8648,-0.3168,0.9348,0.6059,1,1,2,0.977,0.587,0.413,0,0,0.0,2,DESCENT_PHASE,-0.05,0.004
1700,12.766,-15.3653,20.98,0.2626,-0.0357,-0.6886,-0.1153,0.052,0.223,0.232,-15.5307,20.8306,0.2,0.0283,-0.6819,0.0,-0.1523,-0.8659,-0.3143,0.9337,0.648,1,1,2,0.977,0.589,0.411,0,0,0.0,2,DESCENT_PHASE,-0.064,-0.0067
1701,12.773,-15.3663,20.9659,0.2603,-0.0497,-0.7062,-0.1166,0.05,0.222,0.23,-15.5302,20.8169,0.2,0.0286,-0.6874,0.0,-0.1442,-0.866,-0.312,0.9317,0.6138,1,1,2,0.977,0.584,0.416,0,0,0.0,2,DESCENT_PHASE,-0.0783,-0.0188
1702,12.78,-15.3675,20.9515,0.2579,-0.0624,-0.7219,-0.118,0.047,0.22,0.227,-15.5296,20.803,0.2,0.0288,-0.6928,0.0,-0.1364,-0.8665,-0.3097,0.9302,0.6542,1,1,2,0.978,0.596,0.404,0,0,0.0,2,DESCENT_PHASE,-0.0911,-0.029
1703,12.787,-15.3691,20.9367,0.2562,-0.0776,-0.7416,-0.0843,0.046,0.218,0.225,-15.529,20.7891,0.2,0.029,-0.6985,0.0,-0.1271,-0.8652,-0.3669,0.9484,0.6465,1,1,2,0.978,0.605,0.395,0,0,0.0,2,DESCENT_PHASE,-0.1066,-0.0432
1704,12.794,-15.3709,20.9215,0.255,-0.0904,-0.7577,-0.0628,0.044,0.215,0.222,-15.5284,20.775,0.2,0.0292,-0.7038,0.0,-0.1185,-0.8648,-0.4036,0.9617,0.6629,1,1,2,0.978,0.614,0.386,0,0,0.0,2,DESCENT_PHASE,-0.1196,-0.0539
1705,12.801,-15.3729,20.9061,0.254,-0.0979,-0.7713,-0.0484,0.044,0.212,0.219,-15.5278,20.7608,0.2,0.0295,-0.7092,0.0,-0.1118,-0.8653,-0.4281,0.9719,0.6407,1,1,2,0.978,0.616,0.384,0,0,0.0,2,DESCENT_PHASE,-0.1274,-0.062
1706,12.809,-15.3749,20.8905,0.2533,-0.1042,-0.781,-0.0379,0.043,0.21,0.216,-15.5273,20.7465,0.2,0.0297,-0.7147,0.0,-0.1056,-0.8673,-0.4459,0.9809,0.6561,1,1,2,0.978,0.623,0.377,0,0,0.0,2,DESCENT_PHASE,-0.1338,-0.0664
1707,12.816,-15.3771,20.8747,0.2526,-0.1058,-0.7887,-0.0308,0.042,0.207,0.213,-15.5267,20.7321,0.2,0.0299,-0.7199,0.0,-0.1011,-0.8698,-0.458,0.9882,0.6343,1,1,2,0.978,0.619,0.381,0,0,0.0,2,DESCENT_PHASE,-0.1357,-0.0687
1708,12.823,-15.3792,20.8588,0.2521,-0.1061,-0.793,-0.0256,0.042,0.204,0.21,-15.5261,20.7176,0.2,0.0301,-0.7253,0.0,-0.0972,-0.8738,-0.4668,0.9954,0.6494,1,1,2,0.978,0.621,0.379,0,0,0.0,2,DESCENT_PHASE,-0.1362,-0.0677
1709,12.83,-15.3812,20.8429,0.2517,-0.1016,-0.7954,-0.0222,0.041,0.201,0.207,-15.5254,20.703,0.2,0.0303,-0.7305,0.0,-0.0954,-0.8786,-0.4725,1.0021,0.6146,1,1,2,0.978,0.62,0.38,0,0,0.0,2,DESCENT_PHASE,-0.132,-0.0649
1710,12.837,-15.3831,20.827,0.2513,-0.0957,-0.7948,-0.02,0.041,0.198,0.205,-15.5248,20.6883,0.2,0.0306,-0.7357,0.0,-0.0943,-0.8846,-0.4764,1.0091,0.6457,1,1,2,0.978,0.617,0.383,0,0,0.0,2,DESCENT_PHASE,-0.1263,-0.0591
1711,12.844,-15.3849,20.8111,0.2509,-0.0879,-0.7935,-0.0189,0.04,0.196,0.202,-15.5242,20.6734,0.2,0.0308,-0.7409,0.0,-0.0942,-0.8912,-0.4781,1.0157,0.6055,1,1,2,0.978,0.621,0.379,0,0,0.0,2,DESCENT_PHASE,-0.1187,-0.0526
1712,12.852,-15.3865,20.7954,0.2506,-0.0787,-0.7892,-0.0179,0.04,0.194,0.2,-15.5236,20.6585,0.2,0.031,-0.7461,0.0,-0.0949,-0.8992,-0.4799,1.0236,0.6436,1,1,2,0.979,0.625,0.375,0,0,0.0,2,DESCENT_PHASE,-0.1097,-0.0432
1713,12.859,-15.3878,20.7797,0.2502,-0.0695,-0.7852,-0.0172,0.04,0.192,0.198,-15.523,20.6435,0.2,0.0312,-0.7511,0.0,-0.0959,-0.9072,-0.4811,1.0313,0.6043,1,1,2,0.979,0.62,0.38,0,0,0.0,2,DESCENT_PHASE,-0.1007,-0.034
1714,12.866,-15.389,20.7641,0.2499,-0.0587,-0.7786,-0.0171,0.039,0.19,0.197,-15.5223,20.6284,0.2,0.0314,-0.7562,0.0,-0.0978,-0.9165,-0.4813,1.0398,0.6438,1,1,2,0.979,0.623,0.377,0,0,0.0,2,DESCENT_PHASE,-0.0901,-0.0224
1715,12.873,-15.39,20.7486,0.2495,-0.0474,-0.7726,-0.017,0.039,0.189,0.195,-15.5217,20.6132,0.2,0.0316,-0.7611,0.0,-0.1002,-0.9257,-0.4814,1.0482,0.6044,1,1,2,0.979,0.627,0.373,0,0,0.0,2,DESCENT_PHASE,-0.079,-0.0115
1716,12.88,-15.3907,20.7333,0.2492,-0.0356,-0.7645,-0.0174,0.039,0.188,0.194,-15.5211,20.5978,0.2,0.0318,-0.7662,0.0,-0.1024,-0.9296,-0.4773,1.05,0.6266,1,1,2,0.979,0.62,0.38,0,0,0.0,2,DESCENT_PHASE,-0.0674,0.0017
1717,12.887,-15.3912,20.7182,0.2488,-0.0243,-0.7572,-0.0181,0.038,0.187,0.194,-15.5204,20.5824,0.2,0.032,-0.771,0.0,-0.1045,-0.932,-0.4722,1.05,0.5915,1,1,2,0.978,0.615,0.385,0,0,0.0,2,DESCENT_PHASE,-0.0563,0.0138
1718,12.894,-15.3914,20.7032,0.2484,-0.0115,-0.7495,-0.0184,0.038,0.187,0.193,-15.5198,20.5669,0.2,0.0322,-0.776,0.0,-0.1074,-0.9341,-0.4674,1.05,0.6248,1,1,2,0.978,0.616,0.384,0,0,0.0,2,DESCENT_PHASE,-0.0437,0.0265
1719,12.901,-15.3914,20.6883,0.2481,0.0016,-0.7444,-0.0186,0.038,0.187,0.193,-15.5191,20.5513,0.2,0.0324,-0.7808,0.0,-0.1108,-0.9358,-0.4631,1.05,0.5998,1,1,2,0.978,0.614,0.386,0,0,0.0,2,DESCENT_PHASE,-0.0308,0.0364
1720,12.908,-15.3911,20.6735,0.2477,0.0135,-0.7398,-0.0186,0.037,0.188,0.194,-15.5185,20.5356,0.2,0.0326,-0.7856,0.0,-0.1139,-0.9374,-0.4592,1.05,0.6224,1,1,2,0.978,0.615,0.385,0,0,0.0,2,DESCENT_PHASE,-0.0191,0.0459
1721,12.915,-15.3906,20.6588,0.2473,0.0259,-0.7377,-0.0186,0.037,0.188,0.194,-15.5178,20.5198,0.2,0.0329,-0.7904,0.0,-0.1174,-0.9387,-0.4556,1.05,0.6107,1,1,2,0.978,0.613,0.387,0,0,0.0,2,DESCENT_PHASE,-0.007,0.0527
1722,12.922,-15.3899,20.644,0.247,0.0355,-0.7369,-0.0184,0.036,0.189,0.195,-15.5172,20.5039,0.2,0.033,-0.7951,0.0,-0.1202,-0.9398,-0.4526,1.05,0.6331,1,1,2,0.978,0.613,0.387,0,0,0.0,2,DESCENT_PHASE,0.0025,0.0582
1723,12.929,-15.389,20.6293,0.2466,0.0457,-0.7383,-0.0184,0.036,0.19,0.196,-15.5165,20.4879,0.2,0.0332,-0.7998,0.0,-0.1233,-0.9407,-0.4498,1.05,0.6234,1,1,2,0.978,0.612,0.388,0,0,0.0,2,DESCENT_PHASE,0.0124,0.0615
1724,12.936,-15.3879,20.6145,0.2462,0.0532,-0.7407,-0.0188,0.036,0.192,0.197,-15.5158,20.4718,0.2,0.0334,-0.8044,0.0,-0.1257,-0.942,-0.4464,1.05,0.64,1,1,2,0.978,0.613,0.387,0,0,0.0,2,DESCENT_PHASE,0.0197,0.0638
1725,12.943,-15.3867,20.5996,0.2459,0.0612,-0.7448,-0.0184,0.035,0.193,0.198,-15.5152,20.4556,0.2,0.0336,-0.809,0.0,-0.1286,-0.9425,-0.4445,1.05,0.616,1,1,2,0.978,0.612,0.388,0,0,0.0,2,DESCENT_PHASE,0.0276,0.0642
1726,12.95,-15.3853,20.5846,0.2455,0.0665,-0.7492,-0.0181,0.035,0.194,0.2,-15.5145,20.4393,0.2,0.0338,-0.8135,0.0,-0.1303,-0.9432,-0.4427,1.05,0.6315,1,1,2,0.978,0.613,0.387,0,0,0.0,2,DESCENT_PHASE,0.0327,0.0643
1727,12.957,-15.3839,20.5695,0.2451,0.0724,-0.7554,-0.0187,0.035,0.196,0.201,-15.5138,20.423,0.2,0.034,-0.8181,0.0,-0.1327,-0.9442,-0.4399,1.05,0.6405,1,1,2,0.978,0.613,0.387,0,0,0.0,2,DESCENT_PHASE,0.0384,0.0627
1728,12.964,-15.3824,20.5542,0.2447,0.076,-0.7623,-0.0184,0.034,0.197,0.202,-15.5131,20.4065,0.2,0.0341,-0.8225,0.0,-0.1342,-0.9446,-0.4384,1.05,0.6386,1,1,2,0.978,0.619,0.381,0,0,0.0,2,DESCENT_PHASE,0.0419,0.0603
1729,12.971,-15.3808,20.5388,0.2444,0.0796,-0.769,-0.0179,0.034,0.199,0.204,-15.5124,20.39,0.2,0.0344,-0.8268,0.0,-0.1357,-0.9449,-0.4373,1.05,0.6252,1,1,2,0.978,0.616,0.384,0,0,0.0,2,DESCENT_PHASE,0.0452,0.0578
1730,12.979,-15.3792,20.5233,0.244,0.0804,-0.7755,-0.0178,0.034,0.2,0.205,-15.5118,20.3733,0.2,0.0345,-0.8313,0.0,-0.1363,-0.9456,-0.4357,1.05,0.6439,1,1,2,0.978,0.623,0.377,0,0,0.0,2,DESCENT_PHASE,0.0459,0.0558
1731,12.986,-15.3775,20.5077,0.2437,0.0814,-0.7828,-0.0175,0.033,0.202,0.206,-15.5111,20.3566,0.2,0.0347,-0.8356,0.0,-0.137,-0.946,-0.4345,1.05,0.6264,1,1,2,0.978,0.616,0.384,0,0,0.0,2,DESCENT_PHASE,0.0467,0.0528
1732,12.996,-15.3759,20.4919,0.2433,0.0795,-0.7897,-0.0177,0.033,0.203,0.208,-15.5104,20.3398,0.2,0.0349,-0.8398,0.0,-0.1367,-0.9468,-0.4329,1.05,0.6438,1,1,2,0.978,0.624,0.376,0,0,0.0,2,DESCENT_PHASE,0.0447,0.0501
1733,13.004,-15.3744,20.4759,0.243,0.0782,-0.7977,-0.0175,0.032,0.204,0.209,-15.5097,20.323,0.2,0.035,-0.8441,0.0,-0.1365,-0.9473,-0.4318,1.05,0.625,1,1,2,0.978,0.617,0.383,0,0,0.0,2,DESCENT_PHASE,0.0432,0.0464
1734,13.011,-15.3729,20.4598,0.2426,0.0744,-0.8055,-0.0174,0.032,0.205,0.21,-15.509,20.306,0.2,0.0352,-0.8483,0.0,-0.1353,-0.948,-0.4306,1.05,0.6432,1,1,2,0.978,0.622,0.378,0,0,0.0,2,DESCENT_PHASE,0.0392,0.0428
1735,13.018,-15.3715,20.4435,0.2423,0.0714,-0.8145,-0.0176,0.032,0.206,0.211,-15.5082,20.2889,0.2,0.0354,-0.8525,0.0,-0.1345,-0.9487,-0.4294,1.05,0.6412,1,1,2,0.978,0.621,0.379,0,0,0.0,2,DESCENT_PHASE,0.036,0.038
1736,13.025,-15.3701,20.4271,0.2419,0.0666,-0.8234,-0.0183,0.031,0.207,0.212,-15.5075,20.2718,0.2,0.0356,-0.8565,0.0,-0.1329,-0.9497,-0.4277,1.05,0.6541,1,1,2,0.978,0.629,0.371,0,0,0.0,2,DESCENT_PHASE,0.031,0.0331
1737,13.032,-15.3689,20.4104,0.2415,0.0625,-0.8322,-0.0186,0.031,0.208,0.212,-15.5068,20.2546,0.2,0.0358,-0.8606,0.0,-0.1316,-0.9505,-0.4263,1.05,0.6328,1,1,2,0.978,0.63,0.37,0,0,0.0,2,DESCENT_PHASE,0.0268,0.0283
1738,13.039,-15.3678,20.3936,0.2412,0.056,-0.8397,-0.0185,0.03,0.209,0.213,-15.5061,20.2373,0.2,0.0359,-0.8646,0.0,-0.1291,-0.9512,-0.4256,1.05,0.6547,1,1,2,0.979,0.626,0.374,0,0,0.0,2,DESCENT_PHASE,0.0201,0.0249
1739,13.046,-15.3668,20.3767,0.2408,0.0503,-0.8472,-0.0184,0.03,0.209,0.213,-15.5054,20.2199,0.2,0.036,-0.8685,0.0,-0.1269,-0.9518,-0.4249,1.05,0.6315,1,1,2,0.979,0.635,0.365,0,0,0.0,2,DESCENT_PHASE,0.0142,0.0213
1740,13.053,-15.3659,20.3596,0.2404,0.0438,-0.8527,-0.0181,0.03,0.21,0.214,-15.5047,20.2025,0.2,0.0362,-0.8724,0.0,-0.1241,-0.9525,-0.4241,1.05,0.6418,1,1,2,0.979,0.63,0.37,0,0,0.0,2,DESCENT_PHASE,0.0076,0.0197
1741,13.06,-15.3651,20.3425,0.2401,0.0394,-0.8577,-0.018,0.03,0.21,0.214,-15.5039,20.185,0.2,0.0364,-0.8763,0.0,-0.122,-0.9532,-0.423,1.05,0.6318,1,1,2,0.979,0.638,0.362,0,0,0.0,2,DESCENT_PHASE,0.003,0.0186
1742,13.067,-15.3644,20.3252,0.2397,0.034,-0.8613,-0.0182,0.04,0.21,0.214,-15.5032,20.1674,0.2,0.0365,-0.8801,0.0,-0.1195,-0.9542,-0.4216,1.05,0.6476,1,1,2,0.979,0.633,0.367,0,0,0.0,2,DESCENT_PHASE,-0.0025,0.0188
1743,13.074,-15.3638,20.308,0.2394,0.0307,-0.8645,-0.0183,0.039,0.21,0.214,-15.5025,20.1497,0.2,0.0367,-0.884,0.0,-0.1176,-0.9551,-0.42,1.05,0.6306,1,1,2,0.979,0.642,0.358,0,0,0.0,2,DESCENT_PHASE,-0.006,0.0195
1744,13.081,-15.3633,20.2906,0.239,0.0261,-0.8661,-0.0181,0.039,0.211,0.214,-15.5017,20.1319,0.2,0.0369,-0.8876,0.0,-0.115,-0.956,-0.4187,1.05,0.6286,1,1,2,0.979,0.643,0.357,0,0,0.0,2,DESCENT_PHASE,-0.0108,0.0215
1745,13.088,-15.3628,20.2733,0.2386,0.0236,-0.8673,-0.0179,0.039,0.211,0.214,-15.501,20.1141,0.2,0.037,-0.8912,0.0,-0.1132,-0.9568,-0.4174,1.05,0.6216,1,1,2,0.979,0.639,0.361,0,0,0.0,2,DESCENT_PHASE,-0.0134,0.0239
1746,13.095,-15.3624,20.2559,0.2383,0.0205,-0.8684,-0.0176,0.038,0.211,0.214,-15.5002,20.0962,0.2,0.0372,-0.8949,0.0,-0.1111,-0.9576,-0.4161,1.05,0.6393,1,1,2,0.979,0.64,0.36,0,0,0.0,2,DESCENT_PHASE,-0.0167,0.0265
1747,13.101,-15.362,20.2385,0.2379,0.0201,-0.8705,-0.0177,0.038,0.211,0.215,-15.4995,20.0782,0.2,0.0373,-0.8985,0.0,-0.1101,-0.9584,-0.4145,1.05,0.622,1,1,2,0.978,0.633,0.367,0,0,0.0,2,DESCENT_PHASE,-0.0172,0.0279
1748,13.108,-15.3616,20.2211,0.2376,0.0189,-0.8723,-0.0174,0.038,0.211,0.215,-15.4987,20.0602,0.2,0.0375,-0.902,0.0,-0.1086,-0.9591,-0.4133,1.05,0.6378,1,1,2,0.978,0.635,0.365,0,0,0.0,2,DESCENT_PHASE,-0.0186,0.0297
1749,13.115,-15.3612,20.2036,0.2372,0.0202,-0.8751,-0.0175,0.037,0.212,0.215,-15.498,20.0421,0.2,0.0376,-0.9055,0.0,-0.1081,-0.9598,-0.4118,1.05,0.6271,1,1,2,0.978,0.628,0.372,0,0,0.0,2,DESCENT_PHASE,-0.0174,0.0304
1750,13.122,-15.3608,20.186,0.2369,0.021,-0.8778,-0.0174,0.037,0.212,0.215,-15.4972,20.0239,0.2,0.0377,-0.9089,0.0,-0.1076,-0.9603,-0.4107,1.05,0.6435,1,1,2,0.978,0.631,0.369,0,0,0.0,2,DESCENT_PHASE,-0.0167,0.0311
1751,13.129,-15.3603,20.1684,0.2365,0.0244,-0.8811,-0.0175,0.037,0.212,0.215,-15.4965,20.0057,0.2,0.0379,-0.9123,0.0,-0.1079,-0.9609,-0.4092,1.05,0.6169,1,1,2,0.978,0.623,0.377,0,0,0.0,2,DESCENT_PHASE,-0.0135,0.0312
1752,13.136,-15.3598,20.1507,0.2362,0.0274,-0.8839,-0.0174,0.036,0.213,0.216,-15.4957,19.9874,0.2,0.0381,-0.9156,0.0,-0.1082,-0.9614,-0.4079,1.05,0.6372,1,1,2,0.978,0.628,0.372,0,0,0.0,2,DESCENT_PHASE,-0.0106,0.0317
1753,13.143,-15.3591,20.1329,0.2358,0.0315,-0.8883,-0.0177,0.036,0.213,0.216,-15.495,19.969,0.2,0.0381,-0.9189,0.0,-0.1091,-0.962,-0.4065,1.05,0.6353,1,1,2,0.978,0.623,0.377,0,0,0.0,2,DESCENT_PHASE,-0.0067,0.0305
1754,13.15,-15.3584,20.1151,0.2355,0.034,-0.8929,-0.0176,0.035,0.213,0.216,-15.4942,19.9505,0.2,0.0383,-0.9221,0.0,-0.1095,-0.9623,-0.4056,1.05,0.6521,1,1,2,0.978,0.63,0.37,0,0,0.0,2,DESCENT_PHASE,-0.0043,0.0292
1755,13.158,-15.3577,20.0971,0.2351,0.0379,-0.8976,-0.0175,0.035,0.214,0.217,-15.4934,19.932,0.2,0.0384,-0.9254,0.0,-0.1103,-0.9626,-0.4047,1.05,0.6344,1,1,2,0.978,0.626,0.374,0,0,0.0,2,DESCENT_PHASE,-0.0005,0.0277
1756,13.165,-15.3569,20.0791,0.2348,0.04,-0.9015,-0.0174,0.035,0.214,0.217,-15.4926,19.9135,0.2,0.0386,-0.9284,0.0,-0.1106,-0.963,-0.4037,1.05,0.6508,1,1,2,0.978,0.631,0.369,0,0,0.0,2,DESCENT_PHASE,0.0014,0.0269
1757,13.172,-15.356,20.061,0.2344,0.0437,-0.9056,-0.0174,0.034,0.215,0.217,-15.4919,19.8948,0.2,0.0387,-0.9315,0.0,-0.1116,-0.9633,-0.4027,1.05,0.6328,1,1,2,0.978,0.625,0.375,0,0,0.0,2,DESCENT_PHASE,0.005,0.0258
1758,13.179,-15.3551,20.0428,0.2341,0.0461,-0.9091,-0.0174,0.034,0.215,0.218,-15.4911,19.8761,0.2,0.0388,-0.9346,0.0,-0.1121,-0.9637,-0.4016,1.05,0.649,1,1,2,0.978,0.63,0.37,0,0,0.0,2,DESCENT_PHASE,0.0073,0.0255
1759,13.186,-15.3541,20.0245,0.2337,0.0504,-0.9131,-0.0177,0.034,0.216,0.218,-15.4903,19.8574,0.2,0.0389,-0.9375,0.0,-0.1135,-0.964,-0.4004,1.05,0.6289,1,1,2,0.978,0.625,0.375,0,0,0.0,2,DESCENT_PHASE,0.0115,0.0243
1760,13.193,-15.353,20.0062,0.2334,0.0538,-0.9167,-0.0176,0.033,0.216,0.219,-15.4895,19.8386,0.2,0.0391,-0.9405,0.0,-0.1144,-0.9643,-0.3994,1.05,0.645,1,1,2,0.978,0.631,0.369,0,0,0.0,2,DESCENT_PHASE,0.0147,0.0238
1761,13.2,-15.3518,19.9878,0.233,0.0577,-0.9211,-0.0176,0.033,0.217,0.219,-15.4888,19.8197,0.2,0.0391,-0.9433,0.0,-0.1158,-0.9645,-0.3986,1.05,0.6263,1,1,2,0.978,0.627,0.373,0,0,0.0,2,DESCENT_PHASE,0.0185,0.0222
1762,13.207,-15.3507,19.9693,0.2327,0.059,-0.9254,-0.0175,0.033,0.217,0.22,-15.488,19.8008,0.2,0.0393,-0.9461,0.0,-0.1163,-0.9647,-0.3978,1.05,0.6417,1,1,2,0.978,0.63,0.37,0,0,0.0,2,DESCENT_PHASE,0.0198,0.0208
1763,13.214,-15.3494,19.9507,0.2323,0.0614,-0.9307,-0.0177,0.032,0.218,0.22,-15.4872,19.7818,0.2,0.0394,-0.9489,0.0,-0.1172,-0.965,-0.397,1.05,0.6404,1,1,2,0.978,0.63,0.37,0,0,0.0,2,DESCENT_PHASE,0.022,0.0182
1764,13.221,-15.3482,19.9319,0.232,0.0616,-0.9361,-0.0176,0.032,0.218,0.221,-15.4864,19.7628,0.2,0.0395,-0.9517,0.0,-0.1174,-0.9652,-0.3964,1.05,0.6553,1,1,2,0.979,0.636,0.364,0,0,0.0,2,DESCENT_PHASE,0.0221,0.0156
1765,13.228,-15.347,19.9131,0.2316,0.0624,-0.9413,-0.0176,0.032,0.219,0.221,-15.4856,19.7437,0.2,0.0396,-0.9543,0.0,-0.1178,-0.9653,-0.3959,1.05,0.6369,1,1,2,0.979,0.636,0.364,0,0,0.0,2,DESCENT_PHASE,0.0227,0.013
1766,13.235,-15.3457,19.8942,0.2313,0.0606,-0.9454,-0.0175,0.031,0.219,0.222,-15.4848,19.7246,0.2,0.0398,-0.9569,0.0,-0.1173,-0.9656,-0.3954,1.05,0.6511,1,1,2,0.979,0.64,0.36,0,0,0.0,2,DESCENT_PHASE,0.0208,0.0115
1767,13.242,-15.3446,19.8752,0.2309,0.0598,-0.9495,-0.0174,0.03,0.22,0.222,-15.484,19.7054,0.2,0.0399,-0.9596,0.0,-0.1171,-0.9659,-0.3948,1.05,0.633,1,1,2,0.979,0.639,0.361,0,0,0.0,2,DESCENT_PHASE,0.0199,0.0101
1768,13.249,-15.3434,19.8562,0.2306,0.0568,-0.9526,-0.0174,0.03,0.22,0.222,-15.4832,19.6861,0.2,0.04,-0.962,0.0,-0.1162,-0.9662,-0.3942,1.05,0.6468,1,1,2,0.979,0.642,0.358,0,0,0.0,2,DESCENT_PHASE,0.0168,0.0093
1769,13.257,-15.3423,19.8371,0.2295,0.0554,-0.9551,-0.0538,0.03,0.22,0.222,-15.4824,19.6668,0.2,0.0401,-0.9645,0.0,-0.1177,-0.9834,-0.3488,1.05,0.6106,1,1,2,0.979,0.633,0.367,0,0,0.0,2,DESCENT_PHASE,0.0154,0.0094
1770,13.264,-15.3413,19.8179,0.228,0.0523,-0.9573,-0.0763,0.765,0.221,0.223,-15.4816,19.6475,0.2,0.0401,-0.9669,0.0,-0.1177,-0.9933,-0.3194,1.05,0.5998,1,1,2,0.979,0.629,0.371,0,0,0.0,2,DESCENT_PHASE,0.0122,0.0096
