step,time_s,pos_x,pos_y,pos_z,vel_x,vel_y,vel_z,agl,dist_xy,dist_3d,target_x,target_y,target_z,plat_vel_x,plat_vel_y,plat_vel_z,cmd_vx,cmd_vy,cmd_vz,cmd_speed,cmd_yaw,landing_phase,descent_phase,assist_type,collision_risk,clutter_density,navigability,escape_active,pred_escape_active,threat_acc,terrain_id,phase_reason,rel_vx_to_pad,rel_vy_to_pad,pad_frame_dx,pad_frame_dy
0,0.0,-26.4857,21.633,0.451,0.0,0.0,0.0,0.121,73.844,73.844,36.1244,-17.5185,0.2,0.0,0.0,0.0,-0.048,-0.0013,0.048,0.0679,-0.1779,0,0,0,0.978,0.605,0.395,0,0,0.0,4,SEARCH_PHASE,0.0,0.0,-62.6101,39.1515
1,0.026,-26.4857,21.633,0.4514,0.0,0.0,0.0186,0.121,73.844,73.844,36.1244,-17.5185,0.2,0.0,0.0,0.0,-0.096,-0.0021,0.096,0.1358,-0.1739,0,0,0,0.976,0.607,0.393,0,0,0.0,4,SEARCH_PHASE,0.0,0.0,-62.6101,39.1515
2,0.051,-26.4857,21.633,0.4523,0.0,-0.0,0.0478,0.122,73.844,73.844,36.1244,-17.5185,0.2,0.0,0.0,0.0,-0.144,-0.0025,0.144,0.2036,-0.1712,0,0,0,0.976,0.607,0.393,0,0,0.0,4,SEARCH_PHASE,0.0,-0.0,-62.6101,39.1515
3,0.075,-26.4858,21.633,0.454,-0.003,-0.0001,0.0844,0.124,73.844,73.844,36.1244,-17.5185,0.2,0.0,0.0,0.0,-0.192,-0.0016,0.192,0.2715,-0.1676,0,0,0,0.976,0.613,0.387,0,0,1.0,4,SEARCH_PHASE,-0.003,-0.0001,-62.6102,39.1515
4,0.1,-26.4859,21.633,0.4565,-0.006,-0.0002,0.1255,0.126,73.844,73.844,36.1244,-17.5185,0.2,0.0,0.0,0.0,-0.2399,-0.0002,0.24,0.3394,-0.1517,0,0,0,0.976,0.613,0.387,0,0,2.0,4,SEARCH_PHASE,-0.006,-0.0002,-62.6103,39.1515
5,0.122,-26.4861,21.633,0.4599,-0.0123,-0.0006,0.1699,0.129,73.844,73.844,36.1244,-17.5185,0.2,0.0,0.0,0.0,-0.2878,0.003,0.288,0.4072,-0.175,0,0,0,0.976,0.606,0.394,0,0,3.0,4,SEARCH_PHASE,-0.0123,-0.0006,-62.6105,39.1515
6,0.144,-26.4866,21.633,0.4643,-0.0213,0.0001,0.2164,0.134,73.844,73.845,36.1244,-17.5185,0.2,0.0,0.0,0.0,-0.3358,0.0053,0.336,0.4751,-0.139,0,0,0,0.976,0.602,0.398,0,0,4.0,4,SEARCH_PHASE,-0.0213,0.0001,-62.611,39.1515
7,0.167,-26.4873,21.633,0.4695,-0.0365,-0.0012,0.2638,0.139,73.845,73.845,36.1244,-17.5185,0.2,0.0,0.0,0.0,-0.3836,0.0091,0.384,0.5429,-0.163,0,0,0,0.974,0.59,0.41,0,0,5.0,4,SEARCH_PHASE,-0.0365,-0.0012,-62.6117,39.1515
8,0.191,-26.4884,21.6329,0.4758,-0.0539,-0.0009,0.3122,0.145,73.846,73.846,36.1244,-17.5185,0.2,0.0,0.0,0.0,-0.4314,0.0136,0.432,0.6107,-0.1269,0,0,0,0.974,0.586,0.414,0,0,6.0,4,SEARCH_PHASE,-0.0539,-0.0009,-62.6128,39.1514
9,0.215,-26.4899,21.6329,0.483,-0.077,-0.0021,0.3606,0.152,73.847,73.848,36.1244,-17.5185,0.2,0.0,0.0,0.0,-0.479,0.0199,0.48,0.6784,-0.1514,0,0,0,0.974,0.608,0.392,0,0,7.0,4,SEARCH_PHASE,-0.077,-0.0021,-62.6143,39.1514
10,0.239,-26.4919,21.6329,0.4912,-0.1019,-0.0014,0.4097,0.161,73.849,73.849,36.1244,-17.5185,0.2,0.0,0.0,0.0,-0.5267,0.0249,0.528,0.7462,-0.1153,0,0,0,0.972,0.606,0.394,0,0,8.0,4,SEARCH_PHASE,-0.1019,-0.0014,-62.6164,39.1514
11,0.265,-26.4946,21.6328,0.5003,-0.132,-0.0016,0.4583,0.17,73.851,73.852,36.1244,-17.5185,0.2,0.0,0.0,0.0,-0.5741,0.033,0.576,0.8139,-0.1401,0,0,0,0.972,0.602,0.398,0,0,9.0,4,SEARCH_PHASE,-0.132,-0.0016,-62.619,39.1513
12,0.29,-26.4979,21.6329,0.5105,-0.1632,0.0004,0.5073,0.18,73.854,73.854,36.1244,-17.5185,0.2,0.0,0.0,0.0,-0.6215,0.0401,0.624,0.8816,-0.1027,0,0,0,0.972,0.597,0.403,0,0,10.0,4,SEARCH_PHASE,-0.1632,0.0004,-62.6223,39.1514
13,0.317,-26.5018,21.6329,0.5216,-0.1993,0.0018,0.5559,0.191,73.857,73.858,36.1244,-17.5185,0.2,0.0,0.0,0.0,-0.6687,0.049,0.672,0.9493,-0.1274,0,0,0,0.969,0.595,0.405,0,0,11.0,4,SEARCH_PHASE,-0.1993,0.0018,-62.6262,39.1514
14,0.343,-26.5066,21.633,0.5337,-0.2375,0.0059,0.6049,0.203,73.861,73.862,36.1244,-17.5185,0.2,0.0,0.0,0.0,-0.7161,0.0567,0.72,1.017,-0.0918,0,0,0,0.969,0.592,0.408,0,0,12.0,4,SEARCH_PHASE,-0.2375,0.0059,-62.631,39.1515
15,0.37,-26.5122,21.6332,0.5468,-0.2816,0.01,0.6528,0.216,73.866,73.867,36.1244,-17.5185,0.2,0.0,0.0,0.0,-0.7634,0.0649,0.768,1.0848,-0.1169,0,0,0,0.942,0.579,0.421,0,0,11.5,4,SEARCH_PHASE,-0.2816,0.01,-62.6366,39.1517
16,0.397,-26.5188,21.6335,0.5608,-0.3273,0.0172,0.701,0.23,73.872,73.873,36.1244,-17.5185,0.2,0.0,0.0,0.0,-0.8108,0.0726,0.816,1.1526,-0.0815,0,0,0,0.94,0.576,0.424,0,0,11.0,4,SEARCH_PHASE,-0.3273,0.0172,-62.6432,39.1521
17,0.425,-26.5263,21.634,0.5757,-0.3782,0.0248,0.748,0.245,73.879,73.879,36.1244,-17.5185,0.2,0.0,0.0,0.0,-0.8576,0.0831,0.864,1.2202,-0.1069,0,0,0,0.934,0.586,0.414,0,0,10.5,4,SEARCH_PHASE,-0.3782,0.0248,-62.6507,39.1525
18,0.454,-26.5349,21.6348,0.5916,-0.4302,0.0357,0.795,0.261,73.886,73.887,36.1244,-17.5185,0.2,0.0,0.0,0.0,-0.9043,0.0941,0.912,1.2878,-0.0847,0,0,0,0.93,0.578,0.422,0,0,10.0,4,SEARCH_PHASE,-0.4302,0.0357,-62.6593,39.1533
19,0.481,-26.5447,21.6357,0.6085,-0.4868,0.0474,0.8409,0.278,73.895,73.896,36.1244,-17.5185,0.2,0.0,0.0,0.0,-0.9504,0.1076,0.96,1.3551,-0.1164,0,0,0,0.926,0.582,0.418,0,0,9.5,4,SEARCH_PHASE,-0.4868,0.0474,-62.6691,39.1542
20,0.509,-26.5556,21.6369,0.6262,-0.5442,0.0613,0.8871,0.296,73.905,73.906,36.1244,-17.5185,0.2,0.0,0.0,0.0,-0.9965,0.1209,1.008,1.4226,-0.0818,0,0,0,0.924,0.578,0.422,0,0,9.0,4,SEARCH_PHASE,-0.5442,0.0613,-62.68,39.1554
21,0.536,-26.5676,21.6384,0.6448,-0.6039,0.0742,0.9321,0.314,73.916,73.917,36.1244,-17.5185,0.2,0.0,0.0,0.0,-1.0426,0.1344,1.056,1.49,-0.1029,0,0,0,0.92,0.578,0.422,0,0,8.5,4,SEARCH_PHASE,-0.6039,0.0742,-62.692,39.1569
22,0.563,-26.5809,21.6402,0.6644,-0.6617,0.0889,0.9786,0.334,73.928,73.929,36.1244,-17.5185,0.2,0.0,0.0,0.0,-1.088,0.15,1.104,1.5572,-0.0986,0,0,0,0.918,0.578,0.422,0,0,8.0,4,SEARCH_PHASE,-0.6617,0.0889,-62.7053,39.1587
23,0.589,-26.5953,21.6423,0.6849,-0.7217,0.1027,1.0244,0.354,73.941,73.943,36.1244,-17.5185,0.2,0.0,0.0,0.0,-1.1331,0.1664,1.152,1.6244,-0.0984,0,0,0,0.913,0.572,0.428,0,0,6.0,4,SEARCH_PHASE,-0.7217,0.1027,-62.7197,39.1608
24,0.616,-26.6109,21.6446,0.7063,-0.7804,0.1167,1.0709,0.376,73.956,73.958,36.1244,-17.5185,0.2,0.0,0.0,0.0,-1.1772,0.1853,1.2,1.6912,-0.081,0,0,0,0.911,0.572,0.428,0,0,4.0,4,SEARCH_PHASE,-0.7804,0.1167,-62.7353,39.1631
25,0.643,-26.6277,21.6472,0.7287,-0.8414,0.1298,1.1165,0.398,73.971,73.973,36.1244,-17.5185,0.2,0.0,0.0,0.0,-1.2208,0.2053,1.248,1.7579,-0.097,0,0,0,0.906,0.564,0.436,0,0,2.0,4,SEARCH_PHASE,-0.8414,0.1298,-62.7521,39.1657
26,0.669,-26.6458,21.6501,0.7519,-0.9009,0.1446,1.1627,0.421,73.988,73.99,36.1244,-17.5185,0.2,0.0,0.0,0.0,-1.2631,0.228,1.296,1.824,-0.0804,0,0,0,0.904,0.557,0.443,0,0,0.0,4,SEARCH_PHASE,-0.9009,0.1446,-62.7702,39.1686
27,0.696,-26.665,21.6532,0.7761,-0.9624,0.1581,1.2082,0.446,74.006,74.009,36.1244,-17.5185,0.2,0.0,0.0,0.0,-1.3047,0.252,1.344,1.89,-0.0977,0,0,0,0.899,0.556,0.444,0,0,0.0,4,SEARCH_PHASE,-0.9624,0.1581,-62.7894,39.1717
28,0.722,-26.6854,21.6567,0.8011,-1.0219,0.1729,1.2541,0.471,74.025,74.028,36.1244,-17.5185,0.2,0.0,0.0,0.0,-1.3453,0.2775,1.392,1.9557,-0.0813,0,0,0,0.898,0.554,0.446,0,0,0.0,4,SEARCH_PHASE,-1.0219,0.1729,-62.8098,39.1752
29,0.749,-26.7071,21.6604,0.8271,-1.0824,0.1859,1.3,0.497,74.046,74.048,36.1244,-17.5185,0.2,0.0,0.0,0.0,-1.386,0.3031,1.44,2.0215,-0.0652,0,0,0,0.894,0.55,0.45,0,0,0.0,4,SEARCH_PHASE,-1.0824,0.1859,-62.8315,39.1789
30,0.775,-26.7299,21.6644,0.8541,-1.1398,0.1995,1.3466,0.524,74.067,74.07,36.1244,-17.5185,0.2,0.0,0.0,0.0,-1.428,0.3263,1.488,2.088,-0.0956,0,0,0,0.892,0.56,0.44,0,0,0.0,4,SEARCH_PHASE,-1.1398,0.1995,-62.8543,39.1829
31,0.802,-26.7538,21.6687,0.8819,-1.1974,0.2145,1.393,0.551,74.09,74.093,36.1244,-17.5185,0.2,0.0,0.0,0.0,-1.4708,0.348,1.536,2.1549,-0.0658,0,0,0,0.888,0.557,0.443,0,0,0.0,4,SEARCH_PHASE,-1.1974,0.2145,-62.8782,39.1872
32,0.83,-26.7789,21.6732,0.9107,-1.253,0.2274,1.4401,0.58,74.114,74.117,36.1244,-17.5185,0.2,0.0,0.0,0.0,-1.5154,0.3657,1.584,2.2224,-0.1023,0,0,0,0.887,0.552,0.448,0,0,0.0,4,SEARCH_PHASE,-1.253,0.2274,-62.9033,39.1917
33,0.858,-26.805,21.6781,0.9405,-1.308,0.2425,1.487,0.61,74.138,74.142,36.1244,-17.5185,0.2,0.0,0.0,0.0,-1.56,0.3835,1.632,2.29,-0.0694,0,0,0,0.882,0.554,0.446,0,0,0.0,4,SEARCH_PHASE,-1.308,0.2425,-62.9295,39.1966
34,0.886,-26.8323,21.6832,0.9712,-1.3603,0.2556,1.5346,0.641,74.164,74.168,36.1244,-17.5185,0.2,0.0,0.0,0.0,-1.6058,0.3977,1.68,2.3578,-0.1057,0,0,0,0.88,0.545,0.455,0,0,0.0,4,SEARCH_PHASE,-1.3603,0.2556,-62.9567,39.2017
35,0.915,-26.8605,21.6886,1.0028,-1.4125,0.2713,1.5818,0.672,74.191,74.195,36.1244,-17.5185,0.2,0.0,0.0,0.0,-1.651,0.4139,1.7,2.4057,-0.0755,0,0,0,0.876,0.547,0.453,0,0,0.0,4,SEARCH_PHASE,-1.4125,0.2713,-62.9849,39.2071
36,0.943,-26.8897,21.6943,1.0352,-1.4599,0.2849,1.6192,0.705,74.219,74.223,36.1244,-17.5185,0.2,0.0,0.0,0.0,-1.696,0.4307,1.7,2.4396,-0.1168,0,0,0,0.875,0.544,0.456,0,0,0.0,4,SEARCH_PHASE,-1.4599,0.2849,-63.0141,39.2128
37,0.972,-26.9198,21.7003,1.0681,-1.5041,0.3002,1.6438,0.738,74.247,74.253,36.1244,-17.5185,0.2,0.0,0.0,0.0,-1.738,0.4539,1.7,2.4732,-0.0788,0,0,0,0.87,0.546,0.454,0,0,0.0,4,SEARCH_PHASE,-1.5041,0.3002,-63.0442,39.2188
38,1.001,-26.9507,21.7066,1.1013,-1.5435,0.3135,1.6602,0.771,74.277,74.282,36.1244,-17.5185,0.2,0.0,0.0,0.0,-1.7787,0.4794,1.7,2.5067,-0.0998,0,0,0,0.869,0.547,0.453,0,0,0.0,4,SEARCH_PHASE,-1.5435,0.3135,-63.0751,39.2251
39,1.028,-26.9823,21.7132,1.1347,-1.5812,0.3288,1.671,0.804,74.307,74.313,36.1244,-17.5185,0.2,0.0,0.0,0.0,-1.8133,0.5127,1.7,2.5379,-0.0616,0,0,0,0.864,0.544,0.456,0,0,0.0,4,SEARCH_PHASE,-1.5812,0.3288,-63.1067,39.2317
40,1.055,-27.0146,21.72,1.1683,-1.6157,0.3435,1.6786,0.838,74.338,74.345,36.1244,-17.5185,0.2,0.0,0.0,0.0,-1.8465,0.5473,1.7,2.5689,-0.0902,0,0,0,0.862,0.515,0.485,0,0,0.0,4,SEARCH_PHASE,-1.6157,0.3435,-63.139,39.2385
41,1.083,-27.0476,21.7273,1.2019,-1.6491,0.3612,1.6833,0.872,74.37,74.377,36.1244,-17.5185,0.2,0.0,0.0,0.0,-1.8832,0.5782,1.7,2.6021,-0.052,0,0,0,0.857,0.513,0.487,0,0,0.0,4,SEARCH_PHASE,-1.6491,0.3612,-63.172,39.2458
42,1.111,-27.0812,21.7348,1.2357,-1.68,0.3788,1.6871,1.136,74.403,74.41,36.1244,-17.5185,0.2,0.0,0.0,0.0,-1.9267,0.5985,1.7,2.6383,-0.0837,0,0,0,0.853,0.51,0.49,0,0,0.0,4,SEARCH_PHASE,-1.68,0.3788,-63.2056,39.2533
43,1.139,-27.1154,21.7428,1.2695,-1.7102,0.3995,1.6896,1.169,74.436,74.444,36.1244,-17.5185,0.2,0.0,0.0,0.0,-1.9709,0.6172,1.7,2.675,-0.0941,0,0,0,0.845,0.516,0.484,0,0,0.0,4,SEARCH_PHASE,-1.7102,0.3995,-63.2398,39.2613
44,1.167,-27.1502,21.7512,1.3033,-1.7405,0.4207,1.6916,1.203,74.47,74.478,36.1244,-17.5185,0.2,0.0,0.0,0.0,-2.0067,0.6492,1.7,2.7089,-0.0776,0,0,0,0.846,0.511,0.489,0,0,0.0,4,SEARCH_PHASE,-1.7405,0.4207,-63.2746,39.2697
45,1.195,-27.1856,21.7601,1.3372,-1.773,0.4423,1.6929,1.237,74.505,74.514,36.1244,-17.5185,0.2,0.0,0.0,0.0,-2.0435,0.6801,1.7,2.7438,-0.0978,0,0,0,0.842,0.525,0.475,0,0,0.0,4,SEARCH_PHASE,-1.773,0.4423,-63.3101,39.2786
46,1.223,-27.2217,21.7694,1.371,-1.8047,0.4661,1.6938,1.271,74.54,74.55,36.1244,-17.5185,0.2,0.0,0.0,0.0,-2.0711,0.7193,1.7,2.7743,-0.0817,0,0,0,0.836,0.523,0.477,0,0,0.0,4,SEARCH_PHASE,-1.8047,0.4661,-63.3462,39.2879
47,1.25,-27.2585,21.7792,1.4049,-1.839,0.4901,1.6936,1.305,74.577,74.587,36.1244,-17.5185,0.2,0.0,0.0,0.0,-2.1016,0.7564,1.7,2.8069,-0.1055,0,0,0,0.83,0.516,0.484,0,0,0.0,4,SEARCH_PHASE,-1.839,0.4901,-63.3829,39.2977
48,1.278,-27.296,21.7895,1.4388,-1.873,0.5163,1.6936,1.339,74.614,74.624,36.1244,-17.5185,0.2,0.0,0.0,0.0,-2.092,0.8034,1.7,2.8128,-0.083,0,0,0,0.839,0.514,0.486,0,0,0.0,4,SEARCH_PHASE,-1.873,0.5163,-63.4204,39.308
49,1.306,-27.3341,21.8004,1.4726,-1.9074,0.5421,1.6928,1.373,74.652,74.663,36.1244,-17.5185,0.2,0.0,0.0,0.0,-2.1014,0.8042,1.7,2.82,-0.0794,0,0,0,0.839,0.501,0.499,0,0,0.0,4,SEARCH_PHASE,-1.9074,0.5421,-63.4585,39.3189
50,1.334,-27.3729,21.8118,1.5065,-1.941,0.5699,1.6912,1.406,74.691,74.703,36.1244,-17.5185,0.2,0.0,0.0,0.0,-2.0834,0.8487,1.7,2.8197,-0.1045,0,0,0,0.835,0.495,0.505,0,0,0.0,4,SEARCH_PHASE,-1.941,0.5699,-63.4974,39.3303
51,1.363,-27.4124,21.8238,1.5402,-1.9715,0.5997,1.6888,1.44,74.731,74.743,36.1244,-17.5185,0.2,0.0,0.0,0.0,-2.0714,0.8786,1.7,2.82,-0.0793,0,0,0,0.832,0.493,0.507,0,0,0.0,4,SEARCH_PHASE,-1.9715,0.5997,-63.5368,39.3423
52,1.39,-27.4524,21.8364,1.574,-2.0021,0.6296,1.6868,1.474,74.772,74.784,36.1244,-17.5185,0.2,0.0,0.0,0.0,-2.0895,0.8341,1.7,2.8199,-0.1045,0,0,0,0.829,0.495,0.505,0,0,0.0,4,SEARCH_PHASE,-2.0021,0.6296,-63.5768,39.3549
53,1.418,-27.493,21.8496,1.6076,-2.0294,0.6615,1.6838,1.508,74.813,74.826,36.1244,-17.5185,0.2,0.0,0.0,0.0,-2.0751,0.8698,1.7,2.82,-0.1375,0,0,0,0.835,0.489,0.511,0,0,0.0,4,SEARCH_PHASE,-2.0294,0.6615,-63.6174,39.3681
54,1.446,-27.5341,21.8635,1.6413,-2.0547,0.6931,1.6814,1.541,74.855,74.869,36.1244,-17.5185,0.2,0.0,0.0,0.0,-2.0586,0.9081,1.7,2.82,-0.102,0,0,0,0.833,0.49,0.51,0,0,0.0,4,SEARCH_PHASE,-2.0547,0.6931,-63.6585,39.382
55,1.475,-27.5756,21.8779,1.6749,-2.0771,0.7221,1.6806,1.575,74.898,74.913,36.1244,-17.5185,0.2,0.0,0.0,0.0,-2.0694,0.8833,1.7,2.82,-0.0741,0,0,0,0.831,0.495,0.505,0,0,0.0,4,SEARCH_PHASE,-2.0771,0.7221,-63.7001,39.3964
56,1.503,-27.6176,21.8929,1.7085,-2.0976,0.7511,1.6793,1.608,74.942,74.957,36.1244,-17.5185,0.2,0.0,0.0,0.0,-2.0874,0.8388,1.7,2.8197,-0.097,0,0,0,0.827,0.498,0.502,0,0,0.0,4,SEARCH_PHASE,-2.0976,0.7511,-63.742,39.4114
57,1.531,-27.6599,21.9086,1.742,-2.1127,0.7822,1.6772,1.642,74.986,75.002,36.1244,-17.5185,0.2,0.0,0.0,0.0,-2.1048,0.7941,1.7,2.8197,-0.1387,0,0,0,0.828,0.501,0.499,0,0,0.0,4,SEARCH_PHASE,-2.1127,0.7822,-63.7843,39.4271
58,1.56,-27.7024,21.9248,1.7755,-2.126,0.8136,1.6749,1.676,75.031,75.047,36.1244,-17.5185,0.2,0.0,0.0,0.0,-2.0866,0.8385,1.7,2.8191,-0.1586,0,0,0,0.831,0.501,0.499,0,0,0.0,4,SEARCH_PHASE,-2.126,0.8136,-63.8268,39.4433
59,1.588,-27.7451,21.9417,1.809,-2.1356,0.8421,1.6745,1.709,75.076,75.093,36.1244,-17.5185,0.2,0.0,0.0,0.0,-2.069,0.8832,1.7,2.8197,-0.1318,0,0,0,0.833,0.507,0.493,0,0,0.0,4,SEARCH_PHASE,-2.1356,0.8421,-63.8695,39.4602
60,1.617,-27.788,21.959,1.8425,-2.1445,0.866,1.6759,1.743,75.122,75.14,36.1244,-17.5185,0.2,0.0,0.0,0.0,-2.0492,0.9269,1.7,2.8193,-0.1045,0,0,0,0.832,0.503,0.497,0,0,0.0,4,SEARCH_PHASE,-2.1445,0.866,-63.9124,39.4775
61,1.646,-27.831,21.9767,1.8761,-2.1492,0.8869,1.6777,1.776,75.168,75.186,36.1244,-17.5185,0.2,0.0,0.0,0.0,-2.0393,0.9507,1.7,2.82,-0.1138,0,0,0,0.833,0.488,0.512,0,0,0.0,4,SEARCH_PHASE,-2.1492,0.8869,-63.9554,39.4952
62,1.674,-27.874,21.9949,1.9097,-2.1523,0.9068,1.6795,1.81,75.214,75.233,36.1244,-17.5185,0.2,0.0,0.0,0.0,-2.018,0.9937,1.7,2.8195,-0.0866,0,0,0,0.832,0.483,0.517,0,0,0.0,4,SEARCH_PHASE,-2.1523,0.9068,-63.9984,39.5134
63,1.702,-27.917,22.0134,1.9433,-2.1512,0.9247,1.6815,1.843,75.26,75.28,36.1244,-17.5185,0.2,0.0,0.0,0.0,-1.9967,1.0367,1.7,2.8198,-0.1048,0,0,0,0.832,0.484,0.516,0,0,0.0,4,SEARCH_PHASE,-2.1512,0.9247,-64.0414,39.5319
64,1.73,-27.96,22.0322,1.977,-2.1483,0.9424,1.6832,1.877,75.307,75.327,36.1244,-17.5185,0.2,0.0,0.0,0.0,-1.9775,1.0733,1.7,2.82,-0.0635,0,0,0,0.829,0.486,0.514,0,0,0.0,4,SEARCH_PHASE,-2.1483,0.9424,-64.0844,39.5507
65,1.757,-28.0028,22.0514,2.0107,-2.1415,0.9582,1.6855,1.911,75.353,75.375,36.1244,-17.5185,0.2,0.0,0.0,0.0,-1.9997,1.0308,1.7,2.8199,-0.101,0,0,0,0.838,0.495,0.505,0,0,0.0,4,SEARCH_PHASE,-2.1415,0.9582,-64.1272,39.5699
66,1.785,-28.0455,22.0709,2.0444,-2.1326,0.9752,1.6862,1.944,75.4,75.422,36.1244,-17.5185,0.2,0.0,0.0,0.0,-1.9881,1.0536,1.7,2.82,-0.0814,0,0,0,0.836,0.493,0.507,0,0,0.0,4,SEARCH_PHASE,-2.1326,0.9752,-64.1699,39.5894
67,1.812,-28.0879,22.0907,2.0781,-2.1201,0.9904,1.687,1.978,75.446,75.469,36.1244,-17.5185,0.2,0.0,0.0,0.0,-2.0099,1.0108,1.7,2.8198,-0.1088,0,0,0,0.837,0.495,0.505,0,0,0.0,4,SEARCH_PHASE,-2.1201,0.9904,-64.2123,39.6092
68,1.84,-28.13,22.1108,2.1119,-2.1063,1.0052,1.6867,2.012,75.492,75.517,36.1244,-17.5185,0.2,0.0,0.0,0.0,-2.0034,1.0241,1.7,2.82,-0.097,0,0,0,0.835,0.49,0.51,0,0,0.0,4,SEARCH_PHASE,-2.1063,1.0052,-64.2544,39.6293
69,1.867,-28.1718,22.1311,2.1456,-2.0893,1.0176,1.6865,2.046,75.539,75.564,36.1244,-17.5185,0.2,0.0,0.0,0.0,-2.0144,1.0024,1.7,2.82,-0.093,0,0,0,0.832,0.487,0.513,0,0,0.0,4,SEARCH_PHASE,-2.0893,1.0176,-64.2962,39.6497
70,1.895,-28.2132,22.1517,2.1793,-2.0716,1.0281,1.6858,2.079,75.585,75.611,36.1244,-17.5185,0.2,0.0,0.0,0.0,-1.9983,1.034,1.7,2.82,-0.1134,0,0,0,0.828,0.478,0.522,0,0,0.0,4,SEARCH_PHASE,-2.0716,1.0281,-64.3376,39.6702
71,1.92,-28.2543,22.1725,2.213,-2.0534,1.0375,1.6863,2.113,75.631,75.657,36.1244,-17.5185,0.2,0.0,0.0,0.0,-1.9755,1.0762,1.7,2.8197,-0.0866,0,0,0,0.827,0.477,0.523,0,0,0.0,4,SEARCH_PHASE,-2.0534,1.0375,-64.3787,39.691
72,1.944,-28.295,22.1933,2.2468,-2.0369,1.0439,1.6871,2.147,75.676,75.704,36.1244,-17.5185,0.2,0.0,0.0,0.0,-1.9521,1.1181,1.7,2.8197,-0.0559,0,0,0,0.823,0.475,0.525,0,0,0.0,4,SEARCH_PHASE,-2.0369,1.0439,-64.4194,39.7118
73,1.971,-28.3354,22.2143,2.2805,-2.0194,1.0488,1.6879,2.181,75.722,75.75,36.1244,-17.5185,0.2,0.0,0.0,0.0,-1.9693,1.0883,1.7,2.82,-0.0976,0,0,0,0.821,0.472,0.528,0,0,0.0,4,SEARCH_PHASE,-2.0194,1.0488,-64.4598,39.7328
74,1.997,-28.3755,22.2354,2.3143,-2.0024,1.0549,1.6879,2.214,75.767,75.796,36.1244,-17.5185,0.2,0.0,0.0,0.0,-1.9456,1.1301,1.7,2.82,-0.0541,0,0,0,0.817,0.469,0.531,0,0,0.0,4,SEARCH_PHASE,-2.0024,1.0549,-64.4999,39.7539
75,2.023,-28.4151,22.2566,2.3481,-1.9844,1.0592,1.6882,2.248,75.812,75.842,36.1244,-17.5185,0.2,0.0,0.0,0.0,-1.9692,1.0883,1.7,2.82,-0.0955,0,0,0,0.815,0.466,0.534,0,0,0.0,4,SEARCH_PHASE,-1.9844,1.0592,-64.5396,39.7751
76,2.05,-28.4545,22.2779,2.3818,-1.9673,1.0651,1.6877,2.282,75.856,75.888,36.1244,-17.5185,0.2,0.0,0.0,0.0,-1.9665,1.0933,1.7,2.82,-0.0633,0,0,0,0.811,0.459,0.541,0,0,0.0,4,SEARCH_PHASE,-1.9673,1.0651,-64.5789,39.7964
77,2.077,-28.4935,22.2993,2.4156,-1.9494,1.0695,1.6872,2.316,75.901,75.933,36.1244,-17.5185,0.2,0.0,0.0,0.0,-1.9761,1.0759,1.7,2.82,-0.1002,0,0,0,0.807,0.45,0.55,0,0,0.0,4,SEARCH_PHASE,-1.9494,1.0695,-64.6179,39.8178
78,2.103,-28.5321,22.3208,2.4493,-1.9329,1.0748,1.6869,2.349,75.945,75.978,36.1244,-17.5185,0.2,0.0,0.0,0.0,-1.9525,1.1178,1.7,2.8199,-0.057,0,0,0,0.8,0.442,0.558,0,0,0.0,4,SEARCH_PHASE,-1.9329,1.0748,-64.6565,39.8393
79,2.13,-28.5705,22.3424,2.483,-1.9175,1.0785,1.6872,2.383,75.989,76.023,36.1244,-17.5185,0.2,0.0,0.0,0.0,-1.9583,1.108,1.7,2.82,-0.098,0,0,0,0.796,0.438,0.562,0,0,0.0,4,SEARCH_PHASE,-1.9175,1.0785,-64.6949,39.8609
80,2.157,-28.6086,22.364,2.5168,-1.9051,1.0838,1.6874,2.417,76.033,76.068,36.1244,-17.5185,0.2,0.0,0.0,0.0,-1.9335,1.1491,1.7,2.8194,-0.0567,0,0,0,0.789,0.456,0.544,0,0,0.0,4,SEARCH_PHASE,-1.9051,1.0838,-64.733,39.8825
81,2.184,-28.6465,22.3858,2.5505,-1.8942,1.0878,1.688,2.451,76.076,76.113,36.1244,-17.5185,0.2,0.0,0.0,0.0,-1.9089,1.1903,1.7,2.8197,-0.0968,0,0,0,0.784,0.454,0.546,0,0,0.0,4,SEARCH_PHASE,-1.8942,1.0878,-64.7709,39.9043
82,2.21,-28.6842,22.4077,2.5843,-1.8862,1.0937,1.6884,2.484,76.12,76.157,36.1244,-17.5185,0.2,0.0,0.0,0.0,-1.8826,1.2304,1.7,2.8193,-0.0671,0,0,0,0.78,0.451,0.549,0,0,0.0,4,SEARCH_PHASE,-1.8862,1.0937,-64.8086,39.9262
83,2.237,-28.7218,22.4296,2.6181,-1.8795,1.0985,1.689,2.518,76.164,76.202,36.1244,-17.5185,0.2,0.0,0.0,0.0,-1.8848,1.2288,1.7,2.82,-0.0535,0,0,0,0.78,0.451,0.549,0,0,0.0,4,SEARCH_PHASE,-1.8795,1.0985,-64.8462,39.9481
84,2.264,-28.7593,22.4517,2.6519,-1.8732,1.1044,1.6891,2.552,76.207,76.246,36.1244,-17.5185,0.2,0.0,0.0,0.0,-1.9105,1.1882,1.7,2.8199,-0.0806,0,0,0,0.773,0.442,0.558,0,0,0.0,4,SEARCH_PHASE,-1.8732,1.1044,-64.8837,39.9702
85,2.291,-28.7966,22.474,2.6857,-1.8657,1.1129,1.6891,2.586,76.25,76.291,36.1244,-17.5185,0.2,0.0,0.0,0.0,-1.9112,1.1874,1.7,2.82,-0.1132,0,0,0,0.771,0.434,0.566,0,0,0.0,4,SEARCH_PHASE,-1.8657,1.1129,-64.921,39.9925
86,2.318,-28.8338,22.4964,2.7194,-1.8603,1.1222,1.689,2.619,76.294,76.335,36.1244,-17.5185,0.2,0.0,0.0,0.0,-1.8822,1.2256,1.7,2.8169,-0.0702,0,0,0,0.765,0.429,0.571,0,0,0.0,4,SEARCH_PHASE,-1.8603,1.1222,-64.9582,40.0149
87,2.345,-28.8709,22.519,2.7532,-1.855,1.1296,1.6893,2.653,76.337,76.38,36.1244,-17.5185,0.2,0.0,0.0,0.0,-1.8511,1.2622,1.7,2.8125,-0.098,0,0,0,0.762,0.425,0.575,0,0,0.0,4,SEARCH_PHASE,-1.855,1.1296,-64.9953,40.0375
88,2.371,-28.9079,22.5418,2.787,-1.8518,1.1385,1.6894,2.687,76.381,76.425,36.1244,-17.5185,0.2,0.0,0.0,0.0,-1.8151,1.2939,1.7,2.8033,-0.0642,0,0,0,0.758,0.423,0.577,0,0,0.0,4,SEARCH_PHASE,-1.8518,1.1385,-65.0323,40.0603
89,2.398,-28.9449,22.5647,2.8208,-1.8487,1.1466,1.6898,2.721,76.424,76.469,36.1244,-17.5185,0.2,0.0,0.0,0.0,-1.7823,1.329,1.7,2.7987,-0.0758,0,0,0,0.756,0.424,0.576,0,0,0.0,4,SEARCH_PHASE,-1.8487,1.1466,-65.0693,40.0832
90,2.425,-28.9818,22.5878,2.8546,-1.8454,1.1565,1.6905,2.755,76.468,76.514,36.1244,-17.5185,0.2,0.0,0.0,0.0,-1.7346,1.3349,1.7,2.7715,-0.0485,0,0,0,0.751,0.423,0.577,0,0,0.0,4,SEARCH_PHASE,-1.8454,1.1565,-65.1062,40.1063
91,2.452,-29.0186,22.6112,2.8884,-1.8395,1.1671,1.691,2.788,76.511,76.559,36.1244,-17.5185,0.2,0.0,0.0,0.0,-1.6971,1.305,1.7,2.7337,-0.0887,0,0,0,0.752,0.43,0.57,0,0,0.0,4,SEARCH_PHASE,-1.8395,1.1671,-65.143,40.1297
92,2.479,-29.0552,22.6348,2.9222,-1.8328,1.1813,1.6906,2.822,76.555,76.603,36.1244,-17.5185,0.2,0.0,0.0,0.0,-1.6575,1.2779,1.7,2.6963,-0.0789,0,0,0,0.752,0.424,0.576,0,0,0.0,4,SEARCH_PHASE,-1.8328,1.1813,-65.1796,40.1533
93,2.506,-29.0917,22.6587,2.9561,-1.8234,1.1957,1.6903,2.856,76.599,76.648,36.1244,-17.5185,0.2,0.0,0.0,0.0,-1.6387,1.2337,1.7,2.6641,-0.1155,0,0,0,0.754,0.42,0.58,0,0,0.0,4,SEARCH_PHASE,-1.8234,1.1957,-65.2161,40.1772
94,2.532,-29.128,22.6829,2.9898,-1.8127,1.2107,1.6896,2.89,76.642,76.693,36.1244,-17.5185,0.2,0.0,0.0,0.0,-1.6001,1.2052,1.7,2.6273,-0.0734,0,0,0,0.752,0.416,0.584,0,0,0.0,4,SEARCH_PHASE,-1.8127,1.2107,-65.2524,40.2014
95,2.558,-29.1639,22.7074,3.0236,-1.799,1.2235,1.689,2.924,76.686,76.738,36.1244,-17.5185,0.2,0.0,0.0,0.0,-1.5717,1.1665,1.7,2.5925,-0.1107,0,0,0,0.754,0.405,0.595,0,0,0.0,4,SEARCH_PHASE,-1.799,1.2235,-65.2883,40.2259
96,2.585,-29.1996,22.7322,3.0574,-1.7839,1.2372,1.6884,2.957,76.729,76.782,36.1244,-17.5185,0.2,0.0,0.0,0.0,-1.5599,1.12,1.7,2.5647,-0.1363,0,0,0,0.756,0.407,0.593,0,0,0.0,4,SEARCH_PHASE,-1.7839,1.2372,-65.324,40.2507
97,2.612,-29.2349,22.7571,3.0911,-1.7657,1.2488,1.6878,2.991,76.772,76.827,36.1244,-17.5185,0.2,0.0,0.0,0.0,-1.5512,1.0728,1.7,2.5391,-0.1006,0,0,0,0.756,0.41,0.59,0,0,0.0,4,SEARCH_PHASE,-1.7657,1.2488,-65.3593,40.2756
98,2.639,-29.2698,22.7822,3.1249,-1.7445,1.2557,1.6881,3.025,76.815,76.871,36.1244,-17.5185,0.2,0.0,0.0,0.0,-1.5753,1.0313,1.7,2.5368,-0.141,0,0,0,0.759,0.415,0.585,0,0,0.0,4,SEARCH_PHASE,-1.7445,1.2557,-65.3942,40.3007
99,2.666,-29.3043,22.8075,3.1587,-1.7215,1.2606,1.6884,3.059,76.858,76.915,36.1244,-17.5185,0.2,0.0,0.0,0.0,-1.5668,0.984,1.7,2.5126,-0.155,0,0,0,0.759,0.415,0.585,0,0,0.0,4,SEARCH_PHASE,-1.7215,1.2606,-65.4287,40.326
100,2.694,-29.3381,22.8327,3.1925,-1.6948,1.2606,1.6887,3.092,76.9,76.958,36.1244,-17.5185,0.2,0.0,0.0,0.0,-1.5289,0.9547,1.7,2.4777,-0.112,0,0,0,0.756,0.411,0.589,0,0,0.0,4,SEARCH_PHASE,-1.6948,1.2606,-65.4626,40.3512
101,2.721,-29.3715,22.8578,3.2263,-1.6675,1.2541,1.6904,3.126,76.941,77.001,36.1244,-17.5185,0.2,0.0,0.0,0.0,-1.4919,0.9241,1.7,2.4433,-0.1531,0,0,0,0.755,0.412,0.588,0,0,0.0,4,SEARCH_PHASE,-1.6675,1.2541,-65.4959,40.3763
102,2.749,-29.4043,22.8826,3.2601,-1.6414,1.2443,1.6929,3.16,76.982,77.043,36.1244,-17.5185,0.2,0.0,0.0,0.0,-1.4533,0.8955,1.7,2.4092,-0.115,0,0,0,0.755,0.411,0.589,0,0,0.0,4,SEARCH_PHASE,-1.6414,1.2443,-65.5287,40.4011
103,2.777,-29.4366,22.9072,3.294,-1.6151,1.2281,1.6954,3.194,77.023,77.085,36.1244,-17.5185,0.2,0.0,0.0,0.0,-1.4145,0.8673,1.7,2.3755,-0.1553,0,0,0,0.757,0.412,0.588,0,0,0.0,4,SEARCH_PHASE,-1.6151,1.2281,-65.561,40.4257
104,2.805,-29.4684,22.9314,3.328,-1.5882,1.2081,1.6982,3.228,77.062,77.126,36.1244,-17.5185,0.2,0.0,0.0,0.0,-1.3745,0.8407,1.7,2.3422,-0.1071,0,0,0,0.755,0.41,0.59,0,0,0.0,4,SEARCH_PHASE,-1.5882,1.2081,-65.5928,40.4499
105,2.833,-29.4996,22.955,3.362,-1.5597,1.1816,1.6999,3.262,77.101,77.166,36.1244,-17.5185,0.2,0.0,0.0,0.0,-1.3351,0.8134,1.7,2.3095,-0.1469,0,0,0,0.745,0.407,0.593,0,0,0.0,4,SEARCH_PHASE,-1.5597,1.1816,-65.624,40.4735
106,2.863,-29.5302,22.978,3.396,-1.5313,1.1517,1.7018,3.296,77.139,77.206,36.1244,-17.5185,0.2,0.0,0.0,0.0,-1.2949,0.7871,1.7,2.2773,-0.0979,0,0,0,0.74,0.406,0.594,0,0,0.0,4,SEARCH_PHASE,-1.5313,1.1517,-65.6546,40.4965
107,2.894,-29.5602,23.0003,3.4301,-1.5015,1.1159,1.7021,3.33,77.177,77.244,36.1244,-17.5185,0.2,0.0,0.0,0.0,-1.255,0.7604,1.7,2.2457,-0.1073,0,0,0,0.742,0.401,0.599,0,0,0.0,4,SEARCH_PHASE,-1.5015,1.1159,-65.6846,40.5188
108,2.923,-29.5897,23.0219,3.4641,-1.4722,1.0776,1.7017,3.364,77.213,77.282,36.1244,-17.5185,0.2,0.0,0.0,0.0,-1.215,0.7338,1.7,2.2147,-0.073,0,0,0,0.74,0.399,0.601,0,0,0.0,4,SEARCH_PHASE,-1.4722,1.0776,-65.7141,40.5404
109,2.952,-29.6185,23.0426,3.4981,-1.4405,1.0364,1.7013,3.398,77.249,77.319,36.1244,-17.5185,0.2,0.0,0.0,0.0,-1.1754,0.7068,1.7,2.1843,-0.121,0,0,0,0.74,0.402,0.598,0,0,0.0,4,SEARCH_PHASE,-1.4405,1.0364,-65.7429,40.5611
110,2.982,-29.6467,23.0625,3.5321,-1.4081,0.9954,1.701,3.432,77.283,77.355,36.1244,-17.5185,0.2,0.0,0.0,0.0,-1.1356,0.6799,1.7,2.1545,-0.0763,0,0,0,0.738,0.401,0.599,0,0,0.0,4,SEARCH_PHASE,-1.4081,0.9954,-65.7711,40.581
111,3.011,-29.6741,23.0816,3.5661,-1.3735,0.9517,1.6997,3.466,77.316,77.39,36.1244,-17.5185,0.2,0.0,0.0,0.0,-1.096,0.6528,1.7,2.1254,-0.1243,0,0,0,0.735,0.395,0.605,0,0,0.0,4,SEARCH_PHASE,-1.3735,0.9517,-65.7985,40.6001
112,3.039,-29.7009,23.0997,3.6001,-1.3385,0.9087,1.6988,3.5,77.349,77.423,36.1244,-17.5185,0.2,0.0,0.0,0.0,-1.0562,0.626,1.7,2.097,-0.0794,0,0,0,0.732,0.396,0.604,0,0,0.0,4,SEARCH_PHASE,-1.3385,0.9087,-65.8253,40.6182
113,3.069,-29.7269,23.117,3.6341,-1.3015,0.8633,1.6969,3.534,77.38,77.456,36.1244,-17.5185,0.2,0.0,0.0,0.0,-1.0164,0.599,1.7,2.0693,-0.123,0,0,0,0.73,0.395,0.605,0,0,0.0,4,SEARCH_PHASE,-1.3015,0.8633,-65.8513,40.6355
114,3.096,-29.7522,23.1334,3.668,-1.2644,0.819,1.6955,3.568,77.41,77.488,36.1244,-17.5185,0.2,0.0,0.0,0.0,-0.9764,0.5725,1.7,2.0423,-0.0779,0,0,0,0.727,0.391,0.609,0,0,0.0,4,SEARCH_PHASE,-1.2644,0.819,-65.8766,40.6519
115,3.127,-29.7767,23.1488,3.7018,-1.2253,0.7731,1.6932,3.602,77.439,77.518,36.1244,-17.5185,0.2,0.0,0.0,0.0,-0.9363,0.5461,1.7,2.0162,-0.1199,0,0,0,0.726,0.39,0.61,0,0,0.0,4,SEARCH_PHASE,-1.2253,0.7731,-65.9011,40.6674
116,3.155,-29.8004,23.1634,3.7357,-1.1861,0.729,1.6919,3.636,77.467,77.547,36.1244,-17.5185,0.2,0.0,0.0,0.0,-0.8961,0.52,1.7,1.9908,-0.0738,0,0,0,0.722,0.386,0.614,0,0,0.0,4,SEARCH_PHASE,-1.1861,0.729,-65.9248,40.6819
117,3.183,-29.8233,23.1771,3.7695,-1.1452,0.6839,1.6901,3.669,77.493,77.576,36.1244,-17.5185,0.2,0.0,0.0,0.0,-0.8557,0.494,1.7,1.9663,-0.1204,0,0,0,0.721,0.383,0.617,0,0,0.0,4,SEARCH_PHASE,-1.1452,0.6839,-65.9478,40.6956
118,3.21,-29.8454,23.1899,3.8032,-1.1043,0.6413,1.6889,3.703,77.519,77.603,36.1244,-17.5185,0.2,0.0,0.0,0.0,-0.8152,0.4682,1.7,1.9426,-0.0741,0,0,0,0.718,0.379,0.621,0,0,0.0,4,SEARCH_PHASE,-1.1043,0.6413,-65.9698,40.7084
119,3.237,-29.8667,23.2019,3.837,-1.062,0.5982,1.6869,3.737,77.543,77.629,36.1244,-17.5185,0.2,0.0,0.0,0.0,-0.7746,0.4426,1.7,1.9199,-0.1167,0,0,0,0.716,0.379,0.621,0,0,0.0,4,SEARCH_PHASE,-1.062,0.5982,-65.9911,40.7204
120,3.265,-29.8871,23.2131,3.8707,-1.02,0.5578,1.6862,3.771,77.567,77.653,36.1244,-17.5185,0.2,0.0,0.0,0.0,-0.7339,0.4173,1.652,1.8552,-0.0684,0,0,0,0.712,0.375,0.625,0,0,0.0,4,SEARCH_PHASE,-1.02,0.5578,-66.0115,40.7316
121,3.292,-29.9067,23.2235,3.9041,-0.98,0.5203,1.6687,3.804,77.589,77.677,36.1244,-17.5185,0.2,0.0,0.0,0.0,-0.6931,0.392,1.604,1.7908,-0.1107,0,0,0,0.711,0.374,0.626,0,0,0.0,4,SEARCH_PHASE,-0.98,0.5203,-66.0311,40.742
122,3.32,-29.9255,23.2332,3.9369,-0.9429,0.4876,1.641,3.837,77.61,77.7,36.1244,-17.5185,0.2,0.0,0.0,0.0,-0.6522,0.3668,1.556,1.7266,-0.0704,0,0,0,0.708,0.373,0.627,0,0,0.0,4,SEARCH_PHASE,-0.9429,0.4876,-66.0499,40.7517
123,3.347,-29.9437,23.2423,3.969,-0.9064,0.4563,1.6065,3.869,77.63,77.722,36.1244,-17.5185,0.2,0.0,0.0,0.0,-0.6112,0.3418,1.508,1.6627,-0.1105,0,0,0,0.708,0.375,0.625,0,0,0.0,4,SEARCH_PHASE,-0.9064,0.4563,-66.0681,40.7608
124,3.374,-29.9611,23.2509,4.0004,-0.8705,0.4282,1.5678,3.9,77.649,77.742,36.1244,-17.5185,0.2,0.0,0.0,0.0,-0.5702,0.3169,1.46,1.5991,-0.0666,0,0,0,0.705,0.369,0.631,0,0,0.0,4,SEARCH_PHASE,-0.8705,0.4282,-66.0855,40.7694
125,3.402,-29.9777,23.2589,4.0309,-0.8338,0.4008,1.526,3.931,77.668,77.762,36.1244,-17.5185,0.2,0.0,0.0,0.0,-0.5291,0.292,1.412,1.5359,-0.1058,0,0,0,0.704,0.364,0.636,0,0,0.0,4,SEARCH_PHASE,-0.8338,0.4008,-66.1021,40.7774
126,3.429,-29.9937,23.2664,4.0606,-0.7974,0.3762,1.4826,3.961,77.685,77.781,36.1244,-17.5185,0.2,0.0,0.0,0.0,-0.4881,0.2672,1.364,1.4731,-0.0683,0,0,0,0.702,0.367,0.633,0,0,0.0,4,SEARCH_PHASE,-0.7974,0.3762,-66.1181,40.7849
127,3.457,-30.0089,23.2735,4.0893,-0.7601,0.3522,1.4379,3.989,77.702,77.799,36.1244,-17.5185,0.2,0.0,0.0,0.0,-0.447,0.2424,1.316,1.4108,-0.1061,0,0,0,0.703,0.37,0.63,0,0,0.0,4,SEARCH_PHASE,-0.7601,0.3522,-66.1333,40.792
128,3.484,-30.0233,23.2801,4.1172,-0.7219,0.3307,1.3925,4.017,77.718,77.816,36.1244,-17.5185,0.2,0.0,0.0,0.0,-0.4058,0.2176,1.268,1.349,-0.0714,0,0,0,0.7,0.367,0.633,0,0,0.0,4,SEARCH_PHASE,-0.7219,0.3307,-66.1477,40.7986
129,3.511,-30.037,23.2863,4.1441,-0.682,0.3096,1.3463,4.044,77.733,77.833,36.1244,-17.5185,0.2,0.0,0.0,0.0,-0.3647,0.1929,1.22,1.2879,-0.1104,0,0,0,0.701,0.369,0.631,0,0,0.0,4,SEARCH_PHASE,-0.682,0.3096,-66.1614,40.8048
130,3.538,-30.0498,23.2921,4.1701,-0.6419,0.2907,1.2998,4.07,77.747,77.848,36.1244,-17.5185,0.2,0.0,0.0,0.0,-0.3236,0.1681,1.172,1.2274,-0.0784,0,0,0,0.698,0.367,0.633,0,0,0.0,4,SEARCH_PHASE,-0.6419,0.2907,-66.1742,40.8106
131,3.566,-30.0618,23.2975,4.1951,-0.6003,0.2718,1.2528,4.095,77.76,77.862,36.1244,-17.5185,0.2,0.0,0.0,0.0,-0.2825,0.1433,1.124,1.1678,-0.1174,0,0,0,0.698,0.369,0.631,0,0,0.0,4,SEARCH_PHASE,-0.6003,0.2718,-66.1862,40.816
132,3.593,-30.073,23.3026,4.2193,-0.5588,0.2544,1.2058,4.119,77.772,77.876,36.1244,-17.5185,0.2,0.0,0.0,0.0,-0.2414,0.1185,1.076,1.1091,-0.074,0,0,0,0.696,0.369,0.631,0,0,0.0,4,SEARCH_PHASE,-0.5588,0.2544,-66.1974,40.8211
133,3.621,-30.0833,23.3074,4.2424,-0.5161,0.2364,1.1583,4.142,77.783,77.888,36.1244,-17.5185,0.2,0.0,0.0,0.0,-0.2003,0.0938,1.028,1.0515,-0.113,0,0,0,0.696,0.365,0.635,0,0,0.0,4,SEARCH_PHASE,-0.5161,0.2364,-66.2077,40.8259
134,3.648,-30.0928,23.3118,4.2646,-0.4738,0.2201,1.1108,4.165,77.793,77.9,36.1244,-17.5185,0.2,0.0,0.0,0.0,-0.1592,0.069,0.98,0.9952,-0.1053,0,0,0,0.694,0.362,0.638,0,0,0.0,4,SEARCH_PHASE,-0.4738,0.2201,-66.2172,40.8303
135,3.676,-30.1014,23.3158,4.2859,-0.4306,0.2036,1.0626,4.186,77.803,77.91,36.1244,-17.5185,0.2,0.0,0.0,0.0,-0.1181,0.0442,0.932,0.9405,-0.1261,0,0,0,0.695,0.367,0.633,0,0,0.0,4,SEARCH_PHASE,-0.4306,0.2036,-66.2258,40.8343
136,3.703,-30.1091,23.3196,4.3062,-0.3875,0.1863,1.0147,4.206,77.812,77.92,36.1244,-17.5185,0.2,0.0,0.0,0.0,-0.0769,0.0194,0.884,0.8876,-0.0913,0,0,0,0.694,0.368,0.632,0,0,0.0,4,SEARCH_PHASE,-0.3875,0.1863,-66.2336,40.8381
137,3.73,-30.116,23.3229,4.3255,-0.3431,0.1668,0.967,4.226,77.819,77.928,36.1244,-17.5185,0.2,0.0,0.0,0.0,-0.0358,-0.0053,0.836,0.8368,-0.1302,0,0,0,0.695,0.367,0.633,0,0,0.0,4,SEARCH_PHASE,-0.3431,0.1668,-66.2404,40.8414
138,3.757,-30.122,23.3258,4.3439,-0.2987,0.1473,0.9194,4.244,77.826,77.936,36.1244,-17.5185,0.2,0.0,0.0,0.0,0.0053,-0.0301,0.788,0.7886,-0.0844,0,0,0,0.693,0.368,0.632,0,0,0.0,4,SEARCH_PHASE,-0.2987,0.1473,-66.2464,40.8443
139,3.785,-30.1271,23.3284,4.3613,-0.2536,0.1257,0.8712,4.261,77.831,77.943,36.1244,-17.5185,0.2,0.0,0.0,0.0,0.0464,-0.0549,0.74,0.7435,-0.1242,0,0,0,0.693,0.368,0.632,0,0,0.0,4,SEARCH_PHASE,-0.2536,0.1257,-66.2515,40.8469
140,3.812,-30.1312,23.3304,4.3778,-0.2089,0.1044,0.8233,4.278,77.836,77.948,36.1244,-17.5185,0.2,0.0,0.0,0.0,0.0875,-0.0796,0.692,0.702,-0.078,0,0,0,0.691,0.366,0.634,0,0,0.0,4,SEARCH_PHASE,-0.2089,0.1044,-66.2556,40.8489
141,3.84,-30.1345,23.3321,4.3933,-0.1637,0.0813,0.7749,4.293,77.84,77.953,36.1244,-17.5185,0.2,0.0,0.0,0.0,0.1286,-0.1044,0.644,0.665,-0.1179,0,0,0,0.691,0.366,0.634,0,0,0.0,4,SEARCH_PHASE,-0.1637,0.0813,-66.2589,40.8506
142,3.867,-30.1369,23.3332,4.4078,-0.119,0.0588,0.7269,4.308,77.842,77.956,36.1244,-17.5185,0.2,0.0,0.0,0.0,0.1697,-0.1292,0.596,0.633,-0.0713,0,0,0,0.689,0.364,0.636,0,0,0.0,4,SEARCH_PHASE,-0.119,0.0588,-66.2613,40.8517
143,3.895,-30.1384,23.3339,4.4214,-0.074,0.0347,0.6785,4.321,77.844,77.958,36.1244,-17.5185,0.2,0.0,0.0,0.0,0.2109,-0.154,0.548,0.607,-0.111,0,0,0,0.689,0.364,0.636,0,0,0.0,4,SEARCH_PHASE,-0.074,0.0347,-66.2628,40.8524
144,3.922,-30.139,23.3342,4.434,-0.0298,0.0114,0.6305,4.334,77.845,77.96,36.1244,-17.5185,0.2,0.0,0.0,0.0,0.252,-0.1787,0.5,0.5877,-0.0641,0,0,0,0.687,0.364,0.636,0,0,0.0,4,SEARCH_PHASE,-0.0298,0.0114,-66.2634,40.8527
145,3.95,-30.1387,23.3339,4.4457,0.0146,-0.0131,0.5823,4.346,77.844,77.96,36.1244,-17.5185,0.2,0.0,0.0,0.0,0.2931,-0.2035,0.452,0.5759,-0.1038,0,0,0,0.687,0.364,0.636,0,0,0.0,4,SEARCH_PHASE,0.0146,-0.0131,-66.2631,40.8524
146,3.979,-30.1375,23.3332,4.4564,0.058,-0.0366,0.5345,4.356,77.843,77.959,36.1244,-17.5185,0.2,0.0,0.0,0.0,0.3342,-0.2283,0.404,0.5719,-0.059,0,0,0,0.695,0.359,0.641,0,0,0.0,4,SEARCH_PHASE,0.058,-0.0366,-66.2619,40.8517
147,4.007,-30.1355,23.332,4.4661,0.1014,-0.061,0.4865,4.366,77.84,77.957,36.1244,-17.5185,0.2,0.0,0.0,0.0,0.3753,-0.253,0.356,0.5759,-0.0985,0,0,0,0.685,0.358,0.642,0,0,0.0,4,SEARCH_PHASE,0.1014,-0.061,-66.2599,40.8505
148,4.034,-30.1326,23.3303,4.4748,0.1434,-0.0841,0.4381,4.375,77.837,77.954,36.1244,-17.5185,0.2,0.0,0.0,0.0,0.4164,-0.2778,0.308,0.5878,-0.0801,0,0,0,0.694,0.356,0.644,0,0,0.0,4,SEARCH_PHASE,0.1434,-0.0841,-66.257,40.8488
149,4.062,-30.1289,23.3281,4.4827,0.1856,-0.1083,0.3906,4.383,77.833,77.951,36.1244,-17.5185,0.2,0.0,0.0,0.0,0.4575,-0.3026,0.26,0.607,-0.1238,0,0,0,0.685,0.359,0.641,0,0,0.0,4,SEARCH_PHASE,0.1856,-0.1083,-66.2533,40.8466
150,4.09,-30.1244,23.3255,4.4895,0.2273,-0.132,0.3433,4.39,77.828,77.946,36.1244,-17.5185,0.2,0.0,0.0,0.0,0.4987,-0.3273,0.212,0.6331,-0.0811,0,0,0,0.681,0.357,0.643,0,0,0.0,4,SEARCH_PHASE,0.2273,-0.132,-66.2488,40.844
151,4.117,-30.119,23.3223,4.4954,0.2695,-0.1574,0.2953,4.395,77.821,77.94,36.1244,-17.5185,0.2,0.0,0.0,0.0,0.5398,-0.3521,0.164,0.665,-0.1244,0,0,0,0.682,0.356,0.644,0,0,0.0,4,SEARCH_PHASE,0.2695,-0.1574,-66.2434,40.8408
152,4.143,-30.1127,23.3187,4.5004,0.3111,-0.182,0.2476,4.4,77.814,77.933,36.1244,-17.5185,0.2,0.0,0.0,0.0,0.5809,-0.3769,0.116,0.7021,-0.0819,0,0,0,0.68,0.354,0.646,0,0,0.0,4,SEARCH_PHASE,0.3111,-0.182,-66.2372,40.8372
153,4.17,-30.1057,23.3145,4.5044,0.3531,-0.208,0.1994,4.404,77.806,77.925,36.1244,-17.5185,0.2,0.0,0.0,0.0,0.622,-0.4017,0.068,0.7435,-0.1247,0,0,0,0.681,0.355,0.645,0,0,0.0,4,SEARCH_PHASE,0.3531,-0.208,-66.2301,40.833
154,4.197,-30.0978,23.3099,4.5074,0.3943,-0.2331,0.1517,4.407,77.797,77.916,36.1244,-17.5185,0.2,0.0,0.0,0.0,0.6631,-0.4264,0.02,0.7887,-0.0822,0,0,0,0.679,0.353,0.647,0,0,0.0,4,SEARCH_PHASE,0.3943,-0.2331,-66.2222,40.8284
155,4.224,-30.0891,23.3047,4.5095,0.4355,-0.2591,0.1034,4.409,77.787,77.906,36.1244,-17.5185,0.2,0.0,0.0,0.0,0.7042,-0.4512,-0.028,0.8368,-0.1218,0,0,0,0.679,0.351,0.649,0,0,0.0,4,SEARCH_PHASE,0.4355,-0.2591,-66.2135,40.8232
156,4.251,-30.0796,23.299,4.5106,0.4759,-0.2841,0.0558,4.411,77.776,77.895,36.1244,-17.5185,0.2,0.0,0.0,0.0,0.7453,-0.476,-0.076,0.8876,-0.0826,0,0,0,0.678,0.35,0.65,0,0,0.0,4,SEARCH_PHASE,0.4759,-0.2841,-66.204,40.8175
157,4.278,-30.0692,23.2928,4.5108,0.5163,-0.3098,0.0081,4.411,77.764,77.883,36.1244,-17.5185,0.2,0.0,0.0,0.0,0.7865,-0.5007,-0.124,0.9406,-0.1236,0,0,0,0.679,0.349,0.651,0,0,0.0,4,SEARCH_PHASE,0.5163,-0.3098,-66.1937,40.8113
158,4.305,-30.0581,23.2861,4.51,0.5562,-0.3345,-0.0393,4.41,77.751,77.87,36.1244,-17.5185,0.2,0.0,0.0,0.0,0.8276,-0.5255,-0.172,0.9953,-0.0803,0,0,0,0.678,0.348,0.652,0,0,0.0,4,SEARCH_PHASE,0.5562,-0.3345,-66.1825,40.8046
159,4.332,-30.0462,23.2789,4.5082,0.5967,-0.3599,-0.0872,4.408,77.737,77.856,36.1244,-17.5185,0.2,0.0,0.0,0.0,0.8687,-0.5503,-0.22,1.0516,-0.1209,0,0,0,0.679,0.35,0.65,0,0,0.0,4,SEARCH_PHASE,0.5967,-0.3599,-66.1706,40.7974
160,4.359,-30.0335,23.2712,4.5055,0.6366,-0.3839,-0.1347,4.406,77.722,77.841,36.1244,-17.5185,0.2,0.0,0.0,0.0,0.9098,-0.5751,-0.268,1.1092,-0.0816,0,0,0,0.677,0.347,0.653,0,0,0.0,4,SEARCH_PHASE,0.6366,-0.3839,-66.1579,40.7897
161,4.387,-30.0199,23.2631,4.5019,0.6769,-0.4084,-0.1825,4.402,77.706,77.825,36.1244,-17.5185,0.2,0.0,0.0,0.0,0.9509,-0.5998,-0.316,1.1679,-0.1219,0,0,0,0.678,0.347,0.653,0,0,0.0,4,SEARCH_PHASE,0.6769,-0.4084,-66.1443,40.7816
162,4.414,-30.0056,23.2544,4.4973,0.7163,-0.4315,-0.23,4.397,77.689,77.808,36.1244,-17.5185,0.2,0.0,0.0,0.0,0.992,-0.6246,-0.364,1.2275,-0.0918,0,0,0,0.678,0.349,0.651,0,0,0.0,4,SEARCH_PHASE,0.7163,-0.4315,-66.13,40.7729
163,4.442,-29.9905,23.2453,4.4917,0.7556,-0.455,-0.2782,4.392,77.672,77.79,36.1244,-17.5185,0.2,0.0,0.0,0.0,1.0331,-0.6494,-0.412,1.288,-0.1175,0,0,0,0.68,0.351,0.649,0,0,0.0,4,SEARCH_PHASE,0.7556,-0.455,-66.1149,40.7638
164,4.469,-29.9746,23.2358,4.4852,0.795,-0.4778,-0.3261,4.385,77.653,77.771,36.1244,-17.5185,0.2,0.0,0.0,0.0,1.0743,-0.6741,-0.46,1.3491,-0.1046,0,0,0,0.68,0.352,0.648,0,0,0.0,4,SEARCH_PHASE,0.795,-0.4778,-66.099,40.7543
165,4.496,-29.9579,23.2257,4.4777,0.835,-0.5016,-0.3742,4.378,77.634,77.751,36.1244,-17.5185,0.2,0.0,0.0,0.0,1.1154,-0.6989,-0.508,1.4109,-0.1186,0,0,0,0.682,0.357,0.643,0,0,0.0,4,SEARCH_PHASE,0.835,-0.5016,-66.0823,40.7442
166,4.524,-29.9404,23.2152,4.4693,0.874,-0.5259,-0.4217,4.369,77.613,77.73,36.1244,-17.5185,0.2,0.0,0.0,0.0,1.1565,-0.7237,-0.556,1.4732,-0.083,0,0,0,0.681,0.357,0.643,0,0,0.0,4,SEARCH_PHASE,0.874,-0.5259,-66.0648,40.7337
167,4.551,-29.9221,23.2042,4.4599,0.9137,-0.5516,-0.469,4.36,77.592,77.709,36.1244,-17.5185,0.2,0.0,0.0,0.0,1.1976,-0.7485,-0.604,1.536,-0.1228,0,0,0,0.683,0.359,0.641,0,0,0.0,4,SEARCH_PHASE,0.9137,-0.5516,-66.0465,40.7227
168,4.578,-29.9031,23.1927,4.4496,0.9526,-0.5764,-0.5161,4.35,77.57,77.686,36.1244,-17.5185,0.2,0.0,0.0,0.0,1.2387,-0.7732,-0.652,1.5992,-0.0794,0,0,0,0.683,0.358,0.642,0,0,0.0,4,SEARCH_PHASE,0.9526,-0.5764,-66.0275,40.7112
169,4.605,-29.8832,23.1806,4.4383,0.9917,-0.6025,-0.5636,4.338,77.546,77.662,36.1244,-17.5185,0.2,0.0,0.0,0.0,1.2798,-0.798,-0.7,1.6628,-0.1191,0,0,0,0.685,0.358,0.642,0,0,0.0,4,SEARCH_PHASE,0.9917,-0.6025,-66.0076,40.6991
170,4.632,-29.8626,23.1681,4.4261,1.0302,-0.6275,-0.6109,4.326,77.522,77.637,36.1244,-17.5185,0.2,0.0,0.0,0.0,1.3209,-0.8228,-0.748,1.7267,-0.0773,0,0,0,0.685,0.359,0.641,0,0,0.0,4,SEARCH_PHASE,1.0302,-0.6275,-65.987,40.6866
171,4.659,-29.8413,23.155,4.4129,1.069,-0.6536,-0.6585,4.313,77.497,77.612,36.1244,-17.5185,0.2,0.0,0.0,0.0,1.3621,-0.8476,-0.796,1.7909,-0.1169,0,0,0,0.687,0.36,0.64,0,0,0.0,4,SEARCH_PHASE,1.069,-0.6536,-65.9657,40.6735
172,4.687,-29.8191,23.1414,4.3988,1.1074,-0.6786,-0.7058,4.299,77.471,77.585,36.1244,-17.5185,0.2,0.0,0.0,0.0,1.4032,-0.8723,-0.844,1.8553,-0.0719,0,0,0,0.689,0.362,0.638,0,0,0.0,4,SEARCH_PHASE,1.1074,-0.6786,-65.9435,40.6599
173,4.714,-29.7962,23.1273,4.3837,1.1465,-0.7045,-0.7535,4.284,77.444,77.557,36.1244,-17.5185,0.2,0.0,0.0,0.0,1.4443,-0.8971,-0.892,1.92,-0.1114,0,0,0,0.69,0.365,0.635,0,0,0.0,4,SEARCH_PHASE,1.1465,-0.7045,-65.9206,40.6458
174,4.742,-29.7725,23.1128,4.3677,1.185,-0.7291,-0.8009,4.268,77.416,77.528,36.1244,-17.5185,0.2,0.0,0.0,0.0,1.4854,-0.9219,-0.94,1.9849,-0.0699,0,0,0,0.692,0.367,0.633,0,0,0.0,4,SEARCH_PHASE,1.185,-0.7291,-65.8969,40.6313
175,4.77,-29.748,23.0977,4.3507,1.2241,-0.7543,-0.8485,4.251,77.388,77.499,36.1244,-17.5185,0.2,0.0,0.0,0.0,1.5265,-0.9467,-0.988,2.05,-0.1095,0,0,0,0.693,0.371,0.629,0,0,0.0,4,SEARCH_PHASE,1.2241,-0.7543,-65.8724,40.6162
176,4.797,-29.7227,23.0821,4.3328,1.263,-0.7781,-0.8959,4.233,77.358,77.468,36.1244,-17.5185,0.2,0.0,0.0,0.0,1.5676,-0.9714,-1.036,2.1153,-0.0701,0,0,0,0.695,0.372,0.628,0,0,0.0,4,SEARCH_PHASE,1.263,-0.7781,-65.8471,40.6006
177,4.825,-29.6967,23.0661,4.3139,1.3028,-0.8026,-0.9436,4.214,77.327,77.437,36.1244,-17.5185,0.2,0.0,0.0,0.0,1.6087,-0.9963,-1.084,2.1807,-0.1097,0,0,0,0.697,0.373,0.627,0,0,0.0,4,SEARCH_PHASE,1.3028,-0.8026,-65.8211,40.5846
178,4.854,-29.6698,23.0495,4.2941,1.3423,-0.8258,-0.9909,4.194,77.296,77.404,36.1244,-17.5185,0.2,0.0,0.0,0.0,1.6495,-1.0216,-1.132,2.2463,-0.0639,0,0,0,0.7,0.373,0.627,0,0,0.0,4,SEARCH_PHASE,1.3423,-0.8258,-65.7942,40.568
179,4.882,-29.6422,23.0325,4.2734,1.3824,-0.8498,-1.0386,4.173,77.263,77.371,36.1244,-17.5185,0.2,0.0,0.0,0.0,1.6899,-1.0475,-1.18,2.312,-0.1034,0,0,0,0.702,0.377,0.623,0,0,0.0,4,SEARCH_PHASE,1.3824,-0.8498,-65.7666,40.551
180,4.91,-29.6137,23.0151,4.2516,1.4218,-0.8723,-1.0861,4.152,77.23,77.336,36.1244,-17.5185,0.2,0.0,0.0,0.0,1.7297,-1.0743,-1.228,2.3778,-0.0832,0,0,0,0.706,0.382,0.618,0,0,0.0,4,SEARCH_PHASE,1.4218,-0.8723,-65.7382,40.5336
181,4.938,-29.5845,22.9972,4.229,1.4618,-0.8952,-1.1335,4.129,77.196,77.301,36.1244,-17.5185,0.2,0.0,0.0,0.0,1.7684,-1.1027,-1.276,2.4436,-0.1219,0,0,0,0.705,0.387,0.613,0,0,0.0,4,SEARCH_PHASE,1.4618,-0.8952,-65.7089,40.5157
182,4.966,-29.5545,22.9788,4.2054,1.5016,-0.9182,-1.1807,4.105,77.161,77.264,36.1244,-17.5185,0.2,0.0,0.0,0.0,1.8055,-1.1331,-1.324,2.5093,-0.0756,0,0,0,0.711,0.387,0.613,0,0,0.0,4,SEARCH_PHASE,1.5016,-0.9182,-65.6789,40.4973
183,4.994,-29.5236,22.96,4.1808,1.5419,-0.9429,-1.2286,4.081,77.124,77.227,36.1244,-17.5185,0.2,0.0,0.0,0.0,1.84,-1.1665,-1.372,2.5746,-0.1153,0,0,0,0.71,0.391,0.609,0,0,0.0,4,SEARCH_PHASE,1.5419,-0.9429,-65.6481,40.4785
184,5.022,-29.492,22.9406,4.1553,1.5816,-0.9673,-1.2761,4.055,77.087,77.189,36.1244,-17.5185,0.2,0.0,0.0,0.0,1.8728,-1.2016,-1.42,2.6396,-0.0685,0,0,0,0.715,0.391,0.609,0,0,0.0,4,SEARCH_PHASE,1.5816,-0.9673,-65.6164,40.4591
185,5.051,-29.4596,22.9208,4.1288,1.6216,-0.9932,-1.324,4.029,77.049,77.149,36.1244,-17.5185,0.2,0.0,0.0,0.0,1.8854,-1.228,-1.372,2.6353,-0.1082,0,0,0,0.719,0.389,0.611,0,0,0.0,4,SEARCH_PHASE,1.6216,-0.9932,-65.584,40.4393
186,5.08,-29.4262,22.9003,4.102,1.6699,-1.0243,-1.3411,4.002,77.01,77.109,36.1244,-17.5185,0.2,0.0,0.0,0.0,1.8893,-1.222,-1.324,2.6106,-0.0565,0,0,0,0.719,0.393,0.607,0,0,0.0,4,SEARCH_PHASE,1.6699,-1.0243,-65.5506,40.4188
187,5.108,-29.3917,22.8791,4.0752,1.7242,-1.0608,-1.3398,3.975,76.97,77.067,36.1244,-17.5185,0.2,0.0,0.0,0.0,1.8994,-1.2062,-1.276,2.5866,-0.0859,0,0,0,0.717,0.386,0.614,0,0,0.0,4,SEARCH_PHASE,1.7242,-1.0608,-65.5161,40.3976
188,5.135,-29.3561,22.8571,4.0487,1.7808,-1.0983,-1.3249,3.949,76.928,77.024,36.1244,-17.5185,0.2,0.0,0.0,0.0,1.9061,-1.1955,-1.228,2.5633,-0.0702,0,0,0,0.722,0.386,0.614,0,0,0.0,4,SEARCH_PHASE,1.7808,-1.0983,-65.4805,40.3756
189,5.163,-29.3194,22.8343,4.0227,1.8347,-1.138,-1.3002,3.923,76.885,76.98,36.1244,-17.5185,0.2,0.0,0.0,0.0,1.9055,-1.1965,-1.18,2.5406,-0.0511,0,0,0,0.724,0.384,0.616,0,0,0.0,4,SEARCH_PHASE,1.8347,-1.138,-65.4438,40.3528
190,5.191,-29.2817,22.8108,3.9973,1.8847,-1.1763,-1.2676,3.897,76.84,76.934,36.1244,-17.5185,0.2,0.0,0.0,0.0,1.9116,-1.1867,-1.132,2.5187,-0.0661,0,0,0,0.719,0.381,0.619,0,0,0.0,4,SEARCH_PHASE,1.8847,-1.1763,-65.4061,40.3293
191,5.219,-29.243,22.7866,3.9727,1.933,-1.2105,-1.2288,3.873,76.795,76.887,36.1244,-17.5185,0.2,0.0,0.0,0.0,1.9187,-1.1752,-1.084,2.4975,-0.0441,0,0,0,0.717,0.383,0.617,0,0,0.0,4,SEARCH_PHASE,1.933,-1.2105,-65.3674,40.3051
192,5.246,-29.2035,22.7618,3.949,1.9753,-1.2414,-1.1851,3.849,76.748,76.839,36.1244,-17.5185,0.2,0.0,0.0,0.0,1.9269,-1.1616,-1.036,2.4771,-0.0824,0,0,0,0.711,0.379,0.621,0,0,0.0,4,SEARCH_PHASE,1.9753,-1.2414,-65.3279,40.2803
193,5.273,-29.1632,22.7364,3.9263,2.0151,-1.2666,-1.1381,3.826,76.7,76.791,36.1244,-17.5185,0.2,0.0,0.0,0.0,1.9322,-1.1528,-0.988,2.4574,-0.0551,0,0,0,0.709,0.371,0.629,0,0,0.0,4,SEARCH_PHASE,2.0151,-1.2666,-65.2876,40.2549
194,5.299,-29.1223,22.7107,3.9045,2.0473,-1.2885,-1.0896,3.804,76.652,76.741,36.1244,-17.5185,0.2,0.0,0.0,0.0,1.9363,-1.146,-0.9877,2.4572,-0.0855,0,0,0,0.703,0.363,0.637,0,0,0.0,4,SEARCH_PHASE,2.0473,-1.2885,-65.2467,40.2292
195,5.325,-29.0808,22.6846,3.8834,2.0737,-1.3033,-1.0559,3.783,76.603,76.691,36.1244,-17.5185,0.2,0.0,0.0,0.0,1.9491,-1.1241,-1.0357,2.4769,-0.0561,0,0,0,0.713,0.367,0.633,0,0,0.0,4,SEARCH_PHASE,2.0737,-1.3033,-65.2052,40.2031
196,5.351,-29.039,22.6583,3.8624,2.0894,-1.3133,-1.0501,3.762,76.554,76.641,36.1244,-17.5185,0.2,0.0,0.0,0.0,1.952,-1.119,-1.0837,2.4974,-0.056,0,0,0,0.718,0.363,0.637,0,0,0.0,4,SEARCH_PHASE,2.0894,-1.3133,-65.1634,40.1768
197,5.378,-28.997,22.632,3.8411,2.1001,-1.318,-1.0618,3.741,76.504,76.591,36.1244,-17.5185,0.2,0.0,0.0,0.0,1.9482,-1.1257,-1.1317,2.5186,-0.0429,0,0,0,0.715,0.35,0.65,0,0,0.0,4,SEARCH_PHASE,2.1001,-1.318,-65.1214,40.1505
198,5.403,-28.9549,22.6056,3.8194,2.1046,-1.3177,-1.0849,3.719,76.454,76.54,36.1244,-17.5185,0.2,0.0,0.0,0.0,1.941,-1.1379,-1.1797,2.5405,-0.0728,0,0,0,0.709,0.347,0.653,0,0,0.0,4,SEARCH_PHASE,2.1046,-1.3177,-65.0793,40.1241
199,5.428,-28.9128,22.5794,3.7971,2.1059,-1.3125,-1.1158,3.697,76.405,76.489,36.1244,-17.5185,0.2,0.0,0.0,0.0,1.937,-1.1448,-1.2277,2.5631,-0.0659,0,0,0,0.705,0.338,0.662,0,0,0.0,4,SEARCH_PHASE,2.1059,-1.3125,-65.0372,40.0979
200,5.454,-28.8708,22.5533,3.7741,2.1019,-1.3043,-1.1523,3.674,76.355,76.439,36.1244,-17.5185,0.2,0.0,0.0,0.0,1.9351,-1.148,-1.2757,2.5865,-0.0889,0,0,0,0.702,0.347,0.653,0,0,0.0,4,SEARCH_PHASE,2.1019,-1.3043,-64.9952,40.0718
201,5.481,-28.8289,22.5274,3.7502,2.0948,-1.293,-1.1926,3.65,76.306,76.389,36.1244,-17.5185,0.2,0.0,0.0,0.0,1.933,-1.1515,-1.2277,2.5631,-0.0754,0,0,0,0.702,0.355,0.645,0,0,0.0,4,SEARCH_PHASE,2.0948,-1.293,-64.9533,40.0459
202,5.508,-28.7872,22.5019,3.7262,2.0834,-1.2779,-1.1997,3.626,76.257,76.339,36.1244,-17.5185,0.2,0.0,0.0,0.0,1.9289,-1.1585,-1.1797,2.5405,-0.1024,0,0,0,0.702,0.355,0.645,0,0,0.0,4,SEARCH_PHASE,2.0834,-1.2779,-64.9116,40.0204
203,5.536,-28.7458,22.4767,3.7025,2.0695,-1.2586,-1.1869,3.602,76.209,76.289,36.1244,-17.5185,0.2,0.0,0.0,0.0,1.936,-1.1464,-1.1317,2.5186,-0.1202,0,0,0,0.706,0.352,0.648,0,0,0.0,4,SEARCH_PHASE,2.0695,-1.2586,-64.8702,39.9952
204,5.564,-28.7048,22.4519,3.6792,2.0523,-1.2377,-1.1617,3.579,76.161,76.24,36.1244,-17.5185,0.2,0.0,0.0,0.0,1.931,-1.1549,-1.0837,2.4974,-0.0817,0,0,0,0.706,0.348,0.652,0,0,0.0,4,SEARCH_PHASE,2.0523,-1.2377,-64.8292,39.9704
205,5.593,-28.6641,22.4276,3.6567,2.0344,-1.2175,-1.1288,3.557,76.113,76.192,36.1244,-17.5185,0.2,0.0,0.0,0.0,1.9341,-1.1496,-1.0357,2.4769,-0.1184,0,0,0,0.71,0.349,0.651,0,0,0.0,4,SEARCH_PHASE,2.0344,-1.2175,-64.7885,39.9461
206,5.62,-28.6238,22.4037,3.6348,2.0138,-1.1948,-1.0915,3.535,76.067,76.144,36.1244,-17.5185,0.2,0.0,0.0,0.0,1.9427,-1.1351,-0.9877,2.4572,-0.0855,0,0,0,0.715,0.355,0.645,0,0,0.0,4,SEARCH_PHASE,2.0138,-1.1948,-64.7482,39.9222
207,5.648,-28.5839,22.3802,3.6138,1.9929,-1.1735,-1.05,3.514,76.02,76.097,36.1244,-17.5185,0.2,0.0,0.0,0.0,1.9375,-1.1439,-0.9397,2.4383,-0.113,0,0,0,0.717,0.36,0.64,0,0,0.0,4,SEARCH_PHASE,1.9929,-1.1735,-64.7084,39.8987
208,5.676,-28.5445,22.3572,3.5937,1.9737,-1.1509,-1.0068,3.494,75.975,76.05,36.1244,-17.5185,0.2,0.0,0.0,0.0,1.9498,-1.1229,-0.8917,2.4202,-0.1203,0,0,0,0.723,0.362,0.638,0,0,0.0,4,SEARCH_PHASE,1.9737,-1.1509,-64.6689,39.8757
209,5.704,-28.5054,22.3346,3.5745,1.9536,-1.1298,-0.9624,3.474,75.929,76.004,36.1244,-17.5185,0.2,0.0,0.0,0.0,1.9625,-1.1005,-0.8437,2.403,-0.0756,0,0,0,0.726,0.365,0.635,0,0,0.0,4,SEARCH_PHASE,1.9536,-1.1298,-64.6298,39.8531
210,5.732,-28.4667,22.3124,3.5561,1.9357,-1.1111,-0.9163,3.456,75.885,75.959,36.1244,-17.5185,0.2,0.0,0.0,0.0,1.9773,-1.0737,-0.7957,2.3865,-0.1125,0,0,0,0.731,0.37,0.63,0,0,0.0,4,SEARCH_PHASE,1.9357,-1.1111,-64.5911,39.8309
211,5.76,-28.4283,22.2906,3.5387,1.9176,-1.0907,-0.8699,3.439,75.841,75.914,36.1244,-17.5185,0.2,0.0,0.0,0.0,1.9951,-1.0402,-0.7477,2.371,-0.0796,0,0,0,0.736,0.374,0.626,0,0,0.0,4,SEARCH_PHASE,1.9176,-1.0907,-64.5527,39.8091
212,5.788,-28.3903,22.2691,3.5223,1.9016,-1.0725,-0.8226,3.422,75.797,75.87,36.1244,-17.5185,0.2,0.0,0.0,0.0,2.0111,-1.009,-0.6997,2.3563,-0.1099,0,0,0,0.741,0.364,0.636,0,0,0.0,4,SEARCH_PHASE,1.9016,-1.0725,-64.5147,39.7876
213,5.816,-28.3525,22.248,3.5068,1.8891,-1.0537,-0.7749,3.407,75.754,75.826,36.1244,-17.5185,0.2,0.0,0.0,0.0,2.0319,-0.9657,-0.6517,2.3422,-0.0741,0,0,0,0.746,0.366,0.634,0,0,0.0,4,SEARCH_PHASE,1.8891,-1.0537,-64.4769,39.7665
214,5.843,-28.3149,22.2273,3.4922,1.879,-1.0372,-0.7265,3.392,75.711,75.783,36.1244,-17.5185,0.2,0.0,0.0,0.0,2.0513,-0.9218,-0.6037,2.3285,-0.1101,0,0,0,0.752,0.378,0.622,0,0,0.0,4,SEARCH_PHASE,1.879,-1.0372,-64.4394,39.7458
215,5.871,-28.2775,22.2069,3.4787,1.8722,-1.0201,-0.6778,3.379,75.668,75.739,36.1244,-17.5185,0.2,0.0,0.0,0.0,2.0698,-0.8775,-0.5557,2.3158,-0.0619,0,0,0,0.755,0.382,0.618,0,0,0.0,4,SEARCH_PHASE,1.8722,-1.0201,-64.4019,39.7254
216,5.899,-28.2401,22.1868,3.4661,1.8696,-1.0059,-0.629,3.366,75.626,75.697,36.1244,-17.5185,0.2,0.0,0.0,0.0,2.087,-0.8327,-0.5077,2.3036,-0.0623,0,0,0,0.759,0.391,0.609,0,0,0.0,4,SEARCH_PHASE,1.8696,-1.0059,-64.3645,39.7053
217,5.926,-28.2027,22.167,3.4545,1.8689,-0.9904,-0.5797,3.355,75.584,75.654,36.1244,-17.5185,0.2,0.0,0.0,0.0,2.1042,-0.7879,-0.4597,2.2934,-0.0838,0,0,0,0.76,0.396,0.604,0,0,0.0,4,SEARCH_PHASE,1.8689,-0.9904,-64.3271,39.6855
218,5.954,-28.1653,22.1475,3.4439,1.8735,-0.9734,-0.5307,3.344,75.542,75.611,36.1244,-17.5185,0.2,0.0,0.0,0.0,2.1196,-0.7424,-0.4117,2.2833,-0.0612,0,0,0,0.764,0.404,0.596,0,0,0.0,4,SEARCH_PHASE,1.8735,-0.9734,-64.2897,39.666
219,5.984,-28.1277,22.1284,3.4343,1.8792,-0.9565,-0.4814,3.334,75.5,75.569,36.1244,-17.5185,0.2,0.0,0.0,0.0,2.1352,-0.697,-0.3637,2.2754,-0.074,0,0,0,0.764,0.408,0.592,0,0,0.0,4,SEARCH_PHASE,1.8792,-0.9565,-64.2521,39.6469
220,6.013,-28.0899,22.1096,3.4256,1.89,-0.9375,-0.4324,3.326,75.458,75.527,36.1244,-17.5185,0.2,0.0,0.0,0.0,2.1489,-0.651,-0.3157,2.2674,-0.0497,0,0,0,0.767,0.39,0.61,0,0,0.0,4,SEARCH_PHASE,1.89,-0.9375,-64.2143,39.6281
221,6.042,-28.0518,22.0913,3.418,1.9021,-0.9169,-0.383,3.318,75.416,75.484,36.1244,-17.5185,0.2,0.0,0.0,0.0,2.1655,-0.6107,-0.2677,2.2659,-0.0822,0,0,0,0.767,0.395,0.605,0,0,0.0,4,SEARCH_PHASE,1.9021,-0.9169,-64.1762,39.6098
222,6.07,-28.0134,22.0734,3.4113,1.9193,-0.8924,-0.3344,3.311,75.374,75.442,36.1244,-17.5185,0.2,0.0,0.0,0.0,2.1778,-0.5642,-0.2197,2.2604,-0.056,0,0,0,0.769,0.403,0.597,0,0,0.0,4,SEARCH_PHASE,1.9193,-0.8924,-64.1379,39.5919
223,6.098,-27.9747,22.0561,3.4056,1.9371,-0.8664,-0.2855,3.306,75.332,75.4,36.1244,-17.5185,0.2,0.0,0.0,0.0,2.1646,-0.6104,-0.1717,2.2555,-0.0906,0,0,0,0.768,0.398,0.602,0,0,0.0,4,SEARCH_PHASE,1.9371,-0.8664,-64.0991,39.5746
224,6.127,-27.9355,22.0394,3.4008,1.9591,-0.8368,-0.2398,3.301,75.289,75.357,36.1244,-17.5185,0.2,0.0,0.0,0.0,2.1515,-0.6566,-0.1237,2.2528,-0.0687,0,0,0,0.769,0.403,0.597,0,0,0.0,4,SEARCH_PHASE,1.9591,-0.8368,-64.0599,39.5579
225,6.155,-27.8959,22.0232,3.3969,1.9809,-0.8061,-0.1959,3.297,75.247,75.315,36.1244,-17.5185,0.2,0.0,0.0,0.0,2.1359,-0.702,-0.0757,2.2496,-0.0961,0,0,0,0.768,0.403,0.597,0,0,0.0,4,SEARCH_PHASE,1.9809,-0.8061,-64.0203,39.5418
226,6.184,-27.8558,22.0078,3.3938,2.0044,-0.7723,-0.1527,3.294,75.205,75.273,36.1244,-17.5185,0.2,0.0,0.0,0.0,2.1501,-0.6561,-0.0277,2.2481,-0.129,0,0,0,0.771,0.407,0.593,0,0,0.0,4,SEARCH_PHASE,2.0044,-0.7723,-63.9802,39.5263
227,6.213,-27.8153,21.9931,3.3916,2.0256,-0.7376,-0.108,3.292,75.163,75.231,36.1244,-17.5185,0.2,0.0,0.0,0.0,2.1587,-0.6344,0.0203,2.2501,-0.0829,0,0,0,0.771,0.406,0.594,0,0,0.0,4,SEARCH_PHASE,2.0256,-0.7376,-63.9397,39.5116
228,6.243,-27.7744,21.9789,3.3904,2.0473,-0.7064,-0.0616,3.29,75.121,75.188,36.1244,-17.5185,0.2,0.0,0.0,0.0,2.1712,-0.5881,0.0683,2.2505,-0.1254,0,0,0,0.772,0.398,0.602,0,0,0.0,4,SEARCH_PHASE,2.0473,-0.7064,-63.8988,39.4974
229,6.272,-27.733,21.9654,3.3901,2.0667,-0.6744,-0.0144,3.29,75.078,75.146,36.1244,-17.5185,0.2,0.0,0.0,0.0,2.1836,-0.5426,0.1163,2.253,-0.074,0,0,0,0.772,0.396,0.604,0,0,0.0,4,SEARCH_PHASE,2.0667,-0.6744,-63.8574,39.4839
230,6.3,-27.6913,21.9525,3.3908,2.0862,-0.6458,0.0336,3.291,75.036,75.104,36.1244,-17.5185,0.2,0.0,0.0,0.0,2.1746,-0.5775,0.1643,2.256,-0.1166,0,0,0,0.771,0.396,0.604,0,0,0.0,4,SEARCH_PHASE,2.0862,-0.6458,-63.8157,39.471
231,6.328,-27.6492,21.9402,3.3924,2.1028,-0.6162,0.0803,3.292,74.994,75.062,36.1244,-17.5185,0.2,0.0,0.0,0.0,2.1609,-0.6236,0.2123,2.2591,-0.0748,0,0,0,0.77,0.396,0.604,0,0,0.0,4,SEARCH_PHASE,2.1028,-0.6162,-63.7737,39.4587
232,6.356,-27.6069,21.9284,3.3949,2.119,-0.5898,0.1263,3.295,74.952,75.02,36.1244,-17.5185,0.2,0.0,0.0,0.0,2.1726,-0.577,0.2603,2.2629,-0.1171,0,0,0,0.772,0.403,0.597,0,0,0.0,4,SEARCH_PHASE,2.119,-0.5898,-63.7313,39.4469
233,6.382,-27.5642,21.9171,3.3984,2.132,-0.5626,0.1735,3.298,74.909,74.978,36.1244,-17.5185,0.2,0.0,0.0,0.0,2.1777,-0.5659,0.3083,2.271,-0.0828,0,0,0,0.772,0.415,0.585,0,0,0.0,4,SEARCH_PHASE,2.132,-0.5626,-63.6886,39.4356
234,6.409,-27.5213,21.9064,3.4028,2.1441,-0.539,0.2213,3.303,74.867,74.936,36.1244,-17.5185,0.2,0.0,0.0,0.0,2.1821,-0.5487,0.3563,2.278,-0.1248,0,0,0,0.774,0.409,0.591,0,0,0.0,4,SEARCH_PHASE,2.1441,-0.539,-63.6458,39.4249
235,6.434,-27.4783,21.896,3.4082,2.1538,-0.5161,0.2696,3.308,74.825,74.894,36.1244,-17.5185,0.2,0.0,0.0,0.0,2.1696,-0.595,0.4043,2.2857,-0.0728,0,0,0,0.771,0.404,0.596,0,0,0.0,4,SEARCH_PHASE,2.1538,-0.5161,-63.6027,39.4145
236,6.46,-27.435,21.8861,3.4146,2.1634,-0.4982,0.3173,3.315,74.783,74.852,36.1244,-17.5185,0.2,0.0,0.0,0.0,2.1646,-0.6141,0.4523,2.295,-0.1148,0,0,0,0.773,0.4,0.6,0,0,0.0,4,SEARCH_PHASE,2.1634,-0.4982,-63.5594,39.4046
237,6.486,-27.3916,21.8765,3.4219,2.1703,-0.4805,0.3649,3.322,74.741,74.811,36.1244,-17.5185,0.2,0.0,0.0,0.0,2.1771,-0.5677,0.5003,2.3049,-0.0986,0,0,0,0.774,0.396,0.604,0,0,0.0,4,SEARCH_PHASE,2.1703,-0.4805,-63.516,39.395
238,6.512,-27.3481,21.8671,3.4301,2.1767,-0.4672,0.4138,3.33,74.699,74.769,36.1244,-17.5185,0.2,0.0,0.0,0.0,2.1883,-0.5211,0.5483,2.3154,-0.0795,0,0,0,0.774,0.398,0.602,0,0,0.0,4,SEARCH_PHASE,2.1767,-0.4672,-63.4725,39.3856
239,6.538,-27.3045,21.858,3.4394,2.1791,-0.4573,0.4629,3.339,74.657,74.728,36.1244,-17.5185,0.2,0.0,0.0,0.0,2.174,-0.5669,0.5963,2.3245,-0.1081,0,0,0,0.747,0.383,0.617,0,0,0.0,4,SEARCH_PHASE,2.1791,-0.4573,-63.4289,39.3765
240,6.564,-27.2608,21.849,3.4496,2.1822,-0.4486,0.5115,3.35,74.616,74.686,36.1244,-17.5185,0.2,0.0,0.0,0.0,2.1605,-0.6129,0.6443,2.3364,-0.0873,0,0,0,0.747,0.386,0.614,0,0,0.0,4,SEARCH_PHASE,2.1822,-0.4486,-63.3852,39.3675
241,6.591,-27.2172,21.8401,3.4608,2.1813,-0.4432,0.5598,3.361,74.574,74.645,36.1244,-17.5185,0.2,0.0,0.0,0.0,2.1462,-0.6588,0.6923,2.3494,-0.1177,0,0,0,0.745,0.383,0.617,0,0,0.0,4,SEARCH_PHASE,2.1813,-0.4432,-63.3416,39.3586
242,6.618,-27.1736,21.8314,3.473,2.1807,-0.4392,0.6083,3.373,74.532,74.604,36.1244,-17.5185,0.2,0.0,0.0,0.0,2.1426,-0.6867,0.7403,2.3687,-0.113,0,0,0,0.745,0.388,0.612,0,0,0.0,4,SEARCH_PHASE,2.1807,-0.4392,-63.298,39.3499
243,6.644,-27.1301,21.8226,3.4861,2.1764,-0.4389,0.6571,3.386,74.491,74.563,36.1244,-17.5185,0.2,0.0,0.0,0.0,2.1561,-0.6407,0.7883,2.3835,-0.1359,0,0,0,0.747,0.386,0.614,0,0,0.0,4,SEARCH_PHASE,2.1764,-0.4389,-63.2545,39.3411
244,6.671,-27.0866,21.8137,3.5002,2.1719,-0.4419,0.7054,3.4,74.449,74.522,36.1244,-17.5185,0.2,0.0,0.0,0.0,2.168,-0.5942,0.8363,2.3985,-0.1115,0,0,0,0.75,0.39,0.61,0,0,0.0,4,SEARCH_PHASE,2.1719,-0.4419,-63.211,39.3322
245,6.697,-27.0433,21.8047,3.5153,2.165,-0.4509,0.7531,3.185,74.408,74.481,36.1244,-17.5185,0.2,0.0,0.0,0.0,2.177,-0.547,0.8843,2.4126,-0.0693,0,0,0,0.749,0.388,0.612,0,0,0.0,4,SEARCH_PHASE,2.165,-0.4509,-63.1677,39.3232
246,6.723,-27.0001,21.7955,3.5313,2.16,-0.4637,0.8005,3.201,74.366,74.441,36.1244,-17.5185,0.2,0.0,0.0,0.0,2.1902,-0.5009,0.9323,2.4325,-0.099,0,0,0,0.749,0.396,0.604,0,0,0.0,4,SEARCH_PHASE,2.16,-0.4637,-63.1245,39.314
247,6.749,-26.957,21.7859,3.5483,2.1549,-0.4759,0.8478,3.218,74.324,74.4,36.1244,-17.5185,0.2,0.0,0.0,0.0,2.1973,-0.4534,0.9803,2.4484,-0.0538,0,0,0,0.753,0.387,0.613,0,0,0.0,4,SEARCH_PHASE,2.1549,-0.4759,-63.0814,39.3044
248,6.776,-26.914,21.7761,3.5661,2.1508,-0.4902,0.8945,3.236,74.283,74.359,36.1244,-17.5185,0.2,0.0,0.0,0.0,2.1989,-0.4054,1.0283,2.4611,-0.0513,0,0,0,0.753,0.388,0.612,0,0,0.0,4,SEARCH_PHASE,2.1508,-0.4902,-63.0384,39.2946
249,6.807,-26.8711,21.7661,3.585,2.1455,-0.5019,0.9411,3.254,74.241,74.318,36.1244,-17.5185,0.2,0.0,0.0,0.0,2.2021,-0.3575,1.0763,2.477,-0.0713,0,0,0,0.756,0.373,0.627,0,0,0.0,4,SEARCH_PHASE,2.1455,-0.5019,-62.9955,39.2846
250,6.835,-26.8282,21.7559,3.6047,2.1428,-0.5103,0.9886,3.274,74.199,74.277,36.1244,-17.5185,0.2,0.0,0.0,0.0,2.1986,-0.3097,1.1243,2.4887,-0.0559,0,0,0,0.758,0.379,0.621,0,0,0.0,4,SEARCH_PHASE,2.1428,-0.5103,-62.9527,39.2744
251,6.863,-26.7855,21.7455,3.6255,2.1387,-0.5172,1.0365,3.295,74.157,74.236,36.1244,-17.5185,0.2,0.0,0.0,0.0,2.186,-0.2633,1.1723,2.4944,-0.0348,0,0,0,0.755,0.373,0.627,0,0,0.0,4,SEARCH_PHASE,2.1387,-0.5172,-62.9099,39.264
252,6.892,-26.7427,21.7351,3.6472,2.1374,-0.5203,1.0852,3.317,74.116,74.196,36.1244,-17.5185,0.2,0.0,0.0,0.0,2.1601,-0.2229,1.2203,2.491,-0.082,0,0,0,0.762,0.377,0.623,0,0,0.0,4,SEARCH_PHASE,2.1374,-0.5203,-62.8671,39.2536
253,6.92,-26.7,21.7248,3.6699,2.1361,-0.5171,1.1339,3.339,74.074,74.155,36.1244,-17.5185,0.2,0.0,0.0,0.0,2.1335,-0.183,1.2683,2.4888,-0.0407,0,0,0,0.763,0.368,0.632,0,0,0.0,4,SEARCH_PHASE,2.1361,-0.5171,-62.8244,39.2433
254,6.947,-26.6573,21.7146,3.6935,2.1368,-0.5116,1.1832,3.363,74.032,74.115,36.1244,-17.5185,0.2,0.0,0.0,0.0,2.1055,-0.144,1.3163,2.4873,-0.0836,0,0,0,0.764,0.362,0.638,0,0,0.0,4,SEARCH_PHASE,2.1368,-0.5116,-62.7817,39.2331
255,6.973,-26.6145,21.7046,3.7182,2.1368,-0.4994,1.2324,3.388,73.991,74.074,36.1244,-17.5185,0.2,0.0,0.0,0.0,2.0807,-0.1029,1.3643,2.4902,-0.0431,0,0,0,0.76,0.354,0.646,0,0,0.0,4,SEARCH_PHASE,2.1368,-0.4994,-62.7389,39.2231
256,7.0,-26.5718,21.6949,3.7438,2.136,-0.484,1.2825,3.413,73.949,74.034,36.1244,-17.5185,0.2,0.0,0.0,0.0,2.0611,-0.0591,1.4123,2.4993,-0.0896,0,0,0,0.761,0.358,0.642,0,0,0.0,4,SEARCH_PHASE,2.136,-0.484,-62.6962,39.2134
257,7.027,-26.5292,21.6857,3.7705,2.1314,-0.4613,1.3321,3.44,73.908,73.995,36.1244,-17.5185,0.2,0.0,0.0,0.0,2.0549,-0.0115,1.4603,2.521,-0.0507,0,0,0,0.766,0.341,0.659,0,0,0.0,4,SEARCH_PHASE,2.1314,-0.4613,-62.6536,39.2042
258,7.053,-26.4867,21.677,3.7981,2.1254,-0.4351,1.3819,3.468,73.868,73.955,36.1244,-17.5185,0.2,0.0,0.0,0.0,2.0898,-0.0445,1.5083,2.5776,-0.0899,0,0,0,0.761,0.327,0.673,0,0,0.0,4,SEARCH_PHASE,2.1254,-0.4351,-62.6111,39.1955
259,7.079,-26.4444,21.6689,3.8267,2.1151,-0.4016,1.4294,3.496,73.828,73.917,36.1244,-17.5185,0.2,0.0,0.0,0.0,2.1341,-0.0629,1.5563,2.642,-0.0942,0,0,0,0.768,0.33,0.67,0,0,0.0,4,SEARCH_PHASE,2.1151,-0.4016,-62.5688,39.1874
260,7.105,-26.4023,21.6616,3.8562,2.1036,-0.3648,1.4753,3.526,73.788,73.879,36.1244,-17.5185,0.2,0.0,0.0,0.0,2.15,-0.1082,1.6043,2.6848,-0.1128,0,0,0,0.768,0.321,0.679,0,0,0.0,4,SEARCH_PHASE,2.1036,-0.3648,-62.5267,39.1801
261,7.133,-26.3604,21.6551,3.8866,2.0943,-0.326,1.5196,3.556,73.749,73.841,36.1244,-17.5185,0.2,0.0,0.0,0.0,2.1583,-0.0609,1.6523,2.7189,-0.0978,0,0,0,0.765,0.33,0.67,0,0,0.0,4,SEARCH_PHASE,2.0943,-0.326,-62.4848,39.1736
262,7.159,-26.3187,21.6494,3.9179,2.0841,-0.2868,1.5654,3.587,73.711,73.804,36.1244,-17.5185,0.2,0.0,0.0,0.0,2.163,-0.0131,1.7,2.7511,-0.1262,0,0,0,0.766,0.325,0.675,0,0,0.0,4,SEARCH_PHASE,2.0841,-0.2868,-62.4431,39.1679
263,7.188,-26.2772,21.6445,3.9501,2.0768,-0.2465,1.6118,3.62,73.673,73.768,36.1244,-17.5185,0.2,0.0,0.0,0.0,2.158,0.0346,1.7,2.7474,-0.0924,0,0,0,0.766,0.322,0.678,0,0,0.0,4,SEARCH_PHASE,2.0768,-0.2465,-62.4016,39.163
264,7.216,-26.2358,21.6402,3.983,2.0702,-0.211,1.6418,3.652,73.636,73.733,36.1244,-17.5185,0.2,0.0,0.0,0.0,2.171,0.0808,1.7,2.7586,-0.0836,0,0,0,0.766,0.325,0.675,0,0,0.0,4,SEARCH_PHASE,2.0702,-0.211,-62.3602,39.1587
265,7.245,-26.1945,21.6367,4.0162,2.0669,-0.1766,1.661,3.686,73.599,73.698,36.1244,-17.5185,0.2,0.0,0.0,0.0,2.1796,0.128,1.7,2.7672,-0.0775,0,0,0,0.766,0.33,0.67,0,0,0.0,4,SEARCH_PHASE,2.0669,-0.1766,-62.3189,39.1552
266,7.273,-26.1532,21.6339,4.0497,2.0637,-0.1421,1.6737,3.719,73.562,73.663,36.1244,-17.5185,0.2,0.0,0.0,0.0,2.1954,0.0827,1.7,2.7779,-0.0975,0,0,0,0.771,0.326,0.674,0,0,0.0,4,SEARCH_PHASE,2.0637,-0.1421,-62.2776,39.1524
267,7.3,-26.1119,21.6317,4.0832,2.0638,-0.1068,1.6796,3.753,73.526,73.629,36.1244,-17.5185,0.2,0.0,0.0,0.0,2.2075,0.1291,1.7,2.7892,-0.0855,0,0,0,0.774,0.325,0.675,0,0,0.0,4,SEARCH_PHASE,2.0638,-0.1068,-62.2363,39.1502
268,7.326,-26.0706,21.6303,4.1169,2.0641,-0.0719,1.6839,3.786,73.49,73.595,36.1244,-17.5185,0.2,0.0,0.0,0.0,2.2267,0.0852,1.7,2.8028,-0.1057,0,0,0,0.765,0.322,0.678,0,0,0.0,4,SEARCH_PHASE,2.0641,-0.0719,-62.195,39.1488
269,7.352,-26.0293,21.6295,4.1506,2.0672,-0.0374,1.6848,3.82,73.455,73.561,36.1244,-17.5185,0.2,0.0,0.0,0.0,2.224,0.1331,1.7,2.8025,-0.0798,0,0,0,0.77,0.323,0.677,0,0,0.0,4,SEARCH_PHASE,2.0672,-0.0374,-62.1537,39.148
270,7.377,-25.9879,21.6295,4.1843,2.0707,-0.0043,1.6861,3.854,73.42,73.528,36.1244,-17.5185,0.2,0.0,0.0,0.0,2.2437,0.0893,1.7,2.8164,-0.102,0,0,0,0.764,0.323,0.677,0,0,0.0,4,SEARCH_PHASE,2.0707,-0.0043,-62.1123,39.148
271,7.402,-25.9463,21.63,4.218,2.0772,0.0283,1.6844,3.888,73.385,73.495,36.1244,-17.5185,0.2,0.0,0.0,0.0,2.2411,0.1372,1.7,2.8163,-0.1099,0,0,0,0.766,0.33,0.67,0,0,0.0,4,SEARCH_PHASE,2.0772,0.0283,-62.0707,39.1485
272,7.427,-25.9046,21.6312,4.2517,2.0837,0.0593,1.6847,3.922,73.351,73.462,36.1244,-17.5185,0.2,0.0,0.0,0.0,2.2447,0.0894,1.7,2.8172,-0.0734,0,0,0,0.764,0.323,0.677,0,0,0.0,4,SEARCH_PHASE,2.0837,0.0593,-62.0291,39.1497
273,7.452,-25.8628,21.633,4.2854,2.0924,0.0875,1.6837,4.185,73.316,73.43,36.1244,-17.5185,0.2,0.0,0.0,0.0,2.2486,0.0791,1.7,2.82,-0.1118,0,0,0,0.766,0.327,0.673,0,0,0.0,4,SEARCH_PHASE,2.0924,0.0875,-61.9872,39.1515
274,7.476,-25.8208,21.6353,4.319,2.1013,0.1157,1.6825,4.219,73.282,73.397,36.1244,-17.5185,0.2,0.0,0.0,0.0,2.2496,0.0311,1.7,2.8198,-0.1255,0,0,0,0.767,0.322,0.678,0,0,0.0,4,SEARCH_PHASE,2.1013,0.1157,-61.9452,39.1538
275,7.501,-25.7785,21.6381,4.3527,2.1119,0.1407,1.6807,4.253,73.248,73.365,36.1244,-17.5185,0.2,0.0,0.0,0.0,2.2461,0.079,1.7,2.818,-0.1028,0,0,0,0.767,0.32,0.68,0,0,0.0,4,SEARCH_PHASE,2.1119,0.1407,-61.9029,39.1566
276,7.525,-25.7361,21.6413,4.3863,2.1213,0.1614,1.6816,4.286,73.213,73.333,36.1244,-17.5185,0.2,0.0,0.0,0.0,2.2393,0.1265,1.7,2.8143,-0.1264,0,0,0,0.769,0.317,0.683,0,0,0.0,4,SEARCH_PHASE,2.1213,0.1614,-61.8605,39.1598
277,7.549,-25.6935,21.6449,4.42,2.1327,0.1789,1.6828,4.32,73.179,73.301,36.1244,-17.5185,0.2,0.0,0.0,0.0,2.2302,0.1737,1.7,2.8096,-0.1019,0,0,0,0.769,0.314,0.686,0,0,0.0,4,SEARCH_PHASE,2.1327,0.1789,-61.8179,39.1634
278,7.574,-25.6506,21.6487,4.4536,2.1424,0.1917,1.6843,4.354,73.145,73.269,36.1244,-17.5185,0.2,0.0,0.0,0.0,2.2323,0.2216,1.7,2.8147,-0.0691,0,0,0,0.769,0.31,0.69,0,0,0.0,4,SEARCH_PHASE,2.1424,0.1917,-61.775,39.1672
279,7.599,-25.6075,21.6527,4.4873,2.1535,0.2012,1.6854,4.387,73.111,73.237,36.1244,-17.5185,0.2,0.0,0.0,0.0,2.2303,0.1737,1.7,2.8097,-0.1011,0,0,0,0.768,0.306,0.694,0,0,0.0,4,SEARCH_PHASE,2.1535,0.2012,-61.7319,39.1712
280,7.624,-25.5642,21.657,4.5211,2.1645,0.2107,1.6858,4.421,73.077,73.204,36.1244,-17.5185,0.2,0.0,0.0,0.0,2.2269,0.1258,1.7,2.8044,-0.0815,0,0,0,0.767,0.301,0.699,0,0,0.0,4,SEARCH_PHASE,2.1645,0.2107,-61.6887,39.1755
281,7.649,-25.5208,21.6613,4.5548,2.173,0.2181,1.6858,4.455,73.042,73.172,36.1244,-17.5185,0.2,0.0,0.0,0.0,2.2211,0.0781,1.652,2.7692,-0.1105,0,0,0,0.764,0.298,0.702,0,0,0.0,4,SEARCH_PHASE,2.173,0.2181,-61.6452,39.1798
282,7.674,-25.4772,21.6658,4.5881,2.1807,0.2244,1.668,4.488,73.008,73.14,36.1244,-17.5185,0.2,0.0,0.0,0.0,2.2155,0.0305,1.604,2.7354,-0.1479,0,0,0,0.767,0.295,0.705,0,0,0.0,4,SEARCH_PHASE,2.1807,0.2244,-61.6016,39.1843
283,7.7,-25.4335,21.6704,4.6209,2.1851,0.2284,1.6398,4.521,72.974,73.107,36.1244,-17.5185,0.2,0.0,0.0,0.0,2.2098,-0.0172,1.556,2.7027,-0.118,0,0,0,0.767,0.291,0.709,0,0,0.0,4,SEARCH_PHASE,2.1851,0.2284,-61.5579,39.1889
284,7.725,-25.3897,21.6749,4.653,2.1881,0.2277,1.6043,4.553,72.939,73.075,36.1244,-17.5185,0.2,0.0,0.0,0.0,2.2034,-0.0648,1.508,2.6708,-0.1429,0,0,0,0.766,0.29,0.71,0,0,0.0,4,SEARCH_PHASE,2.1881,0.2277,-61.5141,39.1934
285,7.751,-25.3459,21.6794,4.6843,2.1909,0.2244,1.5655,4.584,72.905,73.042,36.1244,-17.5185,0.2,0.0,0.0,0.0,2.1982,-0.1125,1.46,2.6413,-0.1655,0,0,0,0.768,0.297,0.703,0,0,0.0,4,SEARCH_PHASE,2.1909,0.2244,-61.4703,39.1979
286,7.776,-25.302,21.6838,4.7148,2.1931,0.2168,1.5255,4.615,72.87,73.01,36.1244,-17.5185,0.2,0.0,0.0,0.0,2.1937,-0.1603,1.412,2.6137,-0.1396,0,0,0,0.765,0.294,0.706,0,0,0.0,4,SEARCH_PHASE,2.1931,0.2168,-61.4264,39.2023
287,7.801,-25.2581,21.6878,4.7445,2.1941,0.203,1.4842,4.645,72.835,72.977,36.1244,-17.5185,0.2,0.0,0.0,0.0,2.1894,-0.2081,1.364,2.5879,-0.1664,0,0,0,0.767,0.296,0.704,0,0,0.0,4,SEARCH_PHASE,2.1941,0.203,-61.3826,39.2063
288,7.826,-25.2143,21.6915,4.7734,2.1943,0.185,1.4426,4.673,72.8,72.944,36.1244,-17.5185,0.2,0.0,0.0,0.0,2.1849,-0.2559,1.316,2.5634,-0.1349,0,0,0,0.767,0.297,0.703,0,0,0.0,4,SEARCH_PHASE,2.1943,0.185,-61.3387,39.21
289,7.851,-25.1704,21.6947,4.8014,2.1941,0.1608,1.3992,4.701,72.765,72.91,36.1244,-17.5185,0.2,0.0,0.0,0.0,2.1802,-0.3037,1.268,2.5404,-0.168,0,0,0,0.769,0.292,0.708,0,0,0.0,4,SEARCH_PHASE,2.1941,0.1608,-61.2948,39.2132
290,7.876,-25.1265,21.6974,4.8285,2.1926,0.1323,1.356,4.728,72.729,72.877,36.1244,-17.5185,0.2,0.0,0.0,0.0,2.1747,-0.3513,1.22,2.5182,-0.1358,0,0,0,0.767,0.295,0.705,0,0,0.0,4,SEARCH_PHASE,2.1926,0.1323,-61.2509,39.2159
291,7.901,-25.0827,21.6993,4.8547,2.1908,0.0974,1.3113,4.755,72.694,72.842,36.1244,-17.5185,0.2,0.0,0.0,0.0,2.1707,-0.3992,1.172,2.499,-0.1447,0,0,0,0.768,0.297,0.703,0,0,0.0,4,SEARCH_PHASE,2.1908,0.0974,-61.2071,39.2178
292,7.927,-25.039,21.7005,4.88,2.1876,0.0582,1.2662,4.78,72.657,72.808,36.1244,-17.5185,0.2,0.0,0.0,0.0,2.1645,-0.4468,1.124,2.4796,-0.1209,0,0,0,0.768,0.301,0.699,0,0,0.0,4,SEARCH_PHASE,2.1876,0.0582,-61.1634,39.219
293,7.953,-24.9953,21.7008,4.9044,2.1848,0.0141,1.2202,4.804,72.621,72.773,36.1244,-17.5185,0.2,0.0,0.0,0.0,2.1577,-0.4943,1.076,2.4612,-0.1528,0,0,0,0.77,0.3,0.7,0,0,0.0,4,SEARCH_PHASE,2.1848,0.0141,-61.1197,39.2193
294,7.98,-24.9516,21.7001,4.9279,2.1811,-0.0333,1.1739,4.828,72.584,72.737,36.1244,-17.5185,0.2,0.0,0.0,0.0,2.1485,-0.5414,1.028,2.4425,-0.1162,0,0,0,0.769,0.291,0.709,0,0,0.0,4,SEARCH_PHASE,2.1811,-0.0333,-61.076,39.2186
295,8.008,-24.9081,21.6984,4.9504,2.177,-0.0855,1.1259,4.85,72.546,72.701,36.1244,-17.5185,0.2,0.0,0.0,0.0,2.1368,-0.5879,0.98,2.4232,-0.1307,0,0,0,0.768,0.288,0.712,0,0,0.0,4,SEARCH_PHASE,2.177,-0.0855,-61.0325,39.2169
296,8.036,-24.8647,21.6956,4.972,2.1717,-0.1404,1.0773,4.872,72.508,72.665,36.1244,-17.5185,0.2,0.0,0.0,0.0,2.1246,-0.6344,0.932,2.4052,-0.0933,0,0,0,0.769,0.285,0.715,0,0,0.0,4,SEARCH_PHASE,2.1717,-0.1404,-60.9891,39.2141
297,8.068,-24.8213,21.6916,4.9925,2.1669,-0.1982,1.0274,4.893,72.469,72.628,36.1244,-17.5185,0.2,0.0,0.0,0.0,2.1105,-0.6803,0.884,2.3872,-0.122,0,0,0,0.768,0.276,0.724,0,0,0.0,4,SEARCH_PHASE,2.1669,-0.1982,-60.9457,39.2101
298,8.103,-24.7781,21.6865,5.0121,2.1614,-0.2569,0.9777,4.912,72.43,72.59,36.1244,-17.5185,0.2,0.0,0.0,0.0,2.096,-0.726,0.836,2.3705,-0.1071,0,0,0,0.769,0.276,0.724,0,0,0.0,4,SEARCH_PHASE,2.1614,-0.2569,-60.9025,39.205
299,8.139,-24.735,21.6801,5.0306,2.1544,-0.3177,0.9265,4.931,72.391,72.552,36.1244,-17.5185,0.2,0.0,0.0,0.0,2.0804,-0.7714,0.788,2.3546,-0.1042,0,0,0,0.77,0.277,0.723,0,0,0.0,4,SEARCH_PHASE,2.1544,-0.3177,-60.8594,39.1986
300,8.171,-24.692,21.6725,5.0481,2.1483,-0.3798,0.8749,4.948,72.35,72.513,36.1244,-17.5185,0.2,0.0,0.0,0.0,2.0639,-0.8165,0.74,2.3396,-0.0793,0,0,0,0.771,0.28,0.72,0,0,0.0,4,SEARCH_PHASE,2.1483,-0.3798,-60.8165,39.191
301,8.2,-24.6492,21.6637,5.0646,2.1411,-0.4433,0.8238,4.965,72.31,72.473,36.1244,-17.5185,0.2,0.0,0.0,0.0,2.0462,-0.8611,0.692,2.3253,-0.1067,0,0,0,0.767,0.272,0.728,0,0,0.0,4,SEARCH_PHASE,2.1411,-0.4433,-60.7736,39.1822
302,8.229,-24.6066,21.6535,5.08,2.1333,-0.5062,0.7732,4.98,72.268,72.433,36.1244,-17.5185,0.2,0.0,0.0,0.0,2.028,-0.9055,0.644,2.3125,-0.0927,0,0,0,0.768,0.274,0.726,0,0,0.0,4,SEARCH_PHASE,2.1333,-0.5062,-60.731,39.172
303,8.258,-24.5641,21.6422,5.0945,2.1235,-0.5696,0.7216,4.994,72.226,72.392,36.1244,-17.5185,0.2,0.0,0.0,0.0,2.0095,-0.9498,0.596,2.3011,-0.0668,0,0,0,0.762,0.265,0.735,0,0,0.0,4,SEARCH_PHASE,2.1235,-0.5696,-60.6885,39.1607
304,8.287,-24.5218,21.6295,5.1079,2.1139,-0.6331,0.6708,5.008,72.184,72.351,36.1244,-17.5185,0.2,0.0,0.0,0.0,1.9903,-0.9938,0.548,2.2912,-0.0927,0,0,0,0.74,0.259,0.741,0,0,0.0,4,SEARCH_PHASE,2.1139,-0.6331,-60.6462,39.148
305,8.316,-24.4797,21.6156,5.1203,2.103,-0.6948,0.6211,5.02,72.141,72.309,36.1244,-17.5185,0.2,0.0,0.0,0.0,1.9711,-1.0378,0.5,2.283,-0.0764,0,0,0,0.729,0.257,0.743,0,0,0.0,4,SEARCH_PHASE,2.103,-0.6948,-60.6042,39.1341
306,8.345,-24.438,21.6005,5.1317,2.0898,-0.7561,0.571,5.032,72.098,72.266,36.1244,-17.5185,0.2,0.0,0.0,0.0,1.9517,-1.0817,0.452,2.2767,-0.0727,0,0,0,0.701,0.245,0.755,0,0,0.0,4,SEARCH_PHASE,2.0898,-0.7561,-60.5624,39.119
307,8.373,-24.3964,21.5842,5.1422,2.0764,-0.8159,0.5212,5.042,72.054,72.223,36.1244,-17.5185,0.2,0.0,0.0,0.0,1.9322,-1.1255,0.404,2.2723,-0.0615,0,0,0,0.568,0.235,0.765,0,0,0.0,4,SEARCH_PHASE,2.0764,-0.8159,-60.5208,39.1027
308,8.4,-24.3552,21.5667,5.1516,2.0608,-0.8742,0.4723,5.052,72.01,72.18,36.1244,-17.5185,0.2,0.0,0.0,0.0,1.9127,-1.1694,0.356,2.27,-0.09,0,0,0,0.565,0.233,0.767,0,0,0.0,4,SEARCH_PHASE,2.0608,-0.8742,-60.4796,39.0852
309,8.427,-24.3143,21.5481,5.1601,2.0454,-0.9298,0.4246,5.06,71.966,72.136,36.1244,-17.5185,0.2,0.0,0.0,0.0,1.8932,-1.2133,0.308,2.2696,-0.0538,0,0,0,0.557,0.236,0.764,0,0,0.0,4,SEARCH_PHASE,2.0454,-0.9298,-60.4387,39.0666
310,8.454,-24.2737,21.5284,5.1676,2.0293,-0.9842,0.377,5.068,71.921,72.092,36.1244,-17.5185,0.2,0.0,0.0,0.0,1.8895,-1.2216,0.26,2.265,-0.084,0,0,0,0.552,0.23,0.77,0,0,0.0,4,SEARCH_PHASE,2.0293,-0.9842,-60.3981,39.0469
311,8.482,-24.2335,21.5077,5.1742,2.0113,-1.0345,0.3282,5.074,71.876,72.048,36.1244,-17.5185,0.2,0.0,0.0,0.0,1.8894,-1.2217,0.212,2.26,-0.0572,0,0,0,0.546,0.228,0.772,0,0,0.0,4,SEARCH_PHASE,2.0113,-1.0345,-60.3579,39.0262
312,8.508,-24.1936,21.486,5.1798,1.9926,-1.0827,0.2779,5.08,71.831,72.003,36.1244,-17.5185,0.2,0.0,0.0,0.0,1.8894,-1.2218,0.164,2.256,-0.0523,0,0,0,0.536,0.223,0.777,0,0,0.0,4,SEARCH_PHASE,1.9926,-1.0827,-60.318,39.0046
313,8.535,-24.1542,21.4635,5.1843,1.9734,-1.1278,0.2278,5.084,71.785,71.958,36.1244,-17.5185,0.2,0.0,0.0,0.0,1.8893,-1.2218,0.116,2.253,-0.0351,0,0,0,0.524,0.22,0.78,0,0,0.0,4,SEARCH_PHASE,1.9734,-1.1278,-60.2786,38.982
314,8.561,-24.1151,21.4401,5.1879,1.9531,-1.1696,0.1782,5.088,71.74,71.913,36.1244,-17.5185,0.2,0.0,0.0,0.0,1.8893,-1.2219,0.068,2.251,-0.0752,0,0,0,0.524,0.21,0.79,0,0,0.0,4,SEARCH_PHASE,1.9531,-1.1696,-60.2395,38.9586
315,8.587,-24.0764,21.416,5.1905,1.9337,-1.2067,0.1292,5.09,71.694,71.868,36.1244,-17.5185,0.2,0.0,0.0,0.0,1.8893,-1.2219,0.02,2.2501,-0.0433,0,0,0,0.52,0.221,0.779,0,0,0.0,4,SEARCH_PHASE,1.9337,-1.2067,-60.2008,38.9345
316,8.612,-24.0381,21.3911,5.1921,1.9167,-1.2414,0.0807,5.092,71.648,71.822,36.1244,-17.5185,0.2,0.0,0.0,0.0,1.8893,-1.2219,-0.028,2.2502,-0.0405,0,0,0,0.512,0.22,0.78,0,0,0.0,4,SEARCH_PHASE,1.9167,-1.2414,-60.1625,38.9096
317,8.636,-24.0001,21.3657,5.1927,1.9005,-1.2718,0.0334,5.093,71.603,71.776,36.1244,-17.5185,0.2,0.0,0.0,0.0,1.8893,-1.2219,-0.076,2.2513,-0.0392,0,0,0,0.507,0.215,0.785,0,0,0.0,4,SEARCH_PHASE,1.9005,-1.2718,-60.1245,38.8842
318,8.659,-23.9624,21.3397,5.1925,1.8841,-1.2977,-0.0128,5.092,71.557,71.731,36.1244,-17.5185,0.2,0.0,0.0,0.0,1.8893,-1.2218,-0.124,2.2534,-0.0778,0,0,0,0.513,0.213,0.787,0,0,0.0,4,SEARCH_PHASE,1.8841,-1.2977,-60.0868,38.8582
319,8.682,-23.925,21.3134,5.1913,1.8693,-1.3186,-0.0586,5.091,71.511,71.685,36.1244,-17.5185,0.2,0.0,0.0,0.0,1.8894,-1.2218,-0.172,2.2566,-0.0457,0,0,0,0.513,0.212,0.788,0,0,0.0,4,SEARCH_PHASE,1.8693,-1.3186,-60.0494,38.8319
320,8.705,-23.8879,21.2866,5.1892,1.8572,-1.3367,-0.104,5.089,71.465,71.639,36.1244,-17.5185,0.2,0.0,0.0,0.0,1.8894,-1.2217,-0.22,2.2607,-0.0712,0,0,0,0.511,0.209,0.791,0,0,0.0,4,SEARCH_PHASE,1.8572,-1.3367,-60.0123,38.8051
321,8.727,-23.8509,21.2596,5.1863,1.8467,-1.3499,-0.149,5.086,71.42,71.594,36.1244,-17.5185,0.2,0.0,0.0,0.0,1.8895,-1.2217,-0.268,2.2659,-0.0514,0,0,0,0.516,0.219,0.781,0,0,0.0,4,SEARCH_PHASE,1.8467,-1.3499,-59.9754,38.7781
322,8.75,-23.8142,21.2325,5.1824,1.8366,-1.3597,-0.1939,5.082,71.374,71.548,36.1244,-17.5185,0.2,0.0,0.0,0.0,1.8895,-1.2216,-0.316,2.2721,-0.075,0,0,0,0.513,0.217,0.783,0,0,0.0,4,SEARCH_PHASE,1.8366,-1.3597,-59.9386,38.751
323,8.773,-23.7776,21.2051,5.1776,1.8288,-1.3651,-0.2389,5.078,71.329,71.502,36.1244,-17.5185,0.2,0.0,0.0,0.0,1.8896,-1.2215,-0.364,2.2793,-0.0547,0,0,0,0.518,0.224,0.776,0,0,0.0,4,SEARCH_PHASE,1.8288,-1.3651,-59.902,38.7237
324,8.795,-23.7412,21.1778,5.1719,1.8212,-1.3673,-0.2841,5.072,71.283,71.456,36.1244,-17.5185,0.2,0.0,0.0,0.0,1.8896,-1.2214,-0.412,2.2874,-0.0798,0,0,0,0.517,0.224,0.776,0,0,0.0,4,SEARCH_PHASE,1.8212,-1.3673,-59.8656,38.6963
325,8.818,-23.7049,21.1505,5.1653,1.8155,-1.3652,-0.3297,5.065,71.238,71.411,36.1244,-17.5185,0.2,0.0,0.0,0.0,1.8897,-1.2213,-0.46,2.2965,-0.0728,0,0,0,0.523,0.23,0.77,0,0,0.0,4,SEARCH_PHASE,1.8155,-1.3652,-59.8293,38.669
326,8.841,-23.6687,21.1233,5.1578,1.8101,-1.3603,-0.3755,5.058,71.193,71.365,36.1244,-17.5185,0.2,0.0,0.0,0.0,1.8897,-1.2212,-0.508,2.3066,-0.0878,0,0,0,0.523,0.227,0.773,0,0,0.0,4,SEARCH_PHASE,1.8101,-1.3603,-59.7931,38.6418
327,8.864,-23.6326,21.0962,5.1494,1.8066,-1.3522,-0.4223,5.049,71.148,71.32,36.1244,-17.5185,0.2,0.0,0.0,0.0,1.8898,-1.2212,-0.556,2.3177,-0.0711,0,0,0,0.53,0.229,0.771,0,0,0.0,4,SEARCH_PHASE,1.8066,-1.3522,-59.757,38.6147
328,8.887,-23.5965,21.0694,5.14,1.8033,-1.3423,-0.4687,5.04,71.103,71.274,36.1244,-17.5185,0.2,0.0,0.0,0.0,1.8898,-1.2211,-0.604,2.3297,-0.0941,0,0,0,0.531,0.225,0.775,0,0,0.0,4,SEARCH_PHASE,1.8033,-1.3423,-59.7209,38.5879
329,8.909,-23.5605,21.0428,5.1297,1.8022,-1.3296,-0.5158,5.03,71.058,71.229,36.1244,-17.5185,0.2,0.0,0.0,0.0,1.8899,-1.221,-0.652,2.3426,-0.1022,0,0,0,0.536,0.233,0.767,0,0,0.0,4,SEARCH_PHASE,1.8022,-1.3296,-59.6849,38.5613
330,8.932,-23.5244,21.0165,5.1184,1.8012,-1.3156,-0.5637,5.018,71.014,71.184,36.1244,-17.5185,0.2,0.0,0.0,0.0,1.8899,-1.2209,-0.7,2.3564,-0.0952,0,0,0,0.537,0.24,0.76,0,0,0.0,4,SEARCH_PHASE,1.8012,-1.3156,-59.6488,38.535
331,8.955,-23.4884,20.9905,5.1062,1.8017,-1.3009,-0.6115,5.006,70.969,71.139,36.1244,-17.5185,0.2,0.0,0.0,0.0,1.89,-1.2209,-0.748,2.3711,-0.1096,0,0,0,0.543,0.244,0.756,0,0,0.0,4,SEARCH_PHASE,1.8017,-1.3009,-59.6128,38.509
332,8.978,-23.4524,20.9648,5.093,1.8023,-1.2856,-0.6593,4.993,70.925,71.094,36.1244,-17.5185,0.2,0.0,0.0,0.0,1.89,-1.2208,-0.796,2.3867,-0.0871,0,0,0,0.543,0.244,0.756,0,0,0.0,4,SEARCH_PHASE,1.8023,-1.2856,-59.5768,38.4833
333,9.001,-23.4163,20.9394,5.0789,1.8046,-1.2706,-0.707,4.979,70.881,71.049,36.1244,-17.5185,0.2,0.0,0.0,0.0,1.89,-1.2208,-0.844,2.4031,-0.1155,0,0,0,0.549,0.25,0.75,0,0,0.0,4,SEARCH_PHASE,1.8046,-1.2706,-59.5407,38.4579
334,9.024,-23.3801,20.9143,5.0638,1.8069,-1.2549,-0.7549,4.964,70.837,71.004,36.1244,-17.5185,0.2,0.0,0.0,0.0,1.89,-1.2207,-0.892,2.4204,-0.0742,0,0,0,0.549,0.251,0.749,0,0,0.0,4,SEARCH_PHASE,1.8069,-1.2549,-59.5045,38.4328
335,9.048,-23.3439,20.8894,5.0477,1.8104,-1.2405,-0.8029,4.948,70.793,70.959,36.1244,-17.5185,0.2,0.0,0.0,0.0,1.8901,-1.2207,-0.94,2.4385,-0.1032,0,0,0,0.554,0.256,0.744,0,0,0.0,4,SEARCH_PHASE,1.8104,-1.2405,-59.4683,38.4079
336,9.072,-23.3076,20.8649,5.0307,1.8137,-1.2253,-0.8517,4.931,70.749,70.914,36.1244,-17.5185,0.2,0.0,0.0,0.0,1.8901,-1.2207,-0.988,2.4574,-0.1162,0,0,0,0.555,0.258,0.742,0,0,0.0,4,SEARCH_PHASE,1.8137,-1.2253,-59.432,38.3834
337,9.095,-23.2713,20.8407,5.0127,1.8181,-1.211,-0.8994,4.913,70.706,70.869,36.1244,-17.5185,0.2,0.0,0.0,0.0,1.8901,-1.2207,-1.036,2.4771,-0.093,0,0,0,0.56,0.252,0.748,0,0,0.0,4,SEARCH_PHASE,1.8181,-1.211,-59.3957,38.3592
338,9.119,-23.2348,20.8168,4.9937,1.8217,-1.1985,-0.947,4.894,70.662,70.824,36.1244,-17.5185,0.2,0.0,0.0,0.0,1.8901,-1.2207,-1.084,2.4975,-0.1119,0,0,0,0.56,0.257,0.743,0,0,0.0,4,SEARCH_PHASE,1.8217,-1.1985,-59.3593,38.3353
339,9.143,-23.1983,20.793,4.9738,1.8264,-1.1868,-0.9948,4.874,70.618,70.78,36.1244,-17.5185,0.2,0.0,0.0,0.0,1.8901,-1.2207,-1.132,2.5187,-0.0901,0,0,0,0.564,0.257,0.743,0,0,0.0,4,SEARCH_PHASE,1.8264,-1.1868,-59.3227,38.3115
340,9.166,-23.1617,20.7695,4.953,1.83,-1.177,-1.0423,4.853,70.575,70.735,36.1244,-17.5185,0.2,0.0,0.0,0.0,1.8901,-1.2207,-1.18,2.5406,-0.109,0,0,0,0.564,0.26,0.74,0,0,0.0,4,SEARCH_PHASE,1.83,-1.177,-59.2861,38.288
341,9.189,-23.125,20.7461,4.9312,1.8344,-1.1681,-1.0904,4.831,70.531,70.69,36.1244,-17.5185,0.2,0.0,0.0,0.0,1.8901,-1.2207,-1.228,2.5633,-0.0909,0,0,0,0.568,0.262,0.738,0,0,0.0,4,SEARCH_PHASE,1.8344,-1.1681,-59.2494,38.2646
342,9.213,-23.0883,20.7229,4.9084,1.8375,-1.1611,-1.1375,4.808,70.488,70.645,36.1244,-17.5185,0.2,0.0,0.0,0.0,1.8901,-1.2207,-1.276,2.5866,-0.1122,0,0,0,0.568,0.262,0.738,0,0,0.0,4,SEARCH_PHASE,1.8375,-1.1611,-59.2127,38.2414
343,9.236,-23.0515,20.6998,4.8847,1.8412,-1.1551,-1.1848,4.785,70.444,70.6,36.1244,-17.5185,0.2,0.0,0.0,0.0,1.8901,-1.2207,-1.324,2.6106,-0.0938,0,0,0,0.572,0.262,0.738,0,0,0.0,4,SEARCH_PHASE,1.8412,-1.1551,-59.1759,38.2183
344,9.26,-23.0146,20.6768,4.8601,1.8433,-1.151,-1.2321,4.76,70.401,70.555,36.1244,-17.5185,0.2,0.0,0.0,0.0,1.8901,-1.2207,-1.372,2.6353,-0.1154,0,0,0,0.573,0.265,0.735,0,0,0.0,4,SEARCH_PHASE,1.8433,-1.151,-59.139,38.1953
345,9.285,-22.9777,20.6538,4.8345,1.8457,-1.1481,-1.2793,4.735,70.358,70.51,36.1244,-17.5185,0.2,0.0,0.0,0.0,1.8901,-1.2207,-1.42,2.6606,-0.0973,0,0,0,0.579,0.268,0.732,0,0,0.0,4,SEARCH_PHASE,1.8457,-1.1481,-59.1021,38.1723
346,9.309,-22.9407,20.6309,4.808,1.847,-1.1472,-1.3267,4.708,70.314,70.465,36.1244,-17.5185,0.2,0.0,0.0,0.0,1.89,-1.2208,-1.468,2.6865,-0.1013,0,0,0,0.58,0.27,0.73,0,0,0.0,4,SEARCH_PHASE,1.847,-1.1472,-59.0651,38.1494
347,9.333,-22.9038,20.6079,4.7805,1.8489,-1.1475,-1.3741,4.68,70.271,70.42,36.1244,-17.5185,0.2,0.0,0.0,0.0,1.89,-1.2208,-1.5,2.7042,-0.0835,0,0,0,0.585,0.271,0.729,0,0,0.0,4,SEARCH_PHASE,1.8489,-1.1475,-59.0282,38.1264
348,9.356,-22.8668,20.5849,4.7522,1.8501,-1.1491,-1.4156,4.652,70.227,70.374,36.1244,-17.5185,0.2,0.0,0.0,0.0,1.89,-1.2208,-1.5,2.7042,-0.1052,0,0,0,0.585,0.269,0.731,0,0,0.0,4,SEARCH_PHASE,1.8501,-1.1491,-58.9912,38.1034
349,9.38,-22.8297,20.5619,4.7233,1.8529,-1.1515,-1.4416,4.623,70.183,70.329,36.1244,-17.5185,0.2,0.0,0.0,0.0,1.89,-1.2208,-1.5,2.7042,-0.0858,0,0,0,0.59,0.273,0.727,0,0,0.0,4,SEARCH_PHASE,1.8529,-1.1515,-58.9541,38.0804
350,9.404,-22.7926,20.5388,4.6942,1.8545,-1.1558,-1.4581,4.594,70.14,70.283,36.1244,-17.5185,0.2,0.0,0.0,0.0,1.89,-1.2208,-1.5,2.7042,-0.1005,0,0,0,0.589,0.272,0.728,0,0,0.0,4,SEARCH_PHASE,1.8545,-1.1558,-58.917,38.0573
351,9.427,-22.7555,20.5156,4.6648,1.8573,-1.1606,-1.4684,4.565,70.096,70.238,36.1244,-17.5185,0.2,0.0,0.0,0.0,1.89,-1.2209,-1.5,2.7042,-0.0802,0,0,0,0.593,0.278,0.722,0,0,0.0,4,SEARCH_PHASE,1.8573,-1.1606,-58.8799,38.0341
352,9.45,-22.7183,20.4922,4.6353,1.8584,-1.1668,-1.4749,4.535,70.052,70.192,36.1244,-17.5185,0.2,0.0,0.0,0.0,1.89,-1.2209,-1.5,2.7042,-0.102,0,0,0,0.592,0.276,0.724,0,0,0.0,4,SEARCH_PHASE,1.8584,-1.1668,-58.8427,38.0107
353,9.472,-22.6811,20.4688,4.6057,1.8605,-1.1729,-1.479,4.506,70.008,70.146,36.1244,-17.5185,0.2,0.0,0.0,0.0,1.89,-1.2209,-1.5,2.7042,-0.0814,0,0,0,0.596,0.278,0.722,0,0,0.0,4,SEARCH_PHASE,1.8605,-1.1729,-58.8055,37.9873
354,9.496,-22.6439,20.4452,4.5761,1.8604,-1.1802,-1.4818,4.476,69.964,70.101,36.1244,-17.5185,0.2,0.0,0.0,0.0,1.89,-1.2209,-1.5,2.7042,-0.0831,0,0,0,0.594,0.274,0.726,0,0,0.0,4,SEARCH_PHASE,1.8604,-1.1802,-58.7683,37.9637
355,9.519,-22.6067,20.4214,4.5464,1.8609,-1.1872,-1.4839,4.446,69.92,70.055,36.1244,-17.5185,0.2,0.0,0.0,0.0,1.8899,-1.2209,-1.5,2.7042,-0.0643,0,0,0,0.597,0.278,0.722,0,0,0.0,4,SEARCH_PHASE,1.8609,-1.1872,-58.7311,37.9399
356,9.542,-22.5695,20.3976,4.5167,1.8596,-1.1937,-1.4847,3.793,69.876,70.009,36.1244,-17.5185,0.2,0.0,0.0,0.0,1.8899,-1.2209,-1.5,2.7042,-0.0917,0,0,0,0.595,0.279,0.721,0,0,0.0,4,SEARCH_PHASE,1.8596,-1.1937,-58.6939,37.9161
357,9.565,-22.5323,20.3736,4.487,1.8593,-1.1983,-1.4852,3.756,69.831,69.963,36.1244,-17.5185,0.2,0.0,0.0,0.0,1.8899,-1.2209,-1.5,2.7042,-0.0726,0,0,0,0.598,0.283,0.717,0,0,0.0,4,SEARCH_PHASE,1.8593,-1.1983,-58.6567,37.8921
358,9.589,-22.4951,20.3495,4.4573,1.857,-1.2025,-1.4855,3.719,69.787,69.917,36.1244,-17.5185,0.2,0.0,0.0,0.0,1.8899,-1.2209,-1.5,2.7042,-0.1041,0,0,0,0.599,0.283,0.717,0,0,0.0,4,SEARCH_PHASE,1.857,-1.2025,-58.6195,37.868
359,9.612,-22.458,20.3254,4.4276,1.8555,-1.2049,-1.4856,3.682,69.743,69.871,36.1244,-17.5185,0.2,0.0,0.0,0.0,1.8899,-1.2209,-1.5,2.7042,-0.0845,0,0,0,0.605,0.285,0.715,0,0,0.0,4,SEARCH_PHASE,1.8555,-1.2049,-58.5824,37.8439
360,9.634,-22.421,20.3013,4.3979,1.8531,-1.2075,-1.4856,3.645,69.699,69.825,36.1244,-17.5185,0.2,0.0,0.0,0.0,1.89,-1.2209,-1.5,2.7042,-0.1006,0,0,0,0.606,0.287,0.713,0,0,0.0,4,SEARCH_PHASE,1.8531,-1.2075,-58.5454,37.8198
361,9.657,-22.3839,20.2771,4.3682,1.8524,-1.2086,-1.4863,3.608,69.654,69.779,36.1244,-17.5185,0.2,0.0,0.0,0.0,1.89,-1.2209,-1.5,2.7042,-0.0771,0,0,0,0.612,0.287,0.713,0,0,0.0,4,SEARCH_PHASE,1.8524,-1.2086,-58.5083,37.7956
362,9.68,-22.3469,20.2529,4.3384,1.851,-1.2101,-1.486,3.571,69.61,69.733,36.1244,-17.5185,0.2,0.0,0.0,0.0,1.89,-1.2209,-1.5,2.7042,-0.1015,0,0,0,0.613,0.29,0.71,0,0,0.0,4,SEARCH_PHASE,1.851,-1.2101,-58.4713,37.7714
363,9.703,-22.3099,20.2287,4.3087,1.8515,-1.2101,-1.4858,3.534,69.566,69.687,36.1244,-17.5185,0.2,0.0,0.0,0.0,1.89,-1.2209,-1.5,2.7042,-0.0785,0,0,0,0.618,0.293,0.707,0,0,0.0,4,SEARCH_PHASE,1.8515,-1.2101,-58.4343,37.7472
364,9.726,-22.2728,20.2045,4.279,1.851,-1.2104,-1.4857,2.346,69.522,69.641,36.1244,-17.5185,0.2,0.0,0.0,0.0,1.89,-1.2209,-1.5,2.7042,-0.1031,0,0,0,0.618,0.29,0.71,0,0,0.0,4,SEARCH_PHASE,1.851,-1.2104,-58.3973,37.723
365,9.749,-22.2358,20.1803,4.2493,1.8522,-1.2094,-1.4857,2.344,69.477,69.595,36.1244,-17.5185,0.2,0.0,0.0,0.0,1.89,-1.2209,-1.5,2.7042,-0.0801,0,0,0,0.623,0.293,0.707,0,0,0.0,4,SEARCH_PHASE,1.8522,-1.2094,-58.3602,37.6988
366,9.772,-22.1988,20.1561,4.2196,1.852,-1.2088,-1.4856,2.342,69.433,69.549,36.1244,-17.5185,0.2,0.0,0.0,0.0,1.89,-1.2209,-1.5,2.7042,-0.1049,0,0,0,0.622,0.295,0.705,0,0,0.0,4,SEARCH_PHASE,1.852,-1.2088,-58.3232,37.6747
367,9.795,-22.1617,20.132,4.1899,1.853,-1.2071,-1.4856,2.34,69.389,69.504,36.1244,-17.5185,0.2,0.0,0.0,0.0,1.89,-1.2209,-1.5,2.7042,-0.082,0,0,0,0.626,0.296,0.704,0,0,0.0,4,SEARCH_PHASE,1.853,-1.2071,-58.2861,37.6505
368,9.818,-22.1247,20.1079,4.1602,1.8522,-1.2059,-1.4855,2.338,69.345,69.458,36.1244,-17.5185,0.2,0.0,0.0,0.0,1.89,-1.2208,-1.5,2.7042,-0.1071,0,0,0,0.625,0.298,0.702,0,0,0.0,4,SEARCH_PHASE,1.8522,-1.2059,-58.2491,37.6264
369,9.841,-22.0876,20.0838,4.1305,1.8523,-1.2038,-1.4855,2.336,69.301,69.412,36.1244,-17.5185,0.2,0.0,0.0,0.0,1.89,-1.2208,-1.5,2.7042,-0.0845,0,0,0,0.629,0.3,0.7,0,0,0.0,4,SEARCH_PHASE,1.8523,-1.2038,-58.212,37.6023
370,9.864,-22.0506,20.0598,4.1007,1.8503,-1.2024,-1.4856,2.334,69.256,69.366,36.1244,-17.5185,0.2,0.0,0.0,0.0,1.89,-1.2208,-1.5,2.7042,-0.1146,0,0,0,0.631,0.3,0.7,0,0,0.0,4,SEARCH_PHASE,1.8503,-1.2024,-58.175,37.5783
371,9.886,-22.0136,20.0358,4.071,1.8489,-1.2002,-1.4855,2.332,69.212,69.321,36.1244,-17.5185,0.2,0.0,0.0,0.0,1.89,-1.2208,-1.5,2.7042,-0.091,0,0,0,0.637,0.304,0.696,0,0,0.0,4,SEARCH_PHASE,1.8489,-1.2002,-58.138,37.5543
372,9.909,-21.9767,20.0118,4.0413,1.8469,-1.1994,-1.4858,2.33,69.168,69.275,36.1244,-17.5185,0.2,0.0,0.0,0.0,1.89,-1.2208,-1.5,2.7042,-0.1139,0,0,0,0.638,0.3,0.7,0,0,0.0,4,SEARCH_PHASE,1.8469,-1.1994,-58.1011,37.5303
373,9.93,-21.9397,19.9878,4.0116,1.8468,-1.1981,-1.4857,2.328,69.124,69.229,36.1244,-17.5185,0.2,0.0,0.0,0.0,1.89,-1.2208,-1.5,2.7042,-0.09,0,0,0,0.644,0.308,0.692,0,0,0.0,4,SEARCH_PHASE,1.8468,-1.1981,-58.0642,37.5063
374,9.952,-21.9028,19.9638,3.9819,1.8455,-1.1982,-1.4855,2.326,69.08,69.184,36.1244,-17.5185,0.2,0.0,0.0,0.0,1.89,-1.2208,-1.5,2.7042,-0.1135,0,0,0,0.644,0.304,0.696,0,0,0.0,4,SEARCH_PHASE,1.8455,-1.1982,-58.0272,37.4823
375,9.973,-21.8659,19.9399,3.9522,1.8457,-1.1981,-1.4855,2.324,69.036,69.138,36.1244,-17.5185,0.2,0.0,0.0,0.0,1.89,-1.2208,-1.5,2.7042,-0.0899,0,0,0,0.649,0.313,0.687,0,0,0.0,4,SEARCH_PHASE,1.8457,-1.1981,-57.9903,37.4584
376,9.995,-21.829,19.9159,3.9225,1.8443,-1.1994,-1.4856,2.322,68.992,69.093,36.1244,-17.5185,0.2,0.0,0.0,0.0,1.89,-1.2208,-1.5,2.7042,-0.0951,0,0,0,0.649,0.308,0.692,0,0,0.0,4,SEARCH_PHASE,1.8443,-1.1994,-57.9534,37.4344
377,10.016,-21.7922,19.8919,3.8928,1.8441,-1.2007,-1.4856,3.793,68.948,69.047,36.1244,-17.5185,0.2,0.0,0.0,0.0,1.89,-1.2208,-1.5,2.7042,-0.072,0,0,0,0.654,0.311,0.689,0,0,0.0,4,SEARCH_PHASE,1.8441,-1.2007,-57.9166,37.4104
378,10.038,-21.7553,19.8678,3.8631,1.8424,-1.2021,-1.4855,3.763,68.904,69.002,36.1244,-17.5185,0.2,0.0,0.0,0.0,1.89,-1.2208,-1.5,2.7042,-0.0951,0,0,0,0.653,0.308,0.692,0,0,0.0,4,SEARCH_PHASE,1.8424,-1.2021,-57.8797,37.3863
379,10.06,-21.7185,19.8438,3.8333,1.842,-1.2021,-1.4855,3.733,68.86,68.956,36.1244,-17.5185,0.2,0.0,0.0,0.0,1.89,-1.2208,-1.5,2.7042,-0.0723,0,0,0,0.657,0.313,0.687,0,0,0.0,4,SEARCH_PHASE,1.842,-1.2021,-57.8429,37.3623
380,10.082,-21.6817,19.8197,3.8036,1.8398,-1.2024,-1.4856,3.704,68.816,68.911,36.1244,-17.5185,0.2,0.0,0.0,0.0,1.89,-1.2208,-1.5,2.7042,-0.1008,0,0,0,0.659,0.312,0.688,0,0,0.0,4,SEARCH_PHASE,1.8398,-1.2024,-57.8061,37.3382
381,10.104,-21.6449,19.7957,3.7739,1.8384,-1.2015,-1.4855,3.674,68.772,68.865,36.1244,-17.5185,0.2,0.0,0.0,0.0,1.89,-1.2208,-1.5,2.7042,-0.0783,0,0,0,0.666,0.321,0.679,0,0,0.0,4,SEARCH_PHASE,1.8384,-1.2015,-57.7693,37.3142
382,10.126,-21.6082,19.7717,3.7442,1.8367,-1.2014,-1.4854,3.644,68.729,68.82,36.1244,-17.5185,0.2,0.0,0.0,0.0,1.89,-1.2208,-1.5,2.7042,-0.1012,0,0,0,0.668,0.325,0.675,0,0,0.0,4,SEARCH_PHASE,1.8367,-1.2014,-57.7326,37.2902
383,10.148,-21.5714,19.7477,3.7145,1.8374,-1.2007,-1.4854,3.615,68.685,68.774,36.1244,-17.5185,0.2,0.0,0.0,0.0,1.8894,-1.2218,-1.4521,2.6779,-0.0788,0,0,0,0.674,0.328,0.672,0,0,0.0,4,SEARCH_PHASE,1.8374,-1.2007,-57.6958,37.2662
384,10.17,-21.5347,19.7236,3.6852,1.8377,-1.2014,-1.4676,3.585,68.641,68.729,36.1244,-17.5185,0.2,0.0,0.0,0.0,1.8891,-1.2222,-1.4041,2.6522,-0.1032,0,0,0,0.674,0.322,0.678,0,0,0.0,4,SEARCH_PHASE,1.8377,-1.2014,-57.6591,37.2421
385,10.193,-21.4979,19.6996,3.6564,1.8406,-1.2016,-1.4389,3.556,68.597,68.684,36.1244,-17.5185,0.2,0.0,0.0,0.0,1.8875,-1.2247,-1.3561,2.6271,-0.0791,0,0,0,0.68,0.33,0.67,0,0,0.0,4,SEARCH_PHASE,1.8406,-1.2016,-57.6223,37.2181
386,10.215,-21.461,19.6755,3.6283,1.8421,-1.2034,-1.4031,3.528,68.553,68.638,36.1244,-17.5185,0.2,0.0,0.0,0.0,1.8874,-1.2248,-1.3081,2.6026,-0.1046,0,0,0,0.68,0.328,0.672,0,0,0.0,4,SEARCH_PHASE,1.8421,-1.2034,-57.5854,37.194
387,10.237,-21.4241,19.6514,3.6011,1.8457,-1.2048,-1.3629,3.501,68.509,68.593,36.1244,-17.5185,0.2,0.0,0.0,0.0,1.8857,-1.2275,-1.2601,2.5788,-0.0801,0,0,0,0.684,0.338,0.662,0,0,0.0,4,SEARCH_PHASE,1.8457,-1.2048,-57.5485,37.1699
388,10.259,-21.3872,19.6273,3.5747,1.8473,-1.208,-1.3201,3.475,68.465,68.548,36.1244,-17.5185,0.2,0.0,0.0,0.0,1.886,-1.2271,-1.2121,2.5557,-0.1013,0,0,0,0.684,0.333,0.667,0,0,0.0,4,SEARCH_PHASE,1.8473,-1.208,-57.5116,37.1458
389,10.281,-21.3501,19.6031,3.5491,1.8506,-1.2108,-1.2755,3.449,68.42,68.502,36.1244,-17.5185,0.2,0.0,0.0,0.0,1.8845,-1.2294,-1.1641,2.5333,-0.0767,0,0,0,0.688,0.339,0.661,0,0,0.0,4,SEARCH_PHASE,1.8506,-1.2108,-57.4746,37.1216
390,10.303,-21.3131,19.5788,3.5245,1.8513,-1.215,-1.2298,3.425,68.376,68.457,36.1244,-17.5185,0.2,0.0,0.0,0.0,1.8851,-1.2284,-1.1161,2.5116,-0.0996,0,0,0,0.686,0.338,0.662,0,0,0.0,4,SEARCH_PHASE,1.8513,-1.215,-57.4375,37.0973
391,10.325,-21.276,19.5544,3.5009,1.8534,-1.2185,-1.1834,3.401,68.332,68.411,36.1244,-17.5185,0.2,0.0,0.0,0.0,1.8837,-1.2305,-1.0681,2.4907,-0.0752,0,0,0,0.689,0.338,0.662,0,0,0.0,4,SEARCH_PHASE,1.8534,-1.2185,-57.4005,37.0729
392,10.347,-21.239,19.5299,3.4781,1.8526,-1.2232,-1.1367,3.378,68.287,68.366,36.1244,-17.5185,0.2,0.0,0.0,0.0,1.8848,-1.2288,-1.0201,2.4705,-0.0903,0,0,0,0.687,0.335,0.665,0,0,0.0,4,SEARCH_PHASE,1.8526,-1.2232,-57.3634,37.0484
393,10.369,-21.2019,19.5054,3.4564,1.8527,-1.227,-1.0896,3.356,68.243,68.32,36.1244,-17.5185,0.2,0.0,0.0,0.0,1.8837,-1.2305,-0.9721,2.451,-0.0666,0,0,0,0.69,0.336,0.664,0,0,0.0,4,SEARCH_PHASE,1.8527,-1.227,-57.3264,37.0239
394,10.391,-21.1649,19.4808,3.4355,1.8498,-1.2312,-1.0423,3.336,68.198,68.275,36.1244,-17.5185,0.2,0.0,0.0,0.0,1.8839,-1.2302,-0.9241,2.4324,-0.0972,0,0,0,0.689,0.335,0.665,0,0,0.0,4,SEARCH_PHASE,1.8498,-1.2312,-57.2894,36.9993
395,10.414,-21.128,19.4561,3.4156,1.8479,-1.2335,-0.9948,3.316,68.154,68.23,36.1244,-17.5185,0.2,0.0,0.0,0.0,1.8811,-1.2344,-0.8761,2.4146,-0.0738,0,0,0,0.694,0.341,0.659,0,0,0.0,4,SEARCH_PHASE,1.8479,-1.2335,-57.2524,36.9746
396,10.436,-21.0911,19.4314,3.3967,1.8442,-1.2367,-0.9472,3.297,68.11,68.185,36.1244,-17.5185,0.2,0.0,0.0,0.0,1.8821,-1.233,-0.8281,2.3976,-0.1,0,0,0,0.693,0.338,0.662,0,0,0.0,4,SEARCH_PHASE,1.8442,-1.2367,-57.2155,36.9499
397,10.458,-21.0542,19.4066,3.3787,1.8428,-1.2387,-0.8996,3.279,68.065,68.139,36.1244,-17.5185,0.2,0.0,0.0,0.0,1.8794,-1.2371,-0.7801,2.3814,-0.0765,0,0,0,0.696,0.344,0.656,0,0,0.0,4,SEARCH_PHASE,1.8428,-1.2387,-57.1787,36.9251
398,10.48,-21.0175,19.3818,3.3616,1.8391,-1.2418,-0.852,3.262,68.021,68.094,36.1244,-17.5185,0.2,0.0,0.0,0.0,1.8811,-1.2345,-0.7321,2.3661,-0.1003,0,0,0,0.695,0.341,0.659,0,0,0.0,4,SEARCH_PHASE,1.8391,-1.2418,-57.1419,36.9003
399,10.503,-20.9807,19.3569,3.3455,1.8372,-1.2438,-0.8045,3.246,67.976,68.049,36.1244,-17.5185,0.2,0.0,0.0,0.0,1.8789,-1.2378,-0.6841,2.3517,-0.0768,0,0,0,0.697,0.341,0.659,0,0,0.0,4,SEARCH_PHASE,1.8372,-1.2438,-57.1051,36.8754
400,10.525,-20.9441,19.3319,3.3304,1.8326,-1.2468,-0.757,3.23,67.932,68.004,36.1244,-17.5185,0.2,0.0,0.0,0.0,1.8799,-1.2363,-0.6361,2.3382,-0.0975,0,0,0,0.696,0.342,0.658,0,0,0.0,4,SEARCH_PHASE,1.8326,-1.2468,-57.0685,36.8504
401,10.547,-20.9075,19.307,3.3162,1.8294,-1.2486,-0.7093,3.216,67.888,67.959,36.1244,-17.5185,0.2,0.0,0.0,0.0,1.8765,-1.2415,-0.5881,2.3256,-0.0742,0,0,0,0.7,0.347,0.653,0,0,0.0,4,SEARCH_PHASE,1.8294,-1.2486,-57.0319,36.8255
402,10.569,-20.871,19.282,3.303,1.8244,-1.251,-0.6616,3.203,67.844,67.914,36.1244,-17.5185,0.2,0.0,0.0,0.0,1.8785,-1.2385,-0.5401,2.3139,-0.1011,0,0,0,0.698,0.341,0.659,0,0,0.0,4,SEARCH_PHASE,1.8244,-1.251,-56.9954,36.8005
403,10.591,-20.8346,19.2569,3.2907,1.8215,-1.2517,-0.614,3.191,67.799,67.87,36.1244,-17.5185,0.2,0.0,0.0,0.0,1.8757,-1.2427,-0.4921,2.3032,-0.0776,0,0,0,0.701,0.347,0.653,0,0,0.0,4,SEARCH_PHASE,1.8215,-1.2517,-56.959,36.7754
404,10.613,-20.7982,19.2319,3.2794,1.8164,-1.2532,-0.5664,3.179,67.755,67.825,36.1244,-17.5185,0.2,0.0,0.0,0.0,1.8762,-1.242,-0.4441,2.2934,-0.1084,0,0,0,0.701,0.341,0.659,0,0,0.0,4,SEARCH_PHASE,1.8164,-1.2532,-56.9226,36.7504
405,10.635,-20.762,19.2068,3.269,1.813,-1.2531,-0.5187,3.169,67.711,67.781,36.1244,-17.5185,0.2,0.0,0.0,0.0,1.8708,-1.2501,-0.3961,2.2846,-0.0849,0,0,0,0.705,0.35,0.65,0,0,0.0,4,SEARCH_PHASE,1.813,-1.2531,-56.8864,36.7253
406,10.657,-20.7258,19.1817,3.2596,1.8082,-1.2543,-0.4709,3.16,67.667,67.736,36.1244,-17.5185,0.2,0.0,0.0,0.0,1.8725,-1.2476,-0.3481,2.2768,-0.1127,0,0,0,0.704,0.346,0.654,0,0,0.0,4,SEARCH_PHASE,1.8082,-1.2543,-56.8502,36.7002
407,10.68,-20.6897,19.1566,3.2511,1.8062,-1.2546,-0.4232,3.151,67.623,67.692,36.1244,-17.5185,0.2,0.0,0.0,0.0,1.8672,-1.2555,-0.3001,2.2699,-0.0887,0,0,0,0.707,0.349,0.651,0,0,0.0,4,SEARCH_PHASE,1.8062,-1.2546,-56.8141,36.6751
408,10.703,-20.6536,19.1315,3.2436,1.8023,-1.2562,-0.3762,3.144,67.579,67.648,36.1244,-17.5185,0.2,0.0,0.0,0.0,1.8706,-1.2503,-0.2521,2.2641,-0.1069,0,0,0,0.706,0.348,0.652,0,0,0.0,4,SEARCH_PHASE,1.8023,-1.2562,-56.778,36.65
409,10.728,-20.6176,19.1063,3.237,1.8006,-1.2571,-0.3283,3.137,67.535,67.604,36.1244,-17.5185,0.2,0.0,0.0,0.0,1.8662,-1.2569,-0.2041,2.2592,-0.0795,0,0,0,0.709,0.354,0.646,0,0,0.0,4,SEARCH_PHASE,1.8006,-1.2571,-56.742,36.6249
410,10.752,-20.5817,19.0812,3.2314,1.797,-1.2589,-0.2804,3.131,67.492,67.56,36.1244,-17.5185,0.2,0.0,0.0,0.0,1.8712,-1.2494,-0.1561,2.2554,-0.1042,0,0,0,0.706,0.353,0.647,0,0,0.0,4,SEARCH_PHASE,1.797,-1.2589,-56.7061,36.5997
411,10.776,-20.5458,19.056,3.2268,1.7954,-1.2593,-0.2327,3.127,67.448,67.516,36.1244,-17.5185,0.2,0.0,0.0,0.0,1.8683,-1.2537,-0.1081,2.2526,-0.0774,0,0,0,0.708,0.362,0.638,0,0,0.0,4,SEARCH_PHASE,1.7954,-1.2593,-56.6702,36.5745
412,10.801,-20.5099,19.0308,3.2231,1.7914,-1.2609,-0.1852,3.123,67.404,67.472,36.1244,-17.5185,0.2,0.0,0.0,0.0,1.8675,-1.2549,-0.0601,2.2508,-0.1027,0,0,0,0.709,0.363,0.637,0,0,0.0,4,SEARCH_PHASE,1.7914,-1.2609,-56.6344,36.5493
413,10.824,-20.4742,19.0055,3.2203,1.7889,-1.2613,-0.1374,3.12,67.36,67.428,36.1244,-17.5185,0.2,0.0,0.0,0.0,1.8582,-1.2686,-0.0121,2.25,-0.0767,0,0,0,0.714,0.362,0.638,0,0,0.0,4,SEARCH_PHASE,1.7889,-1.2613,-56.5986,36.524
414,10.848,-20.4384,18.9803,3.2185,1.7863,-1.263,-0.0895,3.119,67.317,67.384,36.1244,-17.5185,0.2,0.0,0.0,0.0,1.8589,-1.2677,0.0359,2.2503,-0.1008,0,0,0,0.714,0.362,0.638,0,0,0.0,4,SEARCH_PHASE,1.7863,-1.263,-56.5629,36.4988
415,10.872,-20.4027,18.955,3.2177,1.7875,-1.2639,-0.0418,3.118,67.273,67.34,36.1244,-17.5185,0.2,0.0,0.0,0.0,1.8506,-1.2797,0.0839,2.2516,-0.0748,0,0,0,0.718,0.367,0.633,0,0,0.0,4,SEARCH_PHASE,1.7875,-1.2639,-56.5271,36.4735
416,10.895,-20.3669,18.9297,3.2178,1.788,-1.2663,0.0059,3.118,67.229,67.297,36.1244,-17.5185,0.2,0.0,0.0,0.0,1.8531,-1.2762,0.1319,2.2539,-0.099,0,0,0,0.717,0.365,0.635,0,0,0.0,4,SEARCH_PHASE,1.788,-1.2663,-56.4913,36.4482
417,10.919,-20.3311,18.9043,3.2189,1.7918,-1.2681,0.053,3.119,67.185,67.253,36.1244,-17.5185,0.2,0.0,0.0,0.0,1.843,-1.2907,0.1799,2.2572,-0.0759,0,0,0,0.72,0.372,0.628,0,0,0.0,4,SEARCH_PHASE,1.7918,-1.2681,-56.4555,36.4228
418,10.943,-20.2952,18.8789,3.2209,1.7943,-1.2716,0.1008,3.121,67.141,67.209,36.1244,-17.5185,0.2,0.0,0.0,0.0,1.8462,-1.2861,0.2279,2.2615,-0.103,0,0,0,0.719,0.368,0.632,0,0,0.0,4,SEARCH_PHASE,1.7943,-1.2716,-56.4196,36.3974
419,10.966,-20.2592,18.8534,3.2239,1.7998,-1.2745,0.1484,3.124,67.097,67.165,36.1244,-17.5185,0.2,0.0,0.0,0.0,1.8386,-1.2969,0.2759,2.2668,-0.078,0,0,0,0.721,0.373,0.627,0,0,0.0,4,SEARCH_PHASE,1.7998,-1.2745,-56.3836,36.3719
420,10.99,-20.2231,18.8278,3.2278,1.8037,-1.2791,0.196,3.128,67.053,67.121,36.1244,-17.5185,0.2,0.0,0.0,0.0,1.8455,-1.2871,0.3239,2.2732,-0.1057,0,0,0,0.718,0.372,0.628,0,0,0.0,4,SEARCH_PHASE,1.8037,-1.2791,-56.3475,36.3463
421,11.013,-20.187,18.8021,3.2326,1.8096,-1.2832,0.2435,3.133,67.009,67.077,36.1244,-17.5185,0.2,0.0,0.0,0.0,1.8403,-1.2945,0.3719,2.2805,-0.0819,0,0,0,0.719,0.37,0.63,0,0,0.0,4,SEARCH_PHASE,1.8096,-1.2832,-56.3114,36.3207
422,11.038,-20.1507,18.7764,3.2385,1.8129,-1.289,0.2909,3.138,66.964,67.033,36.1244,-17.5185,0.2,0.0,0.0,0.0,1.8469,-1.2851,0.4199,2.2888,-0.0837,0,0,0,0.716,0.367,0.633,0,0,0.0,4,SEARCH_PHASE,1.8129,-1.289,-56.2751,36.2949
423,11.061,-20.1143,18.7505,3.2452,1.8178,-1.2945,0.3385,3.145,66.92,66.989,36.1244,-17.5185,0.2,0.0,0.0,0.0,1.8412,-1.2932,0.4679,2.2981,-0.0598,0,0,0,0.717,0.367,0.633,0,0,0.0,4,SEARCH_PHASE,1.8178,-1.2945,-56.2387,36.269
424,11.084,-20.0779,18.7245,3.253,1.8207,-1.2991,0.3862,3.153,66.875,66.945,36.1244,-17.5185,0.2,0.0,0.0,0.0,1.8502,-1.2804,0.5159,2.3084,-0.0884,0,0,0,0.713,0.361,0.639,0,0,0.0,4,SEARCH_PHASE,1.8207,-1.2991,-56.2023,36.243
425,11.109,-20.0414,18.6985,3.2616,1.8256,-1.3008,0.4339,3.162,66.83,66.9,36.1244,-17.5185,0.2,0.0,0.0,0.0,1.8469,-1.2851,0.5639,2.3196,-0.0642,0,0,0,0.713,0.362,0.638,0,0,0.0,4,SEARCH_PHASE,1.8256,-1.3008,-56.1658,36.217
426,11.131,-20.0048,18.6724,3.2713,1.828,-1.3019,0.4817,3.171,66.785,66.856,36.1244,-17.5185,0.2,0.0,0.0,0.0,1.8572,-1.2702,0.6119,2.3317,-0.0934,0,0,0,0.708,0.356,0.644,0,0,0.0,4,SEARCH_PHASE,1.828,-1.3019,-56.1293,36.1909
427,11.154,-19.9682,18.6464,3.2819,1.8319,-1.3001,0.5295,3.082,66.74,66.812,36.1244,-17.5185,0.2,0.0,0.0,0.0,1.8572,-1.2701,0.6599,2.3448,-0.0691,0,0,0,0.707,0.357,0.643,0,0,0.0,4,SEARCH_PHASE,1.8319,-1.3001,-56.0926,36.1649
428,11.177,-19.9316,18.6205,3.2934,1.8327,-1.298,0.5774,3.093,66.696,66.767,36.1244,-17.5185,0.2,0.0,0.0,0.0,1.8664,-1.2566,0.7079,2.3587,-0.0992,0,0,0,0.702,0.353,0.647,0,0,0.0,4,SEARCH_PHASE,1.8327,-1.298,-56.056,36.139
429,11.2,-19.8949,18.5946,3.3059,1.8345,-1.2932,0.6252,3.106,66.651,66.723,36.1244,-17.5185,0.2,0.0,0.0,0.0,1.8672,-1.2555,0.7559,2.3736,-0.0748,0,0,0,0.701,0.349,0.651,0,0,0.0,4,SEARCH_PHASE,1.8345,-1.2932,-56.0193,36.1131
430,11.222,-19.8582,18.5689,3.3194,1.8329,-1.2883,0.6729,3.119,66.606,66.679,36.1244,-17.5185,0.2,0.0,0.0,0.0,1.8681,-1.2541,0.8039,2.3893,-0.112,0,0,0,0.7,0.352,0.648,0,0,0.0,4,SEARCH_PHASE,1.8329,-1.2883,-55.9826,36.0874
431,11.244,-19.8216,18.5432,3.3338,1.8321,-1.281,0.7205,3.134,66.561,66.635,36.1244,-17.5185,0.2,0.0,0.0,0.0,1.8687,-1.2532,0.8519,2.4059,-0.0791,0,0,0,0.699,0.35,0.65,0,0,0.0,4,SEARCH_PHASE,1.8321,-1.281,-55.946,36.0617
432,11.266,-19.785,18.5177,3.3491,1.8309,-1.2746,0.7676,3.149,66.517,66.591,36.1244,-17.5185,0.2,0.0,0.0,0.0,1.8709,-1.2499,0.8999,2.4233,-0.1128,0,0,0,0.697,0.348,0.652,0,0,0.0,4,SEARCH_PHASE,1.8309,-1.2746,-55.9094,36.0362
433,11.29,-19.7483,18.4924,3.3654,1.8306,-1.2657,0.8155,3.165,66.472,66.548,36.1244,-17.5185,0.2,0.0,0.0,0.0,1.8686,-1.2534,0.9479,2.4415,-0.0823,0,0,0,0.698,0.351,0.649,0,0,0.0,4,SEARCH_PHASE,1.8306,-1.2657,-55.8727,36.0109
434,11.312,-19.7117,18.4673,3.3827,1.8298,-1.2577,0.8633,3.183,66.428,66.504,36.1244,-17.5185,0.2,0.0,0.0,0.0,1.8747,-1.2442,0.9959,2.4605,-0.1104,0,0,0,0.693,0.343,0.657,0,0,0.0,4,SEARCH_PHASE,1.8298,-1.2577,-55.8362,35.9858
435,11.335,-19.6751,18.4423,3.4009,1.8313,-1.2478,0.911,3.201,66.383,66.461,36.1244,-17.5185,0.2,0.0,0.0,0.0,1.8738,-1.2456,1.0439,2.4804,-0.0832,0,0,0,0.693,0.346,0.654,0,0,0.0,4,SEARCH_PHASE,1.8313,-1.2478,-55.7995,35.9608
436,11.356,-19.6385,18.4175,3.4201,1.8306,-1.2386,0.9586,3.22,66.339,66.417,36.1244,-17.5185,0.2,0.0,0.0,0.0,1.8797,-1.2366,1.0919,2.5009,-0.1114,0,0,0,0.688,0.34,0.66,0,0,0.0,4,SEARCH_PHASE,1.8306,-1.2386,-55.7629,35.936
437,11.379,-19.6019,18.393,3.4402,1.8317,-1.2277,1.0062,3.24,66.295,66.374,36.1244,-17.5185,0.2,0.0,0.0,0.0,1.8798,-1.2365,1.1399,2.5223,-0.0845,0,0,0,0.688,0.34,0.66,0,0,0.0,4,SEARCH_PHASE,1.8317,-1.2277,-55.7263,35.9115
438,11.401,-19.5653,18.3686,3.4613,1.8301,-1.2177,1.0536,3.261,66.251,66.331,36.1244,-17.5185,0.2,0.0,0.0,0.0,1.881,-1.2346,1.1879,2.5443,-0.1181,0,0,0,0.686,0.338,0.662,0,0,0.0,4,SEARCH_PHASE,1.8301,-1.2177,-55.6897,35.8871
439,11.424,-19.5287,18.3445,3.4833,1.8299,-1.2062,1.1011,3.283,66.207,66.289,36.1244,-17.5185,0.2,0.0,0.0,0.0,1.8784,-1.2386,1.2359,2.5671,-0.0992,0,0,0,0.688,0.343,0.657,0,0,0.0,4,SEARCH_PHASE,1.8299,-1.2062,-55.6531,35.863
440,11.446,-19.4921,18.3206,3.5063,1.8291,-1.1963,1.1481,3.306,66.164,66.246,36.1244,-17.5185,0.2,0.0,0.0,0.0,1.8816,-1.2338,1.2839,2.5905,-0.1192,0,0,0,0.685,0.336,0.664,0,0,0.0,4,SEARCH_PHASE,1.8291,-1.1963,-55.6165,35.8391
441,11.47,-19.4555,18.2969,3.5302,1.8315,-1.1864,1.1954,3.33,66.12,66.204,36.1244,-17.5185,0.2,0.0,0.0,0.0,1.8794,-1.237,1.3319,2.6146,-0.091,0,0,0,0.687,0.339,0.661,0,0,0.0,4,SEARCH_PHASE,1.8315,-1.1864,-55.5799,35.8154
442,11.494,-19.4188,18.2733,3.5551,1.8325,-1.179,1.2435,3.355,66.076,66.162,36.1244,-17.5185,0.2,0.0,0.0,0.0,1.8821,-1.233,1.3799,2.6394,-0.1167,0,0,0,0.684,0.338,0.662,0,0,0.0,4,SEARCH_PHASE,1.8325,-1.179,-55.5432,35.7918
443,11.518,-19.3821,18.2498,3.5809,1.8366,-1.1718,1.2914,3.441,66.033,66.119,36.1244,-17.5185,0.2,0.0,0.0,0.0,1.8809,-1.2348,1.4279,2.6648,-0.0889,0,0,0,0.685,0.339,0.661,0,0,0.0,4,SEARCH_PHASE,1.8366,-1.1718,-55.5065,35.7683
444,11.542,-19.3453,18.2265,3.6077,1.8391,-1.1671,1.3392,3.468,65.989,66.077,36.1244,-17.5185,0.2,0.0,0.0,0.0,1.8835,-1.2308,1.4759,2.6908,-0.1144,0,0,0,0.681,0.337,0.663,0,0,0.0,4,SEARCH_PHASE,1.8391,-1.1671,-55.4697,35.745
445,11.567,-19.3084,18.2032,3.6354,1.844,-1.1627,1.387,3.495,65.946,66.035,36.1244,-17.5185,0.2,0.0,0.0,0.0,1.883,-1.2316,1.5173,2.7138,-0.0871,0,0,0,0.681,0.339,0.661,0,0,0.0,4,SEARCH_PHASE,1.844,-1.1627,-55.4328,35.7217
446,11.592,-19.2715,18.18,3.6641,1.8466,-1.1611,1.4323,3.524,65.902,65.993,36.1244,-17.5185,0.2,0.0,0.0,0.0,1.8855,-1.2277,1.4693,2.6873,-0.1121,0,0,0,0.676,0.34,0.66,0,0,0.0,4,SEARCH_PHASE,1.8466,-1.1611,-55.3959,35.6985
447,11.618,-19.2345,18.1568,3.6929,1.8498,-1.1596,1.443,3.553,65.858,65.951,36.1244,-17.5185,0.2,0.0,0.0,0.0,1.886,-1.2269,1.4213,2.6613,-0.0876,0,0,0,0.675,0.338,0.662,0,0,0.0,4,SEARCH_PHASE,1.8498,-1.1596,-55.3589,35.6753
448,11.643,-19.1975,18.1336,3.7216,1.85,-1.16,1.4319,3.582,65.815,65.909,36.1244,-17.5185,0.2,0.0,0.0,0.0,1.8883,-1.2235,1.3733,2.636,-0.1066,0,0,0,0.67,0.335,0.665,0,0,0.0,4,SEARCH_PHASE,1.85,-1.16,-55.3219,35.6521
449,11.668,-19.1605,18.1104,3.7497,1.8507,-1.1608,1.4073,3.61,65.771,65.867,36.1244,-17.5185,0.2,0.0,0.0,0.0,1.889,-1.2223,1.3253,2.6113,-0.0849,0,0,0,0.668,0.338,0.662,0,0,0.0,4,SEARCH_PHASE,1.8507,-1.1608,-55.2849,35.6289
450,11.695,-19.1235,18.0872,3.7772,1.8491,-1.1631,1.3738,3.637,65.727,65.825,36.1244,-17.5185,0.2,0.0,0.0,0.0,1.8901,-1.2207,1.2773,2.5873,-0.0841,0,0,0,0.665,0.339,0.661,0,0,0.0,4,SEARCH_PHASE,1.8491,-1.1631,-55.2479,35.6057
451,11.72,-19.0865,18.0638,3.8039,1.8478,-1.1658,1.3352,3.664,65.684,65.783,36.1244,-17.5185,0.2,0.0,0.0,0.0,1.89,-1.2209,1.2293,2.5639,-0.0822,0,0,0,0.666,0.335,0.665,0,0,0.0,4,SEARCH_PHASE,1.8478,-1.1658,-55.2109,35.5823
452,11.746,-19.0496,18.0405,3.8297,1.846,-1.1687,1.2934,3.69,65.64,65.74,36.1244,-17.5185,0.2,0.0,0.0,0.0,1.8907,-1.2197,1.1813,2.5413,-0.0986,0,0,0,0.663,0.336,0.664,0,0,0.0,4,SEARCH_PHASE,1.846,-1.1687,-55.174,35.559
453,11.771,-19.0127,18.017,3.8547,1.8458,-1.1713,1.2489,3.715,65.596,65.698,36.1244,-17.5185,0.2,0.0,0.0,0.0,1.8907,-1.2197,1.1333,2.5193,-0.0786,0,0,0,0.664,0.339,0.661,0,0,0.0,4,SEARCH_PHASE,1.8458,-1.1713,-55.1371,35.5355
454,11.797,-18.9758,17.9935,3.8788,1.8453,-1.1747,1.2037,3.739,65.553,65.656,36.1244,-17.5185,0.2,0.0,0.0,0.0,1.8912,-1.2189,1.0853,2.4981,-0.1002,0,0,0,0.661,0.335,0.665,0,0,0.0,4,SEARCH_PHASE,1.8453,-1.1747,-55.1002,35.512
455,11.823,-18.9389,17.97,3.902,1.8461,-1.1779,1.1576,3.762,65.509,65.613,36.1244,-17.5185,0.2,0.0,0.0,0.0,1.8912,-1.2189,1.0373,2.4776,-0.0814,0,0,0,0.661,0.338,0.662,0,0,0.0,4,SEARCH_PHASE,1.8461,-1.1779,-55.0633,35.4885
456,11.848,-18.9019,17.9463,3.9242,1.8461,-1.1819,1.1108,3.784,65.465,65.571,36.1244,-17.5185,0.2,0.0,0.0,0.0,1.8912,-1.2189,0.9893,2.4579,-0.0975,0,0,0,0.657,0.334,0.666,0,0,0.0,4,SEARCH_PHASE,1.8461,-1.1819,-55.0264,35.4648
457,11.874,-18.865,17.9226,3.9454,1.8473,-1.1857,1.0637,3.805,65.421,65.528,36.1244,-17.5185,0.2,0.0,0.0,0.0,1.8912,-1.2189,0.9413,2.439,-0.0788,0,0,0,0.657,0.33,0.67,0,0,0.0,4,SEARCH_PHASE,1.8473,-1.1857,-54.9894,35.4411
458,11.899,-18.8281,17.8988,3.9658,1.8475,-1.1902,1.0163,3.826,65.377,65.485,36.1244,-17.5185,0.2,0.0,0.0,0.0,1.8912,-1.2189,0.8933,2.4209,-0.0955,0,0,0,0.653,0.329,0.671,0,0,0.0,4,SEARCH_PHASE,1.8475,-1.1902,-54.9525,35.4173
459,11.924,-18.7911,17.8749,3.9851,1.8486,-1.1942,0.9689,3.845,65.333,65.443,36.1244,-17.5185,0.2,0.0,0.0,0.0,1.8912,-1.2189,0.8453,2.4036,-0.0768,0,0,0,0.653,0.332,0.668,0,0,0.0,4,SEARCH_PHASE,1.8486,-1.1942,-54.9155,35.3934
460,11.948,-18.7541,17.851,4.0036,1.8486,-1.1986,0.9213,3.864,65.289,65.4,36.1244,-17.5185,0.2,0.0,0.0,0.0,1.8912,-1.2189,0.7973,2.3871,-0.0944,0,0,0,0.65,0.324,0.676,0,0,0.0,4,SEARCH_PHASE,1.8486,-1.1986,-54.8785,35.3695
461,11.973,-18.7171,17.8269,4.021,1.8494,-1.2024,0.8738,3.881,65.245,65.357,36.1244,-17.5185,0.2,0.0,0.0,0.0,1.8912,-1.2189,0.7493,2.3715,-0.0757,0,0,0,0.65,0.324,0.676,0,0,0.0,4,SEARCH_PHASE,1.8494,-1.2024,-54.8415,35.3454
462,11.998,-18.6801,17.8028,4.0376,1.8489,-1.2064,0.8261,3.898,65.201,65.314,36.1244,-17.5185,0.2,0.0,0.0,0.0,1.8912,-1.2189,0.7013,2.3568,-0.0952,0,0,0,0.649,0.32,0.68,0,0,0.0,4,SEARCH_PHASE,1.8489,-1.2064,-54.8046,35.3213
463,12.024,-18.6432,17.7786,4.0531,1.849,-1.2096,0.7785,3.913,65.157,65.27,36.1244,-17.5185,0.2,0.0,0.0,0.0,1.8912,-1.2189,0.6533,2.3429,-0.0766,0,0,0,0.649,0.322,0.678,0,0,0.0,4,SEARCH_PHASE,1.849,-1.2096,-54.7676,35.2971
464,12.049,-18.6062,17.7543,4.0678,1.848,-1.213,0.731,3.928,65.112,65.227,36.1244,-17.5185,0.2,0.0,0.0,0.0,1.8913,-1.2189,0.6053,2.33,-0.0985,0,0,0,0.644,0.32,0.68,0,0,0.0,4,SEARCH_PHASE,1.848,-1.213,-54.7306,35.2728
465,12.075,-18.5692,17.73,4.0814,1.848,-1.2155,0.6834,3.941,65.068,65.184,36.1244,-17.5185,0.2,0.0,0.0,0.0,1.8913,-1.2189,0.5573,2.318,-0.0799,0,0,0,0.644,0.324,0.676,0,0,0.0,4,SEARCH_PHASE,1.848,-1.2155,-54.6937,35.2485
466,12.099,-18.5323,17.7057,4.0941,1.8467,-1.2183,0.6355,3.954,65.024,65.14,36.1244,-17.5185,0.2,0.0,0.0,0.0,1.8913,-1.2189,0.5093,2.3069,-0.0936,0,0,0,0.642,0.322,0.678,0,0,0.0,4,SEARCH_PHASE,1.8467,-1.2183,-54.6567,35.2242
467,12.123,-18.4954,17.6813,4.1059,1.8459,-1.2202,0.588,3.966,64.98,65.097,36.1244,-17.5185,0.2,0.0,0.0,0.0,1.8913,-1.2188,0.4613,2.2968,-0.0751,0,0,0,0.643,0.327,0.673,0,0,0.0,4,SEARCH_PHASE,1.8459,-1.2202,-54.6198,35.1998
468,12.147,-18.4585,17.6568,4.1167,1.8448,-1.222,0.5406,3.977,64.935,65.053,36.1244,-17.5185,0.2,0.0,0.0,0.0,1.8913,-1.2188,0.4133,2.2877,-0.0984,0,0,0,0.641,0.328,0.672,0,0,0.0,4,SEARCH_PHASE,1.8448,-1.222,-54.5829,35.1753
469,12.17,-18.4216,17.6324,4.1266,1.8451,-1.2225,0.493,3.987,64.891,65.01,36.1244,-17.5185,0.2,0.0,0.0,0.0,1.8913,-1.2188,0.3653,2.2795,-0.0795,0,0,0,0.642,0.328,0.672,0,0,0.0,4,SEARCH_PHASE,1.8451,-1.2225,-54.546,35.1509
470,12.195,-18.3847,17.6079,4.1355,1.8448,-1.2229,0.4454,3.995,64.847,64.966,36.1244,-17.5185,0.2,0.0,0.0,0.0,1.8913,-1.2188,0.3173,2.2723,-0.1028,0,0,0,0.638,0.326,0.674,0,0,0.0,4,SEARCH_PHASE,1.8448,-1.2229,-54.5091,35.1264
471,12.219,-18.3478,17.5835,4.1434,1.8456,-1.2222,0.3978,4.003,64.803,64.922,36.1244,-17.5185,0.2,0.0,0.0,0.0,1.8913,-1.2188,0.2693,2.2661,-0.0833,0,0,0,0.639,0.328,0.672,0,0,0.0,4,SEARCH_PHASE,1.8456,-1.2222,-54.4722,35.102
472,12.244,-18.3109,17.559,4.1504,1.8453,-1.2216,0.3497,4.01,64.758,64.879,36.1244,-17.5185,0.2,0.0,0.0,0.0,1.8913,-1.2188,0.2213,2.2609,-0.1036,0,0,0,0.636,0.325,0.675,0,0,0.0,4,SEARCH_PHASE,1.8453,-1.2216,-54.4353,35.0775
473,12.27,-18.274,17.5346,4.1565,1.846,-1.2199,0.3023,4.016,64.714,64.835,36.1244,-17.5185,0.2,0.0,0.0,0.0,1.8913,-1.2187,0.1733,2.2567,-0.0818,0,0,0,0.637,0.327,0.673,0,0,0.0,4,SEARCH_PHASE,1.846,-1.2199,-54.3984,35.0531
474,12.294,-18.237,17.5103,4.1616,1.8455,-1.2184,0.2547,4.022,64.67,64.791,36.1244,-17.5185,0.2,0.0,0.0,0.0,1.8914,-1.2187,0.1253,2.2535,-0.1053,0,0,0,0.633,0.324,0.676,0,0,0.0,4,SEARCH_PHASE,1.8455,-1.2184,-54.3615,35.0288
475,12.319,-18.2001,17.486,4.1657,1.8458,-1.216,0.2072,4.026,64.626,64.747,36.1244,-17.5185,0.2,0.0,0.0,0.0,1.8914,-1.2187,0.0773,2.2513,-0.0839,0,0,0,0.635,0.328,0.672,0,0,0.0,4,SEARCH_PHASE,1.8458,-1.216,-54.3245,35.0045
476,12.345,-18.1632,17.4617,4.1689,1.8454,-1.214,0.1597,4.029,64.581,64.703,36.1244,-17.5185,0.2,0.0,0.0,0.0,1.8914,-1.2187,0.0293,2.2502,-0.105,0,0,0,0.632,0.332,0.668,0,0,0.0,4,SEARCH_PHASE,1.8454,-1.214,-54.2876,34.9802
477,12.371,-18.1263,17.4374,4.1711,1.8461,-1.2114,0.1121,4.031,64.537,64.659,36.1244,-17.5185,0.2,0.0,0.0,0.0,1.8914,-1.2187,-0.0187,2.2501,-0.0839,0,0,0,0.634,0.337,0.663,0,0,0.0,4,SEARCH_PHASE,1.8461,-1.2114,-54.2507,34.9559
478,12.396,-18.0894,17.4133,4.1724,1.8459,-1.2093,0.0645,4.032,64.493,64.615,36.1244,-17.5185,0.2,0.0,0.0,0.0,1.8914,-1.2187,-0.0667,2.251,-0.1049,0,0,0,0.626,0.335,0.665,0,0,0.0,4,SEARCH_PHASE,1.8459,-1.2093,-54.2138,34.9318
479,12.423,-18.0525,17.3891,4.1728,1.8465,-1.2068,0.0168,4.033,64.449,64.571,36.1244,-17.5185,0.2,0.0,0.0,0.0,1.8914,-1.2187,-0.1147,2.2529,-0.0842,0,0,0,0.627,0.335,0.665,0,0,0.0,4,SEARCH_PHASE,1.8465,-1.2068,-54.1769,34.9076
480,12.452,-18.0155,17.365,4.1722,1.8458,-1.2049,-0.031,4.032,64.405,64.527,36.1244,-17.5185,0.2,0.0,0.0,0.0,1.8914,-1.2187,-0.1627,2.2559,-0.1091,0,0,0,0.627,0.336,0.664,0,0,0.0,4,SEARCH_PHASE,1.8458,-1.2049,-54.1399,34.8835
481,12.479,-17.9786,17.341,4.1706,1.8458,-1.2026,-0.0786,4.031,64.361,64.483,36.1244,-17.5185,0.2,0.0,0.0,0.0,1.8914,-1.2187,-0.2107,2.2598,-0.0885,0,0,0,0.631,0.34,0.66,0,0,0.0,4,SEARCH_PHASE,1.8458,-1.2026,-54.103,34.8595
482,12.506,-17.9417,17.3169,4.1681,1.8452,-1.2013,-0.1261,4.028,64.317,64.439,36.1244,-17.5185,0.2,0.0,0.0,0.0,1.8914,-1.2187,-0.2587,2.2648,-0.1092,0,0,0,0.631,0.339,0.661,0,0,0.0,4,SEARCH_PHASE,1.8452,-1.2013,-54.0661,34.8354
483,12.534,-17.9048,17.2929,4.1646,1.8461,-1.2001,-0.1738,4.025,64.273,64.395,36.1244,-17.5185,0.2,0.0,0.0,0.0,1.8914,-1.2186,-0.3067,2.2708,-0.089,0,0,0,0.634,0.343,0.657,0,0,0.0,4,SEARCH_PHASE,1.8461,-1.2001,-54.0292,34.8114
484,12.561,-17.8679,17.2689,4.1602,1.8462,-1.1999,-0.2216,4.02,64.229,64.351,36.1244,-17.5185,0.2,0.0,0.0,0.0,1.8914,-1.2186,-0.3547,2.2778,-0.0956,0,0,0,0.63,0.339,0.661,0,0,0.0,4,SEARCH_PHASE,1.8462,-1.1999,-53.9923,34.7874
485,12.587,-17.8309,17.2449,4.1548,1.8474,-1.1999,-0.2693,4.015,64.185,64.306,36.1244,-17.5185,0.2,0.0,0.0,0.0,1.8914,-1.2186,-0.4027,2.2857,-0.0756,0,0,0,0.635,0.345,0.655,0,0,0.0,4,SEARCH_PHASE,1.8474,-1.1999,-53.9553,34.7634
486,12.614,-17.794,17.2209,4.1484,1.8478,-1.2002,-0.3169,4.008,64.141,64.262,36.1244,-17.5185,0.2,0.0,0.0,0.0,1.8914,-1.2186,-0.4507,2.2947,-0.0965,0,0,0,0.635,0.343,0.657,0,0,0.0,4,SEARCH_PHASE,1.8478,-1.2002,-53.9184,34.7394
487,12.641,-17.757,17.1969,4.1411,1.8494,-1.1998,-0.3646,4.001,64.097,64.218,36.1244,-17.5185,0.2,0.0,0.0,0.0,1.8914,-1.2186,-0.4987,2.3046,-0.0766,0,0,0,0.633,0.348,0.652,0,0,0.0,4,SEARCH_PHASE,1.8494,-1.1998,-53.8814,34.7155
488,12.668,-17.72,17.173,4.1329,1.8499,-1.1999,-0.4122,3.993,64.052,64.173,36.1244,-17.5185,0.2,0.0,0.0,0.0,1.8914,-1.2186,-0.5467,2.3155,-0.0975,0,0,0,0.634,0.346,0.654,0,0,0.0,4,SEARCH_PHASE,1.8499,-1.1999,-53.8444,34.6915
489,12.695,-17.683,17.149,4.1237,1.8512,-1.1994,-0.4599,3.984,64.008,64.128,36.1244,-17.5185,0.2,0.0,0.0,0.0,1.8914,-1.2186,-0.5947,2.3273,-0.0779,0,0,0,0.636,0.348,0.652,0,0,0.0,4,SEARCH_PHASE,1.8512,-1.1994,-53.8074,34.6675
490,12.722,-17.6459,17.125,4.1135,1.8512,-1.1995,-0.5076,3.974,63.964,64.084,36.1244,-17.5185,0.2,0.0,0.0,0.0,1.8914,-1.2186,-0.6427,2.34,-0.1006,0,0,0,0.646,0.345,0.655,0,0,0.0,4,SEARCH_PHASE,1.8512,-1.1995,-53.7703,34.6435
491,12.75,-17.6089,17.101,4.1024,1.8518,-1.1992,-0.5553,3.962,63.92,64.039,36.1244,-17.5185,0.2,0.0,0.0,0.0,1.8914,-1.2186,-0.6907,2.3536,-0.0814,0,0,0,0.642,0.345,0.655,0,0,0.0,4,SEARCH_PHASE,1.8518,-1.1992,-53.7333,34.6195
492,12.776,-17.5719,17.077,4.0904,1.8512,-1.1996,-0.603,3.95,63.876,63.994,36.1244,-17.5185,0.2,0.0,0.0,0.0,1.8914,-1.2186,-0.7387,2.3681,-0.0952,0,0,0,0.651,0.344,0.656,0,0,0.0,4,SEARCH_PHASE,1.8512,-1.1996,-53.6963,34.5955
493,12.803,-17.5348,17.053,4.0774,1.8513,-1.1999,-0.6506,3.937,63.832,63.949,36.1244,-17.5185,0.2,0.0,0.0,0.0,1.8914,-1.2186,-0.7867,2.3836,-0.0762,0,0,0,0.654,0.346,0.654,0,0,0.0,4,SEARCH_PHASE,1.8513,-1.1999,-53.6593,34.5715
494,12.83,-17.4978,17.029,4.0634,1.8502,-1.2006,-0.6983,3.923,63.788,63.905,36.1244,-17.5185,0.2,0.0,0.0,0.0,1.8914,-1.2186,-0.8347,2.3998,-0.0997,0,0,0,0.656,0.346,0.654,0,0,0.0,4,SEARCH_PHASE,1.8502,-1.2006,-53.6223,34.5475
495,12.856,-17.4608,17.005,4.0485,1.8497,-1.2008,-0.7459,3.908,63.744,63.86,36.1244,-17.5185,0.2,0.0,0.0,0.0,1.8914,-1.2186,-0.8827,2.4169,-0.081,0,0,0,0.658,0.345,0.655,0,0,0.0,4,SEARCH_PHASE,1.8497,-1.2008,-53.5853,34.5235
496,12.883,-17.4239,16.9809,4.0326,1.8483,-1.2018,-0.7936,3.893,63.7,63.815,36.1244,-17.5185,0.2,0.0,0.0,0.0,1.8914,-1.2186,-0.9307,2.4349,-0.0932,0,0,0,0.661,0.349,0.651,0,0,0.0,4,SEARCH_PHASE,1.8483,-1.2018,-53.5483,34.4994
497,12.91,-17.3869,16.9569,4.0158,1.8479,-1.2025,-0.8412,3.876,63.655,63.77,36.1244,-17.5185,0.2,0.0,0.0,0.0,1.8911,-1.2191,-0.9787,2.4536,-0.0746,0,0,0,0.663,0.349,0.651,0,0,0.0,4,SEARCH_PHASE,1.8479,-1.2025,-53.5113,34.4754
498,12.937,-17.35,16.9328,3.998,1.8466,-1.2035,-0.8888,3.858,63.611,63.725,36.1244,-17.5185,0.2,0.0,0.0,0.0,1.8903,-1.2204,-1.0267,2.4732,-0.0956,0,0,0,0.666,0.354,0.646,0,0,0.0,4,SEARCH_PHASE,1.8466,-1.2035,-53.4744,34.4513
499,12.964,-17.3131,16.9087,3.9793,1.8461,-1.2039,-0.9364,3.839,63.567,63.68,36.1244,-17.5185,0.2,0.0,0.0,0.0,1.8895,-1.2216,-1.0747,2.4935,-0.0771,0,0,0,0.669,0.352,0.648,0,0,0.0,4,SEARCH_PHASE,1.8461,-1.2039,-53.4375,34.4272
500,12.991,-17.2762,16.8846,3.9596,1.8445,-1.2048,-0.9841,3.82,63.523,63.634,36.1244,-17.5185,0.2,0.0,0.0,0.0,1.8887,-1.2228,-1.1227,2.5145,-0.1021,0,0,0,0.671,0.352,0.648,0,0,0.0,4,SEARCH_PHASE,1.8445,-1.2048,-53.4006,34.4031
501,13.019,-17.2393,16.8605,3.939,1.8434,-1.2051,-1.0317,3.799,63.479,63.589,36.1244,-17.5185,0.2,0.0,0.0,0.0,1.8893,-1.2219,-1.1707,2.5363,-0.0838,0,0,0,0.666,0.359,0.641,0,0,0.0,4,SEARCH_PHASE,1.8434,-1.2051,-53.3637,34.379
502,13.046,-17.2025,16.8364,3.9174,1.8419,-1.2061,-1.0794,3.777,63.435,63.544,36.1244,-17.5185,0.2,0.0,0.0,0.0,1.8877,-1.2243,-1.2187,2.5588,-0.0944,0,0,0,0.669,0.358,0.642,0,0,0.0,4,SEARCH_PHASE,1.8419,-1.2061,-53.3269,34.3549
503,13.074,-17.1656,16.8123,3.8948,1.8416,-1.207,-1.1269,3.755,63.391,63.499,36.1244,-17.5185,0.2,0.0,0.0,0.0,1.8877,-1.2243,-1.2667,2.582,-0.0759,0,0,0,0.67,0.366,0.634,0,0,0.0,4,SEARCH_PHASE,1.8416,-1.207,-53.2901,34.3308
504,13.102,-17.1288,16.7881,3.8713,1.8407,-1.2082,-1.1745,3.731,63.347,63.453,36.1244,-17.5185,0.2,0.0,0.0,0.0,1.8835,-1.2308,-1.3147,2.6059,-0.0976,0,0,0,0.673,0.364,0.636,0,0,0.0,4,SEARCH_PHASE,1.8407,-1.2082,-53.2532,34.3066
505,13.131,-17.092,16.7639,3.8469,1.8411,-1.2086,-1.2221,3.707,63.303,63.408,36.1244,-17.5185,0.2,0.0,0.0,0.0,1.8863,-1.2265,-1.3627,2.6305,-0.0791,0,0,0,0.666,0.367,0.633,0,0,0.0,4,SEARCH_PHASE,1.8411,-1.2086,-53.2164,34.2824
506,13.158,-17.0552,16.7398,3.8215,1.8406,-1.2093,-1.2696,3.682,63.259,63.363,36.1244,-17.5185,0.2,0.0,0.0,0.0,1.8804,-1.2355,-1.4107,2.6556,-0.1011,0,0,0,0.67,0.37,0.63,0,0,0.0,4,SEARCH_PHASE,1.8406,-1.2093,-53.1796,34.2583
507,13.186,-17.0184,16.7156,3.7952,1.8411,-1.2095,-1.3172,3.655,63.215,63.317,36.1244,-17.5185,0.2,0.0,0.0,0.0,1.8808,-1.235,-1.4587,2.6815,-0.0825,0,0,0,0.671,0.372,0.628,0,0,0.0,4,SEARCH_PHASE,1.8411,-1.2095,-53.1428,34.2341
508,13.213,-16.9816,16.6914,3.7679,1.8404,-1.2101,-1.3648,3.628,63.171,63.272,36.1244,-17.5185,0.2,0.0,0.0,0.0,1.8736,-1.2458,-1.5,2.7042,-0.1051,0,0,0,0.674,0.374,0.626,0,0,0.0,4,SEARCH_PHASE,1.8404,-1.2101,-53.106,34.2099
509,13.242,-16.9448,16.6672,3.7397,1.8405,-1.2103,-1.4099,3.6,63.127,63.226,36.1244,-17.5185,0.2,0.0,0.0,0.0,1.8703,-1.2507,-1.452,2.6778,-0.0864,0,0,0,0.676,0.375,0.625,0,0,0.0,4,SEARCH_PHASE,1.8405,-1.2103,-53.0692,34.1857
510,13.27,-16.9079,16.6429,3.7113,1.8402,-1.2121,-1.4204,3.571,63.083,63.18,36.1244,-17.5185,0.2,0.0,0.0,0.0,1.8599,-1.2662,-1.404,2.6521,-0.1116,0,0,0,0.685,0.377,0.623,0,0,0.0,4,SEARCH_PHASE,1.8402,-1.2121,-53.0324,34.1614
511,13.298,-16.8711,16.6186,3.6831,1.8411,-1.214,-1.4091,3.543,63.039,63.135,36.1244,-17.5185,0.2,0.0,0.0,0.0,1.8598,-1.2664,-1.356,2.627,-0.0893,0,0,0,0.682,0.379,0.621,0,0,0.0,4,SEARCH_PHASE,1.8411,-1.214,-52.9955,34.1371
512,13.327,-16.8343,16.5943,3.6554,1.8397,-1.2176,-1.385,3.515,62.995,63.089,36.1244,-17.5185,0.2,0.0,0.0,0.0,1.8588,-1.2678,-1.308,2.6026,-0.1146,0,0,0,0.691,0.378,0.622,0,0,0.0,4,SEARCH_PHASE,1.8397,-1.2176,-52.9587,34.1128
513,13.356,-16.7976,16.5699,3.6284,1.839,-1.221,-1.3514,3.488,62.95,63.044,36.1244,-17.5185,0.2,0.0,0.0,0.0,1.8439,-1.2894,-1.26,2.5788,-0.0888,0,0,0,0.693,0.383,0.617,0,0,0.0,4,SEARCH_PHASE,1.839,-1.221,-52.922,34.0884
514,13.384,-16.7608,16.5453,3.6021,1.8358,-1.2263,-1.3126,3.462,62.906,62.998,36.1244,-17.5185,0.2,0.0,0.0,0.0,1.8448,-1.2881,-1.212,2.5557,-0.1137,0,0,0,0.699,0.379,0.621,0,0,0.0,4,SEARCH_PHASE,1.8358,-1.2263,-52.8852,34.0638
515,13.412,-16.7242,16.5207,3.5767,1.8335,-1.2315,-1.2706,3.437,62.862,62.953,36.1244,-17.5185,0.2,0.0,0.0,0.0,1.8382,-1.2975,-1.164,2.5333,-0.0881,0,0,0,0.702,0.386,0.614,0,0,0.0,4,SEARCH_PHASE,1.8335,-1.2315,-52.8486,34.0392
516,13.441,-16.6876,16.4959,3.5522,1.828,-1.2387,-1.2268,3.412,62.818,62.907,36.1244,-17.5185,0.2,0.0,0.0,0.0,1.8314,-1.3071,-1.116,2.5116,-0.0931,0,0,0,0.704,0.387,0.613,0,0,0.0,4,SEARCH_PHASE,1.828,-1.2387,-52.812,34.0144
517,13.469,-16.6511,16.471,3.5285,1.8229,-1.2459,-1.1813,3.389,62.774,62.862,36.1244,-17.5185,0.2,0.0,0.0,0.0,1.8145,-1.3305,-1.068,2.4906,-0.0683,0,0,0,0.703,0.391,0.609,0,0,0.0,4,SEARCH_PHASE,1.8229,-1.2459,-52.7756,33.9895
518,13.498,-16.6148,16.4459,3.5058,1.8162,-1.2533,-1.1349,3.366,62.73,62.817,36.1244,-17.5185,0.2,0.0,0.0,0.0,1.8282,-1.3115,-1.02,2.4704,-0.0927,0,0,0,0.704,0.388,0.612,0,0,0.0,4,SEARCH_PHASE,1.8162,-1.2533,-52.7392,33.9644
519,13.526,-16.5786,16.4208,3.4841,1.8117,-1.2587,-1.0884,3.344,62.686,62.772,36.1244,-17.5185,0.2,0.0,0.0,0.0,1.8081,-1.3391,-0.972,2.451,-0.0686,0,0,0,0.704,0.393,0.607,0,0,0.0,4,SEARCH_PHASE,1.8117,-1.2587,-52.703,33.9393
520,13.555,-16.5425,16.3955,3.4632,1.8051,-1.2646,-1.0412,3.323,62.642,62.726,36.1244,-17.5185,0.2,0.0,0.0,0.0,1.8007,-1.3491,-0.924,2.4323,-0.0937,0,0,0,0.707,0.397,0.603,0,0,0.0,4,SEARCH_PHASE,1.8051,-1.2646,-52.6669,33.914
521,13.583,-16.5065,16.3701,3.4434,1.8003,-1.2686,-0.9937,3.303,62.598,62.681,36.1244,-17.5185,0.2,0.0,0.0,0.0,1.7961,-1.3552,-0.876,2.4145,-0.0717,0,0,0,0.71,0.395,0.605,0,0,0.0,4,SEARCH_PHASE,1.8003,-1.2686,-52.6309,33.8886
522,13.611,-16.4706,16.3446,3.4244,1.7928,-1.2732,-0.9464,3.284,62.554,62.637,36.1244,-17.5185,0.2,0.0,0.0,0.0,1.7877,-1.3663,-0.828,2.3975,-0.0999,0,0,0,0.712,0.399,0.601,0,0,0.0,4,SEARCH_PHASE,1.7928,-1.2732,-52.595,33.8631
523,13.64,-16.4349,16.3191,3.4065,1.7867,-1.2763,-0.8987,3.266,62.51,62.592,36.1244,-17.5185,0.2,0.0,0.0,0.0,1.758,-1.404,-0.78,2.3813,-0.0765,0,0,0,0.714,0.399,0.601,0,0,0.0,4,SEARCH_PHASE,1.7867,-1.2763,-52.5593,33.8376
524,13.669,-16.3993,16.2935,3.3895,1.7786,-1.2805,-0.851,3.249,62.466,62.547,36.1244,-17.5185,0.2,0.0,0.0,0.0,1.7566,-1.406,-0.732,2.3661,-0.1016,0,0,0,0.717,0.401,0.599,0,0,0.0,4,SEARCH_PHASE,1.7786,-1.2805,-52.5237,33.812
525,13.698,-16.3639,16.2678,3.3734,1.7725,-1.2838,-0.8033,3.233,62.422,62.503,36.1244,-17.5185,0.2,0.0,0.0,0.0,1.7566,-1.4061,-0.684,2.3517,-0.087,0,0,0,0.716,0.399,0.601,0,0,0.0,4,SEARCH_PHASE,1.7725,-1.2838,-52.4883,33.7863
526,13.727,-16.3286,16.2421,3.3583,1.7641,-1.2884,-0.7556,3.218,62.379,62.459,36.1244,-17.5185,0.2,0.0,0.0,0.0,1.7688,-1.3906,-0.636,2.3382,-0.1121,0,0,0,0.702,0.396,0.604,0,0,0.0,4,SEARCH_PHASE,1.7641,-1.2884,-52.453,33.7606
527,13.757,-16.2934,16.2162,3.3441,1.757,-1.293,-0.7081,3.204,62.335,62.414,36.1244,-17.5185,0.2,0.0,0.0,0.0,1.769,-1.3904,-0.588,2.3256,-0.089,0,0,0,0.705,0.398,0.602,0,0,0.0,4,SEARCH_PHASE,1.757,-1.293,-52.4179,33.7347
528,13.786,-16.2585,16.1902,3.3309,1.7468,-1.3,-0.661,3.191,62.292,62.37,36.1244,-17.5185,0.2,0.0,0.0,0.0,1.7467,-1.4183,-0.54,2.3139,-0.1049,0,0,0,0.708,0.406,0.594,0,0,0.0,4,SEARCH_PHASE,1.7468,-1.3,-52.3829,33.7087
529,13.815,-16.2238,16.1641,3.3186,1.7374,-1.3072,-0.6133,3.179,62.248,62.326,36.1244,-17.5185,0.2,0.0,0.0,0.0,1.7525,-1.4111,-0.492,2.3032,-0.0682,0,0,0,0.71,0.401,0.599,0,0,0.0,4,SEARCH_PHASE,1.7374,-1.3072,-52.3482,33.6826
530,13.844,-16.1892,16.1377,3.3073,1.729,-1.316,-0.5657,3.167,62.205,62.283,36.1244,-17.5185,0.2,0.0,0.0,0.0,1.726,-1.4434,-0.444,2.2934,-0.1098,0,0,0,0.713,0.409,0.591,0,0,0.0,4,SEARCH_PHASE,1.729,-1.316,-52.3136,33.6562
531,13.874,-16.1548,16.1113,3.297,1.7201,-1.3228,-0.5178,3.157,62.162,62.239,36.1244,-17.5185,0.2,0.0,0.0,0.0,1.7238,-1.4461,-0.396,2.2846,-0.0671,0,0,0,0.714,0.402,0.598,0,0,0.0,4,SEARCH_PHASE,1.7201,-1.3228,-52.2792,33.6298
532,13.904,-16.1205,16.0847,3.2876,1.7128,-1.3316,-0.4701,3.148,62.118,62.195,36.1244,-17.5185,0.2,0.0,0.0,0.0,1.6966,-1.4779,-0.348,2.2768,-0.1088,0,0,0,0.718,0.412,0.588,0,0,0.0,4,SEARCH_PHASE,1.7128,-1.3316,-52.2449,33.6032
533,13.934,-16.0864,16.0579,3.2791,1.7045,-1.3383,-0.4223,3.139,62.075,62.152,36.1244,-17.5185,0.2,0.0,0.0,0.0,1.6964,-1.478,-0.3,2.2699,-0.0863,0,0,0,0.718,0.405,0.595,0,0,0.0,4,SEARCH_PHASE,1.7045,-1.3383,-52.2108,33.5764
534,13.964,-16.0525,16.0309,3.2716,1.6973,-1.3469,-0.3745,3.132,62.032,62.108,36.1244,-17.5185,0.2,0.0,0.0,0.0,1.6644,-1.5138,-0.252,2.2639,-0.1241,0,0,0,0.721,0.413,0.587,0,0,0.0,4,SEARCH_PHASE,1.6973,-1.3469,-52.1769,33.5495
535,13.993,-16.0187,16.0038,3.2651,1.6883,-1.3554,-0.3263,3.125,61.989,62.065,36.1244,-17.5185,0.2,0.0,0.0,0.0,1.6834,-1.4929,-0.204,2.2592,-0.0783,0,0,0,0.721,0.409,0.591,0,0,0.0,4,SEARCH_PHASE,1.6883,-1.3554,-52.1431,33.5223
536,14.023,-15.9851,15.9765,3.2595,1.6797,-1.3672,-0.279,3.12,61.946,62.022,36.1244,-17.5185,0.2,0.0,0.0,0.0,1.6511,-1.5283,-0.156,2.2553,-0.1195,0,0,0,0.723,0.414,0.586,0,0,0.0,4,SEARCH_PHASE,1.6797,-1.3672,-52.1095,33.495
537,14.054,-15.9518,15.9489,3.2549,1.6691,-1.3782,-0.2312,3.115,61.903,61.978,36.1244,-17.5185,0.2,0.0,0.0,0.0,1.6182,-1.5633,-0.108,2.2525,-0.0813,0,0,0,0.725,0.417,0.583,0,0,0.0,4,SEARCH_PHASE,1.6691,-1.3782,-52.0762,33.4674
538,14.085,-15.9186,15.9211,3.2512,1.6585,-1.3922,-0.1833,3.111,61.86,61.935,36.1244,-17.5185,0.2,0.0,0.0,0.0,1.5844,-1.5974,-0.06,2.2507,-0.1201,0,0,0,0.728,0.423,0.577,0,0,0.0,4,SEARCH_PHASE,1.6585,-1.3922,-52.043,33.4396
539,14.115,-15.8856,15.893,3.2485,1.6477,-1.4055,-0.1349,3.109,61.817,61.892,36.1244,-17.5185,0.2,0.0,0.0,0.0,1.5498,-1.6306,-0.012,2.2496,-0.0742,0,0,0,0.728,0.42,0.58,0,0,0.0,4,SEARCH_PHASE,1.6477,-1.4055,-52.01,33.4115
540,14.146,-15.8529,15.8645,3.2468,1.6379,-1.4221,-0.0868,3.107,61.774,61.849,36.1244,-17.5185,0.2,0.0,0.0,0.0,1.5145,-1.6631,0.036,2.2497,-0.1153,0,0,0,0.73,0.426,0.574,0,0,0.0,4,SEARCH_PHASE,1.6379,-1.4221,-51.9773,33.383
541,14.177,-15.8203,15.8358,3.246,1.6266,-1.4373,-0.0384,3.106,61.731,61.807,36.1244,-17.5185,0.2,0.0,0.0,0.0,1.4773,-1.6935,0.084,2.2489,-0.0992,0,0,0,0.737,0.423,0.577,0,0,0.0,4,SEARCH_PHASE,1.6266,-1.4373,-51.9447,33.3543
542,14.207,-15.788,15.8067,3.2462,1.6158,-1.4552,0.0101,3.106,61.688,61.764,36.1244,-17.5185,0.2,0.0,0.0,0.0,1.439,-1.7225,0.132,2.2484,-0.1292,0,0,0,0.741,0.43,0.57,0,0,0.0,4,SEARCH_PHASE,1.6158,-1.4552,-51.9124,33.3252
543,14.238,-15.756,15.7772,3.2474,1.6024,-1.4746,0.0587,3.107,61.646,61.721,36.1244,-17.5185,0.2,0.0,0.0,0.0,1.401,-1.7517,0.18,2.2502,-0.0831,0,0,0,0.746,0.424,0.576,0,0,0.0,4,SEARCH_PHASE,1.6024,-1.4746,-51.8804,33.2957
544,14.268,-15.7242,15.7472,3.2495,1.5891,-1.4981,0.1069,3.11,61.603,61.678,36.1244,-17.5185,0.2,0.0,0.0,0.0,1.3612,-1.7787,0.228,2.2514,-0.1183,0,0,0,0.744,0.425,0.575,0,0,0.0,4,SEARCH_PHASE,1.5891,-1.4981,-51.8486,33.2657
545,14.298,-15.6927,15.7168,3.2526,1.5732,-1.5215,0.1555,3.113,61.56,61.635,36.1244,-17.5185,0.2,0.0,0.0,0.0,1.3212,-1.8051,0.276,2.2539,-0.0746,0,0,0,0.746,0.414,0.586,0,0,0.0,4,SEARCH_PHASE,1.5732,-1.5215,-51.8171,33.2353
546,14.328,-15.6616,15.6858,3.2567,1.5549,-1.5483,0.2038,3.117,61.517,61.593,36.1244,-17.5185,0.2,0.0,0.0,0.0,1.2796,-1.8291,0.324,2.2557,-0.1141,0,0,0,0.747,0.418,0.582,0,0,0.0,4,SEARCH_PHASE,1.5549,-1.5483,-51.786,33.2043
547,14.358,-15.631,15.6544,3.2618,1.5324,-1.574,0.2523,3.122,61.474,61.55,36.1244,-17.5185,0.2,0.0,0.0,0.0,1.2372,-1.8516,0.372,2.2578,-0.0685,0,0,0,0.746,0.413,0.587,0,0,0.0,4,SEARCH_PHASE,1.5324,-1.574,-51.7554,33.1729
548,14.388,-15.6008,15.6223,3.2678,1.5081,-1.603,0.3004,3.128,61.431,61.508,36.1244,-17.5185,0.2,0.0,0.0,0.0,1.1932,-1.8708,0.42,2.2583,-0.1069,0,0,0,0.751,0.419,0.581,0,0,0.0,4,SEARCH_PHASE,1.5081,-1.603,-51.7252,33.1408
549,14.418,-15.5712,15.5897,3.2747,1.4793,-1.6305,0.3485,3.135,61.389,61.466,36.1244,-17.5185,0.2,0.0,0.0,0.0,1.1487,-1.8889,0.468,2.2598,-0.0619,0,0,0,0.751,0.414,0.586,0,0,0.0,4,SEARCH_PHASE,1.4793,-1.6305,-51.6956,33.1082
550,14.448,-15.5423,15.5565,3.2827,1.4482,-1.6607,0.3962,3.143,61.347,61.424,36.1244,-17.5185,0.2,0.0,0.0,0.0,1.1031,-1.9039,0.516,2.2601,-0.099,0,0,0,0.76,0.419,0.581,0,0,0.0,4,SEARCH_PHASE,1.4482,-1.6607,-51.6667,33.075
551,14.478,-15.514,15.5227,3.2915,1.4124,-1.689,0.4435,3.152,61.305,61.382,36.1244,-17.5185,0.2,0.0,0.0,0.0,1.056,-1.9128,0.564,2.2565,-0.0649,0,0,0,0.762,0.424,0.576,0,0,0.0,4,SEARCH_PHASE,1.4124,-1.689,-51.6384,33.0412
552,14.509,-15.4865,15.4883,3.3013,1.374,-1.7196,0.4904,3.161,61.263,61.341,36.1244,-17.5185,0.2,0.0,0.0,0.0,1.0089,-1.922,0.612,2.2553,-0.0941,0,0,0,0.763,0.423,0.577,0,0,0.0,4,SEARCH_PHASE,1.374,-1.7196,-51.611,33.0068
553,14.54,-15.4599,15.4533,3.3121,1.3332,-1.7488,0.5366,3.172,61.222,61.301,36.1244,-17.5185,0.2,0.0,0.0,0.0,0.9612,-1.9273,0.66,2.2525,-0.0688,0,0,0,0.764,0.419,0.581,0,0,0.0,4,SEARCH_PHASE,1.3332,-1.7488,-51.5843,32.9718
554,14.571,-15.4341,15.4177,3.3237,1.2894,-1.7802,0.5829,3.184,61.181,61.26,36.1244,-17.5185,0.2,0.0,0.0,0.0,0.9132,-1.9295,0.708,2.249,-0.0554,0,0,0,0.758,0.428,0.572,0,0,0.0,4,SEARCH_PHASE,1.2894,-1.7802,-51.5585,32.9362
555,14.601,-15.4092,15.3815,3.3363,1.245,-1.8108,0.6295,3.196,61.14,61.221,36.1244,-17.5185,0.2,0.0,0.0,0.0,0.8652,-1.9297,0.756,2.2459,-0.0733,0,0,0,0.76,0.424,0.576,0,0,0.0,4,SEARCH_PHASE,1.245,-1.8108,-51.5336,32.9
556,14.632,-15.3853,15.3447,3.3498,1.1969,-1.8395,0.6757,3.21,61.1,61.181,36.1244,-17.5185,0.2,0.0,0.0,0.0,0.8172,-1.931,0.804,2.2457,-0.0319,0,0,0,0.76,0.415,0.585,0,0,0.0,4,SEARCH_PHASE,1.1969,-1.8395,-51.5097,32.8632
557,14.663,-15.3623,15.3074,3.3643,1.1482,-1.8674,0.7224,3.224,61.061,61.143,36.1244,-17.5185,0.2,0.0,0.0,0.0,0.7692,-1.9311,0.852,2.2465,-0.0827,0,0,0,0.762,0.417,0.583,0,0,0.0,4,SEARCH_PHASE,1.1482,-1.8674,-51.4867,32.8259
558,14.693,-15.3404,15.2696,3.3797,1.0969,-1.8904,0.7687,3.24,61.022,61.105,36.1244,-17.5185,0.2,0.0,0.0,0.0,0.7213,-1.9335,0.9,2.2514,-0.0412,0,0,0,0.771,0.412,0.588,0,0,0.0,4,SEARCH_PHASE,1.0969,-1.8904,-51.4648,32.7881
559,14.725,-15.3194,15.2313,3.396,1.0455,-1.913,0.8151,3.256,60.984,61.067,36.1244,-17.5185,0.2,0.0,0.0,0.0,0.6733,-1.9341,0.948,2.2567,-0.0868,0,0,0,0.773,0.421,0.579,0,0,0.0,4,SEARCH_PHASE,1.0455,-1.913,-51.4439,32.7498
560,14.755,-15.2996,15.1927,3.4132,0.9914,-1.9312,0.8621,3.273,60.946,61.031,36.1244,-17.5185,0.2,0.0,0.0,0.0,0.6255,-1.939,0.996,2.2678,-0.0504,0,0,0,0.762,0.411,0.589,0,0,0.0,4,SEARCH_PHASE,0.9914,-1.9312,-51.424,32.7112
561,14.786,-15.2809,15.1537,3.4314,0.9372,-1.9494,0.9093,3.291,60.91,60.995,36.1244,-17.5185,0.2,0.0,0.0,0.0,0.5779,-1.9446,1.044,2.2815,-0.0842,0,0,0,0.763,0.403,0.597,0,0,0.0,4,SEARCH_PHASE,0.9372,-1.9494,-51.4053,32.6722
562,14.817,-15.2633,15.1144,3.4505,0.8808,-1.9628,0.956,3.311,60.874,60.96,36.1244,-17.5185,0.2,0.0,0.0,0.0,0.5301,-1.9495,1.092,2.2965,-0.0586,0,0,0,0.77,0.409,0.591,0,0,0.0,4,SEARCH_PHASE,0.8808,-1.9628,-51.3877,32.6329
563,14.848,-15.2468,15.0749,3.4706,0.8242,-1.976,1.003,3.331,60.839,60.926,36.1244,-17.5185,0.2,0.0,0.0,0.0,0.4824,-1.9547,1.14,2.3137,-0.0819,0,0,0,0.77,0.409,0.591,0,0,0.0,4,SEARCH_PHASE,0.8242,-1.976,-51.3712,32.5934
564,14.879,-15.2314,15.0352,3.4916,0.7684,-1.9854,1.0504,3.352,60.804,60.893,36.1244,-17.5185,0.2,0.0,0.0,0.0,0.4346,-1.9586,1.188,2.3316,-0.0657,0,0,0,0.772,0.406,0.594,0,0,0.0,4,SEARCH_PHASE,0.7684,-1.9854,-51.3558,32.5537
565,14.91,-15.2172,14.9953,3.5135,0.711,-1.994,1.0975,3.374,60.771,60.861,36.1244,-17.5185,0.2,0.0,0.0,0.0,0.3873,-1.9669,1.236,2.3551,-0.0845,0,0,0,0.769,0.402,0.598,0,0,0.0,4,SEARCH_PHASE,0.711,-1.994,-51.3416,32.5138
566,14.941,-15.2041,14.9553,3.5364,0.6561,-1.9996,1.1451,3.396,60.738,60.83,36.1244,-17.5185,0.2,0.0,0.0,0.0,0.3404,-1.9772,1.284,2.382,-0.0682,0,0,0,0.774,0.395,0.605,0,0,0.0,4,SEARCH_PHASE,0.6561,-1.9996,-51.3285,32.4738
567,14.973,-15.1921,14.9152,3.5603,0.5991,-2.0046,1.1922,3.42,60.707,60.8,36.1244,-17.5185,0.2,0.0,0.0,0.0,0.2975,-1.9986,1.332,2.4202,-0.0885,0,0,0,0.77,0.392,0.608,0,0,0.0,4,SEARCH_PHASE,0.5991,-2.0046,-51.3165,32.4337
568,15.004,-15.1812,14.8751,3.5851,0.5441,-2.0068,1.2395,3.445,60.676,60.771,36.1244,-17.5185,0.2,0.0,0.0,0.0,0.2528,-2.0162,1.38,2.4563,-0.0723,0,0,0,0.766,0.385,0.615,0,0,0.0,4,SEARCH_PHASE,0.5441,-2.0068,-51.3056,32.3936
569,15.035,-15.1715,14.8349,3.6108,0.4871,-2.0087,1.2862,3.471,60.647,60.742,36.1244,-17.5185,0.2,0.0,0.0,0.0,0.2084,-2.0345,1.428,2.4943,-0.0983,0,0,0,0.766,0.391,0.609,0,0,0.0,4,SEARCH_PHASE,0.4871,-2.0087,-51.2959,32.3534
570,15.066,-15.1628,14.7948,3.6375,0.4321,-2.008,1.3335,3.497,60.618,60.715,36.1244,-17.5185,0.2,0.0,0.0,0.0,0.1614,-2.0444,1.476,2.5267,-0.0876,0,0,0,0.76,0.392,0.608,0,0,0.0,4,SEARCH_PHASE,0.4321,-2.008,-51.2872,32.3133
571,15.097,-15.1553,14.7546,3.6651,0.378,-2.0081,1.3804,3.525,60.59,60.689,36.1244,-17.5185,0.2,0.0,0.0,0.0,0.1147,-2.0553,1.524,2.5612,-0.1103,0,0,0,0.76,0.391,0.609,0,0,0.0,4,SEARCH_PHASE,0.378,-2.0081,-51.2797,32.2731
572,15.127,-15.1487,14.7145,3.6937,0.3284,-2.007,1.4289,3.554,60.563,60.664,36.1244,-17.5185,0.2,0.0,0.0,0.0,0.0693,-2.0708,1.572,2.6008,-0.0835,0,0,0,0.762,0.387,0.613,0,0,0.0,4,SEARCH_PHASE,0.3284,-2.007,-51.2731,32.233
573,15.157,-15.1431,14.6743,3.7232,0.2792,-2.0074,1.4772,3.583,60.537,60.639,36.1244,-17.5185,0.2,0.0,0.0,0.0,0.034,-2.1034,1.62,2.6551,-0.0971,0,0,0,0.761,0.385,0.615,0,0,0.0,4,SEARCH_PHASE,0.2792,-2.0074,-51.2675,32.1928
574,15.186,-15.1384,14.6342,3.7537,0.2333,-2.0063,1.5253,3.614,60.512,60.616,36.1244,-17.5185,0.2,0.0,0.0,0.0,-0.0073,-2.1279,1.668,2.7037,-0.0701,0,0,0,0.76,0.381,0.619,0,0,0.0,4,SEARCH_PHASE,0.2333,-2.0063,-51.2628,32.1527
575,15.217,-15.1347,14.5941,3.7852,0.186,-2.0065,1.5727,3.645,60.487,60.593,36.1244,-17.5185,0.2,0.0,0.0,0.0,0.0345,-2.1515,1.7,2.7423,-0.0935,0,0,0,0.767,0.375,0.625,0,0,0.0,4,SEARCH_PHASE,0.186,-2.0065,-51.2591,32.1126
576,15.246,-15.1319,14.554,3.8174,0.143,-2.0052,1.613,3.677,60.464,60.572,36.1244,-17.5185,0.2,0.0,0.0,0.0,0.0746,-2.1778,1.7,2.7638,-0.124,0,0,0,0.766,0.383,0.617,0,0,0.0,4,SEARCH_PHASE,0.143,-2.0052,-51.2563,32.0725
577,15.276,-15.1298,14.5139,3.8502,0.1016,-2.0046,1.6369,3.71,60.441,60.551,36.1244,-17.5185,0.2,0.0,0.0,0.0,0.0413,-2.2124,1.7,2.7904,-0.1047,0,0,0,0.764,0.375,0.625,0,0,0.0,4,SEARCH_PHASE,0.1016,-2.0046,-51.2542,32.0324
578,15.306,-15.1286,14.4737,3.8832,0.063,-2.0071,1.653,3.743,60.418,60.53,36.1244,-17.5185,0.2,0.0,0.0,0.0,0.0839,-2.2346,1.7,2.809,-0.1201,0,0,0,0.763,0.375,0.625,0,0,0.0,4,SEARCH_PHASE,0.063,-2.0071,-51.253,31.9922
579,15.336,-15.128,14.4335,3.9165,0.0301,-2.0107,1.6627,3.776,60.396,60.511,36.1244,-17.5185,0.2,0.0,0.0,0.0,0.0497,-2.2495,1.7,2.82,-0.1011,0,0,0,0.761,0.371,0.629,0,0,0.0,4,SEARCH_PHASE,0.0301,-2.0107,-51.2524,31.952
580,15.365,-15.128,14.3932,3.9499,-0.0014,-2.0174,1.6696,3.81,60.375,60.492,36.1244,-17.5185,0.2,0.0,0.0,0.0,0.0838,-2.2484,1.7,2.82,-0.1295,0,0,0,0.751,0.377,0.623,0,0,0.0,4,SEARCH_PHASE,-0.0014,-2.0174,-51.2524,31.9117
581,15.395,-15.1286,14.3527,3.9833,-0.0287,-2.0256,1.6742,3.843,60.354,60.473,36.1244,-17.5185,0.2,0.0,0.0,0.0,0.0387,-2.2497,1.7,2.82,-0.0951,0,0,0,0.751,0.38,0.62,0,0,0.0,4,SEARCH_PHASE,-0.0287,-2.0256,-51.253,31.8712
582,15.424,-15.1296,14.3119,4.0169,-0.0513,-2.0381,1.678,3.877,60.334,60.454,36.1244,-17.5185,0.2,0.0,0.0,0.0,-0.0093,-2.2482,1.7,2.8186,-0.0898,0,0,0,0.751,0.391,0.609,0,0,0.0,4,SEARCH_PHASE,-0.0513,-2.0381,-51.254,31.8304
583,15.454,-15.131,14.2708,4.0505,-0.07,-2.0521,1.6812,3.911,60.313,60.436,36.1244,-17.5185,0.2,0.0,0.0,0.0,-0.0573,-2.248,1.7,2.819,-0.0908,0,0,0,0.749,0.388,0.612,0,0,0.0,4,SEARCH_PHASE,-0.07,-2.0521,-51.2554,31.7894
584,15.483,-15.1327,14.2295,4.0842,-0.0853,-2.0673,1.6837,3.944,60.293,60.418,36.1244,-17.5185,0.2,0.0,0.0,0.0,-0.1053,-2.2473,1.7,2.8198,-0.0839,0,0,0,0.753,0.387,0.613,0,0,0.0,4,SEARCH_PHASE,-0.0853,-2.0673,-51.2571,31.748
585,15.513,-15.1347,14.1878,4.1179,-0.098,-2.0838,1.6855,3.978,60.273,60.4,36.1244,-17.5185,0.2,0.0,0.0,0.0,-0.0573,-2.2449,1.7,2.8165,-0.0849,0,0,0,0.744,0.381,0.619,0,0,0.0,4,SEARCH_PHASE,-0.098,-2.0838,-51.2591,31.7063
586,15.543,-15.1368,14.1458,4.1516,-0.1089,-2.1005,1.6861,4.012,60.252,60.382,36.1244,-17.5185,0.2,0.0,0.0,0.0,-0.0093,-2.2444,1.7,2.8155,-0.0674,0,0,0,0.745,0.381,0.619,0,0,0.0,4,SEARCH_PHASE,-0.1089,-2.1005,-51.2612,31.6643
587,15.573,-15.1392,14.1035,4.1854,-0.1204,-2.1177,1.6858,4.045,60.232,60.364,36.1244,-17.5185,0.2,0.0,0.0,0.0,0.0387,-2.2454,1.7,2.8166,-0.1057,0,0,0,0.75,0.384,0.616,0,0,0.0,4,SEARCH_PHASE,-0.1204,-2.1177,-51.2637,31.622
588,15.603,-15.1418,14.0608,4.2191,-0.1295,-2.1336,1.6856,4.079,60.212,60.346,36.1244,-17.5185,0.2,0.0,0.0,0.0,0.0866,-2.2427,1.7,2.8155,-0.0718,0,0,0,0.748,0.375,0.625,0,0,0.0,4,SEARCH_PHASE,-0.1295,-2.1336,-51.2662,31.5793
589,15.633,-15.1445,14.0178,4.2528,-0.1346,-2.1513,1.6855,4.113,60.192,60.328,36.1244,-17.5185,0.2,0.0,0.0,0.0,0.0387,-2.2458,1.7,2.817,-0.0764,0,0,0,0.748,0.39,0.61,0,0,0.0,4,SEARCH_PHASE,-0.1346,-2.1513,-51.2689,31.5363
590,15.663,-15.1473,13.9744,4.2865,-0.1364,-2.1679,1.6863,4.147,60.171,60.31,36.1244,-17.5185,0.2,0.0,0.0,0.0,0.0867,-2.2451,1.7,2.8175,-0.0965,0,0,0,0.739,0.384,0.616,0,0,0.0,4,SEARCH_PHASE,-0.1364,-2.1679,-51.2717,31.4929
591,15.692,-15.1499,13.9307,4.3202,-0.1324,-2.1832,1.687,4.18,60.151,60.292,36.1244,-17.5185,0.2,0.0,0.0,0.0,0.1346,-2.2428,1.7,2.8175,-0.064,0,0,0,0.74,0.391,0.609,0,0,0.0,4,SEARCH_PHASE,-0.1324,-2.1832,-51.2743,31.4492
592,15.721,-15.1524,13.8868,4.354,-0.1255,-2.1991,1.6877,4.214,60.13,60.273,36.1244,-17.5185,0.2,0.0,0.0,0.0,0.1824,-2.2386,1.7,2.8168,-0.0735,0,0,0,0.736,0.387,0.613,0,0,0.0,4,SEARCH_PHASE,-0.1255,-2.1991,-51.2768,31.4053
593,15.751,-15.1547,13.8425,4.3878,-0.1146,-2.2134,1.689,4.248,60.109,60.254,36.1244,-17.5185,0.2,0.0,0.0,0.0,0.2302,-2.2342,1.7,2.8169,-0.0581,0,0,0,0.733,0.383,0.617,0,0,0.0,4,SEARCH_PHASE,-0.1146,-2.2134,-51.2791,31.361
594,15.781,-15.1567,13.798,4.4216,-0.1009,-2.2267,1.691,4.282,60.087,60.235,36.1244,-17.5185,0.2,0.0,0.0,0.0,0.2778,-2.2278,1.7,2.8161,-0.076,0,0,0,0.732,0.381,0.619,0,0,0.0,4,SEARCH_PHASE,-0.1009,-2.2267,-51.2811,31.3165
595,15.811,-15.1584,13.7532,4.4554,-0.0813,-2.2371,1.6923,4.315,60.065,60.216,36.1244,-17.5185,0.2,0.0,0.0,0.0,0.3253,-2.221,1.7,2.8158,-0.0577,0,0,0,0.732,0.388,0.612,0,0,0.0,4,SEARCH_PHASE,-0.0813,-2.2371,-51.2828,31.2717
596,15.842,-15.1595,13.7083,4.4893,-0.0585,-2.2464,1.6945,4.349,60.043,60.196,36.1244,-17.5185,0.2,0.0,0.0,0.0,0.3726,-2.2125,1.7,2.815,-0.0841,0,0,0,0.732,0.385,0.615,0,0,0.0,4,SEARCH_PHASE,-0.0585,-2.2464,-51.2839,31.2268
597,15.872,-15.1601,13.6632,4.5233,-0.0294,-2.2526,1.6968,4.383,60.02,60.176,36.1244,-17.5185,0.2,0.0,0.0,0.0,0.4199,-2.2045,1.7,2.8153,-0.0577,0,0,0,0.732,0.393,0.607,0,0,0.0,4,SEARCH_PHASE,-0.0294,-2.2526,-51.2845,31.1817
598,15.904,-15.1601,13.6181,4.5573,0.0027,-2.2576,1.6994,4.417,59.997,60.155,36.1244,-17.5185,0.2,0.0,0.0,0.0,0.4666,-2.1935,1.7,2.8141,-0.0893,0,0,0,0.731,0.392,0.608,0,0,0.0,4,SEARCH_PHASE,0.0027,-2.2576,-51.2845,31.1366
599,15.935,-15.1592,13.5729,4.5913,0.0407,-2.2595,1.7009,4.451,59.972,60.133,36.1244,-17.5185,0.2,0.0,0.0,0.0,0.5119,-2.1775,1.652,2.7808,-0.061,0,0,0,0.729,0.395,0.605,0,0,0.0,4,SEARCH_PHASE,0.0407,-2.2595,-51.2836,31.0914
600,15.966,-15.1577,13.5277,4.625,0.0777,-2.2596,1.6856,4.485,59.948,60.111,36.1244,-17.5185,0.2,0.0,0.0,0.0,0.5567,-2.1603,1.604,2.7477,-0.0932,0,0,0,0.729,0.394,0.606,0,0,0.0,4,SEARCH_PHASE,0.0777,-2.2596,-51.2821,31.0462
601,15.997,-15.1553,13.4826,4.6582,0.1172,-2.2567,1.6584,4.518,59.922,60.088,36.1244,-17.5185,0.2,0.0,0.0,0.0,0.6014,-2.1428,1.556,2.7156,-0.0655,0,0,0,0.727,0.396,0.604,0,0,0.0,4,SEARCH_PHASE,0.1172,-2.2567,-51.2798,31.0011
602,16.028,-15.1522,13.4375,4.6906,0.1567,-2.2528,1.624,4.551,59.896,60.064,36.1244,-17.5185,0.2,0.0,0.0,0.0,0.6453,-2.1234,1.508,2.6832,-0.0574,0,0,0,0.724,0.383,0.617,0,0,0.0,4,SEARCH_PHASE,0.1567,-2.2528,-51.2766,30.956
603,16.059,-15.1482,13.3926,4.7223,0.1993,-2.2466,1.5856,4.582,59.87,60.04,36.1244,-17.5185,0.2,0.0,0.0,0.0,0.6894,-2.1045,1.46,2.6525,-0.0788,0,0,0,0.727,0.385,0.615,0,0,0.0,4,SEARCH_PHASE,0.1993,-2.2466,-51.2726,30.9111
604,16.09,-15.1433,13.3478,4.7532,0.2443,-2.2382,1.5443,4.613,59.842,60.015,36.1244,-17.5185,0.2,0.0,0.0,0.0,0.7334,-2.0852,1.412,2.6229,-0.0326,0,0,0,0.724,0.395,0.605,0,0,0.0,4,SEARCH_PHASE,0.2443,-2.2382,-51.2677,30.8663
605,16.121,-15.1375,13.3032,4.7832,0.2934,-2.2285,1.5001,4.643,59.814,59.99,36.1244,-17.5185,0.2,0.0,0.0,0.0,0.7762,-2.0637,1.364,2.5926,-0.0679,0,0,0,0.721,0.393,0.607,0,0,0.0,4,SEARCH_PHASE,0.2934,-2.2285,-51.2619,30.8217
606,16.152,-15.1306,13.2589,4.8123,0.3452,-2.2153,1.454,4.672,59.786,59.963,36.1244,-17.5185,0.2,0.0,0.0,0.0,0.8186,-2.0411,1.316,2.5628,-0.0269,0,0,0,0.725,0.389,0.611,0,0,0.0,4,SEARCH_PHASE,0.3452,-2.2153,-51.255,30.7774
607,16.184,-15.1226,13.2149,4.8404,0.3993,-2.2004,1.4065,4.7,59.756,59.936,36.1244,-17.5185,0.2,0.0,0.0,0.0,0.8601,-2.017,1.268,2.533,-0.0651,0,0,0,0.726,0.386,0.614,0,0,0.0,4,SEARCH_PHASE,0.3993,-2.2004,-51.247,30.7334
608,16.214,-15.1135,13.1713,4.8676,0.4544,-2.1818,1.3581,4.728,59.726,59.908,36.1244,-17.5185,0.2,0.0,0.0,0.0,0.9011,-1.992,1.22,2.5037,-0.0453,0,0,0,0.717,0.378,0.622,0,0,0.0,4,SEARCH_PHASE,0.4544,-2.1818,-51.2379,30.6898
609,16.244,-15.1033,13.1281,4.8938,0.5116,-2.1617,1.3086,4.754,59.695,59.879,36.1244,-17.5185,0.2,0.0,0.0,0.0,0.9416,-1.9663,1.172,2.4752,-0.0839,0,0,0,0.714,0.374,0.626,0,0,0.0,4,SEARCH_PHASE,0.5116,-2.1617,-51.2277,30.6466
610,16.274,-15.0919,13.0853,4.9189,0.5693,-2.1397,1.2586,4.779,59.663,59.85,36.1244,-17.5185,0.2,0.0,0.0,0.0,0.9819,-1.9402,1.124,2.4478,-0.0359,0,0,0,0.719,0.371,0.629,0,0,0.0,4,SEARCH_PHASE,0.5693,-2.1397,-51.2163,30.6038
611,16.305,-15.0793,13.0429,4.9431,0.6287,-2.1179,1.2078,4.803,59.631,59.819,36.1244,-17.5185,0.2,0.0,0.0,0.0,1.0221,-1.914,1.076,2.4219,-0.0717,0,0,0,0.719,0.369,0.631,0,0,0.0,4,SEARCH_PHASE,0.6287,-2.1179,-51.2037,30.5614
612,16.336,-15.0655,13.001,4.9662,0.6885,-2.094,1.1569,4.826,59.597,59.788,36.1244,-17.5185,0.2,0.0,0.0,0.0,1.0621,-1.8874,1.028,2.3973,-0.0241,0,0,0,0.72,0.372,0.628,0,0,0.0,4,SEARCH_PHASE,0.6885,-2.094,-51.1899,30.5195
613,16.367,-15.0506,12.9596,4.9884,0.7479,-2.0697,1.1059,4.848,59.563,59.756,36.1244,-17.5185,0.2,0.0,0.0,0.0,1.102,-1.8607,0.98,2.3742,-0.0592,0,0,0,0.729,0.369,0.631,0,0,0.0,4,SEARCH_PHASE,0.7479,-2.0697,-51.175,30.4781
614,16.398,-15.0345,12.9188,5.0095,0.8056,-2.0425,1.055,4.869,59.529,59.723,36.1244,-17.5185,0.2,0.0,0.0,0.0,1.1416,-1.8336,0.932,2.3525,-0.0464,0,0,0,0.72,0.374,0.626,0,0,0.0,4,SEARCH_PHASE,0.8056,-2.0425,-51.1589,30.4373
615,16.43,-15.0172,12.8785,5.0295,0.8629,-2.0147,1.0045,4.89,59.493,59.689,36.1244,-17.5185,0.2,0.0,0.0,0.0,1.181,-1.8062,0.884,2.332,-0.0701,0,0,0,0.721,0.375,0.625,0,0,0.0,4,SEARCH_PHASE,0.8629,-2.0147,-51.1416,30.397
616,16.461,-14.9988,12.8388,5.0486,0.9181,-1.9856,0.9547,4.909,59.457,59.655,36.1244,-17.5185,0.2,0.0,0.0,0.0,1.2198,-1.7779,0.836,2.3125,-0.0438,0,0,0,0.722,0.371,0.629,0,0,0.0,4,SEARCH_PHASE,0.9181,-1.9856,-51.1232,30.3573
617,16.493,-14.9794,12.7996,5.0668,0.9728,-1.9569,0.9057,4.927,59.42,59.619,36.1244,-17.5185,0.2,0.0,0.0,0.0,1.2577,-1.7485,0.788,2.2935,-0.0624,0,0,0,0.724,0.366,0.634,0,0,0.0,4,SEARCH_PHASE,0.9728,-1.9569,-51.1038,30.3181
618,16.524,-14.9589,12.7611,5.0839,1.0254,-1.9266,0.8569,4.944,59.383,59.584,36.1244,-17.5185,0.2,0.0,0.0,0.0,1.2956,-1.719,0.74,2.2762,-0.0521,0,0,0,0.722,0.367,0.633,0,0,0.0,4,SEARCH_PHASE,1.0254,-1.9266,-51.0833,30.2796
619,16.555,-14.9373,12.7232,5.1,1.0773,-1.8971,0.8078,4.96,59.345,59.547,36.1244,-17.5185,0.2,0.0,0.0,0.0,1.3337,-1.6899,0.692,2.2613,-0.0508,0,0,0,0.722,0.36,0.64,0,0,0.0,4,SEARCH_PHASE,1.0773,-1.8971,-51.0617,30.2417
620,16.585,-14.9148,12.6858,5.1152,1.1273,-1.8665,0.7594,4.975,59.307,59.51,36.1244,-17.5185,0.2,0.0,0.0,0.0,1.3717,-1.6605,0.644,2.248,-0.0674,0,0,0,0.734,0.356,0.644,0,0,0.0,4,SEARCH_PHASE,1.1273,-1.8665,-51.0392,30.2043
621,16.616,-14.8913,12.6491,5.1295,1.1752,-1.8358,0.7112,4.989,59.268,59.473,36.1244,-17.5185,0.2,0.0,0.0,0.0,1.4095,-1.6309,0.596,2.2365,-0.0282,0,0,0,0.722,0.35,0.65,0,0,0.0,4,SEARCH_PHASE,1.1752,-1.8358,-51.0157,30.1676
622,16.647,-14.8668,12.613,5.1427,1.2221,-1.8054,0.6631,5.003,59.229,59.434,36.1244,-17.5185,0.2,0.0,0.0,0.0,1.4469,-1.6009,0.548,2.2264,-0.0631,0,0,0,0.72,0.356,0.644,0,0,0.0,4,SEARCH_PHASE,1.2221,-1.8054,-50.9912,30.1315
623,16.678,-14.8415,12.5776,5.155,1.2667,-1.773,0.6149,5.015,59.189,59.396,36.1244,-17.5185,0.2,0.0,0.0,0.0,1.4843,-1.5707,0.5,2.2182,-0.0572,0,0,0,0.719,0.343,0.657,0,0,0.0,4,SEARCH_PHASE,1.2667,-1.773,-50.9659,30.0961
624,16.709,-14.8153,12.5427,5.1664,1.3103,-1.7406,0.5671,5.026,59.148,59.357,36.1244,-17.5185,0.2,0.0,0.0,0.0,1.5213,-1.5402,0.452,2.2116,-0.0564,0,0,0,0.726,0.337,0.663,0,0,0.0,4,SEARCH_PHASE,1.3103,-1.7406,-50.9397,30.0612
625,16.739,-14.7883,12.5086,5.1768,1.3514,-1.7077,0.5205,5.037,59.108,59.317,36.1244,-17.5185,0.2,0.0,0.0,0.0,1.5585,-1.5098,0.404,2.2072,-0.086,0,0,0,0.734,0.349,0.651,0,0,0.0,4,SEARCH_PHASE,1.3514,-1.7077,-50.9127,30.0271
626,16.77,-14.7604,12.4751,5.1862,1.3915,-1.6747,0.4738,5.046,59.067,59.277,36.1244,-17.5185,0.2,0.0,0.0,0.0,1.596,-1.4798,0.356,2.2054,-0.0593,0,0,0,0.734,0.342,0.658,0,0,0.0,4,SEARCH_PHASE,1.3915,-1.6747,-50.8848,29.9936
627,16.801,-14.7319,12.4422,5.1948,1.4281,-1.6429,0.4273,5.055,59.025,59.236,36.1244,-17.5185,0.2,0.0,0.0,0.0,1.6336,-1.45,0.308,2.2059,-0.0787,0,0,0,0.732,0.342,0.658,0,0,0.0,4,SEARCH_PHASE,1.4281,-1.6429,-50.8563,29.9607
628,16.832,-14.7026,12.41,5.2024,1.4635,-1.6111,0.3809,5.062,58.984,59.196,36.1244,-17.5185,0.2,0.0,0.0,0.0,1.6716,-1.4207,0.26,2.2091,-0.0384,0,0,0,0.731,0.349,0.651,0,0,0.0,4,SEARCH_PHASE,1.4635,-1.6111,-50.827,29.9285
629,16.863,-14.6727,12.3784,5.2091,1.4977,-1.5798,0.3345,5.069,58.942,59.155,36.1244,-17.5185,0.2,0.0,0.0,0.0,1.7093,-1.3909,0.212,2.2139,-0.0774,0,0,0,0.729,0.342,0.658,0,0,0.0,4,SEARCH_PHASE,1.4977,-1.5798,-50.7971,29.8969
630,16.893,-14.6421,12.3475,5.2149,1.5293,-1.5469,0.2877,5.075,58.9,59.113,36.1244,-17.5185,0.2,0.0,0.0,0.0,1.7465,-1.3607,0.164,2.2201,-0.0544,0,0,0,0.732,0.341,0.659,0,0,0.0,4,SEARCH_PHASE,1.5293,-1.5469,-50.7665,29.866
631,16.923,-14.6109,12.3172,5.2197,1.5598,-1.5143,0.2415,5.08,58.858,59.071,36.1244,-17.5185,0.2,0.0,0.0,0.0,1.7858,-1.333,0.116,2.2315,-0.0853,0,0,0,0.744,0.332,0.668,0,0,0.0,4,SEARCH_PHASE,1.5598,-1.5143,-50.7353,29.8357
632,16.954,-14.5791,12.2876,5.2236,1.5907,-1.4808,0.1946,5.024,58.815,59.029,36.1244,-17.5185,0.2,0.0,0.0,0.0,1.8237,-1.3036,0.068,2.2427,-0.0611,0,0,0,0.747,0.334,0.666,0,0,0.0,4,SEARCH_PHASE,1.5907,-1.4808,-50.7035,29.8061
633,16.984,-14.5467,12.2586,5.2265,1.6198,-1.4478,0.1479,5.027,58.773,58.987,36.1244,-17.5185,0.2,0.0,0.0,0.0,1.8329,-1.3051,0.02,2.2501,-0.0984,0,0,0,0.749,0.337,0.663,0,0,0.0,4,SEARCH_PHASE,1.6198,-1.4478,-50.6711,29.7771
634,17.014,-14.5137,12.2303,5.2285,1.6486,-1.4144,0.0991,5.029,58.73,58.945,36.1244,-17.5185,0.2,0.0,0.0,0.0,1.8314,-1.307,-0.028,2.2502,-0.0886,0,0,0,0.749,0.335,0.665,0,0,0.0,4,SEARCH_PHASE,1.6486,-1.4144,-50.6381,29.7488
635,17.044,-14.4801,12.2027,5.2295,1.6776,-1.3823,0.0489,5.03,58.687,58.902,36.1244,-17.5185,0.2,0.0,0.0,0.0,1.8303,-1.3086,-0.076,2.2513,-0.1115,0,0,0,0.749,0.328,0.672,0,0,0.0,4,SEARCH_PHASE,1.6776,-1.3823,-50.6045,29.7212
636,17.074,-14.446,12.1757,5.2295,1.7052,-1.3512,-0.0021,5.029,58.644,58.859,36.1244,-17.5185,0.2,0.0,0.0,0.0,1.8304,-1.3085,-0.124,2.2534,-0.0949,0,0,0,0.743,0.325,0.675,0,0,0.0,4,SEARCH_PHASE,1.7052,-1.3512,-50.5704,29.6942
637,17.104,-14.4114,12.1492,5.2284,1.733,-1.3229,-0.052,5.028,58.601,58.816,36.1244,-17.5185,0.2,0.0,0.0,0.0,1.8319,-1.3064,-0.172,2.2566,-0.1282,0,0,0,0.744,0.321,0.679,0,0,0.0,4,SEARCH_PHASE,1.733,-1.3229,-50.5358,29.6677
638,17.133,-14.3762,12.1233,5.2264,1.7593,-1.2966,-0.1012,5.026,58.557,58.773,36.1244,-17.5185,0.2,0.0,0.0,0.0,1.8384,-1.2972,-0.22,2.2607,-0.0833,0,0,0,0.752,0.331,0.669,0,0,0.0,4,SEARCH_PHASE,1.7593,-1.2966,-50.5006,29.6418
639,17.162,-14.3405,12.0978,5.2234,1.7845,-1.2743,-0.1495,5.023,58.514,58.729,36.1244,-17.5185,0.2,0.0,0.0,0.0,1.8384,-1.2972,-0.268,2.2659,-0.1183,0,0,0,0.755,0.335,0.665,0,0,0.0,4,SEARCH_PHASE,1.7845,-1.2743,-50.4649,29.6163
640,17.191,-14.3043,12.0727,5.2194,1.8074,-1.2537,-0.1974,5.019,58.47,58.685,36.1244,-17.5185,0.2,0.0,0.0,0.0,1.8608,-1.2649,-0.316,2.2721,-0.0733,0,0,0,0.747,0.327,0.673,0,0,0.0,4,SEARCH_PHASE,1.8074,-1.2537,-50.4288,29.5912
641,17.219,-14.2678,12.048,5.2146,1.8292,-1.2367,-0.244,5.015,58.426,58.64,36.1244,-17.5185,0.2,0.0,0.0,0.0,1.8627,-1.2621,-0.364,2.2793,-0.1081,0,0,0,0.748,0.321,0.679,0,0,0.0,4,SEARCH_PHASE,1.8292,-1.2367,-50.3922,29.5665
642,17.248,-14.2308,12.0236,5.2087,1.8482,-1.221,-0.2909,5.009,58.381,58.596,36.1244,-17.5185,0.2,0.0,0.0,0.0,1.8703,-1.2508,-0.412,2.2874,-0.0828,0,0,0,0.746,0.314,0.686,0,0,0.0,4,SEARCH_PHASE,1.8482,-1.221,-50.3552,29.5421
643,17.275,-14.1935,11.9994,5.202,1.8656,-1.2087,-0.3378,5.002,58.337,58.551,36.1244,-17.5185,0.2,0.0,0.0,0.0,1.8748,-1.2441,-0.46,2.2965,-0.1034,0,0,0,0.748,0.307,0.693,0,0,0.0,4,SEARCH_PHASE,1.8656,-1.2087,-50.3179,29.5179
644,17.302,-14.1559,11.9754,5.1943,1.8805,-1.1976,-0.3839,4.994,58.292,58.506,36.1244,-17.5185,0.2,0.0,0.0,0.0,1.8858,-1.2273,-0.508,2.3066,-0.0699,0,0,0,0.743,0.303,0.697,0,0,0.0,4,SEARCH_PHASE,1.8805,-1.1976,-50.2803,29.4939
645,17.329,-14.118,11.9517,5.1857,1.893,-1.1886,-0.4299,4.986,58.248,58.461,36.1244,-17.5185,0.2,0.0,0.0,0.0,1.8878,-1.2241,-0.556,2.3177,-0.1097,0,0,0,0.739,0.301,0.699,0,0,0.0,4,SEARCH_PHASE,1.893,-1.1886,-50.2424,29.4702
646,17.358,-14.08,11.9281,5.1762,1.9025,-1.1797,-0.4761,4.976,58.203,58.415,36.1244,-17.5185,0.2,0.0,0.0,0.0,1.9016,-1.2026,-0.604,2.3297,-0.0749,0,0,0,0.735,0.302,0.698,0,0,0.0,4,SEARCH_PHASE,1.9025,-1.1797,-50.2044,29.4466
647,17.386,-14.0418,11.9046,5.1658,1.9102,-1.1729,-0.5222,4.966,58.158,58.37,36.1244,-17.5185,0.2,0.0,0.0,0.0,1.9028,-1.2008,-0.652,2.3426,-0.1132,0,0,0,0.729,0.305,0.695,0,0,0.0,4,SEARCH_PHASE,1.9102,-1.1729,-50.1662,29.4231
648,17.415,-14.0035,11.8813,5.1544,1.915,-1.1661,-0.5688,4.954,58.113,58.324,36.1244,-17.5185,0.2,0.0,0.0,0.0,1.9062,-1.1954,-0.7,2.3564,-0.0872,0,0,0,0.728,0.296,0.704,0,0,0.0,4,SEARCH_PHASE,1.915,-1.1661,-50.1279,29.3998
649,17.444,-13.9651,11.8581,5.1421,1.918,-1.1612,-0.616,5.042,58.068,58.278,36.1244,-17.5185,0.2,0.0,0.0,0.0,1.9078,-1.1928,-0.748,2.3711,-0.1077,0,0,0,0.728,0.301,0.699,0,0,0.0,4,SEARCH_PHASE,1.918,-1.1612,-50.0895,29.3766
650,17.472,-13.9267,11.8349,5.1288,1.9198,-1.1567,-0.6626,5.029,58.024,58.233,36.1244,-17.5185,0.2,0.0,0.0,0.0,1.9093,-1.1904,-0.796,2.3867,-0.0666,0,0,0,0.731,0.296,0.704,0,0,0.0,4,SEARCH_PHASE,1.9198,-1.1567,-50.0511,29.3534
651,17.499,-13.8883,11.8118,5.1146,1.9207,-1.154,-0.7094,5.015,57.979,58.187,36.1244,-17.5185,0.2,0.0,0.0,0.0,1.911,-1.1876,-0.844,2.4031,-0.0965,0,0,0,0.73,0.293,0.707,0,0,0.0,4,SEARCH_PHASE,1.9207,-1.154,-50.0127,29.3303
652,17.527,-13.8499,11.7888,5.0995,1.9196,-1.1509,-0.7569,4.999,57.934,58.141,36.1244,-17.5185,0.2,0.0,0.0,0.0,1.9171,-1.1778,-0.892,2.4204,-0.0751,0,0,0,0.73,0.292,0.708,0,0,0.0,4,SEARCH_PHASE,1.9196,-1.1509,-49.9743,29.3073
653,17.556,-13.8116,11.7658,5.0834,1.9175,-1.1493,-0.8041,4.983,57.889,58.095,36.1244,-17.5185,0.2,0.0,0.0,0.0,1.9215,-1.1706,-0.94,2.4385,-0.0984,0,0,0,0.728,0.289,0.711,0,0,0.0,4,SEARCH_PHASE,1.9175,-1.1493,-49.936,29.2843
654,17.585,-13.7732,11.7429,5.0664,1.9152,-1.1476,-0.8512,4.966,57.845,58.049,36.1244,-17.5185,0.2,0.0,0.0,0.0,1.9189,-1.1749,-0.988,2.4574,-0.0831,0,0,0,0.731,0.298,0.702,0,0,0.0,4,SEARCH_PHASE,1.9152,-1.1476,-49.8977,29.2614
655,17.614,-13.735,11.7199,5.0484,1.9118,-1.1471,-0.8991,4.948,57.8,58.003,36.1244,-17.5185,0.2,0.0,0.0,0.0,1.9187,-1.1753,-1.036,2.4771,-0.0979,0,0,0,0.731,0.292,0.708,0,0,0.0,4,SEARCH_PHASE,1.9118,-1.1471,-49.8594,29.2384
656,17.643,-13.6968,11.697,5.0295,1.9093,-1.1465,-0.9463,4.929,57.756,57.957,36.1244,-17.5185,0.2,0.0,0.0,0.0,1.9098,-1.1896,-1.084,2.4975,-0.0764,0,0,0,0.735,0.303,0.697,0,0,0.0,4,SEARCH_PHASE,1.9093,-1.1465,-49.8212,29.2155
657,17.671,-13.6587,11.6741,5.0096,1.9057,-1.147,-0.9936,4.91,57.711,57.911,36.1244,-17.5185,0.2,0.0,0.0,0.0,1.9174,-1.1774,-1.132,2.5187,-0.0951,0,0,0,0.733,0.296,0.704,0,0,0.0,4,SEARCH_PHASE,1.9057,-1.147,-49.7831,29.1926
658,17.699,-13.6207,11.6511,4.9888,1.903,-1.1474,-1.0417,4.889,57.667,57.865,36.1244,-17.5185,0.2,0.0,0.0,0.0,1.9079,-1.1927,-1.18,2.5406,-0.0768,0,0,0,0.734,0.304,0.696,0,0,0.0,4,SEARCH_PHASE,1.903,-1.1474,-49.7451,29.1696
659,17.728,-13.5827,11.6281,4.967,1.8988,-1.1489,-1.089,4.867,57.622,57.819,36.1244,-17.5185,0.2,0.0,0.0,0.0,1.916,-1.1796,-1.228,2.5633,-0.097,0,0,0,0.735,0.296,0.704,0,0,0.0,4,SEARCH_PHASE,1.8988,-1.1489,-49.7071,29.1466
660,17.756,-13.5448,11.6051,4.9442,1.8953,-1.1504,-1.1364,4.844,57.578,57.773,36.1244,-17.5185,0.2,0.0,0.0,0.0,1.9153,-1.1807,-1.276,2.5866,-0.0793,0,0,0,0.736,0.301,0.699,0,0,0.0,4,SEARCH_PHASE,1.8953,-1.1504,-49.6692,29.1236
661,17.785,-13.507,11.5821,4.9206,1.8903,-1.153,-1.1842,4.821,57.534,57.727,36.1244,-17.5185,0.2,0.0,0.0,0.0,1.913,-1.1845,-1.324,2.6106,-0.0679,0,0,0,0.738,0.301,0.699,0,0,0.0,4,SEARCH_PHASE,1.8903,-1.153,-49.6314,29.1006
662,17.815,-13.4692,11.559,4.8959,1.8857,-1.1557,-1.2322,4.796,57.489,57.681,36.1244,-17.5185,0.2,0.0,0.0,0.0,1.9037,-1.1994,-1.372,2.6353,-0.1023,0,0,0,0.746,0.307,0.693,0,0,0.0,4,SEARCH_PHASE,1.8857,-1.1557,-49.5937,29.0775
663,17.844,-13.4316,11.5358,4.8703,1.8812,-1.1575,-1.2794,4.77,57.445,57.635,36.1244,-17.5185,0.2,0.0,0.0,0.0,1.9037,-1.1993,-1.42,2.6606,-0.0696,0,0,0,0.746,0.308,0.692,0,0,0.0,4,SEARCH_PHASE,1.8812,-1.1575,-49.556,29.0543
664,17.874,-13.3941,11.5126,4.8438,1.8777,-1.1603,-1.3271,4.744,57.401,57.589,36.1244,-17.5185,0.2,0.0,0.0,0.0,1.8948,-1.2133,-1.468,2.6865,-0.1038,0,0,0,0.751,0.313,0.687,0,0,0.0,4,SEARCH_PHASE,1.8777,-1.1603,-49.5185,29.0311
665,17.903,-13.3566,11.4894,4.8163,1.8738,-1.1619,-1.3745,4.716,57.357,57.542,36.1244,-17.5185,0.2,0.0,0.0,0.0,1.8959,-1.2116,-1.5,2.7042,-0.0809,0,0,0,0.75,0.31,0.69,0,0,0.0,4,SEARCH_PHASE,1.8738,-1.1619,-49.481,29.0079
666,17.932,-13.3192,11.4661,4.788,1.8707,-1.1644,-1.4166,4.688,57.313,57.496,36.1244,-17.5185,0.2,0.0,0.0,0.0,1.891,-1.2193,-1.5,2.7042,-0.1119,0,0,0,0.753,0.317,0.683,0,0,0.0,4,SEARCH_PHASE,1.8707,-1.1644,-49.4436,28.9846
667,17.961,-13.2818,11.4427,4.7591,1.8672,-1.1668,-1.4422,4.659,57.269,57.45,36.1244,-17.5185,0.2,0.0,0.0,0.0,1.8818,-1.2334,-1.5,2.7042,-0.0703,0,0,0,0.748,0.314,0.686,0,0,0.0,4,SEARCH_PHASE,1.8672,-1.1668,-49.4062,28.9612
668,17.99,-13.2445,11.4193,4.73,1.8645,-1.1711,-1.4583,4.63,57.225,57.404,36.1244,-17.5185,0.2,0.0,0.0,0.0,1.8746,-1.2443,-1.5,2.7042,-0.1022,0,0,0,0.751,0.322,0.678,0,0,0.0,4,SEARCH_PHASE,1.8645,-1.1711,-49.369,28.9378
669,18.019,-13.2073,11.3958,4.7006,1.861,-1.1747,-1.4683,4.601,57.181,57.358,36.1244,-17.5185,0.2,0.0,0.0,0.0,1.8722,-1.248,-1.5,2.7042,-0.0584,0,0,0,0.756,0.32,0.68,0,0,0.0,4,SEARCH_PHASE,1.861,-1.1747,-49.3317,28.9143
670,18.047,-13.1702,11.3722,4.6711,1.858,-1.1798,-1.4746,4.571,57.137,57.312,36.1244,-17.5185,0.2,0.0,0.0,0.0,1.865,-1.2587,-1.5,2.7042,-0.0914,0,0,0,0.761,0.327,0.673,0,0,0.0,4,SEARCH_PHASE,1.858,-1.1798,-49.2946,28.8907
671,18.075,-13.1331,11.3486,4.6415,1.8539,-1.1836,-1.4786,4.542,57.093,57.265,36.1244,-17.5185,0.2,0.0,0.0,0.0,1.8914,-1.2186,-1.5,2.7041,-0.0605,0,0,0,0.763,0.324,0.676,0,0,0.0,4,SEARCH_PHASE,1.8539,-1.1836,-49.2575,28.8671
672,18.103,-13.0961,11.3248,4.6119,1.85,-1.1886,-1.4816,4.512,57.049,57.219,36.1244,-17.5185,0.2,0.0,0.0,0.0,1.8648,-1.2586,-1.5,2.7039,-0.1017,0,0,0,0.763,0.329,0.671,0,0,0.0,4,SEARCH_PHASE,1.85,-1.1886,-49.2205,28.8433
673,18.132,-13.0592,11.3009,4.5822,1.8451,-1.1922,-1.483,4.482,57.005,57.173,36.1244,-17.5185,0.2,0.0,0.0,0.0,1.8855,-1.2278,-1.5,2.7042,-0.0678,0,0,0,0.768,0.331,0.669,0,0,0.0,4,SEARCH_PHASE,1.8451,-1.1922,-49.1836,28.8194
674,18.16,-13.0224,11.277,4.5526,1.8407,-1.1972,-1.4841,4.453,56.961,57.127,36.1244,-17.5185,0.2,0.0,0.0,0.0,1.8584,-1.2674,-1.5,2.7037,-0.1078,0,0,0,0.769,0.327,0.673,0,0,0.0,4,SEARCH_PHASE,1.8407,-1.1972,-49.1468,28.7955
675,18.189,-12.9857,11.253,4.5229,1.8357,-1.2007,-1.4844,4.423,56.917,57.081,36.1244,-17.5185,0.2,0.0,0.0,0.0,1.8729,-1.247,-1.5,2.7042,-0.0708,0,0,0,0.774,0.334,0.666,0,0,0.0,4,SEARCH_PHASE,1.8357,-1.2007,-49.1101,28.7715
676,18.218,-12.949,11.2289,4.4932,1.8318,-1.2053,-1.4856,4.393,56.874,57.035,36.1244,-17.5185,0.2,0.0,0.0,0.0,1.8452,-1.2862,-1.5,2.7035,-0.1076,0,0,0,0.779,0.327,0.673,0,0,0.0,4,SEARCH_PHASE,1.8318,-1.2053,-49.0734,28.7474
677,18.246,-12.9125,11.2047,4.4634,1.827,-1.2083,-1.4855,4.363,56.83,56.99,36.1244,-17.5185,0.2,0.0,0.0,0.0,1.8702,-1.2509,-1.5,2.7042,-0.082,0,0,0,0.776,0.345,0.655,0,0,0.0,4,SEARCH_PHASE,1.827,-1.2083,-49.0369,28.7232
678,18.275,-12.876,11.1805,4.4337,1.8231,-1.2123,-1.4857,4.334,56.786,56.944,36.1244,-17.5185,0.2,0.0,0.0,0.0,1.865,-1.2587,-1.5,2.7042,-0.0918,0,0,0,0.779,0.336,0.664,0,0,0.0,4,SEARCH_PHASE,1.8231,-1.2123,-49.0004,28.699
679,18.303,-12.8397,11.1562,4.404,1.818,-1.2157,-1.4859,4.304,56.743,56.898,36.1244,-17.5185,0.2,0.0,0.0,0.0,1.8697,-1.2516,-1.5,2.7042,-0.0824,0,0,0,0.777,0.337,0.663,0,0,0.0,4,SEARCH_PHASE,1.818,-1.2157,-48.9641,28.6747
680,18.332,-12.8034,11.1318,4.3743,1.814,-1.2191,-1.4859,4.274,56.699,56.852,36.1244,-17.5185,0.2,0.0,0.0,0.0,1.8414,-1.2903,-1.5,2.7029,-0.0855,0,0,0,0.781,0.33,0.67,0,0,0.0,4,SEARCH_PHASE,1.814,-1.2191,-48.9278,28.6503
681,18.358,-12.7672,11.1073,4.3446,1.8098,-1.2222,-1.4856,4.245,56.655,56.807,36.1244,-17.5185,0.2,0.0,0.0,0.0,1.8128,-1.3289,-1.5,2.7023,-0.1018,0,0,0,0.783,0.327,0.673,0,0,0.0,4,SEARCH_PHASE,1.8098,-1.2222,-48.8916,28.6258
682,18.384,-12.731,11.0828,4.3149,1.8078,-1.225,-1.4862,4.215,56.612,56.761,36.1244,-17.5185,0.2,0.0,0.0,0.0,1.8317,-1.3066,-1.5,2.7042,-0.0857,0,0,0,0.791,0.33,0.67,0,0,0.0,4,SEARCH_PHASE,1.8078,-1.225,-48.8554,28.6013
683,18.411,-12.6949,11.0582,4.2851,1.8052,-1.2293,-1.4861,4.185,56.568,56.715,36.1244,-17.5185,0.2,0.0,0.0,0.0,1.8149,-1.3299,-1.5,2.7042,-0.0978,0,0,0,0.793,0.33,0.67,0,0,0.0,4,SEARCH_PHASE,1.8052,-1.2293,-48.8193,28.5767
684,18.437,-12.6589,11.0336,4.2554,1.8028,-1.234,-1.4858,4.155,56.525,56.67,36.1244,-17.5185,0.2,0.0,0.0,0.0,1.8274,-1.3127,-1.5,2.7042,-0.0758,0,0,0,0.793,0.333,0.667,0,0,0.0,4,SEARCH_PHASE,1.8028,-1.234,-48.7833,28.5521
685,18.464,-12.6229,11.0088,4.2257,1.8001,-1.2398,-1.4857,4.126,56.481,56.624,36.1244,-17.5185,0.2,0.0,0.0,0.0,1.8121,-1.3338,-1.5,2.7042,-0.103,0,0,0,0.794,0.337,0.663,0,0,0.0,4,SEARCH_PHASE,1.8001,-1.2398,-48.7473,28.5273
686,18.49,-12.5869,10.9839,4.196,1.7979,-1.2452,-1.4854,4.096,56.437,56.579,36.1244,-17.5185,0.2,0.0,0.0,0.0,1.8107,-1.3356,-1.5,2.7042,-0.0804,0,0,0,0.796,0.336,0.664,0,0,0.0,4,SEARCH_PHASE,1.7979,-1.2452,-48.7113,28.5024
687,18.518,-12.551,10.9588,4.1663,1.7943,-1.2523,-1.4853,4.066,56.394,56.533,36.1244,-17.5185,0.2,0.0,0.0,0.0,1.837,-1.2954,-1.5,2.7023,-0.104,0,0,0,0.681,0.338,0.662,0,0,0.0,4,SEARCH_PHASE,1.7943,-1.2523,-48.6754,28.4773
688,18.545,-12.5152,10.9336,4.1366,1.792,-1.2594,-1.4856,4.037,56.35,56.487,36.1244,-17.5185,0.2,0.0,0.0,0.0,1.8632,-1.2552,-1.5,2.7013,-0.0817,0,0,0,0.686,0.338,0.662,0,0,0.0,4,SEARCH_PHASE,1.792,-1.2594,-48.6396,28.4521
689,18.571,-12.4794,10.9083,4.1069,1.788,-1.2682,-1.4864,4.007,56.306,56.442,36.1244,-17.5185,0.2,0.0,0.0,0.0,1.8893,-1.215,-1.5,2.7011,-0.0513,0,0,0,0.687,0.344,0.656,0,0,0.0,4,SEARCH_PHASE,1.788,-1.2682,-48.6038,28.4268
690,18.599,-12.4437,10.8827,4.0771,1.785,-1.2772,-1.4871,3.977,56.263,56.396,36.1244,-17.5185,0.2,0.0,0.0,0.0,1.8575,-1.2509,-1.452,2.6689,-0.038,0,0,0,0.811,0.35,0.65,0,0,0.0,4,SEARCH_PHASE,1.785,-1.2772,-48.5681,28.4012
691,18.627,-12.4081,10.857,4.0477,1.7823,-1.2848,-1.469,3.948,56.219,56.35,36.1244,-17.5185,0.2,0.0,0.0,0.0,1.8253,-1.2865,-1.404,2.6378,-0.0604,0,0,0,0.813,0.36,0.64,0,0,0.0,4,SEARCH_PHASE,1.7823,-1.2848,-48.5325,28.3755
692,18.656,-12.3724,10.8313,4.0189,1.7832,-1.2883,-1.4399,3.919,56.175,56.305,36.1244,-17.5185,0.2,0.0,0.0,0.0,1.7919,-1.3209,-1.356,2.6066,-0.1016,0,0,0,0.817,0.358,0.642,0,0,0.0,4,SEARCH_PHASE,1.7832,-1.2883,-48.4968,28.3498
693,18.684,-12.3367,10.8055,3.9909,1.7847,-1.2891,-1.404,3.891,56.131,56.259,36.1244,-17.5185,0.2,0.0,0.0,0.0,1.7657,-1.3611,-1.308,2.5848,-0.0879,0,0,0,0.817,0.357,0.643,0,0,0.0,4,SEARCH_PHASE,1.7847,-1.2891,-48.4611,28.324
694,18.712,-12.301,10.7797,3.9636,1.787,-1.2904,-1.3635,3.864,56.087,56.214,36.1244,-17.5185,0.2,0.0,0.0,0.0,1.7396,-1.4015,-1.26,2.5648,-0.1243,0,0,0,0.817,0.359,0.641,0,0,0.0,4,SEARCH_PHASE,1.787,-1.2904,-48.4254,28.2982
695,18.739,-12.2652,10.7539,3.9372,1.7873,-1.2908,-1.3208,3.837,56.044,56.168,36.1244,-17.5185,0.2,0.0,0.0,0.0,1.7676,-1.3625,-1.308,2.5869,-0.0786,0,0,0,0.715,0.354,0.646,0,0,0.0,4,SEARCH_PHASE,1.7873,-1.2908,-48.3896,28.2724
696,18.766,-12.2295,10.728,3.9109,1.7871,-1.2931,-1.3112,3.811,56.0,56.123,36.1244,-17.5185,0.2,0.0,0.0,0.0,1.7955,-1.3234,-1.356,2.6103,-0.1136,0,0,0,0.719,0.353,0.647,0,0,0.0,4,SEARCH_PHASE,1.7871,-1.2931,-48.3539,28.2465
697,18.793,-12.1938,10.7021,3.8845,1.7848,-1.294,-1.3231,3.784,55.956,56.077,36.1244,-17.5185,0.2,0.0,0.0,0.0,1.8229,-1.284,-1.404,2.6349,-0.0709,0,0,0,0.722,0.358,0.642,0,0,0.0,4,SEARCH_PHASE,1.7848,-1.294,-48.3182,28.2206
698,18.82,-12.1581,10.6762,3.8575,1.7822,-1.2963,-1.3485,3.758,55.912,56.031,36.1244,-17.5185,0.2,0.0,0.0,0.0,1.8498,-1.2442,-1.356,2.6094,-0.0501,0,0,0,0.725,0.366,0.634,0,0,0.0,4,SEARCH_PHASE,1.7822,-1.2963,-48.2826,28.1947
699,18.847,-12.1226,10.6502,3.8306,1.7781,-1.2985,-1.3466,3.731,55.868,55.986,36.1244,-17.5185,0.2,0.0,0.0,0.0,1.8765,-1.2043,-1.308,2.585,-0.0868,0,0,0,0.728,0.375,0.625,0,0,0.0,4,SEARCH_PHASE,1.7781,-1.2985,-48.247,28.1687
700,18.875,-12.0871,10.6243,3.804,1.7752,-1.2983,-1.3274,3.704,55.824,55.941,36.1244,-17.5185,0.2,0.0,0.0,0.0,1.9022,-1.1638,-1.26,2.5614,-0.0454,0,0,0,0.73,0.38,0.62,0,0,0.0,4,SEARCH_PHASE,1.7752,-1.2983,-48.2115,28.1428
701,18.903,-12.0516,10.5983,3.7781,1.7747,-1.2982,-1.2974,3.678,55.781,55.895,36.1244,-17.5185,0.2,0.0,0.0,0.0,1.8718,-1.2009,-1.212,2.5327,-0.0795,0,0,0,0.83,0.385,0.615,0,0,0.0,4,SEARCH_PHASE,1.7747,-1.2982,-48.176,28.1168
702,18.929,-12.0161,10.5724,3.7529,1.7742,-1.2943,-1.2608,3.653,55.737,55.85,36.1244,-17.5185,0.2,0.0,0.0,0.0,1.897,-1.1601,-1.164,2.5098,-0.0458,0,0,0,0.734,0.387,0.613,0,0,0.0,4,SEARCH_PHASE,1.7742,-1.2943,-48.1405,28.0909
703,18.957,-11.9806,10.5466,3.7285,1.7761,-1.2894,-1.2196,3.628,55.693,55.805,36.1244,-17.5185,0.2,0.0,0.0,0.0,1.8559,-1.1848,-1.116,2.4685,-0.0883,0,0,0,0.833,0.395,0.605,0,0,0.0,4,SEARCH_PHASE,1.7761,-1.2894,-48.105,28.0651
704,18.986,-11.945,10.521,3.7049,1.7777,-1.2802,-1.1764,3.605,55.65,55.76,36.1244,-17.5185,0.2,0.0,0.0,0.0,1.824,-1.2207,-1.068,2.4409,-0.054,0,0,0,0.836,0.387,0.613,0,0,0.0,4,SEARCH_PHASE,1.7777,-1.2802,-48.0694,28.0395
705,19.015,-11.9094,10.4956,3.6823,1.7811,-1.2704,-1.1319,3.582,55.606,55.715,36.1244,-17.5185,0.2,0.0,0.0,0.0,1.7907,-1.2553,-1.02,2.413,-0.0968,0,0,0,0.839,0.395,0.605,0,0,0.0,4,SEARCH_PHASE,1.7811,-1.2704,-48.0338,28.0141
706,19.045,-11.8737,10.4705,3.6606,1.7835,-1.257,-1.0868,3.363,55.563,55.67,36.1244,-17.5185,0.2,0.0,0.0,0.0,1.8154,-1.2141,-0.972,2.3905,-0.1178,0,0,0,0.746,0.393,0.607,0,0,0.0,4,SEARCH_PHASE,1.7835,-1.257,-47.9981,27.989
707,19.073,-11.838,10.4456,3.6398,1.7873,-1.2436,-1.0405,3.291,55.519,55.626,36.1244,-17.5185,0.2,0.0,0.0,0.0,1.839,-1.1723,-0.924,2.3686,-0.0865,0,0,0,0.748,0.392,0.608,0,0,0.0,4,SEARCH_PHASE,1.7873,-1.2436,-47.9624,27.9641
708,19.102,-11.8022,10.4209,3.6199,1.7886,-1.2326,-0.9935,3.271,55.476,55.581,36.1244,-17.5185,0.2,0.0,0.0,0.0,1.8611,-1.1297,-0.876,2.3468,-0.0782,0,0,0,0.749,0.388,0.612,0,0,0.0,4,SEARCH_PHASE,1.7886,-1.2326,-47.9266,27.9394
709,19.129,-11.7664,10.3965,3.601,1.7911,-1.2217,-0.946,3.295,55.433,55.537,36.1244,-17.5185,0.2,0.0,0.0,0.0,1.8799,-1.0856,-0.828,2.3234,-0.0582,0,0,0,0.76,0.392,0.608,0,0,0.0,4,SEARCH_PHASE,1.7911,-1.2217,-47.8908,27.915
710,19.158,-11.7306,10.3723,3.583,1.7917,-1.21,-0.8986,3.351,55.389,55.493,36.1244,-17.5185,0.2,0.0,0.0,0.0,1.898,-1.0411,-0.78,2.301,-0.0865,0,0,0,0.761,0.397,0.603,0,0,0.0,4,SEARCH_PHASE,1.7917,-1.21,-47.855,27.8908
711,19.186,-11.6947,10.3484,3.566,1.7945,-1.195,-0.8504,3.392,55.346,55.449,36.1244,-17.5185,0.2,0.0,0.0,0.0,1.9131,-0.9955,-0.732,2.2775,-0.0606,0,0,0,0.764,0.398,0.602,0,0,0.0,4,SEARCH_PHASE,1.7945,-1.195,-47.8191,27.8669
712,19.215,-11.6588,10.3248,3.55,1.7954,-1.1791,-0.8019,3.45,55.304,55.405,36.1244,-17.5185,0.2,0.0,0.0,0.0,1.9263,-0.9494,-0.684,2.2539,-0.0964,0,0,0,0.765,0.401,0.599,0,0,0.0,4,SEARCH_PHASE,1.7954,-1.1791,-47.7832,27.8433
713,19.245,-11.6228,10.3016,3.5349,1.7984,-1.1599,-0.7536,2.625,55.261,55.361,36.1244,-17.5185,0.2,0.0,0.0,0.0,1.9352,-0.9022,-0.636,2.2279,-0.0654,0,0,0,0.769,0.407,0.593,0,0,0.0,4,SEARCH_PHASE,1.7984,-1.1599,-47.7472,27.8201
714,19.274,-11.5868,10.2788,3.5208,1.8017,-1.1407,-0.7048,2.711,55.218,55.318,36.1244,-17.5185,0.2,0.0,0.0,0.0,1.9382,-0.8543,-0.588,2.1982,-0.0938,0,0,0,0.769,0.408,0.592,0,0,0.0,4,SEARCH_PHASE,1.8017,-1.1407,-47.7112,27.7973
715,19.302,-11.5506,10.2564,3.5077,1.8076,-1.1184,-0.6564,2.698,55.176,55.275,36.1244,-17.5185,0.2,0.0,0.0,0.0,1.9414,-0.8064,-0.54,2.1705,-0.0667,0,0,0,0.771,0.409,0.591,0,0,0.0,4,SEARCH_PHASE,1.8076,-1.1184,-47.675,27.7749
716,19.331,-11.5144,10.2345,3.4955,1.8118,-1.0954,-0.6081,2.685,55.133,55.232,36.1244,-17.5185,0.2,0.0,0.0,0.0,1.9431,-0.7585,-0.492,2.1431,-0.0756,0,0,0,0.772,0.407,0.593,0,0,0.0,4,SEARCH_PHASE,1.8118,-1.0954,-47.6388,27.753
717,19.359,-11.478,10.2132,3.4843,1.8182,-1.0691,-0.5594,2.674,55.091,55.189,36.1244,-17.5185,0.2,0.0,0.0,0.0,1.9337,-0.7114,-0.444,2.1077,-0.0466,0,0,0,0.78,0.418,0.582,0,0,0.0,4,SEARCH_PHASE,1.8182,-1.0691,-47.6024,27.7317
718,19.388,-11.4415,10.1924,3.4741,1.8231,-1.0401,-0.5104,2.664,55.049,55.146,36.1244,-17.5185,0.2,0.0,0.0,0.0,1.9206,-0.6652,-0.396,2.0707,-0.0782,0,0,0,0.781,0.421,0.579,0,0,0.0,4,SEARCH_PHASE,1.8231,-1.0401,-47.566,27.7109
719,19.417,-11.4049,10.1722,3.4649,1.8304,-1.0059,-0.4622,2.655,55.007,55.104,36.1244,-17.5185,0.2,0.0,0.0,0.0,1.9059,-0.6195,-0.348,2.034,-0.0492,0,0,0,0.783,0.408,0.592,0,0,0.0,4,SEARCH_PHASE,1.8304,-1.0059,-47.5294,27.6907
720,19.446,-11.3682,10.1529,3.4566,1.8357,-0.9691,-0.414,2.647,54.966,55.062,36.1244,-17.5185,0.2,0.0,0.0,0.0,1.8906,-0.574,-0.3,1.9984,-0.0814,0,0,0,0.782,0.403,0.597,0,0,0.0,4,SEARCH_PHASE,1.8357,-0.9691,-47.4926,27.6714
721,19.475,-11.3314,10.1343,3.4492,1.8428,-0.9274,-0.3666,2.639,54.925,55.021,36.1244,-17.5185,0.2,0.0,0.0,0.0,1.8739,-0.529,-0.252,1.9634,-0.062,0,0,0,0.783,0.402,0.598,0,0,0.0,4,SEARCH_PHASE,1.8428,-0.9274,-47.4558,27.6528
722,19.504,-11.2944,10.1166,3.4429,1.8475,-0.8834,-0.3192,2.633,54.884,54.98,36.1244,-17.5185,0.2,0.0,0.0,0.0,1.8587,-0.4835,-0.204,1.9313,-0.0945,0,0,0,0.782,0.399,0.601,0,0,0.0,4,SEARCH_PHASE,1.8475,-0.8834,-47.4188,27.6351
723,19.532,-11.2574,10.0999,3.4374,1.8535,-0.8355,-0.2723,2.627,54.843,54.939,36.1244,-17.5185,0.2,0.0,0.0,0.0,1.8415,-0.4387,-0.156,1.8995,-0.0657,0,0,0,0.783,0.396,0.604,0,0,0.0,4,SEARCH_PHASE,1.8535,-0.8355,-47.3818,27.6184
724,19.56,-11.2202,10.0842,3.4329,1.8563,-0.7866,-0.2254,2.623,54.803,54.899,36.1244,-17.5185,0.2,0.0,0.0,0.0,1.8339,-0.3913,-0.108,1.8783,-0.0985,0,0,0,0.78,0.395,0.605,0,0,0.0,4,SEARCH_PHASE,1.8563,-0.7866,-47.3446,27.6027
725,19.589,-11.183,10.0695,3.4293,1.8598,-0.7341,-0.1789,2.619,54.764,54.859,36.1244,-17.5185,0.2,0.0,0.0,0.0,1.8199,-0.3454,-0.06,1.8534,-0.0804,0,0,0,0.781,0.4,0.6,0,0,0.0,4,SEARCH_PHASE,1.8598,-0.7341,-47.3074,27.588
726,19.616,-11.1458,10.0559,3.4267,1.8597,-0.6807,-0.1327,2.617,54.725,54.82,36.1244,-17.5185,0.2,0.0,0.0,0.0,1.8113,-0.2981,-0.012,1.8357,-0.1013,0,0,0,0.781,0.401,0.599,0,0,0.0,4,SEARCH_PHASE,1.8597,-0.6807,-47.2702,27.5744
727,19.643,-11.1086,10.0434,3.4249,1.8597,-0.625,-0.0866,2.615,54.687,54.782,36.1244,-17.5185,0.2,0.0,0.0,0.0,1.8046,-0.2506,0.036,1.8223,-0.0729,0,0,0,0.781,0.391,0.609,0,0,0.0,4,SEARCH_PHASE,1.8597,-0.625,-47.233,27.5619
728,19.67,-11.0715,10.032,3.4241,1.856,-0.5693,-0.0397,2.614,54.649,54.744,36.1244,-17.5185,0.2,0.0,0.0,0.0,1.8166,-0.2041,0.084,1.8299,-0.1039,0,0,0,0.779,0.403,0.597,0,0,0.0,4,SEARCH_PHASE,1.856,-0.5693,-47.1959,27.5505
729,19.697,-11.0345,10.0218,3.4243,1.8528,-0.5112,0.0066,2.614,54.612,54.707,36.1244,-17.5185,0.2,0.0,0.0,0.0,1.8253,-0.1569,0.132,1.8368,-0.0931,0,0,0,0.78,0.401,0.599,0,0,0.0,4,SEARCH_PHASE,1.8528,-0.5112,-47.1589,27.5403
730,19.723,-10.9975,10.0127,3.4253,1.8458,-0.4534,0.0526,2.615,54.575,54.67,36.1244,-17.5185,0.2,0.0,0.0,0.0,1.8132,-0.1105,0.18,1.8255,-0.1271,0,0,0,0.783,0.4,0.6,0,0,0.0,4,SEARCH_PHASE,1.8458,-0.4534,-47.122,27.5312
731,19.75,-10.9608,10.0048,3.4273,1.8389,-0.3948,0.0992,2.617,54.539,54.635,36.1244,-17.5185,0.2,0.0,0.0,0.0,1.8097,-0.0626,0.228,1.8251,-0.0881,0,0,0,0.783,0.398,0.602,0,0,0.0,4,SEARCH_PHASE,1.8389,-0.3948,-47.0852,27.5233
732,19.776,-10.9241,9.998,3.4302,1.8338,-0.3397,0.1465,2.52,54.504,54.6,36.1244,-17.5185,0.2,0.0,0.0,0.0,1.7857,-0.021,0.276,1.8071,-0.1225,0,0,0,0.786,0.405,0.595,0,0,0.0,4,SEARCH_PHASE,1.8338,-0.3397,-47.0485,27.5165
733,19.802,-10.8875,9.9923,3.4341,1.8281,-0.2841,0.1936,2.524,54.47,54.566,36.1244,-17.5185,0.2,0.0,0.0,0.0,1.7744,0.0256,0.324,1.8039,-0.0834,0,0,0,0.785,0.394,0.606,0,0,0.0,4,SEARCH_PHASE,1.8281,-0.2841,-47.0119,27.5108
734,19.828,-10.8511,9.9877,3.4389,1.8235,-0.2321,0.2407,2.529,54.436,54.532,36.1244,-17.5185,0.2,0.0,0.0,0.0,1.7511,0.0676,0.372,1.7914,-0.1231,0,0,0,0.788,0.406,0.594,0,0,0.0,4,SEARCH_PHASE,1.8235,-0.2321,-46.9755,27.5062
735,19.854,-10.8147,9.9841,3.4447,1.8177,-0.1796,0.2883,2.535,54.403,54.5,36.1244,-17.5185,0.2,0.0,0.0,0.0,1.7335,0.1122,0.42,1.7872,-0.074,0,0,0,0.788,0.394,0.606,0,0,0.0,4,SEARCH_PHASE,1.8177,-0.1796,-46.9391,27.5026
736,19.88,-10.7784,9.9815,3.4514,1.813,-0.1308,0.3366,2.541,54.37,54.467,36.1244,-17.5185,0.2,0.0,0.0,0.0,1.7083,0.1531,0.468,1.7779,-0.112,0,0,0,0.789,0.4,0.6,0,0,0.0,4,SEARCH_PHASE,1.813,-0.1308,-46.9029,27.5
737,19.906,-10.7423,9.9799,3.4591,1.8067,-0.0814,0.3843,2.549,54.338,54.436,36.1244,-17.5185,0.2,0.0,0.0,0.0,1.688,0.1966,0.516,1.776,-0.0623,0,0,0,0.789,0.395,0.605,0,0,0.0,4,SEARCH_PHASE,1.8067,-0.0814,-46.8667,27.4984
738,19.931,-10.7063,9.9792,3.4678,1.801,-0.0353,0.4326,2.558,54.307,54.405,36.1244,-17.5185,0.2,0.0,0.0,0.0,1.6662,0.2394,0.564,1.7753,-0.1006,0,0,0,0.79,0.394,0.606,0,0,0.0,4,SEARCH_PHASE,1.801,-0.0353,-46.8307,27.4977
739,19.956,-10.6704,9.9794,3.4774,1.7935,0.0118,0.4801,2.567,54.276,54.375,36.1244,-17.5185,0.2,0.0,0.0,0.0,1.6507,0.2848,0.612,1.7834,-0.0628,0,0,0,0.787,0.384,0.616,0,0,0.0,4,SEARCH_PHASE,1.7935,0.0118,-46.7948,27.4979
740,19.982,-10.6347,9.9805,3.4879,1.7861,0.0559,0.5282,2.578,54.246,54.345,36.1244,-17.5185,0.2,0.0,0.0,0.0,1.6778,0.3244,0.66,1.8319,-0.1003,0,0,0,0.783,0.368,0.632,0,0,0.0,4,SEARCH_PHASE,1.7861,0.0559,-46.7591,27.499
741,20.008,-10.5992,9.9825,3.4995,1.7769,0.1013,0.5762,2.589,54.216,54.317,36.1244,-17.5185,0.2,0.0,0.0,0.0,1.711,0.3591,0.708,1.8862,-0.0809,0,0,0,0.782,0.369,0.631,0,0,0.0,4,SEARCH_PHASE,1.7769,0.1013,-46.7236,27.501
742,20.035,-10.5639,9.9854,3.5119,1.7639,0.1444,0.623,2.602,54.187,54.288,36.1244,-17.5185,0.2,0.0,0.0,0.0,1.7581,0.3683,0.756,1.9489,-0.1103,0,0,0,0.781,0.378,0.622,0,0,0.0,4,SEARCH_PHASE,1.7639,0.1444,-46.6883,27.5039
743,20.061,-10.5289,9.9892,3.5253,1.7514,0.1878,0.6697,2.615,54.159,54.261,36.1244,-17.5185,0.2,0.0,0.0,0.0,1.7912,0.4031,0.804,2.0043,-0.085,0,0,0,0.782,0.373,0.627,0,0,0.0,4,SEARCH_PHASE,1.7514,0.1878,-46.6533,27.5077
744,20.087,-10.4941,9.9938,3.5396,1.7365,0.2286,0.7167,2.63,54.131,54.234,36.1244,-17.5185,0.2,0.0,0.0,0.0,1.7902,0.4511,0.852,2.0333,-0.1195,0,0,0,0.784,0.376,0.624,0,0,0.0,4,SEARCH_PHASE,1.7365,0.2286,-46.6185,27.5123
745,20.112,-10.4597,9.9991,3.5549,1.7233,0.2693,0.7646,2.645,54.104,54.208,36.1244,-17.5185,0.2,0.0,0.0,0.0,1.8053,0.4967,0.9,2.0774,-0.073,0,0,0,0.784,0.373,0.627,0,0,0.0,4,SEARCH_PHASE,1.7233,0.2693,-46.5841,27.5176
746,20.137,-10.4254,10.0053,3.5712,1.7143,0.3061,0.8132,2.761,54.078,54.183,36.1244,-17.5185,0.2,0.0,0.0,0.0,1.7926,0.543,0.948,2.0993,-0.1123,0,0,0,0.786,0.38,0.62,0,0,0.0,4,SEARCH_PHASE,1.7143,0.3061,-46.5498,27.5238
747,20.162,-10.3912,10.0121,3.5884,1.7067,0.3435,0.8618,2.778,54.052,54.158,36.1244,-17.5185,0.2,0.0,0.0,0.0,1.7789,0.589,0.996,2.1221,-0.0645,0,0,0,0.785,0.377,0.623,0,0,0.0,4,SEARCH_PHASE,1.7067,0.3435,-46.5157,27.5306
748,20.187,-10.3572,10.0197,3.6066,1.7029,0.3772,0.9108,2.797,54.027,54.134,36.1244,-17.5185,0.2,0.0,0.0,0.0,1.761,0.6336,1.044,2.143,-0.1,0,0,0,0.786,0.386,0.614,0,0,0.0,4,SEARCH_PHASE,1.7029,0.3772,-46.4816,27.5382
749,20.212,-10.3232,10.0279,3.6258,1.7002,0.4118,0.9589,2.816,54.002,54.11,36.1244,-17.5185,0.2,0.0,0.0,0.0,1.7449,0.6788,1.092,2.1675,-0.0552,0,0,0,0.785,0.386,0.614,0,0,0.0,4,SEARCH_PHASE,1.7002,0.4118,-46.4476,27.5464
750,20.237,-10.2892,10.0368,3.646,1.7011,0.4437,1.0078,2.836,53.977,54.087,36.1244,-17.5185,0.2,0.0,0.0,0.0,1.7391,0.7264,1.14,2.2027,-0.0867,0,0,0,0.782,0.381,0.619,0,0,0.0,4,SEARCH_PHASE,1.7011,0.4437,-46.4136,27.5553
751,20.262,-10.2551,10.0463,3.6671,1.703,0.4773,1.0563,2.857,53.953,54.064,36.1244,-17.5185,0.2,0.0,0.0,0.0,1.7339,0.7741,1.188,2.2399,-0.0628,0,0,0,0.781,0.382,0.618,0,0,0.0,4,SEARCH_PHASE,1.703,0.4773,-46.3795,27.5648
752,20.288,-10.221,10.0565,3.6892,1.7027,0.5099,1.1049,2.879,53.929,54.041,36.1244,-17.5185,0.2,0.0,0.0,0.0,1.7641,0.7368,1.236,2.2766,-0.0835,0,0,0,0.778,0.373,0.627,0,0,0.0,4,SEARCH_PHASE,1.7027,0.5099,-46.3455,27.575
753,20.313,-10.187,10.0674,3.7122,1.7044,0.5435,1.1517,2.902,53.905,54.019,36.1244,-17.5185,0.2,0.0,0.0,0.0,1.7936,0.699,1.284,2.314,-0.0596,0,0,0,0.776,0.374,0.626,0,0,0.0,4,SEARCH_PHASE,1.7044,0.5435,-46.3114,27.5859
754,20.338,-10.1529,10.0789,3.7362,1.7037,0.5764,1.1973,2.926,53.881,53.997,36.1244,-17.5185,0.2,0.0,0.0,0.0,1.8347,0.6741,1.332,2.3653,-0.1004,0,0,0,0.776,0.375,0.625,0,0,0.0,4,SEARCH_PHASE,1.7037,0.5764,-46.2773,27.5974
755,20.364,-10.1188,10.0912,3.761,1.7048,0.6112,1.2426,2.951,53.858,53.976,36.1244,-17.5185,0.2,0.0,0.0,0.0,1.863,0.6354,1.38,2.4039,-0.1203,0,0,0,0.775,0.373,0.627,0,0,0.0,4,SEARCH_PHASE,1.7048,0.6112,-46.2432,27.6097
756,20.389,-10.0846,10.104,3.7868,1.7086,0.644,1.2879,2.977,53.836,53.955,36.1244,-17.5185,0.2,0.0,0.0,0.0,1.9108,0.6304,1.428,2.4673,-0.0905,0,0,0,0.776,0.382,0.618,0,0,0.0,4,SEARCH_PHASE,1.7086,0.644,-46.209,27.6225
757,20.415,-10.0504,10.1175,3.8135,1.7112,0.6727,1.3347,3.003,53.813,53.934,36.1244,-17.5185,0.2,0.0,0.0,0.0,1.9137,0.6783,1.476,2.5102,-0.1295,0,0,0,0.779,0.384,0.616,0,0,0.0,4,SEARCH_PHASE,1.7112,0.6727,-46.1748,27.636
758,20.44,-10.0161,10.1315,3.8411,1.7165,0.6996,1.3831,3.031,53.791,53.914,36.1244,-17.5185,0.2,0.0,0.0,0.0,1.9069,0.7259,1.524,2.5467,-0.077,0,0,0,0.78,0.383,0.617,0,0,0.0,4,SEARCH_PHASE,1.7165,0.6996,-46.1405,27.65
759,20.465,-9.9815,10.1459,3.8698,1.7267,0.7202,1.4318,2.96,53.769,53.894,36.1244,-17.5185,0.2,0.0,0.0,0.0,1.8971,0.7728,1.572,2.5821,-0.1103,0,0,0,0.779,0.386,0.614,0,0,0.0,4,SEARCH_PHASE,1.7267,0.7202,-46.1059,27.6644
760,20.49,-9.9467,10.1607,3.8994,1.739,0.7392,1.4803,3.799,53.747,53.874,36.1244,-17.5185,0.2,0.0,0.0,0.0,1.9337,0.8039,1.62,2.6476,-0.073,0,0,0,0.775,0.386,0.614,0,0,0.0,4,SEARCH_PHASE,1.739,0.7392,-46.0712,27.6792
761,20.515,-9.9117,10.1757,3.93,1.7525,0.7531,1.5292,3.83,53.724,53.854,36.1244,-17.5185,0.2,0.0,0.0,0.0,1.9753,0.7799,1.668,2.7005,-0.0677,0,0,0,0.773,0.383,0.617,0,0,0.0,4,SEARCH_PHASE,1.7525,0.7531,-46.0361,27.6942
762,20.54,-9.8764,10.1911,3.9615,1.7654,0.7663,1.578,3.862,53.702,53.833,36.1244,-17.5185,0.2,0.0,0.0,0.0,1.9866,0.7333,1.7,2.7156,-0.0876,0,0,0,0.77,0.379,0.621,0,0,0.0,4,SEARCH_PHASE,1.7654,0.7663,-46.0008,27.7096
763,20.566,-9.8408,10.2067,3.9939,1.7812,0.7799,1.6189,3.894,53.679,53.813,36.1244,-17.5185,0.2,0.0,0.0,0.0,1.9928,0.6857,1.7,2.7076,-0.1299,0,0,0,0.77,0.381,0.619,0,0,0.0,4,SEARCH_PHASE,1.7812,0.7799,-45.9652,27.7252
764,20.592,-9.8049,10.2225,4.0268,1.7953,0.7914,1.6454,3.927,53.657,53.793,36.1244,-17.5185,0.2,0.0,0.0,0.0,1.9974,0.6379,1.7,2.6993,-0.0823,0,0,0,0.767,0.378,0.622,0,0,0.0,4,SEARCH_PHASE,1.7953,0.7914,-45.9293,27.741
765,20.619,-9.7687,10.2384,4.0601,1.8101,0.7976,1.6618,3.96,53.634,53.773,36.1244,-17.5185,0.2,0.0,0.0,0.0,2.0034,0.5903,1.7,2.693,-0.1254,0,0,0,0.766,0.376,0.624,0,0,0.0,4,SEARCH_PHASE,1.8101,0.7976,-45.8931,27.7569
766,20.645,-9.7322,10.2545,4.0935,1.8238,0.8027,1.6722,3.994,53.611,53.752,36.1244,-17.5185,0.2,0.0,0.0,0.0,2.0094,0.5426,1.7,2.6874,-0.1407,0,0,0,0.766,0.372,0.628,0,0,0.0,4,SEARCH_PHASE,1.8238,0.8027,-45.8566,27.773
767,20.671,-9.6954,10.2706,4.1271,1.8384,0.8036,1.6791,4.027,53.588,53.732,36.1244,-17.5185,0.2,0.0,0.0,0.0,2.0143,0.4949,1.7,2.6819,-0.1032,0,0,0,0.766,0.373,0.627,0,0,0.0,4,SEARCH_PHASE,1.8384,0.8036,-45.8198,27.7891
768,20.698,-9.6583,10.2865,4.1608,1.8539,0.7987,1.6847,4.061,53.565,53.711,36.1244,-17.5185,0.2,0.0,0.0,0.0,2.017,0.447,1.7,2.6755,-0.1447,0,0,0,0.771,0.358,0.642,0,0,0.0,4,SEARCH_PHASE,1.8539,0.7987,-45.7827,27.805
769,20.724,-9.6209,10.3024,4.1946,1.8699,0.7908,1.6892,4.095,53.541,53.69,36.1244,-17.5185,0.2,0.0,0.0,0.0,2.023,0.3993,1.7,2.6724,-0.1334,0,0,0,0.77,0.361,0.639,0,0,0.0,4,SEARCH_PHASE,1.8699,0.7908,-45.7453,27.8209
770,20.75,-9.5832,10.3179,4.2284,1.8882,0.777,1.6927,4.128,53.517,53.668,36.1244,-17.5185,0.2,0.0,0.0,0.0,2.0225,0.3513,1.7,2.6653,-0.1479,0,0,0,0.764,0.359,0.641,0,0,0.0,4,SEARCH_PHASE,1.8882,0.777,-45.7076,27.8364
771,20.777,-9.5451,10.333,4.2623,1.906,0.7575,1.6963,4.162,53.492,53.646,36.1244,-17.5185,0.2,0.0,0.0,0.0,2.0207,0.3034,1.7,2.6581,-0.1043,0,0,0,0.762,0.359,0.641,0,0,0.0,4,SEARCH_PHASE,1.906,0.7575,-45.6695,27.8515
772,20.803,-9.5066,10.3477,4.2963,1.9247,0.7317,1.6987,4.196,53.467,53.624,36.1244,-17.5185,0.2,0.0,0.0,0.0,2.0137,0.2559,1.7,2.6477,-0.1468,0,0,0,0.761,0.36,0.64,0,0,0.0,4,SEARCH_PHASE,1.9247,0.7317,-45.631,27.8662
773,20.83,-9.4677,10.3617,4.3303,1.9423,0.7026,1.7011,4.23,53.441,53.6,36.1244,-17.5185,0.2,0.0,0.0,0.0,2.0065,0.2084,1.7,2.6381,-0.0979,0,0,0,0.762,0.355,0.645,0,0,0.0,4,SEARCH_PHASE,1.9423,0.7026,-45.5921,27.8802
774,20.856,-9.4285,10.3751,4.3644,1.9603,0.6673,1.7021,4.264,53.415,53.577,36.1244,-17.5185,0.2,0.0,0.0,0.0,1.9976,0.1613,1.7,2.628,-0.1298,0,0,0,0.756,0.354,0.646,0,0,0.0,4,SEARCH_PHASE,1.9603,0.6673,-45.5529,27.8936
775,20.883,-9.389,10.3877,4.3985,1.977,0.629,1.7035,4.298,53.387,53.552,36.1244,-17.5185,0.2,0.0,0.0,0.0,1.989,0.114,1.652,2.5881,-0.1066,0,0,0,0.753,0.354,0.646,0,0,0.0,4,SEARCH_PHASE,1.977,0.629,-45.5134,27.9062
776,20.91,-9.3492,10.3994,4.4322,1.9893,0.5891,1.6874,4.332,53.36,53.527,36.1244,-17.5185,0.2,0.0,0.0,0.0,1.9803,0.0668,1.604,2.5493,-0.1293,0,0,0,0.75,0.348,0.652,0,0,0.0,4,SEARCH_PHASE,1.9893,0.5891,-45.4736,27.9179
777,20.937,-9.3092,10.4104,4.4654,2.0008,0.5484,1.66,4.365,53.331,53.502,36.1244,-17.5185,0.2,0.0,0.0,0.0,1.9712,0.0197,1.556,2.5114,-0.135,0,0,0,0.748,0.335,0.665,0,0,0.0,4,SEARCH_PHASE,2.0008,0.5484,-45.4336,27.9289
778,20.964,-9.269,10.4205,4.4979,2.0091,0.5049,1.6259,4.398,53.302,53.475,36.1244,-17.5185,0.2,0.0,0.0,0.0,1.9617,-0.0273,1.508,2.4745,-0.1434,0,0,0,0.727,0.335,0.665,0,0,0.0,4,SEARCH_PHASE,2.0091,0.5049,-45.3934,27.939
779,20.99,-9.2287,10.4297,4.5297,2.0166,0.4577,1.5871,4.43,53.273,53.449,36.1244,-17.5185,0.2,0.0,0.0,0.0,1.9527,-0.0745,1.46,2.4393,-0.1202,0,0,0,0.725,0.336,0.664,0,0,0.0,4,SEARCH_PHASE,2.0166,0.4577,-45.3531,27.9482
780,21.018,-9.1882,10.4378,4.5606,2.0211,0.4064,1.5452,4.461,53.243,53.421,36.1244,-17.5185,0.2,0.0,0.0,0.0,1.9457,-0.122,1.412,2.4072,-0.1417,0,0,0,0.719,0.325,0.675,0,0,0.0,4,SEARCH_PHASE,2.0211,0.4064,-45.3126,27.9563
781,21.045,-9.1477,10.4448,4.5906,2.0242,0.3522,1.5011,4.491,53.212,53.393,36.1244,-17.5185,0.2,0.0,0.0,0.0,1.9395,-0.1696,1.364,2.3771,-0.1243,0,0,0,0.727,0.324,0.676,0,0,0.0,4,SEARCH_PHASE,2.0242,0.3522,-45.2722,27.9633
782,21.072,-9.1073,10.4507,4.6197,2.0235,0.2942,1.4545,4.52,53.181,53.364,36.1244,-17.5185,0.2,0.0,0.0,0.0,1.9343,-0.2173,1.316,2.3496,-0.0928,0,0,0,0.724,0.319,0.681,0,0,0.0,4,SEARCH_PHASE,2.0235,0.2942,-45.2317,27.9692
783,21.1,-9.0669,10.4554,4.6478,2.0212,0.233,1.4063,4.548,53.149,53.335,36.1244,-17.5185,0.2,0.0,0.0,0.0,1.9292,-0.265,1.268,2.3238,-0.1291,0,0,0,0.72,0.318,0.682,0,0,0.0,4,SEARCH_PHASE,2.0212,0.233,-45.1913,27.9739
784,21.128,-9.0265,10.4588,4.675,2.0164,0.171,1.3575,4.575,53.116,53.304,36.1244,-17.5185,0.2,0.0,0.0,0.0,1.9247,-0.3128,1.22,2.3001,-0.1078,0,0,0,0.718,0.314,0.686,0,0,0.0,4,SEARCH_PHASE,2.0164,0.171,-45.1509,27.9773
785,21.156,-8.9863,10.4609,4.7011,2.0103,0.1062,1.3071,4.601,53.083,53.274,36.1244,-17.5185,0.2,0.0,0.0,0.0,1.921,-0.3607,1.172,2.2791,-0.0692,0,0,0,0.717,0.309,0.691,0,0,0.0,4,SEARCH_PHASE,2.0103,0.1062,-45.1107,27.9794
786,21.183,-8.9462,10.4617,4.7262,2.0039,0.04,1.2561,4.626,53.05,53.242,36.1244,-17.5185,0.2,0.0,0.0,0.0,1.9185,-0.4086,1.124,2.2608,-0.099,0,0,0,0.714,0.305,0.695,0,0,0.0,4,SEARCH_PHASE,2.0039,0.04,-45.0707,27.9802
787,21.211,-8.9063,10.4612,4.7503,1.9959,-0.0252,1.2051,4.65,53.015,53.21,36.1244,-17.5185,0.2,0.0,0.0,0.0,1.9158,-0.4565,1.076,2.2442,-0.0853,0,0,0,0.713,0.3,0.7,0,0,0.0,4,SEARCH_PHASE,1.9959,-0.0252,-45.0307,27.9797
788,21.239,-8.8666,10.4594,4.7734,1.9863,-0.0912,1.1535,4.673,52.981,53.178,36.1244,-17.5185,0.2,0.0,0.0,0.0,1.9138,-0.5045,1.028,2.2302,-0.0788,0,0,0,0.711,0.295,0.705,0,0,0.0,4,SEARCH_PHASE,1.9863,-0.0912,-44.991,27.9779
789,21.268,-8.8271,10.4562,4.7954,1.9773,-0.1574,1.1029,4.695,52.945,53.145,36.1244,-17.5185,0.2,0.0,0.0,0.0,1.9111,-0.5524,0.98,2.2176,-0.0775,0,0,0,0.721,0.292,0.708,0,0,0.0,4,SEARCH_PHASE,1.9773,-0.1574,-44.9515,27.9747
790,21.296,-8.7877,10.4518,4.8165,1.9674,-0.2227,1.0523,4.716,52.91,53.111,36.1244,-17.5185,0.2,0.0,0.0,0.0,1.9088,-0.6004,0.932,2.2074,-0.0995,0,0,0,0.72,0.292,0.708,0,0,0.0,4,SEARCH_PHASE,1.9674,-0.2227,-44.9121,27.9703
791,21.324,-8.7485,10.4461,4.8365,1.9586,-0.2869,1.0024,4.737,52.873,53.076,36.1244,-17.5185,0.2,0.0,0.0,0.0,1.9071,-0.6483,0.884,2.1997,-0.063,0,0,0,0.72,0.289,0.711,0,0,0.0,4,SEARCH_PHASE,1.9586,-0.2869,-44.8729,27.9646
792,21.351,-8.7095,10.439,4.8556,1.9502,-0.3509,0.9525,4.756,52.837,53.041,36.1244,-17.5185,0.2,0.0,0.0,0.0,1.9056,-0.6963,0.836,2.1943,-0.0969,0,0,0,0.719,0.287,0.713,0,0,0.0,4,SEARCH_PHASE,1.9502,-0.3509,-44.8339,27.9575
793,21.378,-8.6707,10.4308,4.8737,1.9408,-0.4124,0.9033,4.774,52.799,53.006,36.1244,-17.5185,0.2,0.0,0.0,0.0,1.9047,-0.7443,0.788,2.1915,-0.0677,0,0,0,0.709,0.284,0.716,0,0,0.0,4,SEARCH_PHASE,1.9408,-0.4124,-44.7951,27.9493
794,21.405,-8.6321,10.4213,4.8907,1.9316,-0.4734,0.8541,4.791,52.762,52.97,36.1244,-17.5185,0.2,0.0,0.0,0.0,1.9046,-0.7923,0.74,2.1915,-0.0938,0,0,0,0.699,0.276,0.724,0,0,0.0,4,SEARCH_PHASE,1.9316,-0.4734,-44.7565,27.9398
795,21.433,-8.5936,10.4107,4.9069,1.9225,-0.5322,0.8057,4.807,52.723,52.933,36.1244,-17.5185,0.2,0.0,0.0,0.0,1.9048,-0.8403,0.692,2.1939,-0.0759,0,0,0,0.692,0.275,0.725,0,0,0.0,4,SEARCH_PHASE,1.9225,-0.5322,-44.718,27.9292
796,21.46,-8.5554,10.3989,4.922,1.9123,-0.5901,0.7569,4.822,52.685,52.896,36.1244,-17.5185,0.2,0.0,0.0,0.0,1.9053,-0.8883,0.644,2.1986,-0.0817,0,0,0,0.672,0.275,0.725,0,0,0.0,4,SEARCH_PHASE,1.9123,-0.5901,-44.6798,27.9174
797,21.487,-8.5173,10.3859,4.9362,1.9031,-0.6463,0.7091,4.836,52.645,52.858,36.1244,-17.5185,0.2,0.0,0.0,0.0,1.9057,-0.9363,0.596,2.2053,-0.0627,0,0,0,0.671,0.272,0.728,0,0,0.0,4,SEARCH_PHASE,1.9031,-0.6463,-44.6417,27.9044
798,21.515,-8.4795,10.3719,4.9494,1.8929,-0.7008,0.6616,4.849,52.606,52.82,36.1244,-17.5185,0.2,0.0,0.0,0.0,1.9061,-0.9843,0.548,2.2141,-0.0872,0,0,0,0.67,0.268,0.732,0,0,0.0,4,SEARCH_PHASE,1.8929,-0.7008,-44.6039,27.8904
799,21.542,-8.4418,10.3569,4.9617,1.8838,-0.7525,0.6147,4.862,52.566,52.781,36.1244,-17.5185,0.2,0.0,0.0,0.0,1.9064,-1.0323,0.5,2.2249,-0.0686,0,0,0,0.672,0.268,0.732,0,0,0.0,4,SEARCH_PHASE,1.8838,-0.7525,-44.5662,27.8754
800,21.57,-8.4043,10.3408,4.9731,1.8742,-0.8029,0.568,4.873,52.526,52.742,36.1244,-17.5185,0.2,0.0,0.0,0.0,1.9067,-1.0803,0.452,2.2376,-0.091,0,0,0,0.67,0.266,0.734,0,0,0.0,4,SEARCH_PHASE,1.8742,-0.8029,-44.5287,27.8593
801,21.596,-8.367,10.3238,4.9835,1.8662,-0.8508,0.5217,4.883,52.485,52.703,36.1244,-17.5185,0.2,0.0,0.0,0.0,1.907,-1.1283,0.404,2.2523,-0.0721,0,0,0,0.672,0.263,0.737,0,0,0.0,4,SEARCH_PHASE,1.8662,-0.8508,-44.4914,27.8423
802,21.622,-8.3298,10.3059,4.993,1.8575,-0.8974,0.4751,4.893,52.444,52.663,36.1244,-17.5185,0.2,0.0,0.0,0.0,1.9072,-1.1763,0.356,2.2688,-0.1015,0,0,0,0.672,0.263,0.737,0,0,0.0,4,SEARCH_PHASE,1.8575,-0.8974,-44.4542,27.8244
803,21.649,-8.2928,10.287,5.0016,1.8501,-0.9416,0.429,4.902,52.403,52.622,36.1244,-17.5185,0.2,0.0,0.0,0.0,1.9071,-1.1939,0.308,2.271,-0.0909,0,0,0,0.675,0.271,0.729,0,0,0.0,4,SEARCH_PHASE,1.8501,-0.9416,-44.4172,27.8055
804,21.675,-8.256,10.2673,5.0092,1.8439,-0.985,0.3818,4.909,52.361,52.581,36.1244,-17.5185,0.2,0.0,0.0,0.0,1.9071,-1.194,0.26,2.265,-0.1055,0,0,0,0.679,0.272,0.728,0,0,0.0,4,SEARCH_PHASE,1.8439,-0.985,-44.3804,27.7858
805,21.701,-8.2191,10.2468,5.0159,1.8405,-1.0265,0.3331,4.916,52.319,52.54,36.1244,-17.5185,0.2,0.0,0.0,0.0,1.907,-1.1941,0.212,2.26,-0.0738,0,0,0,0.68,0.27,0.73,0,0,0.0,4,SEARCH_PHASE,1.8405,-1.0265,-44.3436,27.7653
806,21.726,-8.1824,10.2254,5.0215,1.8379,-1.0676,0.2832,4.922,52.276,52.498,36.1244,-17.5185,0.2,0.0,0.0,0.0,1.907,-1.1941,0.164,2.256,-0.0572,0,0,0,0.68,0.275,0.725,0,0,0.0,4,SEARCH_PHASE,1.8379,-1.0676,-44.3068,27.7439
807,21.752,-8.1457,10.2033,5.0262,1.835,-1.1066,0.2327,4.926,52.234,52.456,36.1244,-17.5185,0.2,0.0,0.0,0.0,1.907,-1.1941,0.116,2.253,-0.0737,0,0,0,0.68,0.278,0.722,0,0,0.0,4,SEARCH_PHASE,1.835,-1.1066,-44.2701,27.7218
808,21.777,-8.109,10.1805,5.0299,1.8339,-1.1427,0.1837,4.93,52.19,52.413,36.1244,-17.5185,0.2,0.0,0.0,0.0,1.907,-1.1941,0.068,2.251,-0.0551,0,0,0,0.675,0.276,0.724,0,0,0.0,4,SEARCH_PHASE,1.8339,-1.1427,-44.2334,27.699
809,21.802,-8.0723,10.1569,5.0326,1.833,-1.1763,0.1351,4.933,52.147,52.37,36.1244,-17.5185,0.2,0.0,0.0,0.0,1.907,-1.1941,0.02,2.2501,-0.0646,0,0,0,0.674,0.272,0.728,0,0,0.0,4,SEARCH_PHASE,1.833,-1.1763,-44.1968,27.6754
810,21.827,-8.0357,10.1328,5.0343,1.8344,-1.2065,0.0872,4.934,52.103,52.327,36.1244,-17.5185,0.2,0.0,0.0,0.0,1.907,-1.1941,-0.028,2.2502,-0.0451,0,0,0,0.677,0.278,0.722,0,0,0.0,4,SEARCH_PHASE,1.8344,-1.2065,-44.1601,27.6513
811,21.853,-7.9989,10.1081,5.0351,1.836,-1.2335,0.04,4.935,52.059,52.283,36.1244,-17.5185,0.2,0.0,0.0,0.0,1.907,-1.194,-0.076,2.2513,-0.0714,0,0,0,0.668,0.273,0.727,0,0,0.0,4,SEARCH_PHASE,1.836,-1.2335,-44.1234,27.6266
812,21.878,-7.9621,10.083,5.035,1.8397,-1.256,-0.0067,4.935,52.014,52.238,36.1244,-17.5185,0.2,0.0,0.0,0.0,1.9071,-1.194,-0.124,2.2534,-0.0502,0,0,0,0.671,0.272,0.728,0,0,0.0,4,SEARCH_PHASE,1.8397,-1.256,-44.0866,27.6015
813,21.904,-7.9253,10.0575,5.0339,1.8432,-1.2755,-0.053,4.934,51.969,52.194,36.1244,-17.5185,0.2,0.0,0.0,0.0,1.9071,-1.1939,-0.172,2.2566,-0.0775,0,0,0,0.669,0.263,0.737,0,0,0.0,4,SEARCH_PHASE,1.8432,-1.2755,-44.0497,27.576
814,21.929,-7.8883,10.0317,5.0319,1.8483,-1.2906,-0.0991,4.932,51.924,52.149,36.1244,-17.5185,0.2,0.0,0.0,0.0,1.9072,-1.1938,-0.22,2.2607,-0.0564,0,0,0,0.662,0.266,0.734,0,0,0.0,4,SEARCH_PHASE,1.8483,-1.2906,-44.0127,27.5502
815,21.955,-7.8513,10.0056,5.029,1.8526,-1.3028,-0.1456,4.929,51.879,52.103,36.1244,-17.5185,0.2,0.0,0.0,0.0,1.9072,-1.1937,-0.268,2.2659,-0.0758,0,0,0,0.663,0.263,0.737,0,0,0.0,4,SEARCH_PHASE,1.8526,-1.3028,-43.9757,27.5241
816,21.981,-7.8141,9.9794,5.0252,1.8581,-1.3109,-0.1914,4.925,51.834,52.058,36.1244,-17.5185,0.2,0.0,0.0,0.0,1.9073,-1.1936,-0.316,2.2721,-0.0462,0,0,0,0.665,0.258,0.742,0,0,0.0,4,SEARCH_PHASE,1.8581,-1.3109,-43.9385,27.4979
817,22.006,-7.7768,9.9531,5.0204,1.8629,-1.3161,-0.237,4.92,51.788,52.012,36.1244,-17.5185,0.2,0.0,0.0,0.0,1.9073,-1.1935,-0.364,2.2793,-0.0694,0,0,0,0.655,0.26,0.74,0,0,0.0,4,SEARCH_PHASE,1.8629,-1.3161,-43.9013,27.4716
818,22.031,-7.7395,9.9268,5.0148,1.8679,-1.3171,-0.2836,4.915,51.742,51.966,36.1244,-17.5185,0.2,0.0,0.0,0.0,1.9074,-1.1934,-0.412,2.2874,-0.0606,0,0,0,0.658,0.256,0.744,0,0,0.0,4,SEARCH_PHASE,1.8679,-1.3171,-43.8639,27.4453
819,22.057,-7.7021,9.9004,5.0082,1.8712,-1.3153,-0.3294,4.908,51.697,51.92,36.1244,-17.5185,0.2,0.0,0.0,0.0,1.9075,-1.1934,-0.46,2.2965,-0.0878,0,0,0,0.658,0.26,0.74,0,0,0.0,4,SEARCH_PHASE,1.8712,-1.3153,-43.8265,27.4189
820,22.082,-7.6646,9.8742,5.0007,1.8745,-1.3103,-0.3757,4.901,51.651,51.874,36.1244,-17.5185,0.2,0.0,0.0,0.0,1.9075,-1.1933,-0.508,2.3066,-0.0648,0,0,0,0.651,0.264,0.736,0,0,0.0,4,SEARCH_PHASE,1.8745,-1.3103,-43.789,27.3927
821,22.107,-7.627,9.8482,4.9922,1.8767,-1.3037,-0.4222,4.892,51.605,51.827,36.1244,-17.5185,0.2,0.0,0.0,0.0,1.9076,-1.1932,-0.556,2.3177,-0.0898,0,0,0,0.552,0.26,0.74,0,0,0.0,4,SEARCH_PHASE,1.8767,-1.3037,-43.7514,27.3667
822,22.133,-7.5894,9.8223,4.9828,1.8795,-1.2942,-0.4694,4.883,51.56,51.781,36.1244,-17.5185,0.2,0.0,0.0,0.0,1.9076,-1.1931,-0.604,2.3297,-0.0932,0,0,0,0.552,0.26,0.74,0,0,0.0,4,SEARCH_PHASE,1.8795,-1.2942,-43.7139,27.3408
823,22.159,-7.5518,9.7966,4.9725,1.881,-1.2833,-0.5167,4.873,51.514,51.735,36.1244,-17.5185,0.2,0.0,0.0,0.0,1.9077,-1.193,-0.652,2.3426,-0.0963,0,0,0,0.548,0.256,0.744,0,0,0.0,4,SEARCH_PHASE,1.881,-1.2833,-43.6762,27.3151
824,22.184,-7.5142,9.7712,4.9612,1.8826,-1.2713,-0.5643,4.861,51.469,51.689,36.1244,-17.5185,0.2,0.0,0.0,0.0,1.9077,-1.193,-0.7,2.3564,-0.0798,0,0,0,0.55,0.256,0.744,0,0,0.0,4,SEARCH_PHASE,1.8826,-1.2713,-43.6386,27.2897
825,22.21,-7.4765,9.746,4.949,1.8827,-1.259,-0.6124,4.849,51.424,51.643,36.1244,-17.5185,0.2,0.0,0.0,0.0,1.9077,-1.1929,-0.748,2.3711,-0.1017,0,0,0,0.554,0.25,0.75,0,0,0.0,4,SEARCH_PHASE,1.8827,-1.259,-43.6009,27.2645
826,22.235,-7.4389,9.7211,4.9358,1.8833,-1.2452,-0.6602,4.836,51.379,51.596,36.1244,-17.5185,0.2,0.0,0.0,0.0,1.9077,-1.1929,-0.796,2.3867,-0.1005,0,0,0,0.55,0.253,0.747,0,0,0.0,4,SEARCH_PHASE,1.8833,-1.2452,-43.5633,27.2396
827,22.261,-7.4012,9.6965,4.9216,1.8826,-1.2315,-0.7087,4.822,51.334,51.55,36.1244,-17.5185,0.2,0.0,0.0,0.0,1.9078,-1.1929,-0.844,2.4031,-0.1142,0,0,0,0.551,0.251,0.749,0,0,0.0,4,SEARCH_PHASE,1.8826,-1.2315,-43.5256,27.215
828,22.287,-7.3636,9.6721,4.9065,1.8822,-1.2178,-0.7569,4.806,51.289,51.504,36.1244,-17.5185,0.2,0.0,0.0,0.0,1.9078,-1.1928,-0.892,2.4204,-0.0919,0,0,0,0.554,0.256,0.744,0,0,0.0,4,SEARCH_PHASE,1.8822,-1.2178,-43.488,27.1906
829,22.313,-7.3259,9.648,4.8904,1.8811,-1.2054,-0.8042,4.79,51.244,51.458,36.1244,-17.5185,0.2,0.0,0.0,0.0,1.9078,-1.1928,-0.94,2.4385,-0.1127,0,0,0,0.556,0.257,0.743,0,0,0.0,4,SEARCH_PHASE,1.8811,-1.2054,-43.4503,27.1665
830,22.34,-7.2883,9.6242,4.8733,1.8813,-1.193,-0.8517,4.773,51.199,51.412,36.1244,-17.5185,0.2,0.0,0.0,0.0,1.9078,-1.1928,-0.988,2.4574,-0.0912,0,0,0,0.558,0.26,0.74,0,0,0.0,4,SEARCH_PHASE,1.8813,-1.193,-43.4127,27.1427
831,22.366,-7.2507,9.6005,4.8554,1.8807,-1.1819,-0.8993,4.755,51.155,51.366,36.1244,-17.5185,0.2,0.0,0.0,0.0,1.9078,-1.1928,-1.036,2.4771,-0.1119,0,0,0,0.56,0.258,0.742,0,0,0.0,4,SEARCH_PHASE,1.8807,-1.1819,-43.3751,27.119
832,22.394,-7.2131,9.5771,4.8364,1.881,-1.171,-0.9469,4.736,51.111,51.321,36.1244,-17.5185,0.2,0.0,0.0,0.0,1.9078,-1.1928,-1.084,2.4975,-0.0908,0,0,0,0.564,0.264,0.736,0,0,0.0,4,SEARCH_PHASE,1.881,-1.171,-43.3375,27.0956
833,22.42,-7.1755,9.5539,4.8165,1.8803,-1.1615,-0.9945,4.717,51.067,51.275,36.1244,-17.5185,0.2,0.0,0.0,0.0,1.9078,-1.1928,-1.132,2.5187,-0.1113,0,0,0,0.562,0.264,0.736,0,0,0.0,4,SEARCH_PHASE,1.8803,-1.1615,-43.2999,27.0724
834,22.447,-7.1379,9.5308,4.7957,1.8802,-1.1523,-1.042,4.696,51.022,51.229,36.1244,-17.5185,0.2,0.0,0.0,0.0,1.9078,-1.1928,-1.18,2.5406,-0.0907,0,0,0,0.565,0.265,0.735,0,0,0.0,4,SEARCH_PHASE,1.8802,-1.1523,-43.2623,27.0493
835,22.474,-7.1003,9.5079,4.7739,1.8787,-1.1445,-1.0897,4.674,50.978,51.183,36.1244,-17.5185,0.2,0.0,0.0,0.0,1.9078,-1.1928,-1.228,2.5633,-0.1159,0,0,0,0.568,0.267,0.733,0,0,0.0,4,SEARCH_PHASE,1.8787,-1.1445,-43.2247,27.0264
836,22.5,-7.0627,9.4852,4.7511,1.8776,-1.1372,-1.1372,4.651,50.935,51.137,36.1244,-17.5185,0.2,0.0,0.0,0.0,1.9078,-1.1929,-1.276,2.5866,-0.0919,0,0,0,0.573,0.267,0.733,0,0,0.0,4,SEARCH_PHASE,1.8776,-1.1372,-43.1872,27.0037
837,22.525,-7.0252,9.4626,4.7275,1.8762,-1.1318,-1.1845,4.627,50.891,51.092,36.1244,-17.5185,0.2,0.0,0.0,0.0,1.9077,-1.1929,-1.324,2.6106,-0.112,0,0,0,0.572,0.266,0.734,0,0,0.0,4,SEARCH_PHASE,1.8762,-1.1318,-43.1496,26.9811
838,22.551,-6.9877,9.44,4.7028,1.8755,-1.1269,-1.2318,4.603,50.847,51.046,36.1244,-17.5185,0.2,0.0,0.0,0.0,1.9077,-1.1929,-1.372,2.6353,-0.0921,0,0,0,0.576,0.272,0.728,0,0,0.0,4,SEARCH_PHASE,1.8755,-1.1269,-43.1121,26.9585
839,22.576,-6.9502,9.4175,4.6772,1.8736,-1.1238,-1.2793,4.577,50.803,51.0,36.1244,-17.5185,0.2,0.0,0.0,0.0,1.9077,-1.193,-1.42,2.6606,-0.115,0,0,0,0.577,0.27,0.73,0,0,0.0,4,SEARCH_PHASE,1.8736,-1.1238,-43.0746,26.936
840,22.601,-6.9128,9.3951,4.6507,1.8722,-1.1214,-1.3266,4.551,50.76,50.954,36.1244,-17.5185,0.2,0.0,0.0,0.0,1.9077,-1.193,-1.468,2.6865,-0.0956,0,0,0,0.584,0.269,0.731,0,0,0.0,4,SEARCH_PHASE,1.8722,-1.1214,-43.0372,26.9136
841,22.625,-6.8754,9.3727,4.6232,1.8699,-1.121,-1.374,4.523,50.716,50.909,36.1244,-17.5185,0.2,0.0,0.0,0.0,1.9077,-1.193,-1.5,2.7042,-0.1023,0,0,0,0.585,0.27,0.73,0,0,0.0,4,SEARCH_PHASE,1.8699,-1.121,-42.9998,26.8912
842,22.651,-6.838,9.3503,4.5949,1.8688,-1.1218,-1.4154,4.495,50.672,50.863,36.1244,-17.5185,0.2,0.0,0.0,0.0,1.9077,-1.193,-1.5,2.7042,-0.0828,0,0,0,0.591,0.272,0.728,0,0,0.0,4,SEARCH_PHASE,1.8688,-1.1218,-42.9624,26.8688
843,22.676,-6.8007,9.3278,4.5661,1.8673,-1.1245,-1.4414,4.466,50.629,50.817,36.1244,-17.5185,0.2,0.0,0.0,0.0,1.9076,-1.1931,-1.5,2.7042,-0.1038,0,0,0,0.591,0.277,0.723,0,0,0.0,4,SEARCH_PHASE,1.8673,-1.1245,-42.9251,26.8463
844,22.702,-6.7633,9.3052,4.5369,1.8672,-1.1279,-1.4577,4.437,50.585,50.771,36.1244,-17.5185,0.2,0.0,0.0,0.0,1.9076,-1.1931,-1.5,2.7042,-0.083,0,0,0,0.597,0.272,0.728,0,0,0.0,4,SEARCH_PHASE,1.8672,-1.1279,-42.8877,26.8237
845,22.727,-6.726,9.2825,4.5076,1.8659,-1.1334,-1.4682,4.408,50.542,50.725,36.1244,-17.5185,0.2,0.0,0.0,0.0,1.9076,-1.1931,-1.5,2.7042,-0.0736,0,0,0,0.597,0.274,0.726,0,0,0.0,4,SEARCH_PHASE,1.8659,-1.1334,-42.8504,26.801
846,22.753,-6.6887,9.2597,4.4781,1.8657,-1.1396,-1.4749,4.378,50.498,50.679,36.1244,-17.5185,0.2,0.0,0.0,0.0,1.9076,-1.1931,-1.5,2.7042,-0.0849,0,0,0,0.602,0.278,0.722,0,0,0.0,4,SEARCH_PHASE,1.8657,-1.1396,-42.8131,26.7782
847,22.779,-6.6514,9.2368,4.4485,1.8647,-1.1455,-1.479,4.348,50.454,50.633,36.1244,-17.5185,0.2,0.0,0.0,0.0,1.9076,-1.1932,-1.5,2.7042,-0.082,0,0,0,0.603,0.276,0.724,0,0,0.0,4,SEARCH_PHASE,1.8647,-1.1455,-42.7758,26.7553
848,22.806,-6.6141,9.2138,4.4188,1.865,-1.1514,-1.4823,4.319,50.41,50.587,36.1244,-17.5185,0.2,0.0,0.0,0.0,1.9076,-1.1932,-1.5,2.7042,-0.0806,0,0,0,0.608,0.281,0.719,0,0,0.0,4,SEARCH_PHASE,1.865,-1.1514,-42.7385,26.7323
849,22.832,-6.5768,9.1907,4.3892,1.8644,-1.1569,-1.484,4.289,50.366,50.54,36.1244,-17.5185,0.2,0.0,0.0,0.0,1.9076,-1.1932,-1.5,2.7042,-0.0992,0,0,0,0.61,0.283,0.717,0,0,0.0,4,SEARCH_PHASE,1.8644,-1.1569,-42.7012,26.7092
850,22.858,-6.5395,9.1674,4.3595,1.8655,-1.1618,-1.4847,4.259,50.322,50.494,36.1244,-17.5185,0.2,0.0,0.0,0.0,1.9076,-1.1932,-1.5,2.7042,-0.0745,0,0,0,0.615,0.282,0.718,0,0,0.0,4,SEARCH_PHASE,1.8655,-1.1618,-42.6639,26.6859
851,22.884,-6.5022,9.1441,4.3298,1.8653,-1.1675,-1.4852,4.23,50.278,50.448,36.1244,-17.5185,0.2,0.0,0.0,0.0,1.9076,-1.1932,-1.5,2.7042,-0.0962,0,0,0,0.615,0.286,0.714,0,0,0.0,4,SEARCH_PHASE,1.8653,-1.1675,-42.6266,26.6626
852,22.91,-6.4649,9.1206,4.3,1.8668,-1.1725,-1.4862,4.2,50.234,50.401,36.1244,-17.5185,0.2,0.0,0.0,0.0,1.9076,-1.1932,-1.5,2.7042,-0.0756,0,0,0,0.62,0.284,0.716,0,0,0.0,4,SEARCH_PHASE,1.8668,-1.1725,-42.5893,26.6391
853,22.937,-6.4275,9.0971,4.2703,1.8666,-1.1785,-1.4863,4.17,50.19,50.355,36.1244,-17.5185,0.2,0.0,0.0,0.0,1.9076,-1.1932,-1.5,2.7042,-0.0834,0,0,0,0.622,0.287,0.713,0,0,0.0,4,SEARCH_PHASE,1.8666,-1.1785,-42.5519,26.6156
854,22.963,-6.3902,9.0734,4.2406,1.8678,-1.1838,-1.4863,4.141,50.146,50.308,36.1244,-17.5185,0.2,0.0,0.0,0.0,1.9076,-1.1932,-1.5,2.7042,-0.0625,0,0,0,0.625,0.291,0.709,0,0,0.0,4,SEARCH_PHASE,1.8678,-1.1838,-42.5146,26.5919
855,22.99,-6.3528,9.0496,4.2109,1.8677,-1.1888,-1.4862,4.111,50.102,50.262,36.1244,-17.5185,0.2,0.0,0.0,0.0,1.9076,-1.1931,-1.5,2.7042,-0.0881,0,0,0,0.626,0.287,0.713,0,0,0.0,4,SEARCH_PHASE,1.8677,-1.1888,-42.4772,26.5681
856,23.017,-6.3154,9.0258,4.1811,1.869,-1.192,-1.4862,4.081,50.057,50.215,36.1244,-17.5185,0.2,0.0,0.0,0.0,1.9076,-1.1931,-1.5,2.7042,-0.067,0,0,0,0.63,0.289,0.711,0,0,0.0,4,SEARCH_PHASE,1.869,-1.192,-42.4398,26.5443
857,23.043,-6.2781,9.0019,4.1514,1.8686,-1.1949,-1.486,4.051,50.013,50.169,36.1244,-17.5185,0.2,0.0,0.0,0.0,1.9076,-1.1931,-1.5,2.7042,-0.0931,0,0,0,0.629,0.293,0.707,0,0,0.0,4,SEARCH_PHASE,1.8686,-1.1949,-42.4025,26.5204
858,23.069,-6.2407,8.978,4.1217,1.8693,-1.1961,-1.4859,4.022,49.969,50.122,36.1244,-17.5185,0.2,0.0,0.0,0.0,1.9076,-1.1931,-1.5,2.7042,-0.0719,0,0,0,0.632,0.294,0.706,0,0,0.0,4,SEARCH_PHASE,1.8693,-1.1961,-42.3651,26.4965
859,23.095,-6.2033,8.954,4.092,1.8679,-1.1974,-1.486,3.992,49.924,50.076,36.1244,-17.5185,0.2,0.0,0.0,0.0,1.9076,-1.1931,-1.5,2.7042,-0.1024,0,0,0,0.633,0.293,0.707,0,0,0.0,4,SEARCH_PHASE,1.8679,-1.1974,-42.3277,26.4725
860,23.121,-6.166,8.9301,4.0623,1.8671,-1.197,-1.4858,3.962,49.88,50.029,36.1244,-17.5185,0.2,0.0,0.0,0.0,1.9077,-1.1931,-1.5,2.7042,-0.0812,0,0,0,0.639,0.295,0.705,0,0,0.0,4,SEARCH_PHASE,1.8671,-1.197,-42.2904,26.4486
861,23.147,-6.1287,8.9061,4.0325,1.8654,-1.1971,-1.4862,3.933,49.836,49.983,36.1244,-17.5185,0.2,0.0,0.0,0.0,1.9077,-1.193,-1.5,2.7042,-0.1049,0,0,0,0.639,0.296,0.704,0,0,0.0,4,SEARCH_PHASE,1.8654,-1.1971,-42.2531,26.4246
862,23.173,-6.0914,8.8822,4.0028,1.8655,-1.1961,-1.4859,3.903,49.791,49.936,36.1244,-17.5185,0.2,0.0,0.0,0.0,1.9077,-1.193,-1.5,2.7042,-0.0812,0,0,0,0.644,0.302,0.698,0,0,0.0,4,SEARCH_PHASE,1.8655,-1.1961,-42.2158,26.4007
863,23.2,-6.0541,8.8583,3.9731,1.8644,-1.1957,-1.4857,3.873,49.747,49.89,36.1244,-17.5185,0.2,0.0,0.0,0.0,1.9077,-1.193,-1.5,2.7042,-0.106,0,0,0,0.644,0.298,0.702,0,0,0.0,4,SEARCH_PHASE,1.8644,-1.1957,-42.1785,26.3768
864,23.226,-6.0168,8.8344,3.9434,1.8648,-1.1944,-1.4857,3.843,49.703,49.843,36.1244,-17.5185,0.2,0.0,0.0,0.0,1.9077,-1.193,-1.5,2.7042,-0.0825,0,0,0,0.649,0.305,0.695,0,0,0.0,4,SEARCH_PHASE,1.8648,-1.1944,-42.1412,26.3529
865,23.253,-5.9795,8.8105,3.9137,1.8636,-1.1938,-1.4856,3.814,49.658,49.797,36.1244,-17.5185,0.2,0.0,0.0,0.0,1.9077,-1.193,-1.5,2.7042,-0.1074,0,0,0,0.648,0.3,0.7,0,0,0.0,4,SEARCH_PHASE,1.8636,-1.1938,-42.1039,26.329
866,23.279,-5.9422,8.7867,3.884,1.8635,-1.1923,-1.4855,3.784,49.614,49.751,36.1244,-17.5185,0.2,0.0,0.0,0.0,1.9077,-1.1929,-1.5,2.7042,-0.0841,0,0,0,0.652,0.307,0.693,0,0,0.0,4,SEARCH_PHASE,1.8635,-1.1923,-42.0666,26.3052
867,23.306,-5.905,8.7628,3.8543,1.8614,-1.1918,-1.4857,3.754,49.57,49.704,36.1244,-17.5185,0.2,0.0,0.0,0.0,1.9077,-1.1929,-1.5,2.7042,-0.1074,0,0,0,0.653,0.303,0.697,0,0,0.0,4,SEARCH_PHASE,1.8614,-1.1918,-42.0294,26.2813
868,23.331,-5.8678,8.739,3.8246,1.8601,-1.1906,-1.4856,3.725,49.526,49.658,36.1244,-17.5185,0.2,0.0,0.0,0.0,1.9077,-1.1929,-1.5,2.7042,-0.0845,0,0,0,0.659,0.312,0.688,0,0,0.0,4,SEARCH_PHASE,1.8601,-1.1906,-41.9922,26.2575
869,23.358,-5.8306,8.7152,3.7948,1.8578,-1.1904,-1.4855,3.695,49.482,49.612,36.1244,-17.5185,0.2,0.0,0.0,0.0,1.9078,-1.1929,-1.5,2.7042,-0.1093,0,0,0,0.659,0.31,0.69,0,0,0.0,4,SEARCH_PHASE,1.8578,-1.1904,-41.9551,26.2337
870,23.384,-5.7935,8.6914,3.7651,1.8571,-1.1895,-1.4855,3.665,49.438,49.566,36.1244,-17.5185,0.2,0.0,0.0,0.0,1.9078,-1.1929,-1.5,2.7042,-0.0864,0,0,0,0.664,0.318,0.682,0,0,0.0,4,SEARCH_PHASE,1.8571,-1.1895,-41.9179,26.2099
871,23.41,-5.7564,8.6676,3.7354,1.8551,-1.1897,-1.4855,3.635,49.393,49.52,36.1244,-17.5185,0.2,0.0,0.0,0.0,1.9078,-1.1928,-1.5,2.7042,-0.1019,0,0,0,0.664,0.316,0.684,0,0,0.0,4,SEARCH_PHASE,1.8551,-1.1897,-41.8808,26.1861
872,23.436,-5.7193,8.6439,3.7057,1.8544,-1.1893,-1.4855,3.606,49.349,49.474,36.1244,-17.5185,0.2,0.0,0.0,0.0,1.9078,-1.1928,-1.452,2.6778,-0.0791,0,0,0,0.669,0.322,0.678,0,0,0.0,4,SEARCH_PHASE,1.8544,-1.1893,-41.8437,26.1624
873,23.462,-5.6823,8.6201,3.6764,1.8525,-1.1898,-1.4677,3.576,49.305,49.428,36.1244,-17.5185,0.2,0.0,0.0,0.0,1.9078,-1.1928,-1.404,2.6521,-0.1058,0,0,0,0.668,0.316,0.684,0,0,0.0,4,SEARCH_PHASE,1.8525,-1.1898,-41.8067,26.1386
874,23.489,-5.6452,8.5963,3.6476,1.8522,-1.1893,-1.4388,3.548,49.261,49.382,36.1244,-17.5185,0.2,0.0,0.0,0.0,1.9074,-1.1935,-1.356,2.627,-0.0814,0,0,0,0.673,0.325,0.675,0,0,0.0,4,SEARCH_PHASE,1.8522,-1.1893,-41.7696,26.1148
875,23.516,-5.6082,8.5725,3.6195,1.8498,-1.1897,-1.403,3.52,49.217,49.336,36.1244,-17.5185,0.2,0.0,0.0,0.0,1.9073,-1.1936,-1.308,2.6026,-0.1113,0,0,0,0.673,0.32,0.68,0,0,0.0,4,SEARCH_PHASE,1.8498,-1.1897,-41.7326,26.091
876,23.542,-5.5712,8.5487,3.5923,1.8488,-1.189,-1.3627,3.492,49.173,49.29,36.1244,-17.5185,0.2,0.0,0.0,0.0,1.906,-1.1957,-1.26,2.5788,-0.0864,0,0,0,0.678,0.328,0.672,0,0,0.0,4,SEARCH_PHASE,1.8488,-1.189,-41.6957,26.0672
877,23.568,-5.5343,8.5249,3.5659,1.8462,-1.1897,-1.32,3.466,49.13,49.245,36.1244,-17.5185,0.2,0.0,0.0,0.0,1.9062,-1.1954,-1.212,2.5557,-0.1126,0,0,0,0.678,0.323,0.677,0,0,0.0,4,SEARCH_PHASE,1.8462,-1.1897,-41.6587,26.0434
878,23.594,-5.4974,8.5011,3.5404,1.8457,-1.1897,-1.2752,3.44,49.086,49.199,36.1244,-17.5185,0.2,0.0,0.0,0.0,1.9045,-1.198,-1.164,2.5333,-0.0861,0,0,0,0.683,0.329,0.671,0,0,0.0,4,SEARCH_PHASE,1.8457,-1.1897,-41.6218,26.0196
879,23.621,-5.4605,8.4773,3.5158,1.8431,-1.1912,-1.2294,3.416,49.042,49.154,36.1244,-17.5185,0.2,0.0,0.0,0.0,1.9051,-1.1971,-1.116,2.5116,-0.1048,0,0,0,0.682,0.325,0.675,0,0,0.0,4,SEARCH_PHASE,1.8431,-1.1912,-41.585,25.9958
880,23.647,-5.4237,8.4534,3.4921,1.8421,-1.1921,-1.183,3.392,48.998,49.108,36.1244,-17.5185,0.2,0.0,0.0,0.0,1.9036,-1.1995,-1.068,2.4906,-0.0787,0,0,0,0.686,0.328,0.672,0,0,0.0,4,SEARCH_PHASE,1.8421,-1.1921,-41.5481,25.9719
881,23.674,-5.3869,8.4296,3.4694,1.8388,-1.1939,-1.1362,3.369,48.954,49.063,36.1244,-17.5185,0.2,0.0,0.0,0.0,1.9033,-1.1999,-1.02,2.4704,-0.109,0,0,0,0.686,0.331,0.669,0,0,0.0,4,SEARCH_PHASE,1.8388,-1.1939,-41.5113,25.9481
882,23.699,-5.3502,8.4057,3.4476,1.8369,-1.1944,-1.089,2.633,48.91,49.018,36.1244,-17.5185,0.2,0.0,0.0,0.0,1.9004,-1.2045,-0.972,2.451,-0.0833,0,0,0,0.692,0.331,0.669,0,0,0.0,4,SEARCH_PHASE,1.8369,-1.1944,-41.4746,25.9242
883,23.726,-5.3135,8.3817,3.4268,1.8339,-1.1965,-1.0415,2.594,48.866,48.973,36.1244,-17.5185,0.2,0.0,0.0,0.0,1.9007,-1.2041,-0.924,2.4323,-0.1099,0,0,0,0.692,0.336,0.664,0,0,0.0,4,SEARCH_PHASE,1.8339,-1.1965,-41.4379,25.9002
884,23.751,-5.2768,8.3578,3.4069,1.8337,-1.1978,-0.9942,2.556,48.823,48.928,36.1244,-17.5185,0.2,0.0,0.0,0.0,1.8972,-1.2096,-0.876,2.4145,-0.0841,0,0,0,0.697,0.338,0.662,0,0,0.0,4,SEARCH_PHASE,1.8337,-1.1978,-41.4012,25.8763
885,23.776,-5.2402,8.3338,3.388,1.8318,-1.2008,-0.9467,2.519,48.779,48.883,36.1244,-17.5185,0.2,0.0,0.0,0.0,1.8979,-1.2084,-0.828,2.3975,-0.1007,0,0,0,0.696,0.338,0.662,0,0,0.0,4,SEARCH_PHASE,1.8318,-1.2008,-41.3646,25.8523
886,23.801,-5.2036,8.3097,3.37,1.8321,-1.2032,-0.8992,2.483,48.735,48.838,36.1244,-17.5185,0.2,0.0,0.0,0.0,1.8941,-1.2144,-0.78,2.3814,-0.075,0,0,0,0.7,0.339,0.661,0,0,0.0,4,SEARCH_PHASE,1.8321,-1.2032,-41.328,25.8282
887,23.826,-5.1669,8.2856,3.353,1.8307,-1.2064,-0.8516,2.448,48.691,48.793,36.1244,-17.5185,0.2,0.0,0.0,0.0,1.8958,-1.2117,-0.732,2.3661,-0.1019,0,0,0,0.699,0.341,0.659,0,0,0.0,4,SEARCH_PHASE,1.8307,-1.2064,-41.2914,25.8041
888,23.851,-5.1303,8.2614,3.3369,1.8313,-1.2082,-0.804,2.414,48.647,48.748,36.1244,-17.5185,0.2,0.0,0.0,0.0,1.8926,-1.2168,-0.684,2.3517,-0.0763,0,0,0,0.702,0.34,0.66,0,0,0.0,4,SEARCH_PHASE,1.8313,-1.2082,-41.2547,25.7799
889,23.876,-5.0937,8.2372,3.3217,1.8297,-1.211,-0.7564,2.381,48.603,48.704,36.1244,-17.5185,0.2,0.0,0.0,0.0,1.8953,-1.2126,-0.636,2.3382,-0.1034,0,0,0,0.7,0.341,0.659,0,0,0.0,4,SEARCH_PHASE,1.8297,-1.211,-41.2181,25.7557
890,23.901,-5.0571,8.2129,3.3076,1.8297,-1.2125,-0.7088,2.348,48.56,48.659,36.1244,-17.5185,0.2,0.0,0.0,0.0,1.8929,-1.2163,-0.588,2.3256,-0.0781,0,0,0,0.703,0.341,0.659,0,0,0.0,4,SEARCH_PHASE,1.8297,-1.2125,-41.1815,25.7314
891,23.926,-5.0206,8.1886,3.2943,1.8269,-1.2152,-0.6614,2.317,48.516,48.614,36.1244,-17.5185,0.2,0.0,0.0,0.0,1.8916,-1.2184,-0.54,2.3139,-0.1046,0,0,0,0.704,0.346,0.654,0,0,0.0,4,SEARCH_PHASE,1.8269,-1.2152,-41.145,25.7071
892,23.951,-4.9841,8.1643,3.2821,1.8253,-1.2168,-0.6137,2.286,48.472,48.57,36.1244,-17.5185,0.2,0.0,0.0,0.0,1.8829,-1.2317,-0.492,2.3032,-0.0794,0,0,0,0.709,0.352,0.648,0,0,0.0,4,SEARCH_PHASE,1.8253,-1.2168,-41.1085,25.6828
893,23.975,-4.9476,8.1399,3.2707,1.8234,-1.2197,-0.5659,2.257,48.428,48.525,36.1244,-17.5185,0.2,0.0,0.0,0.0,1.8828,-1.2319,-0.444,2.2934,-0.1066,0,0,0,0.71,0.352,0.648,0,0,0.0,4,SEARCH_PHASE,1.8234,-1.2197,-41.072,25.6584
894,24.0,-4.9111,8.1155,3.2604,1.8249,-1.2215,-0.5183,2.228,48.384,48.481,36.1244,-17.5185,0.2,0.0,0.0,0.0,1.8738,-1.2456,-0.396,2.2846,-0.0812,0,0,0,0.714,0.357,0.643,0,0,0.0,4,SEARCH_PHASE,1.8249,-1.2215,-41.0355,25.634
895,24.025,-4.8746,8.091,3.251,1.8254,-1.2249,-0.4706,2.2,48.34,48.436,36.1244,-17.5185,0.2,0.0,0.0,0.0,1.8747,-1.2442,-0.348,2.2768,-0.109,0,0,0,0.714,0.356,0.644,0,0,0.0,4,SEARCH_PHASE,1.8254,-1.2249,-40.999,25.6095
896,24.049,-4.838,8.0664,3.2425,1.8289,-1.2273,-0.4231,2.173,48.296,48.392,36.1244,-17.5185,0.2,0.0,0.0,0.0,1.8663,-1.2568,-0.3,2.2699,-0.0834,0,0,0,0.717,0.357,0.643,0,0,0.0,4,SEARCH_PHASE,1.8289,-1.2273,-40.9625,25.5849
897,24.073,-4.8014,8.0418,3.235,1.8309,-1.2314,-0.3755,2.147,48.252,48.347,36.1244,-17.5185,0.2,0.0,0.0,0.0,1.8691,-1.2526,-0.252,2.2641,-0.1116,0,0,0,0.716,0.359,0.641,0,0,0.0,4,SEARCH_PHASE,1.8309,-1.2314,-40.9258,25.5603
898,24.097,-4.7647,8.0171,3.2284,1.8353,-1.2348,-0.328,2.122,48.208,48.303,36.1244,-17.5185,0.2,0.0,0.0,0.0,1.8614,-1.2639,-0.204,2.2592,-0.0859,0,0,0,0.719,0.357,0.643,0,0,0.0,4,SEARCH_PHASE,1.8353,-1.2348,-40.8891,25.5356
899,24.121,-4.728,7.9923,3.2228,1.8378,-1.24,-0.2804,2.098,48.163,48.258,36.1244,-17.5185,0.2,0.0,0.0,0.0,1.8666,-1.2563,-0.156,2.2554,-0.1144,0,0,0,0.717,0.36,0.64,0,0,0.0,4,SEARCH_PHASE,1.8378,-1.24,-40.8524,25.5108
900,24.145,-4.6911,7.9674,3.2182,1.8423,-1.2446,-0.233,2.075,48.119,48.214,36.1244,-17.5185,0.2,0.0,0.0,0.0,1.8606,-1.2651,-0.108,2.2526,-0.0887,0,0,0,0.719,0.356,0.644,0,0,0.0,4,SEARCH_PHASE,1.8423,-1.2446,-40.8155,25.4859
901,24.169,-4.6542,7.9424,3.2144,1.8442,-1.2511,-0.186,2.052,48.074,48.169,36.1244,-17.5185,0.2,0.0,0.0,0.0,1.8664,-1.2566,-0.06,2.2508,-0.0889,0,0,0,0.717,0.357,0.643,0,0,0.0,4,SEARCH_PHASE,1.8442,-1.2511,-40.7786,25.4609
902,24.194,-4.6173,7.9173,3.2117,1.8477,-1.2573,-0.1382,2.031,48.03,48.124,36.1244,-17.5185,0.2,0.0,0.0,0.0,1.8608,-1.2648,-0.012,2.25,-0.0618,0,0,0,0.718,0.358,0.642,0,0,0.0,4,SEARCH_PHASE,1.8477,-1.2573,-40.7417,25.4358
903,24.218,-4.5803,7.892,3.2099,1.849,-1.2629,-0.0904,2.01,47.985,48.079,36.1244,-17.5185,0.2,0.0,0.0,0.0,1.8689,-1.2529,0.036,2.2503,-0.0888,0,0,0,0.715,0.354,0.646,0,0,0.0,4,SEARCH_PHASE,1.849,-1.2629,-40.7047,25.4105
904,24.243,-4.5433,7.8667,3.209,1.8523,-1.2656,-0.0426,1.99,47.94,48.035,36.1244,-17.5185,0.2,0.0,0.0,0.0,1.8654,-1.2581,0.084,2.2516,-0.062,0,0,0,0.716,0.355,0.645,0,0,0.0,4,SEARCH_PHASE,1.8523,-1.2656,-40.6677,25.3852
905,24.268,-4.5062,7.8413,3.2091,1.8531,-1.2679,0.0052,1.971,47.895,47.99,36.1244,-17.5185,0.2,0.0,0.0,0.0,1.8747,-1.2442,0.132,2.2539,-0.0889,0,0,0,0.712,0.348,0.652,0,0,0.0,4,SEARCH_PHASE,1.8531,-1.2679,-40.6306,25.3598
906,24.293,-4.4691,7.816,3.2102,1.8553,-1.2675,0.053,1.953,47.85,47.945,36.1244,-17.5185,0.2,0.0,0.0,0.0,1.8743,-1.2448,0.18,2.2572,-0.0625,0,0,0,0.712,0.348,0.652,0,0,0.0,4,SEARCH_PHASE,1.8553,-1.2675,-40.5935,25.3345
907,24.318,-4.432,7.7906,3.2122,1.8545,-1.2668,0.1009,1.936,47.806,47.9,36.1244,-17.5185,0.2,0.0,0.0,0.0,1.8821,-1.233,0.228,2.2615,-0.0904,0,0,0,0.708,0.346,0.654,0,0,0.0,4,SEARCH_PHASE,1.8545,-1.2668,-40.5564,25.3091
908,24.342,-4.3949,7.7654,3.2152,1.8547,-1.2636,0.1487,1.92,47.761,47.856,36.1244,-17.5185,0.2,0.0,0.0,0.0,1.8817,-1.2336,0.276,2.2669,-0.0646,0,0,0,0.709,0.35,0.65,0,0,0.0,4,SEARCH_PHASE,1.8547,-1.2636,-40.5193,25.2839
909,24.368,-4.3579,7.7402,3.2191,1.8519,-1.2604,0.1964,1.905,47.716,47.811,36.1244,-17.5185,0.2,0.0,0.0,0.0,1.885,-1.2286,0.324,2.2732,-0.0957,0,0,0,0.707,0.346,0.654,0,0,0.0,4,SEARCH_PHASE,1.8519,-1.2604,-40.4823,25.2587
910,24.393,-4.3209,7.7151,3.224,1.8501,-1.2549,0.2442,1.891,47.671,47.767,36.1244,-17.5185,0.2,0.0,0.0,0.0,1.8807,-1.2351,0.372,2.2805,-0.0704,0,0,0,0.709,0.349,0.651,0,0,0.0,4,SEARCH_PHASE,1.8501,-1.2549,-40.4453,25.2336
911,24.418,-4.2839,7.6901,3.2298,1.8469,-1.2502,0.292,1.878,47.627,47.723,36.1244,-17.5185,0.2,0.0,0.0,0.0,1.8853,-1.2281,0.42,2.2889,-0.0966,0,0,0,0.706,0.347,0.653,0,0,0.0,4,SEARCH_PHASE,1.8469,-1.2502,-40.4083,25.2086
912,24.442,-4.247,7.6652,3.2366,1.8463,-1.2439,0.3397,1.867,47.582,47.679,36.1244,-17.5185,0.2,0.0,0.0,0.0,1.8825,-1.2324,0.468,2.2982,-0.0713,0,0,0,0.708,0.351,0.649,0,0,0.0,4,SEARCH_PHASE,1.8463,-1.2439,-40.3714,25.1837
913,24.467,-4.2101,7.6404,3.2444,1.8438,-1.2384,0.3874,1.856,47.538,47.635,36.1244,-17.5185,0.2,0.0,0.0,0.0,1.8882,-1.2236,0.516,2.3084,-0.0978,0,0,0,0.704,0.345,0.655,0,0,0.0,4,SEARCH_PHASE,1.8438,-1.2384,-40.3345,25.1589
914,24.492,-4.1732,7.6158,3.2531,1.8434,-1.2316,0.435,1.846,47.494,47.592,36.1244,-17.5185,0.2,0.0,0.0,0.0,1.8867,-1.226,0.564,2.3196,-0.0727,0,0,0,0.705,0.347,0.653,0,0,0.0,4,SEARCH_PHASE,1.8434,-1.2316,-40.2977,25.1343
915,24.517,-4.1364,7.5913,3.2627,1.8405,-1.2257,0.4827,1.837,47.449,47.548,36.1244,-17.5185,0.2,0.0,0.0,0.0,1.8918,-1.2181,0.612,2.3317,-0.1007,0,0,0,0.701,0.342,0.658,0,0,0.0,4,SEARCH_PHASE,1.8405,-1.2257,-40.2608,25.1098
916,24.542,-4.0997,7.5669,3.2733,1.8393,-1.2186,0.5303,1.829,47.405,47.505,36.1244,-17.5185,0.2,0.0,0.0,0.0,1.8901,-1.2206,0.66,2.3448,-0.0758,0,0,0,0.702,0.344,0.656,0,0,0.0,4,SEARCH_PHASE,1.8393,-1.2186,-40.2241,25.0854
917,24.566,-4.0629,7.5426,3.2849,1.8357,-1.2129,0.578,1.823,47.361,47.462,36.1244,-17.5185,0.2,0.0,0.0,0.0,1.8942,-1.2142,0.708,2.3588,-0.1042,0,0,0,0.699,0.339,0.661,0,0,0.0,4,SEARCH_PHASE,1.8357,-1.2129,-40.1873,25.0611
918,24.591,-4.0263,7.5185,3.2974,1.8338,-1.2062,0.6256,1.817,47.317,47.419,36.1244,-17.5185,0.2,0.0,0.0,0.0,1.8921,-1.2176,0.756,2.3736,-0.0796,0,0,0,0.701,0.343,0.657,0,0,0.0,4,SEARCH_PHASE,1.8338,-1.2062,-40.1507,25.037
919,24.615,-3.9897,7.4945,3.3109,1.83,-1.2011,0.6734,1.839,47.274,47.376,36.1244,-17.5185,0.2,0.0,0.0,0.0,1.8968,-1.2102,0.804,2.3893,-0.1062,0,0,0,0.697,0.333,0.667,0,0,0.0,4,SEARCH_PHASE,1.83,-1.2011,-40.1141,25.013
920,24.641,-3.9531,7.4706,3.3253,1.8282,-1.1956,0.721,3.225,47.23,47.333,36.1244,-17.5185,0.2,0.0,0.0,0.0,1.8958,-1.2118,0.852,2.4059,-0.0816,0,0,0,0.697,0.336,0.664,0,0,0.0,4,SEARCH_PHASE,1.8282,-1.1956,-40.0775,24.9891
921,24.665,-3.9166,7.4467,3.3407,1.824,-1.1918,0.7685,3.241,47.186,47.291,36.1244,-17.5185,0.2,0.0,0.0,0.0,1.8961,-1.2114,0.9,2.4233,-0.1147,0,0,0,0.697,0.336,0.664,0,0,0.0,4,SEARCH_PHASE,1.824,-1.1918,-40.041,24.9652
922,24.69,-3.8802,7.423,3.357,1.8212,-1.1877,0.8163,3.257,47.143,47.248,36.1244,-17.5185,0.2,0.0,0.0,0.0,1.8913,-1.2187,0.948,2.4416,-0.0895,0,0,0,0.7,0.341,0.659,0,0,0.0,4,SEARCH_PHASE,1.8212,-1.1877,-40.0046,24.9415
923,24.714,-3.8438,7.3993,3.3743,1.8182,-1.1862,0.8641,3.274,47.099,47.206,36.1244,-17.5185,0.2,0.0,0.0,0.0,1.8934,-1.2155,0.996,2.4606,-0.1165,0,0,0,0.698,0.339,0.661,0,0,0.0,4,SEARCH_PHASE,1.8182,-1.1862,-39.9682,24.9178
924,24.739,-3.8075,7.3756,3.3925,1.8187,-1.185,0.9118,3.293,47.056,47.164,36.1244,-17.5185,0.2,0.0,0.0,0.0,1.8888,-1.2226,1.044,2.4804,-0.0917,0,0,0,0.701,0.342,0.658,0,0,0.0,4,SEARCH_PHASE,1.8187,-1.185,-39.9319,24.8941
925,24.763,-3.7711,7.3518,3.4117,1.8182,-1.1866,0.9594,3.312,47.013,47.122,36.1244,-17.5185,0.2,0.0,0.0,0.0,1.8914,-1.2186,1.092,2.501,-0.1017,0,0,0,0.698,0.342,0.658,0,0,0.0,4,SEARCH_PHASE,1.8182,-1.1866,-39.8955,24.8703
926,24.788,-3.7347,7.3281,3.4318,1.8207,-1.1886,1.007,3.332,46.969,47.08,36.1244,-17.5185,0.2,0.0,0.0,0.0,1.8868,-1.2257,1.14,2.5223,-0.0765,0,0,0,0.7,0.344,0.656,0,0,0.0,4,SEARCH_PHASE,1.8207,-1.1886,-39.8591,24.8466
927,24.812,-3.6982,7.3042,3.4529,1.8223,-1.1917,1.0547,3.353,46.926,47.038,36.1244,-17.5185,0.2,0.0,0.0,0.0,1.8904,-1.2202,1.188,2.5444,-0.1048,0,0,0,0.697,0.343,0.657,0,0,0.0,4,SEARCH_PHASE,1.8223,-1.1917,-39.8226,24.8227
928,24.837,-3.6617,7.2804,3.475,1.8271,-1.1935,1.1022,3.375,46.882,46.996,36.1244,-17.5185,0.2,0.0,0.0,0.0,1.8871,-1.2253,1.236,2.5671,-0.0792,0,0,0,0.698,0.344,0.656,0,0,0.0,4,SEARCH_PHASE,1.8271,-1.1935,-39.7861,24.7989
929,24.861,-3.6251,7.2564,3.498,1.8304,-1.1966,1.1497,3.398,46.838,46.954,36.1244,-17.5185,0.2,0.0,0.0,0.0,1.8917,-1.2182,1.284,2.5906,-0.1082,0,0,0,0.694,0.338,0.662,0,0,0.0,4,SEARCH_PHASE,1.8304,-1.1966,-39.7495,24.7749
930,24.885,-3.5884,7.2325,3.5219,1.8364,-1.1987,1.1972,3.422,46.794,46.912,36.1244,-17.5185,0.2,0.0,0.0,0.0,1.8895,-1.2216,1.332,2.6147,-0.0823,0,0,0,0.694,0.34,0.66,0,0,0.0,4,SEARCH_PHASE,1.8364,-1.1987,-39.7128,24.751
931,24.909,-3.5515,7.2084,3.5468,1.8404,-1.2021,1.2446,3.447,46.75,46.87,36.1244,-17.5185,0.2,0.0,0.0,0.0,1.8945,-1.2138,1.38,2.6395,-0.1118,0,0,0,0.69,0.332,0.668,0,0,0.0,4,SEARCH_PHASE,1.8404,-1.2021,-39.676,24.7269
932,24.934,-3.5146,7.1843,3.5726,1.8466,-1.2046,1.292,3.473,46.706,46.828,36.1244,-17.5185,0.2,0.0,0.0,0.0,1.8939,-1.2147,1.428,2.6649,-0.0858,0,0,0,0.689,0.334,0.666,0,0,0.0,4,SEARCH_PHASE,1.8466,-1.2046,-39.639,24.7028
933,24.959,-3.4776,7.1601,3.5994,1.8504,-1.2087,1.3391,3.499,46.662,46.786,36.1244,-17.5185,0.2,0.0,0.0,0.0,1.8983,-1.2079,1.476,2.6909,-0.1067,0,0,0,0.684,0.327,0.673,0,0,0.0,4,SEARCH_PHASE,1.8504,-1.2087,-39.602,24.6786
934,24.983,-3.4405,7.1359,3.6272,1.8558,-1.2121,1.3866,3.527,46.618,46.744,36.1244,-17.5185,0.2,0.0,0.0,0.0,1.8983,-1.2079,1.524,2.7175,-0.0792,0,0,0,0.683,0.326,0.674,0,0,0.0,4,SEARCH_PHASE,1.8558,-1.2121,-39.5649,24.6544
935,25.008,-3.4033,7.1116,3.6558,1.8585,-1.2165,1.4342,3.556,46.573,46.701,36.1244,-17.5185,0.2,0.0,0.0,0.0,1.9025,-1.2012,1.476,2.6909,-0.1075,0,0,0,0.676,0.318,0.682,0,0,0.0,4,SEARCH_PHASE,1.8585,-1.2165,-39.5277,24.6301
936,25.033,-3.3661,7.0872,3.6848,1.8613,-1.2186,1.4462,3.585,46.529,46.659,36.1244,-17.5185,0.2,0.0,0.0,0.0,1.9036,-1.1995,1.428,2.6649,-0.0827,0,0,0,0.674,0.32,0.68,0,0,0.0,4,SEARCH_PHASE,1.8613,-1.2186,-39.4905,24.6057
937,25.057,-3.3289,7.0628,3.7135,1.8609,-1.221,1.4359,3.613,46.484,46.617,36.1244,-17.5185,0.2,0.0,0.0,0.0,1.9061,-1.1956,1.38,2.6395,-0.0687,0,0,0,0.669,0.318,0.682,0,0,0.0,4,SEARCH_PHASE,1.8609,-1.221,-39.4533,24.5813
938,25.082,-3.2917,7.0383,3.7417,1.8605,-1.2224,1.4114,3.642,46.44,46.575,36.1244,-17.5185,0.2,0.0,0.0,0.0,1.9068,-1.1944,1.332,2.6147,-0.1052,0,0,0,0.667,0.319,0.681,0,0,0.0,4,SEARCH_PHASE,1.8605,-1.2224,-39.4161,24.5568
939,25.106,-3.2545,7.0139,3.7693,1.859,-1.2217,1.3787,3.669,46.395,46.533,36.1244,-17.5185,0.2,0.0,0.0,0.0,1.9087,-1.1914,1.284,2.5906,-0.0708,0,0,0,0.662,0.308,0.692,0,0,0.0,4,SEARCH_PHASE,1.859,-1.2217,-39.3789,24.5324
940,25.13,-3.2173,6.9895,3.7961,1.8577,-1.2214,1.3407,3.696,46.351,46.49,36.1244,-17.5185,0.2,0.0,0.0,0.0,1.9091,-1.1908,1.236,2.5671,-0.1064,0,0,0,0.661,0.313,0.687,0,0,0.0,4,SEARCH_PHASE,1.8577,-1.2214,-39.3417,24.508
941,25.155,-3.1802,6.9651,3.8221,1.8557,-1.2192,1.2991,3.722,46.307,46.448,36.1244,-17.5185,0.2,0.0,0.0,0.0,1.9098,-1.1896,1.188,2.5444,-0.0725,0,0,0,0.657,0.306,0.694,0,0,0.0,4,SEARCH_PHASE,1.8557,-1.2192,-39.3046,24.4836
942,25.179,-3.1431,6.9407,3.8472,1.8544,-1.2172,1.2549,3.747,46.262,46.406,36.1244,-17.5185,0.2,0.0,0.0,0.0,1.9098,-1.1896,1.14,2.5223,-0.1058,0,0,0,0.657,0.309,0.691,0,0,0.0,4,SEARCH_PHASE,1.8544,-1.2172,-39.2675,24.4592
943,25.203,-3.1061,6.9165,3.8714,1.8527,-1.2134,1.2099,3.771,46.218,46.364,36.1244,-17.5185,0.2,0.0,0.0,0.0,1.9098,-1.1896,1.092,2.501,-0.0696,0,0,0,0.652,0.3,0.7,0,0,0.0,4,SEARCH_PHASE,1.8527,-1.2134,-39.2305,24.435
944,25.228,-3.069,6.8923,3.8947,1.8518,-1.2098,1.164,3.795,46.174,46.321,36.1244,-17.5185,0.2,0.0,0.0,0.0,1.9099,-1.1895,1.044,2.4804,-0.102,0,0,0,0.652,0.301,0.699,0,0,0.0,4,SEARCH_PHASE,1.8518,-1.2098,-39.1935,24.4108
945,25.253,-3.032,6.8682,3.917,1.8505,-1.2043,1.1172,3.817,46.13,46.279,36.1244,-17.5185,0.2,0.0,0.0,0.0,1.9099,-1.1895,0.996,2.4606,-0.0929,0,0,0,0.649,0.298,0.702,0,0,0.0,4,SEARCH_PHASE,1.8505,-1.2043,-39.1564,24.3867
946,25.277,-2.995,6.8442,3.9384,1.8501,-1.1987,1.0697,3.838,46.085,46.237,36.1244,-17.5185,0.2,0.0,0.0,0.0,1.9099,-1.1894,0.948,2.4416,-0.1129,0,0,0,0.651,0.302,0.698,0,0,0.0,4,SEARCH_PHASE,1.8501,-1.1987,-39.1194,24.3627
947,25.302,-2.958,6.8204,3.9588,1.8496,-1.1928,1.0222,3.859,46.041,46.195,36.1244,-17.5185,0.2,0.0,0.0,0.0,1.9099,-1.1894,0.9,2.4233,-0.078,0,0,0,0.649,0.3,0.7,0,0,0.0,4,SEARCH_PHASE,1.8496,-1.1928,-39.0824,24.3389
948,25.327,-2.921,6.7966,3.9783,1.8505,-1.1881,0.9753,3.878,45.998,46.152,36.1244,-17.5185,0.2,0.0,0.0,0.0,1.9099,-1.1894,0.852,2.4059,-0.1097,0,0,0,0.651,0.303,0.697,0,0,0.0,4,SEARCH_PHASE,1.8505,-1.1881,-39.0454,24.3151
949,25.352,-2.884,6.7729,3.9969,1.8515,-1.1825,0.9281,3.897,45.954,46.11,36.1244,-17.5185,0.2,0.0,0.0,0.0,1.9099,-1.1894,0.804,2.3893,-0.0704,0,0,0,0.649,0.302,0.698,0,0,0.0,4,SEARCH_PHASE,1.8515,-1.1825,-39.0084,24.2915
950,25.377,-2.8469,6.7494,4.0145,1.8538,-1.1781,0.8807,3.915,45.91,46.068,36.1244,-17.5185,0.2,0.0,0.0,0.0,1.91,-1.1894,0.756,2.3736,-0.1023,0,0,0,0.65,0.306,0.694,0,0,0.0,4,SEARCH_PHASE,1.8538,-1.1781,-38.9713,24.2679
951,25.402,-2.8098,6.7259,4.0312,1.856,-1.1727,0.833,3.931,45.866,46.025,36.1244,-17.5185,0.2,0.0,0.0,0.0,1.91,-1.1893,0.708,2.3588,-0.082,0,0,0,0.647,0.299,0.701,0,0,0.0,4,SEARCH_PHASE,1.856,-1.1727,-38.9342,24.2444
952,25.428,-2.7726,6.7026,4.0469,1.8593,-1.1681,0.7855,3.947,45.822,45.983,36.1244,-17.5185,0.2,0.0,0.0,0.0,1.91,-1.1893,0.66,2.3448,-0.1142,0,0,0,0.648,0.304,0.696,0,0,0.0,4,SEARCH_PHASE,1.8593,-1.1681,-38.897,24.2211
953,25.454,-2.7354,6.6793,4.0616,1.8621,-1.1634,0.7379,3.962,45.778,45.94,36.1244,-17.5185,0.2,0.0,0.0,0.0,1.91,-1.1893,0.612,2.3317,-0.074,0,0,0,0.645,0.299,0.701,0,0,0.0,4,SEARCH_PHASE,1.8621,-1.1634,-38.8598,24.1978
954,25.481,-2.6981,6.6561,4.0755,1.8654,-1.1606,0.6903,3.975,45.734,45.898,36.1244,-17.5185,0.2,0.0,0.0,0.0,1.91,-1.1893,0.564,2.3196,-0.1062,0,0,0,0.646,0.3,0.7,0,0,0.0,4,SEARCH_PHASE,1.8654,-1.1606,-38.8225,24.1746
955,25.507,-2.6607,6.6329,4.0883,1.8681,-1.1573,0.6427,3.988,45.69,45.855,36.1244,-17.5185,0.2,0.0,0.0,0.0,1.91,-1.1893,0.516,2.3084,-0.0657,0,0,0,0.642,0.299,0.701,0,0,0.0,4,SEARCH_PHASE,1.8681,-1.1573,-38.7851,24.1514
956,25.533,-2.6233,6.6098,4.1002,1.8711,-1.1557,0.5951,4.0,45.646,45.812,36.1244,-17.5185,0.2,0.0,0.0,0.0,1.91,-1.1893,0.468,2.2982,-0.0979,0,0,0,0.642,0.302,0.698,0,0,0.0,4,SEARCH_PHASE,1.8711,-1.1557,-38.7477,24.1283
957,25.558,-2.5858,6.5868,4.1111,1.8732,-1.1534,0.5468,4.011,45.602,45.769,36.1244,-17.5185,0.2,0.0,0.0,0.0,1.91,-1.1894,0.42,2.2889,-0.0668,0,0,0,0.639,0.293,0.707,0,0,0.0,4,SEARCH_PHASE,1.8732,-1.1534,-38.7102,24.1053
958,25.585,-2.5483,6.5637,4.1211,1.8755,-1.1524,0.4994,4.021,45.558,45.726,36.1244,-17.5185,0.2,0.0,0.0,0.0,1.91,-1.1894,0.372,2.2805,-0.104,0,0,0,0.639,0.296,0.704,0,0,0.0,4,SEARCH_PHASE,1.8755,-1.1524,-38.6727,24.0822
959,25.611,-2.5108,6.5407,4.1302,1.877,-1.1507,0.452,4.03,45.514,45.683,36.1244,-17.5185,0.2,0.0,0.0,0.0,1.9099,-1.1894,0.324,2.2732,-0.0686,0,0,0,0.635,0.293,0.707,0,0,0.0,4,SEARCH_PHASE,1.877,-1.1507,-38.6352,24.0592
960,25.636,-2.4732,6.5177,4.1383,1.8785,-1.1501,0.4044,4.038,45.47,45.64,36.1244,-17.5185,0.2,0.0,0.0,0.0,1.9099,-1.1894,0.276,2.2669,-0.1051,0,0,0,0.634,0.291,0.709,0,0,0.0,4,SEARCH_PHASE,1.8785,-1.1501,-38.5976,24.0362
961,25.662,-2.4356,6.4947,4.1454,1.8789,-1.1486,0.3567,4.045,45.426,45.597,36.1244,-17.5185,0.2,0.0,0.0,0.0,1.9099,-1.1894,0.228,2.2615,-0.077,0,0,0,0.633,0.291,0.709,0,0,0.0,4,SEARCH_PHASE,1.8789,-1.1486,-38.56,24.0132
962,25.688,-2.398,6.4718,4.1516,1.8793,-1.148,0.309,4.052,45.382,45.554,36.1244,-17.5185,0.2,0.0,0.0,0.0,1.9099,-1.1894,0.18,2.2572,-0.1116,0,0,0,0.635,0.295,0.705,0,0,0.0,4,SEARCH_PHASE,1.8793,-1.148,-38.5224,23.9903
963,25.714,-2.3604,6.4488,4.1568,1.8795,-1.1467,0.2614,4.057,45.338,45.51,36.1244,-17.5185,0.2,0.0,0.0,0.0,1.9099,-1.1894,0.132,2.2539,-0.0828,0,0,0,0.632,0.292,0.708,0,0,0.0,4,SEARCH_PHASE,1.8795,-1.1467,-38.4849,23.9673
964,25.739,-2.3228,6.4259,4.1611,1.8805,-1.1463,0.2132,4.061,45.294,45.467,36.1244,-17.5185,0.2,0.0,0.0,0.0,1.9099,-1.1895,0.084,2.2516,-0.115,0,0,0,0.634,0.295,0.705,0,0,0.0,4,SEARCH_PHASE,1.8805,-1.1463,-38.4472,23.9444
965,25.766,-2.2852,6.403,4.1644,1.8809,-1.1453,0.1659,4.064,45.25,45.423,36.1244,-17.5185,0.2,0.0,0.0,0.0,1.9099,-1.1895,0.036,2.2503,-0.0759,0,0,0,0.632,0.293,0.707,0,0,0.0,4,SEARCH_PHASE,1.8809,-1.1453,-38.4096,23.9215
966,25.792,-2.2476,6.3801,4.1668,1.8819,-1.1455,0.1184,4.067,45.206,45.379,36.1244,-17.5185,0.2,0.0,0.0,0.0,1.9099,-1.1895,-0.012,2.25,-0.1072,0,0,0,0.633,0.294,0.706,0,0,0.0,4,SEARCH_PHASE,1.8819,-1.1455,-38.372,23.8986
967,25.818,-2.2099,6.3572,4.1682,1.8821,-1.145,0.0709,4.068,45.162,45.336,36.1244,-17.5185,0.2,0.0,0.0,0.0,1.9099,-1.1895,-0.06,2.2508,-0.0699,0,0,0,0.63,0.289,0.711,0,0,0.0,4,SEARCH_PHASE,1.8821,-1.145,-38.3343,23.8757
968,25.843,-2.1723,6.3343,4.1686,1.8827,-1.1454,0.0233,4.069,45.118,45.292,36.1244,-17.5185,0.2,0.0,0.0,0.0,1.9098,-1.1895,-0.108,2.2526,-0.1012,0,0,0,0.631,0.29,0.71,0,0,0.0,4,SEARCH_PHASE,1.8827,-1.1454,-38.2967,23.8528
969,25.869,-2.1346,6.3114,4.1681,1.8823,-1.1449,-0.0245,4.068,45.073,45.248,36.1244,-17.5185,0.2,0.0,0.0,0.0,1.9098,-1.1896,-0.156,2.2554,-0.0699,0,0,0,0.629,0.286,0.714,0,0,0.0,4,SEARCH_PHASE,1.8823,-1.1449,-38.259,23.8299
970,25.896,-2.097,6.2885,4.1667,1.8821,-1.1453,-0.072,4.067,45.029,45.204,36.1244,-17.5185,0.2,0.0,0.0,0.0,1.9098,-1.1896,-0.204,2.2592,-0.1011,0,0,0,0.631,0.29,0.71,0,0,0.0,4,SEARCH_PHASE,1.8821,-1.1453,-38.2214,23.807
971,25.923,-2.0594,6.2656,4.1643,1.8813,-1.145,-0.12,4.064,44.985,45.16,36.1244,-17.5185,0.2,0.0,0.0,0.0,1.9098,-1.1896,-0.252,2.2641,-0.0638,0,0,0,0.628,0.291,0.709,0,0,0.0,4,SEARCH_PHASE,1.8813,-1.145,-38.1838,23.7841
972,25.948,-2.0218,6.2427,4.161,1.8809,-1.1458,-0.1675,4.061,44.941,45.116,36.1244,-17.5185,0.2,0.0,0.0,0.0,1.9098,-1.1896,-0.3,2.2699,-0.0963,0,0,0,0.63,0.293,0.707,0,0,0.0,4,SEARCH_PHASE,1.8809,-1.1458,-38.1462,23.7612
973,25.973,-1.9842,6.2197,4.1566,1.8797,-1.1456,-0.2155,4.017,44.897,45.071,36.1244,-17.5185,0.2,0.0,0.0,0.0,1.9098,-1.1896,-0.348,2.2768,-0.063,0,0,0,0.629,0.291,0.709,0,0,0.0,4,SEARCH_PHASE,1.8797,-1.1456,-38.1086,23.7383
974,25.998,-1.9466,6.1968,4.1514,1.8787,-1.1464,-0.2629,4.011,44.853,45.027,36.1244,-17.5185,0.2,0.0,0.0,0.0,1.9098,-1.1896,-0.396,2.2846,-0.0967,0,0,0,0.631,0.291,0.709,0,0,0.0,4,SEARCH_PHASE,1.8787,-1.1464,-38.071,23.7153
975,26.022,-1.909,6.1739,4.1452,1.8774,-1.1462,-0.3104,4.005,44.809,44.983,36.1244,-17.5185,0.2,0.0,0.0,0.0,1.9098,-1.1897,-0.444,2.2934,-0.0651,0,0,0,0.629,0.292,0.708,0,0,0.0,4,SEARCH_PHASE,1.8774,-1.1462,-38.0334,23.6924
976,26.047,-1.8715,6.151,4.138,1.8766,-1.1469,-0.358,3.998,44.765,44.938,36.1244,-17.5185,0.2,0.0,0.0,0.0,1.9098,-1.1897,-0.492,2.3032,-0.0986,0,0,0,0.632,0.294,0.706,0,0,0.0,4,SEARCH_PHASE,1.8766,-1.1469,-37.9959,23.6695
977,26.072,-1.834,6.128,4.1299,1.8751,-1.1467,-0.4057,3.99,44.721,44.894,36.1244,-17.5185,0.2,0.0,0.0,0.0,1.9097,-1.1897,-0.54,2.3139,-0.0655,0,0,0,0.631,0.29,0.71,0,0,0.0,4,SEARCH_PHASE,1.8751,-1.1467,-37.9584,23.6465
978,26.097,-1.7965,6.1051,4.1208,1.8739,-1.1474,-0.4532,3.981,44.677,44.849,36.1244,-17.5185,0.2,0.0,0.0,0.0,1.9097,-1.1897,-0.588,2.3256,-0.0988,0,0,0,0.635,0.291,0.709,0,0,0.0,4,SEARCH_PHASE,1.8739,-1.1474,-37.9209,23.6236
979,26.123,-1.7591,6.0821,4.1108,1.8724,-1.1472,-0.5008,3.971,44.633,44.804,36.1244,-17.5185,0.2,0.0,0.0,0.0,1.9097,-1.1897,-0.636,2.3382,-0.065,0,0,0,0.634,0.293,0.707,0,0,0.0,4,SEARCH_PHASE,1.8724,-1.1472,-37.8835,23.6006
980,26.148,-1.7216,6.0592,4.0999,1.8717,-1.1479,-0.5485,3.96,44.59,44.76,36.1244,-17.5185,0.2,0.0,0.0,0.0,1.9097,-1.1897,-0.684,2.3517,-0.0982,0,0,0,0.637,0.297,0.703,0,0,0.0,4,SEARCH_PHASE,1.8717,-1.1479,-37.8461,23.5777
981,26.174,-1.6842,6.0362,4.0879,1.8706,-1.1476,-0.5961,3.948,44.546,44.715,36.1244,-17.5185,0.2,0.0,0.0,0.0,1.9097,-1.1897,-0.732,2.3661,-0.0631,0,0,0,0.635,0.298,0.702,0,0,0.0,4,SEARCH_PHASE,1.8706,-1.1476,-37.8086,23.5547
982,26.199,-1.6468,6.0133,4.0751,1.87,-1.1482,-0.6438,3.935,44.502,44.67,36.1244,-17.5185,0.2,0.0,0.0,0.0,1.9097,-1.1898,-0.78,2.3814,-0.0962,0,0,0,0.638,0.298,0.702,0,0,0.0,4,SEARCH_PHASE,1.87,-1.1482,-37.7712,23.5318
983,26.225,-1.6095,5.9903,4.0612,1.8687,-1.1477,-0.6916,3.921,44.458,44.625,36.1244,-17.5185,0.2,0.0,0.0,0.0,1.9097,-1.1898,-0.828,2.3975,-0.0712,0,0,0,0.639,0.299,0.701,0,0,0.0,4,SEARCH_PHASE,1.8687,-1.1477,-37.7339,23.5088
984,26.25,-1.5721,5.9673,4.0464,1.8678,-1.1479,-0.7391,3.906,44.414,44.58,36.1244,-17.5185,0.2,0.0,0.0,0.0,1.9097,-1.1898,-0.876,2.4145,-0.104,0,0,0,0.644,0.306,0.694,0,0,0.0,4,SEARCH_PHASE,1.8678,-1.1479,-37.6965,23.4859
985,26.275,-1.5348,5.9444,4.0307,1.8669,-1.1476,-0.7867,3.891,44.37,44.535,36.1244,-17.5185,0.2,0.0,0.0,0.0,1.9097,-1.1898,-0.924,2.4323,-0.0665,0,0,0,0.644,0.304,0.696,0,0,0.0,4,SEARCH_PHASE,1.8669,-1.1476,-37.6592,23.4629
986,26.301,-1.4974,5.9214,4.014,1.867,-1.1484,-0.8343,3.874,44.326,44.49,36.1244,-17.5185,0.2,0.0,0.0,0.0,1.9097,-1.1898,-0.972,2.451,-0.0995,0,0,0,0.649,0.306,0.694,0,0,0.0,4,SEARCH_PHASE,1.867,-1.1484,-37.6218,23.4399
987,26.327,-1.4601,5.8985,3.9964,1.867,-1.1485,-0.8819,3.856,44.283,44.445,36.1244,-17.5185,0.2,0.0,0.0,0.0,1.9097,-1.1898,-1.02,2.4704,-0.0616,0,0,0,0.649,0.31,0.69,0,0,0.0,4,SEARCH_PHASE,1.867,-1.1485,-37.5845,23.417
988,26.352,-1.4227,5.8755,3.9778,1.8679,-1.1494,-0.9296,3.838,44.239,44.4,36.1244,-17.5185,0.2,0.0,0.0,0.0,1.9097,-1.1898,-1.068,2.4906,-0.0946,0,0,0,0.653,0.314,0.686,0,0,0.0,4,SEARCH_PHASE,1.8679,-1.1494,-37.5471,23.394
989,26.378,-1.3854,5.8525,3.9582,1.8684,-1.1493,-0.9776,3.818,44.195,44.354,36.1244,-17.5185,0.2,0.0,0.0,0.0,1.9097,-1.1898,-1.116,2.5116,-0.0704,0,0,0,0.653,0.314,0.686,0,0,0.0,4,SEARCH_PHASE,1.8684,-1.1493,-37.5098,23.371
990,26.403,-1.348,5.8295,3.9377,1.8695,-1.1499,-1.0251,3.798,44.151,44.309,36.1244,-17.5185,0.2,0.0,0.0,0.0,1.9096,-1.1898,-1.164,2.5333,-0.1041,0,0,0,0.656,0.317,0.683,0,0,0.0,4,SEARCH_PHASE,1.8695,-1.1499,-37.4724,23.348
991,26.429,-1.3106,5.8065,3.9163,1.87,-1.1499,-1.0726,3.776,44.107,44.263,36.1244,-17.5185,0.2,0.0,0.0,0.0,1.9096,-1.1899,-1.212,2.5557,-0.0666,0,0,0,0.656,0.316,0.684,0,0,0.0,4,SEARCH_PHASE,1.87,-1.1499,-37.435,23.325
992,26.455,-1.2731,5.7835,3.8939,1.8708,-1.1512,-1.1202,3.754,44.063,44.218,36.1244,-17.5185,0.2,0.0,0.0,0.0,1.9096,-1.1899,-1.26,2.5788,-0.1001,0,0,0,0.659,0.319,0.681,0,0,0.0,4,SEARCH_PHASE,1.8708,-1.1512,-37.3976,23.302
993,26.481,-1.2357,5.7604,3.8705,1.8708,-1.1516,-1.1678,3.731,44.019,44.172,36.1244,-17.5185,0.2,0.0,0.0,0.0,1.9096,-1.1899,-1.308,2.6026,-0.0654,0,0,0,0.659,0.318,0.682,0,0,0.0,4,SEARCH_PHASE,1.8708,-1.1516,-37.3601,23.2789
994,26.507,-1.1983,5.7374,3.8462,1.8709,-1.153,-1.2154,3.706,43.975,44.126,36.1244,-17.5185,0.2,0.0,0.0,0.0,1.9096,-1.1899,-1.356,2.627,-0.0986,0,0,0,0.663,0.323,0.677,0,0,0.0,4,SEARCH_PHASE,1.8709,-1.153,-37.3227,23.2559
995,26.532,-1.1609,5.7143,3.821,1.8704,-1.1534,-1.2629,3.681,43.931,44.08,36.1244,-17.5185,0.2,0.0,0.0,0.0,1.9096,-1.1899,-1.404,2.6521,-0.0612,0,0,0,0.663,0.322,0.678,0,0,0.0,4,SEARCH_PHASE,1.8704,-1.1534,-37.2853,23.2328
996,26.558,-1.1235,5.6912,3.7947,1.8703,-1.1547,-1.3105,3.655,43.887,44.034,36.1244,-17.5185,0.2,0.0,0.0,0.0,1.9094,-1.1902,-1.452,2.6778,-0.0942,0,0,0,0.666,0.322,0.678,0,0,0.0,4,SEARCH_PHASE,1.8703,-1.1547,-37.2479,23.2097
997,26.584,-1.0861,5.6681,3.7676,1.8695,-1.1549,-1.3582,3.628,43.843,43.988,36.1244,-17.5185,0.2,0.0,0.0,0.0,1.909,-1.191,-1.5,2.7042,-0.0616,0,0,0,0.667,0.324,0.676,0,0,0.0,4,SEARCH_PHASE,1.8695,-1.1549,-37.2105,23.1866
998,26.61,-1.0487,5.645,3.7395,1.8689,-1.1556,-1.4057,3.599,43.799,43.942,36.1244,-17.5185,0.2,0.0,0.0,0.0,1.9073,-1.1936,-1.5,2.7042,-0.0944,0,0,0,0.672,0.327,0.673,0,0,0.0,4,SEARCH_PHASE,1.8689,-1.1556,-37.1731,23.1635
999,26.635,-1.0114,5.6219,3.7108,1.8687,-1.1556,-1.4357,3.571,43.755,43.896,36.1244,-17.5185,0.2,0.0,0.0,0.0,1.9067,-1.1946,-1.452,2.6778,-0.0674,0,0,0,0.673,0.328,0.672,0,0,0.0,4,SEARCH_PHASE,1.8687,-1.1556,-37.1358,23.1404
1000,26.661,-0.9739,5.5987,3.682,1.8705,-1.1571,-1.4366,3.542,43.712,43.85,36.1244,-17.5185,0.2,0.0,0.0,0.0,1.9048,-1.1977,-1.404,2.6521,-0.1057,0,0,0,0.678,0.333,0.667,0,0,0.0,4,SEARCH_PHASE,1.8705,-1.1571,-37.0984,23.1172
1001,26.686,-0.9365,5.5756,3.6536,1.8722,-1.158,-1.4193,3.514,43.667,43.804,36.1244,-17.5185,0.2,0.0,0.0,0.0,1.9048,-1.1977,-1.356,2.627,-0.0609,0,0,0,0.678,0.333,0.667,0,0,0.0,4,SEARCH_PHASE,1.8722,-1.158,-37.0609,23.0941
1002,26.712,-0.899,5.5524,3.6258,1.8753,-1.1612,-1.3909,3.486,43.623,43.758,36.1244,-17.5185,0.2,0.0,0.0,0.0,1.9024,-1.2014,-1.308,2.6026,-0.1022,0,0,0,0.683,0.338,0.662,0,0,0.0,4,SEARCH_PHASE,1.8753,-1.1612,-37.0234,23.0709
1003,26.737,-0.8614,5.5291,3.5987,1.8774,-1.1629,-1.3552,3.459,43.579,43.712,36.1244,-17.5185,0.2,0.0,0.0,0.0,1.903,-1.2004,-1.26,2.5788,-0.0555,0,0,0,0.682,0.335,0.665,0,0,0.0,4,SEARCH_PHASE,1.8774,-1.1629,-36.9859,23.0476
1004,26.762,-0.8238,5.5058,3.5724,1.8804,-1.1666,-1.3152,3.432,43.535,43.665,36.1244,-17.5185,0.2,0.0,0.0,0.0,1.9008,-1.2039,-1.212,2.5557,-0.0978,0,0,0,0.686,0.339,0.661,0,0,0.0,4,SEARCH_PHASE,1.8804,-1.1666,-36.9482,23.0243
1005,26.788,-0.7862,5.4824,3.547,1.882,-1.1683,-1.2723,3.407,43.491,43.619,36.1244,-17.5185,0.2,0.0,0.0,0.0,1.9021,-1.2018,-1.164,2.5333,-0.0502,0,0,0,0.684,0.336,0.664,0,0,0.0,4,SEARCH_PHASE,1.882,-1.1683,-36.9106,23.0009
1006,26.814,-0.7485,5.459,3.5224,1.884,-1.1715,-1.2277,3.382,43.446,43.573,36.1244,-17.5185,0.2,0.0,0.0,0.0,1.9004,-1.2046,-1.116,2.5116,-0.0927,0,0,0,0.687,0.339,0.661,0,0,0.0,4,SEARCH_PHASE,1.884,-1.1715,-36.8729,22.9775
1007,26.839,-0.7108,5.4355,3.4988,1.8843,-1.1721,-1.1823,3.359,43.402,43.527,36.1244,-17.5185,0.2,0.0,0.0,0.0,1.902,-1.202,-1.068,2.4906,-0.0482,0,0,0,0.685,0.338,0.662,0,0,0.0,4,SEARCH_PHASE,1.8843,-1.1721,-36.8352,22.954
1008,26.865,-0.6731,5.4121,3.4761,1.8846,-1.174,-1.1357,3.336,43.357,43.481,36.1244,-17.5185,0.2,0.0,0.0,0.0,1.9007,-1.2042,-1.02,2.4704,-0.0925,0,0,0,0.687,0.337,0.663,0,0,0.0,4,SEARCH_PHASE,1.8846,-1.174,-36.7976,22.9306
1009,26.891,-0.6355,5.3886,3.4543,1.8829,-1.1729,-1.0888,3.314,43.313,43.435,36.1244,-17.5185,0.2,0.0,0.0,0.0,1.9002,-1.2049,-0.972,2.451,-0.0557,0,0,0,0.688,0.338,0.662,0,0,0.0,4,SEARCH_PHASE,1.8829,-1.1729,-36.7599,22.9071
1010,26.915,-0.5979,5.3651,3.4334,1.8811,-1.1727,-1.0415,3.293,43.269,43.389,36.1244,-17.5185,0.2,0.0,0.0,0.0,1.8961,-1.2113,-0.924,2.4323,-0.0994,0,0,0,0.693,0.345,0.655,0,0,0.0,4,SEARCH_PHASE,1.8811,-1.1727,-36.7223,22.8836
1011,26.941,-0.5603,5.3417,3.4136,1.8791,-1.17,-0.9942,3.274,43.224,43.344,36.1244,-17.5185,0.2,0.0,0.0,0.0,1.8961,-1.2113,-0.876,2.4145,-0.0789,0,0,0,0.693,0.344,0.656,0,0,0.0,4,SEARCH_PHASE,1.8791,-1.17,-36.6847,22.8602
1012,26.966,-0.5227,5.3184,3.3946,1.8792,-1.1687,-0.9467,3.255,43.18,43.298,36.1244,-17.5185,0.2,0.0,0.0,0.0,1.8919,-1.2179,-0.828,2.3975,-0.1227,0,0,0,0.698,0.351,0.649,0,0,0.0,4,SEARCH_PHASE,1.8792,-1.1687,-36.6471,22.8369
1013,26.991,-0.4851,5.295,3.3766,1.8782,-1.1669,-0.8991,3.237,43.136,43.253,36.1244,-17.5185,0.2,0.0,0.0,0.0,1.8936,-1.2152,-0.78,2.3814,-0.0771,0,0,0,0.697,0.348,0.652,0,0,0.0,4,SEARCH_PHASE,1.8782,-1.1669,-36.6095,22.8135
1014,27.015,-0.4476,5.2717,3.3596,1.8783,-1.1687,-0.8515,3.22,43.092,43.207,36.1244,-17.5185,0.2,0.0,0.0,0.0,1.8887,-1.2228,-0.732,2.3661,-0.1207,0,0,0,0.701,0.357,0.643,0,0,0.0,4,SEARCH_PHASE,1.8783,-1.1687,-36.572,22.7902
1015,27.039,-0.41,5.2483,3.3435,1.8771,-1.1696,-0.8039,3.204,43.048,43.162,36.1244,-17.5185,0.2,0.0,0.0,0.0,1.8912,-1.219,-0.684,2.3517,-0.0751,0,0,0,0.7,0.351,0.649,0,0,0.0,4,SEARCH_PHASE,1.8771,-1.1696,-36.5344,22.7668
1016,27.063,-0.3725,5.2248,3.3284,1.8767,-1.1736,-0.7563,3.188,43.003,43.117,36.1244,-17.5185,0.2,0.0,0.0,0.0,1.8866,-1.2261,-0.636,2.3382,-0.1184,0,0,0,0.702,0.356,0.644,0,0,0.0,4,SEARCH_PHASE,1.8767,-1.1736,-36.4969,22.7433
1017,27.087,-0.335,5.2013,3.3142,1.8745,-1.1764,-0.7087,3.174,42.959,43.072,36.1244,-17.5185,0.2,0.0,0.0,0.0,1.8907,-1.2198,-0.588,2.3256,-0.0729,0,0,0,0.7,0.357,0.643,0,0,0.0,4,SEARCH_PHASE,1.8745,-1.1764,-36.4594,22.7198
1018,27.111,-0.2975,5.1776,3.301,1.8729,-1.1818,-0.6611,3.161,42.915,43.027,36.1244,-17.5185,0.2,0.0,0.0,0.0,1.8874,-1.2248,-0.54,2.3139,-0.1158,0,0,0,0.702,0.358,0.642,0,0,0.0,4,SEARCH_PHASE,1.8729,-1.1818,-36.4219,22.6961
1019,27.134,-0.2602,5.1539,3.2887,1.8692,-1.1856,-0.6136,3.149,42.87,42.982,36.1244,-17.5185,0.2,0.0,0.0,0.0,1.8914,-1.2186,-0.492,2.3032,-0.0719,0,0,0,0.7,0.354,0.646,0,0,0.0,4,SEARCH_PHASE,1.8692,-1.1856,-36.3846,22.6724
1020,27.159,-0.2228,5.1301,3.2774,1.8656,-1.1917,-0.566,3.137,42.826,42.937,36.1244,-17.5185,0.2,0.0,0.0,0.0,1.8881,-1.2238,-0.444,2.2934,-0.1143,0,0,0,0.703,0.359,0.641,0,0,0.0,4,SEARCH_PHASE,1.8656,-1.1917,-36.3473,22.6486
1021,27.183,-0.1856,5.1062,3.2671,1.8601,-1.1959,-0.5186,3.127,42.782,42.892,36.1244,-17.5185,0.2,0.0,0.0,0.0,1.8893,-1.222,-0.396,2.2846,-0.0746,0,0,0,0.707,0.359,0.641,0,0,0.0,4,SEARCH_PHASE,1.8601,-1.1959,-36.3101,22.6247
1022,27.207,-0.1485,5.0821,3.2576,1.8549,-1.2021,-0.471,3.118,42.738,42.847,36.1244,-17.5185,0.2,0.0,0.0,0.0,1.8831,-1.2314,-0.348,2.2768,-0.1165,0,0,0,0.709,0.36,0.64,0,0,0.0,4,SEARCH_PHASE,1.8549,-1.2021,-36.273,22.6006
1023,27.232,-0.1116,5.058,3.2492,1.8491,-1.2066,-0.4233,3.109,42.694,42.802,36.1244,-17.5185,0.2,0.0,0.0,0.0,1.8853,-1.228,-0.3,2.2699,-0.0715,0,0,0,0.71,0.359,0.641,0,0,0.0,4,SEARCH_PHASE,1.8491,-1.2066,-36.236,22.5765
1024,27.255,-0.0747,5.0337,3.2417,1.8448,-1.2133,-0.3757,3.102,42.649,42.758,36.1244,-17.5185,0.2,0.0,0.0,0.0,1.88,-1.2362,-0.252,2.2641,-0.1134,0,0,0,0.713,0.362,0.638,0,0,0.0,4,SEARCH_PHASE,1.8448,-1.2133,-36.1991,22.5522
1025,27.279,-0.0379,5.0094,3.2351,1.8395,-1.2178,-0.328,3.095,42.605,42.713,36.1244,-17.5185,0.2,0.0,0.0,0.0,1.8832,-1.2313,-0.204,2.2592,-0.0683,0,0,0,0.711,0.36,0.64,0,0,0.0,4,SEARCH_PHASE,1.8395,-1.2178,-36.1623,22.5279
1026,27.303,-0.0012,4.9849,3.2295,1.8355,-1.224,-0.2805,3.089,42.561,42.669,36.1244,-17.5185,0.2,0.0,0.0,0.0,1.8769,-1.2408,-0.156,2.2554,-0.11,0,0,0,0.713,0.362,0.638,0,0,0.0,4,SEARCH_PHASE,1.8355,-1.224,-36.1256,22.5034
1027,27.327,0.0354,4.9603,3.2248,1.8301,-1.2277,-0.2328,3.085,42.517,42.625,36.1244,-17.5185,0.2,0.0,0.0,0.0,1.8817,-1.2335,-0.108,2.2526,-0.0677,0,0,0,0.711,0.362,0.638,0,0,0.0,4,SEARCH_PHASE,1.8301,-1.2277,-36.089,22.4788
1028,27.351,0.0719,4.9357,3.2211,1.8256,-1.2327,-0.1852,3.081,42.473,42.58,36.1244,-17.5185,0.2,0.0,0.0,0.0,1.8756,-1.2429,-0.06,2.2508,-0.1092,0,0,0,0.714,0.362,0.638,0,0,0.0,4,SEARCH_PHASE,1.8256,-1.2327,-36.0525,22.4542
1029,27.376,0.1084,4.911,3.2184,1.8203,-1.2352,-0.1374,3.078,42.429,42.536,36.1244,-17.5185,0.2,0.0,0.0,0.0,1.8805,-1.2354,-0.012,2.25,-0.0639,0,0,0,0.712,0.362,0.638,0,0,0.0,4,SEARCH_PHASE,1.8203,-1.2352,-36.0161,22.4295
1030,27.4,0.1447,4.8862,3.2166,1.8166,-1.2388,-0.0897,3.077,42.385,42.492,36.1244,-17.5185,0.2,0.0,0.0,0.0,1.8757,-1.2427,0.036,2.2503,-0.1054,0,0,0,0.714,0.364,0.636,0,0,0.0,4,SEARCH_PHASE,1.8166,-1.2388,-35.9797,22.4047
1031,27.425,0.1809,4.8614,3.2157,1.8117,-1.2395,-0.042,3.076,42.341,42.449,36.1244,-17.5185,0.2,0.0,0.0,0.0,1.8774,-1.2401,0.084,2.2516,-0.0649,0,0,0,0.713,0.366,0.634,0,0,0.0,4,SEARCH_PHASE,1.8117,-1.2395,-35.9435,22.3799
1032,27.449,0.2171,4.8366,3.2159,1.808,-1.241,0.0058,3.076,42.298,42.405,36.1244,-17.5185,0.2,0.0,0.0,0.0,1.8682,-1.2539,0.132,2.2539,-0.1063,0,0,0,0.716,0.364,0.636,0,0,0.0,4,SEARCH_PHASE,1.808,-1.241,-35.9073,22.3551
1033,27.474,0.2532,4.8118,3.2169,1.8045,-1.2396,0.0536,3.077,42.254,42.361,36.1244,-17.5185,0.2,0.0,0.0,0.0,1.872,-1.2483,0.18,2.2572,-0.0637,0,0,0,0.715,0.364,0.636,0,0,0.0,4,SEARCH_PHASE,1.8045,-1.2396,-35.8712,22.3303
1034,27.498,0.2892,4.787,3.219,1.8034,-1.2392,0.1014,3.079,42.21,42.318,36.1244,-17.5185,0.2,0.0,0.0,0.0,1.8623,-1.2626,0.228,2.2615,-0.1053,0,0,0,0.718,0.369,0.631,0,0,0.0,4,SEARCH_PHASE,1.8034,-1.2392,-35.8352,22.3055
1035,27.524,0.3253,4.7623,3.2219,1.802,-1.2357,0.149,3.082,42.166,42.275,36.1244,-17.5185,0.2,0.0,0.0,0.0,1.8693,-1.2523,0.276,2.2669,-0.0836,0,0,0,0.716,0.374,0.626,0,0,0.0,4,SEARCH_PHASE,1.802,-1.2357,-35.7991,22.2808
1036,27.548,0.3613,4.7376,3.2259,1.8026,-1.2333,0.1968,3.086,42.123,42.231,36.1244,-17.5185,0.2,0.0,0.0,0.0,1.8631,-1.2615,0.324,2.2732,-0.1254,0,0,0,0.718,0.369,0.631,0,0,0.0,4,SEARCH_PHASE,1.8026,-1.2333,-35.7631,22.2561
1037,27.574,0.3974,4.713,3.2308,1.8021,-1.2299,0.2446,3.091,42.079,42.188,36.1244,-17.5185,0.2,0.0,0.0,0.0,1.8726,-1.2473,0.372,2.2805,-0.0787,0,0,0,0.715,0.373,0.627,0,0,0.0,4,SEARCH_PHASE,1.8021,-1.2299,-35.727,22.2315
1038,27.598,0.4334,4.6884,3.2366,1.8028,-1.2296,0.2922,3.097,42.036,42.145,36.1244,-17.5185,0.2,0.0,0.0,0.0,1.8679,-1.2544,0.42,2.2889,-0.1206,0,0,0,0.716,0.374,0.626,0,0,0.0,4,SEARCH_PHASE,1.8028,-1.2296,-35.691,22.2069
1039,27.624,0.4695,4.6639,3.2434,1.8019,-1.2279,0.34,3.103,41.992,42.102,36.1244,-17.5185,0.2,0.0,0.0,0.0,1.8786,-1.2383,0.468,2.2982,-0.0737,0,0,0,0.713,0.37,0.63,0,0,0.0,4,SEARCH_PHASE,1.8019,-1.2279,-35.6549,22.1824
1040,27.648,0.5055,4.6393,3.2512,1.8019,-1.229,0.3876,3.111,41.948,42.059,36.1244,-17.5185,0.2,0.0,0.0,0.0,1.8765,-1.2414,0.516,2.3084,-0.1154,0,0,0,0.714,0.374,0.626,0,0,0.0,4,SEARCH_PHASE,1.8019,-1.229,-35.6189,22.1578
1041,27.673,0.5415,4.6147,3.2599,1.8001,-1.2282,0.4351,3.12,41.905,42.017,36.1244,-17.5185,0.2,0.0,0.0,0.0,1.8777,-1.2397,0.564,2.3196,-0.0779,0,0,0,0.713,0.372,0.628,0,0,0.0,4,SEARCH_PHASE,1.8001,-1.2282,-35.5829,22.1332
1042,27.698,0.5775,4.5901,3.2695,1.7987,-1.2298,0.4827,3.13,41.861,41.974,36.1244,-17.5185,0.2,0.0,0.0,0.0,1.8713,-1.2494,0.612,2.3317,-0.1166,0,0,0,0.716,0.377,0.623,0,0,0.0,4,SEARCH_PHASE,1.7987,-1.2298,-35.5469,22.1086
1043,27.723,0.6134,4.5655,3.2801,1.7981,-1.2302,0.5305,3.14,41.818,41.931,36.1244,-17.5185,0.2,0.0,0.0,0.0,1.8795,-1.2369,0.66,2.3448,-0.0693,0,0,0,0.711,0.371,0.629,0,0,0.0,4,SEARCH_PHASE,1.7981,-1.2302,-35.511,22.084
1044,27.748,0.6494,4.5409,3.2917,1.7992,-1.2331,0.5782,3.152,41.774,41.889,36.1244,-17.5185,0.2,0.0,0.0,0.0,1.8754,-1.2432,0.708,2.3588,-0.1113,0,0,0,0.712,0.376,0.624,0,0,0.0,4,SEARCH_PHASE,1.7992,-1.2331,-35.475,22.0594
1045,27.773,0.6854,4.5162,3.3042,1.7994,-1.2341,0.6259,3.164,41.731,41.846,36.1244,-17.5185,0.2,0.0,0.0,0.0,1.8862,-1.2267,0.756,2.3736,-0.0635,0,0,0,0.705,0.37,0.63,0,0,0.0,4,SEARCH_PHASE,1.7994,-1.2341,-35.439,22.0347
1046,27.798,0.7214,4.4915,3.3177,1.8011,-1.2372,0.6735,3.178,41.687,41.803,36.1244,-17.5185,0.2,0.0,0.0,0.0,1.8837,-1.2305,0.804,2.3893,-0.1056,0,0,0,0.705,0.371,0.629,0,0,0.0,4,SEARCH_PHASE,1.8011,-1.2372,-35.403,22.01
1047,27.823,0.7575,4.4667,3.3321,1.8015,-1.2379,0.7211,3.192,41.643,41.761,36.1244,-17.5185,0.2,0.0,0.0,0.0,1.8922,-1.2175,0.852,2.4059,-0.0575,0,0,0,0.701,0.367,0.633,0,0,0.0,4,SEARCH_PHASE,1.8015,-1.2379,-35.3669,21.9852
1048,27.848,0.7935,4.4419,3.3475,1.803,-1.2405,0.7687,3.207,41.6,41.719,36.1244,-17.5185,0.2,0.0,0.0,0.0,1.8912,-1.219,0.9,2.4233,-0.0995,0,0,0,0.701,0.367,0.633,0,0,0.0,4,SEARCH_PHASE,1.803,-1.2405,-35.3309,21.9604
1049,27.874,0.8296,4.4171,3.3638,1.8029,-1.2402,0.8163,3.224,41.556,41.676,36.1244,-17.5185,0.2,0.0,0.0,0.0,1.8938,-1.215,0.948,2.4416,-0.0579,0,0,0,0.7,0.364,0.636,0,0,0.0,4,SEARCH_PHASE,1.8029,-1.2402,-35.2948,21.9356
1050,27.9,0.8657,4.3923,3.3811,1.8035,-1.2413,0.864,3.241,41.512,41.634,36.1244,-17.5185,0.2,0.0,0.0,0.0,1.8896,-1.2214,0.996,2.4606,-0.0999,0,0,0,0.701,0.368,0.632,0,0,0.0,4,SEARCH_PHASE,1.8035,-1.2413,-35.2588,21.9108
1051,27.927,0.9017,4.3675,3.3993,1.8043,-1.24,0.9118,3.259,41.468,41.592,36.1244,-17.5185,0.2,0.0,0.0,0.0,1.8944,-1.214,1.044,2.4804,-0.0512,0,0,0,0.695,0.366,0.634,0,0,0.0,4,SEARCH_PHASE,1.8043,-1.24,-35.2227,21.886
1052,27.953,0.9379,4.3427,3.4185,1.8073,-1.2402,0.9595,3.279,41.425,41.549,36.1244,-17.5185,0.2,0.0,0.0,0.0,1.8915,-1.2185,1.092,2.501,-0.0936,0,0,0,0.696,0.366,0.634,0,0,0.0,4,SEARCH_PHASE,1.8073,-1.2402,-35.1865,21.8612
1053,27.978,0.9741,4.3179,3.4386,1.8101,-1.2376,1.0066,3.299,41.381,41.507,36.1244,-17.5185,0.2,0.0,0.0,0.0,1.8956,-1.2122,1.14,2.5223,-0.0481,0,0,0,0.693,0.364,0.636,0,0,0.0,4,SEARCH_PHASE,1.8101,-1.2376,-35.1503,21.8364
1054,28.004,1.0104,4.2932,3.4597,1.8148,-1.2361,1.0544,3.32,41.337,41.465,36.1244,-17.5185,0.2,0.0,0.0,0.0,1.8923,-1.2173,1.188,2.5444,-0.093,0,0,0,0.693,0.365,0.635,0,0,0.0,4,SEARCH_PHASE,1.8148,-1.2361,-35.114,21.8117
1055,28.029,1.0468,4.2686,3.4818,1.8191,-1.2315,1.1021,3.342,41.293,41.423,36.1244,-17.5185,0.2,0.0,0.0,0.0,1.8979,-1.2085,1.236,2.5671,-0.0457,0,0,0,0.689,0.36,0.64,0,0,0.0,4,SEARCH_PHASE,1.8191,-1.2315,-35.0776,21.7871
1056,28.055,1.0833,4.244,3.5048,1.825,-1.2278,1.1498,3.365,41.249,41.381,36.1244,-17.5185,0.2,0.0,0.0,0.0,1.8965,-1.2107,1.284,2.5906,-0.0906,0,0,0,0.689,0.361,0.639,0,0,0.0,4,SEARCH_PHASE,1.825,-1.2278,-35.0411,21.7625
1057,28.08,1.1199,4.2196,3.5287,1.8301,-1.2204,1.1971,3.389,41.205,41.339,36.1244,-17.5185,0.2,0.0,0.0,0.0,1.9012,-1.2033,1.332,2.6147,-0.0744,0,0,0,0.684,0.354,0.646,0,0,0.0,4,SEARCH_PHASE,1.8301,-1.2204,-35.0045,21.7381
1058,28.106,1.1566,4.1953,3.5536,1.8365,-1.2135,1.2446,3.414,41.161,41.298,36.1244,-17.5185,0.2,0.0,0.0,0.0,1.9007,-1.2041,1.38,2.6395,-0.1064,0,0,0,0.684,0.355,0.645,0,0,0.0,4,SEARCH_PHASE,1.8365,-1.2135,-34.9678,21.7138
1059,28.131,1.1934,4.1712,3.5794,1.841,-1.2059,1.2922,3.439,41.117,41.256,36.1244,-17.5185,0.2,0.0,0.0,0.0,1.9045,-1.198,1.428,2.6649,-0.0591,0,0,0,0.678,0.349,0.651,0,0,0.0,4,SEARCH_PHASE,1.841,-1.2059,-34.931,21.6897
1060,28.157,1.2303,4.1472,3.6062,1.8462,-1.2002,1.3398,3.466,41.073,41.214,36.1244,-17.5185,0.2,0.0,0.0,0.0,1.9045,-1.198,1.476,2.6909,-0.1036,0,0,0,0.677,0.353,0.647,0,0,0.0,4,SEARCH_PHASE,1.8462,-1.2002,-34.8941,21.6657
1061,28.183,1.2673,4.1234,3.634,1.8496,-1.192,1.3874,3.494,41.029,41.173,36.1244,-17.5185,0.2,0.0,0.0,0.0,1.9075,-1.1932,1.428,2.6649,-0.0563,0,0,0,0.67,0.348,0.652,0,0,0.0,4,SEARCH_PHASE,1.8496,-1.192,-34.8571,21.6419
1062,28.208,1.3044,4.0996,3.662,1.852,-1.1858,1.3994,3.522,40.985,41.131,36.1244,-17.5185,0.2,0.0,0.0,0.0,1.9085,-1.1917,1.38,2.6395,-0.0969,0,0,0,0.667,0.346,0.654,0,0,0.0,4,SEARCH_PHASE,1.852,-1.1858,-34.82,21.6181
1063,28.233,1.3414,4.0761,3.6898,1.8521,-1.1777,1.3889,3.55,40.941,41.09,36.1244,-17.5185,0.2,0.0,0.0,0.0,1.9084,-1.1918,1.332,2.6147,-0.0933,0,0,0,0.668,0.346,0.654,0,0,0.0,4,SEARCH_PHASE,1.8521,-1.1777,-34.783,21.5946
1064,28.259,1.3784,4.0527,3.7171,1.8517,-1.1706,1.3648,3.577,40.897,41.048,36.1244,-17.5185,0.2,0.0,0.0,0.0,1.9102,-1.1889,1.284,2.5906,-0.1146,0,0,0,0.665,0.344,0.656,0,0,0.0,4,SEARCH_PHASE,1.8517,-1.1706,-34.746,21.5712
1065,28.284,1.4155,4.0294,3.7437,1.8525,-1.1642,1.332,3.604,40.854,41.007,36.1244,-17.5185,0.2,0.0,0.0,0.0,1.9104,-1.1886,1.236,2.5671,-0.0935,0,0,0,0.665,0.348,0.652,0,0,0.0,4,SEARCH_PHASE,1.8525,-1.1642,-34.7089,21.5479
1066,28.309,1.4525,4.0062,3.7696,1.8521,-1.1598,1.2936,3.63,40.81,40.966,36.1244,-17.5185,0.2,0.0,0.0,0.0,1.9114,-1.187,1.188,2.5444,-0.1032,0,0,0,0.661,0.341,0.659,0,0,0.0,4,SEARCH_PHASE,1.8521,-1.1598,-34.6719,21.5247
1067,28.334,1.4896,3.9831,3.7946,1.8527,-1.1559,1.252,3.655,40.766,40.924,36.1244,-17.5185,0.2,0.0,0.0,0.0,1.9115,-1.1868,1.14,2.5223,-0.0827,0,0,0,0.661,0.345,0.655,0,0,0.0,4,SEARCH_PHASE,1.8527,-1.1559,-34.6348,21.5016
1068,28.359,1.5266,3.96,3.8188,1.8522,-1.1531,1.2081,3.679,40.723,40.883,36.1244,-17.5185,0.2,0.0,0.0,0.0,1.9116,-1.1868,1.092,2.501,-0.1065,0,0,0,0.658,0.336,0.664,0,0,0.0,4,SEARCH_PHASE,1.8522,-1.1531,-34.5978,21.4785
1069,28.385,1.5637,3.937,3.842,1.8527,-1.1501,1.1629,3.702,40.679,40.842,36.1244,-17.5185,0.2,0.0,0.0,0.0,1.9115,-1.1869,1.044,2.4804,-0.0864,0,0,0,0.659,0.337,0.663,0,0,0.0,4,SEARCH_PHASE,1.8527,-1.1501,-34.5607,21.4555
1070,28.409,1.6007,3.914,3.8644,1.8524,-1.1483,1.1168,3.724,40.635,40.8,36.1244,-17.5185,0.2,0.0,0.0,0.0,1.9116,-1.1867,0.996,2.4606,-0.1085,0,0,0,0.655,0.337,0.663,0,0,0.0,4,SEARCH_PHASE,1.8524,-1.1483,-34.5237,21.4325
1071,28.435,1.6378,3.8911,3.8858,1.8534,-1.1466,1.0702,3.746,40.592,40.759,36.1244,-17.5185,0.2,0.0,0.0,0.0,1.9115,-1.1869,0.948,2.4416,-0.0886,0,0,0,0.656,0.334,0.666,0,0,0.0,4,SEARCH_PHASE,1.8534,-1.1466,-34.4866,21.4096
1072,28.46,1.6749,3.8682,3.9062,1.8532,-1.1463,1.0231,3.766,40.548,40.717,36.1244,-17.5185,0.2,0.0,0.0,0.0,1.9116,-1.1868,0.9,2.4233,-0.1069,0,0,0,0.659,0.334,0.666,0,0,0.0,4,SEARCH_PHASE,1.8532,-1.1463,-34.4495,21.3867
1073,28.485,1.7119,3.8453,3.9257,1.8539,-1.1461,0.9759,3.786,40.505,40.676,36.1244,-17.5185,0.2,0.0,0.0,0.0,1.9116,-1.1868,0.852,2.4059,-0.0872,0,0,0,0.66,0.336,0.664,0,0,0.0,4,SEARCH_PHASE,1.8539,-1.1461,-34.4125,21.3638
1074,28.51,1.749,3.8223,3.9443,1.8538,-1.147,0.9286,3.804,40.461,40.634,36.1244,-17.5185,0.2,0.0,0.0,0.0,1.9116,-1.1867,0.804,2.3893,-0.1061,0,0,0,0.659,0.332,0.668,0,0,0.0,4,SEARCH_PHASE,1.8538,-1.147,-34.3754,21.3408
1075,28.535,1.7861,3.7994,3.9619,1.8547,-1.1481,0.8811,3.822,40.417,40.592,36.1244,-17.5185,0.2,0.0,0.0,0.0,1.9116,-1.1867,0.756,2.3736,-0.0864,0,0,0,0.659,0.336,0.664,0,0,0.0,4,SEARCH_PHASE,1.8547,-1.1481,-34.3383,21.3179
1076,28.56,1.8232,3.7764,3.9786,1.8547,-1.1502,0.8334,3.839,40.374,40.55,36.1244,-17.5185,0.2,0.0,0.0,0.0,1.9116,-1.1867,0.708,2.3588,-0.0986,0,0,0,0.658,0.333,0.667,0,0,0.0,4,SEARCH_PHASE,1.8547,-1.1502,-34.3012,21.2949
1077,28.585,1.8603,3.7533,3.9943,1.8554,-1.1523,0.7859,3.854,40.33,40.508,36.1244,-17.5185,0.2,0.0,0.0,0.0,1.9116,-1.1867,0.66,2.3448,-0.0791,0,0,0,0.658,0.334,0.666,0,0,0.0,4,SEARCH_PHASE,1.8554,-1.1523,-34.2641,21.2718
1078,28.611,1.8974,3.7302,4.0091,1.8553,-1.1549,0.7383,3.869,40.286,40.466,36.1244,-17.5185,0.2,0.0,0.0,0.0,1.9115,-1.1868,0.612,2.3317,-0.1018,0,0,0,0.658,0.331,0.669,0,0,0.0,4,SEARCH_PHASE,1.8553,-1.1549,-34.227,21.2487
1079,28.636,1.9345,3.7071,4.0229,1.8562,-1.157,0.6907,3.883,40.243,40.424,36.1244,-17.5185,0.2,0.0,0.0,0.0,1.9116,-1.1867,0.564,2.3196,-0.0822,0,0,0,0.657,0.335,0.665,0,0,0.0,4,SEARCH_PHASE,1.8562,-1.157,-34.1899,21.2256
1080,28.661,1.9717,3.6839,4.0358,1.8559,-1.1597,0.6429,3.896,40.199,40.381,36.1244,-17.5185,0.2,0.0,0.0,0.0,1.9115,-1.1869,0.516,2.3084,-0.1045,0,0,0,0.665,0.331,0.669,0,0,0.0,4,SEARCH_PHASE,1.8559,-1.1597,-34.1527,21.2024
1081,28.687,2.0088,3.6606,4.0477,1.8564,-1.1619,0.5953,3.908,40.155,40.339,36.1244,-17.5185,0.2,0.0,0.0,0.0,1.9115,-1.1869,0.468,2.2982,-0.0851,0,0,0,0.665,0.334,0.666,0,0,0.0,4,SEARCH_PHASE,1.8564,-1.1619,-34.1156,21.1791
1082,28.713,2.0459,3.6373,4.0586,1.8563,-1.1649,0.5474,3.919,40.111,40.296,36.1244,-17.5185,0.2,0.0,0.0,0.0,1.9115,-1.1869,0.42,2.2889,-0.1024,0,0,0,0.668,0.333,0.667,0,0,0.0,4,SEARCH_PHASE,1.8563,-1.1649,-34.0785,21.1558
1083,28.738,2.0831,3.614,4.0686,1.8577,-1.1676,0.4998,3.929,40.067,40.254,36.1244,-17.5185,0.2,0.0,0.0,0.0,1.9114,-1.187,0.372,2.2805,-0.0821,0,0,0,0.67,0.335,0.665,0,0,0.0,4,SEARCH_PHASE,1.8577,-1.1676,-34.0413,21.1325
1084,28.763,2.1202,3.5906,4.0777,1.8584,-1.1708,0.4521,3.938,40.023,40.211,36.1244,-17.5185,0.2,0.0,0.0,0.0,1.9113,-1.1872,0.324,2.2732,-0.1034,0,0,0,0.68,0.333,0.667,0,0,0.0,4,SEARCH_PHASE,1.8584,-1.1708,-34.0042,21.1091
1085,28.789,2.1574,3.5671,4.0857,1.8604,-1.1734,0.4044,3.946,39.979,40.168,36.1244,-17.5185,0.2,0.0,0.0,0.0,1.9113,-1.1872,0.276,2.2669,-0.0831,0,0,0,0.681,0.335,0.665,0,0,0.0,4,SEARCH_PHASE,1.8604,-1.1734,-33.967,21.0856
1086,28.814,2.1947,3.5436,4.0929,1.8614,-1.1767,0.3566,3.953,39.935,40.125,36.1244,-17.5185,0.2,0.0,0.0,0.0,1.9113,-1.1872,0.228,2.2615,-0.0931,0,0,0,0.68,0.333,0.667,0,0,0.0,4,SEARCH_PHASE,1.8614,-1.1767,-33.9297,21.0621
1087,28.839,2.2319,3.52,4.0991,1.8634,-1.1794,0.309,3.959,39.891,40.081,36.1244,-17.5185,0.2,0.0,0.0,0.0,1.9112,-1.1874,0.18,2.2572,-0.0729,0,0,0,0.681,0.333,0.667,0,0,0.0,4,SEARCH_PHASE,1.8634,-1.1794,-33.8925,21.0385
1088,28.865,2.2692,3.4963,4.1043,1.8644,-1.1821,0.2614,3.964,39.847,40.038,36.1244,-17.5185,0.2,0.0,0.0,0.0,1.9103,-1.1889,0.132,2.2539,-0.0959,0,0,0,0.681,0.326,0.674,0,0,0.0,4,SEARCH_PHASE,1.8644,-1.1821,-33.8552,21.0148
1089,28.89,2.3066,3.4727,4.1086,1.8664,-1.1836,0.2137,3.969,39.803,39.994,36.1244,-17.5185,0.2,0.0,0.0,0.0,1.9099,-1.1895,0.084,2.2516,-0.0757,0,0,0,0.688,0.331,0.669,0,0,0.0,4,SEARCH_PHASE,1.8664,-1.1836,-33.8178,20.9912
1090,28.916,2.3439,3.449,4.1119,1.8672,-1.1851,0.1661,3.972,39.759,39.951,36.1244,-17.5185,0.2,0.0,0.0,0.0,1.91,-1.1892,0.036,2.2503,-0.0994,0,0,0,0.683,0.325,0.675,0,0,0.0,4,SEARCH_PHASE,1.8672,-1.1851,-33.7805,20.9675
1091,28.942,2.3813,3.4253,4.1142,1.8686,-1.1856,0.1184,3.974,39.714,39.907,36.1244,-17.5185,0.2,0.0,0.0,0.0,1.9099,-1.1895,-0.012,2.25,-0.0794,0,0,0,0.686,0.327,0.673,0,0,0.0,4,SEARCH_PHASE,1.8686,-1.1856,-33.7431,20.9438
1092,28.967,2.4187,3.4015,4.1157,1.8687,-1.1863,0.0707,3.976,39.67,39.863,36.1244,-17.5185,0.2,0.0,0.0,0.0,1.9096,-1.1899,-0.06,2.2508,-0.1049,0,0,0,0.69,0.323,0.677,0,0,0.0,4,SEARCH_PHASE,1.8687,-1.1863,-33.7058,20.92
1093,28.993,2.456,3.3778,4.1161,1.8693,-1.1861,0.0231,3.976,39.626,39.819,36.1244,-17.5185,0.2,0.0,0.0,0.0,1.9093,-1.1905,-0.108,2.2526,-0.0851,0,0,0,0.691,0.327,0.673,0,0,0.0,4,SEARCH_PHASE,1.8693,-1.1861,-33.6684,20.8963
1094,29.019,2.4934,3.3541,4.1156,1.869,-1.1864,-0.0251,3.976,39.582,39.775,36.1244,-17.5185,0.2,0.0,0.0,0.0,1.909,-1.1909,-0.156,2.2554,-0.1045,0,0,0,0.696,0.324,0.676,0,0,0.0,4,SEARCH_PHASE,1.869,-1.1864,-33.631,20.8726
1095,29.045,2.5308,3.3304,4.1142,1.8696,-1.1861,-0.0725,3.974,39.537,39.731,36.1244,-17.5185,0.2,0.0,0.0,0.0,1.9084,-1.1918,-0.204,2.2592,-0.0822,0,0,0,0.696,0.329,0.671,0,0,0.0,4,SEARCH_PHASE,1.8696,-1.1861,-33.5936,20.8489
1096,29.072,2.5682,3.3066,4.1118,1.8692,-1.1864,-0.12,3.972,39.493,39.686,36.1244,-17.5185,0.2,0.0,0.0,0.0,1.9083,-1.1921,-0.252,2.2641,-0.1026,0,0,0,0.696,0.329,0.671,0,0,0.0,4,SEARCH_PHASE,1.8692,-1.1864,-33.5562,20.8251
1097,29.098,2.6056,3.2829,4.1084,1.8694,-1.1861,-0.1676,3.968,39.449,39.642,36.1244,-17.5185,0.2,0.0,0.0,0.0,1.9073,-1.1936,-0.3,2.2699,-0.0809,0,0,0,0.697,0.33,0.67,0,0,0.0,4,SEARCH_PHASE,1.8694,-1.1861,-33.5188,20.8014
1098,29.125,2.6429,3.2592,4.1041,1.8683,-1.1865,-0.2154,3.964,39.405,39.598,36.1244,-17.5185,0.2,0.0,0.0,0.0,1.9069,-1.1942,-0.348,2.2768,-0.092,0,0,0,0.698,0.33,0.67,0,0,0.0,4,SEARCH_PHASE,1.8683,-1.1865,-33.4815,20.7777
1099,29.151,2.6803,3.2355,4.0988,1.8676,-1.1865,-0.2633,3.959,39.36,39.553,36.1244,-17.5185,0.2,0.0,0.0,0.0,1.9069,-1.1943,-0.396,2.2846,-0.0722,0,0,0,0.7,0.329,0.671,0,0,0.0,4,SEARCH_PHASE,1.8676,-1.1865,-33.4441,20.754
1100,29.178,2.7176,3.2117,4.0926,1.8664,-1.1867,-0.3107,3.953,39.316,39.508,36.1244,-17.5185,0.2,0.0,0.0,0.0,1.906,-1.1957,-0.444,2.2934,-0.0937,0,0,0,0.7,0.334,0.666,0,0,0.0,4,SEARCH_PHASE,1.8664,-1.1867,-33.4068,20.7302
1101,29.205,2.755,3.188,4.0855,1.8664,-1.186,-0.3582,3.945,39.272,39.464,36.1244,-17.5185,0.2,0.0,0.0,0.0,1.9057,-1.1962,-0.492,2.3032,-0.0741,0,0,0,0.704,0.331,0.669,0,0,0.0,4,SEARCH_PHASE,1.8664,-1.186,-33.3695,20.7065
1102,29.231,2.7923,3.1643,4.0773,1.8656,-1.1857,-0.4058,3.937,39.228,39.419,36.1244,-17.5185,0.2,0.0,0.0,0.0,1.9051,-1.197,-0.54,2.3139,-0.0957,0,0,0,0.703,0.331,0.669,0,0,0.0,4,SEARCH_PHASE,1.8656,-1.1857,-33.3321,20.6828
1103,29.258,2.8296,3.1406,4.0683,1.8658,-1.1847,-0.4534,3.928,39.183,39.374,36.1244,-17.5185,0.2,0.0,0.0,0.0,1.9039,-1.1991,-0.588,2.3256,-0.0762,0,0,0,0.71,0.339,0.661,0,0,0.0,4,SEARCH_PHASE,1.8658,-1.1847,-33.2948,20.6591
1104,29.285,2.8669,3.1169,4.0583,1.8649,-1.184,-0.501,3.918,39.139,39.329,36.1244,-17.5185,0.2,0.0,0.0,0.0,1.9019,-1.2023,-0.636,2.3382,-0.099,0,0,0,0.717,0.329,0.671,0,0,0.0,4,SEARCH_PHASE,1.8649,-1.184,-33.2575,20.6354
1105,29.312,2.9042,3.0933,4.0473,1.8647,-1.1828,-0.5486,3.907,39.095,39.284,36.1244,-17.5185,0.2,0.0,0.0,0.0,1.8995,-1.2061,-0.684,2.3517,-0.0797,0,0,0,0.712,0.341,0.659,0,0,0.0,4,SEARCH_PHASE,1.8647,-1.1828,-33.2202,20.6118
1106,29.338,2.9414,3.0696,4.0354,1.8633,-1.1822,-0.5963,3.895,39.051,39.239,36.1244,-17.5185,0.2,0.0,0.0,0.0,1.8992,-1.2064,-0.732,2.3661,-0.1022,0,0,0,0.724,0.329,0.671,0,0,0.0,4,SEARCH_PHASE,1.8633,-1.1822,-33.183,20.5881
1107,29.365,2.9787,3.046,4.0225,1.8627,-1.1811,-0.6439,3.882,39.007,39.194,36.1244,-17.5185,0.2,0.0,0.0,0.0,1.8959,-1.2116,-0.78,2.3814,-0.083,0,0,0,0.725,0.334,0.666,0,0,0.0,4,SEARCH_PHASE,1.8627,-1.1811,-33.1457,20.5645
1108,29.392,3.0159,3.0224,4.0087,1.8608,-1.1808,-0.6916,3.869,38.963,39.149,36.1244,-17.5185,0.2,0.0,0.0,0.0,1.896,-1.2115,-0.828,2.3975,-0.1069,0,0,0,0.729,0.33,0.67,0,0,0.0,4,SEARCH_PHASE,1.8608,-1.1808,-33.1085,20.5409
1109,29.419,3.0531,2.9988,3.9939,1.8596,-1.1803,-0.7392,3.854,38.919,39.103,36.1244,-17.5185,0.2,0.0,0.0,0.0,1.891,-1.2192,-0.876,2.4145,-0.0879,0,0,0,0.731,0.338,0.662,0,0,0.0,4,SEARCH_PHASE,1.8596,-1.1803,-33.0713,20.5173
1110,29.446,3.0903,2.9752,3.9781,1.8574,-1.1807,-0.7868,3.838,38.875,39.058,36.1244,-17.5185,0.2,0.0,0.0,0.0,1.8893,-1.222,-0.828,2.3975,-0.1097,0,0,0,0.736,0.336,0.664,0,0,0.0,4,SEARCH_PHASE,1.8574,-1.1807,-33.0342,20.4937
1111,29.473,3.1274,2.9515,3.9622,1.857,-1.182,-0.7989,3.822,38.831,39.013,36.1244,-17.5185,0.2,0.0,0.0,0.0,1.8858,-1.2273,-0.78,2.3814,-0.088,0,0,0,0.738,0.337,0.663,0,0,0.0,4,SEARCH_PHASE,1.857,-1.182,-32.997,20.47
1112,29.499,3.1645,2.9278,3.9464,1.8555,-1.1854,-0.7888,3.806,38.787,38.967,36.1244,-17.5185,0.2,0.0,0.0,0.0,1.8823,-1.2326,-0.732,2.3661,-0.1035,0,0,0,0.743,0.338,0.662,0,0,0.0,4,SEARCH_PHASE,1.8555,-1.1854,-32.9599,20.4463
1113,29.526,3.2016,2.904,3.9311,1.8555,-1.1893,-0.7646,3.791,38.743,38.922,36.1244,-17.5185,0.2,0.0,0.0,0.0,1.8762,-1.2419,-0.684,2.3517,-0.0797,0,0,0,0.744,0.34,0.66,0,0,0.0,4,SEARCH_PHASE,1.8555,-1.1893,-32.9228,20.4225
1114,29.553,3.2387,2.8801,3.9165,1.8535,-1.1945,-0.7317,3.776,38.699,38.877,36.1244,-17.5185,0.2,0.0,0.0,0.0,1.8735,-1.246,-0.636,2.3382,-0.1066,0,0,0,0.748,0.338,0.662,0,0,0.0,4,SEARCH_PHASE,1.8535,-1.1945,-32.8857,20.3986
1115,29.578,3.2757,2.8562,3.9026,1.8529,-1.199,-0.6933,3.763,38.654,38.831,36.1244,-17.5185,0.2,0.0,0.0,0.0,1.8678,-1.2546,-0.588,2.3256,-0.0821,0,0,0,0.751,0.342,0.658,0,0,0.0,4,SEARCH_PHASE,1.8529,-1.199,-32.8487,20.3747
1116,29.605,3.3127,2.8321,3.8896,1.8497,-1.205,-0.6515,3.75,38.61,38.786,36.1244,-17.5185,0.2,0.0,0.0,0.0,1.8587,-1.2679,-0.54,2.3139,-0.1094,0,0,0,0.749,0.34,0.66,0,0,0.0,4,SEARCH_PHASE,1.8497,-1.205,-32.8117,20.3506
1117,29.631,3.3497,2.8078,3.8774,1.8474,-1.2103,-0.6074,3.737,38.566,38.741,36.1244,-17.5185,0.2,0.0,0.0,0.0,1.8556,-1.2725,-0.492,2.3032,-0.085,0,0,0,0.753,0.341,0.659,0,0,0.0,4,SEARCH_PHASE,1.8474,-1.2103,-32.7747,20.3263
1118,29.658,3.3865,2.7835,3.8662,1.8418,-1.2172,-0.5623,3.726,38.522,38.696,36.1244,-17.5185,0.2,0.0,0.0,0.0,1.8426,-1.2912,-0.444,2.2934,-0.115,0,0,0,0.752,0.337,0.663,0,0,0.0,4,SEARCH_PHASE,1.8418,-1.2172,-32.7379,20.302
1119,29.685,3.4232,2.759,3.8558,1.8367,-1.2235,-0.5159,3.716,38.478,38.651,36.1244,-17.5185,0.2,0.0,0.0,0.0,1.837,-1.2992,-0.396,2.2846,-0.0909,0,0,0,0.758,0.346,0.654,0,0,0.0,4,SEARCH_PHASE,1.8367,-1.2235,-32.7012,20.2775
1120,29.712,3.4599,2.7344,3.8464,1.8305,-1.2319,-0.4698,3.706,38.434,38.606,36.1244,-17.5185,0.2,0.0,0.0,0.0,1.8275,-1.3125,-0.348,2.2768,-0.1135,0,0,0,0.759,0.344,0.656,0,0,0.0,4,SEARCH_PHASE,1.8305,-1.2319,-32.6645,20.2529
1121,29.737,3.4964,2.7096,3.838,1.8271,-1.2401,-0.4225,3.698,38.39,38.562,36.1244,-17.5185,0.2,0.0,0.0,0.0,1.799,-1.3512,-0.3,2.2698,-0.0831,0,0,0,0.766,0.345,0.655,0,0,0.0,4,SEARCH_PHASE,1.8271,-1.2401,-32.628,20.2281
1122,29.763,3.5328,2.6846,3.8305,1.8223,-1.2505,-0.3749,3.691,38.345,38.517,36.1244,-17.5185,0.2,0.0,0.0,0.0,1.7792,-1.3774,-0.252,2.2641,-0.1059,0,0,0,0.765,0.344,0.656,0,0,0.0,4,SEARCH_PHASE,1.8223,-1.2505,-32.5916,20.2031
1123,29.79,3.5692,2.6594,3.824,1.8194,-1.2606,-0.327,3.684,38.301,38.472,36.1244,-17.5185,0.2,0.0,0.0,0.0,1.7491,-1.4148,-0.204,2.2588,-0.0781,0,0,0,0.771,0.344,0.656,0,0,0.0,4,SEARCH_PHASE,1.8194,-1.2606,-32.5552,20.1779
1124,29.816,3.6055,2.6339,3.8184,1.814,-1.2728,-0.2791,3.678,38.257,38.428,36.1244,-17.5185,0.2,0.0,0.0,0.0,1.7373,-1.4298,-0.156,2.2554,-0.1,0,0,0,0.77,0.345,0.655,0,0,0.0,4,SEARCH_PHASE,1.814,-1.2728,-32.5189,20.1524
1125,29.843,3.6417,2.6082,3.8137,1.8099,-1.2849,-0.2317,3.674,38.213,38.383,36.1244,-17.5185,0.2,0.0,0.0,0.0,1.7063,-1.4665,-0.108,2.2524,-0.0794,0,0,0,0.772,0.349,0.651,0,0,0.0,4,SEARCH_PHASE,1.8099,-1.2849,-32.4827,20.1267
1126,29.87,3.6778,2.5822,3.8101,1.8027,-1.2993,-0.1835,3.67,38.168,38.339,36.1244,-17.5185,0.2,0.0,0.0,0.0,1.6744,-1.5024,-0.06,2.2505,-0.108,0,0,0,0.767,0.347,0.653,0,0,0.0,4,SEARCH_PHASE,1.8027,-1.2993,-32.4466,20.1007
1127,29.897,3.7137,2.556,3.8074,1.7968,-1.3136,-0.1349,3.667,38.124,38.294,36.1244,-17.5185,0.2,0.0,0.0,0.0,1.6411,-1.5369,-0.012,2.2484,-0.0882,0,0,0,0.777,0.346,0.654,0,0,0.0,4,SEARCH_PHASE,1.7968,-1.3136,-32.4107,20.0745
1128,29.923,3.7495,2.5293,3.8056,1.7877,-1.3303,-0.0869,3.666,38.08,38.25,36.1244,-17.5185,0.2,0.0,0.0,0.0,1.6051,-1.5687,0.036,2.2446,-0.1078,0,0,0,0.78,0.342,0.658,0,0,0.0,4,SEARCH_PHASE,1.7877,-1.3303,-32.3749,20.0479
1129,29.949,3.785,2.5024,3.8049,1.7794,-1.347,-0.039,3.665,38.035,38.206,36.1244,-17.5185,0.2,0.0,0.0,0.0,1.5648,-1.5948,0.084,2.2359,-0.0813,0,0,0,0.783,0.342,0.658,0,0,0.0,4,SEARCH_PHASE,1.7794,-1.347,-32.3394,20.0209
1130,29.975,3.8204,2.4751,3.8051,1.7678,-1.3661,0.0099,3.665,37.991,38.161,36.1244,-17.5185,0.2,0.0,0.0,0.0,1.5265,-1.6237,0.132,2.2325,-0.1044,0,0,0,0.78,0.326,0.674,0,0,0.0,4,SEARCH_PHASE,1.7678,-1.3661,-32.304,19.9936
1131,30.001,3.8555,2.4474,3.8062,1.7544,-1.3853,0.0593,3.666,37.946,38.117,36.1244,-17.5185,0.2,0.0,0.0,0.0,1.4892,-1.6539,0.18,2.2328,-0.0803,0,0,0,0.78,0.332,0.668,0,0,0.0,4,SEARCH_PHASE,1.7544,-1.3853,-32.2689,19.9659
1132,30.028,3.8902,2.4192,3.8084,1.7347,-1.4068,0.108,3.668,37.902,38.073,36.1244,-17.5185,0.2,0.0,0.0,0.0,1.4471,-1.6769,0.228,2.2267,-0.1042,0,0,0,0.789,0.326,0.674,0,0,0.0,4,SEARCH_PHASE,1.7347,-1.4068,-32.2342,19.9377
1133,30.055,3.9244,2.3907,3.8115,1.7128,-1.4284,0.1572,3.672,37.858,38.03,36.1244,-17.5185,0.2,0.0,0.0,0.0,1.4038,-1.6977,0.276,2.2202,-0.0818,0,0,0,0.79,0.329,0.671,0,0,0.0,4,SEARCH_PHASE,1.7128,-1.4284,-32.2,19.9092
1134,30.082,3.9581,2.3616,3.8157,1.685,-1.4527,0.2056,3.676,37.814,37.986,36.1244,-17.5185,0.2,0.0,0.0,0.0,1.3607,-1.7188,0.324,2.216,-0.1018,0,0,0,0.785,0.331,0.669,0,0,0.0,4,SEARCH_PHASE,1.685,-1.4527,-32.1663,19.8801
1135,30.109,3.9912,2.3321,3.8207,1.6553,-1.4775,0.2542,3.681,37.77,37.943,36.1244,-17.5185,0.2,0.0,0.0,0.0,1.3182,-1.7411,0.372,2.2153,-0.0808,0,0,0,0.792,0.329,0.671,0,0,0.0,4,SEARCH_PHASE,1.6553,-1.4775,-32.1332,19.8506
1136,30.136,4.0236,2.302,3.8268,1.6192,-1.505,0.3014,3.727,37.727,37.901,36.1244,-17.5185,0.2,0.0,0.0,0.0,1.3323,-1.787,0.42,2.2682,-0.0796,0,0,0,0.793,0.327,0.673,0,0,0.0,4,SEARCH_PHASE,1.6192,-1.505,-32.1008,19.8205
1137,30.163,4.0552,2.2713,3.8337,1.581,-1.533,0.3477,3.734,37.684,37.859,36.1244,-17.5185,0.2,0.0,0.0,0.0,1.379,-1.7759,0.468,2.2966,-0.0769,0,0,0,0.791,0.32,0.68,0,0,0.0,4,SEARCH_PHASE,1.581,-1.533,-32.0692,19.7898
1138,30.191,4.086,2.2401,3.8416,1.5397,-1.5615,0.3917,3.742,37.641,37.817,36.1244,-17.5185,0.2,0.0,0.0,0.0,1.3344,-1.7937,0.516,2.2944,-0.1079,0,0,0,0.795,0.322,0.678,0,0,0.0,4,SEARCH_PHASE,1.5397,-1.5615,-32.0384,19.7586
1139,30.219,4.116,2.2083,3.8503,1.4989,-1.5906,0.437,3.75,37.599,37.776,36.1244,-17.5185,0.2,0.0,0.0,0.0,1.2918,-1.8158,0.564,2.2987,-0.0657,0,0,0,0.798,0.327,0.673,0,0,0.0,4,SEARCH_PHASE,1.4989,-1.5906,-32.0084,19.7268
1140,30.246,4.1452,2.1758,3.86,1.4614,-1.6228,0.4832,3.76,37.557,37.735,36.1244,-17.5185,0.2,0.0,0.0,0.0,1.2515,-1.842,0.612,2.3095,-0.0831,0,0,0,0.796,0.333,0.667,0,0,0.0,4,SEARCH_PHASE,1.4614,-1.6228,-31.9792,19.6943
1141,30.274,4.1737,2.1427,3.8706,1.4248,-1.6535,0.53,3.771,37.515,37.695,36.1244,-17.5185,0.2,0.0,0.0,0.0,1.2094,-1.865,0.66,2.3188,-0.0605,0,0,0,0.8,0.33,0.67,0,0,0.0,4,SEARCH_PHASE,1.4248,-1.6535,-31.9507,19.6612
1142,30.302,4.2014,2.109,3.8821,1.3846,-1.685,0.5765,3.782,37.474,37.655,36.1244,-17.5185,0.2,0.0,0.0,0.0,1.1644,-1.8818,0.708,2.3234,-0.1097,0,0,0,0.797,0.319,0.681,0,0,0.0,4,SEARCH_PHASE,1.3846,-1.685,-31.923,19.6275
1143,30.33,4.2283,2.0747,3.8946,1.3454,-1.7151,0.6235,3.795,37.433,37.615,36.1244,-17.5185,0.2,0.0,0.0,0.0,1.1188,-1.8967,0.756,2.3282,-0.067,0,0,0,0.801,0.326,0.674,0,0,0.0,4,SEARCH_PHASE,1.3454,-1.7151,-31.8961,19.5932
1144,30.357,4.2545,2.0398,3.908,1.3092,-1.7482,0.6704,3.808,37.393,37.576,36.1244,-17.5185,0.2,0.0,0.0,0.0,1.1633,-1.8788,0.804,2.3515,-0.0558,0,0,0,0.798,0.322,0.678,0,0,0.0,4,SEARCH_PHASE,1.3092,-1.7482,-31.8699,19.5583
1145,30.385,4.28,2.0042,3.9223,1.2739,-1.7793,0.7154,3.822,37.352,37.537,36.1244,-17.5185,0.2,0.0,0.0,0.0,1.2053,-1.8554,0.852,2.3709,-0.033,0,0,0,0.797,0.315,0.685,0,0,0.0,4,SEARCH_PHASE,1.2739,-1.7793,-31.8444,19.5227
1146,30.413,4.3047,1.968,3.9375,1.2358,-1.8082,0.759,3.837,37.312,37.499,36.1244,-17.5185,0.2,0.0,0.0,0.0,1.1821,-1.8974,0.9,2.4099,-0.083,0,0,0,0.8,0.326,0.674,0,0,0.0,4,SEARCH_PHASE,1.2358,-1.8082,-31.8197,19.4865
1147,30.441,4.3287,1.9314,3.9535,1.199,-1.8328,0.8045,3.854,37.273,37.461,36.1244,-17.5185,0.2,0.0,0.0,0.0,1.2239,-1.8739,0.948,2.4307,-0.0422,0,0,0,0.799,0.321,0.679,0,0,0.0,4,SEARCH_PHASE,1.199,-1.8328,-31.7957,19.4499
1148,30.468,4.352,1.8942,3.9706,1.1663,-1.8574,0.8503,3.871,37.234,37.424,36.1244,-17.5185,0.2,0.0,0.0,0.0,1.185,-1.9021,0.996,2.4524,-0.0832,0,0,0,0.802,0.33,0.67,0,0,0.0,4,SEARCH_PHASE,1.1663,-1.8574,-31.7724,19.4127
1149,30.496,4.3747,1.8567,3.9885,1.1351,-1.878,0.8978,3.889,37.195,37.387,36.1244,-17.5185,0.2,0.0,0.0,0.0,1.1473,-1.9318,1.044,2.4775,-0.0566,0,0,0,0.8,0.325,0.675,0,0,0.0,4,SEARCH_PHASE,1.1351,-1.878,-31.7497,19.3752
1150,30.523,4.3969,1.8187,4.0074,1.1075,-1.8984,0.9469,3.907,37.156,37.351,36.1244,-17.5185,0.2,0.0,0.0,0.0,1.1878,-1.9059,1.092,2.4971,-0.0838,0,0,0,0.796,0.317,0.683,0,0,0.0,4,SEARCH_PHASE,1.1075,-1.8984,-31.7275,19.3372
1151,30.551,4.4186,1.7804,4.0273,1.0849,-1.9152,0.9948,3.927,37.117,37.314,36.1244,-17.5185,0.2,0.0,0.0,0.0,1.2288,-1.8811,1.14,2.5196,-0.0647,0,0,0,0.795,0.318,0.682,0,0,0.0,4,SEARCH_PHASE,1.0849,-1.9152,-31.7058,19.2989
1152,30.578,4.4398,1.7418,4.0482,1.0623,-1.9307,1.0416,3.948,37.079,37.278,36.1244,-17.5185,0.2,0.0,0.0,0.0,1.1839,-1.898,1.188,2.5329,-0.0827,0,0,0,0.8,0.327,0.673,0,0,0.0,4,SEARCH_PHASE,1.0623,-1.9307,-31.6846,19.2603
1153,30.605,4.4607,1.7029,4.07,1.0437,-1.9429,1.0912,3.97,37.041,37.243,36.1244,-17.5185,0.2,0.0,0.0,0.0,1.138,-1.912,1.236,2.5453,-0.0655,0,0,0,0.804,0.33,0.67,0,0,0.0,4,SEARCH_PHASE,1.0437,-1.9429,-31.6637,19.2214
1154,30.633,4.4813,1.6639,4.0928,1.0323,-1.9532,1.1414,3.993,37.003,37.208,36.1244,-17.5185,0.2,0.0,0.0,0.0,1.0945,-1.9323,1.284,2.5652,-0.0918,0,0,0,0.803,0.33,0.67,0,0,0.0,4,SEARCH_PHASE,1.0323,-1.9532,-31.6431,19.1824
1155,30.66,4.5018,1.6247,4.1166,1.0248,-1.96,1.191,4.017,36.965,37.172,36.1244,-17.5185,0.2,0.0,0.0,0.0,1.0532,-1.9568,1.332,2.5908,-0.0653,0,0,0,0.798,0.328,0.672,0,0,0.0,4,SEARCH_PHASE,1.0248,-1.96,-31.6226,19.1432
1156,30.687,4.5222,1.5853,4.1415,1.0169,-1.966,1.2404,4.041,36.928,37.137,36.1244,-17.5185,0.2,0.0,0.0,0.0,1.0269,-1.9969,1.38,2.6356,-0.0921,0,0,0,0.793,0.327,0.673,0,0,0.0,4,SEARCH_PHASE,1.0169,-1.966,-31.6022,19.1038
1157,30.714,4.5424,1.546,4.1672,1.0124,-1.9687,1.2894,4.067,36.89,37.103,36.1244,-17.5185,0.2,0.0,0.0,0.0,1.0691,-1.9741,1.428,2.6606,-0.0858,0,0,0,0.796,0.332,0.668,0,0,0.0,4,SEARCH_PHASE,1.0124,-1.9687,-31.582,19.0645
1158,30.741,4.5626,1.5065,4.194,1.0068,-1.9709,1.3377,4.094,36.852,37.068,36.1244,-17.5185,0.2,0.0,0.0,0.0,1.1098,-1.9487,1.476,2.6847,-0.094,0,0,0,0.794,0.33,0.67,0,0,0.0,4,SEARCH_PHASE,1.0068,-1.9709,-31.5618,19.025
1159,30.768,4.5826,1.4671,4.2217,1.0038,-1.9721,1.3858,4.122,36.815,37.034,36.1244,-17.5185,0.2,0.0,0.0,0.0,1.1493,-1.9213,1.524,2.7083,-0.0673,0,0,0,0.793,0.325,0.675,0,0,0.0,4,SEARCH_PHASE,1.0038,-1.9721,-31.5418,18.9856
1160,30.795,4.6026,1.4276,4.2504,0.9995,-1.9731,1.4337,4.15,36.777,37.0,36.1244,-17.5185,0.2,0.0,0.0,0.0,1.1887,-1.894,1.572,2.7334,-0.1041,0,0,0,0.793,0.33,0.67,0,0,0.0,4,SEARCH_PHASE,0.9995,-1.9731,-31.5218,18.9461
1161,30.822,4.6226,1.3882,4.28,0.9979,-1.9715,1.4819,4.18,36.74,36.966,36.1244,-17.5185,0.2,0.0,0.0,0.0,1.2294,-1.8685,1.62,2.7618,-0.0588,0,0,0,0.786,0.318,0.682,0,0,0.0,4,SEARCH_PHASE,0.9979,-1.9715,-31.5018,18.9067
1162,30.849,4.6426,1.3488,4.3106,0.9994,-1.9708,1.53,4.211,36.703,36.932,36.1244,-17.5185,0.2,0.0,0.0,0.0,1.271,-1.8446,1.668,2.7929,-0.078,0,0,0,0.788,0.32,0.68,0,0,0.0,4,SEARCH_PHASE,0.9994,-1.9708,-31.4818,18.8673
1163,30.877,4.6626,1.3095,4.3422,1.0017,-1.9667,1.5787,4.242,36.665,36.898,36.1244,-17.5185,0.2,0.0,0.0,0.0,1.2323,-1.8729,1.7,2.8136,-0.0424,0,0,0,0.794,0.318,0.682,0,0,0.0,4,SEARCH_PHASE,1.0017,-1.9667,-31.4618,18.828
1164,30.904,4.6828,1.2702,4.3746,1.0077,-1.9611,1.6216,4.275,36.628,36.865,36.1244,-17.5185,0.2,0.0,0.0,0.0,1.2721,-1.8462,1.7,2.8137,-0.0706,0,0,0,0.789,0.315,0.685,0,0,0.0,4,SEARCH_PHASE,1.0077,-1.9611,-31.4416,18.7887
1165,30.931,4.7031,1.2312,4.4076,1.0178,-1.9511,1.648,4.308,36.59,36.831,36.1244,-17.5185,0.2,0.0,0.0,0.0,1.3124,-1.8201,1.7,2.8152,-0.0668,0,0,0,0.787,0.319,0.681,0,0,0.0,4,SEARCH_PHASE,1.0178,-1.9511,-31.4213,18.7497
1166,30.958,4.7237,1.1924,4.4409,1.028,-1.9392,1.666,4.341,36.553,36.798,36.1244,-17.5185,0.2,0.0,0.0,0.0,1.2745,-1.8494,1.7,2.8169,-0.1041,0,0,0,0.789,0.315,0.685,0,0,0.0,4,SEARCH_PHASE,1.028,-1.9392,-31.4007,18.7109
1167,30.985,4.7445,1.1539,4.4744,1.0413,-1.9255,1.6767,4.374,36.515,36.765,36.1244,-17.5185,0.2,0.0,0.0,0.0,1.3152,-1.8241,1.7,2.8191,-0.0617,0,0,0,0.784,0.315,0.685,0,0,0.0,4,SEARCH_PHASE,1.0413,-1.9255,-31.3799,18.6724
1168,31.013,4.7657,1.1157,4.5081,1.0579,-1.9123,1.6838,4.408,36.477,36.731,36.1244,-17.5185,0.2,0.0,0.0,0.0,1.2761,-1.8519,1.7,2.8192,-0.1042,0,0,0,0.785,0.324,0.676,0,0,0.0,4,SEARCH_PHASE,1.0579,-1.9123,-31.3587,18.6342
1169,31.04,4.7872,1.0778,4.5419,1.0756,-1.8964,1.6869,4.442,36.44,36.697,36.1244,-17.5185,0.2,0.0,0.0,0.0,1.3154,-1.8243,1.7,2.8193,-0.1046,0,0,0,0.784,0.322,0.678,0,0,0.0,4,SEARCH_PHASE,1.0756,-1.8964,-31.3372,18.5963
1170,31.068,4.8091,1.0401,4.5756,1.0965,-1.8807,1.6892,4.476,36.402,36.664,36.1244,-17.5185,0.2,0.0,0.0,0.0,1.3326,-1.8129,1.7,2.82,-0.0736,0,0,0,0.788,0.335,0.665,0,0,0.0,4,SEARCH_PHASE,1.0965,-1.8807,-31.3153,18.5586
1171,31.095,4.8315,1.0028,4.6095,1.1179,-1.8654,1.6906,4.509,36.363,36.63,36.1244,-17.5185,0.2,0.0,0.0,0.0,1.3708,-1.7838,1.652,2.7911,-0.1021,0,0,0,0.786,0.333,0.667,0,0,0.0,4,SEARCH_PHASE,1.1179,-1.8654,-31.2929,18.5213
1172,31.123,4.8543,0.9658,4.6429,1.1402,-1.8497,1.674,4.543,36.325,36.596,36.1244,-17.5185,0.2,0.0,0.0,0.0,1.4084,-1.7541,1.604,2.7628,-0.0726,0,0,0,0.782,0.326,0.674,0,0,0.0,4,SEARCH_PHASE,1.1402,-1.8497,-31.2701,18.4843
1173,31.151,4.8775,0.9291,4.6759,1.1611,-1.8352,1.6467,4.576,36.286,36.561,36.1244,-17.5185,0.2,0.0,0.0,0.0,1.4449,-1.7228,1.556,2.7344,-0.1005,0,0,0,0.779,0.321,0.679,0,0,0.0,4,SEARCH_PHASE,1.1611,-1.8352,-31.2469,18.4476
1174,31.179,4.9012,0.8927,4.7081,1.1834,-1.8202,1.6122,4.608,36.247,36.527,36.1244,-17.5185,0.2,0.0,0.0,0.0,1.4584,-1.7134,1.508,2.7086,-0.0724,0,0,0,0.778,0.326,0.674,0,0,0.0,4,SEARCH_PHASE,1.1834,-1.8202,-31.2233,18.4112
1175,31.207,4.9253,0.8566,4.7396,1.2053,-1.8062,1.5728,4.64,36.208,36.492,36.1244,-17.5185,0.2,0.0,0.0,0.0,1.494,-1.6812,1.46,2.6814,-0.0805,0,0,0,0.777,0.322,0.678,0,0,0.0,4,SEARCH_PHASE,1.2053,-1.8062,-31.1991,18.3751
1176,31.236,4.9498,0.8208,4.7702,1.2293,-1.7918,1.5307,4.67,36.169,36.456,36.1244,-17.5185,0.2,0.0,0.0,0.0,1.484,-1.6912,1.412,2.6564,-0.0529,0,0,0,0.779,0.327,0.673,0,0,0.0,4,SEARCH_PHASE,1.2293,-1.7918,-31.1746,18.3393
1177,31.264,4.9749,0.7852,4.7999,1.2532,-1.7772,1.4857,4.7,36.129,36.421,36.1244,-17.5185,0.2,0.0,0.0,0.0,1.5193,-1.6587,1.364,2.6306,-0.0787,0,0,0,0.776,0.33,0.67,0,0,0.0,4,SEARCH_PHASE,1.2532,-1.7772,-31.1495,18.3037
1178,31.292,5.0005,0.75,4.8287,1.2794,-1.7613,1.4391,4.729,36.089,36.385,36.1244,-17.5185,0.2,0.0,0.0,0.0,1.5541,-1.6256,1.316,2.6057,-0.0559,0,0,0,0.773,0.33,0.67,0,0,0.0,4,SEARCH_PHASE,1.2794,-1.7613,-31.1239,18.2685
1179,31.321,5.0266,0.7151,4.8565,1.3059,-1.7451,1.3934,4.757,36.049,36.349,36.1244,-17.5185,0.2,0.0,0.0,0.0,1.5884,-1.5921,1.268,2.5818,-0.0845,0,0,0,0.771,0.325,0.675,0,0,0.0,4,SEARCH_PHASE,1.3059,-1.7451,-31.0978,18.2336
1180,31.349,5.0533,0.6805,4.8835,1.3345,-1.7276,1.3468,4.783,36.009,36.312,36.1244,-17.5185,0.2,0.0,0.0,0.0,1.6225,-1.5582,1.22,2.5591,-0.0587,0,0,0,0.77,0.328,0.672,0,0,0.0,4,SEARCH_PHASE,1.3345,-1.7276,-31.0711,18.199
1181,31.378,5.0806,0.6463,4.9095,1.3631,-1.7099,1.3004,4.809,35.968,36.275,36.1244,-17.5185,0.2,0.0,0.0,0.0,1.6553,-1.5232,1.172,2.5365,-0.0696,0,0,0,0.77,0.325,0.675,0,0,0.0,4,SEARCH_PHASE,1.3631,-1.7099,-31.0438,18.1648
1182,31.406,5.1084,0.6125,4.9346,1.3935,-1.6911,1.2536,4.835,35.927,36.237,36.1244,-17.5185,0.2,0.0,0.0,0.0,1.6862,-1.4897,1.124,2.5151,-0.0433,0,0,0,0.772,0.326,0.674,0,0,0.0,4,SEARCH_PHASE,1.3935,-1.6911,-31.016,18.131
1183,31.434,5.1369,0.5791,4.9587,1.424,-1.671,1.2069,4.859,35.885,36.199,36.1244,-17.5185,0.2,0.0,0.0,0.0,1.7175,-1.4533,1.076,2.4939,-0.0736,0,0,0,0.769,0.326,0.674,0,0,0.0,4,SEARCH_PHASE,1.424,-1.671,-30.9875,18.0976
1184,31.463,5.1661,0.5461,4.9819,1.4565,-1.6485,1.1596,4.882,35.843,36.161,36.1244,-17.5185,0.2,0.0,0.0,0.0,1.725,-1.4446,1.028,2.4737,-0.0469,0,0,0,0.767,0.325,0.675,0,0,0.0,4,SEARCH_PHASE,1.4565,-1.6485,-30.9584,18.0646
1185,31.492,5.1958,0.5136,5.0041,1.4883,-1.6252,1.1112,4.904,35.801,36.122,36.1244,-17.5185,0.2,0.0,0.0,0.0,1.7548,-1.407,0.98,2.4535,-0.078,0,0,0,0.734,0.321,0.679,0,0,0.0,4,SEARCH_PHASE,1.4883,-1.6252,-30.9286,18.0321
1186,31.523,5.2263,0.4816,5.0254,1.5219,-1.5996,1.0627,4.925,35.759,36.083,36.1244,-17.5185,0.2,0.0,0.0,0.0,1.7847,-1.3695,0.932,2.435,-0.0505,0,0,0,0.732,0.322,0.678,0,0,0.0,4,SEARCH_PHASE,1.5219,-1.5996,-30.8982,18.0001
1187,31.553,5.2574,0.4502,5.0457,1.5549,-1.573,1.0146,4.946,35.716,36.043,36.1244,-17.5185,0.2,0.0,0.0,0.0,1.8137,-1.3312,0.884,2.4172,-0.0812,0,0,0,0.729,0.319,0.681,0,0,0.0,4,SEARCH_PHASE,1.5549,-1.573,-30.8671,17.9687
1188,31.583,5.2891,0.4193,5.065,1.5892,-1.5442,0.9664,4.965,35.673,36.003,36.1244,-17.5185,0.2,0.0,0.0,0.0,1.8308,-1.3079,0.836,2.4003,-0.0534,0,0,0,0.731,0.325,0.675,0,0,0.0,4,SEARCH_PHASE,1.5892,-1.5442,-30.8353,17.9378
1189,31.613,5.3216,0.389,5.0833,1.6223,-1.5147,0.9179,4.983,35.63,35.963,36.1244,-17.5185,0.2,0.0,0.0,0.0,1.8325,-1.3056,0.788,2.384,-0.0858,0,0,0,0.728,0.327,0.673,0,0,0.0,4,SEARCH_PHASE,1.6223,-1.5147,-30.8028,17.9075
1190,31.643,5.3547,0.3593,5.1007,1.6558,-1.4836,0.8671,5.001,35.586,35.922,36.1244,-17.5185,0.2,0.0,0.0,0.0,1.8208,-1.3218,0.74,2.3686,-0.0718,0,0,0,0.728,0.324,0.676,0,0,0.0,4,SEARCH_PHASE,1.6558,-1.4836,-30.7697,17.8778
1191,31.673,5.3885,0.3303,5.117,1.6875,-1.4522,0.8146,5.017,35.543,35.881,36.1244,-17.5185,0.2,0.0,0.0,0.0,1.846,-1.2864,0.692,2.354,-0.0875,0,0,0,0.722,0.315,0.685,0,0,0.0,4,SEARCH_PHASE,1.6875,-1.4522,-30.736,17.8488
1192,31.704,5.4228,0.3019,5.1323,1.719,-1.4193,0.7643,5.032,35.499,35.84,36.1244,-17.5185,0.2,0.0,0.0,0.0,1.8728,-1.2467,0.644,2.3402,-0.0995,0,0,0,0.718,0.31,0.69,0,0,0.0,4,SEARCH_PHASE,1.719,-1.4193,-30.7016,17.8204
1193,31.733,5.4578,0.2742,5.1466,1.7482,-1.3866,0.7154,5.047,35.454,35.798,36.1244,-17.5185,0.2,0.0,0.0,0.0,1.8854,-1.2279,0.596,2.3276,-0.0779,0,0,0,0.713,0.308,0.692,0,0,0.0,4,SEARCH_PHASE,1.7482,-1.3866,-30.6666,17.7927
1194,31.763,5.4933,0.2471,5.1599,1.7761,-1.3557,0.667,5.06,35.41,35.756,36.1244,-17.5185,0.2,0.0,0.0,0.0,1.881,-1.2346,0.548,2.3158,-0.1066,0,0,0,0.726,0.299,0.701,0,0,0.0,4,SEARCH_PHASE,1.7761,-1.3557,-30.6311,17.7656
1195,31.793,5.5294,0.2205,5.1723,1.8035,-1.3255,0.6172,5.072,35.366,35.713,36.1244,-17.5185,0.2,0.0,0.0,0.0,1.8782,-1.239,0.5,2.3049,-0.0734,0,0,0,0.725,0.301,0.699,0,0,0.0,4,SEARCH_PHASE,1.8035,-1.3255,-30.595,17.739
1196,31.823,5.566,0.1946,5.1836,1.8284,-1.2971,0.5675,5.084,35.321,35.671,36.1244,-17.5185,0.2,0.0,0.0,0.0,1.8721,-1.2481,0.452,2.295,-0.1062,0,0,0,0.72,0.294,0.706,0,0,0.0,4,SEARCH_PHASE,1.8284,-1.2971,-30.5585,17.7131
1197,31.852,5.603,0.1692,5.194,1.8515,-1.2687,0.5177,5.094,35.276,35.628,36.1244,-17.5185,0.2,0.0,0.0,0.0,1.8772,-1.2405,0.404,2.286,-0.1161,0,0,0,0.728,0.307,0.693,0,0,0.0,4,SEARCH_PHASE,1.8515,-1.2687,-30.5214,17.6877
1198,31.88,5.6404,0.1444,5.2033,1.8726,-1.2418,0.4692,5.103,35.231,35.585,36.1244,-17.5185,0.2,0.0,0.0,0.0,1.8869,-1.2256,0.356,2.278,-0.0864,0,0,0,0.717,0.294,0.706,0,0,0.0,4,SEARCH_PHASE,1.8726,-1.2418,-30.484,17.6629
1199,31.909,5.6782,0.12,5.2118,1.8898,-1.2176,0.422,5.112,35.186,35.542,36.1244,-17.5185,0.2,0.0,0.0,0.0,1.8815,-1.2338,0.308,2.271,-0.1176,0,0,0,0.722,0.291,0.709,0,0,0.0,4,SEARCH_PHASE,1.8898,-1.2176,-30.4462,17.6385
1200,31.936,5.7163,0.0961,5.2193,1.9046,-1.1951,0.3741,5.119,35.142,35.498,36.1244,-17.5185,0.2,0.0,0.0,0.0,1.9007,-1.2042,0.26,2.265,-0.0987,0,0,0,0.724,0.285,0.715,0,0,0.0,4,SEARCH_PHASE,1.9046,-1.1951,-30.4081,17.6146
1201,31.963,5.7547,0.0726,5.2258,1.9185,-1.1758,0.3282,5.126,35.097,35.455,36.1244,-17.5185,0.2,0.0,0.0,0.0,1.9073,-1.1936,0.212,2.26,-0.0878,0,0,0,0.721,0.287,0.713,0,0,0.0,4,SEARCH_PHASE,1.9185,-1.1758,-30.3697,17.5911
1202,31.991,5.7933,0.0494,5.2315,1.9295,-1.1591,0.2822,5.131,35.052,35.411,36.1244,-17.5185,0.2,0.0,0.0,0.0,1.9207,-1.1719,0.164,2.256,-0.1119,0,0,0,0.715,0.285,0.715,0,0,0.0,4,SEARCH_PHASE,1.9295,-1.1591,-30.3311,17.5679
1203,32.017,5.8321,0.0266,5.2362,1.9399,-1.1443,0.2364,5.136,35.006,35.367,36.1244,-17.5185,0.2,0.0,0.0,0.0,1.9304,-1.1559,0.116,2.253,-0.0884,0,0,0,0.711,0.286,0.714,0,0,0.0,4,SEARCH_PHASE,1.9399,-1.1443,-30.2923,17.5451
1204,32.043,5.871,0.0039,5.24,1.9474,-1.1323,0.1904,5.14,34.961,35.323,36.1244,-17.5185,0.2,0.0,0.0,0.0,1.937,-1.1447,0.068,2.251,-0.079,0,0,0,0.707,0.269,0.731,0,0,0.0,4,SEARCH_PHASE,1.9474,-1.1323,-30.2534,17.5224
1205,32.072,5.9101,-0.0185,5.2429,1.9533,-1.122,0.1438,5.143,34.916,35.279,36.1244,-17.5185,0.2,0.0,0.0,0.0,1.9384,-1.1424,0.02,2.2501,-0.0969,0,0,0,0.709,0.264,0.736,0,0,0.0,4,SEARCH_PHASE,1.9533,-1.122,-30.2143,17.5
1206,32.1,5.9492,-0.0408,5.2448,1.9569,-1.1124,0.0976,5.145,34.871,35.234,36.1244,-17.5185,0.2,0.0,0.0,0.0,1.9432,-1.1342,-0.028,2.2502,-0.0736,0,0,0,0.703,0.256,0.744,0,0,0.0,4,SEARCH_PHASE,1.9569,-1.1124,-30.1752,17.4777
1207,32.128,5.9884,-0.0629,5.2459,1.9595,-1.1043,0.0512,5.146,34.826,35.19,36.1244,-17.5185,0.2,0.0,0.0,0.0,1.943,-1.1345,-0.076,2.2513,-0.1103,0,0,0,0.704,0.267,0.733,0,0,0.0,4,SEARCH_PHASE,1.9595,-1.1043,-30.136,17.4556
1208,32.157,6.0276,-0.0848,5.246,1.9597,-1.0962,0.0044,5.146,34.781,35.146,36.1244,-17.5185,0.2,0.0,0.0,0.0,1.944,-1.1328,-0.124,2.2534,-0.0842,0,0,0,0.702,0.266,0.734,0,0,0.0,4,SEARCH_PHASE,1.9597,-1.0962,-30.0968,17.4337
1209,32.185,6.0668,-0.1066,5.2451,1.9587,-1.0903,-0.0432,5.145,34.737,35.101,36.1244,-17.5185,0.2,0.0,0.0,0.0,1.9442,-1.1326,-0.172,2.2566,-0.115,0,0,0,0.702,0.266,0.734,0,0,0.0,4,SEARCH_PHASE,1.9587,-1.0903,-30.0576,17.4119
1210,32.214,6.1059,-0.1283,5.2433,1.9568,-1.0847,-0.0899,5.143,34.692,35.057,36.1244,-17.5185,0.2,0.0,0.0,0.0,1.9459,-1.1295,-0.22,2.2607,-0.0775,0,0,0,0.696,0.267,0.733,0,0,0.0,4,SEARCH_PHASE,1.9568,-1.0847,-30.0185,17.3902
1211,32.243,6.145,-0.1499,5.2406,1.9546,-1.0814,-0.1369,5.141,34.647,35.012,36.1244,-17.5185,0.2,0.0,0.0,0.0,1.9463,-1.1289,-0.268,2.2659,-0.1098,0,0,0,0.696,0.26,0.74,0,0,0.0,4,SEARCH_PHASE,1.9546,-1.0814,-29.9794,17.3686
1212,32.272,6.184,-0.1715,5.2369,1.9506,-1.0781,-0.1842,5.137,34.603,34.967,36.1244,-17.5185,0.2,0.0,0.0,0.0,1.9468,-1.128,-0.316,2.2721,-0.0829,0,0,0,0.694,0.255,0.745,0,0,0.0,4,SEARCH_PHASE,1.9506,-1.0781,-29.9404,17.347
1213,32.301,6.223,-0.193,5.2322,1.9461,-1.0768,-0.2317,5.132,34.558,34.923,36.1244,-17.5185,0.2,0.0,0.0,0.0,1.9468,-1.128,-0.364,2.2793,-0.1036,0,0,0,0.694,0.255,0.745,0,0,0.0,4,SEARCH_PHASE,1.9461,-1.0768,-29.9015,17.3255
1214,32.33,6.2618,-0.2145,5.2267,1.9414,-1.0758,-0.2791,5.127,34.514,34.878,36.1244,-17.5185,0.2,0.0,0.0,0.0,1.9468,-1.1281,-0.412,2.2874,-0.0781,0,0,0,0.693,0.249,0.751,0,0,0.0,4,SEARCH_PHASE,1.9414,-1.0758,-29.8626,17.304
1215,32.359,6.3005,-0.2361,5.2201,1.9364,-1.0765,-0.3266,5.12,34.47,34.833,36.1244,-17.5185,0.2,0.0,0.0,0.0,1.9468,-1.1281,-0.46,2.2965,-0.1016,0,0,0,0.692,0.254,0.746,0,0,0.0,4,SEARCH_PHASE,1.9364,-1.0765,-29.8239,17.2824
1216,32.388,6.3391,-0.2576,5.2126,1.9318,-1.0774,-0.374,5.113,34.425,34.788,36.1244,-17.5185,0.2,0.0,0.0,0.0,1.9467,-1.1282,-0.508,2.3066,-0.0827,0,0,0,0.692,0.244,0.756,0,0,0.0,4,SEARCH_PHASE,1.9318,-1.0774,-29.7853,17.2609
1217,32.417,6.3777,-0.2792,5.2042,1.9262,-1.0798,-0.4217,5.104,34.381,34.743,36.1244,-17.5185,0.2,0.0,0.0,0.0,1.9467,-1.1282,-0.556,2.3177,-0.0774,0,0,0,0.692,0.25,0.75,0,0,0.0,4,SEARCH_PHASE,1.9262,-1.0798,-29.7467,17.2393
1218,32.447,6.4161,-0.3009,5.1948,1.9216,-1.0826,-0.4698,5.095,34.337,34.698,36.1244,-17.5185,0.2,0.0,0.0,0.0,1.9467,-1.1282,-0.604,2.3297,-0.0792,0,0,0,0.697,0.256,0.744,0,0,0.0,4,SEARCH_PHASE,1.9216,-1.0826,-29.7083,17.2176
1219,32.476,6.4544,-0.3226,5.1845,1.9164,-1.0856,-0.5172,5.084,34.293,34.653,36.1244,-17.5185,0.2,0.0,0.0,0.0,1.9467,-1.1282,-0.652,2.3426,-0.0939,0,0,0,0.696,0.255,0.745,0,0,0.0,4,SEARCH_PHASE,1.9164,-1.0856,-29.67,17.1959
1220,32.505,6.4927,-0.3443,5.1732,1.9123,-1.0884,-0.5647,5.073,34.249,34.608,36.1244,-17.5185,0.2,0.0,0.0,0.0,1.9467,-1.1283,-0.7,2.3564,-0.0733,0,0,0,0.695,0.252,0.748,0,0,0.0,4,SEARCH_PHASE,1.9123,-1.0884,-29.6317,17.1742
1221,32.535,6.5308,-0.3662,5.1609,1.9076,-1.092,-0.6123,5.061,34.205,34.563,36.1244,-17.5185,0.2,0.0,0.0,0.0,1.9467,-1.1283,-0.748,2.3711,-0.0895,0,0,0,0.694,0.249,0.751,0,0,0.0,4,SEARCH_PHASE,1.9076,-1.092,-29.5936,17.1523
1222,32.564,6.5689,-0.3881,5.1477,1.904,-1.0953,-0.6606,5.048,34.161,34.518,36.1244,-17.5185,0.2,0.0,0.0,0.0,1.9467,-1.1283,-0.796,2.3867,-0.0716,0,0,0,0.695,0.252,0.748,0,0,0.0,4,SEARCH_PHASE,1.904,-1.0953,-29.5555,17.1304
1223,32.593,6.6069,-0.4101,5.1336,1.8995,-1.0993,-0.7082,5.034,34.117,34.472,36.1244,-17.5185,0.2,0.0,0.0,0.0,1.9467,-1.1283,-0.844,2.4031,-0.084,0,0,0,0.697,0.253,0.747,0,0,0.0,4,SEARCH_PHASE,1.8995,-1.0993,-29.5175,17.1084
1224,32.623,6.6448,-0.4321,5.1184,1.8961,-1.103,-0.7557,5.018,34.073,34.426,36.1244,-17.5185,0.2,0.0,0.0,0.0,1.9467,-1.1283,-0.892,2.4204,-0.0666,0,0,0,0.699,0.255,0.745,0,0,0.0,4,SEARCH_PHASE,1.8961,-1.103,-29.4796,17.0864
1225,32.652,6.6827,-0.4543,5.1024,1.8923,-1.1068,-0.8031,5.002,34.029,34.381,36.1244,-17.5185,0.2,0.0,0.0,0.0,1.9467,-1.1283,-0.94,2.4385,-0.0895,0,0,0,0.701,0.258,0.742,0,0,0.0,4,SEARCH_PHASE,1.8923,-1.1068,-29.4417,17.0642
1226,32.681,6.7205,-0.4765,5.0854,1.89,-1.1097,-0.8507,4.985,33.986,34.335,36.1244,-17.5185,0.2,0.0,0.0,0.0,1.9467,-1.1283,-0.988,2.4574,-0.0717,0,0,0,0.702,0.26,0.74,0,0,0.0,4,SEARCH_PHASE,1.89,-1.1097,-29.4039,17.042
1227,32.711,6.7582,-0.4987,5.0674,1.887,-1.1128,-0.8983,4.967,33.942,34.289,36.1244,-17.5185,0.2,0.0,0.0,0.0,1.9467,-1.1282,-1.036,2.4771,-0.0966,0,0,0,0.705,0.265,0.735,0,0,0.0,4,SEARCH_PHASE,1.887,-1.1128,-29.3662,17.0198
1228,32.742,6.7959,-0.521,5.0485,1.8853,-1.1152,-0.9459,4.948,33.898,34.243,36.1244,-17.5185,0.2,0.0,0.0,0.0,1.9458,-1.1297,-1.084,2.4975,-0.0785,0,0,0,0.707,0.278,0.722,0,0,0.0,4,SEARCH_PHASE,1.8853,-1.1152,-29.3285,16.9975
1229,32.773,6.8336,-0.5434,5.0286,1.8829,-1.1181,-0.9942,4.929,33.854,34.197,36.1244,-17.5185,0.2,0.0,0.0,0.0,1.9457,-1.13,-1.132,2.5187,-0.0868,0,0,0,0.706,0.274,0.726,0,0,0.0,4,SEARCH_PHASE,1.8829,-1.1181,-29.2908,16.9751
1230,32.802,6.8712,-0.5658,5.0078,1.8819,-1.1204,-1.0415,4.908,33.81,34.151,36.1244,-17.5185,0.2,0.0,0.0,0.0,1.9405,-1.1389,-1.18,2.5406,-0.0652,0,0,0,0.718,0.286,0.714,0,0,0.0,4,SEARCH_PHASE,1.8819,-1.1204,-29.2532,16.9527
1231,32.831,6.9088,-0.5882,4.986,1.8804,-1.1226,-1.0888,4.886,33.767,34.104,36.1244,-17.5185,0.2,0.0,0.0,0.0,1.9403,-1.1392,-1.228,2.5633,-0.086,0,0,0,0.717,0.279,0.721,0,0,0.0,4,SEARCH_PHASE,1.8804,-1.1226,-29.2156,16.9303
1232,32.861,6.9464,-0.6107,4.9633,1.8801,-1.1236,-1.1365,4.863,33.723,34.058,36.1244,-17.5185,0.2,0.0,0.0,0.0,1.9377,-1.1436,-1.276,2.5866,-0.0653,0,0,0,0.718,0.286,0.714,0,0,0.0,4,SEARCH_PHASE,1.8801,-1.1236,-29.178,16.9078
1233,32.892,6.984,-0.6332,4.9396,1.8791,-1.1246,-1.1839,4.84,33.679,34.011,36.1244,-17.5185,0.2,0.0,0.0,0.0,1.9352,-1.1478,-1.324,2.6106,-0.0884,0,0,0,0.718,0.286,0.714,0,0,0.0,4,SEARCH_PHASE,1.8791,-1.1246,-29.1404,16.8853
1234,32.922,7.0216,-0.6557,4.915,1.8791,-1.1246,-1.2314,4.815,33.635,33.964,36.1244,-17.5185,0.2,0.0,0.0,0.0,1.9305,-1.1558,-1.372,2.6353,-0.068,0,0,0,0.719,0.286,0.714,0,0,0.0,4,SEARCH_PHASE,1.8791,-1.1246,-29.1028,16.8628
1235,32.952,7.0592,-0.6782,4.8894,1.8785,-1.1248,-1.2788,4.789,33.591,33.917,36.1244,-17.5185,0.2,0.0,0.0,0.0,1.9266,-1.1622,-1.42,2.6606,-0.0898,0,0,0,0.719,0.287,0.713,0,0,0.0,4,SEARCH_PHASE,1.8785,-1.1248,-29.0653,16.8403
1236,32.982,7.0967,-0.7007,4.8629,1.879,-1.1241,-1.3264,4.763,33.548,33.87,36.1244,-17.5185,0.2,0.0,0.0,0.0,1.9198,-1.1734,-1.468,2.6865,-0.0771,0,0,0,0.72,0.296,0.704,0,0,0.0,4,SEARCH_PHASE,1.879,-1.1241,-29.0277,16.8178
1237,33.013,7.1343,-0.7231,4.8354,1.8786,-1.1238,-1.3739,4.735,33.504,33.823,36.1244,-17.5185,0.2,0.0,0.0,0.0,1.9213,-1.1709,-1.5,2.7042,-0.099,0,0,0,0.721,0.293,0.707,0,0,0.0,4,SEARCH_PHASE,1.8786,-1.1238,-28.9901,16.7954
1238,33.045,7.1719,-0.7456,4.8071,1.8793,-1.1234,-1.4155,4.707,33.46,33.776,36.1244,-17.5185,0.2,0.0,0.0,0.0,1.9151,-1.1811,-1.5,2.7042,-0.0784,0,0,0,0.726,0.303,0.697,0,0,0.0,4,SEARCH_PHASE,1.8793,-1.1234,-28.9525,16.7729
1239,33.075,7.2095,-0.7681,4.7782,1.879,-1.1243,-1.4416,4.678,33.416,33.728,36.1244,-17.5185,0.2,0.0,0.0,0.0,1.9133,-1.184,-1.5,2.7042,-0.1019,0,0,0,0.726,0.297,0.703,0,0,0.0,4,SEARCH_PHASE,1.879,-1.1243,-28.9149,16.7504
1240,33.105,7.2471,-0.7906,4.7491,1.8798,-1.1253,-1.4579,4.649,33.372,33.681,36.1244,-17.5185,0.2,0.0,0.0,0.0,1.9112,-1.1873,-1.5,2.7042,-0.0799,0,0,0,0.729,0.301,0.699,0,0,0.0,4,SEARCH_PHASE,1.8798,-1.1253,-28.8773,16.7279
1241,33.135,7.2846,-0.8132,4.7197,1.8788,-1.1279,-1.4682,4.62,33.329,33.634,36.1244,-17.5185,0.2,0.0,0.0,0.0,1.925,-1.1648,-1.5,2.7042,-0.1062,0,0,0,0.722,0.296,0.704,0,0,0.0,4,SEARCH_PHASE,1.8788,-1.1279,-28.8398,16.7053
1242,33.165,7.3222,-0.8358,4.6902,1.8783,-1.1305,-1.4747,4.59,33.285,33.586,36.1244,-17.5185,0.2,0.0,0.0,0.0,1.9257,-1.1636,-1.5,2.7042,-0.084,0,0,0,0.723,0.306,0.694,0,0,0.0,4,SEARCH_PHASE,1.8783,-1.1305,-28.8022,16.6827
1243,33.195,7.3597,-0.8585,4.6606,1.8762,-1.135,-1.4788,4.561,33.241,33.539,36.1244,-17.5185,0.2,0.0,0.0,0.0,1.9246,-1.1655,-1.5,2.7042,-0.058,0,0,0,0.723,0.304,0.696,0,0,0.0,4,SEARCH_PHASE,1.8762,-1.135,-28.7647,16.66
1244,33.226,7.3972,-0.8813,4.631,1.8751,-1.1397,-1.4814,4.531,33.197,33.492,36.1244,-17.5185,0.2,0.0,0.0,0.0,1.899,-1.2061,-1.5,2.7039,-0.0996,0,0,0,0.738,0.302,0.698,0,0,0.0,4,SEARCH_PHASE,1.8751,-1.1397,-28.7272,16.6372
1245,33.256,7.4347,-0.9041,4.6013,1.8732,-1.1425,-1.483,4.501,33.153,33.444,36.1244,-17.5185,0.2,0.0,0.0,0.0,1.9116,-1.1868,-1.5,2.7042,-0.0862,0,0,0,0.73,0.302,0.698,0,0,0.0,4,SEARCH_PHASE,1.8732,-1.1425,-28.6897,16.6144
1246,33.287,7.4721,-0.927,4.5717,1.8721,-1.1459,-1.4841,4.472,33.109,33.397,36.1244,-17.5185,0.2,0.0,0.0,0.0,1.8858,-1.2273,-1.5,2.7041,-0.0954,0,0,0,0.739,0.306,0.694,0,0,0.0,4,SEARCH_PHASE,1.8721,-1.1459,-28.6523,16.5915
1247,33.317,7.5095,-0.95,4.542,1.8696,-1.1489,-1.4847,4.442,33.065,33.349,36.1244,-17.5185,0.2,0.0,0.0,0.0,1.9114,-1.1867,-1.5,2.704,-0.1078,0,0,0,0.726,0.305,0.695,0,0,0.0,4,SEARCH_PHASE,1.8696,-1.1489,-28.6149,16.5685
1248,33.347,7.5469,-0.9731,4.5123,1.8679,-1.1523,-1.4851,4.412,33.022,33.302,36.1244,-17.5185,0.2,0.0,0.0,0.0,1.9157,-1.18,-1.5,2.7042,-0.0851,0,0,0,0.728,0.309,0.691,0,0,0.0,4,SEARCH_PHASE,1.8679,-1.1523,-28.5775,16.5454
1249,33.376,7.5842,-0.9962,4.4826,1.8642,-1.1576,-1.4859,4.383,32.978,33.255,36.1244,-17.5185,0.2,0.0,0.0,0.0,1.9156,-1.1802,-1.5,2.7042,-0.0508,0,0,0,0.728,0.309,0.691,0,0,0.0,4,SEARCH_PHASE,1.8642,-1.1576,-28.5402,16.5223
1250,33.407,7.6214,-1.0195,4.4528,1.8618,-1.1631,-1.4859,4.353,32.934,33.207,36.1244,-17.5185,0.2,0.0,0.0,0.0,1.8897,-1.2206,-1.5,2.7039,-0.091,0,0,0,0.742,0.316,0.684,0,0,0.0,4,SEARCH_PHASE,1.8618,-1.1631,-28.503,16.499
1251,33.438,7.6586,-1.0428,4.4231,1.8589,-1.1659,-1.4857,4.323,32.89,33.16,36.1244,-17.5185,0.2,0.0,0.0,0.0,1.9066,-1.1948,-1.5,2.7042,-0.1016,0,0,0,0.734,0.315,0.685,0,0,0.0,4,SEARCH_PHASE,1.8589,-1.1659,-28.4658,16.4757
1252,33.469,7.6957,-1.0662,4.3934,1.8571,-1.1687,-1.4857,4.293,32.846,33.113,36.1244,-17.5185,0.2,0.0,0.0,0.0,1.8918,-1.218,-1.5,2.7042,-0.077,0,0,0,0.734,0.317,0.683,0,0,0.0,4,SEARCH_PHASE,1.8571,-1.1687,-28.4287,16.4523
1253,33.5,7.7328,-1.0896,4.3637,1.8537,-1.1725,-1.4856,4.264,32.802,33.066,36.1244,-17.5185,0.2,0.0,0.0,0.0,1.906,-1.1956,-1.5,2.7042,-0.1009,0,0,0,0.733,0.316,0.684,0,0,0.0,4,SEARCH_PHASE,1.8537,-1.1725,-28.3916,16.4289
1254,33.531,7.7698,-1.1131,4.334,1.8516,-1.1755,-1.4856,4.234,32.758,33.018,36.1244,-17.5185,0.2,0.0,0.0,0.0,1.9066,-1.1947,-1.5,2.7042,-0.0766,0,0,0,0.733,0.326,0.674,0,0,0.0,4,SEARCH_PHASE,1.8516,-1.1755,-28.3546,16.4054
1255,33.561,7.8068,-1.1367,4.3043,1.8475,-1.1795,-1.486,4.204,32.715,32.971,36.1244,-17.5185,0.2,0.0,0.0,0.0,1.9019,-1.2022,-1.5,2.7042,-0.0812,0,0,0,0.736,0.329,0.671,0,0,0.0,4,SEARCH_PHASE,1.8475,-1.1795,-28.3176,16.3818
1256,33.592,7.8437,-1.1604,4.2745,1.8443,-1.1829,-1.4865,4.175,32.671,32.924,36.1244,-17.5185,0.2,0.0,0.0,0.0,1.8802,-1.2358,-1.5,2.7042,-0.0748,0,0,0,0.745,0.331,0.669,0,0,0.0,4,SEARCH_PHASE,1.8443,-1.1829,-28.2807,16.3581
1257,33.623,7.8805,-1.1841,4.2448,1.8417,-1.186,-1.4861,4.145,32.627,32.877,36.1244,-17.5185,0.2,0.0,0.0,0.0,1.906,-1.1953,-1.5,2.704,-0.1,0,0,0,0.737,0.331,0.669,0,0,0.0,4,SEARCH_PHASE,1.8417,-1.186,-28.2439,16.3344
1258,33.654,7.9173,-1.2079,4.2151,1.8402,-1.1883,-1.486,4.115,32.583,32.83,36.1244,-17.5185,0.2,0.0,0.0,0.0,1.9158,-1.1799,-1.5,2.7042,-0.0774,0,0,0,0.737,0.336,0.664,0,0,0.0,4,SEARCH_PHASE,1.8402,-1.1883,-28.2071,16.3106
1259,33.685,7.954,-1.2317,4.1854,1.8368,-1.1918,-1.4861,4.085,32.54,32.783,36.1244,-17.5185,0.2,0.0,0.0,0.0,1.8887,-1.2195,-1.5,2.7027,-0.0554,0,0,0,0.756,0.339,0.661,0,0,0.0,4,SEARCH_PHASE,1.8368,-1.1918,-28.1704,16.2868
1260,33.717,7.9907,-1.2556,4.1557,1.834,-1.1946,-1.4861,4.056,32.496,32.736,36.1244,-17.5185,0.2,0.0,0.0,0.0,1.8612,-1.2589,-1.5,2.7016,-0.0837,0,0,0,0.76,0.333,0.667,0,0,0.0,4,SEARCH_PHASE,1.834,-1.1946,-28.1337,16.2629
1261,33.748,8.0274,-1.2795,4.1259,1.8339,-1.195,-1.4859,4.026,32.452,32.689,36.1244,-17.5185,0.2,0.0,0.0,0.0,1.8332,-1.2978,-1.5,2.7009,-0.1219,0,0,0,0.763,0.334,0.666,0,0,0.0,4,SEARCH_PHASE,1.8339,-1.195,-28.097,16.239
1262,33.781,8.0641,-1.3034,4.0962,1.8334,-1.1944,-1.4857,3.996,32.409,32.642,36.1244,-17.5185,0.2,0.0,0.0,0.0,1.8053,-1.3369,-1.5,2.7012,-0.0982,0,0,0,0.761,0.337,0.663,0,0,0.0,4,SEARCH_PHASE,1.8334,-1.1944,-28.0603,16.2151
1263,33.813,8.1008,-1.3273,4.0665,1.8343,-1.1961,-1.4862,3.966,32.365,32.595,36.1244,-17.5185,0.2,0.0,0.0,0.0,1.8328,-1.3051,-1.5,2.7042,-0.1193,0,0,0,0.752,0.338,0.662,0,0,0.0,4,SEARCH_PHASE,1.8343,-1.1961,-28.0237,16.1912
1264,33.844,8.1374,-1.3513,4.0368,1.8345,-1.1984,-1.4861,3.937,32.321,32.548,36.1244,-17.5185,0.2,0.0,0.0,0.0,1.8267,-1.3137,-1.5,2.7042,-0.0957,0,0,0,0.753,0.342,0.658,0,0,0.0,4,SEARCH_PHASE,1.8345,-1.1984,-27.987,16.1672
1265,33.875,8.1741,-1.3753,4.007,1.8326,-1.2034,-1.4862,3.907,32.277,32.501,36.1244,-17.5185,0.2,0.0,0.0,0.0,1.8538,-1.2741,-1.5,2.7037,-0.1123,0,0,0,0.744,0.339,0.661,0,0,0.0,4,SEARCH_PHASE,1.8326,-1.2034,-27.9503,16.1432
1266,33.905,8.2107,-1.3995,3.9773,1.8316,-1.2094,-1.4865,3.877,32.233,32.454,36.1244,-17.5185,0.2,0.0,0.0,0.0,1.88,-1.2339,-1.5,2.7031,-0.0866,0,0,0,0.694,0.337,0.663,0,0,0.0,4,SEARCH_PHASE,1.8316,-1.2094,-27.9137,16.119
1267,33.935,8.2473,-1.4239,3.9476,1.8287,-1.2179,-1.4866,3.848,32.19,32.407,36.1244,-17.5185,0.2,0.0,0.0,0.0,1.9067,-1.194,-1.5,2.7039,-0.0517,0,0,0,0.698,0.336,0.664,0,0,0.0,4,SEARCH_PHASE,1.8287,-1.2179,-27.8771,16.0946
1268,33.966,8.2838,-1.4484,3.9178,1.8267,-1.2272,-1.487,3.818,32.146,32.36,36.1244,-17.5185,0.2,0.0,0.0,0.0,1.8804,-1.2341,-1.5,2.7035,-0.0353,0,0,0,0.755,0.345,0.655,0,0,0.0,4,SEARCH_PHASE,1.8267,-1.2272,-27.8406,16.0701
1269,33.997,8.3203,-1.4731,3.8881,1.8239,-1.2347,-1.4874,3.788,32.102,32.313,36.1244,-17.5185,0.2,0.0,0.0,0.0,1.8537,-1.274,-1.5,2.7035,-0.059,0,0,0,0.757,0.346,0.654,0,0,0.0,4,SEARCH_PHASE,1.8239,-1.2347,-27.8041,16.0454
1270,34.029,8.3568,-1.4979,3.8583,1.8236,-1.2385,-1.4874,3.758,32.058,32.266,36.1244,-17.5185,0.2,0.0,0.0,0.0,1.8246,-1.3122,-1.452,2.6757,-0.0999,0,0,0,0.766,0.354,0.646,0,0,0.0,4,SEARCH_PHASE,1.8236,-1.2385,-27.7676,16.0206
1271,34.061,8.3933,-1.5227,3.829,1.8231,-1.241,-1.469,3.729,32.014,32.219,36.1244,-17.5185,0.2,0.0,0.0,0.0,1.8047,-1.3437,-1.404,2.6521,-0.0879,0,0,0,0.761,0.351,0.649,0,0,0.0,4,SEARCH_PHASE,1.8231,-1.241,-27.7312,15.9958
1272,34.092,8.4297,-1.5476,3.8002,1.8241,-1.2448,-1.4396,3.7,31.97,32.172,36.1244,-17.5185,0.2,0.0,0.0,0.0,1.7976,-1.3532,-1.356,2.627,-0.1227,0,0,0,0.76,0.354,0.646,0,0,0.0,4,SEARCH_PHASE,1.8241,-1.2448,-27.6947,15.9709
1273,34.124,8.4662,-1.5726,3.7721,1.8238,-1.2488,-1.4037,3.672,31.926,32.125,36.1244,-17.5185,0.2,0.0,0.0,0.0,1.8083,-1.3389,-1.308,2.6026,-0.0822,0,0,0,0.758,0.353,0.647,0,0,0.0,4,SEARCH_PHASE,1.8238,-1.2488,-27.6582,15.9459
1274,34.155,8.5027,-1.5977,3.7448,1.8243,-1.257,-1.3636,3.645,31.882,32.078,36.1244,-17.5185,0.2,0.0,0.0,0.0,1.7933,-1.3589,-1.26,2.5788,-0.0849,0,0,0,0.761,0.358,0.642,0,0,0.0,4,SEARCH_PHASE,1.8243,-1.257,-27.6217,15.9208
1275,34.186,8.5392,-1.623,3.7184,1.8234,-1.2656,-1.3203,3.618,31.837,32.031,36.1244,-17.5185,0.2,0.0,0.0,0.0,1.8211,-1.3198,-1.212,2.5549,-0.0978,0,0,0,0.71,0.356,0.644,0,0,0.0,4,SEARCH_PHASE,1.8234,-1.2656,-27.5852,15.8955
1276,34.216,8.5756,-1.6485,3.6929,1.823,-1.2744,-1.2764,3.593,31.793,31.984,36.1244,-17.5185,0.2,0.0,0.0,0.0,1.8489,-1.2807,-1.164,2.5324,-0.0727,0,0,0,0.715,0.353,0.647,0,0,0.0,4,SEARCH_PHASE,1.823,-1.2744,-27.5488,15.87
1277,34.247,8.612,-1.6742,3.6683,1.8194,-1.285,-1.2308,3.568,31.749,31.937,36.1244,-17.5185,0.2,0.0,0.0,0.0,1.872,-1.2482,-1.116,2.5116,-0.0372,0,0,0,0.719,0.349,0.651,0,0,0.0,4,SEARCH_PHASE,1.8194,-1.285,-27.5124,15.8443
1278,34.279,8.6483,-1.7001,3.6446,1.8165,-1.2951,-1.185,3.545,31.704,31.891,36.1244,-17.5185,0.2,0.0,0.0,0.0,1.8594,-1.2669,-1.068,2.4906,-0.083,0,0,0,0.72,0.353,0.647,0,0,0.0,4,SEARCH_PHASE,1.8165,-1.2951,-27.4761,15.8184
1279,34.31,8.6846,-1.7261,3.6218,1.8123,-1.3008,-1.1379,3.522,31.66,31.844,36.1244,-17.5185,0.2,0.0,0.0,0.0,1.8605,-1.2653,-1.02,2.4704,-0.0485,0,0,0,0.723,0.354,0.646,0,0,0.0,4,SEARCH_PHASE,1.8123,-1.3008,-27.4398,15.7924
1280,34.342,8.7208,-1.7523,3.6,1.8089,-1.306,-1.0903,3.5,31.615,31.798,36.1244,-17.5185,0.2,0.0,0.0,0.0,1.8314,-1.3034,-0.972,2.4491,-0.0929,0,0,0,0.773,0.362,0.638,0,0,0.0,4,SEARCH_PHASE,1.8089,-1.306,-27.4036,15.7662
1281,34.374,8.7569,-1.7784,3.5792,1.8059,-1.3072,-1.0426,3.479,31.571,31.751,36.1244,-17.5185,0.2,0.0,0.0,0.0,1.8429,-1.2909,-0.924,2.4323,-0.0899,0,0,0,0.72,0.363,0.637,0,0,0.0,4,SEARCH_PHASE,1.8059,-1.3072,-27.3675,15.7401
1282,34.406,8.793,-1.8046,3.5593,1.8057,-1.3081,-0.995,3.459,31.527,31.705,36.1244,-17.5185,0.2,0.0,0.0,0.0,1.8516,-1.2783,-0.876,2.4145,-0.0713,0,0,0,0.725,0.364,0.636,0,0,0.0,4,SEARCH_PHASE,1.8057,-1.3081,-27.3314,15.7139
1283,34.438,8.8291,-1.8307,3.5403,1.8047,-1.3086,-0.9472,3.44,31.482,31.659,36.1244,-17.5185,0.2,0.0,0.0,0.0,1.8562,-1.2716,-0.828,2.3975,-0.0988,0,0,0,0.724,0.36,0.64,0,0,0.0,4,SEARCH_PHASE,1.8047,-1.3086,-27.2953,15.6878
1284,34.469,8.8652,-1.8569,3.5223,1.8068,-1.3071,-0.8995,3.422,31.438,31.613,36.1244,-17.5185,0.2,0.0,0.0,0.0,1.8829,-1.2317,-0.78,2.3813,-0.0702,0,0,0,0.722,0.37,0.63,0,0,0.0,4,SEARCH_PHASE,1.8068,-1.3071,-27.2592,15.6616
1285,34.501,8.9014,-1.883,3.5053,1.8076,-1.3062,-0.8517,3.405,31.394,31.567,36.1244,-17.5185,0.2,0.0,0.0,0.0,1.8897,-1.2213,-0.732,2.3661,-0.0913,0,0,0,0.72,0.365,0.635,0,0,0.0,4,SEARCH_PHASE,1.8076,-1.3062,-27.223,15.6355
1286,34.532,8.9376,-1.9091,3.4892,1.8109,-1.3036,-0.804,3.389,31.349,31.521,36.1244,-17.5185,0.2,0.0,0.0,0.0,1.9153,-1.1807,-0.684,2.3517,-0.0629,0,0,0,0.713,0.366,0.634,0,0,0.0,4,SEARCH_PHASE,1.8109,-1.3036,-27.1868,15.6094
1287,34.563,8.9739,-1.9351,3.4741,1.8126,-1.3013,-0.7561,3.374,31.305,31.476,36.1244,-17.5185,0.2,0.0,0.0,0.0,1.9201,-1.1729,-0.636,2.3382,-0.0678,0,0,0,0.714,0.36,0.64,0,0,0.0,4,SEARCH_PHASE,1.8126,-1.3013,-27.1506,15.5834
1288,34.594,9.0102,-1.961,3.4599,1.8166,-1.2967,-0.7087,3.36,31.26,31.43,36.1244,-17.5185,0.2,0.0,0.0,0.0,1.9272,-1.1611,-0.588,2.3256,-0.0472,0,0,0,0.7,0.364,0.636,0,0,0.0,4,SEARCH_PHASE,1.8166,-1.2967,-27.1142,15.5575
1289,34.625,9.0466,-1.9868,3.4467,1.8192,-1.2902,-0.6609,3.347,31.216,31.384,36.1244,-17.5185,0.2,0.0,0.0,0.0,1.9245,-1.1657,-0.54,2.3139,-0.0767,0,0,0,0.703,0.371,0.629,0,0,0.0,4,SEARCH_PHASE,1.8192,-1.2902,-27.0778,15.5317
1290,34.657,9.0831,-2.0124,3.4344,1.8246,-1.2792,-0.6129,3.334,31.172,31.339,36.1244,-17.5185,0.2,0.0,0.0,0.0,1.9301,-1.1565,-0.492,2.3032,-0.0845,0,0,0,0.698,0.373,0.627,0,0,0.0,4,SEARCH_PHASE,1.8246,-1.2792,-27.0413,15.5061
1291,34.688,9.1196,-2.0377,3.4231,1.8285,-1.2664,-0.565,3.323,31.127,31.294,36.1244,-17.5185,0.2,0.0,0.0,0.0,1.9421,-1.1361,-0.444,2.2934,-0.0722,0,0,0,0.691,0.372,0.628,0,0,0.0,4,SEARCH_PHASE,1.8285,-1.2664,-27.0048,15.4808
1292,34.719,9.1563,-2.0628,3.4128,1.8343,-1.2526,-0.5171,3.313,31.083,31.249,36.1244,-17.5185,0.2,0.0,0.0,0.0,1.9418,-1.1366,-0.396,2.2846,-0.0756,0,0,0,0.695,0.375,0.625,0,0,0.0,4,SEARCH_PHASE,1.8343,-1.2526,-26.9681,15.4557
1293,34.75,9.1931,-2.0875,3.4034,1.8385,-1.2375,-0.4697,3.303,31.039,31.204,36.1244,-17.5185,0.2,0.0,0.0,0.0,1.9414,-1.1373,-0.348,2.2768,-0.1044,0,0,0,0.693,0.37,0.63,0,0,0.0,4,SEARCH_PHASE,1.8385,-1.2375,-26.9313,15.431
1294,34.781,9.23,-2.112,3.395,1.8447,-1.2212,-0.4221,3.295,30.995,31.159,36.1244,-17.5185,0.2,0.0,0.0,0.0,1.9408,-1.1383,-0.3,2.2699,-0.0768,0,0,0,0.695,0.376,0.624,0,0,0.0,4,SEARCH_PHASE,1.8447,-1.2212,-26.8944,15.4065
1295,34.813,9.267,-2.1361,3.3875,1.8486,-1.2063,-0.3746,3.287,30.951,31.114,36.1244,-17.5185,0.2,0.0,0.0,0.0,1.9404,-1.139,-0.252,2.2641,-0.1083,0,0,0,0.694,0.375,0.625,0,0,0.0,4,SEARCH_PHASE,1.8486,-1.2063,-26.8575,15.3824
1296,34.844,9.304,-2.1599,3.3809,1.8541,-1.1904,-0.3272,3.281,30.907,31.07,36.1244,-17.5185,0.2,0.0,0.0,0.0,1.9414,-1.1374,-0.204,2.2592,-0.0808,0,0,0,0.697,0.373,0.627,0,0,0.0,4,SEARCH_PHASE,1.8541,-1.1904,-26.8204,15.3586
1297,34.875,9.3412,-2.1834,3.3753,1.8576,-1.1763,-0.2798,3.275,30.863,31.026,36.1244,-17.5185,0.2,0.0,0.0,0.0,1.9441,-1.1326,-0.156,2.2554,-0.1101,0,0,0,0.694,0.375,0.625,0,0,0.0,4,SEARCH_PHASE,1.8576,-1.1763,-26.7832,15.3351
1298,34.907,9.3784,-2.2067,3.3707,1.863,-1.1615,-0.2323,3.271,30.819,30.981,36.1244,-17.5185,0.2,0.0,0.0,0.0,1.9427,-1.1351,-0.108,2.2526,-0.0823,0,0,0,0.697,0.373,0.627,0,0,0.0,4,SEARCH_PHASE,1.863,-1.1615,-26.746,15.3118
1299,34.938,9.4158,-2.2296,3.367,1.866,-1.1487,-0.1849,3.267,30.775,30.938,36.1244,-17.5185,0.2,0.0,0.0,0.0,1.9445,-1.132,-0.06,2.2508,-0.1131,0,0,0,0.695,0.371,0.629,0,0,0.0,4,SEARCH_PHASE,1.866,-1.1487,-26.7086,15.2889
1300,34.969,9.4532,-2.2523,3.3642,1.8705,-1.1353,-0.1373,3.264,30.731,30.894,36.1244,-17.5185,0.2,0.0,0.0,0.0,1.9428,-1.1348,-0.012,2.25,-0.0853,0,0,0,0.697,0.368,0.632,0,0,0.0,4,SEARCH_PHASE,1.8705,-1.1353,-26.6712,15.2662
1301,35.0,9.4906,-2.2748,3.3624,1.8729,-1.1242,-0.09,3.262,30.688,30.85,36.1244,-17.5185,0.2,0.0,0.0,0.0,1.945,-1.1311,0.036,2.2503,-0.1128,0,0,0,0.695,0.372,0.628,0,0,0.0,4,SEARCH_PHASE,1.8729,-1.1242,-26.6338,15.2437
1302,35.03,9.5282,-2.2971,3.3616,1.877,-1.113,-0.0423,3.262,30.644,30.807,36.1244,-17.5185,0.2,0.0,0.0,0.0,1.9443,-1.1324,0.084,2.2516,-0.0841,0,0,0,0.696,0.368,0.632,0,0,0.0,4,SEARCH_PHASE,1.877,-1.113,-26.5962,15.2214
1303,35.061,9.5657,-2.3192,3.3617,1.8787,-1.1041,0.0055,3.262,30.6,30.763,36.1244,-17.5185,0.2,0.0,0.0,0.0,1.9457,-1.1299,0.132,2.2539,-0.1135,0,0,0,0.694,0.367,0.633,0,0,0.0,4,SEARCH_PHASE,1.8787,-1.1041,-26.5587,15.1993
1304,35.09,9.6034,-2.3411,3.3628,1.8817,-1.0953,0.0532,3.263,30.557,30.72,36.1244,-17.5185,0.2,0.0,0.0,0.0,1.9446,-1.1319,0.18,2.2572,-0.0855,0,0,0,0.697,0.365,0.635,0,0,0.0,4,SEARCH_PHASE,1.8817,-1.0953,-26.521,15.1774
1305,35.12,9.641,-2.3629,3.3648,1.8825,-1.0892,0.1011,3.265,30.513,30.677,36.1244,-17.5185,0.2,0.0,0.0,0.0,1.9465,-1.1286,0.228,2.2615,-0.1129,0,0,0,0.694,0.368,0.632,0,0,0.0,4,SEARCH_PHASE,1.8825,-1.0892,-26.4834,15.1556
1306,35.149,9.6787,-2.3845,3.3678,1.8851,-1.0834,0.1489,3.268,30.47,30.634,36.1244,-17.5185,0.2,0.0,0.0,0.0,1.9457,-1.1299,0.276,2.2669,-0.0853,0,0,0,0.696,0.365,0.635,0,0,0.0,4,SEARCH_PHASE,1.8851,-1.0834,-26.4457,15.134
1307,35.179,9.7164,-2.4061,3.3717,1.8849,-1.0806,0.1966,3.272,30.426,30.591,36.1244,-17.5185,0.2,0.0,0.0,0.0,1.9475,-1.1268,0.324,2.2732,-0.1077,0,0,0,0.693,0.367,0.633,0,0,0.0,4,SEARCH_PHASE,1.8849,-1.0806,-26.408,15.1124
1308,35.208,9.7542,-2.4277,3.3766,1.886,-1.0782,0.2444,3.277,30.383,30.549,36.1244,-17.5185,0.2,0.0,0.0,0.0,1.9465,-1.1286,0.372,2.2805,-0.0807,0,0,0,0.695,0.367,0.633,0,0,0.0,4,SEARCH_PHASE,1.886,-1.0782,-26.3703,15.0908
1309,35.237,9.7918,-2.4493,3.3824,1.8848,-1.0785,0.2922,3.282,30.34,30.506,36.1244,-17.5185,0.2,0.0,0.0,0.0,1.9483,-1.1255,0.42,2.2889,-0.1035,0,0,0,0.691,0.367,0.633,0,0,0.0,4,SEARCH_PHASE,1.8848,-1.0785,-26.3326,15.0692
1310,35.267,9.8295,-2.4708,3.3892,1.885,-1.0789,0.3399,3.289,30.296,30.463,36.1244,-17.5185,0.2,0.0,0.0,0.0,1.9479,-1.1262,0.468,2.2982,-0.077,0,0,0,0.692,0.368,0.632,0,0,0.0,4,SEARCH_PHASE,1.885,-1.0789,-26.2949,15.0477
1311,35.296,9.8672,-2.4925,3.397,1.8826,-1.0817,0.3874,3.297,30.253,30.421,36.1244,-17.5185,0.2,0.0,0.0,0.0,1.9483,-1.1254,0.516,2.3084,-0.0908,0,0,0,0.691,0.368,0.632,0,0,0.0,4,SEARCH_PHASE,1.8826,-1.0817,-26.2572,15.026
1312,35.326,9.9048,-2.5142,3.4057,1.8813,-1.0844,0.4352,3.306,30.209,30.379,36.1244,-17.5185,0.2,0.0,0.0,0.0,1.9467,-1.1282,0.564,2.3196,-0.065,0,0,0,0.694,0.368,0.632,0,0,0.0,4,SEARCH_PHASE,1.8813,-1.0844,-26.2196,15.0043
1313,35.356,9.9424,-2.5359,3.4153,1.8792,-1.0883,0.4829,3.315,30.166,30.337,36.1244,-17.5185,0.2,0.0,0.0,0.0,1.9478,-1.1264,0.612,2.3317,-0.0913,0,0,0,0.692,0.365,0.635,0,0,0.0,4,SEARCH_PHASE,1.8792,-1.0883,-26.182,14.9826
1314,35.386,9.98,-2.5578,3.426,1.8801,-1.0911,0.5306,3.326,30.122,30.295,36.1244,-17.5185,0.2,0.0,0.0,0.0,1.9464,-1.1288,0.66,2.3448,-0.0654,0,0,0,0.694,0.367,0.633,0,0,0.0,4,SEARCH_PHASE,1.8801,-1.0911,-26.1444,14.9607
1315,35.416,10.0176,-2.5797,3.4375,1.8796,-1.0952,0.5783,3.338,30.079,30.253,36.1244,-17.5185,0.2,0.0,0.0,0.0,1.9478,-1.1263,0.708,2.3588,-0.092,0,0,0,0.691,0.365,0.635,0,0,0.0,4,SEARCH_PHASE,1.8796,-1.0952,-26.1068,14.9388
1316,35.446,10.0552,-2.6016,3.45,1.8816,-1.0984,0.6259,3.35,30.035,30.211,36.1244,-17.5185,0.2,0.0,0.0,0.0,1.9468,-1.128,0.756,2.3736,-0.0661,0,0,0,0.692,0.366,0.634,0,0,0.0,4,SEARCH_PHASE,1.8816,-1.0984,-26.0692,14.9169
1317,35.476,10.0929,-2.6237,3.4635,1.8817,-1.103,0.6735,3.364,29.992,30.169,36.1244,-17.5185,0.2,0.0,0.0,0.0,1.9484,-1.1253,0.804,2.3893,-0.0929,0,0,0,0.688,0.365,0.635,0,0,0.0,4,SEARCH_PHASE,1.8817,-1.103,-26.0315,14.8948
1318,35.506,10.1305,-2.6458,3.4779,1.8839,-1.1069,0.721,3.378,29.948,30.127,36.1244,-17.5185,0.2,0.0,0.0,0.0,1.9481,-1.1258,0.852,2.4059,-0.0672,0,0,0,0.689,0.362,0.638,0,0,0.0,4,SEARCH_PHASE,1.8839,-1.1069,-25.9939,14.8727
1319,35.536,10.1682,-2.6681,3.4933,1.8836,-1.1124,0.7685,3.393,29.904,30.085,36.1244,-17.5185,0.2,0.0,0.0,0.0,1.9494,-1.1235,0.9,2.4233,-0.0745,0,0,0,0.684,0.362,0.638,0,0,0.0,4,SEARCH_PHASE,1.8836,-1.1124,-25.9562,14.8504
1320,35.565,10.2059,-2.6904,3.5096,1.8849,-1.1172,0.8155,3.41,29.86,30.043,36.1244,-17.5185,0.2,0.0,0.0,0.0,1.9487,-1.1247,0.948,2.4416,-0.0562,0,0,0,0.685,0.363,0.637,0,0,0.0,4,SEARCH_PHASE,1.8849,-1.1172,-25.9185,14.8281
1321,35.595,10.2436,-2.7129,3.5269,1.8839,-1.1219,0.8628,3.427,29.816,30.002,36.1244,-17.5185,0.2,0.0,0.0,0.0,1.9501,-1.1224,0.996,2.4606,-0.0817,0,0,0,0.68,0.361,0.639,0,0,0.0,4,SEARCH_PHASE,1.8839,-1.1219,-25.8808,14.8056
1322,35.624,10.2813,-2.7353,3.5451,1.8851,-1.124,0.9108,3.445,29.773,29.96,36.1244,-17.5185,0.2,0.0,0.0,0.0,1.9498,-1.1229,1.044,2.4804,-0.0557,0,0,0,0.68,0.361,0.639,0,0,0.0,4,SEARCH_PHASE,1.8851,-1.124,-25.8431,14.7832
1323,35.654,10.319,-2.7579,3.5643,1.8841,-1.1259,0.9588,3.464,29.729,29.918,36.1244,-17.5185,0.2,0.0,0.0,0.0,1.9514,-1.1201,1.092,2.501,-0.0839,0,0,0,0.675,0.363,0.637,0,0,0.0,4,SEARCH_PHASE,1.8841,-1.1259,-25.8054,14.7606
1324,35.683,10.3567,-2.7804,3.5844,1.8851,-1.1252,1.0066,3.484,29.685,29.877,36.1244,-17.5185,0.2,0.0,0.0,0.0,1.9513,-1.1202,1.14,2.5223,-0.0579,0,0,0,0.674,0.358,0.642,0,0,0.0,4,SEARCH_PHASE,1.8851,-1.1252,-25.7677,14.7381
1325,35.713,10.3944,-2.8028,3.6055,1.8834,-1.1245,1.0542,3.505,29.641,29.836,36.1244,-17.5185,0.2,0.0,0.0,0.0,1.9518,-1.1195,1.188,2.5444,-0.092,0,0,0,0.672,0.358,0.642,0,0,0.0,4,SEARCH_PHASE,1.8834,-1.1245,-25.7301,14.7157
1326,35.742,10.432,-2.8253,3.6275,1.8832,-1.1214,1.102,3.528,29.597,29.795,36.1244,-17.5185,0.2,0.0,0.0,0.0,1.9507,-1.1213,1.14,2.5223,-0.066,0,0,0,0.675,0.363,0.637,0,0,0.0,4,SEARCH_PHASE,1.8832,-1.1214,-25.6924,14.6932
1327,35.772,10.4697,-2.8477,3.6498,1.882,-1.1189,1.1142,3.55,29.553,29.754,36.1244,-17.5185,0.2,0.0,0.0,0.0,1.9514,-1.12,1.092,2.501,-0.0924,0,0,0,0.672,0.362,0.638,0,0,0.0,4,SEARCH_PHASE,1.882,-1.1189,-25.6548,14.6708
1328,35.802,10.5073,-2.87,3.6719,1.8831,-1.1152,1.1041,3.572,29.51,29.713,36.1244,-17.5185,0.2,0.0,0.0,0.0,1.951,-1.1207,1.044,2.4804,-0.0696,0,0,0,0.674,0.364,0.636,0,0,0.0,4,SEARCH_PHASE,1.8831,-1.1152,-25.6171,14.6485
1329,35.833,10.545,-2.8922,3.6935,1.8834,-1.112,1.08,3.593,29.466,29.672,36.1244,-17.5185,0.2,0.0,0.0,0.0,1.9521,-1.1189,0.996,2.4606,-0.0946,0,0,0,0.671,0.362,0.638,0,0,0.0,4,SEARCH_PHASE,1.8834,-1.112,-25.5794,14.6263
1330,35.863,10.5827,-2.9144,3.7144,1.8853,-1.108,1.0471,3.614,29.422,29.631,36.1244,-17.5185,0.2,0.0,0.0,0.0,1.952,-1.119,0.948,2.4416,-0.0731,0,0,0,0.672,0.359,0.641,0,0,0.0,4,SEARCH_PHASE,1.8853,-1.108,-25.5417,14.6041
1331,35.894,10.6204,-2.9365,3.7346,1.8865,-1.1046,1.0087,3.635,29.378,29.59,36.1244,-17.5185,0.2,0.0,0.0,0.0,1.9529,-1.1175,0.9,2.4233,-0.0976,0,0,0,0.668,0.359,0.641,0,0,0.0,4,SEARCH_PHASE,1.8865,-1.1046,-25.504,14.5821
1332,35.924,10.6582,-2.9585,3.7539,1.8889,-1.1006,0.9668,3.654,29.335,29.549,36.1244,-17.5185,0.2,0.0,0.0,0.0,1.953,-1.1174,0.852,2.4059,-0.0766,0,0,0,0.669,0.362,0.638,0,0,0.0,4,SEARCH_PHASE,1.8889,-1.1006,-25.4662,14.56
1333,35.954,10.696,-2.9804,3.7724,1.8905,-1.0973,0.9228,3.672,29.291,29.508,36.1244,-17.5185,0.2,0.0,0.0,0.0,1.9533,-1.1168,0.804,2.3893,-0.1011,0,0,0,0.665,0.354,0.646,0,0,0.0,4,SEARCH_PHASE,1.8905,-1.0973,-25.4284,14.5381
1334,35.985,10.7339,-3.0023,3.7899,1.893,-1.0934,0.8774,3.69,29.247,29.467,36.1244,-17.5185,0.2,0.0,0.0,0.0,1.9533,-1.1167,0.756,2.3736,-0.0803,0,0,0,0.665,0.355,0.645,0,0,0.0,4,SEARCH_PHASE,1.893,-1.0934,-25.3905,14.5162
1335,36.017,10.7718,-3.0241,3.8065,1.8945,-1.0904,0.8306,3.707,29.204,29.425,36.1244,-17.5185,0.2,0.0,0.0,0.0,1.9533,-1.1167,0.708,2.3588,-0.1038,0,0,0,0.663,0.355,0.645,0,0,0.0,4,SEARCH_PHASE,1.8945,-1.0904,-25.3526,14.4944
1336,36.048,10.8097,-3.0458,3.8222,1.8967,-1.0869,0.7841,3.722,29.16,29.384,36.1244,-17.5185,0.2,0.0,0.0,0.0,1.9533,-1.1167,0.66,2.3448,-0.0812,0,0,0,0.664,0.353,0.647,0,0,0.0,4,SEARCH_PHASE,1.8967,-1.0869,-25.3147,14.4727
1337,36.078,10.8477,-3.0675,3.837,1.8983,-1.0845,0.7372,3.737,29.116,29.342,36.1244,-17.5185,0.2,0.0,0.0,0.0,1.9533,-1.1167,0.612,2.3317,-0.1036,0,0,0,0.661,0.354,0.646,0,0,0.0,4,SEARCH_PHASE,1.8983,-1.0845,-25.2767,14.451
1338,36.109,10.8857,-3.0892,3.8508,1.901,-1.082,0.69,3.751,29.072,29.301,36.1244,-17.5185,0.2,0.0,0.0,0.0,1.9533,-1.1167,0.564,2.3196,-0.0814,0,0,0,0.662,0.353,0.647,0,0,0.0,4,SEARCH_PHASE,1.901,-1.082,-25.2387,14.4293
1339,36.139,10.9237,-3.1108,3.8636,1.9028,-1.0806,0.6426,3.764,29.029,29.259,36.1244,-17.5185,0.2,0.0,0.0,0.0,1.9533,-1.1167,0.516,2.3084,-0.1037,0,0,0,0.658,0.355,0.645,0,0,0.0,4,SEARCH_PHASE,1.9028,-1.0806,-25.2007,14.4077
1340,36.17,10.9618,-3.1323,3.8755,1.9054,-1.0792,0.5951,3.776,28.985,29.217,36.1244,-17.5185,0.2,0.0,0.0,0.0,1.9533,-1.1168,0.468,2.2982,-0.0819,0,0,0,0.659,0.354,0.646,0,0,0.0,4,SEARCH_PHASE,1.9054,-1.0792,-25.1626,14.3862
1341,36.202,11.0,-3.1539,3.8865,1.9068,-1.0791,0.5476,3.786,28.941,29.175,36.1244,-17.5185,0.2,0.0,0.0,0.0,1.9533,-1.1168,0.42,2.2889,-0.1037,0,0,0,0.655,0.352,0.648,0,0,0.0,4,SEARCH_PHASE,1.9068,-1.0791,-25.1244,14.3646
1342,36.235,11.0382,-3.1755,3.8965,1.9087,-1.0791,0.5,3.796,28.897,29.133,36.1244,-17.5185,0.2,0.0,0.0,0.0,1.9533,-1.1168,0.372,2.2805,-0.0822,0,0,0,0.655,0.353,0.647,0,0,0.0,4,SEARCH_PHASE,1.9087,-1.0791,-25.0863,14.343
1343,36.266,11.0763,-3.1971,3.9055,1.9092,-1.0804,0.4521,3.806,28.853,29.09,36.1244,-17.5185,0.2,0.0,0.0,0.0,1.9533,-1.1168,0.324,2.2732,-0.0858,0,0,0,0.653,0.351,0.649,0,0,0.0,4,SEARCH_PHASE,1.9092,-1.0804,-25.0481,14.3214
1344,36.3,11.1145,-3.2188,3.9136,1.9099,-1.0819,0.4044,3.814,28.809,29.048,36.1244,-17.5185,0.2,0.0,0.0,0.0,1.9533,-1.1168,0.276,2.2669,-0.0714,0,0,0,0.656,0.355,0.645,0,0,0.0,4,SEARCH_PHASE,1.9099,-1.0819,-25.0099,14.2997
1345,36.335,11.1527,-3.2404,3.9207,1.9102,-1.0837,0.3569,3.821,28.765,29.005,36.1244,-17.5185,0.2,0.0,0.0,0.0,1.9533,-1.1168,0.228,2.2615,-0.0935,0,0,0,0.653,0.351,0.649,0,0,0.0,4,SEARCH_PHASE,1.9102,-1.0837,-24.9717,14.2781
1346,36.372,11.191,-3.2621,3.9269,1.9119,-1.0851,0.3093,3.827,28.721,28.962,36.1244,-17.5185,0.2,0.0,0.0,0.0,1.9533,-1.1168,0.18,2.2572,-0.073,0,0,0,0.655,0.353,0.647,0,0,0.0,4,SEARCH_PHASE,1.9119,-1.0851,-24.9334,14.2564
1347,36.408,11.2292,-3.2839,3.9322,1.9127,-1.0873,0.2617,3.832,28.677,28.919,36.1244,-17.5185,0.2,0.0,0.0,0.0,1.9532,-1.1168,0.132,2.2539,-0.0953,0,0,0,0.653,0.35,0.65,0,0,0.0,4,SEARCH_PHASE,1.9127,-1.0873,-24.8952,14.2346
1348,36.443,11.2675,-3.3057,3.9364,1.9146,-1.0892,0.2139,3.836,28.633,28.876,36.1244,-17.5185,0.2,0.0,0.0,0.0,1.9532,-1.1168,0.084,2.2516,-0.0748,0,0,0,0.654,0.353,0.647,0,0,0.0,4,SEARCH_PHASE,1.9146,-1.0892,-24.8569,14.2128
1349,36.475,11.3058,-3.3275,3.9398,1.9154,-1.092,0.1661,3.84,28.589,28.833,36.1244,-17.5185,0.2,0.0,0.0,0.0,1.9532,-1.1168,0.036,2.2503,-0.0854,0,0,0,0.651,0.35,0.65,0,0,0.0,4,SEARCH_PHASE,1.9154,-1.092,-24.8186,14.191
1350,36.511,11.3442,-3.3494,3.9421,1.917,-1.0947,0.1184,3.842,28.545,28.789,36.1244,-17.5185,0.2,0.0,0.0,0.0,1.9532,-1.1168,-0.012,2.25,-0.0652,0,0,0,0.652,0.352,0.648,0,0,0.0,4,SEARCH_PHASE,1.917,-1.0947,-24.7802,14.1691
1351,36.546,11.3825,-3.3714,3.9436,1.9174,-1.0976,0.0708,3.844,28.501,28.746,36.1244,-17.5185,0.2,0.0,0.0,0.0,1.9532,-1.1168,-0.06,2.2508,-0.0876,0,0,0,0.649,0.348,0.652,0,0,0.0,4,SEARCH_PHASE,1.9174,-1.0976,-24.7419,14.1472
1352,36.578,11.4209,-3.3933,3.944,1.9185,-1.0998,0.0231,3.844,28.457,28.702,36.1244,-17.5185,0.2,0.0,0.0,0.0,1.9532,-1.1168,-0.108,2.2526,-0.0676,0,0,0,0.65,0.347,0.653,0,0,0.0,4,SEARCH_PHASE,1.9185,-1.0998,-24.7035,14.1252
1353,36.61,11.4593,-3.4154,3.9435,1.9182,-1.1023,-0.0247,3.844,28.412,28.658,36.1244,-17.5185,0.2,0.0,0.0,0.0,1.9532,-1.1168,-0.156,2.2554,-0.0914,0,0,0,0.647,0.344,0.656,0,0,0.0,4,SEARCH_PHASE,1.9182,-1.1023,-24.6652,14.1031
1354,36.642,11.4976,-3.4375,3.9421,1.9184,-1.1043,-0.0723,3.842,28.368,28.614,36.1244,-17.5185,0.2,0.0,0.0,0.0,1.9533,-1.1168,-0.204,2.2592,-0.0716,0,0,0,0.648,0.346,0.654,0,0,0.0,4,SEARCH_PHASE,1.9184,-1.1043,-24.6268,14.081
1355,36.673,11.536,-3.4596,3.9397,1.9173,-1.1068,-0.1201,3.84,28.324,28.57,36.1244,-17.5185,0.2,0.0,0.0,0.0,1.9533,-1.1168,-0.252,2.2641,-0.078,0,0,0,0.645,0.34,0.66,0,0,0.0,4,SEARCH_PHASE,1.9173,-1.1068,-24.5884,14.0589
1356,36.703,11.5743,-3.4818,3.9363,1.9169,-1.1089,-0.1681,3.836,28.28,28.525,36.1244,-17.5185,0.2,0.0,0.0,0.0,1.9533,-1.1168,-0.3,2.2699,-0.0598,0,0,0,0.647,0.344,0.656,0,0,0.0,4,SEARCH_PHASE,1.9169,-1.1089,-24.5501,14.0367
1357,36.734,11.6126,-3.504,3.932,1.9152,-1.1107,-0.2156,3.832,28.235,28.481,36.1244,-17.5185,0.2,0.0,0.0,0.0,1.9533,-1.1168,-0.348,2.2768,-0.0863,0,0,0,0.645,0.342,0.658,0,0,0.0,4,SEARCH_PHASE,1.9152,-1.1107,-24.5118,14.0145
1358,36.764,11.6509,-3.5262,3.9267,1.9143,-1.1113,-0.2631,3.827,28.191,28.436,36.1244,-17.5185,0.2,0.0,0.0,0.0,1.9533,-1.1168,-0.396,2.2846,-0.068,0,0,0,0.648,0.347,0.653,0,0,0.0,4,SEARCH_PHASE,1.9143,-1.1113,-24.4735,13.9923
1359,36.795,11.6892,-3.5485,3.9205,1.9128,-1.1118,-0.3106,3.821,28.147,28.392,36.1244,-17.5185,0.2,0.0,0.0,0.0,1.9533,-1.1167,-0.444,2.2934,-0.0925,0,0,0,0.647,0.348,0.652,0,0,0.0,4,SEARCH_PHASE,1.9128,-1.1118,-24.4353,13.97
1360,36.826,11.7274,-3.5707,3.9134,1.9124,-1.1114,-0.3581,3.813,28.103,28.347,36.1244,-17.5185,0.2,0.0,0.0,0.0,1.9533,-1.1167,-0.492,2.3032,-0.0739,0,0,0,0.649,0.347,0.653,0,0,0.0,4,SEARCH_PHASE,1.9124,-1.1114,-24.397,13.9478
1361,36.856,11.7656,-3.5929,3.9052,1.9111,-1.111,-0.4064,3.805,28.058,28.302,36.1244,-17.5185,0.2,0.0,0.0,0.0,1.9533,-1.1167,-0.54,2.3139,-0.0947,0,0,0,0.647,0.35,0.65,0,0,0.0,4,SEARCH_PHASE,1.9111,-1.111,-24.3588,13.9256
1362,36.891,11.8038,-3.6151,3.8962,1.9106,-1.1098,-0.4537,3.796,28.014,28.257,36.1244,-17.5185,0.2,0.0,0.0,0.0,1.9533,-1.1167,-0.588,2.3256,-0.073,0,0,0,0.65,0.349,0.651,0,0,0.0,4,SEARCH_PHASE,1.9106,-1.1098,-24.3206,13.9034
1363,36.924,11.842,-3.6373,3.8861,1.9092,-1.1088,-0.5013,3.786,27.97,28.212,36.1244,-17.5185,0.2,0.0,0.0,0.0,1.9534,-1.1166,-0.636,2.3382,-0.0968,0,0,0,0.649,0.347,0.653,0,0,0.0,4,SEARCH_PHASE,1.9092,-1.1088,-24.2824,13.8812
1364,36.956,11.8802,-3.6594,3.8752,1.9085,-1.107,-0.5488,3.775,27.926,28.167,36.1244,-17.5185,0.2,0.0,0.0,0.0,1.9534,-1.1166,-0.684,2.3517,-0.0755,0,0,0,0.653,0.355,0.645,0,0,0.0,4,SEARCH_PHASE,1.9085,-1.107,-24.2442,13.8591
1365,36.989,11.9183,-3.6815,3.8632,1.9071,-1.1057,-0.5963,3.763,27.882,28.121,36.1244,-17.5185,0.2,0.0,0.0,0.0,1.9534,-1.1166,-0.732,2.3661,-0.0974,0,0,0,0.652,0.353,0.647,0,0,0.0,4,SEARCH_PHASE,1.9071,-1.1057,-24.2061,13.837
1366,37.022,11.9565,-3.7036,3.8504,1.9068,-1.1039,-0.6439,3.75,27.838,28.076,36.1244,-17.5185,0.2,0.0,0.0,0.0,1.9534,-1.1166,-0.78,2.3814,-0.0763,0,0,0,0.655,0.354,0.646,0,0,0.0,4,SEARCH_PHASE,1.9068,-1.1039,-24.1679,13.8149
1367,37.054,11.9946,-3.7257,3.8365,1.9055,-1.1026,-0.6915,3.737,27.794,28.031,36.1244,-17.5185,0.2,0.0,0.0,0.0,1.9534,-1.1166,-0.828,2.3975,-0.0994,0,0,0,0.654,0.354,0.646,0,0,0.0,4,SEARCH_PHASE,1.9055,-1.1026,-24.1298,13.7928
1368,37.086,12.0327,-3.7477,3.8217,1.905,-1.101,-0.7391,3.722,27.75,27.985,36.1244,-17.5185,0.2,0.0,0.0,0.0,1.9534,-1.1166,-0.876,2.4145,-0.0785,0,0,0,0.658,0.36,0.64,0,0,0.0,4,SEARCH_PHASE,1.905,-1.101,-24.0917,13.7708
1369,37.117,12.0707,-3.7697,3.806,1.9037,-1.1001,-0.7867,3.706,27.706,27.939,36.1244,-17.5185,0.2,0.0,0.0,0.0,1.9534,-1.1165,-0.924,2.4323,-0.1004,0,0,0,0.657,0.354,0.646,0,0,0.0,4,SEARCH_PHASE,1.9037,-1.1001,-24.0537,13.7488
1370,37.148,12.1088,-3.7917,3.7893,1.9032,-1.099,-0.8344,3.689,27.662,27.894,36.1244,-17.5185,0.2,0.0,0.0,0.0,1.9534,-1.1165,-0.972,2.451,-0.0798,0,0,0,0.66,0.356,0.644,0,0,0.0,4,SEARCH_PHASE,1.9032,-1.099,-24.0156,13.7268
1371,37.178,12.1468,-3.8137,3.7717,1.9016,-1.0989,-0.8823,3.672,27.618,27.848,36.1244,-17.5185,0.2,0.0,0.0,0.0,1.9534,-1.1165,-1.02,2.4704,-0.0896,0,0,0,0.662,0.362,0.638,0,0,0.0,4,SEARCH_PHASE,1.9016,-1.0989,-23.9776,13.7048
1372,37.21,12.1849,-3.8356,3.7531,1.9006,-1.0986,-0.9298,3.653,27.574,27.802,36.1244,-17.5185,0.2,0.0,0.0,0.0,1.9534,-1.1166,-1.068,2.4906,-0.0687,0,0,0,0.667,0.37,0.63,0,0,0.0,4,SEARCH_PHASE,1.9006,-1.0986,-23.9396,13.6829
1373,37.241,12.2228,-3.8576,3.7335,1.8995,-1.0987,-0.9773,3.634,27.53,27.756,36.1244,-17.5185,0.2,0.0,0.0,0.0,1.9532,-1.117,-1.116,2.5116,-0.0906,0,0,0,0.668,0.369,0.631,0,0,0.0,4,SEARCH_PHASE,1.8995,-1.0987,-23.9016,13.6609
1374,37.272,12.2608,-3.8796,3.713,1.9001,-1.0979,-1.0249,3.613,27.486,27.71,36.1244,-17.5185,0.2,0.0,0.0,0.0,1.952,-1.1189,-1.164,2.5333,-0.0702,0,0,0,0.673,0.374,0.626,0,0,0.0,4,SEARCH_PHASE,1.9001,-1.0979,-23.8636,13.6389
1375,37.303,12.2989,-3.9015,3.6916,1.9001,-1.0976,-1.0725,3.592,27.442,27.664,36.1244,-17.5185,0.2,0.0,0.0,0.0,1.9516,-1.1197,-1.116,2.5116,-0.0925,0,0,0,0.673,0.378,0.622,0,0,0.0,4,SEARCH_PHASE,1.9001,-1.0976,-23.8256,13.617
1376,37.334,12.3369,-3.9235,3.6699,1.9031,-1.0972,-1.0846,3.57,27.398,27.617,36.1244,-17.5185,0.2,0.0,0.0,0.0,1.95,-1.1225,-1.068,2.4906,-0.0693,0,0,0,0.678,0.376,0.624,0,0,0.0,4,SEARCH_PHASE,1.9031,-1.0972,-23.7875,13.595
1377,37.365,12.375,-3.9454,3.6484,1.9061,-1.0978,-1.0745,3.548,27.354,27.571,36.1244,-17.5185,0.2,0.0,0.0,0.0,1.95,-1.1225,-1.02,2.4704,-0.0956,0,0,0,0.678,0.379,0.621,0,0,0.0,4,SEARCH_PHASE,1.9061,-1.0978,-23.7494,13.5731
1378,37.396,12.4133,-3.9674,3.6274,1.9116,-1.0978,-1.0505,3.527,27.31,27.525,36.1244,-17.5185,0.2,0.0,0.0,0.0,1.9485,-1.1251,-0.972,2.451,-0.0701,0,0,0,0.682,0.38,0.62,0,0,0.0,4,SEARCH_PHASE,1.9116,-1.0978,-23.7111,13.5511
1379,37.427,12.4516,-3.9893,3.607,1.9158,-1.099,-1.0177,3.507,27.266,27.478,36.1244,-17.5185,0.2,0.0,0.0,0.0,1.9492,-1.1239,-0.924,2.4323,-0.0979,0,0,0,0.681,0.385,0.615,0,0,0.0,4,SEARCH_PHASE,1.9158,-1.099,-23.6728,13.5292
1380,37.458,12.49,-4.0113,3.5875,1.9219,-1.0995,-0.9794,3.487,27.222,27.432,36.1244,-17.5185,0.2,0.0,0.0,0.0,1.9478,-1.1263,-0.876,2.4145,-0.0717,0,0,0,0.684,0.382,0.618,0,0,0.0,4,SEARCH_PHASE,1.9219,-1.0995,-23.6344,13.5072
1381,37.488,12.5285,-4.0334,3.5687,1.9258,-1.1014,-0.9377,3.469,27.177,27.385,36.1244,-17.5185,0.2,0.0,0.0,0.0,1.9489,-1.1244,-0.828,2.3975,-0.1,0,0,0,0.682,0.388,0.612,0,0,0.0,4,SEARCH_PHASE,1.9258,-1.1014,-23.5959,13.4851
1382,37.519,12.5672,-4.0554,3.5508,1.9312,-1.1026,-0.8937,3.451,27.133,27.339,36.1244,-17.5185,0.2,0.0,0.0,0.0,1.9479,-1.1261,-0.78,2.3814,-0.0737,0,0,0,0.685,0.382,0.618,0,0,0.0,4,SEARCH_PHASE,1.9312,-1.1026,-23.5572,13.4631
1383,37.551,12.6058,-4.0775,3.5339,1.9337,-1.1055,-0.8484,3.434,27.088,27.293,36.1244,-17.5185,0.2,0.0,0.0,0.0,1.9493,-1.1237,-0.732,2.3661,-0.1022,0,0,0,0.682,0.384,0.616,0,0,0.0,4,SEARCH_PHASE,1.9337,-1.1055,-23.5186,13.441
1384,37.582,12.6446,-4.0997,3.5178,1.937,-1.1078,-0.8022,3.418,27.044,27.247,36.1244,-17.5185,0.2,0.0,0.0,0.0,1.9488,-1.1245,-0.684,2.3517,-0.0761,0,0,0,0.684,0.385,0.615,0,0,0.0,4,SEARCH_PHASE,1.937,-1.1078,-23.4798,13.4188
1385,37.613,12.6833,-4.1219,3.5027,1.937,-1.1119,-0.7556,3.403,26.999,27.2,36.1244,-17.5185,0.2,0.0,0.0,0.0,1.9502,-1.1221,-0.636,2.3382,-0.0804,0,0,0,0.68,0.379,0.621,0,0,0.0,4,SEARCH_PHASE,1.937,-1.1119,-23.4411,13.3966
1386,37.645,12.7221,-4.1442,3.4885,1.9375,-1.1155,-0.7084,3.389,26.954,27.154,36.1244,-17.5185,0.2,0.0,0.0,0.0,1.9499,-1.1227,-0.588,2.3256,-0.0549,0,0,0,0.682,0.377,0.623,0,0,0.0,4,SEARCH_PHASE,1.9375,-1.1155,-23.4023,13.3743
1387,37.676,12.7608,-4.1666,3.4753,1.9347,-1.1188,-0.6611,3.375,26.91,27.108,36.1244,-17.5185,0.2,0.0,0.0,0.0,1.9504,-1.1218,-0.54,2.3139,-0.0871,0,0,0,0.681,0.38,0.62,0,0,0.0,4,SEARCH_PHASE,1.9347,-1.1188,-23.3636,13.3519
1388,37.708,12.7994,-4.189,3.463,1.9328,-1.1193,-0.6135,3.363,26.865,27.062,36.1244,-17.5185,0.2,0.0,0.0,0.0,1.949,-1.1243,-0.492,2.3032,-0.0619,0,0,0,0.684,0.385,0.615,0,0,0.0,4,SEARCH_PHASE,1.9328,-1.1193,-23.325,13.3295
1389,37.74,12.838,-4.2114,3.4517,1.9292,-1.1201,-0.5659,3.352,26.82,27.017,36.1244,-17.5185,0.2,0.0,0.0,0.0,1.9499,-1.1226,-0.444,2.2934,-0.0902,0,0,0,0.682,0.382,0.618,0,0,0.0,4,SEARCH_PHASE,1.9292,-1.1201,-23.2864,13.3071
1390,37.772,12.8766,-4.2338,3.4414,1.9278,-1.1187,-0.5182,3.341,26.776,26.971,36.1244,-17.5185,0.2,0.0,0.0,0.0,1.9483,-1.1255,-0.396,2.2846,-0.0649,0,0,0,0.685,0.386,0.614,0,0,0.0,4,SEARCH_PHASE,1.9278,-1.1187,-23.2478,13.2847
1391,37.804,12.915,-4.2561,3.4319,1.9243,-1.1177,-0.4706,3.332,26.731,26.926,36.1244,-17.5185,0.2,0.0,0.0,0.0,1.9497,-1.123,-0.348,2.2768,-0.0935,0,0,0,0.682,0.379,0.621,0,0,0.0,4,SEARCH_PHASE,1.9243,-1.1177,-23.2094,13.2624
1392,37.836,12.9535,-4.2784,3.4235,1.9224,-1.1148,-0.4229,3.323,26.687,26.881,36.1244,-17.5185,0.2,0.0,0.0,0.0,1.9483,-1.1255,-0.3,2.2699,-0.0682,0,0,0,0.684,0.385,0.615,0,0,0.0,4,SEARCH_PHASE,1.9224,-1.1148,-23.1709,13.2401
1393,37.869,12.9918,-4.3007,3.416,1.9179,-1.1125,-0.3754,3.316,26.643,26.836,36.1244,-17.5185,0.2,0.0,0.0,0.0,1.9484,-1.1253,-0.252,2.2641,-0.1009,0,0,0,0.683,0.377,0.623,0,0,0.0,4,SEARCH_PHASE,1.9179,-1.1125,-23.1326,13.2178
1394,37.902,13.0301,-4.3228,3.4094,1.9145,-1.1083,-0.3277,3.309,26.598,26.791,36.1244,-17.5185,0.2,0.0,0.0,0.0,1.9455,-1.1302,-0.204,2.2592,-0.0757,0,0,0,0.687,0.386,0.614,0,0,0.0,4,SEARCH_PHASE,1.9145,-1.1083,-23.0943,13.1957
1395,37.935,13.0683,-4.3449,3.4038,1.91,-1.1054,-0.28,3.304,26.554,26.747,36.1244,-17.5185,0.2,0.0,0.0,0.0,1.9452,-1.1307,-0.156,2.2554,-0.1048,0,0,0,0.686,0.385,0.615,0,0,0.0,4,SEARCH_PHASE,1.91,-1.1054,-23.0561,13.1736
1396,37.968,13.1065,-4.367,3.3992,1.9082,-1.1013,-0.2323,3.299,26.51,26.702,36.1244,-17.5185,0.2,0.0,0.0,0.0,1.9426,-1.1353,-0.108,2.2526,-0.0793,0,0,0,0.689,0.389,0.611,0,0,0.0,4,SEARCH_PHASE,1.9082,-1.1013,-23.0179,13.1515
1397,38.001,13.1446,-4.3889,3.3955,1.9047,-1.0985,-0.1852,3.295,26.466,26.658,36.1244,-17.5185,0.2,0.0,0.0,0.0,1.9412,-1.1377,-0.06,2.2508,-0.1054,0,0,0,0.687,0.387,0.613,0,0,0.0,4,SEARCH_PHASE,1.9047,-1.0985,-22.9798,13.1296
1398,38.035,13.1827,-4.4108,3.3927,1.9034,-1.0947,-0.1373,3.293,26.422,26.614,36.1244,-17.5185,0.2,0.0,0.0,0.0,1.9414,-1.1373,-0.012,2.25,-0.077,0,0,0,0.689,0.394,0.606,0,0,0.0,4,SEARCH_PHASE,1.9034,-1.0947,-22.9417,13.1077
1399,38.068,13.2207,-4.4327,3.3909,1.9,-1.0924,-0.0895,3.291,26.378,26.571,36.1244,-17.5185,0.2,0.0,0.0,0.0,1.9405,-1.1388,0.036,2.2503,-0.1037,0,0,0,0.691,0.386,0.614,0,0,0.0,4,SEARCH_PHASE,1.9,-1.0924,-22.9037,13.0858
1400,38.099,13.2586,-4.4545,3.3901,1.8985,-1.0892,-0.0417,3.29,26.335,26.527,36.1244,-17.5185,0.2,0.0,0.0,0.0,1.9377,-1.1436,0.084,2.2516,-0.0759,0,0,0,0.691,0.394,0.606,0,0,0.0,4,SEARCH_PHASE,1.8985,-1.0892,-22.8658,13.064
1401,38.132,13.2965,-4.4762,3.3902,1.8944,-1.0876,0.0059,3.29,26.291,26.484,36.1244,-17.5185,0.2,0.0,0.0,0.0,1.9374,-1.1441,0.132,2.2539,-0.106,0,0,0,0.696,0.393,0.607,0,0,0.0,4,SEARCH_PHASE,1.8944,-1.0876,-22.8279,13.0423
1402,38.164,13.3344,-4.4979,3.3913,1.8917,-1.0854,0.0537,3.291,26.247,26.441,36.1244,-17.5185,0.2,0.0,0.0,0.0,1.9302,-1.1562,0.18,2.2572,-0.079,0,0,0,0.691,0.4,0.6,0,0,0.0,4,SEARCH_PHASE,1.8917,-1.0854,-22.7901,13.0206
1403,38.196,13.3721,-4.5196,3.3933,1.8878,-1.0853,0.1015,3.293,26.204,26.398,36.1244,-17.5185,0.2,0.0,0.0,0.0,1.9293,-1.1577,0.228,2.2615,-0.105,0,0,0,0.7,0.398,0.602,0,0,0.0,4,SEARCH_PHASE,1.8878,-1.0853,-22.7523,12.9989
1404,38.23,13.4098,-4.5413,3.3963,1.8866,-1.0851,0.1493,3.296,26.16,26.355,36.1244,-17.5185,0.2,0.0,0.0,0.0,1.9232,-1.1679,0.276,2.2669,-0.0781,0,0,0,0.698,0.403,0.597,0,0,0.0,4,SEARCH_PHASE,1.8866,-1.0851,-22.7146,12.9772
1405,38.263,13.4475,-4.5631,3.4003,1.8838,-1.0874,0.1971,3.3,26.117,26.312,36.1244,-17.5185,0.2,0.0,0.0,0.0,1.9206,-1.1721,0.324,2.2732,-0.1041,0,0,0,0.703,0.402,0.598,0,0,0.0,4,SEARCH_PHASE,1.8838,-1.0874,-22.6769,12.9554
1406,38.296,13.4852,-4.5849,3.4052,1.8832,-1.0896,0.2449,3.305,26.073,26.269,36.1244,-17.5185,0.2,0.0,0.0,0.0,1.9156,-1.1803,0.372,2.2805,-0.0775,0,0,0,0.708,0.403,0.597,0,0,0.0,4,SEARCH_PHASE,1.8832,-1.0896,-22.6392,12.9336
1407,38.328,13.5228,-4.6068,3.411,1.8804,-1.0944,0.2926,3.311,26.03,26.227,36.1244,-17.5185,0.2,0.0,0.0,0.0,1.9105,-1.1884,0.42,2.2889,-0.1033,0,0,0,0.707,0.407,0.593,0,0,0.0,4,SEARCH_PHASE,1.8804,-1.0944,-22.6016,12.9117
1408,38.36,13.5604,-4.6288,3.4178,1.8794,-1.0995,0.3403,3.318,25.986,26.185,36.1244,-17.5185,0.2,0.0,0.0,0.0,1.9028,-1.2008,0.468,2.2982,-0.0772,0,0,0,0.709,0.41,0.59,0,0,0.0,4,SEARCH_PHASE,1.8794,-1.0995,-22.564,12.8897
1409,38.391,13.5979,-4.6509,3.4256,1.8756,-1.1071,0.3879,3.326,25.943,26.142,36.1244,-17.5185,0.2,0.0,0.0,0.0,1.9043,-1.1985,0.516,2.3084,-0.0921,0,0,0,0.707,0.401,0.599,0,0,0.0,4,SEARCH_PHASE,1.8756,-1.1071,-22.5265,12.8676
1410,38.422,13.6354,-4.6732,3.4343,1.873,-1.1152,0.4355,3.334,25.899,26.1,36.1244,-17.5185,0.2,0.0,0.0,0.0,1.8894,-1.2217,0.564,2.3196,-0.0666,0,0,0,0.709,0.403,0.597,0,0,0.0,4,SEARCH_PHASE,1.873,-1.1152,-22.4891,12.8453
1411,38.454,13.6727,-4.6957,3.4439,1.8675,-1.125,0.4831,3.344,25.855,26.058,36.1244,-17.5185,0.2,0.0,0.0,0.0,1.8867,-1.226,0.612,2.3317,-0.0929,0,0,0,0.707,0.4,0.6,0,0,0.0,4,SEARCH_PHASE,1.8675,-1.125,-22.4517,12.8228
1412,38.485,13.71,-4.7184,3.4546,1.8632,-1.1343,0.5307,3.355,25.812,26.016,36.1244,-17.5185,0.2,0.0,0.0,0.0,1.8704,-1.2506,0.66,2.3448,-0.068,0,0,0,0.708,0.407,0.593,0,0,0.0,4,SEARCH_PHASE,1.8632,-1.1343,-22.4144,12.8001
1413,38.516,13.7471,-4.7413,3.4661,1.856,-1.1456,0.5784,3.366,25.768,25.974,36.1244,-17.5185,0.2,0.0,0.0,0.0,1.8619,-1.2633,0.708,2.3588,-0.0932,0,0,0,0.712,0.397,0.603,0,0,0.0,4,SEARCH_PHASE,1.856,-1.1456,-22.3773,12.7772
1414,38.548,13.7841,-4.7644,3.4787,1.8498,-1.1566,0.6261,3.379,25.725,25.933,36.1244,-17.5185,0.2,0.0,0.0,0.0,1.8448,-1.288,0.756,2.3736,-0.0689,0,0,0,0.713,0.396,0.604,0,0,0.0,4,SEARCH_PHASE,1.8498,-1.1566,-22.3403,12.7541
1415,38.579,13.8209,-4.7878,3.4921,1.8406,-1.1699,0.6736,3.392,25.681,25.891,36.1244,-17.5185,0.2,0.0,0.0,0.0,1.8263,-1.3142,0.804,2.3893,-0.0888,0,0,0,0.724,0.397,0.603,0,0,0.0,4,SEARCH_PHASE,1.8406,-1.1699,-22.3035,12.7307
1416,38.61,13.8575,-4.8115,3.5065,1.8322,-1.1831,0.7209,3.407,25.638,25.85,36.1244,-17.5185,0.2,0.0,0.0,0.0,1.8091,-1.3378,0.852,2.4059,-0.0673,0,0,0,0.719,0.396,0.604,0,0,0.0,4,SEARCH_PHASE,1.8322,-1.1831,-22.2669,12.707
1417,38.642,13.894,-4.8355,3.5219,1.8216,-1.1982,0.7689,3.422,25.594,25.809,36.1244,-17.5185,0.2,0.0,0.0,0.0,1.7801,-1.3761,0.9,2.4233,-0.0945,0,0,0,0.729,0.402,0.598,0,0,0.0,4,SEARCH_PHASE,1.8216,-1.1982,-22.2304,12.683
1418,38.674,13.9302,-4.8597,3.5383,1.8129,-1.213,0.8172,3.438,25.55,25.768,36.1244,-17.5185,0.2,0.0,0.0,0.0,1.7526,-1.411,0.948,2.4416,-0.0734,0,0,0,0.73,0.404,0.596,0,0,0.0,4,SEARCH_PHASE,1.8129,-1.213,-22.1942,12.6588
1419,38.706,13.9663,-4.8843,3.5556,1.8016,-1.2298,0.8653,3.456,25.507,25.727,36.1244,-17.5185,0.2,0.0,0.0,0.0,1.7285,-1.4405,0.996,2.4606,-0.1014,0,0,0,0.729,0.398,0.602,0,0,0.0,4,SEARCH_PHASE,1.8016,-1.2298,-22.1581,12.6342
1420,38.738,14.0021,-4.9092,3.5738,1.7918,-1.2464,0.9136,3.474,25.464,25.686,36.1244,-17.5185,0.2,0.0,0.0,0.0,1.6988,-1.4753,1.044,2.4804,-0.0799,0,0,0,0.729,0.393,0.607,0,0,0.0,4,SEARCH_PHASE,1.7918,-1.2464,-22.1223,12.6093
1421,38.771,14.0377,-4.9345,3.5931,1.7789,-1.2651,0.9611,3.493,25.42,25.646,36.1244,-17.5185,0.2,0.0,0.0,0.0,1.6917,-1.4834,1.092,2.501,-0.1051,0,0,0,0.727,0.388,0.612,0,0,0.0,4,SEARCH_PHASE,1.7789,-1.2651,-22.0867,12.584
1422,38.805,14.073,-4.9602,3.6132,1.767,-1.2839,1.0092,3.513,25.377,25.605,36.1244,-17.5185,0.2,0.0,0.0,0.0,1.6595,-1.519,1.14,2.5221,-0.0802,0,0,0,0.727,0.391,0.609,0,0,0.0,4,SEARCH_PHASE,1.767,-1.2839,-22.0514,12.5583
1423,38.837,14.108,-4.9863,3.6344,1.7516,-1.305,1.0572,3.534,25.333,25.565,36.1244,-17.5185,0.2,0.0,0.0,0.0,1.6465,-1.5335,1.188,2.5444,-0.105,0,0,0,0.724,0.377,0.623,0,0,0.0,4,SEARCH_PHASE,1.7516,-1.305,-22.0164,12.5322
1424,38.871,14.1428,-5.0128,3.6565,1.7369,-1.326,1.1051,3.556,25.29,25.525,36.1244,-17.5185,0.2,0.0,0.0,0.0,1.6128,-1.5677,1.236,2.5664,-0.0807,0,0,0,0.739,0.381,0.619,0,0,0.0,4,SEARCH_PHASE,1.7369,-1.326,-21.9816,12.5057
1425,38.903,14.1772,-5.0398,3.6795,1.7183,-1.3497,1.1528,3.58,25.247,25.485,36.1244,-17.5185,0.2,0.0,0.0,0.0,1.5881,-1.5939,1.284,2.5906,-0.105,0,0,0,0.738,0.373,0.627,0,0,0.0,4,SEARCH_PHASE,1.7183,-1.3497,-21.9473,12.4787
1426,38.936,14.2112,-5.0673,3.7036,1.6998,-1.3734,1.2006,3.604,25.204,25.446,36.1244,-17.5185,0.2,0.0,0.0,0.0,1.6041,-1.5778,1.332,2.6147,-0.0814,0,0,0,0.737,0.369,0.631,0,0,0.0,4,SEARCH_PHASE,1.6998,-1.3734,-21.9133,12.4512
1427,38.969,14.2447,-5.0953,3.7285,1.6771,-1.3997,1.2465,3.628,25.161,25.407,36.1244,-17.5185,0.2,0.0,0.0,0.0,1.5697,-1.6112,1.38,2.639,-0.0571,0,0,0,0.738,0.361,0.639,0,0,0.0,4,SEARCH_PHASE,1.6771,-1.3997,-21.8797,12.4232
1428,39.001,14.2778,-5.1238,3.7544,1.654,-1.4264,1.293,3.654,25.118,25.368,36.1244,-17.5185,0.2,0.0,0.0,0.0,1.5538,-1.6274,1.428,2.6649,-0.0847,0,0,0,0.736,0.356,0.644,0,0,0.0,4,SEARCH_PHASE,1.654,-1.4264,-21.8466,12.3947
1429,39.033,14.3104,-5.1528,3.7812,1.6335,-1.4509,1.3404,3.681,25.075,25.329,36.1244,-17.5185,0.2,0.0,0.0,0.0,1.5184,-1.6599,1.476,2.6906,-0.0686,0,0,0,0.737,0.354,0.646,0,0,0.0,4,SEARCH_PHASE,1.6335,-1.4509,-21.814,12.3657
1430,39.067,14.3427,-5.1824,3.8089,1.611,-1.4758,1.3878,3.709,25.032,25.291,36.1244,-17.5185,0.2,0.0,0.0,0.0,1.4826,-1.6919,1.524,2.7172,-0.0959,0,0,0,0.741,0.352,0.648,0,0,0.0,4,SEARCH_PHASE,1.611,-1.4758,-21.7817,12.3361
1431,39.1,14.3745,-5.2123,3.8376,1.5905,-1.499,1.436,3.738,24.99,25.253,36.1244,-17.5185,0.2,0.0,0.0,0.0,1.4584,-1.7133,1.572,2.7448,-0.074,0,0,0,0.744,0.354,0.646,0,0,0.0,4,SEARCH_PHASE,1.5905,-1.499,-21.7499,12.3062
1432,39.133,14.4058,-5.2428,3.8673,1.5676,-1.5231,1.4831,3.767,24.948,25.216,36.1244,-17.5185,0.2,0.0,0.0,0.0,1.4941,-1.6812,1.62,2.7719,-0.0988,0,0,0,0.743,0.351,0.649,0,0,0.0,4,SEARCH_PHASE,1.5676,-1.5231,-21.7186,12.2757
1433,39.166,14.4367,-5.2737,3.8979,1.5463,-1.5455,1.5296,3.798,24.906,25.179,36.1244,-17.5185,0.2,0.0,0.0,0.0,1.5291,-1.6484,1.668,2.7996,-0.0729,0,0,0,0.743,0.353,0.647,0,0,0.0,4,SEARCH_PHASE,1.5463,-1.5455,-21.6877,12.2448
1434,39.199,14.4672,-5.3051,3.9294,1.5223,-1.5689,1.5746,3.829,24.864,25.142,36.1244,-17.5185,0.2,0.0,0.0,0.0,1.5644,-1.6172,1.7,2.82,-0.0496,0,0,0,0.743,0.349,0.651,0,0,0.0,4,SEARCH_PHASE,1.5223,-1.5689,-21.6572,12.2134
1435,39.232,14.4972,-5.3369,3.9617,1.5,-1.5902,1.6142,3.862,24.822,25.105,36.1244,-17.5185,0.2,0.0,0.0,0.0,1.5333,-1.6467,1.7,2.82,-0.0791,0,0,0,0.743,0.354,0.646,0,0,0.0,4,SEARCH_PHASE,1.5,-1.5902,-21.6272,12.1816
1436,39.265,14.5268,-5.369,3.9945,1.4824,-1.6066,1.64,3.894,24.78,25.069,36.1244,-17.5185,0.2,0.0,0.0,0.0,1.4979,-1.6789,1.7,2.82,-0.0595,0,0,0,0.744,0.349,0.651,0,0,0.0,4,SEARCH_PHASE,1.4824,-1.6066,-21.5976,12.1495
1437,39.298,14.5562,-5.4014,4.0276,1.4657,-1.6214,1.6566,3.928,24.739,25.033,36.1244,-17.5185,0.2,0.0,0.0,0.0,1.5021,-1.6752,1.7,2.82,-0.0863,0,0,0,0.743,0.361,0.639,0,0,0.0,4,SEARCH_PHASE,1.4657,-1.6214,-21.5683,12.1171
1438,39.33,14.5852,-5.4341,4.0609,1.4528,-1.6327,1.6676,3.961,24.698,24.998,36.1244,-17.5185,0.2,0.0,0.0,0.0,1.4899,-1.686,1.7,2.82,-0.0642,0,0,0,0.743,0.345,0.655,0,0,0.0,4,SEARCH_PHASE,1.4528,-1.6327,-21.5392,12.0844
1439,39.364,14.614,-5.467,4.0944,1.44,-1.6431,1.6746,3.994,24.656,24.962,36.1244,-17.5185,0.2,0.0,0.0,0.0,1.5252,-1.6534,1.7,2.8196,-0.0907,0,0,0,0.741,0.359,0.641,0,0,0.0,4,SEARCH_PHASE,1.44,-1.6431,-21.5104,12.0515
1440,39.397,14.6426,-5.5,4.128,1.4304,-1.6506,1.6789,4.028,24.615,24.927,36.1244,-17.5185,0.2,0.0,0.0,0.0,1.4889,-1.6848,1.7,2.8188,-0.0678,0,0,0,0.742,0.349,0.651,0,0,0.0,4,SEARCH_PHASE,1.4304,-1.6506,-21.4818,12.0185
1441,39.43,14.671,-5.5331,4.1617,1.4204,-1.6575,1.6816,4.062,24.574,24.892,36.1244,-17.5185,0.2,0.0,0.0,0.0,1.452,-1.7155,1.7,2.818,-0.0935,0,0,0,0.745,0.344,0.656,0,0,0.0,4,SEARCH_PHASE,1.4204,-1.6575,-21.4534,11.9854
1442,39.463,14.6993,-5.5664,4.1953,1.413,-1.662,1.684,4.095,24.533,24.857,36.1244,-17.5185,0.2,0.0,0.0,0.0,1.4509,-1.7197,1.7,2.82,-0.0922,0,0,0,0.745,0.337,0.663,0,0,0.0,4,SEARCH_PHASE,1.413,-1.662,-21.4251,11.9521
1443,39.496,14.7274,-5.5997,4.229,1.4054,-1.6662,1.6851,4.129,24.493,24.822,36.1244,-17.5185,0.2,0.0,0.0,0.0,1.4865,-1.6876,1.7,2.8192,-0.0936,0,0,0,0.744,0.341,0.659,0,0,0.0,4,SEARCH_PHASE,1.4054,-1.6662,-21.397,11.9188
1444,39.529,14.7554,-5.6331,4.2627,1.4003,-1.6702,1.6858,4.163,24.452,24.787,36.1244,-17.5185,0.2,0.0,0.0,0.0,1.5217,-1.6549,1.652,2.7899,-0.068,0,0,0,0.745,0.331,0.669,0,0,0.0,4,SEARCH_PHASE,1.4003,-1.6702,-21.369,11.8854
1445,39.562,14.7833,-5.6666,4.2961,1.395,-1.6739,1.6687,4.196,24.411,24.753,36.1244,-17.5185,0.2,0.0,0.0,0.0,1.557,-1.6223,1.604,2.762,-0.0723,0,0,0,0.745,0.332,0.668,0,0,0.0,4,SEARCH_PHASE,1.395,-1.6739,-21.3411,11.8519
1446,39.595,14.8111,-5.7001,4.3289,1.3922,-1.6758,1.6406,4.229,24.371,24.718,36.1244,-17.5185,0.2,0.0,0.0,0.0,1.5219,-1.6551,1.652,2.7901,-0.0507,0,0,0,0.746,0.33,0.67,0,0,0.0,4,SEARCH_PHASE,1.3922,-1.6758,-21.3133,11.8184
1447,39.628,14.839,-5.7336,4.3618,1.391,-1.6775,1.6413,4.262,24.33,24.683,36.1244,-17.5185,0.2,0.0,0.0,0.0,1.4869,-1.6879,1.7,2.8196,-0.0775,0,0,0,0.745,0.327,0.673,0,0,0.0,4,SEARCH_PHASE,1.391,-1.6775,-21.2854,11.7849
1448,39.662,14.8669,-5.7672,4.3949,1.3943,-1.6766,1.6593,4.295,24.289,24.649,36.1244,-17.5185,0.2,0.0,0.0,0.0,1.4502,-1.7189,1.7,2.8191,-0.1102,0,0,0,0.745,0.333,0.667,0,0,0.0,4,SEARCH_PHASE,1.3943,-1.6766,-21.2576,11.7513
1449,39.695,14.8948,-5.8007,4.4284,1.3981,-1.6744,1.6705,4.328,24.249,24.615,36.1244,-17.5185,0.2,0.0,0.0,0.0,1.4857,-1.6866,1.652,2.7895,-0.0624,0,0,0,0.744,0.329,0.671,0,0,0.0,4,SEARCH_PHASE,1.3981,-1.6744,-21.2296,11.7178
1450,39.727,14.9229,-5.8341,4.4616,1.4025,-1.6739,1.6598,4.362,24.208,24.58,36.1244,-17.5185,0.2,0.0,0.0,0.0,1.5204,-1.6534,1.604,2.7601,-0.0952,0,0,0,0.744,0.33,0.67,0,0,0.0,4,SEARCH_PHASE,1.4025,-1.6739,-21.2015,11.6844
1451,39.76,14.951,-5.8676,4.4942,1.4058,-1.6719,1.6348,4.394,24.167,24.546,36.1244,-17.5185,0.2,0.0,0.0,0.0,1.5542,-1.6194,1.556,2.7312,-0.0581,0,0,0,0.742,0.321,0.679,0,0,0.0,4,SEARCH_PHASE,1.4058,-1.6719,-21.1734,11.6509
1452,39.793,14.9792,-5.901,4.5263,1.4098,-1.6711,1.6022,4.426,24.126,24.511,36.1244,-17.5185,0.2,0.0,0.0,0.0,1.5893,-1.5866,1.508,2.705,-0.0399,0,0,0,0.742,0.322,0.678,0,0,0.0,4,SEARCH_PHASE,1.4098,-1.6711,-21.1452,11.6175
1453,39.826,15.0074,-5.9344,4.5576,1.4135,-1.6693,1.5645,4.458,24.086,24.477,36.1244,-17.5185,0.2,0.0,0.0,0.0,1.6243,-1.5537,1.46,2.6803,-0.0715,0,0,0,0.742,0.329,0.671,0,0,0.0,4,SEARCH_PHASE,1.4135,-1.6693,-21.117,11.5841
1454,39.859,15.0358,-5.9677,4.5881,1.4196,-1.665,1.5238,4.488,24.045,24.442,36.1244,-17.5185,0.2,0.0,0.0,0.0,1.5909,-1.5882,1.412,2.6546,-0.0521,0,0,0,0.743,0.335,0.665,0,0,0.0,4,SEARCH_PHASE,1.4196,-1.665,-21.0886,11.5508
1455,39.893,15.0644,-6.0009,4.6177,1.4271,-1.6602,1.4804,4.518,24.004,24.407,36.1244,-17.5185,0.2,0.0,0.0,0.0,1.5576,-1.6228,1.364,2.6306,-0.0795,0,0,0,0.743,0.33,0.67,0,0,0.0,4,SEARCH_PHASE,1.4271,-1.6602,-21.06,11.5176
1456,39.929,15.0931,-6.034,4.6464,1.4381,-1.6535,1.4343,4.546,23.963,24.372,36.1244,-17.5185,0.2,0.0,0.0,0.0,1.592,-1.5893,1.316,2.6061,-0.0769,0,0,0,0.742,0.328,0.672,0,0,0.0,4,SEARCH_PHASE,1.4381,-1.6535,-21.0313,11.4846
1457,39.963,15.1222,-6.0669,4.6741,1.4504,-1.6462,1.3882,4.574,23.921,24.336,36.1244,-17.5185,0.2,0.0,0.0,0.0,1.6065,-1.5754,1.268,2.5827,-0.0519,0,0,0,0.742,0.326,0.674,0,0,0.0,4,SEARCH_PHASE,1.4504,-1.6462,-21.0023,11.4516
1458,39.998,15.1514,-6.0996,4.701,1.4622,-1.6384,1.3417,4.601,23.88,24.301,36.1244,-17.5185,0.2,0.0,0.0,0.0,1.6359,-1.5447,1.22,2.5595,-0.0782,0,0,0,0.741,0.327,0.673,0,0,0.0,4,SEARCH_PHASE,1.4622,-1.6384,-20.973,11.4189
1459,40.031,15.1809,-6.1322,4.7269,1.4755,-1.6288,1.2951,4.627,23.839,24.265,36.1244,-17.5185,0.2,0.0,0.0,0.0,1.6676,-1.5087,1.172,2.5358,-0.0533,0,0,0,0.74,0.321,0.679,0,0,0.0,4,SEARCH_PHASE,1.4755,-1.6288,-20.9435,11.3863
1460,40.066,15.2107,-6.1646,4.7518,1.4885,-1.6189,1.2485,4.652,23.797,24.228,36.1244,-17.5185,0.2,0.0,0.0,0.0,1.6999,-1.4732,1.124,2.5147,-0.0721,0,0,0,0.74,0.322,0.678,0,0,0.0,4,SEARCH_PHASE,1.4885,-1.6189,-20.9137,11.3539
1461,40.1,15.2407,-6.1967,4.7759,1.5033,-1.6074,1.2022,4.676,23.755,24.192,36.1244,-17.5185,0.2,0.0,0.0,0.0,1.6684,-1.5094,1.076,2.4939,-0.047,0,0,0,0.741,0.329,0.671,0,0,0.0,4,SEARCH_PHASE,1.5033,-1.6074,-20.8837,11.3218
1462,40.133,15.2711,-6.2287,4.799,1.5185,-1.5953,1.1543,4.699,23.713,24.155,36.1244,-17.5185,0.2,0.0,0.0,0.0,1.6746,-1.5028,1.028,2.4737,-0.0726,0,0,0,0.74,0.33,0.67,0,0,0.0,4,SEARCH_PHASE,1.5185,-1.5953,-20.8533,11.2899
1463,40.166,15.3018,-6.2603,4.8211,1.5363,-1.5815,1.1053,4.721,23.671,24.118,36.1244,-17.5185,0.2,0.0,0.0,0.0,1.7011,-1.4727,0.98,2.4542,-0.0616,0,0,0,0.74,0.325,0.675,0,0,0.0,4,SEARCH_PHASE,1.5363,-1.5815,-20.8226,11.2582
1464,40.199,15.3329,-6.2916,4.8422,1.5546,-1.5672,1.0574,4.742,23.629,24.081,36.1244,-17.5185,0.2,0.0,0.0,0.0,1.7077,-1.465,0.932,2.4354,-0.0715,0,0,0,0.74,0.324,0.676,0,0,0.0,4,SEARCH_PHASE,1.5546,-1.5672,-20.7915,11.2269
1465,40.232,15.3644,-6.3227,4.8624,1.5721,-1.552,1.0094,4.762,23.587,24.043,36.1244,-17.5185,0.2,0.0,0.0,0.0,1.7384,-1.428,0.884,2.4172,-0.0713,0,0,0,0.739,0.318,0.682,0,0,0.0,4,SEARCH_PHASE,1.5721,-1.552,-20.76,11.1958
1466,40.265,15.3962,-6.3534,4.8816,1.5903,-1.5361,0.962,4.782,23.544,24.005,36.1244,-17.5185,0.2,0.0,0.0,0.0,1.7518,-1.412,0.836,2.4003,-0.0571,0,0,0,0.74,0.321,0.679,0,0,0.0,4,SEARCH_PHASE,1.5903,-1.5361,-20.7282,11.1651
1467,40.299,15.4283,-6.3838,4.8999,1.6075,-1.52,0.914,4.8,23.501,23.967,36.1244,-17.5185,0.2,0.0,0.0,0.0,1.7814,-1.3743,0.788,2.3839,-0.082,0,0,0,0.739,0.313,0.687,0,0,0.0,4,SEARCH_PHASE,1.6075,-1.52,-20.6961,11.1347
1468,40.332,15.4608,-6.4138,4.9173,1.626,-1.5021,0.8671,4.817,23.458,23.928,36.1244,-17.5185,0.2,0.0,0.0,0.0,1.7965,-1.3547,0.74,2.3686,-0.0581,0,0,0,0.737,0.316,0.684,0,0,0.0,4,SEARCH_PHASE,1.626,-1.5021,-20.6636,11.1047
1469,40.366,15.4937,-6.4435,4.9337,1.6435,-1.484,0.82,4.834,23.415,23.889,36.1244,-17.5185,0.2,0.0,0.0,0.0,1.8035,-1.3453,0.692,2.354,-0.0881,0,0,0,0.736,0.309,0.691,0,0,0.0,4,SEARCH_PHASE,1.6435,-1.484,-20.6307,11.075
1470,40.401,15.527,-6.4728,4.9491,1.662,-1.4644,0.7721,4.849,23.372,23.85,36.1244,-17.5185,0.2,0.0,0.0,0.0,1.8257,-1.3151,0.644,2.3403,-0.0641,0,0,0,0.737,0.314,0.686,0,0,0.0,4,SEARCH_PHASE,1.662,-1.4644,-20.5974,11.0457
1471,40.435,15.5605,-6.5017,4.9636,1.6793,-1.4446,0.724,4.864,23.329,23.81,36.1244,-17.5185,0.2,0.0,0.0,0.0,1.8485,-1.2829,0.596,2.3276,-0.0859,0,0,0,0.737,0.311,0.689,0,0,0.0,4,SEARCH_PHASE,1.6793,-1.4446,-20.5639,11.0168
1472,40.469,15.5945,-6.5302,4.9771,1.6976,-1.4234,0.6768,4.877,23.286,23.771,36.1244,-17.5185,0.2,0.0,0.0,0.0,1.8256,-1.3152,0.548,2.3158,-0.0582,0,0,0,0.738,0.308,0.692,0,0,0.0,4,SEARCH_PHASE,1.6976,-1.4234,-20.5299,10.9883
1473,40.502,15.6288,-6.5582,4.9897,1.7146,-1.4024,0.6278,4.89,23.242,23.731,36.1244,-17.5185,0.2,0.0,0.0,0.0,1.843,-1.2907,0.5,2.3049,-0.0845,0,0,0,0.737,0.303,0.697,0,0,0.0,4,SEARCH_PHASE,1.7146,-1.4024,-20.4956,10.9603
1474,40.535,15.6634,-6.5858,5.0013,1.7324,-1.3801,0.579,4.901,23.199,23.69,36.1244,-17.5185,0.2,0.0,0.0,0.0,1.857,-1.2705,0.452,2.295,-0.083,0,0,0,0.738,0.309,0.691,0,0,0.0,4,SEARCH_PHASE,1.7324,-1.3801,-20.461,10.9327
1475,40.568,15.6984,-6.613,5.0119,1.7489,-1.3579,0.5305,4.912,23.155,23.65,36.1244,-17.5185,0.2,0.0,0.0,0.0,1.8836,-1.2305,0.404,2.2859,-0.0923,0,0,0,0.737,0.294,0.706,0,0,0.0,4,SEARCH_PHASE,1.7489,-1.3579,-20.426,10.9055
1476,40.6,15.7337,-6.6397,5.0215,1.7658,-1.336,0.4832,4.922,23.111,23.609,36.1244,-17.5185,0.2,0.0,0.0,0.0,1.9034,-1.1998,0.356,2.278,-0.0653,0,0,0,0.734,0.294,0.706,0,0,0.0,4,SEARCH_PHASE,1.7658,-1.336,-20.3907,10.8788
1477,40.632,15.7694,-6.666,5.0302,1.7813,-1.3151,0.436,4.93,23.067,23.568,36.1244,-17.5185,0.2,0.0,0.0,0.0,1.9192,-1.1743,0.308,2.271,-0.0882,0,0,0,0.734,0.292,0.708,0,0,0.0,4,SEARCH_PHASE,1.7813,-1.3151,-20.355,10.8525
1478,40.665,15.8053,-6.6919,5.038,1.7972,-1.2938,0.3887,4.938,23.024,23.526,36.1244,-17.5185,0.2,0.0,0.0,0.0,1.9258,-1.1635,0.26,2.265,-0.058,0,0,0,0.735,0.292,0.708,0,0,0.0,4,SEARCH_PHASE,1.7972,-1.2938,-20.3191,10.8266
1479,40.697,15.8416,-6.7173,5.0448,1.8125,-1.2734,0.3411,4.945,22.98,23.485,36.1244,-17.5185,0.2,0.0,0.0,0.0,1.9411,-1.1379,0.212,2.26,-0.0838,0,0,0,0.735,0.284,0.716,0,0,0.0,4,SEARCH_PHASE,1.8125,-1.2734,-20.2829,10.8012
1480,40.73,15.8781,-6.7424,5.0507,1.8283,-1.2524,0.2934,4.951,22.935,23.443,36.1244,-17.5185,0.2,0.0,0.0,0.0,1.9448,-1.1315,0.164,2.256,-0.0588,0,0,0,0.736,0.286,0.714,0,0,0.0,4,SEARCH_PHASE,1.8283,-1.2524,-20.2463,10.7761
1481,40.764,15.915,-6.767,5.0556,1.8428,-1.2323,0.2456,4.956,22.891,23.401,36.1244,-17.5185,0.2,0.0,0.0,0.0,1.9642,-1.0974,0.116,2.253,-0.0836,0,0,0,0.724,0.276,0.724,0,0,0.0,4,SEARCH_PHASE,1.8428,-1.2323,-20.2094,10.7515
1482,40.798,15.9521,-6.7913,5.0596,1.858,-1.2118,0.198,4.96,22.847,23.358,36.1244,-17.5185,0.2,0.0,0.0,0.0,1.9688,-1.0891,0.068,2.251,-0.059,0,0,0,0.721,0.279,0.721,0,0,0.0,4,SEARCH_PHASE,1.858,-1.2118,-20.1723,10.7272
1483,40.831,15.9896,-6.8151,5.0626,1.8717,-1.1923,0.1503,4.963,22.803,23.316,36.1244,-17.5185,0.2,0.0,0.0,0.0,1.9803,-1.0682,0.02,2.2501,-0.0788,0,0,0,0.708,0.274,0.726,0,0,0.0,4,SEARCH_PHASE,1.8717,-1.1923,-20.1348,10.7034
1484,40.864,16.0273,-6.8386,5.0646,1.8856,-1.1726,0.1019,4.965,22.759,23.273,36.1244,-17.5185,0.2,0.0,0.0,0.0,1.9815,-1.0659,-0.028,2.2502,-0.0597,0,0,0,0.707,0.278,0.722,0,0,0.0,4,SEARCH_PHASE,1.8856,-1.1726,-20.0971,10.6799
1485,40.899,16.0652,-6.8616,5.0657,1.8979,-1.1535,0.0542,4.966,22.714,23.23,36.1244,-17.5185,0.2,0.0,0.0,0.0,1.9862,-1.0571,-0.076,2.2513,-0.0873,0,0,0,0.693,0.266,0.734,0,0,0.0,4,SEARCH_PHASE,1.8979,-1.1535,-20.0592,10.6569
1486,40.931,16.1034,-6.8843,5.0658,1.9105,-1.134,0.0062,4.966,22.67,23.186,36.1244,-17.5185,0.2,0.0,0.0,0.0,1.9871,-1.0554,-0.124,2.2534,-0.0665,0,0,0,0.69,0.266,0.734,0,0,0.0,4,SEARCH_PHASE,1.9105,-1.134,-20.021,10.6342
1487,40.966,16.1419,-6.9066,5.065,1.9211,-1.1154,-0.042,4.965,22.626,23.143,36.1244,-17.5185,0.2,0.0,0.0,0.0,1.9872,-1.0553,-0.172,2.2566,-0.0952,0,0,0,0.636,0.258,0.742,0,0,0.0,4,SEARCH_PHASE,1.9211,-1.1154,-19.9825,10.6119
1488,41.0,16.1805,-6.9285,5.0632,1.9318,-1.0964,-0.0903,4.963,22.581,23.099,36.1244,-17.5185,0.2,0.0,0.0,0.0,1.9872,-1.0552,-0.22,2.2607,-0.0744,0,0,0,0.626,0.256,0.744,0,0,0.0,4,SEARCH_PHASE,1.9318,-1.0964,-19.9439,10.59
1489,41.034,16.2193,-6.9501,5.0604,1.9405,-1.0785,-0.1392,4.96,22.537,23.055,36.1244,-17.5185,0.2,0.0,0.0,0.0,1.9873,-1.0551,-0.268,2.2659,-0.0953,0,0,0,0.624,0.252,0.748,0,0,0.0,4,SEARCH_PHASE,1.9405,-1.0785,-19.9051,10.5684
1490,41.066,16.2583,-6.9713,5.0567,1.9494,-1.0604,-0.1874,4.957,22.492,23.011,36.1244,-17.5185,0.2,0.0,0.0,0.0,1.9873,-1.0551,-0.316,2.2721,-0.106,0,0,0,0.639,0.255,0.745,0,0,0.0,4,SEARCH_PHASE,1.9494,-1.0604,-19.8661,10.5472
1491,41.099,16.2974,-6.9922,5.0519,1.9562,-1.0434,-0.2359,4.952,22.448,22.966,36.1244,-17.5185,0.2,0.0,0.0,0.0,1.9873,-1.0551,-0.364,2.2793,-0.0829,0,0,0,0.629,0.256,0.744,0,0,0.0,4,SEARCH_PHASE,1.9562,-1.0434,-19.827,10.5263
1492,41.132,16.3367,-7.0128,5.0463,1.9627,-1.0284,-0.2832,4.946,22.404,22.922,36.1244,-17.5185,0.2,0.0,0.0,0.0,1.9873,-1.0551,-0.412,2.2874,-0.1134,0,0,0,0.645,0.259,0.741,0,0,0.0,4,SEARCH_PHASE,1.9627,-1.0284,-19.7877,10.5057
1493,41.164,16.376,-7.033,5.0397,1.9681,-1.0145,-0.3305,4.94,22.359,22.877,36.1244,-17.5185,0.2,0.0,0.0,0.0,1.9873,-1.0551,-0.46,2.2965,-0.0718,0,0,0,0.636,0.256,0.744,0,0,0.0,4,SEARCH_PHASE,1.9681,-1.0145,-19.7484,10.4855
1494,41.198,16.4155,-7.0531,5.0321,1.9735,-1.0034,-0.3778,4.932,22.315,22.832,36.1244,-17.5185,0.2,0.0,0.0,0.0,1.9872,-1.0552,-0.508,2.3066,-0.1024,0,0,0,0.649,0.26,0.74,0,0,0.0,4,SEARCH_PHASE,1.9735,-1.0034,-19.7089,10.4654
1495,41.23,16.4551,-7.073,5.0236,1.9777,-0.9932,-0.4257,4.924,22.271,22.787,36.1244,-17.5185,0.2,0.0,0.0,0.0,1.9872,-1.0553,-0.556,2.3177,-0.0679,0,0,0,0.652,0.252,0.748,0,0,0.0,4,SEARCH_PHASE,1.9777,-0.9932,-19.6693,10.4455
1496,41.264,16.4947,-7.0927,5.0141,1.9817,-0.9854,-0.4727,4.914,22.227,22.742,36.1244,-17.5185,0.2,0.0,0.0,0.0,1.9871,-1.0554,-0.604,2.3297,-0.1021,0,0,0,0.642,0.26,0.74,0,0,0.0,4,SEARCH_PHASE,1.9817,-0.9854,-19.6297,10.4258
1497,41.296,16.5344,-7.1123,5.0037,1.9844,-0.9783,-0.5196,4.904,22.182,22.697,36.1244,-17.5185,0.2,0.0,0.0,0.0,1.9871,-1.0555,-0.652,2.3426,-0.0639,0,0,0,0.65,0.255,0.745,0,0,0.0,4,SEARCH_PHASE,1.9844,-0.9783,-19.59,10.4062
1498,41.329,16.5741,-7.1317,4.9924,1.9867,-0.9736,-0.5667,4.892,22.138,22.651,36.1244,-17.5185,0.2,0.0,0.0,0.0,1.987,-1.0557,-0.7,2.3564,-0.0975,0,0,0,0.64,0.256,0.744,0,0,0.0,4,SEARCH_PHASE,1.9867,-0.9736,-19.5503,10.3868
1499,41.362,16.6139,-7.1511,4.9801,1.9876,-0.9691,-0.6138,4.88,22.094,22.605,36.1244,-17.5185,0.2,0.0,0.0,0.0,1.9869,-1.0558,-0.748,2.3711,-0.0626,0,0,0,0.636,0.25,0.75,0,0,0.0,4,SEARCH_PHASE,1.9876,-0.9691,-19.5105,10.3674
1500,41.394,16.6536,-7.1704,4.9669,1.988,-0.9669,-0.661,4.867,22.05,22.559,36.1244,-17.5185,0.2,0.0,0.0,0.0,1.9868,-1.0559,-0.796,2.3867,-0.0957,0,0,0,0.642,0.248,0.752,0,0,0.0,4,SEARCH_PHASE,1.988,-0.9669,-19.4708,10.3481
1501,41.426,16.6934,-7.1897,4.9528,1.9867,-0.9648,-0.7083,4.853,22.006,22.513,36.1244,-17.5185,0.2,0.0,0.0,0.0,1.9868,-1.0561,-0.844,2.4031,-0.0667,0,0,0,0.644,0.246,0.754,0,0,0.0,4,SEARCH_PHASE,1.9867,-0.9648,-19.431,10.3288
1502,41.458,16.7331,-7.209,4.9376,1.9847,-0.9649,-0.7556,4.838,21.962,22.467,36.1244,-17.5185,0.2,0.0,0.0,0.0,1.9867,-1.0562,-0.892,2.4204,-0.0963,0,0,0,0.65,0.252,0.748,0,0,0.0,4,SEARCH_PHASE,1.9847,-0.9649,-19.3913,10.3095
1503,41.489,16.7727,-7.2283,4.9216,1.9824,-0.9654,-0.8028,4.822,21.917,22.42,36.1244,-17.5185,0.2,0.0,0.0,0.0,1.9866,-1.0564,-0.94,2.4385,-0.0598,0,0,0,0.65,0.251,0.749,0,0,0.0,4,SEARCH_PHASE,1.9824,-0.9654,-19.3517,10.2902
1504,41.521,16.8123,-7.2477,4.9046,1.9798,-0.968,-0.8501,4.805,21.873,22.374,36.1244,-17.5185,0.2,0.0,0.0,0.0,1.9865,-1.0565,-0.988,2.4574,-0.0922,0,0,0,0.656,0.251,0.749,0,0,0.0,4,SEARCH_PHASE,1.9798,-0.968,-19.3121,10.2708
1505,41.551,16.8518,-7.2671,4.8866,1.976,-0.9706,-0.8982,4.787,21.829,22.327,36.1244,-17.5185,0.2,0.0,0.0,0.0,1.9865,-1.0566,-1.036,2.4771,-0.0636,0,0,0,0.658,0.251,0.749,0,0,0.0,4,SEARCH_PHASE,1.976,-0.9706,-19.2726,10.2514
1506,41.584,16.8913,-7.2866,4.8677,1.972,-0.9752,-0.9455,4.768,21.785,22.28,36.1244,-17.5185,0.2,0.0,0.0,0.0,1.9864,-1.0567,-1.084,2.4975,-0.0939,0,0,0,0.669,0.258,0.742,0,0,0.0,4,SEARCH_PHASE,1.972,-0.9752,-19.2331,10.2319
1507,41.616,16.9306,-7.3062,4.8478,1.9677,-0.98,-0.9929,4.748,21.741,22.233,36.1244,-17.5185,0.2,0.0,0.0,0.0,1.9863,-1.0569,-1.132,2.5187,-0.0585,0,0,0,0.672,0.258,0.742,0,0,0.0,4,SEARCH_PHASE,1.9677,-0.98,-19.1938,10.2123
1508,41.648,16.9699,-7.326,4.827,1.9641,-0.9866,-1.0406,4.727,21.698,22.185,36.1244,-17.5185,0.2,0.0,0.0,0.0,1.9863,-1.057,-1.18,2.5406,-0.0898,0,0,0,0.661,0.261,0.739,0,0,0.0,4,SEARCH_PHASE,1.9641,-0.9866,-19.1545,10.1925
1509,41.678,17.0091,-7.3458,4.8053,1.9602,-0.9929,-1.0882,4.705,21.654,22.138,36.1244,-17.5185,0.2,0.0,0.0,0.0,1.9862,-1.057,-1.228,2.5633,-0.0545,0,0,0,0.66,0.261,0.739,0,0,0.0,4,SEARCH_PHASE,1.9602,-0.9929,-19.1153,10.1727
1510,41.71,17.0482,-7.3658,4.7826,1.9568,-1.0006,-1.136,4.683,21.61,22.09,36.1244,-17.5185,0.2,0.0,0.0,0.0,1.9862,-1.0571,-1.276,2.5866,-0.0838,0,0,0,0.666,0.262,0.738,0,0,0.0,4,SEARCH_PHASE,1.9568,-1.0006,-19.0762,10.1527
1511,41.741,17.0873,-7.386,4.7589,1.953,-1.0076,-1.1837,4.659,21.566,22.042,36.1244,-17.5185,0.2,0.0,0.0,0.0,1.9862,-1.0571,-1.324,2.6106,-0.0485,0,0,0,0.665,0.265,0.735,0,0,0.0,4,SEARCH_PHASE,1.953,-1.0076,-19.0371,10.1325
1512,41.774,17.1263,-7.4063,4.7342,1.9497,-1.0155,-1.2315,4.634,21.522,21.994,36.1244,-17.5185,0.2,0.0,0.0,0.0,1.9862,-1.0572,-1.372,2.6353,-0.0817,0,0,0,0.671,0.265,0.735,0,0,0.0,4,SEARCH_PHASE,1.9497,-1.0155,-18.9981,10.1122
1513,41.805,17.1652,-7.4267,4.7087,1.9458,-1.0222,-1.2794,4.609,21.478,21.946,36.1244,-17.5185,0.2,0.0,0.0,0.0,1.9862,-1.0572,-1.42,2.6606,-0.052,0,0,0,0.674,0.268,0.732,0,0,0.0,4,SEARCH_PHASE,1.9458,-1.0222,-18.9592,10.0918
1514,41.838,17.2041,-7.4473,4.6821,1.9423,-1.0295,-1.3271,4.582,21.434,21.897,36.1244,-17.5185,0.2,0.0,0.0,0.0,1.9862,-1.0572,-1.468,2.6865,-0.0827,0,0,0,0.681,0.267,0.733,0,0,0.0,4,SEARCH_PHASE,1.9423,-1.0295,-18.9203,10.0712
1515,41.871,17.2428,-7.468,4.6546,1.9389,-1.0357,-1.3747,4.555,21.39,21.849,36.1244,-17.5185,0.2,0.0,0.0,0.0,1.9862,-1.0572,-1.5,2.7042,-0.0473,0,0,0,0.684,0.272,0.728,0,0,0.0,4,SEARCH_PHASE,1.9389,-1.0357,-18.8816,10.0505
1516,41.902,17.2816,-7.4889,4.6263,1.9369,-1.0428,-1.4164,4.526,21.346,21.8,36.1244,-17.5185,0.2,0.0,0.0,0.0,1.9862,-1.0572,-1.5,2.7042,-0.081,0,0,0,0.691,0.273,0.727,0,0,0.0,4,SEARCH_PHASE,1.9369,-1.0428,-18.8428,10.0296
1517,41.934,17.3203,-7.5099,4.5974,1.9353,-1.0492,-1.4426,4.497,21.302,21.751,36.1244,-17.5185,0.2,0.0,0.0,0.0,1.9862,-1.0572,-1.5,2.7042,-0.0429,0,0,0,0.69,0.273,0.727,0,0,0.0,4,SEARCH_PHASE,1.9353,-1.0492,-18.8041,10.0086
1518,41.967,17.359,-7.531,4.5683,1.9351,-1.0567,-1.459,4.468,21.258,21.702,36.1244,-17.5185,0.2,0.0,0.0,0.0,1.9862,-1.0571,-1.5,2.7042,-0.0794,0,0,0,0.605,0.267,0.733,0,0,0.0,4,SEARCH_PHASE,1.9351,-1.0567,-18.7654,9.9875
1519,41.998,17.3977,-7.5523,4.5389,1.9349,-1.0622,-1.4692,4.439,21.214,21.653,36.1244,-17.5185,0.2,0.0,0.0,0.0,1.9862,-1.0571,-1.5,2.7042,-0.0394,0,0,0,0.605,0.274,0.726,0,0,0.0,4,SEARCH_PHASE,1.9349,-1.0622,-18.7267,9.9662
1520,42.029,17.4364,-7.5736,4.5094,1.9359,-1.0682,-1.4756,4.409,21.169,21.604,36.1244,-17.5185,0.2,0.0,0.0,0.0,1.9863,-1.057,-1.5,2.7042,-0.0768,0,0,0,0.609,0.272,0.728,0,0,0.0,4,SEARCH_PHASE,1.9359,-1.0682,-18.688,9.9449
1521,42.059,17.4751,-7.5951,4.4798,1.9364,-1.0715,-1.4795,4.38,21.125,21.554,36.1244,-17.5185,0.2,0.0,0.0,0.0,1.9863,-1.0569,-1.5,2.7042,-0.036,0,0,0,0.609,0.277,0.723,0,0,0.0,4,SEARCH_PHASE,1.9364,-1.0715,-18.6493,9.9235
1522,42.09,17.5139,-7.6165,4.4501,1.9379,-1.0749,-1.4819,4.35,21.081,21.505,36.1244,-17.5185,0.2,0.0,0.0,0.0,1.9863,-1.0569,-1.5,2.7042,-0.0737,0,0,0,0.612,0.275,0.725,0,0,0.0,4,SEARCH_PHASE,1.9379,-1.0749,-18.6105,9.902
1523,42.123,17.5527,-7.6381,4.4205,1.9386,-1.0752,-1.4834,4.32,21.036,21.456,36.1244,-17.5185,0.2,0.0,0.0,0.0,1.9864,-1.0568,-1.5,2.7042,-0.0447,0,0,0,0.611,0.277,0.723,0,0,0.0,4,SEARCH_PHASE,1.9386,-1.0752,-18.5717,9.8805
1524,42.154,17.5915,-7.6596,4.3908,1.9401,-1.0752,-1.4842,4.291,20.992,21.406,36.1244,-17.5185,0.2,0.0,0.0,0.0,1.9864,-1.0567,-1.5,2.7042,-0.0824,0,0,0,0.615,0.281,0.719,0,0,0.0,4,SEARCH_PHASE,1.9401,-1.0752,-18.5329,9.8589
1525,42.186,17.6303,-7.681,4.3611,1.9402,-1.0727,-1.4848,4.261,20.948,21.357,36.1244,-17.5185,0.2,0.0,0.0,0.0,1.9865,-1.0566,-1.5,2.7042,-0.0447,0,0,0,0.614,0.28,0.72,0,0,0.0,4,SEARCH_PHASE,1.9402,-1.0727,-18.4941,9.8375
1526,42.218,17.6691,-7.7024,4.3314,1.9406,-1.0707,-1.485,4.231,20.903,21.308,36.1244,-17.5185,0.2,0.0,0.0,0.0,1.9865,-1.0566,-1.5,2.7042,-0.0821,0,0,0,0.619,0.286,0.714,0,0,0.0,4,SEARCH_PHASE,1.9406,-1.0707,-18.4553,9.8161
1527,42.249,17.7079,-7.7237,4.3017,1.9403,-1.0662,-1.4852,4.202,20.859,21.259,36.1244,-17.5185,0.2,0.0,0.0,0.0,1.9865,-1.0565,-1.5,2.7042,-0.058,0,0,0,0.619,0.284,0.716,0,0,0.0,4,SEARCH_PHASE,1.9403,-1.0662,-18.4165,9.7948
1528,42.281,17.7467,-7.745,4.272,1.941,-1.062,-1.4853,4.172,20.815,21.209,36.1244,-17.5185,0.2,0.0,0.0,0.0,1.9865,-1.0565,-1.5,2.7042,-0.0953,0,0,0,0.623,0.289,0.711,0,0,0.0,4,SEARCH_PHASE,1.941,-1.062,-18.3777,9.7735
1529,42.315,17.7855,-7.7661,4.2423,1.9405,-1.0564,-1.4853,4.142,20.771,21.16,36.1244,-17.5185,0.2,0.0,0.0,0.0,1.9866,-1.0564,-1.5,2.7042,-0.0544,0,0,0,0.622,0.287,0.713,0,0,0.0,4,SEARCH_PHASE,1.9405,-1.0564,-18.3389,9.7524
1530,42.346,17.8243,-7.7872,4.2126,1.9404,-1.0522,-1.4854,3.413,20.727,21.111,36.1244,-17.5185,0.2,0.0,0.0,0.0,1.9866,-1.0564,-1.5,2.7042,-0.0915,0,0,0,0.626,0.291,0.709,0,0,0.0,4,SEARCH_PHASE,1.9404,-1.0522,-18.3001,9.7313
1531,42.378,17.8631,-7.8081,4.1829,1.939,-1.0464,-1.4855,3.354,20.683,21.063,36.1244,-17.5185,0.2,0.0,0.0,0.0,1.9866,-1.0564,-1.5,2.7042,-0.0573,0,0,0,0.628,0.293,0.707,0,0,0.0,4,SEARCH_PHASE,1.939,-1.0464,-18.2613,9.7104
1532,42.409,17.9019,-7.8289,4.1531,1.9378,-1.0416,-1.4855,3.295,20.639,21.014,36.1244,-17.5185,0.2,0.0,0.0,0.0,1.9866,-1.0564,-1.5,2.7042,-0.0939,0,0,0,0.635,0.303,0.697,0,0,0.0,4,SEARCH_PHASE,1.9378,-1.0416,-18.2225,9.6896
1533,42.44,17.9406,-7.8496,4.1234,1.9369,-1.0354,-1.4856,3.236,20.595,20.965,36.1244,-17.5185,0.2,0.0,0.0,0.0,1.9866,-1.0563,-1.5,2.7042,-0.0664,0,0,0,0.637,0.304,0.696,0,0,0.0,4,SEARCH_PHASE,1.9369,-1.0354,-18.1838,9.6689
1534,42.473,17.9794,-7.8702,4.0937,1.9378,-1.0305,-1.4856,3.178,20.551,20.916,36.1244,-17.5185,0.2,0.0,0.0,0.0,1.9866,-1.0563,-1.5,2.7042,-0.1034,0,0,0,0.644,0.301,0.699,0,0,0.0,4,SEARCH_PHASE,1.9378,-1.0305,-18.1451,9.6483
1535,42.505,18.0181,-7.8907,4.064,1.9384,-1.025,-1.4855,3.119,20.507,20.868,36.1244,-17.5185,0.2,0.0,0.0,0.0,1.9866,-1.0564,-1.5,2.7042,-0.0616,0,0,0,0.645,0.304,0.696,0,0,0.0,4,SEARCH_PHASE,1.9384,-1.025,-18.1063,9.6278
1536,42.536,18.0569,-7.9112,4.0343,1.9403,-1.0217,-1.4856,3.06,20.463,20.819,36.1244,-17.5185,0.2,0.0,0.0,0.0,1.9866,-1.0564,-1.5,2.7042,-0.0987,0,0,0,0.651,0.304,0.696,0,0,0.0,4,SEARCH_PHASE,1.9403,-1.0217,-18.0675,9.6073
1537,42.567,18.0958,-7.9315,4.0046,1.9418,-1.0174,-1.4856,3.001,20.419,20.771,36.1244,-17.5185,0.2,0.0,0.0,0.0,1.9866,-1.0564,-1.5,2.7042,-0.0565,0,0,0,0.651,0.311,0.689,0,0,0.0,4,SEARCH_PHASE,1.9418,-1.0174,-18.0286,9.587
1538,42.601,18.1346,-7.9518,3.9749,1.9442,-1.0148,-1.4856,2.942,20.375,20.722,36.1244,-17.5185,0.2,0.0,0.0,0.0,1.9866,-1.0564,-1.5,2.7042,-0.0937,0,0,0,0.656,0.309,0.691,0,0,0.0,4,SEARCH_PHASE,1.9442,-1.0148,-17.9898,9.5667
1539,42.632,18.1736,-7.972,3.9452,1.946,-1.0111,-1.4857,2.883,20.331,20.674,36.1244,-17.5185,0.2,0.0,0.0,0.0,1.9865,-1.0565,-1.5,2.7042,-0.0596,0,0,0,0.656,0.312,0.688,0,0,0.0,4,SEARCH_PHASE,1.946,-1.0111,-17.9508,9.5465
1540,42.664,18.2125,-7.9922,3.9154,1.9485,-1.0088,-1.4857,2.825,20.288,20.625,36.1244,-17.5185,0.2,0.0,0.0,0.0,1.9865,-1.0565,-1.5,2.7042,-0.0967,0,0,0,0.661,0.313,0.687,0,0,0.0,4,SEARCH_PHASE,1.9485,-1.0088,-17.9119,9.5263
1541,42.695,18.2515,-8.0123,3.8857,1.9498,-1.0055,-1.4856,2.766,20.244,20.576,36.1244,-17.5185,0.2,0.0,0.0,0.0,1.9865,-1.0566,-1.5,2.7042,-0.0541,0,0,0,0.66,0.31,0.69,0,0,0.0,4,SEARCH_PHASE,1.9498,-1.0055,-17.8729,9.5062
1542,42.727,18.2906,-8.0324,3.856,1.9516,-1.0041,-1.4856,2.707,20.2,20.528,36.1244,-17.5185,0.2,0.0,0.0,0.0,1.9865,-1.0566,-1.5,2.7042,-0.091,0,0,0,0.664,0.317,0.683,0,0,0.0,4,SEARCH_PHASE,1.9516,-1.0041,-17.8338,9.4861
1543,42.757,18.3296,-8.0524,3.8263,1.9519,-1.0015,-1.4856,2.648,20.156,20.48,36.1244,-17.5185,0.2,0.0,0.0,0.0,1.9864,-1.0567,-1.5,2.7042,-0.052,0,0,0,0.664,0.313,0.687,0,0,0.0,4,SEARCH_PHASE,1.9519,-1.0015,-17.7948,9.4661
1544,42.787,18.3686,-8.0724,3.7966,1.9524,-1.0003,-1.4856,2.589,20.112,20.431,36.1244,-17.5185,0.2,0.0,0.0,0.0,1.9864,-1.0568,-1.5,2.7042,-0.0888,0,0,0,0.668,0.316,0.684,0,0,0.0,4,SEARCH_PHASE,1.9524,-1.0003,-17.7558,9.4461
1545,42.817,18.4077,-8.0924,3.7669,1.9518,-0.9979,-1.4856,2.53,20.068,20.383,36.1244,-17.5185,0.2,0.0,0.0,0.0,1.9864,-1.0568,-1.5,2.7042,-0.0551,0,0,0,0.668,0.315,0.685,0,0,0.0,4,SEARCH_PHASE,1.9518,-0.9979,-17.7167,9.4261
1546,42.847,18.4467,-8.1123,3.7372,1.9518,-0.997,-1.4855,2.471,20.024,20.334,36.1244,-17.5185,0.2,0.0,0.0,0.0,1.9861,-1.0572,-1.5,2.7042,-0.0917,0,0,0,0.672,0.317,0.683,0,0,0.0,4,SEARCH_PHASE,1.9518,-0.997,-17.6777,9.4062
1547,42.877,18.4857,-8.1322,3.7075,1.9502,-0.9951,-1.4855,2.412,19.981,20.286,36.1244,-17.5185,0.2,0.0,0.0,0.0,2.0284,-1.08,-1.452,2.7183,-0.0549,0,0,0,0.673,0.317,0.683,0,0,0.0,4,SEARCH_PHASE,1.9502,-0.9951,-17.6387,9.3863
1548,42.907,18.5247,-8.1521,3.6781,1.9492,-0.9954,-1.4675,2.353,19.937,20.238,36.1244,-17.5185,0.2,0.0,0.0,0.0,2.0702,-1.1036,-1.404,2.734,-0.0933,0,0,0,0.679,0.321,0.679,0,0,0.0,4,SEARCH_PHASE,1.9492,-0.9954,-17.5997,9.3664
1549,42.937,18.5637,-8.172,3.6493,1.9481,-0.995,-1.4382,2.295,19.893,20.19,36.1244,-17.5185,0.2,0.0,0.0,0.0,2.1112,-1.1285,-1.356,2.7513,-0.0569,0,0,0,0.685,0.323,0.677,0,0,0.0,4,SEARCH_PHASE,1.9481,-0.995,-17.5607,9.3465
1550,42.968,18.6026,-8.192,3.6213,1.9487,-0.9974,-1.4016,2.238,19.849,20.142,36.1244,-17.5185,0.2,0.0,0.0,0.0,2.147,-1.1606,-1.308,2.769,-0.0974,0,0,0,0.694,0.336,0.664,0,0,0.0,4,SEARCH_PHASE,1.9487,-0.9974,-17.5218,9.3265
1551,43.0,18.6417,-8.212,3.5941,1.9514,-0.9993,-1.3602,2.181,19.805,20.094,36.1244,-17.5185,0.2,0.0,0.0,0.0,2.1467,-1.1667,-1.26,2.7491,-0.0578,0,0,0,0.698,0.342,0.658,0,0,0.0,4,SEARCH_PHASE,1.9514,-0.9993,-17.4827,9.3065
1552,43.03,18.6808,-8.2321,3.5678,1.9581,-1.0046,-1.3166,2.126,19.761,20.046,36.1244,-17.5185,0.2,0.0,0.0,0.0,2.1374,-1.1806,-1.212,2.726,-0.1,0,0,0,0.706,0.345,0.655,0,0,0.0,4,SEARCH_PHASE,1.9581,-1.0046,-17.4436,9.2864
1553,43.062,18.7202,-8.2523,3.5424,1.9664,-1.0099,-1.2713,2.071,19.717,19.999,36.1244,-17.5185,0.2,0.0,0.0,0.0,2.1332,-1.1852,-1.164,2.7037,-0.0506,0,0,0,0.707,0.349,0.651,0,0,0.0,4,SEARCH_PHASE,1.9664,-1.0099,-17.4042,9.2662
1554,43.093,18.7597,-8.2727,3.5178,1.9781,-1.0189,-1.2258,2.049,19.673,19.951,36.1244,-17.5185,0.2,0.0,0.0,0.0,2.1241,-1.1982,-1.116,2.682,-0.0907,0,0,0,0.712,0.352,0.648,0,0,0.0,4,SEARCH_PHASE,1.9781,-1.0189,-17.3647,9.2459
1555,43.124,18.7995,-8.2932,3.4942,1.9909,-1.0274,-1.1801,2.055,19.628,19.902,36.1244,-17.5185,0.2,0.0,0.0,0.0,2.1195,-1.2032,-1.068,2.6609,-0.0529,0,0,0,0.714,0.351,0.649,0,0,0.0,4,SEARCH_PHASE,1.9909,-1.0274,-17.3249,9.2253
1556,43.154,18.8397,-8.314,3.4716,2.0057,-1.0391,-1.1337,2.063,19.583,19.854,36.1244,-17.5185,0.2,0.0,0.0,0.0,2.1032,-1.2285,-1.02,2.6406,-0.103,0,0,0,0.718,0.345,0.655,0,0,0.0,4,SEARCH_PHASE,2.0057,-1.0391,-17.2848,9.2045
1557,43.185,18.8801,-8.335,3.4498,2.0203,-1.0498,-1.0869,2.071,19.537,19.806,36.1244,-17.5185,0.2,0.0,0.0,0.0,2.0974,-1.2351,-0.972,2.621,-0.0589,0,0,0,0.721,0.355,0.645,0,0,0.0,4,SEARCH_PHASE,2.0203,-1.0498,-17.2443,9.1835
1558,43.214,18.9208,-8.3562,3.429,2.0366,-1.0633,-1.0407,2.081,19.491,19.757,36.1244,-17.5185,0.2,0.0,0.0,0.0,2.0901,-1.2444,-0.924,2.6021,-0.1018,0,0,0,0.722,0.352,0.648,0,0,0.0,4,SEARCH_PHASE,2.0366,-1.0633,-17.2036,9.1623
1559,43.243,18.9618,-8.3778,3.4091,2.0524,-1.0754,-0.994,2.092,19.445,19.708,36.1244,-17.5185,0.2,0.0,0.0,0.0,2.0888,-1.2435,-0.876,2.5839,-0.0667,0,0,0,0.722,0.355,0.645,0,0,0.0,4,SEARCH_PHASE,2.0524,-1.0754,-17.1626,9.1408
1560,43.272,19.0032,-8.3995,3.3902,2.0667,-1.0892,-0.9479,2.104,19.398,19.659,36.1244,-17.5185,0.2,0.0,0.0,0.0,2.0855,-1.2459,-0.828,2.5665,-0.1017,0,0,0,0.722,0.356,0.644,0,0,0.0,4,SEARCH_PHASE,2.0667,-1.0892,-17.1212,9.119
1561,43.301,19.0448,-8.4216,3.3722,2.0798,-1.1015,-0.9005,2.117,19.351,19.609,36.1244,-17.5185,0.2,0.0,0.0,0.0,2.0975,-1.2223,-0.78,2.5499,-0.054,0,0,0,0.719,0.356,0.644,0,0,0.0,4,SEARCH_PHASE,2.0798,-1.1015,-17.0796,9.0969
1562,43.33,19.0866,-8.4439,3.3551,2.0913,-1.1156,-0.8531,2.132,19.304,19.56,36.1244,-17.5185,0.2,0.0,0.0,0.0,2.0973,-1.2195,-0.732,2.5341,-0.0966,0,0,0,0.719,0.357,0.643,0,0,0.0,4,SEARCH_PHASE,2.0913,-1.1156,-17.0378,9.0746
1563,43.358,19.1286,-8.4664,3.339,2.0992,-1.1273,-0.8055,2.12,19.256,19.51,36.1244,-17.5185,0.2,0.0,0.0,0.0,2.1056,-1.2018,-0.684,2.5191,-0.0518,0,0,0,0.717,0.352,0.648,0,0,0.0,4,SEARCH_PHASE,2.0992,-1.1273,-16.9958,9.0521
1564,43.387,19.1707,-8.4892,3.3238,2.1055,-1.1405,-0.758,2.088,19.208,19.461,36.1244,-17.5185,0.2,0.0,0.0,0.0,2.1015,-1.2057,-0.636,2.5049,-0.0937,0,0,0,0.718,0.356,0.644,0,0,0.0,4,SEARCH_PHASE,2.1055,-1.1405,-16.9537,9.0293
1565,43.417,19.2129,-8.5123,3.3096,2.1091,-1.1512,-0.7103,2.056,19.16,19.411,36.1244,-17.5185,0.2,0.0,0.0,0.0,2.1101,-1.1872,-0.588,2.4915,-0.0457,0,0,0,0.714,0.352,0.648,0,0,0.0,4,SEARCH_PHASE,2.1091,-1.1512,-16.9115,9.0062
1566,43.446,19.2551,-8.5355,3.2964,2.112,-1.1634,-0.6627,2.026,19.112,19.361,36.1244,-17.5185,0.2,0.0,0.0,0.0,2.1076,-1.1882,-0.54,2.479,-0.0871,0,0,0,0.715,0.351,0.649,0,0,0.0,4,SEARCH_PHASE,2.112,-1.1634,-16.8693,8.983
1567,43.476,19.2973,-8.559,3.2841,2.1118,-1.1726,-0.6151,1.996,19.064,19.312,36.1244,-17.5185,0.2,0.0,0.0,0.0,2.1117,-1.1774,-0.492,2.4674,-0.0442,0,0,0,0.71,0.35,0.65,0,0,0.0,4,SEARCH_PHASE,2.1118,-1.1726,-16.8271,8.9595
1568,43.505,19.3396,-8.5826,3.2727,2.1106,-1.183,-0.5674,1.967,19.015,19.262,36.1244,-17.5185,0.2,0.0,0.0,0.0,2.1078,-1.181,-0.444,2.4566,-0.085,0,0,0,0.712,0.352,0.648,0,0,0.0,4,SEARCH_PHASE,2.1106,-1.183,-16.7848,8.9359
1569,43.535,19.3817,-8.6065,3.2623,2.1075,-1.1905,-0.5197,1.939,18.967,19.213,36.1244,-17.5185,0.2,0.0,0.0,0.0,2.1117,-1.1707,-0.396,2.4467,-0.0377,0,0,0,0.705,0.351,0.649,0,0,0.0,4,SEARCH_PHASE,2.1075,-1.1905,-16.7427,8.9121
1570,43.566,19.4238,-8.6304,3.2529,2.1046,-1.1992,-0.472,1.911,18.918,19.163,36.1244,-17.5185,0.2,0.0,0.0,0.0,2.1089,-1.1722,-0.348,2.4378,-0.0782,0,0,0,0.706,0.353,0.647,0,0,0.0,4,SEARCH_PHASE,2.1046,-1.1992,-16.7006,8.8881
1571,43.595,19.4658,-8.6545,3.2444,2.0995,-1.2046,-0.425,1.885,18.87,19.114,36.1244,-17.5185,0.2,0.0,0.0,0.0,2.1095,-1.1677,-0.3,2.4297,-0.0414,0,0,0,0.704,0.348,0.652,0,0,0.0,4,SEARCH_PHASE,2.0995,-1.2046,-16.6586,8.864
1572,43.625,19.5077,-8.6787,3.2368,2.0943,-1.2108,-0.3769,1.884,18.822,19.065,36.1244,-17.5185,0.2,0.0,0.0,0.0,2.1038,-1.1746,-0.252,2.4226,-0.0869,0,0,0,0.705,0.351,0.649,0,0,0.0,4,SEARCH_PHASE,2.0943,-1.2108,-16.6167,8.8398
1573,43.655,19.5494,-8.703,3.2303,2.0876,-1.2138,-0.3289,1.896,18.773,19.016,36.1244,-17.5185,0.2,0.0,0.0,0.0,2.1056,-1.168,-0.204,2.4165,-0.0457,0,0,0,0.702,0.346,0.654,0,0,0.0,4,SEARCH_PHASE,2.0876,-1.2138,-16.575,8.8155
1574,43.684,19.5911,-8.7274,3.2246,2.0817,-1.2177,-0.281,1.908,18.725,18.968,36.1244,-17.5185,0.2,0.0,0.0,0.0,2.1012,-1.1725,-0.156,2.4112,-0.0904,0,0,0,0.703,0.345,0.655,0,0,0.0,4,SEARCH_PHASE,2.0817,-1.2177,-16.5333,8.7911
1575,43.713,19.6325,-8.7517,3.22,2.0738,-1.2181,-0.2333,2.406,18.677,18.92,36.1244,-17.5185,0.2,0.0,0.0,0.0,2.0987,-1.1736,-0.108,2.407,-0.058,0,0,0,0.703,0.345,0.655,0,0,0.0,4,SEARCH_PHASE,2.0738,-1.2181,-16.4919,8.7668
1576,43.741,19.6739,-8.7761,3.2163,2.0664,-1.219,-0.1859,3.116,18.629,18.872,36.1244,-17.5185,0.2,0.0,0.0,0.0,2.0899,-1.1857,-0.06,2.4036,-0.0986,0,0,0,0.707,0.346,0.654,0,0,0.0,4,SEARCH_PHASE,2.0664,-1.219,-16.4505,8.7424
1577,43.77,19.7151,-8.8005,3.2135,2.0595,-1.2169,-0.1378,3.114,18.581,18.824,36.1244,-17.5185,0.2,0.0,0.0,0.0,2.0918,-1.1792,-0.012,2.4013,-0.0555,0,0,0,0.706,0.345,0.655,0,0,0.0,4,SEARCH_PHASE,2.0595,-1.2169,-16.4093,8.718
1578,43.799,19.7562,-8.8248,3.2117,2.0548,-1.2156,-0.0898,3.112,18.534,18.777,36.1244,-17.5185,0.2,0.0,0.0,0.0,2.0831,-1.1911,0.036,2.3999,-0.0965,0,0,0,0.708,0.351,0.649,0,0,0.0,4,SEARCH_PHASE,2.0548,-1.2156,-16.3683,8.6937
1579,43.827,19.7971,-8.849,3.2109,2.0496,-1.2109,-0.042,3.111,18.486,18.73,36.1244,-17.5185,0.2,0.0,0.0,0.0,2.0873,-1.1804,0.084,2.3994,-0.0673,0,0,0,0.706,0.349,0.651,0,0,0.0,4,SEARCH_PHASE,2.0496,-1.2109,-16.3273,8.6695
1580,43.856,19.8381,-8.8731,3.211,2.0463,-1.2066,0.0056,3.111,18.439,18.683,36.1244,-17.5185,0.2,0.0,0.0,0.0,2.0805,-1.1891,0.132,2.4,-0.1074,0,0,0,0.708,0.352,0.648,0,0,0.0,4,SEARCH_PHASE,2.0463,-1.2066,-16.2863,8.6454
1581,43.885,19.8789,-8.8971,3.2121,2.0418,-1.1999,0.0534,3.112,18.391,18.636,36.1244,-17.5185,0.2,0.0,0.0,0.0,2.0865,-1.1752,0.18,2.4015,-0.0626,0,0,0,0.705,0.35,0.65,0,0,0.0,4,SEARCH_PHASE,2.0418,-1.1999,-16.2455,8.6214
1582,43.915,19.9197,-8.921,3.2141,2.0387,-1.1948,0.1012,3.114,18.344,18.59,36.1244,-17.5185,0.2,0.0,0.0,0.0,2.0817,-1.1804,0.228,2.4039,-0.1023,0,0,0,0.707,0.348,0.652,0,0,0.0,4,SEARCH_PHASE,2.0387,-1.1948,-16.2047,8.5975
1583,43.944,19.9604,-8.9448,3.2171,2.0342,-1.187,0.1489,3.117,18.297,18.544,36.1244,-17.5185,0.2,0.0,0.0,0.0,2.0857,-1.1701,0.276,2.4073,-0.0597,0,0,0,0.704,0.348,0.652,0,0,0.0,4,SEARCH_PHASE,2.0342,-1.187,-16.164,8.5737
1584,43.973,20.001,-8.9684,3.221,2.0306,-1.1803,0.1966,3.121,18.25,18.499,36.1244,-17.5185,0.2,0.0,0.0,0.0,2.0795,-1.1777,0.324,2.4117,-0.0993,0,0,0,0.707,0.351,0.649,0,0,0.0,4,SEARCH_PHASE,2.0306,-1.1803,-16.1234,8.5501
1585,44.001,20.0415,-8.9918,3.2259,2.0261,-1.1709,0.244,3.126,18.203,18.453,36.1244,-17.5185,0.2,0.0,0.0,0.0,2.0855,-1.1637,0.372,2.417,-0.0804,0,0,0,0.704,0.347,0.653,0,0,0.0,4,SEARCH_PHASE,2.0261,-1.1709,-16.0829,8.5267
1586,44.029,20.082,-9.015,3.2317,2.0233,-1.1624,0.2913,3.132,18.157,18.408,36.1244,-17.5185,0.2,0.0,0.0,0.0,2.0818,-1.1671,0.42,2.4233,-0.1104,0,0,0,0.705,0.347,0.653,0,0,0.0,4,SEARCH_PHASE,2.0233,-1.1624,-16.0424,8.5035
1587,44.056,20.1223,-9.0381,3.2385,2.0188,-1.1535,0.3391,3.138,18.11,18.363,36.1244,-17.5185,0.2,0.0,0.0,0.0,2.0852,-1.1577,0.468,2.4305,-0.0658,0,0,0,0.703,0.346,0.654,0,0,0.0,4,SEARCH_PHASE,2.0188,-1.1535,-16.0021,8.4804
1588,44.083,20.1626,-9.061,3.2462,2.0154,-1.1471,0.3869,3.146,18.064,18.319,36.1244,-17.5185,0.2,0.0,0.0,0.0,2.0806,-1.1627,0.516,2.4387,-0.1042,0,0,0,0.706,0.346,0.654,0,0,0.0,4,SEARCH_PHASE,2.0154,-1.1471,-15.9618,8.4575
1589,44.111,20.2029,-9.0838,3.2549,2.0112,-1.1392,0.4347,3.155,18.018,18.275,36.1244,-17.5185,0.2,0.0,0.0,0.0,2.0847,-1.152,0.564,2.4477,-0.0563,0,0,0,0.702,0.348,0.652,0,0,0.0,4,SEARCH_PHASE,2.0112,-1.1392,-15.9215,8.4347
1590,44.139,20.243,-9.1065,3.2646,2.0087,-1.1337,0.4825,3.165,17.972,18.231,36.1244,-17.5185,0.2,0.0,0.0,0.0,2.0814,-1.1547,0.612,2.4577,-0.0951,0,0,0,0.704,0.348,0.652,0,0,0.0,4,SEARCH_PHASE,2.0087,-1.1337,-15.8814,8.412
1591,44.167,20.2831,-9.129,3.2752,2.0051,-1.1263,0.5301,3.175,17.926,18.188,36.1244,-17.5185,0.2,0.0,0.0,0.0,2.0834,-1.148,0.66,2.4686,-0.0507,0,0,0,0.702,0.353,0.647,0,0,0.0,4,SEARCH_PHASE,2.0051,-1.1263,-15.8413,8.3895
1592,44.195,20.3232,-9.1514,3.2867,2.0028,-1.121,0.5778,3.187,17.88,18.144,36.1244,-17.5185,0.2,0.0,0.0,0.0,2.0786,-1.1533,0.708,2.4803,-0.0898,0,0,0,0.705,0.353,0.647,0,0,0.0,4,SEARCH_PHASE,2.0028,-1.121,-15.8012,8.3671
1593,44.223,20.3632,-9.1737,3.2992,2.0004,-1.1139,0.625,3.199,17.834,18.101,36.1244,-17.5185,0.2,0.0,0.0,0.0,2.0801,-1.1473,0.756,2.4929,-0.0473,0,0,0,0.702,0.351,0.649,0,0,0.0,4,SEARCH_PHASE,2.0004,-1.1139,-15.7612,8.3448
1594,44.251,20.4032,-9.1959,3.3127,2.0002,-1.1088,0.6728,3.213,17.788,18.059,36.1244,-17.5185,0.2,0.0,0.0,0.0,2.0745,-1.1542,0.804,2.5064,-0.0904,0,0,0,0.705,0.35,0.65,0,0,0.0,4,SEARCH_PHASE,2.0002,-1.1088,-15.7212,8.3226
1595,44.279,20.4432,-9.2179,3.3271,1.9997,-1.1017,0.7206,3.227,17.743,18.016,36.1244,-17.5185,0.2,0.0,0.0,0.0,2.0775,-1.1456,0.852,2.5208,-0.0603,0,0,0,0.702,0.352,0.648,0,0,0.0,4,SEARCH_PHASE,1.9997,-1.1017,-15.6812,8.3006
1596,44.306,20.4832,-9.2399,3.3424,2.0011,-1.0965,0.7683,3.242,17.697,17.974,36.1244,-17.5185,0.2,0.0,0.0,0.0,2.0733,-1.1499,0.9,2.5359,-0.1036,0,0,0,0.703,0.346,0.654,0,0,0.0,4,SEARCH_PHASE,2.0011,-1.0965,-15.6412,8.2786
1597,44.334,20.5233,-9.2617,3.3588,2.0014,-1.0906,0.8162,3.259,17.651,17.932,36.1244,-17.5185,0.2,0.0,0.0,0.0,2.0765,-1.1408,0.948,2.5519,-0.0573,0,0,0,0.699,0.35,0.65,0,0,0.0,4,SEARCH_PHASE,2.0014,-1.0906,-15.6011,8.2568
1598,44.362,20.5633,-9.2834,3.3761,2.0031,-1.0879,0.8639,3.276,17.606,17.89,36.1244,-17.5185,0.2,0.0,0.0,0.0,2.0734,-1.1433,0.996,2.5687,-0.1005,0,0,0,0.7,0.349,0.651,0,0,0.0,4,SEARCH_PHASE,2.0031,-1.0879,-15.5611,8.2351
1599,44.39,20.6034,-9.3051,3.3943,2.0033,-1.0839,0.9116,3.294,17.56,17.848,36.1244,-17.5185,0.2,0.0,0.0,0.0,2.0771,-1.1333,1.044,2.5862,-0.054,0,0,0,0.695,0.347,0.653,0,0,0.0,4,SEARCH_PHASE,2.0033,-1.0839,-15.521,8.2134
1600,44.418,20.6435,-9.3268,3.4135,2.0045,-1.0828,0.9593,3.313,17.515,17.807,36.1244,-17.5185,0.2,0.0,0.0,0.0,2.075,-1.1338,1.092,2.6045,-0.097,0,0,0,0.695,0.346,0.654,0,0,0.0,4,SEARCH_PHASE,2.0045,-1.0828,-15.4809,8.1917
1601,44.446,20.6836,-9.3484,3.4336,2.0039,-1.0801,1.0068,3.334,17.469,17.766,36.1244,-17.5185,0.2,0.0,0.0,0.0,2.076,-1.1288,1.14,2.6236,-0.0564,0,0,0,0.693,0.345,0.655,0,0,0.0,4,SEARCH_PHASE,2.0039,-1.0801,-15.4409,8.1701
1602,44.474,20.7236,-9.37,3.4547,2.0039,-1.0798,1.0545,3.355,17.424,17.725,36.1244,-17.5185,0.2,0.0,0.0,0.0,2.0717,-1.1334,1.188,2.6434,-0.099,0,0,0,0.695,0.348,0.652,0,0,0.0,4,SEARCH_PHASE,2.0039,-1.0798,-15.4008,8.1485
1603,44.502,20.7637,-9.3915,3.4767,2.0037,-1.078,1.1023,3.377,17.378,17.684,36.1244,-17.5185,0.2,0.0,0.0,0.0,2.0734,-1.127,1.236,2.664,-0.0525,0,0,0,0.691,0.343,0.657,0,0,0.0,4,SEARCH_PHASE,2.0037,-1.078,-15.3607,8.127
1604,44.531,20.8038,-9.4131,3.4997,2.0055,-1.0789,1.1498,3.4,17.333,17.644,36.1244,-17.5185,0.2,0.0,0.0,0.0,2.0698,-1.1302,1.284,2.6852,-0.0953,0,0,0,0.692,0.346,0.654,0,0,0.0,4,SEARCH_PHASE,2.0055,-1.0789,-15.3206,8.1054
1605,44.559,20.844,-9.4347,3.5237,2.0068,-1.0779,1.1975,3.424,17.287,17.604,36.1244,-17.5185,0.2,0.0,0.0,0.0,2.072,-1.123,1.332,2.7071,-0.0483,0,0,0,0.688,0.343,0.657,0,0,0.0,4,SEARCH_PHASE,2.0068,-1.0779,-15.2805,8.0838
1606,44.588,20.8841,-9.4562,3.5486,2.0098,-1.079,1.2449,3.449,17.241,17.564,36.1244,-17.5185,0.2,0.0,0.0,0.0,2.0693,-1.1246,1.38,2.7297,-0.0913,0,0,0,0.688,0.344,0.656,0,0,0.0,4,SEARCH_PHASE,2.0098,-1.079,-15.2403,8.0623
1607,44.616,20.9244,-9.4778,3.5744,2.0118,-1.078,1.2925,3.474,17.196,17.524,36.1244,-17.5185,0.2,0.0,0.0,0.0,2.0715,-1.1172,1.428,2.7529,-0.044,0,0,0,0.683,0.343,0.657,0,0,0.0,4,SEARCH_PHASE,2.0118,-1.078,-15.2,8.0407
1608,44.644,20.9647,-9.4994,3.6012,2.0152,-1.0787,1.34,3.501,17.15,17.484,36.1244,-17.5185,0.2,0.0,0.0,0.0,2.0696,-1.1174,1.476,2.7768,-0.0869,0,0,0,0.683,0.338,0.662,0,0,0.0,4,SEARCH_PHASE,2.0152,-1.0787,-15.1597,8.0191
1609,44.673,21.005,-9.5209,3.629,2.0173,-1.0767,1.3875,3.529,17.104,17.445,36.1244,-17.5185,0.2,0.0,0.0,0.0,2.0715,-1.1107,1.524,2.8013,-0.0429,0,0,0,0.677,0.334,0.666,0,0,0.0,4,SEARCH_PHASE,2.0173,-1.0767,-15.1194,7.9976
1610,44.701,21.0454,-9.5424,3.6577,2.0205,-1.0762,1.435,3.558,17.059,17.405,36.1244,-17.5185,0.2,0.0,0.0,0.0,2.0701,-1.1099,1.476,2.7741,-0.0858,0,0,0,0.676,0.334,0.666,0,0,0.0,4,SEARCH_PHASE,2.0205,-1.0762,-15.079,7.9761
1611,44.733,21.0859,-9.5639,3.6866,2.0208,-1.0729,1.4469,3.587,17.013,17.366,36.1244,-17.5185,0.2,0.0,0.0,0.0,2.0711,-1.1048,1.428,2.7476,-0.0482,0,0,0,0.67,0.328,0.672,0,0,0.0,4,SEARCH_PHASE,2.0208,-1.0729,-15.0385,7.9546
1612,44.763,21.1263,-9.5853,3.7154,2.021,-1.0708,1.4367,3.615,16.967,17.327,36.1244,-17.5185,0.2,0.0,0.0,0.0,2.0704,-1.1026,1.38,2.7216,-0.0852,0,0,0,0.668,0.327,0.673,0,0,0.0,4,SEARCH_PHASE,2.021,-1.0708,-14.9981,7.9332
1613,44.791,21.1667,-9.6066,3.7436,2.0195,-1.067,1.4123,3.644,16.921,17.288,36.1244,-17.5185,0.2,0.0,0.0,0.0,2.0698,-1.1006,1.332,2.6962,-0.0588,0,0,0,0.667,0.328,0.672,0,0,0.0,4,SEARCH_PHASE,2.0195,-1.067,-14.9577,7.9119
1614,44.82,21.207,-9.6279,3.7712,2.018,-1.0643,1.3794,3.671,16.876,17.249,36.1244,-17.5185,0.2,0.0,0.0,0.0,2.0688,-1.0989,1.284,2.6714,-0.0882,0,0,0,0.666,0.328,0.672,0,0,0.0,4,SEARCH_PHASE,2.018,-1.0643,-14.9174,7.8906
1615,44.848,21.2474,-9.6491,3.798,2.017,-1.061,1.341,3.698,16.83,17.21,36.1244,-17.5185,0.2,0.0,0.0,0.0,2.0682,-1.0968,1.236,2.6473,-0.0569,0,0,0,0.663,0.328,0.672,0,0,0.0,4,SEARCH_PHASE,2.017,-1.061,-14.877,7.8694
1616,44.875,21.2877,-9.6703,3.824,2.0162,-1.0589,1.2992,3.724,16.785,17.171,36.1244,-17.5185,0.2,0.0,0.0,0.0,2.067,-1.0958,1.188,2.6238,-0.0884,0,0,0,0.664,0.33,0.67,0,0,0.0,4,SEARCH_PHASE,2.0162,-1.0589,-14.8367,7.8482
1617,44.903,21.328,-9.6915,3.8491,2.0157,-1.0562,1.2554,3.749,16.739,17.132,36.1244,-17.5185,0.2,0.0,0.0,0.0,2.0663,-1.0937,1.14,2.601,-0.0497,0,0,0,0.66,0.325,0.675,0,0,0.0,4,SEARCH_PHASE,2.0157,-1.0562,-14.7964,7.8271
1618,44.93,21.3683,-9.7125,3.8733,2.016,-1.0547,1.2102,3.773,16.694,17.093,36.1244,-17.5185,0.2,0.0,0.0,0.0,2.0651,-1.0927,1.092,2.5789,-0.083,0,0,0,0.66,0.328,0.672,0,0,0.0,4,SEARCH_PHASE,2.016,-1.0547,-14.7561,7.806
1619,44.958,21.4086,-9.7336,3.8966,2.0158,-1.0522,1.1633,3.797,16.648,17.054,36.1244,-17.5185,0.2,0.0,0.0,0.0,2.0638,-1.0918,1.044,2.5576,-0.0627,0,0,0,0.655,0.321,0.679,0,0,0.0,4,SEARCH_PHASE,2.0158,-1.0522,-14.7158,7.7849
1620,44.985,21.449,-9.7546,3.9189,2.0163,-1.0506,1.1169,3.819,16.603,17.014,36.1244,-17.5185,0.2,0.0,0.0,0.0,2.0624,-1.0911,0.996,2.5369,-0.0984,0,0,0,0.655,0.326,0.674,0,0,0.0,4,SEARCH_PHASE,2.0163,-1.0506,-14.6754,7.7639
1621,45.012,21.4893,-9.7756,3.9403,2.016,-1.0487,1.0701,3.84,16.557,16.974,36.1244,-17.5185,0.2,0.0,0.0,0.0,2.061,-1.0904,0.948,2.517,-0.0639,0,0,0,0.651,0.325,0.675,0,0,0.0,4,SEARCH_PHASE,2.016,-1.0487,-14.6351,7.7429
1622,45.04,21.5296,-9.7965,3.9608,2.016,-1.0485,1.023,3.861,16.512,16.935,36.1244,-17.5185,0.2,0.0,0.0,0.0,2.0596,-1.0897,0.9,2.4979,-0.0991,0,0,0,0.651,0.317,0.683,0,0,0.0,4,SEARCH_PHASE,2.016,-1.0485,-14.5948,7.722
1623,45.068,21.5699,-9.8175,3.9803,2.0153,-1.0478,0.9757,3.88,16.466,16.895,36.1244,-17.5185,0.2,0.0,0.0,0.0,2.0582,-1.089,0.852,2.4795,-0.065,0,0,0,0.647,0.313,0.687,0,0,0.0,4,SEARCH_PHASE,2.0153,-1.0478,-14.5545,7.701
1624,45.095,21.6102,-9.8385,3.9989,2.0149,-1.0485,0.9283,3.899,16.421,16.855,36.1244,-17.5185,0.2,0.0,0.0,0.0,2.0568,-1.0883,0.804,2.4619,-0.0997,0,0,0,0.647,0.314,0.686,0,0,0.0,4,SEARCH_PHASE,2.0149,-1.0485,-14.5142,7.68
1625,45.122,21.6505,-9.8594,4.0165,2.0139,-1.0485,0.8808,3.916,16.375,16.814,36.1244,-17.5185,0.2,0.0,0.0,0.0,2.0554,-1.0876,0.756,2.4452,-0.0653,0,0,0,0.643,0.309,0.691,0,0,0.0,4,SEARCH_PHASE,2.0139,-1.0485,-14.4739,7.6591
1626,45.15,21.6908,-9.8804,4.0331,2.0133,-1.0498,0.8333,3.933,16.33,16.774,36.1244,-17.5185,0.2,0.0,0.0,0.0,2.054,-1.0869,0.708,2.4293,-0.0996,0,0,0,0.643,0.312,0.688,0,0,0.0,4,SEARCH_PHASE,2.0133,-1.0498,-14.4336,7.6381
1627,45.177,21.731,-9.9014,4.0488,2.012,-1.0502,0.7857,3.949,16.285,16.733,36.1244,-17.5185,0.2,0.0,0.0,0.0,2.0526,-1.0862,0.66,2.4143,-0.0668,0,0,0,0.64,0.313,0.687,0,0,0.0,4,SEARCH_PHASE,2.012,-1.0502,-14.3934,7.6171
1628,45.204,21.7712,-9.9225,4.0636,2.0111,-1.0517,0.7381,3.964,16.239,16.693,36.1244,-17.5185,0.2,0.0,0.0,0.0,2.0512,-1.0855,0.612,2.4001,-0.1007,0,0,0,0.641,0.314,0.686,0,0,0.0,4,SEARCH_PHASE,2.0111,-1.0517,-14.3532,7.596
1629,45.231,21.8114,-9.9435,4.0774,2.0098,-1.0522,0.6905,3.977,16.194,16.652,36.1244,-17.5185,0.2,0.0,0.0,0.0,2.0498,-1.0848,0.564,2.3868,-0.0658,0,0,0,0.637,0.311,0.689,0,0,0.0,4,SEARCH_PHASE,2.0098,-1.0522,-14.313,7.575
1630,45.258,21.8516,-9.9646,4.0903,2.0091,-1.0536,0.6427,3.99,16.149,16.611,36.1244,-17.5185,0.2,0.0,0.0,0.0,2.0484,-1.0841,0.516,2.3744,-0.099,0,0,0,0.637,0.313,0.687,0,0,0.0,4,SEARCH_PHASE,2.0091,-1.0536,-14.2728,7.5539
1631,45.285,21.8918,-9.9857,4.1022,2.0078,-1.0538,0.5951,4.002,16.103,16.569,36.1244,-17.5185,0.2,0.0,0.0,0.0,2.047,-1.0834,0.468,2.3629,-0.0655,0,0,0,0.634,0.31,0.69,0,0,0.0,4,SEARCH_PHASE,2.0078,-1.0538,-14.2327,7.5328
1632,45.312,21.9319,-10.0068,4.1131,2.0069,-1.0547,0.5475,4.013,16.058,16.528,36.1244,-17.5185,0.2,0.0,0.0,0.0,2.0456,-1.0827,0.42,2.3523,-0.0983,0,0,0,0.635,0.312,0.688,0,0,0.0,4,SEARCH_PHASE,2.0069,-1.0547,-14.1925,7.5117
1633,45.339,21.972,-10.0278,4.1231,2.0056,-1.0542,0.4998,4.023,16.013,16.486,36.1244,-17.5185,0.2,0.0,0.0,0.0,2.0442,-1.082,0.372,2.3427,-0.0746,0,0,0,0.632,0.308,0.692,0,0,0.0,4,SEARCH_PHASE,2.0056,-1.0542,-14.1524,7.4907
1634,45.366,22.0121,-10.0489,4.1322,2.0049,-1.0543,0.4516,3.932,15.967,16.444,36.1244,-17.5185,0.2,0.0,0.0,0.0,2.0429,-1.0813,0.324,2.334,-0.1039,0,0,0,0.633,0.308,0.692,0,0,0.0,4,SEARCH_PHASE,2.0049,-1.0543,-14.1123,7.4696
1635,45.393,22.0522,-10.07,4.1402,2.0034,-1.0535,0.4042,3.94,15.922,16.402,36.1244,-17.5185,0.2,0.0,0.0,0.0,2.0415,-1.0806,0.276,2.3262,-0.0638,0,0,0,0.629,0.307,0.693,0,0,0.0,4,SEARCH_PHASE,2.0034,-1.0535,-14.0722,7.4485
1636,45.42,22.0922,-10.0911,4.1474,2.0024,-1.0539,0.3568,3.947,15.877,16.36,36.1244,-17.5185,0.2,0.0,0.0,0.0,2.0401,-1.0798,0.228,2.3195,-0.092,0,0,0,0.63,0.306,0.694,0,0,0.0,4,SEARCH_PHASE,2.0024,-1.0539,-14.0322,7.4274
1637,45.447,22.1322,-10.1121,4.1535,2.0005,-1.0533,0.3087,3.954,15.831,16.318,36.1244,-17.5185,0.2,0.0,0.0,0.0,2.0387,-1.0791,0.18,2.3137,-0.0593,0,0,0,0.629,0.306,0.694,0,0,0.0,4,SEARCH_PHASE,2.0005,-1.0533,-13.9922,7.4064
1638,45.474,22.1722,-10.1332,4.1588,1.9989,-1.0536,0.2613,3.959,15.786,16.275,36.1244,-17.5185,0.2,0.0,0.0,0.0,2.0373,-1.0784,0.132,2.3089,-0.0888,0,0,0,0.632,0.31,0.69,0,0,0.0,4,SEARCH_PHASE,1.9989,-1.0536,-13.9522,7.3853
1639,45.501,22.2122,-10.1543,4.163,1.9973,-1.0531,0.2133,3.963,15.741,16.232,36.1244,-17.5185,0.2,0.0,0.0,0.0,2.036,-1.0777,0.084,2.3051,-0.0527,0,0,0,0.63,0.307,0.693,0,0,0.0,4,SEARCH_PHASE,1.9973,-1.0531,-13.9123,7.3642
1640,45.528,22.2521,-10.1754,4.1664,1.9968,-1.0535,0.1659,3.966,15.696,16.189,36.1244,-17.5185,0.2,0.0,0.0,0.0,2.0346,-1.077,0.036,2.3023,-0.0847,0,0,0,0.633,0.313,0.687,0,0,0.0,4,SEARCH_PHASE,1.9968,-1.0535,-13.8723,7.3432
1641,45.556,22.292,-10.1964,4.1687,1.9961,-1.0529,0.1184,3.969,15.651,16.146,36.1244,-17.5185,0.2,0.0,0.0,0.0,2.0332,-1.0763,-0.012,2.3005,-0.0475,0,0,0,0.63,0.308,0.692,0,0,0.0,4,SEARCH_PHASE,1.9961,-1.0529,-13.8324,7.3221
1642,45.583,22.3319,-10.2175,4.1701,1.9962,-1.0531,0.0708,3.97,15.606,16.103,36.1244,-17.5185,0.2,0.0,0.0,0.0,2.0318,-1.0755,-0.06,2.2997,-0.08,0,0,0,0.633,0.311,0.689,0,0,0.0,4,SEARCH_PHASE,1.9962,-1.0531,-13.7925,7.301
1643,45.61,22.3719,-10.2385,4.1706,1.996,-1.0519,0.0225,3.971,15.561,16.059,36.1244,-17.5185,0.2,0.0,0.0,0.0,2.0305,-1.0748,-0.108,2.2999,-0.0614,0,0,0,0.63,0.309,0.691,0,0,0.0,4,SEARCH_PHASE,1.996,-1.0519,-13.7526,7.28
1644,45.637,22.4118,-10.2595,4.1701,1.9965,-1.0513,-0.0249,3.97,15.515,16.015,36.1244,-17.5185,0.2,0.0,0.0,0.0,2.0291,-1.0741,-0.156,2.3011,-0.0963,0,0,0,0.632,0.313,0.687,0,0,0.0,4,SEARCH_PHASE,1.9965,-1.0513,-13.7126,7.259
1645,45.664,22.4517,-10.2805,4.1686,1.9962,-1.0501,-0.0723,3.969,15.47,15.971,36.1244,-17.5185,0.2,0.0,0.0,0.0,2.0277,-1.0734,-0.204,2.3033,-0.0612,0,0,0,0.629,0.306,0.694,0,0,0.0,4,SEARCH_PHASE,1.9962,-1.0501,-13.6727,7.238
1646,45.692,22.4916,-10.3015,4.1663,1.9963,-1.0502,-0.1199,3.966,15.425,15.927,36.1244,-17.5185,0.2,0.0,0.0,0.0,2.0263,-1.0727,-0.252,2.3065,-0.0957,0,0,0,0.63,0.31,0.69,0,0,0.0,4,SEARCH_PHASE,1.9963,-1.0502,-13.6328,7.217
1647,45.719,22.5315,-10.3225,4.1629,1.9955,-1.0495,-0.1675,3.963,15.38,15.882,36.1244,-17.5185,0.2,0.0,0.0,0.0,2.0249,-1.072,-0.3,2.3107,-0.0622,0,0,0,0.628,0.308,0.692,0,0,0.0,4,SEARCH_PHASE,1.9955,-1.0495,-13.5929,7.196
1648,45.746,22.5714,-10.3435,4.1586,1.9948,-1.0498,-0.2151,3.959,15.335,15.838,36.1244,-17.5185,0.2,0.0,0.0,0.0,2.0236,-1.0713,-0.348,2.3159,-0.0961,0,0,0,0.629,0.309,0.691,0,0,0.0,4,SEARCH_PHASE,1.9948,-1.0498,-13.553,7.175
1649,45.773,22.6113,-10.3645,4.1533,1.9932,-1.0491,-0.2628,4.013,15.29,15.793,36.1244,-17.5185,0.2,0.0,0.0,0.0,2.0222,-1.0706,-0.396,2.3221,-0.0631,0,0,0,0.627,0.306,0.694,0,0,0.0,4,SEARCH_PHASE,1.9932,-1.0491,-13.5131,7.154
1650,45.801,22.6511,-10.3855,4.1471,1.992,-1.0493,-0.3104,4.007,15.245,15.748,36.1244,-17.5185,0.2,0.0,0.0,0.0,2.0208,-1.0699,-0.444,2.3293,-0.0966,0,0,0,0.629,0.313,0.687,0,0,0.0,4,SEARCH_PHASE,1.992,-1.0493,-13.4733,7.133
1651,45.828,22.6909,-10.4065,4.14,1.99,-1.0484,-0.358,4.0,15.2,15.702,36.1244,-17.5185,0.2,0.0,0.0,0.0,2.0194,-1.0691,-0.492,2.3374,-0.0632,0,0,0,0.627,0.311,0.689,0,0,0.0,4,SEARCH_PHASE,1.99,-1.0484,-13.4335,7.112
1652,45.855,22.7307,-10.4274,4.1319,1.9884,-1.0482,-0.4057,3.992,15.155,15.657,36.1244,-17.5185,0.2,0.0,0.0,0.0,2.0181,-1.0684,-0.54,2.3464,-0.0963,0,0,0,0.629,0.314,0.686,0,0,0.0,4,SEARCH_PHASE,1.9884,-1.0482,-13.3937,7.0911
1653,45.882,22.7704,-10.4484,4.1228,1.986,-1.0468,-0.4534,3.983,15.11,15.611,36.1244,-17.5185,0.2,0.0,0.0,0.0,2.0167,-1.0677,-0.588,2.3565,-0.0723,0,0,0,0.629,0.313,0.687,0,0,0.0,4,SEARCH_PHASE,1.986,-1.0468,-13.354,7.0701
1654,45.909,22.8101,-10.4693,4.1128,1.9841,-1.0458,-0.5017,3.973,15.065,15.565,36.1244,-17.5185,0.2,0.0,0.0,0.0,2.0153,-1.067,-0.636,2.3674,-0.1023,0,0,0,0.632,0.317,0.683,0,0,0.0,4,SEARCH_PHASE,1.9841,-1.0458,-13.3143,7.0492
1655,45.936,22.8497,-10.4902,4.1018,1.9817,-1.0439,-0.549,3.962,15.02,15.519,36.1244,-17.5185,0.2,0.0,0.0,0.0,2.014,-1.0663,-0.684,2.3793,-0.0637,0,0,0,0.631,0.317,0.683,0,0,0.0,4,SEARCH_PHASE,1.9817,-1.0439,-13.2747,7.0283
1656,45.964,22.8893,-10.511,4.0899,1.9802,-1.0431,-0.5965,3.95,14.976,15.473,36.1244,-17.5185,0.2,0.0,0.0,0.0,2.0126,-1.0656,-0.732,2.392,-0.0924,0,0,0,0.635,0.315,0.685,0,0,0.0,4,SEARCH_PHASE,1.9802,-1.0431,-13.2351,7.0075
1657,45.992,22.9289,-10.5318,4.077,1.9781,-1.0413,-0.644,3.937,14.931,15.426,36.1244,-17.5185,0.2,0.0,0.0,0.0,2.0112,-1.0649,-0.78,2.4057,-0.0541,0,0,0,0.635,0.315,0.685,0,0,0.0,4,SEARCH_PHASE,1.9781,-1.0413,-13.1955,6.9867
1658,46.02,22.9684,-10.5527,4.0631,1.9766,-1.0403,-0.6916,3.923,14.886,15.379,36.1244,-17.5185,0.2,0.0,0.0,0.0,2.0099,-1.0642,-0.828,2.4203,-0.083,0,0,0,0.637,0.314,0.686,0,0,0.0,4,SEARCH_PHASE,1.9766,-1.0403,-13.156,6.9658
1659,46.048,23.0079,-10.5734,4.0483,1.9743,-1.0381,-0.7399,3.908,14.842,15.333,36.1244,-17.5185,0.2,0.0,0.0,0.0,2.0085,-1.0635,-0.876,2.4357,-0.0701,0,0,0,0.64,0.315,0.685,0,0,0.0,4,SEARCH_PHASE,1.9743,-1.0381,-13.1165,6.9451
1660,46.076,23.0474,-10.5941,4.0326,1.9725,-1.0365,-0.7877,3.893,14.797,15.285,36.1244,-17.5185,0.2,0.0,0.0,0.0,2.0071,-1.0628,-0.924,2.4519,-0.1042,0,0,0,0.643,0.324,0.676,0,0,0.0,4,SEARCH_PHASE,1.9725,-1.0365,-13.077,6.9244
1661,46.104,23.0868,-10.6148,4.0159,1.9704,-1.0346,-0.8349,3.876,14.753,15.238,36.1244,-17.5185,0.2,0.0,0.0,0.0,2.0058,-1.0621,-0.972,2.469,-0.0695,0,0,0,0.645,0.322,0.678,0,0,0.0,4,SEARCH_PHASE,1.9704,-1.0346,-13.0376,6.9037
1662,46.134,23.1262,-10.6355,3.9982,1.9693,-1.0343,-0.8823,3.858,14.708,15.191,36.1244,-17.5185,0.2,0.0,0.0,0.0,2.0044,-1.0614,-1.02,2.4869,-0.1029,0,0,0,0.649,0.332,0.668,0,0,0.0,4,SEARCH_PHASE,1.9693,-1.0343,-12.9982,6.883
1663,46.162,23.1655,-10.6562,3.9796,1.9679,-1.0335,-0.9298,3.84,14.664,15.143,36.1244,-17.5185,0.2,0.0,0.0,0.0,2.0031,-1.0607,-1.068,2.5056,-0.0682,0,0,0,0.65,0.33,0.67,0,0,0.0,4,SEARCH_PHASE,1.9679,-1.0335,-12.9589,6.8623
1664,46.189,23.2049,-10.6769,3.9601,1.9672,-1.034,-0.9774,3.82,14.619,15.095,36.1244,-17.5185,0.2,0.0,0.0,0.0,2.0017,-1.06,-1.116,2.525,-0.1014,0,0,0,0.653,0.334,0.666,0,0,0.0,4,SEARCH_PHASE,1.9672,-1.034,-12.9195,6.8416
1665,46.219,23.2442,-10.6975,3.9396,1.966,-1.0338,-1.025,3.8,14.575,15.047,36.1244,-17.5185,0.2,0.0,0.0,0.0,2.0003,-1.0593,-1.164,2.5453,-0.0666,0,0,0,0.653,0.337,0.663,0,0,0.0,4,SEARCH_PHASE,1.966,-1.0338,-12.8802,6.821
1666,46.247,23.2835,-10.7182,3.9181,1.9654,-1.0346,-1.0726,3.778,14.53,14.999,36.1244,-17.5185,0.2,0.0,0.0,0.0,1.999,-1.0586,-1.212,2.5662,-0.0996,0,0,0,0.656,0.339,0.661,0,0,0.0,4,SEARCH_PHASE,1.9654,-1.0346,-12.8409,6.8003
1667,46.274,23.3228,-10.7389,3.8957,1.964,-1.0345,-1.1202,3.756,14.486,14.95,36.1244,-17.5185,0.2,0.0,0.0,0.0,1.9976,-1.0579,-1.26,2.5879,-0.0648,0,0,0,0.658,0.34,0.66,0,0,0.0,4,SEARCH_PHASE,1.964,-1.0345,-12.8016,6.7796
1668,46.302,23.362,-10.7596,3.8724,1.963,-1.0351,-1.1678,3.732,14.442,14.901,36.1244,-17.5185,0.2,0.0,0.0,0.0,1.9963,-1.0572,-1.308,2.6103,-0.0974,0,0,0,0.661,0.344,0.656,0,0,0.0,4,SEARCH_PHASE,1.963,-1.0351,-12.7624,6.7589
1669,46.33,23.4013,-10.7803,3.8481,1.961,-1.0346,-1.2155,3.708,14.397,14.852,36.1244,-17.5185,0.2,0.0,0.0,0.0,1.9947,-1.0569,-1.356,2.6334,-0.0681,0,0,0,0.662,0.345,0.655,0,0,0.0,4,SEARCH_PHASE,1.961,-1.0346,-12.7231,6.7382
1670,46.356,23.4404,-10.801,3.8228,1.9592,-1.0346,-1.2634,3.683,14.353,14.803,36.1244,-17.5185,0.2,0.0,0.0,0.0,1.9923,-1.0582,-1.404,2.6571,-0.0993,0,0,0,0.668,0.346,0.654,0,0,0.0,4,SEARCH_PHASE,1.9592,-1.0346,-12.684,6.7175
1671,46.385,23.4796,-10.8217,3.7966,1.9574,-1.0335,-1.3109,3.657,14.309,14.754,36.1244,-17.5185,0.2,0.0,0.0,0.0,1.9903,-1.0587,-1.452,2.6815,-0.0719,0,0,0,0.669,0.346,0.654,0,0,0.0,4,SEARCH_PHASE,1.9574,-1.0335,-12.6448,6.6968
1672,46.413,23.5187,-10.8423,3.7694,1.9567,-1.033,-1.3584,3.629,14.264,14.704,36.1244,-17.5185,0.2,0.0,0.0,0.0,1.987,-1.0616,-1.5,2.7065,-0.103,0,0,0,0.674,0.35,0.65,0,0,0.0,4,SEARCH_PHASE,1.9567,-1.033,-12.6057,6.6762
1673,46.441,23.5578,-10.863,3.7413,1.9555,-1.0317,-1.4058,3.601,14.22,14.655,36.1244,-17.5185,0.2,0.0,0.0,0.0,1.9849,-1.0624,-1.5,2.7053,-0.0669,0,0,0,0.674,0.352,0.648,0,0,0.0,4,SEARCH_PHASE,1.9555,-1.0317,-12.5666,6.6555
1674,46.469,23.597,-10.8836,3.7126,1.9557,-1.0316,-1.4356,3.573,14.176,14.605,36.1244,-17.5185,0.2,0.0,0.0,0.0,1.9809,-1.0666,-1.452,2.6777,-0.1001,0,0,0,0.679,0.357,0.643,0,0,0.0,4,SEARCH_PHASE,1.9557,-1.0316,-12.5275,6.6349
1675,46.497,23.6361,-10.9042,3.6839,1.9563,-1.0307,-1.4366,3.544,14.132,14.555,36.1244,-17.5185,0.2,0.0,0.0,0.0,1.9796,-1.0659,-1.404,2.6507,-0.0639,0,0,0,0.679,0.356,0.644,0,0,0.0,4,SEARCH_PHASE,1.9563,-1.0307,-12.4883,6.6143
1676,46.524,23.6752,-10.9249,3.6555,1.9584,-1.0312,-1.4194,3.515,14.088,14.505,36.1244,-17.5185,0.2,0.0,0.0,0.0,1.976,-1.0694,-1.356,2.6242,-0.102,0,0,0,0.683,0.357,0.643,0,0,0.0,4,SEARCH_PHASE,1.9584,-1.0312,-12.4492,6.5937
1677,46.551,23.7144,-10.9455,3.6277,1.9597,-1.0301,-1.3909,3.488,14.043,14.455,36.1244,-17.5185,0.2,0.0,0.0,0.0,1.9754,-1.0672,-1.308,2.5985,-0.0575,0,0,0,0.682,0.357,0.643,0,0,0.0,4,SEARCH_PHASE,1.9597,-1.0301,-12.41,6.573
1678,46.578,23.7537,-10.9661,3.6006,1.9619,-1.0307,-1.3553,3.461,13.999,14.406,36.1244,-17.5185,0.2,0.0,0.0,0.0,1.972,-1.0704,-1.26,2.5733,-0.0972,0,0,0,0.686,0.358,0.642,0,0,0.0,4,SEARCH_PHASE,1.9619,-1.0307,-12.3707,6.5524
1679,46.605,23.7929,-10.9866,3.5742,1.9625,-1.0291,-1.3152,3.434,13.955,14.357,36.1244,-17.5185,0.2,0.0,0.0,0.0,1.9725,-1.0662,-1.212,2.5488,-0.0585,0,0,0,0.684,0.359,0.641,0,0,0.0,4,SEARCH_PHASE,1.9625,-1.0291,-12.3315,6.5319
1680,46.632,23.8322,-11.0072,3.5488,1.9637,-1.0288,-1.2723,3.409,13.91,14.308,36.1244,-17.5185,0.2,0.0,0.0,0.0,1.9698,-1.068,-1.164,2.525,-0.0986,0,0,0,0.687,0.364,0.636,0,0,0.0,4,SEARCH_PHASE,1.9637,-1.0288,-12.2922,6.5113
1681,46.658,23.8715,-11.0278,3.5243,1.9626,-1.0265,-1.2276,3.384,13.866,14.259,36.1244,-17.5185,0.2,0.0,0.0,0.0,1.9719,-1.0609,-1.116,2.5018,-0.0527,0,0,0,0.685,0.358,0.642,0,0,0.0,4,SEARCH_PHASE,1.9626,-1.0265,-12.253,6.4907
1682,46.685,23.9107,-11.0483,3.5006,1.9617,-1.0259,-1.1818,3.361,13.822,14.21,36.1244,-17.5185,0.2,0.0,0.0,0.0,1.9698,-1.0616,-1.068,2.4794,-0.0928,0,0,0,0.687,0.364,0.636,0,0,0.0,4,SEARCH_PHASE,1.9617,-1.0259,-12.2137,6.4702
1683,46.712,23.9499,-11.0687,3.4779,1.9582,-1.0229,-1.1354,3.338,13.777,14.162,36.1244,-17.5185,0.2,0.0,0.0,0.0,1.968,-1.0616,-1.02,2.4578,-0.0568,0,0,0,0.689,0.365,0.635,0,0,0.0,4,SEARCH_PHASE,1.9582,-1.0229,-12.1746,6.4498
1684,46.738,23.9889,-11.0892,3.4561,1.9545,-1.0212,-1.0887,3.316,13.733,14.114,36.1244,-17.5185,0.2,0.0,0.0,0.0,1.9659,-1.0624,-0.972,2.4368,-0.0908,0,0,0,0.691,0.366,0.634,0,0,0.0,4,SEARCH_PHASE,1.9545,-1.0212,-12.1355,6.4293
1685,46.765,24.028,-11.1095,3.4353,1.9514,-1.0176,-1.0416,3.295,13.689,14.066,36.1244,-17.5185,0.2,0.0,0.0,0.0,1.9642,-1.0623,-0.924,2.4167,-0.0612,0,0,0,0.694,0.367,0.633,0,0,0.0,4,SEARCH_PHASE,1.9514,-1.0176,-12.0964,6.409
1686,46.791,24.0669,-11.1298,3.4154,1.948,-1.0154,-0.9944,3.275,13.645,14.019,36.1244,-17.5185,0.2,0.0,0.0,0.0,1.9622,-1.0629,-0.876,2.3973,-0.0946,0,0,0,0.695,0.372,0.628,0,0,0.0,4,SEARCH_PHASE,1.948,-1.0154,-12.0575,6.3887
1687,46.817,24.1058,-11.1501,3.3965,1.9452,-1.012,-0.9469,3.256,13.602,13.972,36.1244,-17.5185,0.2,0.0,0.0,0.0,1.9598,-1.0641,-0.828,2.3788,-0.0618,0,0,0,0.699,0.372,0.628,0,0,0.0,4,SEARCH_PHASE,1.9452,-1.012,-12.0186,6.3684
1688,46.843,24.1447,-11.1703,3.3785,1.9419,-1.0106,-0.8992,3.238,13.558,13.925,36.1244,-17.5185,0.2,0.0,0.0,0.0,1.9616,-1.0576,-0.78,2.3611,-0.0883,0,0,0,0.697,0.376,0.624,0,0,0.0,4,SEARCH_PHASE,1.9419,-1.0106,-11.9797,6.3482
1689,46.871,24.1835,-11.1904,3.3615,1.9399,-1.0083,-0.8516,3.221,13.514,13.879,36.1244,-17.5185,0.2,0.0,0.0,0.0,1.9596,-1.0581,-0.732,2.3443,-0.0618,0,0,0,0.699,0.373,0.627,0,0,0.0,4,SEARCH_PHASE,1.9399,-1.0083,-11.9409,6.3281
1690,46.899,24.2222,-11.2106,3.3454,1.9349,-1.0076,-0.8041,3.205,13.47,13.833,36.1244,-17.5185,0.2,0.0,0.0,0.0,1.9582,-1.0575,-0.684,2.3283,-0.0937,0,0,0,0.7,0.375,0.625,0,0,0.0,4,SEARCH_PHASE,1.9349,-1.0076,-11.9022,6.3079
1691,46.928,24.2608,-11.2307,3.3302,1.9307,-1.0061,-0.7564,3.19,13.427,13.787,36.1244,-17.5185,0.2,0.0,0.0,0.0,1.9539,-1.0624,-0.636,2.3132,-0.0679,0,0,0,0.706,0.375,0.625,0,0,0.0,4,SEARCH_PHASE,1.9307,-1.0061,-11.8636,6.2878
1692,46.956,24.2993,-11.2508,3.3161,1.9258,-1.0069,-0.7087,3.176,13.383,13.741,36.1244,-17.5185,0.2,0.0,0.0,0.0,1.9526,-1.0616,-0.588,2.299,-0.0939,0,0,0,0.706,0.381,0.619,0,0,0.0,4,SEARCH_PHASE,1.9258,-1.0069,-11.8251,6.2677
1693,46.984,24.3378,-11.271,3.3029,1.924,-1.0078,-0.661,3.163,13.34,13.696,36.1244,-17.5185,0.2,0.0,0.0,0.0,1.9485,-1.0661,-0.54,2.2858,-0.0681,0,0,0,0.711,0.381,0.619,0,0,0.0,4,SEARCH_PHASE,1.924,-1.0078,-11.7866,6.2475
1694,47.013,24.3762,-11.2912,3.2906,1.9208,-1.0111,-0.6133,3.151,13.297,13.651,36.1244,-17.5185,0.2,0.0,0.0,0.0,1.9494,-1.0613,-0.492,2.2734,-0.0942,0,0,0,0.71,0.388,0.612,0,0,0.0,4,SEARCH_PHASE,1.9208,-1.0111,-11.7482,6.2273
1695,47.041,24.4146,-11.3115,3.2793,1.9202,-1.0146,-0.5657,3.139,13.253,13.606,36.1244,-17.5185,0.2,0.0,0.0,0.0,1.9441,-1.0679,-0.444,2.2621,-0.0685,0,0,0,0.714,0.391,0.609,0,0,0.0,4,SEARCH_PHASE,1.9202,-1.0146,-11.7098,6.207
1696,47.07,24.453,-11.3319,3.2689,1.9177,-1.0208,-0.5183,3.129,13.21,13.562,36.1244,-17.5185,0.2,0.0,0.0,0.0,1.9457,-1.0618,-0.396,2.2517,-0.0679,0,0,0,0.713,0.395,0.605,0,0,0.0,4,SEARCH_PHASE,1.9177,-1.0208,-11.6715,6.1866
1697,47.098,24.4913,-11.3525,3.2595,1.9173,-1.0274,-0.4708,3.119,13.166,13.517,36.1244,-17.5185,0.2,0.0,0.0,0.0,1.935,-1.0782,-0.348,2.2423,-0.0519,0,0,0,0.717,0.394,0.606,0,0,0.0,4,SEARCH_PHASE,1.9173,-1.0274,-11.6331,6.166
1698,47.126,24.5296,-11.3732,3.251,1.9155,-1.034,-0.4231,3.111,13.123,13.473,36.1244,-17.5185,0.2,0.0,0.0,0.0,1.9366,-1.0722,-0.3,2.2338,-0.076,0,0,0,0.717,0.393,0.607,0,0,0.0,4,SEARCH_PHASE,1.9155,-1.034,-11.5948,6.1453
1699,47.155,24.5679,-11.3939,3.2435,1.9167,-1.0382,-0.3758,3.104,13.079,13.429,36.1244,-17.5185,0.2,0.0,0.0,0.0,1.9312,-1.0789,-0.252,2.2264,-0.0685,0,0,0,0.72,0.397,0.603,0,0,0.0,4,SEARCH_PHASE,1.9167,-1.0382,-11.5565,6.1246
1700,47.181,24.6063,-11.4148,3.237,1.917,-1.0424,-0.3281,3.097,13.035,13.385,36.1244,-17.5185,0.2,0.0,0.0,0.0,1.9342,-1.0704,-0.204,2.22,-0.097,0,0,0,0.718,0.398,0.602,0,0,0.0,4,SEARCH_PHASE,1.917,-1.0424,-11.5181,6.1037
1701,47.207,24.6447,-11.4357,3.2313,1.9193,-1.046,-0.2804,3.091,12.992,13.341,36.1244,-17.5185,0.2,0.0,0.0,0.0,1.9285,-1.0774,-0.156,2.2146,-0.0705,0,0,0,0.721,0.401,0.599,0,0,0.0,4,SEARCH_PHASE,1.9193,-1.046,-11.4797,6.0828
1702,47.233,24.6831,-11.4567,3.2267,1.9194,-1.0516,-0.2329,3.087,12.948,13.297,36.1244,-17.5185,0.2,0.0,0.0,0.0,1.9313,-1.0694,-0.108,2.2102,-0.0878,0,0,0,0.718,0.401,0.599,0,0,0.0,4,SEARCH_PHASE,1.9194,-1.0516,-11.4414,6.0618
1703,47.259,24.7215,-11.4779,3.223,1.921,-1.057,-0.1853,3.083,12.904,13.253,36.1244,-17.5185,0.2,0.0,0.0,0.0,1.9275,-1.0731,-0.06,2.2069,-0.0616,0,0,0,0.72,0.403,0.597,0,0,0.0,4,SEARCH_PHASE,1.921,-1.057,-11.4029,6.0406
1704,47.285,24.7599,-11.4991,3.2202,1.9203,-1.0633,-0.1377,3.08,12.86,13.21,36.1244,-17.5185,0.2,0.0,0.0,0.0,1.9308,-1.0641,-0.012,2.2046,-0.0903,0,0,0,0.714,0.405,0.595,0,0,0.0,4,SEARCH_PHASE,1.9203,-1.0633,-11.3645,6.0194
1705,47.311,24.7983,-11.5205,3.2184,1.9211,-1.0683,-0.0901,3.078,12.816,13.167,36.1244,-17.5185,0.2,0.0,0.0,0.0,1.9279,-1.0662,0.036,2.2034,-0.0641,0,0,0,0.715,0.402,0.598,0,0,0.0,4,SEARCH_PHASE,1.9211,-1.0683,-11.3261,5.998
1706,47.336,24.8367,-11.542,3.2176,1.919,-1.0746,-0.0426,3.078,12.772,13.124,36.1244,-17.5185,0.2,0.0,0.0,0.0,1.9304,-1.0584,0.084,2.2031,-0.0758,0,0,0,0.706,0.402,0.598,0,0,0.0,4,SEARCH_PHASE,1.919,-1.0746,-11.2877,5.9765
1707,47.362,24.875,-11.5636,3.2177,1.9179,-1.0797,0.0051,3.078,12.728,13.081,36.1244,-17.5185,0.2,0.0,0.0,0.0,1.9263,-1.0628,0.132,2.204,-0.0499,0,0,0,0.706,0.395,0.605,0,0,0.0,4,SEARCH_PHASE,1.9179,-1.0797,-11.2494,5.9549
1708,47.387,24.9133,-11.5853,3.2187,1.9139,-1.0845,0.0529,3.079,12.684,13.039,36.1244,-17.5185,0.2,0.0,0.0,0.0,1.9271,-1.0582,0.18,2.2059,-0.0789,0,0,0,0.701,0.397,0.603,0,0,0.0,4,SEARCH_PHASE,1.9139,-1.0845,-11.2111,5.9332
1709,47.412,24.9515,-11.607,3.2207,1.9111,-1.0866,0.1007,3.081,12.64,12.996,36.1244,-17.5185,0.2,0.0,0.0,0.0,1.9268,-1.0557,0.228,2.2088,-0.0532,0,0,0,0.701,0.389,0.611,0,0,0.0,4,SEARCH_PHASE,1.9111,-1.0866,-11.1729,5.9115
1710,47.436,24.9896,-11.6288,3.2237,1.905,-1.0886,0.1483,3.084,12.597,12.954,36.1244,-17.5185,0.2,0.0,0.0,0.0,1.9232,-1.0591,0.276,2.2128,-0.0892,0,0,0,0.701,0.395,0.605,0,0,0.0,4,SEARCH_PHASE,1.905,-1.0886,-11.1348,5.8897
1711,47.462,25.0276,-11.6505,3.2276,1.8996,-1.0881,0.196,3.088,12.553,12.913,36.1244,-17.5185,0.2,0.0,0.0,0.0,1.9235,-1.0554,0.324,2.2178,-0.0529,0,0,0,0.7,0.39,0.61,0,0,0.0,4,SEARCH_PHASE,1.8996,-1.0881,-11.0968,5.868
1712,47.487,25.0655,-11.6723,3.2325,1.8943,-1.0885,0.2439,3.093,12.509,12.871,36.1244,-17.5185,0.2,0.0,0.0,0.0,1.9156,-1.0665,0.372,2.2238,-0.0943,0,0,0,0.704,0.399,0.601,0,0,0.0,4,SEARCH_PHASE,1.8943,-1.0885,-11.0589,5.8462
1713,47.511,25.1033,-11.694,3.2383,1.8892,-1.0861,0.2918,3.098,12.466,12.83,36.1244,-17.5185,0.2,0.0,0.0,0.0,1.9171,-1.0607,0.42,2.2309,-0.05,0,0,0,0.702,0.39,0.61,0,0,0.0,4,SEARCH_PHASE,1.8892,-1.0861,-11.0211,5.8245
1714,47.536,25.141,-11.7157,3.2451,1.8867,-1.0851,0.3396,3.105,12.422,12.79,36.1244,-17.5185,0.2,0.0,0.0,0.0,1.9097,-1.0709,0.468,2.239,-0.0916,0,0,0,0.704,0.402,0.598,0,0,0.0,4,SEARCH_PHASE,1.8867,-1.0851,-10.9834,5.8028
1715,47.561,25.1787,-11.7373,3.2529,1.884,-1.0809,0.3872,3.113,12.379,12.75,36.1244,-17.5185,0.2,0.0,0.0,0.0,1.9122,-1.0633,0.516,2.248,-0.0577,0,0,0,0.702,0.396,0.604,0,0,0.0,4,SEARCH_PHASE,1.884,-1.0809,-10.9457,5.7812
1716,47.585,25.2164,-11.7589,3.2616,1.8834,-1.0776,0.435,3.122,12.335,12.709,36.1244,-17.5185,0.2,0.0,0.0,0.0,1.9051,-1.073,0.564,2.2581,-0.0994,0,0,0,0.704,0.402,0.598,0,0,0.0,4,SEARCH_PHASE,1.8834,-1.0776,-10.908,5.7596
1717,47.61,25.254,-11.7803,3.2712,1.8821,-1.0719,0.4827,3.131,12.292,12.67,36.1244,-17.5185,0.2,0.0,0.0,0.0,1.9087,-1.0636,0.612,2.2691,-0.0545,0,0,0,0.701,0.399,0.601,0,0,0.0,4,SEARCH_PHASE,1.8821,-1.0719,-10.8704,5.7382
1718,47.634,25.2917,-11.8017,3.2818,1.8824,-1.0678,0.5303,3.142,12.249,12.63,36.1244,-17.5185,0.2,0.0,0.0,0.0,1.9023,-1.072,0.66,2.2811,-0.0962,0,0,0,0.702,0.405,0.595,0,0,0.0,4,SEARCH_PHASE,1.8824,-1.0678,-10.8327,5.7168
1719,47.658,25.3293,-11.8229,3.2934,1.8816,-1.0609,0.5778,3.153,12.205,12.591,36.1244,-17.5185,0.2,0.0,0.0,0.0,1.9034,-1.0671,0.708,2.294,-0.0707,0,0,0,0.698,0.398,0.602,0,0,0.0,4,SEARCH_PHASE,1.8816,-1.0609,-10.7951,5.6956
1720,47.682,25.367,-11.844,3.3059,1.8821,-1.0552,0.6254,3.166,12.162,12.553,36.1244,-17.5185,0.2,0.0,0.0,0.0,1.896,-1.0772,0.756,2.3079,-0.1124,0,0,0,0.698,0.399,0.601,0,0,0.0,4,SEARCH_PHASE,1.8821,-1.0552,-10.7575,5.6745
1721,47.706,25.4046,-11.865,3.3194,1.8808,-1.0484,0.6731,3.179,12.119,12.514,36.1244,-17.5185,0.2,0.0,0.0,0.0,1.8952,-1.0754,0.804,2.3227,-0.0672,0,0,0,0.709,0.391,0.609,0,0,0.0,4,SEARCH_PHASE,1.8808,-1.0484,-10.7198,5.6535
1722,47.73,25.4422,-11.8859,3.3338,1.88,-1.0443,0.7208,3.194,12.076,12.476,36.1244,-17.5185,0.2,0.0,0.0,0.0,1.8888,-1.0837,0.852,2.3384,-0.1085,0,0,0,0.711,0.394,0.606,0,0,0.0,4,SEARCH_PHASE,1.88,-1.0443,-10.6822,5.6326
1723,47.755,25.4797,-11.9066,3.3492,1.877,-1.0388,0.7685,3.209,12.033,12.439,36.1244,-17.5185,0.2,0.0,0.0,0.0,1.8871,-1.0837,0.9,2.3549,-0.0644,0,0,0,0.715,0.386,0.614,0,0,0.0,4,SEARCH_PHASE,1.877,-1.0388,-10.6447,5.6119
1724,47.779,25.5172,-11.9274,3.3655,1.8743,-1.0357,0.8161,3.225,11.991,12.401,36.1244,-17.5185,0.2,0.0,0.0,0.0,1.8804,-1.0923,0.948,2.3723,-0.1054,0,0,0,0.71,0.387,0.613,0,0,0.0,4,SEARCH_PHASE,1.8743,-1.0357,-10.6072,5.5911
1725,47.804,25.5546,-11.948,3.3827,1.8694,-1.0308,0.8637,3.243,11.948,12.365,36.1244,-17.5185,0.2,0.0,0.0,0.0,1.8746,-1.0994,0.996,2.3906,-0.0656,0,0,0,0.714,0.381,0.619,0,0,0.0,4,SEARCH_PHASE,1.8694,-1.0308,-10.5698,5.5705
1726,47.829,25.5919,-11.9685,3.401,1.8647,-1.028,0.9114,3.261,11.905,12.328,36.1244,-17.5185,0.2,0.0,0.0,0.0,1.8669,-1.1097,1.044,2.4096,-0.1062,0,0,0,0.712,0.389,0.611,0,0,0.0,4,SEARCH_PHASE,1.8647,-1.028,-10.5325,5.55
1727,47.853,25.6291,-11.989,3.4202,1.8594,-1.0235,0.959,3.28,11.863,12.292,36.1244,-17.5185,0.2,0.0,0.0,0.0,1.8629,-1.1135,1.092,2.4295,-0.0859,0,0,0,0.712,0.378,0.622,0,0,0.0,4,SEARCH_PHASE,1.8594,-1.0235,-10.4953,5.5295
1728,47.878,25.6662,-12.0094,3.4403,1.8559,-1.0213,1.0061,3.3,11.821,12.257,36.1244,-17.5185,0.2,0.0,0.0,0.0,1.8553,-1.1233,1.14,2.4502,-0.1238,0,0,0,0.713,0.39,0.61,0,0,0.0,4,SEARCH_PHASE,1.8559,-1.0213,-10.4582,5.5091
1729,47.902,25.7032,-12.0298,3.4614,1.8509,-1.0196,1.0543,3.321,11.778,12.221,36.1244,-17.5185,0.2,0.0,0.0,0.0,1.8533,-1.1238,1.188,2.4716,-0.0737,0,0,0,0.717,0.38,0.62,0,0,0.0,4,SEARCH_PHASE,1.8509,-1.0196,-10.4212,5.4887
1730,47.929,25.7401,-12.0503,3.4834,1.847,-1.0225,1.1022,3.343,11.736,12.187,36.1244,-17.5185,0.2,0.0,0.0,0.0,1.8496,-1.127,1.236,2.4938,-0.1063,0,0,0,0.714,0.382,0.618,0,0,0.0,4,SEARCH_PHASE,1.847,-1.0225,-10.3843,5.4682
1731,47.955,25.777,-12.0708,3.5064,1.8414,-1.0256,1.1502,3.366,11.694,12.152,36.1244,-17.5185,0.2,0.0,0.0,0.0,1.8452,-1.1315,1.284,2.5167,-0.0554,0,0,0,0.716,0.379,0.621,0,0,0.0,4,SEARCH_PHASE,1.8414,-1.0256,-10.3474,5.4477
1732,47.981,25.8137,-12.0914,3.5304,1.8365,-1.0324,1.1978,3.39,11.652,12.118,36.1244,-17.5185,0.2,0.0,0.0,0.0,1.8395,-1.1379,1.332,2.5403,-0.0926,0,0,0,0.716,0.379,0.621,0,0,0.0,4,SEARCH_PHASE,1.8365,-1.0324,-10.3107,5.4271
1733,48.007,25.8503,-12.1122,3.5553,1.8296,-1.0386,1.2456,3.415,11.61,12.085,36.1244,-17.5185,0.2,0.0,0.0,0.0,1.8332,-1.1453,1.38,2.5645,-0.0551,0,0,0,0.727,0.375,0.625,0,0,0.0,4,SEARCH_PHASE,1.8296,-1.0386,-10.2741,5.4063
1734,48.032,25.8868,-12.1332,3.5811,1.823,-1.048,1.2928,3.441,11.568,12.052,36.1244,-17.5185,0.2,0.0,0.0,0.0,1.8286,-1.1499,1.428,2.5895,-0.0931,0,0,0,0.729,0.371,0.629,0,0,0.0,4,SEARCH_PHASE,1.823,-1.048,-10.2377,5.3853
1735,48.056,25.923,-12.1543,3.6079,1.8144,-1.0568,1.3403,3.468,11.526,12.019,36.1244,-17.5185,0.2,0.0,0.0,0.0,1.8176,-1.1646,1.476,2.6151,-0.0546,0,0,0,0.731,0.367,0.633,0,0,0.0,4,SEARCH_PHASE,1.8144,-1.0568,-10.2014,5.3642
1736,48.081,25.9592,-12.1757,3.6357,1.8066,-1.068,1.3879,3.496,11.484,11.987,36.1244,-17.5185,0.2,0.0,0.0,0.0,1.7901,-1.204,1.524,2.6414,-0.1001,0,0,0,0.734,0.373,0.627,0,0,0.0,4,SEARCH_PHASE,1.8066,-1.068,-10.1652,5.3428
1737,48.105,25.9951,-12.1972,3.6644,1.7978,-1.0776,1.4359,3.524,11.442,11.955,36.1244,-17.5185,0.2,0.0,0.0,0.0,1.7866,-1.2065,1.572,2.6681,-0.0588,0,0,0,0.729,0.373,0.627,0,0,0.0,4,SEARCH_PHASE,1.7978,-1.0776,-10.1293,5.3213
1738,48.128,26.0309,-12.219,3.6941,1.7904,-1.0896,1.4835,3.554,11.4,11.924,36.1244,-17.5185,0.2,0.0,0.0,0.0,1.7946,-1.192,1.62,2.6955,-0.1037,0,0,0,0.722,0.376,0.624,0,0,0.0,4,SEARCH_PHASE,1.7904,-1.0896,-10.0935,5.2995
1739,48.151,26.0666,-12.241,3.7247,1.7816,-1.0995,1.5309,3.585,11.358,11.893,36.1244,-17.5185,0.2,0.0,0.0,0.0,1.7979,-1.1844,1.668,2.7235,-0.0629,0,0,0,0.725,0.363,0.637,0,0,0.0,4,SEARCH_PHASE,1.7816,-1.0995,-10.0578,5.2775
1740,48.174,26.1021,-12.2632,3.7563,1.774,-1.1113,1.5774,3.616,11.317,11.862,36.1244,-17.5185,0.2,0.0,0.0,0.0,1.7852,-1.2008,1.7,2.7421,-0.104,0,0,0,0.727,0.367,0.633,0,0,0.0,4,SEARCH_PHASE,1.774,-1.1113,-10.0224,5.2553
1741,48.198,26.1373,-12.2856,3.7886,1.7648,-1.1205,1.6192,3.649,11.275,11.832,36.1244,-17.5185,0.2,0.0,0.0,0.0,1.7884,-1.1935,1.7,2.741,-0.06,0,0,0,0.733,0.347,0.653,0,0,0.0,4,SEARCH_PHASE,1.7648,-1.1205,-9.9871,5.2329
1742,48.222,26.1725,-12.3082,3.8215,1.7566,-1.1305,1.6452,3.682,11.233,11.803,36.1244,-17.5185,0.2,0.0,0.0,0.0,1.7845,-1.1968,1.7,2.7398,-0.0965,0,0,0,0.735,0.348,0.652,0,0,0.0,4,SEARCH_PHASE,1.7566,-1.1305,-9.9519,5.2103
1743,48.246,26.2074,-12.331,3.8548,1.7476,-1.1378,1.6614,3.715,11.192,11.773,36.1244,-17.5185,0.2,0.0,0.0,0.0,1.7916,-1.1836,1.652,2.7092,-0.0576,0,0,0,0.729,0.342,0.658,0,0,0.0,4,SEARCH_PHASE,1.7476,-1.1378,-9.917,5.1875
1744,48.27,26.2422,-12.3539,3.8878,1.7398,-1.145,1.6538,3.748,11.15,11.744,36.1244,-17.5185,0.2,0.0,0.0,0.0,1.7889,-1.1851,1.604,2.679,-0.0911,0,0,0,0.729,0.345,0.655,0,0,0.0,4,SEARCH_PHASE,1.7398,-1.145,-9.8822,5.1646
1745,48.294,26.2769,-12.3769,3.9205,1.7324,-1.1499,1.6314,3.78,11.109,11.715,36.1244,-17.5185,0.2,0.0,0.0,0.0,1.788,-1.1837,1.556,2.6494,-0.0506,0,0,0,0.72,0.337,0.663,0,0,0.0,4,SEARCH_PHASE,1.7324,-1.1499,-9.8475,5.1416
1746,48.318,26.3114,-12.4,3.9525,1.7267,-1.1552,1.5996,3.812,11.068,11.687,36.1244,-17.5185,0.2,0.0,0.0,0.0,1.7884,-1.1807,1.508,2.6204,-0.082,0,0,0,0.719,0.343,0.657,0,0,0.0,4,SEARCH_PHASE,1.7267,-1.1552,-9.813,5.1185
1747,48.342,26.3458,-12.4232,3.9837,1.7211,-1.1586,1.5612,3.844,11.026,11.658,36.1244,-17.5185,0.2,0.0,0.0,0.0,1.7918,-1.1729,1.46,2.5919,-0.0491,0,0,0,0.727,0.342,0.658,0,0,0.0,4,SEARCH_PHASE,1.7211,-1.1586,-9.7786,5.0953
1748,48.366,26.3802,-12.4464,4.0141,1.7168,-1.1625,1.5202,3.874,10.985,11.629,36.1244,-17.5185,0.2,0.0,0.0,0.0,1.7876,-1.1767,1.412,2.564,-0.0824,0,0,0,0.721,0.347,0.653,0,0,0.0,4,SEARCH_PHASE,1.7168,-1.1625,-9.7442,5.0721
1749,48.39,26.4144,-12.4697,4.0436,1.7131,-1.1647,1.4768,3.904,10.944,11.599,36.1244,-17.5185,0.2,0.0,0.0,0.0,1.793,-1.1658,1.364,2.5366,-0.0457,0,0,0,0.729,0.34,0.66,0,0,0.0,4,SEARCH_PHASE,1.7131,-1.1647,-9.71,5.0488
1750,48.414,26.4487,-12.4931,4.0723,1.711,-1.1675,1.4319,3.932,10.903,11.57,36.1244,-17.5185,0.2,0.0,0.0,0.0,1.7922,-1.1645,1.316,2.51,-0.0787,0,0,0,0.73,0.336,0.664,0,0,0.0,4,SEARCH_PHASE,1.711,-1.1675,-9.6758,5.0254
1751,48.438,26.4828,-12.5164,4.1,1.7093,-1.1685,1.3861,3.96,10.862,11.541,36.1244,-17.5185,0.2,0.0,0.0,0.0,1.7976,-1.1534,1.268,2.4839,-0.0418,0,0,0,0.735,0.331,0.669,0,0,0.0,4,SEARCH_PHASE,1.7093,-1.1685,-9.6416,5.0021
1752,48.462,26.517,-12.5398,4.1268,1.709,-1.1697,1.3397,3.987,10.821,11.511,36.1244,-17.5185,0.2,0.0,0.0,0.0,1.7976,-1.1509,1.22,2.4585,-0.0748,0,0,0,0.736,0.335,0.665,0,0,0.0,4,SEARCH_PHASE,1.709,-1.1697,-9.6074,4.9787
1753,48.486,26.5512,-12.5632,4.1526,1.7088,-1.169,1.2928,4.013,10.78,11.481,36.1244,-17.5185,0.2,0.0,0.0,0.0,1.8134,-1.1232,1.172,2.4338,-0.0402,0,0,0,0.734,0.331,0.669,0,0,0.0,4,SEARCH_PHASE,1.7088,-1.169,-9.5732,4.9553
1754,48.51,26.5854,-12.5866,4.1776,1.7099,-1.1682,1.2459,4.038,10.739,11.452,36.1244,-17.5185,0.2,0.0,0.0,0.0,1.8104,-1.1253,1.124,2.4098,-0.0731,0,0,0,0.735,0.329,0.671,0,0,0.0,4,SEARCH_PHASE,1.7099,-1.1682,-9.539,4.9319
1755,48.534,26.6196,-12.6099,4.2015,1.7114,-1.1655,1.1986,4.062,10.697,11.421,36.1244,-17.5185,0.2,0.0,0.0,0.0,1.8202,-1.1067,1.076,2.3866,-0.0367,0,0,0,0.73,0.331,0.669,0,0,0.0,4,SEARCH_PHASE,1.7114,-1.1655,-9.5048,4.9086
1756,48.558,26.6539,-12.6331,4.2246,1.7145,-1.1627,1.1515,4.085,10.656,11.391,36.1244,-17.5185,0.2,0.0,0.0,0.0,1.8178,-1.1079,1.028,2.364,-0.0704,0,0,0,0.731,0.325,0.675,0,0,0.0,4,SEARCH_PHASE,1.7145,-1.1627,-9.4705,4.8854
1757,48.582,26.6883,-12.6563,4.2466,1.7178,-1.1576,1.1041,4.107,10.615,11.36,36.1244,-17.5185,0.2,0.0,0.0,0.0,1.8212,-1.0996,0.98,2.3423,-0.0393,0,0,0,0.736,0.322,0.678,0,0,0.0,4,SEARCH_PHASE,1.7178,-1.1576,-9.4361,4.8622
1758,48.605,26.7227,-12.6793,4.2678,1.7224,-1.1522,1.0567,4.128,10.574,11.329,36.1244,-17.5185,0.2,0.0,0.0,0.0,1.8196,-1.0995,0.932,2.3213,-0.0733,0,0,0,0.736,0.317,0.683,0,0,0.0,4,SEARCH_PHASE,1.7224,-1.1522,-9.4017,4.8392
1759,48.629,26.7573,-12.7022,4.288,1.727,-1.1447,1.0091,4.148,10.533,11.298,36.1244,-17.5185,0.2,0.0,0.0,0.0,1.8304,-1.0785,0.884,2.3011,-0.0552,0,0,0,0.733,0.318,0.682,0,0,0.0,4,SEARCH_PHASE,1.727,-1.1447,-9.3672,4.8163
1760,48.653,26.7919,-12.725,4.3072,1.7326,-1.1369,0.9616,4.167,10.492,11.267,36.1244,-17.5185,0.2,0.0,0.0,0.0,1.8294,-1.0776,0.836,2.2818,-0.0841,0,0,0,0.734,0.313,0.687,0,0,0.0,4,SEARCH_PHASE,1.7326,-1.1369,-9.3325,4.7935
1761,48.677,26.8267,-12.7475,4.3255,1.7378,-1.128,0.914,4.185,10.45,11.235,36.1244,-17.5185,0.2,0.0,0.0,0.0,1.843,-1.0513,0.788,2.2633,-0.047,0,0,0,0.728,0.318,0.682,0,0,0.0,4,SEARCH_PHASE,1.7378,-1.128,-9.2977,4.771
1762,48.701,26.8615,-12.7699,4.3428,1.7438,-1.1196,0.8666,4.203,10.409,11.203,36.1244,-17.5185,0.2,0.0,0.0,0.0,1.8416,-1.0508,0.74,2.2457,-0.0809,0,0,0,0.728,0.315,0.685,0,0,0.0,4,SEARCH_PHASE,1.7438,-1.1196,-9.2629,4.7486
1763,48.724,26.8965,-12.7921,4.3592,1.7493,-1.1094,0.8188,4.219,10.368,11.171,36.1244,-17.5185,0.2,0.0,0.0,0.0,1.8477,-1.0372,0.692,2.229,-0.048,0,0,0,0.723,0.317,0.683,0,0,0.0,4,SEARCH_PHASE,1.7493,-1.1094,-9.2279,4.7264
1764,48.748,26.9316,-12.8141,4.3746,1.7553,-1.0993,0.7713,4.235,10.327,11.138,36.1244,-17.5185,0.2,0.0,0.0,0.0,1.8439,-1.041,0.644,2.2132,-0.0816,0,0,0,0.724,0.322,0.678,0,0,0.0,4,SEARCH_PHASE,1.7553,-1.0993,-9.1928,4.7044
1765,48.772,26.9669,-12.8358,4.3891,1.7614,-1.0876,0.7232,4.249,10.285,11.106,36.1244,-17.5185,0.2,0.0,0.0,0.0,1.8509,-1.0257,0.596,2.1984,-0.074,0,0,0,0.72,0.319,0.681,0,0,0.0,4,SEARCH_PHASE,1.7614,-1.0876,-9.1575,4.6827
1766,48.796,27.0022,-12.8574,4.4026,1.7688,-1.0761,0.6749,4.263,10.244,11.073,36.1244,-17.5185,0.2,0.0,0.0,0.0,1.8473,-1.0291,0.548,2.1845,-0.0795,0,0,0,0.721,0.324,0.676,0,0,0.0,4,SEARCH_PHASE,1.7688,-1.0761,-9.1222,4.6611
1767,48.82,27.0378,-12.8787,4.4151,1.7759,-1.0645,0.6271,4.275,10.203,11.039,36.1244,-17.5185,0.2,0.0,0.0,0.0,1.8533,-1.0153,0.5,2.1716,-0.0924,0,0,0,0.717,0.323,0.677,0,0,0.0,4,SEARCH_PHASE,1.7759,-1.0645,-9.0867,4.6398
1768,48.843,27.0734,-12.8997,4.4267,1.7843,-1.0531,0.5787,4.287,10.161,11.005,36.1244,-17.5185,0.2,0.0,0.0,0.0,1.8561,-1.0072,0.452,2.1596,-0.0629,0,0,0,0.719,0.312,0.688,0,0,0.0,4,SEARCH_PHASE,1.7843,-1.0531,-9.051,4.6188
1769,48.866,27.1093,-12.9206,4.4373,1.7922,-1.0429,0.5312,4.297,10.12,10.971,36.1244,-17.5185,0.2,0.0,0.0,0.0,1.8623,-0.9927,0.404,2.1487,-0.0847,0,0,0,0.717,0.311,0.689,0,0,0.0,4,SEARCH_PHASE,1.7922,-1.0429,-9.0151,4.5979
1770,48.889,27.1453,-12.9412,4.447,1.8005,-1.0325,0.4829,4.307,10.078,10.937,36.1244,-17.5185,0.2,0.0,0.0,0.0,1.8589,-0.996,0.356,2.1388,-0.0648,0,0,0,0.719,0.31,0.69,0,0,0.0,4,SEARCH_PHASE,1.8005,-1.0325,-8.9791,4.5773
1771,48.912,27.1814,-12.9617,4.4557,1.8072,-1.0232,0.4355,4.316,10.037,10.902,36.1244,-17.5185,0.2,0.0,0.0,0.0,1.8647,-0.9822,0.308,2.1299,-0.0902,0,0,0,0.729,0.31,0.69,0,0,0.0,4,SEARCH_PHASE,1.8072,-1.0232,-8.943,4.5568
1772,48.935,27.2177,-12.982,4.4634,1.8142,-1.0138,0.388,4.323,9.995,10.867,36.1244,-17.5185,0.2,0.0,0.0,0.0,1.866,-0.9766,0.26,2.1221,-0.0692,0,0,0,0.73,0.31,0.69,0,0,0.0,4,SEARCH_PHASE,1.8142,-1.0138,-8.9067,4.5365
1773,48.958,27.2541,-13.0021,4.4702,1.8194,-1.0056,0.3402,4.33,9.954,10.831,36.1244,-17.5185,0.2,0.0,0.0,0.0,1.8679,-0.9699,0.212,2.1153,-0.0781,0,0,0,0.728,0.318,0.682,0,0,0.0,4,SEARCH_PHASE,1.8194,-1.0056,-8.8703,4.5164
1774,48.981,27.2906,-13.022,4.4761,1.8247,-0.9974,0.2928,4.336,9.912,10.795,36.1244,-17.5185,0.2,0.0,0.0,0.0,1.866,-0.9704,0.164,2.1096,-0.0574,0,0,0,0.73,0.311,0.689,0,0,0.0,4,SEARCH_PHASE,1.8247,-0.9974,-8.8338,4.4965
1775,49.004,27.3272,-13.0418,4.481,1.8288,-0.9895,0.2452,4.341,9.871,10.759,36.1244,-17.5185,0.2,0.0,0.0,0.0,1.8687,-0.9621,0.116,2.105,-0.0829,0,0,0,0.727,0.312,0.688,0,0,0.0,4,SEARCH_PHASE,1.8288,-0.9895,-8.7972,4.4767
1776,49.027,27.3639,-13.0614,4.4849,1.8336,-0.9807,0.1975,4.345,9.829,10.723,36.1244,-17.5185,0.2,0.0,0.0,0.0,1.866,-0.9642,0.068,2.1015,-0.0636,0,0,0,0.728,0.317,0.683,0,0,0.0,4,SEARCH_PHASE,1.8336,-0.9807,-8.7606,4.4571
1777,49.049,27.4006,-13.0809,4.4879,1.837,-0.9723,0.1497,4.288,9.788,10.686,36.1244,-17.5185,0.2,0.0,0.0,0.0,1.8708,-0.9517,0.02,2.099,-0.0894,0,0,0,0.737,0.307,0.693,0,0,0.0,4,SEARCH_PHASE,1.837,-0.9723,-8.7238,4.4376
1778,49.07,27.4374,-13.1001,4.49,1.8407,-0.9633,0.1021,4.29,9.746,10.648,36.1244,-17.5185,0.2,0.0,0.0,0.0,1.8707,-0.9487,-0.028,2.0977,-0.0689,0,0,0,0.738,0.305,0.695,0,0,0.0,4,SEARCH_PHASE,1.8407,-0.9633,-8.687,4.4184
1779,49.092,27.4743,-13.1192,4.4911,1.8427,-0.9549,0.0538,4.291,9.705,10.611,36.1244,-17.5185,0.2,0.0,0.0,0.0,1.8733,-0.9404,-0.076,2.0975,-0.0959,0,0,0,0.737,0.302,0.698,0,0,0.0,4,SEARCH_PHASE,1.8427,-0.9549,-8.6501,4.3993
1780,49.113,27.5112,-13.1382,4.4912,1.8448,-0.946,0.0063,4.291,9.663,10.573,36.1244,-17.5185,0.2,0.0,0.0,0.0,1.8709,-0.9421,-0.124,2.0983,-0.0728,0,0,0,0.74,0.305,0.695,0,0,0.0,4,SEARCH_PHASE,1.8448,-0.946,-8.6133,4.3803
1781,49.135,27.5481,-13.1569,4.4904,1.8461,-0.938,-0.0412,4.29,9.622,10.535,36.1244,-17.5185,0.2,0.0,0.0,0.0,1.879,-0.9226,-0.172,2.1003,-0.0972,0,0,0,0.743,0.297,0.703,0,0,0.0,4,SEARCH_PHASE,1.8461,-0.938,-8.5763,4.3616
1782,49.156,27.585,-13.1755,4.4886,1.8483,-0.9298,-0.0887,4.289,9.58,10.496,36.1244,-17.5185,0.2,0.0,0.0,0.0,1.8778,-0.9217,-0.22,2.1034,-0.0755,0,0,0,0.744,0.3,0.7,0,0,0.0,4,SEARCH_PHASE,1.8483,-0.9298,-8.5394,4.343
1783,49.178,27.622,-13.194,4.4858,1.8491,-0.9227,-0.1367,4.286,9.539,10.458,36.1244,-17.5185,0.2,0.0,0.0,0.0,1.8849,-0.9039,-0.268,2.1075,-0.0971,0,0,0,0.749,0.292,0.708,0,0,0.0,4,SEARCH_PHASE,1.8491,-0.9227,-8.5024,4.3245
1784,49.199,27.659,-13.2123,4.4822,1.8504,-0.9154,-0.1841,4.282,9.498,10.418,36.1244,-17.5185,0.2,0.0,0.0,0.0,1.8871,-0.8958,-0.316,2.1127,-0.074,0,0,0,0.752,0.296,0.704,0,0,0.0,4,SEARCH_PHASE,1.8504,-0.9154,-8.4654,4.3062
1785,49.221,27.696,-13.2305,4.4775,1.8502,-0.9093,-0.2317,4.278,9.456,10.379,36.1244,-17.5185,0.2,0.0,0.0,0.0,1.8859,-0.8951,-0.364,2.1191,-0.0887,0,0,0,0.753,0.295,0.705,0,0,0.0,4,SEARCH_PHASE,1.8502,-0.9093,-8.4284,4.288
1786,49.243,27.733,-13.2485,4.4719,1.8503,-0.9031,-0.2793,4.272,9.415,10.339,36.1244,-17.5185,0.2,0.0,0.0,0.0,1.8892,-0.8849,-0.412,2.1264,-0.0612,0,0,0,0.756,0.295,0.705,0,0,0.0,4,SEARCH_PHASE,1.8503,-0.9031,-8.3914,4.27
1787,49.265,27.7701,-13.2665,4.4654,1.8502,-0.8977,-0.3268,4.265,9.374,10.299,36.1244,-17.5185,0.2,0.0,0.0,0.0,1.893,-0.8734,-0.46,2.1349,-0.0855,0,0,0,0.756,0.294,0.706,0,0,0.0,4,SEARCH_PHASE,1.8502,-0.8977,-8.3544,4.252
1788,49.286,27.8071,-13.2843,4.4579,1.8507,-0.8917,-0.3743,4.258,9.333,10.258,36.1244,-17.5185,0.2,0.0,0.0,0.0,1.896,-0.8634,-0.508,2.1444,-0.0634,0,0,0,0.76,0.298,0.702,0,0,0.0,4,SEARCH_PHASE,1.8507,-0.8917,-8.3173,4.2342
1789,49.307,27.8441,-13.302,4.4495,1.8505,-0.8864,-0.4217,4.25,9.292,10.218,36.1244,-17.5185,0.2,0.0,0.0,0.0,1.8984,-0.8547,-0.556,2.1549,-0.0851,0,0,0,0.76,0.293,0.707,0,0,0.0,4,SEARCH_PHASE,1.8505,-0.8864,-8.2803,4.2165
1790,49.328,27.8811,-13.3197,4.4401,1.8514,-0.8807,-0.4693,4.24,9.251,10.176,36.1244,-17.5185,0.2,0.0,0.0,0.0,1.9009,-0.8457,-0.604,2.1664,-0.0632,0,0,0,0.764,0.296,0.704,0,0,0.0,4,SEARCH_PHASE,1.8514,-0.8807,-8.2433,4.1988
1791,49.349,27.9181,-13.3372,4.4298,1.8513,-0.876,-0.517,4.23,9.21,10.135,36.1244,-17.5185,0.2,0.0,0.0,0.0,1.9039,-0.8354,-0.652,2.1789,-0.0647,0,0,0,0.764,0.299,0.701,0,0,0.0,4,SEARCH_PHASE,1.8513,-0.876,-8.2063,4.1813
1792,49.369,27.9552,-13.3546,4.4185,1.8521,-0.871,-0.5645,4.218,9.169,10.093,36.1244,-17.5185,0.2,0.0,0.0,0.0,1.9026,-0.8348,-0.7,2.1924,-0.051,0,0,0,0.765,0.295,0.705,0,0,0.0,4,SEARCH_PHASE,1.8521,-0.871,-8.1692,4.1639
1793,49.389,27.9922,-13.3719,4.4062,1.8521,-0.8657,-0.6125,4.206,9.128,10.051,36.1244,-17.5185,0.2,0.0,0.0,0.0,1.909,-0.8165,-0.748,2.2069,-0.0715,0,0,0,0.77,0.3,0.7,0,0,0.0,4,SEARCH_PHASE,1.8521,-0.8657,-8.1322,4.1466
1794,49.409,28.0293,-13.3891,4.393,1.8533,-0.859,-0.6601,4.293,9.088,10.008,36.1244,-17.5185,0.2,0.0,0.0,0.0,1.907,-0.8175,-0.7,2.1898,-0.0616,0,0,0,0.772,0.299,0.701,0,0,0.0,4,SEARCH_PHASE,1.8533,-0.859,-8.0951,4.1294
1795,49.43,28.0664,-13.4061,4.3796,1.8551,-0.8508,-0.6721,4.28,9.047,9.966,36.1244,-17.5185,0.2,0.0,0.0,0.0,1.9142,-0.797,-0.652,2.1736,-0.0888,0,0,0,0.775,0.301,0.699,0,0,0.0,4,SEARCH_PHASE,1.8551,-0.8508,-8.058,4.1124
1796,49.45,28.1036,-13.4229,4.3663,1.8592,-0.8407,-0.6619,4.266,9.006,9.923,36.1244,-17.5185,0.2,0.0,0.0,0.0,1.9155,-0.7901,-0.604,2.1583,-0.0641,0,0,0,0.777,0.297,0.703,0,0,0.0,4,SEARCH_PHASE,1.8592,-0.8407,-8.0208,4.0956
1797,49.469,28.1408,-13.4395,4.3536,1.8621,-0.831,-0.6378,4.254,8.965,9.881,36.1244,-17.5185,0.2,0.0,0.0,0.0,1.9194,-0.777,-0.556,2.144,-0.094,0,0,0,0.777,0.299,0.701,0,0,0.0,4,SEARCH_PHASE,1.8621,-0.831,-7.9836,4.079
1798,49.487,28.1781,-13.4559,4.3415,1.8667,-0.8198,-0.6049,4.241,8.925,9.839,36.1244,-17.5185,0.2,0.0,0.0,0.0,1.9196,-0.7727,-0.508,2.1307,-0.0679,0,0,0,0.779,0.304,0.696,0,0,0.0,4,SEARCH_PHASE,1.8667,-0.8198,-7.9463,4.0626
1799,49.506,28.2155,-13.4721,4.3302,1.869,-0.8096,-0.5665,4.23,8.884,9.797,36.1244,-17.5185,0.2,0.0,0.0,0.0,1.919,-0.7703,-0.46,2.1184,-0.0993,0,0,0,0.778,0.294,0.706,0,0,0.0,4,SEARCH_PHASE,1.869,-0.8096,-7.9089,4.0464
1800,49.525,28.253,-13.4881,4.3197,1.8725,-0.7982,-0.5248,4.22,8.843,9.756,36.1244,-17.5185,0.2,0.0,0.0,0.0,1.9194,-0.7657,-0.412,2.1072,-0.0728,0,0,0,0.78,0.297,0.703,0,0,0.0,4,SEARCH_PHASE,1.8725,-0.7982,-7.8714,4.0304
1801,49.544,28.2904,-13.5039,4.31,1.8733,-0.7883,-0.4815,4.21,8.803,9.715,36.1244,-17.5185,0.2,0.0,0.0,0.0,1.9181,-0.7651,-0.364,2.0969,-0.1021,0,0,0,0.781,0.292,0.708,0,0,0.0,4,SEARCH_PHASE,1.8733,-0.7883,-7.834,4.0146
1802,49.563,28.3279,-13.5194,4.3013,1.875,-0.7775,-0.4359,4.201,8.762,9.675,36.1244,-17.5185,0.2,0.0,0.0,0.0,1.9331,-0.7226,-0.316,2.0878,-0.072,0,0,0,0.785,0.296,0.704,0,0,0.0,4,SEARCH_PHASE,1.875,-0.7775,-7.7965,3.9991
1803,49.582,28.3654,-13.5348,4.2935,1.8751,-0.7686,-0.3893,4.194,8.722,9.635,36.1244,-17.5185,0.2,0.0,0.0,0.0,1.9262,-0.7369,-0.268,2.0797,-0.0993,0,0,0,0.785,0.292,0.708,0,0,0.0,4,SEARCH_PHASE,1.8751,-0.7686,-7.759,3.9837
1804,49.601,28.403,-13.55,4.2867,1.8775,-0.7593,-0.3424,4.187,8.682,9.595,36.1244,-17.5185,0.2,0.0,0.0,0.0,1.9416,-0.6914,-0.22,2.0727,-0.0697,0,0,0,0.788,0.296,0.704,0,0,0.0,4,SEARCH_PHASE,1.8775,-0.7593,-7.7214,3.9685
1805,49.62,28.4405,-13.565,4.2808,1.8778,-0.7522,-0.2952,4.181,8.641,9.556,36.1244,-17.5185,0.2,0.0,0.0,0.0,1.9286,-0.7225,-0.172,2.0667,-0.0639,0,0,0,0.788,0.298,0.702,0,0,0.0,4,SEARCH_PHASE,1.8778,-0.7522,-7.6839,3.9535
1806,49.639,28.4781,-13.5799,4.2758,1.8799,-0.7449,-0.2478,4.176,8.601,9.518,36.1244,-17.5185,0.2,0.0,0.0,0.0,1.9374,-0.6947,-0.124,2.0619,-0.1076,0,0,0,0.788,0.29,0.71,0,0,0.0,4,SEARCH_PHASE,1.8799,-0.7449,-7.6463,3.9386
1807,49.657,28.5157,-13.5946,4.2718,1.8803,-0.7366,-0.2002,4.172,8.561,9.48,36.1244,-17.5185,0.2,0.0,0.0,0.0,1.9195,-0.7392,-0.076,2.0584,-0.0649,0,0,0,0.788,0.288,0.712,0,0,0.0,4,SEARCH_PHASE,1.8803,-0.7366,-7.6087,3.9239
1808,49.675,28.5534,-13.6093,4.2688,1.8815,-0.7311,-0.1531,4.169,8.521,9.442,36.1244,-17.5185,0.2,0.0,0.0,0.0,1.92,-0.7336,-0.028,2.0556,-0.1082,0,0,0,0.788,0.286,0.714,0,0,0.0,4,SEARCH_PHASE,1.8815,-0.7311,-7.571,3.9092
1809,49.693,28.591,-13.6237,4.2666,1.8808,-0.7243,-0.1054,4.167,8.481,9.405,36.1244,-17.5185,0.2,0.0,0.0,0.0,1.9012,-0.7778,0.02,2.0543,-0.0647,0,0,0,0.788,0.287,0.713,0,0,0.0,4,SEARCH_PHASE,1.8808,-0.7243,-7.5334,3.8948
1810,49.71,28.6286,-13.6381,4.2655,1.8806,-0.7199,-0.0579,4.165,8.441,9.369,36.1244,-17.5185,0.2,0.0,0.0,0.0,1.8912,-0.7979,0.068,2.0538,-0.1072,0,0,0,0.788,0.287,0.713,0,0,0.0,4,SEARCH_PHASE,1.8806,-0.7199,-7.4958,3.8804
1811,49.727,28.6662,-13.6524,4.2653,1.8781,-0.7138,-0.0106,4.165,8.401,9.333,36.1244,-17.5185,0.2,0.0,0.0,0.0,1.8849,-0.8092,0.116,2.0546,-0.0966,0,0,0,0.788,0.291,0.709,0,0,0.0,4,SEARCH_PHASE,1.8781,-0.7138,-7.4582,3.8661
1812,49.746,28.7037,-13.6666,4.266,1.8758,-0.7098,0.0373,4.166,8.361,9.297,36.1244,-17.5185,0.2,0.0,0.0,0.0,1.9021,-0.7643,0.164,2.0565,-0.1298,0,0,0,0.792,0.289,0.711,0,0,0.0,4,SEARCH_PHASE,1.8758,-0.7098,-7.4207,3.8519
1813,49.764,28.7411,-13.6808,4.2677,1.8726,-0.707,0.0853,4.168,8.321,9.262,36.1244,-17.5185,0.2,0.0,0.0,0.0,1.9183,-0.7192,0.212,2.0596,-0.0906,0,0,0,0.793,0.287,0.713,0,0,0.0,4,SEARCH_PHASE,1.8726,-0.707,-7.3833,3.8377
1814,49.783,28.7786,-13.6949,4.2704,1.8712,-0.7095,0.1329,4.17,8.281,9.228,36.1244,-17.5185,0.2,0.0,0.0,0.0,1.9334,-0.6736,0.26,2.0638,-0.0595,0,0,0,0.797,0.295,0.705,0,0,0.0,4,SEARCH_PHASE,1.8712,-0.7095,-7.3459,3.8236
1815,49.802,28.8159,-13.7092,4.274,1.8692,-0.7133,0.1805,4.174,8.242,9.194,36.1244,-17.5185,0.2,0.0,0.0,0.0,1.9251,-0.6923,0.308,2.0689,-0.0706,0,0,0,0.797,0.288,0.712,0,0,0.0,4,SEARCH_PHASE,1.8692,-0.7133,-7.3085,3.8093
1816,49.821,28.8533,-13.7235,4.2786,1.8701,-0.716,0.2283,4.179,8.202,9.16,36.1244,-17.5185,0.2,0.0,0.0,0.0,1.9282,-0.6795,0.356,2.0752,-0.0508,0,0,0,0.798,0.297,0.703,0,0,0.0,4,SEARCH_PHASE,1.8701,-0.716,-7.2711,3.795
1817,49.84,28.8907,-13.7379,4.2841,1.87,-0.7187,0.2754,4.184,8.162,9.127,36.1244,-17.5185,0.2,0.0,0.0,0.0,1.9106,-0.7242,0.404,2.0828,-0.0785,0,0,0,0.797,0.295,0.705,0,0,0.0,4,SEARCH_PHASE,1.87,-0.7187,-7.2337,3.7806
1818,49.859,28.9282,-13.7523,4.2905,1.8732,-0.719,0.3231,4.191,8.122,9.094,36.1244,-17.5185,0.2,0.0,0.0,0.0,1.9202,-0.6937,0.452,2.0911,-0.0693,0,0,0,0.799,0.299,0.701,0,0,0.0,4,SEARCH_PHASE,1.8732,-0.719,-7.1962,3.7662
1819,49.877,28.9657,-13.7667,4.298,1.8756,-0.7192,0.371,4.198,8.082,9.062,36.1244,-17.5185,0.2,0.0,0.0,0.0,1.9023,-0.7382,0.5,2.1009,-0.0951,0,0,0,0.797,0.294,0.706,0,0,0.0,4,SEARCH_PHASE,1.8756,-0.7192,-7.1587,3.7518
1820,49.896,29.0033,-13.781,4.3063,1.8802,-0.7186,0.4188,4.206,8.042,9.03,36.1244,-17.5185,0.2,0.0,0.0,0.0,1.9004,-0.7388,0.548,2.1113,-0.0688,0,0,0,0.798,0.298,0.702,0,0,0.0,4,SEARCH_PHASE,1.8802,-0.7186,-7.1211,3.7375
1821,49.913,29.041,-13.7954,4.3157,1.8826,-0.7194,0.4665,4.216,8.002,8.999,36.1244,-17.5185,0.2,0.0,0.0,0.0,1.8865,-0.7701,0.596,2.123,-0.0999,0,0,0,0.796,0.291,0.709,0,0,0.0,4,SEARCH_PHASE,1.8826,-0.7194,-7.0834,3.7231
1822,49.931,29.0787,-13.8098,4.3259,1.8869,-0.7191,0.5142,4.226,7.962,8.968,36.1244,-17.5185,0.2,0.0,0.0,0.0,1.8897,-0.7585,0.644,2.1356,-0.0735,0,0,1,0.794,0.291,0.709,0,0,0.0,4,ACQUISITION_ASSIST,1.8869,-0.7191,-7.0457,3.7087
1823,49.949,29.1164,-13.8242,4.334,1.8844,-0.7184,0.4003,4.234,7.922,8.936,36.1244,-17.5185,0.2,0.0,0.0,0.0,1.8818,-0.7742,0.692,2.1493,-0.0724,0,0,1,0.791,0.293,0.707,0,0,0.0,4,ACQUISITION_ASSIST,1.8844,-0.7184,-7.008,3.6943
1824,49.967,29.1541,-13.8385,4.3397,1.8825,-0.7174,0.2868,4.24,7.882,8.903,36.1244,-17.5185,0.2,0.0,0.0,0.0,1.8619,-0.8178,0.74,2.1641,-0.0714,0,0,1,0.793,0.292,0.708,0,0,0.0,4,ACQUISITION_ASSIST,1.8825,-0.7174,-6.9704,3.68
1825,49.986,29.1917,-13.8528,4.3432,1.881,-0.7161,0.1734,4.243,7.842,8.869,36.1244,-17.5185,0.2,0.0,0.0,0.0,1.8526,-0.835,0.788,2.1795,-0.0703,0,0,1,0.794,0.292,0.708,0,0,0.0,4,ACQUISITION_ASSIST,1.881,-0.7161,-6.9327,3.6657
1826,50.005,29.2293,-13.8671,4.3444,1.88,-0.7145,0.0604,4.244,7.802,8.835,36.1244,-17.5185,0.2,0.0,0.0,0.0,1.8428,-0.8531,0.836,2.1961,-0.0693,0,0,1,0.796,0.299,0.701,0,0,0.0,4,ACQUISITION_ASSIST,1.88,-0.7145,-6.8951,3.6514
1827,50.023,29.2669,-13.8814,4.3433,1.8795,-0.7126,-0.0524,4.243,7.762,8.799,36.1244,-17.5185,0.2,0.0,0.0,0.0,1.8444,-0.8464,0.884,2.2135,-0.0682,0,0,1,0.798,0.302,0.698,0,0,0.0,4,ACQUISITION_ASSIST,1.8795,-0.7126,-6.8575,3.6371
1828,50.042,29.3045,-13.8956,4.3401,1.8796,-0.7104,-0.1608,4.24,7.723,8.762,36.1244,-17.5185,0.2,0.0,0.0,0.0,1.8522,-0.8257,0.932,2.2319,-0.0761,0,0,1,0.799,0.301,0.699,0,0,0.0,4,ACQUISITION_ASSIST,1.8796,-0.7104,-6.82,3.6229
1829,50.06,29.3421,-13.9098,4.3354,1.8822,-0.7077,-0.2369,4.235,7.683,8.725,36.1244,-17.5185,0.2,0.0,0.0,0.0,1.844,-0.8408,0.98,2.2511,-0.0886,0,0,1,0.799,0.295,0.705,0,0,0.0,4,ACQUISITION_ASSIST,1.8822,-0.7077,-6.7823,3.6087
1830,50.078,29.3798,-13.9238,4.3297,1.8864,-0.7046,-0.2838,4.23,7.643,8.687,36.1244,-17.5185,0.2,0.0,0.0,0.0,1.8356,-0.8556,0.932,2.2294,-0.1024,0,0,1,0.798,0.281,0.719,0,0,0.0,4,ACQUISITION_ASSIST,1.8864,-0.7046,-6.7446,3.5947
1831,50.097,29.4176,-13.9379,4.3235,1.89,-0.7024,-0.3102,4.223,7.603,8.649,36.1244,-17.5185,0.2,0.0,0.0,0.0,1.8137,-0.8983,0.884,2.2086,-0.0585,0,0,1,0.787,0.284,0.716,0,0,0.0,4,ACQUISITION_ASSIST,1.89,-0.7024,-6.7068,3.5806
1832,50.116,29.4554,-13.9519,4.317,1.8897,-0.7027,-0.3224,4.217,7.563,8.611,36.1244,-17.5185,0.2,0.0,0.0,0.0,1.7907,-0.9404,0.836,2.1886,-0.059,0,0,1,0.782,0.259,0.741,0,0,0.0,4,ACQUISITION_ASSIST,1.8897,-0.7027,-6.669,3.5666
1833,50.133,29.4931,-13.966,4.3105,1.8832,-0.7028,-0.3247,4.211,7.523,8.573,36.1244,-17.5185,0.2,0.0,0.0,0.0,1.7816,-0.9544,0.788,2.1693,-0.0266,0,0,1,0.537,0.239,0.761,0,0,0.0,4,ACQUISITION_ASSIST,1.8832,-0.7028,-6.6313,3.5525
1834,50.15,29.5304,-13.9801,4.3041,1.8676,-0.7025,-0.3214,4.204,7.483,8.535,36.1244,-17.5185,0.2,0.0,0.0,0.0,1.7797,-0.955,0.74,2.151,-0.0521,0,0,1,0.507,0.208,0.792,0,0,0.0,4,ACQUISITION_ASSIST,1.8676,-0.7025,-6.594,3.5384
1835,50.164,29.5672,-13.994,4.2978,1.8407,-0.6993,-0.3143,4.198,7.444,8.498,36.1244,-17.5185,0.2,0.0,0.0,0.0,1.7779,-0.9556,0.692,2.1337,-0.0365,0,0,1,0.458,0.185,0.815,0,0,0.0,4,ACQUISITION_ASSIST,1.8407,-0.6993,-6.5572,3.5245
1836,50.179,29.6032,-14.0079,4.2917,1.7997,-0.6951,-0.3084,4.192,7.406,8.461,36.1244,-17.5185,0.2,0.0,0.0,0.0,1.7761,-0.9561,0.644,2.1174,-0.0595,0,0,1,0.378,0.158,0.842,0,0,0.0,4,ACQUISITION_ASSIST,1.7997,-0.6951,-6.5212,3.5106
1837,50.193,29.6382,-14.0217,4.2855,1.748,-0.6884,-0.3058,4.186,7.369,8.426,36.1244,-17.5185,0.2,0.0,0.0,0.0,1.7744,-0.9566,0.596,2.1021,-0.0497,0,0,1,0.332,0.145,0.855,0,0,0.0,4,ACQUISITION_ASSIST,1.748,-0.6884,-6.4862,3.4968
1838,50.207,29.672,-14.0353,4.2794,1.6882,-0.6815,-0.3072,4.179,7.333,8.391,36.1244,-17.5185,0.2,0.0,0.0,0.0,1.7728,-0.957,0.548,2.0878,-0.081,0,0,1,0.3,0.138,0.862,0,0,0.0,4,ACQUISITION_ASSIST,1.6882,-0.6815,-6.4524,3.4832
1839,50.22,29.7044,-14.0488,4.2732,1.6233,-0.6725,-0.3121,4.173,7.298,8.357,36.1244,-17.5185,0.2,0.0,0.0,0.0,1.7712,-0.9573,0.5,2.0745,-0.0735,0,0,1,0.297,0.137,0.863,0,0,0.0,4,ACQUISITION_ASSIST,1.6233,-0.6725,-6.42,3.4697
1840,50.234,29.7355,-14.0621,4.2668,1.5551,-0.6648,-0.3198,4.167,7.264,8.325,36.1244,-17.5185,0.2,0.0,0.0,0.0,1.7698,-0.9575,0.452,2.0623,-0.1046,0,0,1,0.296,0.134,0.866,0,0,0.0,4,ACQUISITION_ASSIST,1.5551,-0.6648,-6.3889,3.4564
1841,50.248,29.7653,-14.0752,4.2602,1.4859,-0.6563,-0.3285,4.16,7.232,8.293,36.1244,-17.5185,0.2,0.0,0.0,0.0,1.7685,-0.9576,0.404,2.0513,-0.088,0,0,1,0.311,0.135,0.865,0,0,0.0,4,ACQUISITION_ASSIST,1.4859,-0.6563,-6.3592,3.4433
1842,50.262,29.7935,-14.0882,4.2534,1.4146,-0.6491,-0.3385,4.153,7.2,8.263,36.1244,-17.5185,0.2,0.0,0.0,0.0,1.7673,-0.9576,0.356,2.0413,-0.0519,0,0,1,0.313,0.146,0.854,0,0,0.0,4,ACQUISITION_ASSIST,1.4146,-0.6491,-6.3309,3.4303
1843,50.276,29.8204,-14.101,4.2464,1.3435,-0.6414,-0.3486,4.146,7.171,8.234,36.1244,-17.5185,0.2,0.0,0.0,0.0,1.7662,-0.9575,0.308,2.0325,-0.0698,0,0,1,0.315,0.146,0.854,0,0,0.0,4,ACQUISITION_ASSIST,1.3435,-0.6414,-6.304,3.4175
1844,50.29,29.8459,-14.1136,4.2393,1.2756,-0.6311,-0.3578,4.139,7.142,8.205,36.1244,-17.5185,0.2,0.0,0.0,0.0,1.7652,-0.9573,0.26,2.0248,-0.109,0,0,1,0.357,0.155,0.845,0,0,0.0,4,ACQUISITION_ASSIST,1.2756,-0.6311,-6.2785,3.4049
1845,50.304,29.8701,-14.1261,4.232,1.2101,-0.6207,-0.3647,4.132,7.115,8.178,36.1244,-17.5185,0.2,0.0,0.0,0.0,1.7643,-0.957,0.212,2.0182,-0.0809,0,0,1,0.378,0.163,0.837,0,0,0.0,4,ACQUISITION_ASSIST,1.2101,-0.6207,-6.2543,3.3924
1846,50.319,29.8931,-14.1383,4.2246,1.1491,-0.6131,-0.37,4.125,7.089,8.152,36.1244,-17.5185,0.2,0.0,0.0,0.0,1.7634,-0.9566,0.164,2.0129,-0.0501,0,0,1,0.411,0.18,0.82,0,0,0.0,4,ACQUISITION_ASSIST,1.1491,-0.6131,-6.2313,3.3802
1847,50.333,29.9149,-14.1504,4.2171,1.0907,-0.6055,-0.3738,4.117,7.064,8.126,36.1244,-17.5185,0.2,0.0,0.0,0.0,1.7627,-0.9561,0.116,2.0087,-0.0794,0,0,1,0.455,0.198,0.802,0,0,0.0,4,ACQUISITION_ASSIST,1.0907,-0.6055,-6.2095,3.3681
1848,50.347,29.9357,-14.1623,4.2096,1.0381,-0.5957,-0.3751,4.11,7.04,8.102,36.1244,-17.5185,0.2,0.0,0.0,0.0,1.7621,-0.9556,0.068,2.0057,-0.1094,0,0,1,0.507,0.202,0.798,0,0,0.0,4,ACQUISITION_ASSIST,1.0381,-0.5957,-6.1887,3.3562
1849,50.361,29.9556,-14.1741,4.2021,0.9932,-0.5866,-0.3745,4.102,7.017,8.078,36.1244,-17.5185,0.2,0.0,0.0,0.0,1.7615,-0.955,0.02,2.0038,-0.0932,0,0,1,0.533,0.23,0.77,0,0,0.0,4,ACQUISITION_ASSIST,0.9932,-0.5866,-6.1689,3.3444
1850,50.377,29.9746,-14.1857,4.1947,0.9533,-0.5799,-0.3732,4.095,6.995,8.055,36.1244,-17.5185,0.2,0.0,0.0,0.0,1.761,-0.9543,-0.028,2.0031,-0.0771,0,0,1,0.535,0.248,0.752,0,0,0.0,4,ACQUISITION_ASSIST,0.9533,-0.5799,-6.1498,3.3328
1851,50.392,29.993,-14.1971,4.1873,0.9208,-0.5739,-0.3699,4.087,6.973,8.033,36.1244,-17.5185,0.2,0.0,0.0,0.0,1.7605,-0.9537,-0.076,2.0036,-0.1082,0,0,1,0.56,0.248,0.752,0,0,0.0,4,ACQUISITION_ASSIST,0.9208,-0.5739,-6.1314,3.3214
1852,50.407,30.0109,-14.2085,4.1799,0.8938,-0.5677,-0.3659,4.08,6.952,8.011,36.1244,-17.5185,0.2,0.0,0.0,0.0,1.7601,-0.9529,-0.124,2.0053,-0.0715,0,0,1,0.575,0.263,0.737,0,0,0.0,4,ACQUISITION_ASSIST,0.8938,-0.5677,-6.1135,3.31
1853,50.422,30.0284,-14.2198,4.1727,0.8739,-0.5641,-0.3618,4.073,6.931,7.989,36.1244,-17.5185,0.2,0.0,0.0,0.0,1.7597,-0.9522,-0.172,2.0081,-0.1047,0,0,1,0.595,0.282,0.718,0,0,0.0,4,ACQUISITION_ASSIST,0.8739,-0.5641,-6.096,3.2987
1854,50.438,30.0456,-14.231,4.1656,0.859,-0.5599,-0.3575,4.066,6.911,7.968,36.1244,-17.5185,0.2,0.0,0.0,0.0,1.7593,-0.9514,-0.22,2.0121,-0.0656,0,0,1,0.606,0.283,0.717,0,0,0.0,4,ACQUISITION_ASSIST,0.859,-0.5599,-6.0788,3.2875
1855,50.454,30.0626,-14.2421,4.1585,0.8509,-0.5581,-0.3536,4.058,6.891,7.947,36.1244,-17.5185,0.2,0.0,0.0,0.0,1.7589,-0.9507,-0.268,2.0172,-0.1006,0,0,1,0.622,0.29,0.71,0,0,0.0,4,ACQUISITION_ASSIST,0.8509,-0.5581,-6.0618,3.2764
1856,50.471,30.0795,-14.2533,4.1515,0.8475,-0.5553,-0.3499,4.051,6.87,7.926,36.1244,-17.5185,0.2,0.0,0.0,0.0,1.7609,-0.9455,-0.316,2.0235,-0.0592,0,0,1,0.82,0.302,0.698,0,0,0.0,4,ACQUISITION_ASSIST,0.8475,-0.5553,-6.0449,3.2652
1857,50.488,30.0965,-14.2643,4.1446,0.8505,-0.5546,-0.3471,4.045,6.85,7.905,36.1244,-17.5185,0.2,0.0,0.0,0.0,1.7682,-0.9303,-0.364,2.0309,-0.0916,0,0,1,0.823,0.315,0.685,0,0,0.0,4,ACQUISITION_ASSIST,0.8505,-0.5546,-6.0279,3.2542
1858,50.506,30.1137,-14.2754,4.1377,0.8578,-0.5527,-0.3449,4.038,6.83,7.884,36.1244,-17.5185,0.2,0.0,0.0,0.0,1.7712,-0.923,-0.412,2.0393,-0.0605,0,0,1,0.826,0.32,0.68,0,0,0.0,4,ACQUISITION_ASSIST,0.8578,-0.5527,-6.0107,3.2431
1859,50.524,30.1311,-14.2864,4.1308,0.8693,-0.552,-0.3434,4.031,6.809,7.862,36.1244,-17.5185,0.2,0.0,0.0,0.0,1.7779,-0.9085,-0.46,2.0489,-0.0987,0,0,1,0.828,0.316,0.684,0,0,0.0,4,ACQUISITION_ASSIST,0.8693,-0.552,-5.9933,3.2321
1860,50.541,30.1487,-14.2974,4.1239,0.8828,-0.5505,-0.3424,4.024,6.789,7.841,36.1244,-17.5185,0.2,0.0,0.0,0.0,1.7788,-0.9051,-0.412,2.0379,-0.0541,0,0,1,0.831,0.322,0.678,0,0,0.0,4,ACQUISITION_ASSIST,0.8828,-0.5505,-5.9757,3.2211
1861,50.559,30.1667,-14.3085,4.1171,0.9,-0.551,-0.3423,4.017,6.767,7.819,36.1244,-17.5185,0.2,0.0,0.0,0.0,1.7994,-0.8617,-0.364,2.0281,-0.0909,0,0,1,0.833,0.327,0.673,0,0,0.0,4,ACQUISITION_ASSIST,0.9,-0.551,-5.9577,3.21
1862,50.577,30.1851,-14.3195,4.1102,0.9189,-0.5504,-0.3425,4.01,6.746,7.797,36.1244,-17.5185,0.2,0.0,0.0,0.0,1.7919,-0.8756,-0.316,2.0193,-0.0507,0,0,1,0.836,0.327,0.673,0,0,0.0,4,ACQUISITION_ASSIST,0.9189,-0.5504,-5.9393,3.199
1863,50.594,30.2039,-14.3305,4.1034,0.9403,-0.5512,-0.3432,4.003,6.724,7.775,36.1244,-17.5185,0.2,0.0,0.0,0.0,1.8117,-0.8318,-0.268,2.0115,-0.0887,0,0,1,0.837,0.327,0.673,0,0,0.0,4,ACQUISITION_ASSIST,0.9403,-0.5512,-5.9205,3.188
1864,50.612,30.2232,-14.3415,4.0965,0.9623,-0.5508,-0.3443,3.996,6.702,7.752,36.1244,-17.5185,0.2,0.0,0.0,0.0,1.8026,-0.8498,-0.22,2.005,-0.0493,0,0,1,0.839,0.327,0.673,0,0,0.0,4,ACQUISITION_ASSIST,0.9623,-0.5508,-5.9012,3.177
1865,50.63,30.2429,-14.3526,4.0896,0.9857,-0.5519,-0.3454,3.99,6.679,7.729,36.1244,-17.5185,0.2,0.0,0.0,0.0,1.8048,-0.8434,-0.172,1.9995,-0.0875,0,0,1,0.839,0.329,0.671,0,0,0.0,4,ACQUISITION_ASSIST,0.9857,-0.5519,-5.8815,3.1659
1866,50.647,30.2631,-14.3636,4.0827,1.0087,-0.5518,-0.3465,3.983,6.656,7.706,36.1244,-17.5185,0.2,0.0,0.0,0.0,1.8044,-0.8423,-0.124,1.9952,-0.0422,0,0,1,0.84,0.322,0.678,0,0,0.0,4,ACQUISITION_ASSIST,1.0087,-0.5518,-5.8613,3.1549
1867,50.665,30.2837,-14.3747,4.0757,1.0319,-0.5531,-0.3475,3.976,6.633,7.682,36.1244,-17.5185,0.2,0.0,0.0,0.0,1.8044,-0.8403,-0.076,1.992,-0.0833,0,0,1,0.841,0.327,0.673,0,0,0.0,4,ACQUISITION_ASSIST,1.0319,-0.5531,-5.8407,3.1438
1868,50.682,30.3048,-14.3857,4.0687,1.0533,-0.5526,-0.349,3.969,6.609,7.658,36.1244,-17.5185,0.2,0.0,0.0,0.0,1.7983,-0.8515,-0.028,1.9899,-0.0647,0,0,1,0.841,0.322,0.678,0,0,0.0,4,ACQUISITION_ASSIST,1.0533,-0.5526,-5.8196,3.1328
1869,50.699,30.3263,-14.3968,4.0617,1.0748,-0.5532,-0.3495,3.962,6.585,7.634,36.1244,-17.5185,0.2,0.0,0.0,0.0,1.7944,-0.8578,0.02,1.989,-0.1061,0,0,1,0.839,0.324,0.676,0,0,0.0,4,ACQUISITION_ASSIST,1.0748,-0.5532,-5.7981,3.1217
1870,50.716,30.3481,-14.4078,4.0547,1.094,-0.5536,-0.3497,3.955,6.561,7.609,36.1244,-17.5185,0.2,0.0,0.0,0.0,1.7724,-0.9005,0.068,1.9892,-0.0632,0,0,1,0.839,0.325,0.675,0,0,0.0,4,ACQUISITION_ASSIST,1.094,-0.5536,-5.7763,3.1107
1871,50.731,30.3704,-14.419,4.0477,1.1119,-0.5565,-0.3498,3.948,6.536,7.584,36.1244,-17.5185,0.2,0.0,0.0,0.0,1.7495,-0.9424,0.02,1.9873,-0.1057,0,0,1,0.655,0.325,0.675,0,0,0.0,4,ACQUISITION_ASSIST,1.1119,-0.5565,-5.754,3.0995
1872,50.746,30.3929,-14.4301,4.0408,1.1265,-0.5586,-0.3495,3.289,6.511,7.559,36.1244,-17.5185,0.2,0.0,0.0,0.0,1.7486,-0.9422,-0.028,1.9865,-0.0636,0,0,1,0.649,0.319,0.681,0,0,0.0,4,ACQUISITION_ASSIST,1.1265,-0.5586,-5.7315,3.0884
1873,50.761,30.4157,-14.4414,4.0338,1.1395,-0.563,-0.3492,3.279,6.485,7.534,36.1244,-17.5185,0.2,0.0,0.0,0.0,1.7477,-0.942,-0.076,1.9869,-0.105,0,0,1,0.647,0.315,0.685,0,0,0.0,4,ACQUISITION_ASSIST,1.1395,-0.563,-5.7087,3.0771
1874,50.776,30.4387,-14.4527,4.0268,1.1491,-0.5664,-0.3487,3.269,6.46,7.508,36.1244,-17.5185,0.2,0.0,0.0,0.0,1.7468,-0.9419,-0.124,1.9884,-0.0638,0,0,1,0.64,0.306,0.694,0,0,0.0,4,ACQUISITION_ASSIST,1.1491,-0.5664,-5.6857,3.0658
1875,50.791,30.4618,-14.4642,4.0198,1.1568,-0.5717,-0.3481,3.258,6.434,7.482,36.1244,-17.5185,0.2,0.0,0.0,0.0,1.7459,-0.9417,-0.172,1.9911,-0.1031,0,0,1,0.637,0.303,0.697,0,0,0.0,4,ACQUISITION_ASSIST,1.1568,-0.5717,-5.6626,3.0543
1876,50.806,30.485,-14.4757,4.0129,1.1608,-0.5757,-0.3477,3.248,6.408,7.456,36.1244,-17.5185,0.2,0.0,0.0,0.0,1.745,-0.9415,-0.22,1.9949,-0.0693,0,0,1,0.633,0.298,0.702,0,0,0.0,4,ACQUISITION_ASSIST,1.1608,-0.5757,-5.6394,3.0428
1877,50.821,30.5083,-14.4873,4.0059,1.1627,-0.5812,-0.3472,3.237,6.382,7.431,36.1244,-17.5185,0.2,0.0,0.0,0.0,1.7441,-0.9413,-0.268,1.9999,-0.1015,0,0,1,0.633,0.299,0.701,0,0,0.0,4,ACQUISITION_ASSIST,1.1627,-0.5812,-5.6161,3.0312
1878,50.836,30.5315,-14.499,3.999,1.1624,-0.5857,-0.3468,3.227,6.356,7.405,36.1244,-17.5185,0.2,0.0,0.0,0.0,1.7432,-0.9411,-0.316,2.006,-0.0623,0,0,1,0.628,0.299,0.701,0,0,0.0,4,ACQUISITION_ASSIST,1.1624,-0.5857,-5.5929,3.0195
1879,50.851,30.5548,-14.5108,3.9921,1.1617,-0.5914,-0.3464,2.393,6.33,7.379,36.1244,-17.5185,0.2,0.0,0.0,0.0,1.7423,-0.9408,-0.364,2.0133,-0.1002,0,0,1,0.628,0.296,0.704,0,0,0.0,4,ACQUISITION_ASSIST,1.1617,-0.5914,-5.5696,3.0077
1880,50.866,30.5779,-14.5227,3.9851,1.1587,-0.5951,-0.3461,2.377,6.304,7.353,36.1244,-17.5185,0.2,0.0,0.0,0.0,1.7414,-0.9406,-0.412,2.0216,-0.0616,0,0,1,0.621,0.299,0.701,0,0,0.0,4,ACQUISITION_ASSIST,1.1587,-0.5951,-5.5465,2.9958
1881,50.881,30.601,-14.5347,3.9782,1.155,-0.5998,-0.3458,2.361,6.278,7.327,36.1244,-17.5185,0.2,0.0,0.0,0.0,1.7406,-0.9403,-0.46,2.0311,-0.0987,0,0,1,0.62,0.297,0.703,0,0,0.0,4,ACQUISITION_ASSIST,1.155,-0.5998,-5.5234,2.9838
1882,50.897,30.624,-14.5468,3.9713,1.1487,-0.6022,-0.3458,2.346,6.252,7.301,36.1244,-17.5185,0.2,0.0,0.0,0.0,1.7397,-0.9399,-0.508,2.0416,-0.0716,0,0,1,0.621,0.301,0.699,0,0,0.0,4,ACQUISITION_ASSIST,1.1487,-0.6022,-5.5004,2.9717
1883,50.911,30.6468,-14.5589,3.9644,1.1415,-0.6053,-0.3465,2.33,6.226,7.276,36.1244,-17.5185,0.2,0.0,0.0,0.0,1.7389,-0.9396,-0.556,2.0532,-0.0957,0,0,1,0.617,0.3,0.7,0,0,0.0,4,ACQUISITION_ASSIST,1.1415,-0.6053,-5.4776,2.9596
1884,50.926,30.6695,-14.571,3.9575,1.1346,-0.6068,-0.3461,2.314,6.2,7.25,36.1244,-17.5185,0.2,0.0,0.0,0.0,1.7381,-0.9392,-0.604,2.0659,-0.0693,0,0,1,0.619,0.302,0.698,0,0,0.0,4,ACQUISITION_ASSIST,1.1346,-0.6068,-5.4549,2.9475
1885,50.94,30.6921,-14.5832,3.9505,1.1258,-0.6087,-0.346,2.297,6.175,7.224,36.1244,-17.5185,0.2,0.0,0.0,0.0,1.7374,-0.9388,-0.652,2.0796,-0.091,0,0,1,0.615,0.298,0.702,0,0,0.0,4,ACQUISITION_ASSIST,1.1258,-0.6087,-5.4324,2.9353
1886,50.954,30.7144,-14.5954,3.9436,1.1181,-0.6093,-0.3459,2.281,6.149,7.199,36.1244,-17.5185,0.2,0.0,0.0,0.0,1.7366,-0.9383,-0.7,2.0943,-0.0655,0,0,1,0.617,0.303,0.697,0,0,0.0,4,ACQUISITION_ASSIST,1.1181,-0.6093,-5.41,2.9231
1887,50.968,30.7366,-14.6076,3.9367,1.1081,-0.6105,-0.3462,2.265,6.124,7.174,36.1244,-17.5185,0.2,0.0,0.0,0.0,1.7359,-0.9378,-0.748,2.11,-0.0904,0,0,1,0.62,0.304,0.696,0,0,0.0,4,ACQUISITION_ASSIST,1.1081,-0.6105,-5.3878,2.9109
1888,50.983,30.7585,-14.6198,3.9298,1.0986,-0.6105,-0.3465,2.249,6.099,7.149,36.1244,-17.5185,0.2,0.0,0.0,0.0,1.7351,-0.9373,-0.796,2.1267,-0.0517,0,0,1,0.619,0.301,0.699,0,0,0.0,4,ACQUISITION_ASSIST,1.0986,-0.6105,-5.3659,2.8987
1889,50.997,30.7803,-14.632,3.9228,1.09,-0.6115,-0.3464,2.233,6.074,7.124,36.1244,-17.5185,0.2,0.0,0.0,0.0,1.7345,-0.9368,-0.844,2.1444,-0.085,0,0,1,0.623,0.304,0.696,0,0,0.0,4,ACQUISITION_ASSIST,1.09,-0.6115,-5.3441,2.8865
1890,51.011,30.802,-14.6442,3.9159,1.081,-0.6107,-0.347,2.217,6.049,7.099,36.1244,-17.5185,0.2,0.0,0.0,0.0,1.7338,-0.9363,-0.892,2.1629,-0.0479,0,0,1,0.621,0.301,0.699,0,0,0.0,4,ACQUISITION_ASSIST,1.081,-0.6107,-5.3224,2.8743
1891,51.025,30.8234,-14.6565,3.909,1.0733,-0.6109,-0.3467,2.201,6.024,7.074,36.1244,-17.5185,0.2,0.0,0.0,0.0,1.7331,-0.9357,-0.94,2.1824,-0.0857,0,0,1,0.625,0.309,0.691,0,0,0.0,4,ACQUISITION_ASSIST,1.0733,-0.6109,-5.301,2.862
1892,51.039,30.8447,-14.6686,3.902,1.0652,-0.609,-0.3467,2.185,6.0,7.05,36.1244,-17.5185,0.2,0.0,0.0,0.0,1.7325,-0.9351,-0.988,2.2027,-0.0548,0,0,1,0.627,0.306,0.694,0,0,0.0,4,ACQUISITION_ASSIST,1.0652,-0.609,-5.2797,2.8499
1893,51.054,30.8659,-14.6808,3.8951,1.0581,-0.608,-0.3464,2.169,5.975,7.026,36.1244,-17.5185,0.2,0.0,0.0,0.0,1.7318,-0.9346,-1.036,2.2239,-0.0922,0,0,1,0.634,0.302,0.698,0,0,0.0,4,ACQUISITION_ASSIST,1.0581,-0.608,-5.2585,2.8377
1894,51.068,30.8869,-14.6929,3.8882,1.0522,-0.6052,-0.3462,2.153,5.951,7.001,36.1244,-17.5185,0.2,0.0,0.0,0.0,1.7312,-0.934,-1.084,2.246,-0.0539,0,0,1,0.635,0.306,0.694,0,0,0.0,4,ACQUISITION_ASSIST,1.0522,-0.6052,-5.2375,2.8256
1895,51.082,30.9079,-14.705,3.8813,1.0489,-0.6034,-0.346,2.137,5.927,6.977,36.1244,-17.5185,0.2,0.0,0.0,0.0,1.7306,-0.9334,-1.132,2.2688,-0.0916,0,0,1,0.641,0.307,0.693,0,0,0.0,4,ACQUISITION_ASSIST,1.0489,-0.6034,-5.2165,2.8135
1896,51.097,30.9289,-14.717,3.8743,1.0464,-0.5996,-0.3459,2.121,5.903,6.953,36.1244,-17.5185,0.2,0.0,0.0,0.0,1.7299,-0.9328,-1.18,2.2924,-0.0733,0,0,1,0.642,0.308,0.692,0,0,0.0,4,ACQUISITION_ASSIST,1.0464,-0.5996,-5.1956,2.8015
1897,51.111,30.9498,-14.7289,3.8674,1.0463,-0.5963,-0.3462,2.105,5.879,6.929,36.1244,-17.5185,0.2,0.0,0.0,0.0,1.7293,-0.9323,-1.228,2.3168,-0.11,0,0,1,0.648,0.315,0.685,0,0,0.0,4,ACQUISITION_ASSIST,1.0463,-0.5963,-5.1746,2.7896
1898,51.125,30.9707,-14.7407,3.8605,1.0464,-0.5923,-0.3459,2.089,5.855,6.905,36.1244,-17.5185,0.2,0.0,0.0,0.0,1.7287,-0.9317,-1.276,2.3419,-0.0687,0,0,1,0.647,0.315,0.685,0,0,0.0,4,ACQUISITION_ASSIST,1.0464,-0.5923,-5.1537,2.7778
1899,51.139,30.9917,-14.7526,3.8536,1.0484,-0.5904,-0.3457,2.073,5.831,6.881,36.1244,-17.5185,0.2,0.0,0.0,0.0,1.728,-0.9312,-1.324,2.3677,-0.1049,0,0,1,0.652,0.321,0.679,0,0,0.0,4,ACQUISITION_ASSIST,1.0484,-0.5904,-5.1327,2.7659
1900,51.153,31.0127,-14.7643,3.8467,1.0503,-0.5875,-0.3455,2.058,5.806,6.857,36.1244,-17.5185,0.2,0.0,0.0,0.0,1.7273,-0.9307,-1.372,2.3942,-0.0631,0,0,1,0.652,0.32,0.68,0,0,0.0,4,ACQUISITION_ASSIST,1.0503,-0.5875,-5.1117,2.7542
1901,51.168,31.0338,-14.776,3.8398,1.0538,-0.5863,-0.3455,2.042,5.782,6.833,36.1244,-17.5185,0.2,0.0,0.0,0.0,1.7266,-0.9302,-1.42,2.4214,-0.0995,0,0,1,0.656,0.325,0.675,0,0,0.0,4,ACQUISITION_ASSIST,1.0538,-0.5863,-5.0907,2.7425
1902,51.182,31.0549,-14.7877,3.8329,1.057,-0.5838,-0.3454,2.026,5.758,6.808,36.1244,-17.5185,0.2,0.0,0.0,0.0,1.726,-0.9297,-1.468,2.4492,-0.0572,0,0,1,0.654,0.324,0.676,0,0,0.0,4,ACQUISITION_ASSIST,1.057,-0.5838,-5.0695,2.7308
1903,51.196,31.0761,-14.7994,3.826,1.0616,-0.5828,-0.3455,2.011,5.734,6.784,36.1244,-17.5185,0.2,0.0,0.0,0.0,1.7253,-0.9293,-1.5,2.4678,-0.0939,0,0,1,0.657,0.328,0.672,0,0,0.0,4,ACQUISITION_ASSIST,1.0616,-0.5828,-5.0483,2.7191
1904,51.21,31.0974,-14.811,3.819,1.0655,-0.5801,-0.3456,1.995,5.71,6.76,36.1244,-17.5185,0.2,0.0,0.0,0.0,1.7245,-0.9288,-1.5,2.4671,-0.0543,0,0,1,0.655,0.324,0.676,0,0,0.0,4,ACQUISITION_ASSIST,1.0655,-0.5801,-5.027,2.7075
1905,51.225,31.1188,-14.8225,3.8121,1.0706,-0.5785,-0.3456,1.98,5.685,6.736,36.1244,-17.5185,0.2,0.0,0.0,0.0,1.7238,-0.9284,-1.5,2.4665,-0.091,0,0,1,0.658,0.327,0.673,0,0,0.0,4,ACQUISITION_ASSIST,1.0706,-0.5785,-5.0056,2.696
1906,51.239,31.1403,-14.834,3.8052,1.0747,-0.5752,-0.3458,1.964,5.661,6.712,36.1244,-17.5185,0.2,0.0,0.0,0.0,1.7231,-0.9281,-1.5,2.4658,-0.0608,0,0,1,0.656,0.323,0.677,0,0,0.0,4,ACQUISITION_ASSIST,1.0747,-0.5752,-4.9841,2.6845
1907,51.253,31.1619,-14.8455,3.7983,1.0796,-0.573,-0.3458,1.948,5.637,6.687,36.1244,-17.5185,0.2,0.0,0.0,0.0,1.7223,-0.9277,-1.5,2.4651,-0.0975,0,0,1,0.658,0.325,0.675,0,0,0.0,4,ACQUISITION_ASSIST,1.0796,-0.573,-4.9625,2.673
1908,51.267,31.1836,-14.8569,3.7914,1.0831,-0.5698,-0.3458,1.933,5.612,6.663,36.1244,-17.5185,0.2,0.0,0.0,0.0,1.7215,-0.9274,-1.5,2.4645,-0.0544,0,0,1,0.655,0.321,0.679,0,0,0.0,4,ACQUISITION_ASSIST,1.0831,-0.5698,-4.9408,2.6616
1909,51.282,31.2053,-14.8683,3.7845,1.0869,-0.5684,-0.3458,1.918,5.588,6.638,36.1244,-17.5185,0.2,0.0,0.0,0.0,1.7207,-0.9271,-1.5,2.4638,-0.091,0,0,1,0.656,0.322,0.678,0,0,0.0,4,ACQUISITION_ASSIST,1.0869,-0.5684,-4.9191,2.6502
1910,51.296,31.2271,-14.8796,3.7775,1.0891,-0.5656,-0.3458,1.902,5.563,6.614,36.1244,-17.5185,0.2,0.0,0.0,0.0,1.7199,-0.9268,-1.5,2.4631,-0.0488,0,0,1,0.653,0.321,0.679,0,0,0.0,4,ACQUISITION_ASSIST,1.0891,-0.5656,-4.8973,2.6389
1911,51.31,31.2489,-14.8909,3.7706,1.0913,-0.5644,-0.3458,1.887,5.538,6.59,36.1244,-17.5185,0.2,0.0,0.0,0.0,1.7191,-0.9265,-1.5,2.4625,-0.0852,0,0,1,0.654,0.32,0.68,0,0,0.0,4,ACQUISITION_ASSIST,1.0913,-0.5644,-4.8755,2.6276
1912,51.324,31.2708,-14.9021,3.7637,1.0919,-0.5615,-0.3465,1.871,5.514,6.565,36.1244,-17.5185,0.2,0.0,0.0,0.0,1.7183,-0.9263,-1.5,2.4618,-0.0573,0,0,1,0.653,0.321,0.679,0,0,0.0,4,ACQUISITION_ASSIST,1.0919,-0.5615,-4.8536,2.6164
1913,51.339,31.2926,-14.9133,3.7568,1.0926,-0.5599,-0.3462,1.856,5.489,6.541,36.1244,-17.5185,0.2,0.0,0.0,0.0,1.7175,-0.926,-1.5,2.4611,-0.0969,0,0,1,0.656,0.321,0.679,0,0,0.0,4,ACQUISITION_ASSIST,1.0926,-0.5599,-4.8318,2.6052
1914,51.353,31.3145,-14.9244,3.7499,1.0924,-0.5572,-0.346,1.841,5.465,6.517,36.1244,-17.5185,0.2,0.0,0.0,0.0,1.7166,-0.9258,-1.5,2.4605,-0.0574,0,0,1,0.654,0.318,0.682,0,0,0.0,4,ACQUISITION_ASSIST,1.0924,-0.5572,-4.8099,2.5941
1915,51.367,31.3363,-14.9356,3.7429,1.0931,-0.5564,-0.3458,1.826,5.44,6.492,36.1244,-17.5185,0.2,0.0,0.0,0.0,1.7158,-0.9256,-1.5,2.4598,-0.0966,0,0,1,0.656,0.319,0.681,0,0,0.0,4,ACQUISITION_ASSIST,1.0931,-0.5564,-4.7881,2.5829
1916,51.381,31.3582,-14.9466,3.736,1.0927,-0.5543,-0.3457,1.81,5.416,6.468,36.1244,-17.5185,0.2,0.0,0.0,0.0,1.7149,-0.9254,-1.5,2.4591,-0.058,0,0,1,0.653,0.316,0.684,0,0,0.0,4,ACQUISITION_ASSIST,1.0927,-0.5543,-4.7662,2.5719
1917,51.396,31.3801,-14.9577,3.7291,1.0929,-0.5537,-0.3457,1.795,5.391,6.444,36.1244,-17.5185,0.2,0.0,0.0,0.0,1.7141,-0.9252,-1.5,2.4585,-0.0968,0,0,1,0.655,0.321,0.679,0,0,0.0,4,ACQUISITION_ASSIST,1.0929,-0.5537,-4.7444,2.5608
1918,51.41,31.4019,-14.9688,3.7222,1.0917,-0.5515,-0.3459,1.78,5.367,6.419,36.1244,-17.5185,0.2,0.0,0.0,0.0,1.7132,-0.925,-1.5,2.4578,-0.0746,0,0,1,0.654,0.32,0.68,0,0,0.0,4,ACQUISITION_ASSIST,1.0917,-0.5515,-4.7225,2.5497
1919,51.424,31.4237,-14.9798,3.7153,1.0908,-0.5505,-0.3462,1.765,5.342,6.395,36.1244,-17.5185,0.2,0.0,0.0,0.0,1.7124,-0.9248,-1.5,2.4571,-0.1117,0,0,1,0.657,0.325,0.675,0,0,0.0,4,ACQUISITION_ASSIST,1.0908,-0.5505,-4.7007,2.5387
1920,51.438,31.4455,-14.9907,3.7084,1.089,-0.5491,-0.3459,1.75,5.318,6.371,36.1244,-17.5185,0.2,0.0,0.0,0.0,1.7115,-0.9246,-1.452,2.4275,-0.0709,0,0,1,0.655,0.32,0.68,0,0,0.0,4,ACQUISITION_ASSIST,1.089,-0.5491,-4.6789,2.5278
1921,51.453,31.4672,-15.0017,3.7014,1.0881,-0.5499,-0.3457,1.734,5.294,6.347,36.1244,-17.5185,0.2,0.0,0.0,0.0,1.7107,-0.9244,-1.404,2.3984,-0.1072,0,0,1,0.658,0.326,0.674,0,0,0.0,4,ACQUISITION_ASSIST,1.0881,-0.5499,-4.6572,2.5168
1922,51.467,31.489,-15.0127,3.6945,1.086,-0.55,-0.3456,1.719,5.269,6.323,36.1244,-17.5185,0.2,0.0,0.0,0.0,1.7098,-0.9243,-1.356,2.3699,-0.0662,0,0,1,0.656,0.321,0.679,0,0,0.0,4,ACQUISITION_ASSIST,1.086,-0.55,-4.6354,2.5058
1923,51.481,31.5107,-15.0238,3.6876,1.0846,-0.5522,-0.3455,1.704,5.245,6.299,36.1244,-17.5185,0.2,0.0,0.0,0.0,1.709,-0.9241,-1.308,2.3421,-0.1023,0,0,1,0.658,0.325,0.675,0,0,0.0,4,ACQUISITION_ASSIST,1.0846,-0.5522,-4.6138,2.4947
1924,51.495,31.5323,-15.0349,3.6807,1.0818,-0.5532,-0.3456,1.689,5.221,6.275,36.1244,-17.5185,0.2,0.0,0.0,0.0,1.7081,-0.9238,-1.26,2.3149,-0.0673,0,0,1,0.658,0.323,0.677,0,0,0.0,4,ACQUISITION_ASSIST,1.0818,-0.5532,-4.5921,2.4836
1925,51.51,31.5539,-15.046,3.6738,1.0792,-0.5559,-0.3455,1.674,5.196,6.251,36.1244,-17.5185,0.2,0.0,0.0,0.0,1.7073,-0.9236,-1.212,2.2884,-0.1032,0,0,1,0.662,0.326,0.674,0,0,0.0,4,ACQUISITION_ASSIST,1.0792,-0.5559,-4.5705,2.4725
1926,51.524,31.5754,-15.0571,3.6669,1.0766,-0.5577,-0.3455,1.658,5.172,6.227,36.1244,-17.5185,0.2,0.0,0.0,0.0,1.7065,-0.9234,-1.164,2.2627,-0.062,0,0,1,0.662,0.327,0.673,0,0,0.0,4,ACQUISITION_ASSIST,1.0766,-0.5577,-4.549,2.4614
1927,51.538,31.5969,-15.0684,3.66,1.0757,-0.5613,-0.3455,1.643,5.148,6.203,36.1244,-17.5185,0.2,0.0,0.0,0.0,1.7057,-0.9231,-1.116,2.2376,-0.0981,0,0,1,0.666,0.329,0.671,0,0,0.0,4,ACQUISITION_ASSIST,1.0757,-0.5613,-4.5275,2.4502
1928,51.552,31.6184,-15.0796,3.6531,1.0744,-0.5637,-0.3454,1.628,5.124,6.179,36.1244,-17.5185,0.2,0.0,0.0,0.0,1.7049,-0.9228,-1.068,2.2133,-0.0564,0,0,1,0.665,0.329,0.671,0,0,0.0,4,ACQUISITION_ASSIST,1.0744,-0.5637,-4.506,2.4389
1929,51.566,31.6399,-15.091,3.6462,1.0745,-0.5676,-0.3455,1.612,5.099,6.155,36.1244,-17.5185,0.2,0.0,0.0,0.0,1.7041,-0.9225,-1.02,2.1898,-0.0926,0,0,1,0.668,0.332,0.668,0,0,0.0,4,ACQUISITION_ASSIST,1.0745,-0.5676,-4.4845,2.4275
1930,51.58,31.6614,-15.1024,3.6393,1.074,-0.57,-0.3454,1.597,5.075,6.131,36.1244,-17.5185,0.2,0.0,0.0,0.0,1.7034,-0.9221,-0.972,2.1672,-0.0505,0,0,1,0.666,0.332,0.668,0,0,0.0,4,ACQUISITION_ASSIST,1.074,-0.57,-4.463,2.4161
1931,51.594,31.6829,-15.1138,3.6323,1.0746,-0.5735,-0.3455,1.581,5.051,6.107,36.1244,-17.5185,0.2,0.0,0.0,0.0,1.7026,-0.9218,-0.924,2.1453,-0.0868,0,0,1,0.669,0.336,0.664,0,0,0.0,4,ACQUISITION_ASSIST,1.0746,-0.5735,-4.4415,2.4047
1932,51.608,31.7044,-15.1254,3.6254,1.0744,-0.5752,-0.3455,1.566,5.026,6.083,36.1244,-17.5185,0.2,0.0,0.0,0.0,1.7018,-0.9214,-0.876,2.1243,-0.0444,0,0,1,0.666,0.334,0.666,0,0,0.0,4,ACQUISITION_ASSIST,1.0744,-0.5752,-4.42,2.3931
1933,51.622,31.7259,-15.1369,3.6185,1.0749,-0.5777,-0.3455,1.55,5.002,6.059,36.1244,-17.5185,0.2,0.0,0.0,0.0,1.7011,-0.9211,-0.828,2.1042,-0.0806,0,0,1,0.668,0.335,0.665,0,0,0.0,4,ACQUISITION_ASSIST,1.0749,-0.5777,-4.3986,2.3816
1934,51.636,31.7473,-15.1485,3.6116,1.0744,-0.5781,-0.3463,1.535,4.978,6.034,36.1244,-17.5185,0.2,0.0,0.0,0.0,1.7003,-0.9207,-0.78,2.085,-0.0557,0,0,1,0.667,0.335,0.665,0,0,0.0,4,ACQUISITION_ASSIST,1.0744,-0.5781,-4.3771,2.37
1935,51.651,31.7688,-15.16,3.6047,1.0744,-0.579,-0.346,1.519,4.953,6.01,36.1244,-17.5185,0.2,0.0,0.0,0.0,1.6996,-0.9203,-0.732,2.0667,-0.0954,0,0,1,0.67,0.335,0.665,0,0,0.0,4,ACQUISITION_ASSIST,1.0744,-0.579,-4.3556,2.3585
1936,51.665,31.7903,-15.1716,3.5978,1.0738,-0.5784,-0.3458,1.503,4.929,5.986,36.1244,-17.5185,0.2,0.0,0.0,0.0,1.6988,-0.9199,-0.684,2.0494,-0.0566,0,0,1,0.668,0.335,0.665,0,0,0.0,4,ACQUISITION_ASSIST,1.0738,-0.5784,-4.3341,2.3469
1937,51.679,31.8118,-15.1832,3.5908,1.0742,-0.5793,-0.3457,1.488,4.904,5.962,36.1244,-17.5185,0.2,0.0,0.0,0.0,1.6981,-0.9195,-0.636,2.0331,-0.096,0,0,1,0.671,0.334,0.666,0,0,0.0,4,ACQUISITION_ASSIST,1.0742,-0.5793,-4.3126,2.3353
1938,51.694,31.8333,-15.1948,3.5839,1.0737,-0.5784,-0.3456,1.472,4.88,5.938,36.1244,-17.5185,0.2,0.0,0.0,0.0,1.6974,-0.9191,-0.588,2.0178,-0.0574,0,0,1,0.668,0.333,0.667,0,0,0.0,4,ACQUISITION_ASSIST,1.0737,-0.5784,-4.2911,2.3237
1939,51.707,31.8547,-15.2063,3.577,1.0738,-0.5785,-0.3456,1.457,4.856,5.914,36.1244,-17.5185,0.2,0.0,0.0,0.0,1.6966,-0.9188,-0.54,2.0036,-0.0963,0,0,1,0.67,0.333,0.667,0,0,0.0,4,ACQUISITION_ASSIST,1.0738,-0.5785,-4.2697,2.3122
1940,51.721,31.8762,-15.2179,3.5701,1.0728,-0.5766,-0.3458,1.441,4.831,5.89,36.1244,-17.5185,0.2,0.0,0.0,0.0,1.6959,-0.9184,-0.492,1.9903,-0.0768,0,0,1,0.67,0.333,0.667,0,0,0.0,4,ACQUISITION_ASSIST,1.0728,-0.5766,-4.2482,2.3006
1941,51.735,31.8976,-15.2294,3.5632,1.0722,-0.5754,-0.3461,1.425,4.807,5.867,36.1244,-17.5185,0.2,0.0,0.0,0.0,1.6951,-0.918,-0.444,1.9782,-0.1107,0,0,1,0.675,0.34,0.66,0,0,0.0,4,ACQUISITION_ASSIST,1.0722,-0.5754,-4.2268,2.2891
1942,51.749,31.9191,-15.2408,3.5563,1.0716,-0.5734,-0.3463,1.41,4.783,5.843,36.1244,-17.5185,0.2,0.0,0.0,0.0,1.6943,-0.9177,-0.396,1.9672,-0.0675,0,0,1,0.675,0.343,0.657,0,0,0.0,4,ACQUISITION_ASSIST,1.0716,-0.5734,-4.2053,2.2777
1943,51.763,31.9405,-15.2523,3.5493,1.0727,-0.5736,-0.346,1.394,4.758,5.819,36.1244,-17.5185,0.2,0.0,0.0,0.0,1.6936,-0.9173,-0.348,1.9572,-0.1002,0,0,1,0.679,0.345,0.655,0,0,0.0,4,ACQUISITION_ASSIST,1.0727,-0.5736,-4.1839,2.2662
1944,51.777,31.962,-15.2638,3.5424,1.0738,-0.5729,-0.3458,1.379,4.734,5.795,36.1244,-17.5185,0.2,0.0,0.0,0.0,1.6928,-0.917,-0.3,1.9485,-0.0551,0,0,1,0.678,0.346,0.654,0,0,0.0,4,ACQUISITION_ASSIST,1.0738,-0.5729,-4.1624,2.2547
1945,51.79,31.9835,-15.2753,3.5355,1.0761,-0.5742,-0.3457,1.363,4.709,5.771,36.1244,-17.5185,0.2,0.0,0.0,0.0,1.6921,-0.9166,-0.252,1.9408,-0.0891,0,0,1,0.681,0.348,0.652,0,0,0.0,4,ACQUISITION_ASSIST,1.0761,-0.5742,-4.1409,2.2432
1946,51.804,32.0051,-15.2867,3.5286,1.0777,-0.5743,-0.3459,1.348,4.685,5.747,36.1244,-17.5185,0.2,0.0,0.0,0.0,1.6913,-0.9163,-0.204,1.9343,-0.0565,0,0,1,0.68,0.349,0.651,0,0,0.0,4,ACQUISITION_ASSIST,1.0777,-0.5743,-4.1193,2.2318
1947,51.818,32.0267,-15.2983,3.5217,1.0802,-0.576,-0.3458,1.332,4.661,5.723,36.1244,-17.5185,0.2,0.0,0.0,0.0,1.6905,-0.916,-0.156,1.929,-0.0988,0,0,1,0.683,0.349,0.651,0,0,0.0,4,ACQUISITION_ASSIST,1.0802,-0.576,-4.0977,2.2202
1948,51.831,32.0483,-15.3098,3.5148,1.082,-0.5764,-0.3457,1.317,4.636,5.699,36.1244,-17.5185,0.2,0.0,0.0,0.0,1.6897,-0.9156,-0.108,1.9249,-0.0615,0,0,1,0.681,0.347,0.653,0,0,0.0,4,ACQUISITION_ASSIST,1.082,-0.5764,-4.0761,2.2087
1949,51.845,32.07,-15.3214,3.5078,1.0846,-0.5785,-0.346,1.301,4.611,5.675,36.1244,-17.5185,0.2,0.0,0.0,0.0,1.689,-0.9153,-0.06,1.922,-0.1022,0,0,1,0.683,0.349,0.651,0,0,0.0,4,ACQUISITION_ASSIST,1.0846,-0.5785,-4.0544,2.1971
1950,51.859,32.0917,-15.3329,3.5009,1.0863,-0.5789,-0.3458,3.401,4.587,5.651,36.1244,-17.5185,0.2,0.0,0.0,0.0,1.6882,-0.9149,-0.012,1.9202,-0.0641,0,0,1,0.681,0.346,0.654,0,0,0.0,4,ACQUISITION_ASSIST,1.0863,-0.5789,-4.0327,2.1856
1951,51.872,32.1135,-15.3446,3.494,1.0887,-0.5806,-0.3462,3.394,4.562,5.627,36.1244,-17.5185,0.2,0.0,0.0,0.0,1.6874,-0.9146,0.036,1.9197,-0.1024,0,0,1,0.683,0.348,0.652,0,0,0.0,4,ACQUISITION_ASSIST,1.0887,-0.5806,-4.0109,2.1739
1952,51.885,32.1353,-15.3562,3.4871,1.0899,-0.5805,-0.346,3.387,4.537,5.603,36.1244,-17.5185,0.2,0.0,0.0,0.0,1.6866,-0.9143,0.084,1.9203,-0.0626,0,0,1,0.685,0.345,0.655,0,0,0.0,4,ACQUISITION_ASSIST,1.0899,-0.5805,-3.9891,2.1623
1953,51.898,32.1572,-15.3678,3.4802,1.0916,-0.5815,-0.3458,3.38,4.513,5.579,36.1244,-17.5185,0.2,0.0,0.0,0.0,1.6858,-0.9139,0.132,1.9222,-0.1,0,0,1,0.688,0.346,0.654,0,0,0.0,4,ACQUISITION_ASSIST,1.0916,-0.5815,-3.9673,2.1507
1954,51.911,32.179,-15.3794,3.4732,1.0918,-0.5803,-0.3459,3.373,4.488,5.555,36.1244,-17.5185,0.2,0.0,0.0,0.0,1.6436,-0.891,-0.06,1.8706,-0.0712,1,0,0,0.691,0.343,0.657,0,0,0.0,4,LANDING_PHASE,1.0918,-0.5803,-3.9454,2.1391
1955,51.924,32.2009,-15.391,3.4685,1.0935,-0.5803,-0.2381,3.368,4.463,5.532,36.1244,-17.5185,0.2,0.0,0.0,0.0,1.6014,-0.8682,-0.252,1.839,-0.1182,1,0,0,0.691,0.346,0.654,0,0,0.0,4,LANDING_PHASE,1.0935,-0.5803,-3.9236,2.1275
1956,51.937,32.2227,-15.4026,3.4637,1.0925,-0.5784,-0.2409,3.364,4.439,5.509,36.1244,-17.5185,0.2,0.0,0.0,0.0,1.5592,-0.8453,-0.444,1.8284,-0.1547,1,0,0,0.69,0.354,0.646,0,0,0.0,4,LANDING_PHASE,1.0925,-0.5784,-3.9017,2.1159
1957,51.95,32.2445,-15.4141,3.4574,1.0916,-0.5781,-0.3126,3.357,4.414,5.486,36.1244,-17.5185,0.2,0.0,0.0,0.0,1.517,-0.8225,-0.636,1.8391,-0.1398,1,0,0,0.699,0.366,0.634,0,0,0.0,4,LANDING_PHASE,1.0916,-0.5781,-3.8799,2.1044
1958,51.963,32.2664,-15.4257,3.4491,1.0916,-0.5799,-0.4181,3.349,4.389,5.461,36.1244,-17.5185,0.2,0.0,0.0,0.0,1.4748,-0.7996,-0.65,1.7991,-0.1396,1,0,0,0.708,0.371,0.629,0,0,0.0,4,LANDING_PHASE,1.0916,-0.5799,-3.858,2.0928
1959,51.977,32.2883,-15.4374,3.4391,1.0951,-0.585,-0.497,3.339,4.364,5.435,36.1244,-17.5185,0.2,0.0,0.0,0.0,1.4326,-0.7768,-0.65,1.7545,-0.1341,1,0,0,0.72,0.376,0.624,0,0,0.0,4,LANDING_PHASE,1.0951,-0.585,-3.8361,2.0811
1960,51.99,32.3103,-15.4493,3.4282,1.1035,-0.5946,-0.5466,3.328,4.339,5.408,36.1244,-17.5185,0.2,0.0,0.0,0.0,1.3904,-0.7539,-0.65,1.71,-0.101,1,0,0,0.728,0.382,0.618,0,0,0.0,4,LANDING_PHASE,1.1035,-0.5946,-3.8141,2.0692
1961,52.004,32.3327,-15.4615,3.4166,1.1186,-0.6087,-0.5795,3.317,4.314,5.381,36.1244,-17.5185,0.2,0.0,0.0,0.0,1.3482,-0.7311,-0.65,1.6657,-0.0939,1,0,0,0.732,0.388,0.612,0,0,0.0,4,LANDING_PHASE,1.1186,-0.6087,-3.7917,2.057
1962,52.018,32.3555,-15.474,3.4046,1.1393,-0.6252,-0.6021,3.305,4.288,5.353,36.1244,-17.5185,0.2,0.0,0.0,0.0,1.306,-0.7082,-0.65,1.6216,-0.0636,1,0,0,0.734,0.391,0.609,0,0,0.0,4,LANDING_PHASE,1.1393,-0.6252,-3.7689,2.0445
1963,52.032,32.3788,-15.4869,3.3922,1.1631,-0.6437,-0.6186,3.292,4.261,5.324,36.1244,-17.5185,0.2,0.0,0.0,0.0,1.2638,-0.6853,-0.65,1.5777,-0.093,1,0,0,0.733,0.388,0.612,0,0,0.0,4,LANDING_PHASE,1.1631,-0.6437,-3.7456,2.0316
1964,52.046,32.4025,-15.5001,3.3796,1.1885,-0.6613,-0.6313,3.28,4.234,5.295,36.1244,-17.5185,0.2,0.0,0.0,0.0,1.2216,-0.6625,-0.65,1.5341,-0.0558,1,0,0,0.731,0.385,0.615,0,0,0.0,4,LANDING_PHASE,1.1885,-0.6613,-3.7219,2.0184
1965,52.059,32.4268,-15.5137,3.3667,1.2123,-0.6797,-0.6407,3.267,4.206,5.265,36.1244,-17.5185,0.2,0.0,0.0,0.0,1.1794,-0.6395,-0.65,1.4908,-0.0418,1,0,0,0.725,0.379,0.621,0,0,0.0,4,LANDING_PHASE,1.2123,-0.6797,-3.6976,2.0048
1966,52.072,32.4515,-15.5276,3.3538,1.2343,-0.6964,-0.6474,3.254,4.178,5.235,36.1244,-17.5185,0.2,0.0,0.0,0.0,1.1372,-0.6166,-0.65,1.4477,-0.0692,1,0,0,0.723,0.377,0.623,0,0,0.0,4,LANDING_PHASE,1.2343,-0.6964,-3.6729,1.9909
1967,52.085,32.4765,-15.5418,3.3408,1.2525,-0.7097,-0.6512,3.241,4.149,5.204,36.1244,-17.5185,0.2,0.0,0.0,0.0,1.099,-0.5955,-0.65,1.4089,-0.0298,1,0,0,0.716,0.378,0.622,0,0,0.0,4,LANDING_PHASE,1.2525,-0.7097,-3.6479,1.9767
1968,52.099,32.5019,-15.5562,3.3277,1.2687,-0.7208,-0.6528,3.228,4.12,5.173,36.1244,-17.5185,0.2,0.0,0.0,0.0,1.0991,-0.5954,-0.65,1.4089,-0.065,1,0,0,0.715,0.375,0.625,0,0,0.0,4,LANDING_PHASE,1.2687,-0.7208,-3.6225,1.9623
1969,52.112,32.5275,-15.5708,3.3147,1.2809,-0.7269,-0.6518,3.215,4.09,5.141,36.1244,-17.5185,0.2,0.0,0.0,0.0,1.0992,-0.5952,-0.65,1.4089,-0.0422,1,0,0,0.714,0.364,0.636,0,0,0.0,4,LANDING_PHASE,1.2809,-0.7269,-3.5969,1.9477
1970,52.124,32.5532,-15.5854,3.3017,1.2862,-0.73,-0.6496,3.202,4.061,5.11,36.1244,-17.5185,0.2,0.0,0.0,0.0,1.0993,-0.5951,-0.65,1.4089,-0.0823,1,0,0,0.709,0.358,0.642,0,0,0.0,4,LANDING_PHASE,1.2862,-0.73,-3.5712,1.9331
1971,52.138,32.579,-15.5999,3.2887,1.2872,-0.7283,-0.6474,3.189,4.031,5.079,36.1244,-17.5185,0.2,0.0,0.0,0.0,1.0994,-0.5949,-0.65,1.4089,-0.063,1,0,0,0.701,0.346,0.654,0,0,0.0,4,LANDING_PHASE,1.2872,-0.7283,-3.5454,1.9186
1972,52.151,32.6047,-15.6144,3.2758,1.285,-0.7246,-0.6448,3.176,4.002,5.047,36.1244,-17.5185,0.2,0.0,0.0,0.0,1.0994,-0.5948,-0.65,1.4089,-0.0959,1,0,0,0.695,0.349,0.651,0,0,0.0,4,LANDING_PHASE,1.285,-0.7246,-3.5197,1.9041
1973,52.164,32.6302,-15.6288,3.263,1.2774,-0.7173,-0.6438,3.163,3.972,5.016,36.1244,-17.5185,0.2,0.0,0.0,0.0,1.0995,-0.5946,-0.65,1.4089,-0.0646,1,0,0,0.691,0.352,0.648,0,0,0.0,4,LANDING_PHASE,1.2774,-0.7173,-3.4942,1.8897
1974,52.177,32.6556,-15.643,3.2501,1.2666,-0.7092,-0.6423,3.15,3.943,4.985,36.1244,-17.5185,0.2,0.0,0.0,0.0,1.0996,-0.5945,-0.65,1.4089,-0.0899,1,0,0,0.683,0.346,0.654,0,0,0.0,4,LANDING_PHASE,1.2666,-0.7092,-3.4689,1.8755
1975,52.189,32.6806,-15.6569,3.2373,1.2544,-0.6982,-0.6415,3.137,3.915,4.955,36.1244,-17.5185,0.2,0.0,0.0,0.0,1.0996,-0.5944,-0.65,1.4089,-0.073,1,0,0,0.68,0.344,0.656,0,0,0.0,4,LANDING_PHASE,1.2544,-0.6982,-3.4438,1.8616
1976,52.202,32.7054,-15.6707,3.2245,1.2384,-0.6863,-0.6414,3.124,3.886,4.925,36.1244,-17.5185,0.2,0.0,0.0,0.0,1.0997,-0.5943,-0.65,1.4089,-0.1025,1,0,0,0.681,0.343,0.657,0,0,0.0,4,LANDING_PHASE,1.2384,-0.6863,-3.419,1.8478
1977,52.214,32.7298,-15.6841,3.2116,1.2213,-0.6725,-0.6417,3.112,3.859,4.895,36.1244,-17.5185,0.2,0.0,0.0,0.0,1.0997,-0.5943,-0.65,1.4089,-0.0634,1,0,0,0.661,0.341,0.659,0,0,0.0,4,LANDING_PHASE,1.2213,-0.6725,-3.3946,1.8344
1978,52.227,32.7539,-15.6973,3.1988,1.2041,-0.6592,-0.6422,3.099,3.831,4.865,36.1244,-17.5185,0.2,0.0,0.0,0.0,1.0997,-0.5942,-0.65,1.4089,-0.0941,1,0,0,0.661,0.34,0.66,0,0,0.0,4,LANDING_PHASE,1.2041,-0.6592,-3.3705,1.8212
1979,52.239,32.7776,-15.7102,3.1859,1.1849,-0.6436,-0.6434,3.086,3.804,4.836,36.1244,-17.5185,0.2,0.0,0.0,0.0,1.0997,-0.5942,-0.65,1.4089,-0.1108,1,0,0,0.681,0.349,0.651,0,0,0.0,4,LANDING_PHASE,1.1849,-0.6436,-3.3468,1.8083
1980,52.252,32.8009,-15.7227,3.173,1.1654,-0.6282,-0.6447,3.073,3.778,4.807,36.1244,-17.5185,0.2,0.0,0.0,0.0,1.0997,-0.5942,-0.65,1.4089,-0.0726,1,0,0,0.681,0.346,0.654,0,0,0.0,4,LANDING_PHASE,1.1654,-0.6282,-3.3235,1.7958
1981,52.264,32.8239,-15.735,3.1601,1.1476,-0.6146,-0.6453,3.06,3.752,4.779,36.1244,-17.5185,0.2,0.0,0.0,0.0,1.0997,-0.5942,-0.65,1.4089,-0.106,1,0,0,0.691,0.353,0.647,0,0,0.0,4,LANDING_PHASE,1.1476,-0.6146,-3.3005,1.7835
1982,52.277,32.8465,-15.747,3.1472,1.13,-0.6,-0.6461,3.047,3.726,4.751,36.1244,-17.5185,0.2,0.0,0.0,0.0,1.0997,-0.5943,-0.65,1.4089,-0.0894,1,0,0,0.691,0.354,0.646,0,0,0.0,4,LANDING_PHASE,1.13,-0.6,-3.2779,1.7715
1983,52.289,32.8688,-15.7588,3.1343,1.1142,-0.5871,-0.647,3.034,3.701,4.723,36.1244,-17.5185,0.2,0.0,0.0,0.0,1.0996,-0.5944,-0.65,1.4089,-0.1205,1,0,0,0.701,0.362,0.638,0,0,0.0,4,LANDING_PHASE,1.1142,-0.5871,-3.2556,1.7597
1984,52.302,32.8907,-15.7703,3.1213,1.0979,-0.5746,-0.6475,3.021,3.676,4.695,36.1244,-17.5185,0.2,0.0,0.0,0.0,1.0996,-0.5945,-0.65,1.4089,-0.0866,1,0,0,0.708,0.366,0.634,0,0,0.0,4,LANDING_PHASE,1.0979,-0.5746,-3.2337,1.7482
1985,52.314,32.9124,-15.7816,3.1083,1.083,-0.5652,-0.6481,3.008,3.652,4.668,36.1244,-17.5185,0.2,0.0,0.0,0.0,1.0995,-0.5946,-0.65,1.4089,-0.1199,1,0,0,0.717,0.365,0.635,0,0,0.0,4,LANDING_PHASE,1.083,-0.5652,-3.212,1.7369
1986,52.327,32.9338,-15.7927,3.0954,1.0694,-0.5565,-0.6475,2.995,3.627,4.641,36.1244,-17.5185,0.2,0.0,0.0,0.0,1.0995,-0.5947,-0.65,1.4089,-0.078,1,0,0,0.742,0.366,0.634,0,0,0.0,4,LANDING_PHASE,1.0694,-0.5565,-3.1906,1.7258
1987,52.34,32.9549,-15.8037,3.0825,1.0585,-0.5514,-0.647,2.982,3.604,4.615,36.1244,-17.5185,0.2,0.0,0.0,0.0,1.0994,-0.5948,-0.65,1.4089,-0.1008,1,0,0,0.727,0.372,0.628,0,0,0.0,4,LANDING_PHASE,1.0585,-0.5514,-3.1695,1.7148
1988,52.353,32.9759,-15.8147,3.0695,1.0483,-0.5466,-0.6465,2.97,3.58,4.588,36.1244,-17.5185,0.2,0.0,0.0,0.0,1.0993,-0.5949,-0.65,1.4089,-0.0581,1,0,0,0.729,0.373,0.627,0,0,0.0,4,LANDING_PHASE,1.0483,-0.5466,-3.1485,1.7039
1989,52.367,32.9967,-15.8255,3.0566,1.0407,-0.5444,-0.6459,2.957,3.556,4.562,36.1244,-17.5185,0.2,0.0,0.0,0.0,1.0993,-0.595,-0.65,1.4089,-0.0914,1,0,0,0.735,0.381,0.619,0,0,0.0,4,LANDING_PHASE,1.0407,-0.5444,-3.1277,1.693
1990,52.38,33.0174,-15.8364,3.0437,1.0337,-0.5415,-0.6457,2.944,3.533,4.535,36.1244,-17.5185,0.2,0.0,0.0,0.0,1.0992,-0.5951,-0.65,1.4089,-0.0577,1,0,0,0.737,0.383,0.617,0,0,0.0,4,LANDING_PHASE,1.0337,-0.5415,-3.107,1.6821
1991,52.393,33.038,-15.8472,3.0308,1.0289,-0.5409,-0.6455,2.931,3.51,4.509,36.1244,-17.5185,0.2,0.0,0.0,0.0,1.0992,-0.5952,-0.65,1.4089,-0.0988,1,0,0,0.743,0.386,0.614,0,0,0.0,4,LANDING_PHASE,1.0289,-0.5409,-3.0864,1.6713
1992,52.406,33.0585,-15.858,3.0179,1.0248,-0.5396,-0.6448,2.918,3.487,4.483,36.1244,-17.5185,0.2,0.0,0.0,0.0,1.0991,-0.5953,-0.65,1.4089,-0.0618,1,0,0,0.744,0.386,0.614,0,0,0.0,4,LANDING_PHASE,1.0248,-0.5396,-3.0659,1.6605
1993,52.419,33.0789,-15.8688,3.005,1.023,-0.5404,-0.6445,2.905,3.464,4.457,36.1244,-17.5185,0.2,0.0,0.0,0.0,1.0991,-0.5954,-0.65,1.4089,-0.1023,1,0,0,0.747,0.391,0.609,0,0,0.0,4,LANDING_PHASE,1.023,-0.5404,-3.0455,1.6497
1994,52.431,33.0994,-15.8796,2.9921,1.0216,-0.5402,-0.6441,2.892,3.44,4.431,36.1244,-17.5185,0.2,0.0,0.0,0.0,1.0991,-0.5954,-0.65,1.4089,-0.0652,1,0,0,0.748,0.394,0.606,0,0,0.0,4,LANDING_PHASE,1.0216,-0.5402,-3.025,1.6389
1995,52.444,33.1198,-15.8904,2.9792,1.0222,-0.5417,-0.6444,2.879,3.417,4.405,36.1244,-17.5185,0.2,0.0,0.0,0.0,1.099,-0.5955,-0.65,1.4089,-0.104,1,0,0,0.751,0.398,0.602,0,0,0.0,4,LANDING_PHASE,1.0222,-0.5417,-3.0046,1.6281
1996,52.457,33.1403,-15.9013,2.9663,1.0229,-0.5418,-0.644,2.866,3.394,4.379,36.1244,-17.5185,0.2,0.0,0.0,0.0,1.099,-0.5956,-0.65,1.4089,-0.0677,1,0,0,0.752,0.399,0.601,0,0,0.0,4,LANDING_PHASE,1.0229,-0.5418,-2.9841,1.6172
1997,52.469,33.1608,-15.9121,2.9535,1.0255,-0.5434,-0.6438,2.853,3.371,4.353,36.1244,-17.5185,0.2,0.0,0.0,0.0,1.0989,-0.5957,-0.65,1.4089,-0.1057,1,0,0,0.755,0.4,0.6,0,0,0.0,4,LANDING_PHASE,1.0255,-0.5434,-2.9636,1.6064
1998,52.482,33.1813,-15.923,2.9406,1.028,-0.5437,-0.6436,2.841,3.348,4.326,36.1244,-17.5185,0.2,0.0,0.0,0.0,1.0989,-0.5957,-0.65,1.4089,-0.0688,1,0,0,0.756,0.4,0.6,0,0,0.0,4,LANDING_PHASE,1.028,-0.5437,-2.9431,1.5955
1999,52.494,33.202,-15.9339,2.9277,1.032,-0.5453,-0.6436,2.828,3.324,4.3,36.1244,-17.5185,0.2,0.0,0.0,0.0,1.0989,-0.5958,-0.65,1.4089,-0.1067,1,0,0,0.759,0.402,0.598,0,0,0.0,4,LANDING_PHASE,1.032,-0.5453,-2.9224,1.5846
2000,52.507,33.2227,-15.9448,2.9149,1.0355,-0.5455,-0.6436,2.815,3.301,4.274,36.1244,-17.5185,0.2,0.0,0.0,0.0,1.0988,-0.5959,-0.65,1.4089,-0.0712,1,0,0,0.759,0.402,0.598,0,0,0.0,4,LANDING_PHASE,1.0355,-0.5455,-2.9017,1.5737
2001,52.52,33.2435,-15.9558,2.902,1.0402,-0.547,-0.6439,2.802,3.277,4.248,36.1244,-17.5185,0.2,0.0,0.0,0.0,1.0988,-0.596,-0.65,1.4089,-0.1081,1,0,0,0.761,0.403,0.597,0,0,0.0,4,LANDING_PHASE,1.0402,-0.547,-2.8809,1.5627
2002,52.532,33.2644,-15.9667,2.8891,1.0442,-0.5472,-0.6437,2.789,3.254,4.221,36.1244,-17.5185,0.2,0.0,0.0,0.0,1.0987,-0.5961,-0.65,1.4089,-0.0667,1,0,0,0.761,0.404,0.596,0,0,0.0,4,LANDING_PHASE,1.0442,-0.5472,-2.86,1.5518
2003,52.545,33.2854,-15.9777,2.8762,1.049,-0.5488,-0.6438,2.776,3.23,4.195,36.1244,-17.5185,0.2,0.0,0.0,0.0,1.0986,-0.5963,-0.65,1.4089,-0.1033,1,0,0,0.764,0.405,0.595,0,0,0.0,4,LANDING_PHASE,1.049,-0.5488,-2.8391,1.5408
2004,52.557,33.3064,-15.9887,2.8633,1.0529,-0.5488,-0.6438,2.763,3.206,4.168,36.1244,-17.5185,0.2,0.0,0.0,0.0,1.0986,-0.5964,-0.65,1.4089,-0.0753,1,0,0,0.763,0.405,0.595,0,0,0.0,4,LANDING_PHASE,1.0529,-0.5488,-2.818,1.5298
2005,52.569,33.3276,-15.9997,2.8505,1.0573,-0.5498,-0.6438,2.75,3.183,4.142,36.1244,-17.5185,0.2,0.0,0.0,0.0,1.0985,-0.5965,-0.65,1.4089,-0.1118,1,0,0,0.765,0.407,0.593,0,0,0.0,4,LANDING_PHASE,1.0573,-0.5498,-2.7969,1.5188
2006,52.582,33.3488,-16.0107,2.8376,1.0604,-0.5501,-0.6438,2.738,3.159,4.115,36.1244,-17.5185,0.2,0.0,0.0,0.0,1.0984,-0.5967,-0.65,1.4089,-0.0719,1,0,0,0.764,0.403,0.597,0,0,0.0,4,LANDING_PHASE,1.0604,-0.5501,-2.7756,1.5078
2007,52.594,33.37,-16.0217,2.8247,1.0638,-0.5522,-0.6438,2.725,3.135,4.089,36.1244,-17.5185,0.2,0.0,0.0,0.0,1.0983,-0.5968,-0.65,1.4089,-0.1082,1,0,0,0.767,0.41,0.59,0,0,0.0,4,LANDING_PHASE,1.0638,-0.5522,-2.7544,1.4968
2008,52.607,33.3914,-16.0328,2.8118,1.066,-0.5534,-0.6438,2.712,3.111,4.062,36.1244,-17.5185,0.2,0.0,0.0,0.0,1.0982,-0.597,-0.65,1.4089,-0.0664,1,0,0,0.768,0.41,0.59,0,0,0.0,4,LANDING_PHASE,1.066,-0.5534,-2.7331,1.4857
2009,52.619,33.4127,-16.0439,2.799,1.0687,-0.5562,-0.6438,2.699,3.087,4.035,36.1244,-17.5185,0.2,0.0,0.0,0.0,1.0981,-0.5972,-0.65,1.4089,-0.1026,1,0,0,0.768,0.412,0.588,0,0,0.0,4,LANDING_PHASE,1.0687,-0.5562,-2.7117,1.4746
2010,52.632,33.4341,-16.055,2.7861,1.0699,-0.5577,-0.6439,2.686,3.063,4.008,36.1244,-17.5185,0.2,0.0,0.0,0.0,1.098,-0.5973,-0.65,1.4089,-0.0642,1,0,0,0.77,0.413,0.587,0,0,0.0,4,LANDING_PHASE,1.0699,-0.5577,-2.6903,1.4635
2011,52.644,33.4556,-16.0663,2.7732,1.0715,-0.5607,-0.6439,2.673,3.038,3.982,36.1244,-17.5185,0.2,0.0,0.0,0.0,1.098,-0.5975,-0.65,1.4089,-0.1002,1,0,0,0.773,0.415,0.585,0,0,0.0,4,LANDING_PHASE,1.0715,-0.5607,-2.6689,1.4522
2012,52.657,33.477,-16.0775,2.7603,1.0722,-0.5622,-0.6438,2.66,3.014,3.955,36.1244,-17.5185,0.2,0.0,0.0,0.0,1.0979,-0.5976,-0.65,1.4089,-0.0582,1,0,0,0.772,0.415,0.585,0,0,0.0,4,LANDING_PHASE,1.0722,-0.5622,-2.6474,1.441
2013,52.669,33.4985,-16.0888,2.7475,1.0739,-0.5651,-0.6438,2.647,2.99,3.928,36.1244,-17.5185,0.2,0.0,0.0,0.0,1.0978,-0.5977,-0.65,1.4089,-0.0942,1,0,0,0.775,0.417,0.583,0,0,0.0,4,LANDING_PHASE,1.0739,-0.5651,-2.6259,1.4297
2014,52.681,33.52,-16.1001,2.7346,1.0746,-0.5663,-0.6438,2.635,2.966,3.901,36.1244,-17.5185,0.2,0.0,0.0,0.0,1.0978,-0.5978,-0.65,1.4089,-0.0518,1,0,0,0.773,0.416,0.584,0,0,0.0,4,LANDING_PHASE,1.0746,-0.5663,-2.6044,1.4184
2015,52.694,33.5415,-16.1115,2.7217,1.076,-0.5686,-0.6438,2.622,2.941,3.874,36.1244,-17.5185,0.2,0.0,0.0,0.0,1.0977,-0.598,-0.65,1.4089,-0.0878,1,0,0,0.775,0.417,0.583,0,0,0.0,4,LANDING_PHASE,1.076,-0.5686,-2.5829,1.407
2016,52.706,33.563,-16.1229,2.7088,1.0761,-0.5688,-0.644,2.609,2.917,3.847,36.1244,-17.5185,0.2,0.0,0.0,0.0,1.0976,-0.5981,-0.65,1.4089,-0.0608,1,0,0,0.775,0.419,0.581,0,0,0.0,4,LANDING_PHASE,1.0761,-0.5688,-2.5614,1.3956
2017,52.719,33.5845,-16.1343,2.6959,1.0766,-0.5698,-0.644,2.596,2.893,3.821,36.1244,-17.5185,0.2,0.0,0.0,0.0,1.0976,-0.5982,-0.65,1.4089,-0.0967,1,0,0,0.778,0.421,0.579,0,0,0.0,4,LANDING_PHASE,1.0766,-0.5698,-2.5399,1.3842
2018,52.731,33.6061,-16.1457,2.6831,1.0763,-0.5697,-0.6439,2.583,2.868,3.794,36.1244,-17.5185,0.2,0.0,0.0,0.0,1.0975,-0.5983,-0.65,1.4089,-0.0539,1,0,0,0.791,0.422,0.578,0,0,0.0,4,LANDING_PHASE,1.0763,-0.5697,-2.5183,1.3728
2019,52.744,33.6276,-16.1571,2.6702,1.0769,-0.5713,-0.6439,2.57,2.844,3.767,36.1244,-17.5185,0.2,0.0,0.0,0.0,1.0975,-0.5984,-0.65,1.4089,-0.0899,1,0,0,0.791,0.424,0.576,0,0,0.0,4,LANDING_PHASE,1.0769,-0.5713,-2.4968,1.3614
2020,52.757,33.6491,-16.1685,2.6573,1.0764,-0.5715,-0.644,2.557,2.819,3.74,36.1244,-17.5185,0.2,0.0,0.0,0.0,1.0974,-0.5985,-0.65,1.4089,-0.0474,1,0,0,0.779,0.422,0.578,0,0,0.0,4,LANDING_PHASE,1.0764,-0.5715,-2.4753,1.35
2021,52.769,33.6707,-16.18,2.6444,1.0765,-0.573,-0.6439,2.544,2.795,3.713,36.1244,-17.5185,0.2,0.0,0.0,0.0,1.0973,-0.5986,-0.65,1.4089,-0.0836,1,0,0,0.796,0.424,0.576,0,0,0.0,4,LANDING_PHASE,1.0765,-0.573,-2.4537,1.3385
2022,52.782,33.6922,-16.1914,2.6315,1.0754,-0.5728,-0.6447,2.532,2.771,3.686,36.1244,-17.5185,0.2,0.0,0.0,0.0,1.0973,-0.5987,-0.65,1.4089,-0.0522,1,0,0,0.781,0.425,0.575,0,0,0.0,4,LANDING_PHASE,1.0754,-0.5728,-2.4322,1.3271
2023,52.795,33.7137,-16.2029,2.6187,1.0746,-0.5736,-0.6444,2.519,2.746,3.66,36.1244,-17.5185,0.2,0.0,0.0,0.0,1.0972,-0.5988,-0.65,1.4089,-0.0925,1,0,0,0.785,0.422,0.578,0,0,0.0,4,LANDING_PHASE,1.0746,-0.5736,-2.4107,1.3156
2024,52.807,33.7351,-16.2144,2.6058,1.0737,-0.5729,-0.6442,2.506,2.722,3.633,36.1244,-17.5185,0.2,0.0,0.0,0.0,1.0972,-0.5989,-0.65,1.4089,-0.0554,1,0,0,0.785,0.424,0.576,0,0,0.0,4,LANDING_PHASE,1.0737,-0.5729,-2.3893,1.3041
2025,52.82,33.7566,-16.2258,2.5929,1.0744,-0.5735,-0.6441,2.493,2.698,3.606,36.1244,-17.5185,0.2,0.0,0.0,0.0,1.0971,-0.599,-0.65,1.4089,-0.0954,1,0,0,0.788,0.426,0.574,0,0,0.0,4,LANDING_PHASE,1.0744,-0.5735,-2.3678,1.2927
2026,52.832,33.7781,-16.2373,2.58,1.0747,-0.5723,-0.6441,2.48,2.673,3.579,36.1244,-17.5185,0.2,0.0,0.0,0.0,1.0971,-0.5991,-0.65,1.4089,-0.072,1,0,0,0.788,0.425,0.575,0,0,0.0,4,LANDING_PHASE,1.0747,-0.5723,-2.3463,1.2812
2027,52.845,33.7997,-16.2487,2.5671,1.0763,-0.572,-0.6447,2.467,2.649,3.552,36.1244,-17.5185,0.2,0.0,0.0,0.0,1.097,-0.5992,-0.65,1.4089,-0.109,1,0,0,0.791,0.422,0.578,0,0,0.0,4,LANDING_PHASE,1.0763,-0.572,-2.3248,1.2698
2028,52.857,33.8212,-16.2602,2.5542,1.077,-0.5709,-0.6444,2.454,2.625,3.526,36.1244,-17.5185,0.2,0.0,0.0,0.0,1.097,-0.5993,-0.65,1.4089,-0.0669,1,0,0,0.791,0.43,0.57,0,0,0.0,4,LANDING_PHASE,1.077,-0.5709,-2.3032,1.2584
2029,52.869,33.8428,-16.2716,2.5413,1.0787,-0.5718,-0.6442,2.441,2.6,3.499,36.1244,-17.5185,0.2,0.0,0.0,0.0,1.0969,-0.5994,-0.65,1.4089,-0.1026,1,0,0,0.793,0.425,0.575,0,0,0.0,4,LANDING_PHASE,1.0787,-0.5718,-2.2816,1.2469
2030,52.882,33.8644,-16.283,2.5285,1.0792,-0.5716,-0.644,2.428,2.576,3.472,36.1244,-17.5185,0.2,0.0,0.0,0.0,1.0968,-0.5996,-0.65,1.4089,-0.0602,1,0,0,0.792,0.429,0.571,0,0,0.0,4,LANDING_PHASE,1.0792,-0.5716,-2.2601,1.2355
2031,52.894,33.886,-16.2945,2.5156,1.0805,-0.5731,-0.644,2.416,2.551,3.445,36.1244,-17.5185,0.2,0.0,0.0,0.0,1.0967,-0.5997,-0.65,1.4089,-0.0959,1,0,0,0.795,0.425,0.575,0,0,0.0,4,LANDING_PHASE,1.0805,-0.5731,-2.2384,1.224
2032,52.907,33.9076,-16.3059,2.5027,1.0804,-0.5732,-0.6439,2.403,2.527,3.419,36.1244,-17.5185,0.2,0.0,0.0,0.0,1.0967,-0.5999,-0.65,1.4089,-0.0534,1,0,0,0.793,0.432,0.568,0,0,0.0,4,LANDING_PHASE,1.0804,-0.5732,-2.2168,1.2126
2033,52.919,33.9292,-16.3174,2.4898,1.0807,-0.5746,-0.6439,2.39,2.502,3.392,36.1244,-17.5185,0.2,0.0,0.0,0.0,1.0966,-0.6,-0.65,1.4089,-0.089,1,0,0,0.795,0.432,0.568,0,0,0.0,4,LANDING_PHASE,1.0807,-0.5746,-2.1952,1.2011
2034,52.932,33.9508,-16.3289,2.4769,1.0794,-0.5743,-0.644,2.377,2.478,3.365,36.1244,-17.5185,0.2,0.0,0.0,0.0,1.0922,-0.5978,-0.65,1.4046,-0.0536,1,0,0,0.821,0.432,0.568,0,0,0.0,4,LANDING_PHASE,1.0794,-0.5743,-2.1736,1.1896
2035,52.944,33.9723,-16.3404,2.4641,1.0784,-0.5751,-0.644,2.364,2.453,3.338,36.1244,-17.5185,0.2,0.0,0.0,0.0,1.0874,-0.5954,-0.65,1.3998,-0.0879,1,0,0,0.822,0.426,0.574,0,0,0.0,4,LANDING_PHASE,1.0784,-0.5751,-2.1521,1.1781
2036,52.956,33.9939,-16.3519,2.4512,1.0774,-0.5744,-0.6445,2.351,2.429,3.312,36.1244,-17.5185,0.2,0.0,0.0,0.0,1.0826,-0.593,-0.65,1.3951,-0.0482,1,0,0,0.799,0.427,0.573,0,0,0.0,4,LANDING_PHASE,1.0774,-0.5744,-2.1305,1.1666
2037,52.968,34.0154,-16.3634,2.4383,1.0776,-0.575,-0.6443,2.338,2.405,3.285,36.1244,-17.5185,0.2,0.0,0.0,0.0,1.0778,-0.5906,-0.65,1.3903,-0.0861,1,0,0,0.826,0.426,0.574,0,0,0.0,4,LANDING_PHASE,1.0776,-0.575,-2.109,1.1551
2038,52.98,34.037,-16.3749,2.4254,1.0773,-0.5737,-0.6443,2.325,2.38,3.258,36.1244,-17.5185,0.2,0.0,0.0,0.0,1.073,-0.5882,-0.65,1.3856,-0.0552,1,0,0,0.801,0.426,0.574,0,0,0.0,4,LANDING_PHASE,1.0773,-0.5737,-2.0874,1.1436
2039,52.992,34.0585,-16.3864,2.4125,1.078,-0.5734,-0.6442,2.313,2.356,3.232,36.1244,-17.5185,0.2,0.0,0.0,0.0,1.0682,-0.5858,-0.65,1.3809,-0.093,1,0,0,0.804,0.425,0.575,0,0,0.0,4,LANDING_PHASE,1.078,-0.5734,-2.0659,1.1321
2040,53.004,34.0801,-16.3978,2.3996,1.0778,-0.5718,-0.6441,2.3,2.331,3.205,36.1244,-17.5185,0.2,0.0,0.0,0.0,1.0634,-0.5835,-0.65,1.3761,-0.0518,1,0,0,0.833,0.428,0.572,0,0,0.0,4,LANDING_PHASE,1.0778,-0.5718,-2.0443,1.1207
2041,53.017,34.1017,-16.4092,2.3868,1.0781,-0.5717,-0.6441,2.287,2.307,3.179,36.1244,-17.5185,0.2,0.0,0.0,0.0,1.0585,-0.5812,-0.65,1.3714,-0.0895,1,0,0,0.805,0.426,0.574,0,0,0.0,4,LANDING_PHASE,1.0781,-0.5717,-2.0227,1.1093
2042,53.029,34.1232,-16.4206,2.3739,1.0772,-0.57,-0.644,2.274,2.283,3.152,36.1244,-17.5185,0.2,0.0,0.0,0.0,1.0538,-0.5789,-0.65,1.3668,-0.0483,1,0,0,0.836,0.438,0.562,0,0,0.0,4,LANDING_PHASE,1.0772,-0.57,-2.0012,1.0979
2043,53.041,34.1447,-16.432,2.361,1.0767,-0.5694,-0.644,2.261,2.258,3.126,36.1244,-17.5185,0.2,0.0,0.0,0.0,1.049,-0.5766,-0.65,1.3621,-0.0856,1,0,0,0.805,0.432,0.568,0,0,0.0,4,LANDING_PHASE,1.0767,-0.5694,-1.9797,1.0865
2044,53.053,34.1662,-16.4434,2.3481,1.0746,-0.5669,-0.6441,2.248,2.234,3.099,36.1244,-17.5185,0.2,0.0,0.0,0.0,1.0442,-0.5745,-0.65,1.3575,-0.054,1,0,0,0.832,0.436,0.564,0,0,0.0,4,LANDING_PHASE,1.0746,-0.5669,-1.9582,1.0751
2045,53.065,34.1877,-16.4547,2.3352,1.0727,-0.5652,-0.644,2.235,2.21,3.073,36.1244,-17.5185,0.2,0.0,0.0,0.0,1.0395,-0.5723,-0.65,1.353,-0.091,1,0,0,0.805,0.437,0.563,0,0,0.0,4,LANDING_PHASE,1.0727,-0.5652,-1.9367,1.0638
2046,53.077,34.2091,-16.4659,2.3224,1.0688,-0.562,-0.6441,2.222,2.186,3.046,36.1244,-17.5185,0.2,0.0,0.0,0.0,1.035,-0.5702,-0.65,1.3486,-0.0545,1,0,0,0.837,0.437,0.563,0,0,0.0,4,LANDING_PHASE,1.0688,-0.562,-1.9153,1.0526
2047,53.089,34.2304,-16.4771,2.3095,1.0647,-0.56,-0.644,2.209,2.161,3.02,36.1244,-17.5185,0.2,0.0,0.0,0.0,1.0305,-0.5681,-0.65,1.3443,-0.091,1,0,0,0.807,0.438,0.562,0,0,0.0,4,LANDING_PHASE,1.0647,-0.56,-1.8941,1.0414
2048,53.101,34.2515,-16.4882,2.2966,1.0594,-0.5566,-0.644,2.197,2.138,2.994,36.1244,-17.5185,0.2,0.0,0.0,0.0,1.0261,-0.5662,-0.65,1.3401,-0.0502,1,0,0,0.842,0.438,0.562,0,0,0.0,4,LANDING_PHASE,1.0594,-0.5566,-1.8729,1.0303
2049,53.114,34.2726,-16.4993,2.2837,1.0546,-0.5545,-0.6439,2.184,2.114,2.968,36.1244,-17.5185,0.2,0.0,0.0,0.0,1.0218,-0.5642,-0.65,1.336,-0.0865,1,0,0,0.807,0.438,0.562,0,0,0.0,4,LANDING_PHASE,1.0546,-0.5545,-1.8518,1.0192
2050,53.126,34.2936,-16.5103,2.2708,1.0485,-0.5506,-0.6441,2.171,2.09,2.942,36.1244,-17.5185,0.2,0.0,0.0,0.0,1.0176,-0.5623,-0.65,1.332,-0.0588,1,0,0,0.847,0.439,0.561,0,0,0.0,4,LANDING_PHASE,1.0485,-0.5506,-1.8308,1.0082
2051,53.138,34.3145,-16.5213,2.2579,1.0426,-0.5477,-0.6441,2.158,2.066,2.916,36.1244,-17.5185,0.2,0.0,0.0,0.0,1.0135,-0.5605,-0.65,1.3281,-0.0948,1,0,0,0.806,0.441,0.559,0,0,0.0,4,LANDING_PHASE,1.0426,-0.5477,-1.8099,0.9972
2052,53.15,34.3352,-16.5322,2.2451,1.0355,-0.5436,-0.6441,2.145,2.043,2.891,36.1244,-17.5185,0.2,0.0,0.0,0.0,1.0095,-0.5587,-0.65,1.3243,-0.0548,1,0,0,0.851,0.44,0.56,0,0,0.0,4,LANDING_PHASE,1.0355,-0.5436,-1.7892,0.9863
2053,53.162,34.3557,-16.543,2.2322,1.0287,-0.5413,-0.6442,2.132,2.02,2.865,36.1244,-17.5185,0.2,0.0,0.0,0.0,1.0056,-0.5569,-0.65,1.3206,-0.0905,1,0,0,0.808,0.442,0.558,0,0,0.0,4,LANDING_PHASE,1.0287,-0.5413,-1.7687,0.9755
2054,53.174,34.3762,-16.5537,2.2193,1.0205,-0.5377,-0.6444,2.119,1.997,2.84,36.1244,-17.5185,0.2,0.0,0.0,0.0,1.002,-0.5552,-0.65,1.3171,-0.0574,1,0,0,0.855,0.442,0.558,0,0,0.0,4,LANDING_PHASE,1.0205,-0.5377,-1.7483,0.9648
2055,53.186,34.3964,-16.5644,2.2064,1.0127,-0.5355,-0.6444,2.106,1.974,2.815,36.1244,-17.5185,0.2,0.0,0.0,0.0,0.9984,-0.5535,-0.65,1.3136,-0.0929,1,0,0,0.813,0.445,0.555,0,0,0.0,4,LANDING_PHASE,1.0127,-0.5355,-1.728,0.9541
2056,53.198,34.4165,-16.5751,2.1935,1.005,-0.5321,-0.6443,2.094,1.951,2.789,36.1244,-17.5185,0.2,0.0,0.0,0.0,0.9949,-0.5518,-0.65,1.3103,-0.052,1,0,0,0.857,0.445,0.555,0,0,0.0,4,LANDING_PHASE,1.005,-0.5321,-1.7079,0.9434
2057,53.21,34.4365,-16.5857,2.1806,0.9992,-0.5306,-0.6443,2.081,1.929,2.764,36.1244,-17.5185,0.2,0.0,0.0,0.0,0.9913,-0.55,-0.65,1.3068,-0.0878,1,0,0,0.858,0.444,0.556,0,0,0.0,4,LANDING_PHASE,0.9992,-0.5306,-1.6879,0.9328
2058,53.222,34.4564,-16.5963,2.1677,0.9933,-0.5276,-0.6447,2.068,1.906,2.74,36.1244,-17.5185,0.2,0.0,0.0,0.0,0.9877,-0.5484,-0.65,1.3034,-0.054,1,0,0,0.86,0.444,0.556,0,0,0.0,4,LANDING_PHASE,0.9933,-0.5276,-1.6681,0.9222
2059,53.234,34.4761,-16.6068,2.1549,0.9889,-0.526,-0.6445,2.055,1.884,2.715,36.1244,-17.5185,0.2,0.0,0.0,0.0,0.9841,-0.5467,-0.65,1.2999,-0.0916,1,0,0,0.861,0.443,0.557,0,0,0.0,4,LANDING_PHASE,0.9889,-0.526,-1.6483,0.9117
2060,53.246,34.4958,-16.6172,2.142,0.9842,-0.5232,-0.6444,2.042,1.861,2.69,36.1244,-17.5185,0.2,0.0,0.0,0.0,0.9806,-0.5451,-0.65,1.2966,-0.0514,1,0,0,0.864,0.448,0.552,0,0,0.0,4,LANDING_PHASE,0.9842,-0.5232,-1.6286,0.9013
2061,53.258,34.5154,-16.6277,2.1291,0.9806,-0.522,-0.6443,2.029,1.839,2.665,36.1244,-17.5185,0.2,0.0,0.0,0.0,0.9769,-0.5434,-0.65,1.2931,-0.0889,1,0,0,0.825,0.44,0.56,0,0,0.0,4,LANDING_PHASE,0.9806,-0.522,-1.609,0.8908
2062,53.27,34.535,-16.6381,2.1162,0.9765,-0.5192,-0.6443,2.016,1.817,2.641,36.1244,-17.5185,0.2,0.0,0.0,0.0,0.9734,-0.5419,-0.65,1.2898,-0.0555,1,0,0,0.868,0.449,0.551,0,0,0.0,4,LANDING_PHASE,0.9765,-0.5192,-1.5895,0.8804
2063,53.282,34.5544,-16.6484,2.1033,0.9733,-0.5177,-0.6443,2.003,1.795,2.616,36.1244,-17.5185,0.2,0.0,0.0,0.0,0.9698,-0.5402,-0.65,1.2864,-0.0928,1,0,0,0.825,0.441,0.559,0,0,0.0,4,LANDING_PHASE,0.9733,-0.5177,-1.57,0.8701
2064,53.294,34.5738,-16.6587,2.0904,0.9691,-0.5148,-0.6442,1.99,1.773,2.592,36.1244,-17.5185,0.2,0.0,0.0,0.0,0.9664,-0.5388,-0.65,1.2832,-0.0526,1,0,0,0.872,0.45,0.55,0,0,0.0,4,LANDING_PHASE,0.9691,-0.5148,-1.5506,0.8598
2065,53.306,34.5931,-16.669,2.0775,0.9654,-0.5135,-0.6442,1.978,1.751,2.567,36.1244,-17.5185,0.2,0.0,0.0,0.0,0.9244,-0.5155,-0.266,1.0913,-0.0897,1,1,0,0.826,0.445,0.555,0,0,0.0,4,DESCENT_PHASE,0.9654,-0.5135,-1.5313,0.8495
2066,53.318,34.6123,-16.6792,2.0675,0.9583,-0.509,-0.5019,1.967,1.729,2.545,36.1244,-17.5185,0.2,0.0,0.0,0.0,0.8824,-0.4923,-0.1727,1.0251,-0.0364,1,1,0,0.878,0.451,0.549,0,0,0.0,4,DESCENT_PHASE,0.9583,-0.509,-1.5121,0.8393
2067,53.33,34.6313,-16.6893,2.0599,0.952,-0.5067,-0.3779,1.96,1.708,2.525,36.1244,-17.5185,0.2,0.0,0.0,0.0,0.8404,-0.469,-0.3835,1.036,-0.0834,1,1,0,0.878,0.45,0.55,0,0,0.0,4,DESCENT_PHASE,0.952,-0.5067,-1.4931,0.8292
2068,53.342,34.6502,-16.6993,2.0524,0.9455,-0.502,-0.3781,1.952,1.686,2.505,36.1244,-17.5185,0.2,0.0,0.0,0.0,0.7984,-0.4459,-0.3833,0.9915,-0.0434,1,1,0,0.801,0.45,0.55,0,0,0.0,4,DESCENT_PHASE,0.9455,-0.502,-1.4742,0.8192
2069,53.354,34.669,-16.7093,2.0448,0.939,-0.4981,-0.3777,1.945,1.665,2.485,36.1244,-17.5185,0.2,0.0,0.0,0.0,0.7563,-0.4227,-0.3838,0.9476,-0.0765,1,1,0,0.8,0.45,0.55,0,0,0.0,4,DESCENT_PHASE,0.939,-0.4981,-1.4554,0.8092
2070,53.366,34.6876,-16.7191,2.0373,0.9307,-0.4918,-0.3779,1.937,1.644,2.466,36.1244,-17.5185,0.2,0.0,0.0,0.0,0.7143,-0.3996,-0.3835,0.9038,-0.0408,1,1,0,0.795,0.451,0.549,0,0,0.0,4,DESCENT_PHASE,0.9307,-0.4918,-1.4368,0.7994
2071,53.378,34.706,-16.7289,2.0297,0.9208,-0.4857,-0.3766,1.93,1.623,2.446,36.1244,-17.5185,0.2,0.0,0.0,0.0,0.6722,-0.3765,-0.3858,0.8616,-0.0804,1,1,0,0.794,0.448,0.552,0,0,0.0,4,DESCENT_PHASE,0.9208,-0.4857,-1.4184,0.7896
2072,53.39,34.7242,-16.7384,2.0222,0.9076,-0.4767,-0.3763,1.922,1.603,2.427,36.1244,-17.5185,0.2,0.0,0.0,0.0,0.63,-0.3536,-0.3863,0.8192,-0.0483,1,1,0,0.788,0.446,0.554,0,0,0.0,4,DESCENT_PHASE,0.9076,-0.4767,-1.4002,0.7801
2073,53.402,34.742,-16.7477,2.0147,0.8926,-0.4678,-0.3754,1.915,1.583,2.408,36.1244,-17.5185,0.2,0.0,0.0,0.0,0.5878,-0.3307,-0.3878,0.778,-0.0865,1,1,0,0.785,0.442,0.558,0,0,0.0,4,DESCENT_PHASE,0.8926,-0.4678,-1.3824,0.7708
2074,53.414,34.7595,-16.7569,2.0072,0.8739,-0.4561,-0.3751,1.907,1.563,2.389,36.1244,-17.5185,0.2,0.0,0.0,0.0,0.5455,-0.308,-0.3884,0.7371,-0.0536,1,1,0,0.779,0.437,0.563,0,0,0.0,4,DESCENT_PHASE,0.8739,-0.4561,-1.3649,0.7616
2075,53.425,34.7766,-16.7658,1.9997,0.8531,-0.4444,-0.3741,1.9,1.544,2.371,36.1244,-17.5185,0.2,0.0,0.0,0.0,0.5031,-0.2855,-0.39,0.6977,-0.0903,1,1,0,0.776,0.434,0.566,0,0,0.0,4,DESCENT_PHASE,0.8531,-0.4444,-1.3478,0.7527
2076,53.437,34.7932,-16.7743,1.9922,0.8283,-0.4298,-0.374,1.892,1.525,2.353,36.1244,-17.5185,0.2,0.0,0.0,0.0,0.4657,-0.2661,-0.3902,0.6633,-0.0681,1,1,0,0.767,0.432,0.568,0,0,0.0,4,DESCENT_PHASE,0.8283,-0.4298,-1.3313,0.7442
2077,53.449,34.8092,-16.7827,1.9848,0.8011,-0.4151,-0.3736,1.885,1.507,2.336,36.1244,-17.5185,0.2,0.0,0.0,0.0,0.4677,-0.2676,-0.3909,0.6657,-0.1056,1,1,0,0.763,0.426,0.574,0,0,0.0,4,DESCENT_PHASE,0.8011,-0.4151,-1.3152,0.7358
2078,53.461,34.8246,-16.7906,1.9773,0.7697,-0.3982,-0.3752,1.877,1.49,2.319,36.1244,-17.5185,0.2,0.0,0.0,0.0,0.4708,-0.2696,-0.3881,0.6671,-0.0728,1,1,0,0.757,0.423,0.577,0,0,0.0,4,DESCENT_PHASE,0.7697,-0.3982,-1.2998,0.7279
2079,53.472,34.8393,-16.7983,1.9697,0.7356,-0.3818,-0.376,1.87,1.473,2.303,36.1244,-17.5185,0.2,0.0,0.0,0.0,0.4747,-0.2717,-0.3868,0.6699,-0.0999,1,1,0,0.757,0.424,0.576,0,0,0.0,4,DESCENT_PHASE,0.7356,-0.3818,-1.2851,0.7202
2080,53.484,34.8533,-16.8055,1.9622,0.6991,-0.3635,-0.378,1.862,1.457,2.287,36.1244,-17.5185,0.2,0.0,0.0,0.0,0.4793,-0.2742,-0.3834,0.6723,-0.0761,1,1,0,0.759,0.425,0.575,0,0,0.0,4,DESCENT_PHASE,0.6991,-0.3635,-1.2711,0.713
2081,53.496,34.8665,-16.8124,1.9546,0.6618,-0.346,-0.3796,1.855,1.443,2.271,36.1244,-17.5185,0.2,0.0,0.0,0.0,0.4844,-0.2768,-0.3807,0.6754,-0.0985,1,1,0,0.761,0.427,0.573,0,0,0.0,4,DESCENT_PHASE,0.6618,-0.346,-1.2579,0.7061
2082,53.508,34.879,-16.819,1.947,0.6254,-0.3272,-0.3809,1.847,1.428,2.257,36.1244,-17.5185,0.2,0.0,0.0,0.0,0.4897,-0.2797,-0.3785,0.6792,-0.0822,1,1,0,0.768,0.433,0.567,0,0,0.0,4,DESCENT_PHASE,0.6254,-0.3272,-1.2454,0.6995
2083,53.52,34.8908,-16.8252,1.9393,0.5897,-0.3096,-0.3818,1.839,1.415,2.242,36.1244,-17.5185,0.2,0.0,0.0,0.0,0.4951,-0.2825,-0.3769,0.6834,-0.0982,1,1,0,0.769,0.435,0.565,0,0,0.0,4,DESCENT_PHASE,0.5897,-0.3096,-1.2336,0.6933
2084,53.532,34.9019,-16.831,1.9317,0.5569,-0.2918,-0.3827,1.832,1.403,2.228,36.1244,-17.5185,0.2,0.0,0.0,0.0,0.5001,-0.2855,-0.3755,0.6875,-0.0787,1,1,0,0.776,0.441,0.559,0,0,0.0,4,DESCENT_PHASE,0.5569,-0.2918,-1.2225,0.6875
2085,53.544,34.9124,-16.8365,1.924,0.5241,-0.2758,-0.3831,1.824,1.391,2.215,36.1244,-17.5185,0.2,0.0,0.0,0.0,0.5054,-0.2882,-0.3747,0.692,-0.1074,1,1,0,0.785,0.45,0.55,0,0,0.0,4,DESCENT_PHASE,0.5241,-0.2758,-1.212,0.682
2086,53.556,34.9223,-16.8417,1.9164,0.4943,-0.2599,-0.3829,1.816,1.38,2.202,36.1244,-17.5185,0.2,0.0,0.0,0.0,0.5103,-0.291,-0.375,0.6969,-0.0688,1,1,0,0.79,0.446,0.554,0,0,0.0,4,DESCENT_PHASE,0.4943,-0.2599,-1.2021,0.6768
2087,53.567,34.9317,-16.8467,1.9087,0.4689,-0.2471,-0.3827,1.809,1.369,2.189,36.1244,-17.5185,0.2,0.0,0.0,0.0,0.5144,-0.2932,-0.3755,0.7012,-0.0996,1,1,0,0.798,0.456,0.544,0,0,0.0,4,DESCENT_PHASE,0.4689,-0.2471,-1.1927,0.6718
2088,53.579,34.9406,-16.8514,1.901,0.4461,-0.2341,-0.3831,1.801,1.359,2.177,36.1244,-17.5185,0.2,0.0,0.0,0.0,0.5182,-0.2956,-0.3748,0.7045,-0.0801,1,1,0,0.803,0.462,0.538,0,0,0.0,4,DESCENT_PHASE,0.4461,-0.2341,-1.1838,0.6671
2089,53.591,34.9491,-16.8558,1.8934,0.4271,-0.2238,-0.3817,1.793,1.349,2.165,36.1244,-17.5185,0.2,0.0,0.0,0.0,0.5213,-0.2975,-0.377,0.7088,-0.1157,1,1,0,0.81,0.47,0.53,0,0,0.0,4,DESCENT_PHASE,0.4271,-0.2238,-1.1753,0.6627
2090,53.603,34.9574,-16.8601,1.8858,0.4103,-0.2146,-0.381,1.786,1.34,2.153,36.1244,-17.5185,0.2,0.0,0.0,0.0,0.524,-0.2991,-0.3784,0.7122,-0.0787,1,1,0,0.814,0.469,0.531,0,0,0.0,4,DESCENT_PHASE,0.4103,-0.2146,-1.1671,0.6584
2091,53.615,34.9653,-16.8643,1.8782,0.3974,-0.2095,-0.3804,1.778,1.331,2.142,36.1244,-17.5185,0.2,0.0,0.0,0.0,0.526,-0.3,-0.3793,0.7145,-0.1151,1,1,0,0.82,0.473,0.527,0,0,0.0,4,DESCENT_PHASE,0.3974,-0.2095,-1.1591,0.6542
2092,53.627,34.973,-16.8684,1.8706,0.3865,-0.2052,-0.3796,1.771,1.322,2.131,36.1244,-17.5185,0.2,0.0,0.0,0.0,0.5276,-0.3007,-0.3806,0.7167,-0.0775,1,1,0,0.823,0.469,0.531,0,0,0.0,4,DESCENT_PHASE,0.3865,-0.2052,-1.1514,0.6501
2093,53.639,34.9806,-16.8725,1.863,0.3793,-0.2046,-0.3791,1.763,1.314,2.119,36.1244,-17.5185,0.2,0.0,0.0,0.0,0.5285,-0.3005,-0.3815,0.7178,-0.1146,1,1,0,0.829,0.479,0.521,0,0,0.0,4,DESCENT_PHASE,0.3793,-0.2046,-1.1438,0.646
2094,53.651,34.9881,-16.8766,1.8554,0.3743,-0.2045,-0.3784,1.755,1.305,2.108,36.1244,-17.5185,0.2,0.0,0.0,0.0,0.529,-0.3003,-0.3827,0.7186,-0.0748,1,1,0,0.832,0.483,0.517,0,0,0.0,4,DESCENT_PHASE,0.3743,-0.2045,-1.1363,0.6419
2095,53.663,34.9956,-16.8808,1.8479,0.3729,-0.2078,-0.3782,1.748,1.297,2.097,36.1244,-17.5185,0.2,0.0,0.0,0.0,0.5287,-0.2993,-0.3831,0.7182,-0.1128,1,1,0,0.859,0.492,0.508,0,0,0.0,4,DESCENT_PHASE,0.3729,-0.2078,-1.1288,0.6377
2096,53.675,35.003,-16.885,1.8403,0.3734,-0.2113,-0.3777,1.74,1.288,2.086,36.1244,-17.5185,0.2,0.0,0.0,0.0,0.528,-0.2982,-0.3839,0.7177,-0.072,1,1,0,0.862,0.496,0.504,0,0,0.0,4,DESCENT_PHASE,0.3734,-0.2113,-1.1214,0.6335
2097,53.687,35.0106,-16.8893,1.8328,0.3773,-0.2178,-0.3777,1.733,1.279,2.074,36.1244,-17.5185,0.2,0.0,0.0,0.0,0.5266,-0.2964,-0.3839,0.7159,-0.1106,1,1,0,0.868,0.499,0.501,0,0,0.0,4,DESCENT_PHASE,0.3773,-0.2178,-1.1138,0.6292
2098,53.699,35.0182,-16.8938,1.8252,0.3828,-0.224,-0.3775,1.725,1.27,2.063,36.1244,-17.5185,0.2,0.0,0.0,0.0,0.5248,-0.2946,-0.3842,0.714,-0.0689,1,1,0,0.87,0.496,0.504,0,0,0.0,4,DESCENT_PHASE,0.3828,-0.224,-1.1062,0.6247
2099,53.711,35.0261,-16.8985,1.8177,0.3915,-0.233,-0.3779,1.718,1.261,2.051,36.1244,-17.5185,0.2,0.0,0.0,0.0,0.5223,-0.2922,-0.3835,0.7108,-0.1051,1,1,0,0.872,0.497,0.503,0,0,0.0,4,DESCENT_PHASE,0.3915,-0.233,-1.0983,0.62
2100,53.723,35.0341,-16.9033,1.8101,0.4014,-0.2414,-0.3779,1.71,1.252,2.04,36.1244,-17.5185,0.2,0.0,0.0,0.0,0.5195,-0.2898,-0.3835,0.7077,-0.0624,1,1,0,0.873,0.496,0.504,0,0,0.0,4,DESCENT_PHASE,0.4014,-0.2414,-1.0903,0.6152
2101,53.735,35.0424,-16.9083,1.8025,0.4132,-0.2518,-0.3783,1.703,1.242,2.028,36.1244,-17.5185,0.2,0.0,0.0,0.0,0.5162,-0.2868,-0.3828,0.7038,-0.1019,1,1,0,0.875,0.494,0.506,0,0,0.0,4,DESCENT_PHASE,0.4132,-0.2518,-1.0821,0.6102
2102,53.747,35.0509,-16.9136,1.795,0.4249,-0.2611,-0.3785,1.695,1.232,2.016,36.1244,-17.5185,0.2,0.0,0.0,0.0,0.5129,-0.2841,-0.3825,0.7,-0.0588,1,1,0,0.875,0.498,0.502,0,0,0.0,4,DESCENT_PHASE,0.4249,-0.2611,-1.0736,0.6049
2103,53.759,35.0596,-16.919,1.7874,0.4382,-0.2721,-0.3791,1.687,1.222,2.003,36.1244,-17.5185,0.2,0.0,0.0,0.0,0.5092,-0.2808,-0.3816,0.6955,-0.0923,1,1,0,0.876,0.495,0.505,0,0,0.0,4,DESCENT_PHASE,0.4382,-0.2721,-1.0648,0.5995
2104,53.771,35.0686,-16.9246,1.7798,0.4512,-0.2817,-0.3792,1.68,1.211,1.991,36.1244,-17.5185,0.2,0.0,0.0,0.0,0.5054,-0.2778,-0.3814,0.6915,-0.0487,1,1,0,0.875,0.497,0.503,0,0,0.0,4,DESCENT_PHASE,0.4512,-0.2817,-1.0558,0.5939
2105,53.784,35.0779,-16.9305,1.7722,0.4644,-0.2921,-0.3793,1.672,1.2,1.978,36.1244,-17.5185,0.2,0.0,0.0,0.0,0.5016,-0.2746,-0.3811,0.6872,-0.0882,1,1,0,0.876,0.498,0.502,0,0,0.0,4,DESCENT_PHASE,0.4644,-0.2921,-1.0465,0.588
2106,53.796,35.0875,-16.9365,1.7646,0.4762,-0.3002,-0.3794,1.665,1.189,1.965,36.1244,-17.5185,0.2,0.0,0.0,0.0,0.4981,-0.2718,-0.381,0.6835,-0.0447,1,1,0,0.875,0.497,0.503,0,0,0.0,4,DESCENT_PHASE,0.4762,-0.3002,-1.037,0.582
2107,53.808,35.0972,-16.9427,1.757,0.4879,-0.3089,-0.3794,1.657,1.178,1.952,36.1244,-17.5185,0.2,0.0,0.0,0.0,0.4945,-0.2688,-0.381,0.6796,-0.0838,1,1,0,0.875,0.498,0.502,0,0,0.0,4,DESCENT_PHASE,0.4879,-0.3089,-1.0272,0.5758
2108,53.82,35.1072,-16.949,1.7494,0.4978,-0.315,-0.3794,1.649,1.166,1.939,36.1244,-17.5185,0.2,0.0,0.0,0.0,0.4912,-0.2663,-0.381,0.6763,-0.0405,1,1,0,0.871,0.496,0.504,0,0,0.0,4,DESCENT_PHASE,0.4978,-0.315,-1.0172,0.5695
2109,53.832,35.1173,-16.9554,1.7419,0.5076,-0.3213,-0.3792,1.642,1.154,1.926,36.1244,-17.5185,0.2,0.0,0.0,0.0,0.488,-0.2638,-0.3813,0.6731,-0.0791,1,1,0,0.872,0.495,0.505,0,0,0.0,4,DESCENT_PHASE,0.5076,-0.3213,-1.0071,0.5631
2110,53.844,35.1276,-16.9619,1.7343,0.5152,-0.3246,-0.3793,1.634,1.142,1.912,36.1244,-17.5185,0.2,0.0,0.0,0.0,0.4852,-0.2619,-0.3811,0.6703,-0.0375,1,1,0,0.847,0.499,0.501,0,0,0.0,4,DESCENT_PHASE,0.5152,-0.3246,-0.9968,0.5566
2111,53.856,35.1381,-16.9684,1.7267,0.5224,-0.3279,-0.3789,1.627,1.129,1.899,36.1244,-17.5185,0.2,0.0,0.0,0.0,0.4825,-0.26,-0.3819,0.668,-0.0762,1,1,0,0.847,0.5,0.5,0,0,0.0,4,DESCENT_PHASE,0.5224,-0.3279,-0.9863,0.5501
2112,53.868,35.1486,-16.975,1.7191,0.5273,-0.328,-0.3787,1.619,1.117,1.886,36.1244,-17.5185,0.2,0.0,0.0,0.0,0.4803,-0.259,-0.3821,0.6662,-0.0346,1,1,0,0.845,0.494,0.506,0,0,0.0,4,DESCENT_PHASE,0.5273,-0.328,-0.9758,0.5435
2113,53.881,35.1592,-16.9815,1.7116,0.5315,-0.3276,-0.3785,1.612,1.104,1.872,36.1244,-17.5185,0.2,0.0,0.0,0.0,0.4782,-0.258,-0.3826,0.6646,-0.0727,1,1,0,0.844,0.493,0.507,0,0,0.0,4,DESCENT_PHASE,0.5315,-0.3276,-0.9652,0.537
2114,53.893,35.1699,-16.988,1.704,0.5331,-0.3238,-0.3791,1.604,1.092,1.859,36.1244,-17.5185,0.2,0.0,0.0,0.0,0.4768,-0.258,-0.3816,0.6629,-0.0592,1,1,2,0.842,0.49,0.51,0,0,0.0,4,SETTLE_PHASE,0.5331,-0.3238,-0.9545,0.5305
2115,53.904,35.1806,-16.9944,1.6985,0.5344,-0.3171,-0.2738,1.598,1.08,1.847,36.1244,-17.5185,0.2,0.0,0.0,0.0,0.4753,-0.2588,-0.5606,0.7792,-0.1082,1,1,2,0.843,0.485,0.515,0,0,0.0,4,SETTLE_PHASE,0.5344,-0.3171,-0.9438,0.5241
2116,53.916,35.1912,-17.0005,1.6943,0.5324,-0.3089,-0.2077,1.594,1.067,1.836,36.1244,-17.5185,0.2,0.0,0.0,0.0,0.4747,-0.26,-0.6729,0.8636,-0.0645,1,1,2,0.84,0.481,0.519,0,0,0.0,4,SETTLE_PHASE,0.5324,-0.3089,-0.9332,0.518
2117,53.928,35.2019,-17.0066,1.691,0.5303,-0.3037,-0.1659,1.591,1.055,1.827,36.1244,-17.5185,0.2,0.0,0.0,0.0,0.4742,-0.2606,-0.744,0.9199,-0.1058,1,1,2,0.84,0.483,0.517,0,0,0.0,4,SETTLE_PHASE,0.5303,-0.3037,-0.9226,0.5119
2118,53.94,35.2124,-17.0126,1.6882,0.5253,-0.2969,-0.1396,1.588,1.043,1.817,36.1244,-17.5185,0.2,0.0,0.0,0.0,0.4743,-0.2617,-0.7888,0.9569,-0.0665,1,1,2,0.836,0.483,0.517,0,0,0.0,4,SETTLE_PHASE,0.5253,-0.2969,-0.9121,0.5059
2119,53.952,35.2227,-17.0184,1.6858,0.5192,-0.2918,-0.1232,1.586,1.031,1.808,36.1244,-17.5185,0.2,0.0,0.0,0.0,0.4749,-0.2624,-0.8165,0.9803,-0.1046,1,1,2,0.834,0.481,0.519,0,0,0.0,4,SETTLE_PHASE,0.5192,-0.2918,-0.9017,0.5001
2120,53.964,35.2329,-17.0241,1.6835,0.5097,-0.2846,-0.1125,1.584,1.019,1.8,36.1244,-17.5185,0.2,0.0,0.0,0.0,0.4763,-0.2637,-0.8347,0.9966,-0.0645,1,1,2,0.83,0.478,0.522,0,0,0.0,4,SETTLE_PHASE,0.5097,-0.2846,-0.8915,0.4944
2121,53.976,35.2429,-17.0297,1.6814,0.4988,-0.2787,-0.1056,1.581,1.008,1.792,36.1244,-17.5185,0.2,0.0,0.0,0.0,0.4782,-0.2646,-0.8465,1.0076,-0.099,1,1,2,0.828,0.478,0.522,0,0,0.0,4,SETTLE_PHASE,0.4988,-0.2787,-0.8815,0.4888
2122,53.988,35.2526,-17.0351,1.6794,0.4844,-0.2705,-0.1016,1.579,0.997,1.784,36.1244,-17.5185,0.2,0.0,0.0,0.0,0.4811,-0.2663,-0.8533,1.0151,-0.0764,1,1,2,0.829,0.476,0.524,0,0,0.0,4,SETTLE_PHASE,0.4844,-0.2705,-0.8718,0.4834
2123,54.0,35.262,-17.0403,1.6774,0.4683,-0.2632,-0.0993,1.577,0.986,1.776,36.1244,-17.5185,0.2,0.0,0.0,0.0,0.4846,-0.2677,-0.8571,1.0204,-0.0992,1,1,2,0.826,0.476,0.524,0,0,0.0,4,SETTLE_PHASE,0.4683,-0.2632,-0.8624,0.4782
2124,54.011,35.271,-17.0454,1.6754,0.4532,-0.2547,-0.098,1.575,0.976,1.769,36.1244,-17.5185,0.2,0.0,0.0,0.0,0.4879,-0.2695,-0.8594,1.0243,-0.0775,1,1,2,0.827,0.473,0.527,0,0,0.0,4,SETTLE_PHASE,0.4532,-0.2547,-0.8534,0.4731
2125,54.023,35.2797,-17.0504,1.6735,0.4358,-0.247,-0.0976,1.573,0.966,1.762,36.1244,-17.5185,0.2,0.0,0.0,0.0,0.4919,-0.2711,-0.86,1.0272,-0.1028,1,1,2,0.826,0.472,0.528,0,0,0.0,4,SETTLE_PHASE,0.4358,-0.247,-0.8447,0.4681
2126,54.035,35.2881,-17.0551,1.6715,0.419,-0.2383,-0.0975,1.572,0.956,1.755,36.1244,-17.5185,0.2,0.0,0.0,0.0,0.4958,-0.273,-0.8602,1.0298,-0.0817,1,1,2,0.827,0.475,0.525,0,0,0.0,4,SETTLE_PHASE,0.419,-0.2383,-0.8363,0.4634
2127,54.046,35.2961,-17.0597,1.6696,0.4009,-0.2309,-0.098,1.57,0.947,1.748,36.1244,-17.5185,0.2,0.0,0.0,0.0,0.5003,-0.2746,-0.8594,1.0316,-0.1021,1,1,2,0.826,0.472,0.528,0,0,0.0,4,SETTLE_PHASE,0.4009,-0.2309,-0.8283,0.4588
2128,54.058,35.3038,-17.0642,1.6676,0.3842,-0.2228,-0.0982,1.568,0.938,1.742,36.1244,-17.5185,0.2,0.0,0.0,0.0,0.5044,-0.2764,-0.8591,1.0339,-0.0801,1,1,2,0.827,0.478,0.522,0,0,0.0,4,SETTLE_PHASE,0.3842,-0.2228,-0.8206,0.4543
2129,54.07,35.3111,-17.0685,1.6656,0.3658,-0.216,-0.0988,1.566,0.929,1.735,36.1244,-17.5185,0.2,0.0,0.0,0.0,0.5091,-0.2778,-0.8581,1.0357,-0.099,1,1,2,0.83,0.48,0.52,0,0,0.0,4,SETTLE_PHASE,0.3658,-0.216,-0.8133,0.45
2130,54.082,35.3181,-17.0727,1.6636,0.3485,-0.2086,-0.099,1.564,0.921,1.729,36.1244,-17.5185,0.2,0.0,0.0,0.0,0.5136,-0.2794,-0.8577,1.0381,-0.06,1,1,2,0.829,0.479,0.521,0,0,0.0,4,SETTLE_PHASE,0.3485,-0.2086,-0.8063,0.4458
2131,54.094,35.3248,-17.0767,1.6617,0.333,-0.2025,-0.0991,1.562,0.914,1.724,36.1244,-17.5185,0.2,0.0,0.0,0.0,0.5176,-0.2807,-0.8575,1.0402,-0.0922,1,1,2,0.832,0.482,0.518,0,0,0.0,4,SETTLE_PHASE,0.333,-0.2025,-0.7996,0.4418
2132,54.105,35.3311,-17.0806,1.6597,0.3175,-0.1944,-0.0996,1.56,0.906,1.718,36.1244,-17.5185,0.2,0.0,0.0,0.0,0.5218,-0.2825,-0.8566,1.042,-0.069,1,1,2,0.834,0.485,0.515,0,0,0.0,4,SETTLE_PHASE,0.3175,-0.1944,-0.7933,0.4379
2133,54.117,35.3372,-17.0844,1.6577,0.3034,-0.1872,-0.0998,1.558,0.899,1.713,36.1244,-17.5185,0.2,0.0,0.0,0.0,0.5255,-0.2841,-0.8564,1.0442,-0.0978,1,1,2,0.837,0.488,0.512,0,0,0.0,4,SETTLE_PHASE,0.3034,-0.1872,-0.7872,0.4341
2134,54.129,35.343,-17.088,1.6557,0.2912,-0.1792,-0.0996,1.556,0.892,1.707,36.1244,-17.5185,0.2,0.0,0.0,0.0,0.5288,-0.2859,-0.8567,1.0466,-0.0576,1,1,2,0.837,0.489,0.511,0,0,0.0,4,SETTLE_PHASE,0.2912,-0.1792,-0.7814,0.4305
2135,54.141,35.3486,-17.0914,1.6537,0.281,-0.1728,-0.0995,1.554,0.886,1.702,36.1244,-17.5185,0.2,0.0,0.0,0.0,0.5316,-0.2874,-0.8569,1.0485,-0.091,1,1,2,0.84,0.493,0.507,0,0,0.0,4,SETTLE_PHASE,0.281,-0.1728,-0.7758,0.4271
2136,54.154,35.3541,-17.0947,1.6517,0.271,-0.1649,-0.0996,1.552,0.879,1.697,36.1244,-17.5185,0.2,0.0,0.0,0.0,0.5341,-0.2892,-0.8565,1.05,-0.0638,1,1,2,0.841,0.495,0.505,0,0,0.0,4,SETTLE_PHASE,0.271,-0.1649,-0.7704,0.4238
2137,54.165,35.3593,-17.0979,1.6497,0.2628,-0.1584,-0.0993,1.55,0.873,1.692,36.1244,-17.5185,0.2,0.0,0.0,0.0,0.5353,-0.2902,-0.8554,1.05,-0.0977,1,1,2,0.845,0.491,0.509,0,0,0.0,4,SETTLE_PHASE,0.2628,-0.1584,-0.7651,0.4206
2138,54.177,35.3644,-17.1009,1.6477,0.256,-0.1512,-0.0989,1.548,0.867,1.688,36.1244,-17.5185,0.2,0.0,0.0,0.0,0.5361,-0.2915,-0.8545,1.05,-0.0557,1,1,2,0.846,0.491,0.509,0,0,0.0,4,SETTLE_PHASE,0.256,-0.1512,-0.76,0.4176
2139,54.189,35.3695,-17.1038,1.6458,0.2522,-0.1463,-0.0985,1.546,0.861,1.683,36.1244,-17.5185,0.2,0.0,0.0,0.0,0.5363,-0.2923,-0.8541,1.05,-0.0906,1,1,2,0.85,0.495,0.505,0,0,0.0,4,SETTLE_PHASE,0.2522,-0.1463,-0.7549,0.4147
2140,54.201,35.3745,-17.1066,1.6438,0.2496,-0.1403,-0.0989,1.544,0.856,1.678,36.1244,-17.5185,0.2,0.0,0.0,0.0,0.5368,-0.2938,-0.8533,1.05,-0.0636,1,1,2,0.851,0.498,0.502,0,0,0.0,4,SETTLE_PHASE,0.2496,-0.1403,-0.7499,0.4119
2141,54.213,35.3795,-17.1094,1.6418,0.2498,-0.1363,-0.0984,1.542,0.85,1.674,36.1244,-17.5185,0.2,0.0,0.0,0.0,0.536,-0.2946,-0.8534,1.05,-0.1014,1,1,2,0.853,0.501,0.499,0,0,0.0,4,SETTLE_PHASE,0.2498,-0.1363,-0.7449,0.4091
2142,54.224,35.3845,-17.112,1.6399,0.2508,-0.132,-0.0978,1.54,0.844,1.669,36.1244,-17.5185,0.2,0.0,0.0,0.0,0.535,-0.2957,-0.8537,1.05,-0.0622,1,1,2,0.853,0.499,0.501,0,0,0.0,4,SETTLE_PHASE,0.2508,-0.132,-0.7399,0.4065
2143,54.236,35.3895,-17.1146,1.6379,0.2534,-0.13,-0.0975,1.538,0.839,1.665,36.1244,-17.5185,0.2,0.0,0.0,0.0,0.5339,-0.2962,-0.8542,1.05,-0.1023,1,1,2,0.855,0.5,0.5,0,0,0.0,4,SETTLE_PHASE,0.2534,-0.13,-0.7349,0.4039
2144,54.248,35.3947,-17.1171,1.636,0.2558,-0.1271,-0.0973,1.536,0.833,1.66,36.1244,-17.5185,0.2,0.0,0.0,0.0,0.5328,-0.2971,-0.8546,1.05,-0.0631,1,1,2,0.855,0.5,0.5,0,0,0.0,4,SETTLE_PHASE,0.2558,-0.1271,-0.7297,0.4014
2145,54.259,35.3999,-17.1197,1.634,0.2597,-0.1262,-0.0972,1.534,0.827,1.655,36.1244,-17.5185,0.2,0.0,0.0,0.0,0.5316,-0.2976,-0.8552,1.05,-0.103,1,1,2,0.857,0.501,0.499,0,0,0.0,4,SETTLE_PHASE,0.2597,-0.1262,-0.7246,0.3988
2146,54.271,35.4051,-17.1222,1.6321,0.2632,-0.1241,-0.0971,1.532,0.821,1.651,36.1244,-17.5185,0.2,0.0,0.0,0.0,0.5303,-0.2985,-0.8557,1.05,-0.0647,1,1,2,0.856,0.5,0.5,0,0,0.0,4,SETTLE_PHASE,0.2632,-0.1241,-0.7193,0.3963
2147,54.283,35.4105,-17.1246,1.6301,0.2678,-0.1237,-0.0971,1.53,0.815,1.646,36.1244,-17.5185,0.2,0.0,0.0,0.0,0.5289,-0.2991,-0.8564,1.05,-0.1044,1,1,2,0.857,0.502,0.498,0,0,0.0,4,SETTLE_PHASE,0.2678,-0.1237,-0.7139,0.3939
2148,54.294,35.4159,-17.1271,1.6282,0.2717,-0.1218,-0.0972,1.528,0.809,1.642,36.1244,-17.5185,0.2,0.0,0.0,0.0,0.5276,-0.3001,-0.8568,1.05,-0.0791,1,1,2,0.856,0.5,0.5,0,0,0.0,4,SETTLE_PHASE,0.2717,-0.1218,-0.7085,0.3914
2149,54.306,35.4214,-17.1295,1.6262,0.2766,-0.1212,-0.0977,1.526,0.803,1.637,36.1244,-17.5185,0.2,0.0,0.0,0.0,0.5264,-0.301,-0.8572,1.05,-0.1132,1,1,2,0.857,0.502,0.498,0,0,0.0,4,SETTLE_PHASE,0.2766,-0.1212,-0.703,0.389
2150,54.318,35.427,-17.1319,1.6243,0.2802,-0.1201,-0.0978,1.524,0.797,1.632,36.1244,-17.5185,0.2,0.0,0.0,0.0,0.5251,-0.3019,-0.8577,1.05,-0.0689,1,1,2,0.856,0.503,0.497,0,0,0.0,4,SETTLE_PHASE,0.2802,-0.1201,-0.6974,0.3866
2151,54.329,35.4327,-17.1343,1.6223,0.2845,-0.1213,-0.0975,1.522,0.791,1.628,36.1244,-17.5185,0.2,0.0,0.0,0.0,0.5235,-0.302,-0.8586,1.05,-0.1027,1,1,2,0.857,0.505,0.495,0,0,0.0,4,SETTLE_PHASE,0.2845,-0.1213,-0.6917,0.3842
2152,54.341,35.4385,-17.1368,1.6204,0.2875,-0.1218,-0.0973,1.52,0.785,1.623,36.1244,-17.5185,0.2,0.0,0.0,0.0,0.5222,-0.3024,-0.8593,1.05,-0.0572,1,1,2,0.856,0.506,0.494,0,0,0.0,4,SETTLE_PHASE,0.2875,-0.1218,-0.6859,0.3818
2153,54.353,35.4443,-17.1392,1.6184,0.2909,-0.1244,-0.0972,1.518,0.779,1.618,36.1244,-17.5185,0.2,0.0,0.0,0.0,0.5209,-0.3022,-0.8601,1.05,-0.0912,1,1,2,0.857,0.507,0.493,0,0,0.0,4,SETTLE_PHASE,0.2909,-0.1244,-0.6801,0.3793
2154,54.364,35.4502,-17.1418,1.6165,0.2928,-0.126,-0.0971,1.517,0.772,1.613,36.1244,-17.5185,0.2,0.0,0.0,0.0,0.5199,-0.3022,-0.8607,1.05,-0.0596,1,1,2,0.855,0.506,0.494,0,0,0.0,4,SETTLE_PHASE,0.2928,-0.126,-0.6743,0.3767
2155,54.376,35.4561,-17.1443,1.6146,0.2947,-0.1293,-0.0974,1.515,0.766,1.609,36.1244,-17.5185,0.2,0.0,0.0,0.0,0.5188,-0.3016,-0.8604,1.049,-0.1018,1,1,2,0.856,0.507,0.493,0,0,0.0,4,SETTLE_PHASE,0.2947,-0.1293,-0.6684,0.3742
2156,54.388,35.462,-17.147,1.6126,0.2952,-0.1315,-0.0973,1.513,0.76,1.604,36.1244,-17.5185,0.2,0.0,0.0,0.0,0.5181,-0.3012,-0.8607,1.0487,-0.0643,1,1,2,0.854,0.504,0.496,0,0,0.0,4,SETTLE_PHASE,0.2952,-0.1315,-0.6625,0.3715
2157,54.399,35.4679,-17.1497,1.6107,0.2958,-0.1356,-0.0971,1.511,0.753,1.599,36.1244,-17.5185,0.2,0.0,0.0,0.0,0.5173,-0.3002,-0.8609,1.0482,-0.1052,1,1,2,0.854,0.505,0.495,0,0,0.0,4,SETTLE_PHASE,0.2958,-0.1356,-0.6565,0.3688
2158,54.411,35.4738,-17.1525,1.6087,0.2946,-0.1384,-0.0971,1.509,0.747,1.594,36.1244,-17.5185,0.2,0.0,0.0,0.0,0.5171,-0.2995,-0.861,1.048,-0.0683,1,1,2,0.852,0.5,0.5,0,0,0.0,4,SETTLE_PHASE,0.2946,-0.1384,-0.6506,0.366
2159,54.423,35.4796,-17.1553,1.6068,0.2934,-0.1428,-0.0977,1.507,0.74,1.59,36.1244,-17.5185,0.2,0.0,0.0,0.0,0.517,-0.2983,-0.8599,1.0468,-0.1061,1,1,2,0.853,0.501,0.499,0,0,0.0,4,SETTLE_PHASE,0.2934,-0.1428,-0.6448,0.3632
2160,54.434,35.4854,-17.1582,1.6048,0.2901,-0.1455,-0.0975,1.505,0.734,1.585,36.1244,-17.5185,0.2,0.0,0.0,0.0,0.5175,-0.2975,-0.8603,1.0471,-0.0673,1,1,2,0.851,0.496,0.504,0,0,0.0,4,SETTLE_PHASE,0.2901,-0.1455,-0.639,0.3603
2161,54.446,35.4912,-17.1612,1.6029,0.2867,-0.1496,-0.0973,1.503,0.727,1.58,36.1244,-17.5185,0.2,0.0,0.0,0.0,0.5182,-0.2962,-0.8606,1.0473,-0.1026,1,1,2,0.851,0.499,0.501,0,0,0.0,4,SETTLE_PHASE,0.2867,-0.1496,-0.6332,0.3573
2162,54.458,35.4968,-17.1643,1.6009,0.2815,-0.152,-0.0973,1.501,0.721,1.575,36.1244,-17.5185,0.2,0.0,0.0,0.0,0.5194,-0.2954,-0.8605,1.0477,-0.0653,1,1,2,0.85,0.495,0.505,0,0,0.0,4,SETTLE_PHASE,0.2815,-0.152,-0.6276,0.3542
2163,54.469,35.5023,-17.1674,1.599,0.2763,-0.1556,-0.0973,1.499,0.714,1.571,36.1244,-17.5185,0.2,0.0,0.0,0.0,0.5208,-0.2941,-0.8607,1.0481,-0.1002,1,1,2,0.851,0.496,0.504,0,0,0.0,4,SETTLE_PHASE,0.2763,-0.1556,-0.6221,0.3511
2164,54.481,35.5077,-17.1705,1.597,0.2699,-0.1575,-0.0973,1.497,0.708,1.566,36.1244,-17.5185,0.2,0.0,0.0,0.0,0.5226,-0.2932,-0.8607,1.0487,-0.0597,1,1,2,0.849,0.493,0.507,0,0,0.0,4,SETTLE_PHASE,0.2699,-0.1575,-0.6167,0.348
2165,54.493,35.513,-17.1737,1.5951,0.2641,-0.1605,-0.0973,1.495,0.702,1.562,36.1244,-17.5185,0.2,0.0,0.0,0.0,0.5242,-0.2919,-0.8607,1.0492,-0.0943,1,1,2,0.85,0.494,0.506,0,0,0.0,4,SETTLE_PHASE,0.2641,-0.1605,-0.6114,0.3448
2166,54.504,35.5181,-17.177,1.5931,0.2569,-0.1615,-0.0975,1.493,0.696,1.557,36.1244,-17.5185,0.2,0.0,0.0,0.0,0.5264,-0.2911,-0.8603,1.0498,-0.0611,1,1,2,0.85,0.494,0.506,0,0,0.0,4,SETTLE_PHASE,0.2569,-0.1615,-0.6063,0.3415
2167,54.516,35.5231,-17.1802,1.5912,0.25,-0.1632,-0.0974,1.491,0.69,1.553,36.1244,-17.5185,0.2,0.0,0.0,0.0,0.5283,-0.2899,-0.8599,1.05,-0.0953,1,1,2,0.852,0.498,0.502,0,0,0.0,4,SETTLE_PHASE,0.25,-0.1632,-0.6013,0.3383
2168,54.528,35.528,-17.1835,1.5892,0.2434,-0.1631,-0.0974,1.489,0.684,1.549,36.1244,-17.5185,0.2,0.0,0.0,0.0,0.53,-0.2891,-0.8591,1.05,-0.0543,1,1,2,0.852,0.496,0.504,0,0,0.0,4,SETTLE_PHASE,0.2434,-0.1631,-0.5964,0.335
2169,54.54,35.5328,-17.1868,1.5873,0.2385,-0.1641,-0.0973,1.487,0.678,1.544,36.1244,-17.5185,0.2,0.0,0.0,0.0,0.5312,-0.2879,-0.8587,1.05,-0.089,1,1,2,0.854,0.5,0.5,0,0,0.0,4,SETTLE_PHASE,0.2385,-0.1641,-0.5916,0.3317
2170,54.551,35.5375,-17.19,1.5854,0.2337,-0.1629,-0.0972,1.485,0.673,1.54,36.1244,-17.5185,0.2,0.0,0.0,0.0,0.5324,-0.2874,-0.8582,1.05,-0.0474,1,1,2,0.853,0.498,0.502,0,0,0.0,4,SETTLE_PHASE,0.2337,-0.1629,-0.587,0.3285
2171,54.563,35.5421,-17.1933,1.5834,0.2303,-0.1625,-0.0971,1.483,0.667,1.536,36.1244,-17.5185,0.2,0.0,0.0,0.0,0.5333,-0.2867,-0.8579,1.05,-0.0823,1,1,2,0.855,0.502,0.498,0,0,0.0,4,SETTLE_PHASE,0.2303,-0.1625,-0.5823,0.3252
2172,54.575,35.5466,-17.1965,1.5815,0.2267,-0.1597,-0.0978,1.481,0.661,1.532,36.1244,-17.5185,0.2,0.0,0.0,0.0,0.5346,-0.287,-0.8569,1.05,-0.0507,1,1,2,0.853,0.5,0.5,0,0,0.0,4,SETTLE_PHASE,0.2267,-0.1597,-0.5778,0.322
2173,54.586,35.5511,-17.1996,1.5795,0.2244,-0.1573,-0.0975,1.48,0.656,1.528,36.1244,-17.5185,0.2,0.0,0.0,0.0,0.535,-0.2868,-0.8567,1.05,-0.0888,1,1,2,0.855,0.503,0.497,0,0,0.0,4,SETTLE_PHASE,0.2244,-0.1573,-0.5733,0.3189
2174,54.598,35.5555,-17.2027,1.5776,0.2215,-0.1527,-0.0973,1.478,0.651,1.524,36.1244,-17.5185,0.2,0.0,0.0,0.0,0.5356,-0.2875,-0.8562,1.05,-0.0513,1,1,2,0.854,0.5,0.5,0,0,0.0,4,SETTLE_PHASE,0.2215,-0.1527,-0.5689,0.3158
2175,54.61,35.5599,-17.2056,1.5756,0.2195,-0.1489,-0.0972,1.476,0.645,1.519,36.1244,-17.5185,0.2,0.0,0.0,0.0,0.5359,-0.2879,-0.8558,1.05,-0.0891,1,1,2,0.855,0.502,0.498,0,0,0.0,4,SETTLE_PHASE,0.2195,-0.1489,-0.5645,0.3129
2176,54.621,35.5642,-17.2085,1.5737,0.2166,-0.1428,-0.0975,1.474,0.64,1.516,36.1244,-17.5185,0.2,0.0,0.0,0.0,0.5366,-0.2893,-0.8549,1.05,-0.0775,1,1,2,0.854,0.501,0.499,0,0,0.0,4,SETTLE_PHASE,0.2166,-0.1428,-0.5602,0.31
2177,54.633,35.5685,-17.2112,1.5717,0.2144,-0.1371,-0.098,1.472,0.635,1.512,36.1244,-17.5185,0.2,0.0,0.0,0.0,0.5373,-0.2907,-0.854,1.05,-0.1088,1,1,2,0.856,0.505,0.495,0,0,0.0,4,SETTLE_PHASE,0.2144,-0.1371,-0.5559,0.3073
2178,54.645,35.5728,-17.2139,1.5698,0.2115,-0.1311,-0.0977,1.47,0.63,1.508,36.1244,-17.5185,0.2,0.0,0.0,0.0,0.5375,-0.292,-0.8534,1.05,-0.0677,1,1,2,0.855,0.502,0.498,0,0,0.0,4,SETTLE_PHASE,0.2115,-0.1311,-0.5517,0.3046
2179,54.657,35.577,-17.2164,1.5678,0.2098,-0.1271,-0.0975,1.468,0.625,1.504,36.1244,-17.5185,0.2,0.0,0.0,0.0,0.5376,-0.2928,-0.8531,1.05,-0.1031,1,1,2,0.857,0.506,0.494,0,0,0.0,4,SETTLE_PHASE,0.2098,-0.1271,-0.5475,0.3021
2180,54.668,35.5811,-17.2189,1.5659,0.2074,-0.1221,-0.0974,1.466,0.62,1.5,36.1244,-17.5185,0.2,0.0,0.0,0.0,0.5378,-0.294,-0.8525,1.05,-0.0617,1,1,2,0.855,0.503,0.497,0,0,0.0,4,SETTLE_PHASE,0.2074,-0.1221,-0.5433,0.2996
2181,54.68,35.5852,-17.2212,1.5639,0.2058,-0.1188,-0.0973,1.464,0.616,1.496,36.1244,-17.5185,0.2,0.0,0.0,0.0,0.5379,-0.2948,-0.8522,1.05,-0.0971,1,1,2,0.857,0.506,0.494,0,0,0.0,4,SETTLE_PHASE,0.2058,-0.1188,-0.5392,0.2973
2182,54.692,35.5893,-17.2235,1.562,0.2032,-0.1142,-0.0974,1.462,0.611,1.493,36.1244,-17.5185,0.2,0.0,0.0,0.0,0.5383,-0.296,-0.8515,1.05,-0.0588,1,1,2,0.856,0.502,0.498,0,0,0.0,4,SETTLE_PHASE,0.2032,-0.1142,-0.5351,0.295
2183,54.704,35.5933,-17.2257,1.56,0.2012,-0.111,-0.0974,1.46,0.606,1.489,36.1244,-17.5185,0.2,0.0,0.0,0.0,0.5385,-0.2968,-0.8511,1.05,-0.0942,1,1,2,0.858,0.506,0.494,0,0,0.0,4,SETTLE_PHASE,0.2012,-0.111,-0.5311,0.2928
2184,54.715,35.5973,-17.2279,1.5581,0.1988,-0.1063,-0.0974,1.458,0.602,1.485,36.1244,-17.5185,0.2,0.0,0.0,0.0,0.5387,-0.2982,-0.8505,1.05,-0.0552,1,1,2,0.857,0.502,0.498,0,0,0.0,4,SETTLE_PHASE,0.1988,-0.1063,-0.5271,0.2906
2185,54.727,35.6012,-17.2299,1.5561,0.1975,-0.103,-0.0973,1.226,0.597,1.482,36.1244,-17.5185,0.2,0.0,0.0,0.0,0.5387,-0.2992,-0.8501,1.05,-0.0908,1,1,2,0.858,0.502,0.498,0,0,0.0,4,SETTLE_PHASE,0.1975,-0.103,-0.5232,0.2886
2186,54.739,35.6051,-17.2319,1.5542,0.1955,-0.0981,-0.0975,1.224,0.593,1.478,36.1244,-17.5185,0.2,0.0,0.0,0.0,0.5389,-0.3008,-0.8495,1.05,-0.0601,1,1,2,0.857,0.501,0.499,0,0,0.0,4,SETTLE_PHASE,0.1955,-0.0981,-0.5193,0.2866
2187,54.75,35.609,-17.2338,1.5522,0.1943,-0.0945,-0.0974,1.222,0.589,1.475,36.1244,-17.5185,0.2,0.0,0.0,0.0,0.5388,-0.302,-0.8491,1.05,-0.0958,1,1,2,0.858,0.504,0.496,0,0,0.0,4,SETTLE_PHASE,0.1943,-0.0945,-0.5154,0.2847
2188,54.762,35.6129,-17.2356,1.5503,0.1921,-0.09,-0.0975,1.22,0.585,1.471,36.1244,-17.5185,0.2,0.0,0.0,0.0,0.5389,-0.3036,-0.8485,1.05,-0.0574,1,1,2,0.858,0.504,0.496,0,0,0.0,4,SETTLE_PHASE,0.1921,-0.09,-0.5115,0.2829
2189,54.774,35.6167,-17.2373,1.5483,0.1904,-0.0873,-0.0974,1.218,0.58,1.468,36.1244,-17.5185,0.2,0.0,0.0,0.0,0.5388,-0.3046,-0.8482,1.05,-0.0931,1,1,2,0.86,0.505,0.495,0,0,0.0,4,SETTLE_PHASE,0.1904,-0.0873,-0.5077,0.2812
2190,54.785,35.6204,-17.239,1.5464,0.1883,-0.0837,-0.0977,1.216,0.576,1.465,36.1244,-17.5185,0.2,0.0,0.0,0.0,0.539,-0.306,-0.8475,1.05,-0.0521,1,1,2,0.859,0.505,0.495,0,0,0.0,4,SETTLE_PHASE,0.1883,-0.0837,-0.504,0.2795
2191,54.797,35.6242,-17.2406,1.5444,0.1874,-0.082,-0.0975,1.214,0.572,1.461,36.1244,-17.5185,0.2,0.0,0.0,0.0,0.5387,-0.3068,-0.8474,1.05,-0.0892,1,1,2,0.86,0.506,0.494,0,0,0.0,4,SETTLE_PHASE,0.1874,-0.082,-0.5002,0.2779
2192,54.809,35.6279,-17.2422,1.5425,0.1859,-0.079,-0.0976,1.212,0.568,1.458,36.1244,-17.5185,0.2,0.0,0.0,0.0,0.5387,-0.3082,-0.847,1.05,-0.0506,1,1,2,0.859,0.504,0.496,0,0,0.0,4,SETTLE_PHASE,0.1859,-0.079,-0.4965,0.2763
2193,54.821,35.6316,-17.2438,1.5405,0.1853,-0.0775,-0.0975,1.211,0.564,1.454,36.1244,-17.5185,0.2,0.0,0.0,0.0,0.5383,-0.309,-0.8469,1.05,-0.0886,1,1,2,0.861,0.507,0.493,0,0,0.0,4,SETTLE_PHASE,0.1853,-0.0775,-0.4928,0.2747
2194,54.833,35.6353,-17.2453,1.5386,0.1839,-0.0747,-0.0975,1.209,0.56,1.451,36.1244,-17.5185,0.2,0.0,0.0,0.0,0.5382,-0.3103,-0.8465,1.05,-0.0568,1,1,2,0.86,0.505,0.495,0,0,0.0,4,SETTLE_PHASE,0.1839,-0.0747,-0.4891,0.2732
2195,54.844,35.639,-17.2467,1.5366,0.1831,-0.0733,-0.0974,1.207,0.556,1.448,36.1244,-17.5185,0.2,0.0,0.0,0.0,0.5353,-0.3097,-0.8486,1.05,-0.0946,1,1,2,0.861,0.508,0.492,0,0,0.0,4,SETTLE_PHASE,0.1831,-0.0733,-0.4855,0.2718
2196,54.856,35.6426,-17.2481,1.5347,0.1815,-0.0709,-0.0973,1.205,0.552,1.445,36.1244,-17.5185,0.2,0.0,0.0,0.0,0.5323,-0.3094,-0.8505,1.05,-0.0536,1,1,2,0.86,0.505,0.495,0,0,0.0,4,SETTLE_PHASE,0.1815,-0.0709,-0.4818,0.2704
2197,54.868,35.6462,-17.2495,1.5327,0.1806,-0.0704,-0.0972,1.203,0.549,1.441,36.1244,-17.5185,0.2,0.0,0.0,0.0,0.5294,-0.3085,-0.8527,1.05,-0.0912,1,1,2,0.861,0.508,0.492,0,0,0.0,4,SETTLE_PHASE,0.1806,-0.0704,-0.4782,0.269
2198,54.879,35.6498,-17.2509,1.5308,0.1785,-0.0686,-0.0973,1.201,0.545,1.438,36.1244,-17.5185,0.2,0.0,0.0,0.0,0.5267,-0.3081,-0.8545,1.05,-0.0569,1,1,2,0.861,0.506,0.494,0,0,0.0,4,SETTLE_PHASE,0.1785,-0.0686,-0.4746,0.2676
2199,54.891,35.6533,-17.2523,1.5288,0.1769,-0.0683,-0.0972,1.199,0.541,1.435,36.1244,-17.5185,0.2,0.0,0.0,0.0,0.524,-0.3072,-0.8565,1.05,-0.0943,1,1,2,0.863,0.509,0.491,0,0,0.0,4,SETTLE_PHASE,0.1769,-0.0683,-0.4711,0.2662
2200,54.903,35.6568,-17.2536,1.5269,0.1754,-0.0669,-0.0972,1.197,0.537,1.432,36.1244,-17.5185,0.2,0.0,0.0,0.0,0.5211,-0.3066,-0.8585,1.05,-0.0575,1,1,2,0.863,0.508,0.492,0,0,0.0,4,SETTLE_PHASE,0.1754,-0.0669,-0.4676,0.2649
2201,54.914,35.6603,-17.255,1.525,0.1757,-0.0673,-0.0971,1.195,0.534,1.428,36.1244,-17.5185,0.2,0.0,0.0,0.0,0.5178,-0.3056,-0.8608,1.05,-0.0951,1,1,2,0.865,0.508,0.492,0,0,0.0,4,SETTLE_PHASE,0.1757,-0.0673,-0.4641,0.2635
2202,54.926,35.6638,-17.2563,1.523,0.1758,-0.0665,-0.097,1.193,0.53,1.425,36.1244,-17.5185,0.2,0.0,0.0,0.0,0.5134,-0.3042,-0.8611,1.0476,-0.0535,1,1,2,0.864,0.51,0.49,0,0,0.0,4,SETTLE_PHASE,0.1758,-0.0665,-0.4606,0.2622
2203,54.938,35.6674,-17.2577,1.5211,0.1772,-0.0675,-0.097,1.191,0.526,1.422,36.1244,-17.5185,0.2,0.0,0.0,0.0,0.5083,-0.3021,-0.8611,1.0446,-0.0913,1,1,2,0.866,0.51,0.49,0,0,0.0,4,SETTLE_PHASE,0.1772,-0.0675,-0.457,0.2609
2204,54.95,35.671,-17.259,1.5191,0.1783,-0.0672,-0.0971,1.189,0.522,1.419,36.1244,-17.5185,0.2,0.0,0.0,0.0,0.5034,-0.3005,-0.861,1.0416,-0.0578,1,1,2,0.865,0.509,0.491,0,0,0.0,4,SETTLE_PHASE,0.1783,-0.0672,-0.4535,0.2595
2205,54.962,35.6746,-17.2604,1.5172,0.1804,-0.0682,-0.097,1.187,0.519,1.416,36.1244,-17.5185,0.2,0.0,0.0,0.0,0.498,-0.2984,-0.8611,1.0385,-0.0957,1,1,2,0.866,0.511,0.489,0,0,0.0,4,SETTLE_PHASE,0.1804,-0.0682,-0.4499,0.2581
2206,54.973,35.6782,-17.2617,1.5153,0.1817,-0.0682,-0.097,1.185,0.515,1.412,36.1244,-17.5185,0.2,0.0,0.0,0.0,0.4928,-0.2966,-0.8611,1.0356,-0.0535,1,1,2,0.865,0.509,0.491,0,0,0.0,4,SETTLE_PHASE,0.1817,-0.0682,-0.4462,0.2568
2207,54.985,35.6819,-17.2631,1.5133,0.1837,-0.07,-0.097,1.183,0.511,1.409,36.1244,-17.5185,0.2,0.0,0.0,0.0,0.4874,-0.2941,-0.8611,1.0323,-0.0912,1,1,2,0.866,0.51,0.49,0,0,0.0,4,SETTLE_PHASE,0.1837,-0.07,-0.4425,0.2554
2208,54.997,35.6856,-17.2645,1.5114,0.1847,-0.0704,-0.0973,1.181,0.507,1.406,36.1244,-17.5185,0.2,0.0,0.0,0.0,0.4823,-0.2922,-0.8606,1.0289,-0.0509,1,1,2,0.865,0.511,0.489,0,0,0.0,4,SETTLE_PHASE,0.1847,-0.0704,-0.4388,0.254
2209,55.008,35.6893,-17.266,1.5094,0.186,-0.0724,-0.0972,1.179,0.503,1.403,36.1244,-17.5185,0.2,0.0,0.0,0.0,0.477,-0.2896,-0.8608,1.0259,-0.0898,1,1,2,0.866,0.509,0.491,0,0,0.0,4,SETTLE_PHASE,0.186,-0.0724,-0.4351,0.2525
2210,55.02,35.693,-17.2674,1.5075,0.1861,-0.0726,-0.0971,1.177,0.499,1.4,36.1244,-17.5185,0.2,0.0,0.0,0.0,0.4722,-0.2877,-0.861,1.0233,-0.0488,1,1,2,0.864,0.509,0.491,0,0,0.0,4,SETTLE_PHASE,0.1861,-0.0726,-0.4314,0.2511
2211,55.032,35.6967,-17.2689,1.5055,0.1864,-0.074,-0.097,1.176,0.495,1.396,36.1244,-17.5185,0.2,0.0,0.0,0.0,0.4673,-0.2853,-0.861,1.0204,-0.0873,1,1,2,0.864,0.509,0.491,0,0,0.0,4,SETTLE_PHASE,0.1864,-0.074,-0.4277,0.2496
2212,55.043,35.7004,-17.2704,1.5036,0.1852,-0.0734,-0.0973,1.174,0.491,1.393,36.1244,-17.5185,0.2,0.0,0.0,0.0,0.463,-0.2836,-0.8607,1.0176,-0.0667,1,1,2,0.864,0.509,0.491,0,0,0.0,4,SETTLE_PHASE,0.1852,-0.0734,-0.424,0.2481
2213,55.055,35.7041,-17.2719,1.5017,0.1839,-0.0737,-0.0971,1.172,0.487,1.39,36.1244,-17.5185,0.2,0.0,0.0,0.0,0.4587,-0.2816,-0.8609,1.0153,-0.1047,1,1,2,0.865,0.511,0.489,0,0,0.0,4,SETTLE_PHASE,0.1839,-0.0737,-0.4203,0.2467
2214,55.067,35.7078,-17.2733,1.4997,0.182,-0.0732,-0.097,1.17,0.483,1.387,36.1244,-17.5185,0.2,0.0,0.0,0.0,0.4548,-0.2799,-0.861,1.0132,-0.064,1,1,2,0.864,0.511,0.489,0,0,0.0,4,SETTLE_PHASE,0.182,-0.0732,-0.4167,0.2452
2215,55.079,35.7114,-17.2748,1.4978,0.1809,-0.075,-0.097,1.157,0.48,1.384,36.1244,-17.5185,0.2,0.0,0.0,0.0,0.4505,-0.2773,-0.8611,1.0106,-0.1019,1,1,2,0.865,0.511,0.489,0,0,0.0,4,SETTLE_PHASE,0.1809,-0.075,-0.413,0.2437
2216,55.09,35.715,-17.2763,1.4958,0.1789,-0.0757,-0.0969,1.155,0.476,1.38,36.1244,-17.5185,0.2,0.0,0.0,0.0,0.4466,-0.2751,-0.8612,1.0084,-0.0611,1,1,2,0.864,0.512,0.488,0,0,0.0,4,SETTLE_PHASE,0.1789,-0.0757,-0.4095,0.2422
2217,55.102,35.7185,-17.2779,1.4939,0.1776,-0.0782,-0.0969,1.153,0.472,1.377,36.1244,-17.5185,0.2,0.0,0.0,0.0,0.4425,-0.2722,-0.8612,1.0058,-0.0987,1,1,2,0.865,0.514,0.486,0,0,0.0,4,SETTLE_PHASE,0.1776,-0.0782,-0.4059,0.2406
2218,55.114,35.722,-17.2795,1.492,0.1751,-0.0794,-0.0969,1.151,0.468,1.374,36.1244,-17.5185,0.2,0.0,0.0,0.0,0.439,-0.2697,-0.8612,1.0036,-0.0578,1,1,2,0.864,0.512,0.488,0,0,0.0,4,SETTLE_PHASE,0.1751,-0.0794,-0.4024,0.239
2219,55.125,35.7255,-17.2811,1.49,0.1729,-0.0821,-0.0969,1.15,0.464,1.371,36.1244,-17.5185,0.2,0.0,0.0,0.0,0.4353,-0.2666,-0.8612,1.0011,-0.095,1,1,2,0.864,0.512,0.488,0,0,0.0,4,SETTLE_PHASE,0.1729,-0.0821,-0.3989,0.2374
2220,55.137,35.7289,-17.2828,1.4881,0.1693,-0.0831,-0.0971,1.148,0.46,1.368,36.1244,-17.5185,0.2,0.0,0.0,0.0,0.4323,-0.2642,-0.8609,0.9989,-0.0601,1,1,2,0.864,0.512,0.488,0,0,0.0,4,SETTLE_PHASE,0.1693,-0.0831,-0.3956,0.2357
2221,55.149,35.7322,-17.2845,1.4861,0.1659,-0.0852,-0.0971,1.146,0.457,1.365,36.1244,-17.5185,0.2,0.0,0.0,0.0,0.4293,-0.2612,-0.861,0.9969,-0.0969,1,1,2,0.865,0.512,0.488,0,0,0.0,4,SETTLE_PHASE,0.1659,-0.0852,-0.3922,0.234
2222,55.16,35.7354,-17.2862,1.4842,0.1621,-0.0858,-0.0971,1.144,0.453,1.362,36.1244,-17.5185,0.2,0.0,0.0,0.0,0.4265,-0.2587,-0.861,0.9951,-0.0559,1,1,2,0.865,0.51,0.49,0,0,0.0,4,SETTLE_PHASE,0.1621,-0.0858,-0.389,0.2323
2223,55.172,35.7386,-17.288,1.4823,0.1595,-0.0877,-0.0971,1.142,0.449,1.359,36.1244,-17.5185,0.2,0.0,0.0,0.0,0.4234,-0.2558,-0.861,0.993,-0.0927,1,1,2,0.866,0.512,0.488,0,0,0.0,4,SETTLE_PHASE,0.1595,-0.0877,-0.3858,0.2305
2224,55.184,35.7417,-17.2897,1.4803,0.1564,-0.0878,-0.097,1.14,0.446,1.356,36.1244,-17.5185,0.2,0.0,0.0,0.0,0.4205,-0.2535,-0.861,0.9912,-0.0513,1,1,2,0.865,0.51,0.49,0,0,0.0,4,SETTLE_PHASE,0.1564,-0.0878,-0.3827,0.2288
2225,55.196,35.7448,-17.2915,1.4784,0.1543,-0.0888,-0.097,1.138,0.442,1.353,36.1244,-17.5185,0.2,0.0,0.0,0.0,0.4173,-0.2509,-0.861,0.9892,-0.0881,1,1,2,0.866,0.51,0.49,0,0,0.0,4,SETTLE_PHASE,0.1543,-0.0888,-0.3796,0.227
2226,55.207,35.7478,-17.2932,1.4764,0.1514,-0.0876,-0.0975,1.136,0.439,1.35,36.1244,-17.5185,0.2,0.0,0.0,0.0,0.4146,-0.2491,-0.8603,0.9869,-0.0597,1,1,2,0.865,0.508,0.492,0,0,0.0,4,SETTLE_PHASE,0.1514,-0.0876,-0.3766,0.2253
2227,55.219,35.7508,-17.295,1.4745,0.1491,-0.0871,-0.0973,1.134,0.435,1.347,36.1244,-17.5185,0.2,0.0,0.0,0.0,0.4116,-0.247,-0.8605,0.9854,-0.0975,1,1,2,0.865,0.511,0.489,0,0,0.0,4,SETTLE_PHASE,0.1491,-0.0871,-0.3736,0.2235
2228,55.231,35.7537,-17.2967,1.4725,0.1457,-0.0849,-0.0974,1.132,0.432,1.344,36.1244,-17.5185,0.2,0.0,0.0,0.0,0.4091,-0.2457,-0.8604,0.9839,-0.0629,1,1,2,0.865,0.508,0.492,0,0,0.0,4,SETTLE_PHASE,0.1457,-0.0849,-0.3707,0.2218
2229,55.242,35.7566,-17.2984,1.4706,0.1426,-0.0842,-0.0973,1.13,0.429,1.341,36.1244,-17.5185,0.2,0.0,0.0,0.0,0.4066,-0.2438,-0.8606,0.9825,-0.1003,1,1,2,0.867,0.509,0.491,0,0,0.0,4,SETTLE_PHASE,0.1426,-0.0842,-0.3678,0.2201
2230,55.254,35.7594,-17.3,1.4686,0.1394,-0.082,-0.0972,1.128,0.425,1.338,36.1244,-17.5185,0.2,0.0,0.0,0.0,0.4042,-0.2425,-0.8607,0.9814,-0.06,1,1,2,0.866,0.509,0.491,0,0,0.0,4,SETTLE_PHASE,0.1394,-0.082,-0.365,0.2185
2231,55.266,35.7621,-17.3016,1.4667,0.1377,-0.0812,-0.0972,1.126,0.422,1.335,36.1244,-17.5185,0.2,0.0,0.0,0.0,0.4014,-0.2407,-0.8608,0.9798,-0.0974,1,1,2,0.868,0.51,0.49,0,0,0.0,4,SETTLE_PHASE,0.1377,-0.0812,-0.3623,0.2169
2232,55.277,35.7648,-17.3032,1.4647,0.1355,-0.0787,-0.0972,1.124,0.419,1.332,36.1244,-17.5185,0.2,0.0,0.0,0.0,0.3987,-0.2397,-0.8608,0.9784,-0.0622,1,1,2,0.867,0.51,0.49,0,0,0.0,4,SETTLE_PHASE,0.1355,-0.0787,-0.3596,0.2153
2233,55.289,35.7675,-17.3047,1.4628,0.1346,-0.0772,-0.0972,1.122,0.416,1.33,36.1244,-17.5185,0.2,0.0,0.0,0.0,0.3956,-0.2382,-0.8608,0.9769,-0.0997,1,1,2,0.868,0.51,0.49,0,0,0.0,4,SETTLE_PHASE,0.1346,-0.0772,-0.3569,0.2138
2234,55.301,35.7702,-17.3062,1.4609,0.1328,-0.0742,-0.0971,1.12,0.413,1.327,36.1244,-17.5185,0.2,0.0,0.0,0.0,0.3929,-0.2375,-0.8608,0.9756,-0.0597,1,1,2,0.867,0.51,0.49,0,0,0.0,4,SETTLE_PHASE,0.1328,-0.0742,-0.3542,0.2123
2235,55.313,35.7728,-17.3077,1.4589,0.1319,-0.0723,-0.0972,1.118,0.41,1.324,36.1244,-17.5185,0.2,0.0,0.0,0.0,0.3898,-0.2363,-0.8608,0.9741,-0.097,1,1,2,0.868,0.51,0.49,0,0,0.0,4,SETTLE_PHASE,0.1319,-0.0723,-0.3516,0.2108
2236,55.324,35.7754,-17.309,1.457,0.13,-0.0686,-0.0975,1.116,0.407,1.321,36.1244,-17.5185,0.2,0.0,0.0,0.0,0.3872,-0.236,-0.8603,0.9725,-0.0799,1,1,2,0.868,0.51,0.49,0,0,0.0,4,SETTLE_PHASE,0.13,-0.0686,-0.349,0.2095
2237,55.336,35.778,-17.3104,1.455,0.1287,-0.0658,-0.0974,1.115,0.404,1.318,36.1244,-17.5185,0.2,0.0,0.0,0.0,0.3845,-0.2354,-0.8605,0.9714,-0.1171,1,1,2,0.87,0.511,0.489,0,0,0.0,4,SETTLE_PHASE,0.1287,-0.0658,-0.3464,0.2081
2238,55.347,35.7805,-17.3116,1.4531,0.127,-0.0626,-0.0973,1.113,0.401,1.316,36.1244,-17.5185,0.2,0.0,0.0,0.0,0.3819,-0.2349,-0.8607,0.9704,-0.0763,1,1,2,0.869,0.512,0.488,0,0,0.0,4,SETTLE_PHASE,0.127,-0.0626,-0.3439,0.2069
2239,55.359,35.7831,-17.3129,1.4511,0.1266,-0.062,-0.0972,1.111,0.398,1.313,36.1244,-17.5185,0.2,0.0,0.0,0.0,0.3788,-0.2336,-0.8608,0.969,-0.1135,1,1,2,0.871,0.512,0.488,0,0,0.0,4,SETTLE_PHASE,0.1266,-0.062,-0.3413,0.2056
2240,55.371,35.7856,-17.3141,1.4492,0.1256,-0.0608,-0.0971,1.109,0.396,1.31,36.1244,-17.5185,0.2,0.0,0.0,0.0,0.376,-0.2325,-0.8609,0.9678,-0.0725,1,1,2,0.87,0.512,0.488,0,0,0.0,4,SETTLE_PHASE,0.1256,-0.0608,-0.3388,0.2044
2241,55.383,35.7881,-17.3153,1.4472,0.1256,-0.0618,-0.097,1.107,0.393,1.308,36.1244,-17.5185,0.2,0.0,0.0,0.0,0.3728,-0.2306,-0.861,0.9662,-0.1097,1,1,2,0.871,0.512,0.488,0,0,0.0,4,SETTLE_PHASE,0.1256,-0.0618,-0.3363,0.2032
2242,55.394,35.7906,-17.3165,1.4453,0.1248,-0.0618,-0.097,1.105,0.39,1.305,36.1244,-17.5185,0.2,0.0,0.0,0.0,0.3699,-0.229,-0.8611,0.9648,-0.0685,1,1,2,0.87,0.512,0.488,0,0,0.0,4,SETTLE_PHASE,0.1248,-0.0618,-0.3338,0.202
2243,55.406,35.7931,-17.3178,1.4434,0.1247,-0.0636,-0.097,1.103,0.387,1.302,36.1244,-17.5185,0.2,0.0,0.0,0.0,0.3667,-0.2267,-0.8611,0.963,-0.1055,1,1,2,0.871,0.512,0.488,0,0,0.0,4,SETTLE_PHASE,0.1247,-0.0636,-0.3313,0.2007
2244,55.418,35.7956,-17.3191,1.4414,0.1235,-0.0642,-0.097,1.101,0.385,1.3,36.1244,-17.5185,0.2,0.0,0.0,0.0,0.364,-0.2248,-0.8611,0.9616,-0.0642,1,1,2,0.87,0.512,0.488,0,0,0.0,4,SETTLE_PHASE,0.1235,-0.0642,-0.3289,0.1994
2245,55.43,35.798,-17.3204,1.4395,0.1228,-0.0663,-0.097,1.099,0.382,1.297,36.1244,-17.5185,0.2,0.0,0.0,0.0,0.3612,-0.2223,-0.8611,0.9599,-0.101,1,1,2,0.871,0.513,0.487,0,0,0.0,4,SETTLE_PHASE,0.1228,-0.0663,-0.3264,0.1981
2246,55.442,35.8004,-17.3218,1.4375,0.1207,-0.0667,-0.0972,1.097,0.379,1.294,36.1244,-17.5185,0.2,0.0,0.0,0.0,0.3589,-0.2205,-0.8608,0.9583,-0.067,1,1,2,0.871,0.513,0.487,0,0,0.0,4,SETTLE_PHASE,0.1207,-0.0667,-0.324,0.1967
2247,55.453,35.8028,-17.3231,1.4356,0.1189,-0.0684,-0.0971,1.095,0.376,1.292,36.1244,-17.5185,0.2,0.0,0.0,0.0,0.3565,-0.2181,-0.8609,0.957,-0.1035,1,1,2,0.873,0.515,0.485,0,0,0.0,4,SETTLE_PHASE,0.1189,-0.0684,-0.3216,0.1954
2248,55.465,35.8052,-17.3245,1.4337,0.1173,-0.0687,-0.0971,1.093,0.374,1.289,36.1244,-17.5185,0.2,0.0,0.0,0.0,0.3542,-0.2162,-0.861,0.9558,-0.0618,1,1,2,0.873,0.516,0.484,0,0,0.0,4,SETTLE_PHASE,0.1173,-0.0687,-0.3193,0.194
2249,55.477,35.8075,-17.3259,1.4317,0.1174,-0.0705,-0.097,1.091,0.371,1.286,36.1244,-17.5185,0.2,0.0,0.0,0.0,0.3511,-0.2137,-0.8611,0.9541,-0.0986,1,1,2,0.874,0.517,0.483,0,0,0.0,4,SETTLE_PHASE,0.1174,-0.0705,-0.3169,0.1926
2250,55.488,35.8098,-17.3273,1.4298,0.1174,-0.0706,-0.097,1.089,0.368,1.284,36.1244,-17.5185,0.2,0.0,0.0,0.0,0.3481,-0.2119,-0.8611,0.9527,-0.0563,1,1,2,0.874,0.518,0.482,0,0,0.0,4,SETTLE_PHASE,0.1174,-0.0706,-0.3146,0.1912
2251,55.5,35.8122,-17.3288,1.4278,0.1189,-0.0719,-0.097,1.087,0.365,1.281,36.1244,-17.5185,0.2,0.0,0.0,0.0,0.3445,-0.2096,-0.8611,0.9509,-0.0932,1,1,2,0.875,0.518,0.482,0,0,0.0,4,SETTLE_PHASE,0.1189,-0.0719,-0.3122,0.1897
2252,55.511,35.8146,-17.3302,1.4259,0.1201,-0.0711,-0.0971,1.085,0.363,1.278,36.1244,-17.5185,0.2,0.0,0.0,0.0,0.341,-0.208,-0.8609,0.9491,-0.0633,1,1,2,0.874,0.518,0.482,0,0,0.0,4,SETTLE_PHASE,0.1201,-0.0711,-0.3098,0.1883
2253,55.523,35.8171,-17.3316,1.424,0.1225,-0.0712,-0.0971,1.083,0.36,1.276,36.1244,-17.5185,0.2,0.0,0.0,0.0,0.337,-0.2062,-0.861,0.9473,-0.1003,1,1,2,0.875,0.519,0.481,0,0,0.0,4,SETTLE_PHASE,0.1225,-0.0712,-0.3073,0.1869
2254,55.535,35.8196,-17.333,1.422,0.124,-0.07,-0.0971,1.082,0.357,1.273,36.1244,-17.5185,0.2,0.0,0.0,0.0,0.3332,-0.2049,-0.861,0.9457,-0.0574,1,1,2,0.874,0.518,0.482,0,0,0.0,4,SETTLE_PHASE,0.124,-0.07,-0.3049,0.1855
2255,55.547,35.8221,-17.3344,1.4201,0.1263,-0.0703,-0.097,1.08,0.354,1.27,36.1244,-17.5185,0.2,0.0,0.0,0.0,0.3291,-0.203,-0.861,0.9438,-0.0945,1,1,2,0.875,0.519,0.481,0,0,0.0,4,SETTLE_PHASE,0.1263,-0.0703,-0.3023,0.1841
2256,55.558,35.8246,-17.3358,1.4181,0.1276,-0.069,-0.0974,1.078,0.351,1.268,36.1244,-17.5185,0.2,0.0,0.0,0.0,0.3254,-0.2017,-0.8605,0.9418,-0.0533,1,1,2,0.874,0.516,0.484,0,0,0.0,4,SETTLE_PHASE,0.1276,-0.069,-0.2998,0.1827
2257,55.57,35.8272,-17.3372,1.4162,0.1293,-0.0689,-0.0972,1.076,0.348,1.265,36.1244,-17.5185,0.2,0.0,0.0,0.0,0.3214,-0.2,-0.8607,0.9403,-0.0916,1,1,2,0.875,0.518,0.482,0,0,0.0,4,SETTLE_PHASE,0.1293,-0.0689,-0.2972,0.1813
2258,55.582,35.8298,-17.3385,1.4142,0.1298,-0.0668,-0.0972,1.074,0.345,1.262,36.1244,-17.5185,0.2,0.0,0.0,0.0,0.3179,-0.1991,-0.8607,0.9389,-0.0543,1,1,2,0.873,0.517,0.483,0,0,0.0,4,SETTLE_PHASE,0.1298,-0.0668,-0.2946,0.18
2259,55.593,35.8324,-17.3398,1.4123,0.1305,-0.0657,-0.0971,1.072,0.342,1.26,36.1244,-17.5185,0.2,0.0,0.0,0.0,0.3143,-0.1978,-0.8609,0.9375,-0.0923,1,1,2,0.873,0.517,0.483,0,0,0.0,4,SETTLE_PHASE,0.1305,-0.0657,-0.292,0.1787
2260,55.605,35.835,-17.3411,1.4104,0.1296,-0.0626,-0.0973,1.07,0.339,1.257,36.1244,-17.5185,0.2,0.0,0.0,0.0,0.3113,-0.1974,-0.8606,0.9362,-0.0611,1,1,2,0.873,0.515,0.485,0,0,0.0,4,SETTLE_PHASE,0.1296,-0.0626,-0.2894,0.1774
2261,55.617,35.8376,-17.3423,1.4084,0.1286,-0.0606,-0.0972,1.068,0.337,1.254,36.1244,-17.5185,0.2,0.0,0.0,0.0,0.3084,-0.1967,-0.8607,0.9352,-0.0988,1,1,2,0.874,0.516,0.484,0,0,0.0,4,SETTLE_PHASE,0.1286,-0.0606,-0.2868,0.1762
2262,55.629,35.8401,-17.3434,1.4065,0.1271,-0.0571,-0.0972,1.066,0.334,1.252,36.1244,-17.5185,0.2,0.0,0.0,0.0,0.3058,-0.1966,-0.8608,0.9344,-0.0576,1,1,2,0.873,0.516,0.484,0,0,0.0,4,SETTLE_PHASE,0.1271,-0.0571,-0.2843,0.1751
2263,55.641,35.8427,-17.3445,1.4045,0.1264,-0.0552,-0.0972,1.064,0.331,1.249,36.1244,-17.5185,0.2,0.0,0.0,0.0,0.3028,-0.1959,-0.8608,0.9333,-0.0953,1,1,2,0.874,0.518,0.482,0,0,0.0,4,SETTLE_PHASE,0.1264,-0.0552,-0.2817,0.174
2264,55.652,35.8452,-17.3456,1.4026,0.125,-0.0515,-0.0973,1.062,0.328,1.247,36.1244,-17.5185,0.2,0.0,0.0,0.0,0.3002,-0.1961,-0.8606,0.9323,-0.0714,1,1,2,0.873,0.517,0.483,0,0,0.0,4,SETTLE_PHASE,0.125,-0.0515,-0.2792,0.1729
2265,55.664,35.8476,-17.3465,1.4006,0.1243,-0.049,-0.0972,1.06,0.326,1.244,36.1244,-17.5185,0.2,0.0,0.0,0.0,0.2973,-0.1958,-0.8607,0.9314,-0.1091,1,1,2,0.874,0.515,0.485,0,0,0.0,4,SETTLE_PHASE,0.1243,-0.049,-0.2768,0.172
2266,55.676,35.8501,-17.3475,1.3987,0.1221,-0.0459,-0.0972,1.058,0.323,1.242,36.1244,-17.5185,0.2,0.0,0.0,0.0,0.2951,-0.1958,-0.8608,0.9308,-0.0677,1,1,2,0.872,0.516,0.484,0,0,0.0,4,SETTLE_PHASE,0.1221,-0.0459,-0.2743,0.171
2267,55.687,35.8525,-17.3484,1.3967,0.12,-0.0451,-0.0971,1.056,0.321,1.239,36.1244,-17.5185,0.2,0.0,0.0,0.0,0.2928,-0.195,-0.8609,0.93,-0.1051,1,1,2,0.873,0.517,0.483,0,0,0.0,4,SETTLE_PHASE,0.12,-0.0451,-0.2719,0.1701
2268,55.699,35.8548,-17.3492,1.3948,0.1163,-0.0433,-0.0973,1.054,0.318,1.236,36.1244,-17.5185,0.2,0.0,0.0,0.0,0.2913,-0.1946,-0.8606,0.9292,-0.0735,1,1,2,0.873,0.518,0.482,0,0,0.0,4,SETTLE_PHASE,0.1163,-0.0433,-0.2696,0.1693
2269,55.711,35.8571,-17.3501,1.3929,0.1124,-0.0436,-0.0973,1.052,0.316,1.234,36.1244,-17.5185,0.2,0.0,0.0,0.0,0.29,-0.1934,-0.8605,0.9284,-0.1071,1,1,2,0.875,0.518,0.482,0,0,0.0,4,SETTLE_PHASE,0.1124,-0.0436,-0.2673,0.1684
2270,55.722,35.8592,-17.351,1.3909,0.1088,-0.0433,-0.0972,1.05,0.314,1.232,36.1244,-17.5185,0.2,0.0,0.0,0.0,0.2886,-0.1924,-0.8607,0.928,-0.0654,1,1,2,0.874,0.517,0.483,0,0,0.0,4,SETTLE_PHASE,0.1088,-0.0433,-0.2652,0.1675
2271,55.734,35.8614,-17.3519,1.389,0.1059,-0.0453,-0.0972,1.048,0.311,1.229,36.1244,-17.5185,0.2,0.0,0.0,0.0,0.2871,-0.1905,-0.8608,0.9272,-0.1025,1,1,2,0.875,0.518,0.482,0,0,0.0,4,SETTLE_PHASE,0.1059,-0.0453,-0.2631,0.1666
2272,55.746,35.8634,-17.3528,1.387,0.1019,-0.0461,-0.0972,1.047,0.309,1.227,36.1244,-17.5185,0.2,0.0,0.0,0.0,0.2861,-0.189,-0.8607,0.9265,-0.0634,1,1,2,0.874,0.518,0.482,0,0,0.0,4,SETTLE_PHASE,0.1019,-0.0461,-0.261,0.1657
2273,55.757,35.8654,-17.3538,1.3851,0.0983,-0.0487,-0.0972,1.045,0.307,1.224,36.1244,-17.5185,0.2,0.0,0.0,0.0,0.285,-0.1867,-0.8608,0.9257,-0.1002,1,1,2,0.875,0.518,0.482,0,0,0.0,4,SETTLE_PHASE,0.0983,-0.0487,-0.259,0.1647
2274,55.769,35.8672,-17.3548,1.3831,0.094,-0.05,-0.0974,1.043,0.305,1.222,36.1244,-17.5185,0.2,0.0,0.0,0.0,0.2843,-0.1849,-0.8605,0.9249,-0.0588,1,1,2,0.874,0.518,0.482,0,0,0.0,4,SETTLE_PHASE,0.094,-0.05,-0.2572,0.1637
2275,55.781,35.869,-17.3558,1.3812,0.0905,-0.0531,-0.0973,1.041,0.303,1.219,36.1244,-17.5185,0.2,0.0,0.0,0.0,0.2834,-0.1823,-0.8605,0.9242,-0.096,1,1,2,0.875,0.519,0.481,0,0,0.0,4,SETTLE_PHASE,0.0905,-0.0531,-0.2554,0.1627
2276,55.792,35.8708,-17.3569,1.3792,0.0861,-0.0546,-0.0979,1.039,0.301,1.217,36.1244,-17.5185,0.2,0.0,0.0,0.0,0.2829,-0.1803,-0.8596,0.9227,-0.0631,1,1,2,0.876,0.517,0.483,0,0,0.0,4,SETTLE_PHASE,0.0861,-0.0546,-0.2536,0.1616
2277,55.805,35.8724,-17.3581,1.3773,0.0822,-0.0576,-0.0977,1.037,0.299,1.215,36.1244,-17.5185,0.2,0.0,0.0,0.0,0.2824,-0.1777,-0.8599,0.9224,-0.1018,1,1,2,0.878,0.52,0.48,0,0,0.0,4,SETTLE_PHASE,0.0822,-0.0576,-0.252,0.1604
2278,55.816,35.874,-17.3593,1.3753,0.0787,-0.0592,-0.0975,1.035,0.297,1.212,36.1244,-17.5185,0.2,0.0,0.0,0.0,0.2818,-0.1756,-0.8603,0.9221,-0.0614,1,1,2,0.878,0.52,0.48,0,0,0.0,4,SETTLE_PHASE,0.0787,-0.0592,-0.2504,0.1592
2279,55.828,35.8755,-17.3605,1.3734,0.077,-0.0625,-0.0974,1.033,0.295,1.21,36.1244,-17.5185,0.2,0.0,0.0,0.0,0.2805,-0.1727,-0.8605,0.9214,-0.1,1,1,2,0.879,0.521,0.479,0,0,0.0,4,SETTLE_PHASE,0.077,-0.0625,-0.2489,0.158
2280,55.84,35.877,-17.3618,1.3714,0.0754,-0.0641,-0.0972,1.031,0.293,1.207,36.1244,-17.5185,0.2,0.0,0.0,0.0,0.2792,-0.1704,-0.8607,0.9208,-0.0592,1,1,2,0.879,0.521,0.479,0,0,0.0,4,SETTLE_PHASE,0.0754,-0.0641,-0.2474,0.1567
2281,55.852,35.8786,-17.3631,1.3695,0.0754,-0.067,-0.0972,1.029,0.291,1.205,36.1244,-17.5185,0.2,0.0,0.0,0.0,0.2773,-0.1676,-0.8608,0.9198,-0.0977,1,1,2,0.88,0.522,0.478,0,0,0.0,4,SETTLE_PHASE,0.0754,-0.067,-0.2459,0.1554
2282,55.863,35.8801,-17.3645,1.3675,0.0753,-0.068,-0.0971,1.027,0.289,1.203,36.1244,-17.5185,0.2,0.0,0.0,0.0,0.2755,-0.1655,-0.8609,0.919,-0.0566,1,1,2,0.88,0.521,0.479,0,0,0.0,4,SETTLE_PHASE,0.0753,-0.068,-0.2444,0.154
2283,55.875,35.8816,-17.3659,1.3656,0.0764,-0.0698,-0.097,1.025,0.287,1.2,36.1244,-17.5185,0.2,0.0,0.0,0.0,0.2731,-0.163,-0.861,0.9179,-0.0949,1,1,2,0.881,0.522,0.478,0,0,0.0,4,SETTLE_PHASE,0.0764,-0.0698,-0.2428,0.1526
2284,55.887,35.8831,-17.3673,1.3637,0.0772,-0.0694,-0.0971,1.023,0.285,1.198,36.1244,-17.5185,0.2,0.0,0.0,0.0,0.2708,-0.1614,-0.861,0.9169,-0.059,1,1,2,0.88,0.523,0.477,0,0,0.0,4,SETTLE_PHASE,0.0772,-0.0694,-0.2413,0.1512
2285,55.898,35.8847,-17.3687,1.3617,0.079,-0.0695,-0.097,1.021,0.283,1.196,36.1244,-17.5185,0.2,0.0,0.0,0.0,0.2681,-0.1596,-0.8611,0.9159,-0.0972,1,1,2,0.881,0.523,0.477,0,0,0.0,4,SETTLE_PHASE,0.079,-0.0695,-0.2397,0.1498
2286,55.91,35.8863,-17.37,1.3598,0.08,-0.0674,-0.097,1.019,0.281,1.193,36.1244,-17.5185,0.2,0.0,0.0,0.0,0.2657,-0.1587,-0.861,0.9149,-0.0619,1,1,2,0.88,0.521,0.479,0,0,0.0,4,SETTLE_PHASE,0.08,-0.0674,-0.2381,0.1485
2287,55.922,35.8879,-17.3713,1.3578,0.0818,-0.0661,-0.097,1.017,0.279,1.191,36.1244,-17.5185,0.2,0.0,0.0,0.0,0.2629,-0.1575,-0.861,0.914,-0.1,1,1,2,0.88,0.522,0.478,0,0,0.0,4,SETTLE_PHASE,0.0818,-0.0661,-0.2365,0.1472
2288,55.933,35.8896,-17.3726,1.3559,0.0824,-0.0626,-0.0972,1.015,0.276,1.188,36.1244,-17.5185,0.2,0.0,0.0,0.0,0.2606,-0.1573,-0.8608,0.913,-0.066,1,1,2,0.879,0.52,0.48,0,0,0.0,4,SETTLE_PHASE,0.0824,-0.0626,-0.2348,0.1459
2289,55.945,35.8913,-17.3738,1.354,0.0833,-0.06,-0.0971,1.013,0.274,1.186,36.1244,-17.5185,0.2,0.0,0.0,0.0,0.2581,-0.1568,-0.8609,0.9123,-0.1039,1,1,2,0.881,0.522,0.478,0,0,0.0,4,SETTLE_PHASE,0.0833,-0.06,-0.2332,0.1447
2290,55.957,35.8929,-17.3749,1.352,0.0835,-0.0557,-0.0972,1.012,0.272,1.184,36.1244,-17.5185,0.2,0.0,0.0,0.0,0.2559,-0.1572,-0.8607,0.9116,-0.0709,1,1,2,0.879,0.52,0.48,0,0,0.0,4,SETTLE_PHASE,0.0835,-0.0557,-0.2315,0.1436
2291,55.969,35.8946,-17.3759,1.3501,0.0844,-0.0523,-0.0972,1.01,0.27,1.181,36.1244,-17.5185,0.2,0.0,0.0,0.0,0.2534,-0.1572,-0.8607,0.9109,-0.1087,1,1,2,0.88,0.521,0.479,0,0,0.0,4,SETTLE_PHASE,0.0844,-0.0523,-0.2298,0.1426
2292,55.98,35.8963,-17.3769,1.3481,0.084,-0.0476,-0.0973,1.008,0.268,1.179,36.1244,-17.5185,0.2,0.0,0.0,0.0,0.2514,-0.1579,-0.8606,0.9103,-0.071,1,1,2,0.879,0.52,0.48,0,0,0.0,4,SETTLE_PHASE,0.084,-0.0476,-0.2281,0.1416
2293,55.992,35.898,-17.3778,1.3462,0.084,-0.0442,-0.0973,1.006,0.267,1.177,36.1244,-17.5185,0.2,0.0,0.0,0.0,0.2493,-0.1581,-0.8606,0.9098,-0.1086,1,1,2,0.881,0.521,0.479,0,0,0.0,4,SETTLE_PHASE,0.084,-0.0442,-0.2264,0.1407
2294,56.004,35.8996,-17.3786,1.3442,0.0832,-0.0392,-0.0974,1.004,0.265,1.174,36.1244,-17.5185,0.2,0.0,0.0,0.0,0.2475,-0.1591,-0.8604,0.9093,-0.0821,1,1,2,0.879,0.519,0.481,0,0,0.0,4,SETTLE_PHASE,0.0832,-0.0392,-0.2248,0.1399
2295,56.015,35.9013,-17.3793,1.3423,0.0832,-0.0356,-0.0974,1.002,0.263,1.172,36.1244,-17.5185,0.2,0.0,0.0,0.0,0.2454,-0.1597,-0.8604,0.9089,-0.1197,1,1,2,0.88,0.52,0.48,0,0,0.0,4,SETTLE_PHASE,0.0832,-0.0356,-0.2231,0.1392
2296,56.027,35.9029,-17.3799,1.3403,0.0819,-0.0311,-0.0974,1.0,0.261,1.17,36.1244,-17.5185,0.2,0.0,0.0,0.0,0.2438,-0.1607,-0.8604,0.9086,-0.0824,1,1,2,0.88,0.52,0.48,0,0,0.0,4,SETTLE_PHASE,0.0819,-0.0311,-0.2215,0.1386
2297,56.039,35.9046,-17.3805,1.3384,0.081,-0.0288,-0.0974,0.998,0.26,1.168,36.1244,-17.5185,0.2,0.0,0.0,0.0,0.2421,-0.1609,-0.8605,0.9083,-0.1198,1,1,2,0.881,0.521,0.479,0,0,0.0,4,SETTLE_PHASE,0.081,-0.0288,-0.2198,0.138
2298,56.05,35.9061,-17.381,1.3364,0.0792,-0.0257,-0.0973,0.996,0.258,1.165,36.1244,-17.5185,0.2,0.0,0.0,0.0,0.2409,-0.1615,-0.8606,0.9082,-0.0796,1,1,2,0.88,0.519,0.481,0,0,0.0,4,SETTLE_PHASE,0.0792,-0.0257,-0.2183,0.1375
2299,56.062,35.9077,-17.3815,1.3345,0.0782,-0.0246,-0.0973,0.994,0.256,1.163,36.1244,-17.5185,0.2,0.0,0.0,0.0,0.2393,-0.1614,-0.8607,0.9078,-0.117,1,1,2,0.881,0.521,0.479,0,0,0.0,4,SETTLE_PHASE,0.0782,-0.0246,-0.2167,0.137
2300,56.074,35.9092,-17.3819,1.3325,0.0761,-0.0222,-0.0973,0.992,0.255,1.161,36.1244,-17.5185,0.2,0.0,0.0,0.0,0.2382,-0.1617,-0.8606,0.9074,-0.0808,1,1,2,0.881,0.52,0.48,0,0,0.0,4,SETTLE_PHASE,0.0761,-0.0222,-0.2152,0.1366
2301,56.085,35.9107,-17.3824,1.3306,0.0745,-0.0216,-0.0973,0.99,0.253,1.159,36.1244,-17.5185,0.2,0.0,0.0,0.0,0.237,-0.1614,-0.8606,0.9072,-0.1179,1,1,2,0.882,0.522,0.478,0,0,0.0,4,SETTLE_PHASE,0.0745,-0.0216,-0.2137,0.1361
2302,56.097,35.9122,-17.3828,1.3287,0.0726,-0.0198,-0.0972,0.988,0.252,1.156,36.1244,-17.5185,0.2,0.0,0.0,0.0,0.2359,-0.1617,-0.8608,0.9071,-0.0776,1,1,2,0.882,0.521,0.479,0,0,0.0,4,SETTLE_PHASE,0.0726,-0.0198,-0.2122,0.1358
2303,56.109,35.9136,-17.3831,1.3267,0.0718,-0.0197,-0.0972,0.986,0.251,1.154,36.1244,-17.5185,0.2,0.0,0.0,0.0,0.2344,-0.1612,-0.8608,0.9066,-0.1148,1,1,2,0.883,0.523,0.477,0,0,0.0,4,SETTLE_PHASE,0.0718,-0.0197,-0.2108,0.1354
2304,56.12,35.915,-17.3835,1.3248,0.0705,-0.018,-0.0972,0.984,0.249,1.152,36.1244,-17.5185,0.2,0.0,0.0,0.0,0.2332,-0.1614,-0.8607,0.9062,-0.0852,1,1,2,0.882,0.522,0.478,0,0,0.0,4,SETTLE_PHASE,0.0705,-0.018,-0.2094,0.135
2305,56.132,35.9164,-17.3839,1.3228,0.0701,-0.0177,-0.0972,0.982,0.248,1.15,36.1244,-17.5185,0.2,0.0,0.0,0.0,0.2315,-0.1611,-0.8608,0.9058,-0.1224,1,1,2,0.883,0.523,0.477,0,0,0.0,4,SETTLE_PHASE,0.0701,-0.0177,-0.208,0.1346
2306,56.144,35.9178,-17.3842,1.3209,0.0687,-0.0165,-0.0972,0.98,0.246,1.148,36.1244,-17.5185,0.2,0.0,0.0,0.0,0.2304,-0.1612,-0.8608,0.9056,-0.0843,1,1,2,0.883,0.522,0.478,0,0,0.0,4,SETTLE_PHASE,0.0687,-0.0165,-0.2066,0.1343
2307,56.155,35.9192,-17.3845,1.3189,0.0678,-0.0171,-0.0971,0.978,0.245,1.145,36.1244,-17.5185,0.2,0.0,0.0,0.0,0.229,-0.1605,-0.8609,0.9052,-0.1213,1,1,2,0.884,0.524,0.476,0,0,0.0,4,SETTLE_PHASE,0.0678,-0.0171,-0.2053,0.134
2308,56.167,35.9205,-17.3849,1.317,0.0662,-0.0167,-0.0971,0.976,0.244,1.143,36.1244,-17.5185,0.2,0.0,0.0,0.0,0.228,-0.1602,-0.861,0.905,-0.0804,1,1,2,0.883,0.523,0.477,0,0,0.0,4,SETTLE_PHASE,0.0662,-0.0167,-0.2039,0.1336
2309,56.179,35.9218,-17.3852,1.3151,0.0655,-0.0181,-0.0971,0.975,0.243,1.141,36.1244,-17.5185,0.2,0.0,0.0,0.0,0.2267,-0.1592,-0.861,0.9045,-0.1174,1,1,2,0.884,0.524,0.476,0,0,0.0,4,SETTLE_PHASE,0.0655,-0.0181,-0.2026,0.1333
2310,56.19,35.9231,-17.3856,1.3131,0.0639,-0.0182,-0.0971,0.973,0.241,1.139,36.1244,-17.5185,0.2,0.0,0.0,0.0,0.2257,-0.1588,-0.8609,0.9041,-0.0796,1,1,2,0.884,0.523,0.477,0,0,0.0,4,SETTLE_PHASE,0.0639,-0.0182,-0.2013,0.1329
2311,56.202,35.9243,-17.386,1.3112,0.0629,-0.0197,-0.0971,0.971,0.24,1.137,36.1244,-17.5185,0.2,0.0,0.0,0.0,0.2245,-0.1577,-0.861,0.9036,-0.1164,1,1,2,0.885,0.526,0.474,0,0,0.0,4,SETTLE_PHASE,0.0629,-0.0197,-0.2001,0.1325
2312,56.214,35.9256,-17.3864,1.3092,0.0615,-0.0197,-0.097,0.969,0.239,1.135,36.1244,-17.5185,0.2,0.0,0.0,0.0,0.2235,-0.1571,-0.8611,0.9034,-0.075,1,1,2,0.884,0.524,0.476,0,0,0.0,4,SETTLE_PHASE,0.0615,-0.0197,-0.1989,0.1321
2313,56.225,35.9268,-17.3868,1.3073,0.0613,-0.0211,-0.097,0.967,0.237,1.132,36.1244,-17.5185,0.2,0.0,0.0,0.0,0.2221,-0.156,-0.8611,0.9028,-0.1118,1,1,2,0.885,0.525,0.475,0,0,0.0,4,SETTLE_PHASE,0.0613,-0.0211,-0.1976,0.1317
2314,56.237,35.928,-17.3872,1.3053,0.0604,-0.0208,-0.0971,0.965,0.236,1.13,36.1244,-17.5185,0.2,0.0,0.0,0.0,0.2209,-0.1556,-0.8609,0.9024,-0.0818,1,1,2,0.885,0.525,0.475,0,0,0.0,4,SETTLE_PHASE,0.0604,-0.0208,-0.1964,0.1313
2315,56.249,35.9292,-17.3876,1.3034,0.0604,-0.0215,-0.0971,0.963,0.235,1.128,36.1244,-17.5185,0.2,0.0,0.0,0.0,0.2194,-0.1548,-0.861,0.9019,-0.1186,1,1,2,0.885,0.524,0.476,0,0,0.0,4,SETTLE_PHASE,0.0604,-0.0215,-0.1952,0.1309
2316,56.26,35.9304,-17.3881,1.3015,0.0593,-0.0211,-0.0971,0.961,0.234,1.126,36.1244,-17.5185,0.2,0.0,0.0,0.0,0.2183,-0.1544,-0.8608,0.9014,-0.0814,1,1,2,0.885,0.526,0.474,0,0,0.0,4,SETTLE_PHASE,0.0593,-0.0211,-0.194,0.1304
2317,56.272,35.9316,-17.3885,1.2995,0.0586,-0.0224,-0.0971,0.959,0.233,1.124,36.1244,-17.5185,0.2,0.0,0.0,0.0,0.2171,-0.1533,-0.8609,0.901,-0.1181,1,1,2,0.887,0.528,0.472,0,0,0.0,4,SETTLE_PHASE,0.0586,-0.0224,-0.1929,0.13
2318,56.283,35.9327,-17.389,1.2976,0.0577,-0.0226,-0.097,0.957,0.231,1.122,36.1244,-17.5185,0.2,0.0,0.0,0.0,0.216,-0.1527,-0.8611,0.9008,-0.0758,1,1,2,0.886,0.527,0.473,0,0,0.0,4,SETTLE_PHASE,0.0577,-0.0226,-0.1917,0.1295
2319,56.295,35.9339,-17.3895,1.2956,0.0581,-0.0246,-0.097,0.955,0.23,1.12,36.1244,-17.5185,0.2,0.0,0.0,0.0,0.2144,-0.1513,-0.8611,0.9002,-0.1126,1,1,2,0.888,0.529,0.471,0,0,0.0,4,SETTLE_PHASE,0.0581,-0.0246,-0.1905,0.129
2320,56.307,35.935,-17.39,1.2937,0.058,-0.0251,-0.0969,0.953,0.229,1.117,36.1244,-17.5185,0.2,0.0,0.0,0.0,0.213,-0.1504,-0.8612,0.8998,-0.0699,1,1,2,0.887,0.528,0.472,0,0,0.0,4,SETTLE_PHASE,0.058,-0.0251,-0.1894,0.1285
2321,56.318,35.9362,-17.3905,1.2918,0.0588,-0.027,-0.097,0.951,0.228,1.115,36.1244,-17.5185,0.2,0.0,0.0,0.0,0.2112,-0.1489,-0.8612,0.8991,-0.1067,1,1,2,0.888,0.529,0.471,0,0,0.0,4,SETTLE_PHASE,0.0588,-0.027,-0.1882,0.128
2322,56.33,35.9374,-17.391,1.2898,0.0589,-0.0272,-0.0969,0.949,0.226,1.113,36.1244,-17.5185,0.2,0.0,0.0,0.0,0.2097,-0.1482,-0.8612,0.8987,-0.0641,1,1,2,0.887,0.527,0.473,0,0,0.0,4,SETTLE_PHASE,0.0589,-0.0272,-0.187,0.1275
2323,56.342,35.9386,-17.3916,1.2879,0.0598,-0.0285,-0.097,0.947,0.225,1.111,36.1244,-17.5185,0.2,0.0,0.0,0.0,0.2078,-0.1469,-0.8611,0.898,-0.101,1,1,2,0.888,0.529,0.471,0,0,0.0,4,SETTLE_PHASE,0.0598,-0.0285,-0.1858,0.1269
2324,56.353,35.9398,-17.3922,1.2859,0.0597,-0.0277,-0.0976,0.945,0.224,1.109,36.1244,-17.5185,0.2,0.0,0.0,0.0,0.2063,-0.1465,-0.86,0.8965,-0.08,1,1,2,0.887,0.528,0.472,0,0,0.0,4,SETTLE_PHASE,0.0597,-0.0277,-0.1846,0.1263
2325,56.365,35.941,-17.3927,1.284,0.0601,-0.0278,-0.0974,0.943,0.222,1.107,36.1244,-17.5185,0.2,0.0,0.0,0.0,0.2047,-0.1458,-0.8604,0.8964,-0.1185,1,1,2,0.889,0.53,0.47,0,0,0.0,4,SETTLE_PHASE,0.0601,-0.0278,-0.1834,0.1258
2326,56.377,35.9422,-17.3933,1.282,0.06,-0.0271,-0.0972,0.942,0.221,1.104,36.1244,-17.5185,0.2,0.0,0.0,0.0,0.2032,-0.1454,-0.8607,0.8963,-0.0767,1,1,2,0.888,0.529,0.471,0,0,0.0,4,SETTLE_PHASE,0.06,-0.0271,-0.1822,0.1252
2327,56.388,35.9434,-17.3938,1.2801,0.0608,-0.0286,-0.0971,0.94,0.22,1.102,36.1244,-17.5185,0.2,0.0,0.0,0.0,0.2013,-0.1441,-0.8609,0.8958,-0.1151,1,1,2,0.889,0.53,0.47,0,0,0.0,4,SETTLE_PHASE,0.0608,-0.0286,-0.181,0.1247
2328,56.4,35.9446,-17.3944,1.2782,0.0609,-0.0291,-0.097,0.938,0.218,1.1,36.1244,-17.5185,0.2,0.0,0.0,0.0,0.1997,-0.1432,-0.861,0.8954,-0.0731,1,1,2,0.888,0.529,0.471,0,0,0.0,4,SETTLE_PHASE,0.0609,-0.0291,-0.1798,0.1241
2329,56.412,35.9458,-17.3951,1.2762,0.0618,-0.0314,-0.097,0.936,0.217,1.098,36.1244,-17.5185,0.2,0.0,0.0,0.0,0.1978,-0.1414,-0.8611,0.8948,-0.1114,1,1,2,0.889,0.53,0.47,0,0,0.0,4,SETTLE_PHASE,0.0618,-0.0314,-0.1786,0.1234
2330,56.423,35.9471,-17.3957,1.2743,0.0617,-0.0322,-0.097,0.934,0.216,1.096,36.1244,-17.5185,0.2,0.0,0.0,0.0,0.1963,-0.1403,-0.8611,0.8943,-0.0692,1,1,2,0.888,0.528,0.472,0,0,0.0,4,SETTLE_PHASE,0.0617,-0.0322,-0.1773,0.1228
2331,56.435,35.9483,-17.3964,1.2723,0.062,-0.0346,-0.097,0.932,0.214,1.094,36.1244,-17.5185,0.2,0.0,0.0,0.0,0.1946,-0.1384,-0.8611,0.8936,-0.1072,1,1,2,0.889,0.529,0.471,0,0,0.0,4,SETTLE_PHASE,0.062,-0.0346,-0.1761,0.1221
2332,56.447,35.9495,-17.3971,1.2704,0.0611,-0.0352,-0.0971,0.93,0.213,1.091,36.1244,-17.5185,0.2,0.0,0.0,0.0,0.1934,-0.1373,-0.8609,0.893,-0.0703,1,1,2,0.888,0.529,0.471,0,0,0.0,4,SETTLE_PHASE,0.0611,-0.0352,-0.1749,0.1214
2333,56.458,35.9508,-17.3978,1.2685,0.0605,-0.037,-0.0971,0.928,0.211,1.089,36.1244,-17.5185,0.2,0.0,0.0,0.0,0.1921,-0.1356,-0.861,0.8925,-0.108,1,1,2,0.89,0.53,0.47,0,0,0.0,4,SETTLE_PHASE,0.0605,-0.037,-0.1737,0.1207
2334,56.47,35.9519,-17.3986,1.2665,0.0595,-0.0371,-0.097,0.926,0.21,1.087,36.1244,-17.5185,0.2,0.0,0.0,0.0,0.191,-0.1346,-0.8611,0.8922,-0.0655,1,1,2,0.889,0.529,0.471,0,0,0.0,4,SETTLE_PHASE,0.0595,-0.0371,-0.1725,0.1199
2335,56.482,35.9531,-17.3993,1.2646,0.0597,-0.0385,-0.097,0.924,0.209,1.085,36.1244,-17.5185,0.2,0.0,0.0,0.0,0.1895,-0.1331,-0.8611,0.8917,-0.1032,1,1,2,0.89,0.531,0.469,0,0,0.0,4,SETTLE_PHASE,0.0597,-0.0385,-0.1713,0.1192
2336,56.494,35.9543,-17.4001,1.2626,0.0593,-0.0379,-0.0971,0.922,0.207,1.083,36.1244,-17.5185,0.2,0.0,0.0,0.0,0.1881,-0.1324,-0.861,0.8912,-0.0659,1,1,2,0.889,0.528,0.472,0,0,0.0,4,SETTLE_PHASE,0.0593,-0.0379,-0.1701,0.1184
2337,56.505,35.9555,-17.4009,1.2607,0.0597,-0.0382,-0.097,0.92,0.206,1.08,36.1244,-17.5185,0.2,0.0,0.0,0.0,0.1864,-0.1313,-0.861,0.8907,-0.1035,1,1,2,0.89,0.53,0.47,0,0,0.0,4,SETTLE_PHASE,0.0597,-0.0382,-0.1689,0.1176
2338,56.517,35.9567,-17.4016,1.2587,0.0593,-0.0366,-0.097,0.918,0.204,1.078,36.1244,-17.5185,0.2,0.0,0.0,0.0,0.1851,-0.131,-0.861,0.8904,-0.0612,1,1,2,0.889,0.527,0.473,0,0,0.0,4,SETTLE_PHASE,0.0593,-0.0366,-0.1677,0.1169
2339,56.528,35.9579,-17.4023,1.2568,0.0593,-0.0361,-0.0971,0.916,0.203,1.076,36.1244,-17.5185,0.2,0.0,0.0,0.0,0.1836,-0.1303,-0.861,0.8899,-0.0987,1,1,2,0.889,0.529,0.471,0,0,0.0,4,SETTLE_PHASE,0.0593,-0.0361,-0.1665,0.1162
2340,56.54,35.9591,-17.403,1.2548,0.0584,-0.0333,-0.098,0.914,0.202,1.074,36.1244,-17.5185,0.2,0.0,0.0,0.0,0.1825,-0.1306,-0.8593,0.8882,-0.0872,1,1,2,0.889,0.528,0.472,0,0,0.0,4,SETTLE_PHASE,0.0584,-0.0333,-0.1653,0.1155
2341,56.552,35.9602,-17.4036,1.2529,0.0577,-0.0313,-0.0977,0.912,0.2,1.072,36.1244,-17.5185,0.2,0.0,0.0,0.0,0.1813,-0.1306,-0.8599,0.8885,-0.128,1,1,2,0.891,0.532,0.468,0,0,0.0,4,SETTLE_PHASE,0.0577,-0.0313,-0.1642,0.1149
2342,56.563,35.9614,-17.4042,1.2509,0.0569,-0.0291,-0.0974,0.91,0.199,1.07,36.1244,-17.5185,0.2,0.0,0.0,0.0,0.1803,-0.1308,-0.8604,0.8887,-0.0887,1,1,2,0.891,0.531,0.469,0,0,0.0,4,SETTLE_PHASE,0.0569,-0.0291,-0.1631,0.1143
2343,56.575,35.9625,-17.4048,1.249,0.0572,-0.0295,-0.0973,0.908,0.198,1.067,36.1244,-17.5185,0.2,0.0,0.0,0.0,0.1787,-0.1299,-0.8607,0.8886,-0.1293,1,1,2,0.892,0.534,0.466,0,0,0.0,4,SETTLE_PHASE,0.0572,-0.0295,-0.1619,0.1137
2344,56.587,35.9636,-17.4054,1.2471,0.0571,-0.0294,-0.0971,0.907,0.197,1.065,36.1244,-17.5185,0.2,0.0,0.0,0.0,0.1773,-0.1292,-0.8609,0.8884,-0.09,1,1,2,0.892,0.532,0.468,0,0,0.0,4,SETTLE_PHASE,0.0571,-0.0294,-0.1608,0.1131
2345,56.599,35.9648,-17.406,1.2451,0.058,-0.0315,-0.0977,0.905,0.195,1.063,36.1244,-17.5185,0.2,0.0,0.0,0.0,0.1754,-0.1275,-0.86,0.8869,-0.1287,1,1,2,0.893,0.532,0.468,0,0,0.0,4,SETTLE_PHASE,0.058,-0.0315,-0.1596,0.1125
2346,56.61,35.966,-17.4067,1.2432,0.0582,-0.0328,-0.0974,0.903,0.194,1.061,36.1244,-17.5185,0.2,0.0,0.0,0.0,0.1739,-0.1262,-0.8604,0.8868,-0.0866,1,1,2,0.892,0.533,0.467,0,0,0.0,4,SETTLE_PHASE,0.0582,-0.0328,-0.1584,0.1118
2347,56.622,35.9671,-17.4074,1.2412,0.0592,-0.0361,-0.0973,0.901,0.193,1.059,36.1244,-17.5185,0.2,0.0,0.0,0.0,0.172,-0.1239,-0.8607,0.8864,-0.1239,1,1,2,0.893,0.532,0.468,0,0,0.0,4,SETTLE_PHASE,0.0592,-0.0361,-0.1573,0.1111
2348,56.634,35.9683,-17.4081,1.2393,0.0593,-0.0382,-0.0972,0.899,0.191,1.057,36.1244,-17.5185,0.2,0.0,0.0,0.0,0.1705,-0.1221,-0.8608,0.886,-0.0815,1,1,2,0.892,0.532,0.468,0,0,0.0,4,SETTLE_PHASE,0.0593,-0.0382,-0.1561,0.1104
2349,56.646,35.9695,-17.409,1.2373,0.06,-0.0421,-0.0971,0.897,0.19,1.055,36.1244,-17.5185,0.2,0.0,0.0,0.0,0.1687,-0.1194,-0.8609,0.8853,-0.1185,1,1,2,0.893,0.534,0.466,0,0,0.0,4,SETTLE_PHASE,0.06,-0.0421,-0.1549,0.1095
2350,56.657,35.9707,-17.4099,1.2354,0.0595,-0.0444,-0.0971,0.895,0.188,1.052,36.1244,-17.5185,0.2,0.0,0.0,0.0,0.1673,-0.1173,-0.8609,0.8848,-0.0758,1,1,2,0.892,0.531,0.469,0,0,0.0,4,SETTLE_PHASE,0.0595,-0.0444,-0.1537,0.1086
2351,56.669,35.9719,-17.4108,1.2334,0.0594,-0.0482,-0.0971,0.893,0.187,1.05,36.1244,-17.5185,0.2,0.0,0.0,0.0,0.1659,-0.1145,-0.8609,0.8842,-0.1125,1,1,2,0.892,0.532,0.468,0,0,0.0,4,SETTLE_PHASE,0.0594,-0.0482,-0.1525,0.1077
2352,56.681,35.9731,-17.4118,1.2315,0.0578,-0.0501,-0.0972,0.891,0.185,1.048,36.1244,-17.5185,0.2,0.0,0.0,0.0,0.1651,-0.1124,-0.8607,0.8836,-0.0744,1,1,2,0.892,0.53,0.47,0,0,0.0,4,SETTLE_PHASE,0.0578,-0.0501,-0.1513,0.1067
2353,56.693,35.9742,-17.4129,1.2296,0.0564,-0.0531,-0.0972,0.889,0.184,1.046,36.1244,-17.5185,0.2,0.0,0.0,0.0,0.1643,-0.1099,-0.8608,0.8832,-0.1106,1,1,2,0.893,0.533,0.467,0,0,0.0,4,SETTLE_PHASE,0.0564,-0.0531,-0.1502,0.1056
2354,56.704,35.9753,-17.414,1.2276,0.0543,-0.0543,-0.0972,0.887,0.182,1.044,36.1244,-17.5185,0.2,0.0,0.0,0.0,0.1637,-0.108,-0.8608,0.8829,-0.0673,1,1,2,0.892,0.53,0.47,0,0,0.0,4,SETTLE_PHASE,0.0543,-0.0543,-0.1491,0.1045
2355,56.716,35.9763,-17.4151,1.2257,0.0532,-0.0566,-0.0971,0.885,0.181,1.041,36.1244,-17.5185,0.2,0.0,0.0,0.0,0.1629,-0.1056,-0.8609,0.8825,-0.1034,1,1,2,0.893,0.532,0.468,0,0,0.0,4,SETTLE_PHASE,0.0532,-0.0566,-0.1481,0.1034
2356,56.728,35.9774,-17.4163,1.2237,0.0512,-0.0567,-0.0971,0.883,0.179,1.039,36.1244,-17.5185,0.2,0.0,0.0,0.0,0.1624,-0.1041,-0.8609,0.8823,-0.0597,1,1,2,0.892,0.529,0.471,0,0,0.0,4,SETTLE_PHASE,0.0512,-0.0567,-0.147,0.1022
2357,56.739,35.9784,-17.4174,1.2225,0.0497,-0.0579,-0.0636,0.882,0.178,1.038,36.1244,-17.5185,0.2,0.0,0.0,0.0,0.1618,-0.1022,-0.9179,0.9376,-0.0991,1,1,2,0.892,0.531,0.469,0,0,0.0,4,SETTLE_PHASE,0.0497,-0.0579,-0.146,0.1011
2358,56.751,35.9793,-17.4185,1.2216,0.0471,-0.0562,-0.0431,0.881,0.176,1.037,36.1244,-17.5185,0.2,0.0,0.0,0.0,0.1617,-0.1015,-0.9527,0.9716,-0.0569,1,1,2,0.891,0.53,0.47,0,0,0.0,4,SETTLE_PHASE,0.0471,-0.0562,-0.1451,0.1
2359,56.763,35.9802,-17.4196,1.221,0.0451,-0.0553,-0.0296,0.88,0.175,1.036,36.1244,-17.5185,0.2,0.0,0.0,0.0,0.1614,-0.1004,-0.9757,0.994,-0.0968,1,1,2,0.891,0.53,0.47,0,0,0.0,4,SETTLE_PHASE,0.0451,-0.0553,-0.1442,0.0989
2360,56.775,35.981,-17.4207,1.2206,0.042,-0.0517,-0.0212,0.88,0.174,1.035,36.1244,-17.5185,0.2,0.0,0.0,0.0,0.1616,-0.1006,-0.99,1.0082,-0.055,1,1,2,0.889,0.526,0.474,0,0,0.0,4,SETTLE_PHASE,0.042,-0.0517,-0.1434,0.0978
2361,56.786,35.9818,-17.4216,1.2203,0.0392,-0.0486,-0.0158,0.88,0.172,1.035,36.1244,-17.5185,0.2,0.0,0.0,0.0,0.1618,-0.1007,-0.9992,1.0172,-0.0937,1,1,2,0.89,0.528,0.472,0,0,0.0,4,SETTLE_PHASE,0.0392,-0.0486,-0.1426,0.0969
2362,56.799,35.9825,-17.4225,1.22,0.0349,-0.0426,-0.0128,0.88,0.171,1.034,36.1244,-17.5185,0.2,0.0,0.0,0.0,0.1627,-0.1022,-1.0042,1.0224,-0.0824,1,1,2,0.888,0.526,0.474,0,0,0.0,4,SETTLE_PHASE,0.0349,-0.0426,-0.1419,0.096
2363,56.81,35.9831,-17.4232,1.2198,0.0308,-0.0367,-0.0108,0.879,0.17,1.034,36.1244,-17.5185,0.2,0.0,0.0,0.0,0.1637,-0.1037,-1.0077,1.0261,-0.111,1,1,2,0.889,0.526,0.474,0,0,0.0,4,SETTLE_PHASE,0.0308,-0.0367,-0.1413,0.0953
2364,56.822,35.9837,-17.4238,1.2196,0.0254,-0.0299,-0.0095,0.879,0.17,1.034,36.1244,-17.5185,0.2,0.0,0.0,0.0,0.1653,-0.1058,-1.0098,1.0287,-0.0708,1,1,2,0.888,0.523,0.477,0,0,0.0,4,SETTLE_PHASE,0.0254,-0.0299,-0.1408,0.0947
2365,56.834,35.9841,-17.4243,1.2194,0.0206,-0.0246,-0.0087,0.879,0.169,1.033,36.1244,-17.5185,0.2,0.0,0.0,0.0,0.1668,-0.1074,-1.0112,1.0305,-0.1084,1,1,2,0.888,0.525,0.475,0,0,0.0,4,SETTLE_PHASE,0.0206,-0.0246,-0.1403,0.0942
2366,56.846,35.9844,-17.4247,1.2193,0.0146,-0.0174,-0.0085,0.879,0.169,1.033,36.1244,-17.5185,0.2,0.0,0.0,0.0,0.1689,-0.11,-1.0115,1.0314,-0.0771,1,1,2,0.888,0.524,0.476,0,0,0.0,4,SETTLE_PHASE,0.0146,-0.0174,-0.1401,0.0938
2367,56.857,35.9845,-17.4249,1.2191,0.009,-0.0113,-0.0083,0.879,0.168,1.033,36.1244,-17.5185,0.2,0.0,0.0,0.0,0.1711,-0.1123,-1.012,1.0324,-0.1143,1,1,2,0.89,0.527,0.473,0,0,0.0,4,SETTLE_PHASE,0.009,-0.0113,-0.1399,0.0936
2368,56.869,35.9846,-17.425,1.2189,0.0034,-0.0036,-0.0083,0.878,0.168,1.033,36.1244,-17.5185,0.2,0.0,0.0,0.0,0.1733,-0.1154,-1.0119,1.0331,-0.0907,1,1,2,0.889,0.525,0.475,0,0,0.0,4,SETTLE_PHASE,0.0034,-0.0036,-0.1398,0.0935
2369,56.881,35.9846,-17.4249,1.2188,-0.0005,0.0027,-0.0085,0.878,0.168,1.033,36.1244,-17.5185,0.2,0.0,0.0,0.0,0.175,-0.1181,-1.0116,1.0334,-0.1279,1,1,2,0.891,0.528,0.472,0,0,0.0,4,SETTLE_PHASE,-0.0005,0.0027,-0.1398,0.0936
2370,56.893,35.9845,-17.4247,1.2186,-0.005,0.0095,-0.0082,0.878,0.168,1.032,36.1244,-17.5185,0.2,0.0,0.0,0.0,0.177,-0.1212,-1.012,1.0345,-0.0871,1,1,2,0.89,0.527,0.473,0,0,0.0,4,SETTLE_PHASE,-0.005,0.0095,-0.1399,0.0938
2371,56.904,35.9843,-17.4244,1.2184,-0.0083,0.014,-0.0081,0.878,0.169,1.032,36.1244,-17.5185,0.2,0.0,0.0,0.0,0.1786,-0.1234,-1.0122,1.0353,-0.1238,1,1,2,0.891,0.529,0.471,0,0,0.0,4,SETTLE_PHASE,-0.0083,0.014,-0.1401,0.0941
2372,56.916,35.9841,-17.4241,1.2183,-0.0124,0.0192,-0.008,0.878,0.169,1.032,36.1244,-17.5185,0.2,0.0,0.0,0.0,0.1806,-0.1261,-1.0124,1.0361,-0.0837,1,1,2,0.89,0.527,0.473,0,0,0.0,4,SETTLE_PHASE,-0.0124,0.0192,-0.1403,0.0944
2373,56.928,35.9838,-17.4236,1.2181,-0.0156,0.0224,-0.0079,0.878,0.17,1.032,36.1244,-17.5185,0.2,0.0,0.0,0.0,0.1823,-0.128,-1.0125,1.0367,-0.1204,1,1,2,0.891,0.529,0.471,0,0,0.0,4,SETTLE_PHASE,-0.0156,0.0224,-0.1406,0.0949
2374,56.94,35.9834,-17.4231,1.2179,-0.0195,0.0267,-0.008,0.877,0.17,1.032,36.1244,-17.5185,0.2,0.0,0.0,0.0,0.1845,-0.1305,-1.0124,1.0373,-0.0857,1,1,2,0.891,0.528,0.472,0,0,0.0,4,SETTLE_PHASE,-0.0195,0.0267,-0.141,0.0954
2375,56.952,35.9829,-17.4225,1.2178,-0.0228,0.0292,-0.0079,0.877,0.171,1.032,36.1244,-17.5185,0.2,0.0,0.0,0.0,0.1864,-0.1323,-1.0125,1.038,-0.1223,1,1,2,0.893,0.531,0.469,0,0,0.0,4,TERMINAL_PRESS,-0.0228,0.0292,-0.1415,0.096
2376,56.963,35.9824,-17.4219,1.2167,-0.0249,0.0318,-0.0559,0.876,0.172,1.031,36.1244,-17.5185,0.2,0.0,0.0,0.0,0.1879,-0.1342,-0.9309,0.9591,-0.0889,1,1,2,0.894,0.532,0.468,0,0,0.0,4,TERMINAL_PRESS,-0.0249,0.0318,-0.142,0.0966
2377,56.975,35.9819,-17.4212,1.2149,-0.0257,0.0331,-0.0861,0.874,0.173,1.03,36.1244,-17.5185,0.2,0.0,0.0,0.0,0.1889,-0.1355,-0.8797,0.9099,-0.1232,1,1,2,0.895,0.535,0.465,0,0,0.0,4,TERMINAL_PRESS,-0.0257,0.0331,-0.1425,0.0973
2378,56.987,35.9814,-17.4205,1.2128,-0.0263,0.0351,-0.1049,0.872,0.173,1.028,36.1244,-17.5185,0.2,0.0,0.0,0.0,0.1898,-0.1372,-0.8476,0.8794,-0.0837,1,1,2,0.895,0.536,0.464,0,0,0.0,4,TERMINAL_PRESS,-0.0263,0.0351,-0.143,0.098
2379,56.999,35.9809,-17.4198,1.2105,-0.0252,0.0352,-0.1168,0.87,0.174,1.025,36.1244,-17.5185,0.2,0.0,0.0,0.0,0.19,-0.1381,-0.8274,0.8601,-0.1202,1,1,2,0.897,0.537,0.463,0,0,0.0,4,TERMINAL_PRESS,-0.0252,0.0352,-0.1435,0.0987
2380,57.01,35.9804,-17.4191,1.208,-0.0241,0.0365,-0.1242,0.868,0.175,1.023,36.1244,-17.5185,0.2,0.0,0.0,0.0,0.1901,-0.1396,-0.8148,0.8482,-0.0815,1,1,2,0.897,0.538,0.462,0,0,0.0,4,TERMINAL_PRESS,-0.0241,0.0365,-0.144,0.0994
2381,57.022,35.98,-17.4183,1.2054,-0.0215,0.0361,-0.1289,0.865,0.176,1.021,36.1244,-17.5185,0.2,0.0,0.0,0.0,0.1896,-0.1403,-0.8068,0.8406,-0.1191,1,1,2,0.898,0.538,0.462,0,0,0.0,4,TERMINAL_PRESS,-0.0215,0.0361,-0.1444,0.1002
2382,57.034,35.9796,-17.4176,1.2028,-0.0192,0.037,-0.1319,0.862,0.177,1.018,36.1244,-17.5185,0.2,0.0,0.0,0.0,0.1891,-0.1416,-0.8017,0.8358,-0.0821,1,1,2,0.898,0.539,0.461,0,0,0.0,4,TERMINAL_PRESS,-0.0192,0.037,-0.1448,0.1009
2383,57.045,35.9793,-17.4169,1.2001,-0.0157,0.0363,-0.1338,0.86,0.177,1.016,36.1244,-17.5185,0.2,0.0,0.0,0.0,0.188,-0.1422,-0.7986,0.8326,-0.1202,1,1,2,0.899,0.539,0.461,0,0,0.0,4,TERMINAL_PRESS,-0.0157,0.0363,-0.1451,0.1016
2384,57.057,35.979,-17.4161,1.1974,-0.0129,0.0368,-0.1349,0.857,0.178,1.013,36.1244,-17.5185,0.2,0.0,0.0,0.0,0.1871,-0.1433,-0.7967,0.8308,-0.078,1,1,2,0.898,0.54,0.46,0,0,0.0,4,TERMINAL_PRESS,-0.0129,0.0368,-0.1454,0.1024
2385,57.069,35.9788,-17.4154,1.1947,-0.0091,0.0357,-0.1357,0.854,0.178,1.011,36.1244,-17.5185,0.2,0.0,0.0,0.0,0.1858,-0.1438,-0.7953,0.8293,-0.1163,1,1,2,0.899,0.539,0.461,0,0,0.0,4,TERMINAL_PRESS,-0.0091,0.0357,-0.1456,0.1031
2386,57.08,35.9787,-17.4147,1.192,-0.0063,0.0361,-0.1362,0.851,0.179,1.008,36.1244,-17.5185,0.2,0.0,0.0,0.0,0.1848,-0.1449,-0.7944,0.8284,-0.0839,1,1,2,0.898,0.539,0.461,0,0,0.0,4,TERMINAL_PRESS,-0.0063,0.0361,-0.1457,0.1038
2387,57.092,35.9786,-17.414,1.1893,-0.0028,0.0353,-0.1365,0.849,0.179,1.005,36.1244,-17.5185,0.2,0.0,0.0,0.0,0.1834,-0.1454,-0.7939,0.8277,-0.1223,1,1,2,0.899,0.538,0.462,0,0,0.0,4,TERMINAL_PRESS,-0.0028,0.0353,-0.1458,0.1045
2388,57.104,35.9786,-17.4133,1.1865,-0.0007,0.0355,-0.1366,0.846,0.18,1.003,36.1244,-17.5185,0.2,0.0,0.0,0.0,0.1825,-0.1464,-0.7937,0.8275,-0.0798,1,1,2,0.898,0.538,0.462,0,0,0.0,4,TERMINAL_PRESS,-0.0007,0.0355,-0.1458,0.1052
2389,57.116,35.9787,-17.4126,1.1838,0.0016,0.0339,-0.1367,0.843,0.18,1.0,36.1244,-17.5185,0.2,0.0,0.0,0.0,0.1815,-0.1465,-0.7936,0.8271,-0.118,1,1,2,0.899,0.537,0.463,0,0,0.0,4,SETTLE_PHASE,0.0016,0.0339,-0.1457,0.1059
2390,57.127,35.9787,-17.4119,1.1814,0.0024,0.0338,-0.1219,0.841,0.181,0.998,36.1244,-17.5185,0.2,0.0,0.0,0.0,0.1811,-0.1473,-0.8188,0.8515,-0.0979,1,1,2,0.901,0.541,0.459,0,0,0.0,4,SETTLE_PHASE,0.0024,0.0338,-0.1457,0.1066
2391,57.139,35.9788,-17.4113,1.1791,0.003,0.0321,-0.1124,0.839,0.181,0.996,36.1244,-17.5185,0.2,0.0,0.0,0.0,0.1808,-0.1474,-0.8349,0.8668,-0.1206,1,1,2,0.901,0.539,0.461,0,0,0.0,4,SETTLE_PHASE,0.003,0.0321,-0.1456,0.1072
2392,57.151,35.9789,-17.4107,1.177,0.0066,0.0304,-0.1065,0.836,0.181,0.994,36.1244,-17.5185,0.2,0.0,0.0,0.0,0.1791,-0.1475,-0.845,0.8763,-0.0995,1,1,2,0.903,0.542,0.458,0,0,0.0,4,SETTLE_PHASE,0.0066,0.0304,-0.1455,0.1078
2393,57.163,35.9791,-17.4101,1.1749,0.0096,0.027,-0.1027,0.834,0.181,0.992,36.1244,-17.5185,0.2,0.0,0.0,0.0,0.1776,-0.1467,-0.8514,0.882,-0.1222,1,1,2,0.903,0.542,0.458,0,0,0.0,4,SETTLE_PHASE,0.0096,0.027,-0.1453,0.1084
2394,57.175,35.9794,-17.4097,1.1729,0.0151,0.0233,-0.1004,0.832,0.181,0.99,36.1244,-17.5185,0.2,0.0,0.0,0.0,0.175,-0.1458,-0.8554,0.8852,-0.1013,1,1,2,0.905,0.543,0.457,0,0,0.0,4,SETTLE_PHASE,0.0151,0.0233,-0.145,0.1088
2395,57.187,35.9798,-17.4093,1.1709,0.0196,0.0179,-0.0989,0.83,0.181,0.988,36.1244,-17.5185,0.2,0.0,0.0,0.0,0.1726,-0.144,-0.8578,0.8868,-0.124,1,1,2,0.904,0.543,0.457,0,0,0.0,4,SETTLE_PHASE,0.0196,0.0179,-0.1446,0.1092
2396,57.198,35.9803,-17.4091,1.169,0.0261,0.0122,-0.0981,0.828,0.181,0.986,36.1244,-17.5185,0.2,0.0,0.0,0.0,0.1692,-0.1419,-0.8592,0.8872,-0.1032,1,1,2,0.906,0.542,0.458,0,0,0.0,4,SETTLE_PHASE,0.0261,0.0122,-0.1441,0.1094
2397,57.21,35.9809,-17.409,1.167,0.0313,0.0045,-0.0978,0.827,0.18,0.984,36.1244,-17.5185,0.2,0.0,0.0,0.0,0.1663,-0.1388,-0.8597,0.8866,-0.1104,1,1,2,0.905,0.545,0.455,0,0,0.0,4,SETTLE_PHASE,0.0313,0.0045,-0.1435,0.1095
2398,57.221,35.9817,-17.4091,1.1651,0.0381,-0.0036,-0.0977,0.825,0.18,0.982,36.1244,-17.5185,0.2,0.0,0.0,0.0,0.1625,-0.1353,-0.86,0.8856,-0.089,1,1,2,0.906,0.54,0.46,0,0,0.0,4,SETTLE_PHASE,0.0381,-0.0036,-0.1427,0.1094
2399,57.233,35.9826,-17.4093,1.1638,0.0446,-0.014,-0.065,0.823,0.179,0.98,36.1244,-17.5185,0.2,0.0,0.0,0.0,0.1587,-0.1306,-0.9155,0.9383,-0.1132,1,1,2,0.905,0.545,0.455,0,0,0.0,4,SETTLE_PHASE,0.0446,-0.014,-0.1418,0.1092
2400,57.243,35.9836,-17.4098,1.1629,0.0525,-0.023,-0.0445,0.822,0.178,0.979,36.1244,-17.5185,0.2,0.0,0.0,0.0,0.154,-0.1263,-0.9503,0.9709,-0.0714,1,1,2,0.903,0.542,0.458,0,0,0.0,4,SETTLE_PHASE,0.0525,-0.023,-0.1408,0.1087
2401,57.255,35.9848,-17.4104,1.1623,0.058,-0.0327,-0.0315,0.822,0.177,0.978,36.1244,-17.5185,0.2,0.0,0.0,0.0,0.1503,-0.1214,-0.9725,0.9915,-0.0959,1,1,2,0.903,0.54,0.46,0,0,0.0,4,SETTLE_PHASE,0.058,-0.0327,-0.1396,0.1081
2402,57.267,35.986,-17.4112,1.1618,0.0605,-0.0399,-0.0235,0.821,0.175,0.978,36.1244,-17.5185,0.2,0.0,0.0,0.0,0.1477,-0.1174,-0.986,1.0039,-0.0618,1,1,2,0.9,0.535,0.465,0,0,0.0,4,SETTLE_PHASE,0.0605,-0.0399,-0.1384,0.1073
2403,57.279,35.9872,-17.4122,1.1614,0.0621,-0.0466,-0.0183,0.821,0.174,0.977,36.1244,-17.5185,0.2,0.0,0.0,0.0,0.1455,-0.1134,-0.9948,1.0118,-0.105,1,1,2,0.9,0.537,0.463,0,0,0.0,4,SETTLE_PHASE,0.0621,-0.0466,-0.1372,0.1063
2404,57.29,35.9885,-17.4132,1.1611,0.0613,-0.0496,-0.0143,0.821,0.172,0.976,36.1244,-17.5185,0.2,0.0,0.0,0.0,0.1442,-0.1109,-1.0016,1.018,-0.0679,1,1,2,0.898,0.534,0.466,0,0,0.0,4,SETTLE_PHASE,0.0613,-0.0496,-0.1359,0.1053
2405,57.302,35.9897,-17.4142,1.1609,0.0597,-0.0522,-0.0116,0.82,0.17,0.976,36.1244,-17.5185,0.2,0.0,0.0,0.0,0.1434,-0.1085,-1.0064,1.0223,-0.1082,1,1,2,0.897,0.533,0.467,0,0,0.0,4,SETTLE_PHASE,0.0597,-0.0522,-0.1347,0.1043
2406,57.314,35.9908,-17.4152,1.1607,0.0562,-0.0514,-0.01,0.82,0.169,0.975,36.1244,-17.5185,0.2,0.0,0.0,0.0,0.1434,-0.1075,-1.009,1.0248,-0.0878,1,1,2,0.895,0.529,0.471,0,0,0.0,4,SETTLE_PHASE,0.0562,-0.0514,-0.1336,0.1033
2407,57.325,35.9918,-17.4162,1.1605,0.0523,-0.0501,-0.0088,0.82,0.167,0.975,36.1244,-17.5185,0.2,0.0,0.0,0.0,0.1438,-0.1068,-1.011,1.0267,-0.1268,1,1,2,0.896,0.53,0.47,0,0,0.0,4,SETTLE_PHASE,0.0523,-0.0501,-0.1326,0.1023
2408,57.337,35.9928,-17.4172,1.1604,0.0468,-0.0466,-0.0081,0.82,0.166,0.975,36.1244,-17.5185,0.2,0.0,0.0,0.0,0.1449,-0.1071,-1.0122,1.0281,-0.0876,1,1,2,0.894,0.53,0.47,0,0,0.0,4,SETTLE_PHASE,0.0468,-0.0466,-0.1316,0.1013
2409,57.349,35.9936,-17.4181,1.1602,0.0413,-0.044,-0.0079,0.82,0.165,0.974,36.1244,-17.5185,0.2,0.0,0.0,0.0,0.1462,-0.1071,-1.0125,1.0286,-0.1252,1,1,2,0.894,0.527,0.473,0,0,0.0,4,SETTLE_PHASE,0.0413,-0.044,-0.1308,0.1004
2410,57.361,35.9943,-17.4188,1.16,0.034,-0.039,-0.0078,0.82,0.164,0.974,36.1244,-17.5185,0.2,0.0,0.0,0.0,0.1484,-0.1082,-1.0127,1.0292,-0.098,1,1,2,0.894,0.529,0.471,0,0,0.0,4,SETTLE_PHASE,0.034,-0.039,-0.1301,0.0997
2411,57.372,35.9948,-17.4195,1.1599,0.0264,-0.0344,-0.0085,0.819,0.163,0.974,36.1244,-17.5185,0.2,0.0,0.0,0.0,0.1509,-0.1092,-1.0116,1.0286,-0.1222,1,1,2,0.894,0.528,0.472,0,0,0.0,4,SETTLE_PHASE,0.0264,-0.0344,-0.1296,0.099
2412,57.384,35.9952,-17.4201,1.1597,0.0198,-0.0282,-0.0081,0.819,0.162,0.973,36.1244,-17.5185,0.2,0.0,0.0,0.0,0.1532,-0.1111,-1.0122,1.0297,-0.0982,1,1,2,0.895,0.53,0.47,0,0,0.0,4,SETTLE_PHASE,0.0198,-0.0282,-0.1292,0.0984
2413,57.396,35.9955,-17.4205,1.1596,0.0126,-0.0225,-0.0079,0.819,0.162,0.973,36.1244,-17.5185,0.2,0.0,0.0,0.0,0.1559,-0.113,-1.0125,1.0306,-0.1164,1,1,2,0.894,0.529,0.471,0,0,0.0,4,SETTLE_PHASE,0.0126,-0.0225,-0.129,0.098
2414,57.407,35.9956,-17.4209,1.1594,0.0077,-0.0157,-0.0079,0.819,0.162,0.973,36.1244,-17.5185,0.2,0.0,0.0,0.0,0.1578,-0.1154,-1.0126,1.0313,-0.093,1,1,2,0.896,0.533,0.467,0,0,0.0,4,SETTLE_PHASE,0.0077,-0.0157,-0.1288,0.0976
2415,57.419,35.9956,-17.421,1.1592,0.0018,-0.0096,-0.0079,0.819,0.161,0.973,36.1244,-17.5185,0.2,0.0,0.0,0.0,0.1602,-0.1178,-1.0126,1.032,-0.111,1,1,2,0.895,0.53,0.47,0,0,0.0,4,SETTLE_PHASE,0.0018,-0.0096,-0.1288,0.0975
2416,57.431,35.9956,-17.4211,1.1591,-0.0022,-0.0025,-0.0085,0.819,0.161,0.973,36.1244,-17.5185,0.2,0.0,0.0,0.0,0.1619,-0.1207,-1.0116,1.0315,-0.0903,1,1,2,0.896,0.532,0.468,0,0,0.0,4,SETTLE_PHASE,-0.0022,-0.0025,-0.1288,0.0974
2417,57.443,35.9954,-17.421,1.1589,-0.0076,0.0038,-0.0084,0.818,0.162,0.972,36.1244,-17.5185,0.2,0.0,0.0,0.0,0.1644,-0.1235,-1.0117,1.0323,-0.1136,1,1,2,0.895,0.531,0.469,0,0,0.0,4,TERMINAL_PRESS,-0.0076,0.0038,-0.129,0.0975
2418,57.454,35.9952,-17.4208,1.1578,-0.0104,0.0092,-0.0564,0.817,0.162,0.971,36.1244,-17.5185,0.2,0.0,0.0,0.0,0.1658,-0.126,-0.9301,0.9531,-0.0988,1,1,2,0.897,0.533,0.467,0,0,0.0,4,TERMINAL_PRESS,-0.0104,0.0092,-0.1292,0.0977
2419,57.466,35.995,-17.4205,1.156,-0.0143,0.0144,-0.0867,0.816,0.162,0.97,36.1244,-17.5185,0.2,0.0,0.0,0.0,0.1678,-0.1285,-0.8786,0.9037,-0.1216,1,1,2,0.897,0.535,0.465,0,0,0.0,4,TERMINAL_PRESS,-0.0143,0.0144,-0.1295,0.098
2420,57.478,35.9946,-17.4201,1.1539,-0.0171,0.0201,-0.1056,0.813,0.163,0.968,36.1244,-17.5185,0.2,0.0,0.0,0.0,0.1695,-0.1314,-0.8464,0.8732,-0.1038,1,1,2,0.899,0.534,0.466,0,0,0.0,4,TERMINAL_PRESS,-0.0171,0.0201,-0.1298,0.0984
2421,57.489,35.9942,-17.4197,1.1516,-0.0207,0.0244,-0.1175,0.811,0.163,0.966,36.1244,-17.5185,0.2,0.0,0.0,0.0,0.1715,-0.1338,-0.8263,0.8545,-0.1253,1,1,2,0.898,0.535,0.465,0,0,0.0,4,TERMINAL_PRESS,-0.0207,0.0244,-0.1302,0.0988
2422,57.501,35.9937,-17.4191,1.1491,-0.0224,0.0287,-0.1249,0.809,0.164,0.963,36.1244,-17.5185,0.2,0.0,0.0,0.0,0.1727,-0.1364,-0.8137,0.843,-0.1068,1,1,2,0.9,0.536,0.464,0,0,0.0,4,TERMINAL_PRESS,-0.0224,0.0287,-0.1307,0.0994
2423,57.513,35.9932,-17.4185,1.1465,-0.0252,0.0314,-0.1299,0.806,0.165,0.961,36.1244,-17.5185,0.2,0.0,0.0,0.0,0.1745,-0.1383,-0.8052,0.8354,-0.1274,1,1,2,0.9,0.537,0.463,0,0,0.0,4,TERMINAL_PRESS,-0.0252,0.0314,-0.1312,0.1001
2424,57.524,35.9927,-17.4178,1.1438,-0.0263,0.0338,-0.1326,0.803,0.166,0.958,36.1244,-17.5185,0.2,0.0,0.0,0.0,0.1757,-0.1401,-0.8006,0.8316,-0.107,1,1,2,0.901,0.536,0.464,0,0,0.0,4,TERMINAL_PRESS,-0.0263,0.0338,-0.1317,0.1007
2425,57.536,35.9921,-17.4171,1.1411,-0.0289,0.0344,-0.1343,0.801,0.167,0.956,36.1244,-17.5185,0.2,0.0,0.0,0.0,0.1775,-0.1412,-0.7976,0.8293,-0.1252,1,1,2,0.901,0.537,0.463,0,0,0.0,4,TERMINAL_PRESS,-0.0289,0.0344,-0.1323,0.1014
2426,57.548,35.9915,-17.4164,1.1384,-0.0301,0.0346,-0.1353,0.798,0.168,0.953,36.1244,-17.5185,0.2,0.0,0.0,0.0,0.1787,-0.1422,-0.796,0.8281,-0.1051,1,1,2,0.902,0.538,0.462,0,0,0.0,4,TERMINAL_PRESS,-0.0301,0.0346,-0.1329,0.1021
2427,57.559,35.9909,-17.4157,1.1357,-0.0326,0.0331,-0.136,0.795,0.168,0.951,36.1244,-17.5185,0.2,0.0,0.0,0.0,0.1806,-0.1424,-0.7948,0.8274,-0.1169,1,1,2,0.902,0.535,0.465,0,0,0.0,4,TERMINAL_PRESS,-0.0326,0.0331,-0.1335,0.1028
2428,57.57,35.9902,-17.4151,1.133,-0.0336,0.0313,-0.1363,0.792,0.169,0.948,36.1244,-17.5185,0.2,0.0,0.0,0.0,0.1818,-0.1424,-0.7942,0.8271,-0.0968,1,1,2,0.903,0.538,0.462,0,0,0.0,4,TERMINAL_PRESS,-0.0336,0.0313,-0.1342,0.1034
2429,57.582,35.9895,-17.4145,1.1303,-0.0359,0.0283,-0.1366,0.79,0.17,0.946,36.1244,-17.5185,0.2,0.0,0.0,0.0,0.1837,-0.1418,-0.7937,0.827,-0.1194,1,1,2,0.903,0.537,0.463,0,0,0.0,4,TERMINAL_PRESS,-0.0359,0.0283,-0.1349,0.104
2430,57.593,35.9888,-17.414,1.1275,-0.0368,0.0257,-0.1368,0.787,0.171,0.943,36.1244,-17.5185,0.2,0.0,0.0,0.0,0.185,-0.1414,-0.7935,0.827,-0.0993,1,1,2,0.904,0.537,0.463,0,0,0.0,4,TERMINAL_PRESS,-0.0368,0.0257,-0.1356,0.1045
2431,57.605,35.988,-17.4136,1.1248,-0.0389,0.0216,-0.137,0.784,0.172,0.941,36.1244,-17.5185,0.2,0.0,0.0,0.0,0.1868,-0.1402,-0.7932,0.8268,-0.1037,1,1,2,0.904,0.54,0.46,0,0,0.0,4,TERMINAL_PRESS,-0.0389,0.0216,-0.1364,0.1049
2432,57.616,35.9872,-17.4132,1.122,-0.0393,0.0175,-0.1375,0.782,0.173,0.938,36.1244,-17.5185,0.2,0.0,0.0,0.0,0.188,-0.1389,-0.7923,0.8261,-0.085,1,1,2,0.905,0.541,0.459,0,0,0.0,4,TERMINAL_PRESS,-0.0393,0.0175,-0.1372,0.1053
2433,57.627,35.9864,-17.413,1.1193,-0.0408,0.0132,-0.1373,0.779,0.174,0.936,36.1244,-17.5185,0.2,0.0,0.0,0.0,0.1896,-0.1374,-0.7926,0.8265,-0.1073,1,1,2,0.904,0.539,0.461,0,0,0.0,4,TERMINAL_PRESS,-0.0408,0.0132,-0.138,0.1055
2434,57.639,35.9856,-17.4128,1.1165,-0.0404,0.0101,-0.1372,0.776,0.175,0.933,36.1244,-17.5185,0.2,0.0,0.0,0.0,0.1905,-0.1364,-0.7928,0.8267,-0.0885,1,1,2,0.905,0.541,0.459,0,0,0.0,4,TERMINAL_PRESS,-0.0404,0.0101,-0.1388,0.1057
2435,57.651,35.9847,-17.4126,1.1138,-0.0415,0.0067,-0.1372,0.773,0.175,0.93,36.1244,-17.5185,0.2,0.0,0.0,0.0,0.1919,-0.1351,-0.7928,0.8268,-0.1146,1,1,2,0.905,0.542,0.458,0,0,0.0,4,TERMINAL_PRESS,-0.0415,0.0067,-0.1397,0.1059
2436,57.663,35.9839,-17.4126,1.1111,-0.041,0.0043,-0.1371,0.771,0.176,0.928,36.1244,-17.5185,0.2,0.0,0.0,0.0,0.1928,-0.1342,-0.7929,0.827,-0.0954,1,1,2,0.907,0.543,0.457,0,0,0.0,4,TERMINAL_PRESS,-0.041,0.0043,-0.1405,0.1059
2437,57.674,35.9831,-17.4125,1.1083,-0.0414,0.0012,-0.137,0.768,0.177,0.925,36.1244,-17.5185,0.2,0.0,0.0,0.0,0.1939,-0.133,-0.7931,0.8272,-0.1186,1,1,2,0.907,0.543,0.457,0,0,0.0,4,TERMINAL_PRESS,-0.0414,0.0012,-0.1413,0.106
2438,57.686,35.9823,-17.4126,1.1056,-0.0396,-0.0012,-0.137,0.765,0.177,0.923,36.1244,-17.5185,0.2,0.0,0.0,0.0,0.1942,-0.1319,-0.7931,0.8271,-0.0987,1,1,2,0.908,0.545,0.455,0,0,0.0,4,TERMINAL_PRESS,-0.0396,-0.0012,-0.1421,0.1059
2439,57.698,35.9815,-17.4126,1.1028,-0.039,-0.0045,-0.1377,0.762,0.178,0.92,36.1244,-17.5185,0.2,0.0,0.0,0.0,0.1949,-0.1304,-0.792,0.826,-0.1141,1,1,2,0.907,0.544,0.456,0,0,0.0,4,TERMINAL_PRESS,-0.039,-0.0045,-0.1429,0.1059
2440,57.71,35.9808,-17.4128,1.1001,-0.0368,-0.0072,-0.1374,0.76,0.178,0.918,36.1244,-17.5185,0.2,0.0,0.0,0.0,0.1949,-0.1291,-0.7924,0.8262,-0.0898,1,1,2,0.909,0.546,0.454,0,0,0.0,4,TERMINAL_PRESS,-0.0368,-0.0072,-0.1436,0.1057
2441,57.721,35.9801,-17.413,1.0973,-0.0358,-0.0106,-0.1372,0.757,0.179,0.915,36.1244,-17.5185,0.2,0.0,0.0,0.0,0.1954,-0.1274,-0.7927,0.8263,-0.1092,1,1,2,0.908,0.544,0.456,0,0,0.0,4,TERMINAL_PRESS,-0.0358,-0.0106,-0.1443,0.1055
2442,57.733,35.9794,-17.4133,1.0946,-0.0333,-0.0132,-0.1372,0.754,0.179,0.912,36.1244,-17.5185,0.2,0.0,0.0,0.0,0.1951,-0.126,-0.7928,0.8261,-0.0855,1,1,2,0.909,0.544,0.456,0,0,0.0,4,TERMINAL_PRESS,-0.0333,-0.0132,-0.145,0.1052
2443,57.745,35.9788,-17.4136,1.0918,-0.0324,-0.0167,-0.1373,0.751,0.179,0.91,36.1244,-17.5185,0.2,0.0,0.0,0.0,0.1956,-0.1241,-0.7927,0.8258,-0.0885,1,1,2,0.908,0.543,0.457,0,0,0.0,4,TERMINAL_PRESS,-0.0324,-0.0167,-0.1456,0.1049
2444,57.757,35.9781,-17.414,1.0891,-0.0304,-0.0195,-0.1372,0.749,0.18,0.907,36.1244,-17.5185,0.2,0.0,0.0,0.0,0.1955,-0.1225,-0.7928,0.8257,-0.0733,1,1,2,0.909,0.547,0.453,0,0,0.0,4,TERMINAL_PRESS,-0.0304,-0.0195,-0.1463,0.1045
2445,57.768,35.9775,-17.4144,1.0864,-0.03,-0.022,-0.1374,0.746,0.18,0.904,36.1244,-17.5185,0.2,0.0,0.0,0.0,0.1961,-0.1209,-0.7924,0.8252,-0.0923,1,1,2,0.908,0.545,0.455,0,0,0.0,4,TERMINAL_PRESS,-0.03,-0.022,-0.1469,0.1041
2446,57.78,35.977,-17.4149,1.0836,-0.0279,-0.0225,-0.1378,0.743,0.18,0.902,36.1244,-17.5185,0.2,0.0,0.0,0.0,0.1959,-0.1201,-0.7918,0.8245,-0.074,1,1,2,0.909,0.547,0.453,0,0,0.0,4,SETTLE_PHASE,-0.0279,-0.0225,-0.1474,0.1036
2447,57.792,35.9765,-17.4153,1.0811,-0.027,-0.0225,-0.1226,0.741,0.18,0.899,36.1244,-17.5185,0.2,0.0,0.0,0.0,0.1962,-0.1196,-0.8176,0.8492,-0.1116,1,1,2,0.911,0.546,0.454,0,0,0.0,4,SETTLE_PHASE,-0.027,-0.0225,-0.148,0.1032
2448,57.804,35.976,-17.4157,1.0789,-0.0244,-0.0207,-0.113,0.738,0.181,0.897,36.1244,-17.5185,0.2,0.0,0.0,0.0,0.1957,-0.1198,-0.8338,0.8648,-0.0953,1,1,2,0.911,0.546,0.454,0,0,0.0,4,SETTLE_PHASE,-0.0244,-0.0207,-0.1484,0.1028
2449,57.816,35.9756,-17.4161,1.0767,-0.0194,-0.0198,-0.1076,0.736,0.181,0.895,36.1244,-17.5185,0.2,0.0,0.0,0.0,0.1941,-0.1197,-0.843,0.8733,-0.127,1,1,2,0.913,0.547,0.453,0,0,0.0,4,SETTLE_PHASE,-0.0194,-0.0198,-0.1488,0.1024
2450,57.827,35.9753,-17.4165,1.0747,-0.0145,-0.0186,-0.1034,0.734,0.181,0.893,36.1244,-17.5185,0.2,0.0,0.0,0.0,0.1924,-0.1197,-0.8502,0.8798,-0.0798,1,1,2,0.913,0.548,0.452,0,0,0.0,4,SETTLE_PHASE,-0.0145,-0.0186,-0.1491,0.102
2451,57.839,35.9751,-17.4169,1.0726,-0.0078,-0.0199,-0.1009,0.732,0.181,0.891,36.1244,-17.5185,0.2,0.0,0.0,0.0,0.1898,-0.1187,-0.8545,0.8833,-0.1149,1,1,2,0.915,0.549,0.451,0,0,0.0,4,SETTLE_PHASE,-0.0078,-0.0199,-0.1493,0.1016
2452,57.851,35.9751,-17.4173,1.0707,-0.0011,-0.0205,-0.0994,0.73,0.18,0.889,36.1244,-17.5185,0.2,0.0,0.0,0.0,0.1871,-0.1179,-0.8571,0.8852,-0.0677,1,1,2,0.914,0.548,0.452,0,0,0.0,4,SETTLE_PHASE,-0.0011,-0.0205,-0.1493,0.1012
2453,57.863,35.9752,-17.4178,1.0687,0.007,-0.0233,-0.0984,0.728,0.18,0.887,36.1244,-17.5185,0.2,0.0,0.0,0.0,0.1835,-0.1162,-0.8587,0.8857,-0.1037,1,1,2,0.916,0.545,0.455,0,0,0.0,4,SETTLE_PHASE,0.007,-0.0233,-0.1492,0.1007
2454,57.874,35.9756,-17.4183,1.0674,0.0162,-0.0252,-0.0651,0.727,0.179,0.886,36.1244,-17.5185,0.2,0.0,0.0,0.0,0.1793,-0.1147,-0.9153,0.9397,-0.0696,1,1,2,0.915,0.545,0.455,0,0,0.0,4,SETTLE_PHASE,0.0162,-0.0252,-0.1488,0.1002
2455,57.886,35.9761,-17.4189,1.0665,0.0262,-0.0291,-0.045,0.726,0.179,0.885,36.1244,-17.5185,0.2,0.0,0.0,0.0,0.1745,-0.1124,-0.9496,0.972,-0.0928,1,1,2,0.913,0.549,0.451,0,0,0.0,4,SETTLE_PHASE,0.0262,-0.0291,-0.1483,0.0996
2456,57.898,35.9768,-17.4195,1.0659,0.0355,-0.0315,-0.0314,0.725,0.178,0.884,36.1244,-17.5185,0.2,0.0,0.0,0.0,0.1697,-0.1106,-0.9726,0.9935,-0.0715,1,1,2,0.913,0.548,0.452,0,0,0.0,4,SETTLE_PHASE,0.0355,-0.0315,-0.1476,0.099
2457,57.91,35.9776,-17.4202,1.0654,0.0408,-0.0341,-0.0227,0.725,0.177,0.883,36.1244,-17.5185,0.2,0.0,0.0,0.0,0.1664,-0.1087,-0.9873,1.0071,-0.0976,1,1,2,0.911,0.546,0.454,0,0,0.0,4,SETTLE_PHASE,0.0408,-0.0341,-0.1468,0.0983
2458,57.922,35.9785,-17.4209,1.0651,0.0455,-0.0353,-0.0171,0.725,0.176,0.883,36.1244,-17.5185,0.2,0.0,0.0,0.0,0.1633,-0.1073,-0.9969,1.0159,-0.0773,1,1,2,0.91,0.546,0.454,0,0,0.0,4,SETTLE_PHASE,0.0455,-0.0353,-0.1459,0.0976
2459,57.933,35.9795,-17.4216,1.0648,0.0463,-0.037,-0.0138,0.724,0.174,0.882,36.1244,-17.5185,0.2,0.0,0.0,0.0,0.1618,-0.1056,-1.0026,1.021,-0.0917,1,1,2,0.909,0.544,0.456,0,0,0.0,4,SETTLE_PHASE,0.0463,-0.037,-0.145,0.0969
2460,57.945,35.9804,-17.4224,1.0646,0.0463,-0.0377,-0.0114,0.724,0.173,0.882,36.1244,-17.5185,0.2,0.0,0.0,0.0,0.1606,-0.1044,-1.0066,1.0247,-0.0689,1,1,2,0.909,0.546,0.454,0,0,0.0,4,SETTLE_PHASE,0.0463,-0.0377,-0.144,0.0961
2461,57.957,35.9813,-17.4231,1.0644,0.0449,-0.0381,-0.0098,0.724,0.172,0.881,36.1244,-17.5185,0.2,0.0,0.0,0.0,0.1601,-0.1032,-1.0094,1.0272,-0.0937,1,1,2,0.908,0.541,0.459,0,0,0.0,4,SETTLE_PHASE,0.0449,-0.0381,-0.1431,0.0954
2462,57.969,35.9822,-17.4239,1.0642,0.0443,-0.0366,-0.0087,0.724,0.171,0.881,36.1244,-17.5185,0.2,0.0,0.0,0.0,0.1592,-0.1029,-1.0112,1.0288,-0.0739,1,1,2,0.908,0.542,0.458,0,0,0.0,4,SETTLE_PHASE,0.0443,-0.0366,-0.1422,0.0946
2463,57.981,35.983,-17.4246,1.064,0.0412,-0.0348,-0.0081,0.724,0.17,0.881,36.1244,-17.5185,0.2,0.0,0.0,0.0,0.1595,-0.1028,-1.0122,1.0298,-0.101,1,1,2,0.906,0.54,0.46,0,0,0.0,4,SETTLE_PHASE,0.0412,-0.0348,-0.1414,0.0939
2464,57.993,35.9838,-17.4252,1.0639,0.0385,-0.0311,-0.0077,0.723,0.169,0.88,36.1244,-17.5185,0.2,0.0,0.0,0.0,0.1596,-0.1036,-1.013,1.0307,-0.0813,1,1,2,0.906,0.539,0.461,0,0,0.0,4,SETTLE_PHASE,0.0385,-0.0311,-0.1406,0.0933
2465,58.005,35.9844,-17.4257,1.0637,0.0337,-0.0276,-0.0078,0.723,0.168,0.88,36.1244,-17.5185,0.2,0.0,0.0,0.0,0.1608,-0.1044,-1.0128,1.0308,-0.1077,1,1,2,0.905,0.536,0.464,0,0,0.0,4,SETTLE_PHASE,0.0337,-0.0276,-0.14,0.0928
2466,58.017,35.985,-17.4262,1.0636,0.0295,-0.0225,-0.0076,0.723,0.167,0.88,36.1244,-17.5185,0.2,0.0,0.0,0.0,0.1618,-0.106,-1.0132,1.0315,-0.0873,1,1,2,0.906,0.538,0.462,0,0,0.0,4,SETTLE_PHASE,0.0295,-0.0225,-0.1394,0.0923
2467,58.028,35.9855,-17.4265,1.0634,0.0235,-0.0178,-0.0082,0.723,0.167,0.879,36.1244,-17.5185,0.2,0.0,0.0,0.0,0.1638,-0.1075,-1.012,1.0308,-0.1101,1,1,2,0.905,0.535,0.465,0,0,0.0,4,SETTLE_PHASE,0.0235,-0.0178,-0.1389,0.092
2468,58.04,35.9859,-17.4268,1.0632,0.0186,-0.0119,-0.008,0.723,0.166,0.879,36.1244,-17.5185,0.2,0.0,0.0,0.0,0.1654,-0.1097,-1.0124,1.0317,-0.0866,1,1,2,0.905,0.538,0.462,0,0,0.0,4,SETTLE_PHASE,0.0186,-0.0119,-0.1385,0.0917
2469,58.052,35.9861,-17.4269,1.0631,0.0121,-0.0066,-0.008,0.723,0.166,0.879,36.1244,-17.5185,0.2,0.0,0.0,0.0,0.1678,-0.1117,-1.0124,1.0323,-0.1097,1,1,2,0.905,0.535,0.465,0,0,0.0,4,SETTLE_PHASE,0.0121,-0.0066,-0.1383,0.0916
2470,58.064,35.9863,-17.4269,1.0629,0.007,-0.0003,-0.0079,0.722,0.166,0.879,36.1244,-17.5185,0.2,0.0,0.0,0.0,0.1698,-0.1143,-1.0125,1.033,-0.0869,1,1,2,0.906,0.539,0.461,0,0,0.0,4,SETTLE_PHASE,0.007,-0.0003,-0.1382,0.0916
2471,58.075,35.9863,-17.4268,1.0628,0.0006,0.005,-0.008,0.722,0.166,0.879,36.1244,-17.5185,0.2,0.0,0.0,0.0,0.1724,-0.1167,-1.0125,1.0337,-0.1078,1,1,2,0.905,0.538,0.462,0,0,0.0,4,SETTLE_PHASE,0.0006,0.005,-0.1381,0.0917
2472,58.087,35.9862,-17.4266,1.0626,-0.004,0.011,-0.008,0.722,0.166,0.878,36.1244,-17.5185,0.2,0.0,0.0,0.0,0.1745,-0.1195,-1.0124,1.0343,-0.0856,1,1,2,0.906,0.54,0.46,0,0,0.0,4,TERMINAL_PRESS,-0.004,0.011,-0.1382,0.0919
2473,58.099,35.986,-17.4263,1.0615,-0.0087,0.0148,-0.0563,0.721,0.166,0.877,36.1244,-17.5185,0.2,0.0,0.0,0.0,0.1767,-0.1214,-0.9303,0.9547,-0.1094,1,1,2,0.907,0.54,0.46,0,0,0.0,4,TERMINAL_PRESS,-0.0087,0.0148,-0.1384,0.0922
2474,58.11,35.9858,-17.4259,1.0597,-0.0129,0.0194,-0.0867,0.719,0.167,0.876,36.1244,-17.5185,0.2,0.0,0.0,0.0,0.1787,-0.1239,-0.8787,0.9052,-0.0799,1,1,2,0.907,0.542,0.458,0,0,0.0,4,TERMINAL_PRESS,-0.0129,0.0194,-0.1387,0.0926
2475,58.122,35.9854,-17.4255,1.0576,-0.0168,0.0229,-0.1057,0.717,0.167,0.874,36.1244,-17.5185,0.2,0.0,0.0,0.0,0.1808,-0.1259,-0.8463,0.8745,-0.1069,1,1,2,0.908,0.544,0.456,0,0,0.0,4,TERMINAL_PRESS,-0.0168,0.0229,-0.139,0.093
2476,58.134,35.985,-17.4249,1.0553,-0.0197,0.0272,-0.1179,0.715,0.168,0.872,36.1244,-17.5185,0.2,0.0,0.0,0.0,0.1825,-0.1284,-0.8256,0.8552,-0.0744,1,1,2,0.909,0.544,0.456,0,0,0.0,4,TERMINAL_PRESS,-0.0197,0.0272,-0.1394,0.0936
2477,58.145,35.9846,-17.4243,1.0528,-0.022,0.03,-0.1252,0.712,0.169,0.869,36.1244,-17.5185,0.2,0.0,0.0,0.0,0.184,-0.1303,-0.8132,0.8439,-0.1083,1,1,2,0.911,0.546,0.454,0,0,0.0,4,TERMINAL_PRESS,-0.022,0.03,-0.1398,0.0942
2478,58.157,35.9841,-17.4236,1.0502,-0.0236,0.0338,-0.1297,0.71,0.169,0.867,36.1244,-17.5185,0.2,0.0,0.0,0.0,0.1853,-0.1327,-0.8055,0.8372,-0.0713,1,1,2,0.911,0.543,0.457,0,0,0.0,4,TERMINAL_PRESS,-0.0236,0.0338,-0.1403,0.0949
2479,58.169,35.9836,-17.4229,1.0475,-0.0236,0.0357,-0.1325,0.707,0.17,0.864,36.1244,-17.5185,0.2,0.0,0.0,0.0,0.1858,-0.1344,-0.8008,0.833,-0.1083,1,1,2,0.912,0.546,0.454,0,0,0.0,4,TERMINAL_PRESS,-0.0236,0.0357,-0.1408,0.0956
2480,58.18,35.9832,-17.4222,1.0448,-0.0237,0.0386,-0.1344,0.704,0.171,0.862,36.1244,-17.5185,0.2,0.0,0.0,0.0,0.1865,-0.1366,-0.7975,0.8303,-0.0667,1,1,2,0.912,0.545,0.455,0,0,0.0,4,TERMINAL_PRESS,-0.0237,0.0386,-0.1412,0.0963
2481,58.192,35.9827,-17.4214,1.0421,-0.0225,0.0395,-0.1354,0.702,0.172,0.859,36.1244,-17.5185,0.2,0.0,0.0,0.0,0.1866,-0.138,-0.7958,0.829,-0.1052,1,1,2,0.913,0.545,0.455,0,0,0.0,4,TERMINAL_PRESS,-0.0225,0.0395,-0.1417,0.0971
2482,58.203,35.9823,-17.4205,1.0394,-0.0217,0.0416,-0.1363,0.699,0.173,0.857,36.1244,-17.5185,0.2,0.0,0.0,0.0,0.1867,-0.1399,-0.7944,0.8279,-0.0712,1,1,2,0.913,0.546,0.454,0,0,0.0,4,TERMINAL_PRESS,-0.0217,0.0416,-0.1421,0.098
2483,58.215,35.9819,-17.4197,1.0367,-0.0198,0.0421,-0.1365,0.696,0.173,0.854,36.1244,-17.5185,0.2,0.0,0.0,0.0,0.1865,-0.1411,-0.7939,0.8276,-0.1109,1,1,2,0.914,0.548,0.452,0,0,0.0,4,TERMINAL_PRESS,-0.0198,0.0421,-0.1425,0.0988
2484,58.226,35.9815,-17.4188,1.0339,-0.0186,0.0436,-0.1366,0.693,0.174,0.852,36.1244,-17.5185,0.2,0.0,0.0,0.0,0.1864,-0.1428,-0.7937,0.8277,-0.0691,1,1,2,0.913,0.547,0.453,0,0,0.0,4,TERMINAL_PRESS,-0.0186,0.0436,-0.1429,0.0997
2485,58.238,35.9812,-17.418,1.0312,-0.0168,0.043,-0.1367,0.691,0.175,0.849,36.1244,-17.5185,0.2,0.0,0.0,0.0,0.1861,-0.1437,-0.7935,0.8276,-0.1087,1,1,2,0.914,0.548,0.452,0,0,0.0,4,TERMINAL_PRESS,-0.0168,0.043,-0.1432,0.1005
2486,58.249,35.9809,-17.4171,1.0285,-0.0159,0.0438,-0.1368,0.688,0.176,0.847,36.1244,-17.5185,0.2,0.0,0.0,0.0,0.1861,-0.1451,-0.7934,0.8278,-0.0687,1,1,2,0.914,0.547,0.453,0,0,0.0,4,TERMINAL_PRESS,-0.0159,0.0438,-0.1436,0.1014
2487,58.26,35.9806,-17.4162,1.0257,-0.0146,0.043,-0.1369,0.685,0.177,0.844,36.1244,-17.5185,0.2,0.0,0.0,0.0,0.1859,-0.1458,-0.7933,0.8278,-0.1081,1,1,2,0.915,0.548,0.452,0,0,0.0,4,TERMINAL_PRESS,-0.0146,0.043,-0.1438,0.1023
2488,58.271,35.9803,-17.4153,1.023,-0.0142,0.0438,-0.1369,0.682,0.177,0.842,36.1244,-17.5185,0.2,0.0,0.0,0.0,0.1861,-0.1472,-0.7932,0.8279,-0.075,1,1,2,0.914,0.548,0.452,0,0,0.0,4,TERMINAL_PRESS,-0.0142,0.0438,-0.1441,0.1032
2489,58.283,35.98,-17.4145,1.0203,-0.0132,0.0431,-0.1369,0.68,0.178,0.839,36.1244,-17.5185,0.2,0.0,0.0,0.0,0.186,-0.148,-0.7932,0.8281,-0.1143,1,1,2,0.915,0.548,0.452,0,0,0.0,4,TERMINAL_PRESS,-0.0132,0.0431,-0.1444,0.104
2490,58.294,35.9798,-17.4136,1.0175,-0.0132,0.0435,-0.1369,0.677,0.179,0.837,36.1244,-17.5185,0.2,0.0,0.0,0.0,0.1863,-0.1493,-0.7932,0.8284,-0.0749,1,1,2,0.915,0.548,0.452,0,0,0.0,4,TERMINAL_PRESS,-0.0132,0.0435,-0.1447,0.1049
2491,58.306,35.9795,-17.4128,1.0148,-0.0128,0.0422,-0.1369,0.674,0.179,0.834,36.1244,-17.5185,0.2,0.0,0.0,0.0,0.1865,-0.1498,-0.7932,0.8285,-0.114,1,1,2,0.916,0.548,0.452,0,0,0.0,4,TERMINAL_PRESS,-0.0128,0.0422,-0.1449,0.1057
2492,58.317,35.9792,-17.4119,1.012,-0.0132,0.0422,-0.1369,0.672,0.18,0.832,36.1244,-17.5185,0.2,0.0,0.0,0.0,0.187,-0.1508,-0.7934,0.8289,-0.0719,1,1,2,0.915,0.548,0.452,0,0,0.0,4,SETTLE_PHASE,-0.0132,0.0422,-0.1452,0.1066
2493,58.329,35.979,-17.4111,1.0096,-0.013,0.0404,-0.1221,0.669,0.181,0.83,36.1244,-17.5185,0.2,0.0,0.0,0.0,0.1872,-0.1511,-0.8184,0.8531,-0.1124,1,1,2,0.916,0.549,0.451,0,0,0.0,4,SETTLE_PHASE,-0.013,0.0404,-0.1454,0.1074
2494,58.339,35.9787,-17.4103,1.0073,-0.0138,0.0404,-0.1128,0.667,0.181,0.827,36.1244,-17.5185,0.2,0.0,0.0,0.0,0.1879,-0.1521,-0.8342,0.8685,-0.1081,1,1,2,0.918,0.55,0.45,0,0,0.0,4,SETTLE_PHASE,-0.0138,0.0404,-0.1457,0.1082
2495,58.351,35.9784,-17.4095,1.0052,-0.0141,0.0389,-0.1067,0.665,0.182,0.826,36.1244,-17.5185,0.2,0.0,0.0,0.0,0.1884,-0.1525,-0.8447,0.8787,-0.1302,1,1,2,0.919,0.552,0.448,0,0,0.0,4,SETTLE_PHASE,-0.0141,0.0389,-0.146,0.109
2496,58.362,35.9782,-17.4088,1.0032,-0.0112,0.0362,-0.1027,0.663,0.183,0.824,36.1244,-17.5185,0.2,0.0,0.0,0.0,0.1875,-0.1522,-0.8514,0.885,-0.1107,1,1,2,0.921,0.55,0.45,0,0,0.0,4,SETTLE_PHASE,-0.0112,0.0362,-0.1462,0.1097
2497,58.374,35.978,-17.4082,1.0012,-0.0087,0.0308,-0.1004,0.661,0.183,0.822,36.1244,-17.5185,0.2,0.0,0.0,0.0,0.1866,-0.1507,-0.8554,0.8884,-0.1097,1,1,2,0.921,0.548,0.452,0,0,0.0,4,SETTLE_PHASE,-0.0087,0.0308,-0.1464,0.1103
2498,58.385,35.978,-17.4077,0.9992,-0.0035,0.024,-0.0989,0.659,0.184,0.82,36.1244,-17.5185,0.2,0.0,0.0,0.0,0.1845,-0.1485,-0.8578,0.8899,-0.0846,1,1,2,0.922,0.552,0.448,0,0,0.0,4,SETTLE_PHASE,-0.0035,0.024,-0.1465,0.1108
2499,58.397,35.978,-17.4074,0.9972,0.0018,0.0163,-0.098,0.657,0.184,0.818,36.1244,-17.5185,0.2,0.0,0.0,0.0,0.1823,-0.1457,-0.8594,0.8906,-0.1072,1,1,2,0.922,0.548,0.452,0,0,0.0,4,SETTLE_PHASE,0.0018,0.0163,-0.1464,0.1111
2500,58.408,35.9782,-17.4072,0.9953,0.0092,0.0094,-0.0975,0.655,0.184,0.816,36.1244,-17.5185,0.2,0.0,0.0,0.0,0.179,-0.1431,-0.8603,0.8903,-0.0869,1,1,2,0.923,0.552,0.448,0,0,0.0,4,SETTLE_PHASE,0.0092,0.0094,-0.1462,0.1113
2501,58.42,35.9785,-17.4072,0.9933,0.0153,0.002,-0.0972,0.653,0.184,0.814,36.1244,-17.5185,0.2,0.0,0.0,0.0,0.176,-0.14,-0.8607,0.8896,-0.1097,1,1,2,0.922,0.549,0.451,0,0,0.0,4,SETTLE_PHASE,0.0153,0.002,-0.1459,0.1113
2502,58.431,35.9789,-17.4073,0.9914,0.0231,-0.0047,-0.0972,0.651,0.183,0.812,36.1244,-17.5185,0.2,0.0,0.0,0.0,0.1722,-0.1371,-0.8608,0.8885,-0.0894,1,1,2,0.923,0.552,0.448,0,0,0.0,4,SETTLE_PHASE,0.0231,-0.0047,-0.1455,0.1112
2503,58.443,35.9795,-17.4075,0.9894,0.0292,-0.0122,-0.0972,0.649,0.183,0.81,36.1244,-17.5185,0.2,0.0,0.0,0.0,0.1689,-0.1337,-0.8608,0.8873,-0.1122,1,1,2,0.922,0.551,0.449,0,0,0.0,4,SETTLE_PHASE,0.0292,-0.0122,-0.1449,0.111
2504,58.454,35.9803,-17.4079,0.9875,0.0365,-0.019,-0.0973,0.647,0.182,0.808,36.1244,-17.5185,0.2,0.0,0.0,0.0,0.165,-0.1304,-0.8606,0.8859,-0.0919,1,1,2,0.923,0.55,0.45,0,0,0.0,4,SETTLE_PHASE,0.0365,-0.019,-0.1442,0.1106
2505,58.466,35.9811,-17.4084,0.9855,0.0418,-0.0267,-0.0974,0.645,0.181,0.806,36.1244,-17.5185,0.2,0.0,0.0,0.0,0.1617,-0.1265,-0.8603,0.8845,-0.1099,1,1,2,0.922,0.555,0.445,0,0,0.0,4,SETTLE_PHASE,0.0418,-0.0267,-0.1433,0.1101
2506,58.478,35.982,-17.4091,0.9836,0.0479,-0.0339,-0.0975,0.643,0.18,0.804,36.1244,-17.5185,0.2,0.0,0.0,0.0,0.1579,-0.1226,-0.8602,0.8831,-0.0897,1,1,2,0.922,0.556,0.444,0,0,0.0,4,SETTLE_PHASE,0.0479,-0.0339,-0.1424,0.1094
2507,58.489,35.9831,-17.4099,0.9823,0.0524,-0.043,-0.0649,0.642,0.178,0.802,36.1244,-17.5185,0.2,0.0,0.0,0.0,0.1547,-0.1177,-0.9156,0.936,-0.0824,1,1,2,0.921,0.553,0.447,0,0,0.0,4,SETTLE_PHASE,0.0524,-0.043,-0.1413,0.1086
2508,58.501,35.9842,-17.411,0.9814,0.0573,-0.0507,-0.0447,0.641,0.177,0.801,36.1244,-17.5185,0.2,0.0,0.0,0.0,0.1512,-0.1132,-0.9501,0.9687,-0.0919,1,1,2,0.921,0.554,0.446,0,0,0.0,4,SETTLE_PHASE,0.0573,-0.0507,-0.1402,0.1075
2509,58.513,35.9854,-17.4121,0.9808,0.0601,-0.0563,-0.0313,0.64,0.175,0.8,36.1244,-17.5185,0.2,0.0,0.0,0.0,0.1485,-0.1095,-0.9728,0.9902,-0.1067,1,1,2,0.92,0.557,0.443,0,0,0.0,4,SETTLE_PHASE,0.0601,-0.0563,-0.139,0.1064
2510,58.525,35.9867,-17.4133,0.9803,0.0636,-0.0603,-0.0228,0.64,0.173,0.799,36.1244,-17.5185,0.2,0.0,0.0,0.0,0.1455,-0.1063,-0.9873,1.0036,-0.0786,1,1,2,0.919,0.553,0.447,0,0,0.0,4,SETTLE_PHASE,0.0636,-0.0603,-0.1377,0.1052
2511,58.536,35.988,-17.4146,0.98,0.0648,-0.064,-0.0171,0.639,0.171,0.799,36.1244,-17.5185,0.2,0.0,0.0,0.0,0.1433,-0.1031,-0.9969,1.0124,-0.1003,1,1,2,0.917,0.549,0.451,0,0,0.0,4,SETTLE_PHASE,0.0648,-0.064,-0.1364,0.1039
2512,58.548,35.9893,-17.4159,0.9797,0.0658,-0.0653,-0.0137,0.639,0.17,0.798,36.1244,-17.5185,0.2,0.0,0.0,0.0,0.1413,-0.1009,-1.0028,1.0177,-0.079,1,1,2,0.916,0.549,0.451,0,0,0.0,4,SETTLE_PHASE,0.0658,-0.0653,-0.1351,0.1026
2513,58.56,35.9906,-17.4172,0.9795,0.063,-0.0661,-0.0113,0.639,0.168,0.797,36.1244,-17.5185,0.2,0.0,0.0,0.0,0.1408,-0.0989,-1.0069,1.0215,-0.1091,1,1,2,0.916,0.549,0.451,0,0,0.0,4,SETTLE_PHASE,0.063,-0.0661,-0.1338,0.1013
2514,58.571,35.9918,-17.4185,0.9793,0.0597,-0.0647,-0.0097,0.639,0.166,0.797,36.1244,-17.5185,0.2,0.0,0.0,0.0,0.1407,-0.0978,-1.0095,1.0239,-0.0821,1,1,2,0.915,0.549,0.451,0,0,0.0,4,SETTLE_PHASE,0.0597,-0.0647,-0.1326,0.1
2515,58.583,35.9929,-17.4198,0.9791,0.055,-0.0636,-0.0087,0.639,0.164,0.796,36.1244,-17.5185,0.2,0.0,0.0,0.0,0.1413,-0.0967,-1.0113,1.0257,-0.1062,1,1,2,0.914,0.544,0.456,0,0,0.0,4,SETTLE_PHASE,0.055,-0.0636,-0.1315,0.0987
2516,58.595,35.9939,-17.421,0.9789,0.0504,-0.0607,-0.0079,0.638,0.163,0.796,36.1244,-17.5185,0.2,0.0,0.0,0.0,0.1419,-0.0964,-1.0126,1.027,-0.0861,1,1,2,0.914,0.545,0.455,0,0,0.0,4,SETTLE_PHASE,0.0504,-0.0607,-0.1305,0.0975
2517,58.607,35.9948,-17.4221,0.9788,0.0435,-0.0579,-0.0076,0.638,0.162,0.795,36.1244,-17.5185,0.2,0.0,0.0,0.0,0.1437,-0.0961,-1.0131,1.0278,-0.1092,1,1,2,0.913,0.543,0.457,0,0,0.0,4,SETTLE_PHASE,0.0435,-0.0579,-0.1296,0.0964
2518,58.618,35.9955,-17.4232,0.9786,0.0372,-0.0536,-0.0073,0.638,0.16,0.795,36.1244,-17.5185,0.2,0.0,0.0,0.0,0.1455,-0.0966,-1.0135,1.0284,-0.0893,1,1,2,0.913,0.543,0.457,0,0,0.0,4,SETTLE_PHASE,0.0372,-0.0536,-0.1289,0.0953
2519,58.63,35.9961,-17.4242,0.9785,0.0288,-0.0497,-0.0074,0.638,0.159,0.795,36.1244,-17.5185,0.2,0.0,0.0,0.0,0.107,-0.0679,-1.0134,1.0213,-0.114,1,1,2,0.912,0.542,0.458,0,0,0.0,4,SETTLE_PHASE,0.0288,-0.0497,-0.1283,0.0943
2520,58.642,35.9965,-17.4251,0.9784,0.0213,-0.0447,-0.0074,0.638,0.158,0.794,36.1244,-17.5185,0.2,0.0,0.0,0.0,0.0685,-0.0391,-1.0134,1.0164,-0.0942,1,1,2,0.913,0.543,0.457,0,0,0.0,4,SETTLE_PHASE,0.0213,-0.0447,-0.1279,0.0934
2521,58.654,35.9968,-17.4259,0.9782,0.0125,-0.0405,-0.0075,0.638,0.158,0.794,36.1244,-17.5185,0.2,0.0,0.0,0.0,0.0303,-0.01,-1.0133,1.0138,-0.1149,1,1,2,0.912,0.542,0.458,0,0,0.0,4,SETTLE_PHASE,0.0125,-0.0405,-0.1276,0.0926
2522,58.665,35.9969,-17.4266,0.9781,0.0055,-0.0357,-0.0076,0.638,0.157,0.794,36.1244,-17.5185,0.2,0.0,0.0,0.0,-0.0023,0.0151,-1.0131,1.0132,-0.095,1,1,2,0.913,0.543,0.457,0,0,0.0,4,SETTLE_PHASE,0.0055,-0.0357,-0.1275,0.0919
2523,58.677,35.9968,-17.4273,0.9779,-0.0032,-0.032,-0.0079,0.637,0.157,0.794,36.1244,-17.5185,0.2,0.0,0.0,0.0,0.0013,0.0135,-1.0125,1.0126,-0.1125,1,1,2,0.913,0.543,0.457,0,0,0.0,4,SETTLE_PHASE,-0.0032,-0.032,-0.1276,0.0912
2524,58.689,35.9966,-17.4278,0.9777,-0.0106,-0.0276,-0.008,0.637,0.157,0.793,36.1244,-17.5185,0.2,0.0,0.0,0.0,0.0045,0.0117,-1.0125,1.0125,-0.0924,1,1,2,0.915,0.547,0.453,0,0,0.0,4,SETTLE_PHASE,-0.0106,-0.0276,-0.1278,0.0907
2525,58.701,35.9962,-17.4283,0.9776,-0.0181,-0.0241,-0.0079,0.637,0.157,0.793,36.1244,-17.5185,0.2,0.0,0.0,0.0,0.0076,0.0102,-1.0126,1.0126,-0.1137,1,1,2,0.915,0.545,0.455,0,0,0.0,4,TERMINAL_PRESS,-0.0181,-0.0241,-0.1282,0.0902
2526,58.713,35.9958,-17.4287,0.9765,-0.0217,-0.021,-0.056,0.636,0.157,0.792,36.1244,-17.5185,0.2,0.0,0.0,0.0,0.0092,0.0089,-0.9309,0.931,-0.0962,1,1,2,0.916,0.55,0.45,0,0,0.0,4,TERMINAL_PRESS,-0.0217,-0.021,-0.1286,0.0898
2527,58.725,35.9953,-17.4291,0.9747,-0.0262,-0.0184,-0.0868,0.634,0.157,0.79,36.1244,-17.5185,0.2,0.0,0.0,0.0,0.0111,0.0077,-0.8784,0.8785,-0.1098,1,1,2,0.916,0.549,0.451,0,0,0.0,4,TERMINAL_PRESS,-0.0262,-0.0184,-0.1291,0.0894
2528,58.737,35.9947,-17.4294,0.9726,-0.0293,-0.0152,-0.1056,0.632,0.157,0.788,36.1244,-17.5185,0.2,0.0,0.0,0.0,0.0124,0.0064,-0.8465,0.8466,-0.0871,1,1,2,0.917,0.552,0.448,0,0,0.0,4,TERMINAL_PRESS,-0.0293,-0.0152,-0.1297,0.0891
2529,58.749,35.994,-17.4296,0.9703,-0.0334,-0.0128,-0.1173,0.63,0.158,0.786,36.1244,-17.5185,0.2,0.0,0.0,0.0,0.0141,0.0054,-0.8266,0.8267,-0.1058,1,1,2,0.917,0.551,0.449,0,0,0.0,4,TERMINAL_PRESS,-0.0334,-0.0128,-0.1304,0.0889
2530,58.761,35.9933,-17.4298,0.9678,-0.0357,-0.0097,-0.1247,0.627,0.158,0.784,36.1244,-17.5185,0.2,0.0,0.0,0.0,0.015,0.0041,-0.814,0.8141,-0.0828,1,1,2,0.918,0.55,0.45,0,0,0.0,4,TERMINAL_PRESS,-0.0357,-0.0097,-0.1311,0.0887
2531,58.773,35.9925,-17.43,0.9652,-0.0392,-0.0076,-0.1295,0.625,0.159,0.781,36.1244,-17.5185,0.2,0.0,0.0,0.0,0.0165,0.0032,-0.8059,0.806,-0.1057,1,1,2,0.918,0.552,0.448,0,0,0.0,4,TERMINAL_PRESS,-0.0392,-0.0076,-0.1319,0.0885
2532,58.785,35.9917,-17.4301,0.9625,-0.0413,-0.005,-0.1325,0.622,0.159,0.779,36.1244,-17.5185,0.2,0.0,0.0,0.0,0.0174,0.0021,-0.8007,0.8009,-0.0835,1,1,2,0.92,0.551,0.449,0,0,0.0,4,TERMINAL_PRESS,-0.0413,-0.005,-0.1327,0.0884
2533,58.797,35.9908,-17.4302,0.9598,-0.0437,-0.004,-0.1342,0.619,0.16,0.777,36.1244,-17.5185,0.2,0.0,0.0,0.0,0.0574,-0.0243,-0.7978,0.8003,-0.0974,1,1,2,0.92,0.552,0.448,0,0,0.0,4,TERMINAL_PRESS,-0.0437,-0.004,-0.1336,0.0883
2534,58.809,35.9899,-17.4302,0.9571,-0.0437,-0.003,-0.1359,0.617,0.161,0.774,36.1244,-17.5185,0.2,0.0,0.0,0.0,0.0976,-0.0507,-0.795,0.8025,-0.0785,1,1,2,0.922,0.553,0.447,0,0,0.0,4,TERMINAL_PRESS,-0.0437,-0.003,-0.1345,0.0883
2535,58.822,35.9891,-17.4303,0.9544,-0.0443,-0.0032,-0.1362,0.614,0.162,0.772,36.1244,-17.5185,0.2,0.0,0.0,0.0,0.1379,-0.0767,-0.7944,0.81,-0.1027,1,1,2,0.922,0.555,0.445,0,0,0.0,4,TERMINAL_PRESS,-0.0443,-0.0032,-0.1353,0.0882
2536,58.834,35.9882,-17.4304,0.9517,-0.0424,-0.003,-0.1364,0.611,0.162,0.769,36.1244,-17.5185,0.2,0.0,0.0,0.0,0.1783,-0.1026,-0.7941,0.8203,-0.0839,1,1,2,0.923,0.555,0.445,0,0,0.0,4,TERMINAL_PRESS,-0.0424,-0.003,-0.1362,0.0881
2537,58.846,35.9874,-17.4304,0.9489,-0.0413,-0.0041,-0.1368,0.608,0.163,0.766,36.1244,-17.5185,0.2,0.0,0.0,0.0,0.1887,-0.1083,-0.5774,0.6171,-0.1058,1,1,2,0.923,0.557,0.443,0,0,0.0,4,TERMINAL_PRESS,-0.0413,-0.0041,-0.137,0.0881
2538,58.858,35.9866,-17.4305,0.9462,-0.0382,-0.0049,-0.1368,0.606,0.163,0.764,36.1244,-17.5185,0.2,0.0,0.0,0.0,0.1883,-0.1079,-0.5774,0.6168,-0.0854,1,1,2,0.924,0.555,0.445,0,0,0.0,4,TERMINAL_PRESS,-0.0382,-0.0049,-0.1378,0.088
2539,58.871,35.9859,-17.4307,0.9435,-0.0362,-0.0069,-0.1374,0.603,0.164,0.761,36.1244,-17.5185,0.2,0.0,0.0,0.0,0.1883,-0.1069,-0.5765,0.6158,-0.1017,1,1,2,0.924,0.559,0.441,0,0,0.0,4,TERMINAL_PRESS,-0.0362,-0.0069,-0.1385,0.0878
2540,58.883,35.9853,-17.4308,0.9407,-0.0323,-0.0086,-0.1372,0.6,0.164,0.759,36.1244,-17.5185,0.2,0.0,0.0,0.0,0.1875,-0.106,-0.5768,0.6157,-0.0786,1,1,2,0.925,0.556,0.444,0,0,0.0,4,TERMINAL_PRESS,-0.0323,-0.0086,-0.1392,0.0877
2541,58.895,35.9847,-17.4311,0.938,-0.0297,-0.0109,-0.1371,0.597,0.165,0.756,36.1244,-17.5185,0.2,0.0,0.0,0.0,0.1872,-0.1047,-0.577,0.6156,-0.1024,1,1,2,0.925,0.558,0.442,0,0,0.0,4,TERMINAL_PRESS,-0.0297,-0.0109,-0.1397,0.0874
2542,58.907,35.9841,-17.4313,0.9352,-0.0254,-0.0125,-0.137,0.595,0.165,0.754,36.1244,-17.5185,0.2,0.0,0.0,0.0,0.186,-0.1037,-0.577,0.6151,-0.0793,1,1,2,0.926,0.556,0.444,0,0,0.0,4,TERMINAL_PRESS,-0.0254,-0.0125,-0.1403,0.0872
2543,58.919,35.9837,-17.4316,0.9325,-0.0227,-0.015,-0.1371,0.592,0.165,0.751,36.1244,-17.5185,0.2,0.0,0.0,0.0,0.1854,-0.1023,-0.577,0.6146,-0.0987,1,1,2,0.925,0.56,0.44,0,0,0.0,4,TERMINAL_PRESS,-0.0227,-0.015,-0.1407,0.0869
2544,58.932,35.9833,-17.432,0.9297,-0.0187,-0.0169,-0.1371,0.589,0.166,0.748,36.1244,-17.5185,0.2,0.0,0.0,0.0,0.1842,-0.1011,-0.577,0.6141,-0.0757,1,1,2,0.926,0.559,0.441,0,0,0.0,4,TERMINAL_PRESS,-0.0187,-0.0169,-0.1411,0.0865
2545,58.944,35.983,-17.4323,0.927,-0.0166,-0.0194,-0.137,0.587,0.166,0.746,36.1244,-17.5185,0.2,0.0,0.0,0.0,0.1837,-0.0995,-0.5771,0.6137,-0.0998,1,1,2,0.925,0.559,0.441,0,0,0.0,4,TERMINAL_PRESS,-0.0166,-0.0194,-0.1414,0.0862
2546,58.956,35.9827,-17.4328,0.9243,-0.0134,-0.021,-0.137,0.584,0.166,0.743,36.1244,-17.5185,0.2,0.0,0.0,0.0,0.1828,-0.0983,-0.577,0.6132,-0.0769,1,1,2,0.925,0.559,0.441,0,0,0.0,4,TERMINAL_PRESS,-0.0134,-0.021,-0.1417,0.0857
2547,58.968,35.9825,-17.4332,0.9215,-0.0125,-0.0235,-0.1372,0.581,0.166,0.74,36.1244,-17.5185,0.2,0.0,0.0,0.0,0.1827,-0.0967,-0.5767,0.6126,-0.0856,1,1,2,0.925,0.559,0.441,0,0,0.0,4,TERMINAL_PRESS,-0.0125,-0.0235,-0.1419,0.0853
2548,58.98,35.9823,-17.4337,0.9188,-0.011,-0.0252,-0.1371,0.578,0.166,0.738,36.1244,-17.5185,0.2,0.0,0.0,0.0,0.1823,-0.0954,-0.5769,0.6125,-0.0629,1,1,2,0.925,0.559,0.441,0,0,0.0,4,TERMINAL_PRESS,-0.011,-0.0252,-0.1422,0.0848
2549,58.992,35.982,-17.4343,0.916,-0.0111,-0.0266,-0.137,0.576,0.165,0.735,36.1244,-17.5185,0.2,0.0,0.0,0.0,0.1826,-0.0941,-0.5771,0.6125,-0.0871,1,1,2,0.924,0.557,0.443,0,0,0.0,4,TERMINAL_PRESS,-0.0111,-0.0266,-0.1424,0.0842
2550,59.004,35.9818,-17.4348,0.9133,-0.01,-0.0262,-0.137,0.573,0.165,0.732,36.1244,-17.5185,0.2,0.0,0.0,0.0,0.1824,-0.0936,-0.5772,0.6125,-0.0644,1,1,2,0.925,0.556,0.444,0,0,0.0,4,TERMINAL_PRESS,-0.01,-0.0262,-0.1426,0.0837
2551,59.016,35.9816,-17.4353,0.9106,-0.011,-0.0256,-0.1371,0.57,0.165,0.73,36.1244,-17.5185,0.2,0.0,0.0,0.0,0.1831,-0.0932,-0.577,0.6125,-0.0937,1,1,2,0.925,0.554,0.446,0,0,0.0,4,TERMINAL_PRESS,-0.011,-0.0256,-0.1428,0.0832
2552,59.029,35.9814,-17.4358,0.9078,-0.0111,-0.0233,-0.137,0.567,0.165,0.727,36.1244,-17.5185,0.2,0.0,0.0,0.0,0.1835,-0.0936,-0.5771,0.6128,-0.0708,1,1,2,0.926,0.554,0.446,0,0,0.0,4,TERMINAL_PRESS,-0.0111,-0.0233,-0.143,0.0827
2553,59.041,35.9812,-17.4362,0.9051,-0.0118,-0.0215,-0.1369,0.565,0.165,0.724,36.1244,-17.5185,0.2,0.0,0.0,0.0,0.184,-0.0938,-0.5772,0.6131,-0.0957,1,1,2,0.926,0.555,0.445,0,0,0.0,4,TERMINAL_PRESS,-0.0118,-0.0215,-0.1433,0.0823
2554,59.052,35.9809,-17.4366,0.9023,-0.0103,-0.0184,-0.1369,0.562,0.165,0.722,36.1244,-17.5185,0.2,0.0,0.0,0.0,0.1837,-0.0947,-0.5773,0.6131,-0.073,1,1,2,0.927,0.555,0.445,0,0,0.0,4,TERMINAL_PRESS,-0.0103,-0.0184,-0.1435,0.0819
2555,59.065,35.9808,-17.4369,0.8996,-0.0098,-0.016,-0.1369,0.559,0.165,0.719,36.1244,-17.5185,0.2,0.0,0.0,0.0,0.1837,-0.0953,-0.5773,0.6133,-0.0988,1,1,2,0.927,0.554,0.446,0,0,0.0,4,TERMINAL_PRESS,-0.0098,-0.016,-0.1437,0.0816
2556,59.077,35.9806,-17.4371,0.8969,-0.0074,-0.0125,-0.1369,0.556,0.165,0.716,36.1244,-17.5185,0.2,0.0,0.0,0.0,0.1829,-0.0965,-0.5773,0.6132,-0.076,1,1,2,0.928,0.554,0.446,0,0,0.0,4,TERMINAL_PRESS,-0.0074,-0.0125,-0.1438,0.0814
2557,59.088,35.9805,-17.4373,0.8941,-0.0065,-0.0097,-0.1373,0.554,0.165,0.714,36.1244,-17.5185,0.2,0.0,0.0,0.0,0.1826,-0.0974,-0.5766,0.6126,-0.1005,1,1,2,0.927,0.554,0.446,0,0,0.0,4,TERMINAL_PRESS,-0.0065,-0.0097,-0.1439,0.0812
2558,59.1,35.9804,-17.4375,0.8914,-0.0041,-0.006,-0.1372,0.551,0.165,0.711,36.1244,-17.5185,0.2,0.0,0.0,0.0,0.1817,-0.0988,-0.5768,0.6127,-0.0763,1,1,2,0.928,0.553,0.447,0,0,0.0,4,TERMINAL_PRESS,-0.0041,-0.006,-0.144,0.081
2559,59.112,35.9803,-17.4375,0.8886,-0.0034,-0.0033,-0.1371,0.548,0.165,0.708,36.1244,-17.5185,0.2,0.0,0.0,0.0,0.1815,-0.0999,-0.5769,0.613,-0.1017,1,1,2,0.927,0.556,0.444,0,0,0.0,4,TERMINAL_PRESS,-0.0034,-0.0033,-0.1441,0.081
2560,59.124,35.9803,-17.4375,0.8859,-0.0016,0.0003,-0.1371,0.545,0.165,0.706,36.1244,-17.5185,0.2,0.0,0.0,0.0,0.1808,-0.1014,-0.577,0.6131,-0.0781,1,1,2,0.928,0.553,0.447,0,0,0.0,4,TERMINAL_PRESS,-0.0016,0.0003,-0.1441,0.081
2561,59.135,35.9803,-17.4375,0.8831,-0.0019,0.0028,-0.1371,0.543,0.165,0.703,36.1244,-17.5185,0.2,0.0,0.0,0.0,0.181,-0.1025,-0.5769,0.6132,-0.1054,1,1,2,0.928,0.557,0.443,0,0,0.0,4,TERMINAL_PRESS,-0.0019,0.0028,-0.1442,0.081
2562,59.147,35.9802,-17.4373,0.8804,-0.0015,0.006,-0.1371,0.54,0.165,0.7,36.1244,-17.5185,0.2,0.0,0.0,0.0,0.1808,-0.104,-0.577,0.6135,-0.0823,1,1,2,0.928,0.558,0.442,0,0,0.0,4,TERMINAL_PRESS,-0.0015,0.006,-0.1442,0.0812
2563,59.159,35.9802,-17.4372,0.8777,-0.0027,0.0078,-0.1374,0.537,0.166,0.698,36.1244,-17.5185,0.2,0.0,0.0,0.0,0.1814,-0.1049,-0.5764,0.6133,-0.1061,1,1,2,0.928,0.556,0.444,0,0,0.0,4,TERMINAL_PRESS,-0.0027,0.0078,-0.1442,0.0813
2564,59.171,35.9801,-17.437,0.8749,-0.0029,0.0099,-0.1372,0.534,0.166,0.695,36.1244,-17.5185,0.2,0.0,0.0,0.0,0.1816,-0.106,-0.5767,0.6138,-0.0819,1,1,2,0.928,0.557,0.443,0,0,0.0,4,TERMINAL_PRESS,-0.0029,0.0099,-0.1443,0.0815
2565,59.183,35.98,-17.4368,0.8722,-0.005,0.0105,-0.1372,0.532,0.166,0.692,36.1244,-17.5185,0.2,0.0,0.0,0.0,0.1826,-0.1066,-0.5767,0.6142,-0.1081,1,1,2,0.928,0.556,0.444,0,0,0.0,4,TERMINAL_PRESS,-0.005,0.0105,-0.1444,0.0817
2566,59.195,35.9799,-17.4366,0.8694,-0.0064,0.0113,-0.1371,0.529,0.166,0.69,36.1244,-17.5185,0.2,0.0,0.0,0.0,0.1834,-0.1072,-0.5769,0.6147,-0.0846,1,1,2,0.929,0.562,0.438,0,0,0.0,4,TERMINAL_PRESS,-0.0064,0.0113,-0.1445,0.0819
2567,59.207,35.9797,-17.4363,0.8667,-0.0092,0.0103,-0.1372,0.526,0.166,0.687,36.1244,-17.5185,0.2,0.0,0.0,0.0,0.1847,-0.107,-0.5767,0.615,-0.0873,1,1,2,0.929,0.56,0.44,0,0,0.0,4,TERMINAL_PRESS,-0.0092,0.0103,-0.1447,0.0822
2568,59.219,35.9795,-17.4362,0.8639,-0.0105,0.0091,-0.1371,0.523,0.167,0.685,36.1244,-17.5185,0.2,0.0,0.0,0.0,0.1856,-0.1068,-0.5769,0.6153,-0.064,1,1,2,0.93,0.563,0.437,0,0,0.0,4,TERMINAL_PRESS,-0.0105,0.0091,-0.1449,0.0823
2569,59.231,35.9792,-17.436,0.8612,-0.013,0.0076,-0.1371,0.521,0.167,0.682,36.1244,-17.5185,0.2,0.0,0.0,0.0,0.1869,-0.1063,-0.577,0.6158,-0.0872,1,1,2,0.929,0.561,0.439,0,0,0.0,4,TERMINAL_PRESS,-0.013,0.0076,-0.1452,0.0825
2570,59.244,35.979,-17.4359,0.8585,-0.0139,0.0075,-0.137,0.518,0.167,0.679,36.1244,-17.5185,0.2,0.0,0.0,0.0,0.1877,-0.1065,-0.5771,0.6161,-0.064,1,1,2,0.93,0.561,0.439,0,0,0.0,4,TERMINAL_PRESS,-0.0139,0.0075,-0.1455,0.0826
2571,59.256,35.9786,-17.4357,0.8557,-0.0165,0.007,-0.1371,0.515,0.168,0.677,36.1244,-17.5185,0.2,0.0,0.0,0.0,0.1891,-0.1064,-0.5769,0.6164,-0.0896,1,1,2,0.93,0.563,0.437,0,0,0.0,4,TERMINAL_PRESS,-0.0165,0.007,-0.1458,0.0828
2572,59.268,35.9783,-17.4356,0.853,-0.0177,0.0076,-0.1371,0.512,0.168,0.674,36.1244,-17.5185,0.2,0.0,0.0,0.0,0.1901,-0.1069,-0.577,0.6168,-0.0668,1,1,2,0.931,0.562,0.438,0,0,0.0,4,TERMINAL_PRESS,-0.0177,0.0076,-0.1461,0.0829
2573,59.28,35.9779,-17.4354,0.8502,-0.02,0.0075,-0.137,0.51,0.168,0.672,36.1244,-17.5185,0.2,0.0,0.0,0.0,0.1916,-0.107,-0.5771,0.6174,-0.0897,1,1,2,0.931,0.563,0.437,0,0,0.0,4,TERMINAL_PRESS,-0.02,0.0075,-0.1465,0.0831
2574,59.292,35.9775,-17.4353,0.8475,-0.0203,0.0082,-0.137,0.507,0.169,0.669,36.1244,-17.5185,0.2,0.0,0.0,0.0,0.1922,-0.1075,-0.5771,0.6177,-0.0669,1,1,2,0.932,0.561,0.439,0,0,0.0,4,TERMINAL_PRESS,-0.0203,0.0082,-0.1469,0.0832
2575,59.304,35.977,-17.4351,0.8448,-0.022,0.0079,-0.137,0.504,0.169,0.667,36.1244,-17.5185,0.2,0.0,0.0,0.0,0.1935,-0.1076,-0.5772,0.6182,-0.0898,1,1,2,0.967,0.564,0.436,0,0,0.0,4,TERMINAL_PRESS,-0.022,0.0079,-0.1474,0.0834
2576,59.316,35.9766,-17.4349,0.842,-0.0222,0.0083,-0.137,0.502,0.17,0.664,36.1244,-17.5185,0.2,0.0,0.0,0.0,0.1941,-0.1079,-0.5772,0.6184,-0.0673,1,1,2,0.932,0.562,0.438,0,0,0.0,4,TERMINAL_PRESS,-0.0222,0.0083,-0.1478,0.0836
2577,59.328,35.9761,-17.4348,0.8393,-0.0241,0.0075,-0.1371,0.499,0.17,0.662,36.1244,-17.5185,0.2,0.0,0.0,0.0,0.1955,-0.1078,-0.577,0.6187,-0.0934,1,1,2,0.932,0.563,0.437,0,0,0.0,4,TERMINAL_PRESS,-0.0241,0.0075,-0.1483,0.0837
2578,59.34,35.9756,-17.4346,0.8365,-0.025,0.0073,-0.137,0.496,0.171,0.659,36.1244,-17.5185,0.2,0.0,0.0,0.0,0.1965,-0.1079,-0.577,0.619,-0.0712,1,1,2,0.934,0.564,0.436,0,0,0.0,4,TERMINAL_PRESS,-0.025,0.0073,-0.1488,0.0839
2579,59.352,35.9751,-17.4345,0.8338,-0.0268,0.0056,-0.1371,0.493,0.171,0.657,36.1244,-17.5185,0.2,0.0,0.0,0.0,0.1979,-0.1073,-0.5769,0.6193,-0.0839,1,1,2,0.933,0.564,0.436,0,0,0.0,4,TERMINAL_PRESS,-0.0268,0.0056,-0.1493,0.084
2580,59.365,35.9745,-17.4344,0.831,-0.0267,0.004,-0.1376,0.491,0.172,0.654,36.1244,-17.5185,0.2,0.0,0.0,0.0,0.1985,-0.1068,-0.5761,0.6186,-0.0634,1,1,2,0.958,0.565,0.435,0,0,0.0,4,TERMINAL_PRESS,-0.0267,0.004,-0.1499,0.0841
2581,59.377,35.974,-17.4344,0.8283,-0.0276,0.0015,-0.1373,0.488,0.172,0.651,36.1244,-17.5185,0.2,0.0,0.0,0.0,0.1996,-0.1058,-0.5766,0.6192,-0.0888,1,1,2,0.957,0.566,0.434,0,0,0.0,4,TERMINAL_PRESS,-0.0276,0.0015,-0.1504,0.0841
2582,59.389,35.9734,-17.4344,0.8255,-0.0266,-0.0001,-0.1372,0.485,0.173,0.649,36.1244,-17.5185,0.2,0.0,0.0,0.0,0.1999,-0.1051,-0.5768,0.6194,-0.0683,1,1,2,0.958,0.565,0.435,0,0,0.0,4,TERMINAL_PRESS,-0.0266,-0.0001,-0.151,0.0841
2583,59.401,35.9729,-17.4345,0.8228,-0.027,-0.0027,-0.1371,0.482,0.173,0.646,36.1244,-17.5185,0.2,0.0,0.0,0.0,0.2007,-0.1039,-0.577,0.6197,-0.0944,1,1,2,0.958,0.565,0.435,0,0,0.0,4,TERMINAL_PRESS,-0.027,-0.0027,-0.1515,0.084
2584,59.413,35.9724,-17.4346,0.8201,-0.0258,-0.0047,-0.137,0.48,0.174,0.644,36.1244,-17.5185,0.2,0.0,0.0,0.0,0.2008,-0.103,-0.577,0.6196,-0.0734,1,1,2,0.959,0.566,0.434,0,0,0.0,4,TERMINAL_PRESS,-0.0258,-0.0047,-0.152,0.0839
2585,59.425,35.9719,-17.4347,0.8173,-0.0264,-0.0077,-0.1374,0.477,0.174,0.641,36.1244,-17.5185,0.2,0.0,0.0,0.0,0.2017,-0.1015,-0.5763,0.619,-0.0827,1,1,2,0.959,0.566,0.434,0,0,0.0,4,TERMINAL_PRESS,-0.0264,-0.0077,-0.1526,0.0838
2586,59.437,35.9713,-17.4349,0.8146,-0.0258,-0.0102,-0.1373,0.474,0.174,0.639,36.1244,-17.5185,0.2,0.0,0.0,0.0,0.2021,-0.1002,-0.5766,0.6192,-0.0603,1,1,2,0.966,0.561,0.439,0,0,0.0,4,TERMINAL_PRESS,-0.0258,-0.0102,-0.1531,0.0836
2587,59.449,35.9708,-17.4352,0.8118,-0.0267,-0.0126,-0.1372,0.471,0.175,0.636,36.1244,-17.5185,0.2,0.0,0.0,0.0,0.2032,-0.0989,-0.5767,0.6194,-0.0876,1,1,2,0.959,0.565,0.435,0,0,0.0,4,TERMINAL_PRESS,-0.0267,-0.0126,-0.1536,0.0833
2588,59.46,35.9703,-17.4354,0.8091,-0.0263,-0.0133,-0.1371,0.469,0.175,0.634,36.1244,-17.5185,0.2,0.0,0.0,0.0,0.2037,-0.0982,-0.5769,0.6196,-0.0649,1,1,2,0.96,0.563,0.437,0,0,0.0,4,TERMINAL_PRESS,-0.0263,-0.0133,-0.1541,0.0831
2589,59.472,35.9697,-17.4357,0.8063,-0.0271,-0.0143,-0.137,0.466,0.175,0.631,36.1244,-17.5185,0.2,0.0,0.0,0.0,0.2047,-0.0975,-0.5771,0.62,-0.0912,1,1,2,0.959,0.563,0.437,0,0,0.0,4,TERMINAL_PRESS,-0.0271,-0.0143,-0.1547,0.0828
2590,59.483,35.9692,-17.436,0.8036,-0.0264,-0.0138,-0.137,0.463,0.176,0.629,36.1244,-17.5185,0.2,0.0,0.0,0.0,0.2051,-0.0973,-0.5771,0.6202,-0.0683,1,1,2,0.96,0.563,0.437,0,0,0.0,4,TERMINAL_PRESS,-0.0264,-0.0138,-0.1552,0.0825
2591,59.495,35.9687,-17.4363,0.8009,-0.0273,-0.0138,-0.1374,0.46,0.176,0.626,36.1244,-17.5185,0.2,0.0,0.0,0.0,0.2061,-0.097,-0.5764,0.6198,-0.0959,1,1,2,0.968,0.563,0.437,0,0,0.0,4,TERMINAL_PRESS,-0.0273,-0.0138,-0.1557,0.0822
2592,59.506,35.9681,-17.4365,0.7981,-0.0271,-0.0124,-0.1372,0.458,0.176,0.624,36.1244,-17.5185,0.2,0.0,0.0,0.0,0.2067,-0.0973,-0.5767,0.6203,-0.0716,1,1,2,0.961,0.564,0.436,0,0,0.0,4,TERMINAL_PRESS,-0.0271,-0.0124,-0.1563,0.082
2593,59.518,35.9676,-17.4368,0.7954,-0.0276,-0.0118,-0.1371,0.455,0.177,0.621,36.1244,-17.5185,0.2,0.0,0.0,0.0,0.2076,-0.0972,-0.577,0.6208,-0.0972,1,1,2,0.969,0.562,0.438,0,0,0.0,4,TERMINAL_PRESS,-0.0276,-0.0118,-0.1568,0.0817
2594,59.53,35.967,-17.437,0.7926,-0.0263,-0.0103,-0.137,0.452,0.177,0.619,36.1244,-17.5185,0.2,0.0,0.0,0.0,0.2077,-0.0976,-0.5771,0.6211,-0.0728,1,1,2,0.962,0.565,0.435,0,0,0.0,4,TERMINAL_PRESS,-0.0263,-0.0103,-0.1574,0.0815
2595,59.542,35.9665,-17.4372,0.7899,-0.0262,-0.0097,-0.1373,0.449,0.178,0.616,36.1244,-17.5185,0.2,0.0,0.0,0.0,0.2083,-0.0976,-0.5766,0.6208,-0.0972,1,1,2,0.961,0.561,0.439,0,0,0.0,4,TERMINAL_PRESS,-0.0262,-0.0097,-0.1579,0.0813
2596,59.554,35.966,-17.4373,0.7871,-0.0245,-0.0084,-0.1371,0.447,0.178,0.614,36.1244,-17.5185,0.2,0.0,0.0,0.0,0.2082,-0.098,-0.5769,0.6211,-0.0715,1,1,2,0.962,0.565,0.435,0,0,0.0,4,TERMINAL_PRESS,-0.0245,-0.0084,-0.1584,0.0812
2597,59.565,35.9655,-17.4375,0.7844,-0.0244,-0.0081,-0.137,0.444,0.178,0.611,36.1244,-17.5185,0.2,0.0,0.0,0.0,0.2088,-0.0979,-0.5771,0.6214,-0.0963,1,1,2,0.962,0.565,0.435,0,0,0.0,4,TERMINAL_PRESS,-0.0244,-0.0081,-0.1589,0.081
2598,59.577,35.9651,-17.4376,0.7817,-0.023,-0.0072,-0.137,0.441,0.179,0.608,36.1244,-17.5185,0.2,0.0,0.0,0.0,0.2088,-0.0981,-0.5771,0.6215,-0.071,1,1,2,0.962,0.566,0.434,0,0,0.0,4,TERMINAL_PRESS,-0.023,-0.0072,-0.1593,0.0809
2599,59.588,35.9646,-17.4378,0.7789,-0.0236,-0.0076,-0.1372,0.438,0.179,0.606,36.1244,-17.5185,0.2,0.0,0.0,0.0,0.2096,-0.0977,-0.5768,0.6215,-0.0897,1,1,2,0.962,0.566,0.434,0,0,0.0,4,TERMINAL_PRESS,-0.0236,-0.0076,-0.1598,0.0807
2600,59.6,35.9641,-17.4379,0.7762,-0.0233,-0.0075,-0.1371,0.436,0.179,0.603,36.1244,-17.5185,0.2,0.0,0.0,0.0,0.2101,-0.0976,-0.577,0.6217,-0.0649,1,1,2,0.966,0.563,0.437,0,0,0.0,4,TERMINAL_PRESS,-0.0233,-0.0075,-0.1603,0.0806
2601,59.612,35.9637,-17.4381,0.7734,-0.0239,-0.0083,-0.137,0.433,0.18,0.601,36.1244,-17.5185,0.2,0.0,0.0,0.0,0.2109,-0.097,-0.5771,0.6221,-0.0896,1,1,2,0.966,0.566,0.434,0,0,0.0,4,TERMINAL_PRESS,-0.0239,-0.0083,-0.1607,0.0804
2602,59.624,35.9632,-17.4383,0.7707,-0.0224,-0.0083,-0.1369,0.43,0.18,0.598,36.1244,-17.5185,0.2,0.0,0.0,0.0,0.2108,-0.0968,-0.5772,0.6221,-0.0648,1,1,2,0.974,0.568,0.432,0,0,0.0,4,SETTLE_PHASE,-0.0224,-0.0083,-0.1612,0.0802
2603,59.635,35.9628,-17.4385,0.7683,-0.0221,-0.0095,-0.1222,0.428,0.18,0.596,36.1244,-17.5185,0.2,0.0,0.0,0.0,0.2113,-0.0961,-0.6023,0.6455,-0.0966,1,1,2,0.972,0.568,0.432,0,0,0.0,4,SETTLE_PHASE,-0.0221,-0.0095,-0.1616,0.08
2604,59.648,35.9624,-17.4387,0.766,-0.0202,-0.0101,-0.1128,0.425,0.181,0.594,36.1244,-17.5185,0.2,0.0,0.0,0.0,0.211,-0.0956,-0.6183,0.6603,-0.0599,1,1,2,0.973,0.569,0.431,0,0,0.0,4,SETTLE_PHASE,-0.0202,-0.0101,-0.162,0.0798
2605,59.659,35.962,-17.4389,0.7639,-0.0171,-0.0125,-0.1067,0.423,0.181,0.592,36.1244,-17.5185,0.2,0.0,0.0,0.0,0.2101,-0.0943,-0.6286,0.6694,-0.0962,1,1,2,0.969,0.564,0.436,0,0,0.0,4,SETTLE_PHASE,-0.0171,-0.0125,-0.1624,0.0796
2606,59.672,35.9618,-17.4392,0.7618,-0.0133,-0.0139,-0.1028,0.421,0.181,0.59,36.1244,-17.5185,0.2,0.0,0.0,0.0,0.2089,-0.0933,-0.6352,0.6751,-0.0538,1,1,2,0.972,0.566,0.434,0,0,0.0,4,SETTLE_PHASE,-0.0133,-0.0139,-0.1626,0.0793
2607,59.684,35.9616,-17.4395,0.7598,-0.0071,-0.0174,-0.1005,0.419,0.181,0.588,36.1244,-17.5185,0.2,0.0,0.0,0.0,0.2065,-0.0915,-0.6391,0.6778,-0.0893,1,1,2,0.97,0.571,0.429,0,0,0.0,4,SETTLE_PHASE,-0.0071,-0.0174,-0.1628,0.079
2608,59.697,35.9616,-17.4399,0.7578,-0.0005,-0.0196,-0.0991,0.417,0.181,0.586,36.1244,-17.5185,0.2,0.0,0.0,0.0,0.2037,-0.09,-0.6416,0.6792,-0.0464,1,1,2,0.969,0.57,0.43,0,0,0.0,4,SETTLE_PHASE,-0.0005,-0.0196,-0.1628,0.0786
2609,59.709,35.9618,-17.4404,0.7558,0.0078,-0.0234,-0.0983,0.415,0.18,0.584,36.1244,-17.5185,0.2,0.0,0.0,0.0,0.2,-0.0879,-0.643,0.6791,-0.0831,1,1,2,0.969,0.572,0.428,0,0,0.0,4,SETTLE_PHASE,0.0078,-0.0234,-0.1626,0.0781
2610,59.722,35.9621,-17.4409,0.7539,0.0159,-0.0256,-0.0978,0.413,0.18,0.582,36.1244,-17.5185,0.2,0.0,0.0,0.0,0.1963,-0.0863,-0.6438,0.6785,-0.0398,1,1,2,0.971,0.573,0.427,0,0,0.0,4,SETTLE_PHASE,0.0159,-0.0256,-0.1623,0.0776
2611,59.735,35.9626,-17.4415,0.7526,0.0269,-0.0296,-0.0648,0.412,0.179,0.581,36.1244,-17.5185,0.2,0.0,0.0,0.0,0.191,-0.0839,-0.6998,0.7302,-0.068,1,1,2,0.969,0.562,0.438,0,0,0.0,4,SETTLE_PHASE,0.0269,-0.0296,-0.1618,0.077
2612,59.749,35.9634,-17.4421,0.7517,0.0368,-0.0313,-0.0445,0.411,0.178,0.58,36.1244,-17.5185,0.2,0.0,0.0,0.0,0.1859,-0.0824,-0.7343,0.7619,-0.0454,1,1,2,0.97,0.57,0.43,0,0,0.0,4,SETTLE_PHASE,0.0368,-0.0313,-0.161,0.0764
2613,59.761,35.9642,-17.4428,0.7511,0.0422,-0.0332,-0.0311,0.411,0.177,0.579,36.1244,-17.5185,0.2,0.0,0.0,0.0,0.1826,-0.0808,-0.7572,0.7831,-0.0799,1,1,2,0.971,0.568,0.432,0,0,0.0,4,SETTLE_PHASE,0.0422,-0.0332,-0.1602,0.0757
2614,59.773,35.9651,-17.4435,0.7506,0.0466,-0.0332,-0.0223,0.41,0.176,0.578,36.1244,-17.5185,0.2,0.0,0.0,0.0,0.1796,-0.0799,-0.772,0.7967,-0.058,1,1,2,0.969,0.567,0.433,0,0,0.0,4,SETTLE_PHASE,0.0466,-0.0332,-0.1593,0.075
2615,59.785,35.9661,-17.4441,0.7503,0.0484,-0.0339,-0.0173,0.41,0.175,0.577,36.1244,-17.5185,0.2,0.0,0.0,0.0,0.1776,-0.0788,-0.7806,0.8044,-0.0855,1,1,2,0.968,0.566,0.434,0,0,0.0,4,SETTLE_PHASE,0.0484,-0.0339,-0.1583,0.0744
2616,59.797,35.9671,-17.4448,0.75,0.0507,-0.0334,-0.0136,0.41,0.174,0.577,36.1244,-17.5185,0.2,0.0,0.0,0.0,0.1754,-0.0781,-0.787,0.81,-0.0617,1,1,2,0.968,0.564,0.436,0,0,0.0,4,SETTLE_PHASE,0.0507,-0.0334,-0.1573,0.0737
2617,59.81,35.9681,-17.4455,0.7498,0.0503,-0.0337,-0.0112,0.409,0.173,0.576,36.1244,-17.5185,0.2,0.0,0.0,0.0,0.1743,-0.0771,-0.7909,0.8135,-0.0896,1,1,2,0.971,0.571,0.429,0,0,0.0,4,SETTLE_PHASE,0.0503,-0.0337,-0.1563,0.073
2618,59.822,35.9691,-17.4461,0.7496,0.0501,-0.0331,-0.0096,0.409,0.171,0.576,36.1244,-17.5185,0.2,0.0,0.0,0.0,0.1731,-0.0766,-0.7936,0.8159,-0.0659,1,1,2,0.971,0.571,0.429,0,0,0.0,4,SETTLE_PHASE,0.0501,-0.0331,-0.1553,0.0724
2619,59.834,35.9701,-17.4468,0.7494,0.0468,-0.0334,-0.0096,0.409,0.17,0.575,36.1244,-17.5185,0.2,0.0,0.0,0.0,0.1733,-0.0756,-0.7937,0.8159,-0.0763,1,1,2,0.964,0.568,0.432,0,0,0.0,4,SETTLE_PHASE,0.0468,-0.0334,-0.1543,0.0717
2620,59.846,35.9709,-17.4475,0.7492,0.0433,-0.0329,-0.0086,0.409,0.169,0.575,36.1244,-17.5185,0.2,0.0,0.0,0.0,0.1737,-0.075,-0.7954,0.8176,-0.0497,1,1,2,0.964,0.564,0.436,0,0,0.0,4,SETTLE_PHASE,0.0433,-0.0329,-0.1535,0.071
2621,59.857,35.9717,-17.4481,0.7491,0.0384,-0.0324,-0.008,0.409,0.168,0.574,36.1244,-17.5185,0.2,0.0,0.0,0.0,0.1748,-0.0744,-0.7964,0.8187,-0.0728,1,1,2,0.963,0.567,0.433,0,0,0.0,4,SETTLE_PHASE,0.0384,-0.0324,-0.1527,0.0704
2622,59.869,35.9724,-17.4487,0.7489,0.0347,-0.0301,-0.0079,0.408,0.167,0.574,36.1244,-17.5185,0.2,0.0,0.0,0.0,0.1754,-0.0746,-0.7965,0.819,-0.0475,1,1,2,0.964,0.565,0.435,0,0,0.0,4,SETTLE_PHASE,0.0347,-0.0301,-0.152,0.0698
2623,59.881,35.973,-17.4493,0.7488,0.0292,-0.0281,-0.0076,0.408,0.167,0.573,36.1244,-17.5185,0.2,0.0,0.0,0.0,0.177,-0.0748,-0.797,0.8199,-0.0715,1,1,2,0.963,0.564,0.436,0,0,0.0,4,SETTLE_PHASE,0.0292,-0.0281,-0.1514,0.0692
2624,59.892,35.9735,-17.4498,0.7486,0.0246,-0.0244,-0.0075,0.408,0.166,0.573,36.1244,-17.5185,0.2,0.0,0.0,0.0,0.1783,-0.0757,-0.7973,0.8205,-0.0471,1,1,2,0.963,0.565,0.435,0,0,0.0,4,SETTLE_PHASE,0.0246,-0.0244,-0.1509,0.0687
2625,59.904,35.9738,-17.4502,0.7485,0.0179,-0.021,-0.0076,0.408,0.165,0.573,36.1244,-17.5185,0.2,0.0,0.0,0.0,0.1807,-0.0766,-0.797,0.8208,-0.077,1,1,2,0.963,0.564,0.436,0,0,0.0,4,SETTLE_PHASE,0.0179,-0.021,-0.1506,0.0683
2626,59.915,35.9741,-17.4505,0.7483,0.0117,-0.0162,-0.0077,0.408,0.165,0.573,36.1244,-17.5185,0.2,0.0,0.0,0.0,0.183,-0.0782,-0.7968,0.8213,-0.0418,1,1,2,0.963,0.564,0.436,0,0,0.0,4,SETTLE_PHASE,0.0117,-0.0162,-0.1503,0.068
2627,59.927,35.9742,-17.4507,0.7482,0.006,-0.0124,-0.0077,0.408,0.165,0.572,36.1244,-17.5185,0.2,0.0,0.0,0.0,0.1853,-0.0795,-0.7969,0.822,-0.0757,1,1,2,0.964,0.563,0.437,0,0,0.0,4,SETTLE_PHASE,0.006,-0.0124,-0.1502,0.0678
2628,59.939,35.9742,-17.4509,0.748,0.0002,-0.0069,-0.0078,0.408,0.165,0.572,36.1244,-17.5185,0.2,0.0,0.0,0.0,0.1877,-0.0816,-0.7967,0.8226,-0.0455,1,1,2,0.964,0.563,0.437,0,0,0.0,4,SETTLE_PHASE,0.0002,-0.0069,-0.1502,0.0676
2629,59.95,35.9741,-17.4509,0.7478,-0.0039,-0.0024,-0.0078,0.407,0.165,0.572,36.1244,-17.5185,0.2,0.0,0.0,0.0,0.1895,-0.0834,-0.7968,0.8233,-0.0799,1,1,2,0.964,0.565,0.435,0,0,0.0,4,TERMINAL_PRESS,-0.0039,-0.0024,-0.1503,0.0676
2630,59.963,35.974,-17.4509,0.7467,-0.0074,0.0018,-0.0559,0.406,0.165,0.571,36.1244,-17.5185,0.2,0.0,0.0,0.0,0.1912,-0.0853,-0.715,0.745,-0.0445,1,1,2,0.964,0.562,0.438,0,0,0.0,4,TERMINAL_PRESS,-0.0074,0.0018,-0.1504,0.0676
2631,59.975,35.9738,-17.4508,0.745,-0.0103,0.0052,-0.0861,0.405,0.165,0.569,36.1244,-17.5185,0.2,0.0,0.0,0.0,0.1927,-0.0868,-0.6636,0.6964,-0.0765,1,1,2,0.967,0.565,0.435,0,0,0.0,4,TERMINAL_PRESS,-0.0103,0.0052,-0.1507,0.0677
2632,59.987,35.9735,-17.4506,0.7429,-0.0139,0.0098,-0.1052,0.402,0.166,0.568,36.1244,-17.5185,0.2,0.0,0.0,0.0,0.1945,-0.089,-0.6311,0.6664,-0.0389,1,1,2,0.967,0.561,0.439,0,0,0.0,4,TERMINAL_PRESS,-0.0139,0.0098,-0.1509,0.0679
2633,59.999,35.9731,-17.4503,0.7406,-0.0167,0.0133,-0.1172,0.4,0.166,0.565,36.1244,-17.5185,0.2,0.0,0.0,0.0,0.1961,-0.0908,-0.6108,0.6479,-0.0731,1,1,2,0.968,0.563,0.437,0,0,0.0,4,TERMINAL_PRESS,-0.0167,0.0133,-0.1513,0.0682
2634,60.011,35.9727,-17.45,0.738,-0.0201,0.0182,-0.1255,0.398,0.166,0.563,36.1244,-17.5185,0.2,0.0,0.0,0.0,0.198,-0.0933,-0.5966,0.6355,-0.0547,1,1,2,0.968,0.564,0.436,0,0,0.0,4,TERMINAL_PRESS,-0.0201,0.0182,-0.1517,0.0685
2635,60.023,35.9723,-17.4495,0.7354,-0.0225,0.022,-0.1299,0.395,0.167,0.561,36.1244,-17.5185,0.2,0.0,0.0,0.0,0.1996,-0.0955,-0.5891,0.6293,-0.0924,1,1,2,0.969,0.568,0.432,0,0,0.0,4,TERMINAL_PRESS,-0.0225,0.022,-0.1521,0.069
2636,60.034,35.9718,-17.449,0.7328,-0.0253,0.0262,-0.1326,0.392,0.168,0.559,36.1244,-17.5185,0.2,0.0,0.0,0.0,0.2014,-0.0979,-0.5845,0.6259,-0.0549,1,1,2,0.969,0.567,0.433,0,0,0.0,4,TERMINAL_PRESS,-0.0253,0.0262,-0.1526,0.0695
2637,60.046,35.9713,-17.4484,0.7301,-0.0266,0.0279,-0.1343,0.39,0.168,0.556,36.1244,-17.5185,0.2,0.0,0.0,0.0,0.2026,-0.0993,-0.5816,0.6239,-0.0929,1,1,2,0.969,0.568,0.432,0,0,0.0,4,TERMINAL_PRESS,-0.0266,0.0279,-0.1532,0.0701
2638,60.058,35.9707,-17.4478,0.7274,-0.0285,0.0302,-0.1353,0.387,0.169,0.554,36.1244,-17.5185,0.2,0.0,0.0,0.0,0.2041,-0.101,-0.58,0.6231,-0.0553,1,1,2,0.969,0.57,0.43,0,0,0.0,4,TERMINAL_PRESS,-0.0285,0.0302,-0.1537,0.0707
2639,60.069,35.9701,-17.4472,0.7247,-0.0292,0.0303,-0.136,0.384,0.17,0.552,36.1244,-17.5185,0.2,0.0,0.0,0.0,0.2051,-0.1018,-0.5789,0.6225,-0.0931,1,1,2,0.969,0.567,0.433,0,0,0.0,4,TERMINAL_PRESS,-0.0292,0.0303,-0.1543,0.0713
2640,60.081,35.9695,-17.4466,0.722,-0.0307,0.0314,-0.1364,0.381,0.171,0.549,36.1244,-17.5185,0.2,0.0,0.0,0.0,0.2065,-0.103,-0.5782,0.6225,-0.0572,1,1,2,0.969,0.568,0.432,0,0,0.0,4,TERMINAL_PRESS,-0.0307,0.0314,-0.1549,0.0719
2641,60.092,35.9689,-17.446,0.7192,-0.0313,0.0307,-0.1366,0.379,0.172,0.547,36.1244,-17.5185,0.2,0.0,0.0,0.0,0.2076,-0.1035,-0.5778,0.6226,-0.0948,1,1,2,0.969,0.568,0.432,0,0,0.0,4,TERMINAL_PRESS,-0.0313,0.0307,-0.1556,0.0725
2642,60.104,35.9682,-17.4454,0.7165,-0.0325,0.031,-0.1367,0.376,0.172,0.545,36.1244,-17.5185,0.2,0.0,0.0,0.0,0.2088,-0.1044,-0.5777,0.6231,-0.0571,1,1,2,0.969,0.567,0.433,0,0,0.0,4,TERMINAL_PRESS,-0.0325,0.031,-0.1562,0.0731
2643,60.116,35.9676,-17.4448,0.7138,-0.0324,0.0298,-0.1368,0.373,0.173,0.542,36.1244,-17.5185,0.2,0.0,0.0,0.0,0.2096,-0.1046,-0.5775,0.6232,-0.0945,1,1,2,0.969,0.569,0.431,0,0,0.0,4,TERMINAL_PRESS,-0.0324,0.0298,-0.1568,0.0737
2644,60.127,35.9669,-17.4442,0.711,-0.0333,0.0299,-0.1369,0.371,0.174,0.54,36.1244,-17.5185,0.2,0.0,0.0,0.0,0.2108,-0.1054,-0.5773,0.6235,-0.0596,1,1,2,0.969,0.57,0.43,0,0,0.0,4,TERMINAL_PRESS,-0.0333,0.0299,-0.1575,0.0743
2645,60.139,35.9662,-17.4436,0.7083,-0.0333,0.0287,-0.1369,0.368,0.175,0.538,36.1244,-17.5185,0.2,0.0,0.0,0.0,0.2116,-0.1056,-0.5773,0.6239,-0.0966,1,1,2,0.969,0.571,0.429,0,0,0.0,4,TERMINAL_PRESS,-0.0333,0.0287,-0.1582,0.0749
2646,60.151,35.9656,-17.443,0.7055,-0.0334,0.029,-0.1369,0.365,0.176,0.535,36.1244,-17.5185,0.2,0.0,0.0,0.0,0.2126,-0.1065,-0.5773,0.6244,-0.0614,1,1,2,0.969,0.57,0.43,0,0,0.0,4,TERMINAL_PRESS,-0.0334,0.029,-0.1588,0.0755
2647,60.162,35.9649,-17.4425,0.7028,-0.0321,0.0281,-0.1372,0.362,0.177,0.533,36.1244,-17.5185,0.2,0.0,0.0,0.0,0.2128,-0.1068,-0.5767,0.6239,-0.0974,1,1,2,0.97,0.572,0.428,0,0,0.0,4,TERMINAL_PRESS,-0.0321,0.0281,-0.1595,0.076
2648,60.174,35.9643,-17.4419,0.7001,-0.0313,0.0287,-0.1371,0.36,0.177,0.531,36.1244,-17.5185,0.2,0.0,0.0,0.0,0.2132,-0.1078,-0.5769,0.6244,-0.0632,1,1,2,0.97,0.572,0.428,0,0,0.0,4,TERMINAL_PRESS,-0.0313,0.0287,-0.1601,0.0766
2649,60.185,35.9637,-17.4413,0.6973,-0.0292,0.0282,-0.137,0.357,0.178,0.528,36.1244,-17.5185,0.2,0.0,0.0,0.0,0.2131,-0.1082,-0.5771,0.6246,-0.0987,1,1,2,0.971,0.572,0.428,0,0,0.0,4,TERMINAL_PRESS,-0.0292,0.0282,-0.1607,0.0772
2650,60.197,35.9631,-17.4407,0.6946,-0.028,0.029,-0.1369,0.354,0.179,0.526,36.1244,-17.5185,0.2,0.0,0.0,0.0,0.2133,-0.1093,-0.5772,0.625,-0.059,1,1,2,0.97,0.572,0.428,0,0,0.0,4,TERMINAL_PRESS,-0.028,0.029,-0.1613,0.0778
2651,60.208,35.9626,-17.4402,0.6918,-0.0259,0.0285,-0.1369,0.351,0.18,0.524,36.1244,-17.5185,0.2,0.0,0.0,0.0,0.213,-0.1098,-0.5772,0.625,-0.0946,1,1,2,0.971,0.573,0.427,0,0,0.0,4,TERMINAL_PRESS,-0.0259,0.0285,-0.1618,0.0783
2652,60.22,35.9621,-17.4396,0.6891,-0.0248,0.0298,-0.1371,0.349,0.18,0.521,36.1244,-17.5185,0.2,0.0,0.0,0.0,0.2132,-0.1111,-0.5769,0.625,-0.0713,1,1,2,0.971,0.572,0.428,0,0,0.0,4,SETTLE_PHASE,-0.0248,0.0298,-0.1623,0.0789
2653,60.231,35.9617,-17.439,0.6867,-0.023,0.03,-0.1222,0.346,0.181,0.519,36.1244,-17.5185,0.2,0.0,0.0,0.0,0.213,-0.1119,-0.6023,0.6486,-0.1084,1,1,2,0.972,0.576,0.424,0,0,0.0,4,SETTLE_PHASE,-0.023,0.03,-0.1627,0.0795
2654,60.243,35.9612,-17.4384,0.6844,-0.0221,0.031,-0.1128,0.344,0.182,0.517,36.1244,-17.5185,0.2,0.0,0.0,0.0,0.2132,-0.1131,-0.6182,0.6636,-0.0767,1,1,2,0.972,0.579,0.421,0,0,0.0,4,SETTLE_PHASE,-0.0221,0.031,-0.1632,0.0801
2655,60.255,35.9608,-17.4378,0.6823,-0.0199,0.0296,-0.1072,0.342,0.182,0.516,36.1244,-17.5185,0.2,0.0,0.0,0.0,0.2128,-0.1133,-0.6278,0.6725,-0.1039,1,1,2,0.972,0.575,0.425,0,0,0.0,4,SETTLE_PHASE,-0.0199,0.0296,-0.1636,0.0807
2656,60.266,35.9605,-17.4372,0.6802,-0.0159,0.0285,-0.1031,0.34,0.183,0.514,36.1244,-17.5185,0.2,0.0,0.0,0.0,0.2115,-0.1135,-0.6347,0.6786,-0.0773,1,1,2,0.973,0.579,0.421,0,0,0.0,4,SETTLE_PHASE,-0.0159,0.0285,-0.1639,0.0813
2657,60.278,35.9603,-17.4367,0.6782,-0.0121,0.0254,-0.1005,0.338,0.183,0.512,36.1244,-17.5185,0.2,0.0,0.0,0.0,0.2102,-0.1128,-0.6392,0.6822,-0.1027,1,1,2,0.973,0.576,0.424,0,0,0.0,4,SETTLE_PHASE,-0.0121,0.0254,-0.1641,0.0818
2658,60.29,35.9602,-17.4363,0.6762,-0.0058,0.0221,-0.0989,0.336,0.184,0.51,36.1244,-17.5185,0.2,0.0,0.0,0.0,0.2077,-0.112,-0.6419,0.6839,-0.0764,1,1,2,0.972,0.577,0.423,0,0,0.0,4,SETTLE_PHASE,-0.0058,0.0221,-0.1642,0.0823
2659,60.302,35.9602,-17.4359,0.6742,-0.0001,0.0166,-0.098,0.334,0.184,0.509,36.1244,-17.5185,0.2,0.0,0.0,0.0,0.2054,-0.1102,-0.6434,0.6843,-0.0924,1,1,2,0.972,0.576,0.424,0,0,0.0,4,SETTLE_PHASE,-0.0001,0.0166,-0.1643,0.0826
2660,60.314,35.9603,-17.4357,0.6723,0.0076,0.0108,-0.0975,0.332,0.184,0.507,36.1244,-17.5185,0.2,0.0,0.0,0.0,0.202,-0.108,-0.6442,0.6837,-0.0663,1,1,2,0.972,0.582,0.418,0,0,0.0,4,SETTLE_PHASE,0.0076,0.0108,-0.1641,0.0828
2661,60.326,35.9606,-17.4356,0.6703,0.0145,0.0034,-0.0973,0.33,0.184,0.505,36.1244,-17.5185,0.2,0.0,0.0,0.0,0.1987,-0.105,-0.6446,0.6827,-0.0911,1,1,2,0.972,0.581,0.419,0,0,0.0,4,SETTLE_PHASE,0.0145,0.0034,-0.1638,0.0829
2662,60.339,35.9611,-17.4357,0.6684,0.0233,-0.0038,-0.0973,0.328,0.183,0.503,36.1244,-17.5185,0.2,0.0,0.0,0.0,0.1945,-0.1019,-0.6446,0.681,-0.0652,1,1,2,0.974,0.582,0.418,0,0,0.0,4,SETTLE_PHASE,0.0233,-0.0038,-0.1633,0.0828
2663,60.351,35.9617,-17.436,0.6664,0.0309,-0.0126,-0.0976,0.326,0.182,0.501,36.1244,-17.5185,0.2,0.0,0.0,0.0,0.1905,-0.0979,-0.644,0.6787,-0.0603,1,1,2,0.975,0.581,0.419,0,0,0.0,4,SETTLE_PHASE,0.0309,-0.0126,-0.1627,0.0825
2664,60.363,35.9625,-17.4364,0.6645,0.04,-0.0215,-0.098,0.324,0.182,0.499,36.1244,-17.5185,0.2,0.0,0.0,0.0,0.1857,-0.0937,-0.6433,0.6761,-0.0556,1,1,2,0.973,0.584,0.416,0,0,0.0,4,SETTLE_PHASE,0.04,-0.0215,-0.1619,0.0821
2665,60.375,35.9634,-17.437,0.6625,0.0482,-0.0298,-0.0985,0.322,0.18,0.496,36.1244,-17.5185,0.2,0.0,0.0,0.0,0.1811,-0.0894,-0.6425,0.6735,-0.0776,1,1,2,0.972,0.579,0.421,0,0,0.0,4,SETTLE_PHASE,0.0482,-0.0298,-0.161,0.0815
2666,60.387,35.9646,-17.4377,0.6605,0.0574,-0.0367,-0.0984,0.32,0.179,0.494,36.1244,-17.5185,0.2,0.0,0.0,0.0,0.1758,-0.0856,-0.6426,0.6717,-0.0526,1,1,2,0.973,0.582,0.418,0,0,0.0,4,SETTLE_PHASE,0.0574,-0.0367,-0.1598,0.0808
2667,60.399,35.9659,-17.4386,0.6592,0.0659,-0.045,-0.0657,0.319,0.177,0.492,36.1244,-17.5185,0.2,0.0,0.0,0.0,0.1706,-0.081,-0.6983,0.7234,-0.0811,1,1,2,0.972,0.577,0.423,0,0,0.0,4,SETTLE_PHASE,0.0659,-0.045,-0.1585,0.0799
2668,60.411,35.9674,-17.4396,0.6583,0.0749,-0.0512,-0.0451,0.318,0.176,0.491,36.1244,-17.5185,0.2,0.0,0.0,0.0,0.1649,-0.0772,-0.7333,0.7556,-0.0457,1,1,2,0.972,0.576,0.424,0,0,0.0,4,SETTLE_PHASE,0.0749,-0.0512,-0.157,0.0789
2669,60.424,35.969,-17.4408,0.6577,0.0809,-0.0578,-0.0319,0.317,0.174,0.49,36.1244,-17.5185,0.2,0.0,0.0,0.0,0.1604,-0.0729,-0.7558,0.776,-0.0701,1,1,2,0.972,0.574,0.426,0,0,0.0,4,SETTLE_PHASE,0.0809,-0.0578,-0.1554,0.0777
2670,60.436,35.9707,-17.442,0.6572,0.0845,-0.0621,-0.0232,0.317,0.172,0.488,36.1244,-17.5185,0.2,0.0,0.0,0.0,0.1567,-0.0696,-0.7706,0.7894,-0.0278,1,1,2,0.972,0.576,0.424,0,0,0.0,4,SETTLE_PHASE,0.0845,-0.0621,-0.1537,0.0765
2671,60.447,35.9724,-17.4434,0.6569,0.0866,-0.066,-0.0172,0.316,0.17,0.487,36.1244,-17.5185,0.2,0.0,0.0,0.0,0.1536,-0.0662,-0.7807,0.7984,-0.0649,1,1,2,0.972,0.576,0.424,0,0,0.0,4,SETTLE_PHASE,0.0866,-0.066,-0.152,0.0751
2672,60.459,35.9741,-17.4447,0.6566,0.0851,-0.0664,-0.014,0.316,0.167,0.486,36.1244,-17.5185,0.2,0.0,0.0,0.0,0.1521,-0.0644,-0.7862,0.8033,-0.039,1,1,2,0.972,0.573,0.427,0,0,0.0,4,SETTLE_PHASE,0.0851,-0.0664,-0.1503,0.0738
2673,60.47,35.9758,-17.446,0.6564,0.0818,-0.0661,-0.0112,0.316,0.165,0.485,36.1244,-17.5185,0.2,0.0,0.0,0.0,0.1514,-0.0628,-0.791,0.8078,-0.0668,1,1,2,0.971,0.57,0.43,0,0,0.0,4,SETTLE_PHASE,0.0818,-0.0661,-0.1486,0.0725
2674,60.482,35.9773,-17.4473,0.6562,0.0783,-0.0632,-0.0093,0.316,0.163,0.485,36.1244,-17.5185,0.2,0.0,0.0,0.0,0.1509,-0.0625,-0.7942,0.8108,-0.0461,1,1,2,0.971,0.571,0.429,0,0,0.0,4,SETTLE_PHASE,0.0783,-0.0632,-0.1471,0.0712
2675,60.494,35.9788,-17.4485,0.656,0.0716,-0.0595,-0.0083,0.316,0.162,0.484,36.1244,-17.5185,0.2,0.0,0.0,0.0,0.1519,-0.0625,-0.7959,0.8127,-0.0815,1,1,2,0.971,0.57,0.43,0,0,0.0,4,SETTLE_PHASE,0.0716,-0.0595,-0.1456,0.07
2676,60.505,35.9801,-17.4495,0.6559,0.0642,-0.0533,-0.0078,0.315,0.16,0.483,36.1244,-17.5185,0.2,0.0,0.0,0.0,0.1085,-0.0419,-0.7967,0.8052,-0.0643,1,1,2,0.969,0.569,0.431,0,0,0.0,4,SETTLE_PHASE,0.0642,-0.0533,-0.1443,0.069
2677,60.517,35.9812,-17.4505,0.6557,0.0572,-0.0473,-0.0076,0.315,0.159,0.483,36.1244,-17.5185,0.2,0.0,0.0,0.0,0.065,-0.0216,-0.7971,0.8,-0.0981,1,1,2,0.969,0.574,0.426,0,0,0.0,4,SETTLE_PHASE,0.0572,-0.0473,-0.1432,0.068
2678,60.528,35.9822,-17.4513,0.6556,0.0482,-0.04,-0.0082,0.315,0.157,0.482,36.1244,-17.5185,0.2,0.0,0.0,0.0,0.0213,-0.0019,-0.7961,0.7963,-0.06,1,1,2,0.969,0.57,0.43,0,0,0.0,4,SETTLE_PHASE,0.0482,-0.04,-0.1422,0.0672
2679,60.54,35.983,-17.452,0.6554,0.0393,-0.0342,-0.0079,0.315,0.156,0.481,36.1244,-17.5185,0.2,0.0,0.0,0.0,-0.0166,0.0144,-0.7966,0.7969,-0.091,1,1,2,0.969,0.572,0.428,0,0,0.0,4,SETTLE_PHASE,0.0393,-0.0342,-0.1414,0.0665
2680,60.552,35.9836,-17.4525,0.6552,0.0296,-0.0274,-0.0079,0.315,0.156,0.481,36.1244,-17.5185,0.2,0.0,0.0,0.0,-0.0125,0.0116,-0.7966,0.7968,-0.0493,1,1,2,0.969,0.57,0.43,0,0,0.0,4,SETTLE_PHASE,0.0296,-0.0274,-0.1409,0.066
2681,60.564,35.984,-17.453,0.6551,0.0208,-0.0223,-0.0079,0.315,0.155,0.481,36.1244,-17.5185,0.2,0.0,0.0,0.0,-0.0088,0.0094,-0.7966,0.7967,-0.0807,1,1,2,0.969,0.572,0.428,0,0,0.0,4,SETTLE_PHASE,0.0208,-0.0223,-0.1404,0.0655
2682,60.576,35.9842,-17.4533,0.6549,0.011,-0.0157,-0.0088,0.314,0.155,0.48,36.1244,-17.5185,0.2,0.0,0.0,0.0,-0.0047,0.0066,-0.795,0.795,-0.0492,1,1,2,0.969,0.57,0.43,0,0,0.0,4,SETTLE_PHASE,0.011,-0.0157,-0.1402,0.0652
2683,60.587,35.9842,-17.4535,0.6547,0.0018,-0.0105,-0.0088,0.314,0.155,0.48,36.1244,-17.5185,0.2,0.0,0.0,0.0,-0.0008,0.0044,-0.7951,0.7951,-0.0814,1,1,2,0.971,0.572,0.428,0,0,0.0,4,SETTLE_PHASE,0.0018,-0.0105,-0.1402,0.065
2684,60.599,35.9841,-17.4536,0.6546,-0.0064,-0.0043,-0.0086,0.314,0.155,0.48,36.1244,-17.5185,0.2,0.0,0.0,0.0,0.0027,0.0018,-0.7954,0.7954,-0.0425,1,1,2,0.971,0.57,0.43,0,0,0.0,4,SETTLE_PHASE,-0.0064,-0.0043,-0.1403,0.0649
2685,60.611,35.9838,-17.4536,0.6544,-0.013,0.0005,-0.0085,0.314,0.155,0.48,36.1244,-17.5185,0.2,0.0,0.0,0.0,0.0055,-0.0002,-0.7956,0.7956,-0.0778,1,1,2,0.972,0.573,0.427,0,0,0.0,4,SETTLE_PHASE,-0.013,0.0005,-0.1406,0.0649
2686,60.623,35.9834,-17.4534,0.6542,-0.0202,0.0069,-0.0087,0.314,0.155,0.48,36.1244,-17.5185,0.2,0.0,0.0,0.0,0.0085,-0.0029,-0.7952,0.7952,-0.0581,1,1,2,0.972,0.571,0.429,0,0,0.0,4,SETTLE_PHASE,-0.0202,0.0069,-0.141,0.0651
2687,60.635,35.9829,-17.4532,0.654,-0.0261,0.0121,-0.0086,0.314,0.156,0.48,36.1244,-17.5185,0.2,0.0,0.0,0.0,0.011,-0.0051,-0.7954,0.7955,-0.0936,1,1,2,0.972,0.572,0.428,0,0,0.0,4,SETTLE_PHASE,-0.0261,0.0121,-0.1415,0.0653
2688,60.647,35.9823,-17.4528,0.6539,-0.0315,0.0177,-0.0084,0.313,0.157,0.48,36.1244,-17.5185,0.2,0.0,0.0,0.0,0.0133,-0.0075,-0.7958,0.7959,-0.0544,1,1,2,0.972,0.573,0.427,0,0,0.0,4,SETTLE_PHASE,-0.0315,0.0177,-0.1421,0.0657
2689,60.659,35.9816,-17.4524,0.6537,-0.0347,0.0208,-0.0082,0.313,0.157,0.48,36.1244,-17.5185,0.2,0.0,0.0,0.0,0.0146,-0.0088,-0.7961,0.7963,-0.0904,1,1,2,0.972,0.575,0.425,0,0,0.0,4,SETTLE_PHASE,-0.0347,0.0208,-0.1428,0.0661
2690,60.671,35.9808,-17.4519,0.6536,-0.0377,0.0247,-0.0079,0.313,0.158,0.48,36.1244,-17.5185,0.2,0.0,0.0,0.0,0.0159,-0.0104,-0.7965,0.7967,-0.0509,1,1,2,0.972,0.576,0.424,0,0,0.0,4,SETTLE_PHASE,-0.0377,0.0247,-0.1436,0.0666
2691,60.683,35.9801,-17.4514,0.6534,-0.0388,0.0264,-0.0078,0.313,0.159,0.481,36.1244,-17.5185,0.2,0.0,0.0,0.0,0.0163,-0.0111,-0.7968,0.797,-0.0873,1,1,2,0.972,0.577,0.423,0,0,0.0,4,SETTLE_PHASE,-0.0388,0.0264,-0.1443,0.0671
2692,60.695,35.9793,-17.4508,0.6532,-0.0399,0.0292,-0.0076,0.313,0.16,0.481,36.1244,-17.5185,0.2,0.0,0.0,0.0,0.0598,-0.0316,-0.7971,0.8,-0.0474,1,1,2,0.972,0.576,0.424,0,0,0.0,4,SETTLE_PHASE,-0.0399,0.0292,-0.1451,0.0677
2693,60.706,35.9785,-17.4502,0.6531,-0.0394,0.0302,-0.0075,0.313,0.161,0.481,36.1244,-17.5185,0.2,0.0,0.0,0.0,0.1031,-0.0523,-0.7972,0.8056,-0.0841,1,1,2,0.972,0.578,0.422,0,0,0.0,4,TERMINAL_PRESS,-0.0394,0.0302,-0.1459,0.0683
2694,60.719,35.9777,-17.4496,0.652,-0.0392,0.032,-0.0557,0.311,0.162,0.48,36.1244,-17.5185,0.2,0.0,0.0,0.0,0.1462,-0.0734,-0.7154,0.7339,-0.0598,1,1,2,0.972,0.577,0.423,0,0,0.0,4,TERMINAL_PRESS,-0.0392,0.032,-0.1467,0.0689
2695,60.73,35.9769,-17.4489,0.6503,-0.0379,0.0327,-0.0858,0.31,0.163,0.479,36.1244,-17.5185,0.2,0.0,0.0,0.0,0.189,-0.0951,-0.6641,0.697,-0.0938,1,1,2,0.972,0.58,0.42,0,0,0.0,4,TERMINAL_PRESS,-0.0379,0.0327,-0.1475,0.0696
2696,60.743,35.9762,-17.4482,0.6482,-0.0368,0.0339,-0.1047,0.308,0.164,0.477,36.1244,-17.5185,0.2,0.0,0.0,0.0,0.2008,-0.1021,-0.632,0.6709,-0.0558,1,1,2,0.972,0.579,0.421,0,0,0.0,4,TERMINAL_PRESS,-0.0368,0.0339,-0.1482,0.0703
2697,60.754,35.9755,-17.4476,0.6458,-0.0346,0.0331,-0.1166,0.305,0.165,0.475,36.1244,-17.5185,0.2,0.0,0.0,0.0,0.2007,-0.1026,-0.6117,0.6519,-0.0918,1,1,2,0.972,0.576,0.424,0,0,0.0,4,TERMINAL_PRESS,-0.0346,0.0331,-0.1489,0.0709
2698,60.766,35.9748,-17.4469,0.6434,-0.033,0.0331,-0.1241,0.303,0.166,0.473,36.1244,-17.5185,0.2,0.0,0.0,0.0,0.2008,-0.1034,-0.5991,0.6403,-0.0524,1,1,2,0.972,0.58,0.42,0,0,0.0,4,TERMINAL_PRESS,-0.033,0.0331,-0.1496,0.0716
2699,60.778,35.9742,-17.4463,0.6408,-0.0304,0.0312,-0.1288,0.3,0.167,0.471,36.1244,-17.5185,0.2,0.0,0.0,0.0,0.2005,-0.1034,-0.5911,0.6326,-0.0891,1,1,2,0.972,0.576,0.424,0,0,0.0,4,TERMINAL_PRESS,-0.0304,0.0312,-0.1502,0.0722
2700,60.791,35.9737,-17.4457,0.6382,-0.0288,0.0305,-0.1317,0.298,0.167,0.469,36.1244,-17.5185,0.2,0.0,0.0,0.0,0.2005,-0.1039,-0.5861,0.6281,-0.0491,1,1,2,0.972,0.58,0.42,0,0,0.0,4,TERMINAL_PRESS,-0.0288,0.0305,-0.1507,0.0728
2701,60.803,35.9731,-17.4451,0.6355,-0.0265,0.0283,-0.1336,0.295,0.168,0.467,36.1244,-17.5185,0.2,0.0,0.0,0.0,0.2002,-0.1036,-0.5829,0.6249,-0.0859,1,1,2,0.972,0.579,0.421,0,0,0.0,4,TERMINAL_PRESS,-0.0265,0.0283,-0.1513,0.0734
2702,60.815,35.9726,-17.4445,0.6328,-0.0254,0.0276,-0.1349,0.292,0.169,0.465,36.1244,-17.5185,0.2,0.0,0.0,0.0,0.2004,-0.104,-0.5807,0.623,-0.0503,1,1,2,0.973,0.58,0.42,0,0,0.0,4,TERMINAL_PRESS,-0.0254,0.0276,-0.1518,0.074
2703,60.827,35.9721,-17.444,0.6301,-0.0239,0.0256,-0.1356,0.29,0.17,0.462,36.1244,-17.5185,0.2,0.0,0.0,0.0,0.2004,-0.1038,-0.5794,0.6218,-0.0869,1,1,2,0.974,0.578,0.422,0,0,0.0,4,TERMINAL_PRESS,-0.0239,0.0256,-0.1523,0.0745
2704,60.839,35.9717,-17.4435,0.6273,-0.0227,0.025,-0.136,0.287,0.17,0.46,36.1244,-17.5185,0.2,0.0,0.0,0.0,0.2004,-0.1042,-0.5788,0.6213,-0.0463,1,1,2,0.974,0.582,0.418,0,0,0.0,4,TERMINAL_PRESS,-0.0227,0.025,-0.1527,0.075
2705,60.852,35.9713,-17.4431,0.6246,-0.02,0.0231,-0.1363,0.284,0.171,0.458,36.1244,-17.5185,0.2,0.0,0.0,0.0,0.1998,-0.104,-0.5782,0.6205,-0.0831,1,1,2,0.974,0.576,0.424,0,0,0.0,4,TERMINAL_PRESS,-0.02,0.0231,-0.1531,0.0754
2706,60.864,35.9709,-17.4426,0.6219,-0.0177,0.0231,-0.1366,0.281,0.171,0.455,36.1244,-17.5185,0.2,0.0,0.0,0.0,0.1993,-0.1045,-0.5778,0.62,-0.0533,1,1,2,0.974,0.583,0.417,0,0,0.0,4,TERMINAL_PRESS,-0.0177,0.0231,-0.1535,0.0759
2707,60.877,35.9706,-17.4422,0.6192,-0.0143,0.0219,-0.1367,0.279,0.172,0.453,36.1244,-17.5185,0.2,0.0,0.0,0.0,0.1982,-0.1046,-0.5776,0.6195,-0.0903,1,1,2,0.974,0.576,0.424,0,0,0.0,4,TERMINAL_PRESS,-0.0143,0.0219,-0.1538,0.0763
2708,60.889,35.9704,-17.4417,0.6164,-0.0118,0.022,-0.1368,0.276,0.172,0.451,36.1244,-17.5185,0.2,0.0,0.0,0.0,0.1975,-0.1052,-0.5775,0.6193,-0.049,1,1,2,0.974,0.586,0.414,0,0,0.0,4,TERMINAL_PRESS,-0.0118,0.022,-0.154,0.0768
2709,60.901,35.9702,-17.4413,0.6137,-0.0086,0.0205,-0.1368,0.273,0.172,0.448,36.1244,-17.5185,0.2,0.0,0.0,0.0,0.1963,-0.1051,-0.5774,0.6188,-0.0859,1,1,2,0.974,0.581,0.419,0,0,0.0,4,TERMINAL_PRESS,-0.0086,0.0205,-0.1542,0.0772
2710,60.914,35.9701,-17.4409,0.6109,-0.0066,0.0205,-0.1368,0.27,0.173,0.446,36.1244,-17.5185,0.2,0.0,0.0,0.0,0.1956,-0.1056,-0.5774,0.6187,-0.0445,1,1,2,0.974,0.588,0.412,0,0,0.0,4,TERMINAL_PRESS,-0.0066,0.0205,-0.1543,0.0776
2711,60.926,35.97,-17.4405,0.6082,-0.0041,0.0191,-0.1369,0.268,0.173,0.443,36.1244,-17.5185,0.2,0.0,0.0,0.0,0.1947,-0.1055,-0.5773,0.6183,-0.0813,1,1,2,0.974,0.586,0.414,0,0,0.0,4,TERMINAL_PRESS,-0.0041,0.0191,-0.1544,0.078
2712,60.939,35.97,-17.4401,0.6055,-0.003,0.0196,-0.137,0.265,0.173,0.441,36.1244,-17.5185,0.2,0.0,0.0,0.0,0.1943,-0.1062,-0.5771,0.6181,-0.0452,1,1,2,0.974,0.587,0.413,0,0,0.0,4,TERMINAL_PRESS,-0.003,0.0196,-0.1544,0.0784
2713,60.951,35.9699,-17.4398,0.6027,-0.0017,0.0191,-0.137,0.262,0.173,0.438,36.1244,-17.5185,0.2,0.0,0.0,0.0,0.1938,-0.1064,-0.5772,0.6181,-0.0818,1,1,2,0.974,0.589,0.411,0,0,0.0,4,TERMINAL_PRESS,-0.0017,0.0191,-0.1545,0.0787
2714,60.964,35.9699,-17.4394,0.6,-0.0015,0.0204,-0.1373,0.259,0.174,0.436,36.1244,-17.5185,0.2,0.0,0.0,0.0,0.1938,-0.1075,-0.5766,0.6177,-0.0483,1,1,2,0.974,0.588,0.412,0,0,0.0,4,TERMINAL_PRESS,-0.0015,0.0204,-0.1545,0.0792
2715,60.976,35.9699,-17.4389,0.5972,-0.0007,0.0205,-0.1372,0.257,0.174,0.434,36.1244,-17.5185,0.2,0.0,0.0,0.0,0.1935,-0.108,-0.5768,0.6179,-0.0859,1,1,2,0.974,0.587,0.413,0,0,0.0,4,TERMINAL_PRESS,-0.0007,0.0205,-0.1545,0.0796
2716,60.988,35.9699,-17.4385,0.5945,-0.0014,0.0222,-0.1372,0.254,0.174,0.431,36.1244,-17.5185,0.2,0.0,0.0,0.0,0.1938,-0.1093,-0.5768,0.6182,-0.0495,1,1,2,0.974,0.588,0.412,0,0,0.0,4,TERMINAL_PRESS,-0.0014,0.0222,-0.1546,0.08
2717,61.001,35.9698,-17.438,0.5918,-0.0018,0.0225,-0.1371,0.251,0.174,0.429,36.1244,-17.5185,0.2,0.0,0.0,0.0,0.194,-0.11,-0.5769,0.6185,-0.0869,1,1,2,0.974,0.589,0.411,0,0,0.0,4,TERMINAL_PRESS,-0.0018,0.0225,-0.1546,0.0805
2718,61.013,35.9698,-17.4376,0.589,-0.0029,0.0244,-0.1371,0.249,0.175,0.426,36.1244,-17.5185,0.2,0.0,0.0,0.0,0.1945,-0.1114,-0.5769,0.6189,-0.0517,1,1,2,0.974,0.589,0.411,0,0,0.0,4,TERMINAL_PRESS,-0.0029,0.0244,-0.1546,0.0809
2719,61.025,35.9697,-17.4371,0.5863,-0.003,0.0249,-0.1371,0.246,0.175,0.424,36.1244,-17.5185,0.2,0.0,0.0,0.0,0.1946,-0.1122,-0.577,0.6192,-0.089,1,1,2,0.974,0.589,0.411,0,0,0.0,4,TERMINAL_PRESS,-0.003,0.0249,-0.1547,0.0814
2720,61.037,35.9696,-17.4365,0.5835,-0.0042,0.0269,-0.137,0.243,0.175,0.422,36.1244,-17.5185,0.2,0.0,0.0,0.0,0.1952,-0.1137,-0.5771,0.6197,-0.0486,1,1,2,0.974,0.589,0.411,0,0,0.0,4,TERMINAL_PRESS,-0.0042,0.0269,-0.1548,0.082
2721,61.05,35.9695,-17.436,0.5808,-0.0047,0.0274,-0.137,0.24,0.175,0.419,36.1244,-17.5185,0.2,0.0,0.0,0.0,0.1956,-0.1146,-0.577,0.62,-0.0858,1,1,2,0.974,0.59,0.41,0,0,0.0,4,TERMINAL_PRESS,-0.0047,0.0274,-0.1549,0.0825
2722,61.062,35.9694,-17.4354,0.578,-0.0066,0.0297,-0.1373,0.238,0.176,0.417,36.1244,-17.5185,0.2,0.0,0.0,0.0,0.1965,-0.1163,-0.5765,0.6201,-0.0673,1,1,2,0.974,0.591,0.409,0,0,0.0,4,TERMINAL_PRESS,-0.0066,0.0297,-0.155,0.0831
2723,61.074,35.9692,-17.4348,0.5753,-0.008,0.0309,-0.1373,0.235,0.176,0.415,36.1244,-17.5185,0.2,0.0,0.0,0.0,0.1973,-0.1176,-0.5766,0.6207,-0.1029,1,1,2,0.974,0.587,0.413,0,0,0.0,4,TERMINAL_PRESS,-0.008,0.0309,-0.1552,0.0837
2724,61.086,35.969,-17.4341,0.5726,-0.0094,0.0324,-0.1371,0.232,0.177,0.412,36.1244,-17.5185,0.2,0.0,0.0,0.0,0.1981,-0.119,-0.5769,0.6215,-0.0623,1,1,2,0.974,0.586,0.414,0,0,0.0,4,TERMINAL_PRESS,-0.0094,0.0324,-0.1554,0.0844
2725,61.099,35.9689,-17.4335,0.5698,-0.0096,0.0314,-0.137,0.229,0.177,0.41,36.1244,-17.5185,0.2,0.0,0.0,0.0,0.1985,-0.1194,-0.577,0.6218,-0.0995,1,1,2,0.974,0.589,0.411,0,0,0.0,4,TERMINAL_PRESS,-0.0096,0.0314,-0.1556,0.085
2726,61.111,35.9686,-17.4329,0.5671,-0.0104,0.0312,-0.1369,0.227,0.178,0.408,36.1244,-17.5185,0.2,0.0,0.0,0.0,0.1991,-0.1201,-0.5772,0.6223,-0.0585,1,1,2,0.974,0.586,0.414,0,0,0.0,4,TERMINAL_PRESS,-0.0104,0.0312,-0.1558,0.0856
2727,61.124,35.9684,-17.4323,0.5643,-0.0104,0.0289,-0.1369,0.224,0.178,0.406,36.1244,-17.5185,0.2,0.0,0.0,0.0,0.1993,-0.1199,-0.5773,0.6224,-0.0956,1,1,2,0.975,0.59,0.41,0,0,0.0,4,TERMINAL_PRESS,-0.0104,0.0289,-0.156,0.0862
2728,61.136,35.9682,-17.4317,0.5616,-0.0113,0.0277,-0.1369,0.221,0.179,0.403,36.1244,-17.5185,0.2,0.0,0.0,0.0,0.1999,-0.12,-0.5773,0.6227,-0.0542,1,1,2,0.975,0.586,0.414,0,0,0.0,4,TERMINAL_PRESS,-0.0113,0.0277,-0.1562,0.0868
2729,61.148,35.968,-17.4312,0.5589,-0.0115,0.0247,-0.1369,0.218,0.179,0.401,36.1244,-17.5185,0.2,0.0,0.0,0.0,0.2003,-0.1194,-0.5773,0.6226,-0.0911,1,1,2,0.976,0.588,0.412,0,0,0.0,4,TERMINAL_PRESS,-0.0115,0.0247,-0.1564,0.0873
2730,61.161,35.9677,-17.4308,0.5561,-0.0129,0.0231,-0.137,0.216,0.18,0.399,36.1244,-17.5185,0.2,0.0,0.0,0.0,0.2012,-0.1193,-0.5771,0.6228,-0.0536,1,1,2,0.976,0.585,0.415,0,0,0.0,4,TERMINAL_PRESS,-0.0129,0.0231,-0.1567,0.0877
2731,61.173,35.9674,-17.4304,0.5534,-0.0139,0.0201,-0.137,0.213,0.18,0.397,36.1244,-17.5185,0.2,0.0,0.0,0.0,0.202,-0.1186,-0.5772,0.6229,-0.0902,1,1,2,0.976,0.589,0.411,0,0,0.0,4,SETTLE_PHASE,-0.0139,0.0201,-0.157,0.0881
2732,61.185,35.9671,-17.43,0.5514,-0.0156,0.0182,-0.1003,0.211,0.18,0.395,36.1244,-17.5185,0.2,0.0,0.0,0.0,0.2031,-0.1182,-0.6395,0.6813,-0.057,1,1,2,0.976,0.594,0.406,0,0,0.0,4,SETTLE_PHASE,-0.0156,0.0182,-0.1573,0.0885
2733,61.197,35.9668,-17.4297,0.5498,-0.016,0.0147,-0.0769,0.209,0.181,0.394,36.1244,-17.5185,0.2,0.0,0.0,0.0,0.2037,-0.1171,-0.6793,0.7188,-0.0886,1,1,2,0.976,0.586,0.414,0,0,0.0,4,SETTLE_PHASE,-0.016,0.0147,-0.1576,0.0888
2734,61.21,35.9665,-17.4295,0.5486,-0.0145,0.0126,-0.0621,0.208,0.181,0.393,36.1244,-17.5185,0.2,0.0,0.0,0.0,0.2034,-0.1166,-0.7045,0.7425,-0.0615,1,1,2,0.976,0.589,0.411,0,0,0.0,4,SETTLE_PHASE,-0.0145,0.0126,-0.1579,0.089
2735,61.222,35.9663,-17.4293,0.5475,-0.0122,0.0092,-0.0525,0.207,0.182,0.392,36.1244,-17.5185,0.2,0.0,0.0,0.0,0.2028,-0.1154,-0.7207,0.7575,-0.0861,1,1,2,0.976,0.587,0.413,0,0,0.0,4,SETTLE_PHASE,-0.0122,0.0092,-0.1581,0.0892
2736,61.234,35.9661,-17.4291,0.5466,-0.0074,0.0066,-0.0467,0.206,0.182,0.391,36.1244,-17.5185,0.2,0.0,0.0,0.0,0.2009,-0.1144,-0.7307,0.7664,-0.0639,1,1,2,0.976,0.591,0.409,0,0,0.0,4,SETTLE_PHASE,-0.0074,0.0066,-0.1583,0.0894
2737,61.246,35.9661,-17.4291,0.5458,-0.0034,0.003,-0.0429,0.205,0.182,0.391,36.1244,-17.5185,0.2,0.0,0.0,0.0,0.1994,-0.113,-0.7371,0.7719,-0.0889,1,1,2,0.976,0.59,0.41,0,0,0.0,4,SETTLE_PHASE,-0.0034,0.003,-0.1583,0.0894
2738,61.259,35.9661,-17.4291,0.5449,0.0026,0.0,-0.0406,0.204,0.182,0.39,36.1244,-17.5185,0.2,0.0,0.0,0.0,0.1968,-0.1118,-0.741,0.7748,-0.0667,1,1,2,0.976,0.592,0.408,0,0,0.0,4,SETTLE_PHASE,0.0026,0.0,-0.1583,0.0894
2739,61.271,35.9663,-17.4292,0.5442,0.0075,-0.0041,-0.0392,0.204,0.182,0.389,36.1244,-17.5185,0.2,0.0,0.0,0.0,0.1945,-0.11,-0.7434,0.7763,-0.0919,1,1,2,0.976,0.59,0.41,0,0,0.0,4,SETTLE_PHASE,0.0075,-0.0041,-0.1581,0.0893
2740,61.287,35.9665,-17.4293,0.5434,0.0141,-0.0078,-0.0383,0.203,0.181,0.388,36.1244,-17.5185,0.2,0.0,0.0,0.0,0.1915,-0.1082,-0.7448,0.7766,-0.0696,1,1,2,0.976,0.591,0.409,0,0,0.0,4,SETTLE_PHASE,0.0141,-0.0078,-0.1579,0.0892
2741,61.3,35.9669,-17.4296,0.5426,0.0191,-0.0127,-0.0378,0.202,0.181,0.387,36.1244,-17.5185,0.2,0.0,0.0,0.0,0.1889,-0.1059,-0.7457,0.7765,-0.0941,1,1,2,0.976,0.588,0.412,0,0,0.0,4,SETTLE_PHASE,0.0191,-0.0127,-0.1575,0.0889
2742,61.313,35.9674,-17.4299,0.5419,0.0254,-0.0173,-0.0376,0.201,0.18,0.386,36.1244,-17.5185,0.2,0.0,0.0,0.0,0.1856,-0.1035,-0.746,0.7757,-0.0718,1,1,2,0.976,0.59,0.41,0,0,0.0,4,SETTLE_PHASE,0.0254,-0.0173,-0.157,0.0886
2743,61.325,35.968,-17.4304,0.5411,0.0298,-0.0233,-0.0377,0.201,0.179,0.385,36.1244,-17.5185,0.2,0.0,0.0,0.0,0.183,-0.1004,-0.746,0.7746,-0.0742,1,1,2,0.976,0.588,0.412,0,0,0.0,4,SETTLE_PHASE,0.0298,-0.0233,-0.1564,0.0881
2744,61.337,35.9687,-17.431,0.5406,0.0354,-0.0293,-0.0275,0.2,0.179,0.385,36.1244,-17.5185,0.2,0.0,0.0,0.0,0.1798,-0.0972,-0.7633,0.7902,-0.0491,1,1,2,0.976,0.588,0.412,0,0,0.0,4,SETTLE_PHASE,0.0354,-0.0293,-0.1557,0.0875
2745,61.35,35.9695,-17.4317,0.5402,0.0393,-0.0348,-0.0203,0.2,0.178,0.384,36.1244,-17.5185,0.2,0.0,0.0,0.0,0.1772,-0.094,-0.7755,0.801,-0.0777,1,1,2,0.976,0.589,0.411,0,0,0.0,4,SETTLE_PHASE,0.0393,-0.0348,-0.1549,0.0868
2746,61.362,35.9704,-17.4324,0.5399,0.0433,-0.0377,-0.0156,0.199,0.176,0.383,36.1244,-17.5185,0.2,0.0,0.0,0.0,0.1744,-0.0918,-0.7835,0.8079,-0.0571,1,1,2,0.976,0.591,0.409,0,0,0.0,4,SETTLE_PHASE,0.0433,-0.0377,-0.154,0.0861
2747,61.373,35.9713,-17.4332,0.5396,0.0442,-0.0401,-0.0126,0.199,0.175,0.382,36.1244,-17.5185,0.2,0.0,0.0,0.0,0.1729,-0.0898,-0.7885,0.8122,-0.0884,1,1,2,0.976,0.588,0.412,0,0,0.0,4,SETTLE_PHASE,0.0442,-0.0401,-0.1531,0.0853
2748,61.385,35.9722,-17.434,0.5394,0.0448,-0.0402,-0.0106,0.199,0.174,0.381,36.1244,-17.5185,0.2,0.0,0.0,0.0,0.1715,-0.0888,-0.792,0.8153,-0.0678,1,1,2,0.976,0.589,0.411,0,0,0.0,4,SETTLE_PHASE,0.0448,-0.0402,-0.1522,0.0845
2749,61.397,35.973,-17.4348,0.5392,0.043,-0.0401,-0.0099,0.199,0.173,0.381,36.1244,-17.5185,0.2,0.0,0.0,0.0,0.1712,-0.0878,-0.7932,0.8162,-0.0894,1,1,2,0.976,0.585,0.415,0,0,0.0,4,SETTLE_PHASE,0.043,-0.0401,-0.1514,0.0837
2750,61.409,35.9739,-17.4356,0.539,0.0418,-0.0382,-0.0087,0.199,0.172,0.38,36.1244,-17.5185,0.2,0.0,0.0,0.0,0.1707,-0.0876,-0.7951,0.818,-0.0629,1,1,2,0.976,0.586,0.414,0,0,0.0,4,SETTLE_PHASE,0.0418,-0.0382,-0.1505,0.0829
2751,61.421,35.9746,-17.4363,0.5389,0.0381,-0.0363,-0.0082,0.198,0.171,0.379,36.1244,-17.5185,0.2,0.0,0.0,0.0,0.1713,-0.0875,-0.7961,0.819,-0.0872,1,1,2,0.976,0.584,0.416,0,0,0.0,4,SETTLE_PHASE,0.0381,-0.0363,-0.1498,0.0822
2752,61.433,35.9753,-17.437,0.5387,0.0348,-0.0325,-0.0077,0.198,0.17,0.379,36.1244,-17.5185,0.2,0.0,0.0,0.0,0.1718,-0.0883,-0.7969,0.8199,-0.0618,1,1,2,0.976,0.59,0.41,0,0,0.0,4,SETTLE_PHASE,0.0348,-0.0325,-0.1491,0.0815
2753,61.445,35.9759,-17.4376,0.5386,0.0296,-0.0291,-0.0075,0.198,0.169,0.378,36.1244,-17.5185,0.2,0.0,0.0,0.0,0.1732,-0.089,-0.7973,0.8207,-0.0833,1,1,2,0.975,0.586,0.414,0,0,0.0,4,SETTLE_PHASE,0.0296,-0.0291,-0.1485,0.0809
2754,61.458,35.9764,-17.438,0.5384,0.0256,-0.0242,-0.008,0.198,0.168,0.378,36.1244,-17.5185,0.2,0.0,0.0,0.0,0.1742,-0.0904,-0.7964,0.8202,-0.0606,1,1,2,0.975,0.588,0.412,0,0,0.0,4,SETTLE_PHASE,0.0256,-0.0242,-0.148,0.0805
2755,61.47,35.9768,-17.4384,0.5382,0.0193,-0.0197,-0.008,0.198,0.168,0.378,36.1244,-17.5185,0.2,0.0,0.0,0.0,0.1764,-0.0918,-0.7964,0.8209,-0.09,1,1,2,0.975,0.584,0.416,0,0,0.0,4,SETTLE_PHASE,0.0193,-0.0197,-0.1476,0.0801
2756,61.482,35.9771,-17.4387,0.5381,0.0138,-0.0138,-0.0079,0.198,0.168,0.377,36.1244,-17.5185,0.2,0.0,0.0,0.0,0.1783,-0.094,-0.7966,0.8217,-0.068,1,1,2,0.976,0.591,0.409,0,0,0.0,4,SETTLE_PHASE,0.0138,-0.0138,-0.1473,0.0798
2757,61.494,35.9772,-17.4389,0.5379,0.008,-0.0089,-0.0078,0.197,0.167,0.377,36.1244,-17.5185,0.2,0.0,0.0,0.0,0.1806,-0.0958,-0.7968,0.8226,-0.0929,1,1,2,0.976,0.585,0.415,0,0,0.0,4,SETTLE_PHASE,0.008,-0.0089,-0.1472,0.0796
2758,61.506,35.9773,-17.4389,0.5378,0.0043,-0.0031,-0.0077,0.197,0.167,0.377,36.1244,-17.5185,0.2,0.0,0.0,0.0,0.182,-0.0981,-0.7969,0.8233,-0.0716,1,1,2,0.976,0.588,0.412,0,0,0.0,4,SETTLE_PHASE,0.0043,-0.0031,-0.1471,0.0796
2759,61.518,35.9773,-17.4389,0.5376,-0.0003,0.0016,-0.0077,0.197,0.167,0.377,36.1244,-17.5185,0.2,0.0,0.0,0.0,0.184,-0.1002,-0.7969,0.824,-0.0972,1,1,2,0.976,0.586,0.414,0,0,0.0,4,SETTLE_PHASE,-0.0003,0.0016,-0.1471,0.0796
2760,61.53,35.9773,-17.4388,0.5375,-0.0031,0.007,-0.0077,0.197,0.167,0.377,36.1244,-17.5185,0.2,0.0,0.0,0.0,0.1852,-0.1026,-0.7969,0.8246,-0.0759,1,1,2,0.976,0.587,0.413,0,0,0.0,4,SETTLE_PHASE,-0.0031,0.007,-0.1471,0.0797
2761,61.542,35.9771,-17.4385,0.5373,-0.0073,0.0112,-0.0081,0.197,0.168,0.377,36.1244,-17.5185,0.2,0.0,0.0,0.0,0.1872,-0.1046,-0.7962,0.8246,-0.1007,1,1,2,0.976,0.586,0.414,0,0,0.0,4,SETTLE_PHASE,-0.0073,0.0112,-0.1473,0.08
2762,61.554,35.9769,-17.4382,0.5371,-0.01,0.016,-0.008,0.197,0.168,0.377,36.1244,-17.5185,0.2,0.0,0.0,0.0,0.1886,-0.107,-0.7964,0.8254,-0.078,1,1,2,0.976,0.587,0.413,0,0,0.0,4,TERMINAL_PRESS,-0.01,0.016,-0.1475,0.0803
2763,61.566,35.9767,-17.4379,0.536,-0.0133,0.0186,-0.0562,0.196,0.168,0.376,36.1244,-17.5185,0.2,0.0,0.0,0.0,0.1903,-0.1086,-0.7145,0.7473,-0.1034,1,1,2,0.976,0.587,0.413,0,0,0.0,4,TERMINAL_PRESS,-0.0133,0.0186,-0.1478,0.0806
2764,61.578,35.9763,-17.4374,0.5343,-0.016,0.0218,-0.0864,0.194,0.169,0.374,36.1244,-17.5185,0.2,0.0,0.0,0.0,0.1918,-0.1105,-0.6631,0.6991,-0.0786,1,1,2,0.976,0.588,0.412,0,0,0.0,4,TERMINAL_PRESS,-0.016,0.0218,-0.1481,0.0811
2765,61.59,35.976,-17.4369,0.5322,-0.0186,0.0238,-0.1053,0.192,0.169,0.373,36.1244,-17.5185,0.2,0.0,0.0,0.0,0.1934,-0.1119,-0.6311,0.6695,-0.1023,1,1,2,0.976,0.588,0.412,0,0,0.0,4,TERMINAL_PRESS,-0.0186,0.0238,-0.1484,0.0816
2766,61.603,35.9756,-17.4364,0.5298,-0.0198,0.0262,-0.1171,0.189,0.17,0.371,36.1244,-17.5185,0.2,0.0,0.0,0.0,0.1944,-0.1136,-0.611,0.6511,-0.0802,1,1,2,0.976,0.591,0.409,0,0,0.0,4,TERMINAL_PRESS,-0.0198,0.0262,-0.1488,0.0821
2767,61.615,35.9751,-17.4359,0.5274,-0.0223,0.0272,-0.1246,0.187,0.171,0.369,36.1244,-17.5185,0.2,0.0,0.0,0.0,0.196,-0.1147,-0.5982,0.6399,-0.106,1,1,2,0.976,0.588,0.412,0,0,0.0,4,TERMINAL_PRESS,-0.0223,0.0272,-0.1493,0.0826
2768,61.629,35.9747,-17.4353,0.5248,-0.0235,0.0284,-0.1292,0.184,0.171,0.367,36.1244,-17.5185,0.2,0.0,0.0,0.0,0.197,-0.1159,-0.5904,0.6331,-0.0837,1,1,2,0.976,0.593,0.407,0,0,0.0,4,TERMINAL_PRESS,-0.0235,0.0284,-0.1498,0.0832
2769,61.643,35.9741,-17.4348,0.5221,-0.0259,0.0279,-0.1322,0.182,0.172,0.365,36.1244,-17.5185,0.2,0.0,0.0,0.0,0.1987,-0.1164,-0.5853,0.629,-0.1082,1,1,2,0.976,0.589,0.411,0,0,0.0,4,TERMINAL_PRESS,-0.0259,0.0279,-0.1503,0.0838
2770,61.658,35.9736,-17.4342,0.5194,-0.0269,0.0274,-0.1339,0.179,0.173,0.363,36.1244,-17.5185,0.2,0.0,0.0,0.0,0.1998,-0.1168,-0.5823,0.6266,-0.0854,1,1,2,0.976,0.593,0.407,0,0,0.0,4,TERMINAL_PRESS,-0.0269,0.0274,-0.1508,0.0843
2771,61.672,35.973,-17.4337,0.5167,-0.0294,0.0249,-0.1354,0.176,0.174,0.361,36.1244,-17.5185,0.2,0.0,0.0,0.0,0.2016,-0.1164,-0.5798,0.6247,-0.0854,1,1,2,0.976,0.591,0.409,0,0,0.0,4,TERMINAL_PRESS,-0.0294,0.0249,-0.1514,0.0848
2772,61.685,35.9724,-17.4333,0.514,-0.0309,0.0222,-0.1361,0.174,0.174,0.359,36.1244,-17.5185,0.2,0.0,0.0,0.0,0.2029,-0.1158,-0.5786,0.624,-0.0786,1,1,2,0.976,0.596,0.404,0,0,0.0,4,TERMINAL_PRESS,-0.0309,0.0222,-0.152,0.0852
2773,61.699,35.9717,-17.4329,0.5113,-0.0327,0.0194,-0.1364,0.171,0.175,0.357,36.1244,-17.5185,0.2,0.0,0.0,0.0,0.2045,-0.1151,-0.5781,0.6239,-0.1025,1,1,2,0.976,0.595,0.405,0,0,0.0,4,TERMINAL_PRESS,-0.0327,0.0194,-0.1527,0.0856
2774,61.713,35.9711,-17.4325,0.5086,-0.0324,0.0168,-0.1366,0.168,0.176,0.355,36.1244,-17.5185,0.2,0.0,0.0,0.0,0.2052,-0.1145,-0.5778,0.6237,-0.0792,1,1,2,0.977,0.59,0.41,0,0,0.0,4,TERMINAL_PRESS,-0.0324,0.0168,-0.1533,0.086
2775,61.727,35.9704,-17.4323,0.5058,-0.0331,0.0127,-0.1369,0.165,0.176,0.353,36.1244,-17.5185,0.2,0.0,0.0,0.0,0.2063,-0.1131,-0.5773,0.6234,-0.0837,1,1,2,0.977,0.588,0.412,0,0,0.0,4,TERMINAL_PRESS,-0.0331,0.0127,-0.154,0.0862
2776,61.739,35.9698,-17.4321,0.5031,-0.0321,0.0086,-0.1369,0.163,0.177,0.351,36.1244,-17.5185,0.2,0.0,0.0,0.0,0.2067,-0.1116,-0.5773,0.6232,-0.0602,1,1,2,0.978,0.589,0.411,0,0,0.0,4,TERMINAL_PRESS,-0.0321,0.0086,-0.1546,0.0864
2777,61.753,35.9692,-17.432,0.5003,-0.032,0.0045,-0.1369,0.16,0.178,0.349,36.1244,-17.5185,0.2,0.0,0.0,0.0,0.2074,-0.11,-0.5773,0.6232,-0.084,1,1,2,0.978,0.591,0.409,0,0,0.0,4,TERMINAL_PRESS,-0.032,0.0045,-0.1553,0.0865
2778,61.766,35.9686,-17.432,0.4976,-0.0299,0.0018,-0.1369,0.157,0.178,0.347,36.1244,-17.5185,0.2,0.0,0.0,0.0,0.2073,-0.1089,-0.5773,0.6229,-0.0604,1,1,2,0.978,0.591,0.409,0,0,0.0,4,TERMINAL_PRESS,-0.0299,0.0018,-0.1559,0.0865
2779,61.78,35.968,-17.432,0.4949,-0.0292,-0.0011,-0.1369,0.154,0.179,0.345,36.1244,-17.5185,0.2,0.0,0.0,0.0,0.2077,-0.1076,-0.5773,0.6229,-0.0842,1,1,2,0.978,0.595,0.405,0,0,0.0,4,TERMINAL_PRESS,-0.0292,-0.0011,-0.1564,0.0865
2780,61.793,35.9674,-17.4321,0.4921,-0.0269,-0.0027,-0.1369,0.152,0.179,0.343,36.1244,-17.5185,0.2,0.0,0.0,0.0,0.2075,-0.1069,-0.5773,0.6227,-0.0606,1,1,2,0.978,0.591,0.409,0,0,0.0,4,TERMINAL_PRESS,-0.0269,-0.0027,-0.157,0.0864
2781,61.806,35.9669,-17.4322,0.4894,-0.0264,-0.0048,-0.1369,0.149,0.18,0.341,36.1244,-17.5185,0.2,0.0,0.0,0.0,0.2079,-0.1059,-0.5772,0.6226,-0.0856,1,1,2,0.978,0.601,0.399,0,0,0.0,4,TERMINAL_PRESS,-0.0264,-0.0048,-0.1575,0.0863
2782,61.819,35.9664,-17.4323,0.4867,-0.0247,-0.0056,-0.1369,0.146,0.18,0.338,36.1244,-17.5185,0.2,0.0,0.0,0.0,0.2078,-0.1054,-0.5772,0.6225,-0.0623,1,1,2,0.978,0.595,0.405,0,0,0.0,4,TERMINAL_PRESS,-0.0247,-0.0056,-0.158,0.0862
2783,61.833,35.9659,-17.4324,0.4839,-0.0246,-0.0071,-0.1369,0.143,0.18,0.336,36.1244,-17.5185,0.2,0.0,0.0,0.0,0.2084,-0.1046,-0.5773,0.6226,-0.0862,1,1,2,0.978,0.602,0.398,0,0,0.0,4,SETTLE_PHASE,-0.0246,-0.0071,-0.1585,0.0861
2784,61.848,35.9655,-17.4326,0.4819,-0.0232,-0.0078,-0.0999,0.141,0.181,0.335,36.1244,-17.5185,0.2,0.0,0.0,0.0,0.2084,-0.1041,-0.6402,0.6813,-0.0607,1,1,2,0.978,0.599,0.401,0,0,0.0,4,SETTLE_PHASE,-0.0232,-0.0078,-0.159,0.0859
2785,61.864,35.965,-17.4328,0.4804,-0.024,-0.0094,-0.0766,0.14,0.181,0.334,36.1244,-17.5185,0.2,0.0,0.0,0.0,0.2093,-0.1032,-0.6799,0.7188,-0.0987,1,1,2,0.978,0.593,0.407,0,0,0.0,4,SETTLE_PHASE,-0.024,-0.0094,-0.1594,0.0857
2786,61.878,35.9645,-17.433,0.4792,-0.0235,-0.0099,-0.0617,0.139,0.181,0.333,36.1244,-17.5185,0.2,0.0,0.0,0.0,0.2097,-0.1028,-0.7051,0.7428,-0.0552,1,1,2,0.978,0.596,0.404,0,0,0.0,4,SETTLE_PHASE,-0.0235,-0.0099,-0.1599,0.0855
2787,61.892,35.9641,-17.4332,0.4781,-0.0201,-0.0125,-0.0524,0.138,0.182,0.332,36.1244,-17.5185,0.2,0.0,0.0,0.0,0.2088,-0.1014,-0.721,0.7574,-0.0925,1,1,2,0.978,0.599,0.401,0,0,0.0,4,SETTLE_PHASE,-0.0201,-0.0125,-0.1603,0.0853
2788,61.905,35.9638,-17.4335,0.4772,-0.0159,-0.0138,-0.0464,0.137,0.182,0.331,36.1244,-17.5185,0.2,0.0,0.0,0.0,0.2074,-0.1005,-0.7311,0.7666,-0.0489,1,1,2,0.978,0.599,0.401,0,0,0.0,4,SETTLE_PHASE,-0.0159,-0.0138,-0.1606,0.085
2789,61.917,35.9636,-17.4338,0.4763,-0.0091,-0.0168,-0.0429,0.136,0.182,0.331,36.1244,-17.5185,0.2,0.0,0.0,0.0,0.2048,-0.0988,-0.7371,0.7714,-0.0842,1,1,2,0.978,0.6,0.4,0,0,0.0,4,SETTLE_PHASE,-0.0091,-0.0168,-0.1608,0.0847
2790,61.929,35.9636,-17.4342,0.4755,-0.0018,-0.0182,-0.0406,0.135,0.182,0.33,36.1244,-17.5185,0.2,0.0,0.0,0.0,0.2018,-0.0978,-0.741,0.7741,-0.0406,1,1,2,0.978,0.598,0.402,0,0,0.0,4,SETTLE_PHASE,-0.0018,-0.0182,-0.1608,0.0843
2791,61.942,35.9637,-17.4346,0.4747,0.0071,-0.0209,-0.0393,0.134,0.181,0.329,36.1244,-17.5185,0.2,0.0,0.0,0.0,0.1979,-0.0962,-0.7432,0.7751,-0.0782,1,1,2,0.978,0.599,0.401,0,0,0.0,4,SETTLE_PHASE,0.0071,-0.0209,-0.1607,0.0839
2792,61.954,35.964,-17.435,0.4739,0.0155,-0.0214,-0.0392,0.133,0.181,0.328,36.1244,-17.5185,0.2,0.0,0.0,0.0,0.194,-0.0954,-0.7433,0.7741,-0.0499,1,1,2,0.978,0.598,0.402,0,0,0.0,4,SETTLE_PHASE,0.0155,-0.0214,-0.1604,0.0835
2793,61.966,35.9645,-17.4355,0.4732,0.0252,-0.0229,-0.0386,0.133,0.18,0.327,36.1244,-17.5185,0.2,0.0,0.0,0.0,0.1893,-0.0942,-0.7444,0.7739,-0.0917,1,1,2,0.978,0.595,0.405,0,0,0.0,4,SETTLE_PHASE,0.0252,-0.0229,-0.1599,0.083
2794,61.979,35.9652,-17.4359,0.4724,0.0341,-0.0228,-0.0382,0.132,0.179,0.326,36.1244,-17.5185,0.2,0.0,0.0,0.0,0.1847,-0.0937,-0.7451,0.7733,-0.0523,1,1,2,0.978,0.595,0.405,0,0,0.0,4,SETTLE_PHASE,0.0341,-0.0228,-0.1592,0.0826
2795,61.991,35.9661,-17.4364,0.4719,0.0445,-0.0241,-0.0274,0.131,0.178,0.325,36.1244,-17.5185,0.2,0.0,0.0,0.0,0.1793,-0.0925,-0.7634,0.7896,-0.0844,1,1,2,0.978,0.595,0.405,0,0,0.0,4,SETTLE_PHASE,0.0445,-0.0241,-0.1583,0.0821
2796,62.003,35.9672,-17.4369,0.4714,0.0537,-0.0235,-0.0203,0.131,0.177,0.324,36.1244,-17.5185,0.2,0.0,0.0,0.0,0.1741,-0.0922,-0.7754,0.8001,-0.0627,1,1,2,0.978,0.597,0.403,0,0,0.0,4,SETTLE_PHASE,0.0537,-0.0235,-0.1572,0.0816
2797,62.014,35.9683,-17.4374,0.4711,0.0586,-0.0232,-0.0165,0.131,0.176,0.323,36.1244,-17.5185,0.2,0.0,0.0,0.0,0.1706,-0.0917,-0.782,0.8056,-0.0935,1,1,2,0.978,0.594,0.406,0,0,0.0,4,SETTLE_PHASE,0.0586,-0.0232,-0.1561,0.0811
2798,62.026,35.9696,-17.4378,0.4709,0.0624,-0.0213,-0.0131,0.13,0.175,0.322,36.1244,-17.5185,0.2,0.0,0.0,0.0,0.1674,-0.092,-0.7877,0.8105,-0.0694,1,1,2,0.978,0.599,0.401,0,0,0.0,4,SETTLE_PHASE,0.0624,-0.0213,-0.1548,0.0807
2799,62.037,35.9709,-17.4382,0.4706,0.0637,-0.0202,-0.011,0.13,0.173,0.321,36.1244,-17.5185,0.2,0.0,0.0,0.0,0.1653,-0.0919,-0.7913,0.8136,-0.0968,1,1,2,0.978,0.598,0.402,0,0,0.0,4,SETTLE_PHASE,0.0637,-0.0202,-0.1535,0.0803
2800,62.049,35.9722,-17.4386,0.4704,0.0653,-0.018,-0.0095,0.13,0.172,0.32,36.1244,-17.5185,0.2,0.0,0.0,0.0,0.163,-0.0924,-0.7938,0.8156,-0.0734,1,1,2,0.978,0.598,0.402,0,0,0.0,4,SETTLE_PHASE,0.0653,-0.018,-0.1522,0.0799
2801,62.061,35.9734,-17.4389,0.4703,0.064,-0.0168,-0.009,0.13,0.171,0.32,36.1244,-17.5185,0.2,0.0,0.0,0.0,0.1619,-0.0925,-0.7948,0.8163,-0.0989,1,1,2,0.978,0.594,0.406,0,0,0.0,4,SETTLE_PHASE,0.064,-0.0168,-0.151,0.0796
2802,62.072,35.9747,-17.4392,0.4701,0.0627,-0.0147,-0.0081,0.13,0.169,0.319,36.1244,-17.5185,0.2,0.0,0.0,0.0,0.1609,-0.093,-0.7962,0.8176,-0.0747,1,1,2,0.978,0.593,0.407,0,0,0.0,4,SETTLE_PHASE,0.0627,-0.0147,-0.1497,0.0793
2803,62.084,35.9759,-17.4395,0.4699,0.0582,-0.0136,-0.0078,0.129,0.168,0.318,36.1244,-17.5185,0.2,0.0,0.0,0.0,0.1613,-0.0931,-0.7967,0.8182,-0.1043,1,1,2,0.978,0.594,0.406,0,0,0.0,4,SETTLE_PHASE,0.0582,-0.0136,-0.1485,0.079
2804,62.095,35.9769,-17.4397,0.4698,0.0533,-0.0118,-0.0075,0.129,0.167,0.317,36.1244,-17.5185,0.2,0.0,0.0,0.0,0.162,-0.0936,-0.7972,0.8189,-0.0802,1,1,2,0.978,0.594,0.406,0,0,0.0,4,SETTLE_PHASE,0.0533,-0.0118,-0.1475,0.0788
2805,62.107,35.9779,-17.4399,0.4696,0.047,-0.0115,-0.0074,0.129,0.166,0.317,36.1244,-17.5185,0.2,0.0,0.0,0.0,0.1634,-0.0934,-0.7973,0.8192,-0.0943,1,1,2,0.978,0.593,0.407,0,0,0.0,4,SETTLE_PHASE,0.047,-0.0115,-0.1465,0.0786
2806,62.119,35.9787,-17.4401,0.4695,0.042,-0.011,-0.0073,0.129,0.165,0.316,36.1244,-17.5185,0.2,0.0,0.0,0.0,0.1645,-0.0933,-0.7976,0.8197,-0.0713,1,1,2,0.978,0.593,0.407,0,0,0.0,4,SETTLE_PHASE,0.042,-0.011,-0.1457,0.0784
2807,62.131,35.9794,-17.4404,0.4694,0.0352,-0.0112,-0.0073,0.129,0.165,0.316,36.1244,-17.5185,0.2,0.0,0.0,0.0,0.1665,-0.0929,-0.7976,0.8201,-0.0954,1,1,2,0.978,0.591,0.409,0,0,0.0,4,SETTLE_PHASE,0.0352,-0.0112,-0.145,0.0781
2808,62.143,35.98,-17.4406,0.4692,0.0294,-0.0106,-0.0073,0.129,0.164,0.315,36.1244,-17.5185,0.2,0.0,0.0,0.0,0.1682,-0.093,-0.7976,0.8205,-0.0726,1,1,2,0.978,0.592,0.408,0,0,0.0,4,SETTLE_PHASE,0.0294,-0.0106,-0.1444,0.0779
2809,62.155,35.9804,-17.4408,0.4691,0.0215,-0.0108,-0.0075,0.129,0.164,0.315,36.1244,-17.5185,0.2,0.0,0.0,0.0,0.1709,-0.0926,-0.7972,0.8205,-0.1002,1,1,2,0.978,0.591,0.409,0,0,0.0,4,SETTLE_PHASE,0.0215,-0.0108,-0.144,0.0777
2810,62.168,35.9807,-17.441,0.4689,0.0142,-0.0103,-0.0076,0.128,0.163,0.315,36.1244,-17.5185,0.2,0.0,0.0,0.0,0.1736,-0.0925,-0.7971,0.821,-0.0775,1,1,2,0.978,0.594,0.406,0,0,0.0,4,SETTLE_PHASE,0.0142,-0.0103,-0.1437,0.0775
2811,62.18,35.9808,-17.4412,0.4688,0.0065,-0.0113,-0.0077,0.128,0.163,0.314,36.1244,-17.5185,0.2,0.0,0.0,0.0,0.1767,-0.0919,-0.7969,0.8214,-0.0882,1,1,2,0.978,0.593,0.407,0,0,0.0,4,SETTLE_PHASE,0.0065,-0.0113,-0.1436,0.0773
2812,62.192,35.9809,-17.4415,0.4686,0.0011,-0.0119,-0.0077,0.128,0.163,0.314,36.1244,-17.5185,0.2,0.0,0.0,0.0,0.179,-0.0913,-0.7969,0.8219,-0.0653,1,1,2,0.978,0.595,0.405,0,0,0.0,4,SETTLE_PHASE,0.0011,-0.0119,-0.1435,0.077
2813,62.205,35.9808,-17.4417,0.4684,-0.0048,-0.0131,-0.0076,0.128,0.163,0.314,36.1244,-17.5185,0.2,0.0,0.0,0.0,0.1816,-0.0905,-0.797,0.8225,-0.0886,1,1,2,0.978,0.593,0.407,0,0,0.0,4,TERMINAL_PRESS,-0.0048,-0.0131,-0.1436,0.0768
2814,62.217,35.9806,-17.442,0.4673,-0.0076,-0.0131,-0.0557,0.127,0.163,0.313,36.1244,-17.5185,0.2,0.0,0.0,0.0,0.183,-0.0901,-0.7153,0.7438,-0.0688,1,1,2,0.978,0.596,0.404,0,0,0.0,4,TERMINAL_PRESS,-0.0076,-0.0131,-0.1438,0.0765
2815,62.232,35.9804,-17.4423,0.4656,-0.0116,-0.0138,-0.086,0.125,0.163,0.312,36.1244,-17.5185,0.2,0.0,0.0,0.0,0.1849,-0.0895,-0.6639,0.6949,-0.0891,1,1,2,0.978,0.594,0.406,0,0,0.0,4,TERMINAL_PRESS,-0.0116,-0.0138,-0.144,0.0762
2816,62.247,35.9801,-17.4425,0.4635,-0.0144,-0.0138,-0.105,0.123,0.163,0.31,36.1244,-17.5185,0.2,0.0,0.0,0.0,0.1865,-0.0891,-0.6315,0.6645,-0.0673,1,1,2,0.978,0.597,0.403,0,0,0.0,4,TERMINAL_PRESS,-0.0144,-0.0138,-0.1443,0.076
2817,62.262,35.9797,-17.4428,0.4612,-0.0188,-0.0146,-0.1171,0.121,0.163,0.308,36.1244,-17.5185,0.2,0.0,0.0,0.0,0.1888,-0.0884,-0.6109,0.6455,-0.0894,1,1,2,0.978,0.595,0.405,0,0,0.0,4,TERMINAL_PRESS,-0.0188,-0.0146,-0.1447,0.0757
2818,62.276,35.9793,-17.4431,0.4587,-0.022,-0.0147,-0.1246,0.118,0.164,0.306,36.1244,-17.5185,0.2,0.0,0.0,0.0,0.1907,-0.088,-0.5982,0.634,-0.0668,1,1,2,0.978,0.598,0.402,0,0,0.0,4,TERMINAL_PRESS,-0.022,-0.0147,-0.1451,0.0754
2819,62.29,35.9788,-17.4434,0.4561,-0.0258,-0.0157,-0.1292,0.116,0.164,0.304,36.1244,-17.5185,0.2,0.0,0.0,0.0,0.1929,-0.0872,-0.5903,0.6271,-0.0906,1,1,2,0.978,0.596,0.404,0,0,0.0,4,TERMINAL_PRESS,-0.0258,-0.0157,-0.1456,0.0751
2820,62.306,35.9782,-17.4438,0.4535,-0.0275,-0.016,-0.1322,0.113,0.164,0.302,36.1244,-17.5185,0.2,0.0,0.0,0.0,0.1943,-0.0867,-0.5853,0.6228,-0.0673,1,1,2,0.978,0.598,0.402,0,0,0.0,4,TERMINAL_PRESS,-0.0275,-0.016,-0.1462,0.0747
2821,62.32,35.9776,-17.4441,0.4508,-0.03,-0.0174,-0.1341,0.11,0.165,0.3,36.1244,-17.5185,0.2,0.0,0.0,0.0,0.1961,-0.0857,-0.5821,0.6202,-0.0807,1,1,2,0.978,0.598,0.402,0,0,0.0,4,TERMINAL_PRESS,-0.03,-0.0174,-0.1468,0.0744
2822,62.334,35.977,-17.4445,0.4481,-0.0308,-0.0183,-0.1352,0.108,0.165,0.298,36.1244,-17.5185,0.2,0.0,0.0,0.0,0.1972,-0.0849,-0.2562,0.3343,-0.057,1,1,2,0.978,0.599,0.401,0,0,0.0,4,TERMINAL_PRESS,-0.0308,-0.0183,-0.1474,0.074
2823,62.347,35.9763,-17.4449,0.4453,-0.0326,-0.0195,-0.1358,0.105,0.165,0.296,36.1244,-17.5185,0.2,0.0,0.0,0.0,0.1988,-0.0838,-0.2551,0.3341,-0.0817,1,1,2,0.978,0.598,0.402,0,0,0.0,4,TERMINAL_PRESS,-0.0326,-0.0195,-0.1481,0.0736
2824,62.359,35.9757,-17.4453,0.4426,-0.0326,-0.0194,-0.1363,0.102,0.166,0.294,36.1244,-17.5185,0.2,0.0,0.0,0.0,0.1996,-0.0834,-0.2544,0.3339,-0.0578,1,1,2,0.978,0.6,0.4,0,0,0.0,4,TERMINAL_PRESS,-0.0326,-0.0194,-0.1487,0.0732
2825,62.371,35.975,-17.4457,0.4399,-0.0341,-0.0199,-0.1366,0.099,0.166,0.292,36.1244,-17.5185,0.2,0.0,0.0,0.0,0.2011,-0.0827,-0.2538,0.3342,-0.0846,1,1,2,0.978,0.599,0.401,0,0,0.0,4,TERMINAL_PRESS,-0.0341,-0.0199,-0.1494,0.0728
2826,62.383,35.9743,-17.446,0.4372,-0.0342,-0.0193,-0.1367,0.097,0.167,0.29,36.1244,-17.5185,0.2,0.0,0.0,0.0,0.202,-0.0825,-0.2536,0.3345,-0.0606,1,1,2,0.979,0.603,0.397,0,0,0.0,4,TERMINAL_PRESS,-0.0342,-0.0193,-0.1501,0.0725
2827,62.396,35.9736,-17.4464,0.4344,-0.0353,-0.0195,-0.1368,0.094,0.167,0.288,36.1244,-17.5185,0.2,0.0,0.0,0.0,0.2033,-0.0819,-0.2535,0.3351,-0.086,1,1,2,0.979,0.601,0.399,0,0,0.0,4,TERMINAL_PRESS,-0.0353,-0.0195,-0.1508,0.0721
2828,62.41,35.9729,-17.4468,0.4317,-0.0347,-0.0188,-0.1368,0.091,0.168,0.286,36.1244,-17.5185,0.2,0.0,0.0,0.0,0.2039,-0.0817,-0.2534,0.3354,-0.0619,1,1,2,0.979,0.599,0.401,0,0,0.0,4,TERMINAL_PRESS,-0.0347,-0.0188,-0.1515,0.0717
2829,62.423,35.9722,-17.4472,0.4289,-0.0355,-0.0192,-0.1369,0.088,0.168,0.284,36.1244,-17.5185,0.2,0.0,0.0,0.0,0.2051,-0.0811,-0.2533,0.3359,-0.0825,1,1,2,0.979,0.601,0.399,0,0,0.0,4,TERMINAL_PRESS,-0.0355,-0.0192,-0.1522,0.0713
2830,62.435,35.9715,-17.4476,0.4262,-0.0349,-0.0189,-0.1369,0.086,0.169,0.282,36.1244,-17.5185,0.2,0.0,0.0,0.0,0.2058,-0.0807,-0.2532,0.3361,-0.0583,1,1,2,0.979,0.604,0.396,0,0,0.0,4,TERMINAL_PRESS,-0.0349,-0.0189,-0.1529,0.0709
2831,62.447,35.9708,-17.448,0.4235,-0.0359,-0.0195,-0.137,0.083,0.169,0.28,36.1244,-17.5185,0.2,0.0,0.0,0.0,0.2071,-0.08,-0.2531,0.3366,-0.0868,1,1,2,0.979,0.601,0.399,0,0,0.0,4,TERMINAL_PRESS,-0.0359,-0.0195,-0.1536,0.0705
2832,62.459,35.9701,-17.4483,0.4207,-0.0357,-0.019,-0.137,0.08,0.17,0.278,36.1244,-17.5185,0.2,0.0,0.0,0.0,0.2079,-0.0797,-0.2531,0.3371,-0.0625,1,1,2,0.979,0.597,0.403,0,0,0.0,4,TERMINAL_PRESS,-0.0357,-0.019,-0.1543,0.0702
2833,62.471,35.9694,-17.4487,0.418,-0.0362,-0.0197,-0.137,0.077,0.17,0.276,36.1244,-17.5185,0.2,0.0,0.0,0.0,0.209,-0.0789,-0.2531,0.3376,-0.0834,1,1,2,0.979,0.602,0.398,0,0,0.0,4,TERMINAL_PRESS,-0.0362,-0.0197,-0.155,0.0698
2834,62.483,35.9687,-17.4491,0.4153,-0.0348,-0.0198,-0.1369,0.075,0.17,0.275,36.1244,-17.5185,0.2,0.0,0.0,0.0,0.2093,-0.0784,-0.2532,0.3377,-0.0588,1,1,2,0.979,0.599,0.401,0,0,0.0,4,TERMINAL_PRESS,-0.0348,-0.0198,-0.1557,0.0694
2835,62.495,35.968,-17.4495,0.4125,-0.0342,-0.0208,-0.1369,0.072,0.171,0.273,36.1244,-17.5185,0.2,0.0,0.0,0.0,0.2099,-0.0775,-0.2533,0.338,-0.0861,1,1,2,0.979,0.595,0.405,0,0,0.0,4,TERMINAL_PRESS,-0.0342,-0.0208,-0.1564,0.069
2836,62.508,35.9673,-17.45,0.4098,-0.032,-0.0208,-0.1369,0.069,0.171,0.271,36.1244,-17.5185,0.2,0.0,0.0,0.0,0.2097,-0.0769,-0.2533,0.3377,-0.0612,1,1,2,0.979,0.599,0.401,0,0,0.0,4,TERMINAL_PRESS,-0.032,-0.0208,-0.1571,0.0685
2837,62.52,35.9667,-17.4504,0.407,-0.0311,-0.022,-0.1375,0.067,0.172,0.269,36.1244,-17.5185,0.2,0.0,0.0,0.0,0.2101,-0.0759,-0.2523,0.337,-0.0783,1,1,2,0.979,0.595,0.405,0,0,0.0,4,TERMINAL_PRESS,-0.0311,-0.022,-0.1577,0.0681
2838,62.532,35.9661,-17.4508,0.4043,-0.0288,-0.0223,-0.1373,0.064,0.172,0.267,36.1244,-17.5185,0.2,0.0,0.0,0.0,0.2099,-0.0752,-0.2526,0.3369,-0.0506,1,1,2,0.979,0.599,0.401,0,0,0.0,4,TERMINAL_PRESS,-0.0288,-0.0223,-0.1583,0.0677
2839,62.545,35.9656,-17.4513,0.4015,-0.028,-0.0233,-0.1371,0.061,0.172,0.265,36.1244,-17.5185,0.2,0.0,0.0,0.0,0.2103,-0.0742,-0.2529,0.3372,-0.0756,1,1,2,0.979,0.604,0.396,0,0,0.0,4,TERMINAL_PRESS,-0.028,-0.0233,-0.1588,0.0672
2840,62.557,35.9651,-17.4518,0.3988,-0.0259,-0.0231,-0.137,0.058,0.173,0.263,36.1244,-17.5185,0.2,0.0,0.0,0.0,0.21,-0.0737,-0.2531,0.337,-0.0484,1,1,2,0.979,0.604,0.396,0,0,0.0,4,TERMINAL_PRESS,-0.0259,-0.0231,-0.1593,0.0667
2841,62.569,35.9646,-17.4522,0.3961,-0.0258,-0.0236,-0.1371,0.056,0.173,0.262,36.1244,-17.5185,0.2,0.0,0.0,0.0,0.2106,-0.0729,-0.253,0.3372,-0.0753,1,1,2,0.979,0.603,0.397,0,0,0.0,4,TERMINAL_PRESS,-0.0258,-0.0236,-0.1599,0.0663
2842,62.581,35.9641,-17.4527,0.3933,-0.0247,-0.0231,-0.137,0.053,0.173,0.26,36.1244,-17.5185,0.2,0.0,0.0,0.0,0.2108,-0.0725,-0.2531,0.3373,-0.0487,1,1,2,0.979,0.601,0.399,0,0,0.0,4,TERMINAL_PRESS,-0.0247,-0.0231,-0.1604,0.0658
2843,62.593,35.9636,-17.4532,0.3906,-0.0247,-0.0238,-0.137,0.05,0.174,0.258,36.1244,-17.5185,0.2,0.0,0.0,0.0,0.2114,-0.0717,-0.2531,0.3375,-0.0668,1,1,2,0.979,0.598,0.402,0,0,0.0,4,TERMINAL_PRESS,-0.0247,-0.0238,-0.1608,0.0653
2844,62.605,35.9631,-17.4537,0.3878,-0.023,-0.0238,-0.137,0.047,0.174,0.256,36.1244,-17.5185,0.2,0.0,0.0,0.0,0.2112,-0.0711,-0.2531,0.3372,-0.0404,1,1,2,0.979,0.601,0.399,0,0,0.0,4,TERMINAL_PRESS,-0.023,-0.0238,-0.1613,0.0648
2845,62.616,35.9627,-17.4542,0.3851,-0.0225,-0.0245,-0.1369,0.045,0.174,0.254,36.1244,-17.5185,0.2,0.0,0.0,0.0,0.2116,-0.0702,-0.2532,0.3374,-0.0652,1,1,2,0.979,0.604,0.396,0,0,0.0,4,TERMINAL_PRESS,-0.0225,-0.0245,-0.1618,0.0643
2846,62.628,35.9622,-17.4546,0.3824,-0.0206,-0.0243,-0.1372,0.042,0.174,0.252,36.1244,-17.5185,0.2,0.0,0.0,0.0,0.2113,-0.0697,-0.2528,0.3368,-0.0399,1,1,2,0.979,0.602,0.398,0,0,0.0,4,TERMINAL_PRESS,-0.0206,-0.0243,-0.1622,0.0639
2847,62.64,35.9618,-17.4551,0.3796,-0.0203,-0.025,-0.1371,0.039,0.174,0.25,36.1244,-17.5185,0.2,0.0,0.0,0.0,0.2117,-0.0688,-0.253,0.337,-0.0635,1,1,2,0.979,0.603,0.397,0,0,0.0,4,TERMINAL_PRESS,-0.0203,-0.025,-0.1626,0.0634
2848,62.652,35.9615,-17.4556,0.3769,-0.0189,-0.0248,-0.137,0.036,0.175,0.249,36.1244,-17.5185,0.2,0.0,0.0,0.0,0.2116,-0.0682,-0.2531,0.3369,-0.0385,1,1,2,0.979,0.603,0.397,0,0,0.0,4,TERMINAL_PRESS,-0.0189,-0.0248,-0.163,0.0629
2849,62.664,35.9611,-17.4561,0.3741,-0.0194,-0.0255,-0.1372,0.034,0.175,0.247,36.1244,-17.5185,0.2,0.0,0.0,0.0,0.2123,-0.0673,-0.2528,0.3369,-0.0596,1,1,2,0.979,0.604,0.396,0,0,0.0,4,TERMINAL_PRESS,-0.0194,-0.0255,-0.1633,0.0624
2850,62.676,35.9607,-17.4566,0.3714,-0.0192,-0.0253,-0.1371,0.03,0.175,0.245,36.1244,-17.5185,0.2,0.0,0.0,0.0,0.2127,-0.0667,-0.253,0.3372,-0.0348,1,1,2,0.98,0.604,0.396,0,0,0.0,4,TERMINAL_PRESS,-0.0192,-0.0253,-0.1637,0.0619
2851,62.687,35.9603,-17.4572,0.3686,-0.0199,-0.0259,-0.137,0.039,0.175,0.243,36.1244,-17.5185,0.2,0.0,0.0,0.0,0.2135,-0.0658,-0.2531,0.3376,-0.0608,1,1,2,0.98,0.608,0.392,0,0,0.0,4,TERMINAL_PRESS,-0.0199,-0.0259,-0.1641,0.0613
2852,62.699,35.9599,-17.4577,0.3659,-0.0189,-0.0254,-0.137,0.036,0.175,0.241,36.1244,-17.5185,0.2,0.0,0.0,0.0,0.2135,-0.0654,-0.2532,0.3376,-0.0359,1,1,2,0.98,0.606,0.394,0,0,0.0,4,TERMINAL_PRESS,-0.0189,-0.0254,-0.1645,0.0608
2853,62.711,35.9595,-17.4582,0.3632,-0.0193,-0.0257,-0.1369,0.033,0.176,0.24,36.1244,-17.5185,0.2,0.0,0.0,0.0,0.2142,-0.0646,-0.2533,0.3379,-0.0623,1,1,2,0.98,0.609,0.391,0,0,0.0,4,TERMINAL_PRESS,-0.0193,-0.0257,-0.1649,0.0603
2854,62.723,35.9592,-17.4587,0.3604,-0.0184,-0.0251,-0.1369,0.03,0.176,0.238,36.1244,-17.5185,0.2,0.0,0.0,0.0,0.2143,-0.0642,-0.2532,0.3379,-0.0374,1,1,2,0.98,0.612,0.388,0,0,0.0,4,TERMINAL_PRESS,-0.0184,-0.0251,-0.1653,0.0598
2855,62.736,35.9588,-17.4592,0.3577,-0.0192,-0.0257,-0.1371,0.258,0.176,0.236,36.1244,-17.5185,0.2,0.0,0.0,0.0,0.2151,-0.0634,-0.253,0.3381,-0.0536,1,1,2,0.98,0.612,0.388,0,0,0.0,4,TERMINAL_PRESS,-0.0192,-0.0257,-0.1656,0.0593
2856,62.749,35.9584,-17.4597,0.355,-0.019,-0.0254,-0.137,0.255,0.176,0.235,36.1244,-17.5185,0.2,0.0,0.0,0.0,0.2155,-0.0629,-0.2531,0.3383,-0.0288,1,1,2,0.98,0.614,0.386,0,0,0.0,4,TERMINAL_PRESS,-0.019,-0.0254,-0.166,0.0588
2857,62.761,35.9582,-17.4597,0.353,-0.0096,-0.0001,-0.0967,0.253,0.176,0.233,36.1244,-17.5185,0.2,0.0,0.0,0.0,0.2118,-0.0734,-0.3216,0.392,-0.0457,1,1,2,0.98,0.613,0.387,0,0,0.0,4,TERMINAL_PRESS,-0.0096,-0.0001,-0.1662,0.0588
2858,62.773,35.9581,-17.4597,0.3518,-0.0045,-0.0004,-0.0626,0.252,0.176,0.233,36.1244,-17.5185,0.2,0.0,0.0,0.0,0.2098,-0.0733,-0.3795,0.4398,-0.0447,1,1,2,0.98,0.613,0.387,0,0,0.0,4,TERMINAL_PRESS,-0.0045,-0.0004,-0.1663,0.0588
2859,62.785,35.9581,-17.4597,0.3508,-0.0022,-0.0004,-0.0484,0.251,0.176,0.232,36.1244,-17.5185,0.2,0.0,0.0,0.0,0.2089,-0.0733,-0.4037,0.4604,-0.0445,1,1,2,0.98,0.613,0.387,0,0,0.0,4,TERMINAL_PRESS,-0.0022,-0.0004,-0.1663,0.0588
2860,62.796,35.958,-17.4597,0.35,-0.0012,-0.0002,-0.0417,0.25,0.176,0.232,36.1244,-17.5185,0.2,0.0,0.0,0.0,0.2085,-0.0734,-0.4152,0.4703,-0.0444,1,1,2,0.98,0.613,0.387,0,0,0.0,4,TERMINAL_PRESS,-0.0012,-0.0002,-0.1664,0.0588
2861,62.808,35.958,-17.4597,0.3492,-0.0006,-0.0002,-0.0362,0.249,0.176,0.231,36.1244,-17.5185,0.2,0.0,0.0,0.0,0.2082,-0.0734,-0.4244,0.4784,-0.0443,1,1,2,0.98,0.613,0.387,0,0,0.0,4,TERMINAL_PRESS,-0.0006,-0.0002,-0.1664,0.0588
2862,62.82,35.958,-17.4597,0.3486,-0.0004,-0.0001,-0.0331,0.249,0.176,0.231,36.1244,-17.5185,0.2,0.0,0.0,0.0,0.2082,-0.0734,-0.4298,0.4832,-0.0442,1,1,2,0.98,0.613,0.387,0,0,0.0,4,TERMINAL_PRESS,-0.0004,-0.0001,-0.1664,0.0588
2863,62.831,35.958,-17.4597,0.348,-0.0003,-0.0001,-0.0308,0.248,0.176,0.23,36.1244,-17.5185,0.2,0.0,0.0,0.0,0.2081,-0.0734,-0.4337,0.4866,-0.0442,1,1,2,0.98,0.613,0.387,0,0,0.0,4,TERMINAL_PRESS,-0.0003,-0.0001,-0.1664,0.0588
2864,62.843,35.958,-17.4597,0.3474,-0.0003,-0.0001,-0.0289,0.247,0.176,0.23,36.1244,-17.5185,0.2,0.0,0.0,0.0,0.2081,-0.0734,-0.4369,0.4895,-0.0442,1,1,2,0.98,0.613,0.387,0,0,0.0,4,TERMINAL_PRESS,-0.0003,-0.0001,-0.1664,0.0588
2865,62.855,35.958,-17.4597,0.3468,-0.0003,-0.0001,-0.0272,0.247,0.176,0.23,36.1244,-17.5185,0.2,0.0,0.0,0.0,0.2081,-0.0734,-0.4398,0.492,-0.0441,1,1,2,0.98,0.613,0.387,0,0,0.0,4,TERMINAL_PRESS,-0.0003,-0.0001,-0.1664,0.0588
2866,62.867,35.958,-17.4597,0.3463,-0.0003,-0.0001,-0.0256,0.246,0.176,0.229,36.1244,-17.5185,0.2,0.0,0.0,0.0,0.2081,-0.0734,-0.4424,0.4944,-0.0441,1,1,2,0.98,0.613,0.387,0,0,0.0,4,TERMINAL_PRESS,-0.0003,-0.0001,-0.1664,0.0588
2867,62.879,35.958,-17.4598,0.3458,-0.0003,-0.0001,-0.0242,0.246,0.176,0.229,36.1244,-17.5185,0.2,0.0,0.0,0.0,0.2081,-0.0734,-0.4449,0.4966,-0.0441,1,1,2,0.98,0.613,0.387,0,0,0.0,4,TERMINAL_PRESS,-0.0003,-0.0001,-0.1664,0.0588
2868,62.89,35.958,-17.4598,0.3454,-0.0003,-0.0001,-0.0228,0.245,0.176,0.229,36.1244,-17.5185,0.2,0.0,0.0,0.0,0.2082,-0.0734,-0.4472,0.4987,-0.044,1,1,2,0.98,0.613,0.387,0,0,0.0,4,TERMINAL_PRESS,-0.0003,-0.0001,-0.1664,0.0588
2869,62.902,35.958,-17.4598,0.345,-0.0003,-0.0001,-0.0215,0.245,0.176,0.228,36.1244,-17.5185,0.2,0.0,0.0,0.0,0.2082,-0.0734,-0.4494,0.5007,-0.044,1,1,2,0.98,0.613,0.387,0,0,0.0,4,TERMINAL_PRESS,-0.0003,-0.0001,-0.1664,0.0587
2870,62.913,35.958,-17.4598,0.3446,-0.0003,-0.0001,-0.0203,0.245,0.177,0.228,36.1244,-17.5185,0.2,0.0,0.0,0.0,0.2082,-0.0734,-0.4514,0.5025,-0.044,1,1,2,0.98,0.613,0.387,0,0,0.0,4,TERMINAL_PRESS,-0.0003,-0.0001,-0.1664,0.0587
2871,62.925,35.958,-17.4598,0.3442,-0.0002,-0.0001,-0.0194,0.244,0.177,0.228,36.1244,-17.5185,0.2,0.0,0.0,0.0,0.2081,-0.0734,-0.453,0.5039,-0.0439,1,1,2,0.98,0.613,0.387,0,0,0.0,4,TERMINAL_PRESS,-0.0002,-0.0001,-0.1664,0.0587
2872,62.937,35.958,-17.4598,0.3438,-0.0002,-0.0,-0.0189,0.244,0.177,0.228,36.1244,-17.5185,0.2,0.0,0.0,0.0,0.2081,-0.0734,-0.4539,0.5047,-0.0439,1,1,2,0.98,0.613,0.387,0,0,0.0,4,TERMINAL_PRESS,-0.0002,-0.0,-0.1664,0.0587
2873,62.948,35.958,-17.4598,0.3434,-0.0001,-0.0,-0.0183,0.243,0.177,0.227,36.1244,-17.5185,0.2,0.0,0.0,0.0,0.2081,-0.0734,-0.4549,0.5056,-0.0439,1,1,2,0.98,0.613,0.387,0,0,0.0,4,TERMINAL_PRESS,-0.0001,-0.0,-0.1665,0.0587
2874,62.96,35.958,-17.4598,0.3431,-0.0001,-0.0,-0.0175,0.243,0.177,0.227,36.1244,-17.5185,0.2,0.0,0.0,0.0,0.2081,-0.0734,-0.4563,0.5069,-0.0439,1,1,2,0.98,0.613,0.387,0,0,0.0,4,TERMINAL_PRESS,-0.0001,-0.0,-0.1665,0.0587
2875,62.972,35.958,-17.4598,0.3427,-0.0001,-0.0,-0.0166,0.243,0.177,0.227,36.1244,-17.5185,0.2,0.0,0.0,0.0,0.2081,-0.0734,-0.4579,0.5083,-0.0438,1,1,2,0.98,0.613,0.387,0,0,0.0,4,TERMINAL_PRESS,-0.0001,-0.0,-0.1665,0.0587
2876,62.983,35.958,-17.4598,0.3424,-0.0001,-0.0,-0.0157,0.242,0.177,0.227,36.1244,-17.5185,0.2,0.0,0.0,0.0,0.2081,-0.0734,-0.4594,0.5096,-0.0438,1,1,2,0.98,0.613,0.387,0,0,0.0,4,TERMINAL_PRESS,-0.0001,-0.0,-0.1665,0.0587
2877,62.995,35.958,-17.4598,0.3421,-0.0001,-0.0,-0.0148,0.242,0.177,0.227,36.1244,-17.5185,0.2,0.0,0.0,0.0,0.2081,-0.0734,-0.4608,0.511,-0.0438,1,1,2,0.98,0.613,0.387,0,0,0.0,4,TERMINAL_PRESS,-0.0001,-0.0,-0.1665,0.0587
2878,63.009,35.9579,-17.4598,0.3418,-0.0001,-0.0,-0.014,0.242,0.177,0.226,36.1244,-17.5185,0.2,0.0,0.0,0.0,0.2081,-0.0734,-0.4622,0.5122,-0.0438,1,1,2,0.98,0.613,0.387,0,0,0.0,4,TERMINAL_PRESS,-0.0001,-0.0,-0.1665,0.0587
2879,63.022,35.9579,-17.4598,0.3416,-0.0001,-0.0,-0.0132,0.242,0.177,0.226,36.1244,-17.5185,0.2,0.0,0.0,0.0,0.2081,-0.0734,-0.4635,0.5134,-0.0438,1,1,2,0.98,0.613,0.387,0,0,0.0,4,TERMINAL_PRESS,-0.0001,-0.0,-0.1665,0.0587
2880,63.034,35.9579,-17.4598,0.3413,-0.0001,-0.0,-0.0125,0.241,0.177,0.226,36.1244,-17.5185,0.2,0.0,0.0,0.0,0.2081,-0.0734,-0.4648,0.5145,-0.0438,1,1,2,0.98,0.613,0.387,0,0,0.0,4,TERMINAL_PRESS,-0.0001,-0.0,-0.1665,0.0587
