step,time_s,pos_x,pos_y,pos_z,vel_x,vel_y,vel_z,agl,dist_xy,dist_3d,target_x,target_y,target_z,plat_vel_x,plat_vel_y,plat_vel_z,cmd_vx,cmd_vy,cmd_vz,cmd_speed,cmd_yaw,landing_phase,descent_phase,assist_type,collision_risk,clutter_density,navigability,escape_active,pred_escape_active,threat_acc,terrain_id,phase_reason,rel_vx_to_pad,rel_vy_to_pad,pad_frame_dx,pad_frame_dy
0,0.0,-26.4857,21.633,0.451,0.0,0.0,0.0,0.121,73.844,73.844,36.1244,-17.5185,0.2,0.0,0.0,0.0,-0.048,-0.0013,0.048,0.0679,-0.1779,0,0,0,0.978,0.605,0.395,0,0,0.0,4,SEARCH_PHASE,0.0,0.0,-62.6101,39.1515
1,0.027,-26.4857,21.633,0.4514,0.0,0.0,0.0186,0.121,73.844,73.844,36.1244,-17.5185,0.2,0.0,0.0,0.0,-0.096,-0.0021,0.096,0.1358,-0.1739,0,0,0,0.976,0.607,0.393,0,0,0.0,4,SEARCH_PHASE,0.0,0.0,-62.6101,39.1515
2,0.055,-26.4857,21.633,0.4523,0.0,-0.0,0.0478,0.122,73.844,73.844,36.1244,-17.5185,0.2,0.0,0.0,0.0,-0.144,-0.0025,0.144,0.2036,-0.1712,0,0,0,0.976,0.607,0.393,0,0,0.0,4,SEARCH_PHASE,0.0,-0.0,-62.6101,39.1515
3,0.08,-26.4858,21.633,0.454,-0.003,-0.0001,0.0844,0.124,73.844,73.844,36.1244,-17.5185,0.2,0.0,0.0,0.0,-0.192,-0.0016,0.192,0.2715,-0.1676,0,0,0,0.976,0.613,0.387,0,0,1.0,4,SEARCH_PHASE,-0.003,-0.0001,-62.6102,39.1515
4,0.106,-26.4859,21.633,0.4565,-0.006,-0.0002,0.1255,0.126,73.844,73.844,36.1244,-17.5185,0.2,0.0,0.0,0.0,-0.2399,-0.0002,0.24,0.3394,-0.1517,0,0,0,0.976,0.613,0.387,0,0,2.0,4,SEARCH_PHASE,-0.006,-0.0002,-62.6103,39.1515
5,0.129,-26.4861,21.633,0.4599,-0.0123,-0.0006,0.1699,0.129,73.844,73.844,36.1244,-17.5185,0.2,0.0,0.0,0.0,-0.2878,0.003,0.288,0.4072,-0.175,0,0,0,0.976,0.606,0.394,0,0,3.0,4,SEARCH_PHASE,-0.0123,-0.0006,-62.6105,39.1515
6,0.152,-26.4866,21.633,0.4643,-0.0213,0.0001,0.2164,0.134,73.844,73.845,36.1244,-17.5185,0.2,0.0,0.0,0.0,-0.3358,0.0053,0.336,0.4751,-0.139,0,0,0,0.976,0.602,0.398,0,0,4.0,4,SEARCH_PHASE,-0.0213,0.0001,-62.611,39.1515
7,0.176,-26.4873,21.633,0.4695,-0.0365,-0.0012,0.2638,0.139,73.845,73.845,36.1244,-17.5185,0.2,0.0,0.0,0.0,-0.3836,0.0091,0.384,0.5429,-0.163,0,0,0,0.974,0.59,0.41,0,0,5.0,4,SEARCH_PHASE,-0.0365,-0.0012,-62.6117,39.1515
8,0.201,-26.4884,21.6329,0.4758,-0.0539,-0.0009,0.3122,0.145,73.846,73.846,36.1244,-17.5185,0.2,0.0,0.0,0.0,-0.4314,0.0136,0.432,0.6107,-0.1269,0,0,0,0.974,0.586,0.414,0,0,6.0,4,SEARCH_PHASE,-0.0539,-0.0009,-62.6128,39.1514
9,0.228,-26.4899,21.6329,0.483,-0.077,-0.0021,0.3606,0.152,73.847,73.848,36.1244,-17.5185,0.2,0.0,0.0,0.0,-0.479,0.0199,0.48,0.6784,-0.1514,0,0,0,0.974,0.608,0.392,0,0,7.0,4,SEARCH_PHASE,-0.077,-0.0021,-62.6143,39.1514
10,0.252,-26.4919,21.6329,0.4912,-0.1019,-0.0014,0.4097,0.161,73.849,73.849,36.1244,-17.5185,0.2,0.0,0.0,0.0,-0.5267,0.0249,0.528,0.7462,-0.1153,0,0,0,0.972,0.606,0.394,0,0,8.0,4,SEARCH_PHASE,-0.1019,-0.0014,-62.6164,39.1514
11,0.279,-26.4946,21.6328,0.5003,-0.132,-0.0016,0.4583,0.17,73.851,73.852,36.1244,-17.5185,0.2,0.0,0.0,0.0,-0.5741,0.033,0.576,0.8139,-0.1401,0,0,0,0.972,0.602,0.398,0,0,9.0,4,SEARCH_PHASE,-0.132,-0.0016,-62.619,39.1513
12,0.306,-26.4979,21.6329,0.5105,-0.1632,0.0004,0.5073,0.18,73.854,73.854,36.1244,-17.5185,0.2,0.0,0.0,0.0,-0.6215,0.0401,0.624,0.8816,-0.1027,0,0,0,0.972,0.597,0.403,0,0,10.0,4,SEARCH_PHASE,-0.1632,0.0004,-62.6223,39.1514
13,0.333,-26.5018,21.6329,0.5216,-0.1993,0.0018,0.5559,0.191,73.857,73.858,36.1244,-17.5185,0.2,0.0,0.0,0.0,-0.6687,0.049,0.672,0.9493,-0.1274,0,0,0,0.969,0.595,0.405,0,0,11.0,4,SEARCH_PHASE,-0.1993,0.0018,-62.6262,39.1514
14,0.362,-26.5066,21.633,0.5337,-0.2375,0.0059,0.6049,0.203,73.861,73.862,36.1244,-17.5185,0.2,0.0,0.0,0.0,-0.7161,0.0567,0.72,1.017,-0.0918,0,0,0,0.969,0.592,0.408,0,0,12.0,4,SEARCH_PHASE,-0.2375,0.0059,-62.631,39.1515
15,0.389,-26.5122,21.6332,0.5468,-0.2816,0.01,0.6528,0.216,73.866,73.867,36.1244,-17.5185,0.2,0.0,0.0,0.0,-0.7634,0.0649,0.768,1.0848,-0.1169,0,0,0,0.942,0.579,0.421,0,0,11.5,4,SEARCH_PHASE,-0.2816,0.01,-62.6366,39.1517
16,0.417,-26.5188,21.6335,0.5608,-0.3273,0.0172,0.701,0.23,73.872,73.873,36.1244,-17.5185,0.2,0.0,0.0,0.0,-0.8108,0.0726,0.816,1.1526,-0.0815,0,0,0,0.94,0.576,0.424,0,0,11.0,4,SEARCH_PHASE,-0.3273,0.0172,-62.6432,39.1521
17,0.446,-26.5263,21.634,0.5757,-0.3782,0.0248,0.748,0.245,73.879,73.879,36.1244,-17.5185,0.2,0.0,0.0,0.0,-0.8576,0.0831,0.864,1.2202,-0.1069,0,0,0,0.934,0.586,0.414,0,0,10.5,4,SEARCH_PHASE,-0.3782,0.0248,-62.6507,39.1525
18,0.475,-26.5349,21.6348,0.5916,-0.4302,0.0357,0.795,0.261,73.886,73.887,36.1244,-17.5185,0.2,0.0,0.0,0.0,-0.9043,0.0941,0.912,1.2878,-0.0847,0,0,0,0.93,0.578,0.422,0,0,10.0,4,SEARCH_PHASE,-0.4302,0.0357,-62.6593,39.1533
19,0.503,-26.5447,21.6357,0.6085,-0.4868,0.0474,0.8409,0.278,73.895,73.896,36.1244,-17.5185,0.2,0.0,0.0,0.0,-0.9504,0.1076,0.96,1.3551,-0.1164,0,0,0,0.926,0.582,0.418,0,0,9.5,4,SEARCH_PHASE,-0.4868,0.0474,-62.6691,39.1542
20,0.531,-26.5556,21.6369,0.6262,-0.5442,0.0613,0.8871,0.296,73.905,73.906,36.1244,-17.5185,0.2,0.0,0.0,0.0,-0.9965,0.1209,1.008,1.4226,-0.0818,0,0,0,0.924,0.578,0.422,0,0,9.0,4,SEARCH_PHASE,-0.5442,0.0613,-62.68,39.1554
21,0.563,-26.5676,21.6384,0.6448,-0.6039,0.0742,0.9321,0.314,73.916,73.917,36.1244,-17.5185,0.2,0.0,0.0,0.0,-1.0426,0.1344,1.056,1.49,-0.1029,0,0,0,0.92,0.578,0.422,0,0,8.5,4,SEARCH_PHASE,-0.6039,0.0742,-62.692,39.1569
22,0.591,-26.5809,21.6402,0.6644,-0.6617,0.0889,0.9786,0.334,73.928,73.929,36.1244,-17.5185,0.2,0.0,0.0,0.0,-1.088,0.15,1.104,1.5572,-0.0986,0,0,0,0.918,0.578,0.422,0,0,8.0,4,SEARCH_PHASE,-0.6617,0.0889,-62.7053,39.1587
23,0.618,-26.5953,21.6423,0.6849,-0.7217,0.1027,1.0244,0.354,73.941,73.943,36.1244,-17.5185,0.2,0.0,0.0,0.0,-1.1331,0.1664,1.152,1.6244,-0.0984,0,0,0,0.913,0.572,0.428,0,0,6.0,4,SEARCH_PHASE,-0.7217,0.1027,-62.7197,39.1608
24,0.645,-26.6109,21.6446,0.7063,-0.7804,0.1167,1.0709,0.376,73.956,73.958,36.1244,-17.5185,0.2,0.0,0.0,0.0,-1.1772,0.1853,1.2,1.6912,-0.081,0,0,0,0.911,0.572,0.428,0,0,4.0,4,SEARCH_PHASE,-0.7804,0.1167,-62.7353,39.1631
25,0.673,-26.6277,21.6472,0.7287,-0.8414,0.1298,1.1165,0.398,73.971,73.973,36.1244,-17.5185,0.2,0.0,0.0,0.0,-1.2208,0.2053,1.248,1.7579,-0.097,0,0,0,0.906,0.564,0.436,0,0,2.0,4,SEARCH_PHASE,-0.8414,0.1298,-62.7521,39.1657
26,0.701,-26.6458,21.6501,0.7519,-0.9009,0.1446,1.1627,0.421,73.988,73.99,36.1244,-17.5185,0.2,0.0,0.0,0.0,-1.2631,0.228,1.296,1.824,-0.0804,0,0,0,0.904,0.557,0.443,0,0,0.0,4,SEARCH_PHASE,-0.9009,0.1446,-62.7702,39.1686
27,0.729,-26.665,21.6532,0.7761,-0.9624,0.1581,1.2082,0.446,74.006,74.009,36.1244,-17.5185,0.2,0.0,0.0,0.0,-1.3047,0.252,1.344,1.89,-0.0977,0,0,0,0.899,0.556,0.444,0,0,0.0,4,SEARCH_PHASE,-0.9624,0.1581,-62.7894,39.1717
28,0.757,-26.6854,21.6567,0.8011,-1.0219,0.1729,1.2541,0.471,74.025,74.028,36.1244,-17.5185,0.2,0.0,0.0,0.0,-1.3453,0.2775,1.392,1.9557,-0.0813,0,0,0,0.898,0.554,0.446,0,0,0.0,4,SEARCH_PHASE,-1.0219,0.1729,-62.8098,39.1752
29,0.786,-26.7071,21.6604,0.8271,-1.0824,0.1859,1.3,0.497,74.046,74.048,36.1244,-17.5185,0.2,0.0,0.0,0.0,-1.386,0.3031,1.44,2.0215,-0.0652,0,0,0,0.894,0.55,0.45,0,0,0.0,4,SEARCH_PHASE,-1.0824,0.1859,-62.8315,39.1789
30,0.813,-26.7299,21.6644,0.8541,-1.1398,0.1995,1.3466,0.524,74.067,74.07,36.1244,-17.5185,0.2,0.0,0.0,0.0,-1.428,0.3263,1.488,2.088,-0.0956,0,0,0,0.892,0.56,0.44,0,0,0.0,4,SEARCH_PHASE,-1.1398,0.1995,-62.8543,39.1829
31,0.841,-26.7538,21.6687,0.8819,-1.1974,0.2145,1.393,0.551,74.09,74.093,36.1244,-17.5185,0.2,0.0,0.0,0.0,-1.4708,0.348,1.536,2.1549,-0.0658,0,0,0,0.888,0.557,0.443,0,0,0.0,4,SEARCH_PHASE,-1.1974,0.2145,-62.8782,39.1872
32,0.87,-26.7789,21.6732,0.9107,-1.253,0.2274,1.4401,0.58,74.114,74.117,36.1244,-17.5185,0.2,0.0,0.0,0.0,-1.5154,0.3657,1.584,2.2224,-0.1023,0,0,0,0.887,0.552,0.448,0,0,0.0,4,SEARCH_PHASE,-1.253,0.2274,-62.9033,39.1917
33,0.899,-26.805,21.6781,0.9405,-1.308,0.2425,1.487,0.61,74.138,74.142,36.1244,-17.5185,0.2,0.0,0.0,0.0,-1.56,0.3835,1.632,2.29,-0.0694,0,0,0,0.882,0.554,0.446,0,0,0.0,4,SEARCH_PHASE,-1.308,0.2425,-62.9295,39.1966
34,0.928,-26.8323,21.6832,0.9712,-1.3603,0.2556,1.5346,0.641,74.164,74.168,36.1244,-17.5185,0.2,0.0,0.0,0.0,-1.6058,0.3977,1.68,2.3578,-0.1057,0,0,0,0.88,0.545,0.455,0,0,0.0,4,SEARCH_PHASE,-1.3603,0.2556,-62.9567,39.2017
35,0.958,-26.8605,21.6886,1.0028,-1.4125,0.2713,1.5818,0.672,74.191,74.195,36.1244,-17.5185,0.2,0.0,0.0,0.0,-1.651,0.4139,1.7,2.4057,-0.0755,0,0,0,0.876,0.547,0.453,0,0,0.0,4,SEARCH_PHASE,-1.4125,0.2713,-62.9849,39.2071
36,0.987,-26.8897,21.6943,1.0352,-1.4599,0.2849,1.6192,0.705,74.219,74.223,36.1244,-17.5185,0.2,0.0,0.0,0.0,-1.696,0.4307,1.7,2.4396,-0.1168,0,0,0,0.875,0.544,0.456,0,0,0.0,4,SEARCH_PHASE,-1.4599,0.2849,-63.0141,39.2128
37,1.017,-26.9198,21.7003,1.0681,-1.5041,0.3002,1.6438,0.738,74.247,74.253,36.1244,-17.5185,0.2,0.0,0.0,0.0,-1.738,0.4539,1.7,2.4732,-0.0788,0,0,0,0.87,0.546,0.454,0,0,0.0,4,SEARCH_PHASE,-1.5041,0.3002,-63.0442,39.2188
38,1.047,-26.9507,21.7066,1.1013,-1.5435,0.3135,1.6602,0.771,74.277,74.282,36.1244,-17.5185,0.2,0.0,0.0,0.0,-1.7787,0.4794,1.7,2.5067,-0.0998,0,0,0,0.869,0.547,0.453,0,0,0.0,4,SEARCH_PHASE,-1.5435,0.3135,-63.0751,39.2251
39,1.076,-26.9823,21.7132,1.1347,-1.5812,0.3288,1.671,0.804,74.307,74.313,36.1244,-17.5185,0.2,0.0,0.0,0.0,-1.8133,0.5127,1.7,2.5379,-0.0616,0,0,0,0.864,0.544,0.456,0,0,0.0,4,SEARCH_PHASE,-1.5812,0.3288,-63.1067,39.2317
40,1.105,-27.0146,21.72,1.1683,-1.6157,0.3435,1.6786,0.838,74.338,74.345,36.1244,-17.5185,0.2,0.0,0.0,0.0,-1.8465,0.5473,1.7,2.5689,-0.0902,0,0,0,0.862,0.515,0.485,0,0,0.0,4,SEARCH_PHASE,-1.6157,0.3435,-63.139,39.2385
41,1.14,-27.0476,21.7273,1.2019,-1.6491,0.3612,1.6833,0.872,74.37,74.377,36.1244,-17.5185,0.2,0.0,0.0,0.0,-1.8832,0.5782,1.7,2.6021,-0.052,0,0,0,0.857,0.513,0.487,0,0,0.0,4,SEARCH_PHASE,-1.6491,0.3612,-63.172,39.2458
42,1.168,-27.0812,21.7348,1.2357,-1.68,0.3788,1.6871,1.136,74.403,74.41,36.1244,-17.5185,0.2,0.0,0.0,0.0,-1.9267,0.5985,1.7,2.6383,-0.0837,0,0,0,0.853,0.51,0.49,0,0,0.0,4,SEARCH_PHASE,-1.68,0.3788,-63.2056,39.2533
43,1.197,-27.1154,21.7428,1.2695,-1.7102,0.3995,1.6896,1.169,74.436,74.444,36.1244,-17.5185,0.2,0.0,0.0,0.0,-1.9709,0.6172,1.7,2.675,-0.0941,0,0,0,0.845,0.516,0.484,0,0,0.0,4,SEARCH_PHASE,-1.7102,0.3995,-63.2398,39.2613
44,1.226,-27.1502,21.7512,1.3033,-1.7405,0.4207,1.6916,1.203,74.47,74.478,36.1244,-17.5185,0.2,0.0,0.0,0.0,-2.0067,0.6492,1.7,2.7089,-0.0776,0,0,0,0.846,0.511,0.489,0,0,0.0,4,SEARCH_PHASE,-1.7405,0.4207,-63.2746,39.2697
45,1.254,-27.1856,21.7601,1.3372,-1.773,0.4423,1.6929,1.237,74.505,74.514,36.1244,-17.5185,0.2,0.0,0.0,0.0,-2.0435,0.6801,1.7,2.7438,-0.0978,0,0,0,0.842,0.525,0.475,0,0,0.0,4,SEARCH_PHASE,-1.773,0.4423,-63.3101,39.2786
46,1.283,-27.2217,21.7694,1.371,-1.8047,0.4661,1.6938,1.271,74.54,74.55,36.1244,-17.5185,0.2,0.0,0.0,0.0,-2.0711,0.7193,1.7,2.7743,-0.0817,0,0,0,0.836,0.523,0.477,0,0,0.0,4,SEARCH_PHASE,-1.8047,0.4661,-63.3462,39.2879
47,1.312,-27.2585,21.7792,1.4049,-1.839,0.4901,1.6936,1.305,74.577,74.587,36.1244,-17.5185,0.2,0.0,0.0,0.0,-2.1016,0.7564,1.7,2.8069,-0.1055,0,0,0,0.83,0.516,0.484,0,0,0.0,4,SEARCH_PHASE,-1.839,0.4901,-63.3829,39.2977
48,1.341,-27.296,21.7895,1.4388,-1.873,0.5163,1.6936,1.339,74.614,74.624,36.1244,-17.5185,0.2,0.0,0.0,0.0,-2.092,0.8034,1.7,2.8128,-0.083,0,0,0,0.839,0.514,0.486,0,0,0.0,4,SEARCH_PHASE,-1.873,0.5163,-63.4204,39.308
49,1.371,-27.3341,21.8004,1.4726,-1.9074,0.5421,1.6928,1.373,74.652,74.663,36.1244,-17.5185,0.2,0.0,0.0,0.0,-2.1014,0.8042,1.7,2.82,-0.0794,0,0,0,0.839,0.501,0.499,0,0,0.0,4,SEARCH_PHASE,-1.9074,0.5421,-63.4585,39.3189
50,1.401,-27.3729,21.8118,1.5065,-1.941,0.5699,1.6912,1.406,74.691,74.703,36.1244,-17.5185,0.2,0.0,0.0,0.0,-2.0834,0.8487,1.7,2.8197,-0.1045,0,0,0,0.835,0.495,0.505,0,0,0.0,4,SEARCH_PHASE,-1.941,0.5699,-63.4974,39.3303
51,1.431,-27.4124,21.8238,1.5402,-1.9715,0.5997,1.6888,1.44,74.731,74.743,36.1244,-17.5185,0.2,0.0,0.0,0.0,-2.0714,0.8786,1.7,2.82,-0.0793,0,0,0,0.832,0.493,0.507,0,0,0.0,4,SEARCH_PHASE,-1.9715,0.5997,-63.5368,39.3423
52,1.465,-27.4524,21.8364,1.574,-2.0021,0.6296,1.6868,1.474,74.772,74.784,36.1244,-17.5185,0.2,0.0,0.0,0.0,-2.0895,0.8341,1.7,2.8199,-0.1045,0,0,0,0.829,0.495,0.505,0,0,0.0,4,SEARCH_PHASE,-2.0021,0.6296,-63.5768,39.3549
53,1.495,-27.493,21.8496,1.6076,-2.0294,0.6615,1.6838,1.508,74.813,74.826,36.1244,-17.5185,0.2,0.0,0.0,0.0,-2.0751,0.8698,1.7,2.82,-0.1375,0,0,0,0.835,0.489,0.511,0,0,0.0,4,SEARCH_PHASE,-2.0294,0.6615,-63.6174,39.3681
54,1.527,-27.5341,21.8635,1.6413,-2.0547,0.6931,1.6814,1.541,74.855,74.869,36.1244,-17.5185,0.2,0.0,0.0,0.0,-2.0586,0.9081,1.7,2.82,-0.102,0,0,0,0.833,0.49,0.51,0,0,0.0,4,SEARCH_PHASE,-2.0547,0.6931,-63.6585,39.382
55,1.562,-27.5756,21.8779,1.6749,-2.0771,0.7221,1.6806,1.575,74.898,74.913,36.1244,-17.5185,0.2,0.0,0.0,0.0,-2.0694,0.8833,1.7,2.82,-0.0741,0,0,0,0.831,0.495,0.505,0,0,0.0,4,SEARCH_PHASE,-2.0771,0.7221,-63.7001,39.3964
56,1.593,-27.6176,21.8929,1.7085,-2.0976,0.7511,1.6793,1.608,74.942,74.957,36.1244,-17.5185,0.2,0.0,0.0,0.0,-2.0874,0.8388,1.7,2.8197,-0.097,0,0,0,0.827,0.498,0.502,0,0,0.0,4,SEARCH_PHASE,-2.0976,0.7511,-63.742,39.4114
57,1.622,-27.6599,21.9086,1.742,-2.1127,0.7822,1.6772,1.642,74.986,75.002,36.1244,-17.5185,0.2,0.0,0.0,0.0,-2.1048,0.7941,1.7,2.8197,-0.1387,0,0,0,0.828,0.501,0.499,0,0,0.0,4,SEARCH_PHASE,-2.1127,0.7822,-63.7843,39.4271
58,1.651,-27.7024,21.9248,1.7755,-2.126,0.8136,1.6749,1.676,75.031,75.047,36.1244,-17.5185,0.2,0.0,0.0,0.0,-2.0866,0.8385,1.7,2.8191,-0.1586,0,0,0,0.831,0.501,0.499,0,0,0.0,4,SEARCH_PHASE,-2.126,0.8136,-63.8268,39.4433
59,1.68,-27.7451,21.9417,1.809,-2.1356,0.8421,1.6745,1.709,75.076,75.093,36.1244,-17.5185,0.2,0.0,0.0,0.0,-2.069,0.8832,1.7,2.8197,-0.1318,0,0,0,0.833,0.507,0.493,0,0,0.0,4,SEARCH_PHASE,-2.1356,0.8421,-63.8695,39.4602
60,1.71,-27.788,21.959,1.8425,-2.1445,0.866,1.6759,1.743,75.122,75.14,36.1244,-17.5185,0.2,0.0,0.0,0.0,-2.0492,0.9269,1.7,2.8193,-0.1045,0,0,0,0.832,0.503,0.497,0,0,0.0,4,SEARCH_PHASE,-2.1445,0.866,-63.9124,39.4775
61,1.741,-27.831,21.9767,1.8761,-2.1492,0.8869,1.6777,1.776,75.168,75.186,36.1244,-17.5185,0.2,0.0,0.0,0.0,-2.0393,0.9507,1.7,2.82,-0.1138,0,0,0,0.833,0.488,0.512,0,0,0.0,4,SEARCH_PHASE,-2.1492,0.8869,-63.9554,39.4952
62,1.771,-27.874,21.9949,1.9097,-2.1523,0.9068,1.6795,1.81,75.214,75.233,36.1244,-17.5185,0.2,0.0,0.0,0.0,-2.018,0.9937,1.7,2.8195,-0.0866,0,0,0,0.832,0.483,0.517,0,0,0.0,4,SEARCH_PHASE,-2.1523,0.9068,-63.9984,39.5134
63,1.801,-27.917,22.0134,1.9433,-2.1512,0.9247,1.6815,1.843,75.26,75.28,36.1244,-17.5185,0.2,0.0,0.0,0.0,-1.9967,1.0367,1.7,2.8198,-0.1048,0,0,0,0.832,0.484,0.516,0,0,0.0,4,SEARCH_PHASE,-2.1512,0.9247,-64.0414,39.5319
64,1.831,-27.96,22.0322,1.977,-2.1483,0.9424,1.6832,1.877,75.307,75.327,36.1244,-17.5185,0.2,0.0,0.0,0.0,-1.9775,1.0733,1.7,2.82,-0.0635,0,0,0,0.829,0.486,0.514,0,0,0.0,4,SEARCH_PHASE,-2.1483,0.9424,-64.0844,39.5507
65,1.861,-28.0028,22.0514,2.0107,-2.1415,0.9582,1.6855,1.911,75.353,75.375,36.1244,-17.5185,0.2,0.0,0.0,0.0,-1.9997,1.0308,1.7,2.8199,-0.101,0,0,0,0.838,0.495,0.505,0,0,0.0,4,SEARCH_PHASE,-2.1415,0.9582,-64.1272,39.5699
66,1.889,-28.0455,22.0709,2.0444,-2.1326,0.9752,1.6862,1.944,75.4,75.422,36.1244,-17.5185,0.2,0.0,0.0,0.0,-1.9881,1.0536,1.7,2.82,-0.0814,0,0,0,0.836,0.493,0.507,0,0,0.0,4,SEARCH_PHASE,-2.1326,0.9752,-64.1699,39.5894
67,1.921,-28.0879,22.0907,2.0781,-2.1201,0.9904,1.687,1.978,75.446,75.469,36.1244,-17.5185,0.2,0.0,0.0,0.0,-2.0099,1.0108,1.7,2.8198,-0.1088,0,0,0,0.837,0.495,0.505,0,0,0.0,4,SEARCH_PHASE,-2.1201,0.9904,-64.2123,39.6092
68,1.951,-28.13,22.1108,2.1119,-2.1063,1.0052,1.6867,2.012,75.492,75.517,36.1244,-17.5185,0.2,0.0,0.0,0.0,-2.0034,1.0241,1.7,2.82,-0.097,0,0,0,0.835,0.49,0.51,0,0,0.0,4,SEARCH_PHASE,-2.1063,1.0052,-64.2544,39.6293
69,1.983,-28.1718,22.1311,2.1456,-2.0893,1.0176,1.6865,2.046,75.539,75.564,36.1244,-17.5185,0.2,0.0,0.0,0.0,-2.0144,1.0024,1.7,2.82,-0.093,0,0,0,0.832,0.487,0.513,0,0,0.0,4,SEARCH_PHASE,-2.0893,1.0176,-64.2962,39.6497
70,2.011,-28.2132,22.1517,2.1793,-2.0716,1.0281,1.6858,2.079,75.585,75.611,36.1244,-17.5185,0.2,0.0,0.0,0.0,-1.9983,1.034,1.7,2.82,-0.1134,0,0,0,0.828,0.478,0.522,0,0,0.0,4,SEARCH_PHASE,-2.0716,1.0281,-64.3376,39.6702
71,2.037,-28.2543,22.1725,2.213,-2.0534,1.0375,1.6863,2.113,75.631,75.657,36.1244,-17.5185,0.2,0.0,0.0,0.0,-1.9755,1.0762,1.7,2.8197,-0.0866,0,0,0,0.827,0.477,0.523,0,0,0.0,4,SEARCH_PHASE,-2.0534,1.0375,-64.3787,39.691
72,2.063,-28.295,22.1933,2.2468,-2.0369,1.0439,1.6871,2.147,75.676,75.704,36.1244,-17.5185,0.2,0.0,0.0,0.0,-1.9521,1.1181,1.7,2.8197,-0.0559,0,0,0,0.823,0.475,0.525,0,0,0.0,4,SEARCH_PHASE,-2.0369,1.0439,-64.4194,39.7118
73,2.09,-28.3354,22.2143,2.2805,-2.0194,1.0488,1.6879,2.181,75.722,75.75,36.1244,-17.5185,0.2,0.0,0.0,0.0,-1.9693,1.0883,1.7,2.82,-0.0976,0,0,0,0.821,0.472,0.528,0,0,0.0,4,SEARCH_PHASE,-2.0194,1.0488,-64.4598,39.7328
74,2.118,-28.3755,22.2354,2.3143,-2.0024,1.0549,1.6879,2.214,75.767,75.796,36.1244,-17.5185,0.2,0.0,0.0,0.0,-1.9456,1.1301,1.7,2.82,-0.0541,0,0,0,0.817,0.469,0.531,0,0,0.0,4,SEARCH_PHASE,-2.0024,1.0549,-64.4999,39.7539
75,2.145,-28.4151,22.2566,2.3481,-1.9844,1.0592,1.6882,2.248,75.812,75.842,36.1244,-17.5185,0.2,0.0,0.0,0.0,-1.9692,1.0883,1.7,2.82,-0.0955,0,0,0,0.815,0.466,0.534,0,0,0.0,4,SEARCH_PHASE,-1.9844,1.0592,-64.5396,39.7751
76,2.175,-28.4545,22.2779,2.3818,-1.9673,1.0651,1.6877,2.282,75.856,75.888,36.1244,-17.5185,0.2,0.0,0.0,0.0,-1.9665,1.0933,1.7,2.82,-0.0633,0,0,0,0.811,0.459,0.541,0,0,0.0,4,SEARCH_PHASE,-1.9673,1.0651,-64.5789,39.7964
77,2.205,-28.4935,22.2993,2.4156,-1.9494,1.0695,1.6872,2.316,75.901,75.933,36.1244,-17.5185,0.2,0.0,0.0,0.0,-1.9761,1.0759,1.7,2.82,-0.1002,0,0,0,0.807,0.45,0.55,0,0,0.0,4,SEARCH_PHASE,-1.9494,1.0695,-64.6179,39.8178
78,2.234,-28.5321,22.3208,2.4493,-1.9329,1.0748,1.6869,2.349,75.945,75.978,36.1244,-17.5185,0.2,0.0,0.0,0.0,-1.9525,1.1178,1.7,2.8199,-0.057,0,0,0,0.8,0.442,0.558,0,0,0.0,4,SEARCH_PHASE,-1.9329,1.0748,-64.6565,39.8393
79,2.263,-28.5705,22.3424,2.483,-1.9175,1.0785,1.6872,2.383,75.989,76.023,36.1244,-17.5185,0.2,0.0,0.0,0.0,-1.9583,1.108,1.7,2.82,-0.098,0,0,0,0.796,0.438,0.562,0,0,0.0,4,SEARCH_PHASE,-1.9175,1.0785,-64.6949,39.8609
80,2.291,-28.6086,22.364,2.5168,-1.9051,1.0838,1.6874,2.417,76.033,76.068,36.1244,-17.5185,0.2,0.0,0.0,0.0,-1.9335,1.1491,1.7,2.8194,-0.0567,0,0,0,0.789,0.456,0.544,0,0,0.0,4,SEARCH_PHASE,-1.9051,1.0838,-64.733,39.8825
81,2.321,-28.6465,22.3858,2.5505,-1.8942,1.0878,1.688,2.451,76.076,76.113,36.1244,-17.5185,0.2,0.0,0.0,0.0,-1.9089,1.1903,1.7,2.8197,-0.0968,0,0,0,0.784,0.454,0.546,0,0,0.0,4,SEARCH_PHASE,-1.8942,1.0878,-64.7709,39.9043
82,2.348,-28.6842,22.4077,2.5843,-1.8862,1.0937,1.6884,2.484,76.12,76.157,36.1244,-17.5185,0.2,0.0,0.0,0.0,-1.8826,1.2304,1.7,2.8193,-0.0671,0,0,0,0.78,0.451,0.549,0,0,0.0,4,SEARCH_PHASE,-1.8862,1.0937,-64.8086,39.9262
83,2.376,-28.7218,22.4296,2.6181,-1.8795,1.0985,1.689,2.518,76.164,76.202,36.1244,-17.5185,0.2,0.0,0.0,0.0,-1.8848,1.2288,1.7,2.82,-0.0535,0,0,0,0.78,0.451,0.549,0,0,0.0,4,SEARCH_PHASE,-1.8795,1.0985,-64.8462,39.9481
84,2.405,-28.7593,22.4517,2.6519,-1.8732,1.1044,1.6891,2.552,76.207,76.246,36.1244,-17.5185,0.2,0.0,0.0,0.0,-1.9105,1.1882,1.7,2.8199,-0.0806,0,0,0,0.773,0.442,0.558,0,0,0.0,4,SEARCH_PHASE,-1.8732,1.1044,-64.8837,39.9702
85,2.436,-28.7966,22.474,2.6857,-1.8657,1.1129,1.6891,2.586,76.25,76.291,36.1244,-17.5185,0.2,0.0,0.0,0.0,-1.9112,1.1874,1.7,2.82,-0.1132,0,0,0,0.771,0.434,0.566,0,0,0.0,4,SEARCH_PHASE,-1.8657,1.1129,-64.921,39.9925
86,2.466,-28.8338,22.4964,2.7194,-1.8603,1.1222,1.689,2.619,76.294,76.335,36.1244,-17.5185,0.2,0.0,0.0,0.0,-1.8822,1.2256,1.7,2.8169,-0.0702,0,0,0,0.765,0.429,0.571,0,0,0.0,4,SEARCH_PHASE,-1.8603,1.1222,-64.9582,40.0149
87,2.494,-28.8709,22.519,2.7532,-1.855,1.1296,1.6893,2.653,76.337,76.38,36.1244,-17.5185,0.2,0.0,0.0,0.0,-1.8511,1.2622,1.7,2.8125,-0.098,0,0,0,0.762,0.425,0.575,0,0,0.0,4,SEARCH_PHASE,-1.855,1.1296,-64.9953,40.0375
88,2.523,-28.9079,22.5418,2.787,-1.8518,1.1385,1.6894,2.687,76.381,76.425,36.1244,-17.5185,0.2,0.0,0.0,0.0,-1.8151,1.2939,1.7,2.8033,-0.0642,0,0,0,0.758,0.423,0.577,0,0,0.0,4,SEARCH_PHASE,-1.8518,1.1385,-65.0323,40.0603
89,2.554,-28.9449,22.5647,2.8208,-1.8487,1.1466,1.6898,2.721,76.424,76.469,36.1244,-17.5185,0.2,0.0,0.0,0.0,-1.7823,1.329,1.7,2.7987,-0.0758,0,0,0,0.756,0.424,0.576,0,0,0.0,4,SEARCH_PHASE,-1.8487,1.1466,-65.0693,40.0832
90,2.586,-28.9818,22.5878,2.8546,-1.8454,1.1565,1.6905,2.755,76.468,76.514,36.1244,-17.5185,0.2,0.0,0.0,0.0,-1.7346,1.3349,1.7,2.7715,-0.0485,0,0,0,0.751,0.423,0.577,0,0,0.0,4,SEARCH_PHASE,-1.8454,1.1565,-65.1062,40.1063
91,2.616,-29.0186,22.6112,2.8884,-1.8395,1.1671,1.691,2.788,76.511,76.559,36.1244,-17.5185,0.2,0.0,0.0,0.0,-1.6971,1.305,1.7,2.7337,-0.0887,0,0,0,0.752,0.43,0.57,0,0,0.0,4,SEARCH_PHASE,-1.8395,1.1671,-65.143,40.1297
92,2.643,-29.0552,22.6348,2.9222,-1.8328,1.1813,1.6906,2.822,76.555,76.603,36.1244,-17.5185,0.2,0.0,0.0,0.0,-1.6575,1.2779,1.7,2.6963,-0.0789,0,0,0,0.752,0.424,0.576,0,0,0.0,4,SEARCH_PHASE,-1.8328,1.1813,-65.1796,40.1533
93,2.671,-29.0917,22.6587,2.9561,-1.8234,1.1957,1.6903,2.856,76.599,76.648,36.1244,-17.5185,0.2,0.0,0.0,0.0,-1.6387,1.2337,1.7,2.6641,-0.1155,0,0,0,0.754,0.42,0.58,0,0,0.0,4,SEARCH_PHASE,-1.8234,1.1957,-65.2161,40.1772
94,2.698,-29.128,22.6829,2.9898,-1.8127,1.2107,1.6896,2.89,76.642,76.693,36.1244,-17.5185,0.2,0.0,0.0,0.0,-1.6001,1.2052,1.7,2.6273,-0.0734,0,0,0,0.752,0.416,0.584,0,0,0.0,4,SEARCH_PHASE,-1.8127,1.2107,-65.2524,40.2014
95,2.726,-29.1639,22.7074,3.0236,-1.799,1.2235,1.689,2.924,76.686,76.738,36.1244,-17.5185,0.2,0.0,0.0,0.0,-1.5717,1.1665,1.7,2.5925,-0.1107,0,0,0,0.754,0.405,0.595,0,0,0.0,4,SEARCH_PHASE,-1.799,1.2235,-65.2883,40.2259
96,2.753,-29.1996,22.7322,3.0574,-1.7839,1.2372,1.6884,2.957,76.729,76.782,36.1244,-17.5185,0.2,0.0,0.0,0.0,-1.5599,1.12,1.7,2.5647,-0.1363,0,0,0,0.756,0.407,0.593,0,0,0.0,4,SEARCH_PHASE,-1.7839,1.2372,-65.324,40.2507
97,2.781,-29.2349,22.7571,3.0911,-1.7657,1.2488,1.6878,2.991,76.772,76.827,36.1244,-17.5185,0.2,0.0,0.0,0.0,-1.5512,1.0728,1.7,2.5391,-0.1006,0,0,0,0.756,0.41,0.59,0,0,0.0,4,SEARCH_PHASE,-1.7657,1.2488,-65.3593,40.2756
98,2.808,-29.2698,22.7822,3.1249,-1.7445,1.2557,1.6881,3.025,76.815,76.871,36.1244,-17.5185,0.2,0.0,0.0,0.0,-1.5753,1.0313,1.7,2.5368,-0.141,0,0,0,0.759,0.415,0.585,0,0,0.0,4,SEARCH_PHASE,-1.7445,1.2557,-65.3942,40.3007
99,2.837,-29.3043,22.8075,3.1587,-1.7215,1.2606,1.6884,3.059,76.858,76.915,36.1244,-17.5185,0.2,0.0,0.0,0.0,-1.5668,0.984,1.7,2.5126,-0.155,0,0,0,0.759,0.415,0.585,0,0,0.0,4,SEARCH_PHASE,-1.7215,1.2606,-65.4287,40.326
100,2.866,-29.3381,22.8327,3.1925,-1.6948,1.2606,1.6887,3.092,76.9,76.958,36.1244,-17.5185,0.2,0.0,0.0,0.0,-1.5289,0.9547,1.7,2.4777,-0.112,0,0,0,0.756,0.411,0.589,0,0,0.0,4,SEARCH_PHASE,-1.6948,1.2606,-65.4626,40.3512
101,2.895,-29.3715,22.8578,3.2263,-1.6675,1.2541,1.6904,3.126,76.941,77.001,36.1244,-17.5185,0.2,0.0,0.0,0.0,-1.4919,0.9241,1.7,2.4433,-0.1531,0,0,0,0.755,0.412,0.588,0,0,0.0,4,SEARCH_PHASE,-1.6675,1.2541,-65.4959,40.3763
102,2.923,-29.4043,22.8826,3.2601,-1.6414,1.2443,1.6929,3.16,76.982,77.043,36.1244,-17.5185,0.2,0.0,0.0,0.0,-1.4533,0.8955,1.7,2.4092,-0.115,0,0,0,0.755,0.411,0.589,0,0,0.0,4,SEARCH_PHASE,-1.6414,1.2443,-65.5287,40.4011
103,2.955,-29.4366,22.9072,3.294,-1.6151,1.2281,1.6954,3.194,77.023,77.085,36.1244,-17.5185,0.2,0.0,0.0,0.0,-1.4145,0.8673,1.7,2.3755,-0.1553,0,0,0,0.757,0.412,0.588,0,0,0.0,4,SEARCH_PHASE,-1.6151,1.2281,-65.561,40.4257
104,2.985,-29.4684,22.9314,3.328,-1.5882,1.2081,1.6982,3.228,77.062,77.126,36.1244,-17.5185,0.2,0.0,0.0,0.0,-1.3745,0.8407,1.7,2.3422,-0.1071,0,0,0,0.755,0.41,0.59,0,0,0.0,4,SEARCH_PHASE,-1.5882,1.2081,-65.5928,40.4499
105,3.015,-29.4996,22.955,3.362,-1.5597,1.1816,1.6999,3.262,77.101,77.166,36.1244,-17.5185,0.2,0.0,0.0,0.0,-1.3351,0.8134,1.7,2.3095,-0.1469,0,0,0,0.745,0.407,0.593,0,0,0.0,4,SEARCH_PHASE,-1.5597,1.1816,-65.624,40.4735
106,3.046,-29.5302,22.978,3.396,-1.5313,1.1517,1.7018,3.296,77.139,77.206,36.1244,-17.5185,0.2,0.0,0.0,0.0,-1.2949,0.7871,1.7,2.2773,-0.0979,0,0,0,0.74,0.406,0.594,0,0,0.0,4,SEARCH_PHASE,-1.5313,1.1517,-65.6546,40.4965
107,3.078,-29.5602,23.0003,3.4301,-1.5015,1.1159,1.7021,3.33,77.177,77.244,36.1244,-17.5185,0.2,0.0,0.0,0.0,-1.255,0.7604,1.7,2.2457,-0.1073,0,0,0,0.742,0.401,0.599,0,0,0.0,4,SEARCH_PHASE,-1.5015,1.1159,-65.6846,40.5188
108,3.108,-29.5897,23.0219,3.4641,-1.4722,1.0776,1.7017,3.364,77.213,77.282,36.1244,-17.5185,0.2,0.0,0.0,0.0,-1.215,0.7338,1.7,2.2147,-0.073,0,0,0,0.74,0.399,0.601,0,0,0.0,4,SEARCH_PHASE,-1.4722,1.0776,-65.7141,40.5404
109,3.145,-29.6185,23.0426,3.4981,-1.4405,1.0364,1.7013,3.398,77.249,77.319,36.1244,-17.5185,0.2,0.0,0.0,0.0,-1.1754,0.7068,1.7,2.1843,-0.121,0,0,0,0.74,0.402,0.598,0,0,0.0,4,SEARCH_PHASE,-1.4405,1.0364,-65.7429,40.5611
110,3.174,-29.6467,23.0625,3.5321,-1.4081,0.9954,1.701,3.432,77.283,77.355,36.1244,-17.5185,0.2,0.0,0.0,0.0,-1.1356,0.6799,1.7,2.1545,-0.0763,0,0,0,0.738,0.401,0.599,0,0,0.0,4,SEARCH_PHASE,-1.4081,0.9954,-65.7711,40.581
111,3.201,-29.6741,23.0816,3.5661,-1.3735,0.9517,1.6997,3.466,77.316,77.39,36.1244,-17.5185,0.2,0.0,0.0,0.0,-1.096,0.6528,1.7,2.1254,-0.1243,0,0,0,0.735,0.395,0.605,0,0,0.0,4,SEARCH_PHASE,-1.3735,0.9517,-65.7985,40.6001
112,3.229,-29.7009,23.0997,3.6001,-1.3385,0.9087,1.6988,3.5,77.349,77.423,36.1244,-17.5185,0.2,0.0,0.0,0.0,-1.0562,0.626,1.7,2.097,-0.0794,0,0,0,0.732,0.396,0.604,0,0,0.0,4,SEARCH_PHASE,-1.3385,0.9087,-65.8253,40.6182
113,3.257,-29.7269,23.117,3.6341,-1.3015,0.8633,1.6969,3.534,77.38,77.456,36.1244,-17.5185,0.2,0.0,0.0,0.0,-1.0164,0.599,1.7,2.0693,-0.123,0,0,0,0.73,0.395,0.605,0,0,0.0,4,SEARCH_PHASE,-1.3015,0.8633,-65.8513,40.6355
114,3.284,-29.7522,23.1334,3.668,-1.2644,0.819,1.6955,3.568,77.41,77.488,36.1244,-17.5185,0.2,0.0,0.0,0.0,-0.9764,0.5725,1.7,2.0423,-0.0779,0,0,0,0.727,0.391,0.609,0,0,0.0,4,SEARCH_PHASE,-1.2644,0.819,-65.8766,40.6519
115,3.314,-29.7767,23.1488,3.7018,-1.2253,0.7731,1.6932,3.602,77.439,77.518,36.1244,-17.5185,0.2,0.0,0.0,0.0,-0.9363,0.5461,1.7,2.0162,-0.1199,0,0,0,0.726,0.39,0.61,0,0,0.0,4,SEARCH_PHASE,-1.2253,0.7731,-65.9011,40.6674
116,3.344,-29.8004,23.1634,3.7357,-1.1861,0.729,1.6919,3.636,77.467,77.547,36.1244,-17.5185,0.2,0.0,0.0,0.0,-0.8961,0.52,1.7,1.9908,-0.0738,0,0,0,0.722,0.386,0.614,0,0,0.0,4,SEARCH_PHASE,-1.1861,0.729,-65.9248,40.6819
117,3.375,-29.8233,23.1771,3.7695,-1.1452,0.6839,1.6901,3.669,77.493,77.576,36.1244,-17.5185,0.2,0.0,0.0,0.0,-0.8557,0.494,1.7,1.9663,-0.1204,0,0,0,0.721,0.383,0.617,0,0,0.0,4,SEARCH_PHASE,-1.1452,0.6839,-65.9478,40.6956
118,3.405,-29.8454,23.1899,3.8032,-1.1043,0.6413,1.6889,3.703,77.519,77.603,36.1244,-17.5185,0.2,0.0,0.0,0.0,-0.8152,0.4682,1.7,1.9426,-0.0741,0,0,0,0.718,0.379,0.621,0,0,0.0,4,SEARCH_PHASE,-1.1043,0.6413,-65.9698,40.7084
119,3.436,-29.8667,23.2019,3.837,-1.062,0.5982,1.6869,3.737,77.543,77.629,36.1244,-17.5185,0.2,0.0,0.0,0.0,-0.7746,0.4426,1.7,1.9199,-0.1167,0,0,0,0.716,0.379,0.621,0,0,0.0,4,SEARCH_PHASE,-1.062,0.5982,-65.9911,40.7204
120,3.466,-29.8871,23.2131,3.8707,-1.02,0.5578,1.6862,3.771,77.567,77.653,36.1244,-17.5185,0.2,0.0,0.0,0.0,-0.7339,0.4173,1.652,1.8552,-0.0684,0,0,0,0.712,0.375,0.625,0,0,0.0,4,SEARCH_PHASE,-1.02,0.5578,-66.0115,40.7316
121,3.496,-29.9067,23.2235,3.9041,-0.98,0.5203,1.6687,3.804,77.589,77.677,36.1244,-17.5185,0.2,0.0,0.0,0.0,-0.6931,0.392,1.604,1.7908,-0.1107,0,0,0,0.711,0.374,0.626,0,0,0.0,4,SEARCH_PHASE,-0.98,0.5203,-66.0311,40.742
122,3.525,-29.9255,23.2332,3.9369,-0.9429,0.4876,1.641,3.837,77.61,77.7,36.1244,-17.5185,0.2,0.0,0.0,0.0,-0.6522,0.3668,1.556,1.7266,-0.0704,0,0,0,0.708,0.373,0.627,0,0,0.0,4,SEARCH_PHASE,-0.9429,0.4876,-66.0499,40.7517
123,3.553,-29.9437,23.2423,3.969,-0.9064,0.4563,1.6065,3.869,77.63,77.722,36.1244,-17.5185,0.2,0.0,0.0,0.0,-0.6112,0.3418,1.508,1.6627,-0.1105,0,0,0,0.708,0.375,0.625,0,0,0.0,4,SEARCH_PHASE,-0.9064,0.4563,-66.0681,40.7608
124,3.581,-29.9611,23.2509,4.0004,-0.8705,0.4282,1.5678,3.9,77.649,77.742,36.1244,-17.5185,0.2,0.0,0.0,0.0,-0.5702,0.3169,1.46,1.5991,-0.0666,0,0,0,0.705,0.369,0.631,0,0,0.0,4,SEARCH_PHASE,-0.8705,0.4282,-66.0855,40.7694
125,3.61,-29.9777,23.2589,4.0309,-0.8338,0.4008,1.526,3.931,77.668,77.762,36.1244,-17.5185,0.2,0.0,0.0,0.0,-0.5291,0.292,1.412,1.5359,-0.1058,0,0,0,0.704,0.364,0.636,0,0,0.0,4,SEARCH_PHASE,-0.8338,0.4008,-66.1021,40.7774
126,3.64,-29.9937,23.2664,4.0606,-0.7974,0.3762,1.4826,3.961,77.685,77.781,36.1244,-17.5185,0.2,0.0,0.0,0.0,-0.4881,0.2672,1.364,1.4731,-0.0683,0,0,0,0.702,0.367,0.633,0,0,0.0,4,SEARCH_PHASE,-0.7974,0.3762,-66.1181,40.7849
127,3.673,-30.0089,23.2735,4.0893,-0.7601,0.3522,1.4379,3.989,77.702,77.799,36.1244,-17.5185,0.2,0.0,0.0,0.0,-0.447,0.2424,1.316,1.4108,-0.1061,0,0,0,0.703,0.37,0.63,0,0,0.0,4,SEARCH_PHASE,-0.7601,0.3522,-66.1333,40.792
128,3.708,-30.0233,23.2801,4.1172,-0.7219,0.3307,1.3925,4.017,77.718,77.816,36.1244,-17.5185,0.2,0.0,0.0,0.0,-0.4058,0.2176,1.268,1.349,-0.0714,0,0,0,0.7,0.367,0.633,0,0,0.0,4,SEARCH_PHASE,-0.7219,0.3307,-66.1477,40.7986
129,3.737,-30.037,23.2863,4.1441,-0.682,0.3096,1.3463,4.044,77.733,77.833,36.1244,-17.5185,0.2,0.0,0.0,0.0,-0.3647,0.1929,1.22,1.2879,-0.1104,0,0,0,0.701,0.369,0.631,0,0,0.0,4,SEARCH_PHASE,-0.682,0.3096,-66.1614,40.8048
130,3.765,-30.0498,23.2921,4.1701,-0.6419,0.2907,1.2998,4.07,77.747,77.848,36.1244,-17.5185,0.2,0.0,0.0,0.0,-0.3236,0.1681,1.172,1.2274,-0.0784,0,0,0,0.698,0.367,0.633,0,0,0.0,4,SEARCH_PHASE,-0.6419,0.2907,-66.1742,40.8106
131,3.793,-30.0618,23.2975,4.1951,-0.6003,0.2718,1.2528,4.095,77.76,77.862,36.1244,-17.5185,0.2,0.0,0.0,0.0,-0.2825,0.1433,1.124,1.1678,-0.1174,0,0,0,0.698,0.369,0.631,0,0,0.0,4,SEARCH_PHASE,-0.6003,0.2718,-66.1862,40.816
132,3.823,-30.073,23.3026,4.2193,-0.5588,0.2544,1.2058,4.119,77.772,77.876,36.1244,-17.5185,0.2,0.0,0.0,0.0,-0.2414,0.1185,1.076,1.1091,-0.074,0,0,0,0.696,0.369,0.631,0,0,0.0,4,SEARCH_PHASE,-0.5588,0.2544,-66.1974,40.8211
133,3.853,-30.0833,23.3074,4.2424,-0.5161,0.2364,1.1583,4.142,77.783,77.888,36.1244,-17.5185,0.2,0.0,0.0,0.0,-0.2003,0.0938,1.028,1.0515,-0.113,0,0,0,0.696,0.365,0.635,0,0,0.0,4,SEARCH_PHASE,-0.5161,0.2364,-66.2077,40.8259
134,3.882,-30.0928,23.3118,4.2646,-0.4738,0.2201,1.1108,4.165,77.793,77.9,36.1244,-17.5185,0.2,0.0,0.0,0.0,-0.1592,0.069,0.98,0.9952,-0.1053,0,0,0,0.694,0.362,0.638,0,0,0.0,4,SEARCH_PHASE,-0.4738,0.2201,-66.2172,40.8303
135,3.91,-30.1014,23.3158,4.2859,-0.4306,0.2036,1.0626,4.186,77.803,77.91,36.1244,-17.5185,0.2,0.0,0.0,0.0,-0.1181,0.0442,0.932,0.9405,-0.1261,0,0,0,0.695,0.367,0.633,0,0,0.0,4,SEARCH_PHASE,-0.4306,0.2036,-66.2258,40.8343
136,3.941,-30.1091,23.3196,4.3062,-0.3875,0.1863,1.0147,4.206,77.812,77.92,36.1244,-17.5185,0.2,0.0,0.0,0.0,-0.0769,0.0194,0.884,0.8876,-0.0913,0,0,0,0.694,0.368,0.632,0,0,0.0,4,SEARCH_PHASE,-0.3875,0.1863,-66.2336,40.8381
137,3.969,-30.116,23.3229,4.3255,-0.3431,0.1668,0.967,4.226,77.819,77.928,36.1244,-17.5185,0.2,0.0,0.0,0.0,-0.0358,-0.0053,0.836,0.8368,-0.1302,0,0,0,0.695,0.367,0.633,0,0,0.0,4,SEARCH_PHASE,-0.3431,0.1668,-66.2404,40.8414
138,3.998,-30.122,23.3258,4.3439,-0.2987,0.1473,0.9194,4.244,77.826,77.936,36.1244,-17.5185,0.2,0.0,0.0,0.0,0.0053,-0.0301,0.788,0.7886,-0.0844,0,0,0,0.693,0.368,0.632,0,0,0.0,4,SEARCH_PHASE,-0.2987,0.1473,-66.2464,40.8443
139,4.026,-30.1271,23.3284,4.3613,-0.2536,0.1257,0.8712,4.261,77.831,77.943,36.1244,-17.5185,0.2,0.0,0.0,0.0,0.0464,-0.0549,0.74,0.7435,-0.1242,0,0,0,0.693,0.368,0.632,0,0,0.0,4,SEARCH_PHASE,-0.2536,0.1257,-66.2515,40.8469
140,4.053,-30.1312,23.3304,4.3778,-0.2089,0.1044,0.8233,4.278,77.836,77.948,36.1244,-17.5185,0.2,0.0,0.0,0.0,0.0875,-0.0796,0.692,0.702,-0.078,0,0,0,0.691,0.366,0.634,0,0,0.0,4,SEARCH_PHASE,-0.2089,0.1044,-66.2556,40.8489
141,4.082,-30.1345,23.3321,4.3933,-0.1637,0.0813,0.7749,4.293,77.84,77.953,36.1244,-17.5185,0.2,0.0,0.0,0.0,0.1286,-0.1044,0.644,0.665,-0.1179,0,0,0,0.691,0.366,0.634,0,0,0.0,4,SEARCH_PHASE,-0.1637,0.0813,-66.2589,40.8506
142,4.111,-30.1369,23.3332,4.4078,-0.119,0.0588,0.7269,4.308,77.842,77.956,36.1244,-17.5185,0.2,0.0,0.0,0.0,0.1697,-0.1292,0.596,0.633,-0.0713,0,0,0,0.689,0.364,0.636,0,0,0.0,4,SEARCH_PHASE,-0.119,0.0588,-66.2613,40.8517
143,4.142,-30.1384,23.3339,4.4214,-0.074,0.0347,0.6785,4.321,77.844,77.958,36.1244,-17.5185,0.2,0.0,0.0,0.0,0.2109,-0.154,0.548,0.607,-0.111,0,0,0,0.689,0.364,0.636,0,0,0.0,4,SEARCH_PHASE,-0.074,0.0347,-66.2628,40.8524
144,4.172,-30.139,23.3342,4.434,-0.0298,0.0114,0.6305,4.334,77.845,77.96,36.1244,-17.5185,0.2,0.0,0.0,0.0,0.252,-0.1787,0.5,0.5877,-0.0641,0,0,0,0.687,0.364,0.636,0,0,0.0,4,SEARCH_PHASE,-0.0298,0.0114,-66.2634,40.8527
145,4.223,-30.1387,23.3339,4.4457,0.0146,-0.0131,0.5823,4.346,77.844,77.96,36.1244,-17.5185,0.2,0.0,0.0,0.0,0.2931,-0.2035,0.452,0.5759,-0.1038,0,0,0,0.687,0.364,0.636,0,0,0.0,4,SEARCH_PHASE,0.0146,-0.0131,-66.2631,40.8524
146,4.265,-30.1375,23.3332,4.4564,0.058,-0.0366,0.5345,4.356,77.843,77.959,36.1244,-17.5185,0.2,0.0,0.0,0.0,0.3342,-0.2283,0.404,0.5719,-0.059,0,0,0,0.695,0.359,0.641,0,0,0.0,4,SEARCH_PHASE,0.058,-0.0366,-66.2619,40.8517
147,4.295,-30.1355,23.332,4.4661,0.1014,-0.061,0.4865,4.366,77.84,77.957,36.1244,-17.5185,0.2,0.0,0.0,0.0,0.3753,-0.253,0.356,0.5759,-0.0985,0,0,0,0.685,0.358,0.642,0,0,0.0,4,SEARCH_PHASE,0.1014,-0.061,-66.2599,40.8505
148,4.325,-30.1326,23.3303,4.4748,0.1434,-0.0841,0.4381,4.375,77.837,77.954,36.1244,-17.5185,0.2,0.0,0.0,0.0,0.4164,-0.2778,0.308,0.5878,-0.0801,0,0,0,0.694,0.356,0.644,0,0,0.0,4,SEARCH_PHASE,0.1434,-0.0841,-66.257,40.8488
149,4.361,-30.1289,23.3281,4.4827,0.1856,-0.1083,0.3906,4.383,77.833,77.951,36.1244,-17.5185,0.2,0.0,0.0,0.0,0.4575,-0.3026,0.26,0.607,-0.1238,0,0,0,0.685,0.359,0.641,0,0,0.0,4,SEARCH_PHASE,0.1856,-0.1083,-66.2533,40.8466
150,4.399,-30.1244,23.3255,4.4895,0.2273,-0.132,0.3433,4.39,77.828,77.946,36.1244,-17.5185,0.2,0.0,0.0,0.0,0.4987,-0.3273,0.212,0.6331,-0.0811,0,0,0,0.681,0.357,0.643,0,0,0.0,4,SEARCH_PHASE,0.2273,-0.132,-66.2488,40.844
151,4.431,-30.119,23.3223,4.4954,0.2695,-0.1574,0.2953,4.395,77.821,77.94,36.1244,-17.5185,0.2,0.0,0.0,0.0,0.5398,-0.3521,0.164,0.665,-0.1244,0,0,0,0.682,0.356,0.644,0,0,0.0,4,SEARCH_PHASE,0.2695,-0.1574,-66.2434,40.8408
152,4.469,-30.1127,23.3187,4.5004,0.3111,-0.182,0.2476,4.4,77.814,77.933,36.1244,-17.5185,0.2,0.0,0.0,0.0,0.5809,-0.3769,0.116,0.7021,-0.0819,0,0,0,0.68,0.354,0.646,0,0,0.0,4,SEARCH_PHASE,0.3111,-0.182,-66.2372,40.8372
153,4.504,-30.1057,23.3145,4.5044,0.3531,-0.208,0.1994,4.404,77.806,77.925,36.1244,-17.5185,0.2,0.0,0.0,0.0,0.622,-0.4017,0.068,0.7435,-0.1247,0,0,0,0.681,0.355,0.645,0,0,0.0,4,SEARCH_PHASE,0.3531,-0.208,-66.2301,40.833
154,4.537,-30.0978,23.3099,4.5074,0.3943,-0.2331,0.1517,4.407,77.797,77.916,36.1244,-17.5185,0.2,0.0,0.0,0.0,0.6631,-0.4264,0.02,0.7887,-0.0822,0,0,0,0.679,0.353,0.647,0,0,0.0,4,SEARCH_PHASE,0.3943,-0.2331,-66.2222,40.8284
155,4.567,-30.0891,23.3047,4.5095,0.4355,-0.2591,0.1034,4.409,77.787,77.906,36.1244,-17.5185,0.2,0.0,0.0,0.0,0.7042,-0.4512,-0.028,0.8368,-0.1218,0,0,0,0.679,0.351,0.649,0,0,0.0,4,SEARCH_PHASE,0.4355,-0.2591,-66.2135,40.8232
156,4.598,-30.0796,23.299,4.5106,0.4759,-0.2841,0.0558,4.411,77.776,77.895,36.1244,-17.5185,0.2,0.0,0.0,0.0,0.7453,-0.476,-0.076,0.8876,-0.0826,0,0,0,0.678,0.35,0.65,0,0,0.0,4,SEARCH_PHASE,0.4759,-0.2841,-66.204,40.8175
157,4.628,-30.0692,23.2928,4.5108,0.5163,-0.3098,0.0081,4.411,77.764,77.883,36.1244,-17.5185,0.2,0.0,0.0,0.0,0.7865,-0.5007,-0.124,0.9406,-0.1236,0,0,0,0.679,0.349,0.651,0,0,0.0,4,SEARCH_PHASE,0.5163,-0.3098,-66.1937,40.8113
158,4.662,-30.0581,23.2861,4.51,0.5562,-0.3345,-0.0393,4.41,77.751,77.87,36.1244,-17.5185,0.2,0.0,0.0,0.0,0.8276,-0.5255,-0.172,0.9953,-0.0803,0,0,0,0.678,0.348,0.652,0,0,0.0,4,SEARCH_PHASE,0.5562,-0.3345,-66.1825,40.8046
159,4.692,-30.0462,23.2789,4.5082,0.5967,-0.3599,-0.0872,4.408,77.737,77.856,36.1244,-17.5185,0.2,0.0,0.0,0.0,0.8687,-0.5503,-0.22,1.0516,-0.1209,0,0,0,0.679,0.35,0.65,0,0,0.0,4,SEARCH_PHASE,0.5967,-0.3599,-66.1706,40.7974
160,4.729,-30.0335,23.2712,4.5055,0.6366,-0.3839,-0.1347,4.406,77.722,77.841,36.1244,-17.5185,0.2,0.0,0.0,0.0,0.9098,-0.5751,-0.268,1.1092,-0.0816,0,0,0,0.677,0.347,0.653,0,0,0.0,4,SEARCH_PHASE,0.6366,-0.3839,-66.1579,40.7897
161,4.763,-30.0199,23.2631,4.5019,0.6769,-0.4084,-0.1825,4.402,77.706,77.825,36.1244,-17.5185,0.2,0.0,0.0,0.0,0.9509,-0.5998,-0.316,1.1679,-0.1219,0,0,0,0.678,0.347,0.653,0,0,0.0,4,SEARCH_PHASE,0.6769,-0.4084,-66.1443,40.7816
162,4.794,-30.0056,23.2544,4.4973,0.7163,-0.4315,-0.23,4.397,77.689,77.808,36.1244,-17.5185,0.2,0.0,0.0,0.0,0.992,-0.6246,-0.364,1.2275,-0.0918,0,0,0,0.678,0.349,0.651,0,0,0.0,4,SEARCH_PHASE,0.7163,-0.4315,-66.13,40.7729
163,4.824,-29.9905,23.2453,4.4917,0.7556,-0.455,-0.2782,4.392,77.672,77.79,36.1244,-17.5185,0.2,0.0,0.0,0.0,1.0331,-0.6494,-0.412,1.288,-0.1175,0,0,0,0.68,0.351,0.649,0,0,0.0,4,SEARCH_PHASE,0.7556,-0.455,-66.1149,40.7638
164,4.859,-29.9746,23.2358,4.4852,0.795,-0.4778,-0.3261,4.385,77.653,77.771,36.1244,-17.5185,0.2,0.0,0.0,0.0,1.0743,-0.6741,-0.46,1.3491,-0.1046,0,0,0,0.68,0.352,0.648,0,0,0.0,4,SEARCH_PHASE,0.795,-0.4778,-66.099,40.7543
165,4.889,-29.9579,23.2257,4.4777,0.835,-0.5016,-0.3742,4.378,77.634,77.751,36.1244,-17.5185,0.2,0.0,0.0,0.0,1.1154,-0.6989,-0.508,1.4109,-0.1186,0,0,0,0.682,0.357,0.643,0,0,0.0,4,SEARCH_PHASE,0.835,-0.5016,-66.0823,40.7442
166,4.924,-29.9404,23.2152,4.4693,0.874,-0.5259,-0.4217,4.369,77.613,77.73,36.1244,-17.5185,0.2,0.0,0.0,0.0,1.1565,-0.7237,-0.556,1.4732,-0.083,0,0,0,0.681,0.357,0.643,0,0,0.0,4,SEARCH_PHASE,0.874,-0.5259,-66.0648,40.7337
167,4.954,-29.9221,23.2042,4.4599,0.9137,-0.5516,-0.469,4.36,77.592,77.709,36.1244,-17.5185,0.2,0.0,0.0,0.0,1.1976,-0.7485,-0.604,1.536,-0.1228,0,0,0,0.683,0.359,0.641,0,0,0.0,4,SEARCH_PHASE,0.9137,-0.5516,-66.0465,40.7227
168,4.989,-29.9031,23.1927,4.4496,0.9526,-0.5764,-0.5161,4.35,77.57,77.686,36.1244,-17.5185,0.2,0.0,0.0,0.0,1.2387,-0.7732,-0.652,1.5992,-0.0794,0,0,0,0.683,0.358,0.642,0,0,0.0,4,SEARCH_PHASE,0.9526,-0.5764,-66.0275,40.7112
169,5.024,-29.8832,23.1806,4.4383,0.9917,-0.6025,-0.5636,4.338,77.546,77.662,36.1244,-17.5185,0.2,0.0,0.0,0.0,1.2798,-0.798,-0.7,1.6628,-0.1191,0,0,0,0.685,0.358,0.642,0,0,0.0,4,SEARCH_PHASE,0.9917,-0.6025,-66.0076,40.6991
170,5.058,-29.8626,23.1681,4.4261,1.0302,-0.6275,-0.6109,4.326,77.522,77.637,36.1244,-17.5185,0.2,0.0,0.0,0.0,1.3209,-0.8228,-0.748,1.7267,-0.0773,0,0,0,0.685,0.359,0.641,0,0,0.0,4,SEARCH_PHASE,1.0302,-0.6275,-65.987,40.6866
171,5.103,-29.8413,23.155,4.4129,1.069,-0.6536,-0.6585,4.313,77.497,77.612,36.1244,-17.5185,0.2,0.0,0.0,0.0,1.3621,-0.8476,-0.796,1.7909,-0.1169,0,0,0,0.687,0.36,0.64,0,0,0.0,4,SEARCH_PHASE,1.069,-0.6536,-65.9657,40.6735
172,5.155,-29.8191,23.1414,4.3988,1.1074,-0.6786,-0.7058,4.299,77.471,77.585,36.1244,-17.5185,0.2,0.0,0.0,0.0,1.4032,-0.8723,-0.844,1.8553,-0.0719,0,0,0,0.689,0.362,0.638,0,0,0.0,4,SEARCH_PHASE,1.1074,-0.6786,-65.9435,40.6599
173,5.204,-29.7962,23.1273,4.3837,1.1465,-0.7045,-0.7535,4.284,77.444,77.557,36.1244,-17.5185,0.2,0.0,0.0,0.0,1.4443,-0.8971,-0.892,1.92,-0.1114,0,0,0,0.69,0.365,0.635,0,0,0.0,4,SEARCH_PHASE,1.1465,-0.7045,-65.9206,40.6458
174,5.248,-29.7725,23.1128,4.3677,1.185,-0.7291,-0.8009,4.268,77.416,77.528,36.1244,-17.5185,0.2,0.0,0.0,0.0,1.4854,-0.9219,-0.94,1.9849,-0.0699,0,0,0,0.692,0.367,0.633,0,0,0.0,4,SEARCH_PHASE,1.185,-0.7291,-65.8969,40.6313
175,5.289,-29.748,23.0977,4.3507,1.2241,-0.7543,-0.8485,4.251,77.388,77.499,36.1244,-17.5185,0.2,0.0,0.0,0.0,1.5265,-0.9467,-0.988,2.05,-0.1095,0,0,0,0.693,0.371,0.629,0,0,0.0,4,SEARCH_PHASE,1.2241,-0.7543,-65.8724,40.6162
176,5.342,-29.7227,23.0821,4.3328,1.263,-0.7781,-0.8959,4.233,77.358,77.468,36.1244,-17.5185,0.2,0.0,0.0,0.0,1.5676,-0.9714,-1.036,2.1153,-0.0701,0,0,0,0.695,0.372,0.628,0,0,0.0,4,SEARCH_PHASE,1.263,-0.7781,-65.8471,40.6006
177,5.388,-29.6967,23.0661,4.3139,1.3028,-0.8026,-0.9436,4.214,77.327,77.437,36.1244,-17.5185,0.2,0.0,0.0,0.0,1.6087,-0.9963,-1.084,2.1807,-0.1097,0,0,0,0.697,0.373,0.627,0,0,0.0,4,SEARCH_PHASE,1.3028,-0.8026,-65.8211,40.5846
178,5.426,-29.6698,23.0495,4.2941,1.3423,-0.8258,-0.9909,4.194,77.296,77.404,36.1244,-17.5185,0.2,0.0,0.0,0.0,1.6495,-1.0216,-1.132,2.2463,-0.0639,0,0,0,0.7,0.373,0.627,0,0,0.0,4,SEARCH_PHASE,1.3423,-0.8258,-65.7942,40.568
179,5.463,-29.6422,23.0325,4.2734,1.3824,-0.8498,-1.0386,4.173,77.263,77.371,36.1244,-17.5185,0.2,0.0,0.0,0.0,1.6899,-1.0475,-1.18,2.312,-0.1034,0,0,0,0.702,0.377,0.623,0,0,0.0,4,SEARCH_PHASE,1.3824,-0.8498,-65.7666,40.551
180,5.506,-29.6137,23.0151,4.2516,1.4218,-0.8723,-1.0861,4.152,77.23,77.336,36.1244,-17.5185,0.2,0.0,0.0,0.0,1.7297,-1.0743,-1.228,2.3778,-0.0832,0,0,0,0.706,0.382,0.618,0,0,0.0,4,SEARCH_PHASE,1.4218,-0.8723,-65.7382,40.5336
181,5.549,-29.5845,22.9972,4.229,1.4618,-0.8952,-1.1335,4.129,77.196,77.301,36.1244,-17.5185,0.2,0.0,0.0,0.0,1.7684,-1.1027,-1.276,2.4436,-0.1219,0,0,0,0.705,0.387,0.613,0,0,0.0,4,SEARCH_PHASE,1.4618,-0.8952,-65.7089,40.5157
182,5.581,-29.5545,22.9788,4.2054,1.5016,-0.9182,-1.1807,4.105,77.161,77.264,36.1244,-17.5185,0.2,0.0,0.0,0.0,1.8055,-1.1331,-1.324,2.5093,-0.0756,0,0,0,0.711,0.387,0.613,0,0,0.0,4,SEARCH_PHASE,1.5016,-0.9182,-65.6789,40.4973
183,5.614,-29.5236,22.96,4.1808,1.5419,-0.9429,-1.2286,4.081,77.124,77.227,36.1244,-17.5185,0.2,0.0,0.0,0.0,1.84,-1.1665,-1.372,2.5746,-0.1153,0,0,0,0.71,0.391,0.609,0,0,0.0,4,SEARCH_PHASE,1.5419,-0.9429,-65.6481,40.4785
184,5.647,-29.492,22.9406,4.1553,1.5816,-0.9673,-1.2761,4.055,77.087,77.189,36.1244,-17.5185,0.2,0.0,0.0,0.0,1.8728,-1.2016,-1.42,2.6396,-0.0685,0,0,0,0.715,0.391,0.609,0,0,0.0,4,SEARCH_PHASE,1.5816,-0.9673,-65.6164,40.4591
185,5.682,-29.4596,22.9208,4.1288,1.6216,-0.9932,-1.324,4.029,77.049,77.149,36.1244,-17.5185,0.2,0.0,0.0,0.0,1.8854,-1.228,-1.372,2.6353,-0.1082,0,0,0,0.719,0.389,0.611,0,0,0.0,4,SEARCH_PHASE,1.6216,-0.9932,-65.584,40.4393
186,5.715,-29.4262,22.9003,4.102,1.6699,-1.0243,-1.3411,4.002,77.01,77.109,36.1244,-17.5185,0.2,0.0,0.0,0.0,1.8893,-1.222,-1.324,2.6106,-0.0565,0,0,0,0.719,0.393,0.607,0,0,0.0,4,SEARCH_PHASE,1.6699,-1.0243,-65.5506,40.4188
187,5.75,-29.3917,22.8791,4.0752,1.7242,-1.0608,-1.3398,3.975,76.97,77.067,36.1244,-17.5185,0.2,0.0,0.0,0.0,1.8994,-1.2062,-1.276,2.5866,-0.0859,0,0,0,0.717,0.386,0.614,0,0,0.0,4,SEARCH_PHASE,1.7242,-1.0608,-65.5161,40.3976
188,5.783,-29.3561,22.8571,4.0487,1.7808,-1.0983,-1.3249,3.949,76.928,77.024,36.1244,-17.5185,0.2,0.0,0.0,0.0,1.9061,-1.1955,-1.228,2.5633,-0.0702,0,0,0,0.722,0.386,0.614,0,0,0.0,4,SEARCH_PHASE,1.7808,-1.0983,-65.4805,40.3756
189,5.825,-29.3194,22.8343,4.0227,1.8347,-1.138,-1.3002,3.923,76.885,76.98,36.1244,-17.5185,0.2,0.0,0.0,0.0,1.9055,-1.1965,-1.18,2.5406,-0.0511,0,0,0,0.724,0.384,0.616,0,0,0.0,4,SEARCH_PHASE,1.8347,-1.138,-65.4438,40.3528
190,5.869,-29.2817,22.8108,3.9973,1.8847,-1.1763,-1.2676,3.897,76.84,76.934,36.1244,-17.5185,0.2,0.0,0.0,0.0,1.9116,-1.1867,-1.132,2.5187,-0.0661,0,0,0,0.719,0.381,0.619,0,0,0.0,4,SEARCH_PHASE,1.8847,-1.1763,-65.4061,40.3293
191,5.903,-29.243,22.7866,3.9727,1.933,-1.2105,-1.2288,3.873,76.795,76.887,36.1244,-17.5185,0.2,0.0,0.0,0.0,1.9187,-1.1752,-1.084,2.4975,-0.0441,0,0,0,0.717,0.383,0.617,0,0,0.0,4,SEARCH_PHASE,1.933,-1.2105,-65.3674,40.3051
192,5.943,-29.2035,22.7618,3.949,1.9753,-1.2414,-1.1851,3.849,76.748,76.839,36.1244,-17.5185,0.2,0.0,0.0,0.0,1.9269,-1.1616,-1.036,2.4771,-0.0824,0,0,0,0.711,0.379,0.621,0,0,0.0,4,SEARCH_PHASE,1.9753,-1.2414,-65.3279,40.2803
193,5.977,-29.1632,22.7364,3.9263,2.0151,-1.2666,-1.1381,3.826,76.7,76.791,36.1244,-17.5185,0.2,0.0,0.0,0.0,1.9322,-1.1528,-0.988,2.4574,-0.0551,0,0,0,0.709,0.371,0.629,0,0,0.0,4,SEARCH_PHASE,2.0151,-1.2666,-65.2876,40.2549
194,6.015,-29.1223,22.7107,3.9045,2.0473,-1.2885,-1.0896,3.804,76.652,76.741,36.1244,-17.5185,0.2,0.0,0.0,0.0,1.9363,-1.146,-0.9877,2.4572,-0.0855,0,0,0,0.703,0.363,0.637,0,0,0.0,4,SEARCH_PHASE,2.0473,-1.2885,-65.2467,40.2292
195,6.05,-29.0808,22.6846,3.8834,2.0737,-1.3033,-1.0559,3.783,76.603,76.691,36.1244,-17.5185,0.2,0.0,0.0,0.0,1.9491,-1.1241,-1.0357,2.4769,-0.0561,0,0,0,0.713,0.367,0.633,0,0,0.0,4,SEARCH_PHASE,2.0737,-1.3033,-65.2052,40.2031
196,6.088,-29.039,22.6583,3.8624,2.0894,-1.3133,-1.0501,3.762,76.554,76.641,36.1244,-17.5185,0.2,0.0,0.0,0.0,1.952,-1.119,-1.0837,2.4974,-0.056,0,0,0,0.718,0.363,0.637,0,0,0.0,4,SEARCH_PHASE,2.0894,-1.3133,-65.1634,40.1768
197,6.124,-28.997,22.632,3.8411,2.1001,-1.318,-1.0618,3.741,76.504,76.591,36.1244,-17.5185,0.2,0.0,0.0,0.0,1.9482,-1.1257,-1.1317,2.5186,-0.0429,0,0,0,0.715,0.35,0.65,0,0,0.0,4,SEARCH_PHASE,2.1001,-1.318,-65.1214,40.1505
198,6.154,-28.9549,22.6056,3.8194,2.1046,-1.3177,-1.0849,3.719,76.454,76.54,36.1244,-17.5185,0.2,0.0,0.0,0.0,1.941,-1.1379,-1.1797,2.5405,-0.0728,0,0,0,0.709,0.347,0.653,0,0,0.0,4,SEARCH_PHASE,2.1046,-1.3177,-65.0793,40.1241
199,6.183,-28.9128,22.5794,3.7971,2.1059,-1.3125,-1.1158,3.697,76.405,76.489,36.1244,-17.5185,0.2,0.0,0.0,0.0,1.937,-1.1448,-1.2277,2.5631,-0.0659,0,0,0,0.705,0.338,0.662,0,0,0.0,4,SEARCH_PHASE,2.1059,-1.3125,-65.0372,40.0979
200,6.212,-28.8708,22.5533,3.7741,2.1019,-1.3043,-1.1523,3.674,76.355,76.439,36.1244,-17.5185,0.2,0.0,0.0,0.0,1.9351,-1.148,-1.2757,2.5865,-0.0889,0,0,0,0.702,0.347,0.653,0,0,0.0,4,SEARCH_PHASE,2.1019,-1.3043,-64.9952,40.0718
201,6.244,-28.8289,22.5274,3.7502,2.0948,-1.293,-1.1926,3.65,76.306,76.389,36.1244,-17.5185,0.2,0.0,0.0,0.0,1.933,-1.1515,-1.2277,2.5631,-0.0754,0,0,0,0.702,0.355,0.645,0,0,0.0,4,SEARCH_PHASE,2.0948,-1.293,-64.9533,40.0459
202,6.274,-28.7872,22.5019,3.7262,2.0834,-1.2779,-1.1997,3.626,76.257,76.339,36.1244,-17.5185,0.2,0.0,0.0,0.0,1.9289,-1.1585,-1.1797,2.5405,-0.1024,0,0,0,0.702,0.355,0.645,0,0,0.0,4,SEARCH_PHASE,2.0834,-1.2779,-64.9116,40.0204
203,6.303,-28.7458,22.4767,3.7025,2.0695,-1.2586,-1.1869,3.602,76.209,76.289,36.1244,-17.5185,0.2,0.0,0.0,0.0,1.936,-1.1464,-1.1317,2.5186,-0.1202,0,0,0,0.706,0.352,0.648,0,0,0.0,4,SEARCH_PHASE,2.0695,-1.2586,-64.8702,39.9952
204,6.332,-28.7048,22.4519,3.6792,2.0523,-1.2377,-1.1617,3.579,76.161,76.24,36.1244,-17.5185,0.2,0.0,0.0,0.0,1.931,-1.1549,-1.0837,2.4974,-0.0817,0,0,0,0.706,0.348,0.652,0,0,0.0,4,SEARCH_PHASE,2.0523,-1.2377,-64.8292,39.9704
205,6.367,-28.6641,22.4276,3.6567,2.0344,-1.2175,-1.1288,3.557,76.113,76.192,36.1244,-17.5185,0.2,0.0,0.0,0.0,1.9341,-1.1496,-1.0357,2.4769,-0.1184,0,0,0,0.71,0.349,0.651,0,0,0.0,4,SEARCH_PHASE,2.0344,-1.2175,-64.7885,39.9461
206,6.4,-28.6238,22.4037,3.6348,2.0138,-1.1948,-1.0915,3.535,76.067,76.144,36.1244,-17.5185,0.2,0.0,0.0,0.0,1.9427,-1.1351,-0.9877,2.4572,-0.0855,0,0,0,0.715,0.355,0.645,0,0,0.0,4,SEARCH_PHASE,2.0138,-1.1948,-64.7482,39.9222
207,6.429,-28.5839,22.3802,3.6138,1.9929,-1.1735,-1.05,3.514,76.02,76.097,36.1244,-17.5185,0.2,0.0,0.0,0.0,1.9375,-1.1439,-0.9397,2.4383,-0.113,0,0,0,0.717,0.36,0.64,0,0,0.0,4,SEARCH_PHASE,1.9929,-1.1735,-64.7084,39.8987
208,6.461,-28.5445,22.3572,3.5937,1.9737,-1.1509,-1.0068,3.494,75.975,76.05,36.1244,-17.5185,0.2,0.0,0.0,0.0,1.9498,-1.1229,-0.8917,2.4202,-0.1203,0,0,0,0.723,0.362,0.638,0,0,0.0,4,SEARCH_PHASE,1.9737,-1.1509,-64.6689,39.8757
209,6.49,-28.5054,22.3346,3.5745,1.9536,-1.1298,-0.9624,3.474,75.929,76.004,36.1244,-17.5185,0.2,0.0,0.0,0.0,1.9625,-1.1005,-0.8437,2.403,-0.0756,0,0,0,0.726,0.365,0.635,0,0,0.0,4,SEARCH_PHASE,1.9536,-1.1298,-64.6298,39.8531
210,6.523,-28.4667,22.3124,3.5561,1.9357,-1.1111,-0.9163,3.456,75.885,75.959,36.1244,-17.5185,0.2,0.0,0.0,0.0,1.9773,-1.0737,-0.7957,2.3865,-0.1125,0,0,0,0.731,0.37,0.63,0,0,0.0,4,SEARCH_PHASE,1.9357,-1.1111,-64.5911,39.8309
211,6.561,-28.4283,22.2906,3.5387,1.9176,-1.0907,-0.8699,3.439,75.841,75.914,36.1244,-17.5185,0.2,0.0,0.0,0.0,1.9951,-1.0402,-0.7477,2.371,-0.0796,0,0,0,0.736,0.374,0.626,0,0,0.0,4,SEARCH_PHASE,1.9176,-1.0907,-64.5527,39.8091
212,6.593,-28.3903,22.2691,3.5223,1.9016,-1.0725,-0.8226,3.422,75.797,75.87,36.1244,-17.5185,0.2,0.0,0.0,0.0,2.0111,-1.009,-0.6997,2.3563,-0.1099,0,0,0,0.741,0.364,0.636,0,0,0.0,4,SEARCH_PHASE,1.9016,-1.0725,-64.5147,39.7876
213,6.625,-28.3525,22.248,3.5068,1.8891,-1.0537,-0.7749,3.407,75.754,75.826,36.1244,-17.5185,0.2,0.0,0.0,0.0,2.0319,-0.9657,-0.6517,2.3422,-0.0741,0,0,0,0.746,0.366,0.634,0,0,0.0,4,SEARCH_PHASE,1.8891,-1.0537,-64.4769,39.7665
214,6.656,-28.3149,22.2273,3.4922,1.879,-1.0372,-0.7265,3.392,75.711,75.783,36.1244,-17.5185,0.2,0.0,0.0,0.0,2.0513,-0.9218,-0.6037,2.3285,-0.1101,0,0,0,0.752,0.378,0.622,0,0,0.0,4,SEARCH_PHASE,1.879,-1.0372,-64.4394,39.7458
215,6.685,-28.2775,22.2069,3.4787,1.8722,-1.0201,-0.6778,3.379,75.668,75.739,36.1244,-17.5185,0.2,0.0,0.0,0.0,2.0698,-0.8775,-0.5557,2.3158,-0.0619,0,0,0,0.755,0.382,0.618,0,0,0.0,4,SEARCH_PHASE,1.8722,-1.0201,-64.4019,39.7254
216,6.715,-28.2401,22.1868,3.4661,1.8696,-1.0059,-0.629,3.366,75.626,75.697,36.1244,-17.5185,0.2,0.0,0.0,0.0,2.087,-0.8327,-0.5077,2.3036,-0.0623,0,0,0,0.759,0.391,0.609,0,0,0.0,4,SEARCH_PHASE,1.8696,-1.0059,-64.3645,39.7053
217,6.744,-28.2027,22.167,3.4545,1.8689,-0.9904,-0.5797,3.355,75.584,75.654,36.1244,-17.5185,0.2,0.0,0.0,0.0,2.1042,-0.7879,-0.4597,2.2934,-0.0838,0,0,0,0.76,0.396,0.604,0,0,0.0,4,SEARCH_PHASE,1.8689,-0.9904,-64.3271,39.6855
218,6.773,-28.1653,22.1475,3.4439,1.8735,-0.9734,-0.5307,3.344,75.542,75.611,36.1244,-17.5185,0.2,0.0,0.0,0.0,2.1196,-0.7424,-0.4117,2.2833,-0.0612,0,0,0,0.764,0.404,0.596,0,0,0.0,4,SEARCH_PHASE,1.8735,-0.9734,-64.2897,39.666
219,6.805,-28.1277,22.1284,3.4343,1.8792,-0.9565,-0.4814,3.334,75.5,75.569,36.1244,-17.5185,0.2,0.0,0.0,0.0,2.1352,-0.697,-0.3637,2.2754,-0.074,0,0,0,0.764,0.408,0.592,0,0,0.0,4,SEARCH_PHASE,1.8792,-0.9565,-64.2521,39.6469
220,6.835,-28.0899,22.1096,3.4256,1.89,-0.9375,-0.4324,3.326,75.458,75.527,36.1244,-17.5185,0.2,0.0,0.0,0.0,2.1489,-0.651,-0.3157,2.2674,-0.0497,0,0,0,0.767,0.39,0.61,0,0,0.0,4,SEARCH_PHASE,1.89,-0.9375,-64.2143,39.6281
221,6.864,-28.0518,22.0913,3.418,1.9021,-0.9169,-0.383,3.318,75.416,75.484,36.1244,-17.5185,0.2,0.0,0.0,0.0,2.1655,-0.6107,-0.2677,2.2659,-0.0822,0,0,0,0.767,0.395,0.605,0,0,0.0,4,SEARCH_PHASE,1.9021,-0.9169,-64.1762,39.6098
222,6.894,-28.0134,22.0734,3.4113,1.9193,-0.8924,-0.3344,3.311,75.374,75.442,36.1244,-17.5185,0.2,0.0,0.0,0.0,2.1778,-0.5642,-0.2197,2.2604,-0.056,0,0,0,0.769,0.403,0.597,0,0,0.0,4,SEARCH_PHASE,1.9193,-0.8924,-64.1379,39.5919
223,6.926,-27.9747,22.0561,3.4056,1.9371,-0.8664,-0.2855,3.306,75.332,75.4,36.1244,-17.5185,0.2,0.0,0.0,0.0,2.1646,-0.6104,-0.1717,2.2555,-0.0906,0,0,0,0.768,0.398,0.602,0,0,0.0,4,SEARCH_PHASE,1.9371,-0.8664,-64.0991,39.5746
224,6.958,-27.9355,22.0394,3.4008,1.9591,-0.8368,-0.2398,3.301,75.289,75.357,36.1244,-17.5185,0.2,0.0,0.0,0.0,2.1515,-0.6566,-0.1237,2.2528,-0.0687,0,0,0,0.769,0.403,0.597,0,0,0.0,4,SEARCH_PHASE,1.9591,-0.8368,-64.0599,39.5579
225,6.99,-27.8959,22.0232,3.3969,1.9809,-0.8061,-0.1959,3.297,75.247,75.315,36.1244,-17.5185,0.2,0.0,0.0,0.0,2.1359,-0.702,-0.0757,2.2496,-0.0961,0,0,0,0.768,0.403,0.597,0,0,0.0,4,SEARCH_PHASE,1.9809,-0.8061,-64.0203,39.5418
226,7.026,-27.8558,22.0078,3.3938,2.0044,-0.7723,-0.1527,3.294,75.205,75.273,36.1244,-17.5185,0.2,0.0,0.0,0.0,2.1501,-0.6561,-0.0277,2.2481,-0.129,0,0,0,0.771,0.407,0.593,0,0,0.0,4,SEARCH_PHASE,2.0044,-0.7723,-63.9802,39.5263
227,7.059,-27.8153,21.9931,3.3916,2.0256,-0.7376,-0.108,3.292,75.163,75.231,36.1244,-17.5185,0.2,0.0,0.0,0.0,2.1587,-0.6344,0.0203,2.2501,-0.0829,0,0,0,0.771,0.406,0.594,0,0,0.0,4,SEARCH_PHASE,2.0256,-0.7376,-63.9397,39.5116
228,7.09,-27.7744,21.9789,3.3904,2.0473,-0.7064,-0.0616,3.29,75.121,75.188,36.1244,-17.5185,0.2,0.0,0.0,0.0,2.1712,-0.5881,0.0683,2.2505,-0.1254,0,0,0,0.772,0.398,0.602,0,0,0.0,4,SEARCH_PHASE,2.0473,-0.7064,-63.8988,39.4974
229,7.142,-27.733,21.9654,3.3901,2.0667,-0.6744,-0.0144,3.29,75.078,75.146,36.1244,-17.5185,0.2,0.0,0.0,0.0,2.1836,-0.5426,0.1163,2.253,-0.074,0,0,0,0.772,0.396,0.604,0,0,0.0,4,SEARCH_PHASE,2.0667,-0.6744,-63.8574,39.4839
230,7.184,-27.6913,21.9525,3.3908,2.0862,-0.6458,0.0336,3.291,75.036,75.104,36.1244,-17.5185,0.2,0.0,0.0,0.0,2.1746,-0.5775,0.1643,2.256,-0.1166,0,0,0,0.771,0.396,0.604,0,0,0.0,4,SEARCH_PHASE,2.0862,-0.6458,-63.8157,39.471
231,7.22,-27.6492,21.9402,3.3924,2.1028,-0.6162,0.0803,3.292,74.994,75.062,36.1244,-17.5185,0.2,0.0,0.0,0.0,2.1609,-0.6236,0.2123,2.2591,-0.0748,0,0,0,0.77,0.396,0.604,0,0,0.0,4,SEARCH_PHASE,2.1028,-0.6162,-63.7737,39.4587
232,7.257,-27.6069,21.9284,3.3949,2.119,-0.5898,0.1263,3.295,74.952,75.02,36.1244,-17.5185,0.2,0.0,0.0,0.0,2.1726,-0.577,0.2603,2.2629,-0.1171,0,0,0,0.772,0.403,0.597,0,0,0.0,4,SEARCH_PHASE,2.119,-0.5898,-63.7313,39.4469
233,7.3,-27.5642,21.9171,3.3984,2.132,-0.5626,0.1735,3.298,74.909,74.978,36.1244,-17.5185,0.2,0.0,0.0,0.0,2.1777,-0.5659,0.3083,2.271,-0.0828,0,0,0,0.772,0.415,0.585,0,0,0.0,4,SEARCH_PHASE,2.132,-0.5626,-63.6886,39.4356
234,7.342,-27.5213,21.9064,3.4028,2.1441,-0.539,0.2213,3.303,74.867,74.936,36.1244,-17.5185,0.2,0.0,0.0,0.0,2.1821,-0.5487,0.3563,2.278,-0.1248,0,0,0,0.774,0.409,0.591,0,0,0.0,4,SEARCH_PHASE,2.1441,-0.539,-63.6458,39.4249
235,7.385,-27.4783,21.896,3.4082,2.1538,-0.5161,0.2696,3.308,74.825,74.894,36.1244,-17.5185,0.2,0.0,0.0,0.0,2.1696,-0.595,0.4043,2.2857,-0.0728,0,0,0,0.771,0.404,0.596,0,0,0.0,4,SEARCH_PHASE,2.1538,-0.5161,-63.6027,39.4145
236,7.424,-27.435,21.8861,3.4146,2.1634,-0.4982,0.3173,3.315,74.783,74.852,36.1244,-17.5185,0.2,0.0,0.0,0.0,2.1646,-0.6141,0.4523,2.295,-0.1148,0,0,0,0.773,0.4,0.6,0,0,0.0,4,SEARCH_PHASE,2.1634,-0.4982,-63.5594,39.4046
237,7.463,-27.3916,21.8765,3.4219,2.1703,-0.4805,0.3649,3.322,74.741,74.811,36.1244,-17.5185,0.2,0.0,0.0,0.0,2.1771,-0.5677,0.5003,2.3049,-0.0986,0,0,0,0.774,0.396,0.604,0,0,0.0,4,SEARCH_PHASE,2.1703,-0.4805,-63.516,39.395
238,7.5,-27.3481,21.8671,3.4301,2.1767,-0.4672,0.4138,3.33,74.699,74.769,36.1244,-17.5185,0.2,0.0,0.0,0.0,2.1883,-0.5211,0.5483,2.3154,-0.0795,0,0,0,0.774,0.398,0.602,0,0,0.0,4,SEARCH_PHASE,2.1767,-0.4672,-63.4725,39.3856
239,7.534,-27.3045,21.858,3.4394,2.1791,-0.4573,0.4629,3.339,74.657,74.728,36.1244,-17.5185,0.2,0.0,0.0,0.0,2.174,-0.5669,0.5963,2.3245,-0.1081,0,0,0,0.747,0.383,0.617,0,0,0.0,4,SEARCH_PHASE,2.1791,-0.4573,-63.4289,39.3765
240,7.575,-27.2608,21.849,3.4496,2.1822,-0.4486,0.5115,3.35,74.616,74.686,36.1244,-17.5185,0.2,0.0,0.0,0.0,2.1605,-0.6129,0.6443,2.3364,-0.0873,0,0,0,0.747,0.386,0.614,0,0,0.0,4,SEARCH_PHASE,2.1822,-0.4486,-63.3852,39.3675
241,7.624,-27.2172,21.8401,3.4608,2.1813,-0.4432,0.5598,3.361,74.574,74.645,36.1244,-17.5185,0.2,0.0,0.0,0.0,2.1462,-0.6588,0.6923,2.3494,-0.1177,0,0,0,0.745,0.383,0.617,0,0,0.0,4,SEARCH_PHASE,2.1813,-0.4432,-63.3416,39.3586
242,7.665,-27.1736,21.8314,3.473,2.1807,-0.4392,0.6083,3.373,74.532,74.604,36.1244,-17.5185,0.2,0.0,0.0,0.0,2.1426,-0.6867,0.7403,2.3687,-0.113,0,0,0,0.745,0.388,0.612,0,0,0.0,4,SEARCH_PHASE,2.1807,-0.4392,-63.298,39.3499
243,7.705,-27.1301,21.8226,3.4861,2.1764,-0.4389,0.6571,3.386,74.491,74.563,36.1244,-17.5185,0.2,0.0,0.0,0.0,2.1561,-0.6407,0.7883,2.3835,-0.1359,0,0,0,0.747,0.386,0.614,0,0,0.0,4,SEARCH_PHASE,2.1764,-0.4389,-63.2545,39.3411
244,7.746,-27.0866,21.8137,3.5002,2.1719,-0.4419,0.7054,3.4,74.449,74.522,36.1244,-17.5185,0.2,0.0,0.0,0.0,2.168,-0.5942,0.8363,2.3985,-0.1115,0,0,0,0.75,0.39,0.61,0,0,0.0,4,SEARCH_PHASE,2.1719,-0.4419,-63.211,39.3322
245,7.787,-27.0433,21.8047,3.5153,2.165,-0.4509,0.7531,3.185,74.408,74.481,36.1244,-17.5185,0.2,0.0,0.0,0.0,2.177,-0.547,0.8843,2.4126,-0.0693,0,0,0,0.749,0.388,0.612,0,0,0.0,4,SEARCH_PHASE,2.165,-0.4509,-63.1677,39.3232
246,7.827,-27.0001,21.7955,3.5313,2.16,-0.4637,0.8005,3.201,74.366,74.441,36.1244,-17.5185,0.2,0.0,0.0,0.0,2.1902,-0.5009,0.9323,2.4325,-0.099,0,0,0,0.749,0.396,0.604,0,0,0.0,4,SEARCH_PHASE,2.16,-0.4637,-63.1245,39.314
247,7.869,-26.957,21.7859,3.5483,2.1549,-0.4759,0.8478,3.218,74.324,74.4,36.1244,-17.5185,0.2,0.0,0.0,0.0,2.1973,-0.4534,0.9803,2.4484,-0.0538,0,0,0,0.753,0.387,0.613,0,0,0.0,4,SEARCH_PHASE,2.1549,-0.4759,-63.0814,39.3044
248,7.907,-26.914,21.7761,3.5661,2.1508,-0.4902,0.8945,3.236,74.283,74.359,36.1244,-17.5185,0.2,0.0,0.0,0.0,2.1989,-0.4054,1.0283,2.4611,-0.0513,0,0,0,0.753,0.388,0.612,0,0,0.0,4,SEARCH_PHASE,2.1508,-0.4902,-63.0384,39.2946
249,7.945,-26.8711,21.7661,3.585,2.1455,-0.5019,0.9411,3.254,74.241,74.318,36.1244,-17.5185,0.2,0.0,0.0,0.0,2.2021,-0.3575,1.0763,2.477,-0.0713,0,0,0,0.756,0.373,0.627,0,0,0.0,4,SEARCH_PHASE,2.1455,-0.5019,-62.9955,39.2846
250,7.98,-26.8282,21.7559,3.6047,2.1428,-0.5103,0.9886,3.274,74.199,74.277,36.1244,-17.5185,0.2,0.0,0.0,0.0,2.1986,-0.3097,1.1243,2.4887,-0.0559,0,0,0,0.758,0.379,0.621,0,0,0.0,4,SEARCH_PHASE,2.1428,-0.5103,-62.9527,39.2744
251,8.009,-26.7855,21.7455,3.6255,2.1387,-0.5172,1.0365,3.295,74.157,74.236,36.1244,-17.5185,0.2,0.0,0.0,0.0,2.186,-0.2633,1.1723,2.4944,-0.0348,0,0,0,0.755,0.373,0.627,0,0,0.0,4,SEARCH_PHASE,2.1387,-0.5172,-62.9099,39.264
252,8.042,-26.7427,21.7351,3.6472,2.1374,-0.5203,1.0852,3.317,74.116,74.196,36.1244,-17.5185,0.2,0.0,0.0,0.0,2.1601,-0.2229,1.2203,2.491,-0.082,0,0,0,0.762,0.377,0.623,0,0,0.0,4,SEARCH_PHASE,2.1374,-0.5203,-62.8671,39.2536
253,8.076,-26.7,21.7248,3.6699,2.1361,-0.5171,1.1339,3.339,74.074,74.155,36.1244,-17.5185,0.2,0.0,0.0,0.0,2.1335,-0.183,1.2683,2.4888,-0.0407,0,0,0,0.763,0.368,0.632,0,0,0.0,4,SEARCH_PHASE,2.1361,-0.5171,-62.8244,39.2433
254,8.109,-26.6573,21.7146,3.6935,2.1368,-0.5116,1.1832,3.363,74.032,74.115,36.1244,-17.5185,0.2,0.0,0.0,0.0,2.1055,-0.144,1.3163,2.4873,-0.0836,0,0,0,0.764,0.362,0.638,0,0,0.0,4,SEARCH_PHASE,2.1368,-0.5116,-62.7817,39.2331
255,8.142,-26.6145,21.7046,3.7182,2.1368,-0.4994,1.2324,3.388,73.991,74.074,36.1244,-17.5185,0.2,0.0,0.0,0.0,2.0807,-0.1029,1.3643,2.4902,-0.0431,0,0,0,0.76,0.354,0.646,0,0,0.0,4,SEARCH_PHASE,2.1368,-0.4994,-62.7389,39.2231
256,8.177,-26.5718,21.6949,3.7438,2.136,-0.484,1.2825,3.413,73.949,74.034,36.1244,-17.5185,0.2,0.0,0.0,0.0,2.0611,-0.0591,1.4123,2.4993,-0.0896,0,0,0,0.761,0.358,0.642,0,0,0.0,4,SEARCH_PHASE,2.136,-0.484,-62.6962,39.2134
257,8.215,-26.5292,21.6857,3.7705,2.1314,-0.4613,1.3321,3.44,73.908,73.995,36.1244,-17.5185,0.2,0.0,0.0,0.0,2.0549,-0.0115,1.4603,2.521,-0.0507,0,0,0,0.766,0.341,0.659,0,0,0.0,4,SEARCH_PHASE,2.1314,-0.4613,-62.6536,39.2042
258,8.262,-26.4867,21.677,3.7981,2.1254,-0.4351,1.3819,3.468,73.868,73.955,36.1244,-17.5185,0.2,0.0,0.0,0.0,2.0898,-0.0445,1.5083,2.5776,-0.0899,0,0,0,0.761,0.327,0.673,0,0,0.0,4,SEARCH_PHASE,2.1254,-0.4351,-62.6111,39.1955
259,8.302,-26.4444,21.6689,3.8267,2.1151,-0.4016,1.4294,3.496,73.828,73.917,36.1244,-17.5185,0.2,0.0,0.0,0.0,2.1341,-0.0629,1.5563,2.642,-0.0942,0,0,0,0.768,0.33,0.67,0,0,0.0,4,SEARCH_PHASE,2.1151,-0.4016,-62.5688,39.1874
260,8.345,-26.4023,21.6616,3.8562,2.1036,-0.3648,1.4753,3.526,73.788,73.879,36.1244,-17.5185,0.2,0.0,0.0,0.0,2.15,-0.1082,1.6043,2.6848,-0.1128,0,0,0,0.768,0.321,0.679,0,0,0.0,4,SEARCH_PHASE,2.1036,-0.3648,-62.5267,39.1801
261,8.39,-26.3604,21.6551,3.8866,2.0943,-0.326,1.5196,3.556,73.749,73.841,36.1244,-17.5185,0.2,0.0,0.0,0.0,2.1583,-0.0609,1.6523,2.7189,-0.0978,0,0,0,0.765,0.33,0.67,0,0,0.0,4,SEARCH_PHASE,2.0943,-0.326,-62.4848,39.1736
262,8.435,-26.3187,21.6494,3.9179,2.0841,-0.2868,1.5654,3.587,73.711,73.804,36.1244,-17.5185,0.2,0.0,0.0,0.0,2.163,-0.0131,1.7,2.7511,-0.1262,0,0,0,0.766,0.325,0.675,0,0,0.0,4,SEARCH_PHASE,2.0841,-0.2868,-62.4431,39.1679
263,8.484,-26.2772,21.6445,3.9501,2.0768,-0.2465,1.6118,3.62,73.673,73.768,36.1244,-17.5185,0.2,0.0,0.0,0.0,2.158,0.0346,1.7,2.7474,-0.0924,0,0,0,0.766,0.322,0.678,0,0,0.0,4,SEARCH_PHASE,2.0768,-0.2465,-62.4016,39.163
264,8.528,-26.2358,21.6402,3.983,2.0702,-0.211,1.6418,3.652,73.636,73.733,36.1244,-17.5185,0.2,0.0,0.0,0.0,2.171,0.0808,1.7,2.7586,-0.0836,0,0,0,0.766,0.325,0.675,0,0,0.0,4,SEARCH_PHASE,2.0702,-0.211,-62.3602,39.1587
265,8.57,-26.1945,21.6367,4.0162,2.0669,-0.1766,1.661,3.686,73.599,73.698,36.1244,-17.5185,0.2,0.0,0.0,0.0,2.1796,0.128,1.7,2.7672,-0.0775,0,0,0,0.766,0.33,0.67,0,0,0.0,4,SEARCH_PHASE,2.0669,-0.1766,-62.3189,39.1552
266,8.609,-26.1532,21.6339,4.0497,2.0637,-0.1421,1.6737,3.719,73.562,73.663,36.1244,-17.5185,0.2,0.0,0.0,0.0,2.1954,0.0827,1.7,2.7779,-0.0975,0,0,0,0.771,0.326,0.674,0,0,0.0,4,SEARCH_PHASE,2.0637,-0.1421,-62.2776,39.1524
267,8.644,-26.1119,21.6317,4.0832,2.0638,-0.1068,1.6796,3.753,73.526,73.629,36.1244,-17.5185,0.2,0.0,0.0,0.0,2.2075,0.1291,1.7,2.7892,-0.0855,0,0,0,0.774,0.325,0.675,0,0,0.0,4,SEARCH_PHASE,2.0638,-0.1068,-62.2363,39.1502
268,8.675,-26.0706,21.6303,4.1169,2.0641,-0.0719,1.6839,3.786,73.49,73.595,36.1244,-17.5185,0.2,0.0,0.0,0.0,2.2267,0.0852,1.7,2.8028,-0.1057,0,0,0,0.765,0.322,0.678,0,0,0.0,4,SEARCH_PHASE,2.0641,-0.0719,-62.195,39.1488
269,8.706,-26.0293,21.6295,4.1506,2.0672,-0.0374,1.6848,3.82,73.455,73.561,36.1244,-17.5185,0.2,0.0,0.0,0.0,2.224,0.1331,1.7,2.8025,-0.0798,0,0,0,0.77,0.323,0.677,0,0,0.0,4,SEARCH_PHASE,2.0672,-0.0374,-62.1537,39.148
270,8.736,-25.9879,21.6295,4.1843,2.0707,-0.0043,1.6861,3.854,73.42,73.528,36.1244,-17.5185,0.2,0.0,0.0,0.0,2.2437,0.0893,1.7,2.8164,-0.102,0,0,0,0.764,0.323,0.677,0,0,0.0,4,SEARCH_PHASE,2.0707,-0.0043,-62.1123,39.148
271,8.767,-25.9463,21.63,4.218,2.0772,0.0283,1.6844,3.888,73.385,73.495,36.1244,-17.5185,0.2,0.0,0.0,0.0,2.2411,0.1372,1.7,2.8163,-0.1099,0,0,0,0.766,0.33,0.67,0,0,0.0,4,SEARCH_PHASE,2.0772,0.0283,-62.0707,39.1485
272,8.802,-25.9046,21.6312,4.2517,2.0837,0.0593,1.6847,3.922,73.351,73.462,36.1244,-17.5185,0.2,0.0,0.0,0.0,2.2447,0.0894,1.7,2.8172,-0.0734,0,0,0,0.764,0.323,0.677,0,0,0.0,4,SEARCH_PHASE,2.0837,0.0593,-62.0291,39.1497
273,8.83,-25.8628,21.633,4.2854,2.0924,0.0875,1.6837,4.185,73.316,73.43,36.1244,-17.5185,0.2,0.0,0.0,0.0,2.2486,0.0791,1.7,2.82,-0.1118,0,0,0,0.766,0.327,0.673,0,0,0.0,4,SEARCH_PHASE,2.0924,0.0875,-61.9872,39.1515
274,8.869,-25.8208,21.6353,4.319,2.1013,0.1157,1.6825,4.219,73.282,73.397,36.1244,-17.5185,0.2,0.0,0.0,0.0,2.2496,0.0311,1.7,2.8198,-0.1255,0,0,0,0.767,0.322,0.678,0,0,0.0,4,SEARCH_PHASE,2.1013,0.1157,-61.9452,39.1538
275,8.902,-25.7785,21.6381,4.3527,2.1119,0.1407,1.6807,4.253,73.248,73.365,36.1244,-17.5185,0.2,0.0,0.0,0.0,2.2461,0.079,1.7,2.818,-0.1028,0,0,0,0.767,0.32,0.68,0,0,0.0,4,SEARCH_PHASE,2.1119,0.1407,-61.9029,39.1566
276,8.929,-25.7361,21.6413,4.3863,2.1213,0.1614,1.6816,4.286,73.213,73.333,36.1244,-17.5185,0.2,0.0,0.0,0.0,2.2393,0.1265,1.7,2.8143,-0.1264,0,0,0,0.769,0.317,0.683,0,0,0.0,4,SEARCH_PHASE,2.1213,0.1614,-61.8605,39.1598
277,8.955,-25.6935,21.6449,4.42,2.1327,0.1789,1.6828,4.32,73.179,73.301,36.1244,-17.5185,0.2,0.0,0.0,0.0,2.2302,0.1737,1.7,2.8096,-0.1019,0,0,0,0.769,0.314,0.686,0,0,0.0,4,SEARCH_PHASE,2.1327,0.1789,-61.8179,39.1634
278,8.983,-25.6506,21.6487,4.4536,2.1424,0.1917,1.6843,4.354,73.145,73.269,36.1244,-17.5185,0.2,0.0,0.0,0.0,2.2323,0.2216,1.7,2.8147,-0.0691,0,0,0,0.769,0.31,0.69,0,0,0.0,4,SEARCH_PHASE,2.1424,0.1917,-61.775,39.1672
279,9.009,-25.6075,21.6527,4.4873,2.1535,0.2012,1.6854,4.387,73.111,73.237,36.1244,-17.5185,0.2,0.0,0.0,0.0,2.2303,0.1737,1.7,2.8097,-0.1011,0,0,0,0.768,0.306,0.694,0,0,0.0,4,SEARCH_PHASE,2.1535,0.2012,-61.7319,39.1712
280,9.037,-25.5642,21.657,4.5211,2.1645,0.2107,1.6858,4.421,73.077,73.204,36.1244,-17.5185,0.2,0.0,0.0,0.0,2.2269,0.1258,1.7,2.8044,-0.0815,0,0,0,0.767,0.301,0.699,0,0,0.0,4,SEARCH_PHASE,2.1645,0.2107,-61.6887,39.1755
281,9.066,-25.5208,21.6613,4.5548,2.173,0.2181,1.6858,4.455,73.042,73.172,36.1244,-17.5185,0.2,0.0,0.0,0.0,2.2211,0.0781,1.652,2.7692,-0.1105,0,0,0,0.764,0.298,0.702,0,0,0.0,4,SEARCH_PHASE,2.173,0.2181,-61.6452,39.1798
282,9.093,-25.4772,21.6658,4.5881,2.1807,0.2244,1.668,4.488,73.008,73.14,36.1244,-17.5185,0.2,0.0,0.0,0.0,2.2155,0.0305,1.604,2.7354,-0.1479,0,0,0,0.767,0.295,0.705,0,0,0.0,4,SEARCH_PHASE,2.1807,0.2244,-61.6016,39.1843
283,9.125,-25.4335,21.6704,4.6209,2.1851,0.2284,1.6398,4.521,72.974,73.107,36.1244,-17.5185,0.2,0.0,0.0,0.0,2.2098,-0.0172,1.556,2.7027,-0.118,0,0,0,0.767,0.291,0.709,0,0,0.0,4,SEARCH_PHASE,2.1851,0.2284,-61.5579,39.1889
284,9.154,-25.3897,21.6749,4.653,2.1881,0.2277,1.6043,4.553,72.939,73.075,36.1244,-17.5185,0.2,0.0,0.0,0.0,2.2034,-0.0648,1.508,2.6708,-0.1429,0,0,0,0.766,0.29,0.71,0,0,0.0,4,SEARCH_PHASE,2.1881,0.2277,-61.5141,39.1934
285,9.182,-25.3459,21.6794,4.6843,2.1909,0.2244,1.5655,4.584,72.905,73.042,36.1244,-17.5185,0.2,0.0,0.0,0.0,2.1982,-0.1125,1.46,2.6413,-0.1655,0,0,0,0.768,0.297,0.703,0,0,0.0,4,SEARCH_PHASE,2.1909,0.2244,-61.4703,39.1979
286,9.213,-25.302,21.6838,4.7148,2.1931,0.2168,1.5255,4.615,72.87,73.01,36.1244,-17.5185,0.2,0.0,0.0,0.0,2.1937,-0.1603,1.412,2.6137,-0.1396,0,0,0,0.765,0.294,0.706,0,0,0.0,4,SEARCH_PHASE,2.1931,0.2168,-61.4264,39.2023
287,9.248,-25.2581,21.6878,4.7445,2.1941,0.203,1.4842,4.645,72.835,72.977,36.1244,-17.5185,0.2,0.0,0.0,0.0,2.1894,-0.2081,1.364,2.5879,-0.1664,0,0,0,0.767,0.296,0.704,0,0,0.0,4,SEARCH_PHASE,2.1941,0.203,-61.3826,39.2063
288,9.282,-25.2143,21.6915,4.7734,2.1943,0.185,1.4426,4.673,72.8,72.944,36.1244,-17.5185,0.2,0.0,0.0,0.0,2.1849,-0.2559,1.316,2.5634,-0.1349,0,0,0,0.767,0.297,0.703,0,0,0.0,4,SEARCH_PHASE,2.1943,0.185,-61.3387,39.21
289,9.311,-25.1704,21.6947,4.8014,2.1941,0.1608,1.3992,4.701,72.765,72.91,36.1244,-17.5185,0.2,0.0,0.0,0.0,2.1802,-0.3037,1.268,2.5404,-0.168,0,0,0,0.769,0.292,0.708,0,0,0.0,4,SEARCH_PHASE,2.1941,0.1608,-61.2948,39.2132
290,9.343,-25.1265,21.6974,4.8285,2.1926,0.1323,1.356,4.728,72.729,72.877,36.1244,-17.5185,0.2,0.0,0.0,0.0,2.1747,-0.3513,1.22,2.5182,-0.1358,0,0,0,0.767,0.295,0.705,0,0,0.0,4,SEARCH_PHASE,2.1926,0.1323,-61.2509,39.2159
291,9.37,-25.0827,21.6993,4.8547,2.1908,0.0974,1.3113,4.755,72.694,72.842,36.1244,-17.5185,0.2,0.0,0.0,0.0,2.1707,-0.3992,1.172,2.499,-0.1447,0,0,0,0.768,0.297,0.703,0,0,0.0,4,SEARCH_PHASE,2.1908,0.0974,-61.2071,39.2178
292,9.399,-25.039,21.7005,4.88,2.1876,0.0582,1.2662,4.78,72.657,72.808,36.1244,-17.5185,0.2,0.0,0.0,0.0,2.1645,-0.4468,1.124,2.4796,-0.1209,0,0,0,0.768,0.301,0.699,0,0,0.0,4,SEARCH_PHASE,2.1876,0.0582,-61.1634,39.219
293,9.428,-24.9953,21.7008,4.9044,2.1848,0.0141,1.2202,4.804,72.621,72.773,36.1244,-17.5185,0.2,0.0,0.0,0.0,2.1577,-0.4943,1.076,2.4612,-0.1528,0,0,0,0.77,0.3,0.7,0,0,0.0,4,SEARCH_PHASE,2.1848,0.0141,-61.1197,39.2193
294,9.456,-24.9516,21.7001,4.9279,2.1811,-0.0333,1.1739,4.828,72.584,72.737,36.1244,-17.5185,0.2,0.0,0.0,0.0,2.1485,-0.5414,1.028,2.4425,-0.1162,0,0,0,0.769,0.291,0.709,0,0,0.0,4,SEARCH_PHASE,2.1811,-0.0333,-61.076,39.2186
295,9.486,-24.9081,21.6984,4.9504,2.177,-0.0855,1.1259,4.85,72.546,72.701,36.1244,-17.5185,0.2,0.0,0.0,0.0,2.1368,-0.5879,0.98,2.4232,-0.1307,0,0,0,0.768,0.288,0.712,0,0,0.0,4,SEARCH_PHASE,2.177,-0.0855,-61.0325,39.2169
296,9.515,-24.8647,21.6956,4.972,2.1717,-0.1404,1.0773,4.872,72.508,72.665,36.1244,-17.5185,0.2,0.0,0.0,0.0,2.1246,-0.6344,0.932,2.4052,-0.0933,0,0,0,0.769,0.285,0.715,0,0,0.0,4,SEARCH_PHASE,2.1717,-0.1404,-60.9891,39.2141
297,9.547,-24.8213,21.6916,4.9925,2.1669,-0.1982,1.0274,4.893,72.469,72.628,36.1244,-17.5185,0.2,0.0,0.0,0.0,2.1105,-0.6803,0.884,2.3872,-0.122,0,0,0,0.768,0.276,0.724,0,0,0.0,4,SEARCH_PHASE,2.1669,-0.1982,-60.9457,39.2101
298,9.582,-24.7781,21.6865,5.0121,2.1614,-0.2569,0.9777,4.912,72.43,72.59,36.1244,-17.5185,0.2,0.0,0.0,0.0,2.096,-0.726,0.836,2.3705,-0.1071,0,0,0,0.769,0.276,0.724,0,0,0.0,4,SEARCH_PHASE,2.1614,-0.2569,-60.9025,39.205
299,9.616,-24.735,21.6801,5.0306,2.1544,-0.3177,0.9265,4.931,72.391,72.552,36.1244,-17.5185,0.2,0.0,0.0,0.0,2.0804,-0.7714,0.788,2.3546,-0.1042,0,0,0,0.77,0.277,0.723,0,0,0.0,4,SEARCH_PHASE,2.1544,-0.3177,-60.8594,39.1986
300,9.648,-24.692,21.6725,5.0481,2.1483,-0.3798,0.8749,4.948,72.35,72.513,36.1244,-17.5185,0.2,0.0,0.0,0.0,2.0639,-0.8165,0.74,2.3396,-0.0793,0,0,0,0.771,0.28,0.72,0,0,0.0,4,SEARCH_PHASE,2.1483,-0.3798,-60.8165,39.191
301,9.681,-24.6492,21.6637,5.0646,2.1411,-0.4433,0.8238,4.965,72.31,72.473,36.1244,-17.5185,0.2,0.0,0.0,0.0,2.0462,-0.8611,0.692,2.3253,-0.1067,0,0,0,0.767,0.272,0.728,0,0,0.0,4,SEARCH_PHASE,2.1411,-0.4433,-60.7736,39.1822
302,9.716,-24.6066,21.6535,5.08,2.1333,-0.5062,0.7732,4.98,72.268,72.433,36.1244,-17.5185,0.2,0.0,0.0,0.0,2.028,-0.9055,0.644,2.3125,-0.0927,0,0,0,0.768,0.274,0.726,0,0,0.0,4,SEARCH_PHASE,2.1333,-0.5062,-60.731,39.172
303,9.748,-24.5641,21.6422,5.0945,2.1235,-0.5696,0.7216,4.994,72.226,72.392,36.1244,-17.5185,0.2,0.0,0.0,0.0,2.0095,-0.9498,0.596,2.3011,-0.0668,0,0,0,0.762,0.265,0.735,0,0,0.0,4,SEARCH_PHASE,2.1235,-0.5696,-60.6885,39.1607
304,9.778,-24.5218,21.6295,5.1079,2.1139,-0.6331,0.6708,5.008,72.184,72.351,36.1244,-17.5185,0.2,0.0,0.0,0.0,1.9903,-0.9938,0.548,2.2912,-0.0927,0,0,0,0.74,0.259,0.741,0,0,0.0,4,SEARCH_PHASE,2.1139,-0.6331,-60.6462,39.148
305,9.81,-24.4797,21.6156,5.1203,2.103,-0.6948,0.6211,5.02,72.141,72.309,36.1244,-17.5185,0.2,0.0,0.0,0.0,1.9711,-1.0378,0.5,2.283,-0.0764,0,0,0,0.729,0.257,0.743,0,0,0.0,4,SEARCH_PHASE,2.103,-0.6948,-60.6042,39.1341
306,9.842,-24.438,21.6005,5.1317,2.0898,-0.7561,0.571,5.032,72.098,72.266,36.1244,-17.5185,0.2,0.0,0.0,0.0,1.9517,-1.0817,0.452,2.2767,-0.0727,0,0,0,0.701,0.245,0.755,0,0,0.0,4,SEARCH_PHASE,2.0898,-0.7561,-60.5624,39.119
307,9.872,-24.3964,21.5842,5.1422,2.0764,-0.8159,0.5212,5.042,72.054,72.223,36.1244,-17.5185,0.2,0.0,0.0,0.0,1.9322,-1.1255,0.404,2.2723,-0.0615,0,0,0,0.568,0.235,0.765,0,0,0.0,4,SEARCH_PHASE,2.0764,-0.8159,-60.5208,39.1027
308,9.902,-24.3552,21.5667,5.1516,2.0608,-0.8742,0.4723,5.052,72.01,72.18,36.1244,-17.5185,0.2,0.0,0.0,0.0,1.9127,-1.1694,0.356,2.27,-0.09,0,0,0,0.565,0.233,0.767,0,0,0.0,4,SEARCH_PHASE,2.0608,-0.8742,-60.4796,39.0852
309,9.932,-24.3143,21.5481,5.1601,2.0454,-0.9298,0.4246,5.06,71.966,72.136,36.1244,-17.5185,0.2,0.0,0.0,0.0,1.8932,-1.2133,0.308,2.2696,-0.0538,0,0,0,0.557,0.236,0.764,0,0,0.0,4,SEARCH_PHASE,2.0454,-0.9298,-60.4387,39.0666
310,9.963,-24.2737,21.5284,5.1676,2.0293,-0.9842,0.377,5.068,71.921,72.092,36.1244,-17.5185,0.2,0.0,0.0,0.0,1.8895,-1.2216,0.26,2.265,-0.084,0,0,0,0.552,0.23,0.77,0,0,0.0,4,SEARCH_PHASE,2.0293,-0.9842,-60.3981,39.0469
311,9.993,-24.2335,21.5077,5.1742,2.0113,-1.0345,0.3282,5.074,71.876,72.048,36.1244,-17.5185,0.2,0.0,0.0,0.0,1.8894,-1.2217,0.212,2.26,-0.0572,0,0,0,0.546,0.228,0.772,0,0,0.0,4,SEARCH_PHASE,2.0113,-1.0345,-60.3579,39.0262
312,10.021,-24.1936,21.486,5.1798,1.9926,-1.0827,0.2779,5.08,71.831,72.003,36.1244,-17.5185,0.2,0.0,0.0,0.0,1.8894,-1.2218,0.164,2.256,-0.0523,0,0,0,0.536,0.223,0.777,0,0,0.0,4,SEARCH_PHASE,1.9926,-1.0827,-60.318,39.0046
313,10.05,-24.1542,21.4635,5.1843,1.9734,-1.1278,0.2278,5.084,71.785,71.958,36.1244,-17.5185,0.2,0.0,0.0,0.0,1.8893,-1.2218,0.116,2.253,-0.0351,0,0,0,0.524,0.22,0.78,0,0,0.0,4,SEARCH_PHASE,1.9734,-1.1278,-60.2786,38.982
314,10.078,-24.1151,21.4401,5.1879,1.9531,-1.1696,0.1782,5.088,71.74,71.913,36.1244,-17.5185,0.2,0.0,0.0,0.0,1.8893,-1.2219,0.068,2.251,-0.0752,0,0,0,0.524,0.21,0.79,0,0,0.0,4,SEARCH_PHASE,1.9531,-1.1696,-60.2395,38.9586
315,10.106,-24.0764,21.416,5.1905,1.9337,-1.2067,0.1292,5.09,71.694,71.868,36.1244,-17.5185,0.2,0.0,0.0,0.0,1.8893,-1.2219,0.02,2.2501,-0.0433,0,0,0,0.52,0.221,0.779,0,0,0.0,4,SEARCH_PHASE,1.9337,-1.2067,-60.2008,38.9345
316,10.134,-24.0381,21.3911,5.1921,1.9167,-1.2414,0.0807,5.092,71.648,71.822,36.1244,-17.5185,0.2,0.0,0.0,0.0,1.8893,-1.2219,-0.028,2.2502,-0.0405,0,0,0,0.512,0.22,0.78,0,0,0.0,4,SEARCH_PHASE,1.9167,-1.2414,-60.1625,38.9096
317,10.162,-24.0001,21.3657,5.1927,1.9005,-1.2718,0.0334,5.093,71.603,71.776,36.1244,-17.5185,0.2,0.0,0.0,0.0,1.8893,-1.2219,-0.076,2.2513,-0.0392,0,0,0,0.507,0.215,0.785,0,0,0.0,4,SEARCH_PHASE,1.9005,-1.2718,-60.1245,38.8842
318,10.187,-23.9624,21.3397,5.1925,1.8841,-1.2977,-0.0128,5.092,71.557,71.731,36.1244,-17.5185,0.2,0.0,0.0,0.0,1.8893,-1.2218,-0.124,2.2534,-0.0778,0,0,0,0.513,0.213,0.787,0,0,0.0,4,SEARCH_PHASE,1.8841,-1.2977,-60.0868,38.8582
319,10.211,-23.925,21.3134,5.1913,1.8693,-1.3186,-0.0586,5.091,71.511,71.685,36.1244,-17.5185,0.2,0.0,0.0,0.0,1.8894,-1.2218,-0.172,2.2566,-0.0457,0,0,0,0.513,0.212,0.788,0,0,0.0,4,SEARCH_PHASE,1.8693,-1.3186,-60.0494,38.8319
320,10.238,-23.8879,21.2866,5.1892,1.8572,-1.3367,-0.104,5.089,71.465,71.639,36.1244,-17.5185,0.2,0.0,0.0,0.0,1.8894,-1.2217,-0.22,2.2607,-0.0712,0,0,0,0.511,0.209,0.791,0,0,0.0,4,SEARCH_PHASE,1.8572,-1.3367,-60.0123,38.8051
321,10.262,-23.8509,21.2596,5.1863,1.8467,-1.3499,-0.149,5.086,71.42,71.594,36.1244,-17.5185,0.2,0.0,0.0,0.0,1.8895,-1.2217,-0.268,2.2659,-0.0514,0,0,0,0.516,0.219,0.781,0,0,0.0,4,SEARCH_PHASE,1.8467,-1.3499,-59.9754,38.7781
322,10.288,-23.8142,21.2325,5.1824,1.8366,-1.3597,-0.1939,5.082,71.374,71.548,36.1244,-17.5185,0.2,0.0,0.0,0.0,1.8895,-1.2216,-0.316,2.2721,-0.075,0,0,0,0.513,0.217,0.783,0,0,0.0,4,SEARCH_PHASE,1.8366,-1.3597,-59.9386,38.751
323,10.312,-23.7776,21.2051,5.1776,1.8288,-1.3651,-0.2389,5.078,71.329,71.502,36.1244,-17.5185,0.2,0.0,0.0,0.0,1.8896,-1.2215,-0.364,2.2793,-0.0547,0,0,0,0.518,0.224,0.776,0,0,0.0,4,SEARCH_PHASE,1.8288,-1.3651,-59.902,38.7237
324,10.337,-23.7412,21.1778,5.1719,1.8212,-1.3673,-0.2841,5.072,71.283,71.456,36.1244,-17.5185,0.2,0.0,0.0,0.0,1.8896,-1.2214,-0.412,2.2874,-0.0798,0,0,0,0.517,0.224,0.776,0,0,0.0,4,SEARCH_PHASE,1.8212,-1.3673,-59.8656,38.6963
325,10.362,-23.7049,21.1505,5.1653,1.8155,-1.3652,-0.3297,5.065,71.238,71.411,36.1244,-17.5185,0.2,0.0,0.0,0.0,1.8897,-1.2213,-0.46,2.2965,-0.0728,0,0,0,0.523,0.23,0.77,0,0,0.0,4,SEARCH_PHASE,1.8155,-1.3652,-59.8293,38.669
326,10.389,-23.6687,21.1233,5.1578,1.8101,-1.3603,-0.3755,5.058,71.193,71.365,36.1244,-17.5185,0.2,0.0,0.0,0.0,1.8897,-1.2212,-0.508,2.3066,-0.0878,0,0,0,0.523,0.227,0.773,0,0,0.0,4,SEARCH_PHASE,1.8101,-1.3603,-59.7931,38.6418
327,10.415,-23.6326,21.0962,5.1494,1.8066,-1.3522,-0.4223,5.049,71.148,71.32,36.1244,-17.5185,0.2,0.0,0.0,0.0,1.8898,-1.2212,-0.556,2.3177,-0.0711,0,0,0,0.53,0.229,0.771,0,0,0.0,4,SEARCH_PHASE,1.8066,-1.3522,-59.757,38.6147
328,10.442,-23.5965,21.0694,5.14,1.8033,-1.3423,-0.4687,5.04,71.103,71.274,36.1244,-17.5185,0.2,0.0,0.0,0.0,1.8898,-1.2211,-0.604,2.3297,-0.0941,0,0,0,0.531,0.225,0.775,0,0,0.0,4,SEARCH_PHASE,1.8033,-1.3423,-59.7209,38.5879
329,10.471,-23.5605,21.0428,5.1297,1.8022,-1.3296,-0.5158,5.03,71.058,71.229,36.1244,-17.5185,0.2,0.0,0.0,0.0,1.8899,-1.221,-0.652,2.3426,-0.1022,0,0,0,0.536,0.233,0.767,0,0,0.0,4,SEARCH_PHASE,1.8022,-1.3296,-59.6849,38.5613
330,10.504,-23.5244,21.0165,5.1184,1.8012,-1.3156,-0.5637,5.018,71.014,71.184,36.1244,-17.5185,0.2,0.0,0.0,0.0,1.8899,-1.2209,-0.7,2.3564,-0.0952,0,0,0,0.537,0.24,0.76,0,0,0.0,4,SEARCH_PHASE,1.8012,-1.3156,-59.6488,38.535
331,10.53,-23.4884,20.9905,5.1062,1.8017,-1.3009,-0.6115,5.006,70.969,71.139,36.1244,-17.5185,0.2,0.0,0.0,0.0,1.89,-1.2209,-0.748,2.3711,-0.1096,0,0,0,0.543,0.244,0.756,0,0,0.0,4,SEARCH_PHASE,1.8017,-1.3009,-59.6128,38.509
332,10.559,-23.4524,20.9648,5.093,1.8023,-1.2856,-0.6593,4.993,70.925,71.094,36.1244,-17.5185,0.2,0.0,0.0,0.0,1.89,-1.2208,-0.796,2.3867,-0.0871,0,0,0,0.543,0.244,0.756,0,0,0.0,4,SEARCH_PHASE,1.8023,-1.2856,-59.5768,38.4833
333,10.583,-23.4163,20.9394,5.0789,1.8046,-1.2706,-0.707,4.979,70.881,71.049,36.1244,-17.5185,0.2,0.0,0.0,0.0,1.89,-1.2208,-0.844,2.4031,-0.1155,0,0,0,0.549,0.25,0.75,0,0,0.0,4,SEARCH_PHASE,1.8046,-1.2706,-59.5407,38.4579
334,10.608,-23.3801,20.9143,5.0638,1.8069,-1.2549,-0.7549,4.964,70.837,71.004,36.1244,-17.5185,0.2,0.0,0.0,0.0,1.89,-1.2207,-0.892,2.4204,-0.0742,0,0,0,0.549,0.251,0.749,0,0,0.0,4,SEARCH_PHASE,1.8069,-1.2549,-59.5045,38.4328
335,10.633,-23.3439,20.8894,5.0477,1.8104,-1.2405,-0.8029,4.948,70.793,70.959,36.1244,-17.5185,0.2,0.0,0.0,0.0,1.8901,-1.2207,-0.94,2.4385,-0.1032,0,0,0,0.554,0.256,0.744,0,0,0.0,4,SEARCH_PHASE,1.8104,-1.2405,-59.4683,38.4079
336,10.658,-23.3076,20.8649,5.0307,1.8137,-1.2253,-0.8517,4.931,70.749,70.914,36.1244,-17.5185,0.2,0.0,0.0,0.0,1.8901,-1.2207,-0.988,2.4574,-0.1162,0,0,0,0.555,0.258,0.742,0,0,0.0,4,SEARCH_PHASE,1.8137,-1.2253,-59.432,38.3834
337,10.681,-23.2713,20.8407,5.0127,1.8181,-1.211,-0.8994,4.913,70.706,70.869,36.1244,-17.5185,0.2,0.0,0.0,0.0,1.8901,-1.2207,-1.036,2.4771,-0.093,0,0,0,0.56,0.252,0.748,0,0,0.0,4,SEARCH_PHASE,1.8181,-1.211,-59.3957,38.3592
338,10.706,-23.2348,20.8168,4.9937,1.8217,-1.1985,-0.947,4.894,70.662,70.824,36.1244,-17.5185,0.2,0.0,0.0,0.0,1.8901,-1.2207,-1.084,2.4975,-0.1119,0,0,0,0.56,0.257,0.743,0,0,0.0,4,SEARCH_PHASE,1.8217,-1.1985,-59.3593,38.3353
339,10.73,-23.1983,20.793,4.9738,1.8264,-1.1868,-0.9948,4.874,70.618,70.78,36.1244,-17.5185,0.2,0.0,0.0,0.0,1.8901,-1.2207,-1.132,2.5187,-0.0901,0,0,0,0.564,0.257,0.743,0,0,0.0,4,SEARCH_PHASE,1.8264,-1.1868,-59.3227,38.3115
340,10.754,-23.1617,20.7695,4.953,1.83,-1.177,-1.0423,4.853,70.575,70.735,36.1244,-17.5185,0.2,0.0,0.0,0.0,1.8901,-1.2207,-1.18,2.5406,-0.109,0,0,0,0.564,0.26,0.74,0,0,0.0,4,SEARCH_PHASE,1.83,-1.177,-59.2861,38.288
341,10.777,-23.125,20.7461,4.9312,1.8344,-1.1681,-1.0904,4.831,70.531,70.69,36.1244,-17.5185,0.2,0.0,0.0,0.0,1.8901,-1.2207,-1.228,2.5633,-0.0909,0,0,0,0.568,0.262,0.738,0,0,0.0,4,SEARCH_PHASE,1.8344,-1.1681,-59.2494,38.2646
342,10.803,-23.0883,20.7229,4.9084,1.8375,-1.1611,-1.1375,4.808,70.488,70.645,36.1244,-17.5185,0.2,0.0,0.0,0.0,1.8901,-1.2207,-1.276,2.5866,-0.1122,0,0,0,0.568,0.262,0.738,0,0,0.0,4,SEARCH_PHASE,1.8375,-1.1611,-59.2127,38.2414
343,10.827,-23.0515,20.6998,4.8847,1.8412,-1.1551,-1.1848,4.785,70.444,70.6,36.1244,-17.5185,0.2,0.0,0.0,0.0,1.8901,-1.2207,-1.324,2.6106,-0.0938,0,0,0,0.572,0.262,0.738,0,0,0.0,4,SEARCH_PHASE,1.8412,-1.1551,-59.1759,38.2183
344,10.852,-23.0146,20.6768,4.8601,1.8433,-1.151,-1.2321,4.76,70.401,70.555,36.1244,-17.5185,0.2,0.0,0.0,0.0,1.8901,-1.2207,-1.372,2.6353,-0.1154,0,0,0,0.573,0.265,0.735,0,0,0.0,4,SEARCH_PHASE,1.8433,-1.151,-59.139,38.1953
345,10.877,-22.9777,20.6538,4.8345,1.8457,-1.1481,-1.2793,4.735,70.358,70.51,36.1244,-17.5185,0.2,0.0,0.0,0.0,1.8901,-1.2207,-1.42,2.6606,-0.0973,0,0,0,0.579,0.268,0.732,0,0,0.0,4,SEARCH_PHASE,1.8457,-1.1481,-59.1021,38.1723
346,10.902,-22.9407,20.6309,4.808,1.847,-1.1472,-1.3267,4.708,70.314,70.465,36.1244,-17.5185,0.2,0.0,0.0,0.0,1.89,-1.2208,-1.468,2.6865,-0.1013,0,0,0,0.58,0.27,0.73,0,0,0.0,4,SEARCH_PHASE,1.847,-1.1472,-59.0651,38.1494
347,10.927,-22.9038,20.6079,4.7805,1.8489,-1.1475,-1.3741,4.68,70.271,70.42,36.1244,-17.5185,0.2,0.0,0.0,0.0,1.89,-1.2208,-1.5,2.7042,-0.0835,0,0,0,0.585,0.271,0.729,0,0,0.0,4,SEARCH_PHASE,1.8489,-1.1475,-59.0282,38.1264
348,10.951,-22.8668,20.5849,4.7522,1.8501,-1.1491,-1.4156,4.652,70.227,70.374,36.1244,-17.5185,0.2,0.0,0.0,0.0,1.89,-1.2208,-1.5,2.7042,-0.1052,0,0,0,0.585,0.269,0.731,0,0,0.0,4,SEARCH_PHASE,1.8501,-1.1491,-58.9912,38.1034
349,10.975,-22.8297,20.5619,4.7233,1.8529,-1.1515,-1.4416,4.623,70.183,70.329,36.1244,-17.5185,0.2,0.0,0.0,0.0,1.89,-1.2208,-1.5,2.7042,-0.0858,0,0,0,0.59,0.273,0.727,0,0,0.0,4,SEARCH_PHASE,1.8529,-1.1515,-58.9541,38.0804
350,11.0,-22.7926,20.5388,4.6942,1.8545,-1.1558,-1.4581,4.594,70.14,70.283,36.1244,-17.5185,0.2,0.0,0.0,0.0,1.89,-1.2208,-1.5,2.7042,-0.1005,0,0,0,0.589,0.272,0.728,0,0,0.0,4,SEARCH_PHASE,1.8545,-1.1558,-58.917,38.0573
351,11.024,-22.7555,20.5156,4.6648,1.8573,-1.1606,-1.4684,4.565,70.096,70.238,36.1244,-17.5185,0.2,0.0,0.0,0.0,1.89,-1.2209,-1.5,2.7042,-0.0802,0,0,0,0.593,0.278,0.722,0,0,0.0,4,SEARCH_PHASE,1.8573,-1.1606,-58.8799,38.0341
352,11.048,-22.7183,20.4922,4.6353,1.8584,-1.1668,-1.4749,4.535,70.052,70.192,36.1244,-17.5185,0.2,0.0,0.0,0.0,1.89,-1.2209,-1.5,2.7042,-0.102,0,0,0,0.592,0.276,0.724,0,0,0.0,4,SEARCH_PHASE,1.8584,-1.1668,-58.8427,38.0107
353,11.073,-22.6811,20.4688,4.6057,1.8605,-1.1729,-1.479,4.506,70.008,70.146,36.1244,-17.5185,0.2,0.0,0.0,0.0,1.89,-1.2209,-1.5,2.7042,-0.0814,0,0,0,0.596,0.278,0.722,0,0,0.0,4,SEARCH_PHASE,1.8605,-1.1729,-58.8055,37.9873
354,11.099,-22.6439,20.4452,4.5761,1.8604,-1.1802,-1.4818,4.476,69.964,70.101,36.1244,-17.5185,0.2,0.0,0.0,0.0,1.89,-1.2209,-1.5,2.7042,-0.0831,0,0,0,0.594,0.274,0.726,0,0,0.0,4,SEARCH_PHASE,1.8604,-1.1802,-58.7683,37.9637
355,11.128,-22.6067,20.4214,4.5464,1.8609,-1.1872,-1.4839,4.446,69.92,70.055,36.1244,-17.5185,0.2,0.0,0.0,0.0,1.8899,-1.2209,-1.5,2.7042,-0.0643,0,0,0,0.597,0.278,0.722,0,0,0.0,4,SEARCH_PHASE,1.8609,-1.1872,-58.7311,37.9399
356,11.151,-22.5695,20.3976,4.5167,1.8596,-1.1937,-1.4847,3.793,69.876,70.009,36.1244,-17.5185,0.2,0.0,0.0,0.0,1.8899,-1.2209,-1.5,2.7042,-0.0917,0,0,0,0.595,0.279,0.721,0,0,0.0,4,SEARCH_PHASE,1.8596,-1.1937,-58.6939,37.9161
357,11.176,-22.5323,20.3736,4.487,1.8593,-1.1983,-1.4852,3.756,69.831,69.963,36.1244,-17.5185,0.2,0.0,0.0,0.0,1.8899,-1.2209,-1.5,2.7042,-0.0726,0,0,0,0.598,0.283,0.717,0,0,0.0,4,SEARCH_PHASE,1.8593,-1.1983,-58.6567,37.8921
358,11.201,-22.4951,20.3495,4.4573,1.857,-1.2025,-1.4855,3.719,69.787,69.917,36.1244,-17.5185,0.2,0.0,0.0,0.0,1.8899,-1.2209,-1.5,2.7042,-0.1041,0,0,0,0.599,0.283,0.717,0,0,0.0,4,SEARCH_PHASE,1.857,-1.2025,-58.6195,37.868
359,11.228,-22.458,20.3254,4.4276,1.8555,-1.2049,-1.4856,3.682,69.743,69.871,36.1244,-17.5185,0.2,0.0,0.0,0.0,1.8899,-1.2209,-1.5,2.7042,-0.0845,0,0,0,0.605,0.285,0.715,0,0,0.0,4,SEARCH_PHASE,1.8555,-1.2049,-58.5824,37.8439
360,11.251,-22.421,20.3013,4.3979,1.8531,-1.2075,-1.4856,3.645,69.699,69.825,36.1244,-17.5185,0.2,0.0,0.0,0.0,1.89,-1.2209,-1.5,2.7042,-0.1006,0,0,0,0.606,0.287,0.713,0,0,0.0,4,SEARCH_PHASE,1.8531,-1.2075,-58.5454,37.8198
361,11.275,-22.3839,20.2771,4.3682,1.8524,-1.2086,-1.4863,3.608,69.654,69.779,36.1244,-17.5185,0.2,0.0,0.0,0.0,1.89,-1.2209,-1.5,2.7042,-0.0771,0,0,0,0.612,0.287,0.713,0,0,0.0,4,SEARCH_PHASE,1.8524,-1.2086,-58.5083,37.7956
362,11.306,-22.3469,20.2529,4.3384,1.851,-1.2101,-1.486,3.571,69.61,69.733,36.1244,-17.5185,0.2,0.0,0.0,0.0,1.89,-1.2209,-1.5,2.7042,-0.1015,0,0,0,0.613,0.29,0.71,0,0,0.0,4,SEARCH_PHASE,1.851,-1.2101,-58.4713,37.7714
363,11.332,-22.3099,20.2287,4.3087,1.8515,-1.2101,-1.4858,3.534,69.566,69.687,36.1244,-17.5185,0.2,0.0,0.0,0.0,1.89,-1.2209,-1.5,2.7042,-0.0785,0,0,0,0.618,0.293,0.707,0,0,0.0,4,SEARCH_PHASE,1.8515,-1.2101,-58.4343,37.7472
364,11.355,-22.2728,20.2045,4.279,1.851,-1.2104,-1.4857,2.346,69.522,69.641,36.1244,-17.5185,0.2,0.0,0.0,0.0,1.89,-1.2209,-1.5,2.7042,-0.1031,0,0,0,0.618,0.29,0.71,0,0,0.0,4,SEARCH_PHASE,1.851,-1.2104,-58.3973,37.723
365,11.388,-22.2358,20.1803,4.2493,1.8522,-1.2094,-1.4857,2.344,69.477,69.595,36.1244,-17.5185,0.2,0.0,0.0,0.0,1.89,-1.2209,-1.5,2.7042,-0.0801,0,0,0,0.623,0.293,0.707,0,0,0.0,4,SEARCH_PHASE,1.8522,-1.2094,-58.3602,37.6988
366,11.415,-22.1988,20.1561,4.2196,1.852,-1.2088,-1.4856,2.342,69.433,69.549,36.1244,-17.5185,0.2,0.0,0.0,0.0,1.89,-1.2209,-1.5,2.7042,-0.1049,0,0,0,0.622,0.295,0.705,0,0,0.0,4,SEARCH_PHASE,1.852,-1.2088,-58.3232,37.6747
367,11.44,-22.1617,20.132,4.1899,1.853,-1.2071,-1.4856,2.34,69.389,69.504,36.1244,-17.5185,0.2,0.0,0.0,0.0,1.89,-1.2209,-1.5,2.7042,-0.082,0,0,0,0.626,0.296,0.704,0,0,0.0,4,SEARCH_PHASE,1.853,-1.2071,-58.2861,37.6505
368,11.465,-22.1247,20.1079,4.1602,1.8522,-1.2059,-1.4855,2.338,69.345,69.458,36.1244,-17.5185,0.2,0.0,0.0,0.0,1.89,-1.2208,-1.5,2.7042,-0.1071,0,0,0,0.625,0.298,0.702,0,0,0.0,4,SEARCH_PHASE,1.8522,-1.2059,-58.2491,37.6264
369,11.49,-22.0876,20.0838,4.1305,1.8523,-1.2038,-1.4855,2.336,69.301,69.412,36.1244,-17.5185,0.2,0.0,0.0,0.0,1.89,-1.2208,-1.5,2.7042,-0.0845,0,0,0,0.629,0.3,0.7,0,0,0.0,4,SEARCH_PHASE,1.8523,-1.2038,-58.212,37.6023
370,11.516,-22.0506,20.0598,4.1007,1.8503,-1.2024,-1.4856,2.334,69.256,69.366,36.1244,-17.5185,0.2,0.0,0.0,0.0,1.89,-1.2208,-1.5,2.7042,-0.1146,0,0,0,0.631,0.3,0.7,0,0,0.0,4,SEARCH_PHASE,1.8503,-1.2024,-58.175,37.5783
371,11.541,-22.0136,20.0358,4.071,1.8489,-1.2002,-1.4855,2.332,69.212,69.321,36.1244,-17.5185,0.2,0.0,0.0,0.0,1.89,-1.2208,-1.5,2.7042,-0.091,0,0,0,0.637,0.304,0.696,0,0,0.0,4,SEARCH_PHASE,1.8489,-1.2002,-58.138,37.5543
372,11.567,-21.9767,20.0118,4.0413,1.8469,-1.1994,-1.4858,2.33,69.168,69.275,36.1244,-17.5185,0.2,0.0,0.0,0.0,1.89,-1.2208,-1.5,2.7042,-0.1139,0,0,0,0.638,0.3,0.7,0,0,0.0,4,SEARCH_PHASE,1.8469,-1.1994,-58.1011,37.5303
373,11.591,-21.9397,19.9878,4.0116,1.8468,-1.1981,-1.4857,2.328,69.124,69.229,36.1244,-17.5185,0.2,0.0,0.0,0.0,1.89,-1.2208,-1.5,2.7042,-0.09,0,0,0,0.644,0.308,0.692,0,0,0.0,4,SEARCH_PHASE,1.8468,-1.1981,-58.0642,37.5063
374,11.613,-21.9028,19.9638,3.9819,1.8455,-1.1982,-1.4855,2.326,69.08,69.184,36.1244,-17.5185,0.2,0.0,0.0,0.0,1.89,-1.2208,-1.5,2.7042,-0.1135,0,0,0,0.644,0.304,0.696,0,0,0.0,4,SEARCH_PHASE,1.8455,-1.1982,-58.0272,37.4823
375,11.637,-21.8659,19.9399,3.9522,1.8457,-1.1981,-1.4855,2.324,69.036,69.138,36.1244,-17.5185,0.2,0.0,0.0,0.0,1.89,-1.2208,-1.5,2.7042,-0.0899,0,0,0,0.649,0.313,0.687,0,0,0.0,4,SEARCH_PHASE,1.8457,-1.1981,-57.9903,37.4584
376,11.659,-21.829,19.9159,3.9225,1.8443,-1.1994,-1.4856,2.322,68.992,69.093,36.1244,-17.5185,0.2,0.0,0.0,0.0,1.89,-1.2208,-1.5,2.7042,-0.0951,0,0,0,0.649,0.308,0.692,0,0,0.0,4,SEARCH_PHASE,1.8443,-1.1994,-57.9534,37.4344
377,11.681,-21.7922,19.8919,3.8928,1.8441,-1.2007,-1.4856,3.793,68.948,69.047,36.1244,-17.5185,0.2,0.0,0.0,0.0,1.89,-1.2208,-1.5,2.7042,-0.072,0,0,0,0.654,0.311,0.689,0,0,0.0,4,SEARCH_PHASE,1.8441,-1.2007,-57.9166,37.4104
378,11.703,-21.7553,19.8678,3.8631,1.8424,-1.2021,-1.4855,3.763,68.904,69.002,36.1244,-17.5185,0.2,0.0,0.0,0.0,1.89,-1.2208,-1.5,2.7042,-0.0951,0,0,0,0.653,0.308,0.692,0,0,0.0,4,SEARCH_PHASE,1.8424,-1.2021,-57.8797,37.3863
379,11.726,-21.7185,19.8438,3.8333,1.842,-1.2021,-1.4855,3.733,68.86,68.956,36.1244,-17.5185,0.2,0.0,0.0,0.0,1.89,-1.2208,-1.5,2.7042,-0.0723,0,0,0,0.657,0.313,0.687,0,0,0.0,4,SEARCH_PHASE,1.842,-1.2021,-57.8429,37.3623
380,11.75,-21.6817,19.8197,3.8036,1.8398,-1.2024,-1.4856,3.704,68.816,68.911,36.1244,-17.5185,0.2,0.0,0.0,0.0,1.89,-1.2208,-1.5,2.7042,-0.1008,0,0,0,0.659,0.312,0.688,0,0,0.0,4,SEARCH_PHASE,1.8398,-1.2024,-57.8061,37.3382
381,11.775,-21.6449,19.7957,3.7739,1.8384,-1.2015,-1.4855,3.674,68.772,68.865,36.1244,-17.5185,0.2,0.0,0.0,0.0,1.89,-1.2208,-1.5,2.7042,-0.0783,0,0,0,0.666,0.321,0.679,0,0,0.0,4,SEARCH_PHASE,1.8384,-1.2015,-57.7693,37.3142
382,11.799,-21.6082,19.7717,3.7442,1.8367,-1.2014,-1.4854,3.644,68.729,68.82,36.1244,-17.5185,0.2,0.0,0.0,0.0,1.89,-1.2208,-1.5,2.7042,-0.1012,0,0,0,0.668,0.325,0.675,0,0,0.0,4,SEARCH_PHASE,1.8367,-1.2014,-57.7326,37.2902
383,11.825,-21.5714,19.7477,3.7145,1.8374,-1.2007,-1.4854,3.615,68.685,68.774,36.1244,-17.5185,0.2,0.0,0.0,0.0,1.8894,-1.2218,-1.4521,2.6779,-0.0788,0,0,0,0.674,0.328,0.672,0,0,0.0,4,SEARCH_PHASE,1.8374,-1.2007,-57.6958,37.2662
384,11.848,-21.5347,19.7236,3.6852,1.8377,-1.2014,-1.4676,3.585,68.641,68.729,36.1244,-17.5185,0.2,0.0,0.0,0.0,1.8891,-1.2222,-1.4041,2.6522,-0.1032,0,0,0,0.674,0.322,0.678,0,0,0.0,4,SEARCH_PHASE,1.8377,-1.2014,-57.6591,37.2421
385,11.874,-21.4979,19.6996,3.6564,1.8406,-1.2016,-1.4389,3.556,68.597,68.684,36.1244,-17.5185,0.2,0.0,0.0,0.0,1.8875,-1.2247,-1.3561,2.6271,-0.0791,0,0,0,0.68,0.33,0.67,0,0,0.0,4,SEARCH_PHASE,1.8406,-1.2016,-57.6223,37.2181
386,11.902,-21.461,19.6755,3.6283,1.8421,-1.2034,-1.4031,3.528,68.553,68.638,36.1244,-17.5185,0.2,0.0,0.0,0.0,1.8874,-1.2248,-1.3081,2.6026,-0.1046,0,0,0,0.68,0.328,0.672,0,0,0.0,4,SEARCH_PHASE,1.8421,-1.2034,-57.5854,37.194
387,11.926,-21.4241,19.6514,3.6011,1.8457,-1.2048,-1.3629,3.501,68.509,68.593,36.1244,-17.5185,0.2,0.0,0.0,0.0,1.8857,-1.2275,-1.2601,2.5788,-0.0801,0,0,0,0.684,0.338,0.662,0,0,0.0,4,SEARCH_PHASE,1.8457,-1.2048,-57.5485,37.1699
388,11.95,-21.3872,19.6273,3.5747,1.8473,-1.208,-1.3201,3.475,68.465,68.548,36.1244,-17.5185,0.2,0.0,0.0,0.0,1.886,-1.2271,-1.2121,2.5557,-0.1013,0,0,0,0.684,0.333,0.667,0,0,0.0,4,SEARCH_PHASE,1.8473,-1.208,-57.5116,37.1458
389,11.974,-21.3501,19.6031,3.5491,1.8506,-1.2108,-1.2755,3.449,68.42,68.502,36.1244,-17.5185,0.2,0.0,0.0,0.0,1.8845,-1.2294,-1.1641,2.5333,-0.0767,0,0,0,0.688,0.339,0.661,0,0,0.0,4,SEARCH_PHASE,1.8506,-1.2108,-57.4746,37.1216
390,11.998,-21.3131,19.5788,3.5245,1.8513,-1.215,-1.2298,3.425,68.376,68.457,36.1244,-17.5185,0.2,0.0,0.0,0.0,1.8851,-1.2284,-1.1161,2.5116,-0.0996,0,0,0,0.686,0.338,0.662,0,0,0.0,4,SEARCH_PHASE,1.8513,-1.215,-57.4375,37.0973
391,12.021,-21.276,19.5544,3.5009,1.8534,-1.2185,-1.1834,3.401,68.332,68.411,36.1244,-17.5185,0.2,0.0,0.0,0.0,1.8837,-1.2305,-1.0681,2.4907,-0.0752,0,0,0,0.689,0.338,0.662,0,0,0.0,4,SEARCH_PHASE,1.8534,-1.2185,-57.4005,37.0729
392,12.044,-21.239,19.5299,3.4781,1.8526,-1.2232,-1.1367,3.378,68.287,68.366,36.1244,-17.5185,0.2,0.0,0.0,0.0,1.8848,-1.2288,-1.0201,2.4705,-0.0903,0,0,0,0.687,0.335,0.665,0,0,0.0,4,SEARCH_PHASE,1.8526,-1.2232,-57.3634,37.0484
393,12.068,-21.2019,19.5054,3.4564,1.8527,-1.227,-1.0896,3.356,68.243,68.32,36.1244,-17.5185,0.2,0.0,0.0,0.0,1.8837,-1.2305,-0.9721,2.451,-0.0666,0,0,0,0.69,0.336,0.664,0,0,0.0,4,SEARCH_PHASE,1.8527,-1.227,-57.3264,37.0239
394,12.091,-21.1649,19.4808,3.4355,1.8498,-1.2312,-1.0423,3.336,68.198,68.275,36.1244,-17.5185,0.2,0.0,0.0,0.0,1.8839,-1.2302,-0.9241,2.4324,-0.0972,0,0,0,0.689,0.335,0.665,0,0,0.0,4,SEARCH_PHASE,1.8498,-1.2312,-57.2894,36.9993
395,12.114,-21.128,19.4561,3.4156,1.8479,-1.2335,-0.9948,3.316,68.154,68.23,36.1244,-17.5185,0.2,0.0,0.0,0.0,1.8811,-1.2344,-0.8761,2.4146,-0.0738,0,0,0,0.694,0.341,0.659,0,0,0.0,4,SEARCH_PHASE,1.8479,-1.2335,-57.2524,36.9746
396,12.138,-21.0911,19.4314,3.3967,1.8442,-1.2367,-0.9472,3.297,68.11,68.185,36.1244,-17.5185,0.2,0.0,0.0,0.0,1.8821,-1.233,-0.8281,2.3976,-0.1,0,0,0,0.693,0.338,0.662,0,0,0.0,4,SEARCH_PHASE,1.8442,-1.2367,-57.2155,36.9499
397,12.165,-21.0542,19.4066,3.3787,1.8428,-1.2387,-0.8996,3.279,68.065,68.139,36.1244,-17.5185,0.2,0.0,0.0,0.0,1.8794,-1.2371,-0.7801,2.3814,-0.0765,0,0,0,0.696,0.344,0.656,0,0,0.0,4,SEARCH_PHASE,1.8428,-1.2387,-57.1787,36.9251
398,12.189,-21.0175,19.3818,3.3616,1.8391,-1.2418,-0.852,3.262,68.021,68.094,36.1244,-17.5185,0.2,0.0,0.0,0.0,1.8811,-1.2345,-0.7321,2.3661,-0.1003,0,0,0,0.695,0.341,0.659,0,0,0.0,4,SEARCH_PHASE,1.8391,-1.2418,-57.1419,36.9003
399,12.212,-20.9807,19.3569,3.3455,1.8372,-1.2438,-0.8045,3.246,67.976,68.049,36.1244,-17.5185,0.2,0.0,0.0,0.0,1.8789,-1.2378,-0.6841,2.3517,-0.0768,0,0,0,0.697,0.341,0.659,0,0,0.0,4,SEARCH_PHASE,1.8372,-1.2438,-57.1051,36.8754
400,12.235,-20.9441,19.3319,3.3304,1.8326,-1.2468,-0.757,3.23,67.932,68.004,36.1244,-17.5185,0.2,0.0,0.0,0.0,1.8799,-1.2363,-0.6361,2.3382,-0.0975,0,0,0,0.696,0.342,0.658,0,0,0.0,4,SEARCH_PHASE,1.8326,-1.2468,-57.0685,36.8504
401,12.258,-20.9075,19.307,3.3162,1.8294,-1.2486,-0.7093,3.216,67.888,67.959,36.1244,-17.5185,0.2,0.0,0.0,0.0,1.8765,-1.2415,-0.5881,2.3256,-0.0742,0,0,0,0.7,0.347,0.653,0,0,0.0,4,SEARCH_PHASE,1.8294,-1.2486,-57.0319,36.8255
402,12.282,-20.871,19.282,3.303,1.8244,-1.251,-0.6616,3.203,67.844,67.914,36.1244,-17.5185,0.2,0.0,0.0,0.0,1.8785,-1.2385,-0.5401,2.3139,-0.1011,0,0,0,0.698,0.341,0.659,0,0,0.0,4,SEARCH_PHASE,1.8244,-1.251,-56.9954,36.8005
403,12.305,-20.8346,19.2569,3.2907,1.8215,-1.2517,-0.614,3.191,67.799,67.87,36.1244,-17.5185,0.2,0.0,0.0,0.0,1.8757,-1.2427,-0.4921,2.3032,-0.0776,0,0,0,0.701,0.347,0.653,0,0,0.0,4,SEARCH_PHASE,1.8215,-1.2517,-56.959,36.7754
404,12.328,-20.7982,19.2319,3.2794,1.8164,-1.2532,-0.5664,3.179,67.755,67.825,36.1244,-17.5185,0.2,0.0,0.0,0.0,1.8762,-1.242,-0.4441,2.2934,-0.1084,0,0,0,0.701,0.341,0.659,0,0,0.0,4,SEARCH_PHASE,1.8164,-1.2532,-56.9226,36.7504
405,12.354,-20.762,19.2068,3.269,1.813,-1.2531,-0.5187,3.169,67.711,67.781,36.1244,-17.5185,0.2,0.0,0.0,0.0,1.8708,-1.2501,-0.3961,2.2846,-0.0849,0,0,0,0.705,0.35,0.65,0,0,0.0,4,SEARCH_PHASE,1.813,-1.2531,-56.8864,36.7253
406,12.376,-20.7258,19.1817,3.2596,1.8082,-1.2543,-0.4709,3.16,67.667,67.736,36.1244,-17.5185,0.2,0.0,0.0,0.0,1.8725,-1.2476,-0.3481,2.2768,-0.1127,0,0,0,0.704,0.346,0.654,0,0,0.0,4,SEARCH_PHASE,1.8082,-1.2543,-56.8502,36.7002
407,12.4,-20.6897,19.1566,3.2511,1.8062,-1.2546,-0.4232,3.151,67.623,67.692,36.1244,-17.5185,0.2,0.0,0.0,0.0,1.8672,-1.2555,-0.3001,2.2699,-0.0887,0,0,0,0.707,0.349,0.651,0,0,0.0,4,SEARCH_PHASE,1.8062,-1.2546,-56.8141,36.6751
408,12.424,-20.6536,19.1315,3.2436,1.8023,-1.2562,-0.3762,3.144,67.579,67.648,36.1244,-17.5185,0.2,0.0,0.0,0.0,1.8706,-1.2503,-0.2521,2.2641,-0.1069,0,0,0,0.706,0.348,0.652,0,0,0.0,4,SEARCH_PHASE,1.8023,-1.2562,-56.778,36.65
409,12.449,-20.6176,19.1063,3.237,1.8006,-1.2571,-0.3283,3.137,67.535,67.604,36.1244,-17.5185,0.2,0.0,0.0,0.0,1.8662,-1.2569,-0.2041,2.2592,-0.0795,0,0,0,0.709,0.354,0.646,0,0,0.0,4,SEARCH_PHASE,1.8006,-1.2571,-56.742,36.6249
410,12.474,-20.5817,19.0812,3.2314,1.797,-1.2589,-0.2804,3.131,67.492,67.56,36.1244,-17.5185,0.2,0.0,0.0,0.0,1.8712,-1.2494,-0.1561,2.2554,-0.1042,0,0,0,0.706,0.353,0.647,0,0,0.0,4,SEARCH_PHASE,1.797,-1.2589,-56.7061,36.5997
411,12.499,-20.5458,19.056,3.2268,1.7954,-1.2593,-0.2327,3.127,67.448,67.516,36.1244,-17.5185,0.2,0.0,0.0,0.0,1.8683,-1.2537,-0.1081,2.2526,-0.0774,0,0,0,0.708,0.362,0.638,0,0,0.0,4,SEARCH_PHASE,1.7954,-1.2593,-56.6702,36.5745
412,12.524,-20.5099,19.0308,3.2231,1.7914,-1.2609,-0.1852,3.123,67.404,67.472,36.1244,-17.5185,0.2,0.0,0.0,0.0,1.8675,-1.2549,-0.0601,2.2508,-0.1027,0,0,0,0.709,0.363,0.637,0,0,0.0,4,SEARCH_PHASE,1.7914,-1.2609,-56.6344,36.5493
413,12.548,-20.4742,19.0055,3.2203,1.7889,-1.2613,-0.1374,3.12,67.36,67.428,36.1244,-17.5185,0.2,0.0,0.0,0.0,1.8582,-1.2686,-0.0121,2.25,-0.0767,0,0,0,0.714,0.362,0.638,0,0,0.0,4,SEARCH_PHASE,1.7889,-1.2613,-56.5986,36.524
414,12.572,-20.4384,18.9803,3.2185,1.7863,-1.263,-0.0895,3.119,67.317,67.384,36.1244,-17.5185,0.2,0.0,0.0,0.0,1.8589,-1.2677,0.0359,2.2503,-0.1008,0,0,0,0.714,0.362,0.638,0,0,0.0,4,SEARCH_PHASE,1.7863,-1.263,-56.5629,36.4988
415,12.596,-20.4027,18.955,3.2177,1.7875,-1.2639,-0.0418,3.118,67.273,67.34,36.1244,-17.5185,0.2,0.0,0.0,0.0,1.8506,-1.2797,0.0839,2.2516,-0.0748,0,0,0,0.718,0.367,0.633,0,0,0.0,4,SEARCH_PHASE,1.7875,-1.2639,-56.5271,36.4735
416,12.62,-20.3669,18.9297,3.2178,1.788,-1.2663,0.0059,3.118,67.229,67.297,36.1244,-17.5185,0.2,0.0,0.0,0.0,1.8531,-1.2762,0.1319,2.2539,-0.099,0,0,0,0.717,0.365,0.635,0,0,0.0,4,SEARCH_PHASE,1.788,-1.2663,-56.4913,36.4482
417,12.644,-20.3311,18.9043,3.2189,1.7918,-1.2681,0.053,3.119,67.185,67.253,36.1244,-17.5185,0.2,0.0,0.0,0.0,1.843,-1.2907,0.1799,2.2572,-0.0759,0,0,0,0.72,0.372,0.628,0,0,0.0,4,SEARCH_PHASE,1.7918,-1.2681,-56.4555,36.4228
418,12.669,-20.2952,18.8789,3.2209,1.7943,-1.2716,0.1008,3.121,67.141,67.209,36.1244,-17.5185,0.2,0.0,0.0,0.0,1.8462,-1.2861,0.2279,2.2615,-0.103,0,0,0,0.719,0.368,0.632,0,0,0.0,4,SEARCH_PHASE,1.7943,-1.2716,-56.4196,36.3974
419,12.694,-20.2592,18.8534,3.2239,1.7998,-1.2745,0.1484,3.124,67.097,67.165,36.1244,-17.5185,0.2,0.0,0.0,0.0,1.8386,-1.2969,0.2759,2.2668,-0.078,0,0,0,0.721,0.373,0.627,0,0,0.0,4,SEARCH_PHASE,1.7998,-1.2745,-56.3836,36.3719
420,12.718,-20.2231,18.8278,3.2278,1.8037,-1.2791,0.196,3.128,67.053,67.121,36.1244,-17.5185,0.2,0.0,0.0,0.0,1.8455,-1.2871,0.3239,2.2732,-0.1057,0,0,0,0.718,0.372,0.628,0,0,0.0,4,SEARCH_PHASE,1.8037,-1.2791,-56.3475,36.3463
421,12.742,-20.187,18.8021,3.2326,1.8096,-1.2832,0.2435,3.133,67.009,67.077,36.1244,-17.5185,0.2,0.0,0.0,0.0,1.8403,-1.2945,0.3719,2.2805,-0.0819,0,0,0,0.719,0.37,0.63,0,0,0.0,4,SEARCH_PHASE,1.8096,-1.2832,-56.3114,36.3207
422,12.767,-20.1507,18.7764,3.2385,1.8129,-1.289,0.2909,3.138,66.964,67.033,36.1244,-17.5185,0.2,0.0,0.0,0.0,1.8469,-1.2851,0.4199,2.2888,-0.0837,0,0,0,0.716,0.367,0.633,0,0,0.0,4,SEARCH_PHASE,1.8129,-1.289,-56.2751,36.2949
423,12.791,-20.1143,18.7505,3.2452,1.8178,-1.2945,0.3385,3.145,66.92,66.989,36.1244,-17.5185,0.2,0.0,0.0,0.0,1.8412,-1.2932,0.4679,2.2981,-0.0598,0,0,0,0.717,0.367,0.633,0,0,0.0,4,SEARCH_PHASE,1.8178,-1.2945,-56.2387,36.269
424,12.815,-20.0779,18.7245,3.253,1.8207,-1.2991,0.3862,3.153,66.875,66.945,36.1244,-17.5185,0.2,0.0,0.0,0.0,1.8502,-1.2804,0.5159,2.3084,-0.0884,0,0,0,0.713,0.361,0.639,0,0,0.0,4,SEARCH_PHASE,1.8207,-1.2991,-56.2023,36.243
425,12.839,-20.0414,18.6985,3.2616,1.8256,-1.3008,0.4339,3.162,66.83,66.9,36.1244,-17.5185,0.2,0.0,0.0,0.0,1.8469,-1.2851,0.5639,2.3196,-0.0642,0,0,0,0.713,0.362,0.638,0,0,0.0,4,SEARCH_PHASE,1.8256,-1.3008,-56.1658,36.217
426,12.864,-20.0048,18.6724,3.2713,1.828,-1.3019,0.4817,3.171,66.785,66.856,36.1244,-17.5185,0.2,0.0,0.0,0.0,1.8572,-1.2702,0.6119,2.3317,-0.0934,0,0,0,0.708,0.356,0.644,0,0,0.0,4,SEARCH_PHASE,1.828,-1.3019,-56.1293,36.1909
427,12.887,-19.9682,18.6464,3.2819,1.8319,-1.3001,0.5295,3.082,66.74,66.812,36.1244,-17.5185,0.2,0.0,0.0,0.0,1.8572,-1.2701,0.6599,2.3448,-0.0691,0,0,0,0.707,0.357,0.643,0,0,0.0,4,SEARCH_PHASE,1.8319,-1.3001,-56.0926,36.1649
428,12.91,-19.9316,18.6205,3.2934,1.8327,-1.298,0.5774,3.093,66.696,66.767,36.1244,-17.5185,0.2,0.0,0.0,0.0,1.8664,-1.2566,0.7079,2.3587,-0.0992,0,0,0,0.702,0.353,0.647,0,0,0.0,4,SEARCH_PHASE,1.8327,-1.298,-56.056,36.139
429,12.934,-19.8949,18.5946,3.3059,1.8345,-1.2932,0.6252,3.106,66.651,66.723,36.1244,-17.5185,0.2,0.0,0.0,0.0,1.8672,-1.2555,0.7559,2.3736,-0.0748,0,0,0,0.701,0.349,0.651,0,0,0.0,4,SEARCH_PHASE,1.8345,-1.2932,-56.0193,36.1131
430,12.956,-19.8582,18.5689,3.3194,1.8329,-1.2883,0.6729,3.119,66.606,66.679,36.1244,-17.5185,0.2,0.0,0.0,0.0,1.8681,-1.2541,0.8039,2.3893,-0.112,0,0,0,0.7,0.352,0.648,0,0,0.0,4,SEARCH_PHASE,1.8329,-1.2883,-55.9826,36.0874
431,12.979,-19.8216,18.5432,3.3338,1.8321,-1.281,0.7205,3.134,66.561,66.635,36.1244,-17.5185,0.2,0.0,0.0,0.0,1.8687,-1.2532,0.8519,2.4059,-0.0791,0,0,0,0.699,0.35,0.65,0,0,0.0,4,SEARCH_PHASE,1.8321,-1.281,-55.946,36.0617
432,13.002,-19.785,18.5177,3.3491,1.8309,-1.2746,0.7676,3.149,66.517,66.591,36.1244,-17.5185,0.2,0.0,0.0,0.0,1.8709,-1.2499,0.8999,2.4233,-0.1128,0,0,0,0.697,0.348,0.652,0,0,0.0,4,SEARCH_PHASE,1.8309,-1.2746,-55.9094,36.0362
433,13.025,-19.7483,18.4924,3.3654,1.8306,-1.2657,0.8155,3.165,66.472,66.548,36.1244,-17.5185,0.2,0.0,0.0,0.0,1.8686,-1.2534,0.9479,2.4415,-0.0823,0,0,0,0.698,0.351,0.649,0,0,0.0,4,SEARCH_PHASE,1.8306,-1.2657,-55.8727,36.0109
434,13.047,-19.7117,18.4673,3.3827,1.8298,-1.2577,0.8633,3.183,66.428,66.504,36.1244,-17.5185,0.2,0.0,0.0,0.0,1.8747,-1.2442,0.9959,2.4605,-0.1104,0,0,0,0.693,0.343,0.657,0,0,0.0,4,SEARCH_PHASE,1.8298,-1.2577,-55.8362,35.9858
435,13.071,-19.6751,18.4423,3.4009,1.8313,-1.2478,0.911,3.201,66.383,66.461,36.1244,-17.5185,0.2,0.0,0.0,0.0,1.8738,-1.2456,1.0439,2.4804,-0.0832,0,0,0,0.693,0.346,0.654,0,0,0.0,4,SEARCH_PHASE,1.8313,-1.2478,-55.7995,35.9608
436,13.093,-19.6385,18.4175,3.4201,1.8306,-1.2386,0.9586,3.22,66.339,66.417,36.1244,-17.5185,0.2,0.0,0.0,0.0,1.8797,-1.2366,1.0919,2.5009,-0.1114,0,0,0,0.688,0.34,0.66,0,0,0.0,4,SEARCH_PHASE,1.8306,-1.2386,-55.7629,35.936
437,13.117,-19.6019,18.393,3.4402,1.8317,-1.2277,1.0062,3.24,66.295,66.374,36.1244,-17.5185,0.2,0.0,0.0,0.0,1.8798,-1.2365,1.1399,2.5223,-0.0845,0,0,0,0.688,0.34,0.66,0,0,0.0,4,SEARCH_PHASE,1.8317,-1.2277,-55.7263,35.9115
438,13.14,-19.5653,18.3686,3.4613,1.8301,-1.2177,1.0536,3.261,66.251,66.331,36.1244,-17.5185,0.2,0.0,0.0,0.0,1.881,-1.2346,1.1879,2.5443,-0.1181,0,0,0,0.686,0.338,0.662,0,0,0.0,4,SEARCH_PHASE,1.8301,-1.2177,-55.6897,35.8871
439,13.163,-19.5287,18.3445,3.4833,1.8299,-1.2062,1.1011,3.283,66.207,66.289,36.1244,-17.5185,0.2,0.0,0.0,0.0,1.8784,-1.2386,1.2359,2.5671,-0.0992,0,0,0,0.688,0.343,0.657,0,0,0.0,4,SEARCH_PHASE,1.8299,-1.2062,-55.6531,35.863
440,13.186,-19.4921,18.3206,3.5063,1.8291,-1.1963,1.1481,3.306,66.164,66.246,36.1244,-17.5185,0.2,0.0,0.0,0.0,1.8816,-1.2338,1.2839,2.5905,-0.1192,0,0,0,0.685,0.336,0.664,0,0,0.0,4,SEARCH_PHASE,1.8291,-1.1963,-55.6165,35.8391
441,13.209,-19.4555,18.2969,3.5302,1.8315,-1.1864,1.1954,3.33,66.12,66.204,36.1244,-17.5185,0.2,0.0,0.0,0.0,1.8794,-1.237,1.3319,2.6146,-0.091,0,0,0,0.687,0.339,0.661,0,0,0.0,4,SEARCH_PHASE,1.8315,-1.1864,-55.5799,35.8154
442,13.233,-19.4188,18.2733,3.5551,1.8325,-1.179,1.2435,3.355,66.076,66.162,36.1244,-17.5185,0.2,0.0,0.0,0.0,1.8821,-1.233,1.3799,2.6394,-0.1167,0,0,0,0.684,0.338,0.662,0,0,0.0,4,SEARCH_PHASE,1.8325,-1.179,-55.5432,35.7918
443,13.257,-19.3821,18.2498,3.5809,1.8366,-1.1718,1.2914,3.441,66.033,66.119,36.1244,-17.5185,0.2,0.0,0.0,0.0,1.8809,-1.2348,1.4279,2.6648,-0.0889,0,0,0,0.685,0.339,0.661,0,0,0.0,4,SEARCH_PHASE,1.8366,-1.1718,-55.5065,35.7683
444,13.283,-19.3453,18.2265,3.6077,1.8391,-1.1671,1.3392,3.468,65.989,66.077,36.1244,-17.5185,0.2,0.0,0.0,0.0,1.8835,-1.2308,1.4759,2.6908,-0.1144,0,0,0,0.681,0.337,0.663,0,0,0.0,4,SEARCH_PHASE,1.8391,-1.1671,-55.4697,35.745
445,13.308,-19.3084,18.2032,3.6354,1.844,-1.1627,1.387,3.495,65.946,66.035,36.1244,-17.5185,0.2,0.0,0.0,0.0,1.883,-1.2316,1.5173,2.7138,-0.0871,0,0,0,0.681,0.339,0.661,0,0,0.0,4,SEARCH_PHASE,1.844,-1.1627,-55.4328,35.7217
446,13.334,-19.2715,18.18,3.6641,1.8466,-1.1611,1.4323,3.524,65.902,65.993,36.1244,-17.5185,0.2,0.0,0.0,0.0,1.8855,-1.2277,1.4693,2.6873,-0.1121,0,0,0,0.676,0.34,0.66,0,0,0.0,4,SEARCH_PHASE,1.8466,-1.1611,-55.3959,35.6985
447,13.36,-19.2345,18.1568,3.6929,1.8498,-1.1596,1.443,3.553,65.858,65.951,36.1244,-17.5185,0.2,0.0,0.0,0.0,1.886,-1.2269,1.4213,2.6613,-0.0876,0,0,0,0.675,0.338,0.662,0,0,0.0,4,SEARCH_PHASE,1.8498,-1.1596,-55.3589,35.6753
448,13.387,-19.1975,18.1336,3.7216,1.85,-1.16,1.4319,3.582,65.815,65.909,36.1244,-17.5185,0.2,0.0,0.0,0.0,1.8883,-1.2235,1.3733,2.636,-0.1066,0,0,0,0.67,0.335,0.665,0,0,0.0,4,SEARCH_PHASE,1.85,-1.16,-55.3219,35.6521
449,13.413,-19.1605,18.1104,3.7497,1.8507,-1.1608,1.4073,3.61,65.771,65.867,36.1244,-17.5185,0.2,0.0,0.0,0.0,1.889,-1.2223,1.3253,2.6113,-0.0849,0,0,0,0.668,0.338,0.662,0,0,0.0,4,SEARCH_PHASE,1.8507,-1.1608,-55.2849,35.6289
450,13.439,-19.1235,18.0872,3.7772,1.8491,-1.1631,1.3738,3.637,65.727,65.825,36.1244,-17.5185,0.2,0.0,0.0,0.0,1.8901,-1.2207,1.2773,2.5873,-0.0841,0,0,0,0.665,0.339,0.661,0,0,0.0,4,SEARCH_PHASE,1.8491,-1.1631,-55.2479,35.6057
451,13.465,-19.0865,18.0638,3.8039,1.8478,-1.1658,1.3352,3.664,65.684,65.783,36.1244,-17.5185,0.2,0.0,0.0,0.0,1.89,-1.2209,1.2293,2.5639,-0.0822,0,0,0,0.666,0.335,0.665,0,0,0.0,4,SEARCH_PHASE,1.8478,-1.1658,-55.2109,35.5823
452,13.49,-19.0496,18.0405,3.8297,1.846,-1.1687,1.2934,3.69,65.64,65.74,36.1244,-17.5185,0.2,0.0,0.0,0.0,1.8907,-1.2197,1.1813,2.5413,-0.0986,0,0,0,0.663,0.336,0.664,0,0,0.0,4,SEARCH_PHASE,1.846,-1.1687,-55.174,35.559
453,13.517,-19.0127,18.017,3.8547,1.8458,-1.1713,1.2489,3.715,65.596,65.698,36.1244,-17.5185,0.2,0.0,0.0,0.0,1.8907,-1.2197,1.1333,2.5193,-0.0786,0,0,0,0.664,0.339,0.661,0,0,0.0,4,SEARCH_PHASE,1.8458,-1.1713,-55.1371,35.5355
454,13.542,-18.9758,17.9935,3.8788,1.8453,-1.1747,1.2037,3.739,65.553,65.656,36.1244,-17.5185,0.2,0.0,0.0,0.0,1.8912,-1.2189,1.0853,2.4981,-0.1002,0,0,0,0.661,0.335,0.665,0,0,0.0,4,SEARCH_PHASE,1.8453,-1.1747,-55.1002,35.512
455,13.569,-18.9389,17.97,3.902,1.8461,-1.1779,1.1576,3.762,65.509,65.613,36.1244,-17.5185,0.2,0.0,0.0,0.0,1.8912,-1.2189,1.0373,2.4776,-0.0814,0,0,0,0.661,0.338,0.662,0,0,0.0,4,SEARCH_PHASE,1.8461,-1.1779,-55.0633,35.4885
456,13.595,-18.9019,17.9463,3.9242,1.8461,-1.1819,1.1108,3.784,65.465,65.571,36.1244,-17.5185,0.2,0.0,0.0,0.0,1.8912,-1.2189,0.9893,2.4579,-0.0975,0,0,0,0.657,0.334,0.666,0,0,0.0,4,SEARCH_PHASE,1.8461,-1.1819,-55.0264,35.4648
457,13.62,-18.865,17.9226,3.9454,1.8473,-1.1857,1.0637,3.805,65.421,65.528,36.1244,-17.5185,0.2,0.0,0.0,0.0,1.8912,-1.2189,0.9413,2.439,-0.0788,0,0,0,0.657,0.33,0.67,0,0,0.0,4,SEARCH_PHASE,1.8473,-1.1857,-54.9894,35.4411
458,13.645,-18.8281,17.8988,3.9658,1.8475,-1.1902,1.0163,3.826,65.377,65.485,36.1244,-17.5185,0.2,0.0,0.0,0.0,1.8912,-1.2189,0.8933,2.4209,-0.0955,0,0,0,0.653,0.329,0.671,0,0,0.0,4,SEARCH_PHASE,1.8475,-1.1902,-54.9525,35.4173
459,13.67,-18.7911,17.8749,3.9851,1.8486,-1.1942,0.9689,3.845,65.333,65.443,36.1244,-17.5185,0.2,0.0,0.0,0.0,1.8912,-1.2189,0.8453,2.4036,-0.0768,0,0,0,0.653,0.332,0.668,0,0,0.0,4,SEARCH_PHASE,1.8486,-1.1942,-54.9155,35.3934
460,13.695,-18.7541,17.851,4.0036,1.8486,-1.1986,0.9213,3.864,65.289,65.4,36.1244,-17.5185,0.2,0.0,0.0,0.0,1.8912,-1.2189,0.7973,2.3871,-0.0944,0,0,0,0.65,0.324,0.676,0,0,0.0,4,SEARCH_PHASE,1.8486,-1.1986,-54.8785,35.3695
461,13.72,-18.7171,17.8269,4.021,1.8494,-1.2024,0.8738,3.881,65.245,65.357,36.1244,-17.5185,0.2,0.0,0.0,0.0,1.8912,-1.2189,0.7493,2.3715,-0.0757,0,0,0,0.65,0.324,0.676,0,0,0.0,4,SEARCH_PHASE,1.8494,-1.2024,-54.8415,35.3454
462,13.745,-18.6801,17.8028,4.0376,1.8489,-1.2064,0.8261,3.898,65.201,65.314,36.1244,-17.5185,0.2,0.0,0.0,0.0,1.8912,-1.2189,0.7013,2.3568,-0.0952,0,0,0,0.649,0.32,0.68,0,0,0.0,4,SEARCH_PHASE,1.8489,-1.2064,-54.8046,35.3213
463,13.77,-18.6432,17.7786,4.0531,1.849,-1.2096,0.7785,3.913,65.157,65.27,36.1244,-17.5185,0.2,0.0,0.0,0.0,1.8912,-1.2189,0.6533,2.3429,-0.0766,0,0,0,0.649,0.322,0.678,0,0,0.0,4,SEARCH_PHASE,1.849,-1.2096,-54.7676,35.2971
464,13.796,-18.6062,17.7543,4.0678,1.848,-1.213,0.731,3.928,65.112,65.227,36.1244,-17.5185,0.2,0.0,0.0,0.0,1.8913,-1.2189,0.6053,2.33,-0.0985,0,0,0,0.644,0.32,0.68,0,0,0.0,4,SEARCH_PHASE,1.848,-1.213,-54.7306,35.2728
465,13.823,-18.5692,17.73,4.0814,1.848,-1.2155,0.6834,3.941,65.068,65.184,36.1244,-17.5185,0.2,0.0,0.0,0.0,1.8913,-1.2189,0.5573,2.318,-0.0799,0,0,0,0.644,0.324,0.676,0,0,0.0,4,SEARCH_PHASE,1.848,-1.2155,-54.6937,35.2485
466,13.849,-18.5323,17.7057,4.0941,1.8467,-1.2183,0.6355,3.954,65.024,65.14,36.1244,-17.5185,0.2,0.0,0.0,0.0,1.8913,-1.2189,0.5093,2.3069,-0.0936,0,0,0,0.642,0.322,0.678,0,0,0.0,4,SEARCH_PHASE,1.8467,-1.2183,-54.6567,35.2242
467,13.874,-18.4954,17.6813,4.1059,1.8459,-1.2202,0.588,3.966,64.98,65.097,36.1244,-17.5185,0.2,0.0,0.0,0.0,1.8913,-1.2188,0.4613,2.2968,-0.0751,0,0,0,0.643,0.327,0.673,0,0,0.0,4,SEARCH_PHASE,1.8459,-1.2202,-54.6198,35.1998
468,13.898,-18.4585,17.6568,4.1167,1.8448,-1.222,0.5406,3.977,64.935,65.053,36.1244,-17.5185,0.2,0.0,0.0,0.0,1.8913,-1.2188,0.4133,2.2877,-0.0984,0,0,0,0.641,0.328,0.672,0,0,0.0,4,SEARCH_PHASE,1.8448,-1.222,-54.5829,35.1753
469,13.922,-18.4216,17.6324,4.1266,1.8451,-1.2225,0.493,3.987,64.891,65.01,36.1244,-17.5185,0.2,0.0,0.0,0.0,1.8913,-1.2188,0.3653,2.2795,-0.0795,0,0,0,0.642,0.328,0.672,0,0,0.0,4,SEARCH_PHASE,1.8451,-1.2225,-54.546,35.1509
470,13.947,-18.3847,17.6079,4.1355,1.8448,-1.2229,0.4454,3.995,64.847,64.966,36.1244,-17.5185,0.2,0.0,0.0,0.0,1.8913,-1.2188,0.3173,2.2723,-0.1028,0,0,0,0.638,0.326,0.674,0,0,0.0,4,SEARCH_PHASE,1.8448,-1.2229,-54.5091,35.1264
471,13.972,-18.3478,17.5835,4.1434,1.8456,-1.2222,0.3978,4.003,64.803,64.922,36.1244,-17.5185,0.2,0.0,0.0,0.0,1.8913,-1.2188,0.2693,2.2661,-0.0833,0,0,0,0.639,0.328,0.672,0,0,0.0,4,SEARCH_PHASE,1.8456,-1.2222,-54.4722,35.102
472,13.996,-18.3109,17.559,4.1504,1.8453,-1.2216,0.3497,4.01,64.758,64.879,36.1244,-17.5185,0.2,0.0,0.0,0.0,1.8913,-1.2188,0.2213,2.2609,-0.1036,0,0,0,0.636,0.325,0.675,0,0,0.0,4,SEARCH_PHASE,1.8453,-1.2216,-54.4353,35.0775
473,14.022,-18.274,17.5346,4.1565,1.846,-1.2199,0.3023,4.016,64.714,64.835,36.1244,-17.5185,0.2,0.0,0.0,0.0,1.8913,-1.2187,0.1733,2.2567,-0.0818,0,0,0,0.637,0.327,0.673,0,0,0.0,4,SEARCH_PHASE,1.846,-1.2199,-54.3984,35.0531
474,14.047,-18.237,17.5103,4.1616,1.8455,-1.2184,0.2547,4.022,64.67,64.791,36.1244,-17.5185,0.2,0.0,0.0,0.0,1.8914,-1.2187,0.1253,2.2535,-0.1053,0,0,0,0.633,0.324,0.676,0,0,0.0,4,SEARCH_PHASE,1.8455,-1.2184,-54.3615,35.0288
475,14.072,-18.2001,17.486,4.1657,1.8458,-1.216,0.2072,4.026,64.626,64.747,36.1244,-17.5185,0.2,0.0,0.0,0.0,1.8914,-1.2187,0.0773,2.2513,-0.0839,0,0,0,0.635,0.328,0.672,0,0,0.0,4,SEARCH_PHASE,1.8458,-1.216,-54.3245,35.0045
476,14.098,-18.1632,17.4617,4.1689,1.8454,-1.214,0.1597,4.029,64.581,64.703,36.1244,-17.5185,0.2,0.0,0.0,0.0,1.8914,-1.2187,0.0293,2.2502,-0.105,0,0,0,0.632,0.332,0.668,0,0,0.0,4,SEARCH_PHASE,1.8454,-1.214,-54.2876,34.9802
477,14.124,-18.1263,17.4374,4.1711,1.8461,-1.2114,0.1121,4.031,64.537,64.659,36.1244,-17.5185,0.2,0.0,0.0,0.0,1.8914,-1.2187,-0.0187,2.2501,-0.0839,0,0,0,0.634,0.337,0.663,0,0,0.0,4,SEARCH_PHASE,1.8461,-1.2114,-54.2507,34.9559
478,14.15,-18.0894,17.4133,4.1724,1.8459,-1.2093,0.0645,4.032,64.493,64.615,36.1244,-17.5185,0.2,0.0,0.0,0.0,1.8914,-1.2187,-0.0667,2.251,-0.1049,0,0,0,0.626,0.335,0.665,0,0,0.0,4,SEARCH_PHASE,1.8459,-1.2093,-54.2138,34.9318
479,14.178,-18.0525,17.3891,4.1728,1.8465,-1.2068,0.0168,4.033,64.449,64.571,36.1244,-17.5185,0.2,0.0,0.0,0.0,1.8914,-1.2187,-0.1147,2.2529,-0.0842,0,0,0,0.627,0.335,0.665,0,0,0.0,4,SEARCH_PHASE,1.8465,-1.2068,-54.1769,34.9076
480,14.206,-18.0155,17.365,4.1722,1.8458,-1.2049,-0.031,4.032,64.405,64.527,36.1244,-17.5185,0.2,0.0,0.0,0.0,1.8914,-1.2187,-0.1627,2.2559,-0.1091,0,0,0,0.627,0.336,0.664,0,0,0.0,4,SEARCH_PHASE,1.8458,-1.2049,-54.1399,34.8835
481,14.24,-17.9786,17.341,4.1706,1.8458,-1.2026,-0.0786,4.031,64.361,64.483,36.1244,-17.5185,0.2,0.0,0.0,0.0,1.8914,-1.2187,-0.2107,2.2598,-0.0885,0,0,0,0.631,0.34,0.66,0,0,0.0,4,SEARCH_PHASE,1.8458,-1.2026,-54.103,34.8595
482,14.269,-17.9417,17.3169,4.1681,1.8452,-1.2013,-0.1261,4.028,64.317,64.439,36.1244,-17.5185,0.2,0.0,0.0,0.0,1.8914,-1.2187,-0.2587,2.2648,-0.1092,0,0,0,0.631,0.339,0.661,0,0,0.0,4,SEARCH_PHASE,1.8452,-1.2013,-54.0661,34.8354
483,14.298,-17.9048,17.2929,4.1646,1.8461,-1.2001,-0.1738,4.025,64.273,64.395,36.1244,-17.5185,0.2,0.0,0.0,0.0,1.8914,-1.2186,-0.3067,2.2708,-0.089,0,0,0,0.634,0.343,0.657,0,0,0.0,4,SEARCH_PHASE,1.8461,-1.2001,-54.0292,34.8114
484,14.326,-17.8679,17.2689,4.1602,1.8462,-1.1999,-0.2216,4.02,64.229,64.351,36.1244,-17.5185,0.2,0.0,0.0,0.0,1.8914,-1.2186,-0.3547,2.2778,-0.0956,0,0,0,0.63,0.339,0.661,0,0,0.0,4,SEARCH_PHASE,1.8462,-1.1999,-53.9923,34.7874
485,14.354,-17.8309,17.2449,4.1548,1.8474,-1.1999,-0.2693,4.015,64.185,64.306,36.1244,-17.5185,0.2,0.0,0.0,0.0,1.8914,-1.2186,-0.4027,2.2857,-0.0756,0,0,0,0.635,0.345,0.655,0,0,0.0,4,SEARCH_PHASE,1.8474,-1.1999,-53.9553,34.7634
486,14.392,-17.794,17.2209,4.1484,1.8478,-1.2002,-0.3169,4.008,64.141,64.262,36.1244,-17.5185,0.2,0.0,0.0,0.0,1.8914,-1.2186,-0.4507,2.2947,-0.0965,0,0,0,0.635,0.343,0.657,0,0,0.0,4,SEARCH_PHASE,1.8478,-1.2002,-53.9184,34.7394
487,14.42,-17.757,17.1969,4.1411,1.8494,-1.1998,-0.3646,4.001,64.097,64.218,36.1244,-17.5185,0.2,0.0,0.0,0.0,1.8914,-1.2186,-0.4987,2.3046,-0.0766,0,0,0,0.633,0.348,0.652,0,0,0.0,4,SEARCH_PHASE,1.8494,-1.1998,-53.8814,34.7155
488,14.448,-17.72,17.173,4.1329,1.8499,-1.1999,-0.4122,3.993,64.052,64.173,36.1244,-17.5185,0.2,0.0,0.0,0.0,1.8914,-1.2186,-0.5467,2.3155,-0.0975,0,0,0,0.634,0.346,0.654,0,0,0.0,4,SEARCH_PHASE,1.8499,-1.1999,-53.8444,34.6915
489,14.476,-17.683,17.149,4.1237,1.8512,-1.1994,-0.4599,3.984,64.008,64.128,36.1244,-17.5185,0.2,0.0,0.0,0.0,1.8914,-1.2186,-0.5947,2.3273,-0.0779,0,0,0,0.636,0.348,0.652,0,0,0.0,4,SEARCH_PHASE,1.8512,-1.1994,-53.8074,34.6675
490,14.503,-17.6459,17.125,4.1135,1.8512,-1.1995,-0.5076,3.974,63.964,64.084,36.1244,-17.5185,0.2,0.0,0.0,0.0,1.8914,-1.2186,-0.6427,2.34,-0.1006,0,0,0,0.646,0.345,0.655,0,0,0.0,4,SEARCH_PHASE,1.8512,-1.1995,-53.7703,34.6435
491,14.531,-17.6089,17.101,4.1024,1.8518,-1.1992,-0.5553,3.962,63.92,64.039,36.1244,-17.5185,0.2,0.0,0.0,0.0,1.8914,-1.2186,-0.6907,2.3536,-0.0814,0,0,0,0.642,0.345,0.655,0,0,0.0,4,SEARCH_PHASE,1.8518,-1.1992,-53.7333,34.6195
492,14.56,-17.5719,17.077,4.0904,1.8512,-1.1996,-0.603,3.95,63.876,63.994,36.1244,-17.5185,0.2,0.0,0.0,0.0,1.8914,-1.2186,-0.7387,2.3681,-0.0952,0,0,0,0.651,0.344,0.656,0,0,0.0,4,SEARCH_PHASE,1.8512,-1.1996,-53.6963,34.5955
493,14.588,-17.5348,17.053,4.0774,1.8513,-1.1999,-0.6506,3.937,63.832,63.949,36.1244,-17.5185,0.2,0.0,0.0,0.0,1.8914,-1.2186,-0.7867,2.3836,-0.0762,0,0,0,0.654,0.346,0.654,0,0,0.0,4,SEARCH_PHASE,1.8513,-1.1999,-53.6593,34.5715
494,14.617,-17.4978,17.029,4.0634,1.8502,-1.2006,-0.6983,3.923,63.788,63.905,36.1244,-17.5185,0.2,0.0,0.0,0.0,1.8914,-1.2186,-0.8347,2.3998,-0.0997,0,0,0,0.656,0.346,0.654,0,0,0.0,4,SEARCH_PHASE,1.8502,-1.2006,-53.6223,34.5475
495,14.645,-17.4608,17.005,4.0485,1.8497,-1.2008,-0.7459,3.908,63.744,63.86,36.1244,-17.5185,0.2,0.0,0.0,0.0,1.8914,-1.2186,-0.8827,2.4169,-0.081,0,0,0,0.658,0.345,0.655,0,0,0.0,4,SEARCH_PHASE,1.8497,-1.2008,-53.5853,34.5235
496,14.678,-17.4239,16.9809,4.0326,1.8483,-1.2018,-0.7936,3.893,63.7,63.815,36.1244,-17.5185,0.2,0.0,0.0,0.0,1.8914,-1.2186,-0.9307,2.4349,-0.0932,0,0,0,0.661,0.349,0.651,0,0,0.0,4,SEARCH_PHASE,1.8483,-1.2018,-53.5483,34.4994
497,14.71,-17.3869,16.9569,4.0158,1.8479,-1.2025,-0.8412,3.876,63.655,63.77,36.1244,-17.5185,0.2,0.0,0.0,0.0,1.8911,-1.2191,-0.9787,2.4536,-0.0746,0,0,0,0.663,0.349,0.651,0,0,0.0,4,SEARCH_PHASE,1.8479,-1.2025,-53.5113,34.4754
498,14.74,-17.35,16.9328,3.998,1.8466,-1.2035,-0.8888,3.858,63.611,63.725,36.1244,-17.5185,0.2,0.0,0.0,0.0,1.8903,-1.2204,-1.0267,2.4732,-0.0956,0,0,0,0.666,0.354,0.646,0,0,0.0,4,SEARCH_PHASE,1.8466,-1.2035,-53.4744,34.4513
499,14.774,-17.3131,16.9087,3.9793,1.8461,-1.2039,-0.9364,3.839,63.567,63.68,36.1244,-17.5185,0.2,0.0,0.0,0.0,1.8895,-1.2216,-1.0747,2.4935,-0.0771,0,0,0,0.669,0.352,0.648,0,0,0.0,4,SEARCH_PHASE,1.8461,-1.2039,-53.4375,34.4272
500,14.811,-17.2762,16.8846,3.9596,1.8445,-1.2048,-0.9841,3.82,63.523,63.634,36.1244,-17.5185,0.2,0.0,0.0,0.0,1.8887,-1.2228,-1.1227,2.5145,-0.1021,0,0,0,0.671,0.352,0.648,0,0,0.0,4,SEARCH_PHASE,1.8445,-1.2048,-53.4006,34.4031
501,14.847,-17.2393,16.8605,3.939,1.8434,-1.2051,-1.0317,3.799,63.479,63.589,36.1244,-17.5185,0.2,0.0,0.0,0.0,1.8893,-1.2219,-1.1707,2.5363,-0.0838,0,0,0,0.666,0.359,0.641,0,0,0.0,4,SEARCH_PHASE,1.8434,-1.2051,-53.3637,34.379
502,14.881,-17.2025,16.8364,3.9174,1.8419,-1.2061,-1.0794,3.777,63.435,63.544,36.1244,-17.5185,0.2,0.0,0.0,0.0,1.8877,-1.2243,-1.2187,2.5588,-0.0944,0,0,0,0.669,0.358,0.642,0,0,0.0,4,SEARCH_PHASE,1.8419,-1.2061,-53.3269,34.3549
503,14.915,-17.1656,16.8123,3.8948,1.8416,-1.207,-1.1269,3.755,63.391,63.499,36.1244,-17.5185,0.2,0.0,0.0,0.0,1.8877,-1.2243,-1.2667,2.582,-0.0759,0,0,0,0.67,0.366,0.634,0,0,0.0,4,SEARCH_PHASE,1.8416,-1.207,-53.2901,34.3308
504,14.95,-17.1288,16.7881,3.8713,1.8407,-1.2082,-1.1745,3.731,63.347,63.453,36.1244,-17.5185,0.2,0.0,0.0,0.0,1.8835,-1.2308,-1.3147,2.6059,-0.0976,0,0,0,0.673,0.364,0.636,0,0,0.0,4,SEARCH_PHASE,1.8407,-1.2082,-53.2532,34.3066
505,14.984,-17.092,16.7639,3.8469,1.8411,-1.2086,-1.2221,3.707,63.303,63.408,36.1244,-17.5185,0.2,0.0,0.0,0.0,1.8863,-1.2265,-1.3627,2.6305,-0.0791,0,0,0,0.666,0.367,0.633,0,0,0.0,4,SEARCH_PHASE,1.8411,-1.2086,-53.2164,34.2824
506,15.015,-17.0552,16.7398,3.8215,1.8406,-1.2093,-1.2696,3.682,63.259,63.363,36.1244,-17.5185,0.2,0.0,0.0,0.0,1.8804,-1.2355,-1.4107,2.6556,-0.1011,0,0,0,0.67,0.37,0.63,0,0,0.0,4,SEARCH_PHASE,1.8406,-1.2093,-53.1796,34.2583
507,15.045,-17.0184,16.7156,3.7952,1.8411,-1.2095,-1.3172,3.655,63.215,63.317,36.1244,-17.5185,0.2,0.0,0.0,0.0,1.8808,-1.235,-1.4587,2.6815,-0.0825,0,0,0,0.671,0.372,0.628,0,0,0.0,4,SEARCH_PHASE,1.8411,-1.2095,-53.1428,34.2341
508,15.074,-16.9816,16.6914,3.7679,1.8404,-1.2101,-1.3648,3.628,63.171,63.272,36.1244,-17.5185,0.2,0.0,0.0,0.0,1.8736,-1.2458,-1.5,2.7042,-0.1051,0,0,0,0.674,0.374,0.626,0,0,0.0,4,SEARCH_PHASE,1.8404,-1.2101,-53.106,34.2099
509,15.103,-16.9448,16.6672,3.7397,1.8405,-1.2103,-1.4099,3.6,63.127,63.226,36.1244,-17.5185,0.2,0.0,0.0,0.0,1.8703,-1.2507,-1.452,2.6778,-0.0864,0,0,0,0.676,0.375,0.625,0,0,0.0,4,SEARCH_PHASE,1.8405,-1.2103,-53.0692,34.1857
510,15.134,-16.9079,16.6429,3.7113,1.8402,-1.2121,-1.4204,3.571,63.083,63.18,36.1244,-17.5185,0.2,0.0,0.0,0.0,1.8599,-1.2662,-1.404,2.6521,-0.1116,0,0,0,0.685,0.377,0.623,0,0,0.0,4,SEARCH_PHASE,1.8402,-1.2121,-53.0324,34.1614
511,15.163,-16.8711,16.6186,3.6831,1.8411,-1.214,-1.4091,3.543,63.039,63.135,36.1244,-17.5185,0.2,0.0,0.0,0.0,1.8598,-1.2664,-1.356,2.627,-0.0893,0,0,0,0.682,0.379,0.621,0,0,0.0,4,SEARCH_PHASE,1.8411,-1.214,-52.9955,34.1371
512,15.193,-16.8343,16.5943,3.6554,1.8397,-1.2176,-1.385,3.515,62.995,63.089,36.1244,-17.5185,0.2,0.0,0.0,0.0,1.8588,-1.2678,-1.308,2.6026,-0.1146,0,0,0,0.691,0.378,0.622,0,0,0.0,4,SEARCH_PHASE,1.8397,-1.2176,-52.9587,34.1128
513,15.222,-16.7976,16.5699,3.6284,1.839,-1.221,-1.3514,3.488,62.95,63.044,36.1244,-17.5185,0.2,0.0,0.0,0.0,1.8439,-1.2894,-1.26,2.5788,-0.0888,0,0,0,0.693,0.383,0.617,0,0,0.0,4,SEARCH_PHASE,1.839,-1.221,-52.922,34.0884
514,15.251,-16.7608,16.5453,3.6021,1.8358,-1.2263,-1.3126,3.462,62.906,62.998,36.1244,-17.5185,0.2,0.0,0.0,0.0,1.8448,-1.2881,-1.212,2.5557,-0.1137,0,0,0,0.699,0.379,0.621,0,0,0.0,4,SEARCH_PHASE,1.8358,-1.2263,-52.8852,34.0638
515,15.279,-16.7242,16.5207,3.5767,1.8335,-1.2315,-1.2706,3.437,62.862,62.953,36.1244,-17.5185,0.2,0.0,0.0,0.0,1.8382,-1.2975,-1.164,2.5333,-0.0881,0,0,0,0.702,0.386,0.614,0,0,0.0,4,SEARCH_PHASE,1.8335,-1.2315,-52.8486,34.0392
516,15.308,-16.6876,16.4959,3.5522,1.828,-1.2387,-1.2268,3.412,62.818,62.907,36.1244,-17.5185,0.2,0.0,0.0,0.0,1.8314,-1.3071,-1.116,2.5116,-0.0931,0,0,0,0.704,0.387,0.613,0,0,0.0,4,SEARCH_PHASE,1.828,-1.2387,-52.812,34.0144
517,15.336,-16.6511,16.471,3.5285,1.8229,-1.2459,-1.1813,3.389,62.774,62.862,36.1244,-17.5185,0.2,0.0,0.0,0.0,1.8145,-1.3305,-1.068,2.4906,-0.0683,0,0,0,0.703,0.391,0.609,0,0,0.0,4,SEARCH_PHASE,1.8229,-1.2459,-52.7756,33.9895
518,15.365,-16.6148,16.4459,3.5058,1.8162,-1.2533,-1.1349,3.366,62.73,62.817,36.1244,-17.5185,0.2,0.0,0.0,0.0,1.8282,-1.3115,-1.02,2.4704,-0.0927,0,0,0,0.704,0.388,0.612,0,0,0.0,4,SEARCH_PHASE,1.8162,-1.2533,-52.7392,33.9644
519,15.394,-16.5786,16.4208,3.4841,1.8117,-1.2587,-1.0884,3.344,62.686,62.772,36.1244,-17.5185,0.2,0.0,0.0,0.0,1.8081,-1.3391,-0.972,2.451,-0.0686,0,0,0,0.704,0.393,0.607,0,0,0.0,4,SEARCH_PHASE,1.8117,-1.2587,-52.703,33.9393
520,15.424,-16.5425,16.3955,3.4632,1.8051,-1.2646,-1.0412,3.323,62.642,62.726,36.1244,-17.5185,0.2,0.0,0.0,0.0,1.8007,-1.3491,-0.924,2.4323,-0.0937,0,0,0,0.707,0.397,0.603,0,0,0.0,4,SEARCH_PHASE,1.8051,-1.2646,-52.6669,33.914
521,15.456,-16.5065,16.3701,3.4434,1.8003,-1.2686,-0.9937,3.303,62.598,62.681,36.1244,-17.5185,0.2,0.0,0.0,0.0,1.7961,-1.3552,-0.876,2.4145,-0.0717,0,0,0,0.71,0.395,0.605,0,0,0.0,4,SEARCH_PHASE,1.8003,-1.2686,-52.6309,33.8886
522,15.49,-16.4706,16.3446,3.4244,1.7928,-1.2732,-0.9464,3.284,62.554,62.637,36.1244,-17.5185,0.2,0.0,0.0,0.0,1.7877,-1.3663,-0.828,2.3975,-0.0999,0,0,0,0.712,0.399,0.601,0,0,0.0,4,SEARCH_PHASE,1.7928,-1.2732,-52.595,33.8631
523,15.527,-16.4349,16.3191,3.4065,1.7867,-1.2763,-0.8987,3.266,62.51,62.592,36.1244,-17.5185,0.2,0.0,0.0,0.0,1.758,-1.404,-0.78,2.3813,-0.0765,0,0,0,0.714,0.399,0.601,0,0,0.0,4,SEARCH_PHASE,1.7867,-1.2763,-52.5593,33.8376
524,15.562,-16.3993,16.2935,3.3895,1.7786,-1.2805,-0.851,3.249,62.466,62.547,36.1244,-17.5185,0.2,0.0,0.0,0.0,1.7566,-1.406,-0.732,2.3661,-0.1016,0,0,0,0.717,0.401,0.599,0,0,0.0,4,SEARCH_PHASE,1.7786,-1.2805,-52.5237,33.812
525,15.599,-16.3639,16.2678,3.3734,1.7725,-1.2838,-0.8033,3.233,62.422,62.503,36.1244,-17.5185,0.2,0.0,0.0,0.0,1.7566,-1.4061,-0.684,2.3517,-0.087,0,0,0,0.716,0.399,0.601,0,0,0.0,4,SEARCH_PHASE,1.7725,-1.2838,-52.4883,33.7863
526,15.631,-16.3286,16.2421,3.3583,1.7641,-1.2884,-0.7556,3.218,62.379,62.459,36.1244,-17.5185,0.2,0.0,0.0,0.0,1.7688,-1.3906,-0.636,2.3382,-0.1121,0,0,0,0.702,0.396,0.604,0,0,0.0,4,SEARCH_PHASE,1.7641,-1.2884,-52.453,33.7606
527,15.665,-16.2934,16.2162,3.3441,1.757,-1.293,-0.7081,3.204,62.335,62.414,36.1244,-17.5185,0.2,0.0,0.0,0.0,1.769,-1.3904,-0.588,2.3256,-0.089,0,0,0,0.705,0.398,0.602,0,0,0.0,4,SEARCH_PHASE,1.757,-1.293,-52.4179,33.7347
528,15.696,-16.2585,16.1902,3.3309,1.7468,-1.3,-0.661,3.191,62.292,62.37,36.1244,-17.5185,0.2,0.0,0.0,0.0,1.7467,-1.4183,-0.54,2.3139,-0.1049,0,0,0,0.708,0.406,0.594,0,0,0.0,4,SEARCH_PHASE,1.7468,-1.3,-52.3829,33.7087
529,15.726,-16.2238,16.1641,3.3186,1.7374,-1.3072,-0.6133,3.179,62.248,62.326,36.1244,-17.5185,0.2,0.0,0.0,0.0,1.7525,-1.4111,-0.492,2.3032,-0.0682,0,0,0,0.71,0.401,0.599,0,0,0.0,4,SEARCH_PHASE,1.7374,-1.3072,-52.3482,33.6826
530,15.76,-16.1892,16.1377,3.3073,1.729,-1.316,-0.5657,3.167,62.205,62.283,36.1244,-17.5185,0.2,0.0,0.0,0.0,1.726,-1.4434,-0.444,2.2934,-0.1098,0,0,0,0.713,0.409,0.591,0,0,0.0,4,SEARCH_PHASE,1.729,-1.316,-52.3136,33.6562
531,15.791,-16.1548,16.1113,3.297,1.7201,-1.3228,-0.5178,3.157,62.162,62.239,36.1244,-17.5185,0.2,0.0,0.0,0.0,1.7238,-1.4461,-0.396,2.2846,-0.0671,0,0,0,0.714,0.402,0.598,0,0,0.0,4,SEARCH_PHASE,1.7201,-1.3228,-52.2792,33.6298
532,15.824,-16.1205,16.0847,3.2876,1.7128,-1.3316,-0.4701,3.148,62.118,62.195,36.1244,-17.5185,0.2,0.0,0.0,0.0,1.6966,-1.4779,-0.348,2.2768,-0.1088,0,0,0,0.718,0.412,0.588,0,0,0.0,4,SEARCH_PHASE,1.7128,-1.3316,-52.2449,33.6032
533,15.855,-16.0864,16.0579,3.2791,1.7045,-1.3383,-0.4223,3.139,62.075,62.152,36.1244,-17.5185,0.2,0.0,0.0,0.0,1.6964,-1.478,-0.3,2.2699,-0.0863,0,0,0,0.718,0.405,0.595,0,0,0.0,4,SEARCH_PHASE,1.7045,-1.3383,-52.2108,33.5764
534,15.887,-16.0525,16.0309,3.2716,1.6973,-1.3469,-0.3745,3.132,62.032,62.108,36.1244,-17.5185,0.2,0.0,0.0,0.0,1.6644,-1.5138,-0.252,2.2639,-0.1241,0,0,0,0.721,0.413,0.587,0,0,0.0,4,SEARCH_PHASE,1.6973,-1.3469,-52.1769,33.5495
535,15.933,-16.0187,16.0038,3.2651,1.6883,-1.3554,-0.3263,3.125,61.989,62.065,36.1244,-17.5185,0.2,0.0,0.0,0.0,1.6834,-1.4929,-0.204,2.2592,-0.0783,0,0,0,0.721,0.409,0.591,0,0,0.0,4,SEARCH_PHASE,1.6883,-1.3554,-52.1431,33.5223
536,15.969,-15.9851,15.9765,3.2595,1.6797,-1.3672,-0.279,3.12,61.946,62.022,36.1244,-17.5185,0.2,0.0,0.0,0.0,1.6511,-1.5283,-0.156,2.2553,-0.1195,0,0,0,0.723,0.414,0.586,0,0,0.0,4,SEARCH_PHASE,1.6797,-1.3672,-52.1095,33.495
537,16.005,-15.9518,15.9489,3.2549,1.6691,-1.3782,-0.2312,3.115,61.903,61.978,36.1244,-17.5185,0.2,0.0,0.0,0.0,1.6182,-1.5633,-0.108,2.2525,-0.0813,0,0,0,0.725,0.417,0.583,0,0,0.0,4,SEARCH_PHASE,1.6691,-1.3782,-52.0762,33.4674
538,16.038,-15.9186,15.9211,3.2512,1.6585,-1.3922,-0.1833,3.111,61.86,61.935,36.1244,-17.5185,0.2,0.0,0.0,0.0,1.5844,-1.5974,-0.06,2.2507,-0.1201,0,0,0,0.728,0.423,0.577,0,0,0.0,4,SEARCH_PHASE,1.6585,-1.3922,-52.043,33.4396
539,16.071,-15.8856,15.893,3.2485,1.6477,-1.4055,-0.1349,3.109,61.817,61.892,36.1244,-17.5185,0.2,0.0,0.0,0.0,1.5498,-1.6306,-0.012,2.2496,-0.0742,0,0,0,0.728,0.42,0.58,0,0,0.0,4,SEARCH_PHASE,1.6477,-1.4055,-52.01,33.4115
540,16.106,-15.8529,15.8645,3.2468,1.6379,-1.4221,-0.0868,3.107,61.774,61.849,36.1244,-17.5185,0.2,0.0,0.0,0.0,1.5145,-1.6631,0.036,2.2497,-0.1153,0,0,0,0.73,0.426,0.574,0,0,0.0,4,SEARCH_PHASE,1.6379,-1.4221,-51.9773,33.383
541,16.141,-15.8203,15.8358,3.246,1.6266,-1.4373,-0.0384,3.106,61.731,61.807,36.1244,-17.5185,0.2,0.0,0.0,0.0,1.4773,-1.6935,0.084,2.2489,-0.0992,0,0,0,0.737,0.423,0.577,0,0,0.0,4,SEARCH_PHASE,1.6266,-1.4373,-51.9447,33.3543
542,16.174,-15.788,15.8067,3.2462,1.6158,-1.4552,0.0101,3.106,61.688,61.764,36.1244,-17.5185,0.2,0.0,0.0,0.0,1.439,-1.7225,0.132,2.2484,-0.1292,0,0,0,0.741,0.43,0.57,0,0,0.0,4,SEARCH_PHASE,1.6158,-1.4552,-51.9124,33.3252
543,16.208,-15.756,15.7772,3.2474,1.6024,-1.4746,0.0587,3.107,61.646,61.721,36.1244,-17.5185,0.2,0.0,0.0,0.0,1.401,-1.7517,0.18,2.2502,-0.0831,0,0,0,0.746,0.424,0.576,0,0,0.0,4,SEARCH_PHASE,1.6024,-1.4746,-51.8804,33.2957
544,16.241,-15.7242,15.7472,3.2495,1.5891,-1.4981,0.1069,3.11,61.603,61.678,36.1244,-17.5185,0.2,0.0,0.0,0.0,1.3612,-1.7787,0.228,2.2514,-0.1183,0,0,0,0.744,0.425,0.575,0,0,0.0,4,SEARCH_PHASE,1.5891,-1.4981,-51.8486,33.2657
545,16.274,-15.6927,15.7168,3.2526,1.5732,-1.5215,0.1555,3.113,61.56,61.635,36.1244,-17.5185,0.2,0.0,0.0,0.0,1.3212,-1.8051,0.276,2.2539,-0.0746,0,0,0,0.746,0.414,0.586,0,0,0.0,4,SEARCH_PHASE,1.5732,-1.5215,-51.8171,33.2353
546,16.307,-15.6616,15.6858,3.2567,1.5549,-1.5483,0.2038,3.117,61.517,61.593,36.1244,-17.5185,0.2,0.0,0.0,0.0,1.2796,-1.8291,0.324,2.2557,-0.1141,0,0,0,0.747,0.418,0.582,0,0,0.0,4,SEARCH_PHASE,1.5549,-1.5483,-51.786,33.2043
547,16.34,-15.631,15.6544,3.2618,1.5324,-1.574,0.2523,3.122,61.474,61.55,36.1244,-17.5185,0.2,0.0,0.0,0.0,1.2372,-1.8516,0.372,2.2578,-0.0685,0,0,0,0.746,0.413,0.587,0,0,0.0,4,SEARCH_PHASE,1.5324,-1.574,-51.7554,33.1729
548,16.372,-15.6008,15.6223,3.2678,1.5081,-1.603,0.3004,3.128,61.431,61.508,36.1244,-17.5185,0.2,0.0,0.0,0.0,1.1932,-1.8708,0.42,2.2583,-0.1069,0,0,0,0.751,0.419,0.581,0,0,0.0,4,SEARCH_PHASE,1.5081,-1.603,-51.7252,33.1408
549,16.407,-15.5712,15.5897,3.2747,1.4793,-1.6305,0.3485,3.135,61.389,61.466,36.1244,-17.5185,0.2,0.0,0.0,0.0,1.1487,-1.8889,0.468,2.2598,-0.0619,0,0,0,0.751,0.414,0.586,0,0,0.0,4,SEARCH_PHASE,1.4793,-1.6305,-51.6956,33.1082
550,16.442,-15.5423,15.5565,3.2827,1.4482,-1.6607,0.3962,3.143,61.347,61.424,36.1244,-17.5185,0.2,0.0,0.0,0.0,1.1031,-1.9039,0.516,2.2601,-0.099,0,0,0,0.76,0.419,0.581,0,0,0.0,4,SEARCH_PHASE,1.4482,-1.6607,-51.6667,33.075
551,16.473,-15.514,15.5227,3.2915,1.4124,-1.689,0.4435,3.152,61.305,61.382,36.1244,-17.5185,0.2,0.0,0.0,0.0,1.056,-1.9128,0.564,2.2565,-0.0649,0,0,0,0.762,0.424,0.576,0,0,0.0,4,SEARCH_PHASE,1.4124,-1.689,-51.6384,33.0412
552,16.506,-15.4865,15.4883,3.3013,1.374,-1.7196,0.4904,3.161,61.263,61.341,36.1244,-17.5185,0.2,0.0,0.0,0.0,1.0089,-1.922,0.612,2.2553,-0.0941,0,0,0,0.763,0.423,0.577,0,0,0.0,4,SEARCH_PHASE,1.374,-1.7196,-51.611,33.0068
553,16.537,-15.4599,15.4533,3.3121,1.3332,-1.7488,0.5366,3.172,61.222,61.301,36.1244,-17.5185,0.2,0.0,0.0,0.0,0.9612,-1.9273,0.66,2.2525,-0.0688,0,0,0,0.764,0.419,0.581,0,0,0.0,4,SEARCH_PHASE,1.3332,-1.7488,-51.5843,32.9718
554,16.572,-15.4341,15.4177,3.3237,1.2894,-1.7802,0.5829,3.184,61.181,61.26,36.1244,-17.5185,0.2,0.0,0.0,0.0,0.9132,-1.9295,0.708,2.249,-0.0554,0,0,0,0.758,0.428,0.572,0,0,0.0,4,SEARCH_PHASE,1.2894,-1.7802,-51.5585,32.9362
555,16.605,-15.4092,15.3815,3.3363,1.245,-1.8108,0.6295,3.196,61.14,61.221,36.1244,-17.5185,0.2,0.0,0.0,0.0,0.8652,-1.9297,0.756,2.2459,-0.0733,0,0,0,0.76,0.424,0.576,0,0,0.0,4,SEARCH_PHASE,1.245,-1.8108,-51.5336,32.9
556,16.64,-15.3853,15.3447,3.3498,1.1969,-1.8395,0.6757,3.21,61.1,61.181,36.1244,-17.5185,0.2,0.0,0.0,0.0,0.8172,-1.931,0.804,2.2457,-0.0319,0,0,0,0.76,0.415,0.585,0,0,0.0,4,SEARCH_PHASE,1.1969,-1.8395,-51.5097,32.8632
557,16.673,-15.3623,15.3074,3.3643,1.1482,-1.8674,0.7224,3.224,61.061,61.143,36.1244,-17.5185,0.2,0.0,0.0,0.0,0.7692,-1.9311,0.852,2.2465,-0.0827,0,0,0,0.762,0.417,0.583,0,0,0.0,4,SEARCH_PHASE,1.1482,-1.8674,-51.4867,32.8259
558,16.705,-15.3404,15.2696,3.3797,1.0969,-1.8904,0.7687,3.24,61.022,61.105,36.1244,-17.5185,0.2,0.0,0.0,0.0,0.7213,-1.9335,0.9,2.2514,-0.0412,0,0,0,0.771,0.412,0.588,0,0,0.0,4,SEARCH_PHASE,1.0969,-1.8904,-51.4648,32.7881
559,16.738,-15.3194,15.2313,3.396,1.0455,-1.913,0.8151,3.256,60.984,61.067,36.1244,-17.5185,0.2,0.0,0.0,0.0,0.6733,-1.9341,0.948,2.2567,-0.0868,0,0,0,0.773,0.421,0.579,0,0,0.0,4,SEARCH_PHASE,1.0455,-1.913,-51.4439,32.7498
560,16.777,-15.2996,15.1927,3.4132,0.9914,-1.9312,0.8621,3.273,60.946,61.031,36.1244,-17.5185,0.2,0.0,0.0,0.0,0.6255,-1.939,0.996,2.2678,-0.0504,0,0,0,0.762,0.411,0.589,0,0,0.0,4,SEARCH_PHASE,0.9914,-1.9312,-51.424,32.7112
561,16.809,-15.2809,15.1537,3.4314,0.9372,-1.9494,0.9093,3.291,60.91,60.995,36.1244,-17.5185,0.2,0.0,0.0,0.0,0.5779,-1.9446,1.044,2.2815,-0.0842,0,0,0,0.763,0.403,0.597,0,0,0.0,4,SEARCH_PHASE,0.9372,-1.9494,-51.4053,32.6722
562,16.841,-15.2633,15.1144,3.4505,0.8808,-1.9628,0.956,3.311,60.874,60.96,36.1244,-17.5185,0.2,0.0,0.0,0.0,0.5301,-1.9495,1.092,2.2965,-0.0586,0,0,0,0.77,0.409,0.591,0,0,0.0,4,SEARCH_PHASE,0.8808,-1.9628,-51.3877,32.6329
563,16.873,-15.2468,15.0749,3.4706,0.8242,-1.976,1.003,3.331,60.839,60.926,36.1244,-17.5185,0.2,0.0,0.0,0.0,0.4824,-1.9547,1.14,2.3137,-0.0819,0,0,0,0.77,0.409,0.591,0,0,0.0,4,SEARCH_PHASE,0.8242,-1.976,-51.3712,32.5934
564,16.905,-15.2314,15.0352,3.4916,0.7684,-1.9854,1.0504,3.352,60.804,60.893,36.1244,-17.5185,0.2,0.0,0.0,0.0,0.4346,-1.9586,1.188,2.3316,-0.0657,0,0,0,0.772,0.406,0.594,0,0,0.0,4,SEARCH_PHASE,0.7684,-1.9854,-51.3558,32.5537
565,16.938,-15.2172,14.9953,3.5135,0.711,-1.994,1.0975,3.374,60.771,60.861,36.1244,-17.5185,0.2,0.0,0.0,0.0,0.3873,-1.9669,1.236,2.3551,-0.0845,0,0,0,0.769,0.402,0.598,0,0,0.0,4,SEARCH_PHASE,0.711,-1.994,-51.3416,32.5138
566,16.97,-15.2041,14.9553,3.5364,0.6561,-1.9996,1.1451,3.396,60.738,60.83,36.1244,-17.5185,0.2,0.0,0.0,0.0,0.3404,-1.9772,1.284,2.382,-0.0682,0,0,0,0.774,0.395,0.605,0,0,0.0,4,SEARCH_PHASE,0.6561,-1.9996,-51.3285,32.4738
567,17.004,-15.1921,14.9152,3.5603,0.5991,-2.0046,1.1922,3.42,60.707,60.8,36.1244,-17.5185,0.2,0.0,0.0,0.0,0.2975,-1.9986,1.332,2.4202,-0.0885,0,0,0,0.77,0.392,0.608,0,0,0.0,4,SEARCH_PHASE,0.5991,-2.0046,-51.3165,32.4337
568,17.037,-15.1812,14.8751,3.5851,0.5441,-2.0068,1.2395,3.445,60.676,60.771,36.1244,-17.5185,0.2,0.0,0.0,0.0,0.2528,-2.0162,1.38,2.4563,-0.0723,0,0,0,0.766,0.385,0.615,0,0,0.0,4,SEARCH_PHASE,0.5441,-2.0068,-51.3056,32.3936
569,17.069,-15.1715,14.8349,3.6108,0.4871,-2.0087,1.2862,3.471,60.647,60.742,36.1244,-17.5185,0.2,0.0,0.0,0.0,0.2084,-2.0345,1.428,2.4943,-0.0983,0,0,0,0.766,0.391,0.609,0,0,0.0,4,SEARCH_PHASE,0.4871,-2.0087,-51.2959,32.3534
570,17.101,-15.1628,14.7948,3.6375,0.4321,-2.008,1.3335,3.497,60.618,60.715,36.1244,-17.5185,0.2,0.0,0.0,0.0,0.1614,-2.0444,1.476,2.5267,-0.0876,0,0,0,0.76,0.392,0.608,0,0,0.0,4,SEARCH_PHASE,0.4321,-2.008,-51.2872,32.3133
571,17.134,-15.1553,14.7546,3.6651,0.378,-2.0081,1.3804,3.525,60.59,60.689,36.1244,-17.5185,0.2,0.0,0.0,0.0,0.1147,-2.0553,1.524,2.5612,-0.1103,0,0,0,0.76,0.391,0.609,0,0,0.0,4,SEARCH_PHASE,0.378,-2.0081,-51.2797,32.2731
572,17.165,-15.1487,14.7145,3.6937,0.3284,-2.007,1.4289,3.554,60.563,60.664,36.1244,-17.5185,0.2,0.0,0.0,0.0,0.0693,-2.0708,1.572,2.6008,-0.0835,0,0,0,0.762,0.387,0.613,0,0,0.0,4,SEARCH_PHASE,0.3284,-2.007,-51.2731,32.233
573,17.197,-15.1431,14.6743,3.7232,0.2792,-2.0074,1.4772,3.583,60.537,60.639,36.1244,-17.5185,0.2,0.0,0.0,0.0,0.034,-2.1034,1.62,2.6551,-0.0971,0,0,0,0.761,0.385,0.615,0,0,0.0,4,SEARCH_PHASE,0.2792,-2.0074,-51.2675,32.1928
574,17.229,-15.1384,14.6342,3.7537,0.2333,-2.0063,1.5253,3.614,60.512,60.616,36.1244,-17.5185,0.2,0.0,0.0,0.0,-0.0073,-2.1279,1.668,2.7037,-0.0701,0,0,0,0.76,0.381,0.619,0,0,0.0,4,SEARCH_PHASE,0.2333,-2.0063,-51.2628,32.1527
575,17.261,-15.1347,14.5941,3.7852,0.186,-2.0065,1.5727,3.645,60.487,60.593,36.1244,-17.5185,0.2,0.0,0.0,0.0,0.0345,-2.1515,1.7,2.7423,-0.0935,0,0,0,0.767,0.375,0.625,0,0,0.0,4,SEARCH_PHASE,0.186,-2.0065,-51.2591,32.1126
576,17.293,-15.1319,14.554,3.8174,0.143,-2.0052,1.613,3.677,60.464,60.572,36.1244,-17.5185,0.2,0.0,0.0,0.0,0.0746,-2.1778,1.7,2.7638,-0.124,0,0,0,0.766,0.383,0.617,0,0,0.0,4,SEARCH_PHASE,0.143,-2.0052,-51.2563,32.0725
577,17.325,-15.1298,14.5139,3.8502,0.1016,-2.0046,1.6369,3.71,60.441,60.551,36.1244,-17.5185,0.2,0.0,0.0,0.0,0.0413,-2.2124,1.7,2.7904,-0.1047,0,0,0,0.764,0.375,0.625,0,0,0.0,4,SEARCH_PHASE,0.1016,-2.0046,-51.2542,32.0324
578,17.359,-15.1286,14.4737,3.8832,0.063,-2.0071,1.653,3.743,60.418,60.53,36.1244,-17.5185,0.2,0.0,0.0,0.0,0.0839,-2.2346,1.7,2.809,-0.1201,0,0,0,0.763,0.375,0.625,0,0,0.0,4,SEARCH_PHASE,0.063,-2.0071,-51.253,31.9922
579,17.39,-15.128,14.4335,3.9165,0.0301,-2.0107,1.6627,3.776,60.396,60.511,36.1244,-17.5185,0.2,0.0,0.0,0.0,0.0497,-2.2495,1.7,2.82,-0.1011,0,0,0,0.761,0.371,0.629,0,0,0.0,4,SEARCH_PHASE,0.0301,-2.0107,-51.2524,31.952
580,17.422,-15.128,14.3932,3.9499,-0.0014,-2.0174,1.6696,3.81,60.375,60.492,36.1244,-17.5185,0.2,0.0,0.0,0.0,0.0838,-2.2484,1.7,2.82,-0.1295,0,0,0,0.751,0.377,0.623,0,0,0.0,4,SEARCH_PHASE,-0.0014,-2.0174,-51.2524,31.9117
581,17.456,-15.1286,14.3527,3.9833,-0.0287,-2.0256,1.6742,3.843,60.354,60.473,36.1244,-17.5185,0.2,0.0,0.0,0.0,0.0387,-2.2497,1.7,2.82,-0.0951,0,0,0,0.751,0.38,0.62,0,0,0.0,4,SEARCH_PHASE,-0.0287,-2.0256,-51.253,31.8712
582,17.489,-15.1296,14.3119,4.0169,-0.0513,-2.0381,1.678,3.877,60.334,60.454,36.1244,-17.5185,0.2,0.0,0.0,0.0,-0.0093,-2.2482,1.7,2.8186,-0.0898,0,0,0,0.751,0.391,0.609,0,0,0.0,4,SEARCH_PHASE,-0.0513,-2.0381,-51.254,31.8304
583,17.525,-15.131,14.2708,4.0505,-0.07,-2.0521,1.6812,3.911,60.313,60.436,36.1244,-17.5185,0.2,0.0,0.0,0.0,-0.0573,-2.248,1.7,2.819,-0.0908,0,0,0,0.749,0.388,0.612,0,0,0.0,4,SEARCH_PHASE,-0.07,-2.0521,-51.2554,31.7894
584,17.558,-15.1327,14.2295,4.0842,-0.0853,-2.0673,1.6837,3.944,60.293,60.418,36.1244,-17.5185,0.2,0.0,0.0,0.0,-0.1053,-2.2473,1.7,2.8198,-0.0839,0,0,0,0.753,0.387,0.613,0,0,0.0,4,SEARCH_PHASE,-0.0853,-2.0673,-51.2571,31.748
585,17.592,-15.1347,14.1878,4.1179,-0.098,-2.0838,1.6855,3.978,60.273,60.4,36.1244,-17.5185,0.2,0.0,0.0,0.0,-0.0573,-2.2449,1.7,2.8165,-0.0849,0,0,0,0.744,0.381,0.619,0,0,0.0,4,SEARCH_PHASE,-0.098,-2.0838,-51.2591,31.7063
586,17.637,-15.1368,14.1458,4.1516,-0.1089,-2.1005,1.6861,4.012,60.252,60.382,36.1244,-17.5185,0.2,0.0,0.0,0.0,-0.0093,-2.2444,1.7,2.8155,-0.0674,0,0,0,0.745,0.381,0.619,0,0,0.0,4,SEARCH_PHASE,-0.1089,-2.1005,-51.2612,31.6643
587,17.678,-15.1392,14.1035,4.1854,-0.1204,-2.1177,1.6858,4.045,60.232,60.364,36.1244,-17.5185,0.2,0.0,0.0,0.0,0.0387,-2.2454,1.7,2.8166,-0.1057,0,0,0,0.75,0.384,0.616,0,0,0.0,4,SEARCH_PHASE,-0.1204,-2.1177,-51.2637,31.622
588,17.715,-15.1418,14.0608,4.2191,-0.1295,-2.1336,1.6856,4.079,60.212,60.346,36.1244,-17.5185,0.2,0.0,0.0,0.0,0.0866,-2.2427,1.7,2.8155,-0.0718,0,0,0,0.748,0.375,0.625,0,0,0.0,4,SEARCH_PHASE,-0.1295,-2.1336,-51.2662,31.5793
589,17.749,-15.1445,14.0178,4.2528,-0.1346,-2.1513,1.6855,4.113,60.192,60.328,36.1244,-17.5185,0.2,0.0,0.0,0.0,0.0387,-2.2458,1.7,2.817,-0.0764,0,0,0,0.748,0.39,0.61,0,0,0.0,4,SEARCH_PHASE,-0.1346,-2.1513,-51.2689,31.5363
590,17.785,-15.1473,13.9744,4.2865,-0.1364,-2.1679,1.6863,4.147,60.171,60.31,36.1244,-17.5185,0.2,0.0,0.0,0.0,0.0867,-2.2451,1.7,2.8175,-0.0965,0,0,0,0.739,0.384,0.616,0,0,0.0,4,SEARCH_PHASE,-0.1364,-2.1679,-51.2717,31.4929
591,17.821,-15.1499,13.9307,4.3202,-0.1324,-2.1832,1.687,4.18,60.151,60.292,36.1244,-17.5185,0.2,0.0,0.0,0.0,0.1346,-2.2428,1.7,2.8175,-0.064,0,0,0,0.74,0.391,0.609,0,0,0.0,4,SEARCH_PHASE,-0.1324,-2.1832,-51.2743,31.4492
592,17.852,-15.1524,13.8868,4.354,-0.1255,-2.1991,1.6877,4.214,60.13,60.273,36.1244,-17.5185,0.2,0.0,0.0,0.0,0.1824,-2.2386,1.7,2.8168,-0.0735,0,0,0,0.736,0.387,0.613,0,0,0.0,4,SEARCH_PHASE,-0.1255,-2.1991,-51.2768,31.4053
593,17.884,-15.1547,13.8425,4.3878,-0.1146,-2.2134,1.689,4.248,60.109,60.254,36.1244,-17.5185,0.2,0.0,0.0,0.0,0.2302,-2.2342,1.7,2.8169,-0.0581,0,0,0,0.733,0.383,0.617,0,0,0.0,4,SEARCH_PHASE,-0.1146,-2.2134,-51.2791,31.361
594,17.915,-15.1567,13.798,4.4216,-0.1009,-2.2267,1.691,4.282,60.087,60.235,36.1244,-17.5185,0.2,0.0,0.0,0.0,0.2778,-2.2278,1.7,2.8161,-0.076,0,0,0,0.732,0.381,0.619,0,0,0.0,4,SEARCH_PHASE,-0.1009,-2.2267,-51.2811,31.3165
595,17.945,-15.1584,13.7532,4.4554,-0.0813,-2.2371,1.6923,4.315,60.065,60.216,36.1244,-17.5185,0.2,0.0,0.0,0.0,0.3253,-2.221,1.7,2.8158,-0.0577,0,0,0,0.732,0.388,0.612,0,0,0.0,4,SEARCH_PHASE,-0.0813,-2.2371,-51.2828,31.2717
596,17.978,-15.1595,13.7083,4.4893,-0.0585,-2.2464,1.6945,4.349,60.043,60.196,36.1244,-17.5185,0.2,0.0,0.0,0.0,0.3726,-2.2125,1.7,2.815,-0.0841,0,0,0,0.732,0.385,0.615,0,0,0.0,4,SEARCH_PHASE,-0.0585,-2.2464,-51.2839,31.2268
597,18.009,-15.1601,13.6632,4.5233,-0.0294,-2.2526,1.6968,4.383,60.02,60.176,36.1244,-17.5185,0.2,0.0,0.0,0.0,0.4199,-2.2045,1.7,2.8153,-0.0577,0,0,0,0.732,0.393,0.607,0,0,0.0,4,SEARCH_PHASE,-0.0294,-2.2526,-51.2845,31.1817
598,18.041,-15.1601,13.6181,4.5573,0.0027,-2.2576,1.6994,4.417,59.997,60.155,36.1244,-17.5185,0.2,0.0,0.0,0.0,0.4666,-2.1935,1.7,2.8141,-0.0893,0,0,0,0.731,0.392,0.608,0,0,0.0,4,SEARCH_PHASE,0.0027,-2.2576,-51.2845,31.1366
599,18.072,-15.1592,13.5729,4.5913,0.0407,-2.2595,1.7009,4.451,59.972,60.133,36.1244,-17.5185,0.2,0.0,0.0,0.0,0.5119,-2.1775,1.652,2.7808,-0.061,0,0,0,0.729,0.395,0.605,0,0,0.0,4,SEARCH_PHASE,0.0407,-2.2595,-51.2836,31.0914
600,18.104,-15.1577,13.5277,4.625,0.0777,-2.2596,1.6856,4.485,59.948,60.111,36.1244,-17.5185,0.2,0.0,0.0,0.0,0.5567,-2.1603,1.604,2.7477,-0.0932,0,0,0,0.729,0.394,0.606,0,0,0.0,4,SEARCH_PHASE,0.0777,-2.2596,-51.2821,31.0462
601,18.137,-15.1553,13.4826,4.6582,0.1172,-2.2567,1.6584,4.518,59.922,60.088,36.1244,-17.5185,0.2,0.0,0.0,0.0,0.6014,-2.1428,1.556,2.7156,-0.0655,0,0,0,0.727,0.396,0.604,0,0,0.0,4,SEARCH_PHASE,0.1172,-2.2567,-51.2798,31.0011
602,18.169,-15.1522,13.4375,4.6906,0.1567,-2.2528,1.624,4.551,59.896,60.064,36.1244,-17.5185,0.2,0.0,0.0,0.0,0.6453,-2.1234,1.508,2.6832,-0.0574,0,0,0,0.724,0.383,0.617,0,0,0.0,4,SEARCH_PHASE,0.1567,-2.2528,-51.2766,30.956
603,18.203,-15.1482,13.3926,4.7223,0.1993,-2.2466,1.5856,4.582,59.87,60.04,36.1244,-17.5185,0.2,0.0,0.0,0.0,0.6894,-2.1045,1.46,2.6525,-0.0788,0,0,0,0.727,0.385,0.615,0,0,0.0,4,SEARCH_PHASE,0.1993,-2.2466,-51.2726,30.9111
604,18.236,-15.1433,13.3478,4.7532,0.2443,-2.2382,1.5443,4.613,59.842,60.015,36.1244,-17.5185,0.2,0.0,0.0,0.0,0.7334,-2.0852,1.412,2.6229,-0.0326,0,0,0,0.724,0.395,0.605,0,0,0.0,4,SEARCH_PHASE,0.2443,-2.2382,-51.2677,30.8663
605,18.269,-15.1375,13.3032,4.7832,0.2934,-2.2285,1.5001,4.643,59.814,59.99,36.1244,-17.5185,0.2,0.0,0.0,0.0,0.7762,-2.0637,1.364,2.5926,-0.0679,0,0,0,0.721,0.393,0.607,0,0,0.0,4,SEARCH_PHASE,0.2934,-2.2285,-51.2619,30.8217
606,18.301,-15.1306,13.2589,4.8123,0.3452,-2.2153,1.454,4.672,59.786,59.963,36.1244,-17.5185,0.2,0.0,0.0,0.0,0.8186,-2.0411,1.316,2.5628,-0.0269,0,0,0,0.725,0.389,0.611,0,0,0.0,4,SEARCH_PHASE,0.3452,-2.2153,-51.255,30.7774
607,18.333,-15.1226,13.2149,4.8404,0.3993,-2.2004,1.4065,4.7,59.756,59.936,36.1244,-17.5185,0.2,0.0,0.0,0.0,0.8601,-2.017,1.268,2.533,-0.0651,0,0,0,0.726,0.386,0.614,0,0,0.0,4,SEARCH_PHASE,0.3993,-2.2004,-51.247,30.7334
608,18.365,-15.1135,13.1713,4.8676,0.4544,-2.1818,1.3581,4.728,59.726,59.908,36.1244,-17.5185,0.2,0.0,0.0,0.0,0.9011,-1.992,1.22,2.5037,-0.0453,0,0,0,0.717,0.378,0.622,0,0,0.0,4,SEARCH_PHASE,0.4544,-2.1818,-51.2379,30.6898
609,18.397,-15.1033,13.1281,4.8938,0.5116,-2.1617,1.3086,4.754,59.695,59.879,36.1244,-17.5185,0.2,0.0,0.0,0.0,0.9416,-1.9663,1.172,2.4752,-0.0839,0,0,0,0.714,0.374,0.626,0,0,0.0,4,SEARCH_PHASE,0.5116,-2.1617,-51.2277,30.6466
610,18.429,-15.0919,13.0853,4.9189,0.5693,-2.1397,1.2586,4.779,59.663,59.85,36.1244,-17.5185,0.2,0.0,0.0,0.0,0.9819,-1.9402,1.124,2.4478,-0.0359,0,0,0,0.719,0.371,0.629,0,0,0.0,4,SEARCH_PHASE,0.5693,-2.1397,-51.2163,30.6038
611,18.463,-15.0793,13.0429,4.9431,0.6287,-2.1179,1.2078,4.803,59.631,59.819,36.1244,-17.5185,0.2,0.0,0.0,0.0,1.0221,-1.914,1.076,2.4219,-0.0717,0,0,0,0.719,0.369,0.631,0,0,0.0,4,SEARCH_PHASE,0.6287,-2.1179,-51.2037,30.5614
612,18.496,-15.0655,13.001,4.9662,0.6885,-2.094,1.1569,4.826,59.597,59.788,36.1244,-17.5185,0.2,0.0,0.0,0.0,1.0621,-1.8874,1.028,2.3973,-0.0241,0,0,0,0.72,0.372,0.628,0,0,0.0,4,SEARCH_PHASE,0.6885,-2.094,-51.1899,30.5195
613,18.528,-15.0506,12.9596,4.9884,0.7479,-2.0697,1.1059,4.848,59.563,59.756,36.1244,-17.5185,0.2,0.0,0.0,0.0,1.102,-1.8607,0.98,2.3742,-0.0592,0,0,0,0.729,0.369,0.631,0,0,0.0,4,SEARCH_PHASE,0.7479,-2.0697,-51.175,30.4781
614,18.561,-15.0345,12.9188,5.0095,0.8056,-2.0425,1.055,4.869,59.529,59.723,36.1244,-17.5185,0.2,0.0,0.0,0.0,1.1416,-1.8336,0.932,2.3525,-0.0464,0,0,0,0.72,0.374,0.626,0,0,0.0,4,SEARCH_PHASE,0.8056,-2.0425,-51.1589,30.4373
615,18.593,-15.0172,12.8785,5.0295,0.8629,-2.0147,1.0045,4.89,59.493,59.689,36.1244,-17.5185,0.2,0.0,0.0,0.0,1.181,-1.8062,0.884,2.332,-0.0701,0,0,0,0.721,0.375,0.625,0,0,0.0,4,SEARCH_PHASE,0.8629,-2.0147,-51.1416,30.397
616,18.626,-14.9988,12.8388,5.0486,0.9181,-1.9856,0.9547,4.909,59.457,59.655,36.1244,-17.5185,0.2,0.0,0.0,0.0,1.2198,-1.7779,0.836,2.3125,-0.0438,0,0,0,0.722,0.371,0.629,0,0,0.0,4,SEARCH_PHASE,0.9181,-1.9856,-51.1232,30.3573
617,18.658,-14.9794,12.7996,5.0668,0.9728,-1.9569,0.9057,4.927,59.42,59.619,36.1244,-17.5185,0.2,0.0,0.0,0.0,1.2577,-1.7485,0.788,2.2935,-0.0624,0,0,0,0.724,0.366,0.634,0,0,0.0,4,SEARCH_PHASE,0.9728,-1.9569,-51.1038,30.3181
618,18.689,-14.9589,12.7611,5.0839,1.0254,-1.9266,0.8569,4.944,59.383,59.584,36.1244,-17.5185,0.2,0.0,0.0,0.0,1.2956,-1.719,0.74,2.2762,-0.0521,0,0,0,0.722,0.367,0.633,0,0,0.0,4,SEARCH_PHASE,1.0254,-1.9266,-51.0833,30.2796
619,18.721,-14.9373,12.7232,5.1,1.0773,-1.8971,0.8078,4.96,59.345,59.547,36.1244,-17.5185,0.2,0.0,0.0,0.0,1.3337,-1.6899,0.692,2.2613,-0.0508,0,0,0,0.722,0.36,0.64,0,0,0.0,4,SEARCH_PHASE,1.0773,-1.8971,-51.0617,30.2417
620,18.753,-14.9148,12.6858,5.1152,1.1273,-1.8665,0.7594,4.975,59.307,59.51,36.1244,-17.5185,0.2,0.0,0.0,0.0,1.3717,-1.6605,0.644,2.248,-0.0674,0,0,0,0.734,0.356,0.644,0,0,0.0,4,SEARCH_PHASE,1.1273,-1.8665,-51.0392,30.2043
621,18.787,-14.8913,12.6491,5.1295,1.1752,-1.8358,0.7112,4.989,59.268,59.473,36.1244,-17.5185,0.2,0.0,0.0,0.0,1.4095,-1.6309,0.596,2.2365,-0.0282,0,0,0,0.722,0.35,0.65,0,0,0.0,4,SEARCH_PHASE,1.1752,-1.8358,-51.0157,30.1676
622,18.821,-14.8668,12.613,5.1427,1.2221,-1.8054,0.6631,5.003,59.229,59.434,36.1244,-17.5185,0.2,0.0,0.0,0.0,1.4469,-1.6009,0.548,2.2264,-0.0631,0,0,0,0.72,0.356,0.644,0,0,0.0,4,SEARCH_PHASE,1.2221,-1.8054,-50.9912,30.1315
623,18.853,-14.8415,12.5776,5.155,1.2667,-1.773,0.6149,5.015,59.189,59.396,36.1244,-17.5185,0.2,0.0,0.0,0.0,1.4843,-1.5707,0.5,2.2182,-0.0572,0,0,0,0.719,0.343,0.657,0,0,0.0,4,SEARCH_PHASE,1.2667,-1.773,-50.9659,30.0961
624,18.886,-14.8153,12.5427,5.1664,1.3103,-1.7406,0.5671,5.026,59.148,59.357,36.1244,-17.5185,0.2,0.0,0.0,0.0,1.5213,-1.5402,0.452,2.2116,-0.0564,0,0,0,0.726,0.337,0.663,0,0,0.0,4,SEARCH_PHASE,1.3103,-1.7406,-50.9397,30.0612
625,18.919,-14.7883,12.5086,5.1768,1.3514,-1.7077,0.5205,5.037,59.108,59.317,36.1244,-17.5185,0.2,0.0,0.0,0.0,1.5585,-1.5098,0.404,2.2072,-0.086,0,0,0,0.734,0.349,0.651,0,0,0.0,4,SEARCH_PHASE,1.3514,-1.7077,-50.9127,30.0271
626,18.951,-14.7604,12.4751,5.1862,1.3915,-1.6747,0.4738,5.046,59.067,59.277,36.1244,-17.5185,0.2,0.0,0.0,0.0,1.596,-1.4798,0.356,2.2054,-0.0593,0,0,0,0.734,0.342,0.658,0,0,0.0,4,SEARCH_PHASE,1.3915,-1.6747,-50.8848,29.9936
627,18.984,-14.7319,12.4422,5.1948,1.4281,-1.6429,0.4273,5.055,59.025,59.236,36.1244,-17.5185,0.2,0.0,0.0,0.0,1.6336,-1.45,0.308,2.2059,-0.0787,0,0,0,0.732,0.342,0.658,0,0,0.0,4,SEARCH_PHASE,1.4281,-1.6429,-50.8563,29.9607
628,19.017,-14.7026,12.41,5.2024,1.4635,-1.6111,0.3809,5.062,58.984,59.196,36.1244,-17.5185,0.2,0.0,0.0,0.0,1.6716,-1.4207,0.26,2.2091,-0.0384,0,0,0,0.731,0.349,0.651,0,0,0.0,4,SEARCH_PHASE,1.4635,-1.6111,-50.827,29.9285
629,19.052,-14.6727,12.3784,5.2091,1.4977,-1.5798,0.3345,5.069,58.942,59.155,36.1244,-17.5185,0.2,0.0,0.0,0.0,1.7093,-1.3909,0.212,2.2139,-0.0774,0,0,0,0.729,0.342,0.658,0,0,0.0,4,SEARCH_PHASE,1.4977,-1.5798,-50.7971,29.8969
630,19.084,-14.6421,12.3475,5.2149,1.5293,-1.5469,0.2877,5.075,58.9,59.113,36.1244,-17.5185,0.2,0.0,0.0,0.0,1.7465,-1.3607,0.164,2.2201,-0.0544,0,0,0,0.732,0.341,0.659,0,0,0.0,4,SEARCH_PHASE,1.5293,-1.5469,-50.7665,29.866
631,19.117,-14.6109,12.3172,5.2197,1.5598,-1.5143,0.2415,5.08,58.858,59.071,36.1244,-17.5185,0.2,0.0,0.0,0.0,1.7858,-1.333,0.116,2.2315,-0.0853,0,0,0,0.744,0.332,0.668,0,0,0.0,4,SEARCH_PHASE,1.5598,-1.5143,-50.7353,29.8357
632,19.15,-14.5791,12.2876,5.2236,1.5907,-1.4808,0.1946,5.024,58.815,59.029,36.1244,-17.5185,0.2,0.0,0.0,0.0,1.8237,-1.3036,0.068,2.2427,-0.0611,0,0,0,0.747,0.334,0.666,0,0,0.0,4,SEARCH_PHASE,1.5907,-1.4808,-50.7035,29.8061
633,19.181,-14.5467,12.2586,5.2265,1.6198,-1.4478,0.1479,5.027,58.773,58.987,36.1244,-17.5185,0.2,0.0,0.0,0.0,1.8329,-1.3051,0.02,2.2501,-0.0984,0,0,0,0.749,0.337,0.663,0,0,0.0,4,SEARCH_PHASE,1.6198,-1.4478,-50.6711,29.7771
634,19.211,-14.5137,12.2303,5.2285,1.6486,-1.4144,0.0991,5.029,58.73,58.945,36.1244,-17.5185,0.2,0.0,0.0,0.0,1.8314,-1.307,-0.028,2.2502,-0.0886,0,0,0,0.749,0.335,0.665,0,0,0.0,4,SEARCH_PHASE,1.6486,-1.4144,-50.6381,29.7488
635,19.242,-14.4801,12.2027,5.2295,1.6776,-1.3823,0.0489,5.03,58.687,58.902,36.1244,-17.5185,0.2,0.0,0.0,0.0,1.8303,-1.3086,-0.076,2.2513,-0.1115,0,0,0,0.749,0.328,0.672,0,0,0.0,4,SEARCH_PHASE,1.6776,-1.3823,-50.6045,29.7212
636,19.273,-14.446,12.1757,5.2295,1.7052,-1.3512,-0.0021,5.029,58.644,58.859,36.1244,-17.5185,0.2,0.0,0.0,0.0,1.8304,-1.3085,-0.124,2.2534,-0.0949,0,0,0,0.743,0.325,0.675,0,0,0.0,4,SEARCH_PHASE,1.7052,-1.3512,-50.5704,29.6942
637,19.303,-14.4114,12.1492,5.2284,1.733,-1.3229,-0.052,5.028,58.601,58.816,36.1244,-17.5185,0.2,0.0,0.0,0.0,1.8319,-1.3064,-0.172,2.2566,-0.1282,0,0,0,0.744,0.321,0.679,0,0,0.0,4,SEARCH_PHASE,1.733,-1.3229,-50.5358,29.6677
638,19.334,-14.3762,12.1233,5.2264,1.7593,-1.2966,-0.1012,5.026,58.557,58.773,36.1244,-17.5185,0.2,0.0,0.0,0.0,1.8384,-1.2972,-0.22,2.2607,-0.0833,0,0,0,0.752,0.331,0.669,0,0,0.0,4,SEARCH_PHASE,1.7593,-1.2966,-50.5006,29.6418
639,19.363,-14.3405,12.0978,5.2234,1.7845,-1.2743,-0.1495,5.023,58.514,58.729,36.1244,-17.5185,0.2,0.0,0.0,0.0,1.8384,-1.2972,-0.268,2.2659,-0.1183,0,0,0,0.755,0.335,0.665,0,0,0.0,4,SEARCH_PHASE,1.7845,-1.2743,-50.4649,29.6163
640,19.395,-14.3043,12.0727,5.2194,1.8074,-1.2537,-0.1974,5.019,58.47,58.685,36.1244,-17.5185,0.2,0.0,0.0,0.0,1.8608,-1.2649,-0.316,2.2721,-0.0733,0,0,0,0.747,0.327,0.673,0,0,0.0,4,SEARCH_PHASE,1.8074,-1.2537,-50.4288,29.5912
641,19.429,-14.2678,12.048,5.2146,1.8292,-1.2367,-0.244,5.015,58.426,58.64,36.1244,-17.5185,0.2,0.0,0.0,0.0,1.8627,-1.2621,-0.364,2.2793,-0.1081,0,0,0,0.748,0.321,0.679,0,0,0.0,4,SEARCH_PHASE,1.8292,-1.2367,-50.3922,29.5665
642,19.469,-14.2308,12.0236,5.2087,1.8482,-1.221,-0.2909,5.009,58.381,58.596,36.1244,-17.5185,0.2,0.0,0.0,0.0,1.8703,-1.2508,-0.412,2.2874,-0.0828,0,0,0,0.746,0.314,0.686,0,0,0.0,4,SEARCH_PHASE,1.8482,-1.221,-50.3552,29.5421
643,19.501,-14.1935,11.9994,5.202,1.8656,-1.2087,-0.3378,5.002,58.337,58.551,36.1244,-17.5185,0.2,0.0,0.0,0.0,1.8748,-1.2441,-0.46,2.2965,-0.1034,0,0,0,0.748,0.307,0.693,0,0,0.0,4,SEARCH_PHASE,1.8656,-1.2087,-50.3179,29.5179
644,19.529,-14.1559,11.9754,5.1943,1.8805,-1.1976,-0.3839,4.994,58.292,58.506,36.1244,-17.5185,0.2,0.0,0.0,0.0,1.8858,-1.2273,-0.508,2.3066,-0.0699,0,0,0,0.743,0.303,0.697,0,0,0.0,4,SEARCH_PHASE,1.8805,-1.1976,-50.2803,29.4939
645,19.56,-14.118,11.9517,5.1857,1.893,-1.1886,-0.4299,4.986,58.248,58.461,36.1244,-17.5185,0.2,0.0,0.0,0.0,1.8878,-1.2241,-0.556,2.3177,-0.1097,0,0,0,0.739,0.301,0.699,0,0,0.0,4,SEARCH_PHASE,1.893,-1.1886,-50.2424,29.4702
646,19.593,-14.08,11.9281,5.1762,1.9025,-1.1797,-0.4761,4.976,58.203,58.415,36.1244,-17.5185,0.2,0.0,0.0,0.0,1.9016,-1.2026,-0.604,2.3297,-0.0749,0,0,0,0.735,0.302,0.698,0,0,0.0,4,SEARCH_PHASE,1.9025,-1.1797,-50.2044,29.4466
647,19.624,-14.0418,11.9046,5.1658,1.9102,-1.1729,-0.5222,4.966,58.158,58.37,36.1244,-17.5185,0.2,0.0,0.0,0.0,1.9028,-1.2008,-0.652,2.3426,-0.1132,0,0,0,0.729,0.305,0.695,0,0,0.0,4,SEARCH_PHASE,1.9102,-1.1729,-50.1662,29.4231
648,19.655,-14.0035,11.8813,5.1544,1.915,-1.1661,-0.5688,4.954,58.113,58.324,36.1244,-17.5185,0.2,0.0,0.0,0.0,1.9062,-1.1954,-0.7,2.3564,-0.0872,0,0,0,0.728,0.296,0.704,0,0,0.0,4,SEARCH_PHASE,1.915,-1.1661,-50.1279,29.3998
649,19.689,-13.9651,11.8581,5.1421,1.918,-1.1612,-0.616,5.042,58.068,58.278,36.1244,-17.5185,0.2,0.0,0.0,0.0,1.9078,-1.1928,-0.748,2.3711,-0.1077,0,0,0,0.728,0.301,0.699,0,0,0.0,4,SEARCH_PHASE,1.918,-1.1612,-50.0895,29.3766
650,19.725,-13.9267,11.8349,5.1288,1.9198,-1.1567,-0.6626,5.029,58.024,58.233,36.1244,-17.5185,0.2,0.0,0.0,0.0,1.9093,-1.1904,-0.796,2.3867,-0.0666,0,0,0,0.731,0.296,0.704,0,0,0.0,4,SEARCH_PHASE,1.9198,-1.1567,-50.0511,29.3534
651,19.754,-13.8883,11.8118,5.1146,1.9207,-1.154,-0.7094,5.015,57.979,58.187,36.1244,-17.5185,0.2,0.0,0.0,0.0,1.911,-1.1876,-0.844,2.4031,-0.0965,0,0,0,0.73,0.293,0.707,0,0,0.0,4,SEARCH_PHASE,1.9207,-1.154,-50.0127,29.3303
652,19.783,-13.8499,11.7888,5.0995,1.9196,-1.1509,-0.7569,4.999,57.934,58.141,36.1244,-17.5185,0.2,0.0,0.0,0.0,1.9171,-1.1778,-0.892,2.4204,-0.0751,0,0,0,0.73,0.292,0.708,0,0,0.0,4,SEARCH_PHASE,1.9196,-1.1509,-49.9743,29.3073
653,19.813,-13.8116,11.7658,5.0834,1.9175,-1.1493,-0.8041,4.983,57.889,58.095,36.1244,-17.5185,0.2,0.0,0.0,0.0,1.9215,-1.1706,-0.94,2.4385,-0.0984,0,0,0,0.728,0.289,0.711,0,0,0.0,4,SEARCH_PHASE,1.9175,-1.1493,-49.936,29.2843
654,19.843,-13.7732,11.7429,5.0664,1.9152,-1.1476,-0.8512,4.966,57.845,58.049,36.1244,-17.5185,0.2,0.0,0.0,0.0,1.9189,-1.1749,-0.988,2.4574,-0.0831,0,0,0,0.731,0.298,0.702,0,0,0.0,4,SEARCH_PHASE,1.9152,-1.1476,-49.8977,29.2614
655,19.876,-13.735,11.7199,5.0484,1.9118,-1.1471,-0.8991,4.948,57.8,58.003,36.1244,-17.5185,0.2,0.0,0.0,0.0,1.9187,-1.1753,-1.036,2.4771,-0.0979,0,0,0,0.731,0.292,0.708,0,0,0.0,4,SEARCH_PHASE,1.9118,-1.1471,-49.8594,29.2384
656,19.909,-13.6968,11.697,5.0295,1.9093,-1.1465,-0.9463,4.929,57.756,57.957,36.1244,-17.5185,0.2,0.0,0.0,0.0,1.9098,-1.1896,-1.084,2.4975,-0.0764,0,0,0,0.735,0.303,0.697,0,0,0.0,4,SEARCH_PHASE,1.9093,-1.1465,-49.8212,29.2155
657,19.938,-13.6587,11.6741,5.0096,1.9057,-1.147,-0.9936,4.91,57.711,57.911,36.1244,-17.5185,0.2,0.0,0.0,0.0,1.9174,-1.1774,-1.132,2.5187,-0.0951,0,0,0,0.733,0.296,0.704,0,0,0.0,4,SEARCH_PHASE,1.9057,-1.147,-49.7831,29.1926
658,19.967,-13.6207,11.6511,4.9888,1.903,-1.1474,-1.0417,4.889,57.667,57.865,36.1244,-17.5185,0.2,0.0,0.0,0.0,1.9079,-1.1927,-1.18,2.5406,-0.0768,0,0,0,0.734,0.304,0.696,0,0,0.0,4,SEARCH_PHASE,1.903,-1.1474,-49.7451,29.1696
659,19.997,-13.5827,11.6281,4.967,1.8988,-1.1489,-1.089,4.867,57.622,57.819,36.1244,-17.5185,0.2,0.0,0.0,0.0,1.916,-1.1796,-1.228,2.5633,-0.097,0,0,0,0.735,0.296,0.704,0,0,0.0,4,SEARCH_PHASE,1.8988,-1.1489,-49.7071,29.1466
660,20.026,-13.5448,11.6051,4.9442,1.8953,-1.1504,-1.1364,4.844,57.578,57.773,36.1244,-17.5185,0.2,0.0,0.0,0.0,1.9153,-1.1807,-1.276,2.5866,-0.0793,0,0,0,0.736,0.301,0.699,0,0,0.0,4,SEARCH_PHASE,1.8953,-1.1504,-49.6692,29.1236
661,20.056,-13.507,11.5821,4.9206,1.8903,-1.153,-1.1842,4.821,57.534,57.727,36.1244,-17.5185,0.2,0.0,0.0,0.0,1.913,-1.1845,-1.324,2.6106,-0.0679,0,0,0,0.738,0.301,0.699,0,0,0.0,4,SEARCH_PHASE,1.8903,-1.153,-49.6314,29.1006
662,20.086,-13.4692,11.559,4.8959,1.8857,-1.1557,-1.2322,4.796,57.489,57.681,36.1244,-17.5185,0.2,0.0,0.0,0.0,1.9037,-1.1994,-1.372,2.6353,-0.1023,0,0,0,0.746,0.307,0.693,0,0,0.0,4,SEARCH_PHASE,1.8857,-1.1557,-49.5937,29.0775
663,20.116,-13.4316,11.5358,4.8703,1.8812,-1.1575,-1.2794,4.77,57.445,57.635,36.1244,-17.5185,0.2,0.0,0.0,0.0,1.9037,-1.1993,-1.42,2.6606,-0.0696,0,0,0,0.746,0.308,0.692,0,0,0.0,4,SEARCH_PHASE,1.8812,-1.1575,-49.556,29.0543
664,20.145,-13.3941,11.5126,4.8438,1.8777,-1.1603,-1.3271,4.744,57.401,57.589,36.1244,-17.5185,0.2,0.0,0.0,0.0,1.8948,-1.2133,-1.468,2.6865,-0.1038,0,0,0,0.751,0.313,0.687,0,0,0.0,4,SEARCH_PHASE,1.8777,-1.1603,-49.5185,29.0311
665,20.174,-13.3566,11.4894,4.8163,1.8738,-1.1619,-1.3745,4.716,57.357,57.542,36.1244,-17.5185,0.2,0.0,0.0,0.0,1.8959,-1.2116,-1.5,2.7042,-0.0809,0,0,0,0.75,0.31,0.69,0,0,0.0,4,SEARCH_PHASE,1.8738,-1.1619,-49.481,29.0079
666,20.203,-13.3192,11.4661,4.788,1.8707,-1.1644,-1.4166,4.688,57.313,57.496,36.1244,-17.5185,0.2,0.0,0.0,0.0,1.891,-1.2193,-1.5,2.7042,-0.1119,0,0,0,0.753,0.317,0.683,0,0,0.0,4,SEARCH_PHASE,1.8707,-1.1644,-49.4436,28.9846
667,20.234,-13.2818,11.4427,4.7591,1.8672,-1.1668,-1.4422,4.659,57.269,57.45,36.1244,-17.5185,0.2,0.0,0.0,0.0,1.8818,-1.2334,-1.5,2.7042,-0.0703,0,0,0,0.748,0.314,0.686,0,0,0.0,4,SEARCH_PHASE,1.8672,-1.1668,-49.4062,28.9612
668,20.265,-13.2445,11.4193,4.73,1.8645,-1.1711,-1.4583,4.63,57.225,57.404,36.1244,-17.5185,0.2,0.0,0.0,0.0,1.8746,-1.2443,-1.5,2.7042,-0.1022,0,0,0,0.751,0.322,0.678,0,0,0.0,4,SEARCH_PHASE,1.8645,-1.1711,-49.369,28.9378
669,20.293,-13.2073,11.3958,4.7006,1.861,-1.1747,-1.4683,4.601,57.181,57.358,36.1244,-17.5185,0.2,0.0,0.0,0.0,1.8722,-1.248,-1.5,2.7042,-0.0584,0,0,0,0.756,0.32,0.68,0,0,0.0,4,SEARCH_PHASE,1.861,-1.1747,-49.3317,28.9143
670,20.322,-13.1702,11.3722,4.6711,1.858,-1.1798,-1.4746,4.571,57.137,57.312,36.1244,-17.5185,0.2,0.0,0.0,0.0,1.865,-1.2587,-1.5,2.7042,-0.0914,0,0,0,0.761,0.327,0.673,0,0,0.0,4,SEARCH_PHASE,1.858,-1.1798,-49.2946,28.8907
671,20.351,-13.1331,11.3486,4.6415,1.8539,-1.1836,-1.4786,4.542,57.093,57.265,36.1244,-17.5185,0.2,0.0,0.0,0.0,1.8914,-1.2186,-1.5,2.7041,-0.0605,0,0,0,0.763,0.324,0.676,0,0,0.0,4,SEARCH_PHASE,1.8539,-1.1836,-49.2575,28.8671
672,20.381,-13.0961,11.3248,4.6119,1.85,-1.1886,-1.4816,4.512,57.049,57.219,36.1244,-17.5185,0.2,0.0,0.0,0.0,1.8648,-1.2586,-1.5,2.7039,-0.1017,0,0,0,0.763,0.329,0.671,0,0,0.0,4,SEARCH_PHASE,1.85,-1.1886,-49.2205,28.8433
673,20.41,-13.0592,11.3009,4.5822,1.8451,-1.1922,-1.483,4.482,57.005,57.173,36.1244,-17.5185,0.2,0.0,0.0,0.0,1.8855,-1.2278,-1.5,2.7042,-0.0678,0,0,0,0.768,0.331,0.669,0,0,0.0,4,SEARCH_PHASE,1.8451,-1.1922,-49.1836,28.8194
674,20.44,-13.0224,11.277,4.5526,1.8407,-1.1972,-1.4841,4.453,56.961,57.127,36.1244,-17.5185,0.2,0.0,0.0,0.0,1.8584,-1.2674,-1.5,2.7037,-0.1078,0,0,0,0.769,0.327,0.673,0,0,0.0,4,SEARCH_PHASE,1.8407,-1.1972,-49.1468,28.7955
675,20.47,-12.9857,11.253,4.5229,1.8357,-1.2007,-1.4844,4.423,56.917,57.081,36.1244,-17.5185,0.2,0.0,0.0,0.0,1.8729,-1.247,-1.5,2.7042,-0.0708,0,0,0,0.774,0.334,0.666,0,0,0.0,4,SEARCH_PHASE,1.8357,-1.2007,-49.1101,28.7715
676,20.5,-12.949,11.2289,4.4932,1.8318,-1.2053,-1.4856,4.393,56.874,57.035,36.1244,-17.5185,0.2,0.0,0.0,0.0,1.8452,-1.2862,-1.5,2.7035,-0.1076,0,0,0,0.779,0.327,0.673,0,0,0.0,4,SEARCH_PHASE,1.8318,-1.2053,-49.0734,28.7474
677,20.531,-12.9125,11.2047,4.4634,1.827,-1.2083,-1.4855,4.363,56.83,56.99,36.1244,-17.5185,0.2,0.0,0.0,0.0,1.8702,-1.2509,-1.5,2.7042,-0.082,0,0,0,0.776,0.345,0.655,0,0,0.0,4,SEARCH_PHASE,1.827,-1.2083,-49.0369,28.7232
678,20.561,-12.876,11.1805,4.4337,1.8231,-1.2123,-1.4857,4.334,56.786,56.944,36.1244,-17.5185,0.2,0.0,0.0,0.0,1.865,-1.2587,-1.5,2.7042,-0.0918,0,0,0,0.779,0.336,0.664,0,0,0.0,4,SEARCH_PHASE,1.8231,-1.2123,-49.0004,28.699
679,20.594,-12.8397,11.1562,4.404,1.818,-1.2157,-1.4859,4.304,56.743,56.898,36.1244,-17.5185,0.2,0.0,0.0,0.0,1.8697,-1.2516,-1.5,2.7042,-0.0824,0,0,0,0.777,0.337,0.663,0,0,0.0,4,SEARCH_PHASE,1.818,-1.2157,-48.9641,28.6747
680,20.624,-12.8034,11.1318,4.3743,1.814,-1.2191,-1.4859,4.274,56.699,56.852,36.1244,-17.5185,0.2,0.0,0.0,0.0,1.8414,-1.2903,-1.5,2.7029,-0.0855,0,0,0,0.781,0.33,0.67,0,0,0.0,4,SEARCH_PHASE,1.814,-1.2191,-48.9278,28.6503
681,20.651,-12.7672,11.1073,4.3446,1.8098,-1.2222,-1.4856,4.245,56.655,56.807,36.1244,-17.5185,0.2,0.0,0.0,0.0,1.8128,-1.3289,-1.5,2.7023,-0.1018,0,0,0,0.783,0.327,0.673,0,0,0.0,4,SEARCH_PHASE,1.8098,-1.2222,-48.8916,28.6258
682,20.678,-12.731,11.0828,4.3149,1.8078,-1.225,-1.4862,4.215,56.612,56.761,36.1244,-17.5185,0.2,0.0,0.0,0.0,1.8317,-1.3066,-1.5,2.7042,-0.0857,0,0,0,0.791,0.33,0.67,0,0,0.0,4,SEARCH_PHASE,1.8078,-1.225,-48.8554,28.6013
683,20.705,-12.6949,11.0582,4.2851,1.8052,-1.2293,-1.4861,4.185,56.568,56.715,36.1244,-17.5185,0.2,0.0,0.0,0.0,1.8149,-1.3299,-1.5,2.7042,-0.0978,0,0,0,0.793,0.33,0.67,0,0,0.0,4,SEARCH_PHASE,1.8052,-1.2293,-48.8193,28.5767
684,20.733,-12.6589,11.0336,4.2554,1.8028,-1.234,-1.4858,4.155,56.525,56.67,36.1244,-17.5185,0.2,0.0,0.0,0.0,1.8274,-1.3127,-1.5,2.7042,-0.0758,0,0,0,0.793,0.333,0.667,0,0,0.0,4,SEARCH_PHASE,1.8028,-1.234,-48.7833,28.5521
685,20.762,-12.6229,11.0088,4.2257,1.8001,-1.2398,-1.4857,4.126,56.481,56.624,36.1244,-17.5185,0.2,0.0,0.0,0.0,1.8121,-1.3338,-1.5,2.7042,-0.103,0,0,0,0.794,0.337,0.663,0,0,0.0,4,SEARCH_PHASE,1.8001,-1.2398,-48.7473,28.5273
686,20.79,-12.5869,10.9839,4.196,1.7979,-1.2452,-1.4854,4.096,56.437,56.579,36.1244,-17.5185,0.2,0.0,0.0,0.0,1.8107,-1.3356,-1.5,2.7042,-0.0804,0,0,0,0.796,0.336,0.664,0,0,0.0,4,SEARCH_PHASE,1.7979,-1.2452,-48.7113,28.5024
687,20.818,-12.551,10.9588,4.1663,1.7943,-1.2523,-1.4853,4.066,56.394,56.533,36.1244,-17.5185,0.2,0.0,0.0,0.0,1.837,-1.2954,-1.5,2.7023,-0.104,0,0,0,0.681,0.338,0.662,0,0,0.0,4,SEARCH_PHASE,1.7943,-1.2523,-48.6754,28.4773
688,20.846,-12.5152,10.9336,4.1366,1.792,-1.2594,-1.4856,4.037,56.35,56.487,36.1244,-17.5185,0.2,0.0,0.0,0.0,1.8632,-1.2552,-1.5,2.7013,-0.0817,0,0,0,0.686,0.338,0.662,0,0,0.0,4,SEARCH_PHASE,1.792,-1.2594,-48.6396,28.4521
689,20.873,-12.4794,10.9083,4.1069,1.788,-1.2682,-1.4864,4.007,56.306,56.442,36.1244,-17.5185,0.2,0.0,0.0,0.0,1.8893,-1.215,-1.5,2.7011,-0.0513,0,0,0,0.687,0.344,0.656,0,0,0.0,4,SEARCH_PHASE,1.788,-1.2682,-48.6038,28.4268
690,20.902,-12.4437,10.8827,4.0771,1.785,-1.2772,-1.4871,3.977,56.263,56.396,36.1244,-17.5185,0.2,0.0,0.0,0.0,1.8575,-1.2509,-1.452,2.6689,-0.038,0,0,0,0.811,0.35,0.65,0,0,0.0,4,SEARCH_PHASE,1.785,-1.2772,-48.5681,28.4012
691,20.93,-12.4081,10.857,4.0477,1.7823,-1.2848,-1.469,3.948,56.219,56.35,36.1244,-17.5185,0.2,0.0,0.0,0.0,1.8253,-1.2865,-1.404,2.6378,-0.0604,0,0,0,0.813,0.36,0.64,0,0,0.0,4,SEARCH_PHASE,1.7823,-1.2848,-48.5325,28.3755
692,20.959,-12.3724,10.8313,4.0189,1.7832,-1.2883,-1.4399,3.919,56.175,56.305,36.1244,-17.5185,0.2,0.0,0.0,0.0,1.7919,-1.3209,-1.356,2.6066,-0.1016,0,0,0,0.817,0.358,0.642,0,0,0.0,4,SEARCH_PHASE,1.7832,-1.2883,-48.4968,28.3498
693,20.989,-12.3367,10.8055,3.9909,1.7847,-1.2891,-1.404,3.891,56.131,56.259,36.1244,-17.5185,0.2,0.0,0.0,0.0,1.7657,-1.3611,-1.308,2.5848,-0.0879,0,0,0,0.817,0.357,0.643,0,0,0.0,4,SEARCH_PHASE,1.7847,-1.2891,-48.4611,28.324
694,21.018,-12.301,10.7797,3.9636,1.787,-1.2904,-1.3635,3.864,56.087,56.214,36.1244,-17.5185,0.2,0.0,0.0,0.0,1.7396,-1.4015,-1.26,2.5648,-0.1243,0,0,0,0.817,0.359,0.641,0,0,0.0,4,SEARCH_PHASE,1.787,-1.2904,-48.4254,28.2982
695,21.048,-12.2652,10.7539,3.9372,1.7873,-1.2908,-1.3208,3.837,56.044,56.168,36.1244,-17.5185,0.2,0.0,0.0,0.0,1.7676,-1.3625,-1.308,2.5869,-0.0786,0,0,0,0.715,0.354,0.646,0,0,0.0,4,SEARCH_PHASE,1.7873,-1.2908,-48.3896,28.2724
696,21.076,-12.2295,10.728,3.9109,1.7871,-1.2931,-1.3112,3.811,56.0,56.123,36.1244,-17.5185,0.2,0.0,0.0,0.0,1.7955,-1.3234,-1.356,2.6103,-0.1136,0,0,0,0.719,0.353,0.647,0,0,0.0,4,SEARCH_PHASE,1.7871,-1.2931,-48.3539,28.2465
697,21.104,-12.1938,10.7021,3.8845,1.7848,-1.294,-1.3231,3.784,55.956,56.077,36.1244,-17.5185,0.2,0.0,0.0,0.0,1.8229,-1.284,-1.404,2.6349,-0.0709,0,0,0,0.722,0.358,0.642,0,0,0.0,4,SEARCH_PHASE,1.7848,-1.294,-48.3182,28.2206
698,21.135,-12.1581,10.6762,3.8575,1.7822,-1.2963,-1.3485,3.758,55.912,56.031,36.1244,-17.5185,0.2,0.0,0.0,0.0,1.8498,-1.2442,-1.356,2.6094,-0.0501,0,0,0,0.725,0.366,0.634,0,0,0.0,4,SEARCH_PHASE,1.7822,-1.2963,-48.2826,28.1947
699,21.164,-12.1226,10.6502,3.8306,1.7781,-1.2985,-1.3466,3.731,55.868,55.986,36.1244,-17.5185,0.2,0.0,0.0,0.0,1.8765,-1.2043,-1.308,2.585,-0.0868,0,0,0,0.728,0.375,0.625,0,0,0.0,4,SEARCH_PHASE,1.7781,-1.2985,-48.247,28.1687
700,21.193,-12.0871,10.6243,3.804,1.7752,-1.2983,-1.3274,3.704,55.824,55.941,36.1244,-17.5185,0.2,0.0,0.0,0.0,1.9022,-1.1638,-1.26,2.5614,-0.0454,0,0,0,0.73,0.38,0.62,0,0,0.0,4,SEARCH_PHASE,1.7752,-1.2983,-48.2115,28.1428
701,21.22,-12.0516,10.5983,3.7781,1.7747,-1.2982,-1.2974,3.678,55.781,55.895,36.1244,-17.5185,0.2,0.0,0.0,0.0,1.8718,-1.2009,-1.212,2.5327,-0.0795,0,0,0,0.83,0.385,0.615,0,0,0.0,4,SEARCH_PHASE,1.7747,-1.2982,-48.176,28.1168
702,21.249,-12.0161,10.5724,3.7529,1.7742,-1.2943,-1.2608,3.653,55.737,55.85,36.1244,-17.5185,0.2,0.0,0.0,0.0,1.897,-1.1601,-1.164,2.5098,-0.0458,0,0,0,0.734,0.387,0.613,0,0,0.0,4,SEARCH_PHASE,1.7742,-1.2943,-48.1405,28.0909
703,21.277,-11.9806,10.5466,3.7285,1.7761,-1.2894,-1.2196,3.628,55.693,55.805,36.1244,-17.5185,0.2,0.0,0.0,0.0,1.8559,-1.1848,-1.116,2.4685,-0.0883,0,0,0,0.833,0.395,0.605,0,0,0.0,4,SEARCH_PHASE,1.7761,-1.2894,-48.105,28.0651
704,21.306,-11.945,10.521,3.7049,1.7777,-1.2802,-1.1764,3.605,55.65,55.76,36.1244,-17.5185,0.2,0.0,0.0,0.0,1.824,-1.2207,-1.068,2.4409,-0.054,0,0,0,0.836,0.387,0.613,0,0,0.0,4,SEARCH_PHASE,1.7777,-1.2802,-48.0694,28.0395
705,21.336,-11.9094,10.4956,3.6823,1.7811,-1.2704,-1.1319,3.582,55.606,55.715,36.1244,-17.5185,0.2,0.0,0.0,0.0,1.7907,-1.2553,-1.02,2.413,-0.0968,0,0,0,0.839,0.395,0.605,0,0,0.0,4,SEARCH_PHASE,1.7811,-1.2704,-48.0338,28.0141
706,21.365,-11.8737,10.4705,3.6606,1.7835,-1.257,-1.0868,3.363,55.563,55.67,36.1244,-17.5185,0.2,0.0,0.0,0.0,1.8154,-1.2141,-0.972,2.3905,-0.1178,0,0,0,0.746,0.393,0.607,0,0,0.0,4,SEARCH_PHASE,1.7835,-1.257,-47.9981,27.989
707,21.394,-11.838,10.4456,3.6398,1.7873,-1.2436,-1.0405,3.291,55.519,55.626,36.1244,-17.5185,0.2,0.0,0.0,0.0,1.839,-1.1723,-0.924,2.3686,-0.0865,0,0,0,0.748,0.392,0.608,0,0,0.0,4,SEARCH_PHASE,1.7873,-1.2436,-47.9624,27.9641
708,21.422,-11.8022,10.4209,3.6199,1.7886,-1.2326,-0.9935,3.271,55.476,55.581,36.1244,-17.5185,0.2,0.0,0.0,0.0,1.8611,-1.1297,-0.876,2.3468,-0.0782,0,0,0,0.749,0.388,0.612,0,0,0.0,4,SEARCH_PHASE,1.7886,-1.2326,-47.9266,27.9394
709,21.451,-11.7664,10.3965,3.601,1.7911,-1.2217,-0.946,3.295,55.433,55.537,36.1244,-17.5185,0.2,0.0,0.0,0.0,1.8799,-1.0856,-0.828,2.3234,-0.0582,0,0,0,0.76,0.392,0.608,0,0,0.0,4,SEARCH_PHASE,1.7911,-1.2217,-47.8908,27.915
710,21.479,-11.7306,10.3723,3.583,1.7917,-1.21,-0.8986,3.351,55.389,55.493,36.1244,-17.5185,0.2,0.0,0.0,0.0,1.898,-1.0411,-0.78,2.301,-0.0865,0,0,0,0.761,0.397,0.603,0,0,0.0,4,SEARCH_PHASE,1.7917,-1.21,-47.855,27.8908
711,21.508,-11.6947,10.3484,3.566,1.7945,-1.195,-0.8504,3.392,55.346,55.449,36.1244,-17.5185,0.2,0.0,0.0,0.0,1.9131,-0.9955,-0.732,2.2775,-0.0606,0,0,0,0.764,0.398,0.602,0,0,0.0,4,SEARCH_PHASE,1.7945,-1.195,-47.8191,27.8669
712,21.538,-11.6588,10.3248,3.55,1.7954,-1.1791,-0.8019,3.45,55.304,55.405,36.1244,-17.5185,0.2,0.0,0.0,0.0,1.9263,-0.9494,-0.684,2.2539,-0.0964,0,0,0,0.765,0.401,0.599,0,0,0.0,4,SEARCH_PHASE,1.7954,-1.1791,-47.7832,27.8433
713,21.568,-11.6228,10.3016,3.5349,1.7984,-1.1599,-0.7536,2.625,55.261,55.361,36.1244,-17.5185,0.2,0.0,0.0,0.0,1.9352,-0.9022,-0.636,2.2279,-0.0654,0,0,0,0.769,0.407,0.593,0,0,0.0,4,SEARCH_PHASE,1.7984,-1.1599,-47.7472,27.8201
714,21.602,-11.5868,10.2788,3.5208,1.8017,-1.1407,-0.7048,2.711,55.218,55.318,36.1244,-17.5185,0.2,0.0,0.0,0.0,1.9382,-0.8543,-0.588,2.1982,-0.0938,0,0,0,0.769,0.408,0.592,0,0,0.0,4,SEARCH_PHASE,1.8017,-1.1407,-47.7112,27.7973
715,21.635,-11.5506,10.2564,3.5077,1.8076,-1.1184,-0.6564,2.698,55.176,55.275,36.1244,-17.5185,0.2,0.0,0.0,0.0,1.9414,-0.8064,-0.54,2.1705,-0.0667,0,0,0,0.771,0.409,0.591,0,0,0.0,4,SEARCH_PHASE,1.8076,-1.1184,-47.675,27.7749
716,21.668,-11.5144,10.2345,3.4955,1.8118,-1.0954,-0.6081,2.685,55.133,55.232,36.1244,-17.5185,0.2,0.0,0.0,0.0,1.9431,-0.7585,-0.492,2.1431,-0.0756,0,0,0,0.772,0.407,0.593,0,0,0.0,4,SEARCH_PHASE,1.8118,-1.0954,-47.6388,27.753
717,21.698,-11.478,10.2132,3.4843,1.8182,-1.0691,-0.5594,2.674,55.091,55.189,36.1244,-17.5185,0.2,0.0,0.0,0.0,1.9337,-0.7114,-0.444,2.1077,-0.0466,0,0,0,0.78,0.418,0.582,0,0,0.0,4,SEARCH_PHASE,1.8182,-1.0691,-47.6024,27.7317
718,21.728,-11.4415,10.1924,3.4741,1.8231,-1.0401,-0.5104,2.664,55.049,55.146,36.1244,-17.5185,0.2,0.0,0.0,0.0,1.9206,-0.6652,-0.396,2.0707,-0.0782,0,0,0,0.781,0.421,0.579,0,0,0.0,4,SEARCH_PHASE,1.8231,-1.0401,-47.566,27.7109
719,21.758,-11.4049,10.1722,3.4649,1.8304,-1.0059,-0.4622,2.655,55.007,55.104,36.1244,-17.5185,0.2,0.0,0.0,0.0,1.9059,-0.6195,-0.348,2.034,-0.0492,0,0,0,0.783,0.408,0.592,0,0,0.0,4,SEARCH_PHASE,1.8304,-1.0059,-47.5294,27.6907
720,21.788,-11.3682,10.1529,3.4566,1.8357,-0.9691,-0.414,2.647,54.966,55.062,36.1244,-17.5185,0.2,0.0,0.0,0.0,1.8906,-0.574,-0.3,1.9984,-0.0814,0,0,0,0.782,0.403,0.597,0,0,0.0,4,SEARCH_PHASE,1.8357,-0.9691,-47.4926,27.6714
721,21.818,-11.3314,10.1343,3.4492,1.8428,-0.9274,-0.3666,2.639,54.925,55.021,36.1244,-17.5185,0.2,0.0,0.0,0.0,1.8739,-0.529,-0.252,1.9634,-0.062,0,0,0,0.783,0.402,0.598,0,0,0.0,4,SEARCH_PHASE,1.8428,-0.9274,-47.4558,27.6528
722,21.849,-11.2944,10.1166,3.4429,1.8475,-0.8834,-0.3192,2.633,54.884,54.98,36.1244,-17.5185,0.2,0.0,0.0,0.0,1.8587,-0.4835,-0.204,1.9313,-0.0945,0,0,0,0.782,0.399,0.601,0,0,0.0,4,SEARCH_PHASE,1.8475,-0.8834,-47.4188,27.6351
723,21.879,-11.2574,10.0999,3.4374,1.8535,-0.8355,-0.2723,2.627,54.843,54.939,36.1244,-17.5185,0.2,0.0,0.0,0.0,1.8415,-0.4387,-0.156,1.8995,-0.0657,0,0,0,0.783,0.396,0.604,0,0,0.0,4,SEARCH_PHASE,1.8535,-0.8355,-47.3818,27.6184
724,21.908,-11.2202,10.0842,3.4329,1.8563,-0.7866,-0.2254,2.623,54.803,54.899,36.1244,-17.5185,0.2,0.0,0.0,0.0,1.8339,-0.3913,-0.108,1.8783,-0.0985,0,0,0,0.78,0.395,0.605,0,0,0.0,4,SEARCH_PHASE,1.8563,-0.7866,-47.3446,27.6027
725,21.939,-11.183,10.0695,3.4293,1.8598,-0.7341,-0.1789,2.619,54.764,54.859,36.1244,-17.5185,0.2,0.0,0.0,0.0,1.8199,-0.3454,-0.06,1.8534,-0.0804,0,0,0,0.781,0.4,0.6,0,0,0.0,4,SEARCH_PHASE,1.8598,-0.7341,-47.3074,27.588
726,21.967,-11.1458,10.0559,3.4267,1.8597,-0.6807,-0.1327,2.617,54.725,54.82,36.1244,-17.5185,0.2,0.0,0.0,0.0,1.8113,-0.2981,-0.012,1.8357,-0.1013,0,0,0,0.781,0.401,0.599,0,0,0.0,4,SEARCH_PHASE,1.8597,-0.6807,-47.2702,27.5744
727,21.994,-11.1086,10.0434,3.4249,1.8597,-0.625,-0.0866,2.615,54.687,54.782,36.1244,-17.5185,0.2,0.0,0.0,0.0,1.8046,-0.2506,0.036,1.8223,-0.0729,0,0,0,0.781,0.391,0.609,0,0,0.0,4,SEARCH_PHASE,1.8597,-0.625,-47.233,27.5619
728,22.024,-11.0715,10.032,3.4241,1.856,-0.5693,-0.0397,2.614,54.649,54.744,36.1244,-17.5185,0.2,0.0,0.0,0.0,1.8166,-0.2041,0.084,1.8299,-0.1039,0,0,0,0.779,0.403,0.597,0,0,0.0,4,SEARCH_PHASE,1.856,-0.5693,-47.1959,27.5505
729,22.053,-11.0345,10.0218,3.4243,1.8528,-0.5112,0.0066,2.614,54.612,54.707,36.1244,-17.5185,0.2,0.0,0.0,0.0,1.8253,-0.1569,0.132,1.8368,-0.0931,0,0,0,0.78,0.401,0.599,0,0,0.0,4,SEARCH_PHASE,1.8528,-0.5112,-47.1589,27.5403
730,22.083,-10.9975,10.0127,3.4253,1.8458,-0.4534,0.0526,2.615,54.575,54.67,36.1244,-17.5185,0.2,0.0,0.0,0.0,1.8132,-0.1105,0.18,1.8255,-0.1271,0,0,0,0.783,0.4,0.6,0,0,0.0,4,SEARCH_PHASE,1.8458,-0.4534,-47.122,27.5312
731,22.111,-10.9608,10.0048,3.4273,1.8389,-0.3948,0.0992,2.617,54.539,54.635,36.1244,-17.5185,0.2,0.0,0.0,0.0,1.8097,-0.0626,0.228,1.8251,-0.0881,0,0,0,0.783,0.398,0.602,0,0,0.0,4,SEARCH_PHASE,1.8389,-0.3948,-47.0852,27.5233
732,22.138,-10.9241,9.998,3.4302,1.8338,-0.3397,0.1465,2.52,54.504,54.6,36.1244,-17.5185,0.2,0.0,0.0,0.0,1.7857,-0.021,0.276,1.8071,-0.1225,0,0,0,0.786,0.405,0.595,0,0,0.0,4,SEARCH_PHASE,1.8338,-0.3397,-47.0485,27.5165
733,22.165,-10.8875,9.9923,3.4341,1.8281,-0.2841,0.1936,2.524,54.47,54.566,36.1244,-17.5185,0.2,0.0,0.0,0.0,1.7744,0.0256,0.324,1.8039,-0.0834,0,0,0,0.785,0.394,0.606,0,0,0.0,4,SEARCH_PHASE,1.8281,-0.2841,-47.0119,27.5108
734,22.192,-10.8511,9.9877,3.4389,1.8235,-0.2321,0.2407,2.529,54.436,54.532,36.1244,-17.5185,0.2,0.0,0.0,0.0,1.7511,0.0676,0.372,1.7914,-0.1231,0,0,0,0.788,0.406,0.594,0,0,0.0,4,SEARCH_PHASE,1.8235,-0.2321,-46.9755,27.5062
735,22.221,-10.8147,9.9841,3.4447,1.8177,-0.1796,0.2883,2.535,54.403,54.5,36.1244,-17.5185,0.2,0.0,0.0,0.0,1.7335,0.1122,0.42,1.7872,-0.074,0,0,0,0.788,0.394,0.606,0,0,0.0,4,SEARCH_PHASE,1.8177,-0.1796,-46.9391,27.5026
736,22.249,-10.7784,9.9815,3.4514,1.813,-0.1308,0.3366,2.541,54.37,54.467,36.1244,-17.5185,0.2,0.0,0.0,0.0,1.7083,0.1531,0.468,1.7779,-0.112,0,0,0,0.789,0.4,0.6,0,0,0.0,4,SEARCH_PHASE,1.813,-0.1308,-46.9029,27.5
737,22.275,-10.7423,9.9799,3.4591,1.8067,-0.0814,0.3843,2.549,54.338,54.436,36.1244,-17.5185,0.2,0.0,0.0,0.0,1.688,0.1966,0.516,1.776,-0.0623,0,0,0,0.789,0.395,0.605,0,0,0.0,4,SEARCH_PHASE,1.8067,-0.0814,-46.8667,27.4984
738,22.302,-10.7063,9.9792,3.4678,1.801,-0.0353,0.4326,2.558,54.307,54.405,36.1244,-17.5185,0.2,0.0,0.0,0.0,1.6662,0.2394,0.564,1.7753,-0.1006,0,0,0,0.79,0.394,0.606,0,0,0.0,4,SEARCH_PHASE,1.801,-0.0353,-46.8307,27.4977
739,22.329,-10.6704,9.9794,3.4774,1.7935,0.0118,0.4801,2.567,54.276,54.375,36.1244,-17.5185,0.2,0.0,0.0,0.0,1.6507,0.2848,0.612,1.7834,-0.0628,0,0,0,0.787,0.384,0.616,0,0,0.0,4,SEARCH_PHASE,1.7935,0.0118,-46.7948,27.4979
740,22.356,-10.6347,9.9805,3.4879,1.7861,0.0559,0.5282,2.578,54.246,54.345,36.1244,-17.5185,0.2,0.0,0.0,0.0,1.6778,0.3244,0.66,1.8319,-0.1003,0,0,0,0.783,0.368,0.632,0,0,0.0,4,SEARCH_PHASE,1.7861,0.0559,-46.7591,27.499
741,22.385,-10.5992,9.9825,3.4995,1.7769,0.1013,0.5762,2.589,54.216,54.317,36.1244,-17.5185,0.2,0.0,0.0,0.0,1.711,0.3591,0.708,1.8862,-0.0809,0,0,0,0.782,0.369,0.631,0,0,0.0,4,SEARCH_PHASE,1.7769,0.1013,-46.7236,27.501
742,22.412,-10.5639,9.9854,3.5119,1.7639,0.1444,0.623,2.602,54.187,54.288,36.1244,-17.5185,0.2,0.0,0.0,0.0,1.7581,0.3683,0.756,1.9489,-0.1103,0,0,0,0.781,0.378,0.622,0,0,0.0,4,SEARCH_PHASE,1.7639,0.1444,-46.6883,27.5039
743,22.44,-10.5289,9.9892,3.5253,1.7514,0.1878,0.6697,2.615,54.159,54.261,36.1244,-17.5185,0.2,0.0,0.0,0.0,1.7912,0.4031,0.804,2.0043,-0.085,0,0,0,0.782,0.373,0.627,0,0,0.0,4,SEARCH_PHASE,1.7514,0.1878,-46.6533,27.5077
744,22.468,-10.4941,9.9938,3.5396,1.7365,0.2286,0.7167,2.63,54.131,54.234,36.1244,-17.5185,0.2,0.0,0.0,0.0,1.7902,0.4511,0.852,2.0333,-0.1195,0,0,0,0.784,0.376,0.624,0,0,0.0,4,SEARCH_PHASE,1.7365,0.2286,-46.6185,27.5123
745,22.494,-10.4597,9.9991,3.5549,1.7233,0.2693,0.7646,2.645,54.104,54.208,36.1244,-17.5185,0.2,0.0,0.0,0.0,1.8053,0.4967,0.9,2.0774,-0.073,0,0,0,0.784,0.373,0.627,0,0,0.0,4,SEARCH_PHASE,1.7233,0.2693,-46.5841,27.5176
746,22.522,-10.4254,10.0053,3.5712,1.7143,0.3061,0.8132,2.761,54.078,54.183,36.1244,-17.5185,0.2,0.0,0.0,0.0,1.7926,0.543,0.948,2.0993,-0.1123,0,0,0,0.786,0.38,0.62,0,0,0.0,4,SEARCH_PHASE,1.7143,0.3061,-46.5498,27.5238
747,22.548,-10.3912,10.0121,3.5884,1.7067,0.3435,0.8618,2.778,54.052,54.158,36.1244,-17.5185,0.2,0.0,0.0,0.0,1.7789,0.589,0.996,2.1221,-0.0645,0,0,0,0.785,0.377,0.623,0,0,0.0,4,SEARCH_PHASE,1.7067,0.3435,-46.5157,27.5306
748,22.575,-10.3572,10.0197,3.6066,1.7029,0.3772,0.9108,2.797,54.027,54.134,36.1244,-17.5185,0.2,0.0,0.0,0.0,1.761,0.6336,1.044,2.143,-0.1,0,0,0,0.786,0.386,0.614,0,0,0.0,4,SEARCH_PHASE,1.7029,0.3772,-46.4816,27.5382
749,22.601,-10.3232,10.0279,3.6258,1.7002,0.4118,0.9589,2.816,54.002,54.11,36.1244,-17.5185,0.2,0.0,0.0,0.0,1.7449,0.6788,1.092,2.1675,-0.0552,0,0,0,0.785,0.386,0.614,0,0,0.0,4,SEARCH_PHASE,1.7002,0.4118,-46.4476,27.5464
750,22.627,-10.2892,10.0368,3.646,1.7011,0.4437,1.0078,2.836,53.977,54.087,36.1244,-17.5185,0.2,0.0,0.0,0.0,1.7391,0.7264,1.14,2.2027,-0.0867,0,0,0,0.782,0.381,0.619,0,0,0.0,4,SEARCH_PHASE,1.7011,0.4437,-46.4136,27.5553
751,22.653,-10.2551,10.0463,3.6671,1.703,0.4773,1.0563,2.857,53.953,54.064,36.1244,-17.5185,0.2,0.0,0.0,0.0,1.7339,0.7741,1.188,2.2399,-0.0628,0,0,0,0.781,0.382,0.618,0,0,0.0,4,SEARCH_PHASE,1.703,0.4773,-46.3795,27.5648
752,22.679,-10.221,10.0565,3.6892,1.7027,0.5099,1.1049,2.879,53.929,54.041,36.1244,-17.5185,0.2,0.0,0.0,0.0,1.7641,0.7368,1.236,2.2766,-0.0835,0,0,0,0.778,0.373,0.627,0,0,0.0,4,SEARCH_PHASE,1.7027,0.5099,-46.3455,27.575
753,22.705,-10.187,10.0674,3.7122,1.7044,0.5435,1.1517,2.902,53.905,54.019,36.1244,-17.5185,0.2,0.0,0.0,0.0,1.7936,0.699,1.284,2.314,-0.0596,0,0,0,0.776,0.374,0.626,0,0,0.0,4,SEARCH_PHASE,1.7044,0.5435,-46.3114,27.5859
754,22.731,-10.1529,10.0789,3.7362,1.7037,0.5764,1.1973,2.926,53.881,53.997,36.1244,-17.5185,0.2,0.0,0.0,0.0,1.8347,0.6741,1.332,2.3653,-0.1004,0,0,0,0.776,0.375,0.625,0,0,0.0,4,SEARCH_PHASE,1.7037,0.5764,-46.2773,27.5974
755,22.758,-10.1188,10.0912,3.761,1.7048,0.6112,1.2426,2.951,53.858,53.976,36.1244,-17.5185,0.2,0.0,0.0,0.0,1.863,0.6354,1.38,2.4039,-0.1203,0,0,0,0.775,0.373,0.627,0,0,0.0,4,SEARCH_PHASE,1.7048,0.6112,-46.2432,27.6097
756,22.785,-10.0846,10.104,3.7868,1.7086,0.644,1.2879,2.977,53.836,53.955,36.1244,-17.5185,0.2,0.0,0.0,0.0,1.9108,0.6304,1.428,2.4673,-0.0905,0,0,0,0.776,0.382,0.618,0,0,0.0,4,SEARCH_PHASE,1.7086,0.644,-46.209,27.6225
757,22.812,-10.0504,10.1175,3.8135,1.7112,0.6727,1.3347,3.003,53.813,53.934,36.1244,-17.5185,0.2,0.0,0.0,0.0,1.9137,0.6783,1.476,2.5102,-0.1295,0,0,0,0.779,0.384,0.616,0,0,0.0,4,SEARCH_PHASE,1.7112,0.6727,-46.1748,27.636
758,22.839,-10.0161,10.1315,3.8411,1.7165,0.6996,1.3831,3.031,53.791,53.914,36.1244,-17.5185,0.2,0.0,0.0,0.0,1.9069,0.7259,1.524,2.5467,-0.077,0,0,0,0.78,0.383,0.617,0,0,0.0,4,SEARCH_PHASE,1.7165,0.6996,-46.1405,27.65
759,22.865,-9.9815,10.1459,3.8698,1.7267,0.7202,1.4318,2.96,53.769,53.894,36.1244,-17.5185,0.2,0.0,0.0,0.0,1.8971,0.7728,1.572,2.5821,-0.1103,0,0,0,0.779,0.386,0.614,0,0,0.0,4,SEARCH_PHASE,1.7267,0.7202,-46.1059,27.6644
760,22.891,-9.9467,10.1607,3.8994,1.739,0.7392,1.4803,3.799,53.747,53.874,36.1244,-17.5185,0.2,0.0,0.0,0.0,1.9337,0.8039,1.62,2.6476,-0.073,0,0,0,0.775,0.386,0.614,0,0,0.0,4,SEARCH_PHASE,1.739,0.7392,-46.0712,27.6792
761,22.917,-9.9117,10.1757,3.93,1.7525,0.7531,1.5292,3.83,53.724,53.854,36.1244,-17.5185,0.2,0.0,0.0,0.0,1.9753,0.7799,1.668,2.7005,-0.0677,0,0,0,0.773,0.383,0.617,0,0,0.0,4,SEARCH_PHASE,1.7525,0.7531,-46.0361,27.6942
762,22.945,-9.8764,10.1911,3.9615,1.7654,0.7663,1.578,3.862,53.702,53.833,36.1244,-17.5185,0.2,0.0,0.0,0.0,1.9866,0.7333,1.7,2.7156,-0.0876,0,0,0,0.77,0.379,0.621,0,0,0.0,4,SEARCH_PHASE,1.7654,0.7663,-46.0008,27.7096
763,22.972,-9.8408,10.2067,3.9939,1.7812,0.7799,1.6189,3.894,53.679,53.813,36.1244,-17.5185,0.2,0.0,0.0,0.0,1.9928,0.6857,1.7,2.7076,-0.1299,0,0,0,0.77,0.381,0.619,0,0,0.0,4,SEARCH_PHASE,1.7812,0.7799,-45.9652,27.7252
764,23.001,-9.8049,10.2225,4.0268,1.7953,0.7914,1.6454,3.927,53.657,53.793,36.1244,-17.5185,0.2,0.0,0.0,0.0,1.9974,0.6379,1.7,2.6993,-0.0823,0,0,0,0.767,0.378,0.622,0,0,0.0,4,SEARCH_PHASE,1.7953,0.7914,-45.9293,27.741
765,23.028,-9.7687,10.2384,4.0601,1.8101,0.7976,1.6618,3.96,53.634,53.773,36.1244,-17.5185,0.2,0.0,0.0,0.0,2.0034,0.5903,1.7,2.693,-0.1254,0,0,0,0.766,0.376,0.624,0,0,0.0,4,SEARCH_PHASE,1.8101,0.7976,-45.8931,27.7569
766,23.058,-9.7322,10.2545,4.0935,1.8238,0.8027,1.6722,3.994,53.611,53.752,36.1244,-17.5185,0.2,0.0,0.0,0.0,2.0094,0.5426,1.7,2.6874,-0.1407,0,0,0,0.766,0.372,0.628,0,0,0.0,4,SEARCH_PHASE,1.8238,0.8027,-45.8566,27.773
767,23.089,-9.6954,10.2706,4.1271,1.8384,0.8036,1.6791,4.027,53.588,53.732,36.1244,-17.5185,0.2,0.0,0.0,0.0,2.0143,0.4949,1.7,2.6819,-0.1032,0,0,0,0.766,0.373,0.627,0,0,0.0,4,SEARCH_PHASE,1.8384,0.8036,-45.8198,27.7891
768,23.125,-9.6583,10.2865,4.1608,1.8539,0.7987,1.6847,4.061,53.565,53.711,36.1244,-17.5185,0.2,0.0,0.0,0.0,2.017,0.447,1.7,2.6755,-0.1447,0,0,0,0.771,0.358,0.642,0,0,0.0,4,SEARCH_PHASE,1.8539,0.7987,-45.7827,27.805
769,23.155,-9.6209,10.3024,4.1946,1.8699,0.7908,1.6892,4.095,53.541,53.69,36.1244,-17.5185,0.2,0.0,0.0,0.0,2.023,0.3993,1.7,2.6724,-0.1334,0,0,0,0.77,0.361,0.639,0,0,0.0,4,SEARCH_PHASE,1.8699,0.7908,-45.7453,27.8209
770,23.186,-9.5832,10.3179,4.2284,1.8882,0.777,1.6927,4.128,53.517,53.668,36.1244,-17.5185,0.2,0.0,0.0,0.0,2.0225,0.3513,1.7,2.6653,-0.1479,0,0,0,0.764,0.359,0.641,0,0,0.0,4,SEARCH_PHASE,1.8882,0.777,-45.7076,27.8364
771,23.215,-9.5451,10.333,4.2623,1.906,0.7575,1.6963,4.162,53.492,53.646,36.1244,-17.5185,0.2,0.0,0.0,0.0,2.0207,0.3034,1.7,2.6581,-0.1043,0,0,0,0.762,0.359,0.641,0,0,0.0,4,SEARCH_PHASE,1.906,0.7575,-45.6695,27.8515
772,23.244,-9.5066,10.3477,4.2963,1.9247,0.7317,1.6987,4.196,53.467,53.624,36.1244,-17.5185,0.2,0.0,0.0,0.0,2.0137,0.2559,1.7,2.6477,-0.1468,0,0,0,0.761,0.36,0.64,0,0,0.0,4,SEARCH_PHASE,1.9247,0.7317,-45.631,27.8662
773,23.274,-9.4677,10.3617,4.3303,1.9423,0.7026,1.7011,4.23,53.441,53.6,36.1244,-17.5185,0.2,0.0,0.0,0.0,2.0065,0.2084,1.7,2.6381,-0.0979,0,0,0,0.762,0.355,0.645,0,0,0.0,4,SEARCH_PHASE,1.9423,0.7026,-45.5921,27.8802
774,23.306,-9.4285,10.3751,4.3644,1.9603,0.6673,1.7021,4.264,53.415,53.577,36.1244,-17.5185,0.2,0.0,0.0,0.0,1.9976,0.1613,1.7,2.628,-0.1298,0,0,0,0.756,0.354,0.646,0,0,0.0,4,SEARCH_PHASE,1.9603,0.6673,-45.5529,27.8936
775,23.335,-9.389,10.3877,4.3985,1.977,0.629,1.7035,4.298,53.387,53.552,36.1244,-17.5185,0.2,0.0,0.0,0.0,1.989,0.114,1.652,2.5881,-0.1066,0,0,0,0.753,0.354,0.646,0,0,0.0,4,SEARCH_PHASE,1.977,0.629,-45.5134,27.9062
776,23.368,-9.3492,10.3994,4.4322,1.9893,0.5891,1.6874,4.332,53.36,53.527,36.1244,-17.5185,0.2,0.0,0.0,0.0,1.9803,0.0668,1.604,2.5493,-0.1293,0,0,0,0.75,0.348,0.652,0,0,0.0,4,SEARCH_PHASE,1.9893,0.5891,-45.4736,27.9179
777,23.401,-9.3092,10.4104,4.4654,2.0008,0.5484,1.66,4.365,53.331,53.502,36.1244,-17.5185,0.2,0.0,0.0,0.0,1.9712,0.0197,1.556,2.5114,-0.135,0,0,0,0.748,0.335,0.665,0,0,0.0,4,SEARCH_PHASE,2.0008,0.5484,-45.4336,27.9289
778,23.431,-9.269,10.4205,4.4979,2.0091,0.5049,1.6259,4.398,53.302,53.475,36.1244,-17.5185,0.2,0.0,0.0,0.0,1.9617,-0.0273,1.508,2.4745,-0.1434,0,0,0,0.727,0.335,0.665,0,0,0.0,4,SEARCH_PHASE,2.0091,0.5049,-45.3934,27.939
779,23.462,-9.2287,10.4297,4.5297,2.0166,0.4577,1.5871,4.43,53.273,53.449,36.1244,-17.5185,0.2,0.0,0.0,0.0,1.9527,-0.0745,1.46,2.4393,-0.1202,0,0,0,0.725,0.336,0.664,0,0,0.0,4,SEARCH_PHASE,2.0166,0.4577,-45.3531,27.9482
780,23.495,-9.1882,10.4378,4.5606,2.0211,0.4064,1.5452,4.461,53.243,53.421,36.1244,-17.5185,0.2,0.0,0.0,0.0,1.9457,-0.122,1.412,2.4072,-0.1417,0,0,0,0.719,0.325,0.675,0,0,0.0,4,SEARCH_PHASE,2.0211,0.4064,-45.3126,27.9563
781,23.525,-9.1477,10.4448,4.5906,2.0242,0.3522,1.5011,4.491,53.212,53.393,36.1244,-17.5185,0.2,0.0,0.0,0.0,1.9395,-0.1696,1.364,2.3771,-0.1243,0,0,0,0.727,0.324,0.676,0,0,0.0,4,SEARCH_PHASE,2.0242,0.3522,-45.2722,27.9633
782,23.554,-9.1073,10.4507,4.6197,2.0235,0.2942,1.4545,4.52,53.181,53.364,36.1244,-17.5185,0.2,0.0,0.0,0.0,1.9343,-0.2173,1.316,2.3496,-0.0928,0,0,0,0.724,0.319,0.681,0,0,0.0,4,SEARCH_PHASE,2.0235,0.2942,-45.2317,27.9692
783,23.582,-9.0669,10.4554,4.6478,2.0212,0.233,1.4063,4.548,53.149,53.335,36.1244,-17.5185,0.2,0.0,0.0,0.0,1.9292,-0.265,1.268,2.3238,-0.1291,0,0,0,0.72,0.318,0.682,0,0,0.0,4,SEARCH_PHASE,2.0212,0.233,-45.1913,27.9739
784,23.612,-9.0265,10.4588,4.675,2.0164,0.171,1.3575,4.575,53.116,53.304,36.1244,-17.5185,0.2,0.0,0.0,0.0,1.9247,-0.3128,1.22,2.3001,-0.1078,0,0,0,0.718,0.314,0.686,0,0,0.0,4,SEARCH_PHASE,2.0164,0.171,-45.1509,27.9773
785,23.641,-8.9863,10.4609,4.7011,2.0103,0.1062,1.3071,4.601,53.083,53.274,36.1244,-17.5185,0.2,0.0,0.0,0.0,1.921,-0.3607,1.172,2.2791,-0.0692,0,0,0,0.717,0.309,0.691,0,0,0.0,4,SEARCH_PHASE,2.0103,0.1062,-45.1107,27.9794
786,23.67,-8.9462,10.4617,4.7262,2.0039,0.04,1.2561,4.626,53.05,53.242,36.1244,-17.5185,0.2,0.0,0.0,0.0,1.9185,-0.4086,1.124,2.2608,-0.099,0,0,0,0.714,0.305,0.695,0,0,0.0,4,SEARCH_PHASE,2.0039,0.04,-45.0707,27.9802
787,23.701,-8.9063,10.4612,4.7503,1.9959,-0.0252,1.2051,4.65,53.015,53.21,36.1244,-17.5185,0.2,0.0,0.0,0.0,1.9158,-0.4565,1.076,2.2442,-0.0853,0,0,0,0.713,0.3,0.7,0,0,0.0,4,SEARCH_PHASE,1.9959,-0.0252,-45.0307,27.9797
788,23.73,-8.8666,10.4594,4.7734,1.9863,-0.0912,1.1535,4.673,52.981,53.178,36.1244,-17.5185,0.2,0.0,0.0,0.0,1.9138,-0.5045,1.028,2.2302,-0.0788,0,0,0,0.711,0.295,0.705,0,0,0.0,4,SEARCH_PHASE,1.9863,-0.0912,-44.991,27.9779
789,23.76,-8.8271,10.4562,4.7954,1.9773,-0.1574,1.1029,4.695,52.945,53.145,36.1244,-17.5185,0.2,0.0,0.0,0.0,1.9111,-0.5524,0.98,2.2176,-0.0775,0,0,0,0.721,0.292,0.708,0,0,0.0,4,SEARCH_PHASE,1.9773,-0.1574,-44.9515,27.9747
790,23.789,-8.7877,10.4518,4.8165,1.9674,-0.2227,1.0523,4.716,52.91,53.111,36.1244,-17.5185,0.2,0.0,0.0,0.0,1.9088,-0.6004,0.932,2.2074,-0.0995,0,0,0,0.72,0.292,0.708,0,0,0.0,4,SEARCH_PHASE,1.9674,-0.2227,-44.9121,27.9703
791,23.819,-8.7485,10.4461,4.8365,1.9586,-0.2869,1.0024,4.737,52.873,53.076,36.1244,-17.5185,0.2,0.0,0.0,0.0,1.9071,-0.6483,0.884,2.1997,-0.063,0,0,0,0.72,0.289,0.711,0,0,0.0,4,SEARCH_PHASE,1.9586,-0.2869,-44.8729,27.9646
792,23.848,-8.7095,10.439,4.8556,1.9502,-0.3509,0.9525,4.756,52.837,53.041,36.1244,-17.5185,0.2,0.0,0.0,0.0,1.9056,-0.6963,0.836,2.1943,-0.0969,0,0,0,0.719,0.287,0.713,0,0,0.0,4,SEARCH_PHASE,1.9502,-0.3509,-44.8339,27.9575
793,23.877,-8.6707,10.4308,4.8737,1.9408,-0.4124,0.9033,4.774,52.799,53.006,36.1244,-17.5185,0.2,0.0,0.0,0.0,1.9047,-0.7443,0.788,2.1915,-0.0677,0,0,0,0.709,0.284,0.716,0,0,0.0,4,SEARCH_PHASE,1.9408,-0.4124,-44.7951,27.9493
794,23.906,-8.6321,10.4213,4.8907,1.9316,-0.4734,0.8541,4.791,52.762,52.97,36.1244,-17.5185,0.2,0.0,0.0,0.0,1.9046,-0.7923,0.74,2.1915,-0.0938,0,0,0,0.699,0.276,0.724,0,0,0.0,4,SEARCH_PHASE,1.9316,-0.4734,-44.7565,27.9398
795,23.935,-8.5936,10.4107,4.9069,1.9225,-0.5322,0.8057,4.807,52.723,52.933,36.1244,-17.5185,0.2,0.0,0.0,0.0,1.9048,-0.8403,0.692,2.1939,-0.0759,0,0,0,0.692,0.275,0.725,0,0,0.0,4,SEARCH_PHASE,1.9225,-0.5322,-44.718,27.9292
796,23.963,-8.5554,10.3989,4.922,1.9123,-0.5901,0.7569,4.822,52.685,52.896,36.1244,-17.5185,0.2,0.0,0.0,0.0,1.9053,-0.8883,0.644,2.1986,-0.0817,0,0,0,0.672,0.275,0.725,0,0,0.0,4,SEARCH_PHASE,1.9123,-0.5901,-44.6798,27.9174
797,23.993,-8.5173,10.3859,4.9362,1.9031,-0.6463,0.7091,4.836,52.645,52.858,36.1244,-17.5185,0.2,0.0,0.0,0.0,1.9057,-0.9363,0.596,2.2053,-0.0627,0,0,0,0.671,0.272,0.728,0,0,0.0,4,SEARCH_PHASE,1.9031,-0.6463,-44.6417,27.9044
798,24.021,-8.4795,10.3719,4.9494,1.8929,-0.7008,0.6616,4.849,52.606,52.82,36.1244,-17.5185,0.2,0.0,0.0,0.0,1.9061,-0.9843,0.548,2.2141,-0.0872,0,0,0,0.67,0.268,0.732,0,0,0.0,4,SEARCH_PHASE,1.8929,-0.7008,-44.6039,27.8904
799,24.049,-8.4418,10.3569,4.9617,1.8838,-0.7525,0.6147,4.862,52.566,52.781,36.1244,-17.5185,0.2,0.0,0.0,0.0,1.9064,-1.0323,0.5,2.2249,-0.0686,0,0,0,0.672,0.268,0.732,0,0,0.0,4,SEARCH_PHASE,1.8838,-0.7525,-44.5662,27.8754
800,24.078,-8.4043,10.3408,4.9731,1.8742,-0.8029,0.568,4.873,52.526,52.742,36.1244,-17.5185,0.2,0.0,0.0,0.0,1.9067,-1.0803,0.452,2.2376,-0.091,0,0,0,0.67,0.266,0.734,0,0,0.0,4,SEARCH_PHASE,1.8742,-0.8029,-44.5287,27.8593
801,24.108,-8.367,10.3238,4.9835,1.8662,-0.8508,0.5217,4.883,52.485,52.703,36.1244,-17.5185,0.2,0.0,0.0,0.0,1.907,-1.1283,0.404,2.2523,-0.0721,0,0,0,0.672,0.263,0.737,0,0,0.0,4,SEARCH_PHASE,1.8662,-0.8508,-44.4914,27.8423
802,24.135,-8.3298,10.3059,4.993,1.8575,-0.8974,0.4751,4.893,52.444,52.663,36.1244,-17.5185,0.2,0.0,0.0,0.0,1.9072,-1.1763,0.356,2.2688,-0.1015,0,0,0,0.672,0.263,0.737,0,0,0.0,4,SEARCH_PHASE,1.8575,-0.8974,-44.4542,27.8244
803,24.163,-8.2928,10.287,5.0016,1.8501,-0.9416,0.429,4.902,52.403,52.622,36.1244,-17.5185,0.2,0.0,0.0,0.0,1.9071,-1.1939,0.308,2.271,-0.0909,0,0,0,0.675,0.271,0.729,0,0,0.0,4,SEARCH_PHASE,1.8501,-0.9416,-44.4172,27.8055
804,24.19,-8.256,10.2673,5.0092,1.8439,-0.985,0.3818,4.909,52.361,52.581,36.1244,-17.5185,0.2,0.0,0.0,0.0,1.9071,-1.194,0.26,2.265,-0.1055,0,0,0,0.679,0.272,0.728,0,0,0.0,4,SEARCH_PHASE,1.8439,-0.985,-44.3804,27.7858
805,24.218,-8.2191,10.2468,5.0159,1.8405,-1.0265,0.3331,4.916,52.319,52.54,36.1244,-17.5185,0.2,0.0,0.0,0.0,1.907,-1.1941,0.212,2.26,-0.0738,0,0,0,0.68,0.27,0.73,0,0,0.0,4,SEARCH_PHASE,1.8405,-1.0265,-44.3436,27.7653
806,24.244,-8.1824,10.2254,5.0215,1.8379,-1.0676,0.2832,4.922,52.276,52.498,36.1244,-17.5185,0.2,0.0,0.0,0.0,1.907,-1.1941,0.164,2.256,-0.0572,0,0,0,0.68,0.275,0.725,0,0,0.0,4,SEARCH_PHASE,1.8379,-1.0676,-44.3068,27.7439
807,24.27,-8.1457,10.2033,5.0262,1.835,-1.1066,0.2327,4.926,52.234,52.456,36.1244,-17.5185,0.2,0.0,0.0,0.0,1.907,-1.1941,0.116,2.253,-0.0737,0,0,0,0.68,0.278,0.722,0,0,0.0,4,SEARCH_PHASE,1.835,-1.1066,-44.2701,27.7218
808,24.298,-8.109,10.1805,5.0299,1.8339,-1.1427,0.1837,4.93,52.19,52.413,36.1244,-17.5185,0.2,0.0,0.0,0.0,1.907,-1.1941,0.068,2.251,-0.0551,0,0,0,0.675,0.276,0.724,0,0,0.0,4,SEARCH_PHASE,1.8339,-1.1427,-44.2334,27.699
809,24.324,-8.0723,10.1569,5.0326,1.833,-1.1763,0.1351,4.933,52.147,52.37,36.1244,-17.5185,0.2,0.0,0.0,0.0,1.907,-1.1941,0.02,2.2501,-0.0646,0,0,0,0.674,0.272,0.728,0,0,0.0,4,SEARCH_PHASE,1.833,-1.1763,-44.1968,27.6754
810,24.35,-8.0357,10.1328,5.0343,1.8344,-1.2065,0.0872,4.934,52.103,52.327,36.1244,-17.5185,0.2,0.0,0.0,0.0,1.907,-1.1941,-0.028,2.2502,-0.0451,0,0,0,0.677,0.278,0.722,0,0,0.0,4,SEARCH_PHASE,1.8344,-1.2065,-44.1601,27.6513
811,24.377,-7.9989,10.1081,5.0351,1.836,-1.2335,0.04,4.935,52.059,52.283,36.1244,-17.5185,0.2,0.0,0.0,0.0,1.907,-1.194,-0.076,2.2513,-0.0714,0,0,0,0.668,0.273,0.727,0,0,0.0,4,SEARCH_PHASE,1.836,-1.2335,-44.1234,27.6266
812,24.404,-7.9621,10.083,5.035,1.8397,-1.256,-0.0067,4.935,52.014,52.238,36.1244,-17.5185,0.2,0.0,0.0,0.0,1.9071,-1.194,-0.124,2.2534,-0.0502,0,0,0,0.671,0.272,0.728,0,0,0.0,4,SEARCH_PHASE,1.8397,-1.256,-44.0866,27.6015
813,24.431,-7.9253,10.0575,5.0339,1.8432,-1.2755,-0.053,4.934,51.969,52.194,36.1244,-17.5185,0.2,0.0,0.0,0.0,1.9071,-1.1939,-0.172,2.2566,-0.0775,0,0,0,0.669,0.263,0.737,0,0,0.0,4,SEARCH_PHASE,1.8432,-1.2755,-44.0497,27.576
814,24.459,-7.8883,10.0317,5.0319,1.8483,-1.2906,-0.0991,4.932,51.924,52.149,36.1244,-17.5185,0.2,0.0,0.0,0.0,1.9072,-1.1938,-0.22,2.2607,-0.0564,0,0,0,0.662,0.266,0.734,0,0,0.0,4,SEARCH_PHASE,1.8483,-1.2906,-44.0127,27.5502
815,24.485,-7.8513,10.0056,5.029,1.8526,-1.3028,-0.1456,4.929,51.879,52.103,36.1244,-17.5185,0.2,0.0,0.0,0.0,1.9072,-1.1937,-0.268,2.2659,-0.0758,0,0,0,0.663,0.263,0.737,0,0,0.0,4,SEARCH_PHASE,1.8526,-1.3028,-43.9757,27.5241
816,24.512,-7.8141,9.9794,5.0252,1.8581,-1.3109,-0.1914,4.925,51.834,52.058,36.1244,-17.5185,0.2,0.0,0.0,0.0,1.9073,-1.1936,-0.316,2.2721,-0.0462,0,0,0,0.665,0.258,0.742,0,0,0.0,4,SEARCH_PHASE,1.8581,-1.3109,-43.9385,27.4979
817,24.538,-7.7768,9.9531,5.0204,1.8629,-1.3161,-0.237,4.92,51.788,52.012,36.1244,-17.5185,0.2,0.0,0.0,0.0,1.9073,-1.1935,-0.364,2.2793,-0.0694,0,0,0,0.655,0.26,0.74,0,0,0.0,4,SEARCH_PHASE,1.8629,-1.3161,-43.9013,27.4716
818,24.565,-7.7395,9.9268,5.0148,1.8679,-1.3171,-0.2836,4.915,51.742,51.966,36.1244,-17.5185,0.2,0.0,0.0,0.0,1.9074,-1.1934,-0.412,2.2874,-0.0606,0,0,0,0.658,0.256,0.744,0,0,0.0,4,SEARCH_PHASE,1.8679,-1.3171,-43.8639,27.4453
819,24.593,-7.7021,9.9004,5.0082,1.8712,-1.3153,-0.3294,4.908,51.697,51.92,36.1244,-17.5185,0.2,0.0,0.0,0.0,1.9075,-1.1934,-0.46,2.2965,-0.0878,0,0,0,0.658,0.26,0.74,0,0,0.0,4,SEARCH_PHASE,1.8712,-1.3153,-43.8265,27.4189
820,24.62,-7.6646,9.8742,5.0007,1.8745,-1.3103,-0.3757,4.901,51.651,51.874,36.1244,-17.5185,0.2,0.0,0.0,0.0,1.9075,-1.1933,-0.508,2.3066,-0.0648,0,0,0,0.651,0.264,0.736,0,0,0.0,4,SEARCH_PHASE,1.8745,-1.3103,-43.789,27.3927
821,24.646,-7.627,9.8482,4.9922,1.8767,-1.3037,-0.4222,4.892,51.605,51.827,36.1244,-17.5185,0.2,0.0,0.0,0.0,1.9076,-1.1932,-0.556,2.3177,-0.0898,0,0,0,0.552,0.26,0.74,0,0,0.0,4,SEARCH_PHASE,1.8767,-1.3037,-43.7514,27.3667
822,24.673,-7.5894,9.8223,4.9828,1.8795,-1.2942,-0.4694,4.883,51.56,51.781,36.1244,-17.5185,0.2,0.0,0.0,0.0,1.9076,-1.1931,-0.604,2.3297,-0.0932,0,0,0,0.552,0.26,0.74,0,0,0.0,4,SEARCH_PHASE,1.8795,-1.2942,-43.7139,27.3408
823,24.703,-7.5518,9.7966,4.9725,1.881,-1.2833,-0.5167,4.873,51.514,51.735,36.1244,-17.5185,0.2,0.0,0.0,0.0,1.9077,-1.193,-0.652,2.3426,-0.0963,0,0,0,0.548,0.256,0.744,0,0,0.0,4,SEARCH_PHASE,1.881,-1.2833,-43.6762,27.3151
824,24.73,-7.5142,9.7712,4.9612,1.8826,-1.2713,-0.5643,4.861,51.469,51.689,36.1244,-17.5185,0.2,0.0,0.0,0.0,1.9077,-1.193,-0.7,2.3564,-0.0798,0,0,0,0.55,0.256,0.744,0,0,0.0,4,SEARCH_PHASE,1.8826,-1.2713,-43.6386,27.2897
825,24.756,-7.4765,9.746,4.949,1.8827,-1.259,-0.6124,4.849,51.424,51.643,36.1244,-17.5185,0.2,0.0,0.0,0.0,1.9077,-1.1929,-0.748,2.3711,-0.1017,0,0,0,0.554,0.25,0.75,0,0,0.0,4,SEARCH_PHASE,1.8827,-1.259,-43.6009,27.2645
826,24.783,-7.4389,9.7211,4.9358,1.8833,-1.2452,-0.6602,4.836,51.379,51.596,36.1244,-17.5185,0.2,0.0,0.0,0.0,1.9077,-1.1929,-0.796,2.3867,-0.1005,0,0,0,0.55,0.253,0.747,0,0,0.0,4,SEARCH_PHASE,1.8833,-1.2452,-43.5633,27.2396
827,24.809,-7.4012,9.6965,4.9216,1.8826,-1.2315,-0.7087,4.822,51.334,51.55,36.1244,-17.5185,0.2,0.0,0.0,0.0,1.9078,-1.1929,-0.844,2.4031,-0.1142,0,0,0,0.551,0.251,0.749,0,0,0.0,4,SEARCH_PHASE,1.8826,-1.2315,-43.5256,27.215
828,24.837,-7.3636,9.6721,4.9065,1.8822,-1.2178,-0.7569,4.806,51.289,51.504,36.1244,-17.5185,0.2,0.0,0.0,0.0,1.9078,-1.1928,-0.892,2.4204,-0.0919,0,0,0,0.554,0.256,0.744,0,0,0.0,4,SEARCH_PHASE,1.8822,-1.2178,-43.488,27.1906
829,24.866,-7.3259,9.648,4.8904,1.8811,-1.2054,-0.8042,4.79,51.244,51.458,36.1244,-17.5185,0.2,0.0,0.0,0.0,1.9078,-1.1928,-0.94,2.4385,-0.1127,0,0,0,0.556,0.257,0.743,0,0,0.0,4,SEARCH_PHASE,1.8811,-1.2054,-43.4503,27.1665
830,24.894,-7.2883,9.6242,4.8733,1.8813,-1.193,-0.8517,4.773,51.199,51.412,36.1244,-17.5185,0.2,0.0,0.0,0.0,1.9078,-1.1928,-0.988,2.4574,-0.0912,0,0,0,0.558,0.26,0.74,0,0,0.0,4,SEARCH_PHASE,1.8813,-1.193,-43.4127,27.1427
831,24.922,-7.2507,9.6005,4.8554,1.8807,-1.1819,-0.8993,4.755,51.155,51.366,36.1244,-17.5185,0.2,0.0,0.0,0.0,1.9078,-1.1928,-1.036,2.4771,-0.1119,0,0,0,0.56,0.258,0.742,0,0,0.0,4,SEARCH_PHASE,1.8807,-1.1819,-43.3751,27.119
832,24.951,-7.2131,9.5771,4.8364,1.881,-1.171,-0.9469,4.736,51.111,51.321,36.1244,-17.5185,0.2,0.0,0.0,0.0,1.9078,-1.1928,-1.084,2.4975,-0.0908,0,0,0,0.564,0.264,0.736,0,0,0.0,4,SEARCH_PHASE,1.881,-1.171,-43.3375,27.0956
833,24.979,-7.1755,9.5539,4.8165,1.8803,-1.1615,-0.9945,4.717,51.067,51.275,36.1244,-17.5185,0.2,0.0,0.0,0.0,1.9078,-1.1928,-1.132,2.5187,-0.1113,0,0,0,0.562,0.264,0.736,0,0,0.0,4,SEARCH_PHASE,1.8803,-1.1615,-43.2999,27.0724
834,25.007,-7.1379,9.5308,4.7957,1.8802,-1.1523,-1.042,4.696,51.022,51.229,36.1244,-17.5185,0.2,0.0,0.0,0.0,1.9078,-1.1928,-1.18,2.5406,-0.0907,0,0,0,0.565,0.265,0.735,0,0,0.0,4,SEARCH_PHASE,1.8802,-1.1523,-43.2623,27.0493
835,25.034,-7.1003,9.5079,4.7739,1.8787,-1.1445,-1.0897,4.674,50.978,51.183,36.1244,-17.5185,0.2,0.0,0.0,0.0,1.9078,-1.1928,-1.228,2.5633,-0.1159,0,0,0,0.568,0.267,0.733,0,0,0.0,4,SEARCH_PHASE,1.8787,-1.1445,-43.2247,27.0264
836,25.062,-7.0627,9.4852,4.7511,1.8776,-1.1372,-1.1372,4.651,50.935,51.137,36.1244,-17.5185,0.2,0.0,0.0,0.0,1.9078,-1.1929,-1.276,2.5866,-0.0919,0,0,0,0.573,0.267,0.733,0,0,0.0,4,SEARCH_PHASE,1.8776,-1.1372,-43.1872,27.0037
837,25.088,-7.0252,9.4626,4.7275,1.8762,-1.1318,-1.1845,4.627,50.891,51.092,36.1244,-17.5185,0.2,0.0,0.0,0.0,1.9077,-1.1929,-1.324,2.6106,-0.112,0,0,0,0.572,0.266,0.734,0,0,0.0,4,SEARCH_PHASE,1.8762,-1.1318,-43.1496,26.9811
838,25.116,-6.9877,9.44,4.7028,1.8755,-1.1269,-1.2318,4.603,50.847,51.046,36.1244,-17.5185,0.2,0.0,0.0,0.0,1.9077,-1.1929,-1.372,2.6353,-0.0921,0,0,0,0.576,0.272,0.728,0,0,0.0,4,SEARCH_PHASE,1.8755,-1.1269,-43.1121,26.9585
839,25.143,-6.9502,9.4175,4.6772,1.8736,-1.1238,-1.2793,4.577,50.803,51.0,36.1244,-17.5185,0.2,0.0,0.0,0.0,1.9077,-1.193,-1.42,2.6606,-0.115,0,0,0,0.577,0.27,0.73,0,0,0.0,4,SEARCH_PHASE,1.8736,-1.1238,-43.0746,26.936
840,25.169,-6.9128,9.3951,4.6507,1.8722,-1.1214,-1.3266,4.551,50.76,50.954,36.1244,-17.5185,0.2,0.0,0.0,0.0,1.9077,-1.193,-1.468,2.6865,-0.0956,0,0,0,0.584,0.269,0.731,0,0,0.0,4,SEARCH_PHASE,1.8722,-1.1214,-43.0372,26.9136
841,25.195,-6.8754,9.3727,4.6232,1.8699,-1.121,-1.374,4.523,50.716,50.909,36.1244,-17.5185,0.2,0.0,0.0,0.0,1.9077,-1.193,-1.5,2.7042,-0.1023,0,0,0,0.585,0.27,0.73,0,0,0.0,4,SEARCH_PHASE,1.8699,-1.121,-42.9998,26.8912
842,25.222,-6.838,9.3503,4.5949,1.8688,-1.1218,-1.4154,4.495,50.672,50.863,36.1244,-17.5185,0.2,0.0,0.0,0.0,1.9077,-1.193,-1.5,2.7042,-0.0828,0,0,0,0.591,0.272,0.728,0,0,0.0,4,SEARCH_PHASE,1.8688,-1.1218,-42.9624,26.8688
843,25.248,-6.8007,9.3278,4.5661,1.8673,-1.1245,-1.4414,4.466,50.629,50.817,36.1244,-17.5185,0.2,0.0,0.0,0.0,1.9076,-1.1931,-1.5,2.7042,-0.1038,0,0,0,0.591,0.277,0.723,0,0,0.0,4,SEARCH_PHASE,1.8673,-1.1245,-42.9251,26.8463
844,25.274,-6.7633,9.3052,4.5369,1.8672,-1.1279,-1.4577,4.437,50.585,50.771,36.1244,-17.5185,0.2,0.0,0.0,0.0,1.9076,-1.1931,-1.5,2.7042,-0.083,0,0,0,0.597,0.272,0.728,0,0,0.0,4,SEARCH_PHASE,1.8672,-1.1279,-42.8877,26.8237
845,25.302,-6.726,9.2825,4.5076,1.8659,-1.1334,-1.4682,4.408,50.542,50.725,36.1244,-17.5185,0.2,0.0,0.0,0.0,1.9076,-1.1931,-1.5,2.7042,-0.0736,0,0,0,0.597,0.274,0.726,0,0,0.0,4,SEARCH_PHASE,1.8659,-1.1334,-42.8504,26.801
846,25.328,-6.6887,9.2597,4.4781,1.8657,-1.1396,-1.4749,4.378,50.498,50.679,36.1244,-17.5185,0.2,0.0,0.0,0.0,1.9076,-1.1931,-1.5,2.7042,-0.0849,0,0,0,0.602,0.278,0.722,0,0,0.0,4,SEARCH_PHASE,1.8657,-1.1396,-42.8131,26.7782
847,25.355,-6.6514,9.2368,4.4485,1.8647,-1.1455,-1.479,4.348,50.454,50.633,36.1244,-17.5185,0.2,0.0,0.0,0.0,1.9076,-1.1932,-1.5,2.7042,-0.082,0,0,0,0.603,0.276,0.724,0,0,0.0,4,SEARCH_PHASE,1.8647,-1.1455,-42.7758,26.7553
848,25.385,-6.6141,9.2138,4.4188,1.865,-1.1514,-1.4823,4.319,50.41,50.587,36.1244,-17.5185,0.2,0.0,0.0,0.0,1.9076,-1.1932,-1.5,2.7042,-0.0806,0,0,0,0.608,0.281,0.719,0,0,0.0,4,SEARCH_PHASE,1.865,-1.1514,-42.7385,26.7323
849,25.413,-6.5768,9.1907,4.3892,1.8644,-1.1569,-1.484,4.289,50.366,50.54,36.1244,-17.5185,0.2,0.0,0.0,0.0,1.9076,-1.1932,-1.5,2.7042,-0.0992,0,0,0,0.61,0.283,0.717,0,0,0.0,4,SEARCH_PHASE,1.8644,-1.1569,-42.7012,26.7092
850,25.443,-6.5395,9.1674,4.3595,1.8655,-1.1618,-1.4847,4.259,50.322,50.494,36.1244,-17.5185,0.2,0.0,0.0,0.0,1.9076,-1.1932,-1.5,2.7042,-0.0745,0,0,0,0.615,0.282,0.718,0,0,0.0,4,SEARCH_PHASE,1.8655,-1.1618,-42.6639,26.6859
851,25.472,-6.5022,9.1441,4.3298,1.8653,-1.1675,-1.4852,4.23,50.278,50.448,36.1244,-17.5185,0.2,0.0,0.0,0.0,1.9076,-1.1932,-1.5,2.7042,-0.0962,0,0,0,0.615,0.286,0.714,0,0,0.0,4,SEARCH_PHASE,1.8653,-1.1675,-42.6266,26.6626
852,25.501,-6.4649,9.1206,4.3,1.8668,-1.1725,-1.4862,4.2,50.234,50.401,36.1244,-17.5185,0.2,0.0,0.0,0.0,1.9076,-1.1932,-1.5,2.7042,-0.0756,0,0,0,0.62,0.284,0.716,0,0,0.0,4,SEARCH_PHASE,1.8668,-1.1725,-42.5893,26.6391
853,25.529,-6.4275,9.0971,4.2703,1.8666,-1.1785,-1.4863,4.17,50.19,50.355,36.1244,-17.5185,0.2,0.0,0.0,0.0,1.9076,-1.1932,-1.5,2.7042,-0.0834,0,0,0,0.622,0.287,0.713,0,0,0.0,4,SEARCH_PHASE,1.8666,-1.1785,-42.5519,26.6156
854,25.557,-6.3902,9.0734,4.2406,1.8678,-1.1838,-1.4863,4.141,50.146,50.308,36.1244,-17.5185,0.2,0.0,0.0,0.0,1.9076,-1.1932,-1.5,2.7042,-0.0625,0,0,0,0.625,0.291,0.709,0,0,0.0,4,SEARCH_PHASE,1.8678,-1.1838,-42.5146,26.5919
855,25.587,-6.3528,9.0496,4.2109,1.8677,-1.1888,-1.4862,4.111,50.102,50.262,36.1244,-17.5185,0.2,0.0,0.0,0.0,1.9076,-1.1931,-1.5,2.7042,-0.0881,0,0,0,0.626,0.287,0.713,0,0,0.0,4,SEARCH_PHASE,1.8677,-1.1888,-42.4772,26.5681
856,25.615,-6.3154,9.0258,4.1811,1.869,-1.192,-1.4862,4.081,50.057,50.215,36.1244,-17.5185,0.2,0.0,0.0,0.0,1.9076,-1.1931,-1.5,2.7042,-0.067,0,0,0,0.63,0.289,0.711,0,0,0.0,4,SEARCH_PHASE,1.869,-1.192,-42.4398,26.5443
857,25.644,-6.2781,9.0019,4.1514,1.8686,-1.1949,-1.486,4.051,50.013,50.169,36.1244,-17.5185,0.2,0.0,0.0,0.0,1.9076,-1.1931,-1.5,2.7042,-0.0931,0,0,0,0.629,0.293,0.707,0,0,0.0,4,SEARCH_PHASE,1.8686,-1.1949,-42.4025,26.5204
858,25.672,-6.2407,8.978,4.1217,1.8693,-1.1961,-1.4859,4.022,49.969,50.122,36.1244,-17.5185,0.2,0.0,0.0,0.0,1.9076,-1.1931,-1.5,2.7042,-0.0719,0,0,0,0.632,0.294,0.706,0,0,0.0,4,SEARCH_PHASE,1.8693,-1.1961,-42.3651,26.4965
859,25.699,-6.2033,8.954,4.092,1.8679,-1.1974,-1.486,3.992,49.924,50.076,36.1244,-17.5185,0.2,0.0,0.0,0.0,1.9076,-1.1931,-1.5,2.7042,-0.1024,0,0,0,0.633,0.293,0.707,0,0,0.0,4,SEARCH_PHASE,1.8679,-1.1974,-42.3277,26.4725
860,25.727,-6.166,8.9301,4.0623,1.8671,-1.197,-1.4858,3.962,49.88,50.029,36.1244,-17.5185,0.2,0.0,0.0,0.0,1.9077,-1.1931,-1.5,2.7042,-0.0812,0,0,0,0.639,0.295,0.705,0,0,0.0,4,SEARCH_PHASE,1.8671,-1.197,-42.2904,26.4486
861,25.755,-6.1287,8.9061,4.0325,1.8654,-1.1971,-1.4862,3.933,49.836,49.983,36.1244,-17.5185,0.2,0.0,0.0,0.0,1.9077,-1.193,-1.5,2.7042,-0.1049,0,0,0,0.639,0.296,0.704,0,0,0.0,4,SEARCH_PHASE,1.8654,-1.1971,-42.2531,26.4246
862,25.782,-6.0914,8.8822,4.0028,1.8655,-1.1961,-1.4859,3.903,49.791,49.936,36.1244,-17.5185,0.2,0.0,0.0,0.0,1.9077,-1.193,-1.5,2.7042,-0.0812,0,0,0,0.644,0.302,0.698,0,0,0.0,4,SEARCH_PHASE,1.8655,-1.1961,-42.2158,26.4007
863,25.81,-6.0541,8.8583,3.9731,1.8644,-1.1957,-1.4857,3.873,49.747,49.89,36.1244,-17.5185,0.2,0.0,0.0,0.0,1.9077,-1.193,-1.5,2.7042,-0.106,0,0,0,0.644,0.298,0.702,0,0,0.0,4,SEARCH_PHASE,1.8644,-1.1957,-42.1785,26.3768
864,25.84,-6.0168,8.8344,3.9434,1.8648,-1.1944,-1.4857,3.843,49.703,49.843,36.1244,-17.5185,0.2,0.0,0.0,0.0,1.9077,-1.193,-1.5,2.7042,-0.0825,0,0,0,0.649,0.305,0.695,0,0,0.0,4,SEARCH_PHASE,1.8648,-1.1944,-42.1412,26.3529
865,25.868,-5.9795,8.8105,3.9137,1.8636,-1.1938,-1.4856,3.814,49.658,49.797,36.1244,-17.5185,0.2,0.0,0.0,0.0,1.9077,-1.193,-1.5,2.7042,-0.1074,0,0,0,0.648,0.3,0.7,0,0,0.0,4,SEARCH_PHASE,1.8636,-1.1938,-42.1039,26.329
866,25.897,-5.9422,8.7867,3.884,1.8635,-1.1923,-1.4855,3.784,49.614,49.751,36.1244,-17.5185,0.2,0.0,0.0,0.0,1.9077,-1.1929,-1.5,2.7042,-0.0841,0,0,0,0.652,0.307,0.693,0,0,0.0,4,SEARCH_PHASE,1.8635,-1.1923,-42.0666,26.3052
867,25.925,-5.905,8.7628,3.8543,1.8614,-1.1918,-1.4857,3.754,49.57,49.704,36.1244,-17.5185,0.2,0.0,0.0,0.0,1.9077,-1.1929,-1.5,2.7042,-0.1074,0,0,0,0.653,0.303,0.697,0,0,0.0,4,SEARCH_PHASE,1.8614,-1.1918,-42.0294,26.2813
868,25.952,-5.8678,8.739,3.8246,1.8601,-1.1906,-1.4856,3.725,49.526,49.658,36.1244,-17.5185,0.2,0.0,0.0,0.0,1.9077,-1.1929,-1.5,2.7042,-0.0845,0,0,0,0.659,0.312,0.688,0,0,0.0,4,SEARCH_PHASE,1.8601,-1.1906,-41.9922,26.2575
869,25.982,-5.8306,8.7152,3.7948,1.8578,-1.1904,-1.4855,3.695,49.482,49.612,36.1244,-17.5185,0.2,0.0,0.0,0.0,1.9078,-1.1929,-1.5,2.7042,-0.1093,0,0,0,0.659,0.31,0.69,0,0,0.0,4,SEARCH_PHASE,1.8578,-1.1904,-41.9551,26.2337
870,26.009,-5.7935,8.6914,3.7651,1.8571,-1.1895,-1.4855,3.665,49.438,49.566,36.1244,-17.5185,0.2,0.0,0.0,0.0,1.9078,-1.1929,-1.5,2.7042,-0.0864,0,0,0,0.664,0.318,0.682,0,0,0.0,4,SEARCH_PHASE,1.8571,-1.1895,-41.9179,26.2099
871,26.036,-5.7564,8.6676,3.7354,1.8551,-1.1897,-1.4855,3.635,49.393,49.52,36.1244,-17.5185,0.2,0.0,0.0,0.0,1.9078,-1.1928,-1.5,2.7042,-0.1019,0,0,0,0.664,0.316,0.684,0,0,0.0,4,SEARCH_PHASE,1.8551,-1.1897,-41.8808,26.1861
872,26.063,-5.7193,8.6439,3.7057,1.8544,-1.1893,-1.4855,3.606,49.349,49.474,36.1244,-17.5185,0.2,0.0,0.0,0.0,1.9078,-1.1928,-1.452,2.6778,-0.0791,0,0,0,0.669,0.322,0.678,0,0,0.0,4,SEARCH_PHASE,1.8544,-1.1893,-41.8437,26.1624
873,26.091,-5.6823,8.6201,3.6764,1.8525,-1.1898,-1.4677,3.576,49.305,49.428,36.1244,-17.5185,0.2,0.0,0.0,0.0,1.9078,-1.1928,-1.404,2.6521,-0.1058,0,0,0,0.668,0.316,0.684,0,0,0.0,4,SEARCH_PHASE,1.8525,-1.1898,-41.8067,26.1386
874,26.119,-5.6452,8.5963,3.6476,1.8522,-1.1893,-1.4388,3.548,49.261,49.382,36.1244,-17.5185,0.2,0.0,0.0,0.0,1.9074,-1.1935,-1.356,2.627,-0.0814,0,0,0,0.673,0.325,0.675,0,0,0.0,4,SEARCH_PHASE,1.8522,-1.1893,-41.7696,26.1148
875,26.145,-5.6082,8.5725,3.6195,1.8498,-1.1897,-1.403,3.52,49.217,49.336,36.1244,-17.5185,0.2,0.0,0.0,0.0,1.9073,-1.1936,-1.308,2.6026,-0.1113,0,0,0,0.673,0.32,0.68,0,0,0.0,4,SEARCH_PHASE,1.8498,-1.1897,-41.7326,26.091
876,26.174,-5.5712,8.5487,3.5923,1.8488,-1.189,-1.3627,3.492,49.173,49.29,36.1244,-17.5185,0.2,0.0,0.0,0.0,1.906,-1.1957,-1.26,2.5788,-0.0864,0,0,0,0.678,0.328,0.672,0,0,0.0,4,SEARCH_PHASE,1.8488,-1.189,-41.6957,26.0672
877,26.201,-5.5343,8.5249,3.5659,1.8462,-1.1897,-1.32,3.466,49.13,49.245,36.1244,-17.5185,0.2,0.0,0.0,0.0,1.9062,-1.1954,-1.212,2.5557,-0.1126,0,0,0,0.678,0.323,0.677,0,0,0.0,4,SEARCH_PHASE,1.8462,-1.1897,-41.6587,26.0434
878,26.228,-5.4974,8.5011,3.5404,1.8457,-1.1897,-1.2752,3.44,49.086,49.199,36.1244,-17.5185,0.2,0.0,0.0,0.0,1.9045,-1.198,-1.164,2.5333,-0.0861,0,0,0,0.683,0.329,0.671,0,0,0.0,4,SEARCH_PHASE,1.8457,-1.1897,-41.6218,26.0196
879,26.255,-5.4605,8.4773,3.5158,1.8431,-1.1912,-1.2294,3.416,49.042,49.154,36.1244,-17.5185,0.2,0.0,0.0,0.0,1.9051,-1.1971,-1.116,2.5116,-0.1048,0,0,0,0.682,0.325,0.675,0,0,0.0,4,SEARCH_PHASE,1.8431,-1.1912,-41.585,25.9958
880,26.282,-5.4237,8.4534,3.4921,1.8421,-1.1921,-1.183,3.392,48.998,49.108,36.1244,-17.5185,0.2,0.0,0.0,0.0,1.9036,-1.1995,-1.068,2.4906,-0.0787,0,0,0,0.686,0.328,0.672,0,0,0.0,4,SEARCH_PHASE,1.8421,-1.1921,-41.5481,25.9719
881,26.311,-5.3869,8.4296,3.4694,1.8388,-1.1939,-1.1362,3.369,48.954,49.063,36.1244,-17.5185,0.2,0.0,0.0,0.0,1.9033,-1.1999,-1.02,2.4704,-0.109,0,0,0,0.686,0.331,0.669,0,0,0.0,4,SEARCH_PHASE,1.8388,-1.1939,-41.5113,25.9481
882,26.34,-5.3502,8.4057,3.4476,1.8369,-1.1944,-1.089,2.633,48.91,49.018,36.1244,-17.5185,0.2,0.0,0.0,0.0,1.9004,-1.2045,-0.972,2.451,-0.0833,0,0,0,0.692,0.331,0.669,0,0,0.0,4,SEARCH_PHASE,1.8369,-1.1944,-41.4746,25.9242
883,26.368,-5.3135,8.3817,3.4268,1.8339,-1.1965,-1.0415,2.594,48.866,48.973,36.1244,-17.5185,0.2,0.0,0.0,0.0,1.9007,-1.2041,-0.924,2.4323,-0.1099,0,0,0,0.692,0.336,0.664,0,0,0.0,4,SEARCH_PHASE,1.8339,-1.1965,-41.4379,25.9002
884,26.4,-5.2768,8.3578,3.4069,1.8337,-1.1978,-0.9942,2.556,48.823,48.928,36.1244,-17.5185,0.2,0.0,0.0,0.0,1.8972,-1.2096,-0.876,2.4145,-0.0841,0,0,0,0.697,0.338,0.662,0,0,0.0,4,SEARCH_PHASE,1.8337,-1.1978,-41.4012,25.8763
885,26.427,-5.2402,8.3338,3.388,1.8318,-1.2008,-0.9467,2.519,48.779,48.883,36.1244,-17.5185,0.2,0.0,0.0,0.0,1.8979,-1.2084,-0.828,2.3975,-0.1007,0,0,0,0.696,0.338,0.662,0,0,0.0,4,SEARCH_PHASE,1.8318,-1.2008,-41.3646,25.8523
886,26.454,-5.2036,8.3097,3.37,1.8321,-1.2032,-0.8992,2.483,48.735,48.838,36.1244,-17.5185,0.2,0.0,0.0,0.0,1.8941,-1.2144,-0.78,2.3814,-0.075,0,0,0,0.7,0.339,0.661,0,0,0.0,4,SEARCH_PHASE,1.8321,-1.2032,-41.328,25.8282
887,26.481,-5.1669,8.2856,3.353,1.8307,-1.2064,-0.8516,2.448,48.691,48.793,36.1244,-17.5185,0.2,0.0,0.0,0.0,1.8958,-1.2117,-0.732,2.3661,-0.1019,0,0,0,0.699,0.341,0.659,0,0,0.0,4,SEARCH_PHASE,1.8307,-1.2064,-41.2914,25.8041
888,26.511,-5.1303,8.2614,3.3369,1.8313,-1.2082,-0.804,2.414,48.647,48.748,36.1244,-17.5185,0.2,0.0,0.0,0.0,1.8926,-1.2168,-0.684,2.3517,-0.0763,0,0,0,0.702,0.34,0.66,0,0,0.0,4,SEARCH_PHASE,1.8313,-1.2082,-41.2547,25.7799
889,26.538,-5.0937,8.2372,3.3217,1.8297,-1.211,-0.7564,2.381,48.603,48.704,36.1244,-17.5185,0.2,0.0,0.0,0.0,1.8953,-1.2126,-0.636,2.3382,-0.1034,0,0,0,0.7,0.341,0.659,0,0,0.0,4,SEARCH_PHASE,1.8297,-1.211,-41.2181,25.7557
890,26.564,-5.0571,8.2129,3.3076,1.8297,-1.2125,-0.7088,2.348,48.56,48.659,36.1244,-17.5185,0.2,0.0,0.0,0.0,1.8929,-1.2163,-0.588,2.3256,-0.0781,0,0,0,0.703,0.341,0.659,0,0,0.0,4,SEARCH_PHASE,1.8297,-1.2125,-41.1815,25.7314
891,26.591,-5.0206,8.1886,3.2943,1.8269,-1.2152,-0.6614,2.317,48.516,48.614,36.1244,-17.5185,0.2,0.0,0.0,0.0,1.8916,-1.2184,-0.54,2.3139,-0.1046,0,0,0,0.704,0.346,0.654,0,0,0.0,4,SEARCH_PHASE,1.8269,-1.2152,-41.145,25.7071
892,26.617,-4.9841,8.1643,3.2821,1.8253,-1.2168,-0.6137,2.286,48.472,48.57,36.1244,-17.5185,0.2,0.0,0.0,0.0,1.8829,-1.2317,-0.492,2.3032,-0.0794,0,0,0,0.709,0.352,0.648,0,0,0.0,4,SEARCH_PHASE,1.8253,-1.2168,-41.1085,25.6828
893,26.643,-4.9476,8.1399,3.2707,1.8234,-1.2197,-0.5659,2.257,48.428,48.525,36.1244,-17.5185,0.2,0.0,0.0,0.0,1.8828,-1.2319,-0.444,2.2934,-0.1066,0,0,0,0.71,0.352,0.648,0,0,0.0,4,SEARCH_PHASE,1.8234,-1.2197,-41.072,25.6584
894,26.668,-4.9111,8.1155,3.2604,1.8249,-1.2215,-0.5183,2.228,48.384,48.481,36.1244,-17.5185,0.2,0.0,0.0,0.0,1.8738,-1.2456,-0.396,2.2846,-0.0812,0,0,0,0.714,0.357,0.643,0,0,0.0,4,SEARCH_PHASE,1.8249,-1.2215,-41.0355,25.634
895,26.694,-4.8746,8.091,3.251,1.8254,-1.2249,-0.4706,2.2,48.34,48.436,36.1244,-17.5185,0.2,0.0,0.0,0.0,1.8747,-1.2442,-0.348,2.2768,-0.109,0,0,0,0.714,0.356,0.644,0,0,0.0,4,SEARCH_PHASE,1.8254,-1.2249,-40.999,25.6095
896,26.719,-4.838,8.0664,3.2425,1.8289,-1.2273,-0.4231,2.173,48.296,48.392,36.1244,-17.5185,0.2,0.0,0.0,0.0,1.8663,-1.2568,-0.3,2.2699,-0.0834,0,0,0,0.717,0.357,0.643,0,0,0.0,4,SEARCH_PHASE,1.8289,-1.2273,-40.9625,25.5849
897,26.744,-4.8014,8.0418,3.235,1.8309,-1.2314,-0.3755,2.147,48.252,48.347,36.1244,-17.5185,0.2,0.0,0.0,0.0,1.8691,-1.2526,-0.252,2.2641,-0.1116,0,0,0,0.716,0.359,0.641,0,0,0.0,4,SEARCH_PHASE,1.8309,-1.2314,-40.9258,25.5603
898,26.769,-4.7647,8.0171,3.2284,1.8353,-1.2348,-0.328,2.122,48.208,48.303,36.1244,-17.5185,0.2,0.0,0.0,0.0,1.8614,-1.2639,-0.204,2.2592,-0.0859,0,0,0,0.719,0.357,0.643,0,0,0.0,4,SEARCH_PHASE,1.8353,-1.2348,-40.8891,25.5356
899,26.793,-4.728,7.9923,3.2228,1.8378,-1.24,-0.2804,2.098,48.163,48.258,36.1244,-17.5185,0.2,0.0,0.0,0.0,1.8666,-1.2563,-0.156,2.2554,-0.1144,0,0,0,0.717,0.36,0.64,0,0,0.0,4,SEARCH_PHASE,1.8378,-1.24,-40.8524,25.5108
900,26.818,-4.6911,7.9674,3.2182,1.8423,-1.2446,-0.233,2.075,48.119,48.214,36.1244,-17.5185,0.2,0.0,0.0,0.0,1.8606,-1.2651,-0.108,2.2526,-0.0887,0,0,0,0.719,0.356,0.644,0,0,0.0,4,SEARCH_PHASE,1.8423,-1.2446,-40.8155,25.4859
901,26.842,-4.6542,7.9424,3.2144,1.8442,-1.2511,-0.186,2.052,48.074,48.169,36.1244,-17.5185,0.2,0.0,0.0,0.0,1.8664,-1.2566,-0.06,2.2508,-0.0889,0,0,0,0.717,0.357,0.643,0,0,0.0,4,SEARCH_PHASE,1.8442,-1.2511,-40.7786,25.4609
902,26.868,-4.6173,7.9173,3.2117,1.8477,-1.2573,-0.1382,2.031,48.03,48.124,36.1244,-17.5185,0.2,0.0,0.0,0.0,1.8608,-1.2648,-0.012,2.25,-0.0618,0,0,0,0.718,0.358,0.642,0,0,0.0,4,SEARCH_PHASE,1.8477,-1.2573,-40.7417,25.4358
903,26.893,-4.5803,7.892,3.2099,1.849,-1.2629,-0.0904,2.01,47.985,48.079,36.1244,-17.5185,0.2,0.0,0.0,0.0,1.8689,-1.2529,0.036,2.2503,-0.0888,0,0,0,0.715,0.354,0.646,0,0,0.0,4,SEARCH_PHASE,1.849,-1.2629,-40.7047,25.4105
904,26.919,-4.5433,7.8667,3.209,1.8523,-1.2656,-0.0426,1.99,47.94,48.035,36.1244,-17.5185,0.2,0.0,0.0,0.0,1.8654,-1.2581,0.084,2.2516,-0.062,0,0,0,0.716,0.355,0.645,0,0,0.0,4,SEARCH_PHASE,1.8523,-1.2656,-40.6677,25.3852
905,26.945,-4.5062,7.8413,3.2091,1.8531,-1.2679,0.0052,1.971,47.895,47.99,36.1244,-17.5185,0.2,0.0,0.0,0.0,1.8747,-1.2442,0.132,2.2539,-0.0889,0,0,0,0.712,0.348,0.652,0,0,0.0,4,SEARCH_PHASE,1.8531,-1.2679,-40.6306,25.3598
906,26.971,-4.4691,7.816,3.2102,1.8553,-1.2675,0.053,1.953,47.85,47.945,36.1244,-17.5185,0.2,0.0,0.0,0.0,1.8743,-1.2448,0.18,2.2572,-0.0625,0,0,0,0.712,0.348,0.652,0,0,0.0,4,SEARCH_PHASE,1.8553,-1.2675,-40.5935,25.3345
907,26.996,-4.432,7.7906,3.2122,1.8545,-1.2668,0.1009,1.936,47.806,47.9,36.1244,-17.5185,0.2,0.0,0.0,0.0,1.8821,-1.233,0.228,2.2615,-0.0904,0,0,0,0.708,0.346,0.654,0,0,0.0,4,SEARCH_PHASE,1.8545,-1.2668,-40.5564,25.3091
908,27.022,-4.3949,7.7654,3.2152,1.8547,-1.2636,0.1487,1.92,47.761,47.856,36.1244,-17.5185,0.2,0.0,0.0,0.0,1.8817,-1.2336,0.276,2.2669,-0.0646,0,0,0,0.709,0.35,0.65,0,0,0.0,4,SEARCH_PHASE,1.8547,-1.2636,-40.5193,25.2839
909,27.048,-4.3579,7.7402,3.2191,1.8519,-1.2604,0.1964,1.905,47.716,47.811,36.1244,-17.5185,0.2,0.0,0.0,0.0,1.885,-1.2286,0.324,2.2732,-0.0957,0,0,0,0.707,0.346,0.654,0,0,0.0,4,SEARCH_PHASE,1.8519,-1.2604,-40.4823,25.2587
910,27.073,-4.3209,7.7151,3.224,1.8501,-1.2549,0.2442,1.891,47.671,47.767,36.1244,-17.5185,0.2,0.0,0.0,0.0,1.8807,-1.2351,0.372,2.2805,-0.0704,0,0,0,0.709,0.349,0.651,0,0,0.0,4,SEARCH_PHASE,1.8501,-1.2549,-40.4453,25.2336
911,27.1,-4.2839,7.6901,3.2298,1.8469,-1.2502,0.292,1.878,47.627,47.723,36.1244,-17.5185,0.2,0.0,0.0,0.0,1.8853,-1.2281,0.42,2.2889,-0.0966,0,0,0,0.706,0.347,0.653,0,0,0.0,4,SEARCH_PHASE,1.8469,-1.2502,-40.4083,25.2086
912,27.127,-4.247,7.6652,3.2366,1.8463,-1.2439,0.3397,1.867,47.582,47.679,36.1244,-17.5185,0.2,0.0,0.0,0.0,1.8825,-1.2324,0.468,2.2982,-0.0713,0,0,0,0.708,0.351,0.649,0,0,0.0,4,SEARCH_PHASE,1.8463,-1.2439,-40.3714,25.1837
913,27.153,-4.2101,7.6404,3.2444,1.8438,-1.2384,0.3874,1.856,47.538,47.635,36.1244,-17.5185,0.2,0.0,0.0,0.0,1.8882,-1.2236,0.516,2.3084,-0.0978,0,0,0,0.704,0.345,0.655,0,0,0.0,4,SEARCH_PHASE,1.8438,-1.2384,-40.3345,25.1589
914,27.18,-4.1732,7.6158,3.2531,1.8434,-1.2316,0.435,1.846,47.494,47.592,36.1244,-17.5185,0.2,0.0,0.0,0.0,1.8867,-1.226,0.564,2.3196,-0.0727,0,0,0,0.705,0.347,0.653,0,0,0.0,4,SEARCH_PHASE,1.8434,-1.2316,-40.2977,25.1343
915,27.206,-4.1364,7.5913,3.2627,1.8405,-1.2257,0.4827,1.837,47.449,47.548,36.1244,-17.5185,0.2,0.0,0.0,0.0,1.8918,-1.2181,0.612,2.3317,-0.1007,0,0,0,0.701,0.342,0.658,0,0,0.0,4,SEARCH_PHASE,1.8405,-1.2257,-40.2608,25.1098
916,27.232,-4.0997,7.5669,3.2733,1.8393,-1.2186,0.5303,1.829,47.405,47.505,36.1244,-17.5185,0.2,0.0,0.0,0.0,1.8901,-1.2206,0.66,2.3448,-0.0758,0,0,0,0.702,0.344,0.656,0,0,0.0,4,SEARCH_PHASE,1.8393,-1.2186,-40.2241,25.0854
917,27.257,-4.0629,7.5426,3.2849,1.8357,-1.2129,0.578,1.823,47.361,47.462,36.1244,-17.5185,0.2,0.0,0.0,0.0,1.8942,-1.2142,0.708,2.3588,-0.1042,0,0,0,0.699,0.339,0.661,0,0,0.0,4,SEARCH_PHASE,1.8357,-1.2129,-40.1873,25.0611
918,27.282,-4.0263,7.5185,3.2974,1.8338,-1.2062,0.6256,1.817,47.317,47.419,36.1244,-17.5185,0.2,0.0,0.0,0.0,1.8921,-1.2176,0.756,2.3736,-0.0796,0,0,0,0.701,0.343,0.657,0,0,0.0,4,SEARCH_PHASE,1.8338,-1.2062,-40.1507,25.037
919,27.311,-3.9897,7.4945,3.3109,1.83,-1.2011,0.6734,1.839,47.274,47.376,36.1244,-17.5185,0.2,0.0,0.0,0.0,1.8968,-1.2102,0.804,2.3893,-0.1062,0,0,0,0.697,0.333,0.667,0,0,0.0,4,SEARCH_PHASE,1.83,-1.2011,-40.1141,25.013
920,27.339,-3.9531,7.4706,3.3253,1.8282,-1.1956,0.721,3.225,47.23,47.333,36.1244,-17.5185,0.2,0.0,0.0,0.0,1.8958,-1.2118,0.852,2.4059,-0.0816,0,0,0,0.697,0.336,0.664,0,0,0.0,4,SEARCH_PHASE,1.8282,-1.1956,-40.0775,24.9891
921,27.365,-3.9166,7.4467,3.3407,1.824,-1.1918,0.7685,3.241,47.186,47.291,36.1244,-17.5185,0.2,0.0,0.0,0.0,1.8961,-1.2114,0.9,2.4233,-0.1147,0,0,0,0.697,0.336,0.664,0,0,0.0,4,SEARCH_PHASE,1.824,-1.1918,-40.041,24.9652
922,27.391,-3.8802,7.423,3.357,1.8212,-1.1877,0.8163,3.257,47.143,47.248,36.1244,-17.5185,0.2,0.0,0.0,0.0,1.8913,-1.2187,0.948,2.4416,-0.0895,0,0,0,0.7,0.341,0.659,0,0,0.0,4,SEARCH_PHASE,1.8212,-1.1877,-40.0046,24.9415
923,27.416,-3.8438,7.3993,3.3743,1.8182,-1.1862,0.8641,3.274,47.099,47.206,36.1244,-17.5185,0.2,0.0,0.0,0.0,1.8934,-1.2155,0.996,2.4606,-0.1165,0,0,0,0.698,0.339,0.661,0,0,0.0,4,SEARCH_PHASE,1.8182,-1.1862,-39.9682,24.9178
924,27.45,-3.8075,7.3756,3.3925,1.8187,-1.185,0.9118,3.293,47.056,47.164,36.1244,-17.5185,0.2,0.0,0.0,0.0,1.8888,-1.2226,1.044,2.4804,-0.0917,0,0,0,0.701,0.342,0.658,0,0,0.0,4,SEARCH_PHASE,1.8187,-1.185,-39.9319,24.8941
925,27.477,-3.7711,7.3518,3.4117,1.8182,-1.1866,0.9594,3.312,47.013,47.122,36.1244,-17.5185,0.2,0.0,0.0,0.0,1.8914,-1.2186,1.092,2.501,-0.1017,0,0,0,0.698,0.342,0.658,0,0,0.0,4,SEARCH_PHASE,1.8182,-1.1866,-39.8955,24.8703
926,27.505,-3.7347,7.3281,3.4318,1.8207,-1.1886,1.007,3.332,46.969,47.08,36.1244,-17.5185,0.2,0.0,0.0,0.0,1.8868,-1.2257,1.14,2.5223,-0.0765,0,0,0,0.7,0.344,0.656,0,0,0.0,4,SEARCH_PHASE,1.8207,-1.1886,-39.8591,24.8466
927,27.53,-3.6982,7.3042,3.4529,1.8223,-1.1917,1.0547,3.353,46.926,47.038,36.1244,-17.5185,0.2,0.0,0.0,0.0,1.8904,-1.2202,1.188,2.5444,-0.1048,0,0,0,0.697,0.343,0.657,0,0,0.0,4,SEARCH_PHASE,1.8223,-1.1917,-39.8226,24.8227
928,27.556,-3.6617,7.2804,3.475,1.8271,-1.1935,1.1022,3.375,46.882,46.996,36.1244,-17.5185,0.2,0.0,0.0,0.0,1.8871,-1.2253,1.236,2.5671,-0.0792,0,0,0,0.698,0.344,0.656,0,0,0.0,4,SEARCH_PHASE,1.8271,-1.1935,-39.7861,24.7989
929,27.582,-3.6251,7.2564,3.498,1.8304,-1.1966,1.1497,3.398,46.838,46.954,36.1244,-17.5185,0.2,0.0,0.0,0.0,1.8917,-1.2182,1.284,2.5906,-0.1082,0,0,0,0.694,0.338,0.662,0,0,0.0,4,SEARCH_PHASE,1.8304,-1.1966,-39.7495,24.7749
930,27.607,-3.5884,7.2325,3.5219,1.8364,-1.1987,1.1972,3.422,46.794,46.912,36.1244,-17.5185,0.2,0.0,0.0,0.0,1.8895,-1.2216,1.332,2.6147,-0.0823,0,0,0,0.694,0.34,0.66,0,0,0.0,4,SEARCH_PHASE,1.8364,-1.1987,-39.7128,24.751
931,27.633,-3.5515,7.2084,3.5468,1.8404,-1.2021,1.2446,3.447,46.75,46.87,36.1244,-17.5185,0.2,0.0,0.0,0.0,1.8945,-1.2138,1.38,2.6395,-0.1118,0,0,0,0.69,0.332,0.668,0,0,0.0,4,SEARCH_PHASE,1.8404,-1.2021,-39.676,24.7269
932,27.659,-3.5146,7.1843,3.5726,1.8466,-1.2046,1.292,3.473,46.706,46.828,36.1244,-17.5185,0.2,0.0,0.0,0.0,1.8939,-1.2147,1.428,2.6649,-0.0858,0,0,0,0.689,0.334,0.666,0,0,0.0,4,SEARCH_PHASE,1.8466,-1.2046,-39.639,24.7028
933,27.684,-3.4776,7.1601,3.5994,1.8504,-1.2087,1.3391,3.499,46.662,46.786,36.1244,-17.5185,0.2,0.0,0.0,0.0,1.8983,-1.2079,1.476,2.6909,-0.1067,0,0,0,0.684,0.327,0.673,0,0,0.0,4,SEARCH_PHASE,1.8504,-1.2087,-39.602,24.6786
934,27.71,-3.4405,7.1359,3.6272,1.8558,-1.2121,1.3866,3.527,46.618,46.744,36.1244,-17.5185,0.2,0.0,0.0,0.0,1.8983,-1.2079,1.524,2.7175,-0.0792,0,0,0,0.683,0.326,0.674,0,0,0.0,4,SEARCH_PHASE,1.8558,-1.2121,-39.5649,24.6544
935,27.737,-3.4033,7.1116,3.6558,1.8585,-1.2165,1.4342,3.556,46.573,46.701,36.1244,-17.5185,0.2,0.0,0.0,0.0,1.9025,-1.2012,1.476,2.6909,-0.1075,0,0,0,0.676,0.318,0.682,0,0,0.0,4,SEARCH_PHASE,1.8585,-1.2165,-39.5277,24.6301
936,27.763,-3.3661,7.0872,3.6848,1.8613,-1.2186,1.4462,3.585,46.529,46.659,36.1244,-17.5185,0.2,0.0,0.0,0.0,1.9036,-1.1995,1.428,2.6649,-0.0827,0,0,0,0.674,0.32,0.68,0,0,0.0,4,SEARCH_PHASE,1.8613,-1.2186,-39.4905,24.6057
937,27.789,-3.3289,7.0628,3.7135,1.8609,-1.221,1.4359,3.613,46.484,46.617,36.1244,-17.5185,0.2,0.0,0.0,0.0,1.9061,-1.1956,1.38,2.6395,-0.0687,0,0,0,0.669,0.318,0.682,0,0,0.0,4,SEARCH_PHASE,1.8609,-1.221,-39.4533,24.5813
938,27.814,-3.2917,7.0383,3.7417,1.8605,-1.2224,1.4114,3.642,46.44,46.575,36.1244,-17.5185,0.2,0.0,0.0,0.0,1.9068,-1.1944,1.332,2.6147,-0.1052,0,0,0,0.667,0.319,0.681,0,0,0.0,4,SEARCH_PHASE,1.8605,-1.2224,-39.4161,24.5568
939,27.84,-3.2545,7.0139,3.7693,1.859,-1.2217,1.3787,3.669,46.395,46.533,36.1244,-17.5185,0.2,0.0,0.0,0.0,1.9087,-1.1914,1.284,2.5906,-0.0708,0,0,0,0.662,0.308,0.692,0,0,0.0,4,SEARCH_PHASE,1.859,-1.2217,-39.3789,24.5324
940,27.865,-3.2173,6.9895,3.7961,1.8577,-1.2214,1.3407,3.696,46.351,46.49,36.1244,-17.5185,0.2,0.0,0.0,0.0,1.9091,-1.1908,1.236,2.5671,-0.1064,0,0,0,0.661,0.313,0.687,0,0,0.0,4,SEARCH_PHASE,1.8577,-1.2214,-39.3417,24.508
941,27.89,-3.1802,6.9651,3.8221,1.8557,-1.2192,1.2991,3.722,46.307,46.448,36.1244,-17.5185,0.2,0.0,0.0,0.0,1.9098,-1.1896,1.188,2.5444,-0.0725,0,0,0,0.657,0.306,0.694,0,0,0.0,4,SEARCH_PHASE,1.8557,-1.2192,-39.3046,24.4836
942,27.916,-3.1431,6.9407,3.8472,1.8544,-1.2172,1.2549,3.747,46.262,46.406,36.1244,-17.5185,0.2,0.0,0.0,0.0,1.9098,-1.1896,1.14,2.5223,-0.1058,0,0,0,0.657,0.309,0.691,0,0,0.0,4,SEARCH_PHASE,1.8544,-1.2172,-39.2675,24.4592
943,27.941,-3.1061,6.9165,3.8714,1.8527,-1.2134,1.2099,3.771,46.218,46.364,36.1244,-17.5185,0.2,0.0,0.0,0.0,1.9098,-1.1896,1.092,2.501,-0.0696,0,0,0,0.652,0.3,0.7,0,0,0.0,4,SEARCH_PHASE,1.8527,-1.2134,-39.2305,24.435
944,27.967,-3.069,6.8923,3.8947,1.8518,-1.2098,1.164,3.795,46.174,46.321,36.1244,-17.5185,0.2,0.0,0.0,0.0,1.9099,-1.1895,1.044,2.4804,-0.102,0,0,0,0.652,0.301,0.699,0,0,0.0,4,SEARCH_PHASE,1.8518,-1.2098,-39.1935,24.4108
945,27.994,-3.032,6.8682,3.917,1.8505,-1.2043,1.1172,3.817,46.13,46.279,36.1244,-17.5185,0.2,0.0,0.0,0.0,1.9099,-1.1895,0.996,2.4606,-0.0929,0,0,0,0.649,0.298,0.702,0,0,0.0,4,SEARCH_PHASE,1.8505,-1.2043,-39.1564,24.3867
946,28.02,-2.995,6.8442,3.9384,1.8501,-1.1987,1.0697,3.838,46.085,46.237,36.1244,-17.5185,0.2,0.0,0.0,0.0,1.9099,-1.1894,0.948,2.4416,-0.1129,0,0,0,0.651,0.302,0.698,0,0,0.0,4,SEARCH_PHASE,1.8501,-1.1987,-39.1194,24.3627
947,28.046,-2.958,6.8204,3.9588,1.8496,-1.1928,1.0222,3.859,46.041,46.195,36.1244,-17.5185,0.2,0.0,0.0,0.0,1.9099,-1.1894,0.9,2.4233,-0.078,0,0,0,0.649,0.3,0.7,0,0,0.0,4,SEARCH_PHASE,1.8496,-1.1928,-39.0824,24.3389
948,28.071,-2.921,6.7966,3.9783,1.8505,-1.1881,0.9753,3.878,45.998,46.152,36.1244,-17.5185,0.2,0.0,0.0,0.0,1.9099,-1.1894,0.852,2.4059,-0.1097,0,0,0,0.651,0.303,0.697,0,0,0.0,4,SEARCH_PHASE,1.8505,-1.1881,-39.0454,24.3151
949,28.097,-2.884,6.7729,3.9969,1.8515,-1.1825,0.9281,3.897,45.954,46.11,36.1244,-17.5185,0.2,0.0,0.0,0.0,1.9099,-1.1894,0.804,2.3893,-0.0704,0,0,0,0.649,0.302,0.698,0,0,0.0,4,SEARCH_PHASE,1.8515,-1.1825,-39.0084,24.2915
950,28.126,-2.8469,6.7494,4.0145,1.8538,-1.1781,0.8807,3.915,45.91,46.068,36.1244,-17.5185,0.2,0.0,0.0,0.0,1.91,-1.1894,0.756,2.3736,-0.1023,0,0,0,0.65,0.306,0.694,0,0,0.0,4,SEARCH_PHASE,1.8538,-1.1781,-38.9713,24.2679
951,28.153,-2.8098,6.7259,4.0312,1.856,-1.1727,0.833,3.931,45.866,46.025,36.1244,-17.5185,0.2,0.0,0.0,0.0,1.91,-1.1893,0.708,2.3588,-0.082,0,0,0,0.647,0.299,0.701,0,0,0.0,4,SEARCH_PHASE,1.856,-1.1727,-38.9342,24.2444
952,28.18,-2.7726,6.7026,4.0469,1.8593,-1.1681,0.7855,3.947,45.822,45.983,36.1244,-17.5185,0.2,0.0,0.0,0.0,1.91,-1.1893,0.66,2.3448,-0.1142,0,0,0,0.648,0.304,0.696,0,0,0.0,4,SEARCH_PHASE,1.8593,-1.1681,-38.897,24.2211
953,28.209,-2.7354,6.6793,4.0616,1.8621,-1.1634,0.7379,3.962,45.778,45.94,36.1244,-17.5185,0.2,0.0,0.0,0.0,1.91,-1.1893,0.612,2.3317,-0.074,0,0,0,0.645,0.299,0.701,0,0,0.0,4,SEARCH_PHASE,1.8621,-1.1634,-38.8598,24.1978
954,28.237,-2.6981,6.6561,4.0755,1.8654,-1.1606,0.6903,3.975,45.734,45.898,36.1244,-17.5185,0.2,0.0,0.0,0.0,1.91,-1.1893,0.564,2.3196,-0.1062,0,0,0,0.646,0.3,0.7,0,0,0.0,4,SEARCH_PHASE,1.8654,-1.1606,-38.8225,24.1746
955,28.264,-2.6607,6.6329,4.0883,1.8681,-1.1573,0.6427,3.988,45.69,45.855,36.1244,-17.5185,0.2,0.0,0.0,0.0,1.91,-1.1893,0.516,2.3084,-0.0657,0,0,0,0.642,0.299,0.701,0,0,0.0,4,SEARCH_PHASE,1.8681,-1.1573,-38.7851,24.1514
956,28.29,-2.6233,6.6098,4.1002,1.8711,-1.1557,0.5951,4.0,45.646,45.812,36.1244,-17.5185,0.2,0.0,0.0,0.0,1.91,-1.1893,0.468,2.2982,-0.0979,0,0,0,0.642,0.302,0.698,0,0,0.0,4,SEARCH_PHASE,1.8711,-1.1557,-38.7477,24.1283
957,28.319,-2.5858,6.5868,4.1111,1.8732,-1.1534,0.5468,4.011,45.602,45.769,36.1244,-17.5185,0.2,0.0,0.0,0.0,1.91,-1.1894,0.42,2.2889,-0.0668,0,0,0,0.639,0.293,0.707,0,0,0.0,4,SEARCH_PHASE,1.8732,-1.1534,-38.7102,24.1053
958,28.35,-2.5483,6.5637,4.1211,1.8755,-1.1524,0.4994,4.021,45.558,45.726,36.1244,-17.5185,0.2,0.0,0.0,0.0,1.91,-1.1894,0.372,2.2805,-0.104,0,0,0,0.639,0.296,0.704,0,0,0.0,4,SEARCH_PHASE,1.8755,-1.1524,-38.6727,24.0822
959,28.379,-2.5108,6.5407,4.1302,1.877,-1.1507,0.452,4.03,45.514,45.683,36.1244,-17.5185,0.2,0.0,0.0,0.0,1.9099,-1.1894,0.324,2.2732,-0.0686,0,0,0,0.635,0.293,0.707,0,0,0.0,4,SEARCH_PHASE,1.877,-1.1507,-38.6352,24.0592
960,28.406,-2.4732,6.5177,4.1383,1.8785,-1.1501,0.4044,4.038,45.47,45.64,36.1244,-17.5185,0.2,0.0,0.0,0.0,1.9099,-1.1894,0.276,2.2669,-0.1051,0,0,0,0.634,0.291,0.709,0,0,0.0,4,SEARCH_PHASE,1.8785,-1.1501,-38.5976,24.0362
961,28.434,-2.4356,6.4947,4.1454,1.8789,-1.1486,0.3567,4.045,45.426,45.597,36.1244,-17.5185,0.2,0.0,0.0,0.0,1.9099,-1.1894,0.228,2.2615,-0.077,0,0,0,0.633,0.291,0.709,0,0,0.0,4,SEARCH_PHASE,1.8789,-1.1486,-38.56,24.0132
962,28.46,-2.398,6.4718,4.1516,1.8793,-1.148,0.309,4.052,45.382,45.554,36.1244,-17.5185,0.2,0.0,0.0,0.0,1.9099,-1.1894,0.18,2.2572,-0.1116,0,0,0,0.635,0.295,0.705,0,0,0.0,4,SEARCH_PHASE,1.8793,-1.148,-38.5224,23.9903
963,28.486,-2.3604,6.4488,4.1568,1.8795,-1.1467,0.2614,4.057,45.338,45.51,36.1244,-17.5185,0.2,0.0,0.0,0.0,1.9099,-1.1894,0.132,2.2539,-0.0828,0,0,0,0.632,0.292,0.708,0,0,0.0,4,SEARCH_PHASE,1.8795,-1.1467,-38.4849,23.9673
964,28.513,-2.3228,6.4259,4.1611,1.8805,-1.1463,0.2132,4.061,45.294,45.467,36.1244,-17.5185,0.2,0.0,0.0,0.0,1.9099,-1.1895,0.084,2.2516,-0.115,0,0,0,0.634,0.295,0.705,0,0,0.0,4,SEARCH_PHASE,1.8805,-1.1463,-38.4472,23.9444
965,28.54,-2.2852,6.403,4.1644,1.8809,-1.1453,0.1659,4.064,45.25,45.423,36.1244,-17.5185,0.2,0.0,0.0,0.0,1.9099,-1.1895,0.036,2.2503,-0.0759,0,0,0,0.632,0.293,0.707,0,0,0.0,4,SEARCH_PHASE,1.8809,-1.1453,-38.4096,23.9215
966,28.568,-2.2476,6.3801,4.1668,1.8819,-1.1455,0.1184,4.067,45.206,45.379,36.1244,-17.5185,0.2,0.0,0.0,0.0,1.9099,-1.1895,-0.012,2.25,-0.1072,0,0,0,0.633,0.294,0.706,0,0,0.0,4,SEARCH_PHASE,1.8819,-1.1455,-38.372,23.8986
967,28.594,-2.2099,6.3572,4.1682,1.8821,-1.145,0.0709,4.068,45.162,45.336,36.1244,-17.5185,0.2,0.0,0.0,0.0,1.9099,-1.1895,-0.06,2.2508,-0.0699,0,0,0,0.63,0.289,0.711,0,0,0.0,4,SEARCH_PHASE,1.8821,-1.145,-38.3343,23.8757
968,28.621,-2.1723,6.3343,4.1686,1.8827,-1.1454,0.0233,4.069,45.118,45.292,36.1244,-17.5185,0.2,0.0,0.0,0.0,1.9098,-1.1895,-0.108,2.2526,-0.1012,0,0,0,0.631,0.29,0.71,0,0,0.0,4,SEARCH_PHASE,1.8827,-1.1454,-38.2967,23.8528
969,28.648,-2.1346,6.3114,4.1681,1.8823,-1.1449,-0.0245,4.068,45.073,45.248,36.1244,-17.5185,0.2,0.0,0.0,0.0,1.9098,-1.1896,-0.156,2.2554,-0.0699,0,0,0,0.629,0.286,0.714,0,0,0.0,4,SEARCH_PHASE,1.8823,-1.1449,-38.259,23.8299
970,28.675,-2.097,6.2885,4.1667,1.8821,-1.1453,-0.072,4.067,45.029,45.204,36.1244,-17.5185,0.2,0.0,0.0,0.0,1.9098,-1.1896,-0.204,2.2592,-0.1011,0,0,0,0.631,0.29,0.71,0,0,0.0,4,SEARCH_PHASE,1.8821,-1.1453,-38.2214,23.807
971,28.701,-2.0594,6.2656,4.1643,1.8813,-1.145,-0.12,4.064,44.985,45.16,36.1244,-17.5185,0.2,0.0,0.0,0.0,1.9098,-1.1896,-0.252,2.2641,-0.0638,0,0,0,0.628,0.291,0.709,0,0,0.0,4,SEARCH_PHASE,1.8813,-1.145,-38.1838,23.7841
972,28.729,-2.0218,6.2427,4.161,1.8809,-1.1458,-0.1675,4.061,44.941,45.116,36.1244,-17.5185,0.2,0.0,0.0,0.0,1.9098,-1.1896,-0.3,2.2699,-0.0963,0,0,0,0.63,0.293,0.707,0,0,0.0,4,SEARCH_PHASE,1.8809,-1.1458,-38.1462,23.7612
973,28.754,-1.9842,6.2197,4.1566,1.8797,-1.1456,-0.2155,4.017,44.897,45.071,36.1244,-17.5185,0.2,0.0,0.0,0.0,1.9098,-1.1896,-0.348,2.2768,-0.063,0,0,0,0.629,0.291,0.709,0,0,0.0,4,SEARCH_PHASE,1.8797,-1.1456,-38.1086,23.7383
974,28.78,-1.9466,6.1968,4.1514,1.8787,-1.1464,-0.2629,4.011,44.853,45.027,36.1244,-17.5185,0.2,0.0,0.0,0.0,1.9098,-1.1896,-0.396,2.2846,-0.0967,0,0,0,0.631,0.291,0.709,0,0,0.0,4,SEARCH_PHASE,1.8787,-1.1464,-38.071,23.7153
975,28.806,-1.909,6.1739,4.1452,1.8774,-1.1462,-0.3104,4.005,44.809,44.983,36.1244,-17.5185,0.2,0.0,0.0,0.0,1.9098,-1.1897,-0.444,2.2934,-0.0651,0,0,0,0.629,0.292,0.708,0,0,0.0,4,SEARCH_PHASE,1.8774,-1.1462,-38.0334,23.6924
976,28.832,-1.8715,6.151,4.138,1.8766,-1.1469,-0.358,3.998,44.765,44.938,36.1244,-17.5185,0.2,0.0,0.0,0.0,1.9098,-1.1897,-0.492,2.3032,-0.0986,0,0,0,0.632,0.294,0.706,0,0,0.0,4,SEARCH_PHASE,1.8766,-1.1469,-37.9959,23.6695
977,28.858,-1.834,6.128,4.1299,1.8751,-1.1467,-0.4057,3.99,44.721,44.894,36.1244,-17.5185,0.2,0.0,0.0,0.0,1.9097,-1.1897,-0.54,2.3139,-0.0655,0,0,0,0.631,0.29,0.71,0,0,0.0,4,SEARCH_PHASE,1.8751,-1.1467,-37.9584,23.6465
978,28.883,-1.7965,6.1051,4.1208,1.8739,-1.1474,-0.4532,3.981,44.677,44.849,36.1244,-17.5185,0.2,0.0,0.0,0.0,1.9097,-1.1897,-0.588,2.3256,-0.0988,0,0,0,0.635,0.291,0.709,0,0,0.0,4,SEARCH_PHASE,1.8739,-1.1474,-37.9209,23.6236
979,28.91,-1.7591,6.0821,4.1108,1.8724,-1.1472,-0.5008,3.971,44.633,44.804,36.1244,-17.5185,0.2,0.0,0.0,0.0,1.9097,-1.1897,-0.636,2.3382,-0.065,0,0,0,0.634,0.293,0.707,0,0,0.0,4,SEARCH_PHASE,1.8724,-1.1472,-37.8835,23.6006
980,28.935,-1.7216,6.0592,4.0999,1.8717,-1.1479,-0.5485,3.96,44.59,44.76,36.1244,-17.5185,0.2,0.0,0.0,0.0,1.9097,-1.1897,-0.684,2.3517,-0.0982,0,0,0,0.637,0.297,0.703,0,0,0.0,4,SEARCH_PHASE,1.8717,-1.1479,-37.8461,23.5777
981,28.961,-1.6842,6.0362,4.0879,1.8706,-1.1476,-0.5961,3.948,44.546,44.715,36.1244,-17.5185,0.2,0.0,0.0,0.0,1.9097,-1.1897,-0.732,2.3661,-0.0631,0,0,0,0.635,0.298,0.702,0,0,0.0,4,SEARCH_PHASE,1.8706,-1.1476,-37.8086,23.5547
982,28.987,-1.6468,6.0133,4.0751,1.87,-1.1482,-0.6438,3.935,44.502,44.67,36.1244,-17.5185,0.2,0.0,0.0,0.0,1.9097,-1.1898,-0.78,2.3814,-0.0962,0,0,0,0.638,0.298,0.702,0,0,0.0,4,SEARCH_PHASE,1.87,-1.1482,-37.7712,23.5318
983,29.013,-1.6095,5.9903,4.0612,1.8687,-1.1477,-0.6916,3.921,44.458,44.625,36.1244,-17.5185,0.2,0.0,0.0,0.0,1.9097,-1.1898,-0.828,2.3975,-0.0712,0,0,0,0.639,0.299,0.701,0,0,0.0,4,SEARCH_PHASE,1.8687,-1.1477,-37.7339,23.5088
984,29.04,-1.5721,5.9673,4.0464,1.8678,-1.1479,-0.7391,3.906,44.414,44.58,36.1244,-17.5185,0.2,0.0,0.0,0.0,1.9097,-1.1898,-0.876,2.4145,-0.104,0,0,0,0.644,0.306,0.694,0,0,0.0,4,SEARCH_PHASE,1.8678,-1.1479,-37.6965,23.4859
985,29.067,-1.5348,5.9444,4.0307,1.8669,-1.1476,-0.7867,3.891,44.37,44.535,36.1244,-17.5185,0.2,0.0,0.0,0.0,1.9097,-1.1898,-0.924,2.4323,-0.0665,0,0,0,0.644,0.304,0.696,0,0,0.0,4,SEARCH_PHASE,1.8669,-1.1476,-37.6592,23.4629
986,29.093,-1.4974,5.9214,4.014,1.867,-1.1484,-0.8343,3.874,44.326,44.49,36.1244,-17.5185,0.2,0.0,0.0,0.0,1.9097,-1.1898,-0.972,2.451,-0.0995,0,0,0,0.649,0.306,0.694,0,0,0.0,4,SEARCH_PHASE,1.867,-1.1484,-37.6218,23.4399
987,29.121,-1.4601,5.8985,3.9964,1.867,-1.1485,-0.8819,3.856,44.283,44.445,36.1244,-17.5185,0.2,0.0,0.0,0.0,1.9097,-1.1898,-1.02,2.4704,-0.0616,0,0,0,0.649,0.31,0.69,0,0,0.0,4,SEARCH_PHASE,1.867,-1.1485,-37.5845,23.417
988,29.148,-1.4227,5.8755,3.9778,1.8679,-1.1494,-0.9296,3.838,44.239,44.4,36.1244,-17.5185,0.2,0.0,0.0,0.0,1.9097,-1.1898,-1.068,2.4906,-0.0946,0,0,0,0.653,0.314,0.686,0,0,0.0,4,SEARCH_PHASE,1.8679,-1.1494,-37.5471,23.394
989,29.175,-1.3854,5.8525,3.9582,1.8684,-1.1493,-0.9776,3.818,44.195,44.354,36.1244,-17.5185,0.2,0.0,0.0,0.0,1.9097,-1.1898,-1.116,2.5116,-0.0704,0,0,0,0.653,0.314,0.686,0,0,0.0,4,SEARCH_PHASE,1.8684,-1.1493,-37.5098,23.371
990,29.202,-1.348,5.8295,3.9377,1.8695,-1.1499,-1.0251,3.798,44.151,44.309,36.1244,-17.5185,0.2,0.0,0.0,0.0,1.9096,-1.1898,-1.164,2.5333,-0.1041,0,0,0,0.656,0.317,0.683,0,0,0.0,4,SEARCH_PHASE,1.8695,-1.1499,-37.4724,23.348
991,29.23,-1.3106,5.8065,3.9163,1.87,-1.1499,-1.0726,3.776,44.107,44.263,36.1244,-17.5185,0.2,0.0,0.0,0.0,1.9096,-1.1899,-1.212,2.5557,-0.0666,0,0,0,0.656,0.316,0.684,0,0,0.0,4,SEARCH_PHASE,1.87,-1.1499,-37.435,23.325
992,29.257,-1.2731,5.7835,3.8939,1.8708,-1.1512,-1.1202,3.754,44.063,44.218,36.1244,-17.5185,0.2,0.0,0.0,0.0,1.9096,-1.1899,-1.26,2.5788,-0.1001,0,0,0,0.659,0.319,0.681,0,0,0.0,4,SEARCH_PHASE,1.8708,-1.1512,-37.3976,23.302
993,29.285,-1.2357,5.7604,3.8705,1.8708,-1.1516,-1.1678,3.731,44.019,44.172,36.1244,-17.5185,0.2,0.0,0.0,0.0,1.9096,-1.1899,-1.308,2.6026,-0.0654,0,0,0,0.659,0.318,0.682,0,0,0.0,4,SEARCH_PHASE,1.8708,-1.1516,-37.3601,23.2789
994,29.314,-1.1983,5.7374,3.8462,1.8709,-1.153,-1.2154,3.706,43.975,44.126,36.1244,-17.5185,0.2,0.0,0.0,0.0,1.9096,-1.1899,-1.356,2.627,-0.0986,0,0,0,0.663,0.323,0.677,0,0,0.0,4,SEARCH_PHASE,1.8709,-1.153,-37.3227,23.2559
995,29.345,-1.1609,5.7143,3.821,1.8704,-1.1534,-1.2629,3.681,43.931,44.08,36.1244,-17.5185,0.2,0.0,0.0,0.0,1.9096,-1.1899,-1.404,2.6521,-0.0612,0,0,0,0.663,0.322,0.678,0,0,0.0,4,SEARCH_PHASE,1.8704,-1.1534,-37.2853,23.2328
996,29.373,-1.1235,5.6912,3.7947,1.8703,-1.1547,-1.3105,3.655,43.887,44.034,36.1244,-17.5185,0.2,0.0,0.0,0.0,1.9094,-1.1902,-1.452,2.6778,-0.0942,0,0,0,0.666,0.322,0.678,0,0,0.0,4,SEARCH_PHASE,1.8703,-1.1547,-37.2479,23.2097
997,29.403,-1.0861,5.6681,3.7676,1.8695,-1.1549,-1.3582,3.628,43.843,43.988,36.1244,-17.5185,0.2,0.0,0.0,0.0,1.909,-1.191,-1.5,2.7042,-0.0616,0,0,0,0.667,0.324,0.676,0,0,0.0,4,SEARCH_PHASE,1.8695,-1.1549,-37.2105,23.1866
998,29.43,-1.0487,5.645,3.7395,1.8689,-1.1556,-1.4057,3.599,43.799,43.942,36.1244,-17.5185,0.2,0.0,0.0,0.0,1.9073,-1.1936,-1.5,2.7042,-0.0944,0,0,0,0.672,0.327,0.673,0,0,0.0,4,SEARCH_PHASE,1.8689,-1.1556,-37.1731,23.1635
999,29.457,-1.0114,5.6219,3.7108,1.8687,-1.1556,-1.4357,3.571,43.755,43.896,36.1244,-17.5185,0.2,0.0,0.0,0.0,1.9067,-1.1946,-1.452,2.6778,-0.0674,0,0,0,0.673,0.328,0.672,0,0,0.0,4,SEARCH_PHASE,1.8687,-1.1556,-37.1358,23.1404
1000,29.484,-0.9739,5.5987,3.682,1.8705,-1.1571,-1.4366,3.542,43.712,43.85,36.1244,-17.5185,0.2,0.0,0.0,0.0,1.9048,-1.1977,-1.404,2.6521,-0.1057,0,0,0,0.678,0.333,0.667,0,0,0.0,4,SEARCH_PHASE,1.8705,-1.1571,-37.0984,23.1172
1001,29.51,-0.9365,5.5756,3.6536,1.8722,-1.158,-1.4193,3.514,43.667,43.804,36.1244,-17.5185,0.2,0.0,0.0,0.0,1.9048,-1.1977,-1.356,2.627,-0.0609,0,0,0,0.678,0.333,0.667,0,0,0.0,4,SEARCH_PHASE,1.8722,-1.158,-37.0609,23.0941
1002,29.536,-0.899,5.5524,3.6258,1.8753,-1.1612,-1.3909,3.486,43.623,43.758,36.1244,-17.5185,0.2,0.0,0.0,0.0,1.9024,-1.2014,-1.308,2.6026,-0.1022,0,0,0,0.683,0.338,0.662,0,0,0.0,4,SEARCH_PHASE,1.8753,-1.1612,-37.0234,23.0709
1003,29.563,-0.8614,5.5291,3.5987,1.8774,-1.1629,-1.3552,3.459,43.579,43.712,36.1244,-17.5185,0.2,0.0,0.0,0.0,1.903,-1.2004,-1.26,2.5788,-0.0555,0,0,0,0.682,0.335,0.665,0,0,0.0,4,SEARCH_PHASE,1.8774,-1.1629,-36.9859,23.0476
1004,29.588,-0.8238,5.5058,3.5724,1.8804,-1.1666,-1.3152,3.432,43.535,43.665,36.1244,-17.5185,0.2,0.0,0.0,0.0,1.9008,-1.2039,-1.212,2.5557,-0.0978,0,0,0,0.686,0.339,0.661,0,0,0.0,4,SEARCH_PHASE,1.8804,-1.1666,-36.9482,23.0243
1005,29.614,-0.7862,5.4824,3.547,1.882,-1.1683,-1.2723,3.407,43.491,43.619,36.1244,-17.5185,0.2,0.0,0.0,0.0,1.9021,-1.2018,-1.164,2.5333,-0.0502,0,0,0,0.684,0.336,0.664,0,0,0.0,4,SEARCH_PHASE,1.882,-1.1683,-36.9106,23.0009
1006,29.641,-0.7485,5.459,3.5224,1.884,-1.1715,-1.2277,3.382,43.446,43.573,36.1244,-17.5185,0.2,0.0,0.0,0.0,1.9004,-1.2046,-1.116,2.5116,-0.0927,0,0,0,0.687,0.339,0.661,0,0,0.0,4,SEARCH_PHASE,1.884,-1.1715,-36.8729,22.9775
1007,29.667,-0.7108,5.4355,3.4988,1.8843,-1.1721,-1.1823,3.359,43.402,43.527,36.1244,-17.5185,0.2,0.0,0.0,0.0,1.902,-1.202,-1.068,2.4906,-0.0482,0,0,0,0.685,0.338,0.662,0,0,0.0,4,SEARCH_PHASE,1.8843,-1.1721,-36.8352,22.954
1008,29.694,-0.6731,5.4121,3.4761,1.8846,-1.174,-1.1357,3.336,43.357,43.481,36.1244,-17.5185,0.2,0.0,0.0,0.0,1.9007,-1.2042,-1.02,2.4704,-0.0925,0,0,0,0.687,0.337,0.663,0,0,0.0,4,SEARCH_PHASE,1.8846,-1.174,-36.7976,22.9306
1009,29.722,-0.6355,5.3886,3.4543,1.8829,-1.1729,-1.0888,3.314,43.313,43.435,36.1244,-17.5185,0.2,0.0,0.0,0.0,1.9002,-1.2049,-0.972,2.451,-0.0557,0,0,0,0.688,0.338,0.662,0,0,0.0,4,SEARCH_PHASE,1.8829,-1.1729,-36.7599,22.9071
1010,29.748,-0.5979,5.3651,3.4334,1.8811,-1.1727,-1.0415,3.293,43.269,43.389,36.1244,-17.5185,0.2,0.0,0.0,0.0,1.8961,-1.2113,-0.924,2.4323,-0.0994,0,0,0,0.693,0.345,0.655,0,0,0.0,4,SEARCH_PHASE,1.8811,-1.1727,-36.7223,22.8836
1011,29.776,-0.5603,5.3417,3.4136,1.8791,-1.17,-0.9942,3.274,43.224,43.344,36.1244,-17.5185,0.2,0.0,0.0,0.0,1.8961,-1.2113,-0.876,2.4145,-0.0789,0,0,0,0.693,0.344,0.656,0,0,0.0,4,SEARCH_PHASE,1.8791,-1.17,-36.6847,22.8602
1012,29.802,-0.5227,5.3184,3.3946,1.8792,-1.1687,-0.9467,3.255,43.18,43.298,36.1244,-17.5185,0.2,0.0,0.0,0.0,1.8919,-1.2179,-0.828,2.3975,-0.1227,0,0,0,0.698,0.351,0.649,0,0,0.0,4,SEARCH_PHASE,1.8792,-1.1687,-36.6471,22.8369
1013,29.828,-0.4851,5.295,3.3766,1.8782,-1.1669,-0.8991,3.237,43.136,43.253,36.1244,-17.5185,0.2,0.0,0.0,0.0,1.8936,-1.2152,-0.78,2.3814,-0.0771,0,0,0,0.697,0.348,0.652,0,0,0.0,4,SEARCH_PHASE,1.8782,-1.1669,-36.6095,22.8135
1014,29.852,-0.4476,5.2717,3.3596,1.8783,-1.1687,-0.8515,3.22,43.092,43.207,36.1244,-17.5185,0.2,0.0,0.0,0.0,1.8887,-1.2228,-0.732,2.3661,-0.1207,0,0,0,0.701,0.357,0.643,0,0,0.0,4,SEARCH_PHASE,1.8783,-1.1687,-36.572,22.7902
1015,29.878,-0.41,5.2483,3.3435,1.8771,-1.1696,-0.8039,3.204,43.048,43.162,36.1244,-17.5185,0.2,0.0,0.0,0.0,1.8912,-1.219,-0.684,2.3517,-0.0751,0,0,0,0.7,0.351,0.649,0,0,0.0,4,SEARCH_PHASE,1.8771,-1.1696,-36.5344,22.7668
1016,29.903,-0.3725,5.2248,3.3284,1.8767,-1.1736,-0.7563,3.188,43.003,43.117,36.1244,-17.5185,0.2,0.0,0.0,0.0,1.8866,-1.2261,-0.636,2.3382,-0.1184,0,0,0,0.702,0.356,0.644,0,0,0.0,4,SEARCH_PHASE,1.8767,-1.1736,-36.4969,22.7433
1017,29.927,-0.335,5.2013,3.3142,1.8745,-1.1764,-0.7087,3.174,42.959,43.072,36.1244,-17.5185,0.2,0.0,0.0,0.0,1.8907,-1.2198,-0.588,2.3256,-0.0729,0,0,0,0.7,0.357,0.643,0,0,0.0,4,SEARCH_PHASE,1.8745,-1.1764,-36.4594,22.7198
1018,29.952,-0.2975,5.1776,3.301,1.8729,-1.1818,-0.6611,3.161,42.915,43.027,36.1244,-17.5185,0.2,0.0,0.0,0.0,1.8874,-1.2248,-0.54,2.3139,-0.1158,0,0,0,0.702,0.358,0.642,0,0,0.0,4,SEARCH_PHASE,1.8729,-1.1818,-36.4219,22.6961
1019,29.976,-0.2602,5.1539,3.2887,1.8692,-1.1856,-0.6136,3.149,42.87,42.982,36.1244,-17.5185,0.2,0.0,0.0,0.0,1.8914,-1.2186,-0.492,2.3032,-0.0719,0,0,0,0.7,0.354,0.646,0,0,0.0,4,SEARCH_PHASE,1.8692,-1.1856,-36.3846,22.6724
1020,30.001,-0.2228,5.1301,3.2774,1.8656,-1.1917,-0.566,3.137,42.826,42.937,36.1244,-17.5185,0.2,0.0,0.0,0.0,1.8881,-1.2238,-0.444,2.2934,-0.1143,0,0,0,0.703,0.359,0.641,0,0,0.0,4,SEARCH_PHASE,1.8656,-1.1917,-36.3473,22.6486
1021,30.026,-0.1856,5.1062,3.2671,1.8601,-1.1959,-0.5186,3.127,42.782,42.892,36.1244,-17.5185,0.2,0.0,0.0,0.0,1.8893,-1.222,-0.396,2.2846,-0.0746,0,0,0,0.707,0.359,0.641,0,0,0.0,4,SEARCH_PHASE,1.8601,-1.1959,-36.3101,22.6247
1022,30.051,-0.1485,5.0821,3.2576,1.8549,-1.2021,-0.471,3.118,42.738,42.847,36.1244,-17.5185,0.2,0.0,0.0,0.0,1.8831,-1.2314,-0.348,2.2768,-0.1165,0,0,0,0.709,0.36,0.64,0,0,0.0,4,SEARCH_PHASE,1.8549,-1.2021,-36.273,22.6006
1023,30.076,-0.1116,5.058,3.2492,1.8491,-1.2066,-0.4233,3.109,42.694,42.802,36.1244,-17.5185,0.2,0.0,0.0,0.0,1.8853,-1.228,-0.3,2.2699,-0.0715,0,0,0,0.71,0.359,0.641,0,0,0.0,4,SEARCH_PHASE,1.8491,-1.2066,-36.236,22.5765
1024,30.101,-0.0747,5.0337,3.2417,1.8448,-1.2133,-0.3757,3.102,42.649,42.758,36.1244,-17.5185,0.2,0.0,0.0,0.0,1.88,-1.2362,-0.252,2.2641,-0.1134,0,0,0,0.713,0.362,0.638,0,0,0.0,4,SEARCH_PHASE,1.8448,-1.2133,-36.1991,22.5522
1025,30.126,-0.0379,5.0094,3.2351,1.8395,-1.2178,-0.328,3.095,42.605,42.713,36.1244,-17.5185,0.2,0.0,0.0,0.0,1.8832,-1.2313,-0.204,2.2592,-0.0683,0,0,0,0.711,0.36,0.64,0,0,0.0,4,SEARCH_PHASE,1.8395,-1.2178,-36.1623,22.5279
1026,30.156,-0.0012,4.9849,3.2295,1.8355,-1.224,-0.2805,3.089,42.561,42.669,36.1244,-17.5185,0.2,0.0,0.0,0.0,1.8769,-1.2408,-0.156,2.2554,-0.11,0,0,0,0.713,0.362,0.638,0,0,0.0,4,SEARCH_PHASE,1.8355,-1.224,-36.1256,22.5034
1027,30.182,0.0354,4.9603,3.2248,1.8301,-1.2277,-0.2328,3.085,42.517,42.625,36.1244,-17.5185,0.2,0.0,0.0,0.0,1.8817,-1.2335,-0.108,2.2526,-0.0677,0,0,0,0.711,0.362,0.638,0,0,0.0,4,SEARCH_PHASE,1.8301,-1.2277,-36.089,22.4788
1028,30.207,0.0719,4.9357,3.2211,1.8256,-1.2327,-0.1852,3.081,42.473,42.58,36.1244,-17.5185,0.2,0.0,0.0,0.0,1.8756,-1.2429,-0.06,2.2508,-0.1092,0,0,0,0.714,0.362,0.638,0,0,0.0,4,SEARCH_PHASE,1.8256,-1.2327,-36.0525,22.4542
1029,30.233,0.1084,4.911,3.2184,1.8203,-1.2352,-0.1374,3.078,42.429,42.536,36.1244,-17.5185,0.2,0.0,0.0,0.0,1.8805,-1.2354,-0.012,2.25,-0.0639,0,0,0,0.712,0.362,0.638,0,0,0.0,4,SEARCH_PHASE,1.8203,-1.2352,-36.0161,22.4295
1030,30.257,0.1447,4.8862,3.2166,1.8166,-1.2388,-0.0897,3.077,42.385,42.492,36.1244,-17.5185,0.2,0.0,0.0,0.0,1.8757,-1.2427,0.036,2.2503,-0.1054,0,0,0,0.714,0.364,0.636,0,0,0.0,4,SEARCH_PHASE,1.8166,-1.2388,-35.9797,22.4047
1031,30.283,0.1809,4.8614,3.2157,1.8117,-1.2395,-0.042,3.076,42.341,42.449,36.1244,-17.5185,0.2,0.0,0.0,0.0,1.8774,-1.2401,0.084,2.2516,-0.0649,0,0,0,0.713,0.366,0.634,0,0,0.0,4,SEARCH_PHASE,1.8117,-1.2395,-35.9435,22.3799
1032,30.308,0.2171,4.8366,3.2159,1.808,-1.241,0.0058,3.076,42.298,42.405,36.1244,-17.5185,0.2,0.0,0.0,0.0,1.8682,-1.2539,0.132,2.2539,-0.1063,0,0,0,0.716,0.364,0.636,0,0,0.0,4,SEARCH_PHASE,1.808,-1.241,-35.9073,22.3551
1033,30.335,0.2532,4.8118,3.2169,1.8045,-1.2396,0.0536,3.077,42.254,42.361,36.1244,-17.5185,0.2,0.0,0.0,0.0,1.872,-1.2483,0.18,2.2572,-0.0637,0,0,0,0.715,0.364,0.636,0,0,0.0,4,SEARCH_PHASE,1.8045,-1.2396,-35.8712,22.3303
1034,30.36,0.2892,4.787,3.219,1.8034,-1.2392,0.1014,3.079,42.21,42.318,36.1244,-17.5185,0.2,0.0,0.0,0.0,1.8623,-1.2626,0.228,2.2615,-0.1053,0,0,0,0.718,0.369,0.631,0,0,0.0,4,SEARCH_PHASE,1.8034,-1.2392,-35.8352,22.3055
1035,30.386,0.3253,4.7623,3.2219,1.802,-1.2357,0.149,3.082,42.166,42.275,36.1244,-17.5185,0.2,0.0,0.0,0.0,1.8693,-1.2523,0.276,2.2669,-0.0836,0,0,0,0.716,0.374,0.626,0,0,0.0,4,SEARCH_PHASE,1.802,-1.2357,-35.7991,22.2808
1036,30.412,0.3613,4.7376,3.2259,1.8026,-1.2333,0.1968,3.086,42.123,42.231,36.1244,-17.5185,0.2,0.0,0.0,0.0,1.8631,-1.2615,0.324,2.2732,-0.1254,0,0,0,0.718,0.369,0.631,0,0,0.0,4,SEARCH_PHASE,1.8026,-1.2333,-35.7631,22.2561
1037,30.438,0.3974,4.713,3.2308,1.8021,-1.2299,0.2446,3.091,42.079,42.188,36.1244,-17.5185,0.2,0.0,0.0,0.0,1.8726,-1.2473,0.372,2.2805,-0.0787,0,0,0,0.715,0.373,0.627,0,0,0.0,4,SEARCH_PHASE,1.8021,-1.2299,-35.727,22.2315
1038,30.463,0.4334,4.6884,3.2366,1.8028,-1.2296,0.2922,3.097,42.036,42.145,36.1244,-17.5185,0.2,0.0,0.0,0.0,1.8679,-1.2544,0.42,2.2889,-0.1206,0,0,0,0.716,0.374,0.626,0,0,0.0,4,SEARCH_PHASE,1.8028,-1.2296,-35.691,22.2069
1039,30.49,0.4695,4.6639,3.2434,1.8019,-1.2279,0.34,3.103,41.992,42.102,36.1244,-17.5185,0.2,0.0,0.0,0.0,1.8786,-1.2383,0.468,2.2982,-0.0737,0,0,0,0.713,0.37,0.63,0,0,0.0,4,SEARCH_PHASE,1.8019,-1.2279,-35.6549,22.1824
1040,30.515,0.5055,4.6393,3.2512,1.8019,-1.229,0.3876,3.111,41.948,42.059,36.1244,-17.5185,0.2,0.0,0.0,0.0,1.8765,-1.2414,0.516,2.3084,-0.1154,0,0,0,0.714,0.374,0.626,0,0,0.0,4,SEARCH_PHASE,1.8019,-1.229,-35.6189,22.1578
1041,30.541,0.5415,4.6147,3.2599,1.8001,-1.2282,0.4351,3.12,41.905,42.017,36.1244,-17.5185,0.2,0.0,0.0,0.0,1.8777,-1.2397,0.564,2.3196,-0.0779,0,0,0,0.713,0.372,0.628,0,0,0.0,4,SEARCH_PHASE,1.8001,-1.2282,-35.5829,22.1332
1042,30.567,0.5775,4.5901,3.2695,1.7987,-1.2298,0.4827,3.13,41.861,41.974,36.1244,-17.5185,0.2,0.0,0.0,0.0,1.8713,-1.2494,0.612,2.3317,-0.1166,0,0,0,0.716,0.377,0.623,0,0,0.0,4,SEARCH_PHASE,1.7987,-1.2298,-35.5469,22.1086
1043,30.594,0.6134,4.5655,3.2801,1.7981,-1.2302,0.5305,3.14,41.818,41.931,36.1244,-17.5185,0.2,0.0,0.0,0.0,1.8795,-1.2369,0.66,2.3448,-0.0693,0,0,0,0.711,0.371,0.629,0,0,0.0,4,SEARCH_PHASE,1.7981,-1.2302,-35.511,22.084
1044,30.62,0.6494,4.5409,3.2917,1.7992,-1.2331,0.5782,3.152,41.774,41.889,36.1244,-17.5185,0.2,0.0,0.0,0.0,1.8754,-1.2432,0.708,2.3588,-0.1113,0,0,0,0.712,0.376,0.624,0,0,0.0,4,SEARCH_PHASE,1.7992,-1.2331,-35.475,22.0594
1045,30.646,0.6854,4.5162,3.3042,1.7994,-1.2341,0.6259,3.164,41.731,41.846,36.1244,-17.5185,0.2,0.0,0.0,0.0,1.8862,-1.2267,0.756,2.3736,-0.0635,0,0,0,0.705,0.37,0.63,0,0,0.0,4,SEARCH_PHASE,1.7994,-1.2341,-35.439,22.0347
1046,30.673,0.7214,4.4915,3.3177,1.8011,-1.2372,0.6735,3.178,41.687,41.803,36.1244,-17.5185,0.2,0.0,0.0,0.0,1.8837,-1.2305,0.804,2.3893,-0.1056,0,0,0,0.705,0.371,0.629,0,0,0.0,4,SEARCH_PHASE,1.8011,-1.2372,-35.403,22.01
1047,30.701,0.7575,4.4667,3.3321,1.8015,-1.2379,0.7211,3.192,41.643,41.761,36.1244,-17.5185,0.2,0.0,0.0,0.0,1.8922,-1.2175,0.852,2.4059,-0.0575,0,0,0,0.701,0.367,0.633,0,0,0.0,4,SEARCH_PHASE,1.8015,-1.2379,-35.3669,21.9852
1048,30.727,0.7935,4.4419,3.3475,1.803,-1.2405,0.7687,3.207,41.6,41.719,36.1244,-17.5185,0.2,0.0,0.0,0.0,1.8912,-1.219,0.9,2.4233,-0.0995,0,0,0,0.701,0.367,0.633,0,0,0.0,4,SEARCH_PHASE,1.803,-1.2405,-35.3309,21.9604
1049,30.754,0.8296,4.4171,3.3638,1.8029,-1.2402,0.8163,3.224,41.556,41.676,36.1244,-17.5185,0.2,0.0,0.0,0.0,1.8938,-1.215,0.948,2.4416,-0.0579,0,0,0,0.7,0.364,0.636,0,0,0.0,4,SEARCH_PHASE,1.8029,-1.2402,-35.2948,21.9356
1050,30.782,0.8657,4.3923,3.3811,1.8035,-1.2413,0.864,3.241,41.512,41.634,36.1244,-17.5185,0.2,0.0,0.0,0.0,1.8896,-1.2214,0.996,2.4606,-0.0999,0,0,0,0.701,0.368,0.632,0,0,0.0,4,SEARCH_PHASE,1.8035,-1.2413,-35.2588,21.9108
1051,30.809,0.9017,4.3675,3.3993,1.8043,-1.24,0.9118,3.259,41.468,41.592,36.1244,-17.5185,0.2,0.0,0.0,0.0,1.8944,-1.214,1.044,2.4804,-0.0512,0,0,0,0.695,0.366,0.634,0,0,0.0,4,SEARCH_PHASE,1.8043,-1.24,-35.2227,21.886
1052,30.835,0.9379,4.3427,3.4185,1.8073,-1.2402,0.9595,3.279,41.425,41.549,36.1244,-17.5185,0.2,0.0,0.0,0.0,1.8915,-1.2185,1.092,2.501,-0.0936,0,0,0,0.696,0.366,0.634,0,0,0.0,4,SEARCH_PHASE,1.8073,-1.2402,-35.1865,21.8612
1053,30.865,0.9741,4.3179,3.4386,1.8101,-1.2376,1.0066,3.299,41.381,41.507,36.1244,-17.5185,0.2,0.0,0.0,0.0,1.8956,-1.2122,1.14,2.5223,-0.0481,0,0,0,0.693,0.364,0.636,0,0,0.0,4,SEARCH_PHASE,1.8101,-1.2376,-35.1503,21.8364
1054,30.892,1.0104,4.2932,3.4597,1.8148,-1.2361,1.0544,3.32,41.337,41.465,36.1244,-17.5185,0.2,0.0,0.0,0.0,1.8923,-1.2173,1.188,2.5444,-0.093,0,0,0,0.693,0.365,0.635,0,0,0.0,4,SEARCH_PHASE,1.8148,-1.2361,-35.114,21.8117
1055,30.922,1.0468,4.2686,3.4818,1.8191,-1.2315,1.1021,3.342,41.293,41.423,36.1244,-17.5185,0.2,0.0,0.0,0.0,1.8979,-1.2085,1.236,2.5671,-0.0457,0,0,0,0.689,0.36,0.64,0,0,0.0,4,SEARCH_PHASE,1.8191,-1.2315,-35.0776,21.7871
1056,30.95,1.0833,4.244,3.5048,1.825,-1.2278,1.1498,3.365,41.249,41.381,36.1244,-17.5185,0.2,0.0,0.0,0.0,1.8965,-1.2107,1.284,2.5906,-0.0906,0,0,0,0.689,0.361,0.639,0,0,0.0,4,SEARCH_PHASE,1.825,-1.2278,-35.0411,21.7625
1057,30.977,1.1199,4.2196,3.5287,1.8301,-1.2204,1.1971,3.389,41.205,41.339,36.1244,-17.5185,0.2,0.0,0.0,0.0,1.9012,-1.2033,1.332,2.6147,-0.0744,0,0,0,0.684,0.354,0.646,0,0,0.0,4,SEARCH_PHASE,1.8301,-1.2204,-35.0045,21.7381
1058,31.004,1.1566,4.1953,3.5536,1.8365,-1.2135,1.2446,3.414,41.161,41.298,36.1244,-17.5185,0.2,0.0,0.0,0.0,1.9007,-1.2041,1.38,2.6395,-0.1064,0,0,0,0.684,0.355,0.645,0,0,0.0,4,SEARCH_PHASE,1.8365,-1.2135,-34.9678,21.7138
1059,31.031,1.1934,4.1712,3.5794,1.841,-1.2059,1.2922,3.439,41.117,41.256,36.1244,-17.5185,0.2,0.0,0.0,0.0,1.9045,-1.198,1.428,2.6649,-0.0591,0,0,0,0.678,0.349,0.651,0,0,0.0,4,SEARCH_PHASE,1.841,-1.2059,-34.931,21.6897
1060,31.057,1.2303,4.1472,3.6062,1.8462,-1.2002,1.3398,3.466,41.073,41.214,36.1244,-17.5185,0.2,0.0,0.0,0.0,1.9045,-1.198,1.476,2.6909,-0.1036,0,0,0,0.677,0.353,0.647,0,0,0.0,4,SEARCH_PHASE,1.8462,-1.2002,-34.8941,21.6657
1061,31.085,1.2673,4.1234,3.634,1.8496,-1.192,1.3874,3.494,41.029,41.173,36.1244,-17.5185,0.2,0.0,0.0,0.0,1.9075,-1.1932,1.428,2.6649,-0.0563,0,0,0,0.67,0.348,0.652,0,0,0.0,4,SEARCH_PHASE,1.8496,-1.192,-34.8571,21.6419
1062,31.118,1.3044,4.0996,3.662,1.852,-1.1858,1.3994,3.522,40.985,41.131,36.1244,-17.5185,0.2,0.0,0.0,0.0,1.9085,-1.1917,1.38,2.6395,-0.0969,0,0,0,0.667,0.346,0.654,0,0,0.0,4,SEARCH_PHASE,1.852,-1.1858,-34.82,21.6181
1063,31.146,1.3414,4.0761,3.6898,1.8521,-1.1777,1.3889,3.55,40.941,41.09,36.1244,-17.5185,0.2,0.0,0.0,0.0,1.9084,-1.1918,1.332,2.6147,-0.0933,0,0,0,0.668,0.346,0.654,0,0,0.0,4,SEARCH_PHASE,1.8521,-1.1777,-34.783,21.5946
1064,31.173,1.3784,4.0527,3.7171,1.8517,-1.1706,1.3648,3.577,40.897,41.048,36.1244,-17.5185,0.2,0.0,0.0,0.0,1.9102,-1.1889,1.284,2.5906,-0.1146,0,0,0,0.665,0.344,0.656,0,0,0.0,4,SEARCH_PHASE,1.8517,-1.1706,-34.746,21.5712
1065,31.199,1.4155,4.0294,3.7437,1.8525,-1.1642,1.332,3.604,40.854,41.007,36.1244,-17.5185,0.2,0.0,0.0,0.0,1.9104,-1.1886,1.236,2.5671,-0.0935,0,0,0,0.665,0.348,0.652,0,0,0.0,4,SEARCH_PHASE,1.8525,-1.1642,-34.7089,21.5479
1066,31.225,1.4525,4.0062,3.7696,1.8521,-1.1598,1.2936,3.63,40.81,40.966,36.1244,-17.5185,0.2,0.0,0.0,0.0,1.9114,-1.187,1.188,2.5444,-0.1032,0,0,0,0.661,0.341,0.659,0,0,0.0,4,SEARCH_PHASE,1.8521,-1.1598,-34.6719,21.5247
1067,31.251,1.4896,3.9831,3.7946,1.8527,-1.1559,1.252,3.655,40.766,40.924,36.1244,-17.5185,0.2,0.0,0.0,0.0,1.9115,-1.1868,1.14,2.5223,-0.0827,0,0,0,0.661,0.345,0.655,0,0,0.0,4,SEARCH_PHASE,1.8527,-1.1559,-34.6348,21.5016
1068,31.278,1.5266,3.96,3.8188,1.8522,-1.1531,1.2081,3.679,40.723,40.883,36.1244,-17.5185,0.2,0.0,0.0,0.0,1.9116,-1.1868,1.092,2.501,-0.1065,0,0,0,0.658,0.336,0.664,0,0,0.0,4,SEARCH_PHASE,1.8522,-1.1531,-34.5978,21.4785
1069,31.306,1.5637,3.937,3.842,1.8527,-1.1501,1.1629,3.702,40.679,40.842,36.1244,-17.5185,0.2,0.0,0.0,0.0,1.9115,-1.1869,1.044,2.4804,-0.0864,0,0,0,0.659,0.337,0.663,0,0,0.0,4,SEARCH_PHASE,1.8527,-1.1501,-34.5607,21.4555
1070,31.332,1.6007,3.914,3.8644,1.8524,-1.1483,1.1168,3.724,40.635,40.8,36.1244,-17.5185,0.2,0.0,0.0,0.0,1.9116,-1.1867,0.996,2.4606,-0.1085,0,0,0,0.655,0.337,0.663,0,0,0.0,4,SEARCH_PHASE,1.8524,-1.1483,-34.5237,21.4325
1071,31.358,1.6378,3.8911,3.8858,1.8534,-1.1466,1.0702,3.746,40.592,40.759,36.1244,-17.5185,0.2,0.0,0.0,0.0,1.9115,-1.1869,0.948,2.4416,-0.0886,0,0,0,0.656,0.334,0.666,0,0,0.0,4,SEARCH_PHASE,1.8534,-1.1466,-34.4866,21.4096
1072,31.388,1.6749,3.8682,3.9062,1.8532,-1.1463,1.0231,3.766,40.548,40.717,36.1244,-17.5185,0.2,0.0,0.0,0.0,1.9116,-1.1868,0.9,2.4233,-0.1069,0,0,0,0.659,0.334,0.666,0,0,0.0,4,SEARCH_PHASE,1.8532,-1.1463,-34.4495,21.3867
1073,31.416,1.7119,3.8453,3.9257,1.8539,-1.1461,0.9759,3.786,40.505,40.676,36.1244,-17.5185,0.2,0.0,0.0,0.0,1.9116,-1.1868,0.852,2.4059,-0.0872,0,0,0,0.66,0.336,0.664,0,0,0.0,4,SEARCH_PHASE,1.8539,-1.1461,-34.4125,21.3638
1074,31.444,1.749,3.8223,3.9443,1.8538,-1.147,0.9286,3.804,40.461,40.634,36.1244,-17.5185,0.2,0.0,0.0,0.0,1.9116,-1.1867,0.804,2.3893,-0.1061,0,0,0,0.659,0.332,0.668,0,0,0.0,4,SEARCH_PHASE,1.8538,-1.147,-34.3754,21.3408
1075,31.471,1.7861,3.7994,3.9619,1.8547,-1.1481,0.8811,3.822,40.417,40.592,36.1244,-17.5185,0.2,0.0,0.0,0.0,1.9116,-1.1867,0.756,2.3736,-0.0864,0,0,0,0.659,0.336,0.664,0,0,0.0,4,SEARCH_PHASE,1.8547,-1.1481,-34.3383,21.3179
1076,31.509,1.8232,3.7764,3.9786,1.8547,-1.1502,0.8334,3.839,40.374,40.55,36.1244,-17.5185,0.2,0.0,0.0,0.0,1.9116,-1.1867,0.708,2.3588,-0.0986,0,0,0,0.658,0.333,0.667,0,0,0.0,4,SEARCH_PHASE,1.8547,-1.1502,-34.3012,21.2949
1077,31.538,1.8603,3.7533,3.9943,1.8554,-1.1523,0.7859,3.854,40.33,40.508,36.1244,-17.5185,0.2,0.0,0.0,0.0,1.9116,-1.1867,0.66,2.3448,-0.0791,0,0,0,0.658,0.334,0.666,0,0,0.0,4,SEARCH_PHASE,1.8554,-1.1523,-34.2641,21.2718
1078,31.566,1.8974,3.7302,4.0091,1.8553,-1.1549,0.7383,3.869,40.286,40.466,36.1244,-17.5185,0.2,0.0,0.0,0.0,1.9115,-1.1868,0.612,2.3317,-0.1018,0,0,0,0.658,0.331,0.669,0,0,0.0,4,SEARCH_PHASE,1.8553,-1.1549,-34.227,21.2487
1079,31.594,1.9345,3.7071,4.0229,1.8562,-1.157,0.6907,3.883,40.243,40.424,36.1244,-17.5185,0.2,0.0,0.0,0.0,1.9116,-1.1867,0.564,2.3196,-0.0822,0,0,0,0.657,0.335,0.665,0,0,0.0,4,SEARCH_PHASE,1.8562,-1.157,-34.1899,21.2256
1080,31.641,1.9717,3.6839,4.0358,1.8559,-1.1597,0.6429,3.896,40.199,40.381,36.1244,-17.5185,0.2,0.0,0.0,0.0,1.9115,-1.1869,0.516,2.3084,-0.1045,0,0,0,0.665,0.331,0.669,0,0,0.0,4,SEARCH_PHASE,1.8559,-1.1597,-34.1527,21.2024
1081,31.68,2.0088,3.6606,4.0477,1.8564,-1.1619,0.5953,3.908,40.155,40.339,36.1244,-17.5185,0.2,0.0,0.0,0.0,1.9115,-1.1869,0.468,2.2982,-0.0851,0,0,0,0.665,0.334,0.666,0,0,0.0,4,SEARCH_PHASE,1.8564,-1.1619,-34.1156,21.1791
1082,31.725,2.0459,3.6373,4.0586,1.8563,-1.1649,0.5474,3.919,40.111,40.296,36.1244,-17.5185,0.2,0.0,0.0,0.0,1.9115,-1.1869,0.42,2.2889,-0.1024,0,0,0,0.668,0.333,0.667,0,0,0.0,4,SEARCH_PHASE,1.8563,-1.1649,-34.0785,21.1558
1083,31.805,2.0831,3.614,4.0686,1.8577,-1.1676,0.4998,3.929,40.067,40.254,36.1244,-17.5185,0.2,0.0,0.0,0.0,1.9114,-1.187,0.372,2.2805,-0.0821,0,0,0,0.67,0.335,0.665,0,0,0.0,4,SEARCH_PHASE,1.8577,-1.1676,-34.0413,21.1325
1084,31.878,2.1202,3.5906,4.0777,1.8584,-1.1708,0.4521,3.938,40.023,40.211,36.1244,-17.5185,0.2,0.0,0.0,0.0,1.9113,-1.1872,0.324,2.2732,-0.1034,0,0,0,0.68,0.333,0.667,0,0,0.0,4,SEARCH_PHASE,1.8584,-1.1708,-34.0042,21.1091
1085,31.967,2.1574,3.5671,4.0857,1.8604,-1.1734,0.4044,3.946,39.979,40.168,36.1244,-17.5185,0.2,0.0,0.0,0.0,1.9113,-1.1872,0.276,2.2669,-0.0831,0,0,0,0.681,0.335,0.665,0,0,0.0,4,SEARCH_PHASE,1.8604,-1.1734,-33.967,21.0856
1086,32.029,2.1947,3.5436,4.0929,1.8614,-1.1767,0.3566,3.953,39.935,40.125,36.1244,-17.5185,0.2,0.0,0.0,0.0,1.9113,-1.1872,0.228,2.2615,-0.0931,0,0,0,0.68,0.333,0.667,0,0,0.0,4,SEARCH_PHASE,1.8614,-1.1767,-33.9297,21.0621
1087,32.076,2.2319,3.52,4.0991,1.8634,-1.1794,0.309,3.959,39.891,40.081,36.1244,-17.5185,0.2,0.0,0.0,0.0,1.9112,-1.1874,0.18,2.2572,-0.0729,0,0,0,0.681,0.333,0.667,0,0,0.0,4,SEARCH_PHASE,1.8634,-1.1794,-33.8925,21.0385
1088,32.111,2.2692,3.4963,4.1043,1.8644,-1.1821,0.2614,3.964,39.847,40.038,36.1244,-17.5185,0.2,0.0,0.0,0.0,1.9103,-1.1889,0.132,2.2539,-0.0959,0,0,0,0.681,0.326,0.674,0,0,0.0,4,SEARCH_PHASE,1.8644,-1.1821,-33.8552,21.0148
1089,32.151,2.3066,3.4727,4.1086,1.8664,-1.1836,0.2137,3.969,39.803,39.994,36.1244,-17.5185,0.2,0.0,0.0,0.0,1.9099,-1.1895,0.084,2.2516,-0.0757,0,0,0,0.688,0.331,0.669,0,0,0.0,4,SEARCH_PHASE,1.8664,-1.1836,-33.8178,20.9912
1090,32.19,2.3439,3.449,4.1119,1.8672,-1.1851,0.1661,3.972,39.759,39.951,36.1244,-17.5185,0.2,0.0,0.0,0.0,1.91,-1.1892,0.036,2.2503,-0.0994,0,0,0,0.683,0.325,0.675,0,0,0.0,4,SEARCH_PHASE,1.8672,-1.1851,-33.7805,20.9675
1091,32.229,2.3813,3.4253,4.1142,1.8686,-1.1856,0.1184,3.974,39.714,39.907,36.1244,-17.5185,0.2,0.0,0.0,0.0,1.9099,-1.1895,-0.012,2.25,-0.0794,0,0,0,0.686,0.327,0.673,0,0,0.0,4,SEARCH_PHASE,1.8686,-1.1856,-33.7431,20.9438
1092,32.262,2.4187,3.4015,4.1157,1.8687,-1.1863,0.0707,3.976,39.67,39.863,36.1244,-17.5185,0.2,0.0,0.0,0.0,1.9096,-1.1899,-0.06,2.2508,-0.1049,0,0,0,0.69,0.323,0.677,0,0,0.0,4,SEARCH_PHASE,1.8687,-1.1863,-33.7058,20.92
1093,32.301,2.456,3.3778,4.1161,1.8693,-1.1861,0.0231,3.976,39.626,39.819,36.1244,-17.5185,0.2,0.0,0.0,0.0,1.9093,-1.1905,-0.108,2.2526,-0.0851,0,0,0,0.691,0.327,0.673,0,0,0.0,4,SEARCH_PHASE,1.8693,-1.1861,-33.6684,20.8963
1094,32.348,2.4934,3.3541,4.1156,1.869,-1.1864,-0.0251,3.976,39.582,39.775,36.1244,-17.5185,0.2,0.0,0.0,0.0,1.909,-1.1909,-0.156,2.2554,-0.1045,0,0,0,0.696,0.324,0.676,0,0,0.0,4,SEARCH_PHASE,1.869,-1.1864,-33.631,20.8726
1095,32.405,2.5308,3.3304,4.1142,1.8696,-1.1861,-0.0725,3.974,39.537,39.731,36.1244,-17.5185,0.2,0.0,0.0,0.0,1.9084,-1.1918,-0.204,2.2592,-0.0822,0,0,0,0.696,0.329,0.671,0,0,0.0,4,SEARCH_PHASE,1.8696,-1.1861,-33.5936,20.8489
1096,32.451,2.5682,3.3066,4.1118,1.8692,-1.1864,-0.12,3.972,39.493,39.686,36.1244,-17.5185,0.2,0.0,0.0,0.0,1.9083,-1.1921,-0.252,2.2641,-0.1026,0,0,0,0.696,0.329,0.671,0,0,0.0,4,SEARCH_PHASE,1.8692,-1.1864,-33.5562,20.8251
1097,32.494,2.6056,3.2829,4.1084,1.8694,-1.1861,-0.1676,3.968,39.449,39.642,36.1244,-17.5185,0.2,0.0,0.0,0.0,1.9073,-1.1936,-0.3,2.2699,-0.0809,0,0,0,0.697,0.33,0.67,0,0,0.0,4,SEARCH_PHASE,1.8694,-1.1861,-33.5188,20.8014
1098,32.545,2.6429,3.2592,4.1041,1.8683,-1.1865,-0.2154,3.964,39.405,39.598,36.1244,-17.5185,0.2,0.0,0.0,0.0,1.9069,-1.1942,-0.348,2.2768,-0.092,0,0,0,0.698,0.33,0.67,0,0,0.0,4,SEARCH_PHASE,1.8683,-1.1865,-33.4815,20.7777
1099,32.585,2.6803,3.2355,4.0988,1.8676,-1.1865,-0.2633,3.959,39.36,39.553,36.1244,-17.5185,0.2,0.0,0.0,0.0,1.9069,-1.1943,-0.396,2.2846,-0.0722,0,0,0,0.7,0.329,0.671,0,0,0.0,4,SEARCH_PHASE,1.8676,-1.1865,-33.4441,20.754
1100,32.618,2.7176,3.2117,4.0926,1.8664,-1.1867,-0.3107,3.953,39.316,39.508,36.1244,-17.5185,0.2,0.0,0.0,0.0,1.906,-1.1957,-0.444,2.2934,-0.0937,0,0,0,0.7,0.334,0.666,0,0,0.0,4,SEARCH_PHASE,1.8664,-1.1867,-33.4068,20.7302
1101,32.647,2.755,3.188,4.0855,1.8664,-1.186,-0.3582,3.945,39.272,39.464,36.1244,-17.5185,0.2,0.0,0.0,0.0,1.9057,-1.1962,-0.492,2.3032,-0.0741,0,0,0,0.704,0.331,0.669,0,0,0.0,4,SEARCH_PHASE,1.8664,-1.186,-33.3695,20.7065
1102,32.675,2.7923,3.1643,4.0773,1.8656,-1.1857,-0.4058,3.937,39.228,39.419,36.1244,-17.5185,0.2,0.0,0.0,0.0,1.9051,-1.197,-0.54,2.3139,-0.0957,0,0,0,0.703,0.331,0.669,0,0,0.0,4,SEARCH_PHASE,1.8656,-1.1857,-33.3321,20.6828
1103,32.702,2.8296,3.1406,4.0683,1.8658,-1.1847,-0.4534,3.928,39.183,39.374,36.1244,-17.5185,0.2,0.0,0.0,0.0,1.9039,-1.1991,-0.588,2.3256,-0.0762,0,0,0,0.71,0.339,0.661,0,0,0.0,4,SEARCH_PHASE,1.8658,-1.1847,-33.2948,20.6591
1104,32.73,2.8669,3.1169,4.0583,1.8649,-1.184,-0.501,3.918,39.139,39.329,36.1244,-17.5185,0.2,0.0,0.0,0.0,1.9019,-1.2023,-0.636,2.3382,-0.099,0,0,0,0.717,0.329,0.671,0,0,0.0,4,SEARCH_PHASE,1.8649,-1.184,-33.2575,20.6354
1105,32.768,2.9042,3.0933,4.0473,1.8647,-1.1828,-0.5486,3.907,39.095,39.284,36.1244,-17.5185,0.2,0.0,0.0,0.0,1.8995,-1.2061,-0.684,2.3517,-0.0797,0,0,0,0.712,0.341,0.659,0,0,0.0,4,SEARCH_PHASE,1.8647,-1.1828,-33.2202,20.6118
1106,32.825,2.9414,3.0696,4.0354,1.8633,-1.1822,-0.5963,3.895,39.051,39.239,36.1244,-17.5185,0.2,0.0,0.0,0.0,1.8992,-1.2064,-0.732,2.3661,-0.1022,0,0,0,0.724,0.329,0.671,0,0,0.0,4,SEARCH_PHASE,1.8633,-1.1822,-33.183,20.5881
1107,32.871,2.9787,3.046,4.0225,1.8627,-1.1811,-0.6439,3.882,39.007,39.194,36.1244,-17.5185,0.2,0.0,0.0,0.0,1.8959,-1.2116,-0.78,2.3814,-0.083,0,0,0,0.725,0.334,0.666,0,0,0.0,4,SEARCH_PHASE,1.8627,-1.1811,-33.1457,20.5645
1108,32.909,3.0159,3.0224,4.0087,1.8608,-1.1808,-0.6916,3.869,38.963,39.149,36.1244,-17.5185,0.2,0.0,0.0,0.0,1.896,-1.2115,-0.828,2.3975,-0.1069,0,0,0,0.729,0.33,0.67,0,0,0.0,4,SEARCH_PHASE,1.8608,-1.1808,-33.1085,20.5409
1109,32.945,3.0531,2.9988,3.9939,1.8596,-1.1803,-0.7392,3.854,38.919,39.103,36.1244,-17.5185,0.2,0.0,0.0,0.0,1.891,-1.2192,-0.876,2.4145,-0.0879,0,0,0,0.731,0.338,0.662,0,0,0.0,4,SEARCH_PHASE,1.8596,-1.1803,-33.0713,20.5173
1110,32.98,3.0903,2.9752,3.9781,1.8574,-1.1807,-0.7868,3.838,38.875,39.058,36.1244,-17.5185,0.2,0.0,0.0,0.0,1.8893,-1.222,-0.828,2.3975,-0.1097,0,0,0,0.736,0.336,0.664,0,0,0.0,4,SEARCH_PHASE,1.8574,-1.1807,-33.0342,20.4937
1111,33.02,3.1274,2.9515,3.9622,1.857,-1.182,-0.7989,3.822,38.831,39.013,36.1244,-17.5185,0.2,0.0,0.0,0.0,1.8858,-1.2273,-0.78,2.3814,-0.088,0,0,0,0.738,0.337,0.663,0,0,0.0,4,SEARCH_PHASE,1.857,-1.182,-32.997,20.47
1112,33.051,3.1645,2.9278,3.9464,1.8555,-1.1854,-0.7888,3.806,38.787,38.967,36.1244,-17.5185,0.2,0.0,0.0,0.0,1.8823,-1.2326,-0.732,2.3661,-0.1035,0,0,0,0.743,0.338,0.662,0,0,0.0,4,SEARCH_PHASE,1.8555,-1.1854,-32.9599,20.4463
1113,33.098,3.2016,2.904,3.9311,1.8555,-1.1893,-0.7646,3.791,38.743,38.922,36.1244,-17.5185,0.2,0.0,0.0,0.0,1.8762,-1.2419,-0.684,2.3517,-0.0797,0,0,0,0.744,0.34,0.66,0,0,0.0,4,SEARCH_PHASE,1.8555,-1.1893,-32.9228,20.4225
1114,33.146,3.2387,2.8801,3.9165,1.8535,-1.1945,-0.7317,3.776,38.699,38.877,36.1244,-17.5185,0.2,0.0,0.0,0.0,1.8735,-1.246,-0.636,2.3382,-0.1066,0,0,0,0.748,0.338,0.662,0,0,0.0,4,SEARCH_PHASE,1.8535,-1.1945,-32.8857,20.3986
1115,33.179,3.2757,2.8562,3.9026,1.8529,-1.199,-0.6933,3.763,38.654,38.831,36.1244,-17.5185,0.2,0.0,0.0,0.0,1.8678,-1.2546,-0.588,2.3256,-0.0821,0,0,0,0.751,0.342,0.658,0,0,0.0,4,SEARCH_PHASE,1.8529,-1.199,-32.8487,20.3747
1116,33.212,3.3127,2.8321,3.8896,1.8497,-1.205,-0.6515,3.75,38.61,38.786,36.1244,-17.5185,0.2,0.0,0.0,0.0,1.8587,-1.2679,-0.54,2.3139,-0.1094,0,0,0,0.749,0.34,0.66,0,0,0.0,4,SEARCH_PHASE,1.8497,-1.205,-32.8117,20.3506
1117,33.248,3.3497,2.8078,3.8774,1.8474,-1.2103,-0.6074,3.737,38.566,38.741,36.1244,-17.5185,0.2,0.0,0.0,0.0,1.8556,-1.2725,-0.492,2.3032,-0.085,0,0,0,0.753,0.341,0.659,0,0,0.0,4,SEARCH_PHASE,1.8474,-1.2103,-32.7747,20.3263
1118,33.279,3.3865,2.7835,3.8662,1.8418,-1.2172,-0.5623,3.726,38.522,38.696,36.1244,-17.5185,0.2,0.0,0.0,0.0,1.8426,-1.2912,-0.444,2.2934,-0.115,0,0,0,0.752,0.337,0.663,0,0,0.0,4,SEARCH_PHASE,1.8418,-1.2172,-32.7379,20.302
1119,33.31,3.4232,2.759,3.8558,1.8367,-1.2235,-0.5159,3.716,38.478,38.651,36.1244,-17.5185,0.2,0.0,0.0,0.0,1.837,-1.2992,-0.396,2.2846,-0.0909,0,0,0,0.758,0.346,0.654,0,0,0.0,4,SEARCH_PHASE,1.8367,-1.2235,-32.7012,20.2775
1120,33.343,3.4599,2.7344,3.8464,1.8305,-1.2319,-0.4698,3.706,38.434,38.606,36.1244,-17.5185,0.2,0.0,0.0,0.0,1.8275,-1.3125,-0.348,2.2768,-0.1135,0,0,0,0.759,0.344,0.656,0,0,0.0,4,SEARCH_PHASE,1.8305,-1.2319,-32.6645,20.2529
1121,33.372,3.4964,2.7096,3.838,1.8271,-1.2401,-0.4225,3.698,38.39,38.562,36.1244,-17.5185,0.2,0.0,0.0,0.0,1.799,-1.3512,-0.3,2.2698,-0.0831,0,0,0,0.766,0.345,0.655,0,0,0.0,4,SEARCH_PHASE,1.8271,-1.2401,-32.628,20.2281
1122,33.405,3.5328,2.6846,3.8305,1.8223,-1.2505,-0.3749,3.691,38.345,38.517,36.1244,-17.5185,0.2,0.0,0.0,0.0,1.7792,-1.3774,-0.252,2.2641,-0.1059,0,0,0,0.765,0.344,0.656,0,0,0.0,4,SEARCH_PHASE,1.8223,-1.2505,-32.5916,20.2031
1123,33.443,3.5692,2.6594,3.824,1.8194,-1.2606,-0.327,3.684,38.301,38.472,36.1244,-17.5185,0.2,0.0,0.0,0.0,1.7491,-1.4148,-0.204,2.2588,-0.0781,0,0,0,0.771,0.344,0.656,0,0,0.0,4,SEARCH_PHASE,1.8194,-1.2606,-32.5552,20.1779
1124,33.475,3.6055,2.6339,3.8184,1.814,-1.2728,-0.2791,3.678,38.257,38.428,36.1244,-17.5185,0.2,0.0,0.0,0.0,1.7373,-1.4298,-0.156,2.2554,-0.1,0,0,0,0.77,0.345,0.655,0,0,0.0,4,SEARCH_PHASE,1.814,-1.2728,-32.5189,20.1524
1125,33.508,3.6417,2.6082,3.8137,1.8099,-1.2849,-0.2317,3.674,38.213,38.383,36.1244,-17.5185,0.2,0.0,0.0,0.0,1.7063,-1.4665,-0.108,2.2524,-0.0794,0,0,0,0.772,0.349,0.651,0,0,0.0,4,SEARCH_PHASE,1.8099,-1.2849,-32.4827,20.1267
1126,33.543,3.6778,2.5822,3.8101,1.8027,-1.2993,-0.1835,3.67,38.168,38.339,36.1244,-17.5185,0.2,0.0,0.0,0.0,1.6744,-1.5024,-0.06,2.2505,-0.108,0,0,0,0.767,0.347,0.653,0,0,0.0,4,SEARCH_PHASE,1.8027,-1.2993,-32.4466,20.1007
1127,33.572,3.7137,2.556,3.8074,1.7968,-1.3136,-0.1349,3.667,38.124,38.294,36.1244,-17.5185,0.2,0.0,0.0,0.0,1.6411,-1.5369,-0.012,2.2484,-0.0882,0,0,0,0.777,0.346,0.654,0,0,0.0,4,SEARCH_PHASE,1.7968,-1.3136,-32.4107,20.0745
1128,33.603,3.7495,2.5293,3.8056,1.7877,-1.3303,-0.0869,3.666,38.08,38.25,36.1244,-17.5185,0.2,0.0,0.0,0.0,1.6051,-1.5687,0.036,2.2446,-0.1078,0,0,0,0.78,0.342,0.658,0,0,0.0,4,SEARCH_PHASE,1.7877,-1.3303,-32.3749,20.0479
1129,33.634,3.785,2.5024,3.8049,1.7794,-1.347,-0.039,3.665,38.035,38.206,36.1244,-17.5185,0.2,0.0,0.0,0.0,1.5648,-1.5948,0.084,2.2359,-0.0813,0,0,0,0.783,0.342,0.658,0,0,0.0,4,SEARCH_PHASE,1.7794,-1.347,-32.3394,20.0209
1130,33.665,3.8204,2.4751,3.8051,1.7678,-1.3661,0.0099,3.665,37.991,38.161,36.1244,-17.5185,0.2,0.0,0.0,0.0,1.5265,-1.6237,0.132,2.2325,-0.1044,0,0,0,0.78,0.326,0.674,0,0,0.0,4,SEARCH_PHASE,1.7678,-1.3661,-32.304,19.9936
1131,33.693,3.8555,2.4474,3.8062,1.7544,-1.3853,0.0593,3.666,37.946,38.117,36.1244,-17.5185,0.2,0.0,0.0,0.0,1.4892,-1.6539,0.18,2.2328,-0.0803,0,0,0,0.78,0.332,0.668,0,0,0.0,4,SEARCH_PHASE,1.7544,-1.3853,-32.2689,19.9659
1132,33.725,3.8902,2.4192,3.8084,1.7347,-1.4068,0.108,3.668,37.902,38.073,36.1244,-17.5185,0.2,0.0,0.0,0.0,1.4471,-1.6769,0.228,2.2267,-0.1042,0,0,0,0.789,0.326,0.674,0,0,0.0,4,SEARCH_PHASE,1.7347,-1.4068,-32.2342,19.9377
1133,33.761,3.9244,2.3907,3.8115,1.7128,-1.4284,0.1572,3.672,37.858,38.03,36.1244,-17.5185,0.2,0.0,0.0,0.0,1.4038,-1.6977,0.276,2.2202,-0.0818,0,0,0,0.79,0.329,0.671,0,0,0.0,4,SEARCH_PHASE,1.7128,-1.4284,-32.2,19.9092
1134,33.792,3.9581,2.3616,3.8157,1.685,-1.4527,0.2056,3.676,37.814,37.986,36.1244,-17.5185,0.2,0.0,0.0,0.0,1.3607,-1.7188,0.324,2.216,-0.1018,0,0,0,0.785,0.331,0.669,0,0,0.0,4,SEARCH_PHASE,1.685,-1.4527,-32.1663,19.8801
1135,33.827,3.9912,2.3321,3.8207,1.6553,-1.4775,0.2542,3.681,37.77,37.943,36.1244,-17.5185,0.2,0.0,0.0,0.0,1.3182,-1.7411,0.372,2.2153,-0.0808,0,0,0,0.792,0.329,0.671,0,0,0.0,4,SEARCH_PHASE,1.6553,-1.4775,-32.1332,19.8506
1136,33.863,4.0236,2.302,3.8268,1.6192,-1.505,0.3014,3.727,37.727,37.901,36.1244,-17.5185,0.2,0.0,0.0,0.0,1.3323,-1.787,0.42,2.2682,-0.0796,0,0,0,0.793,0.327,0.673,0,0,0.0,4,SEARCH_PHASE,1.6192,-1.505,-32.1008,19.8205
1137,33.893,4.0552,2.2713,3.8337,1.581,-1.533,0.3477,3.734,37.684,37.859,36.1244,-17.5185,0.2,0.0,0.0,0.0,1.379,-1.7759,0.468,2.2966,-0.0769,0,0,0,0.791,0.32,0.68,0,0,0.0,4,SEARCH_PHASE,1.581,-1.533,-32.0692,19.7898
1138,33.927,4.086,2.2401,3.8416,1.5397,-1.5615,0.3917,3.742,37.641,37.817,36.1244,-17.5185,0.2,0.0,0.0,0.0,1.3344,-1.7937,0.516,2.2944,-0.1079,0,0,0,0.795,0.322,0.678,0,0,0.0,4,SEARCH_PHASE,1.5397,-1.5615,-32.0384,19.7586
1139,33.958,4.116,2.2083,3.8503,1.4989,-1.5906,0.437,3.75,37.599,37.776,36.1244,-17.5185,0.2,0.0,0.0,0.0,1.2918,-1.8158,0.564,2.2987,-0.0657,0,0,0,0.798,0.327,0.673,0,0,0.0,4,SEARCH_PHASE,1.4989,-1.5906,-32.0084,19.7268
1140,33.987,4.1452,2.1758,3.86,1.4614,-1.6228,0.4832,3.76,37.557,37.735,36.1244,-17.5185,0.2,0.0,0.0,0.0,1.2515,-1.842,0.612,2.3095,-0.0831,0,0,0,0.796,0.333,0.667,0,0,0.0,4,SEARCH_PHASE,1.4614,-1.6228,-31.9792,19.6943
1141,34.016,4.1737,2.1427,3.8706,1.4248,-1.6535,0.53,3.771,37.515,37.695,36.1244,-17.5185,0.2,0.0,0.0,0.0,1.2094,-1.865,0.66,2.3188,-0.0605,0,0,0,0.8,0.33,0.67,0,0,0.0,4,SEARCH_PHASE,1.4248,-1.6535,-31.9507,19.6612
1142,34.047,4.2014,2.109,3.8821,1.3846,-1.685,0.5765,3.782,37.474,37.655,36.1244,-17.5185,0.2,0.0,0.0,0.0,1.1644,-1.8818,0.708,2.3234,-0.1097,0,0,0,0.797,0.319,0.681,0,0,0.0,4,SEARCH_PHASE,1.3846,-1.685,-31.923,19.6275
1143,34.076,4.2283,2.0747,3.8946,1.3454,-1.7151,0.6235,3.795,37.433,37.615,36.1244,-17.5185,0.2,0.0,0.0,0.0,1.1188,-1.8967,0.756,2.3282,-0.067,0,0,0,0.801,0.326,0.674,0,0,0.0,4,SEARCH_PHASE,1.3454,-1.7151,-31.8961,19.5932
1144,34.106,4.2545,2.0398,3.908,1.3092,-1.7482,0.6704,3.808,37.393,37.576,36.1244,-17.5185,0.2,0.0,0.0,0.0,1.1633,-1.8788,0.804,2.3515,-0.0558,0,0,0,0.798,0.322,0.678,0,0,0.0,4,SEARCH_PHASE,1.3092,-1.7482,-31.8699,19.5583
1145,34.138,4.28,2.0042,3.9223,1.2739,-1.7793,0.7154,3.822,37.352,37.537,36.1244,-17.5185,0.2,0.0,0.0,0.0,1.2053,-1.8554,0.852,2.3709,-0.033,0,0,0,0.797,0.315,0.685,0,0,0.0,4,SEARCH_PHASE,1.2739,-1.7793,-31.8444,19.5227
1146,34.171,4.3047,1.968,3.9375,1.2358,-1.8082,0.759,3.837,37.312,37.499,36.1244,-17.5185,0.2,0.0,0.0,0.0,1.1821,-1.8974,0.9,2.4099,-0.083,0,0,0,0.8,0.326,0.674,0,0,0.0,4,SEARCH_PHASE,1.2358,-1.8082,-31.8197,19.4865
1147,34.203,4.3287,1.9314,3.9535,1.199,-1.8328,0.8045,3.854,37.273,37.461,36.1244,-17.5185,0.2,0.0,0.0,0.0,1.2239,-1.8739,0.948,2.4307,-0.0422,0,0,0,0.799,0.321,0.679,0,0,0.0,4,SEARCH_PHASE,1.199,-1.8328,-31.7957,19.4499
1148,34.238,4.352,1.8942,3.9706,1.1663,-1.8574,0.8503,3.871,37.234,37.424,36.1244,-17.5185,0.2,0.0,0.0,0.0,1.185,-1.9021,0.996,2.4524,-0.0832,0,0,0,0.802,0.33,0.67,0,0,0.0,4,SEARCH_PHASE,1.1663,-1.8574,-31.7724,19.4127
1149,34.269,4.3747,1.8567,3.9885,1.1351,-1.878,0.8978,3.889,37.195,37.387,36.1244,-17.5185,0.2,0.0,0.0,0.0,1.1473,-1.9318,1.044,2.4775,-0.0566,0,0,0,0.8,0.325,0.675,0,0,0.0,4,SEARCH_PHASE,1.1351,-1.878,-31.7497,19.3752
1150,34.303,4.3969,1.8187,4.0074,1.1075,-1.8984,0.9469,3.907,37.156,37.351,36.1244,-17.5185,0.2,0.0,0.0,0.0,1.1878,-1.9059,1.092,2.4971,-0.0838,0,0,0,0.796,0.317,0.683,0,0,0.0,4,SEARCH_PHASE,1.1075,-1.8984,-31.7275,19.3372
1151,34.339,4.4186,1.7804,4.0273,1.0849,-1.9152,0.9948,3.927,37.117,37.314,36.1244,-17.5185,0.2,0.0,0.0,0.0,1.2288,-1.8811,1.14,2.5196,-0.0647,0,0,0,0.795,0.318,0.682,0,0,0.0,4,SEARCH_PHASE,1.0849,-1.9152,-31.7058,19.2989
1152,34.381,4.4398,1.7418,4.0482,1.0623,-1.9307,1.0416,3.948,37.079,37.278,36.1244,-17.5185,0.2,0.0,0.0,0.0,1.1839,-1.898,1.188,2.5329,-0.0827,0,0,0,0.8,0.327,0.673,0,0,0.0,4,SEARCH_PHASE,1.0623,-1.9307,-31.6846,19.2603
1153,34.416,4.4607,1.7029,4.07,1.0437,-1.9429,1.0912,3.97,37.041,37.243,36.1244,-17.5185,0.2,0.0,0.0,0.0,1.138,-1.912,1.236,2.5453,-0.0655,0,0,0,0.804,0.33,0.67,0,0,0.0,4,SEARCH_PHASE,1.0437,-1.9429,-31.6637,19.2214
1154,34.45,4.4813,1.6639,4.0928,1.0323,-1.9532,1.1414,3.993,37.003,37.208,36.1244,-17.5185,0.2,0.0,0.0,0.0,1.0945,-1.9323,1.284,2.5652,-0.0918,0,0,0,0.803,0.33,0.67,0,0,0.0,4,SEARCH_PHASE,1.0323,-1.9532,-31.6431,19.1824
1155,34.485,4.5018,1.6247,4.1166,1.0248,-1.96,1.191,4.017,36.965,37.172,36.1244,-17.5185,0.2,0.0,0.0,0.0,1.0532,-1.9568,1.332,2.5908,-0.0653,0,0,0,0.798,0.328,0.672,0,0,0.0,4,SEARCH_PHASE,1.0248,-1.96,-31.6226,19.1432
1156,34.518,4.5222,1.5853,4.1415,1.0169,-1.966,1.2404,4.041,36.928,37.137,36.1244,-17.5185,0.2,0.0,0.0,0.0,1.0269,-1.9969,1.38,2.6356,-0.0921,0,0,0,0.793,0.327,0.673,0,0,0.0,4,SEARCH_PHASE,1.0169,-1.966,-31.6022,19.1038
1157,34.548,4.5424,1.546,4.1672,1.0124,-1.9687,1.2894,4.067,36.89,37.103,36.1244,-17.5185,0.2,0.0,0.0,0.0,1.0691,-1.9741,1.428,2.6606,-0.0858,0,0,0,0.796,0.332,0.668,0,0,0.0,4,SEARCH_PHASE,1.0124,-1.9687,-31.582,19.0645
1158,34.577,4.5626,1.5065,4.194,1.0068,-1.9709,1.3377,4.094,36.852,37.068,36.1244,-17.5185,0.2,0.0,0.0,0.0,1.1098,-1.9487,1.476,2.6847,-0.094,0,0,0,0.794,0.33,0.67,0,0,0.0,4,SEARCH_PHASE,1.0068,-1.9709,-31.5618,19.025
1159,34.606,4.5826,1.4671,4.2217,1.0038,-1.9721,1.3858,4.122,36.815,37.034,36.1244,-17.5185,0.2,0.0,0.0,0.0,1.1493,-1.9213,1.524,2.7083,-0.0673,0,0,0,0.793,0.325,0.675,0,0,0.0,4,SEARCH_PHASE,1.0038,-1.9721,-31.5418,18.9856
1160,34.638,4.6026,1.4276,4.2504,0.9995,-1.9731,1.4337,4.15,36.777,37.0,36.1244,-17.5185,0.2,0.0,0.0,0.0,1.1887,-1.894,1.572,2.7334,-0.1041,0,0,0,0.793,0.33,0.67,0,0,0.0,4,SEARCH_PHASE,0.9995,-1.9731,-31.5218,18.9461
1161,34.668,4.6226,1.3882,4.28,0.9979,-1.9715,1.4819,4.18,36.74,36.966,36.1244,-17.5185,0.2,0.0,0.0,0.0,1.2294,-1.8685,1.62,2.7618,-0.0588,0,0,0,0.786,0.318,0.682,0,0,0.0,4,SEARCH_PHASE,0.9979,-1.9715,-31.5018,18.9067
1162,34.697,4.6426,1.3488,4.3106,0.9994,-1.9708,1.53,4.211,36.703,36.932,36.1244,-17.5185,0.2,0.0,0.0,0.0,1.271,-1.8446,1.668,2.7929,-0.078,0,0,0,0.788,0.32,0.68,0,0,0.0,4,SEARCH_PHASE,0.9994,-1.9708,-31.4818,18.8673
1163,34.725,4.6626,1.3095,4.3422,1.0017,-1.9667,1.5787,4.242,36.665,36.898,36.1244,-17.5185,0.2,0.0,0.0,0.0,1.2323,-1.8729,1.7,2.8136,-0.0424,0,0,0,0.794,0.318,0.682,0,0,0.0,4,SEARCH_PHASE,1.0017,-1.9667,-31.4618,18.828
1164,34.755,4.6828,1.2702,4.3746,1.0077,-1.9611,1.6216,4.275,36.628,36.865,36.1244,-17.5185,0.2,0.0,0.0,0.0,1.2721,-1.8462,1.7,2.8137,-0.0706,0,0,0,0.789,0.315,0.685,0,0,0.0,4,SEARCH_PHASE,1.0077,-1.9611,-31.4416,18.7887
1165,34.783,4.7031,1.2312,4.4076,1.0178,-1.9511,1.648,4.308,36.59,36.831,36.1244,-17.5185,0.2,0.0,0.0,0.0,1.3124,-1.8201,1.7,2.8152,-0.0668,0,0,0,0.787,0.319,0.681,0,0,0.0,4,SEARCH_PHASE,1.0178,-1.9511,-31.4213,18.7497
1166,34.811,4.7237,1.1924,4.4409,1.028,-1.9392,1.666,4.341,36.553,36.798,36.1244,-17.5185,0.2,0.0,0.0,0.0,1.2745,-1.8494,1.7,2.8169,-0.1041,0,0,0,0.789,0.315,0.685,0,0,0.0,4,SEARCH_PHASE,1.028,-1.9392,-31.4007,18.7109
1167,34.839,4.7445,1.1539,4.4744,1.0413,-1.9255,1.6767,4.374,36.515,36.765,36.1244,-17.5185,0.2,0.0,0.0,0.0,1.3152,-1.8241,1.7,2.8191,-0.0617,0,0,0,0.784,0.315,0.685,0,0,0.0,4,SEARCH_PHASE,1.0413,-1.9255,-31.3799,18.6724
1168,34.869,4.7657,1.1157,4.5081,1.0579,-1.9123,1.6838,4.408,36.477,36.731,36.1244,-17.5185,0.2,0.0,0.0,0.0,1.2761,-1.8519,1.7,2.8192,-0.1042,0,0,0,0.785,0.324,0.676,0,0,0.0,4,SEARCH_PHASE,1.0579,-1.9123,-31.3587,18.6342
1169,34.898,4.7872,1.0778,4.5419,1.0756,-1.8964,1.6869,4.442,36.44,36.697,36.1244,-17.5185,0.2,0.0,0.0,0.0,1.3154,-1.8243,1.7,2.8193,-0.1046,0,0,0,0.784,0.322,0.678,0,0,0.0,4,SEARCH_PHASE,1.0756,-1.8964,-31.3372,18.5963
1170,34.928,4.8091,1.0401,4.5756,1.0965,-1.8807,1.6892,4.476,36.402,36.664,36.1244,-17.5185,0.2,0.0,0.0,0.0,1.3326,-1.8129,1.7,2.82,-0.0736,0,0,0,0.788,0.335,0.665,0,0,0.0,4,SEARCH_PHASE,1.0965,-1.8807,-31.3153,18.5586
1171,34.957,4.8315,1.0028,4.6095,1.1179,-1.8654,1.6906,4.509,36.363,36.63,36.1244,-17.5185,0.2,0.0,0.0,0.0,1.3708,-1.7838,1.652,2.7911,-0.1021,0,0,0,0.786,0.333,0.667,0,0,0.0,4,SEARCH_PHASE,1.1179,-1.8654,-31.2929,18.5213
1172,34.987,4.8543,0.9658,4.6429,1.1402,-1.8497,1.674,4.543,36.325,36.596,36.1244,-17.5185,0.2,0.0,0.0,0.0,1.4084,-1.7541,1.604,2.7628,-0.0726,0,0,0,0.782,0.326,0.674,0,0,0.0,4,SEARCH_PHASE,1.1402,-1.8497,-31.2701,18.4843
1173,35.016,4.8775,0.9291,4.6759,1.1611,-1.8352,1.6467,4.576,36.286,36.561,36.1244,-17.5185,0.2,0.0,0.0,0.0,1.4449,-1.7228,1.556,2.7344,-0.1005,0,0,0,0.779,0.321,0.679,0,0,0.0,4,SEARCH_PHASE,1.1611,-1.8352,-31.2469,18.4476
1174,35.047,4.9012,0.8927,4.7081,1.1834,-1.8202,1.6122,4.608,36.247,36.527,36.1244,-17.5185,0.2,0.0,0.0,0.0,1.4584,-1.7134,1.508,2.7086,-0.0724,0,0,0,0.778,0.326,0.674,0,0,0.0,4,SEARCH_PHASE,1.1834,-1.8202,-31.2233,18.4112
1175,35.076,4.9253,0.8566,4.7396,1.2053,-1.8062,1.5728,4.64,36.208,36.492,36.1244,-17.5185,0.2,0.0,0.0,0.0,1.494,-1.6812,1.46,2.6814,-0.0805,0,0,0,0.777,0.322,0.678,0,0,0.0,4,SEARCH_PHASE,1.2053,-1.8062,-31.1991,18.3751
1176,35.107,4.9498,0.8208,4.7702,1.2293,-1.7918,1.5307,4.67,36.169,36.456,36.1244,-17.5185,0.2,0.0,0.0,0.0,1.484,-1.6912,1.412,2.6564,-0.0529,0,0,0,0.779,0.327,0.673,0,0,0.0,4,SEARCH_PHASE,1.2293,-1.7918,-31.1746,18.3393
1177,35.142,4.9749,0.7852,4.7999,1.2532,-1.7772,1.4857,4.7,36.129,36.421,36.1244,-17.5185,0.2,0.0,0.0,0.0,1.5193,-1.6587,1.364,2.6306,-0.0787,0,0,0,0.776,0.33,0.67,0,0,0.0,4,SEARCH_PHASE,1.2532,-1.7772,-31.1495,18.3037
1178,35.171,5.0005,0.75,4.8287,1.2794,-1.7613,1.4391,4.729,36.089,36.385,36.1244,-17.5185,0.2,0.0,0.0,0.0,1.5541,-1.6256,1.316,2.6057,-0.0559,0,0,0,0.773,0.33,0.67,0,0,0.0,4,SEARCH_PHASE,1.2794,-1.7613,-31.1239,18.2685
1179,35.201,5.0266,0.7151,4.8565,1.3059,-1.7451,1.3934,4.757,36.049,36.349,36.1244,-17.5185,0.2,0.0,0.0,0.0,1.5884,-1.5921,1.268,2.5818,-0.0845,0,0,0,0.771,0.325,0.675,0,0,0.0,4,SEARCH_PHASE,1.3059,-1.7451,-31.0978,18.2336
1180,35.231,5.0533,0.6805,4.8835,1.3345,-1.7276,1.3468,4.783,36.009,36.312,36.1244,-17.5185,0.2,0.0,0.0,0.0,1.6225,-1.5582,1.22,2.5591,-0.0587,0,0,0,0.77,0.328,0.672,0,0,0.0,4,SEARCH_PHASE,1.3345,-1.7276,-31.0711,18.199
1181,35.262,5.0806,0.6463,4.9095,1.3631,-1.7099,1.3004,4.809,35.968,36.275,36.1244,-17.5185,0.2,0.0,0.0,0.0,1.6553,-1.5232,1.172,2.5365,-0.0696,0,0,0,0.77,0.325,0.675,0,0,0.0,4,SEARCH_PHASE,1.3631,-1.7099,-31.0438,18.1648
1182,35.291,5.1084,0.6125,4.9346,1.3935,-1.6911,1.2536,4.835,35.927,36.237,36.1244,-17.5185,0.2,0.0,0.0,0.0,1.6862,-1.4897,1.124,2.5151,-0.0433,0,0,0,0.772,0.326,0.674,0,0,0.0,4,SEARCH_PHASE,1.3935,-1.6911,-31.016,18.131
1183,35.323,5.1369,0.5791,4.9587,1.424,-1.671,1.2069,4.859,35.885,36.199,36.1244,-17.5185,0.2,0.0,0.0,0.0,1.7175,-1.4533,1.076,2.4939,-0.0736,0,0,0,0.769,0.326,0.674,0,0,0.0,4,SEARCH_PHASE,1.424,-1.671,-30.9875,18.0976
1184,35.353,5.1661,0.5461,4.9819,1.4565,-1.6485,1.1596,4.882,35.843,36.161,36.1244,-17.5185,0.2,0.0,0.0,0.0,1.725,-1.4446,1.028,2.4737,-0.0469,0,0,0,0.767,0.325,0.675,0,0,0.0,4,SEARCH_PHASE,1.4565,-1.6485,-30.9584,18.0646
1185,35.388,5.1958,0.5136,5.0041,1.4883,-1.6252,1.1112,4.904,35.801,36.122,36.1244,-17.5185,0.2,0.0,0.0,0.0,1.7548,-1.407,0.98,2.4535,-0.078,0,0,0,0.734,0.321,0.679,0,0,0.0,4,SEARCH_PHASE,1.4883,-1.6252,-30.9286,18.0321
1186,35.422,5.2263,0.4816,5.0254,1.5219,-1.5996,1.0627,4.925,35.759,36.083,36.1244,-17.5185,0.2,0.0,0.0,0.0,1.7847,-1.3695,0.932,2.435,-0.0505,0,0,0,0.732,0.322,0.678,0,0,0.0,4,SEARCH_PHASE,1.5219,-1.5996,-30.8982,18.0001
1187,35.453,5.2574,0.4502,5.0457,1.5549,-1.573,1.0146,4.946,35.716,36.043,36.1244,-17.5185,0.2,0.0,0.0,0.0,1.8137,-1.3312,0.884,2.4172,-0.0812,0,0,0,0.729,0.319,0.681,0,0,0.0,4,SEARCH_PHASE,1.5549,-1.573,-30.8671,17.9687
1188,35.484,5.2891,0.4193,5.065,1.5892,-1.5442,0.9664,4.965,35.673,36.003,36.1244,-17.5185,0.2,0.0,0.0,0.0,1.8308,-1.3079,0.836,2.4003,-0.0534,0,0,0,0.731,0.325,0.675,0,0,0.0,4,SEARCH_PHASE,1.5892,-1.5442,-30.8353,17.9378
1189,35.515,5.3216,0.389,5.0833,1.6223,-1.5147,0.9179,4.983,35.63,35.963,36.1244,-17.5185,0.2,0.0,0.0,0.0,1.8325,-1.3056,0.788,2.384,-0.0858,0,0,0,0.728,0.327,0.673,0,0,0.0,4,SEARCH_PHASE,1.6223,-1.5147,-30.8028,17.9075
1190,35.546,5.3547,0.3593,5.1007,1.6558,-1.4836,0.8671,5.001,35.586,35.922,36.1244,-17.5185,0.2,0.0,0.0,0.0,1.8208,-1.3218,0.74,2.3686,-0.0718,0,0,0,0.728,0.324,0.676,0,0,0.0,4,SEARCH_PHASE,1.6558,-1.4836,-30.7697,17.8778
1191,35.578,5.3885,0.3303,5.117,1.6875,-1.4522,0.8146,5.017,35.543,35.881,36.1244,-17.5185,0.2,0.0,0.0,0.0,1.846,-1.2864,0.692,2.354,-0.0875,0,0,0,0.722,0.315,0.685,0,0,0.0,4,SEARCH_PHASE,1.6875,-1.4522,-30.736,17.8488
1192,35.609,5.4228,0.3019,5.1323,1.719,-1.4193,0.7643,5.032,35.499,35.84,36.1244,-17.5185,0.2,0.0,0.0,0.0,1.8728,-1.2467,0.644,2.3402,-0.0995,0,0,0,0.718,0.31,0.69,0,0,0.0,4,SEARCH_PHASE,1.719,-1.4193,-30.7016,17.8204
1193,35.641,5.4578,0.2742,5.1466,1.7482,-1.3866,0.7154,5.047,35.454,35.798,36.1244,-17.5185,0.2,0.0,0.0,0.0,1.8854,-1.2279,0.596,2.3276,-0.0779,0,0,0,0.713,0.308,0.692,0,0,0.0,4,SEARCH_PHASE,1.7482,-1.3866,-30.6666,17.7927
1194,35.673,5.4933,0.2471,5.1599,1.7761,-1.3557,0.667,5.06,35.41,35.756,36.1244,-17.5185,0.2,0.0,0.0,0.0,1.881,-1.2346,0.548,2.3158,-0.1066,0,0,0,0.726,0.299,0.701,0,0,0.0,4,SEARCH_PHASE,1.7761,-1.3557,-30.6311,17.7656
1195,35.706,5.5294,0.2205,5.1723,1.8035,-1.3255,0.6172,5.072,35.366,35.713,36.1244,-17.5185,0.2,0.0,0.0,0.0,1.8782,-1.239,0.5,2.3049,-0.0734,0,0,0,0.725,0.301,0.699,0,0,0.0,4,SEARCH_PHASE,1.8035,-1.3255,-30.595,17.739
1196,35.737,5.566,0.1946,5.1836,1.8284,-1.2971,0.5675,5.084,35.321,35.671,36.1244,-17.5185,0.2,0.0,0.0,0.0,1.8721,-1.2481,0.452,2.295,-0.1062,0,0,0,0.72,0.294,0.706,0,0,0.0,4,SEARCH_PHASE,1.8284,-1.2971,-30.5585,17.7131
1197,35.769,5.603,0.1692,5.194,1.8515,-1.2687,0.5177,5.094,35.276,35.628,36.1244,-17.5185,0.2,0.0,0.0,0.0,1.8772,-1.2405,0.404,2.286,-0.1161,0,0,0,0.728,0.307,0.693,0,0,0.0,4,SEARCH_PHASE,1.8515,-1.2687,-30.5214,17.6877
1198,35.799,5.6404,0.1444,5.2033,1.8726,-1.2418,0.4692,5.103,35.231,35.585,36.1244,-17.5185,0.2,0.0,0.0,0.0,1.8869,-1.2256,0.356,2.278,-0.0864,0,0,0,0.717,0.294,0.706,0,0,0.0,4,SEARCH_PHASE,1.8726,-1.2418,-30.484,17.6629
1199,35.831,5.6782,0.12,5.2118,1.8898,-1.2176,0.422,5.112,35.186,35.542,36.1244,-17.5185,0.2,0.0,0.0,0.0,1.8815,-1.2338,0.308,2.271,-0.1176,0,0,0,0.722,0.291,0.709,0,0,0.0,4,SEARCH_PHASE,1.8898,-1.2176,-30.4462,17.6385
1200,35.861,5.7163,0.0961,5.2193,1.9046,-1.1951,0.3741,5.119,35.142,35.498,36.1244,-17.5185,0.2,0.0,0.0,0.0,1.9007,-1.2042,0.26,2.265,-0.0987,0,0,0,0.724,0.285,0.715,0,0,0.0,4,SEARCH_PHASE,1.9046,-1.1951,-30.4081,17.6146
1201,35.891,5.7547,0.0726,5.2258,1.9185,-1.1758,0.3282,5.126,35.097,35.455,36.1244,-17.5185,0.2,0.0,0.0,0.0,1.9073,-1.1936,0.212,2.26,-0.0878,0,0,0,0.721,0.287,0.713,0,0,0.0,4,SEARCH_PHASE,1.9185,-1.1758,-30.3697,17.5911
1202,35.922,5.7933,0.0494,5.2315,1.9295,-1.1591,0.2822,5.131,35.052,35.411,36.1244,-17.5185,0.2,0.0,0.0,0.0,1.9207,-1.1719,0.164,2.256,-0.1119,0,0,0,0.715,0.285,0.715,0,0,0.0,4,SEARCH_PHASE,1.9295,-1.1591,-30.3311,17.5679
1203,35.949,5.8321,0.0266,5.2362,1.9399,-1.1443,0.2364,5.136,35.006,35.367,36.1244,-17.5185,0.2,0.0,0.0,0.0,1.9304,-1.1559,0.116,2.253,-0.0884,0,0,0,0.711,0.286,0.714,0,0,0.0,4,SEARCH_PHASE,1.9399,-1.1443,-30.2923,17.5451
1204,35.977,5.871,0.0039,5.24,1.9474,-1.1323,0.1904,5.14,34.961,35.323,36.1244,-17.5185,0.2,0.0,0.0,0.0,1.937,-1.1447,0.068,2.251,-0.079,0,0,0,0.707,0.269,0.731,0,0,0.0,4,SEARCH_PHASE,1.9474,-1.1323,-30.2534,17.5224
1205,36.006,5.9101,-0.0185,5.2429,1.9533,-1.122,0.1438,5.143,34.916,35.279,36.1244,-17.5185,0.2,0.0,0.0,0.0,1.9384,-1.1424,0.02,2.2501,-0.0969,0,0,0,0.709,0.264,0.736,0,0,0.0,4,SEARCH_PHASE,1.9533,-1.122,-30.2143,17.5
1206,36.038,5.9492,-0.0408,5.2448,1.9569,-1.1124,0.0976,5.145,34.871,35.234,36.1244,-17.5185,0.2,0.0,0.0,0.0,1.9432,-1.1342,-0.028,2.2502,-0.0736,0,0,0,0.703,0.256,0.744,0,0,0.0,4,SEARCH_PHASE,1.9569,-1.1124,-30.1752,17.4777
1207,36.068,5.9884,-0.0629,5.2459,1.9595,-1.1043,0.0512,5.146,34.826,35.19,36.1244,-17.5185,0.2,0.0,0.0,0.0,1.943,-1.1345,-0.076,2.2513,-0.1103,0,0,0,0.704,0.267,0.733,0,0,0.0,4,SEARCH_PHASE,1.9595,-1.1043,-30.136,17.4556
1208,36.102,6.0276,-0.0848,5.246,1.9597,-1.0962,0.0044,5.146,34.781,35.146,36.1244,-17.5185,0.2,0.0,0.0,0.0,1.944,-1.1328,-0.124,2.2534,-0.0842,0,0,0,0.702,0.266,0.734,0,0,0.0,4,SEARCH_PHASE,1.9597,-1.0962,-30.0968,17.4337
1209,36.133,6.0668,-0.1066,5.2451,1.9587,-1.0903,-0.0432,5.145,34.737,35.101,36.1244,-17.5185,0.2,0.0,0.0,0.0,1.9442,-1.1326,-0.172,2.2566,-0.115,0,0,0,0.702,0.266,0.734,0,0,0.0,4,SEARCH_PHASE,1.9587,-1.0903,-30.0576,17.4119
1210,36.168,6.1059,-0.1283,5.2433,1.9568,-1.0847,-0.0899,5.143,34.692,35.057,36.1244,-17.5185,0.2,0.0,0.0,0.0,1.9459,-1.1295,-0.22,2.2607,-0.0775,0,0,0,0.696,0.267,0.733,0,0,0.0,4,SEARCH_PHASE,1.9568,-1.0847,-30.0185,17.3902
1211,36.198,6.145,-0.1499,5.2406,1.9546,-1.0814,-0.1369,5.141,34.647,35.012,36.1244,-17.5185,0.2,0.0,0.0,0.0,1.9463,-1.1289,-0.268,2.2659,-0.1098,0,0,0,0.696,0.26,0.74,0,0,0.0,4,SEARCH_PHASE,1.9546,-1.0814,-29.9794,17.3686
1212,36.229,6.184,-0.1715,5.2369,1.9506,-1.0781,-0.1842,5.137,34.603,34.967,36.1244,-17.5185,0.2,0.0,0.0,0.0,1.9468,-1.128,-0.316,2.2721,-0.0829,0,0,0,0.694,0.255,0.745,0,0,0.0,4,SEARCH_PHASE,1.9506,-1.0781,-29.9404,17.347
1213,36.259,6.223,-0.193,5.2322,1.9461,-1.0768,-0.2317,5.132,34.558,34.923,36.1244,-17.5185,0.2,0.0,0.0,0.0,1.9468,-1.128,-0.364,2.2793,-0.1036,0,0,0,0.694,0.255,0.745,0,0,0.0,4,SEARCH_PHASE,1.9461,-1.0768,-29.9015,17.3255
1214,36.289,6.2618,-0.2145,5.2267,1.9414,-1.0758,-0.2791,5.127,34.514,34.878,36.1244,-17.5185,0.2,0.0,0.0,0.0,1.9468,-1.1281,-0.412,2.2874,-0.0781,0,0,0,0.693,0.249,0.751,0,0,0.0,4,SEARCH_PHASE,1.9414,-1.0758,-29.8626,17.304
1215,36.319,6.3005,-0.2361,5.2201,1.9364,-1.0765,-0.3266,5.12,34.47,34.833,36.1244,-17.5185,0.2,0.0,0.0,0.0,1.9468,-1.1281,-0.46,2.2965,-0.1016,0,0,0,0.692,0.254,0.746,0,0,0.0,4,SEARCH_PHASE,1.9364,-1.0765,-29.8239,17.2824
1216,36.348,6.3391,-0.2576,5.2126,1.9318,-1.0774,-0.374,5.113,34.425,34.788,36.1244,-17.5185,0.2,0.0,0.0,0.0,1.9467,-1.1282,-0.508,2.3066,-0.0827,0,0,0,0.692,0.244,0.756,0,0,0.0,4,SEARCH_PHASE,1.9318,-1.0774,-29.7853,17.2609
1217,36.38,6.3777,-0.2792,5.2042,1.9262,-1.0798,-0.4217,5.104,34.381,34.743,36.1244,-17.5185,0.2,0.0,0.0,0.0,1.9467,-1.1282,-0.556,2.3177,-0.0774,0,0,0,0.692,0.25,0.75,0,0,0.0,4,SEARCH_PHASE,1.9262,-1.0798,-29.7467,17.2393
1218,36.411,6.4161,-0.3009,5.1948,1.9216,-1.0826,-0.4698,5.095,34.337,34.698,36.1244,-17.5185,0.2,0.0,0.0,0.0,1.9467,-1.1282,-0.604,2.3297,-0.0792,0,0,0,0.697,0.256,0.744,0,0,0.0,4,SEARCH_PHASE,1.9216,-1.0826,-29.7083,17.2176
1219,36.442,6.4544,-0.3226,5.1845,1.9164,-1.0856,-0.5172,5.084,34.293,34.653,36.1244,-17.5185,0.2,0.0,0.0,0.0,1.9467,-1.1282,-0.652,2.3426,-0.0939,0,0,0,0.696,0.255,0.745,0,0,0.0,4,SEARCH_PHASE,1.9164,-1.0856,-29.67,17.1959
1220,36.473,6.4927,-0.3443,5.1732,1.9123,-1.0884,-0.5647,5.073,34.249,34.608,36.1244,-17.5185,0.2,0.0,0.0,0.0,1.9467,-1.1283,-0.7,2.3564,-0.0733,0,0,0,0.695,0.252,0.748,0,0,0.0,4,SEARCH_PHASE,1.9123,-1.0884,-29.6317,17.1742
1221,36.503,6.5308,-0.3662,5.1609,1.9076,-1.092,-0.6123,5.061,34.205,34.563,36.1244,-17.5185,0.2,0.0,0.0,0.0,1.9467,-1.1283,-0.748,2.3711,-0.0895,0,0,0,0.694,0.249,0.751,0,0,0.0,4,SEARCH_PHASE,1.9076,-1.092,-29.5936,17.1523
1222,36.534,6.5689,-0.3881,5.1477,1.904,-1.0953,-0.6606,5.048,34.161,34.518,36.1244,-17.5185,0.2,0.0,0.0,0.0,1.9467,-1.1283,-0.796,2.3867,-0.0716,0,0,0,0.695,0.252,0.748,0,0,0.0,4,SEARCH_PHASE,1.904,-1.0953,-29.5555,17.1304
1223,36.564,6.6069,-0.4101,5.1336,1.8995,-1.0993,-0.7082,5.034,34.117,34.472,36.1244,-17.5185,0.2,0.0,0.0,0.0,1.9467,-1.1283,-0.844,2.4031,-0.084,0,0,0,0.697,0.253,0.747,0,0,0.0,4,SEARCH_PHASE,1.8995,-1.0993,-29.5175,17.1084
1224,36.594,6.6448,-0.4321,5.1184,1.8961,-1.103,-0.7557,5.018,34.073,34.426,36.1244,-17.5185,0.2,0.0,0.0,0.0,1.9467,-1.1283,-0.892,2.4204,-0.0666,0,0,0,0.699,0.255,0.745,0,0,0.0,4,SEARCH_PHASE,1.8961,-1.103,-29.4796,17.0864
1225,36.624,6.6827,-0.4543,5.1024,1.8923,-1.1068,-0.8031,5.002,34.029,34.381,36.1244,-17.5185,0.2,0.0,0.0,0.0,1.9467,-1.1283,-0.94,2.4385,-0.0895,0,0,0,0.701,0.258,0.742,0,0,0.0,4,SEARCH_PHASE,1.8923,-1.1068,-29.4417,17.0642
1226,36.653,6.7205,-0.4765,5.0854,1.89,-1.1097,-0.8507,4.985,33.986,34.335,36.1244,-17.5185,0.2,0.0,0.0,0.0,1.9467,-1.1283,-0.988,2.4574,-0.0717,0,0,0,0.702,0.26,0.74,0,0,0.0,4,SEARCH_PHASE,1.89,-1.1097,-29.4039,17.042
1227,36.684,6.7582,-0.4987,5.0674,1.887,-1.1128,-0.8983,4.967,33.942,34.289,36.1244,-17.5185,0.2,0.0,0.0,0.0,1.9467,-1.1282,-1.036,2.4771,-0.0966,0,0,0,0.705,0.265,0.735,0,0,0.0,4,SEARCH_PHASE,1.887,-1.1128,-29.3662,17.0198
1228,36.715,6.7959,-0.521,5.0485,1.8853,-1.1152,-0.9459,4.948,33.898,34.243,36.1244,-17.5185,0.2,0.0,0.0,0.0,1.9458,-1.1297,-1.084,2.4975,-0.0785,0,0,0,0.707,0.278,0.722,0,0,0.0,4,SEARCH_PHASE,1.8853,-1.1152,-29.3285,16.9975
1229,36.746,6.8336,-0.5434,5.0286,1.8829,-1.1181,-0.9942,4.929,33.854,34.197,36.1244,-17.5185,0.2,0.0,0.0,0.0,1.9457,-1.13,-1.132,2.5187,-0.0868,0,0,0,0.706,0.274,0.726,0,0,0.0,4,SEARCH_PHASE,1.8829,-1.1181,-29.2908,16.9751
1230,36.776,6.8712,-0.5658,5.0078,1.8819,-1.1204,-1.0415,4.908,33.81,34.151,36.1244,-17.5185,0.2,0.0,0.0,0.0,1.9405,-1.1389,-1.18,2.5406,-0.0652,0,0,0,0.718,0.286,0.714,0,0,0.0,4,SEARCH_PHASE,1.8819,-1.1204,-29.2532,16.9527
1231,36.807,6.9088,-0.5882,4.986,1.8804,-1.1226,-1.0888,4.886,33.767,34.104,36.1244,-17.5185,0.2,0.0,0.0,0.0,1.9403,-1.1392,-1.228,2.5633,-0.086,0,0,0,0.717,0.279,0.721,0,0,0.0,4,SEARCH_PHASE,1.8804,-1.1226,-29.2156,16.9303
1232,36.841,6.9464,-0.6107,4.9633,1.8801,-1.1236,-1.1365,4.863,33.723,34.058,36.1244,-17.5185,0.2,0.0,0.0,0.0,1.9377,-1.1436,-1.276,2.5866,-0.0653,0,0,0,0.718,0.286,0.714,0,0,0.0,4,SEARCH_PHASE,1.8801,-1.1236,-29.178,16.9078
1233,36.872,6.984,-0.6332,4.9396,1.8791,-1.1246,-1.1839,4.84,33.679,34.011,36.1244,-17.5185,0.2,0.0,0.0,0.0,1.9352,-1.1478,-1.324,2.6106,-0.0884,0,0,0,0.718,0.286,0.714,0,0,0.0,4,SEARCH_PHASE,1.8791,-1.1246,-29.1404,16.8853
1234,36.902,7.0216,-0.6557,4.915,1.8791,-1.1246,-1.2314,4.815,33.635,33.964,36.1244,-17.5185,0.2,0.0,0.0,0.0,1.9305,-1.1558,-1.372,2.6353,-0.068,0,0,0,0.719,0.286,0.714,0,0,0.0,4,SEARCH_PHASE,1.8791,-1.1246,-29.1028,16.8628
1235,36.933,7.0592,-0.6782,4.8894,1.8785,-1.1248,-1.2788,4.789,33.591,33.917,36.1244,-17.5185,0.2,0.0,0.0,0.0,1.9266,-1.1622,-1.42,2.6606,-0.0898,0,0,0,0.719,0.287,0.713,0,0,0.0,4,SEARCH_PHASE,1.8785,-1.1248,-29.0653,16.8403
1236,36.965,7.0967,-0.7007,4.8629,1.879,-1.1241,-1.3264,4.763,33.548,33.87,36.1244,-17.5185,0.2,0.0,0.0,0.0,1.9198,-1.1734,-1.468,2.6865,-0.0771,0,0,0,0.72,0.296,0.704,0,0,0.0,4,SEARCH_PHASE,1.879,-1.1241,-29.0277,16.8178
1237,36.997,7.1343,-0.7231,4.8354,1.8786,-1.1238,-1.3739,4.735,33.504,33.823,36.1244,-17.5185,0.2,0.0,0.0,0.0,1.9213,-1.1709,-1.5,2.7042,-0.099,0,0,0,0.721,0.293,0.707,0,0,0.0,4,SEARCH_PHASE,1.8786,-1.1238,-28.9901,16.7954
1238,37.029,7.1719,-0.7456,4.8071,1.8793,-1.1234,-1.4155,4.707,33.46,33.776,36.1244,-17.5185,0.2,0.0,0.0,0.0,1.9151,-1.1811,-1.5,2.7042,-0.0784,0,0,0,0.726,0.303,0.697,0,0,0.0,4,SEARCH_PHASE,1.8793,-1.1234,-28.9525,16.7729
1239,37.06,7.2095,-0.7681,4.7782,1.879,-1.1243,-1.4416,4.678,33.416,33.728,36.1244,-17.5185,0.2,0.0,0.0,0.0,1.9133,-1.184,-1.5,2.7042,-0.1019,0,0,0,0.726,0.297,0.703,0,0,0.0,4,SEARCH_PHASE,1.879,-1.1243,-28.9149,16.7504
1240,37.09,7.2471,-0.7906,4.7491,1.8798,-1.1253,-1.4579,4.649,33.372,33.681,36.1244,-17.5185,0.2,0.0,0.0,0.0,1.9112,-1.1873,-1.5,2.7042,-0.0799,0,0,0,0.729,0.301,0.699,0,0,0.0,4,SEARCH_PHASE,1.8798,-1.1253,-28.8773,16.7279
1241,37.123,7.2846,-0.8132,4.7197,1.8788,-1.1279,-1.4682,4.62,33.329,33.634,36.1244,-17.5185,0.2,0.0,0.0,0.0,1.925,-1.1648,-1.5,2.7042,-0.1062,0,0,0,0.722,0.296,0.704,0,0,0.0,4,SEARCH_PHASE,1.8788,-1.1279,-28.8398,16.7053
1242,37.153,7.3222,-0.8358,4.6902,1.8783,-1.1305,-1.4747,4.59,33.285,33.586,36.1244,-17.5185,0.2,0.0,0.0,0.0,1.9257,-1.1636,-1.5,2.7042,-0.084,0,0,0,0.723,0.306,0.694,0,0,0.0,4,SEARCH_PHASE,1.8783,-1.1305,-28.8022,16.6827
1243,37.185,7.3597,-0.8585,4.6606,1.8762,-1.135,-1.4788,4.561,33.241,33.539,36.1244,-17.5185,0.2,0.0,0.0,0.0,1.9246,-1.1655,-1.5,2.7042,-0.058,0,0,0,0.723,0.304,0.696,0,0,0.0,4,SEARCH_PHASE,1.8762,-1.135,-28.7647,16.66
1244,37.216,7.3972,-0.8813,4.631,1.8751,-1.1397,-1.4814,4.531,33.197,33.492,36.1244,-17.5185,0.2,0.0,0.0,0.0,1.899,-1.2061,-1.5,2.7039,-0.0996,0,0,0,0.738,0.302,0.698,0,0,0.0,4,SEARCH_PHASE,1.8751,-1.1397,-28.7272,16.6372
1245,37.248,7.4347,-0.9041,4.6013,1.8732,-1.1425,-1.483,4.501,33.153,33.444,36.1244,-17.5185,0.2,0.0,0.0,0.0,1.9116,-1.1868,-1.5,2.7042,-0.0862,0,0,0,0.73,0.302,0.698,0,0,0.0,4,SEARCH_PHASE,1.8732,-1.1425,-28.6897,16.6144
1246,37.28,7.4721,-0.927,4.5717,1.8721,-1.1459,-1.4841,4.472,33.109,33.397,36.1244,-17.5185,0.2,0.0,0.0,0.0,1.8858,-1.2273,-1.5,2.7041,-0.0954,0,0,0,0.739,0.306,0.694,0,0,0.0,4,SEARCH_PHASE,1.8721,-1.1459,-28.6523,16.5915
1247,37.311,7.5095,-0.95,4.542,1.8696,-1.1489,-1.4847,4.442,33.065,33.349,36.1244,-17.5185,0.2,0.0,0.0,0.0,1.9114,-1.1867,-1.5,2.704,-0.1078,0,0,0,0.726,0.305,0.695,0,0,0.0,4,SEARCH_PHASE,1.8696,-1.1489,-28.6149,16.5685
1248,37.342,7.5469,-0.9731,4.5123,1.8679,-1.1523,-1.4851,4.412,33.022,33.302,36.1244,-17.5185,0.2,0.0,0.0,0.0,1.9157,-1.18,-1.5,2.7042,-0.0851,0,0,0,0.728,0.309,0.691,0,0,0.0,4,SEARCH_PHASE,1.8679,-1.1523,-28.5775,16.5454
1249,37.373,7.5842,-0.9962,4.4826,1.8642,-1.1576,-1.4859,4.383,32.978,33.255,36.1244,-17.5185,0.2,0.0,0.0,0.0,1.9156,-1.1802,-1.5,2.7042,-0.0508,0,0,0,0.728,0.309,0.691,0,0,0.0,4,SEARCH_PHASE,1.8642,-1.1576,-28.5402,16.5223
1250,37.405,7.6214,-1.0195,4.4528,1.8618,-1.1631,-1.4859,4.353,32.934,33.207,36.1244,-17.5185,0.2,0.0,0.0,0.0,1.8897,-1.2206,-1.5,2.7039,-0.091,0,0,0,0.742,0.316,0.684,0,0,0.0,4,SEARCH_PHASE,1.8618,-1.1631,-28.503,16.499
1251,37.437,7.6586,-1.0428,4.4231,1.8589,-1.1659,-1.4857,4.323,32.89,33.16,36.1244,-17.5185,0.2,0.0,0.0,0.0,1.9066,-1.1948,-1.5,2.7042,-0.1016,0,0,0,0.734,0.315,0.685,0,0,0.0,4,SEARCH_PHASE,1.8589,-1.1659,-28.4658,16.4757
1252,37.47,7.6957,-1.0662,4.3934,1.8571,-1.1687,-1.4857,4.293,32.846,33.113,36.1244,-17.5185,0.2,0.0,0.0,0.0,1.8918,-1.218,-1.5,2.7042,-0.077,0,0,0,0.734,0.317,0.683,0,0,0.0,4,SEARCH_PHASE,1.8571,-1.1687,-28.4287,16.4523
1253,37.502,7.7328,-1.0896,4.3637,1.8537,-1.1725,-1.4856,4.264,32.802,33.066,36.1244,-17.5185,0.2,0.0,0.0,0.0,1.906,-1.1956,-1.5,2.7042,-0.1009,0,0,0,0.733,0.316,0.684,0,0,0.0,4,SEARCH_PHASE,1.8537,-1.1725,-28.3916,16.4289
1254,37.533,7.7698,-1.1131,4.334,1.8516,-1.1755,-1.4856,4.234,32.758,33.018,36.1244,-17.5185,0.2,0.0,0.0,0.0,1.9066,-1.1947,-1.5,2.7042,-0.0766,0,0,0,0.733,0.326,0.674,0,0,0.0,4,SEARCH_PHASE,1.8516,-1.1755,-28.3546,16.4054
1255,37.565,7.8068,-1.1367,4.3043,1.8475,-1.1795,-1.486,4.204,32.715,32.971,36.1244,-17.5185,0.2,0.0,0.0,0.0,1.9019,-1.2022,-1.5,2.7042,-0.0812,0,0,0,0.736,0.329,0.671,0,0,0.0,4,SEARCH_PHASE,1.8475,-1.1795,-28.3176,16.3818
1256,37.596,7.8437,-1.1604,4.2745,1.8443,-1.1829,-1.4865,4.175,32.671,32.924,36.1244,-17.5185,0.2,0.0,0.0,0.0,1.8802,-1.2358,-1.5,2.7042,-0.0748,0,0,0,0.745,0.331,0.669,0,0,0.0,4,SEARCH_PHASE,1.8443,-1.1829,-28.2807,16.3581
1257,37.628,7.8805,-1.1841,4.2448,1.8417,-1.186,-1.4861,4.145,32.627,32.877,36.1244,-17.5185,0.2,0.0,0.0,0.0,1.906,-1.1953,-1.5,2.704,-0.1,0,0,0,0.737,0.331,0.669,0,0,0.0,4,SEARCH_PHASE,1.8417,-1.186,-28.2439,16.3344
1258,37.66,7.9173,-1.2079,4.2151,1.8402,-1.1883,-1.486,4.115,32.583,32.83,36.1244,-17.5185,0.2,0.0,0.0,0.0,1.9158,-1.1799,-1.5,2.7042,-0.0774,0,0,0,0.737,0.336,0.664,0,0,0.0,4,SEARCH_PHASE,1.8402,-1.1883,-28.2071,16.3106
1259,37.692,7.954,-1.2317,4.1854,1.8368,-1.1918,-1.4861,4.085,32.54,32.783,36.1244,-17.5185,0.2,0.0,0.0,0.0,1.8887,-1.2195,-1.5,2.7027,-0.0554,0,0,0,0.756,0.339,0.661,0,0,0.0,4,SEARCH_PHASE,1.8368,-1.1918,-28.1704,16.2868
1260,37.726,7.9907,-1.2556,4.1557,1.834,-1.1946,-1.4861,4.056,32.496,32.736,36.1244,-17.5185,0.2,0.0,0.0,0.0,1.8612,-1.2589,-1.5,2.7016,-0.0837,0,0,0,0.76,0.333,0.667,0,0,0.0,4,SEARCH_PHASE,1.834,-1.1946,-28.1337,16.2629
1261,37.758,8.0274,-1.2795,4.1259,1.8339,-1.195,-1.4859,4.026,32.452,32.689,36.1244,-17.5185,0.2,0.0,0.0,0.0,1.8332,-1.2978,-1.5,2.7009,-0.1219,0,0,0,0.763,0.334,0.666,0,0,0.0,4,SEARCH_PHASE,1.8339,-1.195,-28.097,16.239
1262,37.791,8.0641,-1.3034,4.0962,1.8334,-1.1944,-1.4857,3.996,32.409,32.642,36.1244,-17.5185,0.2,0.0,0.0,0.0,1.8053,-1.3369,-1.5,2.7012,-0.0982,0,0,0,0.761,0.337,0.663,0,0,0.0,4,SEARCH_PHASE,1.8334,-1.1944,-28.0603,16.2151
1263,37.823,8.1008,-1.3273,4.0665,1.8343,-1.1961,-1.4862,3.966,32.365,32.595,36.1244,-17.5185,0.2,0.0,0.0,0.0,1.8328,-1.3051,-1.5,2.7042,-0.1193,0,0,0,0.752,0.338,0.662,0,0,0.0,4,SEARCH_PHASE,1.8343,-1.1961,-28.0237,16.1912
1264,37.854,8.1374,-1.3513,4.0368,1.8345,-1.1984,-1.4861,3.937,32.321,32.548,36.1244,-17.5185,0.2,0.0,0.0,0.0,1.8267,-1.3137,-1.5,2.7042,-0.0957,0,0,0,0.753,0.342,0.658,0,0,0.0,4,SEARCH_PHASE,1.8345,-1.1984,-27.987,16.1672
1265,37.887,8.1741,-1.3753,4.007,1.8326,-1.2034,-1.4862,3.907,32.277,32.501,36.1244,-17.5185,0.2,0.0,0.0,0.0,1.8538,-1.2741,-1.5,2.7037,-0.1123,0,0,0,0.744,0.339,0.661,0,0,0.0,4,SEARCH_PHASE,1.8326,-1.2034,-27.9503,16.1432
1266,37.918,8.2107,-1.3995,3.9773,1.8316,-1.2094,-1.4865,3.877,32.233,32.454,36.1244,-17.5185,0.2,0.0,0.0,0.0,1.88,-1.2339,-1.5,2.7031,-0.0866,0,0,0,0.694,0.337,0.663,0,0,0.0,4,SEARCH_PHASE,1.8316,-1.2094,-27.9137,16.119
1267,37.949,8.2473,-1.4239,3.9476,1.8287,-1.2179,-1.4866,3.848,32.19,32.407,36.1244,-17.5185,0.2,0.0,0.0,0.0,1.9067,-1.194,-1.5,2.7039,-0.0517,0,0,0,0.698,0.336,0.664,0,0,0.0,4,SEARCH_PHASE,1.8287,-1.2179,-27.8771,16.0946
1268,37.981,8.2838,-1.4484,3.9178,1.8267,-1.2272,-1.487,3.818,32.146,32.36,36.1244,-17.5185,0.2,0.0,0.0,0.0,1.8804,-1.2341,-1.5,2.7035,-0.0353,0,0,0,0.755,0.345,0.655,0,0,0.0,4,SEARCH_PHASE,1.8267,-1.2272,-27.8406,16.0701
1269,38.012,8.3203,-1.4731,3.8881,1.8239,-1.2347,-1.4874,3.788,32.102,32.313,36.1244,-17.5185,0.2,0.0,0.0,0.0,1.8537,-1.274,-1.5,2.7035,-0.059,0,0,0,0.757,0.346,0.654,0,0,0.0,4,SEARCH_PHASE,1.8239,-1.2347,-27.8041,16.0454
1270,38.046,8.3568,-1.4979,3.8583,1.8236,-1.2385,-1.4874,3.758,32.058,32.266,36.1244,-17.5185,0.2,0.0,0.0,0.0,1.8246,-1.3122,-1.452,2.6757,-0.0999,0,0,0,0.766,0.354,0.646,0,0,0.0,4,SEARCH_PHASE,1.8236,-1.2385,-27.7676,16.0206
1271,38.078,8.3933,-1.5227,3.829,1.8231,-1.241,-1.469,3.729,32.014,32.219,36.1244,-17.5185,0.2,0.0,0.0,0.0,1.8047,-1.3437,-1.404,2.6521,-0.0879,0,0,0,0.761,0.351,0.649,0,0,0.0,4,SEARCH_PHASE,1.8231,-1.241,-27.7312,15.9958
1272,38.11,8.4297,-1.5476,3.8002,1.8241,-1.2448,-1.4396,3.7,31.97,32.172,36.1244,-17.5185,0.2,0.0,0.0,0.0,1.7976,-1.3532,-1.356,2.627,-0.1227,0,0,0,0.76,0.354,0.646,0,0,0.0,4,SEARCH_PHASE,1.8241,-1.2448,-27.6947,15.9709
1273,38.143,8.4662,-1.5726,3.7721,1.8238,-1.2488,-1.4037,3.672,31.926,32.125,36.1244,-17.5185,0.2,0.0,0.0,0.0,1.8083,-1.3389,-1.308,2.6026,-0.0822,0,0,0,0.758,0.353,0.647,0,0,0.0,4,SEARCH_PHASE,1.8238,-1.2488,-27.6582,15.9459
1274,38.176,8.5027,-1.5977,3.7448,1.8243,-1.257,-1.3636,3.645,31.882,32.078,36.1244,-17.5185,0.2,0.0,0.0,0.0,1.7933,-1.3589,-1.26,2.5788,-0.0849,0,0,0,0.761,0.358,0.642,0,0,0.0,4,SEARCH_PHASE,1.8243,-1.257,-27.6217,15.9208
1275,38.208,8.5392,-1.623,3.7184,1.8234,-1.2656,-1.3203,3.618,31.837,32.031,36.1244,-17.5185,0.2,0.0,0.0,0.0,1.8211,-1.3198,-1.212,2.5549,-0.0978,0,0,0,0.71,0.356,0.644,0,0,0.0,4,SEARCH_PHASE,1.8234,-1.2656,-27.5852,15.8955
1276,38.24,8.5756,-1.6485,3.6929,1.823,-1.2744,-1.2764,3.593,31.793,31.984,36.1244,-17.5185,0.2,0.0,0.0,0.0,1.8489,-1.2807,-1.164,2.5324,-0.0727,0,0,0,0.715,0.353,0.647,0,0,0.0,4,SEARCH_PHASE,1.823,-1.2744,-27.5488,15.87
1277,38.273,8.612,-1.6742,3.6683,1.8194,-1.285,-1.2308,3.568,31.749,31.937,36.1244,-17.5185,0.2,0.0,0.0,0.0,1.872,-1.2482,-1.116,2.5116,-0.0372,0,0,0,0.719,0.349,0.651,0,0,0.0,4,SEARCH_PHASE,1.8194,-1.285,-27.5124,15.8443
1278,38.307,8.6483,-1.7001,3.6446,1.8165,-1.2951,-1.185,3.545,31.704,31.891,36.1244,-17.5185,0.2,0.0,0.0,0.0,1.8594,-1.2669,-1.068,2.4906,-0.083,0,0,0,0.72,0.353,0.647,0,0,0.0,4,SEARCH_PHASE,1.8165,-1.2951,-27.4761,15.8184
1279,38.34,8.6846,-1.7261,3.6218,1.8123,-1.3008,-1.1379,3.522,31.66,31.844,36.1244,-17.5185,0.2,0.0,0.0,0.0,1.8605,-1.2653,-1.02,2.4704,-0.0485,0,0,0,0.723,0.354,0.646,0,0,0.0,4,SEARCH_PHASE,1.8123,-1.3008,-27.4398,15.7924
1280,38.385,8.7208,-1.7523,3.6,1.8089,-1.306,-1.0903,3.5,31.615,31.798,36.1244,-17.5185,0.2,0.0,0.0,0.0,1.8314,-1.3034,-0.972,2.4491,-0.0929,0,0,0,0.773,0.362,0.638,0,0,0.0,4,SEARCH_PHASE,1.8089,-1.306,-27.4036,15.7662
1281,38.419,8.7569,-1.7784,3.5792,1.8059,-1.3072,-1.0426,3.479,31.571,31.751,36.1244,-17.5185,0.2,0.0,0.0,0.0,1.8429,-1.2909,-0.924,2.4323,-0.0899,0,0,0,0.72,0.363,0.637,0,0,0.0,4,SEARCH_PHASE,1.8059,-1.3072,-27.3675,15.7401
1282,38.454,8.793,-1.8046,3.5593,1.8057,-1.3081,-0.995,3.459,31.527,31.705,36.1244,-17.5185,0.2,0.0,0.0,0.0,1.8516,-1.2783,-0.876,2.4145,-0.0713,0,0,0,0.725,0.364,0.636,0,0,0.0,4,SEARCH_PHASE,1.8057,-1.3081,-27.3314,15.7139
1283,38.492,8.8291,-1.8307,3.5403,1.8047,-1.3086,-0.9472,3.44,31.482,31.659,36.1244,-17.5185,0.2,0.0,0.0,0.0,1.8562,-1.2716,-0.828,2.3975,-0.0988,0,0,0,0.724,0.36,0.64,0,0,0.0,4,SEARCH_PHASE,1.8047,-1.3086,-27.2953,15.6878
1284,38.526,8.8652,-1.8569,3.5223,1.8068,-1.3071,-0.8995,3.422,31.438,31.613,36.1244,-17.5185,0.2,0.0,0.0,0.0,1.8829,-1.2317,-0.78,2.3813,-0.0702,0,0,0,0.722,0.37,0.63,0,0,0.0,4,SEARCH_PHASE,1.8068,-1.3071,-27.2592,15.6616
1285,38.56,8.9014,-1.883,3.5053,1.8076,-1.3062,-0.8517,3.405,31.394,31.567,36.1244,-17.5185,0.2,0.0,0.0,0.0,1.8897,-1.2213,-0.732,2.3661,-0.0913,0,0,0,0.72,0.365,0.635,0,0,0.0,4,SEARCH_PHASE,1.8076,-1.3062,-27.223,15.6355
1286,38.592,8.9376,-1.9091,3.4892,1.8109,-1.3036,-0.804,3.389,31.349,31.521,36.1244,-17.5185,0.2,0.0,0.0,0.0,1.9153,-1.1807,-0.684,2.3517,-0.0629,0,0,0,0.713,0.366,0.634,0,0,0.0,4,SEARCH_PHASE,1.8109,-1.3036,-27.1868,15.6094
1287,38.624,8.9739,-1.9351,3.4741,1.8126,-1.3013,-0.7561,3.374,31.305,31.476,36.1244,-17.5185,0.2,0.0,0.0,0.0,1.9201,-1.1729,-0.636,2.3382,-0.0678,0,0,0,0.714,0.36,0.64,0,0,0.0,4,SEARCH_PHASE,1.8126,-1.3013,-27.1506,15.5834
1288,38.656,9.0102,-1.961,3.4599,1.8166,-1.2967,-0.7087,3.36,31.26,31.43,36.1244,-17.5185,0.2,0.0,0.0,0.0,1.9272,-1.1611,-0.588,2.3256,-0.0472,0,0,0,0.7,0.364,0.636,0,0,0.0,4,SEARCH_PHASE,1.8166,-1.2967,-27.1142,15.5575
1289,38.689,9.0466,-1.9868,3.4467,1.8192,-1.2902,-0.6609,3.347,31.216,31.384,36.1244,-17.5185,0.2,0.0,0.0,0.0,1.9245,-1.1657,-0.54,2.3139,-0.0767,0,0,0,0.703,0.371,0.629,0,0,0.0,4,SEARCH_PHASE,1.8192,-1.2902,-27.0778,15.5317
1290,38.721,9.0831,-2.0124,3.4344,1.8246,-1.2792,-0.6129,3.334,31.172,31.339,36.1244,-17.5185,0.2,0.0,0.0,0.0,1.9301,-1.1565,-0.492,2.3032,-0.0845,0,0,0,0.698,0.373,0.627,0,0,0.0,4,SEARCH_PHASE,1.8246,-1.2792,-27.0413,15.5061
1291,38.753,9.1196,-2.0377,3.4231,1.8285,-1.2664,-0.565,3.323,31.127,31.294,36.1244,-17.5185,0.2,0.0,0.0,0.0,1.9421,-1.1361,-0.444,2.2934,-0.0722,0,0,0,0.691,0.372,0.628,0,0,0.0,4,SEARCH_PHASE,1.8285,-1.2664,-27.0048,15.4808
1292,38.785,9.1563,-2.0628,3.4128,1.8343,-1.2526,-0.5171,3.313,31.083,31.249,36.1244,-17.5185,0.2,0.0,0.0,0.0,1.9418,-1.1366,-0.396,2.2846,-0.0756,0,0,0,0.695,0.375,0.625,0,0,0.0,4,SEARCH_PHASE,1.8343,-1.2526,-26.9681,15.4557
1293,38.817,9.1931,-2.0875,3.4034,1.8385,-1.2375,-0.4697,3.303,31.039,31.204,36.1244,-17.5185,0.2,0.0,0.0,0.0,1.9414,-1.1373,-0.348,2.2768,-0.1044,0,0,0,0.693,0.37,0.63,0,0,0.0,4,SEARCH_PHASE,1.8385,-1.2375,-26.9313,15.431
1294,38.85,9.23,-2.112,3.395,1.8447,-1.2212,-0.4221,3.295,30.995,31.159,36.1244,-17.5185,0.2,0.0,0.0,0.0,1.9408,-1.1383,-0.3,2.2699,-0.0768,0,0,0,0.695,0.376,0.624,0,0,0.0,4,SEARCH_PHASE,1.8447,-1.2212,-26.8944,15.4065
1295,38.882,9.267,-2.1361,3.3875,1.8486,-1.2063,-0.3746,3.287,30.951,31.114,36.1244,-17.5185,0.2,0.0,0.0,0.0,1.9404,-1.139,-0.252,2.2641,-0.1083,0,0,0,0.694,0.375,0.625,0,0,0.0,4,SEARCH_PHASE,1.8486,-1.2063,-26.8575,15.3824
1296,38.914,9.304,-2.1599,3.3809,1.8541,-1.1904,-0.3272,3.281,30.907,31.07,36.1244,-17.5185,0.2,0.0,0.0,0.0,1.9414,-1.1374,-0.204,2.2592,-0.0808,0,0,0,0.697,0.373,0.627,0,0,0.0,4,SEARCH_PHASE,1.8541,-1.1904,-26.8204,15.3586
1297,38.948,9.3412,-2.1834,3.3753,1.8576,-1.1763,-0.2798,3.275,30.863,31.026,36.1244,-17.5185,0.2,0.0,0.0,0.0,1.9441,-1.1326,-0.156,2.2554,-0.1101,0,0,0,0.694,0.375,0.625,0,0,0.0,4,SEARCH_PHASE,1.8576,-1.1763,-26.7832,15.3351
1298,38.98,9.3784,-2.2067,3.3707,1.863,-1.1615,-0.2323,3.271,30.819,30.981,36.1244,-17.5185,0.2,0.0,0.0,0.0,1.9427,-1.1351,-0.108,2.2526,-0.0823,0,0,0,0.697,0.373,0.627,0,0,0.0,4,SEARCH_PHASE,1.863,-1.1615,-26.746,15.3118
1299,39.012,9.4158,-2.2296,3.367,1.866,-1.1487,-0.1849,3.267,30.775,30.938,36.1244,-17.5185,0.2,0.0,0.0,0.0,1.9445,-1.132,-0.06,2.2508,-0.1131,0,0,0,0.695,0.371,0.629,0,0,0.0,4,SEARCH_PHASE,1.866,-1.1487,-26.7086,15.2889
1300,39.044,9.4532,-2.2523,3.3642,1.8705,-1.1353,-0.1373,3.264,30.731,30.894,36.1244,-17.5185,0.2,0.0,0.0,0.0,1.9428,-1.1348,-0.012,2.25,-0.0853,0,0,0,0.697,0.368,0.632,0,0,0.0,4,SEARCH_PHASE,1.8705,-1.1353,-26.6712,15.2662
1301,39.076,9.4906,-2.2748,3.3624,1.8729,-1.1242,-0.09,3.262,30.688,30.85,36.1244,-17.5185,0.2,0.0,0.0,0.0,1.945,-1.1311,0.036,2.2503,-0.1128,0,0,0,0.695,0.372,0.628,0,0,0.0,4,SEARCH_PHASE,1.8729,-1.1242,-26.6338,15.2437
1302,39.107,9.5282,-2.2971,3.3616,1.877,-1.113,-0.0423,3.262,30.644,30.807,36.1244,-17.5185,0.2,0.0,0.0,0.0,1.9443,-1.1324,0.084,2.2516,-0.0841,0,0,0,0.696,0.368,0.632,0,0,0.0,4,SEARCH_PHASE,1.877,-1.113,-26.5962,15.2214
1303,39.14,9.5657,-2.3192,3.3617,1.8787,-1.1041,0.0055,3.262,30.6,30.763,36.1244,-17.5185,0.2,0.0,0.0,0.0,1.9457,-1.1299,0.132,2.2539,-0.1135,0,0,0,0.694,0.367,0.633,0,0,0.0,4,SEARCH_PHASE,1.8787,-1.1041,-26.5587,15.1993
1304,39.17,9.6034,-2.3411,3.3628,1.8817,-1.0953,0.0532,3.263,30.557,30.72,36.1244,-17.5185,0.2,0.0,0.0,0.0,1.9446,-1.1319,0.18,2.2572,-0.0855,0,0,0,0.697,0.365,0.635,0,0,0.0,4,SEARCH_PHASE,1.8817,-1.0953,-26.521,15.1774
1305,39.205,9.641,-2.3629,3.3648,1.8825,-1.0892,0.1011,3.265,30.513,30.677,36.1244,-17.5185,0.2,0.0,0.0,0.0,1.9465,-1.1286,0.228,2.2615,-0.1129,0,0,0,0.694,0.368,0.632,0,0,0.0,4,SEARCH_PHASE,1.8825,-1.0892,-26.4834,15.1556
1306,39.235,9.6787,-2.3845,3.3678,1.8851,-1.0834,0.1489,3.268,30.47,30.634,36.1244,-17.5185,0.2,0.0,0.0,0.0,1.9457,-1.1299,0.276,2.2669,-0.0853,0,0,0,0.696,0.365,0.635,0,0,0.0,4,SEARCH_PHASE,1.8851,-1.0834,-26.4457,15.134
1307,39.265,9.7164,-2.4061,3.3717,1.8849,-1.0806,0.1966,3.272,30.426,30.591,36.1244,-17.5185,0.2,0.0,0.0,0.0,1.9475,-1.1268,0.324,2.2732,-0.1077,0,0,0,0.693,0.367,0.633,0,0,0.0,4,SEARCH_PHASE,1.8849,-1.0806,-26.408,15.1124
1308,39.295,9.7542,-2.4277,3.3766,1.886,-1.0782,0.2444,3.277,30.383,30.549,36.1244,-17.5185,0.2,0.0,0.0,0.0,1.9465,-1.1286,0.372,2.2805,-0.0807,0,0,0,0.695,0.367,0.633,0,0,0.0,4,SEARCH_PHASE,1.886,-1.0782,-26.3703,15.0908
1309,39.325,9.7918,-2.4493,3.3824,1.8848,-1.0785,0.2922,3.282,30.34,30.506,36.1244,-17.5185,0.2,0.0,0.0,0.0,1.9483,-1.1255,0.42,2.2889,-0.1035,0,0,0,0.691,0.367,0.633,0,0,0.0,4,SEARCH_PHASE,1.8848,-1.0785,-26.3326,15.0692
1310,39.355,9.8295,-2.4708,3.3892,1.885,-1.0789,0.3399,3.289,30.296,30.463,36.1244,-17.5185,0.2,0.0,0.0,0.0,1.9479,-1.1262,0.468,2.2982,-0.077,0,0,0,0.692,0.368,0.632,0,0,0.0,4,SEARCH_PHASE,1.885,-1.0789,-26.2949,15.0477
1311,39.386,9.8672,-2.4925,3.397,1.8826,-1.0817,0.3874,3.297,30.253,30.421,36.1244,-17.5185,0.2,0.0,0.0,0.0,1.9483,-1.1254,0.516,2.3084,-0.0908,0,0,0,0.691,0.368,0.632,0,0,0.0,4,SEARCH_PHASE,1.8826,-1.0817,-26.2572,15.026
1312,39.416,9.9048,-2.5142,3.4057,1.8813,-1.0844,0.4352,3.306,30.209,30.379,36.1244,-17.5185,0.2,0.0,0.0,0.0,1.9467,-1.1282,0.564,2.3196,-0.065,0,0,0,0.694,0.368,0.632,0,0,0.0,4,SEARCH_PHASE,1.8813,-1.0844,-26.2196,15.0043
1313,39.446,9.9424,-2.5359,3.4153,1.8792,-1.0883,0.4829,3.315,30.166,30.337,36.1244,-17.5185,0.2,0.0,0.0,0.0,1.9478,-1.1264,0.612,2.3317,-0.0913,0,0,0,0.692,0.365,0.635,0,0,0.0,4,SEARCH_PHASE,1.8792,-1.0883,-26.182,14.9826
1314,39.478,9.98,-2.5578,3.426,1.8801,-1.0911,0.5306,3.326,30.122,30.295,36.1244,-17.5185,0.2,0.0,0.0,0.0,1.9464,-1.1288,0.66,2.3448,-0.0654,0,0,0,0.694,0.367,0.633,0,0,0.0,4,SEARCH_PHASE,1.8801,-1.0911,-26.1444,14.9607
1315,39.509,10.0176,-2.5797,3.4375,1.8796,-1.0952,0.5783,3.338,30.079,30.253,36.1244,-17.5185,0.2,0.0,0.0,0.0,1.9478,-1.1263,0.708,2.3588,-0.092,0,0,0,0.691,0.365,0.635,0,0,0.0,4,SEARCH_PHASE,1.8796,-1.0952,-26.1068,14.9388
1316,39.54,10.0552,-2.6016,3.45,1.8816,-1.0984,0.6259,3.35,30.035,30.211,36.1244,-17.5185,0.2,0.0,0.0,0.0,1.9468,-1.128,0.756,2.3736,-0.0661,0,0,0,0.692,0.366,0.634,0,0,0.0,4,SEARCH_PHASE,1.8816,-1.0984,-26.0692,14.9169
1317,39.571,10.0929,-2.6237,3.4635,1.8817,-1.103,0.6735,3.364,29.992,30.169,36.1244,-17.5185,0.2,0.0,0.0,0.0,1.9484,-1.1253,0.804,2.3893,-0.0929,0,0,0,0.688,0.365,0.635,0,0,0.0,4,SEARCH_PHASE,1.8817,-1.103,-26.0315,14.8948
1318,39.604,10.1305,-2.6458,3.4779,1.8839,-1.1069,0.721,3.378,29.948,30.127,36.1244,-17.5185,0.2,0.0,0.0,0.0,1.9481,-1.1258,0.852,2.4059,-0.0672,0,0,0,0.689,0.362,0.638,0,0,0.0,4,SEARCH_PHASE,1.8839,-1.1069,-25.9939,14.8727
1319,39.634,10.1682,-2.6681,3.4933,1.8836,-1.1124,0.7685,3.393,29.904,30.085,36.1244,-17.5185,0.2,0.0,0.0,0.0,1.9494,-1.1235,0.9,2.4233,-0.0745,0,0,0,0.684,0.362,0.638,0,0,0.0,4,SEARCH_PHASE,1.8836,-1.1124,-25.9562,14.8504
1320,39.665,10.2059,-2.6904,3.5096,1.8849,-1.1172,0.8155,3.41,29.86,30.043,36.1244,-17.5185,0.2,0.0,0.0,0.0,1.9487,-1.1247,0.948,2.4416,-0.0562,0,0,0,0.685,0.363,0.637,0,0,0.0,4,SEARCH_PHASE,1.8849,-1.1172,-25.9185,14.8281
1321,39.695,10.2436,-2.7129,3.5269,1.8839,-1.1219,0.8628,3.427,29.816,30.002,36.1244,-17.5185,0.2,0.0,0.0,0.0,1.9501,-1.1224,0.996,2.4606,-0.0817,0,0,0,0.68,0.361,0.639,0,0,0.0,4,SEARCH_PHASE,1.8839,-1.1219,-25.8808,14.8056
1322,39.725,10.2813,-2.7353,3.5451,1.8851,-1.124,0.9108,3.445,29.773,29.96,36.1244,-17.5185,0.2,0.0,0.0,0.0,1.9498,-1.1229,1.044,2.4804,-0.0557,0,0,0,0.68,0.361,0.639,0,0,0.0,4,SEARCH_PHASE,1.8851,-1.124,-25.8431,14.7832
1323,39.755,10.319,-2.7579,3.5643,1.8841,-1.1259,0.9588,3.464,29.729,29.918,36.1244,-17.5185,0.2,0.0,0.0,0.0,1.9514,-1.1201,1.092,2.501,-0.0839,0,0,0,0.675,0.363,0.637,0,0,0.0,4,SEARCH_PHASE,1.8841,-1.1259,-25.8054,14.7606
1324,39.785,10.3567,-2.7804,3.5844,1.8851,-1.1252,1.0066,3.484,29.685,29.877,36.1244,-17.5185,0.2,0.0,0.0,0.0,1.9513,-1.1202,1.14,2.5223,-0.0579,0,0,0,0.674,0.358,0.642,0,0,0.0,4,SEARCH_PHASE,1.8851,-1.1252,-25.7677,14.7381
1325,39.815,10.3944,-2.8028,3.6055,1.8834,-1.1245,1.0542,3.505,29.641,29.836,36.1244,-17.5185,0.2,0.0,0.0,0.0,1.9518,-1.1195,1.188,2.5444,-0.092,0,0,0,0.672,0.358,0.642,0,0,0.0,4,SEARCH_PHASE,1.8834,-1.1245,-25.7301,14.7157
1326,39.846,10.432,-2.8253,3.6275,1.8832,-1.1214,1.102,3.528,29.597,29.795,36.1244,-17.5185,0.2,0.0,0.0,0.0,1.9507,-1.1213,1.14,2.5223,-0.066,0,0,0,0.675,0.363,0.637,0,0,0.0,4,SEARCH_PHASE,1.8832,-1.1214,-25.6924,14.6932
1327,39.878,10.4697,-2.8477,3.6498,1.882,-1.1189,1.1142,3.55,29.553,29.754,36.1244,-17.5185,0.2,0.0,0.0,0.0,1.9514,-1.12,1.092,2.501,-0.0924,0,0,0,0.672,0.362,0.638,0,0,0.0,4,SEARCH_PHASE,1.882,-1.1189,-25.6548,14.6708
1328,39.909,10.5073,-2.87,3.6719,1.8831,-1.1152,1.1041,3.572,29.51,29.713,36.1244,-17.5185,0.2,0.0,0.0,0.0,1.951,-1.1207,1.044,2.4804,-0.0696,0,0,0,0.674,0.364,0.636,0,0,0.0,4,SEARCH_PHASE,1.8831,-1.1152,-25.6171,14.6485
1329,39.941,10.545,-2.8922,3.6935,1.8834,-1.112,1.08,3.593,29.466,29.672,36.1244,-17.5185,0.2,0.0,0.0,0.0,1.9521,-1.1189,0.996,2.4606,-0.0946,0,0,0,0.671,0.362,0.638,0,0,0.0,4,SEARCH_PHASE,1.8834,-1.112,-25.5794,14.6263
1330,39.973,10.5827,-2.9144,3.7144,1.8853,-1.108,1.0471,3.614,29.422,29.631,36.1244,-17.5185,0.2,0.0,0.0,0.0,1.952,-1.119,0.948,2.4416,-0.0731,0,0,0,0.672,0.359,0.641,0,0,0.0,4,SEARCH_PHASE,1.8853,-1.108,-25.5417,14.6041
1331,40.005,10.6204,-2.9365,3.7346,1.8865,-1.1046,1.0087,3.635,29.378,29.59,36.1244,-17.5185,0.2,0.0,0.0,0.0,1.9529,-1.1175,0.9,2.4233,-0.0976,0,0,0,0.668,0.359,0.641,0,0,0.0,4,SEARCH_PHASE,1.8865,-1.1046,-25.504,14.5821
1332,40.036,10.6582,-2.9585,3.7539,1.8889,-1.1006,0.9668,3.654,29.335,29.549,36.1244,-17.5185,0.2,0.0,0.0,0.0,1.953,-1.1174,0.852,2.4059,-0.0766,0,0,0,0.669,0.362,0.638,0,0,0.0,4,SEARCH_PHASE,1.8889,-1.1006,-25.4662,14.56
1333,40.068,10.696,-2.9804,3.7724,1.8905,-1.0973,0.9228,3.672,29.291,29.508,36.1244,-17.5185,0.2,0.0,0.0,0.0,1.9533,-1.1168,0.804,2.3893,-0.1011,0,0,0,0.665,0.354,0.646,0,0,0.0,4,SEARCH_PHASE,1.8905,-1.0973,-25.4284,14.5381
1334,40.102,10.7339,-3.0023,3.7899,1.893,-1.0934,0.8774,3.69,29.247,29.467,36.1244,-17.5185,0.2,0.0,0.0,0.0,1.9533,-1.1167,0.756,2.3736,-0.0803,0,0,0,0.665,0.355,0.645,0,0,0.0,4,SEARCH_PHASE,1.893,-1.0934,-25.3905,14.5162
1335,40.133,10.7718,-3.0241,3.8065,1.8945,-1.0904,0.8306,3.707,29.204,29.425,36.1244,-17.5185,0.2,0.0,0.0,0.0,1.9533,-1.1167,0.708,2.3588,-0.1038,0,0,0,0.663,0.355,0.645,0,0,0.0,4,SEARCH_PHASE,1.8945,-1.0904,-25.3526,14.4944
1336,40.164,10.8097,-3.0458,3.8222,1.8967,-1.0869,0.7841,3.722,29.16,29.384,36.1244,-17.5185,0.2,0.0,0.0,0.0,1.9533,-1.1167,0.66,2.3448,-0.0812,0,0,0,0.664,0.353,0.647,0,0,0.0,4,SEARCH_PHASE,1.8967,-1.0869,-25.3147,14.4727
1337,40.196,10.8477,-3.0675,3.837,1.8983,-1.0845,0.7372,3.737,29.116,29.342,36.1244,-17.5185,0.2,0.0,0.0,0.0,1.9533,-1.1167,0.612,2.3317,-0.1036,0,0,0,0.661,0.354,0.646,0,0,0.0,4,SEARCH_PHASE,1.8983,-1.0845,-25.2767,14.451
1338,40.226,10.8857,-3.0892,3.8508,1.901,-1.082,0.69,3.751,29.072,29.301,36.1244,-17.5185,0.2,0.0,0.0,0.0,1.9533,-1.1167,0.564,2.3196,-0.0814,0,0,0,0.662,0.353,0.647,0,0,0.0,4,SEARCH_PHASE,1.901,-1.082,-25.2387,14.4293
1339,40.257,10.9237,-3.1108,3.8636,1.9028,-1.0806,0.6426,3.764,29.029,29.259,36.1244,-17.5185,0.2,0.0,0.0,0.0,1.9533,-1.1167,0.516,2.3084,-0.1037,0,0,0,0.658,0.355,0.645,0,0,0.0,4,SEARCH_PHASE,1.9028,-1.0806,-25.2007,14.4077
1340,40.288,10.9618,-3.1323,3.8755,1.9054,-1.0792,0.5951,3.776,28.985,29.217,36.1244,-17.5185,0.2,0.0,0.0,0.0,1.9533,-1.1168,0.468,2.2982,-0.0819,0,0,0,0.659,0.354,0.646,0,0,0.0,4,SEARCH_PHASE,1.9054,-1.0792,-25.1626,14.3862
1341,40.319,11.0,-3.1539,3.8865,1.9068,-1.0791,0.5476,3.786,28.941,29.175,36.1244,-17.5185,0.2,0.0,0.0,0.0,1.9533,-1.1168,0.42,2.2889,-0.1037,0,0,0,0.655,0.352,0.648,0,0,0.0,4,SEARCH_PHASE,1.9068,-1.0791,-25.1244,14.3646
1342,40.35,11.0382,-3.1755,3.8965,1.9087,-1.0791,0.5,3.796,28.897,29.133,36.1244,-17.5185,0.2,0.0,0.0,0.0,1.9533,-1.1168,0.372,2.2805,-0.0822,0,0,0,0.655,0.353,0.647,0,0,0.0,4,SEARCH_PHASE,1.9087,-1.0791,-25.0863,14.343
1343,40.382,11.0763,-3.1971,3.9055,1.9092,-1.0804,0.4521,3.806,28.853,29.09,36.1244,-17.5185,0.2,0.0,0.0,0.0,1.9533,-1.1168,0.324,2.2732,-0.0858,0,0,0,0.653,0.351,0.649,0,0,0.0,4,SEARCH_PHASE,1.9092,-1.0804,-25.0481,14.3214
1344,40.413,11.1145,-3.2188,3.9136,1.9099,-1.0819,0.4044,3.814,28.809,29.048,36.1244,-17.5185,0.2,0.0,0.0,0.0,1.9533,-1.1168,0.276,2.2669,-0.0714,0,0,0,0.656,0.355,0.645,0,0,0.0,4,SEARCH_PHASE,1.9099,-1.0819,-25.0099,14.2997
1345,40.445,11.1527,-3.2404,3.9207,1.9102,-1.0837,0.3569,3.821,28.765,29.005,36.1244,-17.5185,0.2,0.0,0.0,0.0,1.9533,-1.1168,0.228,2.2615,-0.0935,0,0,0,0.653,0.351,0.649,0,0,0.0,4,SEARCH_PHASE,1.9102,-1.0837,-24.9717,14.2781
1346,40.477,11.191,-3.2621,3.9269,1.9119,-1.0851,0.3093,3.827,28.721,28.962,36.1244,-17.5185,0.2,0.0,0.0,0.0,1.9533,-1.1168,0.18,2.2572,-0.073,0,0,0,0.655,0.353,0.647,0,0,0.0,4,SEARCH_PHASE,1.9119,-1.0851,-24.9334,14.2564
1347,40.513,11.2292,-3.2839,3.9322,1.9127,-1.0873,0.2617,3.832,28.677,28.919,36.1244,-17.5185,0.2,0.0,0.0,0.0,1.9532,-1.1168,0.132,2.2539,-0.0953,0,0,0,0.653,0.35,0.65,0,0,0.0,4,SEARCH_PHASE,1.9127,-1.0873,-24.8952,14.2346
1348,40.545,11.2675,-3.3057,3.9364,1.9146,-1.0892,0.2139,3.836,28.633,28.876,36.1244,-17.5185,0.2,0.0,0.0,0.0,1.9532,-1.1168,0.084,2.2516,-0.0748,0,0,0,0.654,0.353,0.647,0,0,0.0,4,SEARCH_PHASE,1.9146,-1.0892,-24.8569,14.2128
1349,40.576,11.3058,-3.3275,3.9398,1.9154,-1.092,0.1661,3.84,28.589,28.833,36.1244,-17.5185,0.2,0.0,0.0,0.0,1.9532,-1.1168,0.036,2.2503,-0.0854,0,0,0,0.651,0.35,0.65,0,0,0.0,4,SEARCH_PHASE,1.9154,-1.092,-24.8186,14.191
1350,40.607,11.3442,-3.3494,3.9421,1.917,-1.0947,0.1184,3.842,28.545,28.789,36.1244,-17.5185,0.2,0.0,0.0,0.0,1.9532,-1.1168,-0.012,2.25,-0.0652,0,0,0,0.652,0.352,0.648,0,0,0.0,4,SEARCH_PHASE,1.917,-1.0947,-24.7802,14.1691
1351,40.637,11.3825,-3.3714,3.9436,1.9174,-1.0976,0.0708,3.844,28.501,28.746,36.1244,-17.5185,0.2,0.0,0.0,0.0,1.9532,-1.1168,-0.06,2.2508,-0.0876,0,0,0,0.649,0.348,0.652,0,0,0.0,4,SEARCH_PHASE,1.9174,-1.0976,-24.7419,14.1472
1352,40.667,11.4209,-3.3933,3.944,1.9185,-1.0998,0.0231,3.844,28.457,28.702,36.1244,-17.5185,0.2,0.0,0.0,0.0,1.9532,-1.1168,-0.108,2.2526,-0.0676,0,0,0,0.65,0.347,0.653,0,0,0.0,4,SEARCH_PHASE,1.9185,-1.0998,-24.7035,14.1252
1353,40.698,11.4593,-3.4154,3.9435,1.9182,-1.1023,-0.0247,3.844,28.412,28.658,36.1244,-17.5185,0.2,0.0,0.0,0.0,1.9532,-1.1168,-0.156,2.2554,-0.0914,0,0,0,0.647,0.344,0.656,0,0,0.0,4,SEARCH_PHASE,1.9182,-1.1023,-24.6652,14.1031
1354,40.728,11.4976,-3.4375,3.9421,1.9184,-1.1043,-0.0723,3.842,28.368,28.614,36.1244,-17.5185,0.2,0.0,0.0,0.0,1.9533,-1.1168,-0.204,2.2592,-0.0716,0,0,0,0.648,0.346,0.654,0,0,0.0,4,SEARCH_PHASE,1.9184,-1.1043,-24.6268,14.081
1355,40.757,11.536,-3.4596,3.9397,1.9173,-1.1068,-0.1201,3.84,28.324,28.57,36.1244,-17.5185,0.2,0.0,0.0,0.0,1.9533,-1.1168,-0.252,2.2641,-0.078,0,0,0,0.645,0.34,0.66,0,0,0.0,4,SEARCH_PHASE,1.9173,-1.1068,-24.5884,14.0589
1356,40.787,11.5743,-3.4818,3.9363,1.9169,-1.1089,-0.1681,3.836,28.28,28.525,36.1244,-17.5185,0.2,0.0,0.0,0.0,1.9533,-1.1168,-0.3,2.2699,-0.0598,0,0,0,0.647,0.344,0.656,0,0,0.0,4,SEARCH_PHASE,1.9169,-1.1089,-24.5501,14.0367
1357,40.818,11.6126,-3.504,3.932,1.9152,-1.1107,-0.2156,3.832,28.235,28.481,36.1244,-17.5185,0.2,0.0,0.0,0.0,1.9533,-1.1168,-0.348,2.2768,-0.0863,0,0,0,0.645,0.342,0.658,0,0,0.0,4,SEARCH_PHASE,1.9152,-1.1107,-24.5118,14.0145
1358,40.848,11.6509,-3.5262,3.9267,1.9143,-1.1113,-0.2631,3.827,28.191,28.436,36.1244,-17.5185,0.2,0.0,0.0,0.0,1.9533,-1.1168,-0.396,2.2846,-0.068,0,0,0,0.648,0.347,0.653,0,0,0.0,4,SEARCH_PHASE,1.9143,-1.1113,-24.4735,13.9923
1359,40.88,11.6892,-3.5485,3.9205,1.9128,-1.1118,-0.3106,3.821,28.147,28.392,36.1244,-17.5185,0.2,0.0,0.0,0.0,1.9533,-1.1167,-0.444,2.2934,-0.0925,0,0,0,0.647,0.348,0.652,0,0,0.0,4,SEARCH_PHASE,1.9128,-1.1118,-24.4353,13.97
1360,40.911,11.7274,-3.5707,3.9134,1.9124,-1.1114,-0.3581,3.813,28.103,28.347,36.1244,-17.5185,0.2,0.0,0.0,0.0,1.9533,-1.1167,-0.492,2.3032,-0.0739,0,0,0,0.649,0.347,0.653,0,0,0.0,4,SEARCH_PHASE,1.9124,-1.1114,-24.397,13.9478
1361,40.942,11.7656,-3.5929,3.9052,1.9111,-1.111,-0.4064,3.805,28.058,28.302,36.1244,-17.5185,0.2,0.0,0.0,0.0,1.9533,-1.1167,-0.54,2.3139,-0.0947,0,0,0,0.647,0.35,0.65,0,0,0.0,4,SEARCH_PHASE,1.9111,-1.111,-24.3588,13.9256
1362,40.973,11.8038,-3.6151,3.8962,1.9106,-1.1098,-0.4537,3.796,28.014,28.257,36.1244,-17.5185,0.2,0.0,0.0,0.0,1.9533,-1.1167,-0.588,2.3256,-0.073,0,0,0,0.65,0.349,0.651,0,0,0.0,4,SEARCH_PHASE,1.9106,-1.1098,-24.3206,13.9034
1363,41.006,11.842,-3.6373,3.8861,1.9092,-1.1088,-0.5013,3.786,27.97,28.212,36.1244,-17.5185,0.2,0.0,0.0,0.0,1.9534,-1.1166,-0.636,2.3382,-0.0968,0,0,0,0.649,0.347,0.653,0,0,0.0,4,SEARCH_PHASE,1.9092,-1.1088,-24.2824,13.8812
1364,41.037,11.8802,-3.6594,3.8752,1.9085,-1.107,-0.5488,3.775,27.926,28.167,36.1244,-17.5185,0.2,0.0,0.0,0.0,1.9534,-1.1166,-0.684,2.3517,-0.0755,0,0,0,0.653,0.355,0.645,0,0,0.0,4,SEARCH_PHASE,1.9085,-1.107,-24.2442,13.8591
1365,41.068,11.9183,-3.6815,3.8632,1.9071,-1.1057,-0.5963,3.763,27.882,28.121,36.1244,-17.5185,0.2,0.0,0.0,0.0,1.9534,-1.1166,-0.732,2.3661,-0.0974,0,0,0,0.652,0.353,0.647,0,0,0.0,4,SEARCH_PHASE,1.9071,-1.1057,-24.2061,13.837
1366,41.099,11.9565,-3.7036,3.8504,1.9068,-1.1039,-0.6439,3.75,27.838,28.076,36.1244,-17.5185,0.2,0.0,0.0,0.0,1.9534,-1.1166,-0.78,2.3814,-0.0763,0,0,0,0.655,0.354,0.646,0,0,0.0,4,SEARCH_PHASE,1.9068,-1.1039,-24.1679,13.8149
1367,41.131,11.9946,-3.7257,3.8365,1.9055,-1.1026,-0.6915,3.737,27.794,28.031,36.1244,-17.5185,0.2,0.0,0.0,0.0,1.9534,-1.1166,-0.828,2.3975,-0.0994,0,0,0,0.654,0.354,0.646,0,0,0.0,4,SEARCH_PHASE,1.9055,-1.1026,-24.1298,13.7928
1368,41.162,12.0327,-3.7477,3.8217,1.905,-1.101,-0.7391,3.722,27.75,27.985,36.1244,-17.5185,0.2,0.0,0.0,0.0,1.9534,-1.1166,-0.876,2.4145,-0.0785,0,0,0,0.658,0.36,0.64,0,0,0.0,4,SEARCH_PHASE,1.905,-1.101,-24.0917,13.7708
1369,41.193,12.0707,-3.7697,3.806,1.9037,-1.1001,-0.7867,3.706,27.706,27.939,36.1244,-17.5185,0.2,0.0,0.0,0.0,1.9534,-1.1165,-0.924,2.4323,-0.1004,0,0,0,0.657,0.354,0.646,0,0,0.0,4,SEARCH_PHASE,1.9037,-1.1001,-24.0537,13.7488
1370,41.228,12.1088,-3.7917,3.7893,1.9032,-1.099,-0.8344,3.689,27.662,27.894,36.1244,-17.5185,0.2,0.0,0.0,0.0,1.9534,-1.1165,-0.972,2.451,-0.0798,0,0,0,0.66,0.356,0.644,0,0,0.0,4,SEARCH_PHASE,1.9032,-1.099,-24.0156,13.7268
1371,41.259,12.1468,-3.8137,3.7717,1.9016,-1.0989,-0.8823,3.672,27.618,27.848,36.1244,-17.5185,0.2,0.0,0.0,0.0,1.9534,-1.1165,-1.02,2.4704,-0.0896,0,0,0,0.662,0.362,0.638,0,0,0.0,4,SEARCH_PHASE,1.9016,-1.0989,-23.9776,13.7048
1372,41.291,12.1849,-3.8356,3.7531,1.9006,-1.0986,-0.9298,3.653,27.574,27.802,36.1244,-17.5185,0.2,0.0,0.0,0.0,1.9534,-1.1166,-1.068,2.4906,-0.0687,0,0,0,0.667,0.37,0.63,0,0,0.0,4,SEARCH_PHASE,1.9006,-1.0986,-23.9396,13.6829
1373,41.323,12.2228,-3.8576,3.7335,1.8995,-1.0987,-0.9773,3.634,27.53,27.756,36.1244,-17.5185,0.2,0.0,0.0,0.0,1.9532,-1.117,-1.116,2.5116,-0.0906,0,0,0,0.668,0.369,0.631,0,0,0.0,4,SEARCH_PHASE,1.8995,-1.0987,-23.9016,13.6609
1374,41.355,12.2608,-3.8796,3.713,1.9001,-1.0979,-1.0249,3.613,27.486,27.71,36.1244,-17.5185,0.2,0.0,0.0,0.0,1.952,-1.1189,-1.164,2.5333,-0.0702,0,0,0,0.673,0.374,0.626,0,0,0.0,4,SEARCH_PHASE,1.9001,-1.0979,-23.8636,13.6389
1375,41.387,12.2989,-3.9015,3.6916,1.9001,-1.0976,-1.0725,3.592,27.442,27.664,36.1244,-17.5185,0.2,0.0,0.0,0.0,1.9516,-1.1197,-1.116,2.5116,-0.0925,0,0,0,0.673,0.378,0.622,0,0,0.0,4,SEARCH_PHASE,1.9001,-1.0976,-23.8256,13.617
1376,41.419,12.3369,-3.9235,3.6699,1.9031,-1.0972,-1.0846,3.57,27.398,27.617,36.1244,-17.5185,0.2,0.0,0.0,0.0,1.95,-1.1225,-1.068,2.4906,-0.0693,0,0,0,0.678,0.376,0.624,0,0,0.0,4,SEARCH_PHASE,1.9031,-1.0972,-23.7875,13.595
1377,41.451,12.375,-3.9454,3.6484,1.9061,-1.0978,-1.0745,3.548,27.354,27.571,36.1244,-17.5185,0.2,0.0,0.0,0.0,1.95,-1.1225,-1.02,2.4704,-0.0956,0,0,0,0.678,0.379,0.621,0,0,0.0,4,SEARCH_PHASE,1.9061,-1.0978,-23.7494,13.5731
1378,41.484,12.4133,-3.9674,3.6274,1.9116,-1.0978,-1.0505,3.527,27.31,27.525,36.1244,-17.5185,0.2,0.0,0.0,0.0,1.9485,-1.1251,-0.972,2.451,-0.0701,0,0,0,0.682,0.38,0.62,0,0,0.0,4,SEARCH_PHASE,1.9116,-1.0978,-23.7111,13.5511
1379,41.517,12.4516,-3.9893,3.607,1.9158,-1.099,-1.0177,3.507,27.266,27.478,36.1244,-17.5185,0.2,0.0,0.0,0.0,1.9492,-1.1239,-0.924,2.4323,-0.0979,0,0,0,0.681,0.385,0.615,0,0,0.0,4,SEARCH_PHASE,1.9158,-1.099,-23.6728,13.5292
1380,41.55,12.49,-4.0113,3.5875,1.9219,-1.0995,-0.9794,3.487,27.222,27.432,36.1244,-17.5185,0.2,0.0,0.0,0.0,1.9478,-1.1263,-0.876,2.4145,-0.0717,0,0,0,0.684,0.382,0.618,0,0,0.0,4,SEARCH_PHASE,1.9219,-1.0995,-23.6344,13.5072
1381,41.582,12.5285,-4.0334,3.5687,1.9258,-1.1014,-0.9377,3.469,27.177,27.385,36.1244,-17.5185,0.2,0.0,0.0,0.0,1.9489,-1.1244,-0.828,2.3975,-0.1,0,0,0,0.682,0.388,0.612,0,0,0.0,4,SEARCH_PHASE,1.9258,-1.1014,-23.5959,13.4851
1382,41.614,12.5672,-4.0554,3.5508,1.9312,-1.1026,-0.8937,3.451,27.133,27.339,36.1244,-17.5185,0.2,0.0,0.0,0.0,1.9479,-1.1261,-0.78,2.3814,-0.0737,0,0,0,0.685,0.382,0.618,0,0,0.0,4,SEARCH_PHASE,1.9312,-1.1026,-23.5572,13.4631
1383,41.647,12.6058,-4.0775,3.5339,1.9337,-1.1055,-0.8484,3.434,27.088,27.293,36.1244,-17.5185,0.2,0.0,0.0,0.0,1.9493,-1.1237,-0.732,2.3661,-0.1022,0,0,0,0.682,0.384,0.616,0,0,0.0,4,SEARCH_PHASE,1.9337,-1.1055,-23.5186,13.441
1384,41.679,12.6446,-4.0997,3.5178,1.937,-1.1078,-0.8022,3.418,27.044,27.247,36.1244,-17.5185,0.2,0.0,0.0,0.0,1.9488,-1.1245,-0.684,2.3517,-0.0761,0,0,0,0.684,0.385,0.615,0,0,0.0,4,SEARCH_PHASE,1.937,-1.1078,-23.4798,13.4188
1385,41.715,12.6833,-4.1219,3.5027,1.937,-1.1119,-0.7556,3.403,26.999,27.2,36.1244,-17.5185,0.2,0.0,0.0,0.0,1.9502,-1.1221,-0.636,2.3382,-0.0804,0,0,0,0.68,0.379,0.621,0,0,0.0,4,SEARCH_PHASE,1.937,-1.1119,-23.4411,13.3966
1386,41.75,12.7221,-4.1442,3.4885,1.9375,-1.1155,-0.7084,3.389,26.954,27.154,36.1244,-17.5185,0.2,0.0,0.0,0.0,1.9499,-1.1227,-0.588,2.3256,-0.0549,0,0,0,0.682,0.377,0.623,0,0,0.0,4,SEARCH_PHASE,1.9375,-1.1155,-23.4023,13.3743
1387,41.782,12.7608,-4.1666,3.4753,1.9347,-1.1188,-0.6611,3.375,26.91,27.108,36.1244,-17.5185,0.2,0.0,0.0,0.0,1.9504,-1.1218,-0.54,2.3139,-0.0871,0,0,0,0.681,0.38,0.62,0,0,0.0,4,SEARCH_PHASE,1.9347,-1.1188,-23.3636,13.3519
1388,41.815,12.7994,-4.189,3.463,1.9328,-1.1193,-0.6135,3.363,26.865,27.062,36.1244,-17.5185,0.2,0.0,0.0,0.0,1.949,-1.1243,-0.492,2.3032,-0.0619,0,0,0,0.684,0.385,0.615,0,0,0.0,4,SEARCH_PHASE,1.9328,-1.1193,-23.325,13.3295
1389,41.847,12.838,-4.2114,3.4517,1.9292,-1.1201,-0.5659,3.352,26.82,27.017,36.1244,-17.5185,0.2,0.0,0.0,0.0,1.9499,-1.1226,-0.444,2.2934,-0.0902,0,0,0,0.682,0.382,0.618,0,0,0.0,4,SEARCH_PHASE,1.9292,-1.1201,-23.2864,13.3071
1390,41.88,12.8766,-4.2338,3.4414,1.9278,-1.1187,-0.5182,3.341,26.776,26.971,36.1244,-17.5185,0.2,0.0,0.0,0.0,1.9483,-1.1255,-0.396,2.2846,-0.0649,0,0,0,0.685,0.386,0.614,0,0,0.0,4,SEARCH_PHASE,1.9278,-1.1187,-23.2478,13.2847
1391,41.913,12.915,-4.2561,3.4319,1.9243,-1.1177,-0.4706,3.332,26.731,26.926,36.1244,-17.5185,0.2,0.0,0.0,0.0,1.9497,-1.123,-0.348,2.2768,-0.0935,0,0,0,0.682,0.379,0.621,0,0,0.0,4,SEARCH_PHASE,1.9243,-1.1177,-23.2094,13.2624
1392,41.946,12.9535,-4.2784,3.4235,1.9224,-1.1148,-0.4229,3.323,26.687,26.881,36.1244,-17.5185,0.2,0.0,0.0,0.0,1.9483,-1.1255,-0.3,2.2699,-0.0682,0,0,0,0.684,0.385,0.615,0,0,0.0,4,SEARCH_PHASE,1.9224,-1.1148,-23.1709,13.2401
1393,41.981,12.9918,-4.3007,3.416,1.9179,-1.1125,-0.3754,3.316,26.643,26.836,36.1244,-17.5185,0.2,0.0,0.0,0.0,1.9484,-1.1253,-0.252,2.2641,-0.1009,0,0,0,0.683,0.377,0.623,0,0,0.0,4,SEARCH_PHASE,1.9179,-1.1125,-23.1326,13.2178
1394,42.015,13.0301,-4.3228,3.4094,1.9145,-1.1083,-0.3277,3.309,26.598,26.791,36.1244,-17.5185,0.2,0.0,0.0,0.0,1.9455,-1.1302,-0.204,2.2592,-0.0757,0,0,0,0.687,0.386,0.614,0,0,0.0,4,SEARCH_PHASE,1.9145,-1.1083,-23.0943,13.1957
1395,42.052,13.0683,-4.3449,3.4038,1.91,-1.1054,-0.28,3.304,26.554,26.747,36.1244,-17.5185,0.2,0.0,0.0,0.0,1.9452,-1.1307,-0.156,2.2554,-0.1048,0,0,0,0.686,0.385,0.615,0,0,0.0,4,SEARCH_PHASE,1.91,-1.1054,-23.0561,13.1736
1396,42.089,13.1065,-4.367,3.3992,1.9082,-1.1013,-0.2323,3.299,26.51,26.702,36.1244,-17.5185,0.2,0.0,0.0,0.0,1.9426,-1.1353,-0.108,2.2526,-0.0793,0,0,0,0.689,0.389,0.611,0,0,0.0,4,SEARCH_PHASE,1.9082,-1.1013,-23.0179,13.1515
1397,42.161,13.1446,-4.3889,3.3955,1.9047,-1.0985,-0.1852,3.295,26.466,26.658,36.1244,-17.5185,0.2,0.0,0.0,0.0,1.9412,-1.1377,-0.06,2.2508,-0.1054,0,0,0,0.687,0.387,0.613,0,0,0.0,4,SEARCH_PHASE,1.9047,-1.0985,-22.9798,13.1296
1398,42.277,13.1827,-4.4108,3.3927,1.9034,-1.0947,-0.1373,3.293,26.422,26.614,36.1244,-17.5185,0.2,0.0,0.0,0.0,1.9414,-1.1373,-0.012,2.25,-0.077,0,0,0,0.689,0.394,0.606,0,0,0.0,4,SEARCH_PHASE,1.9034,-1.0947,-22.9417,13.1077
1399,42.332,13.2207,-4.4327,3.3909,1.9,-1.0924,-0.0895,3.291,26.378,26.571,36.1244,-17.5185,0.2,0.0,0.0,0.0,1.9405,-1.1388,0.036,2.2503,-0.1037,0,0,0,0.691,0.386,0.614,0,0,0.0,4,SEARCH_PHASE,1.9,-1.0924,-22.9037,13.0858
1400,42.389,13.2586,-4.4545,3.3901,1.8985,-1.0892,-0.0417,3.29,26.335,26.527,36.1244,-17.5185,0.2,0.0,0.0,0.0,1.9377,-1.1436,0.084,2.2516,-0.0759,0,0,0,0.691,0.394,0.606,0,0,0.0,4,SEARCH_PHASE,1.8985,-1.0892,-22.8658,13.064
1401,42.444,13.2965,-4.4762,3.3902,1.8944,-1.0876,0.0059,3.29,26.291,26.484,36.1244,-17.5185,0.2,0.0,0.0,0.0,1.9374,-1.1441,0.132,2.2539,-0.106,0,0,0,0.696,0.393,0.607,0,0,0.0,4,SEARCH_PHASE,1.8944,-1.0876,-22.8279,13.0423
1402,42.49,13.3344,-4.4979,3.3913,1.8917,-1.0854,0.0537,3.291,26.247,26.441,36.1244,-17.5185,0.2,0.0,0.0,0.0,1.9302,-1.1562,0.18,2.2572,-0.079,0,0,0,0.691,0.4,0.6,0,0,0.0,4,SEARCH_PHASE,1.8917,-1.0854,-22.7901,13.0206
1403,42.529,13.3721,-4.5196,3.3933,1.8878,-1.0853,0.1015,3.293,26.204,26.398,36.1244,-17.5185,0.2,0.0,0.0,0.0,1.9293,-1.1577,0.228,2.2615,-0.105,0,0,0,0.7,0.398,0.602,0,0,0.0,4,SEARCH_PHASE,1.8878,-1.0853,-22.7523,12.9989
1404,42.566,13.4098,-4.5413,3.3963,1.8866,-1.0851,0.1493,3.296,26.16,26.355,36.1244,-17.5185,0.2,0.0,0.0,0.0,1.9232,-1.1679,0.276,2.2669,-0.0781,0,0,0,0.698,0.403,0.597,0,0,0.0,4,SEARCH_PHASE,1.8866,-1.0851,-22.7146,12.9772
1405,42.601,13.4475,-4.5631,3.4003,1.8838,-1.0874,0.1971,3.3,26.117,26.312,36.1244,-17.5185,0.2,0.0,0.0,0.0,1.9206,-1.1721,0.324,2.2732,-0.1041,0,0,0,0.703,0.402,0.598,0,0,0.0,4,SEARCH_PHASE,1.8838,-1.0874,-22.6769,12.9554
1406,42.634,13.4852,-4.5849,3.4052,1.8832,-1.0896,0.2449,3.305,26.073,26.269,36.1244,-17.5185,0.2,0.0,0.0,0.0,1.9156,-1.1803,0.372,2.2805,-0.0775,0,0,0,0.708,0.403,0.597,0,0,0.0,4,SEARCH_PHASE,1.8832,-1.0896,-22.6392,12.9336
1407,42.678,13.5228,-4.6068,3.411,1.8804,-1.0944,0.2926,3.311,26.03,26.227,36.1244,-17.5185,0.2,0.0,0.0,0.0,1.9105,-1.1884,0.42,2.2889,-0.1033,0,0,0,0.707,0.407,0.593,0,0,0.0,4,SEARCH_PHASE,1.8804,-1.0944,-22.6016,12.9117
1408,42.716,13.5604,-4.6288,3.4178,1.8794,-1.0995,0.3403,3.318,25.986,26.185,36.1244,-17.5185,0.2,0.0,0.0,0.0,1.9028,-1.2008,0.468,2.2982,-0.0772,0,0,0,0.709,0.41,0.59,0,0,0.0,4,SEARCH_PHASE,1.8794,-1.0995,-22.564,12.8897
1409,42.761,13.5979,-4.6509,3.4256,1.8756,-1.1071,0.3879,3.326,25.943,26.142,36.1244,-17.5185,0.2,0.0,0.0,0.0,1.9043,-1.1985,0.516,2.3084,-0.0921,0,0,0,0.707,0.401,0.599,0,0,0.0,4,SEARCH_PHASE,1.8756,-1.1071,-22.5265,12.8676
1410,42.824,13.6354,-4.6732,3.4343,1.873,-1.1152,0.4355,3.334,25.899,26.1,36.1244,-17.5185,0.2,0.0,0.0,0.0,1.8894,-1.2217,0.564,2.3196,-0.0666,0,0,0,0.709,0.403,0.597,0,0,0.0,4,SEARCH_PHASE,1.873,-1.1152,-22.4891,12.8453
1411,42.875,13.6727,-4.6957,3.4439,1.8675,-1.125,0.4831,3.344,25.855,26.058,36.1244,-17.5185,0.2,0.0,0.0,0.0,1.8867,-1.226,0.612,2.3317,-0.0929,0,0,0,0.707,0.4,0.6,0,0,0.0,4,SEARCH_PHASE,1.8675,-1.125,-22.4517,12.8228
1412,42.92,13.71,-4.7184,3.4546,1.8632,-1.1343,0.5307,3.355,25.812,26.016,36.1244,-17.5185,0.2,0.0,0.0,0.0,1.8704,-1.2506,0.66,2.3448,-0.068,0,0,0,0.708,0.407,0.593,0,0,0.0,4,SEARCH_PHASE,1.8632,-1.1343,-22.4144,12.8001
1413,42.957,13.7471,-4.7413,3.4661,1.856,-1.1456,0.5784,3.366,25.768,25.974,36.1244,-17.5185,0.2,0.0,0.0,0.0,1.8619,-1.2633,0.708,2.3588,-0.0932,0,0,0,0.712,0.397,0.603,0,0,0.0,4,SEARCH_PHASE,1.856,-1.1456,-22.3773,12.7772
1414,42.995,13.7841,-4.7644,3.4787,1.8498,-1.1566,0.6261,3.379,25.725,25.933,36.1244,-17.5185,0.2,0.0,0.0,0.0,1.8448,-1.288,0.756,2.3736,-0.0689,0,0,0,0.713,0.396,0.604,0,0,0.0,4,SEARCH_PHASE,1.8498,-1.1566,-22.3403,12.7541
1415,43.035,13.8209,-4.7878,3.4921,1.8406,-1.1699,0.6736,3.392,25.681,25.891,36.1244,-17.5185,0.2,0.0,0.0,0.0,1.8263,-1.3142,0.804,2.3893,-0.0888,0,0,0,0.724,0.397,0.603,0,0,0.0,4,SEARCH_PHASE,1.8406,-1.1699,-22.3035,12.7307
1416,43.076,13.8575,-4.8115,3.5065,1.8322,-1.1831,0.7209,3.407,25.638,25.85,36.1244,-17.5185,0.2,0.0,0.0,0.0,1.8091,-1.3378,0.852,2.4059,-0.0673,0,0,0,0.719,0.396,0.604,0,0,0.0,4,SEARCH_PHASE,1.8322,-1.1831,-22.2669,12.707
1417,43.125,13.894,-4.8355,3.5219,1.8216,-1.1982,0.7689,3.422,25.594,25.809,36.1244,-17.5185,0.2,0.0,0.0,0.0,1.7801,-1.3761,0.9,2.4233,-0.0945,0,0,0,0.729,0.402,0.598,0,0,0.0,4,SEARCH_PHASE,1.8216,-1.1982,-22.2304,12.683
1418,43.171,13.9302,-4.8597,3.5383,1.8129,-1.213,0.8172,3.438,25.55,25.768,36.1244,-17.5185,0.2,0.0,0.0,0.0,1.7526,-1.411,0.948,2.4416,-0.0734,0,0,0,0.73,0.404,0.596,0,0,0.0,4,SEARCH_PHASE,1.8129,-1.213,-22.1942,12.6588
1419,43.205,13.9663,-4.8843,3.5556,1.8016,-1.2298,0.8653,3.456,25.507,25.727,36.1244,-17.5185,0.2,0.0,0.0,0.0,1.7285,-1.4405,0.996,2.4606,-0.1014,0,0,0,0.729,0.398,0.602,0,0,0.0,4,SEARCH_PHASE,1.8016,-1.2298,-22.1581,12.6342
1420,43.238,14.0021,-4.9092,3.5738,1.7918,-1.2464,0.9136,3.474,25.464,25.686,36.1244,-17.5185,0.2,0.0,0.0,0.0,1.6988,-1.4753,1.044,2.4804,-0.0799,0,0,0,0.729,0.393,0.607,0,0,0.0,4,SEARCH_PHASE,1.7918,-1.2464,-22.1223,12.6093
1421,43.272,14.0377,-4.9345,3.5931,1.7789,-1.2651,0.9611,3.493,25.42,25.646,36.1244,-17.5185,0.2,0.0,0.0,0.0,1.6917,-1.4834,1.092,2.501,-0.1051,0,0,0,0.727,0.388,0.612,0,0,0.0,4,SEARCH_PHASE,1.7789,-1.2651,-22.0867,12.584
1422,43.307,14.073,-4.9602,3.6132,1.767,-1.2839,1.0092,3.513,25.377,25.605,36.1244,-17.5185,0.2,0.0,0.0,0.0,1.6595,-1.519,1.14,2.5221,-0.0802,0,0,0,0.727,0.391,0.609,0,0,0.0,4,SEARCH_PHASE,1.767,-1.2839,-22.0514,12.5583
1423,43.341,14.108,-4.9863,3.6344,1.7516,-1.305,1.0572,3.534,25.333,25.565,36.1244,-17.5185,0.2,0.0,0.0,0.0,1.6465,-1.5335,1.188,2.5444,-0.105,0,0,0,0.724,0.377,0.623,0,0,0.0,4,SEARCH_PHASE,1.7516,-1.305,-22.0164,12.5322
1424,43.38,14.1428,-5.0128,3.6565,1.7369,-1.326,1.1051,3.556,25.29,25.525,36.1244,-17.5185,0.2,0.0,0.0,0.0,1.6128,-1.5677,1.236,2.5664,-0.0807,0,0,0,0.739,0.381,0.619,0,0,0.0,4,SEARCH_PHASE,1.7369,-1.326,-21.9816,12.5057
1425,43.414,14.1772,-5.0398,3.6795,1.7183,-1.3497,1.1528,3.58,25.247,25.485,36.1244,-17.5185,0.2,0.0,0.0,0.0,1.5881,-1.5939,1.284,2.5906,-0.105,0,0,0,0.738,0.373,0.627,0,0,0.0,4,SEARCH_PHASE,1.7183,-1.3497,-21.9473,12.4787
1426,43.449,14.2112,-5.0673,3.7036,1.6998,-1.3734,1.2006,3.604,25.204,25.446,36.1244,-17.5185,0.2,0.0,0.0,0.0,1.6041,-1.5778,1.332,2.6147,-0.0814,0,0,0,0.737,0.369,0.631,0,0,0.0,4,SEARCH_PHASE,1.6998,-1.3734,-21.9133,12.4512
1427,43.483,14.2447,-5.0953,3.7285,1.6771,-1.3997,1.2465,3.628,25.161,25.407,36.1244,-17.5185,0.2,0.0,0.0,0.0,1.5697,-1.6112,1.38,2.639,-0.0571,0,0,0,0.738,0.361,0.639,0,0,0.0,4,SEARCH_PHASE,1.6771,-1.3997,-21.8797,12.4232
1428,43.517,14.2778,-5.1238,3.7544,1.654,-1.4264,1.293,3.654,25.118,25.368,36.1244,-17.5185,0.2,0.0,0.0,0.0,1.5538,-1.6274,1.428,2.6649,-0.0847,0,0,0,0.736,0.356,0.644,0,0,0.0,4,SEARCH_PHASE,1.654,-1.4264,-21.8466,12.3947
1429,43.551,14.3104,-5.1528,3.7812,1.6335,-1.4509,1.3404,3.681,25.075,25.329,36.1244,-17.5185,0.2,0.0,0.0,0.0,1.5184,-1.6599,1.476,2.6906,-0.0686,0,0,0,0.737,0.354,0.646,0,0,0.0,4,SEARCH_PHASE,1.6335,-1.4509,-21.814,12.3657
1430,43.586,14.3427,-5.1824,3.8089,1.611,-1.4758,1.3878,3.709,25.032,25.291,36.1244,-17.5185,0.2,0.0,0.0,0.0,1.4826,-1.6919,1.524,2.7172,-0.0959,0,0,0,0.741,0.352,0.648,0,0,0.0,4,SEARCH_PHASE,1.611,-1.4758,-21.7817,12.3361
1431,43.62,14.3745,-5.2123,3.8376,1.5905,-1.499,1.436,3.738,24.99,25.253,36.1244,-17.5185,0.2,0.0,0.0,0.0,1.4584,-1.7133,1.572,2.7448,-0.074,0,0,0,0.744,0.354,0.646,0,0,0.0,4,SEARCH_PHASE,1.5905,-1.499,-21.7499,12.3062
1432,43.655,14.4058,-5.2428,3.8673,1.5676,-1.5231,1.4831,3.767,24.948,25.216,36.1244,-17.5185,0.2,0.0,0.0,0.0,1.4941,-1.6812,1.62,2.7719,-0.0988,0,0,0,0.743,0.351,0.649,0,0,0.0,4,SEARCH_PHASE,1.5676,-1.5231,-21.7186,12.2757
1433,43.688,14.4367,-5.2737,3.8979,1.5463,-1.5455,1.5296,3.798,24.906,25.179,36.1244,-17.5185,0.2,0.0,0.0,0.0,1.5291,-1.6484,1.668,2.7996,-0.0729,0,0,0,0.743,0.353,0.647,0,0,0.0,4,SEARCH_PHASE,1.5463,-1.5455,-21.6877,12.2448
1434,43.722,14.4672,-5.3051,3.9294,1.5223,-1.5689,1.5746,3.829,24.864,25.142,36.1244,-17.5185,0.2,0.0,0.0,0.0,1.5644,-1.6172,1.7,2.82,-0.0496,0,0,0,0.743,0.349,0.651,0,0,0.0,4,SEARCH_PHASE,1.5223,-1.5689,-21.6572,12.2134
1435,43.756,14.4972,-5.3369,3.9617,1.5,-1.5902,1.6142,3.862,24.822,25.105,36.1244,-17.5185,0.2,0.0,0.0,0.0,1.5333,-1.6467,1.7,2.82,-0.0791,0,0,0,0.743,0.354,0.646,0,0,0.0,4,SEARCH_PHASE,1.5,-1.5902,-21.6272,12.1816
1436,43.79,14.5268,-5.369,3.9945,1.4824,-1.6066,1.64,3.894,24.78,25.069,36.1244,-17.5185,0.2,0.0,0.0,0.0,1.4979,-1.6789,1.7,2.82,-0.0595,0,0,0,0.744,0.349,0.651,0,0,0.0,4,SEARCH_PHASE,1.4824,-1.6066,-21.5976,12.1495
1437,43.824,14.5562,-5.4014,4.0276,1.4657,-1.6214,1.6566,3.928,24.739,25.033,36.1244,-17.5185,0.2,0.0,0.0,0.0,1.5021,-1.6752,1.7,2.82,-0.0863,0,0,0,0.743,0.361,0.639,0,0,0.0,4,SEARCH_PHASE,1.4657,-1.6214,-21.5683,12.1171
1438,43.859,14.5852,-5.4341,4.0609,1.4528,-1.6327,1.6676,3.961,24.698,24.998,36.1244,-17.5185,0.2,0.0,0.0,0.0,1.4899,-1.686,1.7,2.82,-0.0642,0,0,0,0.743,0.345,0.655,0,0,0.0,4,SEARCH_PHASE,1.4528,-1.6327,-21.5392,12.0844
1439,43.894,14.614,-5.467,4.0944,1.44,-1.6431,1.6746,3.994,24.656,24.962,36.1244,-17.5185,0.2,0.0,0.0,0.0,1.5252,-1.6534,1.7,2.8196,-0.0907,0,0,0,0.741,0.359,0.641,0,0,0.0,4,SEARCH_PHASE,1.44,-1.6431,-21.5104,12.0515
1440,43.928,14.6426,-5.5,4.128,1.4304,-1.6506,1.6789,4.028,24.615,24.927,36.1244,-17.5185,0.2,0.0,0.0,0.0,1.4889,-1.6848,1.7,2.8188,-0.0678,0,0,0,0.742,0.349,0.651,0,0,0.0,4,SEARCH_PHASE,1.4304,-1.6506,-21.4818,12.0185
1441,43.962,14.671,-5.5331,4.1617,1.4204,-1.6575,1.6816,4.062,24.574,24.892,36.1244,-17.5185,0.2,0.0,0.0,0.0,1.452,-1.7155,1.7,2.818,-0.0935,0,0,0,0.745,0.344,0.656,0,0,0.0,4,SEARCH_PHASE,1.4204,-1.6575,-21.4534,11.9854
1442,43.995,14.6993,-5.5664,4.1953,1.413,-1.662,1.684,4.095,24.533,24.857,36.1244,-17.5185,0.2,0.0,0.0,0.0,1.4509,-1.7197,1.7,2.82,-0.0922,0,0,0,0.745,0.337,0.663,0,0,0.0,4,SEARCH_PHASE,1.413,-1.662,-21.4251,11.9521
1443,44.03,14.7274,-5.5997,4.229,1.4054,-1.6662,1.6851,4.129,24.493,24.822,36.1244,-17.5185,0.2,0.0,0.0,0.0,1.4865,-1.6876,1.7,2.8192,-0.0936,0,0,0,0.744,0.341,0.659,0,0,0.0,4,SEARCH_PHASE,1.4054,-1.6662,-21.397,11.9188
1444,44.063,14.7554,-5.6331,4.2627,1.4003,-1.6702,1.6858,4.163,24.452,24.787,36.1244,-17.5185,0.2,0.0,0.0,0.0,1.5217,-1.6549,1.652,2.7899,-0.068,0,0,0,0.745,0.331,0.669,0,0,0.0,4,SEARCH_PHASE,1.4003,-1.6702,-21.369,11.8854
1445,44.098,14.7833,-5.6666,4.2961,1.395,-1.6739,1.6687,4.196,24.411,24.753,36.1244,-17.5185,0.2,0.0,0.0,0.0,1.557,-1.6223,1.604,2.762,-0.0723,0,0,0,0.745,0.332,0.668,0,0,0.0,4,SEARCH_PHASE,1.395,-1.6739,-21.3411,11.8519
1446,44.134,14.8111,-5.7001,4.3289,1.3922,-1.6758,1.6406,4.229,24.371,24.718,36.1244,-17.5185,0.2,0.0,0.0,0.0,1.5219,-1.6551,1.652,2.7901,-0.0507,0,0,0,0.746,0.33,0.67,0,0,0.0,4,SEARCH_PHASE,1.3922,-1.6758,-21.3133,11.8184
1447,44.169,14.839,-5.7336,4.3618,1.391,-1.6775,1.6413,4.262,24.33,24.683,36.1244,-17.5185,0.2,0.0,0.0,0.0,1.4869,-1.6879,1.7,2.8196,-0.0775,0,0,0,0.745,0.327,0.673,0,0,0.0,4,SEARCH_PHASE,1.391,-1.6775,-21.2854,11.7849
1448,44.206,14.8669,-5.7672,4.3949,1.3943,-1.6766,1.6593,4.295,24.289,24.649,36.1244,-17.5185,0.2,0.0,0.0,0.0,1.4502,-1.7189,1.7,2.8191,-0.1102,0,0,0,0.745,0.333,0.667,0,0,0.0,4,SEARCH_PHASE,1.3943,-1.6766,-21.2576,11.7513
1449,44.24,14.8948,-5.8007,4.4284,1.3981,-1.6744,1.6705,4.328,24.249,24.615,36.1244,-17.5185,0.2,0.0,0.0,0.0,1.4857,-1.6866,1.652,2.7895,-0.0624,0,0,0,0.744,0.329,0.671,0,0,0.0,4,SEARCH_PHASE,1.3981,-1.6744,-21.2296,11.7178
1450,44.273,14.9229,-5.8341,4.4616,1.4025,-1.6739,1.6598,4.362,24.208,24.58,36.1244,-17.5185,0.2,0.0,0.0,0.0,1.5204,-1.6534,1.604,2.7601,-0.0952,0,0,0,0.744,0.33,0.67,0,0,0.0,4,SEARCH_PHASE,1.4025,-1.6739,-21.2015,11.6844
1451,44.306,14.951,-5.8676,4.4942,1.4058,-1.6719,1.6348,4.394,24.167,24.546,36.1244,-17.5185,0.2,0.0,0.0,0.0,1.5542,-1.6194,1.556,2.7312,-0.0581,0,0,0,0.742,0.321,0.679,0,0,0.0,4,SEARCH_PHASE,1.4058,-1.6719,-21.1734,11.6509
1452,44.34,14.9792,-5.901,4.5263,1.4098,-1.6711,1.6022,4.426,24.126,24.511,36.1244,-17.5185,0.2,0.0,0.0,0.0,1.5893,-1.5866,1.508,2.705,-0.0399,0,0,0,0.742,0.322,0.678,0,0,0.0,4,SEARCH_PHASE,1.4098,-1.6711,-21.1452,11.6175
1453,44.373,15.0074,-5.9344,4.5576,1.4135,-1.6693,1.5645,4.458,24.086,24.477,36.1244,-17.5185,0.2,0.0,0.0,0.0,1.6243,-1.5537,1.46,2.6803,-0.0715,0,0,0,0.742,0.329,0.671,0,0,0.0,4,SEARCH_PHASE,1.4135,-1.6693,-21.117,11.5841
1454,44.408,15.0358,-5.9677,4.5881,1.4196,-1.665,1.5238,4.488,24.045,24.442,36.1244,-17.5185,0.2,0.0,0.0,0.0,1.5909,-1.5882,1.412,2.6546,-0.0521,0,0,0,0.743,0.335,0.665,0,0,0.0,4,SEARCH_PHASE,1.4196,-1.665,-21.0886,11.5508
1455,44.444,15.0644,-6.0009,4.6177,1.4271,-1.6602,1.4804,4.518,24.004,24.407,36.1244,-17.5185,0.2,0.0,0.0,0.0,1.5576,-1.6228,1.364,2.6306,-0.0795,0,0,0,0.743,0.33,0.67,0,0,0.0,4,SEARCH_PHASE,1.4271,-1.6602,-21.06,11.5176
1456,44.479,15.0931,-6.034,4.6464,1.4381,-1.6535,1.4343,4.546,23.963,24.372,36.1244,-17.5185,0.2,0.0,0.0,0.0,1.592,-1.5893,1.316,2.6061,-0.0769,0,0,0,0.742,0.328,0.672,0,0,0.0,4,SEARCH_PHASE,1.4381,-1.6535,-21.0313,11.4846
1457,44.513,15.1222,-6.0669,4.6741,1.4504,-1.6462,1.3882,4.574,23.921,24.336,36.1244,-17.5185,0.2,0.0,0.0,0.0,1.6065,-1.5754,1.268,2.5827,-0.0519,0,0,0,0.742,0.326,0.674,0,0,0.0,4,SEARCH_PHASE,1.4504,-1.6462,-21.0023,11.4516
1458,44.548,15.1514,-6.0996,4.701,1.4622,-1.6384,1.3417,4.601,23.88,24.301,36.1244,-17.5185,0.2,0.0,0.0,0.0,1.6359,-1.5447,1.22,2.5595,-0.0782,0,0,0,0.741,0.327,0.673,0,0,0.0,4,SEARCH_PHASE,1.4622,-1.6384,-20.973,11.4189
1459,44.581,15.1809,-6.1322,4.7269,1.4755,-1.6288,1.2951,4.627,23.839,24.265,36.1244,-17.5185,0.2,0.0,0.0,0.0,1.6676,-1.5087,1.172,2.5358,-0.0533,0,0,0,0.74,0.321,0.679,0,0,0.0,4,SEARCH_PHASE,1.4755,-1.6288,-20.9435,11.3863
1460,44.616,15.2107,-6.1646,4.7518,1.4885,-1.6189,1.2485,4.652,23.797,24.228,36.1244,-17.5185,0.2,0.0,0.0,0.0,1.6999,-1.4732,1.124,2.5147,-0.0721,0,0,0,0.74,0.322,0.678,0,0,0.0,4,SEARCH_PHASE,1.4885,-1.6189,-20.9137,11.3539
1461,44.65,15.2407,-6.1967,4.7759,1.5033,-1.6074,1.2022,4.676,23.755,24.192,36.1244,-17.5185,0.2,0.0,0.0,0.0,1.6684,-1.5094,1.076,2.4939,-0.047,0,0,0,0.741,0.329,0.671,0,0,0.0,4,SEARCH_PHASE,1.5033,-1.6074,-20.8837,11.3218
1462,44.683,15.2711,-6.2287,4.799,1.5185,-1.5953,1.1543,4.699,23.713,24.155,36.1244,-17.5185,0.2,0.0,0.0,0.0,1.6746,-1.5028,1.028,2.4737,-0.0726,0,0,0,0.74,0.33,0.67,0,0,0.0,4,SEARCH_PHASE,1.5185,-1.5953,-20.8533,11.2899
1463,44.716,15.3018,-6.2603,4.8211,1.5363,-1.5815,1.1053,4.721,23.671,24.118,36.1244,-17.5185,0.2,0.0,0.0,0.0,1.7011,-1.4727,0.98,2.4542,-0.0616,0,0,0,0.74,0.325,0.675,0,0,0.0,4,SEARCH_PHASE,1.5363,-1.5815,-20.8226,11.2582
1464,44.75,15.3329,-6.2916,4.8422,1.5546,-1.5672,1.0574,4.742,23.629,24.081,36.1244,-17.5185,0.2,0.0,0.0,0.0,1.7077,-1.465,0.932,2.4354,-0.0715,0,0,0,0.74,0.324,0.676,0,0,0.0,4,SEARCH_PHASE,1.5546,-1.5672,-20.7915,11.2269
1465,44.784,15.3644,-6.3227,4.8624,1.5721,-1.552,1.0094,4.762,23.587,24.043,36.1244,-17.5185,0.2,0.0,0.0,0.0,1.7384,-1.428,0.884,2.4172,-0.0713,0,0,0,0.739,0.318,0.682,0,0,0.0,4,SEARCH_PHASE,1.5721,-1.552,-20.76,11.1958
1466,44.818,15.3962,-6.3534,4.8816,1.5903,-1.5361,0.962,4.782,23.544,24.005,36.1244,-17.5185,0.2,0.0,0.0,0.0,1.7518,-1.412,0.836,2.4003,-0.0571,0,0,0,0.74,0.321,0.679,0,0,0.0,4,SEARCH_PHASE,1.5903,-1.5361,-20.7282,11.1651
1467,44.853,15.4283,-6.3838,4.8999,1.6075,-1.52,0.914,4.8,23.501,23.967,36.1244,-17.5185,0.2,0.0,0.0,0.0,1.7814,-1.3743,0.788,2.3839,-0.082,0,0,0,0.739,0.313,0.687,0,0,0.0,4,SEARCH_PHASE,1.6075,-1.52,-20.6961,11.1347
1468,44.887,15.4608,-6.4138,4.9173,1.626,-1.5021,0.8671,4.817,23.458,23.928,36.1244,-17.5185,0.2,0.0,0.0,0.0,1.7965,-1.3547,0.74,2.3686,-0.0581,0,0,0,0.737,0.316,0.684,0,0,0.0,4,SEARCH_PHASE,1.626,-1.5021,-20.6636,11.1047
1469,44.923,15.4937,-6.4435,4.9337,1.6435,-1.484,0.82,4.834,23.415,23.889,36.1244,-17.5185,0.2,0.0,0.0,0.0,1.8035,-1.3453,0.692,2.354,-0.0881,0,0,0,0.736,0.309,0.691,0,0,0.0,4,SEARCH_PHASE,1.6435,-1.484,-20.6307,11.075
1470,44.96,15.527,-6.4728,4.9491,1.662,-1.4644,0.7721,4.849,23.372,23.85,36.1244,-17.5185,0.2,0.0,0.0,0.0,1.8257,-1.3151,0.644,2.3403,-0.0641,0,0,0,0.737,0.314,0.686,0,0,0.0,4,SEARCH_PHASE,1.662,-1.4644,-20.5974,11.0457
1471,44.994,15.5605,-6.5017,4.9636,1.6793,-1.4446,0.724,4.864,23.329,23.81,36.1244,-17.5185,0.2,0.0,0.0,0.0,1.8485,-1.2829,0.596,2.3276,-0.0859,0,0,0,0.737,0.311,0.689,0,0,0.0,4,SEARCH_PHASE,1.6793,-1.4446,-20.5639,11.0168
1472,45.031,15.5945,-6.5302,4.9771,1.6976,-1.4234,0.6768,4.877,23.286,23.771,36.1244,-17.5185,0.2,0.0,0.0,0.0,1.8256,-1.3152,0.548,2.3158,-0.0582,0,0,0,0.738,0.308,0.692,0,0,0.0,4,SEARCH_PHASE,1.6976,-1.4234,-20.5299,10.9883
1473,45.066,15.6288,-6.5582,4.9897,1.7146,-1.4024,0.6278,4.89,23.242,23.731,36.1244,-17.5185,0.2,0.0,0.0,0.0,1.843,-1.2907,0.5,2.3049,-0.0845,0,0,0,0.737,0.303,0.697,0,0,0.0,4,SEARCH_PHASE,1.7146,-1.4024,-20.4956,10.9603
1474,45.105,15.6634,-6.5858,5.0013,1.7324,-1.3801,0.579,4.901,23.199,23.69,36.1244,-17.5185,0.2,0.0,0.0,0.0,1.857,-1.2705,0.452,2.295,-0.083,0,0,0,0.738,0.309,0.691,0,0,0.0,4,SEARCH_PHASE,1.7324,-1.3801,-20.461,10.9327
1475,45.146,15.6984,-6.613,5.0119,1.7489,-1.3579,0.5305,4.912,23.155,23.65,36.1244,-17.5185,0.2,0.0,0.0,0.0,1.8836,-1.2305,0.404,2.2859,-0.0923,0,0,0,0.737,0.294,0.706,0,0,0.0,4,SEARCH_PHASE,1.7489,-1.3579,-20.426,10.9055
1476,45.181,15.7337,-6.6397,5.0215,1.7658,-1.336,0.4832,4.922,23.111,23.609,36.1244,-17.5185,0.2,0.0,0.0,0.0,1.9034,-1.1998,0.356,2.278,-0.0653,0,0,0,0.734,0.294,0.706,0,0,0.0,4,SEARCH_PHASE,1.7658,-1.336,-20.3907,10.8788
1477,45.214,15.7694,-6.666,5.0302,1.7813,-1.3151,0.436,4.93,23.067,23.568,36.1244,-17.5185,0.2,0.0,0.0,0.0,1.9192,-1.1743,0.308,2.271,-0.0882,0,0,0,0.734,0.292,0.708,0,0,0.0,4,SEARCH_PHASE,1.7813,-1.3151,-20.355,10.8525
1478,45.248,15.8053,-6.6919,5.038,1.7972,-1.2938,0.3887,4.938,23.024,23.526,36.1244,-17.5185,0.2,0.0,0.0,0.0,1.9258,-1.1635,0.26,2.265,-0.058,0,0,0,0.735,0.292,0.708,0,0,0.0,4,SEARCH_PHASE,1.7972,-1.2938,-20.3191,10.8266
1479,45.282,15.8416,-6.7173,5.0448,1.8125,-1.2734,0.3411,4.945,22.98,23.485,36.1244,-17.5185,0.2,0.0,0.0,0.0,1.9411,-1.1379,0.212,2.26,-0.0838,0,0,0,0.735,0.284,0.716,0,0,0.0,4,SEARCH_PHASE,1.8125,-1.2734,-20.2829,10.8012
1480,45.316,15.8781,-6.7424,5.0507,1.8283,-1.2524,0.2934,4.951,22.935,23.443,36.1244,-17.5185,0.2,0.0,0.0,0.0,1.9448,-1.1315,0.164,2.256,-0.0588,0,0,0,0.736,0.286,0.714,0,0,0.0,4,SEARCH_PHASE,1.8283,-1.2524,-20.2463,10.7761
1481,45.35,15.915,-6.767,5.0556,1.8428,-1.2323,0.2456,4.956,22.891,23.401,36.1244,-17.5185,0.2,0.0,0.0,0.0,1.9642,-1.0974,0.116,2.253,-0.0836,0,0,0,0.724,0.276,0.724,0,0,0.0,4,SEARCH_PHASE,1.8428,-1.2323,-20.2094,10.7515
1482,45.385,15.9521,-6.7913,5.0596,1.858,-1.2118,0.198,4.96,22.847,23.358,36.1244,-17.5185,0.2,0.0,0.0,0.0,1.9688,-1.0891,0.068,2.251,-0.059,0,0,0,0.721,0.279,0.721,0,0,0.0,4,SEARCH_PHASE,1.858,-1.2118,-20.1723,10.7272
1483,45.42,15.9896,-6.8151,5.0626,1.8717,-1.1923,0.1503,4.963,22.803,23.316,36.1244,-17.5185,0.2,0.0,0.0,0.0,1.9803,-1.0682,0.02,2.2501,-0.0788,0,0,0,0.708,0.274,0.726,0,0,0.0,4,SEARCH_PHASE,1.8717,-1.1923,-20.1348,10.7034
1484,45.455,16.0273,-6.8386,5.0646,1.8856,-1.1726,0.1019,4.965,22.759,23.273,36.1244,-17.5185,0.2,0.0,0.0,0.0,1.9815,-1.0659,-0.028,2.2502,-0.0597,0,0,0,0.707,0.278,0.722,0,0,0.0,4,SEARCH_PHASE,1.8856,-1.1726,-20.0971,10.6799
1485,45.49,16.0652,-6.8616,5.0657,1.8979,-1.1535,0.0542,4.966,22.714,23.23,36.1244,-17.5185,0.2,0.0,0.0,0.0,1.9862,-1.0571,-0.076,2.2513,-0.0873,0,0,0,0.693,0.266,0.734,0,0,0.0,4,SEARCH_PHASE,1.8979,-1.1535,-20.0592,10.6569
1486,45.524,16.1034,-6.8843,5.0658,1.9105,-1.134,0.0062,4.966,22.67,23.186,36.1244,-17.5185,0.2,0.0,0.0,0.0,1.9871,-1.0554,-0.124,2.2534,-0.0665,0,0,0,0.69,0.266,0.734,0,0,0.0,4,SEARCH_PHASE,1.9105,-1.134,-20.021,10.6342
1487,45.558,16.1419,-6.9066,5.065,1.9211,-1.1154,-0.042,4.965,22.626,23.143,36.1244,-17.5185,0.2,0.0,0.0,0.0,1.9872,-1.0553,-0.172,2.2566,-0.0952,0,0,0,0.636,0.258,0.742,0,0,0.0,4,SEARCH_PHASE,1.9211,-1.1154,-19.9825,10.6119
1488,45.592,16.1805,-6.9285,5.0632,1.9318,-1.0964,-0.0903,4.963,22.581,23.099,36.1244,-17.5185,0.2,0.0,0.0,0.0,1.9872,-1.0552,-0.22,2.2607,-0.0744,0,0,0,0.626,0.256,0.744,0,0,0.0,4,SEARCH_PHASE,1.9318,-1.0964,-19.9439,10.59
1489,45.626,16.2193,-6.9501,5.0604,1.9405,-1.0785,-0.1392,4.96,22.537,23.055,36.1244,-17.5185,0.2,0.0,0.0,0.0,1.9873,-1.0551,-0.268,2.2659,-0.0953,0,0,0,0.624,0.252,0.748,0,0,0.0,4,SEARCH_PHASE,1.9405,-1.0785,-19.9051,10.5684
1490,45.658,16.2583,-6.9713,5.0567,1.9494,-1.0604,-0.1874,4.957,22.492,23.011,36.1244,-17.5185,0.2,0.0,0.0,0.0,1.9873,-1.0551,-0.316,2.2721,-0.106,0,0,0,0.639,0.255,0.745,0,0,0.0,4,SEARCH_PHASE,1.9494,-1.0604,-19.8661,10.5472
1491,45.692,16.2974,-6.9922,5.0519,1.9562,-1.0434,-0.2359,4.952,22.448,22.966,36.1244,-17.5185,0.2,0.0,0.0,0.0,1.9873,-1.0551,-0.364,2.2793,-0.0829,0,0,0,0.629,0.256,0.744,0,0,0.0,4,SEARCH_PHASE,1.9562,-1.0434,-19.827,10.5263
1492,45.726,16.3367,-7.0128,5.0463,1.9627,-1.0284,-0.2832,4.946,22.404,22.922,36.1244,-17.5185,0.2,0.0,0.0,0.0,1.9873,-1.0551,-0.412,2.2874,-0.1134,0,0,0,0.645,0.259,0.741,0,0,0.0,4,SEARCH_PHASE,1.9627,-1.0284,-19.7877,10.5057
1493,45.759,16.376,-7.033,5.0397,1.9681,-1.0145,-0.3305,4.94,22.359,22.877,36.1244,-17.5185,0.2,0.0,0.0,0.0,1.9873,-1.0551,-0.46,2.2965,-0.0718,0,0,0,0.636,0.256,0.744,0,0,0.0,4,SEARCH_PHASE,1.9681,-1.0145,-19.7484,10.4855
1494,45.794,16.4155,-7.0531,5.0321,1.9735,-1.0034,-0.3778,4.932,22.315,22.832,36.1244,-17.5185,0.2,0.0,0.0,0.0,1.9872,-1.0552,-0.508,2.3066,-0.1024,0,0,0,0.649,0.26,0.74,0,0,0.0,4,SEARCH_PHASE,1.9735,-1.0034,-19.7089,10.4654
1495,45.828,16.4551,-7.073,5.0236,1.9777,-0.9932,-0.4257,4.924,22.271,22.787,36.1244,-17.5185,0.2,0.0,0.0,0.0,1.9872,-1.0553,-0.556,2.3177,-0.0679,0,0,0,0.652,0.252,0.748,0,0,0.0,4,SEARCH_PHASE,1.9777,-0.9932,-19.6693,10.4455
1496,45.863,16.4947,-7.0927,5.0141,1.9817,-0.9854,-0.4727,4.914,22.227,22.742,36.1244,-17.5185,0.2,0.0,0.0,0.0,1.9871,-1.0554,-0.604,2.3297,-0.1021,0,0,0,0.642,0.26,0.74,0,0,0.0,4,SEARCH_PHASE,1.9817,-0.9854,-19.6297,10.4258
1497,45.899,16.5344,-7.1123,5.0037,1.9844,-0.9783,-0.5196,4.904,22.182,22.697,36.1244,-17.5185,0.2,0.0,0.0,0.0,1.9871,-1.0555,-0.652,2.3426,-0.0639,0,0,0,0.65,0.255,0.745,0,0,0.0,4,SEARCH_PHASE,1.9844,-0.9783,-19.59,10.4062
1498,45.936,16.5741,-7.1317,4.9924,1.9867,-0.9736,-0.5667,4.892,22.138,22.651,36.1244,-17.5185,0.2,0.0,0.0,0.0,1.987,-1.0557,-0.7,2.3564,-0.0975,0,0,0,0.64,0.256,0.744,0,0,0.0,4,SEARCH_PHASE,1.9867,-0.9736,-19.5503,10.3868
1499,45.969,16.6139,-7.1511,4.9801,1.9876,-0.9691,-0.6138,4.88,22.094,22.605,36.1244,-17.5185,0.2,0.0,0.0,0.0,1.9869,-1.0558,-0.748,2.3711,-0.0626,0,0,0,0.636,0.25,0.75,0,0,0.0,4,SEARCH_PHASE,1.9876,-0.9691,-19.5105,10.3674
1500,46.002,16.6536,-7.1704,4.9669,1.988,-0.9669,-0.661,4.867,22.05,22.559,36.1244,-17.5185,0.2,0.0,0.0,0.0,1.9868,-1.0559,-0.796,2.3867,-0.0957,0,0,0,0.642,0.248,0.752,0,0,0.0,4,SEARCH_PHASE,1.988,-0.9669,-19.4708,10.3481
1501,46.034,16.6934,-7.1897,4.9528,1.9867,-0.9648,-0.7083,4.853,22.006,22.513,36.1244,-17.5185,0.2,0.0,0.0,0.0,1.9868,-1.0561,-0.844,2.4031,-0.0667,0,0,0,0.644,0.246,0.754,0,0,0.0,4,SEARCH_PHASE,1.9867,-0.9648,-19.431,10.3288
1502,46.066,16.7331,-7.209,4.9376,1.9847,-0.9649,-0.7556,4.838,21.962,22.467,36.1244,-17.5185,0.2,0.0,0.0,0.0,1.9867,-1.0562,-0.892,2.4204,-0.0963,0,0,0,0.65,0.252,0.748,0,0,0.0,4,SEARCH_PHASE,1.9847,-0.9649,-19.3913,10.3095
1503,46.099,16.7727,-7.2283,4.9216,1.9824,-0.9654,-0.8028,4.822,21.917,22.42,36.1244,-17.5185,0.2,0.0,0.0,0.0,1.9866,-1.0564,-0.94,2.4385,-0.0598,0,0,0,0.65,0.251,0.749,0,0,0.0,4,SEARCH_PHASE,1.9824,-0.9654,-19.3517,10.2902
1504,46.134,16.8123,-7.2477,4.9046,1.9798,-0.968,-0.8501,4.805,21.873,22.374,36.1244,-17.5185,0.2,0.0,0.0,0.0,1.9865,-1.0565,-0.988,2.4574,-0.0922,0,0,0,0.656,0.251,0.749,0,0,0.0,4,SEARCH_PHASE,1.9798,-0.968,-19.3121,10.2708
1505,46.168,16.8518,-7.2671,4.8866,1.976,-0.9706,-0.8982,4.787,21.829,22.327,36.1244,-17.5185,0.2,0.0,0.0,0.0,1.9865,-1.0566,-1.036,2.4771,-0.0636,0,0,0,0.658,0.251,0.749,0,0,0.0,4,SEARCH_PHASE,1.976,-0.9706,-19.2726,10.2514
1506,46.201,16.8913,-7.2866,4.8677,1.972,-0.9752,-0.9455,4.768,21.785,22.28,36.1244,-17.5185,0.2,0.0,0.0,0.0,1.9864,-1.0567,-1.084,2.4975,-0.0939,0,0,0,0.669,0.258,0.742,0,0,0.0,4,SEARCH_PHASE,1.972,-0.9752,-19.2331,10.2319
1507,46.233,16.9306,-7.3062,4.8478,1.9677,-0.98,-0.9929,4.748,21.741,22.233,36.1244,-17.5185,0.2,0.0,0.0,0.0,1.9863,-1.0569,-1.132,2.5187,-0.0585,0,0,0,0.672,0.258,0.742,0,0,0.0,4,SEARCH_PHASE,1.9677,-0.98,-19.1938,10.2123
1508,46.267,16.9699,-7.326,4.827,1.9641,-0.9866,-1.0406,4.727,21.698,22.185,36.1244,-17.5185,0.2,0.0,0.0,0.0,1.9863,-1.057,-1.18,2.5406,-0.0898,0,0,0,0.661,0.261,0.739,0,0,0.0,4,SEARCH_PHASE,1.9641,-0.9866,-19.1545,10.1925
1509,46.298,17.0091,-7.3458,4.8053,1.9602,-0.9929,-1.0882,4.705,21.654,22.138,36.1244,-17.5185,0.2,0.0,0.0,0.0,1.9862,-1.057,-1.228,2.5633,-0.0545,0,0,0,0.66,0.261,0.739,0,0,0.0,4,SEARCH_PHASE,1.9602,-0.9929,-19.1153,10.1727
1510,46.33,17.0482,-7.3658,4.7826,1.9568,-1.0006,-1.136,4.683,21.61,22.09,36.1244,-17.5185,0.2,0.0,0.0,0.0,1.9862,-1.0571,-1.276,2.5866,-0.0838,0,0,0,0.666,0.262,0.738,0,0,0.0,4,SEARCH_PHASE,1.9568,-1.0006,-19.0762,10.1527
1511,46.364,17.0873,-7.386,4.7589,1.953,-1.0076,-1.1837,4.659,21.566,22.042,36.1244,-17.5185,0.2,0.0,0.0,0.0,1.9862,-1.0571,-1.324,2.6106,-0.0485,0,0,0,0.665,0.265,0.735,0,0,0.0,4,SEARCH_PHASE,1.953,-1.0076,-19.0371,10.1325
1512,46.399,17.1263,-7.4063,4.7342,1.9497,-1.0155,-1.2315,4.634,21.522,21.994,36.1244,-17.5185,0.2,0.0,0.0,0.0,1.9862,-1.0572,-1.372,2.6353,-0.0817,0,0,0,0.671,0.265,0.735,0,0,0.0,4,SEARCH_PHASE,1.9497,-1.0155,-18.9981,10.1122
1513,46.431,17.1652,-7.4267,4.7087,1.9458,-1.0222,-1.2794,4.609,21.478,21.946,36.1244,-17.5185,0.2,0.0,0.0,0.0,1.9862,-1.0572,-1.42,2.6606,-0.052,0,0,0,0.674,0.268,0.732,0,0,0.0,4,SEARCH_PHASE,1.9458,-1.0222,-18.9592,10.0918
1514,46.464,17.2041,-7.4473,4.6821,1.9423,-1.0295,-1.3271,4.582,21.434,21.897,36.1244,-17.5185,0.2,0.0,0.0,0.0,1.9862,-1.0572,-1.468,2.6865,-0.0827,0,0,0,0.681,0.267,0.733,0,0,0.0,4,SEARCH_PHASE,1.9423,-1.0295,-18.9203,10.0712
1515,46.496,17.2428,-7.468,4.6546,1.9389,-1.0357,-1.3747,4.555,21.39,21.849,36.1244,-17.5185,0.2,0.0,0.0,0.0,1.9862,-1.0572,-1.5,2.7042,-0.0473,0,0,0,0.684,0.272,0.728,0,0,0.0,4,SEARCH_PHASE,1.9389,-1.0357,-18.8816,10.0505
1516,46.527,17.2816,-7.4889,4.6263,1.9369,-1.0428,-1.4164,4.526,21.346,21.8,36.1244,-17.5185,0.2,0.0,0.0,0.0,1.9862,-1.0572,-1.5,2.7042,-0.081,0,0,0,0.691,0.273,0.727,0,0,0.0,4,SEARCH_PHASE,1.9369,-1.0428,-18.8428,10.0296
1517,46.559,17.3203,-7.5099,4.5974,1.9353,-1.0492,-1.4426,4.497,21.302,21.751,36.1244,-17.5185,0.2,0.0,0.0,0.0,1.9862,-1.0572,-1.5,2.7042,-0.0429,0,0,0,0.69,0.273,0.727,0,0,0.0,4,SEARCH_PHASE,1.9353,-1.0492,-18.8041,10.0086
1518,46.592,17.359,-7.531,4.5683,1.9351,-1.0567,-1.459,4.468,21.258,21.702,36.1244,-17.5185,0.2,0.0,0.0,0.0,1.9862,-1.0571,-1.5,2.7042,-0.0794,0,0,0,0.605,0.267,0.733,0,0,0.0,4,SEARCH_PHASE,1.9351,-1.0567,-18.7654,9.9875
1519,46.623,17.3977,-7.5523,4.5389,1.9349,-1.0622,-1.4692,4.439,21.214,21.653,36.1244,-17.5185,0.2,0.0,0.0,0.0,1.9862,-1.0571,-1.5,2.7042,-0.0394,0,0,0,0.605,0.274,0.726,0,0,0.0,4,SEARCH_PHASE,1.9349,-1.0622,-18.7267,9.9662
1520,46.656,17.4364,-7.5736,4.5094,1.9359,-1.0682,-1.4756,4.409,21.169,21.604,36.1244,-17.5185,0.2,0.0,0.0,0.0,1.9863,-1.057,-1.5,2.7042,-0.0768,0,0,0,0.609,0.272,0.728,0,0,0.0,4,SEARCH_PHASE,1.9359,-1.0682,-18.688,9.9449
1521,46.687,17.4751,-7.5951,4.4798,1.9364,-1.0715,-1.4795,4.38,21.125,21.554,36.1244,-17.5185,0.2,0.0,0.0,0.0,1.9863,-1.0569,-1.5,2.7042,-0.036,0,0,0,0.609,0.277,0.723,0,0,0.0,4,SEARCH_PHASE,1.9364,-1.0715,-18.6493,9.9235
1522,46.719,17.5139,-7.6165,4.4501,1.9379,-1.0749,-1.4819,4.35,21.081,21.505,36.1244,-17.5185,0.2,0.0,0.0,0.0,1.9863,-1.0569,-1.5,2.7042,-0.0737,0,0,0,0.612,0.275,0.725,0,0,0.0,4,SEARCH_PHASE,1.9379,-1.0749,-18.6105,9.902
1523,46.75,17.5527,-7.6381,4.4205,1.9386,-1.0752,-1.4834,4.32,21.036,21.456,36.1244,-17.5185,0.2,0.0,0.0,0.0,1.9864,-1.0568,-1.5,2.7042,-0.0447,0,0,0,0.611,0.277,0.723,0,0,0.0,4,SEARCH_PHASE,1.9386,-1.0752,-18.5717,9.8805
1524,46.782,17.5915,-7.6596,4.3908,1.9401,-1.0752,-1.4842,4.291,20.992,21.406,36.1244,-17.5185,0.2,0.0,0.0,0.0,1.9864,-1.0567,-1.5,2.7042,-0.0824,0,0,0,0.615,0.281,0.719,0,0,0.0,4,SEARCH_PHASE,1.9401,-1.0752,-18.5329,9.8589
1525,46.813,17.6303,-7.681,4.3611,1.9402,-1.0727,-1.4848,4.261,20.948,21.357,36.1244,-17.5185,0.2,0.0,0.0,0.0,1.9865,-1.0566,-1.5,2.7042,-0.0447,0,0,0,0.614,0.28,0.72,0,0,0.0,4,SEARCH_PHASE,1.9402,-1.0727,-18.4941,9.8375
1526,46.845,17.6691,-7.7024,4.3314,1.9406,-1.0707,-1.485,4.231,20.903,21.308,36.1244,-17.5185,0.2,0.0,0.0,0.0,1.9865,-1.0566,-1.5,2.7042,-0.0821,0,0,0,0.619,0.286,0.714,0,0,0.0,4,SEARCH_PHASE,1.9406,-1.0707,-18.4553,9.8161
1527,46.876,17.7079,-7.7237,4.3017,1.9403,-1.0662,-1.4852,4.202,20.859,21.259,36.1244,-17.5185,0.2,0.0,0.0,0.0,1.9865,-1.0565,-1.5,2.7042,-0.058,0,0,0,0.619,0.284,0.716,0,0,0.0,4,SEARCH_PHASE,1.9403,-1.0662,-18.4165,9.7948
1528,46.907,17.7467,-7.745,4.272,1.941,-1.062,-1.4853,4.172,20.815,21.209,36.1244,-17.5185,0.2,0.0,0.0,0.0,1.9865,-1.0565,-1.5,2.7042,-0.0953,0,0,0,0.623,0.289,0.711,0,0,0.0,4,SEARCH_PHASE,1.941,-1.062,-18.3777,9.7735
1529,46.939,17.7855,-7.7661,4.2423,1.9405,-1.0564,-1.4853,4.142,20.771,21.16,36.1244,-17.5185,0.2,0.0,0.0,0.0,1.9866,-1.0564,-1.5,2.7042,-0.0544,0,0,0,0.622,0.287,0.713,0,0,0.0,4,SEARCH_PHASE,1.9405,-1.0564,-18.3389,9.7524
1530,46.971,17.8243,-7.7872,4.2126,1.9404,-1.0522,-1.4854,3.413,20.727,21.111,36.1244,-17.5185,0.2,0.0,0.0,0.0,1.9866,-1.0564,-1.5,2.7042,-0.0915,0,0,0,0.626,0.291,0.709,0,0,0.0,4,SEARCH_PHASE,1.9404,-1.0522,-18.3001,9.7313
1531,47.003,17.8631,-7.8081,4.1829,1.939,-1.0464,-1.4855,3.354,20.683,21.063,36.1244,-17.5185,0.2,0.0,0.0,0.0,1.9866,-1.0564,-1.5,2.7042,-0.0573,0,0,0,0.628,0.293,0.707,0,0,0.0,4,SEARCH_PHASE,1.939,-1.0464,-18.2613,9.7104
1532,47.034,17.9019,-7.8289,4.1531,1.9378,-1.0416,-1.4855,3.295,20.639,21.014,36.1244,-17.5185,0.2,0.0,0.0,0.0,1.9866,-1.0564,-1.5,2.7042,-0.0939,0,0,0,0.635,0.303,0.697,0,0,0.0,4,SEARCH_PHASE,1.9378,-1.0416,-18.2225,9.6896
1533,47.066,17.9406,-7.8496,4.1234,1.9369,-1.0354,-1.4856,3.236,20.595,20.965,36.1244,-17.5185,0.2,0.0,0.0,0.0,1.9866,-1.0563,-1.5,2.7042,-0.0664,0,0,0,0.637,0.304,0.696,0,0,0.0,4,SEARCH_PHASE,1.9369,-1.0354,-18.1838,9.6689
1534,47.098,17.9794,-7.8702,4.0937,1.9378,-1.0305,-1.4856,3.178,20.551,20.916,36.1244,-17.5185,0.2,0.0,0.0,0.0,1.9866,-1.0563,-1.5,2.7042,-0.1034,0,0,0,0.644,0.301,0.699,0,0,0.0,4,SEARCH_PHASE,1.9378,-1.0305,-18.1451,9.6483
1535,47.131,18.0181,-7.8907,4.064,1.9384,-1.025,-1.4855,3.119,20.507,20.868,36.1244,-17.5185,0.2,0.0,0.0,0.0,1.9866,-1.0564,-1.5,2.7042,-0.0616,0,0,0,0.645,0.304,0.696,0,0,0.0,4,SEARCH_PHASE,1.9384,-1.025,-18.1063,9.6278
1536,47.163,18.0569,-7.9112,4.0343,1.9403,-1.0217,-1.4856,3.06,20.463,20.819,36.1244,-17.5185,0.2,0.0,0.0,0.0,1.9866,-1.0564,-1.5,2.7042,-0.0987,0,0,0,0.651,0.304,0.696,0,0,0.0,4,SEARCH_PHASE,1.9403,-1.0217,-18.0675,9.6073
1537,47.195,18.0958,-7.9315,4.0046,1.9418,-1.0174,-1.4856,3.001,20.419,20.771,36.1244,-17.5185,0.2,0.0,0.0,0.0,1.9866,-1.0564,-1.5,2.7042,-0.0565,0,0,0,0.651,0.311,0.689,0,0,0.0,4,SEARCH_PHASE,1.9418,-1.0174,-18.0286,9.587
1538,47.227,18.1346,-7.9518,3.9749,1.9442,-1.0148,-1.4856,2.942,20.375,20.722,36.1244,-17.5185,0.2,0.0,0.0,0.0,1.9866,-1.0564,-1.5,2.7042,-0.0937,0,0,0,0.656,0.309,0.691,0,0,0.0,4,SEARCH_PHASE,1.9442,-1.0148,-17.9898,9.5667
1539,47.258,18.1736,-7.972,3.9452,1.946,-1.0111,-1.4857,2.883,20.331,20.674,36.1244,-17.5185,0.2,0.0,0.0,0.0,1.9865,-1.0565,-1.5,2.7042,-0.0596,0,0,0,0.656,0.312,0.688,0,0,0.0,4,SEARCH_PHASE,1.946,-1.0111,-17.9508,9.5465
1540,47.291,18.2125,-7.9922,3.9154,1.9485,-1.0088,-1.4857,2.825,20.288,20.625,36.1244,-17.5185,0.2,0.0,0.0,0.0,1.9865,-1.0565,-1.5,2.7042,-0.0967,0,0,0,0.661,0.313,0.687,0,0,0.0,4,SEARCH_PHASE,1.9485,-1.0088,-17.9119,9.5263
1541,47.323,18.2515,-8.0123,3.8857,1.9498,-1.0055,-1.4856,2.766,20.244,20.576,36.1244,-17.5185,0.2,0.0,0.0,0.0,1.9865,-1.0566,-1.5,2.7042,-0.0541,0,0,0,0.66,0.31,0.69,0,0,0.0,4,SEARCH_PHASE,1.9498,-1.0055,-17.8729,9.5062
1542,47.355,18.2906,-8.0324,3.856,1.9516,-1.0041,-1.4856,2.707,20.2,20.528,36.1244,-17.5185,0.2,0.0,0.0,0.0,1.9865,-1.0566,-1.5,2.7042,-0.091,0,0,0,0.664,0.317,0.683,0,0,0.0,4,SEARCH_PHASE,1.9516,-1.0041,-17.8338,9.4861
1543,47.386,18.3296,-8.0524,3.8263,1.9519,-1.0015,-1.4856,2.648,20.156,20.48,36.1244,-17.5185,0.2,0.0,0.0,0.0,1.9864,-1.0567,-1.5,2.7042,-0.052,0,0,0,0.664,0.313,0.687,0,0,0.0,4,SEARCH_PHASE,1.9519,-1.0015,-17.7948,9.4661
1544,47.416,18.3686,-8.0724,3.7966,1.9524,-1.0003,-1.4856,2.589,20.112,20.431,36.1244,-17.5185,0.2,0.0,0.0,0.0,1.9864,-1.0568,-1.5,2.7042,-0.0888,0,0,0,0.668,0.316,0.684,0,0,0.0,4,SEARCH_PHASE,1.9524,-1.0003,-17.7558,9.4461
1545,47.447,18.4077,-8.0924,3.7669,1.9518,-0.9979,-1.4856,2.53,20.068,20.383,36.1244,-17.5185,0.2,0.0,0.0,0.0,1.9864,-1.0568,-1.5,2.7042,-0.0551,0,0,0,0.668,0.315,0.685,0,0,0.0,4,SEARCH_PHASE,1.9518,-0.9979,-17.7167,9.4261
1546,47.478,18.4467,-8.1123,3.7372,1.9518,-0.997,-1.4855,2.471,20.024,20.334,36.1244,-17.5185,0.2,0.0,0.0,0.0,1.9861,-1.0572,-1.5,2.7042,-0.0917,0,0,0,0.672,0.317,0.683,0,0,0.0,4,SEARCH_PHASE,1.9518,-0.997,-17.6777,9.4062
1547,47.51,18.4857,-8.1322,3.7075,1.9502,-0.9951,-1.4855,2.412,19.981,20.286,36.1244,-17.5185,0.2,0.0,0.0,0.0,2.0284,-1.08,-1.452,2.7183,-0.0549,0,0,0,0.673,0.317,0.683,0,0,0.0,4,SEARCH_PHASE,1.9502,-0.9951,-17.6387,9.3863
1548,47.541,18.5247,-8.1521,3.6781,1.9492,-0.9954,-1.4675,2.353,19.937,20.238,36.1244,-17.5185,0.2,0.0,0.0,0.0,2.0702,-1.1036,-1.404,2.734,-0.0933,0,0,0,0.679,0.321,0.679,0,0,0.0,4,SEARCH_PHASE,1.9492,-0.9954,-17.5997,9.3664
1549,47.572,18.5637,-8.172,3.6493,1.9481,-0.995,-1.4382,2.295,19.893,20.19,36.1244,-17.5185,0.2,0.0,0.0,0.0,2.1112,-1.1285,-1.356,2.7513,-0.0569,0,0,0,0.685,0.323,0.677,0,0,0.0,4,SEARCH_PHASE,1.9481,-0.995,-17.5607,9.3465
1550,47.604,18.6026,-8.192,3.6213,1.9487,-0.9974,-1.4016,2.238,19.849,20.142,36.1244,-17.5185,0.2,0.0,0.0,0.0,2.147,-1.1606,-1.308,2.769,-0.0974,0,0,0,0.694,0.336,0.664,0,0,0.0,4,SEARCH_PHASE,1.9487,-0.9974,-17.5218,9.3265
1551,47.636,18.6417,-8.212,3.5941,1.9514,-0.9993,-1.3602,2.181,19.805,20.094,36.1244,-17.5185,0.2,0.0,0.0,0.0,2.1467,-1.1667,-1.26,2.7491,-0.0578,0,0,0,0.698,0.342,0.658,0,0,0.0,4,SEARCH_PHASE,1.9514,-0.9993,-17.4827,9.3065
1552,47.67,18.6808,-8.2321,3.5678,1.9581,-1.0046,-1.3166,2.126,19.761,20.046,36.1244,-17.5185,0.2,0.0,0.0,0.0,2.1374,-1.1806,-1.212,2.726,-0.1,0,0,0,0.706,0.345,0.655,0,0,0.0,4,SEARCH_PHASE,1.9581,-1.0046,-17.4436,9.2864
1553,47.702,18.7202,-8.2523,3.5424,1.9664,-1.0099,-1.2713,2.071,19.717,19.999,36.1244,-17.5185,0.2,0.0,0.0,0.0,2.1332,-1.1852,-1.164,2.7037,-0.0506,0,0,0,0.707,0.349,0.651,0,0,0.0,4,SEARCH_PHASE,1.9664,-1.0099,-17.4042,9.2662
1554,47.739,18.7597,-8.2727,3.5178,1.9781,-1.0189,-1.2258,2.049,19.673,19.951,36.1244,-17.5185,0.2,0.0,0.0,0.0,2.1241,-1.1982,-1.116,2.682,-0.0907,0,0,0,0.712,0.352,0.648,0,0,0.0,4,SEARCH_PHASE,1.9781,-1.0189,-17.3647,9.2459
1555,47.771,18.7995,-8.2932,3.4942,1.9909,-1.0274,-1.1801,2.055,19.628,19.902,36.1244,-17.5185,0.2,0.0,0.0,0.0,2.1195,-1.2032,-1.068,2.6609,-0.0529,0,0,0,0.714,0.351,0.649,0,0,0.0,4,SEARCH_PHASE,1.9909,-1.0274,-17.3249,9.2253
1556,47.802,18.8397,-8.314,3.4716,2.0057,-1.0391,-1.1337,2.063,19.583,19.854,36.1244,-17.5185,0.2,0.0,0.0,0.0,2.1032,-1.2285,-1.02,2.6406,-0.103,0,0,0,0.718,0.345,0.655,0,0,0.0,4,SEARCH_PHASE,2.0057,-1.0391,-17.2848,9.2045
1557,47.833,18.8801,-8.335,3.4498,2.0203,-1.0498,-1.0869,2.071,19.537,19.806,36.1244,-17.5185,0.2,0.0,0.0,0.0,2.0974,-1.2351,-0.972,2.621,-0.0589,0,0,0,0.721,0.355,0.645,0,0,0.0,4,SEARCH_PHASE,2.0203,-1.0498,-17.2443,9.1835
1558,47.863,18.9208,-8.3562,3.429,2.0366,-1.0633,-1.0407,2.081,19.491,19.757,36.1244,-17.5185,0.2,0.0,0.0,0.0,2.0901,-1.2444,-0.924,2.6021,-0.1018,0,0,0,0.722,0.352,0.648,0,0,0.0,4,SEARCH_PHASE,2.0366,-1.0633,-17.2036,9.1623
1559,47.892,18.9618,-8.3778,3.4091,2.0524,-1.0754,-0.994,2.092,19.445,19.708,36.1244,-17.5185,0.2,0.0,0.0,0.0,2.0888,-1.2435,-0.876,2.5839,-0.0667,0,0,0,0.722,0.355,0.645,0,0,0.0,4,SEARCH_PHASE,2.0524,-1.0754,-17.1626,9.1408
1560,47.922,19.0032,-8.3995,3.3902,2.0667,-1.0892,-0.9479,2.104,19.398,19.659,36.1244,-17.5185,0.2,0.0,0.0,0.0,2.0855,-1.2459,-0.828,2.5665,-0.1017,0,0,0,0.722,0.356,0.644,0,0,0.0,4,SEARCH_PHASE,2.0667,-1.0892,-17.1212,9.119
1561,47.952,19.0448,-8.4216,3.3722,2.0798,-1.1015,-0.9005,2.117,19.351,19.609,36.1244,-17.5185,0.2,0.0,0.0,0.0,2.0975,-1.2223,-0.78,2.5499,-0.054,0,0,0,0.719,0.356,0.644,0,0,0.0,4,SEARCH_PHASE,2.0798,-1.1015,-17.0796,9.0969
1562,47.981,19.0866,-8.4439,3.3551,2.0913,-1.1156,-0.8531,2.132,19.304,19.56,36.1244,-17.5185,0.2,0.0,0.0,0.0,2.0973,-1.2195,-0.732,2.5341,-0.0966,0,0,0,0.719,0.357,0.643,0,0,0.0,4,SEARCH_PHASE,2.0913,-1.1156,-17.0378,9.0746
1563,48.01,19.1286,-8.4664,3.339,2.0992,-1.1273,-0.8055,2.12,19.256,19.51,36.1244,-17.5185,0.2,0.0,0.0,0.0,2.1056,-1.2018,-0.684,2.5191,-0.0518,0,0,0,0.717,0.352,0.648,0,0,0.0,4,SEARCH_PHASE,2.0992,-1.1273,-16.9958,9.0521
1564,48.04,19.1707,-8.4892,3.3238,2.1055,-1.1405,-0.758,2.088,19.208,19.461,36.1244,-17.5185,0.2,0.0,0.0,0.0,2.1015,-1.2057,-0.636,2.5049,-0.0937,0,0,0,0.718,0.356,0.644,0,0,0.0,4,SEARCH_PHASE,2.1055,-1.1405,-16.9537,9.0293
1565,48.069,19.2129,-8.5123,3.3096,2.1091,-1.1512,-0.7103,2.056,19.16,19.411,36.1244,-17.5185,0.2,0.0,0.0,0.0,2.1101,-1.1872,-0.588,2.4915,-0.0457,0,0,0,0.714,0.352,0.648,0,0,0.0,4,SEARCH_PHASE,2.1091,-1.1512,-16.9115,9.0062
1566,48.098,19.2551,-8.5355,3.2964,2.112,-1.1634,-0.6627,2.026,19.112,19.361,36.1244,-17.5185,0.2,0.0,0.0,0.0,2.1076,-1.1882,-0.54,2.479,-0.0871,0,0,0,0.715,0.351,0.649,0,0,0.0,4,SEARCH_PHASE,2.112,-1.1634,-16.8693,8.983
1567,48.128,19.2973,-8.559,3.2841,2.1118,-1.1726,-0.6151,1.996,19.064,19.312,36.1244,-17.5185,0.2,0.0,0.0,0.0,2.1117,-1.1774,-0.492,2.4674,-0.0442,0,0,0,0.71,0.35,0.65,0,0,0.0,4,SEARCH_PHASE,2.1118,-1.1726,-16.8271,8.9595
1568,48.157,19.3396,-8.5826,3.2727,2.1106,-1.183,-0.5674,1.967,19.015,19.262,36.1244,-17.5185,0.2,0.0,0.0,0.0,2.1078,-1.181,-0.444,2.4566,-0.085,0,0,0,0.712,0.352,0.648,0,0,0.0,4,SEARCH_PHASE,2.1106,-1.183,-16.7848,8.9359
1569,48.188,19.3817,-8.6065,3.2623,2.1075,-1.1905,-0.5197,1.939,18.967,19.213,36.1244,-17.5185,0.2,0.0,0.0,0.0,2.1117,-1.1707,-0.396,2.4467,-0.0377,0,0,0,0.705,0.351,0.649,0,0,0.0,4,SEARCH_PHASE,2.1075,-1.1905,-16.7427,8.9121
1570,48.219,19.4238,-8.6304,3.2529,2.1046,-1.1992,-0.472,1.911,18.918,19.163,36.1244,-17.5185,0.2,0.0,0.0,0.0,2.1089,-1.1722,-0.348,2.4378,-0.0782,0,0,0,0.706,0.353,0.647,0,0,0.0,4,SEARCH_PHASE,2.1046,-1.1992,-16.7006,8.8881
1571,48.248,19.4658,-8.6545,3.2444,2.0995,-1.2046,-0.425,1.885,18.87,19.114,36.1244,-17.5185,0.2,0.0,0.0,0.0,2.1095,-1.1677,-0.3,2.4297,-0.0414,0,0,0,0.704,0.348,0.652,0,0,0.0,4,SEARCH_PHASE,2.0995,-1.2046,-16.6586,8.864
1572,48.277,19.5077,-8.6787,3.2368,2.0943,-1.2108,-0.3769,1.884,18.822,19.065,36.1244,-17.5185,0.2,0.0,0.0,0.0,2.1038,-1.1746,-0.252,2.4226,-0.0869,0,0,0,0.705,0.351,0.649,0,0,0.0,4,SEARCH_PHASE,2.0943,-1.2108,-16.6167,8.8398
1573,48.306,19.5494,-8.703,3.2303,2.0876,-1.2138,-0.3289,1.896,18.773,19.016,36.1244,-17.5185,0.2,0.0,0.0,0.0,2.1056,-1.168,-0.204,2.4165,-0.0457,0,0,0,0.702,0.346,0.654,0,0,0.0,4,SEARCH_PHASE,2.0876,-1.2138,-16.575,8.8155
1574,48.335,19.5911,-8.7274,3.2246,2.0817,-1.2177,-0.281,1.908,18.725,18.968,36.1244,-17.5185,0.2,0.0,0.0,0.0,2.1012,-1.1725,-0.156,2.4112,-0.0904,0,0,0,0.703,0.345,0.655,0,0,0.0,4,SEARCH_PHASE,2.0817,-1.2177,-16.5333,8.7911
1575,48.366,19.6325,-8.7517,3.22,2.0738,-1.2181,-0.2333,2.406,18.677,18.92,36.1244,-17.5185,0.2,0.0,0.0,0.0,2.0987,-1.1736,-0.108,2.407,-0.058,0,0,0,0.703,0.345,0.655,0,0,0.0,4,SEARCH_PHASE,2.0738,-1.2181,-16.4919,8.7668
1576,48.396,19.6739,-8.7761,3.2163,2.0664,-1.219,-0.1859,3.116,18.629,18.872,36.1244,-17.5185,0.2,0.0,0.0,0.0,2.0899,-1.1857,-0.06,2.4036,-0.0986,0,0,0,0.707,0.346,0.654,0,0,0.0,4,SEARCH_PHASE,2.0664,-1.219,-16.4505,8.7424
1577,48.427,19.7151,-8.8005,3.2135,2.0595,-1.2169,-0.1378,3.114,18.581,18.824,36.1244,-17.5185,0.2,0.0,0.0,0.0,2.0918,-1.1792,-0.012,2.4013,-0.0555,0,0,0,0.706,0.345,0.655,0,0,0.0,4,SEARCH_PHASE,2.0595,-1.2169,-16.4093,8.718
1578,48.457,19.7562,-8.8248,3.2117,2.0548,-1.2156,-0.0898,3.112,18.534,18.777,36.1244,-17.5185,0.2,0.0,0.0,0.0,2.0831,-1.1911,0.036,2.3999,-0.0965,0,0,0,0.708,0.351,0.649,0,0,0.0,4,SEARCH_PHASE,2.0548,-1.2156,-16.3683,8.6937
1579,48.489,19.7971,-8.849,3.2109,2.0496,-1.2109,-0.042,3.111,18.486,18.73,36.1244,-17.5185,0.2,0.0,0.0,0.0,2.0873,-1.1804,0.084,2.3994,-0.0673,0,0,0,0.706,0.349,0.651,0,0,0.0,4,SEARCH_PHASE,2.0496,-1.2109,-16.3273,8.6695
1580,48.518,19.8381,-8.8731,3.211,2.0463,-1.2066,0.0056,3.111,18.439,18.683,36.1244,-17.5185,0.2,0.0,0.0,0.0,2.0805,-1.1891,0.132,2.4,-0.1074,0,0,0,0.708,0.352,0.648,0,0,0.0,4,SEARCH_PHASE,2.0463,-1.2066,-16.2863,8.6454
1581,48.547,19.8789,-8.8971,3.2121,2.0418,-1.1999,0.0534,3.112,18.391,18.636,36.1244,-17.5185,0.2,0.0,0.0,0.0,2.0865,-1.1752,0.18,2.4015,-0.0626,0,0,0,0.705,0.35,0.65,0,0,0.0,4,SEARCH_PHASE,2.0418,-1.1999,-16.2455,8.6214
1582,48.578,19.9197,-8.921,3.2141,2.0387,-1.1948,0.1012,3.114,18.344,18.59,36.1244,-17.5185,0.2,0.0,0.0,0.0,2.0817,-1.1804,0.228,2.4039,-0.1023,0,0,0,0.707,0.348,0.652,0,0,0.0,4,SEARCH_PHASE,2.0387,-1.1948,-16.2047,8.5975
1583,48.607,19.9604,-8.9448,3.2171,2.0342,-1.187,0.1489,3.117,18.297,18.544,36.1244,-17.5185,0.2,0.0,0.0,0.0,2.0857,-1.1701,0.276,2.4073,-0.0597,0,0,0,0.704,0.348,0.652,0,0,0.0,4,SEARCH_PHASE,2.0342,-1.187,-16.164,8.5737
1584,48.636,20.001,-8.9684,3.221,2.0306,-1.1803,0.1966,3.121,18.25,18.499,36.1244,-17.5185,0.2,0.0,0.0,0.0,2.0795,-1.1777,0.324,2.4117,-0.0993,0,0,0,0.707,0.351,0.649,0,0,0.0,4,SEARCH_PHASE,2.0306,-1.1803,-16.1234,8.5501
1585,48.664,20.0415,-8.9918,3.2259,2.0261,-1.1709,0.244,3.126,18.203,18.453,36.1244,-17.5185,0.2,0.0,0.0,0.0,2.0855,-1.1637,0.372,2.417,-0.0804,0,0,0,0.704,0.347,0.653,0,0,0.0,4,SEARCH_PHASE,2.0261,-1.1709,-16.0829,8.5267
1586,48.694,20.082,-9.015,3.2317,2.0233,-1.1624,0.2913,3.132,18.157,18.408,36.1244,-17.5185,0.2,0.0,0.0,0.0,2.0818,-1.1671,0.42,2.4233,-0.1104,0,0,0,0.705,0.347,0.653,0,0,0.0,4,SEARCH_PHASE,2.0233,-1.1624,-16.0424,8.5035
1587,48.724,20.1223,-9.0381,3.2385,2.0188,-1.1535,0.3391,3.138,18.11,18.363,36.1244,-17.5185,0.2,0.0,0.0,0.0,2.0852,-1.1577,0.468,2.4305,-0.0658,0,0,0,0.703,0.346,0.654,0,0,0.0,4,SEARCH_PHASE,2.0188,-1.1535,-16.0021,8.4804
1588,48.752,20.1626,-9.061,3.2462,2.0154,-1.1471,0.3869,3.146,18.064,18.319,36.1244,-17.5185,0.2,0.0,0.0,0.0,2.0806,-1.1627,0.516,2.4387,-0.1042,0,0,0,0.706,0.346,0.654,0,0,0.0,4,SEARCH_PHASE,2.0154,-1.1471,-15.9618,8.4575
1589,48.781,20.2029,-9.0838,3.2549,2.0112,-1.1392,0.4347,3.155,18.018,18.275,36.1244,-17.5185,0.2,0.0,0.0,0.0,2.0847,-1.152,0.564,2.4477,-0.0563,0,0,0,0.702,0.348,0.652,0,0,0.0,4,SEARCH_PHASE,2.0112,-1.1392,-15.9215,8.4347
1590,48.81,20.243,-9.1065,3.2646,2.0087,-1.1337,0.4825,3.165,17.972,18.231,36.1244,-17.5185,0.2,0.0,0.0,0.0,2.0814,-1.1547,0.612,2.4577,-0.0951,0,0,0,0.704,0.348,0.652,0,0,0.0,4,SEARCH_PHASE,2.0087,-1.1337,-15.8814,8.412
1591,48.84,20.2831,-9.129,3.2752,2.0051,-1.1263,0.5301,3.175,17.926,18.188,36.1244,-17.5185,0.2,0.0,0.0,0.0,2.0834,-1.148,0.66,2.4686,-0.0507,0,0,0,0.702,0.353,0.647,0,0,0.0,4,SEARCH_PHASE,2.0051,-1.1263,-15.8413,8.3895
1592,48.872,20.3232,-9.1514,3.2867,2.0028,-1.121,0.5778,3.187,17.88,18.144,36.1244,-17.5185,0.2,0.0,0.0,0.0,2.0786,-1.1533,0.708,2.4803,-0.0898,0,0,0,0.705,0.353,0.647,0,0,0.0,4,SEARCH_PHASE,2.0028,-1.121,-15.8012,8.3671
1593,48.902,20.3632,-9.1737,3.2992,2.0004,-1.1139,0.625,3.199,17.834,18.101,36.1244,-17.5185,0.2,0.0,0.0,0.0,2.0801,-1.1473,0.756,2.4929,-0.0473,0,0,0,0.702,0.351,0.649,0,0,0.0,4,SEARCH_PHASE,2.0004,-1.1139,-15.7612,8.3448
1594,48.931,20.4032,-9.1959,3.3127,2.0002,-1.1088,0.6728,3.213,17.788,18.059,36.1244,-17.5185,0.2,0.0,0.0,0.0,2.0745,-1.1542,0.804,2.5064,-0.0904,0,0,0,0.705,0.35,0.65,0,0,0.0,4,SEARCH_PHASE,2.0002,-1.1088,-15.7212,8.3226
1595,48.963,20.4432,-9.2179,3.3271,1.9997,-1.1017,0.7206,3.227,17.743,18.016,36.1244,-17.5185,0.2,0.0,0.0,0.0,2.0775,-1.1456,0.852,2.5208,-0.0603,0,0,0,0.702,0.352,0.648,0,0,0.0,4,SEARCH_PHASE,1.9997,-1.1017,-15.6812,8.3006
1596,48.994,20.4832,-9.2399,3.3424,2.0011,-1.0965,0.7683,3.242,17.697,17.974,36.1244,-17.5185,0.2,0.0,0.0,0.0,2.0733,-1.1499,0.9,2.5359,-0.1036,0,0,0,0.703,0.346,0.654,0,0,0.0,4,SEARCH_PHASE,2.0011,-1.0965,-15.6412,8.2786
1597,49.032,20.5233,-9.2617,3.3588,2.0014,-1.0906,0.8162,3.259,17.651,17.932,36.1244,-17.5185,0.2,0.0,0.0,0.0,2.0765,-1.1408,0.948,2.5519,-0.0573,0,0,0,0.699,0.35,0.65,0,0,0.0,4,SEARCH_PHASE,2.0014,-1.0906,-15.6011,8.2568
1598,49.062,20.5633,-9.2834,3.3761,2.0031,-1.0879,0.8639,3.276,17.606,17.89,36.1244,-17.5185,0.2,0.0,0.0,0.0,2.0734,-1.1433,0.996,2.5687,-0.1005,0,0,0,0.7,0.349,0.651,0,0,0.0,4,SEARCH_PHASE,2.0031,-1.0879,-15.5611,8.2351
1599,49.093,20.6034,-9.3051,3.3943,2.0033,-1.0839,0.9116,3.294,17.56,17.848,36.1244,-17.5185,0.2,0.0,0.0,0.0,2.0771,-1.1333,1.044,2.5862,-0.054,0,0,0,0.695,0.347,0.653,0,0,0.0,4,SEARCH_PHASE,2.0033,-1.0839,-15.521,8.2134
1600,49.127,20.6435,-9.3268,3.4135,2.0045,-1.0828,0.9593,3.313,17.515,17.807,36.1244,-17.5185,0.2,0.0,0.0,0.0,2.075,-1.1338,1.092,2.6045,-0.097,0,0,0,0.695,0.346,0.654,0,0,0.0,4,SEARCH_PHASE,2.0045,-1.0828,-15.4809,8.1917
1601,49.156,20.6836,-9.3484,3.4336,2.0039,-1.0801,1.0068,3.334,17.469,17.766,36.1244,-17.5185,0.2,0.0,0.0,0.0,2.076,-1.1288,1.14,2.6236,-0.0564,0,0,0,0.693,0.345,0.655,0,0,0.0,4,SEARCH_PHASE,2.0039,-1.0801,-15.4409,8.1701
1602,49.186,20.7236,-9.37,3.4547,2.0039,-1.0798,1.0545,3.355,17.424,17.725,36.1244,-17.5185,0.2,0.0,0.0,0.0,2.0717,-1.1334,1.188,2.6434,-0.099,0,0,0,0.695,0.348,0.652,0,0,0.0,4,SEARCH_PHASE,2.0039,-1.0798,-15.4008,8.1485
1603,49.222,20.7637,-9.3915,3.4767,2.0037,-1.078,1.1023,3.377,17.378,17.684,36.1244,-17.5185,0.2,0.0,0.0,0.0,2.0734,-1.127,1.236,2.664,-0.0525,0,0,0,0.691,0.343,0.657,0,0,0.0,4,SEARCH_PHASE,2.0037,-1.078,-15.3607,8.127
1604,49.253,20.8038,-9.4131,3.4997,2.0055,-1.0789,1.1498,3.4,17.333,17.644,36.1244,-17.5185,0.2,0.0,0.0,0.0,2.0698,-1.1302,1.284,2.6852,-0.0953,0,0,0,0.692,0.346,0.654,0,0,0.0,4,SEARCH_PHASE,2.0055,-1.0789,-15.3206,8.1054
1605,49.282,20.844,-9.4347,3.5237,2.0068,-1.0779,1.1975,3.424,17.287,17.604,36.1244,-17.5185,0.2,0.0,0.0,0.0,2.072,-1.123,1.332,2.7071,-0.0483,0,0,0,0.688,0.343,0.657,0,0,0.0,4,SEARCH_PHASE,2.0068,-1.0779,-15.2805,8.0838
1606,49.312,20.8841,-9.4562,3.5486,2.0098,-1.079,1.2449,3.449,17.241,17.564,36.1244,-17.5185,0.2,0.0,0.0,0.0,2.0693,-1.1246,1.38,2.7297,-0.0913,0,0,0,0.688,0.344,0.656,0,0,0.0,4,SEARCH_PHASE,2.0098,-1.079,-15.2403,8.0623
1607,49.341,20.9244,-9.4778,3.5744,2.0118,-1.078,1.2925,3.474,17.196,17.524,36.1244,-17.5185,0.2,0.0,0.0,0.0,2.0715,-1.1172,1.428,2.7529,-0.044,0,0,0,0.683,0.343,0.657,0,0,0.0,4,SEARCH_PHASE,2.0118,-1.078,-15.2,8.0407
1608,49.371,20.9647,-9.4994,3.6012,2.0152,-1.0787,1.34,3.501,17.15,17.484,36.1244,-17.5185,0.2,0.0,0.0,0.0,2.0696,-1.1174,1.476,2.7768,-0.0869,0,0,0,0.683,0.338,0.662,0,0,0.0,4,SEARCH_PHASE,2.0152,-1.0787,-15.1597,8.0191
1609,49.402,21.005,-9.5209,3.629,2.0173,-1.0767,1.3875,3.529,17.104,17.445,36.1244,-17.5185,0.2,0.0,0.0,0.0,2.0715,-1.1107,1.524,2.8013,-0.0429,0,0,0,0.677,0.334,0.666,0,0,0.0,4,SEARCH_PHASE,2.0173,-1.0767,-15.1194,7.9976
1610,49.433,21.0454,-9.5424,3.6577,2.0205,-1.0762,1.435,3.558,17.059,17.405,36.1244,-17.5185,0.2,0.0,0.0,0.0,2.0701,-1.1099,1.476,2.7741,-0.0858,0,0,0,0.676,0.334,0.666,0,0,0.0,4,SEARCH_PHASE,2.0205,-1.0762,-15.079,7.9761
1611,49.463,21.0859,-9.5639,3.6866,2.0208,-1.0729,1.4469,3.587,17.013,17.366,36.1244,-17.5185,0.2,0.0,0.0,0.0,2.0711,-1.1048,1.428,2.7476,-0.0482,0,0,0,0.67,0.328,0.672,0,0,0.0,4,SEARCH_PHASE,2.0208,-1.0729,-15.0385,7.9546
1612,49.494,21.1263,-9.5853,3.7154,2.021,-1.0708,1.4367,3.615,16.967,17.327,36.1244,-17.5185,0.2,0.0,0.0,0.0,2.0704,-1.1026,1.38,2.7216,-0.0852,0,0,0,0.668,0.327,0.673,0,0,0.0,4,SEARCH_PHASE,2.021,-1.0708,-14.9981,7.9332
1613,49.523,21.1667,-9.6066,3.7436,2.0195,-1.067,1.4123,3.644,16.921,17.288,36.1244,-17.5185,0.2,0.0,0.0,0.0,2.0698,-1.1006,1.332,2.6962,-0.0588,0,0,0,0.667,0.328,0.672,0,0,0.0,4,SEARCH_PHASE,2.0195,-1.067,-14.9577,7.9119
1614,49.552,21.207,-9.6279,3.7712,2.018,-1.0643,1.3794,3.671,16.876,17.249,36.1244,-17.5185,0.2,0.0,0.0,0.0,2.0688,-1.0989,1.284,2.6714,-0.0882,0,0,0,0.666,0.328,0.672,0,0,0.0,4,SEARCH_PHASE,2.018,-1.0643,-14.9174,7.8906
1615,49.582,21.2474,-9.6491,3.798,2.017,-1.061,1.341,3.698,16.83,17.21,36.1244,-17.5185,0.2,0.0,0.0,0.0,2.0682,-1.0968,1.236,2.6473,-0.0569,0,0,0,0.663,0.328,0.672,0,0,0.0,4,SEARCH_PHASE,2.017,-1.061,-14.877,7.8694
1616,49.611,21.2877,-9.6703,3.824,2.0162,-1.0589,1.2992,3.724,16.785,17.171,36.1244,-17.5185,0.2,0.0,0.0,0.0,2.067,-1.0958,1.188,2.6238,-0.0884,0,0,0,0.664,0.33,0.67,0,0,0.0,4,SEARCH_PHASE,2.0162,-1.0589,-14.8367,7.8482
1617,49.642,21.328,-9.6915,3.8491,2.0157,-1.0562,1.2554,3.749,16.739,17.132,36.1244,-17.5185,0.2,0.0,0.0,0.0,2.0663,-1.0937,1.14,2.601,-0.0497,0,0,0,0.66,0.325,0.675,0,0,0.0,4,SEARCH_PHASE,2.0157,-1.0562,-14.7964,7.8271
1618,49.672,21.3683,-9.7125,3.8733,2.016,-1.0547,1.2102,3.773,16.694,17.093,36.1244,-17.5185,0.2,0.0,0.0,0.0,2.0651,-1.0927,1.092,2.5789,-0.083,0,0,0,0.66,0.328,0.672,0,0,0.0,4,SEARCH_PHASE,2.016,-1.0547,-14.7561,7.806
1619,49.703,21.4086,-9.7336,3.8966,2.0158,-1.0522,1.1633,3.797,16.648,17.054,36.1244,-17.5185,0.2,0.0,0.0,0.0,2.0638,-1.0918,1.044,2.5576,-0.0627,0,0,0,0.655,0.321,0.679,0,0,0.0,4,SEARCH_PHASE,2.0158,-1.0522,-14.7158,7.7849
1620,49.732,21.449,-9.7546,3.9189,2.0163,-1.0506,1.1169,3.819,16.603,17.014,36.1244,-17.5185,0.2,0.0,0.0,0.0,2.0624,-1.0911,0.996,2.5369,-0.0984,0,0,0,0.655,0.326,0.674,0,0,0.0,4,SEARCH_PHASE,2.0163,-1.0506,-14.6754,7.7639
1621,49.76,21.4893,-9.7756,3.9403,2.016,-1.0487,1.0701,3.84,16.557,16.974,36.1244,-17.5185,0.2,0.0,0.0,0.0,2.061,-1.0904,0.948,2.517,-0.0639,0,0,0,0.651,0.325,0.675,0,0,0.0,4,SEARCH_PHASE,2.016,-1.0487,-14.6351,7.7429
1622,49.789,21.5296,-9.7965,3.9608,2.016,-1.0485,1.023,3.861,16.512,16.935,36.1244,-17.5185,0.2,0.0,0.0,0.0,2.0596,-1.0897,0.9,2.4979,-0.0991,0,0,0,0.651,0.317,0.683,0,0,0.0,4,SEARCH_PHASE,2.016,-1.0485,-14.5948,7.722
1623,49.819,21.5699,-9.8175,3.9803,2.0153,-1.0478,0.9757,3.88,16.466,16.895,36.1244,-17.5185,0.2,0.0,0.0,0.0,2.0582,-1.089,0.852,2.4795,-0.065,0,0,0,0.647,0.313,0.687,0,0,0.0,4,SEARCH_PHASE,2.0153,-1.0478,-14.5545,7.701
1624,49.848,21.6102,-9.8385,3.9989,2.0149,-1.0485,0.9283,3.899,16.421,16.855,36.1244,-17.5185,0.2,0.0,0.0,0.0,2.0568,-1.0883,0.804,2.4619,-0.0997,0,0,0,0.647,0.314,0.686,0,0,0.0,4,SEARCH_PHASE,2.0149,-1.0485,-14.5142,7.68
1625,49.878,21.6505,-9.8594,4.0165,2.0139,-1.0485,0.8808,3.916,16.375,16.814,36.1244,-17.5185,0.2,0.0,0.0,0.0,2.0554,-1.0876,0.756,2.4452,-0.0653,0,0,0,0.643,0.309,0.691,0,0,0.0,4,SEARCH_PHASE,2.0139,-1.0485,-14.4739,7.6591
1626,49.907,21.6908,-9.8804,4.0331,2.0133,-1.0498,0.8333,3.933,16.33,16.774,36.1244,-17.5185,0.2,0.0,0.0,0.0,2.054,-1.0869,0.708,2.4293,-0.0996,0,0,0,0.643,0.312,0.688,0,0,0.0,4,SEARCH_PHASE,2.0133,-1.0498,-14.4336,7.6381
1627,49.939,21.731,-9.9014,4.0488,2.012,-1.0502,0.7857,3.949,16.285,16.733,36.1244,-17.5185,0.2,0.0,0.0,0.0,2.0526,-1.0862,0.66,2.4143,-0.0668,0,0,0,0.64,0.313,0.687,0,0,0.0,4,SEARCH_PHASE,2.012,-1.0502,-14.3934,7.6171
1628,49.968,21.7712,-9.9225,4.0636,2.0111,-1.0517,0.7381,3.964,16.239,16.693,36.1244,-17.5185,0.2,0.0,0.0,0.0,2.0512,-1.0855,0.612,2.4001,-0.1007,0,0,0,0.641,0.314,0.686,0,0,0.0,4,SEARCH_PHASE,2.0111,-1.0517,-14.3532,7.596
1629,49.997,21.8114,-9.9435,4.0774,2.0098,-1.0522,0.6905,3.977,16.194,16.652,36.1244,-17.5185,0.2,0.0,0.0,0.0,2.0498,-1.0848,0.564,2.3868,-0.0658,0,0,0,0.637,0.311,0.689,0,0,0.0,4,SEARCH_PHASE,2.0098,-1.0522,-14.313,7.575
1630,50.025,21.8516,-9.9646,4.0903,2.0091,-1.0536,0.6427,3.99,16.149,16.611,36.1244,-17.5185,0.2,0.0,0.0,0.0,2.0484,-1.0841,0.516,2.3744,-0.099,0,0,0,0.637,0.313,0.687,0,0,0.0,4,SEARCH_PHASE,2.0091,-1.0536,-14.2728,7.5539
1631,50.053,21.8918,-9.9857,4.1022,2.0078,-1.0538,0.5951,4.002,16.103,16.569,36.1244,-17.5185,0.2,0.0,0.0,0.0,2.047,-1.0834,0.468,2.3629,-0.0655,0,0,0,0.634,0.31,0.69,0,0,0.0,4,SEARCH_PHASE,2.0078,-1.0538,-14.2327,7.5328
1632,50.082,21.9319,-10.0068,4.1131,2.0069,-1.0547,0.5475,4.013,16.058,16.528,36.1244,-17.5185,0.2,0.0,0.0,0.0,2.0456,-1.0827,0.42,2.3523,-0.0983,0,0,0,0.635,0.312,0.688,0,0,0.0,4,SEARCH_PHASE,2.0069,-1.0547,-14.1925,7.5117
1633,50.11,21.972,-10.0278,4.1231,2.0056,-1.0542,0.4998,4.023,16.013,16.486,36.1244,-17.5185,0.2,0.0,0.0,0.0,2.0442,-1.082,0.372,2.3427,-0.0746,0,0,0,0.632,0.308,0.692,0,0,0.0,4,SEARCH_PHASE,2.0056,-1.0542,-14.1524,7.4907
1634,50.138,22.0121,-10.0489,4.1322,2.0049,-1.0543,0.4516,3.932,15.967,16.444,36.1244,-17.5185,0.2,0.0,0.0,0.0,2.0429,-1.0813,0.324,2.334,-0.1039,0,0,0,0.633,0.308,0.692,0,0,0.0,4,SEARCH_PHASE,2.0049,-1.0543,-14.1123,7.4696
1635,50.168,22.0522,-10.07,4.1402,2.0034,-1.0535,0.4042,3.94,15.922,16.402,36.1244,-17.5185,0.2,0.0,0.0,0.0,2.0415,-1.0806,0.276,2.3262,-0.0638,0,0,0,0.629,0.307,0.693,0,0,0.0,4,SEARCH_PHASE,2.0034,-1.0535,-14.0722,7.4485
1636,50.196,22.0922,-10.0911,4.1474,2.0024,-1.0539,0.3568,3.947,15.877,16.36,36.1244,-17.5185,0.2,0.0,0.0,0.0,2.0401,-1.0798,0.228,2.3195,-0.092,0,0,0,0.63,0.306,0.694,0,0,0.0,4,SEARCH_PHASE,2.0024,-1.0539,-14.0322,7.4274
1637,50.227,22.1322,-10.1121,4.1535,2.0005,-1.0533,0.3087,3.954,15.831,16.318,36.1244,-17.5185,0.2,0.0,0.0,0.0,2.0387,-1.0791,0.18,2.3137,-0.0593,0,0,0,0.629,0.306,0.694,0,0,0.0,4,SEARCH_PHASE,2.0005,-1.0533,-13.9922,7.4064
1638,50.255,22.1722,-10.1332,4.1588,1.9989,-1.0536,0.2613,3.959,15.786,16.275,36.1244,-17.5185,0.2,0.0,0.0,0.0,2.0373,-1.0784,0.132,2.3089,-0.0888,0,0,0,0.632,0.31,0.69,0,0,0.0,4,SEARCH_PHASE,1.9989,-1.0536,-13.9522,7.3853
1639,50.285,22.2122,-10.1543,4.163,1.9973,-1.0531,0.2133,3.963,15.741,16.232,36.1244,-17.5185,0.2,0.0,0.0,0.0,2.036,-1.0777,0.084,2.3051,-0.0527,0,0,0,0.63,0.307,0.693,0,0,0.0,4,SEARCH_PHASE,1.9973,-1.0531,-13.9123,7.3642
1640,50.313,22.2521,-10.1754,4.1664,1.9968,-1.0535,0.1659,3.966,15.696,16.189,36.1244,-17.5185,0.2,0.0,0.0,0.0,2.0346,-1.077,0.036,2.3023,-0.0847,0,0,0,0.633,0.313,0.687,0,0,0.0,4,SEARCH_PHASE,1.9968,-1.0535,-13.8723,7.3432
1641,50.341,22.292,-10.1964,4.1687,1.9961,-1.0529,0.1184,3.969,15.651,16.146,36.1244,-17.5185,0.2,0.0,0.0,0.0,2.0332,-1.0763,-0.012,2.3005,-0.0475,0,0,0,0.63,0.308,0.692,0,0,0.0,4,SEARCH_PHASE,1.9961,-1.0529,-13.8324,7.3221
1642,50.372,22.3319,-10.2175,4.1701,1.9962,-1.0531,0.0708,3.97,15.606,16.103,36.1244,-17.5185,0.2,0.0,0.0,0.0,2.0318,-1.0755,-0.06,2.2997,-0.08,0,0,0,0.633,0.311,0.689,0,0,0.0,4,SEARCH_PHASE,1.9962,-1.0531,-13.7925,7.301
1643,50.402,22.3719,-10.2385,4.1706,1.996,-1.0519,0.0225,3.971,15.561,16.059,36.1244,-17.5185,0.2,0.0,0.0,0.0,2.0305,-1.0748,-0.108,2.2999,-0.0614,0,0,0,0.63,0.309,0.691,0,0,0.0,4,SEARCH_PHASE,1.996,-1.0519,-13.7526,7.28
1644,50.43,22.4118,-10.2595,4.1701,1.9965,-1.0513,-0.0249,3.97,15.515,16.015,36.1244,-17.5185,0.2,0.0,0.0,0.0,2.0291,-1.0741,-0.156,2.3011,-0.0963,0,0,0,0.632,0.313,0.687,0,0,0.0,4,SEARCH_PHASE,1.9965,-1.0513,-13.7126,7.259
1645,50.462,22.4517,-10.2805,4.1686,1.9962,-1.0501,-0.0723,3.969,15.47,15.971,36.1244,-17.5185,0.2,0.0,0.0,0.0,2.0277,-1.0734,-0.204,2.3033,-0.0612,0,0,0,0.629,0.306,0.694,0,0,0.0,4,SEARCH_PHASE,1.9962,-1.0501,-13.6727,7.238
1646,50.491,22.4916,-10.3015,4.1663,1.9963,-1.0502,-0.1199,3.966,15.425,15.927,36.1244,-17.5185,0.2,0.0,0.0,0.0,2.0263,-1.0727,-0.252,2.3065,-0.0957,0,0,0,0.63,0.31,0.69,0,0,0.0,4,SEARCH_PHASE,1.9963,-1.0502,-13.6328,7.217
1647,50.521,22.5315,-10.3225,4.1629,1.9955,-1.0495,-0.1675,3.963,15.38,15.882,36.1244,-17.5185,0.2,0.0,0.0,0.0,2.0249,-1.072,-0.3,2.3107,-0.0622,0,0,0,0.628,0.308,0.692,0,0,0.0,4,SEARCH_PHASE,1.9955,-1.0495,-13.5929,7.196
1648,50.549,22.5714,-10.3435,4.1586,1.9948,-1.0498,-0.2151,3.959,15.335,15.838,36.1244,-17.5185,0.2,0.0,0.0,0.0,2.0236,-1.0713,-0.348,2.3159,-0.0961,0,0,0,0.629,0.309,0.691,0,0,0.0,4,SEARCH_PHASE,1.9948,-1.0498,-13.553,7.175
1649,50.577,22.6113,-10.3645,4.1533,1.9932,-1.0491,-0.2628,4.013,15.29,15.793,36.1244,-17.5185,0.2,0.0,0.0,0.0,2.0222,-1.0706,-0.396,2.3221,-0.0631,0,0,0,0.627,0.306,0.694,0,0,0.0,4,SEARCH_PHASE,1.9932,-1.0491,-13.5131,7.154
1650,50.606,22.6511,-10.3855,4.1471,1.992,-1.0493,-0.3104,4.007,15.245,15.748,36.1244,-17.5185,0.2,0.0,0.0,0.0,2.0208,-1.0699,-0.444,2.3293,-0.0966,0,0,0,0.629,0.313,0.687,0,0,0.0,4,SEARCH_PHASE,1.992,-1.0493,-13.4733,7.133
1651,50.635,22.6909,-10.4065,4.14,1.99,-1.0484,-0.358,4.0,15.2,15.702,36.1244,-17.5185,0.2,0.0,0.0,0.0,2.0194,-1.0691,-0.492,2.3374,-0.0632,0,0,0,0.627,0.311,0.689,0,0,0.0,4,SEARCH_PHASE,1.99,-1.0484,-13.4335,7.112
1652,50.663,22.7307,-10.4274,4.1319,1.9884,-1.0482,-0.4057,3.992,15.155,15.657,36.1244,-17.5185,0.2,0.0,0.0,0.0,2.0181,-1.0684,-0.54,2.3464,-0.0963,0,0,0,0.629,0.314,0.686,0,0,0.0,4,SEARCH_PHASE,1.9884,-1.0482,-13.3937,7.0911
1653,50.692,22.7704,-10.4484,4.1228,1.986,-1.0468,-0.4534,3.983,15.11,15.611,36.1244,-17.5185,0.2,0.0,0.0,0.0,2.0167,-1.0677,-0.588,2.3565,-0.0723,0,0,0,0.629,0.313,0.687,0,0,0.0,4,SEARCH_PHASE,1.986,-1.0468,-13.354,7.0701
1654,50.72,22.8101,-10.4693,4.1128,1.9841,-1.0458,-0.5017,3.973,15.065,15.565,36.1244,-17.5185,0.2,0.0,0.0,0.0,2.0153,-1.067,-0.636,2.3674,-0.1023,0,0,0,0.632,0.317,0.683,0,0,0.0,4,SEARCH_PHASE,1.9841,-1.0458,-13.3143,7.0492
1655,50.749,22.8497,-10.4902,4.1018,1.9817,-1.0439,-0.549,3.962,15.02,15.519,36.1244,-17.5185,0.2,0.0,0.0,0.0,2.014,-1.0663,-0.684,2.3793,-0.0637,0,0,0,0.631,0.317,0.683,0,0,0.0,4,SEARCH_PHASE,1.9817,-1.0439,-13.2747,7.0283
1656,50.779,22.8893,-10.511,4.0899,1.9802,-1.0431,-0.5965,3.95,14.976,15.473,36.1244,-17.5185,0.2,0.0,0.0,0.0,2.0126,-1.0656,-0.732,2.392,-0.0924,0,0,0,0.635,0.315,0.685,0,0,0.0,4,SEARCH_PHASE,1.9802,-1.0431,-13.2351,7.0075
1657,50.808,22.9289,-10.5318,4.077,1.9781,-1.0413,-0.644,3.937,14.931,15.426,36.1244,-17.5185,0.2,0.0,0.0,0.0,2.0112,-1.0649,-0.78,2.4057,-0.0541,0,0,0,0.635,0.315,0.685,0,0,0.0,4,SEARCH_PHASE,1.9781,-1.0413,-13.1955,6.9867
1658,50.837,22.9684,-10.5527,4.0631,1.9766,-1.0403,-0.6916,3.923,14.886,15.379,36.1244,-17.5185,0.2,0.0,0.0,0.0,2.0099,-1.0642,-0.828,2.4203,-0.083,0,0,0,0.637,0.314,0.686,0,0,0.0,4,SEARCH_PHASE,1.9766,-1.0403,-13.156,6.9658
1659,50.866,23.0079,-10.5734,4.0483,1.9743,-1.0381,-0.7399,3.908,14.842,15.333,36.1244,-17.5185,0.2,0.0,0.0,0.0,2.0085,-1.0635,-0.876,2.4357,-0.0701,0,0,0,0.64,0.315,0.685,0,0,0.0,4,SEARCH_PHASE,1.9743,-1.0381,-13.1165,6.9451
1660,50.894,23.0474,-10.5941,4.0326,1.9725,-1.0365,-0.7877,3.893,14.797,15.285,36.1244,-17.5185,0.2,0.0,0.0,0.0,2.0071,-1.0628,-0.924,2.4519,-0.1042,0,0,0,0.643,0.324,0.676,0,0,0.0,4,SEARCH_PHASE,1.9725,-1.0365,-13.077,6.9244
1661,50.922,23.0868,-10.6148,4.0159,1.9704,-1.0346,-0.8349,3.876,14.753,15.238,36.1244,-17.5185,0.2,0.0,0.0,0.0,2.0058,-1.0621,-0.972,2.469,-0.0695,0,0,0,0.645,0.322,0.678,0,0,0.0,4,SEARCH_PHASE,1.9704,-1.0346,-13.0376,6.9037
1662,50.951,23.1262,-10.6355,3.9982,1.9693,-1.0343,-0.8823,3.858,14.708,15.191,36.1244,-17.5185,0.2,0.0,0.0,0.0,2.0044,-1.0614,-1.02,2.4869,-0.1029,0,0,0,0.649,0.332,0.668,0,0,0.0,4,SEARCH_PHASE,1.9693,-1.0343,-12.9982,6.883
1663,50.979,23.1655,-10.6562,3.9796,1.9679,-1.0335,-0.9298,3.84,14.664,15.143,36.1244,-17.5185,0.2,0.0,0.0,0.0,2.0031,-1.0607,-1.068,2.5056,-0.0682,0,0,0,0.65,0.33,0.67,0,0,0.0,4,SEARCH_PHASE,1.9679,-1.0335,-12.9589,6.8623
1664,51.009,23.2049,-10.6769,3.9601,1.9672,-1.034,-0.9774,3.82,14.619,15.095,36.1244,-17.5185,0.2,0.0,0.0,0.0,2.0017,-1.06,-1.116,2.525,-0.1014,0,0,0,0.653,0.334,0.666,0,0,0.0,4,SEARCH_PHASE,1.9672,-1.034,-12.9195,6.8416
1665,51.036,23.2442,-10.6975,3.9396,1.966,-1.0338,-1.025,3.8,14.575,15.047,36.1244,-17.5185,0.2,0.0,0.0,0.0,2.0003,-1.0593,-1.164,2.5453,-0.0666,0,0,0,0.653,0.337,0.663,0,0,0.0,4,SEARCH_PHASE,1.966,-1.0338,-12.8802,6.821
1666,51.064,23.2835,-10.7182,3.9181,1.9654,-1.0346,-1.0726,3.778,14.53,14.999,36.1244,-17.5185,0.2,0.0,0.0,0.0,1.999,-1.0586,-1.212,2.5662,-0.0996,0,0,0,0.656,0.339,0.661,0,0,0.0,4,SEARCH_PHASE,1.9654,-1.0346,-12.8409,6.8003
1667,51.092,23.3228,-10.7389,3.8957,1.964,-1.0345,-1.1202,3.756,14.486,14.95,36.1244,-17.5185,0.2,0.0,0.0,0.0,1.9976,-1.0579,-1.26,2.5879,-0.0648,0,0,0,0.658,0.34,0.66,0,0,0.0,4,SEARCH_PHASE,1.964,-1.0345,-12.8016,6.7796
1668,51.123,23.362,-10.7596,3.8724,1.963,-1.0351,-1.1678,3.732,14.442,14.901,36.1244,-17.5185,0.2,0.0,0.0,0.0,1.9963,-1.0572,-1.308,2.6103,-0.0974,0,0,0,0.661,0.344,0.656,0,0,0.0,4,SEARCH_PHASE,1.963,-1.0351,-12.7624,6.7589
1669,51.151,23.4013,-10.7803,3.8481,1.961,-1.0346,-1.2155,3.708,14.397,14.852,36.1244,-17.5185,0.2,0.0,0.0,0.0,1.9947,-1.0569,-1.356,2.6334,-0.0681,0,0,0,0.662,0.345,0.655,0,0,0.0,4,SEARCH_PHASE,1.961,-1.0346,-12.7231,6.7382
1670,51.178,23.4404,-10.801,3.8228,1.9592,-1.0346,-1.2634,3.683,14.353,14.803,36.1244,-17.5185,0.2,0.0,0.0,0.0,1.9923,-1.0582,-1.404,2.6571,-0.0993,0,0,0,0.668,0.346,0.654,0,0,0.0,4,SEARCH_PHASE,1.9592,-1.0346,-12.684,6.7175
1671,51.206,23.4796,-10.8217,3.7966,1.9574,-1.0335,-1.3109,3.657,14.309,14.754,36.1244,-17.5185,0.2,0.0,0.0,0.0,1.9903,-1.0587,-1.452,2.6815,-0.0719,0,0,0,0.669,0.346,0.654,0,0,0.0,4,SEARCH_PHASE,1.9574,-1.0335,-12.6448,6.6968
1672,51.236,23.5187,-10.8423,3.7694,1.9567,-1.033,-1.3584,3.629,14.264,14.704,36.1244,-17.5185,0.2,0.0,0.0,0.0,1.987,-1.0616,-1.5,2.7065,-0.103,0,0,0,0.674,0.35,0.65,0,0,0.0,4,SEARCH_PHASE,1.9567,-1.033,-12.6057,6.6762
1673,51.265,23.5578,-10.863,3.7413,1.9555,-1.0317,-1.4058,3.601,14.22,14.655,36.1244,-17.5185,0.2,0.0,0.0,0.0,1.9849,-1.0624,-1.5,2.7053,-0.0669,0,0,0,0.674,0.352,0.648,0,0,0.0,4,SEARCH_PHASE,1.9555,-1.0317,-12.5666,6.6555
1674,51.294,23.597,-10.8836,3.7126,1.9557,-1.0316,-1.4356,3.573,14.176,14.605,36.1244,-17.5185,0.2,0.0,0.0,0.0,1.9809,-1.0666,-1.452,2.6777,-0.1001,0,0,0,0.679,0.357,0.643,0,0,0.0,4,SEARCH_PHASE,1.9557,-1.0316,-12.5275,6.6349
1675,51.322,23.6361,-10.9042,3.6839,1.9563,-1.0307,-1.4366,3.544,14.132,14.555,36.1244,-17.5185,0.2,0.0,0.0,0.0,1.9796,-1.0659,-1.404,2.6507,-0.0639,0,0,0,0.679,0.356,0.644,0,0,0.0,4,SEARCH_PHASE,1.9563,-1.0307,-12.4883,6.6143
1676,51.35,23.6752,-10.9249,3.6555,1.9584,-1.0312,-1.4194,3.515,14.088,14.505,36.1244,-17.5185,0.2,0.0,0.0,0.0,1.976,-1.0694,-1.356,2.6242,-0.102,0,0,0,0.683,0.357,0.643,0,0,0.0,4,SEARCH_PHASE,1.9584,-1.0312,-12.4492,6.5937
1677,51.379,23.7144,-10.9455,3.6277,1.9597,-1.0301,-1.3909,3.488,14.043,14.455,36.1244,-17.5185,0.2,0.0,0.0,0.0,1.9754,-1.0672,-1.308,2.5985,-0.0575,0,0,0,0.682,0.357,0.643,0,0,0.0,4,SEARCH_PHASE,1.9597,-1.0301,-12.41,6.573
1678,51.407,23.7537,-10.9661,3.6006,1.9619,-1.0307,-1.3553,3.461,13.999,14.406,36.1244,-17.5185,0.2,0.0,0.0,0.0,1.972,-1.0704,-1.26,2.5733,-0.0972,0,0,0,0.686,0.358,0.642,0,0,0.0,4,SEARCH_PHASE,1.9619,-1.0307,-12.3707,6.5524
1679,51.435,23.7929,-10.9866,3.5742,1.9625,-1.0291,-1.3152,3.434,13.955,14.357,36.1244,-17.5185,0.2,0.0,0.0,0.0,1.9725,-1.0662,-1.212,2.5488,-0.0585,0,0,0,0.684,0.359,0.641,0,0,0.0,4,SEARCH_PHASE,1.9625,-1.0291,-12.3315,6.5319
1680,51.464,23.8322,-11.0072,3.5488,1.9637,-1.0288,-1.2723,3.409,13.91,14.308,36.1244,-17.5185,0.2,0.0,0.0,0.0,1.9698,-1.068,-1.164,2.525,-0.0986,0,0,0,0.687,0.364,0.636,0,0,0.0,4,SEARCH_PHASE,1.9637,-1.0288,-12.2922,6.5113
1681,51.492,23.8715,-11.0278,3.5243,1.9626,-1.0265,-1.2276,3.384,13.866,14.259,36.1244,-17.5185,0.2,0.0,0.0,0.0,1.9719,-1.0609,-1.116,2.5018,-0.0527,0,0,0,0.685,0.358,0.642,0,0,0.0,4,SEARCH_PHASE,1.9626,-1.0265,-12.253,6.4907
1682,51.521,23.9107,-11.0483,3.5006,1.9617,-1.0259,-1.1818,3.361,13.822,14.21,36.1244,-17.5185,0.2,0.0,0.0,0.0,1.9698,-1.0616,-1.068,2.4794,-0.0928,0,0,0,0.687,0.364,0.636,0,0,0.0,4,SEARCH_PHASE,1.9617,-1.0259,-12.2137,6.4702
1683,51.548,23.9499,-11.0687,3.4779,1.9582,-1.0229,-1.1354,3.338,13.777,14.162,36.1244,-17.5185,0.2,0.0,0.0,0.0,1.968,-1.0616,-1.02,2.4578,-0.0568,0,0,0,0.689,0.365,0.635,0,0,0.0,4,SEARCH_PHASE,1.9582,-1.0229,-12.1746,6.4498
1684,51.575,23.9889,-11.0892,3.4561,1.9545,-1.0212,-1.0887,3.316,13.733,14.114,36.1244,-17.5185,0.2,0.0,0.0,0.0,1.9659,-1.0624,-0.972,2.4368,-0.0908,0,0,0,0.691,0.366,0.634,0,0,0.0,4,SEARCH_PHASE,1.9545,-1.0212,-12.1355,6.4293
1685,51.602,24.028,-11.1095,3.4353,1.9514,-1.0176,-1.0416,3.295,13.689,14.066,36.1244,-17.5185,0.2,0.0,0.0,0.0,1.9642,-1.0623,-0.924,2.4167,-0.0612,0,0,0,0.694,0.367,0.633,0,0,0.0,4,SEARCH_PHASE,1.9514,-1.0176,-12.0964,6.409
1686,51.63,24.0669,-11.1298,3.4154,1.948,-1.0154,-0.9944,3.275,13.645,14.019,36.1244,-17.5185,0.2,0.0,0.0,0.0,1.9622,-1.0629,-0.876,2.3973,-0.0946,0,0,0,0.695,0.372,0.628,0,0,0.0,4,SEARCH_PHASE,1.948,-1.0154,-12.0575,6.3887
1687,51.657,24.1058,-11.1501,3.3965,1.9452,-1.012,-0.9469,3.256,13.602,13.972,36.1244,-17.5185,0.2,0.0,0.0,0.0,1.9598,-1.0641,-0.828,2.3788,-0.0618,0,0,0,0.699,0.372,0.628,0,0,0.0,4,SEARCH_PHASE,1.9452,-1.012,-12.0186,6.3684
1688,51.684,24.1447,-11.1703,3.3785,1.9419,-1.0106,-0.8992,3.238,13.558,13.925,36.1244,-17.5185,0.2,0.0,0.0,0.0,1.9616,-1.0576,-0.78,2.3611,-0.0883,0,0,0,0.697,0.376,0.624,0,0,0.0,4,SEARCH_PHASE,1.9419,-1.0106,-11.9797,6.3482
1689,51.712,24.1835,-11.1904,3.3615,1.9399,-1.0083,-0.8516,3.221,13.514,13.879,36.1244,-17.5185,0.2,0.0,0.0,0.0,1.9596,-1.0581,-0.732,2.3443,-0.0618,0,0,0,0.699,0.373,0.627,0,0,0.0,4,SEARCH_PHASE,1.9399,-1.0083,-11.9409,6.3281
1690,51.74,24.2222,-11.2106,3.3454,1.9349,-1.0076,-0.8041,3.205,13.47,13.833,36.1244,-17.5185,0.2,0.0,0.0,0.0,1.9582,-1.0575,-0.684,2.3283,-0.0937,0,0,0,0.7,0.375,0.625,0,0,0.0,4,SEARCH_PHASE,1.9349,-1.0076,-11.9022,6.3079
1691,51.768,24.2608,-11.2307,3.3302,1.9307,-1.0061,-0.7564,3.19,13.427,13.787,36.1244,-17.5185,0.2,0.0,0.0,0.0,1.9539,-1.0624,-0.636,2.3132,-0.0679,0,0,0,0.706,0.375,0.625,0,0,0.0,4,SEARCH_PHASE,1.9307,-1.0061,-11.8636,6.2878
1692,51.795,24.2993,-11.2508,3.3161,1.9258,-1.0069,-0.7087,3.176,13.383,13.741,36.1244,-17.5185,0.2,0.0,0.0,0.0,1.9526,-1.0616,-0.588,2.299,-0.0939,0,0,0,0.706,0.381,0.619,0,0,0.0,4,SEARCH_PHASE,1.9258,-1.0069,-11.8251,6.2677
1693,51.823,24.3378,-11.271,3.3029,1.924,-1.0078,-0.661,3.163,13.34,13.696,36.1244,-17.5185,0.2,0.0,0.0,0.0,1.9485,-1.0661,-0.54,2.2858,-0.0681,0,0,0,0.711,0.381,0.619,0,0,0.0,4,SEARCH_PHASE,1.924,-1.0078,-11.7866,6.2475
1694,51.851,24.3762,-11.2912,3.2906,1.9208,-1.0111,-0.6133,3.151,13.297,13.651,36.1244,-17.5185,0.2,0.0,0.0,0.0,1.9494,-1.0613,-0.492,2.2734,-0.0942,0,0,0,0.71,0.388,0.612,0,0,0.0,4,SEARCH_PHASE,1.9208,-1.0111,-11.7482,6.2273
1695,51.879,24.4146,-11.3115,3.2793,1.9202,-1.0146,-0.5657,3.139,13.253,13.606,36.1244,-17.5185,0.2,0.0,0.0,0.0,1.9441,-1.0679,-0.444,2.2621,-0.0685,0,0,0,0.714,0.391,0.609,0,0,0.0,4,SEARCH_PHASE,1.9202,-1.0146,-11.7098,6.207
1696,51.908,24.453,-11.3319,3.2689,1.9177,-1.0208,-0.5183,3.129,13.21,13.562,36.1244,-17.5185,0.2,0.0,0.0,0.0,1.9457,-1.0618,-0.396,2.2517,-0.0679,0,0,0,0.713,0.395,0.605,0,0,0.0,4,SEARCH_PHASE,1.9177,-1.0208,-11.6715,6.1866
1697,51.944,24.4913,-11.3525,3.2595,1.9173,-1.0274,-0.4708,3.119,13.166,13.517,36.1244,-17.5185,0.2,0.0,0.0,0.0,1.935,-1.0782,-0.348,2.2423,-0.0519,0,0,0,0.717,0.394,0.606,0,0,0.0,4,SEARCH_PHASE,1.9173,-1.0274,-11.6331,6.166
1698,51.976,24.5296,-11.3732,3.251,1.9155,-1.034,-0.4231,3.111,13.123,13.473,36.1244,-17.5185,0.2,0.0,0.0,0.0,1.9366,-1.0722,-0.3,2.2338,-0.076,0,0,0,0.717,0.393,0.607,0,0,0.0,4,SEARCH_PHASE,1.9155,-1.034,-11.5948,6.1453
1699,52.005,24.5679,-11.3939,3.2435,1.9167,-1.0382,-0.3758,3.104,13.079,13.429,36.1244,-17.5185,0.2,0.0,0.0,0.0,1.9312,-1.0789,-0.252,2.2264,-0.0685,0,0,0,0.72,0.397,0.603,0,0,0.0,4,SEARCH_PHASE,1.9167,-1.0382,-11.5565,6.1246
1700,52.033,24.6063,-11.4148,3.237,1.917,-1.0424,-0.3281,3.097,13.035,13.385,36.1244,-17.5185,0.2,0.0,0.0,0.0,1.9342,-1.0704,-0.204,2.22,-0.097,0,0,0,0.718,0.398,0.602,0,0,0.0,4,SEARCH_PHASE,1.917,-1.0424,-11.5181,6.1037
1701,52.06,24.6447,-11.4357,3.2313,1.9193,-1.046,-0.2804,3.091,12.992,13.341,36.1244,-17.5185,0.2,0.0,0.0,0.0,1.9285,-1.0774,-0.156,2.2146,-0.0705,0,0,0,0.721,0.401,0.599,0,0,0.0,4,SEARCH_PHASE,1.9193,-1.046,-11.4797,6.0828
1702,52.087,24.6831,-11.4567,3.2267,1.9194,-1.0516,-0.2329,3.087,12.948,13.297,36.1244,-17.5185,0.2,0.0,0.0,0.0,1.9313,-1.0694,-0.108,2.2102,-0.0878,0,0,0,0.718,0.401,0.599,0,0,0.0,4,SEARCH_PHASE,1.9194,-1.0516,-11.4414,6.0618
1703,52.114,24.7215,-11.4779,3.223,1.921,-1.057,-0.1853,3.083,12.904,13.253,36.1244,-17.5185,0.2,0.0,0.0,0.0,1.9275,-1.0731,-0.06,2.2069,-0.0616,0,0,0,0.72,0.403,0.597,0,0,0.0,4,SEARCH_PHASE,1.921,-1.057,-11.4029,6.0406
1704,52.141,24.7599,-11.4991,3.2202,1.9203,-1.0633,-0.1377,3.08,12.86,13.21,36.1244,-17.5185,0.2,0.0,0.0,0.0,1.9308,-1.0641,-0.012,2.2046,-0.0903,0,0,0,0.714,0.405,0.595,0,0,0.0,4,SEARCH_PHASE,1.9203,-1.0633,-11.3645,6.0194
1705,52.174,24.7983,-11.5205,3.2184,1.9211,-1.0683,-0.0901,3.078,12.816,13.167,36.1244,-17.5185,0.2,0.0,0.0,0.0,1.9279,-1.0662,0.036,2.2034,-0.0641,0,0,0,0.715,0.402,0.598,0,0,0.0,4,SEARCH_PHASE,1.9211,-1.0683,-11.3261,5.998
1706,52.2,24.8367,-11.542,3.2176,1.919,-1.0746,-0.0426,3.078,12.772,13.124,36.1244,-17.5185,0.2,0.0,0.0,0.0,1.9304,-1.0584,0.084,2.2031,-0.0758,0,0,0,0.706,0.402,0.598,0,0,0.0,4,SEARCH_PHASE,1.919,-1.0746,-11.2877,5.9765
1707,52.227,24.875,-11.5636,3.2177,1.9179,-1.0797,0.0051,3.078,12.728,13.081,36.1244,-17.5185,0.2,0.0,0.0,0.0,1.9263,-1.0628,0.132,2.204,-0.0499,0,0,0,0.706,0.395,0.605,0,0,0.0,4,SEARCH_PHASE,1.9179,-1.0797,-11.2494,5.9549
1708,52.253,24.9133,-11.5853,3.2187,1.9139,-1.0845,0.0529,3.079,12.684,13.039,36.1244,-17.5185,0.2,0.0,0.0,0.0,1.9271,-1.0582,0.18,2.2059,-0.0789,0,0,0,0.701,0.397,0.603,0,0,0.0,4,SEARCH_PHASE,1.9139,-1.0845,-11.2111,5.9332
1709,52.279,24.9515,-11.607,3.2207,1.9111,-1.0866,0.1007,3.081,12.64,12.996,36.1244,-17.5185,0.2,0.0,0.0,0.0,1.9268,-1.0557,0.228,2.2088,-0.0532,0,0,0,0.701,0.389,0.611,0,0,0.0,4,SEARCH_PHASE,1.9111,-1.0866,-11.1729,5.9115
1710,52.304,24.9896,-11.6288,3.2237,1.905,-1.0886,0.1483,3.084,12.597,12.954,36.1244,-17.5185,0.2,0.0,0.0,0.0,1.9232,-1.0591,0.276,2.2128,-0.0892,0,0,0,0.701,0.395,0.605,0,0,0.0,4,SEARCH_PHASE,1.905,-1.0886,-11.1348,5.8897
1711,52.33,25.0276,-11.6505,3.2276,1.8996,-1.0881,0.196,3.088,12.553,12.913,36.1244,-17.5185,0.2,0.0,0.0,0.0,1.9235,-1.0554,0.324,2.2178,-0.0529,0,0,0,0.7,0.39,0.61,0,0,0.0,4,SEARCH_PHASE,1.8996,-1.0881,-11.0968,5.868
1712,52.356,25.0655,-11.6723,3.2325,1.8943,-1.0885,0.2439,3.093,12.509,12.871,36.1244,-17.5185,0.2,0.0,0.0,0.0,1.9156,-1.0665,0.372,2.2238,-0.0943,0,0,0,0.704,0.399,0.601,0,0,0.0,4,SEARCH_PHASE,1.8943,-1.0885,-11.0589,5.8462
1713,52.382,25.1033,-11.694,3.2383,1.8892,-1.0861,0.2918,3.098,12.466,12.83,36.1244,-17.5185,0.2,0.0,0.0,0.0,1.9171,-1.0607,0.42,2.2309,-0.05,0,0,0,0.702,0.39,0.61,0,0,0.0,4,SEARCH_PHASE,1.8892,-1.0861,-11.0211,5.8245
1714,52.407,25.141,-11.7157,3.2451,1.8867,-1.0851,0.3396,3.105,12.422,12.79,36.1244,-17.5185,0.2,0.0,0.0,0.0,1.9097,-1.0709,0.468,2.239,-0.0916,0,0,0,0.704,0.402,0.598,0,0,0.0,4,SEARCH_PHASE,1.8867,-1.0851,-10.9834,5.8028
1715,52.433,25.1787,-11.7373,3.2529,1.884,-1.0809,0.3872,3.113,12.379,12.75,36.1244,-17.5185,0.2,0.0,0.0,0.0,1.9122,-1.0633,0.516,2.248,-0.0577,0,0,0,0.702,0.396,0.604,0,0,0.0,4,SEARCH_PHASE,1.884,-1.0809,-10.9457,5.7812
1716,52.459,25.2164,-11.7589,3.2616,1.8834,-1.0776,0.435,3.122,12.335,12.709,36.1244,-17.5185,0.2,0.0,0.0,0.0,1.9051,-1.073,0.564,2.2581,-0.0994,0,0,0,0.704,0.402,0.598,0,0,0.0,4,SEARCH_PHASE,1.8834,-1.0776,-10.908,5.7596
1717,52.484,25.254,-11.7803,3.2712,1.8821,-1.0719,0.4827,3.131,12.292,12.67,36.1244,-17.5185,0.2,0.0,0.0,0.0,1.9087,-1.0636,0.612,2.2691,-0.0545,0,0,0,0.701,0.399,0.601,0,0,0.0,4,SEARCH_PHASE,1.8821,-1.0719,-10.8704,5.7382
1718,52.51,25.2917,-11.8017,3.2818,1.8824,-1.0678,0.5303,3.142,12.249,12.63,36.1244,-17.5185,0.2,0.0,0.0,0.0,1.9023,-1.072,0.66,2.2811,-0.0962,0,0,0,0.702,0.405,0.595,0,0,0.0,4,SEARCH_PHASE,1.8824,-1.0678,-10.8327,5.7168
1719,52.534,25.3293,-11.8229,3.2934,1.8816,-1.0609,0.5778,3.153,12.205,12.591,36.1244,-17.5185,0.2,0.0,0.0,0.0,1.9034,-1.0671,0.708,2.294,-0.0707,0,0,0,0.698,0.398,0.602,0,0,0.0,4,SEARCH_PHASE,1.8816,-1.0609,-10.7951,5.6956
1720,52.559,25.367,-11.844,3.3059,1.8821,-1.0552,0.6254,3.166,12.162,12.553,36.1244,-17.5185,0.2,0.0,0.0,0.0,1.896,-1.0772,0.756,2.3079,-0.1124,0,0,0,0.698,0.399,0.601,0,0,0.0,4,SEARCH_PHASE,1.8821,-1.0552,-10.7575,5.6745
1721,52.583,25.4046,-11.865,3.3194,1.8808,-1.0484,0.6731,3.179,12.119,12.514,36.1244,-17.5185,0.2,0.0,0.0,0.0,1.8952,-1.0754,0.804,2.3227,-0.0672,0,0,0,0.709,0.391,0.609,0,0,0.0,4,SEARCH_PHASE,1.8808,-1.0484,-10.7198,5.6535
1722,52.608,25.4422,-11.8859,3.3338,1.88,-1.0443,0.7208,3.194,12.076,12.476,36.1244,-17.5185,0.2,0.0,0.0,0.0,1.8888,-1.0837,0.852,2.3384,-0.1085,0,0,0,0.711,0.394,0.606,0,0,0.0,4,SEARCH_PHASE,1.88,-1.0443,-10.6822,5.6326
1723,52.633,25.4797,-11.9066,3.3492,1.877,-1.0388,0.7685,3.209,12.033,12.439,36.1244,-17.5185,0.2,0.0,0.0,0.0,1.8871,-1.0837,0.9,2.3549,-0.0644,0,0,0,0.715,0.386,0.614,0,0,0.0,4,SEARCH_PHASE,1.877,-1.0388,-10.6447,5.6119
1724,52.658,25.5172,-11.9274,3.3655,1.8743,-1.0357,0.8161,3.225,11.991,12.401,36.1244,-17.5185,0.2,0.0,0.0,0.0,1.8804,-1.0923,0.948,2.3723,-0.1054,0,0,0,0.71,0.387,0.613,0,0,0.0,4,SEARCH_PHASE,1.8743,-1.0357,-10.6072,5.5911
1725,52.683,25.5546,-11.948,3.3827,1.8694,-1.0308,0.8637,3.243,11.948,12.365,36.1244,-17.5185,0.2,0.0,0.0,0.0,1.8746,-1.0994,0.996,2.3906,-0.0656,0,0,0,0.714,0.381,0.619,0,0,0.0,4,SEARCH_PHASE,1.8694,-1.0308,-10.5698,5.5705
1726,52.709,25.5919,-11.9685,3.401,1.8647,-1.028,0.9114,3.261,11.905,12.328,36.1244,-17.5185,0.2,0.0,0.0,0.0,1.8669,-1.1097,1.044,2.4096,-0.1062,0,0,0,0.712,0.389,0.611,0,0,0.0,4,SEARCH_PHASE,1.8647,-1.028,-10.5325,5.55
1727,52.733,25.6291,-11.989,3.4202,1.8594,-1.0235,0.959,3.28,11.863,12.292,36.1244,-17.5185,0.2,0.0,0.0,0.0,1.8629,-1.1135,1.092,2.4295,-0.0859,0,0,0,0.712,0.378,0.622,0,0,0.0,4,SEARCH_PHASE,1.8594,-1.0235,-10.4953,5.5295
1728,52.758,25.6662,-12.0094,3.4403,1.8559,-1.0213,1.0061,3.3,11.821,12.257,36.1244,-17.5185,0.2,0.0,0.0,0.0,1.8553,-1.1233,1.14,2.4502,-0.1238,0,0,0,0.713,0.39,0.61,0,0,0.0,4,SEARCH_PHASE,1.8559,-1.0213,-10.4582,5.5091
1729,52.784,25.7032,-12.0298,3.4614,1.8509,-1.0196,1.0543,3.321,11.778,12.221,36.1244,-17.5185,0.2,0.0,0.0,0.0,1.8533,-1.1238,1.188,2.4716,-0.0737,0,0,0,0.717,0.38,0.62,0,0,0.0,4,SEARCH_PHASE,1.8509,-1.0196,-10.4212,5.4887
1730,52.81,25.7401,-12.0503,3.4834,1.847,-1.0225,1.1022,3.343,11.736,12.187,36.1244,-17.5185,0.2,0.0,0.0,0.0,1.8496,-1.127,1.236,2.4938,-0.1063,0,0,0,0.714,0.382,0.618,0,0,0.0,4,SEARCH_PHASE,1.847,-1.0225,-10.3843,5.4682
1731,52.836,25.777,-12.0708,3.5064,1.8414,-1.0256,1.1502,3.366,11.694,12.152,36.1244,-17.5185,0.2,0.0,0.0,0.0,1.8452,-1.1315,1.284,2.5167,-0.0554,0,0,0,0.716,0.379,0.621,0,0,0.0,4,SEARCH_PHASE,1.8414,-1.0256,-10.3474,5.4477
1732,52.863,25.8137,-12.0914,3.5304,1.8365,-1.0324,1.1978,3.39,11.652,12.118,36.1244,-17.5185,0.2,0.0,0.0,0.0,1.8395,-1.1379,1.332,2.5403,-0.0926,0,0,0,0.716,0.379,0.621,0,0,0.0,4,SEARCH_PHASE,1.8365,-1.0324,-10.3107,5.4271
1733,52.889,25.8503,-12.1122,3.5553,1.8296,-1.0386,1.2456,3.415,11.61,12.085,36.1244,-17.5185,0.2,0.0,0.0,0.0,1.8332,-1.1453,1.38,2.5645,-0.0551,0,0,0,0.727,0.375,0.625,0,0,0.0,4,SEARCH_PHASE,1.8296,-1.0386,-10.2741,5.4063
1734,52.915,25.8868,-12.1332,3.5811,1.823,-1.048,1.2928,3.441,11.568,12.052,36.1244,-17.5185,0.2,0.0,0.0,0.0,1.8286,-1.1499,1.428,2.5895,-0.0931,0,0,0,0.729,0.371,0.629,0,0,0.0,4,SEARCH_PHASE,1.823,-1.048,-10.2377,5.3853
1735,52.94,25.923,-12.1543,3.6079,1.8144,-1.0568,1.3403,3.468,11.526,12.019,36.1244,-17.5185,0.2,0.0,0.0,0.0,1.8176,-1.1646,1.476,2.6151,-0.0546,0,0,0,0.731,0.367,0.633,0,0,0.0,4,SEARCH_PHASE,1.8144,-1.0568,-10.2014,5.3642
1736,52.966,25.9592,-12.1757,3.6357,1.8066,-1.068,1.3879,3.496,11.484,11.987,36.1244,-17.5185,0.2,0.0,0.0,0.0,1.7901,-1.204,1.524,2.6414,-0.1001,0,0,0,0.734,0.373,0.627,0,0,0.0,4,SEARCH_PHASE,1.8066,-1.068,-10.1652,5.3428
1737,52.992,25.9951,-12.1972,3.6644,1.7978,-1.0776,1.4359,3.524,11.442,11.955,36.1244,-17.5185,0.2,0.0,0.0,0.0,1.7866,-1.2065,1.572,2.6681,-0.0588,0,0,0,0.729,0.373,0.627,0,0,0.0,4,SEARCH_PHASE,1.7978,-1.0776,-10.1293,5.3213
1738,53.018,26.0309,-12.219,3.6941,1.7904,-1.0896,1.4835,3.554,11.4,11.924,36.1244,-17.5185,0.2,0.0,0.0,0.0,1.7946,-1.192,1.62,2.6955,-0.1037,0,0,0,0.722,0.376,0.624,0,0,0.0,4,SEARCH_PHASE,1.7904,-1.0896,-10.0935,5.2995
1739,53.047,26.0666,-12.241,3.7247,1.7816,-1.0995,1.5309,3.585,11.358,11.893,36.1244,-17.5185,0.2,0.0,0.0,0.0,1.7979,-1.1844,1.668,2.7235,-0.0629,0,0,0,0.725,0.363,0.637,0,0,0.0,4,SEARCH_PHASE,1.7816,-1.0995,-10.0578,5.2775
1740,53.071,26.1021,-12.2632,3.7563,1.774,-1.1113,1.5774,3.616,11.317,11.862,36.1244,-17.5185,0.2,0.0,0.0,0.0,1.7852,-1.2008,1.7,2.7421,-0.104,0,0,0,0.727,0.367,0.633,0,0,0.0,4,SEARCH_PHASE,1.774,-1.1113,-10.0224,5.2553
1741,53.098,26.1373,-12.2856,3.7886,1.7648,-1.1205,1.6192,3.649,11.275,11.832,36.1244,-17.5185,0.2,0.0,0.0,0.0,1.7884,-1.1935,1.7,2.741,-0.06,0,0,0,0.733,0.347,0.653,0,0,0.0,4,SEARCH_PHASE,1.7648,-1.1205,-9.9871,5.2329
1742,53.129,26.1725,-12.3082,3.8215,1.7566,-1.1305,1.6452,3.682,11.233,11.803,36.1244,-17.5185,0.2,0.0,0.0,0.0,1.7845,-1.1968,1.7,2.7398,-0.0965,0,0,0,0.735,0.348,0.652,0,0,0.0,4,SEARCH_PHASE,1.7566,-1.1305,-9.9519,5.2103
1743,53.154,26.2074,-12.331,3.8548,1.7476,-1.1378,1.6614,3.715,11.192,11.773,36.1244,-17.5185,0.2,0.0,0.0,0.0,1.7916,-1.1836,1.652,2.7092,-0.0576,0,0,0,0.729,0.342,0.658,0,0,0.0,4,SEARCH_PHASE,1.7476,-1.1378,-9.917,5.1875
1744,53.179,26.2422,-12.3539,3.8878,1.7398,-1.145,1.6538,3.748,11.15,11.744,36.1244,-17.5185,0.2,0.0,0.0,0.0,1.7889,-1.1851,1.604,2.679,-0.0911,0,0,0,0.729,0.345,0.655,0,0,0.0,4,SEARCH_PHASE,1.7398,-1.145,-9.8822,5.1646
1745,53.204,26.2769,-12.3769,3.9205,1.7324,-1.1499,1.6314,3.78,11.109,11.715,36.1244,-17.5185,0.2,0.0,0.0,0.0,1.788,-1.1837,1.556,2.6494,-0.0506,0,0,0,0.72,0.337,0.663,0,0,0.0,4,SEARCH_PHASE,1.7324,-1.1499,-9.8475,5.1416
1746,53.236,26.3114,-12.4,3.9525,1.7267,-1.1552,1.5996,3.812,11.068,11.687,36.1244,-17.5185,0.2,0.0,0.0,0.0,1.7884,-1.1807,1.508,2.6204,-0.082,0,0,0,0.719,0.343,0.657,0,0,0.0,4,SEARCH_PHASE,1.7267,-1.1552,-9.813,5.1185
1747,53.262,26.3458,-12.4232,3.9837,1.7211,-1.1586,1.5612,3.844,11.026,11.658,36.1244,-17.5185,0.2,0.0,0.0,0.0,1.7918,-1.1729,1.46,2.5919,-0.0491,0,0,0,0.727,0.342,0.658,0,0,0.0,4,SEARCH_PHASE,1.7211,-1.1586,-9.7786,5.0953
1748,53.293,26.3802,-12.4464,4.0141,1.7168,-1.1625,1.5202,3.874,10.985,11.629,36.1244,-17.5185,0.2,0.0,0.0,0.0,1.7876,-1.1767,1.412,2.564,-0.0824,0,0,0,0.721,0.347,0.653,0,0,0.0,4,SEARCH_PHASE,1.7168,-1.1625,-9.7442,5.0721
1749,53.319,26.4144,-12.4697,4.0436,1.7131,-1.1647,1.4768,3.904,10.944,11.599,36.1244,-17.5185,0.2,0.0,0.0,0.0,1.793,-1.1658,1.364,2.5366,-0.0457,0,0,0,0.729,0.34,0.66,0,0,0.0,4,SEARCH_PHASE,1.7131,-1.1647,-9.71,5.0488
1750,53.35,26.4487,-12.4931,4.0723,1.711,-1.1675,1.4319,3.932,10.903,11.57,36.1244,-17.5185,0.2,0.0,0.0,0.0,1.7922,-1.1645,1.316,2.51,-0.0787,0,0,0,0.73,0.336,0.664,0,0,0.0,4,SEARCH_PHASE,1.711,-1.1675,-9.6758,5.0254
1751,53.383,26.4828,-12.5164,4.1,1.7093,-1.1685,1.3861,3.96,10.862,11.541,36.1244,-17.5185,0.2,0.0,0.0,0.0,1.7976,-1.1534,1.268,2.4839,-0.0418,0,0,0,0.735,0.331,0.669,0,0,0.0,4,SEARCH_PHASE,1.7093,-1.1685,-9.6416,5.0021
1752,53.413,26.517,-12.5398,4.1268,1.709,-1.1697,1.3397,3.987,10.821,11.511,36.1244,-17.5185,0.2,0.0,0.0,0.0,1.7976,-1.1509,1.22,2.4585,-0.0748,0,0,0,0.736,0.335,0.665,0,0,0.0,4,SEARCH_PHASE,1.709,-1.1697,-9.6074,4.9787
1753,53.444,26.5512,-12.5632,4.1526,1.7088,-1.169,1.2928,4.013,10.78,11.481,36.1244,-17.5185,0.2,0.0,0.0,0.0,1.8134,-1.1232,1.172,2.4338,-0.0402,0,0,0,0.734,0.331,0.669,0,0,0.0,4,SEARCH_PHASE,1.7088,-1.169,-9.5732,4.9553
1754,53.486,26.5854,-12.5866,4.1776,1.7099,-1.1682,1.2459,4.038,10.739,11.452,36.1244,-17.5185,0.2,0.0,0.0,0.0,1.8104,-1.1253,1.124,2.4098,-0.0731,0,0,0,0.735,0.329,0.671,0,0,0.0,4,SEARCH_PHASE,1.7099,-1.1682,-9.539,4.9319
1755,53.519,26.6196,-12.6099,4.2015,1.7114,-1.1655,1.1986,4.062,10.697,11.421,36.1244,-17.5185,0.2,0.0,0.0,0.0,1.8202,-1.1067,1.076,2.3866,-0.0367,0,0,0,0.73,0.331,0.669,0,0,0.0,4,SEARCH_PHASE,1.7114,-1.1655,-9.5048,4.9086
1756,53.545,26.6539,-12.6331,4.2246,1.7145,-1.1627,1.1515,4.085,10.656,11.391,36.1244,-17.5185,0.2,0.0,0.0,0.0,1.8178,-1.1079,1.028,2.364,-0.0704,0,0,0,0.731,0.325,0.675,0,0,0.0,4,SEARCH_PHASE,1.7145,-1.1627,-9.4705,4.8854
1757,53.574,26.6883,-12.6563,4.2466,1.7178,-1.1576,1.1041,4.107,10.615,11.36,36.1244,-17.5185,0.2,0.0,0.0,0.0,1.8212,-1.0996,0.98,2.3423,-0.0393,0,0,0,0.736,0.322,0.678,0,0,0.0,4,SEARCH_PHASE,1.7178,-1.1576,-9.4361,4.8622
1758,53.603,26.7227,-12.6793,4.2678,1.7224,-1.1522,1.0567,4.128,10.574,11.329,36.1244,-17.5185,0.2,0.0,0.0,0.0,1.8196,-1.0995,0.932,2.3213,-0.0733,0,0,0,0.736,0.317,0.683,0,0,0.0,4,SEARCH_PHASE,1.7224,-1.1522,-9.4017,4.8392
1759,53.634,26.7573,-12.7022,4.288,1.727,-1.1447,1.0091,4.148,10.533,11.298,36.1244,-17.5185,0.2,0.0,0.0,0.0,1.8304,-1.0785,0.884,2.3011,-0.0552,0,0,0,0.733,0.318,0.682,0,0,0.0,4,SEARCH_PHASE,1.727,-1.1447,-9.3672,4.8163
1760,53.67,26.7919,-12.725,4.3072,1.7326,-1.1369,0.9616,4.167,10.492,11.267,36.1244,-17.5185,0.2,0.0,0.0,0.0,1.8294,-1.0776,0.836,2.2818,-0.0841,0,0,0,0.734,0.313,0.687,0,0,0.0,4,SEARCH_PHASE,1.7326,-1.1369,-9.3325,4.7935
1761,53.701,26.8267,-12.7475,4.3255,1.7378,-1.128,0.914,4.185,10.45,11.235,36.1244,-17.5185,0.2,0.0,0.0,0.0,1.843,-1.0513,0.788,2.2633,-0.047,0,0,0,0.728,0.318,0.682,0,0,0.0,4,SEARCH_PHASE,1.7378,-1.128,-9.2977,4.771
1762,53.725,26.8615,-12.7699,4.3428,1.7438,-1.1196,0.8666,4.203,10.409,11.203,36.1244,-17.5185,0.2,0.0,0.0,0.0,1.8416,-1.0508,0.74,2.2457,-0.0809,0,0,0,0.728,0.315,0.685,0,0,0.0,4,SEARCH_PHASE,1.7438,-1.1196,-9.2629,4.7486
1763,53.75,26.8965,-12.7921,4.3592,1.7493,-1.1094,0.8188,4.219,10.368,11.171,36.1244,-17.5185,0.2,0.0,0.0,0.0,1.8477,-1.0372,0.692,2.229,-0.048,0,0,0,0.723,0.317,0.683,0,0,0.0,4,SEARCH_PHASE,1.7493,-1.1094,-9.2279,4.7264
1764,53.783,26.9316,-12.8141,4.3746,1.7553,-1.0993,0.7713,4.235,10.327,11.138,36.1244,-17.5185,0.2,0.0,0.0,0.0,1.8439,-1.041,0.644,2.2132,-0.0816,0,0,0,0.724,0.322,0.678,0,0,0.0,4,SEARCH_PHASE,1.7553,-1.0993,-9.1928,4.7044
1765,53.81,26.9669,-12.8358,4.3891,1.7614,-1.0876,0.7232,4.249,10.285,11.106,36.1244,-17.5185,0.2,0.0,0.0,0.0,1.8509,-1.0257,0.596,2.1984,-0.074,0,0,0,0.72,0.319,0.681,0,0,0.0,4,SEARCH_PHASE,1.7614,-1.0876,-9.1575,4.6827
1766,53.844,27.0022,-12.8574,4.4026,1.7688,-1.0761,0.6749,4.263,10.244,11.073,36.1244,-17.5185,0.2,0.0,0.0,0.0,1.8473,-1.0291,0.548,2.1845,-0.0795,0,0,0,0.721,0.324,0.676,0,0,0.0,4,SEARCH_PHASE,1.7688,-1.0761,-9.1222,4.6611
1767,53.869,27.0378,-12.8787,4.4151,1.7759,-1.0645,0.6271,4.275,10.203,11.039,36.1244,-17.5185,0.2,0.0,0.0,0.0,1.8533,-1.0153,0.5,2.1716,-0.0924,0,0,0,0.717,0.323,0.677,0,0,0.0,4,SEARCH_PHASE,1.7759,-1.0645,-9.0867,4.6398
1768,53.901,27.0734,-12.8997,4.4267,1.7843,-1.0531,0.5787,4.287,10.161,11.005,36.1244,-17.5185,0.2,0.0,0.0,0.0,1.8561,-1.0072,0.452,2.1596,-0.0629,0,0,0,0.719,0.312,0.688,0,0,0.0,4,SEARCH_PHASE,1.7843,-1.0531,-9.051,4.6188
1769,53.925,27.1093,-12.9206,4.4373,1.7922,-1.0429,0.5312,4.297,10.12,10.971,36.1244,-17.5185,0.2,0.0,0.0,0.0,1.8623,-0.9927,0.404,2.1487,-0.0847,0,0,0,0.717,0.311,0.689,0,0,0.0,4,SEARCH_PHASE,1.7922,-1.0429,-9.0151,4.5979
1770,53.957,27.1453,-12.9412,4.447,1.8005,-1.0325,0.4829,4.307,10.078,10.937,36.1244,-17.5185,0.2,0.0,0.0,0.0,1.8589,-0.996,0.356,2.1388,-0.0648,0,0,0,0.719,0.31,0.69,0,0,0.0,4,SEARCH_PHASE,1.8005,-1.0325,-8.9791,4.5773
1771,53.991,27.1814,-12.9617,4.4557,1.8072,-1.0232,0.4355,4.316,10.037,10.902,36.1244,-17.5185,0.2,0.0,0.0,0.0,1.8647,-0.9822,0.308,2.1299,-0.0902,0,0,0,0.729,0.31,0.69,0,0,0.0,4,SEARCH_PHASE,1.8072,-1.0232,-8.943,4.5568
1772,54.024,27.2177,-12.982,4.4634,1.8142,-1.0138,0.388,4.323,9.995,10.867,36.1244,-17.5185,0.2,0.0,0.0,0.0,1.866,-0.9766,0.26,2.1221,-0.0692,0,0,0,0.73,0.31,0.69,0,0,0.0,4,SEARCH_PHASE,1.8142,-1.0138,-8.9067,4.5365
1773,54.063,27.2541,-13.0021,4.4702,1.8194,-1.0056,0.3402,4.33,9.954,10.831,36.1244,-17.5185,0.2,0.0,0.0,0.0,1.8679,-0.9699,0.212,2.1153,-0.0781,0,0,0,0.728,0.318,0.682,0,0,0.0,4,SEARCH_PHASE,1.8194,-1.0056,-8.8703,4.5164
1774,54.091,27.2906,-13.022,4.4761,1.8247,-0.9974,0.2928,4.336,9.912,10.795,36.1244,-17.5185,0.2,0.0,0.0,0.0,1.866,-0.9704,0.164,2.1096,-0.0574,0,0,0,0.73,0.311,0.689,0,0,0.0,4,SEARCH_PHASE,1.8247,-0.9974,-8.8338,4.4965
1775,54.121,27.3272,-13.0418,4.481,1.8288,-0.9895,0.2452,4.341,9.871,10.759,36.1244,-17.5185,0.2,0.0,0.0,0.0,1.8687,-0.9621,0.116,2.105,-0.0829,0,0,0,0.727,0.312,0.688,0,0,0.0,4,SEARCH_PHASE,1.8288,-0.9895,-8.7972,4.4767
1776,54.145,27.3639,-13.0614,4.4849,1.8336,-0.9807,0.1975,4.345,9.829,10.723,36.1244,-17.5185,0.2,0.0,0.0,0.0,1.866,-0.9642,0.068,2.1015,-0.0636,0,0,0,0.728,0.317,0.683,0,0,0.0,4,SEARCH_PHASE,1.8336,-0.9807,-8.7606,4.4571
1777,54.176,27.4006,-13.0809,4.4879,1.837,-0.9723,0.1497,4.288,9.788,10.686,36.1244,-17.5185,0.2,0.0,0.0,0.0,1.8708,-0.9517,0.02,2.099,-0.0894,0,0,0,0.737,0.307,0.693,0,0,0.0,4,SEARCH_PHASE,1.837,-0.9723,-8.7238,4.4376
1778,54.202,27.4374,-13.1001,4.49,1.8407,-0.9633,0.1021,4.29,9.746,10.648,36.1244,-17.5185,0.2,0.0,0.0,0.0,1.8707,-0.9487,-0.028,2.0977,-0.0689,0,0,0,0.738,0.305,0.695,0,0,0.0,4,SEARCH_PHASE,1.8407,-0.9633,-8.687,4.4184
1779,54.225,27.4743,-13.1192,4.4911,1.8427,-0.9549,0.0538,4.291,9.705,10.611,36.1244,-17.5185,0.2,0.0,0.0,0.0,1.8733,-0.9404,-0.076,2.0975,-0.0959,0,0,0,0.737,0.302,0.698,0,0,0.0,4,SEARCH_PHASE,1.8427,-0.9549,-8.6501,4.3993
1780,54.248,27.5112,-13.1382,4.4912,1.8448,-0.946,0.0063,4.291,9.663,10.573,36.1244,-17.5185,0.2,0.0,0.0,0.0,1.8709,-0.9421,-0.124,2.0983,-0.0728,0,0,0,0.74,0.305,0.695,0,0,0.0,4,SEARCH_PHASE,1.8448,-0.946,-8.6133,4.3803
1781,54.271,27.5481,-13.1569,4.4904,1.8461,-0.938,-0.0412,4.29,9.622,10.535,36.1244,-17.5185,0.2,0.0,0.0,0.0,1.879,-0.9226,-0.172,2.1003,-0.0972,0,0,0,0.743,0.297,0.703,0,0,0.0,4,SEARCH_PHASE,1.8461,-0.938,-8.5763,4.3616
1782,54.298,27.585,-13.1755,4.4886,1.8483,-0.9298,-0.0887,4.289,9.58,10.496,36.1244,-17.5185,0.2,0.0,0.0,0.0,1.8778,-0.9217,-0.22,2.1034,-0.0755,0,0,0,0.744,0.3,0.7,0,0,0.0,4,SEARCH_PHASE,1.8483,-0.9298,-8.5394,4.343
1783,54.328,27.622,-13.194,4.4858,1.8491,-0.9227,-0.1367,4.286,9.539,10.458,36.1244,-17.5185,0.2,0.0,0.0,0.0,1.8849,-0.9039,-0.268,2.1075,-0.0971,0,0,0,0.749,0.292,0.708,0,0,0.0,4,SEARCH_PHASE,1.8491,-0.9227,-8.5024,4.3245
1784,54.359,27.659,-13.2123,4.4822,1.8504,-0.9154,-0.1841,4.282,9.498,10.418,36.1244,-17.5185,0.2,0.0,0.0,0.0,1.8871,-0.8958,-0.316,2.1127,-0.074,0,0,0,0.752,0.296,0.704,0,0,0.0,4,SEARCH_PHASE,1.8504,-0.9154,-8.4654,4.3062
1785,54.39,27.696,-13.2305,4.4775,1.8502,-0.9093,-0.2317,4.278,9.456,10.379,36.1244,-17.5185,0.2,0.0,0.0,0.0,1.8859,-0.8951,-0.364,2.1191,-0.0887,0,0,0,0.753,0.295,0.705,0,0,0.0,4,SEARCH_PHASE,1.8502,-0.9093,-8.4284,4.288
1786,54.423,27.733,-13.2485,4.4719,1.8503,-0.9031,-0.2793,4.272,9.415,10.339,36.1244,-17.5185,0.2,0.0,0.0,0.0,1.8892,-0.8849,-0.412,2.1264,-0.0612,0,0,0,0.756,0.295,0.705,0,0,0.0,4,SEARCH_PHASE,1.8503,-0.9031,-8.3914,4.27
1787,54.447,27.7701,-13.2665,4.4654,1.8502,-0.8977,-0.3268,4.265,9.374,10.299,36.1244,-17.5185,0.2,0.0,0.0,0.0,1.893,-0.8734,-0.46,2.1349,-0.0855,0,0,0,0.756,0.294,0.706,0,0,0.0,4,SEARCH_PHASE,1.8502,-0.8977,-8.3544,4.252
1788,54.47,27.8071,-13.2843,4.4579,1.8507,-0.8917,-0.3743,4.258,9.333,10.258,36.1244,-17.5185,0.2,0.0,0.0,0.0,1.896,-0.8634,-0.508,2.1444,-0.0634,0,0,0,0.76,0.298,0.702,0,0,0.0,4,SEARCH_PHASE,1.8507,-0.8917,-8.3173,4.2342
1789,54.493,27.8441,-13.302,4.4495,1.8505,-0.8864,-0.4217,4.25,9.292,10.218,36.1244,-17.5185,0.2,0.0,0.0,0.0,1.8984,-0.8547,-0.556,2.1549,-0.0851,0,0,0,0.76,0.293,0.707,0,0,0.0,4,SEARCH_PHASE,1.8505,-0.8864,-8.2803,4.2165
1790,54.519,27.8811,-13.3197,4.4401,1.8514,-0.8807,-0.4693,4.24,9.251,10.176,36.1244,-17.5185,0.2,0.0,0.0,0.0,1.9009,-0.8457,-0.604,2.1664,-0.0632,0,0,0,0.764,0.296,0.704,0,0,0.0,4,SEARCH_PHASE,1.8514,-0.8807,-8.2433,4.1988
1791,54.553,27.9181,-13.3372,4.4298,1.8513,-0.876,-0.517,4.23,9.21,10.135,36.1244,-17.5185,0.2,0.0,0.0,0.0,1.9039,-0.8354,-0.652,2.1789,-0.0647,0,0,0,0.764,0.299,0.701,0,0,0.0,4,SEARCH_PHASE,1.8513,-0.876,-8.2063,4.1813
1792,54.579,27.9552,-13.3546,4.4185,1.8521,-0.871,-0.5645,4.218,9.169,10.093,36.1244,-17.5185,0.2,0.0,0.0,0.0,1.9026,-0.8348,-0.7,2.1924,-0.051,0,0,0,0.765,0.295,0.705,0,0,0.0,4,SEARCH_PHASE,1.8521,-0.871,-8.1692,4.1639
1793,54.604,27.9922,-13.3719,4.4062,1.8521,-0.8657,-0.6125,4.206,9.128,10.051,36.1244,-17.5185,0.2,0.0,0.0,0.0,1.909,-0.8165,-0.748,2.2069,-0.0715,0,0,0,0.77,0.3,0.7,0,0,0.0,4,SEARCH_PHASE,1.8521,-0.8657,-8.1322,4.1466
1794,54.625,28.0293,-13.3891,4.393,1.8533,-0.859,-0.6601,4.293,9.088,10.008,36.1244,-17.5185,0.2,0.0,0.0,0.0,1.907,-0.8175,-0.7,2.1898,-0.0616,0,0,0,0.772,0.299,0.701,0,0,0.0,4,SEARCH_PHASE,1.8533,-0.859,-8.0951,4.1294
1795,54.646,28.0664,-13.4061,4.3796,1.8551,-0.8508,-0.6721,4.28,9.047,9.966,36.1244,-17.5185,0.2,0.0,0.0,0.0,1.9142,-0.797,-0.652,2.1736,-0.0888,0,0,0,0.775,0.301,0.699,0,0,0.0,4,SEARCH_PHASE,1.8551,-0.8508,-8.058,4.1124
1796,54.674,28.1036,-13.4229,4.3663,1.8592,-0.8407,-0.6619,4.266,9.006,9.923,36.1244,-17.5185,0.2,0.0,0.0,0.0,1.9155,-0.7901,-0.604,2.1583,-0.0641,0,0,0,0.777,0.297,0.703,0,0,0.0,4,SEARCH_PHASE,1.8592,-0.8407,-8.0208,4.0956
1797,54.702,28.1408,-13.4395,4.3536,1.8621,-0.831,-0.6378,4.254,8.965,9.881,36.1244,-17.5185,0.2,0.0,0.0,0.0,1.9194,-0.777,-0.556,2.144,-0.094,0,0,0,0.777,0.299,0.701,0,0,0.0,4,SEARCH_PHASE,1.8621,-0.831,-7.9836,4.079
1798,54.722,28.1781,-13.4559,4.3415,1.8667,-0.8198,-0.6049,4.241,8.925,9.839,36.1244,-17.5185,0.2,0.0,0.0,0.0,1.9196,-0.7727,-0.508,2.1307,-0.0679,0,0,0,0.779,0.304,0.696,0,0,0.0,4,SEARCH_PHASE,1.8667,-0.8198,-7.9463,4.0626
1799,54.743,28.2155,-13.4721,4.3302,1.869,-0.8096,-0.5665,4.23,8.884,9.797,36.1244,-17.5185,0.2,0.0,0.0,0.0,1.919,-0.7703,-0.46,2.1184,-0.0993,0,0,0,0.778,0.294,0.706,0,0,0.0,4,SEARCH_PHASE,1.869,-0.8096,-7.9089,4.0464
1800,54.764,28.253,-13.4881,4.3197,1.8725,-0.7982,-0.5248,4.22,8.843,9.756,36.1244,-17.5185,0.2,0.0,0.0,0.0,1.9194,-0.7657,-0.412,2.1072,-0.0728,0,0,0,0.78,0.297,0.703,0,0,0.0,4,SEARCH_PHASE,1.8725,-0.7982,-7.8714,4.0304
1801,54.784,28.2904,-13.5039,4.31,1.8733,-0.7883,-0.4815,4.21,8.803,9.715,36.1244,-17.5185,0.2,0.0,0.0,0.0,1.9181,-0.7651,-0.364,2.0969,-0.1021,0,0,0,0.781,0.292,0.708,0,0,0.0,4,SEARCH_PHASE,1.8733,-0.7883,-7.834,4.0146
1802,54.803,28.3279,-13.5194,4.3013,1.875,-0.7775,-0.4359,4.201,8.762,9.675,36.1244,-17.5185,0.2,0.0,0.0,0.0,1.9331,-0.7226,-0.316,2.0878,-0.072,0,0,0,0.785,0.296,0.704,0,0,0.0,4,SEARCH_PHASE,1.875,-0.7775,-7.7965,3.9991
1803,54.825,28.3654,-13.5348,4.2935,1.8751,-0.7686,-0.3893,4.194,8.722,9.635,36.1244,-17.5185,0.2,0.0,0.0,0.0,1.9262,-0.7369,-0.268,2.0797,-0.0993,0,0,0,0.785,0.292,0.708,0,0,0.0,4,SEARCH_PHASE,1.8751,-0.7686,-7.759,3.9837
1804,54.845,28.403,-13.55,4.2867,1.8775,-0.7593,-0.3424,4.187,8.682,9.595,36.1244,-17.5185,0.2,0.0,0.0,0.0,1.9416,-0.6914,-0.22,2.0727,-0.0697,0,0,0,0.788,0.296,0.704,0,0,0.0,4,SEARCH_PHASE,1.8775,-0.7593,-7.7214,3.9685
1805,54.865,28.4405,-13.565,4.2808,1.8778,-0.7522,-0.2952,4.181,8.641,9.556,36.1244,-17.5185,0.2,0.0,0.0,0.0,1.9286,-0.7225,-0.172,2.0667,-0.0639,0,0,0,0.788,0.298,0.702,0,0,0.0,4,SEARCH_PHASE,1.8778,-0.7522,-7.6839,3.9535
1806,54.885,28.4781,-13.5799,4.2758,1.8799,-0.7449,-0.2478,4.176,8.601,9.518,36.1244,-17.5185,0.2,0.0,0.0,0.0,1.9374,-0.6947,-0.124,2.0619,-0.1076,0,0,0,0.788,0.29,0.71,0,0,0.0,4,SEARCH_PHASE,1.8799,-0.7449,-7.6463,3.9386
1807,54.913,28.5157,-13.5946,4.2718,1.8803,-0.7366,-0.2002,4.172,8.561,9.48,36.1244,-17.5185,0.2,0.0,0.0,0.0,1.9195,-0.7392,-0.076,2.0584,-0.0649,0,0,0,0.788,0.288,0.712,0,0,0.0,4,SEARCH_PHASE,1.8803,-0.7366,-7.6087,3.9239
1808,54.933,28.5534,-13.6093,4.2688,1.8815,-0.7311,-0.1531,4.169,8.521,9.442,36.1244,-17.5185,0.2,0.0,0.0,0.0,1.92,-0.7336,-0.028,2.0556,-0.1082,0,0,0,0.788,0.286,0.714,0,0,0.0,4,SEARCH_PHASE,1.8815,-0.7311,-7.571,3.9092
1809,54.952,28.591,-13.6237,4.2666,1.8808,-0.7243,-0.1054,4.167,8.481,9.405,36.1244,-17.5185,0.2,0.0,0.0,0.0,1.9012,-0.7778,0.02,2.0543,-0.0647,0,0,0,0.788,0.287,0.713,0,0,0.0,4,SEARCH_PHASE,1.8808,-0.7243,-7.5334,3.8948
1810,54.974,28.6286,-13.6381,4.2655,1.8806,-0.7199,-0.0579,4.165,8.441,9.369,36.1244,-17.5185,0.2,0.0,0.0,0.0,1.8912,-0.7979,0.068,2.0538,-0.1072,0,0,0,0.788,0.287,0.713,0,0,0.0,4,SEARCH_PHASE,1.8806,-0.7199,-7.4958,3.8804
1811,55.014,28.6662,-13.6524,4.2653,1.8781,-0.7138,-0.0106,4.165,8.401,9.333,36.1244,-17.5185,0.2,0.0,0.0,0.0,1.8849,-0.8092,0.116,2.0546,-0.0966,0,0,0,0.788,0.291,0.709,0,0,0.0,4,SEARCH_PHASE,1.8781,-0.7138,-7.4582,3.8661
1812,55.035,28.7037,-13.6666,4.266,1.8758,-0.7098,0.0373,4.166,8.361,9.297,36.1244,-17.5185,0.2,0.0,0.0,0.0,1.9021,-0.7643,0.164,2.0565,-0.1298,0,0,0,0.792,0.289,0.711,0,0,0.0,4,SEARCH_PHASE,1.8758,-0.7098,-7.4207,3.8519
1813,55.056,28.7411,-13.6808,4.2677,1.8726,-0.707,0.0853,4.168,8.321,9.262,36.1244,-17.5185,0.2,0.0,0.0,0.0,1.9183,-0.7192,0.212,2.0596,-0.0906,0,0,0,0.793,0.287,0.713,0,0,0.0,4,SEARCH_PHASE,1.8726,-0.707,-7.3833,3.8377
1814,55.079,28.7786,-13.6949,4.2704,1.8712,-0.7095,0.1329,4.17,8.281,9.228,36.1244,-17.5185,0.2,0.0,0.0,0.0,1.9334,-0.6736,0.26,2.0638,-0.0595,0,0,0,0.797,0.295,0.705,0,0,0.0,4,SEARCH_PHASE,1.8712,-0.7095,-7.3459,3.8236
1815,55.102,28.8159,-13.7092,4.274,1.8692,-0.7133,0.1805,4.174,8.242,9.194,36.1244,-17.5185,0.2,0.0,0.0,0.0,1.9251,-0.6923,0.308,2.0689,-0.0706,0,0,0,0.797,0.288,0.712,0,0,0.0,4,SEARCH_PHASE,1.8692,-0.7133,-7.3085,3.8093
1816,55.138,28.8533,-13.7235,4.2786,1.8701,-0.716,0.2283,4.179,8.202,9.16,36.1244,-17.5185,0.2,0.0,0.0,0.0,1.9282,-0.6795,0.356,2.0752,-0.0508,0,0,0,0.798,0.297,0.703,0,0,0.0,4,SEARCH_PHASE,1.8701,-0.716,-7.2711,3.795
1817,55.166,28.8907,-13.7379,4.2841,1.87,-0.7187,0.2754,4.184,8.162,9.127,36.1244,-17.5185,0.2,0.0,0.0,0.0,1.9106,-0.7242,0.404,2.0828,-0.0785,0,0,0,0.797,0.295,0.705,0,0,0.0,4,SEARCH_PHASE,1.87,-0.7187,-7.2337,3.7806
1818,55.202,28.9282,-13.7523,4.2905,1.8732,-0.719,0.3231,4.191,8.122,9.094,36.1244,-17.5185,0.2,0.0,0.0,0.0,1.9202,-0.6937,0.452,2.0911,-0.0693,0,0,0,0.799,0.299,0.701,0,0,0.0,4,SEARCH_PHASE,1.8732,-0.719,-7.1962,3.7662
1819,55.221,28.9657,-13.7667,4.298,1.8756,-0.7192,0.371,4.198,8.082,9.062,36.1244,-17.5185,0.2,0.0,0.0,0.0,1.9023,-0.7382,0.5,2.1009,-0.0951,0,0,0,0.797,0.294,0.706,0,0,0.0,4,SEARCH_PHASE,1.8756,-0.7192,-7.1587,3.7518
1820,55.241,29.0033,-13.781,4.3063,1.8802,-0.7186,0.4188,4.206,8.042,9.03,36.1244,-17.5185,0.2,0.0,0.0,0.0,1.9004,-0.7388,0.548,2.1113,-0.0688,0,0,0,0.798,0.298,0.702,0,0,0.0,4,SEARCH_PHASE,1.8802,-0.7186,-7.1211,3.7375
1821,55.259,29.041,-13.7954,4.3157,1.8826,-0.7194,0.4665,4.216,8.002,8.999,36.1244,-17.5185,0.2,0.0,0.0,0.0,1.8865,-0.7701,0.596,2.123,-0.0999,0,0,0,0.796,0.291,0.709,0,0,0.0,4,SEARCH_PHASE,1.8826,-0.7194,-7.0834,3.7231
1822,55.278,29.0787,-13.8098,4.3259,1.8869,-0.7191,0.5142,4.226,7.962,8.968,36.1244,-17.5185,0.2,0.0,0.0,0.0,1.8897,-0.7585,0.644,2.1356,-0.0735,0,0,1,0.794,0.291,0.709,0,0,0.0,4,ACQUISITION_ASSIST,1.8869,-0.7191,-7.0457,3.7087
1823,55.296,29.1164,-13.8242,4.334,1.8844,-0.7184,0.4003,4.234,7.922,8.936,36.1244,-17.5185,0.2,0.0,0.0,0.0,1.8818,-0.7742,0.692,2.1493,-0.0724,0,0,1,0.791,0.293,0.707,0,0,0.0,4,ACQUISITION_ASSIST,1.8844,-0.7184,-7.008,3.6943
1824,55.317,29.1541,-13.8385,4.3397,1.8825,-0.7174,0.2868,4.24,7.882,8.903,36.1244,-17.5185,0.2,0.0,0.0,0.0,1.8619,-0.8178,0.74,2.1641,-0.0714,0,0,1,0.793,0.292,0.708,0,0,0.0,4,ACQUISITION_ASSIST,1.8825,-0.7174,-6.9704,3.68
1825,55.338,29.1917,-13.8528,4.3432,1.881,-0.7161,0.1734,4.243,7.842,8.869,36.1244,-17.5185,0.2,0.0,0.0,0.0,1.8526,-0.835,0.788,2.1795,-0.0703,0,0,1,0.794,0.292,0.708,0,0,0.0,4,ACQUISITION_ASSIST,1.881,-0.7161,-6.9327,3.6657
1826,55.359,29.2293,-13.8671,4.3444,1.88,-0.7145,0.0604,4.244,7.802,8.835,36.1244,-17.5185,0.2,0.0,0.0,0.0,1.8428,-0.8531,0.836,2.1961,-0.0693,0,0,1,0.796,0.299,0.701,0,0,0.0,4,ACQUISITION_ASSIST,1.88,-0.7145,-6.8951,3.6514
1827,55.379,29.2669,-13.8814,4.3433,1.8795,-0.7126,-0.0524,4.243,7.762,8.799,36.1244,-17.5185,0.2,0.0,0.0,0.0,1.8444,-0.8464,0.884,2.2135,-0.0682,0,0,1,0.798,0.302,0.698,0,0,0.0,4,ACQUISITION_ASSIST,1.8795,-0.7126,-6.8575,3.6371
1828,55.404,29.3045,-13.8956,4.34,1.8794,-0.7105,-0.165,4.24,7.723,8.762,36.1244,-17.5185,0.2,0.0,0.0,0.0,1.8457,-0.8402,0.932,2.2319,-0.0672,0,0,1,0.8,0.306,0.694,0,0,0.0,4,ACQUISITION_ASSIST,1.8794,-0.7105,-6.82,3.6229
1829,55.428,29.342,-13.9098,4.3345,1.8798,-0.708,-0.2773,4.234,7.683,8.725,36.1244,-17.5185,0.2,0.0,0.0,0.0,1.8538,-0.8188,0.98,2.2511,-0.0661,0,0,1,0.802,0.308,0.692,0,0,0.0,4,ACQUISITION_ASSIST,1.8798,-0.708,-6.7824,3.6087
1830,55.448,29.3797,-13.9239,4.3269,1.8812,-0.7051,-0.3808,4.227,7.643,8.686,36.1244,-17.5185,0.2,0.0,0.0,0.0,1.8591,-0.8034,1.028,2.2712,-0.083,0,0,1,0.802,0.304,0.696,0,0,0.0,4,ACQUISITION_ASSIST,1.8812,-0.7051,-6.7447,3.5946
1831,55.468,29.4174,-13.9379,4.3179,1.8855,-0.7014,-0.4494,4.218,7.603,8.646,36.1244,-17.5185,0.2,0.0,0.0,0.0,1.8478,-0.8255,1.076,2.2921,-0.0941,0,0,1,0.802,0.297,0.703,0,0,0.0,4,ACQUISITION_ASSIST,1.8855,-0.7014,-6.707,3.5806
1832,55.488,29.4552,-13.9518,4.308,1.8908,-0.6978,-0.4911,4.208,7.563,8.607,36.1244,-17.5185,0.2,0.0,0.0,0.0,1.851,-0.8151,1.124,2.3138,-0.0934,0,0,1,0.801,0.281,0.719,0,0,0.0,4,ACQUISITION_ASSIST,1.8908,-0.6978,-6.6692,3.5667
1833,55.508,29.4931,-13.9658,4.2978,1.8945,-0.6955,-0.5133,4.198,7.523,8.567,36.1244,-17.5185,0.2,0.0,0.0,0.0,1.8298,-0.8582,1.076,2.2896,-0.061,0,0,1,0.789,0.282,0.718,0,0,0.0,4,ACQUISITION_ASSIST,1.8945,-0.6955,-6.6313,3.5527
1834,55.527,29.531,-13.9797,4.2873,1.8933,-0.6953,-0.5228,4.187,7.483,8.527,36.1244,-17.5185,0.2,0.0,0.0,0.0,1.8077,-0.9008,1.028,2.2663,-0.0621,0,0,1,0.567,0.255,0.745,0,0,0.0,4,ACQUISITION_ASSIST,1.8933,-0.6953,-6.5935,3.5388
1835,55.545,29.5687,-13.9936,4.2768,1.8853,-0.6948,-0.524,4.177,7.443,8.487,36.1244,-17.5185,0.2,0.0,0.0,0.0,1.7847,-0.9429,0.98,2.2438,-0.0295,0,0,1,0.53,0.24,0.76,0,0,0.0,4,ACQUISITION_ASSIST,1.8853,-0.6948,-6.5558,3.5249
1836,55.561,29.606,-14.0074,4.2665,1.8674,-0.6938,-0.5195,4.166,7.404,8.447,36.1244,-17.5185,0.2,0.0,0.0,0.0,1.7758,-0.9565,0.932,2.2219,-0.0655,0,0,1,0.509,0.205,0.795,0,0,0.0,4,ACQUISITION_ASSIST,1.8674,-0.6938,-6.5184,3.5111
1837,55.582,29.6428,-14.0212,4.2562,1.8378,-0.6894,-0.5131,4.156,7.365,8.408,36.1244,-17.5185,0.2,0.0,0.0,0.0,1.7739,-0.9571,0.884,2.201,-0.0476,0,0,1,0.478,0.195,0.805,0,0,0.0,4,ACQUISITION_ASSIST,1.8378,-0.6894,-6.4816,3.4973
1838,55.6,29.6787,-14.0349,4.246,1.7971,-0.6845,-0.5086,4.146,7.327,8.37,36.1244,-17.5185,0.2,0.0,0.0,0.0,1.7721,-0.9577,0.836,2.1809,-0.0747,0,0,1,0.393,0.166,0.834,0,0,0.0,4,ACQUISITION_ASSIST,1.7971,-0.6845,-6.4457,3.4836
1839,55.615,29.7137,-14.0485,4.2359,1.7484,-0.6773,-0.5053,4.136,7.29,8.332,36.1244,-17.5185,0.2,0.0,0.0,0.0,1.7704,-0.9583,0.788,2.1618,-0.0622,0,0,1,0.342,0.152,0.848,0,0,0.0,4,ACQUISITION_ASSIST,1.7484,-0.6773,-6.4107,3.47
1840,55.637,29.7475,-14.0619,4.2258,1.6903,-0.6705,-0.5064,4.126,7.254,8.296,36.1244,-17.5185,0.2,0.0,0.0,0.0,1.7687,-0.9587,0.74,2.1436,-0.08,0,0,1,0.302,0.141,0.859,0,0,0.0,4,ACQUISITION_ASSIST,1.6903,-0.6705,-6.3769,3.4566
1841,55.652,29.78,-14.0751,4.2156,1.6257,-0.6621,-0.5109,4.116,7.219,8.26,36.1244,-17.5185,0.2,0.0,0.0,0.0,1.7671,-0.9591,0.692,2.1264,-0.0787,0,0,1,0.297,0.137,0.863,0,0,0.0,4,ACQUISITION_ASSIST,1.6257,-0.6621,-6.3444,3.4434
1842,55.666,29.8111,-14.0882,4.2052,1.5569,-0.6541,-0.5185,4.105,7.185,8.226,36.1244,-17.5185,0.2,0.0,0.0,0.0,1.7657,-0.9594,0.644,2.1102,-0.1003,0,0,1,0.309,0.144,0.856,0,0,0.0,4,ACQUISITION_ASSIST,1.5569,-0.6541,-6.3133,3.4303
1843,55.681,29.8409,-14.1011,4.1946,1.4864,-0.6454,-0.5284,4.095,7.153,8.193,36.1244,-17.5185,0.2,0.0,0.0,0.0,1.7643,-0.9596,0.596,2.0949,-0.0646,0,0,1,0.318,0.142,0.858,0,0,0.0,4,ACQUISITION_ASSIST,1.4864,-0.6454,-6.2836,3.4174
1844,55.696,29.8692,-14.1138,4.1839,1.4158,-0.6372,-0.5378,4.084,7.122,8.16,36.1244,-17.5185,0.2,0.0,0.0,0.0,1.7631,-0.9596,0.548,2.0808,-0.0854,0,0,1,0.318,0.141,0.859,0,0,0.0,4,ACQUISITION_ASSIST,1.4158,-0.6372,-6.2552,3.4047
1845,55.711,29.8961,-14.1264,4.1729,1.345,-0.627,-0.5478,4.073,7.092,8.129,36.1244,-17.5185,0.2,0.0,0.0,0.0,1.7619,-0.9596,0.5,2.0677,-0.0728,0,0,1,0.324,0.152,0.848,0,0,0.0,4,ACQUISITION_ASSIST,1.345,-0.627,-6.2283,3.3921
1846,55.725,29.9216,-14.1387,4.1618,1.2753,-0.6174,-0.557,4.062,7.064,8.099,36.1244,-17.5185,0.2,0.0,0.0,0.0,1.7609,-0.9595,0.452,2.0556,-0.0905,0,0,1,0.358,0.161,0.839,0,0,0.0,4,ACQUISITION_ASSIST,1.2753,-0.6174,-6.2028,3.3798
1847,55.74,29.9458,-14.1509,4.1505,1.2094,-0.6069,-0.5642,4.05,7.037,8.07,36.1244,-17.5185,0.2,0.0,0.0,0.0,1.7599,-0.9592,0.404,2.0447,-0.0791,0,0,1,0.405,0.178,0.822,0,0,0.0,4,ACQUISITION_ASSIST,1.2094,-0.6069,-6.1786,3.3676
1848,55.755,29.9687,-14.1628,4.1391,1.1471,-0.5979,-0.5692,4.039,7.011,8.042,36.1244,-17.5185,0.2,0.0,0.0,0.0,1.7591,-0.9589,0.356,2.0349,-0.0901,0,0,1,0.43,0.191,0.809,0,0,0.0,4,ACQUISITION_ASSIST,1.1471,-0.5979,-6.1557,3.3557
1849,55.77,29.9905,-14.1746,4.1277,1.0915,-0.5888,-0.5722,4.028,6.986,8.015,36.1244,-17.5185,0.2,0.0,0.0,0.0,1.7583,-0.9586,0.308,2.0262,-0.0769,0,0,1,0.495,0.208,0.792,0,0,0.0,4,ACQUISITION_ASSIST,1.0915,-0.5888,-6.1339,3.3439
1850,55.785,30.0113,-14.1862,4.1162,1.0393,-0.5816,-0.574,4.016,6.962,7.988,36.1244,-17.5185,0.2,0.0,0.0,0.0,1.7577,-0.9581,0.26,2.0186,-0.0849,0,0,1,0.523,0.218,0.782,0,0,0.0,4,ACQUISITION_ASSIST,1.0393,-0.5816,-6.1131,3.3323
1851,55.809,30.0312,-14.1977,4.1047,0.9934,-0.5745,-0.5744,4.005,6.939,7.963,36.1244,-17.5185,0.2,0.0,0.0,0.0,1.757,-0.9576,0.212,2.0122,-0.0699,0,0,1,0.544,0.241,0.759,0,0,0.0,4,ACQUISITION_ASSIST,0.9934,-0.5745,-6.0932,3.3208
1852,55.833,30.0503,-14.2091,4.0933,0.9533,-0.569,-0.5719,3.993,6.917,7.938,36.1244,-17.5185,0.2,0.0,0.0,0.0,1.7565,-0.957,0.164,2.007,-0.0889,0,0,1,0.545,0.253,0.747,0,0,0.0,4,ACQUISITION_ASSIST,0.9533,-0.569,-6.0741,3.3094
1853,55.85,30.0687,-14.2204,4.0819,0.9209,-0.5636,-0.5688,3.982,6.896,7.913,36.1244,-17.5185,0.2,0.0,0.0,0.0,1.756,-0.9564,0.116,2.0029,-0.0748,0,0,1,0.569,0.254,0.746,0,0,0.0,4,ACQUISITION_ASSIST,0.9209,-0.5636,-6.0557,3.2981
1854,55.874,30.0865,-14.2316,4.0706,0.893,-0.5599,-0.5653,3.971,6.875,7.889,36.1244,-17.5185,0.2,0.0,0.0,0.0,1.7555,-0.9557,0.068,2.0,-0.0967,0,0,1,0.583,0.267,0.733,0,0,0.0,4,ACQUISITION_ASSIST,0.893,-0.5599,-6.0379,3.2869
1855,55.891,30.104,-14.2427,4.0594,0.8724,-0.5563,-0.5614,3.959,6.854,7.866,36.1244,-17.5185,0.2,0.0,0.0,0.0,1.7551,-0.955,0.02,1.9982,-0.0793,0,0,1,0.602,0.287,0.713,0,0,0.0,4,ACQUISITION_ASSIST,0.8724,-0.5563,-6.0204,3.2758
1856,55.907,30.1211,-14.2538,4.0482,0.8558,-0.5545,-0.558,3.948,6.834,7.843,36.1244,-17.5185,0.2,0.0,0.0,0.0,1.7547,-0.9542,-0.028,1.9976,-0.1013,0,0,1,0.613,0.294,0.706,0,0,0.0,4,ACQUISITION_ASSIST,0.8558,-0.5545,-6.0033,3.2647
1857,55.924,30.138,-14.2648,4.0371,0.846,-0.5528,-0.554,3.937,6.813,7.82,36.1244,-17.5185,0.2,0.0,0.0,0.0,1.7543,-0.9535,-0.076,1.9982,-0.0788,0,0,1,0.629,0.293,0.707,0,0,0.0,4,ACQUISITION_ASSIST,0.846,-0.5528,-5.9864,3.2537
1858,55.948,30.1548,-14.2759,4.0261,0.84,-0.553,-0.5502,3.926,6.793,7.797,36.1244,-17.5185,0.2,0.0,0.0,0.0,1.7646,-0.9329,-0.124,1.9999,-0.1014,0,0,1,0.822,0.307,0.693,0,0,0.0,4,ACQUISITION_ASSIST,0.84,-0.553,-5.9696,3.2426
1859,55.966,30.1716,-14.287,4.0152,0.8405,-0.5535,-0.5471,3.915,6.773,7.774,36.1244,-17.5185,0.2,0.0,0.0,0.0,1.7794,-0.9027,-0.076,1.9968,-0.0776,0,0,1,0.832,0.32,0.68,0,0,0.0,4,ACQUISITION_ASSIST,0.8405,-0.5535,-5.9528,3.2315
1860,55.984,30.1885,-14.2981,4.0043,0.8443,-0.556,-0.5444,3.904,6.753,7.751,36.1244,-17.5185,0.2,0.0,0.0,0.0,1.8,-0.8594,-0.028,1.9948,-0.0984,0,0,1,0.842,0.329,0.671,0,0,0.0,4,ACQUISITION_ASSIST,0.8443,-0.556,-5.9359,3.2204
1861,56.003,30.2056,-14.3093,3.9934,0.854,-0.5591,-0.5427,3.893,6.733,7.728,36.1244,-17.5185,0.2,0.0,0.0,0.0,1.8195,-0.8155,0.02,1.994,-0.0616,0,0,1,0.843,0.333,0.667,0,0,0.0,4,ACQUISITION_ASSIST,0.854,-0.5591,-5.9188,3.2092
1862,56.022,30.2229,-14.3206,3.9826,0.8666,-0.564,-0.5417,3.883,6.712,7.705,36.1244,-17.5185,0.2,0.0,0.0,0.0,1.8359,-0.7704,0.068,1.9921,-0.0937,0,0,1,0.848,0.334,0.666,0,0,0.0,4,ACQUISITION_ASSIST,0.8666,-0.564,-5.9015,3.1979
1863,56.04,30.2406,-14.3319,3.9718,0.882,-0.5684,-0.5412,3.872,6.691,7.681,36.1244,-17.5185,0.2,0.0,0.0,0.0,1.8495,-0.7244,0.116,1.9897,-0.0495,0,0,1,0.847,0.33,0.67,0,0,0.0,4,ACQUISITION_ASSIST,0.882,-0.5684,-5.8838,3.1866
1864,56.058,30.2586,-14.3434,3.9609,0.8994,-0.5746,-0.5412,3.861,6.67,7.657,36.1244,-17.5185,0.2,0.0,0.0,0.0,1.8528,-0.6765,0.164,1.9792,-0.0886,0,0,1,0.853,0.333,0.667,0,0,0.0,4,ACQUISITION_ASSIST,0.8994,-0.5746,-5.8658,3.1751
1865,56.075,30.2769,-14.355,3.9501,0.9174,-0.5794,-0.5418,3.85,6.648,7.633,36.1244,-17.5185,0.2,0.0,0.0,0.0,1.8471,-0.6288,0.212,1.9627,-0.0454,0,0,1,0.851,0.332,0.668,0,0,0.0,4,ACQUISITION_ASSIST,0.9174,-0.5794,-5.8475,3.1635
1866,56.094,30.2957,-14.3667,3.9393,0.9375,-0.5858,-0.5424,3.839,6.626,7.609,36.1244,-17.5185,0.2,0.0,0.0,0.0,1.8174,-0.5911,0.26,1.9287,-0.0858,0,0,1,0.856,0.336,0.664,0,0,0.0,4,ACQUISITION_ASSIST,0.9375,-0.5858,-5.8287,3.1518
1867,56.124,30.3148,-14.3785,3.9284,0.958,-0.5906,-0.5432,3.828,6.604,7.584,36.1244,-17.5185,0.2,0.0,0.0,0.0,1.7858,-0.555,0.308,1.8952,-0.0404,0,0,1,0.853,0.337,0.663,0,0,0.0,4,ACQUISITION_ASSIST,0.958,-0.5906,-5.8096,3.14
1868,56.142,30.3344,-14.3905,3.9175,0.9802,-0.5966,-0.5444,3.817,6.581,7.558,36.1244,-17.5185,0.2,0.0,0.0,0.0,1.7498,-0.5232,0.356,1.8607,-0.0745,0,0,1,0.854,0.334,0.666,0,0,0.0,4,ACQUISITION_ASSIST,0.9802,-0.5966,-5.79,3.128
1869,56.16,30.3545,-14.4025,3.9066,1.0023,-0.6006,-0.5461,3.807,6.558,7.533,36.1244,-17.5185,0.2,0.0,0.0,0.0,1.7126,-0.493,0.404,1.8273,-0.0496,0,0,1,0.852,0.335,0.665,0,0,0.0,4,ACQUISITION_ASSIST,1.0023,-0.6006,-5.7699,3.116
1870,56.177,30.3749,-14.4146,3.8956,1.0234,-0.605,-0.5475,3.796,6.534,7.507,36.1244,-17.5185,0.2,0.0,0.0,0.0,1.7521,-0.4658,0.452,1.8685,-0.0832,0,0,1,0.854,0.332,0.668,0,0,0.0,4,ACQUISITION_ASSIST,1.0234,-0.605,-5.7495,3.1039
1871,56.196,30.3958,-14.4267,3.8847,1.0438,-0.6073,-0.5477,3.134,6.51,7.48,36.1244,-17.5185,0.2,0.0,0.0,0.0,1.7711,-0.5099,0.5,1.9096,-0.0404,0,0,1,0.852,0.334,0.666,0,0,0.0,4,ACQUISITION_ASSIST,1.0438,-0.6073,-5.7286,3.0918
1872,56.218,30.4171,-14.4389,3.8737,1.0631,-0.6099,-0.5478,3.12,6.485,7.453,36.1244,-17.5185,0.2,0.0,0.0,0.0,1.7882,-0.5547,0.548,1.9508,-0.0822,0,0,1,0.852,0.333,0.667,0,0,0.0,4,ACQUISITION_ASSIST,1.0631,-0.6099,-5.7073,3.0796
1873,56.233,30.4387,-14.4511,3.8628,1.0795,-0.6098,-0.5477,3.105,6.46,7.426,36.1244,-17.5185,0.2,0.0,0.0,0.0,1.785,-0.6026,0.596,1.976,-0.0395,0,0,1,0.852,0.328,0.672,0,0,0.0,4,ACQUISITION_ASSIST,1.0795,-0.6098,-5.6857,3.0674
1874,56.249,30.4606,-14.4633,3.8518,1.0947,-0.6098,-0.5475,3.091,6.435,7.399,36.1244,-17.5185,0.2,0.0,0.0,0.0,1.7795,-0.6503,0.548,1.9723,-0.0804,0,0,1,0.665,0.328,0.672,0,0,0.0,4,ACQUISITION_ASSIST,1.0947,-0.6098,-5.6638,3.0552
1875,56.265,30.4827,-14.4754,3.8409,1.1068,-0.6067,-0.5476,3.076,6.41,7.372,36.1244,-17.5185,0.2,0.0,0.0,0.0,1.7739,-0.698,0.5,1.9708,-0.0759,0,0,1,0.661,0.329,0.671,0,0,0.0,4,ACQUISITION_ASSIST,1.1068,-0.6067,-5.6417,3.0431
1876,56.281,30.505,-14.4875,3.8299,1.1174,-0.6034,-0.5475,3.061,6.385,7.344,36.1244,-17.5185,0.2,0.0,0.0,0.0,1.7681,-0.7456,0.452,1.9714,-0.0946,0,0,1,0.663,0.327,0.673,0,0,0.0,4,ACQUISITION_ASSIST,1.1174,-0.6034,-5.6194,3.031
1877,56.297,30.5276,-14.4995,3.819,1.1256,-0.5998,-0.5471,3.047,6.359,7.317,36.1244,-17.5185,0.2,0.0,0.0,0.0,1.7621,-0.7932,0.404,1.9742,-0.0568,0,0,1,0.659,0.326,0.674,0,0,0.0,4,ACQUISITION_ASSIST,1.1256,-0.5998,-5.5969,3.019
1878,56.316,30.5502,-14.5115,3.808,1.1337,-0.5972,-0.5467,2.209,6.334,7.289,36.1244,-17.5185,0.2,0.0,0.0,0.0,1.7559,-0.8408,0.356,1.9791,-0.0951,0,0,1,0.66,0.326,0.674,0,0,0.0,4,ACQUISITION_ASSIST,1.1337,-0.5972,-5.5742,3.007
1879,56.335,30.573,-14.5233,3.7971,1.1397,-0.5927,-0.5465,2.189,6.308,7.261,36.1244,-17.5185,0.2,0.0,0.0,0.0,1.7492,-0.8884,0.308,1.9859,-0.0649,0,0,1,0.655,0.32,0.68,0,0,0.0,4,ACQUISITION_ASSIST,1.1397,-0.5927,-5.5514,2.9952
1880,56.353,30.5959,-14.5351,3.7862,1.1453,-0.5892,-0.5461,2.169,6.282,7.234,36.1244,-17.5185,0.2,0.0,0.0,0.0,1.7417,-0.9358,0.26,1.9942,-0.1027,0,0,1,0.655,0.32,0.68,0,0,0.0,4,ACQUISITION_ASSIST,1.1453,-0.5892,-5.5285,2.9834
1881,56.371,30.6189,-14.5468,3.7753,1.1483,-0.5845,-0.5458,2.149,6.256,7.206,36.1244,-17.5185,0.2,0.0,0.0,0.0,1.7402,-0.9393,0.212,1.9889,-0.0612,0,0,1,0.65,0.312,0.688,0,0,0.0,4,ACQUISITION_ASSIST,1.1483,-0.5845,-5.5055,2.9717
1882,56.393,30.6419,-14.5584,3.7644,1.1504,-0.5814,-0.5455,2.13,6.231,7.178,36.1244,-17.5185,0.2,0.0,0.0,0.0,1.7393,-0.9391,0.164,1.9835,-0.0983,0,0,1,0.649,0.311,0.689,0,0,0.0,4,ACQUISITION_ASSIST,1.1504,-0.5814,-5.4825,2.9601
1883,56.409,30.6649,-14.57,3.7535,1.1498,-0.5767,-0.5453,2.11,6.205,7.15,36.1244,-17.5185,0.2,0.0,0.0,0.0,1.7385,-0.9389,0.116,1.9792,-0.064,0,0,1,0.647,0.307,0.693,0,0,0.0,4,ACQUISITION_ASSIST,1.1498,-0.5767,-5.4595,2.9486
1884,56.425,30.6879,-14.5814,3.7426,1.148,-0.5733,-0.545,2.091,6.179,7.123,36.1244,-17.5185,0.2,0.0,0.0,0.0,1.7376,-0.9387,0.068,1.9761,-0.1003,0,0,1,0.65,0.31,0.69,0,0,0.0,4,ACQUISITION_ASSIST,1.148,-0.5733,-5.4365,2.9371
1885,56.441,30.7108,-14.5928,3.7317,1.1449,-0.5686,-0.545,2.071,6.154,7.095,36.1244,-17.5185,0.2,0.0,0.0,0.0,1.7366,-0.9385,0.02,1.9741,-0.0718,0,0,1,0.647,0.308,0.692,0,0,0.0,4,ACQUISITION_ASSIST,1.1449,-0.5686,-5.4136,2.9257
1886,56.46,30.7336,-14.6041,3.7208,1.1423,-0.5654,-0.5448,2.052,6.128,7.068,36.1244,-17.5185,0.2,0.0,0.0,0.0,1.7357,-0.9384,-0.028,1.9734,-0.1078,0,0,1,0.649,0.309,0.691,0,0,0.0,4,ACQUISITION_ASSIST,1.1423,-0.5654,-5.3908,2.9144
1887,56.487,30.7564,-14.6153,3.7099,1.138,-0.5615,-0.5446,2.033,6.103,7.04,36.1244,-17.5185,0.2,0.0,0.0,0.0,1.7348,-0.9382,-0.076,1.9737,-0.0673,0,0,1,0.645,0.308,0.692,0,0,0.0,4,ACQUISITION_ASSIST,1.138,-0.5615,-5.368,2.9032
1888,56.511,30.779,-14.6265,3.699,1.1336,-0.5598,-0.5445,2.013,6.078,7.013,36.1244,-17.5185,0.2,0.0,0.0,0.0,1.7339,-0.9381,-0.124,1.9753,-0.1029,0,0,1,0.647,0.307,0.693,0,0,0.0,4,ACQUISITION_ASSIST,1.1336,-0.5598,-5.3454,2.892
1889,56.528,30.8016,-14.6377,3.6881,1.1273,-0.5571,-0.5446,1.994,6.052,6.986,36.1244,-17.5185,0.2,0.0,0.0,0.0,1.733,-0.9379,-0.172,1.978,-0.071,0,0,1,0.647,0.308,0.692,0,0,0.0,4,ACQUISITION_ASSIST,1.1273,-0.5571,-5.3228,2.8808
1890,56.545,30.824,-14.6488,3.6772,1.1208,-0.5561,-0.5447,1.975,6.027,6.958,36.1244,-17.5185,0.2,0.0,0.0,0.0,1.7321,-0.9378,-0.22,1.9819,-0.1042,0,0,1,0.651,0.311,0.689,0,0,0.0,4,ACQUISITION_ASSIST,1.1208,-0.5561,-5.3004,2.8697
1891,56.561,30.8463,-14.6599,3.6663,1.1142,-0.5546,-0.5446,1.956,6.003,6.931,36.1244,-17.5185,0.2,0.0,0.0,0.0,1.7312,-0.9376,-0.268,1.987,-0.0637,0,0,1,0.649,0.31,0.69,0,0,0.0,4,ACQUISITION_ASSIST,1.1142,-0.5546,-5.2781,2.8586
1892,56.581,30.8685,-14.671,3.6554,1.1084,-0.5551,-0.5445,1.936,5.978,6.905,36.1244,-17.5185,0.2,0.0,0.0,0.0,1.7304,-0.9375,-0.22,1.9802,-0.099,0,0,1,0.652,0.312,0.688,0,0,0.0,4,ACQUISITION_ASSIST,1.1084,-0.5551,-5.256,2.8475
1893,56.601,30.8905,-14.6821,3.6445,1.1015,-0.5544,-0.5446,1.917,5.953,6.878,36.1244,-17.5185,0.2,0.0,0.0,0.0,1.7295,-0.9373,-0.172,1.9746,-0.0623,0,0,1,0.652,0.315,0.685,0,0,0.0,4,ACQUISITION_ASSIST,1.1015,-0.5544,-5.2339,2.8364
1894,56.618,30.9124,-14.6932,3.6336,1.0951,-0.5554,-0.5446,1.898,5.929,6.851,36.1244,-17.5185,0.2,0.0,0.0,0.0,1.7286,-0.9371,-0.124,1.9702,-0.0975,0,0,1,0.656,0.315,0.685,0,0,0.0,4,ACQUISITION_ASSIST,1.0951,-0.5554,-5.212,2.8253
1895,56.633,30.9342,-14.7043,3.6227,1.0884,-0.5552,-0.5446,1.879,5.904,6.824,36.1244,-17.5185,0.2,0.0,0.0,0.0,1.7278,-0.9368,-0.076,1.9669,-0.0567,0,0,1,0.655,0.318,0.682,0,0,0.0,4,ACQUISITION_ASSIST,1.0884,-0.5552,-5.1903,2.8142
1896,56.649,30.9558,-14.7154,3.6118,1.0829,-0.5567,-0.5446,1.86,5.88,6.798,36.1244,-17.5185,0.2,0.0,0.0,0.0,1.727,-0.9366,-0.028,1.9648,-0.092,0,0,1,0.659,0.32,0.68,0,0,0.0,4,ACQUISITION_ASSIST,1.0829,-0.5567,-5.1686,2.8031
1897,56.666,30.9774,-14.7266,3.6009,1.0768,-0.5567,-0.5447,1.84,5.856,6.772,36.1244,-17.5185,0.2,0.0,0.0,0.0,1.7262,-0.9363,0.02,1.9639,-0.0543,0,0,1,0.659,0.32,0.68,0,0,0.0,4,ACQUISITION_ASSIST,1.0768,-0.5567,-5.1471,2.792
1898,56.684,30.9988,-14.7377,3.59,1.0717,-0.5581,-0.5447,1.821,5.831,6.745,36.1244,-17.5185,0.2,0.0,0.0,0.0,1.7254,-0.9361,0.068,1.9641,-0.0896,0,0,1,0.664,0.326,0.674,0,0,0.0,4,ACQUISITION_ASSIST,1.0717,-0.5581,-5.1256,2.7808
1899,56.7,31.0201,-14.7489,3.5792,1.0665,-0.558,-0.5447,1.802,5.807,6.719,36.1244,-17.5185,0.2,0.0,0.0,0.0,1.7246,-0.9358,0.116,1.9656,-0.0499,0,0,1,0.664,0.322,0.678,0,0,0.0,4,ACQUISITION_ASSIST,1.0665,-0.558,-5.1043,2.7696
1900,56.716,31.0414,-14.7601,3.5683,1.063,-0.5591,-0.5447,1.783,5.783,6.693,36.1244,-17.5185,0.2,0.0,0.0,0.0,1.7238,-0.9355,0.164,1.9681,-0.0855,0,0,1,0.668,0.325,0.675,0,0,0.0,4,ACQUISITION_ASSIST,1.063,-0.5591,-5.083,2.7584
1901,56.732,31.0626,-14.7712,3.5574,1.0591,-0.5586,-0.5452,1.763,5.759,6.666,36.1244,-17.5185,0.2,0.0,0.0,0.0,1.7231,-0.9352,0.212,1.9719,-0.055,0,0,1,0.667,0.325,0.675,0,0,0.0,4,ACQUISITION_ASSIST,1.0591,-0.5586,-5.0619,2.7473
1902,56.75,31.0837,-14.7824,3.5465,1.0564,-0.5592,-0.5449,1.744,5.735,6.64,36.1244,-17.5185,0.2,0.0,0.0,0.0,1.7223,-0.9349,0.26,1.9768,-0.0928,0,0,1,0.671,0.33,0.67,0,0,0.0,4,ACQUISITION_ASSIST,1.0564,-0.5592,-5.0407,2.7361
1903,56.765,31.1048,-14.7936,3.5356,1.0534,-0.5586,-0.5448,1.725,5.712,6.614,36.1244,-17.5185,0.2,0.0,0.0,0.0,1.7215,-0.9345,0.308,1.9829,-0.0536,0,0,1,0.671,0.329,0.671,0,0,0.0,4,ACQUISITION_ASSIST,1.0534,-0.5586,-5.0197,2.7249
1904,56.78,31.1258,-14.8048,3.5247,1.0515,-0.5595,-0.5447,1.705,5.688,6.588,36.1244,-17.5185,0.2,0.0,0.0,0.0,1.7208,-0.9342,0.356,1.9901,-0.0913,0,0,1,0.675,0.334,0.666,0,0,0.0,4,ACQUISITION_ASSIST,1.0515,-0.5595,-4.9986,2.7137
1905,56.799,31.1468,-14.816,3.5138,1.0492,-0.559,-0.5446,1.686,5.664,6.562,36.1244,-17.5185,0.2,0.0,0.0,0.0,1.72,-0.9339,0.404,1.9985,-0.053,0,0,1,0.675,0.334,0.666,0,0,0.0,4,ACQUISITION_ASSIST,1.0492,-0.559,-4.9776,2.7025
1906,56.818,31.1677,-14.8272,3.5029,1.0481,-0.5599,-0.5445,1.667,5.64,6.536,36.1244,-17.5185,0.2,0.0,0.0,0.0,1.7193,-0.9335,0.452,2.0079,-0.0905,0,0,1,0.679,0.339,0.661,0,0,0.0,4,ACQUISITION_ASSIST,1.0481,-0.5599,-4.9567,2.6914
1907,56.834,31.1887,-14.8383,3.492,1.0468,-0.5591,-0.5445,1.648,5.616,6.51,36.1244,-17.5185,0.2,0.0,0.0,0.0,1.7185,-0.9332,0.5,2.0185,-0.0582,0,0,1,0.678,0.338,0.662,0,0,0.0,4,ACQUISITION_ASSIST,1.0468,-0.5591,-4.9357,2.6802
1908,56.85,31.2096,-14.8495,3.4811,1.0469,-0.5594,-0.5445,1.628,5.593,6.484,36.1244,-17.5185,0.2,0.0,0.0,0.0,1.7178,-0.9328,0.548,2.0301,-0.0958,0,0,1,0.682,0.342,0.658,0,0,0.0,4,ACQUISITION_ASSIST,1.0469,-0.5594,-4.9148,2.669
1909,56.866,31.2305,-14.8607,3.4702,1.0464,-0.5585,-0.5444,1.609,5.569,6.458,36.1244,-17.5185,0.2,0.0,0.0,0.0,1.7171,-0.9325,0.596,2.0428,-0.0564,0,0,1,0.681,0.342,0.658,0,0,0.0,4,ACQUISITION_ASSIST,1.0464,-0.5585,-4.8939,2.6578
1910,56.887,31.2515,-14.8719,3.4593,1.0469,-0.5591,-0.5444,1.59,5.545,6.432,36.1244,-17.5185,0.2,0.0,0.0,0.0,1.7163,-0.9322,0.644,2.0566,-0.0939,0,0,1,0.685,0.343,0.657,0,0,0.0,4,ACQUISITION_ASSIST,1.0469,-0.5591,-4.8729,2.6466
1911,56.906,31.2724,-14.883,3.4484,1.047,-0.5583,-0.5443,1.57,5.522,6.406,36.1244,-17.5185,0.2,0.0,0.0,0.0,1.7156,-0.9318,0.692,2.0713,-0.053,0,0,1,0.684,0.345,0.655,0,0,0.0,4,ACQUISITION_ASSIST,1.047,-0.5583,-4.852,2.6355
1912,56.925,31.2934,-14.8942,3.4376,1.0482,-0.5587,-0.5443,1.551,5.498,6.38,36.1244,-17.5185,0.2,0.0,0.0,0.0,1.7148,-0.9315,0.74,2.0871,-0.0905,0,0,1,0.687,0.344,0.656,0,0,0.0,4,ACQUISITION_ASSIST,1.0482,-0.5587,-4.831,2.6243
1913,56.941,31.3143,-14.9054,3.4267,1.0486,-0.5573,-0.5446,1.532,5.474,6.354,36.1244,-17.5185,0.2,0.0,0.0,0.0,1.7141,-0.9312,0.788,2.1038,-0.0714,0,0,1,0.687,0.348,0.652,0,0,0.0,4,ACQUISITION_ASSIST,1.0486,-0.5573,-4.8101,2.6131
1914,56.957,31.3353,-14.9165,3.4158,1.0499,-0.5569,-0.5445,1.513,5.45,6.328,36.1244,-17.5185,0.2,0.0,0.0,0.0,1.7133,-0.9309,0.836,2.1215,-0.1087,0,0,1,0.692,0.349,0.651,0,0,0.0,4,ACQUISITION_ASSIST,1.0499,-0.5569,-4.7891,2.602
1915,56.975,31.3564,-14.9276,3.4049,1.051,-0.5562,-0.5443,1.493,5.427,6.302,36.1244,-17.5185,0.2,0.0,0.0,0.0,1.7125,-0.9306,0.884,2.1401,-0.0674,0,0,1,0.692,0.349,0.651,0,0,0.0,4,ACQUISITION_ASSIST,1.051,-0.5562,-4.768,2.5909
1916,56.99,31.3774,-14.9388,3.394,1.0536,-0.5579,-0.5443,1.474,5.403,6.276,36.1244,-17.5185,0.2,0.0,0.0,0.0,1.7118,-0.9303,0.932,2.1597,-0.1048,0,0,1,0.696,0.353,0.647,0,0,0.0,4,ACQUISITION_ASSIST,1.0536,-0.5579,-4.747,2.5797
1917,57.006,31.3985,-14.95,3.3831,1.0556,-0.5589,-0.5442,1.455,5.379,6.25,36.1244,-17.5185,0.2,0.0,0.0,0.0,1.711,-0.9299,0.98,2.1801,-0.0631,0,0,1,0.695,0.352,0.648,0,0,0.0,4,ACQUISITION_ASSIST,1.0556,-0.5589,-4.7259,2.5685
1918,57.021,31.4197,-14.9612,3.3722,1.0587,-0.5621,-0.5443,1.436,5.355,6.224,36.1244,-17.5185,0.2,0.0,0.0,0.0,1.7102,-0.9296,1.028,2.2013,-0.1006,0,0,1,0.698,0.355,0.645,0,0,0.0,4,ACQUISITION_ASSIST,1.0587,-0.5621,-4.7047,2.5573
1919,57.037,31.4409,-14.9725,3.3614,1.0612,-0.5643,-0.5443,1.416,5.331,6.198,36.1244,-17.5185,0.2,0.0,0.0,0.0,1.7095,-0.9293,1.076,2.2234,-0.0586,0,0,1,0.697,0.354,0.646,0,0,0.0,4,ACQUISITION_ASSIST,1.0612,-0.5643,-4.6835,2.546
1920,57.052,31.4622,-14.9839,3.3505,1.0644,-0.5683,-0.5444,1.397,5.307,6.171,36.1244,-17.5185,0.2,0.0,0.0,0.0,1.7087,-0.929,1.124,2.2463,-0.096,0,0,1,0.7,0.356,0.644,0,0,0.0,4,ACQUISITION_ASSIST,1.0644,-0.5683,-4.6622,2.5346
1921,57.067,31.4836,-14.9953,3.3396,1.0667,-0.5709,-0.5444,1.377,5.282,6.145,36.1244,-17.5185,0.2,0.0,0.0,0.0,1.708,-0.9286,1.172,2.27,-0.0539,0,0,1,0.698,0.357,0.643,0,0,0.0,4,ACQUISITION_ASSIST,1.0667,-0.5709,-4.6408,2.5232
1922,57.085,31.505,-15.0068,3.3287,1.0696,-0.5751,-0.5444,1.358,5.258,6.119,36.1244,-17.5185,0.2,0.0,0.0,0.0,1.7072,-0.9283,1.22,2.2945,-0.0911,0,0,1,0.7,0.356,0.644,0,0,0.0,4,ACQUISITION_ASSIST,1.0696,-0.5751,-4.6195,2.5117
1923,57.103,31.5264,-15.0183,3.3178,1.0712,-0.5775,-0.5444,1.338,5.234,6.092,36.1244,-17.5185,0.2,0.0,0.0,0.0,1.7065,-0.9279,1.268,2.3197,-0.0489,0,0,1,0.697,0.357,0.643,0,0,0.0,4,ACQUISITION_ASSIST,1.0712,-0.5775,-4.598,2.5002
1924,57.128,31.5478,-15.0299,3.3069,1.0732,-0.5812,-0.5445,1.319,5.209,6.066,36.1244,-17.5185,0.2,0.0,0.0,0.0,1.7057,-0.9275,1.316,2.3455,-0.0859,0,0,1,0.699,0.358,0.642,0,0,0.0,4,ACQUISITION_ASSIST,1.0732,-0.5812,-4.5766,2.4886
1925,57.147,31.5693,-15.0416,3.296,1.0736,-0.5828,-0.5446,1.299,5.185,6.039,36.1244,-17.5185,0.2,0.0,0.0,0.0,1.705,-0.9271,1.364,2.3721,-0.0506,0,0,1,0.699,0.358,0.642,0,0,0.0,4,ACQUISITION_ASSIST,1.0736,-0.5828,-4.5551,2.4769
1926,57.166,31.5908,-15.0533,3.2851,1.0741,-0.5853,-0.5446,1.279,5.161,6.012,36.1244,-17.5185,0.2,0.0,0.0,0.0,1.7042,-0.9267,1.412,2.3994,-0.0873,0,0,1,0.703,0.363,0.637,0,0,0.0,4,ACQUISITION_ASSIST,1.0741,-0.5853,-4.5336,2.4652
1927,57.183,31.6123,-15.065,3.2742,1.0746,-0.586,-0.5445,1.26,5.136,5.986,36.1244,-17.5185,0.2,0.0,0.0,0.0,1.7035,-0.9263,1.46,2.4272,-0.0451,0,0,1,0.703,0.362,0.638,0,0,0.0,4,ACQUISITION_ASSIST,1.0746,-0.586,-4.5121,2.4535
1928,57.201,31.6338,-15.0768,3.2633,1.0766,-0.5878,-0.5445,1.24,5.111,5.959,36.1244,-17.5185,0.2,0.0,0.0,0.0,1.7028,-0.9259,1.508,2.4558,-0.0819,0,0,1,0.706,0.366,0.634,0,0,0.0,4,ACQUISITION_ASSIST,1.0766,-0.5878,-4.4906,2.4417
1929,57.219,31.6554,-15.0885,3.2524,1.0782,-0.5875,-0.5452,1.22,5.087,5.932,36.1244,-17.5185,0.2,0.0,0.0,0.0,1.702,-0.9255,1.556,2.4849,-0.0552,0,0,1,0.705,0.365,0.635,0,0,0.0,4,ACQUISITION_ASSIST,1.0782,-0.5875,-4.469,2.43
1930,57.235,31.677,-15.1003,3.2415,1.0811,-0.588,-0.545,1.201,5.062,5.906,36.1244,-17.5185,0.2,0.0,0.0,0.0,1.7013,-0.9251,1.604,2.5145,-0.095,0,0,1,0.708,0.365,0.635,0,0,0.0,4,ACQUISITION_ASSIST,1.0811,-0.588,-4.4474,2.4182
1931,57.249,31.6987,-15.112,3.2306,1.0832,-0.5871,-0.5448,1.181,5.038,5.879,36.1244,-17.5185,0.2,0.0,0.0,0.0,1.7005,-0.9247,1.652,2.5448,-0.055,0,0,1,0.707,0.365,0.635,0,0,0.0,4,ACQUISITION_ASSIST,1.0832,-0.5871,-4.4257,2.4065
1932,57.265,31.7204,-15.1238,3.2197,1.0862,-0.5876,-0.5447,1.161,5.013,5.852,36.1244,-17.5185,0.2,0.0,0.0,0.0,1.6998,-0.9243,1.7,2.5756,-0.0944,0,0,1,0.709,0.365,0.635,0,0,0.0,4,ACQUISITION_ASSIST,1.0862,-0.5876,-4.404,2.3947
1933,57.281,31.7422,-15.1355,3.2089,1.0882,-0.5865,-0.5447,1.142,4.988,5.825,36.1244,-17.5185,0.2,0.0,0.0,0.0,1.699,-0.9239,1.7,2.5749,-0.0546,0,0,1,0.707,0.362,0.638,0,0,0.0,4,ACQUISITION_ASSIST,1.0882,-0.5865,-4.3822,2.383
1934,57.296,31.764,-15.1472,3.198,1.0907,-0.5865,-0.5447,1.122,4.963,5.799,36.1244,-17.5185,0.2,0.0,0.0,0.0,1.6982,-0.9235,1.7,2.5743,-0.0935,0,0,1,0.709,0.364,0.636,0,0,0.0,4,ACQUISITION_ASSIST,1.0907,-0.5865,-4.3604,2.3713
1935,57.312,31.7858,-15.1589,3.1871,1.092,-0.5845,-0.5447,1.102,4.939,5.772,36.1244,-17.5185,0.2,0.0,0.0,0.0,1.6975,-0.9232,1.7,2.5736,-0.0628,0,0,1,0.707,0.361,0.639,0,0,0.0,4,ACQUISITION_ASSIST,1.092,-0.5845,-4.3386,2.3596
1936,57.328,31.8077,-15.1706,3.1762,1.0936,-0.5834,-0.5447,1.083,4.914,5.745,36.1244,-17.5185,0.2,0.0,0.0,0.0,1.6967,-0.9228,1.7,2.573,-0.1013,0,0,1,0.708,0.365,0.635,0,0,0.0,4,ACQUISITION_ASSIST,1.0936,-0.5834,-4.3167,2.3479
1937,57.345,31.8296,-15.1822,3.1653,1.0934,-0.5806,-0.5447,1.063,4.889,5.718,36.1244,-17.5185,0.2,0.0,0.0,0.0,1.6959,-0.9225,1.7,2.5724,-0.0661,0,0,1,0.707,0.363,0.637,0,0,0.0,4,ACQUISITION_ASSIST,1.0934,-0.5806,-4.2949,2.3363
1938,57.36,31.8514,-15.1938,3.1544,1.0933,-0.5791,-0.5447,1.043,4.864,5.691,36.1244,-17.5185,0.2,0.0,0.0,0.0,1.6951,-0.9222,1.7,2.5717,-0.104,0,0,1,0.71,0.367,0.633,0,0,0.0,4,ACQUISITION_ASSIST,1.0933,-0.5791,-4.273,2.3247
1939,57.377,31.8733,-15.2053,3.1435,1.0922,-0.5761,-0.5447,1.024,4.84,5.665,36.1244,-17.5185,0.2,0.0,0.0,0.0,1.6943,-0.9219,1.7,2.5711,-0.0703,0,0,1,0.708,0.365,0.635,0,0,0.0,4,ACQUISITION_ASSIST,1.0922,-0.5761,-4.2511,2.3132
1940,57.392,31.8951,-15.2168,3.1326,1.0919,-0.5742,-0.5451,1.004,4.815,5.638,36.1244,-17.5185,0.2,0.0,0.0,0.0,1.6935,-0.9216,1.7,2.5705,-0.1067,0,0,1,0.711,0.367,0.633,0,0,0.0,4,ACQUISITION_ASSIST,1.0919,-0.5742,-4.2293,2.3017
1941,57.41,31.9169,-15.2282,3.1217,1.0904,-0.571,-0.5448,0.985,4.79,5.611,36.1244,-17.5185,0.2,0.0,0.0,0.0,1.6927,-0.9214,1.7,2.5698,-0.0661,0,0,1,0.709,0.365,0.635,0,0,0.0,4,ACQUISITION_ASSIST,1.0904,-0.571,-4.2075,2.2903
1942,57.426,31.9387,-15.2396,3.1108,1.0895,-0.5691,-0.5448,0.965,4.766,5.584,36.1244,-17.5185,0.2,0.0,0.0,0.0,1.6918,-0.9211,1.7,2.5692,-0.1017,0,0,1,0.71,0.366,0.634,0,0,0.0,4,ACQUISITION_ASSIST,1.0895,-0.5691,-4.1857,2.2789
1943,57.445,31.9604,-15.2509,3.0999,1.087,-0.5655,-0.545,0.946,4.741,5.558,36.1244,-17.5185,0.2,0.0,0.0,0.0,1.691,-0.9209,1.7,2.5686,-0.0849,0,0,1,0.712,0.367,0.633,0,0,0.0,4,ACQUISITION_ASSIST,1.087,-0.5655,-4.164,2.2676
1944,57.463,31.9821,-15.2622,3.089,1.0848,-0.5631,-0.5456,0.927,4.717,5.531,36.1244,-17.5185,0.2,0.0,0.0,0.0,1.69,-0.9209,1.7,2.5679,-0.1166,0,0,1,0.715,0.369,0.631,0,0,0.0,4,ACQUISITION_ASSIST,1.0848,-0.5631,-4.1423,2.2563
1945,57.48,32.0038,-15.2734,3.0781,1.0826,-0.5605,-0.5451,0.907,4.693,5.505,36.1244,-17.5185,0.2,0.0,0.0,0.0,1.6893,-0.9206,1.7,2.5673,-0.0725,0,0,1,0.715,0.371,0.629,0,0,0.0,4,ACQUISITION_ASSIST,1.0826,-0.5605,-4.1206,2.2451
1946,57.501,32.0254,-15.2846,3.0672,1.0816,-0.5606,-0.5449,0.888,4.668,5.478,36.1244,-17.5185,0.2,0.0,0.0,0.0,1.6877,-0.9216,1.7,2.5667,-0.1053,0,0,1,0.718,0.374,0.626,0,0,0.0,4,ACQUISITION_ASSIST,1.0816,-0.5606,-4.099,2.2339
1947,57.518,32.047,-15.2958,3.0563,1.0795,-0.5603,-0.5446,0.869,4.644,5.452,36.1244,-17.5185,0.2,0.0,0.0,0.0,1.6873,-0.9206,1.7,2.566,-0.0605,0,0,1,0.717,0.375,0.625,0,0,0.0,4,ACQUISITION_ASSIST,1.0795,-0.5603,-4.0774,2.2227
1948,57.533,32.0686,-15.3071,3.0454,1.0782,-0.5622,-0.5446,0.849,4.62,5.426,36.1244,-17.5185,0.2,0.0,0.0,0.0,1.6858,-0.9216,1.7,2.5654,-0.0937,0,0,1,0.719,0.376,0.624,0,0,0.0,4,ACQUISITION_ASSIST,1.0782,-0.5622,-4.0558,2.2114
1949,57.547,32.0901,-15.3183,3.0345,1.0757,-0.5634,-0.545,2.935,4.595,5.399,36.1244,-17.5185,0.2,0.0,0.0,0.0,1.6851,-0.9211,1.7,2.5648,-0.0601,0,0,1,0.719,0.375,0.625,0,0,0.0,4,ACQUISITION_ASSIST,1.0757,-0.5634,-4.0343,2.2002
1950,57.562,32.1116,-15.3297,3.0236,1.0736,-0.5666,-0.5448,2.924,4.571,5.373,36.1244,-17.5185,0.2,0.0,0.0,0.0,1.6833,-0.9228,1.7,2.5642,-0.1003,0,0,1,0.722,0.377,0.623,0,0,0.0,4,ACQUISITION_ASSIST,1.0736,-0.5666,-4.0128,2.1888
1951,57.577,32.133,-15.341,3.0127,1.0707,-0.569,-0.5447,2.913,4.547,5.346,36.1244,-17.5185,0.2,0.0,0.0,0.0,1.6828,-0.9219,1.7,2.5635,-0.0622,0,0,1,0.721,0.376,0.624,0,0,0.0,4,ACQUISITION_ASSIST,1.0707,-0.569,-3.9914,2.1775
1952,57.593,32.1544,-15.3525,3.0018,1.0687,-0.5735,-0.5446,2.902,4.522,5.32,36.1244,-17.5185,0.2,0.0,0.0,0.0,1.6808,-0.9238,1.7,2.5629,-0.1019,0,0,1,0.723,0.376,0.624,0,0,0.0,4,ACQUISITION_ASSIST,1.0687,-0.5735,-3.9701,2.166
1953,57.609,32.1757,-15.364,2.9909,1.0658,-0.5769,-0.5447,2.891,4.498,5.294,36.1244,-17.5185,0.2,0.0,0.0,0.0,1.6389,-0.9005,1.508,2.4023,-0.0669,1,0,0,0.723,0.375,0.625,0,0,0.0,4,LANDING_PHASE,1.0658,-0.5769,-3.9487,2.1545
1954,57.625,32.1969,-15.3758,2.9849,1.063,-0.5897,-0.3004,2.885,4.474,5.27,36.1244,-17.5185,0.2,0.0,0.0,0.0,1.597,-0.8771,1.316,2.2475,-0.0673,1,0,0,0.722,0.377,0.623,0,0,0.0,4,LANDING_PHASE,1.063,-0.5897,-3.9275,2.1427
1955,57.64,32.2181,-15.3878,2.9838,1.0591,-0.5999,-0.0565,2.884,4.45,5.249,36.1244,-17.5185,0.2,0.0,0.0,0.0,1.555,-0.8537,1.124,2.1001,-0.0678,1,0,0,0.721,0.376,0.624,0,0,0.0,4,LANDING_PHASE,1.0591,-0.5999,-3.9063,2.1307
1956,57.656,32.2392,-15.4,2.9875,1.054,-0.6075,0.1871,2.888,4.425,5.23,36.1244,-17.5185,0.2,0.0,0.0,0.0,1.5131,-0.8303,0.932,1.9615,-0.0682,1,0,0,0.719,0.374,0.626,0,0,0.0,4,LANDING_PHASE,1.054,-0.6075,-3.8852,2.1185
1957,57.673,32.2601,-15.4122,2.996,1.0477,-0.6123,0.4229,2.896,4.401,5.214,36.1244,-17.5185,0.2,0.0,0.0,0.0,1.4712,-0.8069,0.74,1.8339,-0.0929,1,0,0,0.72,0.373,0.627,0,0,0.0,4,LANDING_PHASE,1.0477,-0.6123,-3.8643,2.1063
1958,57.69,32.281,-15.4245,3.0068,1.0418,-0.6136,0.5401,2.907,4.377,5.2,36.1244,-17.5185,0.2,0.0,0.0,0.0,1.4293,-0.7835,0.548,1.7196,-0.1051,1,0,0,0.725,0.381,0.619,0,0,0.0,4,LANDING_PHASE,1.0418,-0.6136,-3.8434,2.094
1959,57.705,32.3017,-15.4368,3.0177,1.0378,-0.6148,0.5432,2.918,4.353,5.185,36.1244,-17.5185,0.2,0.0,0.0,0.0,1.3874,-0.76,0.356,1.6215,-0.0857,1,0,0,0.734,0.385,0.615,0,0,0.0,4,LANDING_PHASE,1.0378,-0.6148,-3.8227,2.0817
1960,57.723,32.3225,-15.4491,3.0272,1.0369,-0.6164,0.4763,2.927,4.329,5.17,36.1244,-17.5185,0.2,0.0,0.0,0.0,1.3456,-0.7366,0.164,1.5427,-0.1137,1,0,0,0.745,0.39,0.61,0,0,0.0,4,LANDING_PHASE,1.0369,-0.6164,-3.8019,2.0694
1961,57.738,32.3433,-15.4615,3.0346,1.0387,-0.6177,0.3713,2.935,4.304,5.154,36.1244,-17.5185,0.2,0.0,0.0,0.0,1.3037,-0.713,-0.028,1.4862,-0.1219,1,0,0,0.755,0.407,0.593,0,0,0.0,4,LANDING_PHASE,1.0387,-0.6177,-3.7812,2.057
1962,57.753,32.3641,-15.4739,3.0398,1.0434,-0.62,0.2577,2.94,4.28,5.137,36.1244,-17.5185,0.2,0.0,0.0,0.0,1.2619,-0.6895,-0.22,1.4547,-0.1207,1,0,0,0.764,0.41,0.59,0,0,0.0,4,LANDING_PHASE,1.0434,-0.62,-3.7603,2.0446
1963,57.768,32.3852,-15.4864,3.0426,1.0515,-0.6239,0.1439,2.943,4.256,5.118,36.1244,-17.5185,0.2,0.0,0.0,0.0,1.2201,-0.6658,-0.412,1.4498,-0.1197,1,0,0,0.772,0.413,0.587,0,0,0.0,4,LANDING_PHASE,1.0515,-0.6239,-3.7393,2.0321
1964,57.784,32.4064,-15.4989,3.0432,1.063,-0.6295,0.0298,2.943,4.231,5.098,36.1244,-17.5185,0.2,0.0,0.0,0.0,1.1784,-0.6421,-0.604,1.4717,-0.1188,1,0,0,0.78,0.429,0.571,0,0,0.0,4,LANDING_PHASE,1.063,-0.6295,-3.718,2.0196
1965,57.799,32.428,-15.5117,3.0415,1.0778,-0.6368,-0.085,2.942,4.206,5.076,36.1244,-17.5185,0.2,0.0,0.0,0.0,1.1367,-0.6183,-0.65,1.4481,-0.118,1,0,0,0.787,0.43,0.57,0,0,0.0,4,LANDING_PHASE,1.0778,-0.6368,-3.6964,2.0068
1966,57.813,32.4499,-15.5246,3.0375,1.0958,-0.6457,-0.2004,2.938,4.181,5.053,36.1244,-17.5185,0.2,0.0,0.0,0.0,1.0987,-0.5962,-0.65,1.4089,-0.1174,1,0,0,0.793,0.437,0.563,0,0,0.0,4,LANDING_PHASE,1.0958,-0.6457,-3.6745,1.9939
1967,57.829,32.4722,-15.5377,3.0312,1.117,-0.6563,-0.3167,2.931,4.155,5.028,36.1244,-17.5185,0.2,0.0,0.0,0.0,1.0988,-0.5959,-0.65,1.4089,-0.1168,1,0,0,0.798,0.438,0.562,0,0,0.0,4,LANDING_PHASE,1.117,-0.6563,-3.6522,1.9808
1968,57.845,32.4951,-15.5511,3.0226,1.142,-0.6688,-0.4318,2.923,4.128,5.001,36.1244,-17.5185,0.2,0.0,0.0,0.0,1.0989,-0.5957,-0.65,1.4089,-0.1068,1,0,0,0.803,0.443,0.557,0,0,0.0,4,LANDING_PHASE,1.142,-0.6688,-3.6293,1.9674
1969,57.86,32.5186,-15.5648,3.0119,1.175,-0.6857,-0.535,2.912,4.101,4.972,36.1244,-17.5185,0.2,0.0,0.0,0.0,1.099,-0.5955,-0.65,1.4089,-0.067,1,0,0,0.807,0.447,0.553,0,0,0.0,4,LANDING_PHASE,1.175,-0.6857,-3.6058,1.9537
1970,57.876,32.543,-15.579,2.9996,1.2228,-0.7099,-0.6129,2.9,4.073,4.942,36.1244,-17.5185,0.2,0.0,0.0,0.0,1.0992,-0.5953,-0.65,1.4089,-0.0498,1,0,0,0.809,0.451,0.549,0,0,0.0,4,LANDING_PHASE,1.2228,-0.7099,-3.5814,1.9395
1971,57.893,32.5687,-15.5938,2.9861,1.2822,-0.739,-0.6748,2.886,4.043,4.91,36.1244,-17.5185,0.2,0.0,0.0,0.0,1.0993,-0.595,-0.65,1.4089,-0.036,1,0,0,0.811,0.452,0.548,0,0,0.0,4,LANDING_PHASE,1.2822,-0.739,-3.5557,1.9247
1972,57.909,32.5957,-15.6092,2.9716,1.3507,-0.7698,-0.7256,2.872,4.012,4.876,36.1244,-17.5185,0.2,0.0,0.0,0.0,1.0994,-0.5949,-0.65,1.4089,-0.0574,1,0,0,0.812,0.455,0.545,0,0,0.0,4,LANDING_PHASE,1.3507,-0.7698,-3.5287,1.9093
1973,57.926,32.6242,-15.6252,2.9563,1.4272,-0.7997,-0.7666,2.856,3.979,4.841,36.1244,-17.5185,0.2,0.0,0.0,0.0,1.0995,-0.5947,-0.65,1.4089,-0.0088,1,0,0,0.812,0.458,0.542,0,0,0.0,4,LANDING_PHASE,1.4272,-0.7997,-3.5002,1.8933
1974,57.941,32.6544,-15.6418,2.9403,1.5086,-0.8288,-0.7985,2.84,3.945,4.803,36.1244,-17.5185,0.2,0.0,0.0,0.0,1.0995,-0.5947,-0.65,1.4089,-0.0472,1,0,0,0.811,0.453,0.547,0,0,0.0,4,LANDING_PHASE,1.5086,-0.8288,-3.47,1.8767
1975,57.956,32.6863,-15.6588,2.9239,1.5933,-0.8537,-0.8208,2.824,3.909,4.764,36.1244,-17.5185,0.2,0.0,0.0,0.0,1.0995,-0.5947,-0.65,1.4089,0.0036,1,0,0,0.808,0.443,0.557,0,0,0.0,4,LANDING_PHASE,1.5933,-0.8537,-3.4382,1.8597
1976,57.97,32.7198,-15.6764,2.9072,1.6778,-0.8759,-0.8322,2.807,3.871,4.724,36.1244,-17.5185,0.2,0.0,0.0,0.0,1.0994,-0.5949,-0.65,1.4089,-0.0382,1,0,0,0.804,0.446,0.554,0,0,0.0,4,LANDING_PHASE,1.6778,-0.8759,-3.4046,1.8421
1977,57.987,32.755,-15.6942,2.8906,1.76,-0.8916,-0.8321,2.791,3.832,4.682,36.1244,-17.5185,0.2,0.0,0.0,0.0,1.0992,-0.5952,-0.65,1.4089,0.0126,1,0,0,0.797,0.439,0.561,0,0,0.0,4,LANDING_PHASE,1.76,-0.8916,-3.3694,1.8243
1978,58.003,32.7917,-15.7122,2.8742,1.8352,-0.9025,-0.8199,2.774,3.791,4.639,36.1244,-17.5185,0.2,0.0,0.0,0.0,1.099,-0.5956,-0.65,1.4089,-0.0319,1,0,0,0.786,0.425,0.575,0,0,0.0,4,LANDING_PHASE,1.8352,-0.9025,-3.3327,1.8063
1979,58.02,32.8297,-15.7303,2.8583,1.8999,-0.9044,-0.7964,2.758,3.749,4.596,36.1244,-17.5185,0.2,0.0,0.0,0.0,1.0986,-0.5963,-0.65,1.4089,-0.0141,1,0,0,0.77,0.414,0.586,0,0,0.0,4,LANDING_PHASE,1.8999,-0.9044,-3.2947,1.7882
1980,58.039,32.8687,-15.7483,2.843,1.9486,-0.8996,-0.7629,2.743,3.706,4.552,36.1244,-17.5185,0.2,0.0,0.0,0.0,1.0982,-0.5971,-0.65,1.4089,-0.0669,1,0,0,0.752,0.404,0.596,0,0,0.0,4,LANDING_PHASE,1.9486,-0.8996,-3.2557,1.7702
1981,58.059,32.9082,-15.7661,2.8285,1.9764,-0.8873,-0.7266,2.728,3.663,4.508,36.1244,-17.5185,0.2,0.0,0.0,0.0,1.0976,-0.5981,-0.65,1.4089,-0.0388,1,0,0,0.748,0.39,0.61,0,0,0.0,4,LANDING_PHASE,1.9764,-0.8873,-3.2162,1.7524
1982,58.077,32.9479,-15.7835,2.8146,1.9853,-0.8718,-0.693,2.715,3.619,4.465,36.1244,-17.5185,0.2,0.0,0.0,0.0,1.097,-0.5992,-0.65,1.4089,-0.0782,1,0,0,0.719,0.37,0.63,0,0,0.0,4,LANDING_PHASE,1.9853,-0.8718,-3.1765,1.735
1983,58.097,32.9875,-15.8005,2.8014,1.9793,-0.8509,-0.6626,2.701,3.577,4.423,36.1244,-17.5185,0.2,0.0,0.0,0.0,1.0963,-0.6004,-0.65,1.4089,-0.0857,1,0,0,0.678,0.348,0.652,0,0,0.0,4,LANDING_PHASE,1.9793,-0.8509,-3.1369,1.718
1984,58.121,33.0266,-15.8171,2.7886,1.9567,-0.8282,-0.6378,2.689,3.534,4.381,36.1244,-17.5185,0.2,0.0,0.0,0.0,1.0956,-0.6018,-0.65,1.4089,-0.1013,1,0,0,0.65,0.337,0.663,0,0,0.0,4,LANDING_PHASE,1.9567,-0.8282,-3.0978,1.7014
1985,58.141,33.0651,-15.8332,2.7762,1.9213,-0.8043,-0.6204,2.676,3.493,4.34,36.1244,-17.5185,0.2,0.0,0.0,0.0,1.0949,-0.6031,-0.65,1.4089,-0.0605,1,0,0,0.606,0.314,0.686,0,0,0.0,4,LANDING_PHASE,1.9213,-0.8043,-3.0593,1.6853
1986,58.163,33.1026,-15.8488,2.7641,1.8761,-0.7802,-0.607,2.664,3.452,4.3,36.1244,-17.5185,0.2,0.0,0.0,0.0,1.0941,-0.6045,-0.65,1.4089,-0.0895,1,0,0,0.562,0.302,0.698,0,0,0.0,4,LANDING_PHASE,1.8761,-0.7802,-3.0218,1.6697
1987,58.185,33.139,-15.8638,2.752,1.8196,-0.7528,-0.6006,2.652,3.413,4.262,36.1244,-17.5185,0.2,0.0,0.0,0.0,1.0933,-0.606,-0.65,1.4089,-0.1294,1,0,0,0.519,0.286,0.714,0,0,0.0,4,LANDING_PHASE,1.8196,-0.7528,-2.9854,1.6547
1988,58.205,33.1741,-15.8783,2.74,1.7546,-0.7253,-0.6009,2.64,3.376,4.224,36.1244,-17.5185,0.2,0.0,0.0,0.0,1.0925,-0.6074,-0.65,1.4089,-0.1035,1,0,0,0.486,0.282,0.718,0,0,0.0,4,LANDING_PHASE,1.7546,-0.7253,-2.9503,1.6402
1989,58.229,33.2077,-15.8923,2.7279,1.6831,-0.7004,-0.6062,2.628,3.339,4.188,36.1244,-17.5185,0.2,0.0,0.0,0.0,1.0918,-0.6087,-0.65,1.4089,-0.0772,1,0,0,0.472,0.284,0.716,0,0,0.0,4,LANDING_PHASE,1.6831,-0.7004,-2.9167,1.6262
1990,58.25,33.2399,-15.9059,2.7156,1.608,-0.6758,-0.6148,2.616,3.305,4.153,36.1244,-17.5185,0.2,0.0,0.0,0.0,1.0911,-0.61,-0.65,1.4089,-0.0963,1,0,0,0.471,0.285,0.715,0,0,0.0,4,LANDING_PHASE,1.608,-0.6758,-2.8845,1.6126
1991,58.283,33.2705,-15.9189,2.7031,1.532,-0.6497,-0.6255,2.603,3.272,4.119,36.1244,-17.5185,0.2,0.0,0.0,0.0,1.0904,-0.6112,-0.65,1.4089,-0.1413,1,0,0,0.512,0.287,0.713,0,0,0.0,4,LANDING_PHASE,1.532,-0.6497,-2.8539,1.5996
1992,58.301,33.2997,-15.9313,2.6903,1.4559,-0.6247,-0.6376,2.59,3.24,4.087,36.1244,-17.5185,0.2,0.0,0.0,0.0,1.0898,-0.6123,-0.65,1.4089,-0.1081,1,0,0,0.51,0.294,0.706,0,0,0.0,4,LANDING_PHASE,1.4559,-0.6247,-2.8248,1.5872
1993,58.32,33.3273,-15.9434,2.6774,1.3808,-0.6038,-0.6485,2.577,3.21,4.055,36.1244,-17.5185,0.2,0.0,0.0,0.0,1.0892,-0.6133,-0.65,1.4089,-0.0746,1,0,0,0.515,0.295,0.705,0,0,0.0,4,LANDING_PHASE,1.3808,-0.6038,-2.7971,1.5751
1994,58.337,33.3534,-15.9551,2.6642,1.3058,-0.5842,-0.6595,2.564,3.182,4.024,36.1244,-17.5185,0.2,0.0,0.0,0.0,1.0887,-0.6142,-0.65,1.4089,-0.0977,1,0,0,0.547,0.314,0.686,0,0,0.0,4,LANDING_PHASE,1.3058,-0.5842,-2.771,1.5634
1995,58.354,33.3781,-15.9664,2.6508,1.2337,-0.5638,-0.6688,2.551,3.155,3.995,36.1244,-17.5185,0.2,0.0,0.0,0.0,1.0882,-0.615,-0.65,1.4089,-0.1405,1,0,0,0.585,0.324,0.676,0,0,0.0,4,LANDING_PHASE,1.2337,-0.5638,-2.7463,1.5521
1996,58.373,33.4014,-15.9773,2.6373,1.1658,-0.5456,-0.6751,2.537,3.129,3.966,36.1244,-17.5185,0.2,0.0,0.0,0.0,1.0878,-0.6157,-0.65,1.4089,-0.1111,1,0,0,0.609,0.328,0.672,0,0,0.0,4,LANDING_PHASE,1.1658,-0.5456,-2.723,1.5412
1997,58.392,33.4234,-15.9879,2.6237,1.103,-0.5326,-0.679,2.524,3.104,3.939,36.1244,-17.5185,0.2,0.0,0.0,0.0,1.0875,-0.6163,-0.65,1.4089,-0.0785,1,0,0,0.64,0.344,0.656,0,0,0.0,4,LANDING_PHASE,1.103,-0.5326,-2.701,1.5306
1998,58.409,33.4443,-15.9984,2.6101,1.0442,-0.5218,-0.6811,2.51,3.081,3.912,36.1244,-17.5185,0.2,0.0,0.0,0.0,1.0873,-0.6167,-0.65,1.4089,-0.0965,1,0,0,0.664,0.357,0.643,0,0,0.0,4,LANDING_PHASE,1.0442,-0.5218,-2.6801,1.5201
1999,58.426,33.4642,-16.0086,2.5965,0.9925,-0.5117,-0.6808,2.496,3.059,3.886,36.1244,-17.5185,0.2,0.0,0.0,0.0,1.0871,-0.617,-0.65,1.4089,-0.124,1,0,0,0.692,0.367,0.633,0,0,0.0,4,LANDING_PHASE,0.9925,-0.5117,-2.6602,1.5099
2000,58.443,33.4831,-16.0187,2.5829,0.9465,-0.5041,-0.6781,2.483,3.037,3.861,36.1244,-17.5185,0.2,0.0,0.0,0.0,1.087,-0.6172,-0.65,1.4089,-0.0866,1,0,0,0.709,0.383,0.617,0,0,0.0,4,LANDING_PHASE,0.9465,-0.5041,-2.6413,1.4998
2001,58.461,33.5013,-16.0287,2.5694,0.9087,-0.5011,-0.6744,2.469,3.017,3.836,36.1244,-17.5185,0.2,0.0,0.0,0.0,1.0869,-0.6173,-0.65,1.4089,-0.0882,1,0,0,0.757,0.389,0.611,0,0,0.0,4,LANDING_PHASE,0.9087,-0.5011,-2.6231,1.4898
2002,58.479,33.5188,-16.0387,2.5561,0.8769,-0.4996,-0.6693,2.456,2.996,3.812,36.1244,-17.5185,0.2,0.0,0.0,0.0,1.0869,-0.6173,-0.65,1.4089,-0.0982,1,0,0,0.768,0.398,0.602,0,0,0.0,4,LANDING_PHASE,0.8769,-0.4996,-2.6056,1.4798
2003,58.496,33.5359,-16.0487,2.5428,0.8538,-0.5003,-0.664,2.443,2.977,3.788,36.1244,-17.5185,0.2,0.0,0.0,0.0,1.087,-0.6172,-0.65,1.4089,-0.0823,1,0,0,0.782,0.416,0.584,0,0,0.0,4,LANDING_PHASE,0.8538,-0.5003,-2.5885,1.4698
2004,58.514,33.5526,-16.0588,2.5296,0.8359,-0.5042,-0.6584,2.43,2.957,3.765,36.1244,-17.5185,0.2,0.0,0.0,0.0,1.0871,-0.617,-0.65,1.4089,-0.1004,1,0,0,0.797,0.424,0.576,0,0,0.0,4,LANDING_PHASE,0.8359,-0.5042,-2.5718,1.4597
2005,58.532,33.5691,-16.069,2.5165,0.8265,-0.5099,-0.6536,2.417,2.938,3.741,36.1244,-17.5185,0.2,0.0,0.0,0.0,1.0873,-0.6168,-0.65,1.4089,-0.0711,1,0,0,0.797,0.426,0.574,0,0,0.0,4,LANDING_PHASE,0.8265,-0.5099,-2.5553,1.4495
2006,58.548,33.5856,-16.0794,2.5035,0.8219,-0.5186,-0.6495,2.404,2.918,3.718,36.1244,-17.5185,0.2,0.0,0.0,0.0,1.0874,-0.6164,-0.65,1.4089,-0.078,1,0,0,0.802,0.425,0.575,0,0,0.0,4,LANDING_PHASE,0.8219,-0.5186,-2.5388,1.4391
2007,58.563,33.602,-16.0899,2.4906,0.8229,-0.5281,-0.6467,2.391,2.899,3.695,36.1244,-17.5185,0.2,0.0,0.0,0.0,1.0877,-0.616,-0.65,1.4089,-0.0637,1,0,0,0.806,0.438,0.562,0,0,0.0,4,LANDING_PHASE,0.8229,-0.5281,-2.5224,1.4286
2008,58.577,33.6186,-16.1007,2.4777,0.8269,-0.5387,-0.6438,2.378,2.879,3.671,36.1244,-17.5185,0.2,0.0,0.0,0.0,1.0879,-0.6155,-0.65,1.4089,-0.0825,1,0,0,0.809,0.444,0.556,0,0,0.0,4,LANDING_PHASE,0.8269,-0.5387,-2.5058,1.4178
2009,58.591,33.6353,-16.1117,2.4649,0.837,-0.5485,-0.6426,2.365,2.859,3.648,36.1244,-17.5185,0.2,0.0,0.0,0.0,1.0882,-0.6151,-0.65,1.4089,-0.0548,1,0,0,0.809,0.45,0.55,0,0,0.0,4,LANDING_PHASE,0.837,-0.5485,-2.4891,1.4068
2010,58.605,33.6523,-16.1229,2.452,0.8504,-0.5592,-0.6419,2.352,2.839,3.624,36.1244,-17.5185,0.2,0.0,0.0,0.0,1.0885,-0.6145,-0.65,1.4089,-0.0899,1,0,0,0.808,0.453,0.547,0,0,0.0,4,LANDING_PHASE,0.8504,-0.5592,-2.4721,1.3956
2011,58.619,33.6697,-16.1342,2.4392,0.8671,-0.5681,-0.641,2.339,2.818,3.599,36.1244,-17.5185,0.2,0.0,0.0,0.0,1.0888,-0.614,-0.65,1.4089,-0.0484,1,0,0,0.811,0.453,0.547,0,0,0.0,4,LANDING_PHASE,0.8671,-0.5681,-2.4547,1.3843
2012,58.632,33.6874,-16.1458,2.4264,0.8862,-0.5775,-0.641,2.326,2.797,3.575,36.1244,-17.5185,0.2,0.0,0.0,0.0,1.0891,-0.6135,-0.65,1.4089,-0.0914,1,0,0,0.811,0.446,0.554,0,0,0.0,4,LANDING_PHASE,0.8862,-0.5775,-2.437,1.3727
2013,58.645,33.7055,-16.1575,2.4136,0.906,-0.5843,-0.6412,2.314,2.776,3.55,36.1244,-17.5185,0.2,0.0,0.0,0.0,1.0894,-0.613,-0.65,1.4089,-0.0526,1,0,0,0.814,0.449,0.551,0,0,0.0,4,LANDING_PHASE,0.906,-0.5843,-2.4189,1.361
2014,58.658,33.7241,-16.1693,2.4007,0.928,-0.5911,-0.642,2.301,2.754,3.525,36.1244,-17.5185,0.2,0.0,0.0,0.0,1.0897,-0.6125,-0.65,1.4089,-0.0956,1,0,0,0.815,0.448,0.552,0,0,0.0,4,LANDING_PHASE,0.928,-0.5911,-2.4003,1.3492
2015,58.673,33.7431,-16.1812,2.3879,0.9503,-0.5952,-0.6429,2.288,2.731,3.499,36.1244,-17.5185,0.2,0.0,0.0,0.0,1.0899,-0.6121,-0.65,1.4089,-0.0738,1,0,0,0.817,0.448,0.552,0,0,0.0,4,LANDING_PHASE,0.9503,-0.5952,-2.3813,1.3373
2016,58.688,33.7626,-16.1932,2.375,0.9744,-0.5994,-0.6448,2.275,2.708,3.474,36.1244,-17.5185,0.2,0.0,0.0,0.0,1.0901,-0.6117,-0.65,1.4089,-0.0968,1,0,0,0.819,0.451,0.549,0,0,0.0,4,LANDING_PHASE,0.9744,-0.5994,-2.3619,1.3253
2017,58.701,33.7825,-16.2052,2.3621,0.9984,-0.6021,-0.6458,2.262,2.685,3.447,36.1244,-17.5185,0.2,0.0,0.0,0.0,1.0903,-0.6114,-0.65,1.4089,-0.0578,1,0,0,0.823,0.454,0.546,0,0,0.0,4,LANDING_PHASE,0.9984,-0.6021,-2.3419,1.3133
2018,58.714,33.8029,-16.2173,2.3491,1.0209,-0.6056,-0.6466,2.249,2.661,3.421,36.1244,-17.5185,0.2,0.0,0.0,0.0,1.0904,-0.6112,-0.65,1.4089,-0.0847,1,0,0,0.823,0.458,0.542,0,0,0.0,4,LANDING_PHASE,1.0209,-0.6056,-2.3215,1.3012
2019,58.728,33.8238,-16.2295,2.3362,1.0427,-0.6076,-0.6475,2.236,2.637,3.394,36.1244,-17.5185,0.2,0.0,0.0,0.0,1.0905,-0.611,-0.65,1.4089,-0.0664,1,0,0,0.823,0.456,0.544,0,0,0.0,4,LANDING_PHASE,1.0427,-0.6076,-2.3006,1.289
2020,58.742,33.845,-16.2417,2.3232,1.0614,-0.6101,-0.6477,2.223,2.613,3.367,36.1244,-17.5185,0.2,0.0,0.0,0.0,1.0906,-0.6109,-0.65,1.4089,-0.0985,1,0,0,0.824,0.456,0.544,0,0,0.0,4,LANDING_PHASE,1.0614,-0.6101,-2.2794,1.2768
2021,58.756,33.8666,-16.2539,2.3103,1.0801,-0.6112,-0.6478,2.21,2.588,3.339,36.1244,-17.5185,0.2,0.0,0.0,0.0,1.0906,-0.6108,-0.65,1.4089,-0.0755,1,0,0,0.825,0.456,0.544,0,0,0.0,4,LANDING_PHASE,1.0801,-0.6112,-2.2578,1.2646
2022,58.771,33.8885,-16.2662,2.2973,1.0956,-0.6129,-0.6478,2.197,2.563,3.312,36.1244,-17.5185,0.2,0.0,0.0,0.0,1.0906,-0.6108,-0.65,1.4089,-0.0904,1,0,0,0.824,0.455,0.545,0,0,0.0,4,LANDING_PHASE,1.0956,-0.6129,-2.2359,1.2523
2023,58.784,33.9107,-16.2784,2.2844,1.1105,-0.6134,-0.6483,2.184,2.537,3.284,36.1244,-17.5185,0.2,0.0,0.0,0.0,1.0905,-0.6109,-0.65,1.4089,-0.0669,1,0,0,0.824,0.456,0.544,0,0,0.0,4,LANDING_PHASE,1.1105,-0.6134,-2.2137,1.2401
2024,58.798,33.9332,-16.2907,2.2714,1.1223,-0.6144,-0.6479,2.171,2.512,3.256,36.1244,-17.5185,0.2,0.0,0.0,0.0,1.0905,-0.611,-0.65,1.4089,-0.0951,1,0,0,0.825,0.45,0.55,0,0,0.0,4,LANDING_PHASE,1.1223,-0.6144,-2.1912,1.2278
2025,58.811,33.9559,-16.303,2.2585,1.1339,-0.6142,-0.6474,2.158,2.486,3.228,36.1244,-17.5185,0.2,0.0,0.0,0.0,1.0875,-0.6096,-0.65,1.406,-0.0701,1,0,0,0.825,0.45,0.55,0,0,0.0,4,LANDING_PHASE,1.1339,-0.6142,-2.1685,1.2155
2026,58.825,33.9787,-16.3153,2.2455,1.1421,-0.6146,-0.6469,2.146,2.46,3.199,36.1244,-17.5185,0.2,0.0,0.0,0.0,1.0821,-0.607,-0.65,1.4006,-0.0979,1,0,0,0.823,0.444,0.556,0,0,0.0,4,LANDING_PHASE,1.1421,-0.6146,-2.1457,1.2032
2027,58.838,34.0017,-16.3276,2.2326,1.1497,-0.6139,-0.6464,2.133,2.434,3.171,36.1244,-17.5185,0.2,0.0,0.0,0.0,1.0765,-0.6043,-0.65,1.3952,-0.0736,1,0,0,0.823,0.443,0.557,0,0,0.0,4,LANDING_PHASE,1.1497,-0.6139,-2.1227,1.1909
2028,58.853,34.0248,-16.3399,2.2197,1.1536,-0.6139,-0.6459,2.12,2.408,3.143,36.1244,-17.5185,0.2,0.0,0.0,0.0,1.0709,-0.6017,-0.65,1.3897,-0.101,1,0,0,0.82,0.438,0.562,0,0,0.0,4,LANDING_PHASE,1.1536,-0.6139,-2.0996,1.1786
2029,58.865,34.0479,-16.3521,2.2068,1.1565,-0.613,-0.6453,2.107,2.382,3.114,36.1244,-17.5185,0.2,0.0,0.0,0.0,1.0652,-0.5991,-0.65,1.3842,-0.0775,1,0,0,0.82,0.441,0.559,0,0,0.0,4,LANDING_PHASE,1.1565,-0.613,-2.0765,1.1664
2030,58.878,34.071,-16.3644,2.1939,1.1554,-0.6131,-0.6452,2.094,2.356,3.086,36.1244,-17.5185,0.2,0.0,0.0,0.0,1.0596,-0.5965,-0.65,1.3788,-0.1012,1,0,0,0.818,0.444,0.556,0,0,0.0,4,LANDING_PHASE,1.1554,-0.6131,-2.0534,1.1541
2031,58.891,34.0941,-16.3766,2.181,1.1529,-0.6124,-0.6444,2.081,2.329,3.058,36.1244,-17.5185,0.2,0.0,0.0,0.0,1.0541,-0.5939,-0.65,1.3735,-0.0774,1,0,0,0.818,0.445,0.555,0,0,0.0,4,LANDING_PHASE,1.1529,-0.6124,-2.0303,1.1419
2032,58.904,34.117,-16.3889,2.1681,1.1468,-0.6127,-0.6441,2.068,2.303,3.03,36.1244,-17.5185,0.2,0.0,0.0,0.0,1.0488,-0.5913,-0.65,1.3683,-0.0913,1,0,0,0.815,0.447,0.553,0,0,0.0,4,LANDING_PHASE,1.1468,-0.6127,-2.0074,1.1296
2033,58.918,34.1398,-16.4011,2.1552,1.1399,-0.6123,-0.6437,2.055,2.278,3.002,36.1244,-17.5185,0.2,0.0,0.0,0.0,1.0436,-0.5887,-0.65,1.3631,-0.0685,1,0,0,0.816,0.447,0.553,0,0,0.0,4,LANDING_PHASE,1.1399,-0.6123,-1.9846,1.1174
2034,58.933,34.1624,-16.4134,2.1423,1.1299,-0.6121,-0.6436,2.042,2.252,2.974,36.1244,-17.5185,0.2,0.0,0.0,0.0,1.0386,-0.5861,-0.65,1.3582,-0.0956,1,0,0,0.815,0.444,0.556,0,0,0.0,4,LANDING_PHASE,1.1299,-0.6121,-1.962,1.1051
2035,58.946,34.1848,-16.4256,2.1295,1.1195,-0.6105,-0.6434,2.029,2.226,2.946,36.1244,-17.5185,0.2,0.0,0.0,0.0,1.0339,-0.5836,-0.65,1.3535,-0.0738,1,0,0,0.816,0.448,0.552,0,0,0.0,4,LANDING_PHASE,1.1195,-0.6105,-1.9396,1.0929
2036,58.959,34.2069,-16.4378,2.1166,1.107,-0.6096,-0.6434,2.017,2.201,2.919,36.1244,-17.5185,0.2,0.0,0.0,0.0,1.0294,-0.581,-0.65,1.3489,-0.0969,1,0,0,0.815,0.444,0.556,0,0,0.0,4,LANDING_PHASE,1.107,-0.6096,-1.9175,1.0807
2037,58.972,34.2288,-16.4499,2.1037,1.0954,-0.6078,-0.6435,2.004,2.176,2.891,36.1244,-17.5185,0.2,0.0,0.0,0.0,1.025,-0.5784,-0.65,1.3445,-0.0754,1,0,0,0.816,0.446,0.554,0,0,0.0,4,LANDING_PHASE,1.0954,-0.6078,-1.8956,1.0686
2038,58.985,34.2505,-16.4621,2.0909,1.0814,-0.6068,-0.644,1.991,2.151,2.864,36.1244,-17.5185,0.2,0.0,0.0,0.0,1.021,-0.5758,-0.65,1.3403,-0.0862,1,0,0,0.815,0.446,0.554,0,0,0.0,4,LANDING_PHASE,1.0814,-0.6068,-1.8739,1.0564
2039,58.998,34.2718,-16.4742,2.078,1.0678,-0.605,-0.6441,1.978,2.127,2.837,36.1244,-17.5185,0.2,0.0,0.0,0.0,1.0171,-0.5732,-0.65,1.3363,-0.0652,1,0,0,0.821,0.45,0.55,0,0,0.0,4,LANDING_PHASE,1.0678,-0.605,-1.8526,1.0443
2040,59.012,34.2929,-16.4862,2.0651,1.0537,-0.6033,-0.6442,1.965,2.102,2.81,36.1244,-17.5185,0.2,0.0,0.0,0.0,1.0135,-0.5706,-0.65,1.3324,-0.0881,1,0,0,0.821,0.451,0.549,0,0,0.0,4,LANDING_PHASE,1.0537,-0.6033,-1.8315,1.0323
2041,59.026,34.3137,-16.4982,2.0522,1.0419,-0.5999,-0.6443,1.952,2.078,2.784,36.1244,-17.5185,0.2,0.0,0.0,0.0,1.0099,-0.5681,-0.65,1.3286,-0.067,1,0,0,0.824,0.452,0.548,0,0,0.0,4,LANDING_PHASE,1.0419,-0.5999,-1.8107,1.0203
2042,59.039,34.3343,-16.5102,2.0393,1.0292,-0.5967,-0.6444,1.939,2.055,2.758,36.1244,-17.5185,0.2,0.0,0.0,0.0,1.0066,-0.5656,-0.65,1.325,-0.0902,1,0,0,0.824,0.453,0.547,0,0,0.0,4,LANDING_PHASE,1.0292,-0.5967,-1.7901,1.0083
2043,59.053,34.3547,-16.522,2.0264,1.0185,-0.5921,-0.6445,1.926,2.031,2.731,36.1244,-17.5185,0.2,0.0,0.0,0.0,1.0032,-0.5633,-0.65,1.3215,-0.069,1,0,0,0.826,0.46,0.54,0,0,0.0,4,LANDING_PHASE,1.0185,-0.5921,-1.7697,0.9965
2044,59.066,34.3748,-16.5338,2.0135,1.0065,-0.5878,-0.6447,1.914,2.008,2.705,36.1244,-17.5185,0.2,0.0,0.0,0.0,1.0001,-0.561,-0.65,1.3181,-0.0958,1,0,0,0.828,0.462,0.538,0,0,0.0,4,LANDING_PHASE,1.0065,-0.5878,-1.7496,0.9847
2045,59.079,34.3947,-16.5454,2.0006,0.9961,-0.5822,-0.6448,1.901,1.985,2.68,36.1244,-17.5185,0.2,0.0,0.0,0.0,0.997,-0.5589,-0.65,1.3149,-0.0746,1,0,0,0.831,0.459,0.541,0,0,0.0,4,LANDING_PHASE,0.9961,-0.5822,-1.7297,0.9731
2046,59.093,34.4145,-16.5569,1.9877,0.9854,-0.5774,-0.6448,1.888,1.962,2.654,36.1244,-17.5185,0.2,0.0,0.0,0.0,0.9941,-0.5567,-0.65,1.3117,-0.0984,1,0,0,0.832,0.463,0.537,0,0,0.0,4,LANDING_PHASE,0.9854,-0.5774,-1.71,0.9616
2047,59.106,34.434,-16.5684,1.9748,0.9773,-0.5718,-0.6448,1.875,1.939,2.629,36.1244,-17.5185,0.2,0.0,0.0,0.0,0.991,-0.5547,-0.65,1.3086,-0.0769,1,0,0,0.836,0.462,0.538,0,0,0.0,4,LANDING_PHASE,0.9773,-0.5718,-1.6904,0.9501
2048,59.119,34.4534,-16.5797,1.9619,0.9685,-0.5671,-0.6448,1.862,1.917,2.603,36.1244,-17.5185,0.2,0.0,0.0,0.0,0.9881,-0.5527,-0.65,1.3055,-0.1013,1,0,0,0.836,0.463,0.537,0,0,0.0,4,LANDING_PHASE,0.9685,-0.5671,-1.671,0.9388
2049,59.132,34.4726,-16.591,1.9491,0.962,-0.5617,-0.6448,1.849,1.894,2.578,36.1244,-17.5185,0.2,0.0,0.0,0.0,0.9851,-0.5508,-0.65,1.3024,-0.0795,1,0,0,0.839,0.467,0.533,0,0,0.0,4,LANDING_PHASE,0.962,-0.5617,-1.6518,0.9275
2050,59.144,34.4917,-16.6021,1.9361,0.9544,-0.5574,-0.6452,1.836,1.872,2.553,36.1244,-17.5185,0.2,0.0,0.0,0.0,0.9822,-0.5488,-0.65,1.2994,-0.1046,1,0,0,0.841,0.468,0.532,0,0,0.0,4,LANDING_PHASE,0.9544,-0.5574,-1.6327,0.9164
2051,59.156,34.5107,-16.6132,1.9233,0.9486,-0.5525,-0.645,1.823,1.85,2.529,36.1244,-17.5185,0.2,0.0,0.0,0.0,0.9792,-0.547,-0.65,1.2964,-0.0813,1,0,0,0.844,0.464,0.536,0,0,0.0,4,LANDING_PHASE,0.9486,-0.5525,-1.6137,0.9053
2052,59.168,34.5295,-16.6241,1.9104,0.9421,-0.549,-0.6448,1.81,1.829,2.504,36.1244,-17.5185,0.2,0.0,0.0,0.0,0.9764,-0.545,-0.65,1.2934,-0.1049,1,0,0,0.845,0.465,0.535,0,0,0.0,4,LANDING_PHASE,0.9421,-0.549,-1.5949,0.8944
2053,59.182,34.5483,-16.635,1.8975,0.9378,-0.5453,-0.6447,1.797,1.807,2.479,36.1244,-17.5185,0.2,0.0,0.0,0.0,0.9734,-0.5432,-0.65,1.2903,-0.0817,1,0,0,0.848,0.467,0.533,0,0,0.0,4,LANDING_PHASE,0.9378,-0.5453,-1.5761,0.8835
2054,59.195,34.5669,-16.6459,1.8846,0.9325,-0.5431,-0.6447,1.785,1.785,2.455,36.1244,-17.5185,0.2,0.0,0.0,0.0,0.9705,-0.5411,-0.65,1.2873,-0.0958,1,0,0,0.849,0.465,0.535,0,0,0.0,4,LANDING_PHASE,0.9325,-0.5431,-1.5575,0.8726
2055,59.208,34.5855,-16.6567,1.8717,0.9289,-0.5407,-0.6446,1.772,1.764,2.43,36.1244,-17.5185,0.2,0.0,0.0,0.0,0.9675,-0.5391,-0.65,1.2842,-0.0727,1,0,0,0.851,0.469,0.531,0,0,0.0,4,LANDING_PHASE,0.9289,-0.5407,-1.5389,0.8618
2056,59.221,34.604,-16.6675,1.8588,0.9242,-0.5393,-0.6446,1.759,1.742,2.406,36.1244,-17.5185,0.2,0.0,0.0,0.0,0.9257,-0.5156,-0.266,1.0925,-0.0988,1,1,0,0.853,0.471,0.529,0,0,0.0,4,DESCENT_PHASE,0.9242,-0.5393,-1.5204,0.851
2057,59.233,34.6224,-16.6782,1.8487,0.9201,-0.5363,-0.5023,1.749,1.721,2.383,36.1244,-17.5185,0.2,0.0,0.0,0.0,0.8838,-0.4921,-0.1722,1.0261,-0.0649,1,1,0,0.856,0.475,0.525,0,0,0.0,4,DESCENT_PHASE,0.9201,-0.5363,-1.502,0.8403
2058,59.251,34.6407,-16.6889,1.8412,0.9151,-0.5355,-0.3781,1.741,1.7,2.363,36.1244,-17.5185,0.2,0.0,0.0,0.0,0.842,-0.4686,-0.3833,1.037,-0.0943,1,1,0,0.855,0.475,0.525,0,0,0.0,4,DESCENT_PHASE,0.9151,-0.5355,-1.4837,0.8296
2059,59.269,34.659,-16.6996,1.8336,0.9139,-0.5334,-0.3784,1.734,1.679,2.342,36.1244,-17.5185,0.2,0.0,0.0,0.0,0.8001,-0.445,-0.3828,0.9924,-0.0567,1,1,0,0.853,0.466,0.534,0,0,0.0,4,DESCENT_PHASE,0.9139,-0.5334,-1.4654,0.8189
2060,59.283,34.6772,-16.7103,1.826,0.9111,-0.5325,-0.3781,1.726,1.658,2.322,36.1244,-17.5185,0.2,0.0,0.0,0.0,0.7583,-0.4215,-0.3832,0.9485,-0.0606,1,1,0,0.853,0.469,0.531,0,0,0.0,4,DESCENT_PHASE,0.9111,-0.5325,-1.4472,0.8082
2061,59.295,34.6953,-16.7209,1.8185,0.9057,-0.5299,-0.3778,1.718,1.637,2.302,36.1244,-17.5185,0.2,0.0,0.0,0.0,0.7165,-0.3979,-0.3837,0.9049,-0.0744,1,1,0,0.85,0.472,0.528,0,0,0.0,4,DESCENT_PHASE,0.9057,-0.5299,-1.4291,0.7976
2062,59.308,34.7133,-16.7314,1.8109,0.9003,-0.5256,-0.3773,1.711,1.616,2.282,36.1244,-17.5185,0.2,0.0,0.0,0.0,0.6748,-0.3742,-0.3847,0.8622,-0.041,1,1,0,0.82,0.467,0.533,0,0,0.0,4,DESCENT_PHASE,0.9003,-0.5256,-1.4111,0.7871
2063,59.32,34.7311,-16.7418,1.8034,0.8921,-0.5206,-0.3762,1.703,1.595,2.262,36.1244,-17.5185,0.2,0.0,0.0,0.0,0.633,-0.3506,-0.3865,0.8203,-0.0808,1,1,0,0.817,0.466,0.534,0,0,0.0,4,DESCENT_PHASE,0.8921,-0.5206,-1.3933,0.7767
2064,59.333,34.7487,-16.752,1.7959,0.8797,-0.5117,-0.3757,1.696,1.575,2.242,36.1244,-17.5185,0.2,0.0,0.0,0.0,0.5912,-0.3269,-0.3873,0.7788,-0.047,1,1,0,0.811,0.459,0.541,0,0,0.0,4,DESCENT_PHASE,0.8797,-0.5117,-1.3757,0.7665
2065,59.347,34.766,-16.7621,1.7884,0.8648,-0.502,-0.3745,1.688,1.555,2.223,36.1244,-17.5185,0.2,0.0,0.0,0.0,0.5495,-0.3033,-0.3893,0.7385,-0.0851,1,1,0,0.808,0.457,0.543,0,0,0.0,4,DESCENT_PHASE,0.8648,-0.502,-1.3584,0.7565
2066,59.361,34.7829,-16.7718,1.7809,0.8454,-0.4883,-0.3742,1.681,1.535,2.204,36.1244,-17.5185,0.2,0.0,0.0,0.0,0.5076,-0.2797,-0.3899,0.6985,-0.0607,1,1,0,0.8,0.455,0.545,0,0,0.0,4,DESCENT_PHASE,0.8454,-0.4883,-1.3415,0.7467
2067,59.373,34.7994,-16.7813,1.7735,0.823,-0.4735,-0.3732,1.673,1.516,2.185,36.1244,-17.5185,0.2,0.0,0.0,0.0,0.466,-0.2565,-0.3916,0.6605,-0.0981,1,1,0,0.796,0.451,0.549,0,0,0.0,4,DESCENT_PHASE,0.823,-0.4735,-1.325,0.7372
2068,59.386,34.8153,-16.7904,1.766,0.7957,-0.4554,-0.3737,1.666,1.498,2.167,36.1244,-17.5185,0.2,0.0,0.0,0.0,0.4682,-0.2581,-0.3907,0.6622,-0.0602,1,1,0,0.787,0.441,0.559,0,0,0.0,4,DESCENT_PHASE,0.7957,-0.4554,-1.3091,0.7281
2069,59.398,34.8306,-16.7991,1.7585,0.7655,-0.4367,-0.3738,1.659,1.48,2.15,36.1244,-17.5185,0.2,0.0,0.0,0.0,0.4713,-0.26,-0.3906,0.665,-0.0899,1,1,0,0.782,0.436,0.564,0,0,0.0,4,DESCENT_PHASE,0.7655,-0.4367,-1.2938,0.7194
2070,59.411,34.8452,-16.8074,1.751,0.7308,-0.4147,-0.3761,1.651,1.464,2.132,36.1244,-17.5185,0.2,0.0,0.0,0.0,0.4755,-0.2627,-0.3867,0.6668,-0.0945,1,1,0,0.781,0.435,0.565,0,0,0.0,4,DESCENT_PHASE,0.7308,-0.4147,-1.2792,0.7111
2071,59.427,34.8591,-16.8153,1.7434,0.6931,-0.392,-0.3789,1.643,1.448,2.116,36.1244,-17.5185,0.2,0.0,0.0,0.0,0.4805,-0.2658,-0.3819,0.6689,-0.0971,1,1,0,0.785,0.439,0.561,0,0,0.0,4,DESCENT_PHASE,0.6931,-0.392,-1.2653,0.7032
2072,59.444,34.8722,-16.8226,1.7358,0.6547,-0.3686,-0.3805,1.636,1.433,2.1,36.1244,-17.5185,0.2,0.0,0.0,0.0,0.4861,-0.2692,-0.3791,0.6726,-0.1117,1,1,0,0.784,0.437,0.563,0,0,0.0,4,DESCENT_PHASE,0.6547,-0.3686,-1.2522,0.6959
2073,59.46,34.8846,-16.8295,1.7282,0.6182,-0.3453,-0.3817,1.628,1.418,2.085,36.1244,-17.5185,0.2,0.0,0.0,0.0,0.4915,-0.2728,-0.377,0.6769,-0.0837,1,1,0,0.789,0.439,0.561,0,0,0.0,4,DESCENT_PHASE,0.6182,-0.3453,-1.2398,0.689
2074,59.475,34.8962,-16.836,1.7205,0.5809,-0.3234,-0.3834,1.621,1.405,2.07,36.1244,-17.5185,0.2,0.0,0.0,0.0,0.4974,-0.2763,-0.3742,0.681,-0.1167,1,1,0,0.798,0.45,0.55,0,0,0.0,4,DESCENT_PHASE,0.5809,-0.3234,-1.2282,0.6825
2075,59.49,34.9071,-16.842,1.7128,0.5455,-0.3008,-0.3835,1.613,1.393,2.056,36.1244,-17.5185,0.2,0.0,0.0,0.0,0.5031,-0.2801,-0.3741,0.6867,-0.0842,1,1,0,0.801,0.458,0.542,0,0,0.0,4,DESCENT_PHASE,0.5455,-0.3008,-1.2173,0.6765
2076,59.507,34.9174,-16.8476,1.7052,0.5143,-0.2809,-0.3836,1.605,1.381,2.043,36.1244,-17.5185,0.2,0.0,0.0,0.0,0.5083,-0.2835,-0.3738,0.6917,-0.1122,1,1,0,0.809,0.462,0.538,0,0,0.0,4,DESCENT_PHASE,0.5143,-0.2809,-1.207,0.6709
2077,59.522,34.9271,-16.8529,1.6975,0.4851,-0.2607,-0.3841,1.597,1.37,2.03,36.1244,-17.5185,0.2,0.0,0.0,0.0,0.5131,-0.2871,-0.3731,0.6964,-0.094,1,1,0,0.815,0.464,0.536,0,0,0.0,4,DESCENT_PHASE,0.4851,-0.2607,-1.1973,0.6656
2078,59.535,34.9363,-16.8577,1.6898,0.4593,-0.2432,-0.3834,1.59,1.36,2.017,36.1244,-17.5185,0.2,0.0,0.0,0.0,0.5175,-0.2903,-0.3742,0.7015,-0.1234,1,1,0,0.823,0.472,0.528,0,0,0.0,4,DESCENT_PHASE,0.4593,-0.2432,-1.1881,0.6608
2079,59.55,34.945,-16.8623,1.6822,0.4369,-0.2269,-0.3826,1.582,1.35,2.005,36.1244,-17.5185,0.2,0.0,0.0,0.0,0.5212,-0.2934,-0.3757,0.7063,-0.0828,1,1,0,0.828,0.477,0.523,0,0,0.0,4,DESCENT_PHASE,0.4369,-0.2269,-1.1794,0.6562
2080,59.564,34.9534,-16.8666,1.6745,0.4194,-0.2148,-0.3818,1.575,1.34,1.993,36.1244,-17.5185,0.2,0.0,0.0,0.0,0.524,-0.2957,-0.377,0.71,-0.114,1,1,0,0.835,0.484,0.516,0,0,0.0,4,DESCENT_PHASE,0.4194,-0.2148,-1.171,0.6519
2081,59.577,34.9615,-16.8706,1.6669,0.4049,-0.2037,-0.3808,1.567,1.331,1.981,36.1244,-17.5185,0.2,0.0,0.0,0.0,0.5263,-0.2978,-0.3787,0.7135,-0.0716,1,1,0,0.863,0.488,0.512,0,0,0.0,4,DESCENT_PHASE,0.4049,-0.2037,-1.1629,0.6479
2082,59.591,34.9694,-16.8746,1.6593,0.3949,-0.1965,-0.3801,1.559,1.322,1.969,36.1244,-17.5185,0.2,0.0,0.0,0.0,0.5277,-0.2992,-0.3798,0.7157,-0.1045,1,1,0,0.872,0.488,0.512,0,0,0.0,4,DESCENT_PHASE,0.3949,-0.1965,-1.155,0.6439
2083,59.605,34.9771,-16.8784,1.6517,0.3875,-0.1901,-0.3797,1.552,1.314,1.958,36.1244,-17.5185,0.2,0.0,0.0,0.0,0.5285,-0.3005,-0.3804,0.7172,-0.0681,1,1,0,0.876,0.496,0.504,0,0,0.0,4,DESCENT_PHASE,0.3875,-0.1901,-1.1473,0.6401
2084,59.618,34.9848,-16.8821,1.6441,0.3842,-0.1874,-0.3787,1.544,1.305,1.947,36.1244,-17.5185,0.2,0.0,0.0,0.0,0.5285,-0.301,-0.3822,0.7183,-0.1087,1,1,0,0.915,0.502,0.498,0,0,0.0,4,DESCENT_PHASE,0.3842,-0.1874,-1.1396,0.6364
2085,59.631,34.9925,-16.8858,1.6366,0.3835,-0.1853,-0.378,1.537,1.297,1.935,36.1244,-17.5185,0.2,0.0,0.0,0.0,0.528,-0.3014,-0.3834,0.7187,-0.0699,1,1,0,0.915,0.502,0.498,0,0,0.0,4,DESCENT_PHASE,0.3835,-0.1853,-1.1319,0.6327
2086,59.646,35.0002,-16.8895,1.629,0.3869,-0.1866,-0.3779,1.529,1.288,1.924,36.1244,-17.5185,0.2,0.0,0.0,0.0,0.5265,-0.3011,-0.3835,0.7176,-0.1078,1,1,0,0.886,0.505,0.495,0,0,0.0,4,DESCENT_PHASE,0.3869,-0.1866,-1.1242,0.629
2087,59.659,35.0081,-16.8933,1.6215,0.3926,-0.1881,-0.3775,1.521,1.279,1.912,36.1244,-17.5185,0.2,0.0,0.0,0.0,0.5245,-0.3007,-0.3842,0.7163,-0.0683,1,1,0,0.888,0.507,0.493,0,0,0.0,4,DESCENT_PHASE,0.3926,-0.1881,-1.1163,0.6252
2088,59.673,35.0161,-16.8972,1.6139,0.4011,-0.1922,-0.3777,1.514,1.271,1.901,36.1244,-17.5185,0.2,0.0,0.0,0.0,0.5218,-0.2998,-0.3839,0.7138,-0.1101,1,1,0,0.891,0.509,0.491,0,0,0.0,4,DESCENT_PHASE,0.4011,-0.1922,-1.1083,0.6213
2089,59.686,35.0243,-16.9011,1.6064,0.4105,-0.1959,-0.3776,1.506,1.262,1.889,36.1244,-17.5185,0.2,0.0,0.0,0.0,0.5189,-0.2989,-0.384,0.7114,-0.0703,1,1,0,0.892,0.51,0.49,0,0,0.0,4,DESCENT_PHASE,0.4105,-0.1959,-1.1001,0.6174
2090,59.7,35.0328,-16.9051,1.5988,0.4225,-0.2018,-0.3781,1.499,1.252,1.877,36.1244,-17.5185,0.2,0.0,0.0,0.0,0.5154,-0.2976,-0.3832,0.7078,-0.1091,1,1,0,0.893,0.501,0.499,0,0,0.0,4,DESCENT_PHASE,0.4225,-0.2018,-1.0916,0.6134
2091,59.713,35.0415,-16.9092,1.5912,0.4351,-0.2068,-0.3782,1.491,1.243,1.865,36.1244,-17.5185,0.2,0.0,0.0,0.0,0.5116,-0.2964,-0.3831,0.7045,-0.0714,1,1,0,0.893,0.506,0.494,0,0,0.0,4,DESCENT_PHASE,0.4351,-0.2068,-1.0829,0.6093
2092,59.726,35.0504,-16.9135,1.5837,0.4488,-0.2134,-0.3791,1.484,1.233,1.853,36.1244,-17.5185,0.2,0.0,0.0,0.0,0.5075,-0.2949,-0.3815,0.7001,-0.11,1,1,0,0.895,0.507,0.493,0,0,0.0,4,DESCENT_PHASE,0.4488,-0.2134,-1.074,0.605
2093,59.738,35.0597,-16.9179,1.5761,0.4616,-0.2187,-0.3786,1.476,1.222,1.841,36.1244,-17.5185,0.2,0.0,0.0,0.0,0.5035,-0.2936,-0.3824,0.6971,-0.068,1,1,0,0.894,0.509,0.491,0,0,0.0,4,DESCENT_PHASE,0.4616,-0.2187,-1.0647,0.6006
2094,59.751,35.0692,-16.9224,1.5685,0.4752,-0.2257,-0.3789,1.469,1.212,1.828,36.1244,-17.5185,0.2,0.0,0.0,0.0,0.4993,-0.292,-0.3819,0.6931,-0.1067,1,1,0,0.896,0.505,0.495,0,0,0.0,4,DESCENT_PHASE,0.4752,-0.2257,-1.0552,0.5961
2095,59.763,35.0789,-16.927,1.5609,0.4876,-0.2311,-0.379,1.461,1.201,1.815,36.1244,-17.5185,0.2,0.0,0.0,0.0,0.4952,-0.2907,-0.3817,0.6895,-0.0677,1,1,0,0.895,0.51,0.49,0,0,0.0,4,DESCENT_PHASE,0.4876,-0.2311,-1.0455,0.5915
2096,59.775,35.089,-16.9318,1.5533,0.5006,-0.238,-0.3793,1.453,1.19,1.802,36.1244,-17.5185,0.2,0.0,0.0,0.0,0.491,-0.289,-0.3811,0.6854,-0.1034,1,1,0,0.896,0.507,0.493,0,0,0.0,4,DESCENT_PHASE,0.5006,-0.238,-1.0355,0.5867
2097,59.789,35.0992,-16.9366,1.5458,0.5122,-0.2433,-0.3792,1.446,1.179,1.789,36.1244,-17.5185,0.2,0.0,0.0,0.0,0.487,-0.2876,-0.3814,0.6822,-0.0603,1,1,0,0.894,0.509,0.491,0,0,0.0,4,DESCENT_PHASE,0.5122,-0.2433,-1.0252,0.5819
2098,59.803,35.1096,-16.9416,1.5382,0.5227,-0.2498,-0.3791,1.438,1.167,1.776,36.1244,-17.5185,0.2,0.0,0.0,0.0,0.4832,-0.286,-0.3815,0.6788,-0.0985,1,1,0,0.894,0.508,0.492,0,0,0.0,4,DESCENT_PHASE,0.5227,-0.2498,-1.0148,0.5769
2099,59.817,35.1203,-16.9467,1.5306,0.5302,-0.2543,-0.3789,1.431,1.156,1.762,36.1244,-17.5185,0.2,0.0,0.0,0.0,0.48,-0.2848,-0.3818,0.6762,-0.0558,1,1,0,0.892,0.505,0.495,0,0,0.0,4,DESCENT_PHASE,0.5302,-0.2543,-1.0042,0.5718
2100,59.83,35.131,-16.9519,1.523,0.5364,-0.2595,-0.3788,1.423,1.144,1.749,36.1244,-17.5185,0.2,0.0,0.0,0.0,0.4771,-0.2834,-0.3821,0.6737,-0.0932,1,1,0,0.891,0.501,0.499,0,0,0.0,4,DESCENT_PHASE,0.5364,-0.2595,-0.9934,0.5666
2101,59.846,35.1418,-16.9572,1.5154,0.5394,-0.2624,-0.3788,1.415,1.132,1.735,36.1244,-17.5185,0.2,0.0,0.0,0.0,0.475,-0.2826,-0.382,0.6718,-0.066,1,1,0,0.891,0.507,0.493,0,0,0.0,4,DESCENT_PHASE,0.5394,-0.2624,-0.9826,0.5613
2102,59.864,35.1526,-16.9625,1.5079,0.5408,-0.2657,-0.3786,1.408,1.12,1.722,36.1244,-17.5185,0.2,0.0,0.0,0.0,0.4732,-0.2816,-0.3824,0.6704,-0.1006,1,1,0,0.891,0.509,0.491,0,0,0.0,4,DESCENT_PHASE,0.5408,-0.2657,-0.9718,0.556
2103,59.877,35.1634,-16.9678,1.5003,0.5408,-0.2676,-0.3784,1.4,1.108,1.708,36.1244,-17.5185,0.2,0.0,0.0,0.0,0.4718,-0.281,-0.3826,0.6693,-0.0589,1,1,0,0.89,0.509,0.491,0,0,0.0,4,DESCENT_PHASE,0.5408,-0.2676,-0.961,0.5507
2104,59.891,35.1742,-16.9732,1.4927,0.54,-0.2706,-0.3783,1.393,1.096,1.695,36.1244,-17.5185,0.2,0.0,0.0,0.0,0.4706,-0.28,-0.3828,0.6681,-0.0951,1,1,2,0.89,0.507,0.493,0,0,0.0,4,SETTLE_PHASE,0.54,-0.2706,-0.9502,0.5453
2105,59.903,35.1849,-16.9787,1.4873,0.5354,-0.2724,-0.2738,1.387,1.084,1.683,36.1244,-17.5185,0.2,0.0,0.0,0.0,0.4704,-0.2793,-0.5606,0.7833,-0.0594,1,1,2,0.89,0.51,0.49,0,0,0.0,4,SETTLE_PHASE,0.5354,-0.2724,-0.9395,0.5398
2106,59.916,35.1955,-16.9842,1.4831,0.53,-0.275,-0.208,1.383,1.072,1.672,36.1244,-17.5185,0.2,0.0,0.0,0.0,0.4705,-0.2783,-0.6725,0.8666,-0.0854,1,1,2,0.886,0.504,0.496,0,0,0.0,4,SETTLE_PHASE,0.53,-0.275,-0.9289,0.5343
2107,59.929,35.206,-16.9897,1.4798,0.5261,-0.2752,-0.1667,1.38,1.06,1.662,36.1244,-17.5185,0.2,0.0,0.0,0.0,0.4702,-0.278,-0.7426,0.9219,-0.0606,1,1,2,0.886,0.505,0.495,0,0,0.0,4,SETTLE_PHASE,0.5261,-0.2752,-0.9184,0.5288
2108,59.942,35.2164,-16.9952,1.477,0.5191,-0.2756,-0.1408,1.377,1.048,1.652,36.1244,-17.5185,0.2,0.0,0.0,0.0,0.4708,-0.2775,-0.7867,0.9579,-0.0878,1,1,2,0.861,0.499,0.501,0,0,0.0,4,SETTLE_PHASE,0.5191,-0.2756,-0.908,0.5233
2109,59.957,35.2267,-17.0007,1.4745,0.5127,-0.2744,-0.1243,1.374,1.036,1.643,36.1244,-17.5185,0.2,0.0,0.0,0.0,0.4713,-0.2775,-0.8147,0.9812,-0.0654,1,1,2,0.862,0.502,0.498,0,0,0.0,4,SETTLE_PHASE,0.5127,-0.2744,-0.8977,0.5178
2110,59.969,35.2368,-17.0062,1.4722,0.5043,-0.2737,-0.114,1.372,1.025,1.634,36.1244,-17.5185,0.2,0.0,0.0,0.0,0.4724,-0.2772,-0.8321,0.9962,-0.0884,1,1,2,0.86,0.497,0.503,0,0,0.0,4,SETTLE_PHASE,0.5043,-0.2737,-0.8877,0.5123
2111,59.982,35.2467,-17.0116,1.47,0.497,-0.2719,-0.1076,1.37,1.014,1.625,36.1244,-17.5185,0.2,0.0,0.0,0.0,0.4732,-0.2773,-0.8431,1.0058,-0.0669,1,1,2,0.86,0.498,0.502,0,0,0.0,4,SETTLE_PHASE,0.497,-0.2719,-0.8777,0.5069
2112,59.996,35.2564,-17.017,1.468,0.4873,-0.2708,-0.1037,1.368,1.002,1.616,36.1244,-17.5185,0.2,0.0,0.0,0.0,0.4748,-0.2772,-0.8496,1.012,-0.0935,1,1,2,0.86,0.496,0.504,0,0,0.0,4,SETTLE_PHASE,0.4873,-0.2708,-0.868,0.5015
2113,60.009,35.266,-17.0224,1.4659,0.4781,-0.2688,-0.1012,1.366,0.991,1.608,36.1244,-17.5185,0.2,0.0,0.0,0.0,0.4762,-0.2773,-0.8539,1.0163,-0.0728,1,1,2,0.861,0.5,0.5,0,0,0.0,4,SETTLE_PHASE,0.4781,-0.2688,-0.8584,0.4961
2114,60.022,35.2754,-17.0278,1.4639,0.4678,-0.2679,-0.0998,1.364,0.981,1.6,36.1244,-17.5185,0.2,0.0,0.0,0.0,0.4781,-0.277,-0.8564,1.0192,-0.0896,1,1,2,0.86,0.497,0.503,0,0,0.0,4,SETTLE_PHASE,0.4678,-0.2679,-0.8491,0.4907
2115,60.034,35.2845,-17.0331,1.462,0.459,-0.2665,-0.0988,1.362,0.97,1.592,36.1244,-17.5185,0.2,0.0,0.0,0.0,0.4796,-0.2769,-0.8581,1.0213,-0.069,1,1,2,0.862,0.5,0.5,0,0,0.0,4,SETTLE_PHASE,0.459,-0.2665,-0.8399,0.4854
2116,60.046,35.2935,-17.0384,1.46,0.4488,-0.266,-0.0982,1.36,0.96,1.584,36.1244,-17.5185,0.2,0.0,0.0,0.0,0.4817,-0.2764,-0.859,1.0229,-0.0898,1,1,2,0.86,0.497,0.503,0,0,0.0,4,SETTLE_PHASE,0.4488,-0.266,-0.8309,0.4801
2117,60.059,35.3023,-17.0437,1.458,0.44,-0.2648,-0.0979,1.358,0.949,1.576,36.1244,-17.5185,0.2,0.0,0.0,0.0,0.4834,-0.2762,-0.8595,1.0241,-0.0693,1,1,2,0.861,0.499,0.501,0,0,0.0,4,SETTLE_PHASE,0.44,-0.2648,-0.8221,0.4748
2118,60.071,35.3109,-17.049,1.4561,0.4293,-0.2644,-0.0981,1.356,0.939,1.568,36.1244,-17.5185,0.2,0.0,0.0,0.0,0.4857,-0.2756,-0.8593,1.0248,-0.0808,1,1,2,0.861,0.498,0.502,0,0,0.0,4,SETTLE_PHASE,0.4293,-0.2644,-0.8135,0.4695
2119,60.083,35.3193,-17.0543,1.4541,0.4197,-0.2633,-0.0983,1.354,0.929,1.561,36.1244,-17.5185,0.2,0.0,0.0,0.0,0.4878,-0.2752,-0.859,1.0254,-0.0612,1,1,2,0.863,0.504,0.496,0,0,0.0,4,SETTLE_PHASE,0.4197,-0.2633,-0.8051,0.4642
2120,60.095,35.3275,-17.0595,1.4522,0.4097,-0.2624,-0.098,1.352,0.92,1.554,36.1244,-17.5185,0.2,0.0,0.0,0.0,0.49,-0.2747,-0.8594,1.0268,-0.085,1,1,2,0.863,0.501,0.499,0,0,0.0,4,SETTLE_PHASE,0.4097,-0.2624,-0.7969,0.459
2121,60.107,35.3355,-17.0647,1.4502,0.4024,-0.26,-0.0977,1.35,0.91,1.546,36.1244,-17.5185,0.2,0.0,0.0,0.0,0.4916,-0.2746,-0.8598,1.0278,-0.0655,1,1,2,0.865,0.506,0.494,0,0,0.0,4,SETTLE_PHASE,0.4024,-0.26,-0.7889,0.4538
2122,60.122,35.3434,-17.0699,1.4482,0.3945,-0.2579,-0.0976,1.348,0.901,1.539,36.1244,-17.5185,0.2,0.0,0.0,0.0,0.4934,-0.2744,-0.8602,1.0289,-0.0903,1,1,2,0.865,0.504,0.496,0,0,0.0,4,SETTLE_PHASE,0.3945,-0.2579,-0.781,0.4486
2123,60.139,35.3512,-17.0749,1.4463,0.3889,-0.2544,-0.0974,1.346,0.891,1.532,36.1244,-17.5185,0.2,0.0,0.0,0.0,0.4946,-0.2746,-0.8604,1.0297,-0.0702,1,1,2,0.866,0.508,0.492,0,0,0.0,4,SETTLE_PHASE,0.3889,-0.2544,-0.7732,0.4436
2124,60.151,35.3588,-17.08,1.4444,0.3822,-0.2514,-0.0973,1.344,0.882,1.525,36.1244,-17.5185,0.2,0.0,0.0,0.0,0.4961,-0.2747,-0.8605,1.0306,-0.0958,1,1,2,0.865,0.505,0.495,0,0,0.0,4,SETTLE_PHASE,0.3822,-0.2514,-0.7656,0.4385
2125,60.163,35.3664,-17.0849,1.4424,0.3773,-0.2472,-0.0973,1.342,0.873,1.519,36.1244,-17.5185,0.2,0.0,0.0,0.0,0.4971,-0.2752,-0.8606,1.0313,-0.0753,1,1,2,0.866,0.502,0.498,0,0,0.0,4,SETTLE_PHASE,0.3773,-0.2472,-0.758,0.4336
2126,60.175,35.3738,-17.0898,1.4404,0.3711,-0.2436,-0.0979,1.34,0.864,1.512,36.1244,-17.5185,0.2,0.0,0.0,0.0,0.4986,-0.2755,-0.8595,1.0311,-0.1003,1,1,2,0.866,0.504,0.496,0,0,0.0,4,SETTLE_PHASE,0.3711,-0.2436,-0.7506,0.4287
2127,60.187,35.3811,-17.0946,1.4385,0.3662,-0.2388,-0.0977,1.338,0.856,1.505,36.1244,-17.5185,0.2,0.0,0.0,0.0,0.4996,-0.2761,-0.8599,1.0322,-0.0769,1,1,2,0.868,0.505,0.495,0,0,0.0,4,SETTLE_PHASE,0.3662,-0.2388,-0.7433,0.4239
2128,60.199,35.3883,-17.0993,1.4365,0.3604,-0.235,-0.0975,1.337,0.847,1.499,36.1244,-17.5185,0.2,0.0,0.0,0.0,0.501,-0.2765,-0.8602,1.0332,-0.1003,1,1,2,0.867,0.507,0.493,0,0,0.0,4,SETTLE_PHASE,0.3604,-0.235,-0.7361,0.4192
2129,60.211,35.3955,-17.1039,1.4346,0.3563,-0.2303,-0.0974,1.335,0.839,1.492,36.1244,-17.5185,0.2,0.0,0.0,0.0,0.5019,-0.2772,-0.8604,1.0339,-0.0771,1,1,2,0.868,0.505,0.495,0,0,0.0,4,SETTLE_PHASE,0.3563,-0.2303,-0.7289,0.4146
2130,60.223,35.4025,-17.1084,1.4326,0.3509,-0.2267,-0.0974,1.333,0.83,1.486,36.1244,-17.5185,0.2,0.0,0.0,0.0,0.5032,-0.2776,-0.8604,1.0347,-0.1019,1,1,2,0.867,0.509,0.491,0,0,0.0,4,SETTLE_PHASE,0.3509,-0.2267,-0.7219,0.4101
2131,60.236,35.4094,-17.1129,1.4307,0.3468,-0.2224,-0.0974,1.331,0.822,1.48,36.1244,-17.5185,0.2,0.0,0.0,0.0,0.5041,-0.2783,-0.8605,1.0353,-0.079,1,1,2,0.869,0.507,0.493,0,0,0.0,4,SETTLE_PHASE,0.3468,-0.2224,-0.715,0.4056
2132,60.249,35.4163,-17.1172,1.4288,0.3416,-0.2194,-0.0973,1.329,0.814,1.474,36.1244,-17.5185,0.2,0.0,0.0,0.0,0.5054,-0.2785,-0.8605,1.0361,-0.1008,1,1,2,0.868,0.51,0.49,0,0,0.0,4,SETTLE_PHASE,0.3416,-0.2194,-0.7081,0.4013
2133,60.262,35.423,-17.1216,1.4268,0.3379,-0.216,-0.0973,1.327,0.806,1.468,36.1244,-17.5185,0.2,0.0,0.0,0.0,0.5062,-0.2789,-0.8606,1.0366,-0.078,1,1,2,0.869,0.508,0.492,0,0,0.0,4,SETTLE_PHASE,0.3379,-0.216,-0.7014,0.3969
2134,60.274,35.4297,-17.1258,1.4249,0.3327,-0.214,-0.0975,1.325,0.798,1.462,36.1244,-17.5185,0.2,0.0,0.0,0.0,0.5075,-0.2789,-0.8602,1.037,-0.0928,1,1,2,0.869,0.512,0.488,0,0,0.0,4,SETTLE_PHASE,0.3327,-0.214,-0.6947,0.3927
2135,60.286,35.4362,-17.1301,1.4229,0.3287,-0.2115,-0.0974,1.323,0.79,1.456,36.1244,-17.5185,0.2,0.0,0.0,0.0,0.5084,-0.279,-0.8604,1.0376,-0.0703,1,1,2,0.871,0.509,0.491,0,0,0.0,4,SETTLE_PHASE,0.3287,-0.2115,-0.6882,0.3884
2136,60.299,35.4427,-17.1343,1.421,0.3241,-0.2099,-0.0973,1.321,0.783,1.45,36.1244,-17.5185,0.2,0.0,0.0,0.0,0.5096,-0.2788,-0.8606,1.0383,-0.0939,1,1,2,0.871,0.51,0.49,0,0,0.0,4,SETTLE_PHASE,0.3241,-0.2099,-0.6817,0.3842
2137,60.311,35.4492,-17.1384,1.419,0.3217,-0.2073,-0.0972,1.319,0.775,1.444,36.1244,-17.5185,0.2,0.0,0.0,0.0,0.5101,-0.279,-0.8607,1.0387,-0.0713,1,1,2,0.872,0.51,0.49,0,0,0.0,4,SETTLE_PHASE,0.3217,-0.2073,-0.6752,0.3801
2138,60.323,35.4555,-17.1425,1.4171,0.3183,-0.2056,-0.0971,1.317,0.767,1.439,36.1244,-17.5185,0.2,0.0,0.0,0.0,0.5109,-0.2789,-0.8609,1.0392,-0.0952,1,1,2,0.872,0.51,0.49,0,0,0.0,4,SETTLE_PHASE,0.3183,-0.2056,-0.6689,0.376
2139,60.335,35.4619,-17.1466,1.4151,0.3167,-0.2032,-0.0971,1.315,0.76,1.433,36.1244,-17.5185,0.2,0.0,0.0,0.0,0.5112,-0.279,-0.8609,1.0394,-0.0726,1,1,2,0.873,0.511,0.489,0,0,0.0,4,SETTLE_PHASE,0.3167,-0.2032,-0.6625,0.3719
2140,60.347,35.4681,-17.1506,1.4132,0.3137,-0.2019,-0.0971,1.313,0.752,1.428,36.1244,-17.5185,0.2,0.0,0.0,0.0,0.5119,-0.2788,-0.861,1.0398,-0.0967,1,1,2,0.872,0.511,0.489,0,0,0.0,4,SETTLE_PHASE,0.3137,-0.2019,-0.6563,0.3679
2141,60.36,35.4744,-17.1546,1.4113,0.3121,-0.1999,-0.0971,1.311,0.745,1.422,36.1244,-17.5185,0.2,0.0,0.0,0.0,0.5122,-0.2788,-0.861,1.0399,-0.0742,1,1,2,0.873,0.511,0.489,0,0,0.0,4,SETTLE_PHASE,0.3121,-0.1999,-0.65,0.3639
2142,60.372,35.4806,-17.1586,1.4093,0.3087,-0.1992,-0.0973,1.309,0.738,1.417,36.1244,-17.5185,0.2,0.0,0.0,0.0,0.5131,-0.2783,-0.8606,1.0399,-0.0863,1,1,2,0.872,0.511,0.489,0,0,0.0,4,SETTLE_PHASE,0.3087,-0.1992,-0.6439,0.3599
2143,60.385,35.4867,-17.1626,1.4074,0.3064,-0.198,-0.0972,1.307,0.73,1.411,36.1244,-17.5185,0.2,0.0,0.0,0.0,0.5136,-0.2781,-0.8608,1.0402,-0.0641,1,1,2,0.874,0.512,0.488,0,0,0.0,4,SETTLE_PHASE,0.3064,-0.198,-0.6377,0.3559
2144,60.397,35.4927,-17.1665,1.4054,0.3032,-0.1973,-0.0971,1.305,0.723,1.406,36.1244,-17.5185,0.2,0.0,0.0,0.0,0.5145,-0.2776,-0.8609,1.0407,-0.0884,1,1,2,0.873,0.511,0.489,0,0,0.0,4,SETTLE_PHASE,0.3032,-0.1973,-0.6317,0.352
2145,60.409,35.4988,-17.1704,1.4035,0.3019,-0.1952,-0.0971,1.303,0.716,1.4,36.1244,-17.5185,0.2,0.0,0.0,0.0,0.5148,-0.2776,-0.861,1.0409,-0.066,1,1,2,0.874,0.512,0.488,0,0,0.0,4,SETTLE_PHASE,0.3019,-0.1952,-0.6256,0.3481
2146,60.422,35.5048,-17.1743,1.4015,0.2993,-0.1937,-0.097,1.302,0.709,1.395,36.1244,-17.5185,0.2,0.0,0.0,0.0,0.5154,-0.2775,-0.8611,1.0412,-0.0906,1,1,2,0.873,0.511,0.489,0,0,0.0,4,SETTLE_PHASE,0.2993,-0.1937,-0.6196,0.3442
2147,60.437,35.5107,-17.1781,1.3996,0.2983,-0.1911,-0.097,1.3,0.702,1.39,36.1244,-17.5185,0.2,0.0,0.0,0.0,0.5156,-0.2777,-0.8611,1.0414,-0.0683,1,1,2,0.874,0.512,0.488,0,0,0.0,4,SETTLE_PHASE,0.2983,-0.1911,-0.6137,0.3404
2148,60.449,35.5166,-17.1819,1.3977,0.2957,-0.1891,-0.097,1.298,0.695,1.385,36.1244,-17.5185,0.2,0.0,0.0,0.0,0.5163,-0.2777,-0.8611,1.0417,-0.094,1,1,2,0.873,0.511,0.489,0,0,0.0,4,SETTLE_PHASE,0.2957,-0.1891,-0.6078,0.3366
2149,60.462,35.5225,-17.1856,1.3957,0.2941,-0.1862,-0.097,1.296,0.688,1.379,36.1244,-17.5185,0.2,0.0,0.0,0.0,0.5166,-0.278,-0.8611,1.0419,-0.0718,1,1,2,0.874,0.512,0.488,0,0,0.0,4,SETTLE_PHASE,0.2941,-0.1862,-0.6019,0.3329
2150,60.474,35.5283,-17.1893,1.3938,0.2909,-0.1843,-0.0971,1.294,0.681,1.374,36.1244,-17.5185,0.2,0.0,0.0,0.0,0.5175,-0.2781,-0.861,1.0423,-0.0979,1,1,2,0.873,0.512,0.488,0,0,0.0,4,SETTLE_PHASE,0.2909,-0.1843,-0.5961,0.3292
2151,60.486,35.5341,-17.1929,1.3918,0.2889,-0.1815,-0.0971,1.292,0.674,1.369,36.1244,-17.5185,0.2,0.0,0.0,0.0,0.518,-0.2784,-0.861,1.0427,-0.0758,1,1,2,0.874,0.512,0.488,0,0,0.0,4,SETTLE_PHASE,0.2889,-0.1815,-0.5903,0.3256
2152,60.499,35.5398,-17.1965,1.3899,0.2851,-0.18,-0.0971,1.29,0.667,1.364,36.1244,-17.5185,0.2,0.0,0.0,0.0,0.5191,-0.2783,-0.8609,1.0431,-0.0968,1,1,2,0.873,0.512,0.488,0,0,0.0,4,SETTLE_PHASE,0.2851,-0.18,-0.5846,0.322
2153,60.513,35.5455,-17.2001,1.388,0.2826,-0.178,-0.0971,1.288,0.661,1.359,36.1244,-17.5185,0.2,0.0,0.0,0.0,0.5198,-0.2784,-0.8609,1.0435,-0.0747,1,1,2,0.874,0.512,0.488,0,0,0.0,4,SETTLE_PHASE,0.2826,-0.178,-0.5789,0.3184
2154,60.525,35.551,-17.2036,1.386,0.2783,-0.177,-0.0973,1.286,0.654,1.354,36.1244,-17.5185,0.2,0.0,0.0,0.0,0.5211,-0.2781,-0.8607,1.0439,-0.1019,1,1,2,0.874,0.511,0.489,0,0,0.0,4,SETTLE_PHASE,0.2783,-0.177,-0.5734,0.3149
2155,60.538,35.5565,-17.2071,1.3841,0.275,-0.1753,-0.0972,1.284,0.648,1.35,36.1244,-17.5185,0.2,0.0,0.0,0.0,0.5221,-0.2781,-0.8607,1.0444,-0.0798,1,1,2,0.876,0.513,0.487,0,0,0.0,4,SETTLE_PHASE,0.275,-0.1753,-0.5679,0.3114
2156,60.55,35.562,-17.2106,1.3821,0.2708,-0.1749,-0.0979,1.282,0.641,1.345,36.1244,-17.5185,0.2,0.0,0.0,0.0,0.5234,-0.2776,-0.8595,1.0439,-0.0906,1,1,2,0.875,0.511,0.489,0,0,0.0,4,SETTLE_PHASE,0.2708,-0.1749,-0.5624,0.3079
2157,60.562,35.5673,-17.2141,1.3802,0.2686,-0.1741,-0.0976,1.28,0.635,1.34,36.1244,-17.5185,0.2,0.0,0.0,0.0,0.5241,-0.2772,-0.8601,1.0446,-0.065,1,1,2,0.877,0.514,0.486,0,0,0.0,4,SETTLE_PHASE,0.2686,-0.1741,-0.5571,0.3044
2158,60.574,35.5726,-17.2176,1.3782,0.2654,-0.1738,-0.0974,1.278,0.628,1.335,36.1244,-17.5185,0.2,0.0,0.0,0.0,0.5252,-0.2766,-0.8605,1.0453,-0.087,1,1,2,0.876,0.513,0.487,0,0,0.0,4,SETTLE_PHASE,0.2654,-0.1738,-0.5518,0.3009
2159,60.586,35.5779,-17.2211,1.3763,0.2642,-0.1724,-0.0975,1.276,0.622,1.331,36.1244,-17.5185,0.2,0.0,0.0,0.0,0.5255,-0.2764,-0.8602,1.0452,-0.0627,1,1,2,0.877,0.515,0.485,0,0,0.0,4,SETTLE_PHASE,0.2642,-0.1724,-0.5465,0.2975
2160,60.6,35.5832,-17.2245,1.3743,0.2616,-0.1716,-0.0973,1.274,0.616,1.326,36.1244,-17.5185,0.2,0.0,0.0,0.0,0.5264,-0.2759,-0.8606,1.0459,-0.0856,1,1,2,0.876,0.514,0.486,0,0,0.0,4,SETTLE_PHASE,0.2616,-0.1716,-0.5413,0.294
2161,60.613,35.5884,-17.2279,1.3724,0.2607,-0.1699,-0.0972,1.272,0.61,1.321,36.1244,-17.5185,0.2,0.0,0.0,0.0,0.5267,-0.2758,-0.8608,1.0461,-0.062,1,1,2,0.877,0.515,0.485,0,0,0.0,4,SETTLE_PHASE,0.2607,-0.1699,-0.536,0.2906
2162,60.624,35.5935,-17.2313,1.3704,0.2582,-0.1689,-0.0971,1.27,0.604,1.317,36.1244,-17.5185,0.2,0.0,0.0,0.0,0.5275,-0.2754,-0.861,1.0466,-0.0847,1,1,2,0.876,0.514,0.486,0,0,0.0,4,SETTLE_PHASE,0.2582,-0.1689,-0.5309,0.2872
2163,60.636,35.5987,-17.2346,1.3685,0.2568,-0.1671,-0.0973,1.038,0.597,1.312,36.1244,-17.5185,0.2,0.0,0.0,0.0,0.528,-0.2754,-0.8606,1.0465,-0.0621,1,1,2,0.877,0.515,0.485,0,0,0.0,4,SETTLE_PHASE,0.2568,-0.1671,-0.5257,0.2839
2164,60.649,35.6037,-17.2379,1.3665,0.2534,-0.1663,-0.0974,1.037,0.591,1.308,36.1244,-17.5185,0.2,0.0,0.0,0.0,0.5292,-0.2749,-0.8604,1.0469,-0.0821,1,1,2,0.877,0.515,0.485,0,0,0.0,4,SETTLE_PHASE,0.2534,-0.1663,-0.5207,0.2806
2165,60.661,35.6088,-17.2412,1.3646,0.2509,-0.1647,-0.0973,1.035,0.585,1.303,36.1244,-17.5185,0.2,0.0,0.0,0.0,0.5301,-0.2748,-0.8606,1.0475,-0.0601,1,1,2,0.878,0.515,0.485,0,0,0.0,4,SETTLE_PHASE,0.2509,-0.1647,-0.5157,0.2773
2166,60.673,35.6137,-17.2445,1.3626,0.2476,-0.1639,-0.0972,1.033,0.58,1.299,36.1244,-17.5185,0.2,0.0,0.0,0.0,0.5313,-0.2743,-0.8608,1.0481,-0.0836,1,1,2,0.878,0.516,0.484,0,0,0.0,4,SETTLE_PHASE,0.2476,-0.1639,-0.5107,0.274
2167,60.685,35.6186,-17.2477,1.3607,0.2463,-0.1623,-0.0971,1.031,0.574,1.295,36.1244,-17.5185,0.2,0.0,0.0,0.0,0.5317,-0.2741,-0.8609,1.0484,-0.0615,1,1,2,0.879,0.516,0.484,0,0,0.0,4,SETTLE_PHASE,0.2463,-0.1623,-0.5058,0.2708
2168,60.698,35.6235,-17.251,1.3588,0.2439,-0.1616,-0.097,1.029,0.568,1.29,36.1244,-17.5185,0.2,0.0,0.0,0.0,0.5326,-0.2736,-0.8611,1.0488,-0.0852,1,1,2,0.878,0.514,0.486,0,0,0.0,4,SETTLE_PHASE,0.2439,-0.1616,-0.5009,0.2675
2169,60.711,35.6284,-17.2542,1.3568,0.2431,-0.1603,-0.097,1.027,0.562,1.286,36.1244,-17.5185,0.2,0.0,0.0,0.0,0.533,-0.2733,-0.8611,1.0489,-0.0631,1,1,2,0.879,0.517,0.483,0,0,0.0,4,SETTLE_PHASE,0.2431,-0.1603,-0.496,0.2643
2170,60.724,35.6332,-17.2574,1.3549,0.2407,-0.1601,-0.0971,1.025,0.556,1.282,36.1244,-17.5185,0.2,0.0,0.0,0.0,0.5298,-0.2704,-0.8609,1.0464,-0.0729,1,1,2,0.878,0.516,0.484,0,0,0.0,4,SETTLE_PHASE,0.2407,-0.1601,-0.4912,0.2611
2171,60.737,35.638,-17.2606,1.3529,0.2397,-0.1593,-0.0977,1.023,0.551,1.278,36.1244,-17.5185,0.2,0.0,0.0,0.0,0.5239,-0.2665,-0.8599,1.0417,-0.0531,1,1,2,0.879,0.517,0.483,0,0,0.0,4,SETTLE_PHASE,0.2397,-0.1593,-0.4864,0.2579
2172,60.75,35.6427,-17.2637,1.351,0.237,-0.1586,-0.0974,1.021,0.545,1.273,36.1244,-17.5185,0.2,0.0,0.0,0.0,0.5187,-0.2626,-0.8604,1.0385,-0.0808,1,1,2,0.878,0.515,0.485,0,0,0.0,4,SETTLE_PHASE,0.237,-0.1586,-0.4817,0.2548
2173,60.762,35.6474,-17.2669,1.349,0.2358,-0.1562,-0.0972,1.019,0.539,1.269,36.1244,-17.5185,0.2,0.0,0.0,0.0,0.513,-0.2594,-0.8607,1.035,-0.0614,1,1,2,0.879,0.515,0.485,0,0,0.0,4,SETTLE_PHASE,0.2358,-0.1562,-0.477,0.2516
2174,60.774,35.6521,-17.27,1.3471,0.2327,-0.1541,-0.0975,1.017,0.534,1.265,36.1244,-17.5185,0.2,0.0,0.0,0.0,0.508,-0.2561,-0.8602,1.0313,-0.0915,1,1,2,0.878,0.514,0.486,0,0,0.0,4,SETTLE_PHASE,0.2327,-0.1541,-0.4723,0.2486
2175,60.788,35.6567,-17.273,1.3451,0.2306,-0.1505,-0.0973,1.015,0.528,1.261,36.1244,-17.5185,0.2,0.0,0.0,0.0,0.5028,-0.2535,-0.8605,1.0284,-0.0705,1,1,2,0.88,0.515,0.485,0,0,0.0,4,SETTLE_PHASE,0.2306,-0.1505,-0.4677,0.2455
2176,60.8,35.6613,-17.2759,1.3432,0.2276,-0.1476,-0.0978,1.013,0.523,1.257,36.1244,-17.5185,0.2,0.0,0.0,0.0,0.498,-0.2507,-0.8597,1.0247,-0.0917,1,1,2,0.879,0.513,0.487,0,0,0.0,4,SETTLE_PHASE,0.2276,-0.1476,-0.4632,0.2426
2177,60.813,35.6658,-17.2788,1.3412,0.2263,-0.1435,-0.0975,1.011,0.518,1.253,36.1244,-17.5185,0.2,0.0,0.0,0.0,0.4925,-0.2484,-0.8602,1.0219,-0.0647,1,1,2,0.881,0.519,0.481,0,0,0.0,4,SETTLE_PHASE,0.2263,-0.1435,-0.4586,0.2397
2178,60.825,35.6703,-17.2816,1.3393,0.2239,-0.1401,-0.0973,1.009,0.512,1.249,36.1244,-17.5185,0.2,0.0,0.0,0.0,0.4876,-0.246,-0.8606,1.0192,-0.0866,1,1,2,0.88,0.516,0.484,0,0,0.0,4,SETTLE_PHASE,0.2239,-0.1401,-0.4542,0.2369
2179,60.837,35.6747,-17.2843,1.3373,0.2232,-0.1357,-0.0976,1.007,0.507,1.245,36.1244,-17.5185,0.2,0.0,0.0,0.0,0.482,-0.2441,-0.8602,1.0158,-0.0613,1,1,2,0.881,0.519,0.481,0,0,0.0,4,SETTLE_PHASE,0.2232,-0.1357,-0.4497,0.2342
2180,60.85,35.6791,-17.2869,1.3354,0.221,-0.1321,-0.0974,1.005,0.502,1.241,36.1244,-17.5185,0.2,0.0,0.0,0.0,0.4771,-0.2419,-0.8605,1.0132,-0.0843,1,1,2,0.88,0.517,0.483,0,0,0.0,4,SETTLE_PHASE,0.221,-0.1321,-0.4453,0.2316
2181,60.862,35.6835,-17.2895,1.3334,0.2201,-0.1277,-0.0973,1.003,0.497,1.238,36.1244,-17.5185,0.2,0.0,0.0,0.0,0.4717,-0.2402,-0.8605,1.0103,-0.0602,1,1,2,0.88,0.516,0.484,0,0,0.0,4,SETTLE_PHASE,0.2201,-0.1277,-0.4409,0.229
2182,60.876,35.6879,-17.292,1.3315,0.2175,-0.1242,-0.0973,1.001,0.492,1.234,36.1244,-17.5185,0.2,0.0,0.0,0.0,0.467,-0.2382,-0.8606,1.0077,-0.0848,1,1,2,0.88,0.516,0.484,0,0,0.0,4,SETTLE_PHASE,0.2175,-0.1242,-0.4365,0.2265
2183,60.89,35.6922,-17.2944,1.3295,0.2158,-0.12,-0.0973,1.0,0.487,1.23,36.1244,-17.5185,0.2,0.0,0.0,0.0,0.4621,-0.2367,-0.8605,1.005,-0.0616,1,1,2,0.881,0.517,0.483,0,0,0.0,4,SETTLE_PHASE,0.2158,-0.12,-0.4322,0.2241
2184,60.905,35.6965,-17.2967,1.3276,0.2125,-0.1171,-0.0972,0.998,0.482,1.226,36.1244,-17.5185,0.2,0.0,0.0,0.0,0.4577,-0.2347,-0.8607,1.0027,-0.0846,1,1,2,0.88,0.517,0.483,0,0,0.0,4,SETTLE_PHASE,0.2125,-0.1171,-0.428,0.2218
2185,60.917,35.7007,-17.299,1.3257,0.2106,-0.1137,-0.0972,0.985,0.477,1.223,36.1244,-17.5185,0.2,0.0,0.0,0.0,0.453,-0.233,-0.8607,1.0002,-0.062,1,1,2,0.881,0.517,0.483,0,0,0.0,4,SETTLE_PHASE,0.2106,-0.1137,-0.4237,0.2195
2186,60.93,35.7048,-17.3012,1.3237,0.2067,-0.1117,-0.0973,0.983,0.473,1.219,36.1244,-17.5185,0.2,0.0,0.0,0.0,0.4491,-0.2308,-0.8605,0.9977,-0.0862,1,1,2,0.88,0.518,0.482,0,0,0.0,4,SETTLE_PHASE,0.2067,-0.1117,-0.4196,0.2173
2187,60.942,35.7089,-17.3034,1.3218,0.2038,-0.1094,-0.0973,0.981,0.468,1.215,36.1244,-17.5185,0.2,0.0,0.0,0.0,0.4449,-0.2288,-0.8606,0.9955,-0.0641,1,1,2,0.882,0.518,0.482,0,0,0.0,4,SETTLE_PHASE,0.2038,-0.1094,-0.4155,0.2151
2188,60.955,35.7129,-17.3056,1.3198,0.1997,-0.1088,-0.0973,0.979,0.463,1.212,36.1244,-17.5185,0.2,0.0,0.0,0.0,0.4412,-0.2263,-0.8606,0.9932,-0.0756,1,1,2,0.881,0.516,0.484,0,0,0.0,4,SETTLE_PHASE,0.1997,-0.1088,-0.4115,0.2129
2189,60.968,35.7168,-17.3078,1.3179,0.1973,-0.1081,-0.0979,0.977,0.459,1.208,36.1244,-17.5185,0.2,0.0,0.0,0.0,0.437,-0.2237,-0.8596,0.9899,-0.0572,1,1,2,0.883,0.519,0.481,0,0,0.0,4,SETTLE_PHASE,0.1973,-0.1081,-0.4076,0.2107
2190,60.98,35.7207,-17.3099,1.3159,0.1938,-0.1083,-0.0979,0.975,0.454,1.205,36.1244,-17.5185,0.2,0.0,0.0,0.0,0.4333,-0.2208,-0.8595,0.9876,-0.0846,1,1,2,0.882,0.518,0.482,0,0,0.0,4,SETTLE_PHASE,0.1938,-0.1083,-0.4037,0.2086
2191,60.993,35.7245,-17.3121,1.3139,0.1921,-0.1076,-0.0976,0.973,0.45,1.201,36.1244,-17.5185,0.2,0.0,0.0,0.0,0.429,-0.2183,-0.8601,0.9856,-0.0658,1,1,2,0.883,0.52,0.48,0,0,0.0,4,SETTLE_PHASE,0.1921,-0.1076,-0.3999,0.2064
2192,61.006,35.7283,-17.3142,1.312,0.1891,-0.1078,-0.098,0.971,0.446,1.198,36.1244,-17.5185,0.2,0.0,0.0,0.0,0.4252,-0.2155,-0.8593,0.9827,-0.0906,1,1,2,0.883,0.516,0.484,0,0,0.0,4,SETTLE_PHASE,0.1891,-0.1078,-0.3961,0.2043
2193,61.018,35.7321,-17.3164,1.31,0.1877,-0.1072,-0.0977,0.97,0.441,1.195,36.1244,-17.5185,0.2,0.0,0.0,0.0,0.4209,-0.2129,-0.86,0.9808,-0.0679,1,1,2,0.884,0.518,0.482,0,0,0.0,4,SETTLE_PHASE,0.1877,-0.1072,-0.3923,0.2021
2194,61.03,35.7358,-17.3185,1.3081,0.1847,-0.1076,-0.0974,0.968,0.437,1.191,36.1244,-17.5185,0.2,0.0,0.0,0.0,0.4172,-0.21,-0.8604,0.979,-0.0935,1,1,2,0.883,0.516,0.484,0,0,0.0,4,SETTLE_PHASE,0.1847,-0.1076,-0.3886,0.2
2195,61.042,35.7394,-17.3207,1.3061,0.183,-0.1073,-0.0973,0.966,0.433,1.188,36.1244,-17.5185,0.2,0.0,0.0,0.0,0.4131,-0.2073,-0.8606,0.9768,-0.0708,1,1,2,0.883,0.517,0.483,0,0,0.0,4,SETTLE_PHASE,0.183,-0.1073,-0.385,0.1978
2196,61.054,35.743,-17.3228,1.3042,0.1795,-0.1082,-0.0975,0.964,0.429,1.184,36.1244,-17.5185,0.2,0.0,0.0,0.0,0.4098,-0.2042,-0.8602,0.9745,-0.0883,1,1,2,0.883,0.517,0.483,0,0,0.0,4,SETTLE_PHASE,0.1795,-0.1082,-0.3814,0.1957
2197,61.066,35.7466,-17.325,1.3022,0.1768,-0.1085,-0.0974,0.962,0.425,1.181,36.1244,-17.5185,0.2,0.0,0.0,0.0,0.4063,-0.2013,-0.8605,0.9726,-0.0657,1,1,2,0.885,0.521,0.479,0,0,0.0,4,SETTLE_PHASE,0.1768,-0.1085,-0.3779,0.1935
2198,61.08,35.75,-17.3272,1.3003,0.1736,-0.1096,-0.0973,0.96,0.42,1.178,36.1244,-17.5185,0.2,0.0,0.0,0.0,0.403,-0.1981,-0.8607,0.9708,-0.0916,1,1,2,0.885,0.52,0.48,0,0,0.0,4,SETTLE_PHASE,0.1736,-0.1096,-0.3744,0.1913
2199,61.093,35.7535,-17.3294,1.2983,0.1726,-0.1095,-0.0972,0.958,0.416,1.175,36.1244,-17.5185,0.2,0.0,0.0,0.0,0.3989,-0.1953,-0.8608,0.9686,-0.0686,1,1,2,0.886,0.523,0.477,0,0,0.0,4,SETTLE_PHASE,0.1726,-0.1095,-0.3709,0.1891
2200,61.105,35.7569,-17.3316,1.2964,0.1707,-0.1103,-0.0971,0.956,0.412,1.171,36.1244,-17.5185,0.2,0.0,0.0,0.0,0.3953,-0.1922,-0.8609,0.9666,-0.0951,1,1,2,0.886,0.52,0.48,0,0,0.0,4,SETTLE_PHASE,0.1707,-0.1103,-0.3675,0.1869
2201,61.118,35.7603,-17.3338,1.2945,0.1707,-0.1102,-0.0971,0.954,0.408,1.168,36.1244,-17.5185,0.2,0.0,0.0,0.0,0.3909,-0.1894,-0.861,0.9643,-0.0718,1,1,2,0.887,0.523,0.477,0,0,0.0,4,SETTLE_PHASE,0.1707,-0.1102,-0.3641,0.1847
2202,61.13,35.7637,-17.336,1.2925,0.1693,-0.1111,-0.0977,0.952,0.404,1.165,36.1244,-17.5185,0.2,0.0,0.0,0.0,0.387,-0.1862,-0.86,0.9612,-0.0937,1,1,2,0.886,0.521,0.479,0,0,0.0,4,SETTLE_PHASE,0.1693,-0.1111,-0.3607,0.1825
2203,61.143,35.7671,-17.3383,1.2906,0.1695,-0.1113,-0.0974,0.95,0.4,1.162,36.1244,-17.5185,0.2,0.0,0.0,0.0,0.3826,-0.1832,-0.8604,0.9593,-0.0674,1,1,2,0.887,0.524,0.476,0,0,0.0,4,SETTLE_PHASE,0.1695,-0.1113,-0.3573,0.1802
2204,61.155,35.7704,-17.3405,1.2886,0.1681,-0.1125,-0.0974,0.948,0.396,1.158,36.1244,-17.5185,0.2,0.0,0.0,0.0,0.3788,-0.1799,-0.8605,0.9572,-0.0823,1,1,2,0.886,0.521,0.479,0,0,0.0,4,SETTLE_PHASE,0.1681,-0.1125,-0.354,0.178
2205,61.167,35.7738,-17.3428,1.2867,0.1679,-0.113,-0.0972,0.946,0.392,1.155,36.1244,-17.5185,0.2,0.0,0.0,0.0,0.3746,-0.1768,-0.8607,0.9552,-0.0565,1,1,2,0.887,0.523,0.477,0,0,0.0,4,SETTLE_PHASE,0.1679,-0.113,-0.3506,0.1757
2206,61.179,35.7771,-17.345,1.2847,0.1661,-0.114,-0.0971,0.944,0.388,1.152,36.1244,-17.5185,0.2,0.0,0.0,0.0,0.371,-0.1735,-0.8609,0.9533,-0.0796,1,1,2,0.885,0.52,0.48,0,0,0.0,4,SETTLE_PHASE,0.1661,-0.114,-0.3473,0.1735
2207,61.191,35.7804,-17.3473,1.2828,0.1653,-0.1136,-0.0973,0.942,0.384,1.149,36.1244,-17.5185,0.2,0.0,0.0,0.0,0.367,-0.1707,-0.8606,0.951,-0.0549,1,1,2,0.886,0.522,0.478,0,0,0.0,4,SETTLE_PHASE,0.1653,-0.1136,-0.344,0.1712
2208,61.203,35.7837,-17.3496,1.2808,0.1624,-0.1139,-0.0974,0.94,0.38,1.146,36.1244,-17.5185,0.2,0.0,0.0,0.0,0.3639,-0.1677,-0.8605,0.9492,-0.0826,1,1,2,0.886,0.521,0.479,0,0,0.0,4,SETTLE_PHASE,0.1624,-0.1139,-0.3407,0.1689
2209,61.215,35.7869,-17.3519,1.2789,0.1603,-0.1131,-0.0973,0.938,0.376,1.143,36.1244,-17.5185,0.2,0.0,0.0,0.0,0.3606,-0.1651,-0.8607,0.9476,-0.0586,1,1,2,0.888,0.525,0.475,0,0,0.0,4,SETTLE_PHASE,0.1603,-0.1131,-0.3375,0.1666
2210,61.227,35.79,-17.3541,1.2769,0.1576,-0.1134,-0.0972,0.936,0.373,1.14,36.1244,-17.5185,0.2,0.0,0.0,0.0,0.3576,-0.162,-0.8607,0.946,-0.0741,1,1,2,0.888,0.524,0.476,0,0,0.0,4,SETTLE_PHASE,0.1576,-0.1134,-0.3344,0.1644
2211,61.238,35.7932,-17.3564,1.275,0.1571,-0.1131,-0.0978,0.934,0.369,1.136,36.1244,-17.5185,0.2,0.0,0.0,0.0,0.3538,-0.1593,-0.8598,0.9433,-0.0523,1,1,2,0.889,0.526,0.474,0,0,0.0,4,SETTLE_PHASE,0.1571,-0.1131,-0.3312,0.1621
2212,61.25,35.7963,-17.3587,1.273,0.1557,-0.1134,-0.0974,0.933,0.365,1.133,36.1244,-17.5185,0.2,0.0,0.0,0.0,0.3503,-0.1562,-0.8603,0.942,-0.0789,1,1,2,0.889,0.525,0.475,0,0,0.0,4,SETTLE_PHASE,0.1557,-0.1134,-0.3281,0.1598
2213,61.262,35.7994,-17.3609,1.2711,0.1565,-0.1126,-0.0973,0.931,0.361,1.13,36.1244,-17.5185,0.2,0.0,0.0,0.0,0.346,-0.1536,-0.8607,0.9402,-0.0574,1,1,2,0.89,0.527,0.473,0,0,0.0,4,SETTLE_PHASE,0.1565,-0.1126,-0.325,0.1576
2214,61.274,35.8025,-17.3632,1.2692,0.1562,-0.1125,-0.0971,0.929,0.357,1.127,36.1244,-17.5185,0.2,0.0,0.0,0.0,0.3421,-0.1508,-0.8609,0.9386,-0.085,1,1,2,0.889,0.526,0.474,0,0,0.0,4,SETTLE_PHASE,0.1562,-0.1125,-0.3219,0.1553
2215,61.285,35.8057,-17.3654,1.2672,0.1576,-0.1114,-0.0971,0.927,0.354,1.124,36.1244,-17.5185,0.2,0.0,0.0,0.0,0.3375,-0.1483,-0.861,0.9366,-0.063,1,1,2,0.89,0.528,0.472,0,0,0.0,4,SETTLE_PHASE,0.1576,-0.1114,-0.3187,0.1531
2216,61.296,35.8088,-17.3676,1.2653,0.1576,-0.1113,-0.0975,0.925,0.35,1.121,36.1244,-17.5185,0.2,0.0,0.0,0.0,0.3334,-0.1455,-0.8603,0.934,-0.0865,1,1,2,0.889,0.527,0.473,0,0,0.0,4,SETTLE_PHASE,0.1576,-0.1113,-0.3156,0.1509
2217,61.308,35.812,-17.3698,1.2633,0.1589,-0.1102,-0.0973,0.923,0.346,1.118,36.1244,-17.5185,0.2,0.0,0.0,0.0,0.3288,-0.1431,-0.8606,0.9323,-0.0623,1,1,2,0.89,0.528,0.472,0,0,0.0,4,SETTLE_PHASE,0.1589,-0.1102,-0.3124,0.1487
2218,61.32,35.8152,-17.372,1.2614,0.1586,-0.1101,-0.0972,0.921,0.342,1.115,36.1244,-17.5185,0.2,0.0,0.0,0.0,0.3249,-0.1404,-0.8608,0.9307,-0.0864,1,1,2,0.889,0.525,0.475,0,0,0.0,4,SETTLE_PHASE,0.1586,-0.1101,-0.3092,0.1465
2219,61.334,35.8184,-17.3742,1.2594,0.1593,-0.109,-0.0971,0.919,0.338,1.112,36.1244,-17.5185,0.2,0.0,0.0,0.0,0.3206,-0.138,-0.8609,0.929,-0.0622,1,1,2,0.89,0.527,0.473,0,0,0.0,4,SETTLE_PHASE,0.1593,-0.109,-0.306,0.1443
2220,61.348,35.8215,-17.3764,1.2575,0.158,-0.1087,-0.0971,0.917,0.335,1.109,36.1244,-17.5185,0.2,0.0,0.0,0.0,0.317,-0.1353,-0.861,0.9274,-0.0838,1,1,2,0.888,0.521,0.479,0,0,0.0,4,SETTLE_PHASE,0.158,-0.1087,-0.3029,0.1421
2221,61.36,35.8247,-17.3785,1.2555,0.1574,-0.1075,-0.097,0.915,0.331,1.106,36.1244,-17.5185,0.2,0.0,0.0,0.0,0.3132,-0.133,-0.8611,0.9259,-0.0598,1,1,2,0.889,0.524,0.476,0,0,0.0,4,SETTLE_PHASE,0.1574,-0.1075,-0.2997,0.14
2222,61.372,35.8278,-17.3807,1.2536,0.1546,-0.1069,-0.0971,0.913,0.327,1.103,36.1244,-17.5185,0.2,0.0,0.0,0.0,0.3103,-0.1305,-0.8609,0.9244,-0.0898,1,1,2,0.888,0.52,0.48,0,0,0.0,4,SETTLE_PHASE,0.1546,-0.1069,-0.2966,0.1378
2223,61.384,35.8308,-17.3828,1.2517,0.1522,-0.105,-0.0971,0.911,0.323,1.1,36.1244,-17.5185,0.2,0.0,0.0,0.0,0.3074,-0.1285,-0.861,0.9232,-0.066,1,1,2,0.89,0.523,0.477,0,0,0.0,4,SETTLE_PHASE,0.1522,-0.105,-0.2936,0.1357
2224,61.398,35.8338,-17.3848,1.2497,0.149,-0.1042,-0.0977,0.909,0.32,1.097,36.1244,-17.5185,0.2,0.0,0.0,0.0,0.3048,-0.1262,-0.86,0.9211,-0.0858,1,1,2,0.889,0.522,0.478,0,0,0.0,4,SETTLE_PHASE,0.149,-0.1042,-0.2906,0.1337
2225,61.41,35.8368,-17.3869,1.2478,0.1477,-0.1027,-0.0974,0.907,0.316,1.094,36.1244,-17.5185,0.2,0.0,0.0,0.0,0.3015,-0.1241,-0.8604,0.9201,-0.0589,1,1,2,0.891,0.528,0.472,0,0,0.0,4,SETTLE_PHASE,0.1477,-0.1027,-0.2876,0.1316
2226,61.421,35.8397,-17.3889,1.2458,0.1454,-0.102,-0.0972,0.905,0.313,1.092,36.1244,-17.5185,0.2,0.0,0.0,0.0,0.2987,-0.1218,-0.8608,0.9192,-0.0829,1,1,2,0.89,0.527,0.473,0,0,0.0,4,SETTLE_PHASE,0.1454,-0.102,-0.2847,0.1296
2227,61.436,35.8426,-17.3909,1.2439,0.1447,-0.1004,-0.0971,0.903,0.309,1.089,36.1244,-17.5185,0.2,0.0,0.0,0.0,0.2952,-0.1199,-0.8609,0.918,-0.0564,1,1,2,0.891,0.528,0.472,0,0,0.0,4,SETTLE_PHASE,0.1447,-0.1004,-0.2818,0.1276
2228,61.449,35.8454,-17.3929,1.2419,0.1427,-0.0998,-0.0971,0.901,0.306,1.086,36.1244,-17.5185,0.2,0.0,0.0,0.0,0.2924,-0.1176,-0.8609,0.9168,-0.0713,1,1,2,0.89,0.526,0.474,0,0,0.0,4,SETTLE_PHASE,0.1427,-0.0998,-0.279,0.1256
2229,61.461,35.8483,-17.3949,1.24,0.142,-0.0984,-0.0974,0.899,0.303,1.083,36.1244,-17.5185,0.2,0.0,0.0,0.0,0.289,-0.1156,-0.8604,0.9149,-0.0464,1,1,2,0.891,0.526,0.474,0,0,0.0,4,SETTLE_PHASE,0.142,-0.0984,-0.2762,0.1236
2230,61.473,35.851,-17.3969,1.238,0.1396,-0.0975,-0.0972,0.898,0.299,1.08,36.1244,-17.5185,0.2,0.0,0.0,0.0,0.2864,-0.1134,-0.8607,0.9142,-0.0715,1,1,2,0.89,0.524,0.476,0,0,0.0,4,SETTLE_PHASE,0.1396,-0.0975,-0.2734,0.1216
2231,61.486,35.8538,-17.3988,1.2361,0.1385,-0.0953,-0.0971,0.896,0.296,1.078,36.1244,-17.5185,0.2,0.0,0.0,0.0,0.2833,-0.1119,-0.8609,0.9132,-0.0473,1,1,2,0.89,0.525,0.475,0,0,0.0,4,SETTLE_PHASE,0.1385,-0.0953,-0.2706,0.1197
2232,61.5,35.8565,-17.4006,1.2342,0.1355,-0.0937,-0.0971,0.894,0.293,1.075,36.1244,-17.5185,0.2,0.0,0.0,0.0,0.281,-0.1101,-0.8609,0.9122,-0.0743,1,1,2,0.89,0.523,0.477,0,0,0.0,4,SETTLE_PHASE,0.1355,-0.0937,-0.2679,0.1179
2233,61.513,35.8592,-17.4025,1.2322,0.1333,-0.0909,-0.0971,0.892,0.289,1.072,36.1244,-17.5185,0.2,0.0,0.0,0.0,0.2785,-0.1089,-0.861,0.9114,-0.0503,1,1,2,0.891,0.525,0.475,0,0,0.0,4,SETTLE_PHASE,0.1333,-0.0909,-0.2652,0.116
2234,61.525,35.8618,-17.4042,1.2303,0.1297,-0.0891,-0.097,0.89,0.286,1.069,36.1244,-17.5185,0.2,0.0,0.0,0.0,0.2766,-0.1073,-0.861,0.9107,-0.0755,1,1,2,0.89,0.523,0.477,0,0,0.0,4,SETTLE_PHASE,0.1297,-0.0891,-0.2626,0.1143
2235,61.537,35.8643,-17.406,1.2283,0.1275,-0.0864,-0.097,0.888,0.283,1.067,36.1244,-17.5185,0.2,0.0,0.0,0.0,0.2742,-0.1062,-0.861,0.9099,-0.0517,1,1,2,0.891,0.524,0.476,0,0,0.0,4,SETTLE_PHASE,0.1275,-0.0864,-0.2601,0.1125
2236,61.549,35.8668,-17.4077,1.2264,0.1234,-0.0848,-0.0972,0.886,0.28,1.064,36.1244,-17.5185,0.2,0.0,0.0,0.0,0.2727,-0.1046,-0.8607,0.9089,-0.0704,1,1,2,0.89,0.524,0.476,0,0,0.0,4,SETTLE_PHASE,0.1234,-0.0848,-0.2576,0.1108
2237,61.56,35.8692,-17.4093,1.2244,0.1203,-0.0826,-0.0972,0.884,0.278,1.061,36.1244,-17.5185,0.2,0.0,0.0,0.0,0.2709,-0.1034,-0.8608,0.9083,-0.0468,1,1,2,0.892,0.526,0.474,0,0,0.0,4,SETTLE_PHASE,0.1203,-0.0826,-0.2552,0.1092
2238,61.572,35.8715,-17.4109,1.2225,0.1163,-0.0811,-0.0971,0.882,0.275,1.059,36.1244,-17.5185,0.2,0.0,0.0,0.0,0.2695,-0.102,-0.8609,0.9078,-0.0722,1,1,2,0.891,0.526,0.474,0,0,0.0,4,SETTLE_PHASE,0.1163,-0.0811,-0.2529,0.1076
2239,61.583,35.8738,-17.4125,1.2206,0.1139,-0.0785,-0.0971,0.88,0.272,1.056,36.1244,-17.5185,0.2,0.0,0.0,0.0,0.2675,-0.101,-0.8609,0.9071,-0.0485,1,1,2,0.892,0.527,0.473,0,0,0.0,4,SETTLE_PHASE,0.1139,-0.0785,-0.2506,0.106
2240,61.595,35.876,-17.414,1.2186,0.1103,-0.0769,-0.0971,0.878,0.269,1.054,36.1244,-17.5185,0.2,0.0,0.0,0.0,0.2662,-0.0997,-0.8609,0.9066,-0.0743,1,1,2,0.891,0.526,0.474,0,0,0.0,4,SETTLE_PHASE,0.1103,-0.0769,-0.2484,0.1045
2241,61.607,35.8782,-17.4155,1.2167,0.108,-0.0743,-0.0971,0.876,0.267,1.051,36.1244,-17.5185,0.2,0.0,0.0,0.0,0.2644,-0.0988,-0.8609,0.906,-0.0506,1,1,2,0.892,0.526,0.474,0,0,0.0,4,SETTLE_PHASE,0.108,-0.0743,-0.2462,0.103
2242,61.619,35.8803,-17.417,1.2147,0.1039,-0.0729,-0.0973,0.874,0.264,1.049,36.1244,-17.5185,0.2,0.0,0.0,0.0,0.2634,-0.0976,-0.8605,0.9052,-0.0779,1,1,2,0.892,0.527,0.473,0,0,0.0,4,SETTLE_PHASE,0.1039,-0.0729,-0.2441,0.1015
2243,61.631,35.8823,-17.4184,1.2128,0.1008,-0.0707,-0.0973,0.872,0.262,1.046,36.1244,-17.5185,0.2,0.0,0.0,0.0,0.262,-0.0966,-0.8605,0.9047,-0.0528,1,1,2,0.894,0.531,0.469,0,0,0.0,4,SETTLE_PHASE,0.1008,-0.0707,-0.2421,0.1001
2244,61.644,35.8842,-17.4198,1.2108,0.0977,-0.07,-0.0972,0.87,0.26,1.044,36.1244,-17.5185,0.2,0.0,0.0,0.0,0.2608,-0.0952,-0.8607,0.9044,-0.079,1,1,2,0.894,0.528,0.472,0,0,0.0,4,SETTLE_PHASE,0.0977,-0.07,-0.2402,0.0987
2245,61.657,35.8862,-17.4212,1.2089,0.0967,-0.0686,-0.0972,0.868,0.257,1.041,36.1244,-17.5185,0.2,0.0,0.0,0.0,0.2588,-0.094,-0.8608,0.9038,-0.0549,1,1,2,0.895,0.531,0.469,0,0,0.0,4,SETTLE_PHASE,0.0967,-0.0686,-0.2382,0.0973
2246,61.67,35.8881,-17.4225,1.2069,0.0948,-0.0687,-0.0972,0.866,0.255,1.039,36.1244,-17.5185,0.2,0.0,0.0,0.0,0.2571,-0.0922,-0.8607,0.903,-0.0666,1,1,2,0.895,0.529,0.471,0,0,0.0,4,SETTLE_PHASE,0.0948,-0.0687,-0.2363,0.096
2247,61.682,35.89,-17.4239,1.205,0.0948,-0.0683,-0.0972,0.865,0.253,1.036,36.1244,-17.5185,0.2,0.0,0.0,0.0,0.2547,-0.0906,-0.8608,0.9023,-0.0423,1,1,2,0.896,0.532,0.468,0,0,0.0,4,SETTLE_PHASE,0.0948,-0.0683,-0.2345,0.0946
2248,61.693,35.8918,-17.4253,1.2031,0.0938,-0.0683,-0.0971,0.863,0.251,1.034,36.1244,-17.5185,0.2,0.0,0.0,0.0,0.2528,-0.0889,-0.861,0.9017,-0.0697,1,1,2,0.895,0.53,0.47,0,0,0.0,4,SETTLE_PHASE,0.0938,-0.0683,-0.2326,0.0932
2249,61.705,35.8937,-17.4266,1.2011,0.0945,-0.0669,-0.097,0.861,0.248,1.031,36.1244,-17.5185,0.2,0.0,0.0,0.0,0.2501,-0.0878,-0.8611,0.9009,-0.0451,1,1,2,0.896,0.532,0.468,0,0,0.0,4,SETTLE_PHASE,0.0945,-0.0669,-0.2307,0.0919
2250,61.717,35.8956,-17.4279,1.1992,0.0939,-0.0659,-0.097,0.859,0.246,1.029,36.1244,-17.5185,0.2,0.0,0.0,0.0,0.2479,-0.0865,-0.8612,0.9003,-0.0731,1,1,2,0.895,0.529,0.471,0,0,0.0,4,SETTLE_PHASE,0.0939,-0.0659,-0.2288,0.0906
2251,61.73,35.8975,-17.4292,1.1972,0.0947,-0.0636,-0.097,0.857,0.244,1.027,36.1244,-17.5185,0.2,0.0,0.0,0.0,0.2452,-0.0858,-0.8611,0.8995,-0.0484,1,1,2,0.896,0.532,0.468,0,0,0.0,4,SETTLE_PHASE,0.0947,-0.0636,-0.2269,0.0893
2252,61.742,35.8994,-17.4305,1.1953,0.0938,-0.0621,-0.0971,0.855,0.242,1.024,36.1244,-17.5185,0.2,0.0,0.0,0.0,0.2432,-0.0848,-0.861,0.8987,-0.0782,1,1,2,0.896,0.529,0.471,0,0,0.0,4,SETTLE_PHASE,0.0938,-0.0621,-0.225,0.088
2253,61.754,35.9012,-17.4316,1.1934,0.0939,-0.0594,-0.097,0.853,0.239,1.022,36.1244,-17.5185,0.2,0.0,0.0,0.0,0.2408,-0.0844,-0.861,0.898,-0.0535,1,1,2,0.897,0.531,0.469,0,0,0.0,4,SETTLE_PHASE,0.0939,-0.0594,-0.2232,0.0869
2254,61.765,35.9031,-17.4328,1.1914,0.0928,-0.0577,-0.0974,0.851,0.237,1.019,36.1244,-17.5185,0.2,0.0,0.0,0.0,0.2388,-0.0836,-0.8603,0.8968,-0.0801,1,1,2,0.896,0.529,0.471,0,0,0.0,4,SETTLE_PHASE,0.0928,-0.0577,-0.2213,0.0857
2255,61.777,35.905,-17.4339,1.1895,0.0932,-0.0552,-0.0973,0.849,0.235,1.017,36.1244,-17.5185,0.2,0.0,0.0,0.0,0.2363,-0.0832,-0.8606,0.8963,-0.0536,1,1,2,0.897,0.531,0.469,0,0,0.0,4,SETTLE_PHASE,0.0932,-0.0552,-0.2194,0.0846
2256,61.788,35.9068,-17.435,1.1875,0.0922,-0.0539,-0.0972,0.847,0.233,1.015,36.1244,-17.5185,0.2,0.0,0.0,0.0,0.2344,-0.0824,-0.8608,0.896,-0.0808,1,1,2,0.896,0.528,0.472,0,0,0.0,4,SETTLE_PHASE,0.0922,-0.0539,-0.2176,0.0835
2257,61.801,35.9087,-17.436,1.1856,0.0924,-0.0519,-0.0971,0.845,0.231,1.012,36.1244,-17.5185,0.2,0.0,0.0,0.0,0.232,-0.0819,-0.8609,0.8954,-0.0546,1,1,2,0.897,0.53,0.47,0,0,0.0,4,SETTLE_PHASE,0.0924,-0.0519,-0.2158,0.0825
2258,61.813,35.9105,-17.437,1.1836,0.0908,-0.0512,-0.0973,0.843,0.229,1.01,36.1244,-17.5185,0.2,0.0,0.0,0.0,0.2303,-0.0809,-0.8607,0.8946,-0.0786,1,1,2,0.897,0.529,0.471,0,0,0.0,4,SETTLE_PHASE,0.0908,-0.0512,-0.2139,0.0815
2259,61.825,35.9123,-17.438,1.1817,0.09,-0.0501,-0.0972,0.841,0.227,1.008,36.1244,-17.5185,0.2,0.0,0.0,0.0,0.2284,-0.0801,-0.8608,0.8942,-0.0528,1,1,2,0.898,0.531,0.469,0,0,0.0,4,SETTLE_PHASE,0.09,-0.0501,-0.2121,0.0805
2260,61.836,35.914,-17.439,1.1798,0.0883,-0.0502,-0.0971,0.839,0.225,1.005,36.1244,-17.5185,0.2,0.0,0.0,0.0,0.2268,-0.0788,-0.8609,0.8938,-0.08,1,1,2,0.898,0.53,0.47,0,0,0.0,4,SETTLE_PHASE,0.0883,-0.0502,-0.2104,0.0795
2261,61.848,35.9158,-17.44,1.1778,0.0884,-0.0497,-0.0971,0.837,0.223,1.003,36.1244,-17.5185,0.2,0.0,0.0,0.0,0.2245,-0.0777,-0.861,0.8931,-0.0542,1,1,2,0.899,0.532,0.468,0,0,0.0,4,SETTLE_PHASE,0.0884,-0.0497,-0.2086,0.0785
2262,61.86,35.9175,-17.4411,1.1759,0.0872,-0.0508,-0.0972,0.835,0.221,1.001,36.1244,-17.5185,0.2,0.0,0.0,0.0,0.2228,-0.076,-0.8608,0.8924,-0.0656,1,1,2,0.898,0.53,0.47,0,0,0.0,4,SETTLE_PHASE,0.0872,-0.0508,-0.2069,0.0774
2263,61.872,35.9193,-17.4421,1.1739,0.0875,-0.0514,-0.0971,0.833,0.219,0.998,36.1244,-17.5185,0.2,0.0,0.0,0.0,0.2205,-0.0744,-0.8609,0.8918,-0.0397,1,1,2,0.899,0.532,0.468,0,0,0.0,4,SETTLE_PHASE,0.0875,-0.0514,-0.2051,0.0764
2264,61.885,35.921,-17.4431,1.172,0.0864,-0.0524,-0.0971,0.831,0.217,0.996,36.1244,-17.5185,0.2,0.0,0.0,0.0,0.2187,-0.0727,-0.861,0.8913,-0.0673,1,1,2,0.898,0.531,0.469,0,0,0.0,4,SETTLE_PHASE,0.0864,-0.0524,-0.2034,0.0754
2265,61.898,35.9228,-17.4442,1.17,0.0866,-0.0518,-0.097,0.83,0.215,0.994,36.1244,-17.5185,0.2,0.0,0.0,0.0,0.2164,-0.0716,-0.861,0.8907,-0.0414,1,1,2,0.899,0.532,0.468,0,0,0.0,4,SETTLE_PHASE,0.0866,-0.0518,-0.2016,0.0743
2266,61.911,35.9245,-17.4452,1.1681,0.0851,-0.0519,-0.0971,0.828,0.213,0.991,36.1244,-17.5185,0.2,0.0,0.0,0.0,0.2149,-0.0703,-0.8609,0.8901,-0.0703,1,1,2,0.898,0.531,0.469,0,0,0.0,4,SETTLE_PHASE,0.0851,-0.0519,-0.1999,0.0733
2267,61.924,35.9262,-17.4462,1.1662,0.0847,-0.0505,-0.0971,0.826,0.211,0.989,36.1244,-17.5185,0.2,0.0,0.0,0.0,0.2129,-0.0695,-0.861,0.8896,-0.0447,1,1,2,0.899,0.532,0.468,0,0,0.0,4,SETTLE_PHASE,0.0847,-0.0505,-0.1983,0.0723
2268,61.936,35.9278,-17.4472,1.1642,0.083,-0.0501,-0.097,0.824,0.209,0.987,36.1244,-17.5185,0.2,0.0,0.0,0.0,0.2115,-0.0685,-0.861,0.8893,-0.0725,1,1,2,0.899,0.531,0.469,0,0,0.0,4,SETTLE_PHASE,0.083,-0.0501,-0.1966,0.0713
2269,61.948,35.9295,-17.4482,1.1623,0.0829,-0.0485,-0.097,0.822,0.207,0.984,36.1244,-17.5185,0.2,0.0,0.0,0.0,0.2094,-0.0679,-0.861,0.8887,-0.0468,1,1,2,0.9,0.533,0.467,0,0,0.0,4,SETTLE_PHASE,0.0829,-0.0485,-0.1949,0.0703
2270,61.963,35.9311,-17.4491,1.1603,0.0813,-0.0481,-0.097,0.82,0.205,0.982,36.1244,-17.5185,0.2,0.0,0.0,0.0,0.208,-0.0668,-0.8611,0.8884,-0.0749,1,1,2,0.899,0.532,0.468,0,0,0.0,4,SETTLE_PHASE,0.0813,-0.0481,-0.1933,0.0694
2271,61.976,35.9327,-17.4501,1.1584,0.0809,-0.0467,-0.097,0.818,0.204,0.98,36.1244,-17.5185,0.2,0.0,0.0,0.0,0.2062,-0.0662,-0.861,0.8879,-0.0494,1,1,2,0.899,0.531,0.469,0,0,0.0,4,SETTLE_PHASE,0.0809,-0.0467,-0.1917,0.0684
2272,61.987,35.9343,-17.451,1.1565,0.0786,-0.0466,-0.0972,0.816,0.202,0.977,36.1244,-17.5185,0.2,0.0,0.0,0.0,0.2051,-0.0651,-0.8607,0.8872,-0.0765,1,1,2,0.899,0.533,0.467,0,0,0.0,4,SETTLE_PHASE,0.0786,-0.0466,-0.1901,0.0675
2273,62.001,35.9358,-17.4519,1.1545,0.077,-0.0458,-0.0972,0.814,0.2,0.975,36.1244,-17.5185,0.2,0.0,0.0,0.0,0.2038,-0.0642,-0.8608,0.8869,-0.0511,1,1,2,0.901,0.536,0.464,0,0,0.0,4,SETTLE_PHASE,0.077,-0.0458,-0.1886,0.0666
2274,62.013,35.9373,-17.4529,1.1526,0.0751,-0.0464,-0.0974,0.812,0.198,0.973,36.1244,-17.5185,0.2,0.0,0.0,0.0,0.2027,-0.0628,-0.8604,0.8862,-0.0771,1,1,2,0.901,0.535,0.465,0,0,0.0,4,SETTLE_PHASE,0.0751,-0.0464,-0.1871,0.0656
2275,62.025,35.9388,-17.4538,1.1506,0.0755,-0.0464,-0.0973,0.81,0.197,0.971,36.1244,-17.5185,0.2,0.0,0.0,0.0,0.2006,-0.0616,-0.8606,0.8859,-0.0503,1,1,2,0.903,0.538,0.462,0,0,0.0,4,SETTLE_PHASE,0.0755,-0.0464,-0.1856,0.0647
2276,62.036,35.9403,-17.4547,1.1487,0.0753,-0.0479,-0.0973,0.808,0.195,0.968,36.1244,-17.5185,0.2,0.0,0.0,0.0,0.1988,-0.0598,-0.8606,0.8853,-0.0653,1,1,2,0.902,0.537,0.463,0,0,0.0,4,SETTLE_PHASE,0.0753,-0.0479,-0.1841,0.0638
2277,62.049,35.9419,-17.4557,1.1467,0.0771,-0.0489,-0.0972,0.806,0.193,0.966,36.1244,-17.5185,0.2,0.0,0.0,0.0,0.1961,-0.0582,-0.8608,0.8848,-0.0383,1,1,2,0.904,0.539,0.461,0,0,0.0,4,SETTLE_PHASE,0.0771,-0.0489,-0.1825,0.0628
2278,62.063,35.9435,-17.4567,1.1448,0.0781,-0.0504,-0.0971,0.804,0.191,0.964,36.1244,-17.5185,0.2,0.0,0.0,0.0,0.1937,-0.0563,-0.8609,0.8842,-0.0662,1,1,2,0.903,0.538,0.462,0,0,0.0,4,SETTLE_PHASE,0.0781,-0.0504,-0.181,0.0618
2279,62.075,35.9451,-17.4577,1.1428,0.081,-0.0507,-0.0971,0.802,0.189,0.962,36.1244,-17.5185,0.2,0.0,0.0,0.0,0.1905,-0.0549,-0.861,0.8835,-0.0391,1,1,2,0.904,0.54,0.46,0,0,0.0,4,SETTLE_PHASE,0.081,-0.0507,-0.1793,0.0608
2280,62.086,35.9467,-17.4588,1.1409,0.0827,-0.0517,-0.0971,0.8,0.187,0.959,36.1244,-17.5185,0.2,0.0,0.0,0.0,0.1877,-0.0531,-0.861,0.8828,-0.0673,1,1,2,0.904,0.539,0.461,0,0,0.0,4,SETTLE_PHASE,0.0827,-0.0517,-0.1777,0.0597
2281,62.097,35.9484,-17.4598,1.139,0.0858,-0.0516,-0.0971,0.798,0.185,0.957,36.1244,-17.5185,0.2,0.0,0.0,0.0,0.1842,-0.0519,-0.861,0.882,-0.0402,1,1,2,0.904,0.54,0.46,0,0,0.0,4,SETTLE_PHASE,0.0858,-0.0516,-0.176,0.0587
2282,62.108,35.9502,-17.4609,1.137,0.0875,-0.0524,-0.0971,0.797,0.184,0.955,36.1244,-17.5185,0.2,0.0,0.0,0.0,0.1813,-0.0502,-0.861,0.8813,-0.0686,1,1,2,0.903,0.538,0.462,0,0,0.0,4,SETTLE_PHASE,0.0875,-0.0524,-0.1742,0.0576
2283,62.119,35.952,-17.4619,1.1351,0.0903,-0.0523,-0.0971,0.795,0.181,0.953,36.1244,-17.5185,0.2,0.0,0.0,0.0,0.1778,-0.0489,-0.861,0.8805,-0.0416,1,1,2,0.904,0.539,0.461,0,0,0.0,4,SETTLE_PHASE,0.0903,-0.0523,-0.1724,0.0566
2284,62.132,35.9538,-17.463,1.1331,0.0911,-0.0534,-0.0972,0.793,0.179,0.95,36.1244,-17.5185,0.2,0.0,0.0,0.0,0.1752,-0.0471,-0.8608,0.8797,-0.0585,1,1,2,0.903,0.537,0.463,0,0,0.0,4,SETTLE_PHASE,0.0911,-0.0534,-0.1706,0.0555
2285,62.144,35.9557,-17.4641,1.1319,0.093,-0.0538,-0.0639,0.791,0.177,0.949,36.1244,-17.5185,0.2,0.0,0.0,0.0,0.172,-0.0456,-0.9173,0.9344,-0.0252,1,1,2,0.902,0.535,0.465,0,0,0.0,4,SETTLE_PHASE,0.093,-0.0538,-0.1687,0.0544
2286,62.155,35.9575,-17.4651,1.131,0.0925,-0.0547,-0.0428,0.79,0.175,0.947,36.1244,-17.5185,0.2,0.0,0.0,0.0,0.1699,-0.0438,-0.9533,0.9693,-0.055,1,1,2,0.9,0.531,0.469,0,0,0.0,4,SETTLE_PHASE,0.0925,-0.0547,-0.1669,0.0534
2287,62.166,35.9594,-17.4662,1.1304,0.0912,-0.0534,-0.0292,0.79,0.173,0.946,36.1244,-17.5185,0.2,0.0,0.0,0.0,0.1681,-0.043,-0.9763,0.9916,-0.0275,1,1,2,0.899,0.527,0.473,0,0,0.0,4,SETTLE_PHASE,0.0912,-0.0534,-0.1651,0.0523
2288,62.177,35.9611,-17.4673,1.13,0.086,-0.0524,-0.0209,0.789,0.171,0.946,36.1244,-17.5185,0.2,0.0,0.0,0.0,0.1681,-0.0421,-0.9905,1.0056,-0.0594,1,1,2,0.898,0.527,0.473,0,0,0.0,4,SETTLE_PHASE,0.086,-0.0524,-0.1633,0.0512
2289,62.19,35.9627,-17.4683,1.1297,0.0799,-0.0496,-0.0156,0.789,0.169,0.945,36.1244,-17.5185,0.2,0.0,0.0,0.0,0.1687,-0.042,-0.9994,1.0144,-0.0239,1,1,2,0.896,0.525,0.475,0,0,0.0,4,SETTLE_PHASE,0.0799,-0.0496,-0.1617,0.0502
2290,62.201,35.9641,-17.4692,1.1294,0.073,-0.0476,-0.0122,0.789,0.168,0.944,36.1244,-17.5185,0.2,0.0,0.0,0.0,0.1697,-0.0416,-1.0053,1.0203,-0.0568,1,1,2,0.897,0.525,0.475,0,0,0.0,4,SETTLE_PHASE,0.073,-0.0476,-0.1603,0.0493
2291,62.212,35.9654,-17.4701,1.1292,0.0644,-0.0436,-0.0102,0.789,0.166,0.944,36.1244,-17.5185,0.2,0.0,0.0,0.0,0.1717,-0.0422,-1.0087,1.0241,-0.0192,1,1,2,0.895,0.522,0.478,0,0,0.0,4,SETTLE_PHASE,0.0644,-0.0436,-0.159,0.0484
2292,62.223,35.9665,-17.4709,1.1291,0.0559,-0.0403,-0.0089,0.789,0.165,0.944,36.1244,-17.5185,0.2,0.0,0.0,0.0,0.1738,-0.0426,-1.0108,1.0265,-0.0516,1,1,2,0.895,0.523,0.477,0,0,0.0,4,SETTLE_PHASE,0.0559,-0.0403,-0.1579,0.0476
2293,62.234,35.9674,-17.4716,1.1289,0.0453,-0.0348,-0.0085,0.788,0.164,0.943,36.1244,-17.5185,0.2,0.0,0.0,0.0,0.1771,-0.044,-1.0115,1.0278,-0.0293,1,1,2,0.896,0.525,0.475,0,0,0.0,4,SETTLE_PHASE,0.0453,-0.0348,-0.157,0.0469
2294,62.244,35.9681,-17.4722,1.1287,0.0346,-0.0297,-0.0082,0.788,0.163,0.943,36.1244,-17.5185,0.2,0.0,0.0,0.0,0.1808,-0.0454,-1.012,1.029,-0.0557,1,1,2,0.895,0.522,0.478,0,0,0.0,4,SETTLE_PHASE,0.0346,-0.0297,-0.1563,0.0463
2295,62.255,35.9686,-17.4726,1.1286,0.0255,-0.0233,-0.0081,0.788,0.162,0.943,36.1244,-17.5185,0.2,0.0,0.0,0.0,0.184,-0.0475,-1.0122,1.0299,-0.0306,1,1,2,0.896,0.524,0.476,0,0,0.0,4,SETTLE_PHASE,0.0255,-0.0233,-0.1558,0.0459
2296,62.265,35.9689,-17.473,1.1284,0.0149,-0.0178,-0.0083,0.788,0.162,0.942,36.1244,-17.5185,0.2,0.0,0.0,0.0,0.188,-0.0494,-1.0118,1.0304,-0.0593,1,1,2,0.896,0.523,0.477,0,0,0.0,4,SETTLE_PHASE,0.0149,-0.0178,-0.1555,0.0455
2297,62.276,35.9691,-17.4732,1.1282,0.0056,-0.0111,-0.0084,0.788,0.162,0.942,36.1244,-17.5185,0.2,0.0,0.0,0.0,0.1918,-0.0519,-1.0118,1.0311,-0.0346,1,1,2,0.898,0.527,0.473,0,0,0.0,4,SETTLE_PHASE,0.0056,-0.0111,-0.1554,0.0453
2298,62.287,35.969,-17.4733,1.1281,-0.0037,-0.0056,-0.0084,0.788,0.162,0.942,36.1244,-17.5185,0.2,0.0,0.0,0.0,0.1958,-0.0541,-1.0118,1.032,-0.0618,1,1,2,0.898,0.528,0.472,0,0,0.0,4,SETTLE_PHASE,-0.0037,-0.0056,-0.1554,0.0452
2299,62.3,35.9688,-17.4733,1.1279,-0.0104,0.0006,-0.0083,0.787,0.162,0.942,36.1244,-17.5185,0.2,0.0,0.0,0.0,0.1989,-0.0567,-1.0119,1.0328,-0.037,1,1,2,0.899,0.529,0.471,0,0,0.0,4,SETTLE_PHASE,-0.0104,0.0006,-0.1556,0.0452
2300,62.312,35.9684,-17.4732,1.1277,-0.0175,0.0054,-0.0083,0.787,0.162,0.942,36.1244,-17.5185,0.2,0.0,0.0,0.0,0.2024,-0.0589,-1.012,1.0337,-0.0652,1,1,2,0.899,0.529,0.471,0,0,0.0,4,SETTLE_PHASE,-0.0175,0.0054,-0.156,0.0453
2301,62.323,35.968,-17.473,1.1276,-0.0224,0.0108,-0.0082,0.787,0.163,0.942,36.1244,-17.5185,0.2,0.0,0.0,0.0,0.205,-0.0614,-1.012,1.0344,-0.0404,1,1,2,0.9,0.531,0.469,0,0,0.0,4,SETTLE_PHASE,-0.0224,0.0108,-0.1564,0.0455
2302,62.333,35.9674,-17.4727,1.1274,-0.0281,0.0146,-0.0081,0.787,0.164,0.942,36.1244,-17.5185,0.2,0.0,0.0,0.0,0.2081,-0.0634,-1.0122,1.0353,-0.0693,1,1,2,0.9,0.529,0.471,0,0,0.0,4,SETTLE_PHASE,-0.0281,0.0146,-0.157,0.0458
2303,62.344,35.9668,-17.4723,1.1272,-0.0319,0.0188,-0.0081,0.787,0.164,0.942,36.1244,-17.5185,0.2,0.0,0.0,0.0,0.2104,-0.0656,-1.0123,1.036,-0.0445,1,1,2,0.901,0.532,0.468,0,0,0.0,4,SETTLE_PHASE,-0.0319,0.0188,-0.1576,0.0462
2304,62.354,35.966,-17.4719,1.1271,-0.0368,0.0211,-0.0083,0.787,0.165,0.942,36.1244,-17.5185,0.2,0.0,0.0,0.0,0.2134,-0.0671,-1.0119,1.0364,-0.0753,1,1,2,0.901,0.533,0.467,0,0,0.0,4,SETTLE_PHASE,-0.0368,0.0211,-0.1584,0.0466
2305,62.366,35.9652,-17.4714,1.1269,-0.0403,0.0237,-0.008,0.786,0.166,0.942,36.1244,-17.5185,0.2,0.0,0.0,0.0,0.2159,-0.0688,-1.0123,1.0374,-0.0501,1,1,2,0.903,0.538,0.462,0,0,0.0,4,SETTLE_PHASE,-0.0403,0.0237,-0.1592,0.0471
2306,62.378,35.9644,-17.4709,1.1267,-0.0434,0.0241,-0.0084,0.786,0.167,0.942,36.1244,-17.5185,0.2,0.0,0.0,0.0,0.2183,-0.0696,-1.0118,1.0374,-0.0759,1,1,2,0.904,0.537,0.463,0,0,0.0,4,SETTLE_PHASE,-0.0434,0.0241,-0.16,0.0476
2307,62.39,35.9635,-17.4705,1.1266,-0.0436,0.0243,-0.0079,0.786,0.168,0.942,36.1244,-17.5185,0.2,0.0,0.0,0.0,0.2194,-0.0703,-1.0125,1.0384,-0.0472,1,1,2,0.905,0.541,0.459,0,0,0.0,4,SETTLE_PHASE,-0.0436,0.0243,-0.1609,0.048
2308,62.4,35.9626,-17.47,1.1264,-0.0437,0.0223,-0.0077,0.786,0.169,0.942,36.1244,-17.5185,0.2,0.0,0.0,0.0,0.2206,-0.07,-1.0129,1.039,-0.0545,1,1,2,0.905,0.541,0.459,0,0,0.0,4,TERMINAL_PRESS,-0.0437,0.0223,-0.1618,0.0485
2309,62.411,35.9618,-17.4696,1.1253,-0.042,0.0206,-0.0559,0.785,0.17,0.941,36.1244,-17.5185,0.2,0.0,0.0,0.0,0.2209,-0.0698,-0.9309,0.9593,-0.0309,1,1,2,0.907,0.544,0.456,0,0,0.0,4,TERMINAL_PRESS,-0.042,0.0206,-0.1626,0.0489
2310,62.424,35.961,-17.4692,1.1236,-0.0402,0.018,-0.0859,0.783,0.171,0.939,36.1244,-17.5185,0.2,0.0,0.0,0.0,0.2212,-0.0691,-0.88,0.91,-0.0571,1,1,2,0.907,0.543,0.457,0,0,0.0,4,TERMINAL_PRESS,-0.0402,0.018,-0.1634,0.0493
2311,62.436,35.9602,-17.4689,1.1215,-0.0364,0.016,-0.1048,0.781,0.171,0.937,36.1244,-17.5185,0.2,0.0,0.0,0.0,0.2205,-0.0687,-0.8479,0.8788,-0.0315,1,1,2,0.908,0.547,0.453,0,0,0.0,4,TERMINAL_PRESS,-0.0364,0.016,-0.1642,0.0496
2312,62.447,35.9596,-17.4687,1.1192,-0.0331,0.0129,-0.1166,0.779,0.172,0.935,36.1244,-17.5185,0.2,0.0,0.0,0.0,0.2199,-0.0677,-0.8277,0.8591,-0.059,1,1,2,0.908,0.545,0.455,0,0,0.0,4,TERMINAL_PRESS,-0.0331,0.0129,-0.1648,0.0498
2313,62.459,35.959,-17.4685,1.1167,-0.028,0.0104,-0.1242,0.776,0.173,0.933,36.1244,-17.5185,0.2,0.0,0.0,0.0,0.2184,-0.0669,-0.8149,0.8463,-0.0325,1,1,2,0.909,0.548,0.452,0,0,0.0,4,TERMINAL_PRESS,-0.028,0.0104,-0.1654,0.05
2314,62.47,35.9585,-17.4683,1.1141,-0.0238,0.0066,-0.1289,0.774,0.173,0.93,36.1244,-17.5185,0.2,0.0,0.0,0.0,0.2173,-0.0655,-0.8068,0.8381,-0.0603,1,1,2,0.908,0.546,0.454,0,0,0.0,4,TERMINAL_PRESS,-0.0238,0.0066,-0.1659,0.0502
2315,62.482,35.9582,-17.4683,1.1115,-0.0181,0.0033,-0.132,0.771,0.174,0.928,36.1244,-17.5185,0.2,0.0,0.0,0.0,0.2154,-0.0642,-0.8016,0.8325,-0.0335,1,1,2,0.909,0.548,0.452,0,0,0.0,4,TERMINAL_PRESS,-0.0181,0.0033,-0.1662,0.0502
2316,62.494,35.9579,-17.4683,1.1088,-0.0139,-0.0015,-0.1341,0.768,0.174,0.925,36.1244,-17.5185,0.2,0.0,0.0,0.0,0.214,-0.0621,-0.798,0.8285,-0.0383,1,1,2,0.909,0.545,0.455,0,0,0.0,4,TERMINAL_PRESS,-0.0139,-0.0015,-0.1665,0.0502
2317,62.505,35.9577,-17.4684,1.1061,-0.0086,-0.006,-0.1358,0.766,0.174,0.923,36.1244,-17.5185,0.2,0.0,0.0,0.0,0.2119,-0.0601,-0.7952,0.8252,-0.0181,1,1,2,0.91,0.548,0.452,0,0,0.0,4,TERMINAL_PRESS,-0.0086,-0.006,-0.1667,0.0501
2318,62.516,35.9576,-17.4686,1.1033,-0.0047,-0.0102,-0.1369,0.763,0.174,0.92,36.1244,-17.5185,0.2,0.0,0.0,0.0,0.2104,-0.0581,-0.7933,0.8228,-0.0443,1,1,2,0.909,0.546,0.454,0,0,0.0,4,TERMINAL_PRESS,-0.0047,-0.0102,-0.1668,0.0499
2319,62.527,35.9577,-17.4689,1.1006,0.0008,-0.0122,-0.1371,0.76,0.174,0.917,36.1244,-17.5185,0.2,0.0,0.0,0.0,0.2081,-0.057,-0.7929,0.8217,-0.0309,1,1,2,0.91,0.548,0.452,0,0,0.0,4,TERMINAL_PRESS,0.0008,-0.0122,-0.1667,0.0496
2320,62.537,35.9578,-17.4691,1.0978,0.0049,-0.0139,-0.1372,0.757,0.174,0.915,36.1244,-17.5185,0.2,0.0,0.0,0.0,0.2062,-0.0559,-0.7928,0.8211,-0.0606,1,1,2,0.909,0.543,0.457,0,0,0.0,4,TERMINAL_PRESS,0.0049,-0.0139,-0.1666,0.0494
2321,62.548,35.958,-17.4694,1.0951,0.0104,-0.0145,-0.1372,0.755,0.174,0.912,36.1244,-17.5185,0.2,0.0,0.0,0.0,0.2037,-0.0553,-0.7928,0.8204,-0.0334,1,1,2,0.91,0.548,0.452,0,0,0.0,4,TERMINAL_PRESS,0.0104,-0.0145,-0.1664,0.0491
2322,62.559,35.9582,-17.4697,1.0924,0.0141,-0.0161,-0.1372,0.752,0.173,0.909,36.1244,-17.5185,0.2,0.0,0.0,0.0,0.2018,-0.0542,-0.7927,0.8198,-0.0633,1,1,2,0.909,0.541,0.459,0,0,0.0,4,TERMINAL_PRESS,0.0141,-0.0161,-0.1662,0.0488
2323,62.569,35.9586,-17.4701,1.0896,0.0187,-0.0169,-0.1372,0.749,0.173,0.906,36.1244,-17.5185,0.2,0.0,0.0,0.0,0.1994,-0.0535,-0.7927,0.8192,-0.0363,1,1,2,0.91,0.545,0.455,0,0,0.0,4,TERMINAL_PRESS,0.0187,-0.0169,-0.1658,0.0484
2324,62.58,35.959,-17.4705,1.0869,0.0213,-0.0189,-0.1373,0.746,0.172,0.903,36.1244,-17.5185,0.2,0.0,0.0,0.0,0.1978,-0.0521,-0.7926,0.8185,-0.0553,1,1,2,0.908,0.539,0.461,0,0,0.0,4,TERMINAL_PRESS,0.0213,-0.0189,-0.1654,0.048
2325,62.591,35.9595,-17.4709,1.0841,0.0243,-0.0201,-0.1372,0.744,0.172,0.901,36.1244,-17.5185,0.2,0.0,0.0,0.0,0.1959,-0.0511,-0.7927,0.8182,-0.0285,1,1,2,0.909,0.542,0.458,0,0,0.0,4,TERMINAL_PRESS,0.0243,-0.0201,-0.1649,0.0476
2326,62.601,35.96,-17.4713,1.0814,0.0252,-0.022,-0.1371,0.741,0.171,0.898,36.1244,-17.5185,0.2,0.0,0.0,0.0,0.1949,-0.0498,-0.7929,0.818,-0.0584,1,1,2,0.907,0.539,0.461,0,0,0.0,4,TERMINAL_PRESS,0.0252,-0.022,-0.1644,0.0472
2327,62.613,35.9606,-17.4718,1.0786,0.0263,-0.0224,-0.137,0.738,0.17,0.895,36.1244,-17.5185,0.2,0.0,0.0,0.0,0.1938,-0.0491,-0.793,0.8178,-0.0318,1,1,2,0.908,0.54,0.46,0,0,0.0,4,TERMINAL_PRESS,0.0263,-0.0224,-0.1638,0.0468
2328,62.623,35.9611,-17.4722,1.0759,0.0249,-0.0236,-0.1371,0.735,0.17,0.892,36.1244,-17.5185,0.2,0.0,0.0,0.0,0.1937,-0.048,-0.7929,0.8176,-0.0629,1,1,2,0.907,0.536,0.464,0,0,0.0,4,TERMINAL_PRESS,0.0249,-0.0236,-0.1633,0.0463
2329,62.633,35.9615,-17.4727,1.0732,0.0234,-0.0236,-0.137,0.733,0.169,0.889,36.1244,-17.5185,0.2,0.0,0.0,0.0,0.1938,-0.0474,-0.7931,0.8178,-0.0366,1,1,2,0.908,0.539,0.461,0,0,0.0,4,TERMINAL_PRESS,0.0234,-0.0236,-0.1629,0.0458
2330,62.643,35.9619,-17.4732,1.0704,0.0206,-0.0247,-0.137,0.73,0.169,0.887,36.1244,-17.5185,0.2,0.0,0.0,0.0,0.1944,-0.0463,-0.7931,0.8179,-0.062,1,1,2,0.907,0.536,0.464,0,0,0.0,4,TERMINAL_PRESS,0.0206,-0.0247,-0.1625,0.0453
2331,62.653,35.9623,-17.4737,1.0677,0.019,-0.0249,-0.137,0.727,0.168,0.884,36.1244,-17.5185,0.2,0.0,0.0,0.0,0.1946,-0.0456,-0.7932,0.818,-0.0356,1,1,2,0.908,0.537,0.463,0,0,0.0,4,TERMINAL_PRESS,0.019,-0.0249,-0.1621,0.0448
2332,62.663,35.9626,-17.4742,1.0649,0.0157,-0.0261,-0.137,0.724,0.168,0.881,36.1244,-17.5185,0.2,0.0,0.0,0.0,0.1956,-0.0444,-0.793,0.818,-0.0636,1,1,2,0.907,0.534,0.466,0,0,0.0,4,TERMINAL_PRESS,0.0157,-0.0261,-0.1618,0.0443
2333,62.673,35.9629,-17.4747,1.0622,0.0134,-0.0263,-0.137,0.722,0.167,0.878,36.1244,-17.5185,0.2,0.0,0.0,0.0,0.1963,-0.0437,-0.7931,0.8182,-0.0369,1,1,2,0.908,0.536,0.464,0,0,0.0,4,TERMINAL_PRESS,0.0134,-0.0263,-0.1615,0.0438
2334,62.683,35.9631,-17.4753,1.0594,0.009,-0.0276,-0.1376,0.719,0.167,0.876,36.1244,-17.5185,0.2,0.0,0.0,0.0,0.1979,-0.0424,-0.792,0.8174,-0.0542,1,1,2,0.907,0.534,0.466,0,0,0.0,4,TERMINAL_PRESS,0.009,-0.0276,-0.1613,0.0432
2335,62.692,35.9632,-17.4758,1.0567,0.0052,-0.0279,-0.1374,0.716,0.167,0.873,36.1244,-17.5185,0.2,0.0,0.0,0.0,0.1993,-0.0416,-0.7924,0.8181,-0.0261,1,1,2,0.909,0.537,0.463,0,0,0.0,4,TERMINAL_PRESS,0.0052,-0.0279,-0.1612,0.0427
2336,62.702,35.9632,-17.4764,1.0539,0.0007,-0.0286,-0.1373,0.713,0.167,0.87,36.1244,-17.5185,0.2,0.0,0.0,0.0,0.2012,-0.0406,-0.7926,0.8188,-0.0539,1,1,2,0.908,0.536,0.464,0,0,0.0,4,TERMINAL_PRESS,0.0007,-0.0286,-0.1612,0.0421
2337,62.712,35.9632,-17.477,1.0512,-0.002,-0.0278,-0.1372,0.711,0.167,0.867,36.1244,-17.5185,0.2,0.0,0.0,0.0,0.2024,-0.0403,-0.7928,0.8192,-0.0257,1,1,2,0.91,0.538,0.462,0,0,0.0,4,TERMINAL_PRESS,-0.002,-0.0278,-0.1612,0.0415
2338,62.722,35.963,-17.4775,1.0485,-0.0059,-0.0275,-0.1371,0.708,0.166,0.865,36.1244,-17.5185,0.2,0.0,0.0,0.0,0.2042,-0.0397,-0.793,0.8198,-0.0537,1,1,2,0.909,0.536,0.464,0,0,0.0,4,TERMINAL_PRESS,-0.0059,-0.0275,-0.1614,0.041
2339,62.731,35.9629,-17.478,1.0457,-0.0083,-0.0259,-0.1371,0.705,0.167,0.862,36.1244,-17.5185,0.2,0.0,0.0,0.0,0.2054,-0.0397,-0.793,0.8201,-0.0256,1,1,2,0.91,0.539,0.461,0,0,0.0,4,TERMINAL_PRESS,-0.0083,-0.0259,-0.1615,0.0405
2340,62.741,35.9626,-17.4785,1.043,-0.0122,-0.0251,-0.1372,0.702,0.167,0.859,36.1244,-17.5185,0.2,0.0,0.0,0.0,0.2074,-0.0394,-0.7928,0.8204,-0.0545,1,1,2,0.91,0.537,0.463,0,0,0.0,4,TERMINAL_PRESS,-0.0122,-0.0251,-0.1618,0.04
2341,62.751,35.9623,-17.479,1.0402,-0.0151,-0.0231,-0.1371,0.7,0.167,0.857,36.1244,-17.5185,0.2,0.0,0.0,0.0,0.2089,-0.0397,-0.7929,0.8209,-0.0267,1,1,2,0.911,0.541,0.459,0,0,0.0,4,TERMINAL_PRESS,-0.0151,-0.0231,-0.1621,0.0395
2342,62.761,35.962,-17.4794,1.0375,-0.0187,-0.0222,-0.1371,0.697,0.167,0.854,36.1244,-17.5185,0.2,0.0,0.0,0.0,0.2109,-0.0395,-0.793,0.8215,-0.0549,1,1,2,0.911,0.538,0.462,0,0,0.0,4,TERMINAL_PRESS,-0.0187,-0.0222,-0.1625,0.0391
2343,62.771,35.9615,-17.4799,1.0348,-0.0207,-0.0204,-0.1371,0.694,0.167,0.851,36.1244,-17.5185,0.2,0.0,0.0,0.0,0.2123,-0.0397,-0.793,0.8218,-0.0272,1,1,2,0.912,0.541,0.459,0,0,0.0,4,TERMINAL_PRESS,-0.0207,-0.0204,-0.1629,0.0386
2344,62.782,35.9611,-17.4803,1.032,-0.0238,-0.02,-0.1371,0.692,0.168,0.849,36.1244,-17.5185,0.2,0.0,0.0,0.0,0.2142,-0.0394,-0.7929,0.8223,-0.051,1,1,2,0.911,0.539,0.461,0,0,0.0,4,TERMINAL_PRESS,-0.0238,-0.02,-0.1633,0.0382
2345,62.793,35.9606,-17.4806,1.0293,-0.0255,-0.0188,-0.1371,0.689,0.168,0.846,36.1244,-17.5185,0.2,0.0,0.0,0.0,0.2155,-0.0395,-0.7929,0.8226,-0.0234,1,1,2,0.912,0.541,0.459,0,0,0.0,4,TERMINAL_PRESS,-0.0255,-0.0188,-0.1639,0.0379
2346,62.803,35.96,-17.481,1.0265,-0.0287,-0.0187,-0.1372,0.686,0.169,0.844,36.1244,-17.5185,0.2,0.0,0.0,0.0,0.2176,-0.039,-0.7927,0.8229,-0.0532,1,1,2,0.912,0.542,0.458,0,0,0.0,4,TERMINAL_PRESS,-0.0287,-0.0187,-0.1644,0.0375
2347,62.812,35.9594,-17.4814,1.0238,-0.0307,-0.0178,-0.1372,0.683,0.169,0.841,36.1244,-17.5185,0.2,0.0,0.0,0.0,0.2192,-0.039,-0.7928,0.8235,-0.0258,1,1,2,0.914,0.545,0.455,0,0,0.0,4,TERMINAL_PRESS,-0.0307,-0.0178,-0.165,0.0371
2348,62.822,35.9587,-17.4817,1.021,-0.0329,-0.0183,-0.1372,0.681,0.17,0.838,36.1244,-17.5185,0.2,0.0,0.0,0.0,0.2209,-0.0383,-0.7928,0.8239,-0.0452,1,1,2,0.914,0.546,0.454,0,0,0.0,4,TERMINAL_PRESS,-0.0329,-0.0183,-0.1657,0.0368
2349,62.832,35.9581,-17.4821,1.0183,-0.0327,-0.0182,-0.1371,0.678,0.17,0.836,36.1244,-17.5185,0.2,0.0,0.0,0.0,0.2217,-0.0379,-0.793,0.8242,-0.0174,1,1,2,0.916,0.55,0.45,0,0,0.0,4,TERMINAL_PRESS,-0.0327,-0.0182,-0.1664,0.0364
2350,62.842,35.9574,-17.4825,1.0156,-0.0328,-0.019,-0.137,0.675,0.171,0.833,36.1244,-17.5185,0.2,0.0,0.0,0.0,0.2225,-0.0371,-0.7932,0.8246,-0.0469,1,1,2,0.916,0.549,0.451,0,0,0.0,4,TERMINAL_PRESS,-0.0328,-0.019,-0.167,0.036
2351,62.853,35.9568,-17.4828,1.0128,-0.0308,-0.0187,-0.1369,0.672,0.171,0.831,36.1244,-17.5185,0.2,0.0,0.0,0.0,0.2224,-0.0367,-0.7932,0.8247,-0.0188,1,1,2,0.917,0.55,0.45,0,0,0.0,4,TERMINAL_PRESS,-0.0308,-0.0187,-0.1676,0.0357
2352,62.864,35.9562,-17.4832,1.0101,-0.0294,-0.0194,-0.1368,0.67,0.172,0.828,36.1244,-17.5185,0.2,0.0,0.0,0.0,0.2226,-0.0359,-0.7934,0.8248,-0.0488,1,1,2,0.917,0.55,0.45,0,0,0.0,4,TERMINAL_PRESS,-0.0294,-0.0194,-0.1682,0.0353
2353,62.876,35.9557,-17.4836,1.0073,-0.0262,-0.0192,-0.1369,0.667,0.172,0.826,36.1244,-17.5185,0.2,0.0,0.0,0.0,0.2219,-0.0356,-0.7933,0.8246,-0.0206,1,1,2,0.918,0.552,0.448,0,0,0.0,4,TERMINAL_PRESS,-0.0262,-0.0192,-0.1687,0.0349
2354,62.887,35.9552,-17.484,1.0046,-0.0241,-0.0203,-0.1369,0.664,0.173,0.823,36.1244,-17.5185,0.2,0.0,0.0,0.0,0.2216,-0.0346,-0.7932,0.8243,-0.044,1,1,2,0.918,0.552,0.448,0,0,0.0,4,TERMINAL_PRESS,-0.0241,-0.0203,-0.1692,0.0345
2355,62.897,35.9548,-17.4844,1.0019,-0.0206,-0.0206,-0.1369,0.661,0.173,0.82,36.1244,-17.5185,0.2,0.0,0.0,0.0,0.2207,-0.0339,-0.7932,0.824,-0.0157,1,1,2,0.918,0.553,0.447,0,0,0.0,4,TERMINAL_PRESS,-0.0206,-0.0206,-0.1696,0.0341
2356,62.907,35.9544,-17.4849,0.9991,-0.0184,-0.0219,-0.1369,0.659,0.173,0.818,36.1244,-17.5185,0.2,0.0,0.0,0.0,0.2202,-0.0329,-0.7933,0.8239,-0.0464,1,1,2,0.918,0.551,0.449,0,0,0.0,4,TERMINAL_PRESS,-0.0184,-0.0219,-0.17,0.0336
2357,62.917,35.9541,-17.4853,0.9964,-0.015,-0.022,-0.1369,0.656,0.174,0.815,36.1244,-17.5185,0.2,0.0,0.0,0.0,0.2191,-0.0323,-0.7932,0.8236,-0.0181,1,1,2,0.919,0.553,0.447,0,0,0.0,4,TERMINAL_PRESS,-0.015,-0.022,-0.1703,0.0332
2358,62.927,35.9538,-17.4858,0.9937,-0.0132,-0.0233,-0.137,0.653,0.174,0.812,36.1244,-17.5185,0.2,0.0,0.0,0.0,0.2188,-0.0312,-0.7932,0.8234,-0.0439,1,1,2,0.918,0.55,0.45,0,0,0.0,4,TERMINAL_PRESS,-0.0132,-0.0233,-0.1706,0.0327
2359,62.937,35.9536,-17.4863,0.9909,-0.0107,-0.0236,-0.137,0.65,0.174,0.81,36.1244,-17.5185,0.2,0.0,0.0,0.0,0.218,-0.0304,-0.7932,0.8231,-0.0156,1,1,2,0.918,0.551,0.449,0,0,0.0,4,TERMINAL_PRESS,-0.0107,-0.0236,-0.1708,0.0322
2360,62.947,35.9534,-17.4867,0.9882,-0.0101,-0.0249,-0.137,0.648,0.174,0.807,36.1244,-17.5185,0.2,0.0,0.0,0.0,0.218,-0.0292,-0.793,0.823,-0.0471,1,1,2,0.918,0.548,0.452,0,0,0.0,4,TERMINAL_PRESS,-0.0101,-0.0249,-0.171,0.0318
2361,62.958,35.9532,-17.4873,0.9854,-0.009,-0.0251,-0.137,0.645,0.174,0.804,36.1244,-17.5185,0.2,0.0,0.0,0.0,0.2177,-0.0286,-0.7931,0.8229,-0.019,1,1,2,0.919,0.55,0.45,0,0,0.0,4,TERMINAL_PRESS,-0.009,-0.0251,-0.1712,0.0312
2362,62.97,35.9531,-17.4878,0.9827,-0.0093,-0.0265,-0.1371,0.642,0.174,0.802,36.1244,-17.5185,0.2,0.0,0.0,0.0,0.2181,-0.0273,-0.793,0.8229,-0.0393,1,1,2,0.918,0.548,0.452,0,0,0.0,4,TERMINAL_PRESS,-0.0093,-0.0265,-0.1713,0.0307
2363,62.98,35.9529,-17.4883,0.98,-0.0086,-0.0269,-0.137,0.639,0.174,0.799,36.1244,-17.5185,0.2,0.0,0.0,0.0,0.218,-0.0265,-0.7931,0.8229,-0.0111,1,1,2,0.919,0.55,0.45,0,0,0.0,4,TERMINAL_PRESS,-0.0086,-0.0269,-0.1715,0.0302
2364,62.991,35.9527,-17.4889,0.9772,-0.0094,-0.028,-0.137,0.637,0.174,0.797,36.1244,-17.5185,0.2,0.0,0.0,0.0,0.2186,-0.0253,-0.7931,0.8231,-0.0426,1,1,2,0.918,0.547,0.453,0,0,0.0,4,TERMINAL_PRESS,-0.0094,-0.028,-0.1717,0.0296
2365,63.002,35.9525,-17.4894,0.9745,-0.0094,-0.0274,-0.137,0.634,0.174,0.794,36.1244,-17.5185,0.2,0.0,0.0,0.0,0.2188,-0.0249,-0.7932,0.8232,-0.0144,1,1,2,0.918,0.548,0.452,0,0,0.0,4,TERMINAL_PRESS,-0.0094,-0.0274,-0.1719,0.0291
2366,63.013,35.9523,-17.49,0.9717,-0.0112,-0.0276,-0.1371,0.631,0.174,0.791,36.1244,-17.5185,0.2,0.0,0.0,0.0,0.2198,-0.0241,-0.793,0.8232,-0.0463,1,1,2,0.918,0.548,0.452,0,0,0.0,4,TERMINAL_PRESS,-0.0112,-0.0276,-0.1721,0.0285
2367,63.026,35.952,-17.4905,0.969,-0.0123,-0.0265,-0.137,0.628,0.175,0.789,36.1244,-17.5185,0.2,0.0,0.0,0.0,0.2206,-0.0239,-0.7931,0.8235,-0.0181,1,1,2,0.92,0.55,0.45,0,0,0.0,4,TERMINAL_PRESS,-0.0123,-0.0265,-0.1724,0.028
2368,63.038,35.9518,-17.491,0.9662,-0.014,-0.0264,-0.1374,0.626,0.175,0.786,36.1244,-17.5185,0.2,0.0,0.0,0.0,0.2217,-0.0233,-0.7925,0.8232,-0.0481,1,1,2,0.919,0.549,0.451,0,0,0.0,4,TERMINAL_PRESS,-0.014,-0.0264,-0.1726,0.0275
2369,63.051,35.9515,-17.4915,0.9635,-0.0141,-0.0253,-0.1372,0.623,0.175,0.783,36.1244,-17.5185,0.2,0.0,0.0,0.0,0.222,-0.0231,-0.7928,0.8236,-0.0181,1,1,2,0.921,0.552,0.448,0,0,0.0,4,TERMINAL_PRESS,-0.0141,-0.0253,-0.1729,0.027
2370,63.063,35.9512,-17.4921,0.9608,-0.0151,-0.0253,-0.1371,0.62,0.175,0.781,36.1244,-17.5185,0.2,0.0,0.0,0.0,0.2228,-0.0225,-0.793,0.824,-0.0477,1,1,2,0.92,0.55,0.45,0,0,0.0,4,TERMINAL_PRESS,-0.0151,-0.0253,-0.1732,0.0265
2371,63.076,35.9509,-17.4925,0.958,-0.0146,-0.0244,-0.137,0.618,0.175,0.778,36.1244,-17.5185,0.2,0.0,0.0,0.0,0.223,-0.0222,-0.7931,0.8241,-0.0178,1,1,2,0.921,0.552,0.448,0,0,0.0,4,TERMINAL_PRESS,-0.0146,-0.0244,-0.1735,0.026
2372,63.088,35.9506,-17.493,0.9553,-0.0155,-0.0249,-0.1371,0.615,0.176,0.775,36.1244,-17.5185,0.2,0.0,0.0,0.0,0.2238,-0.0214,-0.793,0.8242,-0.0379,1,1,2,0.92,0.551,0.449,0,0,0.0,4,TERMINAL_PRESS,-0.0155,-0.0249,-0.1738,0.0255
2373,63.099,35.9503,-17.4935,0.9525,-0.0152,-0.0246,-0.137,0.612,0.176,0.773,36.1244,-17.5185,0.2,0.0,0.0,0.0,0.224,-0.0209,-0.7931,0.8244,-0.0081,1,1,2,0.921,0.551,0.449,0,0,0.0,4,TERMINAL_PRESS,-0.0152,-0.0246,-0.1741,0.025
2374,63.11,35.9499,-17.494,0.9498,-0.0165,-0.025,-0.137,0.609,0.176,0.77,36.1244,-17.5185,0.2,0.0,0.0,0.0,0.225,-0.0201,-0.577,0.6197,-0.0392,1,1,2,0.921,0.551,0.449,0,0,0.0,4,TERMINAL_PRESS,-0.0165,-0.025,-0.1745,0.0245
2375,63.126,35.9496,-17.4945,0.9471,-0.0169,-0.0239,-0.137,0.607,0.176,0.768,36.1244,-17.5185,0.2,0.0,0.0,0.0,0.2256,-0.02,-0.5771,0.6199,-0.0096,1,1,2,0.922,0.552,0.448,0,0,0.0,4,TERMINAL_PRESS,-0.0169,-0.0239,-0.1748,0.024
2376,63.141,35.9492,-17.495,0.9443,-0.0185,-0.0238,-0.1369,0.604,0.177,0.765,36.1244,-17.5185,0.2,0.0,0.0,0.0,0.2267,-0.0194,-0.5772,0.6204,-0.0409,1,1,2,0.921,0.551,0.449,0,0,0.0,4,TERMINAL_PRESS,-0.0185,-0.0238,-0.1752,0.0235
2377,63.154,35.9489,-17.4954,0.9416,-0.0187,-0.0224,-0.1369,0.601,0.177,0.762,36.1244,-17.5185,0.2,0.0,0.0,0.0,0.2272,-0.0195,-0.5772,0.6206,-0.0114,1,1,2,0.922,0.552,0.448,0,0,0.0,4,TERMINAL_PRESS,-0.0187,-0.0224,-0.1755,0.0231
2378,63.17,35.9485,-17.4959,0.9388,-0.0204,-0.0222,-0.137,0.598,0.177,0.76,36.1244,-17.5185,0.2,0.0,0.0,0.0,0.2285,-0.019,-0.5771,0.6209,-0.0428,1,1,2,0.922,0.552,0.448,0,0,0.0,4,TERMINAL_PRESS,-0.0204,-0.0222,-0.176,0.0226
2379,63.183,35.948,-17.4963,0.9361,-0.0211,-0.021,-0.137,0.596,0.178,0.757,36.1244,-17.5185,0.2,0.0,0.0,0.0,0.2293,-0.019,-0.5771,0.6213,-0.0135,1,1,2,0.923,0.554,0.446,0,0,0.0,4,TERMINAL_PRESS,-0.0211,-0.021,-0.1764,0.0222
2380,63.194,35.9476,-17.4967,0.9334,-0.0228,-0.0211,-0.137,0.593,0.178,0.755,36.1244,-17.5185,0.2,0.0,0.0,0.0,0.2306,-0.0184,-0.5771,0.6217,-0.0386,1,1,2,0.922,0.553,0.447,0,0,0.0,4,TERMINAL_PRESS,-0.0228,-0.0211,-0.1768,0.0218
2381,63.205,35.9471,-17.4971,0.9306,-0.023,-0.0205,-0.137,0.59,0.179,0.752,36.1244,-17.5185,0.2,0.0,0.0,0.0,0.2312,-0.0181,-0.5771,0.622,-0.0093,1,1,2,0.923,0.554,0.446,0,0,0.0,4,TERMINAL_PRESS,-0.023,-0.0205,-0.1773,0.0214
2382,63.217,35.9466,-17.4976,0.9279,-0.0245,-0.021,-0.137,0.587,0.179,0.75,36.1244,-17.5185,0.2,0.0,0.0,0.0,0.2325,-0.0174,-0.5771,0.6224,-0.0413,1,1,2,0.923,0.553,0.447,0,0,0.0,4,TERMINAL_PRESS,-0.0245,-0.021,-0.1778,0.021
2383,63.228,35.9461,-17.498,0.9251,-0.0248,-0.0204,-0.137,0.585,0.179,0.747,36.1244,-17.5185,0.2,0.0,0.0,0.0,0.2332,-0.0172,-0.5771,0.6227,-0.0119,1,1,2,0.924,0.555,0.445,0,0,0.0,4,TERMINAL_PRESS,-0.0248,-0.0204,-0.1783,0.0205
2384,63.239,35.9456,-17.4984,0.9224,-0.0266,-0.0211,-0.1372,0.582,0.18,0.744,36.1244,-17.5185,0.2,0.0,0.0,0.0,0.2346,-0.0164,-0.5768,0.6229,-0.0377,1,1,2,0.924,0.555,0.445,0,0,0.0,4,TERMINAL_PRESS,-0.0266,-0.0211,-0.1788,0.0201
2385,63.249,35.945,-17.4988,0.9197,-0.0274,-0.0209,-0.1371,0.579,0.18,0.742,36.1244,-17.5185,0.2,0.0,0.0,0.0,0.2356,-0.0159,-0.5769,0.6234,-0.0084,1,1,2,0.925,0.558,0.442,0,0,0.0,4,SETTLE_PHASE,-0.0274,-0.0209,-0.1794,0.0197
2386,63.26,35.9445,-17.4992,0.9172,-0.0287,-0.0218,-0.1223,0.577,0.181,0.74,36.1244,-17.5185,0.2,0.0,0.0,0.0,0.2369,-0.015,-0.6021,0.6472,-0.0414,1,1,2,0.927,0.56,0.44,0,0,0.0,4,SETTLE_PHASE,-0.0287,-0.0218,-0.1799,0.0193
2387,63.271,35.9439,-17.4997,0.915,-0.0278,-0.0215,-0.1127,0.574,0.181,0.738,36.1244,-17.5185,0.2,0.0,0.0,0.0,0.2372,-0.0146,-0.6185,0.6626,-0.0059,1,1,2,0.927,0.561,0.439,0,0,0.0,4,SETTLE_PHASE,-0.0278,-0.0215,-0.1805,0.0188
2388,63.281,35.9434,-17.5001,0.9128,-0.0245,-0.0225,-0.1066,0.572,0.182,0.736,36.1244,-17.5185,0.2,0.0,0.0,0.0,0.2364,-0.0136,-0.6288,0.6719,-0.0383,1,1,2,0.928,0.563,0.437,0,0,0.0,4,SETTLE_PHASE,-0.0245,-0.0225,-0.181,0.0184
2389,63.291,35.943,-17.5006,0.9108,-0.0212,-0.0221,-0.1027,0.57,0.182,0.734,36.1244,-17.5185,0.2,0.0,0.0,0.0,0.2356,-0.0132,-0.6355,0.6779,-0.0027,1,1,2,0.928,0.56,0.44,0,0,0.0,4,SETTLE_PHASE,-0.0212,-0.0221,-0.1814,0.0179
2390,63.302,35.9427,-17.501,0.9088,-0.0157,-0.0227,-0.1003,0.568,0.183,0.732,36.1244,-17.5185,0.2,0.0,0.0,0.0,0.2337,-0.0124,-0.6396,0.681,-0.035,1,1,2,0.93,0.547,0.453,0,0,0.0,4,SETTLE_PHASE,-0.0157,-0.0227,-0.1817,0.0175
2391,63.313,35.9425,-17.5014,0.9068,-0.0107,-0.0216,-0.0987,0.566,0.183,0.73,36.1244,-17.5185,0.2,0.0,0.0,0.0,0.2319,-0.0123,-0.6423,0.6829,0.0006,1,1,2,0.929,0.55,0.45,0,0,0.0,4,SETTLE_PHASE,-0.0107,-0.0216,-0.1819,0.0171
2392,63.323,35.9424,-17.5019,0.9048,-0.0038,-0.0213,-0.0978,0.564,0.183,0.728,36.1244,-17.5185,0.2,0.0,0.0,0.0,0.2291,-0.0119,-0.6438,0.6834,-0.0316,1,1,2,0.93,0.552,0.448,0,0,0.0,4,SETTLE_PHASE,-0.0038,-0.0213,-0.182,0.0166
2393,63.333,35.9425,-17.5023,0.9029,0.0024,-0.0191,-0.0972,0.562,0.183,0.726,36.1244,-17.5185,0.2,0.0,0.0,0.0,0.2265,-0.0123,-0.6448,0.6835,0.0022,1,1,2,0.93,0.552,0.448,0,0,0.0,4,SETTLE_PHASE,0.0024,-0.0191,-0.182,0.0163
2394,63.344,35.9427,-17.5026,0.9009,0.01,-0.0174,-0.0969,0.56,0.182,0.724,36.1244,-17.5185,0.2,0.0,0.0,0.0,0.223,-0.0126,-0.6452,0.6828,-0.0301,1,1,2,0.931,0.55,0.45,0,0,0.0,4,SETTLE_PHASE,0.01,-0.0174,-0.1818,0.0159
2395,63.355,35.943,-17.5029,0.899,0.0166,-0.0137,-0.0969,0.559,0.182,0.722,36.1244,-17.5185,0.2,0.0,0.0,0.0,0.2198,-0.0138,-0.6452,0.6818,-0.0161,1,1,2,0.93,0.552,0.448,0,0,0.0,4,SETTLE_PHASE,0.0166,-0.0137,-0.1814,0.0156
2396,63.367,35.9435,-17.5031,0.8971,0.0244,-0.0104,-0.0975,0.557,0.182,0.72,36.1244,-17.5185,0.2,0.0,0.0,0.0,0.216,-0.0149,-0.6442,0.6796,-0.043,1,1,2,0.931,0.552,0.448,0,0,0.0,4,SETTLE_PHASE,0.0244,-0.0104,-0.1809,0.0154
2397,63.38,35.9441,-17.5032,0.8951,0.0308,-0.0066,-0.0978,0.555,0.181,0.718,36.1244,-17.5185,0.2,0.0,0.0,0.0,0.2125,-0.0164,-0.6438,0.6782,-0.0053,1,1,2,0.931,0.555,0.445,0,0,0.0,4,SETTLE_PHASE,0.0308,-0.0066,-0.1803,0.0153
2398,63.391,35.9449,-17.5033,0.8932,0.0385,-0.0048,-0.0975,0.553,0.18,0.716,36.1244,-17.5185,0.2,0.0,0.0,0.0,0.2084,-0.017,-0.6443,0.6774,-0.0349,1,1,2,0.931,0.553,0.447,0,0,0.0,4,SETTLE_PHASE,0.0385,-0.0048,-0.1796,0.0152
2399,63.401,35.9458,-17.5034,0.8912,0.0448,-0.0025,-0.0972,0.551,0.179,0.714,36.1244,-17.5185,0.2,0.0,0.0,0.0,0.2046,-0.0179,-0.6447,0.6766,0.0048,1,1,2,0.931,0.557,0.443,0,0,0.0,4,SETTLE_PHASE,0.0448,-0.0025,-0.1787,0.0151
2400,63.412,35.9468,-17.5034,0.8899,0.0532,-0.002,-0.0644,0.549,0.178,0.713,36.1244,-17.5185,0.2,0.0,0.0,0.0,0.1997,-0.018,-0.7005,0.7286,-0.0282,1,1,2,0.93,0.561,0.439,0,0,0.0,4,SETTLE_PHASE,0.0532,-0.002,-0.1776,0.0151
2401,63.423,35.948,-17.5034,0.889,0.0594,-0.0007,-0.0441,0.549,0.177,0.711,36.1244,-17.5185,0.2,0.0,0.0,0.0,0.1957,-0.0186,-0.735,0.7608,0.0084,1,1,2,0.929,0.56,0.44,0,0,0.0,4,SETTLE_PHASE,0.0594,-0.0007,-0.1764,0.0151
2402,63.434,35.9493,-17.5034,0.8884,0.0638,-0.0013,-0.0305,0.548,0.176,0.711,36.1244,-17.5185,0.2,0.0,0.0,0.0,0.1922,-0.0183,-0.7581,0.7823,-0.0255,1,1,2,0.929,0.559,0.441,0,0,0.0,4,SETTLE_PHASE,0.0638,-0.0013,-0.1751,0.0151
2403,63.444,35.9506,-17.5035,0.888,0.0654,-0.0009,-0.0219,0.547,0.174,0.71,36.1244,-17.5185,0.2,0.0,0.0,0.0,0.1899,-0.0184,-0.7727,0.7959,0.0124,1,1,2,0.927,0.556,0.444,0,0,0.0,4,SETTLE_PHASE,0.0654,-0.0009,-0.1738,0.015
2404,63.455,35.9519,-17.5035,0.8877,0.0664,-0.0023,-0.0164,0.547,0.173,0.709,36.1244,-17.5185,0.2,0.0,0.0,0.0,0.1878,-0.0178,-0.7821,0.8046,-0.0203,1,1,2,0.927,0.555,0.445,0,0,0.0,4,SETTLE_PHASE,0.0664,-0.0023,-0.1725,0.015
2405,63.468,35.9532,-17.5036,0.8874,0.0645,-0.0024,-0.0136,0.547,0.172,0.709,36.1244,-17.5185,0.2,0.0,0.0,0.0,0.187,-0.0177,-0.7869,0.809,0.0117,1,1,2,0.925,0.552,0.448,0,0,0.0,4,SETTLE_PHASE,0.0645,-0.0024,-0.1712,0.015
2406,63.479,35.9544,-17.5036,0.8872,0.0617,-0.004,-0.0111,0.547,0.171,0.708,36.1244,-17.5185,0.2,0.0,0.0,0.0,0.1866,-0.0169,-0.7912,0.8131,-0.0225,1,1,2,0.926,0.552,0.448,0,0,0.0,4,SETTLE_PHASE,0.0617,-0.004,-0.17,0.0149
2407,63.49,35.9556,-17.5037,0.887,0.0571,-0.0043,-0.0095,0.546,0.169,0.708,36.1244,-17.5185,0.2,0.0,0.0,0.0,0.1871,-0.0167,-0.7938,0.8157,0.0111,1,1,2,0.924,0.549,0.451,0,0,0.0,4,SETTLE_PHASE,0.0571,-0.0043,-0.1688,0.0148
2408,63.502,35.9566,-17.5038,0.8868,0.0527,-0.0059,-0.0085,0.546,0.168,0.707,36.1244,-17.5185,0.2,0.0,0.0,0.0,0.1876,-0.0159,-0.7955,0.8175,-0.0222,1,1,2,0.924,0.55,0.45,0,0,0.0,4,SETTLE_PHASE,0.0527,-0.0059,-0.1678,0.0147
2409,63.513,35.9576,-17.504,0.8866,0.0461,-0.006,-0.0082,0.546,0.167,0.707,36.1244,-17.5185,0.2,0.0,0.0,0.0,0.1892,-0.0157,-0.7961,0.8184,0.0085,1,1,2,0.924,0.547,0.453,0,0,0.0,4,SETTLE_PHASE,0.0461,-0.006,-0.1668,0.0145
2410,63.524,35.9584,-17.5041,0.8865,0.0395,-0.0072,-0.0078,0.546,0.167,0.706,36.1244,-17.5185,0.2,0.0,0.0,0.0,0.191,-0.015,-0.7968,0.8195,-0.0238,1,1,2,0.925,0.55,0.45,0,0,0.0,4,SETTLE_PHASE,0.0395,-0.0072,-0.1661,0.0144
2411,63.537,35.959,-17.5042,0.8863,0.0321,-0.0069,-0.0076,0.546,0.166,0.706,36.1244,-17.5185,0.2,0.0,0.0,0.0,0.1933,-0.0149,-0.797,0.8203,0.009,1,1,2,0.924,0.548,0.452,0,0,0.0,4,SETTLE_PHASE,0.0321,-0.0069,-0.1654,0.0143
2412,63.549,35.9595,-17.5044,0.8862,0.0261,-0.0076,-0.0075,0.546,0.165,0.706,36.1244,-17.5185,0.2,0.0,0.0,0.0,0.1951,-0.0145,-0.7972,0.8209,-0.023,1,1,2,0.925,0.552,0.448,0,0,0.0,4,SETTLE_PHASE,0.0261,-0.0076,-0.1649,0.0141
2413,63.559,35.9599,-17.5045,0.886,0.019,-0.0065,-0.0075,0.546,0.165,0.706,36.1244,-17.5185,0.2,0.0,0.0,0.0,0.1977,-0.0148,-0.7973,0.8215,0.0098,1,1,2,0.924,0.55,0.45,0,0,0.0,4,SETTLE_PHASE,0.019,-0.0065,-0.1645,0.014
2414,63.571,35.9602,-17.5046,0.8859,0.0129,-0.006,-0.0075,0.545,0.165,0.705,36.1244,-17.5185,0.2,0.0,0.0,0.0,0.1999,-0.0148,-0.7972,0.822,-0.0218,1,1,2,0.924,0.551,0.449,0,0,0.0,4,SETTLE_PHASE,0.0129,-0.006,-0.1643,0.0139
2415,63.582,35.9603,-17.5047,0.8857,0.0054,-0.0036,-0.0079,0.545,0.165,0.705,36.1244,-17.5185,0.2,0.0,0.0,0.0,0.2029,-0.0157,-0.7965,0.8221,-0.0125,1,1,2,0.924,0.551,0.449,0,0,0.0,4,SETTLE_PHASE,0.0054,-0.0036,-0.1641,0.0138
2416,63.595,35.9602,-17.5047,0.8856,-0.0014,-0.0016,-0.0086,0.545,0.165,0.705,36.1244,-17.5185,0.2,0.0,0.0,0.0,0.2058,-0.0165,-0.7954,0.8217,-0.0397,1,1,2,0.926,0.554,0.446,0,0,0.0,4,SETTLE_PHASE,-0.0014,-0.0016,-0.1642,0.0138
2417,63.607,35.9601,-17.5047,0.8854,-0.0077,0.0008,-0.0082,0.545,0.165,0.705,36.1244,-17.5185,0.2,0.0,0.0,0.0,0.2087,-0.0175,-0.796,0.8231,-0.0042,1,1,2,0.925,0.551,0.449,0,0,0.0,4,SETTLE_PHASE,-0.0077,0.0008,-0.1643,0.0138
2418,63.619,35.9598,-17.5047,0.8852,-0.0123,0.0013,-0.008,0.545,0.165,0.705,36.1244,-17.5185,0.2,0.0,0.0,0.0,0.2109,-0.0178,-0.7964,0.824,-0.0333,1,1,2,0.926,0.554,0.446,0,0,0.0,4,TERMINAL_PRESS,-0.0123,0.0013,-0.1646,0.0138
2419,63.63,35.9595,-17.5047,0.8841,-0.0163,0.0022,-0.056,0.544,0.165,0.704,36.1244,-17.5185,0.2,0.0,0.0,0.0,0.213,-0.0182,-0.7148,0.7461,-0.0017,1,1,2,0.926,0.552,0.448,0,0,0.0,4,TERMINAL_PRESS,-0.0163,0.0022,-0.1649,0.0138
2420,63.642,35.9591,-17.5046,0.8824,-0.0196,0.0019,-0.0861,0.542,0.166,0.702,36.1244,-17.5185,0.2,0.0,0.0,0.0,0.2148,-0.0182,-0.6635,0.6977,-0.0288,1,1,2,0.927,0.554,0.446,0,0,0.0,4,TERMINAL_PRESS,-0.0196,0.0019,-0.1653,0.0139
2421,63.654,35.9586,-17.5046,0.8803,-0.0237,0.0022,-0.1052,0.54,0.166,0.7,36.1244,-17.5185,0.2,0.0,0.0,0.0,0.2172,-0.0183,-0.6311,0.6677,0.0046,1,1,2,0.927,0.554,0.446,0,0,0.0,4,TERMINAL_PRESS,-0.0237,0.0022,-0.1658,0.0139
2422,63.666,35.9581,-17.5046,0.8779,-0.0269,0.0011,-0.1171,0.537,0.167,0.698,36.1244,-17.5185,0.2,0.0,0.0,0.0,0.2192,-0.0179,-0.6109,0.6493,-0.0242,1,1,2,0.928,0.556,0.444,0,0,0.0,4,TERMINAL_PRESS,-0.0269,0.0011,-0.1663,0.014
2423,63.679,35.9575,-17.5045,0.8754,-0.0304,0.0009,-0.1246,0.535,0.167,0.696,36.1244,-17.5185,0.2,0.0,0.0,0.0,0.2214,-0.0179,-0.5982,0.6381,0.0118,1,1,2,0.928,0.557,0.443,0,0,0.0,4,TERMINAL_PRESS,-0.0304,0.0009,-0.1669,0.014
2424,63.689,35.9569,-17.5045,0.8729,-0.0322,-0.0006,-0.1292,0.532,0.168,0.694,36.1244,-17.5185,0.2,0.0,0.0,0.0,0.223,-0.0172,-0.5903,0.6312,-0.0183,1,1,2,0.929,0.558,0.442,0,0,0.0,4,TERMINAL_PRESS,-0.0322,-0.0006,-0.1676,0.014
2425,63.7,35.9562,-17.5046,0.8702,-0.0345,-0.001,-0.1328,0.53,0.169,0.691,36.1244,-17.5185,0.2,0.0,0.0,0.0,0.2248,-0.017,-0.5842,0.6262,0.0128,1,1,2,0.929,0.558,0.442,0,0,0.0,4,TERMINAL_PRESS,-0.0345,-0.001,-0.1682,0.0139
2426,63.711,35.9555,-17.5046,0.8675,-0.0354,-0.0025,-0.1344,0.527,0.17,0.689,36.1244,-17.5185,0.2,0.0,0.0,0.0,0.226,-0.0163,-0.5816,0.6242,-0.0222,1,1,2,0.93,0.558,0.442,0,0,0.0,4,TERMINAL_PRESS,-0.0354,-0.0025,-0.169,0.0139
2427,63.723,35.9547,-17.5047,0.8648,-0.037,-0.0025,-0.1353,0.524,0.17,0.686,36.1244,-17.5185,0.2,0.0,0.0,0.0,0.2276,-0.0162,-0.58,0.6233,0.0103,1,1,2,0.93,0.559,0.441,0,0,0.0,4,TERMINAL_PRESS,-0.037,-0.0025,-0.1697,0.0138
2428,63.734,35.954,-17.5047,0.8621,-0.0372,-0.0037,-0.1359,0.522,0.171,0.684,36.1244,-17.5185,0.2,0.0,0.0,0.0,0.2287,-0.0157,-0.5789,0.6226,-0.0241,1,1,2,0.93,0.561,0.439,0,0,0.0,4,TERMINAL_PRESS,-0.0372,-0.0037,-0.1704,0.0138
2429,63.746,35.9532,-17.5048,0.8594,-0.0386,-0.0031,-0.1364,0.519,0.172,0.681,36.1244,-17.5185,0.2,0.0,0.0,0.0,0.2302,-0.0158,-0.5781,0.6224,0.0065,1,1,2,0.969,0.563,0.437,0,0,0.0,4,TERMINAL_PRESS,-0.0386,-0.0031,-0.1712,0.0137
2430,63.756,35.9524,-17.5049,0.8566,-0.0388,-0.0033,-0.1366,0.516,0.173,0.679,36.1244,-17.5185,0.2,0.0,0.0,0.0,0.2312,-0.0157,-0.5778,0.6225,-0.0273,1,1,2,0.971,0.561,0.439,0,0,0.0,4,TERMINAL_PRESS,-0.0388,-0.0033,-0.172,0.0136
2431,63.767,35.9516,-17.5049,0.8539,-0.0392,-0.0017,-0.1367,0.513,0.173,0.676,36.1244,-17.5185,0.2,0.0,0.0,0.0,0.2324,-0.0163,-0.5775,0.6228,-0.0025,1,1,2,0.97,0.563,0.437,0,0,0.0,4,TERMINAL_PRESS,-0.0392,-0.0017,-0.1728,0.0136
2432,63.779,35.9509,-17.5049,0.8512,-0.0375,-0.0007,-0.1375,0.511,0.174,0.674,36.1244,-17.5185,0.2,0.0,0.0,0.0,0.2326,-0.0167,-0.5763,0.6217,-0.033,1,1,2,0.974,0.559,0.441,0,0,0.0,4,TERMINAL_PRESS,-0.0375,-0.0007,-0.1735,0.0136
2433,63.794,35.9502,-17.5049,0.8484,-0.0362,0.0019,-0.1372,0.508,0.175,0.672,36.1244,-17.5185,0.2,0.0,0.0,0.0,0.233,-0.0178,-0.5768,0.6223,0.0037,1,1,2,0.956,0.561,0.439,0,0,0.0,4,TERMINAL_PRESS,-0.0362,0.0019,-0.1742,0.0136
2434,63.811,35.9495,-17.5048,0.8457,-0.033,0.0034,-0.1371,0.505,0.175,0.669,36.1244,-17.5185,0.2,0.0,0.0,0.0,0.2324,-0.0185,-0.577,0.6223,-0.0259,1,1,2,0.957,0.56,0.44,0,0,0.0,4,TERMINAL_PRESS,-0.033,0.0034,-0.1749,0.0137
2435,63.828,35.9489,-17.5047,0.8429,-0.0304,0.0064,-0.1371,0.502,0.176,0.667,36.1244,-17.5185,0.2,0.0,0.0,0.0,0.2321,-0.02,-0.5769,0.6222,-0.0012,1,1,2,0.957,0.558,0.442,0,0,0.0,4,TERMINAL_PRESS,-0.0304,0.0064,-0.1755,0.0138
2436,63.839,35.9484,-17.5045,0.8402,-0.0262,0.0087,-0.1371,0.5,0.177,0.664,36.1244,-17.5185,0.2,0.0,0.0,0.0,0.231,-0.0212,-0.577,0.6219,-0.0315,1,1,2,0.969,0.559,0.441,0,0,0.0,4,TERMINAL_PRESS,-0.0262,0.0087,-0.176,0.014
2437,63.85,35.9479,-17.5043,0.8374,-0.0229,0.0118,-0.137,0.497,0.177,0.662,36.1244,-17.5185,0.2,0.0,0.0,0.0,0.2302,-0.0227,-0.5771,0.6217,0.0063,1,1,2,0.969,0.56,0.44,0,0,0.0,4,TERMINAL_PRESS,-0.0229,0.0118,-0.1765,0.0142
2438,63.861,35.9475,-17.504,0.8347,-0.0183,0.0134,-0.137,0.494,0.177,0.659,36.1244,-17.5185,0.2,0.0,0.0,0.0,0.2287,-0.0237,-0.577,0.6212,-0.0245,1,1,2,0.972,0.562,0.438,0,0,0.0,4,TERMINAL_PRESS,-0.0183,0.0134,-0.1769,0.0145
2439,63.872,35.9473,-17.5037,0.832,-0.0148,0.016,-0.1374,0.491,0.178,0.656,36.1244,-17.5185,0.2,0.0,0.0,0.0,0.2277,-0.0252,-0.5765,0.6203,0.0117,1,1,2,0.972,0.562,0.438,0,0,0.0,4,TERMINAL_PRESS,-0.0148,0.016,-0.1772,0.0148
2440,63.883,35.947,-17.5033,0.8292,-0.0105,0.0172,-0.1373,0.489,0.178,0.654,36.1244,-17.5185,0.2,0.0,0.0,0.0,0.2261,-0.0262,-0.5766,0.6199,-0.0207,1,1,2,0.959,0.561,0.439,0,0,0.0,4,TERMINAL_PRESS,-0.0105,0.0172,-0.1774,0.0152
2441,63.893,35.9469,-17.5029,0.8265,-0.0076,0.0199,-0.1376,0.486,0.178,0.651,36.1244,-17.5185,0.2,0.0,0.0,0.0,0.2251,-0.0278,-0.576,0.6191,0.0082,1,1,2,0.974,0.562,0.438,0,0,0.0,4,TERMINAL_PRESS,-0.0076,0.0199,-0.1775,0.0156
2442,63.904,35.9468,-17.5025,0.8237,-0.004,0.0214,-0.1374,0.483,0.178,0.649,36.1244,-17.5185,0.2,0.0,0.0,0.0,0.2237,-0.0289,-0.5764,0.6189,-0.0257,1,1,2,0.974,0.563,0.437,0,0,0.0,4,TERMINAL_PRESS,-0.004,0.0214,-0.1776,0.016
2443,63.915,35.9468,-17.502,0.821,-0.0022,0.0239,-0.1373,0.48,0.178,0.646,36.1244,-17.5185,0.2,0.0,0.0,0.0,0.223,-0.0306,-0.5766,0.619,0.0096,1,1,2,0.974,0.565,0.435,0,0,0.0,4,TERMINAL_PRESS,-0.0022,0.0239,-0.1776,0.0165
2444,63.926,35.9468,-17.5015,0.8182,0.0001,0.0251,-0.1372,0.478,0.178,0.643,36.1244,-17.5185,0.2,0.0,0.0,0.0,0.222,-0.0317,-0.5768,0.6188,-0.0241,1,1,2,0.976,0.565,0.435,0,0,0.0,4,TERMINAL_PRESS,0.0001,0.0251,-0.1776,0.017
2445,63.936,35.9468,-17.501,0.8155,0.0003,0.0277,-0.1374,0.475,0.178,0.641,36.1244,-17.5185,0.2,0.0,0.0,0.0,0.2219,-0.0335,-0.5764,0.6186,-0.0031,1,1,2,0.976,0.565,0.435,0,0,0.0,4,TERMINAL_PRESS,0.0003,0.0277,-0.1776,0.0175
2446,63.947,35.9468,-17.5004,0.8127,0.0005,0.0291,-0.1373,0.472,0.179,0.638,36.1244,-17.5185,0.2,0.0,0.0,0.0,0.2218,-0.0348,-0.5767,0.6188,-0.0364,1,1,2,0.977,0.567,0.433,0,0,0.0,4,TERMINAL_PRESS,0.0005,0.0291,-0.1776,0.0181
2447,63.958,35.9468,-17.4998,0.81,0.0002,0.031,-0.1371,0.469,0.179,0.636,36.1244,-17.5185,0.2,0.0,0.0,0.0,0.2219,-0.0364,-0.5769,0.6192,-0.0015,1,1,2,0.978,0.567,0.433,0,0,0.0,4,TERMINAL_PRESS,0.0002,0.031,-0.1776,0.0187
2448,63.968,35.9468,-17.4992,0.8072,0.0016,0.031,-0.1371,0.467,0.179,0.633,36.1244,-17.5185,0.2,0.0,0.0,0.0,0.2213,-0.0371,-0.577,0.6191,-0.035,1,1,2,0.96,0.566,0.434,0,0,0.0,4,TERMINAL_PRESS,0.0016,0.031,-0.1776,0.0193
2449,63.982,35.9469,-17.4985,0.8045,0.0021,0.0317,-0.137,0.464,0.179,0.63,36.1244,-17.5185,0.2,0.0,0.0,0.0,0.2211,-0.0382,-0.5771,0.6192,0.0002,1,1,2,0.979,0.567,0.433,0,0,0.0,4,TERMINAL_PRESS,0.0021,0.0317,-0.1775,0.02
2450,63.994,35.9469,-17.4979,0.8018,0.0039,0.0306,-0.1369,0.461,0.179,0.628,36.1244,-17.5185,0.2,0.0,0.0,0.0,0.2202,-0.0385,-0.5772,0.619,-0.0333,1,1,2,0.961,0.567,0.433,0,0,0.0,4,TERMINAL_PRESS,0.0039,0.0306,-0.1775,0.0206
2451,64.01,35.947,-17.4973,0.799,0.0045,0.0306,-0.1369,0.459,0.179,0.625,36.1244,-17.5185,0.2,0.0,0.0,0.0,0.2198,-0.0393,-0.5773,0.619,0.0022,1,1,2,0.961,0.566,0.434,0,0,0.0,4,TERMINAL_PRESS,0.0045,0.0306,-0.1774,0.0212
2452,64.02,35.9472,-17.4967,0.7963,0.0061,0.0292,-0.1369,0.456,0.179,0.622,36.1244,-17.5185,0.2,0.0,0.0,0.0,0.219,-0.0394,-0.5773,0.6187,-0.0312,1,1,2,0.961,0.566,0.434,0,0,0.0,4,TERMINAL_PRESS,0.0061,0.0292,-0.1773,0.0218
2453,64.031,35.9473,-17.4961,0.7935,0.0063,0.029,-0.1369,0.453,0.179,0.62,36.1244,-17.5185,0.2,0.0,0.0,0.0,0.2188,-0.0401,-0.5773,0.6187,0.0045,1,1,2,0.961,0.566,0.434,0,0,0.0,4,TERMINAL_PRESS,0.0063,0.029,-0.1771,0.0224
2454,64.043,35.9474,-17.4956,0.7908,0.007,0.0277,-0.1369,0.45,0.178,0.617,36.1244,-17.5185,0.2,0.0,0.0,0.0,0.2183,-0.0402,-0.5773,0.6185,-0.0287,1,1,2,0.961,0.566,0.434,0,0,0.0,4,TERMINAL_PRESS,0.007,0.0277,-0.177,0.0229
2455,64.053,35.9475,-17.495,0.7881,0.006,0.028,-0.1371,0.448,0.178,0.615,36.1244,-17.5185,0.2,0.0,0.0,0.0,0.2186,-0.041,-0.577,0.6184,-0.0054,1,1,2,0.961,0.566,0.434,0,0,0.0,4,TERMINAL_PRESS,0.006,0.028,-0.1769,0.0235
2456,64.064,35.9476,-17.4945,0.7853,0.0053,0.0273,-0.137,0.445,0.178,0.612,36.1244,-17.5185,0.2,0.0,0.0,0.0,0.2187,-0.0414,-0.5771,0.6186,-0.0383,1,1,2,0.962,0.566,0.434,0,0,0.0,4,TERMINAL_PRESS,0.0053,0.0273,-0.1768,0.024
2457,64.075,35.9477,-17.4939,0.7826,0.0034,0.0275,-0.1369,0.442,0.178,0.609,36.1244,-17.5185,0.2,0.0,0.0,0.0,0.2194,-0.0422,-0.5772,0.619,-0.0024,1,1,2,0.961,0.566,0.434,0,0,0.0,4,TERMINAL_PRESS,0.0034,0.0275,-0.1767,0.0246
2458,64.087,35.9478,-17.4934,0.7799,0.0024,0.026,-0.1369,0.439,0.178,0.607,36.1244,-17.5185,0.2,0.0,0.0,0.0,0.2198,-0.0422,-0.5772,0.6191,-0.0351,1,1,2,0.962,0.567,0.433,0,0,0.0,4,TERMINAL_PRESS,0.0024,0.026,-0.1767,0.0251
2459,64.097,35.9478,-17.4929,0.7771,-0.0001,0.0257,-0.137,0.437,0.178,0.604,36.1244,-17.5185,0.2,0.0,0.0,0.0,0.2209,-0.0427,-0.5771,0.6194,-0.0004,1,1,2,0.962,0.566,0.434,0,0,0.0,4,TERMINAL_PRESS,-0.0001,0.0257,-0.1767,0.0256
2460,64.11,35.9477,-17.4924,0.7744,-0.0021,0.0239,-0.137,0.434,0.179,0.602,36.1244,-17.5185,0.2,0.0,0.0,0.0,0.2218,-0.0426,-0.5771,0.6197,-0.0329,1,1,2,0.965,0.569,0.431,0,0,0.0,4,TERMINAL_PRESS,-0.0021,0.0239,-0.1767,0.0261
2461,64.122,35.9476,-17.4919,0.7716,-0.0051,0.0235,-0.1369,0.431,0.179,0.599,36.1244,-17.5185,0.2,0.0,0.0,0.0,0.2231,-0.043,-0.5772,0.6203,0.0035,1,1,2,0.962,0.565,0.435,0,0,0.0,4,TERMINAL_PRESS,-0.0051,0.0235,-0.1768,0.0266
2462,64.135,35.9475,-17.4915,0.7689,-0.0071,0.0218,-0.137,0.428,0.179,0.596,36.1244,-17.5185,0.2,0.0,0.0,0.0,0.2241,-0.0429,-0.5771,0.6206,-0.029,1,1,2,0.965,0.57,0.43,0,0,0.0,4,TERMINAL_PRESS,-0.0071,0.0218,-0.1769,0.027
2463,64.149,35.9473,-17.4911,0.7661,-0.0104,0.0217,-0.1376,0.426,0.179,0.594,36.1244,-17.5185,0.2,0.0,0.0,0.0,0.2258,-0.0434,-0.576,0.6202,0.0019,1,1,2,0.965,0.569,0.431,0,0,0.0,4,TERMINAL_PRESS,-0.0104,0.0217,-0.1771,0.0274
2464,64.161,35.947,-17.4907,0.7634,-0.013,0.0207,-0.1374,0.423,0.18,0.591,36.1244,-17.5185,0.2,0.0,0.0,0.0,0.2272,-0.0435,-0.5764,0.6211,-0.0326,1,1,2,0.966,0.569,0.431,0,0,0.0,4,TERMINAL_PRESS,-0.013,0.0207,-0.1774,0.0278
2465,64.172,35.9467,-17.4902,0.7606,-0.0157,0.0212,-0.1373,0.42,0.18,0.589,36.1244,-17.5185,0.2,0.0,0.0,0.0,0.2287,-0.0442,-0.5765,0.6218,-0.007,1,1,2,0.977,0.573,0.427,0,0,0.0,4,TERMINAL_PRESS,-0.0157,0.0212,-0.1777,0.0283
2466,64.183,35.9464,-17.4898,0.7579,-0.0166,0.0208,-0.1372,0.417,0.18,0.586,36.1244,-17.5185,0.2,0.0,0.0,0.0,0.2295,-0.0445,-0.5768,0.6223,-0.0414,1,1,2,0.976,0.571,0.429,0,0,0.0,4,SETTLE_PHASE,-0.0166,0.0208,-0.1781,0.0287
2467,64.194,35.946,-17.4894,0.7555,-0.0181,0.0215,-0.1223,0.415,0.181,0.584,36.1244,-17.5185,0.2,0.0,0.0,0.0,0.2306,-0.0454,-0.602,0.6463,-0.0125,1,1,2,0.976,0.566,0.434,0,0,0.0,4,SETTLE_PHASE,-0.0181,0.0215,-0.1784,0.0291
2468,64.209,35.9456,-17.489,0.7532,-0.0179,0.0206,-0.1127,0.413,0.181,0.582,36.1244,-17.5185,0.2,0.0,0.0,0.0,0.2309,-0.0455,-0.6184,0.6617,-0.0456,1,1,2,0.976,0.567,0.433,0,0,0.0,4,SETTLE_PHASE,-0.0179,0.0206,-0.1788,0.0295
2469,64.222,35.9454,-17.4886,0.7511,-0.0144,0.0208,-0.1066,0.411,0.182,0.58,36.1244,-17.5185,0.2,0.0,0.0,0.0,0.2298,-0.0461,-0.6288,0.6711,-0.0181,1,1,2,0.969,0.563,0.437,0,0,0.0,4,SETTLE_PHASE,-0.0144,0.0208,-0.1791,0.0299
2470,64.241,35.9451,-17.4882,0.749,-0.0107,0.0194,-0.1026,0.409,0.182,0.578,36.1244,-17.5185,0.2,0.0,0.0,0.0,0.2286,-0.046,-0.6355,0.6769,-0.0518,1,1,2,0.974,0.567,0.433,0,0,0.0,4,SETTLE_PHASE,-0.0107,0.0194,-0.1793,0.0303
2471,64.252,35.9451,-17.4878,0.747,-0.0042,0.0187,-0.1002,0.407,0.182,0.576,36.1244,-17.5185,0.2,0.0,0.0,0.0,0.2259,-0.0462,-0.6396,0.6799,-0.0239,1,1,2,0.971,0.568,0.432,0,0,0.0,4,SETTLE_PHASE,-0.0042,0.0187,-0.1794,0.0307
2472,64.263,35.9451,-17.4875,0.745,0.0022,0.0163,-0.099,0.405,0.182,0.575,36.1244,-17.5185,0.2,0.0,0.0,0.0,0.2232,-0.0456,-0.6417,0.6809,-0.0562,1,1,2,0.971,0.571,0.429,0,0,0.0,4,SETTLE_PHASE,0.0022,0.0163,-0.1793,0.031
2473,64.274,35.9453,-17.4872,0.7431,0.0111,0.0144,-0.098,0.403,0.182,0.573,36.1244,-17.5185,0.2,0.0,0.0,0.0,0.2192,-0.0452,-0.6434,0.6812,-0.0267,1,1,2,0.969,0.572,0.428,0,0,0.0,4,SETTLE_PHASE,0.0111,0.0144,-0.1791,0.0313
2474,64.285,35.9457,-17.487,0.7411,0.0195,0.0107,-0.0975,0.401,0.181,0.571,36.1244,-17.5185,0.2,0.0,0.0,0.0,0.2152,-0.0439,-0.6443,0.6807,-0.0601,1,1,2,0.969,0.573,0.427,0,0,0.0,4,SETTLE_PHASE,0.0195,0.0107,-0.1787,0.0315
2475,64.296,35.9463,-17.4868,0.7392,0.0301,0.0072,-0.0973,0.399,0.181,0.569,36.1244,-17.5185,0.2,0.0,0.0,0.0,0.2101,-0.0426,-0.6446,0.6793,-0.0303,1,1,2,0.969,0.573,0.427,0,0,0.0,4,SETTLE_PHASE,0.0301,0.0072,-0.1781,0.0317
2476,64.308,35.9471,-17.4868,0.7372,0.0399,0.0017,-0.098,0.397,0.18,0.567,36.1244,-17.5185,0.2,0.0,0.0,0.0,0.205,-0.0404,-0.6435,0.6765,-0.0318,1,1,2,0.969,0.573,0.427,0,0,0.0,4,SETTLE_PHASE,0.0399,0.0017,-0.1773,0.0317
2477,64.32,35.9481,-17.4869,0.7353,0.0514,-0.0037,-0.0982,0.395,0.179,0.564,36.1244,-17.5185,0.2,0.0,0.0,0.0,0.1989,-0.038,-0.6431,0.6742,-0.0116,1,1,2,0.97,0.575,0.425,0,0,0.0,4,SETTLE_PHASE,0.0514,-0.0037,-0.1763,0.0316
2478,64.33,35.9494,-17.4871,0.7339,0.064,-0.01,-0.0657,0.393,0.178,0.563,36.1244,-17.5185,0.2,0.0,0.0,0.0,0.192,-0.0351,-0.6983,0.7251,-0.0454,1,1,2,0.969,0.568,0.432,0,0,0.0,4,SETTLE_PHASE,0.064,-0.01,-0.175,0.0314
2479,64.34,35.9509,-17.4874,0.733,0.0761,-0.0145,-0.0452,0.393,0.176,0.561,36.1244,-17.5185,0.2,0.0,0.0,0.0,0.185,-0.0329,-0.7332,0.7569,-0.0099,1,1,2,0.969,0.567,0.433,0,0,0.0,4,SETTLE_PHASE,0.0761,-0.0145,-0.1735,0.0311
2480,64.351,35.9526,-17.4878,0.7324,0.0847,-0.0203,-0.032,0.392,0.175,0.56,36.1244,-17.5185,0.2,0.0,0.0,0.0,0.1793,-0.0299,-0.7555,0.7771,-0.0306,1,1,2,0.969,0.567,0.433,0,0,0.0,4,SETTLE_PHASE,0.0847,-0.0203,-0.1718,0.0307
2481,64.367,35.9545,-17.4883,0.7319,0.0916,-0.0247,-0.0239,0.391,0.173,0.559,36.1244,-17.5185,0.2,0.0,0.0,0.0,0.1741,-0.0274,-0.7694,0.7893,-0.0022,1,1,2,0.969,0.575,0.425,0,0,0.0,4,SETTLE_PHASE,0.0916,-0.0247,-0.1699,0.0302
2482,64.382,35.9563,-17.4888,0.7316,0.094,-0.0295,-0.018,0.391,0.171,0.558,36.1244,-17.5185,0.2,0.0,0.0,0.0,0.1707,-0.0247,-0.7793,0.7982,-0.0357,1,1,2,0.969,0.57,0.43,0,0,0.0,4,SETTLE_PHASE,0.094,-0.0295,-0.1681,0.0297
2483,64.394,35.9582,-17.4895,0.7313,0.0949,-0.0324,-0.014,0.391,0.169,0.557,36.1244,-17.5185,0.2,0.0,0.0,0.0,0.1679,-0.0227,-0.7862,0.8043,-0.0085,1,1,2,0.969,0.57,0.43,0,0,0.0,4,SETTLE_PHASE,0.0949,-0.0324,-0.1662,0.029
2484,64.405,35.9601,-17.4902,0.7311,0.0924,-0.0358,-0.0114,0.391,0.167,0.557,36.1244,-17.5185,0.2,0.0,0.0,0.0,0.1666,-0.0203,-0.7907,0.8083,-0.0394,1,1,2,0.968,0.566,0.434,0,0,0.0,4,SETTLE_PHASE,0.0924,-0.0358,-0.1643,0.0283
2485,64.418,35.9619,-17.491,0.7309,0.0892,-0.0377,-0.0096,0.39,0.165,0.556,36.1244,-17.5185,0.2,0.0,0.0,0.0,0.1657,-0.0186,-0.7937,0.811,-0.0126,1,1,2,0.967,0.564,0.436,0,0,0.0,4,SETTLE_PHASE,0.0892,-0.0377,-0.1625,0.0275
2486,64.429,35.9635,-17.4918,0.7307,0.0823,-0.0405,-0.0087,0.39,0.163,0.555,36.1244,-17.5185,0.2,0.0,0.0,0.0,0.1665,-0.0164,-0.7952,0.8126,-0.0315,1,1,2,0.967,0.563,0.437,0,0,0.0,4,SETTLE_PHASE,0.0823,-0.0405,-0.1609,0.0267
2487,64.441,35.965,-17.4926,0.7305,0.0743,-0.0418,-0.008,0.39,0.161,0.555,36.1244,-17.5185,0.2,0.0,0.0,0.0,0.168,-0.0148,-0.7963,0.814,0.0024,1,1,2,0.964,0.56,0.44,0,0,0.0,4,SETTLE_PHASE,0.0743,-0.0418,-0.1594,0.0259
2488,64.452,35.9663,-17.4935,0.7304,0.0667,-0.0431,-0.0075,0.39,0.16,0.554,36.1244,-17.5185,0.2,0.0,0.0,0.0,0.1695,-0.0131,-0.7972,0.8151,-0.0293,1,1,2,0.964,0.561,0.439,0,0,0.0,4,SETTLE_PHASE,0.0667,-0.0431,-0.1581,0.025
2489,64.463,35.9675,-17.4943,0.7302,0.057,-0.0417,-0.0076,0.39,0.159,0.553,36.1244,-17.5185,0.2,0.0,0.0,0.0,0.1221,-0.0056,-0.797,0.8063,-0.0138,1,1,2,0.964,0.56,0.44,0,0,0.0,4,SETTLE_PHASE,0.057,-0.0417,-0.1569,0.0242
2490,64.474,35.9684,-17.4951,0.7301,0.0474,-0.0401,-0.0078,0.39,0.158,0.553,36.1244,-17.5185,0.2,0.0,0.0,0.0,0.0747,0.0019,-0.7967,0.8002,-0.0441,1,1,2,0.965,0.563,0.437,0,0,0.0,4,SETTLE_PHASE,0.0474,-0.0401,-0.156,0.0234
2491,64.485,35.9692,-17.4958,0.7299,0.0373,-0.037,-0.0077,0.389,0.157,0.553,36.1244,-17.5185,0.2,0.0,0.0,0.0,0.0272,0.0091,-0.7969,0.7975,-0.0096,1,1,2,0.964,0.562,0.438,0,0,0.0,4,SETTLE_PHASE,0.0373,-0.037,-0.1552,0.0227
2492,64.496,35.9698,-17.4965,0.7298,0.0291,-0.0349,-0.0076,0.389,0.156,0.552,36.1244,-17.5185,0.2,0.0,0.0,0.0,-0.0123,0.0147,-0.7971,0.7974,-0.0391,1,1,2,0.965,0.564,0.436,0,0,0.0,4,SETTLE_PHASE,0.0291,-0.0349,-0.1547,0.022
2493,64.507,35.9702,-17.4972,0.7296,0.0202,-0.031,-0.0076,0.389,0.156,0.552,36.1244,-17.5185,0.2,0.0,0.0,0.0,-0.0085,0.0131,-0.7971,0.7973,-0.0044,1,1,2,0.964,0.563,0.437,0,0,0.0,4,SETTLE_PHASE,0.0202,-0.031,-0.1543,0.0213
2494,64.517,35.9704,-17.4977,0.7295,0.0127,-0.0278,-0.0076,0.389,0.155,0.552,36.1244,-17.5185,0.2,0.0,0.0,0.0,-0.0054,0.0117,-0.7971,0.7972,-0.034,1,1,2,0.965,0.566,0.434,0,0,0.0,4,SETTLE_PHASE,0.0127,-0.0278,-0.154,0.0208
2495,64.528,35.9705,-17.4982,0.7293,0.0043,-0.0227,-0.0079,0.389,0.155,0.552,36.1244,-17.5185,0.2,0.0,0.0,0.0,-0.0018,0.0096,-0.7965,0.7966,-0.0148,1,1,2,0.965,0.564,0.436,0,0,0.0,4,SETTLE_PHASE,0.0043,-0.0227,-0.1539,0.0203
2496,64.538,35.9704,-17.4985,0.7291,-0.0029,-0.018,-0.008,0.389,0.155,0.551,36.1244,-17.5185,0.2,0.0,0.0,0.0,0.0012,0.0076,-0.7965,0.7965,-0.0446,1,1,2,0.968,0.567,0.433,0,0,0.0,4,SETTLE_PHASE,-0.0029,-0.018,-0.154,0.02
2497,64.549,35.9702,-17.4988,0.729,-0.0108,-0.0124,-0.008,0.388,0.155,0.551,36.1244,-17.5185,0.2,0.0,0.0,0.0,0.0046,0.0052,-0.7964,0.7964,-0.0101,1,1,2,0.965,0.566,0.434,0,0,0.0,4,SETTLE_PHASE,-0.0108,-0.0124,-0.1542,0.0197
2498,64.561,35.9699,-17.4989,0.7288,-0.0172,-0.0082,-0.0081,0.388,0.156,0.551,36.1244,-17.5185,0.2,0.0,0.0,0.0,0.0073,0.0034,-0.7963,0.7963,-0.0403,1,1,2,0.968,0.568,0.432,0,0,0.0,4,SETTLE_PHASE,-0.0172,-0.0082,-0.1545,0.0196
2499,64.574,35.9694,-17.499,0.7287,-0.0245,-0.0027,-0.0083,0.388,0.156,0.551,36.1244,-17.5185,0.2,0.0,0.0,0.0,0.0103,0.0012,-0.7958,0.7959,-0.0088,1,1,2,0.968,0.568,0.432,0,0,0.0,4,SETTLE_PHASE,-0.0245,-0.0027,-0.155,0.0195
2500,64.585,35.9688,-17.499,0.7285,-0.0307,0.0015,-0.0084,0.388,0.157,0.551,36.1244,-17.5185,0.2,0.0,0.0,0.0,0.0129,-0.0006,-0.7957,0.7958,-0.0393,1,1,2,0.969,0.572,0.428,0,0,0.0,4,SETTLE_PHASE,-0.0307,0.0015,-0.1556,0.0195
2501,64.596,35.9681,-17.4988,0.7283,-0.0358,0.007,-0.0083,0.388,0.158,0.551,36.1244,-17.5185,0.2,0.0,0.0,0.0,0.0151,-0.003,-0.7959,0.796,-0.012,1,1,2,0.969,0.569,0.431,0,0,0.0,4,SETTLE_PHASE,-0.0358,0.007,-0.1563,0.0197
2502,64.607,35.9673,-17.4986,0.7282,-0.0389,0.0113,-0.0082,0.388,0.158,0.551,36.1244,-17.5185,0.2,0.0,0.0,0.0,0.0164,-0.0048,-0.7961,0.7962,-0.0433,1,1,2,0.969,0.57,0.43,0,0,0.0,4,SETTLE_PHASE,-0.0389,0.0113,-0.1571,0.0199
2503,64.619,35.9664,-17.4983,0.728,-0.0425,0.0166,-0.0081,0.387,0.159,0.551,36.1244,-17.5185,0.2,0.0,0.0,0.0,0.0179,-0.007,-0.7963,0.7965,-0.0086,1,1,2,0.969,0.569,0.431,0,0,0.0,4,SETTLE_PHASE,-0.0425,0.0166,-0.158,0.0202
2504,64.63,35.9655,-17.4979,0.7278,-0.0443,0.0204,-0.008,0.387,0.16,0.552,36.1244,-17.5185,0.2,0.0,0.0,0.0,0.0654,-0.0135,-0.7964,0.7992,-0.0404,1,1,2,0.969,0.57,0.43,0,0,0.0,4,SETTLE_PHASE,-0.0443,0.0204,-0.1589,0.0206
2505,64.645,35.9646,-17.4974,0.7277,-0.0469,0.0254,-0.0082,0.387,0.161,0.552,36.1244,-17.5185,0.2,0.0,0.0,0.0,0.1129,-0.0208,-0.7961,0.8043,-0.0233,1,1,2,0.969,0.569,0.431,0,0,0.0,4,SETTLE_PHASE,-0.0469,0.0254,-0.1598,0.0211
2506,64.656,35.9636,-17.4968,0.7275,-0.0481,0.0291,-0.008,0.387,0.162,0.552,36.1244,-17.5185,0.2,0.0,0.0,0.0,0.1602,-0.0289,-0.7964,0.8129,-0.0554,1,1,2,0.969,0.57,0.43,0,0,0.0,4,TERMINAL_PRESS,-0.0481,0.0291,-0.1608,0.0217
2507,64.667,35.9627,-17.4961,0.7264,-0.0489,0.0319,-0.0559,0.386,0.163,0.551,36.1244,-17.5185,0.2,0.0,0.0,0.0,0.2073,-0.0383,-0.715,0.7454,-0.0251,1,1,2,0.969,0.568,0.432,0,0,0.0,4,TERMINAL_PRESS,-0.0489,0.0319,-0.1617,0.0224
2508,64.677,35.9617,-17.4955,0.7247,-0.0478,0.033,-0.0863,0.384,0.164,0.55,36.1244,-17.5185,0.2,0.0,0.0,0.0,0.2235,-0.0427,-0.6632,0.7012,-0.0545,1,1,2,0.969,0.569,0.431,0,0,0.0,4,TERMINAL_PRESS,-0.0478,0.033,-0.1627,0.023
2509,64.689,35.9608,-17.4948,0.7226,-0.0464,0.0342,-0.105,0.382,0.165,0.548,36.1244,-17.5185,0.2,0.0,0.0,0.0,0.224,-0.044,-0.6315,0.6715,-0.0195,1,1,2,0.969,0.568,0.432,0,0,0.0,4,TERMINAL_PRESS,-0.0464,0.0342,-0.1636,0.0237
2510,64.701,35.9599,-17.4941,0.7202,-0.043,0.0332,-0.1167,0.38,0.166,0.546,36.1244,-17.5185,0.2,0.0,0.0,0.0,0.2237,-0.0444,-0.6115,0.6527,-0.0506,1,1,2,0.969,0.566,0.434,0,0,0.0,4,TERMINAL_PRESS,-0.043,0.0332,-0.1645,0.0244
2511,64.711,35.9591,-17.4935,0.7177,-0.0396,0.0325,-0.1241,0.377,0.167,0.544,36.1244,-17.5185,0.2,0.0,0.0,0.0,0.2232,-0.0449,-0.599,0.6409,-0.0137,1,1,2,0.969,0.563,0.437,0,0,0.0,4,TERMINAL_PRESS,-0.0396,0.0325,-0.1653,0.025
2512,64.724,35.9584,-17.4929,0.7152,-0.0343,0.0296,-0.1288,0.375,0.168,0.542,36.1244,-17.5185,0.2,0.0,0.0,0.0,0.2219,-0.0444,-0.591,0.6329,-0.0458,1,1,2,0.97,0.568,0.432,0,0,0.0,4,TERMINAL_PRESS,-0.0343,0.0296,-0.166,0.0256
2513,64.737,35.9579,-17.4923,0.7125,-0.0296,0.0272,-0.1317,0.372,0.169,0.54,36.1244,-17.5185,0.2,0.0,0.0,0.0,0.2206,-0.0441,-0.586,0.6277,-0.0075,1,1,2,0.97,0.565,0.435,0,0,0.0,4,TERMINAL_PRESS,-0.0296,0.0272,-0.1666,0.0262
2514,64.749,35.9574,-17.4919,0.7099,-0.0232,0.023,-0.1337,0.369,0.169,0.537,36.1244,-17.5185,0.2,0.0,0.0,0.0,0.2185,-0.0429,-0.5827,0.6238,-0.0401,1,1,2,0.971,0.569,0.431,0,0,0.0,4,TERMINAL_PRESS,-0.0232,0.023,-0.167,0.0266
2515,64.762,35.957,-17.4915,0.7072,-0.0177,0.0196,-0.135,0.367,0.17,0.535,36.1244,-17.5185,0.2,0.0,0.0,0.0,0.2166,-0.042,-0.5806,0.6211,-0.0008,1,1,2,0.971,0.567,0.433,0,0,0.0,4,TERMINAL_PRESS,-0.0177,0.0196,-0.1674,0.027
2516,64.774,35.9568,-17.4912,0.7044,-0.011,0.0145,-0.1358,0.364,0.17,0.532,36.1244,-17.5185,0.2,0.0,0.0,0.0,0.2141,-0.0402,-0.5791,0.6187,-0.0335,1,1,2,0.971,0.57,0.43,0,0,0.0,4,TERMINAL_PRESS,-0.011,0.0145,-0.1676,0.0273
2517,64.787,35.9567,-17.491,0.7017,-0.0054,0.0106,-0.1371,0.361,0.17,0.53,36.1244,-17.5185,0.2,0.0,0.0,0.0,0.2119,-0.0388,-0.577,0.6159,-0.0018,1,1,2,0.971,0.567,0.433,0,0,0.0,4,TERMINAL_PRESS,-0.0054,0.0106,-0.1677,0.0275
2518,64.798,35.9567,-17.4909,0.699,0.0011,0.0053,-0.1372,0.358,0.17,0.527,36.1244,-17.5185,0.2,0.0,0.0,0.0,0.2091,-0.0367,-0.5767,0.6146,-0.0395,1,1,2,0.972,0.569,0.431,0,0,0.0,4,TERMINAL_PRESS,0.0011,0.0053,-0.1677,0.0276
2519,64.811,35.9569,-17.4909,0.6962,0.0063,0.0012,-0.1374,0.356,0.17,0.524,36.1244,-17.5185,0.2,0.0,0.0,0.0,0.2068,-0.0351,-0.5765,0.6135,-0.0045,1,1,2,0.972,0.564,0.436,0,0,0.0,4,TERMINAL_PRESS,0.0063,0.0012,-0.1676,0.0276
2520,64.822,35.9571,-17.4909,0.6935,0.0122,-0.0041,-0.1374,0.353,0.17,0.522,36.1244,-17.5185,0.2,0.0,0.0,0.0,0.204,-0.0327,-0.5764,0.6123,-0.0413,1,1,2,0.972,0.569,0.431,0,0,0.0,4,TERMINAL_PRESS,0.0122,-0.0041,-0.1673,0.0276
2521,64.834,35.9574,-17.4911,0.6907,0.0166,-0.0079,-0.1375,0.35,0.169,0.519,36.1244,-17.5185,0.2,0.0,0.0,0.0,0.2018,-0.031,-0.5763,0.6114,-0.0066,1,1,2,0.972,0.573,0.427,0,0,0.0,4,TERMINAL_PRESS,0.0166,-0.0079,-0.167,0.0274
2522,64.846,35.9579,-17.4913,0.688,0.0214,-0.0127,-0.1375,0.347,0.169,0.516,36.1244,-17.5185,0.2,0.0,0.0,0.0,0.1992,-0.0286,-0.5763,0.6104,-0.0423,1,1,2,0.972,0.566,0.434,0,0,0.0,4,TERMINAL_PRESS,0.0214,-0.0127,-0.1665,0.0272
2523,64.857,35.9583,-17.4917,0.6852,0.0243,-0.0157,-0.1374,0.345,0.168,0.514,36.1244,-17.5185,0.2,0.0,0.0,0.0,0.1974,-0.027,-0.5764,0.6098,-0.008,1,1,2,0.971,0.569,0.431,0,0,0.0,4,TERMINAL_PRESS,0.0243,-0.0157,-0.1661,0.0268
2524,64.868,35.9589,-17.492,0.6825,0.0273,-0.0194,-0.1373,0.342,0.168,0.511,36.1244,-17.5185,0.2,0.0,0.0,0.0,0.1954,-0.0249,-0.5765,0.6093,-0.0427,1,1,2,0.972,0.569,0.431,0,0,0.0,4,TERMINAL_PRESS,0.0273,-0.0194,-0.1655,0.0265
2525,64.878,35.9595,-17.4925,0.6797,0.028,-0.0211,-0.1373,0.339,0.167,0.508,36.1244,-17.5185,0.2,0.0,0.0,0.0,0.1944,-0.0237,-0.5766,0.609,-0.0093,1,1,2,0.971,0.582,0.418,0,0,0.0,4,TERMINAL_PRESS,0.028,-0.0211,-0.165,0.026
2526,64.889,35.96,-17.4929,0.677,0.0286,-0.0233,-0.1376,0.336,0.166,0.505,36.1244,-17.5185,0.2,0.0,0.0,0.0,0.1935,-0.0222,-0.576,0.6081,-0.0414,1,1,2,0.971,0.582,0.418,0,0,0.0,4,TERMINAL_PRESS,0.0286,-0.0233,-0.1644,0.0256
2527,64.9,35.9606,-17.4934,0.6742,0.0268,-0.0234,-0.1374,0.334,0.166,0.502,36.1244,-17.5185,0.2,0.0,0.0,0.0,0.1935,-0.0216,-0.5764,0.6084,-0.007,1,1,2,0.971,0.58,0.42,0,0,0.0,4,TERMINAL_PRESS,0.0268,-0.0234,-0.1638,0.0251
2528,64.91,35.9611,-17.4939,0.6715,0.0251,-0.0237,-0.1372,0.331,0.165,0.5,36.1244,-17.5185,0.2,0.0,0.0,0.0,0.1936,-0.0208,-0.5768,0.6088,-0.0375,1,1,2,0.972,0.578,0.422,0,0,0.0,4,TERMINAL_PRESS,0.0251,-0.0237,-0.1633,0.0246
2529,64.921,35.9615,-17.4943,0.6687,0.0218,-0.0218,-0.1372,0.328,0.165,0.497,36.1244,-17.5185,0.2,0.0,0.0,0.0,0.1945,-0.0211,-0.5768,0.6091,-0.0159,1,1,2,0.971,0.579,0.421,0,0,0.0,4,TERMINAL_PRESS,0.0218,-0.0218,-0.1629,0.0242
2530,64.934,35.9619,-17.4947,0.666,0.0192,-0.02,-0.137,0.325,0.164,0.494,36.1244,-17.5185,0.2,0.0,0.0,0.0,0.1951,-0.0213,-0.5771,0.6095,-0.0464,1,1,2,0.972,0.58,0.42,0,0,0.0,4,TERMINAL_PRESS,0.0192,-0.02,-0.1625,0.0238
2531,64.944,35.9622,-17.495,0.6633,0.0149,-0.0168,-0.1371,0.323,0.164,0.491,36.1244,-17.5185,0.2,0.0,0.0,0.0,0.1965,-0.0223,-0.5769,0.6098,-0.0126,1,1,2,0.972,0.58,0.42,0,0,0.0,4,TERMINAL_PRESS,0.0149,-0.0168,-0.1622,0.0235
2532,64.956,35.9624,-17.4953,0.6605,0.0109,-0.0146,-0.1371,0.32,0.164,0.489,36.1244,-17.5185,0.2,0.0,0.0,0.0,0.1979,-0.0228,-0.577,0.6104,-0.0428,1,1,2,0.972,0.578,0.422,0,0,0.0,4,TERMINAL_PRESS,0.0109,-0.0146,-0.162,0.0232
2533,64.968,35.9625,-17.4956,0.6578,0.0061,-0.0109,-0.1371,0.317,0.164,0.486,36.1244,-17.5185,0.2,0.0,0.0,0.0,0.1998,-0.0241,-0.577,0.611,-0.0077,1,1,2,0.972,0.578,0.422,0,0,0.0,4,TERMINAL_PRESS,0.0061,-0.0109,-0.1619,0.0229
2534,64.98,35.9626,-17.4957,0.655,0.0025,-0.0081,-0.1371,0.315,0.163,0.483,36.1244,-17.5185,0.2,0.0,0.0,0.0,0.2012,-0.0251,-0.5769,0.6115,-0.0382,1,1,2,0.972,0.577,0.423,0,0,0.0,4,TERMINAL_PRESS,0.0025,-0.0081,-0.1618,0.0228
2535,64.992,35.9625,-17.4958,0.6523,-0.0023,-0.0034,-0.1374,0.312,0.163,0.481,36.1244,-17.5185,0.2,0.0,0.0,0.0,0.2033,-0.027,-0.5764,0.6118,-0.0249,1,1,2,0.972,0.576,0.424,0,0,0.0,4,TERMINAL_PRESS,-0.0023,-0.0034,-0.1619,0.0227
2536,65.004,35.9624,-17.4958,0.6495,-0.0062,0.0006,-0.1378,0.309,0.164,0.478,36.1244,-17.5185,0.2,0.0,0.0,0.0,0.2051,-0.0287,-0.5757,0.6118,-0.0547,1,1,2,0.972,0.579,0.421,0,0,0.0,4,TERMINAL_PRESS,-0.0062,0.0006,-0.162,0.0227
2537,65.015,35.9622,-17.4957,0.6468,-0.011,0.005,-0.1376,0.306,0.164,0.476,36.1244,-17.5185,0.2,0.0,0.0,0.0,0.2074,-0.0306,-0.576,0.613,-0.0177,1,1,2,0.972,0.577,0.423,0,0,0.0,4,TERMINAL_PRESS,-0.011,0.005,-0.1622,0.0228
2538,65.026,35.9619,-17.4955,0.644,-0.0144,0.0071,-0.1375,0.304,0.164,0.473,36.1244,-17.5185,0.2,0.0,0.0,0.0,0.2092,-0.0317,-0.5762,0.6138,-0.047,1,1,2,0.972,0.58,0.42,0,0,0.0,4,TERMINAL_PRESS,-0.0144,0.0071,-0.1625,0.023
2539,65.037,35.9615,-17.4953,0.6413,-0.0191,0.0097,-0.1376,0.301,0.165,0.471,36.1244,-17.5185,0.2,0.0,0.0,0.0,0.2116,-0.033,-0.5761,0.6147,-0.0118,1,1,2,0.972,0.579,0.421,0,0,0.0,4,TERMINAL_PRESS,-0.0191,0.0097,-0.1629,0.0232
2540,65.049,35.9611,-17.4951,0.6385,-0.0227,0.0104,-0.1374,0.298,0.165,0.469,36.1244,-17.5185,0.2,0.0,0.0,0.0,0.2137,-0.0336,-0.5763,0.6156,-0.0415,1,1,2,0.972,0.575,0.425,0,0,0.0,4,TERMINAL_PRESS,-0.0227,0.0104,-0.1633,0.0234
2541,65.062,35.9605,-17.4949,0.6358,-0.0265,0.0117,-0.1373,0.295,0.166,0.466,36.1244,-17.5185,0.2,0.0,0.0,0.0,0.216,-0.0344,-0.5766,0.6167,-0.0033,1,1,2,0.972,0.574,0.426,0,0,0.0,4,TERMINAL_PRESS,-0.0265,0.0117,-0.1639,0.0236
2542,65.076,35.96,-17.4947,0.633,-0.0281,0.0112,-0.1372,0.293,0.166,0.464,36.1244,-17.5185,0.2,0.0,0.0,0.0,0.2174,-0.0345,-0.5768,0.6173,-0.0337,1,1,2,0.972,0.576,0.424,0,0,0.0,4,TERMINAL_PRESS,-0.0281,0.0112,-0.1644,0.0238
2543,65.09,35.9594,-17.4944,0.6303,-0.0301,0.0115,-0.1378,0.29,0.167,0.461,36.1244,-17.5185,0.2,0.0,0.0,0.0,0.219,-0.0349,-0.5758,0.617,-0.0009,1,1,2,0.972,0.576,0.424,0,0,0.0,4,TERMINAL_PRESS,-0.0301,0.0115,-0.165,0.0241
2544,65.106,35.9588,-17.4942,0.6275,-0.0304,0.0102,-0.1375,0.287,0.167,0.459,36.1244,-17.5185,0.2,0.0,0.0,0.0,0.2198,-0.0346,-0.5763,0.6178,-0.0363,1,1,2,0.973,0.577,0.423,0,0,0.0,4,TERMINAL_PRESS,-0.0304,0.0102,-0.1656,0.0243
2545,65.123,35.9581,-17.494,0.6248,-0.0313,0.0099,-0.1372,0.284,0.168,0.457,36.1244,-17.5185,0.2,0.0,0.0,0.0,0.221,-0.0347,-0.5767,0.6186,-0.0018,1,1,2,0.973,0.576,0.424,0,0,0.0,4,TERMINAL_PRESS,-0.0313,0.0099,-0.1663,0.0245
2546,65.134,35.9575,-17.4939,0.622,-0.0305,0.0082,-0.1371,0.282,0.169,0.455,36.1244,-17.5185,0.2,0.0,0.0,0.0,0.2214,-0.0342,-0.5769,0.6189,-0.0369,1,1,2,0.974,0.58,0.42,0,0,0.0,4,TERMINAL_PRESS,-0.0305,0.0082,-0.1669,0.0246
2547,65.146,35.9569,-17.4937,0.6193,-0.0306,0.0077,-0.137,0.279,0.169,0.452,36.1244,-17.5185,0.2,0.0,0.0,0.0,0.2222,-0.0342,-0.5771,0.6194,-0.0024,1,1,2,0.974,0.578,0.422,0,0,0.0,4,TERMINAL_PRESS,-0.0306,0.0077,-0.1675,0.0248
2548,65.157,35.9563,-17.4936,0.6166,-0.0294,0.0061,-0.1369,0.276,0.17,0.45,36.1244,-17.5185,0.2,0.0,0.0,0.0,0.2224,-0.0337,-0.5772,0.6195,-0.037,1,1,2,0.974,0.58,0.42,0,0,0.0,4,TERMINAL_PRESS,-0.0294,0.0061,-0.1681,0.0249
2549,65.167,35.9557,-17.4935,0.6138,-0.0293,0.0061,-0.1369,0.273,0.171,0.448,36.1244,-17.5185,0.2,0.0,0.0,0.0,0.2231,-0.0338,-0.5772,0.6197,-0.0032,1,1,2,0.974,0.577,0.423,0,0,0.0,4,TERMINAL_PRESS,-0.0293,0.0061,-0.1687,0.025
2550,65.182,35.9552,-17.4934,0.6111,-0.0283,0.0051,-0.1369,0.271,0.171,0.445,36.1244,-17.5185,0.2,0.0,0.0,0.0,0.2234,-0.0335,-0.5772,0.6199,-0.0373,1,1,2,0.974,0.581,0.419,0,0,0.0,4,TERMINAL_PRESS,-0.0283,0.0051,-0.1692,0.0251
2551,65.193,35.9546,-17.4933,0.6083,-0.0284,0.0059,-0.137,0.268,0.172,0.443,36.1244,-17.5185,0.2,0.0,0.0,0.0,0.2242,-0.034,-0.5771,0.6201,-0.0081,1,1,2,0.974,0.578,0.422,0,0,0.0,4,TERMINAL_PRESS,-0.0284,0.0059,-0.1698,0.0252
2552,65.207,35.9541,-17.4931,0.6056,-0.0275,0.0061,-0.137,0.265,0.172,0.441,36.1244,-17.5185,0.2,0.0,0.0,0.0,0.2245,-0.0343,-0.5772,0.6202,-0.0419,1,1,2,0.974,0.581,0.419,0,0,0.0,4,TERMINAL_PRESS,-0.0275,0.0061,-0.1704,0.0254
2553,65.219,35.9535,-17.493,0.6029,-0.0279,0.0079,-0.137,0.262,0.173,0.438,36.1244,-17.5185,0.2,0.0,0.0,0.0,0.2253,-0.0352,-0.577,0.6205,-0.0135,1,1,2,0.974,0.578,0.422,0,0,0.0,4,TERMINAL_PRESS,-0.0279,0.0079,-0.1709,0.0255
2554,65.23,35.9529,-17.4928,0.6001,-0.0273,0.0089,-0.1372,0.26,0.173,0.436,36.1244,-17.5185,0.2,0.0,0.0,0.0,0.2257,-0.0359,-0.5767,0.6203,-0.0465,1,1,2,0.974,0.582,0.418,0,0,0.0,4,TERMINAL_PRESS,-0.0273,0.0089,-0.1715,0.0257
2555,65.242,35.9524,-17.4926,0.5974,-0.0277,0.0114,-0.1371,0.257,0.174,0.434,36.1244,-17.5185,0.2,0.0,0.0,0.0,0.2266,-0.0372,-0.5769,0.6209,-0.0134,1,1,2,0.974,0.581,0.419,0,0,0.0,4,TERMINAL_PRESS,-0.0277,0.0114,-0.172,0.0259
2556,65.254,35.9519,-17.4923,0.5946,-0.0268,0.0128,-0.1371,0.254,0.175,0.432,36.1244,-17.5185,0.2,0.0,0.0,0.0,0.2269,-0.0381,-0.5769,0.6211,-0.046,1,1,2,0.974,0.582,0.418,0,0,0.0,4,TERMINAL_PRESS,-0.0268,0.0128,-0.1725,0.0262
2557,65.265,35.9513,-17.492,0.5919,-0.0273,0.0158,-0.1373,0.251,0.175,0.429,36.1244,-17.5185,0.2,0.0,0.0,0.0,0.2278,-0.0398,-0.5766,0.6212,-0.0288,1,1,2,0.974,0.581,0.419,0,0,0.0,4,TERMINAL_PRESS,-0.0273,0.0158,-0.1731,0.0265
2558,65.275,35.9508,-17.4916,0.5891,-0.0269,0.018,-0.1377,0.249,0.176,0.427,36.1244,-17.5185,0.2,0.0,0.0,0.0,0.2283,-0.0411,-0.5759,0.6209,-0.0569,1,1,2,0.974,0.586,0.414,0,0,0.0,4,TERMINAL_PRESS,-0.0269,0.018,-0.1736,0.0269
2559,65.288,35.9502,-17.4912,0.5864,-0.0272,0.0206,-0.138,0.246,0.176,0.425,36.1244,-17.5185,0.2,0.0,0.0,0.0,0.2291,-0.0427,-0.5754,0.6208,-0.0234,1,1,2,0.974,0.584,0.416,0,0,0.0,4,TERMINAL_PRESS,-0.0272,0.0206,-0.1742,0.0273
2560,65.3,35.9497,-17.4908,0.5836,-0.0258,0.0209,-0.1376,0.243,0.177,0.422,36.1244,-17.5185,0.2,0.0,0.0,0.0,0.2291,-0.0433,-0.5761,0.6215,-0.0557,1,1,2,0.974,0.586,0.414,0,0,0.0,4,TERMINAL_PRESS,-0.0258,0.0209,-0.1747,0.0277
2561,65.311,35.9492,-17.4904,0.5809,-0.025,0.0215,-0.1373,0.24,0.177,0.42,36.1244,-17.5185,0.2,0.0,0.0,0.0,0.2294,-0.0442,-0.5766,0.6222,-0.0193,1,1,2,0.974,0.584,0.416,0,0,0.0,4,TERMINAL_PRESS,-0.025,0.0215,-0.1752,0.0281
2562,65.322,35.9488,-17.49,0.5781,-0.0226,0.02,-0.1371,0.238,0.178,0.418,36.1244,-17.5185,0.2,0.0,0.0,0.0,0.229,-0.044,-0.5769,0.6223,-0.0518,1,1,2,0.974,0.579,0.421,0,0,0.0,4,TERMINAL_PRESS,-0.0226,0.02,-0.1756,0.0285
2563,65.333,35.9483,-17.4896,0.5754,-0.0212,0.0191,-0.137,0.235,0.178,0.416,36.1244,-17.5185,0.2,0.0,0.0,0.0,0.2289,-0.0441,-0.5771,0.6225,-0.0149,1,1,2,0.974,0.584,0.416,0,0,0.0,4,TERMINAL_PRESS,-0.0212,0.0191,-0.1761,0.0289
2564,65.344,35.948,-17.4893,0.5727,-0.0185,0.0163,-0.1369,0.232,0.179,0.413,36.1244,-17.5185,0.2,0.0,0.0,0.0,0.2283,-0.0433,-0.5772,0.6222,-0.0474,1,1,2,0.975,0.578,0.422,0,0,0.0,4,TERMINAL_PRESS,-0.0185,0.0163,-0.1764,0.0292
2565,65.354,35.9476,-17.489,0.5699,-0.0171,0.0144,-0.1369,0.229,0.179,0.411,36.1244,-17.5185,0.2,0.0,0.0,0.0,0.2281,-0.0429,-0.5773,0.6222,-0.0099,1,1,2,0.975,0.584,0.416,0,0,0.0,4,TERMINAL_PRESS,-0.0171,0.0144,-0.1768,0.0295
2566,65.366,35.9473,-17.4888,0.5672,-0.0148,0.0108,-0.1369,0.227,0.18,0.409,36.1244,-17.5185,0.2,0.0,0.0,0.0,0.2275,-0.0417,-0.5773,0.6219,-0.0423,1,1,2,0.975,0.581,0.419,0,0,0.0,4,TERMINAL_PRESS,-0.0148,0.0108,-0.1771,0.0297
2567,65.378,35.9471,-17.4886,0.5644,-0.014,0.0084,-0.1369,0.224,0.18,0.406,36.1244,-17.5185,0.2,0.0,0.0,0.0,0.2275,-0.0409,-0.5772,0.6218,-0.0048,1,1,2,0.975,0.584,0.416,0,0,0.0,4,TERMINAL_PRESS,-0.014,0.0084,-0.1774,0.0299
2568,65.389,35.9468,-17.4885,0.5617,-0.0127,0.0046,-0.137,0.221,0.18,0.404,36.1244,-17.5185,0.2,0.0,0.0,0.0,0.2273,-0.0394,-0.5772,0.6216,-0.0368,1,1,2,0.976,0.585,0.415,0,0,0.0,4,SETTLE_PHASE,-0.0127,0.0046,-0.1776,0.03
2569,65.4,35.9465,-17.4885,0.5597,-0.013,0.0018,-0.0999,0.219,0.18,0.402,36.1244,-17.5185,0.2,0.0,0.0,0.0,0.2278,-0.0383,-0.6402,0.6806,-0.0051,1,1,2,0.976,0.582,0.418,0,0,0.0,4,SETTLE_PHASE,-0.013,0.0018,-0.1779,0.03
2570,65.411,35.9463,-17.4885,0.5582,-0.0129,-0.0021,-0.0764,0.218,0.181,0.401,36.1244,-17.5185,0.2,0.0,0.0,0.0,0.228,-0.0366,-0.6802,0.7183,-0.0355,1,1,2,0.976,0.584,0.416,0,0,0.0,4,SETTLE_PHASE,-0.0129,-0.0021,-0.1781,0.03
2571,65.422,35.9461,-17.4886,0.5569,-0.0092,-0.0046,-0.0618,0.216,0.181,0.4,36.1244,-17.5185,0.2,0.0,0.0,0.0,0.2267,-0.0354,-0.7049,0.7413,-0.0055,1,1,2,0.976,0.586,0.414,0,0,0.0,4,SETTLE_PHASE,-0.0092,-0.0046,-0.1783,0.0299
2572,65.433,35.946,-17.4888,0.5559,-0.0055,-0.0084,-0.0523,0.215,0.181,0.399,36.1244,-17.5185,0.2,0.0,0.0,0.0,0.2253,-0.0337,-0.721,0.7562,-0.0359,1,1,2,0.976,0.587,0.413,0,0,0.0,4,SETTLE_PHASE,-0.0055,-0.0084,-0.1784,0.0297
2573,65.445,35.946,-17.489,0.555,0.001,-0.0112,-0.0465,0.214,0.181,0.398,36.1244,-17.5185,0.2,0.0,0.0,0.0,0.2226,-0.0322,-0.731,0.7648,-0.0062,1,1,2,0.976,0.59,0.41,0,0,0.0,4,SETTLE_PHASE,0.001,-0.0112,-0.1784,0.0295
2574,65.456,35.9462,-17.4893,0.5541,0.0073,-0.0155,-0.0429,0.214,0.181,0.398,36.1244,-17.5185,0.2,0.0,0.0,0.0,0.2198,-0.03,-0.7371,0.7698,-0.0306,1,1,2,0.976,0.591,0.409,0,0,0.0,4,SETTLE_PHASE,0.0073,-0.0155,-0.1783,0.0292
2575,65.467,35.9465,-17.4897,0.5533,0.0159,-0.0191,-0.0412,0.213,0.18,0.397,36.1244,-17.5185,0.2,0.0,0.0,0.0,0.2158,-0.0281,-0.74,0.7713,-0.0029,1,1,2,0.976,0.593,0.407,0,0,0.0,4,SETTLE_PHASE,0.0159,-0.0191,-0.1779,0.0288
2576,65.48,35.947,-17.4902,0.5525,0.0241,-0.0238,-0.0396,0.212,0.18,0.396,36.1244,-17.5185,0.2,0.0,0.0,0.0,0.2117,-0.0255,-0.7426,0.7726,-0.0352,1,1,2,0.976,0.594,0.406,0,0,0.0,4,SETTLE_PHASE,0.0241,-0.0238,-0.1775,0.0283
2577,65.49,35.9477,-17.4907,0.5519,0.0351,-0.0277,-0.0285,0.211,0.179,0.395,36.1244,-17.5185,0.2,0.0,0.0,0.0,0.2063,-0.0232,-0.7615,0.7893,0.004,1,1,2,0.976,0.59,0.41,0,0,0.0,4,SETTLE_PHASE,0.0351,-0.0277,-0.1768,0.0278
2578,65.503,35.9486,-17.4914,0.5515,0.0451,-0.0328,-0.0214,0.211,0.178,0.394,36.1244,-17.5185,0.2,0.0,0.0,0.0,0.2009,-0.0202,-0.7737,0.7996,-0.0264,1,1,2,0.976,0.586,0.414,0,0,0.0,4,SETTLE_PHASE,0.0451,-0.0328,-0.1758,0.0271
2579,65.513,35.9496,-17.4921,0.5512,0.0519,-0.0361,-0.0166,0.211,0.177,0.393,36.1244,-17.5185,0.2,0.0,0.0,0.0,0.1968,-0.0179,-0.7817,0.8063,0.0115,1,1,2,0.976,0.583,0.417,0,0,0.0,4,SETTLE_PHASE,0.0519,-0.0361,-0.1748,0.0264
2580,65.524,35.9508,-17.4929,0.5509,0.0576,-0.0399,-0.0134,0.21,0.176,0.392,36.1244,-17.5185,0.2,0.0,0.0,0.0,0.193,-0.0153,-0.7872,0.8107,-0.0234,1,1,2,0.976,0.587,0.413,0,0,0.0,4,SETTLE_PHASE,0.0576,-0.0399,-0.1737,0.0256
2581,65.536,35.952,-17.4937,0.5507,0.06,-0.0412,-0.0114,0.21,0.174,0.392,36.1244,-17.5185,0.2,0.0,0.0,0.0,0.1905,-0.0137,-0.7907,0.8134,0.0104,1,1,2,0.976,0.586,0.414,0,0,0.0,4,SETTLE_PHASE,0.06,-0.0412,-0.1725,0.0248
2582,65.546,35.9532,-17.4946,0.5505,0.061,-0.0427,-0.0098,0.21,0.173,0.391,36.1244,-17.5185,0.2,0.0,0.0,0.0,0.1885,-0.012,-0.7934,0.8156,-0.023,1,1,2,0.976,0.585,0.415,0,0,0.0,4,SETTLE_PHASE,0.061,-0.0427,-0.1712,0.0239
2583,65.557,35.9544,-17.4954,0.5503,0.0602,-0.0418,-0.0088,0.21,0.172,0.39,36.1244,-17.5185,0.2,0.0,0.0,0.0,0.1873,-0.0114,-0.7951,0.8169,0.013,1,1,2,0.976,0.582,0.418,0,0,0.0,4,SETTLE_PHASE,0.0602,-0.0418,-0.17,0.0231
2584,65.569,35.9556,-17.4962,0.5501,0.0596,-0.041,-0.008,0.21,0.17,0.389,36.1244,-17.5185,0.2,0.0,0.0,0.0,0.186,-0.0106,-0.7964,0.8179,-0.0197,1,1,2,0.976,0.586,0.414,0,0,0.0,4,SETTLE_PHASE,0.0596,-0.041,-0.1688,0.0223
2585,65.582,35.9567,-17.497,0.55,0.0568,-0.0376,-0.0077,0.209,0.169,0.389,36.1244,-17.5185,0.2,0.0,0.0,0.0,0.1858,-0.0111,-0.7969,0.8183,-0.0052,1,1,2,0.974,0.585,0.415,0,0,0.0,4,SETTLE_PHASE,0.0568,-0.0376,-0.1677,0.0215
2586,65.595,35.9578,-17.4977,0.5498,0.0538,-0.0342,-0.0073,0.209,0.168,0.388,36.1244,-17.5185,0.2,0.0,0.0,0.0,0.1857,-0.0117,-0.7975,0.8189,-0.0374,1,1,2,0.974,0.585,0.415,0,0,0.0,4,SETTLE_PHASE,0.0538,-0.0342,-0.1666,0.0208
2587,65.61,35.9587,-17.4983,0.5497,0.0483,-0.0295,-0.0074,0.209,0.167,0.387,36.1244,-17.5185,0.2,0.0,0.0,0.0,0.1868,-0.0129,-0.7975,0.8192,-0.0062,1,1,2,0.974,0.584,0.416,0,0,0.0,4,SETTLE_PHASE,0.0483,-0.0295,-0.1657,0.0202
2588,65.623,35.9596,-17.4988,0.5495,0.0424,-0.0263,-0.0073,0.209,0.166,0.387,36.1244,-17.5185,0.2,0.0,0.0,0.0,0.1882,-0.0136,-0.7976,0.8196,-0.0376,1,1,2,0.974,0.588,0.412,0,0,0.0,4,SETTLE_PHASE,0.0424,-0.0263,-0.1648,0.0197
2589,65.634,35.9603,-17.4992,0.5494,0.0359,-0.0219,-0.0073,0.209,0.165,0.386,36.1244,-17.5185,0.2,0.0,0.0,0.0,0.19,-0.0149,-0.7976,0.8201,-0.0036,1,1,2,0.974,0.585,0.415,0,0,0.0,4,SETTLE_PHASE,0.0359,-0.0219,-0.1641,0.0193
2590,65.644,35.9609,-17.4996,0.5493,0.0306,-0.0188,-0.0073,0.209,0.165,0.386,36.1244,-17.5185,0.2,0.0,0.0,0.0,0.1915,-0.0157,-0.7977,0.8205,-0.0351,1,1,2,0.974,0.588,0.412,0,0,0.0,4,SETTLE_PHASE,0.0306,-0.0188,-0.1635,0.0189
2591,65.655,35.9614,-17.4999,0.5491,0.0237,-0.0143,-0.0073,0.209,0.164,0.386,36.1244,-17.5185,0.2,0.0,0.0,0.0,0.1938,-0.0172,-0.7975,0.8209,-0.0016,1,1,2,0.974,0.588,0.412,0,0,0.0,4,SETTLE_PHASE,0.0237,-0.0143,-0.163,0.0186
2592,65.665,35.9618,-17.5001,0.549,0.0177,-0.011,-0.0074,0.208,0.164,0.385,36.1244,-17.5185,0.2,0.0,0.0,0.0,0.1959,-0.0184,-0.7974,0.8213,-0.0329,1,1,2,0.974,0.587,0.413,0,0,0.0,4,SETTLE_PHASE,0.0177,-0.011,-0.1627,0.0184
2593,65.676,35.962,-17.5002,0.5488,0.0099,-0.006,-0.0079,0.208,0.163,0.385,36.1244,-17.5185,0.2,0.0,0.0,0.0,0.1989,-0.0204,-0.7966,0.8213,-0.0137,1,1,2,0.974,0.585,0.415,0,0,0.0,4,SETTLE_PHASE,0.0099,-0.006,-0.1625,0.0183
2594,65.686,35.962,-17.5003,0.5486,0.0027,-0.0018,-0.0082,0.208,0.163,0.385,36.1244,-17.5185,0.2,0.0,0.0,0.0,0.2018,-0.0221,-0.796,0.8215,-0.0448,1,1,2,0.974,0.587,0.413,0,0,0.0,4,SETTLE_PHASE,0.0027,-0.0018,-0.1624,0.0183
2595,65.698,35.9619,-17.5002,0.5485,-0.0037,0.0032,-0.0083,0.208,0.164,0.385,36.1244,-17.5185,0.2,0.0,0.0,0.0,0.2047,-0.0242,-0.7959,0.8222,-0.014,1,1,2,0.975,0.587,0.413,0,0,0.0,4,TERMINAL_PRESS,-0.0037,0.0032,-0.1625,0.0183
2596,65.71,35.9618,-17.5001,0.5473,-0.0081,0.0056,-0.0563,0.207,0.164,0.384,36.1244,-17.5185,0.2,0.0,0.0,0.0,0.2067,-0.0254,-0.7142,0.744,-0.0406,1,1,2,0.976,0.588,0.412,0,0,0.0,4,TERMINAL_PRESS,-0.0081,0.0056,-0.1626,0.0184
2597,65.72,35.9615,-17.4999,0.5456,-0.0125,0.0089,-0.0864,0.205,0.164,0.383,36.1244,-17.5185,0.2,0.0,0.0,0.0,0.2089,-0.027,-0.6631,0.6957,-0.009,1,1,2,0.976,0.587,0.413,0,0,0.0,4,TERMINAL_PRESS,-0.0125,0.0089,-0.1629,0.0186
2598,65.731,35.9612,-17.4997,0.5435,-0.0159,0.0113,-0.1054,0.203,0.164,0.381,36.1244,-17.5185,0.2,0.0,0.0,0.0,0.2107,-0.0283,-0.6309,0.6658,-0.0384,1,1,2,0.976,0.59,0.41,0,0,0.0,4,TERMINAL_PRESS,-0.0159,0.0113,-0.1632,0.0188
2599,65.742,35.9608,-17.4994,0.5412,-0.0203,0.0148,-0.1174,0.201,0.165,0.379,36.1244,-17.5185,0.2,0.0,0.0,0.0,0.2131,-0.0301,-0.6104,0.6472,-0.0106,1,1,2,0.976,0.59,0.41,0,0,0.0,4,TERMINAL_PRESS,-0.0203,0.0148,-0.1636,0.0191
2600,65.755,35.9603,-17.499,0.5387,-0.0238,0.0172,-0.1249,0.198,0.165,0.377,36.1244,-17.5185,0.2,0.0,0.0,0.0,0.2151,-0.0316,-0.5977,0.6361,-0.0411,1,1,2,0.976,0.587,0.413,0,0,0.0,4,TERMINAL_PRESS,-0.0238,0.0172,-0.1641,0.0195
2601,65.767,35.9598,-17.4986,0.5361,-0.0273,0.0207,-0.1295,0.196,0.166,0.375,36.1244,-17.5185,0.2,0.0,0.0,0.0,0.2173,-0.0335,-0.5899,0.6296,-0.0071,1,1,2,0.976,0.586,0.414,0,0,0.0,4,TERMINAL_PRESS,-0.0273,0.0207,-0.1646,0.0199
2602,65.781,35.9592,-17.4982,0.5334,-0.0289,0.0228,-0.1324,0.193,0.166,0.373,36.1244,-17.5185,0.2,0.0,0.0,0.0,0.2187,-0.035,-0.585,0.6255,-0.0385,1,1,2,0.976,0.589,0.411,0,0,0.0,4,TERMINAL_PRESS,-0.0289,0.0228,-0.1652,0.0203
2603,65.793,35.9586,-17.4976,0.5307,-0.0308,0.0263,-0.1343,0.19,0.167,0.371,36.1244,-17.5185,0.2,0.0,0.0,0.0,0.2202,-0.0371,-0.5817,0.6231,-0.0208,1,1,2,0.976,0.591,0.409,0,0,0.0,4,TERMINAL_PRESS,-0.0308,0.0263,-0.1658,0.0209
2604,65.803,35.958,-17.4971,0.528,-0.0311,0.0286,-0.1353,0.188,0.168,0.368,36.1244,-17.5185,0.2,0.0,0.0,0.0,0.2211,-0.0388,-0.5799,0.6218,-0.0529,1,1,2,0.976,0.591,0.409,0,0,0.0,4,TERMINAL_PRESS,-0.0311,0.0286,-0.1665,0.0214
2605,65.815,35.9573,-17.4964,0.5253,-0.032,0.0311,-0.1359,0.185,0.169,0.366,36.1244,-17.5185,0.2,0.0,0.0,0.0,0.2223,-0.0406,-0.5789,0.6215,-0.0179,1,1,2,0.976,0.59,0.41,0,0,0.0,4,TERMINAL_PRESS,-0.032,0.0311,-0.1671,0.0221
2606,65.825,35.9567,-17.4958,0.5226,-0.0314,0.0313,-0.1363,0.182,0.169,0.364,36.1244,-17.5185,0.2,0.0,0.0,0.0,0.2228,-0.0415,-0.5783,0.6211,-0.0502,1,1,2,0.976,0.592,0.408,0,0,0.0,4,TERMINAL_PRESS,-0.0314,0.0313,-0.1677,0.0227
2607,65.837,35.9561,-17.4952,0.5199,-0.032,0.032,-0.1365,0.179,0.17,0.362,36.1244,-17.5185,0.2,0.0,0.0,0.0,0.2238,-0.0426,-0.578,0.6213,-0.0148,1,1,2,0.976,0.59,0.41,0,0,0.0,4,TERMINAL_PRESS,-0.032,0.032,-0.1684,0.0233
2608,65.85,35.9554,-17.4946,0.5171,-0.0313,0.0307,-0.1366,0.177,0.171,0.36,36.1244,-17.5185,0.2,0.0,0.0,0.0,0.2244,-0.0428,-0.5777,0.6212,-0.0471,1,1,2,0.976,0.592,0.408,0,0,0.0,4,TERMINAL_PRESS,-0.0313,0.0307,-0.169,0.0239
2609,65.862,35.9548,-17.494,0.5144,-0.0321,0.0301,-0.1368,0.174,0.171,0.358,36.1244,-17.5185,0.2,0.0,0.0,0.0,0.2255,-0.0433,-0.5774,0.6214,-0.0136,1,1,2,0.976,0.591,0.409,0,0,0.0,4,TERMINAL_PRESS,-0.0321,0.0301,-0.1696,0.0245
2610,65.874,35.9541,-17.4934,0.5117,-0.032,0.0278,-0.1368,0.171,0.172,0.356,36.1244,-17.5185,0.2,0.0,0.0,0.0,0.2262,-0.043,-0.5774,0.6216,-0.0458,1,1,2,0.976,0.586,0.414,0,0,0.0,4,TERMINAL_PRESS,-0.032,0.0278,-0.1703,0.0251
2611,65.886,35.9535,-17.4929,0.5089,-0.0321,0.0262,-0.1368,0.168,0.173,0.354,36.1244,-17.5185,0.2,0.0,0.0,0.0,0.2271,-0.043,-0.5775,0.622,-0.0095,1,1,2,0.976,0.583,0.417,0,0,0.0,4,TERMINAL_PRESS,-0.0321,0.0262,-0.1709,0.0256
2612,65.898,35.9529,-17.4924,0.5062,-0.0301,0.0231,-0.1368,0.166,0.173,0.352,36.1244,-17.5185,0.2,0.0,0.0,0.0,0.227,-0.0423,-0.5775,0.6219,-0.0419,1,1,2,0.978,0.588,0.412,0,0,0.0,4,TERMINAL_PRESS,-0.0301,0.0231,-0.1715,0.0261
2613,65.909,35.9523,-17.492,0.5034,-0.0286,0.0209,-0.1367,0.163,0.174,0.35,36.1244,-17.5185,0.2,0.0,0.0,0.0,0.2271,-0.0419,-0.5775,0.622,-0.0048,1,1,2,0.978,0.587,0.413,0,0,0.0,4,TERMINAL_PRESS,-0.0286,0.0209,-0.1721,0.0265
2614,65.92,35.9518,-17.4916,0.5007,-0.0254,0.0174,-0.1368,0.16,0.175,0.348,36.1244,-17.5185,0.2,0.0,0.0,0.0,0.2264,-0.0409,-0.5775,0.6216,-0.0373,1,1,2,0.978,0.589,0.411,0,0,0.0,4,TERMINAL_PRESS,-0.0254,0.0174,-0.1726,0.0269
2615,65.933,35.9514,-17.4913,0.498,-0.023,0.0153,-0.1368,0.157,0.175,0.346,36.1244,-17.5185,0.2,0.0,0.0,0.0,0.2259,-0.0404,-0.5775,0.6214,0.0005,1,1,2,0.978,0.589,0.411,0,0,0.0,4,TERMINAL_PRESS,-0.023,0.0153,-0.1731,0.0272
2616,65.947,35.951,-17.4911,0.4952,-0.0193,0.012,-0.1368,0.155,0.176,0.344,36.1244,-17.5185,0.2,0.0,0.0,0.0,0.2249,-0.0393,-0.5774,0.6209,-0.032,1,1,2,0.978,0.59,0.41,0,0,0.0,4,TERMINAL_PRESS,-0.0193,0.012,-0.1734,0.0274
2617,65.959,35.9506,-17.4909,0.4925,-0.0166,0.0104,-0.137,0.152,0.176,0.341,36.1244,-17.5185,0.2,0.0,0.0,0.0,0.2241,-0.0388,-0.5771,0.6204,0.0058,1,1,2,0.978,0.588,0.412,0,0,0.0,4,TERMINAL_PRESS,-0.0166,0.0104,-0.1738,0.0276
2618,65.97,35.9504,-17.4907,0.4898,-0.0129,0.0078,-0.137,0.149,0.176,0.339,36.1244,-17.5185,0.2,0.0,0.0,0.0,0.2229,-0.038,-0.5772,0.6199,-0.0272,1,1,2,0.978,0.591,0.409,0,0,0.0,4,TERMINAL_PRESS,-0.0129,0.0078,-0.174,0.0278
2619,65.982,35.9502,-17.4906,0.487,-0.0105,0.0072,-0.1376,0.147,0.176,0.337,36.1244,-17.5185,0.2,0.0,0.0,0.0,0.2222,-0.0379,-0.5761,0.6186,0.003,1,1,2,0.978,0.593,0.407,0,0,0.0,4,TERMINAL_PRESS,-0.0105,0.0072,-0.1742,0.0279
2620,65.994,35.95,-17.4905,0.4843,-0.0075,0.006,-0.1374,0.144,0.177,0.335,36.1244,-17.5185,0.2,0.0,0.0,0.0,0.2211,-0.0375,-0.5765,0.6186,-0.0331,1,1,2,0.978,0.594,0.406,0,0,0.0,4,TERMINAL_PRESS,-0.0075,0.006,-0.1744,0.028
2621,66.011,35.9499,-17.4903,0.4815,-0.0059,0.0066,-0.1372,0.141,0.177,0.332,36.1244,-17.5185,0.2,0.0,0.0,0.0,0.2206,-0.038,-0.5767,0.6187,-0.0013,1,1,2,0.978,0.595,0.405,0,0,0.0,4,TERMINAL_PRESS,-0.0059,0.0066,-0.1745,0.0282
2622,66.025,35.9498,-17.4902,0.4788,-0.0039,0.0065,-0.1371,0.138,0.177,0.33,36.1244,-17.5185,0.2,0.0,0.0,0.0,0.2199,-0.0381,-0.5769,0.6186,-0.0368,1,1,2,0.978,0.594,0.406,0,0,0.0,4,TERMINAL_PRESS,-0.0039,0.0065,-0.1746,0.0283
2623,66.037,35.9497,-17.49,0.476,-0.0038,0.0082,-0.1373,0.136,0.177,0.328,36.1244,-17.5185,0.2,0.0,0.0,0.0,0.2199,-0.039,-0.5766,0.6183,-0.0178,1,1,2,0.978,0.594,0.406,0,0,0.0,4,TERMINAL_PRESS,-0.0038,0.0082,-0.1747,0.0285
2624,66.049,35.9497,-17.4899,0.4733,-0.0035,0.0093,-0.1375,0.133,0.177,0.326,36.1244,-17.5185,0.2,0.0,0.0,0.0,0.2199,-0.0397,-0.5763,0.6181,-0.0518,1,1,2,0.978,0.595,0.405,0,0,0.0,4,TERMINAL_PRESS,-0.0035,0.0093,-0.1747,0.0286
2625,66.06,35.9496,-17.4896,0.4705,-0.0038,0.0113,-0.1373,0.13,0.177,0.323,36.1244,-17.5185,0.2,0.0,0.0,0.0,0.2201,-0.0408,-0.5767,0.6186,-0.017,1,1,2,0.978,0.595,0.405,0,0,0.0,4,TERMINAL_PRESS,-0.0038,0.0113,-0.1748,0.0289
2626,66.073,35.9496,-17.4894,0.4678,-0.0023,0.0116,-0.1371,0.127,0.177,0.321,36.1244,-17.5185,0.2,0.0,0.0,0.0,0.2195,-0.0412,-0.5769,0.6186,-0.0506,1,1,2,0.978,0.593,0.407,0,0,0.0,4,TERMINAL_PRESS,-0.0023,0.0116,-0.1749,0.0291
2627,66.086,35.9495,-17.4891,0.465,-0.0017,0.0131,-0.137,0.125,0.177,0.319,36.1244,-17.5185,0.2,0.0,0.0,0.0,0.2193,-0.0422,-0.577,0.6187,-0.0158,1,1,2,0.978,0.596,0.404,0,0,0.0,4,TERMINAL_PRESS,-0.0017,0.0131,-0.1749,0.0294
2628,66.097,35.9495,-17.4889,0.4623,0.0003,0.0132,-0.137,0.122,0.177,0.317,36.1244,-17.5185,0.2,0.0,0.0,0.0,0.2185,-0.0425,-0.5771,0.6185,-0.0493,1,1,2,0.978,0.597,0.403,0,0,0.0,4,TERMINAL_PRESS,0.0003,0.0132,-0.1749,0.0296
2629,66.11,35.9496,-17.4886,0.4596,0.0011,0.0147,-0.137,0.119,0.177,0.314,36.1244,-17.5185,0.2,0.0,0.0,0.0,0.2181,-0.0435,-0.5771,0.6185,-0.0144,1,1,2,0.978,0.596,0.404,0,0,0.0,4,TERMINAL_PRESS,0.0011,0.0147,-0.1749,0.0299
2630,66.121,35.9496,-17.4883,0.4568,0.003,0.0151,-0.137,0.116,0.177,0.312,36.1244,-17.5185,0.2,0.0,0.0,0.0,0.2172,-0.0441,-0.5771,0.6182,-0.0478,1,1,2,0.978,0.596,0.404,0,0,0.0,4,TERMINAL_PRESS,0.003,0.0151,-0.1748,0.0302
2631,66.133,35.9497,-17.4879,0.4541,0.0034,0.0171,-0.1371,0.114,0.177,0.31,36.1244,-17.5185,0.2,0.0,0.0,0.0,0.217,-0.0454,-0.5769,0.618,-0.0298,1,1,2,0.978,0.597,0.403,0,0,0.0,4,TERMINAL_PRESS,0.0034,0.0171,-0.1747,0.0306
2632,66.148,35.9498,-17.4876,0.4513,0.0045,0.0184,-0.1377,0.111,0.177,0.308,36.1244,-17.5185,0.2,0.0,0.0,0.0,0.2164,-0.0463,-0.5759,0.6169,-0.0594,1,1,2,0.978,0.596,0.404,0,0,0.0,4,TERMINAL_PRESS,0.0045,0.0184,-0.1746,0.0309
2633,66.159,35.9498,-17.4872,0.4486,0.0039,0.0201,-0.1378,0.108,0.177,0.305,36.1244,-17.5185,0.2,0.0,0.0,0.0,0.2166,-0.0476,-0.2518,0.3355,-0.0211,1,1,2,0.978,0.596,0.404,0,0,0.0,4,TERMINAL_PRESS,0.0039,0.0201,-0.1746,0.0313
2634,66.17,35.9499,-17.4868,0.4458,0.0038,0.0198,-0.1375,0.105,0.177,0.303,36.1244,-17.5185,0.2,0.0,0.0,0.0,0.2165,-0.048,-0.2523,0.3359,-0.0507,1,1,2,0.978,0.596,0.404,0,0,0.0,4,TERMINAL_PRESS,0.0038,0.0198,-0.1745,0.0317
2635,66.183,35.95,-17.4864,0.4431,0.0019,0.0202,-0.1374,0.103,0.177,0.301,36.1244,-17.5185,0.2,0.0,0.0,0.0,0.2173,-0.0486,-0.2524,0.3366,-0.0141,1,1,2,0.978,0.595,0.405,0,0,0.0,4,TERMINAL_PRESS,0.0019,0.0202,-0.1744,0.0321
2636,66.195,35.95,-17.486,0.4403,0.0002,0.0187,-0.1372,0.1,0.177,0.299,36.1244,-17.5185,0.2,0.0,0.0,0.0,0.218,-0.0485,-0.2528,0.3373,-0.044,1,1,2,0.978,0.596,0.404,0,0,0.0,4,TERMINAL_PRESS,0.0002,0.0187,-0.1744,0.0325
2637,66.207,35.9499,-17.4856,0.4376,-0.0021,0.018,-0.1378,0.097,0.178,0.297,36.1244,-17.5185,0.2,0.0,0.0,0.0,0.219,-0.0486,-0.2518,0.3372,-0.01,1,1,2,0.978,0.597,0.403,0,0,0.0,4,TERMINAL_PRESS,-0.0021,0.018,-0.1745,0.0329
2638,66.221,35.9499,-17.4853,0.4348,-0.003,0.0155,-0.1374,0.094,0.178,0.294,36.1244,-17.5185,0.2,0.0,0.0,0.0,0.2194,-0.0479,-0.2523,0.3378,-0.0449,1,1,2,0.979,0.594,0.406,0,0,0.0,4,TERMINAL_PRESS,-0.003,0.0155,-0.1745,0.0332
2639,66.232,35.9498,-17.485,0.4321,-0.0046,0.0139,-0.1372,0.092,0.178,0.292,36.1244,-17.5185,0.2,0.0,0.0,0.0,0.2202,-0.0476,-0.2527,0.3386,-0.0091,1,1,2,0.979,0.597,0.403,0,0,0.0,4,TERMINAL_PRESS,-0.0046,0.0139,-0.1746,0.0335
2640,66.242,35.9497,-17.4848,0.4293,-0.0049,0.0106,-0.1371,0.089,0.178,0.29,36.1244,-17.5185,0.2,0.0,0.0,0.0,0.2204,-0.0465,-0.2529,0.3387,-0.0436,1,1,2,0.979,0.595,0.405,0,0,0.0,4,TERMINAL_PRESS,-0.0049,0.0106,-0.1747,0.0337
2641,66.253,35.9496,-17.4847,0.4266,-0.0062,0.0085,-0.137,0.086,0.178,0.288,36.1244,-17.5185,0.2,0.0,0.0,0.0,0.2212,-0.0458,-0.253,0.3392,-0.0075,1,1,2,0.979,0.597,0.403,0,0,0.0,4,TERMINAL_PRESS,-0.0062,0.0085,-0.1749,0.0338
2642,66.263,35.9494,-17.4846,0.4239,-0.0065,0.005,-0.137,0.083,0.178,0.286,36.1244,-17.5185,0.2,0.0,0.0,0.0,0.2215,-0.0445,-0.2531,0.3392,-0.0416,1,1,2,0.979,0.6,0.4,0,0,0.0,4,TERMINAL_PRESS,-0.0065,0.005,-0.175,0.0339
2643,66.273,35.9493,-17.4845,0.4211,-0.0082,0.003,-0.1371,0.081,0.178,0.284,36.1244,-17.5185,0.2,0.0,0.0,0.0,0.2224,-0.0437,-0.253,0.3397,-0.0061,1,1,2,0.979,0.597,0.403,0,0,0.0,4,TERMINAL_PRESS,-0.0082,0.003,-0.1752,0.034
2644,66.284,35.9491,-17.4845,0.4184,-0.0092,-0.0001,-0.137,0.078,0.179,0.282,36.1244,-17.5185,0.2,0.0,0.0,0.0,0.223,-0.0424,-0.253,0.3399,-0.0397,1,1,2,0.979,0.6,0.4,0,0,0.0,4,TERMINAL_PRESS,-0.0092,-0.0001,-0.1753,0.034
2645,66.294,35.9488,-17.4845,0.4156,-0.0115,-0.0016,-0.1371,0.075,0.179,0.28,36.1244,-17.5185,0.2,0.0,0.0,0.0,0.2243,-0.0418,-0.2529,0.3406,-0.0046,1,1,2,0.979,0.597,0.403,0,0,0.0,4,TERMINAL_PRESS,-0.0115,-0.0016,-0.1756,0.034
2646,66.306,35.9486,-17.4846,0.4129,-0.013,-0.0039,-0.1371,0.072,0.179,0.278,36.1244,-17.5185,0.2,0.0,0.0,0.0,0.2252,-0.0407,-0.253,0.3412,-0.0377,1,1,2,0.979,0.602,0.398,0,0,0.0,4,TERMINAL_PRESS,-0.013,-0.0039,-0.1758,0.0339
2647,66.316,35.9483,-17.4847,0.4102,-0.0155,-0.0043,-0.137,0.07,0.179,0.276,36.1244,-17.5185,0.2,0.0,0.0,0.0,0.2266,-0.0404,-0.253,0.3421,-0.0012,1,1,2,0.979,0.6,0.4,0,0,0.0,4,TERMINAL_PRESS,-0.0155,-0.0043,-0.1761,0.0338
2648,66.329,35.9479,-17.4848,0.4074,-0.0168,-0.0054,-0.137,0.067,0.18,0.274,36.1244,-17.5185,0.2,0.0,0.0,0.0,0.2276,-0.0398,-0.2531,0.3427,-0.0341,1,1,2,0.979,0.603,0.397,0,0,0.0,4,TERMINAL_PRESS,-0.0168,-0.0054,-0.1765,0.0337
2649,66.34,35.9475,-17.4849,0.4047,-0.0194,-0.0045,-0.1373,0.064,0.18,0.273,36.1244,-17.5185,0.2,0.0,0.0,0.0,0.2292,-0.0401,-0.2527,0.3435,-0.0104,1,1,2,0.979,0.601,0.399,0,0,0.0,4,SETTLE_PHASE,-0.0194,-0.0045,-0.1769,0.0336
2650,66.35,35.9471,-17.485,0.4027,-0.0214,-0.0038,-0.1003,0.062,0.18,0.271,36.1244,-17.5185,0.2,0.0,0.0,0.0,0.2306,-0.0403,-0.3155,0.3929,-0.0464,1,1,2,0.979,0.605,0.395,0,0,0.0,4,SETTLE_PHASE,-0.0214,-0.0038,-0.1773,0.0335
2651,66.36,35.9467,-17.485,0.4011,-0.0235,-0.0016,-0.077,0.061,0.181,0.271,36.1244,-17.5185,0.2,0.0,0.0,0.0,0.232,-0.0412,-0.3551,0.4262,-0.0109,1,1,2,0.979,0.6,0.4,0,0,0.0,4,SETTLE_PHASE,-0.0235,-0.0016,-0.1778,0.0335
2652,66.371,35.9462,-17.485,0.3999,-0.0232,-0.0011,-0.0621,0.059,0.181,0.27,36.1244,-17.5185,0.2,0.0,0.0,0.0,0.2325,-0.0414,-0.3804,0.4478,-0.0454,1,1,2,0.979,0.601,0.399,0,0,0.0,4,SETTLE_PHASE,-0.0232,-0.0011,-0.1782,0.0335
2653,66.384,35.9458,-17.485,0.3988,-0.0217,0.0008,-0.0525,0.058,0.182,0.269,36.1244,-17.5185,0.2,0.0,0.0,0.0,0.2324,-0.0422,-0.3968,0.4617,-0.0076,1,1,2,0.979,0.603,0.397,0,0,0.0,4,SETTLE_PHASE,-0.0217,0.0008,-0.1787,0.0335
2654,66.395,35.9454,-17.485,0.3979,-0.0167,0.0013,-0.0465,0.057,0.182,0.269,36.1244,-17.5185,0.2,0.0,0.0,0.0,0.2307,-0.0424,-0.407,0.4697,-0.042,1,1,2,0.98,0.609,0.391,0,0,0.0,4,SETTLE_PHASE,-0.0167,0.0013,-0.179,0.0335
2655,66.408,35.9452,-17.4849,0.397,-0.0108,0.0034,-0.0427,0.057,0.182,0.268,36.1244,-17.5185,0.2,0.0,0.0,0.0,0.2285,-0.0434,-0.4133,0.4743,-0.0171,1,1,2,0.98,0.609,0.391,0,0,0.0,4,SETTLE_PHASE,-0.0108,0.0034,-0.1792,0.0336
2656,66.421,35.9452,-17.4848,0.3962,-0.0019,0.0044,-0.0405,0.056,0.182,0.268,36.1244,-17.5185,0.2,0.0,0.0,0.0,0.2249,-0.0439,-0.4171,0.4759,-0.0515,1,1,2,0.98,0.614,0.386,0,0,0.0,4,SETTLE_PHASE,-0.0019,0.0044,-0.1792,0.0337
2657,66.433,35.9453,-17.4847,0.3955,0.0075,0.0062,-0.039,0.055,0.182,0.267,36.1244,-17.5185,0.2,0.0,0.0,0.0,0.2207,-0.0448,-0.4196,0.4763,-0.0131,1,1,2,0.98,0.612,0.388,0,0,0.0,4,SETTLE_PHASE,0.0075,0.0062,-0.1791,0.0338
2658,66.445,35.9457,-17.4846,0.3947,0.0183,0.0062,-0.0383,0.054,0.182,0.266,36.1244,-17.5185,0.2,0.0,0.0,0.0,0.2158,-0.045,-0.4209,0.4751,-0.0484,1,1,2,0.98,0.616,0.384,0,0,0.0,4,SETTLE_PHASE,0.0183,0.0062,-0.1787,0.0339
2659,66.456,35.9462,-17.4844,0.3939,0.0281,0.0074,-0.0378,0.053,0.181,0.266,36.1244,-17.5185,0.2,0.0,0.0,0.0,0.211,-0.0457,-0.4217,0.4737,-0.01,1,1,2,0.98,0.614,0.386,0,0,0.0,4,SETTLE_PHASE,0.0281,0.0074,-0.1782,0.0341
2660,66.467,35.947,-17.4843,0.3932,0.0391,0.007,-0.0377,0.053,0.181,0.264,36.1244,-17.5185,0.2,0.0,0.0,0.0,0.2054,-0.0457,-0.422,0.4715,-0.0454,1,1,2,0.98,0.616,0.384,0,0,0.0,4,SETTLE_PHASE,0.0391,0.007,-0.1774,0.0342
2661,66.478,35.948,-17.4841,0.3924,0.0487,0.008,-0.0376,0.052,0.18,0.263,36.1244,-17.5185,0.2,0.0,0.0,0.0,0.2002,-0.0463,-0.4221,0.4694,-0.0071,1,1,2,0.98,0.611,0.389,0,0,0.0,4,SETTLE_PHASE,0.0487,0.008,-0.1764,0.0344
2662,66.49,35.9492,-17.484,0.3919,0.0597,0.0078,-0.0272,0.051,0.179,0.262,36.1244,-17.5185,0.2,0.0,0.0,0.0,0.1941,-0.0464,-0.4397,0.4828,-0.0413,1,1,2,0.979,0.605,0.395,0,0,0.0,4,SETTLE_PHASE,0.0597,0.0078,-0.1752,0.0345
2663,66.502,35.9506,-17.4838,0.3915,0.0689,0.0093,-0.0203,0.051,0.177,0.261,36.1244,-17.5185,0.2,0.0,0.0,0.0,0.1885,-0.0473,-0.4515,0.4915,-0.0121,1,1,2,0.979,0.603,0.397,0,0,0.0,4,SETTLE_PHASE,0.0689,0.0093,-0.1738,0.0347
2664,66.514,35.952,-17.4836,0.3912,0.0741,0.01,-0.0158,0.051,0.176,0.26,36.1244,-17.5185,0.2,0.0,0.0,0.0,0.1845,-0.0478,-0.4591,0.4971,-0.0449,1,1,2,0.979,0.606,0.394,0,0,0.0,4,SETTLE_PHASE,0.0741,0.01,-0.1724,0.0349
2665,66.526,35.9536,-17.4834,0.3909,0.0781,0.0121,-0.0127,0.05,0.174,0.259,36.1244,-17.5185,0.2,0.0,0.0,0.0,0.1808,-0.049,-0.4645,0.5008,-0.0171,1,1,2,0.979,0.603,0.397,0,0,0.0,4,SETTLE_PHASE,0.0781,0.0121,-0.1708,0.0352
2666,66.538,35.9552,-17.4831,0.3907,0.078,0.0131,-0.0108,0.05,0.173,0.257,36.1244,-17.5185,0.2,0.0,0.0,0.0,0.1789,-0.0498,-0.4677,0.5032,-0.0506,1,1,2,0.979,0.604,0.396,0,0,0.0,4,SETTLE_PHASE,0.078,0.0131,-0.1692,0.0354
2667,66.55,35.9567,-17.4828,0.3905,0.0766,0.0153,-0.0095,0.05,0.171,0.256,36.1244,-17.5185,0.2,0.0,0.0,0.0,0.1775,-0.0511,-0.4699,0.5049,-0.0187,1,1,2,0.979,0.604,0.396,0,0,0.0,4,SETTLE_PHASE,0.0766,0.0153,-0.1677,0.0357
2668,66.561,35.9582,-17.4825,0.3903,0.0739,0.0162,-0.0085,0.05,0.17,0.255,36.1244,-17.5185,0.2,0.0,0.0,0.0,0.1768,-0.0518,-0.4716,0.5063,-0.0527,1,1,2,0.979,0.604,0.396,0,0,0.0,4,SETTLE_PHASE,0.0739,0.0162,-0.1662,0.036
2669,66.571,35.9596,-17.4821,0.3902,0.0697,0.0182,-0.0079,0.05,0.169,0.254,36.1244,-17.5185,0.2,0.0,0.0,0.0,0.1768,-0.0531,-0.4726,0.5073,-0.0175,1,1,2,0.979,0.601,0.399,0,0,0.0,4,SETTLE_PHASE,0.0697,0.0182,-0.1648,0.0364
2670,66.582,35.9609,-17.4817,0.39,0.066,0.0189,-0.0075,0.05,0.168,0.253,36.1244,-17.5185,0.2,0.0,0.0,0.0,0.1767,-0.0539,-0.4732,0.508,-0.0513,1,1,2,0.979,0.601,0.399,0,0,0.0,4,SETTLE_PHASE,0.066,0.0189,-0.1635,0.0368
2671,66.592,35.9621,-17.4813,0.3899,0.0605,0.0211,-0.0074,0.049,0.167,0.253,36.1244,-17.5185,0.2,0.0,0.0,0.0,0.1775,-0.0554,-0.4734,0.5086,-0.0277,1,1,2,0.979,0.601,0.399,0,0,0.0,4,SETTLE_PHASE,0.0605,0.0211,-0.1623,0.0372
2672,66.604,35.9632,-17.4809,0.3897,0.0551,0.0222,-0.0072,0.049,0.166,0.252,36.1244,-17.5185,0.2,0.0,0.0,0.0,0.1783,-0.0564,-0.4737,0.5093,-0.0611,1,1,2,0.979,0.603,0.397,0,0,0.0,4,SETTLE_PHASE,0.0551,0.0222,-0.1612,0.0376
2673,66.615,35.9642,-17.4804,0.3896,0.0476,0.0242,-0.0074,0.049,0.165,0.251,36.1244,-17.5185,0.2,0.0,0.0,0.0,0.1803,-0.0578,-0.4735,0.5099,-0.0308,1,1,2,0.979,0.601,0.399,0,0,0.0,4,SETTLE_PHASE,0.0476,0.0242,-0.1602,0.0381
2674,66.628,35.965,-17.4799,0.3894,0.0399,0.0244,-0.0074,0.049,0.164,0.251,36.1244,-17.5185,0.2,0.0,0.0,0.0,0.1826,-0.0585,-0.4734,0.5107,-0.0633,1,1,2,0.979,0.6,0.4,0,0,0.0,4,SETTLE_PHASE,0.0399,0.0244,-0.1595,0.0386
2675,66.641,35.9656,-17.4794,0.3893,0.0319,0.0253,-0.0074,0.049,0.164,0.25,36.1244,-17.5185,0.2,0.0,0.0,0.0,0.1851,-0.0596,-0.4734,0.5118,-0.0284,1,1,2,0.979,0.601,0.399,0,0,0.0,4,SETTLE_PHASE,0.0319,0.0253,-0.1588,0.0391
2676,66.653,35.9661,-17.4789,0.3891,0.0253,0.0245,-0.0074,0.049,0.163,0.25,36.1244,-17.5185,0.2,0.0,0.0,0.0,0.1872,-0.0598,-0.4734,0.5126,-0.0613,1,1,2,0.979,0.599,0.401,0,0,0.0,4,SETTLE_PHASE,0.0253,0.0245,-0.1583,0.0396
2677,66.663,35.9665,-17.4784,0.389,0.0176,0.0248,-0.0074,0.048,0.163,0.25,36.1244,-17.5185,0.2,0.0,0.0,0.0,0.19,-0.0606,-0.4734,0.5137,-0.026,1,1,2,0.979,0.599,0.401,0,0,0.0,4,SETTLE_PHASE,0.0176,0.0248,-0.158,0.0401
2678,66.674,35.9667,-17.4779,0.3888,0.0109,0.0236,-0.0075,0.048,0.163,0.249,36.1244,-17.5185,0.2,0.0,0.0,0.0,0.1926,-0.0607,-0.4732,0.5145,-0.0587,1,1,2,0.979,0.599,0.401,0,0,0.0,4,SETTLE_PHASE,0.0109,0.0236,-0.1577,0.0406
2679,66.685,35.9667,-17.4774,0.3887,0.0028,0.0237,-0.0078,0.048,0.163,0.249,36.1244,-17.5185,0.2,0.0,0.0,0.0,0.1959,-0.0613,-0.4727,0.5154,-0.0287,1,1,2,0.979,0.6,0.4,0,0,0.0,4,SETTLE_PHASE,0.0028,0.0237,-0.1577,0.0411
2680,66.696,35.9666,-17.477,0.3885,-0.0046,0.0227,-0.008,0.048,0.163,0.249,36.1244,-17.5185,0.2,0.0,0.0,0.0,0.1992,-0.0614,-0.4724,0.5164,-0.0592,1,1,2,0.979,0.599,0.401,0,0,0.0,4,TERMINAL_PRESS,-0.0046,0.0227,-0.1578,0.0415
2681,66.709,35.9664,-17.4765,0.3874,-0.0094,0.0227,-0.0561,0.047,0.163,0.249,36.1244,-17.5185,0.2,0.0,0.0,0.0,0.2014,-0.062,-0.3907,0.4439,-0.0359,1,1,2,0.979,0.6,0.4,0,0,0.0,4,TERMINAL_PRESS,-0.0094,0.0227,-0.158,0.042
2682,66.72,35.9662,-17.4761,0.3857,-0.0144,0.0218,-0.0862,0.045,0.164,0.248,36.1244,-17.5185,0.2,0.0,0.0,0.0,0.2039,-0.0622,-0.3395,0.4008,-0.0629,1,1,2,0.979,0.6,0.4,0,0,0.0,4,TERMINAL_PRESS,-0.0144,0.0218,-0.1582,0.0424
2683,66.732,35.9658,-17.4757,0.3836,-0.018,0.0213,-0.1051,0.043,0.164,0.246,36.1244,-17.5185,0.2,0.0,0.0,0.0,0.2058,-0.0625,-0.3073,0.3751,-0.0385,1,1,2,0.979,0.602,0.398,0,0,0.0,4,TERMINAL_PRESS,-0.018,0.0213,-0.1586,0.0428
2684,66.743,35.9654,-17.4753,0.3812,-0.0223,0.0195,-0.117,0.041,0.165,0.245,36.1244,-17.5185,0.2,0.0,0.0,0.0,0.2082,-0.0622,-0.2871,0.36,-0.0669,1,1,2,0.979,0.602,0.398,0,0,0.0,4,TERMINAL_PRESS,-0.0223,0.0195,-0.1591,0.0432
2685,66.755,35.9649,-17.4749,0.3787,-0.0251,0.0182,-0.1245,0.038,0.165,0.244,36.1244,-17.5185,0.2,0.0,0.0,0.0,0.21,-0.0621,-0.2743,0.351,-0.0414,1,1,2,0.979,0.602,0.398,0,0,0.0,4,TERMINAL_PRESS,-0.0251,0.0182,-0.1596,0.0436
2686,66.767,35.9643,-17.4746,0.3762,-0.0291,0.0151,-0.1294,0.036,0.166,0.242,36.1244,-17.5185,0.2,0.0,0.0,0.0,0.2124,-0.0612,-0.266,0.3458,-0.0572,1,1,2,0.979,0.601,0.399,0,0,0.0,4,TERMINAL_PRESS,-0.0291,0.0151,-0.1601,0.0439
2687,66.777,35.9636,-17.4744,0.3735,-0.0317,0.0124,-0.1323,0.033,0.167,0.241,36.1244,-17.5185,0.2,0.0,0.0,0.0,0.2143,-0.0604,-0.2611,0.3431,-0.0312,1,1,2,0.979,0.604,0.396,0,0,0.0,4,TERMINAL_PRESS,-0.0317,0.0124,-0.1608,0.0441
2688,66.788,35.9629,-17.4742,0.3708,-0.0349,0.0088,-0.1341,0.03,0.167,0.239,36.1244,-17.5185,0.2,0.0,0.0,0.0,0.2165,-0.0591,-0.258,0.342,-0.0603,1,1,2,0.979,0.604,0.396,0,0,0.0,4,TERMINAL_PRESS,-0.0349,0.0088,-0.1615,0.0443
2689,66.799,35.9622,-17.4741,0.3681,-0.0362,0.0063,-0.1352,0.038,0.168,0.238,36.1244,-17.5185,0.2,0.0,0.0,0.0,0.2179,-0.0582,-0.2561,0.3413,-0.0337,1,1,2,0.98,0.599,0.401,0,0,0.0,4,TERMINAL_PRESS,-0.0362,0.0063,-0.1622,0.0444
2690,66.81,35.9614,-17.474,0.3654,-0.0384,0.0029,-0.1359,0.035,0.169,0.236,36.1244,-17.5185,0.2,0.0,0.0,0.0,0.2198,-0.0568,-0.255,0.3414,-0.063,1,1,2,0.98,0.607,0.393,0,0,0.0,4,TERMINAL_PRESS,-0.0384,0.0029,-0.163,0.0445
2691,66.821,35.9607,-17.474,0.3627,-0.039,0.0004,-0.1364,0.033,0.17,0.235,36.1244,-17.5185,0.2,0.0,0.0,0.0,0.221,-0.0558,-0.2542,0.3414,-0.0361,1,1,2,0.98,0.601,0.399,0,0,0.0,4,TERMINAL_PRESS,-0.039,0.0004,-0.1637,0.0445
2692,66.834,35.9599,-17.4741,0.3599,-0.0409,-0.0033,-0.1369,0.03,0.17,0.234,36.1244,-17.5185,0.2,0.0,0.0,0.0,0.2228,-0.0541,-0.2533,0.3417,-0.0567,1,1,2,0.98,0.603,0.397,0,0,0.0,4,TERMINAL_PRESS,-0.0409,-0.0033,-0.1646,0.0444
2693,66.846,35.959,-17.4742,0.3572,-0.0416,-0.0063,-0.137,0.257,0.171,0.232,36.1244,-17.5185,0.2,0.0,0.0,0.0,0.2242,-0.0528,-0.2532,0.3422,-0.0296,1,1,2,0.98,0.605,0.395,0,0,0.0,4,TERMINAL_PRESS,-0.0416,-0.0063,-0.1654,0.0443
2694,66.857,35.9582,-17.4744,0.3545,-0.0425,-0.0099,-0.137,0.254,0.172,0.231,36.1244,-17.5185,0.2,0.0,0.0,0.0,0.2256,-0.051,-0.2532,0.3429,-0.0591,1,1,2,0.98,0.607,0.393,0,0,0.0,4,TERMINAL_PRESS,-0.0425,-0.0099,-0.1662,0.0441
2695,66.868,35.9578,-17.4744,0.3529,-0.0184,-0.0004,-0.0784,0.253,0.172,0.23,36.1244,-17.5185,0.2,0.0,0.0,0.0,0.216,-0.0549,-0.3527,0.4172,-0.0499,1,1,2,0.98,0.608,0.392,0,0,0.0,4,TERMINAL_PRESS,-0.0184,-0.0004,-0.1666,0.0441
2696,66.881,35.9576,-17.4744,0.3518,-0.0083,-0.0008,-0.0555,0.252,0.173,0.23,36.1244,-17.5185,0.2,0.0,0.0,0.0,0.2119,-0.0548,-0.3916,0.4486,-0.0501,1,1,2,0.98,0.608,0.392,0,0,0.0,4,TERMINAL_PRESS,-0.0083,-0.0008,-0.1668,0.0441
2697,66.895,35.9576,-17.4744,0.3509,-0.0039,-0.0004,-0.0455,0.251,0.173,0.229,36.1244,-17.5185,0.2,0.0,0.0,0.0,0.2102,-0.0549,-0.4086,0.4628,-0.0505,1,1,2,0.98,0.607,0.393,0,0,0.0,4,TERMINAL_PRESS,-0.0039,-0.0004,-0.1669,0.0441
2698,66.91,35.9575,-17.4744,0.3501,-0.002,-0.0002,-0.0406,0.25,0.173,0.229,36.1244,-17.5185,0.2,0.0,0.0,0.0,0.2094,-0.055,-0.417,0.4699,-0.0506,1,1,2,0.98,0.607,0.393,0,0,0.0,4,TERMINAL_PRESS,-0.002,-0.0002,-0.1669,0.0441
2699,66.924,35.9575,-17.4744,0.3493,-0.0011,-0.0002,-0.0375,0.249,0.173,0.228,36.1244,-17.5185,0.2,0.0,0.0,0.0,0.2091,-0.055,-0.4223,0.4744,-0.0507,1,1,2,0.98,0.607,0.393,0,0,0.0,4,TERMINAL_PRESS,-0.0011,-0.0002,-0.1669,0.0441
2700,66.936,35.9575,-17.4744,0.3489,-0.0007,-0.0001,-0.0203,0.249,0.173,0.228,36.1244,-17.5185,0.2,0.0,0.0,0.0,0.2089,-0.055,-0.4516,0.5006,-0.0507,1,1,2,0.98,0.607,0.393,0,0,0.0,4,TERMINAL_PRESS,-0.0007,-0.0001,-0.1669,0.0441
2701,66.952,35.9575,-17.4744,0.3486,-0.0005,-0.0001,-0.0133,0.249,0.173,0.228,36.1244,-17.5185,0.2,0.0,0.0,0.0,0.2089,-0.055,-0.4633,0.5112,-0.0508,1,1,2,0.98,0.607,0.393,0,0,0.0,4,TERMINAL_PRESS,-0.0005,-0.0001,-0.1669,0.0441
2702,66.97,35.9575,-17.4744,0.3484,-0.0004,-0.0001,-0.0104,0.248,0.173,0.228,36.1244,-17.5185,0.2,0.0,0.0,0.0,0.2088,-0.055,-0.4684,0.5158,-0.0508,1,1,2,0.98,0.608,0.392,0,0,0.0,4,TERMINAL_PRESS,-0.0004,-0.0001,-0.1669,0.0441
2703,66.982,35.9575,-17.4744,0.3483,-0.0004,-0.0001,-0.0089,0.248,0.173,0.228,36.1244,-17.5185,0.2,0.0,0.0,0.0,0.2088,-0.055,-0.4708,0.518,-0.0508,1,1,2,0.98,0.608,0.392,0,0,0.0,4,TERMINAL_PRESS,-0.0004,-0.0001,-0.167,0.0441
2704,66.994,35.9575,-17.4744,0.3481,-0.0003,-0.0001,-0.0081,0.248,0.173,0.227,36.1244,-17.5185,0.2,0.0,0.0,0.0,0.2088,-0.055,-0.4722,0.5193,-0.0508,1,1,2,0.98,0.608,0.392,0,0,0.0,4,TERMINAL_PRESS,-0.0003,-0.0001,-0.167,0.0441
2705,67.007,35.9574,-17.4744,0.3479,-0.0003,-0.0001,-0.0075,0.248,0.173,0.227,36.1244,-17.5185,0.2,0.0,0.0,0.0,0.2088,-0.055,-0.4732,0.5202,-0.0509,1,1,2,0.98,0.608,0.392,0,0,0.0,4,TERMINAL_PRESS,-0.0003,-0.0001,-0.167,0.0441
2706,67.02,35.9574,-17.4744,0.3478,-0.0003,-0.0001,-0.0071,0.248,0.173,0.227,36.1244,-17.5185,0.2,0.0,0.0,0.0,0.2089,-0.055,-0.474,0.5209,-0.0509,1,1,2,0.98,0.608,0.392,0,0,0.0,4,TERMINAL_PRESS,-0.0003,-0.0001,-0.167,0.0441
2707,67.032,35.9574,-17.4744,0.3477,-0.0003,-0.0001,-0.0067,0.248,0.173,0.227,36.1244,-17.5185,0.2,0.0,0.0,0.0,0.2089,-0.055,-0.4747,0.5215,-0.0509,1,1,2,0.98,0.608,0.392,0,0,0.0,4,TERMINAL_PRESS,-0.0003,-0.0001,-0.167,0.0441
2708,67.043,35.9574,-17.4744,0.3475,-0.0003,-0.0001,-0.0063,0.248,0.173,0.227,36.1244,-17.5185,0.2,0.0,0.0,0.0,0.2089,-0.055,-0.4753,0.5221,-0.051,1,1,2,0.98,0.608,0.392,0,0,0.0,4,TERMINAL_PRESS,-0.0003,-0.0001,-0.167,0.0441
2709,67.054,35.9574,-17.4744,0.3474,-0.0003,-0.0001,-0.0059,0.247,0.173,0.227,36.1244,-17.5185,0.2,0.0,0.0,0.0,0.2089,-0.055,-0.4759,0.5227,-0.051,1,1,2,0.98,0.608,0.392,0,0,0.0,4,TERMINAL_PRESS,-0.0003,-0.0001,-0.167,0.0441
2710,67.067,35.9574,-17.4745,0.3473,-0.0003,-0.0001,-0.0056,0.247,0.173,0.227,36.1244,-17.5185,0.2,0.0,0.0,0.0,0.2089,-0.055,-0.4765,0.5232,-0.051,1,1,2,0.98,0.608,0.392,0,0,0.0,4,TERMINAL_PRESS,-0.0003,-0.0001,-0.167,0.0441
2711,67.078,35.9574,-17.4745,0.3472,-0.0003,-0.0001,-0.0053,0.247,0.173,0.227,36.1244,-17.5185,0.2,0.0,0.0,0.0,0.2089,-0.055,-0.477,0.5237,-0.0511,1,1,2,0.98,0.608,0.392,0,0,0.0,4,TERMINAL_PRESS,-0.0003,-0.0001,-0.167,0.044
2712,67.089,35.9574,-17.4745,0.3471,-0.0004,-0.0001,-0.005,0.247,0.173,0.227,36.1244,-17.5185,0.2,0.0,0.0,0.0,0.2089,-0.055,-0.4775,0.5241,-0.0511,1,1,2,0.98,0.608,0.392,0,0,0.0,4,TERMINAL_PRESS,-0.0004,-0.0001,-0.167,0.044
2713,67.1,35.9574,-17.4745,0.347,-0.0004,-0.0001,-0.0047,0.247,0.173,0.227,36.1244,-17.5185,0.2,0.0,0.0,0.0,0.2089,-0.055,-0.478,0.5245,-0.0511,1,1,2,0.98,0.608,0.392,0,0,0.0,4,TERMINAL_PRESS,-0.0004,-0.0001,-0.167,0.044
2714,67.111,35.9574,-17.4745,0.3469,-0.0004,-0.0001,-0.0045,0.247,0.173,0.227,36.1244,-17.5185,0.2,0.0,0.0,0.0,0.2089,-0.055,-0.4784,0.525,-0.0511,1,1,2,0.98,0.608,0.392,0,0,0.0,4,TERMINAL_PRESS,-0.0004,-0.0001,-0.167,0.044
2715,67.132,35.9574,-17.4745,0.3468,-0.0004,-0.0001,-0.0042,0.247,0.173,0.227,36.1244,-17.5185,0.2,0.0,0.0,0.0,0.2089,-0.055,-0.4788,0.5253,-0.0512,1,1,2,0.98,0.608,0.392,0,0,0.0,4,TERMINAL_PRESS,-0.0004,-0.0001,-0.167,0.044
2716,67.143,35.9574,-17.4745,0.3468,-0.0004,-0.0001,-0.004,0.247,0.173,0.227,36.1244,-17.5185,0.2,0.0,0.0,0.0,0.209,-0.055,-0.4792,0.5257,-0.0512,1,1,2,0.98,0.608,0.392,0,0,0.0,4,TERMINAL_PRESS,-0.0004,-0.0001,-0.167,0.044
2717,67.157,35.9574,-17.4745,0.3467,-0.0004,-0.0001,-0.0038,0.247,0.173,0.227,36.1244,-17.5185,0.2,0.0,0.0,0.0,0.209,-0.055,-0.4796,0.5261,-0.0512,1,1,2,0.98,0.608,0.392,0,0,0.0,4,TERMINAL_PRESS,-0.0004,-0.0001,-0.167,0.044
2718,67.168,35.9574,-17.4745,0.3466,-0.0004,-0.0001,-0.0035,0.247,0.173,0.227,36.1244,-17.5185,0.2,0.0,0.0,0.0,0.209,-0.055,-0.48,0.5264,-0.0513,1,1,2,0.98,0.608,0.392,0,0,0.0,4,TERMINAL_PRESS,-0.0004,-0.0001,-0.1671,0.044
