step,time_s,pos_x,pos_y,pos_z,vel_x,vel_y,vel_z,agl,dist_xy,dist_3d,target_x,target_y,target_z,plat_vel_x,plat_vel_y,plat_vel_z,cmd_vx,cmd_vy,cmd_vz,cmd_speed,cmd_yaw,landing_phase,descent_phase,assist_type,collision_risk,clutter_density,navigability,escape_active,pred_escape_active,threat_acc,terrain_id,phase_reason,rel_vx_to_pad,rel_vy_to_pad,pad_frame_dx,pad_frame_dy
0,0.0,-26.4857,21.633,0.451,0.0,0.0,0.0,0.121,73.844,73.844,36.1244,-17.5185,0.2,0.0,0.0,0.0,-0.048,-0.0013,0.048,0.0679,-0.1779,0,0,0,0.978,0.605,0.395,0,0,0.0,4,SEARCH_PHASE,0.0,0.0,-62.6101,39.1515
1,0.027,-26.4857,21.633,0.4514,0.0,0.0,0.0186,0.121,73.844,73.844,36.1244,-17.5185,0.2,0.0,0.0,0.0,-0.096,-0.0021,0.096,0.1358,-0.1739,0,0,0,0.976,0.607,0.393,0,0,0.0,4,SEARCH_PHASE,0.0,0.0,-62.6101,39.1515
2,0.051,-26.4857,21.633,0.4523,0.0,-0.0,0.0478,0.122,73.844,73.844,36.1244,-17.5185,0.2,0.0,0.0,0.0,-0.144,-0.0025,0.144,0.2036,-0.1712,0,0,0,0.976,0.607,0.393,0,0,0.0,4,SEARCH_PHASE,0.0,-0.0,-62.6101,39.1515
3,0.075,-26.4858,21.633,0.454,-0.003,-0.0001,0.0844,0.124,73.844,73.844,36.1244,-17.5185,0.2,0.0,0.0,0.0,-0.192,-0.0016,0.192,0.2715,-0.1676,0,0,0,0.976,0.613,0.387,0,0,1.0,4,SEARCH_PHASE,-0.003,-0.0001,-62.6102,39.1515
4,0.1,-26.4859,21.633,0.4565,-0.006,-0.0002,0.1255,0.126,73.844,73.844,36.1244,-17.5185,0.2,0.0,0.0,0.0,-0.2399,-0.0002,0.24,0.3394,-0.1517,0,0,0,0.976,0.613,0.387,0,0,2.0,4,SEARCH_PHASE,-0.006,-0.0002,-62.6103,39.1515
5,0.122,-26.4861,21.633,0.4599,-0.0123,-0.0006,0.1699,0.129,73.844,73.844,36.1244,-17.5185,0.2,0.0,0.0,0.0,-0.2878,0.003,0.288,0.4072,-0.175,0,0,0,0.976,0.606,0.394,0,0,3.0,4,SEARCH_PHASE,-0.0123,-0.0006,-62.6105,39.1515
6,0.144,-26.4866,21.633,0.4643,-0.0213,0.0001,0.2164,0.134,73.844,73.845,36.1244,-17.5185,0.2,0.0,0.0,0.0,-0.3358,0.0053,0.336,0.4751,-0.139,0,0,0,0.976,0.602,0.398,0,0,4.0,4,SEARCH_PHASE,-0.0213,0.0001,-62.611,39.1515
7,0.167,-26.4873,21.633,0.4695,-0.0365,-0.0012,0.2638,0.139,73.845,73.845,36.1244,-17.5185,0.2,0.0,0.0,0.0,-0.3836,0.0091,0.384,0.5429,-0.163,0,0,0,0.974,0.59,0.41,0,0,5.0,4,SEARCH_PHASE,-0.0365,-0.0012,-62.6117,39.1515
8,0.191,-26.4884,21.6329,0.4758,-0.0539,-0.0009,0.3122,0.145,73.846,73.846,36.1244,-17.5185,0.2,0.0,0.0,0.0,-0.4314,0.0136,0.432,0.6107,-0.1269,0,0,0,0.974,0.586,0.414,0,0,6.0,4,SEARCH_PHASE,-0.0539,-0.0009,-62.6128,39.1514
9,0.215,-26.4899,21.6329,0.483,-0.077,-0.0021,0.3606,0.152,73.847,73.848,36.1244,-17.5185,0.2,0.0,0.0,0.0,-0.479,0.0199,0.48,0.6784,-0.1514,0,0,0,0.974,0.608,0.392,0,0,7.0,4,SEARCH_PHASE,-0.077,-0.0021,-62.6143,39.1514
10,0.239,-26.4919,21.6329,0.4912,-0.1019,-0.0014,0.4097,0.161,73.849,73.849,36.1244,-17.5185,0.2,0.0,0.0,0.0,-0.5267,0.0249,0.528,0.7462,-0.1153,0,0,0,0.972,0.606,0.394,0,0,8.0,4,SEARCH_PHASE,-0.1019,-0.0014,-62.6164,39.1514
11,0.264,-26.4946,21.6328,0.5003,-0.132,-0.0016,0.4583,0.17,73.851,73.852,36.1244,-17.5185,0.2,0.0,0.0,0.0,-0.5741,0.033,0.576,0.8139,-0.1401,0,0,0,0.972,0.602,0.398,0,0,9.0,4,SEARCH_PHASE,-0.132,-0.0016,-62.619,39.1513
12,0.29,-26.4979,21.6329,0.5105,-0.1632,0.0004,0.5073,0.18,73.854,73.854,36.1244,-17.5185,0.2,0.0,0.0,0.0,-0.6215,0.0401,0.624,0.8816,-0.1027,0,0,0,0.972,0.597,0.403,0,0,10.0,4,SEARCH_PHASE,-0.1632,0.0004,-62.6223,39.1514
13,0.317,-26.5018,21.6329,0.5216,-0.1993,0.0018,0.5559,0.191,73.857,73.858,36.1244,-17.5185,0.2,0.0,0.0,0.0,-0.6687,0.049,0.672,0.9493,-0.1274,0,0,0,0.969,0.595,0.405,0,0,11.0,4,SEARCH_PHASE,-0.1993,0.0018,-62.6262,39.1514
14,0.344,-26.5066,21.633,0.5337,-0.2375,0.0059,0.6049,0.203,73.861,73.862,36.1244,-17.5185,0.2,0.0,0.0,0.0,-0.7161,0.0567,0.72,1.017,-0.0918,0,0,0,0.969,0.592,0.408,0,0,12.0,4,SEARCH_PHASE,-0.2375,0.0059,-62.631,39.1515
15,0.371,-26.5122,21.6332,0.5468,-0.2816,0.01,0.6528,0.216,73.866,73.867,36.1244,-17.5185,0.2,0.0,0.0,0.0,-0.7634,0.0649,0.768,1.0848,-0.1169,0,0,0,0.942,0.579,0.421,0,0,11.5,4,SEARCH_PHASE,-0.2816,0.01,-62.6366,39.1517
16,0.398,-26.5188,21.6335,0.5608,-0.3273,0.0172,0.701,0.23,73.872,73.873,36.1244,-17.5185,0.2,0.0,0.0,0.0,-0.8108,0.0726,0.816,1.1526,-0.0815,0,0,0,0.94,0.576,0.424,0,0,11.0,4,SEARCH_PHASE,-0.3273,0.0172,-62.6432,39.1521
17,0.427,-26.5263,21.634,0.5757,-0.3782,0.0248,0.748,0.245,73.879,73.879,36.1244,-17.5185,0.2,0.0,0.0,0.0,-0.8576,0.0831,0.864,1.2202,-0.1069,0,0,0,0.934,0.586,0.414,0,0,10.5,4,SEARCH_PHASE,-0.3782,0.0248,-62.6507,39.1525
18,0.455,-26.5349,21.6348,0.5916,-0.4302,0.0357,0.795,0.261,73.886,73.887,36.1244,-17.5185,0.2,0.0,0.0,0.0,-0.9043,0.0941,0.912,1.2878,-0.0847,0,0,0,0.93,0.578,0.422,0,0,10.0,4,SEARCH_PHASE,-0.4302,0.0357,-62.6593,39.1533
19,0.483,-26.5447,21.6357,0.6085,-0.4868,0.0474,0.8409,0.278,73.895,73.896,36.1244,-17.5185,0.2,0.0,0.0,0.0,-0.9504,0.1076,0.96,1.3551,-0.1164,0,0,0,0.926,0.582,0.418,0,0,9.5,4,SEARCH_PHASE,-0.4868,0.0474,-62.6691,39.1542
20,0.51,-26.5556,21.6369,0.6262,-0.5442,0.0613,0.8871,0.296,73.905,73.906,36.1244,-17.5185,0.2,0.0,0.0,0.0,-0.9965,0.1209,1.008,1.4226,-0.0818,0,0,0,0.924,0.578,0.422,0,0,9.0,4,SEARCH_PHASE,-0.5442,0.0613,-62.68,39.1554
21,0.537,-26.5676,21.6384,0.6448,-0.6039,0.0742,0.9321,0.314,73.916,73.917,36.1244,-17.5185,0.2,0.0,0.0,0.0,-1.0426,0.1344,1.056,1.49,-0.1029,0,0,0,0.92,0.578,0.422,0,0,8.5,4,SEARCH_PHASE,-0.6039,0.0742,-62.692,39.1569
22,0.564,-26.5809,21.6402,0.6644,-0.6617,0.0889,0.9786,0.334,73.928,73.929,36.1244,-17.5185,0.2,0.0,0.0,0.0,-1.088,0.15,1.104,1.5572,-0.0986,0,0,0,0.918,0.578,0.422,0,0,8.0,4,SEARCH_PHASE,-0.6617,0.0889,-62.7053,39.1587
23,0.591,-26.5953,21.6423,0.6849,-0.7217,0.1027,1.0244,0.354,73.941,73.943,36.1244,-17.5185,0.2,0.0,0.0,0.0,-1.1331,0.1664,1.152,1.6244,-0.0984,0,0,0,0.913,0.572,0.428,0,0,6.0,4,SEARCH_PHASE,-0.7217,0.1027,-62.7197,39.1608
24,0.617,-26.6109,21.6446,0.7063,-0.7804,0.1167,1.0709,0.376,73.956,73.958,36.1244,-17.5185,0.2,0.0,0.0,0.0,-1.1772,0.1853,1.2,1.6912,-0.081,0,0,0,0.911,0.572,0.428,0,0,4.0,4,SEARCH_PHASE,-0.7804,0.1167,-62.7353,39.1631
25,0.643,-26.6277,21.6472,0.7287,-0.8414,0.1298,1.1165,0.398,73.971,73.973,36.1244,-17.5185,0.2,0.0,0.0,0.0,-1.2208,0.2053,1.248,1.7579,-0.097,0,0,0,0.906,0.564,0.436,0,0,2.0,4,SEARCH_PHASE,-0.8414,0.1298,-62.7521,39.1657
26,0.67,-26.6458,21.6501,0.7519,-0.9009,0.1446,1.1627,0.421,73.988,73.99,36.1244,-17.5185,0.2,0.0,0.0,0.0,-1.2631,0.228,1.296,1.824,-0.0804,0,0,0,0.904,0.557,0.443,0,0,0.0,4,SEARCH_PHASE,-0.9009,0.1446,-62.7702,39.1686
27,0.696,-26.665,21.6532,0.7761,-0.9624,0.1581,1.2082,0.446,74.006,74.009,36.1244,-17.5185,0.2,0.0,0.0,0.0,-1.3047,0.252,1.344,1.89,-0.0977,0,0,0,0.899,0.556,0.444,0,0,0.0,4,SEARCH_PHASE,-0.9624,0.1581,-62.7894,39.1717
28,0.722,-26.6854,21.6567,0.8011,-1.0219,0.1729,1.2541,0.471,74.025,74.028,36.1244,-17.5185,0.2,0.0,0.0,0.0,-1.3453,0.2775,1.392,1.9557,-0.0813,0,0,0,0.898,0.554,0.446,0,0,0.0,4,SEARCH_PHASE,-1.0219,0.1729,-62.8098,39.1752
29,0.749,-26.7071,21.6604,0.8271,-1.0824,0.1859,1.3,0.497,74.046,74.048,36.1244,-17.5185,0.2,0.0,0.0,0.0,-1.386,0.3031,1.44,2.0215,-0.0652,0,0,0,0.894,0.55,0.45,0,0,0.0,4,SEARCH_PHASE,-1.0824,0.1859,-62.8315,39.1789
30,0.775,-26.7299,21.6644,0.8541,-1.1398,0.1995,1.3466,0.524,74.067,74.07,36.1244,-17.5185,0.2,0.0,0.0,0.0,-1.428,0.3263,1.488,2.088,-0.0956,0,0,0,0.892,0.56,0.44,0,0,0.0,4,SEARCH_PHASE,-1.1398,0.1995,-62.8543,39.1829
31,0.802,-26.7538,21.6687,0.8819,-1.1974,0.2145,1.393,0.551,74.09,74.093,36.1244,-17.5185,0.2,0.0,0.0,0.0,-1.4708,0.348,1.536,2.1549,-0.0658,0,0,0,0.888,0.557,0.443,0,0,0.0,4,SEARCH_PHASE,-1.1974,0.2145,-62.8782,39.1872
32,0.83,-26.7789,21.6732,0.9107,-1.253,0.2274,1.4401,0.58,74.114,74.117,36.1244,-17.5185,0.2,0.0,0.0,0.0,-1.5154,0.3657,1.584,2.2224,-0.1023,0,0,0,0.887,0.552,0.448,0,0,0.0,4,SEARCH_PHASE,-1.253,0.2274,-62.9033,39.1917
33,0.858,-26.805,21.6781,0.9405,-1.308,0.2425,1.487,0.61,74.138,74.142,36.1244,-17.5185,0.2,0.0,0.0,0.0,-1.56,0.3835,1.632,2.29,-0.0694,0,0,0,0.882,0.554,0.446,0,0,0.0,4,SEARCH_PHASE,-1.308,0.2425,-62.9295,39.1966
34,0.886,-26.8323,21.6832,0.9712,-1.3603,0.2556,1.5346,0.641,74.164,74.168,36.1244,-17.5185,0.2,0.0,0.0,0.0,-1.6058,0.3977,1.68,2.3578,-0.1057,0,0,0,0.88,0.545,0.455,0,0,0.0,4,SEARCH_PHASE,-1.3603,0.2556,-62.9567,39.2017
35,0.914,-26.8605,21.6886,1.0028,-1.4125,0.2713,1.5818,0.672,74.191,74.195,36.1244,-17.5185,0.2,0.0,0.0,0.0,-1.651,0.4139,1.7,2.4057,-0.0755,0,0,0,0.876,0.547,0.453,0,0,0.0,4,SEARCH_PHASE,-1.4125,0.2713,-62.9849,39.2071
36,0.942,-26.8897,21.6943,1.0352,-1.4599,0.2849,1.6192,0.705,74.219,74.223,36.1244,-17.5185,0.2,0.0,0.0,0.0,-1.696,0.4307,1.7,2.4396,-0.1168,0,0,0,0.875,0.544,0.456,0,0,0.0,4,SEARCH_PHASE,-1.4599,0.2849,-63.0141,39.2128
37,0.971,-26.9198,21.7003,1.0681,-1.5041,0.3002,1.6438,0.738,74.247,74.253,36.1244,-17.5185,0.2,0.0,0.0,0.0,-1.738,0.4539,1.7,2.4732,-0.0788,0,0,0,0.87,0.546,0.454,0,0,0.0,4,SEARCH_PHASE,-1.5041,0.3002,-63.0442,39.2188
38,1.0,-26.9507,21.7066,1.1013,-1.5435,0.3135,1.6602,0.771,74.277,74.282,36.1244,-17.5185,0.2,0.0,0.0,0.0,-1.7787,0.4794,1.7,2.5067,-0.0998,0,0,0,0.869,0.547,0.453,0,0,0.0,4,SEARCH_PHASE,-1.5435,0.3135,-63.0751,39.2251
39,1.027,-26.9823,21.7132,1.1347,-1.5812,0.3288,1.671,0.804,74.307,74.313,36.1244,-17.5185,0.2,0.0,0.0,0.0,-1.8133,0.5127,1.7,2.5379,-0.0616,0,0,0,0.864,0.544,0.456,0,0,0.0,4,SEARCH_PHASE,-1.5812,0.3288,-63.1067,39.2317
40,1.055,-27.0146,21.72,1.1683,-1.6157,0.3435,1.6786,0.838,74.338,74.345,36.1244,-17.5185,0.2,0.0,0.0,0.0,-1.8465,0.5473,1.7,2.5689,-0.0902,0,0,0,0.862,0.515,0.485,0,0,0.0,4,SEARCH_PHASE,-1.6157,0.3435,-63.139,39.2385
41,1.082,-27.0476,21.7273,1.2019,-1.6491,0.3612,1.6833,0.872,74.37,74.377,36.1244,-17.5185,0.2,0.0,0.0,0.0,-1.8832,0.5782,1.7,2.6021,-0.052,0,0,0,0.857,0.513,0.487,0,0,0.0,4,SEARCH_PHASE,-1.6491,0.3612,-63.172,39.2458
42,1.11,-27.0812,21.7348,1.2357,-1.68,0.3788,1.6871,1.136,74.403,74.41,36.1244,-17.5185,0.2,0.0,0.0,0.0,-1.9267,0.5985,1.7,2.6383,-0.0837,0,0,0,0.853,0.51,0.49,0,0,0.0,4,SEARCH_PHASE,-1.68,0.3788,-63.2056,39.2533
43,1.138,-27.1154,21.7428,1.2695,-1.7102,0.3995,1.6896,1.169,74.436,74.444,36.1244,-17.5185,0.2,0.0,0.0,0.0,-1.9709,0.6172,1.7,2.675,-0.0941,0,0,0,0.845,0.516,0.484,0,0,0.0,4,SEARCH_PHASE,-1.7102,0.3995,-63.2398,39.2613
44,1.165,-27.1502,21.7512,1.3033,-1.7405,0.4207,1.6916,1.203,74.47,74.478,36.1244,-17.5185,0.2,0.0,0.0,0.0,-2.0067,0.6492,1.7,2.7089,-0.0776,0,0,0,0.846,0.511,0.489,0,0,0.0,4,SEARCH_PHASE,-1.7405,0.4207,-63.2746,39.2697
45,1.193,-27.1856,21.7601,1.3372,-1.773,0.4423,1.6929,1.237,74.505,74.514,36.1244,-17.5185,0.2,0.0,0.0,0.0,-2.0435,0.6801,1.7,2.7438,-0.0978,0,0,0,0.842,0.525,0.475,0,0,0.0,4,SEARCH_PHASE,-1.773,0.4423,-63.3101,39.2786
46,1.221,-27.2217,21.7694,1.371,-1.8047,0.4661,1.6938,1.271,74.54,74.55,36.1244,-17.5185,0.2,0.0,0.0,0.0,-2.0711,0.7193,1.7,2.7743,-0.0817,0,0,0,0.836,0.523,0.477,0,0,0.0,4,SEARCH_PHASE,-1.8047,0.4661,-63.3462,39.2879
47,1.249,-27.2585,21.7792,1.4049,-1.839,0.4901,1.6936,1.305,74.577,74.587,36.1244,-17.5185,0.2,0.0,0.0,0.0,-2.1016,0.7564,1.7,2.8069,-0.1055,0,0,0,0.83,0.516,0.484,0,0,0.0,4,SEARCH_PHASE,-1.839,0.4901,-63.3829,39.2977
48,1.276,-27.296,21.7895,1.4388,-1.873,0.5163,1.6936,1.339,74.614,74.624,36.1244,-17.5185,0.2,0.0,0.0,0.0,-2.092,0.8034,1.7,2.8128,-0.083,0,0,0,0.839,0.514,0.486,0,0,0.0,4,SEARCH_PHASE,-1.873,0.5163,-63.4204,39.308
49,1.304,-27.3341,21.8004,1.4726,-1.9074,0.5421,1.6928,1.373,74.652,74.663,36.1244,-17.5185,0.2,0.0,0.0,0.0,-2.1014,0.8042,1.7,2.82,-0.0794,0,0,0,0.839,0.501,0.499,0,0,0.0,4,SEARCH_PHASE,-1.9074,0.5421,-63.4585,39.3189
50,1.332,-27.3729,21.8118,1.5065,-1.941,0.5699,1.6912,1.406,74.691,74.703,36.1244,-17.5185,0.2,0.0,0.0,0.0,-2.0834,0.8487,1.7,2.8197,-0.1045,0,0,0,0.835,0.495,0.505,0,0,0.0,4,SEARCH_PHASE,-1.941,0.5699,-63.4974,39.3303
51,1.361,-27.4124,21.8238,1.5402,-1.9715,0.5997,1.6888,1.44,74.731,74.743,36.1244,-17.5185,0.2,0.0,0.0,0.0,-2.0714,0.8786,1.7,2.82,-0.0793,0,0,0,0.832,0.493,0.507,0,0,0.0,4,SEARCH_PHASE,-1.9715,0.5997,-63.5368,39.3423
52,1.388,-27.4524,21.8364,1.574,-2.0021,0.6296,1.6868,1.474,74.772,74.784,36.1244,-17.5185,0.2,0.0,0.0,0.0,-2.0895,0.8341,1.7,2.8199,-0.1045,0,0,0,0.829,0.495,0.505,0,0,0.0,4,SEARCH_PHASE,-2.0021,0.6296,-63.5768,39.3549
53,1.416,-27.493,21.8496,1.6076,-2.0294,0.6615,1.6838,1.508,74.813,74.826,36.1244,-17.5185,0.2,0.0,0.0,0.0,-2.0751,0.8698,1.7,2.82,-0.1375,0,0,0,0.835,0.489,0.511,0,0,0.0,4,SEARCH_PHASE,-2.0294,0.6615,-63.6174,39.3681
54,1.444,-27.5341,21.8635,1.6413,-2.0547,0.6931,1.6814,1.541,74.855,74.869,36.1244,-17.5185,0.2,0.0,0.0,0.0,-2.0586,0.9081,1.7,2.82,-0.102,0,0,0,0.833,0.49,0.51,0,0,0.0,4,SEARCH_PHASE,-2.0547,0.6931,-63.6585,39.382
55,1.473,-27.5756,21.8779,1.6749,-2.0771,0.7221,1.6806,1.575,74.898,74.913,36.1244,-17.5185,0.2,0.0,0.0,0.0,-2.0694,0.8833,1.7,2.82,-0.0741,0,0,0,0.831,0.495,0.505,0,0,0.0,4,SEARCH_PHASE,-2.0771,0.7221,-63.7001,39.3964
56,1.5,-27.6176,21.8929,1.7085,-2.0976,0.7511,1.6793,1.608,74.942,74.957,36.1244,-17.5185,0.2,0.0,0.0,0.0,-2.0874,0.8388,1.7,2.8197,-0.097,0,0,0,0.827,0.498,0.502,0,0,0.0,4,SEARCH_PHASE,-2.0976,0.7511,-63.742,39.4114
57,1.528,-27.6599,21.9086,1.742,-2.1127,0.7822,1.6772,1.642,74.986,75.002,36.1244,-17.5185,0.2,0.0,0.0,0.0,-2.1048,0.7941,1.7,2.8197,-0.1387,0,0,0,0.828,0.501,0.499,0,0,0.0,4,SEARCH_PHASE,-2.1127,0.7822,-63.7843,39.4271
58,1.556,-27.7024,21.9248,1.7755,-2.126,0.8136,1.6749,1.676,75.031,75.047,36.1244,-17.5185,0.2,0.0,0.0,0.0,-2.0866,0.8385,1.7,2.8191,-0.1586,0,0,0,0.831,0.501,0.499,0,0,0.0,4,SEARCH_PHASE,-2.126,0.8136,-63.8268,39.4433
59,1.584,-27.7451,21.9417,1.809,-2.1356,0.8421,1.6745,1.709,75.076,75.093,36.1244,-17.5185,0.2,0.0,0.0,0.0,-2.069,0.8832,1.7,2.8197,-0.1318,0,0,0,0.833,0.507,0.493,0,0,0.0,4,SEARCH_PHASE,-2.1356,0.8421,-63.8695,39.4602
60,1.613,-27.788,21.959,1.8425,-2.1445,0.866,1.6759,1.743,75.122,75.14,36.1244,-17.5185,0.2,0.0,0.0,0.0,-2.0492,0.9269,1.7,2.8193,-0.1045,0,0,0,0.832,0.503,0.497,0,0,0.0,4,SEARCH_PHASE,-2.1445,0.866,-63.9124,39.4775
61,1.641,-27.831,21.9767,1.8761,-2.1492,0.8869,1.6777,1.776,75.168,75.186,36.1244,-17.5185,0.2,0.0,0.0,0.0,-2.0393,0.9507,1.7,2.82,-0.1138,0,0,0,0.833,0.488,0.512,0,0,0.0,4,SEARCH_PHASE,-2.1492,0.8869,-63.9554,39.4952
62,1.669,-27.874,21.9949,1.9097,-2.1523,0.9068,1.6795,1.81,75.214,75.233,36.1244,-17.5185,0.2,0.0,0.0,0.0,-2.018,0.9937,1.7,2.8195,-0.0866,0,0,0,0.832,0.483,0.517,0,0,0.0,4,SEARCH_PHASE,-2.1523,0.9068,-63.9984,39.5134
63,1.697,-27.917,22.0134,1.9433,-2.1512,0.9247,1.6815,1.843,75.26,75.28,36.1244,-17.5185,0.2,0.0,0.0,0.0,-1.9967,1.0367,1.7,2.8198,-0.1048,0,0,0,0.832,0.484,0.516,0,0,0.0,4,SEARCH_PHASE,-2.1512,0.9247,-64.0414,39.5319
64,1.724,-27.96,22.0322,1.977,-2.1483,0.9424,1.6832,1.877,75.307,75.327,36.1244,-17.5185,0.2,0.0,0.0,0.0,-1.9775,1.0733,1.7,2.82,-0.0635,0,0,0,0.829,0.486,0.514,0,0,0.0,4,SEARCH_PHASE,-2.1483,0.9424,-64.0844,39.5507
65,1.752,-28.0028,22.0514,2.0107,-2.1415,0.9582,1.6855,1.911,75.353,75.375,36.1244,-17.5185,0.2,0.0,0.0,0.0,-1.9997,1.0308,1.7,2.8199,-0.101,0,0,0,0.838,0.495,0.505,0,0,0.0,4,SEARCH_PHASE,-2.1415,0.9582,-64.1272,39.5699
66,1.779,-28.0455,22.0709,2.0444,-2.1326,0.9752,1.6862,1.944,75.4,75.422,36.1244,-17.5185,0.2,0.0,0.0,0.0,-1.9881,1.0536,1.7,2.82,-0.0814,0,0,0,0.836,0.493,0.507,0,0,0.0,4,SEARCH_PHASE,-2.1326,0.9752,-64.1699,39.5894
67,1.806,-28.0879,22.0907,2.0781,-2.1201,0.9904,1.687,1.978,75.446,75.469,36.1244,-17.5185,0.2,0.0,0.0,0.0,-2.0099,1.0108,1.7,2.8198,-0.1088,0,0,0,0.837,0.495,0.505,0,0,0.0,4,SEARCH_PHASE,-2.1201,0.9904,-64.2123,39.6092
68,1.834,-28.13,22.1108,2.1119,-2.1063,1.0052,1.6867,2.012,75.492,75.517,36.1244,-17.5185,0.2,0.0,0.0,0.0,-2.0034,1.0241,1.7,2.82,-0.097,0,0,0,0.835,0.49,0.51,0,0,0.0,4,SEARCH_PHASE,-2.1063,1.0052,-64.2544,39.6293
69,1.861,-28.1718,22.1311,2.1456,-2.0893,1.0176,1.6865,2.046,75.539,75.564,36.1244,-17.5185,0.2,0.0,0.0,0.0,-2.0144,1.0024,1.7,2.82,-0.093,0,0,0,0.832,0.487,0.513,0,0,0.0,4,SEARCH_PHASE,-2.0893,1.0176,-64.2962,39.6497
70,1.888,-28.2132,22.1517,2.1793,-2.0716,1.0281,1.6858,2.079,75.585,75.611,36.1244,-17.5185,0.2,0.0,0.0,0.0,-1.9983,1.034,1.7,2.82,-0.1134,0,0,0,0.828,0.478,0.522,0,0,0.0,4,SEARCH_PHASE,-2.0716,1.0281,-64.3376,39.6702
71,1.913,-28.2543,22.1725,2.213,-2.0534,1.0375,1.6863,2.113,75.631,75.657,36.1244,-17.5185,0.2,0.0,0.0,0.0,-1.9755,1.0762,1.7,2.8197,-0.0866,0,0,0,0.827,0.477,0.523,0,0,0.0,4,SEARCH_PHASE,-2.0534,1.0375,-64.3787,39.691
72,1.937,-28.295,22.1933,2.2468,-2.0369,1.0439,1.6871,2.147,75.676,75.704,36.1244,-17.5185,0.2,0.0,0.0,0.0,-1.9521,1.1181,1.7,2.8197,-0.0559,0,0,0,0.823,0.475,0.525,0,0,0.0,4,SEARCH_PHASE,-2.0369,1.0439,-64.4194,39.7118
73,1.963,-28.3354,22.2143,2.2805,-2.0194,1.0488,1.6879,2.181,75.722,75.75,36.1244,-17.5185,0.2,0.0,0.0,0.0,-1.9693,1.0883,1.7,2.82,-0.0976,0,0,0,0.821,0.472,0.528,0,0,0.0,4,SEARCH_PHASE,-2.0194,1.0488,-64.4598,39.7328
74,1.989,-28.3755,22.2354,2.3143,-2.0024,1.0549,1.6879,2.214,75.767,75.796,36.1244,-17.5185,0.2,0.0,0.0,0.0,-1.9456,1.1301,1.7,2.82,-0.0541,0,0,0,0.817,0.469,0.531,0,0,0.0,4,SEARCH_PHASE,-2.0024,1.0549,-64.4999,39.7539
75,2.015,-28.4151,22.2566,2.3481,-1.9844,1.0592,1.6882,2.248,75.812,75.842,36.1244,-17.5185,0.2,0.0,0.0,0.0,-1.9692,1.0883,1.7,2.82,-0.0955,0,0,0,0.815,0.466,0.534,0,0,0.0,4,SEARCH_PHASE,-1.9844,1.0592,-64.5396,39.7751
76,2.042,-28.4545,22.2779,2.3818,-1.9673,1.0651,1.6877,2.282,75.856,75.888,36.1244,-17.5185,0.2,0.0,0.0,0.0,-1.9665,1.0933,1.7,2.82,-0.0633,0,0,0,0.811,0.459,0.541,0,0,0.0,4,SEARCH_PHASE,-1.9673,1.0651,-64.5789,39.7964
77,2.068,-28.4935,22.2993,2.4156,-1.9494,1.0695,1.6872,2.316,75.901,75.933,36.1244,-17.5185,0.2,0.0,0.0,0.0,-1.9761,1.0759,1.7,2.82,-0.1002,0,0,0,0.807,0.45,0.55,0,0,0.0,4,SEARCH_PHASE,-1.9494,1.0695,-64.6179,39.8178
78,2.094,-28.5321,22.3208,2.4493,-1.9329,1.0748,1.6869,2.349,75.945,75.978,36.1244,-17.5185,0.2,0.0,0.0,0.0,-1.9525,1.1178,1.7,2.8199,-0.057,0,0,0,0.8,0.442,0.558,0,0,0.0,4,SEARCH_PHASE,-1.9329,1.0748,-64.6565,39.8393
79,2.121,-28.5705,22.3424,2.483,-1.9175,1.0785,1.6872,2.383,75.989,76.023,36.1244,-17.5185,0.2,0.0,0.0,0.0,-1.9583,1.108,1.7,2.82,-0.098,0,0,0,0.796,0.438,0.562,0,0,0.0,4,SEARCH_PHASE,-1.9175,1.0785,-64.6949,39.8609
80,2.148,-28.6086,22.364,2.5168,-1.9051,1.0838,1.6874,2.417,76.033,76.068,36.1244,-17.5185,0.2,0.0,0.0,0.0,-1.9335,1.1491,1.7,2.8194,-0.0567,0,0,0,0.789,0.456,0.544,0,0,0.0,4,SEARCH_PHASE,-1.9051,1.0838,-64.733,39.8825
81,2.174,-28.6465,22.3858,2.5505,-1.8942,1.0878,1.688,2.451,76.076,76.113,36.1244,-17.5185,0.2,0.0,0.0,0.0,-1.9089,1.1903,1.7,2.8197,-0.0968,0,0,0,0.784,0.454,0.546,0,0,0.0,4,SEARCH_PHASE,-1.8942,1.0878,-64.7709,39.9043
82,2.2,-28.6842,22.4077,2.5843,-1.8862,1.0937,1.6884,2.484,76.12,76.157,36.1244,-17.5185,0.2,0.0,0.0,0.0,-1.8826,1.2304,1.7,2.8193,-0.0671,0,0,0,0.78,0.451,0.549,0,0,0.0,4,SEARCH_PHASE,-1.8862,1.0937,-64.8086,39.9262
83,2.226,-28.7218,22.4296,2.6181,-1.8795,1.0985,1.689,2.518,76.164,76.202,36.1244,-17.5185,0.2,0.0,0.0,0.0,-1.8848,1.2288,1.7,2.82,-0.0535,0,0,0,0.78,0.451,0.549,0,0,0.0,4,SEARCH_PHASE,-1.8795,1.0985,-64.8462,39.9481
84,2.253,-28.7593,22.4517,2.6519,-1.8732,1.1044,1.6891,2.552,76.207,76.246,36.1244,-17.5185,0.2,0.0,0.0,0.0,-1.9105,1.1882,1.7,2.8199,-0.0806,0,0,0,0.773,0.442,0.558,0,0,0.0,4,SEARCH_PHASE,-1.8732,1.1044,-64.8837,39.9702
85,2.28,-28.7966,22.474,2.6857,-1.8657,1.1129,1.6891,2.586,76.25,76.291,36.1244,-17.5185,0.2,0.0,0.0,0.0,-1.9112,1.1874,1.7,2.82,-0.1132,0,0,0,0.771,0.434,0.566,0,0,0.0,4,SEARCH_PHASE,-1.8657,1.1129,-64.921,39.9925
86,2.307,-28.8338,22.4964,2.7194,-1.8603,1.1222,1.689,2.619,76.294,76.335,36.1244,-17.5185,0.2,0.0,0.0,0.0,-1.8822,1.2256,1.7,2.8169,-0.0702,0,0,0,0.765,0.429,0.571,0,0,0.0,4,SEARCH_PHASE,-1.8603,1.1222,-64.9582,40.0149
87,2.333,-28.8709,22.519,2.7532,-1.855,1.1296,1.6893,2.653,76.337,76.38,36.1244,-17.5185,0.2,0.0,0.0,0.0,-1.8511,1.2622,1.7,2.8125,-0.098,0,0,0,0.762,0.425,0.575,0,0,0.0,4,SEARCH_PHASE,-1.855,1.1296,-64.9953,40.0375
88,2.359,-28.9079,22.5418,2.787,-1.8518,1.1385,1.6894,2.687,76.381,76.425,36.1244,-17.5185,0.2,0.0,0.0,0.0,-1.8151,1.2939,1.7,2.8033,-0.0642,0,0,0,0.758,0.423,0.577,0,0,0.0,4,SEARCH_PHASE,-1.8518,1.1385,-65.0323,40.0603
89,2.385,-28.9449,22.5647,2.8208,-1.8487,1.1466,1.6898,2.721,76.424,76.469,36.1244,-17.5185,0.2,0.0,0.0,0.0,-1.7823,1.329,1.7,2.7987,-0.0758,0,0,0,0.756,0.424,0.576,0,0,0.0,4,SEARCH_PHASE,-1.8487,1.1466,-65.0693,40.0832
90,2.412,-28.9818,22.5878,2.8546,-1.8454,1.1565,1.6905,2.755,76.468,76.514,36.1244,-17.5185,0.2,0.0,0.0,0.0,-1.7346,1.3349,1.7,2.7715,-0.0485,0,0,0,0.751,0.423,0.577,0,0,0.0,4,SEARCH_PHASE,-1.8454,1.1565,-65.1062,40.1063
91,2.439,-29.0186,22.6112,2.8884,-1.8395,1.1671,1.691,2.788,76.511,76.559,36.1244,-17.5185,0.2,0.0,0.0,0.0,-1.6971,1.305,1.7,2.7337,-0.0887,0,0,0,0.752,0.43,0.57,0,0,0.0,4,SEARCH_PHASE,-1.8395,1.1671,-65.143,40.1297
92,2.465,-29.0552,22.6348,2.9222,-1.8328,1.1813,1.6906,2.822,76.555,76.603,36.1244,-17.5185,0.2,0.0,0.0,0.0,-1.6575,1.2779,1.7,2.6963,-0.0789,0,0,0,0.752,0.424,0.576,0,0,0.0,4,SEARCH_PHASE,-1.8328,1.1813,-65.1796,40.1533
93,2.492,-29.0917,22.6587,2.9561,-1.8234,1.1957,1.6903,2.856,76.599,76.648,36.1244,-17.5185,0.2,0.0,0.0,0.0,-1.6387,1.2337,1.7,2.6641,-0.1155,0,0,0,0.754,0.42,0.58,0,0,0.0,4,SEARCH_PHASE,-1.8234,1.1957,-65.2161,40.1772
94,2.517,-29.128,22.6829,2.9898,-1.8127,1.2107,1.6896,2.89,76.642,76.693,36.1244,-17.5185,0.2,0.0,0.0,0.0,-1.6001,1.2052,1.7,2.6273,-0.0734,0,0,0,0.752,0.416,0.584,0,0,0.0,4,SEARCH_PHASE,-1.8127,1.2107,-65.2524,40.2014
95,2.544,-29.1639,22.7074,3.0236,-1.799,1.2235,1.689,2.924,76.686,76.738,36.1244,-17.5185,0.2,0.0,0.0,0.0,-1.5717,1.1665,1.7,2.5925,-0.1107,0,0,0,0.754,0.405,0.595,0,0,0.0,4,SEARCH_PHASE,-1.799,1.2235,-65.2883,40.2259
96,2.57,-29.1996,22.7322,3.0574,-1.7839,1.2372,1.6884,2.957,76.729,76.782,36.1244,-17.5185,0.2,0.0,0.0,0.0,-1.5599,1.12,1.7,2.5647,-0.1363,0,0,0,0.756,0.407,0.593,0,0,0.0,4,SEARCH_PHASE,-1.7839,1.2372,-65.324,40.2507
97,2.596,-29.2349,22.7571,3.0911,-1.7657,1.2488,1.6878,2.991,76.772,76.827,36.1244,-17.5185,0.2,0.0,0.0,0.0,-1.5512,1.0728,1.7,2.5391,-0.1006,0,0,0,0.756,0.41,0.59,0,0,0.0,4,SEARCH_PHASE,-1.7657,1.2488,-65.3593,40.2756
98,2.623,-29.2698,22.7822,3.1249,-1.7445,1.2557,1.6881,3.025,76.815,76.871,36.1244,-17.5185,0.2,0.0,0.0,0.0,-1.5753,1.0313,1.7,2.5368,-0.141,0,0,0,0.759,0.415,0.585,0,0,0.0,4,SEARCH_PHASE,-1.7445,1.2557,-65.3942,40.3007
99,2.65,-29.3043,22.8075,3.1587,-1.7215,1.2606,1.6884,3.059,76.858,76.915,36.1244,-17.5185,0.2,0.0,0.0,0.0,-1.5668,0.984,1.7,2.5126,-0.155,0,0,0,0.759,0.415,0.585,0,0,0.0,4,SEARCH_PHASE,-1.7215,1.2606,-65.4287,40.326
100,2.678,-29.3381,22.8327,3.1925,-1.6948,1.2606,1.6887,3.092,76.9,76.958,36.1244,-17.5185,0.2,0.0,0.0,0.0,-1.5289,0.9547,1.7,2.4777,-0.112,0,0,0,0.756,0.411,0.589,0,0,0.0,4,SEARCH_PHASE,-1.6948,1.2606,-65.4626,40.3512
101,2.704,-29.3715,22.8578,3.2263,-1.6675,1.2541,1.6904,3.126,76.941,77.001,36.1244,-17.5185,0.2,0.0,0.0,0.0,-1.4919,0.9241,1.7,2.4433,-0.1531,0,0,0,0.755,0.412,0.588,0,0,0.0,4,SEARCH_PHASE,-1.6675,1.2541,-65.4959,40.3763
102,2.731,-29.4043,22.8826,3.2601,-1.6414,1.2443,1.6929,3.16,76.982,77.043,36.1244,-17.5185,0.2,0.0,0.0,0.0,-1.4533,0.8955,1.7,2.4092,-0.115,0,0,0,0.755,0.411,0.589,0,0,0.0,4,SEARCH_PHASE,-1.6414,1.2443,-65.5287,40.4011
103,2.759,-29.4366,22.9072,3.294,-1.6151,1.2281,1.6954,3.194,77.023,77.085,36.1244,-17.5185,0.2,0.0,0.0,0.0,-1.4145,0.8673,1.7,2.3755,-0.1553,0,0,0,0.757,0.412,0.588,0,0,0.0,4,SEARCH_PHASE,-1.6151,1.2281,-65.561,40.4257
104,2.787,-29.4684,22.9314,3.328,-1.5882,1.2081,1.6982,3.228,77.062,77.126,36.1244,-17.5185,0.2,0.0,0.0,0.0,-1.3745,0.8407,1.7,2.3422,-0.1071,0,0,0,0.755,0.41,0.59,0,0,0.0,4,SEARCH_PHASE,-1.5882,1.2081,-65.5928,40.4499
105,2.815,-29.4996,22.955,3.362,-1.5597,1.1816,1.6999,3.262,77.101,77.166,36.1244,-17.5185,0.2,0.0,0.0,0.0,-1.3351,0.8134,1.7,2.3095,-0.1469,0,0,0,0.745,0.407,0.593,0,0,0.0,4,SEARCH_PHASE,-1.5597,1.1816,-65.624,40.4735
106,2.843,-29.5302,22.978,3.396,-1.5313,1.1517,1.7018,3.296,77.139,77.206,36.1244,-17.5185,0.2,0.0,0.0,0.0,-1.2949,0.7871,1.7,2.2773,-0.0979,0,0,0,0.74,0.406,0.594,0,0,0.0,4,SEARCH_PHASE,-1.5313,1.1517,-65.6546,40.4965
107,2.872,-29.5602,23.0003,3.4301,-1.5015,1.1159,1.7021,3.33,77.177,77.244,36.1244,-17.5185,0.2,0.0,0.0,0.0,-1.255,0.7604,1.7,2.2457,-0.1073,0,0,0,0.742,0.401,0.599,0,0,0.0,4,SEARCH_PHASE,-1.5015,1.1159,-65.6846,40.5188
108,2.9,-29.5897,23.0219,3.4641,-1.4722,1.0776,1.7017,3.364,77.213,77.282,36.1244,-17.5185,0.2,0.0,0.0,0.0,-1.215,0.7338,1.7,2.2147,-0.073,0,0,0,0.74,0.399,0.601,0,0,0.0,4,SEARCH_PHASE,-1.4722,1.0776,-65.7141,40.5404
109,2.928,-29.6185,23.0426,3.4981,-1.4405,1.0364,1.7013,3.398,77.249,77.319,36.1244,-17.5185,0.2,0.0,0.0,0.0,-1.1754,0.7068,1.7,2.1843,-0.121,0,0,0,0.74,0.402,0.598,0,0,0.0,4,SEARCH_PHASE,-1.4405,1.0364,-65.7429,40.5611
110,2.956,-29.6467,23.0625,3.5321,-1.4081,0.9954,1.701,3.432,77.283,77.355,36.1244,-17.5185,0.2,0.0,0.0,0.0,-1.1356,0.6799,1.7,2.1545,-0.0763,0,0,0,0.738,0.401,0.599,0,0,0.0,4,SEARCH_PHASE,-1.4081,0.9954,-65.7711,40.581
111,2.983,-29.6741,23.0816,3.5661,-1.3735,0.9517,1.6997,3.466,77.316,77.39,36.1244,-17.5185,0.2,0.0,0.0,0.0,-1.096,0.6528,1.7,2.1254,-0.1243,0,0,0,0.735,0.395,0.605,0,0,0.0,4,SEARCH_PHASE,-1.3735,0.9517,-65.7985,40.6001
112,3.01,-29.7009,23.0997,3.6001,-1.3385,0.9087,1.6988,3.5,77.349,77.423,36.1244,-17.5185,0.2,0.0,0.0,0.0,-1.0562,0.626,1.7,2.097,-0.0794,0,0,0,0.732,0.396,0.604,0,0,0.0,4,SEARCH_PHASE,-1.3385,0.9087,-65.8253,40.6182
113,3.036,-29.7269,23.117,3.6341,-1.3015,0.8633,1.6969,3.534,77.38,77.456,36.1244,-17.5185,0.2,0.0,0.0,0.0,-1.0164,0.599,1.7,2.0693,-0.123,0,0,0,0.73,0.395,0.605,0,0,0.0,4,SEARCH_PHASE,-1.3015,0.8633,-65.8513,40.6355
114,3.062,-29.7522,23.1334,3.668,-1.2644,0.819,1.6955,3.568,77.41,77.488,36.1244,-17.5185,0.2,0.0,0.0,0.0,-0.9764,0.5725,1.7,2.0423,-0.0779,0,0,0,0.727,0.391,0.609,0,0,0.0,4,SEARCH_PHASE,-1.2644,0.819,-65.8766,40.6519
115,3.089,-29.7767,23.1488,3.7018,-1.2253,0.7731,1.6932,3.602,77.439,77.518,36.1244,-17.5185,0.2,0.0,0.0,0.0,-0.9363,0.5461,1.7,2.0162,-0.1199,0,0,0,0.726,0.39,0.61,0,0,0.0,4,SEARCH_PHASE,-1.2253,0.7731,-65.9011,40.6674
116,3.115,-29.8004,23.1634,3.7357,-1.1861,0.729,1.6919,3.636,77.467,77.547,36.1244,-17.5185,0.2,0.0,0.0,0.0,-0.8961,0.52,1.7,1.9908,-0.0738,0,0,0,0.722,0.386,0.614,0,0,0.0,4,SEARCH_PHASE,-1.1861,0.729,-65.9248,40.6819
117,3.142,-29.8233,23.1771,3.7695,-1.1452,0.6839,1.6901,3.669,77.493,77.576,36.1244,-17.5185,0.2,0.0,0.0,0.0,-0.8557,0.494,1.7,1.9663,-0.1204,0,0,0,0.721,0.383,0.617,0,0,0.0,4,SEARCH_PHASE,-1.1452,0.6839,-65.9478,40.6956
118,3.169,-29.8454,23.1899,3.8032,-1.1043,0.6413,1.6889,3.703,77.519,77.603,36.1244,-17.5185,0.2,0.0,0.0,0.0,-0.8152,0.4682,1.7,1.9426,-0.0741,0,0,0,0.718,0.379,0.621,0,0,0.0,4,SEARCH_PHASE,-1.1043,0.6413,-65.9698,40.7084
119,3.195,-29.8667,23.2019,3.837,-1.062,0.5982,1.6869,3.737,77.543,77.629,36.1244,-17.5185,0.2,0.0,0.0,0.0,-0.7746,0.4426,1.7,1.9199,-0.1167,0,0,0,0.716,0.379,0.621,0,0,0.0,4,SEARCH_PHASE,-1.062,0.5982,-65.9911,40.7204
120,3.222,-29.8871,23.2131,3.8707,-1.02,0.5578,1.6862,3.771,77.567,77.653,36.1244,-17.5185,0.2,0.0,0.0,0.0,-0.7339,0.4173,1.652,1.8552,-0.0684,0,0,0,0.712,0.375,0.625,0,0,0.0,4,SEARCH_PHASE,-1.02,0.5578,-66.0115,40.7316
121,3.249,-29.9067,23.2235,3.9041,-0.98,0.5203,1.6687,3.804,77.589,77.677,36.1244,-17.5185,0.2,0.0,0.0,0.0,-0.6931,0.392,1.604,1.7908,-0.1107,0,0,0,0.711,0.374,0.626,0,0,0.0,4,SEARCH_PHASE,-0.98,0.5203,-66.0311,40.742
122,3.276,-29.9255,23.2332,3.9369,-0.9429,0.4876,1.641,3.837,77.61,77.7,36.1244,-17.5185,0.2,0.0,0.0,0.0,-0.6522,0.3668,1.556,1.7266,-0.0704,0,0,0,0.708,0.373,0.627,0,0,0.0,4,SEARCH_PHASE,-0.9429,0.4876,-66.0499,40.7517
123,3.303,-29.9437,23.2423,3.969,-0.9064,0.4563,1.6065,3.869,77.63,77.722,36.1244,-17.5185,0.2,0.0,0.0,0.0,-0.6112,0.3418,1.508,1.6627,-0.1105,0,0,0,0.708,0.375,0.625,0,0,0.0,4,SEARCH_PHASE,-0.9064,0.4563,-66.0681,40.7608
124,3.329,-29.9611,23.2509,4.0004,-0.8705,0.4282,1.5678,3.9,77.649,77.742,36.1244,-17.5185,0.2,0.0,0.0,0.0,-0.5702,0.3169,1.46,1.5991,-0.0666,0,0,0,0.705,0.369,0.631,0,0,0.0,4,SEARCH_PHASE,-0.8705,0.4282,-66.0855,40.7694
125,3.356,-29.9777,23.2589,4.0309,-0.8338,0.4008,1.526,3.931,77.668,77.762,36.1244,-17.5185,0.2,0.0,0.0,0.0,-0.5291,0.292,1.412,1.5359,-0.1058,0,0,0,0.704,0.364,0.636,0,0,0.0,4,SEARCH_PHASE,-0.8338,0.4008,-66.1021,40.7774
126,3.383,-29.9937,23.2664,4.0606,-0.7974,0.3762,1.4826,3.961,77.685,77.781,36.1244,-17.5185,0.2,0.0,0.0,0.0,-0.4881,0.2672,1.364,1.4731,-0.0683,0,0,0,0.702,0.367,0.633,0,0,0.0,4,SEARCH_PHASE,-0.7974,0.3762,-66.1181,40.7849
127,3.41,-30.0089,23.2735,4.0893,-0.7601,0.3522,1.4379,3.989,77.702,77.799,36.1244,-17.5185,0.2,0.0,0.0,0.0,-0.447,0.2424,1.316,1.4108,-0.1061,0,0,0,0.703,0.37,0.63,0,0,0.0,4,SEARCH_PHASE,-0.7601,0.3522,-66.1333,40.792
128,3.436,-30.0233,23.2801,4.1172,-0.7219,0.3307,1.3925,4.017,77.718,77.816,36.1244,-17.5185,0.2,0.0,0.0,0.0,-0.4058,0.2176,1.268,1.349,-0.0714,0,0,0,0.7,0.367,0.633,0,0,0.0,4,SEARCH_PHASE,-0.7219,0.3307,-66.1477,40.7986
129,3.463,-30.037,23.2863,4.1441,-0.682,0.3096,1.3463,4.044,77.733,77.833,36.1244,-17.5185,0.2,0.0,0.0,0.0,-0.3647,0.1929,1.22,1.2879,-0.1104,0,0,0,0.701,0.369,0.631,0,0,0.0,4,SEARCH_PHASE,-0.682,0.3096,-66.1614,40.8048
130,3.489,-30.0498,23.2921,4.1701,-0.6419,0.2907,1.2998,4.07,77.747,77.848,36.1244,-17.5185,0.2,0.0,0.0,0.0,-0.3236,0.1681,1.172,1.2274,-0.0784,0,0,0,0.698,0.367,0.633,0,0,0.0,4,SEARCH_PHASE,-0.6419,0.2907,-66.1742,40.8106
131,3.516,-30.0618,23.2975,4.1951,-0.6003,0.2718,1.2528,4.095,77.76,77.862,36.1244,-17.5185,0.2,0.0,0.0,0.0,-0.2825,0.1433,1.124,1.1678,-0.1174,0,0,0,0.698,0.369,0.631,0,0,0.0,4,SEARCH_PHASE,-0.6003,0.2718,-66.1862,40.816
132,3.542,-30.073,23.3026,4.2193,-0.5588,0.2544,1.2058,4.119,77.772,77.876,36.1244,-17.5185,0.2,0.0,0.0,0.0,-0.2414,0.1185,1.076,1.1091,-0.074,0,0,0,0.696,0.369,0.631,0,0,0.0,4,SEARCH_PHASE,-0.5588,0.2544,-66.1974,40.8211
133,3.568,-30.0833,23.3074,4.2424,-0.5161,0.2364,1.1583,4.142,77.783,77.888,36.1244,-17.5185,0.2,0.0,0.0,0.0,-0.2003,0.0938,1.028,1.0515,-0.113,0,0,0,0.696,0.365,0.635,0,0,0.0,4,SEARCH_PHASE,-0.5161,0.2364,-66.2077,40.8259
134,3.595,-30.0928,23.3118,4.2646,-0.4738,0.2201,1.1108,4.165,77.793,77.9,36.1244,-17.5185,0.2,0.0,0.0,0.0,-0.1592,0.069,0.98,0.9952,-0.1053,0,0,0,0.694,0.362,0.638,0,0,0.0,4,SEARCH_PHASE,-0.4738,0.2201,-66.2172,40.8303
135,3.622,-30.1014,23.3158,4.2859,-0.4306,0.2036,1.0626,4.186,77.803,77.91,36.1244,-17.5185,0.2,0.0,0.0,0.0,-0.1181,0.0442,0.932,0.9405,-0.1261,0,0,0,0.695,0.367,0.633,0,0,0.0,4,SEARCH_PHASE,-0.4306,0.2036,-66.2258,40.8343
136,3.648,-30.1091,23.3196,4.3062,-0.3875,0.1863,1.0147,4.206,77.812,77.92,36.1244,-17.5185,0.2,0.0,0.0,0.0,-0.0769,0.0194,0.884,0.8876,-0.0913,0,0,0,0.694,0.368,0.632,0,0,0.0,4,SEARCH_PHASE,-0.3875,0.1863,-66.2336,40.8381
137,3.675,-30.116,23.3229,4.3255,-0.3431,0.1668,0.967,4.226,77.819,77.928,36.1244,-17.5185,0.2,0.0,0.0,0.0,-0.0358,-0.0053,0.836,0.8368,-0.1302,0,0,0,0.695,0.367,0.633,0,0,0.0,4,SEARCH_PHASE,-0.3431,0.1668,-66.2404,40.8414
138,3.701,-30.122,23.3258,4.3439,-0.2987,0.1473,0.9194,4.244,77.826,77.936,36.1244,-17.5185,0.2,0.0,0.0,0.0,0.0053,-0.0301,0.788,0.7886,-0.0844,0,0,0,0.693,0.368,0.632,0,0,0.0,4,SEARCH_PHASE,-0.2987,0.1473,-66.2464,40.8443
139,3.728,-30.1271,23.3284,4.3613,-0.2536,0.1257,0.8712,4.261,77.831,77.943,36.1244,-17.5185,0.2,0.0,0.0,0.0,0.0464,-0.0549,0.74,0.7435,-0.1242,0,0,0,0.693,0.368,0.632,0,0,0.0,4,SEARCH_PHASE,-0.2536,0.1257,-66.2515,40.8469
140,3.754,-30.1312,23.3304,4.3778,-0.2089,0.1044,0.8233,4.278,77.836,77.948,36.1244,-17.5185,0.2,0.0,0.0,0.0,0.0875,-0.0796,0.692,0.702,-0.078,0,0,0,0.691,0.366,0.634,0,0,0.0,4,SEARCH_PHASE,-0.2089,0.1044,-66.2556,40.8489
141,3.781,-30.1345,23.3321,4.3933,-0.1637,0.0813,0.7749,4.293,77.84,77.953,36.1244,-17.5185,0.2,0.0,0.0,0.0,0.1286,-0.1044,0.644,0.665,-0.1179,0,0,0,0.691,0.366,0.634,0,0,0.0,4,SEARCH_PHASE,-0.1637,0.0813,-66.2589,40.8506
142,3.807,-30.1369,23.3332,4.4078,-0.119,0.0588,0.7269,4.308,77.842,77.956,36.1244,-17.5185,0.2,0.0,0.0,0.0,0.1697,-0.1292,0.596,0.633,-0.0713,0,0,0,0.689,0.364,0.636,0,0,0.0,4,SEARCH_PHASE,-0.119,0.0588,-66.2613,40.8517
143,3.834,-30.1384,23.3339,4.4214,-0.074,0.0347,0.6785,4.321,77.844,77.958,36.1244,-17.5185,0.2,0.0,0.0,0.0,0.2109,-0.154,0.548,0.607,-0.111,0,0,0,0.689,0.364,0.636,0,0,0.0,4,SEARCH_PHASE,-0.074,0.0347,-66.2628,40.8524
144,3.861,-30.139,23.3342,4.434,-0.0298,0.0114,0.6305,4.334,77.845,77.96,36.1244,-17.5185,0.2,0.0,0.0,0.0,0.252,-0.1787,0.5,0.5877,-0.0641,0,0,0,0.687,0.364,0.636,0,0,0.0,4,SEARCH_PHASE,-0.0298,0.0114,-66.2634,40.8527
145,3.887,-30.1387,23.3339,4.4457,0.0146,-0.0131,0.5823,4.346,77.844,77.96,36.1244,-17.5185,0.2,0.0,0.0,0.0,0.2931,-0.2035,0.452,0.5759,-0.1038,0,0,0,0.687,0.364,0.636,0,0,0.0,4,SEARCH_PHASE,0.0146,-0.0131,-66.2631,40.8524
146,3.916,-30.1375,23.3332,4.4564,0.058,-0.0366,0.5345,4.356,77.843,77.959,36.1244,-17.5185,0.2,0.0,0.0,0.0,0.3342,-0.2283,0.404,0.5719,-0.059,0,0,0,0.695,0.359,0.641,0,0,0.0,4,SEARCH_PHASE,0.058,-0.0366,-66.2619,40.8517
147,3.943,-30.1355,23.332,4.4661,0.1014,-0.061,0.4865,4.366,77.84,77.957,36.1244,-17.5185,0.2,0.0,0.0,0.0,0.3753,-0.253,0.356,0.5759,-0.0985,0,0,0,0.685,0.358,0.642,0,0,0.0,4,SEARCH_PHASE,0.1014,-0.061,-66.2599,40.8505
148,3.97,-30.1326,23.3303,4.4748,0.1434,-0.0841,0.4381,4.375,77.837,77.954,36.1244,-17.5185,0.2,0.0,0.0,0.0,0.4164,-0.2778,0.308,0.5878,-0.0801,0,0,0,0.694,0.356,0.644,0,0,0.0,4,SEARCH_PHASE,0.1434,-0.0841,-66.257,40.8488
149,3.997,-30.1289,23.3281,4.4827,0.1856,-0.1083,0.3906,4.383,77.833,77.951,36.1244,-17.5185,0.2,0.0,0.0,0.0,0.4575,-0.3026,0.26,0.607,-0.1238,0,0,0,0.685,0.359,0.641,0,0,0.0,4,SEARCH_PHASE,0.1856,-0.1083,-66.2533,40.8466
150,4.023,-30.1244,23.3255,4.4895,0.2273,-0.132,0.3433,4.39,77.828,77.946,36.1244,-17.5185,0.2,0.0,0.0,0.0,0.4987,-0.3273,0.212,0.6331,-0.0811,0,0,0,0.681,0.357,0.643,0,0,0.0,4,SEARCH_PHASE,0.2273,-0.132,-66.2488,40.844
151,4.049,-30.119,23.3223,4.4954,0.2695,-0.1574,0.2953,4.395,77.821,77.94,36.1244,-17.5185,0.2,0.0,0.0,0.0,0.5398,-0.3521,0.164,0.665,-0.1244,0,0,0,0.682,0.356,0.644,0,0,0.0,4,SEARCH_PHASE,0.2695,-0.1574,-66.2434,40.8408
152,4.075,-30.1127,23.3187,4.5004,0.3111,-0.182,0.2476,4.4,77.814,77.933,36.1244,-17.5185,0.2,0.0,0.0,0.0,0.5809,-0.3769,0.116,0.7021,-0.0819,0,0,0,0.68,0.354,0.646,0,0,0.0,4,SEARCH_PHASE,0.3111,-0.182,-66.2372,40.8372
153,4.102,-30.1057,23.3145,4.5044,0.3531,-0.208,0.1994,4.404,77.806,77.925,36.1244,-17.5185,0.2,0.0,0.0,0.0,0.622,-0.4017,0.068,0.7435,-0.1247,0,0,0,0.681,0.355,0.645,0,0,0.0,4,SEARCH_PHASE,0.3531,-0.208,-66.2301,40.833
154,4.128,-30.0978,23.3099,4.5074,0.3943,-0.2331,0.1517,4.407,77.797,77.916,36.1244,-17.5185,0.2,0.0,0.0,0.0,0.6631,-0.4264,0.02,0.7887,-0.0822,0,0,0,0.679,0.353,0.647,0,0,0.0,4,SEARCH_PHASE,0.3943,-0.2331,-66.2222,40.8284
155,4.155,-30.0891,23.3047,4.5095,0.4355,-0.2591,0.1034,4.409,77.787,77.906,36.1244,-17.5185,0.2,0.0,0.0,0.0,0.7042,-0.4512,-0.028,0.8368,-0.1218,0,0,0,0.679,0.351,0.649,0,0,0.0,4,SEARCH_PHASE,0.4355,-0.2591,-66.2135,40.8232
156,4.181,-30.0796,23.299,4.5106,0.4759,-0.2841,0.0558,4.411,77.776,77.895,36.1244,-17.5185,0.2,0.0,0.0,0.0,0.7453,-0.476,-0.076,0.8876,-0.0826,0,0,0,0.678,0.35,0.65,0,0,0.0,4,SEARCH_PHASE,0.4759,-0.2841,-66.204,40.8175
157,4.208,-30.0692,23.2928,4.5108,0.5163,-0.3098,0.0081,4.411,77.764,77.883,36.1244,-17.5185,0.2,0.0,0.0,0.0,0.7865,-0.5007,-0.124,0.9406,-0.1236,0,0,0,0.679,0.349,0.651,0,0,0.0,4,SEARCH_PHASE,0.5163,-0.3098,-66.1937,40.8113
158,4.234,-30.0581,23.2861,4.51,0.5562,-0.3345,-0.0393,4.41,77.751,77.87,36.1244,-17.5185,0.2,0.0,0.0,0.0,0.8276,-0.5255,-0.172,0.9953,-0.0803,0,0,0,0.678,0.348,0.652,0,0,0.0,4,SEARCH_PHASE,0.5562,-0.3345,-66.1825,40.8046
159,4.261,-30.0462,23.2789,4.5082,0.5967,-0.3599,-0.0872,4.408,77.737,77.856,36.1244,-17.5185,0.2,0.0,0.0,0.0,0.8687,-0.5503,-0.22,1.0516,-0.1209,0,0,0,0.679,0.35,0.65,0,0,0.0,4,SEARCH_PHASE,0.5967,-0.3599,-66.1706,40.7974
160,4.287,-30.0335,23.2712,4.5055,0.6366,-0.3839,-0.1347,4.406,77.722,77.841,36.1244,-17.5185,0.2,0.0,0.0,0.0,0.9098,-0.5751,-0.268,1.1092,-0.0816,0,0,0,0.677,0.347,0.653,0,0,0.0,4,SEARCH_PHASE,0.6366,-0.3839,-66.1579,40.7897
161,4.314,-30.0199,23.2631,4.5019,0.6769,-0.4084,-0.1825,4.402,77.706,77.825,36.1244,-17.5185,0.2,0.0,0.0,0.0,0.9509,-0.5998,-0.316,1.1679,-0.1219,0,0,0,0.678,0.347,0.653,0,0,0.0,4,SEARCH_PHASE,0.6769,-0.4084,-66.1443,40.7816
162,4.341,-30.0056,23.2544,4.4973,0.7163,-0.4315,-0.23,4.397,77.689,77.808,36.1244,-17.5185,0.2,0.0,0.0,0.0,0.992,-0.6246,-0.364,1.2275,-0.0918,0,0,0,0.678,0.349,0.651,0,0,0.0,4,SEARCH_PHASE,0.7163,-0.4315,-66.13,40.7729
163,4.368,-29.9905,23.2453,4.4917,0.7556,-0.455,-0.2782,4.392,77.672,77.79,36.1244,-17.5185,0.2,0.0,0.0,0.0,1.0331,-0.6494,-0.412,1.288,-0.1175,0,0,0,0.68,0.351,0.649,0,0,0.0,4,SEARCH_PHASE,0.7556,-0.455,-66.1149,40.7638
164,4.394,-29.9746,23.2358,4.4852,0.795,-0.4778,-0.3261,4.385,77.653,77.771,36.1244,-17.5185,0.2,0.0,0.0,0.0,1.0743,-0.6741,-0.46,1.3491,-0.1046,0,0,0,0.68,0.352,0.648,0,0,0.0,4,SEARCH_PHASE,0.795,-0.4778,-66.099,40.7543
165,4.421,-29.9579,23.2257,4.4777,0.835,-0.5016,-0.3742,4.378,77.634,77.751,36.1244,-17.5185,0.2,0.0,0.0,0.0,1.1154,-0.6989,-0.508,1.4109,-0.1186,0,0,0,0.682,0.357,0.643,0,0,0.0,4,SEARCH_PHASE,0.835,-0.5016,-66.0823,40.7442
166,4.448,-29.9404,23.2152,4.4693,0.874,-0.5259,-0.4217,4.369,77.613,77.73,36.1244,-17.5185,0.2,0.0,0.0,0.0,1.1565,-0.7237,-0.556,1.4732,-0.083,0,0,0,0.681,0.357,0.643,0,0,0.0,4,SEARCH_PHASE,0.874,-0.5259,-66.0648,40.7337
167,4.474,-29.9221,23.2042,4.4599,0.9137,-0.5516,-0.469,4.36,77.592,77.709,36.1244,-17.5185,0.2,0.0,0.0,0.0,1.1976,-0.7485,-0.604,1.536,-0.1228,0,0,0,0.683,0.359,0.641,0,0,0.0,4,SEARCH_PHASE,0.9137,-0.5516,-66.0465,40.7227
168,4.501,-29.9031,23.1927,4.4496,0.9526,-0.5764,-0.5161,4.35,77.57,77.686,36.1244,-17.5185,0.2,0.0,0.0,0.0,1.2387,-0.7732,-0.652,1.5992,-0.0794,0,0,0,0.683,0.358,0.642,0,0,0.0,4,SEARCH_PHASE,0.9526,-0.5764,-66.0275,40.7112
169,4.528,-29.8832,23.1806,4.4383,0.9917,-0.6025,-0.5636,4.338,77.546,77.662,36.1244,-17.5185,0.2,0.0,0.0,0.0,1.2798,-0.798,-0.7,1.6628,-0.1191,0,0,0,0.685,0.358,0.642,0,0,0.0,4,SEARCH_PHASE,0.9917,-0.6025,-66.0076,40.6991
170,4.554,-29.8626,23.1681,4.4261,1.0302,-0.6275,-0.6109,4.326,77.522,77.637,36.1244,-17.5185,0.2,0.0,0.0,0.0,1.3209,-0.8228,-0.748,1.7267,-0.0773,0,0,0,0.685,0.359,0.641,0,0,0.0,4,SEARCH_PHASE,1.0302,-0.6275,-65.987,40.6866
171,4.581,-29.8413,23.155,4.4129,1.069,-0.6536,-0.6585,4.313,77.497,77.612,36.1244,-17.5185,0.2,0.0,0.0,0.0,1.3621,-0.8476,-0.796,1.7909,-0.1169,0,0,0,0.687,0.36,0.64,0,0,0.0,4,SEARCH_PHASE,1.069,-0.6536,-65.9657,40.6735
172,4.608,-29.8191,23.1414,4.3988,1.1074,-0.6786,-0.7058,4.299,77.471,77.585,36.1244,-17.5185,0.2,0.0,0.0,0.0,1.4032,-0.8723,-0.844,1.8553,-0.0719,0,0,0,0.689,0.362,0.638,0,0,0.0,4,SEARCH_PHASE,1.1074,-0.6786,-65.9435,40.6599
173,4.635,-29.7962,23.1273,4.3837,1.1465,-0.7045,-0.7535,4.284,77.444,77.557,36.1244,-17.5185,0.2,0.0,0.0,0.0,1.4443,-0.8971,-0.892,1.92,-0.1114,0,0,0,0.69,0.365,0.635,0,0,0.0,4,SEARCH_PHASE,1.1465,-0.7045,-65.9206,40.6458
174,4.663,-29.7725,23.1128,4.3677,1.185,-0.7291,-0.8009,4.268,77.416,77.528,36.1244,-17.5185,0.2,0.0,0.0,0.0,1.4854,-0.9219,-0.94,1.9849,-0.0699,0,0,0,0.692,0.367,0.633,0,0,0.0,4,SEARCH_PHASE,1.185,-0.7291,-65.8969,40.6313
175,4.69,-29.748,23.0977,4.3507,1.2241,-0.7543,-0.8485,4.251,77.388,77.499,36.1244,-17.5185,0.2,0.0,0.0,0.0,1.5265,-0.9467,-0.988,2.05,-0.1095,0,0,0,0.693,0.371,0.629,0,0,0.0,4,SEARCH_PHASE,1.2241,-0.7543,-65.8724,40.6162
176,4.717,-29.7227,23.0821,4.3328,1.263,-0.7781,-0.8959,4.233,77.358,77.468,36.1244,-17.5185,0.2,0.0,0.0,0.0,1.5676,-0.9714,-1.036,2.1153,-0.0701,0,0,0,0.695,0.372,0.628,0,0,0.0,4,SEARCH_PHASE,1.263,-0.7781,-65.8471,40.6006
177,4.745,-29.6967,23.0661,4.3139,1.3028,-0.8026,-0.9436,4.214,77.327,77.437,36.1244,-17.5185,0.2,0.0,0.0,0.0,1.6087,-0.9963,-1.084,2.1807,-0.1097,0,0,0,0.697,0.373,0.627,0,0,0.0,4,SEARCH_PHASE,1.3028,-0.8026,-65.8211,40.5846
178,4.773,-29.6698,23.0495,4.2941,1.3423,-0.8258,-0.9909,4.194,77.296,77.404,36.1244,-17.5185,0.2,0.0,0.0,0.0,1.6495,-1.0216,-1.132,2.2463,-0.0639,0,0,0,0.7,0.373,0.627,0,0,0.0,4,SEARCH_PHASE,1.3423,-0.8258,-65.7942,40.568
179,4.801,-29.6422,23.0325,4.2734,1.3824,-0.8498,-1.0386,4.173,77.263,77.371,36.1244,-17.5185,0.2,0.0,0.0,0.0,1.6899,-1.0475,-1.18,2.312,-0.1034,0,0,0,0.702,0.377,0.623,0,0,0.0,4,SEARCH_PHASE,1.3824,-0.8498,-65.7666,40.551
180,4.828,-29.6137,23.0151,4.2516,1.4218,-0.8723,-1.0861,4.152,77.23,77.336,36.1244,-17.5185,0.2,0.0,0.0,0.0,1.7297,-1.0743,-1.228,2.3778,-0.0832,0,0,0,0.706,0.382,0.618,0,0,0.0,4,SEARCH_PHASE,1.4218,-0.8723,-65.7382,40.5336
181,4.856,-29.5845,22.9972,4.229,1.4618,-0.8952,-1.1335,4.129,77.196,77.301,36.1244,-17.5185,0.2,0.0,0.0,0.0,1.7684,-1.1027,-1.276,2.4436,-0.1219,0,0,0,0.705,0.387,0.613,0,0,0.0,4,SEARCH_PHASE,1.4618,-0.8952,-65.7089,40.5157
182,4.884,-29.5545,22.9788,4.2054,1.5016,-0.9182,-1.1807,4.105,77.161,77.264,36.1244,-17.5185,0.2,0.0,0.0,0.0,1.8055,-1.1331,-1.324,2.5093,-0.0756,0,0,0,0.711,0.387,0.613,0,0,0.0,4,SEARCH_PHASE,1.5016,-0.9182,-65.6789,40.4973
183,4.912,-29.5236,22.96,4.1808,1.5419,-0.9429,-1.2286,4.081,77.124,77.227,36.1244,-17.5185,0.2,0.0,0.0,0.0,1.84,-1.1665,-1.372,2.5746,-0.1153,0,0,0,0.71,0.391,0.609,0,0,0.0,4,SEARCH_PHASE,1.5419,-0.9429,-65.6481,40.4785
184,4.94,-29.492,22.9406,4.1553,1.5816,-0.9673,-1.2761,4.055,77.087,77.189,36.1244,-17.5185,0.2,0.0,0.0,0.0,1.8728,-1.2016,-1.42,2.6396,-0.0685,0,0,0,0.715,0.391,0.609,0,0,0.0,4,SEARCH_PHASE,1.5816,-0.9673,-65.6164,40.4591
185,4.968,-29.4596,22.9208,4.1288,1.6216,-0.9932,-1.324,4.029,77.049,77.149,36.1244,-17.5185,0.2,0.0,0.0,0.0,1.8854,-1.228,-1.372,2.6353,-0.1082,0,0,0,0.719,0.389,0.611,0,0,0.0,4,SEARCH_PHASE,1.6216,-0.9932,-65.584,40.4393
186,4.996,-29.4262,22.9003,4.102,1.6699,-1.0243,-1.3411,4.002,77.01,77.109,36.1244,-17.5185,0.2,0.0,0.0,0.0,1.8893,-1.222,-1.324,2.6106,-0.0565,0,0,0,0.719,0.393,0.607,0,0,0.0,4,SEARCH_PHASE,1.6699,-1.0243,-65.5506,40.4188
187,5.024,-29.3917,22.8791,4.0752,1.7242,-1.0608,-1.3398,3.975,76.97,77.067,36.1244,-17.5185,0.2,0.0,0.0,0.0,1.8994,-1.2062,-1.276,2.5866,-0.0859,0,0,0,0.717,0.386,0.614,0,0,0.0,4,SEARCH_PHASE,1.7242,-1.0608,-65.5161,40.3976
188,5.052,-29.3561,22.8571,4.0487,1.7808,-1.0983,-1.3249,3.949,76.928,77.024,36.1244,-17.5185,0.2,0.0,0.0,0.0,1.9061,-1.1955,-1.228,2.5633,-0.0702,0,0,0,0.722,0.386,0.614,0,0,0.0,4,SEARCH_PHASE,1.7808,-1.0983,-65.4805,40.3756
189,5.079,-29.3194,22.8343,4.0227,1.8347,-1.138,-1.3002,3.923,76.885,76.98,36.1244,-17.5185,0.2,0.0,0.0,0.0,1.9055,-1.1965,-1.18,2.5406,-0.0511,0,0,0,0.724,0.384,0.616,0,0,0.0,4,SEARCH_PHASE,1.8347,-1.138,-65.4438,40.3528
190,5.107,-29.2817,22.8108,3.9973,1.8847,-1.1763,-1.2676,3.897,76.84,76.934,36.1244,-17.5185,0.2,0.0,0.0,0.0,1.9116,-1.1867,-1.132,2.5187,-0.0661,0,0,0,0.719,0.381,0.619,0,0,0.0,4,SEARCH_PHASE,1.8847,-1.1763,-65.4061,40.3293
191,5.135,-29.243,22.7866,3.9727,1.933,-1.2105,-1.2288,3.873,76.795,76.887,36.1244,-17.5185,0.2,0.0,0.0,0.0,1.9187,-1.1752,-1.084,2.4975,-0.0441,0,0,0,0.717,0.383,0.617,0,0,0.0,4,SEARCH_PHASE,1.933,-1.2105,-65.3674,40.3051
192,5.162,-29.2035,22.7618,3.949,1.9753,-1.2414,-1.1851,3.849,76.748,76.839,36.1244,-17.5185,0.2,0.0,0.0,0.0,1.9269,-1.1616,-1.036,2.4771,-0.0824,0,0,0,0.711,0.379,0.621,0,0,0.0,4,SEARCH_PHASE,1.9753,-1.2414,-65.3279,40.2803
193,5.188,-29.1632,22.7364,3.9263,2.0151,-1.2666,-1.1381,3.826,76.7,76.791,36.1244,-17.5185,0.2,0.0,0.0,0.0,1.9322,-1.1528,-0.988,2.4574,-0.0551,0,0,0,0.709,0.371,0.629,0,0,0.0,4,SEARCH_PHASE,2.0151,-1.2666,-65.2876,40.2549
194,5.214,-29.1223,22.7107,3.9045,2.0473,-1.2885,-1.0896,3.804,76.652,76.741,36.1244,-17.5185,0.2,0.0,0.0,0.0,1.9363,-1.146,-0.9877,2.4572,-0.0855,0,0,0,0.703,0.363,0.637,0,0,0.0,4,SEARCH_PHASE,2.0473,-1.2885,-65.2467,40.2292
195,5.24,-29.0808,22.6846,3.8834,2.0737,-1.3033,-1.0559,3.783,76.603,76.691,36.1244,-17.5185,0.2,0.0,0.0,0.0,1.9491,-1.1241,-1.0357,2.4769,-0.0561,0,0,0,0.713,0.367,0.633,0,0,0.0,4,SEARCH_PHASE,2.0737,-1.3033,-65.2052,40.2031
196,5.267,-29.039,22.6583,3.8624,2.0894,-1.3133,-1.0501,3.762,76.554,76.641,36.1244,-17.5185,0.2,0.0,0.0,0.0,1.952,-1.119,-1.0837,2.4974,-0.056,0,0,0,0.718,0.363,0.637,0,0,0.0,4,SEARCH_PHASE,2.0894,-1.3133,-65.1634,40.1768
197,5.293,-28.997,22.632,3.8411,2.1001,-1.318,-1.0618,3.741,76.504,76.591,36.1244,-17.5185,0.2,0.0,0.0,0.0,1.9482,-1.1257,-1.1317,2.5186,-0.0429,0,0,0,0.715,0.35,0.65,0,0,0.0,4,SEARCH_PHASE,2.1001,-1.318,-65.1214,40.1505
198,5.318,-28.9549,22.6056,3.8194,2.1046,-1.3177,-1.0849,3.719,76.454,76.54,36.1244,-17.5185,0.2,0.0,0.0,0.0,1.941,-1.1379,-1.1797,2.5405,-0.0728,0,0,0,0.709,0.347,0.653,0,0,0.0,4,SEARCH_PHASE,2.1046,-1.3177,-65.0793,40.1241
199,5.343,-28.9128,22.5794,3.7971,2.1059,-1.3125,-1.1158,3.697,76.405,76.489,36.1244,-17.5185,0.2,0.0,0.0,0.0,1.937,-1.1448,-1.2277,2.5631,-0.0659,0,0,0,0.705,0.338,0.662,0,0,0.0,4,SEARCH_PHASE,2.1059,-1.3125,-65.0372,40.0979
200,5.368,-28.8708,22.5533,3.7741,2.1019,-1.3043,-1.1523,3.674,76.355,76.439,36.1244,-17.5185,0.2,0.0,0.0,0.0,1.9351,-1.148,-1.2757,2.5865,-0.0889,0,0,0,0.702,0.347,0.653,0,0,0.0,4,SEARCH_PHASE,2.1019,-1.3043,-64.9952,40.0718
201,5.395,-28.8289,22.5274,3.7502,2.0948,-1.293,-1.1926,3.65,76.306,76.389,36.1244,-17.5185,0.2,0.0,0.0,0.0,1.933,-1.1515,-1.2277,2.5631,-0.0754,0,0,0,0.702,0.355,0.645,0,0,0.0,4,SEARCH_PHASE,2.0948,-1.293,-64.9533,40.0459
202,5.422,-28.7872,22.5019,3.7262,2.0834,-1.2779,-1.1997,3.626,76.257,76.339,36.1244,-17.5185,0.2,0.0,0.0,0.0,1.9289,-1.1585,-1.1797,2.5405,-0.1024,0,0,0,0.702,0.355,0.645,0,0,0.0,4,SEARCH_PHASE,2.0834,-1.2779,-64.9116,40.0204
203,5.45,-28.7458,22.4767,3.7025,2.0695,-1.2586,-1.1869,3.602,76.209,76.289,36.1244,-17.5185,0.2,0.0,0.0,0.0,1.936,-1.1464,-1.1317,2.5186,-0.1202,0,0,0,0.706,0.352,0.648,0,0,0.0,4,SEARCH_PHASE,2.0695,-1.2586,-64.8702,39.9952
204,5.478,-28.7048,22.4519,3.6792,2.0523,-1.2377,-1.1617,3.579,76.161,76.24,36.1244,-17.5185,0.2,0.0,0.0,0.0,1.931,-1.1549,-1.0837,2.4974,-0.0817,0,0,0,0.706,0.348,0.652,0,0,0.0,4,SEARCH_PHASE,2.0523,-1.2377,-64.8292,39.9704
205,5.506,-28.6641,22.4276,3.6567,2.0344,-1.2175,-1.1288,3.557,76.113,76.192,36.1244,-17.5185,0.2,0.0,0.0,0.0,1.9341,-1.1496,-1.0357,2.4769,-0.1184,0,0,0,0.71,0.349,0.651,0,0,0.0,4,SEARCH_PHASE,2.0344,-1.2175,-64.7885,39.9461
206,5.534,-28.6238,22.4037,3.6348,2.0138,-1.1948,-1.0915,3.535,76.067,76.144,36.1244,-17.5185,0.2,0.0,0.0,0.0,1.9427,-1.1351,-0.9877,2.4572,-0.0855,0,0,0,0.715,0.355,0.645,0,0,0.0,4,SEARCH_PHASE,2.0138,-1.1948,-64.7482,39.9222
207,5.562,-28.5839,22.3802,3.6138,1.9929,-1.1735,-1.05,3.514,76.02,76.097,36.1244,-17.5185,0.2,0.0,0.0,0.0,1.9375,-1.1439,-0.9397,2.4383,-0.113,0,0,0,0.717,0.36,0.64,0,0,0.0,4,SEARCH_PHASE,1.9929,-1.1735,-64.7084,39.8987
208,5.59,-28.5445,22.3572,3.5937,1.9737,-1.1509,-1.0068,3.494,75.975,76.05,36.1244,-17.5185,0.2,0.0,0.0,0.0,1.9498,-1.1229,-0.8917,2.4202,-0.1203,0,0,0,0.723,0.362,0.638,0,0,0.0,4,SEARCH_PHASE,1.9737,-1.1509,-64.6689,39.8757
209,5.617,-28.5054,22.3346,3.5745,1.9536,-1.1298,-0.9624,3.474,75.929,76.004,36.1244,-17.5185,0.2,0.0,0.0,0.0,1.9625,-1.1005,-0.8437,2.403,-0.0756,0,0,0,0.726,0.365,0.635,0,0,0.0,4,SEARCH_PHASE,1.9536,-1.1298,-64.6298,39.8531
210,5.645,-28.4667,22.3124,3.5561,1.9357,-1.1111,-0.9163,3.456,75.885,75.959,36.1244,-17.5185,0.2,0.0,0.0,0.0,1.9773,-1.0737,-0.7957,2.3865,-0.1125,0,0,0,0.731,0.37,0.63,0,0,0.0,4,SEARCH_PHASE,1.9357,-1.1111,-64.5911,39.8309
211,5.673,-28.4283,22.2906,3.5387,1.9176,-1.0907,-0.8699,3.439,75.841,75.914,36.1244,-17.5185,0.2,0.0,0.0,0.0,1.9951,-1.0402,-0.7477,2.371,-0.0796,0,0,0,0.736,0.374,0.626,0,0,0.0,4,SEARCH_PHASE,1.9176,-1.0907,-64.5527,39.8091
212,5.7,-28.3903,22.2691,3.5223,1.9016,-1.0725,-0.8226,3.422,75.797,75.87,36.1244,-17.5185,0.2,0.0,0.0,0.0,2.0111,-1.009,-0.6997,2.3563,-0.1099,0,0,0,0.741,0.364,0.636,0,0,0.0,4,SEARCH_PHASE,1.9016,-1.0725,-64.5147,39.7876
213,5.727,-28.3525,22.248,3.5068,1.8891,-1.0537,-0.7749,3.407,75.754,75.826,36.1244,-17.5185,0.2,0.0,0.0,0.0,2.0319,-0.9657,-0.6517,2.3422,-0.0741,0,0,0,0.746,0.366,0.634,0,0,0.0,4,SEARCH_PHASE,1.8891,-1.0537,-64.4769,39.7665
214,5.754,-28.3149,22.2273,3.4922,1.879,-1.0372,-0.7265,3.392,75.711,75.783,36.1244,-17.5185,0.2,0.0,0.0,0.0,2.0513,-0.9218,-0.6037,2.3285,-0.1101,0,0,0,0.752,0.378,0.622,0,0,0.0,4,SEARCH_PHASE,1.879,-1.0372,-64.4394,39.7458
215,5.781,-28.2775,22.2069,3.4787,1.8722,-1.0201,-0.6778,3.379,75.668,75.739,36.1244,-17.5185,0.2,0.0,0.0,0.0,2.0698,-0.8775,-0.5557,2.3158,-0.0619,0,0,0,0.755,0.382,0.618,0,0,0.0,4,SEARCH_PHASE,1.8722,-1.0201,-64.4019,39.7254
216,5.808,-28.2401,22.1868,3.4661,1.8696,-1.0059,-0.629,3.366,75.626,75.697,36.1244,-17.5185,0.2,0.0,0.0,0.0,2.087,-0.8327,-0.5077,2.3036,-0.0623,0,0,0,0.759,0.391,0.609,0,0,0.0,4,SEARCH_PHASE,1.8696,-1.0059,-64.3645,39.7053
217,5.836,-28.2027,22.167,3.4545,1.8689,-0.9904,-0.5797,3.355,75.584,75.654,36.1244,-17.5185,0.2,0.0,0.0,0.0,2.1042,-0.7879,-0.4597,2.2934,-0.0838,0,0,0,0.76,0.396,0.604,0,0,0.0,4,SEARCH_PHASE,1.8689,-0.9904,-64.3271,39.6855
218,5.863,-28.1653,22.1475,3.4439,1.8735,-0.9734,-0.5307,3.344,75.542,75.611,36.1244,-17.5185,0.2,0.0,0.0,0.0,2.1196,-0.7424,-0.4117,2.2833,-0.0612,0,0,0,0.764,0.404,0.596,0,0,0.0,4,SEARCH_PHASE,1.8735,-0.9734,-64.2897,39.666
219,5.892,-28.1277,22.1284,3.4343,1.8792,-0.9565,-0.4814,3.334,75.5,75.569,36.1244,-17.5185,0.2,0.0,0.0,0.0,2.1352,-0.697,-0.3637,2.2754,-0.074,0,0,0,0.764,0.408,0.592,0,0,0.0,4,SEARCH_PHASE,1.8792,-0.9565,-64.2521,39.6469
220,5.92,-28.0899,22.1096,3.4256,1.89,-0.9375,-0.4324,3.326,75.458,75.527,36.1244,-17.5185,0.2,0.0,0.0,0.0,2.1489,-0.651,-0.3157,2.2674,-0.0497,0,0,0,0.767,0.39,0.61,0,0,0.0,4,SEARCH_PHASE,1.89,-0.9375,-64.2143,39.6281
221,5.948,-28.0518,22.0913,3.418,1.9021,-0.9169,-0.383,3.318,75.416,75.484,36.1244,-17.5185,0.2,0.0,0.0,0.0,2.1655,-0.6107,-0.2677,2.2659,-0.0822,0,0,0,0.767,0.395,0.605,0,0,0.0,4,SEARCH_PHASE,1.9021,-0.9169,-64.1762,39.6098
222,5.976,-28.0134,22.0734,3.4113,1.9193,-0.8924,-0.3344,3.311,75.374,75.442,36.1244,-17.5185,0.2,0.0,0.0,0.0,2.1778,-0.5642,-0.2197,2.2604,-0.056,0,0,0,0.769,0.403,0.597,0,0,0.0,4,SEARCH_PHASE,1.9193,-0.8924,-64.1379,39.5919
223,6.004,-27.9747,22.0561,3.4056,1.9371,-0.8664,-0.2855,3.306,75.332,75.4,36.1244,-17.5185,0.2,0.0,0.0,0.0,2.1646,-0.6104,-0.1717,2.2555,-0.0906,0,0,0,0.768,0.398,0.602,0,0,0.0,4,SEARCH_PHASE,1.9371,-0.8664,-64.0991,39.5746
224,6.033,-27.9355,22.0394,3.4008,1.9591,-0.8368,-0.2398,3.301,75.289,75.357,36.1244,-17.5185,0.2,0.0,0.0,0.0,2.1515,-0.6566,-0.1237,2.2528,-0.0687,0,0,0,0.769,0.403,0.597,0,0,0.0,4,SEARCH_PHASE,1.9591,-0.8368,-64.0599,39.5579
225,6.061,-27.8959,22.0232,3.3969,1.9809,-0.8061,-0.1959,3.297,75.247,75.315,36.1244,-17.5185,0.2,0.0,0.0,0.0,2.1359,-0.702,-0.0757,2.2496,-0.0961,0,0,0,0.768,0.403,0.597,0,0,0.0,4,SEARCH_PHASE,1.9809,-0.8061,-64.0203,39.5418
226,6.09,-27.8558,22.0078,3.3938,2.0044,-0.7723,-0.1527,3.294,75.205,75.273,36.1244,-17.5185,0.2,0.0,0.0,0.0,2.1501,-0.6561,-0.0277,2.2481,-0.129,0,0,0,0.771,0.407,0.593,0,0,0.0,4,SEARCH_PHASE,2.0044,-0.7723,-63.9802,39.5263
227,6.119,-27.8153,21.9931,3.3916,2.0256,-0.7376,-0.108,3.292,75.163,75.231,36.1244,-17.5185,0.2,0.0,0.0,0.0,2.1587,-0.6344,0.0203,2.2501,-0.0829,0,0,0,0.771,0.406,0.594,0,0,0.0,4,SEARCH_PHASE,2.0256,-0.7376,-63.9397,39.5116
228,6.148,-27.7744,21.9789,3.3904,2.0473,-0.7064,-0.0616,3.29,75.121,75.188,36.1244,-17.5185,0.2,0.0,0.0,0.0,2.1712,-0.5881,0.0683,2.2505,-0.1254,0,0,0,0.772,0.398,0.602,0,0,0.0,4,SEARCH_PHASE,2.0473,-0.7064,-63.8988,39.4974
229,6.176,-27.733,21.9654,3.3901,2.0667,-0.6744,-0.0144,3.29,75.078,75.146,36.1244,-17.5185,0.2,0.0,0.0,0.0,2.1836,-0.5426,0.1163,2.253,-0.074,0,0,0,0.772,0.396,0.604,0,0,0.0,4,SEARCH_PHASE,2.0667,-0.6744,-63.8574,39.4839
230,6.205,-27.6913,21.9525,3.3908,2.0862,-0.6458,0.0336,3.291,75.036,75.104,36.1244,-17.5185,0.2,0.0,0.0,0.0,2.1746,-0.5775,0.1643,2.256,-0.1166,0,0,0,0.771,0.396,0.604,0,0,0.0,4,SEARCH_PHASE,2.0862,-0.6458,-63.8157,39.471
231,6.233,-27.6492,21.9402,3.3924,2.1028,-0.6162,0.0803,3.292,74.994,75.062,36.1244,-17.5185,0.2,0.0,0.0,0.0,2.1609,-0.6236,0.2123,2.2591,-0.0748,0,0,0,0.77,0.396,0.604,0,0,0.0,4,SEARCH_PHASE,2.1028,-0.6162,-63.7737,39.4587
232,6.26,-27.6069,21.9284,3.3949,2.119,-0.5898,0.1263,3.295,74.952,75.02,36.1244,-17.5185,0.2,0.0,0.0,0.0,2.1726,-0.577,0.2603,2.2629,-0.1171,0,0,0,0.772,0.403,0.597,0,0,0.0,4,SEARCH_PHASE,2.119,-0.5898,-63.7313,39.4469
233,6.286,-27.5642,21.9171,3.3984,2.132,-0.5626,0.1735,3.298,74.909,74.978,36.1244,-17.5185,0.2,0.0,0.0,0.0,2.1777,-0.5659,0.3083,2.271,-0.0828,0,0,0,0.772,0.415,0.585,0,0,0.0,4,SEARCH_PHASE,2.132,-0.5626,-63.6886,39.4356
234,6.313,-27.5213,21.9064,3.4028,2.1441,-0.539,0.2213,3.303,74.867,74.936,36.1244,-17.5185,0.2,0.0,0.0,0.0,2.1821,-0.5487,0.3563,2.278,-0.1248,0,0,0,0.774,0.409,0.591,0,0,0.0,4,SEARCH_PHASE,2.1441,-0.539,-63.6458,39.4249
235,6.338,-27.4783,21.896,3.4082,2.1538,-0.5161,0.2696,3.308,74.825,74.894,36.1244,-17.5185,0.2,0.0,0.0,0.0,2.1696,-0.595,0.4043,2.2857,-0.0728,0,0,0,0.771,0.404,0.596,0,0,0.0,4,SEARCH_PHASE,2.1538,-0.5161,-63.6027,39.4145
236,6.363,-27.435,21.8861,3.4146,2.1634,-0.4982,0.3173,3.315,74.783,74.852,36.1244,-17.5185,0.2,0.0,0.0,0.0,2.1646,-0.6141,0.4523,2.295,-0.1148,0,0,0,0.773,0.4,0.6,0,0,0.0,4,SEARCH_PHASE,2.1634,-0.4982,-63.5594,39.4046
237,6.388,-27.3916,21.8765,3.4219,2.1703,-0.4805,0.3649,3.322,74.741,74.811,36.1244,-17.5185,0.2,0.0,0.0,0.0,2.1771,-0.5677,0.5003,2.3049,-0.0986,0,0,0,0.774,0.396,0.604,0,0,0.0,4,SEARCH_PHASE,2.1703,-0.4805,-63.516,39.395
238,6.413,-27.3481,21.8671,3.4301,2.1767,-0.4672,0.4138,3.33,74.699,74.769,36.1244,-17.5185,0.2,0.0,0.0,0.0,2.1883,-0.5211,0.5483,2.3154,-0.0795,0,0,0,0.774,0.398,0.602,0,0,0.0,4,SEARCH_PHASE,2.1767,-0.4672,-63.4725,39.3856
239,6.438,-27.3045,21.858,3.4394,2.1791,-0.4573,0.4629,3.339,74.657,74.728,36.1244,-17.5185,0.2,0.0,0.0,0.0,2.174,-0.5669,0.5963,2.3245,-0.1081,0,0,0,0.747,0.383,0.617,0,0,0.0,4,SEARCH_PHASE,2.1791,-0.4573,-63.4289,39.3765
240,6.464,-27.2608,21.849,3.4496,2.1822,-0.4486,0.5115,3.35,74.616,74.686,36.1244,-17.5185,0.2,0.0,0.0,0.0,2.1605,-0.6129,0.6443,2.3364,-0.0873,0,0,0,0.747,0.386,0.614,0,0,0.0,4,SEARCH_PHASE,2.1822,-0.4486,-63.3852,39.3675
241,6.49,-27.2172,21.8401,3.4608,2.1813,-0.4432,0.5598,3.361,74.574,74.645,36.1244,-17.5185,0.2,0.0,0.0,0.0,2.1462,-0.6588,0.6923,2.3494,-0.1177,0,0,0,0.745,0.383,0.617,0,0,0.0,4,SEARCH_PHASE,2.1813,-0.4432,-63.3416,39.3586
242,6.516,-27.1736,21.8314,3.473,2.1807,-0.4392,0.6083,3.373,74.532,74.604,36.1244,-17.5185,0.2,0.0,0.0,0.0,2.1426,-0.6867,0.7403,2.3687,-0.113,0,0,0,0.745,0.388,0.612,0,0,0.0,4,SEARCH_PHASE,2.1807,-0.4392,-63.298,39.3499
243,6.542,-27.1301,21.8226,3.4861,2.1764,-0.4389,0.6571,3.386,74.491,74.563,36.1244,-17.5185,0.2,0.0,0.0,0.0,2.1561,-0.6407,0.7883,2.3835,-0.1359,0,0,0,0.747,0.386,0.614,0,0,0.0,4,SEARCH_PHASE,2.1764,-0.4389,-63.2545,39.3411
244,6.568,-27.0866,21.8137,3.5002,2.1719,-0.4419,0.7054,3.4,74.449,74.522,36.1244,-17.5185,0.2,0.0,0.0,0.0,2.168,-0.5942,0.8363,2.3985,-0.1115,0,0,0,0.75,0.39,0.61,0,0,0.0,4,SEARCH_PHASE,2.1719,-0.4419,-63.211,39.3322
245,6.594,-27.0433,21.8047,3.5153,2.165,-0.4509,0.7531,3.185,74.408,74.481,36.1244,-17.5185,0.2,0.0,0.0,0.0,2.177,-0.547,0.8843,2.4126,-0.0693,0,0,0,0.749,0.388,0.612,0,0,0.0,4,SEARCH_PHASE,2.165,-0.4509,-63.1677,39.3232
246,6.62,-27.0001,21.7955,3.5313,2.16,-0.4637,0.8005,3.201,74.366,74.441,36.1244,-17.5185,0.2,0.0,0.0,0.0,2.1902,-0.5009,0.9323,2.4325,-0.099,0,0,0,0.749,0.396,0.604,0,0,0.0,4,SEARCH_PHASE,2.16,-0.4637,-63.1245,39.314
247,6.645,-26.957,21.7859,3.5483,2.1549,-0.4759,0.8478,3.218,74.324,74.4,36.1244,-17.5185,0.2,0.0,0.0,0.0,2.1973,-0.4534,0.9803,2.4484,-0.0538,0,0,0,0.753,0.387,0.613,0,0,0.0,4,SEARCH_PHASE,2.1549,-0.4759,-63.0814,39.3044
248,6.671,-26.914,21.7761,3.5661,2.1508,-0.4902,0.8945,3.236,74.283,74.359,36.1244,-17.5185,0.2,0.0,0.0,0.0,2.1989,-0.4054,1.0283,2.4611,-0.0513,0,0,0,0.753,0.388,0.612,0,0,0.0,4,SEARCH_PHASE,2.1508,-0.4902,-63.0384,39.2946
249,6.697,-26.8711,21.7661,3.585,2.1455,-0.5019,0.9411,3.254,74.241,74.318,36.1244,-17.5185,0.2,0.0,0.0,0.0,2.2021,-0.3575,1.0763,2.477,-0.0713,0,0,0,0.756,0.373,0.627,0,0,0.0,4,SEARCH_PHASE,2.1455,-0.5019,-62.9955,39.2846
250,6.725,-26.8282,21.7559,3.6047,2.1428,-0.5103,0.9886,3.274,74.199,74.277,36.1244,-17.5185,0.2,0.0,0.0,0.0,2.1986,-0.3097,1.1243,2.4887,-0.0559,0,0,0,0.758,0.379,0.621,0,0,0.0,4,SEARCH_PHASE,2.1428,-0.5103,-62.9527,39.2744
251,6.753,-26.7855,21.7455,3.6255,2.1387,-0.5172,1.0365,3.295,74.157,74.236,36.1244,-17.5185,0.2,0.0,0.0,0.0,2.186,-0.2633,1.1723,2.4944,-0.0348,0,0,0,0.755,0.373,0.627,0,0,0.0,4,SEARCH_PHASE,2.1387,-0.5172,-62.9099,39.264
252,6.78,-26.7427,21.7351,3.6472,2.1374,-0.5203,1.0852,3.317,74.116,74.196,36.1244,-17.5185,0.2,0.0,0.0,0.0,2.1601,-0.2229,1.2203,2.491,-0.082,0,0,0,0.762,0.377,0.623,0,0,0.0,4,SEARCH_PHASE,2.1374,-0.5203,-62.8671,39.2536
253,6.809,-26.7,21.7248,3.6699,2.1361,-0.5171,1.1339,3.339,74.074,74.155,36.1244,-17.5185,0.2,0.0,0.0,0.0,2.1335,-0.183,1.2683,2.4888,-0.0407,0,0,0,0.763,0.368,0.632,0,0,0.0,4,SEARCH_PHASE,2.1361,-0.5171,-62.8244,39.2433
254,6.834,-26.6573,21.7146,3.6935,2.1368,-0.5116,1.1832,3.363,74.032,74.115,36.1244,-17.5185,0.2,0.0,0.0,0.0,2.1055,-0.144,1.3163,2.4873,-0.0836,0,0,0,0.764,0.362,0.638,0,0,0.0,4,SEARCH_PHASE,2.1368,-0.5116,-62.7817,39.2331
255,6.86,-26.6145,21.7046,3.7182,2.1368,-0.4994,1.2324,3.388,73.991,74.074,36.1244,-17.5185,0.2,0.0,0.0,0.0,2.0807,-0.1029,1.3643,2.4902,-0.0431,0,0,0,0.76,0.354,0.646,0,0,0.0,4,SEARCH_PHASE,2.1368,-0.4994,-62.7389,39.2231
256,6.886,-26.5718,21.6949,3.7438,2.136,-0.484,1.2825,3.413,73.949,74.034,36.1244,-17.5185,0.2,0.0,0.0,0.0,2.0611,-0.0591,1.4123,2.4993,-0.0896,0,0,0,0.761,0.358,0.642,0,0,0.0,4,SEARCH_PHASE,2.136,-0.484,-62.6962,39.2134
257,6.912,-26.5292,21.6857,3.7705,2.1314,-0.4613,1.3321,3.44,73.908,73.995,36.1244,-17.5185,0.2,0.0,0.0,0.0,2.0549,-0.0115,1.4603,2.521,-0.0507,0,0,0,0.766,0.341,0.659,0,0,0.0,4,SEARCH_PHASE,2.1314,-0.4613,-62.6536,39.2042
258,6.938,-26.4867,21.677,3.7981,2.1254,-0.4351,1.3819,3.468,73.868,73.955,36.1244,-17.5185,0.2,0.0,0.0,0.0,2.0898,-0.0445,1.5083,2.5776,-0.0899,0,0,0,0.761,0.327,0.673,0,0,0.0,4,SEARCH_PHASE,2.1254,-0.4351,-62.6111,39.1955
259,6.964,-26.4444,21.6689,3.8267,2.1151,-0.4016,1.4294,3.496,73.828,73.917,36.1244,-17.5185,0.2,0.0,0.0,0.0,2.1341,-0.0629,1.5563,2.642,-0.0942,0,0,0,0.768,0.33,0.67,0,0,0.0,4,SEARCH_PHASE,2.1151,-0.4016,-62.5688,39.1874
260,6.99,-26.4023,21.6616,3.8562,2.1036,-0.3648,1.4753,3.526,73.788,73.879,36.1244,-17.5185,0.2,0.0,0.0,0.0,2.15,-0.1082,1.6043,2.6848,-0.1128,0,0,0,0.768,0.321,0.679,0,0,0.0,4,SEARCH_PHASE,2.1036,-0.3648,-62.5267,39.1801
261,7.018,-26.3604,21.6551,3.8866,2.0943,-0.326,1.5196,3.556,73.749,73.841,36.1244,-17.5185,0.2,0.0,0.0,0.0,2.1583,-0.0609,1.6523,2.7189,-0.0978,0,0,0,0.765,0.33,0.67,0,0,0.0,4,SEARCH_PHASE,2.0943,-0.326,-62.4848,39.1736
262,7.044,-26.3187,21.6494,3.9179,2.0841,-0.2868,1.5654,3.587,73.711,73.804,36.1244,-17.5185,0.2,0.0,0.0,0.0,2.163,-0.0131,1.7,2.7511,-0.1262,0,0,0,0.766,0.325,0.675,0,0,0.0,4,SEARCH_PHASE,2.0841,-0.2868,-62.4431,39.1679
263,7.072,-26.2772,21.6445,3.9501,2.0768,-0.2465,1.6118,3.62,73.673,73.768,36.1244,-17.5185,0.2,0.0,0.0,0.0,2.158,0.0346,1.7,2.7474,-0.0924,0,0,0,0.766,0.322,0.678,0,0,0.0,4,SEARCH_PHASE,2.0768,-0.2465,-62.4016,39.163
264,7.1,-26.2358,21.6402,3.983,2.0702,-0.211,1.6418,3.652,73.636,73.733,36.1244,-17.5185,0.2,0.0,0.0,0.0,2.171,0.0808,1.7,2.7586,-0.0836,0,0,0,0.766,0.325,0.675,0,0,0.0,4,SEARCH_PHASE,2.0702,-0.211,-62.3602,39.1587
265,7.127,-26.1945,21.6367,4.0162,2.0669,-0.1766,1.661,3.686,73.599,73.698,36.1244,-17.5185,0.2,0.0,0.0,0.0,2.1796,0.128,1.7,2.7672,-0.0775,0,0,0,0.766,0.33,0.67,0,0,0.0,4,SEARCH_PHASE,2.0669,-0.1766,-62.3189,39.1552
266,7.155,-26.1532,21.6339,4.0497,2.0637,-0.1421,1.6737,3.719,73.562,73.663,36.1244,-17.5185,0.2,0.0,0.0,0.0,2.1954,0.0827,1.7,2.7779,-0.0975,0,0,0,0.771,0.326,0.674,0,0,0.0,4,SEARCH_PHASE,2.0637,-0.1421,-62.2776,39.1524
267,7.182,-26.1119,21.6317,4.0832,2.0638,-0.1068,1.6796,3.753,73.526,73.629,36.1244,-17.5185,0.2,0.0,0.0,0.0,2.2075,0.1291,1.7,2.7892,-0.0855,0,0,0,0.774,0.325,0.675,0,0,0.0,4,SEARCH_PHASE,2.0638,-0.1068,-62.2363,39.1502
268,7.208,-26.0706,21.6303,4.1169,2.0641,-0.0719,1.6839,3.786,73.49,73.595,36.1244,-17.5185,0.2,0.0,0.0,0.0,2.2267,0.0852,1.7,2.8028,-0.1057,0,0,0,0.765,0.322,0.678,0,0,0.0,4,SEARCH_PHASE,2.0641,-0.0719,-62.195,39.1488
269,7.234,-26.0293,21.6295,4.1506,2.0672,-0.0374,1.6848,3.82,73.455,73.561,36.1244,-17.5185,0.2,0.0,0.0,0.0,2.224,0.1331,1.7,2.8025,-0.0798,0,0,0,0.77,0.323,0.677,0,0,0.0,4,SEARCH_PHASE,2.0672,-0.0374,-62.1537,39.148
270,7.259,-25.9879,21.6295,4.1843,2.0707,-0.0043,1.6861,3.854,73.42,73.528,36.1244,-17.5185,0.2,0.0,0.0,0.0,2.2437,0.0893,1.7,2.8164,-0.102,0,0,0,0.764,0.323,0.677,0,0,0.0,4,SEARCH_PHASE,2.0707,-0.0043,-62.1123,39.148
271,7.283,-25.9463,21.63,4.218,2.0772,0.0283,1.6844,3.888,73.385,73.495,36.1244,-17.5185,0.2,0.0,0.0,0.0,2.2411,0.1372,1.7,2.8163,-0.1099,0,0,0,0.766,0.33,0.67,0,0,0.0,4,SEARCH_PHASE,2.0772,0.0283,-62.0707,39.1485
272,7.308,-25.9046,21.6312,4.2517,2.0837,0.0593,1.6847,3.922,73.351,73.462,36.1244,-17.5185,0.2,0.0,0.0,0.0,2.2447,0.0894,1.7,2.8172,-0.0734,0,0,0,0.764,0.323,0.677,0,0,0.0,4,SEARCH_PHASE,2.0837,0.0593,-62.0291,39.1497
273,7.332,-25.8628,21.633,4.2854,2.0924,0.0875,1.6837,4.185,73.316,73.43,36.1244,-17.5185,0.2,0.0,0.0,0.0,2.2486,0.0791,1.7,2.82,-0.1118,0,0,0,0.766,0.327,0.673,0,0,0.0,4,SEARCH_PHASE,2.0924,0.0875,-61.9872,39.1515
274,7.357,-25.8208,21.6353,4.319,2.1013,0.1157,1.6825,4.219,73.282,73.397,36.1244,-17.5185,0.2,0.0,0.0,0.0,2.2496,0.0311,1.7,2.8198,-0.1255,0,0,0,0.767,0.322,0.678,0,0,0.0,4,SEARCH_PHASE,2.1013,0.1157,-61.9452,39.1538
275,7.381,-25.7785,21.6381,4.3527,2.1119,0.1407,1.6807,4.253,73.248,73.365,36.1244,-17.5185,0.2,0.0,0.0,0.0,2.2461,0.079,1.7,2.818,-0.1028,0,0,0,0.767,0.32,0.68,0,0,0.0,4,SEARCH_PHASE,2.1119,0.1407,-61.9029,39.1566
276,7.405,-25.7361,21.6413,4.3863,2.1213,0.1614,1.6816,4.286,73.213,73.333,36.1244,-17.5185,0.2,0.0,0.0,0.0,2.2393,0.1265,1.7,2.8143,-0.1264,0,0,0,0.769,0.317,0.683,0,0,0.0,4,SEARCH_PHASE,2.1213,0.1614,-61.8605,39.1598
277,7.43,-25.6935,21.6449,4.42,2.1327,0.1789,1.6828,4.32,73.179,73.301,36.1244,-17.5185,0.2,0.0,0.0,0.0,2.2302,0.1737,1.7,2.8096,-0.1019,0,0,0,0.769,0.314,0.686,0,0,0.0,4,SEARCH_PHASE,2.1327,0.1789,-61.8179,39.1634
278,7.454,-25.6506,21.6487,4.4536,2.1424,0.1917,1.6843,4.354,73.145,73.269,36.1244,-17.5185,0.2,0.0,0.0,0.0,2.2323,0.2216,1.7,2.8147,-0.0691,0,0,0,0.769,0.31,0.69,0,0,0.0,4,SEARCH_PHASE,2.1424,0.1917,-61.775,39.1672
279,7.479,-25.6075,21.6527,4.4873,2.1535,0.2012,1.6854,4.387,73.111,73.237,36.1244,-17.5185,0.2,0.0,0.0,0.0,2.2303,0.1737,1.7,2.8097,-0.1011,0,0,0,0.768,0.306,0.694,0,0,0.0,4,SEARCH_PHASE,2.1535,0.2012,-61.7319,39.1712
280,7.503,-25.5642,21.657,4.5211,2.1645,0.2107,1.6858,4.421,73.077,73.204,36.1244,-17.5185,0.2,0.0,0.0,0.0,2.2269,0.1258,1.7,2.8044,-0.0815,0,0,0,0.767,0.301,0.699,0,0,0.0,4,SEARCH_PHASE,2.1645,0.2107,-61.6887,39.1755
281,7.529,-25.5208,21.6613,4.5548,2.173,0.2181,1.6858,4.455,73.042,73.172,36.1244,-17.5185,0.2,0.0,0.0,0.0,2.2211,0.0781,1.652,2.7692,-0.1105,0,0,0,0.764,0.298,0.702,0,0,0.0,4,SEARCH_PHASE,2.173,0.2181,-61.6452,39.1798
282,7.554,-25.4772,21.6658,4.5881,2.1807,0.2244,1.668,4.488,73.008,73.14,36.1244,-17.5185,0.2,0.0,0.0,0.0,2.2155,0.0305,1.604,2.7354,-0.1479,0,0,0,0.767,0.295,0.705,0,0,0.0,4,SEARCH_PHASE,2.1807,0.2244,-61.6016,39.1843
283,7.579,-25.4335,21.6704,4.6209,2.1851,0.2284,1.6398,4.521,72.974,73.107,36.1244,-17.5185,0.2,0.0,0.0,0.0,2.2098,-0.0172,1.556,2.7027,-0.118,0,0,0,0.767,0.291,0.709,0,0,0.0,4,SEARCH_PHASE,2.1851,0.2284,-61.5579,39.1889
284,7.605,-25.3897,21.6749,4.653,2.1881,0.2277,1.6043,4.553,72.939,73.075,36.1244,-17.5185,0.2,0.0,0.0,0.0,2.2034,-0.0648,1.508,2.6708,-0.1429,0,0,0,0.766,0.29,0.71,0,0,0.0,4,SEARCH_PHASE,2.1881,0.2277,-61.5141,39.1934
285,7.629,-25.3459,21.6794,4.6843,2.1909,0.2244,1.5655,4.584,72.905,73.042,36.1244,-17.5185,0.2,0.0,0.0,0.0,2.1982,-0.1125,1.46,2.6413,-0.1655,0,0,0,0.768,0.297,0.703,0,0,0.0,4,SEARCH_PHASE,2.1909,0.2244,-61.4703,39.1979
286,7.654,-25.302,21.6838,4.7148,2.1931,0.2168,1.5255,4.615,72.87,73.01,36.1244,-17.5185,0.2,0.0,0.0,0.0,2.1937,-0.1603,1.412,2.6137,-0.1396,0,0,0,0.765,0.294,0.706,0,0,0.0,4,SEARCH_PHASE,2.1931,0.2168,-61.4264,39.2023
287,7.679,-25.2581,21.6878,4.7445,2.1941,0.203,1.4842,4.645,72.835,72.977,36.1244,-17.5185,0.2,0.0,0.0,0.0,2.1894,-0.2081,1.364,2.5879,-0.1664,0,0,0,0.767,0.296,0.704,0,0,0.0,4,SEARCH_PHASE,2.1941,0.203,-61.3826,39.2063
288,7.704,-25.2143,21.6915,4.7734,2.1943,0.185,1.4426,4.673,72.8,72.944,36.1244,-17.5185,0.2,0.0,0.0,0.0,2.1849,-0.2559,1.316,2.5634,-0.1349,0,0,0,0.767,0.297,0.703,0,0,0.0,4,SEARCH_PHASE,2.1943,0.185,-61.3387,39.21
289,7.729,-25.1704,21.6947,4.8014,2.1941,0.1608,1.3992,4.701,72.765,72.91,36.1244,-17.5185,0.2,0.0,0.0,0.0,2.1802,-0.3037,1.268,2.5404,-0.168,0,0,0,0.769,0.292,0.708,0,0,0.0,4,SEARCH_PHASE,2.1941,0.1608,-61.2948,39.2132
290,7.754,-25.1265,21.6974,4.8285,2.1926,0.1323,1.356,4.728,72.729,72.877,36.1244,-17.5185,0.2,0.0,0.0,0.0,2.1747,-0.3513,1.22,2.5182,-0.1358,0,0,0,0.767,0.295,0.705,0,0,0.0,4,SEARCH_PHASE,2.1926,0.1323,-61.2509,39.2159
291,7.779,-25.0827,21.6993,4.8547,2.1908,0.0974,1.3113,4.755,72.694,72.842,36.1244,-17.5185,0.2,0.0,0.0,0.0,2.1707,-0.3992,1.172,2.499,-0.1447,0,0,0,0.768,0.297,0.703,0,0,0.0,4,SEARCH_PHASE,2.1908,0.0974,-61.2071,39.2178
292,7.804,-25.039,21.7005,4.88,2.1876,0.0582,1.2662,4.78,72.657,72.808,36.1244,-17.5185,0.2,0.0,0.0,0.0,2.1645,-0.4468,1.124,2.4796,-0.1209,0,0,0,0.768,0.301,0.699,0,0,0.0,4,SEARCH_PHASE,2.1876,0.0582,-61.1634,39.219
293,7.831,-24.9953,21.7008,4.9044,2.1848,0.0141,1.2202,4.804,72.621,72.773,36.1244,-17.5185,0.2,0.0,0.0,0.0,2.1577,-0.4943,1.076,2.4612,-0.1528,0,0,0,0.77,0.3,0.7,0,0,0.0,4,SEARCH_PHASE,2.1848,0.0141,-61.1197,39.2193
294,7.857,-24.9516,21.7001,4.9279,2.1811,-0.0333,1.1739,4.828,72.584,72.737,36.1244,-17.5185,0.2,0.0,0.0,0.0,2.1485,-0.5414,1.028,2.4425,-0.1162,0,0,0,0.769,0.291,0.709,0,0,0.0,4,SEARCH_PHASE,2.1811,-0.0333,-61.076,39.2186
295,7.885,-24.9081,21.6984,4.9504,2.177,-0.0855,1.1259,4.85,72.546,72.701,36.1244,-17.5185,0.2,0.0,0.0,0.0,2.1368,-0.5879,0.98,2.4232,-0.1307,0,0,0,0.768,0.288,0.712,0,0,0.0,4,SEARCH_PHASE,2.177,-0.0855,-61.0325,39.2169
296,7.913,-24.8647,21.6956,4.972,2.1717,-0.1404,1.0773,4.872,72.508,72.665,36.1244,-17.5185,0.2,0.0,0.0,0.0,2.1246,-0.6344,0.932,2.4052,-0.0933,0,0,0,0.769,0.285,0.715,0,0,0.0,4,SEARCH_PHASE,2.1717,-0.1404,-60.9891,39.2141
297,7.942,-24.8213,21.6916,4.9925,2.1669,-0.1982,1.0274,4.893,72.469,72.628,36.1244,-17.5185,0.2,0.0,0.0,0.0,2.1105,-0.6803,0.884,2.3872,-0.122,0,0,0,0.768,0.276,0.724,0,0,0.0,4,SEARCH_PHASE,2.1669,-0.1982,-60.9457,39.2101
298,7.972,-24.7781,21.6865,5.0121,2.1614,-0.2569,0.9777,4.912,72.43,72.59,36.1244,-17.5185,0.2,0.0,0.0,0.0,2.096,-0.726,0.836,2.3705,-0.1071,0,0,0,0.769,0.276,0.724,0,0,0.0,4,SEARCH_PHASE,2.1614,-0.2569,-60.9025,39.205
299,8.002,-24.735,21.6801,5.0306,2.1544,-0.3177,0.9265,4.931,72.391,72.552,36.1244,-17.5185,0.2,0.0,0.0,0.0,2.0804,-0.7714,0.788,2.3546,-0.1042,0,0,0,0.77,0.277,0.723,0,0,0.0,4,SEARCH_PHASE,2.1544,-0.3177,-60.8594,39.1986
300,8.032,-24.692,21.6725,5.0481,2.1483,-0.3798,0.8749,4.948,72.35,72.513,36.1244,-17.5185,0.2,0.0,0.0,0.0,2.0639,-0.8165,0.74,2.3396,-0.0793,0,0,0,0.771,0.28,0.72,0,0,0.0,4,SEARCH_PHASE,2.1483,-0.3798,-60.8165,39.191
301,8.061,-24.6492,21.6637,5.0646,2.1411,-0.4433,0.8238,4.965,72.31,72.473,36.1244,-17.5185,0.2,0.0,0.0,0.0,2.0462,-0.8611,0.692,2.3253,-0.1067,0,0,0,0.767,0.272,0.728,0,0,0.0,4,SEARCH_PHASE,2.1411,-0.4433,-60.7736,39.1822
302,8.09,-24.6066,21.6535,5.08,2.1333,-0.5062,0.7732,4.98,72.268,72.433,36.1244,-17.5185,0.2,0.0,0.0,0.0,2.028,-0.9055,0.644,2.3125,-0.0927,0,0,0,0.768,0.274,0.726,0,0,0.0,4,SEARCH_PHASE,2.1333,-0.5062,-60.731,39.172
303,8.119,-24.5641,21.6422,5.0945,2.1235,-0.5696,0.7216,4.994,72.226,72.392,36.1244,-17.5185,0.2,0.0,0.0,0.0,2.0095,-0.9498,0.596,2.3011,-0.0668,0,0,0,0.762,0.265,0.735,0,0,0.0,4,SEARCH_PHASE,2.1235,-0.5696,-60.6885,39.1607
304,8.148,-24.5218,21.6295,5.1079,2.1139,-0.6331,0.6708,5.008,72.184,72.351,36.1244,-17.5185,0.2,0.0,0.0,0.0,1.9903,-0.9938,0.548,2.2912,-0.0927,0,0,0,0.74,0.259,0.741,0,0,0.0,4,SEARCH_PHASE,2.1139,-0.6331,-60.6462,39.148
305,8.177,-24.4797,21.6156,5.1203,2.103,-0.6948,0.6211,5.02,72.141,72.309,36.1244,-17.5185,0.2,0.0,0.0,0.0,1.9711,-1.0378,0.5,2.283,-0.0764,0,0,0,0.729,0.257,0.743,0,0,0.0,4,SEARCH_PHASE,2.103,-0.6948,-60.6042,39.1341
306,8.205,-24.438,21.6005,5.1317,2.0898,-0.7561,0.571,5.032,72.098,72.266,36.1244,-17.5185,0.2,0.0,0.0,0.0,1.9517,-1.0817,0.452,2.2767,-0.0727,0,0,0,0.701,0.245,0.755,0,0,0.0,4,SEARCH_PHASE,2.0898,-0.7561,-60.5624,39.119
307,8.233,-24.3964,21.5842,5.1422,2.0764,-0.8159,0.5212,5.042,72.054,72.223,36.1244,-17.5185,0.2,0.0,0.0,0.0,1.9322,-1.1255,0.404,2.2723,-0.0615,0,0,0,0.568,0.235,0.765,0,0,0.0,4,SEARCH_PHASE,2.0764,-0.8159,-60.5208,39.1027
308,8.259,-24.3552,21.5667,5.1516,2.0608,-0.8742,0.4723,5.052,72.01,72.18,36.1244,-17.5185,0.2,0.0,0.0,0.0,1.9127,-1.1694,0.356,2.27,-0.09,0,0,0,0.565,0.233,0.767,0,0,0.0,4,SEARCH_PHASE,2.0608,-0.8742,-60.4796,39.0852
309,8.286,-24.3143,21.5481,5.1601,2.0454,-0.9298,0.4246,5.06,71.966,72.136,36.1244,-17.5185,0.2,0.0,0.0,0.0,1.8932,-1.2133,0.308,2.2696,-0.0538,0,0,0,0.557,0.236,0.764,0,0,0.0,4,SEARCH_PHASE,2.0454,-0.9298,-60.4387,39.0666
310,8.314,-24.2737,21.5284,5.1676,2.0293,-0.9842,0.377,5.068,71.921,72.092,36.1244,-17.5185,0.2,0.0,0.0,0.0,1.8895,-1.2216,0.26,2.265,-0.084,0,0,0,0.552,0.23,0.77,0,0,0.0,4,SEARCH_PHASE,2.0293,-0.9842,-60.3981,39.0469
311,8.34,-24.2335,21.5077,5.1742,2.0113,-1.0345,0.3282,5.074,71.876,72.048,36.1244,-17.5185,0.2,0.0,0.0,0.0,1.8894,-1.2217,0.212,2.26,-0.0572,0,0,0,0.546,0.228,0.772,0,0,0.0,4,SEARCH_PHASE,2.0113,-1.0345,-60.3579,39.0262
312,8.366,-24.1936,21.486,5.1798,1.9926,-1.0827,0.2779,5.08,71.831,72.003,36.1244,-17.5185,0.2,0.0,0.0,0.0,1.8894,-1.2218,0.164,2.256,-0.0523,0,0,0,0.536,0.223,0.777,0,0,0.0,4,SEARCH_PHASE,1.9926,-1.0827,-60.318,39.0046
313,8.393,-24.1542,21.4635,5.1843,1.9734,-1.1278,0.2278,5.084,71.785,71.958,36.1244,-17.5185,0.2,0.0,0.0,0.0,1.8893,-1.2218,0.116,2.253,-0.0351,0,0,0,0.524,0.22,0.78,0,0,0.0,4,SEARCH_PHASE,1.9734,-1.1278,-60.2786,38.982
314,8.419,-24.1151,21.4401,5.1879,1.9531,-1.1696,0.1782,5.088,71.74,71.913,36.1244,-17.5185,0.2,0.0,0.0,0.0,1.8893,-1.2219,0.068,2.251,-0.0752,0,0,0,0.524,0.21,0.79,0,0,0.0,4,SEARCH_PHASE,1.9531,-1.1696,-60.2395,38.9586
315,8.444,-24.0764,21.416,5.1905,1.9337,-1.2067,0.1292,5.09,71.694,71.868,36.1244,-17.5185,0.2,0.0,0.0,0.0,1.8893,-1.2219,0.02,2.2501,-0.0433,0,0,0,0.52,0.221,0.779,0,0,0.0,4,SEARCH_PHASE,1.9337,-1.2067,-60.2008,38.9345
316,8.469,-24.0381,21.3911,5.1921,1.9167,-1.2414,0.0807,5.092,71.648,71.822,36.1244,-17.5185,0.2,0.0,0.0,0.0,1.8893,-1.2219,-0.028,2.2502,-0.0405,0,0,0,0.512,0.22,0.78,0,0,0.0,4,SEARCH_PHASE,1.9167,-1.2414,-60.1625,38.9096
317,8.493,-24.0001,21.3657,5.1927,1.9005,-1.2718,0.0334,5.093,71.603,71.776,36.1244,-17.5185,0.2,0.0,0.0,0.0,1.8893,-1.2219,-0.076,2.2513,-0.0392,0,0,0,0.507,0.215,0.785,0,0,0.0,4,SEARCH_PHASE,1.9005,-1.2718,-60.1245,38.8842
318,8.516,-23.9624,21.3397,5.1925,1.8841,-1.2977,-0.0128,5.092,71.557,71.731,36.1244,-17.5185,0.2,0.0,0.0,0.0,1.8893,-1.2218,-0.124,2.2534,-0.0778,0,0,0,0.513,0.213,0.787,0,0,0.0,4,SEARCH_PHASE,1.8841,-1.2977,-60.0868,38.8582
319,8.539,-23.925,21.3134,5.1913,1.8693,-1.3186,-0.0586,5.091,71.511,71.685,36.1244,-17.5185,0.2,0.0,0.0,0.0,1.8894,-1.2218,-0.172,2.2566,-0.0457,0,0,0,0.513,0.212,0.788,0,0,0.0,4,SEARCH_PHASE,1.8693,-1.3186,-60.0494,38.8319
320,8.561,-23.8879,21.2866,5.1892,1.8572,-1.3367,-0.104,5.089,71.465,71.639,36.1244,-17.5185,0.2,0.0,0.0,0.0,1.8894,-1.2217,-0.22,2.2607,-0.0712,0,0,0,0.511,0.209,0.791,0,0,0.0,4,SEARCH_PHASE,1.8572,-1.3367,-60.0123,38.8051
321,8.584,-23.8509,21.2596,5.1863,1.8467,-1.3499,-0.149,5.086,71.42,71.594,36.1244,-17.5185,0.2,0.0,0.0,0.0,1.8895,-1.2217,-0.268,2.2659,-0.0514,0,0,0,0.516,0.219,0.781,0,0,0.0,4,SEARCH_PHASE,1.8467,-1.3499,-59.9754,38.7781
322,8.606,-23.8142,21.2325,5.1824,1.8366,-1.3597,-0.1939,5.082,71.374,71.548,36.1244,-17.5185,0.2,0.0,0.0,0.0,1.8895,-1.2216,-0.316,2.2721,-0.075,0,0,0,0.513,0.217,0.783,0,0,0.0,4,SEARCH_PHASE,1.8366,-1.3597,-59.9386,38.751
323,8.629,-23.7776,21.2051,5.1776,1.8288,-1.3651,-0.2389,5.078,71.329,71.502,36.1244,-17.5185,0.2,0.0,0.0,0.0,1.8896,-1.2215,-0.364,2.2793,-0.0547,0,0,0,0.518,0.224,0.776,0,0,0.0,4,SEARCH_PHASE,1.8288,-1.3651,-59.902,38.7237
324,8.651,-23.7412,21.1778,5.1719,1.8212,-1.3673,-0.2841,5.072,71.283,71.456,36.1244,-17.5185,0.2,0.0,0.0,0.0,1.8896,-1.2214,-0.412,2.2874,-0.0798,0,0,0,0.517,0.224,0.776,0,0,0.0,4,SEARCH_PHASE,1.8212,-1.3673,-59.8656,38.6963
325,8.674,-23.7049,21.1505,5.1653,1.8155,-1.3652,-0.3297,5.065,71.238,71.411,36.1244,-17.5185,0.2,0.0,0.0,0.0,1.8897,-1.2213,-0.46,2.2965,-0.0728,0,0,0,0.523,0.23,0.77,0,0,0.0,4,SEARCH_PHASE,1.8155,-1.3652,-59.8293,38.669
326,8.696,-23.6687,21.1233,5.1578,1.8101,-1.3603,-0.3755,5.058,71.193,71.365,36.1244,-17.5185,0.2,0.0,0.0,0.0,1.8897,-1.2212,-0.508,2.3066,-0.0878,0,0,0,0.523,0.227,0.773,0,0,0.0,4,SEARCH_PHASE,1.8101,-1.3603,-59.7931,38.6418
327,8.719,-23.6326,21.0962,5.1494,1.8066,-1.3522,-0.4223,5.049,71.148,71.32,36.1244,-17.5185,0.2,0.0,0.0,0.0,1.8898,-1.2212,-0.556,2.3177,-0.0711,0,0,0,0.53,0.229,0.771,0,0,0.0,4,SEARCH_PHASE,1.8066,-1.3522,-59.757,38.6147
328,8.741,-23.5965,21.0694,5.14,1.8033,-1.3423,-0.4687,5.04,71.103,71.274,36.1244,-17.5185,0.2,0.0,0.0,0.0,1.8898,-1.2211,-0.604,2.3297,-0.0941,0,0,0,0.531,0.225,0.775,0,0,0.0,4,SEARCH_PHASE,1.8033,-1.3423,-59.7209,38.5879
329,8.763,-23.5605,21.0428,5.1297,1.8022,-1.3296,-0.5158,5.03,71.058,71.229,36.1244,-17.5185,0.2,0.0,0.0,0.0,1.8899,-1.221,-0.652,2.3426,-0.1022,0,0,0,0.536,0.233,0.767,0,0,0.0,4,SEARCH_PHASE,1.8022,-1.3296,-59.6849,38.5613
330,8.786,-23.5244,21.0165,5.1184,1.8012,-1.3156,-0.5637,5.018,71.014,71.184,36.1244,-17.5185,0.2,0.0,0.0,0.0,1.8899,-1.2209,-0.7,2.3564,-0.0952,0,0,0,0.537,0.24,0.76,0,0,0.0,4,SEARCH_PHASE,1.8012,-1.3156,-59.6488,38.535
331,8.809,-23.4884,20.9905,5.1062,1.8017,-1.3009,-0.6115,5.006,70.969,71.139,36.1244,-17.5185,0.2,0.0,0.0,0.0,1.89,-1.2209,-0.748,2.3711,-0.1096,0,0,0,0.543,0.244,0.756,0,0,0.0,4,SEARCH_PHASE,1.8017,-1.3009,-59.6128,38.509
332,8.832,-23.4524,20.9648,5.093,1.8023,-1.2856,-0.6593,4.993,70.925,71.094,36.1244,-17.5185,0.2,0.0,0.0,0.0,1.89,-1.2208,-0.796,2.3867,-0.0871,0,0,0,0.543,0.244,0.756,0,0,0.0,4,SEARCH_PHASE,1.8023,-1.2856,-59.5768,38.4833
333,8.855,-23.4163,20.9394,5.0789,1.8046,-1.2706,-0.707,4.979,70.881,71.049,36.1244,-17.5185,0.2,0.0,0.0,0.0,1.89,-1.2208,-0.844,2.4031,-0.1155,0,0,0,0.549,0.25,0.75,0,0,0.0,4,SEARCH_PHASE,1.8046,-1.2706,-59.5407,38.4579
334,8.878,-23.3801,20.9143,5.0638,1.8069,-1.2549,-0.7549,4.964,70.837,71.004,36.1244,-17.5185,0.2,0.0,0.0,0.0,1.89,-1.2207,-0.892,2.4204,-0.0742,0,0,0,0.549,0.251,0.749,0,0,0.0,4,SEARCH_PHASE,1.8069,-1.2549,-59.5045,38.4328
335,8.902,-23.3439,20.8894,5.0477,1.8104,-1.2405,-0.8029,4.948,70.793,70.959,36.1244,-17.5185,0.2,0.0,0.0,0.0,1.8901,-1.2207,-0.94,2.4385,-0.1032,0,0,0,0.554,0.256,0.744,0,0,0.0,4,SEARCH_PHASE,1.8104,-1.2405,-59.4683,38.4079
336,8.926,-23.3076,20.8649,5.0307,1.8137,-1.2253,-0.8517,4.931,70.749,70.914,36.1244,-17.5185,0.2,0.0,0.0,0.0,1.8901,-1.2207,-0.988,2.4574,-0.1162,0,0,0,0.555,0.258,0.742,0,0,0.0,4,SEARCH_PHASE,1.8137,-1.2253,-59.432,38.3834
337,8.949,-23.2713,20.8407,5.0127,1.8181,-1.211,-0.8994,4.913,70.706,70.869,36.1244,-17.5185,0.2,0.0,0.0,0.0,1.8901,-1.2207,-1.036,2.4771,-0.093,0,0,0,0.56,0.252,0.748,0,0,0.0,4,SEARCH_PHASE,1.8181,-1.211,-59.3957,38.3592
338,8.973,-23.2348,20.8168,4.9937,1.8217,-1.1985,-0.947,4.894,70.662,70.824,36.1244,-17.5185,0.2,0.0,0.0,0.0,1.8901,-1.2207,-1.084,2.4975,-0.1119,0,0,0,0.56,0.257,0.743,0,0,0.0,4,SEARCH_PHASE,1.8217,-1.1985,-59.3593,38.3353
339,8.996,-23.1983,20.793,4.9738,1.8264,-1.1868,-0.9948,4.874,70.618,70.78,36.1244,-17.5185,0.2,0.0,0.0,0.0,1.8901,-1.2207,-1.132,2.5187,-0.0901,0,0,0,0.564,0.257,0.743,0,0,0.0,4,SEARCH_PHASE,1.8264,-1.1868,-59.3227,38.3115
340,9.019,-23.1617,20.7695,4.953,1.83,-1.177,-1.0423,4.853,70.575,70.735,36.1244,-17.5185,0.2,0.0,0.0,0.0,1.8901,-1.2207,-1.18,2.5406,-0.109,0,0,0,0.564,0.26,0.74,0,0,0.0,4,SEARCH_PHASE,1.83,-1.177,-59.2861,38.288
341,9.043,-23.125,20.7461,4.9312,1.8344,-1.1681,-1.0904,4.831,70.531,70.69,36.1244,-17.5185,0.2,0.0,0.0,0.0,1.8901,-1.2207,-1.228,2.5633,-0.0909,0,0,0,0.568,0.262,0.738,0,0,0.0,4,SEARCH_PHASE,1.8344,-1.1681,-59.2494,38.2646
342,9.067,-23.0883,20.7229,4.9084,1.8375,-1.1611,-1.1375,4.808,70.488,70.645,36.1244,-17.5185,0.2,0.0,0.0,0.0,1.8901,-1.2207,-1.276,2.5866,-0.1122,0,0,0,0.568,0.262,0.738,0,0,0.0,4,SEARCH_PHASE,1.8375,-1.1611,-59.2127,38.2414
343,9.09,-23.0515,20.6998,4.8847,1.8412,-1.1551,-1.1848,4.785,70.444,70.6,36.1244,-17.5185,0.2,0.0,0.0,0.0,1.8901,-1.2207,-1.324,2.6106,-0.0938,0,0,0,0.572,0.262,0.738,0,0,0.0,4,SEARCH_PHASE,1.8412,-1.1551,-59.1759,38.2183
344,9.114,-23.0146,20.6768,4.8601,1.8433,-1.151,-1.2321,4.76,70.401,70.555,36.1244,-17.5185,0.2,0.0,0.0,0.0,1.8901,-1.2207,-1.372,2.6353,-0.1154,0,0,0,0.573,0.265,0.735,0,0,0.0,4,SEARCH_PHASE,1.8433,-1.151,-59.139,38.1953
345,9.138,-22.9777,20.6538,4.8345,1.8457,-1.1481,-1.2793,4.735,70.358,70.51,36.1244,-17.5185,0.2,0.0,0.0,0.0,1.8901,-1.2207,-1.42,2.6606,-0.0973,0,0,0,0.579,0.268,0.732,0,0,0.0,4,SEARCH_PHASE,1.8457,-1.1481,-59.1021,38.1723
346,9.162,-22.9407,20.6309,4.808,1.847,-1.1472,-1.3267,4.708,70.314,70.465,36.1244,-17.5185,0.2,0.0,0.0,0.0,1.89,-1.2208,-1.468,2.6865,-0.1013,0,0,0,0.58,0.27,0.73,0,0,0.0,4,SEARCH_PHASE,1.847,-1.1472,-59.0651,38.1494
347,9.186,-22.9038,20.6079,4.7805,1.8489,-1.1475,-1.3741,4.68,70.271,70.42,36.1244,-17.5185,0.2,0.0,0.0,0.0,1.89,-1.2208,-1.5,2.7042,-0.0835,0,0,0,0.585,0.271,0.729,0,0,0.0,4,SEARCH_PHASE,1.8489,-1.1475,-59.0282,38.1264
348,9.209,-22.8668,20.5849,4.7522,1.8501,-1.1491,-1.4156,4.652,70.227,70.374,36.1244,-17.5185,0.2,0.0,0.0,0.0,1.89,-1.2208,-1.5,2.7042,-0.1052,0,0,0,0.585,0.269,0.731,0,0,0.0,4,SEARCH_PHASE,1.8501,-1.1491,-58.9912,38.1034
349,9.233,-22.8297,20.5619,4.7233,1.8529,-1.1515,-1.4416,4.623,70.183,70.329,36.1244,-17.5185,0.2,0.0,0.0,0.0,1.89,-1.2208,-1.5,2.7042,-0.0858,0,0,0,0.59,0.273,0.727,0,0,0.0,4,SEARCH_PHASE,1.8529,-1.1515,-58.9541,38.0804
350,9.256,-22.7926,20.5388,4.6942,1.8545,-1.1558,-1.4581,4.594,70.14,70.283,36.1244,-17.5185,0.2,0.0,0.0,0.0,1.89,-1.2208,-1.5,2.7042,-0.1005,0,0,0,0.589,0.272,0.728,0,0,0.0,4,SEARCH_PHASE,1.8545,-1.1558,-58.917,38.0573
351,9.28,-22.7555,20.5156,4.6648,1.8573,-1.1606,-1.4684,4.565,70.096,70.238,36.1244,-17.5185,0.2,0.0,0.0,0.0,1.89,-1.2209,-1.5,2.7042,-0.0802,0,0,0,0.593,0.278,0.722,0,0,0.0,4,SEARCH_PHASE,1.8573,-1.1606,-58.8799,38.0341
352,9.302,-22.7183,20.4922,4.6353,1.8584,-1.1668,-1.4749,4.535,70.052,70.192,36.1244,-17.5185,0.2,0.0,0.0,0.0,1.89,-1.2209,-1.5,2.7042,-0.102,0,0,0,0.592,0.276,0.724,0,0,0.0,4,SEARCH_PHASE,1.8584,-1.1668,-58.8427,38.0107
353,9.325,-22.6811,20.4688,4.6057,1.8605,-1.1729,-1.479,4.506,70.008,70.146,36.1244,-17.5185,0.2,0.0,0.0,0.0,1.89,-1.2209,-1.5,2.7042,-0.0814,0,0,0,0.596,0.278,0.722,0,0,0.0,4,SEARCH_PHASE,1.8605,-1.1729,-58.8055,37.9873
354,9.348,-22.6439,20.4452,4.5761,1.8604,-1.1802,-1.4818,4.476,69.964,70.101,36.1244,-17.5185,0.2,0.0,0.0,0.0,1.89,-1.2209,-1.5,2.7042,-0.0831,0,0,0,0.594,0.274,0.726,0,0,0.0,4,SEARCH_PHASE,1.8604,-1.1802,-58.7683,37.9637
355,9.371,-22.6067,20.4214,4.5464,1.8609,-1.1872,-1.4839,4.446,69.92,70.055,36.1244,-17.5185,0.2,0.0,0.0,0.0,1.8899,-1.2209,-1.5,2.7042,-0.0643,0,0,0,0.597,0.278,0.722,0,0,0.0,4,SEARCH_PHASE,1.8609,-1.1872,-58.7311,37.9399
356,9.394,-22.5695,20.3976,4.5167,1.8596,-1.1937,-1.4847,3.793,69.876,70.009,36.1244,-17.5185,0.2,0.0,0.0,0.0,1.8899,-1.2209,-1.5,2.7042,-0.0917,0,0,0,0.595,0.279,0.721,0,0,0.0,4,SEARCH_PHASE,1.8596,-1.1937,-58.6939,37.9161
357,9.417,-22.5323,20.3736,4.487,1.8593,-1.1983,-1.4852,3.756,69.831,69.963,36.1244,-17.5185,0.2,0.0,0.0,0.0,1.8899,-1.2209,-1.5,2.7042,-0.0726,0,0,0,0.598,0.283,0.717,0,0,0.0,4,SEARCH_PHASE,1.8593,-1.1983,-58.6567,37.8921
358,9.441,-22.4951,20.3495,4.4573,1.857,-1.2025,-1.4855,3.719,69.787,69.917,36.1244,-17.5185,0.2,0.0,0.0,0.0,1.8899,-1.2209,-1.5,2.7042,-0.1041,0,0,0,0.599,0.283,0.717,0,0,0.0,4,SEARCH_PHASE,1.857,-1.2025,-58.6195,37.868
359,9.464,-22.458,20.3254,4.4276,1.8555,-1.2049,-1.4856,3.682,69.743,69.871,36.1244,-17.5185,0.2,0.0,0.0,0.0,1.8899,-1.2209,-1.5,2.7042,-0.0845,0,0,0,0.605,0.285,0.715,0,0,0.0,4,SEARCH_PHASE,1.8555,-1.2049,-58.5824,37.8439
360,9.486,-22.421,20.3013,4.3979,1.8531,-1.2075,-1.4856,3.645,69.699,69.825,36.1244,-17.5185,0.2,0.0,0.0,0.0,1.89,-1.2209,-1.5,2.7042,-0.1006,0,0,0,0.606,0.287,0.713,0,0,0.0,4,SEARCH_PHASE,1.8531,-1.2075,-58.5454,37.8198
361,9.509,-22.3839,20.2771,4.3682,1.8524,-1.2086,-1.4863,3.608,69.654,69.779,36.1244,-17.5185,0.2,0.0,0.0,0.0,1.89,-1.2209,-1.5,2.7042,-0.0771,0,0,0,0.612,0.287,0.713,0,0,0.0,4,SEARCH_PHASE,1.8524,-1.2086,-58.5083,37.7956
362,9.532,-22.3469,20.2529,4.3384,1.851,-1.2101,-1.486,3.571,69.61,69.733,36.1244,-17.5185,0.2,0.0,0.0,0.0,1.89,-1.2209,-1.5,2.7042,-0.1015,0,0,0,0.613,0.29,0.71,0,0,0.0,4,SEARCH_PHASE,1.851,-1.2101,-58.4713,37.7714
363,9.555,-22.3099,20.2287,4.3087,1.8515,-1.2101,-1.4858,3.534,69.566,69.687,36.1244,-17.5185,0.2,0.0,0.0,0.0,1.89,-1.2209,-1.5,2.7042,-0.0785,0,0,0,0.618,0.293,0.707,0,0,0.0,4,SEARCH_PHASE,1.8515,-1.2101,-58.4343,37.7472
364,9.578,-22.2728,20.2045,4.279,1.851,-1.2104,-1.4857,2.346,69.522,69.641,36.1244,-17.5185,0.2,0.0,0.0,0.0,1.89,-1.2209,-1.5,2.7042,-0.1031,0,0,0,0.618,0.29,0.71,0,0,0.0,4,SEARCH_PHASE,1.851,-1.2104,-58.3973,37.723
365,9.601,-22.2358,20.1803,4.2493,1.8522,-1.2094,-1.4857,2.344,69.477,69.595,36.1244,-17.5185,0.2,0.0,0.0,0.0,1.89,-1.2209,-1.5,2.7042,-0.0801,0,0,0,0.623,0.293,0.707,0,0,0.0,4,SEARCH_PHASE,1.8522,-1.2094,-58.3602,37.6988
366,9.624,-22.1988,20.1561,4.2196,1.852,-1.2088,-1.4856,2.342,69.433,69.549,36.1244,-17.5185,0.2,0.0,0.0,0.0,1.89,-1.2209,-1.5,2.7042,-0.1049,0,0,0,0.622,0.295,0.705,0,0,0.0,4,SEARCH_PHASE,1.852,-1.2088,-58.3232,37.6747
367,9.647,-22.1617,20.132,4.1899,1.853,-1.2071,-1.4856,2.34,69.389,69.504,36.1244,-17.5185,0.2,0.0,0.0,0.0,1.89,-1.2209,-1.5,2.7042,-0.082,0,0,0,0.626,0.296,0.704,0,0,0.0,4,SEARCH_PHASE,1.853,-1.2071,-58.2861,37.6505
368,9.67,-22.1247,20.1079,4.1602,1.8522,-1.2059,-1.4855,2.338,69.345,69.458,36.1244,-17.5185,0.2,0.0,0.0,0.0,1.89,-1.2208,-1.5,2.7042,-0.1071,0,0,0,0.625,0.298,0.702,0,0,0.0,4,SEARCH_PHASE,1.8522,-1.2059,-58.2491,37.6264
369,9.691,-22.0876,20.0838,4.1305,1.8523,-1.2038,-1.4855,2.336,69.301,69.412,36.1244,-17.5185,0.2,0.0,0.0,0.0,1.89,-1.2208,-1.5,2.7042,-0.0845,0,0,0,0.629,0.3,0.7,0,0,0.0,4,SEARCH_PHASE,1.8523,-1.2038,-58.212,37.6023
370,9.715,-22.0506,20.0598,4.1007,1.8503,-1.2024,-1.4856,2.334,69.256,69.366,36.1244,-17.5185,0.2,0.0,0.0,0.0,1.89,-1.2208,-1.5,2.7042,-0.1146,0,0,0,0.631,0.3,0.7,0,0,0.0,4,SEARCH_PHASE,1.8503,-1.2024,-58.175,37.5783
371,9.737,-22.0136,20.0358,4.071,1.8489,-1.2002,-1.4855,2.332,69.212,69.321,36.1244,-17.5185,0.2,0.0,0.0,0.0,1.89,-1.2208,-1.5,2.7042,-0.091,0,0,0,0.637,0.304,0.696,0,0,0.0,4,SEARCH_PHASE,1.8489,-1.2002,-58.138,37.5543
372,9.76,-21.9767,20.0118,4.0413,1.8469,-1.1994,-1.4858,2.33,69.168,69.275,36.1244,-17.5185,0.2,0.0,0.0,0.0,1.89,-1.2208,-1.5,2.7042,-0.1139,0,0,0,0.638,0.3,0.7,0,0,0.0,4,SEARCH_PHASE,1.8469,-1.1994,-58.1011,37.5303
373,9.781,-21.9397,19.9878,4.0116,1.8468,-1.1981,-1.4857,2.328,69.124,69.229,36.1244,-17.5185,0.2,0.0,0.0,0.0,1.89,-1.2208,-1.5,2.7042,-0.09,0,0,0,0.644,0.308,0.692,0,0,0.0,4,SEARCH_PHASE,1.8468,-1.1981,-58.0642,37.5063
374,9.802,-21.9028,19.9638,3.9819,1.8455,-1.1982,-1.4855,2.326,69.08,69.184,36.1244,-17.5185,0.2,0.0,0.0,0.0,1.89,-1.2208,-1.5,2.7042,-0.1135,0,0,0,0.644,0.304,0.696,0,0,0.0,4,SEARCH_PHASE,1.8455,-1.1982,-58.0272,37.4823
375,9.824,-21.8659,19.9399,3.9522,1.8457,-1.1981,-1.4855,2.324,69.036,69.138,36.1244,-17.5185,0.2,0.0,0.0,0.0,1.89,-1.2208,-1.5,2.7042,-0.0899,0,0,0,0.649,0.313,0.687,0,0,0.0,4,SEARCH_PHASE,1.8457,-1.1981,-57.9903,37.4584
376,9.845,-21.829,19.9159,3.9225,1.8443,-1.1994,-1.4856,2.322,68.992,69.093,36.1244,-17.5185,0.2,0.0,0.0,0.0,1.89,-1.2208,-1.5,2.7042,-0.0951,0,0,0,0.649,0.308,0.692,0,0,0.0,4,SEARCH_PHASE,1.8443,-1.1994,-57.9534,37.4344
377,9.867,-21.7922,19.8919,3.8928,1.8441,-1.2007,-1.4856,3.793,68.948,69.047,36.1244,-17.5185,0.2,0.0,0.0,0.0,1.89,-1.2208,-1.5,2.7042,-0.072,0,0,0,0.654,0.311,0.689,0,0,0.0,4,SEARCH_PHASE,1.8441,-1.2007,-57.9166,37.4104
378,9.888,-21.7553,19.8678,3.8631,1.8424,-1.2021,-1.4855,3.763,68.904,69.002,36.1244,-17.5185,0.2,0.0,0.0,0.0,1.89,-1.2208,-1.5,2.7042,-0.0951,0,0,0,0.653,0.308,0.692,0,0,0.0,4,SEARCH_PHASE,1.8424,-1.2021,-57.8797,37.3863
379,9.91,-21.7185,19.8438,3.8333,1.842,-1.2021,-1.4855,3.733,68.86,68.956,36.1244,-17.5185,0.2,0.0,0.0,0.0,1.89,-1.2208,-1.5,2.7042,-0.0723,0,0,0,0.657,0.313,0.687,0,0,0.0,4,SEARCH_PHASE,1.842,-1.2021,-57.8429,37.3623
380,9.932,-21.6817,19.8197,3.8036,1.8398,-1.2024,-1.4856,3.704,68.816,68.911,36.1244,-17.5185,0.2,0.0,0.0,0.0,1.89,-1.2208,-1.5,2.7042,-0.1008,0,0,0,0.659,0.312,0.688,0,0,0.0,4,SEARCH_PHASE,1.8398,-1.2024,-57.8061,37.3382
381,9.954,-21.6449,19.7957,3.7739,1.8384,-1.2015,-1.4855,3.674,68.772,68.865,36.1244,-17.5185,0.2,0.0,0.0,0.0,1.89,-1.2208,-1.5,2.7042,-0.0783,0,0,0,0.666,0.321,0.679,0,0,0.0,4,SEARCH_PHASE,1.8384,-1.2015,-57.7693,37.3142
382,9.975,-21.6082,19.7717,3.7442,1.8367,-1.2014,-1.4854,3.644,68.729,68.82,36.1244,-17.5185,0.2,0.0,0.0,0.0,1.89,-1.2208,-1.5,2.7042,-0.1012,0,0,0,0.668,0.325,0.675,0,0,0.0,4,SEARCH_PHASE,1.8367,-1.2014,-57.7326,37.2902
383,9.997,-21.5714,19.7477,3.7145,1.8374,-1.2007,-1.4854,3.615,68.685,68.774,36.1244,-17.5185,0.2,0.0,0.0,0.0,1.8894,-1.2218,-1.4521,2.6779,-0.0788,0,0,0,0.674,0.328,0.672,0,0,0.0,4,SEARCH_PHASE,1.8374,-1.2007,-57.6958,37.2662
384,10.019,-21.5347,19.7236,3.6852,1.8377,-1.2014,-1.4676,3.585,68.641,68.729,36.1244,-17.5185,0.2,0.0,0.0,0.0,1.8891,-1.2222,-1.4041,2.6522,-0.1032,0,0,0,0.674,0.322,0.678,0,0,0.0,4,SEARCH_PHASE,1.8377,-1.2014,-57.6591,37.2421
385,10.042,-21.4979,19.6996,3.6564,1.8406,-1.2016,-1.4389,3.556,68.597,68.684,36.1244,-17.5185,0.2,0.0,0.0,0.0,1.8875,-1.2247,-1.3561,2.6271,-0.0791,0,0,0,0.68,0.33,0.67,0,0,0.0,4,SEARCH_PHASE,1.8406,-1.2016,-57.6223,37.2181
386,10.063,-21.461,19.6755,3.6283,1.8421,-1.2034,-1.4031,3.528,68.553,68.638,36.1244,-17.5185,0.2,0.0,0.0,0.0,1.8874,-1.2248,-1.3081,2.6026,-0.1046,0,0,0,0.68,0.328,0.672,0,0,0.0,4,SEARCH_PHASE,1.8421,-1.2034,-57.5854,37.194
387,10.086,-21.4241,19.6514,3.6011,1.8457,-1.2048,-1.3629,3.501,68.509,68.593,36.1244,-17.5185,0.2,0.0,0.0,0.0,1.8857,-1.2275,-1.2601,2.5788,-0.0801,0,0,0,0.684,0.338,0.662,0,0,0.0,4,SEARCH_PHASE,1.8457,-1.2048,-57.5485,37.1699
388,10.107,-21.3872,19.6273,3.5747,1.8473,-1.208,-1.3201,3.475,68.465,68.548,36.1244,-17.5185,0.2,0.0,0.0,0.0,1.886,-1.2271,-1.2121,2.5557,-0.1013,0,0,0,0.684,0.333,0.667,0,0,0.0,4,SEARCH_PHASE,1.8473,-1.208,-57.5116,37.1458
389,10.129,-21.3501,19.6031,3.5491,1.8506,-1.2108,-1.2755,3.449,68.42,68.502,36.1244,-17.5185,0.2,0.0,0.0,0.0,1.8845,-1.2294,-1.1641,2.5333,-0.0767,0,0,0,0.688,0.339,0.661,0,0,0.0,4,SEARCH_PHASE,1.8506,-1.2108,-57.4746,37.1216
390,10.151,-21.3131,19.5788,3.5245,1.8513,-1.215,-1.2298,3.425,68.376,68.457,36.1244,-17.5185,0.2,0.0,0.0,0.0,1.8851,-1.2284,-1.1161,2.5116,-0.0996,0,0,0,0.686,0.338,0.662,0,0,0.0,4,SEARCH_PHASE,1.8513,-1.215,-57.4375,37.0973
391,10.173,-21.276,19.5544,3.5009,1.8534,-1.2185,-1.1834,3.401,68.332,68.411,36.1244,-17.5185,0.2,0.0,0.0,0.0,1.8837,-1.2305,-1.0681,2.4907,-0.0752,0,0,0,0.689,0.338,0.662,0,0,0.0,4,SEARCH_PHASE,1.8534,-1.2185,-57.4005,37.0729
392,10.195,-21.239,19.5299,3.4781,1.8526,-1.2232,-1.1367,3.378,68.287,68.366,36.1244,-17.5185,0.2,0.0,0.0,0.0,1.8848,-1.2288,-1.0201,2.4705,-0.0903,0,0,0,0.687,0.335,0.665,0,0,0.0,4,SEARCH_PHASE,1.8526,-1.2232,-57.3634,37.0484
393,10.217,-21.2019,19.5054,3.4564,1.8527,-1.227,-1.0896,3.356,68.243,68.32,36.1244,-17.5185,0.2,0.0,0.0,0.0,1.8837,-1.2305,-0.9721,2.451,-0.0666,0,0,0,0.69,0.336,0.664,0,0,0.0,4,SEARCH_PHASE,1.8527,-1.227,-57.3264,37.0239
394,10.239,-21.1649,19.4808,3.4355,1.8498,-1.2312,-1.0423,3.336,68.198,68.275,36.1244,-17.5185,0.2,0.0,0.0,0.0,1.8839,-1.2302,-0.9241,2.4324,-0.0972,0,0,0,0.689,0.335,0.665,0,0,0.0,4,SEARCH_PHASE,1.8498,-1.2312,-57.2894,36.9993
395,10.261,-21.128,19.4561,3.4156,1.8479,-1.2335,-0.9948,3.316,68.154,68.23,36.1244,-17.5185,0.2,0.0,0.0,0.0,1.8811,-1.2344,-0.8761,2.4146,-0.0738,0,0,0,0.694,0.341,0.659,0,0,0.0,4,SEARCH_PHASE,1.8479,-1.2335,-57.2524,36.9746
396,10.283,-21.0911,19.4314,3.3967,1.8442,-1.2367,-0.9472,3.297,68.11,68.185,36.1244,-17.5185,0.2,0.0,0.0,0.0,1.8821,-1.233,-0.8281,2.3976,-0.1,0,0,0,0.693,0.338,0.662,0,0,0.0,4,SEARCH_PHASE,1.8442,-1.2367,-57.2155,36.9499
397,10.305,-21.0542,19.4066,3.3787,1.8428,-1.2387,-0.8996,3.279,68.065,68.139,36.1244,-17.5185,0.2,0.0,0.0,0.0,1.8794,-1.2371,-0.7801,2.3814,-0.0765,0,0,0,0.696,0.344,0.656,0,0,0.0,4,SEARCH_PHASE,1.8428,-1.2387,-57.1787,36.9251
398,10.327,-21.0175,19.3818,3.3616,1.8391,-1.2418,-0.852,3.262,68.021,68.094,36.1244,-17.5185,0.2,0.0,0.0,0.0,1.8811,-1.2345,-0.7321,2.3661,-0.1003,0,0,0,0.695,0.341,0.659,0,0,0.0,4,SEARCH_PHASE,1.8391,-1.2418,-57.1419,36.9003
399,10.35,-20.9807,19.3569,3.3455,1.8372,-1.2438,-0.8045,3.246,67.976,68.049,36.1244,-17.5185,0.2,0.0,0.0,0.0,1.8789,-1.2378,-0.6841,2.3517,-0.0768,0,0,0,0.697,0.341,0.659,0,0,0.0,4,SEARCH_PHASE,1.8372,-1.2438,-57.1051,36.8754
400,10.372,-20.9441,19.3319,3.3304,1.8326,-1.2468,-0.757,3.23,67.932,68.004,36.1244,-17.5185,0.2,0.0,0.0,0.0,1.8799,-1.2363,-0.6361,2.3382,-0.0975,0,0,0,0.696,0.342,0.658,0,0,0.0,4,SEARCH_PHASE,1.8326,-1.2468,-57.0685,36.8504
401,10.394,-20.9075,19.307,3.3162,1.8294,-1.2486,-0.7093,3.216,67.888,67.959,36.1244,-17.5185,0.2,0.0,0.0,0.0,1.8765,-1.2415,-0.5881,2.3256,-0.0742,0,0,0,0.7,0.347,0.653,0,0,0.0,4,SEARCH_PHASE,1.8294,-1.2486,-57.0319,36.8255
402,10.416,-20.871,19.282,3.303,1.8244,-1.251,-0.6616,3.203,67.844,67.914,36.1244,-17.5185,0.2,0.0,0.0,0.0,1.8785,-1.2385,-0.5401,2.3139,-0.1011,0,0,0,0.698,0.341,0.659,0,0,0.0,4,SEARCH_PHASE,1.8244,-1.251,-56.9954,36.8005
403,10.438,-20.8346,19.2569,3.2907,1.8215,-1.2517,-0.614,3.191,67.799,67.87,36.1244,-17.5185,0.2,0.0,0.0,0.0,1.8757,-1.2427,-0.4921,2.3032,-0.0776,0,0,0,0.701,0.347,0.653,0,0,0.0,4,SEARCH_PHASE,1.8215,-1.2517,-56.959,36.7754
404,10.459,-20.7982,19.2319,3.2794,1.8164,-1.2532,-0.5664,3.179,67.755,67.825,36.1244,-17.5185,0.2,0.0,0.0,0.0,1.8762,-1.242,-0.4441,2.2934,-0.1084,0,0,0,0.701,0.341,0.659,0,0,0.0,4,SEARCH_PHASE,1.8164,-1.2532,-56.9226,36.7504
405,10.481,-20.762,19.2068,3.269,1.813,-1.2531,-0.5187,3.169,67.711,67.781,36.1244,-17.5185,0.2,0.0,0.0,0.0,1.8708,-1.2501,-0.3961,2.2846,-0.0849,0,0,0,0.705,0.35,0.65,0,0,0.0,4,SEARCH_PHASE,1.813,-1.2531,-56.8864,36.7253
406,10.503,-20.7258,19.1817,3.2596,1.8082,-1.2543,-0.4709,3.16,67.667,67.736,36.1244,-17.5185,0.2,0.0,0.0,0.0,1.8725,-1.2476,-0.3481,2.2768,-0.1127,0,0,0,0.704,0.346,0.654,0,0,0.0,4,SEARCH_PHASE,1.8082,-1.2543,-56.8502,36.7002
407,10.525,-20.6897,19.1566,3.2511,1.8062,-1.2546,-0.4232,3.151,67.623,67.692,36.1244,-17.5185,0.2,0.0,0.0,0.0,1.8672,-1.2555,-0.3001,2.2699,-0.0887,0,0,0,0.707,0.349,0.651,0,0,0.0,4,SEARCH_PHASE,1.8062,-1.2546,-56.8141,36.6751
408,10.548,-20.6536,19.1315,3.2436,1.8023,-1.2562,-0.3762,3.144,67.579,67.648,36.1244,-17.5185,0.2,0.0,0.0,0.0,1.8706,-1.2503,-0.2521,2.2641,-0.1069,0,0,0,0.706,0.348,0.652,0,0,0.0,4,SEARCH_PHASE,1.8023,-1.2562,-56.778,36.65
409,10.571,-20.6176,19.1063,3.237,1.8006,-1.2571,-0.3283,3.137,67.535,67.604,36.1244,-17.5185,0.2,0.0,0.0,0.0,1.8662,-1.2569,-0.2041,2.2592,-0.0795,0,0,0,0.709,0.354,0.646,0,0,0.0,4,SEARCH_PHASE,1.8006,-1.2571,-56.742,36.6249
410,10.595,-20.5817,19.0812,3.2314,1.797,-1.2589,-0.2804,3.131,67.492,67.56,36.1244,-17.5185,0.2,0.0,0.0,0.0,1.8712,-1.2494,-0.1561,2.2554,-0.1042,0,0,0,0.706,0.353,0.647,0,0,0.0,4,SEARCH_PHASE,1.797,-1.2589,-56.7061,36.5997
411,10.618,-20.5458,19.056,3.2268,1.7954,-1.2593,-0.2327,3.127,67.448,67.516,36.1244,-17.5185,0.2,0.0,0.0,0.0,1.8683,-1.2537,-0.1081,2.2526,-0.0774,0,0,0,0.708,0.362,0.638,0,0,0.0,4,SEARCH_PHASE,1.7954,-1.2593,-56.6702,36.5745
412,10.642,-20.5099,19.0308,3.2231,1.7914,-1.2609,-0.1852,3.123,67.404,67.472,36.1244,-17.5185,0.2,0.0,0.0,0.0,1.8675,-1.2549,-0.0601,2.2508,-0.1027,0,0,0,0.709,0.363,0.637,0,0,0.0,4,SEARCH_PHASE,1.7914,-1.2609,-56.6344,36.5493
413,10.665,-20.4742,19.0055,3.2203,1.7889,-1.2613,-0.1374,3.12,67.36,67.428,36.1244,-17.5185,0.2,0.0,0.0,0.0,1.8582,-1.2686,-0.0121,2.25,-0.0767,0,0,0,0.714,0.362,0.638,0,0,0.0,4,SEARCH_PHASE,1.7889,-1.2613,-56.5986,36.524
414,10.689,-20.4384,18.9803,3.2185,1.7863,-1.263,-0.0895,3.119,67.317,67.384,36.1244,-17.5185,0.2,0.0,0.0,0.0,1.8589,-1.2677,0.0359,2.2503,-0.1008,0,0,0,0.714,0.362,0.638,0,0,0.0,4,SEARCH_PHASE,1.7863,-1.263,-56.5629,36.4988
415,10.712,-20.4027,18.955,3.2177,1.7875,-1.2639,-0.0418,3.118,67.273,67.34,36.1244,-17.5185,0.2,0.0,0.0,0.0,1.8506,-1.2797,0.0839,2.2516,-0.0748,0,0,0,0.718,0.367,0.633,0,0,0.0,4,SEARCH_PHASE,1.7875,-1.2639,-56.5271,36.4735
416,10.735,-20.3669,18.9297,3.2178,1.788,-1.2663,0.0059,3.118,67.229,67.297,36.1244,-17.5185,0.2,0.0,0.0,0.0,1.8531,-1.2762,0.1319,2.2539,-0.099,0,0,0,0.717,0.365,0.635,0,0,0.0,4,SEARCH_PHASE,1.788,-1.2663,-56.4913,36.4482
417,10.759,-20.3311,18.9043,3.2189,1.7918,-1.2681,0.053,3.119,67.185,67.253,36.1244,-17.5185,0.2,0.0,0.0,0.0,1.843,-1.2907,0.1799,2.2572,-0.0759,0,0,0,0.72,0.372,0.628,0,0,0.0,4,SEARCH_PHASE,1.7918,-1.2681,-56.4555,36.4228
418,10.782,-20.2952,18.8789,3.2209,1.7943,-1.2716,0.1008,3.121,67.141,67.209,36.1244,-17.5185,0.2,0.0,0.0,0.0,1.8462,-1.2861,0.2279,2.2615,-0.103,0,0,0,0.719,0.368,0.632,0,0,0.0,4,SEARCH_PHASE,1.7943,-1.2716,-56.4196,36.3974
419,10.806,-20.2592,18.8534,3.2239,1.7998,-1.2745,0.1484,3.124,67.097,67.165,36.1244,-17.5185,0.2,0.0,0.0,0.0,1.8386,-1.2969,0.2759,2.2668,-0.078,0,0,0,0.721,0.373,0.627,0,0,0.0,4,SEARCH_PHASE,1.7998,-1.2745,-56.3836,36.3719
420,10.829,-20.2231,18.8278,3.2278,1.8037,-1.2791,0.196,3.128,67.053,67.121,36.1244,-17.5185,0.2,0.0,0.0,0.0,1.8455,-1.2871,0.3239,2.2732,-0.1057,0,0,0,0.718,0.372,0.628,0,0,0.0,4,SEARCH_PHASE,1.8037,-1.2791,-56.3475,36.3463
421,10.853,-20.187,18.8021,3.2326,1.8096,-1.2832,0.2435,3.133,67.009,67.077,36.1244,-17.5185,0.2,0.0,0.0,0.0,1.8403,-1.2945,0.3719,2.2805,-0.0819,0,0,0,0.719,0.37,0.63,0,0,0.0,4,SEARCH_PHASE,1.8096,-1.2832,-56.3114,36.3207
422,10.877,-20.1507,18.7764,3.2385,1.8129,-1.289,0.2909,3.138,66.964,67.033,36.1244,-17.5185,0.2,0.0,0.0,0.0,1.8469,-1.2851,0.4199,2.2888,-0.0837,0,0,0,0.716,0.367,0.633,0,0,0.0,4,SEARCH_PHASE,1.8129,-1.289,-56.2751,36.2949
423,10.9,-20.1143,18.7505,3.2452,1.8178,-1.2945,0.3385,3.145,66.92,66.989,36.1244,-17.5185,0.2,0.0,0.0,0.0,1.8412,-1.2932,0.4679,2.2981,-0.0598,0,0,0,0.717,0.367,0.633,0,0,0.0,4,SEARCH_PHASE,1.8178,-1.2945,-56.2387,36.269
424,10.924,-20.0779,18.7245,3.253,1.8207,-1.2991,0.3862,3.153,66.875,66.945,36.1244,-17.5185,0.2,0.0,0.0,0.0,1.8502,-1.2804,0.5159,2.3084,-0.0884,0,0,0,0.713,0.361,0.639,0,0,0.0,4,SEARCH_PHASE,1.8207,-1.2991,-56.2023,36.243
425,10.948,-20.0414,18.6985,3.2616,1.8256,-1.3008,0.4339,3.162,66.83,66.9,36.1244,-17.5185,0.2,0.0,0.0,0.0,1.8469,-1.2851,0.5639,2.3196,-0.0642,0,0,0,0.713,0.362,0.638,0,0,0.0,4,SEARCH_PHASE,1.8256,-1.3008,-56.1658,36.217
426,10.97,-20.0048,18.6724,3.2713,1.828,-1.3019,0.4817,3.171,66.785,66.856,36.1244,-17.5185,0.2,0.0,0.0,0.0,1.8572,-1.2702,0.6119,2.3317,-0.0934,0,0,0,0.708,0.356,0.644,0,0,0.0,4,SEARCH_PHASE,1.828,-1.3019,-56.1293,36.1909
427,10.993,-19.9682,18.6464,3.2819,1.8319,-1.3001,0.5295,3.082,66.74,66.812,36.1244,-17.5185,0.2,0.0,0.0,0.0,1.8572,-1.2701,0.6599,2.3448,-0.0691,0,0,0,0.707,0.357,0.643,0,0,0.0,4,SEARCH_PHASE,1.8319,-1.3001,-56.0926,36.1649
428,11.016,-19.9316,18.6205,3.2934,1.8327,-1.298,0.5774,3.093,66.696,66.767,36.1244,-17.5185,0.2,0.0,0.0,0.0,1.8664,-1.2566,0.7079,2.3587,-0.0992,0,0,0,0.702,0.353,0.647,0,0,0.0,4,SEARCH_PHASE,1.8327,-1.298,-56.056,36.139
429,11.038,-19.8949,18.5946,3.3059,1.8345,-1.2932,0.6252,3.106,66.651,66.723,36.1244,-17.5185,0.2,0.0,0.0,0.0,1.8672,-1.2555,0.7559,2.3736,-0.0748,0,0,0,0.701,0.349,0.651,0,0,0.0,4,SEARCH_PHASE,1.8345,-1.2932,-56.0193,36.1131
430,11.06,-19.8582,18.5689,3.3194,1.8329,-1.2883,0.6729,3.119,66.606,66.679,36.1244,-17.5185,0.2,0.0,0.0,0.0,1.8681,-1.2541,0.8039,2.3893,-0.112,0,0,0,0.7,0.352,0.648,0,0,0.0,4,SEARCH_PHASE,1.8329,-1.2883,-55.9826,36.0874
431,11.083,-19.8216,18.5432,3.3338,1.8321,-1.281,0.7205,3.134,66.561,66.635,36.1244,-17.5185,0.2,0.0,0.0,0.0,1.8687,-1.2532,0.8519,2.4059,-0.0791,0,0,0,0.699,0.35,0.65,0,0,0.0,4,SEARCH_PHASE,1.8321,-1.281,-55.946,36.0617
432,11.105,-19.785,18.5177,3.3491,1.8309,-1.2746,0.7676,3.149,66.517,66.591,36.1244,-17.5185,0.2,0.0,0.0,0.0,1.8709,-1.2499,0.8999,2.4233,-0.1128,0,0,0,0.697,0.348,0.652,0,0,0.0,4,SEARCH_PHASE,1.8309,-1.2746,-55.9094,36.0362
433,11.127,-19.7483,18.4924,3.3654,1.8306,-1.2657,0.8155,3.165,66.472,66.548,36.1244,-17.5185,0.2,0.0,0.0,0.0,1.8686,-1.2534,0.9479,2.4415,-0.0823,0,0,0,0.698,0.351,0.649,0,0,0.0,4,SEARCH_PHASE,1.8306,-1.2657,-55.8727,36.0109
434,11.149,-19.7117,18.4673,3.3827,1.8298,-1.2577,0.8633,3.183,66.428,66.504,36.1244,-17.5185,0.2,0.0,0.0,0.0,1.8747,-1.2442,0.9959,2.4605,-0.1104,0,0,0,0.693,0.343,0.657,0,0,0.0,4,SEARCH_PHASE,1.8298,-1.2577,-55.8362,35.9858
435,11.172,-19.6751,18.4423,3.4009,1.8313,-1.2478,0.911,3.201,66.383,66.461,36.1244,-17.5185,0.2,0.0,0.0,0.0,1.8738,-1.2456,1.0439,2.4804,-0.0832,0,0,0,0.693,0.346,0.654,0,0,0.0,4,SEARCH_PHASE,1.8313,-1.2478,-55.7995,35.9608
436,11.194,-19.6385,18.4175,3.4201,1.8306,-1.2386,0.9586,3.22,66.339,66.417,36.1244,-17.5185,0.2,0.0,0.0,0.0,1.8797,-1.2366,1.0919,2.5009,-0.1114,0,0,0,0.688,0.34,0.66,0,0,0.0,4,SEARCH_PHASE,1.8306,-1.2386,-55.7629,35.936
437,11.216,-19.6019,18.393,3.4402,1.8317,-1.2277,1.0062,3.24,66.295,66.374,36.1244,-17.5185,0.2,0.0,0.0,0.0,1.8798,-1.2365,1.1399,2.5223,-0.0845,0,0,0,0.688,0.34,0.66,0,0,0.0,4,SEARCH_PHASE,1.8317,-1.2277,-55.7263,35.9115
438,11.238,-19.5653,18.3686,3.4613,1.8301,-1.2177,1.0536,3.261,66.251,66.331,36.1244,-17.5185,0.2,0.0,0.0,0.0,1.881,-1.2346,1.1879,2.5443,-0.1181,0,0,0,0.686,0.338,0.662,0,0,0.0,4,SEARCH_PHASE,1.8301,-1.2177,-55.6897,35.8871
439,11.261,-19.5287,18.3445,3.4833,1.8299,-1.2062,1.1011,3.283,66.207,66.289,36.1244,-17.5185,0.2,0.0,0.0,0.0,1.8784,-1.2386,1.2359,2.5671,-0.0992,0,0,0,0.688,0.343,0.657,0,0,0.0,4,SEARCH_PHASE,1.8299,-1.2062,-55.6531,35.863
440,11.283,-19.4921,18.3206,3.5063,1.8291,-1.1963,1.1481,3.306,66.164,66.246,36.1244,-17.5185,0.2,0.0,0.0,0.0,1.8816,-1.2338,1.2839,2.5905,-0.1192,0,0,0,0.685,0.336,0.664,0,0,0.0,4,SEARCH_PHASE,1.8291,-1.1963,-55.6165,35.8391
441,11.306,-19.4555,18.2969,3.5302,1.8315,-1.1864,1.1954,3.33,66.12,66.204,36.1244,-17.5185,0.2,0.0,0.0,0.0,1.8794,-1.237,1.3319,2.6146,-0.091,0,0,0,0.687,0.339,0.661,0,0,0.0,4,SEARCH_PHASE,1.8315,-1.1864,-55.5799,35.8154
442,11.329,-19.4188,18.2733,3.5551,1.8325,-1.179,1.2435,3.355,66.076,66.162,36.1244,-17.5185,0.2,0.0,0.0,0.0,1.8821,-1.233,1.3799,2.6394,-0.1167,0,0,0,0.684,0.338,0.662,0,0,0.0,4,SEARCH_PHASE,1.8325,-1.179,-55.5432,35.7918
443,11.353,-19.3821,18.2498,3.5809,1.8366,-1.1718,1.2914,3.441,66.033,66.119,36.1244,-17.5185,0.2,0.0,0.0,0.0,1.8809,-1.2348,1.4279,2.6648,-0.0889,0,0,0,0.685,0.339,0.661,0,0,0.0,4,SEARCH_PHASE,1.8366,-1.1718,-55.5065,35.7683
444,11.377,-19.3453,18.2265,3.6077,1.8391,-1.1671,1.3392,3.468,65.989,66.077,36.1244,-17.5185,0.2,0.0,0.0,0.0,1.8835,-1.2308,1.4759,2.6908,-0.1144,0,0,0,0.681,0.337,0.663,0,0,0.0,4,SEARCH_PHASE,1.8391,-1.1671,-55.4697,35.745
445,11.402,-19.3084,18.2032,3.6354,1.844,-1.1627,1.387,3.495,65.946,66.035,36.1244,-17.5185,0.2,0.0,0.0,0.0,1.883,-1.2316,1.5173,2.7138,-0.0871,0,0,0,0.681,0.339,0.661,0,0,0.0,4,SEARCH_PHASE,1.844,-1.1627,-55.4328,35.7217
446,11.427,-19.2715,18.18,3.6641,1.8466,-1.1611,1.4323,3.524,65.902,65.993,36.1244,-17.5185,0.2,0.0,0.0,0.0,1.8855,-1.2277,1.4693,2.6873,-0.1121,0,0,0,0.676,0.34,0.66,0,0,0.0,4,SEARCH_PHASE,1.8466,-1.1611,-55.3959,35.6985
447,11.452,-19.2345,18.1568,3.6929,1.8498,-1.1596,1.443,3.553,65.858,65.951,36.1244,-17.5185,0.2,0.0,0.0,0.0,1.886,-1.2269,1.4213,2.6613,-0.0876,0,0,0,0.675,0.338,0.662,0,0,0.0,4,SEARCH_PHASE,1.8498,-1.1596,-55.3589,35.6753
448,11.477,-19.1975,18.1336,3.7216,1.85,-1.16,1.4319,3.582,65.815,65.909,36.1244,-17.5185,0.2,0.0,0.0,0.0,1.8883,-1.2235,1.3733,2.636,-0.1066,0,0,0,0.67,0.335,0.665,0,0,0.0,4,SEARCH_PHASE,1.85,-1.16,-55.3219,35.6521
449,11.502,-19.1605,18.1104,3.7497,1.8507,-1.1608,1.4073,3.61,65.771,65.867,36.1244,-17.5185,0.2,0.0,0.0,0.0,1.889,-1.2223,1.3253,2.6113,-0.0849,0,0,0,0.668,0.338,0.662,0,0,0.0,4,SEARCH_PHASE,1.8507,-1.1608,-55.2849,35.6289
450,11.527,-19.1235,18.0872,3.7772,1.8491,-1.1631,1.3738,3.637,65.727,65.825,36.1244,-17.5185,0.2,0.0,0.0,0.0,1.8901,-1.2207,1.2773,2.5873,-0.0841,0,0,0,0.665,0.339,0.661,0,0,0.0,4,SEARCH_PHASE,1.8491,-1.1631,-55.2479,35.6057
451,11.552,-19.0865,18.0638,3.8039,1.8478,-1.1658,1.3352,3.664,65.684,65.783,36.1244,-17.5185,0.2,0.0,0.0,0.0,1.89,-1.2209,1.2293,2.5639,-0.0822,0,0,0,0.666,0.335,0.665,0,0,0.0,4,SEARCH_PHASE,1.8478,-1.1658,-55.2109,35.5823
452,11.577,-19.0496,18.0405,3.8297,1.846,-1.1687,1.2934,3.69,65.64,65.74,36.1244,-17.5185,0.2,0.0,0.0,0.0,1.8907,-1.2197,1.1813,2.5413,-0.0986,0,0,0,0.663,0.336,0.664,0,0,0.0,4,SEARCH_PHASE,1.846,-1.1687,-55.174,35.559
453,11.602,-19.0127,18.017,3.8547,1.8458,-1.1713,1.2489,3.715,65.596,65.698,36.1244,-17.5185,0.2,0.0,0.0,0.0,1.8907,-1.2197,1.1333,2.5193,-0.0786,0,0,0,0.664,0.339,0.661,0,0,0.0,4,SEARCH_PHASE,1.8458,-1.1713,-55.1371,35.5355
454,11.627,-18.9758,17.9935,3.8788,1.8453,-1.1747,1.2037,3.739,65.553,65.656,36.1244,-17.5185,0.2,0.0,0.0,0.0,1.8912,-1.2189,1.0853,2.4981,-0.1002,0,0,0,0.661,0.335,0.665,0,0,0.0,4,SEARCH_PHASE,1.8453,-1.1747,-55.1002,35.512
455,11.653,-18.9389,17.97,3.902,1.8461,-1.1779,1.1576,3.762,65.509,65.613,36.1244,-17.5185,0.2,0.0,0.0,0.0,1.8912,-1.2189,1.0373,2.4776,-0.0814,0,0,0,0.661,0.338,0.662,0,0,0.0,4,SEARCH_PHASE,1.8461,-1.1779,-55.0633,35.4885
456,11.677,-18.9019,17.9463,3.9242,1.8461,-1.1819,1.1108,3.784,65.465,65.571,36.1244,-17.5185,0.2,0.0,0.0,0.0,1.8912,-1.2189,0.9893,2.4579,-0.0975,0,0,0,0.657,0.334,0.666,0,0,0.0,4,SEARCH_PHASE,1.8461,-1.1819,-55.0264,35.4648
457,11.703,-18.865,17.9226,3.9454,1.8473,-1.1857,1.0637,3.805,65.421,65.528,36.1244,-17.5185,0.2,0.0,0.0,0.0,1.8912,-1.2189,0.9413,2.439,-0.0788,0,0,0,0.657,0.33,0.67,0,0,0.0,4,SEARCH_PHASE,1.8473,-1.1857,-54.9894,35.4411
458,11.727,-18.8281,17.8988,3.9658,1.8475,-1.1902,1.0163,3.826,65.377,65.485,36.1244,-17.5185,0.2,0.0,0.0,0.0,1.8912,-1.2189,0.8933,2.4209,-0.0955,0,0,0,0.653,0.329,0.671,0,0,0.0,4,SEARCH_PHASE,1.8475,-1.1902,-54.9525,35.4173
459,11.752,-18.7911,17.8749,3.9851,1.8486,-1.1942,0.9689,3.845,65.333,65.443,36.1244,-17.5185,0.2,0.0,0.0,0.0,1.8912,-1.2189,0.8453,2.4036,-0.0768,0,0,0,0.653,0.332,0.668,0,0,0.0,4,SEARCH_PHASE,1.8486,-1.1942,-54.9155,35.3934
460,11.776,-18.7541,17.851,4.0036,1.8486,-1.1986,0.9213,3.864,65.289,65.4,36.1244,-17.5185,0.2,0.0,0.0,0.0,1.8912,-1.2189,0.7973,2.3871,-0.0944,0,0,0,0.65,0.324,0.676,0,0,0.0,4,SEARCH_PHASE,1.8486,-1.1986,-54.8785,35.3695
461,11.8,-18.7171,17.8269,4.021,1.8494,-1.2024,0.8738,3.881,65.245,65.357,36.1244,-17.5185,0.2,0.0,0.0,0.0,1.8912,-1.2189,0.7493,2.3715,-0.0757,0,0,0,0.65,0.324,0.676,0,0,0.0,4,SEARCH_PHASE,1.8494,-1.2024,-54.8415,35.3454
462,11.825,-18.6801,17.8028,4.0376,1.8489,-1.2064,0.8261,3.898,65.201,65.314,36.1244,-17.5185,0.2,0.0,0.0,0.0,1.8912,-1.2189,0.7013,2.3568,-0.0952,0,0,0,0.649,0.32,0.68,0,0,0.0,4,SEARCH_PHASE,1.8489,-1.2064,-54.8046,35.3213
463,11.85,-18.6432,17.7786,4.0531,1.849,-1.2096,0.7785,3.913,65.157,65.27,36.1244,-17.5185,0.2,0.0,0.0,0.0,1.8912,-1.2189,0.6533,2.3429,-0.0766,0,0,0,0.649,0.322,0.678,0,0,0.0,4,SEARCH_PHASE,1.849,-1.2096,-54.7676,35.2971
464,11.874,-18.6062,17.7543,4.0678,1.848,-1.213,0.731,3.928,65.112,65.227,36.1244,-17.5185,0.2,0.0,0.0,0.0,1.8913,-1.2189,0.6053,2.33,-0.0985,0,0,0,0.644,0.32,0.68,0,0,0.0,4,SEARCH_PHASE,1.848,-1.213,-54.7306,35.2728
465,11.899,-18.5692,17.73,4.0814,1.848,-1.2155,0.6834,3.941,65.068,65.184,36.1244,-17.5185,0.2,0.0,0.0,0.0,1.8913,-1.2189,0.5573,2.318,-0.0799,0,0,0,0.644,0.324,0.676,0,0,0.0,4,SEARCH_PHASE,1.848,-1.2155,-54.6937,35.2485
466,11.923,-18.5323,17.7057,4.0941,1.8467,-1.2183,0.6355,3.954,65.024,65.14,36.1244,-17.5185,0.2,0.0,0.0,0.0,1.8913,-1.2189,0.5093,2.3069,-0.0936,0,0,0,0.642,0.322,0.678,0,0,0.0,4,SEARCH_PHASE,1.8467,-1.2183,-54.6567,35.2242
467,11.947,-18.4954,17.6813,4.1059,1.8459,-1.2202,0.588,3.966,64.98,65.097,36.1244,-17.5185,0.2,0.0,0.0,0.0,1.8913,-1.2188,0.4613,2.2968,-0.0751,0,0,0,0.643,0.327,0.673,0,0,0.0,4,SEARCH_PHASE,1.8459,-1.2202,-54.6198,35.1998
468,11.97,-18.4585,17.6568,4.1167,1.8448,-1.222,0.5406,3.977,64.935,65.053,36.1244,-17.5185,0.2,0.0,0.0,0.0,1.8913,-1.2188,0.4133,2.2877,-0.0984,0,0,0,0.641,0.328,0.672,0,0,0.0,4,SEARCH_PHASE,1.8448,-1.222,-54.5829,35.1753
469,11.994,-18.4216,17.6324,4.1266,1.8451,-1.2225,0.493,3.987,64.891,65.01,36.1244,-17.5185,0.2,0.0,0.0,0.0,1.8913,-1.2188,0.3653,2.2795,-0.0795,0,0,0,0.642,0.328,0.672,0,0,0.0,4,SEARCH_PHASE,1.8451,-1.2225,-54.546,35.1509
470,12.018,-18.3847,17.6079,4.1355,1.8448,-1.2229,0.4454,3.995,64.847,64.966,36.1244,-17.5185,0.2,0.0,0.0,0.0,1.8913,-1.2188,0.3173,2.2723,-0.1028,0,0,0,0.638,0.326,0.674,0,0,0.0,4,SEARCH_PHASE,1.8448,-1.2229,-54.5091,35.1264
471,12.042,-18.3478,17.5835,4.1434,1.8456,-1.2222,0.3978,4.003,64.803,64.922,36.1244,-17.5185,0.2,0.0,0.0,0.0,1.8913,-1.2188,0.2693,2.2661,-0.0833,0,0,0,0.639,0.328,0.672,0,0,0.0,4,SEARCH_PHASE,1.8456,-1.2222,-54.4722,35.102
472,12.066,-18.3109,17.559,4.1504,1.8453,-1.2216,0.3497,4.01,64.758,64.879,36.1244,-17.5185,0.2,0.0,0.0,0.0,1.8913,-1.2188,0.2213,2.2609,-0.1036,0,0,0,0.636,0.325,0.675,0,0,0.0,4,SEARCH_PHASE,1.8453,-1.2216,-54.4353,35.0775
473,12.091,-18.274,17.5346,4.1565,1.846,-1.2199,0.3023,4.016,64.714,64.835,36.1244,-17.5185,0.2,0.0,0.0,0.0,1.8913,-1.2187,0.1733,2.2567,-0.0818,0,0,0,0.637,0.327,0.673,0,0,0.0,4,SEARCH_PHASE,1.846,-1.2199,-54.3984,35.0531
474,12.116,-18.237,17.5103,4.1616,1.8455,-1.2184,0.2547,4.022,64.67,64.791,36.1244,-17.5185,0.2,0.0,0.0,0.0,1.8914,-1.2187,0.1253,2.2535,-0.1053,0,0,0,0.633,0.324,0.676,0,0,0.0,4,SEARCH_PHASE,1.8455,-1.2184,-54.3615,35.0288
475,12.141,-18.2001,17.486,4.1657,1.8458,-1.216,0.2072,4.026,64.626,64.747,36.1244,-17.5185,0.2,0.0,0.0,0.0,1.8914,-1.2187,0.0773,2.2513,-0.0839,0,0,0,0.635,0.328,0.672,0,0,0.0,4,SEARCH_PHASE,1.8458,-1.216,-54.3245,35.0045
476,12.166,-18.1632,17.4617,4.1689,1.8454,-1.214,0.1597,4.029,64.581,64.703,36.1244,-17.5185,0.2,0.0,0.0,0.0,1.8914,-1.2187,0.0293,2.2502,-0.105,0,0,0,0.632,0.332,0.668,0,0,0.0,4,SEARCH_PHASE,1.8454,-1.214,-54.2876,34.9802
477,12.192,-18.1263,17.4374,4.1711,1.8461,-1.2114,0.1121,4.031,64.537,64.659,36.1244,-17.5185,0.2,0.0,0.0,0.0,1.8914,-1.2187,-0.0187,2.2501,-0.0839,0,0,0,0.634,0.337,0.663,0,0,0.0,4,SEARCH_PHASE,1.8461,-1.2114,-54.2507,34.9559
478,12.217,-18.0894,17.4133,4.1724,1.8459,-1.2093,0.0645,4.032,64.493,64.615,36.1244,-17.5185,0.2,0.0,0.0,0.0,1.8914,-1.2187,-0.0667,2.251,-0.1049,0,0,0,0.626,0.335,0.665,0,0,0.0,4,SEARCH_PHASE,1.8459,-1.2093,-54.2138,34.9318
479,12.244,-18.0525,17.3891,4.1728,1.8465,-1.2068,0.0168,4.033,64.449,64.571,36.1244,-17.5185,0.2,0.0,0.0,0.0,1.8914,-1.2187,-0.1147,2.2529,-0.0842,0,0,0,0.627,0.335,0.665,0,0,0.0,4,SEARCH_PHASE,1.8465,-1.2068,-54.1769,34.9076
480,12.27,-18.0155,17.365,4.1722,1.8458,-1.2049,-0.031,4.032,64.405,64.527,36.1244,-17.5185,0.2,0.0,0.0,0.0,1.8914,-1.2187,-0.1627,2.2559,-0.1091,0,0,0,0.627,0.336,0.664,0,0,0.0,4,SEARCH_PHASE,1.8458,-1.2049,-54.1399,34.8835
481,12.297,-17.9786,17.341,4.1706,1.8458,-1.2026,-0.0786,4.031,64.361,64.483,36.1244,-17.5185,0.2,0.0,0.0,0.0,1.8914,-1.2187,-0.2107,2.2598,-0.0885,0,0,0,0.631,0.34,0.66,0,0,0.0,4,SEARCH_PHASE,1.8458,-1.2026,-54.103,34.8595
482,12.325,-17.9417,17.3169,4.1681,1.8452,-1.2013,-0.1261,4.028,64.317,64.439,36.1244,-17.5185,0.2,0.0,0.0,0.0,1.8914,-1.2187,-0.2587,2.2648,-0.1092,0,0,0,0.631,0.339,0.661,0,0,0.0,4,SEARCH_PHASE,1.8452,-1.2013,-54.0661,34.8354
483,12.352,-17.9048,17.2929,4.1646,1.8461,-1.2001,-0.1738,4.025,64.273,64.395,36.1244,-17.5185,0.2,0.0,0.0,0.0,1.8914,-1.2186,-0.3067,2.2708,-0.089,0,0,0,0.634,0.343,0.657,0,0,0.0,4,SEARCH_PHASE,1.8461,-1.2001,-54.0292,34.8114
484,12.379,-17.8679,17.2689,4.1602,1.8462,-1.1999,-0.2216,4.02,64.229,64.351,36.1244,-17.5185,0.2,0.0,0.0,0.0,1.8914,-1.2186,-0.3547,2.2778,-0.0956,0,0,0,0.63,0.339,0.661,0,0,0.0,4,SEARCH_PHASE,1.8462,-1.1999,-53.9923,34.7874
485,12.406,-17.8309,17.2449,4.1548,1.8474,-1.1999,-0.2693,4.015,64.185,64.306,36.1244,-17.5185,0.2,0.0,0.0,0.0,1.8914,-1.2186,-0.4027,2.2857,-0.0756,0,0,0,0.635,0.345,0.655,0,0,0.0,4,SEARCH_PHASE,1.8474,-1.1999,-53.9553,34.7634
486,12.433,-17.794,17.2209,4.1484,1.8478,-1.2002,-0.3169,4.008,64.141,64.262,36.1244,-17.5185,0.2,0.0,0.0,0.0,1.8914,-1.2186,-0.4507,2.2947,-0.0965,0,0,0,0.635,0.343,0.657,0,0,0.0,4,SEARCH_PHASE,1.8478,-1.2002,-53.9184,34.7394
487,12.459,-17.757,17.1969,4.1411,1.8494,-1.1998,-0.3646,4.001,64.097,64.218,36.1244,-17.5185,0.2,0.0,0.0,0.0,1.8914,-1.2186,-0.4987,2.3046,-0.0766,0,0,0,0.633,0.348,0.652,0,0,0.0,4,SEARCH_PHASE,1.8494,-1.1998,-53.8814,34.7155
488,12.486,-17.72,17.173,4.1329,1.8499,-1.1999,-0.4122,3.993,64.052,64.173,36.1244,-17.5185,0.2,0.0,0.0,0.0,1.8914,-1.2186,-0.5467,2.3155,-0.0975,0,0,0,0.634,0.346,0.654,0,0,0.0,4,SEARCH_PHASE,1.8499,-1.1999,-53.8444,34.6915
489,12.512,-17.683,17.149,4.1237,1.8512,-1.1994,-0.4599,3.984,64.008,64.128,36.1244,-17.5185,0.2,0.0,0.0,0.0,1.8914,-1.2186,-0.5947,2.3273,-0.0779,0,0,0,0.636,0.348,0.652,0,0,0.0,4,SEARCH_PHASE,1.8512,-1.1994,-53.8074,34.6675
490,12.539,-17.6459,17.125,4.1135,1.8512,-1.1995,-0.5076,3.974,63.964,64.084,36.1244,-17.5185,0.2,0.0,0.0,0.0,1.8914,-1.2186,-0.6427,2.34,-0.1006,0,0,0,0.646,0.345,0.655,0,0,0.0,4,SEARCH_PHASE,1.8512,-1.1995,-53.7703,34.6435
491,12.565,-17.6089,17.101,4.1024,1.8518,-1.1992,-0.5553,3.962,63.92,64.039,36.1244,-17.5185,0.2,0.0,0.0,0.0,1.8914,-1.2186,-0.6907,2.3536,-0.0814,0,0,0,0.642,0.345,0.655,0,0,0.0,4,SEARCH_PHASE,1.8518,-1.1992,-53.7333,34.6195
492,12.593,-17.5719,17.077,4.0904,1.8512,-1.1996,-0.603,3.95,63.876,63.994,36.1244,-17.5185,0.2,0.0,0.0,0.0,1.8914,-1.2186,-0.7387,2.3681,-0.0952,0,0,0,0.651,0.344,0.656,0,0,0.0,4,SEARCH_PHASE,1.8512,-1.1996,-53.6963,34.5955
493,12.619,-17.5348,17.053,4.0774,1.8513,-1.1999,-0.6506,3.937,63.832,63.949,36.1244,-17.5185,0.2,0.0,0.0,0.0,1.8914,-1.2186,-0.7867,2.3836,-0.0762,0,0,0,0.654,0.346,0.654,0,0,0.0,4,SEARCH_PHASE,1.8513,-1.1999,-53.6593,34.5715
494,12.646,-17.4978,17.029,4.0634,1.8502,-1.2006,-0.6983,3.923,63.788,63.905,36.1244,-17.5185,0.2,0.0,0.0,0.0,1.8914,-1.2186,-0.8347,2.3998,-0.0997,0,0,0,0.656,0.346,0.654,0,0,0.0,4,SEARCH_PHASE,1.8502,-1.2006,-53.6223,34.5475
495,12.673,-17.4608,17.005,4.0485,1.8497,-1.2008,-0.7459,3.908,63.744,63.86,36.1244,-17.5185,0.2,0.0,0.0,0.0,1.8914,-1.2186,-0.8827,2.4169,-0.081,0,0,0,0.658,0.345,0.655,0,0,0.0,4,SEARCH_PHASE,1.8497,-1.2008,-53.5853,34.5235
496,12.699,-17.4239,16.9809,4.0326,1.8483,-1.2018,-0.7936,3.893,63.7,63.815,36.1244,-17.5185,0.2,0.0,0.0,0.0,1.8914,-1.2186,-0.9307,2.4349,-0.0932,0,0,0,0.661,0.349,0.651,0,0,0.0,4,SEARCH_PHASE,1.8483,-1.2018,-53.5483,34.4994
497,12.726,-17.3869,16.9569,4.0158,1.8479,-1.2025,-0.8412,3.876,63.655,63.77,36.1244,-17.5185,0.2,0.0,0.0,0.0,1.8911,-1.2191,-0.9787,2.4536,-0.0746,0,0,0,0.663,0.349,0.651,0,0,0.0,4,SEARCH_PHASE,1.8479,-1.2025,-53.5113,34.4754
498,12.753,-17.35,16.9328,3.998,1.8466,-1.2035,-0.8888,3.858,63.611,63.725,36.1244,-17.5185,0.2,0.0,0.0,0.0,1.8903,-1.2204,-1.0267,2.4732,-0.0956,0,0,0,0.666,0.354,0.646,0,0,0.0,4,SEARCH_PHASE,1.8466,-1.2035,-53.4744,34.4513
499,12.781,-17.3131,16.9087,3.9793,1.8461,-1.2039,-0.9364,3.839,63.567,63.68,36.1244,-17.5185,0.2,0.0,0.0,0.0,1.8895,-1.2216,-1.0747,2.4935,-0.0771,0,0,0,0.669,0.352,0.648,0,0,0.0,4,SEARCH_PHASE,1.8461,-1.2039,-53.4375,34.4272
500,12.808,-17.2762,16.8846,3.9596,1.8445,-1.2048,-0.9841,3.82,63.523,63.634,36.1244,-17.5185,0.2,0.0,0.0,0.0,1.8887,-1.2228,-1.1227,2.5145,-0.1021,0,0,0,0.671,0.352,0.648,0,0,0.0,4,SEARCH_PHASE,1.8445,-1.2048,-53.4006,34.4031
501,12.836,-17.2393,16.8605,3.939,1.8434,-1.2051,-1.0317,3.799,63.479,63.589,36.1244,-17.5185,0.2,0.0,0.0,0.0,1.8893,-1.2219,-1.1707,2.5363,-0.0838,0,0,0,0.666,0.359,0.641,0,0,0.0,4,SEARCH_PHASE,1.8434,-1.2051,-53.3637,34.379
502,12.863,-17.2025,16.8364,3.9174,1.8419,-1.2061,-1.0794,3.777,63.435,63.544,36.1244,-17.5185,0.2,0.0,0.0,0.0,1.8877,-1.2243,-1.2187,2.5588,-0.0944,0,0,0,0.669,0.358,0.642,0,0,0.0,4,SEARCH_PHASE,1.8419,-1.2061,-53.3269,34.3549
503,12.889,-17.1656,16.8123,3.8948,1.8416,-1.207,-1.1269,3.755,63.391,63.499,36.1244,-17.5185,0.2,0.0,0.0,0.0,1.8877,-1.2243,-1.2667,2.582,-0.0759,0,0,0,0.67,0.366,0.634,0,0,0.0,4,SEARCH_PHASE,1.8416,-1.207,-53.2901,34.3308
504,12.916,-17.1288,16.7881,3.8713,1.8407,-1.2082,-1.1745,3.731,63.347,63.453,36.1244,-17.5185,0.2,0.0,0.0,0.0,1.8835,-1.2308,-1.3147,2.6059,-0.0976,0,0,0,0.673,0.364,0.636,0,0,0.0,4,SEARCH_PHASE,1.8407,-1.2082,-53.2532,34.3066
505,12.943,-17.092,16.7639,3.8469,1.8411,-1.2086,-1.2221,3.707,63.303,63.408,36.1244,-17.5185,0.2,0.0,0.0,0.0,1.8863,-1.2265,-1.3627,2.6305,-0.0791,0,0,0,0.666,0.367,0.633,0,0,0.0,4,SEARCH_PHASE,1.8411,-1.2086,-53.2164,34.2824
506,12.971,-17.0552,16.7398,3.8215,1.8406,-1.2093,-1.2696,3.682,63.259,63.363,36.1244,-17.5185,0.2,0.0,0.0,0.0,1.8804,-1.2355,-1.4107,2.6556,-0.1011,0,0,0,0.67,0.37,0.63,0,0,0.0,4,SEARCH_PHASE,1.8406,-1.2093,-53.1796,34.2583
507,12.998,-17.0184,16.7156,3.7952,1.8411,-1.2095,-1.3172,3.655,63.215,63.317,36.1244,-17.5185,0.2,0.0,0.0,0.0,1.8808,-1.235,-1.4587,2.6815,-0.0825,0,0,0,0.671,0.372,0.628,0,0,0.0,4,SEARCH_PHASE,1.8411,-1.2095,-53.1428,34.2341
508,13.025,-16.9816,16.6914,3.7679,1.8404,-1.2101,-1.3648,3.628,63.171,63.272,36.1244,-17.5185,0.2,0.0,0.0,0.0,1.8736,-1.2458,-1.5,2.7042,-0.1051,0,0,0,0.674,0.374,0.626,0,0,0.0,4,SEARCH_PHASE,1.8404,-1.2101,-53.106,34.2099
509,13.052,-16.9448,16.6672,3.7397,1.8405,-1.2103,-1.4099,3.6,63.127,63.226,36.1244,-17.5185,0.2,0.0,0.0,0.0,1.8703,-1.2507,-1.452,2.6778,-0.0864,0,0,0,0.676,0.375,0.625,0,0,0.0,4,SEARCH_PHASE,1.8405,-1.2103,-53.0692,34.1857
510,13.08,-16.9079,16.6429,3.7113,1.8402,-1.2121,-1.4204,3.571,63.083,63.18,36.1244,-17.5185,0.2,0.0,0.0,0.0,1.8599,-1.2662,-1.404,2.6521,-0.1116,0,0,0,0.685,0.377,0.623,0,0,0.0,4,SEARCH_PHASE,1.8402,-1.2121,-53.0324,34.1614
511,13.108,-16.8711,16.6186,3.6831,1.8411,-1.214,-1.4091,3.543,63.039,63.135,36.1244,-17.5185,0.2,0.0,0.0,0.0,1.8598,-1.2664,-1.356,2.627,-0.0893,0,0,0,0.682,0.379,0.621,0,0,0.0,4,SEARCH_PHASE,1.8411,-1.214,-52.9955,34.1371
512,13.136,-16.8343,16.5943,3.6554,1.8397,-1.2176,-1.385,3.515,62.995,63.089,36.1244,-17.5185,0.2,0.0,0.0,0.0,1.8588,-1.2678,-1.308,2.6026,-0.1146,0,0,0,0.691,0.378,0.622,0,0,0.0,4,SEARCH_PHASE,1.8397,-1.2176,-52.9587,34.1128
513,13.164,-16.7976,16.5699,3.6284,1.839,-1.221,-1.3514,3.488,62.95,63.044,36.1244,-17.5185,0.2,0.0,0.0,0.0,1.8439,-1.2894,-1.26,2.5788,-0.0888,0,0,0,0.693,0.383,0.617,0,0,0.0,4,SEARCH_PHASE,1.839,-1.221,-52.922,34.0884
514,13.192,-16.7608,16.5453,3.6021,1.8358,-1.2263,-1.3126,3.462,62.906,62.998,36.1244,-17.5185,0.2,0.0,0.0,0.0,1.8448,-1.2881,-1.212,2.5557,-0.1137,0,0,0,0.699,0.379,0.621,0,0,0.0,4,SEARCH_PHASE,1.8358,-1.2263,-52.8852,34.0638
515,13.22,-16.7242,16.5207,3.5767,1.8335,-1.2315,-1.2706,3.437,62.862,62.953,36.1244,-17.5185,0.2,0.0,0.0,0.0,1.8382,-1.2975,-1.164,2.5333,-0.0881,0,0,0,0.702,0.386,0.614,0,0,0.0,4,SEARCH_PHASE,1.8335,-1.2315,-52.8486,34.0392
516,13.247,-16.6876,16.4959,3.5522,1.828,-1.2387,-1.2268,3.412,62.818,62.907,36.1244,-17.5185,0.2,0.0,0.0,0.0,1.8314,-1.3071,-1.116,2.5116,-0.0931,0,0,0,0.704,0.387,0.613,0,0,0.0,4,SEARCH_PHASE,1.828,-1.2387,-52.812,34.0144
517,13.275,-16.6511,16.471,3.5285,1.8229,-1.2459,-1.1813,3.389,62.774,62.862,36.1244,-17.5185,0.2,0.0,0.0,0.0,1.8145,-1.3305,-1.068,2.4906,-0.0683,0,0,0,0.703,0.391,0.609,0,0,0.0,4,SEARCH_PHASE,1.8229,-1.2459,-52.7756,33.9895
518,13.302,-16.6148,16.4459,3.5058,1.8162,-1.2533,-1.1349,3.366,62.73,62.817,36.1244,-17.5185,0.2,0.0,0.0,0.0,1.8282,-1.3115,-1.02,2.4704,-0.0927,0,0,0,0.704,0.388,0.612,0,0,0.0,4,SEARCH_PHASE,1.8162,-1.2533,-52.7392,33.9644
519,13.33,-16.5786,16.4208,3.4841,1.8117,-1.2587,-1.0884,3.344,62.686,62.772,36.1244,-17.5185,0.2,0.0,0.0,0.0,1.8081,-1.3391,-0.972,2.451,-0.0686,0,0,0,0.704,0.393,0.607,0,0,0.0,4,SEARCH_PHASE,1.8117,-1.2587,-52.703,33.9393
520,13.358,-16.5425,16.3955,3.4632,1.8051,-1.2646,-1.0412,3.323,62.642,62.726,36.1244,-17.5185,0.2,0.0,0.0,0.0,1.8007,-1.3491,-0.924,2.4323,-0.0937,0,0,0,0.707,0.397,0.603,0,0,0.0,4,SEARCH_PHASE,1.8051,-1.2646,-52.6669,33.914
521,13.385,-16.5065,16.3701,3.4434,1.8003,-1.2686,-0.9937,3.303,62.598,62.681,36.1244,-17.5185,0.2,0.0,0.0,0.0,1.7961,-1.3552,-0.876,2.4145,-0.0717,0,0,0,0.71,0.395,0.605,0,0,0.0,4,SEARCH_PHASE,1.8003,-1.2686,-52.6309,33.8886
522,13.413,-16.4706,16.3446,3.4244,1.7928,-1.2732,-0.9464,3.284,62.554,62.637,36.1244,-17.5185,0.2,0.0,0.0,0.0,1.7877,-1.3663,-0.828,2.3975,-0.0999,0,0,0,0.712,0.399,0.601,0,0,0.0,4,SEARCH_PHASE,1.7928,-1.2732,-52.595,33.8631
523,13.441,-16.4349,16.3191,3.4065,1.7867,-1.2763,-0.8987,3.266,62.51,62.592,36.1244,-17.5185,0.2,0.0,0.0,0.0,1.758,-1.404,-0.78,2.3813,-0.0765,0,0,0,0.714,0.399,0.601,0,0,0.0,4,SEARCH_PHASE,1.7867,-1.2763,-52.5593,33.8376
524,13.47,-16.3993,16.2935,3.3895,1.7786,-1.2805,-0.851,3.249,62.466,62.547,36.1244,-17.5185,0.2,0.0,0.0,0.0,1.7566,-1.406,-0.732,2.3661,-0.1016,0,0,0,0.717,0.401,0.599,0,0,0.0,4,SEARCH_PHASE,1.7786,-1.2805,-52.5237,33.812
525,13.498,-16.3639,16.2678,3.3734,1.7725,-1.2838,-0.8033,3.233,62.422,62.503,36.1244,-17.5185,0.2,0.0,0.0,0.0,1.7566,-1.4061,-0.684,2.3517,-0.087,0,0,0,0.716,0.399,0.601,0,0,0.0,4,SEARCH_PHASE,1.7725,-1.2838,-52.4883,33.7863
526,13.527,-16.3286,16.2421,3.3583,1.7641,-1.2884,-0.7556,3.218,62.379,62.459,36.1244,-17.5185,0.2,0.0,0.0,0.0,1.7688,-1.3906,-0.636,2.3382,-0.1121,0,0,0,0.702,0.396,0.604,0,0,0.0,4,SEARCH_PHASE,1.7641,-1.2884,-52.453,33.7606
527,13.556,-16.2934,16.2162,3.3441,1.757,-1.293,-0.7081,3.204,62.335,62.414,36.1244,-17.5185,0.2,0.0,0.0,0.0,1.769,-1.3904,-0.588,2.3256,-0.089,0,0,0,0.705,0.398,0.602,0,0,0.0,4,SEARCH_PHASE,1.757,-1.293,-52.4179,33.7347
528,13.585,-16.2585,16.1902,3.3309,1.7468,-1.3,-0.661,3.191,62.292,62.37,36.1244,-17.5185,0.2,0.0,0.0,0.0,1.7467,-1.4183,-0.54,2.3139,-0.1049,0,0,0,0.708,0.406,0.594,0,0,0.0,4,SEARCH_PHASE,1.7468,-1.3,-52.3829,33.7087
529,13.614,-16.2238,16.1641,3.3186,1.7374,-1.3072,-0.6133,3.179,62.248,62.326,36.1244,-17.5185,0.2,0.0,0.0,0.0,1.7525,-1.4111,-0.492,2.3032,-0.0682,0,0,0,0.71,0.401,0.599,0,0,0.0,4,SEARCH_PHASE,1.7374,-1.3072,-52.3482,33.6826
530,13.644,-16.1892,16.1377,3.3073,1.729,-1.316,-0.5657,3.167,62.205,62.283,36.1244,-17.5185,0.2,0.0,0.0,0.0,1.726,-1.4434,-0.444,2.2934,-0.1098,0,0,0,0.713,0.409,0.591,0,0,0.0,4,SEARCH_PHASE,1.729,-1.316,-52.3136,33.6562
531,13.673,-16.1548,16.1113,3.297,1.7201,-1.3228,-0.5178,3.157,62.162,62.239,36.1244,-17.5185,0.2,0.0,0.0,0.0,1.7238,-1.4461,-0.396,2.2846,-0.0671,0,0,0,0.714,0.402,0.598,0,0,0.0,4,SEARCH_PHASE,1.7201,-1.3228,-52.2792,33.6298
532,13.703,-16.1205,16.0847,3.2876,1.7128,-1.3316,-0.4701,3.148,62.118,62.195,36.1244,-17.5185,0.2,0.0,0.0,0.0,1.6966,-1.4779,-0.348,2.2768,-0.1088,0,0,0,0.718,0.412,0.588,0,0,0.0,4,SEARCH_PHASE,1.7128,-1.3316,-52.2449,33.6032
533,13.732,-16.0864,16.0579,3.2791,1.7045,-1.3383,-0.4223,3.139,62.075,62.152,36.1244,-17.5185,0.2,0.0,0.0,0.0,1.6964,-1.478,-0.3,2.2699,-0.0863,0,0,0,0.718,0.405,0.595,0,0,0.0,4,SEARCH_PHASE,1.7045,-1.3383,-52.2108,33.5764
534,13.762,-16.0525,16.0309,3.2716,1.6973,-1.3469,-0.3745,3.132,62.032,62.108,36.1244,-17.5185,0.2,0.0,0.0,0.0,1.6644,-1.5138,-0.252,2.2639,-0.1241,0,0,0,0.721,0.413,0.587,0,0,0.0,4,SEARCH_PHASE,1.6973,-1.3469,-52.1769,33.5495
535,13.791,-16.0187,16.0038,3.2651,1.6883,-1.3554,-0.3263,3.125,61.989,62.065,36.1244,-17.5185,0.2,0.0,0.0,0.0,1.6834,-1.4929,-0.204,2.2592,-0.0783,0,0,0,0.721,0.409,0.591,0,0,0.0,4,SEARCH_PHASE,1.6883,-1.3554,-52.1431,33.5223
536,13.822,-15.9851,15.9765,3.2595,1.6797,-1.3672,-0.279,3.12,61.946,62.022,36.1244,-17.5185,0.2,0.0,0.0,0.0,1.6511,-1.5283,-0.156,2.2553,-0.1195,0,0,0,0.723,0.414,0.586,0,0,0.0,4,SEARCH_PHASE,1.6797,-1.3672,-52.1095,33.495
537,13.852,-15.9518,15.9489,3.2549,1.6691,-1.3782,-0.2312,3.115,61.903,61.978,36.1244,-17.5185,0.2,0.0,0.0,0.0,1.6182,-1.5633,-0.108,2.2525,-0.0813,0,0,0,0.725,0.417,0.583,0,0,0.0,4,SEARCH_PHASE,1.6691,-1.3782,-52.0762,33.4674
538,13.882,-15.9186,15.9211,3.2512,1.6585,-1.3922,-0.1833,3.111,61.86,61.935,36.1244,-17.5185,0.2,0.0,0.0,0.0,1.5844,-1.5974,-0.06,2.2507,-0.1201,0,0,0,0.728,0.423,0.577,0,0,0.0,4,SEARCH_PHASE,1.6585,-1.3922,-52.043,33.4396
539,13.913,-15.8856,15.893,3.2485,1.6477,-1.4055,-0.1349,3.109,61.817,61.892,36.1244,-17.5185,0.2,0.0,0.0,0.0,1.5498,-1.6306,-0.012,2.2496,-0.0742,0,0,0,0.728,0.42,0.58,0,0,0.0,4,SEARCH_PHASE,1.6477,-1.4055,-52.01,33.4115
540,13.943,-15.8529,15.8645,3.2468,1.6379,-1.4221,-0.0868,3.107,61.774,61.849,36.1244,-17.5185,0.2,0.0,0.0,0.0,1.5145,-1.6631,0.036,2.2497,-0.1153,0,0,0,0.73,0.426,0.574,0,0,0.0,4,SEARCH_PHASE,1.6379,-1.4221,-51.9773,33.383
541,13.973,-15.8203,15.8358,3.246,1.6266,-1.4373,-0.0384,3.106,61.731,61.807,36.1244,-17.5185,0.2,0.0,0.0,0.0,1.4773,-1.6935,0.084,2.2489,-0.0992,0,0,0,0.737,0.423,0.577,0,0,0.0,4,SEARCH_PHASE,1.6266,-1.4373,-51.9447,33.3543
542,14.004,-15.788,15.8067,3.2462,1.6158,-1.4552,0.0101,3.106,61.688,61.764,36.1244,-17.5185,0.2,0.0,0.0,0.0,1.439,-1.7225,0.132,2.2484,-0.1292,0,0,0,0.741,0.43,0.57,0,0,0.0,4,SEARCH_PHASE,1.6158,-1.4552,-51.9124,33.3252
543,14.034,-15.756,15.7772,3.2474,1.6024,-1.4746,0.0587,3.107,61.646,61.721,36.1244,-17.5185,0.2,0.0,0.0,0.0,1.401,-1.7517,0.18,2.2502,-0.0831,0,0,0,0.746,0.424,0.576,0,0,0.0,4,SEARCH_PHASE,1.6024,-1.4746,-51.8804,33.2957
544,14.065,-15.7242,15.7472,3.2495,1.5891,-1.4981,0.1069,3.11,61.603,61.678,36.1244,-17.5185,0.2,0.0,0.0,0.0,1.3612,-1.7787,0.228,2.2514,-0.1183,0,0,0,0.744,0.425,0.575,0,0,0.0,4,SEARCH_PHASE,1.5891,-1.4981,-51.8486,33.2657
545,14.094,-15.6927,15.7168,3.2526,1.5732,-1.5215,0.1555,3.113,61.56,61.635,36.1244,-17.5185,0.2,0.0,0.0,0.0,1.3212,-1.8051,0.276,2.2539,-0.0746,0,0,0,0.746,0.414,0.586,0,0,0.0,4,SEARCH_PHASE,1.5732,-1.5215,-51.8171,33.2353
546,14.125,-15.6616,15.6858,3.2567,1.5549,-1.5483,0.2038,3.117,61.517,61.593,36.1244,-17.5185,0.2,0.0,0.0,0.0,1.2796,-1.8291,0.324,2.2557,-0.1141,0,0,0,0.747,0.418,0.582,0,0,0.0,4,SEARCH_PHASE,1.5549,-1.5483,-51.786,33.2043
547,14.155,-15.631,15.6544,3.2618,1.5324,-1.574,0.2523,3.122,61.474,61.55,36.1244,-17.5185,0.2,0.0,0.0,0.0,1.2372,-1.8516,0.372,2.2578,-0.0685,0,0,0,0.746,0.413,0.587,0,0,0.0,4,SEARCH_PHASE,1.5324,-1.574,-51.7554,33.1729
548,14.185,-15.6008,15.6223,3.2678,1.5081,-1.603,0.3004,3.128,61.431,61.508,36.1244,-17.5185,0.2,0.0,0.0,0.0,1.1932,-1.8708,0.42,2.2583,-0.1069,0,0,0,0.751,0.419,0.581,0,0,0.0,4,SEARCH_PHASE,1.5081,-1.603,-51.7252,33.1408
549,14.215,-15.5712,15.5897,3.2747,1.4793,-1.6305,0.3485,3.135,61.389,61.466,36.1244,-17.5185,0.2,0.0,0.0,0.0,1.1487,-1.8889,0.468,2.2598,-0.0619,0,0,0,0.751,0.414,0.586,0,0,0.0,4,SEARCH_PHASE,1.4793,-1.6305,-51.6956,33.1082
550,14.245,-15.5423,15.5565,3.2827,1.4482,-1.6607,0.3962,3.143,61.347,61.424,36.1244,-17.5185,0.2,0.0,0.0,0.0,1.1031,-1.9039,0.516,2.2601,-0.099,0,0,0,0.76,0.419,0.581,0,0,0.0,4,SEARCH_PHASE,1.4482,-1.6607,-51.6667,33.075
551,14.274,-15.514,15.5227,3.2915,1.4124,-1.689,0.4435,3.152,61.305,61.382,36.1244,-17.5185,0.2,0.0,0.0,0.0,1.056,-1.9128,0.564,2.2565,-0.0649,0,0,0,0.762,0.424,0.576,0,0,0.0,4,SEARCH_PHASE,1.4124,-1.689,-51.6384,33.0412
552,14.305,-15.4865,15.4883,3.3013,1.374,-1.7196,0.4904,3.161,61.263,61.341,36.1244,-17.5185,0.2,0.0,0.0,0.0,1.0089,-1.922,0.612,2.2553,-0.0941,0,0,0,0.763,0.423,0.577,0,0,0.0,4,SEARCH_PHASE,1.374,-1.7196,-51.611,33.0068
553,14.335,-15.4599,15.4533,3.3121,1.3332,-1.7488,0.5366,3.172,61.222,61.301,36.1244,-17.5185,0.2,0.0,0.0,0.0,0.9612,-1.9273,0.66,2.2525,-0.0688,0,0,0,0.764,0.419,0.581,0,0,0.0,4,SEARCH_PHASE,1.3332,-1.7488,-51.5843,32.9718
554,14.366,-15.4341,15.4177,3.3237,1.2894,-1.7802,0.5829,3.184,61.181,61.26,36.1244,-17.5185,0.2,0.0,0.0,0.0,0.9132,-1.9295,0.708,2.249,-0.0554,0,0,0,0.758,0.428,0.572,0,0,0.0,4,SEARCH_PHASE,1.2894,-1.7802,-51.5585,32.9362
555,14.396,-15.4092,15.3815,3.3363,1.245,-1.8108,0.6295,3.196,61.14,61.221,36.1244,-17.5185,0.2,0.0,0.0,0.0,0.8652,-1.9297,0.756,2.2459,-0.0733,0,0,0,0.76,0.424,0.576,0,0,0.0,4,SEARCH_PHASE,1.245,-1.8108,-51.5336,32.9
556,14.427,-15.3853,15.3447,3.3498,1.1969,-1.8395,0.6757,3.21,61.1,61.181,36.1244,-17.5185,0.2,0.0,0.0,0.0,0.8172,-1.931,0.804,2.2457,-0.0319,0,0,0,0.76,0.415,0.585,0,0,0.0,4,SEARCH_PHASE,1.1969,-1.8395,-51.5097,32.8632
557,14.458,-15.3623,15.3074,3.3643,1.1482,-1.8674,0.7224,3.224,61.061,61.143,36.1244,-17.5185,0.2,0.0,0.0,0.0,0.7692,-1.9311,0.852,2.2465,-0.0827,0,0,0,0.762,0.417,0.583,0,0,0.0,4,SEARCH_PHASE,1.1482,-1.8674,-51.4867,32.8259
558,14.488,-15.3404,15.2696,3.3797,1.0969,-1.8904,0.7687,3.24,61.022,61.105,36.1244,-17.5185,0.2,0.0,0.0,0.0,0.7213,-1.9335,0.9,2.2514,-0.0412,0,0,0,0.771,0.412,0.588,0,0,0.0,4,SEARCH_PHASE,1.0969,-1.8904,-51.4648,32.7881
559,14.519,-15.3194,15.2313,3.396,1.0455,-1.913,0.8151,3.256,60.984,61.067,36.1244,-17.5185,0.2,0.0,0.0,0.0,0.6733,-1.9341,0.948,2.2567,-0.0868,0,0,0,0.773,0.421,0.579,0,0,0.0,4,SEARCH_PHASE,1.0455,-1.913,-51.4439,32.7498
560,14.549,-15.2996,15.1927,3.4132,0.9914,-1.9312,0.8621,3.273,60.946,61.031,36.1244,-17.5185,0.2,0.0,0.0,0.0,0.6255,-1.939,0.996,2.2678,-0.0504,0,0,0,0.762,0.411,0.589,0,0,0.0,4,SEARCH_PHASE,0.9914,-1.9312,-51.424,32.7112
561,14.58,-15.2809,15.1537,3.4314,0.9372,-1.9494,0.9093,3.291,60.91,60.995,36.1244,-17.5185,0.2,0.0,0.0,0.0,0.5779,-1.9446,1.044,2.2815,-0.0842,0,0,0,0.763,0.403,0.597,0,0,0.0,4,SEARCH_PHASE,0.9372,-1.9494,-51.4053,32.6722
562,14.61,-15.2633,15.1144,3.4505,0.8808,-1.9628,0.956,3.311,60.874,60.96,36.1244,-17.5185,0.2,0.0,0.0,0.0,0.5301,-1.9495,1.092,2.2965,-0.0586,0,0,0,0.77,0.409,0.591,0,0,0.0,4,SEARCH_PHASE,0.8808,-1.9628,-51.3877,32.6329
563,14.642,-15.2468,15.0749,3.4706,0.8242,-1.976,1.003,3.331,60.839,60.926,36.1244,-17.5185,0.2,0.0,0.0,0.0,0.4824,-1.9547,1.14,2.3137,-0.0819,0,0,0,0.77,0.409,0.591,0,0,0.0,4,SEARCH_PHASE,0.8242,-1.976,-51.3712,32.5934
564,14.672,-15.2314,15.0352,3.4916,0.7684,-1.9854,1.0504,3.352,60.804,60.893,36.1244,-17.5185,0.2,0.0,0.0,0.0,0.4346,-1.9586,1.188,2.3316,-0.0657,0,0,0,0.772,0.406,0.594,0,0,0.0,4,SEARCH_PHASE,0.7684,-1.9854,-51.3558,32.5537
565,14.703,-15.2172,14.9953,3.5135,0.711,-1.994,1.0975,3.374,60.771,60.861,36.1244,-17.5185,0.2,0.0,0.0,0.0,0.3873,-1.9669,1.236,2.3551,-0.0845,0,0,0,0.769,0.402,0.598,0,0,0.0,4,SEARCH_PHASE,0.711,-1.994,-51.3416,32.5138
566,14.734,-15.2041,14.9553,3.5364,0.6561,-1.9996,1.1451,3.396,60.738,60.83,36.1244,-17.5185,0.2,0.0,0.0,0.0,0.3404,-1.9772,1.284,2.382,-0.0682,0,0,0,0.774,0.395,0.605,0,0,0.0,4,SEARCH_PHASE,0.6561,-1.9996,-51.3285,32.4738
567,14.766,-15.1921,14.9152,3.5603,0.5991,-2.0046,1.1922,3.42,60.707,60.8,36.1244,-17.5185,0.2,0.0,0.0,0.0,0.2975,-1.9986,1.332,2.4202,-0.0885,0,0,0,0.77,0.392,0.608,0,0,0.0,4,SEARCH_PHASE,0.5991,-2.0046,-51.3165,32.4337
568,14.797,-15.1812,14.8751,3.5851,0.5441,-2.0068,1.2395,3.445,60.676,60.771,36.1244,-17.5185,0.2,0.0,0.0,0.0,0.2528,-2.0162,1.38,2.4563,-0.0723,0,0,0,0.766,0.385,0.615,0,0,0.0,4,SEARCH_PHASE,0.5441,-2.0068,-51.3056,32.3936
569,14.828,-15.1715,14.8349,3.6108,0.4871,-2.0087,1.2862,3.471,60.647,60.742,36.1244,-17.5185,0.2,0.0,0.0,0.0,0.2084,-2.0345,1.428,2.4943,-0.0983,0,0,0,0.766,0.391,0.609,0,0,0.0,4,SEARCH_PHASE,0.4871,-2.0087,-51.2959,32.3534
570,14.858,-15.1628,14.7948,3.6375,0.4321,-2.008,1.3335,3.497,60.618,60.715,36.1244,-17.5185,0.2,0.0,0.0,0.0,0.1614,-2.0444,1.476,2.5267,-0.0876,0,0,0,0.76,0.392,0.608,0,0,0.0,4,SEARCH_PHASE,0.4321,-2.008,-51.2872,32.3133
571,14.889,-15.1553,14.7546,3.6651,0.378,-2.0081,1.3804,3.525,60.59,60.689,36.1244,-17.5185,0.2,0.0,0.0,0.0,0.1147,-2.0553,1.524,2.5612,-0.1103,0,0,0,0.76,0.391,0.609,0,0,0.0,4,SEARCH_PHASE,0.378,-2.0081,-51.2797,32.2731
572,14.919,-15.1487,14.7145,3.6937,0.3284,-2.007,1.4289,3.554,60.563,60.664,36.1244,-17.5185,0.2,0.0,0.0,0.0,0.0693,-2.0708,1.572,2.6008,-0.0835,0,0,0,0.762,0.387,0.613,0,0,0.0,4,SEARCH_PHASE,0.3284,-2.007,-51.2731,32.233
573,14.949,-15.1431,14.6743,3.7232,0.2792,-2.0074,1.4772,3.583,60.537,60.639,36.1244,-17.5185,0.2,0.0,0.0,0.0,0.034,-2.1034,1.62,2.6551,-0.0971,0,0,0,0.761,0.385,0.615,0,0,0.0,4,SEARCH_PHASE,0.2792,-2.0074,-51.2675,32.1928
574,14.978,-15.1384,14.6342,3.7537,0.2333,-2.0063,1.5253,3.614,60.512,60.616,36.1244,-17.5185,0.2,0.0,0.0,0.0,-0.0073,-2.1279,1.668,2.7037,-0.0701,0,0,0,0.76,0.381,0.619,0,0,0.0,4,SEARCH_PHASE,0.2333,-2.0063,-51.2628,32.1527
575,15.008,-15.1347,14.5941,3.7852,0.186,-2.0065,1.5727,3.645,60.487,60.593,36.1244,-17.5185,0.2,0.0,0.0,0.0,0.0345,-2.1515,1.7,2.7423,-0.0935,0,0,0,0.767,0.375,0.625,0,0,0.0,4,SEARCH_PHASE,0.186,-2.0065,-51.2591,32.1126
576,15.038,-15.1319,14.554,3.8174,0.143,-2.0052,1.613,3.677,60.464,60.572,36.1244,-17.5185,0.2,0.0,0.0,0.0,0.0746,-2.1778,1.7,2.7638,-0.124,0,0,0,0.766,0.383,0.617,0,0,0.0,4,SEARCH_PHASE,0.143,-2.0052,-51.2563,32.0725
577,15.067,-15.1298,14.5139,3.8502,0.1016,-2.0046,1.6369,3.71,60.441,60.551,36.1244,-17.5185,0.2,0.0,0.0,0.0,0.0413,-2.2124,1.7,2.7904,-0.1047,0,0,0,0.764,0.375,0.625,0,0,0.0,4,SEARCH_PHASE,0.1016,-2.0046,-51.2542,32.0324
578,15.097,-15.1286,14.4737,3.8832,0.063,-2.0071,1.653,3.743,60.418,60.53,36.1244,-17.5185,0.2,0.0,0.0,0.0,0.0839,-2.2346,1.7,2.809,-0.1201,0,0,0,0.763,0.375,0.625,0,0,0.0,4,SEARCH_PHASE,0.063,-2.0071,-51.253,31.9922
579,15.126,-15.128,14.4335,3.9165,0.0301,-2.0107,1.6627,3.776,60.396,60.511,36.1244,-17.5185,0.2,0.0,0.0,0.0,0.0497,-2.2495,1.7,2.82,-0.1011,0,0,0,0.761,0.371,0.629,0,0,0.0,4,SEARCH_PHASE,0.0301,-2.0107,-51.2524,31.952
580,15.155,-15.128,14.3932,3.9499,-0.0014,-2.0174,1.6696,3.81,60.375,60.492,36.1244,-17.5185,0.2,0.0,0.0,0.0,0.0838,-2.2484,1.7,2.82,-0.1295,0,0,0,0.751,0.377,0.623,0,0,0.0,4,SEARCH_PHASE,-0.0014,-2.0174,-51.2524,31.9117
581,15.185,-15.1286,14.3527,3.9833,-0.0287,-2.0256,1.6742,3.843,60.354,60.473,36.1244,-17.5185,0.2,0.0,0.0,0.0,0.0387,-2.2497,1.7,2.82,-0.0951,0,0,0,0.751,0.38,0.62,0,0,0.0,4,SEARCH_PHASE,-0.0287,-2.0256,-51.253,31.8712
582,15.214,-15.1296,14.3119,4.0169,-0.0513,-2.0381,1.678,3.877,60.334,60.454,36.1244,-17.5185,0.2,0.0,0.0,0.0,-0.0093,-2.2482,1.7,2.8186,-0.0898,0,0,0,0.751,0.391,0.609,0,0,0.0,4,SEARCH_PHASE,-0.0513,-2.0381,-51.254,31.8304
583,15.243,-15.131,14.2708,4.0505,-0.07,-2.0521,1.6812,3.911,60.313,60.436,36.1244,-17.5185,0.2,0.0,0.0,0.0,-0.0573,-2.248,1.7,2.819,-0.0908,0,0,0,0.749,0.388,0.612,0,0,0.0,4,SEARCH_PHASE,-0.07,-2.0521,-51.2554,31.7894
584,15.273,-15.1327,14.2295,4.0842,-0.0853,-2.0673,1.6837,3.944,60.293,60.418,36.1244,-17.5185,0.2,0.0,0.0,0.0,-0.1053,-2.2473,1.7,2.8198,-0.0839,0,0,0,0.753,0.387,0.613,0,0,0.0,4,SEARCH_PHASE,-0.0853,-2.0673,-51.2571,31.748
585,15.302,-15.1347,14.1878,4.1179,-0.098,-2.0838,1.6855,3.978,60.273,60.4,36.1244,-17.5185,0.2,0.0,0.0,0.0,-0.0573,-2.2449,1.7,2.8165,-0.0849,0,0,0,0.744,0.381,0.619,0,0,0.0,4,SEARCH_PHASE,-0.098,-2.0838,-51.2591,31.7063
586,15.331,-15.1368,14.1458,4.1516,-0.1089,-2.1005,1.6861,4.012,60.252,60.382,36.1244,-17.5185,0.2,0.0,0.0,0.0,-0.0093,-2.2444,1.7,2.8155,-0.0674,0,0,0,0.745,0.381,0.619,0,0,0.0,4,SEARCH_PHASE,-0.1089,-2.1005,-51.2612,31.6643
587,15.361,-15.1392,14.1035,4.1854,-0.1204,-2.1177,1.6858,4.045,60.232,60.364,36.1244,-17.5185,0.2,0.0,0.0,0.0,0.0387,-2.2454,1.7,2.8166,-0.1057,0,0,0,0.75,0.384,0.616,0,0,0.0,4,SEARCH_PHASE,-0.1204,-2.1177,-51.2637,31.622
588,15.39,-15.1418,14.0608,4.2191,-0.1295,-2.1336,1.6856,4.079,60.212,60.346,36.1244,-17.5185,0.2,0.0,0.0,0.0,0.0866,-2.2427,1.7,2.8155,-0.0718,0,0,0,0.748,0.375,0.625,0,0,0.0,4,SEARCH_PHASE,-0.1295,-2.1336,-51.2662,31.5793
589,15.42,-15.1445,14.0178,4.2528,-0.1346,-2.1513,1.6855,4.113,60.192,60.328,36.1244,-17.5185,0.2,0.0,0.0,0.0,0.0387,-2.2458,1.7,2.817,-0.0764,0,0,0,0.748,0.39,0.61,0,0,0.0,4,SEARCH_PHASE,-0.1346,-2.1513,-51.2689,31.5363
590,15.45,-15.1473,13.9744,4.2865,-0.1364,-2.1679,1.6863,4.147,60.171,60.31,36.1244,-17.5185,0.2,0.0,0.0,0.0,0.0867,-2.2451,1.7,2.8175,-0.0965,0,0,0,0.739,0.384,0.616,0,0,0.0,4,SEARCH_PHASE,-0.1364,-2.1679,-51.2717,31.4929
591,15.478,-15.1499,13.9307,4.3202,-0.1324,-2.1832,1.687,4.18,60.151,60.292,36.1244,-17.5185,0.2,0.0,0.0,0.0,0.1346,-2.2428,1.7,2.8175,-0.064,0,0,0,0.74,0.391,0.609,0,0,0.0,4,SEARCH_PHASE,-0.1324,-2.1832,-51.2743,31.4492
592,15.507,-15.1524,13.8868,4.354,-0.1255,-2.1991,1.6877,4.214,60.13,60.273,36.1244,-17.5185,0.2,0.0,0.0,0.0,0.1824,-2.2386,1.7,2.8168,-0.0735,0,0,0,0.736,0.387,0.613,0,0,0.0,4,SEARCH_PHASE,-0.1255,-2.1991,-51.2768,31.4053
593,15.537,-15.1547,13.8425,4.3878,-0.1146,-2.2134,1.689,4.248,60.109,60.254,36.1244,-17.5185,0.2,0.0,0.0,0.0,0.2302,-2.2342,1.7,2.8169,-0.0581,0,0,0,0.733,0.383,0.617,0,0,0.0,4,SEARCH_PHASE,-0.1146,-2.2134,-51.2791,31.361
594,15.566,-15.1567,13.798,4.4216,-0.1009,-2.2267,1.691,4.282,60.087,60.235,36.1244,-17.5185,0.2,0.0,0.0,0.0,0.2778,-2.2278,1.7,2.8161,-0.076,0,0,0,0.732,0.381,0.619,0,0,0.0,4,SEARCH_PHASE,-0.1009,-2.2267,-51.2811,31.3165
595,15.595,-15.1584,13.7532,4.4554,-0.0813,-2.2371,1.6923,4.315,60.065,60.216,36.1244,-17.5185,0.2,0.0,0.0,0.0,0.3253,-2.221,1.7,2.8158,-0.0577,0,0,0,0.732,0.388,0.612,0,0,0.0,4,SEARCH_PHASE,-0.0813,-2.2371,-51.2828,31.2717
596,15.626,-15.1595,13.7083,4.4893,-0.0585,-2.2464,1.6945,4.349,60.043,60.196,36.1244,-17.5185,0.2,0.0,0.0,0.0,0.3726,-2.2125,1.7,2.815,-0.0841,0,0,0,0.732,0.385,0.615,0,0,0.0,4,SEARCH_PHASE,-0.0585,-2.2464,-51.2839,31.2268
597,15.656,-15.1601,13.6632,4.5233,-0.0294,-2.2526,1.6968,4.383,60.02,60.176,36.1244,-17.5185,0.2,0.0,0.0,0.0,0.4199,-2.2045,1.7,2.8153,-0.0577,0,0,0,0.732,0.393,0.607,0,0,0.0,4,SEARCH_PHASE,-0.0294,-2.2526,-51.2845,31.1817
598,15.687,-15.1601,13.6181,4.5573,0.0027,-2.2576,1.6994,4.417,59.997,60.155,36.1244,-17.5185,0.2,0.0,0.0,0.0,0.4666,-2.1935,1.7,2.8141,-0.0893,0,0,0,0.731,0.392,0.608,0,0,0.0,4,SEARCH_PHASE,0.0027,-2.2576,-51.2845,31.1366
599,15.717,-15.1592,13.5729,4.5913,0.0407,-2.2595,1.7009,4.451,59.972,60.133,36.1244,-17.5185,0.2,0.0,0.0,0.0,0.5119,-2.1775,1.652,2.7808,-0.061,0,0,0,0.729,0.395,0.605,0,0,0.0,4,SEARCH_PHASE,0.0407,-2.2595,-51.2836,31.0914
600,15.749,-15.1577,13.5277,4.625,0.0777,-2.2596,1.6856,4.485,59.948,60.111,36.1244,-17.5185,0.2,0.0,0.0,0.0,0.5567,-2.1603,1.604,2.7477,-0.0932,0,0,0,0.729,0.394,0.606,0,0,0.0,4,SEARCH_PHASE,0.0777,-2.2596,-51.2821,31.0462
601,15.779,-15.1553,13.4826,4.6582,0.1172,-2.2567,1.6584,4.518,59.922,60.088,36.1244,-17.5185,0.2,0.0,0.0,0.0,0.6014,-2.1428,1.556,2.7156,-0.0655,0,0,0,0.727,0.396,0.604,0,0,0.0,4,SEARCH_PHASE,0.1172,-2.2567,-51.2798,31.0011
602,15.81,-15.1522,13.4375,4.6906,0.1567,-2.2528,1.624,4.551,59.896,60.064,36.1244,-17.5185,0.2,0.0,0.0,0.0,0.6453,-2.1234,1.508,2.6832,-0.0574,0,0,0,0.724,0.383,0.617,0,0,0.0,4,SEARCH_PHASE,0.1567,-2.2528,-51.2766,30.956
603,15.841,-15.1482,13.3926,4.7223,0.1993,-2.2466,1.5856,4.582,59.87,60.04,36.1244,-17.5185,0.2,0.0,0.0,0.0,0.6894,-2.1045,1.46,2.6525,-0.0788,0,0,0,0.727,0.385,0.615,0,0,0.0,4,SEARCH_PHASE,0.1993,-2.2466,-51.2726,30.9111
604,15.872,-15.1433,13.3478,4.7532,0.2443,-2.2382,1.5443,4.613,59.842,60.015,36.1244,-17.5185,0.2,0.0,0.0,0.0,0.7334,-2.0852,1.412,2.6229,-0.0326,0,0,0,0.724,0.395,0.605,0,0,0.0,4,SEARCH_PHASE,0.2443,-2.2382,-51.2677,30.8663
605,15.903,-15.1375,13.3032,4.7832,0.2934,-2.2285,1.5001,4.643,59.814,59.99,36.1244,-17.5185,0.2,0.0,0.0,0.0,0.7762,-2.0637,1.364,2.5926,-0.0679,0,0,0,0.721,0.393,0.607,0,0,0.0,4,SEARCH_PHASE,0.2934,-2.2285,-51.2619,30.8217
606,15.934,-15.1306,13.2589,4.8123,0.3452,-2.2153,1.454,4.672,59.786,59.963,36.1244,-17.5185,0.2,0.0,0.0,0.0,0.8186,-2.0411,1.316,2.5628,-0.0269,0,0,0,0.725,0.389,0.611,0,0,0.0,4,SEARCH_PHASE,0.3452,-2.2153,-51.255,30.7774
607,15.965,-15.1226,13.2149,4.8404,0.3993,-2.2004,1.4065,4.7,59.756,59.936,36.1244,-17.5185,0.2,0.0,0.0,0.0,0.8601,-2.017,1.268,2.533,-0.0651,0,0,0,0.726,0.386,0.614,0,0,0.0,4,SEARCH_PHASE,0.3993,-2.2004,-51.247,30.7334
608,15.994,-15.1135,13.1713,4.8676,0.4544,-2.1818,1.3581,4.728,59.726,59.908,36.1244,-17.5185,0.2,0.0,0.0,0.0,0.9011,-1.992,1.22,2.5037,-0.0453,0,0,0,0.717,0.378,0.622,0,0,0.0,4,SEARCH_PHASE,0.4544,-2.1818,-51.2379,30.6898
609,16.024,-15.1033,13.1281,4.8938,0.5116,-2.1617,1.3086,4.754,59.695,59.879,36.1244,-17.5185,0.2,0.0,0.0,0.0,0.9416,-1.9663,1.172,2.4752,-0.0839,0,0,0,0.714,0.374,0.626,0,0,0.0,4,SEARCH_PHASE,0.5116,-2.1617,-51.2277,30.6466
610,16.055,-15.0919,13.0853,4.9189,0.5693,-2.1397,1.2586,4.779,59.663,59.85,36.1244,-17.5185,0.2,0.0,0.0,0.0,0.9819,-1.9402,1.124,2.4478,-0.0359,0,0,0,0.719,0.371,0.629,0,0,0.0,4,SEARCH_PHASE,0.5693,-2.1397,-51.2163,30.6038
611,16.085,-15.0793,13.0429,4.9431,0.6287,-2.1179,1.2078,4.803,59.631,59.819,36.1244,-17.5185,0.2,0.0,0.0,0.0,1.0221,-1.914,1.076,2.4219,-0.0717,0,0,0,0.719,0.369,0.631,0,0,0.0,4,SEARCH_PHASE,0.6287,-2.1179,-51.2037,30.5614
612,16.116,-15.0655,13.001,4.9662,0.6885,-2.094,1.1569,4.826,59.597,59.788,36.1244,-17.5185,0.2,0.0,0.0,0.0,1.0621,-1.8874,1.028,2.3973,-0.0241,0,0,0,0.72,0.372,0.628,0,0,0.0,4,SEARCH_PHASE,0.6885,-2.094,-51.1899,30.5195
613,16.146,-15.0506,12.9596,4.9884,0.7479,-2.0697,1.1059,4.848,59.563,59.756,36.1244,-17.5185,0.2,0.0,0.0,0.0,1.102,-1.8607,0.98,2.3742,-0.0592,0,0,0,0.729,0.369,0.631,0,0,0.0,4,SEARCH_PHASE,0.7479,-2.0697,-51.175,30.4781
614,16.177,-15.0345,12.9188,5.0095,0.8056,-2.0425,1.055,4.869,59.529,59.723,36.1244,-17.5185,0.2,0.0,0.0,0.0,1.1416,-1.8336,0.932,2.3525,-0.0464,0,0,0,0.72,0.374,0.626,0,0,0.0,4,SEARCH_PHASE,0.8056,-2.0425,-51.1589,30.4373
615,16.209,-15.0172,12.8785,5.0295,0.8629,-2.0147,1.0045,4.89,59.493,59.689,36.1244,-17.5185,0.2,0.0,0.0,0.0,1.181,-1.8062,0.884,2.332,-0.0701,0,0,0,0.721,0.375,0.625,0,0,0.0,4,SEARCH_PHASE,0.8629,-2.0147,-51.1416,30.397
616,16.24,-14.9988,12.8388,5.0486,0.9181,-1.9856,0.9547,4.909,59.457,59.655,36.1244,-17.5185,0.2,0.0,0.0,0.0,1.2198,-1.7779,0.836,2.3125,-0.0438,0,0,0,0.722,0.371,0.629,0,0,0.0,4,SEARCH_PHASE,0.9181,-1.9856,-51.1232,30.3573
617,16.27,-14.9794,12.7996,5.0668,0.9728,-1.9569,0.9057,4.927,59.42,59.619,36.1244,-17.5185,0.2,0.0,0.0,0.0,1.2577,-1.7485,0.788,2.2935,-0.0624,0,0,0,0.724,0.366,0.634,0,0,0.0,4,SEARCH_PHASE,0.9728,-1.9569,-51.1038,30.3181
618,16.301,-14.9589,12.7611,5.0839,1.0254,-1.9266,0.8569,4.944,59.383,59.584,36.1244,-17.5185,0.2,0.0,0.0,0.0,1.2956,-1.719,0.74,2.2762,-0.0521,0,0,0,0.722,0.367,0.633,0,0,0.0,4,SEARCH_PHASE,1.0254,-1.9266,-51.0833,30.2796
619,16.332,-14.9373,12.7232,5.1,1.0773,-1.8971,0.8078,4.96,59.345,59.547,36.1244,-17.5185,0.2,0.0,0.0,0.0,1.3337,-1.6899,0.692,2.2613,-0.0508,0,0,0,0.722,0.36,0.64,0,0,0.0,4,SEARCH_PHASE,1.0773,-1.8971,-51.0617,30.2417
620,16.362,-14.9148,12.6858,5.1152,1.1273,-1.8665,0.7594,4.975,59.307,59.51,36.1244,-17.5185,0.2,0.0,0.0,0.0,1.3717,-1.6605,0.644,2.248,-0.0674,0,0,0,0.734,0.356,0.644,0,0,0.0,4,SEARCH_PHASE,1.1273,-1.8665,-51.0392,30.2043
621,16.393,-14.8913,12.6491,5.1295,1.1752,-1.8358,0.7112,4.989,59.268,59.473,36.1244,-17.5185,0.2,0.0,0.0,0.0,1.4095,-1.6309,0.596,2.2365,-0.0282,0,0,0,0.722,0.35,0.65,0,0,0.0,4,SEARCH_PHASE,1.1752,-1.8358,-51.0157,30.1676
622,16.423,-14.8668,12.613,5.1427,1.2221,-1.8054,0.6631,5.003,59.229,59.434,36.1244,-17.5185,0.2,0.0,0.0,0.0,1.4469,-1.6009,0.548,2.2264,-0.0631,0,0,0,0.72,0.356,0.644,0,0,0.0,4,SEARCH_PHASE,1.2221,-1.8054,-50.9912,30.1315
623,16.454,-14.8415,12.5776,5.155,1.2667,-1.773,0.6149,5.015,59.189,59.396,36.1244,-17.5185,0.2,0.0,0.0,0.0,1.4843,-1.5707,0.5,2.2182,-0.0572,0,0,0,0.719,0.343,0.657,0,0,0.0,4,SEARCH_PHASE,1.2667,-1.773,-50.9659,30.0961
624,16.484,-14.8153,12.5427,5.1664,1.3103,-1.7406,0.5671,5.026,59.148,59.357,36.1244,-17.5185,0.2,0.0,0.0,0.0,1.5213,-1.5402,0.452,2.2116,-0.0564,0,0,0,0.726,0.337,0.663,0,0,0.0,4,SEARCH_PHASE,1.3103,-1.7406,-50.9397,30.0612
625,16.515,-14.7883,12.5086,5.1768,1.3514,-1.7077,0.5205,5.037,59.108,59.317,36.1244,-17.5185,0.2,0.0,0.0,0.0,1.5585,-1.5098,0.404,2.2072,-0.086,0,0,0,0.734,0.349,0.651,0,0,0.0,4,SEARCH_PHASE,1.3514,-1.7077,-50.9127,30.0271
626,16.545,-14.7604,12.4751,5.1862,1.3915,-1.6747,0.4738,5.046,59.067,59.277,36.1244,-17.5185,0.2,0.0,0.0,0.0,1.596,-1.4798,0.356,2.2054,-0.0593,0,0,0,0.734,0.342,0.658,0,0,0.0,4,SEARCH_PHASE,1.3915,-1.6747,-50.8848,29.9936
627,16.576,-14.7319,12.4422,5.1948,1.4281,-1.6429,0.4273,5.055,59.025,59.236,36.1244,-17.5185,0.2,0.0,0.0,0.0,1.6336,-1.45,0.308,2.2059,-0.0787,0,0,0,0.732,0.342,0.658,0,0,0.0,4,SEARCH_PHASE,1.4281,-1.6429,-50.8563,29.9607
628,16.607,-14.7026,12.41,5.2024,1.4635,-1.6111,0.3809,5.062,58.984,59.196,36.1244,-17.5185,0.2,0.0,0.0,0.0,1.6716,-1.4207,0.26,2.2091,-0.0384,0,0,0,0.731,0.349,0.651,0,0,0.0,4,SEARCH_PHASE,1.4635,-1.6111,-50.827,29.9285
629,16.637,-14.6727,12.3784,5.2091,1.4977,-1.5798,0.3345,5.069,58.942,59.155,36.1244,-17.5185,0.2,0.0,0.0,0.0,1.7093,-1.3909,0.212,2.2139,-0.0774,0,0,0,0.729,0.342,0.658,0,0,0.0,4,SEARCH_PHASE,1.4977,-1.5798,-50.7971,29.8969
630,16.668,-14.6421,12.3475,5.2149,1.5293,-1.5469,0.2877,5.075,58.9,59.113,36.1244,-17.5185,0.2,0.0,0.0,0.0,1.7465,-1.3607,0.164,2.2201,-0.0544,0,0,0,0.732,0.341,0.659,0,0,0.0,4,SEARCH_PHASE,1.5293,-1.5469,-50.7665,29.866
631,16.699,-14.6109,12.3172,5.2197,1.5598,-1.5143,0.2415,5.08,58.858,59.071,36.1244,-17.5185,0.2,0.0,0.0,0.0,1.7858,-1.333,0.116,2.2315,-0.0853,0,0,0,0.744,0.332,0.668,0,0,0.0,4,SEARCH_PHASE,1.5598,-1.5143,-50.7353,29.8357
632,16.729,-14.5791,12.2876,5.2236,1.5907,-1.4808,0.1946,5.024,58.815,59.029,36.1244,-17.5185,0.2,0.0,0.0,0.0,1.8237,-1.3036,0.068,2.2427,-0.0611,0,0,0,0.747,0.334,0.666,0,0,0.0,4,SEARCH_PHASE,1.5907,-1.4808,-50.7035,29.8061
633,16.759,-14.5467,12.2586,5.2265,1.6198,-1.4478,0.1479,5.027,58.773,58.987,36.1244,-17.5185,0.2,0.0,0.0,0.0,1.8329,-1.3051,0.02,2.2501,-0.0984,0,0,0,0.749,0.337,0.663,0,0,0.0,4,SEARCH_PHASE,1.6198,-1.4478,-50.6711,29.7771
634,16.788,-14.5137,12.2303,5.2285,1.6486,-1.4144,0.0991,5.029,58.73,58.945,36.1244,-17.5185,0.2,0.0,0.0,0.0,1.8314,-1.307,-0.028,2.2502,-0.0886,0,0,0,0.749,0.335,0.665,0,0,0.0,4,SEARCH_PHASE,1.6486,-1.4144,-50.6381,29.7488
635,16.818,-14.4801,12.2027,5.2295,1.6776,-1.3823,0.0489,5.03,58.687,58.902,36.1244,-17.5185,0.2,0.0,0.0,0.0,1.8303,-1.3086,-0.076,2.2513,-0.1115,0,0,0,0.749,0.328,0.672,0,0,0.0,4,SEARCH_PHASE,1.6776,-1.3823,-50.6045,29.7212
636,16.848,-14.446,12.1757,5.2295,1.7052,-1.3512,-0.0021,5.029,58.644,58.859,36.1244,-17.5185,0.2,0.0,0.0,0.0,1.8304,-1.3085,-0.124,2.2534,-0.0949,0,0,0,0.743,0.325,0.675,0,0,0.0,4,SEARCH_PHASE,1.7052,-1.3512,-50.5704,29.6942
637,16.877,-14.4114,12.1492,5.2284,1.733,-1.3229,-0.052,5.028,58.601,58.816,36.1244,-17.5185,0.2,0.0,0.0,0.0,1.8319,-1.3064,-0.172,2.2566,-0.1282,0,0,0,0.744,0.321,0.679,0,0,0.0,4,SEARCH_PHASE,1.733,-1.3229,-50.5358,29.6677
638,16.906,-14.3762,12.1233,5.2264,1.7593,-1.2966,-0.1012,5.026,58.557,58.773,36.1244,-17.5185,0.2,0.0,0.0,0.0,1.8384,-1.2972,-0.22,2.2607,-0.0833,0,0,0,0.752,0.331,0.669,0,0,0.0,4,SEARCH_PHASE,1.7593,-1.2966,-50.5006,29.6418
639,16.934,-14.3405,12.0978,5.2234,1.7845,-1.2743,-0.1495,5.023,58.514,58.729,36.1244,-17.5185,0.2,0.0,0.0,0.0,1.8384,-1.2972,-0.268,2.2659,-0.1183,0,0,0,0.755,0.335,0.665,0,0,0.0,4,SEARCH_PHASE,1.7845,-1.2743,-50.4649,29.6163
640,16.963,-14.3043,12.0727,5.2194,1.8074,-1.2537,-0.1974,5.019,58.47,58.685,36.1244,-17.5185,0.2,0.0,0.0,0.0,1.8608,-1.2649,-0.316,2.2721,-0.0733,0,0,0,0.747,0.327,0.673,0,0,0.0,4,SEARCH_PHASE,1.8074,-1.2537,-50.4288,29.5912
641,16.992,-14.2678,12.048,5.2146,1.8292,-1.2367,-0.244,5.015,58.426,58.64,36.1244,-17.5185,0.2,0.0,0.0,0.0,1.8627,-1.2621,-0.364,2.2793,-0.1081,0,0,0,0.748,0.321,0.679,0,0,0.0,4,SEARCH_PHASE,1.8292,-1.2367,-50.3922,29.5665
642,17.02,-14.2308,12.0236,5.2087,1.8482,-1.221,-0.2909,5.009,58.381,58.596,36.1244,-17.5185,0.2,0.0,0.0,0.0,1.8703,-1.2508,-0.412,2.2874,-0.0828,0,0,0,0.746,0.314,0.686,0,0,0.0,4,SEARCH_PHASE,1.8482,-1.221,-50.3552,29.5421
643,17.047,-14.1935,11.9994,5.202,1.8656,-1.2087,-0.3378,5.002,58.337,58.551,36.1244,-17.5185,0.2,0.0,0.0,0.0,1.8748,-1.2441,-0.46,2.2965,-0.1034,0,0,0,0.748,0.307,0.693,0,0,0.0,4,SEARCH_PHASE,1.8656,-1.2087,-50.3179,29.5179
644,17.074,-14.1559,11.9754,5.1943,1.8805,-1.1976,-0.3839,4.994,58.292,58.506,36.1244,-17.5185,0.2,0.0,0.0,0.0,1.8858,-1.2273,-0.508,2.3066,-0.0699,0,0,0,0.743,0.303,0.697,0,0,0.0,4,SEARCH_PHASE,1.8805,-1.1976,-50.2803,29.4939
645,17.101,-14.118,11.9517,5.1857,1.893,-1.1886,-0.4299,4.986,58.248,58.461,36.1244,-17.5185,0.2,0.0,0.0,0.0,1.8878,-1.2241,-0.556,2.3177,-0.1097,0,0,0,0.739,0.301,0.699,0,0,0.0,4,SEARCH_PHASE,1.893,-1.1886,-50.2424,29.4702
646,17.13,-14.08,11.9281,5.1762,1.9025,-1.1797,-0.4761,4.976,58.203,58.415,36.1244,-17.5185,0.2,0.0,0.0,0.0,1.9016,-1.2026,-0.604,2.3297,-0.0749,0,0,0,0.735,0.302,0.698,0,0,0.0,4,SEARCH_PHASE,1.9025,-1.1797,-50.2044,29.4466
647,17.158,-14.0418,11.9046,5.1658,1.9102,-1.1729,-0.5222,4.966,58.158,58.37,36.1244,-17.5185,0.2,0.0,0.0,0.0,1.9028,-1.2008,-0.652,2.3426,-0.1132,0,0,0,0.729,0.305,0.695,0,0,0.0,4,SEARCH_PHASE,1.9102,-1.1729,-50.1662,29.4231
648,17.187,-14.0035,11.8813,5.1544,1.915,-1.1661,-0.5688,4.954,58.113,58.324,36.1244,-17.5185,0.2,0.0,0.0,0.0,1.9062,-1.1954,-0.7,2.3564,-0.0872,0,0,0,0.728,0.296,0.704,0,0,0.0,4,SEARCH_PHASE,1.915,-1.1661,-50.1279,29.3998
649,17.215,-13.9651,11.8581,5.1421,1.918,-1.1612,-0.616,5.042,58.068,58.278,36.1244,-17.5185,0.2,0.0,0.0,0.0,1.9078,-1.1928,-0.748,2.3711,-0.1077,0,0,0,0.728,0.301,0.699,0,0,0.0,4,SEARCH_PHASE,1.918,-1.1612,-50.0895,29.3766
650,17.243,-13.9267,11.8349,5.1288,1.9198,-1.1567,-0.6626,5.029,58.024,58.233,36.1244,-17.5185,0.2,0.0,0.0,0.0,1.9093,-1.1904,-0.796,2.3867,-0.0666,0,0,0,0.731,0.296,0.704,0,0,0.0,4,SEARCH_PHASE,1.9198,-1.1567,-50.0511,29.3534
651,17.27,-13.8883,11.8118,5.1146,1.9207,-1.154,-0.7094,5.015,57.979,58.187,36.1244,-17.5185,0.2,0.0,0.0,0.0,1.911,-1.1876,-0.844,2.4031,-0.0965,0,0,0,0.73,0.293,0.707,0,0,0.0,4,SEARCH_PHASE,1.9207,-1.154,-50.0127,29.3303
652,17.298,-13.8499,11.7888,5.0995,1.9196,-1.1509,-0.7569,4.999,57.934,58.141,36.1244,-17.5185,0.2,0.0,0.0,0.0,1.9171,-1.1778,-0.892,2.4204,-0.0751,0,0,0,0.73,0.292,0.708,0,0,0.0,4,SEARCH_PHASE,1.9196,-1.1509,-49.9743,29.3073
653,17.326,-13.8116,11.7658,5.0834,1.9175,-1.1493,-0.8041,4.983,57.889,58.095,36.1244,-17.5185,0.2,0.0,0.0,0.0,1.9215,-1.1706,-0.94,2.4385,-0.0984,0,0,0,0.728,0.289,0.711,0,0,0.0,4,SEARCH_PHASE,1.9175,-1.1493,-49.936,29.2843
654,17.355,-13.7732,11.7429,5.0664,1.9152,-1.1476,-0.8512,4.966,57.845,58.049,36.1244,-17.5185,0.2,0.0,0.0,0.0,1.9189,-1.1749,-0.988,2.4574,-0.0831,0,0,0,0.731,0.298,0.702,0,0,0.0,4,SEARCH_PHASE,1.9152,-1.1476,-49.8977,29.2614
655,17.384,-13.735,11.7199,5.0484,1.9118,-1.1471,-0.8991,4.948,57.8,58.003,36.1244,-17.5185,0.2,0.0,0.0,0.0,1.9187,-1.1753,-1.036,2.4771,-0.0979,0,0,0,0.731,0.292,0.708,0,0,0.0,4,SEARCH_PHASE,1.9118,-1.1471,-49.8594,29.2384
656,17.412,-13.6968,11.697,5.0295,1.9093,-1.1465,-0.9463,4.929,57.756,57.957,36.1244,-17.5185,0.2,0.0,0.0,0.0,1.9098,-1.1896,-1.084,2.4975,-0.0764,0,0,0,0.735,0.303,0.697,0,0,0.0,4,SEARCH_PHASE,1.9093,-1.1465,-49.8212,29.2155
657,17.44,-13.6587,11.6741,5.0096,1.9057,-1.147,-0.9936,4.91,57.711,57.911,36.1244,-17.5185,0.2,0.0,0.0,0.0,1.9174,-1.1774,-1.132,2.5187,-0.0951,0,0,0,0.733,0.296,0.704,0,0,0.0,4,SEARCH_PHASE,1.9057,-1.147,-49.7831,29.1926
658,17.467,-13.6207,11.6511,4.9888,1.903,-1.1474,-1.0417,4.889,57.667,57.865,36.1244,-17.5185,0.2,0.0,0.0,0.0,1.9079,-1.1927,-1.18,2.5406,-0.0768,0,0,0,0.734,0.304,0.696,0,0,0.0,4,SEARCH_PHASE,1.903,-1.1474,-49.7451,29.1696
659,17.496,-13.5827,11.6281,4.967,1.8988,-1.1489,-1.089,4.867,57.622,57.819,36.1244,-17.5185,0.2,0.0,0.0,0.0,1.916,-1.1796,-1.228,2.5633,-0.097,0,0,0,0.735,0.296,0.704,0,0,0.0,4,SEARCH_PHASE,1.8988,-1.1489,-49.7071,29.1466
660,17.524,-13.5448,11.6051,4.9442,1.8953,-1.1504,-1.1364,4.844,57.578,57.773,36.1244,-17.5185,0.2,0.0,0.0,0.0,1.9153,-1.1807,-1.276,2.5866,-0.0793,0,0,0,0.736,0.301,0.699,0,0,0.0,4,SEARCH_PHASE,1.8953,-1.1504,-49.6692,29.1236
661,17.553,-13.507,11.5821,4.9206,1.8903,-1.153,-1.1842,4.821,57.534,57.727,36.1244,-17.5185,0.2,0.0,0.0,0.0,1.913,-1.1845,-1.324,2.6106,-0.0679,0,0,0,0.738,0.301,0.699,0,0,0.0,4,SEARCH_PHASE,1.8903,-1.153,-49.6314,29.1006
662,17.582,-13.4692,11.559,4.8959,1.8857,-1.1557,-1.2322,4.796,57.489,57.681,36.1244,-17.5185,0.2,0.0,0.0,0.0,1.9037,-1.1994,-1.372,2.6353,-0.1023,0,0,0,0.746,0.307,0.693,0,0,0.0,4,SEARCH_PHASE,1.8857,-1.1557,-49.5937,29.0775
663,17.61,-13.4316,11.5358,4.8703,1.8812,-1.1575,-1.2794,4.77,57.445,57.635,36.1244,-17.5185,0.2,0.0,0.0,0.0,1.9037,-1.1993,-1.42,2.6606,-0.0696,0,0,0,0.746,0.308,0.692,0,0,0.0,4,SEARCH_PHASE,1.8812,-1.1575,-49.556,29.0543
664,17.638,-13.3941,11.5126,4.8438,1.8777,-1.1603,-1.3271,4.744,57.401,57.589,36.1244,-17.5185,0.2,0.0,0.0,0.0,1.8948,-1.2133,-1.468,2.6865,-0.1038,0,0,0,0.751,0.313,0.687,0,0,0.0,4,SEARCH_PHASE,1.8777,-1.1603,-49.5185,29.0311
665,17.666,-13.3566,11.4894,4.8163,1.8738,-1.1619,-1.3745,4.716,57.357,57.542,36.1244,-17.5185,0.2,0.0,0.0,0.0,1.8959,-1.2116,-1.5,2.7042,-0.0809,0,0,0,0.75,0.31,0.69,0,0,0.0,4,SEARCH_PHASE,1.8738,-1.1619,-49.481,29.0079
666,17.695,-13.3192,11.4661,4.788,1.8707,-1.1644,-1.4166,4.688,57.313,57.496,36.1244,-17.5185,0.2,0.0,0.0,0.0,1.891,-1.2193,-1.5,2.7042,-0.1119,0,0,0,0.753,0.317,0.683,0,0,0.0,4,SEARCH_PHASE,1.8707,-1.1644,-49.4436,28.9846
667,17.724,-13.2818,11.4427,4.7591,1.8672,-1.1668,-1.4422,4.659,57.269,57.45,36.1244,-17.5185,0.2,0.0,0.0,0.0,1.8818,-1.2334,-1.5,2.7042,-0.0703,0,0,0,0.748,0.314,0.686,0,0,0.0,4,SEARCH_PHASE,1.8672,-1.1668,-49.4062,28.9612
668,17.753,-13.2445,11.4193,4.73,1.8645,-1.1711,-1.4583,4.63,57.225,57.404,36.1244,-17.5185,0.2,0.0,0.0,0.0,1.8746,-1.2443,-1.5,2.7042,-0.1022,0,0,0,0.751,0.322,0.678,0,0,0.0,4,SEARCH_PHASE,1.8645,-1.1711,-49.369,28.9378
669,17.781,-13.2073,11.3958,4.7006,1.861,-1.1747,-1.4683,4.601,57.181,57.358,36.1244,-17.5185,0.2,0.0,0.0,0.0,1.8722,-1.248,-1.5,2.7042,-0.0584,0,0,0,0.756,0.32,0.68,0,0,0.0,4,SEARCH_PHASE,1.861,-1.1747,-49.3317,28.9143
670,17.809,-13.1702,11.3722,4.6711,1.858,-1.1798,-1.4746,4.571,57.137,57.312,36.1244,-17.5185,0.2,0.0,0.0,0.0,1.865,-1.2587,-1.5,2.7042,-0.0914,0,0,0,0.761,0.327,0.673,0,0,0.0,4,SEARCH_PHASE,1.858,-1.1798,-49.2946,28.8907
671,17.836,-13.1331,11.3486,4.6415,1.8539,-1.1836,-1.4786,4.542,57.093,57.265,36.1244,-17.5185,0.2,0.0,0.0,0.0,1.8914,-1.2186,-1.5,2.7041,-0.0605,0,0,0,0.763,0.324,0.676,0,0,0.0,4,SEARCH_PHASE,1.8539,-1.1836,-49.2575,28.8671
672,17.865,-13.0961,11.3248,4.6119,1.85,-1.1886,-1.4816,4.512,57.049,57.219,36.1244,-17.5185,0.2,0.0,0.0,0.0,1.8648,-1.2586,-1.5,2.7039,-0.1017,0,0,0,0.763,0.329,0.671,0,0,0.0,4,SEARCH_PHASE,1.85,-1.1886,-49.2205,28.8433
673,17.893,-13.0592,11.3009,4.5822,1.8451,-1.1922,-1.483,4.482,57.005,57.173,36.1244,-17.5185,0.2,0.0,0.0,0.0,1.8855,-1.2278,-1.5,2.7042,-0.0678,0,0,0,0.768,0.331,0.669,0,0,0.0,4,SEARCH_PHASE,1.8451,-1.1922,-49.1836,28.8194
674,17.921,-13.0224,11.277,4.5526,1.8407,-1.1972,-1.4841,4.453,56.961,57.127,36.1244,-17.5185,0.2,0.0,0.0,0.0,1.8584,-1.2674,-1.5,2.7037,-0.1078,0,0,0,0.769,0.327,0.673,0,0,0.0,4,SEARCH_PHASE,1.8407,-1.1972,-49.1468,28.7955
675,17.95,-12.9857,11.253,4.5229,1.8357,-1.2007,-1.4844,4.423,56.917,57.081,36.1244,-17.5185,0.2,0.0,0.0,0.0,1.8729,-1.247,-1.5,2.7042,-0.0708,0,0,0,0.774,0.334,0.666,0,0,0.0,4,SEARCH_PHASE,1.8357,-1.2007,-49.1101,28.7715
676,17.979,-12.949,11.2289,4.4932,1.8318,-1.2053,-1.4856,4.393,56.874,57.035,36.1244,-17.5185,0.2,0.0,0.0,0.0,1.8452,-1.2862,-1.5,2.7035,-0.1076,0,0,0,0.779,0.327,0.673,0,0,0.0,4,SEARCH_PHASE,1.8318,-1.2053,-49.0734,28.7474
677,18.008,-12.9125,11.2047,4.4634,1.827,-1.2083,-1.4855,4.363,56.83,56.99,36.1244,-17.5185,0.2,0.0,0.0,0.0,1.8702,-1.2509,-1.5,2.7042,-0.082,0,0,0,0.776,0.345,0.655,0,0,0.0,4,SEARCH_PHASE,1.827,-1.2083,-49.0369,28.7232
678,18.036,-12.876,11.1805,4.4337,1.8231,-1.2123,-1.4857,4.334,56.786,56.944,36.1244,-17.5185,0.2,0.0,0.0,0.0,1.865,-1.2587,-1.5,2.7042,-0.0918,0,0,0,0.779,0.336,0.664,0,0,0.0,4,SEARCH_PHASE,1.8231,-1.2123,-49.0004,28.699
679,18.065,-12.8397,11.1562,4.404,1.818,-1.2157,-1.4859,4.304,56.743,56.898,36.1244,-17.5185,0.2,0.0,0.0,0.0,1.8697,-1.2516,-1.5,2.7042,-0.0824,0,0,0,0.777,0.337,0.663,0,0,0.0,4,SEARCH_PHASE,1.818,-1.2157,-48.9641,28.6747
680,18.093,-12.8034,11.1318,4.3743,1.814,-1.2191,-1.4859,4.274,56.699,56.852,36.1244,-17.5185,0.2,0.0,0.0,0.0,1.8414,-1.2903,-1.5,2.7029,-0.0855,0,0,0,0.781,0.33,0.67,0,0,0.0,4,SEARCH_PHASE,1.814,-1.2191,-48.9278,28.6503
681,18.119,-12.7672,11.1073,4.3446,1.8098,-1.2222,-1.4856,4.245,56.655,56.807,36.1244,-17.5185,0.2,0.0,0.0,0.0,1.8128,-1.3289,-1.5,2.7023,-0.1018,0,0,0,0.783,0.327,0.673,0,0,0.0,4,SEARCH_PHASE,1.8098,-1.2222,-48.8916,28.6258
682,18.145,-12.731,11.0828,4.3149,1.8078,-1.225,-1.4862,4.215,56.612,56.761,36.1244,-17.5185,0.2,0.0,0.0,0.0,1.8317,-1.3066,-1.5,2.7042,-0.0857,0,0,0,0.791,0.33,0.67,0,0,0.0,4,SEARCH_PHASE,1.8078,-1.225,-48.8554,28.6013
683,18.172,-12.6949,11.0582,4.2851,1.8052,-1.2293,-1.4861,4.185,56.568,56.715,36.1244,-17.5185,0.2,0.0,0.0,0.0,1.8149,-1.3299,-1.5,2.7042,-0.0978,0,0,0,0.793,0.33,0.67,0,0,0.0,4,SEARCH_PHASE,1.8052,-1.2293,-48.8193,28.5767
684,18.198,-12.6589,11.0336,4.2554,1.8028,-1.234,-1.4858,4.155,56.525,56.67,36.1244,-17.5185,0.2,0.0,0.0,0.0,1.8274,-1.3127,-1.5,2.7042,-0.0758,0,0,0,0.793,0.333,0.667,0,0,0.0,4,SEARCH_PHASE,1.8028,-1.234,-48.7833,28.5521
685,18.224,-12.6229,11.0088,4.2257,1.8001,-1.2398,-1.4857,4.126,56.481,56.624,36.1244,-17.5185,0.2,0.0,0.0,0.0,1.8121,-1.3338,-1.5,2.7042,-0.103,0,0,0,0.794,0.337,0.663,0,0,0.0,4,SEARCH_PHASE,1.8001,-1.2398,-48.7473,28.5273
686,18.25,-12.5869,10.9839,4.196,1.7979,-1.2452,-1.4854,4.096,56.437,56.579,36.1244,-17.5185,0.2,0.0,0.0,0.0,1.8107,-1.3356,-1.5,2.7042,-0.0804,0,0,0,0.796,0.336,0.664,0,0,0.0,4,SEARCH_PHASE,1.7979,-1.2452,-48.7113,28.5024
687,18.277,-12.551,10.9588,4.1663,1.7943,-1.2523,-1.4853,4.066,56.394,56.533,36.1244,-17.5185,0.2,0.0,0.0,0.0,1.837,-1.2954,-1.5,2.7023,-0.104,0,0,0,0.681,0.338,0.662,0,0,0.0,4,SEARCH_PHASE,1.7943,-1.2523,-48.6754,28.4773
688,18.303,-12.5152,10.9336,4.1366,1.792,-1.2594,-1.4856,4.037,56.35,56.487,36.1244,-17.5185,0.2,0.0,0.0,0.0,1.8632,-1.2552,-1.5,2.7013,-0.0817,0,0,0,0.686,0.338,0.662,0,0,0.0,4,SEARCH_PHASE,1.792,-1.2594,-48.6396,28.4521
689,18.329,-12.4794,10.9083,4.1069,1.788,-1.2682,-1.4864,4.007,56.306,56.442,36.1244,-17.5185,0.2,0.0,0.0,0.0,1.8893,-1.215,-1.5,2.7011,-0.0513,0,0,0,0.687,0.344,0.656,0,0,0.0,4,SEARCH_PHASE,1.788,-1.2682,-48.6038,28.4268
690,18.357,-12.4437,10.8827,4.0771,1.785,-1.2772,-1.4871,3.977,56.263,56.396,36.1244,-17.5185,0.2,0.0,0.0,0.0,1.8575,-1.2509,-1.452,2.6689,-0.038,0,0,0,0.811,0.35,0.65,0,0,0.0,4,SEARCH_PHASE,1.785,-1.2772,-48.5681,28.4012
691,18.385,-12.4081,10.857,4.0477,1.7823,-1.2848,-1.469,3.948,56.219,56.35,36.1244,-17.5185,0.2,0.0,0.0,0.0,1.8253,-1.2865,-1.404,2.6378,-0.0604,0,0,0,0.813,0.36,0.64,0,0,0.0,4,SEARCH_PHASE,1.7823,-1.2848,-48.5325,28.3755
692,18.413,-12.3724,10.8313,4.0189,1.7832,-1.2883,-1.4399,3.919,56.175,56.305,36.1244,-17.5185,0.2,0.0,0.0,0.0,1.7919,-1.3209,-1.356,2.6066,-0.1016,0,0,0,0.817,0.358,0.642,0,0,0.0,4,SEARCH_PHASE,1.7832,-1.2883,-48.4968,28.3498
693,18.441,-12.3367,10.8055,3.9909,1.7847,-1.2891,-1.404,3.891,56.131,56.259,36.1244,-17.5185,0.2,0.0,0.0,0.0,1.7657,-1.3611,-1.308,2.5848,-0.0879,0,0,0,0.817,0.357,0.643,0,0,0.0,4,SEARCH_PHASE,1.7847,-1.2891,-48.4611,28.324
694,18.469,-12.301,10.7797,3.9636,1.787,-1.2904,-1.3635,3.864,56.087,56.214,36.1244,-17.5185,0.2,0.0,0.0,0.0,1.7396,-1.4015,-1.26,2.5648,-0.1243,0,0,0,0.817,0.359,0.641,0,0,0.0,4,SEARCH_PHASE,1.787,-1.2904,-48.4254,28.2982
695,18.495,-12.2652,10.7539,3.9372,1.7873,-1.2908,-1.3208,3.837,56.044,56.168,36.1244,-17.5185,0.2,0.0,0.0,0.0,1.7676,-1.3625,-1.308,2.5869,-0.0786,0,0,0,0.715,0.354,0.646,0,0,0.0,4,SEARCH_PHASE,1.7873,-1.2908,-48.3896,28.2724
696,18.522,-12.2295,10.728,3.9109,1.7871,-1.2931,-1.3112,3.811,56.0,56.123,36.1244,-17.5185,0.2,0.0,0.0,0.0,1.7955,-1.3234,-1.356,2.6103,-0.1136,0,0,0,0.719,0.353,0.647,0,0,0.0,4,SEARCH_PHASE,1.7871,-1.2931,-48.3539,28.2465
697,18.549,-12.1938,10.7021,3.8845,1.7848,-1.294,-1.3231,3.784,55.956,56.077,36.1244,-17.5185,0.2,0.0,0.0,0.0,1.8229,-1.284,-1.404,2.6349,-0.0709,0,0,0,0.722,0.358,0.642,0,0,0.0,4,SEARCH_PHASE,1.7848,-1.294,-48.3182,28.2206
698,18.576,-12.1581,10.6762,3.8575,1.7822,-1.2963,-1.3485,3.758,55.912,56.031,36.1244,-17.5185,0.2,0.0,0.0,0.0,1.8498,-1.2442,-1.356,2.6094,-0.0501,0,0,0,0.725,0.366,0.634,0,0,0.0,4,SEARCH_PHASE,1.7822,-1.2963,-48.2826,28.1947
699,18.602,-12.1226,10.6502,3.8306,1.7781,-1.2985,-1.3466,3.731,55.868,55.986,36.1244,-17.5185,0.2,0.0,0.0,0.0,1.8765,-1.2043,-1.308,2.585,-0.0868,0,0,0,0.728,0.375,0.625,0,0,0.0,4,SEARCH_PHASE,1.7781,-1.2985,-48.247,28.1687
700,18.629,-12.0871,10.6243,3.804,1.7752,-1.2983,-1.3274,3.704,55.824,55.941,36.1244,-17.5185,0.2,0.0,0.0,0.0,1.9022,-1.1638,-1.26,2.5614,-0.0454,0,0,0,0.73,0.38,0.62,0,0,0.0,4,SEARCH_PHASE,1.7752,-1.2983,-48.2115,28.1428
701,18.656,-12.0516,10.5983,3.7781,1.7747,-1.2982,-1.2974,3.678,55.781,55.895,36.1244,-17.5185,0.2,0.0,0.0,0.0,1.8718,-1.2009,-1.212,2.5327,-0.0795,0,0,0,0.83,0.385,0.615,0,0,0.0,4,SEARCH_PHASE,1.7747,-1.2982,-48.176,28.1168
702,18.683,-12.0161,10.5724,3.7529,1.7742,-1.2943,-1.2608,3.653,55.737,55.85,36.1244,-17.5185,0.2,0.0,0.0,0.0,1.897,-1.1601,-1.164,2.5098,-0.0458,0,0,0,0.734,0.387,0.613,0,0,0.0,4,SEARCH_PHASE,1.7742,-1.2943,-48.1405,28.0909
703,18.71,-11.9806,10.5466,3.7285,1.7761,-1.2894,-1.2196,3.628,55.693,55.805,36.1244,-17.5185,0.2,0.0,0.0,0.0,1.8559,-1.1848,-1.116,2.4685,-0.0883,0,0,0,0.833,0.395,0.605,0,0,0.0,4,SEARCH_PHASE,1.7761,-1.2894,-48.105,28.0651
704,18.737,-11.945,10.521,3.7049,1.7777,-1.2802,-1.1764,3.605,55.65,55.76,36.1244,-17.5185,0.2,0.0,0.0,0.0,1.824,-1.2207,-1.068,2.4409,-0.054,0,0,0,0.836,0.387,0.613,0,0,0.0,4,SEARCH_PHASE,1.7777,-1.2802,-48.0694,28.0395
705,18.765,-11.9094,10.4956,3.6823,1.7811,-1.2704,-1.1319,3.582,55.606,55.715,36.1244,-17.5185,0.2,0.0,0.0,0.0,1.7907,-1.2553,-1.02,2.413,-0.0968,0,0,0,0.839,0.395,0.605,0,0,0.0,4,SEARCH_PHASE,1.7811,-1.2704,-48.0338,28.0141
706,18.793,-11.8737,10.4705,3.6606,1.7835,-1.257,-1.0868,3.363,55.563,55.67,36.1244,-17.5185,0.2,0.0,0.0,0.0,1.8154,-1.2141,-0.972,2.3905,-0.1178,0,0,0,0.746,0.393,0.607,0,0,0.0,4,SEARCH_PHASE,1.7835,-1.257,-47.9981,27.989
707,18.82,-11.838,10.4456,3.6398,1.7873,-1.2436,-1.0405,3.291,55.519,55.626,36.1244,-17.5185,0.2,0.0,0.0,0.0,1.839,-1.1723,-0.924,2.3686,-0.0865,0,0,0,0.748,0.392,0.608,0,0,0.0,4,SEARCH_PHASE,1.7873,-1.2436,-47.9624,27.9641
708,18.847,-11.8022,10.4209,3.6199,1.7886,-1.2326,-0.9935,3.271,55.476,55.581,36.1244,-17.5185,0.2,0.0,0.0,0.0,1.8611,-1.1297,-0.876,2.3468,-0.0782,0,0,0,0.749,0.388,0.612,0,0,0.0,4,SEARCH_PHASE,1.7886,-1.2326,-47.9266,27.9394
709,18.875,-11.7664,10.3965,3.601,1.7911,-1.2217,-0.946,3.295,55.433,55.537,36.1244,-17.5185,0.2,0.0,0.0,0.0,1.8799,-1.0856,-0.828,2.3234,-0.0582,0,0,0,0.76,0.392,0.608,0,0,0.0,4,SEARCH_PHASE,1.7911,-1.2217,-47.8908,27.915
710,18.902,-11.7306,10.3723,3.583,1.7917,-1.21,-0.8986,3.351,55.389,55.493,36.1244,-17.5185,0.2,0.0,0.0,0.0,1.898,-1.0411,-0.78,2.301,-0.0865,0,0,0,0.761,0.397,0.603,0,0,0.0,4,SEARCH_PHASE,1.7917,-1.21,-47.855,27.8908
711,18.929,-11.6947,10.3484,3.566,1.7945,-1.195,-0.8504,3.392,55.346,55.449,36.1244,-17.5185,0.2,0.0,0.0,0.0,1.9131,-0.9955,-0.732,2.2775,-0.0606,0,0,0,0.764,0.398,0.602,0,0,0.0,4,SEARCH_PHASE,1.7945,-1.195,-47.8191,27.8669
712,18.958,-11.6588,10.3248,3.55,1.7954,-1.1791,-0.8019,3.45,55.304,55.405,36.1244,-17.5185,0.2,0.0,0.0,0.0,1.9263,-0.9494,-0.684,2.2539,-0.0964,0,0,0,0.765,0.401,0.599,0,0,0.0,4,SEARCH_PHASE,1.7954,-1.1791,-47.7832,27.8433
713,18.986,-11.6228,10.3016,3.5349,1.7984,-1.1599,-0.7536,2.625,55.261,55.361,36.1244,-17.5185,0.2,0.0,0.0,0.0,1.9352,-0.9022,-0.636,2.2279,-0.0654,0,0,0,0.769,0.407,0.593,0,0,0.0,4,SEARCH_PHASE,1.7984,-1.1599,-47.7472,27.8201
714,19.015,-11.5868,10.2788,3.5208,1.8017,-1.1407,-0.7048,2.711,55.218,55.318,36.1244,-17.5185,0.2,0.0,0.0,0.0,1.9382,-0.8543,-0.588,2.1982,-0.0938,0,0,0,0.769,0.408,0.592,0,0,0.0,4,SEARCH_PHASE,1.8017,-1.1407,-47.7112,27.7973
715,19.044,-11.5506,10.2564,3.5077,1.8076,-1.1184,-0.6564,2.698,55.176,55.275,36.1244,-17.5185,0.2,0.0,0.0,0.0,1.9414,-0.8064,-0.54,2.1705,-0.0667,0,0,0,0.771,0.409,0.591,0,0,0.0,4,SEARCH_PHASE,1.8076,-1.1184,-47.675,27.7749
716,19.072,-11.5144,10.2345,3.4955,1.8118,-1.0954,-0.6081,2.685,55.133,55.232,36.1244,-17.5185,0.2,0.0,0.0,0.0,1.9431,-0.7585,-0.492,2.1431,-0.0756,0,0,0,0.772,0.407,0.593,0,0,0.0,4,SEARCH_PHASE,1.8118,-1.0954,-47.6388,27.753
717,19.101,-11.478,10.2132,3.4843,1.8182,-1.0691,-0.5594,2.674,55.091,55.189,36.1244,-17.5185,0.2,0.0,0.0,0.0,1.9337,-0.7114,-0.444,2.1077,-0.0466,0,0,0,0.78,0.418,0.582,0,0,0.0,4,SEARCH_PHASE,1.8182,-1.0691,-47.6024,27.7317
718,19.129,-11.4415,10.1924,3.4741,1.8231,-1.0401,-0.5104,2.664,55.049,55.146,36.1244,-17.5185,0.2,0.0,0.0,0.0,1.9206,-0.6652,-0.396,2.0707,-0.0782,0,0,0,0.781,0.421,0.579,0,0,0.0,4,SEARCH_PHASE,1.8231,-1.0401,-47.566,27.7109
719,19.158,-11.4049,10.1722,3.4649,1.8304,-1.0059,-0.4622,2.655,55.007,55.104,36.1244,-17.5185,0.2,0.0,0.0,0.0,1.9059,-0.6195,-0.348,2.034,-0.0492,0,0,0,0.783,0.408,0.592,0,0,0.0,4,SEARCH_PHASE,1.8304,-1.0059,-47.5294,27.6907
720,19.187,-11.3682,10.1529,3.4566,1.8357,-0.9691,-0.414,2.647,54.966,55.062,36.1244,-17.5185,0.2,0.0,0.0,0.0,1.8906,-0.574,-0.3,1.9984,-0.0814,0,0,0,0.782,0.403,0.597,0,0,0.0,4,SEARCH_PHASE,1.8357,-0.9691,-47.4926,27.6714
721,19.216,-11.3314,10.1343,3.4492,1.8428,-0.9274,-0.3666,2.639,54.925,55.021,36.1244,-17.5185,0.2,0.0,0.0,0.0,1.8739,-0.529,-0.252,1.9634,-0.062,0,0,0,0.783,0.402,0.598,0,0,0.0,4,SEARCH_PHASE,1.8428,-0.9274,-47.4558,27.6528
722,19.245,-11.2944,10.1166,3.4429,1.8475,-0.8834,-0.3192,2.633,54.884,54.98,36.1244,-17.5185,0.2,0.0,0.0,0.0,1.8587,-0.4835,-0.204,1.9313,-0.0945,0,0,0,0.782,0.399,0.601,0,0,0.0,4,SEARCH_PHASE,1.8475,-0.8834,-47.4188,27.6351
723,19.273,-11.2574,10.0999,3.4374,1.8535,-0.8355,-0.2723,2.627,54.843,54.939,36.1244,-17.5185,0.2,0.0,0.0,0.0,1.8415,-0.4387,-0.156,1.8995,-0.0657,0,0,0,0.783,0.396,0.604,0,0,0.0,4,SEARCH_PHASE,1.8535,-0.8355,-47.3818,27.6184
724,19.301,-11.2202,10.0842,3.4329,1.8563,-0.7866,-0.2254,2.623,54.803,54.899,36.1244,-17.5185,0.2,0.0,0.0,0.0,1.8339,-0.3913,-0.108,1.8783,-0.0985,0,0,0,0.78,0.395,0.605,0,0,0.0,4,SEARCH_PHASE,1.8563,-0.7866,-47.3446,27.6027
725,19.33,-11.183,10.0695,3.4293,1.8598,-0.7341,-0.1789,2.619,54.764,54.859,36.1244,-17.5185,0.2,0.0,0.0,0.0,1.8199,-0.3454,-0.06,1.8534,-0.0804,0,0,0,0.781,0.4,0.6,0,0,0.0,4,SEARCH_PHASE,1.8598,-0.7341,-47.3074,27.588
726,19.357,-11.1458,10.0559,3.4267,1.8597,-0.6807,-0.1327,2.617,54.725,54.82,36.1244,-17.5185,0.2,0.0,0.0,0.0,1.8113,-0.2981,-0.012,1.8357,-0.1013,0,0,0,0.781,0.401,0.599,0,0,0.0,4,SEARCH_PHASE,1.8597,-0.6807,-47.2702,27.5744
727,19.383,-11.1086,10.0434,3.4249,1.8597,-0.625,-0.0866,2.615,54.687,54.782,36.1244,-17.5185,0.2,0.0,0.0,0.0,1.8046,-0.2506,0.036,1.8223,-0.0729,0,0,0,0.781,0.391,0.609,0,0,0.0,4,SEARCH_PHASE,1.8597,-0.625,-47.233,27.5619
728,19.411,-11.0715,10.032,3.4241,1.856,-0.5693,-0.0397,2.614,54.649,54.744,36.1244,-17.5185,0.2,0.0,0.0,0.0,1.8166,-0.2041,0.084,1.8299,-0.1039,0,0,0,0.779,0.403,0.597,0,0,0.0,4,SEARCH_PHASE,1.856,-0.5693,-47.1959,27.5505
729,19.438,-11.0345,10.0218,3.4243,1.8528,-0.5112,0.0066,2.614,54.612,54.707,36.1244,-17.5185,0.2,0.0,0.0,0.0,1.8253,-0.1569,0.132,1.8368,-0.0931,0,0,0,0.78,0.401,0.599,0,0,0.0,4,SEARCH_PHASE,1.8528,-0.5112,-47.1589,27.5403
730,19.464,-10.9975,10.0127,3.4253,1.8458,-0.4534,0.0526,2.615,54.575,54.67,36.1244,-17.5185,0.2,0.0,0.0,0.0,1.8132,-0.1105,0.18,1.8255,-0.1271,0,0,0,0.783,0.4,0.6,0,0,0.0,4,SEARCH_PHASE,1.8458,-0.4534,-47.122,27.5312
731,19.49,-10.9608,10.0048,3.4273,1.8389,-0.3948,0.0992,2.617,54.539,54.635,36.1244,-17.5185,0.2,0.0,0.0,0.0,1.8097,-0.0626,0.228,1.8251,-0.0881,0,0,0,0.783,0.398,0.602,0,0,0.0,4,SEARCH_PHASE,1.8389,-0.3948,-47.0852,27.5233
732,19.516,-10.9241,9.998,3.4302,1.8338,-0.3397,0.1465,2.52,54.504,54.6,36.1244,-17.5185,0.2,0.0,0.0,0.0,1.7857,-0.021,0.276,1.8071,-0.1225,0,0,0,0.786,0.405,0.595,0,0,0.0,4,SEARCH_PHASE,1.8338,-0.3397,-47.0485,27.5165
733,19.542,-10.8875,9.9923,3.4341,1.8281,-0.2841,0.1936,2.524,54.47,54.566,36.1244,-17.5185,0.2,0.0,0.0,0.0,1.7744,0.0256,0.324,1.8039,-0.0834,0,0,0,0.785,0.394,0.606,0,0,0.0,4,SEARCH_PHASE,1.8281,-0.2841,-47.0119,27.5108
734,19.568,-10.8511,9.9877,3.4389,1.8235,-0.2321,0.2407,2.529,54.436,54.532,36.1244,-17.5185,0.2,0.0,0.0,0.0,1.7511,0.0676,0.372,1.7914,-0.1231,0,0,0,0.788,0.406,0.594,0,0,0.0,4,SEARCH_PHASE,1.8235,-0.2321,-46.9755,27.5062
735,19.594,-10.8147,9.9841,3.4447,1.8177,-0.1796,0.2883,2.535,54.403,54.5,36.1244,-17.5185,0.2,0.0,0.0,0.0,1.7335,0.1122,0.42,1.7872,-0.074,0,0,0,0.788,0.394,0.606,0,0,0.0,4,SEARCH_PHASE,1.8177,-0.1796,-46.9391,27.5026
736,19.62,-10.7784,9.9815,3.4514,1.813,-0.1308,0.3366,2.541,54.37,54.467,36.1244,-17.5185,0.2,0.0,0.0,0.0,1.7083,0.1531,0.468,1.7779,-0.112,0,0,0,0.789,0.4,0.6,0,0,0.0,4,SEARCH_PHASE,1.813,-0.1308,-46.9029,27.5
737,19.645,-10.7423,9.9799,3.4591,1.8067,-0.0814,0.3843,2.549,54.338,54.436,36.1244,-17.5185,0.2,0.0,0.0,0.0,1.688,0.1966,0.516,1.776,-0.0623,0,0,0,0.789,0.395,0.605,0,0,0.0,4,SEARCH_PHASE,1.8067,-0.0814,-46.8667,27.4984
738,19.67,-10.7063,9.9792,3.4678,1.801,-0.0353,0.4326,2.558,54.307,54.405,36.1244,-17.5185,0.2,0.0,0.0,0.0,1.6662,0.2394,0.564,1.7753,-0.1006,0,0,0,0.79,0.394,0.606,0,0,0.0,4,SEARCH_PHASE,1.801,-0.0353,-46.8307,27.4977
739,19.695,-10.6704,9.9794,3.4774,1.7935,0.0118,0.4801,2.567,54.276,54.375,36.1244,-17.5185,0.2,0.0,0.0,0.0,1.6507,0.2848,0.612,1.7834,-0.0628,0,0,0,0.787,0.384,0.616,0,0,0.0,4,SEARCH_PHASE,1.7935,0.0118,-46.7948,27.4979
740,19.721,-10.6347,9.9805,3.4879,1.7861,0.0559,0.5282,2.578,54.246,54.345,36.1244,-17.5185,0.2,0.0,0.0,0.0,1.6778,0.3244,0.66,1.8319,-0.1003,0,0,0,0.783,0.368,0.632,0,0,0.0,4,SEARCH_PHASE,1.7861,0.0559,-46.7591,27.499
741,19.748,-10.5992,9.9825,3.4995,1.7769,0.1013,0.5762,2.589,54.216,54.317,36.1244,-17.5185,0.2,0.0,0.0,0.0,1.711,0.3591,0.708,1.8862,-0.0809,0,0,0,0.782,0.369,0.631,0,0,0.0,4,SEARCH_PHASE,1.7769,0.1013,-46.7236,27.501
742,19.774,-10.5639,9.9854,3.5119,1.7639,0.1444,0.623,2.602,54.187,54.288,36.1244,-17.5185,0.2,0.0,0.0,0.0,1.7581,0.3683,0.756,1.9489,-0.1103,0,0,0,0.781,0.378,0.622,0,0,0.0,4,SEARCH_PHASE,1.7639,0.1444,-46.6883,27.5039
743,19.8,-10.5289,9.9892,3.5253,1.7514,0.1878,0.6697,2.615,54.159,54.261,36.1244,-17.5185,0.2,0.0,0.0,0.0,1.7912,0.4031,0.804,2.0043,-0.085,0,0,0,0.782,0.373,0.627,0,0,0.0,4,SEARCH_PHASE,1.7514,0.1878,-46.6533,27.5077
744,19.826,-10.4941,9.9938,3.5396,1.7365,0.2286,0.7167,2.63,54.131,54.234,36.1244,-17.5185,0.2,0.0,0.0,0.0,1.7902,0.4511,0.852,2.0333,-0.1195,0,0,0,0.784,0.376,0.624,0,0,0.0,4,SEARCH_PHASE,1.7365,0.2286,-46.6185,27.5123
745,19.851,-10.4597,9.9991,3.5549,1.7233,0.2693,0.7646,2.645,54.104,54.208,36.1244,-17.5185,0.2,0.0,0.0,0.0,1.8053,0.4967,0.9,2.0774,-0.073,0,0,0,0.784,0.373,0.627,0,0,0.0,4,SEARCH_PHASE,1.7233,0.2693,-46.5841,27.5176
746,19.876,-10.4254,10.0053,3.5712,1.7143,0.3061,0.8132,2.761,54.078,54.183,36.1244,-17.5185,0.2,0.0,0.0,0.0,1.7926,0.543,0.948,2.0993,-0.1123,0,0,0,0.786,0.38,0.62,0,0,0.0,4,SEARCH_PHASE,1.7143,0.3061,-46.5498,27.5238
747,19.901,-10.3912,10.0121,3.5884,1.7067,0.3435,0.8618,2.778,54.052,54.158,36.1244,-17.5185,0.2,0.0,0.0,0.0,1.7789,0.589,0.996,2.1221,-0.0645,0,0,0,0.785,0.377,0.623,0,0,0.0,4,SEARCH_PHASE,1.7067,0.3435,-46.5157,27.5306
748,19.926,-10.3572,10.0197,3.6066,1.7029,0.3772,0.9108,2.797,54.027,54.134,36.1244,-17.5185,0.2,0.0,0.0,0.0,1.761,0.6336,1.044,2.143,-0.1,0,0,0,0.786,0.386,0.614,0,0,0.0,4,SEARCH_PHASE,1.7029,0.3772,-46.4816,27.5382
749,19.951,-10.3232,10.0279,3.6258,1.7002,0.4118,0.9589,2.816,54.002,54.11,36.1244,-17.5185,0.2,0.0,0.0,0.0,1.7449,0.6788,1.092,2.1675,-0.0552,0,0,0,0.785,0.386,0.614,0,0,0.0,4,SEARCH_PHASE,1.7002,0.4118,-46.4476,27.5464
750,19.976,-10.2892,10.0368,3.646,1.7011,0.4437,1.0078,2.836,53.977,54.087,36.1244,-17.5185,0.2,0.0,0.0,0.0,1.7391,0.7264,1.14,2.2027,-0.0867,0,0,0,0.782,0.381,0.619,0,0,0.0,4,SEARCH_PHASE,1.7011,0.4437,-46.4136,27.5553
751,20.001,-10.2551,10.0463,3.6671,1.703,0.4773,1.0563,2.857,53.953,54.064,36.1244,-17.5185,0.2,0.0,0.0,0.0,1.7339,0.7741,1.188,2.2399,-0.0628,0,0,0,0.781,0.382,0.618,0,0,0.0,4,SEARCH_PHASE,1.703,0.4773,-46.3795,27.5648
752,20.026,-10.221,10.0565,3.6892,1.7027,0.5099,1.1049,2.879,53.929,54.041,36.1244,-17.5185,0.2,0.0,0.0,0.0,1.7641,0.7368,1.236,2.2766,-0.0835,0,0,0,0.778,0.373,0.627,0,0,0.0,4,SEARCH_PHASE,1.7027,0.5099,-46.3455,27.575
753,20.051,-10.187,10.0674,3.7122,1.7044,0.5435,1.1517,2.902,53.905,54.019,36.1244,-17.5185,0.2,0.0,0.0,0.0,1.7936,0.699,1.284,2.314,-0.0596,0,0,0,0.776,0.374,0.626,0,0,0.0,4,SEARCH_PHASE,1.7044,0.5435,-46.3114,27.5859
754,20.077,-10.1529,10.0789,3.7362,1.7037,0.5764,1.1973,2.926,53.881,53.997,36.1244,-17.5185,0.2,0.0,0.0,0.0,1.8347,0.6741,1.332,2.3653,-0.1004,0,0,0,0.776,0.375,0.625,0,0,0.0,4,SEARCH_PHASE,1.7037,0.5764,-46.2773,27.5974
755,20.103,-10.1188,10.0912,3.761,1.7048,0.6112,1.2426,2.951,53.858,53.976,36.1244,-17.5185,0.2,0.0,0.0,0.0,1.863,0.6354,1.38,2.4039,-0.1203,0,0,0,0.775,0.373,0.627,0,0,0.0,4,SEARCH_PHASE,1.7048,0.6112,-46.2432,27.6097
756,20.128,-10.0846,10.104,3.7868,1.7086,0.644,1.2879,2.977,53.836,53.955,36.1244,-17.5185,0.2,0.0,0.0,0.0,1.9108,0.6304,1.428,2.4673,-0.0905,0,0,0,0.776,0.382,0.618,0,0,0.0,4,SEARCH_PHASE,1.7086,0.644,-46.209,27.6225
757,20.153,-10.0504,10.1175,3.8135,1.7112,0.6727,1.3347,3.003,53.813,53.934,36.1244,-17.5185,0.2,0.0,0.0,0.0,1.9137,0.6783,1.476,2.5102,-0.1295,0,0,0,0.779,0.384,0.616,0,0,0.0,4,SEARCH_PHASE,1.7112,0.6727,-46.1748,27.636
758,20.178,-10.0161,10.1315,3.8411,1.7165,0.6996,1.3831,3.031,53.791,53.914,36.1244,-17.5185,0.2,0.0,0.0,0.0,1.9069,0.7259,1.524,2.5467,-0.077,0,0,0,0.78,0.383,0.617,0,0,0.0,4,SEARCH_PHASE,1.7165,0.6996,-46.1405,27.65
759,20.203,-9.9815,10.1459,3.8698,1.7267,0.7202,1.4318,2.96,53.769,53.894,36.1244,-17.5185,0.2,0.0,0.0,0.0,1.8971,0.7728,1.572,2.5821,-0.1103,0,0,0,0.779,0.386,0.614,0,0,0.0,4,SEARCH_PHASE,1.7267,0.7202,-46.1059,27.6644
760,20.228,-9.9467,10.1607,3.8994,1.739,0.7392,1.4803,3.799,53.747,53.874,36.1244,-17.5185,0.2,0.0,0.0,0.0,1.9337,0.8039,1.62,2.6476,-0.073,0,0,0,0.775,0.386,0.614,0,0,0.0,4,SEARCH_PHASE,1.739,0.7392,-46.0712,27.6792
761,20.253,-9.9117,10.1757,3.93,1.7525,0.7531,1.5292,3.83,53.724,53.854,36.1244,-17.5185,0.2,0.0,0.0,0.0,1.9753,0.7799,1.668,2.7005,-0.0677,0,0,0,0.773,0.383,0.617,0,0,0.0,4,SEARCH_PHASE,1.7525,0.7531,-46.0361,27.6942
762,20.278,-9.8764,10.1911,3.9615,1.7654,0.7663,1.578,3.862,53.702,53.833,36.1244,-17.5185,0.2,0.0,0.0,0.0,1.9866,0.7333,1.7,2.7156,-0.0876,0,0,0,0.77,0.379,0.621,0,0,0.0,4,SEARCH_PHASE,1.7654,0.7663,-46.0008,27.7096
763,20.304,-9.8408,10.2067,3.9939,1.7812,0.7799,1.6189,3.894,53.679,53.813,36.1244,-17.5185,0.2,0.0,0.0,0.0,1.9928,0.6857,1.7,2.7076,-0.1299,0,0,0,0.77,0.381,0.619,0,0,0.0,4,SEARCH_PHASE,1.7812,0.7799,-45.9652,27.7252
764,20.33,-9.8049,10.2225,4.0268,1.7953,0.7914,1.6454,3.927,53.657,53.793,36.1244,-17.5185,0.2,0.0,0.0,0.0,1.9974,0.6379,1.7,2.6993,-0.0823,0,0,0,0.767,0.378,0.622,0,0,0.0,4,SEARCH_PHASE,1.7953,0.7914,-45.9293,27.741
765,20.356,-9.7687,10.2384,4.0601,1.8101,0.7976,1.6618,3.96,53.634,53.773,36.1244,-17.5185,0.2,0.0,0.0,0.0,2.0034,0.5903,1.7,2.693,-0.1254,0,0,0,0.766,0.376,0.624,0,0,0.0,4,SEARCH_PHASE,1.8101,0.7976,-45.8931,27.7569
766,20.383,-9.7322,10.2545,4.0935,1.8238,0.8027,1.6722,3.994,53.611,53.752,36.1244,-17.5185,0.2,0.0,0.0,0.0,2.0094,0.5426,1.7,2.6874,-0.1407,0,0,0,0.766,0.372,0.628,0,0,0.0,4,SEARCH_PHASE,1.8238,0.8027,-45.8566,27.773
767,20.409,-9.6954,10.2706,4.1271,1.8384,0.8036,1.6791,4.027,53.588,53.732,36.1244,-17.5185,0.2,0.0,0.0,0.0,2.0143,0.4949,1.7,2.6819,-0.1032,0,0,0,0.766,0.373,0.627,0,0,0.0,4,SEARCH_PHASE,1.8384,0.8036,-45.8198,27.7891
768,20.435,-9.6583,10.2865,4.1608,1.8539,0.7987,1.6847,4.061,53.565,53.711,36.1244,-17.5185,0.2,0.0,0.0,0.0,2.017,0.447,1.7,2.6755,-0.1447,0,0,0,0.771,0.358,0.642,0,0,0.0,4,SEARCH_PHASE,1.8539,0.7987,-45.7827,27.805
769,20.461,-9.6209,10.3024,4.1946,1.8699,0.7908,1.6892,4.095,53.541,53.69,36.1244,-17.5185,0.2,0.0,0.0,0.0,2.023,0.3993,1.7,2.6724,-0.1334,0,0,0,0.77,0.361,0.639,0,0,0.0,4,SEARCH_PHASE,1.8699,0.7908,-45.7453,27.8209
770,20.488,-9.5832,10.3179,4.2284,1.8882,0.777,1.6927,4.128,53.517,53.668,36.1244,-17.5185,0.2,0.0,0.0,0.0,2.0225,0.3513,1.7,2.6653,-0.1479,0,0,0,0.764,0.359,0.641,0,0,0.0,4,SEARCH_PHASE,1.8882,0.777,-45.7076,27.8364
771,20.514,-9.5451,10.333,4.2623,1.906,0.7575,1.6963,4.162,53.492,53.646,36.1244,-17.5185,0.2,0.0,0.0,0.0,2.0207,0.3034,1.7,2.6581,-0.1043,0,0,0,0.762,0.359,0.641,0,0,0.0,4,SEARCH_PHASE,1.906,0.7575,-45.6695,27.8515
772,20.541,-9.5066,10.3477,4.2963,1.9247,0.7317,1.6987,4.196,53.467,53.624,36.1244,-17.5185,0.2,0.0,0.0,0.0,2.0137,0.2559,1.7,2.6477,-0.1468,0,0,0,0.761,0.36,0.64,0,0,0.0,4,SEARCH_PHASE,1.9247,0.7317,-45.631,27.8662
773,20.567,-9.4677,10.3617,4.3303,1.9423,0.7026,1.7011,4.23,53.441,53.6,36.1244,-17.5185,0.2,0.0,0.0,0.0,2.0065,0.2084,1.7,2.6381,-0.0979,0,0,0,0.762,0.355,0.645,0,0,0.0,4,SEARCH_PHASE,1.9423,0.7026,-45.5921,27.8802
774,20.594,-9.4285,10.3751,4.3644,1.9603,0.6673,1.7021,4.264,53.415,53.577,36.1244,-17.5185,0.2,0.0,0.0,0.0,1.9976,0.1613,1.7,2.628,-0.1298,0,0,0,0.756,0.354,0.646,0,0,0.0,4,SEARCH_PHASE,1.9603,0.6673,-45.5529,27.8936
775,20.621,-9.389,10.3877,4.3985,1.977,0.629,1.7035,4.298,53.387,53.552,36.1244,-17.5185,0.2,0.0,0.0,0.0,1.989,0.114,1.652,2.5881,-0.1066,0,0,0,0.753,0.354,0.646,0,0,0.0,4,SEARCH_PHASE,1.977,0.629,-45.5134,27.9062
776,20.647,-9.3492,10.3994,4.4322,1.9893,0.5891,1.6874,4.332,53.36,53.527,36.1244,-17.5185,0.2,0.0,0.0,0.0,1.9803,0.0668,1.604,2.5493,-0.1293,0,0,0,0.75,0.348,0.652,0,0,0.0,4,SEARCH_PHASE,1.9893,0.5891,-45.4736,27.9179
777,20.675,-9.3092,10.4104,4.4654,2.0008,0.5484,1.66,4.365,53.331,53.502,36.1244,-17.5185,0.2,0.0,0.0,0.0,1.9712,0.0197,1.556,2.5114,-0.135,0,0,0,0.748,0.335,0.665,0,0,0.0,4,SEARCH_PHASE,2.0008,0.5484,-45.4336,27.9289
778,20.701,-9.269,10.4205,4.4979,2.0091,0.5049,1.6259,4.398,53.302,53.475,36.1244,-17.5185,0.2,0.0,0.0,0.0,1.9617,-0.0273,1.508,2.4745,-0.1434,0,0,0,0.727,0.335,0.665,0,0,0.0,4,SEARCH_PHASE,2.0091,0.5049,-45.3934,27.939
779,20.728,-9.2287,10.4297,4.5297,2.0166,0.4577,1.5871,4.43,53.273,53.449,36.1244,-17.5185,0.2,0.0,0.0,0.0,1.9527,-0.0745,1.46,2.4393,-0.1202,0,0,0,0.725,0.336,0.664,0,0,0.0,4,SEARCH_PHASE,2.0166,0.4577,-45.3531,27.9482
780,20.755,-9.1882,10.4378,4.5606,2.0211,0.4064,1.5452,4.461,53.243,53.421,36.1244,-17.5185,0.2,0.0,0.0,0.0,1.9457,-0.122,1.412,2.4072,-0.1417,0,0,0,0.719,0.325,0.675,0,0,0.0,4,SEARCH_PHASE,2.0211,0.4064,-45.3126,27.9563
781,20.782,-9.1477,10.4448,4.5906,2.0242,0.3522,1.5011,4.491,53.212,53.393,36.1244,-17.5185,0.2,0.0,0.0,0.0,1.9395,-0.1696,1.364,2.3771,-0.1243,0,0,0,0.727,0.324,0.676,0,0,0.0,4,SEARCH_PHASE,2.0242,0.3522,-45.2722,27.9633
782,20.81,-9.1073,10.4507,4.6197,2.0235,0.2942,1.4545,4.52,53.181,53.364,36.1244,-17.5185,0.2,0.0,0.0,0.0,1.9343,-0.2173,1.316,2.3496,-0.0928,0,0,0,0.724,0.319,0.681,0,0,0.0,4,SEARCH_PHASE,2.0235,0.2942,-45.2317,27.9692
783,20.837,-9.0669,10.4554,4.6478,2.0212,0.233,1.4063,4.548,53.149,53.335,36.1244,-17.5185,0.2,0.0,0.0,0.0,1.9292,-0.265,1.268,2.3238,-0.1291,0,0,0,0.72,0.318,0.682,0,0,0.0,4,SEARCH_PHASE,2.0212,0.233,-45.1913,27.9739
784,20.865,-9.0265,10.4588,4.675,2.0164,0.171,1.3575,4.575,53.116,53.304,36.1244,-17.5185,0.2,0.0,0.0,0.0,1.9247,-0.3128,1.22,2.3001,-0.1078,0,0,0,0.718,0.314,0.686,0,0,0.0,4,SEARCH_PHASE,2.0164,0.171,-45.1509,27.9773
785,20.893,-8.9863,10.4609,4.7011,2.0103,0.1062,1.3071,4.601,53.083,53.274,36.1244,-17.5185,0.2,0.0,0.0,0.0,1.921,-0.3607,1.172,2.2791,-0.0692,0,0,0,0.717,0.309,0.691,0,0,0.0,4,SEARCH_PHASE,2.0103,0.1062,-45.1107,27.9794
786,20.92,-8.9462,10.4617,4.7262,2.0039,0.04,1.2561,4.626,53.05,53.242,36.1244,-17.5185,0.2,0.0,0.0,0.0,1.9185,-0.4086,1.124,2.2608,-0.099,0,0,0,0.714,0.305,0.695,0,0,0.0,4,SEARCH_PHASE,2.0039,0.04,-45.0707,27.9802
787,20.948,-8.9063,10.4612,4.7503,1.9959,-0.0252,1.2051,4.65,53.015,53.21,36.1244,-17.5185,0.2,0.0,0.0,0.0,1.9158,-0.4565,1.076,2.2442,-0.0853,0,0,0,0.713,0.3,0.7,0,0,0.0,4,SEARCH_PHASE,1.9959,-0.0252,-45.0307,27.9797
788,20.976,-8.8666,10.4594,4.7734,1.9863,-0.0912,1.1535,4.673,52.981,53.178,36.1244,-17.5185,0.2,0.0,0.0,0.0,1.9138,-0.5045,1.028,2.2302,-0.0788,0,0,0,0.711,0.295,0.705,0,0,0.0,4,SEARCH_PHASE,1.9863,-0.0912,-44.991,27.9779
789,21.004,-8.8271,10.4562,4.7954,1.9773,-0.1574,1.1029,4.695,52.945,53.145,36.1244,-17.5185,0.2,0.0,0.0,0.0,1.9111,-0.5524,0.98,2.2176,-0.0775,0,0,0,0.721,0.292,0.708,0,0,0.0,4,SEARCH_PHASE,1.9773,-0.1574,-44.9515,27.9747
790,21.033,-8.7877,10.4518,4.8165,1.9674,-0.2227,1.0523,4.716,52.91,53.111,36.1244,-17.5185,0.2,0.0,0.0,0.0,1.9088,-0.6004,0.932,2.2074,-0.0995,0,0,0,0.72,0.292,0.708,0,0,0.0,4,SEARCH_PHASE,1.9674,-0.2227,-44.9121,27.9703
791,21.061,-8.7485,10.4461,4.8365,1.9586,-0.2869,1.0024,4.737,52.873,53.076,36.1244,-17.5185,0.2,0.0,0.0,0.0,1.9071,-0.6483,0.884,2.1997,-0.063,0,0,0,0.72,0.289,0.711,0,0,0.0,4,SEARCH_PHASE,1.9586,-0.2869,-44.8729,27.9646
792,21.088,-8.7095,10.439,4.8556,1.9502,-0.3509,0.9525,4.756,52.837,53.041,36.1244,-17.5185,0.2,0.0,0.0,0.0,1.9056,-0.6963,0.836,2.1943,-0.0969,0,0,0,0.719,0.287,0.713,0,0,0.0,4,SEARCH_PHASE,1.9502,-0.3509,-44.8339,27.9575
793,21.115,-8.6707,10.4308,4.8737,1.9408,-0.4124,0.9033,4.774,52.799,53.006,36.1244,-17.5185,0.2,0.0,0.0,0.0,1.9047,-0.7443,0.788,2.1915,-0.0677,0,0,0,0.709,0.284,0.716,0,0,0.0,4,SEARCH_PHASE,1.9408,-0.4124,-44.7951,27.9493
794,21.142,-8.6321,10.4213,4.8907,1.9316,-0.4734,0.8541,4.791,52.762,52.97,36.1244,-17.5185,0.2,0.0,0.0,0.0,1.9046,-0.7923,0.74,2.1915,-0.0938,0,0,0,0.699,0.276,0.724,0,0,0.0,4,SEARCH_PHASE,1.9316,-0.4734,-44.7565,27.9398
795,21.17,-8.5936,10.4107,4.9069,1.9225,-0.5322,0.8057,4.807,52.723,52.933,36.1244,-17.5185,0.2,0.0,0.0,0.0,1.9048,-0.8403,0.692,2.1939,-0.0759,0,0,0,0.692,0.275,0.725,0,0,0.0,4,SEARCH_PHASE,1.9225,-0.5322,-44.718,27.9292
796,21.197,-8.5554,10.3989,4.922,1.9123,-0.5901,0.7569,4.822,52.685,52.896,36.1244,-17.5185,0.2,0.0,0.0,0.0,1.9053,-0.8883,0.644,2.1986,-0.0817,0,0,0,0.672,0.275,0.725,0,0,0.0,4,SEARCH_PHASE,1.9123,-0.5901,-44.6798,27.9174
797,21.224,-8.5173,10.3859,4.9362,1.9031,-0.6463,0.7091,4.836,52.645,52.858,36.1244,-17.5185,0.2,0.0,0.0,0.0,1.9057,-0.9363,0.596,2.2053,-0.0627,0,0,0,0.671,0.272,0.728,0,0,0.0,4,SEARCH_PHASE,1.9031,-0.6463,-44.6417,27.9044
798,21.252,-8.4795,10.3719,4.9494,1.8929,-0.7008,0.6616,4.849,52.606,52.82,36.1244,-17.5185,0.2,0.0,0.0,0.0,1.9061,-0.9843,0.548,2.2141,-0.0872,0,0,0,0.67,0.268,0.732,0,0,0.0,4,SEARCH_PHASE,1.8929,-0.7008,-44.6039,27.8904
799,21.279,-8.4418,10.3569,4.9617,1.8838,-0.7525,0.6147,4.862,52.566,52.781,36.1244,-17.5185,0.2,0.0,0.0,0.0,1.9064,-1.0323,0.5,2.2249,-0.0686,0,0,0,0.672,0.268,0.732,0,0,0.0,4,SEARCH_PHASE,1.8838,-0.7525,-44.5662,27.8754
800,21.306,-8.4043,10.3408,4.9731,1.8742,-0.8029,0.568,4.873,52.526,52.742,36.1244,-17.5185,0.2,0.0,0.0,0.0,1.9067,-1.0803,0.452,2.2376,-0.091,0,0,0,0.67,0.266,0.734,0,0,0.0,4,SEARCH_PHASE,1.8742,-0.8029,-44.5287,27.8593
801,21.333,-8.367,10.3238,4.9835,1.8662,-0.8508,0.5217,4.883,52.485,52.703,36.1244,-17.5185,0.2,0.0,0.0,0.0,1.907,-1.1283,0.404,2.2523,-0.0721,0,0,0,0.672,0.263,0.737,0,0,0.0,4,SEARCH_PHASE,1.8662,-0.8508,-44.4914,27.8423
802,21.359,-8.3298,10.3059,4.993,1.8575,-0.8974,0.4751,4.893,52.444,52.663,36.1244,-17.5185,0.2,0.0,0.0,0.0,1.9072,-1.1763,0.356,2.2688,-0.1015,0,0,0,0.672,0.263,0.737,0,0,0.0,4,SEARCH_PHASE,1.8575,-0.8974,-44.4542,27.8244
803,21.385,-8.2928,10.287,5.0016,1.8501,-0.9416,0.429,4.902,52.403,52.622,36.1244,-17.5185,0.2,0.0,0.0,0.0,1.9071,-1.1939,0.308,2.271,-0.0909,0,0,0,0.675,0.271,0.729,0,0,0.0,4,SEARCH_PHASE,1.8501,-0.9416,-44.4172,27.8055
804,21.411,-8.256,10.2673,5.0092,1.8439,-0.985,0.3818,4.909,52.361,52.581,36.1244,-17.5185,0.2,0.0,0.0,0.0,1.9071,-1.194,0.26,2.265,-0.1055,0,0,0,0.679,0.272,0.728,0,0,0.0,4,SEARCH_PHASE,1.8439,-0.985,-44.3804,27.7858
805,21.437,-8.2191,10.2468,5.0159,1.8405,-1.0265,0.3331,4.916,52.319,52.54,36.1244,-17.5185,0.2,0.0,0.0,0.0,1.907,-1.1941,0.212,2.26,-0.0738,0,0,0,0.68,0.27,0.73,0,0,0.0,4,SEARCH_PHASE,1.8405,-1.0265,-44.3436,27.7653
806,21.462,-8.1824,10.2254,5.0215,1.8379,-1.0676,0.2832,4.922,52.276,52.498,36.1244,-17.5185,0.2,0.0,0.0,0.0,1.907,-1.1941,0.164,2.256,-0.0572,0,0,0,0.68,0.275,0.725,0,0,0.0,4,SEARCH_PHASE,1.8379,-1.0676,-44.3068,27.7439
807,21.488,-8.1457,10.2033,5.0262,1.835,-1.1066,0.2327,4.926,52.234,52.456,36.1244,-17.5185,0.2,0.0,0.0,0.0,1.907,-1.1941,0.116,2.253,-0.0737,0,0,0,0.68,0.278,0.722,0,0,0.0,4,SEARCH_PHASE,1.835,-1.1066,-44.2701,27.7218
808,21.513,-8.109,10.1805,5.0299,1.8339,-1.1427,0.1837,4.93,52.19,52.413,36.1244,-17.5185,0.2,0.0,0.0,0.0,1.907,-1.1941,0.068,2.251,-0.0551,0,0,0,0.675,0.276,0.724,0,0,0.0,4,SEARCH_PHASE,1.8339,-1.1427,-44.2334,27.699
809,21.538,-8.0723,10.1569,5.0326,1.833,-1.1763,0.1351,4.933,52.147,52.37,36.1244,-17.5185,0.2,0.0,0.0,0.0,1.907,-1.1941,0.02,2.2501,-0.0646,0,0,0,0.674,0.272,0.728,0,0,0.0,4,SEARCH_PHASE,1.833,-1.1763,-44.1968,27.6754
810,21.563,-8.0357,10.1328,5.0343,1.8344,-1.2065,0.0872,4.934,52.103,52.327,36.1244,-17.5185,0.2,0.0,0.0,0.0,1.907,-1.1941,-0.028,2.2502,-0.0451,0,0,0,0.677,0.278,0.722,0,0,0.0,4,SEARCH_PHASE,1.8344,-1.2065,-44.1601,27.6513
811,21.589,-7.9989,10.1081,5.0351,1.836,-1.2335,0.04,4.935,52.059,52.283,36.1244,-17.5185,0.2,0.0,0.0,0.0,1.907,-1.194,-0.076,2.2513,-0.0714,0,0,0,0.668,0.273,0.727,0,0,0.0,4,SEARCH_PHASE,1.836,-1.2335,-44.1234,27.6266
812,21.614,-7.9621,10.083,5.035,1.8397,-1.256,-0.0067,4.935,52.014,52.238,36.1244,-17.5185,0.2,0.0,0.0,0.0,1.9071,-1.194,-0.124,2.2534,-0.0502,0,0,0,0.671,0.272,0.728,0,0,0.0,4,SEARCH_PHASE,1.8397,-1.256,-44.0866,27.6015
813,21.64,-7.9253,10.0575,5.0339,1.8432,-1.2755,-0.053,4.934,51.969,52.194,36.1244,-17.5185,0.2,0.0,0.0,0.0,1.9071,-1.1939,-0.172,2.2566,-0.0775,0,0,0,0.669,0.263,0.737,0,0,0.0,4,SEARCH_PHASE,1.8432,-1.2755,-44.0497,27.576
814,21.665,-7.8883,10.0317,5.0319,1.8483,-1.2906,-0.0991,4.932,51.924,52.149,36.1244,-17.5185,0.2,0.0,0.0,0.0,1.9072,-1.1938,-0.22,2.2607,-0.0564,0,0,0,0.662,0.266,0.734,0,0,0.0,4,SEARCH_PHASE,1.8483,-1.2906,-44.0127,27.5502
815,21.691,-7.8513,10.0056,5.029,1.8526,-1.3028,-0.1456,4.929,51.879,52.103,36.1244,-17.5185,0.2,0.0,0.0,0.0,1.9072,-1.1937,-0.268,2.2659,-0.0758,0,0,0,0.663,0.263,0.737,0,0,0.0,4,SEARCH_PHASE,1.8526,-1.3028,-43.9757,27.5241
816,21.716,-7.8141,9.9794,5.0252,1.8581,-1.3109,-0.1914,4.925,51.834,52.058,36.1244,-17.5185,0.2,0.0,0.0,0.0,1.9073,-1.1936,-0.316,2.2721,-0.0462,0,0,0,0.665,0.258,0.742,0,0,0.0,4,SEARCH_PHASE,1.8581,-1.3109,-43.9385,27.4979
817,21.742,-7.7768,9.9531,5.0204,1.8629,-1.3161,-0.237,4.92,51.788,52.012,36.1244,-17.5185,0.2,0.0,0.0,0.0,1.9073,-1.1935,-0.364,2.2793,-0.0694,0,0,0,0.655,0.26,0.74,0,0,0.0,4,SEARCH_PHASE,1.8629,-1.3161,-43.9013,27.4716
818,21.767,-7.7395,9.9268,5.0148,1.8679,-1.3171,-0.2836,4.915,51.742,51.966,36.1244,-17.5185,0.2,0.0,0.0,0.0,1.9074,-1.1934,-0.412,2.2874,-0.0606,0,0,0,0.658,0.256,0.744,0,0,0.0,4,SEARCH_PHASE,1.8679,-1.3171,-43.8639,27.4453
819,21.792,-7.7021,9.9004,5.0082,1.8712,-1.3153,-0.3294,4.908,51.697,51.92,36.1244,-17.5185,0.2,0.0,0.0,0.0,1.9075,-1.1934,-0.46,2.2965,-0.0878,0,0,0,0.658,0.26,0.74,0,0,0.0,4,SEARCH_PHASE,1.8712,-1.3153,-43.8265,27.4189
820,21.818,-7.6646,9.8742,5.0007,1.8745,-1.3103,-0.3757,4.901,51.651,51.874,36.1244,-17.5185,0.2,0.0,0.0,0.0,1.9075,-1.1933,-0.508,2.3066,-0.0648,0,0,0,0.651,0.264,0.736,0,0,0.0,4,SEARCH_PHASE,1.8745,-1.3103,-43.789,27.3927
821,21.843,-7.627,9.8482,4.9922,1.8767,-1.3037,-0.4222,4.892,51.605,51.827,36.1244,-17.5185,0.2,0.0,0.0,0.0,1.9076,-1.1932,-0.556,2.3177,-0.0898,0,0,0,0.552,0.26,0.74,0,0,0.0,4,SEARCH_PHASE,1.8767,-1.3037,-43.7514,27.3667
822,21.869,-7.5894,9.8223,4.9828,1.8795,-1.2942,-0.4694,4.883,51.56,51.781,36.1244,-17.5185,0.2,0.0,0.0,0.0,1.9076,-1.1931,-0.604,2.3297,-0.0932,0,0,0,0.552,0.26,0.74,0,0,0.0,4,SEARCH_PHASE,1.8795,-1.2942,-43.7139,27.3408
823,21.894,-7.5518,9.7966,4.9725,1.881,-1.2833,-0.5167,4.873,51.514,51.735,36.1244,-17.5185,0.2,0.0,0.0,0.0,1.9077,-1.193,-0.652,2.3426,-0.0963,0,0,0,0.548,0.256,0.744,0,0,0.0,4,SEARCH_PHASE,1.881,-1.2833,-43.6762,27.3151
824,21.92,-7.5142,9.7712,4.9612,1.8826,-1.2713,-0.5643,4.861,51.469,51.689,36.1244,-17.5185,0.2,0.0,0.0,0.0,1.9077,-1.193,-0.7,2.3564,-0.0798,0,0,0,0.55,0.256,0.744,0,0,0.0,4,SEARCH_PHASE,1.8826,-1.2713,-43.6386,27.2897
825,21.946,-7.4765,9.746,4.949,1.8827,-1.259,-0.6124,4.849,51.424,51.643,36.1244,-17.5185,0.2,0.0,0.0,0.0,1.9077,-1.1929,-0.748,2.3711,-0.1017,0,0,0,0.554,0.25,0.75,0,0,0.0,4,SEARCH_PHASE,1.8827,-1.259,-43.6009,27.2645
826,21.971,-7.4389,9.7211,4.9358,1.8833,-1.2452,-0.6602,4.836,51.379,51.596,36.1244,-17.5185,0.2,0.0,0.0,0.0,1.9077,-1.1929,-0.796,2.3867,-0.1005,0,0,0,0.55,0.253,0.747,0,0,0.0,4,SEARCH_PHASE,1.8833,-1.2452,-43.5633,27.2396
827,21.997,-7.4012,9.6965,4.9216,1.8826,-1.2315,-0.7087,4.822,51.334,51.55,36.1244,-17.5185,0.2,0.0,0.0,0.0,1.9078,-1.1929,-0.844,2.4031,-0.1142,0,0,0,0.551,0.251,0.749,0,0,0.0,4,SEARCH_PHASE,1.8826,-1.2315,-43.5256,27.215
828,22.023,-7.3636,9.6721,4.9065,1.8822,-1.2178,-0.7569,4.806,51.289,51.504,36.1244,-17.5185,0.2,0.0,0.0,0.0,1.9078,-1.1928,-0.892,2.4204,-0.0919,0,0,0,0.554,0.256,0.744,0,0,0.0,4,SEARCH_PHASE,1.8822,-1.2178,-43.488,27.1906
829,22.049,-7.3259,9.648,4.8904,1.8811,-1.2054,-0.8042,4.79,51.244,51.458,36.1244,-17.5185,0.2,0.0,0.0,0.0,1.9078,-1.1928,-0.94,2.4385,-0.1127,0,0,0,0.556,0.257,0.743,0,0,0.0,4,SEARCH_PHASE,1.8811,-1.2054,-43.4503,27.1665
830,22.075,-7.2883,9.6242,4.8733,1.8813,-1.193,-0.8517,4.773,51.199,51.412,36.1244,-17.5185,0.2,0.0,0.0,0.0,1.9078,-1.1928,-0.988,2.4574,-0.0912,0,0,0,0.558,0.26,0.74,0,0,0.0,4,SEARCH_PHASE,1.8813,-1.193,-43.4127,27.1427
831,22.102,-7.2507,9.6005,4.8554,1.8807,-1.1819,-0.8993,4.755,51.155,51.366,36.1244,-17.5185,0.2,0.0,0.0,0.0,1.9078,-1.1928,-1.036,2.4771,-0.1119,0,0,0,0.56,0.258,0.742,0,0,0.0,4,SEARCH_PHASE,1.8807,-1.1819,-43.3751,27.119
832,22.129,-7.2131,9.5771,4.8364,1.881,-1.171,-0.9469,4.736,51.111,51.321,36.1244,-17.5185,0.2,0.0,0.0,0.0,1.9078,-1.1928,-1.084,2.4975,-0.0908,0,0,0,0.564,0.264,0.736,0,0,0.0,4,SEARCH_PHASE,1.881,-1.171,-43.3375,27.0956
833,22.155,-7.1755,9.5539,4.8165,1.8803,-1.1615,-0.9945,4.717,51.067,51.275,36.1244,-17.5185,0.2,0.0,0.0,0.0,1.9078,-1.1928,-1.132,2.5187,-0.1113,0,0,0,0.562,0.264,0.736,0,0,0.0,4,SEARCH_PHASE,1.8803,-1.1615,-43.2999,27.0724
834,22.182,-7.1379,9.5308,4.7957,1.8802,-1.1523,-1.042,4.696,51.022,51.229,36.1244,-17.5185,0.2,0.0,0.0,0.0,1.9078,-1.1928,-1.18,2.5406,-0.0907,0,0,0,0.565,0.265,0.735,0,0,0.0,4,SEARCH_PHASE,1.8802,-1.1523,-43.2623,27.0493
835,22.208,-7.1003,9.5079,4.7739,1.8787,-1.1445,-1.0897,4.674,50.978,51.183,36.1244,-17.5185,0.2,0.0,0.0,0.0,1.9078,-1.1928,-1.228,2.5633,-0.1159,0,0,0,0.568,0.267,0.733,0,0,0.0,4,SEARCH_PHASE,1.8787,-1.1445,-43.2247,27.0264
836,22.234,-7.0627,9.4852,4.7511,1.8776,-1.1372,-1.1372,4.651,50.935,51.137,36.1244,-17.5185,0.2,0.0,0.0,0.0,1.9078,-1.1929,-1.276,2.5866,-0.0919,0,0,0,0.573,0.267,0.733,0,0,0.0,4,SEARCH_PHASE,1.8776,-1.1372,-43.1872,27.0037
837,22.259,-7.0252,9.4626,4.7275,1.8762,-1.1318,-1.1845,4.627,50.891,51.092,36.1244,-17.5185,0.2,0.0,0.0,0.0,1.9077,-1.1929,-1.324,2.6106,-0.112,0,0,0,0.572,0.266,0.734,0,0,0.0,4,SEARCH_PHASE,1.8762,-1.1318,-43.1496,26.9811
838,22.285,-6.9877,9.44,4.7028,1.8755,-1.1269,-1.2318,4.603,50.847,51.046,36.1244,-17.5185,0.2,0.0,0.0,0.0,1.9077,-1.1929,-1.372,2.6353,-0.0921,0,0,0,0.576,0.272,0.728,0,0,0.0,4,SEARCH_PHASE,1.8755,-1.1269,-43.1121,26.9585
839,22.31,-6.9502,9.4175,4.6772,1.8736,-1.1238,-1.2793,4.577,50.803,51.0,36.1244,-17.5185,0.2,0.0,0.0,0.0,1.9077,-1.193,-1.42,2.6606,-0.115,0,0,0,0.577,0.27,0.73,0,0,0.0,4,SEARCH_PHASE,1.8736,-1.1238,-43.0746,26.936
840,22.335,-6.9128,9.3951,4.6507,1.8722,-1.1214,-1.3266,4.551,50.76,50.954,36.1244,-17.5185,0.2,0.0,0.0,0.0,1.9077,-1.193,-1.468,2.6865,-0.0956,0,0,0,0.584,0.269,0.731,0,0,0.0,4,SEARCH_PHASE,1.8722,-1.1214,-43.0372,26.9136
841,22.36,-6.8754,9.3727,4.6232,1.8699,-1.121,-1.374,4.523,50.716,50.909,36.1244,-17.5185,0.2,0.0,0.0,0.0,1.9077,-1.193,-1.5,2.7042,-0.1023,0,0,0,0.585,0.27,0.73,0,0,0.0,4,SEARCH_PHASE,1.8699,-1.121,-42.9998,26.8912
842,22.385,-6.838,9.3503,4.5949,1.8688,-1.1218,-1.4154,4.495,50.672,50.863,36.1244,-17.5185,0.2,0.0,0.0,0.0,1.9077,-1.193,-1.5,2.7042,-0.0828,0,0,0,0.591,0.272,0.728,0,0,0.0,4,SEARCH_PHASE,1.8688,-1.1218,-42.9624,26.8688
843,22.41,-6.8007,9.3278,4.5661,1.8673,-1.1245,-1.4414,4.466,50.629,50.817,36.1244,-17.5185,0.2,0.0,0.0,0.0,1.9076,-1.1931,-1.5,2.7042,-0.1038,0,0,0,0.591,0.277,0.723,0,0,0.0,4,SEARCH_PHASE,1.8673,-1.1245,-42.9251,26.8463
844,22.435,-6.7633,9.3052,4.5369,1.8672,-1.1279,-1.4577,4.437,50.585,50.771,36.1244,-17.5185,0.2,0.0,0.0,0.0,1.9076,-1.1931,-1.5,2.7042,-0.083,0,0,0,0.597,0.272,0.728,0,0,0.0,4,SEARCH_PHASE,1.8672,-1.1279,-42.8877,26.8237
845,22.46,-6.726,9.2825,4.5076,1.8659,-1.1334,-1.4682,4.408,50.542,50.725,36.1244,-17.5185,0.2,0.0,0.0,0.0,1.9076,-1.1931,-1.5,2.7042,-0.0736,0,0,0,0.597,0.274,0.726,0,0,0.0,4,SEARCH_PHASE,1.8659,-1.1334,-42.8504,26.801
846,22.485,-6.6887,9.2597,4.4781,1.8657,-1.1396,-1.4749,4.378,50.498,50.679,36.1244,-17.5185,0.2,0.0,0.0,0.0,1.9076,-1.1931,-1.5,2.7042,-0.0849,0,0,0,0.602,0.278,0.722,0,0,0.0,4,SEARCH_PHASE,1.8657,-1.1396,-42.8131,26.7782
847,22.511,-6.6514,9.2368,4.4485,1.8647,-1.1455,-1.479,4.348,50.454,50.633,36.1244,-17.5185,0.2,0.0,0.0,0.0,1.9076,-1.1932,-1.5,2.7042,-0.082,0,0,0,0.603,0.276,0.724,0,0,0.0,4,SEARCH_PHASE,1.8647,-1.1455,-42.7758,26.7553
848,22.538,-6.6141,9.2138,4.4188,1.865,-1.1514,-1.4823,4.319,50.41,50.587,36.1244,-17.5185,0.2,0.0,0.0,0.0,1.9076,-1.1932,-1.5,2.7042,-0.0806,0,0,0,0.608,0.281,0.719,0,0,0.0,4,SEARCH_PHASE,1.865,-1.1514,-42.7385,26.7323
849,22.564,-6.5768,9.1907,4.3892,1.8644,-1.1569,-1.484,4.289,50.366,50.54,36.1244,-17.5185,0.2,0.0,0.0,0.0,1.9076,-1.1932,-1.5,2.7042,-0.0992,0,0,0,0.61,0.283,0.717,0,0,0.0,4,SEARCH_PHASE,1.8644,-1.1569,-42.7012,26.7092
850,22.59,-6.5395,9.1674,4.3595,1.8655,-1.1618,-1.4847,4.259,50.322,50.494,36.1244,-17.5185,0.2,0.0,0.0,0.0,1.9076,-1.1932,-1.5,2.7042,-0.0745,0,0,0,0.615,0.282,0.718,0,0,0.0,4,SEARCH_PHASE,1.8655,-1.1618,-42.6639,26.6859
851,22.616,-6.5022,9.1441,4.3298,1.8653,-1.1675,-1.4852,4.23,50.278,50.448,36.1244,-17.5185,0.2,0.0,0.0,0.0,1.9076,-1.1932,-1.5,2.7042,-0.0962,0,0,0,0.615,0.286,0.714,0,0,0.0,4,SEARCH_PHASE,1.8653,-1.1675,-42.6266,26.6626
852,22.642,-6.4649,9.1206,4.3,1.8668,-1.1725,-1.4862,4.2,50.234,50.401,36.1244,-17.5185,0.2,0.0,0.0,0.0,1.9076,-1.1932,-1.5,2.7042,-0.0756,0,0,0,0.62,0.284,0.716,0,0,0.0,4,SEARCH_PHASE,1.8668,-1.1725,-42.5893,26.6391
853,22.669,-6.4275,9.0971,4.2703,1.8666,-1.1785,-1.4863,4.17,50.19,50.355,36.1244,-17.5185,0.2,0.0,0.0,0.0,1.9076,-1.1932,-1.5,2.7042,-0.0834,0,0,0,0.622,0.287,0.713,0,0,0.0,4,SEARCH_PHASE,1.8666,-1.1785,-42.5519,26.6156
854,22.695,-6.3902,9.0734,4.2406,1.8678,-1.1838,-1.4863,4.141,50.146,50.308,36.1244,-17.5185,0.2,0.0,0.0,0.0,1.9076,-1.1932,-1.5,2.7042,-0.0625,0,0,0,0.625,0.291,0.709,0,0,0.0,4,SEARCH_PHASE,1.8678,-1.1838,-42.5146,26.5919
855,22.722,-6.3528,9.0496,4.2109,1.8677,-1.1888,-1.4862,4.111,50.102,50.262,36.1244,-17.5185,0.2,0.0,0.0,0.0,1.9076,-1.1931,-1.5,2.7042,-0.0881,0,0,0,0.626,0.287,0.713,0,0,0.0,4,SEARCH_PHASE,1.8677,-1.1888,-42.4772,26.5681
856,22.748,-6.3154,9.0258,4.1811,1.869,-1.192,-1.4862,4.081,50.057,50.215,36.1244,-17.5185,0.2,0.0,0.0,0.0,1.9076,-1.1931,-1.5,2.7042,-0.067,0,0,0,0.63,0.289,0.711,0,0,0.0,4,SEARCH_PHASE,1.869,-1.192,-42.4398,26.5443
857,22.774,-6.2781,9.0019,4.1514,1.8686,-1.1949,-1.486,4.051,50.013,50.169,36.1244,-17.5185,0.2,0.0,0.0,0.0,1.9076,-1.1931,-1.5,2.7042,-0.0931,0,0,0,0.629,0.293,0.707,0,0,0.0,4,SEARCH_PHASE,1.8686,-1.1949,-42.4025,26.5204
858,22.801,-6.2407,8.978,4.1217,1.8693,-1.1961,-1.4859,4.022,49.969,50.122,36.1244,-17.5185,0.2,0.0,0.0,0.0,1.9076,-1.1931,-1.5,2.7042,-0.0719,0,0,0,0.632,0.294,0.706,0,0,0.0,4,SEARCH_PHASE,1.8693,-1.1961,-42.3651,26.4965
859,22.827,-6.2033,8.954,4.092,1.8679,-1.1974,-1.486,3.992,49.924,50.076,36.1244,-17.5185,0.2,0.0,0.0,0.0,1.9076,-1.1931,-1.5,2.7042,-0.1024,0,0,0,0.633,0.293,0.707,0,0,0.0,4,SEARCH_PHASE,1.8679,-1.1974,-42.3277,26.4725
860,22.853,-6.166,8.9301,4.0623,1.8671,-1.197,-1.4858,3.962,49.88,50.029,36.1244,-17.5185,0.2,0.0,0.0,0.0,1.9077,-1.1931,-1.5,2.7042,-0.0812,0,0,0,0.639,0.295,0.705,0,0,0.0,4,SEARCH_PHASE,1.8671,-1.197,-42.2904,26.4486
861,22.879,-6.1287,8.9061,4.0325,1.8654,-1.1971,-1.4862,3.933,49.836,49.983,36.1244,-17.5185,0.2,0.0,0.0,0.0,1.9077,-1.193,-1.5,2.7042,-0.1049,0,0,0,0.639,0.296,0.704,0,0,0.0,4,SEARCH_PHASE,1.8654,-1.1971,-42.2531,26.4246
862,22.905,-6.0914,8.8822,4.0028,1.8655,-1.1961,-1.4859,3.903,49.791,49.936,36.1244,-17.5185,0.2,0.0,0.0,0.0,1.9077,-1.193,-1.5,2.7042,-0.0812,0,0,0,0.644,0.302,0.698,0,0,0.0,4,SEARCH_PHASE,1.8655,-1.1961,-42.2158,26.4007
863,22.931,-6.0541,8.8583,3.9731,1.8644,-1.1957,-1.4857,3.873,49.747,49.89,36.1244,-17.5185,0.2,0.0,0.0,0.0,1.9077,-1.193,-1.5,2.7042,-0.106,0,0,0,0.644,0.298,0.702,0,0,0.0,4,SEARCH_PHASE,1.8644,-1.1957,-42.1785,26.3768
864,22.958,-6.0168,8.8344,3.9434,1.8648,-1.1944,-1.4857,3.843,49.703,49.843,36.1244,-17.5185,0.2,0.0,0.0,0.0,1.9077,-1.193,-1.5,2.7042,-0.0825,0,0,0,0.649,0.305,0.695,0,0,0.0,4,SEARCH_PHASE,1.8648,-1.1944,-42.1412,26.3529
865,22.984,-5.9795,8.8105,3.9137,1.8636,-1.1938,-1.4856,3.814,49.658,49.797,36.1244,-17.5185,0.2,0.0,0.0,0.0,1.9077,-1.193,-1.5,2.7042,-0.1074,0,0,0,0.648,0.3,0.7,0,0,0.0,4,SEARCH_PHASE,1.8636,-1.1938,-42.1039,26.329
866,23.01,-5.9422,8.7867,3.884,1.8635,-1.1923,-1.4855,3.784,49.614,49.751,36.1244,-17.5185,0.2,0.0,0.0,0.0,1.9077,-1.1929,-1.5,2.7042,-0.0841,0,0,0,0.652,0.307,0.693,0,0,0.0,4,SEARCH_PHASE,1.8635,-1.1923,-42.0666,26.3052
867,23.037,-5.905,8.7628,3.8543,1.8614,-1.1918,-1.4857,3.754,49.57,49.704,36.1244,-17.5185,0.2,0.0,0.0,0.0,1.9077,-1.1929,-1.5,2.7042,-0.1074,0,0,0,0.653,0.303,0.697,0,0,0.0,4,SEARCH_PHASE,1.8614,-1.1918,-42.0294,26.2813
868,23.063,-5.8678,8.739,3.8246,1.8601,-1.1906,-1.4856,3.725,49.526,49.658,36.1244,-17.5185,0.2,0.0,0.0,0.0,1.9077,-1.1929,-1.5,2.7042,-0.0845,0,0,0,0.659,0.312,0.688,0,0,0.0,4,SEARCH_PHASE,1.8601,-1.1906,-41.9922,26.2575
869,23.089,-5.8306,8.7152,3.7948,1.8578,-1.1904,-1.4855,3.695,49.482,49.612,36.1244,-17.5185,0.2,0.0,0.0,0.0,1.9078,-1.1929,-1.5,2.7042,-0.1093,0,0,0,0.659,0.31,0.69,0,0,0.0,4,SEARCH_PHASE,1.8578,-1.1904,-41.9551,26.2337
870,23.115,-5.7935,8.6914,3.7651,1.8571,-1.1895,-1.4855,3.665,49.438,49.566,36.1244,-17.5185,0.2,0.0,0.0,0.0,1.9078,-1.1929,-1.5,2.7042,-0.0864,0,0,0,0.664,0.318,0.682,0,0,0.0,4,SEARCH_PHASE,1.8571,-1.1895,-41.9179,26.2099
871,23.142,-5.7564,8.6676,3.7354,1.8551,-1.1897,-1.4855,3.635,49.393,49.52,36.1244,-17.5185,0.2,0.0,0.0,0.0,1.9078,-1.1928,-1.5,2.7042,-0.1019,0,0,0,0.664,0.316,0.684,0,0,0.0,4,SEARCH_PHASE,1.8551,-1.1897,-41.8808,26.1861
872,23.168,-5.7193,8.6439,3.7057,1.8544,-1.1893,-1.4855,3.606,49.349,49.474,36.1244,-17.5185,0.2,0.0,0.0,0.0,1.9078,-1.1928,-1.452,2.6778,-0.0791,0,0,0,0.669,0.322,0.678,0,0,0.0,4,SEARCH_PHASE,1.8544,-1.1893,-41.8437,26.1624
873,23.194,-5.6823,8.6201,3.6764,1.8525,-1.1898,-1.4677,3.576,49.305,49.428,36.1244,-17.5185,0.2,0.0,0.0,0.0,1.9078,-1.1928,-1.404,2.6521,-0.1058,0,0,0,0.668,0.316,0.684,0,0,0.0,4,SEARCH_PHASE,1.8525,-1.1898,-41.8067,26.1386
874,23.22,-5.6452,8.5963,3.6476,1.8522,-1.1893,-1.4388,3.548,49.261,49.382,36.1244,-17.5185,0.2,0.0,0.0,0.0,1.9074,-1.1935,-1.356,2.627,-0.0814,0,0,0,0.673,0.325,0.675,0,0,0.0,4,SEARCH_PHASE,1.8522,-1.1893,-41.7696,26.1148
875,23.246,-5.6082,8.5725,3.6195,1.8498,-1.1897,-1.403,3.52,49.217,49.336,36.1244,-17.5185,0.2,0.0,0.0,0.0,1.9073,-1.1936,-1.308,2.6026,-0.1113,0,0,0,0.673,0.32,0.68,0,0,0.0,4,SEARCH_PHASE,1.8498,-1.1897,-41.7326,26.091
876,23.273,-5.5712,8.5487,3.5923,1.8488,-1.189,-1.3627,3.492,49.173,49.29,36.1244,-17.5185,0.2,0.0,0.0,0.0,1.906,-1.1957,-1.26,2.5788,-0.0864,0,0,0,0.678,0.328,0.672,0,0,0.0,4,SEARCH_PHASE,1.8488,-1.189,-41.6957,26.0672
877,23.298,-5.5343,8.5249,3.5659,1.8462,-1.1897,-1.32,3.466,49.13,49.245,36.1244,-17.5185,0.2,0.0,0.0,0.0,1.9062,-1.1954,-1.212,2.5557,-0.1126,0,0,0,0.678,0.323,0.677,0,0,0.0,4,SEARCH_PHASE,1.8462,-1.1897,-41.6587,26.0434
878,23.325,-5.4974,8.5011,3.5404,1.8457,-1.1897,-1.2752,3.44,49.086,49.199,36.1244,-17.5185,0.2,0.0,0.0,0.0,1.9045,-1.198,-1.164,2.5333,-0.0861,0,0,0,0.683,0.329,0.671,0,0,0.0,4,SEARCH_PHASE,1.8457,-1.1897,-41.6218,26.0196
879,23.351,-5.4605,8.4773,3.5158,1.8431,-1.1912,-1.2294,3.416,49.042,49.154,36.1244,-17.5185,0.2,0.0,0.0,0.0,1.9051,-1.1971,-1.116,2.5116,-0.1048,0,0,0,0.682,0.325,0.675,0,0,0.0,4,SEARCH_PHASE,1.8431,-1.1912,-41.585,25.9958
880,23.378,-5.4237,8.4534,3.4921,1.8421,-1.1921,-1.183,3.392,48.998,49.108,36.1244,-17.5185,0.2,0.0,0.0,0.0,1.9036,-1.1995,-1.068,2.4906,-0.0787,0,0,0,0.686,0.328,0.672,0,0,0.0,4,SEARCH_PHASE,1.8421,-1.1921,-41.5481,25.9719
881,23.404,-5.3869,8.4296,3.4694,1.8388,-1.1939,-1.1362,3.369,48.954,49.063,36.1244,-17.5185,0.2,0.0,0.0,0.0,1.9033,-1.1999,-1.02,2.4704,-0.109,0,0,0,0.686,0.331,0.669,0,0,0.0,4,SEARCH_PHASE,1.8388,-1.1939,-41.5113,25.9481
882,23.429,-5.3502,8.4057,3.4476,1.8369,-1.1944,-1.089,2.633,48.91,49.018,36.1244,-17.5185,0.2,0.0,0.0,0.0,1.9004,-1.2045,-0.972,2.451,-0.0833,0,0,0,0.692,0.331,0.669,0,0,0.0,4,SEARCH_PHASE,1.8369,-1.1944,-41.4746,25.9242
883,23.456,-5.3135,8.3817,3.4268,1.8339,-1.1965,-1.0415,2.594,48.866,48.973,36.1244,-17.5185,0.2,0.0,0.0,0.0,1.9007,-1.2041,-0.924,2.4323,-0.1099,0,0,0,0.692,0.336,0.664,0,0,0.0,4,SEARCH_PHASE,1.8339,-1.1965,-41.4379,25.9002
884,23.481,-5.2768,8.3578,3.4069,1.8337,-1.1978,-0.9942,2.556,48.823,48.928,36.1244,-17.5185,0.2,0.0,0.0,0.0,1.8972,-1.2096,-0.876,2.4145,-0.0841,0,0,0,0.697,0.338,0.662,0,0,0.0,4,SEARCH_PHASE,1.8337,-1.1978,-41.4012,25.8763
885,23.506,-5.2402,8.3338,3.388,1.8318,-1.2008,-0.9467,2.519,48.779,48.883,36.1244,-17.5185,0.2,0.0,0.0,0.0,1.8979,-1.2084,-0.828,2.3975,-0.1007,0,0,0,0.696,0.338,0.662,0,0,0.0,4,SEARCH_PHASE,1.8318,-1.2008,-41.3646,25.8523
886,23.531,-5.2036,8.3097,3.37,1.8321,-1.2032,-0.8992,2.483,48.735,48.838,36.1244,-17.5185,0.2,0.0,0.0,0.0,1.8941,-1.2144,-0.78,2.3814,-0.075,0,0,0,0.7,0.339,0.661,0,0,0.0,4,SEARCH_PHASE,1.8321,-1.2032,-41.328,25.8282
887,23.556,-5.1669,8.2856,3.353,1.8307,-1.2064,-0.8516,2.448,48.691,48.793,36.1244,-17.5185,0.2,0.0,0.0,0.0,1.8958,-1.2117,-0.732,2.3661,-0.1019,0,0,0,0.699,0.341,0.659,0,0,0.0,4,SEARCH_PHASE,1.8307,-1.2064,-41.2914,25.8041
888,23.581,-5.1303,8.2614,3.3369,1.8313,-1.2082,-0.804,2.414,48.647,48.748,36.1244,-17.5185,0.2,0.0,0.0,0.0,1.8926,-1.2168,-0.684,2.3517,-0.0763,0,0,0,0.702,0.34,0.66,0,0,0.0,4,SEARCH_PHASE,1.8313,-1.2082,-41.2547,25.7799
889,23.606,-5.0937,8.2372,3.3217,1.8297,-1.211,-0.7564,2.381,48.603,48.704,36.1244,-17.5185,0.2,0.0,0.0,0.0,1.8953,-1.2126,-0.636,2.3382,-0.1034,0,0,0,0.7,0.341,0.659,0,0,0.0,4,SEARCH_PHASE,1.8297,-1.211,-41.2181,25.7557
890,23.631,-5.0571,8.2129,3.3076,1.8297,-1.2125,-0.7088,2.348,48.56,48.659,36.1244,-17.5185,0.2,0.0,0.0,0.0,1.8929,-1.2163,-0.588,2.3256,-0.0781,0,0,0,0.703,0.341,0.659,0,0,0.0,4,SEARCH_PHASE,1.8297,-1.2125,-41.1815,25.7314
891,23.656,-5.0206,8.1886,3.2943,1.8269,-1.2152,-0.6614,2.317,48.516,48.614,36.1244,-17.5185,0.2,0.0,0.0,0.0,1.8916,-1.2184,-0.54,2.3139,-0.1046,0,0,0,0.704,0.346,0.654,0,0,0.0,4,SEARCH_PHASE,1.8269,-1.2152,-41.145,25.7071
892,23.681,-4.9841,8.1643,3.2821,1.8253,-1.2168,-0.6137,2.286,48.472,48.57,36.1244,-17.5185,0.2,0.0,0.0,0.0,1.8829,-1.2317,-0.492,2.3032,-0.0794,0,0,0,0.709,0.352,0.648,0,0,0.0,4,SEARCH_PHASE,1.8253,-1.2168,-41.1085,25.6828
893,23.705,-4.9476,8.1399,3.2707,1.8234,-1.2197,-0.5659,2.257,48.428,48.525,36.1244,-17.5185,0.2,0.0,0.0,0.0,1.8828,-1.2319,-0.444,2.2934,-0.1066,0,0,0,0.71,0.352,0.648,0,0,0.0,4,SEARCH_PHASE,1.8234,-1.2197,-41.072,25.6584
894,23.73,-4.9111,8.1155,3.2604,1.8249,-1.2215,-0.5183,2.228,48.384,48.481,36.1244,-17.5185,0.2,0.0,0.0,0.0,1.8738,-1.2456,-0.396,2.2846,-0.0812,0,0,0,0.714,0.357,0.643,0,0,0.0,4,SEARCH_PHASE,1.8249,-1.2215,-41.0355,25.634
895,23.754,-4.8746,8.091,3.251,1.8254,-1.2249,-0.4706,2.2,48.34,48.436,36.1244,-17.5185,0.2,0.0,0.0,0.0,1.8747,-1.2442,-0.348,2.2768,-0.109,0,0,0,0.714,0.356,0.644,0,0,0.0,4,SEARCH_PHASE,1.8254,-1.2249,-40.999,25.6095
896,23.779,-4.838,8.0664,3.2425,1.8289,-1.2273,-0.4231,2.173,48.296,48.392,36.1244,-17.5185,0.2,0.0,0.0,0.0,1.8663,-1.2568,-0.3,2.2699,-0.0834,0,0,0,0.717,0.357,0.643,0,0,0.0,4,SEARCH_PHASE,1.8289,-1.2273,-40.9625,25.5849
897,23.802,-4.8014,8.0418,3.235,1.8309,-1.2314,-0.3755,2.147,48.252,48.347,36.1244,-17.5185,0.2,0.0,0.0,0.0,1.8691,-1.2526,-0.252,2.2641,-0.1116,0,0,0,0.716,0.359,0.641,0,0,0.0,4,SEARCH_PHASE,1.8309,-1.2314,-40.9258,25.5603
898,23.827,-4.7647,8.0171,3.2284,1.8353,-1.2348,-0.328,2.122,48.208,48.303,36.1244,-17.5185,0.2,0.0,0.0,0.0,1.8614,-1.2639,-0.204,2.2592,-0.0859,0,0,0,0.719,0.357,0.643,0,0,0.0,4,SEARCH_PHASE,1.8353,-1.2348,-40.8891,25.5356
899,23.851,-4.728,7.9923,3.2228,1.8378,-1.24,-0.2804,2.098,48.163,48.258,36.1244,-17.5185,0.2,0.0,0.0,0.0,1.8666,-1.2563,-0.156,2.2554,-0.1144,0,0,0,0.717,0.36,0.64,0,0,0.0,4,SEARCH_PHASE,1.8378,-1.24,-40.8524,25.5108
900,23.875,-4.6911,7.9674,3.2182,1.8423,-1.2446,-0.233,2.075,48.119,48.214,36.1244,-17.5185,0.2,0.0,0.0,0.0,1.8606,-1.2651,-0.108,2.2526,-0.0887,0,0,0,0.719,0.356,0.644,0,0,0.0,4,SEARCH_PHASE,1.8423,-1.2446,-40.8155,25.4859
901,23.898,-4.6542,7.9424,3.2144,1.8442,-1.2511,-0.186,2.052,48.074,48.169,36.1244,-17.5185,0.2,0.0,0.0,0.0,1.8664,-1.2566,-0.06,2.2508,-0.0889,0,0,0,0.717,0.357,0.643,0,0,0.0,4,SEARCH_PHASE,1.8442,-1.2511,-40.7786,25.4609
902,23.923,-4.6173,7.9173,3.2117,1.8477,-1.2573,-0.1382,2.031,48.03,48.124,36.1244,-17.5185,0.2,0.0,0.0,0.0,1.8608,-1.2648,-0.012,2.25,-0.0618,0,0,0,0.718,0.358,0.642,0,0,0.0,4,SEARCH_PHASE,1.8477,-1.2573,-40.7417,25.4358
903,23.947,-4.5803,7.892,3.2099,1.849,-1.2629,-0.0904,2.01,47.985,48.079,36.1244,-17.5185,0.2,0.0,0.0,0.0,1.8689,-1.2529,0.036,2.2503,-0.0888,0,0,0,0.715,0.354,0.646,0,0,0.0,4,SEARCH_PHASE,1.849,-1.2629,-40.7047,25.4105
904,23.973,-4.5433,7.8667,3.209,1.8523,-1.2656,-0.0426,1.99,47.94,48.035,36.1244,-17.5185,0.2,0.0,0.0,0.0,1.8654,-1.2581,0.084,2.2516,-0.062,0,0,0,0.716,0.355,0.645,0,0,0.0,4,SEARCH_PHASE,1.8523,-1.2656,-40.6677,25.3852
905,23.997,-4.5062,7.8413,3.2091,1.8531,-1.2679,0.0052,1.971,47.895,47.99,36.1244,-17.5185,0.2,0.0,0.0,0.0,1.8747,-1.2442,0.132,2.2539,-0.0889,0,0,0,0.712,0.348,0.652,0,0,0.0,4,SEARCH_PHASE,1.8531,-1.2679,-40.6306,25.3598
906,24.022,-4.4691,7.816,3.2102,1.8553,-1.2675,0.053,1.953,47.85,47.945,36.1244,-17.5185,0.2,0.0,0.0,0.0,1.8743,-1.2448,0.18,2.2572,-0.0625,0,0,0,0.712,0.348,0.652,0,0,0.0,4,SEARCH_PHASE,1.8553,-1.2675,-40.5935,25.3345
907,24.047,-4.432,7.7906,3.2122,1.8545,-1.2668,0.1009,1.936,47.806,47.9,36.1244,-17.5185,0.2,0.0,0.0,0.0,1.8821,-1.233,0.228,2.2615,-0.0904,0,0,0,0.708,0.346,0.654,0,0,0.0,4,SEARCH_PHASE,1.8545,-1.2668,-40.5564,25.3091
908,24.072,-4.3949,7.7654,3.2152,1.8547,-1.2636,0.1487,1.92,47.761,47.856,36.1244,-17.5185,0.2,0.0,0.0,0.0,1.8817,-1.2336,0.276,2.2669,-0.0646,0,0,0,0.709,0.35,0.65,0,0,0.0,4,SEARCH_PHASE,1.8547,-1.2636,-40.5193,25.2839
909,24.097,-4.3579,7.7402,3.2191,1.8519,-1.2604,0.1964,1.905,47.716,47.811,36.1244,-17.5185,0.2,0.0,0.0,0.0,1.885,-1.2286,0.324,2.2732,-0.0957,0,0,0,0.707,0.346,0.654,0,0,0.0,4,SEARCH_PHASE,1.8519,-1.2604,-40.4823,25.2587
910,24.122,-4.3209,7.7151,3.224,1.8501,-1.2549,0.2442,1.891,47.671,47.767,36.1244,-17.5185,0.2,0.0,0.0,0.0,1.8807,-1.2351,0.372,2.2805,-0.0704,0,0,0,0.709,0.349,0.651,0,0,0.0,4,SEARCH_PHASE,1.8501,-1.2549,-40.4453,25.2336
911,24.146,-4.2839,7.6901,3.2298,1.8469,-1.2502,0.292,1.878,47.627,47.723,36.1244,-17.5185,0.2,0.0,0.0,0.0,1.8853,-1.2281,0.42,2.2889,-0.0966,0,0,0,0.706,0.347,0.653,0,0,0.0,4,SEARCH_PHASE,1.8469,-1.2502,-40.4083,25.2086
912,24.171,-4.247,7.6652,3.2366,1.8463,-1.2439,0.3397,1.867,47.582,47.679,36.1244,-17.5185,0.2,0.0,0.0,0.0,1.8825,-1.2324,0.468,2.2982,-0.0713,0,0,0,0.708,0.351,0.649,0,0,0.0,4,SEARCH_PHASE,1.8463,-1.2439,-40.3714,25.1837
913,24.196,-4.2101,7.6404,3.2444,1.8438,-1.2384,0.3874,1.856,47.538,47.635,36.1244,-17.5185,0.2,0.0,0.0,0.0,1.8882,-1.2236,0.516,2.3084,-0.0978,0,0,0,0.704,0.345,0.655,0,0,0.0,4,SEARCH_PHASE,1.8438,-1.2384,-40.3345,25.1589
914,24.22,-4.1732,7.6158,3.2531,1.8434,-1.2316,0.435,1.846,47.494,47.592,36.1244,-17.5185,0.2,0.0,0.0,0.0,1.8867,-1.226,0.564,2.3196,-0.0727,0,0,0,0.705,0.347,0.653,0,0,0.0,4,SEARCH_PHASE,1.8434,-1.2316,-40.2977,25.1343
915,24.245,-4.1364,7.5913,3.2627,1.8405,-1.2257,0.4827,1.837,47.449,47.548,36.1244,-17.5185,0.2,0.0,0.0,0.0,1.8918,-1.2181,0.612,2.3317,-0.1007,0,0,0,0.701,0.342,0.658,0,0,0.0,4,SEARCH_PHASE,1.8405,-1.2257,-40.2608,25.1098
916,24.27,-4.0997,7.5669,3.2733,1.8393,-1.2186,0.5303,1.829,47.405,47.505,36.1244,-17.5185,0.2,0.0,0.0,0.0,1.8901,-1.2206,0.66,2.3448,-0.0758,0,0,0,0.702,0.344,0.656,0,0,0.0,4,SEARCH_PHASE,1.8393,-1.2186,-40.2241,25.0854
917,24.294,-4.0629,7.5426,3.2849,1.8357,-1.2129,0.578,1.823,47.361,47.462,36.1244,-17.5185,0.2,0.0,0.0,0.0,1.8942,-1.2142,0.708,2.3588,-0.1042,0,0,0,0.699,0.339,0.661,0,0,0.0,4,SEARCH_PHASE,1.8357,-1.2129,-40.1873,25.0611
918,24.319,-4.0263,7.5185,3.2974,1.8338,-1.2062,0.6256,1.817,47.317,47.419,36.1244,-17.5185,0.2,0.0,0.0,0.0,1.8921,-1.2176,0.756,2.3736,-0.0796,0,0,0,0.701,0.343,0.657,0,0,0.0,4,SEARCH_PHASE,1.8338,-1.2062,-40.1507,25.037
919,24.343,-3.9897,7.4945,3.3109,1.83,-1.2011,0.6734,1.839,47.274,47.376,36.1244,-17.5185,0.2,0.0,0.0,0.0,1.8968,-1.2102,0.804,2.3893,-0.1062,0,0,0,0.697,0.333,0.667,0,0,0.0,4,SEARCH_PHASE,1.83,-1.2011,-40.1141,25.013
920,24.368,-3.9531,7.4706,3.3253,1.8282,-1.1956,0.721,3.225,47.23,47.333,36.1244,-17.5185,0.2,0.0,0.0,0.0,1.8958,-1.2118,0.852,2.4059,-0.0816,0,0,0,0.697,0.336,0.664,0,0,0.0,4,SEARCH_PHASE,1.8282,-1.1956,-40.0775,24.9891
921,24.392,-3.9166,7.4467,3.3407,1.824,-1.1918,0.7685,3.241,47.186,47.291,36.1244,-17.5185,0.2,0.0,0.0,0.0,1.8961,-1.2114,0.9,2.4233,-0.1147,0,0,0,0.697,0.336,0.664,0,0,0.0,4,SEARCH_PHASE,1.824,-1.1918,-40.041,24.9652
922,24.417,-3.8802,7.423,3.357,1.8212,-1.1877,0.8163,3.257,47.143,47.248,36.1244,-17.5185,0.2,0.0,0.0,0.0,1.8913,-1.2187,0.948,2.4416,-0.0895,0,0,0,0.7,0.341,0.659,0,0,0.0,4,SEARCH_PHASE,1.8212,-1.1877,-40.0046,24.9415
923,24.441,-3.8438,7.3993,3.3743,1.8182,-1.1862,0.8641,3.274,47.099,47.206,36.1244,-17.5185,0.2,0.0,0.0,0.0,1.8934,-1.2155,0.996,2.4606,-0.1165,0,0,0,0.698,0.339,0.661,0,0,0.0,4,SEARCH_PHASE,1.8182,-1.1862,-39.9682,24.9178
924,24.466,-3.8075,7.3756,3.3925,1.8187,-1.185,0.9118,3.293,47.056,47.164,36.1244,-17.5185,0.2,0.0,0.0,0.0,1.8888,-1.2226,1.044,2.4804,-0.0917,0,0,0,0.701,0.342,0.658,0,0,0.0,4,SEARCH_PHASE,1.8187,-1.185,-39.9319,24.8941
925,24.49,-3.7711,7.3518,3.4117,1.8182,-1.1866,0.9594,3.312,47.013,47.122,36.1244,-17.5185,0.2,0.0,0.0,0.0,1.8914,-1.2186,1.092,2.501,-0.1017,0,0,0,0.698,0.342,0.658,0,0,0.0,4,SEARCH_PHASE,1.8182,-1.1866,-39.8955,24.8703
926,24.514,-3.7347,7.3281,3.4318,1.8207,-1.1886,1.007,3.332,46.969,47.08,36.1244,-17.5185,0.2,0.0,0.0,0.0,1.8868,-1.2257,1.14,2.5223,-0.0765,0,0,0,0.7,0.344,0.656,0,0,0.0,4,SEARCH_PHASE,1.8207,-1.1886,-39.8591,24.8466
927,24.538,-3.6982,7.3042,3.4529,1.8223,-1.1917,1.0547,3.353,46.926,47.038,36.1244,-17.5185,0.2,0.0,0.0,0.0,1.8904,-1.2202,1.188,2.5444,-0.1048,0,0,0,0.697,0.343,0.657,0,0,0.0,4,SEARCH_PHASE,1.8223,-1.1917,-39.8226,24.8227
928,24.563,-3.6617,7.2804,3.475,1.8271,-1.1935,1.1022,3.375,46.882,46.996,36.1244,-17.5185,0.2,0.0,0.0,0.0,1.8871,-1.2253,1.236,2.5671,-0.0792,0,0,0,0.698,0.344,0.656,0,0,0.0,4,SEARCH_PHASE,1.8271,-1.1935,-39.7861,24.7989
929,24.587,-3.6251,7.2564,3.498,1.8304,-1.1966,1.1497,3.398,46.838,46.954,36.1244,-17.5185,0.2,0.0,0.0,0.0,1.8917,-1.2182,1.284,2.5906,-0.1082,0,0,0,0.694,0.338,0.662,0,0,0.0,4,SEARCH_PHASE,1.8304,-1.1966,-39.7495,24.7749
930,24.611,-3.5884,7.2325,3.5219,1.8364,-1.1987,1.1972,3.422,46.794,46.912,36.1244,-17.5185,0.2,0.0,0.0,0.0,1.8895,-1.2216,1.332,2.6147,-0.0823,0,0,0,0.694,0.34,0.66,0,0,0.0,4,SEARCH_PHASE,1.8364,-1.1987,-39.7128,24.751
931,24.636,-3.5515,7.2084,3.5468,1.8404,-1.2021,1.2446,3.447,46.75,46.87,36.1244,-17.5185,0.2,0.0,0.0,0.0,1.8945,-1.2138,1.38,2.6395,-0.1118,0,0,0,0.69,0.332,0.668,0,0,0.0,4,SEARCH_PHASE,1.8404,-1.2021,-39.676,24.7269
932,24.66,-3.5146,7.1843,3.5726,1.8466,-1.2046,1.292,3.473,46.706,46.828,36.1244,-17.5185,0.2,0.0,0.0,0.0,1.8939,-1.2147,1.428,2.6649,-0.0858,0,0,0,0.689,0.334,0.666,0,0,0.0,4,SEARCH_PHASE,1.8466,-1.2046,-39.639,24.7028
933,24.685,-3.4776,7.1601,3.5994,1.8504,-1.2087,1.3391,3.499,46.662,46.786,36.1244,-17.5185,0.2,0.0,0.0,0.0,1.8983,-1.2079,1.476,2.6909,-0.1067,0,0,0,0.684,0.327,0.673,0,0,0.0,4,SEARCH_PHASE,1.8504,-1.2087,-39.602,24.6786
934,24.71,-3.4405,7.1359,3.6272,1.8558,-1.2121,1.3866,3.527,46.618,46.744,36.1244,-17.5185,0.2,0.0,0.0,0.0,1.8983,-1.2079,1.524,2.7175,-0.0792,0,0,0,0.683,0.326,0.674,0,0,0.0,4,SEARCH_PHASE,1.8558,-1.2121,-39.5649,24.6544
935,24.734,-3.4033,7.1116,3.6558,1.8585,-1.2165,1.4342,3.556,46.573,46.701,36.1244,-17.5185,0.2,0.0,0.0,0.0,1.9025,-1.2012,1.476,2.6909,-0.1075,0,0,0,0.676,0.318,0.682,0,0,0.0,4,SEARCH_PHASE,1.8585,-1.2165,-39.5277,24.6301
936,24.759,-3.3661,7.0872,3.6848,1.8613,-1.2186,1.4462,3.585,46.529,46.659,36.1244,-17.5185,0.2,0.0,0.0,0.0,1.9036,-1.1995,1.428,2.6649,-0.0827,0,0,0,0.674,0.32,0.68,0,0,0.0,4,SEARCH_PHASE,1.8613,-1.2186,-39.4905,24.6057
937,24.784,-3.3289,7.0628,3.7135,1.8609,-1.221,1.4359,3.613,46.484,46.617,36.1244,-17.5185,0.2,0.0,0.0,0.0,1.9061,-1.1956,1.38,2.6395,-0.0687,0,0,0,0.669,0.318,0.682,0,0,0.0,4,SEARCH_PHASE,1.8609,-1.221,-39.4533,24.5813
938,24.808,-3.2917,7.0383,3.7417,1.8605,-1.2224,1.4114,3.642,46.44,46.575,36.1244,-17.5185,0.2,0.0,0.0,0.0,1.9068,-1.1944,1.332,2.6147,-0.1052,0,0,0,0.667,0.319,0.681,0,0,0.0,4,SEARCH_PHASE,1.8605,-1.2224,-39.4161,24.5568
939,24.833,-3.2545,7.0139,3.7693,1.859,-1.2217,1.3787,3.669,46.395,46.533,36.1244,-17.5185,0.2,0.0,0.0,0.0,1.9087,-1.1914,1.284,2.5906,-0.0708,0,0,0,0.662,0.308,0.692,0,0,0.0,4,SEARCH_PHASE,1.859,-1.2217,-39.3789,24.5324
940,24.857,-3.2173,6.9895,3.7961,1.8577,-1.2214,1.3407,3.696,46.351,46.49,36.1244,-17.5185,0.2,0.0,0.0,0.0,1.9091,-1.1908,1.236,2.5671,-0.1064,0,0,0,0.661,0.313,0.687,0,0,0.0,4,SEARCH_PHASE,1.8577,-1.2214,-39.3417,24.508
941,24.881,-3.1802,6.9651,3.8221,1.8557,-1.2192,1.2991,3.722,46.307,46.448,36.1244,-17.5185,0.2,0.0,0.0,0.0,1.9098,-1.1896,1.188,2.5444,-0.0725,0,0,0,0.657,0.306,0.694,0,0,0.0,4,SEARCH_PHASE,1.8557,-1.2192,-39.3046,24.4836
942,24.905,-3.1431,6.9407,3.8472,1.8544,-1.2172,1.2549,3.747,46.262,46.406,36.1244,-17.5185,0.2,0.0,0.0,0.0,1.9098,-1.1896,1.14,2.5223,-0.1058,0,0,0,0.657,0.309,0.691,0,0,0.0,4,SEARCH_PHASE,1.8544,-1.2172,-39.2675,24.4592
943,24.929,-3.1061,6.9165,3.8714,1.8527,-1.2134,1.2099,3.771,46.218,46.364,36.1244,-17.5185,0.2,0.0,0.0,0.0,1.9098,-1.1896,1.092,2.501,-0.0696,0,0,0,0.652,0.3,0.7,0,0,0.0,4,SEARCH_PHASE,1.8527,-1.2134,-39.2305,24.435
944,24.954,-3.069,6.8923,3.8947,1.8518,-1.2098,1.164,3.795,46.174,46.321,36.1244,-17.5185,0.2,0.0,0.0,0.0,1.9099,-1.1895,1.044,2.4804,-0.102,0,0,0,0.652,0.301,0.699,0,0,0.0,4,SEARCH_PHASE,1.8518,-1.2098,-39.1935,24.4108
945,24.978,-3.032,6.8682,3.917,1.8505,-1.2043,1.1172,3.817,46.13,46.279,36.1244,-17.5185,0.2,0.0,0.0,0.0,1.9099,-1.1895,0.996,2.4606,-0.0929,0,0,0,0.649,0.298,0.702,0,0,0.0,4,SEARCH_PHASE,1.8505,-1.2043,-39.1564,24.3867
946,25.003,-2.995,6.8442,3.9384,1.8501,-1.1987,1.0697,3.838,46.085,46.237,36.1244,-17.5185,0.2,0.0,0.0,0.0,1.9099,-1.1894,0.948,2.4416,-0.1129,0,0,0,0.651,0.302,0.698,0,0,0.0,4,SEARCH_PHASE,1.8501,-1.1987,-39.1194,24.3627
947,25.028,-2.958,6.8204,3.9588,1.8496,-1.1928,1.0222,3.859,46.041,46.195,36.1244,-17.5185,0.2,0.0,0.0,0.0,1.9099,-1.1894,0.9,2.4233,-0.078,0,0,0,0.649,0.3,0.7,0,0,0.0,4,SEARCH_PHASE,1.8496,-1.1928,-39.0824,24.3389
948,25.052,-2.921,6.7966,3.9783,1.8505,-1.1881,0.9753,3.878,45.998,46.152,36.1244,-17.5185,0.2,0.0,0.0,0.0,1.9099,-1.1894,0.852,2.4059,-0.1097,0,0,0,0.651,0.303,0.697,0,0,0.0,4,SEARCH_PHASE,1.8505,-1.1881,-39.0454,24.3151
949,25.077,-2.884,6.7729,3.9969,1.8515,-1.1825,0.9281,3.897,45.954,46.11,36.1244,-17.5185,0.2,0.0,0.0,0.0,1.9099,-1.1894,0.804,2.3893,-0.0704,0,0,0,0.649,0.302,0.698,0,0,0.0,4,SEARCH_PHASE,1.8515,-1.1825,-39.0084,24.2915
950,25.102,-2.8469,6.7494,4.0145,1.8538,-1.1781,0.8807,3.915,45.91,46.068,36.1244,-17.5185,0.2,0.0,0.0,0.0,1.91,-1.1894,0.756,2.3736,-0.1023,0,0,0,0.65,0.306,0.694,0,0,0.0,4,SEARCH_PHASE,1.8538,-1.1781,-38.9713,24.2679
951,25.128,-2.8098,6.7259,4.0312,1.856,-1.1727,0.833,3.931,45.866,46.025,36.1244,-17.5185,0.2,0.0,0.0,0.0,1.91,-1.1893,0.708,2.3588,-0.082,0,0,0,0.647,0.299,0.701,0,0,0.0,4,SEARCH_PHASE,1.856,-1.1727,-38.9342,24.2444
952,25.153,-2.7726,6.7026,4.0469,1.8593,-1.1681,0.7855,3.947,45.822,45.983,36.1244,-17.5185,0.2,0.0,0.0,0.0,1.91,-1.1893,0.66,2.3448,-0.1142,0,0,0,0.648,0.304,0.696,0,0,0.0,4,SEARCH_PHASE,1.8593,-1.1681,-38.897,24.2211
953,25.179,-2.7354,6.6793,4.0616,1.8621,-1.1634,0.7379,3.962,45.778,45.94,36.1244,-17.5185,0.2,0.0,0.0,0.0,1.91,-1.1893,0.612,2.3317,-0.074,0,0,0,0.645,0.299,0.701,0,0,0.0,4,SEARCH_PHASE,1.8621,-1.1634,-38.8598,24.1978
954,25.206,-2.6981,6.6561,4.0755,1.8654,-1.1606,0.6903,3.975,45.734,45.898,36.1244,-17.5185,0.2,0.0,0.0,0.0,1.91,-1.1893,0.564,2.3196,-0.1062,0,0,0,0.646,0.3,0.7,0,0,0.0,4,SEARCH_PHASE,1.8654,-1.1606,-38.8225,24.1746
955,25.232,-2.6607,6.6329,4.0883,1.8681,-1.1573,0.6427,3.988,45.69,45.855,36.1244,-17.5185,0.2,0.0,0.0,0.0,1.91,-1.1893,0.516,2.3084,-0.0657,0,0,0,0.642,0.299,0.701,0,0,0.0,4,SEARCH_PHASE,1.8681,-1.1573,-38.7851,24.1514
956,25.258,-2.6233,6.6098,4.1002,1.8711,-1.1557,0.5951,4.0,45.646,45.812,36.1244,-17.5185,0.2,0.0,0.0,0.0,1.91,-1.1893,0.468,2.2982,-0.0979,0,0,0,0.642,0.302,0.698,0,0,0.0,4,SEARCH_PHASE,1.8711,-1.1557,-38.7477,24.1283
957,25.283,-2.5858,6.5868,4.1111,1.8732,-1.1534,0.5468,4.011,45.602,45.769,36.1244,-17.5185,0.2,0.0,0.0,0.0,1.91,-1.1894,0.42,2.2889,-0.0668,0,0,0,0.639,0.293,0.707,0,0,0.0,4,SEARCH_PHASE,1.8732,-1.1534,-38.7102,24.1053
958,25.309,-2.5483,6.5637,4.1211,1.8755,-1.1524,0.4994,4.021,45.558,45.726,36.1244,-17.5185,0.2,0.0,0.0,0.0,1.91,-1.1894,0.372,2.2805,-0.104,0,0,0,0.639,0.296,0.704,0,0,0.0,4,SEARCH_PHASE,1.8755,-1.1524,-38.6727,24.0822
959,25.335,-2.5108,6.5407,4.1302,1.877,-1.1507,0.452,4.03,45.514,45.683,36.1244,-17.5185,0.2,0.0,0.0,0.0,1.9099,-1.1894,0.324,2.2732,-0.0686,0,0,0,0.635,0.293,0.707,0,0,0.0,4,SEARCH_PHASE,1.877,-1.1507,-38.6352,24.0592
960,25.361,-2.4732,6.5177,4.1383,1.8785,-1.1501,0.4044,4.038,45.47,45.64,36.1244,-17.5185,0.2,0.0,0.0,0.0,1.9099,-1.1894,0.276,2.2669,-0.1051,0,0,0,0.634,0.291,0.709,0,0,0.0,4,SEARCH_PHASE,1.8785,-1.1501,-38.5976,24.0362
961,25.387,-2.4356,6.4947,4.1454,1.8789,-1.1486,0.3567,4.045,45.426,45.597,36.1244,-17.5185,0.2,0.0,0.0,0.0,1.9099,-1.1894,0.228,2.2615,-0.077,0,0,0,0.633,0.291,0.709,0,0,0.0,4,SEARCH_PHASE,1.8789,-1.1486,-38.56,24.0132
962,25.413,-2.398,6.4718,4.1516,1.8793,-1.148,0.309,4.052,45.382,45.554,36.1244,-17.5185,0.2,0.0,0.0,0.0,1.9099,-1.1894,0.18,2.2572,-0.1116,0,0,0,0.635,0.295,0.705,0,0,0.0,4,SEARCH_PHASE,1.8793,-1.148,-38.5224,23.9903
963,25.439,-2.3604,6.4488,4.1568,1.8795,-1.1467,0.2614,4.057,45.338,45.51,36.1244,-17.5185,0.2,0.0,0.0,0.0,1.9099,-1.1894,0.132,2.2539,-0.0828,0,0,0,0.632,0.292,0.708,0,0,0.0,4,SEARCH_PHASE,1.8795,-1.1467,-38.4849,23.9673
964,25.465,-2.3228,6.4259,4.1611,1.8805,-1.1463,0.2132,4.061,45.294,45.467,36.1244,-17.5185,0.2,0.0,0.0,0.0,1.9099,-1.1895,0.084,2.2516,-0.115,0,0,0,0.634,0.295,0.705,0,0,0.0,4,SEARCH_PHASE,1.8805,-1.1463,-38.4472,23.9444
965,25.491,-2.2852,6.403,4.1644,1.8809,-1.1453,0.1659,4.064,45.25,45.423,36.1244,-17.5185,0.2,0.0,0.0,0.0,1.9099,-1.1895,0.036,2.2503,-0.0759,0,0,0,0.632,0.293,0.707,0,0,0.0,4,SEARCH_PHASE,1.8809,-1.1453,-38.4096,23.9215
966,25.517,-2.2476,6.3801,4.1668,1.8819,-1.1455,0.1184,4.067,45.206,45.379,36.1244,-17.5185,0.2,0.0,0.0,0.0,1.9099,-1.1895,-0.012,2.25,-0.1072,0,0,0,0.633,0.294,0.706,0,0,0.0,4,SEARCH_PHASE,1.8819,-1.1455,-38.372,23.8986
967,25.543,-2.2099,6.3572,4.1682,1.8821,-1.145,0.0709,4.068,45.162,45.336,36.1244,-17.5185,0.2,0.0,0.0,0.0,1.9099,-1.1895,-0.06,2.2508,-0.0699,0,0,0,0.63,0.289,0.711,0,0,0.0,4,SEARCH_PHASE,1.8821,-1.145,-38.3343,23.8757
968,25.568,-2.1723,6.3343,4.1686,1.8827,-1.1454,0.0233,4.069,45.118,45.292,36.1244,-17.5185,0.2,0.0,0.0,0.0,1.9098,-1.1895,-0.108,2.2526,-0.1012,0,0,0,0.631,0.29,0.71,0,0,0.0,4,SEARCH_PHASE,1.8827,-1.1454,-38.2967,23.8528
969,25.594,-2.1346,6.3114,4.1681,1.8823,-1.1449,-0.0245,4.068,45.073,45.248,36.1244,-17.5185,0.2,0.0,0.0,0.0,1.9098,-1.1896,-0.156,2.2554,-0.0699,0,0,0,0.629,0.286,0.714,0,0,0.0,4,SEARCH_PHASE,1.8823,-1.1449,-38.259,23.8299
970,25.62,-2.097,6.2885,4.1667,1.8821,-1.1453,-0.072,4.067,45.029,45.204,36.1244,-17.5185,0.2,0.0,0.0,0.0,1.9098,-1.1896,-0.204,2.2592,-0.1011,0,0,0,0.631,0.29,0.71,0,0,0.0,4,SEARCH_PHASE,1.8821,-1.1453,-38.2214,23.807
971,25.645,-2.0594,6.2656,4.1643,1.8813,-1.145,-0.12,4.064,44.985,45.16,36.1244,-17.5185,0.2,0.0,0.0,0.0,1.9098,-1.1896,-0.252,2.2641,-0.0638,0,0,0,0.628,0.291,0.709,0,0,0.0,4,SEARCH_PHASE,1.8813,-1.145,-38.1838,23.7841
972,25.67,-2.0218,6.2427,4.161,1.8809,-1.1458,-0.1675,4.061,44.941,45.116,36.1244,-17.5185,0.2,0.0,0.0,0.0,1.9098,-1.1896,-0.3,2.2699,-0.0963,0,0,0,0.63,0.293,0.707,0,0,0.0,4,SEARCH_PHASE,1.8809,-1.1458,-38.1462,23.7612
973,25.695,-1.9842,6.2197,4.1566,1.8797,-1.1456,-0.2155,4.017,44.897,45.071,36.1244,-17.5185,0.2,0.0,0.0,0.0,1.9098,-1.1896,-0.348,2.2768,-0.063,0,0,0,0.629,0.291,0.709,0,0,0.0,4,SEARCH_PHASE,1.8797,-1.1456,-38.1086,23.7383
974,25.72,-1.9466,6.1968,4.1514,1.8787,-1.1464,-0.2629,4.011,44.853,45.027,36.1244,-17.5185,0.2,0.0,0.0,0.0,1.9098,-1.1896,-0.396,2.2846,-0.0967,0,0,0,0.631,0.291,0.709,0,0,0.0,4,SEARCH_PHASE,1.8787,-1.1464,-38.071,23.7153
975,25.745,-1.909,6.1739,4.1452,1.8774,-1.1462,-0.3104,4.005,44.809,44.983,36.1244,-17.5185,0.2,0.0,0.0,0.0,1.9098,-1.1897,-0.444,2.2934,-0.0651,0,0,0,0.629,0.292,0.708,0,0,0.0,4,SEARCH_PHASE,1.8774,-1.1462,-38.0334,23.6924
976,25.77,-1.8715,6.151,4.138,1.8766,-1.1469,-0.358,3.998,44.765,44.938,36.1244,-17.5185,0.2,0.0,0.0,0.0,1.9098,-1.1897,-0.492,2.3032,-0.0986,0,0,0,0.632,0.294,0.706,0,0,0.0,4,SEARCH_PHASE,1.8766,-1.1469,-37.9959,23.6695
977,25.795,-1.834,6.128,4.1299,1.8751,-1.1467,-0.4057,3.99,44.721,44.894,36.1244,-17.5185,0.2,0.0,0.0,0.0,1.9097,-1.1897,-0.54,2.3139,-0.0655,0,0,0,0.631,0.29,0.71,0,0,0.0,4,SEARCH_PHASE,1.8751,-1.1467,-37.9584,23.6465
978,25.82,-1.7965,6.1051,4.1208,1.8739,-1.1474,-0.4532,3.981,44.677,44.849,36.1244,-17.5185,0.2,0.0,0.0,0.0,1.9097,-1.1897,-0.588,2.3256,-0.0988,0,0,0,0.635,0.291,0.709,0,0,0.0,4,SEARCH_PHASE,1.8739,-1.1474,-37.9209,23.6236
979,25.845,-1.7591,6.0821,4.1108,1.8724,-1.1472,-0.5008,3.971,44.633,44.804,36.1244,-17.5185,0.2,0.0,0.0,0.0,1.9097,-1.1897,-0.636,2.3382,-0.065,0,0,0,0.634,0.293,0.707,0,0,0.0,4,SEARCH_PHASE,1.8724,-1.1472,-37.8835,23.6006
980,25.87,-1.7216,6.0592,4.0999,1.8717,-1.1479,-0.5485,3.96,44.59,44.76,36.1244,-17.5185,0.2,0.0,0.0,0.0,1.9097,-1.1897,-0.684,2.3517,-0.0982,0,0,0,0.637,0.297,0.703,0,0,0.0,4,SEARCH_PHASE,1.8717,-1.1479,-37.8461,23.5777
981,25.896,-1.6842,6.0362,4.0879,1.8706,-1.1476,-0.5961,3.948,44.546,44.715,36.1244,-17.5185,0.2,0.0,0.0,0.0,1.9097,-1.1897,-0.732,2.3661,-0.0631,0,0,0,0.635,0.298,0.702,0,0,0.0,4,SEARCH_PHASE,1.8706,-1.1476,-37.8086,23.5547
982,25.922,-1.6468,6.0133,4.0751,1.87,-1.1482,-0.6438,3.935,44.502,44.67,36.1244,-17.5185,0.2,0.0,0.0,0.0,1.9097,-1.1898,-0.78,2.3814,-0.0962,0,0,0,0.638,0.298,0.702,0,0,0.0,4,SEARCH_PHASE,1.87,-1.1482,-37.7712,23.5318
983,25.947,-1.6095,5.9903,4.0612,1.8687,-1.1477,-0.6916,3.921,44.458,44.625,36.1244,-17.5185,0.2,0.0,0.0,0.0,1.9097,-1.1898,-0.828,2.3975,-0.0712,0,0,0,0.639,0.299,0.701,0,0,0.0,4,SEARCH_PHASE,1.8687,-1.1477,-37.7339,23.5088
984,25.973,-1.5721,5.9673,4.0464,1.8678,-1.1479,-0.7391,3.906,44.414,44.58,36.1244,-17.5185,0.2,0.0,0.0,0.0,1.9097,-1.1898,-0.876,2.4145,-0.104,0,0,0,0.644,0.306,0.694,0,0,0.0,4,SEARCH_PHASE,1.8678,-1.1479,-37.6965,23.4859
985,25.998,-1.5348,5.9444,4.0307,1.8669,-1.1476,-0.7867,3.891,44.37,44.535,36.1244,-17.5185,0.2,0.0,0.0,0.0,1.9097,-1.1898,-0.924,2.4323,-0.0665,0,0,0,0.644,0.304,0.696,0,0,0.0,4,SEARCH_PHASE,1.8669,-1.1476,-37.6592,23.4629
986,26.024,-1.4974,5.9214,4.014,1.867,-1.1484,-0.8343,3.874,44.326,44.49,36.1244,-17.5185,0.2,0.0,0.0,0.0,1.9097,-1.1898,-0.972,2.451,-0.0995,0,0,0,0.649,0.306,0.694,0,0,0.0,4,SEARCH_PHASE,1.867,-1.1484,-37.6218,23.4399
987,26.05,-1.4601,5.8985,3.9964,1.867,-1.1485,-0.8819,3.856,44.283,44.445,36.1244,-17.5185,0.2,0.0,0.0,0.0,1.9097,-1.1898,-1.02,2.4704,-0.0616,0,0,0,0.649,0.31,0.69,0,0,0.0,4,SEARCH_PHASE,1.867,-1.1485,-37.5845,23.417
988,26.075,-1.4227,5.8755,3.9778,1.8679,-1.1494,-0.9296,3.838,44.239,44.4,36.1244,-17.5185,0.2,0.0,0.0,0.0,1.9097,-1.1898,-1.068,2.4906,-0.0946,0,0,0,0.653,0.314,0.686,0,0,0.0,4,SEARCH_PHASE,1.8679,-1.1494,-37.5471,23.394
989,26.101,-1.3854,5.8525,3.9582,1.8684,-1.1493,-0.9776,3.818,44.195,44.354,36.1244,-17.5185,0.2,0.0,0.0,0.0,1.9097,-1.1898,-1.116,2.5116,-0.0704,0,0,0,0.653,0.314,0.686,0,0,0.0,4,SEARCH_PHASE,1.8684,-1.1493,-37.5098,23.371
990,26.127,-1.348,5.8295,3.9377,1.8695,-1.1499,-1.0251,3.798,44.151,44.309,36.1244,-17.5185,0.2,0.0,0.0,0.0,1.9096,-1.1898,-1.164,2.5333,-0.1041,0,0,0,0.656,0.317,0.683,0,0,0.0,4,SEARCH_PHASE,1.8695,-1.1499,-37.4724,23.348
991,26.153,-1.3106,5.8065,3.9163,1.87,-1.1499,-1.0726,3.776,44.107,44.263,36.1244,-17.5185,0.2,0.0,0.0,0.0,1.9096,-1.1899,-1.212,2.5557,-0.0666,0,0,0,0.656,0.316,0.684,0,0,0.0,4,SEARCH_PHASE,1.87,-1.1499,-37.435,23.325
992,26.179,-1.2731,5.7835,3.8939,1.8708,-1.1512,-1.1202,3.754,44.063,44.218,36.1244,-17.5185,0.2,0.0,0.0,0.0,1.9096,-1.1899,-1.26,2.5788,-0.1001,0,0,0,0.659,0.319,0.681,0,0,0.0,4,SEARCH_PHASE,1.8708,-1.1512,-37.3976,23.302
993,26.205,-1.2357,5.7604,3.8705,1.8708,-1.1516,-1.1678,3.731,44.019,44.172,36.1244,-17.5185,0.2,0.0,0.0,0.0,1.9096,-1.1899,-1.308,2.6026,-0.0654,0,0,0,0.659,0.318,0.682,0,0,0.0,4,SEARCH_PHASE,1.8708,-1.1516,-37.3601,23.2789
994,26.231,-1.1983,5.7374,3.8462,1.8709,-1.153,-1.2154,3.706,43.975,44.126,36.1244,-17.5185,0.2,0.0,0.0,0.0,1.9096,-1.1899,-1.356,2.627,-0.0986,0,0,0,0.663,0.323,0.677,0,0,0.0,4,SEARCH_PHASE,1.8709,-1.153,-37.3227,23.2559
995,26.257,-1.1609,5.7143,3.821,1.8704,-1.1534,-1.2629,3.681,43.931,44.08,36.1244,-17.5185,0.2,0.0,0.0,0.0,1.9096,-1.1899,-1.404,2.6521,-0.0612,0,0,0,0.663,0.322,0.678,0,0,0.0,4,SEARCH_PHASE,1.8704,-1.1534,-37.2853,23.2328
996,26.282,-1.1235,5.6912,3.7947,1.8703,-1.1547,-1.3105,3.655,43.887,44.034,36.1244,-17.5185,0.2,0.0,0.0,0.0,1.9094,-1.1902,-1.452,2.6778,-0.0942,0,0,0,0.666,0.322,0.678,0,0,0.0,4,SEARCH_PHASE,1.8703,-1.1547,-37.2479,23.2097
997,26.31,-1.0861,5.6681,3.7676,1.8695,-1.1549,-1.3582,3.628,43.843,43.988,36.1244,-17.5185,0.2,0.0,0.0,0.0,1.909,-1.191,-1.5,2.7042,-0.0616,0,0,0,0.667,0.324,0.676,0,0,0.0,4,SEARCH_PHASE,1.8695,-1.1549,-37.2105,23.1866
998,26.337,-1.0487,5.645,3.7395,1.8689,-1.1556,-1.4057,3.599,43.799,43.942,36.1244,-17.5185,0.2,0.0,0.0,0.0,1.9073,-1.1936,-1.5,2.7042,-0.0944,0,0,0,0.672,0.327,0.673,0,0,0.0,4,SEARCH_PHASE,1.8689,-1.1556,-37.1731,23.1635
999,26.364,-1.0114,5.6219,3.7108,1.8687,-1.1556,-1.4357,3.571,43.755,43.896,36.1244,-17.5185,0.2,0.0,0.0,0.0,1.9067,-1.1946,-1.452,2.6778,-0.0674,0,0,0,0.673,0.328,0.672,0,0,0.0,4,SEARCH_PHASE,1.8687,-1.1556,-37.1358,23.1404
1000,26.39,-0.9739,5.5987,3.682,1.8705,-1.1571,-1.4366,3.542,43.712,43.85,36.1244,-17.5185,0.2,0.0,0.0,0.0,1.9048,-1.1977,-1.404,2.6521,-0.1057,0,0,0,0.678,0.333,0.667,0,0,0.0,4,SEARCH_PHASE,1.8705,-1.1571,-37.0984,23.1172
1001,26.419,-0.9365,5.5756,3.6536,1.8722,-1.158,-1.4193,3.514,43.667,43.804,36.1244,-17.5185,0.2,0.0,0.0,0.0,1.9048,-1.1977,-1.356,2.627,-0.0609,0,0,0,0.678,0.333,0.667,0,0,0.0,4,SEARCH_PHASE,1.8722,-1.158,-37.0609,23.0941
1002,26.447,-0.899,5.5524,3.6258,1.8753,-1.1612,-1.3909,3.486,43.623,43.758,36.1244,-17.5185,0.2,0.0,0.0,0.0,1.9024,-1.2014,-1.308,2.6026,-0.1022,0,0,0,0.683,0.338,0.662,0,0,0.0,4,SEARCH_PHASE,1.8753,-1.1612,-37.0234,23.0709
1003,26.473,-0.8614,5.5291,3.5987,1.8774,-1.1629,-1.3552,3.459,43.579,43.712,36.1244,-17.5185,0.2,0.0,0.0,0.0,1.903,-1.2004,-1.26,2.5788,-0.0555,0,0,0,0.682,0.335,0.665,0,0,0.0,4,SEARCH_PHASE,1.8774,-1.1629,-36.9859,23.0476
1004,26.501,-0.8238,5.5058,3.5724,1.8804,-1.1666,-1.3152,3.432,43.535,43.665,36.1244,-17.5185,0.2,0.0,0.0,0.0,1.9008,-1.2039,-1.212,2.5557,-0.0978,0,0,0,0.686,0.339,0.661,0,0,0.0,4,SEARCH_PHASE,1.8804,-1.1666,-36.9482,23.0243
1005,26.528,-0.7862,5.4824,3.547,1.882,-1.1683,-1.2723,3.407,43.491,43.619,36.1244,-17.5185,0.2,0.0,0.0,0.0,1.9021,-1.2018,-1.164,2.5333,-0.0502,0,0,0,0.684,0.336,0.664,0,0,0.0,4,SEARCH_PHASE,1.882,-1.1683,-36.9106,23.0009
1006,26.56,-0.7485,5.459,3.5224,1.884,-1.1715,-1.2277,3.382,43.446,43.573,36.1244,-17.5185,0.2,0.0,0.0,0.0,1.9004,-1.2046,-1.116,2.5116,-0.0927,0,0,0,0.687,0.339,0.661,0,0,0.0,4,SEARCH_PHASE,1.884,-1.1715,-36.8729,22.9775
1007,26.598,-0.7108,5.4355,3.4988,1.8843,-1.1721,-1.1823,3.359,43.402,43.527,36.1244,-17.5185,0.2,0.0,0.0,0.0,1.902,-1.202,-1.068,2.4906,-0.0482,0,0,0,0.685,0.338,0.662,0,0,0.0,4,SEARCH_PHASE,1.8843,-1.1721,-36.8352,22.954
1008,26.639,-0.6731,5.4121,3.4761,1.8846,-1.174,-1.1357,3.336,43.357,43.481,36.1244,-17.5185,0.2,0.0,0.0,0.0,1.9007,-1.2042,-1.02,2.4704,-0.0925,0,0,0,0.687,0.337,0.663,0,0,0.0,4,SEARCH_PHASE,1.8846,-1.174,-36.7976,22.9306
1009,26.675,-0.6355,5.3886,3.4543,1.8829,-1.1729,-1.0888,3.314,43.313,43.435,36.1244,-17.5185,0.2,0.0,0.0,0.0,1.9002,-1.2049,-0.972,2.451,-0.0557,0,0,0,0.688,0.338,0.662,0,0,0.0,4,SEARCH_PHASE,1.8829,-1.1729,-36.7599,22.9071
1010,26.703,-0.5979,5.3651,3.4334,1.8811,-1.1727,-1.0415,3.293,43.269,43.389,36.1244,-17.5185,0.2,0.0,0.0,0.0,1.8961,-1.2113,-0.924,2.4323,-0.0994,0,0,0,0.693,0.345,0.655,0,0,0.0,4,SEARCH_PHASE,1.8811,-1.1727,-36.7223,22.8836
1011,26.731,-0.5603,5.3417,3.4136,1.8791,-1.17,-0.9942,3.274,43.224,43.344,36.1244,-17.5185,0.2,0.0,0.0,0.0,1.8961,-1.2113,-0.876,2.4145,-0.0789,0,0,0,0.693,0.344,0.656,0,0,0.0,4,SEARCH_PHASE,1.8791,-1.17,-36.6847,22.8602
1012,26.761,-0.5227,5.3184,3.3946,1.8792,-1.1687,-0.9467,3.255,43.18,43.298,36.1244,-17.5185,0.2,0.0,0.0,0.0,1.8919,-1.2179,-0.828,2.3975,-0.1227,0,0,0,0.698,0.351,0.649,0,0,0.0,4,SEARCH_PHASE,1.8792,-1.1687,-36.6471,22.8369
1013,26.789,-0.4851,5.295,3.3766,1.8782,-1.1669,-0.8991,3.237,43.136,43.253,36.1244,-17.5185,0.2,0.0,0.0,0.0,1.8936,-1.2152,-0.78,2.3814,-0.0771,0,0,0,0.697,0.348,0.652,0,0,0.0,4,SEARCH_PHASE,1.8782,-1.1669,-36.6095,22.8135
1014,26.813,-0.4476,5.2717,3.3596,1.8783,-1.1687,-0.8515,3.22,43.092,43.207,36.1244,-17.5185,0.2,0.0,0.0,0.0,1.8887,-1.2228,-0.732,2.3661,-0.1207,0,0,0,0.701,0.357,0.643,0,0,0.0,4,SEARCH_PHASE,1.8783,-1.1687,-36.572,22.7902
1015,26.839,-0.41,5.2483,3.3435,1.8771,-1.1696,-0.8039,3.204,43.048,43.162,36.1244,-17.5185,0.2,0.0,0.0,0.0,1.8912,-1.219,-0.684,2.3517,-0.0751,0,0,0,0.7,0.351,0.649,0,0,0.0,4,SEARCH_PHASE,1.8771,-1.1696,-36.5344,22.7668
1016,26.865,-0.3725,5.2248,3.3284,1.8767,-1.1736,-0.7563,3.188,43.003,43.117,36.1244,-17.5185,0.2,0.0,0.0,0.0,1.8866,-1.2261,-0.636,2.3382,-0.1184,0,0,0,0.702,0.356,0.644,0,0,0.0,4,SEARCH_PHASE,1.8767,-1.1736,-36.4969,22.7433
1017,26.891,-0.335,5.2013,3.3142,1.8745,-1.1764,-0.7087,3.174,42.959,43.072,36.1244,-17.5185,0.2,0.0,0.0,0.0,1.8907,-1.2198,-0.588,2.3256,-0.0729,0,0,0,0.7,0.357,0.643,0,0,0.0,4,SEARCH_PHASE,1.8745,-1.1764,-36.4594,22.7198
1018,26.918,-0.2975,5.1776,3.301,1.8729,-1.1818,-0.6611,3.161,42.915,43.027,36.1244,-17.5185,0.2,0.0,0.0,0.0,1.8874,-1.2248,-0.54,2.3139,-0.1158,0,0,0,0.702,0.358,0.642,0,0,0.0,4,SEARCH_PHASE,1.8729,-1.1818,-36.4219,22.6961
1019,26.944,-0.2602,5.1539,3.2887,1.8692,-1.1856,-0.6136,3.149,42.87,42.982,36.1244,-17.5185,0.2,0.0,0.0,0.0,1.8914,-1.2186,-0.492,2.3032,-0.0719,0,0,0,0.7,0.354,0.646,0,0,0.0,4,SEARCH_PHASE,1.8692,-1.1856,-36.3846,22.6724
1020,26.973,-0.2228,5.1301,3.2774,1.8656,-1.1917,-0.566,3.137,42.826,42.937,36.1244,-17.5185,0.2,0.0,0.0,0.0,1.8881,-1.2238,-0.444,2.2934,-0.1143,0,0,0,0.703,0.359,0.641,0,0,0.0,4,SEARCH_PHASE,1.8656,-1.1917,-36.3473,22.6486
1021,27.003,-0.1856,5.1062,3.2671,1.8601,-1.1959,-0.5186,3.127,42.782,42.892,36.1244,-17.5185,0.2,0.0,0.0,0.0,1.8893,-1.222,-0.396,2.2846,-0.0746,0,0,0,0.707,0.359,0.641,0,0,0.0,4,SEARCH_PHASE,1.8601,-1.1959,-36.3101,22.6247
1022,27.029,-0.1485,5.0821,3.2576,1.8549,-1.2021,-0.471,3.118,42.738,42.847,36.1244,-17.5185,0.2,0.0,0.0,0.0,1.8831,-1.2314,-0.348,2.2768,-0.1165,0,0,0,0.709,0.36,0.64,0,0,0.0,4,SEARCH_PHASE,1.8549,-1.2021,-36.273,22.6006
1023,27.054,-0.1116,5.058,3.2492,1.8491,-1.2066,-0.4233,3.109,42.694,42.802,36.1244,-17.5185,0.2,0.0,0.0,0.0,1.8853,-1.228,-0.3,2.2699,-0.0715,0,0,0,0.71,0.359,0.641,0,0,0.0,4,SEARCH_PHASE,1.8491,-1.2066,-36.236,22.5765
1024,27.078,-0.0747,5.0337,3.2417,1.8448,-1.2133,-0.3757,3.102,42.649,42.758,36.1244,-17.5185,0.2,0.0,0.0,0.0,1.88,-1.2362,-0.252,2.2641,-0.1134,0,0,0,0.713,0.362,0.638,0,0,0.0,4,SEARCH_PHASE,1.8448,-1.2133,-36.1991,22.5522
1025,27.106,-0.0379,5.0094,3.2351,1.8395,-1.2178,-0.328,3.095,42.605,42.713,36.1244,-17.5185,0.2,0.0,0.0,0.0,1.8832,-1.2313,-0.204,2.2592,-0.0683,0,0,0,0.711,0.36,0.64,0,0,0.0,4,SEARCH_PHASE,1.8395,-1.2178,-36.1623,22.5279
1026,27.132,-0.0012,4.9849,3.2295,1.8355,-1.224,-0.2805,3.089,42.561,42.669,36.1244,-17.5185,0.2,0.0,0.0,0.0,1.8769,-1.2408,-0.156,2.2554,-0.11,0,0,0,0.713,0.362,0.638,0,0,0.0,4,SEARCH_PHASE,1.8355,-1.224,-36.1256,22.5034
1027,27.165,0.0354,4.9603,3.2248,1.8301,-1.2277,-0.2328,3.085,42.517,42.625,36.1244,-17.5185,0.2,0.0,0.0,0.0,1.8817,-1.2335,-0.108,2.2526,-0.0677,0,0,0,0.711,0.362,0.638,0,0,0.0,4,SEARCH_PHASE,1.8301,-1.2277,-36.089,22.4788
1028,27.192,0.0719,4.9357,3.2211,1.8256,-1.2327,-0.1852,3.081,42.473,42.58,36.1244,-17.5185,0.2,0.0,0.0,0.0,1.8756,-1.2429,-0.06,2.2508,-0.1092,0,0,0,0.714,0.362,0.638,0,0,0.0,4,SEARCH_PHASE,1.8256,-1.2327,-36.0525,22.4542
1029,27.222,0.1084,4.911,3.2184,1.8203,-1.2352,-0.1374,3.078,42.429,42.536,36.1244,-17.5185,0.2,0.0,0.0,0.0,1.8805,-1.2354,-0.012,2.25,-0.0639,0,0,0,0.712,0.362,0.638,0,0,0.0,4,SEARCH_PHASE,1.8203,-1.2352,-36.0161,22.4295
1030,27.248,0.1447,4.8862,3.2166,1.8166,-1.2388,-0.0897,3.077,42.385,42.492,36.1244,-17.5185,0.2,0.0,0.0,0.0,1.8757,-1.2427,0.036,2.2503,-0.1054,0,0,0,0.714,0.364,0.636,0,0,0.0,4,SEARCH_PHASE,1.8166,-1.2388,-35.9797,22.4047
1031,27.276,0.1809,4.8614,3.2157,1.8117,-1.2395,-0.042,3.076,42.341,42.449,36.1244,-17.5185,0.2,0.0,0.0,0.0,1.8774,-1.2401,0.084,2.2516,-0.0649,0,0,0,0.713,0.366,0.634,0,0,0.0,4,SEARCH_PHASE,1.8117,-1.2395,-35.9435,22.3799
1032,27.302,0.2171,4.8366,3.2159,1.808,-1.241,0.0058,3.076,42.298,42.405,36.1244,-17.5185,0.2,0.0,0.0,0.0,1.8682,-1.2539,0.132,2.2539,-0.1063,0,0,0,0.716,0.364,0.636,0,0,0.0,4,SEARCH_PHASE,1.808,-1.241,-35.9073,22.3551
1033,27.328,0.2532,4.8118,3.2169,1.8045,-1.2396,0.0536,3.077,42.254,42.361,36.1244,-17.5185,0.2,0.0,0.0,0.0,1.872,-1.2483,0.18,2.2572,-0.0637,0,0,0,0.715,0.364,0.636,0,0,0.0,4,SEARCH_PHASE,1.8045,-1.2396,-35.8712,22.3303
1034,27.353,0.2892,4.787,3.219,1.8034,-1.2392,0.1014,3.079,42.21,42.318,36.1244,-17.5185,0.2,0.0,0.0,0.0,1.8623,-1.2626,0.228,2.2615,-0.1053,0,0,0,0.718,0.369,0.631,0,0,0.0,4,SEARCH_PHASE,1.8034,-1.2392,-35.8352,22.3055
1035,27.378,0.3253,4.7623,3.2219,1.802,-1.2357,0.149,3.082,42.166,42.275,36.1244,-17.5185,0.2,0.0,0.0,0.0,1.8693,-1.2523,0.276,2.2669,-0.0836,0,0,0,0.716,0.374,0.626,0,0,0.0,4,SEARCH_PHASE,1.802,-1.2357,-35.7991,22.2808
1036,27.403,0.3613,4.7376,3.2259,1.8026,-1.2333,0.1968,3.086,42.123,42.231,36.1244,-17.5185,0.2,0.0,0.0,0.0,1.8631,-1.2615,0.324,2.2732,-0.1254,0,0,0,0.718,0.369,0.631,0,0,0.0,4,SEARCH_PHASE,1.8026,-1.2333,-35.7631,22.2561
1037,27.428,0.3974,4.713,3.2308,1.8021,-1.2299,0.2446,3.091,42.079,42.188,36.1244,-17.5185,0.2,0.0,0.0,0.0,1.8726,-1.2473,0.372,2.2805,-0.0787,0,0,0,0.715,0.373,0.627,0,0,0.0,4,SEARCH_PHASE,1.8021,-1.2299,-35.727,22.2315
1038,27.453,0.4334,4.6884,3.2366,1.8028,-1.2296,0.2922,3.097,42.036,42.145,36.1244,-17.5185,0.2,0.0,0.0,0.0,1.8679,-1.2544,0.42,2.2889,-0.1206,0,0,0,0.716,0.374,0.626,0,0,0.0,4,SEARCH_PHASE,1.8028,-1.2296,-35.691,22.2069
1039,27.478,0.4695,4.6639,3.2434,1.8019,-1.2279,0.34,3.103,41.992,42.102,36.1244,-17.5185,0.2,0.0,0.0,0.0,1.8786,-1.2383,0.468,2.2982,-0.0737,0,0,0,0.713,0.37,0.63,0,0,0.0,4,SEARCH_PHASE,1.8019,-1.2279,-35.6549,22.1824
1040,27.503,0.5055,4.6393,3.2512,1.8019,-1.229,0.3876,3.111,41.948,42.059,36.1244,-17.5185,0.2,0.0,0.0,0.0,1.8765,-1.2414,0.516,2.3084,-0.1154,0,0,0,0.714,0.374,0.626,0,0,0.0,4,SEARCH_PHASE,1.8019,-1.229,-35.6189,22.1578
1041,27.528,0.5415,4.6147,3.2599,1.8001,-1.2282,0.4351,3.12,41.905,42.017,36.1244,-17.5185,0.2,0.0,0.0,0.0,1.8777,-1.2397,0.564,2.3196,-0.0779,0,0,0,0.713,0.372,0.628,0,0,0.0,4,SEARCH_PHASE,1.8001,-1.2282,-35.5829,22.1332
1042,27.553,0.5775,4.5901,3.2695,1.7987,-1.2298,0.4827,3.13,41.861,41.974,36.1244,-17.5185,0.2,0.0,0.0,0.0,1.8713,-1.2494,0.612,2.3317,-0.1166,0,0,0,0.716,0.377,0.623,0,0,0.0,4,SEARCH_PHASE,1.7987,-1.2298,-35.5469,22.1086
1043,27.578,0.6134,4.5655,3.2801,1.7981,-1.2302,0.5305,3.14,41.818,41.931,36.1244,-17.5185,0.2,0.0,0.0,0.0,1.8795,-1.2369,0.66,2.3448,-0.0693,0,0,0,0.711,0.371,0.629,0,0,0.0,4,SEARCH_PHASE,1.7981,-1.2302,-35.511,22.084
1044,27.603,0.6494,4.5409,3.2917,1.7992,-1.2331,0.5782,3.152,41.774,41.889,36.1244,-17.5185,0.2,0.0,0.0,0.0,1.8754,-1.2432,0.708,2.3588,-0.1113,0,0,0,0.712,0.376,0.624,0,0,0.0,4,SEARCH_PHASE,1.7992,-1.2331,-35.475,22.0594
1045,27.628,0.6854,4.5162,3.3042,1.7994,-1.2341,0.6259,3.164,41.731,41.846,36.1244,-17.5185,0.2,0.0,0.0,0.0,1.8862,-1.2267,0.756,2.3736,-0.0635,0,0,0,0.705,0.37,0.63,0,0,0.0,4,SEARCH_PHASE,1.7994,-1.2341,-35.439,22.0347
1046,27.653,0.7214,4.4915,3.3177,1.8011,-1.2372,0.6735,3.178,41.687,41.803,36.1244,-17.5185,0.2,0.0,0.0,0.0,1.8837,-1.2305,0.804,2.3893,-0.1056,0,0,0,0.705,0.371,0.629,0,0,0.0,4,SEARCH_PHASE,1.8011,-1.2372,-35.403,22.01
1047,27.679,0.7575,4.4667,3.3321,1.8015,-1.2379,0.7211,3.192,41.643,41.761,36.1244,-17.5185,0.2,0.0,0.0,0.0,1.8922,-1.2175,0.852,2.4059,-0.0575,0,0,0,0.701,0.367,0.633,0,0,0.0,4,SEARCH_PHASE,1.8015,-1.2379,-35.3669,21.9852
1048,27.704,0.7935,4.4419,3.3475,1.803,-1.2405,0.7687,3.207,41.6,41.719,36.1244,-17.5185,0.2,0.0,0.0,0.0,1.8912,-1.219,0.9,2.4233,-0.0995,0,0,0,0.701,0.367,0.633,0,0,0.0,4,SEARCH_PHASE,1.803,-1.2405,-35.3309,21.9604
1049,27.73,0.8296,4.4171,3.3638,1.8029,-1.2402,0.8163,3.224,41.556,41.676,36.1244,-17.5185,0.2,0.0,0.0,0.0,1.8938,-1.215,0.948,2.4416,-0.0579,0,0,0,0.7,0.364,0.636,0,0,0.0,4,SEARCH_PHASE,1.8029,-1.2402,-35.2948,21.9356
1050,27.755,0.8657,4.3923,3.3811,1.8035,-1.2413,0.864,3.241,41.512,41.634,36.1244,-17.5185,0.2,0.0,0.0,0.0,1.8896,-1.2214,0.996,2.4606,-0.0999,0,0,0,0.701,0.368,0.632,0,0,0.0,4,SEARCH_PHASE,1.8035,-1.2413,-35.2588,21.9108
1051,27.781,0.9017,4.3675,3.3993,1.8043,-1.24,0.9118,3.259,41.468,41.592,36.1244,-17.5185,0.2,0.0,0.0,0.0,1.8944,-1.214,1.044,2.4804,-0.0512,0,0,0,0.695,0.366,0.634,0,0,0.0,4,SEARCH_PHASE,1.8043,-1.24,-35.2227,21.886
1052,27.806,0.9379,4.3427,3.4185,1.8073,-1.2402,0.9595,3.279,41.425,41.549,36.1244,-17.5185,0.2,0.0,0.0,0.0,1.8915,-1.2185,1.092,2.501,-0.0936,0,0,0,0.696,0.366,0.634,0,0,0.0,4,SEARCH_PHASE,1.8073,-1.2402,-35.1865,21.8612
1053,27.832,0.9741,4.3179,3.4386,1.8101,-1.2376,1.0066,3.299,41.381,41.507,36.1244,-17.5185,0.2,0.0,0.0,0.0,1.8956,-1.2122,1.14,2.5223,-0.0481,0,0,0,0.693,0.364,0.636,0,0,0.0,4,SEARCH_PHASE,1.8101,-1.2376,-35.1503,21.8364
1054,27.857,1.0104,4.2932,3.4597,1.8148,-1.2361,1.0544,3.32,41.337,41.465,36.1244,-17.5185,0.2,0.0,0.0,0.0,1.8923,-1.2173,1.188,2.5444,-0.093,0,0,0,0.693,0.365,0.635,0,0,0.0,4,SEARCH_PHASE,1.8148,-1.2361,-35.114,21.8117
1055,27.883,1.0468,4.2686,3.4818,1.8191,-1.2315,1.1021,3.342,41.293,41.423,36.1244,-17.5185,0.2,0.0,0.0,0.0,1.8979,-1.2085,1.236,2.5671,-0.0457,0,0,0,0.689,0.36,0.64,0,0,0.0,4,SEARCH_PHASE,1.8191,-1.2315,-35.0776,21.7871
1056,27.909,1.0833,4.244,3.5048,1.825,-1.2278,1.1498,3.365,41.249,41.381,36.1244,-17.5185,0.2,0.0,0.0,0.0,1.8965,-1.2107,1.284,2.5906,-0.0906,0,0,0,0.689,0.361,0.639,0,0,0.0,4,SEARCH_PHASE,1.825,-1.2278,-35.0411,21.7625
1057,27.935,1.1199,4.2196,3.5287,1.8301,-1.2204,1.1971,3.389,41.205,41.339,36.1244,-17.5185,0.2,0.0,0.0,0.0,1.9012,-1.2033,1.332,2.6147,-0.0744,0,0,0,0.684,0.354,0.646,0,0,0.0,4,SEARCH_PHASE,1.8301,-1.2204,-35.0045,21.7381
1058,27.96,1.1566,4.1953,3.5536,1.8365,-1.2135,1.2446,3.414,41.161,41.298,36.1244,-17.5185,0.2,0.0,0.0,0.0,1.9007,-1.2041,1.38,2.6395,-0.1064,0,0,0,0.684,0.355,0.645,0,0,0.0,4,SEARCH_PHASE,1.8365,-1.2135,-34.9678,21.7138
1059,27.986,1.1934,4.1712,3.5794,1.841,-1.2059,1.2922,3.439,41.117,41.256,36.1244,-17.5185,0.2,0.0,0.0,0.0,1.9045,-1.198,1.428,2.6649,-0.0591,0,0,0,0.678,0.349,0.651,0,0,0.0,4,SEARCH_PHASE,1.841,-1.2059,-34.931,21.6897
1060,28.012,1.2303,4.1472,3.6062,1.8462,-1.2002,1.3398,3.466,41.073,41.214,36.1244,-17.5185,0.2,0.0,0.0,0.0,1.9045,-1.198,1.476,2.6909,-0.1036,0,0,0,0.677,0.353,0.647,0,0,0.0,4,SEARCH_PHASE,1.8462,-1.2002,-34.8941,21.6657
1061,28.038,1.2673,4.1234,3.634,1.8496,-1.192,1.3874,3.494,41.029,41.173,36.1244,-17.5185,0.2,0.0,0.0,0.0,1.9075,-1.1932,1.428,2.6649,-0.0563,0,0,0,0.67,0.348,0.652,0,0,0.0,4,SEARCH_PHASE,1.8496,-1.192,-34.8571,21.6419
1062,28.063,1.3044,4.0996,3.662,1.852,-1.1858,1.3994,3.522,40.985,41.131,36.1244,-17.5185,0.2,0.0,0.0,0.0,1.9085,-1.1917,1.38,2.6395,-0.0969,0,0,0,0.667,0.346,0.654,0,0,0.0,4,SEARCH_PHASE,1.852,-1.1858,-34.82,21.6181
1063,28.089,1.3414,4.0761,3.6898,1.8521,-1.1777,1.3889,3.55,40.941,41.09,36.1244,-17.5185,0.2,0.0,0.0,0.0,1.9084,-1.1918,1.332,2.6147,-0.0933,0,0,0,0.668,0.346,0.654,0,0,0.0,4,SEARCH_PHASE,1.8521,-1.1777,-34.783,21.5946
1064,28.114,1.3784,4.0527,3.7171,1.8517,-1.1706,1.3648,3.577,40.897,41.048,36.1244,-17.5185,0.2,0.0,0.0,0.0,1.9102,-1.1889,1.284,2.5906,-0.1146,0,0,0,0.665,0.344,0.656,0,0,0.0,4,SEARCH_PHASE,1.8517,-1.1706,-34.746,21.5712
1065,28.141,1.4155,4.0294,3.7437,1.8525,-1.1642,1.332,3.604,40.854,41.007,36.1244,-17.5185,0.2,0.0,0.0,0.0,1.9104,-1.1886,1.236,2.5671,-0.0935,0,0,0,0.665,0.348,0.652,0,0,0.0,4,SEARCH_PHASE,1.8525,-1.1642,-34.7089,21.5479
1066,28.177,1.4525,4.0062,3.7696,1.8521,-1.1598,1.2936,3.63,40.81,40.966,36.1244,-17.5185,0.2,0.0,0.0,0.0,1.9114,-1.187,1.188,2.5444,-0.1032,0,0,0,0.661,0.341,0.659,0,0,0.0,4,SEARCH_PHASE,1.8521,-1.1598,-34.6719,21.5247
1067,28.211,1.4896,3.9831,3.7946,1.8527,-1.1559,1.252,3.655,40.766,40.924,36.1244,-17.5185,0.2,0.0,0.0,0.0,1.9115,-1.1868,1.14,2.5223,-0.0827,0,0,0,0.661,0.345,0.655,0,0,0.0,4,SEARCH_PHASE,1.8527,-1.1559,-34.6348,21.5016
1068,28.247,1.5266,3.96,3.8188,1.8522,-1.1531,1.2081,3.679,40.723,40.883,36.1244,-17.5185,0.2,0.0,0.0,0.0,1.9116,-1.1868,1.092,2.501,-0.1065,0,0,0,0.658,0.336,0.664,0,0,0.0,4,SEARCH_PHASE,1.8522,-1.1531,-34.5978,21.4785
1069,28.274,1.5637,3.937,3.842,1.8527,-1.1501,1.1629,3.702,40.679,40.842,36.1244,-17.5185,0.2,0.0,0.0,0.0,1.9115,-1.1869,1.044,2.4804,-0.0864,0,0,0,0.659,0.337,0.663,0,0,0.0,4,SEARCH_PHASE,1.8527,-1.1501,-34.5607,21.4555
1070,28.299,1.6007,3.914,3.8644,1.8524,-1.1483,1.1168,3.724,40.635,40.8,36.1244,-17.5185,0.2,0.0,0.0,0.0,1.9116,-1.1867,0.996,2.4606,-0.1085,0,0,0,0.655,0.337,0.663,0,0,0.0,4,SEARCH_PHASE,1.8524,-1.1483,-34.5237,21.4325
1071,28.344,1.6378,3.8911,3.8858,1.8534,-1.1466,1.0702,3.746,40.592,40.759,36.1244,-17.5185,0.2,0.0,0.0,0.0,1.9115,-1.1869,0.948,2.4416,-0.0886,0,0,0,0.656,0.334,0.666,0,0,0.0,4,SEARCH_PHASE,1.8534,-1.1466,-34.4866,21.4096
1072,28.372,1.6749,3.8682,3.9062,1.8532,-1.1463,1.0231,3.766,40.548,40.717,36.1244,-17.5185,0.2,0.0,0.0,0.0,1.9116,-1.1868,0.9,2.4233,-0.1069,0,0,0,0.659,0.334,0.666,0,0,0.0,4,SEARCH_PHASE,1.8532,-1.1463,-34.4495,21.3867
1073,28.408,1.7119,3.8453,3.9257,1.8539,-1.1461,0.9759,3.786,40.505,40.676,36.1244,-17.5185,0.2,0.0,0.0,0.0,1.9116,-1.1868,0.852,2.4059,-0.0872,0,0,0,0.66,0.336,0.664,0,0,0.0,4,SEARCH_PHASE,1.8539,-1.1461,-34.4125,21.3638
1074,28.437,1.749,3.8223,3.9443,1.8538,-1.147,0.9286,3.804,40.461,40.634,36.1244,-17.5185,0.2,0.0,0.0,0.0,1.9116,-1.1867,0.804,2.3893,-0.1061,0,0,0,0.659,0.332,0.668,0,0,0.0,4,SEARCH_PHASE,1.8538,-1.147,-34.3754,21.3408
1075,28.472,1.7861,3.7994,3.9619,1.8547,-1.1481,0.8811,3.822,40.417,40.592,36.1244,-17.5185,0.2,0.0,0.0,0.0,1.9116,-1.1867,0.756,2.3736,-0.0864,0,0,0,0.659,0.336,0.664,0,0,0.0,4,SEARCH_PHASE,1.8547,-1.1481,-34.3383,21.3179
1076,28.497,1.8232,3.7764,3.9786,1.8547,-1.1502,0.8334,3.839,40.374,40.55,36.1244,-17.5185,0.2,0.0,0.0,0.0,1.9116,-1.1867,0.708,2.3588,-0.0986,0,0,0,0.658,0.333,0.667,0,0,0.0,4,SEARCH_PHASE,1.8547,-1.1502,-34.3012,21.2949
1077,28.527,1.8603,3.7533,3.9943,1.8554,-1.1523,0.7859,3.854,40.33,40.508,36.1244,-17.5185,0.2,0.0,0.0,0.0,1.9116,-1.1867,0.66,2.3448,-0.0791,0,0,0,0.658,0.334,0.666,0,0,0.0,4,SEARCH_PHASE,1.8554,-1.1523,-34.2641,21.2718
1078,28.555,1.8974,3.7302,4.0091,1.8553,-1.1549,0.7383,3.869,40.286,40.466,36.1244,-17.5185,0.2,0.0,0.0,0.0,1.9115,-1.1868,0.612,2.3317,-0.1018,0,0,0,0.658,0.331,0.669,0,0,0.0,4,SEARCH_PHASE,1.8553,-1.1549,-34.227,21.2487
1079,28.596,1.9345,3.7071,4.0229,1.8562,-1.157,0.6907,3.883,40.243,40.424,36.1244,-17.5185,0.2,0.0,0.0,0.0,1.9116,-1.1867,0.564,2.3196,-0.0822,0,0,0,0.657,0.335,0.665,0,0,0.0,4,SEARCH_PHASE,1.8562,-1.157,-34.1899,21.2256
1080,28.621,1.9717,3.6839,4.0358,1.8559,-1.1597,0.6429,3.896,40.199,40.381,36.1244,-17.5185,0.2,0.0,0.0,0.0,1.9115,-1.1869,0.516,2.3084,-0.1045,0,0,0,0.665,0.331,0.669,0,0,0.0,4,SEARCH_PHASE,1.8559,-1.1597,-34.1527,21.2024
1081,28.653,2.0088,3.6606,4.0477,1.8564,-1.1619,0.5953,3.908,40.155,40.339,36.1244,-17.5185,0.2,0.0,0.0,0.0,1.9115,-1.1869,0.468,2.2982,-0.0851,0,0,0,0.665,0.334,0.666,0,0,0.0,4,SEARCH_PHASE,1.8564,-1.1619,-34.1156,21.1791
1082,28.681,2.0459,3.6373,4.0586,1.8563,-1.1649,0.5474,3.919,40.111,40.296,36.1244,-17.5185,0.2,0.0,0.0,0.0,1.9115,-1.1869,0.42,2.2889,-0.1024,0,0,0,0.668,0.333,0.667,0,0,0.0,4,SEARCH_PHASE,1.8563,-1.1649,-34.0785,21.1558
1083,28.715,2.0831,3.614,4.0686,1.8577,-1.1676,0.4998,3.929,40.067,40.254,36.1244,-17.5185,0.2,0.0,0.0,0.0,1.9114,-1.187,0.372,2.2805,-0.0821,0,0,0,0.67,0.335,0.665,0,0,0.0,4,SEARCH_PHASE,1.8577,-1.1676,-34.0413,21.1325
1084,28.74,2.1202,3.5906,4.0777,1.8584,-1.1708,0.4521,3.938,40.023,40.211,36.1244,-17.5185,0.2,0.0,0.0,0.0,1.9113,-1.1872,0.324,2.2732,-0.1034,0,0,0,0.68,0.333,0.667,0,0,0.0,4,SEARCH_PHASE,1.8584,-1.1708,-34.0042,21.1091
1085,28.765,2.1574,3.5671,4.0857,1.8604,-1.1734,0.4044,3.946,39.979,40.168,36.1244,-17.5185,0.2,0.0,0.0,0.0,1.9113,-1.1872,0.276,2.2669,-0.0831,0,0,0,0.681,0.335,0.665,0,0,0.0,4,SEARCH_PHASE,1.8604,-1.1734,-33.967,21.0856
1086,28.793,2.1947,3.5436,4.0929,1.8614,-1.1767,0.3566,3.953,39.935,40.125,36.1244,-17.5185,0.2,0.0,0.0,0.0,1.9113,-1.1872,0.228,2.2615,-0.0931,0,0,0,0.68,0.333,0.667,0,0,0.0,4,SEARCH_PHASE,1.8614,-1.1767,-33.9297,21.0621
1087,28.818,2.2319,3.52,4.0991,1.8634,-1.1794,0.309,3.959,39.891,40.081,36.1244,-17.5185,0.2,0.0,0.0,0.0,1.9112,-1.1874,0.18,2.2572,-0.0729,0,0,0,0.681,0.333,0.667,0,0,0.0,4,SEARCH_PHASE,1.8634,-1.1794,-33.8925,21.0385
1088,28.844,2.2692,3.4963,4.1043,1.8644,-1.1821,0.2614,3.964,39.847,40.038,36.1244,-17.5185,0.2,0.0,0.0,0.0,1.9103,-1.1889,0.132,2.2539,-0.0959,0,0,0,0.681,0.326,0.674,0,0,0.0,4,SEARCH_PHASE,1.8644,-1.1821,-33.8552,21.0148
1089,28.872,2.3066,3.4727,4.1086,1.8664,-1.1836,0.2137,3.969,39.803,39.994,36.1244,-17.5185,0.2,0.0,0.0,0.0,1.9099,-1.1895,0.084,2.2516,-0.0757,0,0,0,0.688,0.331,0.669,0,0,0.0,4,SEARCH_PHASE,1.8664,-1.1836,-33.8178,20.9912
1090,28.898,2.3439,3.449,4.1119,1.8672,-1.1851,0.1661,3.972,39.759,39.951,36.1244,-17.5185,0.2,0.0,0.0,0.0,1.91,-1.1892,0.036,2.2503,-0.0994,0,0,0,0.683,0.325,0.675,0,0,0.0,4,SEARCH_PHASE,1.8672,-1.1851,-33.7805,20.9675
1091,28.924,2.3813,3.4253,4.1142,1.8686,-1.1856,0.1184,3.974,39.714,39.907,36.1244,-17.5185,0.2,0.0,0.0,0.0,1.9099,-1.1895,-0.012,2.25,-0.0794,0,0,0,0.686,0.327,0.673,0,0,0.0,4,SEARCH_PHASE,1.8686,-1.1856,-33.7431,20.9438
1092,28.951,2.4187,3.4015,4.1157,1.8687,-1.1863,0.0707,3.976,39.67,39.863,36.1244,-17.5185,0.2,0.0,0.0,0.0,1.9096,-1.1899,-0.06,2.2508,-0.1049,0,0,0,0.69,0.323,0.677,0,0,0.0,4,SEARCH_PHASE,1.8687,-1.1863,-33.7058,20.92
1093,28.977,2.456,3.3778,4.1161,1.8693,-1.1861,0.0231,3.976,39.626,39.819,36.1244,-17.5185,0.2,0.0,0.0,0.0,1.9093,-1.1905,-0.108,2.2526,-0.0851,0,0,0,0.691,0.327,0.673,0,0,0.0,4,SEARCH_PHASE,1.8693,-1.1861,-33.6684,20.8963
1094,29.005,2.4934,3.3541,4.1156,1.869,-1.1864,-0.0251,3.976,39.582,39.775,36.1244,-17.5185,0.2,0.0,0.0,0.0,1.909,-1.1909,-0.156,2.2554,-0.1045,0,0,0,0.696,0.324,0.676,0,0,0.0,4,SEARCH_PHASE,1.869,-1.1864,-33.631,20.8726
1095,29.032,2.5308,3.3304,4.1142,1.8696,-1.1861,-0.0725,3.974,39.537,39.731,36.1244,-17.5185,0.2,0.0,0.0,0.0,1.9084,-1.1918,-0.204,2.2592,-0.0822,0,0,0,0.696,0.329,0.671,0,0,0.0,4,SEARCH_PHASE,1.8696,-1.1861,-33.5936,20.8489
1096,29.06,2.5682,3.3066,4.1118,1.8692,-1.1864,-0.12,3.972,39.493,39.686,36.1244,-17.5185,0.2,0.0,0.0,0.0,1.9083,-1.1921,-0.252,2.2641,-0.1026,0,0,0,0.696,0.329,0.671,0,0,0.0,4,SEARCH_PHASE,1.8692,-1.1864,-33.5562,20.8251
1097,29.088,2.6056,3.2829,4.1084,1.8694,-1.1861,-0.1676,3.968,39.449,39.642,36.1244,-17.5185,0.2,0.0,0.0,0.0,1.9073,-1.1936,-0.3,2.2699,-0.0809,0,0,0,0.697,0.33,0.67,0,0,0.0,4,SEARCH_PHASE,1.8694,-1.1861,-33.5188,20.8014
1098,29.118,2.6429,3.2592,4.1041,1.8683,-1.1865,-0.2154,3.964,39.405,39.598,36.1244,-17.5185,0.2,0.0,0.0,0.0,1.9069,-1.1942,-0.348,2.2768,-0.092,0,0,0,0.698,0.33,0.67,0,0,0.0,4,SEARCH_PHASE,1.8683,-1.1865,-33.4815,20.7777
1099,29.145,2.6803,3.2355,4.0988,1.8676,-1.1865,-0.2633,3.959,39.36,39.553,36.1244,-17.5185,0.2,0.0,0.0,0.0,1.9069,-1.1943,-0.396,2.2846,-0.0722,0,0,0,0.7,0.329,0.671,0,0,0.0,4,SEARCH_PHASE,1.8676,-1.1865,-33.4441,20.754
1100,29.174,2.7176,3.2117,4.0926,1.8664,-1.1867,-0.3107,3.953,39.316,39.508,36.1244,-17.5185,0.2,0.0,0.0,0.0,1.906,-1.1957,-0.444,2.2934,-0.0937,0,0,0,0.7,0.334,0.666,0,0,0.0,4,SEARCH_PHASE,1.8664,-1.1867,-33.4068,20.7302
1101,29.203,2.755,3.188,4.0855,1.8664,-1.186,-0.3582,3.945,39.272,39.464,36.1244,-17.5185,0.2,0.0,0.0,0.0,1.9057,-1.1962,-0.492,2.3032,-0.0741,0,0,0,0.704,0.331,0.669,0,0,0.0,4,SEARCH_PHASE,1.8664,-1.186,-33.3695,20.7065
1102,29.231,2.7923,3.1643,4.0773,1.8656,-1.1857,-0.4058,3.937,39.228,39.419,36.1244,-17.5185,0.2,0.0,0.0,0.0,1.9051,-1.197,-0.54,2.3139,-0.0957,0,0,0,0.703,0.331,0.669,0,0,0.0,4,SEARCH_PHASE,1.8656,-1.1857,-33.3321,20.6828
1103,29.259,2.8296,3.1406,4.0683,1.8658,-1.1847,-0.4534,3.928,39.183,39.374,36.1244,-17.5185,0.2,0.0,0.0,0.0,1.9039,-1.1991,-0.588,2.3256,-0.0762,0,0,0,0.71,0.339,0.661,0,0,0.0,4,SEARCH_PHASE,1.8658,-1.1847,-33.2948,20.6591
1104,29.285,2.8669,3.1169,4.0583,1.8649,-1.184,-0.501,3.918,39.139,39.329,36.1244,-17.5185,0.2,0.0,0.0,0.0,1.9019,-1.2023,-0.636,2.3382,-0.099,0,0,0,0.717,0.329,0.671,0,0,0.0,4,SEARCH_PHASE,1.8649,-1.184,-33.2575,20.6354
1105,29.311,2.9042,3.0933,4.0473,1.8647,-1.1828,-0.5486,3.907,39.095,39.284,36.1244,-17.5185,0.2,0.0,0.0,0.0,1.8995,-1.2061,-0.684,2.3517,-0.0797,0,0,0,0.712,0.341,0.659,0,0,0.0,4,SEARCH_PHASE,1.8647,-1.1828,-33.2202,20.6118
1106,29.339,2.9414,3.0696,4.0354,1.8633,-1.1822,-0.5963,3.895,39.051,39.239,36.1244,-17.5185,0.2,0.0,0.0,0.0,1.8992,-1.2064,-0.732,2.3661,-0.1022,0,0,0,0.724,0.329,0.671,0,0,0.0,4,SEARCH_PHASE,1.8633,-1.1822,-33.183,20.5881
1107,29.365,2.9787,3.046,4.0225,1.8627,-1.1811,-0.6439,3.882,39.007,39.194,36.1244,-17.5185,0.2,0.0,0.0,0.0,1.8959,-1.2116,-0.78,2.3814,-0.083,0,0,0,0.725,0.334,0.666,0,0,0.0,4,SEARCH_PHASE,1.8627,-1.1811,-33.1457,20.5645
1108,29.394,3.0159,3.0224,4.0087,1.8608,-1.1808,-0.6916,3.869,38.963,39.149,36.1244,-17.5185,0.2,0.0,0.0,0.0,1.896,-1.2115,-0.828,2.3975,-0.1069,0,0,0,0.729,0.33,0.67,0,0,0.0,4,SEARCH_PHASE,1.8608,-1.1808,-33.1085,20.5409
1109,29.42,3.0531,2.9988,3.9939,1.8596,-1.1803,-0.7392,3.854,38.919,39.103,36.1244,-17.5185,0.2,0.0,0.0,0.0,1.891,-1.2192,-0.876,2.4145,-0.0879,0,0,0,0.731,0.338,0.662,0,0,0.0,4,SEARCH_PHASE,1.8596,-1.1803,-33.0713,20.5173
1110,29.447,3.0903,2.9752,3.9781,1.8574,-1.1807,-0.7868,3.838,38.875,39.058,36.1244,-17.5185,0.2,0.0,0.0,0.0,1.8893,-1.222,-0.828,2.3975,-0.1097,0,0,0,0.736,0.336,0.664,0,0,0.0,4,SEARCH_PHASE,1.8574,-1.1807,-33.0342,20.4937
1111,29.475,3.1274,2.9515,3.9622,1.857,-1.182,-0.7989,3.822,38.831,39.013,36.1244,-17.5185,0.2,0.0,0.0,0.0,1.8858,-1.2273,-0.78,2.3814,-0.088,0,0,0,0.738,0.337,0.663,0,0,0.0,4,SEARCH_PHASE,1.857,-1.182,-32.997,20.47
1112,29.504,3.1645,2.9278,3.9464,1.8555,-1.1854,-0.7888,3.806,38.787,38.967,36.1244,-17.5185,0.2,0.0,0.0,0.0,1.8823,-1.2326,-0.732,2.3661,-0.1035,0,0,0,0.743,0.338,0.662,0,0,0.0,4,SEARCH_PHASE,1.8555,-1.1854,-32.9599,20.4463
1113,29.53,3.2016,2.904,3.9311,1.8555,-1.1893,-0.7646,3.791,38.743,38.922,36.1244,-17.5185,0.2,0.0,0.0,0.0,1.8762,-1.2419,-0.684,2.3517,-0.0797,0,0,0,0.744,0.34,0.66,0,0,0.0,4,SEARCH_PHASE,1.8555,-1.1893,-32.9228,20.4225
1114,29.559,3.2387,2.8801,3.9165,1.8535,-1.1945,-0.7317,3.776,38.699,38.877,36.1244,-17.5185,0.2,0.0,0.0,0.0,1.8735,-1.246,-0.636,2.3382,-0.1066,0,0,0,0.748,0.338,0.662,0,0,0.0,4,SEARCH_PHASE,1.8535,-1.1945,-32.8857,20.3986
1115,29.586,3.2757,2.8562,3.9026,1.8529,-1.199,-0.6933,3.763,38.654,38.831,36.1244,-17.5185,0.2,0.0,0.0,0.0,1.8678,-1.2546,-0.588,2.3256,-0.0821,0,0,0,0.751,0.342,0.658,0,0,0.0,4,SEARCH_PHASE,1.8529,-1.199,-32.8487,20.3747
1116,29.611,3.3127,2.8321,3.8896,1.8497,-1.205,-0.6515,3.75,38.61,38.786,36.1244,-17.5185,0.2,0.0,0.0,0.0,1.8587,-1.2679,-0.54,2.3139,-0.1094,0,0,0,0.749,0.34,0.66,0,0,0.0,4,SEARCH_PHASE,1.8497,-1.205,-32.8117,20.3506
1117,29.639,3.3497,2.8078,3.8774,1.8474,-1.2103,-0.6074,3.737,38.566,38.741,36.1244,-17.5185,0.2,0.0,0.0,0.0,1.8556,-1.2725,-0.492,2.3032,-0.085,0,0,0,0.753,0.341,0.659,0,0,0.0,4,SEARCH_PHASE,1.8474,-1.2103,-32.7747,20.3263
1118,29.666,3.3865,2.7835,3.8662,1.8418,-1.2172,-0.5623,3.726,38.522,38.696,36.1244,-17.5185,0.2,0.0,0.0,0.0,1.8426,-1.2912,-0.444,2.2934,-0.115,0,0,0,0.752,0.337,0.663,0,0,0.0,4,SEARCH_PHASE,1.8418,-1.2172,-32.7379,20.302
1119,29.694,3.4232,2.759,3.8558,1.8367,-1.2235,-0.5159,3.716,38.478,38.651,36.1244,-17.5185,0.2,0.0,0.0,0.0,1.837,-1.2992,-0.396,2.2846,-0.0909,0,0,0,0.758,0.346,0.654,0,0,0.0,4,SEARCH_PHASE,1.8367,-1.2235,-32.7012,20.2775
1120,29.72,3.4599,2.7344,3.8464,1.8305,-1.2319,-0.4698,3.706,38.434,38.606,36.1244,-17.5185,0.2,0.0,0.0,0.0,1.8275,-1.3125,-0.348,2.2768,-0.1135,0,0,0,0.759,0.344,0.656,0,0,0.0,4,SEARCH_PHASE,1.8305,-1.2319,-32.6645,20.2529
1121,29.745,3.4964,2.7096,3.838,1.8271,-1.2401,-0.4225,3.698,38.39,38.562,36.1244,-17.5185,0.2,0.0,0.0,0.0,1.799,-1.3512,-0.3,2.2698,-0.0831,0,0,0,0.766,0.345,0.655,0,0,0.0,4,SEARCH_PHASE,1.8271,-1.2401,-32.628,20.2281
1122,29.77,3.5328,2.6846,3.8305,1.8223,-1.2505,-0.3749,3.691,38.345,38.517,36.1244,-17.5185,0.2,0.0,0.0,0.0,1.7792,-1.3774,-0.252,2.2641,-0.1059,0,0,0,0.765,0.344,0.656,0,0,0.0,4,SEARCH_PHASE,1.8223,-1.2505,-32.5916,20.2031
1123,29.798,3.5692,2.6594,3.824,1.8194,-1.2606,-0.327,3.684,38.301,38.472,36.1244,-17.5185,0.2,0.0,0.0,0.0,1.7491,-1.4148,-0.204,2.2588,-0.0781,0,0,0,0.771,0.344,0.656,0,0,0.0,4,SEARCH_PHASE,1.8194,-1.2606,-32.5552,20.1779
1124,29.823,3.6055,2.6339,3.8184,1.814,-1.2728,-0.2791,3.678,38.257,38.428,36.1244,-17.5185,0.2,0.0,0.0,0.0,1.7373,-1.4298,-0.156,2.2554,-0.1,0,0,0,0.77,0.345,0.655,0,0,0.0,4,SEARCH_PHASE,1.814,-1.2728,-32.5189,20.1524
1125,29.849,3.6417,2.6082,3.8137,1.8099,-1.2849,-0.2317,3.674,38.213,38.383,36.1244,-17.5185,0.2,0.0,0.0,0.0,1.7063,-1.4665,-0.108,2.2524,-0.0794,0,0,0,0.772,0.349,0.651,0,0,0.0,4,SEARCH_PHASE,1.8099,-1.2849,-32.4827,20.1267
1126,29.875,3.6778,2.5822,3.8101,1.8027,-1.2993,-0.1835,3.67,38.168,38.339,36.1244,-17.5185,0.2,0.0,0.0,0.0,1.6744,-1.5024,-0.06,2.2505,-0.108,0,0,0,0.767,0.347,0.653,0,0,0.0,4,SEARCH_PHASE,1.8027,-1.2993,-32.4466,20.1007
1127,29.901,3.7137,2.556,3.8074,1.7968,-1.3136,-0.1349,3.667,38.124,38.294,36.1244,-17.5185,0.2,0.0,0.0,0.0,1.6411,-1.5369,-0.012,2.2484,-0.0882,0,0,0,0.777,0.346,0.654,0,0,0.0,4,SEARCH_PHASE,1.7968,-1.3136,-32.4107,20.0745
1128,29.926,3.7495,2.5293,3.8056,1.7877,-1.3303,-0.0869,3.666,38.08,38.25,36.1244,-17.5185,0.2,0.0,0.0,0.0,1.6051,-1.5687,0.036,2.2446,-0.1078,0,0,0,0.78,0.342,0.658,0,0,0.0,4,SEARCH_PHASE,1.7877,-1.3303,-32.3749,20.0479
1129,29.955,3.785,2.5024,3.8049,1.7794,-1.347,-0.039,3.665,38.035,38.206,36.1244,-17.5185,0.2,0.0,0.0,0.0,1.5648,-1.5948,0.084,2.2359,-0.0813,0,0,0,0.783,0.342,0.658,0,0,0.0,4,SEARCH_PHASE,1.7794,-1.347,-32.3394,20.0209
1130,29.983,3.8204,2.4751,3.8051,1.7678,-1.3661,0.0099,3.665,37.991,38.161,36.1244,-17.5185,0.2,0.0,0.0,0.0,1.5265,-1.6237,0.132,2.2325,-0.1044,0,0,0,0.78,0.326,0.674,0,0,0.0,4,SEARCH_PHASE,1.7678,-1.3661,-32.304,19.9936
1131,30.009,3.8555,2.4474,3.8062,1.7544,-1.3853,0.0593,3.666,37.946,38.117,36.1244,-17.5185,0.2,0.0,0.0,0.0,1.4892,-1.6539,0.18,2.2328,-0.0803,0,0,0,0.78,0.332,0.668,0,0,0.0,4,SEARCH_PHASE,1.7544,-1.3853,-32.2689,19.9659
1132,30.035,3.8902,2.4192,3.8084,1.7347,-1.4068,0.108,3.668,37.902,38.073,36.1244,-17.5185,0.2,0.0,0.0,0.0,1.4471,-1.6769,0.228,2.2267,-0.1042,0,0,0,0.789,0.326,0.674,0,0,0.0,4,SEARCH_PHASE,1.7347,-1.4068,-32.2342,19.9377
1133,30.061,3.9244,2.3907,3.8115,1.7128,-1.4284,0.1572,3.672,37.858,38.03,36.1244,-17.5185,0.2,0.0,0.0,0.0,1.4038,-1.6977,0.276,2.2202,-0.0818,0,0,0,0.79,0.329,0.671,0,0,0.0,4,SEARCH_PHASE,1.7128,-1.4284,-32.2,19.9092
1134,30.089,3.9581,2.3616,3.8157,1.685,-1.4527,0.2056,3.676,37.814,37.986,36.1244,-17.5185,0.2,0.0,0.0,0.0,1.3607,-1.7188,0.324,2.216,-0.1018,0,0,0,0.785,0.331,0.669,0,0,0.0,4,SEARCH_PHASE,1.685,-1.4527,-32.1663,19.8801
1135,30.116,3.9912,2.3321,3.8207,1.6553,-1.4775,0.2542,3.681,37.77,37.943,36.1244,-17.5185,0.2,0.0,0.0,0.0,1.3182,-1.7411,0.372,2.2153,-0.0808,0,0,0,0.792,0.329,0.671,0,0,0.0,4,SEARCH_PHASE,1.6553,-1.4775,-32.1332,19.8506
1136,30.143,4.0236,2.302,3.8268,1.6192,-1.505,0.3014,3.727,37.727,37.901,36.1244,-17.5185,0.2,0.0,0.0,0.0,1.3323,-1.787,0.42,2.2682,-0.0796,0,0,0,0.793,0.327,0.673,0,0,0.0,4,SEARCH_PHASE,1.6192,-1.505,-32.1008,19.8205
1137,30.172,4.0552,2.2713,3.8337,1.581,-1.533,0.3477,3.734,37.684,37.859,36.1244,-17.5185,0.2,0.0,0.0,0.0,1.379,-1.7759,0.468,2.2966,-0.0769,0,0,0,0.791,0.32,0.68,0,0,0.0,4,SEARCH_PHASE,1.581,-1.533,-32.0692,19.7898
1138,30.2,4.086,2.2401,3.8416,1.5397,-1.5615,0.3917,3.742,37.641,37.817,36.1244,-17.5185,0.2,0.0,0.0,0.0,1.3344,-1.7937,0.516,2.2944,-0.1079,0,0,0,0.795,0.322,0.678,0,0,0.0,4,SEARCH_PHASE,1.5397,-1.5615,-32.0384,19.7586
1139,30.227,4.116,2.2083,3.8503,1.4989,-1.5906,0.437,3.75,37.599,37.776,36.1244,-17.5185,0.2,0.0,0.0,0.0,1.2918,-1.8158,0.564,2.2987,-0.0657,0,0,0,0.798,0.327,0.673,0,0,0.0,4,SEARCH_PHASE,1.4989,-1.5906,-32.0084,19.7268
1140,30.256,4.1452,2.1758,3.86,1.4614,-1.6228,0.4832,3.76,37.557,37.735,36.1244,-17.5185,0.2,0.0,0.0,0.0,1.2515,-1.842,0.612,2.3095,-0.0831,0,0,0,0.796,0.333,0.667,0,0,0.0,4,SEARCH_PHASE,1.4614,-1.6228,-31.9792,19.6943
1141,30.283,4.1737,2.1427,3.8706,1.4248,-1.6535,0.53,3.771,37.515,37.695,36.1244,-17.5185,0.2,0.0,0.0,0.0,1.2094,-1.865,0.66,2.3188,-0.0605,0,0,0,0.8,0.33,0.67,0,0,0.0,4,SEARCH_PHASE,1.4248,-1.6535,-31.9507,19.6612
1142,30.31,4.2014,2.109,3.8821,1.3846,-1.685,0.5765,3.782,37.474,37.655,36.1244,-17.5185,0.2,0.0,0.0,0.0,1.1644,-1.8818,0.708,2.3234,-0.1097,0,0,0,0.797,0.319,0.681,0,0,0.0,4,SEARCH_PHASE,1.3846,-1.685,-31.923,19.6275
1143,30.34,4.2283,2.0747,3.8946,1.3454,-1.7151,0.6235,3.795,37.433,37.615,36.1244,-17.5185,0.2,0.0,0.0,0.0,1.1188,-1.8967,0.756,2.3282,-0.067,0,0,0,0.801,0.326,0.674,0,0,0.0,4,SEARCH_PHASE,1.3454,-1.7151,-31.8961,19.5932
1144,30.367,4.2545,2.0398,3.908,1.3092,-1.7482,0.6704,3.808,37.393,37.576,36.1244,-17.5185,0.2,0.0,0.0,0.0,1.1633,-1.8788,0.804,2.3515,-0.0558,0,0,0,0.798,0.322,0.678,0,0,0.0,4,SEARCH_PHASE,1.3092,-1.7482,-31.8699,19.5583
1145,30.394,4.28,2.0042,3.9223,1.2739,-1.7793,0.7154,3.822,37.352,37.537,36.1244,-17.5185,0.2,0.0,0.0,0.0,1.2053,-1.8554,0.852,2.3709,-0.033,0,0,0,0.797,0.315,0.685,0,0,0.0,4,SEARCH_PHASE,1.2739,-1.7793,-31.8444,19.5227
1146,30.422,4.3047,1.968,3.9375,1.2358,-1.8082,0.759,3.837,37.312,37.499,36.1244,-17.5185,0.2,0.0,0.0,0.0,1.1821,-1.8974,0.9,2.4099,-0.083,0,0,0,0.8,0.326,0.674,0,0,0.0,4,SEARCH_PHASE,1.2358,-1.8082,-31.8197,19.4865
1147,30.451,4.3287,1.9314,3.9535,1.199,-1.8328,0.8045,3.854,37.273,37.461,36.1244,-17.5185,0.2,0.0,0.0,0.0,1.2239,-1.8739,0.948,2.4307,-0.0422,0,0,0,0.799,0.321,0.679,0,0,0.0,4,SEARCH_PHASE,1.199,-1.8328,-31.7957,19.4499
1148,30.478,4.352,1.8942,3.9706,1.1663,-1.8574,0.8503,3.871,37.234,37.424,36.1244,-17.5185,0.2,0.0,0.0,0.0,1.185,-1.9021,0.996,2.4524,-0.0832,0,0,0,0.802,0.33,0.67,0,0,0.0,4,SEARCH_PHASE,1.1663,-1.8574,-31.7724,19.4127
1149,30.506,4.3747,1.8567,3.9885,1.1351,-1.878,0.8978,3.889,37.195,37.387,36.1244,-17.5185,0.2,0.0,0.0,0.0,1.1473,-1.9318,1.044,2.4775,-0.0566,0,0,0,0.8,0.325,0.675,0,0,0.0,4,SEARCH_PHASE,1.1351,-1.878,-31.7497,19.3752
1150,30.533,4.3969,1.8187,4.0074,1.1075,-1.8984,0.9469,3.907,37.156,37.351,36.1244,-17.5185,0.2,0.0,0.0,0.0,1.1878,-1.9059,1.092,2.4971,-0.0838,0,0,0,0.796,0.317,0.683,0,0,0.0,4,SEARCH_PHASE,1.1075,-1.8984,-31.7275,19.3372
1151,30.561,4.4186,1.7804,4.0273,1.0849,-1.9152,0.9948,3.927,37.117,37.314,36.1244,-17.5185,0.2,0.0,0.0,0.0,1.2288,-1.8811,1.14,2.5196,-0.0647,0,0,0,0.795,0.318,0.682,0,0,0.0,4,SEARCH_PHASE,1.0849,-1.9152,-31.7058,19.2989
1152,30.59,4.4398,1.7418,4.0482,1.0623,-1.9307,1.0416,3.948,37.079,37.278,36.1244,-17.5185,0.2,0.0,0.0,0.0,1.1839,-1.898,1.188,2.5329,-0.0827,0,0,0,0.8,0.327,0.673,0,0,0.0,4,SEARCH_PHASE,1.0623,-1.9307,-31.6846,19.2603
1153,30.617,4.4607,1.7029,4.07,1.0437,-1.9429,1.0912,3.97,37.041,37.243,36.1244,-17.5185,0.2,0.0,0.0,0.0,1.138,-1.912,1.236,2.5453,-0.0655,0,0,0,0.804,0.33,0.67,0,0,0.0,4,SEARCH_PHASE,1.0437,-1.9429,-31.6637,19.2214
1154,30.645,4.4813,1.6639,4.0928,1.0323,-1.9532,1.1414,3.993,37.003,37.208,36.1244,-17.5185,0.2,0.0,0.0,0.0,1.0945,-1.9323,1.284,2.5652,-0.0918,0,0,0,0.803,0.33,0.67,0,0,0.0,4,SEARCH_PHASE,1.0323,-1.9532,-31.6431,19.1824
1155,30.674,4.5018,1.6247,4.1166,1.0248,-1.96,1.191,4.017,36.965,37.172,36.1244,-17.5185,0.2,0.0,0.0,0.0,1.0532,-1.9568,1.332,2.5908,-0.0653,0,0,0,0.798,0.328,0.672,0,0,0.0,4,SEARCH_PHASE,1.0248,-1.96,-31.6226,19.1432
1156,30.704,4.5222,1.5853,4.1415,1.0169,-1.966,1.2404,4.041,36.928,37.137,36.1244,-17.5185,0.2,0.0,0.0,0.0,1.0269,-1.9969,1.38,2.6356,-0.0921,0,0,0,0.793,0.327,0.673,0,0,0.0,4,SEARCH_PHASE,1.0169,-1.966,-31.6022,19.1038
1157,30.731,4.5424,1.546,4.1672,1.0124,-1.9687,1.2894,4.067,36.89,37.103,36.1244,-17.5185,0.2,0.0,0.0,0.0,1.0691,-1.9741,1.428,2.6606,-0.0858,0,0,0,0.796,0.332,0.668,0,0,0.0,4,SEARCH_PHASE,1.0124,-1.9687,-31.582,19.0645
1158,30.758,4.5626,1.5065,4.194,1.0068,-1.9709,1.3377,4.094,36.852,37.068,36.1244,-17.5185,0.2,0.0,0.0,0.0,1.1098,-1.9487,1.476,2.6847,-0.094,0,0,0,0.794,0.33,0.67,0,0,0.0,4,SEARCH_PHASE,1.0068,-1.9709,-31.5618,19.025
1159,30.787,4.5826,1.4671,4.2217,1.0038,-1.9721,1.3858,4.122,36.815,37.034,36.1244,-17.5185,0.2,0.0,0.0,0.0,1.1493,-1.9213,1.524,2.7083,-0.0673,0,0,0,0.793,0.325,0.675,0,0,0.0,4,SEARCH_PHASE,1.0038,-1.9721,-31.5418,18.9856
1160,30.816,4.6026,1.4276,4.2504,0.9995,-1.9731,1.4337,4.15,36.777,37.0,36.1244,-17.5185,0.2,0.0,0.0,0.0,1.1887,-1.894,1.572,2.7334,-0.1041,0,0,0,0.793,0.33,0.67,0,0,0.0,4,SEARCH_PHASE,0.9995,-1.9731,-31.5218,18.9461
1161,30.842,4.6226,1.3882,4.28,0.9979,-1.9715,1.4819,4.18,36.74,36.966,36.1244,-17.5185,0.2,0.0,0.0,0.0,1.2294,-1.8685,1.62,2.7618,-0.0588,0,0,0,0.786,0.318,0.682,0,0,0.0,4,SEARCH_PHASE,0.9979,-1.9715,-31.5018,18.9067
1162,30.868,4.6426,1.3488,4.3106,0.9994,-1.9708,1.53,4.211,36.703,36.932,36.1244,-17.5185,0.2,0.0,0.0,0.0,1.271,-1.8446,1.668,2.7929,-0.078,0,0,0,0.788,0.32,0.68,0,0,0.0,4,SEARCH_PHASE,0.9994,-1.9708,-31.4818,18.8673
1163,30.894,4.6626,1.3095,4.3422,1.0017,-1.9667,1.5787,4.242,36.665,36.898,36.1244,-17.5185,0.2,0.0,0.0,0.0,1.2323,-1.8729,1.7,2.8136,-0.0424,0,0,0,0.794,0.318,0.682,0,0,0.0,4,SEARCH_PHASE,1.0017,-1.9667,-31.4618,18.828
1164,30.922,4.6828,1.2702,4.3746,1.0077,-1.9611,1.6216,4.275,36.628,36.865,36.1244,-17.5185,0.2,0.0,0.0,0.0,1.2721,-1.8462,1.7,2.8137,-0.0706,0,0,0,0.789,0.315,0.685,0,0,0.0,4,SEARCH_PHASE,1.0077,-1.9611,-31.4416,18.7887
1165,30.95,4.7031,1.2312,4.4076,1.0178,-1.9511,1.648,4.308,36.59,36.831,36.1244,-17.5185,0.2,0.0,0.0,0.0,1.3124,-1.8201,1.7,2.8152,-0.0668,0,0,0,0.787,0.319,0.681,0,0,0.0,4,SEARCH_PHASE,1.0178,-1.9511,-31.4213,18.7497
1166,30.978,4.7237,1.1924,4.4409,1.028,-1.9392,1.666,4.341,36.553,36.798,36.1244,-17.5185,0.2,0.0,0.0,0.0,1.2745,-1.8494,1.7,2.8169,-0.1041,0,0,0,0.789,0.315,0.685,0,0,0.0,4,SEARCH_PHASE,1.028,-1.9392,-31.4007,18.7109
1167,31.004,4.7445,1.1539,4.4744,1.0413,-1.9255,1.6767,4.374,36.515,36.765,36.1244,-17.5185,0.2,0.0,0.0,0.0,1.3152,-1.8241,1.7,2.8191,-0.0617,0,0,0,0.784,0.315,0.685,0,0,0.0,4,SEARCH_PHASE,1.0413,-1.9255,-31.3799,18.6724
1168,31.031,4.7657,1.1157,4.5081,1.0579,-1.9123,1.6838,4.408,36.477,36.731,36.1244,-17.5185,0.2,0.0,0.0,0.0,1.2761,-1.8519,1.7,2.8192,-0.1042,0,0,0,0.785,0.324,0.676,0,0,0.0,4,SEARCH_PHASE,1.0579,-1.9123,-31.3587,18.6342
1169,31.066,4.7872,1.0778,4.5419,1.0756,-1.8964,1.6869,4.442,36.44,36.697,36.1244,-17.5185,0.2,0.0,0.0,0.0,1.3154,-1.8243,1.7,2.8193,-0.1046,0,0,0,0.784,0.322,0.678,0,0,0.0,4,SEARCH_PHASE,1.0756,-1.8964,-31.3372,18.5963
1170,31.093,4.8091,1.0401,4.5756,1.0965,-1.8807,1.6892,4.476,36.402,36.664,36.1244,-17.5185,0.2,0.0,0.0,0.0,1.3326,-1.8129,1.7,2.82,-0.0736,0,0,0,0.788,0.335,0.665,0,0,0.0,4,SEARCH_PHASE,1.0965,-1.8807,-31.3153,18.5586
1171,31.119,4.8315,1.0028,4.6095,1.1179,-1.8654,1.6906,4.509,36.363,36.63,36.1244,-17.5185,0.2,0.0,0.0,0.0,1.3708,-1.7838,1.652,2.7911,-0.1021,0,0,0,0.786,0.333,0.667,0,0,0.0,4,SEARCH_PHASE,1.1179,-1.8654,-31.2929,18.5213
1172,31.147,4.8543,0.9658,4.6429,1.1402,-1.8497,1.674,4.543,36.325,36.596,36.1244,-17.5185,0.2,0.0,0.0,0.0,1.4084,-1.7541,1.604,2.7628,-0.0726,0,0,0,0.782,0.326,0.674,0,0,0.0,4,SEARCH_PHASE,1.1402,-1.8497,-31.2701,18.4843
1173,31.192,4.8775,0.9291,4.6759,1.1611,-1.8352,1.6467,4.576,36.286,36.561,36.1244,-17.5185,0.2,0.0,0.0,0.0,1.4449,-1.7228,1.556,2.7344,-0.1005,0,0,0,0.779,0.321,0.679,0,0,0.0,4,SEARCH_PHASE,1.1611,-1.8352,-31.2469,18.4476
1174,31.219,4.9012,0.8927,4.7081,1.1834,-1.8202,1.6122,4.608,36.247,36.527,36.1244,-17.5185,0.2,0.0,0.0,0.0,1.4584,-1.7134,1.508,2.7086,-0.0724,0,0,0,0.778,0.326,0.674,0,0,0.0,4,SEARCH_PHASE,1.1834,-1.8202,-31.2233,18.4112
1175,31.246,4.9253,0.8566,4.7396,1.2053,-1.8062,1.5728,4.64,36.208,36.492,36.1244,-17.5185,0.2,0.0,0.0,0.0,1.494,-1.6812,1.46,2.6814,-0.0805,0,0,0,0.777,0.322,0.678,0,0,0.0,4,SEARCH_PHASE,1.2053,-1.8062,-31.1991,18.3751
1176,31.274,4.9498,0.8208,4.7702,1.2293,-1.7918,1.5307,4.67,36.169,36.456,36.1244,-17.5185,0.2,0.0,0.0,0.0,1.484,-1.6912,1.412,2.6564,-0.0529,0,0,0,0.779,0.327,0.673,0,0,0.0,4,SEARCH_PHASE,1.2293,-1.7918,-31.1746,18.3393
1177,31.301,4.9749,0.7852,4.7999,1.2532,-1.7772,1.4857,4.7,36.129,36.421,36.1244,-17.5185,0.2,0.0,0.0,0.0,1.5193,-1.6587,1.364,2.6306,-0.0787,0,0,0,0.776,0.33,0.67,0,0,0.0,4,SEARCH_PHASE,1.2532,-1.7772,-31.1495,18.3037
1178,31.338,5.0005,0.75,4.8287,1.2794,-1.7613,1.4391,4.729,36.089,36.385,36.1244,-17.5185,0.2,0.0,0.0,0.0,1.5541,-1.6256,1.316,2.6057,-0.0559,0,0,0,0.773,0.33,0.67,0,0,0.0,4,SEARCH_PHASE,1.2794,-1.7613,-31.1239,18.2685
1179,31.367,5.0266,0.7151,4.8565,1.3059,-1.7451,1.3934,4.757,36.049,36.349,36.1244,-17.5185,0.2,0.0,0.0,0.0,1.5884,-1.5921,1.268,2.5818,-0.0845,0,0,0,0.771,0.325,0.675,0,0,0.0,4,SEARCH_PHASE,1.3059,-1.7451,-31.0978,18.2336
1180,31.402,5.0533,0.6805,4.8835,1.3345,-1.7276,1.3468,4.783,36.009,36.312,36.1244,-17.5185,0.2,0.0,0.0,0.0,1.6225,-1.5582,1.22,2.5591,-0.0587,0,0,0,0.77,0.328,0.672,0,0,0.0,4,SEARCH_PHASE,1.3345,-1.7276,-31.0711,18.199
1181,31.437,5.0806,0.6463,4.9095,1.3631,-1.7099,1.3004,4.809,35.968,36.275,36.1244,-17.5185,0.2,0.0,0.0,0.0,1.6553,-1.5232,1.172,2.5365,-0.0696,0,0,0,0.77,0.325,0.675,0,0,0.0,4,SEARCH_PHASE,1.3631,-1.7099,-31.0438,18.1648
1182,31.464,5.1084,0.6125,4.9346,1.3935,-1.6911,1.2536,4.835,35.927,36.237,36.1244,-17.5185,0.2,0.0,0.0,0.0,1.6862,-1.4897,1.124,2.5151,-0.0433,0,0,0,0.772,0.326,0.674,0,0,0.0,4,SEARCH_PHASE,1.3935,-1.6911,-31.016,18.131
1183,31.494,5.1369,0.5791,4.9587,1.424,-1.671,1.2069,4.859,35.885,36.199,36.1244,-17.5185,0.2,0.0,0.0,0.0,1.7175,-1.4533,1.076,2.4939,-0.0736,0,0,0,0.769,0.326,0.674,0,0,0.0,4,SEARCH_PHASE,1.424,-1.671,-30.9875,18.0976
1184,31.529,5.1661,0.5461,4.9819,1.4565,-1.6485,1.1596,4.882,35.843,36.161,36.1244,-17.5185,0.2,0.0,0.0,0.0,1.725,-1.4446,1.028,2.4737,-0.0469,0,0,0,0.767,0.325,0.675,0,0,0.0,4,SEARCH_PHASE,1.4565,-1.6485,-30.9584,18.0646
1185,31.562,5.1958,0.5136,5.0041,1.4883,-1.6252,1.1112,4.904,35.801,36.122,36.1244,-17.5185,0.2,0.0,0.0,0.0,1.7548,-1.407,0.98,2.4535,-0.078,0,0,0,0.734,0.321,0.679,0,0,0.0,4,SEARCH_PHASE,1.4883,-1.6252,-30.9286,18.0321
1186,31.598,5.2263,0.4816,5.0254,1.5219,-1.5996,1.0627,4.925,35.759,36.083,36.1244,-17.5185,0.2,0.0,0.0,0.0,1.7847,-1.3695,0.932,2.435,-0.0505,0,0,0,0.732,0.322,0.678,0,0,0.0,4,SEARCH_PHASE,1.5219,-1.5996,-30.8982,18.0001
1187,31.631,5.2574,0.4502,5.0457,1.5549,-1.573,1.0146,4.946,35.716,36.043,36.1244,-17.5185,0.2,0.0,0.0,0.0,1.8137,-1.3312,0.884,2.4172,-0.0812,0,0,0,0.729,0.319,0.681,0,0,0.0,4,SEARCH_PHASE,1.5549,-1.573,-30.8671,17.9687
1188,31.681,5.2891,0.4193,5.065,1.5892,-1.5442,0.9664,4.965,35.673,36.003,36.1244,-17.5185,0.2,0.0,0.0,0.0,1.8308,-1.3079,0.836,2.4003,-0.0534,0,0,0,0.731,0.325,0.675,0,0,0.0,4,SEARCH_PHASE,1.5892,-1.5442,-30.8353,17.9378
1189,31.713,5.3216,0.389,5.0833,1.6223,-1.5147,0.9179,4.983,35.63,35.963,36.1244,-17.5185,0.2,0.0,0.0,0.0,1.8325,-1.3056,0.788,2.384,-0.0858,0,0,0,0.728,0.327,0.673,0,0,0.0,4,SEARCH_PHASE,1.6223,-1.5147,-30.8028,17.9075
1190,31.742,5.3547,0.3593,5.1007,1.6558,-1.4836,0.8671,5.001,35.586,35.922,36.1244,-17.5185,0.2,0.0,0.0,0.0,1.8208,-1.3218,0.74,2.3686,-0.0718,0,0,0,0.728,0.324,0.676,0,0,0.0,4,SEARCH_PHASE,1.6558,-1.4836,-30.7697,17.8778
1191,31.78,5.3885,0.3303,5.117,1.6875,-1.4522,0.8146,5.017,35.543,35.881,36.1244,-17.5185,0.2,0.0,0.0,0.0,1.846,-1.2864,0.692,2.354,-0.0875,0,0,0,0.722,0.315,0.685,0,0,0.0,4,SEARCH_PHASE,1.6875,-1.4522,-30.736,17.8488
1192,31.81,5.4228,0.3019,5.1323,1.719,-1.4193,0.7643,5.032,35.499,35.84,36.1244,-17.5185,0.2,0.0,0.0,0.0,1.8728,-1.2467,0.644,2.3402,-0.0995,0,0,0,0.718,0.31,0.69,0,0,0.0,4,SEARCH_PHASE,1.719,-1.4193,-30.7016,17.8204
1193,31.847,5.4578,0.2742,5.1466,1.7482,-1.3866,0.7154,5.047,35.454,35.798,36.1244,-17.5185,0.2,0.0,0.0,0.0,1.8854,-1.2279,0.596,2.3276,-0.0779,0,0,0,0.713,0.308,0.692,0,0,0.0,4,SEARCH_PHASE,1.7482,-1.3866,-30.6666,17.7927
1194,31.878,5.4933,0.2471,5.1599,1.7761,-1.3557,0.667,5.06,35.41,35.756,36.1244,-17.5185,0.2,0.0,0.0,0.0,1.881,-1.2346,0.548,2.3158,-0.1066,0,0,0,0.726,0.299,0.701,0,0,0.0,4,SEARCH_PHASE,1.7761,-1.3557,-30.6311,17.7656
1195,31.915,5.5294,0.2205,5.1723,1.8035,-1.3255,0.6172,5.072,35.366,35.713,36.1244,-17.5185,0.2,0.0,0.0,0.0,1.8782,-1.239,0.5,2.3049,-0.0734,0,0,0,0.725,0.301,0.699,0,0,0.0,4,SEARCH_PHASE,1.8035,-1.3255,-30.595,17.739
1196,31.949,5.566,0.1946,5.1836,1.8284,-1.2971,0.5675,5.084,35.321,35.671,36.1244,-17.5185,0.2,0.0,0.0,0.0,1.8721,-1.2481,0.452,2.295,-0.1062,0,0,0,0.72,0.294,0.706,0,0,0.0,4,SEARCH_PHASE,1.8284,-1.2971,-30.5585,17.7131
1197,31.981,5.603,0.1692,5.194,1.8515,-1.2687,0.5177,5.094,35.276,35.628,36.1244,-17.5185,0.2,0.0,0.0,0.0,1.8772,-1.2405,0.404,2.286,-0.1161,0,0,0,0.728,0.307,0.693,0,0,0.0,4,SEARCH_PHASE,1.8515,-1.2687,-30.5214,17.6877
1198,32.009,5.6404,0.1444,5.2033,1.8726,-1.2418,0.4692,5.103,35.231,35.585,36.1244,-17.5185,0.2,0.0,0.0,0.0,1.8869,-1.2256,0.356,2.278,-0.0864,0,0,0,0.717,0.294,0.706,0,0,0.0,4,SEARCH_PHASE,1.8726,-1.2418,-30.484,17.6629
1199,32.045,5.6782,0.12,5.2118,1.8898,-1.2176,0.422,5.112,35.186,35.542,36.1244,-17.5185,0.2,0.0,0.0,0.0,1.8815,-1.2338,0.308,2.271,-0.1176,0,0,0,0.722,0.291,0.709,0,0,0.0,4,SEARCH_PHASE,1.8898,-1.2176,-30.4462,17.6385
1200,32.072,5.7163,0.0961,5.2193,1.9046,-1.1951,0.3741,5.119,35.142,35.498,36.1244,-17.5185,0.2,0.0,0.0,0.0,1.9007,-1.2042,0.26,2.265,-0.0987,0,0,0,0.724,0.285,0.715,0,0,0.0,4,SEARCH_PHASE,1.9046,-1.1951,-30.4081,17.6146
1201,32.108,5.7547,0.0726,5.2258,1.9185,-1.1758,0.3282,5.126,35.097,35.455,36.1244,-17.5185,0.2,0.0,0.0,0.0,1.9073,-1.1936,0.212,2.26,-0.0878,0,0,0,0.721,0.287,0.713,0,0,0.0,4,SEARCH_PHASE,1.9185,-1.1758,-30.3697,17.5911
1202,32.144,5.7933,0.0494,5.2315,1.9295,-1.1591,0.2822,5.131,35.052,35.411,36.1244,-17.5185,0.2,0.0,0.0,0.0,1.9207,-1.1719,0.164,2.256,-0.1119,0,0,0,0.715,0.285,0.715,0,0,0.0,4,SEARCH_PHASE,1.9295,-1.1591,-30.3311,17.5679
1203,32.169,5.8321,0.0266,5.2362,1.9399,-1.1443,0.2364,5.136,35.006,35.367,36.1244,-17.5185,0.2,0.0,0.0,0.0,1.9304,-1.1559,0.116,2.253,-0.0884,0,0,0,0.711,0.286,0.714,0,0,0.0,4,SEARCH_PHASE,1.9399,-1.1443,-30.2923,17.5451
1204,32.204,5.871,0.0039,5.24,1.9474,-1.1323,0.1904,5.14,34.961,35.323,36.1244,-17.5185,0.2,0.0,0.0,0.0,1.937,-1.1447,0.068,2.251,-0.079,0,0,0,0.707,0.269,0.731,0,0,0.0,4,SEARCH_PHASE,1.9474,-1.1323,-30.2534,17.5224
1205,32.232,5.9101,-0.0185,5.2429,1.9533,-1.122,0.1438,5.143,34.916,35.279,36.1244,-17.5185,0.2,0.0,0.0,0.0,1.9384,-1.1424,0.02,2.2501,-0.0969,0,0,0,0.709,0.264,0.736,0,0,0.0,4,SEARCH_PHASE,1.9533,-1.122,-30.2143,17.5
1206,32.269,5.9492,-0.0408,5.2448,1.9569,-1.1124,0.0976,5.145,34.871,35.234,36.1244,-17.5185,0.2,0.0,0.0,0.0,1.9432,-1.1342,-0.028,2.2502,-0.0736,0,0,0,0.703,0.256,0.744,0,0,0.0,4,SEARCH_PHASE,1.9569,-1.1124,-30.1752,17.4777
1207,32.299,5.9884,-0.0629,5.2459,1.9595,-1.1043,0.0512,5.146,34.826,35.19,36.1244,-17.5185,0.2,0.0,0.0,0.0,1.943,-1.1345,-0.076,2.2513,-0.1103,0,0,0,0.704,0.267,0.733,0,0,0.0,4,SEARCH_PHASE,1.9595,-1.1043,-30.136,17.4556
1208,32.334,6.0276,-0.0848,5.246,1.9597,-1.0962,0.0044,5.146,34.781,35.146,36.1244,-17.5185,0.2,0.0,0.0,0.0,1.944,-1.1328,-0.124,2.2534,-0.0842,0,0,0,0.702,0.266,0.734,0,0,0.0,4,SEARCH_PHASE,1.9597,-1.0962,-30.0968,17.4337
1209,32.362,6.0668,-0.1066,5.2451,1.9587,-1.0903,-0.0432,5.145,34.737,35.101,36.1244,-17.5185,0.2,0.0,0.0,0.0,1.9442,-1.1326,-0.172,2.2566,-0.115,0,0,0,0.702,0.266,0.734,0,0,0.0,4,SEARCH_PHASE,1.9587,-1.0903,-30.0576,17.4119
1210,32.391,6.1059,-0.1283,5.2433,1.9568,-1.0847,-0.0899,5.143,34.692,35.057,36.1244,-17.5185,0.2,0.0,0.0,0.0,1.9459,-1.1295,-0.22,2.2607,-0.0775,0,0,0,0.696,0.267,0.733,0,0,0.0,4,SEARCH_PHASE,1.9568,-1.0847,-30.0185,17.3902
1211,32.419,6.145,-0.1499,5.2406,1.9546,-1.0814,-0.1369,5.141,34.647,35.012,36.1244,-17.5185,0.2,0.0,0.0,0.0,1.9463,-1.1289,-0.268,2.2659,-0.1098,0,0,0,0.696,0.26,0.74,0,0,0.0,4,SEARCH_PHASE,1.9546,-1.0814,-29.9794,17.3686
1212,32.447,6.184,-0.1715,5.2369,1.9506,-1.0781,-0.1842,5.137,34.603,34.967,36.1244,-17.5185,0.2,0.0,0.0,0.0,1.9468,-1.128,-0.316,2.2721,-0.0829,0,0,0,0.694,0.255,0.745,0,0,0.0,4,SEARCH_PHASE,1.9506,-1.0781,-29.9404,17.347
1213,32.475,6.223,-0.193,5.2322,1.9461,-1.0768,-0.2317,5.132,34.558,34.923,36.1244,-17.5185,0.2,0.0,0.0,0.0,1.9468,-1.128,-0.364,2.2793,-0.1036,0,0,0,0.694,0.255,0.745,0,0,0.0,4,SEARCH_PHASE,1.9461,-1.0768,-29.9015,17.3255
1214,32.516,6.2618,-0.2145,5.2267,1.9414,-1.0758,-0.2791,5.127,34.514,34.878,36.1244,-17.5185,0.2,0.0,0.0,0.0,1.9468,-1.1281,-0.412,2.2874,-0.0781,0,0,0,0.693,0.249,0.751,0,0,0.0,4,SEARCH_PHASE,1.9414,-1.0758,-29.8626,17.304
1215,32.549,6.3005,-0.2361,5.2201,1.9364,-1.0765,-0.3266,5.12,34.47,34.833,36.1244,-17.5185,0.2,0.0,0.0,0.0,1.9468,-1.1281,-0.46,2.2965,-0.1016,0,0,0,0.692,0.254,0.746,0,0,0.0,4,SEARCH_PHASE,1.9364,-1.0765,-29.8239,17.2824
1216,32.577,6.3391,-0.2576,5.2126,1.9318,-1.0774,-0.374,5.113,34.425,34.788,36.1244,-17.5185,0.2,0.0,0.0,0.0,1.9467,-1.1282,-0.508,2.3066,-0.0827,0,0,0,0.692,0.244,0.756,0,0,0.0,4,SEARCH_PHASE,1.9318,-1.0774,-29.7853,17.2609
1217,32.609,6.3777,-0.2792,5.2042,1.9262,-1.0798,-0.4217,5.104,34.381,34.743,36.1244,-17.5185,0.2,0.0,0.0,0.0,1.9467,-1.1282,-0.556,2.3177,-0.0774,0,0,0,0.692,0.25,0.75,0,0,0.0,4,SEARCH_PHASE,1.9262,-1.0798,-29.7467,17.2393
1218,32.651,6.4161,-0.3009,5.1948,1.9216,-1.0826,-0.4698,5.095,34.337,34.698,36.1244,-17.5185,0.2,0.0,0.0,0.0,1.9467,-1.1282,-0.604,2.3297,-0.0792,0,0,0,0.697,0.256,0.744,0,0,0.0,4,SEARCH_PHASE,1.9216,-1.0826,-29.7083,17.2176
1219,32.679,6.4544,-0.3226,5.1845,1.9164,-1.0856,-0.5172,5.084,34.293,34.653,36.1244,-17.5185,0.2,0.0,0.0,0.0,1.9467,-1.1282,-0.652,2.3426,-0.0939,0,0,0,0.696,0.255,0.745,0,0,0.0,4,SEARCH_PHASE,1.9164,-1.0856,-29.67,17.1959
1220,32.714,6.4927,-0.3443,5.1732,1.9123,-1.0884,-0.5647,5.073,34.249,34.608,36.1244,-17.5185,0.2,0.0,0.0,0.0,1.9467,-1.1283,-0.7,2.3564,-0.0733,0,0,0,0.695,0.252,0.748,0,0,0.0,4,SEARCH_PHASE,1.9123,-1.0884,-29.6317,17.1742
1221,32.755,6.5308,-0.3662,5.1609,1.9076,-1.092,-0.6123,5.061,34.205,34.563,36.1244,-17.5185,0.2,0.0,0.0,0.0,1.9467,-1.1283,-0.748,2.3711,-0.0895,0,0,0,0.694,0.249,0.751,0,0,0.0,4,SEARCH_PHASE,1.9076,-1.092,-29.5936,17.1523
1222,32.784,6.5689,-0.3881,5.1477,1.904,-1.0953,-0.6606,5.048,34.161,34.518,36.1244,-17.5185,0.2,0.0,0.0,0.0,1.9467,-1.1283,-0.796,2.3867,-0.0716,0,0,0,0.695,0.252,0.748,0,0,0.0,4,SEARCH_PHASE,1.904,-1.0953,-29.5555,17.1304
1223,32.816,6.6069,-0.4101,5.1336,1.8995,-1.0993,-0.7082,5.034,34.117,34.472,36.1244,-17.5185,0.2,0.0,0.0,0.0,1.9467,-1.1283,-0.844,2.4031,-0.084,0,0,0,0.697,0.253,0.747,0,0,0.0,4,SEARCH_PHASE,1.8995,-1.0993,-29.5175,17.1084
1224,32.852,6.6448,-0.4321,5.1184,1.8961,-1.103,-0.7557,5.018,34.073,34.426,36.1244,-17.5185,0.2,0.0,0.0,0.0,1.9467,-1.1283,-0.892,2.4204,-0.0666,0,0,0,0.699,0.255,0.745,0,0,0.0,4,SEARCH_PHASE,1.8961,-1.103,-29.4796,17.0864
1225,32.88,6.6827,-0.4543,5.1024,1.8923,-1.1068,-0.8031,5.002,34.029,34.381,36.1244,-17.5185,0.2,0.0,0.0,0.0,1.9467,-1.1283,-0.94,2.4385,-0.0895,0,0,0,0.701,0.258,0.742,0,0,0.0,4,SEARCH_PHASE,1.8923,-1.1068,-29.4417,17.0642
1226,32.913,6.7205,-0.4765,5.0854,1.89,-1.1097,-0.8507,4.985,33.986,34.335,36.1244,-17.5185,0.2,0.0,0.0,0.0,1.9467,-1.1283,-0.988,2.4574,-0.0717,0,0,0,0.702,0.26,0.74,0,0,0.0,4,SEARCH_PHASE,1.89,-1.1097,-29.4039,17.042
1227,32.956,6.7582,-0.4987,5.0674,1.887,-1.1128,-0.8983,4.967,33.942,34.289,36.1244,-17.5185,0.2,0.0,0.0,0.0,1.9467,-1.1282,-1.036,2.4771,-0.0966,0,0,0,0.705,0.265,0.735,0,0,0.0,4,SEARCH_PHASE,1.887,-1.1128,-29.3662,17.0198
1228,32.986,6.7959,-0.521,5.0485,1.8853,-1.1152,-0.9459,4.948,33.898,34.243,36.1244,-17.5185,0.2,0.0,0.0,0.0,1.9458,-1.1297,-1.084,2.4975,-0.0785,0,0,0,0.707,0.278,0.722,0,0,0.0,4,SEARCH_PHASE,1.8853,-1.1152,-29.3285,16.9975
1229,33.024,6.8336,-0.5434,5.0286,1.8829,-1.1181,-0.9942,4.929,33.854,34.197,36.1244,-17.5185,0.2,0.0,0.0,0.0,1.9457,-1.13,-1.132,2.5187,-0.0868,0,0,0,0.706,0.274,0.726,0,0,0.0,4,SEARCH_PHASE,1.8829,-1.1181,-29.2908,16.9751
1230,33.059,6.8712,-0.5658,5.0078,1.8819,-1.1204,-1.0415,4.908,33.81,34.151,36.1244,-17.5185,0.2,0.0,0.0,0.0,1.9405,-1.1389,-1.18,2.5406,-0.0652,0,0,0,0.718,0.286,0.714,0,0,0.0,4,SEARCH_PHASE,1.8819,-1.1204,-29.2532,16.9527
1231,33.09,6.9088,-0.5882,4.986,1.8804,-1.1226,-1.0888,4.886,33.767,34.104,36.1244,-17.5185,0.2,0.0,0.0,0.0,1.9403,-1.1392,-1.228,2.5633,-0.086,0,0,0,0.717,0.279,0.721,0,0,0.0,4,SEARCH_PHASE,1.8804,-1.1226,-29.2156,16.9303
1232,33.126,6.9464,-0.6107,4.9633,1.8801,-1.1236,-1.1365,4.863,33.723,34.058,36.1244,-17.5185,0.2,0.0,0.0,0.0,1.9377,-1.1436,-1.276,2.5866,-0.0653,0,0,0,0.718,0.286,0.714,0,0,0.0,4,SEARCH_PHASE,1.8801,-1.1236,-29.178,16.9078
1233,33.154,6.984,-0.6332,4.9396,1.8791,-1.1246,-1.1839,4.84,33.679,34.011,36.1244,-17.5185,0.2,0.0,0.0,0.0,1.9352,-1.1478,-1.324,2.6106,-0.0884,0,0,0,0.718,0.286,0.714,0,0,0.0,4,SEARCH_PHASE,1.8791,-1.1246,-29.1404,16.8853
1234,33.19,7.0216,-0.6557,4.915,1.8791,-1.1246,-1.2314,4.815,33.635,33.964,36.1244,-17.5185,0.2,0.0,0.0,0.0,1.9305,-1.1558,-1.372,2.6353,-0.068,0,0,0,0.719,0.286,0.714,0,0,0.0,4,SEARCH_PHASE,1.8791,-1.1246,-29.1028,16.8628
1235,33.22,7.0592,-0.6782,4.8894,1.8785,-1.1248,-1.2788,4.789,33.591,33.917,36.1244,-17.5185,0.2,0.0,0.0,0.0,1.9266,-1.1622,-1.42,2.6606,-0.0898,0,0,0,0.719,0.287,0.713,0,0,0.0,4,SEARCH_PHASE,1.8785,-1.1248,-29.0653,16.8403
1236,33.258,7.0967,-0.7007,4.8629,1.879,-1.1241,-1.3264,4.763,33.548,33.87,36.1244,-17.5185,0.2,0.0,0.0,0.0,1.9198,-1.1734,-1.468,2.6865,-0.0771,0,0,0,0.72,0.296,0.704,0,0,0.0,4,SEARCH_PHASE,1.879,-1.1241,-29.0277,16.8178
1237,33.287,7.1343,-0.7231,4.8354,1.8786,-1.1238,-1.3739,4.735,33.504,33.823,36.1244,-17.5185,0.2,0.0,0.0,0.0,1.9213,-1.1709,-1.5,2.7042,-0.099,0,0,0,0.721,0.293,0.707,0,0,0.0,4,SEARCH_PHASE,1.8786,-1.1238,-28.9901,16.7954
1238,33.317,7.1719,-0.7456,4.8071,1.8793,-1.1234,-1.4155,4.707,33.46,33.776,36.1244,-17.5185,0.2,0.0,0.0,0.0,1.9151,-1.1811,-1.5,2.7042,-0.0784,0,0,0,0.726,0.303,0.697,0,0,0.0,4,SEARCH_PHASE,1.8793,-1.1234,-28.9525,16.7729
1239,33.346,7.2095,-0.7681,4.7782,1.879,-1.1243,-1.4416,4.678,33.416,33.728,36.1244,-17.5185,0.2,0.0,0.0,0.0,1.9133,-1.184,-1.5,2.7042,-0.1019,0,0,0,0.726,0.297,0.703,0,0,0.0,4,SEARCH_PHASE,1.879,-1.1243,-28.9149,16.7504
1240,33.374,7.2471,-0.7906,4.7491,1.8798,-1.1253,-1.4579,4.649,33.372,33.681,36.1244,-17.5185,0.2,0.0,0.0,0.0,1.9112,-1.1873,-1.5,2.7042,-0.0799,0,0,0,0.729,0.301,0.699,0,0,0.0,4,SEARCH_PHASE,1.8798,-1.1253,-28.8773,16.7279
1241,33.405,7.2846,-0.8132,4.7197,1.8788,-1.1279,-1.4682,4.62,33.329,33.634,36.1244,-17.5185,0.2,0.0,0.0,0.0,1.925,-1.1648,-1.5,2.7042,-0.1062,0,0,0,0.722,0.296,0.704,0,0,0.0,4,SEARCH_PHASE,1.8788,-1.1279,-28.8398,16.7053
1242,33.434,7.3222,-0.8358,4.6902,1.8783,-1.1305,-1.4747,4.59,33.285,33.586,36.1244,-17.5185,0.2,0.0,0.0,0.0,1.9257,-1.1636,-1.5,2.7042,-0.084,0,0,0,0.723,0.306,0.694,0,0,0.0,4,SEARCH_PHASE,1.8783,-1.1305,-28.8022,16.6827
1243,33.463,7.3597,-0.8585,4.6606,1.8762,-1.135,-1.4788,4.561,33.241,33.539,36.1244,-17.5185,0.2,0.0,0.0,0.0,1.9246,-1.1655,-1.5,2.7042,-0.058,0,0,0,0.723,0.304,0.696,0,0,0.0,4,SEARCH_PHASE,1.8762,-1.135,-28.7647,16.66
1244,33.495,7.3972,-0.8813,4.631,1.8751,-1.1397,-1.4814,4.531,33.197,33.492,36.1244,-17.5185,0.2,0.0,0.0,0.0,1.899,-1.2061,-1.5,2.7039,-0.0996,0,0,0,0.738,0.302,0.698,0,0,0.0,4,SEARCH_PHASE,1.8751,-1.1397,-28.7272,16.6372
1245,33.525,7.4347,-0.9041,4.6013,1.8732,-1.1425,-1.483,4.501,33.153,33.444,36.1244,-17.5185,0.2,0.0,0.0,0.0,1.9116,-1.1868,-1.5,2.7042,-0.0862,0,0,0,0.73,0.302,0.698,0,0,0.0,4,SEARCH_PHASE,1.8732,-1.1425,-28.6897,16.6144
1246,33.556,7.4721,-0.927,4.5717,1.8721,-1.1459,-1.4841,4.472,33.109,33.397,36.1244,-17.5185,0.2,0.0,0.0,0.0,1.8858,-1.2273,-1.5,2.7041,-0.0954,0,0,0,0.739,0.306,0.694,0,0,0.0,4,SEARCH_PHASE,1.8721,-1.1459,-28.6523,16.5915
1247,33.586,7.5095,-0.95,4.542,1.8696,-1.1489,-1.4847,4.442,33.065,33.349,36.1244,-17.5185,0.2,0.0,0.0,0.0,1.9114,-1.1867,-1.5,2.704,-0.1078,0,0,0,0.726,0.305,0.695,0,0,0.0,4,SEARCH_PHASE,1.8696,-1.1489,-28.6149,16.5685
1248,33.615,7.5469,-0.9731,4.5123,1.8679,-1.1523,-1.4851,4.412,33.022,33.302,36.1244,-17.5185,0.2,0.0,0.0,0.0,1.9157,-1.18,-1.5,2.7042,-0.0851,0,0,0,0.728,0.309,0.691,0,0,0.0,4,SEARCH_PHASE,1.8679,-1.1523,-28.5775,16.5454
1249,33.644,7.5842,-0.9962,4.4826,1.8642,-1.1576,-1.4859,4.383,32.978,33.255,36.1244,-17.5185,0.2,0.0,0.0,0.0,1.9156,-1.1802,-1.5,2.7042,-0.0508,0,0,0,0.728,0.309,0.691,0,0,0.0,4,SEARCH_PHASE,1.8642,-1.1576,-28.5402,16.5223
1250,33.676,7.6214,-1.0195,4.4528,1.8618,-1.1631,-1.4859,4.353,32.934,33.207,36.1244,-17.5185,0.2,0.0,0.0,0.0,1.8897,-1.2206,-1.5,2.7039,-0.091,0,0,0,0.742,0.316,0.684,0,0,0.0,4,SEARCH_PHASE,1.8618,-1.1631,-28.503,16.499
1251,33.706,7.6586,-1.0428,4.4231,1.8589,-1.1659,-1.4857,4.323,32.89,33.16,36.1244,-17.5185,0.2,0.0,0.0,0.0,1.9066,-1.1948,-1.5,2.7042,-0.1016,0,0,0,0.734,0.315,0.685,0,0,0.0,4,SEARCH_PHASE,1.8589,-1.1659,-28.4658,16.4757
1252,33.736,7.6957,-1.0662,4.3934,1.8571,-1.1687,-1.4857,4.293,32.846,33.113,36.1244,-17.5185,0.2,0.0,0.0,0.0,1.8918,-1.218,-1.5,2.7042,-0.077,0,0,0,0.734,0.317,0.683,0,0,0.0,4,SEARCH_PHASE,1.8571,-1.1687,-28.4287,16.4523
1253,33.77,7.7328,-1.0896,4.3637,1.8537,-1.1725,-1.4856,4.264,32.802,33.066,36.1244,-17.5185,0.2,0.0,0.0,0.0,1.906,-1.1956,-1.5,2.7042,-0.1009,0,0,0,0.733,0.316,0.684,0,0,0.0,4,SEARCH_PHASE,1.8537,-1.1725,-28.3916,16.4289
1254,33.801,7.7698,-1.1131,4.334,1.8516,-1.1755,-1.4856,4.234,32.758,33.018,36.1244,-17.5185,0.2,0.0,0.0,0.0,1.9066,-1.1947,-1.5,2.7042,-0.0766,0,0,0,0.733,0.326,0.674,0,0,0.0,4,SEARCH_PHASE,1.8516,-1.1755,-28.3546,16.4054
1255,33.833,7.8068,-1.1367,4.3043,1.8475,-1.1795,-1.486,4.204,32.715,32.971,36.1244,-17.5185,0.2,0.0,0.0,0.0,1.9019,-1.2022,-1.5,2.7042,-0.0812,0,0,0,0.736,0.329,0.671,0,0,0.0,4,SEARCH_PHASE,1.8475,-1.1795,-28.3176,16.3818
1256,33.864,7.8437,-1.1604,4.2745,1.8443,-1.1829,-1.4865,4.175,32.671,32.924,36.1244,-17.5185,0.2,0.0,0.0,0.0,1.8802,-1.2358,-1.5,2.7042,-0.0748,0,0,0,0.745,0.331,0.669,0,0,0.0,4,SEARCH_PHASE,1.8443,-1.1829,-28.2807,16.3581
1257,33.896,7.8805,-1.1841,4.2448,1.8417,-1.186,-1.4861,4.145,32.627,32.877,36.1244,-17.5185,0.2,0.0,0.0,0.0,1.906,-1.1953,-1.5,2.704,-0.1,0,0,0,0.737,0.331,0.669,0,0,0.0,4,SEARCH_PHASE,1.8417,-1.186,-28.2439,16.3344
1258,33.927,7.9173,-1.2079,4.2151,1.8402,-1.1883,-1.486,4.115,32.583,32.83,36.1244,-17.5185,0.2,0.0,0.0,0.0,1.9158,-1.1799,-1.5,2.7042,-0.0774,0,0,0,0.737,0.336,0.664,0,0,0.0,4,SEARCH_PHASE,1.8402,-1.1883,-28.2071,16.3106
1259,33.958,7.954,-1.2317,4.1854,1.8368,-1.1918,-1.4861,4.085,32.54,32.783,36.1244,-17.5185,0.2,0.0,0.0,0.0,1.8887,-1.2195,-1.5,2.7027,-0.0554,0,0,0,0.756,0.339,0.661,0,0,0.0,4,SEARCH_PHASE,1.8368,-1.1918,-28.1704,16.2868
1260,33.991,7.9907,-1.2556,4.1557,1.834,-1.1946,-1.4861,4.056,32.496,32.736,36.1244,-17.5185,0.2,0.0,0.0,0.0,1.8612,-1.2589,-1.5,2.7016,-0.0837,0,0,0,0.76,0.333,0.667,0,0,0.0,4,SEARCH_PHASE,1.834,-1.1946,-28.1337,16.2629
1261,34.021,8.0274,-1.2795,4.1259,1.8339,-1.195,-1.4859,4.026,32.452,32.689,36.1244,-17.5185,0.2,0.0,0.0,0.0,1.8332,-1.2978,-1.5,2.7009,-0.1219,0,0,0,0.763,0.334,0.666,0,0,0.0,4,SEARCH_PHASE,1.8339,-1.195,-28.097,16.239
1262,34.055,8.0641,-1.3034,4.0962,1.8334,-1.1944,-1.4857,3.996,32.409,32.642,36.1244,-17.5185,0.2,0.0,0.0,0.0,1.8053,-1.3369,-1.5,2.7012,-0.0982,0,0,0,0.761,0.337,0.663,0,0,0.0,4,SEARCH_PHASE,1.8334,-1.1944,-28.0603,16.2151
1263,34.09,8.1008,-1.3273,4.0665,1.8343,-1.1961,-1.4862,3.966,32.365,32.595,36.1244,-17.5185,0.2,0.0,0.0,0.0,1.8328,-1.3051,-1.5,2.7042,-0.1193,0,0,0,0.752,0.338,0.662,0,0,0.0,4,SEARCH_PHASE,1.8343,-1.1961,-28.0237,16.1912
1264,34.122,8.1374,-1.3513,4.0368,1.8345,-1.1984,-1.4861,3.937,32.321,32.548,36.1244,-17.5185,0.2,0.0,0.0,0.0,1.8267,-1.3137,-1.5,2.7042,-0.0957,0,0,0,0.753,0.342,0.658,0,0,0.0,4,SEARCH_PHASE,1.8345,-1.1984,-27.987,16.1672
1265,34.154,8.1741,-1.3753,4.007,1.8326,-1.2034,-1.4862,3.907,32.277,32.501,36.1244,-17.5185,0.2,0.0,0.0,0.0,1.8538,-1.2741,-1.5,2.7037,-0.1123,0,0,0,0.744,0.339,0.661,0,0,0.0,4,SEARCH_PHASE,1.8326,-1.2034,-27.9503,16.1432
1266,34.186,8.2107,-1.3995,3.9773,1.8316,-1.2094,-1.4865,3.877,32.233,32.454,36.1244,-17.5185,0.2,0.0,0.0,0.0,1.88,-1.2339,-1.5,2.7031,-0.0866,0,0,0,0.694,0.337,0.663,0,0,0.0,4,SEARCH_PHASE,1.8316,-1.2094,-27.9137,16.119
1267,34.215,8.2473,-1.4239,3.9476,1.8287,-1.2179,-1.4866,3.848,32.19,32.407,36.1244,-17.5185,0.2,0.0,0.0,0.0,1.9067,-1.194,-1.5,2.7039,-0.0517,0,0,0,0.698,0.336,0.664,0,0,0.0,4,SEARCH_PHASE,1.8287,-1.2179,-27.8771,16.0946
1268,34.245,8.2838,-1.4484,3.9178,1.8267,-1.2272,-1.487,3.818,32.146,32.36,36.1244,-17.5185,0.2,0.0,0.0,0.0,1.8804,-1.2341,-1.5,2.7035,-0.0353,0,0,0,0.755,0.345,0.655,0,0,0.0,4,SEARCH_PHASE,1.8267,-1.2272,-27.8406,16.0701
1269,34.275,8.3203,-1.4731,3.8881,1.8239,-1.2347,-1.4874,3.788,32.102,32.313,36.1244,-17.5185,0.2,0.0,0.0,0.0,1.8537,-1.274,-1.5,2.7035,-0.059,0,0,0,0.757,0.346,0.654,0,0,0.0,4,SEARCH_PHASE,1.8239,-1.2347,-27.8041,16.0454
1270,34.309,8.3568,-1.4979,3.8583,1.8236,-1.2385,-1.4874,3.758,32.058,32.266,36.1244,-17.5185,0.2,0.0,0.0,0.0,1.8246,-1.3122,-1.452,2.6757,-0.0999,0,0,0,0.766,0.354,0.646,0,0,0.0,4,SEARCH_PHASE,1.8236,-1.2385,-27.7676,16.0206
1271,34.34,8.3933,-1.5227,3.829,1.8231,-1.241,-1.469,3.729,32.014,32.219,36.1244,-17.5185,0.2,0.0,0.0,0.0,1.8047,-1.3437,-1.404,2.6521,-0.0879,0,0,0,0.761,0.351,0.649,0,0,0.0,4,SEARCH_PHASE,1.8231,-1.241,-27.7312,15.9958
1272,34.373,8.4297,-1.5476,3.8002,1.8241,-1.2448,-1.4396,3.7,31.97,32.172,36.1244,-17.5185,0.2,0.0,0.0,0.0,1.7976,-1.3532,-1.356,2.627,-0.1227,0,0,0,0.76,0.354,0.646,0,0,0.0,4,SEARCH_PHASE,1.8241,-1.2448,-27.6947,15.9709
1273,34.405,8.4662,-1.5726,3.7721,1.8238,-1.2488,-1.4037,3.672,31.926,32.125,36.1244,-17.5185,0.2,0.0,0.0,0.0,1.8083,-1.3389,-1.308,2.6026,-0.0822,0,0,0,0.758,0.353,0.647,0,0,0.0,4,SEARCH_PHASE,1.8238,-1.2488,-27.6582,15.9459
1274,34.438,8.5027,-1.5977,3.7448,1.8243,-1.257,-1.3636,3.645,31.882,32.078,36.1244,-17.5185,0.2,0.0,0.0,0.0,1.7933,-1.3589,-1.26,2.5788,-0.0849,0,0,0,0.761,0.358,0.642,0,0,0.0,4,SEARCH_PHASE,1.8243,-1.257,-27.6217,15.9208
1275,34.47,8.5392,-1.623,3.7184,1.8234,-1.2656,-1.3203,3.618,31.837,32.031,36.1244,-17.5185,0.2,0.0,0.0,0.0,1.8211,-1.3198,-1.212,2.5549,-0.0978,0,0,0,0.71,0.356,0.644,0,0,0.0,4,SEARCH_PHASE,1.8234,-1.2656,-27.5852,15.8955
1276,34.501,8.5756,-1.6485,3.6929,1.823,-1.2744,-1.2764,3.593,31.793,31.984,36.1244,-17.5185,0.2,0.0,0.0,0.0,1.8489,-1.2807,-1.164,2.5324,-0.0727,0,0,0,0.715,0.353,0.647,0,0,0.0,4,SEARCH_PHASE,1.823,-1.2744,-27.5488,15.87
1277,34.534,8.612,-1.6742,3.6683,1.8194,-1.285,-1.2308,3.568,31.749,31.937,36.1244,-17.5185,0.2,0.0,0.0,0.0,1.872,-1.2482,-1.116,2.5116,-0.0372,0,0,0,0.719,0.349,0.651,0,0,0.0,4,SEARCH_PHASE,1.8194,-1.285,-27.5124,15.8443
1278,34.566,8.6483,-1.7001,3.6446,1.8165,-1.2951,-1.185,3.545,31.704,31.891,36.1244,-17.5185,0.2,0.0,0.0,0.0,1.8594,-1.2669,-1.068,2.4906,-0.083,0,0,0,0.72,0.353,0.647,0,0,0.0,4,SEARCH_PHASE,1.8165,-1.2951,-27.4761,15.8184
1279,34.598,8.6846,-1.7261,3.6218,1.8123,-1.3008,-1.1379,3.522,31.66,31.844,36.1244,-17.5185,0.2,0.0,0.0,0.0,1.8605,-1.2653,-1.02,2.4704,-0.0485,0,0,0,0.723,0.354,0.646,0,0,0.0,4,SEARCH_PHASE,1.8123,-1.3008,-27.4398,15.7924
1280,34.63,8.7208,-1.7523,3.6,1.8089,-1.306,-1.0903,3.5,31.615,31.798,36.1244,-17.5185,0.2,0.0,0.0,0.0,1.8314,-1.3034,-0.972,2.4491,-0.0929,0,0,0,0.773,0.362,0.638,0,0,0.0,4,SEARCH_PHASE,1.8089,-1.306,-27.4036,15.7662
1281,34.662,8.7569,-1.7784,3.5792,1.8059,-1.3072,-1.0426,3.479,31.571,31.751,36.1244,-17.5185,0.2,0.0,0.0,0.0,1.8429,-1.2909,-0.924,2.4323,-0.0899,0,0,0,0.72,0.363,0.637,0,0,0.0,4,SEARCH_PHASE,1.8059,-1.3072,-27.3675,15.7401
1282,34.694,8.793,-1.8046,3.5593,1.8057,-1.3081,-0.995,3.459,31.527,31.705,36.1244,-17.5185,0.2,0.0,0.0,0.0,1.8516,-1.2783,-0.876,2.4145,-0.0713,0,0,0,0.725,0.364,0.636,0,0,0.0,4,SEARCH_PHASE,1.8057,-1.3081,-27.3314,15.7139
1283,34.725,8.8291,-1.8307,3.5403,1.8047,-1.3086,-0.9472,3.44,31.482,31.659,36.1244,-17.5185,0.2,0.0,0.0,0.0,1.8562,-1.2716,-0.828,2.3975,-0.0988,0,0,0,0.724,0.36,0.64,0,0,0.0,4,SEARCH_PHASE,1.8047,-1.3086,-27.2953,15.6878
1284,34.756,8.8652,-1.8569,3.5223,1.8068,-1.3071,-0.8995,3.422,31.438,31.613,36.1244,-17.5185,0.2,0.0,0.0,0.0,1.8829,-1.2317,-0.78,2.3813,-0.0702,0,0,0,0.722,0.37,0.63,0,0,0.0,4,SEARCH_PHASE,1.8068,-1.3071,-27.2592,15.6616
1285,34.789,8.9014,-1.883,3.5053,1.8076,-1.3062,-0.8517,3.405,31.394,31.567,36.1244,-17.5185,0.2,0.0,0.0,0.0,1.8897,-1.2213,-0.732,2.3661,-0.0913,0,0,0,0.72,0.365,0.635,0,0,0.0,4,SEARCH_PHASE,1.8076,-1.3062,-27.223,15.6355
1286,34.821,8.9376,-1.9091,3.4892,1.8109,-1.3036,-0.804,3.389,31.349,31.521,36.1244,-17.5185,0.2,0.0,0.0,0.0,1.9153,-1.1807,-0.684,2.3517,-0.0629,0,0,0,0.713,0.366,0.634,0,0,0.0,4,SEARCH_PHASE,1.8109,-1.3036,-27.1868,15.6094
1287,34.851,8.9739,-1.9351,3.4741,1.8126,-1.3013,-0.7561,3.374,31.305,31.476,36.1244,-17.5185,0.2,0.0,0.0,0.0,1.9201,-1.1729,-0.636,2.3382,-0.0678,0,0,0,0.714,0.36,0.64,0,0,0.0,4,SEARCH_PHASE,1.8126,-1.3013,-27.1506,15.5834
1288,34.884,9.0102,-1.961,3.4599,1.8166,-1.2967,-0.7087,3.36,31.26,31.43,36.1244,-17.5185,0.2,0.0,0.0,0.0,1.9272,-1.1611,-0.588,2.3256,-0.0472,0,0,0,0.7,0.364,0.636,0,0,0.0,4,SEARCH_PHASE,1.8166,-1.2967,-27.1142,15.5575
1289,34.917,9.0466,-1.9868,3.4467,1.8192,-1.2902,-0.6609,3.347,31.216,31.384,36.1244,-17.5185,0.2,0.0,0.0,0.0,1.9245,-1.1657,-0.54,2.3139,-0.0767,0,0,0,0.703,0.371,0.629,0,0,0.0,4,SEARCH_PHASE,1.8192,-1.2902,-27.0778,15.5317
1290,34.949,9.0831,-2.0124,3.4344,1.8246,-1.2792,-0.6129,3.334,31.172,31.339,36.1244,-17.5185,0.2,0.0,0.0,0.0,1.9301,-1.1565,-0.492,2.3032,-0.0845,0,0,0,0.698,0.373,0.627,0,0,0.0,4,SEARCH_PHASE,1.8246,-1.2792,-27.0413,15.5061
1291,34.978,9.1196,-2.0377,3.4231,1.8285,-1.2664,-0.565,3.323,31.127,31.294,36.1244,-17.5185,0.2,0.0,0.0,0.0,1.9421,-1.1361,-0.444,2.2934,-0.0722,0,0,0,0.691,0.372,0.628,0,0,0.0,4,SEARCH_PHASE,1.8285,-1.2664,-27.0048,15.4808
1292,35.01,9.1563,-2.0628,3.4128,1.8343,-1.2526,-0.5171,3.313,31.083,31.249,36.1244,-17.5185,0.2,0.0,0.0,0.0,1.9418,-1.1366,-0.396,2.2846,-0.0756,0,0,0,0.695,0.375,0.625,0,0,0.0,4,SEARCH_PHASE,1.8343,-1.2526,-26.9681,15.4557
1293,35.041,9.1931,-2.0875,3.4034,1.8385,-1.2375,-0.4697,3.303,31.039,31.204,36.1244,-17.5185,0.2,0.0,0.0,0.0,1.9414,-1.1373,-0.348,2.2768,-0.1044,0,0,0,0.693,0.37,0.63,0,0,0.0,4,SEARCH_PHASE,1.8385,-1.2375,-26.9313,15.431
1294,35.071,9.23,-2.112,3.395,1.8447,-1.2212,-0.4221,3.295,30.995,31.159,36.1244,-17.5185,0.2,0.0,0.0,0.0,1.9408,-1.1383,-0.3,2.2699,-0.0768,0,0,0,0.695,0.376,0.624,0,0,0.0,4,SEARCH_PHASE,1.8447,-1.2212,-26.8944,15.4065
1295,35.101,9.267,-2.1361,3.3875,1.8486,-1.2063,-0.3746,3.287,30.951,31.114,36.1244,-17.5185,0.2,0.0,0.0,0.0,1.9404,-1.139,-0.252,2.2641,-0.1083,0,0,0,0.694,0.375,0.625,0,0,0.0,4,SEARCH_PHASE,1.8486,-1.2063,-26.8575,15.3824
1296,35.133,9.304,-2.1599,3.3809,1.8541,-1.1904,-0.3272,3.281,30.907,31.07,36.1244,-17.5185,0.2,0.0,0.0,0.0,1.9414,-1.1374,-0.204,2.2592,-0.0808,0,0,0,0.697,0.373,0.627,0,0,0.0,4,SEARCH_PHASE,1.8541,-1.1904,-26.8204,15.3586
1297,35.164,9.3412,-2.1834,3.3753,1.8576,-1.1763,-0.2798,3.275,30.863,31.026,36.1244,-17.5185,0.2,0.0,0.0,0.0,1.9441,-1.1326,-0.156,2.2554,-0.1101,0,0,0,0.694,0.375,0.625,0,0,0.0,4,SEARCH_PHASE,1.8576,-1.1763,-26.7832,15.3351
1298,35.199,9.3784,-2.2067,3.3707,1.863,-1.1615,-0.2323,3.271,30.819,30.981,36.1244,-17.5185,0.2,0.0,0.0,0.0,1.9427,-1.1351,-0.108,2.2526,-0.0823,0,0,0,0.697,0.373,0.627,0,0,0.0,4,SEARCH_PHASE,1.863,-1.1615,-26.746,15.3118
1299,35.229,9.4158,-2.2296,3.367,1.866,-1.1487,-0.1849,3.267,30.775,30.938,36.1244,-17.5185,0.2,0.0,0.0,0.0,1.9445,-1.132,-0.06,2.2508,-0.1131,0,0,0,0.695,0.371,0.629,0,0,0.0,4,SEARCH_PHASE,1.866,-1.1487,-26.7086,15.2889
1300,35.26,9.4532,-2.2523,3.3642,1.8705,-1.1353,-0.1373,3.264,30.731,30.894,36.1244,-17.5185,0.2,0.0,0.0,0.0,1.9428,-1.1348,-0.012,2.25,-0.0853,0,0,0,0.697,0.368,0.632,0,0,0.0,4,SEARCH_PHASE,1.8705,-1.1353,-26.6712,15.2662
1301,35.291,9.4906,-2.2748,3.3624,1.8729,-1.1242,-0.09,3.262,30.688,30.85,36.1244,-17.5185,0.2,0.0,0.0,0.0,1.945,-1.1311,0.036,2.2503,-0.1128,0,0,0,0.695,0.372,0.628,0,0,0.0,4,SEARCH_PHASE,1.8729,-1.1242,-26.6338,15.2437
1302,35.322,9.5282,-2.2971,3.3616,1.877,-1.113,-0.0423,3.262,30.644,30.807,36.1244,-17.5185,0.2,0.0,0.0,0.0,1.9443,-1.1324,0.084,2.2516,-0.0841,0,0,0,0.696,0.368,0.632,0,0,0.0,4,SEARCH_PHASE,1.877,-1.113,-26.5962,15.2214
1303,35.352,9.5657,-2.3192,3.3617,1.8787,-1.1041,0.0055,3.262,30.6,30.763,36.1244,-17.5185,0.2,0.0,0.0,0.0,1.9457,-1.1299,0.132,2.2539,-0.1135,0,0,0,0.694,0.367,0.633,0,0,0.0,4,SEARCH_PHASE,1.8787,-1.1041,-26.5587,15.1993
1304,35.383,9.6034,-2.3411,3.3628,1.8817,-1.0953,0.0532,3.263,30.557,30.72,36.1244,-17.5185,0.2,0.0,0.0,0.0,1.9446,-1.1319,0.18,2.2572,-0.0855,0,0,0,0.697,0.365,0.635,0,0,0.0,4,SEARCH_PHASE,1.8817,-1.0953,-26.521,15.1774
1305,35.412,9.641,-2.3629,3.3648,1.8825,-1.0892,0.1011,3.265,30.513,30.677,36.1244,-17.5185,0.2,0.0,0.0,0.0,1.9465,-1.1286,0.228,2.2615,-0.1129,0,0,0,0.694,0.368,0.632,0,0,0.0,4,SEARCH_PHASE,1.8825,-1.0892,-26.4834,15.1556
1306,35.442,9.6787,-2.3845,3.3678,1.8851,-1.0834,0.1489,3.268,30.47,30.634,36.1244,-17.5185,0.2,0.0,0.0,0.0,1.9457,-1.1299,0.276,2.2669,-0.0853,0,0,0,0.696,0.365,0.635,0,0,0.0,4,SEARCH_PHASE,1.8851,-1.0834,-26.4457,15.134
1307,35.472,9.7164,-2.4061,3.3717,1.8849,-1.0806,0.1966,3.272,30.426,30.591,36.1244,-17.5185,0.2,0.0,0.0,0.0,1.9475,-1.1268,0.324,2.2732,-0.1077,0,0,0,0.693,0.367,0.633,0,0,0.0,4,SEARCH_PHASE,1.8849,-1.0806,-26.408,15.1124
1308,35.501,9.7542,-2.4277,3.3766,1.886,-1.0782,0.2444,3.277,30.383,30.549,36.1244,-17.5185,0.2,0.0,0.0,0.0,1.9465,-1.1286,0.372,2.2805,-0.0807,0,0,0,0.695,0.367,0.633,0,0,0.0,4,SEARCH_PHASE,1.886,-1.0782,-26.3703,15.0908
1309,35.53,9.7918,-2.4493,3.3824,1.8848,-1.0785,0.2922,3.282,30.34,30.506,36.1244,-17.5185,0.2,0.0,0.0,0.0,1.9483,-1.1255,0.42,2.2889,-0.1035,0,0,0,0.691,0.367,0.633,0,0,0.0,4,SEARCH_PHASE,1.8848,-1.0785,-26.3326,15.0692
1310,35.558,9.8295,-2.4708,3.3892,1.885,-1.0789,0.3399,3.289,30.296,30.463,36.1244,-17.5185,0.2,0.0,0.0,0.0,1.9479,-1.1262,0.468,2.2982,-0.077,0,0,0,0.692,0.368,0.632,0,0,0.0,4,SEARCH_PHASE,1.885,-1.0789,-26.2949,15.0477
1311,35.589,9.8672,-2.4925,3.397,1.8826,-1.0817,0.3874,3.297,30.253,30.421,36.1244,-17.5185,0.2,0.0,0.0,0.0,1.9483,-1.1254,0.516,2.3084,-0.0908,0,0,0,0.691,0.368,0.632,0,0,0.0,4,SEARCH_PHASE,1.8826,-1.0817,-26.2572,15.026
1312,35.617,9.9048,-2.5142,3.4057,1.8813,-1.0844,0.4352,3.306,30.209,30.379,36.1244,-17.5185,0.2,0.0,0.0,0.0,1.9467,-1.1282,0.564,2.3196,-0.065,0,0,0,0.694,0.368,0.632,0,0,0.0,4,SEARCH_PHASE,1.8813,-1.0844,-26.2196,15.0043
1313,35.646,9.9424,-2.5359,3.4153,1.8792,-1.0883,0.4829,3.315,30.166,30.337,36.1244,-17.5185,0.2,0.0,0.0,0.0,1.9478,-1.1264,0.612,2.3317,-0.0913,0,0,0,0.692,0.365,0.635,0,0,0.0,4,SEARCH_PHASE,1.8792,-1.0883,-26.182,14.9826
1314,35.674,9.98,-2.5578,3.426,1.8801,-1.0911,0.5306,3.326,30.122,30.295,36.1244,-17.5185,0.2,0.0,0.0,0.0,1.9464,-1.1288,0.66,2.3448,-0.0654,0,0,0,0.694,0.367,0.633,0,0,0.0,4,SEARCH_PHASE,1.8801,-1.0911,-26.1444,14.9607
1315,35.704,10.0176,-2.5797,3.4375,1.8796,-1.0952,0.5783,3.338,30.079,30.253,36.1244,-17.5185,0.2,0.0,0.0,0.0,1.9478,-1.1263,0.708,2.3588,-0.092,0,0,0,0.691,0.365,0.635,0,0,0.0,4,SEARCH_PHASE,1.8796,-1.0952,-26.1068,14.9388
1316,35.735,10.0552,-2.6016,3.45,1.8816,-1.0984,0.6259,3.35,30.035,30.211,36.1244,-17.5185,0.2,0.0,0.0,0.0,1.9468,-1.128,0.756,2.3736,-0.0661,0,0,0,0.692,0.366,0.634,0,0,0.0,4,SEARCH_PHASE,1.8816,-1.0984,-26.0692,14.9169
1317,35.763,10.0929,-2.6237,3.4635,1.8817,-1.103,0.6735,3.364,29.992,30.169,36.1244,-17.5185,0.2,0.0,0.0,0.0,1.9484,-1.1253,0.804,2.3893,-0.0929,0,0,0,0.688,0.365,0.635,0,0,0.0,4,SEARCH_PHASE,1.8817,-1.103,-26.0315,14.8948
1318,35.793,10.1305,-2.6458,3.4779,1.8839,-1.1069,0.721,3.378,29.948,30.127,36.1244,-17.5185,0.2,0.0,0.0,0.0,1.9481,-1.1258,0.852,2.4059,-0.0672,0,0,0,0.689,0.362,0.638,0,0,0.0,4,SEARCH_PHASE,1.8839,-1.1069,-25.9939,14.8727
1319,35.824,10.1682,-2.6681,3.4933,1.8836,-1.1124,0.7685,3.393,29.904,30.085,36.1244,-17.5185,0.2,0.0,0.0,0.0,1.9494,-1.1235,0.9,2.4233,-0.0745,0,0,0,0.684,0.362,0.638,0,0,0.0,4,SEARCH_PHASE,1.8836,-1.1124,-25.9562,14.8504
1320,35.852,10.2059,-2.6904,3.5096,1.8849,-1.1172,0.8155,3.41,29.86,30.043,36.1244,-17.5185,0.2,0.0,0.0,0.0,1.9487,-1.1247,0.948,2.4416,-0.0562,0,0,0,0.685,0.363,0.637,0,0,0.0,4,SEARCH_PHASE,1.8849,-1.1172,-25.9185,14.8281
1321,35.88,10.2436,-2.7129,3.5269,1.8839,-1.1219,0.8628,3.427,29.816,30.002,36.1244,-17.5185,0.2,0.0,0.0,0.0,1.9501,-1.1224,0.996,2.4606,-0.0817,0,0,0,0.68,0.361,0.639,0,0,0.0,4,SEARCH_PHASE,1.8839,-1.1219,-25.8808,14.8056
1322,35.908,10.2813,-2.7353,3.5451,1.8851,-1.124,0.9108,3.445,29.773,29.96,36.1244,-17.5185,0.2,0.0,0.0,0.0,1.9498,-1.1229,1.044,2.4804,-0.0557,0,0,0,0.68,0.361,0.639,0,0,0.0,4,SEARCH_PHASE,1.8851,-1.124,-25.8431,14.7832
1323,35.937,10.319,-2.7579,3.5643,1.8841,-1.1259,0.9588,3.464,29.729,29.918,36.1244,-17.5185,0.2,0.0,0.0,0.0,1.9514,-1.1201,1.092,2.501,-0.0839,0,0,0,0.675,0.363,0.637,0,0,0.0,4,SEARCH_PHASE,1.8841,-1.1259,-25.8054,14.7606
1324,35.968,10.3567,-2.7804,3.5844,1.8851,-1.1252,1.0066,3.484,29.685,29.877,36.1244,-17.5185,0.2,0.0,0.0,0.0,1.9513,-1.1202,1.14,2.5223,-0.0579,0,0,0,0.674,0.358,0.642,0,0,0.0,4,SEARCH_PHASE,1.8851,-1.1252,-25.7677,14.7381
1325,35.996,10.3944,-2.8028,3.6055,1.8834,-1.1245,1.0542,3.505,29.641,29.836,36.1244,-17.5185,0.2,0.0,0.0,0.0,1.9518,-1.1195,1.188,2.5444,-0.092,0,0,0,0.672,0.358,0.642,0,0,0.0,4,SEARCH_PHASE,1.8834,-1.1245,-25.7301,14.7157
1326,36.025,10.432,-2.8253,3.6275,1.8832,-1.1214,1.102,3.528,29.597,29.795,36.1244,-17.5185,0.2,0.0,0.0,0.0,1.9507,-1.1213,1.14,2.5223,-0.066,0,0,0,0.675,0.363,0.637,0,0,0.0,4,SEARCH_PHASE,1.8832,-1.1214,-25.6924,14.6932
1327,36.056,10.4697,-2.8477,3.6498,1.882,-1.1189,1.1142,3.55,29.553,29.754,36.1244,-17.5185,0.2,0.0,0.0,0.0,1.9514,-1.12,1.092,2.501,-0.0924,0,0,0,0.672,0.362,0.638,0,0,0.0,4,SEARCH_PHASE,1.882,-1.1189,-25.6548,14.6708
1328,36.086,10.5073,-2.87,3.6719,1.8831,-1.1152,1.1041,3.572,29.51,29.713,36.1244,-17.5185,0.2,0.0,0.0,0.0,1.951,-1.1207,1.044,2.4804,-0.0696,0,0,0,0.674,0.364,0.636,0,0,0.0,4,SEARCH_PHASE,1.8831,-1.1152,-25.6171,14.6485
1329,36.117,10.545,-2.8922,3.6935,1.8834,-1.112,1.08,3.593,29.466,29.672,36.1244,-17.5185,0.2,0.0,0.0,0.0,1.9521,-1.1189,0.996,2.4606,-0.0946,0,0,0,0.671,0.362,0.638,0,0,0.0,4,SEARCH_PHASE,1.8834,-1.112,-25.5794,14.6263
1330,36.147,10.5827,-2.9144,3.7144,1.8853,-1.108,1.0471,3.614,29.422,29.631,36.1244,-17.5185,0.2,0.0,0.0,0.0,1.952,-1.119,0.948,2.4416,-0.0731,0,0,0,0.672,0.359,0.641,0,0,0.0,4,SEARCH_PHASE,1.8853,-1.108,-25.5417,14.6041
1331,36.179,10.6204,-2.9365,3.7346,1.8865,-1.1046,1.0087,3.635,29.378,29.59,36.1244,-17.5185,0.2,0.0,0.0,0.0,1.9529,-1.1175,0.9,2.4233,-0.0976,0,0,0,0.668,0.359,0.641,0,0,0.0,4,SEARCH_PHASE,1.8865,-1.1046,-25.504,14.5821
1332,36.208,10.6582,-2.9585,3.7539,1.8889,-1.1006,0.9668,3.654,29.335,29.549,36.1244,-17.5185,0.2,0.0,0.0,0.0,1.953,-1.1174,0.852,2.4059,-0.0766,0,0,0,0.669,0.362,0.638,0,0,0.0,4,SEARCH_PHASE,1.8889,-1.1006,-25.4662,14.56
1333,36.239,10.696,-2.9804,3.7724,1.8905,-1.0973,0.9228,3.672,29.291,29.508,36.1244,-17.5185,0.2,0.0,0.0,0.0,1.9533,-1.1168,0.804,2.3893,-0.1011,0,0,0,0.665,0.354,0.646,0,0,0.0,4,SEARCH_PHASE,1.8905,-1.0973,-25.4284,14.5381
1334,36.268,10.7339,-3.0023,3.7899,1.893,-1.0934,0.8774,3.69,29.247,29.467,36.1244,-17.5185,0.2,0.0,0.0,0.0,1.9533,-1.1167,0.756,2.3736,-0.0803,0,0,0,0.665,0.355,0.645,0,0,0.0,4,SEARCH_PHASE,1.893,-1.0934,-25.3905,14.5162
1335,36.297,10.7718,-3.0241,3.8065,1.8945,-1.0904,0.8306,3.707,29.204,29.425,36.1244,-17.5185,0.2,0.0,0.0,0.0,1.9533,-1.1167,0.708,2.3588,-0.1038,0,0,0,0.663,0.355,0.645,0,0,0.0,4,SEARCH_PHASE,1.8945,-1.0904,-25.3526,14.4944
1336,36.328,10.8097,-3.0458,3.8222,1.8967,-1.0869,0.7841,3.722,29.16,29.384,36.1244,-17.5185,0.2,0.0,0.0,0.0,1.9533,-1.1167,0.66,2.3448,-0.0812,0,0,0,0.664,0.353,0.647,0,0,0.0,4,SEARCH_PHASE,1.8967,-1.0869,-25.3147,14.4727
1337,36.358,10.8477,-3.0675,3.837,1.8983,-1.0845,0.7372,3.737,29.116,29.342,36.1244,-17.5185,0.2,0.0,0.0,0.0,1.9533,-1.1167,0.612,2.3317,-0.1036,0,0,0,0.661,0.354,0.646,0,0,0.0,4,SEARCH_PHASE,1.8983,-1.0845,-25.2767,14.451
1338,36.388,10.8857,-3.0892,3.8508,1.901,-1.082,0.69,3.751,29.072,29.301,36.1244,-17.5185,0.2,0.0,0.0,0.0,1.9533,-1.1167,0.564,2.3196,-0.0814,0,0,0,0.662,0.353,0.647,0,0,0.0,4,SEARCH_PHASE,1.901,-1.082,-25.2387,14.4293
1339,36.418,10.9237,-3.1108,3.8636,1.9028,-1.0806,0.6426,3.764,29.029,29.259,36.1244,-17.5185,0.2,0.0,0.0,0.0,1.9533,-1.1167,0.516,2.3084,-0.1037,0,0,0,0.658,0.355,0.645,0,0,0.0,4,SEARCH_PHASE,1.9028,-1.0806,-25.2007,14.4077
1340,36.449,10.9618,-3.1323,3.8755,1.9054,-1.0792,0.5951,3.776,28.985,29.217,36.1244,-17.5185,0.2,0.0,0.0,0.0,1.9533,-1.1168,0.468,2.2982,-0.0819,0,0,0,0.659,0.354,0.646,0,0,0.0,4,SEARCH_PHASE,1.9054,-1.0792,-25.1626,14.3862
1341,36.481,11.0,-3.1539,3.8865,1.9068,-1.0791,0.5476,3.786,28.941,29.175,36.1244,-17.5185,0.2,0.0,0.0,0.0,1.9533,-1.1168,0.42,2.2889,-0.1037,0,0,0,0.655,0.352,0.648,0,0,0.0,4,SEARCH_PHASE,1.9068,-1.0791,-25.1244,14.3646
1342,36.513,11.0382,-3.1755,3.8965,1.9087,-1.0791,0.5,3.796,28.897,29.133,36.1244,-17.5185,0.2,0.0,0.0,0.0,1.9533,-1.1168,0.372,2.2805,-0.0822,0,0,0,0.655,0.353,0.647,0,0,0.0,4,SEARCH_PHASE,1.9087,-1.0791,-25.0863,14.343
1343,36.544,11.0763,-3.1971,3.9055,1.9092,-1.0804,0.4521,3.806,28.853,29.09,36.1244,-17.5185,0.2,0.0,0.0,0.0,1.9533,-1.1168,0.324,2.2732,-0.0858,0,0,0,0.653,0.351,0.649,0,0,0.0,4,SEARCH_PHASE,1.9092,-1.0804,-25.0481,14.3214
1344,36.579,11.1145,-3.2188,3.9136,1.9099,-1.0819,0.4044,3.814,28.809,29.048,36.1244,-17.5185,0.2,0.0,0.0,0.0,1.9533,-1.1168,0.276,2.2669,-0.0714,0,0,0,0.656,0.355,0.645,0,0,0.0,4,SEARCH_PHASE,1.9099,-1.0819,-25.0099,14.2997
1345,36.609,11.1527,-3.2404,3.9207,1.9102,-1.0837,0.3569,3.821,28.765,29.005,36.1244,-17.5185,0.2,0.0,0.0,0.0,1.9533,-1.1168,0.228,2.2615,-0.0935,0,0,0,0.653,0.351,0.649,0,0,0.0,4,SEARCH_PHASE,1.9102,-1.0837,-24.9717,14.2781
1346,36.643,11.191,-3.2621,3.9269,1.9119,-1.0851,0.3093,3.827,28.721,28.962,36.1244,-17.5185,0.2,0.0,0.0,0.0,1.9533,-1.1168,0.18,2.2572,-0.073,0,0,0,0.655,0.353,0.647,0,0,0.0,4,SEARCH_PHASE,1.9119,-1.0851,-24.9334,14.2564
1347,36.673,11.2292,-3.2839,3.9322,1.9127,-1.0873,0.2617,3.832,28.677,28.919,36.1244,-17.5185,0.2,0.0,0.0,0.0,1.9532,-1.1168,0.132,2.2539,-0.0953,0,0,0,0.653,0.35,0.65,0,0,0.0,4,SEARCH_PHASE,1.9127,-1.0873,-24.8952,14.2346
1348,36.705,11.2675,-3.3057,3.9364,1.9146,-1.0892,0.2139,3.836,28.633,28.876,36.1244,-17.5185,0.2,0.0,0.0,0.0,1.9532,-1.1168,0.084,2.2516,-0.0748,0,0,0,0.654,0.353,0.647,0,0,0.0,4,SEARCH_PHASE,1.9146,-1.0892,-24.8569,14.2128
1349,36.738,11.3058,-3.3275,3.9398,1.9154,-1.092,0.1661,3.84,28.589,28.833,36.1244,-17.5185,0.2,0.0,0.0,0.0,1.9532,-1.1168,0.036,2.2503,-0.0854,0,0,0,0.651,0.35,0.65,0,0,0.0,4,SEARCH_PHASE,1.9154,-1.092,-24.8186,14.191
1350,36.768,11.3442,-3.3494,3.9421,1.917,-1.0947,0.1184,3.842,28.545,28.789,36.1244,-17.5185,0.2,0.0,0.0,0.0,1.9532,-1.1168,-0.012,2.25,-0.0652,0,0,0,0.652,0.352,0.648,0,0,0.0,4,SEARCH_PHASE,1.917,-1.0947,-24.7802,14.1691
1351,36.799,11.3825,-3.3714,3.9436,1.9174,-1.0976,0.0708,3.844,28.501,28.746,36.1244,-17.5185,0.2,0.0,0.0,0.0,1.9532,-1.1168,-0.06,2.2508,-0.0876,0,0,0,0.649,0.348,0.652,0,0,0.0,4,SEARCH_PHASE,1.9174,-1.0976,-24.7419,14.1472
1352,36.83,11.4209,-3.3933,3.944,1.9185,-1.0998,0.0231,3.844,28.457,28.702,36.1244,-17.5185,0.2,0.0,0.0,0.0,1.9532,-1.1168,-0.108,2.2526,-0.0676,0,0,0,0.65,0.347,0.653,0,0,0.0,4,SEARCH_PHASE,1.9185,-1.0998,-24.7035,14.1252
1353,36.862,11.4593,-3.4154,3.9435,1.9182,-1.1023,-0.0247,3.844,28.412,28.658,36.1244,-17.5185,0.2,0.0,0.0,0.0,1.9532,-1.1168,-0.156,2.2554,-0.0914,0,0,0,0.647,0.344,0.656,0,0,0.0,4,SEARCH_PHASE,1.9182,-1.1023,-24.6652,14.1031
1354,36.893,11.4976,-3.4375,3.9421,1.9184,-1.1043,-0.0723,3.842,28.368,28.614,36.1244,-17.5185,0.2,0.0,0.0,0.0,1.9533,-1.1168,-0.204,2.2592,-0.0716,0,0,0,0.648,0.346,0.654,0,0,0.0,4,SEARCH_PHASE,1.9184,-1.1043,-24.6268,14.081
1355,36.924,11.536,-3.4596,3.9397,1.9173,-1.1068,-0.1201,3.84,28.324,28.57,36.1244,-17.5185,0.2,0.0,0.0,0.0,1.9533,-1.1168,-0.252,2.2641,-0.078,0,0,0,0.645,0.34,0.66,0,0,0.0,4,SEARCH_PHASE,1.9173,-1.1068,-24.5884,14.0589
1356,36.954,11.5743,-3.4818,3.9363,1.9169,-1.1089,-0.1681,3.836,28.28,28.525,36.1244,-17.5185,0.2,0.0,0.0,0.0,1.9533,-1.1168,-0.3,2.2699,-0.0598,0,0,0,0.647,0.344,0.656,0,0,0.0,4,SEARCH_PHASE,1.9169,-1.1089,-24.5501,14.0367
1357,36.985,11.6126,-3.504,3.932,1.9152,-1.1107,-0.2156,3.832,28.235,28.481,36.1244,-17.5185,0.2,0.0,0.0,0.0,1.9533,-1.1168,-0.348,2.2768,-0.0863,0,0,0,0.645,0.342,0.658,0,0,0.0,4,SEARCH_PHASE,1.9152,-1.1107,-24.5118,14.0145
1358,37.018,11.6509,-3.5262,3.9267,1.9143,-1.1113,-0.2631,3.827,28.191,28.436,36.1244,-17.5185,0.2,0.0,0.0,0.0,1.9533,-1.1168,-0.396,2.2846,-0.068,0,0,0,0.648,0.347,0.653,0,0,0.0,4,SEARCH_PHASE,1.9143,-1.1113,-24.4735,13.9923
1359,37.051,11.6892,-3.5485,3.9205,1.9128,-1.1118,-0.3106,3.821,28.147,28.392,36.1244,-17.5185,0.2,0.0,0.0,0.0,1.9533,-1.1167,-0.444,2.2934,-0.0925,0,0,0,0.647,0.348,0.652,0,0,0.0,4,SEARCH_PHASE,1.9128,-1.1118,-24.4353,13.97
1360,37.083,11.7274,-3.5707,3.9134,1.9124,-1.1114,-0.3581,3.813,28.103,28.347,36.1244,-17.5185,0.2,0.0,0.0,0.0,1.9533,-1.1167,-0.492,2.3032,-0.0739,0,0,0,0.649,0.347,0.653,0,0,0.0,4,SEARCH_PHASE,1.9124,-1.1114,-24.397,13.9478
1361,37.117,11.7656,-3.5929,3.9052,1.9111,-1.111,-0.4064,3.805,28.058,28.302,36.1244,-17.5185,0.2,0.0,0.0,0.0,1.9533,-1.1167,-0.54,2.3139,-0.0947,0,0,0,0.647,0.35,0.65,0,0,0.0,4,SEARCH_PHASE,1.9111,-1.111,-24.3588,13.9256
1362,37.151,11.8038,-3.6151,3.8962,1.9106,-1.1098,-0.4537,3.796,28.014,28.257,36.1244,-17.5185,0.2,0.0,0.0,0.0,1.9533,-1.1167,-0.588,2.3256,-0.073,0,0,0,0.65,0.349,0.651,0,0,0.0,4,SEARCH_PHASE,1.9106,-1.1098,-24.3206,13.9034
1363,37.183,11.842,-3.6373,3.8861,1.9092,-1.1088,-0.5013,3.786,27.97,28.212,36.1244,-17.5185,0.2,0.0,0.0,0.0,1.9534,-1.1166,-0.636,2.3382,-0.0968,0,0,0,0.649,0.347,0.653,0,0,0.0,4,SEARCH_PHASE,1.9092,-1.1088,-24.2824,13.8812
1364,37.214,11.8802,-3.6594,3.8752,1.9085,-1.107,-0.5488,3.775,27.926,28.167,36.1244,-17.5185,0.2,0.0,0.0,0.0,1.9534,-1.1166,-0.684,2.3517,-0.0755,0,0,0,0.653,0.355,0.645,0,0,0.0,4,SEARCH_PHASE,1.9085,-1.107,-24.2442,13.8591
1365,37.247,11.9183,-3.6815,3.8632,1.9071,-1.1057,-0.5963,3.763,27.882,28.121,36.1244,-17.5185,0.2,0.0,0.0,0.0,1.9534,-1.1166,-0.732,2.3661,-0.0974,0,0,0,0.652,0.353,0.647,0,0,0.0,4,SEARCH_PHASE,1.9071,-1.1057,-24.2061,13.837
1366,37.281,11.9565,-3.7036,3.8504,1.9068,-1.1039,-0.6439,3.75,27.838,28.076,36.1244,-17.5185,0.2,0.0,0.0,0.0,1.9534,-1.1166,-0.78,2.3814,-0.0763,0,0,0,0.655,0.354,0.646,0,0,0.0,4,SEARCH_PHASE,1.9068,-1.1039,-24.1679,13.8149
1367,37.313,11.9946,-3.7257,3.8365,1.9055,-1.1026,-0.6915,3.737,27.794,28.031,36.1244,-17.5185,0.2,0.0,0.0,0.0,1.9534,-1.1166,-0.828,2.3975,-0.0994,0,0,0,0.654,0.354,0.646,0,0,0.0,4,SEARCH_PHASE,1.9055,-1.1026,-24.1298,13.7928
1368,37.346,12.0327,-3.7477,3.8217,1.905,-1.101,-0.7391,3.722,27.75,27.985,36.1244,-17.5185,0.2,0.0,0.0,0.0,1.9534,-1.1166,-0.876,2.4145,-0.0785,0,0,0,0.658,0.36,0.64,0,0,0.0,4,SEARCH_PHASE,1.905,-1.101,-24.0917,13.7708
1369,37.378,12.0707,-3.7697,3.806,1.9037,-1.1001,-0.7867,3.706,27.706,27.939,36.1244,-17.5185,0.2,0.0,0.0,0.0,1.9534,-1.1165,-0.924,2.4323,-0.1004,0,0,0,0.657,0.354,0.646,0,0,0.0,4,SEARCH_PHASE,1.9037,-1.1001,-24.0537,13.7488
1370,37.408,12.1088,-3.7917,3.7893,1.9032,-1.099,-0.8344,3.689,27.662,27.894,36.1244,-17.5185,0.2,0.0,0.0,0.0,1.9534,-1.1165,-0.972,2.451,-0.0798,0,0,0,0.66,0.356,0.644,0,0,0.0,4,SEARCH_PHASE,1.9032,-1.099,-24.0156,13.7268
1371,37.441,12.1468,-3.8137,3.7717,1.9016,-1.0989,-0.8823,3.672,27.618,27.848,36.1244,-17.5185,0.2,0.0,0.0,0.0,1.9534,-1.1165,-1.02,2.4704,-0.0896,0,0,0,0.662,0.362,0.638,0,0,0.0,4,SEARCH_PHASE,1.9016,-1.0989,-23.9776,13.7048
1372,37.473,12.1849,-3.8356,3.7531,1.9006,-1.0986,-0.9298,3.653,27.574,27.802,36.1244,-17.5185,0.2,0.0,0.0,0.0,1.9534,-1.1166,-1.068,2.4906,-0.0687,0,0,0,0.667,0.37,0.63,0,0,0.0,4,SEARCH_PHASE,1.9006,-1.0986,-23.9396,13.6829
1373,37.505,12.2228,-3.8576,3.7335,1.8995,-1.0987,-0.9773,3.634,27.53,27.756,36.1244,-17.5185,0.2,0.0,0.0,0.0,1.9532,-1.117,-1.116,2.5116,-0.0906,0,0,0,0.668,0.369,0.631,0,0,0.0,4,SEARCH_PHASE,1.8995,-1.0987,-23.9016,13.6609
1374,37.538,12.2608,-3.8796,3.713,1.9001,-1.0979,-1.0249,3.613,27.486,27.71,36.1244,-17.5185,0.2,0.0,0.0,0.0,1.952,-1.1189,-1.164,2.5333,-0.0702,0,0,0,0.673,0.374,0.626,0,0,0.0,4,SEARCH_PHASE,1.9001,-1.0979,-23.8636,13.6389
1375,37.571,12.2989,-3.9015,3.6916,1.9001,-1.0976,-1.0725,3.592,27.442,27.664,36.1244,-17.5185,0.2,0.0,0.0,0.0,1.9516,-1.1197,-1.116,2.5116,-0.0925,0,0,0,0.673,0.378,0.622,0,0,0.0,4,SEARCH_PHASE,1.9001,-1.0976,-23.8256,13.617
1376,37.604,12.3369,-3.9235,3.6699,1.9031,-1.0972,-1.0846,3.57,27.398,27.617,36.1244,-17.5185,0.2,0.0,0.0,0.0,1.95,-1.1225,-1.068,2.4906,-0.0693,0,0,0,0.678,0.376,0.624,0,0,0.0,4,SEARCH_PHASE,1.9031,-1.0972,-23.7875,13.595
1377,37.636,12.375,-3.9454,3.6484,1.9061,-1.0978,-1.0745,3.548,27.354,27.571,36.1244,-17.5185,0.2,0.0,0.0,0.0,1.95,-1.1225,-1.02,2.4704,-0.0956,0,0,0,0.678,0.379,0.621,0,0,0.0,4,SEARCH_PHASE,1.9061,-1.0978,-23.7494,13.5731
1378,37.67,12.4133,-3.9674,3.6274,1.9116,-1.0978,-1.0505,3.527,27.31,27.525,36.1244,-17.5185,0.2,0.0,0.0,0.0,1.9485,-1.1251,-0.972,2.451,-0.0701,0,0,0,0.682,0.38,0.62,0,0,0.0,4,SEARCH_PHASE,1.9116,-1.0978,-23.7111,13.5511
1379,37.7,12.4516,-3.9893,3.607,1.9158,-1.099,-1.0177,3.507,27.266,27.478,36.1244,-17.5185,0.2,0.0,0.0,0.0,1.9492,-1.1239,-0.924,2.4323,-0.0979,0,0,0,0.681,0.385,0.615,0,0,0.0,4,SEARCH_PHASE,1.9158,-1.099,-23.6728,13.5292
1380,37.732,12.49,-4.0113,3.5875,1.9219,-1.0995,-0.9794,3.487,27.222,27.432,36.1244,-17.5185,0.2,0.0,0.0,0.0,1.9478,-1.1263,-0.876,2.4145,-0.0717,0,0,0,0.684,0.382,0.618,0,0,0.0,4,SEARCH_PHASE,1.9219,-1.0995,-23.6344,13.5072
1381,37.763,12.5285,-4.0334,3.5687,1.9258,-1.1014,-0.9377,3.469,27.177,27.385,36.1244,-17.5185,0.2,0.0,0.0,0.0,1.9489,-1.1244,-0.828,2.3975,-0.1,0,0,0,0.682,0.388,0.612,0,0,0.0,4,SEARCH_PHASE,1.9258,-1.1014,-23.5959,13.4851
1382,37.794,12.5672,-4.0554,3.5508,1.9312,-1.1026,-0.8937,3.451,27.133,27.339,36.1244,-17.5185,0.2,0.0,0.0,0.0,1.9479,-1.1261,-0.78,2.3814,-0.0737,0,0,0,0.685,0.382,0.618,0,0,0.0,4,SEARCH_PHASE,1.9312,-1.1026,-23.5572,13.4631
1383,37.827,12.6058,-4.0775,3.5339,1.9337,-1.1055,-0.8484,3.434,27.088,27.293,36.1244,-17.5185,0.2,0.0,0.0,0.0,1.9493,-1.1237,-0.732,2.3661,-0.1022,0,0,0,0.682,0.384,0.616,0,0,0.0,4,SEARCH_PHASE,1.9337,-1.1055,-23.5186,13.441
1384,37.859,12.6446,-4.0997,3.5178,1.937,-1.1078,-0.8022,3.418,27.044,27.247,36.1244,-17.5185,0.2,0.0,0.0,0.0,1.9488,-1.1245,-0.684,2.3517,-0.0761,0,0,0,0.684,0.385,0.615,0,0,0.0,4,SEARCH_PHASE,1.937,-1.1078,-23.4798,13.4188
1385,37.89,12.6833,-4.1219,3.5027,1.937,-1.1119,-0.7556,3.403,26.999,27.2,36.1244,-17.5185,0.2,0.0,0.0,0.0,1.9502,-1.1221,-0.636,2.3382,-0.0804,0,0,0,0.68,0.379,0.621,0,0,0.0,4,SEARCH_PHASE,1.937,-1.1119,-23.4411,13.3966
1386,37.923,12.7221,-4.1442,3.4885,1.9375,-1.1155,-0.7084,3.389,26.954,27.154,36.1244,-17.5185,0.2,0.0,0.0,0.0,1.9499,-1.1227,-0.588,2.3256,-0.0549,0,0,0,0.682,0.377,0.623,0,0,0.0,4,SEARCH_PHASE,1.9375,-1.1155,-23.4023,13.3743
1387,37.955,12.7608,-4.1666,3.4753,1.9347,-1.1188,-0.6611,3.375,26.91,27.108,36.1244,-17.5185,0.2,0.0,0.0,0.0,1.9504,-1.1218,-0.54,2.3139,-0.0871,0,0,0,0.681,0.38,0.62,0,0,0.0,4,SEARCH_PHASE,1.9347,-1.1188,-23.3636,13.3519
1388,37.985,12.7994,-4.189,3.463,1.9328,-1.1193,-0.6135,3.363,26.865,27.062,36.1244,-17.5185,0.2,0.0,0.0,0.0,1.949,-1.1243,-0.492,2.3032,-0.0619,0,0,0,0.684,0.385,0.615,0,0,0.0,4,SEARCH_PHASE,1.9328,-1.1193,-23.325,13.3295
1389,38.017,12.838,-4.2114,3.4517,1.9292,-1.1201,-0.5659,3.352,26.82,27.017,36.1244,-17.5185,0.2,0.0,0.0,0.0,1.9499,-1.1226,-0.444,2.2934,-0.0902,0,0,0,0.682,0.382,0.618,0,0,0.0,4,SEARCH_PHASE,1.9292,-1.1201,-23.2864,13.3071
1390,38.051,12.8766,-4.2338,3.4414,1.9278,-1.1187,-0.5182,3.341,26.776,26.971,36.1244,-17.5185,0.2,0.0,0.0,0.0,1.9483,-1.1255,-0.396,2.2846,-0.0649,0,0,0,0.685,0.386,0.614,0,0,0.0,4,SEARCH_PHASE,1.9278,-1.1187,-23.2478,13.2847
1391,38.084,12.915,-4.2561,3.4319,1.9243,-1.1177,-0.4706,3.332,26.731,26.926,36.1244,-17.5185,0.2,0.0,0.0,0.0,1.9497,-1.123,-0.348,2.2768,-0.0935,0,0,0,0.682,0.379,0.621,0,0,0.0,4,SEARCH_PHASE,1.9243,-1.1177,-23.2094,13.2624
1392,38.117,12.9535,-4.2784,3.4235,1.9224,-1.1148,-0.4229,3.323,26.687,26.881,36.1244,-17.5185,0.2,0.0,0.0,0.0,1.9483,-1.1255,-0.3,2.2699,-0.0682,0,0,0,0.684,0.385,0.615,0,0,0.0,4,SEARCH_PHASE,1.9224,-1.1148,-23.1709,13.2401
1393,38.148,12.9918,-4.3007,3.416,1.9179,-1.1125,-0.3754,3.316,26.643,26.836,36.1244,-17.5185,0.2,0.0,0.0,0.0,1.9484,-1.1253,-0.252,2.2641,-0.1009,0,0,0,0.683,0.377,0.623,0,0,0.0,4,SEARCH_PHASE,1.9179,-1.1125,-23.1326,13.2178
1394,38.183,13.0301,-4.3228,3.4094,1.9145,-1.1083,-0.3277,3.309,26.598,26.791,36.1244,-17.5185,0.2,0.0,0.0,0.0,1.9455,-1.1302,-0.204,2.2592,-0.0757,0,0,0,0.687,0.386,0.614,0,0,0.0,4,SEARCH_PHASE,1.9145,-1.1083,-23.0943,13.1957
1395,38.214,13.0683,-4.3449,3.4038,1.91,-1.1054,-0.28,3.304,26.554,26.747,36.1244,-17.5185,0.2,0.0,0.0,0.0,1.9452,-1.1307,-0.156,2.2554,-0.1048,0,0,0,0.686,0.385,0.615,0,0,0.0,4,SEARCH_PHASE,1.91,-1.1054,-23.0561,13.1736
1396,38.248,13.1065,-4.367,3.3992,1.9082,-1.1013,-0.2323,3.299,26.51,26.702,36.1244,-17.5185,0.2,0.0,0.0,0.0,1.9426,-1.1353,-0.108,2.2526,-0.0793,0,0,0,0.689,0.389,0.611,0,0,0.0,4,SEARCH_PHASE,1.9082,-1.1013,-23.0179,13.1515
1397,38.281,13.1446,-4.3889,3.3955,1.9047,-1.0985,-0.1852,3.295,26.466,26.658,36.1244,-17.5185,0.2,0.0,0.0,0.0,1.9412,-1.1377,-0.06,2.2508,-0.1054,0,0,0,0.687,0.387,0.613,0,0,0.0,4,SEARCH_PHASE,1.9047,-1.0985,-22.9798,13.1296
1398,38.318,13.1827,-4.4108,3.3927,1.9034,-1.0947,-0.1373,3.293,26.422,26.614,36.1244,-17.5185,0.2,0.0,0.0,0.0,1.9414,-1.1373,-0.012,2.25,-0.077,0,0,0,0.689,0.394,0.606,0,0,0.0,4,SEARCH_PHASE,1.9034,-1.0947,-22.9417,13.1077
1399,38.351,13.2207,-4.4327,3.3909,1.9,-1.0924,-0.0895,3.291,26.378,26.571,36.1244,-17.5185,0.2,0.0,0.0,0.0,1.9405,-1.1388,0.036,2.2503,-0.1037,0,0,0,0.691,0.386,0.614,0,0,0.0,4,SEARCH_PHASE,1.9,-1.0924,-22.9037,13.0858
1400,38.384,13.2586,-4.4545,3.3901,1.8985,-1.0892,-0.0417,3.29,26.335,26.527,36.1244,-17.5185,0.2,0.0,0.0,0.0,1.9377,-1.1436,0.084,2.2516,-0.0759,0,0,0,0.691,0.394,0.606,0,0,0.0,4,SEARCH_PHASE,1.8985,-1.0892,-22.8658,13.064
1401,38.418,13.2965,-4.4762,3.3902,1.8944,-1.0876,0.0059,3.29,26.291,26.484,36.1244,-17.5185,0.2,0.0,0.0,0.0,1.9374,-1.1441,0.132,2.2539,-0.106,0,0,0,0.696,0.393,0.607,0,0,0.0,4,SEARCH_PHASE,1.8944,-1.0876,-22.8279,13.0423
1402,38.45,13.3344,-4.4979,3.3913,1.8917,-1.0854,0.0537,3.291,26.247,26.441,36.1244,-17.5185,0.2,0.0,0.0,0.0,1.9302,-1.1562,0.18,2.2572,-0.079,0,0,0,0.691,0.4,0.6,0,0,0.0,4,SEARCH_PHASE,1.8917,-1.0854,-22.7901,13.0206
1403,38.483,13.3721,-4.5196,3.3933,1.8878,-1.0853,0.1015,3.293,26.204,26.398,36.1244,-17.5185,0.2,0.0,0.0,0.0,1.9293,-1.1577,0.228,2.2615,-0.105,0,0,0,0.7,0.398,0.602,0,0,0.0,4,SEARCH_PHASE,1.8878,-1.0853,-22.7523,12.9989
1404,38.515,13.4098,-4.5413,3.3963,1.8866,-1.0851,0.1493,3.296,26.16,26.355,36.1244,-17.5185,0.2,0.0,0.0,0.0,1.9232,-1.1679,0.276,2.2669,-0.0781,0,0,0,0.698,0.403,0.597,0,0,0.0,4,SEARCH_PHASE,1.8866,-1.0851,-22.7146,12.9772
1405,38.549,13.4475,-4.5631,3.4003,1.8838,-1.0874,0.1971,3.3,26.117,26.312,36.1244,-17.5185,0.2,0.0,0.0,0.0,1.9206,-1.1721,0.324,2.2732,-0.1041,0,0,0,0.703,0.402,0.598,0,0,0.0,4,SEARCH_PHASE,1.8838,-1.0874,-22.6769,12.9554
1406,38.581,13.4852,-4.5849,3.4052,1.8832,-1.0896,0.2449,3.305,26.073,26.269,36.1244,-17.5185,0.2,0.0,0.0,0.0,1.9156,-1.1803,0.372,2.2805,-0.0775,0,0,0,0.708,0.403,0.597,0,0,0.0,4,SEARCH_PHASE,1.8832,-1.0896,-22.6392,12.9336
1407,38.612,13.5228,-4.6068,3.411,1.8804,-1.0944,0.2926,3.311,26.03,26.227,36.1244,-17.5185,0.2,0.0,0.0,0.0,1.9105,-1.1884,0.42,2.2889,-0.1033,0,0,0,0.707,0.407,0.593,0,0,0.0,4,SEARCH_PHASE,1.8804,-1.0944,-22.6016,12.9117
1408,38.642,13.5604,-4.6288,3.4178,1.8794,-1.0995,0.3403,3.318,25.986,26.185,36.1244,-17.5185,0.2,0.0,0.0,0.0,1.9028,-1.2008,0.468,2.2982,-0.0772,0,0,0,0.709,0.41,0.59,0,0,0.0,4,SEARCH_PHASE,1.8794,-1.0995,-22.564,12.8897
1409,38.676,13.5979,-4.6509,3.4256,1.8756,-1.1071,0.3879,3.326,25.943,26.142,36.1244,-17.5185,0.2,0.0,0.0,0.0,1.9043,-1.1985,0.516,2.3084,-0.0921,0,0,0,0.707,0.401,0.599,0,0,0.0,4,SEARCH_PHASE,1.8756,-1.1071,-22.5265,12.8676
1410,38.713,13.6354,-4.6732,3.4343,1.873,-1.1152,0.4355,3.334,25.899,26.1,36.1244,-17.5185,0.2,0.0,0.0,0.0,1.8894,-1.2217,0.564,2.3196,-0.0666,0,0,0,0.709,0.403,0.597,0,0,0.0,4,SEARCH_PHASE,1.873,-1.1152,-22.4891,12.8453
1411,38.748,13.6727,-4.6957,3.4439,1.8675,-1.125,0.4831,3.344,25.855,26.058,36.1244,-17.5185,0.2,0.0,0.0,0.0,1.8867,-1.226,0.612,2.3317,-0.0929,0,0,0,0.707,0.4,0.6,0,0,0.0,4,SEARCH_PHASE,1.8675,-1.125,-22.4517,12.8228
1412,38.784,13.71,-4.7184,3.4546,1.8632,-1.1343,0.5307,3.355,25.812,26.016,36.1244,-17.5185,0.2,0.0,0.0,0.0,1.8704,-1.2506,0.66,2.3448,-0.068,0,0,0,0.708,0.407,0.593,0,0,0.0,4,SEARCH_PHASE,1.8632,-1.1343,-22.4144,12.8001
1413,38.819,13.7471,-4.7413,3.4661,1.856,-1.1456,0.5784,3.366,25.768,25.974,36.1244,-17.5185,0.2,0.0,0.0,0.0,1.8619,-1.2633,0.708,2.3588,-0.0932,0,0,0,0.712,0.397,0.603,0,0,0.0,4,SEARCH_PHASE,1.856,-1.1456,-22.3773,12.7772
1414,38.85,13.7841,-4.7644,3.4787,1.8498,-1.1566,0.6261,3.379,25.725,25.933,36.1244,-17.5185,0.2,0.0,0.0,0.0,1.8448,-1.288,0.756,2.3736,-0.0689,0,0,0,0.713,0.396,0.604,0,0,0.0,4,SEARCH_PHASE,1.8498,-1.1566,-22.3403,12.7541
1415,38.881,13.8209,-4.7878,3.4921,1.8406,-1.1699,0.6736,3.392,25.681,25.891,36.1244,-17.5185,0.2,0.0,0.0,0.0,1.8263,-1.3142,0.804,2.3893,-0.0888,0,0,0,0.724,0.397,0.603,0,0,0.0,4,SEARCH_PHASE,1.8406,-1.1699,-22.3035,12.7307
1416,38.913,13.8575,-4.8115,3.5065,1.8322,-1.1831,0.7209,3.407,25.638,25.85,36.1244,-17.5185,0.2,0.0,0.0,0.0,1.8091,-1.3378,0.852,2.4059,-0.0673,0,0,0,0.719,0.396,0.604,0,0,0.0,4,SEARCH_PHASE,1.8322,-1.1831,-22.2669,12.707
1417,38.944,13.894,-4.8355,3.5219,1.8216,-1.1982,0.7689,3.422,25.594,25.809,36.1244,-17.5185,0.2,0.0,0.0,0.0,1.7801,-1.3761,0.9,2.4233,-0.0945,0,0,0,0.729,0.402,0.598,0,0,0.0,4,SEARCH_PHASE,1.8216,-1.1982,-22.2304,12.683
1418,38.976,13.9302,-4.8597,3.5383,1.8129,-1.213,0.8172,3.438,25.55,25.768,36.1244,-17.5185,0.2,0.0,0.0,0.0,1.7526,-1.411,0.948,2.4416,-0.0734,0,0,0,0.73,0.404,0.596,0,0,0.0,4,SEARCH_PHASE,1.8129,-1.213,-22.1942,12.6588
1419,39.025,13.9663,-4.8843,3.5556,1.8016,-1.2298,0.8653,3.456,25.507,25.727,36.1244,-17.5185,0.2,0.0,0.0,0.0,1.7285,-1.4405,0.996,2.4606,-0.1014,0,0,0,0.729,0.398,0.602,0,0,0.0,4,SEARCH_PHASE,1.8016,-1.2298,-22.1581,12.6342
1420,39.057,14.0021,-4.9092,3.5738,1.7918,-1.2464,0.9136,3.474,25.464,25.686,36.1244,-17.5185,0.2,0.0,0.0,0.0,1.6988,-1.4753,1.044,2.4804,-0.0799,0,0,0,0.729,0.393,0.607,0,0,0.0,4,SEARCH_PHASE,1.7918,-1.2464,-22.1223,12.6093
1421,39.091,14.0377,-4.9345,3.5931,1.7789,-1.2651,0.9611,3.493,25.42,25.646,36.1244,-17.5185,0.2,0.0,0.0,0.0,1.6917,-1.4834,1.092,2.501,-0.1051,0,0,0,0.727,0.388,0.612,0,0,0.0,4,SEARCH_PHASE,1.7789,-1.2651,-22.0867,12.584
1422,39.125,14.073,-4.9602,3.6132,1.767,-1.2839,1.0092,3.513,25.377,25.605,36.1244,-17.5185,0.2,0.0,0.0,0.0,1.6595,-1.519,1.14,2.5221,-0.0802,0,0,0,0.727,0.391,0.609,0,0,0.0,4,SEARCH_PHASE,1.767,-1.2839,-22.0514,12.5583
1423,39.167,14.108,-4.9863,3.6344,1.7516,-1.305,1.0572,3.534,25.333,25.565,36.1244,-17.5185,0.2,0.0,0.0,0.0,1.6465,-1.5335,1.188,2.5444,-0.105,0,0,0,0.724,0.377,0.623,0,0,0.0,4,SEARCH_PHASE,1.7516,-1.305,-22.0164,12.5322
1424,39.2,14.1428,-5.0128,3.6565,1.7369,-1.326,1.1051,3.556,25.29,25.525,36.1244,-17.5185,0.2,0.0,0.0,0.0,1.6128,-1.5677,1.236,2.5664,-0.0807,0,0,0,0.739,0.381,0.619,0,0,0.0,4,SEARCH_PHASE,1.7369,-1.326,-21.9816,12.5057
1425,39.242,14.1772,-5.0398,3.6795,1.7183,-1.3497,1.1528,3.58,25.247,25.485,36.1244,-17.5185,0.2,0.0,0.0,0.0,1.5881,-1.5939,1.284,2.5906,-0.105,0,0,0,0.738,0.373,0.627,0,0,0.0,4,SEARCH_PHASE,1.7183,-1.3497,-21.9473,12.4787
1426,39.276,14.2112,-5.0673,3.7036,1.6998,-1.3734,1.2006,3.604,25.204,25.446,36.1244,-17.5185,0.2,0.0,0.0,0.0,1.6041,-1.5778,1.332,2.6147,-0.0814,0,0,0,0.737,0.369,0.631,0,0,0.0,4,SEARCH_PHASE,1.6998,-1.3734,-21.9133,12.4512
1427,39.309,14.2447,-5.0953,3.7285,1.6771,-1.3997,1.2465,3.628,25.161,25.407,36.1244,-17.5185,0.2,0.0,0.0,0.0,1.5697,-1.6112,1.38,2.639,-0.0571,0,0,0,0.738,0.361,0.639,0,0,0.0,4,SEARCH_PHASE,1.6771,-1.3997,-21.8797,12.4232
1428,39.342,14.2778,-5.1238,3.7544,1.654,-1.4264,1.293,3.654,25.118,25.368,36.1244,-17.5185,0.2,0.0,0.0,0.0,1.5538,-1.6274,1.428,2.6649,-0.0847,0,0,0,0.736,0.356,0.644,0,0,0.0,4,SEARCH_PHASE,1.654,-1.4264,-21.8466,12.3947
1429,39.374,14.3104,-5.1528,3.7812,1.6335,-1.4509,1.3404,3.681,25.075,25.329,36.1244,-17.5185,0.2,0.0,0.0,0.0,1.5184,-1.6599,1.476,2.6906,-0.0686,0,0,0,0.737,0.354,0.646,0,0,0.0,4,SEARCH_PHASE,1.6335,-1.4509,-21.814,12.3657
1430,39.407,14.3427,-5.1824,3.8089,1.611,-1.4758,1.3878,3.709,25.032,25.291,36.1244,-17.5185,0.2,0.0,0.0,0.0,1.4826,-1.6919,1.524,2.7172,-0.0959,0,0,0,0.741,0.352,0.648,0,0,0.0,4,SEARCH_PHASE,1.611,-1.4758,-21.7817,12.3361
1431,39.45,14.3745,-5.2123,3.8376,1.5905,-1.499,1.436,3.738,24.99,25.253,36.1244,-17.5185,0.2,0.0,0.0,0.0,1.4584,-1.7133,1.572,2.7448,-0.074,0,0,0,0.744,0.354,0.646,0,0,0.0,4,SEARCH_PHASE,1.5905,-1.499,-21.7499,12.3062
1432,39.492,14.4058,-5.2428,3.8673,1.5676,-1.5231,1.4831,3.767,24.948,25.216,36.1244,-17.5185,0.2,0.0,0.0,0.0,1.4941,-1.6812,1.62,2.7719,-0.0988,0,0,0,0.743,0.351,0.649,0,0,0.0,4,SEARCH_PHASE,1.5676,-1.5231,-21.7186,12.2757
1433,39.533,14.4367,-5.2737,3.8979,1.5463,-1.5455,1.5296,3.798,24.906,25.179,36.1244,-17.5185,0.2,0.0,0.0,0.0,1.5291,-1.6484,1.668,2.7996,-0.0729,0,0,0,0.743,0.353,0.647,0,0,0.0,4,SEARCH_PHASE,1.5463,-1.5455,-21.6877,12.2448
1434,39.565,14.4672,-5.3051,3.9294,1.5223,-1.5689,1.5746,3.829,24.864,25.142,36.1244,-17.5185,0.2,0.0,0.0,0.0,1.5644,-1.6172,1.7,2.82,-0.0496,0,0,0,0.743,0.349,0.651,0,0,0.0,4,SEARCH_PHASE,1.5223,-1.5689,-21.6572,12.2134
1435,39.599,14.4972,-5.3369,3.9617,1.5,-1.5902,1.6142,3.862,24.822,25.105,36.1244,-17.5185,0.2,0.0,0.0,0.0,1.5333,-1.6467,1.7,2.82,-0.0791,0,0,0,0.743,0.354,0.646,0,0,0.0,4,SEARCH_PHASE,1.5,-1.5902,-21.6272,12.1816
1436,39.633,14.5268,-5.369,3.9945,1.4824,-1.6066,1.64,3.894,24.78,25.069,36.1244,-17.5185,0.2,0.0,0.0,0.0,1.4979,-1.6789,1.7,2.82,-0.0595,0,0,0,0.744,0.349,0.651,0,0,0.0,4,SEARCH_PHASE,1.4824,-1.6066,-21.5976,12.1495
1437,39.666,14.5562,-5.4014,4.0276,1.4657,-1.6214,1.6566,3.928,24.739,25.033,36.1244,-17.5185,0.2,0.0,0.0,0.0,1.5021,-1.6752,1.7,2.82,-0.0863,0,0,0,0.743,0.361,0.639,0,0,0.0,4,SEARCH_PHASE,1.4657,-1.6214,-21.5683,12.1171
1438,39.716,14.5852,-5.4341,4.0609,1.4528,-1.6327,1.6676,3.961,24.698,24.998,36.1244,-17.5185,0.2,0.0,0.0,0.0,1.4899,-1.686,1.7,2.82,-0.0642,0,0,0,0.743,0.345,0.655,0,0,0.0,4,SEARCH_PHASE,1.4528,-1.6327,-21.5392,12.0844
1439,39.749,14.614,-5.467,4.0944,1.44,-1.6431,1.6746,3.994,24.656,24.962,36.1244,-17.5185,0.2,0.0,0.0,0.0,1.5252,-1.6534,1.7,2.8196,-0.0907,0,0,0,0.741,0.359,0.641,0,0,0.0,4,SEARCH_PHASE,1.44,-1.6431,-21.5104,12.0515
1440,39.783,14.6426,-5.5,4.128,1.4304,-1.6506,1.6789,4.028,24.615,24.927,36.1244,-17.5185,0.2,0.0,0.0,0.0,1.4889,-1.6848,1.7,2.8188,-0.0678,0,0,0,0.742,0.349,0.651,0,0,0.0,4,SEARCH_PHASE,1.4304,-1.6506,-21.4818,12.0185
1441,39.817,14.671,-5.5331,4.1617,1.4204,-1.6575,1.6816,4.062,24.574,24.892,36.1244,-17.5185,0.2,0.0,0.0,0.0,1.452,-1.7155,1.7,2.818,-0.0935,0,0,0,0.745,0.344,0.656,0,0,0.0,4,SEARCH_PHASE,1.4204,-1.6575,-21.4534,11.9854
1442,39.858,14.6993,-5.5664,4.1953,1.413,-1.662,1.684,4.095,24.533,24.857,36.1244,-17.5185,0.2,0.0,0.0,0.0,1.4509,-1.7197,1.7,2.82,-0.0922,0,0,0,0.745,0.337,0.663,0,0,0.0,4,SEARCH_PHASE,1.413,-1.662,-21.4251,11.9521
1443,39.891,14.7274,-5.5997,4.229,1.4054,-1.6662,1.6851,4.129,24.493,24.822,36.1244,-17.5185,0.2,0.0,0.0,0.0,1.4865,-1.6876,1.7,2.8192,-0.0936,0,0,0,0.744,0.341,0.659,0,0,0.0,4,SEARCH_PHASE,1.4054,-1.6662,-21.397,11.9188
1444,39.928,14.7554,-5.6331,4.2627,1.4003,-1.6702,1.6858,4.163,24.452,24.787,36.1244,-17.5185,0.2,0.0,0.0,0.0,1.5217,-1.6549,1.652,2.7899,-0.068,0,0,0,0.745,0.331,0.669,0,0,0.0,4,SEARCH_PHASE,1.4003,-1.6702,-21.369,11.8854
1445,39.97,14.7833,-5.6666,4.2961,1.395,-1.6739,1.6687,4.196,24.411,24.753,36.1244,-17.5185,0.2,0.0,0.0,0.0,1.557,-1.6223,1.604,2.762,-0.0723,0,0,0,0.745,0.332,0.668,0,0,0.0,4,SEARCH_PHASE,1.395,-1.6739,-21.3411,11.8519
1446,40.005,14.8111,-5.7001,4.3289,1.3922,-1.6758,1.6406,4.229,24.371,24.718,36.1244,-17.5185,0.2,0.0,0.0,0.0,1.5219,-1.6551,1.652,2.7901,-0.0507,0,0,0,0.746,0.33,0.67,0,0,0.0,4,SEARCH_PHASE,1.3922,-1.6758,-21.3133,11.8184
1447,40.045,14.839,-5.7336,4.3618,1.391,-1.6775,1.6413,4.262,24.33,24.683,36.1244,-17.5185,0.2,0.0,0.0,0.0,1.4869,-1.6879,1.7,2.8196,-0.0775,0,0,0,0.745,0.327,0.673,0,0,0.0,4,SEARCH_PHASE,1.391,-1.6775,-21.2854,11.7849
1448,40.081,14.8669,-5.7672,4.3949,1.3943,-1.6766,1.6593,4.295,24.289,24.649,36.1244,-17.5185,0.2,0.0,0.0,0.0,1.4502,-1.7189,1.7,2.8191,-0.1102,0,0,0,0.745,0.333,0.667,0,0,0.0,4,SEARCH_PHASE,1.3943,-1.6766,-21.2576,11.7513
1449,40.114,14.8948,-5.8007,4.4284,1.3981,-1.6744,1.6705,4.328,24.249,24.615,36.1244,-17.5185,0.2,0.0,0.0,0.0,1.4857,-1.6866,1.652,2.7895,-0.0624,0,0,0,0.744,0.329,0.671,0,0,0.0,4,SEARCH_PHASE,1.3981,-1.6744,-21.2296,11.7178
1450,40.158,14.9229,-5.8341,4.4616,1.4025,-1.6739,1.6598,4.362,24.208,24.58,36.1244,-17.5185,0.2,0.0,0.0,0.0,1.5204,-1.6534,1.604,2.7601,-0.0952,0,0,0,0.744,0.33,0.67,0,0,0.0,4,SEARCH_PHASE,1.4025,-1.6739,-21.2015,11.6844
1451,40.19,14.951,-5.8676,4.4942,1.4058,-1.6719,1.6348,4.394,24.167,24.546,36.1244,-17.5185,0.2,0.0,0.0,0.0,1.5542,-1.6194,1.556,2.7312,-0.0581,0,0,0,0.742,0.321,0.679,0,0,0.0,4,SEARCH_PHASE,1.4058,-1.6719,-21.1734,11.6509
1452,40.224,14.9792,-5.901,4.5263,1.4098,-1.6711,1.6022,4.426,24.126,24.511,36.1244,-17.5185,0.2,0.0,0.0,0.0,1.5893,-1.5866,1.508,2.705,-0.0399,0,0,0,0.742,0.322,0.678,0,0,0.0,4,SEARCH_PHASE,1.4098,-1.6711,-21.1452,11.6175
1453,40.257,15.0074,-5.9344,4.5576,1.4135,-1.6693,1.5645,4.458,24.086,24.477,36.1244,-17.5185,0.2,0.0,0.0,0.0,1.6243,-1.5537,1.46,2.6803,-0.0715,0,0,0,0.742,0.329,0.671,0,0,0.0,4,SEARCH_PHASE,1.4135,-1.6693,-21.117,11.5841
1454,40.29,15.0358,-5.9677,4.5881,1.4196,-1.665,1.5238,4.488,24.045,24.442,36.1244,-17.5185,0.2,0.0,0.0,0.0,1.5909,-1.5882,1.412,2.6546,-0.0521,0,0,0,0.743,0.335,0.665,0,0,0.0,4,SEARCH_PHASE,1.4196,-1.665,-21.0886,11.5508
1455,40.324,15.0644,-6.0009,4.6177,1.4271,-1.6602,1.4804,4.518,24.004,24.407,36.1244,-17.5185,0.2,0.0,0.0,0.0,1.5576,-1.6228,1.364,2.6306,-0.0795,0,0,0,0.743,0.33,0.67,0,0,0.0,4,SEARCH_PHASE,1.4271,-1.6602,-21.06,11.5176
1456,40.379,15.0931,-6.034,4.6464,1.4381,-1.6535,1.4343,4.546,23.963,24.372,36.1244,-17.5185,0.2,0.0,0.0,0.0,1.592,-1.5893,1.316,2.6061,-0.0769,0,0,0,0.742,0.328,0.672,0,0,0.0,4,SEARCH_PHASE,1.4381,-1.6535,-21.0313,11.4846
1457,40.413,15.1222,-6.0669,4.6741,1.4504,-1.6462,1.3882,4.574,23.921,24.336,36.1244,-17.5185,0.2,0.0,0.0,0.0,1.6065,-1.5754,1.268,2.5827,-0.0519,0,0,0,0.742,0.326,0.674,0,0,0.0,4,SEARCH_PHASE,1.4504,-1.6462,-21.0023,11.4516
1458,40.453,15.1514,-6.0996,4.701,1.4622,-1.6384,1.3417,4.601,23.88,24.301,36.1244,-17.5185,0.2,0.0,0.0,0.0,1.6359,-1.5447,1.22,2.5595,-0.0782,0,0,0,0.741,0.327,0.673,0,0,0.0,4,SEARCH_PHASE,1.4622,-1.6384,-20.973,11.4189
1459,40.49,15.1809,-6.1322,4.7269,1.4755,-1.6288,1.2951,4.627,23.839,24.265,36.1244,-17.5185,0.2,0.0,0.0,0.0,1.6676,-1.5087,1.172,2.5358,-0.0533,0,0,0,0.74,0.321,0.679,0,0,0.0,4,SEARCH_PHASE,1.4755,-1.6288,-20.9435,11.3863
1460,40.523,15.2107,-6.1646,4.7518,1.4885,-1.6189,1.2485,4.652,23.797,24.228,36.1244,-17.5185,0.2,0.0,0.0,0.0,1.6999,-1.4732,1.124,2.5147,-0.0721,0,0,0,0.74,0.322,0.678,0,0,0.0,4,SEARCH_PHASE,1.4885,-1.6189,-20.9137,11.3539
1461,40.556,15.2407,-6.1967,4.7759,1.5033,-1.6074,1.2022,4.676,23.755,24.192,36.1244,-17.5185,0.2,0.0,0.0,0.0,1.6684,-1.5094,1.076,2.4939,-0.047,0,0,0,0.741,0.329,0.671,0,0,0.0,4,SEARCH_PHASE,1.5033,-1.6074,-20.8837,11.3218
1462,40.589,15.2711,-6.2287,4.799,1.5185,-1.5953,1.1543,4.699,23.713,24.155,36.1244,-17.5185,0.2,0.0,0.0,0.0,1.6746,-1.5028,1.028,2.4737,-0.0726,0,0,0,0.74,0.33,0.67,0,0,0.0,4,SEARCH_PHASE,1.5185,-1.5953,-20.8533,11.2899
1463,40.622,15.3018,-6.2603,4.8211,1.5363,-1.5815,1.1053,4.721,23.671,24.118,36.1244,-17.5185,0.2,0.0,0.0,0.0,1.7011,-1.4727,0.98,2.4542,-0.0616,0,0,0,0.74,0.325,0.675,0,0,0.0,4,SEARCH_PHASE,1.5363,-1.5815,-20.8226,11.2582
1464,40.655,15.3329,-6.2916,4.8422,1.5546,-1.5672,1.0574,4.742,23.629,24.081,36.1244,-17.5185,0.2,0.0,0.0,0.0,1.7077,-1.465,0.932,2.4354,-0.0715,0,0,0,0.74,0.324,0.676,0,0,0.0,4,SEARCH_PHASE,1.5546,-1.5672,-20.7915,11.2269
1465,40.704,15.3644,-6.3227,4.8624,1.5721,-1.552,1.0094,4.762,23.587,24.043,36.1244,-17.5185,0.2,0.0,0.0,0.0,1.7384,-1.428,0.884,2.4172,-0.0713,0,0,0,0.739,0.318,0.682,0,0,0.0,4,SEARCH_PHASE,1.5721,-1.552,-20.76,11.1958
1466,40.737,15.3962,-6.3534,4.8816,1.5903,-1.5361,0.962,4.782,23.544,24.005,36.1244,-17.5185,0.2,0.0,0.0,0.0,1.7518,-1.412,0.836,2.4003,-0.0571,0,0,0,0.74,0.321,0.679,0,0,0.0,4,SEARCH_PHASE,1.5903,-1.5361,-20.7282,11.1651
1467,40.771,15.4283,-6.3838,4.8999,1.6075,-1.52,0.914,4.8,23.501,23.967,36.1244,-17.5185,0.2,0.0,0.0,0.0,1.7814,-1.3743,0.788,2.3839,-0.082,0,0,0,0.739,0.313,0.687,0,0,0.0,4,SEARCH_PHASE,1.6075,-1.52,-20.6961,11.1347
1468,40.806,15.4608,-6.4138,4.9173,1.626,-1.5021,0.8671,4.817,23.458,23.928,36.1244,-17.5185,0.2,0.0,0.0,0.0,1.7965,-1.3547,0.74,2.3686,-0.0581,0,0,0,0.737,0.316,0.684,0,0,0.0,4,SEARCH_PHASE,1.626,-1.5021,-20.6636,11.1047
1469,40.849,15.4937,-6.4435,4.9337,1.6435,-1.484,0.82,4.834,23.415,23.889,36.1244,-17.5185,0.2,0.0,0.0,0.0,1.8035,-1.3453,0.692,2.354,-0.0881,0,0,0,0.736,0.309,0.691,0,0,0.0,4,SEARCH_PHASE,1.6435,-1.484,-20.6307,11.075
1470,40.884,15.527,-6.4728,4.9491,1.662,-1.4644,0.7721,4.849,23.372,23.85,36.1244,-17.5185,0.2,0.0,0.0,0.0,1.8257,-1.3151,0.644,2.3403,-0.0641,0,0,0,0.737,0.314,0.686,0,0,0.0,4,SEARCH_PHASE,1.662,-1.4644,-20.5974,11.0457
1471,40.919,15.5605,-6.5017,4.9636,1.6793,-1.4446,0.724,4.864,23.329,23.81,36.1244,-17.5185,0.2,0.0,0.0,0.0,1.8485,-1.2829,0.596,2.3276,-0.0859,0,0,0,0.737,0.311,0.689,0,0,0.0,4,SEARCH_PHASE,1.6793,-1.4446,-20.5639,11.0168
1472,40.954,15.5945,-6.5302,4.9771,1.6976,-1.4234,0.6768,4.877,23.286,23.771,36.1244,-17.5185,0.2,0.0,0.0,0.0,1.8256,-1.3152,0.548,2.3158,-0.0582,0,0,0,0.738,0.308,0.692,0,0,0.0,4,SEARCH_PHASE,1.6976,-1.4234,-20.5299,10.9883
1473,40.987,15.6288,-6.5582,4.9897,1.7146,-1.4024,0.6278,4.89,23.242,23.731,36.1244,-17.5185,0.2,0.0,0.0,0.0,1.843,-1.2907,0.5,2.3049,-0.0845,0,0,0,0.737,0.303,0.697,0,0,0.0,4,SEARCH_PHASE,1.7146,-1.4024,-20.4956,10.9603
1474,41.036,15.6634,-6.5858,5.0013,1.7324,-1.3801,0.579,4.901,23.199,23.69,36.1244,-17.5185,0.2,0.0,0.0,0.0,1.857,-1.2705,0.452,2.295,-0.083,0,0,0,0.738,0.309,0.691,0,0,0.0,4,SEARCH_PHASE,1.7324,-1.3801,-20.461,10.9327
1475,41.07,15.6984,-6.613,5.0119,1.7489,-1.3579,0.5305,4.912,23.155,23.65,36.1244,-17.5185,0.2,0.0,0.0,0.0,1.8836,-1.2305,0.404,2.2859,-0.0923,0,0,0,0.737,0.294,0.706,0,0,0.0,4,SEARCH_PHASE,1.7489,-1.3579,-20.426,10.9055
1476,41.104,15.7337,-6.6397,5.0215,1.7658,-1.336,0.4832,4.922,23.111,23.609,36.1244,-17.5185,0.2,0.0,0.0,0.0,1.9034,-1.1998,0.356,2.278,-0.0653,0,0,0,0.734,0.294,0.706,0,0,0.0,4,SEARCH_PHASE,1.7658,-1.336,-20.3907,10.8788
1477,41.136,15.7694,-6.666,5.0302,1.7813,-1.3151,0.436,4.93,23.067,23.568,36.1244,-17.5185,0.2,0.0,0.0,0.0,1.9192,-1.1743,0.308,2.271,-0.0882,0,0,0,0.734,0.292,0.708,0,0,0.0,4,SEARCH_PHASE,1.7813,-1.3151,-20.355,10.8525
1478,41.178,15.8053,-6.6919,5.038,1.7972,-1.2938,0.3887,4.938,23.024,23.526,36.1244,-17.5185,0.2,0.0,0.0,0.0,1.9258,-1.1635,0.26,2.265,-0.058,0,0,0,0.735,0.292,0.708,0,0,0.0,4,SEARCH_PHASE,1.7972,-1.2938,-20.3191,10.8266
1479,41.22,15.8416,-6.7173,5.0448,1.8125,-1.2734,0.3411,4.945,22.98,23.485,36.1244,-17.5185,0.2,0.0,0.0,0.0,1.9411,-1.1379,0.212,2.26,-0.0838,0,0,0,0.735,0.284,0.716,0,0,0.0,4,SEARCH_PHASE,1.8125,-1.2734,-20.2829,10.8012
1480,41.253,15.8781,-6.7424,5.0507,1.8283,-1.2524,0.2934,4.951,22.935,23.443,36.1244,-17.5185,0.2,0.0,0.0,0.0,1.9448,-1.1315,0.164,2.256,-0.0588,0,0,0,0.736,0.286,0.714,0,0,0.0,4,SEARCH_PHASE,1.8283,-1.2524,-20.2463,10.7761
1481,41.285,15.915,-6.767,5.0556,1.8428,-1.2323,0.2456,4.956,22.891,23.401,36.1244,-17.5185,0.2,0.0,0.0,0.0,1.9642,-1.0974,0.116,2.253,-0.0836,0,0,0,0.724,0.276,0.724,0,0,0.0,4,SEARCH_PHASE,1.8428,-1.2323,-20.2094,10.7515
1482,41.326,15.9521,-6.7913,5.0596,1.858,-1.2118,0.198,4.96,22.847,23.358,36.1244,-17.5185,0.2,0.0,0.0,0.0,1.9688,-1.0891,0.068,2.251,-0.059,0,0,0,0.721,0.279,0.721,0,0,0.0,4,SEARCH_PHASE,1.858,-1.2118,-20.1723,10.7272
1483,41.359,15.9896,-6.8151,5.0626,1.8717,-1.1923,0.1503,4.963,22.803,23.316,36.1244,-17.5185,0.2,0.0,0.0,0.0,1.9803,-1.0682,0.02,2.2501,-0.0788,0,0,0,0.708,0.274,0.726,0,0,0.0,4,SEARCH_PHASE,1.8717,-1.1923,-20.1348,10.7034
1484,41.392,16.0273,-6.8386,5.0646,1.8856,-1.1726,0.1019,4.965,22.759,23.273,36.1244,-17.5185,0.2,0.0,0.0,0.0,1.9815,-1.0659,-0.028,2.2502,-0.0597,0,0,0,0.707,0.278,0.722,0,0,0.0,4,SEARCH_PHASE,1.8856,-1.1726,-20.0971,10.6799
1485,41.424,16.0652,-6.8616,5.0657,1.8979,-1.1535,0.0542,4.966,22.714,23.23,36.1244,-17.5185,0.2,0.0,0.0,0.0,1.9862,-1.0571,-0.076,2.2513,-0.0873,0,0,0,0.693,0.266,0.734,0,0,0.0,4,SEARCH_PHASE,1.8979,-1.1535,-20.0592,10.6569
1486,41.465,16.1034,-6.8843,5.0658,1.9105,-1.134,0.0062,4.966,22.67,23.186,36.1244,-17.5185,0.2,0.0,0.0,0.0,1.9871,-1.0554,-0.124,2.2534,-0.0665,0,0,0,0.69,0.266,0.734,0,0,0.0,4,SEARCH_PHASE,1.9105,-1.134,-20.021,10.6342
1487,41.498,16.1419,-6.9066,5.065,1.9211,-1.1154,-0.042,4.965,22.626,23.143,36.1244,-17.5185,0.2,0.0,0.0,0.0,1.9872,-1.0553,-0.172,2.2566,-0.0952,0,0,0,0.636,0.258,0.742,0,0,0.0,4,SEARCH_PHASE,1.9211,-1.1154,-19.9825,10.6119
1488,41.539,16.1805,-6.9285,5.0632,1.9318,-1.0964,-0.0903,4.963,22.581,23.099,36.1244,-17.5185,0.2,0.0,0.0,0.0,1.9872,-1.0552,-0.22,2.2607,-0.0744,0,0,0,0.626,0.256,0.744,0,0,0.0,4,SEARCH_PHASE,1.9318,-1.0964,-19.9439,10.59
1489,41.572,16.2193,-6.9501,5.0604,1.9405,-1.0785,-0.1392,4.96,22.537,23.055,36.1244,-17.5185,0.2,0.0,0.0,0.0,1.9873,-1.0551,-0.268,2.2659,-0.0953,0,0,0,0.624,0.252,0.748,0,0,0.0,4,SEARCH_PHASE,1.9405,-1.0785,-19.9051,10.5684
1490,41.611,16.2583,-6.9713,5.0567,1.9494,-1.0604,-0.1874,4.957,22.492,23.011,36.1244,-17.5185,0.2,0.0,0.0,0.0,1.9873,-1.0551,-0.316,2.2721,-0.106,0,0,0,0.639,0.255,0.745,0,0,0.0,4,SEARCH_PHASE,1.9494,-1.0604,-19.8661,10.5472
1491,41.644,16.2974,-6.9922,5.0519,1.9562,-1.0434,-0.2359,4.952,22.448,22.966,36.1244,-17.5185,0.2,0.0,0.0,0.0,1.9873,-1.0551,-0.364,2.2793,-0.0829,0,0,0,0.629,0.256,0.744,0,0,0.0,4,SEARCH_PHASE,1.9562,-1.0434,-19.827,10.5263
1492,41.685,16.3367,-7.0128,5.0463,1.9627,-1.0284,-0.2832,4.946,22.404,22.922,36.1244,-17.5185,0.2,0.0,0.0,0.0,1.9873,-1.0551,-0.412,2.2874,-0.1134,0,0,0,0.645,0.259,0.741,0,0,0.0,4,SEARCH_PHASE,1.9627,-1.0284,-19.7877,10.5057
1493,41.717,16.376,-7.033,5.0397,1.9681,-1.0145,-0.3305,4.94,22.359,22.877,36.1244,-17.5185,0.2,0.0,0.0,0.0,1.9873,-1.0551,-0.46,2.2965,-0.0718,0,0,0,0.636,0.256,0.744,0,0,0.0,4,SEARCH_PHASE,1.9681,-1.0145,-19.7484,10.4855
1494,41.749,16.4155,-7.0531,5.0321,1.9735,-1.0034,-0.3778,4.932,22.315,22.832,36.1244,-17.5185,0.2,0.0,0.0,0.0,1.9872,-1.0552,-0.508,2.3066,-0.1024,0,0,0,0.649,0.26,0.74,0,0,0.0,4,SEARCH_PHASE,1.9735,-1.0034,-19.7089,10.4654
1495,41.78,16.4551,-7.073,5.0236,1.9777,-0.9932,-0.4257,4.924,22.271,22.787,36.1244,-17.5185,0.2,0.0,0.0,0.0,1.9872,-1.0553,-0.556,2.3177,-0.0679,0,0,0,0.652,0.252,0.748,0,0,0.0,4,SEARCH_PHASE,1.9777,-0.9932,-19.6693,10.4455
1496,41.812,16.4947,-7.0927,5.0141,1.9817,-0.9854,-0.4727,4.914,22.227,22.742,36.1244,-17.5185,0.2,0.0,0.0,0.0,1.9871,-1.0554,-0.604,2.3297,-0.1021,0,0,0,0.642,0.26,0.74,0,0,0.0,4,SEARCH_PHASE,1.9817,-0.9854,-19.6297,10.4258
1497,41.849,16.5344,-7.1123,5.0037,1.9844,-0.9783,-0.5196,4.904,22.182,22.697,36.1244,-17.5185,0.2,0.0,0.0,0.0,1.9871,-1.0555,-0.652,2.3426,-0.0639,0,0,0,0.65,0.255,0.745,0,0,0.0,4,SEARCH_PHASE,1.9844,-0.9783,-19.59,10.4062
1498,41.894,16.5741,-7.1317,4.9924,1.9867,-0.9736,-0.5667,4.892,22.138,22.651,36.1244,-17.5185,0.2,0.0,0.0,0.0,1.987,-1.0557,-0.7,2.3564,-0.0975,0,0,0,0.64,0.256,0.744,0,0,0.0,4,SEARCH_PHASE,1.9867,-0.9736,-19.5503,10.3868
1499,41.925,16.6139,-7.1511,4.9801,1.9876,-0.9691,-0.6138,4.88,22.094,22.605,36.1244,-17.5185,0.2,0.0,0.0,0.0,1.9869,-1.0558,-0.748,2.3711,-0.0626,0,0,0,0.636,0.25,0.75,0,0,0.0,4,SEARCH_PHASE,1.9876,-0.9691,-19.5105,10.3674
1500,41.956,16.6536,-7.1704,4.9669,1.988,-0.9669,-0.661,4.867,22.05,22.559,36.1244,-17.5185,0.2,0.0,0.0,0.0,1.9868,-1.0559,-0.796,2.3867,-0.0957,0,0,0,0.642,0.248,0.752,0,0,0.0,4,SEARCH_PHASE,1.988,-0.9669,-19.4708,10.3481
1501,41.995,16.6934,-7.1897,4.9528,1.9867,-0.9648,-0.7083,4.853,22.006,22.513,36.1244,-17.5185,0.2,0.0,0.0,0.0,1.9868,-1.0561,-0.844,2.4031,-0.0667,0,0,0,0.644,0.246,0.754,0,0,0.0,4,SEARCH_PHASE,1.9867,-0.9648,-19.431,10.3288
1502,42.027,16.7331,-7.209,4.9376,1.9847,-0.9649,-0.7556,4.838,21.962,22.467,36.1244,-17.5185,0.2,0.0,0.0,0.0,1.9867,-1.0562,-0.892,2.4204,-0.0963,0,0,0,0.65,0.252,0.748,0,0,0.0,4,SEARCH_PHASE,1.9847,-0.9649,-19.3913,10.3095
1503,42.058,16.7727,-7.2283,4.9216,1.9824,-0.9654,-0.8028,4.822,21.917,22.42,36.1244,-17.5185,0.2,0.0,0.0,0.0,1.9866,-1.0564,-0.94,2.4385,-0.0598,0,0,0,0.65,0.251,0.749,0,0,0.0,4,SEARCH_PHASE,1.9824,-0.9654,-19.3517,10.2902
1504,42.099,16.8123,-7.2477,4.9046,1.9798,-0.968,-0.8501,4.805,21.873,22.374,36.1244,-17.5185,0.2,0.0,0.0,0.0,1.9865,-1.0565,-0.988,2.4574,-0.0922,0,0,0,0.656,0.251,0.749,0,0,0.0,4,SEARCH_PHASE,1.9798,-0.968,-19.3121,10.2708
1505,42.13,16.8518,-7.2671,4.8866,1.976,-0.9706,-0.8982,4.787,21.829,22.327,36.1244,-17.5185,0.2,0.0,0.0,0.0,1.9865,-1.0566,-1.036,2.4771,-0.0636,0,0,0,0.658,0.251,0.749,0,0,0.0,4,SEARCH_PHASE,1.976,-0.9706,-19.2726,10.2514
1506,42.16,16.8913,-7.2866,4.8677,1.972,-0.9752,-0.9455,4.768,21.785,22.28,36.1244,-17.5185,0.2,0.0,0.0,0.0,1.9864,-1.0567,-1.084,2.4975,-0.0939,0,0,0,0.669,0.258,0.742,0,0,0.0,4,SEARCH_PHASE,1.972,-0.9752,-19.2331,10.2319
1507,42.197,16.9306,-7.3062,4.8478,1.9677,-0.98,-0.9929,4.748,21.741,22.233,36.1244,-17.5185,0.2,0.0,0.0,0.0,1.9863,-1.0569,-1.132,2.5187,-0.0585,0,0,0,0.672,0.258,0.742,0,0,0.0,4,SEARCH_PHASE,1.9677,-0.98,-19.1938,10.2123
1508,42.232,16.9699,-7.326,4.827,1.9641,-0.9866,-1.0406,4.727,21.698,22.185,36.1244,-17.5185,0.2,0.0,0.0,0.0,1.9863,-1.057,-1.18,2.5406,-0.0898,0,0,0,0.661,0.261,0.739,0,0,0.0,4,SEARCH_PHASE,1.9641,-0.9866,-19.1545,10.1925
1509,42.264,17.0091,-7.3458,4.8053,1.9602,-0.9929,-1.0882,4.705,21.654,22.138,36.1244,-17.5185,0.2,0.0,0.0,0.0,1.9862,-1.057,-1.228,2.5633,-0.0545,0,0,0,0.66,0.261,0.739,0,0,0.0,4,SEARCH_PHASE,1.9602,-0.9929,-19.1153,10.1727
1510,42.303,17.0482,-7.3658,4.7826,1.9568,-1.0006,-1.136,4.683,21.61,22.09,36.1244,-17.5185,0.2,0.0,0.0,0.0,1.9862,-1.0571,-1.276,2.5866,-0.0838,0,0,0,0.666,0.262,0.738,0,0,0.0,4,SEARCH_PHASE,1.9568,-1.0006,-19.0762,10.1527
1511,42.334,17.0873,-7.386,4.7589,1.953,-1.0076,-1.1837,4.659,21.566,22.042,36.1244,-17.5185,0.2,0.0,0.0,0.0,1.9862,-1.0571,-1.324,2.6106,-0.0485,0,0,0,0.665,0.265,0.735,0,0,0.0,4,SEARCH_PHASE,1.953,-1.0076,-19.0371,10.1325
1512,42.366,17.1263,-7.4063,4.7342,1.9497,-1.0155,-1.2315,4.634,21.522,21.994,36.1244,-17.5185,0.2,0.0,0.0,0.0,1.9862,-1.0572,-1.372,2.6353,-0.0817,0,0,0,0.671,0.265,0.735,0,0,0.0,4,SEARCH_PHASE,1.9497,-1.0155,-18.9981,10.1122
1513,42.406,17.1652,-7.4267,4.7087,1.9458,-1.0222,-1.2794,4.609,21.478,21.946,36.1244,-17.5185,0.2,0.0,0.0,0.0,1.9862,-1.0572,-1.42,2.6606,-0.052,0,0,0,0.674,0.268,0.732,0,0,0.0,4,SEARCH_PHASE,1.9458,-1.0222,-18.9592,10.0918
1514,42.438,17.2041,-7.4473,4.6821,1.9423,-1.0295,-1.3271,4.582,21.434,21.897,36.1244,-17.5185,0.2,0.0,0.0,0.0,1.9862,-1.0572,-1.468,2.6865,-0.0827,0,0,0,0.681,0.267,0.733,0,0,0.0,4,SEARCH_PHASE,1.9423,-1.0295,-18.9203,10.0712
1515,42.471,17.2428,-7.468,4.6546,1.9389,-1.0357,-1.3747,4.555,21.39,21.849,36.1244,-17.5185,0.2,0.0,0.0,0.0,1.9862,-1.0572,-1.5,2.7042,-0.0473,0,0,0,0.684,0.272,0.728,0,0,0.0,4,SEARCH_PHASE,1.9389,-1.0357,-18.8816,10.0505
1516,42.503,17.2816,-7.4889,4.6263,1.9369,-1.0428,-1.4164,4.526,21.346,21.8,36.1244,-17.5185,0.2,0.0,0.0,0.0,1.9862,-1.0572,-1.5,2.7042,-0.081,0,0,0,0.691,0.273,0.727,0,0,0.0,4,SEARCH_PHASE,1.9369,-1.0428,-18.8428,10.0296
1517,42.534,17.3203,-7.5099,4.5974,1.9353,-1.0492,-1.4426,4.497,21.302,21.751,36.1244,-17.5185,0.2,0.0,0.0,0.0,1.9862,-1.0572,-1.5,2.7042,-0.0429,0,0,0,0.69,0.273,0.727,0,0,0.0,4,SEARCH_PHASE,1.9353,-1.0492,-18.8041,10.0086
1518,42.574,17.359,-7.531,4.5683,1.9351,-1.0567,-1.459,4.468,21.258,21.702,36.1244,-17.5185,0.2,0.0,0.0,0.0,1.9862,-1.0571,-1.5,2.7042,-0.0794,0,0,0,0.605,0.267,0.733,0,0,0.0,4,SEARCH_PHASE,1.9351,-1.0567,-18.7654,9.9875
1519,42.614,17.3977,-7.5523,4.5389,1.9349,-1.0622,-1.4692,4.439,21.214,21.653,36.1244,-17.5185,0.2,0.0,0.0,0.0,1.9862,-1.0571,-1.5,2.7042,-0.0394,0,0,0,0.605,0.274,0.726,0,0,0.0,4,SEARCH_PHASE,1.9349,-1.0622,-18.7267,9.9662
1520,42.645,17.4364,-7.5736,4.5094,1.9359,-1.0682,-1.4756,4.409,21.169,21.604,36.1244,-17.5185,0.2,0.0,0.0,0.0,1.9863,-1.057,-1.5,2.7042,-0.0768,0,0,0,0.609,0.272,0.728,0,0,0.0,4,SEARCH_PHASE,1.9359,-1.0682,-18.688,9.9449
1521,42.676,17.4751,-7.5951,4.4798,1.9364,-1.0715,-1.4795,4.38,21.125,21.554,36.1244,-17.5185,0.2,0.0,0.0,0.0,1.9863,-1.0569,-1.5,2.7042,-0.036,0,0,0,0.609,0.277,0.723,0,0,0.0,4,SEARCH_PHASE,1.9364,-1.0715,-18.6493,9.9235
1522,42.716,17.5139,-7.6165,4.4501,1.9379,-1.0749,-1.4819,4.35,21.081,21.505,36.1244,-17.5185,0.2,0.0,0.0,0.0,1.9863,-1.0569,-1.5,2.7042,-0.0737,0,0,0,0.612,0.275,0.725,0,0,0.0,4,SEARCH_PHASE,1.9379,-1.0749,-18.6105,9.902
1523,42.749,17.5527,-7.6381,4.4205,1.9386,-1.0752,-1.4834,4.32,21.036,21.456,36.1244,-17.5185,0.2,0.0,0.0,0.0,1.9864,-1.0568,-1.5,2.7042,-0.0447,0,0,0,0.611,0.277,0.723,0,0,0.0,4,SEARCH_PHASE,1.9386,-1.0752,-18.5717,9.8805
1524,42.79,17.5915,-7.6596,4.3908,1.9401,-1.0752,-1.4842,4.291,20.992,21.406,36.1244,-17.5185,0.2,0.0,0.0,0.0,1.9864,-1.0567,-1.5,2.7042,-0.0824,0,0,0,0.615,0.281,0.719,0,0,0.0,4,SEARCH_PHASE,1.9401,-1.0752,-18.5329,9.8589
1525,42.821,17.6303,-7.681,4.3611,1.9402,-1.0727,-1.4848,4.261,20.948,21.357,36.1244,-17.5185,0.2,0.0,0.0,0.0,1.9865,-1.0566,-1.5,2.7042,-0.0447,0,0,0,0.614,0.28,0.72,0,0,0.0,4,SEARCH_PHASE,1.9402,-1.0727,-18.4941,9.8375
1526,42.854,17.6691,-7.7024,4.3314,1.9406,-1.0707,-1.485,4.231,20.903,21.308,36.1244,-17.5185,0.2,0.0,0.0,0.0,1.9865,-1.0566,-1.5,2.7042,-0.0821,0,0,0,0.619,0.286,0.714,0,0,0.0,4,SEARCH_PHASE,1.9406,-1.0707,-18.4553,9.8161
1527,42.892,17.7079,-7.7237,4.3017,1.9403,-1.0662,-1.4852,4.202,20.859,21.259,36.1244,-17.5185,0.2,0.0,0.0,0.0,1.9865,-1.0565,-1.5,2.7042,-0.058,0,0,0,0.619,0.284,0.716,0,0,0.0,4,SEARCH_PHASE,1.9403,-1.0662,-18.4165,9.7948
1528,42.928,17.7467,-7.745,4.272,1.941,-1.062,-1.4853,4.172,20.815,21.209,36.1244,-17.5185,0.2,0.0,0.0,0.0,1.9865,-1.0565,-1.5,2.7042,-0.0953,0,0,0,0.623,0.289,0.711,0,0,0.0,4,SEARCH_PHASE,1.941,-1.062,-18.3777,9.7735
1529,42.959,17.7855,-7.7661,4.2423,1.9405,-1.0564,-1.4853,4.142,20.771,21.16,36.1244,-17.5185,0.2,0.0,0.0,0.0,1.9866,-1.0564,-1.5,2.7042,-0.0544,0,0,0,0.622,0.287,0.713,0,0,0.0,4,SEARCH_PHASE,1.9405,-1.0564,-18.3389,9.7524
1530,43.001,17.8243,-7.7872,4.2126,1.9404,-1.0522,-1.4854,3.413,20.727,21.111,36.1244,-17.5185,0.2,0.0,0.0,0.0,1.9866,-1.0564,-1.5,2.7042,-0.0915,0,0,0,0.626,0.291,0.709,0,0,0.0,4,SEARCH_PHASE,1.9404,-1.0522,-18.3001,9.7313
1531,43.035,17.8631,-7.8081,4.1829,1.939,-1.0464,-1.4855,3.354,20.683,21.063,36.1244,-17.5185,0.2,0.0,0.0,0.0,1.9866,-1.0564,-1.5,2.7042,-0.0573,0,0,0,0.628,0.293,0.707,0,0,0.0,4,SEARCH_PHASE,1.939,-1.0464,-18.2613,9.7104
1532,43.074,17.9019,-7.8289,4.1531,1.9378,-1.0416,-1.4855,3.295,20.639,21.014,36.1244,-17.5185,0.2,0.0,0.0,0.0,1.9866,-1.0564,-1.5,2.7042,-0.0939,0,0,0,0.635,0.303,0.697,0,0,0.0,4,SEARCH_PHASE,1.9378,-1.0416,-18.2225,9.6896
1533,43.105,17.9406,-7.8496,4.1234,1.9369,-1.0354,-1.4856,3.236,20.595,20.965,36.1244,-17.5185,0.2,0.0,0.0,0.0,1.9866,-1.0563,-1.5,2.7042,-0.0664,0,0,0,0.637,0.304,0.696,0,0,0.0,4,SEARCH_PHASE,1.9369,-1.0354,-18.1838,9.6689
1534,43.141,17.9794,-7.8702,4.0937,1.9378,-1.0305,-1.4856,3.178,20.551,20.916,36.1244,-17.5185,0.2,0.0,0.0,0.0,1.9866,-1.0563,-1.5,2.7042,-0.1034,0,0,0,0.644,0.301,0.699,0,0,0.0,4,SEARCH_PHASE,1.9378,-1.0305,-18.1451,9.6483
1535,43.179,18.0181,-7.8907,4.064,1.9384,-1.025,-1.4855,3.119,20.507,20.868,36.1244,-17.5185,0.2,0.0,0.0,0.0,1.9866,-1.0564,-1.5,2.7042,-0.0616,0,0,0,0.645,0.304,0.696,0,0,0.0,4,SEARCH_PHASE,1.9384,-1.025,-18.1063,9.6278
1536,43.219,18.0569,-7.9112,4.0343,1.9403,-1.0217,-1.4856,3.06,20.463,20.819,36.1244,-17.5185,0.2,0.0,0.0,0.0,1.9866,-1.0564,-1.5,2.7042,-0.0987,0,0,0,0.651,0.304,0.696,0,0,0.0,4,SEARCH_PHASE,1.9403,-1.0217,-18.0675,9.6073
1537,43.25,18.0958,-7.9315,4.0046,1.9418,-1.0174,-1.4856,3.001,20.419,20.771,36.1244,-17.5185,0.2,0.0,0.0,0.0,1.9866,-1.0564,-1.5,2.7042,-0.0565,0,0,0,0.651,0.311,0.689,0,0,0.0,4,SEARCH_PHASE,1.9418,-1.0174,-18.0286,9.587
1538,43.282,18.1346,-7.9518,3.9749,1.9442,-1.0148,-1.4856,2.942,20.375,20.722,36.1244,-17.5185,0.2,0.0,0.0,0.0,1.9866,-1.0564,-1.5,2.7042,-0.0937,0,0,0,0.656,0.309,0.691,0,0,0.0,4,SEARCH_PHASE,1.9442,-1.0148,-17.9898,9.5667
1539,43.313,18.1736,-7.972,3.9452,1.946,-1.0111,-1.4857,2.883,20.331,20.674,36.1244,-17.5185,0.2,0.0,0.0,0.0,1.9865,-1.0565,-1.5,2.7042,-0.0596,0,0,0,0.656,0.312,0.688,0,0,0.0,4,SEARCH_PHASE,1.946,-1.0111,-17.9508,9.5465
1540,43.353,18.2125,-7.9922,3.9154,1.9485,-1.0088,-1.4857,2.825,20.288,20.625,36.1244,-17.5185,0.2,0.0,0.0,0.0,1.9865,-1.0565,-1.5,2.7042,-0.0967,0,0,0,0.661,0.313,0.687,0,0,0.0,4,SEARCH_PHASE,1.9485,-1.0088,-17.9119,9.5263
1541,43.384,18.2515,-8.0123,3.8857,1.9498,-1.0055,-1.4856,2.766,20.244,20.576,36.1244,-17.5185,0.2,0.0,0.0,0.0,1.9865,-1.0566,-1.5,2.7042,-0.0541,0,0,0,0.66,0.31,0.69,0,0,0.0,4,SEARCH_PHASE,1.9498,-1.0055,-17.8729,9.5062
1542,43.425,18.2906,-8.0324,3.856,1.9516,-1.0041,-1.4856,2.707,20.2,20.528,36.1244,-17.5185,0.2,0.0,0.0,0.0,1.9865,-1.0566,-1.5,2.7042,-0.091,0,0,0,0.664,0.317,0.683,0,0,0.0,4,SEARCH_PHASE,1.9516,-1.0041,-17.8338,9.4861
1543,43.456,18.3296,-8.0524,3.8263,1.9519,-1.0015,-1.4856,2.648,20.156,20.48,36.1244,-17.5185,0.2,0.0,0.0,0.0,1.9864,-1.0567,-1.5,2.7042,-0.052,0,0,0,0.664,0.313,0.687,0,0,0.0,4,SEARCH_PHASE,1.9519,-1.0015,-17.7948,9.4661
1544,43.488,18.3686,-8.0724,3.7966,1.9524,-1.0003,-1.4856,2.589,20.112,20.431,36.1244,-17.5185,0.2,0.0,0.0,0.0,1.9864,-1.0568,-1.5,2.7042,-0.0888,0,0,0,0.668,0.316,0.684,0,0,0.0,4,SEARCH_PHASE,1.9524,-1.0003,-17.7558,9.4461
1545,43.517,18.4077,-8.0924,3.7669,1.9518,-0.9979,-1.4856,2.53,20.068,20.383,36.1244,-17.5185,0.2,0.0,0.0,0.0,1.9864,-1.0568,-1.5,2.7042,-0.0551,0,0,0,0.668,0.315,0.685,0,0,0.0,4,SEARCH_PHASE,1.9518,-0.9979,-17.7167,9.4261
1546,43.547,18.4467,-8.1123,3.7372,1.9518,-0.997,-1.4855,2.471,20.024,20.334,36.1244,-17.5185,0.2,0.0,0.0,0.0,1.9861,-1.0572,-1.5,2.7042,-0.0917,0,0,0,0.672,0.317,0.683,0,0,0.0,4,SEARCH_PHASE,1.9518,-0.997,-17.6777,9.4062
1547,43.587,18.4857,-8.1322,3.7075,1.9502,-0.9951,-1.4855,2.412,19.981,20.286,36.1244,-17.5185,0.2,0.0,0.0,0.0,2.0284,-1.08,-1.452,2.7183,-0.0549,0,0,0,0.673,0.317,0.683,0,0,0.0,4,SEARCH_PHASE,1.9502,-0.9951,-17.6387,9.3863
1548,43.625,18.5247,-8.1521,3.6781,1.9492,-0.9954,-1.4675,2.353,19.937,20.238,36.1244,-17.5185,0.2,0.0,0.0,0.0,2.0702,-1.1036,-1.404,2.734,-0.0933,0,0,0,0.679,0.321,0.679,0,0,0.0,4,SEARCH_PHASE,1.9492,-0.9954,-17.5997,9.3664
1549,43.656,18.5637,-8.172,3.6493,1.9481,-0.995,-1.4382,2.295,19.893,20.19,36.1244,-17.5185,0.2,0.0,0.0,0.0,2.1112,-1.1285,-1.356,2.7513,-0.0569,0,0,0,0.685,0.323,0.677,0,0,0.0,4,SEARCH_PHASE,1.9481,-0.995,-17.5607,9.3465
1550,43.692,18.6026,-8.192,3.6213,1.9487,-0.9974,-1.4016,2.238,19.849,20.142,36.1244,-17.5185,0.2,0.0,0.0,0.0,2.147,-1.1606,-1.308,2.769,-0.0974,0,0,0,0.694,0.336,0.664,0,0,0.0,4,SEARCH_PHASE,1.9487,-0.9974,-17.5218,9.3265
1551,43.728,18.6417,-8.212,3.5941,1.9514,-0.9993,-1.3602,2.181,19.805,20.094,36.1244,-17.5185,0.2,0.0,0.0,0.0,2.1467,-1.1667,-1.26,2.7491,-0.0578,0,0,0,0.698,0.342,0.658,0,0,0.0,4,SEARCH_PHASE,1.9514,-0.9993,-17.4827,9.3065
1552,43.759,18.6808,-8.2321,3.5678,1.9581,-1.0046,-1.3166,2.126,19.761,20.046,36.1244,-17.5185,0.2,0.0,0.0,0.0,2.1374,-1.1806,-1.212,2.726,-0.1,0,0,0,0.706,0.345,0.655,0,0,0.0,4,SEARCH_PHASE,1.9581,-1.0046,-17.4436,9.2864
1553,43.8,18.7202,-8.2523,3.5424,1.9664,-1.0099,-1.2713,2.071,19.717,19.999,36.1244,-17.5185,0.2,0.0,0.0,0.0,2.1332,-1.1852,-1.164,2.7037,-0.0506,0,0,0,0.707,0.349,0.651,0,0,0.0,4,SEARCH_PHASE,1.9664,-1.0099,-17.4042,9.2662
1554,43.832,18.7597,-8.2727,3.5178,1.9781,-1.0189,-1.2258,2.049,19.673,19.951,36.1244,-17.5185,0.2,0.0,0.0,0.0,2.1241,-1.1982,-1.116,2.682,-0.0907,0,0,0,0.712,0.352,0.648,0,0,0.0,4,SEARCH_PHASE,1.9781,-1.0189,-17.3647,9.2459
1555,43.864,18.7995,-8.2932,3.4942,1.9909,-1.0274,-1.1801,2.055,19.628,19.902,36.1244,-17.5185,0.2,0.0,0.0,0.0,2.1195,-1.2032,-1.068,2.6609,-0.0529,0,0,0,0.714,0.351,0.649,0,0,0.0,4,SEARCH_PHASE,1.9909,-1.0274,-17.3249,9.2253
1556,43.897,18.8397,-8.314,3.4716,2.0057,-1.0391,-1.1337,2.063,19.583,19.854,36.1244,-17.5185,0.2,0.0,0.0,0.0,2.1032,-1.2285,-1.02,2.6406,-0.103,0,0,0,0.718,0.345,0.655,0,0,0.0,4,SEARCH_PHASE,2.0057,-1.0391,-17.2848,9.2045
1557,43.933,18.8801,-8.335,3.4498,2.0203,-1.0498,-1.0869,2.071,19.537,19.806,36.1244,-17.5185,0.2,0.0,0.0,0.0,2.0974,-1.2351,-0.972,2.621,-0.0589,0,0,0,0.721,0.355,0.645,0,0,0.0,4,SEARCH_PHASE,2.0203,-1.0498,-17.2443,9.1835
1558,43.963,18.9208,-8.3562,3.429,2.0366,-1.0633,-1.0407,2.081,19.491,19.757,36.1244,-17.5185,0.2,0.0,0.0,0.0,2.0901,-1.2444,-0.924,2.6021,-0.1018,0,0,0,0.722,0.352,0.648,0,0,0.0,4,SEARCH_PHASE,2.0366,-1.0633,-17.2036,9.1623
1559,43.995,18.9618,-8.3778,3.4091,2.0524,-1.0754,-0.994,2.092,19.445,19.708,36.1244,-17.5185,0.2,0.0,0.0,0.0,2.0888,-1.2435,-0.876,2.5839,-0.0667,0,0,0,0.722,0.355,0.645,0,0,0.0,4,SEARCH_PHASE,2.0524,-1.0754,-17.1626,9.1408
1560,44.024,19.0032,-8.3995,3.3902,2.0667,-1.0892,-0.9479,2.104,19.398,19.659,36.1244,-17.5185,0.2,0.0,0.0,0.0,2.0855,-1.2459,-0.828,2.5665,-0.1017,0,0,0,0.722,0.356,0.644,0,0,0.0,4,SEARCH_PHASE,2.0667,-1.0892,-17.1212,9.119
1561,44.053,19.0448,-8.4216,3.3722,2.0798,-1.1015,-0.9005,2.117,19.351,19.609,36.1244,-17.5185,0.2,0.0,0.0,0.0,2.0975,-1.2223,-0.78,2.5499,-0.054,0,0,0,0.719,0.356,0.644,0,0,0.0,4,SEARCH_PHASE,2.0798,-1.1015,-17.0796,9.0969
1562,44.084,19.0866,-8.4439,3.3551,2.0913,-1.1156,-0.8531,2.132,19.304,19.56,36.1244,-17.5185,0.2,0.0,0.0,0.0,2.0973,-1.2195,-0.732,2.5341,-0.0966,0,0,0,0.719,0.357,0.643,0,0,0.0,4,SEARCH_PHASE,2.0913,-1.1156,-17.0378,9.0746
1563,44.113,19.1286,-8.4664,3.339,2.0992,-1.1273,-0.8055,2.12,19.256,19.51,36.1244,-17.5185,0.2,0.0,0.0,0.0,2.1056,-1.2018,-0.684,2.5191,-0.0518,0,0,0,0.717,0.352,0.648,0,0,0.0,4,SEARCH_PHASE,2.0992,-1.1273,-16.9958,9.0521
1564,44.144,19.1707,-8.4892,3.3238,2.1055,-1.1405,-0.758,2.088,19.208,19.461,36.1244,-17.5185,0.2,0.0,0.0,0.0,2.1015,-1.2057,-0.636,2.5049,-0.0937,0,0,0,0.718,0.356,0.644,0,0,0.0,4,SEARCH_PHASE,2.1055,-1.1405,-16.9537,9.0293
1565,44.174,19.2129,-8.5123,3.3096,2.1091,-1.1512,-0.7103,2.056,19.16,19.411,36.1244,-17.5185,0.2,0.0,0.0,0.0,2.1101,-1.1872,-0.588,2.4915,-0.0457,0,0,0,0.714,0.352,0.648,0,0,0.0,4,SEARCH_PHASE,2.1091,-1.1512,-16.9115,9.0062
1566,44.202,19.2551,-8.5355,3.2964,2.112,-1.1634,-0.6627,2.026,19.112,19.361,36.1244,-17.5185,0.2,0.0,0.0,0.0,2.1076,-1.1882,-0.54,2.479,-0.0871,0,0,0,0.715,0.351,0.649,0,0,0.0,4,SEARCH_PHASE,2.112,-1.1634,-16.8693,8.983
1567,44.235,19.2973,-8.559,3.2841,2.1118,-1.1726,-0.6151,1.996,19.064,19.312,36.1244,-17.5185,0.2,0.0,0.0,0.0,2.1117,-1.1774,-0.492,2.4674,-0.0442,0,0,0,0.71,0.35,0.65,0,0,0.0,4,SEARCH_PHASE,2.1118,-1.1726,-16.8271,8.9595
1568,44.264,19.3396,-8.5826,3.2727,2.1106,-1.183,-0.5674,1.967,19.015,19.262,36.1244,-17.5185,0.2,0.0,0.0,0.0,2.1078,-1.181,-0.444,2.4566,-0.085,0,0,0,0.712,0.352,0.648,0,0,0.0,4,SEARCH_PHASE,2.1106,-1.183,-16.7848,8.9359
1569,44.296,19.3817,-8.6065,3.2623,2.1075,-1.1905,-0.5197,1.939,18.967,19.213,36.1244,-17.5185,0.2,0.0,0.0,0.0,2.1117,-1.1707,-0.396,2.4467,-0.0377,0,0,0,0.705,0.351,0.649,0,0,0.0,4,SEARCH_PHASE,2.1075,-1.1905,-16.7427,8.9121
1570,44.326,19.4238,-8.6304,3.2529,2.1046,-1.1992,-0.472,1.911,18.918,19.163,36.1244,-17.5185,0.2,0.0,0.0,0.0,2.1089,-1.1722,-0.348,2.4378,-0.0782,0,0,0,0.706,0.353,0.647,0,0,0.0,4,SEARCH_PHASE,2.1046,-1.1992,-16.7006,8.8881
1571,44.358,19.4658,-8.6545,3.2444,2.0995,-1.2046,-0.425,1.885,18.87,19.114,36.1244,-17.5185,0.2,0.0,0.0,0.0,2.1095,-1.1677,-0.3,2.4297,-0.0414,0,0,0,0.704,0.348,0.652,0,0,0.0,4,SEARCH_PHASE,2.0995,-1.2046,-16.6586,8.864
1572,44.388,19.5077,-8.6787,3.2368,2.0943,-1.2108,-0.3769,1.884,18.822,19.065,36.1244,-17.5185,0.2,0.0,0.0,0.0,2.1038,-1.1746,-0.252,2.4226,-0.0869,0,0,0,0.705,0.351,0.649,0,0,0.0,4,SEARCH_PHASE,2.0943,-1.2108,-16.6167,8.8398
1573,44.42,19.5494,-8.703,3.2303,2.0876,-1.2138,-0.3289,1.896,18.773,19.016,36.1244,-17.5185,0.2,0.0,0.0,0.0,2.1056,-1.168,-0.204,2.4165,-0.0457,0,0,0,0.702,0.346,0.654,0,0,0.0,4,SEARCH_PHASE,2.0876,-1.2138,-16.575,8.8155
1574,44.45,19.5911,-8.7274,3.2246,2.0817,-1.2177,-0.281,1.908,18.725,18.968,36.1244,-17.5185,0.2,0.0,0.0,0.0,2.1012,-1.1725,-0.156,2.4112,-0.0904,0,0,0,0.703,0.345,0.655,0,0,0.0,4,SEARCH_PHASE,2.0817,-1.2177,-16.5333,8.7911
1575,44.48,19.6325,-8.7517,3.22,2.0738,-1.2181,-0.2333,2.406,18.677,18.92,36.1244,-17.5185,0.2,0.0,0.0,0.0,2.0987,-1.1736,-0.108,2.407,-0.058,0,0,0,0.703,0.345,0.655,0,0,0.0,4,SEARCH_PHASE,2.0738,-1.2181,-16.4919,8.7668
1576,44.51,19.6739,-8.7761,3.2163,2.0664,-1.219,-0.1859,3.116,18.629,18.872,36.1244,-17.5185,0.2,0.0,0.0,0.0,2.0899,-1.1857,-0.06,2.4036,-0.0986,0,0,0,0.707,0.346,0.654,0,0,0.0,4,SEARCH_PHASE,2.0664,-1.219,-16.4505,8.7424
1577,44.538,19.7151,-8.8005,3.2135,2.0595,-1.2169,-0.1378,3.114,18.581,18.824,36.1244,-17.5185,0.2,0.0,0.0,0.0,2.0918,-1.1792,-0.012,2.4013,-0.0555,0,0,0,0.706,0.345,0.655,0,0,0.0,4,SEARCH_PHASE,2.0595,-1.2169,-16.4093,8.718
1578,44.57,19.7562,-8.8248,3.2117,2.0548,-1.2156,-0.0898,3.112,18.534,18.777,36.1244,-17.5185,0.2,0.0,0.0,0.0,2.0831,-1.1911,0.036,2.3999,-0.0965,0,0,0,0.708,0.351,0.649,0,0,0.0,4,SEARCH_PHASE,2.0548,-1.2156,-16.3683,8.6937
1579,44.599,19.7971,-8.849,3.2109,2.0496,-1.2109,-0.042,3.111,18.486,18.73,36.1244,-17.5185,0.2,0.0,0.0,0.0,2.0873,-1.1804,0.084,2.3994,-0.0673,0,0,0,0.706,0.349,0.651,0,0,0.0,4,SEARCH_PHASE,2.0496,-1.2109,-16.3273,8.6695
1580,44.63,19.8381,-8.8731,3.211,2.0463,-1.2066,0.0056,3.111,18.439,18.683,36.1244,-17.5185,0.2,0.0,0.0,0.0,2.0805,-1.1891,0.132,2.4,-0.1074,0,0,0,0.708,0.352,0.648,0,0,0.0,4,SEARCH_PHASE,2.0463,-1.2066,-16.2863,8.6454
1581,44.661,19.8789,-8.8971,3.2121,2.0418,-1.1999,0.0534,3.112,18.391,18.636,36.1244,-17.5185,0.2,0.0,0.0,0.0,2.0865,-1.1752,0.18,2.4015,-0.0626,0,0,0,0.705,0.35,0.65,0,0,0.0,4,SEARCH_PHASE,2.0418,-1.1999,-16.2455,8.6214
1582,44.691,19.9197,-8.921,3.2141,2.0387,-1.1948,0.1012,3.114,18.344,18.59,36.1244,-17.5185,0.2,0.0,0.0,0.0,2.0817,-1.1804,0.228,2.4039,-0.1023,0,0,0,0.707,0.348,0.652,0,0,0.0,4,SEARCH_PHASE,2.0387,-1.1948,-16.2047,8.5975
1583,44.72,19.9604,-8.9448,3.2171,2.0342,-1.187,0.1489,3.117,18.297,18.544,36.1244,-17.5185,0.2,0.0,0.0,0.0,2.0857,-1.1701,0.276,2.4073,-0.0597,0,0,0,0.704,0.348,0.652,0,0,0.0,4,SEARCH_PHASE,2.0342,-1.187,-16.164,8.5737
1584,44.751,20.001,-8.9684,3.221,2.0306,-1.1803,0.1966,3.121,18.25,18.499,36.1244,-17.5185,0.2,0.0,0.0,0.0,2.0795,-1.1777,0.324,2.4117,-0.0993,0,0,0,0.707,0.351,0.649,0,0,0.0,4,SEARCH_PHASE,2.0306,-1.1803,-16.1234,8.5501
1585,44.78,20.0415,-8.9918,3.2259,2.0261,-1.1709,0.244,3.126,18.203,18.453,36.1244,-17.5185,0.2,0.0,0.0,0.0,2.0855,-1.1637,0.372,2.417,-0.0804,0,0,0,0.704,0.347,0.653,0,0,0.0,4,SEARCH_PHASE,2.0261,-1.1709,-16.0829,8.5267
1586,44.807,20.082,-9.015,3.2317,2.0233,-1.1624,0.2913,3.132,18.157,18.408,36.1244,-17.5185,0.2,0.0,0.0,0.0,2.0818,-1.1671,0.42,2.4233,-0.1104,0,0,0,0.705,0.347,0.653,0,0,0.0,4,SEARCH_PHASE,2.0233,-1.1624,-16.0424,8.5035
1587,44.835,20.1223,-9.0381,3.2385,2.0188,-1.1535,0.3391,3.138,18.11,18.363,36.1244,-17.5185,0.2,0.0,0.0,0.0,2.0852,-1.1577,0.468,2.4305,-0.0658,0,0,0,0.703,0.346,0.654,0,0,0.0,4,SEARCH_PHASE,2.0188,-1.1535,-16.0021,8.4804
1588,44.862,20.1626,-9.061,3.2462,2.0154,-1.1471,0.3869,3.146,18.064,18.319,36.1244,-17.5185,0.2,0.0,0.0,0.0,2.0806,-1.1627,0.516,2.4387,-0.1042,0,0,0,0.706,0.346,0.654,0,0,0.0,4,SEARCH_PHASE,2.0154,-1.1471,-15.9618,8.4575
1589,44.891,20.2029,-9.0838,3.2549,2.0112,-1.1392,0.4347,3.155,18.018,18.275,36.1244,-17.5185,0.2,0.0,0.0,0.0,2.0847,-1.152,0.564,2.4477,-0.0563,0,0,0,0.702,0.348,0.652,0,0,0.0,4,SEARCH_PHASE,2.0112,-1.1392,-15.9215,8.4347
1590,44.921,20.243,-9.1065,3.2646,2.0087,-1.1337,0.4825,3.165,17.972,18.231,36.1244,-17.5185,0.2,0.0,0.0,0.0,2.0814,-1.1547,0.612,2.4577,-0.0951,0,0,0,0.704,0.348,0.652,0,0,0.0,4,SEARCH_PHASE,2.0087,-1.1337,-15.8814,8.412
1591,44.951,20.2831,-9.129,3.2752,2.0051,-1.1263,0.5301,3.175,17.926,18.188,36.1244,-17.5185,0.2,0.0,0.0,0.0,2.0834,-1.148,0.66,2.4686,-0.0507,0,0,0,0.702,0.353,0.647,0,0,0.0,4,SEARCH_PHASE,2.0051,-1.1263,-15.8413,8.3895
1592,44.982,20.3232,-9.1514,3.2867,2.0028,-1.121,0.5778,3.187,17.88,18.144,36.1244,-17.5185,0.2,0.0,0.0,0.0,2.0786,-1.1533,0.708,2.4803,-0.0898,0,0,0,0.705,0.353,0.647,0,0,0.0,4,SEARCH_PHASE,2.0028,-1.121,-15.8012,8.3671
1593,45.015,20.3632,-9.1737,3.2992,2.0004,-1.1139,0.625,3.199,17.834,18.101,36.1244,-17.5185,0.2,0.0,0.0,0.0,2.0801,-1.1473,0.756,2.4929,-0.0473,0,0,0,0.702,0.351,0.649,0,0,0.0,4,SEARCH_PHASE,2.0004,-1.1139,-15.7612,8.3448
1594,45.044,20.4032,-9.1959,3.3127,2.0002,-1.1088,0.6728,3.213,17.788,18.059,36.1244,-17.5185,0.2,0.0,0.0,0.0,2.0745,-1.1542,0.804,2.5064,-0.0904,0,0,0,0.705,0.35,0.65,0,0,0.0,4,SEARCH_PHASE,2.0002,-1.1088,-15.7212,8.3226
1595,45.073,20.4432,-9.2179,3.3271,1.9997,-1.1017,0.7206,3.227,17.743,18.016,36.1244,-17.5185,0.2,0.0,0.0,0.0,2.0775,-1.1456,0.852,2.5208,-0.0603,0,0,0,0.702,0.352,0.648,0,0,0.0,4,SEARCH_PHASE,1.9997,-1.1017,-15.6812,8.3006
1596,45.104,20.4832,-9.2399,3.3424,2.0011,-1.0965,0.7683,3.242,17.697,17.974,36.1244,-17.5185,0.2,0.0,0.0,0.0,2.0733,-1.1499,0.9,2.5359,-0.1036,0,0,0,0.703,0.346,0.654,0,0,0.0,4,SEARCH_PHASE,2.0011,-1.0965,-15.6412,8.2786
1597,45.135,20.5233,-9.2617,3.3588,2.0014,-1.0906,0.8162,3.259,17.651,17.932,36.1244,-17.5185,0.2,0.0,0.0,0.0,2.0765,-1.1408,0.948,2.5519,-0.0573,0,0,0,0.699,0.35,0.65,0,0,0.0,4,SEARCH_PHASE,2.0014,-1.0906,-15.6011,8.2568
1598,45.164,20.5633,-9.2834,3.3761,2.0031,-1.0879,0.8639,3.276,17.606,17.89,36.1244,-17.5185,0.2,0.0,0.0,0.0,2.0734,-1.1433,0.996,2.5687,-0.1005,0,0,0,0.7,0.349,0.651,0,0,0.0,4,SEARCH_PHASE,2.0031,-1.0879,-15.5611,8.2351
1599,45.192,20.6034,-9.3051,3.3943,2.0033,-1.0839,0.9116,3.294,17.56,17.848,36.1244,-17.5185,0.2,0.0,0.0,0.0,2.0771,-1.1333,1.044,2.5862,-0.054,0,0,0,0.695,0.347,0.653,0,0,0.0,4,SEARCH_PHASE,2.0033,-1.0839,-15.521,8.2134
1600,45.223,20.6435,-9.3268,3.4135,2.0045,-1.0828,0.9593,3.313,17.515,17.807,36.1244,-17.5185,0.2,0.0,0.0,0.0,2.075,-1.1338,1.092,2.6045,-0.097,0,0,0,0.695,0.346,0.654,0,0,0.0,4,SEARCH_PHASE,2.0045,-1.0828,-15.4809,8.1917
1601,45.253,20.6836,-9.3484,3.4336,2.0039,-1.0801,1.0068,3.334,17.469,17.766,36.1244,-17.5185,0.2,0.0,0.0,0.0,2.076,-1.1288,1.14,2.6236,-0.0564,0,0,0,0.693,0.345,0.655,0,0,0.0,4,SEARCH_PHASE,2.0039,-1.0801,-15.4409,8.1701
1602,45.282,20.7236,-9.37,3.4547,2.0039,-1.0798,1.0545,3.355,17.424,17.725,36.1244,-17.5185,0.2,0.0,0.0,0.0,2.0717,-1.1334,1.188,2.6434,-0.099,0,0,0,0.695,0.348,0.652,0,0,0.0,4,SEARCH_PHASE,2.0039,-1.0798,-15.4008,8.1485
1603,45.314,20.7637,-9.3915,3.4767,2.0037,-1.078,1.1023,3.377,17.378,17.684,36.1244,-17.5185,0.2,0.0,0.0,0.0,2.0734,-1.127,1.236,2.664,-0.0525,0,0,0,0.691,0.343,0.657,0,0,0.0,4,SEARCH_PHASE,2.0037,-1.078,-15.3607,8.127
1604,45.344,20.8038,-9.4131,3.4997,2.0055,-1.0789,1.1498,3.4,17.333,17.644,36.1244,-17.5185,0.2,0.0,0.0,0.0,2.0698,-1.1302,1.284,2.6852,-0.0953,0,0,0,0.692,0.346,0.654,0,0,0.0,4,SEARCH_PHASE,2.0055,-1.0789,-15.3206,8.1054
1605,45.373,20.844,-9.4347,3.5237,2.0068,-1.0779,1.1975,3.424,17.287,17.604,36.1244,-17.5185,0.2,0.0,0.0,0.0,2.072,-1.123,1.332,2.7071,-0.0483,0,0,0,0.688,0.343,0.657,0,0,0.0,4,SEARCH_PHASE,2.0068,-1.0779,-15.2805,8.0838
1606,45.402,20.8841,-9.4562,3.5486,2.0098,-1.079,1.2449,3.449,17.241,17.564,36.1244,-17.5185,0.2,0.0,0.0,0.0,2.0693,-1.1246,1.38,2.7297,-0.0913,0,0,0,0.688,0.344,0.656,0,0,0.0,4,SEARCH_PHASE,2.0098,-1.079,-15.2403,8.0623
1607,45.431,20.9244,-9.4778,3.5744,2.0118,-1.078,1.2925,3.474,17.196,17.524,36.1244,-17.5185,0.2,0.0,0.0,0.0,2.0715,-1.1172,1.428,2.7529,-0.044,0,0,0,0.683,0.343,0.657,0,0,0.0,4,SEARCH_PHASE,2.0118,-1.078,-15.2,8.0407
1608,45.459,20.9647,-9.4994,3.6012,2.0152,-1.0787,1.34,3.501,17.15,17.484,36.1244,-17.5185,0.2,0.0,0.0,0.0,2.0696,-1.1174,1.476,2.7768,-0.0869,0,0,0,0.683,0.338,0.662,0,0,0.0,4,SEARCH_PHASE,2.0152,-1.0787,-15.1597,8.0191
1609,45.49,21.005,-9.5209,3.629,2.0173,-1.0767,1.3875,3.529,17.104,17.445,36.1244,-17.5185,0.2,0.0,0.0,0.0,2.0715,-1.1107,1.524,2.8013,-0.0429,0,0,0,0.677,0.334,0.666,0,0,0.0,4,SEARCH_PHASE,2.0173,-1.0767,-15.1194,7.9976
1610,45.522,21.0454,-9.5424,3.6577,2.0205,-1.0762,1.435,3.558,17.059,17.405,36.1244,-17.5185,0.2,0.0,0.0,0.0,2.0701,-1.1099,1.476,2.7741,-0.0858,0,0,0,0.676,0.334,0.666,0,0,0.0,4,SEARCH_PHASE,2.0205,-1.0762,-15.079,7.9761
1611,45.552,21.0859,-9.5639,3.6866,2.0208,-1.0729,1.4469,3.587,17.013,17.366,36.1244,-17.5185,0.2,0.0,0.0,0.0,2.0711,-1.1048,1.428,2.7476,-0.0482,0,0,0,0.67,0.328,0.672,0,0,0.0,4,SEARCH_PHASE,2.0208,-1.0729,-15.0385,7.9546
1612,45.584,21.1263,-9.5853,3.7154,2.021,-1.0708,1.4367,3.615,16.967,17.327,36.1244,-17.5185,0.2,0.0,0.0,0.0,2.0704,-1.1026,1.38,2.7216,-0.0852,0,0,0,0.668,0.327,0.673,0,0,0.0,4,SEARCH_PHASE,2.021,-1.0708,-14.9981,7.9332
1613,45.614,21.1667,-9.6066,3.7436,2.0195,-1.067,1.4123,3.644,16.921,17.288,36.1244,-17.5185,0.2,0.0,0.0,0.0,2.0698,-1.1006,1.332,2.6962,-0.0588,0,0,0,0.667,0.328,0.672,0,0,0.0,4,SEARCH_PHASE,2.0195,-1.067,-14.9577,7.9119
1614,45.646,21.207,-9.6279,3.7712,2.018,-1.0643,1.3794,3.671,16.876,17.249,36.1244,-17.5185,0.2,0.0,0.0,0.0,2.0688,-1.0989,1.284,2.6714,-0.0882,0,0,0,0.666,0.328,0.672,0,0,0.0,4,SEARCH_PHASE,2.018,-1.0643,-14.9174,7.8906
1615,45.676,21.2474,-9.6491,3.798,2.017,-1.061,1.341,3.698,16.83,17.21,36.1244,-17.5185,0.2,0.0,0.0,0.0,2.0682,-1.0968,1.236,2.6473,-0.0569,0,0,0,0.663,0.328,0.672,0,0,0.0,4,SEARCH_PHASE,2.017,-1.061,-14.877,7.8694
1616,45.705,21.2877,-9.6703,3.824,2.0162,-1.0589,1.2992,3.724,16.785,17.171,36.1244,-17.5185,0.2,0.0,0.0,0.0,2.067,-1.0958,1.188,2.6238,-0.0884,0,0,0,0.664,0.33,0.67,0,0,0.0,4,SEARCH_PHASE,2.0162,-1.0589,-14.8367,7.8482
1617,45.734,21.328,-9.6915,3.8491,2.0157,-1.0562,1.2554,3.749,16.739,17.132,36.1244,-17.5185,0.2,0.0,0.0,0.0,2.0663,-1.0937,1.14,2.601,-0.0497,0,0,0,0.66,0.325,0.675,0,0,0.0,4,SEARCH_PHASE,2.0157,-1.0562,-14.7964,7.8271
1618,45.763,21.3683,-9.7125,3.8733,2.016,-1.0547,1.2102,3.773,16.694,17.093,36.1244,-17.5185,0.2,0.0,0.0,0.0,2.0651,-1.0927,1.092,2.5789,-0.083,0,0,0,0.66,0.328,0.672,0,0,0.0,4,SEARCH_PHASE,2.016,-1.0547,-14.7561,7.806
1619,45.79,21.4086,-9.7336,3.8966,2.0158,-1.0522,1.1633,3.797,16.648,17.054,36.1244,-17.5185,0.2,0.0,0.0,0.0,2.0638,-1.0918,1.044,2.5576,-0.0627,0,0,0,0.655,0.321,0.679,0,0,0.0,4,SEARCH_PHASE,2.0158,-1.0522,-14.7158,7.7849
1620,45.817,21.449,-9.7546,3.9189,2.0163,-1.0506,1.1169,3.819,16.603,17.014,36.1244,-17.5185,0.2,0.0,0.0,0.0,2.0624,-1.0911,0.996,2.5369,-0.0984,0,0,0,0.655,0.326,0.674,0,0,0.0,4,SEARCH_PHASE,2.0163,-1.0506,-14.6754,7.7639
1621,45.845,21.4893,-9.7756,3.9403,2.016,-1.0487,1.0701,3.84,16.557,16.974,36.1244,-17.5185,0.2,0.0,0.0,0.0,2.061,-1.0904,0.948,2.517,-0.0639,0,0,0,0.651,0.325,0.675,0,0,0.0,4,SEARCH_PHASE,2.016,-1.0487,-14.6351,7.7429
1622,45.874,21.5296,-9.7965,3.9608,2.016,-1.0485,1.023,3.861,16.512,16.935,36.1244,-17.5185,0.2,0.0,0.0,0.0,2.0596,-1.0897,0.9,2.4979,-0.0991,0,0,0,0.651,0.317,0.683,0,0,0.0,4,SEARCH_PHASE,2.016,-1.0485,-14.5948,7.722
1623,45.904,21.5699,-9.8175,3.9803,2.0153,-1.0478,0.9757,3.88,16.466,16.895,36.1244,-17.5185,0.2,0.0,0.0,0.0,2.0582,-1.089,0.852,2.4795,-0.065,0,0,0,0.647,0.313,0.687,0,0,0.0,4,SEARCH_PHASE,2.0153,-1.0478,-14.5545,7.701
1624,45.932,21.6102,-9.8385,3.9989,2.0149,-1.0485,0.9283,3.899,16.421,16.855,36.1244,-17.5185,0.2,0.0,0.0,0.0,2.0568,-1.0883,0.804,2.4619,-0.0997,0,0,0,0.647,0.314,0.686,0,0,0.0,4,SEARCH_PHASE,2.0149,-1.0485,-14.5142,7.68
1625,45.962,21.6505,-9.8594,4.0165,2.0139,-1.0485,0.8808,3.916,16.375,16.814,36.1244,-17.5185,0.2,0.0,0.0,0.0,2.0554,-1.0876,0.756,2.4452,-0.0653,0,0,0,0.643,0.309,0.691,0,0,0.0,4,SEARCH_PHASE,2.0139,-1.0485,-14.4739,7.6591
1626,45.99,21.6908,-9.8804,4.0331,2.0133,-1.0498,0.8333,3.933,16.33,16.774,36.1244,-17.5185,0.2,0.0,0.0,0.0,2.054,-1.0869,0.708,2.4293,-0.0996,0,0,0,0.643,0.312,0.688,0,0,0.0,4,SEARCH_PHASE,2.0133,-1.0498,-14.4336,7.6381
1627,46.019,21.731,-9.9014,4.0488,2.012,-1.0502,0.7857,3.949,16.285,16.733,36.1244,-17.5185,0.2,0.0,0.0,0.0,2.0526,-1.0862,0.66,2.4143,-0.0668,0,0,0,0.64,0.313,0.687,0,0,0.0,4,SEARCH_PHASE,2.012,-1.0502,-14.3934,7.6171
1628,46.048,21.7712,-9.9225,4.0636,2.0111,-1.0517,0.7381,3.964,16.239,16.693,36.1244,-17.5185,0.2,0.0,0.0,0.0,2.0512,-1.0855,0.612,2.4001,-0.1007,0,0,0,0.641,0.314,0.686,0,0,0.0,4,SEARCH_PHASE,2.0111,-1.0517,-14.3532,7.596
1629,46.077,21.8114,-9.9435,4.0774,2.0098,-1.0522,0.6905,3.977,16.194,16.652,36.1244,-17.5185,0.2,0.0,0.0,0.0,2.0498,-1.0848,0.564,2.3868,-0.0658,0,0,0,0.637,0.311,0.689,0,0,0.0,4,SEARCH_PHASE,2.0098,-1.0522,-14.313,7.575
1630,46.106,21.8516,-9.9646,4.0903,2.0091,-1.0536,0.6427,3.99,16.149,16.611,36.1244,-17.5185,0.2,0.0,0.0,0.0,2.0484,-1.0841,0.516,2.3744,-0.099,0,0,0,0.637,0.313,0.687,0,0,0.0,4,SEARCH_PHASE,2.0091,-1.0536,-14.2728,7.5539
1631,46.136,21.8918,-9.9857,4.1022,2.0078,-1.0538,0.5951,4.002,16.103,16.569,36.1244,-17.5185,0.2,0.0,0.0,0.0,2.047,-1.0834,0.468,2.3629,-0.0655,0,0,0,0.634,0.31,0.69,0,0,0.0,4,SEARCH_PHASE,2.0078,-1.0538,-14.2327,7.5328
1632,46.165,21.9319,-10.0068,4.1131,2.0069,-1.0547,0.5475,4.013,16.058,16.528,36.1244,-17.5185,0.2,0.0,0.0,0.0,2.0456,-1.0827,0.42,2.3523,-0.0983,0,0,0,0.635,0.312,0.688,0,0,0.0,4,SEARCH_PHASE,2.0069,-1.0547,-14.1925,7.5117
1633,46.193,21.972,-10.0278,4.1231,2.0056,-1.0542,0.4998,4.023,16.013,16.486,36.1244,-17.5185,0.2,0.0,0.0,0.0,2.0442,-1.082,0.372,2.3427,-0.0746,0,0,0,0.632,0.308,0.692,0,0,0.0,4,SEARCH_PHASE,2.0056,-1.0542,-14.1524,7.4907
1634,46.222,22.0121,-10.0489,4.1322,2.0049,-1.0543,0.4516,3.932,15.967,16.444,36.1244,-17.5185,0.2,0.0,0.0,0.0,2.0429,-1.0813,0.324,2.334,-0.1039,0,0,0,0.633,0.308,0.692,0,0,0.0,4,SEARCH_PHASE,2.0049,-1.0543,-14.1123,7.4696
1635,46.249,22.0522,-10.07,4.1402,2.0034,-1.0535,0.4042,3.94,15.922,16.402,36.1244,-17.5185,0.2,0.0,0.0,0.0,2.0415,-1.0806,0.276,2.3262,-0.0638,0,0,0,0.629,0.307,0.693,0,0,0.0,4,SEARCH_PHASE,2.0034,-1.0535,-14.0722,7.4485
1636,46.277,22.0922,-10.0911,4.1474,2.0024,-1.0539,0.3568,3.947,15.877,16.36,36.1244,-17.5185,0.2,0.0,0.0,0.0,2.0401,-1.0798,0.228,2.3195,-0.092,0,0,0,0.63,0.306,0.694,0,0,0.0,4,SEARCH_PHASE,2.0024,-1.0539,-14.0322,7.4274
1637,46.307,22.1322,-10.1121,4.1535,2.0005,-1.0533,0.3087,3.954,15.831,16.318,36.1244,-17.5185,0.2,0.0,0.0,0.0,2.0387,-1.0791,0.18,2.3137,-0.0593,0,0,0,0.629,0.306,0.694,0,0,0.0,4,SEARCH_PHASE,2.0005,-1.0533,-13.9922,7.4064
1638,46.334,22.1722,-10.1332,4.1588,1.9989,-1.0536,0.2613,3.959,15.786,16.275,36.1244,-17.5185,0.2,0.0,0.0,0.0,2.0373,-1.0784,0.132,2.3089,-0.0888,0,0,0,0.632,0.31,0.69,0,0,0.0,4,SEARCH_PHASE,1.9989,-1.0536,-13.9522,7.3853
1639,46.362,22.2122,-10.1543,4.163,1.9973,-1.0531,0.2133,3.963,15.741,16.232,36.1244,-17.5185,0.2,0.0,0.0,0.0,2.036,-1.0777,0.084,2.3051,-0.0527,0,0,0,0.63,0.307,0.693,0,0,0.0,4,SEARCH_PHASE,1.9973,-1.0531,-13.9123,7.3642
1640,46.392,22.2521,-10.1754,4.1664,1.9968,-1.0535,0.1659,3.966,15.696,16.189,36.1244,-17.5185,0.2,0.0,0.0,0.0,2.0346,-1.077,0.036,2.3023,-0.0847,0,0,0,0.633,0.313,0.687,0,0,0.0,4,SEARCH_PHASE,1.9968,-1.0535,-13.8723,7.3432
1641,46.42,22.292,-10.1964,4.1687,1.9961,-1.0529,0.1184,3.969,15.651,16.146,36.1244,-17.5185,0.2,0.0,0.0,0.0,2.0332,-1.0763,-0.012,2.3005,-0.0475,0,0,0,0.63,0.308,0.692,0,0,0.0,4,SEARCH_PHASE,1.9961,-1.0529,-13.8324,7.3221
1642,46.45,22.3319,-10.2175,4.1701,1.9962,-1.0531,0.0708,3.97,15.606,16.103,36.1244,-17.5185,0.2,0.0,0.0,0.0,2.0318,-1.0755,-0.06,2.2997,-0.08,0,0,0,0.633,0.311,0.689,0,0,0.0,4,SEARCH_PHASE,1.9962,-1.0531,-13.7925,7.301
1643,46.478,22.3719,-10.2385,4.1706,1.996,-1.0519,0.0225,3.971,15.561,16.059,36.1244,-17.5185,0.2,0.0,0.0,0.0,2.0305,-1.0748,-0.108,2.2999,-0.0614,0,0,0,0.63,0.309,0.691,0,0,0.0,4,SEARCH_PHASE,1.996,-1.0519,-13.7526,7.28
1644,46.506,22.4118,-10.2595,4.1701,1.9965,-1.0513,-0.0249,3.97,15.515,16.015,36.1244,-17.5185,0.2,0.0,0.0,0.0,2.0291,-1.0741,-0.156,2.3011,-0.0963,0,0,0,0.632,0.313,0.687,0,0,0.0,4,SEARCH_PHASE,1.9965,-1.0513,-13.7126,7.259
1645,46.536,22.4517,-10.2805,4.1686,1.9962,-1.0501,-0.0723,3.969,15.47,15.971,36.1244,-17.5185,0.2,0.0,0.0,0.0,2.0277,-1.0734,-0.204,2.3033,-0.0612,0,0,0,0.629,0.306,0.694,0,0,0.0,4,SEARCH_PHASE,1.9962,-1.0501,-13.6727,7.238
1646,46.566,22.4916,-10.3015,4.1663,1.9963,-1.0502,-0.1199,3.966,15.425,15.927,36.1244,-17.5185,0.2,0.0,0.0,0.0,2.0263,-1.0727,-0.252,2.3065,-0.0957,0,0,0,0.63,0.31,0.69,0,0,0.0,4,SEARCH_PHASE,1.9963,-1.0502,-13.6328,7.217
1647,46.596,22.5315,-10.3225,4.1629,1.9955,-1.0495,-0.1675,3.963,15.38,15.882,36.1244,-17.5185,0.2,0.0,0.0,0.0,2.0249,-1.072,-0.3,2.3107,-0.0622,0,0,0,0.628,0.308,0.692,0,0,0.0,4,SEARCH_PHASE,1.9955,-1.0495,-13.5929,7.196
1648,46.623,22.5714,-10.3435,4.1586,1.9948,-1.0498,-0.2151,3.959,15.335,15.838,36.1244,-17.5185,0.2,0.0,0.0,0.0,2.0236,-1.0713,-0.348,2.3159,-0.0961,0,0,0,0.629,0.309,0.691,0,0,0.0,4,SEARCH_PHASE,1.9948,-1.0498,-13.553,7.175
1649,46.653,22.6113,-10.3645,4.1533,1.9932,-1.0491,-0.2628,4.013,15.29,15.793,36.1244,-17.5185,0.2,0.0,0.0,0.0,2.0222,-1.0706,-0.396,2.3221,-0.0631,0,0,0,0.627,0.306,0.694,0,0,0.0,4,SEARCH_PHASE,1.9932,-1.0491,-13.5131,7.154
1650,46.681,22.6511,-10.3855,4.1471,1.992,-1.0493,-0.3104,4.007,15.245,15.748,36.1244,-17.5185,0.2,0.0,0.0,0.0,2.0208,-1.0699,-0.444,2.3293,-0.0966,0,0,0,0.629,0.313,0.687,0,0,0.0,4,SEARCH_PHASE,1.992,-1.0493,-13.4733,7.133
1651,46.711,22.6909,-10.4065,4.14,1.99,-1.0484,-0.358,4.0,15.2,15.702,36.1244,-17.5185,0.2,0.0,0.0,0.0,2.0194,-1.0691,-0.492,2.3374,-0.0632,0,0,0,0.627,0.311,0.689,0,0,0.0,4,SEARCH_PHASE,1.99,-1.0484,-13.4335,7.112
1652,46.744,22.7307,-10.4274,4.1319,1.9884,-1.0482,-0.4057,3.992,15.155,15.657,36.1244,-17.5185,0.2,0.0,0.0,0.0,2.0181,-1.0684,-0.54,2.3464,-0.0963,0,0,0,0.629,0.314,0.686,0,0,0.0,4,SEARCH_PHASE,1.9884,-1.0482,-13.3937,7.0911
1653,46.775,22.7704,-10.4484,4.1228,1.986,-1.0468,-0.4534,3.983,15.11,15.611,36.1244,-17.5185,0.2,0.0,0.0,0.0,2.0167,-1.0677,-0.588,2.3565,-0.0723,0,0,0,0.629,0.313,0.687,0,0,0.0,4,SEARCH_PHASE,1.986,-1.0468,-13.354,7.0701
1654,46.807,22.8101,-10.4693,4.1128,1.9841,-1.0458,-0.5017,3.973,15.065,15.565,36.1244,-17.5185,0.2,0.0,0.0,0.0,2.0153,-1.067,-0.636,2.3674,-0.1023,0,0,0,0.632,0.317,0.683,0,0,0.0,4,SEARCH_PHASE,1.9841,-1.0458,-13.3143,7.0492
1655,46.836,22.8497,-10.4902,4.1018,1.9817,-1.0439,-0.549,3.962,15.02,15.519,36.1244,-17.5185,0.2,0.0,0.0,0.0,2.014,-1.0663,-0.684,2.3793,-0.0637,0,0,0,0.631,0.317,0.683,0,0,0.0,4,SEARCH_PHASE,1.9817,-1.0439,-13.2747,7.0283
1656,46.867,22.8893,-10.511,4.0899,1.9802,-1.0431,-0.5965,3.95,14.976,15.473,36.1244,-17.5185,0.2,0.0,0.0,0.0,2.0126,-1.0656,-0.732,2.392,-0.0924,0,0,0,0.635,0.315,0.685,0,0,0.0,4,SEARCH_PHASE,1.9802,-1.0431,-13.2351,7.0075
1657,46.898,22.9289,-10.5318,4.077,1.9781,-1.0413,-0.644,3.937,14.931,15.426,36.1244,-17.5185,0.2,0.0,0.0,0.0,2.0112,-1.0649,-0.78,2.4057,-0.0541,0,0,0,0.635,0.315,0.685,0,0,0.0,4,SEARCH_PHASE,1.9781,-1.0413,-13.1955,6.9867
1658,46.929,22.9684,-10.5527,4.0631,1.9766,-1.0403,-0.6916,3.923,14.886,15.379,36.1244,-17.5185,0.2,0.0,0.0,0.0,2.0099,-1.0642,-0.828,2.4203,-0.083,0,0,0,0.637,0.314,0.686,0,0,0.0,4,SEARCH_PHASE,1.9766,-1.0403,-13.156,6.9658
1659,46.96,23.0079,-10.5734,4.0483,1.9743,-1.0381,-0.7399,3.908,14.842,15.333,36.1244,-17.5185,0.2,0.0,0.0,0.0,2.0085,-1.0635,-0.876,2.4357,-0.0701,0,0,0,0.64,0.315,0.685,0,0,0.0,4,SEARCH_PHASE,1.9743,-1.0381,-13.1165,6.9451
1660,46.989,23.0474,-10.5941,4.0326,1.9725,-1.0365,-0.7877,3.893,14.797,15.285,36.1244,-17.5185,0.2,0.0,0.0,0.0,2.0071,-1.0628,-0.924,2.4519,-0.1042,0,0,0,0.643,0.324,0.676,0,0,0.0,4,SEARCH_PHASE,1.9725,-1.0365,-13.077,6.9244
1661,47.021,23.0868,-10.6148,4.0159,1.9704,-1.0346,-0.8349,3.876,14.753,15.238,36.1244,-17.5185,0.2,0.0,0.0,0.0,2.0058,-1.0621,-0.972,2.469,-0.0695,0,0,0,0.645,0.322,0.678,0,0,0.0,4,SEARCH_PHASE,1.9704,-1.0346,-13.0376,6.9037
1662,47.051,23.1262,-10.6355,3.9982,1.9693,-1.0343,-0.8823,3.858,14.708,15.191,36.1244,-17.5185,0.2,0.0,0.0,0.0,2.0044,-1.0614,-1.02,2.4869,-0.1029,0,0,0,0.649,0.332,0.668,0,0,0.0,4,SEARCH_PHASE,1.9693,-1.0343,-12.9982,6.883
1663,47.081,23.1655,-10.6562,3.9796,1.9679,-1.0335,-0.9298,3.84,14.664,15.143,36.1244,-17.5185,0.2,0.0,0.0,0.0,2.0031,-1.0607,-1.068,2.5056,-0.0682,0,0,0,0.65,0.33,0.67,0,0,0.0,4,SEARCH_PHASE,1.9679,-1.0335,-12.9589,6.8623
1664,47.11,23.2049,-10.6769,3.9601,1.9672,-1.034,-0.9774,3.82,14.619,15.095,36.1244,-17.5185,0.2,0.0,0.0,0.0,2.0017,-1.06,-1.116,2.525,-0.1014,0,0,0,0.653,0.334,0.666,0,0,0.0,4,SEARCH_PHASE,1.9672,-1.034,-12.9195,6.8416
1665,47.141,23.2442,-10.6975,3.9396,1.966,-1.0338,-1.025,3.8,14.575,15.047,36.1244,-17.5185,0.2,0.0,0.0,0.0,2.0003,-1.0593,-1.164,2.5453,-0.0666,0,0,0,0.653,0.337,0.663,0,0,0.0,4,SEARCH_PHASE,1.966,-1.0338,-12.8802,6.821
1666,47.171,23.2835,-10.7182,3.9181,1.9654,-1.0346,-1.0726,3.778,14.53,14.999,36.1244,-17.5185,0.2,0.0,0.0,0.0,1.999,-1.0586,-1.212,2.5662,-0.0996,0,0,0,0.656,0.339,0.661,0,0,0.0,4,SEARCH_PHASE,1.9654,-1.0346,-12.8409,6.8003
1667,47.201,23.3228,-10.7389,3.8957,1.964,-1.0345,-1.1202,3.756,14.486,14.95,36.1244,-17.5185,0.2,0.0,0.0,0.0,1.9976,-1.0579,-1.26,2.5879,-0.0648,0,0,0,0.658,0.34,0.66,0,0,0.0,4,SEARCH_PHASE,1.964,-1.0345,-12.8016,6.7796
1668,47.232,23.362,-10.7596,3.8724,1.963,-1.0351,-1.1678,3.732,14.442,14.901,36.1244,-17.5185,0.2,0.0,0.0,0.0,1.9963,-1.0572,-1.308,2.6103,-0.0974,0,0,0,0.661,0.344,0.656,0,0,0.0,4,SEARCH_PHASE,1.963,-1.0351,-12.7624,6.7589
1669,47.26,23.4013,-10.7803,3.8481,1.961,-1.0346,-1.2155,3.708,14.397,14.852,36.1244,-17.5185,0.2,0.0,0.0,0.0,1.9947,-1.0569,-1.356,2.6334,-0.0681,0,0,0,0.662,0.345,0.655,0,0,0.0,4,SEARCH_PHASE,1.961,-1.0346,-12.7231,6.7382
1670,47.287,23.4404,-10.801,3.8228,1.9592,-1.0346,-1.2634,3.683,14.353,14.803,36.1244,-17.5185,0.2,0.0,0.0,0.0,1.9923,-1.0582,-1.404,2.6571,-0.0993,0,0,0,0.668,0.346,0.654,0,0,0.0,4,SEARCH_PHASE,1.9592,-1.0346,-12.684,6.7175
1671,47.316,23.4796,-10.8217,3.7966,1.9574,-1.0335,-1.3109,3.657,14.309,14.754,36.1244,-17.5185,0.2,0.0,0.0,0.0,1.9903,-1.0587,-1.452,2.6815,-0.0719,0,0,0,0.669,0.346,0.654,0,0,0.0,4,SEARCH_PHASE,1.9574,-1.0335,-12.6448,6.6968
1672,47.344,23.5187,-10.8423,3.7694,1.9567,-1.033,-1.3584,3.629,14.264,14.704,36.1244,-17.5185,0.2,0.0,0.0,0.0,1.987,-1.0616,-1.5,2.7065,-0.103,0,0,0,0.674,0.35,0.65,0,0,0.0,4,SEARCH_PHASE,1.9567,-1.033,-12.6057,6.6762
1673,47.371,23.5578,-10.863,3.7413,1.9555,-1.0317,-1.4058,3.601,14.22,14.655,36.1244,-17.5185,0.2,0.0,0.0,0.0,1.9849,-1.0624,-1.5,2.7053,-0.0669,0,0,0,0.674,0.352,0.648,0,0,0.0,4,SEARCH_PHASE,1.9555,-1.0317,-12.5666,6.6555
1674,47.399,23.597,-10.8836,3.7126,1.9557,-1.0316,-1.4356,3.573,14.176,14.605,36.1244,-17.5185,0.2,0.0,0.0,0.0,1.9809,-1.0666,-1.452,2.6777,-0.1001,0,0,0,0.679,0.357,0.643,0,0,0.0,4,SEARCH_PHASE,1.9557,-1.0316,-12.5275,6.6349
1675,47.43,23.6361,-10.9042,3.6839,1.9563,-1.0307,-1.4366,3.544,14.132,14.555,36.1244,-17.5185,0.2,0.0,0.0,0.0,1.9796,-1.0659,-1.404,2.6507,-0.0639,0,0,0,0.679,0.356,0.644,0,0,0.0,4,SEARCH_PHASE,1.9563,-1.0307,-12.4883,6.6143
1676,47.46,23.6752,-10.9249,3.6555,1.9584,-1.0312,-1.4194,3.515,14.088,14.505,36.1244,-17.5185,0.2,0.0,0.0,0.0,1.976,-1.0694,-1.356,2.6242,-0.102,0,0,0,0.683,0.357,0.643,0,0,0.0,4,SEARCH_PHASE,1.9584,-1.0312,-12.4492,6.5937
1677,47.492,23.7144,-10.9455,3.6277,1.9597,-1.0301,-1.3909,3.488,14.043,14.455,36.1244,-17.5185,0.2,0.0,0.0,0.0,1.9754,-1.0672,-1.308,2.5985,-0.0575,0,0,0,0.682,0.357,0.643,0,0,0.0,4,SEARCH_PHASE,1.9597,-1.0301,-12.41,6.573
1678,47.522,23.7537,-10.9661,3.6006,1.9619,-1.0307,-1.3553,3.461,13.999,14.406,36.1244,-17.5185,0.2,0.0,0.0,0.0,1.972,-1.0704,-1.26,2.5733,-0.0972,0,0,0,0.686,0.358,0.642,0,0,0.0,4,SEARCH_PHASE,1.9619,-1.0307,-12.3707,6.5524
1679,47.552,23.7929,-10.9866,3.5742,1.9625,-1.0291,-1.3152,3.434,13.955,14.357,36.1244,-17.5185,0.2,0.0,0.0,0.0,1.9725,-1.0662,-1.212,2.5488,-0.0585,0,0,0,0.684,0.359,0.641,0,0,0.0,4,SEARCH_PHASE,1.9625,-1.0291,-12.3315,6.5319
1680,47.582,23.8322,-11.0072,3.5488,1.9637,-1.0288,-1.2723,3.409,13.91,14.308,36.1244,-17.5185,0.2,0.0,0.0,0.0,1.9698,-1.068,-1.164,2.525,-0.0986,0,0,0,0.687,0.364,0.636,0,0,0.0,4,SEARCH_PHASE,1.9637,-1.0288,-12.2922,6.5113
1681,47.612,23.8715,-11.0278,3.5243,1.9626,-1.0265,-1.2276,3.384,13.866,14.259,36.1244,-17.5185,0.2,0.0,0.0,0.0,1.9719,-1.0609,-1.116,2.5018,-0.0527,0,0,0,0.685,0.358,0.642,0,0,0.0,4,SEARCH_PHASE,1.9626,-1.0265,-12.253,6.4907
1682,47.64,23.9107,-11.0483,3.5006,1.9617,-1.0259,-1.1818,3.361,13.822,14.21,36.1244,-17.5185,0.2,0.0,0.0,0.0,1.9698,-1.0616,-1.068,2.4794,-0.0928,0,0,0,0.687,0.364,0.636,0,0,0.0,4,SEARCH_PHASE,1.9617,-1.0259,-12.2137,6.4702
1683,47.667,23.9499,-11.0687,3.4779,1.9582,-1.0229,-1.1354,3.338,13.777,14.162,36.1244,-17.5185,0.2,0.0,0.0,0.0,1.968,-1.0616,-1.02,2.4578,-0.0568,0,0,0,0.689,0.365,0.635,0,0,0.0,4,SEARCH_PHASE,1.9582,-1.0229,-12.1746,6.4498
1684,47.695,23.9889,-11.0892,3.4561,1.9545,-1.0212,-1.0887,3.316,13.733,14.114,36.1244,-17.5185,0.2,0.0,0.0,0.0,1.9659,-1.0624,-0.972,2.4368,-0.0908,0,0,0,0.691,0.366,0.634,0,0,0.0,4,SEARCH_PHASE,1.9545,-1.0212,-12.1355,6.4293
1685,47.722,24.028,-11.1095,3.4353,1.9514,-1.0176,-1.0416,3.295,13.689,14.066,36.1244,-17.5185,0.2,0.0,0.0,0.0,1.9642,-1.0623,-0.924,2.4167,-0.0612,0,0,0,0.694,0.367,0.633,0,0,0.0,4,SEARCH_PHASE,1.9514,-1.0176,-12.0964,6.409
1686,47.75,24.0669,-11.1298,3.4154,1.948,-1.0154,-0.9944,3.275,13.645,14.019,36.1244,-17.5185,0.2,0.0,0.0,0.0,1.9622,-1.0629,-0.876,2.3973,-0.0946,0,0,0,0.695,0.372,0.628,0,0,0.0,4,SEARCH_PHASE,1.948,-1.0154,-12.0575,6.3887
1687,47.777,24.1058,-11.1501,3.3965,1.9452,-1.012,-0.9469,3.256,13.602,13.972,36.1244,-17.5185,0.2,0.0,0.0,0.0,1.9598,-1.0641,-0.828,2.3788,-0.0618,0,0,0,0.699,0.372,0.628,0,0,0.0,4,SEARCH_PHASE,1.9452,-1.012,-12.0186,6.3684
1688,47.807,24.1447,-11.1703,3.3785,1.9419,-1.0106,-0.8992,3.238,13.558,13.925,36.1244,-17.5185,0.2,0.0,0.0,0.0,1.9616,-1.0576,-0.78,2.3611,-0.0883,0,0,0,0.697,0.376,0.624,0,0,0.0,4,SEARCH_PHASE,1.9419,-1.0106,-11.9797,6.3482
1689,47.836,24.1835,-11.1904,3.3615,1.9399,-1.0083,-0.8516,3.221,13.514,13.879,36.1244,-17.5185,0.2,0.0,0.0,0.0,1.9596,-1.0581,-0.732,2.3443,-0.0618,0,0,0,0.699,0.373,0.627,0,0,0.0,4,SEARCH_PHASE,1.9399,-1.0083,-11.9409,6.3281
1690,47.864,24.2222,-11.2106,3.3454,1.9349,-1.0076,-0.8041,3.205,13.47,13.833,36.1244,-17.5185,0.2,0.0,0.0,0.0,1.9582,-1.0575,-0.684,2.3283,-0.0937,0,0,0,0.7,0.375,0.625,0,0,0.0,4,SEARCH_PHASE,1.9349,-1.0076,-11.9022,6.3079
1691,47.893,24.2608,-11.2307,3.3302,1.9307,-1.0061,-0.7564,3.19,13.427,13.787,36.1244,-17.5185,0.2,0.0,0.0,0.0,1.9539,-1.0624,-0.636,2.3132,-0.0679,0,0,0,0.706,0.375,0.625,0,0,0.0,4,SEARCH_PHASE,1.9307,-1.0061,-11.8636,6.2878
1692,47.922,24.2993,-11.2508,3.3161,1.9258,-1.0069,-0.7087,3.176,13.383,13.741,36.1244,-17.5185,0.2,0.0,0.0,0.0,1.9526,-1.0616,-0.588,2.299,-0.0939,0,0,0,0.706,0.381,0.619,0,0,0.0,4,SEARCH_PHASE,1.9258,-1.0069,-11.8251,6.2677
1693,47.951,24.3378,-11.271,3.3029,1.924,-1.0078,-0.661,3.163,13.34,13.696,36.1244,-17.5185,0.2,0.0,0.0,0.0,1.9485,-1.0661,-0.54,2.2858,-0.0681,0,0,0,0.711,0.381,0.619,0,0,0.0,4,SEARCH_PHASE,1.924,-1.0078,-11.7866,6.2475
1694,47.98,24.3762,-11.2912,3.2906,1.9208,-1.0111,-0.6133,3.151,13.297,13.651,36.1244,-17.5185,0.2,0.0,0.0,0.0,1.9494,-1.0613,-0.492,2.2734,-0.0942,0,0,0,0.71,0.388,0.612,0,0,0.0,4,SEARCH_PHASE,1.9208,-1.0111,-11.7482,6.2273
1695,48.009,24.4146,-11.3115,3.2793,1.9202,-1.0146,-0.5657,3.139,13.253,13.606,36.1244,-17.5185,0.2,0.0,0.0,0.0,1.9441,-1.0679,-0.444,2.2621,-0.0685,0,0,0,0.714,0.391,0.609,0,0,0.0,4,SEARCH_PHASE,1.9202,-1.0146,-11.7098,6.207
1696,48.039,24.453,-11.3319,3.2689,1.9177,-1.0208,-0.5183,3.129,13.21,13.562,36.1244,-17.5185,0.2,0.0,0.0,0.0,1.9457,-1.0618,-0.396,2.2517,-0.0679,0,0,0,0.713,0.395,0.605,0,0,0.0,4,SEARCH_PHASE,1.9177,-1.0208,-11.6715,6.1866
1697,48.07,24.4913,-11.3525,3.2595,1.9173,-1.0274,-0.4708,3.119,13.166,13.517,36.1244,-17.5185,0.2,0.0,0.0,0.0,1.935,-1.0782,-0.348,2.2423,-0.0519,0,0,0,0.717,0.394,0.606,0,0,0.0,4,SEARCH_PHASE,1.9173,-1.0274,-11.6331,6.166
1698,48.099,24.5296,-11.3732,3.251,1.9155,-1.034,-0.4231,3.111,13.123,13.473,36.1244,-17.5185,0.2,0.0,0.0,0.0,1.9366,-1.0722,-0.3,2.2338,-0.076,0,0,0,0.717,0.393,0.607,0,0,0.0,4,SEARCH_PHASE,1.9155,-1.034,-11.5948,6.1453
1699,48.127,24.5679,-11.3939,3.2435,1.9167,-1.0382,-0.3758,3.104,13.079,13.429,36.1244,-17.5185,0.2,0.0,0.0,0.0,1.9312,-1.0789,-0.252,2.2264,-0.0685,0,0,0,0.72,0.397,0.603,0,0,0.0,4,SEARCH_PHASE,1.9167,-1.0382,-11.5565,6.1246
1700,48.155,24.6063,-11.4148,3.237,1.917,-1.0424,-0.3281,3.097,13.035,13.385,36.1244,-17.5185,0.2,0.0,0.0,0.0,1.9342,-1.0704,-0.204,2.22,-0.097,0,0,0,0.718,0.398,0.602,0,0,0.0,4,SEARCH_PHASE,1.917,-1.0424,-11.5181,6.1037
1701,48.181,24.6447,-11.4357,3.2313,1.9193,-1.046,-0.2804,3.091,12.992,13.341,36.1244,-17.5185,0.2,0.0,0.0,0.0,1.9285,-1.0774,-0.156,2.2146,-0.0705,0,0,0,0.721,0.401,0.599,0,0,0.0,4,SEARCH_PHASE,1.9193,-1.046,-11.4797,6.0828
1702,48.208,24.6831,-11.4567,3.2267,1.9194,-1.0516,-0.2329,3.087,12.948,13.297,36.1244,-17.5185,0.2,0.0,0.0,0.0,1.9313,-1.0694,-0.108,2.2102,-0.0878,0,0,0,0.718,0.401,0.599,0,0,0.0,4,SEARCH_PHASE,1.9194,-1.0516,-11.4414,6.0618
1703,48.234,24.7215,-11.4779,3.223,1.921,-1.057,-0.1853,3.083,12.904,13.253,36.1244,-17.5185,0.2,0.0,0.0,0.0,1.9275,-1.0731,-0.06,2.2069,-0.0616,0,0,0,0.72,0.403,0.597,0,0,0.0,4,SEARCH_PHASE,1.921,-1.057,-11.4029,6.0406
1704,48.261,24.7599,-11.4991,3.2202,1.9203,-1.0633,-0.1377,3.08,12.86,13.21,36.1244,-17.5185,0.2,0.0,0.0,0.0,1.9308,-1.0641,-0.012,2.2046,-0.0903,0,0,0,0.714,0.405,0.595,0,0,0.0,4,SEARCH_PHASE,1.9203,-1.0633,-11.3645,6.0194
1705,48.288,24.7983,-11.5205,3.2184,1.9211,-1.0683,-0.0901,3.078,12.816,13.167,36.1244,-17.5185,0.2,0.0,0.0,0.0,1.9279,-1.0662,0.036,2.2034,-0.0641,0,0,0,0.715,0.402,0.598,0,0,0.0,4,SEARCH_PHASE,1.9211,-1.0683,-11.3261,5.998
1706,48.313,24.8367,-11.542,3.2176,1.919,-1.0746,-0.0426,3.078,12.772,13.124,36.1244,-17.5185,0.2,0.0,0.0,0.0,1.9304,-1.0584,0.084,2.2031,-0.0758,0,0,0,0.706,0.402,0.598,0,0,0.0,4,SEARCH_PHASE,1.919,-1.0746,-11.2877,5.9765
1707,48.339,24.875,-11.5636,3.2177,1.9179,-1.0797,0.0051,3.078,12.728,13.081,36.1244,-17.5185,0.2,0.0,0.0,0.0,1.9263,-1.0628,0.132,2.204,-0.0499,0,0,0,0.706,0.395,0.605,0,0,0.0,4,SEARCH_PHASE,1.9179,-1.0797,-11.2494,5.9549
1708,48.364,24.9133,-11.5853,3.2187,1.9139,-1.0845,0.0529,3.079,12.684,13.039,36.1244,-17.5185,0.2,0.0,0.0,0.0,1.9271,-1.0582,0.18,2.2059,-0.0789,0,0,0,0.701,0.397,0.603,0,0,0.0,4,SEARCH_PHASE,1.9139,-1.0845,-11.2111,5.9332
1709,48.389,24.9515,-11.607,3.2207,1.9111,-1.0866,0.1007,3.081,12.64,12.996,36.1244,-17.5185,0.2,0.0,0.0,0.0,1.9268,-1.0557,0.228,2.2088,-0.0532,0,0,0,0.701,0.389,0.611,0,0,0.0,4,SEARCH_PHASE,1.9111,-1.0866,-11.1729,5.9115
1710,48.414,24.9896,-11.6288,3.2237,1.905,-1.0886,0.1483,3.084,12.597,12.954,36.1244,-17.5185,0.2,0.0,0.0,0.0,1.9232,-1.0591,0.276,2.2128,-0.0892,0,0,0,0.701,0.395,0.605,0,0,0.0,4,SEARCH_PHASE,1.905,-1.0886,-11.1348,5.8897
1711,48.44,25.0276,-11.6505,3.2276,1.8996,-1.0881,0.196,3.088,12.553,12.913,36.1244,-17.5185,0.2,0.0,0.0,0.0,1.9235,-1.0554,0.324,2.2178,-0.0529,0,0,0,0.7,0.39,0.61,0,0,0.0,4,SEARCH_PHASE,1.8996,-1.0881,-11.0968,5.868
1712,48.465,25.0655,-11.6723,3.2325,1.8943,-1.0885,0.2439,3.093,12.509,12.871,36.1244,-17.5185,0.2,0.0,0.0,0.0,1.9156,-1.0665,0.372,2.2238,-0.0943,0,0,0,0.704,0.399,0.601,0,0,0.0,4,SEARCH_PHASE,1.8943,-1.0885,-11.0589,5.8462
1713,48.49,25.1033,-11.694,3.2383,1.8892,-1.0861,0.2918,3.098,12.466,12.83,36.1244,-17.5185,0.2,0.0,0.0,0.0,1.9171,-1.0607,0.42,2.2309,-0.05,0,0,0,0.702,0.39,0.61,0,0,0.0,4,SEARCH_PHASE,1.8892,-1.0861,-11.0211,5.8245
1714,48.515,25.141,-11.7157,3.2451,1.8867,-1.0851,0.3396,3.105,12.422,12.79,36.1244,-17.5185,0.2,0.0,0.0,0.0,1.9097,-1.0709,0.468,2.239,-0.0916,0,0,0,0.704,0.402,0.598,0,0,0.0,4,SEARCH_PHASE,1.8867,-1.0851,-10.9834,5.8028
1715,48.54,25.1787,-11.7373,3.2529,1.884,-1.0809,0.3872,3.113,12.379,12.75,36.1244,-17.5185,0.2,0.0,0.0,0.0,1.9122,-1.0633,0.516,2.248,-0.0577,0,0,0,0.702,0.396,0.604,0,0,0.0,4,SEARCH_PHASE,1.884,-1.0809,-10.9457,5.7812
1716,48.566,25.2164,-11.7589,3.2616,1.8834,-1.0776,0.435,3.122,12.335,12.709,36.1244,-17.5185,0.2,0.0,0.0,0.0,1.9051,-1.073,0.564,2.2581,-0.0994,0,0,0,0.704,0.402,0.598,0,0,0.0,4,SEARCH_PHASE,1.8834,-1.0776,-10.908,5.7596
1717,48.59,25.254,-11.7803,3.2712,1.8821,-1.0719,0.4827,3.131,12.292,12.67,36.1244,-17.5185,0.2,0.0,0.0,0.0,1.9087,-1.0636,0.612,2.2691,-0.0545,0,0,0,0.701,0.399,0.601,0,0,0.0,4,SEARCH_PHASE,1.8821,-1.0719,-10.8704,5.7382
1718,48.616,25.2917,-11.8017,3.2818,1.8824,-1.0678,0.5303,3.142,12.249,12.63,36.1244,-17.5185,0.2,0.0,0.0,0.0,1.9023,-1.072,0.66,2.2811,-0.0962,0,0,0,0.702,0.405,0.595,0,0,0.0,4,SEARCH_PHASE,1.8824,-1.0678,-10.8327,5.7168
1719,48.641,25.3293,-11.8229,3.2934,1.8816,-1.0609,0.5778,3.153,12.205,12.591,36.1244,-17.5185,0.2,0.0,0.0,0.0,1.9034,-1.0671,0.708,2.294,-0.0707,0,0,0,0.698,0.398,0.602,0,0,0.0,4,SEARCH_PHASE,1.8816,-1.0609,-10.7951,5.6956
1720,48.666,25.367,-11.844,3.3059,1.8821,-1.0552,0.6254,3.166,12.162,12.553,36.1244,-17.5185,0.2,0.0,0.0,0.0,1.896,-1.0772,0.756,2.3079,-0.1124,0,0,0,0.698,0.399,0.601,0,0,0.0,4,SEARCH_PHASE,1.8821,-1.0552,-10.7575,5.6745
1721,48.691,25.4046,-11.865,3.3194,1.8808,-1.0484,0.6731,3.179,12.119,12.514,36.1244,-17.5185,0.2,0.0,0.0,0.0,1.8952,-1.0754,0.804,2.3227,-0.0672,0,0,0,0.709,0.391,0.609,0,0,0.0,4,SEARCH_PHASE,1.8808,-1.0484,-10.7198,5.6535
1722,48.716,25.4422,-11.8859,3.3338,1.88,-1.0443,0.7208,3.194,12.076,12.476,36.1244,-17.5185,0.2,0.0,0.0,0.0,1.8888,-1.0837,0.852,2.3384,-0.1085,0,0,0,0.711,0.394,0.606,0,0,0.0,4,SEARCH_PHASE,1.88,-1.0443,-10.6822,5.6326
1723,48.742,25.4797,-11.9066,3.3492,1.877,-1.0388,0.7685,3.209,12.033,12.439,36.1244,-17.5185,0.2,0.0,0.0,0.0,1.8871,-1.0837,0.9,2.3549,-0.0644,0,0,0,0.715,0.386,0.614,0,0,0.0,4,SEARCH_PHASE,1.877,-1.0388,-10.6447,5.6119
1724,48.768,25.5172,-11.9274,3.3655,1.8743,-1.0357,0.8161,3.225,11.991,12.401,36.1244,-17.5185,0.2,0.0,0.0,0.0,1.8804,-1.0923,0.948,2.3723,-0.1054,0,0,0,0.71,0.387,0.613,0,0,0.0,4,SEARCH_PHASE,1.8743,-1.0357,-10.6072,5.5911
1725,48.794,25.5546,-11.948,3.3827,1.8694,-1.0308,0.8637,3.243,11.948,12.365,36.1244,-17.5185,0.2,0.0,0.0,0.0,1.8746,-1.0994,0.996,2.3906,-0.0656,0,0,0,0.714,0.381,0.619,0,0,0.0,4,SEARCH_PHASE,1.8694,-1.0308,-10.5698,5.5705
1726,48.819,25.5919,-11.9685,3.401,1.8647,-1.028,0.9114,3.261,11.905,12.328,36.1244,-17.5185,0.2,0.0,0.0,0.0,1.8669,-1.1097,1.044,2.4096,-0.1062,0,0,0,0.712,0.389,0.611,0,0,0.0,4,SEARCH_PHASE,1.8647,-1.028,-10.5325,5.55
1727,48.845,25.6291,-11.989,3.4202,1.8594,-1.0235,0.959,3.28,11.863,12.292,36.1244,-17.5185,0.2,0.0,0.0,0.0,1.8629,-1.1135,1.092,2.4295,-0.0859,0,0,0,0.712,0.378,0.622,0,0,0.0,4,SEARCH_PHASE,1.8594,-1.0235,-10.4953,5.5295
1728,48.87,25.6662,-12.0094,3.4403,1.8559,-1.0213,1.0061,3.3,11.821,12.257,36.1244,-17.5185,0.2,0.0,0.0,0.0,1.8553,-1.1233,1.14,2.4502,-0.1238,0,0,0,0.713,0.39,0.61,0,0,0.0,4,SEARCH_PHASE,1.8559,-1.0213,-10.4582,5.5091
1729,48.895,25.7032,-12.0298,3.4614,1.8509,-1.0196,1.0543,3.321,11.778,12.221,36.1244,-17.5185,0.2,0.0,0.0,0.0,1.8533,-1.1238,1.188,2.4716,-0.0737,0,0,0,0.717,0.38,0.62,0,0,0.0,4,SEARCH_PHASE,1.8509,-1.0196,-10.4212,5.4887
1730,48.922,25.7401,-12.0503,3.4834,1.847,-1.0225,1.1022,3.343,11.736,12.187,36.1244,-17.5185,0.2,0.0,0.0,0.0,1.8496,-1.127,1.236,2.4938,-0.1063,0,0,0,0.714,0.382,0.618,0,0,0.0,4,SEARCH_PHASE,1.847,-1.0225,-10.3843,5.4682
1731,48.948,25.777,-12.0708,3.5064,1.8414,-1.0256,1.1502,3.366,11.694,12.152,36.1244,-17.5185,0.2,0.0,0.0,0.0,1.8452,-1.1315,1.284,2.5167,-0.0554,0,0,0,0.716,0.379,0.621,0,0,0.0,4,SEARCH_PHASE,1.8414,-1.0256,-10.3474,5.4477
1732,48.975,25.8137,-12.0914,3.5304,1.8365,-1.0324,1.1978,3.39,11.652,12.118,36.1244,-17.5185,0.2,0.0,0.0,0.0,1.8395,-1.1379,1.332,2.5403,-0.0926,0,0,0,0.716,0.379,0.621,0,0,0.0,4,SEARCH_PHASE,1.8365,-1.0324,-10.3107,5.4271
1733,49.001,25.8503,-12.1122,3.5553,1.8296,-1.0386,1.2456,3.415,11.61,12.085,36.1244,-17.5185,0.2,0.0,0.0,0.0,1.8332,-1.1453,1.38,2.5645,-0.0551,0,0,0,0.727,0.375,0.625,0,0,0.0,4,SEARCH_PHASE,1.8296,-1.0386,-10.2741,5.4063
1734,49.028,25.8868,-12.1332,3.5811,1.823,-1.048,1.2928,3.441,11.568,12.052,36.1244,-17.5185,0.2,0.0,0.0,0.0,1.8286,-1.1499,1.428,2.5895,-0.0931,0,0,0,0.729,0.371,0.629,0,0,0.0,4,SEARCH_PHASE,1.823,-1.048,-10.2377,5.3853
1735,49.055,25.923,-12.1543,3.6079,1.8144,-1.0568,1.3403,3.468,11.526,12.019,36.1244,-17.5185,0.2,0.0,0.0,0.0,1.8176,-1.1646,1.476,2.6151,-0.0546,0,0,0,0.731,0.367,0.633,0,0,0.0,4,SEARCH_PHASE,1.8144,-1.0568,-10.2014,5.3642
1736,49.08,25.9592,-12.1757,3.6357,1.8066,-1.068,1.3879,3.496,11.484,11.987,36.1244,-17.5185,0.2,0.0,0.0,0.0,1.7901,-1.204,1.524,2.6414,-0.1001,0,0,0,0.734,0.373,0.627,0,0,0.0,4,SEARCH_PHASE,1.8066,-1.068,-10.1652,5.3428
1737,49.105,25.9951,-12.1972,3.6644,1.7978,-1.0776,1.4359,3.524,11.442,11.955,36.1244,-17.5185,0.2,0.0,0.0,0.0,1.7866,-1.2065,1.572,2.6681,-0.0588,0,0,0,0.729,0.373,0.627,0,0,0.0,4,SEARCH_PHASE,1.7978,-1.0776,-10.1293,5.3213
1738,49.129,26.0309,-12.219,3.6941,1.7904,-1.0896,1.4835,3.554,11.4,11.924,36.1244,-17.5185,0.2,0.0,0.0,0.0,1.7946,-1.192,1.62,2.6955,-0.1037,0,0,0,0.722,0.376,0.624,0,0,0.0,4,SEARCH_PHASE,1.7904,-1.0896,-10.0935,5.2995
1739,49.153,26.0666,-12.241,3.7247,1.7816,-1.0995,1.5309,3.585,11.358,11.893,36.1244,-17.5185,0.2,0.0,0.0,0.0,1.7979,-1.1844,1.668,2.7235,-0.0629,0,0,0,0.725,0.363,0.637,0,0,0.0,4,SEARCH_PHASE,1.7816,-1.0995,-10.0578,5.2775
1740,49.178,26.1021,-12.2632,3.7563,1.774,-1.1113,1.5774,3.616,11.317,11.862,36.1244,-17.5185,0.2,0.0,0.0,0.0,1.7852,-1.2008,1.7,2.7421,-0.104,0,0,0,0.727,0.367,0.633,0,0,0.0,4,SEARCH_PHASE,1.774,-1.1113,-10.0224,5.2553
1741,49.206,26.1373,-12.2856,3.7886,1.7648,-1.1205,1.6192,3.649,11.275,11.832,36.1244,-17.5185,0.2,0.0,0.0,0.0,1.7884,-1.1935,1.7,2.741,-0.06,0,0,0,0.733,0.347,0.653,0,0,0.0,4,SEARCH_PHASE,1.7648,-1.1205,-9.9871,5.2329
1742,49.23,26.1725,-12.3082,3.8215,1.7566,-1.1305,1.6452,3.682,11.233,11.803,36.1244,-17.5185,0.2,0.0,0.0,0.0,1.7845,-1.1968,1.7,2.7398,-0.0965,0,0,0,0.735,0.348,0.652,0,0,0.0,4,SEARCH_PHASE,1.7566,-1.1305,-9.9519,5.2103
1743,49.255,26.2074,-12.331,3.8548,1.7476,-1.1378,1.6614,3.715,11.192,11.773,36.1244,-17.5185,0.2,0.0,0.0,0.0,1.7916,-1.1836,1.652,2.7092,-0.0576,0,0,0,0.729,0.342,0.658,0,0,0.0,4,SEARCH_PHASE,1.7476,-1.1378,-9.917,5.1875
1744,49.279,26.2422,-12.3539,3.8878,1.7398,-1.145,1.6538,3.748,11.15,11.744,36.1244,-17.5185,0.2,0.0,0.0,0.0,1.7889,-1.1851,1.604,2.679,-0.0911,0,0,0,0.729,0.345,0.655,0,0,0.0,4,SEARCH_PHASE,1.7398,-1.145,-9.8822,5.1646
1745,49.306,26.2769,-12.3769,3.9205,1.7324,-1.1499,1.6314,3.78,11.109,11.715,36.1244,-17.5185,0.2,0.0,0.0,0.0,1.788,-1.1837,1.556,2.6494,-0.0506,0,0,0,0.72,0.337,0.663,0,0,0.0,4,SEARCH_PHASE,1.7324,-1.1499,-9.8475,5.1416
1746,49.331,26.3114,-12.4,3.9525,1.7267,-1.1552,1.5996,3.812,11.068,11.687,36.1244,-17.5185,0.2,0.0,0.0,0.0,1.7884,-1.1807,1.508,2.6204,-0.082,0,0,0,0.719,0.343,0.657,0,0,0.0,4,SEARCH_PHASE,1.7267,-1.1552,-9.813,5.1185
1747,49.356,26.3458,-12.4232,3.9837,1.7211,-1.1586,1.5612,3.844,11.026,11.658,36.1244,-17.5185,0.2,0.0,0.0,0.0,1.7918,-1.1729,1.46,2.5919,-0.0491,0,0,0,0.727,0.342,0.658,0,0,0.0,4,SEARCH_PHASE,1.7211,-1.1586,-9.7786,5.0953
1748,49.381,26.3802,-12.4464,4.0141,1.7168,-1.1625,1.5202,3.874,10.985,11.629,36.1244,-17.5185,0.2,0.0,0.0,0.0,1.7876,-1.1767,1.412,2.564,-0.0824,0,0,0,0.721,0.347,0.653,0,0,0.0,4,SEARCH_PHASE,1.7168,-1.1625,-9.7442,5.0721
1749,49.405,26.4144,-12.4697,4.0436,1.7131,-1.1647,1.4768,3.904,10.944,11.599,36.1244,-17.5185,0.2,0.0,0.0,0.0,1.793,-1.1658,1.364,2.5366,-0.0457,0,0,0,0.729,0.34,0.66,0,0,0.0,4,SEARCH_PHASE,1.7131,-1.1647,-9.71,5.0488
1750,49.43,26.4487,-12.4931,4.0723,1.711,-1.1675,1.4319,3.932,10.903,11.57,36.1244,-17.5185,0.2,0.0,0.0,0.0,1.7922,-1.1645,1.316,2.51,-0.0787,0,0,0,0.73,0.336,0.664,0,0,0.0,4,SEARCH_PHASE,1.711,-1.1675,-9.6758,5.0254
1751,49.454,26.4828,-12.5164,4.1,1.7093,-1.1685,1.3861,3.96,10.862,11.541,36.1244,-17.5185,0.2,0.0,0.0,0.0,1.7976,-1.1534,1.268,2.4839,-0.0418,0,0,0,0.735,0.331,0.669,0,0,0.0,4,SEARCH_PHASE,1.7093,-1.1685,-9.6416,5.0021
1752,49.479,26.517,-12.5398,4.1268,1.709,-1.1697,1.3397,3.987,10.821,11.511,36.1244,-17.5185,0.2,0.0,0.0,0.0,1.7976,-1.1509,1.22,2.4585,-0.0748,0,0,0,0.736,0.335,0.665,0,0,0.0,4,SEARCH_PHASE,1.709,-1.1697,-9.6074,4.9787
1753,49.504,26.5512,-12.5632,4.1526,1.7088,-1.169,1.2928,4.013,10.78,11.481,36.1244,-17.5185,0.2,0.0,0.0,0.0,1.8134,-1.1232,1.172,2.4338,-0.0402,0,0,0,0.734,0.331,0.669,0,0,0.0,4,SEARCH_PHASE,1.7088,-1.169,-9.5732,4.9553
1754,49.528,26.5854,-12.5866,4.1776,1.7099,-1.1682,1.2459,4.038,10.739,11.452,36.1244,-17.5185,0.2,0.0,0.0,0.0,1.8104,-1.1253,1.124,2.4098,-0.0731,0,0,0,0.735,0.329,0.671,0,0,0.0,4,SEARCH_PHASE,1.7099,-1.1682,-9.539,4.9319
1755,49.553,26.6196,-12.6099,4.2015,1.7114,-1.1655,1.1986,4.062,10.697,11.421,36.1244,-17.5185,0.2,0.0,0.0,0.0,1.8202,-1.1067,1.076,2.3866,-0.0367,0,0,0,0.73,0.331,0.669,0,0,0.0,4,SEARCH_PHASE,1.7114,-1.1655,-9.5048,4.9086
1756,49.578,26.6539,-12.6331,4.2246,1.7145,-1.1627,1.1515,4.085,10.656,11.391,36.1244,-17.5185,0.2,0.0,0.0,0.0,1.8178,-1.1079,1.028,2.364,-0.0704,0,0,0,0.731,0.325,0.675,0,0,0.0,4,SEARCH_PHASE,1.7145,-1.1627,-9.4705,4.8854
1757,49.602,26.6883,-12.6563,4.2466,1.7178,-1.1576,1.1041,4.107,10.615,11.36,36.1244,-17.5185,0.2,0.0,0.0,0.0,1.8212,-1.0996,0.98,2.3423,-0.0393,0,0,0,0.736,0.322,0.678,0,0,0.0,4,SEARCH_PHASE,1.7178,-1.1576,-9.4361,4.8622
1758,49.629,26.7227,-12.6793,4.2678,1.7224,-1.1522,1.0567,4.128,10.574,11.329,36.1244,-17.5185,0.2,0.0,0.0,0.0,1.8196,-1.0995,0.932,2.3213,-0.0733,0,0,0,0.736,0.317,0.683,0,0,0.0,4,SEARCH_PHASE,1.7224,-1.1522,-9.4017,4.8392
1759,49.653,26.7573,-12.7022,4.288,1.727,-1.1447,1.0091,4.148,10.533,11.298,36.1244,-17.5185,0.2,0.0,0.0,0.0,1.8304,-1.0785,0.884,2.3011,-0.0552,0,0,0,0.733,0.318,0.682,0,0,0.0,4,SEARCH_PHASE,1.727,-1.1447,-9.3672,4.8163
1760,49.677,26.7919,-12.725,4.3072,1.7326,-1.1369,0.9616,4.167,10.492,11.267,36.1244,-17.5185,0.2,0.0,0.0,0.0,1.8294,-1.0776,0.836,2.2818,-0.0841,0,0,0,0.734,0.313,0.687,0,0,0.0,4,SEARCH_PHASE,1.7326,-1.1369,-9.3325,4.7935
1761,49.702,26.8267,-12.7475,4.3255,1.7378,-1.128,0.914,4.185,10.45,11.235,36.1244,-17.5185,0.2,0.0,0.0,0.0,1.843,-1.0513,0.788,2.2633,-0.047,0,0,0,0.728,0.318,0.682,0,0,0.0,4,SEARCH_PHASE,1.7378,-1.128,-9.2977,4.771
1762,49.727,26.8615,-12.7699,4.3428,1.7438,-1.1196,0.8666,4.203,10.409,11.203,36.1244,-17.5185,0.2,0.0,0.0,0.0,1.8416,-1.0508,0.74,2.2457,-0.0809,0,0,0,0.728,0.315,0.685,0,0,0.0,4,SEARCH_PHASE,1.7438,-1.1196,-9.2629,4.7486
1763,49.752,26.8965,-12.7921,4.3592,1.7493,-1.1094,0.8188,4.219,10.368,11.171,36.1244,-17.5185,0.2,0.0,0.0,0.0,1.8477,-1.0372,0.692,2.229,-0.048,0,0,0,0.723,0.317,0.683,0,0,0.0,4,SEARCH_PHASE,1.7493,-1.1094,-9.2279,4.7264
1764,49.777,26.9316,-12.8141,4.3746,1.7553,-1.0993,0.7713,4.235,10.327,11.138,36.1244,-17.5185,0.2,0.0,0.0,0.0,1.8439,-1.041,0.644,2.2132,-0.0816,0,0,0,0.724,0.322,0.678,0,0,0.0,4,SEARCH_PHASE,1.7553,-1.0993,-9.1928,4.7044
1765,49.802,26.9669,-12.8358,4.3891,1.7614,-1.0876,0.7232,4.249,10.285,11.106,36.1244,-17.5185,0.2,0.0,0.0,0.0,1.8509,-1.0257,0.596,2.1984,-0.074,0,0,0,0.72,0.319,0.681,0,0,0.0,4,SEARCH_PHASE,1.7614,-1.0876,-9.1575,4.6827
1766,49.826,27.0022,-12.8574,4.4026,1.7688,-1.0761,0.6749,4.263,10.244,11.073,36.1244,-17.5185,0.2,0.0,0.0,0.0,1.8473,-1.0291,0.548,2.1845,-0.0795,0,0,0,0.721,0.324,0.676,0,0,0.0,4,SEARCH_PHASE,1.7688,-1.0761,-9.1222,4.6611
1767,49.851,27.0378,-12.8787,4.4151,1.7759,-1.0645,0.6271,4.275,10.203,11.039,36.1244,-17.5185,0.2,0.0,0.0,0.0,1.8533,-1.0153,0.5,2.1716,-0.0924,0,0,0,0.717,0.323,0.677,0,0,0.0,4,SEARCH_PHASE,1.7759,-1.0645,-9.0867,4.6398
1768,49.874,27.0734,-12.8997,4.4267,1.7843,-1.0531,0.5787,4.287,10.161,11.005,36.1244,-17.5185,0.2,0.0,0.0,0.0,1.8561,-1.0072,0.452,2.1596,-0.0629,0,0,0,0.719,0.312,0.688,0,0,0.0,4,SEARCH_PHASE,1.7843,-1.0531,-9.051,4.6188
1769,49.897,27.1093,-12.9206,4.4373,1.7922,-1.0429,0.5312,4.297,10.12,10.971,36.1244,-17.5185,0.2,0.0,0.0,0.0,1.8623,-0.9927,0.404,2.1487,-0.0847,0,0,0,0.717,0.311,0.689,0,0,0.0,4,SEARCH_PHASE,1.7922,-1.0429,-9.0151,4.5979
1770,49.922,27.1453,-12.9412,4.447,1.8005,-1.0325,0.4829,4.307,10.078,10.937,36.1244,-17.5185,0.2,0.0,0.0,0.0,1.8589,-0.996,0.356,2.1388,-0.0648,0,0,0,0.719,0.31,0.69,0,0,0.0,4,SEARCH_PHASE,1.8005,-1.0325,-8.9791,4.5773
1771,49.945,27.1814,-12.9617,4.4557,1.8072,-1.0232,0.4355,4.316,10.037,10.902,36.1244,-17.5185,0.2,0.0,0.0,0.0,1.8647,-0.9822,0.308,2.1299,-0.0902,0,0,0,0.729,0.31,0.69,0,0,0.0,4,SEARCH_PHASE,1.8072,-1.0232,-8.943,4.5568
1772,49.969,27.2177,-12.982,4.4634,1.8142,-1.0138,0.388,4.323,9.995,10.867,36.1244,-17.5185,0.2,0.0,0.0,0.0,1.866,-0.9766,0.26,2.1221,-0.0692,0,0,0,0.73,0.31,0.69,0,0,0.0,4,SEARCH_PHASE,1.8142,-1.0138,-8.9067,4.5365
1773,49.992,27.2541,-13.0021,4.4702,1.8194,-1.0056,0.3402,4.33,9.954,10.831,36.1244,-17.5185,0.2,0.0,0.0,0.0,1.8679,-0.9699,0.212,2.1153,-0.0781,0,0,0,0.728,0.318,0.682,0,0,0.0,4,SEARCH_PHASE,1.8194,-1.0056,-8.8703,4.5164
1774,50.016,27.2906,-13.022,4.4761,1.8247,-0.9974,0.2928,4.336,9.912,10.795,36.1244,-17.5185,0.2,0.0,0.0,0.0,1.866,-0.9704,0.164,2.1096,-0.0574,0,0,0,0.73,0.311,0.689,0,0,0.0,4,SEARCH_PHASE,1.8247,-0.9974,-8.8338,4.4965
1775,50.039,27.3272,-13.0418,4.481,1.8288,-0.9895,0.2452,4.341,9.871,10.759,36.1244,-17.5185,0.2,0.0,0.0,0.0,1.8687,-0.9621,0.116,2.105,-0.0829,0,0,0,0.727,0.312,0.688,0,0,0.0,4,SEARCH_PHASE,1.8288,-0.9895,-8.7972,4.4767
1776,50.062,27.3639,-13.0614,4.4849,1.8336,-0.9807,0.1975,4.345,9.829,10.723,36.1244,-17.5185,0.2,0.0,0.0,0.0,1.866,-0.9642,0.068,2.1015,-0.0636,0,0,0,0.728,0.317,0.683,0,0,0.0,4,SEARCH_PHASE,1.8336,-0.9807,-8.7606,4.4571
1777,50.084,27.4006,-13.0809,4.4879,1.837,-0.9723,0.1497,4.288,9.788,10.686,36.1244,-17.5185,0.2,0.0,0.0,0.0,1.8708,-0.9517,0.02,2.099,-0.0894,0,0,0,0.737,0.307,0.693,0,0,0.0,4,SEARCH_PHASE,1.837,-0.9723,-8.7238,4.4376
1778,50.106,27.4374,-13.1001,4.49,1.8407,-0.9633,0.1021,4.29,9.746,10.648,36.1244,-17.5185,0.2,0.0,0.0,0.0,1.8707,-0.9487,-0.028,2.0977,-0.0689,0,0,0,0.738,0.305,0.695,0,0,0.0,4,SEARCH_PHASE,1.8407,-0.9633,-8.687,4.4184
1779,50.128,27.4743,-13.1192,4.4911,1.8427,-0.9549,0.0538,4.291,9.705,10.611,36.1244,-17.5185,0.2,0.0,0.0,0.0,1.8733,-0.9404,-0.076,2.0975,-0.0959,0,0,0,0.737,0.302,0.698,0,0,0.0,4,SEARCH_PHASE,1.8427,-0.9549,-8.6501,4.3993
1780,50.149,27.5112,-13.1382,4.4912,1.8448,-0.946,0.0063,4.291,9.663,10.573,36.1244,-17.5185,0.2,0.0,0.0,0.0,1.8709,-0.9421,-0.124,2.0983,-0.0728,0,0,0,0.74,0.305,0.695,0,0,0.0,4,SEARCH_PHASE,1.8448,-0.946,-8.6133,4.3803
1781,50.171,27.5481,-13.1569,4.4904,1.8461,-0.938,-0.0412,4.29,9.622,10.535,36.1244,-17.5185,0.2,0.0,0.0,0.0,1.879,-0.9226,-0.172,2.1003,-0.0972,0,0,0,0.743,0.297,0.703,0,0,0.0,4,SEARCH_PHASE,1.8461,-0.938,-8.5763,4.3616
1782,50.193,27.585,-13.1755,4.4886,1.8483,-0.9298,-0.0887,4.289,9.58,10.496,36.1244,-17.5185,0.2,0.0,0.0,0.0,1.8778,-0.9217,-0.22,2.1034,-0.0755,0,0,0,0.744,0.3,0.7,0,0,0.0,4,SEARCH_PHASE,1.8483,-0.9298,-8.5394,4.343
1783,50.215,27.622,-13.194,4.4858,1.8491,-0.9227,-0.1367,4.286,9.539,10.458,36.1244,-17.5185,0.2,0.0,0.0,0.0,1.8849,-0.9039,-0.268,2.1075,-0.0971,0,0,0,0.749,0.292,0.708,0,0,0.0,4,SEARCH_PHASE,1.8491,-0.9227,-8.5024,4.3245
1784,50.237,27.659,-13.2123,4.4822,1.8504,-0.9154,-0.1841,4.282,9.498,10.418,36.1244,-17.5185,0.2,0.0,0.0,0.0,1.8871,-0.8958,-0.316,2.1127,-0.074,0,0,0,0.752,0.296,0.704,0,0,0.0,4,SEARCH_PHASE,1.8504,-0.9154,-8.4654,4.3062
1785,50.259,27.696,-13.2305,4.4775,1.8502,-0.9093,-0.2317,4.278,9.456,10.379,36.1244,-17.5185,0.2,0.0,0.0,0.0,1.8859,-0.8951,-0.364,2.1191,-0.0887,0,0,0,0.753,0.295,0.705,0,0,0.0,4,SEARCH_PHASE,1.8502,-0.9093,-8.4284,4.288
1786,50.282,27.733,-13.2485,4.4719,1.8503,-0.9031,-0.2793,4.272,9.415,10.339,36.1244,-17.5185,0.2,0.0,0.0,0.0,1.8892,-0.8849,-0.412,2.1264,-0.0612,0,0,0,0.756,0.295,0.705,0,0,0.0,4,SEARCH_PHASE,1.8503,-0.9031,-8.3914,4.27
1787,50.304,27.7701,-13.2665,4.4654,1.8502,-0.8977,-0.3268,4.265,9.374,10.299,36.1244,-17.5185,0.2,0.0,0.0,0.0,1.893,-0.8734,-0.46,2.1349,-0.0855,0,0,0,0.756,0.294,0.706,0,0,0.0,4,SEARCH_PHASE,1.8502,-0.8977,-8.3544,4.252
1788,50.326,27.8071,-13.2843,4.4579,1.8507,-0.8917,-0.3743,4.258,9.333,10.258,36.1244,-17.5185,0.2,0.0,0.0,0.0,1.896,-0.8634,-0.508,2.1444,-0.0634,0,0,0,0.76,0.298,0.702,0,0,0.0,4,SEARCH_PHASE,1.8507,-0.8917,-8.3173,4.2342
1789,50.347,27.8441,-13.302,4.4495,1.8505,-0.8864,-0.4217,4.25,9.292,10.218,36.1244,-17.5185,0.2,0.0,0.0,0.0,1.8984,-0.8547,-0.556,2.1549,-0.0851,0,0,0,0.76,0.293,0.707,0,0,0.0,4,SEARCH_PHASE,1.8505,-0.8864,-8.2803,4.2165
1790,50.369,27.8811,-13.3197,4.4401,1.8514,-0.8807,-0.4693,4.24,9.251,10.176,36.1244,-17.5185,0.2,0.0,0.0,0.0,1.9009,-0.8457,-0.604,2.1664,-0.0632,0,0,0,0.764,0.296,0.704,0,0,0.0,4,SEARCH_PHASE,1.8514,-0.8807,-8.2433,4.1988
1791,50.39,27.9181,-13.3372,4.4298,1.8513,-0.876,-0.517,4.23,9.21,10.135,36.1244,-17.5185,0.2,0.0,0.0,0.0,1.9039,-0.8354,-0.652,2.1789,-0.0647,0,0,0,0.764,0.299,0.701,0,0,0.0,4,SEARCH_PHASE,1.8513,-0.876,-8.2063,4.1813
1792,50.411,27.9552,-13.3546,4.4185,1.8521,-0.871,-0.5645,4.218,9.169,10.093,36.1244,-17.5185,0.2,0.0,0.0,0.0,1.9026,-0.8348,-0.7,2.1924,-0.051,0,0,0,0.765,0.295,0.705,0,0,0.0,4,SEARCH_PHASE,1.8521,-0.871,-8.1692,4.1639
1793,50.432,27.9922,-13.3719,4.4062,1.8521,-0.8657,-0.6125,4.206,9.128,10.051,36.1244,-17.5185,0.2,0.0,0.0,0.0,1.909,-0.8165,-0.748,2.2069,-0.0715,0,0,0,0.77,0.3,0.7,0,0,0.0,4,SEARCH_PHASE,1.8521,-0.8657,-8.1322,4.1466
1794,50.452,28.0293,-13.3891,4.393,1.8533,-0.859,-0.6601,4.293,9.088,10.008,36.1244,-17.5185,0.2,0.0,0.0,0.0,1.907,-0.8175,-0.7,2.1898,-0.0616,0,0,0,0.772,0.299,0.701,0,0,0.0,4,SEARCH_PHASE,1.8533,-0.859,-8.0951,4.1294
1795,50.473,28.0664,-13.4061,4.3796,1.8551,-0.8508,-0.6721,4.28,9.047,9.966,36.1244,-17.5185,0.2,0.0,0.0,0.0,1.9142,-0.797,-0.652,2.1736,-0.0888,0,0,0,0.775,0.301,0.699,0,0,0.0,4,SEARCH_PHASE,1.8551,-0.8508,-8.058,4.1124
1796,50.493,28.1036,-13.4229,4.3663,1.8592,-0.8407,-0.6619,4.266,9.006,9.923,36.1244,-17.5185,0.2,0.0,0.0,0.0,1.9155,-0.7901,-0.604,2.1583,-0.0641,0,0,0,0.777,0.297,0.703,0,0,0.0,4,SEARCH_PHASE,1.8592,-0.8407,-8.0208,4.0956
1797,50.513,28.1408,-13.4395,4.3536,1.8621,-0.831,-0.6378,4.254,8.965,9.881,36.1244,-17.5185,0.2,0.0,0.0,0.0,1.9194,-0.777,-0.556,2.144,-0.094,0,0,0,0.777,0.299,0.701,0,0,0.0,4,SEARCH_PHASE,1.8621,-0.831,-7.9836,4.079
1798,50.532,28.1781,-13.4559,4.3415,1.8667,-0.8198,-0.6049,4.241,8.925,9.839,36.1244,-17.5185,0.2,0.0,0.0,0.0,1.9196,-0.7727,-0.508,2.1307,-0.0679,0,0,0,0.779,0.304,0.696,0,0,0.0,4,SEARCH_PHASE,1.8667,-0.8198,-7.9463,4.0626
1799,50.553,28.2155,-13.4721,4.3302,1.869,-0.8096,-0.5665,4.23,8.884,9.797,36.1244,-17.5185,0.2,0.0,0.0,0.0,1.919,-0.7703,-0.46,2.1184,-0.0993,0,0,0,0.778,0.294,0.706,0,0,0.0,4,SEARCH_PHASE,1.869,-0.8096,-7.9089,4.0464
1800,50.572,28.253,-13.4881,4.3197,1.8725,-0.7982,-0.5248,4.22,8.843,9.756,36.1244,-17.5185,0.2,0.0,0.0,0.0,1.9194,-0.7657,-0.412,2.1072,-0.0728,0,0,0,0.78,0.297,0.703,0,0,0.0,4,SEARCH_PHASE,1.8725,-0.7982,-7.8714,4.0304
1801,50.593,28.2904,-13.5039,4.31,1.8733,-0.7883,-0.4815,4.21,8.803,9.715,36.1244,-17.5185,0.2,0.0,0.0,0.0,1.9181,-0.7651,-0.364,2.0969,-0.1021,0,0,0,0.781,0.292,0.708,0,0,0.0,4,SEARCH_PHASE,1.8733,-0.7883,-7.834,4.0146
1802,50.611,28.3279,-13.5194,4.3013,1.875,-0.7775,-0.4359,4.201,8.762,9.675,36.1244,-17.5185,0.2,0.0,0.0,0.0,1.9331,-0.7226,-0.316,2.0878,-0.072,0,0,0,0.785,0.296,0.704,0,0,0.0,4,SEARCH_PHASE,1.875,-0.7775,-7.7965,3.9991
1803,50.63,28.3654,-13.5348,4.2935,1.8751,-0.7686,-0.3893,4.194,8.722,9.635,36.1244,-17.5185,0.2,0.0,0.0,0.0,1.9262,-0.7369,-0.268,2.0797,-0.0993,0,0,0,0.785,0.292,0.708,0,0,0.0,4,SEARCH_PHASE,1.8751,-0.7686,-7.759,3.9837
1804,50.65,28.403,-13.55,4.2867,1.8775,-0.7593,-0.3424,4.187,8.682,9.595,36.1244,-17.5185,0.2,0.0,0.0,0.0,1.9416,-0.6914,-0.22,2.0727,-0.0697,0,0,0,0.788,0.296,0.704,0,0,0.0,4,SEARCH_PHASE,1.8775,-0.7593,-7.7214,3.9685
1805,50.669,28.4405,-13.565,4.2808,1.8778,-0.7522,-0.2952,4.181,8.641,9.556,36.1244,-17.5185,0.2,0.0,0.0,0.0,1.9286,-0.7225,-0.172,2.0667,-0.0639,0,0,0,0.788,0.298,0.702,0,0,0.0,4,SEARCH_PHASE,1.8778,-0.7522,-7.6839,3.9535
1806,50.69,28.4781,-13.5799,4.2758,1.8799,-0.7449,-0.2478,4.176,8.601,9.518,36.1244,-17.5185,0.2,0.0,0.0,0.0,1.9374,-0.6947,-0.124,2.0619,-0.1076,0,0,0,0.788,0.29,0.71,0,0,0.0,4,SEARCH_PHASE,1.8799,-0.7449,-7.6463,3.9386
1807,50.709,28.5157,-13.5946,4.2718,1.8803,-0.7366,-0.2002,4.172,8.561,9.48,36.1244,-17.5185,0.2,0.0,0.0,0.0,1.9195,-0.7392,-0.076,2.0584,-0.0649,0,0,0,0.788,0.288,0.712,0,0,0.0,4,SEARCH_PHASE,1.8803,-0.7366,-7.6087,3.9239
1808,50.727,28.5534,-13.6093,4.2688,1.8815,-0.7311,-0.1531,4.169,8.521,9.442,36.1244,-17.5185,0.2,0.0,0.0,0.0,1.92,-0.7336,-0.028,2.0556,-0.1082,0,0,0,0.788,0.286,0.714,0,0,0.0,4,SEARCH_PHASE,1.8815,-0.7311,-7.571,3.9092
1809,50.745,28.591,-13.6237,4.2666,1.8808,-0.7243,-0.1054,4.167,8.481,9.405,36.1244,-17.5185,0.2,0.0,0.0,0.0,1.9012,-0.7778,0.02,2.0543,-0.0647,0,0,0,0.788,0.287,0.713,0,0,0.0,4,SEARCH_PHASE,1.8808,-0.7243,-7.5334,3.8948
1810,50.762,28.6286,-13.6381,4.2655,1.8806,-0.7199,-0.0579,4.165,8.441,9.369,36.1244,-17.5185,0.2,0.0,0.0,0.0,1.8912,-0.7979,0.068,2.0538,-0.1072,0,0,0,0.788,0.287,0.713,0,0,0.0,4,SEARCH_PHASE,1.8806,-0.7199,-7.4958,3.8804
1811,50.78,28.6662,-13.6524,4.2653,1.8781,-0.7138,-0.0106,4.165,8.401,9.333,36.1244,-17.5185,0.2,0.0,0.0,0.0,1.8849,-0.8092,0.116,2.0546,-0.0966,0,0,0,0.788,0.291,0.709,0,0,0.0,4,SEARCH_PHASE,1.8781,-0.7138,-7.4582,3.8661
1812,50.799,28.7037,-13.6666,4.266,1.8758,-0.7098,0.0373,4.166,8.361,9.297,36.1244,-17.5185,0.2,0.0,0.0,0.0,1.9021,-0.7643,0.164,2.0565,-0.1298,0,0,0,0.792,0.289,0.711,0,0,0.0,4,SEARCH_PHASE,1.8758,-0.7098,-7.4207,3.8519
1813,50.818,28.7411,-13.6808,4.2677,1.8726,-0.707,0.0853,4.168,8.321,9.262,36.1244,-17.5185,0.2,0.0,0.0,0.0,1.9183,-0.7192,0.212,2.0596,-0.0906,0,0,0,0.793,0.287,0.713,0,0,0.0,4,SEARCH_PHASE,1.8726,-0.707,-7.3833,3.8377
1814,50.837,28.7786,-13.6949,4.2704,1.8712,-0.7095,0.1329,4.17,8.281,9.228,36.1244,-17.5185,0.2,0.0,0.0,0.0,1.9334,-0.6736,0.26,2.0638,-0.0595,0,0,0,0.797,0.295,0.705,0,0,0.0,4,SEARCH_PHASE,1.8712,-0.7095,-7.3459,3.8236
1815,50.856,28.8159,-13.7092,4.274,1.8692,-0.7133,0.1805,4.174,8.242,9.194,36.1244,-17.5185,0.2,0.0,0.0,0.0,1.9251,-0.6923,0.308,2.0689,-0.0706,0,0,0,0.797,0.288,0.712,0,0,0.0,4,SEARCH_PHASE,1.8692,-0.7133,-7.3085,3.8093
1816,50.875,28.8533,-13.7235,4.2786,1.8701,-0.716,0.2283,4.179,8.202,9.16,36.1244,-17.5185,0.2,0.0,0.0,0.0,1.9282,-0.6795,0.356,2.0752,-0.0508,0,0,0,0.798,0.297,0.703,0,0,0.0,4,SEARCH_PHASE,1.8701,-0.716,-7.2711,3.795
1817,50.893,28.8907,-13.7379,4.2841,1.87,-0.7187,0.2754,4.184,8.162,9.127,36.1244,-17.5185,0.2,0.0,0.0,0.0,1.9106,-0.7242,0.404,2.0828,-0.0785,0,0,0,0.797,0.295,0.705,0,0,0.0,4,SEARCH_PHASE,1.87,-0.7187,-7.2337,3.7806
1818,50.913,28.9282,-13.7523,4.2905,1.8732,-0.719,0.3231,4.191,8.122,9.094,36.1244,-17.5185,0.2,0.0,0.0,0.0,1.9202,-0.6937,0.452,2.0911,-0.0693,0,0,0,0.799,0.299,0.701,0,0,0.0,4,SEARCH_PHASE,1.8732,-0.719,-7.1962,3.7662
1819,50.932,28.9657,-13.7667,4.298,1.8756,-0.7192,0.371,4.198,8.082,9.062,36.1244,-17.5185,0.2,0.0,0.0,0.0,1.9023,-0.7382,0.5,2.1009,-0.0951,0,0,0,0.797,0.294,0.706,0,0,0.0,4,SEARCH_PHASE,1.8756,-0.7192,-7.1587,3.7518
1820,50.951,29.0033,-13.781,4.3063,1.8802,-0.7186,0.4188,4.206,8.042,9.03,36.1244,-17.5185,0.2,0.0,0.0,0.0,1.9004,-0.7388,0.548,2.1113,-0.0688,0,0,0,0.798,0.298,0.702,0,0,0.0,4,SEARCH_PHASE,1.8802,-0.7186,-7.1211,3.7375
1821,50.97,29.041,-13.7954,4.3157,1.8826,-0.7194,0.4665,4.216,8.002,8.999,36.1244,-17.5185,0.2,0.0,0.0,0.0,1.8865,-0.7701,0.596,2.123,-0.0999,0,0,0,0.796,0.291,0.709,0,0,0.0,4,SEARCH_PHASE,1.8826,-0.7194,-7.0834,3.7231
1822,50.987,29.0787,-13.8098,4.3259,1.8869,-0.7191,0.5142,4.226,7.962,8.968,36.1244,-17.5185,0.2,0.0,0.0,0.0,1.8897,-0.7585,0.644,2.1356,-0.0735,0,0,1,0.794,0.291,0.709,0,0,0.0,4,ACQUISITION_ASSIST,1.8869,-0.7191,-7.0457,3.7087
1823,51.005,29.1164,-13.8242,4.334,1.8844,-0.7184,0.4003,4.234,7.922,8.936,36.1244,-17.5185,0.2,0.0,0.0,0.0,1.8818,-0.7742,0.692,2.1493,-0.0724,0,0,1,0.791,0.293,0.707,0,0,0.0,4,ACQUISITION_ASSIST,1.8844,-0.7184,-7.008,3.6943
1824,51.023,29.1541,-13.8385,4.3397,1.8825,-0.7174,0.2868,4.24,7.882,8.903,36.1244,-17.5185,0.2,0.0,0.0,0.0,1.8619,-0.8178,0.74,2.1641,-0.0714,0,0,1,0.793,0.292,0.708,0,0,0.0,4,ACQUISITION_ASSIST,1.8825,-0.7174,-6.9704,3.68
1825,51.042,29.1917,-13.8528,4.3432,1.881,-0.7161,0.1734,4.243,7.842,8.869,36.1244,-17.5185,0.2,0.0,0.0,0.0,1.8526,-0.835,0.788,2.1795,-0.0703,0,0,1,0.794,0.292,0.708,0,0,0.0,4,ACQUISITION_ASSIST,1.881,-0.7161,-6.9327,3.6657
1826,51.061,29.2293,-13.8671,4.3444,1.88,-0.7145,0.0604,4.244,7.802,8.835,36.1244,-17.5185,0.2,0.0,0.0,0.0,1.8428,-0.8531,0.836,2.1961,-0.0693,0,0,1,0.796,0.299,0.701,0,0,0.0,4,ACQUISITION_ASSIST,1.88,-0.7145,-6.8951,3.6514
1827,51.08,29.2669,-13.8814,4.3433,1.8795,-0.7126,-0.0524,4.243,7.762,8.799,36.1244,-17.5185,0.2,0.0,0.0,0.0,1.8444,-0.8464,0.884,2.2135,-0.0682,0,0,1,0.798,0.302,0.698,0,0,0.0,4,ACQUISITION_ASSIST,1.8795,-0.7126,-6.8575,3.6371
1828,51.098,29.3045,-13.8956,4.34,1.8794,-0.7105,-0.165,4.24,7.723,8.762,36.1244,-17.5185,0.2,0.0,0.0,0.0,1.8457,-0.8402,0.932,2.2319,-0.0672,0,0,1,0.8,0.306,0.694,0,0,0.0,4,ACQUISITION_ASSIST,1.8794,-0.7105,-6.82,3.6229
1829,51.117,29.3421,-13.9098,4.3346,1.8802,-0.7079,-0.271,4.235,7.683,8.725,36.1244,-17.5185,0.2,0.0,0.0,0.0,1.8547,-0.8169,0.98,2.2511,-0.0796,0,0,1,0.801,0.303,0.697,0,0,0.0,4,ACQUISITION_ASSIST,1.8802,-0.7079,-6.7824,3.6087
1830,51.135,29.3797,-13.9239,4.3277,1.8836,-0.7047,-0.3431,4.228,7.643,8.686,36.1244,-17.5185,0.2,0.0,0.0,0.0,1.8458,-0.8333,1.028,2.2712,-0.0904,0,0,1,0.801,0.295,0.705,0,0,0.0,4,ACQUISITION_ASSIST,1.8836,-0.7047,-6.7447,3.5946
1831,51.153,29.4175,-13.9379,4.32,1.8884,-0.7013,-0.3875,4.22,7.603,8.647,36.1244,-17.5185,0.2,0.0,0.0,0.0,1.8395,-0.8438,1.076,2.2921,-0.1047,0,0,1,0.799,0.281,0.719,0,0,0.0,4,ACQUISITION_ASSIST,1.8884,-0.7013,-6.7069,3.5806
1832,51.172,29.4553,-13.9519,4.3118,1.892,-0.6991,-0.4115,4.212,7.563,8.608,36.1244,-17.5185,0.2,0.0,0.0,0.0,1.8179,-0.8867,1.028,2.2689,-0.0582,0,0,1,0.789,0.277,0.723,0,0,0.0,4,ACQUISITION_ASSIST,1.892,-0.6991,-6.6691,3.5666
1833,51.191,29.4932,-13.9659,4.3033,1.8911,-0.6996,-0.4223,4.203,7.523,8.569,36.1244,-17.5185,0.2,0.0,0.0,0.0,1.7952,-0.929,0.98,2.2464,-0.0489,0,0,1,0.783,0.252,0.748,0,0,0.0,4,ACQUISITION_ASSIST,1.8911,-0.6996,-6.6313,3.5526
1834,51.21,29.5308,-13.9799,4.2948,1.8834,-0.6999,-0.4236,4.195,7.483,8.53,36.1244,-17.5185,0.2,0.0,0.0,0.0,1.7796,-0.9551,0.932,2.2244,-0.0249,0,0,1,0.531,0.239,0.761,0,0,0.0,4,ACQUISITION_ASSIST,1.8834,-0.6999,-6.5936,3.5387
1835,51.227,29.5681,-13.9938,4.2865,1.8659,-0.6992,-0.4192,4.186,7.444,8.492,36.1244,-17.5185,0.2,0.0,0.0,0.0,1.7778,-0.9557,0.884,2.2035,-0.0588,0,0,1,0.511,0.206,0.794,0,0,0.0,4,ACQUISITION_ASSIST,1.8659,-0.6992,-6.5563,3.5247
1836,51.241,29.6049,-14.0077,4.2782,1.8367,-0.6957,-0.4124,4.178,7.405,8.453,36.1244,-17.5185,0.2,0.0,0.0,0.0,1.7759,-0.9563,0.836,2.1834,-0.0447,0,0,1,0.474,0.192,0.808,0,0,0.0,4,ACQUISITION_ASSIST,1.8367,-0.6957,-6.5195,3.5108
1837,51.255,29.6408,-14.0216,4.2701,1.7954,-0.692,-0.4076,4.17,7.367,8.416,36.1244,-17.5185,0.2,0.0,0.0,0.0,1.7741,-0.9569,0.788,2.1643,-0.0461,0,0,1,0.405,0.174,0.826,0,0,0.0,4,ACQUISITION_ASSIST,1.7954,-0.692,-6.4836,3.4969
1838,51.27,29.6757,-14.0353,4.2619,1.7454,-0.6867,-0.4059,4.162,7.329,8.38,36.1244,-17.5185,0.2,0.0,0.0,0.0,1.7724,-0.9573,0.74,2.1461,-0.078,0,0,1,0.353,0.151,0.849,0,0,0.0,4,ACQUISITION_ASSIST,1.7454,-0.6867,-6.4487,3.4832
1839,51.284,29.7095,-14.0489,4.2538,1.6895,-0.6801,-0.4071,4.154,7.293,8.344,36.1244,-17.5185,0.2,0.0,0.0,0.0,1.7708,-0.9577,0.692,2.1288,-0.0596,0,0,1,0.311,0.141,0.859,0,0,0.0,4,ACQUISITION_ASSIST,1.6895,-0.6801,-6.4149,3.4696
1840,51.298,29.742,-14.0624,4.2456,1.6258,-0.6742,-0.4114,4.146,7.258,8.309,36.1244,-17.5185,0.2,0.0,0.0,0.0,1.7693,-0.9581,0.644,2.1125,-0.0354,0,0,1,0.311,0.136,0.864,0,0,0.0,4,ACQUISITION_ASSIST,1.6258,-0.6742,-6.3824,3.4561
1841,51.313,29.7731,-14.0758,4.2372,1.5575,-0.6673,-0.4188,4.137,7.224,8.276,36.1244,-17.5185,0.2,0.0,0.0,0.0,1.7678,-0.9583,0.596,2.0973,-0.0827,0,0,1,0.31,0.143,0.857,0,0,0.0,4,ACQUISITION_ASSIST,1.5575,-0.6673,-6.3513,3.4427
1842,51.327,29.8029,-14.0889,4.2286,1.4877,-0.6577,-0.4279,4.129,7.192,8.243,36.1244,-17.5185,0.2,0.0,0.0,0.0,1.7665,-0.9584,0.548,2.0831,-0.0617,0,0,1,0.31,0.142,0.858,0,0,0.0,4,ACQUISITION_ASSIST,1.4877,-0.6577,-6.3215,3.4296
1843,51.341,29.8313,-14.1019,4.2199,1.4177,-0.6487,-0.4373,4.12,7.161,8.212,36.1244,-17.5185,0.2,0.0,0.0,0.0,1.7653,-0.9584,0.5,2.0699,-0.0836,0,0,1,0.312,0.145,0.855,0,0,0.0,4,ACQUISITION_ASSIST,1.4177,-0.6487,-6.2932,3.4166
1844,51.355,29.8582,-14.1146,4.2109,1.348,-0.6377,-0.4469,4.111,7.131,8.182,36.1244,-17.5185,0.2,0.0,0.0,0.0,1.7642,-0.9583,0.452,2.0579,-0.0725,0,0,1,0.331,0.158,0.842,0,0,0.0,4,ACQUISITION_ASSIST,1.348,-0.6377,-6.2662,3.4039
1845,51.37,29.8838,-14.1272,4.2018,1.2797,-0.6275,-0.4556,4.102,7.103,8.152,36.1244,-17.5185,0.2,0.0,0.0,0.0,1.7631,-0.9581,0.404,2.0469,-0.0835,0,0,1,0.346,0.158,0.842,0,0,0.0,4,ACQUISITION_ASSIST,1.2797,-0.6275,-6.2406,3.3913
1846,51.384,29.9081,-14.1395,4.1926,1.2159,-0.6165,-0.4632,4.093,7.075,8.124,36.1244,-17.5185,0.2,0.0,0.0,0.0,1.7622,-0.9579,0.356,2.0371,-0.0695,0,0,1,0.377,0.165,0.835,0,0,0.0,4,ACQUISITION_ASSIST,1.2159,-0.6165,-6.2163,3.379
1847,51.399,29.9312,-14.1517,4.1832,1.1533,-0.6066,-0.4692,4.083,7.049,8.097,36.1244,-17.5185,0.2,0.0,0.0,0.0,1.7614,-0.9575,0.308,2.0283,-0.0952,0,0,1,0.419,0.184,0.816,0,0,0.0,4,ACQUISITION_ASSIST,1.1533,-0.6066,-6.1932,3.3669
1848,51.413,29.9531,-14.1636,4.1737,1.0948,-0.596,-0.4733,4.074,7.024,8.07,36.1244,-17.5185,0.2,0.0,0.0,0.0,1.7606,-0.9571,0.26,2.0208,-0.069,0,0,1,0.446,0.197,0.803,0,0,0.0,4,ACQUISITION_ASSIST,1.0948,-0.596,-6.1713,3.3549
1849,51.427,29.9739,-14.1753,4.1642,1.0422,-0.5876,-0.4751,4.064,7.0,8.045,36.1244,-17.5185,0.2,0.0,0.0,0.0,1.7599,-0.9566,0.212,2.0143,-0.0967,0,0,1,0.509,0.21,0.79,0,0,0.0,4,ACQUISITION_ASSIST,1.0422,-0.5876,-6.1505,3.3432
1850,51.442,29.9938,-14.1869,4.1547,0.9945,-0.5785,-0.4752,4.055,6.977,8.02,36.1244,-17.5185,0.2,0.0,0.0,0.0,1.7593,-0.9561,0.164,2.0091,-0.0676,0,0,1,0.531,0.226,0.774,0,0,0.0,4,ACQUISITION_ASSIST,0.9945,-0.5785,-6.1306,3.3316
1851,51.457,30.0129,-14.1983,4.1452,0.9534,-0.5717,-0.4736,4.045,6.955,7.996,36.1244,-17.5185,0.2,0.0,0.0,0.0,1.7588,-0.9555,0.116,2.0049,-0.0975,0,0,1,0.537,0.249,0.751,0,0,0.0,4,ACQUISITION_ASSIST,0.9534,-0.5717,-6.1115,3.3202
1852,51.472,30.0313,-14.2096,4.1358,0.918,-0.5641,-0.4707,4.036,6.934,7.973,36.1244,-17.5185,0.2,0.0,0.0,0.0,1.7583,-0.9548,0.068,2.002,-0.0624,0,0,1,0.555,0.246,0.754,0,0,0.0,4,ACQUISITION_ASSIST,0.918,-0.5641,-6.0932,3.3089
1853,51.488,30.049,-14.2208,4.1265,0.8899,-0.5587,-0.4672,4.026,6.913,7.95,36.1244,-17.5185,0.2,0.0,0.0,0.0,1.7579,-0.9542,0.02,2.0002,-0.0945,0,0,1,0.578,0.265,0.735,0,0,0.0,4,ACQUISITION_ASSIST,0.8899,-0.5587,-6.0754,3.2977
1854,51.504,30.0664,-14.2318,4.1172,0.8671,-0.5523,-0.4632,4.017,6.892,7.928,36.1244,-17.5185,0.2,0.0,0.0,0.0,1.7574,-0.9535,-0.028,1.9996,-0.0731,0,0,1,0.592,0.279,0.721,0,0,0.0,4,ACQUISITION_ASSIST,0.8671,-0.5523,-6.058,3.2867
1855,51.52,30.0834,-14.2428,4.108,0.8515,-0.5477,-0.459,4.008,6.872,7.905,36.1244,-17.5185,0.2,0.0,0.0,0.0,1.757,-0.9527,-0.076,2.0002,-0.1073,0,0,1,0.61,0.288,0.712,0,0,0.0,4,ACQUISITION_ASSIST,0.8515,-0.5477,-6.041,3.2757
1856,51.538,30.1002,-14.2536,4.099,0.8406,-0.5432,-0.4547,3.999,6.852,7.884,36.1244,-17.5185,0.2,0.0,0.0,0.0,1.7566,-0.952,-0.124,2.0019,-0.0672,0,0,1,0.62,0.286,0.714,0,0,0.0,4,ACQUISITION_ASSIST,0.8406,-0.5432,-6.0242,3.2649
1857,51.557,30.117,-14.2645,4.0899,0.8361,-0.5415,-0.451,3.99,6.832,7.862,36.1244,-17.5185,0.2,0.0,0.0,0.0,1.7586,-0.9469,-0.172,2.0047,-0.1032,0,0,1,0.824,0.305,0.695,0,0,0.0,4,ACQUISITION_ASSIST,0.8361,-0.5415,-6.0075,3.254
1858,51.575,30.1337,-14.2753,4.081,0.8361,-0.5396,-0.4475,3.981,6.812,7.84,36.1244,-17.5185,0.2,0.0,0.0,0.0,1.7711,-0.922,-0.22,2.0088,-0.061,0,0,1,0.828,0.317,0.683,0,0,0.0,4,ACQUISITION_ASSIST,0.8361,-0.5396,-5.9907,3.2432
1859,51.593,30.1505,-14.2861,4.0721,0.8421,-0.5402,-0.4449,3.972,6.792,7.819,36.1244,-17.5185,0.2,0.0,0.0,0.0,1.7792,-0.9046,-0.172,2.0034,-0.0938,0,0,1,0.831,0.323,0.677,0,0,0.0,4,ACQUISITION_ASSIST,0.8421,-0.5402,-5.9739,3.2324
1860,51.612,30.1676,-14.2969,4.0632,0.8522,-0.5402,-0.4429,3.963,6.772,7.797,36.1244,-17.5185,0.2,0.0,0.0,0.0,1.7848,-0.892,-0.124,1.9991,-0.0497,0,0,1,0.834,0.317,0.683,0,0,0.0,4,ACQUISITION_ASSIST,0.8522,-0.5402,-5.9568,3.2216
1861,51.631,30.1849,-14.3077,4.0544,0.8661,-0.542,-0.4418,3.954,6.752,7.775,36.1244,-17.5185,0.2,0.0,0.0,0.0,1.8048,-0.8483,-0.076,1.9956,-0.0886,0,0,1,0.837,0.328,0.672,0,0,0.0,4,ACQUISITION_ASSIST,0.8661,-0.542,-5.9395,3.2108
1862,51.649,30.2025,-14.3186,4.0456,0.882,-0.5425,-0.4413,3.946,6.731,7.752,36.1244,-17.5185,0.2,0.0,0.0,0.0,1.8236,-0.8042,-0.028,1.9932,-0.0538,0,0,1,0.84,0.328,0.672,0,0,0.0,4,ACQUISITION_ASSIST,0.882,-0.5425,-5.9219,3.1999
1863,51.667,30.2206,-14.3295,4.0367,0.9014,-0.5445,-0.4415,3.937,6.71,7.73,36.1244,-17.5185,0.2,0.0,0.0,0.0,1.8404,-0.7592,0.02,1.991,-0.0901,0,0,1,0.842,0.332,0.668,0,0,0.0,4,ACQUISITION_ASSIST,0.9014,-0.5445,-5.9039,3.189
1864,51.687,30.239,-14.3404,4.0279,0.9224,-0.5456,-0.4419,3.928,6.689,7.707,36.1244,-17.5185,0.2,0.0,0.0,0.0,1.8566,-0.714,0.068,1.9903,-0.0441,0,0,1,0.844,0.333,0.667,0,0,0.0,4,ACQUISITION_ASSIST,0.9224,-0.5456,-5.8854,3.1781
1865,51.705,30.2579,-14.3513,4.019,0.9451,-0.5484,-0.4428,3.919,6.667,7.683,36.1244,-17.5185,0.2,0.0,0.0,0.0,1.869,-0.6676,0.116,1.988,-0.0847,0,0,1,0.845,0.334,0.666,0,0,0.0,4,ACQUISITION_ASSIST,0.9451,-0.5484,-5.8665,3.1672
1866,51.723,30.2773,-14.3623,4.0101,0.9675,-0.5497,-0.4445,3.91,6.645,7.659,36.1244,-17.5185,0.2,0.0,0.0,0.0,1.8802,-0.621,0.164,1.9869,-0.0536,0,0,1,0.846,0.334,0.666,0,0,0.0,4,ACQUISITION_ASSIST,0.9675,-0.5497,-5.8472,3.1562
1867,51.742,30.2971,-14.3734,4.0012,0.9916,-0.5524,-0.4456,3.901,6.622,7.635,36.1244,-17.5185,0.2,0.0,0.0,0.0,1.8895,-0.5739,0.212,1.9861,-0.0914,0,0,1,0.845,0.332,0.668,0,0,0.0,4,ACQUISITION_ASSIST,0.9916,-0.5524,-5.8273,3.1451
1868,51.761,30.3174,-14.3845,3.9923,1.0152,-0.5538,-0.4467,3.892,6.599,7.611,36.1244,-17.5185,0.2,0.0,0.0,0.0,1.8759,-0.6199,0.26,1.9927,-0.0553,0,0,1,0.845,0.331,0.669,0,0,0.0,4,ACQUISITION_ASSIST,1.0152,-0.5538,-5.807,3.134
1869,51.777,30.3381,-14.3956,3.9834,1.0376,-0.5564,-0.4474,3.883,6.575,7.586,36.1244,-17.5185,0.2,0.0,0.0,0.0,1.8622,-0.6659,0.308,2.0015,-0.0987,0,0,1,0.845,0.33,0.67,0,0,0.0,4,ACQUISITION_ASSIST,1.0376,-0.5564,-5.7863,3.1229
1870,51.794,30.3593,-14.4067,3.9744,1.0585,-0.5575,-0.4481,3.874,6.551,7.561,36.1244,-17.5185,0.2,0.0,0.0,0.0,1.8474,-0.7116,0.356,2.0114,-0.0569,0,0,1,0.845,0.334,0.666,0,0,0.0,4,ACQUISITION_ASSIST,1.0585,-0.5575,-5.7651,3.1118
1871,51.809,30.3809,-14.4179,3.9654,1.0792,-0.5598,-0.4487,3.865,6.527,7.535,36.1244,-17.5185,0.2,0.0,0.0,0.0,1.8318,-0.757,0.404,2.0228,-0.0993,0,0,1,0.844,0.335,0.665,0,0,0.0,4,ACQUISITION_ASSIST,1.0792,-0.5598,-5.7435,3.1006
1872,51.825,30.4029,-14.4291,3.9564,1.0979,-0.5603,-0.4492,3.205,6.502,7.509,36.1244,-17.5185,0.2,0.0,0.0,0.0,1.812,-0.8007,0.356,2.0128,-0.0677,0,0,1,0.665,0.326,0.674,0,0,0.0,4,ACQUISITION_ASSIST,1.0979,-0.5603,-5.7216,3.0894
1873,51.842,30.4252,-14.4404,3.9474,1.1157,-0.5616,-0.45,3.193,6.477,7.483,36.1244,-17.5185,0.2,0.0,0.0,0.0,1.792,-0.8443,0.308,2.0048,-0.1058,0,0,1,0.664,0.324,0.676,0,0,0.0,4,ACQUISITION_ASSIST,1.1157,-0.5616,-5.6992,3.0781
1874,51.857,30.4478,-14.4516,3.9384,1.1307,-0.5615,-0.4497,3.181,6.452,7.457,36.1244,-17.5185,0.2,0.0,0.0,0.0,1.7717,-0.8878,0.26,1.9987,-0.0621,0,0,1,0.659,0.327,0.673,0,0,0.0,4,ACQUISITION_ASSIST,1.1307,-0.5615,-5.6766,3.0669
1875,51.874,30.4707,-14.4629,3.9295,1.1447,-0.5629,-0.4493,3.168,6.427,7.43,36.1244,-17.5185,0.2,0.0,0.0,0.0,1.7507,-0.931,0.212,1.9942,-0.1005,0,0,1,0.658,0.325,0.675,0,0,0.0,4,ACQUISITION_ASSIST,1.1447,-0.5629,-5.6537,3.0556
1876,51.891,30.4938,-14.4741,3.9205,1.1556,-0.5627,-0.4489,3.156,6.401,7.404,36.1244,-17.5185,0.2,0.0,0.0,0.0,1.7439,-0.9429,0.164,1.9893,-0.0644,0,0,1,0.652,0.32,0.68,0,0,0.0,4,ACQUISITION_ASSIST,1.1556,-0.5627,-5.6306,3.0444
1877,51.906,30.5171,-14.4854,3.9115,1.1652,-0.5636,-0.4483,3.144,6.375,7.377,36.1244,-17.5185,0.2,0.0,0.0,0.0,1.743,-0.9428,0.116,1.985,-0.1021,0,0,1,0.65,0.314,0.686,0,0,0.0,4,ACQUISITION_ASSIST,1.1652,-0.5636,-5.6073,3.0331
1878,51.922,30.5405,-14.4966,3.9026,1.1714,-0.5631,-0.4476,3.131,6.349,7.35,36.1244,-17.5185,0.2,0.0,0.0,0.0,1.742,-0.9427,0.068,1.9819,-0.0593,0,0,1,0.643,0.307,0.693,0,0,0.0,4,ACQUISITION_ASSIST,1.1714,-0.5631,-5.5839,3.0219
1879,51.937,30.564,-14.5079,3.8936,1.1758,-0.564,-0.4469,3.119,6.323,7.323,36.1244,-17.5185,0.2,0.0,0.0,0.0,1.741,-0.9427,0.02,1.98,-0.0961,0,0,1,0.641,0.303,0.697,0,0,0.0,4,ACQUISITION_ASSIST,1.1758,-0.564,-5.5604,3.0106
1880,51.954,30.5876,-14.5192,3.8847,1.1767,-0.5631,-0.4464,2.28,6.297,7.296,36.1244,-17.5185,0.2,0.0,0.0,0.0,1.7401,-0.9426,-0.028,1.9792,-0.0639,0,0,1,0.638,0.301,0.699,0,0,0.0,4,ACQUISITION_ASSIST,1.1767,-0.5631,-5.5368,2.9993
1881,51.969,30.6111,-14.5305,3.8758,1.1756,-0.5634,-0.446,2.262,6.271,7.269,36.1244,-17.5185,0.2,0.0,0.0,0.0,1.7391,-0.9425,-0.076,1.9795,-0.0953,0,0,1,0.636,0.3,0.7,0,0,0.0,4,ACQUISITION_ASSIST,1.1756,-0.5634,-5.5133,2.988
1882,51.985,30.6345,-14.5417,3.8669,1.1732,-0.5624,-0.4457,2.245,6.245,7.242,36.1244,-17.5185,0.2,0.0,0.0,0.0,1.7381,-0.9425,-0.124,1.9811,-0.0631,0,0,1,0.634,0.3,0.7,0,0,0.0,4,ACQUISITION_ASSIST,1.1732,-0.5624,-5.4899,2.9768
1883,52.001,30.6579,-14.553,3.8579,1.1693,-0.5625,-0.4454,2.228,6.219,7.215,36.1244,-17.5185,0.2,0.0,0.0,0.0,1.7371,-0.9424,-0.172,1.9838,-0.095,0,0,1,0.634,0.301,0.699,0,0,0.0,4,ACQUISITION_ASSIST,1.1693,-0.5625,-5.4665,2.9655
1884,52.017,30.6812,-14.5642,3.849,1.1644,-0.5615,-0.4452,2.21,6.193,7.188,36.1244,-17.5185,0.2,0.0,0.0,0.0,1.7362,-0.9423,-0.22,1.9876,-0.058,0,0,1,0.63,0.308,0.692,0,0,0.0,4,ACQUISITION_ASSIST,1.1644,-0.5615,-5.4432,2.9543
1885,52.033,30.7044,-14.5754,3.8401,1.1587,-0.5617,-0.4449,2.193,6.168,7.162,36.1244,-17.5185,0.2,0.0,0.0,0.0,1.7352,-0.9422,-0.268,1.9926,-0.0931,0,0,1,0.632,0.305,0.695,0,0,0.0,4,ACQUISITION_ASSIST,1.1587,-0.5617,-5.42,2.9431
1886,52.049,30.7274,-14.5866,3.8312,1.1515,-0.5604,-0.4449,2.176,6.142,7.135,36.1244,-17.5185,0.2,0.0,0.0,0.0,1.7342,-0.9421,-0.316,1.9988,-0.0559,0,0,1,0.628,0.308,0.692,0,0,0.0,4,ACQUISITION_ASSIST,1.1515,-0.5604,-5.397,2.9319
1887,52.064,30.7503,-14.5978,3.8224,1.1442,-0.5605,-0.4448,2.158,6.116,7.109,36.1244,-17.5185,0.2,0.0,0.0,0.0,1.7333,-0.942,-0.364,2.0061,-0.0907,0,0,1,0.629,0.311,0.689,0,0,0.0,4,ACQUISITION_ASSIST,1.1442,-0.5605,-5.3741,2.9207
1888,52.08,30.773,-14.609,3.8135,1.1351,-0.5589,-0.445,2.141,6.091,7.082,36.1244,-17.5185,0.2,0.0,0.0,0.0,1.7324,-0.9419,-0.412,2.0145,-0.0623,0,0,1,0.631,0.306,0.694,0,0,0.0,4,ACQUISITION_ASSIST,1.1351,-0.5589,-5.3514,2.9095
1889,52.096,30.7955,-14.6202,3.8045,1.1257,-0.5587,-0.4452,2.124,6.066,7.056,36.1244,-17.5185,0.2,0.0,0.0,0.0,1.7315,-0.9417,-0.46,2.024,-0.0867,0,0,1,0.63,0.307,0.693,0,0,0.0,4,ACQUISITION_ASSIST,1.1257,-0.5587,-5.3289,2.8983
1890,52.111,30.8179,-14.6313,3.7956,1.1173,-0.5577,-0.4453,2.106,6.041,7.03,36.1244,-17.5185,0.2,0.0,0.0,0.0,1.7306,-0.9416,-0.508,2.0346,-0.0651,0,0,1,0.634,0.309,0.691,0,0,0.0,4,ACQUISITION_ASSIST,1.1173,-0.5577,-5.3065,2.8872
1891,52.127,30.84,-14.6425,3.7867,1.1075,-0.5578,-0.4453,2.089,6.016,7.004,36.1244,-17.5185,0.2,0.0,0.0,0.0,1.7297,-0.9414,-0.556,2.0463,-0.0873,0,0,1,0.632,0.309,0.691,0,0,0.0,4,ACQUISITION_ASSIST,1.1075,-0.5578,-5.2844,2.876
1892,52.142,30.862,-14.6536,3.7778,1.0993,-0.5574,-0.4453,2.072,5.992,6.979,36.1244,-17.5185,0.2,0.0,0.0,0.0,1.7289,-0.9412,-0.604,2.059,-0.066,0,0,1,0.635,0.309,0.691,0,0,0.0,4,ACQUISITION_ASSIST,1.0993,-0.5574,-5.2624,2.8649
1893,52.158,30.8838,-14.6648,3.7689,1.0894,-0.5583,-0.4456,2.055,5.967,6.953,36.1244,-17.5185,0.2,0.0,0.0,0.0,1.728,-0.941,-0.652,2.0728,-0.095,0,0,1,0.638,0.306,0.694,0,0,0.0,4,ACQUISITION_ASSIST,1.0894,-0.5583,-5.2406,2.8537
1894,52.173,30.9054,-14.676,3.76,1.0807,-0.5588,-0.4457,2.037,5.943,6.928,36.1244,-17.5185,0.2,0.0,0.0,0.0,1.7272,-0.9407,-0.7,2.0876,-0.0679,0,0,1,0.642,0.316,0.684,0,0,0.0,4,ACQUISITION_ASSIST,1.0807,-0.5588,-5.219,2.8425
1895,52.188,30.9269,-14.6872,3.7511,1.0723,-0.5614,-0.4456,2.02,5.919,6.902,36.1244,-17.5185,0.2,0.0,0.0,0.0,1.7264,-0.9404,-0.748,2.1034,-0.0903,0,0,1,0.641,0.31,0.69,0,0,0.0,4,ACQUISITION_ASSIST,1.0723,-0.5614,-5.1976,2.8313
1896,52.203,30.9482,-14.6985,3.7422,1.0657,-0.5638,-0.4456,2.003,5.895,6.877,36.1244,-17.5185,0.2,0.0,0.0,0.0,1.7257,-0.9401,-0.796,2.1202,-0.0692,0,0,1,0.645,0.319,0.681,0,0,0.0,4,ACQUISITION_ASSIST,1.0657,-0.5638,-5.1762,2.82
1897,52.218,30.9693,-14.7098,3.7333,1.0577,-0.5678,-0.446,1.985,5.871,6.852,36.1244,-17.5185,0.2,0.0,0.0,0.0,1.7249,-0.9398,-0.844,2.1379,-0.0685,0,0,1,0.648,0.315,0.685,0,0,0.0,4,ACQUISITION_ASSIST,1.0577,-0.5678,-5.1551,2.8087
1898,52.233,30.9903,-14.7213,3.7243,1.0511,-0.5719,-0.4461,1.968,5.847,6.827,36.1244,-17.5185,0.2,0.0,0.0,0.0,1.7242,-0.9394,-0.892,2.1566,-0.0792,0,0,1,0.654,0.317,0.683,0,0,0.0,4,ACQUISITION_ASSIST,1.0511,-0.5719,-5.1341,2.7972
1899,52.248,31.0113,-14.7328,3.7154,1.0455,-0.5758,-0.446,1.95,5.823,6.802,36.1244,-17.5185,0.2,0.0,0.0,0.0,1.7235,-0.939,-0.94,2.1761,-0.0757,0,0,1,0.655,0.317,0.683,0,0,0.0,4,ACQUISITION_ASSIST,1.0455,-0.5758,-5.1132,2.7857
1900,52.263,31.0321,-14.7444,3.7065,1.0426,-0.5799,-0.4461,1.933,5.799,6.777,36.1244,-17.5185,0.2,0.0,0.0,0.0,1.7228,-0.9385,-0.988,2.1966,-0.0755,0,0,1,0.662,0.325,0.675,0,0,0.0,4,ACQUISITION_ASSIST,1.0426,-0.5799,-5.0923,2.7741
1901,52.278,31.0529,-14.7561,3.6976,1.04,-0.5838,-0.4458,1.915,5.775,6.752,36.1244,-17.5185,0.2,0.0,0.0,0.0,1.7221,-0.938,-1.036,2.2179,-0.0906,0,0,1,0.663,0.323,0.677,0,0,0.0,4,ACQUISITION_ASSIST,1.04,-0.5838,-5.0715,2.7624
1902,52.293,31.0737,-14.7678,3.6887,1.0402,-0.5875,-0.4455,1.897,5.751,6.727,36.1244,-17.5185,0.2,0.0,0.0,0.0,1.7215,-0.9375,-0.988,2.1951,-0.0685,0,0,1,0.668,0.33,0.67,0,0,0.0,4,ACQUISITION_ASSIST,1.0402,-0.5875,-5.0507,2.7507
1903,52.308,31.0945,-14.7797,3.6798,1.0403,-0.592,-0.4453,1.879,5.727,6.701,36.1244,-17.5185,0.2,0.0,0.0,0.0,1.7208,-0.937,-0.94,2.1732,-0.0948,0,0,1,0.668,0.329,0.671,0,0,0.0,4,ACQUISITION_ASSIST,1.0403,-0.592,-5.0299,2.7388
1904,52.323,31.1154,-14.7916,3.6709,1.0431,-0.5955,-0.4452,1.861,5.703,6.676,36.1244,-17.5185,0.2,0.0,0.0,0.0,1.7202,-0.9365,-0.892,2.1521,-0.0722,0,0,1,0.673,0.336,0.664,0,0,0.0,4,ACQUISITION_ASSIST,1.0431,-0.5955,-5.009,2.7269
1905,52.338,31.1363,-14.8036,3.662,1.0454,-0.5999,-0.4451,1.844,5.679,6.651,36.1244,-17.5185,0.2,0.0,0.0,0.0,1.7195,-0.9359,-0.844,2.1319,-0.0993,0,0,1,0.673,0.334,0.666,0,0,0.0,4,ACQUISITION_ASSIST,1.0454,-0.5999,-4.9881,2.7149
1906,52.353,31.1573,-14.8156,3.6531,1.05,-0.6036,-0.4452,1.826,5.655,6.626,36.1244,-17.5185,0.2,0.0,0.0,0.0,1.7189,-0.9353,-0.796,2.1126,-0.0762,0,0,1,0.677,0.339,0.661,0,0,0.0,4,ACQUISITION_ASSIST,1.05,-0.6036,-4.9671,2.7029
1907,52.368,31.1784,-14.8278,3.6441,1.0537,-0.6083,-0.446,1.808,5.631,6.6,36.1244,-17.5185,0.2,0.0,0.0,0.0,1.7183,-0.9347,-0.748,2.0942,-0.0827,0,0,1,0.676,0.338,0.662,0,0,0.0,4,ACQUISITION_ASSIST,1.0537,-0.6083,-4.9461,2.6907
1908,52.382,31.1995,-14.8401,3.6352,1.0593,-0.6124,-0.4459,1.789,5.606,6.575,36.1244,-17.5185,0.2,0.0,0.0,0.0,1.7176,-0.9341,-0.7,2.0767,-0.0552,0,0,1,0.679,0.341,0.659,0,0,0.0,4,ACQUISITION_ASSIST,1.0593,-0.6124,-4.9249,2.6784
1909,52.397,31.2208,-14.8524,3.6263,1.0642,-0.6163,-0.4457,1.771,5.582,6.549,36.1244,-17.5185,0.2,0.0,0.0,0.0,1.717,-0.9335,-0.652,2.0603,-0.0802,0,0,1,0.677,0.341,0.659,0,0,0.0,4,ACQUISITION_ASSIST,1.0642,-0.6163,-4.9036,2.6661
1910,52.411,31.2422,-14.8647,3.6174,1.0706,-0.6182,-0.4458,1.753,5.557,6.524,36.1244,-17.5185,0.2,0.0,0.0,0.0,1.7163,-0.9329,-0.604,2.0448,-0.0549,0,0,1,0.679,0.345,0.655,0,0,0.0,4,ACQUISITION_ASSIST,1.0706,-0.6182,-4.8822,2.6538
1911,52.425,31.2637,-14.8771,3.6085,1.0756,-0.6199,-0.4457,1.735,5.532,6.498,36.1244,-17.5185,0.2,0.0,0.0,0.0,1.7157,-0.9323,-0.556,2.0303,-0.0804,0,0,1,0.677,0.341,0.659,0,0,0.0,4,ACQUISITION_ASSIST,1.0756,-0.6199,-4.8607,2.6414
1912,52.44,31.2854,-14.8895,3.5996,1.0819,-0.6198,-0.4456,1.717,5.507,6.472,36.1244,-17.5185,0.2,0.0,0.0,0.0,1.715,-0.9318,-0.508,2.0168,-0.0555,0,0,1,0.679,0.343,0.657,0,0,0.0,4,ACQUISITION_ASSIST,1.0819,-0.6198,-4.839,2.629
1913,52.455,31.3071,-14.9019,3.5906,1.0862,-0.6197,-0.4455,1.699,5.482,6.446,36.1244,-17.5185,0.2,0.0,0.0,0.0,1.7144,-0.9312,-0.46,2.0044,-0.0809,0,0,1,0.675,0.341,0.659,0,0,0.0,4,ACQUISITION_ASSIST,1.0862,-0.6197,-4.8173,2.6166
1914,52.469,31.3289,-14.9143,3.5817,1.0915,-0.6179,-0.4455,1.68,5.457,6.42,36.1244,-17.5185,0.2,0.0,0.0,0.0,1.7137,-0.9306,-0.412,1.9931,-0.0563,0,0,1,0.676,0.342,0.658,0,0,0.0,4,ACQUISITION_ASSIST,1.0915,-0.6179,-4.7955,2.6042
1915,52.483,31.3508,-14.9266,3.5728,1.0946,-0.6163,-0.4454,1.662,5.432,6.394,36.1244,-17.5185,0.2,0.0,0.0,0.0,1.713,-0.9301,-0.364,1.9829,-0.0816,0,0,1,0.673,0.336,0.664,0,0,0.0,4,ACQUISITION_ASSIST,1.0946,-0.6163,-4.7736,2.5919
1916,52.498,31.3728,-14.9389,3.5639,1.0981,-0.6131,-0.4453,1.644,5.407,6.368,36.1244,-17.5185,0.2,0.0,0.0,0.0,1.7123,-0.9296,-0.316,1.9738,-0.0575,0,0,1,0.673,0.337,0.663,0,0,0.0,4,ACQUISITION_ASSIST,1.0981,-0.6131,-4.7516,2.5796
1917,52.512,31.3948,-14.9511,3.555,1.0991,-0.6102,-0.4454,1.626,5.382,6.342,36.1244,-17.5185,0.2,0.0,0.0,0.0,1.7116,-0.9291,-0.268,1.9658,-0.0866,0,0,1,0.672,0.334,0.666,0,0,0.0,4,ACQUISITION_ASSIST,1.0991,-0.6102,-4.7296,2.5674
1918,52.527,31.4168,-14.9632,3.5461,1.1001,-0.606,-0.4453,1.608,5.356,6.316,36.1244,-17.5185,0.2,0.0,0.0,0.0,1.7108,-0.9286,-0.22,1.959,-0.0633,0,0,1,0.675,0.34,0.66,0,0,0.0,4,ACQUISITION_ASSIST,1.1001,-0.606,-4.7076,2.5553
1919,52.542,31.4388,-14.9753,3.5372,1.0999,-0.6025,-0.4452,1.59,5.331,6.29,36.1244,-17.5185,0.2,0.0,0.0,0.0,1.7101,-0.9282,-0.172,1.9534,-0.0879,0,0,1,0.673,0.335,0.665,0,0,0.0,4,ACQUISITION_ASSIST,1.0999,-0.6025,-4.6856,2.5432
1920,52.557,31.4608,-14.9872,3.5283,1.1012,-0.5982,-0.4452,1.572,5.306,6.264,36.1244,-17.5185,0.2,0.0,0.0,0.0,1.7093,-0.9278,-0.124,1.9489,-0.0647,0,0,1,0.675,0.341,0.659,0,0,0.0,4,ACQUISITION_ASSIST,1.1012,-0.5982,-4.6636,2.5313
1921,52.572,31.4828,-14.9991,3.5194,1.1007,-0.5949,-0.4452,1.554,5.281,6.238,36.1244,-17.5185,0.2,0.0,0.0,0.0,1.7086,-0.9274,-0.076,1.9455,-0.0894,0,0,1,0.673,0.334,0.666,0,0,0.0,4,ACQUISITION_ASSIST,1.1007,-0.5949,-4.6416,2.5194
1922,52.586,31.5048,-15.0109,3.5105,1.1013,-0.5908,-0.4451,1.537,5.256,6.212,36.1244,-17.5185,0.2,0.0,0.0,0.0,1.7078,-0.927,-0.028,1.9434,-0.0665,0,0,1,0.675,0.34,0.66,0,0,0.0,4,ACQUISITION_ASSIST,1.1013,-0.5908,-4.6196,2.5076
1923,52.601,31.5268,-15.0227,3.5016,1.0999,-0.5879,-0.4451,1.519,5.231,6.186,36.1244,-17.5185,0.2,0.0,0.0,0.0,1.707,-0.9267,0.02,1.9424,-0.0911,0,0,1,0.672,0.332,0.668,0,0,0.0,4,ACQUISITION_ASSIST,1.0999,-0.5879,-4.5976,2.4958
1924,52.614,31.5488,-15.0344,3.4927,1.0991,-0.5844,-0.4451,1.501,5.206,6.16,36.1244,-17.5185,0.2,0.0,0.0,0.0,1.7062,-0.9263,0.068,1.9427,-0.0686,0,0,1,0.673,0.334,0.666,0,0,0.0,4,ACQUISITION_ASSIST,1.0991,-0.5844,-4.5756,2.4841
1925,52.629,31.5707,-15.046,3.4838,1.0958,-0.5822,-0.4452,1.484,5.182,6.135,36.1244,-17.5185,0.2,0.0,0.0,0.0,1.7054,-0.926,0.116,1.9441,-0.0994,0,0,1,0.674,0.334,0.666,0,0,0.0,4,ACQUISITION_ASSIST,1.0958,-0.5822,-4.5537,2.4725
1926,52.643,31.5926,-15.0576,3.4749,1.0929,-0.5795,-0.4453,1.466,5.157,6.109,36.1244,-17.5185,0.2,0.0,0.0,0.0,1.7047,-0.9257,0.164,1.9467,-0.0697,0,0,1,0.676,0.337,0.663,0,0,0.0,4,ACQUISITION_ASSIST,1.0929,-0.5795,-4.5318,2.4609
1927,52.658,31.6144,-15.0692,3.466,1.0897,-0.5788,-0.4454,1.448,5.132,6.083,36.1244,-17.5185,0.2,0.0,0.0,0.0,1.7039,-0.9253,0.212,1.9505,-0.0989,0,0,1,0.676,0.336,0.664,0,0,0.0,4,ACQUISITION_ASSIST,1.0897,-0.5788,-4.51,2.4493
1928,52.673,31.6361,-15.0807,3.4571,1.087,-0.5778,-0.4452,1.431,5.108,6.058,36.1244,-17.5185,0.2,0.0,0.0,0.0,1.7031,-0.925,0.26,1.9554,-0.0768,0,0,1,0.681,0.343,0.657,0,0,0.0,4,ACQUISITION_ASSIST,1.087,-0.5778,-4.4883,2.4378
1929,52.689,31.6578,-15.0923,3.4482,1.0835,-0.5786,-0.4452,1.413,5.083,6.032,36.1244,-17.5185,0.2,0.0,0.0,0.0,1.7023,-0.9247,0.308,1.9616,-0.0892,0,0,1,0.68,0.34,0.66,0,0,0.0,4,ACQUISITION_ASSIST,1.0835,-0.5786,-4.4666,2.4262
1930,52.703,31.6794,-15.1039,3.4393,1.082,-0.5797,-0.4451,1.396,5.058,6.007,36.1244,-17.5185,0.2,0.0,0.0,0.0,1.7015,-0.9243,0.356,1.9688,-0.067,0,0,1,0.685,0.347,0.653,0,0,0.0,4,ACQUISITION_ASSIST,1.082,-0.5797,-4.445,2.4146
1931,52.718,31.701,-15.1155,3.4304,1.0798,-0.5817,-0.4451,1.378,5.034,5.981,36.1244,-17.5185,0.2,0.0,0.0,0.0,1.7008,-0.9239,0.404,1.9773,-0.0918,0,0,1,0.684,0.342,0.658,0,0,0.0,4,ACQUISITION_ASSIST,1.0798,-0.5817,-4.4234,2.403
1932,52.732,31.7226,-15.1272,3.4215,1.0795,-0.5832,-0.4451,1.36,5.009,5.956,36.1244,-17.5185,0.2,0.0,0.0,0.0,1.7,-0.9236,0.452,1.9868,-0.0695,0,0,1,0.687,0.347,0.653,0,0,0.0,4,ACQUISITION_ASSIST,1.0795,-0.5832,-4.4018,2.3913
1933,52.747,31.7442,-15.1389,3.4126,1.0779,-0.5858,-0.445,1.343,4.985,5.93,36.1244,-17.5185,0.2,0.0,0.0,0.0,1.6993,-0.9231,0.5,1.9974,-0.0946,0,0,1,0.686,0.343,0.657,0,0,0.0,4,ACQUISITION_ASSIST,1.0779,-0.5858,-4.3802,2.3796
1934,52.761,31.7657,-15.1507,3.4037,1.078,-0.5879,-0.4451,1.325,4.96,5.905,36.1244,-17.5185,0.2,0.0,0.0,0.0,1.6986,-0.9227,0.548,2.0092,-0.0723,0,0,1,0.689,0.348,0.652,0,0,0.0,4,ACQUISITION_ASSIST,1.078,-0.5879,-4.3587,2.3678
1935,52.776,31.7873,-15.1625,3.3948,1.0765,-0.5914,-0.4452,1.307,4.936,5.879,36.1244,-17.5185,0.2,0.0,0.0,0.0,1.6978,-0.9223,0.596,2.022,-0.0776,0,0,1,0.687,0.345,0.655,0,0,0.0,4,ACQUISITION_ASSIST,1.0765,-0.5914,-4.3371,2.356
1936,52.791,31.8088,-15.1744,3.3858,1.0761,-0.5946,-0.4452,1.289,4.911,5.854,36.1244,-17.5185,0.2,0.0,0.0,0.0,1.6971,-0.9218,0.644,2.0359,-0.0553,0,0,1,0.689,0.349,0.651,0,0,0.0,4,ACQUISITION_ASSIST,1.0761,-0.5946,-4.3156,2.3441
1937,52.805,31.8303,-15.1864,3.3769,1.0743,-0.5976,-0.4452,1.271,4.887,5.829,36.1244,-17.5185,0.2,0.0,0.0,0.0,1.6964,-0.9213,0.692,2.0508,-0.0809,0,0,1,0.687,0.346,0.654,0,0,0.0,4,ACQUISITION_ASSIST,1.0743,-0.5976,-4.2941,2.3321
1938,52.82,31.8518,-15.1983,3.368,1.0739,-0.5988,-0.4451,1.254,4.862,5.803,36.1244,-17.5185,0.2,0.0,0.0,0.0,1.6957,-0.9208,0.74,2.0667,-0.0585,0,0,1,0.689,0.349,0.651,0,0,0.0,4,ACQUISITION_ASSIST,1.0739,-0.5988,-4.2727,2.3202
1939,52.834,31.8732,-15.2103,3.3591,1.0716,-0.6,-0.4452,1.236,4.837,5.778,36.1244,-17.5185,0.2,0.0,0.0,0.0,1.6951,-0.9203,0.788,2.0835,-0.0887,0,0,1,0.689,0.349,0.651,0,0,0.0,4,ACQUISITION_ASSIST,1.0716,-0.6,-4.2512,2.3082
1940,52.849,31.8946,-15.2223,3.3502,1.0703,-0.5995,-0.4452,1.218,4.813,5.752,36.1244,-17.5185,0.2,0.0,0.0,0.0,1.6944,-0.9198,0.836,2.1014,-0.0665,0,0,1,0.694,0.356,0.644,0,0,0.0,4,ACQUISITION_ASSIST,1.0703,-0.5995,-4.2298,2.2962
1941,52.863,31.916,-15.2343,3.3413,1.0686,-0.5996,-0.4451,1.2,4.788,5.727,36.1244,-17.5185,0.2,0.0,0.0,0.0,1.6937,-0.9193,0.884,2.1202,-0.0926,0,0,1,0.693,0.355,0.645,0,0,0.0,4,ACQUISITION_ASSIST,1.0686,-0.5996,-4.2084,2.2842
1942,52.877,31.9374,-15.2463,3.3324,1.0693,-0.5985,-0.445,1.182,4.764,5.701,36.1244,-17.5185,0.2,0.0,0.0,0.0,1.693,-0.9188,0.932,2.1399,-0.07,0,0,1,0.697,0.358,0.642,0,0,0.0,4,ACQUISITION_ASSIST,1.0693,-0.5985,-4.1871,2.2722
1943,52.891,31.9587,-15.2582,3.3235,1.0693,-0.5982,-0.445,1.164,4.739,5.676,36.1244,-17.5185,0.2,0.0,0.0,0.0,1.6923,-0.9183,0.98,2.1605,-0.0968,0,0,1,0.696,0.358,0.642,0,0,0.0,4,ACQUISITION_ASSIST,1.0693,-0.5982,-4.1657,2.2603
1944,52.906,31.9802,-15.2702,3.3146,1.0712,-0.5968,-0.445,1.146,4.715,5.651,36.1244,-17.5185,0.2,0.0,0.0,0.0,1.6917,-0.9178,1.028,2.1819,-0.0739,0,0,1,0.7,0.362,0.638,0,0,0.0,4,ACQUISITION_ASSIST,1.0712,-0.5968,-4.1442,2.2483
1945,52.92,32.0016,-15.2821,3.3057,1.072,-0.5963,-0.4453,1.128,4.69,5.625,36.1244,-17.5185,0.2,0.0,0.0,0.0,1.691,-0.9173,1.076,2.2042,-0.0992,0,0,1,0.698,0.36,0.64,0,0,0.0,4,ACQUISITION_ASSIST,1.072,-0.5963,-4.1228,2.2364
1946,52.935,32.0231,-15.294,3.2968,1.0743,-0.595,-0.4452,1.111,4.666,5.6,36.1244,-17.5185,0.2,0.0,0.0,0.0,1.6903,-0.9168,1.124,2.2273,-0.0747,0,0,1,0.701,0.361,0.639,0,0,0.0,4,ACQUISITION_ASSIST,1.0743,-0.595,-4.1013,2.2245
1947,52.951,32.0446,-15.3059,3.2879,1.0752,-0.5947,-0.4451,1.093,4.641,5.575,36.1244,-17.5185,0.2,0.0,0.0,0.0,1.6896,-0.9163,1.172,2.2512,-0.1008,0,0,1,0.699,0.36,0.64,0,0,0.0,4,ACQUISITION_ASSIST,1.0752,-0.5947,-4.0798,2.2126
1948,52.965,32.0661,-15.3178,3.279,1.0774,-0.5937,-0.4451,1.075,4.617,5.549,36.1244,-17.5185,0.2,0.0,0.0,0.0,1.6889,-0.9158,1.22,2.2758,-0.0765,0,0,1,0.701,0.361,0.639,0,0,0.0,4,ACQUISITION_ASSIST,1.0774,-0.5937,-4.0583,2.2007
1949,52.979,32.0877,-15.3297,3.2701,1.0777,-0.5938,-0.445,3.17,4.592,5.524,36.1244,-17.5185,0.2,0.0,0.0,0.0,1.6881,-0.9154,1.268,2.3012,-0.1025,0,0,1,0.699,0.359,0.641,0,0,0.0,4,ACQUISITION_ASSIST,1.0777,-0.5938,-4.0367,2.1889
1950,52.994,32.1093,-15.3415,3.2612,1.0789,-0.5934,-0.445,3.161,4.567,5.498,36.1244,-17.5185,0.2,0.0,0.0,0.0,1.6874,-0.9149,1.316,2.3273,-0.0785,0,0,1,0.7,0.361,0.639,0,0,0.0,4,ACQUISITION_ASSIST,1.0789,-0.5934,-4.0151,2.177
1951,53.008,32.1308,-15.3534,3.2523,1.0779,-0.5943,-0.4455,3.152,4.543,5.473,36.1244,-17.5185,0.2,0.0,0.0,0.0,1.6867,-0.9144,1.364,2.3541,-0.092,0,0,1,0.7,0.361,0.639,0,0,0.0,4,ACQUISITION_ASSIST,1.0779,-0.5943,-3.9936,2.1651
1952,53.022,32.1524,-15.3653,3.2434,1.0774,-0.5948,-0.4453,3.143,4.518,5.448,36.1244,-17.5185,0.2,0.0,0.0,0.0,1.686,-0.914,1.412,2.3815,-0.0679,0,0,1,0.704,0.363,0.637,0,0,0.0,4,ACQUISITION_ASSIST,1.0774,-0.5948,-3.972,2.1532
1953,53.036,32.1739,-15.3772,3.2345,1.0761,-0.5959,-0.4452,3.134,4.494,5.422,36.1244,-17.5185,0.2,0.0,0.0,0.0,1.6438,-0.8911,1.22,2.2326,-0.0931,1,0,0,0.703,0.361,0.639,0,0,0.0,4,LANDING_PHASE,1.0761,-0.5959,-3.9505,2.1413
1954,53.05,32.1955,-15.3892,3.2305,1.08,-0.597,-0.2009,3.13,4.469,5.399,36.1244,-17.5185,0.2,0.0,0.0,0.0,1.6016,-0.8682,1.028,2.0918,-0.095,1,0,0,0.702,0.362,0.638,0,0,0.0,4,LANDING_PHASE,1.08,-0.597,-3.9289,2.1293
1955,53.064,32.2171,-15.4012,3.2313,1.0814,-0.5997,0.043,3.131,4.444,5.379,36.1244,-17.5185,0.2,0.0,0.0,0.0,1.5594,-0.8453,0.836,1.9609,-0.0968,1,0,0,0.7,0.358,0.642,0,0,0.0,4,LANDING_PHASE,1.0814,-0.5997,-3.9073,2.1173
1956,53.077,32.2387,-15.4132,3.237,1.0801,-0.604,0.2826,3.137,4.419,5.362,36.1244,-17.5185,0.2,0.0,0.0,0.0,1.5172,-0.8224,0.644,1.8421,-0.0904,1,0,0,0.699,0.358,0.642,0,0,0.0,4,LANDING_PHASE,1.0801,-0.604,-3.8857,2.1053
1957,53.091,32.2603,-15.4254,3.2453,1.0766,-0.6082,0.417,3.145,4.395,5.347,36.1244,-17.5185,0.2,0.0,0.0,0.0,1.4751,-0.7995,0.452,1.7376,-0.1342,1,0,0,0.704,0.363,0.637,0,0,0.0,4,LANDING_PHASE,1.0766,-0.6082,-3.8641,2.0931
1958,53.104,32.2817,-15.4376,3.254,1.0735,-0.6106,0.4311,3.154,4.37,5.331,36.1244,-17.5185,0.2,0.0,0.0,0.0,1.4329,-0.7766,0.26,1.6504,-0.1085,1,0,0,0.713,0.374,0.626,0,0,0.0,4,LANDING_PHASE,1.0735,-0.6106,-3.8427,2.0809
1959,53.118,32.3032,-15.4499,3.2614,1.0724,-0.6146,0.3705,3.161,4.345,5.315,36.1244,-17.5185,0.2,0.0,0.0,0.0,1.3907,-0.7537,0.068,1.5833,-0.1153,1,0,0,0.724,0.379,0.621,0,0,0.0,4,LANDING_PHASE,1.0724,-0.6146,-3.8212,2.0686
1960,53.133,32.3246,-15.4623,3.2667,1.0736,-0.618,0.2679,3.167,4.32,5.298,36.1244,-17.5185,0.2,0.0,0.0,0.0,1.3486,-0.7307,-0.124,1.5388,-0.1007,1,0,0,0.736,0.389,0.611,0,0,0.0,4,LANDING_PHASE,1.0736,-0.618,-3.7998,2.0562
1961,53.147,32.3462,-15.4747,3.2698,1.0776,-0.6223,0.1545,3.17,4.296,5.28,36.1244,-17.5185,0.2,0.0,0.0,0.0,1.3064,-0.7077,-0.316,1.519,-0.0982,1,0,0,0.747,0.398,0.602,0,0,0.0,4,LANDING_PHASE,1.0776,-0.6223,-3.7782,2.0438
1962,53.161,32.3679,-15.4873,3.2706,1.0855,-0.6277,0.0408,3.171,4.271,5.26,36.1244,-17.5185,0.2,0.0,0.0,0.0,1.2643,-0.6847,-0.508,1.5249,-0.0956,1,0,0,0.756,0.406,0.594,0,0,0.0,4,LANDING_PHASE,1.0855,-0.6277,-3.7565,2.0312
1963,53.175,32.3899,-15.4999,3.2692,1.0971,-0.634,-0.0733,3.169,4.245,5.238,36.1244,-17.5185,0.2,0.0,0.0,0.0,1.2222,-0.6616,-0.65,1.5343,-0.093,1,0,0,0.765,0.418,0.582,0,0,0.0,4,LANDING_PHASE,1.0971,-0.634,-3.7346,2.0186
1964,53.19,32.4121,-15.5128,3.2654,1.1123,-0.6414,-0.188,3.165,4.219,5.215,36.1244,-17.5185,0.2,0.0,0.0,0.0,1.1802,-0.6384,-0.65,1.491,-0.0903,1,0,0,0.772,0.422,0.578,0,0,0.0,4,LANDING_PHASE,1.1123,-0.6414,-3.7123,2.0057
1965,53.204,32.4347,-15.5258,3.2593,1.1311,-0.6499,-0.3034,3.159,4.193,5.191,36.1244,-17.5185,0.2,0.0,0.0,0.0,1.1382,-0.6152,-0.65,1.4479,-0.0875,1,0,0,0.779,0.422,0.578,0,0,0.0,4,LANDING_PHASE,1.1311,-0.6499,-3.6897,1.9927
1966,53.218,32.4578,-15.539,3.2509,1.1534,-0.6596,-0.4198,3.151,4.167,5.164,36.1244,-17.5185,0.2,0.0,0.0,0.0,1.0999,-0.5938,-0.65,1.4089,-0.0846,1,0,0,0.785,0.431,0.569,0,0,0.0,4,LANDING_PHASE,1.1534,-0.6596,-3.6666,1.9795
1967,53.233,32.4815,-15.5524,3.2405,1.1852,-0.6731,-0.5202,3.141,4.14,5.136,36.1244,-17.5185,0.2,0.0,0.0,0.0,1.1,-0.5937,-0.65,1.4089,-0.0794,1,0,0,0.79,0.433,0.567,0,0,0.0,4,LANDING_PHASE,1.1852,-0.6731,-3.6429,1.9661
1968,53.247,32.5061,-15.5663,3.2285,1.2302,-0.692,-0.5999,3.129,4.111,5.106,36.1244,-17.5185,0.2,0.0,0.0,0.0,1.1001,-0.5935,-0.65,1.4089,-0.0655,1,0,0,0.794,0.439,0.561,0,0,0.0,4,LANDING_PHASE,1.2302,-0.692,-3.6183,1.9522
1969,53.261,32.5319,-15.5806,3.2152,1.2877,-0.7154,-0.6644,3.115,4.082,5.075,36.1244,-17.5185,0.2,0.0,0.0,0.0,1.1001,-0.5934,-0.65,1.4089,-0.0462,1,0,0,0.797,0.45,0.55,0,0,0.0,4,LANDING_PHASE,1.2877,-0.7154,-3.5926,1.9379
1970,53.275,32.559,-15.5954,3.2009,1.356,-0.7408,-0.7184,3.101,4.051,5.041,36.1244,-17.5185,0.2,0.0,0.0,0.0,1.1002,-0.5934,-0.65,1.4089,-0.0514,1,0,0,0.799,0.443,0.557,0,0,0.0,4,LANDING_PHASE,1.356,-0.7408,-3.5654,1.9231
1971,53.289,32.5876,-15.6107,3.1856,1.4332,-0.7653,-0.7647,3.086,4.019,5.006,36.1244,-17.5185,0.2,0.0,0.0,0.0,1.1001,-0.5934,-0.65,1.4089,-0.0768,1,0,0,0.8,0.441,0.559,0,0,0.0,4,LANDING_PHASE,1.4332,-0.7653,-3.5368,1.9078
1972,53.303,32.618,-15.6265,3.1695,1.5168,-0.7897,-0.8042,3.07,3.984,4.969,36.1244,-17.5185,0.2,0.0,0.0,0.0,1.1001,-0.5936,-0.65,1.4089,-0.0277,1,0,0,0.8,0.449,0.551,0,0,0.0,4,LANDING_PHASE,1.5168,-0.7897,-3.5064,1.892
1973,53.317,32.6501,-15.6428,3.1528,1.6044,-0.8144,-0.8361,3.053,3.948,4.93,36.1244,-17.5185,0.2,0.0,0.0,0.0,1.0999,-0.5938,-0.65,1.4089,-0.0682,1,0,0,0.799,0.446,0.554,0,0,0.0,4,LANDING_PHASE,1.6044,-0.8144,-3.4744,1.8757
1974,53.33,32.684,-15.6595,3.1356,1.695,-0.8361,-0.8589,3.036,3.911,4.89,36.1244,-17.5185,0.2,0.0,0.0,0.0,1.0997,-0.5942,-0.65,1.4089,-0.0175,1,0,0,0.796,0.436,0.564,0,0,0.0,4,LANDING_PHASE,1.695,-0.8361,-3.4404,1.859
1975,53.344,32.7197,-15.6766,3.1182,1.7853,-0.8567,-0.871,3.018,3.871,4.848,36.1244,-17.5185,0.2,0.0,0.0,0.0,1.0994,-0.5948,-0.65,1.4089,-0.0612,1,0,0,0.792,0.44,0.56,0,0,0.0,4,LANDING_PHASE,1.7853,-0.8567,-3.4047,1.8419
1976,53.358,32.7571,-15.6941,3.1008,1.8732,-0.8726,-0.8708,3.001,3.83,4.804,36.1244,-17.5185,0.2,0.0,0.0,0.0,1.0991,-0.5955,-0.65,1.4089,-0.0101,1,0,0,0.785,0.43,0.57,0,0,0.0,4,LANDING_PHASE,1.8732,-0.8726,-3.3673,1.8244
1977,53.372,32.7962,-15.7118,3.0836,1.9542,-0.8856,-0.8575,2.984,3.787,4.76,36.1244,-17.5185,0.2,0.0,0.0,0.0,1.0986,-0.5964,-0.65,1.4089,-0.0559,1,0,0,0.774,0.422,0.578,0,0,0.0,4,LANDING_PHASE,1.9542,-0.8856,-3.3282,1.8067
1978,53.385,32.8367,-15.7296,3.067,2.0248,-0.8916,-0.8312,2.967,3.743,4.715,36.1244,-17.5185,0.2,0.0,0.0,0.0,1.098,-0.5974,-0.65,1.4089,-0.0067,1,0,0,0.758,0.41,0.59,0,0,0.0,4,LANDING_PHASE,2.0248,-0.8916,-3.2877,1.7889
1979,53.399,32.8783,-15.7475,3.0511,2.0792,-0.8931,-0.7933,2.951,3.698,4.669,36.1244,-17.5185,0.2,0.0,0.0,0.0,1.0973,-0.5987,-0.65,1.4089,-0.0615,1,0,0,0.745,0.393,0.607,0,0,0.0,4,LANDING_PHASE,2.0792,-0.8931,-3.2461,1.771
1980,53.412,32.9205,-15.7652,3.0361,2.1122,-0.8857,-0.7519,2.936,3.652,4.624,36.1244,-17.5185,0.2,0.0,0.0,0.0,1.0965,-0.6001,-0.65,1.4089,-0.0476,1,0,0,0.734,0.382,0.618,0,0,0.0,4,LANDING_PHASE,2.1122,-0.8857,-3.2039,1.7533
1981,53.425,32.9631,-15.7827,3.0219,2.1258,-0.874,-0.7111,2.922,3.607,4.579,36.1244,-17.5185,0.2,0.0,0.0,0.0,1.0957,-0.6016,-0.65,1.4089,-0.0904,1,0,0,0.707,0.365,0.635,0,0,0.0,4,LANDING_PHASE,2.1258,-0.874,-3.1614,1.7358
1982,53.438,33.0055,-15.7998,3.0084,2.121,-0.8573,-0.6745,2.908,3.561,4.535,36.1244,-17.5185,0.2,0.0,0.0,0.0,1.0948,-0.6033,-0.65,1.4089,-0.0486,1,0,0,0.654,0.341,0.659,0,0,0.0,4,LANDING_PHASE,2.121,-0.8573,-3.1189,1.7187
1983,53.45,33.0475,-15.8166,2.9955,2.1009,-0.8395,-0.6416,2.896,3.516,4.492,36.1244,-17.5185,0.2,0.0,0.0,0.0,1.0938,-0.605,-0.65,1.4089,-0.0861,1,0,0,0.612,0.314,0.686,0,0,0.0,4,LANDING_PHASE,2.1009,-0.8395,-3.0769,1.7019
1984,53.463,33.0888,-15.833,2.9832,2.0637,-0.8169,-0.6159,2.883,3.472,4.45,36.1244,-17.5185,0.2,0.0,0.0,0.0,1.0928,-0.6068,-0.65,1.4089,-0.1153,1,0,0,0.567,0.302,0.698,0,0,0.0,4,LANDING_PHASE,2.0637,-0.8169,-3.0356,1.6855
1985,53.475,33.129,-15.8488,2.9713,2.0129,-0.7933,-0.5984,2.871,3.429,4.409,36.1244,-17.5185,0.2,0.0,0.0,0.0,1.0918,-0.6086,-0.65,1.4089,-0.0866,1,0,0,0.514,0.282,0.718,0,0,0.0,4,LANDING_PHASE,2.0129,-0.7933,-2.9954,1.6697
1986,53.488,33.1681,-15.8642,2.9595,1.9516,-0.7708,-0.5881,2.859,3.388,4.369,36.1244,-17.5185,0.2,0.0,0.0,0.0,1.0908,-0.6104,-0.65,1.4089,-0.1061,1,0,0,0.464,0.27,0.73,0,0,0.0,4,LANDING_PHASE,1.9516,-0.7708,-2.9564,1.6543
1987,53.501,33.2057,-15.8792,2.9478,1.8821,-0.7465,-0.5853,2.848,3.348,4.331,36.1244,-17.5185,0.2,0.0,0.0,0.0,1.0899,-0.6121,-0.65,1.4089,-0.0797,1,0,0,0.493,0.266,0.734,0,0,0.0,4,LANDING_PHASE,1.8821,-0.7465,-2.9187,1.6393
1988,53.513,33.2418,-15.8936,2.936,1.8063,-0.7231,-0.588,2.836,3.309,4.294,36.1244,-17.5185,0.2,0.0,0.0,0.0,1.0889,-0.6138,-0.65,1.4089,-0.097,1,0,0,0.462,0.271,0.729,0,0,0.0,4,LANDING_PHASE,1.8063,-0.7231,-2.8826,1.6249
1989,53.525,33.2763,-15.9076,2.9241,1.7251,-0.6977,-0.5963,2.824,3.272,4.258,36.1244,-17.5185,0.2,0.0,0.0,0.0,1.088,-0.6154,-0.65,1.4089,-0.0826,1,0,0,0.509,0.268,0.732,0,0,0.0,4,LANDING_PHASE,1.7251,-0.6977,-2.8481,1.6109
1990,53.537,33.3091,-15.921,2.9119,1.6403,-0.6731,-0.6089,2.812,3.237,4.223,36.1244,-17.5185,0.2,0.0,0.0,0.0,1.0872,-0.6169,-0.65,1.4089,-0.0977,1,0,0,0.506,0.266,0.734,0,0,0.0,4,LANDING_PHASE,1.6403,-0.6731,-2.8153,1.5975
1991,53.549,33.3402,-15.934,2.8994,1.5545,-0.6473,-0.6244,2.799,3.203,4.189,36.1244,-17.5185,0.2,0.0,0.0,0.0,1.0864,-0.6183,-0.65,1.4089,-0.0749,1,0,0,0.508,0.265,0.735,0,0,0.0,4,LANDING_PHASE,1.5545,-0.6473,-2.7842,1.5845
1992,53.562,33.3696,-15.9465,2.8866,1.4683,-0.623,-0.6399,2.787,3.172,4.157,36.1244,-17.5185,0.2,0.0,0.0,0.0,1.0857,-0.6195,-0.65,1.4089,-0.0903,1,0,0,0.505,0.277,0.723,0,0,0.0,4,LANDING_PHASE,1.4683,-0.623,-2.7548,1.572
1993,53.574,33.3973,-15.9584,2.8736,1.3845,-0.5983,-0.6542,2.774,3.142,4.125,36.1244,-17.5185,0.2,0.0,0.0,0.0,1.085,-0.6207,-0.65,1.4089,-0.1394,1,0,0,0.519,0.293,0.707,0,0,0.0,4,LANDING_PHASE,1.3845,-0.5983,-2.7271,1.5601
1994,53.587,33.4233,-15.9699,2.8602,1.3026,-0.5757,-0.6668,2.76,3.114,4.095,36.1244,-17.5185,0.2,0.0,0.0,0.0,1.0844,-0.6217,-0.65,1.4089,-0.1192,1,0,0,0.544,0.287,0.713,0,0,0.0,4,LANDING_PHASE,1.3026,-0.5757,-2.7011,1.5486
1995,53.6,33.4478,-15.9811,2.8467,1.224,-0.5585,-0.6766,2.747,3.087,4.066,36.1244,-17.5185,0.2,0.0,0.0,0.0,1.0839,-0.6226,-0.65,1.4089,-0.0854,1,0,0,0.539,0.303,0.697,0,0,0.0,4,LANDING_PHASE,1.224,-0.5585,-2.6766,1.5374
1996,53.613,33.4708,-15.992,2.833,1.1491,-0.5444,-0.6835,2.733,3.061,4.038,36.1244,-17.5185,0.2,0.0,0.0,0.0,1.0835,-0.6233,-0.65,1.4089,-0.094,1,0,0,0.562,0.317,0.683,0,0,0.0,4,LANDING_PHASE,1.1491,-0.5444,-2.6536,1.5265
1997,53.627,33.4924,-16.0026,2.8193,1.0815,-0.5316,-0.6877,2.719,3.037,4.011,36.1244,-17.5185,0.2,0.0,0.0,0.0,1.0832,-0.6239,-0.65,1.4089,-0.0904,1,0,0,0.598,0.321,0.679,0,0,0.0,4,LANDING_PHASE,1.0815,-0.5316,-2.632,1.5159
1998,53.641,33.5128,-16.0131,2.8055,1.0178,-0.5219,-0.6898,2.705,3.014,3.984,36.1244,-17.5185,0.2,0.0,0.0,0.0,1.083,-0.6243,-0.65,1.4089,-0.1081,1,0,0,0.637,0.346,0.654,0,0,0.0,4,LANDING_PHASE,1.0178,-0.5219,-2.6116,1.5054
1999,53.654,33.532,-16.0233,2.7917,0.9607,-0.514,-0.6885,2.692,2.993,3.959,36.1244,-17.5185,0.2,0.0,0.0,0.0,1.0828,-0.6245,-0.65,1.4089,-0.0769,1,0,0,0.661,0.345,0.655,0,0,0.0,4,LANDING_PHASE,0.9607,-0.514,-2.5924,1.4952
2000,53.668,33.5502,-16.0335,2.778,0.9125,-0.5101,-0.685,2.678,2.972,3.934,36.1244,-17.5185,0.2,0.0,0.0,0.0,1.0828,-0.6246,-0.65,1.4089,-0.1071,1,0,0,0.687,0.369,0.631,0,0,0.0,4,LANDING_PHASE,0.9125,-0.5101,-2.5742,1.485
2001,53.682,33.5677,-16.0437,2.7644,0.8714,-0.5069,-0.6797,2.664,2.952,3.91,36.1244,-17.5185,0.2,0.0,0.0,0.0,1.0828,-0.6246,-0.65,1.4089,-0.0722,1,0,0,0.704,0.384,0.616,0,0,0.0,4,LANDING_PHASE,0.8714,-0.5069,-2.5567,1.4748
2002,53.695,33.5845,-16.0538,2.7509,0.8392,-0.5073,-0.6738,2.651,2.932,3.886,36.1244,-17.5185,0.2,0.0,0.0,0.0,1.0829,-0.6244,-0.65,1.4089,-0.1051,1,0,0,0.748,0.392,0.608,0,0,0.0,4,LANDING_PHASE,0.8392,-0.5073,-2.54,1.4647
2003,53.708,33.6007,-16.064,2.7376,0.8139,-0.5081,-0.6672,2.638,2.913,3.863,36.1244,-17.5185,0.2,0.0,0.0,0.0,1.083,-0.6242,-0.65,1.4089,-0.067,1,0,0,0.761,0.395,0.605,0,0,0.0,4,LANDING_PHASE,0.8139,-0.5081,-2.5237,1.4545
2004,53.722,33.6167,-16.0742,2.7244,0.7971,-0.5121,-0.6609,2.624,2.894,3.84,36.1244,-17.5185,0.2,0.0,0.0,0.0,1.0832,-0.6238,-0.65,1.4089,-0.1013,1,0,0,0.774,0.414,0.586,0,0,0.0,4,LANDING_PHASE,0.7971,-0.5121,-2.5077,1.4443
2005,53.737,33.6324,-16.0845,2.7113,0.7869,-0.5161,-0.6547,2.611,2.875,3.817,36.1244,-17.5185,0.2,0.0,0.0,0.0,1.0834,-0.6234,-0.65,1.4089,-0.0601,1,0,0,0.782,0.411,0.589,0,0,0.0,4,LANDING_PHASE,0.7869,-0.5161,-2.492,1.434
2006,53.751,33.6481,-16.095,2.6983,0.7844,-0.5228,-0.6497,2.598,2.856,3.795,36.1244,-17.5185,0.2,0.0,0.0,0.0,1.0837,-0.623,-0.65,1.4089,-0.0896,1,0,0,0.789,0.417,0.583,0,0,0.0,4,LANDING_PHASE,0.7844,-0.5228,-2.4763,1.4235
2007,53.765,33.6639,-16.1056,2.6854,0.7878,-0.5291,-0.6462,2.585,2.837,3.772,36.1244,-17.5185,0.2,0.0,0.0,0.0,1.084,-0.6225,-0.65,1.4089,-0.057,1,0,0,0.794,0.425,0.575,0,0,0.0,4,LANDING_PHASE,0.7878,-0.5291,-2.4606,1.4129
2008,53.781,33.6798,-16.1163,2.6725,0.7961,-0.5372,-0.643,2.572,2.818,3.749,36.1244,-17.5185,0.2,0.0,0.0,0.0,1.0843,-0.6219,-0.65,1.4089,-0.0956,1,0,0,0.798,0.435,0.565,0,0,0.0,4,LANDING_PHASE,0.7961,-0.5372,-2.4446,1.4022
2009,53.794,33.6959,-16.1272,2.6597,0.8087,-0.5443,-0.6406,2.56,2.799,3.726,36.1244,-17.5185,0.2,0.0,0.0,0.0,1.0846,-0.6214,-0.65,1.4089,-0.0542,1,0,0,0.801,0.44,0.56,0,0,0.0,4,LANDING_PHASE,0.8087,-0.5443,-2.4285,1.3913
2010,53.808,33.7125,-16.1383,2.6469,0.8259,-0.5528,-0.6395,2.547,2.779,3.703,36.1244,-17.5185,0.2,0.0,0.0,0.0,1.0849,-0.6208,-0.65,1.4089,-0.0965,1,0,0,0.804,0.448,0.552,0,0,0.0,4,LANDING_PHASE,0.8259,-0.5528,-2.4119,1.3802
2011,53.821,33.7294,-16.1495,2.6341,0.8459,-0.5595,-0.639,2.534,2.759,3.679,36.1244,-17.5185,0.2,0.0,0.0,0.0,1.0852,-0.6203,-0.65,1.4089,-0.0586,1,0,0,0.806,0.443,0.557,0,0,0.0,4,LANDING_PHASE,0.8459,-0.5595,-2.395,1.369
2012,53.836,33.7468,-16.1608,2.6213,0.8698,-0.567,-0.6396,2.521,2.738,3.655,36.1244,-17.5185,0.2,0.0,0.0,0.0,1.0855,-0.6198,-0.65,1.4089,-0.0929,1,0,0,0.807,0.443,0.557,0,0,0.0,4,LANDING_PHASE,0.8698,-0.567,-2.3776,1.3577
2013,53.85,33.7647,-16.1723,2.6085,0.8957,-0.5727,-0.6406,2.509,2.717,3.631,36.1244,-17.5185,0.2,0.0,0.0,0.0,1.0857,-0.6194,-0.65,1.4089,-0.0692,1,0,0,0.809,0.439,0.561,0,0,0.0,4,LANDING_PHASE,0.8957,-0.5727,-2.3597,1.3462
2014,53.862,33.7831,-16.1838,2.5957,0.9214,-0.5783,-0.6422,2.496,2.695,3.606,36.1244,-17.5185,0.2,0.0,0.0,0.0,1.0859,-0.6191,-0.65,1.4089,-0.0974,1,0,0,0.81,0.441,0.559,0,0,0.0,4,LANDING_PHASE,0.9214,-0.5783,-2.3413,1.3347
2015,53.875,33.8021,-16.1955,2.5828,0.9498,-0.5825,-0.644,2.483,2.673,3.581,36.1244,-17.5185,0.2,0.0,0.0,0.0,1.0861,-0.6188,-0.65,1.4089,-0.0667,1,0,0,0.811,0.44,0.56,0,0,0.0,4,LANDING_PHASE,0.9498,-0.5825,-2.3223,1.323
2016,53.888,33.8217,-16.2072,2.5699,0.9777,-0.5868,-0.6454,2.47,2.65,3.555,36.1244,-17.5185,0.2,0.0,0.0,0.0,1.0862,-0.6186,-0.65,1.4089,-0.109,1,0,0,0.811,0.441,0.559,0,0,0.0,4,LANDING_PHASE,0.9777,-0.5868,-2.3027,1.3113
2017,53.9,33.8418,-16.219,2.557,1.004,-0.5894,-0.6466,2.457,2.627,3.529,36.1244,-17.5185,0.2,0.0,0.0,0.0,1.0863,-0.6184,-0.65,1.4089,-0.0651,1,0,0,0.813,0.449,0.551,0,0,0.0,4,LANDING_PHASE,1.004,-0.5894,-2.2827,1.2995
2018,53.913,33.8624,-16.2309,2.544,1.0303,-0.593,-0.6479,2.444,2.603,3.503,36.1244,-17.5185,0.2,0.0,0.0,0.0,1.0863,-0.6184,-0.65,1.4089,-0.1051,1,0,0,0.813,0.448,0.552,0,0,0.0,4,LANDING_PHASE,1.0303,-0.593,-2.262,1.2876
2019,53.926,33.8835,-16.2428,2.531,1.0548,-0.5946,-0.6488,2.431,2.579,3.476,36.1244,-17.5185,0.2,0.0,0.0,0.0,1.0863,-0.6184,-0.65,1.4089,-0.0703,1,0,0,0.811,0.445,0.555,0,0,0.0,4,LANDING_PHASE,1.0548,-0.5946,-2.241,1.2758
2020,53.938,33.905,-16.2547,2.518,1.0781,-0.5967,-0.6496,2.418,2.554,3.449,36.1244,-17.5185,0.2,0.0,0.0,0.0,1.0862,-0.6185,-0.65,1.4089,-0.1106,1,0,0,0.811,0.446,0.554,0,0,0.0,4,LANDING_PHASE,1.0781,-0.5967,-2.2194,1.2638
2021,53.951,33.927,-16.2666,2.505,1.0981,-0.5971,-0.6497,2.405,2.529,3.422,36.1244,-17.5185,0.2,0.0,0.0,0.0,1.0861,-0.6188,-0.65,1.4089,-0.0671,1,0,0,0.81,0.443,0.557,0,0,0.0,4,LANDING_PHASE,1.0981,-0.5971,-2.1974,1.2519
2022,53.963,33.9493,-16.2786,2.492,1.1167,-0.5984,-0.6495,2.392,2.504,3.394,36.1244,-17.5185,0.2,0.0,0.0,0.0,1.0859,-0.619,-0.65,1.4089,-0.1069,1,0,0,0.81,0.439,0.561,0,0,0.0,4,LANDING_PHASE,1.1167,-0.5984,-2.1751,1.2399
2023,53.977,33.972,-16.2906,2.4791,1.1318,-0.5977,-0.6493,2.379,2.478,3.367,36.1244,-17.5185,0.2,0.0,0.0,0.0,1.0813,-0.617,-0.65,1.4044,-0.0808,1,0,0,0.807,0.434,0.566,0,0,0.0,4,LANDING_PHASE,1.1318,-0.5977,-2.1525,1.228
2024,53.99,33.9949,-16.3025,2.4661,1.1452,-0.5977,-0.6493,2.366,2.452,3.339,36.1244,-17.5185,0.2,0.0,0.0,0.0,1.0757,-0.6147,-0.65,1.3991,-0.1144,1,0,0,0.807,0.434,0.566,0,0,0.0,4,LANDING_PHASE,1.1452,-0.5977,-2.1296,1.216
2025,54.003,34.0179,-16.3144,2.4531,1.1546,-0.5967,-0.6483,2.353,2.426,3.311,36.1244,-17.5185,0.2,0.0,0.0,0.0,1.0699,-0.6124,-0.65,1.3936,-0.0674,1,0,0,0.803,0.431,0.569,0,0,0.0,4,LANDING_PHASE,1.1546,-0.5967,-2.1065,1.2041
2026,54.015,34.0412,-16.3264,2.4402,1.1619,-0.5975,-0.6473,2.34,2.4,3.283,36.1244,-17.5185,0.2,0.0,0.0,0.0,1.0641,-0.6101,-0.65,1.3881,-0.101,1,0,0,0.802,0.427,0.573,0,0,0.0,4,LANDING_PHASE,1.1619,-0.5975,-2.0832,1.1921
2027,54.029,34.0645,-16.3383,2.4272,1.1651,-0.597,-0.6464,2.327,2.374,3.255,36.1244,-17.5185,0.2,0.0,0.0,0.0,1.0582,-0.6079,-0.65,1.3827,-0.0574,1,0,0,0.799,0.434,0.566,0,0,0.0,4,LANDING_PHASE,1.1651,-0.597,-2.0599,1.1802
2028,54.041,34.0878,-16.3503,2.4143,1.1659,-0.5979,-0.6455,2.314,2.348,3.227,36.1244,-17.5185,0.2,0.0,0.0,0.0,1.0524,-0.6056,-0.65,1.3772,-0.0904,1,0,0,0.798,0.433,0.567,0,0,0.0,4,LANDING_PHASE,1.1659,-0.5979,-2.0366,1.1682
2029,54.055,34.1111,-16.3622,2.4014,1.1632,-0.5972,-0.6447,2.301,2.322,3.199,36.1244,-17.5185,0.2,0.0,0.0,0.0,1.0466,-0.6034,-0.65,1.3719,-0.0594,1,0,0,0.795,0.43,0.57,0,0,0.0,4,LANDING_PHASE,1.1632,-0.5972,-2.0133,1.1563
2030,54.07,34.1342,-16.3742,2.3885,1.1586,-0.5978,-0.6441,2.289,2.296,3.172,36.1244,-17.5185,0.2,0.0,0.0,0.0,1.041,-0.6011,-0.65,1.3666,-0.1011,1,0,0,0.793,0.429,0.571,0,0,0.0,4,LANDING_PHASE,1.1586,-0.5978,-1.9902,1.1443
2031,54.083,34.1573,-16.3861,2.3757,1.1511,-0.597,-0.6436,2.276,2.27,3.144,36.1244,-17.5185,0.2,0.0,0.0,0.0,1.0356,-0.5989,-0.65,1.3615,-0.0675,1,0,0,0.787,0.428,0.572,0,0,0.0,4,LANDING_PHASE,1.1511,-0.597,-1.9671,1.1324
2032,54.096,34.1801,-16.3981,2.3628,1.1422,-0.5976,-0.6438,2.263,2.244,3.117,36.1244,-17.5185,0.2,0.0,0.0,0.0,1.0304,-0.5966,-0.65,1.3565,-0.1065,1,0,0,0.768,0.425,0.575,0,0,0.0,4,LANDING_PHASE,1.1422,-0.5976,-1.9443,1.1204
2033,54.108,34.2027,-16.41,2.3499,1.1305,-0.5967,-0.6436,2.25,2.218,3.089,36.1244,-17.5185,0.2,0.0,0.0,0.0,1.0255,-0.5943,-0.65,1.3518,-0.0738,1,0,0,0.766,0.425,0.575,0,0,0.0,4,LANDING_PHASE,1.1305,-0.5967,-1.9217,1.1085
2034,54.121,34.2251,-16.422,2.3371,1.1179,-0.5974,-0.6434,2.237,2.193,3.062,36.1244,-17.5185,0.2,0.0,0.0,0.0,1.0208,-0.592,-0.65,1.3472,-0.1094,1,0,0,0.768,0.425,0.575,0,0,0.0,4,LANDING_PHASE,1.1179,-0.5974,-1.8993,1.0965
2035,54.133,34.2472,-16.4339,2.3242,1.1038,-0.5968,-0.6434,2.224,2.168,3.035,36.1244,-17.5185,0.2,0.0,0.0,0.0,1.0164,-0.5897,-0.65,1.3429,-0.0719,1,0,0,0.766,0.422,0.578,0,0,0.0,4,LANDING_PHASE,1.1038,-0.5968,-1.8773,1.0846
2036,54.146,34.2689,-16.4458,2.3113,1.0898,-0.5978,-0.6435,2.211,2.143,3.008,36.1244,-17.5185,0.2,0.0,0.0,0.0,1.0122,-0.5872,-0.65,1.3386,-0.1069,1,0,0,0.768,0.423,0.577,0,0,0.0,4,LANDING_PHASE,1.0898,-0.5978,-1.8555,1.0727
2037,54.159,34.2904,-16.4578,2.2984,1.0742,-0.5972,-0.644,2.198,2.119,2.982,36.1244,-17.5185,0.2,0.0,0.0,0.0,1.0083,-0.5848,-0.65,1.3346,-0.0786,1,0,0,0.769,0.424,0.576,0,0,0.0,4,LANDING_PHASE,1.0742,-0.5972,-1.834,1.0607
2038,54.171,34.3116,-16.4698,2.2855,1.0585,-0.5979,-0.6448,2.186,2.094,2.956,36.1244,-17.5185,0.2,0.0,0.0,0.0,1.0047,-0.5823,-0.65,1.3308,-0.1097,1,0,0,0.772,0.428,0.572,0,0,0.0,4,LANDING_PHASE,1.0585,-0.5979,-1.8128,1.0488
2039,54.183,34.3325,-16.4817,2.2726,1.0432,-0.5975,-0.6449,2.173,2.07,2.929,36.1244,-17.5185,0.2,0.0,0.0,0.0,1.0013,-0.5798,-0.65,1.3271,-0.0704,1,0,0,0.771,0.427,0.573,0,0,0.0,4,LANDING_PHASE,1.0432,-0.5975,-1.7919,1.0368
2040,54.195,34.353,-16.4937,2.2597,1.0286,-0.5986,-0.645,2.16,2.046,2.904,36.1244,-17.5185,0.2,0.0,0.0,0.0,0.998,-0.5771,-0.65,1.3235,-0.0983,1,0,0,0.774,0.43,0.57,0,0,0.0,4,LANDING_PHASE,1.0286,-0.5986,-1.7714,1.0248
2041,54.207,34.3733,-16.5056,2.2468,1.013,-0.5979,-0.6454,2.147,2.023,2.878,36.1244,-17.5185,0.2,0.0,0.0,0.0,0.995,-0.5745,-0.65,1.3201,-0.0702,1,0,0,0.777,0.435,0.565,0,0,0.0,4,LANDING_PHASE,1.013,-0.5979,-1.7511,1.0129
2042,54.219,34.3933,-16.5176,2.2339,0.9981,-0.5981,-0.6456,2.134,2.0,2.852,36.1244,-17.5185,0.2,0.0,0.0,0.0,0.9923,-0.5718,-0.65,1.3168,-0.094,1,0,0,0.778,0.435,0.565,0,0,0.0,4,LANDING_PHASE,0.9981,-0.5981,-1.7311,1.0009
2043,54.231,34.413,-16.5295,2.221,0.9849,-0.5968,-0.6456,2.121,1.977,2.827,36.1244,-17.5185,0.2,0.0,0.0,0.0,0.9895,-0.5692,-0.65,1.3136,-0.0721,1,0,0,0.783,0.441,0.559,0,0,0.0,4,LANDING_PHASE,0.9849,-0.5968,-1.7114,0.989
2044,54.243,34.4324,-16.5415,2.2081,0.9715,-0.5962,-0.6456,2.108,1.954,2.802,36.1244,-17.5185,0.2,0.0,0.0,0.0,0.987,-0.5665,-0.65,1.3105,-0.0932,1,0,0,0.784,0.438,0.562,0,0,0.0,4,LANDING_PHASE,0.9715,-0.5962,-1.692,0.977
2045,54.255,34.4516,-16.5533,2.1952,0.9607,-0.5945,-0.6456,2.095,1.931,2.777,36.1244,-17.5185,0.2,0.0,0.0,0.0,0.9844,-0.5638,-0.65,1.3074,-0.0712,1,0,0,0.788,0.442,0.558,0,0,0.0,4,LANDING_PHASE,0.9607,-0.5945,-1.6728,0.9652
2046,54.268,34.4706,-16.5652,2.1823,0.9492,-0.5937,-0.6457,2.082,1.909,2.752,36.1244,-17.5185,0.2,0.0,0.0,0.0,0.982,-0.5611,-0.65,1.3044,-0.0813,1,0,0,0.789,0.443,0.557,0,0,0.0,4,LANDING_PHASE,0.9492,-0.5937,-1.6538,0.9533
2047,54.28,34.4894,-16.5771,2.1693,0.9399,-0.5921,-0.6462,2.069,1.887,2.727,36.1244,-17.5185,0.2,0.0,0.0,0.0,0.9795,-0.5584,-0.65,1.3014,-0.0611,1,0,0,0.793,0.445,0.555,0,0,0.0,4,LANDING_PHASE,0.9399,-0.5921,-1.635,0.9414
2048,54.292,34.508,-16.5889,2.1564,0.9303,-0.5904,-0.6457,2.056,1.865,2.703,36.1244,-17.5185,0.2,0.0,0.0,0.0,0.9772,-0.5557,-0.65,1.2985,-0.0863,1,0,0,0.794,0.446,0.554,0,0,0.0,4,LANDING_PHASE,0.9303,-0.5904,-1.6164,0.9296
2049,54.305,34.5265,-16.6006,2.1435,0.9236,-0.5872,-0.6454,2.044,1.843,2.678,36.1244,-17.5185,0.2,0.0,0.0,0.0,0.9746,-0.5532,-0.65,1.2955,-0.0672,1,0,0,0.798,0.445,0.555,0,0,0.0,4,LANDING_PHASE,0.9236,-0.5872,-1.5979,0.9179
2050,54.317,34.5448,-16.6123,2.1306,0.9165,-0.584,-0.6451,2.031,1.821,2.654,36.1244,-17.5185,0.2,0.0,0.0,0.0,0.9722,-0.5507,-0.65,1.2927,-0.095,1,0,0,0.799,0.448,0.552,0,0,0.0,4,LANDING_PHASE,0.9165,-0.584,-1.5796,0.9062
2051,54.329,34.563,-16.6239,2.1177,0.9117,-0.5793,-0.6449,2.018,1.8,2.63,36.1244,-17.5185,0.2,0.0,0.0,0.0,0.9696,-0.5484,-0.65,1.2897,-0.075,1,0,0,0.82,0.452,0.548,0,0,0.0,4,LANDING_PHASE,0.9117,-0.5793,-1.5614,0.8946
2052,54.341,34.5812,-16.6354,2.1048,0.9067,-0.575,-0.6452,2.005,1.778,2.606,36.1244,-17.5185,0.2,0.0,0.0,0.0,0.9671,-0.5461,-0.65,1.2869,-0.0957,1,0,0,0.821,0.448,0.552,0,0,0.0,4,LANDING_PHASE,0.9067,-0.575,-1.5432,0.8831
2053,54.353,34.5992,-16.6468,2.0919,0.9041,-0.5694,-0.6449,1.992,1.757,2.582,36.1244,-17.5185,0.2,0.0,0.0,0.0,0.9254,-0.5223,-0.266,1.0954,-0.0693,1,1,0,0.827,0.449,0.551,0,0,0.0,4,DESCENT_PHASE,0.9041,-0.5694,-1.5252,0.8717
2054,54.365,34.6172,-16.658,2.0819,0.9003,-0.5611,-0.5024,1.982,1.736,2.56,36.1244,-17.5185,0.2,0.0,0.0,0.0,0.8838,-0.4985,-0.172,1.0291,-0.0989,1,1,0,0.827,0.45,0.55,0,0,0.0,4,DESCENT_PHASE,0.9003,-0.5611,-1.5072,0.8605
2055,54.377,34.6353,-16.669,2.0743,0.9005,-0.5513,-0.3781,1.974,1.714,2.54,36.1244,-17.5185,0.2,0.0,0.0,0.0,0.8421,-0.4747,-0.3833,1.0399,-0.0667,1,1,0,0.829,0.45,0.55,0,0,0.0,4,DESCENT_PHASE,0.9005,-0.5513,-1.4892,0.8495
2056,54.389,34.6532,-16.6799,2.0667,0.8983,-0.5462,-0.3782,1.967,1.693,2.52,36.1244,-17.5185,0.2,0.0,0.0,0.0,0.8003,-0.451,-0.3831,0.9953,-0.0881,1,1,0,0.829,0.449,0.551,0,0,0.0,4,DESCENT_PHASE,0.8983,-0.5462,-1.4712,0.8386
2057,54.401,34.6712,-16.6907,2.0592,0.898,-0.54,-0.3788,1.959,1.672,2.501,36.1244,-17.5185,0.2,0.0,0.0,0.0,0.7586,-0.4273,-0.3821,0.9508,-0.0518,1,1,0,0.805,0.455,0.545,0,0,0.0,4,DESCENT_PHASE,0.898,-0.54,-1.4532,0.8278
2058,54.413,34.6891,-16.7014,2.0516,0.8964,-0.5346,-0.3777,1.952,1.652,2.481,36.1244,-17.5185,0.2,0.0,0.0,0.0,0.7168,-0.4036,-0.384,0.9079,-0.0879,1,1,0,0.804,0.452,0.548,0,0,0.0,4,DESCENT_PHASE,0.8964,-0.5346,-1.4353,0.8171
2059,54.425,34.707,-16.712,2.0441,0.8918,-0.527,-0.3774,1.944,1.631,2.462,36.1244,-17.5185,0.2,0.0,0.0,0.0,0.675,-0.38,-0.3844,0.8648,-0.0499,1,1,0,0.8,0.448,0.552,0,0,0.0,4,DESCENT_PHASE,0.8918,-0.527,-1.4175,0.8065
2060,54.437,34.7247,-16.7224,2.0365,0.8859,-0.5198,-0.3767,1.937,1.61,2.443,36.1244,-17.5185,0.2,0.0,0.0,0.0,0.6332,-0.3565,-0.3855,0.8226,-0.0833,1,1,0,0.795,0.447,0.553,0,0,0.0,4,DESCENT_PHASE,0.8859,-0.5198,-1.3997,0.7961
2061,54.449,34.7422,-16.7326,2.029,0.8768,-0.5099,-0.376,1.929,1.59,2.424,36.1244,-17.5185,0.2,0.0,0.0,0.0,0.5913,-0.3331,-0.3868,0.7811,-0.0494,1,1,0,0.788,0.445,0.555,0,0,0.0,4,DESCENT_PHASE,0.8768,-0.5099,-1.3822,0.7859
2062,54.462,34.7595,-16.7426,2.0215,0.8639,-0.4997,-0.3748,1.922,1.57,2.405,36.1244,-17.5185,0.2,0.0,0.0,0.0,0.5493,-0.3098,-0.3889,0.7409,-0.0867,1,1,0,0.784,0.44,0.56,0,0,0.0,4,DESCENT_PHASE,0.8639,-0.4997,-1.3649,0.7759
2063,54.474,34.7764,-16.7523,2.014,0.8461,-0.4863,-0.3743,1.914,1.551,2.386,36.1244,-17.5185,0.2,0.0,0.0,0.0,0.5073,-0.2866,-0.3897,0.7009,-0.0518,1,1,0,0.775,0.434,0.566,0,0,0.0,4,DESCENT_PHASE,0.8461,-0.4863,-1.348,0.7662
2064,54.485,34.7929,-16.7617,2.0066,0.8251,-0.4726,-0.3732,1.907,1.532,2.368,36.1244,-17.5185,0.2,0.0,0.0,0.0,0.4651,-0.2637,-0.3916,0.6627,-0.0874,1,1,0,0.769,0.428,0.572,0,0,0.0,4,DESCENT_PHASE,0.8251,-0.4726,-1.3315,0.7568
2065,54.498,34.8089,-16.7708,1.9991,0.7989,-0.4556,-0.373,1.899,1.513,2.351,36.1244,-17.5185,0.2,0.0,0.0,0.0,0.4667,-0.2649,-0.3918,0.6645,-0.0564,1,1,0,0.759,0.422,0.578,0,0,0.0,4,DESCENT_PHASE,0.7989,-0.4556,-1.3155,0.7477
2066,54.509,34.8243,-16.7796,1.9916,0.7693,-0.4382,-0.3737,1.892,1.495,2.334,36.1244,-17.5185,0.2,0.0,0.0,0.0,0.4695,-0.2666,-0.3908,0.6665,-0.09,1,1,0,0.753,0.417,0.583,0,0,0.0,4,DESCENT_PHASE,0.7693,-0.4382,-1.3001,0.7389
2067,54.52,34.839,-16.788,1.9841,0.7349,-0.4174,-0.3759,1.884,1.479,2.317,36.1244,-17.5185,0.2,0.0,0.0,0.0,0.4735,-0.2691,-0.387,0.6681,-0.1049,1,1,0,0.752,0.415,0.585,0,0,0.0,4,DESCENT_PHASE,0.7349,-0.4174,-1.2854,0.7305
2068,54.532,34.8529,-16.7959,1.9766,0.6973,-0.396,-0.3779,1.877,1.462,2.301,36.1244,-17.5185,0.2,0.0,0.0,0.0,0.4784,-0.2719,-0.3836,0.6708,-0.0878,1,1,0,0.756,0.42,0.58,0,0,0.0,4,DESCENT_PHASE,0.6973,-0.396,-1.2715,0.7226
2069,54.544,34.8661,-16.8034,1.969,0.6588,-0.3748,-0.3796,1.869,1.447,2.286,36.1244,-17.5185,0.2,0.0,0.0,0.0,0.4838,-0.2749,-0.3806,0.6741,-0.1056,1,1,0,0.755,0.419,0.581,0,0,0.0,4,DESCENT_PHASE,0.6588,-0.3748,-1.2583,0.7151
2070,54.556,34.8785,-16.8104,1.9613,0.622,-0.3522,-0.3812,1.861,1.433,2.271,36.1244,-17.5185,0.2,0.0,0.0,0.0,0.4891,-0.2782,-0.378,0.6779,-0.0957,1,1,0,0.759,0.423,0.577,0,0,0.0,4,DESCENT_PHASE,0.622,-0.3522,-1.2459,0.7081
2071,54.568,34.8902,-16.817,1.9537,0.5842,-0.3303,-0.3827,1.854,1.42,2.256,36.1244,-17.5185,0.2,0.0,0.0,0.0,0.495,-0.2817,-0.3754,0.6821,-0.1225,1,1,0,0.768,0.428,0.572,0,0,0.0,4,DESCENT_PHASE,0.5842,-0.3303,-1.2342,0.7015
2072,54.58,34.9012,-16.8232,1.946,0.5481,-0.3082,-0.3835,1.846,1.407,2.242,36.1244,-17.5185,0.2,0.0,0.0,0.0,0.5007,-0.2853,-0.3741,0.6871,-0.0856,1,1,0,0.771,0.43,0.57,0,0,0.0,4,DESCENT_PHASE,0.5481,-0.3082,-1.2232,0.6953
2073,54.592,34.9115,-16.829,1.9383,0.5155,-0.2888,-0.3839,1.838,1.395,2.229,36.1244,-17.5185,0.2,0.0,0.0,0.0,0.506,-0.2885,-0.3734,0.6919,-0.1135,1,1,0,0.778,0.441,0.559,0,0,0.0,4,DESCENT_PHASE,0.5155,-0.2888,-1.2129,0.6895
2074,54.604,34.9212,-16.8343,1.9307,0.4844,-0.2689,-0.3844,1.831,1.384,2.216,36.1244,-17.5185,0.2,0.0,0.0,0.0,0.5112,-0.292,-0.3725,0.6967,-0.1089,1,1,0,0.789,0.446,0.554,0,0,0.0,4,DESCENT_PHASE,0.4844,-0.2689,-1.2032,0.6842
2075,54.616,34.9303,-16.8394,1.923,0.4563,-0.2512,-0.3837,1.823,1.374,2.204,36.1244,-17.5185,0.2,0.0,0.0,0.0,0.516,-0.2951,-0.3736,0.7021,-0.1127,1,1,0,0.795,0.454,0.546,0,0,0.0,4,DESCENT_PHASE,0.4563,-0.2512,-1.1941,0.6791
2076,54.628,34.939,-16.8441,1.9153,0.4338,-0.2357,-0.3829,1.815,1.364,2.191,36.1244,-17.5185,0.2,0.0,0.0,0.0,0.5197,-0.2979,-0.3751,0.7068,-0.092,1,1,0,0.804,0.463,0.537,0,0,0.0,4,DESCENT_PHASE,0.4338,-0.2357,-1.1854,0.6744
2077,54.64,34.9473,-16.8485,1.9077,0.414,-0.2231,-0.382,1.808,1.354,2.18,36.1244,-17.5185,0.2,0.0,0.0,0.0,0.523,-0.3002,-0.3766,0.711,-0.1094,1,1,0,0.808,0.467,0.533,0,0,0.0,4,DESCENT_PHASE,0.414,-0.2231,-1.1772,0.67
2078,54.652,34.9552,-16.8528,1.9001,0.3997,-0.2118,-0.3812,1.8,1.345,2.168,36.1244,-17.5185,0.2,0.0,0.0,0.0,0.5252,-0.3024,-0.378,0.7142,-0.0881,1,1,0,0.816,0.471,0.529,0,0,0.0,4,DESCENT_PHASE,0.3997,-0.2118,-1.1692,0.6657
2079,54.663,34.963,-16.8568,1.8925,0.3876,-0.2035,-0.3803,1.792,1.337,2.157,36.1244,-17.5185,0.2,0.0,0.0,0.0,0.5271,-0.3039,-0.3795,0.7171,-0.1065,1,1,0,0.82,0.475,0.525,0,0,0.0,4,DESCENT_PHASE,0.3876,-0.2035,-1.1614,0.6617
2080,54.676,34.9706,-16.8608,1.8849,0.3805,-0.1968,-0.3797,1.785,1.328,2.145,36.1244,-17.5185,0.2,0.0,0.0,0.0,0.5279,-0.3051,-0.3805,0.7187,-0.085,1,1,0,0.826,0.476,0.524,0,0,0.0,4,DESCENT_PHASE,0.3805,-0.1968,-1.1538,0.6577
2081,54.687,34.9781,-16.8646,1.8773,0.375,-0.1934,-0.3788,1.777,1.32,2.134,36.1244,-17.5185,0.2,0.0,0.0,0.0,0.5284,-0.3057,-0.3821,0.7202,-0.1048,1,1,0,0.829,0.479,0.521,0,0,0.0,4,DESCENT_PHASE,0.375,-0.1934,-1.1463,0.6539
2082,54.7,34.9856,-16.8685,1.8697,0.3741,-0.1916,-0.3787,1.77,1.311,2.123,36.1244,-17.5185,0.2,0.0,0.0,0.0,0.5279,-0.306,-0.3823,0.72,-0.0841,1,1,0,0.857,0.488,0.512,0,0,0.0,4,DESCENT_PHASE,0.3741,-0.1916,-1.1388,0.65
2083,54.712,34.9931,-16.8723,1.8622,0.3743,-0.1933,-0.3777,1.762,1.303,2.112,36.1244,-17.5185,0.2,0.0,0.0,0.0,0.5272,-0.3055,-0.3839,0.7202,-0.1051,1,1,0,0.909,0.495,0.505,0,0,0.0,4,DESCENT_PHASE,0.3743,-0.1933,-1.1313,0.6462
2084,54.726,35.0007,-16.8763,1.8546,0.3788,-0.1968,-0.3775,1.755,1.294,2.101,36.1244,-17.5185,0.2,0.0,0.0,0.0,0.5256,-0.3046,-0.3842,0.7188,-0.0843,1,1,0,0.866,0.497,0.503,0,0,0.0,4,DESCENT_PHASE,0.3788,-0.1968,-1.1238,0.6422
2085,54.74,35.0083,-16.8804,1.8471,0.3841,-0.2036,-0.3775,1.747,1.286,2.089,36.1244,-17.5185,0.2,0.0,0.0,0.0,0.5237,-0.303,-0.3842,0.7167,-0.0759,1,1,0,0.906,0.496,0.504,0,0,0.0,4,DESCENT_PHASE,0.3841,-0.2036,-1.1161,0.6381
2086,54.752,35.0162,-16.8846,1.8395,0.3932,-0.2123,-0.3779,1.74,1.277,2.078,36.1244,-17.5185,0.2,0.0,0.0,0.0,0.521,-0.3008,-0.3836,0.7135,-0.0749,1,1,0,0.87,0.492,0.508,0,0,0.0,4,DESCENT_PHASE,0.3932,-0.2123,-1.1082,0.6339
2087,54.765,35.0243,-16.889,1.8319,0.4038,-0.2219,-0.3781,1.732,1.267,2.066,36.1244,-17.5185,0.2,0.0,0.0,0.0,0.518,-0.2984,-0.3831,0.71,-0.0854,1,1,0,0.872,0.493,0.507,0,0,0.0,4,DESCENT_PHASE,0.4038,-0.2219,-1.1001,0.6295
2088,54.778,35.0326,-16.8937,1.8244,0.4154,-0.2315,-0.3786,1.724,1.258,2.055,36.1244,-17.5185,0.2,0.0,0.0,0.0,0.5147,-0.2959,-0.3823,0.7062,-0.0512,1,1,0,0.872,0.492,0.508,0,0,0.0,4,DESCENT_PHASE,0.4154,-0.2315,-1.0918,0.6248
2089,54.791,35.0412,-16.8985,1.8168,0.4287,-0.242,-0.3785,1.717,1.248,2.043,36.1244,-17.5185,0.2,0.0,0.0,0.0,0.5109,-0.2932,-0.3826,0.7024,-0.093,1,1,0,0.874,0.488,0.512,0,0,0.0,4,DESCENT_PHASE,0.4287,-0.242,-1.0833,0.62
2090,54.803,35.05,-16.9035,1.8092,0.4418,-0.2507,-0.3787,1.709,1.238,2.03,36.1244,-17.5185,0.2,0.0,0.0,0.0,0.5072,-0.2908,-0.3823,0.6985,-0.051,1,1,0,0.874,0.495,0.505,0,0,0.0,4,DESCENT_PHASE,0.4418,-0.2507,-1.0744,0.615
2091,54.815,35.0591,-16.9087,1.8016,0.4562,-0.2604,-0.3792,1.702,1.227,2.018,36.1244,-17.5185,0.2,0.0,0.0,0.0,0.503,-0.2881,-0.3814,0.6939,-0.0887,1,1,0,0.874,0.499,0.501,0,0,0.0,4,DESCENT_PHASE,0.4562,-0.2604,-1.0653,0.6098
2092,54.827,35.0685,-16.9141,1.7941,0.4702,-0.2679,-0.3792,1.694,1.217,2.005,36.1244,-17.5185,0.2,0.0,0.0,0.0,0.4989,-0.2859,-0.3814,0.69,-0.0466,1,1,0,0.873,0.498,0.502,0,0,0.0,4,DESCENT_PHASE,0.4702,-0.2679,-1.0559,0.6044
2093,54.841,35.0782,-16.9196,1.7865,0.4839,-0.2759,-0.3793,1.686,1.206,1.993,36.1244,-17.5185,0.2,0.0,0.0,0.0,0.4948,-0.2835,-0.3812,0.6859,-0.0878,1,1,0,0.873,0.494,0.506,0,0,0.0,4,DESCENT_PHASE,0.4839,-0.2759,-1.0462,0.5989
2094,54.853,35.0881,-16.9252,1.7789,0.4955,-0.2811,-0.3792,1.679,1.194,1.98,36.1244,-17.5185,0.2,0.0,0.0,0.0,0.491,-0.2817,-0.3813,0.6826,-0.0463,1,1,0,0.869,0.494,0.506,0,0,0.0,4,DESCENT_PHASE,0.4955,-0.2811,-1.0363,0.5933
2095,54.865,35.0982,-16.931,1.7713,0.5065,-0.2864,-0.3791,1.671,1.182,1.967,36.1244,-17.5185,0.2,0.0,0.0,0.0,0.4874,-0.2799,-0.3814,0.6792,-0.0868,1,1,0,0.869,0.492,0.508,0,0,0.0,4,DESCENT_PHASE,0.5065,-0.2864,-1.0262,0.5875
2096,54.877,35.1085,-16.9367,1.7637,0.5151,-0.2886,-0.3792,1.664,1.171,1.953,36.1244,-17.5185,0.2,0.0,0.0,0.0,0.4842,-0.2788,-0.3814,0.6765,-0.0669,1,1,0,0.844,0.491,0.509,0,0,0.0,4,DESCENT_PHASE,0.5151,-0.2886,-1.0159,0.5818
2097,54.889,35.119,-16.9425,1.7561,0.5228,-0.2906,-0.3789,1.656,1.159,1.94,36.1244,-17.5185,0.2,0.0,0.0,0.0,0.4812,-0.2778,-0.3819,0.6742,-0.1066,1,1,0,0.844,0.494,0.506,0,0,0.0,4,DESCENT_PHASE,0.5228,-0.2906,-1.0054,0.576
2098,54.901,35.1295,-16.9484,1.7486,0.5275,-0.291,-0.3788,1.649,1.147,1.927,36.1244,-17.5185,0.2,0.0,0.0,0.0,0.4788,-0.2772,-0.3821,0.6724,-0.0684,1,1,0,0.842,0.487,0.513,0,0,0.0,4,DESCENT_PHASE,0.5275,-0.291,-0.9949,0.5701
2099,54.913,35.1402,-16.9542,1.741,0.5309,-0.2926,-0.3786,1.641,1.135,1.914,36.1244,-17.5185,0.2,0.0,0.0,0.0,0.4768,-0.2762,-0.3825,0.6708,-0.107,1,1,0,0.842,0.489,0.511,0,0,0.0,4,DESCENT_PHASE,0.5309,-0.2926,-0.9842,0.5643
2100,54.924,35.1508,-16.9601,1.7334,0.5314,-0.2925,-0.3786,1.633,1.122,1.9,36.1244,-17.5185,0.2,0.0,0.0,0.0,0.4754,-0.2757,-0.3824,0.6696,-0.0708,1,1,0,0.84,0.485,0.515,0,0,0.0,4,DESCENT_PHASE,0.5314,-0.2925,-0.9736,0.5584
2101,54.936,35.1614,-16.9659,1.7259,0.5308,-0.2934,-0.3785,1.626,1.11,1.887,36.1244,-17.5185,0.2,0.0,0.0,0.0,0.4744,-0.275,-0.3825,0.6686,-0.108,1,1,0,0.84,0.484,0.516,0,0,0.0,4,DESCENT_PHASE,0.5308,-0.2934,-0.963,0.5526
2102,54.948,35.172,-16.9718,1.7183,0.528,-0.2926,-0.3784,1.618,1.098,1.874,36.1244,-17.5185,0.2,0.0,0.0,0.0,0.4739,-0.2747,-0.3828,0.6682,-0.0689,1,1,2,0.838,0.481,0.519,0,0,0.0,4,SETTLE_PHASE,0.528,-0.2926,-0.9524,0.5467
2103,54.961,35.1824,-16.9776,1.7128,0.5233,-0.2931,-0.2736,1.613,1.086,1.862,36.1244,-17.5185,0.2,0.0,0.0,0.0,0.4739,-0.274,-0.5608,0.7837,-0.1149,1,1,2,0.838,0.48,0.52,0,0,0.0,4,SETTLE_PHASE,0.5233,-0.2931,-0.942,0.5409
2104,54.972,35.1928,-16.9835,1.7087,0.5159,-0.2907,-0.2081,1.609,1.074,1.852,36.1244,-17.5185,0.2,0.0,0.0,0.0,0.4746,-0.274,-0.6723,0.8674,-0.0789,1,1,2,0.838,0.48,0.52,0,0,0.0,4,SETTLE_PHASE,0.5159,-0.2907,-0.9317,0.535
2105,54.984,35.2029,-16.9893,1.7053,0.5086,-0.2903,-0.1673,1.605,1.063,1.843,36.1244,-17.5185,0.2,0.0,0.0,0.0,0.4754,-0.2735,-0.7416,0.9224,-0.1157,1,1,2,0.84,0.484,0.516,0,0,0.0,4,SETTLE_PHASE,0.5086,-0.2903,-0.9215,0.5292
2106,54.996,35.213,-16.995,1.7025,0.5014,-0.2882,-0.1416,1.602,1.051,1.834,36.1244,-17.5185,0.2,0.0,0.0,0.0,0.4762,-0.2735,-0.7852,0.9582,-0.0714,1,1,2,0.84,0.479,0.521,0,0,0.0,4,SETTLE_PHASE,0.5014,-0.2882,-0.9115,0.5235
2107,55.008,35.2229,-17.0008,1.7,0.4962,-0.2881,-0.125,1.6,1.04,1.825,36.1244,-17.5185,0.2,0.0,0.0,0.0,0.4766,-0.2729,-0.8135,0.9815,-0.1037,1,1,2,0.841,0.485,0.515,0,0,0.0,4,SETTLE_PHASE,0.4962,-0.2881,-0.9015,0.5177
2108,55.021,35.2327,-17.0065,1.6977,0.4907,-0.2864,-0.1145,1.598,1.028,1.817,36.1244,-17.5185,0.2,0.0,0.0,0.0,0.4771,-0.2727,-0.8313,0.9965,-0.0593,1,1,2,0.839,0.484,0.516,0,0,0.0,4,SETTLE_PHASE,0.4907,-0.2864,-0.8917,0.512
2109,55.033,35.2424,-17.0122,1.6955,0.4859,-0.2862,-0.1079,1.596,1.017,1.809,36.1244,-17.5185,0.2,0.0,0.0,0.0,0.4774,-0.2721,-0.8426,1.006,-0.0926,1,1,2,0.84,0.486,0.514,0,0,0.0,4,SETTLE_PHASE,0.4859,-0.2862,-0.882,0.5063
2110,55.045,35.252,-17.0179,1.6934,0.4799,-0.2841,-0.1044,1.593,1.006,1.801,36.1244,-17.5185,0.2,0.0,0.0,0.0,0.4781,-0.272,-0.8485,1.0112,-0.0536,1,1,2,0.838,0.483,0.517,0,0,0.0,4,SETTLE_PHASE,0.4799,-0.2841,-0.8724,0.5006
2111,55.057,35.2615,-17.0236,1.6914,0.4742,-0.2831,-0.1015,1.591,0.995,1.793,36.1244,-17.5185,0.2,0.0,0.0,0.0,0.4787,-0.2716,-0.8534,1.0155,-0.0908,1,1,2,0.839,0.483,0.517,0,0,0.0,4,SETTLE_PHASE,0.4742,-0.2831,-0.8629,0.4949
2112,55.069,35.2708,-17.0292,1.6894,0.4671,-0.28,-0.0998,1.589,0.984,1.785,36.1244,-17.5185,0.2,0.0,0.0,0.0,0.4798,-0.2717,-0.8563,1.0185,-0.0524,1,1,2,0.837,0.49,0.51,0,0,0.0,4,SETTLE_PHASE,0.4671,-0.28,-0.8536,0.4893
2113,55.081,35.28,-17.0347,1.6874,0.4603,-0.2778,-0.0987,1.587,0.973,1.777,36.1244,-17.5185,0.2,0.0,0.0,0.0,0.4809,-0.2716,-0.8582,1.0206,-0.0889,1,1,2,0.838,0.49,0.51,0,0,0.0,4,SETTLE_PHASE,0.4603,-0.2778,-0.8444,0.4838
2114,55.092,35.2891,-17.0402,1.6855,0.4521,-0.2733,-0.0982,1.585,0.963,1.77,36.1244,-17.5185,0.2,0.0,0.0,0.0,0.4823,-0.2722,-0.859,1.0221,-0.0551,1,1,2,0.837,0.491,0.509,0,0,0.0,4,SETTLE_PHASE,0.4521,-0.2733,-0.8353,0.4783
2115,55.104,35.298,-17.0456,1.6835,0.4442,-0.2695,-0.0978,1.584,0.952,1.763,36.1244,-17.5185,0.2,0.0,0.0,0.0,0.4838,-0.2726,-0.8598,1.0235,-0.0911,1,1,2,0.839,0.488,0.512,0,0,0.0,4,SETTLE_PHASE,0.4442,-0.2695,-0.8264,0.4729
2116,55.117,35.3067,-17.0509,1.6816,0.4361,-0.2636,-0.0977,1.582,0.942,1.756,36.1244,-17.5185,0.2,0.0,0.0,0.0,0.4853,-0.2736,-0.86,1.0247,-0.0639,1,1,2,0.838,0.492,0.508,0,0,0.0,4,SETTLE_PHASE,0.4361,-0.2636,-0.8177,0.4676
2117,55.131,35.3153,-17.056,1.6796,0.4294,-0.2584,-0.0975,1.58,0.932,1.749,36.1244,-17.5185,0.2,0.0,0.0,0.0,0.4865,-0.2744,-0.8603,1.0257,-0.1,1,1,2,0.84,0.489,0.511,0,0,0.0,4,SETTLE_PHASE,0.4294,-0.2584,-0.8091,0.4625
2118,55.143,35.3237,-17.0611,1.6777,0.4221,-0.2519,-0.0974,1.578,0.922,1.742,36.1244,-17.5185,0.2,0.0,0.0,0.0,0.4879,-0.2757,-0.8604,1.0268,-0.0604,1,1,2,0.838,0.492,0.508,0,0,0.0,4,SETTLE_PHASE,0.4221,-0.2519,-0.8007,0.4574
2119,55.156,35.332,-17.066,1.6757,0.4157,-0.2468,-0.0974,1.576,0.912,1.735,36.1244,-17.5185,0.2,0.0,0.0,0.0,0.4891,-0.2766,-0.8605,1.0277,-0.0964,1,1,2,0.84,0.489,0.511,0,0,0.0,4,SETTLE_PHASE,0.4157,-0.2468,-0.7924,0.4525
2120,55.168,35.3402,-17.0708,1.6738,0.4084,-0.2399,-0.0975,1.574,0.903,1.728,36.1244,-17.5185,0.2,0.0,0.0,0.0,0.4905,-0.2781,-0.8602,1.0286,-0.0596,1,1,2,0.839,0.492,0.508,0,0,0.0,4,SETTLE_PHASE,0.4084,-0.2399,-0.7842,0.4477
2121,55.18,35.3482,-17.0755,1.6718,0.4017,-0.2342,-0.0975,1.572,0.894,1.722,36.1244,-17.5185,0.2,0.0,0.0,0.0,0.4918,-0.2793,-0.8602,1.0295,-0.0954,1,1,2,0.841,0.49,0.51,0,0,0.0,4,SETTLE_PHASE,0.4017,-0.2342,-0.7762,0.443
2122,55.194,35.3561,-17.08,1.6699,0.3946,-0.2266,-0.0978,1.57,0.885,1.716,36.1244,-17.5185,0.2,0.0,0.0,0.0,0.4932,-0.2811,-0.8598,1.0303,-0.0769,1,1,2,0.839,0.493,0.507,0,0,0.0,4,SETTLE_PHASE,0.3946,-0.2266,-0.7683,0.4385
2123,55.207,35.3639,-17.0844,1.6679,0.3886,-0.2201,-0.0977,1.568,0.876,1.709,36.1244,-17.5185,0.2,0.0,0.0,0.0,0.4943,-0.2826,-0.8598,1.0313,-0.1128,1,1,2,0.841,0.491,0.509,0,0,0.0,4,SETTLE_PHASE,0.3886,-0.2201,-0.7605,0.4341
2124,55.219,35.3715,-17.0887,1.666,0.3816,-0.2132,-0.0978,1.566,0.867,1.703,36.1244,-17.5185,0.2,0.0,0.0,0.0,0.4957,-0.2844,-0.8597,1.0323,-0.0762,1,1,2,0.84,0.49,0.51,0,0,0.0,4,SETTLE_PHASE,0.3816,-0.2132,-0.7529,0.4298
2125,55.232,35.379,-17.0929,1.664,0.3752,-0.2087,-0.0978,1.564,0.858,1.697,36.1244,-17.5185,0.2,0.0,0.0,0.0,0.497,-0.2854,-0.8598,1.0333,-0.1119,1,1,2,0.843,0.486,0.514,0,0,0.0,4,SETTLE_PHASE,0.3752,-0.2087,-0.7454,0.4256
2126,55.244,35.3864,-17.0969,1.662,0.3682,-0.2038,-0.0977,1.562,0.85,1.691,36.1244,-17.5185,0.2,0.0,0.0,0.0,0.4985,-0.2867,-0.8599,1.0345,-0.0718,1,1,2,0.842,0.487,0.513,0,0,0.0,4,SETTLE_PHASE,0.3682,-0.2038,-0.738,0.4216
2127,55.256,35.3937,-17.101,1.6601,0.3624,-0.2012,-0.0976,1.56,0.842,1.685,36.1244,-17.5185,0.2,0.0,0.0,0.0,0.4996,-0.2872,-0.86,1.0352,-0.1075,1,1,2,0.844,0.488,0.512,0,0,0.0,4,SETTLE_PHASE,0.3624,-0.2012,-0.7308,0.4175
2128,55.268,35.4008,-17.1049,1.6581,0.3559,-0.1979,-0.0976,1.558,0.833,1.68,36.1244,-17.5185,0.2,0.0,0.0,0.0,0.501,-0.288,-0.86,1.0361,-0.0691,1,1,2,0.843,0.489,0.511,0,0,0.0,4,SETTLE_PHASE,0.3559,-0.1979,-0.7236,0.4136
2129,55.28,35.4078,-17.1089,1.6562,0.3502,-0.1966,-0.0976,1.556,0.825,1.674,36.1244,-17.5185,0.2,0.0,0.0,0.0,0.5022,-0.2881,-0.8601,1.0368,-0.1047,1,1,2,0.845,0.49,0.51,0,0,0.0,4,SETTLE_PHASE,0.3502,-0.1966,-0.7166,0.4096
2130,55.292,35.4146,-17.1127,1.6542,0.3439,-0.1944,-0.0975,1.554,0.818,1.668,36.1244,-17.5185,0.2,0.0,0.0,0.0,0.5036,-0.2886,-0.8602,1.0377,-0.0642,1,1,2,0.844,0.489,0.511,0,0,0.0,4,SETTLE_PHASE,0.3439,-0.1944,-0.7098,0.4058
2131,55.304,35.4214,-17.1166,1.6523,0.3387,-0.194,-0.0975,1.552,0.81,1.663,36.1244,-17.5185,0.2,0.0,0.0,0.0,0.5047,-0.2884,-0.8603,1.0382,-0.0998,1,1,2,0.845,0.49,0.51,0,0,0.0,4,SETTLE_PHASE,0.3387,-0.194,-0.703,0.4019
2132,55.315,35.4281,-17.1205,1.6503,0.3327,-0.1923,-0.0976,1.55,0.802,1.657,36.1244,-17.5185,0.2,0.0,0.0,0.0,0.506,-0.2886,-0.86,1.0388,-0.0655,1,1,2,0.846,0.492,0.508,0,0,0.0,4,SETTLE_PHASE,0.3327,-0.1923,-0.6963,0.398
2133,55.327,35.4346,-17.1243,1.6484,0.3274,-0.1922,-0.0975,1.548,0.794,1.652,36.1244,-17.5185,0.2,0.0,0.0,0.0,0.5072,-0.2883,-0.8602,1.0394,-0.101,1,1,2,0.848,0.497,0.503,0,0,0.0,4,SETTLE_PHASE,0.3274,-0.1922,-0.6898,0.3942
2134,55.339,35.4411,-17.1281,1.6464,0.3227,-0.1909,-0.0974,1.546,0.787,1.647,36.1244,-17.5185,0.2,0.0,0.0,0.0,0.5083,-0.2884,-0.8604,1.0401,-0.0598,1,1,2,0.848,0.496,0.504,0,0,0.0,4,SETTLE_PHASE,0.3227,-0.1909,-0.6833,0.3904
2135,55.351,35.4475,-17.132,1.6445,0.32,-0.1914,-0.0973,1.544,0.78,1.641,36.1244,-17.5185,0.2,0.0,0.0,0.0,0.5088,-0.2878,-0.8606,1.0404,-0.0957,1,1,2,0.851,0.5,0.5,0,0,0.0,4,SETTLE_PHASE,0.32,-0.1914,-0.6769,0.3865
2136,55.363,35.4538,-17.1358,1.6425,0.3177,-0.1905,-0.0972,1.543,0.772,1.636,36.1244,-17.5185,0.2,0.0,0.0,0.0,0.5092,-0.2877,-0.8608,1.0407,-0.0539,1,1,2,0.851,0.501,0.499,0,0,0.0,4,SETTLE_PHASE,0.3177,-0.1905,-0.6706,0.3827
2137,55.375,35.4602,-17.1396,1.6406,0.3171,-0.191,-0.0971,1.541,0.765,1.631,36.1244,-17.5185,0.2,0.0,0.0,0.0,0.509,-0.2872,-0.861,1.0406,-0.09,1,1,2,0.853,0.504,0.496,0,0,0.0,4,SETTLE_PHASE,0.3171,-0.191,-0.6642,0.3789
2138,55.387,35.4665,-17.1434,1.6387,0.3165,-0.1898,-0.097,1.539,0.757,1.626,36.1244,-17.5185,0.2,0.0,0.0,0.0,0.5088,-0.2872,-0.8611,1.0406,-0.0476,1,1,2,0.852,0.502,0.498,0,0,0.0,4,SETTLE_PHASE,0.3165,-0.1898,-0.6579,0.3751
2139,55.399,35.4729,-17.1472,1.6367,0.3175,-0.1896,-0.097,1.537,0.75,1.621,36.1244,-17.5185,0.2,0.0,0.0,0.0,0.5082,-0.2869,-0.8611,1.0402,-0.084,1,1,2,0.854,0.503,0.497,0,0,0.0,4,SETTLE_PHASE,0.3175,-0.1896,-0.6516,0.3713
2140,55.411,35.4792,-17.1509,1.6348,0.3182,-0.1874,-0.0978,1.535,0.743,1.616,36.1244,-17.5185,0.2,0.0,0.0,0.0,0.5075,-0.2872,-0.8597,1.0389,-0.0646,1,1,2,0.853,0.501,0.499,0,0,0.0,4,SETTLE_PHASE,0.3182,-0.1874,-0.6452,0.3676
2141,55.422,35.4856,-17.1546,1.6328,0.3203,-0.186,-0.0975,1.533,0.735,1.61,36.1244,-17.5185,0.2,0.0,0.0,0.0,0.5065,-0.2874,-0.8603,1.0388,-0.1058,1,1,2,0.854,0.504,0.496,0,0,0.0,4,SETTLE_PHASE,0.3203,-0.186,-0.6388,0.3639
2142,55.434,35.4921,-17.1583,1.6309,0.3215,-0.1836,-0.0973,1.531,0.728,1.605,36.1244,-17.5185,0.2,0.0,0.0,0.0,0.5057,-0.2879,-0.8606,1.0388,-0.0678,1,1,2,0.853,0.504,0.496,0,0,0.0,4,SETTLE_PHASE,0.3215,-0.1836,-0.6324,0.3602
2143,55.446,35.4985,-17.162,1.6289,0.3236,-0.1832,-0.0972,1.529,0.72,1.6,36.1244,-17.5185,0.2,0.0,0.0,0.0,0.5046,-0.2878,-0.8607,1.0384,-0.1084,1,1,2,0.854,0.502,0.498,0,0,0.0,4,SETTLE_PHASE,0.3236,-0.1832,-0.6259,0.3565
2144,55.459,35.505,-17.1656,1.627,0.3246,-0.1816,-0.0972,1.527,0.713,1.595,36.1244,-17.5185,0.2,0.0,0.0,0.0,0.5038,-0.2881,-0.8608,1.0382,-0.0707,1,1,2,0.853,0.501,0.499,0,0,0.0,4,SETTLE_PHASE,0.3246,-0.1816,-0.6194,0.3529
2145,55.471,35.5115,-17.1693,1.625,0.3262,-0.1817,-0.0978,1.525,0.705,1.59,36.1244,-17.5185,0.2,0.0,0.0,0.0,0.5028,-0.2879,-0.8598,1.0368,-0.1078,1,1,2,0.854,0.502,0.498,0,0,0.0,4,SETTLE_PHASE,0.3262,-0.1817,-0.6129,0.3493
2146,55.483,35.5181,-17.1729,1.6231,0.3265,-0.1801,-0.0975,1.523,0.698,1.585,36.1244,-17.5185,0.2,0.0,0.0,0.0,0.5022,-0.2882,-0.8603,1.037,-0.066,1,1,2,0.852,0.502,0.498,0,0,0.0,4,SETTLE_PHASE,0.3265,-0.1801,-0.6063,0.3456
2147,55.495,35.5246,-17.1765,1.6211,0.3272,-0.1801,-0.0973,1.521,0.69,1.58,36.1244,-17.5185,0.2,0.0,0.0,0.0,0.5015,-0.2881,-0.8607,1.0369,-0.1014,1,1,2,0.853,0.503,0.497,0,0,0.0,4,SETTLE_PHASE,0.3272,-0.1801,-0.5998,0.342
2148,55.507,35.5311,-17.18,1.6192,0.3265,-0.1783,-0.0971,1.519,0.683,1.575,36.1244,-17.5185,0.2,0.0,0.0,0.0,0.5012,-0.2886,-0.8609,1.0371,-0.0594,1,1,2,0.851,0.499,0.501,0,0,0.0,4,SETTLE_PHASE,0.3265,-0.1783,-0.5933,0.3385
2149,55.519,35.5377,-17.1836,1.6173,0.3259,-0.1777,-0.097,1.517,0.676,1.57,36.1244,-17.5185,0.2,0.0,0.0,0.0,0.5009,-0.2887,-0.8611,1.0372,-0.0947,1,1,2,0.851,0.5,0.5,0,0,0.0,4,SETTLE_PHASE,0.3259,-0.1777,-0.5867,0.3349
2150,55.53,35.5441,-17.1871,1.6153,0.3236,-0.175,-0.097,1.515,0.668,1.565,36.1244,-17.5185,0.2,0.0,0.0,0.0,0.5011,-0.2895,-0.8611,1.0375,-0.0545,1,1,2,0.849,0.495,0.505,0,0,0.0,4,SETTLE_PHASE,0.3236,-0.175,-0.5803,0.3314
2151,55.542,35.5506,-17.1905,1.6134,0.3213,-0.1731,-0.097,1.513,0.661,1.56,36.1244,-17.5185,0.2,0.0,0.0,0.0,0.5014,-0.29,-0.8612,1.0379,-0.0895,1,1,2,0.85,0.496,0.504,0,0,0.0,4,SETTLE_PHASE,0.3213,-0.1731,-0.5738,0.328
2152,55.554,35.5569,-17.1939,1.6114,0.3174,-0.169,-0.0972,1.511,0.654,1.555,36.1244,-17.5185,0.2,0.0,0.0,0.0,0.5021,-0.2914,-0.8608,1.0383,-0.0685,1,1,2,0.848,0.495,0.505,0,0,0.0,4,SETTLE_PHASE,0.3174,-0.169,-0.5675,0.3246
2153,55.566,35.5632,-17.1972,1.6095,0.3137,-0.1656,-0.0971,1.509,0.647,1.551,36.1244,-17.5185,0.2,0.0,0.0,0.0,0.5028,-0.2925,-0.8609,1.0391,-0.1034,1,1,2,0.849,0.494,0.506,0,0,0.0,4,SETTLE_PHASE,0.3137,-0.1656,-0.5612,0.3213
2154,55.578,35.5694,-17.2005,1.6075,0.3087,-0.1613,-0.0971,1.508,0.64,1.546,36.1244,-17.5185,0.2,0.0,0.0,0.0,0.504,-0.294,-0.861,1.0401,-0.0613,1,1,2,0.847,0.49,0.51,0,0,0.0,4,SETTLE_PHASE,0.3087,-0.1613,-0.5551,0.318
2155,55.59,35.5754,-17.2036,1.6056,0.3038,-0.159,-0.0971,1.506,0.633,1.542,36.1244,-17.5185,0.2,0.0,0.0,0.0,0.5051,-0.2948,-0.861,1.0409,-0.0961,1,1,2,0.848,0.492,0.508,0,0,0.0,4,SETTLE_PHASE,0.3038,-0.159,-0.549,0.3149
2156,55.601,35.5814,-17.2067,1.6037,0.2973,-0.1555,-0.0973,1.504,0.626,1.537,36.1244,-17.5185,0.2,0.0,0.0,0.0,0.5068,-0.2961,-0.8607,1.0417,-0.0624,1,1,2,0.848,0.489,0.511,0,0,0.0,4,SETTLE_PHASE,0.2973,-0.1555,-0.543,0.3118
2157,55.613,35.5872,-17.2098,1.6017,0.2907,-0.1537,-0.0973,1.502,0.62,1.533,36.1244,-17.5185,0.2,0.0,0.0,0.0,0.5085,-0.2967,-0.8606,1.0428,-0.0961,1,1,2,0.85,0.495,0.505,0,0,0.0,4,SETTLE_PHASE,0.2907,-0.1537,-0.5372,0.3087
2158,55.625,35.5929,-17.2128,1.5998,0.2843,-0.1511,-0.0977,1.5,0.613,1.528,36.1244,-17.5185,0.2,0.0,0.0,0.0,0.5103,-0.2977,-0.8599,1.0432,-0.0562,1,1,2,0.85,0.492,0.508,0,0,0.0,4,SETTLE_PHASE,0.2843,-0.1511,-0.5315,0.3057
2159,55.637,35.5985,-17.2158,1.5978,0.2791,-0.1504,-0.0975,1.498,0.607,1.524,36.1244,-17.5185,0.2,0.0,0.0,0.0,0.5116,-0.2979,-0.8603,1.0443,-0.0931,1,1,2,0.852,0.498,0.502,0,0,0.0,4,SETTLE_PHASE,0.2791,-0.1504,-0.5259,0.3027
2160,55.649,35.6039,-17.2188,1.5959,0.2736,-0.1486,-0.0973,1.266,0.601,1.52,36.1244,-17.5185,0.2,0.0,0.0,0.0,0.5131,-0.2985,-0.8605,1.0454,-0.0523,1,1,2,0.851,0.496,0.504,0,0,0.0,4,SETTLE_PHASE,0.2736,-0.1486,-0.5205,0.2997
2161,55.661,35.6093,-17.2218,1.5939,0.2693,-0.1484,-0.0972,1.264,0.594,1.515,36.1244,-17.5185,0.2,0.0,0.0,0.0,0.5142,-0.2985,-0.8607,1.0461,-0.0892,1,1,2,0.852,0.499,0.501,0,0,0.0,4,SETTLE_PHASE,0.2693,-0.1484,-0.5151,0.2967
2162,55.672,35.6146,-17.2247,1.592,0.2643,-0.1468,-0.0974,1.262,0.588,1.511,36.1244,-17.5185,0.2,0.0,0.0,0.0,0.5156,-0.299,-0.8604,1.0467,-0.0491,1,1,2,0.851,0.496,0.504,0,0,0.0,4,SETTLE_PHASE,0.2643,-0.1468,-0.5098,0.2938
2163,55.684,35.6198,-17.2277,1.59,0.2601,-0.1465,-0.0973,1.26,0.582,1.507,36.1244,-17.5185,0.2,0.0,0.0,0.0,0.5167,-0.299,-0.8606,1.0474,-0.0866,1,1,2,0.852,0.498,0.502,0,0,0.0,4,SETTLE_PHASE,0.2601,-0.1465,-0.5046,0.2908
2164,55.696,35.6249,-17.2305,1.5881,0.2551,-0.1444,-0.0973,1.258,0.577,1.503,36.1244,-17.5185,0.2,0.0,0.0,0.0,0.5181,-0.2996,-0.8606,1.0482,-0.0482,1,1,2,0.851,0.497,0.503,0,0,0.0,4,SETTLE_PHASE,0.2551,-0.1444,-0.4995,0.288
2165,55.707,35.6299,-17.2334,1.5861,0.2508,-0.1434,-0.0973,1.256,0.571,1.499,36.1244,-17.5185,0.2,0.0,0.0,0.0,0.5193,-0.2998,-0.8607,1.049,-0.0854,1,1,2,0.852,0.499,0.501,0,0,0.0,4,SETTLE_PHASE,0.2508,-0.1434,-0.4945,0.2851
2166,55.719,35.6348,-17.2362,1.5842,0.2458,-0.1404,-0.0975,1.254,0.565,1.495,36.1244,-17.5185,0.2,0.0,0.0,0.0,0.5208,-0.3008,-0.8602,1.0496,-0.0548,1,1,2,0.851,0.497,0.503,0,0,0.0,4,SETTLE_PHASE,0.2458,-0.1404,-0.4896,0.2823
2167,55.731,35.6397,-17.239,1.5822,0.2417,-0.1382,-0.0974,1.252,0.56,1.491,36.1244,-17.5185,0.2,0.0,0.0,0.0,0.5214,-0.3011,-0.8602,1.05,-0.0924,1,1,2,0.853,0.497,0.503,0,0,0.0,4,SETTLE_PHASE,0.2417,-0.1382,-0.4847,0.2795
2168,55.743,35.6444,-17.2417,1.5803,0.2367,-0.1346,-0.0975,1.25,0.554,1.487,36.1244,-17.5185,0.2,0.0,0.0,0.0,0.5171,-0.2989,-0.8603,1.0473,-0.0548,1,1,2,0.852,0.498,0.502,0,0,0.0,4,SETTLE_PHASE,0.2367,-0.1346,-0.48,0.2768
2169,55.755,35.6491,-17.2443,1.5783,0.2326,-0.1322,-0.0974,1.248,0.549,1.484,36.1244,-17.5185,0.2,0.0,0.0,0.0,0.5125,-0.2963,-0.8604,1.0444,-0.0921,1,1,2,0.854,0.498,0.502,0,0,0.0,4,SETTLE_PHASE,0.2326,-0.1322,-0.4753,0.2742
2170,55.766,35.6536,-17.2469,1.5764,0.2279,-0.1282,-0.0975,1.246,0.544,1.48,36.1244,-17.5185,0.2,0.0,0.0,0.0,0.5082,-0.2944,-0.8603,1.0417,-0.0576,1,1,2,0.853,0.499,0.501,0,0,0.0,4,SETTLE_PHASE,0.2279,-0.1282,-0.4708,0.2716
2171,55.778,35.6581,-17.2494,1.5744,0.2244,-0.1254,-0.0974,1.244,0.538,1.476,36.1244,-17.5185,0.2,0.0,0.0,0.0,0.5037,-0.2921,-0.8603,1.0388,-0.0948,1,1,2,0.854,0.498,0.502,0,0,0.0,4,SETTLE_PHASE,0.2244,-0.1254,-0.4663,0.2691
2172,55.79,35.6625,-17.2518,1.5725,0.22,-0.1211,-0.0976,1.242,0.533,1.472,36.1244,-17.5185,0.2,0.0,0.0,0.0,0.4995,-0.2905,-0.8601,1.0362,-0.0602,1,1,2,0.854,0.499,0.501,0,0,0.0,4,SETTLE_PHASE,0.22,-0.1211,-0.4619,0.2667
2173,55.802,35.6668,-17.2542,1.5705,0.2163,-0.118,-0.0975,1.241,0.528,1.469,36.1244,-17.5185,0.2,0.0,0.0,0.0,0.4952,-0.2885,-0.8602,1.0336,-0.0972,1,1,2,0.856,0.502,0.498,0,0,0.0,4,SETTLE_PHASE,0.2163,-0.118,-0.4576,0.2643
2174,55.814,35.6711,-17.2564,1.5686,0.2129,-0.1135,-0.0976,1.239,0.524,1.465,36.1244,-17.5185,0.2,0.0,0.0,0.0,0.4909,-0.2872,-0.8601,1.0311,-0.0721,1,1,2,0.856,0.502,0.498,0,0,0.0,4,SETTLE_PHASE,0.2129,-0.1135,-0.4533,0.2621
2175,55.826,35.6753,-17.2587,1.5666,0.2113,-0.1105,-0.0975,1.237,0.519,1.462,36.1244,-17.5185,0.2,0.0,0.0,0.0,0.486,-0.2854,-0.8603,1.0285,-0.1094,1,1,2,0.858,0.507,0.493,0,0,0.0,4,SETTLE_PHASE,0.2113,-0.1105,-0.4491,0.2598
2176,55.839,35.6795,-17.2608,1.5647,0.2093,-0.1069,-0.0973,1.235,0.514,1.458,36.1244,-17.5185,0.2,0.0,0.0,0.0,0.4813,-0.2839,-0.8605,1.026,-0.0688,1,1,2,0.858,0.505,0.495,0,0,0.0,4,SETTLE_PHASE,0.2093,-0.1069,-0.4449,0.2577
2177,55.851,35.6837,-17.2629,1.5627,0.2086,-0.1057,-0.0973,1.233,0.509,1.455,36.1244,-17.5185,0.2,0.0,0.0,0.0,0.4762,-0.2816,-0.8607,1.0231,-0.1062,1,1,2,0.859,0.508,0.492,0,0,0.0,4,SETTLE_PHASE,0.2086,-0.1057,-0.4407,0.2556
2178,55.863,35.6878,-17.265,1.5608,0.2074,-0.1036,-0.0971,1.231,0.505,1.451,36.1244,-17.5185,0.2,0.0,0.0,0.0,0.4713,-0.2797,-0.8608,1.0205,-0.0654,1,1,2,0.858,0.506,0.494,0,0,0.0,4,SETTLE_PHASE,0.2074,-0.1036,-0.4366,0.2535
2179,55.875,35.692,-17.267,1.5589,0.2072,-0.1035,-0.0971,1.229,0.5,1.448,36.1244,-17.5185,0.2,0.0,0.0,0.0,0.466,-0.2771,-0.8609,1.0174,-0.1027,1,1,2,0.86,0.509,0.491,0,0,0.0,4,SETTLE_PHASE,0.2072,-0.1035,-0.4324,0.2515
2180,55.887,35.6961,-17.2691,1.5569,0.2061,-0.1022,-0.097,1.227,0.496,1.445,36.1244,-17.5185,0.2,0.0,0.0,0.0,0.461,-0.2749,-0.861,1.0146,-0.0618,1,1,2,0.858,0.507,0.493,0,0,0.0,4,SETTLE_PHASE,0.2061,-0.1022,-0.4283,0.2494
2181,55.899,35.7002,-17.2711,1.555,0.2058,-0.1026,-0.097,1.225,0.491,1.441,36.1244,-17.5185,0.2,0.0,0.0,0.0,0.4558,-0.2721,-0.861,1.0115,-0.099,1,1,2,0.859,0.509,0.491,0,0,0.0,4,SETTLE_PHASE,0.2058,-0.1026,-0.4242,0.2474
2182,55.911,35.7043,-17.2732,1.553,0.2044,-0.1014,-0.0971,1.223,0.487,1.438,36.1244,-17.5185,0.2,0.0,0.0,0.0,0.4511,-0.2699,-0.861,1.0088,-0.0598,1,1,2,0.858,0.506,0.494,0,0,0.0,4,SETTLE_PHASE,0.2044,-0.1014,-0.4201,0.2453
2183,55.923,35.7084,-17.2752,1.5511,0.2035,-0.1017,-0.0971,1.221,0.482,1.434,36.1244,-17.5185,0.2,0.0,0.0,0.0,0.4461,-0.2672,-0.861,1.0059,-0.0968,1,1,2,0.86,0.507,0.493,0,0,0.0,4,SETTLE_PHASE,0.2035,-0.1017,-0.416,0.2433
2184,55.935,35.7124,-17.2772,1.5492,0.2017,-0.1002,-0.0971,1.209,0.477,1.431,36.1244,-17.5185,0.2,0.0,0.0,0.0,0.4416,-0.2651,-0.861,1.0033,-0.0586,1,1,2,0.858,0.505,0.495,0,0,0.0,4,SETTLE_PHASE,0.2017,-0.1002,-0.412,0.2413
2185,55.947,35.7164,-17.2792,1.5472,0.2006,-0.0999,-0.0971,1.207,0.473,1.428,36.1244,-17.5185,0.2,0.0,0.0,0.0,0.4368,-0.2627,-0.861,1.0005,-0.0954,1,1,2,0.859,0.507,0.493,0,0,0.0,4,SETTLE_PHASE,0.2006,-0.0999,-0.408,0.2393
2186,55.96,35.7204,-17.2812,1.5453,0.1984,-0.0978,-0.0973,1.205,0.469,1.425,36.1244,-17.5185,0.2,0.0,0.0,0.0,0.4325,-0.2609,-0.8606,0.9979,-0.0672,1,1,2,0.859,0.506,0.494,0,0,0.0,4,SETTLE_PHASE,0.1984,-0.0978,-0.404,0.2373
2187,55.972,35.7243,-17.2831,1.5433,0.1965,-0.0968,-0.0972,1.203,0.464,1.421,36.1244,-17.5185,0.2,0.0,0.0,0.0,0.4281,-0.2588,-0.8607,0.9955,-0.1038,1,1,2,0.861,0.507,0.493,0,0,0.0,4,SETTLE_PHASE,0.1965,-0.0968,-0.4001,0.2354
2188,55.983,35.7282,-17.285,1.5414,0.1945,-0.0947,-0.0971,1.201,0.46,1.418,36.1244,-17.5185,0.2,0.0,0.0,0.0,0.4238,-0.2571,-0.8609,0.9934,-0.0625,1,1,2,0.861,0.505,0.495,0,0,0.0,4,SETTLE_PHASE,0.1945,-0.0947,-0.3962,0.2335
2189,55.996,35.7321,-17.2869,1.5394,0.1941,-0.0944,-0.0971,1.199,0.456,1.415,36.1244,-17.5185,0.2,0.0,0.0,0.0,0.419,-0.2548,-0.8609,0.9908,-0.0993,1,1,2,0.862,0.507,0.493,0,0,0.0,4,SETTLE_PHASE,0.1941,-0.0944,-0.3923,0.2316
2190,56.008,35.7359,-17.2887,1.5375,0.1934,-0.0927,-0.0971,1.197,0.451,1.412,36.1244,-17.5185,0.2,0.0,0.0,0.0,0.4142,-0.253,-0.861,0.9884,-0.059,1,1,2,0.862,0.508,0.492,0,0,0.0,4,SETTLE_PHASE,0.1934,-0.0927,-0.3885,0.2298
2191,56.021,35.7398,-17.2906,1.5356,0.194,-0.0925,-0.0971,1.195,0.447,1.408,36.1244,-17.5185,0.2,0.0,0.0,0.0,0.409,-0.2507,-0.861,0.9856,-0.096,1,1,2,0.863,0.509,0.491,0,0,0.0,4,SETTLE_PHASE,0.194,-0.0925,-0.3846,0.2279
2192,56.033,35.7437,-17.2924,1.5336,0.194,-0.0907,-0.0971,1.193,0.443,1.405,36.1244,-17.5185,0.2,0.0,0.0,0.0,0.404,-0.2491,-0.8609,0.983,-0.0652,1,1,2,0.862,0.508,0.492,0,0,0.0,4,SETTLE_PHASE,0.194,-0.0907,-0.3807,0.2261
2193,56.045,35.7476,-17.2942,1.5317,0.195,-0.0901,-0.0971,1.191,0.439,1.402,36.1244,-17.5185,0.2,0.0,0.0,0.0,0.3986,-0.247,-0.8609,0.9804,-0.1023,1,1,2,0.863,0.51,0.49,0,0,0.0,4,SETTLE_PHASE,0.195,-0.0901,-0.3768,0.2243
2194,56.058,35.7515,-17.296,1.5297,0.1949,-0.0885,-0.097,1.189,0.434,1.399,36.1244,-17.5185,0.2,0.0,0.0,0.0,0.3936,-0.2453,-0.861,0.978,-0.06,1,1,2,0.862,0.508,0.492,0,0,0.0,4,SETTLE_PHASE,0.1949,-0.0885,-0.3729,0.2225
2195,56.071,35.7554,-17.2977,1.5278,0.1954,-0.0887,-0.097,1.187,0.43,1.396,36.1244,-17.5185,0.2,0.0,0.0,0.0,0.3884,-0.2429,-0.8611,0.9753,-0.097,1,1,2,0.863,0.51,0.49,0,0,0.0,4,SETTLE_PHASE,0.1954,-0.0887,-0.369,0.2208
2196,56.083,35.7593,-17.2995,1.5258,0.1946,-0.0876,-0.097,1.185,0.426,1.393,36.1244,-17.5185,0.2,0.0,0.0,0.0,0.3837,-0.2411,-0.8611,0.9731,-0.0547,1,1,2,0.861,0.507,0.493,0,0,0.0,4,SETTLE_PHASE,0.1946,-0.0876,-0.3651,0.219
2197,56.095,35.7632,-17.3013,1.5239,0.194,-0.088,-0.097,1.183,0.422,1.389,36.1244,-17.5185,0.2,0.0,0.0,0.0,0.379,-0.2387,-0.8611,0.9706,-0.0915,1,1,2,0.861,0.506,0.494,0,0,0.0,4,SETTLE_PHASE,0.194,-0.088,-0.3612,0.2173
2198,56.107,35.767,-17.303,1.522,0.1919,-0.0866,-0.0978,1.181,0.417,1.386,36.1244,-17.5185,0.2,0.0,0.0,0.0,0.3748,-0.2369,-0.8598,0.9674,-0.0597,1,1,2,0.861,0.507,0.493,0,0,0.0,4,SETTLE_PHASE,0.1919,-0.0866,-0.3574,0.2155
2199,56.119,35.7708,-17.3047,1.52,0.1898,-0.0864,-0.0975,1.18,0.413,1.383,36.1244,-17.5185,0.2,0.0,0.0,0.0,0.3707,-0.2348,-0.8603,0.9657,-0.0993,1,1,2,0.863,0.51,0.49,0,0,0.0,4,SETTLE_PHASE,0.1898,-0.0864,-0.3536,0.2138
2200,56.132,35.7746,-17.3064,1.5181,0.1876,-0.0848,-0.0974,1.178,0.409,1.38,36.1244,-17.5185,0.2,0.0,0.0,0.0,0.3667,-0.2332,-0.8605,0.964,-0.0665,1,1,2,0.862,0.508,0.492,0,0,0.0,4,SETTLE_PHASE,0.1876,-0.0848,-0.3498,0.2121
2201,56.145,35.7783,-17.3081,1.5161,0.1867,-0.0846,-0.0972,1.176,0.405,1.377,36.1244,-17.5185,0.2,0.0,0.0,0.0,0.3622,-0.2311,-0.8607,0.962,-0.106,1,1,2,0.864,0.509,0.491,0,0,0.0,4,SETTLE_PHASE,0.1867,-0.0846,-0.3461,0.2104
2202,56.157,35.782,-17.3098,1.5142,0.1852,-0.0831,-0.0971,1.174,0.401,1.374,36.1244,-17.5185,0.2,0.0,0.0,0.0,0.358,-0.2295,-0.8609,0.9602,-0.067,1,1,2,0.863,0.507,0.493,0,0,0.0,4,SETTLE_PHASE,0.1852,-0.0831,-0.3424,0.2087
2203,56.169,35.7857,-17.3114,1.5122,0.1847,-0.0833,-0.0971,1.172,0.397,1.371,36.1244,-17.5185,0.2,0.0,0.0,0.0,0.3535,-0.2273,-0.861,0.9581,-0.1062,1,1,2,0.864,0.51,0.49,0,0,0.0,4,SETTLE_PHASE,0.1847,-0.0833,-0.3387,0.2071
2204,56.182,35.7894,-17.3131,1.5103,0.1833,-0.0818,-0.0971,1.17,0.393,1.368,36.1244,-17.5185,0.2,0.0,0.0,0.0,0.3493,-0.2258,-0.8609,0.9561,-0.0736,1,1,2,0.863,0.509,0.491,0,0,0.0,4,SETTLE_PHASE,0.1833,-0.0818,-0.335,0.2054
2205,56.194,35.793,-17.3147,1.5083,0.1827,-0.0815,-0.0971,1.168,0.389,1.365,36.1244,-17.5185,0.2,0.0,0.0,0.0,0.3448,-0.2238,-0.861,0.9541,-0.1125,1,1,2,0.864,0.51,0.49,0,0,0.0,4,SETTLE_PHASE,0.1827,-0.0815,-0.3314,0.2038
2206,56.205,35.7966,-17.3163,1.5064,0.1809,-0.0799,-0.097,1.166,0.385,1.362,36.1244,-17.5185,0.2,0.0,0.0,0.0,0.3408,-0.2224,-0.8611,0.9524,-0.0738,1,1,2,0.862,0.509,0.491,0,0,0.0,4,SETTLE_PHASE,0.1809,-0.0799,-0.3278,0.2022
2207,56.219,35.8002,-17.3179,1.5045,0.1795,-0.0796,-0.097,1.164,0.381,1.359,36.1244,-17.5185,0.2,0.0,0.0,0.0,0.3368,-0.2204,-0.8611,0.9505,-0.1123,1,1,2,0.863,0.51,0.49,0,0,0.0,4,SETTLE_PHASE,0.1795,-0.0796,-0.3242,0.2006
2208,56.231,35.8038,-17.3194,1.5025,0.1766,-0.0776,-0.0972,1.162,0.377,1.356,36.1244,-17.5185,0.2,0.0,0.0,0.0,0.3333,-0.2192,-0.8607,0.9487,-0.0861,1,1,2,0.862,0.509,0.491,0,0,0.0,4,SETTLE_PHASE,0.1766,-0.0776,-0.3206,0.1991
2209,56.243,35.8072,-17.321,1.5006,0.1739,-0.0768,-0.0977,1.16,0.374,1.353,36.1244,-17.5185,0.2,0.0,0.0,0.0,0.3299,-0.2175,-0.8599,0.9464,-0.1209,1,1,2,0.864,0.511,0.489,0,0,0.0,4,SETTLE_PHASE,0.1739,-0.0768,-0.3172,0.1975
2210,56.255,35.8107,-17.3225,1.4986,0.1706,-0.0748,-0.0979,1.158,0.37,1.35,36.1244,-17.5185,0.2,0.0,0.0,0.0,0.3268,-0.2164,-0.8595,0.9447,-0.0784,1,1,2,0.863,0.508,0.492,0,0,0.0,4,SETTLE_PHASE,0.1706,-0.0748,-0.3138,0.196
2211,56.267,35.814,-17.324,1.4967,0.1686,-0.0749,-0.0976,1.156,0.366,1.347,36.1244,-17.5185,0.2,0.0,0.0,0.0,0.3232,-0.2144,-0.8601,0.9435,-0.1121,1,1,2,0.865,0.51,0.49,0,0,0.0,4,SETTLE_PHASE,0.1686,-0.0749,-0.3104,0.1945
2212,56.279,35.8173,-17.3254,1.4947,0.1661,-0.0739,-0.0973,1.154,0.363,1.345,36.1244,-17.5185,0.2,0.0,0.0,0.0,0.3199,-0.2129,-0.8605,0.9424,-0.0681,1,1,2,0.864,0.509,0.491,0,0,0.0,4,SETTLE_PHASE,0.1661,-0.0739,-0.3071,0.1931
2213,56.291,35.8206,-17.3269,1.4928,0.1647,-0.0747,-0.0972,1.152,0.359,1.342,36.1244,-17.5185,0.2,0.0,0.0,0.0,0.3163,-0.2107,-0.8608,0.9409,-0.1022,1,1,2,0.865,0.511,0.489,0,0,0.0,4,SETTLE_PHASE,0.1647,-0.0747,-0.3038,0.1916
2214,56.303,35.8239,-17.3284,1.4908,0.1625,-0.0741,-0.0978,1.15,0.356,1.339,36.1244,-17.5185,0.2,0.0,0.0,0.0,0.3129,-0.209,-0.8598,0.9385,-0.0631,1,1,2,0.864,0.508,0.492,0,0,0.0,4,SETTLE_PHASE,0.1625,-0.0741,-0.3005,0.1901
2215,56.316,35.8271,-17.3299,1.4889,0.161,-0.0749,-0.0975,1.148,0.352,1.336,36.1244,-17.5185,0.2,0.0,0.0,0.0,0.3094,-0.2068,-0.8603,0.9373,-0.1014,1,1,2,0.866,0.511,0.489,0,0,0.0,4,SETTLE_PHASE,0.161,-0.0749,-0.2973,0.1886
2216,56.328,35.8303,-17.3314,1.4869,0.1587,-0.0742,-0.0973,1.146,0.349,1.333,36.1244,-17.5185,0.2,0.0,0.0,0.0,0.3062,-0.2052,-0.8606,0.9362,-0.0606,1,1,2,0.864,0.508,0.492,0,0,0.0,4,SETTLE_PHASE,0.1587,-0.0742,-0.2941,0.1871
2217,56.339,35.8334,-17.3329,1.485,0.1569,-0.0747,-0.0972,1.144,0.345,1.331,36.1244,-17.5185,0.2,0.0,0.0,0.0,0.3029,-0.203,-0.8608,0.9348,-0.0986,1,1,2,0.865,0.51,0.49,0,0,0.0,4,SETTLE_PHASE,0.1569,-0.0747,-0.291,0.1856
2218,56.352,35.8365,-17.3344,1.483,0.1541,-0.0733,-0.0973,1.143,0.342,1.328,36.1244,-17.5185,0.2,0.0,0.0,0.0,0.3,-0.2017,-0.8606,0.9334,-0.0715,1,1,2,0.864,0.507,0.493,0,0,0.0,4,SETTLE_PHASE,0.1541,-0.0733,-0.2879,0.1841
2219,56.365,35.8395,-17.3358,1.4811,0.1516,-0.0728,-0.0972,1.141,0.338,1.325,36.1244,-17.5185,0.2,0.0,0.0,0.0,0.2971,-0.2,-0.8607,0.9323,-0.1092,1,1,2,0.865,0.51,0.49,0,0,0.0,4,SETTLE_PHASE,0.1516,-0.0728,-0.2849,0.1827
2220,56.378,35.8425,-17.3372,1.4791,0.1483,-0.0712,-0.0971,1.139,0.335,1.322,36.1244,-17.5185,0.2,0.0,0.0,0.0,0.2946,-0.1988,-0.8608,0.9313,-0.0683,1,1,2,0.864,0.508,0.492,0,0,0.0,4,SETTLE_PHASE,0.1483,-0.0712,-0.2819,0.1813
2221,56.39,35.8454,-17.3387,1.4772,0.1457,-0.0714,-0.0971,1.137,0.332,1.32,36.1244,-17.5185,0.2,0.0,0.0,0.0,0.2919,-0.1969,-0.8609,0.9301,-0.1059,1,1,2,0.865,0.512,0.488,0,0,0.0,4,SETTLE_PHASE,0.1457,-0.0714,-0.279,0.1798
2222,56.402,35.8483,-17.3401,1.4752,0.1421,-0.07,-0.0972,1.135,0.329,1.317,36.1244,-17.5185,0.2,0.0,0.0,0.0,0.2896,-0.1957,-0.8608,0.929,-0.068,1,1,2,0.864,0.508,0.492,0,0,0.0,4,SETTLE_PHASE,0.1421,-0.07,-0.2762,0.1784
2223,56.415,35.851,-17.3415,1.4733,0.1389,-0.07,-0.0972,1.133,0.326,1.314,36.1244,-17.5185,0.2,0.0,0.0,0.0,0.2873,-0.1939,-0.8608,0.928,-0.1052,1,1,2,0.866,0.51,0.49,0,0,0.0,4,SETTLE_PHASE,0.1389,-0.07,-0.2734,0.177
2224,56.427,35.8537,-17.3428,1.4714,0.1351,-0.0685,-0.0972,1.131,0.323,1.312,36.1244,-17.5185,0.2,0.0,0.0,0.0,0.2854,-0.1927,-0.8608,0.9272,-0.0642,1,1,2,0.865,0.509,0.491,0,0,0.0,4,SETTLE_PHASE,0.1351,-0.0685,-0.2707,0.1757
2225,56.439,35.8564,-17.3442,1.4694,0.1322,-0.0683,-0.0972,1.129,0.32,1.309,36.1244,-17.5185,0.2,0.0,0.0,0.0,0.2832,-0.1911,-0.8608,0.9261,-0.1013,1,1,2,0.866,0.51,0.49,0,0,0.0,4,SETTLE_PHASE,0.1322,-0.0683,-0.268,0.1743
2226,56.451,35.859,-17.3455,1.4675,0.1284,-0.0661,-0.0974,1.127,0.317,1.306,36.1244,-17.5185,0.2,0.0,0.0,0.0,0.2814,-0.1902,-0.8603,0.925,-0.0789,1,1,2,0.866,0.51,0.49,0,0,0.0,4,SETTLE_PHASE,0.1284,-0.0661,-0.2655,0.173
2227,56.463,35.8615,-17.3468,1.4655,0.1252,-0.065,-0.0974,1.125,0.314,1.304,36.1244,-17.5185,0.2,0.0,0.0,0.0,0.2794,-0.189,-0.8605,0.9243,-0.1159,1,1,2,0.868,0.512,0.488,0,0,0.0,4,SETTLE_PHASE,0.1252,-0.065,-0.263,0.1717
2228,56.475,35.8639,-17.3481,1.4636,0.1219,-0.0631,-0.0973,1.123,0.311,1.301,36.1244,-17.5185,0.2,0.0,0.0,0.0,0.2776,-0.1882,-0.8607,0.9237,-0.0745,1,1,2,0.867,0.513,0.487,0,0,0.0,4,SETTLE_PHASE,0.1219,-0.0631,-0.2605,0.1704
2229,56.487,35.8663,-17.3494,1.4616,0.1201,-0.0634,-0.0972,1.121,0.309,1.299,36.1244,-17.5185,0.2,0.0,0.0,0.0,0.2753,-0.1864,-0.8608,0.9227,-0.1116,1,1,2,0.869,0.512,0.488,0,0,0.0,4,SETTLE_PHASE,0.1201,-0.0634,-0.2581,0.1691
2230,56.499,35.8687,-17.3506,1.4597,0.118,-0.0626,-0.0971,1.119,0.306,1.296,36.1244,-17.5185,0.2,0.0,0.0,0.0,0.2731,-0.1851,-0.8609,0.922,-0.0697,1,1,2,0.868,0.515,0.485,0,0,0.0,4,SETTLE_PHASE,0.118,-0.0626,-0.2558,0.1679
2231,56.511,35.871,-17.3519,1.4577,0.1171,-0.0637,-0.0971,1.117,0.303,1.294,36.1244,-17.5185,0.2,0.0,0.0,0.0,0.2705,-0.1831,-0.861,0.9208,-0.1069,1,1,2,0.87,0.514,0.486,0,0,0.0,4,SETTLE_PHASE,0.1171,-0.0637,-0.2534,0.1666
2232,56.524,35.8733,-17.3531,1.4558,0.1156,-0.0634,-0.097,1.115,0.301,1.291,36.1244,-17.5185,0.2,0.0,0.0,0.0,0.2681,-0.1816,-0.8611,0.9199,-0.0647,1,1,2,0.869,0.515,0.485,0,0,0.0,4,SETTLE_PHASE,0.1156,-0.0634,-0.2511,0.1654
2233,56.536,35.8756,-17.3544,1.4539,0.115,-0.0646,-0.097,1.113,0.298,1.289,36.1244,-17.5185,0.2,0.0,0.0,0.0,0.2654,-0.1795,-0.8611,0.9187,-0.1019,1,1,2,0.87,0.515,0.485,0,0,0.0,4,SETTLE_PHASE,0.115,-0.0646,-0.2488,0.1641
2234,56.548,35.8779,-17.3557,1.4519,0.1136,-0.064,-0.097,1.111,0.295,1.286,36.1244,-17.5185,0.2,0.0,0.0,0.0,0.2631,-0.1781,-0.8611,0.9178,-0.0594,1,1,2,0.869,0.513,0.487,0,0,0.0,4,SETTLE_PHASE,0.1136,-0.064,-0.2465,0.1628
2235,56.561,35.8801,-17.357,1.45,0.1129,-0.0647,-0.097,1.109,0.293,1.284,36.1244,-17.5185,0.2,0.0,0.0,0.0,0.2605,-0.1762,-0.8611,0.9167,-0.0964,1,1,2,0.87,0.516,0.484,0,0,0.0,4,SETTLE_PHASE,0.1129,-0.0647,-0.2443,0.1615
2236,56.573,35.8824,-17.3583,1.448,0.1112,-0.0632,-0.0979,1.108,0.29,1.281,36.1244,-17.5185,0.2,0.0,0.0,0.0,0.2583,-0.1751,-0.8597,0.9146,-0.0754,1,1,2,0.87,0.515,0.485,0,0,0.0,4,SETTLE_PHASE,0.1112,-0.0632,-0.242,0.1602
2237,56.585,35.8846,-17.3595,1.4461,0.1099,-0.0626,-0.0976,1.106,0.288,1.279,36.1244,-17.5185,0.2,0.0,0.0,0.0,0.2561,-0.1738,-0.8602,0.9141,-0.1147,1,1,2,0.872,0.517,0.483,0,0,0.0,4,SETTLE_PHASE,0.1099,-0.0626,-0.2398,0.159
2238,56.597,35.8867,-17.3608,1.4441,0.1087,-0.0612,-0.0973,1.104,0.285,1.276,36.1244,-17.5185,0.2,0.0,0.0,0.0,0.2538,-0.1728,-0.8605,0.9137,-0.0746,1,1,2,0.872,0.517,0.483,0,0,0.0,4,SETTLE_PHASE,0.1087,-0.0612,-0.2377,0.1577
2239,56.608,35.8889,-17.362,1.4422,0.1091,-0.0618,-0.0972,1.102,0.283,1.274,36.1244,-17.5185,0.2,0.0,0.0,0.0,0.2508,-0.171,-0.8608,0.9127,-0.1139,1,1,2,0.873,0.518,0.482,0,0,0.0,4,SETTLE_PHASE,0.1091,-0.0618,-0.2355,0.1565
2240,56.62,35.8911,-17.3632,1.4402,0.1094,-0.0612,-0.0971,1.1,0.28,1.272,36.1244,-17.5185,0.2,0.0,0.0,0.0,0.2479,-0.1697,-0.8609,0.9118,-0.0736,1,1,2,0.873,0.518,0.482,0,0,0.0,4,SETTLE_PHASE,0.1094,-0.0612,-0.2333,0.1553
2241,56.633,35.8933,-17.3645,1.4383,0.1111,-0.0623,-0.0971,1.098,0.278,1.269,36.1244,-17.5185,0.2,0.0,0.0,0.0,0.2444,-0.1677,-0.861,0.9106,-0.1129,1,1,2,0.874,0.518,0.482,0,0,0.0,4,SETTLE_PHASE,0.1111,-0.0623,-0.2311,0.154
2242,56.645,35.8956,-17.3657,1.4364,0.1124,-0.0618,-0.097,1.096,0.275,1.267,36.1244,-17.5185,0.2,0.0,0.0,0.0,0.241,-0.1663,-0.8611,0.9095,-0.0725,1,1,2,0.873,0.519,0.481,0,0,0.0,4,SETTLE_PHASE,0.1124,-0.0618,-0.2288,0.1528
2243,56.656,35.8979,-17.3669,1.4344,0.1148,-0.0627,-0.097,1.094,0.273,1.264,36.1244,-17.5185,0.2,0.0,0.0,0.0,0.2371,-0.1643,-0.861,0.9081,-0.1117,1,1,2,0.875,0.519,0.481,0,0,0.0,4,SETTLE_PHASE,0.1148,-0.0627,-0.2265,0.1516
2244,56.668,35.9002,-17.3682,1.4325,0.1166,-0.0617,-0.0972,1.092,0.27,1.262,36.1244,-17.5185,0.2,0.0,0.0,0.0,0.2335,-0.1631,-0.8608,0.9067,-0.0833,1,1,2,0.874,0.517,0.483,0,0,0.0,4,SETTLE_PHASE,0.1166,-0.0617,-0.2242,0.1503
2245,56.68,35.9026,-17.3694,1.4305,0.1192,-0.0618,-0.0971,1.09,0.267,1.259,36.1244,-17.5185,0.2,0.0,0.0,0.0,0.2294,-0.1615,-0.8609,0.9054,-0.1224,1,1,2,0.875,0.519,0.481,0,0,0.0,4,SETTLE_PHASE,0.1192,-0.0618,-0.2218,0.1491
2246,56.691,35.905,-17.3706,1.4286,0.1207,-0.0606,-0.0971,1.088,0.265,1.257,36.1244,-17.5185,0.2,0.0,0.0,0.0,0.2257,-0.1605,-0.8609,0.9044,-0.0821,1,1,2,0.873,0.516,0.484,0,0,0.0,4,SETTLE_PHASE,0.1207,-0.0606,-0.2194,0.1479
2247,56.703,35.9075,-17.3719,1.4267,0.1227,-0.0611,-0.0971,1.086,0.262,1.254,36.1244,-17.5185,0.2,0.0,0.0,0.0,0.2218,-0.1587,-0.861,0.9031,-0.121,1,1,2,0.874,0.517,0.483,0,0,0.0,4,SETTLE_PHASE,0.1227,-0.0611,-0.217,0.1466
2248,56.714,35.9099,-17.3731,1.4247,0.1232,-0.06,-0.097,1.084,0.259,1.252,36.1244,-17.5185,0.2,0.0,0.0,0.0,0.2184,-0.1576,-0.861,0.9022,-0.0809,1,1,2,0.872,0.514,0.486,0,0,0.0,4,SETTLE_PHASE,0.1232,-0.06,-0.2145,0.1454
2249,56.726,35.9124,-17.3743,1.4228,0.1239,-0.0603,-0.097,1.082,0.256,1.249,36.1244,-17.5185,0.2,0.0,0.0,0.0,0.215,-0.156,-0.8611,0.9011,-0.1194,1,1,2,0.873,0.515,0.485,0,0,0.0,4,SETTLE_PHASE,0.1239,-0.0603,-0.212,0.1442
2250,56.737,35.9149,-17.3754,1.4208,0.123,-0.0587,-0.0971,1.08,0.254,1.247,36.1244,-17.5185,0.2,0.0,0.0,0.0,0.2122,-0.1551,-0.8609,0.9001,-0.0852,1,1,2,0.872,0.513,0.487,0,0,0.0,4,SETTLE_PHASE,0.123,-0.0587,-0.2095,0.1431
2251,56.749,35.9173,-17.3766,1.4189,0.122,-0.0581,-0.0973,1.078,0.251,1.244,36.1244,-17.5185,0.2,0.0,0.0,0.0,0.2095,-0.1539,-0.8606,0.899,-0.1228,1,1,2,0.873,0.514,0.486,0,0,0.0,4,SETTLE_PHASE,0.122,-0.0581,-0.2071,0.1419
2252,56.761,35.9197,-17.3777,1.4169,0.1201,-0.0557,-0.0973,1.076,0.248,1.242,36.1244,-17.5185,0.2,0.0,0.0,0.0,0.2072,-0.1534,-0.8606,0.8984,-0.0918,1,1,2,0.871,0.514,0.486,0,0,0.0,4,SETTLE_PHASE,0.1201,-0.0557,-0.2047,0.1408
2253,56.772,35.9221,-17.3788,1.415,0.1189,-0.0546,-0.0976,1.074,0.246,1.24,36.1244,-17.5185,0.2,0.0,0.0,0.0,0.2047,-0.1525,-0.86,0.8971,-0.128,1,1,2,0.872,0.514,0.486,0,0,0.0,4,SETTLE_PHASE,0.1189,-0.0546,-0.2023,0.1397
2254,56.784,35.9244,-17.3798,1.413,0.1165,-0.0521,-0.0974,1.073,0.243,1.237,36.1244,-17.5185,0.2,0.0,0.0,0.0,0.2027,-0.1522,-0.8604,0.8969,-0.0856,1,1,2,0.871,0.513,0.487,0,0,0.0,4,SETTLE_PHASE,0.1165,-0.0521,-0.2,0.1387
2255,56.796,35.9267,-17.3809,1.4111,0.1144,-0.0513,-0.0973,1.071,0.241,1.235,36.1244,-17.5185,0.2,0.0,0.0,0.0,0.2006,-0.1512,-0.8606,0.8965,-0.1208,1,1,2,0.872,0.514,0.486,0,0,0.0,4,SETTLE_PHASE,0.1144,-0.0513,-0.1977,0.1376
2256,56.808,35.9289,-17.3818,1.4091,0.1109,-0.049,-0.0974,1.069,0.239,1.232,36.1244,-17.5185,0.2,0.0,0.0,0.0,0.1992,-0.1509,-0.8605,0.896,-0.0853,1,1,2,0.871,0.514,0.486,0,0,0.0,4,SETTLE_PHASE,0.1109,-0.049,-0.1955,0.1367
2257,56.819,35.9311,-17.3828,1.4072,0.1075,-0.048,-0.0973,1.067,0.236,1.23,36.1244,-17.5185,0.2,0.0,0.0,0.0,0.1979,-0.15,-0.8606,0.8957,-0.1204,1,1,2,0.873,0.517,0.483,0,0,0.0,4,SETTLE_PHASE,0.1075,-0.048,-0.1933,0.1357
2258,56.831,35.9331,-17.3837,1.4053,0.1041,-0.0458,-0.0972,1.065,0.234,1.228,36.1244,-17.5185,0.2,0.0,0.0,0.0,0.1966,-0.1498,-0.8607,0.8955,-0.0782,1,1,2,0.873,0.517,0.483,0,0,0.0,4,SETTLE_PHASE,0.1041,-0.0458,-0.1913,0.1348
2259,56.843,35.9352,-17.3846,1.4033,0.1021,-0.045,-0.0972,1.063,0.232,1.225,36.1244,-17.5185,0.2,0.0,0.0,0.0,0.1948,-0.149,-0.8608,0.895,-0.1137,1,1,2,0.874,0.517,0.483,0,0,0.0,4,SETTLE_PHASE,0.1021,-0.045,-0.1892,0.1339
2260,56.856,35.9372,-17.3855,1.4014,0.0998,-0.0427,-0.0973,1.061,0.23,1.223,36.1244,-17.5185,0.2,0.0,0.0,0.0,0.1932,-0.1488,-0.8607,0.8946,-0.0831,1,1,2,0.874,0.518,0.482,0,0,0.0,4,SETTLE_PHASE,0.0998,-0.0427,-0.1872,0.133
2261,56.867,35.9392,-17.3863,1.3994,0.0987,-0.0418,-0.0972,1.059,0.228,1.221,36.1244,-17.5185,0.2,0.0,0.0,0.0,0.1912,-0.1481,-0.8608,0.8941,-0.119,1,1,2,0.875,0.519,0.481,0,0,0.0,4,SETTLE_PHASE,0.0987,-0.0418,-0.1852,0.1322
2262,56.879,35.9411,-17.3871,1.3975,0.0968,-0.04,-0.0971,1.057,0.226,1.219,36.1244,-17.5185,0.2,0.0,0.0,0.0,0.1895,-0.1479,-0.8609,0.8938,-0.0749,1,1,2,0.874,0.517,0.483,0,0,0.0,4,SETTLE_PHASE,0.0968,-0.04,-0.1833,0.1314
2263,56.89,35.943,-17.3879,1.3955,0.0956,-0.0402,-0.0971,1.055,0.224,1.216,36.1244,-17.5185,0.2,0.0,0.0,0.0,0.1876,-0.1467,-0.861,0.8933,-0.1109,1,1,2,0.875,0.518,0.482,0,0,0.0,4,SETTLE_PHASE,0.0956,-0.0402,-0.1814,0.1306
2264,56.901,35.9449,-17.3887,1.3936,0.0934,-0.0393,-0.0977,1.053,0.222,1.214,36.1244,-17.5185,0.2,0.0,0.0,0.0,0.1861,-0.1461,-0.8599,0.8918,-0.0727,1,1,2,0.874,0.517,0.483,0,0,0.0,4,SETTLE_PHASE,0.0934,-0.0393,-0.1795,0.1298
2265,56.913,35.9467,-17.3895,1.3916,0.0915,-0.04,-0.0975,1.051,0.22,1.212,36.1244,-17.5185,0.2,0.0,0.0,0.0,0.1846,-0.1448,-0.8603,0.8917,-0.1131,1,1,2,0.875,0.518,0.482,0,0,0.0,4,SETTLE_PHASE,0.0915,-0.04,-0.1777,0.129
2266,56.924,35.9485,-17.3903,1.3897,0.0885,-0.0394,-0.0974,1.049,0.218,1.209,36.1244,-17.5185,0.2,0.0,0.0,0.0,0.1835,-0.1441,-0.8604,0.8914,-0.0786,1,1,2,0.874,0.518,0.482,0,0,0.0,4,SETTLE_PHASE,0.0885,-0.0394,-0.1759,0.1282
2267,56.936,35.9502,-17.3911,1.3877,0.0858,-0.0404,-0.0973,1.047,0.216,1.207,36.1244,-17.5185,0.2,0.0,0.0,0.0,0.1825,-0.1427,-0.8606,0.8912,-0.1184,1,1,2,0.876,0.52,0.48,0,0,0.0,4,SETTLE_PHASE,0.0858,-0.0404,-0.1742,0.1274
2268,56.948,35.9519,-17.3919,1.3858,0.0828,-0.04,-0.0972,1.045,0.214,1.205,36.1244,-17.5185,0.2,0.0,0.0,0.0,0.1816,-0.1418,-0.8608,0.8911,-0.0785,1,1,2,0.875,0.518,0.482,0,0,0.0,4,SETTLE_PHASE,0.0828,-0.04,-0.1726,0.1266
2269,56.959,35.9535,-17.3927,1.3839,0.0809,-0.0413,-0.0971,1.043,0.212,1.203,36.1244,-17.5185,0.2,0.0,0.0,0.0,0.1804,-0.1402,-0.8609,0.8906,-0.118,1,1,2,0.876,0.519,0.481,0,0,0.0,4,SETTLE_PHASE,0.0809,-0.0413,-0.1709,0.1258
2270,56.971,35.955,-17.3935,1.3819,0.0785,-0.041,-0.0971,1.041,0.21,1.201,36.1244,-17.5185,0.2,0.0,0.0,0.0,0.1794,-0.1393,-0.8609,0.8904,-0.078,1,1,2,0.875,0.518,0.482,0,0,0.0,4,SETTLE_PHASE,0.0785,-0.041,-0.1694,0.125
2271,56.982,35.9566,-17.3944,1.38,0.0769,-0.0419,-0.0971,1.039,0.209,1.198,36.1244,-17.5185,0.2,0.0,0.0,0.0,0.1781,-0.1379,-0.8609,0.8899,-0.1172,1,1,2,0.876,0.519,0.481,0,0,0.0,4,SETTLE_PHASE,0.0769,-0.0419,-0.1678,0.1241
2272,56.994,35.9581,-17.3952,1.378,0.0745,-0.0409,-0.0973,1.038,0.207,1.196,36.1244,-17.5185,0.2,0.0,0.0,0.0,0.1772,-0.1373,-0.8606,0.8893,-0.0913,1,1,2,0.876,0.518,0.482,0,0,0.0,4,SETTLE_PHASE,0.0745,-0.0409,-0.1663,0.1233
2273,57.006,35.9595,-17.396,1.3761,0.0728,-0.0408,-0.0972,1.036,0.205,1.194,36.1244,-17.5185,0.2,0.0,0.0,0.0,0.176,-0.1363,-0.8607,0.8891,-0.1302,1,1,2,0.878,0.521,0.479,0,0,0.0,4,SETTLE_PHASE,0.0728,-0.0408,-0.1649,0.1225
2274,57.018,35.9609,-17.3968,1.3741,0.0706,-0.0395,-0.0971,1.034,0.204,1.192,36.1244,-17.5185,0.2,0.0,0.0,0.0,0.1752,-0.1358,-0.8609,0.8889,-0.0901,1,1,2,0.877,0.52,0.48,0,0,0.0,4,SETTLE_PHASE,0.0706,-0.0395,-0.1635,0.1217
2275,57.029,35.9623,-17.3976,1.3722,0.0695,-0.0401,-0.0971,1.032,0.202,1.19,36.1244,-17.5185,0.2,0.0,0.0,0.0,0.1739,-0.1345,-0.8609,0.8885,-0.1288,1,1,2,0.878,0.52,0.48,0,0,0.0,4,SETTLE_PHASE,0.0695,-0.0401,-0.1621,0.1209
2276,57.041,35.9637,-17.3984,1.3703,0.0677,-0.0391,-0.0971,1.03,0.201,1.187,36.1244,-17.5185,0.2,0.0,0.0,0.0,0.1729,-0.134,-0.861,0.8883,-0.0886,1,1,2,0.877,0.52,0.48,0,0,0.0,4,SETTLE_PHASE,0.0677,-0.0391,-0.1607,0.1201
2277,57.053,35.965,-17.3992,1.3683,0.0667,-0.0395,-0.0971,1.028,0.199,1.185,36.1244,-17.5185,0.2,0.0,0.0,0.0,0.1716,-0.1328,-0.8609,0.8879,-0.1271,1,1,2,0.878,0.52,0.48,0,0,0.0,4,SETTLE_PHASE,0.0667,-0.0395,-0.1594,0.1193
2278,57.064,35.9663,-17.3999,1.3664,0.0647,-0.0381,-0.0973,1.026,0.198,1.183,36.1244,-17.5185,0.2,0.0,0.0,0.0,0.1708,-0.1324,-0.8607,0.8874,-0.0961,1,1,2,0.878,0.519,0.481,0,0,0.0,4,SETTLE_PHASE,0.0647,-0.0381,-0.1581,0.1186
2279,57.076,35.9676,-17.4007,1.3644,0.0633,-0.0378,-0.0978,1.024,0.196,1.181,36.1244,-17.5185,0.2,0.0,0.0,0.0,0.1698,-0.1316,-0.8597,0.8861,-0.1328,1,1,2,0.88,0.522,0.478,0,0,0.0,4,SETTLE_PHASE,0.0633,-0.0378,-0.1568,0.1178
2280,57.088,35.9688,-17.4014,1.3625,0.062,-0.0361,-0.0975,1.022,0.195,1.179,36.1244,-17.5185,0.2,0.0,0.0,0.0,0.1688,-0.1314,-0.8602,0.8864,-0.0894,1,1,2,0.879,0.522,0.478,0,0,0.0,4,SETTLE_PHASE,0.062,-0.0361,-0.1556,0.1171
2281,57.099,35.9701,-17.4021,1.3605,0.0623,-0.036,-0.0973,1.02,0.193,1.177,36.1244,-17.5185,0.2,0.0,0.0,0.0,0.1671,-0.1305,-0.8605,0.8863,-0.1249,1,1,2,0.881,0.524,0.476,0,0,0.0,4,SETTLE_PHASE,0.0623,-0.036,-0.1544,0.1164
2282,57.111,35.9713,-17.4028,1.3586,0.0625,-0.0342,-0.0973,1.018,0.192,1.174,36.1244,-17.5185,0.2,0.0,0.0,0.0,0.1654,-0.1304,-0.8605,0.8859,-0.0935,1,1,2,0.881,0.524,0.476,0,0,0.0,4,SETTLE_PHASE,0.0625,-0.0342,-0.1531,0.1157
2283,57.123,35.9726,-17.4035,1.3566,0.0641,-0.0338,-0.0972,1.016,0.19,1.172,36.1244,-17.5185,0.2,0.0,0.0,0.0,0.1631,-0.1297,-0.8607,0.8856,-0.1296,1,1,2,0.882,0.525,0.475,0,0,0.0,4,SETTLE_PHASE,0.0641,-0.0338,-0.1518,0.115
2284,57.134,35.9739,-17.4042,1.3547,0.065,-0.0324,-0.0971,1.014,0.189,1.17,36.1244,-17.5185,0.2,0.0,0.0,0.0,0.1611,-0.1294,-0.8609,0.8854,-0.085,1,1,2,0.881,0.524,0.476,0,0,0.0,4,SETTLE_PHASE,0.065,-0.0324,-0.1505,0.1144
2285,57.146,35.9752,-17.4048,1.3527,0.0668,-0.0331,-0.0971,1.012,0.188,1.168,36.1244,-17.5185,0.2,0.0,0.0,0.0,0.1587,-0.1283,-0.861,0.8848,-0.1213,1,1,2,0.882,0.526,0.474,0,0,0.0,4,SETTLE_PHASE,0.0668,-0.0331,-0.1492,0.1137
2286,57.156,35.9766,-17.4055,1.3508,0.0678,-0.0325,-0.097,1.01,0.186,1.166,36.1244,-17.5185,0.2,0.0,0.0,0.0,0.1565,-0.1278,-0.8611,0.8845,-0.0763,1,1,2,0.881,0.526,0.474,0,0,0.0,4,SETTLE_PHASE,0.0678,-0.0325,-0.1478,0.113
2287,57.167,35.978,-17.4061,1.3489,0.0694,-0.0336,-0.097,1.008,0.185,1.164,36.1244,-17.5185,0.2,0.0,0.0,0.0,0.1541,-0.1265,-0.8611,0.8839,-0.1128,1,1,2,0.882,0.527,0.473,0,0,0.0,4,SETTLE_PHASE,0.0694,-0.0336,-0.1464,0.1124
2288,57.178,35.9794,-17.4068,1.3469,0.0699,-0.0331,-0.0977,1.006,0.183,1.161,36.1244,-17.5185,0.2,0.0,0.0,0.0,0.1522,-0.1258,-0.86,0.8824,-0.0755,1,1,2,0.881,0.525,0.475,0,0,0.0,4,SETTLE_PHASE,0.0699,-0.0331,-0.145,0.1117
2289,57.189,35.9808,-17.4075,1.345,0.0707,-0.0339,-0.0974,1.004,0.182,1.159,36.1244,-17.5185,0.2,0.0,0.0,0.0,0.15,-0.1246,-0.8604,0.8822,-0.1173,1,1,2,0.881,0.524,0.476,0,0,0.0,4,SETTLE_PHASE,0.0707,-0.0339,-0.1436,0.111
2290,57.201,35.9822,-17.4081,1.343,0.0704,-0.0329,-0.0973,1.003,0.18,1.157,36.1244,-17.5185,0.2,0.0,0.0,0.0,0.1484,-0.1242,-0.8605,0.882,-0.0808,1,1,2,0.881,0.523,0.477,0,0,0.0,4,SETTLE_PHASE,0.0704,-0.0329,-0.1422,0.1104
2291,57.212,35.9836,-17.4088,1.3411,0.0703,-0.0332,-0.0972,1.001,0.179,1.155,36.1244,-17.5185,0.2,0.0,0.0,0.0,0.1466,-0.1233,-0.8607,0.8818,-0.122,1,1,2,0.882,0.524,0.476,0,0,0.0,4,SETTLE_PHASE,0.0703,-0.0332,-0.1408,0.1097
2292,57.224,35.985,-17.4094,1.3398,0.0694,-0.0313,-0.0638,0.999,0.177,1.153,36.1244,-17.5185,0.2,0.0,0.0,0.0,0.1453,-0.1233,-0.9176,0.9371,-0.0792,1,1,2,0.88,0.523,0.477,0,0,0.0,4,SETTLE_PHASE,0.0694,-0.0313,-0.1394,0.1091
2293,57.235,35.9864,-17.41,1.3389,0.0691,-0.0308,-0.0427,0.998,0.176,1.152,36.1244,-17.5185,0.2,0.0,0.0,0.0,0.1436,-0.1227,-0.9535,0.972,-0.1219,1,1,2,0.881,0.523,0.477,0,0,0.0,4,SETTLE_PHASE,0.0691,-0.0308,-0.138,0.1085
2294,57.247,35.9877,-17.4106,1.3383,0.0677,-0.0277,-0.0295,0.998,0.174,1.152,36.1244,-17.5185,0.2,0.0,0.0,0.0,0.1425,-0.1233,-0.9758,0.9938,-0.0923,1,1,2,0.879,0.521,0.479,0,0,0.0,4,SETTLE_PHASE,0.0677,-0.0277,-0.1367,0.1079
2295,57.259,35.9891,-17.4111,1.3379,0.0666,-0.0254,-0.0211,0.997,0.173,1.151,36.1244,-17.5185,0.2,0.0,0.0,0.0,0.1413,-0.1236,-0.9901,1.0077,-0.1334,1,1,2,0.879,0.52,0.48,0,0,0.0,4,SETTLE_PHASE,0.0666,-0.0254,-0.1354,0.1074
2296,57.27,35.9903,-17.4115,1.3376,0.0638,-0.0213,-0.0158,0.997,0.172,1.15,36.1244,-17.5185,0.2,0.0,0.0,0.0,0.1408,-0.1248,-0.9991,1.0166,-0.094,1,1,2,0.877,0.517,0.483,0,0,0.0,4,SETTLE_PHASE,0.0638,-0.0213,-0.1341,0.107
2297,57.282,35.9916,-17.4119,1.3373,0.061,-0.0185,-0.013,0.997,0.17,1.15,36.1244,-17.5185,0.2,0.0,0.0,0.0,0.1405,-0.1255,-1.0038,1.0214,-0.1329,1,1,2,0.877,0.517,0.483,0,0,0.0,4,SETTLE_PHASE,0.061,-0.0185,-0.1329,0.1066
2298,57.293,35.9927,-17.4122,1.3371,0.0562,-0.0136,-0.0109,0.997,0.169,1.15,36.1244,-17.5185,0.2,0.0,0.0,0.0,0.1411,-0.1272,-1.0075,1.0253,-0.0943,1,1,2,0.875,0.513,0.487,0,0,0.0,4,SETTLE_PHASE,0.0562,-0.0136,-0.1317,0.1063
2299,57.305,35.9937,-17.4124,1.3369,0.0511,-0.0097,-0.0095,0.996,0.168,1.149,36.1244,-17.5185,0.2,0.0,0.0,0.0,0.1419,-0.1286,-1.0099,1.0279,-0.1312,1,1,2,0.875,0.514,0.486,0,0,0.0,4,SETTLE_PHASE,0.0511,-0.0097,-0.1307,0.1061
2300,57.316,35.9946,-17.4124,1.3368,0.0446,-0.0037,-0.009,0.996,0.168,1.149,36.1244,-17.5185,0.2,0.0,0.0,0.0,0.1435,-0.131,-1.0107,1.0292,-0.1158,1,1,2,0.875,0.513,0.487,0,0,0.0,4,SETTLE_PHASE,0.0446,-0.0037,-0.1298,0.1061
2301,57.328,35.9954,-17.4124,1.3366,0.0381,0.0014,-0.0091,0.996,0.167,1.149,36.1244,-17.5185,0.2,0.0,0.0,0.0,0.1453,-0.1332,-1.0105,1.0295,-0.151,1,1,2,0.876,0.516,0.484,0,0,0.0,4,SETTLE_PHASE,0.0381,0.0014,-0.1291,0.1061
2302,57.339,35.996,-17.4123,1.3364,0.0309,0.0069,-0.0092,0.996,0.167,1.149,36.1244,-17.5185,0.2,0.0,0.0,0.0,0.1476,-0.1357,-1.0103,1.03,-0.1089,1,1,2,0.875,0.516,0.484,0,0,0.0,4,SETTLE_PHASE,0.0309,0.0069,-0.1284,0.1062
2303,57.351,35.9965,-17.4121,1.3362,0.0245,0.0096,-0.0087,0.996,0.166,1.148,36.1244,-17.5185,0.2,0.0,0.0,0.0,0.1497,-0.1371,-1.0112,1.0314,-0.1356,1,1,2,0.877,0.519,0.481,0,0,0.0,4,SETTLE_PHASE,0.0245,0.0096,-0.1279,0.1064
2304,57.362,35.9968,-17.4118,1.3361,0.0173,0.0128,-0.0083,0.996,0.166,1.148,36.1244,-17.5185,0.2,0.0,0.0,0.0,0.1523,-0.1387,-1.0119,1.0327,-0.0924,1,1,2,0.876,0.515,0.485,0,0,0.0,4,SETTLE_PHASE,0.0173,0.0128,-0.1276,0.1067
2305,57.373,35.997,-17.4115,1.3359,0.011,0.014,-0.0081,0.995,0.166,1.148,36.1244,-17.5185,0.2,0.0,0.0,0.0,0.1546,-0.1396,-1.0123,1.0335,-0.1278,1,1,2,0.877,0.517,0.483,0,0,0.0,4,SETTLE_PHASE,0.011,0.014,-0.1274,0.107
2306,57.385,35.9971,-17.4112,1.3357,0.004,0.0168,-0.0081,0.995,0.166,1.148,36.1244,-17.5185,0.2,0.0,0.0,0.0,0.1575,-0.1412,-1.0123,1.0341,-0.0894,1,1,2,0.876,0.517,0.483,0,0,0.0,4,SETTLE_PHASE,0.004,0.0168,-0.1273,0.1073
2307,57.396,35.9971,-17.4108,1.3356,-0.0024,0.018,-0.008,0.995,0.167,1.148,36.1244,-17.5185,0.2,0.0,0.0,0.0,0.1602,-0.1421,-1.0124,1.0348,-0.1247,1,1,2,0.878,0.52,0.48,0,0,0.0,4,SETTLE_PHASE,-0.0024,0.018,-0.1274,0.1077
2308,57.407,35.9969,-17.4104,1.3354,-0.0086,0.0206,-0.0084,0.995,0.167,1.148,36.1244,-17.5185,0.2,0.0,0.0,0.0,0.163,-0.1437,-1.0117,1.0348,-0.0831,1,1,2,0.878,0.519,0.481,0,0,0.0,4,SETTLE_PHASE,-0.0086,0.0206,-0.1275,0.1081
2309,57.419,35.9966,-17.41,1.3352,-0.0135,0.0216,-0.0082,0.995,0.168,1.148,36.1244,-17.5185,0.2,0.0,0.0,0.0,0.1654,-0.1447,-1.0121,1.0357,-0.1211,1,1,2,0.879,0.521,0.479,0,0,0.0,4,SETTLE_PHASE,-0.0135,0.0216,-0.1278,0.1085
2310,57.43,35.9962,-17.4095,1.3351,-0.0183,0.0242,-0.008,0.995,0.168,1.147,36.1244,-17.5185,0.2,0.0,0.0,0.0,0.1679,-0.1464,-1.0123,1.0365,-0.0841,1,1,2,0.878,0.52,0.48,0,0,0.0,4,TERMINAL_PRESS,-0.0183,0.0242,-0.1282,0.109
2311,57.441,35.9958,-17.409,1.334,-0.021,0.0251,-0.0561,0.993,0.169,1.146,36.1244,-17.5185,0.2,0.0,0.0,0.0,0.1695,-0.1474,-0.9307,0.9574,-0.1164,1,1,2,0.879,0.521,0.479,0,0,0.0,4,TERMINAL_PRESS,-0.021,0.0251,-0.1286,0.1095
2312,57.452,35.9953,-17.4085,1.3322,-0.0244,0.0274,-0.0872,0.992,0.17,1.145,36.1244,-17.5185,0.2,0.0,0.0,0.0,0.1716,-0.1491,-0.8778,0.9067,-0.1083,1,1,2,0.881,0.524,0.476,0,0,0.0,4,TERMINAL_PRESS,-0.0244,0.0274,-0.1291,0.11
2313,57.464,35.9948,-17.4079,1.3301,-0.0274,0.0289,-0.1057,0.99,0.17,1.143,36.1244,-17.5185,0.2,0.0,0.0,0.0,0.1735,-0.1504,-0.8462,0.8768,-0.1298,1,1,2,0.881,0.522,0.478,0,0,0.0,4,TERMINAL_PRESS,-0.0274,0.0289,-0.1296,0.1106
2314,57.475,35.9942,-17.4073,1.3277,-0.0289,0.0302,-0.1174,0.987,0.171,1.141,36.1244,-17.5185,0.2,0.0,0.0,0.0,0.1748,-0.1517,-0.8264,0.8582,-0.1151,1,1,2,0.882,0.525,0.475,0,0,0.0,4,TERMINAL_PRESS,-0.0289,0.0302,-0.1302,0.1112
2315,57.486,35.9936,-17.4067,1.3252,-0.0318,0.0298,-0.1254,0.985,0.172,1.138,36.1244,-17.5185,0.2,0.0,0.0,0.0,0.1769,-0.1523,-0.8128,0.8456,-0.1214,1,1,2,0.882,0.524,0.476,0,0,0.0,4,TERMINAL_PRESS,-0.0318,0.0298,-0.1308,0.1118
2316,57.497,35.9929,-17.4061,1.3226,-0.0335,0.0291,-0.1304,0.982,0.173,1.136,36.1244,-17.5185,0.2,0.0,0.0,0.0,0.1784,-0.1527,-0.8044,0.8379,-0.1036,1,1,2,0.884,0.528,0.472,0,0,0.0,4,TERMINAL_PRESS,-0.0335,0.0291,-0.1315,0.1124
2317,57.507,35.9922,-17.4056,1.32,-0.0357,0.0273,-0.1328,0.979,0.174,1.133,36.1244,-17.5185,0.2,0.0,0.0,0.0,0.1802,-0.1526,-0.8003,0.8344,-0.1254,1,1,2,0.884,0.527,0.473,0,0,0.0,4,TERMINAL_PRESS,-0.0357,0.0273,-0.1322,0.1129
2318,57.518,35.9915,-17.405,1.3173,-0.0353,0.026,-0.1343,0.977,0.175,1.131,36.1244,-17.5185,0.2,0.0,0.0,0.0,0.1809,-0.1527,-0.7977,0.8321,-0.1084,1,1,2,0.886,0.53,0.47,0,0,0.0,4,TERMINAL_PRESS,-0.0353,0.026,-0.1329,0.1135
2319,57.528,35.9908,-17.4046,1.3146,-0.0356,0.0236,-0.1357,0.974,0.176,1.128,36.1244,-17.5185,0.2,0.0,0.0,0.0,0.1819,-0.1523,-0.7954,0.83,-0.1288,1,1,2,0.886,0.527,0.473,0,0,0.0,4,TERMINAL_PRESS,-0.0356,0.0236,-0.1336,0.1139
2320,57.539,35.9901,-17.4041,1.3119,-0.0337,0.0216,-0.1361,0.971,0.176,1.126,36.1244,-17.5185,0.2,0.0,0.0,0.0,0.182,-0.152,-0.7947,0.8293,-0.1091,1,1,2,0.888,0.532,0.468,0,0,0.0,4,TERMINAL_PRESS,-0.0337,0.0216,-0.1343,0.1144
2321,57.55,35.9894,-17.4038,1.3091,-0.0327,0.0185,-0.1363,0.969,0.177,1.123,36.1244,-17.5185,0.2,0.0,0.0,0.0,0.1824,-0.1511,-0.7943,0.8288,-0.1303,1,1,2,0.887,0.528,0.472,0,0,0.0,4,TERMINAL_PRESS,-0.0327,0.0185,-0.135,0.1147
2322,57.561,35.9888,-17.4035,1.3064,-0.0299,0.0156,-0.1365,0.966,0.178,1.121,36.1244,-17.5185,0.2,0.0,0.0,0.0,0.1819,-0.1503,-0.7939,0.8283,-0.1105,1,1,2,0.889,0.527,0.473,0,0,0.0,4,TERMINAL_PRESS,-0.0299,0.0156,-0.1356,0.115
2323,57.572,35.9883,-17.4032,1.3037,-0.0284,0.0115,-0.1367,0.963,0.178,1.118,36.1244,-17.5185,0.2,0.0,0.0,0.0,0.182,-0.1489,-0.7935,0.8277,-0.1226,1,1,2,0.888,0.528,0.472,0,0,0.0,4,TERMINAL_PRESS,-0.0284,0.0115,-0.1361,0.1153
2324,57.582,35.9878,-17.4031,1.3009,-0.0254,0.0076,-0.1368,0.96,0.179,1.115,36.1244,-17.5185,0.2,0.0,0.0,0.0,0.1814,-0.1474,-0.7934,0.8271,-0.1027,1,1,2,0.889,0.526,0.474,0,0,0.0,4,TERMINAL_PRESS,-0.0254,0.0076,-0.1366,0.1154
2325,57.594,35.9873,-17.403,1.2982,-0.0239,0.003,-0.1369,0.958,0.179,1.113,36.1244,-17.5185,0.2,0.0,0.0,0.0,0.1814,-0.1456,-0.7933,0.8267,-0.1242,1,1,2,0.888,0.527,0.473,0,0,0.0,4,TERMINAL_PRESS,-0.0239,0.003,-0.1371,0.1155
2326,57.605,35.9869,-17.403,1.2955,-0.0209,-0.0007,-0.137,0.955,0.18,1.11,36.1244,-17.5185,0.2,0.0,0.0,0.0,0.1806,-0.144,-0.7932,0.8261,-0.1042,1,1,2,0.889,0.529,0.471,0,0,0.0,4,TERMINAL_PRESS,-0.0209,-0.0007,-0.1375,0.1155
2327,57.616,35.9865,-17.4031,1.2927,-0.0198,-0.0052,-0.1371,0.952,0.18,1.107,36.1244,-17.5185,0.2,0.0,0.0,0.0,0.1807,-0.1421,-0.793,0.8256,-0.1192,1,1,2,0.888,0.528,0.472,0,0,0.0,4,TERMINAL_PRESS,-0.0198,-0.0052,-0.1379,0.1154
2328,57.628,35.9861,-17.4033,1.29,-0.0176,-0.0089,-0.1371,0.949,0.18,1.105,36.1244,-17.5185,0.2,0.0,0.0,0.0,0.1802,-0.1403,-0.7929,0.8252,-0.0992,1,1,2,0.889,0.53,0.47,0,0,0.0,4,TERMINAL_PRESS,-0.0176,-0.0089,-0.1383,0.1152
2329,57.639,35.9858,-17.4036,1.2872,-0.0175,-0.013,-0.1372,0.947,0.18,1.102,36.1244,-17.5185,0.2,0.0,0.0,0.0,0.1806,-0.1382,-0.7928,0.8248,-0.1228,1,1,2,0.888,0.529,0.471,0,0,0.0,4,SETTLE_PHASE,-0.0175,-0.013,-0.1386,0.1149
2330,57.651,35.9855,-17.4039,1.2848,-0.0164,-0.0161,-0.1222,0.944,0.18,1.1,36.1244,-17.5185,0.2,0.0,0.0,0.0,0.1805,-0.1365,-0.8182,0.8489,-0.1019,1,1,2,0.889,0.528,0.472,0,0,0.0,4,SETTLE_PHASE,-0.0164,-0.0161,-0.139,0.1146
2331,57.662,35.9851,-17.4043,1.2825,-0.0172,-0.0199,-0.1128,0.942,0.18,1.097,36.1244,-17.5185,0.2,0.0,0.0,0.0,0.1813,-0.1345,-0.8342,0.8642,-0.1406,1,1,2,0.891,0.533,0.467,0,0,0.0,4,SETTLE_PHASE,-0.0172,-0.0199,-0.1393,0.1142
2332,57.674,35.9848,-17.4047,1.2804,-0.0168,-0.0227,-0.1067,0.94,0.18,1.095,36.1244,-17.5185,0.2,0.0,0.0,0.0,0.1816,-0.1327,-0.8446,0.8741,-0.0971,1,1,2,0.892,0.532,0.468,0,0,0.0,4,SETTLE_PHASE,-0.0168,-0.0227,-0.1396,0.1138
2333,57.685,35.9845,-17.4053,1.2783,-0.0138,-0.0275,-0.1029,0.938,0.18,1.093,36.1244,-17.5185,0.2,0.0,0.0,0.0,0.1806,-0.13,-0.8511,0.8797,-0.1355,1,1,2,0.894,0.537,0.463,0,0,0.0,4,SETTLE_PHASE,-0.0138,-0.0275,-0.1399,0.1132
2334,57.697,35.9843,-17.4059,1.277,-0.0091,-0.0318,-0.0677,0.936,0.18,1.092,36.1244,-17.5185,0.2,0.0,0.0,0.0,0.1789,-0.1275,-0.9109,0.937,-0.0881,1,1,2,0.894,0.537,0.463,0,0,0.0,4,SETTLE_PHASE,-0.0091,-0.0318,-0.1401,0.1126
2335,57.709,35.9843,-17.4067,1.2761,-0.002,-0.0376,-0.0456,0.936,0.179,1.091,36.1244,-17.5185,0.2,0.0,0.0,0.0,0.176,-0.124,-0.9484,0.9726,-0.1115,1,1,2,0.892,0.534,0.466,0,0,0.0,4,SETTLE_PHASE,-0.002,-0.0376,-0.1401,0.1118
2336,57.72,35.9844,-17.4075,1.2754,0.0055,-0.0414,-0.0317,0.935,0.179,1.09,36.1244,-17.5185,0.2,0.0,0.0,0.0,0.1727,-0.1214,-0.9721,0.9948,-0.0886,1,1,2,0.892,0.533,0.467,0,0,0.0,4,SETTLE_PHASE,0.0055,-0.0414,-0.14,0.111
2337,57.732,35.9846,-17.4084,1.275,0.0097,-0.0449,-0.0228,0.934,0.178,1.09,36.1244,-17.5185,0.2,0.0,0.0,0.0,0.1707,-0.1188,-0.9872,1.0089,-0.1117,1,1,2,0.89,0.532,0.468,0,0,0.0,4,SETTLE_PHASE,0.0097,-0.0449,-0.1398,0.1101
2338,57.743,35.9849,-17.4093,1.2746,0.014,-0.0468,-0.0172,0.934,0.177,1.089,36.1244,-17.5185,0.2,0.0,0.0,0.0,0.1686,-0.1169,-0.9968,1.0177,-0.0898,1,1,2,0.889,0.53,0.47,0,0,0.0,4,SETTLE_PHASE,0.014,-0.0468,-0.1395,0.1092
2339,57.755,35.9852,-17.4103,1.2744,0.0151,-0.0486,-0.0137,0.934,0.176,1.089,36.1244,-17.5185,0.2,0.0,0.0,0.0,0.1677,-0.1149,-1.0027,1.0231,-0.1133,1,1,2,0.888,0.53,0.47,0,0,0.0,4,SETTLE_PHASE,0.0151,-0.0486,-0.1392,0.1082
2340,57.769,35.9855,-17.4113,1.2741,0.016,-0.049,-0.0114,0.934,0.175,1.088,36.1244,-17.5185,0.2,0.0,0.0,0.0,0.167,-0.1135,-1.0067,1.0267,-0.0905,1,1,2,0.889,0.53,0.47,0,0,0.0,4,SETTLE_PHASE,0.016,-0.049,-0.1389,0.1072
2341,57.781,35.9858,-17.4123,1.2739,0.0156,-0.0496,-0.0098,0.933,0.175,1.088,36.1244,-17.5185,0.2,0.0,0.0,0.0,0.1667,-0.112,-1.0093,1.0291,-0.1123,1,1,2,0.888,0.528,0.472,0,0,0.0,4,SETTLE_PHASE,0.0156,-0.0496,-0.1386,0.1062
2342,57.793,35.9861,-17.4133,1.2738,0.0165,-0.049,-0.0088,0.933,0.174,1.088,36.1244,-17.5185,0.2,0.0,0.0,0.0,0.166,-0.111,-1.011,1.0305,-0.0912,1,1,2,0.888,0.528,0.472,0,0,0.0,4,SETTLE_PHASE,0.0165,-0.049,-0.1383,0.1052
2343,57.807,35.9864,-17.4142,1.2736,0.0153,-0.0486,-0.0082,0.933,0.173,1.087,36.1244,-17.5185,0.2,0.0,0.0,0.0,0.166,-0.11,-1.0121,1.0315,-0.1131,1,1,2,0.886,0.526,0.474,0,0,0.0,4,SETTLE_PHASE,0.0153,-0.0486,-0.138,0.1043
2344,57.819,35.9867,-17.4152,1.2734,0.0151,-0.0471,-0.0078,0.933,0.172,1.087,36.1244,-17.5185,0.2,0.0,0.0,0.0,0.1658,-0.1094,-1.0128,1.0321,-0.0922,1,1,2,0.886,0.527,0.473,0,0,0.0,4,SETTLE_PHASE,0.0151,-0.0471,-0.1377,0.1033
2345,57.831,35.987,-17.4161,1.2733,0.0124,-0.046,-0.0077,0.933,0.171,1.087,36.1244,-17.5185,0.2,0.0,0.0,0.0,0.1666,-0.1087,-1.013,1.0323,-0.1117,1,1,2,0.885,0.524,0.476,0,0,0.0,4,SETTLE_PHASE,0.0124,-0.046,-0.1374,0.1024
2346,57.844,35.9872,-17.417,1.2731,0.0102,-0.0439,-0.0075,0.933,0.171,1.087,36.1244,-17.5185,0.2,0.0,0.0,0.0,0.1672,-0.1085,-1.0133,1.0327,-0.091,1,1,2,0.886,0.526,0.474,0,0,0.0,4,SETTLE_PHASE,0.0102,-0.0439,-0.1372,0.1015
2347,57.857,35.9873,-17.4178,1.273,0.0065,-0.0422,-0.0073,0.932,0.17,1.086,36.1244,-17.5185,0.2,0.0,0.0,0.0,0.1686,-0.1081,-1.0135,1.0332,-0.113,1,1,2,0.885,0.523,0.477,0,0,0.0,4,SETTLE_PHASE,0.0065,-0.0422,-0.1371,0.1007
2348,57.87,35.9874,-17.4186,1.2728,0.0041,-0.0393,-0.0073,0.932,0.17,1.086,36.1244,-17.5185,0.2,0.0,0.0,0.0,0.1695,-0.1084,-1.0136,1.0334,-0.0923,1,1,2,0.885,0.524,0.476,0,0,0.0,4,SETTLE_PHASE,0.0041,-0.0393,-0.137,0.0999
2349,57.883,35.9874,-17.4194,1.2727,-0.0002,-0.0371,-0.0074,0.932,0.169,1.086,36.1244,-17.5185,0.2,0.0,0.0,0.0,0.1714,-0.1084,-1.0135,1.0336,-0.1178,1,1,2,0.885,0.523,0.477,0,0,0.0,4,SETTLE_PHASE,-0.0002,-0.0371,-0.137,0.0991
2350,57.896,35.9873,-17.42,1.2726,-0.0035,-0.0338,-0.0074,0.932,0.169,1.086,36.1244,-17.5185,0.2,0.0,0.0,0.0,0.1728,-0.1089,-1.0135,1.0339,-0.0971,1,1,2,0.886,0.525,0.475,0,0,0.0,4,SETTLE_PHASE,-0.0035,-0.0338,-0.1371,0.0985
2351,57.908,35.9872,-17.4207,1.2724,-0.0081,-0.0315,-0.008,0.932,0.169,1.086,36.1244,-17.5185,0.2,0.0,0.0,0.0,0.175,-0.1091,-1.0125,1.0332,-0.1148,1,1,2,0.885,0.524,0.476,0,0,0.0,4,SETTLE_PHASE,-0.0081,-0.0315,-0.1372,0.0978
2352,57.922,35.9869,-17.4212,1.2722,-0.0111,-0.0285,-0.0078,0.932,0.168,1.085,36.1244,-17.5185,0.2,0.0,0.0,0.0,0.1765,-0.1096,-1.0128,1.0339,-0.0912,1,1,2,0.886,0.525,0.475,0,0,0.0,4,TERMINAL_PRESS,-0.0111,-0.0285,-0.1375,0.0973
2353,57.934,35.9866,-17.4218,1.2711,-0.0145,-0.027,-0.0559,0.931,0.168,1.084,36.1244,-17.5185,0.2,0.0,0.0,0.0,0.1783,-0.1096,-0.931,0.9542,-0.0976,1,1,2,0.885,0.524,0.476,0,0,0.0,4,TERMINAL_PRESS,-0.0145,-0.027,-0.1378,0.0967
2354,57.948,35.9863,-17.4223,1.2694,-0.0171,-0.0248,-0.0867,0.929,0.168,1.083,36.1244,-17.5185,0.2,0.0,0.0,0.0,0.1798,-0.1099,-0.8786,0.9035,-0.0785,1,1,2,0.887,0.527,0.473,0,0,0.0,4,TERMINAL_PRESS,-0.0171,-0.0248,-0.1381,0.0962
2355,57.962,35.9859,-17.4227,1.2673,-0.0206,-0.0224,-0.1054,0.927,0.168,1.08,36.1244,-17.5185,0.2,0.0,0.0,0.0,0.1818,-0.1103,-0.8468,0.8731,-0.1008,1,1,2,0.886,0.525,0.475,0,0,0.0,4,TERMINAL_PRESS,-0.0206,-0.0224,-0.1385,0.0958
2356,57.975,35.9854,-17.4231,1.2649,-0.0224,-0.0186,-0.1172,0.924,0.169,1.078,36.1244,-17.5185,0.2,0.0,0.0,0.0,0.1831,-0.1114,-0.8268,0.8541,-0.0818,1,1,2,0.887,0.527,0.473,0,0,0.0,4,TERMINAL_PRESS,-0.0224,-0.0186,-0.139,0.0954
2357,57.989,35.9849,-17.4234,1.2624,-0.0254,-0.0149,-0.1247,0.922,0.169,1.076,36.1244,-17.5185,0.2,0.0,0.0,0.0,0.185,-0.1127,-0.8141,0.8424,-0.1079,1,1,2,0.887,0.525,0.475,0,0,0.0,4,TERMINAL_PRESS,-0.0254,-0.0149,-0.1395,0.0951
2358,58.001,35.9844,-17.4236,1.2599,-0.0268,-0.0097,-0.1294,0.919,0.169,1.073,36.1244,-17.5185,0.2,0.0,0.0,0.0,0.1862,-0.1146,-0.8061,0.8352,-0.0902,1,1,2,0.889,0.528,0.472,0,0,0.0,4,TERMINAL_PRESS,-0.0268,-0.0097,-0.14,0.0949
2359,58.015,35.9838,-17.4237,1.2572,-0.029,-0.005,-0.1329,0.917,0.17,1.071,36.1244,-17.5185,0.2,0.0,0.0,0.0,0.1879,-0.1164,-0.8001,0.83,-0.1088,1,1,2,0.888,0.527,0.473,0,0,0.0,4,TERMINAL_PRESS,-0.029,-0.005,-0.1406,0.0948
2360,58.027,35.9832,-17.4237,1.2545,-0.0292,0.0006,-0.1345,0.914,0.17,1.068,36.1244,-17.5185,0.2,0.0,0.0,0.0,0.1887,-0.1188,-0.7973,0.8279,-0.0834,1,1,2,0.89,0.531,0.469,0,0,0.0,4,TERMINAL_PRESS,-0.0292,0.0006,-0.1412,0.0948
2361,58.041,35.9826,-17.4236,1.2518,-0.0304,0.0055,-0.1355,0.911,0.171,1.066,36.1244,-17.5185,0.2,0.0,0.0,0.0,0.19,-0.121,-0.7956,0.8269,-0.103,1,1,2,0.889,0.529,0.471,0,0,0.0,4,TERMINAL_PRESS,-0.0304,0.0055,-0.1418,0.0949
2362,58.054,35.982,-17.4233,1.2491,-0.0297,0.0112,-0.1368,0.909,0.171,1.063,36.1244,-17.5185,0.2,0.0,0.0,0.0,0.1904,-0.1236,-0.7935,0.8253,-0.0806,1,1,2,0.89,0.531,0.469,0,0,0.0,4,TERMINAL_PRESS,-0.0297,0.0112,-0.1424,0.0952
2363,58.067,35.9814,-17.423,1.2463,-0.0304,0.016,-0.137,0.906,0.172,1.06,36.1244,-17.5185,0.2,0.0,0.0,0.0,0.1915,-0.1261,-0.793,0.8255,-0.1043,1,1,2,0.89,0.531,0.469,0,0,0.0,4,TERMINAL_PRESS,-0.0304,0.016,-0.143,0.0955
2364,58.08,35.9808,-17.4226,1.2436,-0.0295,0.0216,-0.1372,0.903,0.173,1.058,36.1244,-17.5185,0.2,0.0,0.0,0.0,0.1918,-0.1289,-0.7928,0.8258,-0.0831,1,1,2,0.891,0.533,0.467,0,0,0.0,4,TERMINAL_PRESS,-0.0295,0.0216,-0.1436,0.0959
2365,58.095,35.9802,-17.4221,1.2408,-0.0299,0.0261,-0.1372,0.9,0.173,1.055,36.1244,-17.5185,0.2,0.0,0.0,0.0,0.1927,-0.1315,-0.7927,0.8263,-0.1058,1,1,2,0.891,0.53,0.47,0,0,0.0,4,TERMINAL_PRESS,-0.0299,0.0261,-0.1442,0.0964
2366,58.109,35.9797,-17.4214,1.2381,-0.0286,0.031,-0.1373,0.898,0.174,1.053,36.1244,-17.5185,0.2,0.0,0.0,0.0,0.1929,-0.1343,-0.7926,0.8267,-0.0849,1,1,2,0.892,0.532,0.468,0,0,0.0,4,TERMINAL_PRESS,-0.0286,0.031,-0.1447,0.0971
2367,58.123,35.9791,-17.4207,1.2353,-0.0289,0.0347,-0.1374,0.895,0.175,1.05,36.1244,-17.5185,0.2,0.0,0.0,0.0,0.1937,-0.1367,-0.7924,0.8271,-0.112,1,1,2,0.892,0.532,0.468,0,0,0.0,4,TERMINAL_PRESS,-0.0289,0.0347,-0.1453,0.0978
2368,58.137,35.9785,-17.42,1.2326,-0.0279,0.0387,-0.1373,0.892,0.176,1.047,36.1244,-17.5185,0.2,0.0,0.0,0.0,0.194,-0.1394,-0.7925,0.8278,-0.0916,1,1,2,0.894,0.535,0.465,0,0,0.0,4,TERMINAL_PRESS,-0.0279,0.0387,-0.1459,0.0985
2369,58.148,35.978,-17.4191,1.2298,-0.0277,0.0411,-0.1372,0.889,0.177,1.045,36.1244,-17.5185,0.2,0.0,0.0,0.0,0.1946,-0.1414,-0.7927,0.8284,-0.115,1,1,2,0.894,0.535,0.465,0,0,0.0,4,TERMINAL_PRESS,-0.0277,0.0411,-0.1464,0.0994
2370,58.164,35.9775,-17.4183,1.2271,-0.0253,0.0433,-0.1371,0.887,0.178,1.042,36.1244,-17.5185,0.2,0.0,0.0,0.0,0.1942,-0.1433,-0.7929,0.8289,-0.0947,1,1,2,0.896,0.538,0.462,0,0,0.0,4,TERMINAL_PRESS,-0.0253,0.0433,-0.1469,0.1002
2371,58.178,35.977,-17.4174,1.2244,-0.024,0.0436,-0.137,0.884,0.179,1.04,36.1244,-17.5185,0.2,0.0,0.0,0.0,0.1943,-0.1446,-0.7931,0.8293,-0.1186,1,1,2,0.895,0.537,0.463,0,0,0.0,4,TERMINAL_PRESS,-0.024,0.0436,-0.1474,0.1011
2372,58.19,35.9766,-17.4165,1.2216,-0.021,0.0437,-0.1369,0.881,0.18,1.037,36.1244,-17.5185,0.2,0.0,0.0,0.0,0.1936,-0.1457,-0.7933,0.8295,-0.0984,1,1,2,0.897,0.537,0.463,0,0,0.0,4,TERMINAL_PRESS,-0.021,0.0437,-0.1478,0.102
2373,58.205,35.9762,-17.4157,1.2189,-0.0195,0.0418,-0.1368,0.878,0.18,1.035,36.1244,-17.5185,0.2,0.0,0.0,0.0,0.1934,-0.146,-0.7934,0.8296,-0.1209,1,1,2,0.896,0.535,0.465,0,0,0.0,4,SETTLE_PHASE,-0.0195,0.0418,-0.1482,0.1028
2374,58.219,35.9759,-17.4149,1.2165,-0.0165,0.0394,-0.1217,0.876,0.181,1.032,36.1244,-17.5185,0.2,0.0,0.0,0.0,0.1926,-0.1459,-0.819,0.8539,-0.0998,1,1,2,0.897,0.536,0.464,0,0,0.0,4,SETTLE_PHASE,-0.0165,0.0394,-0.1486,0.1036
2375,58.231,35.9755,-17.4142,1.2142,-0.0154,0.035,-0.1122,0.874,0.182,1.03,36.1244,-17.5185,0.2,0.0,0.0,0.0,0.1925,-0.1449,-0.8352,0.8693,-0.1391,1,1,2,0.9,0.539,0.461,0,0,0.0,4,SETTLE_PHASE,-0.0154,0.035,-0.1489,0.1043
2376,58.244,35.9753,-17.4136,1.2121,-0.0133,0.0303,-0.106,0.872,0.182,1.028,36.1244,-17.5185,0.2,0.0,0.0,0.0,0.1919,-0.1437,-0.8458,0.8791,-0.097,1,1,2,0.9,0.543,0.457,0,0,0.0,4,SETTLE_PHASE,-0.0133,0.0303,-0.1491,0.1049
2377,58.259,35.9751,-17.4132,1.21,-0.0085,0.0223,-0.1024,0.87,0.183,1.026,36.1244,-17.5185,0.2,0.0,0.0,0.0,0.1902,-0.141,-0.8519,0.8842,-0.1307,1,1,2,0.902,0.538,0.462,0,0,0.0,4,SETTLE_PHASE,-0.0085,0.0223,-0.1493,0.1053
2378,58.271,35.975,-17.4129,1.208,-0.003,0.0144,-0.1,0.868,0.183,1.025,36.1244,-17.5185,0.2,0.0,0.0,0.0,0.188,-0.1381,-0.856,0.8872,-0.0879,1,1,2,0.902,0.542,0.458,0,0,0.0,4,SETTLE_PHASE,-0.003,0.0144,-0.1494,0.1056
2379,58.283,35.9751,-17.4128,1.2061,0.004,0.0042,-0.0987,0.866,0.183,1.023,36.1244,-17.5185,0.2,0.0,0.0,0.0,0.1849,-0.1339,-0.8582,0.888,-0.1272,1,1,2,0.903,0.54,0.46,0,0,0.0,4,SETTLE_PHASE,0.004,0.0042,-0.1493,0.1057
2380,58.297,35.9753,-17.4129,1.2041,0.0108,-0.0052,-0.098,0.864,0.183,1.021,36.1244,-17.5185,0.2,0.0,0.0,0.0,0.1818,-0.1298,-0.8594,0.888,-0.0839,1,1,2,0.903,0.541,0.459,0,0,0.0,4,SETTLE_PHASE,0.0108,-0.0052,-0.1491,0.1056
2381,58.31,35.9757,-17.4132,1.2022,0.0189,-0.0167,-0.0978,0.862,0.182,1.019,36.1244,-17.5185,0.2,0.0,0.0,0.0,0.178,-0.1246,-0.8597,0.8867,-0.1206,1,1,2,0.904,0.542,0.458,0,0,0.0,4,SETTLE_PHASE,0.0189,-0.0167,-0.1487,0.1053
2382,58.324,35.9763,-17.4138,1.2002,0.0266,-0.0269,-0.0978,0.86,0.181,1.017,36.1244,-17.5185,0.2,0.0,0.0,0.0,0.1741,-0.1197,-0.8598,0.8853,-0.0767,1,1,2,0.904,0.542,0.458,0,0,0.0,4,SETTLE_PHASE,0.0266,-0.0269,-0.1482,0.1047
2383,58.338,35.977,-17.4145,1.1982,0.0354,-0.0387,-0.098,0.858,0.18,1.014,36.1244,-17.5185,0.2,0.0,0.0,0.0,0.1695,-0.1138,-0.8594,0.8833,-0.1153,1,1,2,0.905,0.54,0.46,0,0,0.0,4,SETTLE_PHASE,0.0354,-0.0387,-0.1474,0.104
2384,58.351,35.9778,-17.4155,1.1963,0.0436,-0.0488,-0.0982,0.856,0.179,1.012,36.1244,-17.5185,0.2,0.0,0.0,0.0,0.165,-0.1084,-0.8591,0.8815,-0.0708,1,1,2,0.904,0.542,0.458,0,0,0.0,4,SETTLE_PHASE,0.0436,-0.0488,-0.1466,0.103
2385,58.363,35.9789,-17.4168,1.1949,0.0542,-0.0619,-0.0662,0.854,0.178,1.011,36.1244,-17.5185,0.2,0.0,0.0,0.0,0.1592,-0.1013,-0.9134,0.9327,-0.0776,1,1,2,0.901,0.541,0.459,0,0,0.0,4,SETTLE_PHASE,0.0542,-0.0619,-0.1455,0.1017
2386,58.376,35.9802,-17.4182,1.194,0.0632,-0.0721,-0.0455,0.854,0.176,1.009,36.1244,-17.5185,0.2,0.0,0.0,0.0,0.1538,-0.0952,-0.9486,0.9657,-0.0643,1,1,2,0.9,0.539,0.461,0,0,0.0,4,SETTLE_PHASE,0.0632,-0.0721,-0.1442,0.1003
2387,58.388,35.9815,-17.4198,1.1934,0.0678,-0.08,-0.032,0.853,0.174,1.008,36.1244,-17.5185,0.2,0.0,0.0,0.0,0.1502,-0.0899,-0.9716,0.9873,-0.085,1,1,2,0.898,0.533,0.467,0,0,0.0,4,SETTLE_PHASE,0.0678,-0.08,-0.1429,0.0987
2388,58.402,35.983,-17.4215,1.1929,0.0718,-0.0843,-0.023,0.852,0.172,1.008,36.1244,-17.5185,0.2,0.0,0.0,0.0,0.1467,-0.0859,-0.9868,1.0014,-0.061,1,1,2,0.897,0.535,0.465,0,0,0.0,4,SETTLE_PHASE,0.0718,-0.0843,-0.1414,0.097
2389,58.415,35.9844,-17.4232,1.1926,0.0721,-0.0867,-0.0172,0.852,0.169,1.007,36.1244,-17.5185,0.2,0.0,0.0,0.0,0.1447,-0.0827,-0.9967,1.0106,-0.0878,1,1,2,0.894,0.531,0.469,0,0,0.0,4,SETTLE_PHASE,0.0721,-0.0867,-0.14,0.0953
2390,58.427,35.9859,-17.4249,1.1923,0.0719,-0.0856,-0.0133,0.852,0.167,1.006,36.1244,-17.5185,0.2,0.0,0.0,0.0,0.143,-0.081,-1.0034,1.0168,-0.0688,1,1,2,0.894,0.53,0.47,0,0,0.0,4,SETTLE_PHASE,0.0719,-0.0856,-0.1386,0.0936
2391,58.441,35.9872,-17.4266,1.1921,0.0689,-0.0832,-0.0107,0.852,0.165,1.006,36.1244,-17.5185,0.2,0.0,0.0,0.0,0.1425,-0.0799,-1.0079,1.021,-0.0919,1,1,2,0.891,0.527,0.473,0,0,0.0,4,SETTLE_PHASE,0.0689,-0.0832,-0.1372,0.0919
2392,58.455,35.9886,-17.4282,1.1919,0.0661,-0.078,-0.009,0.851,0.163,1.005,36.1244,-17.5185,0.2,0.0,0.0,0.0,0.142,-0.0801,-1.0108,1.0238,-0.0696,1,1,2,0.89,0.525,0.475,0,0,0.0,4,SETTLE_PHASE,0.0661,-0.078,-0.1359,0.0903
2393,58.467,35.9898,-17.4296,1.1918,0.0601,-0.0721,-0.0081,0.851,0.161,1.005,36.1244,-17.5185,0.2,0.0,0.0,0.0,0.143,-0.0808,-1.0123,1.0255,-0.1025,1,1,2,0.891,0.525,0.475,0,0,0.0,4,SETTLE_PHASE,0.0601,-0.0721,-0.1346,0.0889
2394,58.48,35.9908,-17.4309,1.1916,0.0539,-0.0637,-0.0077,0.851,0.16,1.004,36.1244,-17.5185,0.2,0.0,0.0,0.0,0.1027,-0.0546,-1.0129,1.0196,-0.0816,1,1,2,0.889,0.521,0.479,0,0,0.0,4,SETTLE_PHASE,0.0539,-0.0637,-0.1336,0.0876
2395,58.492,35.9918,-17.432,1.1915,0.048,-0.0554,-0.0074,0.851,0.158,1.004,36.1244,-17.5185,0.2,0.0,0.0,0.0,0.0622,-0.0289,-1.0134,1.0158,-0.1173,1,1,2,0.889,0.522,0.478,0,0,0.0,4,SETTLE_PHASE,0.048,-0.0554,-0.1326,0.0865
2396,58.504,35.9926,-17.4329,1.1913,0.0402,-0.0457,-0.0076,0.851,0.157,1.004,36.1244,-17.5185,0.2,0.0,0.0,0.0,0.0212,-0.004,-1.0131,1.0134,-0.086,1,1,2,0.889,0.521,0.479,0,0,0.0,4,SETTLE_PHASE,0.0402,-0.0457,-0.1318,0.0856
2397,58.518,35.9932,-17.4336,1.1912,0.0321,-0.0375,-0.0076,0.851,0.156,1.003,36.1244,-17.5185,0.2,0.0,0.0,0.0,-0.0135,0.0158,-1.0131,1.0133,-0.1211,1,1,2,0.891,0.525,0.475,0,0,0.0,4,SETTLE_PHASE,0.0321,-0.0375,-0.1312,0.0849
2398,58.531,35.9937,-17.4342,1.191,0.024,-0.0283,-0.0077,0.851,0.156,1.003,36.1244,-17.5185,0.2,0.0,0.0,0.0,-0.0101,0.0119,-1.0129,1.013,-0.0811,1,1,2,0.89,0.524,0.476,0,0,0.0,4,SETTLE_PHASE,0.024,-0.0283,-0.1307,0.0843
2399,58.542,35.9941,-17.4346,1.1909,0.0176,-0.0208,-0.0077,0.85,0.155,1.003,36.1244,-17.5185,0.2,0.0,0.0,0.0,-0.0074,0.0088,-1.0128,1.0129,-0.1167,1,1,2,0.892,0.526,0.474,0,0,0.0,4,SETTLE_PHASE,0.0176,-0.0208,-0.1303,0.0839
2400,58.555,35.9943,-17.4349,1.1907,0.011,-0.0121,-0.0079,0.85,0.155,1.003,36.1244,-17.5185,0.2,0.0,0.0,0.0,-0.0046,0.0051,-1.0126,1.0126,-0.0793,1,1,2,0.891,0.525,0.475,0,0,0.0,4,SETTLE_PHASE,0.011,-0.0121,-0.1301,0.0836
2401,58.567,35.9944,-17.435,1.1905,0.0057,-0.0048,-0.008,0.85,0.155,1.003,36.1244,-17.5185,0.2,0.0,0.0,0.0,-0.0024,0.002,-1.0124,1.0124,-0.1152,1,1,2,0.892,0.527,0.473,0,0,0.0,4,SETTLE_PHASE,0.0057,-0.0048,-0.13,0.0835
2402,58.579,35.9944,-17.4349,1.1904,-0.0002,0.004,-0.0083,0.85,0.155,1.002,36.1244,-17.5185,0.2,0.0,0.0,0.0,0.0001,-0.0017,-1.0119,1.0119,-0.0921,1,1,2,0.891,0.526,0.474,0,0,0.0,4,SETTLE_PHASE,-0.0002,0.004,-0.13,0.0836
2403,58.591,35.9943,-17.4347,1.1902,-0.0049,0.0113,-0.0088,0.85,0.155,1.002,36.1244,-17.5185,0.2,0.0,0.0,0.0,0.0021,-0.0048,-1.011,1.011,-0.1276,1,1,2,0.892,0.528,0.472,0,0,0.0,4,SETTLE_PHASE,-0.0049,0.0113,-0.1301,0.0838
2404,58.603,35.9941,-17.4343,1.19,-0.0108,0.0191,-0.0088,0.85,0.155,1.002,36.1244,-17.5185,0.2,0.0,0.0,0.0,0.0046,-0.0081,-1.011,1.0111,-0.0925,1,1,2,0.892,0.528,0.472,0,0,0.0,4,SETTLE_PHASE,-0.0108,0.0191,-0.1303,0.0842
2405,58.618,35.9938,-17.4338,1.1899,-0.016,0.0243,-0.0086,0.849,0.156,1.002,36.1244,-17.5185,0.2,0.0,0.0,0.0,0.0068,-0.0103,-1.0114,1.0115,-0.1269,1,1,2,0.895,0.531,0.469,0,0,0.0,4,SETTLE_PHASE,-0.016,0.0243,-0.1306,0.0847
2406,58.631,35.9934,-17.4332,1.1897,-0.0208,0.0297,-0.0083,0.849,0.156,1.002,36.1244,-17.5185,0.2,0.0,0.0,0.0,0.0088,-0.0125,-1.0118,1.012,-0.0844,1,1,2,0.895,0.533,0.467,0,0,0.0,4,SETTLE_PHASE,-0.0208,0.0297,-0.1311,0.0853
2407,58.644,35.9929,-17.4325,1.1895,-0.0236,0.0323,-0.0081,0.849,0.157,1.002,36.1244,-17.5185,0.2,0.0,0.0,0.0,0.01,-0.0136,-1.0122,1.0124,-0.1196,1,1,2,0.896,0.535,0.465,0,0,0.0,4,SETTLE_PHASE,-0.0236,0.0323,-0.1315,0.086
2408,58.658,35.9924,-17.4318,1.1894,-0.0263,0.0354,-0.0078,0.849,0.158,1.002,36.1244,-17.5185,0.2,0.0,0.0,0.0,0.0111,-0.0149,-1.0127,1.0128,-0.0763,1,1,2,0.896,0.535,0.465,0,0,0.0,4,SETTLE_PHASE,-0.0263,0.0354,-0.1321,0.0867
2409,58.671,35.9918,-17.4311,1.1892,-0.0272,0.036,-0.0077,0.849,0.159,1.002,36.1244,-17.5185,0.2,0.0,0.0,0.0,0.0115,-0.0152,-1.013,1.0132,-0.112,1,1,2,0.898,0.538,0.462,0,0,0.0,4,SETTLE_PHASE,-0.0272,0.036,-0.1326,0.0874
2410,58.683,35.9912,-17.4304,1.1891,-0.0283,0.0374,-0.0075,0.849,0.16,1.002,36.1244,-17.5185,0.2,0.0,0.0,0.0,0.0119,-0.0157,-1.0133,1.0135,-0.068,1,1,2,0.897,0.535,0.465,0,0,0.0,4,SETTLE_PHASE,-0.0283,0.0374,-0.1332,0.0881
2411,58.697,35.9907,-17.4296,1.1889,-0.028,0.0366,-0.0074,0.848,0.161,1.002,36.1244,-17.5185,0.2,0.0,0.0,0.0,0.0519,-0.0423,-1.0135,1.0157,-0.104,1,1,2,0.898,0.536,0.464,0,0,0.0,4,TERMINAL_PRESS,-0.028,0.0366,-0.1337,0.0889
2412,58.71,35.9901,-17.4289,1.1878,-0.0279,0.0368,-0.056,0.847,0.161,1.001,36.1244,-17.5185,0.2,0.0,0.0,0.0,0.0918,-0.0689,-0.9308,0.9379,-0.0733,1,1,2,0.898,0.537,0.463,0,0,0.0,4,TERMINAL_PRESS,-0.0279,0.0368,-0.1343,0.0896
2413,58.722,35.9896,-17.4282,1.1861,-0.027,0.0355,-0.086,0.846,0.162,0.999,36.1244,-17.5185,0.2,0.0,0.0,0.0,0.1317,-0.0956,-0.8798,0.8947,-0.1118,1,1,2,0.9,0.539,0.461,0,0,0.0,4,TERMINAL_PRESS,-0.027,0.0355,-0.1348,0.0903
2414,58.735,35.9891,-17.4275,1.184,-0.0261,0.0349,-0.1048,0.843,0.163,0.997,36.1244,-17.5185,0.2,0.0,0.0,0.0,0.1715,-0.1225,-0.8478,0.8736,-0.0748,1,1,2,0.899,0.538,0.462,0,0,0.0,4,TERMINAL_PRESS,-0.0261,0.0349,-0.1353,0.091
2415,58.747,35.9886,-17.4268,1.1816,-0.0242,0.0325,-0.1167,0.841,0.164,0.995,36.1244,-17.5185,0.2,0.0,0.0,0.0,0.18,-0.1282,-0.8276,0.8566,-0.115,1,1,2,0.9,0.538,0.462,0,0,0.0,4,TERMINAL_PRESS,-0.0242,0.0325,-0.1358,0.0917
2416,58.76,35.9881,-17.4262,1.1792,-0.0227,0.0312,-0.1241,0.839,0.165,0.993,36.1244,-17.5185,0.2,0.0,0.0,0.0,0.1799,-0.1285,-0.815,0.8445,-0.0769,1,1,2,0.9,0.538,0.462,0,0,0.0,4,TERMINAL_PRESS,-0.0227,0.0312,-0.1363,0.0923
2417,58.772,35.9877,-17.4257,1.1766,-0.0202,0.0285,-0.1288,0.836,0.165,0.99,36.1244,-17.5185,0.2,0.0,0.0,0.0,0.1794,-0.128,-0.807,0.8365,-0.1174,1,1,2,0.901,0.538,0.462,0,0,0.0,4,TERMINAL_PRESS,-0.0202,0.0285,-0.1367,0.0929
2418,58.785,35.9874,-17.4251,1.174,-0.0185,0.0273,-0.1318,0.833,0.166,0.988,36.1244,-17.5185,0.2,0.0,0.0,0.0,0.1791,-0.1282,-0.802,0.8317,-0.0789,1,1,2,0.9,0.538,0.462,0,0,0.0,4,TERMINAL_PRESS,-0.0185,0.0273,-0.1371,0.0934
2419,58.797,35.987,-17.4246,1.1713,-0.016,0.0249,-0.1339,0.831,0.166,0.985,36.1244,-17.5185,0.2,0.0,0.0,0.0,0.1784,-0.1278,-0.7984,0.8281,-0.1189,1,1,2,0.901,0.537,0.463,0,0,0.0,4,TERMINAL_PRESS,-0.016,0.0249,-0.1374,0.0939
2420,58.81,35.9867,-17.4241,1.1686,-0.0146,0.0244,-0.135,0.828,0.167,0.983,36.1244,-17.5185,0.2,0.0,0.0,0.0,0.1782,-0.1282,-0.7964,0.8261,-0.0877,1,1,2,0.9,0.536,0.464,0,0,0.0,4,TERMINAL_PRESS,-0.0146,0.0244,-0.1377,0.0944
2421,58.822,35.9865,-17.4237,1.1658,-0.0127,0.023,-0.1364,0.825,0.167,0.98,36.1244,-17.5185,0.2,0.0,0.0,0.0,0.1777,-0.1282,-0.7941,0.8238,-0.1238,1,1,2,0.901,0.537,0.463,0,0,0.0,4,TERMINAL_PRESS,-0.0127,0.023,-0.1379,0.0948
2422,58.834,35.9862,-17.4232,1.1631,-0.012,0.0233,-0.1366,0.823,0.168,0.978,36.1244,-17.5185,0.2,0.0,0.0,0.0,0.1777,-0.1289,-0.7939,0.8237,-0.0793,1,1,2,0.9,0.538,0.462,0,0,0.0,4,TERMINAL_PRESS,-0.012,0.0233,-0.1382,0.0953
2423,58.847,35.986,-17.4228,1.1604,-0.0108,0.0221,-0.1367,0.82,0.168,0.975,36.1244,-17.5185,0.2,0.0,0.0,0.0,0.1775,-0.129,-0.7936,0.8234,-0.1136,1,1,2,0.9,0.538,0.462,0,0,0.0,4,TERMINAL_PRESS,-0.0108,0.0221,-0.1384,0.0957
2424,58.86,35.9858,-17.4223,1.1576,-0.0109,0.0227,-0.1369,0.817,0.169,0.972,36.1244,-17.5185,0.2,0.0,0.0,0.0,0.1778,-0.1298,-0.7933,0.8232,-0.0758,1,1,2,0.9,0.54,0.46,0,0,0.0,4,TERMINAL_PRESS,-0.0109,0.0227,-0.1386,0.0962
2425,58.873,35.9856,-17.4219,1.1549,-0.0108,0.0222,-0.1369,0.814,0.169,0.97,36.1244,-17.5185,0.2,0.0,0.0,0.0,0.1781,-0.1301,-0.7933,0.8233,-0.1102,1,1,2,0.902,0.54,0.46,0,0,0.0,4,TERMINAL_PRESS,-0.0108,0.0222,-0.1388,0.0966
2426,58.886,35.9854,-17.4214,1.1522,-0.0107,0.0233,-0.1376,0.812,0.17,0.967,36.1244,-17.5185,0.2,0.0,0.0,0.0,0.1783,-0.1311,-0.7921,0.8225,-0.0791,1,1,2,0.902,0.542,0.458,0,0,0.0,4,TERMINAL_PRESS,-0.0107,0.0233,-0.139,0.0971
2427,58.898,35.9852,-17.4209,1.1494,-0.009,0.023,-0.1373,0.809,0.17,0.965,36.1244,-17.5185,0.2,0.0,0.0,0.0,0.1778,-0.1316,-0.7926,0.8228,-0.1169,1,1,2,0.903,0.542,0.458,0,0,0.0,4,TERMINAL_PRESS,-0.009,0.023,-0.1392,0.0976
2428,58.911,35.9851,-17.4205,1.1467,-0.0077,0.0236,-0.1371,0.806,0.17,0.962,36.1244,-17.5185,0.2,0.0,0.0,0.0,0.1774,-0.1325,-0.7929,0.8232,-0.0738,1,1,2,0.903,0.539,0.461,0,0,0.0,4,TERMINAL_PRESS,-0.0077,0.0236,-0.1394,0.098
2429,58.925,35.9849,-17.42,1.1439,-0.0052,0.0223,-0.1371,0.803,0.171,0.959,36.1244,-17.5185,0.2,0.0,0.0,0.0,0.1765,-0.1325,-0.793,0.8231,-0.1117,1,1,2,0.904,0.541,0.459,0,0,0.0,4,TERMINAL_PRESS,-0.0052,0.0223,-0.1395,0.0985
2430,58.937,35.9849,-17.4196,1.1412,-0.0033,0.0223,-0.137,0.801,0.171,0.957,36.1244,-17.5185,0.2,0.0,0.0,0.0,0.1758,-0.133,-0.7931,0.8232,-0.0683,1,1,2,0.903,0.54,0.46,0,0,0.0,4,TERMINAL_PRESS,-0.0033,0.0223,-0.1395,0.0989
2431,58.95,35.9849,-17.4191,1.1384,-0.0005,0.0207,-0.137,0.798,0.171,0.954,36.1244,-17.5185,0.2,0.0,0.0,0.0,0.1746,-0.1329,-0.7932,0.8229,-0.1063,1,1,2,0.904,0.542,0.458,0,0,0.0,4,TERMINAL_PRESS,-0.0005,0.0207,-0.1395,0.0994
2432,58.961,35.9849,-17.4187,1.1357,0.0015,0.0207,-0.1374,0.795,0.172,0.951,36.1244,-17.5185,0.2,0.0,0.0,0.0,0.1738,-0.1334,-0.7924,0.8221,-0.0657,1,1,2,0.904,0.54,0.46,0,0,0.0,4,TERMINAL_PRESS,0.0015,0.0207,-0.1395,0.0998
2433,58.976,35.985,-17.4183,1.133,0.0041,0.0195,-0.1372,0.792,0.172,0.949,36.1244,-17.5185,0.2,0.0,0.0,0.0,0.1726,-0.1333,-0.7927,0.8221,-0.1057,1,1,2,0.904,0.541,0.459,0,0,0.0,4,TERMINAL_PRESS,0.0041,0.0195,-0.1394,0.1002
2434,58.988,35.9851,-17.4179,1.1302,0.0057,0.0201,-0.1372,0.79,0.172,0.946,36.1244,-17.5185,0.2,0.0,0.0,0.0,0.1718,-0.1341,-0.7927,0.8221,-0.0745,1,1,2,0.903,0.539,0.461,0,0,0.0,4,TERMINAL_PRESS,0.0057,0.0201,-0.1393,0.1006
2435,59.0,35.9852,-17.4175,1.1275,0.0077,0.0197,-0.1371,0.787,0.172,0.943,36.1244,-17.5185,0.2,0.0,0.0,0.0,0.1707,-0.1345,-0.7929,0.8221,-0.1144,1,1,2,0.904,0.54,0.46,0,0,0.0,4,TERMINAL_PRESS,0.0077,0.0197,-0.1392,0.101
2436,59.013,35.9854,-17.4171,1.1247,0.0083,0.0208,-0.1371,0.784,0.172,0.941,36.1244,-17.5185,0.2,0.0,0.0,0.0,0.1703,-0.1354,-0.793,0.8223,-0.0738,1,1,2,0.903,0.538,0.462,0,0,0.0,4,TERMINAL_PRESS,0.0083,0.0208,-0.139,0.1014
2437,59.025,35.9856,-17.4167,1.122,0.0088,0.0202,-0.137,0.781,0.172,0.938,36.1244,-17.5185,0.2,0.0,0.0,0.0,0.1698,-0.1357,-0.7931,0.8223,-0.1132,1,1,2,0.903,0.541,0.459,0,0,0.0,4,TERMINAL_PRESS,0.0088,0.0202,-0.1388,0.1018
2438,59.037,35.9857,-17.4163,1.1192,0.0079,0.0214,-0.1371,0.779,0.172,0.935,36.1244,-17.5185,0.2,0.0,0.0,0.0,0.17,-0.1367,-0.7929,0.8224,-0.0793,1,1,2,0.903,0.538,0.462,0,0,0.0,4,TERMINAL_PRESS,0.0079,0.0214,-0.1387,0.1022
2439,59.049,35.9859,-17.4159,1.1165,0.0068,0.0212,-0.137,0.776,0.172,0.933,36.1244,-17.5185,0.2,0.0,0.0,0.0,0.1703,-0.1372,-0.793,0.8226,-0.1182,1,1,2,0.905,0.541,0.459,0,0,0.0,4,TERMINAL_PRESS,0.0068,0.0212,-0.1385,0.1026
2440,59.061,35.986,-17.4154,1.1138,0.0055,0.0225,-0.137,0.773,0.173,0.93,36.1244,-17.5185,0.2,0.0,0.0,0.0,0.1707,-0.1383,-0.7931,0.823,-0.077,1,1,2,0.904,0.539,0.461,0,0,0.0,4,TERMINAL_PRESS,0.0055,0.0225,-0.1384,0.1031
2441,59.072,35.9861,-17.415,1.111,0.0053,0.0223,-0.137,0.771,0.173,0.927,36.1244,-17.5185,0.2,0.0,0.0,0.0,0.1707,-0.1387,-0.7932,0.8231,-0.1159,1,1,2,0.905,0.542,0.458,0,0,0.0,4,TERMINAL_PRESS,0.0053,0.0223,-0.1383,0.1035
2442,59.084,35.9862,-17.4145,1.1083,0.0046,0.0238,-0.1371,0.768,0.173,0.925,36.1244,-17.5185,0.2,0.0,0.0,0.0,0.1709,-0.14,-0.793,0.8232,-0.0897,1,1,2,0.905,0.54,0.46,0,0,0.0,4,TERMINAL_PRESS,0.0046,0.0238,-0.1382,0.104
2443,59.096,35.9863,-17.414,1.1055,0.0048,0.0241,-0.137,0.765,0.173,0.922,36.1244,-17.5185,0.2,0.0,0.0,0.0,0.1706,-0.1407,-0.7931,0.8233,-0.1287,1,1,2,0.906,0.541,0.459,0,0,0.0,4,TERMINAL_PRESS,0.0048,0.0241,-0.1381,0.1045
2444,59.107,35.9864,-17.4135,1.1028,0.0039,0.0253,-0.137,0.762,0.173,0.919,36.1244,-17.5185,0.2,0.0,0.0,0.0,0.1709,-0.1418,-0.7932,0.8237,-0.0871,1,1,2,0.905,0.539,0.461,0,0,0.0,4,TERMINAL_PRESS,0.0039,0.0253,-0.138,0.105
2445,59.119,35.9864,-17.413,1.1001,0.0034,0.0243,-0.1369,0.76,0.174,0.917,36.1244,-17.5185,0.2,0.0,0.0,0.0,0.171,-0.142,-0.7932,0.8238,-0.1258,1,1,2,0.906,0.54,0.46,0,0,0.0,4,TERMINAL_PRESS,0.0034,0.0243,-0.138,0.1055
2446,59.131,35.9865,-17.4125,1.0973,0.0016,0.0246,-0.137,0.757,0.174,0.914,36.1244,-17.5185,0.2,0.0,0.0,0.0,0.1718,-0.1427,-0.7931,0.8239,-0.0884,1,1,2,0.905,0.539,0.461,0,0,0.0,4,TERMINAL_PRESS,0.0016,0.0246,-0.1379,0.106
2447,59.142,35.9865,-17.4121,1.0946,-0.0002,0.0231,-0.137,0.754,0.174,0.911,36.1244,-17.5185,0.2,0.0,0.0,0.0,0.1725,-0.1427,-0.7931,0.8241,-0.1267,1,1,2,0.906,0.541,0.459,0,0,0.0,4,TERMINAL_PRESS,-0.0002,0.0231,-0.1379,0.1064
2448,59.154,35.9864,-17.4116,1.0918,-0.0026,0.0228,-0.1369,0.751,0.175,0.909,36.1244,-17.5185,0.2,0.0,0.0,0.0,0.1736,-0.1431,-0.7932,0.8245,-0.0849,1,1,2,0.906,0.539,0.461,0,0,0.0,4,TERMINAL_PRESS,-0.0026,0.0228,-0.138,0.1069
2449,59.166,35.9863,-17.4112,1.0891,-0.0043,0.0207,-0.1369,0.749,0.175,0.906,36.1244,-17.5185,0.2,0.0,0.0,0.0,0.1744,-0.1428,-0.7932,0.8246,-0.1229,1,1,2,0.907,0.54,0.46,0,0,0.0,4,TERMINAL_PRESS,-0.0043,0.0207,-0.1381,0.1073
2450,59.178,35.9862,-17.4108,1.0864,-0.0069,0.0201,-0.137,0.746,0.175,0.904,36.1244,-17.5185,0.2,0.0,0.0,0.0,0.1757,-0.143,-0.7931,0.8248,-0.0833,1,1,2,0.906,0.54,0.46,0,0,0.0,4,TERMINAL_PRESS,-0.0069,0.0201,-0.1382,0.1077
2451,59.189,35.986,-17.4104,1.0836,-0.0091,0.0182,-0.137,0.743,0.176,0.901,36.1244,-17.5185,0.2,0.0,0.0,0.0,0.1768,-0.1427,-0.7931,0.825,-0.121,1,1,2,0.907,0.54,0.46,0,0,0.0,4,TERMINAL_PRESS,-0.0091,0.0182,-0.1384,0.1081
2452,59.201,35.9858,-17.4101,1.0809,-0.0118,0.0179,-0.137,0.74,0.176,0.898,36.1244,-17.5185,0.2,0.0,0.0,0.0,0.1783,-0.143,-0.7931,0.8254,-0.0786,1,1,2,0.906,0.54,0.46,0,0,0.0,4,TERMINAL_PRESS,-0.0118,0.0179,-0.1386,0.1084
2453,59.213,35.9855,-17.4098,1.0781,-0.0139,0.0163,-0.137,0.738,0.176,0.896,36.1244,-17.5185,0.2,0.0,0.0,0.0,0.1794,-0.1428,-0.7931,0.8256,-0.116,1,1,2,0.907,0.539,0.461,0,0,0.0,4,TERMINAL_PRESS,-0.0139,0.0163,-0.1389,0.1087
2454,59.224,35.9852,-17.4094,1.0754,-0.0167,0.0168,-0.1372,0.735,0.177,0.893,36.1244,-17.5185,0.2,0.0,0.0,0.0,0.1811,-0.1434,-0.7928,0.8258,-0.0825,1,1,2,0.908,0.542,0.458,0,0,0.0,4,TERMINAL_PRESS,-0.0167,0.0168,-0.1393,0.1091
2455,59.237,35.9848,-17.4091,1.0727,-0.0191,0.0163,-0.1372,0.732,0.177,0.891,36.1244,-17.5185,0.2,0.0,0.0,0.0,0.1825,-0.1436,-0.7928,0.8261,-0.1187,1,1,2,0.909,0.544,0.456,0,0,0.0,4,TERMINAL_PRESS,-0.0191,0.0163,-0.1396,0.1094
2456,59.247,35.9844,-17.4087,1.0699,-0.0207,0.0174,-0.1372,0.729,0.178,0.888,36.1244,-17.5185,0.2,0.0,0.0,0.0,0.1837,-0.1445,-0.7928,0.8266,-0.0859,1,1,2,0.909,0.545,0.455,0,0,0.0,4,TERMINAL_PRESS,-0.0207,0.0174,-0.14,0.1098
2457,59.258,35.984,-17.4084,1.0672,-0.0205,0.0172,-0.1371,0.727,0.178,0.885,36.1244,-17.5185,0.2,0.0,0.0,0.0,0.1841,-0.1448,-0.793,0.8269,-0.1235,1,1,2,0.911,0.547,0.453,0,0,0.0,4,TERMINAL_PRESS,-0.0205,0.0172,-0.1405,0.1101
2458,59.269,35.9835,-17.408,1.0644,-0.0203,0.0183,-0.137,0.724,0.179,0.883,36.1244,-17.5185,0.2,0.0,0.0,0.0,0.1846,-0.1457,-0.7932,0.8273,-0.0798,1,1,2,0.911,0.544,0.456,0,0,0.0,4,TERMINAL_PRESS,-0.0203,0.0183,-0.1409,0.1105
2459,59.279,35.9832,-17.4077,1.0617,-0.0188,0.0175,-0.1369,0.721,0.18,0.88,36.1244,-17.5185,0.2,0.0,0.0,0.0,0.1844,-0.1458,-0.7932,0.8273,-0.1177,1,1,2,0.912,0.542,0.458,0,0,0.0,4,TERMINAL_PRESS,-0.0188,0.0175,-0.1412,0.1108
2460,59.291,35.9828,-17.4073,1.059,-0.0175,0.0183,-0.1369,0.718,0.18,0.878,36.1244,-17.5185,0.2,0.0,0.0,0.0,0.1843,-0.1466,-0.7933,0.8275,-0.0736,1,1,2,0.911,0.542,0.458,0,0,0.0,4,SETTLE_PHASE,-0.0175,0.0183,-0.1416,0.1112
2461,59.304,35.9825,-17.407,1.0565,-0.015,0.0175,-0.122,0.716,0.18,0.875,36.1244,-17.5185,0.2,0.0,0.0,0.0,0.1836,-0.1467,-0.8185,0.8516,-0.1133,1,1,2,0.913,0.542,0.458,0,0,0.0,4,SETTLE_PHASE,-0.015,0.0175,-0.1419,0.1115
2462,59.315,35.9823,-17.4066,1.0543,-0.013,0.0188,-0.1132,0.714,0.181,0.873,36.1244,-17.5185,0.2,0.0,0.0,0.0,0.1831,-0.1477,-0.8336,0.8662,-0.1233,1,1,2,0.915,0.551,0.449,0,0,0.0,4,SETTLE_PHASE,-0.013,0.0188,-0.1422,0.1119
2463,59.327,35.9821,-17.4062,1.0521,-0.0101,0.0188,-0.1075,0.712,0.181,0.871,36.1244,-17.5185,0.2,0.0,0.0,0.0,0.1822,-0.1482,-0.8432,0.8753,-0.094,1,1,2,0.915,0.552,0.448,0,0,0.0,4,SETTLE_PHASE,-0.0101,0.0188,-0.1424,0.1123
2464,59.337,35.982,-17.4059,1.05,-0.0047,0.0165,-0.1033,0.71,0.182,0.869,36.1244,-17.5185,0.2,0.0,0.0,0.0,0.18,-0.1477,-0.8503,0.8816,-0.1352,1,1,2,0.917,0.547,0.453,0,0,0.0,4,SETTLE_PHASE,-0.0047,0.0165,-0.1424,0.1126
2465,59.348,35.982,-17.4056,1.048,0.0014,0.0144,-0.1006,0.708,0.182,0.867,36.1244,-17.5185,0.2,0.0,0.0,0.0,0.1775,-0.1471,-0.855,0.8855,-0.0929,1,1,2,0.917,0.549,0.451,0,0,0.0,4,SETTLE_PHASE,0.0014,0.0144,-0.1424,0.1129
2466,59.36,35.9822,-17.4054,1.046,0.0093,0.0096,-0.0991,0.706,0.182,0.865,36.1244,-17.5185,0.2,0.0,0.0,0.0,0.1739,-0.1454,-0.8576,0.8871,-0.1341,1,1,2,0.919,0.547,0.453,0,0,0.0,4,SETTLE_PHASE,0.0093,0.0096,-0.1422,0.1131
2467,59.371,35.9825,-17.4053,1.0441,0.0174,0.0055,-0.0981,0.704,0.182,0.863,36.1244,-17.5185,0.2,0.0,0.0,0.0,0.1701,-0.1438,-0.8593,0.8877,-0.0919,1,1,2,0.918,0.547,0.453,0,0,0.0,4,SETTLE_PHASE,0.0174,0.0055,-0.1419,0.1132
2468,59.382,35.9831,-17.4053,1.0421,0.0268,-0.0009,-0.0977,0.702,0.181,0.861,36.1244,-17.5185,0.2,0.0,0.0,0.0,0.1655,-0.1411,-0.86,0.887,-0.1336,1,1,2,0.919,0.55,0.45,0,0,0.0,4,SETTLE_PHASE,0.0268,-0.0009,-0.1414,0.1132
2469,59.394,35.9838,-17.4054,1.0402,0.036,-0.0063,-0.0975,0.7,0.18,0.859,36.1244,-17.5185,0.2,0.0,0.0,0.0,0.1607,-0.1387,-0.8603,0.8861,-0.0914,1,1,2,0.919,0.548,0.452,0,0,0.0,4,SETTLE_PHASE,0.036,-0.0063,-0.1406,0.1131
2470,59.406,35.9847,-17.4057,1.0382,0.0462,-0.0134,-0.0976,0.698,0.18,0.857,36.1244,-17.5185,0.2,0.0,0.0,0.0,0.1553,-0.1354,-0.8601,0.8845,-0.1322,1,1,2,0.92,0.551,0.449,0,0,0.0,4,SETTLE_PHASE,0.0462,-0.0134,-0.1397,0.1128
2471,59.418,35.9859,-17.4061,1.0369,0.0573,-0.0201,-0.0653,0.696,0.178,0.856,36.1244,-17.5185,0.2,0.0,0.0,0.0,0.1492,-0.1321,-0.9151,0.9365,-0.0865,1,1,2,0.919,0.548,0.452,0,0,0.0,4,SETTLE_PHASE,0.0573,-0.0201,-0.1386,0.1124
2472,59.43,35.9872,-17.4067,1.036,0.0683,-0.028,-0.0449,0.696,0.177,0.855,36.1244,-17.5185,0.2,0.0,0.0,0.0,0.1429,-0.1281,-0.9497,0.9689,-0.115,1,1,2,0.916,0.552,0.448,0,0,0.0,4,SETTLE_PHASE,0.0683,-0.028,-0.1372,0.1118
2473,59.443,35.9888,-17.4073,1.0354,0.0775,-0.0333,-0.0316,0.695,0.175,0.854,36.1244,-17.5185,0.2,0.0,0.0,0.0,0.1371,-0.125,-0.9723,0.9898,-0.0944,1,1,2,0.915,0.552,0.448,0,0,0.0,4,SETTLE_PHASE,0.0775,-0.0333,-0.1356,0.1112
2474,59.455,35.9904,-17.4081,1.0349,0.0818,-0.0382,-0.0231,0.694,0.174,0.853,36.1244,-17.5185,0.2,0.0,0.0,0.0,0.1333,-0.122,-0.9868,1.0032,-0.1248,1,1,2,0.913,0.548,0.452,0,0,0.0,4,SETTLE_PHASE,0.0818,-0.0382,-0.134,0.1104
2475,59.467,35.9921,-17.4089,1.0346,0.0846,-0.0411,-0.0173,0.694,0.172,0.852,36.1244,-17.5185,0.2,0.0,0.0,0.0,0.13,-0.1197,-0.9966,1.0122,-0.1055,1,1,2,0.913,0.547,0.453,0,0,0.0,4,SETTLE_PHASE,0.0846,-0.0411,-0.1323,0.1096
2476,59.481,35.9938,-17.4098,1.0343,0.0839,-0.0443,-0.0143,0.694,0.17,0.851,36.1244,-17.5185,0.2,0.0,0.0,0.0,0.1281,-0.1173,-1.0017,1.0167,-0.1205,1,1,2,0.911,0.543,0.457,0,0,0.0,4,SETTLE_PHASE,0.0839,-0.0443,-0.1306,0.1087
2477,59.494,35.9954,-17.4107,1.0341,0.0828,-0.0462,-0.0115,0.694,0.168,0.851,36.1244,-17.5185,0.2,0.0,0.0,0.0,0.1265,-0.1153,-1.0064,1.0209,-0.0966,1,1,2,0.91,0.542,0.458,0,0,0.0,4,SETTLE_PHASE,0.0828,-0.0462,-0.129,0.1078
2478,59.505,35.997,-17.4117,1.0339,0.0783,-0.0481,-0.0098,0.693,0.166,0.85,36.1244,-17.5185,0.2,0.0,0.0,0.0,0.1264,-0.1133,-1.0093,1.0235,-0.1173,1,1,2,0.908,0.539,0.461,0,0,0.0,4,SETTLE_PHASE,0.0783,-0.0481,-0.1274,0.1068
2479,59.515,35.9985,-17.4127,1.0337,0.0733,-0.0483,-0.0093,0.693,0.165,0.85,36.1244,-17.5185,0.2,0.0,0.0,0.0,0.1266,-0.112,-1.0102,1.0242,-0.0975,1,1,2,0.908,0.54,0.46,0,0,0.0,4,SETTLE_PHASE,0.0733,-0.0483,-0.126,0.1058
2480,59.527,35.9998,-17.4136,1.0335,0.0654,-0.0489,-0.0085,0.693,0.163,0.849,36.1244,-17.5185,0.2,0.0,0.0,0.0,0.1283,-0.1105,-1.0115,1.0256,-0.1129,1,1,2,0.906,0.535,0.465,0,0,0.0,4,SETTLE_PHASE,0.0654,-0.0489,-0.1246,0.1049
2481,59.537,36.0009,-17.4146,1.0334,0.0577,-0.0482,-0.0079,0.693,0.161,0.849,36.1244,-17.5185,0.2,0.0,0.0,0.0,0.1301,-0.1096,-1.0125,1.0267,-0.0951,1,1,2,0.906,0.536,0.464,0,0,0.0,4,SETTLE_PHASE,0.0577,-0.0482,-0.1235,0.1039
2482,59.549,36.0019,-17.4156,1.0332,0.0476,-0.0474,-0.0078,0.693,0.16,0.848,36.1244,-17.5185,0.2,0.0,0.0,0.0,0.1331,-0.1087,-1.0127,1.0272,-0.1214,1,1,2,0.906,0.536,0.464,0,0,0.0,4,SETTLE_PHASE,0.0476,-0.0474,-0.1225,0.1029
2483,59.56,36.0026,-17.4165,1.0331,0.0381,-0.0451,-0.0077,0.693,0.159,0.848,36.1244,-17.5185,0.2,0.0,0.0,0.0,0.0967,-0.0775,-1.013,1.0205,-0.1035,1,1,2,0.907,0.536,0.464,0,0,0.0,4,SETTLE_PHASE,0.0381,-0.0451,-0.1218,0.102
2484,59.571,36.0032,-17.4173,1.0329,0.0277,-0.0433,-0.0076,0.692,0.158,0.848,36.1244,-17.5185,0.2,0.0,0.0,0.0,0.0607,-0.0457,-1.013,1.0159,-0.1231,1,1,2,0.906,0.537,0.463,0,0,0.0,4,SETTLE_PHASE,0.0277,-0.0433,-0.1212,0.1012
2485,59.583,36.0036,-17.4181,1.0327,0.0192,-0.0407,-0.0077,0.692,0.157,0.847,36.1244,-17.5185,0.2,0.0,0.0,0.0,0.0253,-0.0133,-1.013,1.0134,-0.1047,1,1,2,0.907,0.537,0.463,0,0,0.0,4,SETTLE_PHASE,0.0192,-0.0407,-0.1208,0.1004
2486,59.594,36.0038,-17.4189,1.0326,0.0093,-0.0388,-0.0078,0.692,0.156,0.847,36.1244,-17.5185,0.2,0.0,0.0,0.0,-0.0039,0.0163,-1.0127,1.0129,-0.1184,1,1,2,0.906,0.537,0.463,0,0,0.0,4,SETTLE_PHASE,0.0093,-0.0388,-0.1206,0.0996
2487,59.606,36.0038,-17.4196,1.0324,0.001,-0.036,-0.0079,0.692,0.156,0.847,36.1244,-17.5185,0.2,0.0,0.0,0.0,-0.0004,0.0152,-1.0126,1.0127,-0.0996,1,1,2,0.907,0.538,0.462,0,0,0.0,4,SETTLE_PHASE,0.001,-0.036,-0.1206,0.0989
2488,59.617,36.0036,-17.4203,1.0323,-0.0089,-0.0336,-0.0082,0.692,0.156,0.847,36.1244,-17.5185,0.2,0.0,0.0,0.0,0.0037,0.0142,-1.0121,1.0122,-0.1288,1,1,2,0.908,0.539,0.461,0,0,0.0,4,SETTLE_PHASE,-0.0089,-0.0336,-0.1208,0.0982
2489,59.629,36.0033,-17.4209,1.0321,-0.0174,-0.0301,-0.0083,0.692,0.156,0.847,36.1244,-17.5185,0.2,0.0,0.0,0.0,0.0073,0.0127,-1.0118,1.0119,-0.0958,1,1,2,0.908,0.539,0.461,0,0,0.0,4,SETTLE_PHASE,-0.0174,-0.0301,-0.1212,0.0976
2490,59.64,36.0028,-17.4215,1.0319,-0.025,-0.0278,-0.0082,0.691,0.156,0.846,36.1244,-17.5185,0.2,0.0,0.0,0.0,0.0106,0.0117,-1.012,1.0121,-0.1317,1,1,2,0.91,0.544,0.456,0,0,0.0,4,SETTLE_PHASE,-0.025,-0.0278,-0.1217,0.097
2491,59.652,36.0021,-17.4219,1.0318,-0.0318,-0.0241,-0.0081,0.691,0.156,0.846,36.1244,-17.5185,0.2,0.0,0.0,0.0,0.0134,0.0102,-1.0122,1.0124,-0.0897,1,1,2,0.91,0.545,0.455,0,0,0.0,4,SETTLE_PHASE,-0.0318,-0.0241,-0.1223,0.0966
2492,59.663,36.0014,-17.4224,1.0316,-0.0361,-0.022,-0.0079,0.691,0.156,0.846,36.1244,-17.5185,0.2,0.0,0.0,0.0,0.0152,0.0093,-1.0126,1.0127,-0.1258,1,1,2,0.912,0.548,0.452,0,0,0.0,4,SETTLE_PHASE,-0.0361,-0.022,-0.123,0.0961
2493,59.675,36.0006,-17.4228,1.0315,-0.0398,-0.0182,-0.0077,0.691,0.157,0.846,36.1244,-17.5185,0.2,0.0,0.0,0.0,0.0168,0.0077,-1.0129,1.013,-0.0832,1,1,2,0.912,0.547,0.453,0,0,0.0,4,SETTLE_PHASE,-0.0398,-0.0182,-0.1238,0.0957
2494,59.687,35.9998,-17.4231,1.0313,-0.0413,-0.0156,-0.0076,0.691,0.157,0.846,36.1244,-17.5185,0.2,0.0,0.0,0.0,0.0174,0.0066,-1.0131,1.0133,-0.1196,1,1,2,0.913,0.55,0.45,0,0,0.0,4,SETTLE_PHASE,-0.0413,-0.0156,-0.1246,0.0954
2495,59.698,35.9989,-17.4233,1.0312,-0.0424,-0.011,-0.0076,0.691,0.158,0.846,36.1244,-17.5185,0.2,0.0,0.0,0.0,0.0179,0.0046,-1.0131,1.0132,-0.0926,1,1,2,0.913,0.548,0.452,0,0,0.0,4,SETTLE_PHASE,-0.0424,-0.011,-0.1255,0.0952
2496,59.71,35.9981,-17.4234,1.031,-0.0417,-0.0072,-0.0075,0.691,0.158,0.846,36.1244,-17.5185,0.2,0.0,0.0,0.0,0.0176,0.003,-1.0133,1.0134,-0.1296,1,1,2,0.914,0.548,0.452,0,0,0.0,4,SETTLE_PHASE,-0.0417,-0.0072,-0.1263,0.0951
2497,59.721,35.9973,-17.4235,1.0309,-0.0411,-0.0023,-0.0074,0.69,0.159,0.846,36.1244,-17.5185,0.2,0.0,0.0,0.0,0.0173,0.001,-1.0134,1.0136,-0.0866,1,1,2,0.913,0.549,0.451,0,0,0.0,4,TERMINAL_PRESS,-0.0411,-0.0023,-0.1271,0.095
2498,59.733,35.9965,-17.4235,1.0298,-0.0396,0.0,-0.0555,0.689,0.159,0.845,36.1244,-17.5185,0.2,0.0,0.0,0.0,0.0167,-0.0,-0.9317,0.9318,-0.1184,1,1,2,0.914,0.548,0.452,0,0,0.0,4,TERMINAL_PRESS,-0.0396,0.0,-0.1279,0.095
2499,59.744,35.9957,-17.4234,1.028,-0.0383,0.0038,-0.0859,0.688,0.16,0.843,36.1244,-17.5185,0.2,0.0,0.0,0.0,0.0551,-0.0288,-0.88,0.8822,-0.0861,1,1,2,0.914,0.549,0.451,0,0,0.0,4,TERMINAL_PRESS,-0.0383,0.0038,-0.1287,0.0951
2500,59.756,35.995,-17.4233,1.0259,-0.0362,0.0069,-0.1049,0.685,0.161,0.841,36.1244,-17.5185,0.2,0.0,0.0,0.0,0.0932,-0.058,-0.8478,0.8548,-0.1214,1,1,2,0.915,0.549,0.451,0,0,0.0,4,TERMINAL_PRESS,-0.0362,0.0069,-0.1294,0.0952
2501,59.767,35.9943,-17.423,1.0236,-0.034,0.0113,-0.1168,0.683,0.161,0.839,36.1244,-17.5185,0.2,0.0,0.0,0.0,0.1309,-0.0877,-0.8274,0.8422,-0.0843,1,1,2,0.915,0.548,0.452,0,0,0.0,4,TERMINAL_PRESS,-0.034,0.0113,-0.1301,0.0955
2502,59.779,35.9937,-17.4227,1.0211,-0.0304,0.0144,-0.1244,0.681,0.162,0.837,36.1244,-17.5185,0.2,0.0,0.0,0.0,0.1676,-0.1186,-0.8146,0.8401,-0.1214,1,1,2,0.916,0.551,0.449,0,0,0.0,4,TERMINAL_PRESS,-0.0304,0.0144,-0.1307,0.0958
2503,59.79,35.9932,-17.4224,1.0185,-0.0272,0.0188,-0.1291,0.678,0.163,0.835,36.1244,-17.5185,0.2,0.0,0.0,0.0,0.1755,-0.1281,-0.8065,0.8352,-0.0827,1,1,2,0.916,0.55,0.45,0,0,0.0,4,TERMINAL_PRESS,-0.0272,0.0188,-0.1313,0.0961
2504,59.802,35.9927,-17.4219,1.0159,-0.023,0.0217,-0.1321,0.675,0.163,0.832,36.1244,-17.5185,0.2,0.0,0.0,0.0,0.1743,-0.1298,-0.8014,0.8303,-0.1206,1,1,2,0.917,0.55,0.45,0,0,0.0,4,TERMINAL_PRESS,-0.023,0.0217,-0.1317,0.0966
2505,59.814,35.9923,-17.4214,1.0132,-0.0195,0.0259,-0.1341,0.673,0.164,0.83,36.1244,-17.5185,0.2,0.0,0.0,0.0,0.1733,-0.1322,-0.7981,0.8273,-0.084,1,1,2,0.916,0.549,0.451,0,0,0.0,4,TERMINAL_PRESS,-0.0195,0.0259,-0.1321,0.0971
2506,59.825,35.992,-17.4208,1.0105,-0.0153,0.0285,-0.1353,0.67,0.165,0.827,36.1244,-17.5185,0.2,0.0,0.0,0.0,0.1719,-0.134,-0.7961,0.8254,-0.1225,1,1,2,0.917,0.549,0.451,0,0,0.0,4,TERMINAL_PRESS,-0.0153,0.0285,-0.1324,0.0977
2507,59.837,35.9918,-17.4202,1.0078,-0.0122,0.0323,-0.136,0.667,0.165,0.824,36.1244,-17.5185,0.2,0.0,0.0,0.0,0.1709,-0.1364,-0.7949,0.8244,-0.0797,1,1,2,0.916,0.547,0.453,0,0,0.0,4,TERMINAL_PRESS,-0.0122,0.0323,-0.1327,0.0983
2508,59.849,35.9916,-17.4195,1.0051,-0.0087,0.0343,-0.1364,0.665,0.166,0.822,36.1244,-17.5185,0.2,0.0,0.0,0.0,0.1697,-0.1381,-0.794,0.8236,-0.1184,1,1,2,0.917,0.55,0.45,0,0,0.0,4,TERMINAL_PRESS,-0.0087,0.0343,-0.1328,0.099
2509,59.86,35.9914,-17.4188,1.0023,-0.0067,0.0378,-0.137,0.662,0.166,0.819,36.1244,-17.5185,0.2,0.0,0.0,0.0,0.169,-0.1406,-0.7932,0.8231,-0.0945,1,1,2,0.917,0.547,0.453,0,0,0.0,4,TERMINAL_PRESS,-0.0067,0.0378,-0.133,0.0997
2510,59.872,35.9914,-17.418,0.9996,-0.0045,0.0399,-0.137,0.659,0.167,0.817,36.1244,-17.5185,0.2,0.0,0.0,0.0,0.1682,-0.1424,-0.793,0.8231,-0.1332,1,1,2,0.918,0.549,0.451,0,0,0.0,4,TERMINAL_PRESS,-0.0045,0.0399,-0.1331,0.1005
2511,59.883,35.9913,-17.4171,0.9968,-0.0031,0.0423,-0.137,0.656,0.167,0.814,36.1244,-17.5185,0.2,0.0,0.0,0.0,0.1677,-0.1445,-0.7931,0.8234,-0.0907,1,1,2,0.917,0.55,0.45,0,0,0.0,4,TERMINAL_PRESS,-0.0031,0.0423,-0.1331,0.1014
2512,59.895,35.9913,-17.4163,0.9941,-0.001,0.0422,-0.137,0.654,0.168,0.812,36.1244,-17.5185,0.2,0.0,0.0,0.0,0.1668,-0.1455,-0.7931,0.8235,-0.1296,1,1,2,0.918,0.551,0.449,0,0,0.0,4,TERMINAL_PRESS,-0.001,0.0422,-0.1331,0.1022
2513,59.905,35.9913,-17.4154,0.9914,0.0002,0.0427,-0.1369,0.651,0.168,0.809,36.1244,-17.5185,0.2,0.0,0.0,0.0,0.1663,-0.1468,-0.7933,0.8237,-0.0869,1,1,2,0.918,0.547,0.453,0,0,0.0,4,TERMINAL_PRESS,0.0002,0.0427,-0.1331,0.1031
2514,59.916,35.9913,-17.4146,0.9886,0.0019,0.0409,-0.1369,0.648,0.169,0.806,36.1244,-17.5185,0.2,0.0,0.0,0.0,0.1656,-0.147,-0.7933,0.8236,-0.1257,1,1,2,0.919,0.55,0.45,0,0,0.0,4,TERMINAL_PRESS,0.0019,0.0409,-0.1331,0.1039
2515,59.927,35.9914,-17.4138,0.9859,0.0023,0.0402,-0.1368,0.645,0.169,0.804,36.1244,-17.5185,0.2,0.0,0.0,0.0,0.1653,-0.1477,-0.7934,0.8238,-0.0828,1,1,2,0.918,0.547,0.453,0,0,0.0,4,TERMINAL_PRESS,0.0023,0.0402,-0.133,0.1047
2516,59.937,35.9914,-17.413,0.9831,0.003,0.0375,-0.1368,0.643,0.17,0.801,36.1244,-17.5185,0.2,0.0,0.0,0.0,0.165,-0.1475,-0.7934,0.8237,-0.1213,1,1,2,0.918,0.552,0.448,0,0,0.0,4,TERMINAL_PRESS,0.003,0.0375,-0.133,0.1055
2517,59.948,35.9915,-17.4123,0.9804,0.0022,0.0363,-0.1369,0.64,0.17,0.799,36.1244,-17.5185,0.2,0.0,0.0,0.0,0.1652,-0.1479,-0.7932,0.8237,-0.0844,1,1,2,0.918,0.55,0.45,0,0,0.0,4,TERMINAL_PRESS,0.0022,0.0363,-0.1329,0.1062
2518,59.959,35.9915,-17.4117,0.9777,0.0014,0.0334,-0.1369,0.637,0.171,0.796,36.1244,-17.5185,0.2,0.0,0.0,0.0,0.1656,-0.1476,-0.7933,0.8237,-0.1226,1,1,2,0.919,0.555,0.445,0,0,0.0,4,TERMINAL_PRESS,0.0014,0.0334,-0.1329,0.1068
2519,59.971,35.9915,-17.411,0.9749,0.0001,0.0319,-0.1368,0.634,0.171,0.794,36.1244,-17.5185,0.2,0.0,0.0,0.0,0.1661,-0.1477,-0.7934,0.8239,-0.0792,1,1,2,0.919,0.549,0.451,0,0,0.0,4,TERMINAL_PRESS,0.0001,0.0319,-0.1329,0.1075
2520,59.982,35.9915,-17.4104,0.9722,-0.0002,0.0286,-0.1368,0.632,0.171,0.791,36.1244,-17.5185,0.2,0.0,0.0,0.0,0.1662,-0.147,-0.7934,0.8238,-0.1172,1,1,2,0.92,0.555,0.445,0,0,0.0,4,TERMINAL_PRESS,-0.0002,0.0286,-0.1329,0.1081
2521,59.993,35.9915,-17.4099,0.9695,-0.0013,0.0269,-0.1373,0.629,0.172,0.788,36.1244,-17.5185,0.2,0.0,0.0,0.0,0.1667,-0.147,-0.7926,0.8231,-0.0764,1,1,2,0.919,0.549,0.451,0,0,0.0,4,TERMINAL_PRESS,-0.0013,0.0269,-0.1329,0.1086
2522,60.004,35.9914,-17.4094,0.9667,-0.0017,0.0238,-0.1372,0.626,0.172,0.786,36.1244,-17.5185,0.2,0.0,0.0,0.0,0.1669,-0.1463,-0.7928,0.8233,-0.1164,1,1,2,0.92,0.554,0.446,0,0,0.0,4,TERMINAL_PRESS,-0.0017,0.0238,-0.133,0.1091
2523,60.015,35.9914,-17.409,0.964,-0.0029,0.0226,-0.137,0.623,0.172,0.783,36.1244,-17.5185,0.2,0.0,0.0,0.0,0.1675,-0.1464,-0.793,0.8237,-0.0746,1,1,2,0.919,0.548,0.452,0,0,0.0,4,TERMINAL_PRESS,-0.0029,0.0226,-0.133,0.1095
2524,60.026,35.9913,-17.4086,0.9612,-0.0037,0.0203,-0.137,0.621,0.173,0.781,36.1244,-17.5185,0.2,0.0,0.0,0.0,0.1679,-0.1459,-0.7931,0.8237,-0.1141,1,1,2,0.92,0.551,0.449,0,0,0.0,4,TERMINAL_PRESS,-0.0037,0.0203,-0.1331,0.1099
2525,60.037,35.9912,-17.4082,0.9585,-0.0055,0.0203,-0.1372,0.618,0.173,0.778,36.1244,-17.5185,0.2,0.0,0.0,0.0,0.1688,-0.1464,-0.7928,0.8236,-0.0901,1,1,2,0.92,0.549,0.451,0,0,0.0,4,TERMINAL_PRESS,-0.0055,0.0203,-0.1332,0.1103
2526,60.048,35.9911,-17.4078,0.9557,-0.007,0.0194,-0.1371,0.615,0.173,0.775,36.1244,-17.5185,0.2,0.0,0.0,0.0,0.1696,-0.1465,-0.7928,0.8239,-0.1278,1,1,2,0.921,0.555,0.445,0,0,0.0,4,TERMINAL_PRESS,-0.007,0.0194,-0.1334,0.1107
2527,60.059,35.9909,-17.4074,0.953,-0.0082,0.0196,-0.137,0.612,0.174,0.773,36.1244,-17.5185,0.2,0.0,0.0,0.0,0.1704,-0.1471,-0.793,0.8244,-0.0855,1,1,2,0.921,0.551,0.449,0,0,0.0,4,TERMINAL_PRESS,-0.0082,0.0196,-0.1335,0.1111
2528,60.071,35.9907,-17.407,0.9503,-0.0082,0.0181,-0.137,0.61,0.174,0.77,36.1244,-17.5185,0.2,0.0,0.0,0.0,0.1706,-0.1469,-0.7931,0.8245,-0.1247,1,1,2,0.922,0.553,0.447,0,0,0.0,4,TERMINAL_PRESS,-0.0082,0.0181,-0.1337,0.1115
2529,60.082,35.9906,-17.4067,0.9475,-0.0085,0.0181,-0.1369,0.607,0.174,0.768,36.1244,-17.5185,0.2,0.0,0.0,0.0,0.1709,-0.1474,-0.5772,0.6198,-0.0821,1,1,2,0.922,0.551,0.449,0,0,0.0,4,TERMINAL_PRESS,-0.0085,0.0181,-0.1339,0.1118
2530,60.093,35.9904,-17.4063,0.9448,-0.0078,0.0167,-0.1369,0.604,0.175,0.765,36.1244,-17.5185,0.2,0.0,0.0,0.0,0.1708,-0.1472,-0.5773,0.6197,-0.1212,1,1,2,0.923,0.554,0.446,0,0,0.0,4,TERMINAL_PRESS,-0.0078,0.0167,-0.134,0.1122
2531,60.104,35.9902,-17.406,0.942,-0.0075,0.0172,-0.137,0.602,0.175,0.762,36.1244,-17.5185,0.2,0.0,0.0,0.0,0.1709,-0.1478,-0.5772,0.6198,-0.0851,1,1,2,0.922,0.551,0.449,0,0,0.0,4,TERMINAL_PRESS,-0.0075,0.0172,-0.1342,0.1125
2532,60.115,35.9901,-17.4057,0.9393,-0.0065,0.0167,-0.1369,0.599,0.175,0.76,36.1244,-17.5185,0.2,0.0,0.0,0.0,0.1706,-0.148,-0.5772,0.6198,-0.1242,1,1,2,0.923,0.553,0.447,0,0,0.0,4,TERMINAL_PRESS,-0.0065,0.0167,-0.1343,0.1128
2533,60.126,35.99,-17.4053,0.9366,-0.0064,0.0178,-0.1369,0.596,0.176,0.757,36.1244,-17.5185,0.2,0.0,0.0,0.0,0.1707,-0.149,-0.5772,0.6201,-0.0812,1,1,2,0.922,0.554,0.446,0,0,0.0,4,TERMINAL_PRESS,-0.0064,0.0178,-0.1344,0.1132
2534,60.137,35.9899,-17.4049,0.9338,-0.0059,0.0177,-0.1369,0.593,0.176,0.755,36.1244,-17.5185,0.2,0.0,0.0,0.0,0.1707,-0.1494,-0.5772,0.6202,-0.1202,1,1,2,0.923,0.553,0.447,0,0,0.0,4,TERMINAL_PRESS,-0.0059,0.0177,-0.1345,0.1136
2535,60.148,35.9897,-17.4045,0.9311,-0.0066,0.0197,-0.1372,0.591,0.176,0.752,36.1244,-17.5185,0.2,0.0,0.0,0.0,0.1711,-0.1507,-0.5767,0.6202,-0.0982,1,1,2,0.923,0.551,0.449,0,0,0.0,4,TERMINAL_PRESS,-0.0066,0.0197,-0.1347,0.114
2536,60.159,35.9896,-17.4041,0.9283,-0.007,0.0207,-0.1372,0.588,0.177,0.749,36.1244,-17.5185,0.2,0.0,0.0,0.0,0.1715,-0.1516,-0.5768,0.6206,-0.1354,1,1,2,0.924,0.558,0.442,0,0,0.0,4,TERMINAL_PRESS,-0.007,0.0207,-0.1348,0.1144
2537,60.17,35.9895,-17.4037,0.9256,-0.0074,0.0225,-0.1371,0.585,0.177,0.747,36.1244,-17.5185,0.2,0.0,0.0,0.0,0.1718,-0.1529,-0.577,0.6211,-0.0924,1,1,2,0.924,0.553,0.447,0,0,0.0,4,TERMINAL_PRESS,-0.0074,0.0225,-0.135,0.1148
2538,60.181,35.9893,-17.4032,0.9229,-0.0066,0.0221,-0.137,0.582,0.178,0.744,36.1244,-17.5185,0.2,0.0,0.0,0.0,0.1716,-0.1533,-0.5771,0.6213,-0.1313,1,1,2,0.925,0.557,0.443,0,0,0.0,4,TERMINAL_PRESS,-0.0066,0.0221,-0.1351,0.1153
2539,60.193,35.9892,-17.4028,0.9201,-0.0064,0.0229,-0.1369,0.58,0.178,0.742,36.1244,-17.5185,0.2,0.0,0.0,0.0,0.1717,-0.1542,-0.5772,0.6216,-0.0881,1,1,2,0.925,0.557,0.443,0,0,0.0,4,TERMINAL_PRESS,-0.0064,0.0229,-0.1352,0.1157
2540,60.204,35.9891,-17.4023,0.9174,-0.0053,0.0219,-0.1369,0.577,0.178,0.739,36.1244,-17.5185,0.2,0.0,0.0,0.0,0.1714,-0.1544,-0.5772,0.6216,-0.127,1,1,2,0.926,0.558,0.442,0,0,0.0,4,TERMINAL_PRESS,-0.0053,0.0219,-0.1353,0.1162
2541,60.215,35.989,-17.4019,0.9146,-0.0049,0.0225,-0.1369,0.574,0.179,0.737,36.1244,-17.5185,0.2,0.0,0.0,0.0,0.1713,-0.1552,-0.5773,0.6218,-0.0835,1,1,2,0.925,0.554,0.446,0,0,0.0,4,TERMINAL_PRESS,-0.0049,0.0225,-0.1354,0.1166
2542,60.226,35.9889,-17.4015,0.9119,-0.004,0.0216,-0.1369,0.571,0.179,0.734,36.1244,-17.5185,0.2,0.0,0.0,0.0,0.171,-0.1553,-0.5773,0.6218,-0.1223,1,1,2,0.926,0.559,0.441,0,0,0.0,4,TERMINAL_PRESS,-0.004,0.0216,-0.1355,0.117
2543,60.237,35.9888,-17.401,0.9092,-0.0039,0.0226,-0.137,0.569,0.179,0.732,36.1244,-17.5185,0.2,0.0,0.0,0.0,0.1711,-0.1563,-0.5771,0.6219,-0.0866,1,1,2,0.925,0.553,0.447,0,0,0.0,4,TERMINAL_PRESS,-0.0039,0.0226,-0.1356,0.1175
2544,60.248,35.9888,-17.4006,0.9064,-0.0035,0.0226,-0.137,0.566,0.18,0.729,36.1244,-17.5185,0.2,0.0,0.0,0.0,0.171,-0.1568,-0.5771,0.622,-0.1253,1,1,2,0.926,0.558,0.442,0,0,0.0,4,TERMINAL_PRESS,-0.0035,0.0226,-0.1357,0.1179
2545,60.26,35.9887,-17.4001,0.9037,-0.0042,0.0241,-0.137,0.563,0.18,0.726,36.1244,-17.5185,0.2,0.0,0.0,0.0,0.1714,-0.1581,-0.577,0.6224,-0.0855,1,1,2,0.925,0.558,0.442,0,0,0.0,4,SETTLE_PHASE,-0.0042,0.0241,-0.1357,0.1184
2546,60.271,35.9886,-17.3996,0.9012,-0.0046,0.0243,-0.1223,0.561,0.181,0.724,36.1244,-17.5185,0.2,0.0,0.0,0.0,0.1717,-0.1588,-0.602,0.6458,-0.1256,1,1,2,0.926,0.559,0.441,0,0,0.0,4,SETTLE_PHASE,-0.0046,0.0243,-0.1358,0.1189
2547,60.282,35.9885,-17.3991,0.899,-0.0055,0.0262,-0.1131,0.558,0.181,0.722,36.1244,-17.5185,0.2,0.0,0.0,0.0,0.1722,-0.1602,-0.6177,0.6609,-0.1348,1,1,2,0.929,0.563,0.437,0,0,0.0,4,SETTLE_PHASE,-0.0055,0.0262,-0.1359,0.1194
2548,60.293,35.9884,-17.3985,0.8968,-0.0057,0.0266,-0.1074,0.556,0.181,0.72,36.1244,-17.5185,0.2,0.0,0.0,0.0,0.1725,-0.1611,-0.6274,0.6703,-0.1158,1,1,2,0.93,0.562,0.438,0,0,0.0,4,SETTLE_PHASE,-0.0057,0.0266,-0.1361,0.12
2549,60.305,35.9883,-17.398,0.8948,-0.0029,0.0246,-0.1034,0.554,0.182,0.718,36.1244,-17.5185,0.2,0.0,0.0,0.0,0.1713,-0.1608,-0.6342,0.6763,-0.1475,1,1,2,0.931,0.555,0.445,0,0,0.0,4,SETTLE_PHASE,-0.0029,0.0246,-0.1361,0.1205
2550,60.316,35.9883,-17.3976,0.8927,0.001,0.0217,-0.1007,0.552,0.182,0.716,36.1244,-17.5185,0.2,0.0,0.0,0.0,0.1697,-0.1601,-0.6389,0.6801,-0.1076,1,1,2,0.931,0.566,0.434,0,0,0.0,4,SETTLE_PHASE,0.001,0.0217,-0.1361,0.1209
2551,60.327,35.9884,-17.3973,0.8908,0.0056,0.0158,-0.099,0.55,0.182,0.714,36.1244,-17.5185,0.2,0.0,0.0,0.0,0.1676,-0.1581,-0.6417,0.6818,-0.1502,1,1,2,0.932,0.558,0.442,0,0,0.0,4,SETTLE_PHASE,0.0056,0.0158,-0.136,0.1212
2552,60.339,35.9886,-17.3971,0.8888,0.0096,0.0103,-0.0979,0.548,0.182,0.712,36.1244,-17.5185,0.2,0.0,0.0,0.0,0.1657,-0.1561,-0.6436,0.6826,-0.1086,1,1,2,0.931,0.558,0.442,0,0,0.0,4,SETTLE_PHASE,0.0096,0.0103,-0.1358,0.1214
2553,60.349,35.9889,-17.397,0.8869,0.0143,0.002,-0.0974,0.546,0.182,0.711,36.1244,-17.5185,0.2,0.0,0.0,0.0,0.1634,-0.1527,-0.6443,0.682,-0.146,1,1,2,0.932,0.557,0.443,0,0,0.0,4,SETTLE_PHASE,0.0143,0.002,-0.1355,0.1215
2554,60.36,35.9893,-17.3972,0.8849,0.0183,-0.0055,-0.0971,0.544,0.182,0.709,36.1244,-17.5185,0.2,0.0,0.0,0.0,0.1613,-0.1494,-0.6449,0.6814,-0.1044,1,1,2,0.932,0.557,0.443,0,0,0.0,4,SETTLE_PHASE,0.0183,-0.0055,-0.1351,0.1213
2555,60.371,35.9897,-17.3975,0.883,0.0231,-0.015,-0.0971,0.542,0.181,0.707,36.1244,-17.5185,0.2,0.0,0.0,0.0,0.1587,-0.145,-0.645,0.6799,-0.1458,1,1,2,0.933,0.556,0.444,0,0,0.0,4,SETTLE_PHASE,0.0231,-0.015,-0.1347,0.121
2556,60.383,35.9903,-17.3979,0.881,0.0271,-0.0232,-0.097,0.541,0.18,0.705,36.1244,-17.5185,0.2,0.0,0.0,0.0,0.1564,-0.1411,-0.645,0.6785,-0.1039,1,1,2,0.932,0.558,0.442,0,0,0.0,4,SETTLE_PHASE,0.0271,-0.0232,-0.1341,0.1206
2557,60.394,35.9909,-17.3986,0.8791,0.0316,-0.0329,-0.0973,0.539,0.179,0.702,36.1244,-17.5185,0.2,0.0,0.0,0.0,0.1537,-0.1362,-0.6446,0.6765,-0.1444,1,1,2,0.932,0.556,0.444,0,0,0.0,4,SETTLE_PHASE,0.0316,-0.0329,-0.1335,0.1199
2558,60.406,35.9916,-17.3994,0.8778,0.0356,-0.0422,-0.0647,0.537,0.178,0.701,36.1244,-17.5185,0.2,0.0,0.0,0.0,0.1511,-0.1312,-0.7,0.728,-0.0984,1,1,2,0.931,0.56,0.44,0,0,0.0,4,SETTLE_PHASE,0.0356,-0.0422,-0.1328,0.1191
2559,60.418,35.9924,-17.4005,0.8769,0.0398,-0.0525,-0.0442,0.536,0.177,0.7,36.1244,-17.5185,0.2,0.0,0.0,0.0,0.1483,-0.1256,-0.7348,0.7601,-0.1258,1,1,2,0.932,0.56,0.44,0,0,0.0,4,SETTLE_PHASE,0.0398,-0.0525,-0.132,0.118
2560,60.429,35.9933,-17.4017,0.8763,0.0423,-0.06,-0.0311,0.536,0.176,0.699,36.1244,-17.5185,0.2,0.0,0.0,0.0,0.1462,-0.121,-0.7571,0.7805,-0.0817,1,1,2,0.93,0.558,0.442,0,0,0.0,4,SETTLE_PHASE,0.0423,-0.06,-0.1311,0.1168
2561,60.441,35.9942,-17.403,0.8758,0.0449,-0.0669,-0.0226,0.535,0.174,0.698,36.1244,-17.5185,0.2,0.0,0.0,0.0,0.144,-0.1163,-0.7716,0.7935,-0.1212,1,1,2,0.93,0.559,0.441,0,0,0.0,4,SETTLE_PHASE,0.0449,-0.0669,-0.1302,0.1155
2562,60.453,35.9951,-17.4044,0.8755,0.0458,-0.07,-0.017,0.535,0.172,0.697,36.1244,-17.5185,0.2,0.0,0.0,0.0,0.1425,-0.1133,-0.781,0.802,-0.078,1,1,2,0.928,0.556,0.444,0,0,0.0,4,SETTLE_PHASE,0.0458,-0.07,-0.1293,0.1141
2563,60.465,35.996,-17.4059,0.8752,0.0465,-0.0724,-0.0133,0.535,0.171,0.696,36.1244,-17.5185,0.2,0.0,0.0,0.0,0.141,-0.1105,-0.7874,0.8075,-0.1164,1,1,2,0.928,0.556,0.444,0,0,0.0,4,SETTLE_PHASE,0.0465,-0.0724,-0.1284,0.1126
2564,60.476,35.9969,-17.4073,0.875,0.0454,-0.0707,-0.0111,0.535,0.169,0.696,36.1244,-17.5185,0.2,0.0,0.0,0.0,0.1403,-0.1094,-0.7911,0.8108,-0.1091,1,1,2,0.927,0.556,0.444,0,0,0.0,4,SETTLE_PHASE,0.0454,-0.0707,-0.1275,0.1112
2565,60.488,35.9978,-17.4086,0.8748,0.0438,-0.068,-0.0103,0.534,0.168,0.695,36.1244,-17.5185,0.2,0.0,0.0,0.0,0.1399,-0.1088,-0.7925,0.8121,-0.1203,1,1,2,0.927,0.556,0.444,0,0,0.0,4,SETTLE_PHASE,0.0438,-0.068,-0.1266,0.1099
2566,60.499,35.9986,-17.4099,0.8746,0.0405,-0.0638,-0.0091,0.534,0.166,0.695,36.1244,-17.5185,0.2,0.0,0.0,0.0,0.1402,-0.1089,-0.7945,0.8141,-0.0997,1,1,2,0.926,0.552,0.448,0,0,0.0,4,SETTLE_PHASE,0.0405,-0.0638,-0.1258,0.1086
2567,60.51,35.9994,-17.4111,0.8745,0.0376,-0.0593,-0.0083,0.534,0.165,0.694,36.1244,-17.5185,0.2,0.0,0.0,0.0,0.1405,-0.1093,-0.796,0.8156,-0.1269,1,1,2,0.926,0.552,0.448,0,0,0.0,4,SETTLE_PHASE,0.0376,-0.0593,-0.1251,0.1074
2568,60.521,36.0,-17.4122,0.8743,0.033,-0.0532,-0.0078,0.534,0.164,0.694,36.1244,-17.5185,0.2,0.0,0.0,0.0,0.1416,-0.1105,-0.7967,0.8167,-0.0836,1,1,2,0.925,0.555,0.445,0,0,0.0,4,SETTLE_PHASE,0.033,-0.0532,-0.1244,0.1063
2569,60.532,36.0006,-17.4131,0.8741,0.0283,-0.048,-0.0075,0.534,0.163,0.693,36.1244,-17.5185,0.2,0.0,0.0,0.0,0.1429,-0.1116,-0.7973,0.8176,-0.1174,1,1,2,0.925,0.557,0.443,0,0,0.0,4,SETTLE_PHASE,0.0283,-0.048,-0.1238,0.1054
2570,60.543,36.001,-17.4139,0.874,0.0225,-0.0404,-0.0082,0.533,0.162,0.693,36.1244,-17.5185,0.2,0.0,0.0,0.0,0.1447,-0.1137,-0.7961,0.8171,-0.0857,1,1,2,0.925,0.554,0.446,0,0,0.0,4,SETTLE_PHASE,0.0225,-0.0404,-0.1234,0.1046
2571,60.554,36.0014,-17.4146,0.8738,0.0168,-0.0335,-0.0079,0.533,0.161,0.693,36.1244,-17.5185,0.2,0.0,0.0,0.0,0.1467,-0.1158,-0.7965,0.8182,-0.1257,1,1,2,0.926,0.551,0.449,0,0,0.0,4,SETTLE_PHASE,0.0168,-0.0335,-0.123,0.1039
2572,60.565,36.0016,-17.4151,0.8737,0.0115,-0.0247,-0.008,0.533,0.161,0.693,36.1244,-17.5185,0.2,0.0,0.0,0.0,0.1487,-0.1189,-0.7963,0.8188,-0.113,1,1,2,0.925,0.553,0.447,0,0,0.0,4,SETTLE_PHASE,0.0115,-0.0247,-0.1228,0.1034
2573,60.575,36.0018,-17.4154,0.8735,0.0077,-0.017,-0.0082,0.533,0.16,0.692,36.1244,-17.5185,0.2,0.0,0.0,0.0,0.1501,-0.1217,-0.796,0.8191,-0.1333,1,1,2,0.927,0.555,0.445,0,0,0.0,4,SETTLE_PHASE,0.0077,-0.017,-0.1227,0.1031
2574,60.586,36.0018,-17.4156,0.8733,0.0033,-0.0093,-0.0087,0.533,0.16,0.692,36.1244,-17.5185,0.2,0.0,0.0,0.0,0.1518,-0.1247,-0.7952,0.8191,-0.0896,1,1,2,0.926,0.559,0.441,0,0,0.0,4,SETTLE_PHASE,0.0033,-0.0093,-0.1226,0.1029
2575,60.597,36.0018,-17.4157,0.8732,0.0002,-0.0033,-0.0084,0.533,0.16,0.692,36.1244,-17.5185,0.2,0.0,0.0,0.0,0.1149,-0.0941,-0.7958,0.8095,-0.1251,1,1,2,0.927,0.557,0.443,0,0,0.0,4,SETTLE_PHASE,0.0002,-0.0033,-0.1226,0.1028
2576,60.609,36.0018,-17.4156,0.873,-0.0031,0.0039,-0.0085,0.532,0.16,0.692,36.1244,-17.5185,0.2,0.0,0.0,0.0,0.1504,-0.1264,-0.7956,0.8195,-0.0824,1,1,2,0.927,0.559,0.441,0,0,0.0,4,TERMINAL_PRESS,-0.0031,0.0039,-0.1226,0.1029
2577,60.62,36.0017,-17.4154,0.8719,-0.0047,0.0081,-0.0564,0.531,0.16,0.691,36.1244,-17.5185,0.2,0.0,0.0,0.0,0.1554,-0.1322,-0.7142,0.7428,-0.114,1,1,2,0.927,0.559,0.441,0,0,0.0,4,TERMINAL_PRESS,-0.0047,0.0081,-0.1227,0.1031
2578,60.631,36.0015,-17.4152,0.8701,-0.0068,0.014,-0.0872,0.53,0.161,0.689,36.1244,-17.5185,0.2,0.0,0.0,0.0,0.1565,-0.1351,-0.6618,0.6933,-0.1187,1,1,2,0.927,0.558,0.442,0,0,0.0,4,TERMINAL_PRESS,-0.0068,0.014,-0.1229,0.1033
2579,60.642,36.0014,-17.4148,0.868,-0.0084,0.0195,-0.1059,0.527,0.161,0.687,36.1244,-17.5185,0.2,0.0,0.0,0.0,0.1573,-0.1379,-0.6299,0.6638,-0.1081,1,1,2,0.929,0.559,0.441,0,0,0.0,4,TERMINAL_PRESS,-0.0084,0.0195,-0.123,0.1037
2580,60.653,36.0012,-17.4143,0.8656,-0.0107,0.0241,-0.1176,0.525,0.161,0.685,36.1244,-17.5185,0.2,0.0,0.0,0.0,0.1586,-0.1404,-0.6101,0.6458,-0.1288,1,1,2,0.929,0.559,0.441,0,0,0.0,4,TERMINAL_PRESS,-0.0107,0.0241,-0.1233,0.1042
2581,60.664,36.0009,-17.4137,0.8631,-0.011,0.0285,-0.1249,0.523,0.162,0.683,36.1244,-17.5185,0.2,0.0,0.0,0.0,0.159,-0.143,-0.5977,0.6348,-0.1122,1,1,2,0.93,0.561,0.439,0,0,0.0,4,TERMINAL_PRESS,-0.011,0.0285,-0.1235,0.1048
2582,60.675,36.0007,-17.4131,0.8606,-0.0126,0.0313,-0.1294,0.52,0.163,0.68,36.1244,-17.5185,0.2,0.0,0.0,0.0,0.16,-0.1449,-0.59,0.6282,-0.134,1,1,2,0.93,0.558,0.442,0,0,0.0,4,TERMINAL_PRESS,-0.0126,0.0313,-0.1237,0.1054
2583,60.686,36.0004,-17.4124,0.8579,-0.0125,0.0337,-0.1322,0.517,0.163,0.678,36.1244,-17.5185,0.2,0.0,0.0,0.0,0.1602,-0.1468,-0.5852,0.6242,-0.1171,1,1,2,0.931,0.561,0.439,0,0,0.0,4,TERMINAL_PRESS,-0.0125,0.0337,-0.124,0.1061
2584,60.698,36.0001,-17.4117,0.8552,-0.0141,0.0342,-0.1347,0.515,0.164,0.675,36.1244,-17.5185,0.2,0.0,0.0,0.0,0.1612,-0.1478,-0.5811,0.6209,-0.1322,1,1,2,0.931,0.561,0.439,0,0,0.0,4,TERMINAL_PRESS,-0.0141,0.0342,-0.1243,0.1068
2585,60.709,35.9999,-17.4111,0.8525,-0.0143,0.0342,-0.1355,0.512,0.164,0.673,36.1244,-17.5185,0.2,0.0,0.0,0.0,0.1617,-0.1487,-0.5797,0.6199,-0.112,1,1,2,0.931,0.562,0.438,0,0,0.0,4,TERMINAL_PRESS,-0.0143,0.0342,-0.1246,0.1074
2586,60.72,35.9995,-17.4104,0.8498,-0.0163,0.0326,-0.1361,0.509,0.165,0.67,36.1244,-17.5185,0.2,0.0,0.0,0.0,0.163,-0.1488,-0.5787,0.6193,-0.121,1,1,2,0.931,0.562,0.438,0,0,0.0,4,TERMINAL_PRESS,-0.0163,0.0326,-0.1249,0.1081
2587,60.731,35.9992,-17.4098,0.8471,-0.0172,0.0307,-0.1368,0.507,0.166,0.668,36.1244,-17.5185,0.2,0.0,0.0,0.0,0.1638,-0.1488,-0.5774,0.6183,-0.1027,1,1,2,0.932,0.563,0.437,0,0,0.0,4,TERMINAL_PRESS,-0.0172,0.0307,-0.1252,0.1087
2588,60.742,35.9988,-17.4092,0.8443,-0.0199,0.0279,-0.137,0.504,0.166,0.665,36.1244,-17.5185,0.2,0.0,0.0,0.0,0.1654,-0.1483,-0.5771,0.6184,-0.1268,1,1,2,0.932,0.563,0.437,0,0,0.0,4,TERMINAL_PRESS,-0.0199,0.0279,-0.1256,0.1093
2589,60.753,35.9984,-17.4087,0.8416,-0.0215,0.0254,-0.137,0.501,0.167,0.663,36.1244,-17.5185,0.2,0.0,0.0,0.0,0.1666,-0.1479,-0.5771,0.6186,-0.109,1,1,2,0.933,0.564,0.436,0,0,0.0,4,TERMINAL_PRESS,-0.0215,0.0254,-0.126,0.1098
2590,60.765,35.9979,-17.4083,0.8388,-0.0242,0.0215,-0.1371,0.498,0.168,0.661,36.1244,-17.5185,0.2,0.0,0.0,0.0,0.1683,-0.1468,-0.577,0.6187,-0.1183,1,1,2,0.933,0.565,0.435,0,0,0.0,4,TERMINAL_PRESS,-0.0242,0.0215,-0.1265,0.1102
2591,60.776,35.9974,-17.4079,0.8361,-0.025,0.0176,-0.1371,0.496,0.168,0.658,36.1244,-17.5185,0.2,0.0,0.0,0.0,0.1693,-0.1456,-0.577,0.6187,-0.1001,1,1,2,0.957,0.566,0.434,0,0,0.0,4,TERMINAL_PRESS,-0.025,0.0176,-0.127,0.1106
2592,60.787,35.9968,-17.4077,0.8334,-0.027,0.013,-0.137,0.493,0.169,0.656,36.1244,-17.5185,0.2,0.0,0.0,0.0,0.1708,-0.144,-0.577,0.6188,-0.1198,1,1,2,0.934,0.565,0.435,0,0,0.0,4,TERMINAL_PRESS,-0.027,0.013,-0.1276,0.1108
2593,60.798,35.9963,-17.4075,0.8306,-0.0271,0.0091,-0.1371,0.49,0.17,0.653,36.1244,-17.5185,0.2,0.0,0.0,0.0,0.1715,-0.1426,-0.577,0.6186,-0.1012,1,1,2,0.958,0.567,0.433,0,0,0.0,4,TERMINAL_PRESS,-0.0271,0.0091,-0.1281,0.111
2594,60.809,35.9957,-17.4074,0.8279,-0.0288,0.0044,-0.1371,0.487,0.17,0.65,36.1244,-17.5185,0.2,0.0,0.0,0.0,0.173,-0.1407,-0.5769,0.6185,-0.1152,1,1,2,0.934,0.565,0.435,0,0,0.0,4,TERMINAL_PRESS,-0.0288,0.0044,-0.1287,0.1111
2595,60.82,35.9951,-17.4074,0.8251,-0.0291,0.0004,-0.1372,0.485,0.17,0.648,36.1244,-17.5185,0.2,0.0,0.0,0.0,0.1738,-0.139,-0.5768,0.6183,-0.0964,1,1,2,0.958,0.566,0.434,0,0,0.0,4,TERMINAL_PRESS,-0.0291,0.0004,-0.1293,0.1111
2596,60.831,35.9945,-17.4075,0.8224,-0.0311,-0.0041,-0.1373,0.482,0.171,0.645,36.1244,-17.5185,0.2,0.0,0.0,0.0,0.1754,-0.137,-0.5766,0.6181,-0.1201,1,1,2,0.958,0.566,0.434,0,0,0.0,4,TERMINAL_PRESS,-0.0311,-0.0041,-0.1299,0.111
2597,60.842,35.9939,-17.4076,0.8196,-0.0319,-0.0077,-0.1373,0.479,0.171,0.643,36.1244,-17.5185,0.2,0.0,0.0,0.0,0.1765,-0.1354,-0.5766,0.618,-0.1011,1,1,2,0.959,0.568,0.432,0,0,0.0,4,TERMINAL_PRESS,-0.0319,-0.0077,-0.1305,0.1109
2598,60.854,35.9932,-17.4079,0.8169,-0.0337,-0.0121,-0.1374,0.476,0.172,0.64,36.1244,-17.5185,0.2,0.0,0.0,0.0,0.1781,-0.1332,-0.5764,0.6179,-0.1044,1,1,2,0.959,0.567,0.433,0,0,0.0,4,TERMINAL_PRESS,-0.0337,-0.0121,-0.1312,0.1106
2599,60.865,35.9925,-17.4082,0.8141,-0.0335,-0.016,-0.1378,0.474,0.172,0.638,36.1244,-17.5185,0.2,0.0,0.0,0.0,0.1789,-0.1312,-0.5757,0.617,-0.0867,1,1,2,0.96,0.568,0.432,0,0,0.0,4,TERMINAL_PRESS,-0.0335,-0.016,-0.1319,0.1103
2600,60.875,35.9918,-17.4086,0.8114,-0.0343,-0.0196,-0.1375,0.471,0.172,0.635,36.1244,-17.5185,0.2,0.0,0.0,0.0,0.1801,-0.1292,-0.5763,0.6174,-0.1087,1,1,2,0.96,0.564,0.436,0,0,0.0,4,TERMINAL_PRESS,-0.0343,-0.0196,-0.1326,0.1099
2601,60.887,35.9912,-17.409,0.8086,-0.0328,-0.0214,-0.1373,0.468,0.172,0.633,36.1244,-17.5185,0.2,0.0,0.0,0.0,0.1803,-0.1279,-0.5766,0.6175,-0.0905,1,1,2,0.96,0.565,0.435,0,0,0.0,4,TERMINAL_PRESS,-0.0328,-0.0214,-0.1332,0.1095
2602,60.899,35.9905,-17.4095,0.8059,-0.0325,-0.023,-0.1371,0.465,0.173,0.63,36.1244,-17.5185,0.2,0.0,0.0,0.0,0.1809,-0.1267,-0.5769,0.6178,-0.1136,1,1,2,0.96,0.564,0.436,0,0,0.0,4,TERMINAL_PRESS,-0.0325,-0.023,-0.1339,0.109
2603,60.91,35.9899,-17.4099,0.8032,-0.0304,-0.0229,-0.137,0.463,0.173,0.627,36.1244,-17.5185,0.2,0.0,0.0,0.0,0.1808,-0.1261,-0.5771,0.6178,-0.0948,1,1,2,0.961,0.564,0.436,0,0,0.0,4,TERMINAL_PRESS,-0.0304,-0.0229,-0.1345,0.1086
2604,60.922,35.9893,-17.4104,0.8004,-0.0299,-0.0226,-0.1375,0.46,0.173,0.625,36.1244,-17.5185,0.2,0.0,0.0,0.0,0.1814,-0.1257,-0.5762,0.617,-0.118,1,1,2,0.96,0.565,0.435,0,0,0.0,4,TERMINAL_PRESS,-0.0299,-0.0226,-0.1351,0.1081
2605,60.934,35.9888,-17.4108,0.7977,-0.0281,-0.0208,-0.1373,0.457,0.173,0.622,36.1244,-17.5185,0.2,0.0,0.0,0.0,0.1813,-0.1259,-0.5766,0.6175,-0.0964,1,1,2,0.961,0.565,0.435,0,0,0.0,4,TERMINAL_PRESS,-0.0281,-0.0208,-0.1356,0.1077
2606,60.945,35.9882,-17.4112,0.7949,-0.0276,-0.0192,-0.1371,0.454,0.173,0.62,36.1244,-17.5185,0.2,0.0,0.0,0.0,0.1818,-0.1261,-0.577,0.6179,-0.1184,1,1,2,0.961,0.564,0.436,0,0,0.0,4,TERMINAL_PRESS,-0.0276,-0.0192,-0.1362,0.1073
2607,60.957,35.9877,-17.4115,0.7922,-0.0254,-0.0163,-0.137,0.452,0.174,0.617,36.1244,-17.5185,0.2,0.0,0.0,0.0,0.1815,-0.1269,-0.5771,0.6181,-0.097,1,1,2,0.961,0.564,0.436,0,0,0.0,4,TERMINAL_PRESS,-0.0254,-0.0163,-0.1367,0.107
2608,60.968,35.9872,-17.4118,0.7894,-0.025,-0.0138,-0.137,0.449,0.174,0.615,36.1244,-17.5185,0.2,0.0,0.0,0.0,0.1819,-0.1276,-0.5771,0.6184,-0.1216,1,1,2,0.961,0.563,0.437,0,0,0.0,4,TERMINAL_PRESS,-0.025,-0.0138,-0.1372,0.1067
2609,60.98,35.9867,-17.412,0.7867,-0.0232,-0.01,-0.137,0.446,0.174,0.612,36.1244,-17.5185,0.2,0.0,0.0,0.0,0.1818,-0.1289,-0.5771,0.6187,-0.1005,1,1,2,0.962,0.566,0.434,0,0,0.0,4,TERMINAL_PRESS,-0.0232,-0.01,-0.1377,0.1065
2610,60.992,35.9863,-17.4121,0.7839,-0.023,-0.0069,-0.1373,0.443,0.174,0.609,36.1244,-17.5185,0.2,0.0,0.0,0.0,0.1823,-0.1301,-0.5765,0.6185,-0.1215,1,1,2,0.962,0.564,0.436,0,0,0.0,4,TERMINAL_PRESS,-0.023,-0.0069,-0.1381,0.1064
2611,61.003,35.9859,-17.4122,0.7812,-0.0212,-0.0029,-0.1372,0.441,0.175,0.607,36.1244,-17.5185,0.2,0.0,0.0,0.0,0.182,-0.1317,-0.5767,0.6189,-0.0991,1,1,2,0.968,0.567,0.433,0,0,0.0,4,TERMINAL_PRESS,-0.0212,-0.0029,-0.1385,0.1063
2612,61.015,35.9854,-17.4122,0.7785,-0.0212,0.0003,-0.1372,0.438,0.175,0.604,36.1244,-17.5185,0.2,0.0,0.0,0.0,0.1826,-0.133,-0.5767,0.6194,-0.1234,1,1,2,0.962,0.566,0.434,0,0,0.0,4,TERMINAL_PRESS,-0.0212,0.0003,-0.139,0.1063
2613,61.027,35.985,-17.4121,0.7757,-0.02,0.0042,-0.1372,0.435,0.175,0.602,36.1244,-17.5185,0.2,0.0,0.0,0.0,0.1826,-0.1348,-0.5768,0.6199,-0.1016,1,1,2,0.963,0.566,0.434,0,0,0.0,4,TERMINAL_PRESS,-0.02,0.0042,-0.1394,0.1064
2614,61.038,35.9846,-17.412,0.773,-0.0201,0.0071,-0.1371,0.432,0.176,0.599,36.1244,-17.5185,0.2,0.0,0.0,0.0,0.1831,-0.1362,-0.5769,0.6204,-0.1234,1,1,2,0.963,0.567,0.433,0,0,0.0,4,TERMINAL_PRESS,-0.0201,0.0071,-0.1398,0.1065
2615,61.05,35.9843,-17.4117,0.7702,-0.0187,0.0104,-0.1371,0.43,0.176,0.597,36.1244,-17.5185,0.2,0.0,0.0,0.0,0.183,-0.1378,-0.577,0.6208,-0.102,1,1,2,0.966,0.566,0.434,0,0,0.0,4,TERMINAL_PRESS,-0.0187,0.0104,-0.1401,0.1068
2616,61.062,35.9839,-17.4115,0.7675,-0.0189,0.0124,-0.137,0.427,0.177,0.594,36.1244,-17.5185,0.2,0.0,0.0,0.0,0.1836,-0.139,-0.577,0.6213,-0.1244,1,1,2,0.963,0.567,0.433,0,0,0.0,4,TERMINAL_PRESS,-0.0189,0.0124,-0.1405,0.107
2617,61.073,35.9835,-17.4112,0.7647,-0.018,0.0148,-0.137,0.424,0.177,0.592,36.1244,-17.5185,0.2,0.0,0.0,0.0,0.1836,-0.1403,-0.5771,0.6216,-0.1035,1,1,2,0.966,0.566,0.434,0,0,0.0,4,TERMINAL_PRESS,-0.018,0.0148,-0.1409,0.1073
2618,61.085,35.9831,-17.4109,0.762,-0.0191,0.0157,-0.1371,0.422,0.178,0.589,36.1244,-17.5185,0.2,0.0,0.0,0.0,0.1846,-0.1411,-0.5769,0.6219,-0.1296,1,1,2,0.966,0.566,0.434,0,0,0.0,4,TERMINAL_PRESS,-0.0191,0.0157,-0.1413,0.1076
2619,61.097,35.9828,-17.4106,0.7593,-0.0192,0.0167,-0.137,0.419,0.178,0.587,36.1244,-17.5185,0.2,0.0,0.0,0.0,0.1851,-0.1419,-0.577,0.6224,-0.109,1,1,2,0.967,0.567,0.433,0,0,0.0,4,TERMINAL_PRESS,-0.0192,0.0167,-0.1416,0.1079
2620,61.109,35.9823,-17.4102,0.7565,-0.0205,0.0159,-0.1375,0.416,0.179,0.584,36.1244,-17.5185,0.2,0.0,0.0,0.0,0.1861,-0.142,-0.5763,0.6221,-0.1136,1,1,2,0.967,0.568,0.432,0,0,0.0,4,TERMINAL_PRESS,-0.0205,0.0159,-0.1421,0.1083
2621,61.12,35.9819,-17.4099,0.7538,-0.02,0.0148,-0.1372,0.413,0.179,0.582,36.1244,-17.5185,0.2,0.0,0.0,0.0,0.1864,-0.1419,-0.5767,0.6225,-0.0917,1,1,2,0.968,0.569,0.431,0,0,0.0,4,TERMINAL_PRESS,-0.02,0.0148,-0.1425,0.1086
2622,61.132,35.9815,-17.4097,0.751,-0.0205,0.0129,-0.1371,0.411,0.18,0.58,36.1244,-17.5185,0.2,0.0,0.0,0.0,0.1872,-0.1414,-0.577,0.6228,-0.1121,1,1,2,0.968,0.569,0.431,0,0,0.0,4,TERMINAL_PRESS,-0.0205,0.0129,-0.1429,0.1088
2623,61.143,35.9812,-17.4094,0.7483,-0.0191,0.0119,-0.137,0.408,0.18,0.577,36.1244,-17.5185,0.2,0.0,0.0,0.0,0.1871,-0.1413,-0.5771,0.6229,-0.0905,1,1,2,0.969,0.573,0.427,0,0,0.0,4,SETTLE_PHASE,-0.0191,0.0119,-0.1433,0.1091
2624,61.155,35.9808,-17.4092,0.7459,-0.0191,0.0099,-0.122,0.405,0.18,0.575,36.1244,-17.5185,0.2,0.0,0.0,0.0,0.1875,-0.1407,-0.6026,0.6466,-0.128,1,1,2,0.969,0.57,0.43,0,0,0.0,4,SETTLE_PHASE,-0.0191,0.0099,-0.1436,0.1093
2625,61.165,35.9804,-17.4091,0.7436,-0.0175,0.0087,-0.1123,0.403,0.181,0.573,36.1244,-17.5185,0.2,0.0,0.0,0.0,0.1873,-0.1404,-0.619,0.6618,-0.0827,1,1,2,0.969,0.572,0.428,0,0,0.0,4,SETTLE_PHASE,-0.0175,0.0087,-0.144,0.1094
2626,61.176,35.9802,-17.409,0.7415,-0.013,0.0051,-0.1063,0.401,0.181,0.571,36.1244,-17.5185,0.2,0.0,0.0,0.0,0.1857,-0.1391,-0.6292,0.6706,-0.1207,1,1,2,0.969,0.575,0.425,0,0,0.0,4,SETTLE_PHASE,-0.013,0.0051,-0.1442,0.1095
2627,61.187,35.98,-17.4089,0.7394,-0.0075,0.0026,-0.1025,0.399,0.181,0.569,36.1244,-17.5185,0.2,0.0,0.0,0.0,0.1836,-0.1381,-0.6358,0.6761,-0.075,1,1,2,0.969,0.577,0.423,0,0,0.0,4,SETTLE_PHASE,-0.0075,0.0026,-0.1444,0.1096
2628,61.199,35.98,-17.409,0.7374,0.0003,-0.0018,-0.1003,0.397,0.181,0.567,36.1244,-17.5185,0.2,0.0,0.0,0.0,0.1804,-0.1362,-0.6395,0.6782,-0.1101,1,1,2,0.969,0.579,0.421,0,0,0.0,4,SETTLE_PHASE,0.0003,-0.0018,-0.1444,0.1095
2629,61.21,35.9802,-17.4091,0.7354,0.0089,-0.0049,-0.0996,0.395,0.181,0.565,36.1244,-17.5185,0.2,0.0,0.0,0.0,0.1765,-0.1348,-0.6406,0.678,-0.0796,1,1,2,0.969,0.578,0.422,0,0,0.0,4,SETTLE_PHASE,0.0089,-0.0049,-0.1442,0.1094
2630,61.221,35.9806,-17.4092,0.7335,0.0188,-0.0093,-0.0986,0.393,0.181,0.563,36.1244,-17.5185,0.2,0.0,0.0,0.0,0.172,-0.1327,-0.6423,0.6781,-0.1226,1,1,2,0.97,0.576,0.424,0,0,0.0,4,SETTLE_PHASE,0.0188,-0.0093,-0.1438,0.1093
2631,61.233,35.9811,-17.4095,0.7315,0.028,-0.0125,-0.098,0.391,0.18,0.561,36.1244,-17.5185,0.2,0.0,0.0,0.0,0.1674,-0.1311,-0.6434,0.6776,-0.0808,1,1,2,0.97,0.576,0.424,0,0,0.0,4,SETTLE_PHASE,0.028,-0.0125,-0.1433,0.109
2632,61.245,35.9819,-17.4098,0.7295,0.0382,-0.0175,-0.0978,0.389,0.179,0.559,36.1244,-17.5185,0.2,0.0,0.0,0.0,0.1622,-0.1285,-0.6438,0.6762,-0.1237,1,1,2,0.97,0.577,0.423,0,0,0.0,4,SETTLE_PHASE,0.0382,-0.0175,-0.1425,0.1087
2633,61.257,35.9829,-17.4103,0.7282,0.0491,-0.0215,-0.0652,0.388,0.178,0.557,36.1244,-17.5185,0.2,0.0,0.0,0.0,0.1564,-0.1263,-0.6992,0.7275,-0.0788,1,1,2,0.97,0.577,0.423,0,0,0.0,4,SETTLE_PHASE,0.0491,-0.0215,-0.1415,0.1082
2634,61.268,35.9841,-17.4108,0.7273,0.0601,-0.0269,-0.0447,0.387,0.177,0.556,36.1244,-17.5185,0.2,0.0,0.0,0.0,0.1503,-0.1234,-0.7341,0.7594,-0.1077,1,1,2,0.969,0.569,0.431,0,0,0.0,4,SETTLE_PHASE,0.0601,-0.0269,-0.1403,0.1077
2635,61.28,35.9855,-17.4114,0.7267,0.0696,-0.0299,-0.0313,0.386,0.175,0.555,36.1244,-17.5185,0.2,0.0,0.0,0.0,0.1446,-0.1214,-0.7568,0.78,-0.0878,1,1,2,0.969,0.574,0.426,0,0,0.0,4,SETTLE_PHASE,0.0696,-0.0299,-0.1389,0.1071
2636,61.292,35.987,-17.4121,0.7263,0.0742,-0.0326,-0.0228,0.386,0.174,0.554,36.1244,-17.5185,0.2,0.0,0.0,0.0,0.1407,-0.1194,-0.7712,0.793,-0.1209,1,1,2,0.969,0.572,0.428,0,0,0.0,4,SETTLE_PHASE,0.0742,-0.0326,-0.1375,0.1064
2637,61.303,35.9885,-17.4127,0.7259,0.0775,-0.0333,-0.0171,0.385,0.172,0.553,36.1244,-17.5185,0.2,0.0,0.0,0.0,0.1374,-0.1183,-0.7809,0.8017,-0.1021,1,1,2,0.969,0.572,0.428,0,0,0.0,4,SETTLE_PHASE,0.0775,-0.0333,-0.1359,0.1058
2638,61.315,35.9901,-17.4134,0.7256,0.0778,-0.0345,-0.0136,0.385,0.171,0.553,36.1244,-17.5185,0.2,0.0,0.0,0.0,0.1353,-0.1169,-0.7869,0.8069,-0.1177,1,1,2,0.969,0.572,0.428,0,0,0.0,4,SETTLE_PHASE,0.0778,-0.0345,-0.1343,0.1051
2639,61.326,35.9916,-17.4141,0.7254,0.0783,-0.0345,-0.0118,0.385,0.169,0.552,36.1244,-17.5185,0.2,0.0,0.0,0.0,0.1331,-0.116,-0.79,0.8095,-0.0954,1,1,2,0.969,0.569,0.431,0,0,0.0,4,SETTLE_PHASE,0.0783,-0.0345,-0.1328,0.1044
2640,61.338,35.9931,-17.4148,0.7252,0.0759,-0.0349,-0.01,0.385,0.167,0.551,36.1244,-17.5185,0.2,0.0,0.0,0.0,0.1322,-0.115,-0.793,0.8122,-0.1173,1,1,2,0.969,0.569,0.431,0,0,0.0,4,SETTLE_PHASE,0.0759,-0.0349,-0.1313,0.1037
2641,61.35,35.9946,-17.4155,0.725,0.0739,-0.034,-0.0087,0.385,0.166,0.551,36.1244,-17.5185,0.2,0.0,0.0,0.0,0.1312,-0.1145,-0.7952,0.814,-0.0969,1,1,2,0.969,0.567,0.433,0,0,0.0,4,SETTLE_PHASE,0.0739,-0.034,-0.1298,0.103
2642,61.361,35.996,-17.4162,0.7249,0.0689,-0.0336,-0.008,0.384,0.164,0.55,36.1244,-17.5185,0.2,0.0,0.0,0.0,0.1315,-0.1138,-0.7964,0.8152,-0.119,1,1,2,0.965,0.567,0.433,0,0,0.0,4,SETTLE_PHASE,0.0689,-0.0336,-0.1284,0.1024
2643,61.373,35.9973,-17.4168,0.7247,0.0639,-0.032,-0.0075,0.384,0.163,0.549,36.1244,-17.5185,0.2,0.0,0.0,0.0,0.132,-0.1137,-0.7973,0.8161,-0.0994,1,1,2,0.965,0.564,0.436,0,0,0.0,4,SETTLE_PHASE,0.0639,-0.032,-0.1271,0.1017
2644,61.385,35.9984,-17.4174,0.7246,0.0558,-0.0311,-0.0075,0.384,0.162,0.549,36.1244,-17.5185,0.2,0.0,0.0,0.0,0.134,-0.1133,-0.7972,0.8163,-0.1199,1,1,2,0.965,0.567,0.433,0,0,0.0,4,SETTLE_PHASE,0.0558,-0.0311,-0.126,0.1011
2645,61.396,35.9993,-17.418,0.7244,0.0475,-0.0292,-0.0075,0.384,0.16,0.548,36.1244,-17.5185,0.2,0.0,0.0,0.0,0.1363,-0.1133,-0.7972,0.8166,-0.0859,1,1,2,0.965,0.563,0.437,0,0,0.0,4,SETTLE_PHASE,0.0475,-0.0292,-0.1251,0.1005
2646,61.408,36.0001,-17.4186,0.7243,0.039,-0.0281,-0.0074,0.384,0.159,0.548,36.1244,-17.5185,0.2,0.0,0.0,0.0,0.0992,-0.0829,-0.7974,0.8078,-0.1219,1,1,2,0.965,0.565,0.435,0,0,0.0,4,SETTLE_PHASE,0.039,-0.0281,-0.1243,0.0999
2647,61.419,36.0007,-17.4191,0.7241,0.0302,-0.025,-0.0074,0.384,0.159,0.548,36.1244,-17.5185,0.2,0.0,0.0,0.0,0.0624,-0.0522,-0.7973,0.8015,-0.0801,1,1,2,0.965,0.563,0.437,0,0,0.0,4,SETTLE_PHASE,0.0302,-0.025,-0.1237,0.0994
2648,61.431,36.0012,-17.4195,0.724,0.0226,-0.0228,-0.0075,0.383,0.158,0.547,36.1244,-17.5185,0.2,0.0,0.0,0.0,0.026,-0.0209,-0.7973,0.798,-0.116,1,1,2,0.965,0.563,0.437,0,0,0.0,4,SETTLE_PHASE,0.0226,-0.0228,-0.1232,0.099
2649,61.441,36.0015,-17.4199,0.7238,0.0144,-0.0184,-0.0077,0.383,0.158,0.547,36.1244,-17.5185,0.2,0.0,0.0,0.0,-0.0061,0.0078,-0.7969,0.797,-0.0852,1,1,2,0.965,0.563,0.437,0,0,0.0,4,SETTLE_PHASE,0.0144,-0.0184,-0.1229,0.0986
2650,61.452,36.0016,-17.4202,0.7237,0.0072,-0.0146,-0.0078,0.383,0.157,0.547,36.1244,-17.5185,0.2,0.0,0.0,0.0,-0.003,0.0062,-0.7968,0.7968,-0.1209,1,1,2,0.965,0.563,0.437,0,0,0.0,4,SETTLE_PHASE,0.0072,-0.0146,-0.1228,0.0983
2651,61.463,36.0016,-17.4204,0.7235,-0.0006,-0.0091,-0.008,0.383,0.157,0.547,36.1244,-17.5185,0.2,0.0,0.0,0.0,0.0003,0.0038,-0.7964,0.7965,-0.0832,1,1,2,0.965,0.564,0.436,0,0,0.0,4,TERMINAL_PRESS,-0.0006,-0.0091,-0.1228,0.0981
2652,61.473,36.0015,-17.4205,0.7224,-0.0059,-0.0059,-0.0561,0.382,0.157,0.546,36.1244,-17.5185,0.2,0.0,0.0,0.0,0.0025,0.0025,-0.7147,0.7147,-0.1134,1,1,2,0.968,0.565,0.435,0,0,0.0,4,TERMINAL_PRESS,-0.0059,-0.0059,-0.1229,0.098
2653,61.484,36.0013,-17.4205,0.7206,-0.0115,-0.001,-0.0871,0.38,0.157,0.544,36.1244,-17.5185,0.2,0.0,0.0,0.0,0.0048,0.0004,-0.662,0.662,-0.0957,1,1,2,0.968,0.567,0.433,0,0,0.0,4,TERMINAL_PRESS,-0.0115,-0.001,-0.1232,0.098
2654,61.495,36.0009,-17.4204,0.7185,-0.0163,0.0035,-0.1059,0.378,0.158,0.542,36.1244,-17.5185,0.2,0.0,0.0,0.0,0.0069,-0.0015,-0.63,0.63,-0.1288,1,1,2,0.969,0.567,0.433,0,0,0.0,4,TERMINAL_PRESS,-0.0163,0.0035,-0.1235,0.0981
2655,61.506,36.0005,-17.4203,0.7162,-0.0217,0.0085,-0.1178,0.376,0.158,0.54,36.1244,-17.5185,0.2,0.0,0.0,0.0,0.0092,-0.0036,-0.6098,0.6099,-0.0907,1,1,2,0.969,0.567,0.433,0,0,0.0,4,TERMINAL_PRESS,-0.0217,0.0085,-0.1239,0.0982
2656,61.517,36.0,-17.42,0.7137,-0.0263,0.0116,-0.1251,0.373,0.159,0.538,36.1244,-17.5185,0.2,0.0,0.0,0.0,0.0111,-0.0049,-0.5973,0.5974,-0.1277,1,1,2,0.969,0.568,0.432,0,0,0.0,4,TERMINAL_PRESS,-0.0263,0.0116,-0.1244,0.0985
2657,61.528,35.9993,-17.4197,0.7111,-0.0311,0.0156,-0.1297,0.371,0.159,0.535,36.1244,-17.5185,0.2,0.0,0.0,0.0,0.0131,-0.0066,-0.5894,0.5896,-0.0866,1,1,2,0.969,0.567,0.433,0,0,0.0,4,TERMINAL_PRESS,-0.0311,0.0156,-0.1251,0.0988
2658,61.539,35.9986,-17.4194,0.7084,-0.0348,0.0176,-0.1326,0.368,0.16,0.533,36.1244,-17.5185,0.2,0.0,0.0,0.0,0.0509,-0.0362,-0.5845,0.5878,-0.1241,1,1,2,0.969,0.57,0.43,0,0,0.0,4,TERMINAL_PRESS,-0.0348,0.0176,-0.1258,0.0991
2659,61.549,35.9979,-17.4189,0.7057,-0.0389,0.0209,-0.1346,0.365,0.161,0.531,36.1244,-17.5185,0.2,0.0,0.0,0.0,0.0886,-0.0659,-0.5813,0.5916,-0.0891,1,1,2,0.969,0.57,0.43,0,0,0.0,4,TERMINAL_PRESS,-0.0389,0.0209,-0.1265,0.0996
2660,61.56,35.997,-17.4185,0.703,-0.0419,0.0224,-0.1356,0.363,0.162,0.528,36.1244,-17.5185,0.2,0.0,0.0,0.0,0.1265,-0.0953,-0.5795,0.6008,-0.1267,1,1,2,0.969,0.574,0.426,0,0,0.0,4,TERMINAL_PRESS,-0.0419,0.0224,-0.1274,0.1
2661,61.571,35.9962,-17.418,0.7003,-0.0442,0.025,-0.1361,0.36,0.163,0.526,36.1244,-17.5185,0.2,0.0,0.0,0.0,0.1644,-0.1248,-0.5786,0.6143,-0.0843,1,1,2,0.969,0.575,0.425,0,0,0.0,4,TERMINAL_PRESS,-0.0442,0.025,-0.1283,0.1005
2662,61.582,35.9953,-17.4175,0.6976,-0.0443,0.0256,-0.1364,0.357,0.164,0.524,36.1244,-17.5185,0.2,0.0,0.0,0.0,0.1801,-0.137,-0.5781,0.6208,-0.1223,1,1,2,0.97,0.577,0.423,0,0,0.0,4,TERMINAL_PRESS,-0.0443,0.0256,-0.1291,0.101
2663,61.592,35.9944,-17.4169,0.6948,-0.0439,0.0276,-0.1366,0.354,0.165,0.522,36.1244,-17.5185,0.2,0.0,0.0,0.0,0.181,-0.1386,-0.5778,0.6211,-0.0846,1,1,2,0.97,0.578,0.422,0,0,0.0,4,TERMINAL_PRESS,-0.0439,0.0276,-0.13,0.1016
2664,61.603,35.9936,-17.4164,0.6921,-0.0416,0.028,-0.1367,0.352,0.166,0.519,36.1244,-17.5185,0.2,0.0,0.0,0.0,0.181,-0.1394,-0.5776,0.6212,-0.1231,1,1,2,0.972,0.575,0.425,0,0,0.0,4,TERMINAL_PRESS,-0.0416,0.028,-0.1309,0.1021
2665,61.614,35.9928,-17.4158,0.6894,-0.039,0.0296,-0.1367,0.349,0.167,0.517,36.1244,-17.5185,0.2,0.0,0.0,0.0,0.1809,-0.1409,-0.5776,0.6215,-0.0798,1,1,2,0.972,0.581,0.419,0,0,0.0,4,TERMINAL_PRESS,-0.039,0.0296,-0.1316,0.1027
2666,61.625,35.9921,-17.4152,0.6866,-0.035,0.0296,-0.1368,0.346,0.168,0.515,36.1244,-17.5185,0.2,0.0,0.0,0.0,0.1801,-0.1416,-0.5775,0.6213,-0.1187,1,1,2,0.972,0.575,0.425,0,0,0.0,4,TERMINAL_PRESS,-0.035,0.0296,-0.1323,0.1033
2667,61.636,35.9915,-17.4146,0.6839,-0.031,0.0312,-0.1369,0.343,0.169,0.512,36.1244,-17.5185,0.2,0.0,0.0,0.0,0.1792,-0.143,-0.5772,0.6211,-0.0943,1,1,2,0.972,0.58,0.42,0,0,0.0,4,TERMINAL_PRESS,-0.031,0.0312,-0.133,0.1039
2668,61.646,35.9909,-17.4139,0.6812,-0.0257,0.0315,-0.1369,0.341,0.17,0.51,36.1244,-17.5185,0.2,0.0,0.0,0.0,0.1776,-0.1439,-0.5772,0.6208,-0.1337,1,1,2,0.972,0.576,0.424,0,0,0.0,4,TERMINAL_PRESS,-0.0257,0.0315,-0.1335,0.1046
2669,61.657,35.9905,-17.4133,0.6784,-0.0211,0.0322,-0.1369,0.338,0.17,0.508,36.1244,-17.5185,0.2,0.0,0.0,0.0,0.1762,-0.145,-0.5773,0.6207,-0.0901,1,1,2,0.972,0.576,0.424,0,0,0.0,4,TERMINAL_PRESS,-0.0211,0.0322,-0.1339,0.1052
2670,61.667,35.9902,-17.4127,0.6757,-0.0159,0.0304,-0.1369,0.335,0.171,0.505,36.1244,-17.5185,0.2,0.0,0.0,0.0,0.1744,-0.145,-0.5772,0.6202,-0.1296,1,1,2,0.972,0.578,0.422,0,0,0.0,4,TERMINAL_PRESS,-0.0159,0.0304,-0.1342,0.1058
2671,61.679,35.99,-17.4121,0.6729,-0.0116,0.0293,-0.1369,0.332,0.171,0.503,36.1244,-17.5185,0.2,0.0,0.0,0.0,0.1729,-0.1453,-0.5773,0.6199,-0.086,1,1,2,0.972,0.58,0.42,0,0,0.0,4,TERMINAL_PRESS,-0.0116,0.0293,-0.1344,0.1064
2672,61.689,35.9898,-17.4116,0.6702,-0.007,0.026,-0.1369,0.33,0.172,0.501,36.1244,-17.5185,0.2,0.0,0.0,0.0,0.1712,-0.1445,-0.5772,0.6192,-0.1254,1,1,2,0.972,0.578,0.422,0,0,0.0,4,TERMINAL_PRESS,-0.007,0.026,-0.1346,0.1069
2673,61.7,35.9898,-17.4111,0.6675,-0.0036,0.0238,-0.1369,0.327,0.172,0.498,36.1244,-17.5185,0.2,0.0,0.0,0.0,0.1698,-0.1442,-0.5772,0.6187,-0.0817,1,1,2,0.972,0.587,0.413,0,0,0.0,4,TERMINAL_PRESS,-0.0036,0.0238,-0.1347,0.1074
2674,61.711,35.9898,-17.4107,0.6647,-0.0,0.0198,-0.137,0.324,0.172,0.496,36.1244,-17.5185,0.2,0.0,0.0,0.0,0.1683,-0.143,-0.5772,0.618,-0.1208,1,1,2,0.972,0.582,0.418,0,0,0.0,4,TERMINAL_PRESS,-0.0,0.0198,-0.1347,0.1078
2675,61.722,35.9898,-17.4104,0.662,0.0021,0.0172,-0.1369,0.321,0.173,0.493,36.1244,-17.5185,0.2,0.0,0.0,0.0,0.1674,-0.1424,-0.5772,0.6176,-0.0771,1,1,2,0.972,0.585,0.415,0,0,0.0,4,TERMINAL_PRESS,0.0021,0.0172,-0.1346,0.1081
2676,61.733,35.9899,-17.4101,0.6593,0.0042,0.0131,-0.1369,0.319,0.173,0.491,36.1244,-17.5185,0.2,0.0,0.0,0.0,0.1664,-0.141,-0.5772,0.617,-0.1158,1,1,2,0.972,0.585,0.415,0,0,0.0,4,TERMINAL_PRESS,0.0042,0.0131,-0.1345,0.1084
2677,61.745,35.99,-17.4099,0.6565,0.0046,0.0109,-0.1371,0.316,0.173,0.488,36.1244,-17.5185,0.2,0.0,0.0,0.0,0.1661,-0.1404,-0.577,0.6166,-0.0792,1,1,2,0.972,0.585,0.415,0,0,0.0,4,TERMINAL_PRESS,0.0046,0.0109,-0.1344,0.1086
2678,61.756,35.9901,-17.4097,0.6538,0.0047,0.0075,-0.137,0.313,0.173,0.486,36.1244,-17.5185,0.2,0.0,0.0,0.0,0.166,-0.1391,-0.5771,0.6164,-0.1174,1,1,2,0.972,0.586,0.414,0,0,0.0,4,TERMINAL_PRESS,0.0047,0.0075,-0.1343,0.1088
2679,61.767,35.9902,-17.4096,0.651,0.0042,0.0058,-0.137,0.311,0.173,0.483,36.1244,-17.5185,0.2,0.0,0.0,0.0,0.1661,-0.1385,-0.5771,0.6163,-0.0736,1,1,2,0.972,0.585,0.415,0,0,0.0,4,TERMINAL_PRESS,0.0042,0.0058,-0.1343,0.1089
2680,61.779,35.9902,-17.4096,0.6483,0.0045,0.0026,-0.137,0.308,0.173,0.48,36.1244,-17.5185,0.2,0.0,0.0,0.0,0.1658,-0.1373,-0.5771,0.616,-0.1117,1,1,2,0.972,0.586,0.414,0,0,0.0,4,TERMINAL_PRESS,0.0045,0.0026,-0.1342,0.1089
2681,61.79,35.9903,-17.4095,0.6455,0.0041,0.0015,-0.1376,0.305,0.173,0.478,36.1244,-17.5185,0.2,0.0,0.0,0.0,0.1659,-0.1368,-0.576,0.6149,-0.074,1,1,2,0.972,0.585,0.415,0,0,0.0,4,TERMINAL_PRESS,0.0041,0.0015,-0.1341,0.109
2682,61.801,35.9904,-17.4095,0.6428,0.0041,-0.0007,-0.1374,0.302,0.173,0.475,36.1244,-17.5185,0.2,0.0,0.0,0.0,0.1658,-0.1359,-0.5765,0.615,-0.1162,1,1,2,0.972,0.582,0.418,0,0,0.0,4,TERMINAL_PRESS,0.0041,-0.0007,-0.134,0.109
2683,61.811,35.9905,-17.4096,0.64,0.0033,-0.0008,-0.1372,0.3,0.173,0.473,36.1244,-17.5185,0.2,0.0,0.0,0.0,0.166,-0.1358,-0.5768,0.6154,-0.0765,1,1,2,0.972,0.58,0.42,0,0,0.0,4,TERMINAL_PRESS,0.0033,-0.0008,-0.1339,0.1089
2684,61.823,35.9905,-17.4096,0.6373,0.003,-0.0017,-0.1371,0.297,0.173,0.47,36.1244,-17.5185,0.2,0.0,0.0,0.0,0.1661,-0.1354,-0.577,0.6155,-0.1181,1,1,2,0.972,0.578,0.422,0,0,0.0,4,TERMINAL_PRESS,0.003,-0.0017,-0.1339,0.1089
2685,61.835,35.9906,-17.4096,0.6346,0.0014,-0.0002,-0.1373,0.294,0.173,0.468,36.1244,-17.5185,0.2,0.0,0.0,0.0,0.1667,-0.1361,-0.5766,0.6155,-0.1004,1,1,2,0.972,0.578,0.422,0,0,0.0,4,TERMINAL_PRESS,0.0014,-0.0002,-0.1339,0.1089
2686,61.847,35.9906,-17.4096,0.6318,0.0,0.0009,-0.1378,0.291,0.173,0.465,36.1244,-17.5185,0.2,0.0,0.0,0.0,0.1673,-0.1365,-0.5757,0.6148,-0.1392,1,1,2,0.972,0.581,0.419,0,0,0.0,4,TERMINAL_PRESS,0.0,0.0009,-0.1339,0.1089
2687,61.858,35.9905,-17.4095,0.6291,-0.0015,0.003,-0.1375,0.289,0.173,0.462,36.1244,-17.5185,0.2,0.0,0.0,0.0,0.168,-0.1375,-0.5763,0.6158,-0.0954,1,1,2,0.972,0.579,0.421,0,0,0.0,4,TERMINAL_PRESS,-0.0015,0.003,-0.1339,0.109
2688,61.87,35.9905,-17.4095,0.6263,-0.0016,0.0029,-0.1373,0.286,0.173,0.46,36.1244,-17.5185,0.2,0.0,0.0,0.0,0.1681,-0.1375,-0.5766,0.6162,-0.1319,1,1,2,0.973,0.581,0.419,0,0,0.0,4,TERMINAL_PRESS,-0.0016,0.0029,-0.1339,0.109
2689,61.881,35.9905,-17.4094,0.6236,-0.0021,0.0041,-0.1371,0.283,0.173,0.457,36.1244,-17.5185,0.2,0.0,0.0,0.0,0.1683,-0.1381,-0.5769,0.6166,-0.0876,1,1,2,0.973,0.585,0.415,0,0,0.0,4,TERMINAL_PRESS,-0.0021,0.0041,-0.134,0.1091
2690,61.891,35.9904,-17.4093,0.6208,-0.0014,0.0035,-0.137,0.28,0.173,0.455,36.1244,-17.5185,0.2,0.0,0.0,0.0,0.1681,-0.138,-0.577,0.6167,-0.1243,1,1,2,0.974,0.587,0.413,0,0,0.0,4,TERMINAL_PRESS,-0.0014,0.0035,-0.134,0.1092
2691,61.902,35.9904,-17.4092,0.6181,-0.0012,0.0045,-0.137,0.278,0.173,0.452,36.1244,-17.5185,0.2,0.0,0.0,0.0,0.168,-0.1385,-0.5771,0.6169,-0.0796,1,1,2,0.974,0.588,0.412,0,0,0.0,4,TERMINAL_PRESS,-0.0012,0.0045,-0.134,0.1093
2692,61.914,35.9904,-17.4091,0.6153,-0.0002,0.004,-0.1369,0.275,0.173,0.45,36.1244,-17.5185,0.2,0.0,0.0,0.0,0.1676,-0.1384,-0.5772,0.6168,-0.1165,1,1,2,0.974,0.59,0.41,0,0,0.0,4,TERMINAL_PRESS,-0.0002,0.004,-0.134,0.1094
2693,61.925,35.9904,-17.409,0.6126,0.0001,0.0054,-0.1375,0.272,0.173,0.447,36.1244,-17.5185,0.2,0.0,0.0,0.0,0.1675,-0.1391,-0.5762,0.616,-0.0756,1,1,2,0.974,0.588,0.412,0,0,0.0,4,TERMINAL_PRESS,0.0001,0.0054,-0.134,0.1095
2694,61.936,35.9904,-17.4089,0.6098,0.001,0.0057,-0.1373,0.269,0.173,0.445,36.1244,-17.5185,0.2,0.0,0.0,0.0,0.1671,-0.1394,-0.5766,0.6163,-0.1153,1,1,2,0.974,0.589,0.411,0,0,0.0,4,TERMINAL_PRESS,0.001,0.0057,-0.134,0.1096
2695,61.948,35.9904,-17.4087,0.6071,0.001,0.0082,-0.1373,0.267,0.173,0.442,36.1244,-17.5185,0.2,0.0,0.0,0.0,0.167,-0.1406,-0.5766,0.6165,-0.0887,1,1,2,0.974,0.588,0.412,0,0,0.0,4,TERMINAL_PRESS,0.001,0.0082,-0.134,0.1098
2696,61.958,35.9905,-17.4086,0.6044,0.0015,0.0098,-0.1372,0.264,0.173,0.44,36.1244,-17.5185,0.2,0.0,0.0,0.0,0.1668,-0.1415,-0.5768,0.6169,-0.1283,1,1,2,0.974,0.588,0.412,0,0,0.0,4,TERMINAL_PRESS,0.0015,0.0098,-0.1339,0.1099
2697,61.969,35.9905,-17.4083,0.6016,0.0004,0.0126,-0.1373,0.261,0.173,0.437,36.1244,-17.5185,0.2,0.0,0.0,0.0,0.1672,-0.143,-0.5767,0.6172,-0.0938,1,1,2,0.974,0.588,0.412,0,0,0.0,4,TERMINAL_PRESS,0.0004,0.0126,-0.1339,0.1102
2698,61.98,35.9905,-17.408,0.5989,-0.0007,0.0137,-0.1371,0.258,0.174,0.435,36.1244,-17.5185,0.2,0.0,0.0,0.0,0.1677,-0.1438,-0.5768,0.6177,-0.133,1,1,2,0.974,0.587,0.413,0,0,0.0,4,TERMINAL_PRESS,-0.0007,0.0137,-0.1339,0.1105
2699,61.992,35.9904,-17.4077,0.5961,-0.0022,0.0156,-0.1371,0.256,0.174,0.433,36.1244,-17.5185,0.2,0.0,0.0,0.0,0.1684,-0.145,-0.577,0.6183,-0.0911,1,1,2,0.974,0.589,0.411,0,0,0.0,4,TERMINAL_PRESS,-0.0022,0.0156,-0.134,0.1108
2700,62.004,35.9904,-17.4074,0.5934,-0.0027,0.0156,-0.137,0.253,0.174,0.43,36.1244,-17.5185,0.2,0.0,0.0,0.0,0.1687,-0.1454,-0.5771,0.6186,-0.1302,1,1,2,0.974,0.589,0.411,0,0,0.0,4,TERMINAL_PRESS,-0.0027,0.0156,-0.134,0.1111
2701,62.015,35.9903,-17.4071,0.5907,-0.0037,0.0168,-0.137,0.25,0.174,0.428,36.1244,-17.5185,0.2,0.0,0.0,0.0,0.1692,-0.1463,-0.5772,0.619,-0.0882,1,1,2,0.974,0.588,0.412,0,0,0.0,4,TERMINAL_PRESS,-0.0037,0.0168,-0.1341,0.1114
2702,62.026,35.9902,-17.4067,0.5879,-0.0039,0.0164,-0.1369,0.247,0.175,0.425,36.1244,-17.5185,0.2,0.0,0.0,0.0,0.1694,-0.1466,-0.5772,0.6191,-0.1272,1,1,2,0.974,0.588,0.412,0,0,0.0,4,TERMINAL_PRESS,-0.0039,0.0164,-0.1342,0.1118
2703,62.036,35.9901,-17.4064,0.5852,-0.0048,0.0176,-0.1369,0.245,0.175,0.423,36.1244,-17.5185,0.2,0.0,0.0,0.0,0.1699,-0.1475,-0.5772,0.6195,-0.085,1,1,2,0.974,0.588,0.412,0,0,0.0,4,TERMINAL_PRESS,-0.0048,0.0176,-0.1343,0.1121
2704,62.047,35.99,-17.406,0.5824,-0.0052,0.0174,-0.1369,0.242,0.175,0.421,36.1244,-17.5185,0.2,0.0,0.0,0.0,0.1702,-0.1479,-0.5772,0.6197,-0.1238,1,1,2,0.974,0.587,0.413,0,0,0.0,4,TERMINAL_PRESS,-0.0052,0.0174,-0.1344,0.1125
2705,62.058,35.9899,-17.4057,0.5797,-0.0066,0.0193,-0.1372,0.239,0.176,0.418,36.1244,-17.5185,0.2,0.0,0.0,0.0,0.1709,-0.1491,-0.5768,0.6198,-0.0974,1,1,2,0.974,0.59,0.41,0,0,0.0,4,TERMINAL_PRESS,-0.0066,0.0193,-0.1345,0.1129
2706,62.068,35.9897,-17.4052,0.5769,-0.0076,0.0202,-0.1371,0.236,0.176,0.416,36.1244,-17.5185,0.2,0.0,0.0,0.0,0.1715,-0.15,-0.5769,0.6203,-0.136,1,1,2,0.974,0.59,0.41,0,0,0.0,4,TERMINAL_PRESS,-0.0076,0.0202,-0.1347,0.1133
2707,62.079,35.9896,-17.4048,0.5742,-0.0087,0.0221,-0.137,0.234,0.176,0.414,36.1244,-17.5185,0.2,0.0,0.0,0.0,0.1722,-0.1514,-0.577,0.6209,-0.0936,1,1,2,0.974,0.592,0.408,0,0,0.0,4,TERMINAL_PRESS,-0.0087,0.0221,-0.1349,0.1137
2708,62.09,35.9894,-17.4044,0.5715,-0.0086,0.0221,-0.137,0.231,0.177,0.411,36.1244,-17.5185,0.2,0.0,0.0,0.0,0.1724,-0.1519,-0.5771,0.6212,-0.1324,1,1,2,0.974,0.591,0.409,0,0,0.0,4,TERMINAL_PRESS,-0.0086,0.0221,-0.135,0.1141
2709,62.101,35.9892,-17.4039,0.5687,-0.0088,0.0234,-0.1369,0.228,0.177,0.409,36.1244,-17.5185,0.2,0.0,0.0,0.0,0.1727,-0.1531,-0.5772,0.6216,-0.0897,1,1,2,0.974,0.593,0.407,0,0,0.0,4,TERMINAL_PRESS,-0.0088,0.0234,-0.1352,0.1146
2710,62.111,35.989,-17.4034,0.566,-0.008,0.0232,-0.137,0.225,0.178,0.407,36.1244,-17.5185,0.2,0.0,0.0,0.0,0.1725,-0.1535,-0.5772,0.6217,-0.1285,1,1,2,0.975,0.594,0.406,0,0,0.0,4,TERMINAL_PRESS,-0.008,0.0232,-0.1354,0.1151
2711,62.122,35.9889,-17.4029,0.5632,-0.0077,0.0248,-0.137,0.223,0.178,0.405,36.1244,-17.5185,0.2,0.0,0.0,0.0,0.1726,-0.1548,-0.5771,0.6219,-0.0959,1,1,2,0.975,0.595,0.405,0,0,0.0,4,TERMINAL_PRESS,-0.0077,0.0248,-0.1355,0.1156
2712,62.133,35.9888,-17.4024,0.5605,-0.0066,0.0251,-0.137,0.22,0.179,0.402,36.1244,-17.5185,0.2,0.0,0.0,0.0,0.1723,-0.1555,-0.5771,0.622,-0.1347,1,1,2,0.976,0.593,0.407,0,0,0.0,4,TERMINAL_PRESS,-0.0066,0.0251,-0.1356,0.1161
2713,62.144,35.9886,-17.4019,0.5578,-0.0066,0.0266,-0.137,0.217,0.179,0.4,36.1244,-17.5185,0.2,0.0,0.0,0.0,0.1725,-0.1569,-0.5772,0.6225,-0.0918,1,1,2,0.975,0.594,0.406,0,0,0.0,4,TERMINAL_PRESS,-0.0066,0.0266,-0.1358,0.1166
2714,62.155,35.9885,-17.4014,0.555,-0.0063,0.0264,-0.137,0.215,0.179,0.398,36.1244,-17.5185,0.2,0.0,0.0,0.0,0.1725,-0.1574,-0.5772,0.6226,-0.1305,1,1,2,0.976,0.595,0.405,0,0,0.0,4,TERMINAL_PRESS,-0.0063,0.0264,-0.1359,0.1171
2715,62.167,35.9884,-17.4008,0.5523,-0.0072,0.0279,-0.1371,0.212,0.18,0.396,36.1244,-17.5185,0.2,0.0,0.0,0.0,0.1731,-0.1587,-0.5769,0.6229,-0.0973,1,1,2,0.976,0.596,0.404,0,0,0.0,4,TERMINAL_PRESS,-0.0072,0.0279,-0.136,0.1177
2716,62.178,35.9882,-17.4003,0.5495,-0.008,0.0279,-0.1371,0.209,0.18,0.393,36.1244,-17.5185,0.2,0.0,0.0,0.0,0.1736,-0.1594,-0.5769,0.6232,-0.1345,1,1,2,0.976,0.599,0.401,0,0,0.0,4,SETTLE_PHASE,-0.008,0.0279,-0.1362,0.1182
2717,62.19,35.988,-17.3997,0.5475,-0.0086,0.0293,-0.1002,0.207,0.181,0.392,36.1244,-17.5185,0.2,0.0,0.0,0.0,0.1741,-0.1608,-0.6397,0.6821,-0.1153,1,1,2,0.976,0.592,0.408,0,0,0.0,4,SETTLE_PHASE,-0.0086,0.0293,-0.1364,0.1188
2718,62.201,35.9879,-17.3991,0.546,-0.0076,0.0288,-0.0766,0.206,0.181,0.391,36.1244,-17.5185,0.2,0.0,0.0,0.0,0.1738,-0.1613,-0.6797,0.7199,-0.1562,1,1,2,0.976,0.59,0.41,0,0,0.0,4,SETTLE_PHASE,-0.0076,0.0288,-0.1365,0.1194
2719,62.213,35.9878,-17.3985,0.5448,-0.0058,0.0278,-0.0615,0.204,0.182,0.39,36.1244,-17.5185,0.2,0.0,0.0,0.0,0.1732,-0.1615,-0.7054,0.7441,-0.1108,1,1,2,0.976,0.594,0.406,0,0,0.0,4,SETTLE_PHASE,-0.0058,0.0278,-0.1367,0.12
2720,62.224,35.9877,-17.3981,0.5437,-0.0018,0.0231,-0.0522,0.203,0.182,0.389,36.1244,-17.5185,0.2,0.0,0.0,0.0,0.1716,-0.1602,-0.7213,0.7586,-0.1499,1,1,2,0.976,0.594,0.406,0,0,0.0,4,SETTLE_PHASE,-0.0018,0.0231,-0.1367,0.1204
2721,62.235,35.9878,-17.3977,0.5428,0.0029,0.0184,-0.0461,0.202,0.182,0.388,36.1244,-17.5185,0.2,0.0,0.0,0.0,0.1696,-0.1587,-0.7316,0.7676,-0.1045,1,1,2,0.976,0.596,0.404,0,0,0.0,4,SETTLE_PHASE,0.0029,0.0184,-0.1366,0.1208
2722,62.246,35.988,-17.3975,0.542,0.0091,0.0106,-0.0426,0.201,0.182,0.388,36.1244,-17.5185,0.2,0.0,0.0,0.0,0.1667,-0.1557,-0.7376,0.7721,-0.1431,1,1,2,0.976,0.598,0.402,0,0,0.0,4,SETTLE_PHASE,0.0091,0.0106,-0.1364,0.121
2723,62.258,35.9883,-17.3974,0.5412,0.0155,0.0032,-0.0403,0.201,0.182,0.387,36.1244,-17.5185,0.2,0.0,0.0,0.0,0.1637,-0.1527,-0.7415,0.7745,-0.0974,1,1,2,0.976,0.597,0.403,0,0,0.0,4,SETTLE_PHASE,0.0155,0.0032,-0.1361,0.1211
2724,62.269,35.9887,-17.3976,0.5404,0.023,-0.0069,-0.0391,0.2,0.182,0.386,36.1244,-17.5185,0.2,0.0,0.0,0.0,0.16,-0.1483,-0.7435,0.7748,-0.137,1,1,2,0.977,0.598,0.402,0,0,0.0,4,SETTLE_PHASE,0.023,-0.0069,-0.1357,0.1209
2725,62.281,35.9893,-17.3979,0.5396,0.0302,-0.0162,-0.0385,0.199,0.181,0.385,36.1244,-17.5185,0.2,0.0,0.0,0.0,0.1562,-0.144,-0.7445,0.7743,-0.0908,1,1,2,0.977,0.598,0.402,0,0,0.0,4,SETTLE_PHASE,0.0302,-0.0162,-0.1351,0.1206
2726,62.292,35.9901,-17.3985,0.5388,0.0382,-0.0278,-0.0385,0.198,0.18,0.384,36.1244,-17.5185,0.2,0.0,0.0,0.0,0.1519,-0.1385,-0.7445,0.7724,-0.1219,1,1,2,0.977,0.597,0.403,0,0,0.0,4,SETTLE_PHASE,0.0382,-0.0278,-0.1343,0.12
2727,62.304,35.991,-17.3992,0.538,0.0456,-0.0382,-0.0391,0.198,0.179,0.382,36.1244,-17.5185,0.2,0.0,0.0,0.0,0.1477,-0.1332,-0.7434,0.7696,-0.0833,1,1,2,0.976,0.597,0.403,0,0,0.0,4,SETTLE_PHASE,0.0456,-0.0382,-0.1334,0.1193
2728,62.315,35.9921,-17.4002,0.5375,0.0535,-0.0505,-0.0289,0.197,0.177,0.381,36.1244,-17.5185,0.2,0.0,0.0,0.0,0.1431,-0.1267,-0.7608,0.7845,-0.0803,1,1,2,0.976,0.594,0.406,0,0,0.0,4,SETTLE_PHASE,0.0535,-0.0505,-0.1323,0.1183
2729,62.326,35.9933,-17.4014,0.537,0.0599,-0.0606,-0.0223,0.197,0.176,0.38,36.1244,-17.5185,0.2,0.0,0.0,0.0,0.1389,-0.121,-0.7721,0.7938,-0.088,1,1,2,0.976,0.592,0.408,0,0,0.0,4,SETTLE_PHASE,0.0599,-0.0606,-0.1311,0.1171
2730,62.337,35.9945,-17.4028,0.5367,0.0631,-0.0678,-0.0173,0.196,0.174,0.379,36.1244,-17.5185,0.2,0.0,0.0,0.0,0.1359,-0.1163,-0.7805,0.8008,-0.1075,1,1,2,0.976,0.596,0.404,0,0,0.0,4,SETTLE_PHASE,0.0631,-0.0678,-0.1299,0.1157
2731,62.348,35.9959,-17.4042,0.5364,0.0658,-0.0727,-0.0138,0.196,0.172,0.378,36.1244,-17.5185,0.2,0.0,0.0,0.0,0.1331,-0.1123,-0.7865,0.8056,-0.0921,1,1,2,0.976,0.592,0.408,0,0,0.0,4,SETTLE_PHASE,0.0658,-0.0727,-0.1285,0.1143
2732,62.36,35.9972,-17.4058,0.5362,0.0645,-0.0765,-0.0119,0.196,0.17,0.377,36.1244,-17.5185,0.2,0.0,0.0,0.0,0.132,-0.1088,-0.7897,0.8081,-0.1267,1,1,2,0.976,0.588,0.412,0,0,0.0,4,SETTLE_PHASE,0.0645,-0.0765,-0.1273,0.1127
2733,62.372,35.9984,-17.4073,0.536,0.0624,-0.0778,-0.0103,0.195,0.168,0.376,36.1244,-17.5185,0.2,0.0,0.0,0.0,0.1313,-0.1063,-0.7925,0.8103,-0.0969,1,1,2,0.976,0.587,0.413,0,0,0.0,4,SETTLE_PHASE,0.0624,-0.0778,-0.126,0.1112
2734,62.383,35.9996,-17.4089,0.5358,0.059,-0.0791,-0.0096,0.195,0.166,0.375,36.1244,-17.5185,0.2,0.0,0.0,0.0,0.1313,-0.1037,-0.7937,0.8111,-0.1354,1,1,2,0.976,0.588,0.412,0,0,0.0,4,SETTLE_PHASE,0.059,-0.0791,-0.1248,0.1096
2735,62.395,36.0007,-17.4105,0.5356,0.0545,-0.0779,-0.0086,0.195,0.164,0.374,36.1244,-17.5185,0.2,0.0,0.0,0.0,0.1318,-0.1023,-0.7954,0.8127,-0.0925,1,1,2,0.976,0.587,0.413,0,0,0.0,4,SETTLE_PHASE,0.0545,-0.0779,-0.1237,0.108
2736,62.407,36.0017,-17.412,0.5354,0.0505,-0.0773,-0.0078,0.195,0.162,0.373,36.1244,-17.5185,0.2,0.0,0.0,0.0,0.1322,-0.1006,-0.7967,0.8139,-0.1285,1,1,2,0.976,0.587,0.413,0,0,0.0,4,SETTLE_PHASE,0.0505,-0.0773,-0.1227,0.1065
2737,62.419,36.0026,-17.4135,0.5353,0.0454,-0.0739,-0.0074,0.195,0.161,0.372,36.1244,-17.5185,0.2,0.0,0.0,0.0,0.1332,-0.1001,-0.7974,0.8147,-0.0854,1,1,2,0.975,0.584,0.416,0,0,0.0,4,SETTLE_PHASE,0.0454,-0.0739,-0.1218,0.105
2738,62.431,36.0034,-17.4149,0.5352,0.0405,-0.0708,-0.007,0.195,0.159,0.371,36.1244,-17.5185,0.2,0.0,0.0,0.0,0.0969,-0.0687,-0.798,0.8068,-0.121,1,1,2,0.975,0.586,0.414,0,0,0.0,4,SETTLE_PHASE,0.0405,-0.0708,-0.121,0.1036
2739,62.443,36.0041,-17.4162,0.535,0.0343,-0.0647,-0.0072,0.195,0.158,0.37,36.1244,-17.5185,0.2,0.0,0.0,0.0,0.0605,-0.0374,-0.7978,0.8009,-0.0942,1,1,2,0.974,0.583,0.417,0,0,0.0,4,SETTLE_PHASE,0.0343,-0.0647,-0.1203,0.1023
2740,62.455,36.0046,-17.4174,0.5349,0.0281,-0.0584,-0.0071,0.194,0.157,0.37,36.1244,-17.5185,0.2,0.0,0.0,0.0,0.0241,-0.0062,-0.7979,0.7983,-0.1295,1,1,2,0.975,0.585,0.415,0,0,0.0,4,SETTLE_PHASE,0.0281,-0.0584,-0.1198,0.1011
2741,62.468,36.0051,-17.4184,0.5347,0.0217,-0.0501,-0.0072,0.194,0.156,0.369,36.1244,-17.5185,0.2,0.0,0.0,0.0,-0.0092,0.0211,-0.7978,0.7981,-0.0864,1,1,2,0.974,0.583,0.417,0,0,0.0,4,SETTLE_PHASE,0.0217,-0.0501,-0.1193,0.1001
2742,62.48,36.0054,-17.4192,0.5346,0.0164,-0.0427,-0.0073,0.194,0.155,0.369,36.1244,-17.5185,0.2,0.0,0.0,0.0,-0.0069,0.018,-0.7977,0.7979,-0.122,1,1,2,0.975,0.585,0.415,0,0,0.0,4,SETTLE_PHASE,0.0164,-0.0427,-0.119,0.0993
2743,62.491,36.0056,-17.4199,0.5344,0.0106,-0.0329,-0.0077,0.194,0.154,0.368,36.1244,-17.5185,0.2,0.0,0.0,0.0,-0.0045,0.0139,-0.797,0.7971,-0.1112,1,1,2,0.974,0.584,0.416,0,0,0.0,4,SETTLE_PHASE,0.0106,-0.0329,-0.1188,0.0986
2744,62.503,36.0057,-17.4204,0.5343,0.0057,-0.0237,-0.008,0.194,0.154,0.368,36.1244,-17.5185,0.2,0.0,0.0,0.0,-0.0024,0.01,-0.7965,0.7965,-0.1164,1,1,2,0.975,0.585,0.415,0,0,0.0,4,SETTLE_PHASE,0.0057,-0.0237,-0.1187,0.0981
2745,62.513,36.0057,-17.4207,0.5341,-0.0005,-0.0144,-0.0082,0.194,0.154,0.368,36.1244,-17.5185,0.2,0.0,0.0,0.0,0.0002,0.0061,-0.7961,0.7961,-0.1342,1,1,2,0.975,0.585,0.415,0,0,0.0,4,SETTLE_PHASE,-0.0005,-0.0144,-0.1187,0.0978
2746,62.525,36.0056,-17.4208,0.5339,-0.0056,-0.0054,-0.0087,0.193,0.154,0.368,36.1244,-17.5185,0.2,0.0,0.0,0.0,0.0024,0.0023,-0.7951,0.7951,-0.1113,1,1,2,0.976,0.591,0.409,0,0,0.0,4,TERMINAL_PRESS,-0.0056,-0.0054,-0.1188,0.0977
2747,62.536,36.0054,-17.4208,0.5328,-0.0102,-0.0002,-0.0566,0.192,0.154,0.367,36.1244,-17.5185,0.2,0.0,0.0,0.0,0.0043,0.0001,-0.7137,0.7137,-0.1192,1,1,2,0.976,0.592,0.408,0,0,0.0,4,TERMINAL_PRESS,-0.0102,-0.0002,-0.119,0.0977
2748,62.548,36.0051,-17.4207,0.531,-0.0136,0.0052,-0.0871,0.191,0.154,0.365,36.1244,-17.5185,0.2,0.0,0.0,0.0,0.0057,-0.0022,-0.6619,0.6619,-0.1034,1,1,2,0.976,0.596,0.404,0,0,0.0,4,TERMINAL_PRESS,-0.0136,0.0052,-0.1193,0.0978
2749,62.559,36.0048,-17.4205,0.5289,-0.0179,0.0097,-0.106,0.188,0.155,0.363,36.1244,-17.5185,0.2,0.0,0.0,0.0,0.0076,-0.0041,-0.6297,0.6298,-0.1246,1,1,2,0.976,0.592,0.408,0,0,0.0,4,TERMINAL_PRESS,-0.0179,0.0097,-0.1196,0.098
2750,62.57,36.0044,-17.4202,0.5266,-0.0202,0.0142,-0.1177,0.186,0.155,0.362,36.1244,-17.5185,0.2,0.0,0.0,0.0,0.0085,-0.006,-0.6099,0.61,-0.1091,1,1,2,0.976,0.594,0.406,0,0,0.0,4,TERMINAL_PRESS,-0.0202,0.0142,-0.12,0.0983
2751,62.581,36.0039,-17.4198,0.5241,-0.0232,0.0174,-0.1256,0.184,0.156,0.36,36.1244,-17.5185,0.2,0.0,0.0,0.0,0.0098,-0.0073,-0.5964,0.5966,-0.1269,1,1,2,0.976,0.593,0.407,0,0,0.0,4,TERMINAL_PRESS,-0.0232,0.0174,-0.1205,0.0987
2752,62.593,36.0034,-17.4194,0.5215,-0.0244,0.0205,-0.1299,0.181,0.156,0.357,36.1244,-17.5185,0.2,0.0,0.0,0.0,0.0103,-0.0087,-0.5892,0.5893,-0.106,1,1,2,0.976,0.6,0.4,0,0,0.0,4,TERMINAL_PRESS,-0.0244,0.0205,-0.121,0.0991
2753,62.604,36.0029,-17.419,0.5188,-0.0266,0.0222,-0.1325,0.178,0.157,0.355,36.1244,-17.5185,0.2,0.0,0.0,0.0,0.0112,-0.0093,-0.5847,0.5848,-0.1244,1,1,2,0.976,0.599,0.401,0,0,0.0,4,TERMINAL_PRESS,-0.0266,0.0222,-0.1215,0.0995
2754,62.616,36.0023,-17.4185,0.5161,-0.027,0.0236,-0.1342,0.176,0.158,0.353,36.1244,-17.5185,0.2,0.0,0.0,0.0,0.0114,-0.01,-0.5819,0.5821,-0.1039,1,1,2,0.976,0.597,0.403,0,0,0.0,4,TERMINAL_PRESS,-0.027,0.0236,-0.1221,0.1
2755,62.627,36.0018,-17.418,0.5134,-0.0288,0.0234,-0.1353,0.173,0.159,0.351,36.1244,-17.5185,0.2,0.0,0.0,0.0,0.0122,-0.0099,-0.58,0.5802,-0.1123,1,1,2,0.976,0.6,0.4,0,0,0.0,4,TERMINAL_PRESS,-0.0288,0.0234,-0.1226,0.1005
2756,62.639,36.0012,-17.4176,0.5107,-0.0292,0.0229,-0.1365,0.17,0.159,0.349,36.1244,-17.5185,0.2,0.0,0.0,0.0,0.0123,-0.0096,-0.5779,0.5781,-0.0971,1,1,2,0.976,0.601,0.399,0,0,0.0,4,TERMINAL_PRESS,-0.0292,0.0229,-0.1232,0.1009
2757,62.649,36.0006,-17.4172,0.508,-0.0312,0.0214,-0.1368,0.167,0.16,0.347,36.1244,-17.5185,0.2,0.0,0.0,0.0,0.0496,-0.0399,-0.5775,0.581,-0.1211,1,1,2,0.976,0.597,0.403,0,0,0.0,4,TERMINAL_PRESS,-0.0312,0.0214,-0.1238,0.1013
2758,62.661,35.9999,-17.4167,0.5052,-0.0315,0.0204,-0.1368,0.165,0.161,0.345,36.1244,-17.5185,0.2,0.0,0.0,0.0,0.087,-0.0699,-0.5774,0.5881,-0.106,1,1,2,0.976,0.596,0.404,0,0,0.0,4,TERMINAL_PRESS,-0.0315,0.0204,-0.1245,0.1018
2759,62.672,35.9993,-17.4164,0.5025,-0.0334,0.0183,-0.137,0.162,0.162,0.343,36.1244,-17.5185,0.2,0.0,0.0,0.0,0.1248,-0.0995,-0.577,0.5987,-0.1265,1,1,2,0.976,0.597,0.403,0,0,0.0,4,TERMINAL_PRESS,-0.0334,0.0183,-0.1251,0.1021
2760,62.683,35.9986,-17.4161,0.4997,-0.034,0.0166,-0.1375,0.159,0.162,0.341,36.1244,-17.5185,0.2,0.0,0.0,0.0,0.163,-0.1286,-0.5762,0.6125,-0.104,1,1,2,0.978,0.597,0.403,0,0,0.0,4,TERMINAL_PRESS,-0.034,0.0166,-0.1258,0.1024
2761,62.694,35.9979,-17.4158,0.497,-0.0352,0.0134,-0.1373,0.156,0.163,0.339,36.1244,-17.5185,0.2,0.0,0.0,0.0,0.1729,-0.134,-0.5765,0.6167,-0.1168,1,1,2,0.978,0.596,0.404,0,0,0.0,4,TERMINAL_PRESS,-0.0352,0.0134,-0.1265,0.1027
2762,62.705,35.9972,-17.4156,0.4942,-0.0338,0.0102,-0.1378,0.154,0.164,0.337,36.1244,-17.5185,0.2,0.0,0.0,0.0,0.1732,-0.1329,-0.5757,0.6157,-0.0979,1,1,2,0.978,0.595,0.405,0,0,0.0,4,TERMINAL_PRESS,-0.0338,0.0102,-0.1272,0.1029
2763,62.716,35.9965,-17.4155,0.4915,-0.0332,0.0057,-0.1375,0.151,0.164,0.335,36.1244,-17.5185,0.2,0.0,0.0,0.0,0.1738,-0.1312,-0.5763,0.6161,-0.1191,1,1,2,0.978,0.594,0.406,0,0,0.0,4,TERMINAL_PRESS,-0.0332,0.0057,-0.1279,0.103
2764,62.728,35.9959,-17.4154,0.4887,-0.0301,0.0015,-0.1373,0.148,0.165,0.332,36.1244,-17.5185,0.2,0.0,0.0,0.0,0.1732,-0.1294,-0.5765,0.6158,-0.1,1,1,2,0.978,0.599,0.401,0,0,0.0,4,TERMINAL_PRESS,-0.0301,0.0015,-0.1285,0.1031
2765,62.738,35.9954,-17.4155,0.486,-0.0279,-0.004,-0.1374,0.145,0.165,0.33,36.1244,-17.5185,0.2,0.0,0.0,0.0,0.173,-0.1271,-0.5764,0.6151,-0.1018,1,1,2,0.978,0.597,0.403,0,0,0.0,4,TERMINAL_PRESS,-0.0279,-0.004,-0.129,0.103
2766,62.749,35.9949,-17.4157,0.4832,-0.0238,-0.0093,-0.1374,0.143,0.165,0.328,36.1244,-17.5185,0.2,0.0,0.0,0.0,0.1719,-0.1246,-0.5764,0.6143,-0.0813,1,1,2,0.978,0.598,0.402,0,0,0.0,4,TERMINAL_PRESS,-0.0238,-0.0093,-0.1295,0.1028
2767,62.761,35.9945,-17.416,0.4805,-0.0202,-0.0142,-0.1373,0.14,0.165,0.326,36.1244,-17.5185,0.2,0.0,0.0,0.0,0.1709,-0.1222,-0.5766,0.6136,-0.1036,1,1,2,0.978,0.594,0.406,0,0,0.0,4,TERMINAL_PRESS,-0.0202,-0.0142,-0.1299,0.1025
2768,62.772,35.9942,-17.4163,0.4777,-0.0146,-0.0174,-0.1373,0.137,0.165,0.323,36.1244,-17.5185,0.2,0.0,0.0,0.0,0.1689,-0.1204,-0.5766,0.6128,-0.0836,1,1,2,0.978,0.594,0.406,0,0,0.0,4,TERMINAL_PRESS,-0.0146,-0.0174,-0.1302,0.1022
2769,62.784,35.994,-17.4167,0.475,-0.0102,-0.0204,-0.1373,0.134,0.165,0.321,36.1244,-17.5185,0.2,0.0,0.0,0.0,0.1673,-0.1186,-0.5767,0.6121,-0.1067,1,1,2,0.978,0.595,0.405,0,0,0.0,4,TERMINAL_PRESS,-0.0102,-0.0204,-0.1304,0.1018
2770,62.796,35.9939,-17.4172,0.4723,-0.0041,-0.0216,-0.1372,0.132,0.165,0.318,36.1244,-17.5185,0.2,0.0,0.0,0.0,0.1649,-0.1176,-0.5767,0.6112,-0.0866,1,1,2,0.978,0.596,0.404,0,0,0.0,4,TERMINAL_PRESS,-0.0041,-0.0216,-0.1305,0.1013
2771,62.808,35.9939,-17.4176,0.4695,0.0003,-0.0228,-0.1372,0.129,0.165,0.316,36.1244,-17.5185,0.2,0.0,0.0,0.0,0.163,-0.1165,-0.5767,0.6105,-0.1104,1,1,2,0.978,0.597,0.403,0,0,0.0,4,TERMINAL_PRESS,0.0003,-0.0228,-0.1305,0.1009
2772,62.82,35.994,-17.4181,0.4668,0.006,-0.0224,-0.1372,0.126,0.165,0.313,36.1244,-17.5185,0.2,0.0,0.0,0.0,0.1604,-0.1161,-0.5768,0.6098,-0.0903,1,1,2,0.978,0.597,0.403,0,0,0.0,4,TERMINAL_PRESS,0.006,-0.0224,-0.1304,0.1004
2773,62.832,35.9942,-17.4185,0.464,0.0096,-0.022,-0.1372,0.124,0.164,0.311,36.1244,-17.5185,0.2,0.0,0.0,0.0,0.1587,-0.1157,-0.5768,0.6094,-0.1149,1,1,2,0.978,0.604,0.396,0,0,0.0,4,TERMINAL_PRESS,0.0096,-0.022,-0.1302,0.1
2774,62.843,35.9945,-17.4189,0.4613,0.0141,-0.0201,-0.1371,0.121,0.164,0.308,36.1244,-17.5185,0.2,0.0,0.0,0.0,0.1564,-0.116,-0.5769,0.6089,-0.0949,1,1,2,0.978,0.604,0.396,0,0,0.0,4,TERMINAL_PRESS,0.0141,-0.0201,-0.1299,0.0996
2775,62.855,35.9948,-17.4193,0.4585,0.0161,-0.0185,-0.1376,0.118,0.163,0.306,36.1244,-17.5185,0.2,0.0,0.0,0.0,0.1552,-0.1162,-0.5761,0.6079,-0.117,1,1,2,0.978,0.602,0.398,0,0,0.0,4,TERMINAL_PRESS,0.0161,-0.0185,-0.1296,0.0992
2776,62.867,35.9952,-17.4196,0.4558,0.0186,-0.0155,-0.1373,0.115,0.163,0.303,36.1244,-17.5185,0.2,0.0,0.0,0.0,0.1537,-0.1171,-0.5765,0.608,-0.0951,1,1,2,0.978,0.602,0.398,0,0,0.0,4,TERMINAL_PRESS,0.0186,-0.0155,-0.1292,0.0989
2777,62.879,35.9956,-17.4199,0.453,0.0183,-0.0129,-0.1373,0.113,0.162,0.301,36.1244,-17.5185,0.2,0.0,0.0,0.0,0.1533,-0.1179,-0.5765,0.6081,-0.1245,1,1,2,0.978,0.602,0.398,0,0,0.0,4,TERMINAL_PRESS,0.0183,-0.0129,-0.1288,0.0986
2778,62.891,35.9959,-17.42,0.4503,0.0182,-0.009,-0.1373,0.11,0.162,0.298,36.1244,-17.5185,0.2,0.0,0.0,0.0,0.1529,-0.1193,-0.5766,0.6083,-0.0989,1,1,2,0.978,0.603,0.397,0,0,0.0,4,TERMINAL_PRESS,0.0182,-0.009,-0.1285,0.0985
2779,62.903,35.9963,-17.4202,0.4475,0.0172,-0.0062,-0.1372,0.107,0.162,0.296,36.1244,-17.5185,0.2,0.0,0.0,0.0,0.1529,-0.1203,-0.2528,0.319,-0.1215,1,1,2,0.978,0.6,0.4,0,0,0.0,4,TERMINAL_PRESS,0.0172,-0.0062,-0.1281,0.0983
2780,62.914,35.9966,-17.4202,0.4448,0.0171,-0.0024,-0.1371,0.104,0.161,0.293,36.1244,-17.5185,0.2,0.0,0.0,0.0,0.1525,-0.1218,-0.253,0.3195,-0.1008,1,1,2,0.978,0.602,0.398,0,0,0.0,4,TERMINAL_PRESS,0.0171,-0.0024,-0.1278,0.0983
2781,62.928,35.9969,-17.4202,0.4421,0.0148,0.0005,-0.1372,0.102,0.161,0.291,36.1244,-17.5185,0.2,0.0,0.0,0.0,0.1531,-0.1231,-0.2528,0.3201,-0.1278,1,1,2,0.978,0.601,0.399,0,0,0.0,4,TERMINAL_PRESS,0.0148,0.0005,-0.1275,0.0983
2782,62.94,35.9972,-17.4201,0.4393,0.013,0.0042,-0.1371,0.099,0.161,0.288,36.1244,-17.5185,0.2,0.0,0.0,0.0,0.1536,-0.1248,-0.2529,0.3211,-0.1076,1,1,2,0.978,0.603,0.397,0,0,0.0,4,TERMINAL_PRESS,0.013,0.0042,-0.1272,0.0984
2783,62.952,35.9974,-17.42,0.4366,0.0099,0.0067,-0.1377,0.096,0.161,0.286,36.1244,-17.5185,0.2,0.0,0.0,0.0,0.1546,-0.126,-0.252,0.3213,-0.1272,1,1,2,0.978,0.601,0.399,0,0,0.0,4,TERMINAL_PRESS,0.0099,0.0067,-0.127,0.0985
2784,62.964,35.9976,-17.4198,0.4338,0.0084,0.0094,-0.1374,0.093,0.161,0.284,36.1244,-17.5185,0.2,0.0,0.0,0.0,0.155,-0.1273,-0.2524,0.3224,-0.1046,1,1,2,0.978,0.601,0.399,0,0,0.0,4,TERMINAL_PRESS,0.0084,0.0094,-0.1269,0.0987
2785,62.977,35.9977,-17.4196,0.4311,0.0053,0.0107,-0.1372,0.091,0.161,0.282,36.1244,-17.5185,0.2,0.0,0.0,0.0,0.1562,-0.1282,-0.2527,0.3235,-0.124,1,1,2,0.978,0.599,0.401,0,0,0.0,4,TERMINAL_PRESS,0.0053,0.0107,-0.1268,0.0989
2786,62.988,35.9977,-17.4193,0.4283,0.0035,0.0122,-0.1371,0.088,0.161,0.279,36.1244,-17.5185,0.2,0.0,0.0,0.0,0.1569,-0.1291,-0.2529,0.3244,-0.1022,1,1,2,0.978,0.604,0.396,0,0,0.0,4,TERMINAL_PRESS,0.0035,0.0122,-0.1267,0.0992
2787,62.999,35.9977,-17.4191,0.4256,-0.0004,0.0122,-0.1373,0.085,0.161,0.277,36.1244,-17.5185,0.2,0.0,0.0,0.0,0.1585,-0.1294,-0.2526,0.3251,-0.1132,1,1,2,0.978,0.603,0.397,0,0,0.0,4,TERMINAL_PRESS,-0.0004,0.0122,-0.1267,0.0994
2788,63.01,35.9977,-17.4188,0.4228,-0.0034,0.0122,-0.1378,0.082,0.161,0.275,36.1244,-17.5185,0.2,0.0,0.0,0.0,0.1599,-0.1297,-0.2517,0.3252,-0.0944,1,1,2,0.979,0.608,0.392,0,0,0.0,4,TERMINAL_PRESS,-0.0034,0.0122,-0.1268,0.0997
2789,63.022,35.9975,-17.4186,0.4201,-0.0077,0.0114,-0.1375,0.08,0.162,0.273,36.1244,-17.5185,0.2,0.0,0.0,0.0,0.1619,-0.1296,-0.2522,0.3265,-0.1158,1,1,2,0.979,0.604,0.396,0,0,0.0,4,TERMINAL_PRESS,-0.0077,0.0114,-0.1269,0.0999
2790,63.033,35.9973,-17.4184,0.4173,-0.0102,0.011,-0.1374,0.077,0.162,0.271,36.1244,-17.5185,0.2,0.0,0.0,0.0,0.1632,-0.1298,-0.2525,0.3274,-0.0977,1,1,2,0.979,0.605,0.395,0,0,0.0,4,TERMINAL_PRESS,-0.0102,0.011,-0.1271,0.1001
2791,63.045,35.997,-17.4182,0.4146,-0.0144,0.0097,-0.1373,0.074,0.162,0.269,36.1244,-17.5185,0.2,0.0,0.0,0.0,0.1653,-0.1294,-0.2526,0.3284,-0.1206,1,1,2,0.979,0.601,0.399,0,0,0.0,4,TERMINAL_PRESS,-0.0144,0.0097,-0.1274,0.1003
2792,63.058,35.9967,-17.418,0.4118,-0.0171,0.0088,-0.1373,0.071,0.163,0.267,36.1244,-17.5185,0.2,0.0,0.0,0.0,0.1669,-0.1293,-0.2527,0.3292,-0.1023,1,1,2,0.979,0.604,0.396,0,0,0.0,4,TERMINAL_PRESS,-0.0171,0.0088,-0.1277,0.1005
2793,63.07,35.9962,-17.4179,0.4091,-0.0215,0.0067,-0.1374,0.069,0.163,0.265,36.1244,-17.5185,0.2,0.0,0.0,0.0,0.1693,-0.1286,-0.2523,0.3299,-0.1113,1,1,2,0.979,0.603,0.397,0,0,0.0,4,TERMINAL_PRESS,-0.0215,0.0067,-0.1282,0.1006
2794,63.083,35.9957,-17.4178,0.4063,-0.0246,0.0048,-0.1374,0.066,0.163,0.263,36.1244,-17.5185,0.2,0.0,0.0,0.0,0.1712,-0.1279,-0.2525,0.3308,-0.0926,1,1,2,0.979,0.604,0.396,0,0,0.0,4,TERMINAL_PRESS,-0.0246,0.0048,-0.1287,0.1007
2795,63.095,35.9952,-17.4178,0.4036,-0.0285,0.0026,-0.1373,0.063,0.164,0.261,36.1244,-17.5185,0.2,0.0,0.0,0.0,0.1735,-0.127,-0.2526,0.3318,-0.1144,1,1,2,0.979,0.606,0.394,0,0,0.0,4,TERMINAL_PRESS,-0.0285,0.0026,-0.1292,0.1008
2796,63.107,35.9946,-17.4177,0.4008,-0.0304,0.0015,-0.1372,0.06,0.164,0.26,36.1244,-17.5185,0.2,0.0,0.0,0.0,0.1751,-0.1266,-0.2527,0.3325,-0.0951,1,1,2,0.979,0.607,0.393,0,0,0.0,4,TERMINAL_PRESS,-0.0304,0.0015,-0.1298,0.1008
2797,63.119,35.9939,-17.4177,0.3981,-0.0336,-0.0001,-0.1373,0.058,0.165,0.258,36.1244,-17.5185,0.2,0.0,0.0,0.0,0.1773,-0.1259,-0.2527,0.3333,-0.1196,1,1,2,0.979,0.607,0.393,0,0,0.0,4,TERMINAL_PRESS,-0.0336,-0.0001,-0.1305,0.1008
2798,63.132,35.9932,-17.4177,0.3954,-0.0351,-0.0006,-0.1372,0.055,0.165,0.256,36.1244,-17.5185,0.2,0.0,0.0,0.0,0.1788,-0.1257,-0.2528,0.3341,-0.0999,1,1,2,0.979,0.608,0.392,0,0,0.0,4,TERMINAL_PRESS,-0.0351,-0.0006,-0.1312,0.1008
2799,63.144,35.9924,-17.4178,0.3926,-0.0376,-0.0019,-0.1376,0.052,0.166,0.254,36.1244,-17.5185,0.2,0.0,0.0,0.0,0.1808,-0.1251,-0.252,0.3344,-0.12,1,1,2,0.979,0.609,0.391,0,0,0.0,4,TERMINAL_PRESS,-0.0376,-0.0019,-0.132,0.1007
2800,63.156,35.9917,-17.4178,0.3899,-0.0382,-0.0026,-0.1374,0.049,0.167,0.253,36.1244,-17.5185,0.2,0.0,0.0,0.0,0.182,-0.1248,-0.2524,0.3352,-0.0978,1,1,2,0.979,0.607,0.393,0,0,0.0,4,TERMINAL_PRESS,-0.0382,-0.0026,-0.1327,0.1007
2801,63.169,35.9909,-17.4179,0.3871,-0.04,-0.0041,-0.1372,0.047,0.167,0.251,36.1244,-17.5185,0.2,0.0,0.0,0.0,0.1837,-0.124,-0.2527,0.3361,-0.1181,1,1,2,0.979,0.607,0.393,0,0,0.0,4,TERMINAL_PRESS,-0.04,-0.0041,-0.1335,0.1006
2802,63.181,35.9901,-17.418,0.3844,-0.0402,-0.005,-0.1372,0.044,0.168,0.249,36.1244,-17.5185,0.2,0.0,0.0,0.0,0.1848,-0.1235,-0.2528,0.3366,-0.096,1,1,2,0.979,0.605,0.395,0,0,0.0,4,TERMINAL_PRESS,-0.0402,-0.005,-0.1343,0.1005
2803,63.193,35.9892,-17.4181,0.3816,-0.042,-0.0069,-0.1374,0.041,0.168,0.248,36.1244,-17.5185,0.2,0.0,0.0,0.0,0.1866,-0.1226,-0.2524,0.337,-0.1046,1,1,2,0.979,0.607,0.393,0,0,0.0,4,TERMINAL_PRESS,-0.042,-0.0069,-0.1352,0.1004
2804,63.205,35.9884,-17.4183,0.3789,-0.0427,-0.0083,-0.1372,0.038,0.169,0.246,36.1244,-17.5185,0.2,0.0,0.0,0.0,0.1879,-0.1217,-0.2527,0.3376,-0.0827,1,1,2,0.98,0.605,0.395,0,0,0.0,4,TERMINAL_PRESS,-0.0427,-0.0083,-0.136,0.1002
2805,63.218,35.9875,-17.4185,0.3761,-0.0434,-0.01,-0.1371,0.036,0.17,0.244,36.1244,-17.5185,0.2,0.0,0.0,0.0,0.1893,-0.1208,-0.253,0.3383,-0.1029,1,1,2,0.98,0.605,0.395,0,0,0.0,4,TERMINAL_PRESS,-0.0434,-0.01,-0.1369,0.1
2806,63.23,35.9867,-17.4187,0.3734,-0.0413,-0.0103,-0.137,0.033,0.17,0.243,36.1244,-17.5185,0.2,0.0,0.0,0.0,0.1895,-0.1204,-0.2532,0.3384,-0.0807,1,1,2,0.98,0.604,0.396,0,0,0.0,4,TERMINAL_PRESS,-0.0413,-0.0103,-0.1377,0.0998
2807,63.243,35.9859,-17.4189,0.3707,-0.0396,-0.011,-0.1368,0.03,0.171,0.241,36.1244,-17.5185,0.2,0.0,0.0,0.0,0.1898,-0.1198,-0.2534,0.3385,-0.1015,1,1,2,0.98,0.606,0.394,0,0,0.0,4,TERMINAL_PRESS,-0.0396,-0.011,-0.1385,0.0996
2808,63.255,35.9852,-17.4191,0.3679,-0.0356,-0.0106,-0.1368,0.038,0.171,0.24,36.1244,-17.5185,0.2,0.0,0.0,0.0,0.189,-0.1198,-0.2534,0.338,-0.0793,1,1,2,0.98,0.606,0.394,0,0,0.0,4,TERMINAL_PRESS,-0.0356,-0.0106,-0.1392,0.0994
2809,63.267,35.9845,-17.4194,0.3652,-0.0324,-0.0106,-0.1368,0.035,0.171,0.238,36.1244,-17.5185,0.2,0.0,0.0,0.0,0.1884,-0.1195,-0.2535,0.3377,-0.1006,1,1,2,0.98,0.607,0.393,0,0,0.0,4,TERMINAL_PRESS,-0.0324,-0.0106,-0.1399,0.0991
2810,63.28,35.984,-17.4196,0.3624,-0.0272,-0.0096,-0.1368,0.032,0.172,0.236,36.1244,-17.5185,0.2,0.0,0.0,0.0,0.1869,-0.1197,-0.2534,0.3368,-0.0787,1,1,2,0.98,0.605,0.395,0,0,0.0,4,TERMINAL_PRESS,-0.0272,-0.0096,-0.1404,0.0989
2811,63.292,35.9835,-17.4197,0.3597,-0.0233,-0.0092,-0.1368,0.03,0.172,0.235,36.1244,-17.5185,0.2,0.0,0.0,0.0,0.1859,-0.1196,-0.2534,0.3362,-0.1005,1,1,2,0.98,0.607,0.393,0,0,0.0,4,TERMINAL_PRESS,-0.0233,-0.0092,-0.1409,0.0988
2812,63.306,35.9832,-17.4199,0.357,-0.0178,-0.0079,-0.1369,0.257,0.172,0.233,36.1244,-17.5185,0.2,0.0,0.0,0.0,0.184,-0.12,-0.2533,0.3353,-0.0789,1,1,2,0.98,0.604,0.396,0,0,0.0,4,TERMINAL_PRESS,-0.0178,-0.0079,-0.1412,0.0986
2813,63.32,35.9832,-17.42,0.3547,-0.0006,-0.0035,-0.1139,0.255,0.172,0.232,36.1244,-17.5185,0.2,0.0,0.0,0.0,0.1768,-0.1217,-0.2923,0.3627,-0.0898,1,1,2,0.98,0.605,0.395,0,0,0.0,4,TERMINAL_PRESS,-0.0006,-0.0035,-0.1413,0.0985
2814,63.333,35.9832,-17.42,0.3533,0.0001,-0.001,-0.0723,0.253,0.172,0.231,36.1244,-17.5185,0.2,0.0,0.0,0.0,0.1765,-0.1227,-0.3631,0.422,-0.0891,1,1,2,0.98,0.605,0.395,0,0,0.0,4,TERMINAL_PRESS,0.0001,-0.001,-0.1413,0.0985
2815,63.347,35.9832,-17.42,0.3522,0.0001,0.0,-0.0549,0.252,0.172,0.23,36.1244,-17.5185,0.2,0.0,0.0,0.0,0.1765,-0.1232,-0.3926,0.4478,-0.0888,1,1,2,0.98,0.605,0.395,0,0,0.0,4,TERMINAL_PRESS,0.0001,0.0,-0.1413,0.0985
2816,63.36,35.9832,-17.42,0.3512,0.0001,0.0005,-0.0468,0.251,0.172,0.229,36.1244,-17.5185,0.2,0.0,0.0,0.0,0.1765,-0.1234,-0.4065,0.46,-0.0887,1,1,2,0.98,0.605,0.395,0,0,0.0,4,TERMINAL_PRESS,0.0001,0.0005,-0.1413,0.0985
2817,63.375,35.9832,-17.42,0.3504,0.0001,0.0007,-0.0423,0.25,0.172,0.229,36.1244,-17.5185,0.2,0.0,0.0,0.0,0.1765,-0.1235,-0.4142,0.4668,-0.0886,1,1,2,0.98,0.605,0.395,0,0,0.0,4,TERMINAL_PRESS,0.0001,0.0007,-0.1412,0.0985
2818,63.39,35.9832,-17.4199,0.3496,0.0001,0.0008,-0.0392,0.25,0.172,0.228,36.1244,-17.5185,0.2,0.0,0.0,0.0,0.1765,-0.1235,-0.4194,0.4715,-0.0886,1,1,2,0.98,0.605,0.395,0,0,0.0,4,TERMINAL_PRESS,0.0001,0.0008,-0.1412,0.0986
2819,63.403,35.9832,-17.4199,0.3489,0.0001,0.0008,-0.0367,0.249,0.172,0.228,36.1244,-17.5185,0.2,0.0,0.0,0.0,0.1765,-0.1236,-0.4235,0.4752,-0.0885,1,1,2,0.98,0.605,0.395,0,0,0.0,4,TERMINAL_PRESS,0.0001,0.0008,-0.1412,0.0986
2820,63.418,35.9832,-17.4199,0.3482,0.0001,0.0008,-0.0346,0.248,0.172,0.227,36.1244,-17.5185,0.2,0.0,0.0,0.0,0.1765,-0.1236,-0.4272,0.4784,-0.0885,1,1,2,0.98,0.605,0.395,0,0,0.0,4,TERMINAL_PRESS,0.0001,0.0008,-0.1412,0.0986
2821,63.432,35.9832,-17.4199,0.3475,0.0001,0.0008,-0.0326,0.248,0.172,0.227,36.1244,-17.5185,0.2,0.0,0.0,0.0,0.1765,-0.1236,-0.4305,0.4814,-0.0884,1,1,2,0.98,0.605,0.395,0,0,0.0,4,TERMINAL_PRESS,0.0001,0.0008,-0.1412,0.0986
2822,63.444,35.9832,-17.4199,0.3469,0.0001,0.0008,-0.0308,0.247,0.172,0.226,36.1244,-17.5185,0.2,0.0,0.0,0.0,0.1765,-0.1236,-0.4336,0.4842,-0.0884,1,1,2,0.98,0.605,0.395,0,0,0.0,4,TERMINAL_PRESS,0.0001,0.0008,-0.1412,0.0986
2823,63.457,35.9832,-17.4199,0.3463,0.0001,0.0009,-0.0291,0.246,0.172,0.226,36.1244,-17.5185,0.2,0.0,0.0,0.0,0.1765,-0.1237,-0.4365,0.4868,-0.0884,1,1,2,0.98,0.605,0.395,0,0,0.0,4,TERMINAL_PRESS,0.0001,0.0009,-0.1412,0.0986
2824,63.469,35.9832,-17.4198,0.3458,0.0002,0.0009,-0.0275,0.246,0.172,0.226,36.1244,-17.5185,0.2,0.0,0.0,0.0,0.1765,-0.1237,-0.4392,0.4892,-0.0883,1,1,2,0.98,0.605,0.395,0,0,0.0,4,TERMINAL_PRESS,0.0002,0.0009,-0.1412,0.0987
2825,63.481,35.9832,-17.4198,0.3452,-0.0,0.0007,-0.0259,0.245,0.172,0.225,36.1244,-17.5185,0.2,0.0,0.0,0.0,0.1766,-0.1236,-0.4419,0.4917,-0.0883,1,1,2,0.98,0.605,0.395,0,0,0.0,4,TERMINAL_PRESS,-0.0,0.0007,-0.1412,0.0987
2826,63.494,35.9832,-17.4198,0.3448,0.0,0.0004,-0.0245,0.245,0.172,0.225,36.1244,-17.5185,0.2,0.0,0.0,0.0,0.1765,-0.1235,-0.4444,0.4939,-0.0884,1,1,2,0.98,0.605,0.395,0,0,0.0,4,TERMINAL_PRESS,0.0,0.0004,-0.1412,0.0987
2827,63.508,35.9832,-17.4198,0.3443,0.0,0.0002,-0.0231,0.244,0.172,0.225,36.1244,-17.5185,0.2,0.0,0.0,0.0,0.1765,-0.1235,-0.4467,0.496,-0.0884,1,1,2,0.98,0.605,0.395,0,0,0.0,4,TERMINAL_PRESS,0.0,0.0002,-0.1412,0.0987
2828,63.522,35.9832,-17.4198,0.3439,0.0001,0.0002,-0.0218,0.244,0.172,0.224,36.1244,-17.5185,0.2,0.0,0.0,0.0,0.1765,-0.1234,-0.449,0.498,-0.0884,1,1,2,0.98,0.605,0.395,0,0,0.0,4,TERMINAL_PRESS,0.0001,0.0002,-0.1412,0.0987
2829,63.537,35.9832,-17.4198,0.3434,0.0001,0.0001,-0.0206,0.243,0.172,0.224,36.1244,-17.5185,0.2,0.0,0.0,0.0,0.1765,-0.1234,-0.4511,0.4998,-0.0884,1,1,2,0.98,0.605,0.395,0,0,0.0,4,TERMINAL_PRESS,0.0001,0.0001,-0.1412,0.0987
2830,63.549,35.9832,-17.4198,0.3431,0.0001,0.0001,-0.0194,0.243,0.172,0.224,36.1244,-17.5185,0.2,0.0,0.0,0.0,0.1765,-0.1234,-0.453,0.5016,-0.0884,1,1,2,0.98,0.605,0.395,0,0,0.0,4,TERMINAL_PRESS,0.0001,0.0001,-0.1412,0.0987
2831,63.563,35.9832,-17.4198,0.3427,0.0001,0.0001,-0.0183,0.243,0.172,0.224,36.1244,-17.5185,0.2,0.0,0.0,0.0,0.1765,-0.1234,-0.4549,0.5033,-0.0884,1,1,2,0.98,0.605,0.395,0,0,0.0,4,TERMINAL_PRESS,0.0001,0.0001,-0.1412,0.0987
2832,63.577,35.9832,-17.4198,0.3423,0.0001,0.0001,-0.0173,0.242,0.172,0.223,36.1244,-17.5185,0.2,0.0,0.0,0.0,0.1765,-0.1234,-0.4566,0.5049,-0.0884,1,1,2,0.98,0.605,0.395,0,0,0.0,4,TERMINAL_PRESS,0.0001,0.0001,-0.1412,0.0987
2833,63.59,35.9832,-17.4198,0.342,0.0001,0.0001,-0.0163,0.242,0.172,0.223,36.1244,-17.5185,0.2,0.0,0.0,0.0,0.1765,-0.1234,-0.4583,0.5063,-0.0884,1,1,2,0.98,0.605,0.395,0,0,0.0,4,TERMINAL_PRESS,0.0001,0.0001,-0.1412,0.0987
2834,63.603,35.9832,-17.4198,0.3417,0.0001,0.0001,-0.0154,0.242,0.172,0.223,36.1244,-17.5185,0.2,0.0,0.0,0.0,0.1765,-0.1234,-0.4598,0.5077,-0.0884,1,1,2,0.98,0.605,0.395,0,0,0.0,4,TERMINAL_PRESS,0.0001,0.0001,-0.1412,0.0987
2835,63.617,35.9832,-17.4198,0.3414,0.0001,0.0001,-0.0145,0.241,0.172,0.223,36.1244,-17.5185,0.2,0.0,0.0,0.0,0.1765,-0.1234,-0.4613,0.5091,-0.0884,1,1,2,0.98,0.605,0.395,0,0,0.0,4,TERMINAL_PRESS,0.0001,0.0001,-0.1412,0.0987
2836,63.631,35.9832,-17.4198,0.3411,0.0001,0.0001,-0.0137,0.241,0.172,0.223,36.1244,-17.5185,0.2,0.0,0.0,0.0,0.1765,-0.1234,-0.4627,0.5103,-0.0884,1,1,2,0.98,0.605,0.395,0,0,0.0,4,TERMINAL_PRESS,0.0001,0.0001,-0.1412,0.0987
