step,time_s,pos_x,pos_y,pos_z,vel_x,vel_y,vel_z,agl,dist_xy,dist_3d,target_x,target_y,target_z,plat_vel_x,plat_vel_y,plat_vel_z,cmd_vx,cmd_vy,cmd_vz,cmd_speed,cmd_yaw,landing_phase,descent_phase,assist_type,collision_risk,clutter_density,navigability,escape_active,pred_escape_active,threat_acc,terrain_id,phase_reason,rel_vx_to_pad,rel_vy_to_pad
0,0.0,8.9492,1.5302,3.9063,0.0,0.0,0.0,0.071,9.965,10.632,0.3973,-3.5847,0.2,0.0,0.0,0.0,-0.048,-0.0006,0.048,0.0679,-0.8284,0,0,0,0.979,0.616,0.384,0,0,0.0,5,SEARCH_PHASE,0.0,0.0
1,0.049,8.9492,1.5302,3.9067,0.0,0.0,0.0186,0.071,9.965,10.632,0.3973,-3.5847,0.2,0.0,0.0,0.0,-0.096,-0.0008,0.096,0.1358,-0.8239,0,0,0,0.978,0.577,0.423,0,0,0.0,5,SEARCH_PHASE,0.0,0.0
2,0.093,8.9492,1.5302,3.9076,0.0,-0.0,0.0478,0.072,9.965,10.632,0.3973,-3.5847,0.2,0.0,0.0,0.0,-0.144,-0.0006,0.144,0.2036,-0.8228,0,0,0,0.978,0.588,0.412,0,0,0.0,5,SEARCH_PHASE,0.0,-0.0
3,0.14,8.9492,1.5302,3.9093,-0.003,-0.0,0.0844,0.074,9.965,10.633,0.3973,-3.5847,0.2,0.0,0.0,0.0,-0.192,0.0009,0.192,0.2715,-0.8127,0,0,0,0.978,0.551,0.449,0,0,0.0,5,SEARCH_PHASE,-0.003,-0.0
4,0.187,8.949,1.5302,3.9118,-0.0061,-0.0001,0.1255,0.076,9.965,10.634,0.3973,-3.5847,0.2,0.0,0.0,0.0,-0.2399,0.0025,0.24,0.3394,-0.8209,0,0,0,0.978,0.572,0.428,0,0,0.0,5,SEARCH_PHASE,-0.0061,-0.0001
5,0.234,8.9488,1.5302,3.9152,-0.0123,-0.0,0.1699,0.079,9.964,10.635,0.3973,-3.5847,0.2,0.0,0.0,0.0,-0.2878,0.0061,0.288,0.4072,-0.7776,0,0,0,0.978,0.513,0.487,0,0,0.0,5,SEARCH_PHASE,-0.0123,-0.0
6,0.279,8.9484,1.5302,3.9196,-0.0214,-0.0008,0.2164,0.084,9.964,10.636,0.3973,-3.5847,0.2,0.0,0.0,0.0,-0.3357,0.0091,0.336,0.4751,-0.8076,0,0,0,0.976,0.479,0.521,0,0,0.0,5,SEARCH_PHASE,-0.0214,-0.0008
7,0.326,8.9476,1.5302,3.9248,-0.0368,0.0014,0.2637,0.089,9.963,10.637,0.3973,-3.5847,0.2,0.0,0.0,0.0,-0.3835,0.0139,0.384,0.5429,-0.7863,0,0,0,0.976,0.453,0.547,0,0,0.0,5,SEARCH_PHASE,-0.0368,0.0014
8,0.372,8.9465,1.5303,3.9311,-0.0556,0.0033,0.3123,0.095,9.963,10.638,0.3973,-3.5847,0.2,0.0,0.0,0.0,-0.4312,0.0193,0.432,0.6107,-0.8156,0,0,0,0.976,0.42,0.58,0,0,0.0,5,SEARCH_PHASE,-0.0556,0.0033
9,0.418,8.9449,1.5304,3.9383,-0.0805,0.0066,0.3608,0.102,9.961,10.64,0.3973,-3.5847,0.2,0.0,0.0,0.0,-0.4788,0.0256,0.48,0.6784,-0.7727,0,0,0,0.974,0.364,0.636,0,0,0.0,5,SEARCH_PHASE,-0.0805,0.0066
10,0.464,8.9427,1.5306,3.9465,-0.1088,0.0077,0.4099,0.111,9.959,10.641,0.3973,-3.5847,0.2,0.0,0.0,0.0,-0.5261,0.0336,0.528,0.7461,-0.8011,0,0,0,0.974,0.34,0.66,0,0,0.0,5,SEARCH_PHASE,-0.1088,0.0077
11,0.513,8.9399,1.5308,3.9557,-0.1436,0.0109,0.4583,0.12,9.957,10.642,0.3973,-3.5847,0.2,0.0,0.0,0.0,-0.5733,0.0421,0.576,0.8138,-0.7663,0,0,0,0.974,0.307,0.693,0,0,0.0,5,SEARCH_PHASE,-0.1436,0.0109
12,0.561,8.9362,1.531,3.9658,-0.182,0.0124,0.5065,0.13,9.954,10.643,0.3973,-3.5847,0.2,0.0,0.0,0.0,-0.6202,0.0523,0.624,0.8814,-0.7895,0,0,0,0.972,0.265,0.735,0,0,0.0,5,SEARCH_PHASE,-0.182,0.0124
13,0.61,8.9317,1.5314,3.9769,-0.2234,0.0158,0.5548,0.141,9.95,10.643,0.3973,-3.5847,0.2,0.0,0.0,0.0,-0.6667,0.0643,0.672,0.9488,-0.7622,0,0,0,0.972,0.256,0.744,0,0,0.0,5,SEARCH_PHASE,-0.2234,0.0158
14,0.658,8.9264,1.5317,3.9889,-0.2688,0.0177,0.6022,0.153,9.946,10.643,0.3973,-3.5847,0.2,0.0,0.0,0.0,-0.7129,0.0775,0.72,1.0162,-0.7597,0,0,0,0.972,0.221,0.779,0,0,0.0,5,SEARCH_PHASE,-0.2688,0.0177
15,0.706,8.9201,1.5321,4.0019,-0.3146,0.0209,0.6502,0.166,9.941,10.643,0.3973,-3.5847,0.2,0.0,0.0,0.0,-0.7585,0.0922,0.768,1.0834,-0.7366,0,0,0,0.969,0.189,0.811,0,0,0.0,5,SEARCH_PHASE,-0.3146,0.0209
16,0.754,8.9128,1.5326,4.0159,-0.3645,0.0248,0.6974,0.18,9.935,10.642,0.3973,-3.5847,0.2,0.0,0.0,0.0,-0.804,0.1077,0.816,1.1506,-0.7523,0,0,0,0.969,0.168,0.832,0,0,0.0,5,SEARCH_PHASE,-0.3645,0.0248
17,0.8,8.9045,1.5333,4.0308,-0.4145,0.0317,0.7448,0.195,9.928,10.641,0.3973,-3.5847,0.2,0.0,0.0,0.0,-0.8474,0.1281,0.864,1.217,-0.729,0,0,0,0.969,0.147,0.853,0,0,0.0,5,SEARCH_PHASE,-0.4145,0.0317
18,0.845,8.8951,1.534,4.0466,-0.469,0.039,0.7911,0.211,9.92,10.64,0.3973,-3.5847,0.2,0.0,0.0,0.0,-0.8771,0.0904,0.912,1.2685,-0.7478,0,0,0,0.448,0.127,0.873,0,0,0.0,5,SEARCH_PHASE,-0.469,0.039
19,0.891,8.8846,1.535,4.0633,-0.5239,0.0493,0.8367,0.228,9.912,10.638,0.3973,-3.5847,0.2,0.0,0.0,0.0,-0.9067,0.0526,0.96,1.3216,-0.7269,0,0,0,0.45,0.127,0.873,0,0,0.0,5,SEARCH_PHASE,-0.5239,0.0493
20,0.936,8.873,1.5362,4.081,-0.581,0.0592,0.8813,0.245,9.903,10.636,0.3973,-3.5847,0.2,0.0,0.0,0.0,-0.9363,0.0148,1.008,1.3759,-0.7406,0,0,0,0.439,0.124,0.876,0,0,0.0,5,SEARCH_PHASE,-0.581,0.0592
21,0.983,8.8603,1.5376,4.0995,-0.6364,0.0714,0.926,0.264,9.892,10.633,0.3973,-3.5847,0.2,0.0,0.0,0.0,-0.9659,-0.023,1.056,1.4313,-0.7806,0,0,0,0.447,0.128,0.872,0,0,0.0,5,SEARCH_PHASE,-0.6364,0.0714
22,1.028,8.8464,1.5393,4.1189,-0.6939,0.083,0.9703,0.283,9.881,10.63,0.3973,-3.5847,0.2,0.0,0.0,0.0,-0.9954,-0.0608,1.104,1.4877,-0.7433,0,0,0,0.46,0.13,0.87,0,0,0.0,5,SEARCH_PHASE,-0.6939,0.083
23,1.073,8.8314,1.5411,4.1392,-0.7511,0.09,1.0154,0.303,9.87,10.627,0.3973,-3.5847,0.2,0.0,0.0,0.0,-1.0248,-0.0987,1.152,1.545,-0.7648,0,0,0,0.462,0.138,0.862,0,0,0.0,5,SEARCH_PHASE,-0.7511,0.09
24,1.116,8.8153,1.543,4.1604,-0.8049,0.0953,1.0614,0.325,9.857,10.623,0.3973,-3.5847,0.2,0.0,0.0,0.0,-1.0542,-0.1367,1.2,1.6031,-0.7336,0,0,0,0.476,0.141,0.859,0,0,0.0,5,SEARCH_PHASE,-0.8049,0.0953
25,1.158,8.7981,1.5449,4.1826,-0.8596,0.0965,1.1076,0.347,9.843,10.618,0.3973,-3.5847,0.2,0.0,0.0,0.0,-1.0835,-0.1747,1.248,1.6619,-0.7594,0,0,0,0.485,0.147,0.853,0,0,0.0,5,SEARCH_PHASE,-0.8596,0.0965
26,1.2,8.7799,1.5469,4.2057,-0.9107,0.096,1.1551,0.37,9.829,10.613,0.3973,-3.5847,0.2,0.0,0.0,0.0,-1.1128,-0.2128,1.296,1.7214,-0.7288,0,0,0,0.504,0.154,0.846,0,0,0.0,5,SEARCH_PHASE,-0.9107,0.096
27,1.242,8.7607,1.5487,4.2297,-0.9609,0.091,1.2031,0.394,9.813,10.608,0.3973,-3.5847,0.2,0.0,0.0,0.0,-1.1419,-0.2509,1.344,1.7814,-0.7474,0,0,0,0.514,0.165,0.835,0,0,0.0,5,SEARCH_PHASE,-0.9609,0.091
28,1.284,8.7406,1.5503,4.2548,-1.0054,0.0835,1.2523,0.419,9.797,10.603,0.3973,-3.5847,0.2,0.0,0.0,0.0,-1.171,-0.2891,1.392,1.8419,-0.7193,0,0,0,0.531,0.172,0.828,0,0,0.0,5,SEARCH_PHASE,-1.0054,0.0835
29,1.325,8.7196,1.5518,4.2808,-1.0487,0.0715,1.3016,0.445,9.78,10.597,0.3973,-3.5847,0.2,0.0,0.0,0.0,-1.1999,-0.3274,1.44,1.9028,-0.7363,0,0,0,0.539,0.178,0.822,0,0,0.0,5,SEARCH_PHASE,-1.0487,0.0715
30,1.367,8.6979,1.5529,4.3079,-1.0858,0.057,1.3516,0.472,9.762,10.591,0.3973,-3.5847,0.2,0.0,0.0,0.0,-1.2288,-0.3658,1.488,1.9641,-0.7305,0,0,0,0.551,0.195,0.805,0,0,0.0,5,SEARCH_PHASE,-1.0858,0.057
31,1.408,8.6754,1.5537,4.3359,-1.1213,0.0379,1.402,0.5,9.743,10.585,0.3973,-3.5847,0.2,0.0,0.0,0.0,-1.2575,-0.4042,1.536,2.0258,-0.7451,0,0,0,0.558,0.199,0.801,0,0,0.0,5,SEARCH_PHASE,-1.1213,0.0379
32,1.45,8.6524,1.554,4.3649,-1.153,0.0141,1.4526,0.529,9.724,10.578,0.3973,-3.5847,0.2,0.0,0.0,0.0,-1.2925,-0.3714,1.584,2.0779,-0.7217,0,0,0,0.951,0.215,0.785,0,0,0.0,5,SEARCH_PHASE,-1.153,0.0141
33,1.491,8.6287,1.5536,4.395,-1.1852,-0.016,1.5008,0.559,9.704,10.571,0.3973,-3.5847,0.2,0.0,0.0,0.0,-1.3189,-0.4115,1.632,2.1383,-0.689,0,0,0,0.573,0.211,0.789,0,0,0.0,5,SEARCH_PHASE,-1.1852,-0.016
34,1.532,8.6044,1.5526,4.4259,-1.2132,-0.0509,1.549,0.59,9.682,10.564,0.3973,-3.5847,0.2,0.0,0.0,0.0,-1.3451,-0.4517,1.68,2.199,-0.7037,0,0,0,0.572,0.202,0.798,0,0,0.0,5,SEARCH_PHASE,-1.2132,-0.0509
35,1.573,8.5796,1.5509,4.4579,-1.2396,-0.0873,1.5974,0.622,9.66,10.557,0.3973,-3.5847,0.2,0.0,0.0,0.0,-1.3712,-0.492,1.7,2.2388,-0.6875,0,0,0,0.578,0.212,0.788,0,0,0.0,5,SEARCH_PHASE,-1.2396,-0.0873
36,1.614,8.5543,1.5484,4.4906,-1.2667,-0.1258,1.635,0.655,9.638,10.55,0.3973,-3.5847,0.2,0.0,0.0,0.0,-1.3972,-0.5323,1.7,2.264,-0.6906,0,0,0,0.576,0.215,0.785,0,0,0.0,5,SEARCH_PHASE,-1.2667,-0.1258
37,1.654,8.5285,1.5451,4.5238,-1.2897,-0.1642,1.6592,0.688,9.614,10.542,0.3973,-3.5847,0.2,0.0,0.0,0.0,-1.423,-0.5728,1.7,2.2898,-0.6763,0,0,0,0.581,0.222,0.778,0,0,0.0,5,SEARCH_PHASE,-1.2897,-0.1642
38,1.694,8.5022,1.541,4.5573,-1.3138,-0.2042,1.6743,0.721,9.59,10.533,0.3973,-3.5847,0.2,0.0,0.0,0.0,-1.4487,-0.6134,1.7,2.3162,-0.6811,0,0,0,0.579,0.218,0.782,0,0,0.0,5,SEARCH_PHASE,-1.3138,-0.2042
39,1.735,8.4755,1.5361,4.5909,-1.3355,-0.2449,1.684,0.755,9.565,10.524,0.3973,-3.5847,0.2,0.0,0.0,0.0,-1.4742,-0.654,1.7,2.3433,-0.6682,0,0,0,0.582,0.216,0.784,0,0,0.0,5,SEARCH_PHASE,-1.3355,-0.2449
40,1.775,8.4483,1.5303,4.6247,-1.3593,-0.2876,1.6895,0.789,9.538,10.515,0.3973,-3.5847,0.2,0.0,0.0,0.0,-1.4995,-0.6948,1.7,2.3709,-0.6594,0,0,0,0.579,0.218,0.782,0,0,0.0,5,SEARCH_PHASE,-1.3593,-0.2876
41,1.816,8.4207,1.5237,4.6586,-1.3817,-0.3318,1.693,0.823,9.512,10.505,0.3973,-3.5847,0.2,0.0,0.0,0.0,-1.5247,-0.7357,1.7,2.3992,-0.6483,0,0,0,0.581,0.221,0.779,0,0,0.0,5,SEARCH_PHASE,-1.3817,-0.3318
42,1.856,8.3926,1.5162,4.6925,-1.406,-0.3771,1.6946,0.857,9.484,10.494,0.3973,-3.5847,0.2,0.0,0.0,0.0,-1.5497,-0.7767,1.7,2.4279,-0.6508,0,0,0,0.578,0.215,0.785,0,0,0.0,5,SEARCH_PHASE,-1.406,-0.3771
43,1.896,8.364,1.5077,4.7264,-1.4289,-0.423,1.6954,0.891,9.455,10.483,0.3973,-3.5847,0.2,0.0,0.0,0.0,-1.5744,-0.8178,1.7,2.4572,-0.6408,0,0,0,0.579,0.219,0.781,0,0,0.0,5,SEARCH_PHASE,-1.4289,-0.423
44,1.935,8.3349,1.4983,4.7603,-1.4542,-0.4703,1.695,4.74,9.426,10.471,0.3973,-3.5847,0.2,0.0,0.0,0.0,-1.5989,-0.8591,1.7,2.4869,-0.6323,0,0,0,0.575,0.21,0.79,0,0,0.0,5,SEARCH_PHASE,-1.4542,-0.4703
45,1.973,8.3053,1.4879,4.7942,-1.4787,-0.5182,1.6945,4.774,9.395,10.458,0.3973,-3.5847,0.2,0.0,0.0,0.0,-1.6232,-0.9005,1.7,2.5171,-0.624,0,0,0,0.575,0.212,0.788,0,0,0.0,5,SEARCH_PHASE,-1.4787,-0.5182
46,2.01,8.2752,1.4766,4.8281,-1.5052,-0.5666,1.6935,4.808,9.364,10.445,0.3973,-3.5847,0.2,0.0,0.0,0.0,-1.6472,-0.9421,1.7,2.5477,-0.6246,0,0,0,0.57,0.205,0.795,0,0,0.0,5,SEARCH_PHASE,-1.5052,-0.5666
47,2.045,8.2446,1.4643,4.8619,-1.5303,-0.615,1.6927,4.842,9.331,10.431,0.3973,-3.5847,0.2,0.0,0.0,0.0,-1.6708,-0.9838,1.7,2.5787,-0.6173,0,0,0,0.571,0.203,0.797,0,0,0.0,5,SEARCH_PHASE,-1.5303,-0.615
48,2.08,8.2135,1.451,4.8957,-1.5578,-0.6637,1.691,4.876,9.298,10.416,0.3973,-3.5847,0.2,0.0,0.0,0.0,-1.694,-1.0258,1.7,2.61,-0.6101,0,0,0,0.567,0.204,0.796,0,0,0.0,5,SEARCH_PHASE,-1.5578,-0.6637
49,2.115,8.1818,1.4368,4.9295,-1.5844,-0.7124,1.6899,4.91,9.264,10.401,0.3973,-3.5847,0.2,0.0,0.0,0.0,-1.7167,-1.0682,1.7,2.6416,-0.6046,0,0,0,0.569,0.205,0.795,0,0,0.0,5,SEARCH_PHASE,-1.5844,-0.7124
50,2.149,8.1496,1.4216,4.9633,-1.6115,-0.7609,1.6887,4.943,9.228,10.385,0.3973,-3.5847,0.2,0.0,0.0,0.0,-1.7384,-1.111,1.7,2.6732,-0.604,0,0,0,0.566,0.202,0.798,0,0,0.0,5,SEARCH_PHASE,-1.6115,-0.7609
51,2.184,8.1168,1.4054,4.9971,-1.6356,-0.8089,1.6879,4.977,9.192,10.368,0.3973,-3.5847,0.2,0.0,0.0,0.0,-1.7455,-1.1283,1.7,2.6852,-0.5978,0,0,0,0.567,0.221,0.779,0,0,0.0,5,SEARCH_PHASE,-1.6356,-0.8089
52,2.219,8.0836,1.3882,5.0308,-1.6604,-0.8563,1.6858,5.011,9.155,10.351,0.3973,-3.5847,0.2,0.0,0.0,0.0,-1.744,-1.1283,1.7,2.6842,-0.597,0,0,0,0.563,0.208,0.792,0,0,0.0,5,SEARCH_PHASE,-1.6604,-0.8563
53,2.254,8.05,1.3702,5.0644,-1.6824,-0.9029,1.6826,5.044,9.117,10.333,0.3973,-3.5847,0.2,0.0,0.0,0.0,-1.7425,-1.1282,1.7,2.6832,-0.5909,0,0,0,0.564,0.22,0.78,0,0,0.0,5,SEARCH_PHASE,-1.6824,-0.9029
54,2.289,8.0159,1.3512,5.098,-1.7053,-0.949,1.6785,5.078,9.078,10.315,0.3973,-3.5847,0.2,0.0,0.0,0.0,-1.7411,-1.128,1.7,2.6821,-0.5437,0,0,0,0.558,0.217,0.783,0,0,0.0,5,SEARCH_PHASE,-1.7053,-0.949
55,2.323,7.9814,1.3313,5.1315,-1.7259,-0.9947,1.6749,5.111,9.038,10.296,0.3973,-3.5847,0.2,0.0,0.0,0.0,-1.7397,-1.1277,1.7,2.6811,-0.573,0,0,0,0.556,0.209,0.791,0,0,0.0,5,SEARCH_PHASE,-1.7259,-0.9947
56,2.357,7.9465,1.3106,5.1649,-1.7442,-1.0363,1.6727,5.145,8.997,10.276,0.3973,-3.5847,0.2,0.0,0.0,0.0,-1.7383,-1.1272,1.7,2.68,-0.5251,0,0,0,0.548,0.206,0.794,0,0,0.0,5,SEARCH_PHASE,-1.7442,-1.0363
57,2.39,7.9113,1.2891,5.1984,-1.761,-1.0767,1.6707,5.178,8.956,10.257,0.3973,-3.5847,0.2,0.0,0.0,0.0,-1.737,-1.1266,1.7,2.6789,-0.5483,0,0,0,0.544,0.202,0.798,0,0,0.0,5,SEARCH_PHASE,-1.761,-1.0767
58,2.423,7.8757,1.2668,5.2318,-1.7764,-1.112,1.67,5.212,8.914,10.236,0.3973,-3.5847,0.2,0.0,0.0,0.0,-1.7357,-1.126,1.7,2.6778,-0.4999,0,0,0,0.535,0.196,0.804,0,0,0.0,5,SEARCH_PHASE,-1.7764,-1.112
59,2.457,7.8399,1.2439,5.2652,-1.7892,-1.1448,1.6703,5.245,8.872,10.216,0.3973,-3.5847,0.2,0.0,0.0,0.0,-1.7344,-1.1252,1.7,2.6766,-0.5363,0,0,0,0.531,0.2,0.8,0,0,0.0,5,SEARCH_PHASE,-1.7892,-1.1448
60,2.49,7.804,1.2205,5.2986,-1.7993,-1.1711,1.6716,5.279,8.829,10.195,0.3973,-3.5847,0.2,0.0,0.0,0.0,-1.7332,-1.1244,1.7,2.6755,-0.4869,0,0,0,0.52,0.194,0.806,0,0,0.0,5,SEARCH_PHASE,-1.7993,-1.1711
61,2.525,7.7678,1.1966,5.3321,-1.8068,-1.1944,1.6736,5.312,8.786,10.175,0.3973,-3.5847,0.2,0.0,0.0,0.0,-1.732,-1.1235,1.7,2.6744,-0.5241,0,0,0,0.515,0.19,0.81,0,0,0.0,5,SEARCH_PHASE,-1.8068,-1.1944
62,2.564,7.7316,1.1724,5.3656,-1.8114,-1.211,1.6759,5.346,8.742,10.154,0.3973,-3.5847,0.2,0.0,0.0,0.0,-1.7308,-1.1226,1.7,2.6732,-0.4873,0,0,0,0.504,0.181,0.819,0,0,0.0,5,SEARCH_PHASE,-1.8114,-1.211
63,2.599,7.6953,1.1479,5.3992,-1.8133,-1.2243,1.6786,5.379,8.698,10.134,0.3973,-3.5847,0.2,0.0,0.0,0.0,-1.7297,-1.1216,1.7,2.672,-0.5252,0,0,0,0.499,0.177,0.823,0,0,0.0,5,SEARCH_PHASE,-1.8133,-1.2243
64,2.634,7.6591,1.1233,5.4328,-1.8134,-1.2316,1.681,5.413,8.654,10.113,0.3973,-3.5847,0.2,0.0,0.0,0.0,-1.7285,-1.1206,1.7,2.6709,-0.4794,0,0,0,0.488,0.166,0.834,0,0,0.0,5,SEARCH_PHASE,-1.8134,-1.2316
65,2.668,7.6228,1.0985,5.4664,-1.8118,-1.2366,1.6834,5.446,8.611,10.093,0.3973,-3.5847,0.2,0.0,0.0,0.0,-1.7274,-1.1196,1.7,2.6697,-0.5178,0,0,0,0.484,0.162,0.838,0,0,0.0,5,SEARCH_PHASE,-1.8118,-1.2366
66,2.702,7.5867,1.0738,5.5001,-1.8078,-1.2358,1.6853,5.48,8.567,10.074,0.3973,-3.5847,0.2,0.0,0.0,0.0,-1.7263,-1.1186,1.7,2.6686,-0.4963,0,0,0,0.473,0.155,0.845,0,0,0.0,5,SEARCH_PHASE,-1.8078,-1.2358
67,2.736,7.5506,1.0492,5.5339,-1.8017,-1.2328,1.6868,5.514,8.523,10.055,0.3973,-3.5847,0.2,0.0,0.0,0.0,-1.7252,-1.1175,1.7,2.6674,-0.5144,0,0,0,0.47,0.154,0.846,0,0,0.0,5,SEARCH_PHASE,-1.8017,-1.2328
68,2.771,7.5147,1.0246,5.5676,-1.7955,-1.2262,1.6881,5.548,8.48,10.036,0.3973,-3.5847,0.2,0.0,0.0,0.0,-1.724,-1.1165,1.7,2.6662,-0.5044,0,0,0,0.459,0.15,0.85,0,0,0.0,5,SEARCH_PHASE,-1.7955,-1.2262
69,2.804,7.479,1.0003,5.6014,-1.787,-1.2179,1.6889,5.581,8.436,10.017,0.3973,-3.5847,0.2,0.0,0.0,0.0,-1.7229,-1.1155,1.7,2.6651,-0.5087,0,0,0,0.457,0.148,0.852,0,0,0.0,5,SEARCH_PHASE,-1.787,-1.2179
70,2.838,7.4434,0.9761,5.6352,-1.7797,-1.2075,1.6895,5.615,8.393,10.0,0.3973,-3.5847,0.2,0.0,0.0,0.0,-1.7218,-1.1145,1.7,2.664,-0.4978,0,0,0,0.447,0.151,0.849,0,0,0.0,5,SEARCH_PHASE,-1.7797,-1.2075
71,2.872,7.408,0.9522,5.669,-1.7697,-1.1955,1.6896,5.649,8.351,9.982,0.3973,-3.5847,0.2,0.0,0.0,0.0,-1.7207,-1.1135,1.7,2.6628,-0.5161,0,0,0,0.446,0.145,0.855,0,0,0.0,5,SEARCH_PHASE,-1.7697,-1.1955
72,2.903,7.3728,0.9286,5.7028,-1.7604,-1.1816,1.6896,5.683,8.308,9.965,0.3973,-3.5847,0.2,0.0,0.0,0.0,-1.7196,-1.1126,1.7,2.6617,-0.5038,0,0,0,0.436,0.141,0.859,0,0,0.0,5,SEARCH_PHASE,-1.7604,-1.1816
73,2.935,7.3378,0.9052,5.7366,-1.7495,-1.1673,1.6895,5.717,8.266,9.949,0.3973,-3.5847,0.2,0.0,0.0,0.0,-1.7184,-1.1117,1.7,2.6606,-0.5108,0,0,0,0.437,0.147,0.853,0,0,0.0,5,SEARCH_PHASE,-1.7495,-1.1673
74,2.967,7.303,0.8822,5.7704,-1.7404,-1.1523,1.6892,5.75,8.224,9.933,0.3973,-3.5847,0.2,0.0,0.0,0.0,-1.7173,-1.1108,1.7,2.6595,-0.4978,0,0,0,0.428,0.136,0.864,0,0,0.0,5,SEARCH_PHASE,-1.7404,-1.1523
75,2.998,7.2684,0.8595,5.8041,-1.7293,-1.1372,1.6887,5.784,8.183,9.918,0.3973,-3.5847,0.2,0.0,0.0,0.0,-1.7161,-1.11,1.7,2.6584,-0.5168,0,0,0,0.429,0.14,0.86,0,0,0.0,5,SEARCH_PHASE,-1.7293,-1.1372
76,3.028,7.234,0.837,5.8379,-1.7197,-1.1214,1.6884,5.818,8.142,9.903,0.3973,-3.5847,0.2,0.0,0.0,0.0,-1.715,-1.1092,1.7,2.6573,-0.5051,0,0,0,0.421,0.134,0.866,0,0,0.0,5,SEARCH_PHASE,-1.7197,-1.1214
77,3.057,7.1998,0.8149,5.8717,-1.7092,-1.1065,1.6881,5.852,8.101,9.889,0.3973,-3.5847,0.2,0.0,0.0,0.0,-1.7138,-1.1084,1.7,2.6562,-0.5142,0,0,0,0.424,0.136,0.864,0,0,0.0,5,SEARCH_PHASE,-1.7092,-1.1065
78,3.087,7.1658,0.7931,5.9054,-1.701,-1.0922,1.688,5.885,8.061,9.876,0.3973,-3.5847,0.2,0.0,0.0,0.0,-1.7126,-1.1077,1.7,2.6552,-0.4996,0,0,0,0.418,0.131,0.869,0,0,0.0,5,SEARCH_PHASE,-1.701,-1.0922
79,3.116,7.132,0.7715,5.9392,-1.6916,-1.0792,1.6879,5.919,8.021,9.863,0.3973,-3.5847,0.2,0.0,0.0,0.0,-1.7114,-1.107,1.7,2.6541,-0.5096,0,0,0,0.422,0.144,0.856,0,0,0.0,5,SEARCH_PHASE,-1.6916,-1.0792
80,3.144,7.0983,0.7501,5.973,-1.6841,-1.0669,1.6879,5.953,7.981,9.85,0.3973,-3.5847,0.2,0.0,0.0,0.0,-1.7102,-1.1063,1.7,2.6531,-0.4942,0,0,0,0.417,0.138,0.862,0,0,0.0,5,SEARCH_PHASE,-1.6841,-1.0669
81,3.173,7.0648,0.729,6.0067,-1.6749,-1.056,1.6877,5.987,7.941,9.838,0.3973,-3.5847,0.2,0.0,0.0,0.0,-1.709,-1.1057,1.7,2.652,-0.5158,0,0,0,0.423,0.14,0.86,0,0,0.0,5,SEARCH_PHASE,-1.6749,-1.056
82,3.204,7.0315,0.7081,6.0405,-1.6674,-1.0459,1.688,6.02,7.902,9.826,0.3973,-3.5847,0.2,0.0,0.0,0.0,-1.7078,-1.1051,1.7,2.651,-0.4993,0,0,0,0.419,0.138,0.862,0,0,0.0,5,SEARCH_PHASE,-1.6674,-1.0459
83,3.235,6.9983,0.6873,6.0742,-1.6596,-1.0384,1.6884,6.054,7.863,9.815,0.3973,-3.5847,0.2,0.0,0.0,0.0,-1.7066,-1.1045,1.7,2.6499,-0.511,0,0,0,0.425,0.143,0.857,0,0,0.0,5,SEARCH_PHASE,-1.6596,-1.0384
84,3.266,6.9652,0.6667,6.108,-1.6549,-1.0327,1.6889,6.088,7.824,9.804,0.3973,-3.5847,0.2,0.0,0.0,0.0,-1.7054,-1.1039,1.7,2.6489,-0.4943,0,0,0,0.423,0.14,0.86,0,0,0.0,5,SEARCH_PHASE,-1.6549,-1.0327
85,3.297,6.9322,0.6461,6.1418,-1.6495,-1.0297,1.6892,6.122,7.785,9.793,0.3973,-3.5847,0.2,0.0,0.0,0.0,-1.7041,-1.1033,1.7,2.6479,-0.4996,0,0,0,0.428,0.142,0.858,0,0,0.0,5,SEARCH_PHASE,-1.6495,-1.0297
86,3.329,6.8992,0.6255,6.1756,-1.6469,-1.0285,1.6896,6.156,7.746,9.783,0.3973,-3.5847,0.2,0.0,0.0,0.0,-1.7029,-1.1027,1.7,2.6469,-0.4823,0,0,0,0.424,0.14,0.86,0,0,0.0,5,SEARCH_PHASE,-1.6469,-1.0285
87,3.36,6.8664,0.6049,6.2094,-1.6437,-1.0296,1.6899,6.189,7.707,9.773,0.3973,-3.5847,0.2,0.0,0.0,0.0,-1.7017,-1.1021,1.7,2.6458,-0.4876,0,0,0,0.427,0.141,0.859,0,0,0.0,5,SEARCH_PHASE,-1.6437,-1.0296
88,3.391,6.8335,0.5843,6.2432,-1.6432,-1.0321,1.69,6.223,7.668,9.763,0.3973,-3.5847,0.2,0.0,0.0,0.0,-1.7005,-1.1015,1.652,2.6142,-0.4658,0,0,0,0.423,0.139,0.861,0,0,0.0,5,SEARCH_PHASE,-1.6432,-1.0321
89,3.422,6.8007,0.5636,6.2766,-1.6419,-1.0359,1.6724,6.257,7.63,9.754,0.3973,-3.5847,0.2,0.0,0.0,0.0,-1.6993,-1.1009,1.604,2.5831,-0.4786,0,0,0,0.427,0.139,0.861,0,0,0.0,5,SEARCH_PHASE,-1.6419,-1.0359
90,3.453,6.7678,0.5428,6.3095,-1.6423,-1.0396,1.6436,6.29,7.591,9.744,0.3973,-3.5847,0.2,0.0,0.0,0.0,-1.6982,-1.1002,1.556,2.5525,-0.4618,0,0,0,0.424,0.139,0.861,0,0,0.0,5,SEARCH_PHASE,-1.6423,-1.0396
91,3.483,6.735,0.5219,6.3417,-1.6413,-1.0444,1.6073,6.322,7.552,9.734,0.3973,-3.5847,0.2,0.0,0.0,0.0,-1.697,-1.0996,1.508,2.5225,-0.4444,0,0,0,0.42,0.137,0.863,0,0,0.0,5,SEARCH_PHASE,-1.6413,-1.0444
92,3.514,6.7022,0.5009,6.373,-1.6417,-1.0495,1.567,6.353,7.513,9.724,0.3973,-3.5847,0.2,0.0,0.0,0.0,-1.6958,-1.0989,1.46,2.493,-0.4623,0,0,0,0.42,0.138,0.862,0,0,0.0,5,SEARCH_PHASE,-1.6417,-1.0495
93,3.545,6.6693,0.4798,6.4035,-1.6418,-1.054,1.5241,6.383,7.474,9.713,0.3973,-3.5847,0.2,0.0,0.0,0.0,-1.6947,-1.0982,1.412,2.4641,-0.4265,0,0,0,0.413,0.138,0.862,0,0,0.0,5,SEARCH_PHASE,-1.6418,-1.054
94,3.576,6.6365,0.4586,6.4331,-1.6429,-1.0595,1.4794,6.413,7.435,9.702,0.3973,-3.5847,0.2,0.0,0.0,0.0,-1.6935,-1.0975,1.364,2.4358,-0.4579,0,0,0,0.414,0.138,0.862,0,0,0.0,5,SEARCH_PHASE,-1.6429,-1.0595
95,3.607,6.6036,0.4373,6.4617,-1.6443,-1.0638,1.4336,6.442,7.396,9.69,0.3973,-3.5847,0.2,0.0,0.0,0.0,-1.6924,-1.0968,1.316,2.4081,-0.4224,0,0,0,0.408,0.137,0.863,0,0,0.0,5,SEARCH_PHASE,-1.6443,-1.0638
96,3.639,6.5706,0.416,6.4895,-1.6468,-1.0692,1.3868,6.469,7.356,9.678,0.3973,-3.5847,0.2,0.0,0.0,0.0,-1.6913,-1.096,1.268,2.3811,-0.4432,0,0,0,0.41,0.138,0.862,0,0,0.0,5,SEARCH_PHASE,-1.6468,-1.0692
97,3.67,6.5376,0.3945,6.5163,-1.6495,-1.0738,1.3397,6.496,7.317,9.666,0.3973,-3.5847,0.2,0.0,0.0,0.0,-1.6902,-1.0953,1.22,2.3547,-0.4113,0,0,0,0.404,0.134,0.866,0,0,0.0,5,SEARCH_PHASE,-1.6495,-1.0738
98,3.702,6.5046,0.3729,6.5421,-1.652,-1.0791,1.2924,6.522,7.277,9.653,0.3973,-3.5847,0.2,0.0,0.0,0.0,-1.689,-1.0945,1.172,2.329,-0.4325,0,0,0,0.404,0.135,0.865,0,0,0.0,5,SEARCH_PHASE,-1.652,-1.0791
99,3.733,6.4715,0.3512,6.567,-1.6541,-1.0833,1.2451,6.547,7.238,9.64,0.3973,-3.5847,0.2,0.0,0.0,0.0,-1.6879,-1.0937,1.124,2.3041,-0.3977,0,0,0,0.396,0.132,0.868,0,0,0.0,5,SEARCH_PHASE,-1.6541,-1.0833
100,3.765,6.4384,0.3295,6.591,-1.6572,-1.0882,1.1974,6.571,7.198,9.626,0.3973,-3.5847,0.2,0.0,0.0,0.0,-1.6868,-1.0929,1.076,2.2798,-0.4233,0,0,0,0.395,0.132,0.868,0,0,0.0,5,SEARCH_PHASE,-1.6572,-1.0882
101,3.797,6.4052,0.3076,6.614,-1.6601,-1.0917,1.1497,6.594,7.159,9.612,0.3973,-3.5847,0.2,0.0,0.0,0.0,-1.6857,-1.0921,1.028,2.2564,-0.3946,0,0,0,0.387,0.128,0.872,0,0,0.0,5,SEARCH_PHASE,-1.6601,-1.0917
102,3.828,6.3719,0.2857,6.636,-1.6625,-1.0954,1.1023,6.616,7.119,9.597,0.3973,-3.5847,0.2,0.0,0.0,0.0,-1.6846,-1.0913,0.98,2.2337,-0.4256,0,0,0,0.386,0.128,0.872,0,0,0.0,5,SEARCH_PHASE,-1.6625,-1.0954
103,3.86,6.3386,0.2638,6.6571,-1.6644,-1.0976,1.0548,6.637,7.079,9.581,0.3973,-3.5847,0.2,0.0,0.0,0.0,-1.6835,-1.0905,0.932,2.2118,-0.3888,0,0,0,0.377,0.124,0.876,0,0,0.0,5,SEARCH_PHASE,-1.6644,-1.0976
104,3.892,6.3053,0.2418,6.6772,-1.6667,-1.1001,1.0073,6.657,7.039,9.566,0.3973,-3.5847,0.2,0.0,0.0,0.0,-1.6824,-1.0896,0.884,2.1907,-0.4201,0,0,0,0.375,0.123,0.877,0,0,0.0,5,SEARCH_PHASE,-1.6667,-1.1001
105,3.924,6.2719,0.2198,6.6964,-1.6683,-1.1008,0.9598,6.676,6.999,9.549,0.3973,-3.5847,0.2,0.0,0.0,0.0,-1.6813,-1.0888,0.836,2.1705,-0.3833,0,0,0,0.364,0.122,0.878,0,0,0.0,5,SEARCH_PHASE,-1.6683,-1.1008
106,3.956,6.2385,0.1977,6.7147,-1.6702,-1.1016,0.9123,6.695,6.959,9.532,0.3973,-3.5847,0.2,0.0,0.0,0.0,-1.6802,-1.088,0.788,2.1512,-0.4144,0,0,0,0.361,0.122,0.878,0,0,0.0,5,SEARCH_PHASE,-1.6702,-1.1016
107,3.988,6.2051,0.1757,6.732,-1.6712,-1.1002,0.8646,6.712,6.919,9.515,0.3973,-3.5847,0.2,0.0,0.0,0.0,-1.6791,-1.0872,0.74,2.1328,-0.4035,0,0,0,0.358,0.12,0.88,0,0,0.0,5,SEARCH_PHASE,-1.6712,-1.1002
108,4.02,6.1717,0.1538,6.7483,-1.6724,-1.0986,0.817,6.728,6.879,9.497,0.3973,-3.5847,0.2,0.0,0.0,0.0,-1.678,-1.0864,0.692,2.1154,-0.4158,0,0,0,0.356,0.121,0.879,0,0,0.0,5,SEARCH_PHASE,-1.6724,-1.0986
109,4.052,6.1382,0.1318,6.7637,-1.6722,-1.0963,0.7694,6.744,6.839,9.479,0.3973,-3.5847,0.2,0.0,0.0,0.0,-1.6769,-1.0856,0.644,2.0988,-0.4022,0,0,0,0.353,0.122,0.878,0,0,0.0,5,SEARCH_PHASE,-1.6722,-1.0963
110,4.085,6.1048,0.11,6.7781,-1.6721,-1.0939,0.7219,6.758,6.799,9.46,0.3973,-3.5847,0.2,0.0,0.0,0.0,-1.6758,-1.0848,0.596,2.0833,-0.4223,0,0,0,0.353,0.121,0.879,0,0,0.0,5,SEARCH_PHASE,-1.6721,-1.0939
111,4.118,6.0714,0.0881,6.7916,-1.6707,-1.0907,0.6744,6.772,6.759,9.441,0.3973,-3.5847,0.2,0.0,0.0,0.0,-1.6746,-1.084,0.548,2.0687,-0.3883,0,0,0,0.345,0.121,0.879,0,0,0.0,5,SEARCH_PHASE,-1.6707,-1.0907
112,4.15,6.038,0.0664,6.8042,-1.6691,-1.0879,0.6269,6.784,6.719,9.421,0.3973,-3.5847,0.2,0.0,0.0,0.0,-1.6735,-1.0832,0.5,2.0552,-0.4197,0,0,0,0.345,0.121,0.879,0,0,0.0,5,SEARCH_PHASE,-1.6691,-1.0879
113,4.183,6.0046,0.0447,6.8158,-1.6669,-1.0835,0.5792,6.796,6.679,9.401,0.3973,-3.5847,0.2,0.0,0.0,0.0,-1.6724,-1.0824,0.452,2.0427,-0.4054,0,0,0,0.344,0.121,0.879,0,0,0.0,5,SEARCH_PHASE,-1.6669,-1.0835
114,4.215,5.9713,0.0231,6.8264,-1.6649,-1.0794,0.5316,6.806,6.64,9.381,0.3973,-3.5847,0.2,0.0,0.0,0.0,-1.6712,-1.0817,0.404,2.0313,-0.4271,0,0,0,0.347,0.121,0.879,0,0,0.0,5,SEARCH_PHASE,-1.6649,-1.0794
115,4.248,5.9381,0.0016,6.8361,-1.6617,-1.0749,0.4839,6.816,6.6,9.359,0.3973,-3.5847,0.2,0.0,0.0,0.0,-1.6701,-1.081,0.356,2.021,-0.3948,0,0,0,0.341,0.121,0.879,0,0,0.0,5,SEARCH_PHASE,-1.6617,-1.0749
116,4.281,5.9049,-0.0198,6.8448,-1.6586,-1.0713,0.4364,6.825,6.561,9.338,0.3973,-3.5847,0.2,0.0,0.0,0.0,-1.6689,-1.0802,0.308,2.0117,-0.4263,0,0,0,0.344,0.12,0.88,0,0,0.0,5,SEARCH_PHASE,-1.6586,-1.0713
117,4.314,5.8718,-0.0411,6.8526,-1.6552,-1.0666,0.3887,6.833,6.521,9.316,0.3973,-3.5847,0.2,0.0,0.0,0.0,-1.6678,-1.0795,0.26,2.0036,-0.3989,0,0,0,0.341,0.121,0.879,0,0,0.0,5,SEARCH_PHASE,-1.6552,-1.0666
118,4.347,5.8388,-0.0624,6.8594,-1.6527,-1.0629,0.3411,6.839,6.482,9.293,0.3973,-3.5847,0.2,0.0,0.0,0.0,-1.6666,-1.0788,0.212,1.9966,-0.43,0,0,0,0.345,0.122,0.878,0,0,0.0,5,SEARCH_PHASE,-1.6527,-1.0629
119,4.381,5.8058,-0.0836,6.8653,-1.6496,-1.0586,0.2935,6.845,6.443,9.27,0.3973,-3.5847,0.2,0.0,0.0,0.0,-1.6655,-1.0781,0.164,1.9907,-0.3924,0,0,0,0.341,0.12,0.88,0,0,0.0,5,SEARCH_PHASE,-1.6496,-1.0586
120,4.415,5.7728,-0.1047,6.8702,-1.647,-1.0554,0.2458,6.85,6.404,9.247,0.3973,-3.5847,0.2,0.0,0.0,0.0,-1.6643,-1.0774,0.116,1.986,-0.4232,0,0,0,0.344,0.118,0.882,0,0,0.0,5,SEARCH_PHASE,-1.647,-1.0554
121,4.449,5.74,-0.1257,6.8741,-1.6438,-1.0514,0.198,6.854,6.365,9.222,0.3973,-3.5847,0.2,0.0,0.0,0.0,-1.6632,-1.0768,0.068,1.9825,-0.399,0,0,0,0.342,0.121,0.879,0,0,0.0,5,SEARCH_PHASE,-1.6438,-1.0514
122,4.483,5.7072,-0.1467,6.8771,-1.6411,-1.0482,0.1504,6.857,6.326,9.198,0.3973,-3.5847,0.2,0.0,0.0,0.0,-1.662,-1.0761,0.02,1.98,-0.4297,0,0,0,0.348,0.119,0.881,0,0,0.0,5,SEARCH_PHASE,-1.6411,-1.0482
123,4.517,5.6744,-0.1676,6.8792,-1.638,-1.0447,0.1028,6.859,6.287,9.173,0.3973,-3.5847,0.2,0.0,0.0,0.0,-1.6608,-1.0754,-0.028,1.9788,-0.3921,0,0,0,0.345,0.121,0.879,0,0,0.0,5,SEARCH_PHASE,-1.638,-1.0447
124,4.551,5.6417,-0.1884,6.8803,-1.6357,-1.0427,0.0552,6.86,6.248,9.147,0.3973,-3.5847,0.2,0.0,0.0,0.0,-1.6597,-1.0748,-0.076,1.9787,-0.4224,0,0,0,0.35,0.121,0.879,0,0,0.0,5,SEARCH_PHASE,-1.6357,-1.0427
125,4.586,5.609,-0.2092,6.8804,-1.633,-1.0399,0.0075,6.86,6.209,9.121,0.3973,-3.5847,0.2,0.0,0.0,0.0,-1.6585,-1.0741,-0.124,1.9798,-0.3853,0,0,0,0.346,0.123,0.877,0,0,0.0,5,SEARCH_PHASE,-1.633,-1.0399
126,4.621,5.5764,-0.23,6.8796,-1.6309,-1.0383,-0.0402,6.86,6.171,9.094,0.3973,-3.5847,0.2,0.0,0.0,0.0,-1.6573,-1.0735,-0.172,1.9821,-0.4152,0,0,0,0.35,0.121,0.879,0,0,0.0,5,SEARCH_PHASE,-1.6309,-1.0383
127,4.657,5.5438,-0.2507,6.8779,-1.6283,-1.0358,-0.0887,6.858,6.132,9.066,0.3973,-3.5847,0.2,0.0,0.0,0.0,-1.6562,-1.0729,-0.22,1.9855,-0.4007,0,0,0,0.35,0.121,0.879,0,0,0.0,5,SEARCH_PHASE,-1.6283,-1.0358
128,4.691,5.5113,-0.2714,6.8752,-1.6263,-1.0341,-0.136,6.855,6.094,9.038,0.3973,-3.5847,0.2,0.0,0.0,0.0,-1.655,-1.0722,-0.268,1.9901,-0.4329,0,0,0,0.358,0.122,0.878,0,0,0.0,5,SEARCH_PHASE,-1.6263,-1.0341
129,4.726,5.4788,-0.292,6.8715,-1.624,-1.0325,-0.1834,6.851,6.055,9.01,0.3973,-3.5847,0.2,0.0,0.0,0.0,-1.6538,-1.0716,-0.316,1.9958,-0.398,0,0,0,0.357,0.122,0.878,0,0,0.0,5,SEARCH_PHASE,-1.624,-1.0325
130,4.76,5.4464,-0.3127,6.8669,-1.6226,-1.0327,-0.231,6.847,6.017,8.98,0.3973,-3.5847,0.2,0.0,0.0,0.0,-1.6526,-1.071,-0.364,2.0027,-0.4304,0,0,0,0.364,0.124,0.876,0,0,0.0,5,SEARCH_PHASE,-1.6226,-1.0327
131,4.794,5.414,-0.3333,6.8613,-1.6208,-1.0325,-0.2785,6.841,5.978,8.95,0.3973,-3.5847,0.2,0.0,0.0,0.0,-1.6515,-1.0703,-0.412,2.0107,-0.3954,0,0,0,0.362,0.122,0.878,0,0,0.0,5,SEARCH_PHASE,-1.6208,-1.0325
132,4.828,5.3816,-0.354,6.8548,-1.6198,-1.0339,-0.3262,6.835,5.94,8.92,0.3973,-3.5847,0.2,0.0,0.0,0.0,-1.6503,-1.0697,-0.46,2.0198,-0.4277,0,0,0,0.368,0.124,0.876,0,0,0.0,5,SEARCH_PHASE,-1.6198,-1.0339
133,4.862,5.3492,-0.3747,6.8473,-1.6183,-1.0347,-0.3739,6.827,5.901,8.889,0.3973,-3.5847,0.2,0.0,0.0,0.0,-1.6492,-1.069,-0.508,2.0299,-0.3925,0,0,0,0.365,0.124,0.876,0,0,0.0,5,SEARCH_PHASE,-1.6183,-1.0347
134,4.896,5.3168,-0.3954,6.8389,-1.6174,-1.0367,-0.4216,6.819,5.863,8.857,0.3973,-3.5847,0.2,0.0,0.0,0.0,-1.648,-1.0684,-0.556,2.0412,-0.4247,0,0,0,0.369,0.125,0.875,0,0,0.0,5,SEARCH_PHASE,-1.6174,-1.0367
135,4.93,5.2845,-0.4162,6.8295,-1.6159,-1.0379,-0.4693,6.809,5.824,8.825,0.3973,-3.5847,0.2,0.0,0.0,0.0,-1.6469,-1.0677,-0.604,2.0536,-0.3893,0,0,0,0.366,0.123,0.877,0,0,0.0,5,SEARCH_PHASE,-1.6159,-1.0379
136,4.964,5.2522,-0.437,6.8191,-1.6149,-1.0399,-0.517,6.799,5.786,8.792,0.3973,-3.5847,0.2,0.0,0.0,0.0,-1.6458,-1.067,-0.652,2.0669,-0.4214,0,0,0,0.369,0.125,0.875,0,0,0.0,5,SEARCH_PHASE,-1.6149,-1.0399
137,4.998,5.22,-0.4578,6.8078,-1.6132,-1.0408,-0.5648,6.788,5.748,8.758,0.3973,-3.5847,0.2,0.0,0.0,0.0,-1.6446,-1.0663,-0.7,2.0813,-0.3899,0,0,0,0.365,0.123,0.877,0,0,0.0,5,SEARCH_PHASE,-1.6132,-1.0408
138,5.032,5.1877,-0.4786,6.7956,-1.6118,-1.0423,-0.6124,6.776,5.709,8.723,0.3973,-3.5847,0.2,0.0,0.0,0.0,-1.6435,-1.0656,-0.748,2.0967,-0.422,0,0,0,0.368,0.124,0.876,0,0,0.0,5,SEARCH_PHASE,-1.6118,-1.0423
139,5.066,5.1555,-0.4995,6.7824,-1.6103,-1.0425,-0.6601,6.762,5.671,8.688,0.3973,-3.5847,0.2,0.0,0.0,0.0,-1.6424,-1.0649,-0.796,2.1131,-0.392,0,0,0,0.364,0.122,0.878,0,0,0.0,5,SEARCH_PHASE,-1.6103,-1.0425
140,5.099,5.1233,-0.5204,6.7682,-1.6097,-1.0434,-0.7078,6.748,5.633,8.653,0.3973,-3.5847,0.2,0.0,0.0,0.0,-1.6413,-1.0642,-0.844,2.1304,-0.4238,0,0,0,0.367,0.124,0.876,0,0,0.0,5,SEARCH_PHASE,-1.6097,-1.0434
141,5.133,5.0912,-0.5412,6.7531,-1.6087,-1.0432,-0.7554,6.733,5.594,8.616,0.3973,-3.5847,0.2,0.0,0.0,0.0,-1.6402,-1.0635,-0.892,2.1487,-0.3891,0,0,0,0.363,0.122,0.878,0,0,0.0,5,SEARCH_PHASE,-1.6087,-1.0432
142,5.166,5.059,-0.5621,6.7371,-1.6084,-1.0435,-0.8031,6.717,5.556,8.579,0.3973,-3.5847,0.2,0.0,0.0,0.0,-1.6391,-1.0628,-0.94,2.1679,-0.4207,0,0,0,0.366,0.124,0.876,0,0,0.0,5,SEARCH_PHASE,-1.6084,-1.0435
143,5.199,5.0268,-0.583,6.72,-1.6076,-1.0425,-0.8509,6.7,5.518,8.541,0.3973,-3.5847,0.2,0.0,0.0,0.0,-1.638,-1.062,-0.988,2.1879,-0.401,0,0,0,0.365,0.122,0.878,0,0,0.0,5,SEARCH_PHASE,-1.6076,-1.0425
144,5.232,4.9947,-0.6038,6.7021,-1.6074,-1.042,-0.8985,6.682,5.479,8.503,0.3973,-3.5847,0.2,0.0,0.0,0.0,-1.6369,-1.0613,-1.036,2.2089,-0.4325,0,0,0,0.372,0.123,0.877,0,0,0.0,5,SEARCH_PHASE,-1.6074,-1.042
145,5.266,4.9626,-0.6246,6.6831,-1.6063,-1.0407,-0.9462,6.663,5.441,8.464,0.3973,-3.5847,0.2,0.0,0.0,0.0,-1.6358,-1.0606,-1.084,2.2306,-0.3989,0,0,0,0.371,0.121,0.879,0,0,0.0,5,SEARCH_PHASE,-1.6063,-1.0407
146,5.299,4.9305,-0.6454,6.6633,-1.6054,-1.0406,-0.9938,6.643,5.403,8.424,0.3973,-3.5847,0.2,0.0,0.0,0.0,-1.6347,-1.0599,-1.132,2.2532,-0.4304,0,0,0,0.377,0.125,0.875,0,0,0.0,5,SEARCH_PHASE,-1.6054,-1.0406
147,5.333,4.8984,-0.6662,6.6424,-1.604,-1.0397,-1.0414,6.622,5.364,8.383,0.3973,-3.5847,0.2,0.0,0.0,0.0,-1.6336,-1.0592,-1.18,2.2766,-0.3943,0,0,0,0.374,0.124,0.876,0,0,0.0,5,SEARCH_PHASE,-1.604,-1.0397
148,5.367,4.8663,-0.687,6.6207,-1.6029,-1.0397,-1.089,6.601,5.326,8.342,0.3973,-3.5847,0.2,0.0,0.0,0.0,-1.6325,-1.0585,-1.228,2.3007,-0.4257,0,0,0,0.379,0.124,0.876,0,0,0.0,5,SEARCH_PHASE,-1.6029,-1.0397
149,5.401,4.8343,-0.7078,6.5979,-1.6012,-1.0386,-1.1367,6.578,5.288,8.3,0.3973,-3.5847,0.2,0.0,0.0,0.0,-1.6314,-1.0578,-1.276,2.3256,-0.3929,0,0,0,0.376,0.124,0.876,0,0,0.0,5,SEARCH_PHASE,-1.6012,-1.0386
150,5.435,4.8023,-0.7285,6.5742,-1.5999,-1.0382,-1.1843,6.554,5.25,8.258,0.3973,-3.5847,0.2,0.0,0.0,0.0,-1.6303,-1.057,-1.324,2.3512,-0.4241,0,0,0,0.38,0.126,0.874,0,0,0.0,5,SEARCH_PHASE,-1.5999,-1.0382
151,5.469,4.7703,-0.7493,6.5496,-1.5982,-1.0366,-1.232,6.53,5.212,8.215,0.3973,-3.5847,0.2,0.0,0.0,0.0,-1.6292,-1.0563,-1.372,2.3775,-0.3986,0,0,0,0.38,0.126,0.874,0,0,0.0,5,SEARCH_PHASE,-1.5982,-1.0366
152,5.503,4.7384,-0.77,6.524,-1.5973,-1.0356,-1.2796,6.504,5.174,8.171,0.3973,-3.5847,0.2,0.0,0.0,0.0,-1.6281,-1.0556,-1.42,2.4044,-0.4296,0,0,0,0.386,0.128,0.872,0,0,0.0,5,SEARCH_PHASE,-1.5973,-1.0356
153,5.537,4.7065,-0.7907,6.4975,-1.5959,-1.0337,-1.3271,6.477,5.136,8.126,0.3973,-3.5847,0.2,0.0,0.0,0.0,-1.627,-1.0549,-1.468,2.4321,-0.3933,0,0,0,0.384,0.127,0.873,0,0,0.0,5,SEARCH_PHASE,-1.5959,-1.0337
154,5.571,4.6746,-0.8113,6.47,-1.5949,-1.0329,-1.3747,6.45,5.098,8.081,0.3973,-3.5847,0.2,0.0,0.0,0.0,-1.6259,-1.0542,-1.5,2.4505,-0.4241,0,0,0,0.389,0.127,0.873,0,0,0.0,5,SEARCH_PHASE,-1.5949,-1.0329
155,5.606,4.6427,-0.8319,6.4416,-1.5934,-1.0309,-1.4165,6.422,5.06,8.035,0.3973,-3.5847,0.2,0.0,0.0,0.0,-1.6248,-1.0535,-1.5,2.4494,-0.3938,0,0,0,0.388,0.127,0.873,0,0,0.0,5,SEARCH_PHASE,-1.5934,-1.0309
156,5.64,4.6108,-0.8525,6.4128,-1.5926,-1.0299,-1.4425,6.393,5.022,7.989,0.3973,-3.5847,0.2,0.0,0.0,0.0,-1.6237,-1.0528,-1.5,2.4484,-0.427,0,0,0,0.394,0.129,0.871,0,0,0.0,5,SEARCH_PHASE,-1.5926,-1.0299
157,5.675,4.579,-0.8731,6.3836,-1.5916,-1.0277,-1.4588,6.364,4.984,7.942,0.3973,-3.5847,0.2,0.0,0.0,0.0,-1.6226,-1.0521,-1.5,2.4474,-0.387,0,0,0,0.391,0.128,0.872,0,0,0.0,5,SEARCH_PHASE,-1.5916,-1.0277
158,5.709,4.5472,-0.8936,6.3542,-1.5915,-1.0267,-1.4691,6.334,4.946,7.895,0.3973,-3.5847,0.2,0.0,0.0,0.0,-1.6215,-1.0514,-1.452,2.4172,-0.4215,0,0,0,0.396,0.129,0.871,0,0,0.0,5,SEARCH_PHASE,-1.5915,-1.0267
159,5.743,4.5154,-0.9141,6.3251,-1.5914,-1.024,-1.4579,6.305,4.908,7.849,0.3973,-3.5847,0.2,0.0,0.0,0.0,-1.6203,-1.0508,-1.404,2.3876,-0.397,0,0,0,0.397,0.13,0.87,0,0,0.0,5,SEARCH_PHASE,-1.5914,-1.024
160,5.777,4.4835,-0.9345,6.2964,-1.5924,-1.0223,-1.4329,6.276,4.87,7.803,0.3973,-3.5847,0.2,0.0,0.0,0.0,-1.6192,-1.0501,-1.356,2.3587,-0.4346,0,0,0,0.407,0.135,0.865,0,0,0.0,5,SEARCH_PHASE,-1.5924,-1.0223
161,5.812,4.4517,-0.9549,6.2684,-1.5923,-1.0197,-1.3995,6.248,4.833,7.758,0.3973,-3.5847,0.2,0.0,0.0,0.0,-1.6181,-1.0495,-1.308,2.3303,-0.3897,0,0,0,0.406,0.133,0.867,0,0,0.0,5,SEARCH_PHASE,-1.5923,-1.0197
162,5.846,4.4198,-0.9753,6.2412,-1.5928,-1.0196,-1.3608,6.221,4.795,7.713,0.3973,-3.5847,0.2,0.0,0.0,0.0,-1.6169,-1.0489,-1.26,2.3026,-0.4285,0,0,0,0.414,0.135,0.865,0,0,0.0,5,SEARCH_PHASE,-1.5928,-1.0196
163,5.877,4.388,-0.9957,6.2148,-1.5917,-1.0179,-1.3188,6.195,4.757,7.669,0.3973,-3.5847,0.2,0.0,0.0,0.0,-1.6158,-1.0482,-1.212,2.2756,-0.3826,0,0,0,0.413,0.136,0.864,0,0,0.0,5,SEARCH_PHASE,-1.5917,-1.0179
164,5.909,4.3562,-1.0161,6.1893,-1.5911,-1.0184,-1.2747,6.169,4.719,7.625,0.3973,-3.5847,0.2,0.0,0.0,0.0,-1.6146,-1.0476,-1.164,2.2493,-0.4218,0,0,1,0.419,0.14,0.86,0,0,0.0,5,SEARCH_PHASE,-1.5911,-1.0184
165,5.941,4.3244,-1.0364,6.1687,-1.59,-1.0176,-1.0337,6.149,4.681,7.586,0.3973,-3.5847,0.2,0.0,0.0,0.0,-1.6135,-1.047,-1.116,2.2237,-0.4222,0,0,1,0.425,0.143,0.857,0,0,0.0,5,SEARCH_PHASE,-1.59,-1.0176
166,5.972,4.2926,-1.0568,6.1516,-1.589,-1.0193,-0.8531,6.132,4.644,7.549,0.3973,-3.5847,0.2,0.0,0.0,0.0,-1.6124,-1.0464,-1.068,2.1989,-0.3635,0,0,1,0.419,0.138,0.862,0,0,0.0,5,SEARCH_PHASE,-1.589,-1.0193
167,6.004,4.2608,-1.0772,6.1369,-1.588,-1.0224,-0.7379,6.117,4.606,7.514,0.3973,-3.5847,0.2,0.0,0.0,0.0,-1.6112,-1.0457,-1.02,2.1749,-0.3415,0,0,1,0.409,0.133,0.867,0,0,0.0,5,SEARCH_PHASE,-1.588,-1.0224
168,6.035,4.2291,-1.0977,6.1236,-1.5837,-1.0208,-0.662,6.104,4.568,7.48,0.3973,-3.5847,0.2,0.0,0.0,0.0,-1.6101,-1.045,-0.972,2.1516,-0.3728,0,0,1,0.411,0.134,0.866,0,0,0.0,5,SEARCH_PHASE,-1.5837,-1.0208
169,6.067,4.1977,-1.1179,6.1114,-1.5734,-1.0132,-0.6112,6.091,4.531,7.448,0.3973,-3.5847,0.2,0.0,0.0,0.0,-1.609,-1.0444,-0.924,2.1292,-0.3401,0,0,1,0.405,0.134,0.866,0,0,0.0,5,SEARCH_PHASE,-1.5734,-1.0132
170,6.101,4.1666,-1.138,6.0999,-1.5537,-1.0027,-0.5752,6.08,4.494,7.416,0.3973,-3.5847,0.2,0.0,0.0,0.0,-1.6079,-1.0437,-0.876,2.1076,-0.3858,0,0,1,0.408,0.141,0.859,0,0,0.0,5,SEARCH_PHASE,-1.5537,-1.0027
171,6.135,4.1361,-1.1577,6.0889,-1.5251,-0.9861,-0.5511,6.069,4.457,7.386,0.3973,-3.5847,0.2,0.0,0.0,0.0,-1.6069,-1.0431,-0.828,2.087,-0.3449,0,0,1,0.404,0.142,0.858,0,0,0.0,5,SEARCH_PHASE,-1.5251,-0.9861
172,6.17,4.1063,-1.177,6.0782,-1.4901,-0.9668,-0.5347,6.058,4.422,7.356,0.3973,-3.5847,0.2,0.0,0.0,0.0,-1.6058,-1.0424,-0.78,2.0673,-0.3922,0,0,1,0.409,0.138,0.862,0,0,0.0,5,SEARCH_PHASE,-1.4901,-0.9668
173,6.205,4.0773,-1.1959,6.0676,-1.448,-0.9417,-0.5259,6.048,4.387,7.327,0.3973,-3.5847,0.2,0.0,0.0,0.0,-1.6049,-1.0417,-0.732,2.0486,-0.3706,0,0,1,0.403,0.14,0.86,0,0,0.0,5,SEARCH_PHASE,-1.448,-0.9417
174,6.24,4.0493,-1.2141,6.0572,-1.4007,-0.9138,-0.5229,6.037,4.354,7.298,0.3973,-3.5847,0.2,0.0,0.0,0.0,-1.6039,-1.0411,-0.684,2.0308,-0.4165,0,0,1,0.406,0.138,0.862,0,0,0.0,5,SEARCH_PHASE,-1.4007,-0.9138
175,6.275,4.0223,-1.2318,6.0467,-1.3513,-0.8817,-0.5242,6.027,4.322,7.271,0.3973,-3.5847,0.2,0.0,0.0,0.0,-1.603,-1.0405,-0.636,2.0141,-0.3973,0,0,1,0.399,0.139,0.861,0,0,0.0,5,SEARCH_PHASE,-1.3513,-0.8817
176,6.311,3.9963,-1.2487,6.0361,-1.3003,-0.848,-0.5283,6.016,4.291,7.244,0.3973,-3.5847,0.2,0.0,0.0,0.0,-1.6021,-1.0398,-0.588,1.9985,-0.4122,0,0,1,0.397,0.139,0.861,0,0,0.0,5,SEARCH_PHASE,-1.3003,-0.848
177,6.346,3.9713,-1.265,6.0255,-1.2498,-0.8114,-0.5345,6.005,4.261,7.217,0.3973,-3.5847,0.2,0.0,0.0,0.0,-1.6013,-1.0393,-0.54,1.9839,-0.4518,0,0,1,0.403,0.14,0.86,0,0,0.0,5,SEARCH_PHASE,-1.2498,-0.8114
178,6.381,3.9473,-1.2804,6.0146,-1.1986,-0.7742,-0.5418,5.995,4.232,7.192,0.3973,-3.5847,0.2,0.0,0.0,0.0,-1.6004,-1.0388,-0.588,1.9965,-0.4179,0,0,1,0.398,0.139,0.861,0,0,0.0,5,SEARCH_PHASE,-1.1986,-0.7742
179,6.415,3.9244,-1.2952,6.0036,-1.1477,-0.7391,-0.5489,5.984,4.205,7.167,0.3973,-3.5847,0.2,0.0,0.0,0.0,-1.5996,-1.0383,-0.636,2.0103,-0.4517,0,0,1,0.4,0.143,0.857,0,0,0.0,5,SEARCH_PHASE,-1.1477,-0.7391
180,6.45,3.9024,-1.3093,5.9925,-1.0982,-0.7039,-0.5555,5.973,4.179,7.143,0.3973,-3.5847,0.2,0.0,0.0,0.0,-1.5988,-1.0379,-0.684,2.0252,-0.442,0,0,1,0.406,0.136,0.864,0,0,0.0,5,SEARCH_PHASE,-1.0982,-0.7039
181,6.482,3.8814,-1.3227,5.9813,-1.0515,-0.6715,-0.5604,5.961,4.154,7.119,0.3973,-3.5847,0.2,0.0,0.0,0.0,-1.5981,-1.0375,-0.732,2.0411,-0.4362,0,0,1,0.406,0.139,0.861,0,0,0.0,5,SEARCH_PHASE,-1.0515,-0.6715
182,6.514,3.8613,-1.3356,5.97,-1.0052,-0.6412,-0.5643,5.95,4.13,7.096,0.3973,-3.5847,0.2,0.0,0.0,0.0,-1.5973,-1.0371,-0.78,2.058,-0.4767,0,0,1,0.415,0.146,0.854,0,0,0.0,5,SEARCH_PHASE,-1.0052,-0.6412
183,6.546,3.842,-1.3478,5.9587,-0.9619,-0.6132,-0.5665,5.939,4.107,7.073,0.3973,-3.5847,0.2,0.0,0.0,0.0,-1.5966,-1.0368,-0.828,2.076,-0.4238,0,0,1,0.415,0.143,0.857,0,0,0.0,5,SEARCH_PHASE,-0.9619,-0.6132
184,6.578,3.8236,-1.3596,5.9474,-0.9231,-0.5907,-0.5672,5.927,4.085,7.051,0.3973,-3.5847,0.2,0.0,0.0,0.0,-1.5959,-1.0364,-0.876,2.0949,-0.4632,0,0,1,0.424,0.147,0.853,0,0,0.0,5,SEARCH_PHASE,-0.9231,-0.5907
185,6.607,3.8058,-1.371,5.936,-0.8873,-0.5701,-0.5669,5.916,4.064,7.03,0.3973,-3.5847,0.2,0.0,0.0,0.0,-1.5953,-1.036,-0.924,2.1148,-0.417,0,0,1,0.424,0.144,0.856,0,0,0.0,5,SEARCH_PHASE,-0.8873,-0.5701
186,6.635,3.7887,-1.3821,5.9247,-0.8561,-0.5545,-0.5655,5.905,4.044,7.009,0.3973,-3.5847,0.2,0.0,0.0,0.0,-1.5947,-1.0357,-0.972,2.1355,-0.4551,0,0,1,0.433,0.147,0.853,0,0,0.0,5,SEARCH_PHASE,-0.8561,-0.5545
187,6.664,3.7721,-1.3929,5.9134,-0.829,-0.5408,-0.563,5.893,4.024,6.988,0.3973,-3.5847,0.2,0.0,0.0,0.0,-1.5942,-1.0353,-1.02,2.1572,-0.4054,0,0,1,0.432,0.146,0.854,0,0,0.0,5,SEARCH_PHASE,-0.829,-0.5408
188,6.692,3.756,-1.4036,5.9022,-0.8077,-0.5318,-0.5601,5.882,4.005,6.968,0.3973,-3.5847,0.2,0.0,0.0,0.0,-1.5936,-1.0349,-1.068,2.1797,-0.4418,0,0,1,0.441,0.153,0.847,0,0,0.0,5,SEARCH_PHASE,-0.8077,-0.5318
189,6.718,3.7402,-1.4141,5.8911,-0.7904,-0.5243,-0.5568,5.871,3.986,6.948,0.3973,-3.5847,0.2,0.0,0.0,0.0,-1.5935,-1.0347,-1.116,2.2035,-0.3942,0,0,1,0.44,0.153,0.847,0,0,0.0,5,SEARCH_PHASE,-0.7904,-0.5243
190,6.744,3.7246,-1.4245,5.88,-0.7789,-0.5209,-0.5536,5.86,3.967,6.928,0.3973,-3.5847,0.2,0.0,0.0,0.0,-1.5936,-1.0346,-1.164,2.2282,-0.4285,0,0,1,0.449,0.152,0.848,0,0,0.0,5,SEARCH_PHASE,-0.7789,-0.5209
191,6.772,3.7092,-1.4349,5.869,-0.7713,-0.5184,-0.5504,5.849,3.948,6.909,0.3973,-3.5847,0.2,0.0,0.0,0.0,-1.5937,-1.0345,-1.212,2.2537,-0.3999,0,0,1,0.45,0.15,0.85,0,0,0.0,5,SEARCH_PHASE,-0.7713,-0.5184
192,6.801,3.6938,-1.4452,5.8581,-0.7693,-0.5194,-0.5485,5.838,3.93,6.889,0.3973,-3.5847,0.2,0.0,0.0,0.0,-1.5938,-1.0344,-1.26,2.2798,-0.435,0,0,1,0.459,0.151,0.849,0,0,0.0,5,SEARCH_PHASE,-0.7693,-0.5194
193,6.829,3.6783,-1.4557,5.8471,-0.7711,-0.5214,-0.5459,5.827,3.911,6.869,0.3973,-3.5847,0.2,0.0,0.0,0.0,-1.5939,-1.0342,-1.308,2.3067,-0.3973,0,0,1,0.46,0.151,0.849,0,0,0.0,5,SEARCH_PHASE,-0.7711,-0.5214
194,6.861,3.6628,-1.4662,5.8363,-0.776,-0.5269,-0.5444,5.816,3.893,6.85,0.3973,-3.5847,0.2,0.0,0.0,0.0,-1.594,-1.0341,-1.356,2.3343,-0.4292,0,0,1,0.467,0.156,0.844,0,0,0.0,5,SEARCH_PHASE,-0.776,-0.5269
195,6.892,3.6472,-1.4769,5.8254,-0.7824,-0.5325,-0.5431,5.805,3.874,6.83,0.3973,-3.5847,0.2,0.0,0.0,0.0,-1.5941,-1.0339,-1.404,2.3625,-0.3918,0,0,1,0.465,0.155,0.845,0,0,0.0,5,SEARCH_PHASE,-0.7824,-0.5325
196,6.923,3.6313,-1.4877,5.8145,-0.7918,-0.5407,-0.5425,5.795,3.854,6.81,0.3973,-3.5847,0.2,0.0,0.0,0.0,-1.5942,-1.0337,-1.452,2.3913,-0.4293,0,0,1,0.47,0.156,0.844,0,0,0.0,5,SEARCH_PHASE,-0.7918,-0.5407
197,6.955,3.6153,-1.4986,5.8037,-0.8025,-0.5483,-0.5421,5.784,3.835,6.79,0.3973,-3.5847,0.2,0.0,0.0,0.0,-1.5943,-1.0335,-1.5,2.4207,-0.3923,0,0,1,0.468,0.154,0.846,0,0,0.0,5,SEARCH_PHASE,-0.8025,-0.5483
198,6.986,3.599,-1.5098,5.7929,-0.8161,-0.5581,-0.5424,5.773,3.815,6.77,0.3973,-3.5847,0.2,0.0,0.0,0.0,-1.5945,-1.0333,-1.5,2.4207,-0.4258,0,0,1,0.471,0.156,0.844,0,0,0.0,5,SEARCH_PHASE,-0.8161,-0.5581
199,7.018,3.5823,-1.5211,5.782,-0.8309,-0.5669,-0.5427,5.762,3.795,6.75,0.3973,-3.5847,0.2,0.0,0.0,0.0,-1.5946,-1.0331,-1.5,2.4207,-0.3891,0,0,1,0.468,0.154,0.846,0,0,0.0,5,SEARCH_PHASE,-0.8309,-0.5669
200,7.053,3.5654,-1.5327,5.7711,-0.8471,-0.5772,-0.5434,5.751,3.775,6.729,0.3973,-3.5847,0.2,0.0,0.0,0.0,-1.5947,-1.0329,-1.5,2.4207,-0.4254,0,0,1,0.471,0.155,0.845,0,0,0.0,5,SEARCH_PHASE,-0.8471,-0.5772
201,7.088,3.5481,-1.5444,5.7603,-0.863,-0.586,-0.544,5.74,3.754,6.709,0.3973,-3.5847,0.2,0.0,0.0,0.0,-1.5948,-1.0327,-1.5,2.4207,-0.3885,0,0,1,0.466,0.153,0.847,0,0,0.0,5,SEARCH_PHASE,-0.863,-0.586
202,7.122,3.5305,-1.5563,5.7494,-0.8802,-0.5959,-0.5449,5.729,3.732,6.688,0.3973,-3.5847,0.2,0.0,0.0,0.0,-1.595,-1.0325,-1.5,2.4207,-0.422,0,0,1,0.468,0.153,0.847,0,0,0.0,5,SEARCH_PHASE,-0.8802,-0.5959
203,7.157,3.5126,-1.5684,5.7384,-0.897,-0.6038,-0.5456,5.718,3.711,6.667,0.3973,-3.5847,0.2,0.0,0.0,0.0,-1.5951,-1.0323,-1.5,2.4207,-0.3848,0,0,1,0.463,0.154,0.846,0,0,0.0,5,SEARCH_PHASE,-0.897,-0.6038
204,7.191,3.4943,-1.5806,5.7275,-0.9141,-0.6124,-0.5462,5.708,3.689,6.645,0.3973,-3.5847,0.2,0.0,0.0,0.0,-1.5952,-1.0322,-1.5,2.4207,-0.421,0,0,1,0.463,0.152,0.848,0,0,0.0,5,SEARCH_PHASE,-0.9141,-0.6124
205,7.226,3.4757,-1.593,5.7166,-0.9297,-0.6183,-0.5468,5.697,3.667,6.624,0.3973,-3.5847,0.2,0.0,0.0,0.0,-1.5953,-1.0321,-1.5,2.4207,-0.3998,0,0,1,0.461,0.153,0.847,0,0,0.0,5,SEARCH_PHASE,-0.9297,-0.6183
206,7.261,3.4568,-1.6055,5.7056,-0.9454,-0.6244,-0.5478,5.686,3.644,6.602,0.3973,-3.5847,0.2,0.0,0.0,0.0,-1.5953,-1.032,-1.5,2.4207,-0.4373,0,0,1,0.467,0.15,0.85,0,0,0.0,5,SEARCH_PHASE,-0.9454,-0.6244
207,7.297,3.4376,-1.6181,5.6947,-0.9594,-0.6289,-0.5478,5.675,3.621,6.58,0.3973,-3.5847,0.2,0.0,0.0,0.0,-1.5954,-1.0319,-1.5,2.4207,-0.3948,0,0,1,0.464,0.152,0.848,0,0,0.0,5,SEARCH_PHASE,-0.9594,-0.6289
208,7.332,3.4182,-1.6308,5.6837,-0.973,-0.6347,-0.5479,5.664,3.598,6.559,0.3973,-3.5847,0.2,0.0,0.0,0.0,-1.5954,-1.0319,-1.5,2.4207,-0.4255,0,0,1,0.469,0.156,0.844,0,0,0.0,5,SEARCH_PHASE,-0.973,-0.6347
209,7.364,3.3985,-1.6435,5.6728,-0.9846,-0.6387,-0.5478,5.653,3.574,6.537,0.3973,-3.5847,0.2,0.0,0.0,0.0,-1.5954,-1.0319,-1.5,2.4207,-0.3829,0,0,1,0.465,0.15,0.85,0,0,0.0,5,SEARCH_PHASE,-0.9846,-0.6387
210,7.395,3.3786,-1.6564,5.6618,-0.9954,-0.6436,-0.5475,5.642,3.551,6.514,0.3973,-3.5847,0.2,0.0,0.0,0.0,-1.5954,-1.0319,-1.5,2.4207,-0.4151,0,0,1,0.469,0.156,0.844,0,0,0.0,5,SEARCH_PHASE,-0.9954,-0.6436
211,7.427,3.3585,-1.6693,5.6509,-1.0035,-0.6461,-0.5478,5.631,3.527,6.492,0.3973,-3.5847,0.2,0.0,0.0,0.0,-1.5954,-1.0319,-1.5,2.4207,-0.3754,0,0,1,0.464,0.153,0.847,0,0,0.0,5,SEARCH_PHASE,-1.0035,-0.6461
212,7.458,3.3383,-1.6823,5.6399,-1.0106,-0.6492,-0.5471,5.62,3.503,6.47,0.3973,-3.5847,0.2,0.0,0.0,0.0,-1.5954,-1.0319,-1.5,2.4207,-0.4107,0,0,1,0.467,0.155,0.845,0,0,0.0,5,SEARCH_PHASE,-1.0106,-0.6492
213,7.49,3.318,-1.6953,5.629,-1.015,-0.6498,-0.5465,5.609,3.479,6.448,0.3973,-3.5847,0.2,0.0,0.0,0.0,-1.5953,-1.032,-1.5,2.4207,-0.37,0,0,1,0.461,0.155,0.845,0,0,0.0,5,SEARCH_PHASE,-1.015,-0.6498
214,7.521,3.2976,-1.7083,5.6181,-1.0183,-0.6506,-0.5459,5.598,3.454,6.426,0.3973,-3.5847,0.2,0.0,0.0,0.0,-1.5953,-1.032,-1.5,2.4207,-0.4058,0,0,1,0.463,0.152,0.848,0,0,0.0,5,SEARCH_PHASE,-1.0183,-0.6506
215,7.552,3.2772,-1.7213,5.6071,-1.0187,-0.6485,-0.5461,5.587,3.43,6.403,0.3973,-3.5847,0.2,0.0,0.0,0.0,-1.5952,-1.0321,-1.5,2.4207,-0.3912,0,0,1,0.462,0.152,0.848,0,0,0.0,5,SEARCH_PHASE,-1.0187,-0.6485
216,7.584,3.2569,-1.7342,5.5962,-1.0179,-0.6463,-0.5455,5.576,3.406,6.381,0.3973,-3.5847,0.2,0.0,0.0,0.0,-1.5952,-1.0322,-1.5,2.4207,-0.4284,0,0,1,0.468,0.151,0.849,0,0,0.0,5,SEARCH_PHASE,-1.0179,-0.6463
217,7.615,3.2366,-1.7471,5.5853,-1.0158,-0.643,-0.5451,5.565,3.382,6.359,0.3973,-3.5847,0.2,0.0,0.0,0.0,-1.5951,-1.0323,-1.5,2.4207,-0.3875,0,0,1,0.465,0.152,0.848,0,0,0.0,5,SEARCH_PHASE,-1.0158,-0.643
218,7.647,3.2163,-1.7599,5.5744,-1.0136,-0.6412,-0.5448,5.554,3.358,6.337,0.3973,-3.5847,0.2,0.0,0.0,0.0,-1.595,-1.0324,-1.5,2.4207,-0.4253,0,0,1,0.47,0.155,0.845,0,0,0.0,5,SEARCH_PHASE,-1.0136,-0.6412
219,7.679,3.1961,-1.7727,5.5635,-1.0098,-0.6378,-0.5446,5.544,3.334,6.315,0.3973,-3.5847,0.2,0.0,0.0,0.0,-1.5949,-1.0326,-1.5,2.4207,-0.3839,0,0,1,0.466,0.157,0.843,0,0,0.0,5,SEARCH_PHASE,-1.0098,-0.6378
220,7.71,3.176,-1.7854,5.5527,-1.0059,-0.6356,-0.5445,5.533,3.31,6.294,0.3973,-3.5847,0.2,0.0,0.0,0.0,-1.5948,-1.0327,-1.5,2.4207,-0.4219,0,0,1,0.47,0.155,0.845,0,0,0.0,5,SEARCH_PHASE,-1.0059,-0.6356
221,7.742,3.156,-1.798,5.5418,-1.0001,-0.6313,-0.5446,5.522,3.287,6.272,0.3973,-3.5847,0.2,0.0,0.0,0.0,-1.5948,-1.0328,-1.5,2.4207,-0.3871,0,0,1,0.466,0.154,0.846,0,0,0.0,5,SEARCH_PHASE,-1.0001,-0.6313
222,7.773,3.1361,-1.8106,5.5309,-0.9941,-0.6279,-0.5446,5.511,3.263,6.25,0.3973,-3.5847,0.2,0.0,0.0,0.0,-1.5947,-1.033,-1.5,2.4207,-0.4256,0,0,1,0.469,0.154,0.846,0,0,0.0,5,SEARCH_PHASE,-0.9941,-0.6279
223,7.805,3.1163,-1.823,5.52,-0.9877,-0.6226,-0.5448,5.5,3.24,6.229,0.3973,-3.5847,0.2,0.0,0.0,0.0,-1.5946,-1.0331,-1.5,2.4207,-0.4001,0,0,1,0.468,0.156,0.844,0,0,0.0,5,SEARCH_PHASE,-0.9877,-0.6226
224,7.836,3.0967,-1.8354,5.5091,-0.9825,-0.6184,-0.5447,5.489,3.217,6.208,0.3973,-3.5847,0.2,0.0,0.0,0.0,-1.5945,-1.0333,-1.5,2.4207,-0.4384,0,0,1,0.475,0.154,0.846,0,0,0.0,5,SEARCH_PHASE,-0.9825,-0.6184
225,7.867,3.0772,-1.8477,5.4982,-0.9764,-0.6132,-0.5448,5.478,3.194,6.186,0.3973,-3.5847,0.2,0.0,0.0,0.0,-1.5944,-1.0334,-1.5,2.4207,-0.3959,0,0,1,0.473,0.158,0.842,0,0,0.0,5,SEARCH_PHASE,-0.9764,-0.6132
226,7.899,3.0577,-1.8599,5.4873,-0.971,-0.6101,-0.5448,5.467,3.171,6.165,0.3973,-3.5847,0.2,0.0,0.0,0.0,-1.5943,-1.0336,-1.5,2.4207,-0.4341,0,0,1,0.478,0.156,0.844,0,0,0.0,5,SEARCH_PHASE,-0.971,-0.6101
227,7.93,3.0385,-1.872,5.4764,-0.9646,-0.6057,-0.5449,5.456,3.148,6.144,0.3973,-3.5847,0.2,0.0,0.0,0.0,-1.5942,-1.0337,-1.5,2.4207,-0.396,0,0,1,0.475,0.155,0.845,0,0,0.0,5,SEARCH_PHASE,-0.9646,-0.6057
228,7.962,3.0193,-1.884,5.4655,-0.9587,-0.6029,-0.545,5.445,3.125,6.123,0.3973,-3.5847,0.2,0.0,0.0,0.0,-1.5941,-1.0339,-1.5,2.4207,-0.4342,0,0,1,0.48,0.158,0.842,0,0,0.0,5,SEARCH_PHASE,-0.9587,-0.6029
229,7.994,3.0002,-1.896,5.4546,-0.9526,-0.5988,-0.5449,5.435,3.103,6.102,0.3973,-3.5847,0.2,0.0,0.0,0.0,-1.594,-1.0341,-1.5,2.4207,-0.3914,0,0,1,0.476,0.153,0.847,0,0,0.0,5,SEARCH_PHASE,-0.9526,-0.5988
230,8.026,2.9813,-1.9079,5.4437,-0.9479,-0.5963,-0.545,5.424,3.08,6.082,0.3973,-3.5847,0.2,0.0,0.0,0.0,-1.5938,-1.0342,-1.5,2.4207,-0.4294,0,0,1,0.48,0.158,0.842,0,0,0.0,5,SEARCH_PHASE,-0.9479,-0.5963
231,8.057,2.9624,-1.9198,5.4328,-0.9428,-0.592,-0.5451,5.413,3.058,6.061,0.3973,-3.5847,0.2,0.0,0.0,0.0,-1.5937,-1.0344,-1.5,2.4207,-0.411,0,0,1,0.481,0.16,0.84,0,0,0.0,5,SEARCH_PHASE,-0.9428,-0.592
232,8.088,2.9436,-1.9315,5.4219,-0.939,-0.589,-0.5456,5.402,3.036,6.04,0.3973,-3.5847,0.2,0.0,0.0,0.0,-1.5936,-1.0346,-1.5,2.4207,-0.4438,0,0,1,0.489,0.164,0.836,0,0,0.0,5,SEARCH_PHASE,-0.939,-0.589
233,8.119,2.925,-1.9433,5.411,-0.9342,-0.5859,-0.5454,5.391,3.014,6.02,0.3973,-3.5847,0.2,0.0,0.0,0.0,-1.5935,-1.0348,-1.5,2.4207,-0.402,0,0,1,0.489,0.165,0.835,0,0,0.0,5,SEARCH_PHASE,-0.9342,-0.5859
234,8.15,2.9064,-1.955,5.4001,-0.9302,-0.5854,-0.5452,5.38,2.992,5.999,0.3973,-3.5847,0.2,0.0,0.0,0.0,-1.5934,-1.0349,-1.5,2.4207,-0.4373,0,0,1,0.496,0.169,0.831,0,0,0.0,5,SEARCH_PHASE,-0.9302,-0.5854
235,8.178,2.8878,-1.9667,5.3892,-0.9259,-0.5844,-0.545,5.369,2.97,5.979,0.3973,-3.5847,0.2,0.0,0.0,0.0,-1.5933,-1.0351,-1.5,2.4207,-0.3927,0,0,1,0.495,0.169,0.831,0,0,0.0,5,SEARCH_PHASE,-0.9259,-0.5844
236,8.207,2.8694,-1.9784,5.3783,-0.923,-0.5858,-0.5448,5.358,2.948,5.959,0.3973,-3.5847,0.2,0.0,0.0,0.0,-1.5932,-1.0352,-1.5,2.4207,-0.4274,0,0,1,0.501,0.172,0.828,0,0,0.0,5,SEARCH_PHASE,-0.923,-0.5858
237,8.232,2.851,-1.9901,5.3674,-0.9196,-0.5863,-0.5447,5.347,2.926,5.938,0.3973,-3.5847,0.2,0.0,0.0,0.0,-1.5931,-1.0353,-1.5,2.4207,-0.3832,0,0,1,0.499,0.17,0.83,0,0,0.0,5,SEARCH_PHASE,-0.9196,-0.5863
238,8.258,2.8326,-2.0019,5.3565,-0.9174,-0.5888,-0.5447,5.336,2.905,5.918,0.3973,-3.5847,0.2,0.0,0.0,0.0,-1.5931,-1.0354,-1.5,2.4207,-0.4174,0,0,1,0.503,0.173,0.827,0,0,0.0,5,SEARCH_PHASE,-0.9174,-0.5888
239,8.284,2.8143,-2.0137,5.3456,-0.9147,-0.5901,-0.5453,5.326,2.883,5.898,0.3973,-3.5847,0.2,0.0,0.0,0.0,-1.5931,-1.0354,-1.5,2.4207,-0.3845,0,0,1,0.501,0.171,0.829,0,0,0.0,5,SEARCH_PHASE,-0.9147,-0.5901
240,8.312,2.7961,-2.0255,5.3347,-0.913,-0.593,-0.545,5.315,2.861,5.878,0.3973,-3.5847,0.2,0.0,0.0,0.0,-1.5931,-1.0354,-1.5,2.4207,-0.4242,0,0,1,0.505,0.175,0.825,0,0,0.0,5,SEARCH_PHASE,-0.913,-0.593
241,8.34,2.7778,-2.0374,5.3238,-0.9115,-0.5946,-0.5448,5.304,2.839,5.858,0.3973,-3.5847,0.2,0.0,0.0,0.0,-1.5931,-1.0354,-1.5,2.4207,-0.3857,0,0,1,0.502,0.173,0.827,0,0,0.0,5,SEARCH_PHASE,-0.9115,-0.5946
242,8.37,2.7596,-2.0494,5.3129,-0.9117,-0.598,-0.5446,5.293,2.817,5.838,0.3973,-3.5847,0.2,0.0,0.0,0.0,-1.5931,-1.0354,-1.5,2.4207,-0.4252,0,0,1,0.505,0.176,0.824,0,0,0.0,5,SEARCH_PHASE,-0.9117,-0.598
243,8.401,2.7414,-2.0614,5.302,-0.9119,-0.5997,-0.5445,5.282,2.796,5.818,0.3973,-3.5847,0.2,0.0,0.0,0.0,-1.5932,-1.0353,-1.5,2.4207,-0.3865,0,0,1,0.5,0.169,0.831,0,0,0.0,5,SEARCH_PHASE,-0.9119,-0.5997
244,8.432,2.7231,-2.0734,5.2911,-0.9137,-0.6028,-0.5445,5.271,2.774,5.798,0.3973,-3.5847,0.2,0.0,0.0,0.0,-1.5932,-1.0352,-1.5,2.4207,-0.426,0,0,1,0.502,0.17,0.83,0,0,0.0,5,SEARCH_PHASE,-0.9137,-0.6028
245,8.463,2.7048,-2.0855,5.2802,-0.9154,-0.6038,-0.5445,5.26,2.752,5.778,0.3973,-3.5847,0.2,0.0,0.0,0.0,-1.5933,-1.0351,-1.5,2.4207,-0.3959,0,0,1,0.499,0.164,0.836,0,0,0.0,5,SEARCH_PHASE,-0.9154,-0.6038
246,8.494,2.6864,-2.0976,5.2693,-0.9185,-0.6058,-0.5451,5.249,2.73,5.758,0.3973,-3.5847,0.2,0.0,0.0,0.0,-1.5933,-1.035,-1.5,2.4207,-0.4344,0,0,1,0.503,0.169,0.831,0,0,0.0,5,SEARCH_PHASE,-0.9185,-0.6058
247,8.525,2.668,-2.1098,5.2584,-0.9211,-0.6063,-0.5448,5.238,2.708,5.738,0.3973,-3.5847,0.2,0.0,0.0,0.0,-1.5934,-1.0349,-1.5,2.4207,-0.3925,0,0,1,0.499,0.163,0.837,0,0,0.0,5,SEARCH_PHASE,-0.9211,-0.6063
248,8.557,2.6495,-2.1219,5.2475,-0.9249,-0.6081,-0.5447,5.228,2.686,5.717,0.3973,-3.5847,0.2,0.0,0.0,0.0,-1.5934,-1.0349,-1.5,2.4207,-0.4289,0,0,1,0.502,0.166,0.834,0,0,0.0,5,SEARCH_PHASE,-0.9249,-0.6081
249,8.588,2.6309,-2.1341,5.2366,-0.9282,-0.608,-0.5447,5.217,2.663,5.697,0.3973,-3.5847,0.2,0.0,0.0,0.0,-1.5935,-1.0348,-1.5,2.4207,-0.3929,0,0,1,0.499,0.166,0.834,0,0,0.0,5,SEARCH_PHASE,-0.9282,-0.608
250,8.62,2.6123,-2.1463,5.2257,-0.9325,-0.6088,-0.5447,5.206,2.641,5.677,0.3973,-3.5847,0.2,0.0,0.0,0.0,-1.5935,-1.0348,-1.5,2.4207,-0.4289,0,0,1,0.502,0.166,0.834,0,0,0.0,5,SEARCH_PHASE,-0.9325,-0.6088
251,8.651,2.5936,-2.1584,5.2148,-0.9361,-0.6079,-0.5447,5.195,2.619,5.657,0.3973,-3.5847,0.2,0.0,0.0,0.0,-1.5935,-1.0348,-1.5,2.4207,-0.3912,0,0,1,0.499,0.166,0.834,0,0,0.0,5,SEARCH_PHASE,-0.9361,-0.6079
252,8.683,2.5748,-2.1706,5.2039,-0.9403,-0.6081,-0.5447,5.184,2.596,5.637,0.3973,-3.5847,0.2,0.0,0.0,0.0,-1.5935,-1.0348,-1.5,2.4207,-0.427,0,0,1,0.502,0.167,0.833,0,0,0.0,5,SEARCH_PHASE,-0.9403,-0.6081
253,8.714,2.5559,-2.1827,5.1931,-0.9436,-0.6064,-0.5448,5.173,2.574,5.617,0.3973,-3.5847,0.2,0.0,0.0,0.0,-1.5934,-1.0349,-1.5,2.4207,-0.3957,0,0,1,0.501,0.169,0.831,0,0,0.0,5,SEARCH_PHASE,-0.9436,-0.6064
254,8.744,2.5369,-2.1948,5.1822,-0.9474,-0.6057,-0.5448,5.162,2.551,5.597,0.3973,-3.5847,0.2,0.0,0.0,0.0,-1.5934,-1.035,-1.5,2.4207,-0.4315,0,0,1,0.506,0.174,0.826,0,0,0.0,5,SEARCH_PHASE,-0.9474,-0.6057
255,8.773,2.5179,-2.2069,5.1713,-0.9498,-0.6037,-0.5447,5.151,2.529,5.578,0.3973,-3.5847,0.2,0.0,0.0,0.0,-1.5933,-1.0351,-1.5,2.4207,-0.3894,0,0,1,0.503,0.172,0.828,0,0,0.0,5,SEARCH_PHASE,-0.9498,-0.6037
256,8.804,2.4989,-2.219,5.1604,-0.9523,-0.6031,-0.5447,5.14,2.506,5.558,0.3973,-3.5847,0.2,0.0,0.0,0.0,-1.5932,-1.0353,-1.5,2.4207,-0.4251,0,0,1,0.508,0.175,0.825,0,0,0.0,5,SEARCH_PHASE,-0.9523,-0.6031
257,8.833,2.4798,-2.231,5.1495,-0.9534,-0.6008,-0.5449,5.129,2.484,5.538,0.3973,-3.5847,0.2,0.0,0.0,0.0,-1.593,-1.0355,-1.5,2.4207,-0.3936,0,0,1,0.506,0.17,0.83,0,0,0.0,5,SEARCH_PHASE,-0.9534,-0.6008
258,8.862,2.4607,-2.243,5.1386,-0.9545,-0.5995,-0.5448,5.119,2.461,5.518,0.3973,-3.5847,0.2,0.0,0.0,0.0,-1.5929,-1.0357,-1.5,2.4207,-0.4294,0,0,1,0.511,0.175,0.825,0,0,0.0,5,SEARCH_PHASE,-0.9545,-0.5995
259,8.889,2.4416,-2.2549,5.1277,-0.9548,-0.5971,-0.5447,5.108,2.439,5.498,0.3973,-3.5847,0.2,0.0,0.0,0.0,-1.5927,-1.036,-1.5,2.4207,-0.3868,0,0,1,0.508,0.172,0.828,0,0,0.0,5,SEARCH_PHASE,-0.9548,-0.5971
260,8.918,2.4225,-2.2668,5.1168,-0.9558,-0.5962,-0.5447,5.097,2.416,5.478,0.3973,-3.5847,0.2,0.0,0.0,0.0,-1.5925,-1.0363,-1.5,2.4207,-0.4223,0,0,1,0.512,0.175,0.825,0,0,0.0,5,SEARCH_PHASE,-0.9558,-0.5962
261,8.944,2.4034,-2.2787,5.1059,-0.9559,-0.5937,-0.5448,5.086,2.394,5.459,0.3973,-3.5847,0.2,0.0,0.0,0.0,-1.5923,-1.0366,-1.5,2.4207,-0.396,0,0,1,0.512,0.174,0.826,0,0,0.0,5,SEARCH_PHASE,-0.9559,-0.5937
262,8.97,2.3843,-2.2905,5.095,-0.9565,-0.5924,-0.5448,5.075,2.371,5.439,0.3973,-3.5847,0.2,0.0,0.0,0.0,-1.5921,-1.0369,-1.5,2.4207,-0.4313,0,0,1,0.519,0.179,0.821,0,0,0.0,5,SEARCH_PHASE,-0.9565,-0.5924
263,8.996,2.3652,-2.3024,5.0841,-0.9557,-0.5903,-0.5447,5.064,2.349,5.42,0.3973,-3.5847,0.2,0.0,0.0,0.0,-1.5919,-1.0373,-1.5,2.4207,-0.3893,0,0,1,0.518,0.178,0.822,0,0,0.0,5,SEARCH_PHASE,-0.9557,-0.5903
264,9.022,2.3461,-2.3142,5.0732,-0.955,-0.5905,-0.5446,5.053,2.326,5.4,0.3973,-3.5847,0.2,0.0,0.0,0.0,-1.5916,-1.0376,-1.5,2.4207,-0.4246,0,0,1,0.524,0.185,0.815,0,0,0.0,5,SEARCH_PHASE,-0.955,-0.5905
265,9.048,2.327,-2.326,5.0623,-0.9529,-0.5896,-0.5447,5.042,2.304,5.381,0.3973,-3.5847,0.2,0.0,0.0,0.0,-1.5914,-1.038,-1.5,2.4207,-0.3863,0,0,1,0.523,0.183,0.817,0,0,0.0,5,SEARCH_PHASE,-0.9529,-0.5896
266,9.073,2.308,-2.3378,5.0514,-0.951,-0.5905,-0.5446,5.031,2.282,5.361,0.3973,-3.5847,0.2,0.0,0.0,0.0,-1.5912,-1.0384,-1.5,2.4207,-0.4215,0,0,1,0.528,0.193,0.807,0,0,0.0,5,SEARCH_PHASE,-0.951,-0.5905
267,9.099,2.289,-2.3496,5.0405,-0.9486,-0.5904,-0.5445,5.021,2.259,5.342,0.3973,-3.5847,0.2,0.0,0.0,0.0,-1.5909,-1.0387,-1.5,2.4207,-0.3786,0,0,1,0.526,0.186,0.814,0,0,0.0,5,SEARCH_PHASE,-0.9486,-0.5904
268,9.125,2.2701,-2.3614,5.0296,-0.9473,-0.592,-0.5445,5.01,2.237,5.323,0.3973,-3.5847,0.2,0.0,0.0,0.0,-1.5907,-1.039,-1.5,2.4207,-0.4134,0,0,1,0.53,0.195,0.805,0,0,0.0,5,SEARCH_PHASE,-0.9473,-0.592
269,9.15,2.2512,-2.3733,5.0187,-0.9453,-0.5923,-0.5452,4.999,2.215,5.303,0.3973,-3.5847,0.2,0.0,0.0,0.0,-1.5905,-1.0393,-1.5,2.4207,-0.3791,0,0,1,0.527,0.182,0.818,0,0,0.0,5,SEARCH_PHASE,-0.9453,-0.5923
270,9.176,2.2323,-2.3851,5.0078,-0.9443,-0.5939,-0.5449,4.988,2.192,5.284,0.3973,-3.5847,0.2,0.0,0.0,0.0,-1.5904,-1.0396,-1.5,2.4207,-0.4194,0,0,1,0.531,0.195,0.805,0,0,0.0,5,SEARCH_PHASE,-0.9443,-0.5939
271,9.202,2.2134,-2.397,4.9969,-0.9426,-0.5939,-0.5447,4.977,2.17,5.265,0.3973,-3.5847,0.2,0.0,0.0,0.0,-1.5902,-1.0399,-1.5,2.4207,-0.3822,0,0,1,0.527,0.185,0.815,0,0,0.0,5,SEARCH_PHASE,-0.9426,-0.5939
272,9.23,2.1946,-2.4089,4.9861,-0.9418,-0.5952,-0.5447,4.966,2.148,5.246,0.3973,-3.5847,0.2,0.0,0.0,0.0,-1.59,-1.0401,-1.5,2.4207,-0.4227,0,0,1,0.53,0.194,0.806,0,0,0.0,5,SEARCH_PHASE,-0.9418,-0.5952
273,9.258,2.1758,-2.4208,4.9752,-0.9401,-0.5946,-0.5448,4.955,2.125,5.227,0.3973,-3.5847,0.2,0.0,0.0,0.0,-1.5898,-1.0404,-1.5,2.4207,-0.4045,0,0,1,0.53,0.19,0.81,0,0,0.0,5,SEARCH_PHASE,-0.9401,-0.5946
274,9.287,2.157,-2.4327,4.9643,-0.9392,-0.5949,-0.5447,4.944,2.103,5.208,0.3973,-3.5847,0.2,0.0,0.0,0.0,-1.5897,-1.0406,-1.5,2.4207,-0.4411,0,0,1,0.537,0.198,0.802,0,0,0.0,5,SEARCH_PHASE,-0.9392,-0.5949
275,9.312,2.1383,-2.4446,4.9534,-0.9373,-0.5945,-0.5451,4.933,2.081,5.189,0.3973,-3.5847,0.2,0.0,0.0,0.0,-1.5895,-1.0409,-1.5,2.4207,-0.3972,0,0,1,0.537,0.203,0.797,0,0,0.0,5,SEARCH_PHASE,-0.9373,-0.5945
276,9.338,2.1195,-2.4565,4.9425,-0.936,-0.5967,-0.545,4.922,2.059,5.17,0.3973,-3.5847,0.2,0.0,0.0,0.0,-1.5894,-1.0411,-1.5,2.4207,-0.4217,0,0,1,0.542,0.204,0.796,0,0,0.0,5,SEARCH_PHASE,-0.936,-0.5967
277,9.363,2.1009,-2.4685,4.9316,-0.9339,-0.5983,-0.5452,4.912,2.037,5.151,0.3973,-3.5847,0.2,0.0,0.0,0.0,-1.5893,-1.0413,-1.5,2.4207,-0.3793,0,0,1,0.539,0.202,0.798,0,0,0.0,5,SEARCH_PHASE,-0.9339,-0.5983
278,9.389,2.0822,-2.4805,4.9207,-0.9326,-0.6013,-0.545,4.901,2.014,5.133,0.3973,-3.5847,0.2,0.0,0.0,0.0,-1.5892,-1.0414,-1.5,2.4207,-0.4143,0,0,1,0.543,0.201,0.799,0,0,0.0,5,SEARCH_PHASE,-0.9326,-0.6013
279,9.414,2.0636,-2.4926,4.9097,-0.9305,-0.6028,-0.5455,4.89,1.992,5.114,0.3973,-3.5847,0.2,0.0,0.0,0.0,-1.5891,-1.0415,-1.5,2.4207,-0.3762,0,0,1,0.539,0.201,0.799,0,0,0.0,5,SEARCH_PHASE,-0.9305,-0.6028
280,9.439,2.045,-2.5047,4.8988,-0.9293,-0.6054,-0.5452,4.879,1.97,5.095,0.3973,-3.5847,0.2,0.0,0.0,0.0,-1.5891,-1.0415,-1.5,2.4207,-0.4143,0,0,1,0.542,0.203,0.797,0,0,0.0,5,SEARCH_PHASE,-0.9293,-0.6054
281,9.465,2.0265,-2.5168,4.8879,-0.9271,-0.6061,-0.545,4.868,1.948,5.077,0.3973,-3.5847,0.2,0.0,0.0,0.0,-1.5891,-1.0416,-1.5,2.4207,-0.3743,0,0,1,0.538,0.195,0.805,0,0,0.0,5,SEARCH_PHASE,-0.9271,-0.6061
282,9.49,2.008,-2.529,4.877,-0.9257,-0.6078,-0.5449,4.857,1.926,5.058,0.3973,-3.5847,0.2,0.0,0.0,0.0,-1.5891,-1.0415,-1.5,2.4207,-0.4125,0,0,1,0.54,0.201,0.799,0,0,0.0,5,SEARCH_PHASE,-0.9257,-0.6078
283,9.515,1.9895,-2.5411,4.8661,-0.9232,-0.6071,-0.5448,4.846,1.904,5.04,0.3973,-3.5847,0.2,0.0,0.0,0.0,-1.5891,-1.0415,-1.5,2.4207,-0.3721,0,0,1,0.535,0.191,0.809,0,0,0.0,5,SEARCH_PHASE,-0.9232,-0.6071
284,9.541,1.9711,-2.5532,4.8553,-0.9213,-0.6071,-0.5446,4.835,1.882,5.021,0.3973,-3.5847,0.2,0.0,0.0,0.0,-1.5891,-1.0415,-1.5,2.4207,-0.4104,0,0,1,0.536,0.192,0.808,0,0,0.0,5,SEARCH_PHASE,-0.9213,-0.6071
285,9.567,1.9527,-2.5653,4.8444,-0.9182,-0.6043,-0.5447,4.824,1.86,5.003,0.3973,-3.5847,0.2,0.0,0.0,0.0,-1.5892,-1.0414,-1.5,2.4207,-0.3828,0,0,1,0.533,0.187,0.813,0,0,0.0,5,SEARCH_PHASE,-0.9182,-0.6043
286,9.592,1.9344,-2.5774,4.8335,-0.9156,-0.6017,-0.5444,4.813,1.838,4.985,0.3973,-3.5847,0.2,0.0,0.0,0.0,-1.5892,-1.0414,-1.5,2.4207,-0.4212,0,0,1,0.536,0.192,0.808,0,0,0.0,5,SEARCH_PHASE,-0.9156,-0.6017
287,9.617,1.9162,-2.5893,4.8226,-0.9114,-0.5971,-0.5444,4.803,1.816,4.966,0.3973,-3.5847,0.2,0.0,0.0,0.0,-1.5892,-1.0414,-1.5,2.4207,-0.38,0,0,1,0.532,0.186,0.814,0,0,0.0,5,SEARCH_PHASE,-0.9114,-0.5971
288,9.642,1.898,-2.6012,4.8117,-0.9073,-0.5934,-0.5442,4.792,1.794,4.948,0.3973,-3.5847,0.2,0.0,0.0,0.0,-1.5892,-1.0414,-1.5,2.4207,-0.4187,0,0,1,0.534,0.185,0.815,0,0,0.0,5,SEARCH_PHASE,-0.9073,-0.5934
289,9.668,1.88,-2.6129,4.8008,-0.9015,-0.5873,-0.5441,4.781,1.773,4.931,0.3973,-3.5847,0.2,0.0,0.0,0.0,-1.5891,-1.0415,-1.5,2.4207,-0.3772,0,0,1,0.529,0.182,0.818,0,0,0.0,5,SEARCH_PHASE,-0.9015,-0.5873
290,9.693,1.8621,-2.6246,4.7899,-0.8956,-0.5816,-0.5439,4.77,1.751,4.913,0.3973,-3.5847,0.2,0.0,0.0,0.0,-1.5891,-1.0416,-1.5,2.4207,-0.4162,0,0,1,0.531,0.183,0.817,0,0,0.0,5,SEARCH_PHASE,-0.8956,-0.5816
291,9.718,1.8443,-2.636,4.7791,-0.888,-0.5731,-0.5441,4.759,1.73,4.895,0.3973,-3.5847,0.2,0.0,0.0,0.0,-1.589,-1.0417,-1.5,2.4207,-0.4025,0,0,1,0.532,0.184,0.816,0,0,0.0,5,SEARCH_PHASE,-0.888,-0.5731
292,9.744,1.8267,-2.6473,4.7682,-0.8801,-0.5647,-0.5443,4.748,1.709,4.878,0.3973,-3.5847,0.2,0.0,0.0,0.0,-1.5889,-1.0419,-1.5,2.4207,-0.4293,0,0,1,0.537,0.192,0.808,0,0,0.0,5,SEARCH_PHASE,-0.8801,-0.5647
293,9.77,1.8093,-2.6584,4.7573,-0.8698,-0.5555,-0.5443,4.737,1.689,4.86,0.3973,-3.5847,0.2,0.0,0.0,0.0,-1.5887,-1.0421,-1.5,2.4207,-0.391,0,0,1,0.535,0.189,0.811,0,0,0.0,5,SEARCH_PHASE,-0.8698,-0.5555
294,9.795,1.7921,-2.6694,4.7464,-0.8588,-0.5474,-0.5442,4.726,1.668,4.843,0.3973,-3.5847,0.2,0.0,0.0,0.0,-1.5885,-1.0424,-1.5,2.4207,-0.43,0,0,1,0.539,0.191,0.809,0,0,0.0,5,SEARCH_PHASE,-0.8588,-0.5474
295,9.821,1.7752,-2.6801,4.7355,-0.8468,-0.5376,-0.5443,4.716,1.648,4.826,0.3973,-3.5847,0.2,0.0,0.0,0.0,-1.5883,-1.0427,-1.5,2.4207,-0.3859,0,0,1,0.535,0.186,0.814,0,0,0.0,5,SEARCH_PHASE,-0.8468,-0.5376
296,9.847,1.7585,-2.6907,4.7246,-0.8351,-0.5289,-0.5444,4.705,1.629,4.809,0.3973,-3.5847,0.2,0.0,0.0,0.0,-1.5881,-1.043,-1.5,2.4207,-0.4249,0,0,1,0.538,0.186,0.814,0,0,0.0,5,SEARCH_PHASE,-0.8351,-0.5289
297,9.872,1.7421,-2.7011,4.7137,-0.8221,-0.5181,-0.5449,4.694,1.609,4.792,0.3973,-3.5847,0.2,0.0,0.0,0.0,-1.5879,-1.0433,-1.5,2.4207,-0.4045,0,0,1,0.539,0.188,0.812,0,0,0.0,5,SEARCH_PHASE,-0.8221,-0.5181
298,9.897,1.7259,-2.7112,4.7028,-0.8094,-0.508,-0.545,4.683,1.59,4.775,0.3973,-3.5847,0.2,0.0,0.0,0.0,-1.5876,-1.0437,-1.5,2.4207,-0.4434,0,0,1,0.546,0.199,0.801,0,0,0.0,5,SEARCH_PHASE,-0.8094,-0.508
299,9.923,1.71,-2.7212,4.6919,-0.7954,-0.4974,-0.5452,4.672,1.571,4.759,0.3973,-3.5847,0.2,0.0,0.0,0.0,-1.5475,-1.0175,-1.116,2.1623,-0.3986,1,1,0,0.545,0.196,0.804,0,0,0.0,5,DESCENT_PHASE,-0.7954,-0.4974
300,9.949,1.6942,-2.731,4.6788,-0.7888,-0.4934,-0.6571,4.659,1.553,4.74,0.3973,-3.5847,0.2,0.0,0.0,0.0,-1.5073,-0.9912,-0.732,1.9469,-0.396,1,1,0,0.545,0.192,0.808,0,0,0.0,5,DESCENT_PHASE,-0.7888,-0.4934
301,9.975,1.6787,-2.7408,4.6649,-0.7763,-0.4858,-0.6957,4.645,1.534,4.721,0.3973,-3.5847,0.2,0.0,0.0,0.0,-1.4671,-0.965,-0.348,1.7902,-0.4304,1,1,0,0.551,0.203,0.797,0,0,0.0,5,DESCENT_PHASE,-0.7763,-0.4858
302,10.002,1.6637,-2.7502,4.6533,-0.7505,-0.47,-0.5781,4.633,1.517,4.704,0.3973,-3.5847,0.2,0.0,0.0,0.0,-1.4269,-0.9387,-0.1512,1.7147,-0.4713,1,1,0,0.564,0.224,0.776,0,0,0.0,5,DESCENT_PHASE,-0.7505,-0.47
303,10.027,1.6492,-2.7593,4.6448,-0.7221,-0.4555,-0.4277,4.625,1.5,4.691,0.3973,-3.5847,0.2,0.0,0.0,0.0,-1.3867,-0.9125,-0.407,1.7092,-0.4485,1,1,0,0.567,0.216,0.784,0,0,0.0,5,DESCENT_PHASE,-0.7221,-0.4555
304,10.053,1.6351,-2.7683,4.6363,-0.7074,-0.4527,-0.4219,4.616,1.483,4.678,0.3973,-3.5847,0.2,0.0,0.0,0.0,-1.3466,-0.8862,-0.4167,1.665,-0.4825,1,1,0,0.578,0.234,0.766,0,0,0.0,5,DESCENT_PHASE,-0.7074,-0.4527
305,10.079,1.6211,-2.7774,4.628,-0.6992,-0.4533,-0.4155,4.608,1.466,4.664,0.3973,-3.5847,0.2,0.0,0.0,0.0,-1.3064,-0.8599,-0.4276,1.6214,-0.4703,1,1,0,0.584,0.233,0.767,0,0,0.0,5,DESCENT_PHASE,-0.6992,-0.4533
306,10.105,1.6071,-2.7866,4.6198,-0.6994,-0.4606,-0.4096,4.6,1.449,4.651,0.3973,-3.5847,0.2,0.0,0.0,0.0,-1.2663,-0.8335,-0.4377,1.5779,-0.4869,1,1,0,0.596,0.249,0.751,0,0,0.0,5,DESCENT_PHASE,-0.6994,-0.4606
307,10.132,1.5929,-2.7961,4.6117,-0.7108,-0.4732,-0.4071,4.592,1.432,4.638,0.3973,-3.5847,0.2,0.0,0.0,0.0,-1.2262,-0.8071,-0.442,1.5331,-0.4523,1,1,0,0.602,0.262,0.738,0,0,0.0,5,DESCENT_PHASE,-0.7108,-0.4732
308,10.158,1.5783,-2.8059,4.6035,-0.7304,-0.4923,-0.4071,4.584,1.415,4.625,0.3973,-3.5847,0.2,0.0,0.0,0.0,-1.1862,-0.7807,-0.4419,1.4872,-0.4382,1,1,0,0.607,0.26,0.74,0,0,0.0,5,DESCENT_PHASE,-0.7304,-0.4923
309,10.184,1.5631,-2.8162,4.5953,-0.7569,-0.5152,-0.4092,4.575,1.396,4.612,0.3973,-3.5847,0.2,0.0,0.0,0.0,-1.1461,-0.7542,-0.4383,1.4403,-0.4102,1,1,0,0.608,0.255,0.745,0,0,0.0,5,DESCENT_PHASE,-0.7569,-0.5152
310,10.213,1.5474,-2.827,4.5871,-0.7884,-0.5406,-0.4124,4.567,1.377,4.598,0.3973,-3.5847,0.2,0.0,0.0,0.0,-1.1061,-0.7276,-0.4329,1.393,-0.4325,1,1,0,0.612,0.255,0.745,0,0,0.0,5,DESCENT_PHASE,-0.7884,-0.5406
311,10.242,1.5309,-2.8384,4.5788,-0.8248,-0.5666,-0.4162,4.559,1.357,4.584,0.3973,-3.5847,0.2,0.0,0.0,0.0,-1.0662,-0.7011,-0.4264,1.3454,-0.4001,1,1,0,0.612,0.253,0.747,0,0,0.0,5,DESCENT_PHASE,-0.8248,-0.5666
312,10.274,1.5136,-2.8503,4.5704,-0.863,-0.5952,-0.4206,4.55,1.336,4.57,0.3973,-3.5847,0.2,0.0,0.0,0.0,-1.0262,-0.6745,-0.4191,1.2975,-0.3709,1,1,0,0.607,0.253,0.747,0,0,0.0,5,DESCENT_PHASE,-0.863,-0.5952
313,10.305,1.4956,-2.8627,4.5619,-0.9012,-0.6231,-0.4243,4.542,1.314,4.556,0.3973,-3.5847,0.2,0.0,0.0,0.0,-0.9863,-0.6478,-0.4127,1.2501,-0.3994,1,1,0,0.605,0.25,0.75,0,0,0.0,5,DESCENT_PHASE,-0.9012,-0.6231
314,10.337,1.4768,-2.8757,4.5534,-0.9378,-0.6484,-0.4258,4.533,1.292,4.541,0.3973,-3.5847,0.2,0.0,0.0,0.0,-0.9464,-0.6211,-0.4101,1.204,-0.368,1,1,0,0.598,0.247,0.753,0,0,0.0,5,DESCENT_PHASE,-0.9378,-0.6484
315,10.37,1.4574,-2.8891,4.5448,-0.9712,-0.6728,-0.4268,4.525,1.268,4.526,0.3973,-3.5847,0.2,0.0,0.0,0.0,-0.9065,-0.5944,-0.4085,1.1584,-0.4042,1,1,0,0.596,0.249,0.751,0,0,0.0,5,DESCENT_PHASE,-0.9712,-0.6728
316,10.404,1.4374,-2.903,4.5363,-0.9995,-0.6931,-0.4271,4.516,1.244,4.511,0.3973,-3.5847,0.2,0.0,0.0,0.0,-0.8667,-0.5676,-0.408,1.1134,-0.3707,1,1,0,0.589,0.23,0.77,0,0,0.0,5,DESCENT_PHASE,-0.9995,-0.6931
317,10.438,1.4169,-2.9172,4.5277,-1.0245,-0.7121,-0.4267,4.508,1.219,4.496,0.3973,-3.5847,0.2,0.0,0.0,0.0,-0.8269,-0.5408,-0.4087,1.0692,-0.3909,1,1,0,0.586,0.228,0.772,0,0,0.0,5,DESCENT_PHASE,-1.0245,-0.7121
318,10.471,1.396,-2.9318,4.5193,-1.0448,-0.7264,-0.4246,4.499,1.193,4.481,0.3973,-3.5847,0.2,0.0,0.0,0.0,-0.7871,-0.514,-0.4122,1.0264,-0.3809,1,1,0,0.58,0.238,0.762,0,0,0.0,5,DESCENT_PHASE,-1.0448,-0.7264
319,10.505,1.3749,-2.9465,4.5108,-1.0569,-0.7372,-0.4225,4.491,1.167,4.466,0.3973,-3.5847,0.2,0.0,0.0,0.0,-0.7473,-0.487,-0.4157,0.9841,-0.3759,1,1,0,0.576,0.232,0.768,0,0,0.0,5,DESCENT_PHASE,-1.0569,-0.7372
320,10.539,1.3536,-2.9614,4.5024,-1.0641,-0.7433,-0.4194,4.482,1.142,4.451,0.3973,-3.5847,0.2,0.0,0.0,0.0,-0.7077,-0.46,-0.421,0.9432,-0.3597,1,1,0,0.565,0.218,0.782,0,0,0.0,5,DESCENT_PHASE,-1.0641,-0.7433
321,10.573,1.3323,-2.9763,4.4941,-1.0638,-0.7443,-0.4168,4.474,1.116,4.437,0.3973,-3.5847,0.2,0.0,0.0,0.0,-0.668,-0.4329,-0.4255,0.9026,-0.384,1,1,0,0.561,0.208,0.792,0,0,0.0,5,DESCENT_PHASE,-1.0638,-0.7443
322,10.609,1.3111,-2.991,4.4858,-1.0595,-0.7387,-0.4138,4.466,1.09,4.422,0.3973,-3.5847,0.2,0.0,0.0,0.0,-0.6284,-0.4059,-0.4305,0.8631,-0.3984,1,1,0,0.558,0.203,0.797,0,0,0.0,5,DESCENT_PHASE,-1.0595,-0.7387
323,10.646,1.2902,-3.0056,4.4776,-1.0481,-0.7278,-0.4117,4.458,1.064,4.408,0.3973,-3.5847,0.2,0.0,0.0,0.0,-0.5888,-0.3788,-0.434,0.8237,-0.3843,1,1,0,0.556,0.201,0.799,0,0,0.0,5,DESCENT_PHASE,-1.0481,-0.7278
324,10.68,1.2695,-3.0198,4.4694,-1.0319,-0.7126,-0.4096,4.449,1.039,4.394,0.3973,-3.5847,0.2,0.0,0.0,0.0,-0.5491,-0.3518,-0.4377,0.7854,-0.4102,1,1,0,0.557,0.203,0.797,0,0,0.0,5,DESCENT_PHASE,-1.0319,-0.7126
325,10.715,1.2494,-3.0337,4.4612,-1.0085,-0.6923,-0.4076,4.441,1.015,4.38,0.3973,-3.5847,0.2,0.0,0.0,0.0,-0.5094,-0.3248,-0.4411,0.748,-0.3614,1,1,0,0.552,0.195,0.805,0,0,0.0,5,DESCENT_PHASE,-1.0085,-0.6923
326,10.749,1.2298,-3.0471,4.4531,-0.9797,-0.6689,-0.4056,4.433,0.991,4.367,0.3973,-3.5847,0.2,0.0,0.0,0.0,-0.4696,-0.2979,-0.4445,0.7119,-0.4034,1,1,0,0.554,0.189,0.811,0,0,0.0,5,DESCENT_PHASE,-0.9797,-0.6689
327,10.78,1.2109,-3.0599,4.445,-0.9443,-0.6394,-0.4061,4.425,0.968,4.354,0.3973,-3.5847,0.2,0.0,0.0,0.0,-0.4297,-0.2712,-0.4437,0.6746,-0.3964,1,1,0,0.552,0.188,0.812,0,0,0.0,5,DESCENT_PHASE,-0.9443,-0.6394
328,10.815,1.1928,-3.072,4.4369,-0.9031,-0.6063,-0.406,4.417,0.946,4.341,0.3973,-3.5847,0.2,0.0,0.0,0.0,-0.3896,-0.2449,-0.4438,0.6393,-0.4212,1,1,0,0.562,0.187,0.813,0,0,0.0,5,DESCENT_PHASE,-0.9031,-0.6063
329,10.846,1.1757,-3.0834,4.4288,-0.858,-0.5699,-0.4063,4.409,0.926,4.329,0.3973,-3.5847,0.2,0.0,0.0,0.0,-0.3488,-0.2196,-0.4433,0.6053,-0.3966,1,1,0,0.562,0.186,0.814,0,0,0.0,5,DESCENT_PHASE,-0.858,-0.5699
330,10.878,1.1596,-3.094,4.4206,-0.8055,-0.532,-0.4082,4.401,0.907,4.317,0.3973,-3.5847,0.2,0.0,0.0,0.0,-0.3576,-0.2263,-0.4401,0.6105,-0.4418,1,1,0,0.568,0.192,0.808,0,0,0.0,5,DESCENT_PHASE,-0.8055,-0.532
331,10.909,1.1446,-3.1039,4.4123,-0.7496,-0.4918,-0.4135,4.392,0.889,4.305,0.3973,-3.5847,0.2,0.0,0.0,0.0,-0.3713,-0.2361,-0.4311,0.616,-0.415,1,1,0,0.565,0.187,0.813,0,0,0.0,5,DESCENT_PHASE,-0.7496,-0.4918
332,10.939,1.1308,-3.1129,4.4039,-0.691,-0.4519,-0.4196,4.384,0.872,4.293,0.3973,-3.5847,0.2,0.0,0.0,0.0,-0.3863,-0.2462,-0.4207,0.622,-0.4499,1,1,0,0.567,0.191,0.809,0,0,0.0,5,DESCENT_PHASE,-0.691,-0.4519
333,10.966,1.1181,-3.1211,4.3954,-0.6324,-0.4107,-0.4248,4.375,0.857,4.282,0.3973,-3.5847,0.2,0.0,0.0,0.0,-0.4017,-0.2571,-0.4119,0.6302,-0.4373,1,1,0,0.563,0.183,0.817,0,0,0.0,5,DESCENT_PHASE,-0.6324,-0.4107
334,10.997,1.1066,-3.1285,4.3869,-0.5741,-0.3711,-0.4289,4.367,0.843,4.271,0.3973,-3.5847,0.2,0.0,0.0,0.0,-0.4176,-0.2679,-0.4048,0.6403,-0.456,1,1,0,0.565,0.189,0.811,0,0,0.0,5,DESCENT_PHASE,-0.5741,-0.3711
335,11.024,1.0962,-3.1352,4.3782,-0.519,-0.3322,-0.4314,4.358,0.831,4.26,0.3973,-3.5847,0.2,0.0,0.0,0.0,-0.4328,-0.2788,-0.4006,0.6524,-0.4715,1,1,0,0.567,0.193,0.807,0,0,0.0,5,DESCENT_PHASE,-0.519,-0.3322
336,11.051,1.0869,-3.1411,4.3696,-0.4659,-0.2964,-0.4328,4.35,0.82,4.249,0.3973,-3.5847,0.2,0.0,0.0,0.0,-0.4479,-0.289,-0.3982,0.6653,-0.4455,1,1,0,0.563,0.192,0.808,0,0,0.0,5,DESCENT_PHASE,-0.4659,-0.2964
337,11.077,1.0786,-3.1464,4.3609,-0.4171,-0.2644,-0.4332,4.341,0.81,4.239,0.3973,-3.5847,0.2,0.0,0.0,0.0,-0.4618,-0.2983,-0.3976,0.6785,-0.4672,1,1,0,0.568,0.2,0.8,0,0,0.0,5,DESCENT_PHASE,-0.4171,-0.2644
338,11.103,1.0711,-3.1511,4.3522,-0.3748,-0.2351,-0.4328,4.332,0.801,4.229,0.3973,-3.5847,0.2,0.0,0.0,0.0,-0.474,-0.3069,-0.3982,0.691,-0.4441,1,1,0,0.566,0.203,0.797,0,0,0.0,5,DESCENT_PHASE,-0.3748,-0.2351
339,11.129,1.0644,-3.1553,4.3436,-0.3358,-0.2102,-0.4319,4.324,0.793,4.219,0.3973,-3.5847,0.2,0.0,0.0,0.0,-0.4855,-0.3143,-0.3997,0.703,-0.4746,1,1,0,0.571,0.21,0.79,0,0,0.0,5,DESCENT_PHASE,-0.3358,-0.2102
340,11.155,1.0583,-3.1591,4.335,-0.303,-0.1879,-0.4294,4.315,0.786,4.209,0.3973,-3.5847,0.2,0.0,0.0,0.0,-0.4951,-0.321,-0.404,0.7151,-0.4442,1,1,0,0.574,0.216,0.784,0,0,0.0,5,DESCENT_PHASE,-0.303,-0.1879
341,11.18,1.0528,-3.1625,4.3265,-0.2774,-0.1714,-0.4268,4.306,0.78,4.199,0.3973,-3.5847,0.2,0.0,0.0,0.0,-0.5026,-0.3259,-0.4084,0.725,-0.4742,1,1,0,0.582,0.234,0.766,0,0,0.0,5,DESCENT_PHASE,-0.2774,-0.1714
342,11.206,1.0476,-3.1657,4.318,-0.2569,-0.158,-0.4234,4.298,0.774,4.19,0.3973,-3.5847,0.2,0.0,0.0,0.0,-0.5086,-0.33,-0.4141,0.7342,-0.4421,1,1,0,0.586,0.239,0.761,0,0,0.0,5,DESCENT_PHASE,-0.2569,-0.158
343,11.232,1.0428,-3.1687,4.3096,-0.2436,-0.1509,-0.4211,4.29,0.768,4.181,0.3973,-3.5847,0.2,0.0,0.0,0.0,-0.5125,-0.3322,-0.4181,0.7401,-0.4725,1,1,0,0.597,0.247,0.753,0,0,0.0,5,DESCENT_PHASE,-0.2436,-0.1509
344,11.258,1.038,-3.1716,4.3012,-0.2355,-0.1471,-0.4184,4.281,0.762,4.171,0.3973,-3.5847,0.2,0.0,0.0,0.0,-0.5147,-0.3333,-0.4227,0.7447,-0.4388,1,1,0,0.602,0.255,0.745,0,0,0.0,5,DESCENT_PHASE,-0.2355,-0.1471
345,11.282,1.0334,-3.1746,4.2929,-0.2346,-0.1495,-0.417,4.273,0.757,4.162,0.3973,-3.5847,0.2,0.0,0.0,0.0,-0.5147,-0.3324,-0.4252,0.7458,-0.4149,1,1,0,0.606,0.255,0.745,0,0,0.0,5,DESCENT_PHASE,-0.2346,-0.1495
346,11.306,1.0286,-3.1777,4.2846,-0.2392,-0.1553,-0.4162,4.265,0.751,4.153,0.3973,-3.5847,0.2,0.0,0.0,0.0,-0.5131,-0.3304,-0.4265,0.7445,-0.4401,1,1,0,0.613,0.259,0.741,0,0,0.0,5,DESCENT_PHASE,-0.2392,-0.1553
347,11.33,1.0236,-3.181,4.2763,-0.2474,-0.163,-0.4152,4.256,0.745,4.144,0.3973,-3.5847,0.2,0.0,0.0,0.0,-0.5102,-0.3277,-0.4282,0.7424,-0.3976,1,1,0,0.614,0.261,0.739,0,0,0.0,5,DESCENT_PHASE,-0.2474,-0.163
348,11.353,1.0184,-3.1845,4.2679,-0.261,-0.1744,-0.4156,4.248,0.739,4.135,0.3973,-3.5847,0.2,0.0,0.0,0.0,-0.5057,-0.3238,-0.4275,0.7371,-0.4223,1,1,0,0.62,0.262,0.738,0,0,0.0,5,DESCENT_PHASE,-0.261,-0.1744
349,11.379,1.0128,-3.1882,4.2596,-0.2782,-0.1865,-0.416,4.24,0.732,4.125,0.3973,-3.5847,0.2,0.0,0.0,0.0,-0.5,-0.3197,-0.4268,0.731,-0.3931,1,1,0,0.621,0.267,0.733,0,0,0.0,5,DESCENT_PHASE,-0.2782,-0.1865
350,11.405,1.0069,-3.1922,4.2513,-0.2975,-0.2014,-0.4175,4.231,0.725,4.116,0.3973,-3.5847,0.2,0.0,0.0,0.0,-0.4935,-0.3146,-0.4243,0.7229,-0.4159,1,1,0,0.625,0.272,0.728,0,0,0.0,5,DESCENT_PHASE,-0.2975,-0.2014
351,11.431,1.0005,-3.1966,4.2429,-0.3188,-0.2168,-0.4176,4.223,0.717,4.106,0.3973,-3.5847,0.2,0.0,0.0,0.0,-0.4864,-0.3092,-0.424,0.7155,-0.3972,1,1,0,0.625,0.271,0.729,0,0,0.0,5,DESCENT_PHASE,-0.3188,-0.2168
352,11.456,0.9937,-3.2012,4.2346,-0.34,-0.234,-0.4186,4.215,0.709,4.096,0.3973,-3.5847,0.2,0.0,0.0,0.0,-0.4792,-0.3031,-0.4224,0.7071,-0.391,1,1,0,0.624,0.267,0.733,0,0,0.0,5,DESCENT_PHASE,-0.34,-0.234
353,11.482,0.9865,-3.2063,4.2262,-0.363,-0.2512,-0.4202,4.206,0.7,4.087,0.3973,-3.5847,0.2,0.0,0.0,0.0,-0.4714,-0.2969,-0.4196,0.6974,-0.3965,1,1,0,0.624,0.271,0.729,0,0,0.0,5,DESCENT_PHASE,-0.363,-0.2512
354,11.508,0.9787,-3.2116,4.2177,-0.3859,-0.2679,-0.4208,4.198,0.691,4.077,0.3973,-3.5847,0.2,0.0,0.0,0.0,-0.4635,-0.2907,-0.4186,0.6889,-0.3764,1,1,0,0.619,0.264,0.736,0,0,0.0,5,DESCENT_PHASE,-0.3859,-0.2679
355,11.535,0.9706,-3.2173,4.2093,-0.407,-0.2841,-0.4212,4.189,0.681,4.067,0.3973,-3.5847,0.2,0.0,0.0,0.0,-0.4561,-0.2846,-0.418,0.681,-0.4016,1,1,0,0.618,0.263,0.737,0,0,0.0,5,DESCENT_PHASE,-0.407,-0.2841
356,11.564,0.962,-3.2233,4.2009,-0.4291,-0.2978,-0.4211,4.181,0.67,4.057,0.3973,-3.5847,0.2,0.0,0.0,0.0,-0.4483,-0.2793,-0.4181,0.6736,-0.3747,1,1,0,0.612,0.255,0.745,0,0,0.0,5,DESCENT_PHASE,-0.4291,-0.2978
357,11.59,0.953,-3.2295,4.1925,-0.4489,-0.3107,-0.421,4.172,0.66,4.047,0.3973,-3.5847,0.2,0.0,0.0,0.0,-0.4411,-0.2741,-0.4183,0.6668,-0.4088,1,1,0,0.611,0.253,0.747,0,0,0.0,5,DESCENT_PHASE,-0.4489,-0.3107
358,11.616,0.9437,-3.2359,4.1841,-0.4666,-0.3202,-0.4208,4.164,0.648,4.036,0.3973,-3.5847,0.2,0.0,0.0,0.0,-0.4345,-0.2699,-0.4186,0.661,-0.3732,1,1,0,0.605,0.243,0.757,0,0,0.0,5,DESCENT_PHASE,-0.4666,-0.3202
359,11.646,0.934,-3.2424,4.1756,-0.4828,-0.329,-0.4204,4.156,0.637,4.026,0.3973,-3.5847,0.2,0.0,0.0,0.0,-0.4283,-0.266,-0.4193,0.6558,-0.4111,1,1,0,0.604,0.247,0.753,0,0,0.0,5,DESCENT_PHASE,-0.4828,-0.329
360,11.672,0.9241,-3.2491,4.1672,-0.4957,-0.3337,-0.4202,4.147,0.625,4.016,0.3973,-3.5847,0.2,0.0,0.0,0.0,-0.4231,-0.2634,-0.4197,0.6515,-0.3959,1,1,0,0.601,0.248,0.752,0,0,0.0,5,DESCENT_PHASE,-0.4957,-0.3337
361,11.698,0.914,-3.2559,4.1588,-0.5071,-0.3374,-0.4197,4.139,0.612,4.006,0.3973,-3.5847,0.2,0.0,0.0,0.0,-0.4183,-0.2612,-0.4205,0.6481,-0.4328,1,1,0,0.604,0.254,0.746,0,0,0.0,5,DESCENT_PHASE,-0.5071,-0.3374
362,11.723,0.9037,-3.2626,4.1504,-0.5147,-0.3383,-0.4198,4.13,0.6,3.996,0.3973,-3.5847,0.2,0.0,0.0,0.0,-0.4147,-0.2599,-0.4204,0.6451,-0.3894,1,1,0,0.603,0.25,0.75,0,0,0.0,5,DESCENT_PHASE,-0.5147,-0.3383
363,11.749,0.8933,-3.2694,4.1421,-0.5203,-0.3399,-0.4187,4.122,0.588,3.986,0.3973,-3.5847,0.2,0.0,0.0,0.0,-0.4117,-0.2585,-0.4222,0.6439,-0.419,1,1,0,0.605,0.254,0.746,0,0,0.0,5,DESCENT_PHASE,-0.5203,-0.3399
364,11.774,0.8828,-3.2762,4.1337,-0.5221,-0.3389,-0.4184,4.114,0.575,3.976,0.3973,-3.5847,0.2,0.0,0.0,0.0,-0.41,-0.2579,-0.4227,0.6429,-0.3745,1,1,0,0.601,0.245,0.755,0,0,0.0,5,DESCENT_PHASE,-0.5221,-0.3389
365,11.8,0.8724,-3.283,4.1253,-0.5219,-0.3378,-0.4179,4.105,0.563,3.965,0.3973,-3.5847,0.2,0.0,0.0,0.0,-0.409,-0.2574,-0.4235,0.6425,-0.4089,1,1,0,0.602,0.249,0.751,0,0,0.0,5,DESCENT_PHASE,-0.5219,-0.3378
366,11.825,0.8621,-3.2896,4.117,-0.518,-0.3336,-0.4186,4.097,0.551,3.955,0.3973,-3.5847,0.2,0.0,0.0,0.0,-0.3992,-0.2517,-0.4224,0.6333,-0.3852,1,1,0,0.598,0.244,0.756,0,0,0.0,5,DESCENT_PHASE,-0.518,-0.3336
367,11.85,0.8518,-3.2962,4.1086,-0.5119,-0.329,-0.4178,4.089,0.538,3.946,0.3973,-3.5847,0.2,0.0,0.0,0.0,-0.3874,-0.2444,-0.4238,0.624,-0.4126,1,1,0,0.6,0.248,0.752,0,0,0.0,5,DESCENT_PHASE,-0.5119,-0.329
368,11.875,0.8417,-3.3027,4.1003,-0.5056,-0.322,-0.4176,4.08,0.526,3.936,0.3973,-3.5847,0.2,0.0,0.0,0.0,-0.3759,-0.2381,-0.4241,0.6147,-0.3942,1,1,0,0.597,0.241,0.759,0,0,0.0,5,DESCENT_PHASE,-0.5056,-0.322
369,11.901,0.8318,-3.3089,4.0919,-0.496,-0.3145,-0.4184,4.072,0.515,3.926,0.3973,-3.5847,0.2,0.0,0.0,0.0,-0.3659,-0.2323,-0.4227,0.6054,-0.421,1,1,0,0.6,0.244,0.756,0,0,0.0,5,DESCENT_PHASE,-0.496,-0.3145
370,11.926,0.8221,-3.315,4.0835,-0.4857,-0.3048,-0.4177,4.064,0.503,3.916,0.3973,-3.5847,0.2,0.0,0.0,0.0,-0.3564,-0.2275,-0.424,0.5988,-0.3994,1,1,0,0.596,0.241,0.759,0,0,0.0,5,DESCENT_PHASE,-0.4857,-0.3048
371,11.951,0.8126,-3.3209,4.0752,-0.4731,-0.295,-0.4179,4.055,0.492,3.906,0.3973,-3.5847,0.2,0.0,0.0,0.0,-0.3481,-0.223,-0.4236,0.592,-0.4241,1,1,0,0.6,0.242,0.758,0,0,0.0,5,DESCENT_PHASE,-0.4731,-0.295
372,11.976,0.8034,-3.3266,4.0668,-0.4611,-0.2836,-0.4179,4.047,0.481,3.897,0.3973,-3.5847,0.2,0.0,0.0,0.0,-0.3401,-0.2195,-0.4235,0.5859,-0.4023,1,1,0,0.597,0.236,0.764,0,0,0.0,5,DESCENT_PHASE,-0.4611,-0.2836
373,12.002,0.7945,-3.3321,4.0585,-0.4463,-0.2723,-0.4184,4.038,0.471,3.887,0.3973,-3.5847,0.2,0.0,0.0,0.0,-0.3334,-0.2163,-0.4228,0.5803,-0.4322,1,1,0,0.601,0.242,0.758,0,0,0.0,5,DESCENT_PHASE,-0.4463,-0.2723
374,12.028,0.7858,-3.3373,4.0501,-0.4317,-0.2598,-0.4184,4.03,0.461,3.878,0.3973,-3.5847,0.2,0.0,0.0,0.0,-0.3272,-0.2139,-0.4227,0.5757,-0.4099,1,1,0,0.599,0.242,0.758,0,0,0.0,5,DESCENT_PHASE,-0.4317,-0.2598
375,12.053,0.7775,-3.3422,4.0417,-0.4157,-0.248,-0.4194,4.022,0.451,3.868,0.3973,-3.5847,0.2,0.0,0.0,0.0,-0.322,-0.2116,-0.421,0.5707,-0.427,1,1,0,0.603,0.244,0.756,0,0,0.0,5,DESCENT_PHASE,-0.4157,-0.248
376,12.079,0.7695,-3.3469,4.0333,-0.4009,-0.2354,-0.4189,4.013,0.442,3.859,0.3973,-3.5847,0.2,0.0,0.0,0.0,-0.3167,-0.2099,-0.4219,0.5678,-0.4049,1,1,0,0.602,0.245,0.755,0,0,0.0,5,DESCENT_PHASE,-0.4009,-0.2354
377,12.104,0.7618,-3.3514,4.0249,-0.3846,-0.2238,-0.4191,4.005,0.433,3.849,0.3973,-3.5847,0.2,0.0,0.0,0.0,-0.3125,-0.2083,-0.4215,0.5645,-0.4274,1,1,0,0.608,0.255,0.745,0,0,0.0,5,DESCENT_PHASE,-0.3846,-0.2238
378,12.13,0.7544,-3.3556,4.0166,-0.3695,-0.212,-0.4195,3.997,0.424,3.84,0.3973,-3.5847,0.2,0.0,0.0,0.0,-0.3084,-0.207,-0.4209,0.5613,-0.4007,1,1,0,0.607,0.247,0.753,0,0,0.0,5,DESCENT_PHASE,-0.3695,-0.212
379,12.155,0.7474,-3.3597,4.0082,-0.3525,-0.2019,-0.4196,3.988,0.416,3.831,0.3973,-3.5847,0.2,0.0,0.0,0.0,-0.3054,-0.2055,-0.4206,0.5589,-0.431,1,1,0,0.613,0.253,0.747,0,0,0.0,5,DESCENT_PHASE,-0.3525,-0.2019
380,12.178,0.7406,-3.3635,3.9998,-0.3366,-0.1919,-0.4196,3.98,0.408,3.822,0.3973,-3.5847,0.2,0.0,0.0,0.0,-0.3025,-0.2042,-0.4206,0.5569,-0.3967,1,1,0,0.612,0.254,0.746,0,0,0.0,5,DESCENT_PHASE,-0.3366,-0.1919
381,12.201,0.7342,-3.3672,3.9914,-0.3212,-0.1843,-0.4195,3.971,0.401,3.813,0.3973,-3.5847,0.2,0.0,0.0,0.0,-0.2998,-0.2022,-0.4209,0.5549,-0.4222,1,1,0,0.619,0.251,0.749,0,0,0.0,5,DESCENT_PHASE,-0.3212,-0.1843
382,12.224,0.728,-3.3707,3.983,-0.3078,-0.177,-0.4199,3.963,0.394,3.803,0.3973,-3.5847,0.2,0.0,0.0,0.0,-0.2968,-0.2003,-0.4202,0.5521,-0.4028,1,1,0,0.619,0.254,0.746,0,0,0.0,5,DESCENT_PHASE,-0.3078,-0.177
383,12.25,0.7222,-3.3742,3.9746,-0.2935,-0.172,-0.4196,3.955,0.387,3.794,0.3973,-3.5847,0.2,0.0,0.0,0.0,-0.2945,-0.1977,-0.4207,0.5502,-0.4337,1,1,0,0.626,0.267,0.733,0,0,0.0,5,DESCENT_PHASE,-0.2935,-0.172
384,12.275,0.7165,-3.3775,3.9662,-0.2814,-0.1674,-0.4193,3.946,0.381,3.785,0.3973,-3.5847,0.2,0.0,0.0,0.0,-0.2917,-0.195,-0.4212,0.5482,-0.4131,1,1,0,0.627,0.271,0.729,0,0,0.0,5,DESCENT_PHASE,-0.2814,-0.1674
385,12.301,0.7112,-3.3808,3.9578,-0.2686,-0.1652,-0.4197,3.938,0.374,3.776,0.3973,-3.5847,0.2,0.0,0.0,0.0,-0.2896,-0.1916,-0.4205,0.5453,-0.4055,1,1,0,0.628,0.266,0.734,0,0,0.0,5,DESCENT_PHASE,-0.2686,-0.1652
386,12.326,0.706,-3.3841,3.9494,-0.2579,-0.1637,-0.4193,3.929,0.368,3.767,0.3973,-3.5847,0.2,0.0,0.0,0.0,-0.287,-0.1879,-0.4212,0.5431,-0.412,1,1,0,0.628,0.272,0.728,0,0,0.0,5,DESCENT_PHASE,-0.2579,-0.1637
387,12.352,0.7011,-3.3874,3.941,-0.2478,-0.1627,-0.4191,3.921,0.362,3.759,0.3973,-3.5847,0.2,0.0,0.0,0.0,-0.2844,-0.184,-0.4215,0.5407,-0.4065,1,1,0,0.63,0.269,0.731,0,0,0.0,5,DESCENT_PHASE,-0.2478,-0.1627
388,12.377,0.6962,-3.3906,3.9327,-0.2407,-0.1623,-0.4189,3.913,0.356,3.75,0.3973,-3.5847,0.2,0.0,0.0,0.0,-0.2808,-0.1799,-0.4218,0.5377,-0.3992,1,1,0,0.628,0.271,0.729,0,0,0.0,5,DESCENT_PHASE,-0.2407,-0.1623
389,12.403,0.6916,-3.3939,3.9243,-0.2342,-0.1625,-0.4193,3.904,0.351,3.741,0.3973,-3.5847,0.2,0.0,0.0,0.0,-0.2772,-0.1756,-0.4212,0.534,-0.4247,1,1,0,0.632,0.275,0.725,0,0,0.0,5,DESCENT_PHASE,-0.2342,-0.1625
390,12.428,0.6869,-3.3971,3.9159,-0.2312,-0.1624,-0.4187,3.896,0.345,3.732,0.3973,-3.5847,0.2,0.0,0.0,0.0,-0.2724,-0.1715,-0.4223,0.531,-0.4012,1,1,0,0.63,0.268,0.732,0,0,0.0,5,DESCENT_PHASE,-0.2312,-0.1624
391,12.454,0.6824,-3.4004,3.9075,-0.2286,-0.1636,-0.4185,3.888,0.339,3.723,0.3973,-3.5847,0.2,0.0,0.0,0.0,-0.2675,-0.1667,-0.4226,0.5272,-0.4275,1,1,0,0.634,0.275,0.725,0,0,0.0,5,DESCENT_PHASE,-0.2286,-0.1636
392,12.479,0.6778,-3.4037,3.8992,-0.2285,-0.1645,-0.4185,3.879,0.334,3.714,0.3973,-3.5847,0.2,0.0,0.0,0.0,-0.2616,-0.1621,-0.4226,0.5227,-0.4081,1,1,0,0.633,0.274,0.726,0,0,0.0,5,DESCENT_PHASE,-0.2285,-0.1645
393,12.505,0.6732,-3.407,3.8908,-0.2277,-0.1667,-0.4192,3.871,0.328,3.705,0.3973,-3.5847,0.2,0.0,0.0,0.0,-0.256,-0.1569,-0.4214,0.5174,-0.4132,1,1,0,0.635,0.272,0.728,0,0,0.0,5,DESCENT_PHASE,-0.2277,-0.1667
394,12.531,0.6687,-3.4104,3.8824,-0.229,-0.1689,-0.4185,3.862,0.323,3.697,0.3973,-3.5847,0.2,0.0,0.0,0.0,-0.2495,-0.1516,-0.4226,0.5136,-0.3916,1,1,0,0.631,0.271,0.729,0,0,0.0,5,DESCENT_PHASE,-0.229,-0.1689
395,12.557,0.6641,-3.4138,3.874,-0.23,-0.1712,-0.4185,3.854,0.317,3.688,0.3973,-3.5847,0.2,0.0,0.0,0.0,-0.2431,-0.1463,-0.4226,0.509,-0.4149,1,1,0,0.633,0.274,0.726,0,0,0.0,5,DESCENT_PHASE,-0.23,-0.1712
396,12.582,0.6594,-3.4173,3.8657,-0.2333,-0.1722,-0.4186,3.846,0.311,3.679,0.3973,-3.5847,0.2,0.0,0.0,0.0,-0.2357,-0.1414,-0.4223,0.5039,-0.389,1,1,0,0.63,0.274,0.726,0,0,0.0,5,DESCENT_PHASE,-0.2333,-0.1722
397,12.608,0.6547,-3.4207,3.8573,-0.2357,-0.1736,-0.4185,3.837,0.305,3.67,0.3973,-3.5847,0.2,0.0,0.0,0.0,-0.2286,-0.1364,-0.4225,0.4994,-0.4123,1,1,0,0.633,0.272,0.728,0,0,0.0,5,DESCENT_PHASE,-0.2357,-0.1736
398,12.633,0.6499,-3.4242,3.8489,-0.2392,-0.1734,-0.4185,3.829,0.299,3.661,0.3973,-3.5847,0.2,0.0,0.0,0.0,-0.221,-0.1319,-0.4225,0.4947,-0.3911,1,1,0,0.631,0.276,0.724,0,0,0.0,5,DESCENT_PHASE,-0.2392,-0.1734
399,12.658,0.6451,-3.4277,3.8406,-0.2405,-0.1736,-0.4185,3.821,0.293,3.652,0.3973,-3.5847,0.2,0.0,0.0,0.0,-0.2142,-0.1273,-0.4226,0.4906,-0.4149,1,1,0,0.635,0.277,0.723,0,0,0.0,5,DESCENT_PHASE,-0.2405,-0.1736
400,12.683,0.6402,-3.4311,3.8322,-0.2425,-0.1726,-0.4185,3.812,0.287,3.644,0.3973,-3.5847,0.2,0.0,0.0,0.0,-0.2071,-0.1232,-0.4226,0.4865,-0.3935,1,1,0,0.633,0.278,0.722,0,0,0.0,5,DESCENT_PHASE,-0.2425,-0.1726
401,12.708,0.6354,-3.4346,3.8238,-0.242,-0.1721,-0.4185,3.804,0.281,3.635,0.3973,-3.5847,0.2,0.0,0.0,0.0,-0.201,-0.1189,-0.4225,0.4828,-0.4094,1,1,0,0.636,0.281,0.719,0,0,0.0,5,DESCENT_PHASE,-0.242,-0.1721
402,12.733,0.6306,-3.438,3.8154,-0.2418,-0.1706,-0.4188,3.795,0.276,3.626,0.3973,-3.5847,0.2,0.0,0.0,0.0,-0.1948,-0.115,-0.422,0.4788,-0.389,1,1,0,0.633,0.278,0.722,0,0,0.0,5,DESCENT_PHASE,-0.2418,-0.1706
403,12.76,0.6258,-3.4414,3.8071,-0.2391,-0.1693,-0.4183,3.787,0.27,3.617,0.3973,-3.5847,0.2,0.0,0.0,0.0,-0.1897,-0.1112,-0.4229,0.4766,-0.4159,1,1,0,0.636,0.274,0.726,0,0,0.0,5,DESCENT_PHASE,-0.2391,-0.1693
404,12.786,0.621,-3.4447,3.7987,-0.2366,-0.1666,-0.4183,3.779,0.264,3.608,0.3973,-3.5847,0.2,0.0,0.0,0.0,-0.1845,-0.1079,-0.4229,0.4739,-0.3962,1,1,0,0.634,0.275,0.725,0,0,0.0,5,DESCENT_PHASE,-0.2366,-0.1666
405,12.813,0.6164,-3.448,3.7903,-0.2313,-0.1641,-0.4184,3.77,0.258,3.6,0.3973,-3.5847,0.2,0.0,0.0,0.0,-0.1806,-0.1046,-0.4227,0.4714,-0.4255,1,1,0,0.638,0.278,0.722,0,0,0.0,5,DESCENT_PHASE,-0.2313,-0.1641
406,12.84,0.6119,-3.4512,3.782,-0.2261,-0.1605,-0.4183,3.762,0.253,3.591,0.3973,-3.5847,0.2,0.0,0.0,0.0,-0.1768,-0.1019,-0.4229,0.4696,-0.4058,1,1,0,0.636,0.277,0.723,0,0,0.0,5,DESCENT_PHASE,-0.2261,-0.1605
407,12.866,0.6075,-3.4543,3.7736,-0.219,-0.1576,-0.419,3.754,0.247,3.582,0.3973,-3.5847,0.2,0.0,0.0,0.0,-0.174,-0.099,-0.4217,0.4668,-0.421,1,1,0,0.639,0.278,0.722,0,0,0.0,5,DESCENT_PHASE,-0.219,-0.1576
408,12.894,0.6033,-3.4574,3.7652,-0.2131,-0.1539,-0.4183,3.745,0.242,3.573,0.3973,-3.5847,0.2,0.0,0.0,0.0,-0.1709,-0.0965,-0.4228,0.4661,-0.3991,1,1,0,0.636,0.278,0.722,0,0,0.0,5,DESCENT_PHASE,-0.2131,-0.1539
409,12.92,0.5991,-3.4604,3.7569,-0.2054,-0.1504,-0.4184,3.737,0.237,3.565,0.3973,-3.5847,0.2,0.0,0.0,0.0,-0.1687,-0.094,-0.4227,0.4648,-0.424,1,1,0,0.64,0.278,0.722,0,0,0.0,5,DESCENT_PHASE,-0.2054,-0.1504
410,12.945,0.5952,-3.4633,3.7485,-0.1987,-0.1458,-0.4184,3.728,0.232,3.556,0.3973,-3.5847,0.2,0.0,0.0,0.0,-0.1663,-0.0922,-0.4227,0.4634,-0.402,1,1,0,0.638,0.273,0.727,0,0,0.0,5,DESCENT_PHASE,-0.1987,-0.1458
411,12.972,0.5914,-3.4662,3.7401,-0.1899,-0.1416,-0.4187,3.72,0.227,3.547,0.3973,-3.5847,0.2,0.0,0.0,0.0,-0.1649,-0.0902,-0.4222,0.4622,-0.4324,1,1,0,0.642,0.283,0.717,0,0,0.0,5,DESCENT_PHASE,-0.1899,-0.1416
412,13.001,0.5877,-3.4689,3.7317,-0.1819,-0.1365,-0.4186,3.712,0.223,3.539,0.3973,-3.5847,0.2,0.0,0.0,0.0,-0.1635,-0.0888,-0.4224,0.4615,-0.41,1,1,0,0.64,0.277,0.723,0,0,0.0,5,DESCENT_PHASE,-0.1819,-0.1365
413,13.027,0.5843,-3.4715,3.7234,-0.1732,-0.1325,-0.4187,3.703,0.219,3.53,0.3973,-3.5847,0.2,0.0,0.0,0.0,-0.1626,-0.087,-0.4223,0.4608,-0.4304,1,1,0,0.644,0.278,0.722,0,0,0.0,5,DESCENT_PHASE,-0.1732,-0.1325
414,13.054,0.5809,-3.4741,3.715,-0.1666,-0.1282,-0.4186,3.695,0.214,3.522,0.3973,-3.5847,0.2,0.0,0.0,0.0,-0.161,-0.0855,-0.4224,0.46,-0.4085,1,1,0,0.642,0.277,0.723,0,0,0.0,5,DESCENT_PHASE,-0.1666,-0.1282
415,13.08,0.5778,-3.4766,3.7066,-0.1592,-0.1248,-0.4186,3.687,0.21,3.513,0.3973,-3.5847,0.2,0.0,0.0,0.0,-0.16,-0.0836,-0.4224,0.4594,-0.4343,1,1,0,0.646,0.284,0.716,0,0,0.0,5,DESCENT_PHASE,-0.1592,-0.1248
416,13.107,0.5747,-3.479,3.6983,-0.1538,-0.1209,-0.4186,3.678,0.206,3.504,0.3973,-3.5847,0.2,0.0,0.0,0.0,-0.1582,-0.0821,-0.4223,0.4584,-0.4127,1,1,0,0.645,0.285,0.715,0,0,0.0,5,DESCENT_PHASE,-0.1538,-0.1209
417,13.132,0.5717,-3.4814,3.6899,-0.1473,-0.1183,-0.4188,3.67,0.203,3.496,0.3973,-3.5847,0.2,0.0,0.0,0.0,-0.1572,-0.0802,-0.4221,0.4575,-0.4197,1,1,0,0.646,0.284,0.716,0,0,0.0,5,DESCENT_PHASE,-0.1473,-0.1183
418,13.158,0.5689,-3.4837,3.6815,-0.1424,-0.1153,-0.4186,3.662,0.199,3.487,0.3973,-3.5847,0.2,0.0,0.0,0.0,-0.1556,-0.0784,-0.4224,0.4569,-0.3983,1,1,0,0.643,0.283,0.717,0,0,0.0,5,DESCENT_PHASE,-0.1424,-0.1153
419,13.183,0.5662,-3.4859,3.6731,-0.1365,-0.1123,-0.4186,3.653,0.196,3.479,0.3973,-3.5847,0.2,0.0,0.0,0.0,-0.1545,-0.0768,-0.4224,0.4563,-0.4245,1,1,0,0.645,0.278,0.722,0,0,0.0,5,DESCENT_PHASE,-0.1365,-0.1123
420,13.21,0.5635,-3.4881,3.6648,-0.1325,-0.1077,-0.4186,3.645,0.192,3.47,0.3973,-3.5847,0.2,0.0,0.0,0.0,-0.1528,-0.076,-0.4223,0.4555,-0.4035,1,1,0,0.642,0.283,0.717,0,0,0.0,5,DESCENT_PHASE,-0.1325,-0.1077
421,13.236,0.561,-3.4902,3.6564,-0.1271,-0.1033,-0.4188,3.636,0.189,3.462,0.3973,-3.5847,0.2,0.0,0.0,0.0,-0.1517,-0.0752,-0.4221,0.4548,-0.4338,1,1,0,0.644,0.283,0.717,0,0,0.0,5,DESCENT_PHASE,-0.1271,-0.1033
422,13.263,0.5585,-3.4921,3.648,-0.1234,-0.0975,-0.4187,3.628,0.186,3.453,0.3973,-3.5847,0.2,0.0,0.0,0.0,-0.1501,-0.0751,-0.4223,0.4544,-0.4127,1,1,0,0.642,0.284,0.716,0,0,0.0,5,DESCENT_PHASE,-0.1234,-0.0975
423,13.294,0.5561,-3.494,3.6396,-0.1196,-0.0925,-0.4186,3.62,0.183,3.445,0.3973,-3.5847,0.2,0.0,0.0,0.0,-0.1487,-0.0748,-0.4224,0.454,-0.4386,1,1,0,0.645,0.286,0.714,0,0,0.0,5,DESCENT_PHASE,-0.1196,-0.0925
424,13.321,0.5537,-3.4957,3.6313,-0.1186,-0.0868,-0.4186,3.611,0.18,3.436,0.3973,-3.5847,0.2,0.0,0.0,0.0,-0.146,-0.0749,-0.4224,0.4532,-0.4179,1,1,0,0.643,0.288,0.712,0,0,0.0,5,DESCENT_PHASE,-0.1186,-0.0868
425,13.348,0.5514,-3.4973,3.6229,-0.1173,-0.0822,-0.4191,3.603,0.177,3.427,0.3973,-3.5847,0.2,0.0,0.0,0.0,-0.1436,-0.0748,-0.4215,0.4515,-0.4391,1,1,0,0.647,0.29,0.71,0,0,0.0,5,DESCENT_PHASE,-0.1173,-0.0822
426,13.379,0.549,-3.4989,3.6145,-0.1184,-0.077,-0.4186,3.595,0.174,3.419,0.3973,-3.5847,0.2,0.0,0.0,0.0,-0.1401,-0.075,-0.4225,0.4514,-0.4154,1,1,0,0.646,0.282,0.718,0,0,0.0,5,DESCENT_PHASE,-0.1184,-0.077
427,13.407,0.5466,-3.5003,3.6062,-0.1189,-0.0731,-0.4185,3.586,0.172,3.41,0.3973,-3.5847,0.2,0.0,0.0,0.0,-0.1369,-0.0748,-0.4225,0.4504,-0.4377,1,1,0,0.65,0.286,0.714,0,0,0.0,5,DESCENT_PHASE,-0.1189,-0.0731
428,13.437,0.5442,-3.5017,3.5978,-0.1218,-0.0688,-0.4186,3.578,0.169,3.402,0.3973,-3.5847,0.2,0.0,0.0,0.0,-0.1326,-0.0748,-0.4225,0.449,-0.4137,1,1,0,0.65,0.281,0.719,0,0,0.0,5,DESCENT_PHASE,-0.1218,-0.0688
429,13.465,0.5417,-3.503,3.5894,-0.1237,-0.066,-0.4186,3.569,0.166,3.393,0.3973,-3.5847,0.2,0.0,0.0,0.0,-0.1286,-0.0743,-0.4225,0.4478,-0.4361,1,1,0,0.655,0.289,0.711,0,0,0.0,5,DESCENT_PHASE,-0.1237,-0.066
430,13.493,0.5392,-3.5043,3.581,-0.1275,-0.063,-0.4186,3.561,0.163,3.385,0.3973,-3.5847,0.2,0.0,0.0,0.0,-0.1237,-0.0739,-0.4224,0.4463,-0.4102,1,1,0,0.655,0.292,0.708,0,0,0.0,5,DESCENT_PHASE,-0.1275,-0.063
431,13.522,0.5366,-3.5055,3.5727,-0.1302,-0.0618,-0.4186,3.553,0.16,3.376,0.3973,-3.5847,0.2,0.0,0.0,0.0,-0.1193,-0.0729,-0.4224,0.445,-0.433,1,1,0,0.661,0.301,0.699,0,0,0.0,5,DESCENT_PHASE,-0.1302,-0.0618
432,13.563,0.5339,-3.5068,3.5643,-0.1341,-0.0606,-0.4186,3.544,0.157,3.368,0.3973,-3.5847,0.2,0.0,0.0,0.0,-0.0774,-0.0494,-0.4223,0.4322,-0.4081,1,1,0,0.662,0.3,0.7,0,0,0.0,5,DESCENT_PHASE,-0.1341,-0.0606
433,13.591,0.5312,-3.508,3.5559,-0.1362,-0.0613,-0.4188,3.536,0.154,3.359,0.3973,-3.5847,0.2,0.0,0.0,0.0,-0.0355,-0.026,-0.422,0.4243,-0.4027,1,1,0,0.663,0.305,0.695,0,0,0.0,5,DESCENT_PHASE,-0.1362,-0.0613
434,13.618,0.5284,-3.5092,3.5475,-0.1392,-0.0622,-0.4188,3.528,0.151,3.351,0.3973,-3.5847,0.2,0.0,0.0,0.0,0.0065,-0.0027,-0.4221,0.4221,-0.3831,1,1,0,0.661,0.304,0.696,0,0,0.0,5,DESCENT_PHASE,-0.1392,-0.0622
435,13.643,0.5256,-3.5105,3.5392,-0.1408,-0.063,-0.4187,3.519,0.148,3.342,0.3973,-3.5847,0.2,0.0,0.0,0.0,0.0485,0.0205,-0.4222,0.4255,-0.0116,1,1,0,0.664,0.307,0.693,0,0,0.0,5,DESCENT_PHASE,-0.1408,-0.063
436,13.671,0.5228,-3.5117,3.5308,-0.139,-0.0617,-0.418,3.511,0.145,3.334,0.3973,-3.5847,0.2,0.0,0.0,0.0,0.0589,0.0261,-0.4233,0.4282,0.0224,1,1,0,0.663,0.299,0.701,0,0,0.0,5,DESCENT_PHASE,-0.139,-0.0617
437,13.697,0.5201,-3.5129,3.5224,-0.1357,-0.0612,-0.4178,3.502,0.142,3.325,0.3973,-3.5847,0.2,0.0,0.0,0.0,0.0576,0.026,-0.4238,0.4285,-0.0005,1,1,0,0.666,0.298,0.702,0,0,0.0,5,DESCENT_PHASE,-0.1357,-0.0612
438,13.724,0.5175,-3.5141,3.5141,-0.1292,-0.0589,-0.4175,3.494,0.139,3.317,0.3973,-3.5847,0.2,0.0,0.0,0.0,0.0549,0.025,-0.4243,0.4286,0.0262,1,1,0,0.664,0.3,0.7,0,0,0.0,5,DESCENT_PHASE,-0.1292,-0.0589
439,13.751,0.5151,-3.5152,3.5058,-0.1194,-0.0565,-0.4174,3.486,0.137,3.309,0.3973,-3.5847,0.2,0.0,0.0,0.0,0.0508,0.0241,-0.4245,0.4282,-0.0039,1,1,0,0.667,0.305,0.695,0,0,0.0,5,DESCENT_PHASE,-0.1194,-0.0565
440,13.777,0.513,-3.5163,3.4974,-0.1077,-0.0518,-0.4175,3.477,0.134,3.3,0.3973,-3.5847,0.2,0.0,0.0,0.0,0.0459,0.0221,-0.4242,0.4272,0.0234,1,1,0,0.665,0.298,0.702,0,0,0.0,5,DESCENT_PHASE,-0.1077,-0.0518
441,13.804,0.5111,-3.5172,3.4891,-0.094,-0.0473,-0.4176,3.469,0.132,3.292,0.3973,-3.5847,0.2,0.0,0.0,0.0,0.0401,0.0202,-0.4241,0.4265,-0.0142,1,1,0,0.668,0.303,0.697,0,0,0.0,5,DESCENT_PHASE,-0.094,-0.0473
442,13.832,0.5095,-3.518,3.4807,-0.0789,-0.0407,-0.418,3.461,0.131,3.283,0.3973,-3.5847,0.2,0.0,0.0,0.0,0.0337,0.0173,-0.4234,0.4251,0.0188,1,1,0,0.667,0.296,0.704,0,0,0.0,5,DESCENT_PHASE,-0.0789,-0.0407
443,13.86,0.5082,-3.5187,3.4723,-0.0641,-0.035,-0.4182,3.452,0.129,3.275,0.3973,-3.5847,0.2,0.0,0.0,0.0,0.0273,0.015,-0.423,0.4242,-0.019,1,1,0,0.671,0.302,0.698,0,0,0.0,5,DESCENT_PHASE,-0.0641,-0.035
444,13.889,0.5073,-3.5193,3.464,-0.048,-0.0276,-0.4187,3.444,0.128,3.266,0.3973,-3.5847,0.2,0.0,0.0,0.0,0.0205,0.0118,-0.4222,0.4229,0.0139,1,1,0,0.67,0.306,0.694,0,0,0.0,5,DESCENT_PHASE,-0.048,-0.0276
445,13.92,0.5066,-3.5197,3.4556,-0.0323,-0.0216,-0.419,3.436,0.127,3.258,0.3973,-3.5847,0.2,0.0,0.0,0.0,0.0138,0.0092,-0.4216,0.422,-0.0186,1,1,0,0.673,0.312,0.688,0,0,0.0,5,DESCENT_PHASE,-0.0323,-0.0216
446,13.953,0.5063,-3.52,3.4472,-0.0155,-0.0142,-0.4195,3.427,0.127,3.25,0.3973,-3.5847,0.2,0.0,0.0,0.0,0.0066,0.0061,-0.4208,0.4209,0.0028,1,1,0,0.672,0.311,0.689,0,0,0.0,5,DESCENT_PHASE,-0.0155,-0.0142
447,13.987,0.5063,-3.5202,3.4388,0.0006,-0.0082,-0.4196,3.419,0.127,3.241,0.3973,-3.5847,0.2,0.0,0.0,0.0,-0.0003,0.0035,-0.4206,0.4207,-0.0153,1,1,0,0.675,0.316,0.684,0,0,0.0,5,DESCENT_PHASE,0.0006,-0.0082
448,14.021,0.5066,-3.5202,3.4304,0.0145,-0.0017,-0.4196,3.41,0.127,3.233,0.3973,-3.5847,0.2,0.0,0.0,0.0,-0.0062,0.0007,-0.4207,0.4207,-0.0011,1,1,0,0.673,0.304,0.696,0,0,0.0,5,DESCENT_PHASE,0.0145,-0.0017
449,14.056,0.5072,-3.5201,3.422,0.0281,0.0036,-0.4195,3.402,0.127,3.225,0.3973,-3.5847,0.2,0.0,0.0,0.0,-0.012,-0.0015,-0.4208,0.421,-0.013,1,1,0,0.675,0.307,0.693,0,0,0.0,5,DESCENT_PHASE,0.0281,0.0036
450,14.091,0.5079,-3.52,3.4136,0.0381,0.0091,-0.4194,3.394,0.128,3.216,0.3973,-3.5847,0.2,0.0,0.0,0.0,-0.0163,-0.0039,-0.421,0.4213,0.0008,1,1,0,0.672,0.313,0.687,0,0,0.0,5,DESCENT_PHASE,0.0381,0.0091
451,14.126,0.5089,-3.5197,3.4052,0.0476,0.0135,-0.4192,3.385,0.129,3.208,0.3973,-3.5847,0.2,0.0,0.0,0.0,-0.0203,-0.0058,-0.4214,0.4219,-0.0108,1,1,0,0.673,0.317,0.683,0,0,0.0,5,DESCENT_PHASE,0.0476,0.0135
452,14.161,0.5099,-3.5193,3.3969,0.0532,0.0182,-0.419,3.377,0.13,3.2,0.3973,-3.5847,0.2,0.0,0.0,0.0,-0.0227,-0.0078,-0.4216,0.4223,0.0008,1,1,0,0.67,0.31,0.69,0,0,0.0,5,DESCENT_PHASE,0.0532,0.0182
453,14.195,0.5111,-3.5189,3.3885,0.0579,0.022,-0.4187,3.368,0.131,3.191,0.3973,-3.5847,0.2,0.0,0.0,0.0,-0.0247,-0.0094,-0.4222,0.423,-0.0107,1,1,0,0.672,0.306,0.694,0,0,0.0,5,DESCENT_PHASE,0.0579,0.022
454,14.228,0.5123,-3.5184,3.3801,0.0583,0.0259,-0.4188,3.36,0.133,3.183,0.3973,-3.5847,0.2,0.0,0.0,0.0,-0.0249,-0.011,-0.4221,0.423,-0.0167,1,1,0,0.672,0.311,0.689,0,0,0.0,5,DESCENT_PHASE,0.0583,0.0259
455,14.261,0.5134,-3.5178,3.3717,0.0577,0.0289,-0.4184,3.352,0.134,3.175,0.3973,-3.5847,0.2,0.0,0.0,0.0,-0.0246,-0.0123,-0.4228,0.4237,-0.028,1,1,0,0.676,0.315,0.685,0,0,0.0,5,DESCENT_PHASE,0.0577,0.0289
456,14.293,0.5145,-3.5172,3.3634,0.0536,0.0305,-0.4185,3.343,0.135,3.166,0.3973,-3.5847,0.2,0.0,0.0,0.0,-0.0228,-0.013,-0.4226,0.4234,-0.0003,1,1,0,0.675,0.317,0.683,0,0,0.0,5,DESCENT_PHASE,0.0536,0.0305
457,14.325,0.5155,-3.5166,3.355,0.0491,0.0298,-0.4184,3.335,0.136,3.158,0.3973,-3.5847,0.2,0.0,0.0,0.0,-0.0209,-0.0127,-0.4227,0.4234,-0.0259,1,1,0,0.68,0.331,0.669,0,0,0.0,5,DESCENT_PHASE,0.0491,0.0298
458,14.354,0.5163,-3.516,3.3466,0.0433,0.029,-0.4184,3.327,0.137,3.15,0.3973,-3.5847,0.2,0.0,0.0,0.0,-0.0184,-0.0123,-0.4227,0.4232,0.005,1,1,0,0.679,0.329,0.671,0,0,0.0,5,DESCENT_PHASE,0.0433,0.029
459,14.383,0.5171,-3.5155,3.3383,0.0376,0.026,-0.4184,3.318,0.138,3.141,0.3973,-3.5847,0.2,0.0,0.0,0.0,-0.016,-0.011,-0.4227,0.4231,-0.0331,1,1,0,0.684,0.338,0.662,0,0,0.0,5,DESCENT_PHASE,0.0376,0.026
460,14.412,0.5177,-3.515,3.3299,0.0314,0.0233,-0.4184,3.31,0.139,3.133,0.3973,-3.5847,0.2,0.0,0.0,0.0,-0.0134,-0.0099,-0.4228,0.4231,0.0067,1,1,0,0.684,0.338,0.662,0,0,0.0,5,DESCENT_PHASE,0.0314,0.0233
461,14.441,0.5182,-3.5147,3.3215,0.0247,0.0178,-0.4187,3.302,0.14,3.125,0.3973,-3.5847,0.2,0.0,0.0,0.0,-0.0105,-0.0076,-0.4222,0.4224,-0.0219,1,1,0,0.688,0.343,0.657,0,0,0.0,5,DESCENT_PHASE,0.0247,0.0178
462,14.468,0.5186,-3.5144,3.3131,0.0183,0.0128,-0.4186,3.293,0.14,3.116,0.3973,-3.5847,0.2,0.0,0.0,0.0,-0.0078,-0.0054,-0.4224,0.4225,0.0182,1,1,0,0.686,0.336,0.664,0,0,0.0,5,DESCENT_PHASE,0.0183,0.0128
463,14.495,0.5188,-3.5143,3.3048,0.0114,0.0059,-0.4188,3.285,0.14,3.108,0.3973,-3.5847,0.2,0.0,0.0,0.0,-0.0049,-0.0025,-0.422,0.422,-0.0193,1,1,0,0.69,0.343,0.657,0,0,0.0,5,DESCENT_PHASE,0.0114,0.0059
464,14.52,0.5189,-3.5143,3.2964,0.0047,0.0004,-0.4188,3.276,0.141,3.1,0.3973,-3.5847,0.2,0.0,0.0,0.0,-0.002,-0.0002,-0.4221,0.4221,0.0211,1,1,0,0.689,0.344,0.656,0,0,0.0,5,DESCENT_PHASE,0.0047,0.0004
465,14.546,0.5189,-3.5144,3.288,-0.0016,-0.0067,-0.4188,3.268,0.14,3.091,0.3973,-3.5847,0.2,0.0,0.0,0.0,0.0007,0.0028,-0.422,0.422,-0.0243,1,1,0,0.693,0.348,0.652,0,0,0.0,5,DESCENT_PHASE,-0.0016,-0.0067
466,14.578,0.5187,-3.5147,3.2796,-0.0069,-0.0122,-0.4189,3.26,0.14,3.083,0.3973,-3.5847,0.2,0.0,0.0,0.0,0.0029,0.0052,-0.4219,0.4219,0.0161,1,1,0,0.692,0.344,0.656,0,0,0.0,5,DESCENT_PHASE,-0.0069,-0.0122
467,14.607,0.5185,-3.515,3.2713,-0.0118,-0.0197,-0.4193,3.251,0.14,3.074,0.3973,-3.5847,0.2,0.0,0.0,0.0,0.005,0.0084,-0.4212,0.4213,0.0097,1,1,0,0.693,0.345,0.655,0,0,0.0,5,DESCENT_PHASE,-0.0118,-0.0197
468,14.635,0.5182,-3.5156,3.2629,-0.0158,-0.0259,-0.4191,3.243,0.139,3.066,0.3973,-3.5847,0.2,0.0,0.0,0.0,0.0067,0.011,-0.4215,0.4217,0.0344,1,1,0,0.69,0.341,0.659,0,0,0.0,5,DESCENT_PHASE,-0.0158,-0.0259
469,14.664,0.5178,-3.5162,3.2545,-0.0188,-0.0314,-0.4188,3.234,0.139,3.058,0.3973,-3.5847,0.2,0.0,0.0,0.0,0.008,0.0134,-0.422,0.4223,-0.0059,1,1,0,0.692,0.344,0.656,0,0,0.0,5,DESCENT_PHASE,-0.0188,-0.0314
470,14.696,0.5174,-3.5169,3.2461,-0.0215,-0.0341,-0.4187,3.226,0.138,3.049,0.3973,-3.5847,0.2,0.0,0.0,0.0,0.0091,0.0145,-0.4222,0.4225,0.0342,1,1,0,0.689,0.341,0.659,0,0,0.0,5,DESCENT_PHASE,-0.0215,-0.0341
471,14.725,0.5169,-3.5176,3.2378,-0.024,-0.0373,-0.4186,3.218,0.137,3.041,0.3973,-3.5847,0.2,0.0,0.0,0.0,0.0102,0.0159,-0.4224,0.4228,-0.0109,1,1,0,0.692,0.346,0.654,0,0,0.0,5,DESCENT_PHASE,-0.024,-0.0373
472,14.751,0.5164,-3.5184,3.2294,-0.0258,-0.0377,-0.4186,3.209,0.136,3.032,0.3973,-3.5847,0.2,0.0,0.0,0.0,0.011,0.0161,-0.4224,0.4228,0.0291,1,1,0,0.69,0.345,0.655,0,0,0.0,5,DESCENT_PHASE,-0.0258,-0.0377
473,14.777,0.5158,-3.5192,3.221,-0.0273,-0.0391,-0.4185,3.201,0.135,3.024,0.3973,-3.5847,0.2,0.0,0.0,0.0,0.0116,0.0166,-0.4226,0.4231,-0.016,1,1,0,0.693,0.344,0.656,0,0,0.0,5,DESCENT_PHASE,-0.0273,-0.0391
474,14.8,0.5153,-3.5199,3.2126,-0.0282,-0.0381,-0.4185,3.193,0.135,3.016,0.3973,-3.5847,0.2,0.0,0.0,0.0,0.012,0.0162,-0.4225,0.423,0.024,1,1,0,0.692,0.344,0.656,0,0,0.0,5,DESCENT_PHASE,-0.0282,-0.0381
475,14.823,0.5147,-3.5207,3.2043,-0.0288,-0.0383,-0.4185,3.184,0.134,3.007,0.3973,-3.5847,0.2,0.0,0.0,0.0,0.0123,0.0163,-0.4226,0.4231,-0.0171,1,1,0,0.696,0.348,0.652,0,0,0.0,5,DESCENT_PHASE,-0.0288,-0.0383
476,14.845,0.5141,-3.5214,3.1959,-0.0288,-0.0367,-0.4185,3.176,0.133,2.999,0.3973,-3.5847,0.2,0.0,0.0,0.0,0.0123,0.0156,-0.4226,0.4231,0.0227,1,1,0,0.695,0.35,0.65,0,0,0.0,5,DESCENT_PHASE,-0.0288,-0.0367
477,14.871,0.5136,-3.5221,3.1875,-0.0281,-0.0364,-0.4184,3.168,0.132,2.99,0.3973,-3.5847,0.2,0.0,0.0,0.0,0.012,0.0155,-0.4226,0.4231,-0.0218,1,1,0,0.699,0.351,0.649,0,0,0.0,5,DESCENT_PHASE,-0.0281,-0.0364
478,14.898,0.513,-3.5228,3.1792,-0.0265,-0.0342,-0.4184,3.159,0.131,2.982,0.3973,-3.5847,0.2,0.0,0.0,0.0,0.0113,0.0146,-0.4227,0.4231,0.0178,1,1,0,0.699,0.354,0.646,0,0,0.0,5,DESCENT_PHASE,-0.0265,-0.0342
479,14.926,0.5125,-3.5235,3.1708,-0.024,-0.0339,-0.4185,3.151,0.13,2.974,0.3973,-3.5847,0.2,0.0,0.0,0.0,0.0103,0.0144,-0.4225,0.4228,-0.0086,1,1,0,0.7,0.352,0.648,0,0,0.0,5,DESCENT_PHASE,-0.024,-0.0339
480,14.954,0.5121,-3.5241,3.1624,-0.0207,-0.032,-0.4185,3.142,0.13,2.965,0.3973,-3.5847,0.2,0.0,0.0,0.0,0.0088,0.0136,-0.4226,0.4229,0.0278,1,1,0,0.698,0.35,0.65,0,0,0.0,5,DESCENT_PHASE,-0.0207,-0.032
481,14.982,0.5118,-3.5248,3.1541,-0.0179,-0.0308,-0.4184,3.134,0.129,2.957,0.3973,-3.5847,0.2,0.0,0.0,0.0,0.0076,0.0131,-0.4227,0.423,-0.0165,1,1,0,0.7,0.354,0.646,0,0,0.0,5,DESCENT_PHASE,-0.0179,-0.0308
482,15.01,0.5115,-3.5253,3.1457,-0.0152,-0.0273,-0.4184,3.126,0.129,2.948,0.3973,-3.5847,0.2,0.0,0.0,0.0,0.0065,0.0117,-0.4226,0.4229,0.0228,1,1,0,0.699,0.35,0.65,0,0,0.0,5,DESCENT_PHASE,-0.0152,-0.0273
483,15.039,0.5112,-3.5258,3.1373,-0.0126,-0.0252,-0.4185,3.117,0.128,2.94,0.3973,-3.5847,0.2,0.0,0.0,0.0,0.0054,0.0107,-0.4226,0.4227,-0.0214,1,1,0,0.702,0.352,0.648,0,0,0.0,5,DESCENT_PHASE,-0.0126,-0.0252
484,15.067,0.511,-3.5262,3.1289,-0.0101,-0.0211,-0.4185,3.109,0.128,2.932,0.3973,-3.5847,0.2,0.0,0.0,0.0,0.0043,0.009,-0.4226,0.4227,0.0179,1,1,0,0.701,0.352,0.648,0,0,0.0,5,DESCENT_PHASE,-0.0101,-0.0211
485,15.097,0.5109,-3.5266,3.1206,-0.0077,-0.0188,-0.4185,3.101,0.128,2.923,0.3973,-3.5847,0.2,0.0,0.0,0.0,0.0033,0.008,-0.4226,0.4227,-0.0264,1,1,0,0.704,0.356,0.644,0,0,0.0,5,DESCENT_PHASE,-0.0077,-0.0188
486,15.124,0.5108,-3.5269,3.1122,-0.0053,-0.015,-0.4185,3.092,0.127,2.915,0.3973,-3.5847,0.2,0.0,0.0,0.0,0.0023,0.0064,-0.4225,0.4226,0.0129,1,1,0,0.704,0.358,0.642,0,0,0.0,5,DESCENT_PHASE,-0.0053,-0.015
487,15.152,0.5107,-3.5272,3.1038,-0.0028,-0.0133,-0.4187,3.084,0.127,2.907,0.3973,-3.5847,0.2,0.0,0.0,0.0,0.0012,0.0057,-0.4223,0.4223,-0.0269,1,1,0,0.707,0.36,0.64,0,0,0.0,5,DESCENT_PHASE,-0.0028,-0.0133
488,15.181,0.5107,-3.5274,3.0955,-0.0003,-0.0106,-0.4185,3.075,0.127,2.898,0.3973,-3.5847,0.2,0.0,0.0,0.0,0.0001,0.0045,-0.4225,0.4225,0.0123,1,1,0,0.706,0.358,0.642,0,0,0.0,5,DESCENT_PHASE,-0.0003,-0.0106
489,15.21,0.5107,-3.5276,3.0871,0.0021,-0.01,-0.4185,3.067,0.127,2.89,0.3973,-3.5847,0.2,0.0,0.0,0.0,-0.0009,0.0043,-0.4225,0.4225,-0.0308,1,1,0,0.71,0.361,0.639,0,0,0.0,5,DESCENT_PHASE,0.0021,-0.01
490,15.239,0.5108,-3.5278,3.0787,0.0041,-0.0084,-0.4185,3.059,0.127,2.882,0.3973,-3.5847,0.2,0.0,0.0,0.0,-0.0018,0.0036,-0.4225,0.4225,0.0084,1,1,0,0.709,0.359,0.641,0,0,0.0,5,DESCENT_PHASE,0.0041,-0.0084
491,15.269,0.5109,-3.5279,3.0703,0.0062,-0.0094,-0.4188,3.05,0.127,2.873,0.3973,-3.5847,0.2,0.0,0.0,0.0,-0.0026,0.004,-0.422,0.422,-0.0109,1,1,0,0.711,0.361,0.639,0,0,0.0,5,DESCENT_PHASE,0.0062,-0.0094
492,15.298,0.5111,-3.5281,3.062,0.0079,-0.0096,-0.4185,3.042,0.127,2.865,0.3973,-3.5847,0.2,0.0,0.0,0.0,-0.0034,0.0041,-0.4225,0.4225,0.0282,1,1,0,0.708,0.357,0.643,0,0,0.0,5,DESCENT_PHASE,0.0079,-0.0096
493,15.328,0.5113,-3.5284,3.0536,0.0093,-0.0107,-0.4185,3.034,0.127,2.856,0.3973,-3.5847,0.2,0.0,0.0,0.0,-0.004,0.0046,-0.4226,0.4226,-0.0159,1,1,0,0.71,0.357,0.643,0,0,0.0,5,DESCENT_PHASE,0.0093,-0.0107
494,15.356,0.5115,-3.5285,3.0452,0.0099,-0.0094,-0.4185,3.025,0.127,2.848,0.3973,-3.5847,0.2,0.0,0.0,0.0,-0.0042,0.004,-0.4226,0.4226,0.0233,1,1,0,0.708,0.354,0.646,0,0,0.0,5,DESCENT_PHASE,0.0099,-0.0094
495,15.384,0.5117,-3.5287,3.0369,0.0102,-0.0095,-0.4186,3.017,0.127,2.84,0.3973,-3.5847,0.2,0.0,0.0,0.0,-0.0043,0.0041,-0.4224,0.4224,-0.0206,1,1,0,0.71,0.359,0.641,0,0,0.0,5,DESCENT_PHASE,0.0102,-0.0095
496,15.412,0.5119,-3.5289,3.0285,0.0098,-0.0077,-0.4185,3.008,0.127,2.831,0.3973,-3.5847,0.2,0.0,0.0,0.0,-0.0042,0.0033,-0.4226,0.4226,0.0186,1,1,0,0.708,0.358,0.642,0,0,0.0,5,DESCENT_PHASE,0.0098,-0.0077
497,15.44,0.5121,-3.529,3.0201,0.0093,-0.0075,-0.4185,3.0,0.128,2.823,0.3973,-3.5847,0.2,0.0,0.0,0.0,-0.004,0.0032,-0.4226,0.4226,-0.0255,1,1,0,0.711,0.36,0.64,0,0,0.0,5,DESCENT_PHASE,0.0093,-0.0075
498,15.469,0.5122,-3.5291,3.0118,0.0082,-0.0059,-0.4185,2.992,0.128,2.815,0.3973,-3.5847,0.2,0.0,0.0,0.0,-0.0035,0.0025,-0.4226,0.4226,0.0137,1,1,0,0.71,0.36,0.64,0,0,0.0,5,DESCENT_PHASE,0.0082,-0.0059
499,15.497,0.5124,-3.5293,3.0034,0.0071,-0.0063,-0.4185,2.983,0.128,2.806,0.3973,-3.5847,0.2,0.0,0.0,0.0,-0.003,0.0027,-0.4225,0.4225,-0.0296,1,1,0,0.714,0.364,0.636,0,0,0.0,5,DESCENT_PHASE,0.0071,-0.0063
500,15.526,0.5125,-3.5294,2.995,0.0056,-0.0056,-0.4185,2.975,0.128,2.798,0.3973,-3.5847,0.2,0.0,0.0,0.0,-0.0024,0.0024,-0.4225,0.4225,0.0095,1,1,0,0.713,0.362,0.638,0,0,0.0,5,DESCENT_PHASE,0.0056,-0.0056
501,15.556,0.5126,-3.5295,2.9866,0.0044,-0.0074,-0.4187,2.967,0.128,2.79,0.3973,-3.5847,0.2,0.0,0.0,0.0,-0.0019,0.0032,-0.4222,0.4222,-0.0149,1,1,0,0.717,0.366,0.634,0,0,0.0,5,DESCENT_PHASE,0.0044,-0.0074
502,15.584,0.5126,-3.5297,2.9783,0.0029,-0.0084,-0.4185,2.958,0.128,2.781,0.3973,-3.5847,0.2,0.0,0.0,0.0,-0.0012,0.0036,-0.4225,0.4225,0.0242,1,1,0,0.717,0.365,0.635,0,0,0.0,5,DESCENT_PHASE,0.0029,-0.0084
503,15.612,0.5127,-3.5299,2.9699,0.0026,-0.0106,-0.4186,2.95,0.128,2.773,0.3973,-3.5847,0.2,0.0,0.0,0.0,-0.0011,0.0045,-0.4223,0.4223,-0.0109,1,1,0,0.719,0.37,0.63,0,0,0.0,5,DESCENT_PHASE,0.0026,-0.0106
504,15.638,0.5127,-3.5301,2.9615,0.003,-0.0108,-0.4185,2.942,0.128,2.764,0.3973,-3.5847,0.2,0.0,0.0,0.0,-0.0013,0.0046,-0.4225,0.4226,0.0275,1,1,0,0.718,0.365,0.635,0,0,0.0,5,DESCENT_PHASE,0.003,-0.0108
505,15.668,0.5128,-3.5304,2.9532,0.0037,-0.012,-0.4186,2.933,0.128,2.756,0.3973,-3.5847,0.2,0.0,0.0,0.0,-0.0016,0.0051,-0.4224,0.4225,-0.0153,1,1,0,0.72,0.367,0.633,0,0,0.0,5,DESCENT_PHASE,0.0037,-0.012
506,15.697,0.5129,-3.5306,2.9448,0.0041,-0.0108,-0.4185,2.925,0.128,2.748,0.3973,-3.5847,0.2,0.0,0.0,0.0,-0.0018,0.0046,-0.4225,0.4226,0.0229,1,1,0,0.719,0.363,0.637,0,0,0.0,5,DESCENT_PHASE,0.0041,-0.0108
507,15.725,0.513,-3.5308,2.9364,0.0052,-0.0109,-0.4185,2.916,0.128,2.739,0.3973,-3.5847,0.2,0.0,0.0,0.0,-0.0022,0.0047,-0.4226,0.4226,-0.0197,1,1,0,0.723,0.37,0.63,0,0,0.0,5,DESCENT_PHASE,0.0052,-0.0109
508,15.755,0.5131,-3.531,2.928,0.0059,-0.0092,-0.4185,2.908,0.128,2.731,0.3973,-3.5847,0.2,0.0,0.0,0.0,-0.0025,0.0039,-0.4225,0.4226,0.0182,1,1,0,0.722,0.368,0.632,0,0,0.0,5,DESCENT_PHASE,0.0059,-0.0092
509,15.786,0.5133,-3.5312,2.9197,0.0076,-0.009,-0.4187,2.9,0.128,2.723,0.3973,-3.5847,0.2,0.0,0.0,0.0,-0.0032,0.0038,-0.4222,0.4222,-0.0182,1,1,0,0.724,0.373,0.627,0,0,0.0,5,DESCENT_PHASE,0.0076,-0.009
510,15.817,0.5135,-3.5313,2.9113,0.0091,-0.0073,-0.4185,2.891,0.128,2.714,0.3973,-3.5847,0.2,0.0,0.0,0.0,-0.0039,0.0031,-0.4225,0.4225,0.0193,1,1,0,0.723,0.368,0.632,0,0,0.0,5,DESCENT_PHASE,0.0091,-0.0073
511,15.848,0.5137,-3.5315,2.9029,0.0109,-0.0071,-0.4185,2.883,0.128,2.706,0.3973,-3.5847,0.2,0.0,0.0,0.0,-0.0046,0.003,-0.4225,0.4226,-0.0226,1,1,0,0.726,0.374,0.626,0,0,0.0,5,DESCENT_PHASE,0.0109,-0.0071
512,15.879,0.5139,-3.5316,2.8946,0.0118,-0.0053,-0.4185,2.875,0.128,2.698,0.3973,-3.5847,0.2,0.0,0.0,0.0,-0.005,0.0023,-0.4225,0.4225,0.0147,1,1,0,0.725,0.371,0.629,0,0,0.0,5,DESCENT_PHASE,0.0118,-0.0053
513,15.911,0.5142,-3.5317,2.8862,0.0133,-0.0053,-0.4186,2.866,0.128,2.689,0.3973,-3.5847,0.2,0.0,0.0,0.0,-0.0057,0.0023,-0.4225,0.4225,-0.0265,1,1,0,0.728,0.377,0.623,0,0,0.0,5,DESCENT_PHASE,0.0133,-0.0053
514,15.942,0.5145,-3.5318,2.8778,0.0141,-0.0042,-0.4185,2.858,0.129,2.681,0.3973,-3.5847,0.2,0.0,0.0,0.0,-0.006,0.0018,-0.4225,0.4225,0.0105,1,1,0,0.727,0.375,0.625,0,0,0.0,5,DESCENT_PHASE,0.0141,-0.0042
515,15.973,0.5148,-3.5319,2.8694,0.0156,-0.0051,-0.4187,2.849,0.129,2.673,0.3973,-3.5847,0.2,0.0,0.0,0.0,-0.0067,0.0022,-0.4222,0.4222,-0.0218,1,1,0,0.728,0.38,0.62,0,0,0.0,5,DESCENT_PHASE,0.0156,-0.0051
516,16.004,0.5151,-3.532,2.8611,0.0166,-0.0053,-0.4185,2.841,0.129,2.664,0.3973,-3.5847,0.2,0.0,0.0,0.0,-0.0071,0.0022,-0.4225,0.4226,0.0147,1,1,0,0.726,0.373,0.627,0,0,0.0,5,DESCENT_PHASE,0.0166,-0.0053
517,16.035,0.5154,-3.5321,2.8527,0.0171,-0.0071,-0.4186,2.833,0.129,2.656,0.3973,-3.5847,0.2,0.0,0.0,0.0,-0.0073,0.003,-0.4224,0.4224,-0.0121,1,1,0,0.727,0.375,0.625,0,0,0.0,5,DESCENT_PHASE,0.0171,-0.0071
518,16.066,0.5158,-3.5323,2.8443,0.0157,-0.0078,-0.4185,2.824,0.13,2.648,0.3973,-3.5847,0.2,0.0,0.0,0.0,-0.0067,0.0033,-0.4226,0.4226,0.0246,1,1,0,0.725,0.369,0.631,0,0,0.0,5,DESCENT_PHASE,0.0157,-0.0078
519,16.098,0.516,-3.5325,2.836,0.0145,-0.0095,-0.4186,2.816,0.13,2.639,0.3973,-3.5847,0.2,0.0,0.0,0.0,-0.0062,0.0041,-0.4225,0.4225,-0.0163,1,1,0,0.727,0.373,0.627,0,0,0.0,5,DESCENT_PHASE,0.0145,-0.0095
520,16.13,0.5163,-3.5326,2.8276,0.012,-0.0092,-0.4185,2.808,0.13,2.631,0.3973,-3.5847,0.2,0.0,0.0,0.0,-0.0051,0.0039,-0.4226,0.4226,0.0203,1,1,0,0.725,0.367,0.633,0,0,0.0,5,DESCENT_PHASE,0.012,-0.0092
521,16.161,0.5165,-3.5328,2.8192,0.0099,-0.0102,-0.4185,2.799,0.13,2.622,0.3973,-3.5847,0.2,0.0,0.0,0.0,-0.0042,0.0044,-0.4226,0.4226,-0.0204,1,1,0,0.728,0.372,0.628,0,0,0.0,5,DESCENT_PHASE,0.0099,-0.0102
522,16.192,0.5166,-3.533,2.8108,0.0067,-0.0097,-0.4185,2.791,0.13,2.614,0.3973,-3.5847,0.2,0.0,0.0,0.0,-0.0029,0.0041,-0.4225,0.4225,0.0159,1,1,0,0.727,0.369,0.631,0,0,0.0,5,DESCENT_PHASE,0.0067,-0.0097
523,16.223,0.5167,-3.5332,2.8025,0.0041,-0.0108,-0.4186,2.782,0.13,2.606,0.3973,-3.5847,0.2,0.0,0.0,0.0,-0.0018,0.0046,-0.4224,0.4224,-0.0243,1,1,0,0.73,0.375,0.625,0,0,0.0,5,DESCENT_PHASE,0.0041,-0.0108
524,16.253,0.5167,-3.5335,2.7941,0.0007,-0.0106,-0.4186,2.774,0.13,2.597,0.3973,-3.5847,0.2,0.0,0.0,0.0,-0.0003,0.0045,-0.4225,0.4225,0.0117,1,1,0,0.729,0.373,0.627,0,0,0.0,5,DESCENT_PHASE,0.0007,-0.0106
525,16.283,0.5167,-3.5337,2.7857,-0.0018,-0.0125,-0.4187,2.766,0.13,2.589,0.3973,-3.5847,0.2,0.0,0.0,0.0,0.0008,0.0053,-0.4222,0.4222,-0.008,1,1,0,0.733,0.38,0.62,0,0,0.0,5,DESCENT_PHASE,-0.0018,-0.0125
526,16.313,0.5166,-3.534,2.7774,-0.005,-0.0134,-0.4186,2.757,0.13,2.581,0.3973,-3.5847,0.2,0.0,0.0,0.0,0.0021,0.0057,-0.4225,0.4225,0.0277,1,1,0,0.732,0.374,0.626,0,0,0.0,5,DESCENT_PHASE,-0.005,-0.0134
527,16.346,0.5164,-3.5343,2.769,-0.0066,-0.015,-0.4186,2.749,0.129,2.572,0.3973,-3.5847,0.2,0.0,0.0,0.0,0.0028,0.0064,-0.4224,0.4225,-0.0115,1,1,0,0.736,0.384,0.616,0,0,0.0,5,DESCENT_PHASE,-0.0066,-0.015
528,16.379,0.5163,-3.5346,2.7606,-0.0082,-0.0144,-0.4185,2.741,0.129,2.564,0.3973,-3.5847,0.2,0.0,0.0,0.0,0.0035,0.0061,-0.4225,0.4226,0.0235,1,1,0,0.737,0.384,0.616,0,0,0.0,5,DESCENT_PHASE,-0.0082,-0.0144
529,16.413,0.5161,-3.5349,2.7522,-0.008,-0.0147,-0.4186,2.732,0.129,2.555,0.3973,-3.5847,0.2,0.0,0.0,0.0,0.0034,0.0063,-0.4225,0.4225,-0.0125,1,1,0,0.74,0.392,0.608,0,0,0.0,5,DESCENT_PHASE,-0.008,-0.0147
530,16.446,0.516,-3.5351,2.7439,-0.0077,-0.0131,-0.4185,2.724,0.129,2.547,0.3973,-3.5847,0.2,0.0,0.0,0.0,0.0033,0.0056,-0.4226,0.4226,0.0218,1,1,0,0.74,0.39,0.61,0,0,0.0,5,DESCENT_PHASE,-0.0077,-0.0131
531,16.48,0.5159,-3.5354,2.7355,-0.0059,-0.0125,-0.4185,2.716,0.128,2.539,0.3973,-3.5847,0.2,0.0,0.0,0.0,0.0025,0.0053,-0.4225,0.4225,-0.0158,1,1,0,0.744,0.399,0.601,0,0,0.0,5,DESCENT_PHASE,-0.0059,-0.0125
532,16.513,0.5158,-3.5356,2.7271,-0.0044,-0.0101,-0.4185,2.707,0.128,2.53,0.3973,-3.5847,0.2,0.0,0.0,0.0,0.0019,0.0043,-0.4225,0.4226,0.0177,1,1,0,0.744,0.399,0.601,0,0,0.0,5,DESCENT_PHASE,-0.0044,-0.0101
533,16.546,0.5157,-3.5358,2.7188,-0.0012,-0.0089,-0.4187,2.699,0.128,2.522,0.3973,-3.5847,0.2,0.0,0.0,0.0,0.0005,0.0038,-0.4222,0.4222,-0.0113,1,1,0,0.744,0.399,0.601,0,0,0.0,5,DESCENT_PHASE,-0.0012,-0.0089
534,16.578,0.5158,-3.5359,2.7104,0.002,-0.0063,-0.4187,2.69,0.128,2.514,0.3973,-3.5847,0.2,0.0,0.0,0.0,-0.0009,0.0027,-0.4222,0.4222,0.0182,1,1,0,0.744,0.397,0.603,0,0,0.0,5,DESCENT_PHASE,0.002,-0.0063
535,16.61,0.5159,-3.536,2.702,0.0048,-0.0046,-0.4187,2.682,0.128,2.505,0.3973,-3.5847,0.2,0.0,0.0,0.0,-0.0021,0.002,-0.4222,0.4223,-0.0142,1,1,0,0.746,0.4,0.6,0,0,0.0,5,DESCENT_PHASE,0.0048,-0.0046
536,16.643,0.516,-3.536,2.6936,0.0072,-0.0013,-0.4186,2.674,0.128,2.497,0.3973,-3.5847,0.2,0.0,0.0,0.0,-0.0031,0.0006,-0.4224,0.4225,0.0181,1,1,0,0.744,0.395,0.605,0,0,0.0,5,DESCENT_PHASE,0.0072,-0.0013
537,16.674,0.5162,-3.536,2.6853,0.01,0.0008,-0.4186,2.665,0.129,2.489,0.3973,-3.5847,0.2,0.0,0.0,0.0,-0.0043,-0.0003,-0.4223,0.4224,-0.0178,1,1,0,0.746,0.399,0.601,0,0,0.0,5,DESCENT_PHASE,0.01,0.0008
538,16.706,0.5164,-3.5359,2.6769,0.0113,0.0044,-0.4186,2.657,0.129,2.48,0.3973,-3.5847,0.2,0.0,0.0,0.0,-0.0048,-0.0019,-0.4224,0.4225,0.0144,1,1,0,0.745,0.395,0.605,0,0,0.0,5,DESCENT_PHASE,0.0113,0.0044
539,16.738,0.5167,-3.5358,2.6685,0.0132,0.0066,-0.4186,2.649,0.129,2.472,0.3973,-3.5847,0.2,0.0,0.0,0.0,-0.0056,-0.0028,-0.4224,0.4224,-0.0212,1,1,0,0.748,0.401,0.599,0,0,0.0,5,DESCENT_PHASE,0.0132,0.0066
540,16.771,0.517,-3.5356,2.6602,0.0139,0.0099,-0.4186,2.64,0.129,2.464,0.3973,-3.5847,0.2,0.0,0.0,0.0,-0.0059,-0.0042,-0.4224,0.4225,0.0106,1,1,0,0.747,0.398,0.602,0,0,0.0,5,DESCENT_PHASE,0.0139,0.0099
541,16.806,0.5173,-3.5353,2.6518,0.0156,0.0115,-0.4187,2.632,0.13,2.455,0.3973,-3.5847,0.2,0.0,0.0,0.0,-0.0067,-0.0049,-0.4222,0.4223,-0.0237,1,1,0,0.75,0.403,0.597,0,0,0.0,5,DESCENT_PHASE,0.0156,0.0115
542,16.841,0.5176,-3.5351,2.6434,0.0164,0.0141,-0.4186,2.623,0.13,2.447,0.3973,-3.5847,0.2,0.0,0.0,0.0,-0.007,-0.006,-0.4224,0.4225,0.0076,1,1,0,0.749,0.401,0.599,0,0,0.0,5,DESCENT_PHASE,0.0164,0.0141
543,16.876,0.518,-3.5348,2.635,0.0181,0.0146,-0.4187,2.615,0.131,2.439,0.3973,-3.5847,0.2,0.0,0.0,0.0,-0.0077,-0.0062,-0.4222,0.4223,-0.0253,1,1,0,0.751,0.404,0.596,0,0,0.0,5,DESCENT_PHASE,0.0181,0.0146
544,16.913,0.5184,-3.5344,2.6267,0.0189,0.0159,-0.4192,2.607,0.131,2.43,0.3973,-3.5847,0.2,0.0,0.0,0.0,-0.0081,-0.0068,-0.4213,0.4215,0.0075,1,1,0,0.749,0.399,0.601,0,0,0.0,5,DESCENT_PHASE,0.0189,0.0159
545,16.949,0.5188,-3.5341,2.6183,0.0204,0.015,-0.4185,2.598,0.132,2.422,0.3973,-3.5847,0.2,0.0,0.0,0.0,-0.0087,-0.0064,-0.4226,0.4227,-0.0237,1,1,0,0.751,0.402,0.598,0,0,0.0,5,DESCENT_PHASE,0.0204,0.015
546,16.991,0.5192,-3.5338,2.6099,0.0203,0.0148,-0.4185,2.59,0.132,2.414,0.3973,-3.5847,0.2,0.0,0.0,0.0,-0.0087,-0.0063,-0.4226,0.4227,0.0104,1,1,0,0.749,0.395,0.605,0,0,0.0,5,DESCENT_PHASE,0.0203,0.0148
547,17.03,0.5196,-3.5336,2.6015,0.0208,0.0126,-0.4185,2.582,0.133,2.405,0.3973,-3.5847,0.2,0.0,0.0,0.0,-0.0089,-0.0054,-0.4226,0.4227,-0.02,1,1,0,0.75,0.395,0.605,0,0,0.0,5,DESCENT_PHASE,0.0208,0.0126
548,17.067,0.52,-3.5334,2.5932,0.0194,0.0113,-0.4185,2.573,0.133,2.397,0.3973,-3.5847,0.2,0.0,0.0,0.0,-0.0083,-0.0048,-0.4226,0.4227,0.0132,1,1,0,0.748,0.392,0.608,0,0,0.0,5,DESCENT_PHASE,0.0194,0.0113
549,17.108,0.5204,-3.5332,2.5848,0.0183,0.0083,-0.4185,2.565,0.133,2.389,0.3973,-3.5847,0.2,0.0,0.0,0.0,-0.0078,-0.0035,-0.4226,0.4227,-0.0165,1,1,0,0.748,0.393,0.607,0,0,0.0,5,DESCENT_PHASE,0.0183,0.0083
550,17.15,0.5207,-3.5331,2.5764,0.015,0.0064,-0.4187,2.556,0.134,2.38,0.3973,-3.5847,0.2,0.0,0.0,0.0,-0.0064,-0.0027,-0.4223,0.4223,0.0132,1,1,0,0.749,0.392,0.608,0,0,0.0,5,DESCENT_PHASE,0.015,0.0064
551,17.199,0.5209,-3.533,2.5681,0.0116,0.0031,-0.4186,2.548,0.134,2.372,0.3973,-3.5847,0.2,0.0,0.0,0.0,-0.0049,-0.0013,-0.4224,0.4225,-0.0155,1,1,0,0.751,0.399,0.601,0,0,0.0,5,DESCENT_PHASE,0.0116,0.0031
552,17.243,0.521,-3.533,2.5597,0.0079,0.0009,-0.4185,2.54,0.134,2.363,0.3973,-3.5847,0.2,0.0,0.0,0.0,-0.0034,-0.0004,-0.4225,0.4225,0.0162,1,1,0,0.75,0.396,0.604,0,0,0.0,5,DESCENT_PHASE,0.0079,0.0009
553,17.288,0.5212,-3.533,2.5513,0.0055,-0.0026,-0.4185,2.531,0.134,2.355,0.3973,-3.5847,0.2,0.0,0.0,0.0,-0.0023,0.0011,-0.4225,0.4225,-0.0122,1,1,0,0.753,0.396,0.604,0,0,0.0,5,DESCENT_PHASE,0.0055,-0.0026
554,17.328,0.5212,-3.5331,2.5429,0.002,-0.0048,-0.4186,2.523,0.134,2.347,0.3973,-3.5847,0.2,0.0,0.0,0.0,-0.0008,0.0021,-0.4224,0.4224,0.019,1,1,0,0.751,0.392,0.608,0,0,0.0,5,DESCENT_PHASE,0.002,-0.0048
555,17.367,0.5212,-3.5333,2.5346,-0.0005,-0.0081,-0.4186,2.515,0.134,2.338,0.3973,-3.5847,0.2,0.0,0.0,0.0,0.0002,0.0034,-0.4224,0.4224,-0.0089,1,1,0,0.753,0.395,0.605,0,0,0.0,5,DESCENT_PHASE,-0.0005,-0.0081
556,17.407,0.5211,-3.5335,2.5262,-0.0045,-0.0098,-0.4188,2.506,0.134,2.33,0.3973,-3.5847,0.2,0.0,0.0,0.0,0.0019,0.0042,-0.4221,0.4221,0.0208,1,1,0,0.753,0.395,0.605,0,0,0.0,5,DESCENT_PHASE,-0.0045,-0.0098
557,17.444,0.5209,-3.5337,2.5178,-0.0077,-0.0122,-0.4186,2.498,0.134,2.322,0.3973,-3.5847,0.2,0.0,0.0,0.0,0.0033,0.0052,-0.4224,0.4224,-0.0065,1,1,0,0.757,0.405,0.595,0,0,0.0,5,DESCENT_PHASE,-0.0077,-0.0122
558,17.48,0.5207,-3.534,2.5095,-0.0114,-0.013,-0.4186,2.489,0.133,2.313,0.3973,-3.5847,0.2,0.0,0.0,0.0,0.0048,0.0055,-0.4224,0.4225,0.0237,1,1,0,0.757,0.404,0.596,0,0,0.0,5,DESCENT_PHASE,-0.0114,-0.013
559,17.518,0.5204,-3.5343,2.5011,-0.013,-0.0143,-0.4185,2.481,0.133,2.305,0.3973,-3.5847,0.2,0.0,0.0,0.0,0.0055,0.0061,-0.4225,0.4226,-0.0035,1,1,0,0.76,0.411,0.589,0,0,0.0,5,DESCENT_PHASE,-0.013,-0.0143
560,17.56,0.5201,-3.5346,2.4927,-0.0154,-0.0138,-0.4185,2.473,0.133,2.297,0.3973,-3.5847,0.2,0.0,0.0,0.0,0.0066,0.0059,-0.4225,0.4226,0.0264,1,1,0,0.759,0.408,0.592,0,0,0.0,5,DESCENT_PHASE,-0.0154,-0.0138
561,17.596,0.5198,-3.5348,2.4843,-0.0162,-0.0135,-0.4185,2.464,0.132,2.288,0.3973,-3.5847,0.2,0.0,0.0,0.0,0.0069,0.0057,-0.4225,0.4226,-0.0005,1,1,0,0.762,0.414,0.586,0,0,0.0,5,DESCENT_PHASE,-0.0162,-0.0135
562,17.63,0.5195,-3.5351,2.476,-0.0181,-0.011,-0.4187,2.456,0.132,2.28,0.3973,-3.5847,0.2,0.0,0.0,0.0,0.0077,0.0047,-0.4223,0.4224,0.0066,1,1,0,0.761,0.41,0.59,0,0,0.0,5,DESCENT_PHASE,-0.0181,-0.011
563,17.666,0.5191,-3.5352,2.4676,-0.0188,-0.0086,-0.4185,2.448,0.131,2.271,0.3973,-3.5847,0.2,0.0,0.0,0.0,0.008,0.0037,-0.4225,0.4226,-0.0233,1,1,0,0.764,0.416,0.584,0,0,0.0,5,DESCENT_PHASE,-0.0188,-0.0086
564,17.706,0.5187,-3.5353,2.4592,-0.0207,-0.0057,-0.419,2.439,0.131,2.263,0.3973,-3.5847,0.2,0.0,0.0,0.0,0.0088,0.0024,-0.4217,0.4218,0.0046,1,1,0,0.763,0.413,0.587,0,0,0.0,5,DESCENT_PHASE,-0.0207,-0.0057
565,17.741,0.5182,-3.5354,2.4508,-0.0212,-0.0047,-0.4189,2.431,0.131,2.255,0.3973,-3.5847,0.2,0.0,0.0,0.0,0.0091,0.002,-0.4219,0.422,-0.0151,1,1,0,0.766,0.419,0.581,0,0,0.0,5,DESCENT_PHASE,-0.0212,-0.0047
566,17.783,0.5178,-3.5355,2.4425,-0.0228,-0.0032,-0.4185,2.422,0.13,2.246,0.3973,-3.5847,0.2,0.0,0.0,0.0,0.0097,0.0014,-0.4225,0.4227,0.0151,1,1,0,0.765,0.415,0.585,0,0,0.0,5,DESCENT_PHASE,-0.0228,-0.0032
567,17.821,0.5173,-3.5356,2.4341,-0.0229,-0.0031,-0.4185,2.414,0.13,2.238,0.3973,-3.5847,0.2,0.0,0.0,0.0,0.0098,0.0013,-0.4225,0.4226,-0.0124,1,1,0,0.767,0.42,0.58,0,0,0.0,5,DESCENT_PHASE,-0.0229,-0.0031
568,17.859,0.5168,-3.5356,2.4257,-0.0243,-0.0016,-0.4186,2.406,0.129,2.229,0.3973,-3.5847,0.2,0.0,0.0,0.0,0.0104,0.0007,-0.4223,0.4224,0.0176,1,1,0,0.767,0.42,0.58,0,0,0.0,5,DESCENT_PHASE,-0.0243,-0.0016
569,17.9,0.5163,-3.5356,2.4174,-0.0247,-0.0012,-0.4185,2.397,0.129,2.221,0.3973,-3.5847,0.2,0.0,0.0,0.0,0.0105,0.0005,-0.4225,0.4227,-0.0101,1,1,2,0.771,0.428,0.572,0,0,0.0,5,DESCENT_PHASE,-0.0247,-0.0012
570,17.943,0.5158,-3.5356,2.412,-0.0259,0.002,-0.2694,2.392,0.128,2.216,0.3973,-3.5847,0.2,0.0,0.0,0.0,0.0111,-0.0009,-0.676,0.6761,0.0303,1,1,2,0.77,0.424,0.576,0,0,0.0,5,DESCENT_PHASE,-0.0259,0.002
571,17.989,0.5154,-3.5355,2.4085,-0.0238,0.0035,-0.1758,2.388,0.128,2.212,0.3973,-3.5847,0.2,0.0,0.0,0.0,0.0102,-0.0015,-0.8352,0.8352,-0.0046,1,1,2,0.772,0.429,0.571,0,0,0.0,5,DESCENT_PHASE,-0.0238,0.0035
572,18.03,0.5149,-3.5353,2.4061,-0.0239,0.0081,-0.1173,2.386,0.128,2.21,0.3973,-3.5847,0.2,0.0,0.0,0.0,0.0102,-0.0034,-0.9345,0.9346,-0.0094,1,1,2,0.77,0.425,0.575,0,0,0.0,5,DESCENT_PHASE,-0.0239,0.0081
573,18.071,0.5144,-3.5351,2.4045,-0.0222,0.0118,-0.0803,2.385,0.127,2.208,0.3973,-3.5847,0.2,0.0,0.0,0.0,0.0095,-0.005,-0.9974,0.9975,0.0083,1,1,2,0.772,0.43,0.57,0,0,0.0,5,DESCENT_PHASE,-0.0222,0.0118
574,18.109,0.514,-3.5348,2.4034,-0.0222,0.0144,-0.0574,2.383,0.127,2.207,0.3973,-3.5847,0.2,0.0,0.0,0.0,0.0095,-0.0061,-1.0364,1.0365,-0.0241,1,1,2,0.771,0.425,0.575,0,0,0.0,5,DESCENT_PHASE,-0.0222,0.0144
575,18.148,0.5136,-3.5345,2.4025,-0.0207,0.0176,-0.0425,2.383,0.127,2.206,0.3973,-3.5847,0.2,0.0,0.0,0.0,0.0088,-0.0075,-1.0499,1.05,0.0056,1,1,2,0.772,0.429,0.571,0,0,0.0,5,DESCENT_PHASE,-0.0207,0.0176
576,18.186,0.5132,-3.5341,2.4018,-0.0206,0.0187,-0.0332,2.382,0.126,2.205,0.3973,-3.5847,0.2,0.0,0.0,0.0,0.0088,-0.008,-1.0499,1.05,-0.0268,1,1,2,0.77,0.423,0.577,0,0,0.0,5,DESCENT_PHASE,-0.0206,0.0187
577,18.226,0.5128,-3.5337,2.4013,-0.0193,0.0203,-0.0273,2.381,0.126,2.205,0.3973,-3.5847,0.2,0.0,0.0,0.0,0.0083,-0.0087,-1.0499,1.05,0.0026,1,1,2,0.771,0.426,0.574,0,0,0.0,5,DESCENT_PHASE,-0.0193,0.0203
578,18.262,0.5124,-3.5333,2.4008,-0.0197,0.0195,-0.0243,2.381,0.126,2.204,0.3973,-3.5847,0.2,0.0,0.0,0.0,0.0084,-0.0084,-1.0499,1.05,-0.0247,1,1,2,0.77,0.423,0.577,0,0,0.0,5,DESCENT_PHASE,-0.0197,0.0195
579,18.303,0.512,-3.5329,2.4004,-0.0194,0.0191,-0.0216,2.38,0.126,2.204,0.3973,-3.5847,0.2,0.0,0.0,0.0,0.0083,-0.0081,-1.0499,1.05,0.0043,1,1,2,0.772,0.428,0.572,0,0,0.0,5,DESCENT_PHASE,-0.0194,0.0191
580,18.341,0.5116,-3.5326,2.4,-0.0199,0.0165,-0.02,2.38,0.126,2.204,0.3973,-3.5847,0.2,0.0,0.0,0.0,0.0085,-0.0071,-1.0499,1.05,-0.0182,1,1,2,0.771,0.424,0.576,0,0,0.0,5,DESCENT_PHASE,-0.0199,0.0165
581,18.382,0.5112,-3.5323,2.3996,-0.0188,0.0144,-0.019,2.38,0.125,2.203,0.3973,-3.5847,0.2,0.0,0.0,0.0,0.008,-0.0061,-1.05,1.05,0.0104,1,1,2,0.772,0.428,0.572,0,0,0.0,5,DESCENT_PHASE,-0.0188,0.0144
582,18.423,0.5108,-3.5321,2.3992,-0.0189,0.0107,-0.0183,2.379,0.125,2.203,0.3973,-3.5847,0.2,0.0,0.0,0.0,0.0081,-0.0046,-1.05,1.05,-0.0211,1,1,2,0.77,0.423,0.577,0,0,0.0,5,DESCENT_PHASE,-0.0189,0.0107
583,18.464,0.5105,-3.5319,2.3989,-0.0177,0.0079,-0.0179,2.379,0.125,2.202,0.3973,-3.5847,0.2,0.0,0.0,0.0,0.0076,-0.0034,-1.05,1.05,0.0073,1,1,2,0.772,0.426,0.574,0,0,0.0,5,DESCENT_PHASE,-0.0177,0.0079
584,18.506,0.5101,-3.5319,2.3985,-0.018,0.0034,-0.0179,2.379,0.125,2.202,0.3973,-3.5847,0.2,0.0,0.0,0.0,0.0077,-0.0014,-1.05,1.05,-0.0046,1,1,2,0.769,0.42,0.58,0,0,0.0,5,DESCENT_PHASE,-0.018,0.0034
585,18.546,0.5098,-3.5319,2.3982,-0.0174,-0.0006,-0.0182,2.378,0.124,2.202,0.3973,-3.5847,0.2,0.0,0.0,0.0,0.0074,0.0002,-1.05,1.05,0.0242,1,1,2,0.771,0.424,0.576,0,0,0.0,5,DESCENT_PHASE,-0.0174,-0.0006
586,18.586,0.5094,-3.532,2.3978,-0.0184,-0.0049,-0.018,2.378,0.124,2.201,0.3973,-3.5847,0.2,0.0,0.0,0.0,0.0079,0.0021,-1.05,1.05,-0.0063,1,1,2,0.769,0.42,0.58,0,0,0.0,5,DESCENT_PHASE,-0.0184,-0.0049
587,18.627,0.509,-3.5321,2.3974,-0.0187,-0.0072,-0.0178,2.377,0.123,2.201,0.3973,-3.5847,0.2,0.0,0.0,0.0,0.008,0.0031,-1.05,1.05,0.0217,1,1,2,0.772,0.426,0.574,0,0,0.0,5,DESCENT_PHASE,-0.0187,-0.0072
588,18.667,0.5086,-3.5323,2.3971,-0.0198,-0.01,-0.0176,2.377,0.123,2.201,0.3973,-3.5847,0.2,0.0,0.0,0.0,0.0085,0.0043,-1.05,1.05,-0.0094,1,1,2,0.77,0.422,0.578,0,0,0.0,5,DESCENT_PHASE,-0.0198,-0.01
589,18.706,0.5083,-3.5325,2.3967,-0.0195,-0.0111,-0.0175,2.377,0.123,2.2,0.3973,-3.5847,0.2,0.0,0.0,0.0,0.0083,0.0047,-1.05,1.05,0.0188,1,1,2,0.771,0.426,0.574,0,0,0.0,5,DESCENT_PHASE,-0.0195,-0.0111
590,18.744,0.5078,-3.5328,2.3964,-0.0203,-0.0129,-0.0174,2.376,0.122,2.2,0.3973,-3.5847,0.2,0.0,0.0,0.0,0.0087,0.0055,-1.0499,1.05,-0.0125,1,1,2,0.769,0.42,0.58,0,0,0.0,5,DESCENT_PHASE,-0.0203,-0.0129
591,18.782,0.5074,-3.5331,2.396,-0.0201,-0.0132,-0.0173,2.376,0.122,2.199,0.3973,-3.5847,0.2,0.0,0.0,0.0,0.0086,0.0056,-1.0499,1.05,0.0159,1,1,2,0.77,0.424,0.576,0,0,0.0,5,DESCENT_PHASE,-0.0201,-0.0132
592,18.819,0.507,-3.5333,2.3957,-0.0214,-0.0145,-0.0174,2.376,0.121,2.199,0.3973,-3.5847,0.2,0.0,0.0,0.0,0.0092,0.0062,-1.0499,1.05,-0.0145,1,1,2,0.77,0.422,0.578,0,0,0.0,5,DESCENT_PHASE,-0.0214,-0.0145
593,18.859,0.5066,-3.5336,2.3953,-0.022,-0.0145,-0.0174,2.375,0.121,2.199,0.3973,-3.5847,0.2,0.0,0.0,0.0,0.0094,0.0062,-1.0499,1.05,0.014,1,1,2,0.773,0.429,0.571,0,0,0.0,5,DESCENT_PHASE,-0.022,-0.0145
594,18.897,0.5061,-3.5339,2.395,-0.0229,-0.0157,-0.0173,2.375,0.12,2.198,0.3973,-3.5847,0.2,0.0,0.0,0.0,0.0098,0.0067,-1.0499,1.05,-0.0178,1,1,2,0.771,0.426,0.574,0,0,0.0,5,DESCENT_PHASE,-0.0229,-0.0157
595,18.938,0.5057,-3.5343,2.3939,-0.0222,-0.0157,-0.0543,2.374,0.12,2.197,0.3973,-3.5847,0.2,0.0,0.0,0.0,0.0095,0.0067,-1.0417,1.0418,0.0081,1,1,2,0.773,0.431,0.569,0,0,0.0,5,DESCENT_PHASE,-0.0222,-0.0157
596,18.977,0.5052,-3.5346,2.3923,-0.022,-0.017,-0.0784,2.372,0.119,2.196,0.3973,-3.5847,0.2,0.0,0.0,0.0,0.0094,0.0073,-1.0008,1.0009,0.0003,1,1,2,0.772,0.427,0.573,0,0,0.0,5,DESCENT_PHASE,-0.022,-0.017
597,19.016,0.5048,-3.535,2.3905,-0.0206,-0.0178,-0.0928,2.37,0.118,2.194,0.3973,-3.5847,0.2,0.0,0.0,0.0,0.0088,0.0076,-0.9763,0.9763,0.0199,1,1,2,0.774,0.432,0.568,0,0,0.0,5,DESCENT_PHASE,-0.0206,-0.0178
598,19.056,0.5044,-3.5353,2.3885,-0.0202,-0.0186,-0.1017,2.368,0.118,2.192,0.3973,-3.5847,0.2,0.0,0.0,0.0,0.0086,0.008,-0.9611,0.9612,-0.0116,1,1,2,0.772,0.428,0.572,0,0,0.0,5,DESCENT_PHASE,-0.0202,-0.0186
599,19.099,0.504,-3.5357,2.3863,-0.0185,-0.0178,-0.1074,2.366,0.117,2.189,0.3973,-3.5847,0.2,0.0,0.0,0.0,0.0079,0.0076,-0.9515,0.9515,0.0169,1,1,2,0.774,0.431,0.569,0,0,0.0,5,DESCENT_PHASE,-0.0185,-0.0178
600,19.137,0.5037,-3.536,2.3841,-0.0181,-0.018,-0.1109,2.364,0.117,2.187,0.3973,-3.5847,0.2,0.0,0.0,0.0,0.0078,0.0077,-0.9455,0.9456,-0.0147,1,1,2,0.772,0.426,0.574,0,0,0.0,5,DESCENT_PHASE,-0.0181,-0.018
601,19.177,0.5033,-3.5364,2.3818,-0.0168,-0.0167,-0.1131,2.362,0.117,2.185,0.3973,-3.5847,0.2,0.0,0.0,0.0,0.0072,0.0072,-0.9417,0.9417,0.0138,1,1,2,0.773,0.428,0.572,0,0,0.0,5,DESCENT_PHASE,-0.0168,-0.0167
602,19.216,0.503,-3.5367,2.3795,-0.0172,-0.0167,-0.1147,2.36,0.116,2.183,0.3973,-3.5847,0.2,0.0,0.0,0.0,0.0074,0.0072,-0.9391,0.9391,-0.0167,1,1,2,0.772,0.426,0.574,0,0,0.0,5,DESCENT_PHASE,-0.0172,-0.0167
603,19.256,0.5027,-3.537,2.3772,-0.0169,-0.0155,-0.1155,2.357,0.116,2.18,0.3973,-3.5847,0.2,0.0,0.0,0.0,0.0073,0.0067,-0.9376,0.9377,0.0116,1,1,2,0.775,0.432,0.568,0,0,0.0,5,DESCENT_PHASE,-0.0169,-0.0155
604,19.296,0.5023,-3.5373,2.3749,-0.0173,-0.0158,-0.116,2.355,0.115,2.178,0.3973,-3.5847,0.2,0.0,0.0,0.0,0.0074,0.0068,-0.9368,0.9368,-0.0197,1,1,2,0.774,0.429,0.571,0,0,0.0,5,DESCENT_PHASE,-0.0173,-0.0158
605,19.334,0.502,-3.5376,2.3726,-0.016,-0.015,-0.1164,2.353,0.115,2.176,0.3973,-3.5847,0.2,0.0,0.0,0.0,0.0069,0.0064,-0.9362,0.9362,0.0086,1,1,2,0.776,0.434,0.566,0,0,0.0,5,DESCENT_PHASE,-0.016,-0.015
606,19.373,0.5017,-3.538,2.3702,-0.0157,-0.0159,-0.1167,2.35,0.114,2.173,0.3973,-3.5847,0.2,0.0,0.0,0.0,0.0068,0.0068,-0.9357,0.9357,-0.0108,1,1,2,0.774,0.429,0.571,0,0,0.0,5,DESCENT_PHASE,-0.0157,-0.0159
607,19.413,0.5014,-3.5383,2.3679,-0.0141,-0.0161,-0.1168,2.348,0.114,2.171,0.3973,-3.5847,0.2,0.0,0.0,0.0,0.0061,0.0069,-0.9355,0.9355,0.0175,1,1,2,0.776,0.434,0.566,0,0,0.0,5,DESCENT_PHASE,-0.0141,-0.0161
608,19.453,0.5011,-3.5386,2.3656,-0.0138,-0.0171,-0.1168,2.346,0.114,2.169,0.3973,-3.5847,0.2,0.0,0.0,0.0,0.0059,0.0074,-0.9354,0.9354,-0.0137,1,1,2,0.774,0.428,0.572,0,0,0.0,5,DESCENT_PHASE,-0.0138,-0.0171
609,19.491,0.5009,-3.539,2.3632,-0.0123,-0.0168,-0.1169,2.343,0.113,2.166,0.3973,-3.5847,0.2,0.0,0.0,0.0,0.0053,0.0072,-0.9353,0.9354,0.0144,1,1,2,0.775,0.431,0.569,0,0,0.0,5,DESCENT_PHASE,-0.0123,-0.0168
610,19.53,0.5006,-3.5393,2.3609,-0.0125,-0.0175,-0.1169,2.341,0.113,2.164,0.3973,-3.5847,0.2,0.0,0.0,0.0,0.0054,0.0075,-0.9352,0.9353,-0.0163,1,1,2,0.773,0.426,0.574,0,0,0.0,5,DESCENT_PHASE,-0.0125,-0.0175
611,19.57,0.5004,-3.5396,2.3586,-0.012,-0.0171,-0.117,2.339,0.113,2.161,0.3973,-3.5847,0.2,0.0,0.0,0.0,0.0051,0.0073,-0.9352,0.9352,0.0115,1,1,2,0.774,0.429,0.571,0,0,0.0,5,DESCENT_PHASE,-0.012,-0.0171
612,19.611,0.5001,-3.54,2.3562,-0.0129,-0.018,-0.117,2.336,0.112,2.159,0.3973,-3.5847,0.2,0.0,0.0,0.0,0.0056,0.0077,-0.9351,0.9351,-0.0182,1,1,2,0.773,0.424,0.576,0,0,0.0,5,DESCENT_PHASE,-0.0129,-0.018
613,19.65,0.4999,-3.5404,2.3539,-0.0132,-0.018,-0.117,2.334,0.112,2.157,0.3973,-3.5847,0.2,0.0,0.0,0.0,0.0057,0.0077,-0.935,0.9351,0.0095,1,1,2,0.774,0.428,0.572,0,0,0.0,5,DESCENT_PHASE,-0.0132,-0.018
614,19.691,0.4996,-3.5408,2.3515,-0.0147,-0.0194,-0.1171,2.332,0.111,2.154,0.3973,-3.5847,0.2,0.0,0.0,0.0,0.0063,0.0083,-0.9349,0.9349,-0.0069,1,1,2,0.772,0.423,0.577,0,0,0.0,5,DESCENT_PHASE,-0.0147,-0.0194
615,19.729,0.4993,-3.5412,2.3492,-0.0153,-0.0201,-0.1171,2.329,0.111,2.152,0.3973,-3.5847,0.2,0.0,0.0,0.0,0.0066,0.0086,-0.9349,0.935,0.0206,1,1,2,0.774,0.426,0.574,0,0,0.0,5,DESCENT_PHASE,-0.0153,-0.0201
616,19.767,0.4989,-3.5416,2.3468,-0.0174,-0.0213,-0.1172,2.327,0.11,2.15,0.3973,-3.5847,0.2,0.0,0.0,0.0,0.0075,0.0092,-0.9347,0.9348,-0.0091,1,1,2,0.773,0.425,0.575,0,0,0.0,5,DESCENT_PHASE,-0.0174,-0.0213
617,19.804,0.4985,-3.542,2.3445,-0.0188,-0.0209,-0.1172,2.325,0.11,2.147,0.3973,-3.5847,0.2,0.0,0.0,0.0,0.0081,0.009,-0.9348,0.9349,0.0181,1,1,2,0.776,0.433,0.567,0,0,0.0,5,DESCENT_PHASE,-0.0188,-0.0209
618,19.845,0.4981,-3.5424,2.3422,-0.0205,-0.0212,-0.1171,2.322,0.109,2.145,0.3973,-3.5847,0.2,0.0,0.0,0.0,0.0088,0.0091,-0.935,0.9351,-0.0122,1,1,2,0.776,0.431,0.569,0,0,0.0,5,DESCENT_PHASE,-0.0205,-0.0212
619,19.885,0.4977,-3.5428,2.3398,-0.0201,-0.02,-0.117,2.32,0.109,2.143,0.3973,-3.5847,0.2,0.0,0.0,0.0,0.0087,0.0086,-0.9351,0.9352,0.0153,1,1,2,0.778,0.432,0.568,0,0,0.0,5,DESCENT_PHASE,-0.0201,-0.02
620,19.923,0.4973,-3.5432,2.3375,-0.0205,-0.0198,-0.1169,2.317,0.108,2.14,0.3973,-3.5847,0.2,0.0,0.0,0.0,0.0088,0.0085,-0.9352,0.9353,-0.0152,1,1,2,0.777,0.433,0.567,0,0,0.0,5,DESCENT_PHASE,-0.0205,-0.0198
621,19.96,0.4969,-3.5436,2.3351,-0.0191,-0.0183,-0.1169,2.315,0.108,2.138,0.3973,-3.5847,0.2,0.0,0.0,0.0,0.0082,0.0079,-0.9352,0.9353,0.0125,1,1,2,0.779,0.425,0.575,0,0,0.0,5,DESCENT_PHASE,-0.0191,-0.0183
622,19.997,0.4966,-3.5439,2.3328,-0.0188,-0.0181,-0.1169,2.313,0.107,2.136,0.3973,-3.5847,0.2,0.0,0.0,0.0,0.0081,0.0078,-0.9353,0.9353,-0.0182,1,1,2,0.778,0.434,0.566,0,0,0.0,5,DESCENT_PHASE,-0.0188,-0.0181
623,20.034,0.4962,-3.5443,2.3305,-0.0171,-0.0169,-0.1169,2.31,0.107,2.133,0.3973,-3.5847,0.2,0.0,0.0,0.0,0.0074,0.0073,-0.9352,0.9353,0.0097,1,1,2,0.779,0.433,0.567,0,0,0.0,5,DESCENT_PHASE,-0.0171,-0.0169
624,20.071,0.4959,-3.5446,2.3281,-0.0168,-0.0172,-0.1169,2.308,0.106,2.131,0.3973,-3.5847,0.2,0.0,0.0,0.0,0.0072,0.0074,-0.9352,0.9353,-0.0169,1,1,2,0.777,0.432,0.568,0,0,0.0,5,DESCENT_PHASE,-0.0168,-0.0172
625,20.108,0.4956,-3.545,2.3258,-0.0155,-0.0166,-0.117,2.306,0.106,2.128,0.3973,-3.5847,0.2,0.0,0.0,0.0,0.0067,0.0072,-0.9352,0.9352,0.0109,1,1,2,0.778,0.435,0.565,0,0,0.0,5,DESCENT_PHASE,-0.0155,-0.0166
626,20.149,0.4953,-3.5453,2.3235,-0.0158,-0.0175,-0.1171,2.303,0.106,2.126,0.3973,-3.5847,0.2,0.0,0.0,0.0,0.0068,0.0075,-0.935,0.935,-0.0168,1,1,2,0.777,0.431,0.569,0,0,0.0,5,DESCENT_PHASE,-0.0158,-0.0175
627,20.188,0.495,-3.5457,2.3211,-0.0155,-0.0174,-0.1171,2.301,0.105,2.124,0.3973,-3.5847,0.2,0.0,0.0,0.0,0.0067,0.0075,-0.935,0.9351,0.0109,1,1,2,0.779,0.436,0.564,0,0,0.0,5,DESCENT_PHASE,-0.0155,-0.0174
628,20.23,0.4946,-3.546,2.3188,-0.0162,-0.0188,-0.1171,2.299,0.105,2.121,0.3973,-3.5847,0.2,0.0,0.0,0.0,0.007,0.0081,-0.935,0.935,-0.0137,1,1,2,0.778,0.432,0.568,0,0,0.0,5,DESCENT_PHASE,-0.0162,-0.0188
629,20.27,0.4943,-3.5464,2.3164,-0.0156,-0.0192,-0.1171,2.296,0.104,2.119,0.3973,-3.5847,0.2,0.0,0.0,0.0,0.0067,0.0083,-0.935,0.9351,0.0141,1,1,2,0.779,0.436,0.564,0,0,0.0,5,DESCENT_PHASE,-0.0156,-0.0192
630,20.31,0.494,-3.5468,2.3141,-0.0162,-0.0208,-0.117,2.294,0.104,2.117,0.3973,-3.5847,0.2,0.0,0.0,0.0,0.007,0.009,-0.9351,0.9351,-0.0167,1,1,2,0.777,0.43,0.57,0,0,0.0,5,DESCENT_PHASE,-0.0162,-0.0208
631,20.348,0.4937,-3.5473,2.3117,-0.0159,-0.0212,-0.117,2.292,0.103,2.114,0.3973,-3.5847,0.2,0.0,0.0,0.0,0.0068,0.0091,-0.935,0.9351,0.0112,1,1,2,0.778,0.433,0.567,0,0,0.0,5,DESCENT_PHASE,-0.0159,-0.0212
632,20.387,0.4933,-3.5477,2.3094,-0.0171,-0.023,-0.1173,2.289,0.103,2.112,0.3973,-3.5847,0.2,0.0,0.0,0.0,0.0074,0.0099,-0.9346,0.9347,-0.0067,1,1,2,0.778,0.431,0.569,0,0,0.0,5,DESCENT_PHASE,-0.0171,-0.023
633,20.426,0.493,-3.5482,2.3071,-0.0177,-0.0238,-0.1172,2.287,0.102,2.11,0.3973,-3.5847,0.2,0.0,0.0,0.0,0.0076,0.0103,-0.9348,0.9349,0.0211,1,1,2,0.781,0.438,0.562,0,0,0.0,5,DESCENT_PHASE,-0.0177,-0.0238
634,20.464,0.4926,-3.5487,2.3047,-0.0188,-0.0252,-0.1171,2.285,0.102,2.107,0.3973,-3.5847,0.2,0.0,0.0,0.0,0.0081,0.0109,-0.935,0.9351,-0.0099,1,1,2,0.78,0.436,0.564,0,0,0.0,5,DESCENT_PHASE,-0.0188,-0.0252
635,20.503,0.4922,-3.5492,2.3024,-0.0179,-0.0249,-0.117,2.282,0.101,2.105,0.3973,-3.5847,0.2,0.0,0.0,0.0,0.0077,0.0108,-0.935,0.9351,0.0184,1,1,2,0.782,0.424,0.576,0,0,0.0,5,DESCENT_PHASE,-0.0179,-0.0249
636,20.541,0.4919,-3.5497,2.3,-0.0179,-0.0254,-0.117,2.28,0.101,2.102,0.3973,-3.5847,0.2,0.0,0.0,0.0,0.0077,0.011,-0.9352,0.9353,-0.0131,1,1,2,0.781,0.438,0.562,0,0,0.0,5,DESCENT_PHASE,-0.0179,-0.0254
637,20.58,0.4916,-3.5502,2.2977,-0.0163,-0.0244,-0.1169,2.278,0.1,2.1,0.3973,-3.5847,0.2,0.0,0.0,0.0,0.0071,0.0105,-0.9352,0.9353,0.0155,1,1,2,0.783,0.425,0.575,0,0,0.0,5,DESCENT_PHASE,-0.0163,-0.0244
638,20.619,0.4912,-3.5507,2.2954,-0.0159,-0.0244,-0.1169,2.275,0.1,2.098,0.3973,-3.5847,0.2,0.0,0.0,0.0,0.0069,0.0105,-0.9353,0.9353,-0.0162,1,1,2,0.781,0.437,0.563,0,0,0.0,5,DESCENT_PHASE,-0.0159,-0.0244
639,20.656,0.491,-3.5511,2.293,-0.0143,-0.0232,-0.1169,2.273,0.099,2.095,0.3973,-3.5847,0.2,0.0,0.0,0.0,0.0062,0.01,-0.9352,0.9353,0.0126,1,1,2,0.782,0.432,0.568,0,0,0.0,5,DESCENT_PHASE,-0.0143,-0.0232
640,20.692,0.4907,-3.5516,2.2907,-0.0142,-0.0233,-0.1169,2.271,0.099,2.093,0.3973,-3.5847,0.2,0.0,0.0,0.0,0.0061,0.0101,-0.9353,0.9353,-0.0194,1,1,2,0.78,0.434,0.566,0,0,0.0,5,DESCENT_PHASE,-0.0142,-0.0233
641,20.729,0.4904,-3.5521,2.2883,-0.0132,-0.0224,-0.1169,2.268,0.099,2.091,0.3973,-3.5847,0.2,0.0,0.0,0.0,0.0057,0.0097,-0.9352,0.9353,0.0095,1,1,2,0.781,0.437,0.563,0,0,0.0,5,DESCENT_PHASE,-0.0132,-0.0224
642,20.764,0.4901,-3.5525,2.286,-0.014,-0.023,-0.1172,2.266,0.098,2.088,0.3973,-3.5847,0.2,0.0,0.0,0.0,0.0061,0.01,-0.9347,0.9348,-0.0066,1,1,2,0.781,0.436,0.564,0,0,0.0,5,DESCENT_PHASE,-0.014,-0.023
643,20.801,0.4898,-3.553,2.2837,-0.0144,-0.0229,-0.1171,2.264,0.098,2.086,0.3973,-3.5847,0.2,0.0,0.0,0.0,0.0062,0.0099,-0.9349,0.9349,0.0223,1,1,2,0.784,0.426,0.574,0,0,0.0,5,DESCENT_PHASE,-0.0144,-0.0229
644,20.836,0.4895,-3.5534,2.2813,-0.0149,-0.0233,-0.117,2.261,0.097,2.084,0.3973,-3.5847,0.2,0.0,0.0,0.0,0.0064,0.0101,-0.935,0.9351,-0.0099,1,1,2,0.783,0.436,0.564,0,0,0.0,5,DESCENT_PHASE,-0.0149,-0.0233
645,20.87,0.4893,-3.5539,2.279,-0.0136,-0.0219,-0.117,2.259,0.097,2.081,0.3973,-3.5847,0.2,0.0,0.0,0.0,0.0059,0.0095,-0.9351,0.9352,0.0195,1,1,2,0.785,0.422,0.578,0,0,0.0,5,DESCENT_PHASE,-0.0136,-0.0219
646,20.904,0.489,-3.5543,2.2766,-0.0129,-0.0213,-0.1169,2.257,0.097,2.079,0.3973,-3.5847,0.2,0.0,0.0,0.0,0.0056,0.0092,-0.9352,0.9353,-0.0133,1,1,2,0.784,0.426,0.574,0,0,0.0,5,DESCENT_PHASE,-0.0129,-0.0213
647,20.937,0.4888,-3.5547,2.2743,-0.0107,-0.0191,-0.1169,2.254,0.096,2.077,0.3973,-3.5847,0.2,0.0,0.0,0.0,0.0046,0.0083,-0.9352,0.9353,0.0165,1,1,2,0.786,0.424,0.576,0,0,0.0,5,DESCENT_PHASE,-0.0107,-0.0191
648,20.97,0.4886,-3.555,2.272,-0.0094,-0.018,-0.1173,2.252,0.096,2.074,0.3973,-3.5847,0.2,0.0,0.0,0.0,0.0041,0.0078,-0.9345,0.9346,-0.0159,1,1,2,0.785,0.427,0.573,0,0,0.0,5,DESCENT_PHASE,-0.0094,-0.018
649,21.005,0.4885,-3.5554,2.2696,-0.007,-0.0155,-0.1172,2.25,0.096,2.072,0.3973,-3.5847,0.2,0.0,0.0,0.0,0.003,0.0067,-0.9348,0.9348,0.0141,1,1,2,0.786,0.423,0.577,0,0,0.0,5,DESCENT_PHASE,-0.007,-0.0155
650,21.039,0.4884,-3.5556,2.2673,-0.0059,-0.0143,-0.1171,2.247,0.096,2.069,0.3973,-3.5847,0.2,0.0,0.0,0.0,0.0025,0.0062,-0.935,0.935,-0.0192,1,1,2,0.784,0.433,0.567,0,0,0.0,5,DESCENT_PHASE,-0.0059,-0.0143
651,21.074,0.4883,-3.5559,2.2649,-0.0038,-0.012,-0.117,2.245,0.095,2.067,0.3973,-3.5847,0.2,0.0,0.0,0.0,0.0016,0.0052,-0.935,0.935,0.0109,1,1,2,0.785,0.427,0.573,0,0,0.0,5,DESCENT_PHASE,-0.0038,-0.012
652,21.107,0.4882,-3.5561,2.2626,-0.0032,-0.0112,-0.1172,2.243,0.095,2.065,0.3973,-3.5847,0.2,0.0,0.0,0.0,0.0014,0.0049,-0.9347,0.9347,-0.022,1,1,2,0.783,0.438,0.562,0,0,0.0,5,DESCENT_PHASE,-0.0032,-0.0112
653,21.141,0.4882,-3.5563,2.2602,-0.0021,-0.0096,-0.1171,2.24,0.095,2.062,0.3973,-3.5847,0.2,0.0,0.0,0.0,0.0009,0.0041,-0.9349,0.9349,0.0079,1,1,2,0.783,0.44,0.56,0,0,0.0,5,DESCENT_PHASE,-0.0021,-0.0096
654,21.174,0.4881,-3.5565,2.2579,-0.0028,-0.0097,-0.1173,2.238,0.095,2.06,0.3973,-3.5847,0.2,0.0,0.0,0.0,0.0012,0.0042,-0.9347,0.9347,-0.0174,1,1,2,0.783,0.437,0.563,0,0,0.0,5,DESCENT_PHASE,-0.0028,-0.0097
655,21.208,0.4881,-3.5567,2.2555,-0.0032,-0.0092,-0.1171,2.236,0.095,2.058,0.3973,-3.5847,0.2,0.0,0.0,0.0,0.0014,0.004,-0.9349,0.9349,0.0121,1,1,2,0.785,0.43,0.57,0,0,0.0,5,DESCENT_PHASE,-0.0032,-0.0092
656,21.242,0.488,-3.5569,2.2532,-0.0043,-0.0102,-0.1171,2.233,0.095,2.055,0.3973,-3.5847,0.2,0.0,0.0,0.0,0.0018,0.0044,-0.935,0.935,-0.0207,1,1,2,0.784,0.44,0.56,0,0,0.0,5,DESCENT_PHASE,-0.0043,-0.0102
657,21.276,0.4879,-3.5571,2.2509,-0.0038,-0.0101,-0.117,2.231,0.095,2.053,0.3973,-3.5847,0.2,0.0,0.0,0.0,0.0016,0.0044,-0.935,0.9351,0.0089,1,1,2,0.786,0.431,0.569,0,0,0.0,5,DESCENT_PHASE,-0.0038,-0.0101
658,21.311,0.4878,-3.5573,2.2485,-0.0042,-0.0117,-0.1171,2.229,0.095,2.051,0.3973,-3.5847,0.2,0.0,0.0,0.0,0.0018,0.0051,-0.9349,0.9349,-0.0102,1,1,2,0.784,0.44,0.56,0,0,0.0,5,DESCENT_PHASE,-0.0042,-0.0117
659,21.345,0.4877,-3.5576,2.2462,-0.0034,-0.0126,-0.1171,2.226,0.094,2.048,0.3973,-3.5847,0.2,0.0,0.0,0.0,0.0015,0.0055,-0.935,0.935,0.0194,1,1,2,0.786,0.431,0.569,0,0,0.0,5,DESCENT_PHASE,-0.0034,-0.0126
660,21.378,0.4877,-3.5579,2.2438,-0.0038,-0.0143,-0.117,2.224,0.094,2.046,0.3973,-3.5847,0.2,0.0,0.0,0.0,0.0017,0.0062,-0.9351,0.9351,-0.0133,1,1,2,0.784,0.439,0.561,0,0,0.0,5,DESCENT_PHASE,-0.0038,-0.0143
661,21.412,0.4876,-3.5581,2.2415,-0.0033,-0.0145,-0.117,2.222,0.094,2.044,0.3973,-3.5847,0.2,0.0,0.0,0.0,0.0014,0.0063,-0.9351,0.9351,0.0162,1,1,2,0.785,0.442,0.558,0,0,0.0,5,DESCENT_PHASE,-0.0033,-0.0145
662,21.445,0.4875,-3.5585,2.2392,-0.0044,-0.0157,-0.117,2.219,0.094,2.041,0.3973,-3.5847,0.2,0.0,0.0,0.0,0.0019,0.0068,-0.935,0.9351,-0.016,1,1,2,0.783,0.436,0.564,0,0,0.0,5,DESCENT_PHASE,-0.0044,-0.0157
663,21.48,0.4874,-3.5588,2.2368,-0.0049,-0.0156,-0.117,2.217,0.094,2.039,0.3973,-3.5847,0.2,0.0,0.0,0.0,0.0021,0.0068,-0.935,0.9351,0.0134,1,1,2,0.785,0.439,0.561,0,0,0.0,5,DESCENT_PHASE,-0.0049,-0.0156
664,21.514,0.4873,-3.5591,2.2345,-0.0069,-0.0168,-0.1171,2.214,0.094,2.037,0.3973,-3.5847,0.2,0.0,0.0,0.0,0.003,0.0073,-0.9349,0.935,-0.0183,1,1,2,0.783,0.435,0.565,0,0,0.0,5,DESCENT_PHASE,-0.0069,-0.0168
665,21.55,0.4871,-3.5595,2.2321,-0.0082,-0.0169,-0.1171,2.212,0.093,2.034,0.3973,-3.5847,0.2,0.0,0.0,0.0,0.0035,0.0073,-0.9349,0.935,0.0109,1,1,2,0.785,0.439,0.561,0,0,0.0,5,DESCENT_PHASE,-0.0082,-0.0169
666,21.584,0.4869,-3.5598,2.2298,-0.0106,-0.0186,-0.1172,2.21,0.093,2.032,0.3973,-3.5847,0.2,0.0,0.0,0.0,0.0046,0.008,-0.9348,0.9349,-0.0111,1,1,2,0.783,0.434,0.566,0,0,0.0,5,DESCENT_PHASE,-0.0106,-0.0186
667,21.619,0.4867,-3.5602,2.2275,-0.0119,-0.0193,-0.1172,2.207,0.093,2.03,0.3973,-3.5847,0.2,0.0,0.0,0.0,0.0052,0.0083,-0.9348,0.9349,0.0181,1,1,2,0.784,0.438,0.562,0,0,0.0,5,DESCENT_PHASE,-0.0119,-0.0193
668,21.653,0.4864,-3.5606,2.2251,-0.0147,-0.0209,-0.1173,2.205,0.092,2.027,0.3973,-3.5847,0.2,0.0,0.0,0.0,0.0064,0.0091,-0.9346,0.9347,-0.0126,1,1,2,0.784,0.436,0.564,0,0,0.0,5,DESCENT_PHASE,-0.0147,-0.0209
669,21.687,0.486,-3.561,2.2228,-0.0168,-0.021,-0.1172,2.203,0.092,2.025,0.3973,-3.5847,0.2,0.0,0.0,0.0,0.0073,0.0091,-0.9347,0.9348,0.0165,1,1,2,0.787,0.443,0.557,0,0,0.0,5,DESCENT_PHASE,-0.0168,-0.021
670,21.72,0.4856,-3.5615,2.2204,-0.0192,-0.0222,-0.1171,2.2,0.091,2.022,0.3973,-3.5847,0.2,0.0,0.0,0.0,0.0083,0.0096,-0.9349,0.935,-0.0159,1,1,2,0.786,0.441,0.559,0,0,0.0,5,DESCENT_PHASE,-0.0192,-0.0222
671,21.754,0.4852,-3.5619,2.2181,-0.0197,-0.022,-0.1171,2.198,0.091,2.02,0.3973,-3.5847,0.2,0.0,0.0,0.0,0.0086,0.0096,-0.9349,0.935,0.0135,1,1,2,0.788,0.433,0.567,0,0,0.0,5,DESCENT_PHASE,-0.0197,-0.022
672,21.787,0.4848,-3.5624,2.2157,-0.0209,-0.0232,-0.1171,2.196,0.09,2.018,0.3973,-3.5847,0.2,0.0,0.0,0.0,0.0091,0.01,-0.935,0.9351,-0.0175,1,1,2,0.787,0.443,0.557,0,0,0.0,5,DESCENT_PHASE,-0.0209,-0.0232
673,21.822,0.4844,-3.5629,2.2134,-0.0206,-0.0232,-0.117,2.193,0.09,2.015,0.3973,-3.5847,0.2,0.0,0.0,0.0,0.009,0.0101,-0.935,0.9351,0.0122,1,1,2,0.789,0.434,0.566,0,0,0.0,5,DESCENT_PHASE,-0.0206,-0.0232
674,21.856,0.484,-3.5634,2.211,-0.0213,-0.0246,-0.1175,2.191,0.089,2.013,0.3973,-3.5847,0.2,0.0,0.0,0.0,0.0093,0.0107,-0.9342,0.9343,-0.0095,1,1,2,0.788,0.443,0.557,0,0,0.0,5,DESCENT_PHASE,-0.0213,-0.0246
675,21.889,0.4836,-3.5639,2.2087,-0.0208,-0.0251,-0.1173,2.189,0.089,2.011,0.3973,-3.5847,0.2,0.0,0.0,0.0,0.009,0.0109,-0.9345,0.9346,0.0202,1,1,2,0.789,0.434,0.566,0,0,0.0,5,DESCENT_PHASE,-0.0208,-0.0251
676,21.923,0.4831,-3.5644,2.2064,-0.0216,-0.0263,-0.1172,2.186,0.088,2.008,0.3973,-3.5847,0.2,0.0,0.0,0.0,0.0094,0.0114,-0.9347,0.9348,-0.0124,1,1,2,0.787,0.443,0.557,0,0,0.0,5,DESCENT_PHASE,-0.0216,-0.0263
677,21.956,0.4827,-3.5649,2.204,-0.0214,-0.0259,-0.1171,2.184,0.088,2.006,0.3973,-3.5847,0.2,0.0,0.0,0.0,0.0093,0.0112,-0.9349,0.935,0.0171,1,1,2,0.789,0.442,0.558,0,0,0.0,5,DESCENT_PHASE,-0.0214,-0.0259
678,21.989,0.4823,-3.5654,2.2017,-0.0226,-0.0265,-0.1172,2.182,0.087,2.004,0.3973,-3.5847,0.2,0.0,0.0,0.0,0.0098,0.0115,-0.9348,0.9349,-0.0143,1,1,2,0.788,0.444,0.556,0,0,0.0,5,DESCENT_PHASE,-0.0226,-0.0265
679,22.024,0.4818,-3.5659,2.1993,-0.023,-0.0257,-0.1171,2.179,0.087,2.001,0.3973,-3.5847,0.2,0.0,0.0,0.0,0.01,0.0112,-0.9349,0.935,0.0149,1,1,2,0.79,0.432,0.568,0,0,0.0,5,DESCENT_PHASE,-0.023,-0.0257
680,22.058,0.4813,-3.5665,2.197,-0.0241,-0.026,-0.117,2.177,0.086,1.999,0.3973,-3.5847,0.2,0.0,0.0,0.0,0.0105,0.0113,-0.9351,0.9352,-0.0175,1,1,2,0.789,0.446,0.554,0,0,0.0,5,DESCENT_PHASE,-0.0241,-0.026
681,22.094,0.4808,-3.567,2.1946,-0.0236,-0.0252,-0.117,2.175,0.085,1.996,0.3973,-3.5847,0.2,0.0,0.0,0.0,0.0103,0.0109,-0.9351,0.9352,0.0118,1,1,2,0.791,0.429,0.571,0,0,0.0,5,DESCENT_PHASE,-0.0236,-0.0252
682,22.128,0.4804,-3.5675,2.1923,-0.0242,-0.0257,-0.117,2.172,0.085,1.994,0.3973,-3.5847,0.2,0.0,0.0,0.0,0.0105,0.0112,-0.935,0.9352,-0.0132,1,1,2,0.789,0.446,0.554,0,0,0.0,5,DESCENT_PHASE,-0.0242,-0.0257
683,22.163,0.4799,-3.568,2.19,-0.0236,-0.0253,-0.117,2.17,0.084,1.992,0.3973,-3.5847,0.2,0.0,0.0,0.0,0.0103,0.011,-0.9351,0.9352,0.016,1,1,2,0.791,0.436,0.564,0,0,0.0,5,DESCENT_PHASE,-0.0236,-0.0253
684,22.197,0.4794,-3.5685,2.1876,-0.0244,-0.026,-0.1171,2.168,0.084,1.989,0.3973,-3.5847,0.2,0.0,0.0,0.0,0.0106,0.0113,-0.935,0.9351,-0.0155,1,1,2,0.79,0.446,0.554,0,0,0.0,5,DESCENT_PHASE,-0.0244,-0.026
685,22.233,0.4789,-3.569,2.1853,-0.0243,-0.0254,-0.117,2.165,0.083,1.987,0.3973,-3.5847,0.2,0.0,0.0,0.0,0.0106,0.011,-0.935,0.9351,0.0136,1,1,2,0.792,0.43,0.57,0,0,0.0,5,DESCENT_PHASE,-0.0243,-0.0254
686,22.269,0.4784,-3.5695,2.1829,-0.0251,-0.026,-0.117,2.163,0.083,1.985,0.3973,-3.5847,0.2,0.0,0.0,0.0,0.0109,0.0113,-0.9351,0.9353,-0.0186,1,1,2,0.791,0.443,0.557,0,0,0.0,5,DESCENT_PHASE,-0.0251,-0.026
687,22.306,0.4779,-3.57,2.1806,-0.0244,-0.0255,-0.117,2.161,0.082,1.982,0.3973,-3.5847,0.2,0.0,0.0,0.0,0.0106,0.0111,-0.9351,0.9352,0.0105,1,1,2,0.792,0.43,0.57,0,0,0.0,5,DESCENT_PHASE,-0.0244,-0.0255
688,22.342,0.4774,-3.5706,2.1783,-0.0249,-0.0266,-0.1171,2.158,0.081,1.98,0.3973,-3.5847,0.2,0.0,0.0,0.0,0.0109,0.0116,-0.9349,0.9351,-0.0054,1,1,2,0.79,0.447,0.553,0,0,0.0,5,DESCENT_PHASE,-0.0249,-0.0266
689,22.378,0.4769,-3.5711,2.1759,-0.0244,-0.0268,-0.1171,2.156,0.081,1.978,0.3973,-3.5847,0.2,0.0,0.0,0.0,0.0106,0.0117,-0.935,0.9351,0.0236,1,1,2,0.792,0.433,0.567,0,0,0.0,5,DESCENT_PHASE,-0.0244,-0.0268
690,22.413,0.4764,-3.5717,2.1736,-0.0253,-0.0274,-0.1171,2.154,0.08,1.975,0.3973,-3.5847,0.2,0.0,0.0,0.0,0.011,0.0119,-0.9349,0.935,-0.0072,1,1,2,0.791,0.444,0.556,0,0,0.0,5,DESCENT_PHASE,-0.0253,-0.0274
691,22.45,0.4759,-3.5722,2.1712,-0.0254,-0.0261,-0.1171,2.151,0.08,1.973,0.3973,-3.5847,0.2,0.0,0.0,0.0,0.0111,0.0114,-0.935,0.9351,0.0216,1,1,2,0.794,0.43,0.57,0,0,0.0,5,DESCENT_PHASE,-0.0254,-0.0261
692,22.488,0.4754,-3.5727,2.1689,-0.026,-0.0254,-0.117,2.149,0.079,1.97,0.3973,-3.5847,0.2,0.0,0.0,0.0,0.0113,0.0111,-0.9352,0.9353,-0.0105,1,1,2,0.793,0.436,0.564,0,0,0.0,5,DESCENT_PHASE,-0.026,-0.0254
693,22.524,0.4749,-3.5731,2.1666,-0.0248,-0.0229,-0.1169,2.147,0.078,1.968,0.3973,-3.5847,0.2,0.0,0.0,0.0,0.0108,0.01,-0.9352,0.9353,0.0186,1,1,2,0.795,0.43,0.57,0,0,0.0,5,DESCENT_PHASE,-0.0248,-0.0229
694,22.562,0.4744,-3.5736,2.1642,-0.0245,-0.0213,-0.1169,2.144,0.078,1.966,0.3973,-3.5847,0.2,0.0,0.0,0.0,0.0107,0.0093,-0.9353,0.9354,-0.0137,1,1,2,0.794,0.429,0.571,0,0,0.0,5,DESCENT_PHASE,-0.0245,-0.0213
695,22.598,0.474,-3.5739,2.1619,-0.0227,-0.0181,-0.1169,2.142,0.077,1.963,0.3973,-3.5847,0.2,0.0,0.0,0.0,0.0099,0.0079,-0.9353,0.9354,0.0156,1,1,2,0.795,0.43,0.57,0,0,0.0,5,DESCENT_PHASE,-0.0227,-0.0181
696,22.632,0.4735,-3.5743,2.1595,-0.0221,-0.0161,-0.1169,2.14,0.077,1.961,0.3973,-3.5847,0.2,0.0,0.0,0.0,0.0096,0.007,-0.9353,0.9354,-0.0168,1,1,2,0.794,0.436,0.564,0,0,0.0,5,DESCENT_PHASE,-0.0221,-0.0161
697,22.668,0.4731,-3.5745,2.1572,-0.0203,-0.0128,-0.1169,2.137,0.077,1.959,0.3973,-3.5847,0.2,0.0,0.0,0.0,0.0089,0.0056,-0.9353,0.9353,0.0125,1,1,2,0.795,0.428,0.572,0,0,0.0,5,DESCENT_PHASE,-0.0203,-0.0128
698,22.702,0.4727,-3.5747,2.1549,-0.0201,-0.0109,-0.117,2.135,0.076,1.956,0.3973,-3.5847,0.2,0.0,0.0,0.0,0.0088,0.0047,-0.9352,0.9352,-0.0194,1,1,2,0.794,0.435,0.565,0,0,0.0,5,DESCENT_PHASE,-0.0201,-0.0109
699,22.737,0.4723,-3.5749,2.1525,-0.0191,-0.0079,-0.117,2.133,0.076,1.954,0.3973,-3.5847,0.2,0.0,0.0,0.0,0.0083,0.0035,-0.9351,0.9352,0.0098,1,1,2,0.795,0.431,0.569,0,0,0.0,5,DESCENT_PHASE,-0.0191,-0.0079
700,22.771,0.4719,-3.575,2.1502,-0.0193,-0.0066,-0.1169,2.13,0.075,1.952,0.3973,-3.5847,0.2,0.0,0.0,0.0,0.0084,0.0029,-0.9352,0.9352,-0.0226,1,1,2,0.793,0.446,0.554,0,0,0.0,5,DESCENT_PHASE,-0.0193,-0.0066
701,22.809,0.4716,-3.5751,2.1478,-0.0186,-0.0044,-0.117,2.128,0.075,1.949,0.3973,-3.5847,0.2,0.0,0.0,0.0,0.0081,0.0019,-0.9352,0.9352,0.0067,1,1,2,0.794,0.436,0.564,0,0,0.0,5,DESCENT_PHASE,-0.0186,-0.0044
702,22.842,0.4712,-3.5752,2.1455,-0.0194,-0.0041,-0.1175,2.125,0.075,1.947,0.3973,-3.5847,0.2,0.0,0.0,0.0,0.0085,0.0018,-0.9343,0.9343,-0.0211,1,1,2,0.794,0.439,0.561,0,0,0.0,5,DESCENT_PHASE,-0.0194,-0.0041
703,22.878,0.4708,-3.5753,2.1432,-0.0196,-0.0033,-0.1173,2.123,0.074,1.945,0.3973,-3.5847,0.2,0.0,0.0,0.0,0.0086,0.0014,-0.9346,0.9346,0.008,1,1,2,0.797,0.43,0.57,0,0,0.0,5,DESCENT_PHASE,-0.0196,-0.0033
704,22.912,0.4704,-3.5753,2.1408,-0.0201,-0.0042,-0.1172,2.121,0.074,1.942,0.3973,-3.5847,0.2,0.0,0.0,0.0,0.0088,0.0018,-0.9348,0.9348,-0.0185,1,1,2,0.796,0.431,0.569,0,0,0.0,5,DESCENT_PHASE,-0.0201,-0.0042
705,22.948,0.47,-3.5754,2.1385,-0.0188,-0.0044,-0.1171,2.118,0.073,1.94,0.3973,-3.5847,0.2,0.0,0.0,0.0,0.0082,0.0019,-0.9349,0.935,0.0108,1,1,2,0.798,0.43,0.57,0,0,0.0,5,DESCENT_PHASE,-0.0188,-0.0044
706,22.983,0.4697,-3.5756,2.1361,-0.018,-0.0062,-0.117,2.116,0.073,1.937,0.3973,-3.5847,0.2,0.0,0.0,0.0,0.0079,0.0027,-0.935,0.9351,-0.0216,1,1,2,0.797,0.43,0.57,0,0,0.0,5,DESCENT_PHASE,-0.018,-0.0062
707,23.02,0.4693,-3.5757,2.1338,-0.0158,-0.007,-0.117,2.114,0.073,1.935,0.3973,-3.5847,0.2,0.0,0.0,0.0,0.0069,0.0031,-0.9351,0.9351,0.0077,1,1,2,0.799,0.432,0.568,0,0,0.0,5,DESCENT_PHASE,-0.0158,-0.007
708,23.055,0.469,-3.5759,2.1314,-0.0144,-0.0096,-0.1172,2.111,0.072,1.933,0.3973,-3.5847,0.2,0.0,0.0,0.0,0.0063,0.0042,-0.9348,0.9348,-0.0032,1,1,2,0.798,0.43,0.57,0,0,0.0,5,DESCENT_PHASE,-0.0144,-0.0096
709,23.092,0.4688,-3.5761,2.1291,-0.0119,-0.0116,-0.1171,2.109,0.072,1.93,0.3973,-3.5847,0.2,0.0,0.0,0.0,0.0052,0.0051,-0.9349,0.9349,0.0261,1,1,2,0.799,0.428,0.572,0,0,0.0,5,DESCENT_PHASE,-0.0119,-0.0116
710,23.128,0.4686,-3.5764,2.1268,-0.0106,-0.0139,-0.1171,2.107,0.072,1.928,0.3973,-3.5847,0.2,0.0,0.0,0.0,0.0046,0.0061,-0.935,0.935,-0.0063,1,1,2,0.797,0.433,0.567,0,0,0.0,5,DESCENT_PHASE,-0.0106,-0.0139
711,23.164,0.4684,-3.5767,2.1244,-0.0083,-0.014,-0.117,2.104,0.072,1.926,0.3973,-3.5847,0.2,0.0,0.0,0.0,0.0036,0.0061,-0.9351,0.9351,0.0229,1,1,2,0.799,0.429,0.571,0,0,0.0,5,DESCENT_PHASE,-0.0083,-0.014
712,23.2,0.4683,-3.577,2.1221,-0.0075,-0.0147,-0.117,2.102,0.071,1.923,0.3973,-3.5847,0.2,0.0,0.0,0.0,0.0033,0.0064,-0.9351,0.9352,-0.0094,1,1,2,0.796,0.438,0.562,0,0,0.0,5,DESCENT_PHASE,-0.0075,-0.0147
713,23.237,0.4682,-3.5772,2.1197,-0.0061,-0.0135,-0.117,2.1,0.071,1.921,0.3973,-3.5847,0.2,0.0,0.0,0.0,0.0027,0.0059,-0.9352,0.9352,0.0197,1,1,2,0.797,0.435,0.565,0,0,0.0,5,DESCENT_PHASE,-0.0061,-0.0135
714,23.273,0.468,-3.5775,2.1174,-0.0066,-0.013,-0.1171,2.097,0.071,1.919,0.3973,-3.5847,0.2,0.0,0.0,0.0,0.0029,0.0057,-0.9349,0.935,-0.0109,1,1,2,0.797,0.437,0.563,0,0,0.0,5,DESCENT_PHASE,-0.0066,-0.013
715,23.309,0.4679,-3.5777,2.1151,-0.0068,-0.0109,-0.117,2.095,0.071,1.916,0.3973,-3.5847,0.2,0.0,0.0,0.0,0.003,0.0048,-0.935,0.9351,0.0178,1,1,2,0.799,0.432,0.568,0,0,0.0,5,DESCENT_PHASE,-0.0068,-0.0109
716,23.345,0.4677,-3.5779,2.1127,-0.0075,-0.0097,-0.117,2.093,0.071,1.914,0.3973,-3.5847,0.2,0.0,0.0,0.0,0.0033,0.0043,-0.9351,0.9351,-0.0141,1,1,2,0.798,0.432,0.568,0,0,0.0,5,DESCENT_PHASE,-0.0075,-0.0097
717,23.381,0.4676,-3.5781,2.1104,-0.0067,-0.0071,-0.117,2.09,0.071,1.912,0.3973,-3.5847,0.2,0.0,0.0,0.0,0.0029,0.0031,-0.9351,0.9351,0.0148,1,1,2,0.8,0.434,0.566,0,0,0.0,5,DESCENT_PHASE,-0.0067,-0.0071
718,23.417,0.4675,-3.5782,2.108,-0.0068,-0.0056,-0.117,2.088,0.07,1.909,0.3973,-3.5847,0.2,0.0,0.0,0.0,0.003,0.0024,-0.9352,0.9352,-0.0173,1,1,2,0.798,0.437,0.563,0,0,0.0,5,DESCENT_PHASE,-0.0068,-0.0056
719,23.454,0.4674,-3.5782,2.1057,-0.0057,-0.0029,-0.117,2.086,0.07,1.907,0.3973,-3.5847,0.2,0.0,0.0,0.0,0.0025,0.0013,-0.9352,0.9352,0.0118,1,1,2,0.8,0.433,0.567,0,0,0.0,5,DESCENT_PHASE,-0.0057,-0.0029
720,23.491,0.4672,-3.5783,2.1034,-0.0058,-0.0016,-0.117,2.083,0.07,1.905,0.3973,-3.5847,0.2,0.0,0.0,0.0,0.0026,0.0007,-0.9352,0.9352,-0.0204,1,1,2,0.798,0.439,0.561,0,0,0.0,5,DESCENT_PHASE,-0.0058,-0.0016
721,23.529,0.4671,-3.5782,2.101,-0.005,0.0006,-0.117,2.081,0.07,1.902,0.3973,-3.5847,0.2,0.0,0.0,0.0,0.0022,-0.0003,-0.9352,0.9352,0.0087,1,1,2,0.799,0.437,0.563,0,0,0.0,5,DESCENT_PHASE,-0.005,0.0006
722,23.563,0.467,-3.5782,2.0987,-0.0059,0.0012,-0.117,2.079,0.07,1.9,0.3973,-3.5847,0.2,0.0,0.0,0.0,0.0026,-0.0005,-0.9351,0.9351,-0.0229,1,1,2,0.797,0.454,0.546,0,0,0.0,5,DESCENT_PHASE,-0.0059,0.0012
723,23.6,0.4669,-3.5782,2.0963,-0.0061,0.0025,-0.117,2.076,0.07,1.898,0.3973,-3.5847,0.2,0.0,0.0,0.0,0.0027,-0.0011,-0.9351,0.9351,0.0061,1,1,2,0.798,0.439,0.561,0,0,0.0,5,DESCENT_PHASE,-0.0061,0.0025
724,23.635,0.4667,-3.5781,2.094,-0.0077,0.0019,-0.1173,2.074,0.07,1.895,0.3973,-3.5847,0.2,0.0,0.0,0.0,0.0034,-0.0008,-0.9346,0.9346,-0.0206,1,1,2,0.797,0.452,0.548,0,0,0.0,5,DESCENT_PHASE,-0.0077,0.0019
725,23.673,0.4666,-3.5781,2.0917,-0.0085,0.0018,-0.1172,2.072,0.07,1.893,0.3973,-3.5847,0.2,0.0,0.0,0.0,0.0037,-0.0008,-0.9348,0.9348,0.0084,1,1,2,0.798,0.454,0.546,0,0,0.0,5,DESCENT_PHASE,-0.0085,0.0018
726,23.709,0.4664,-3.5781,2.0893,-0.0109,0.0,-0.1173,2.069,0.069,1.891,0.3973,-3.5847,0.2,0.0,0.0,0.0,0.0047,-0.0,-0.9346,0.9346,-0.0192,1,1,2,0.797,0.452,0.548,0,0,0.0,5,DESCENT_PHASE,-0.0109,0.0
727,23.745,0.4661,-3.5781,2.087,-0.0125,-0.0011,-0.1172,2.067,0.069,1.888,0.3973,-3.5847,0.2,0.0,0.0,0.0,0.0055,0.0005,-0.9347,0.9348,0.0095,1,1,2,0.8,0.437,0.563,0,0,0.0,5,DESCENT_PHASE,-0.0125,-0.0011
728,23.779,0.4658,-3.5782,2.0846,-0.0147,-0.0037,-0.1172,2.065,0.069,1.886,0.3973,-3.5847,0.2,0.0,0.0,0.0,0.0064,0.0016,-0.9347,0.9347,-0.0143,1,1,2,0.799,0.442,0.558,0,0,0.0,5,DESCENT_PHASE,-0.0147,-0.0037
729,23.814,0.4655,-3.5783,2.0823,-0.0152,-0.0056,-0.1172,2.062,0.069,1.884,0.3973,-3.5847,0.2,0.0,0.0,0.0,0.0067,0.0025,-0.9348,0.9348,0.0147,1,1,2,0.801,0.436,0.564,0,0,0.0,5,DESCENT_PHASE,-0.0152,-0.0056
730,23.847,0.4652,-3.5785,2.0799,-0.0165,-0.0087,-0.1171,2.06,0.068,1.881,0.3973,-3.5847,0.2,0.0,0.0,0.0,0.0072,0.0038,-0.9349,0.9349,-0.0175,1,1,2,0.8,0.435,0.565,0,0,0.0,5,DESCENT_PHASE,-0.0165,-0.0087
731,23.884,0.4649,-3.5787,2.0776,-0.0164,-0.0106,-0.1171,2.058,0.068,1.879,0.3973,-3.5847,0.2,0.0,0.0,0.0,0.0072,0.0046,-0.9349,0.9349,0.0116,1,1,2,0.801,0.436,0.564,0,0,0.0,5,DESCENT_PHASE,-0.0164,-0.0106
732,23.919,0.4645,-3.579,2.0752,-0.0174,-0.0138,-0.1172,2.055,0.067,1.876,0.3973,-3.5847,0.2,0.0,0.0,0.0,0.0076,0.0061,-0.9347,0.9348,-0.009,1,1,2,0.8,0.443,0.557,0,0,0.0,5,DESCENT_PHASE,-0.0174,-0.0138
733,23.953,0.4642,-3.5793,2.0729,-0.0174,-0.0162,-0.1172,2.053,0.067,1.874,0.3973,-3.5847,0.2,0.0,0.0,0.0,0.0076,0.0071,-0.9348,0.9348,0.0202,1,1,2,0.801,0.438,0.562,0,0,0.0,5,DESCENT_PHASE,-0.0174,-0.0162
734,23.987,0.4638,-3.5797,2.0706,-0.0188,-0.0193,-0.1173,2.051,0.067,1.872,0.3973,-3.5847,0.2,0.0,0.0,0.0,0.0082,0.0084,-0.9346,0.9347,-0.0111,1,1,2,0.8,0.444,0.556,0,0,0.0,5,DESCENT_PHASE,-0.0188,-0.0193
735,24.021,0.4634,-3.5801,2.0682,-0.0194,-0.0207,-0.1172,2.048,0.066,1.869,0.3973,-3.5847,0.2,0.0,0.0,0.0,0.0085,0.0091,-0.9347,0.9348,0.018,1,1,2,0.802,0.437,0.563,0,0,0.0,5,DESCENT_PHASE,-0.0194,-0.0207
736,24.054,0.463,-3.5805,2.0659,-0.0208,-0.023,-0.1171,2.046,0.066,1.867,0.3973,-3.5847,0.2,0.0,0.0,0.0,0.0091,0.0101,-0.9349,0.935,-0.0143,1,1,2,0.801,0.441,0.559,0,0,0.0,5,DESCENT_PHASE,-0.0208,-0.023
737,24.087,0.4626,-3.581,2.0635,-0.0208,-0.0239,-0.1171,2.044,0.065,1.865,0.3973,-3.5847,0.2,0.0,0.0,0.0,0.0091,0.0105,-0.9349,0.935,0.0149,1,1,2,0.803,0.438,0.562,0,0,0.0,5,DESCENT_PHASE,-0.0208,-0.0239
738,24.121,0.4621,-3.5815,2.0612,-0.0218,-0.0259,-0.1171,2.041,0.065,1.862,0.3973,-3.5847,0.2,0.0,0.0,0.0,0.0096,0.0113,-0.9349,0.9351,-0.0158,1,1,2,0.801,0.44,0.56,0,0,0.0,5,DESCENT_PHASE,-0.0218,-0.0259
739,24.154,0.4617,-3.5821,2.0588,-0.0218,-0.0267,-0.1171,2.039,0.064,1.86,0.3973,-3.5847,0.2,0.0,0.0,0.0,0.0095,0.0117,-0.9349,0.935,0.0136,1,1,2,0.802,0.44,0.56,0,0,0.0,5,DESCENT_PHASE,-0.0218,-0.0267
740,24.187,0.4612,-3.5827,2.0565,-0.0232,-0.0288,-0.1173,2.036,0.064,1.858,0.3973,-3.5847,0.2,0.0,0.0,0.0,0.0102,0.0126,-0.9345,0.9347,-0.0067,1,1,2,0.802,0.443,0.557,0,0,0.0,5,DESCENT_PHASE,-0.0232,-0.0288
741,24.221,0.4608,-3.5832,2.0541,-0.0238,-0.0298,-0.1172,2.034,0.063,1.855,0.3973,-3.5847,0.2,0.0,0.0,0.0,0.0104,0.0131,-0.9347,0.9348,0.0227,1,1,2,0.805,0.436,0.564,0,0,0.0,5,DESCENT_PHASE,-0.0238,-0.0298
742,24.256,0.4603,-3.5839,2.0518,-0.0247,-0.0313,-0.1171,2.032,0.063,1.853,0.3973,-3.5847,0.2,0.0,0.0,0.0,0.0108,0.0137,-0.9349,0.9351,-0.0101,1,1,2,0.804,0.437,0.563,0,0,0.0,5,DESCENT_PHASE,-0.0247,-0.0313
743,24.289,0.4598,-3.5845,2.0495,-0.0236,-0.031,-0.117,2.029,0.063,1.851,0.3973,-3.5847,0.2,0.0,0.0,0.0,0.0104,0.0136,-0.935,0.9352,0.0197,1,1,2,0.806,0.431,0.569,0,0,0.0,5,DESCENT_PHASE,-0.0236,-0.031
744,24.322,0.4593,-3.5851,2.0471,-0.0232,-0.0315,-0.117,2.027,0.062,1.848,0.3973,-3.5847,0.2,0.0,0.0,0.0,0.0102,0.0138,-0.9352,0.9353,-0.0136,1,1,2,0.805,0.433,0.567,0,0,0.0,5,DESCENT_PHASE,-0.0232,-0.0315
745,24.356,0.4589,-3.5857,2.0448,-0.0211,-0.0304,-0.1169,2.025,0.062,1.846,0.3973,-3.5847,0.2,0.0,0.0,0.0,0.0093,0.0133,-0.9352,0.9353,0.0166,1,1,2,0.807,0.434,0.566,0,0,0.0,5,DESCENT_PHASE,-0.0211,-0.0304
746,24.389,0.4585,-3.5863,2.0424,-0.02,-0.0304,-0.1174,2.022,0.061,1.843,0.3973,-3.5847,0.2,0.0,0.0,0.0,0.0088,0.0133,-0.9344,0.9346,-0.016,1,1,2,0.806,0.434,0.566,0,0,0.0,5,DESCENT_PHASE,-0.02,-0.0304
747,24.422,0.4582,-3.5869,2.0401,-0.0176,-0.029,-0.1172,2.02,0.061,1.841,0.3973,-3.5847,0.2,0.0,0.0,0.0,0.0077,0.0127,-0.9347,0.9348,0.0143,1,1,2,0.807,0.433,0.567,0,0,0.0,5,DESCENT_PHASE,-0.0176,-0.029
748,24.455,0.4578,-3.5875,2.0378,-0.0163,-0.029,-0.1171,2.018,0.061,1.839,0.3973,-3.5847,0.2,0.0,0.0,0.0,0.0072,0.0127,-0.935,0.9351,-0.0192,1,1,2,0.806,0.436,0.564,0,0,0.0,5,DESCENT_PHASE,-0.0163,-0.029
749,24.488,0.4575,-3.5881,2.0354,-0.0141,-0.0278,-0.117,2.015,0.06,1.836,0.3973,-3.5847,0.2,0.0,0.0,0.0,0.0062,0.0122,-0.935,0.9351,0.011,1,1,2,0.807,0.436,0.564,0,0,0.0,5,DESCENT_PHASE,-0.0141,-0.0278
750,24.521,0.4573,-3.5886,2.0331,-0.0133,-0.0281,-0.1171,2.013,0.06,1.834,0.3973,-3.5847,0.2,0.0,0.0,0.0,0.0058,0.0123,-0.9349,0.935,-0.0096,1,1,2,0.805,0.436,0.564,0,0,0.0,5,DESCENT_PHASE,-0.0133,-0.0281
751,24.554,0.457,-3.5892,2.0307,-0.0118,-0.0276,-0.117,2.011,0.06,1.832,0.3973,-3.5847,0.2,0.0,0.0,0.0,0.0052,0.0121,-0.935,0.9351,0.0203,1,1,2,0.806,0.435,0.565,0,0,0.0,5,DESCENT_PHASE,-0.0118,-0.0276
752,24.586,0.4568,-3.5897,2.0284,-0.0121,-0.0278,-0.1171,2.008,0.06,1.829,0.3973,-3.5847,0.2,0.0,0.0,0.0,0.0053,0.0122,-0.9349,0.935,-0.0108,1,1,2,0.805,0.441,0.559,0,0,0.0,5,DESCENT_PHASE,-0.0121,-0.0278
753,24.619,0.4566,-3.5903,2.026,-0.012,-0.0264,-0.117,2.006,0.06,1.827,0.3973,-3.5847,0.2,0.0,0.0,0.0,0.0053,0.0116,-0.935,0.9351,0.0186,1,1,2,0.807,0.435,0.565,0,0,0.0,5,DESCENT_PHASE,-0.012,-0.0264
754,24.652,0.4563,-3.5908,2.0237,-0.0125,-0.0259,-0.117,2.004,0.059,1.825,0.3973,-3.5847,0.2,0.0,0.0,0.0,0.0055,0.0114,-0.9352,0.9353,-0.0141,1,1,2,0.807,0.44,0.56,0,0,0.0,5,DESCENT_PHASE,-0.0125,-0.0259
755,24.685,0.4561,-3.5912,2.0214,-0.0114,-0.0238,-0.1169,2.001,0.059,1.822,0.3973,-3.5847,0.2,0.0,0.0,0.0,0.005,0.0105,-0.9352,0.9353,0.0155,1,1,2,0.808,0.437,0.563,0,0,0.0,5,DESCENT_PHASE,-0.0114,-0.0238
756,24.718,0.4559,-3.5917,2.019,-0.0112,-0.0229,-0.1169,1.999,0.059,1.82,0.3973,-3.5847,0.2,0.0,0.0,0.0,0.0049,0.0101,-0.9353,0.9353,-0.0172,1,1,2,0.807,0.44,0.56,0,0,0.0,5,DESCENT_PHASE,-0.0112,-0.0229
757,24.751,0.4557,-3.5921,2.0167,-0.0098,-0.0208,-0.1169,1.997,0.059,1.818,0.3973,-3.5847,0.2,0.0,0.0,0.0,0.0043,0.0091,-0.9353,0.9353,0.0123,1,1,2,0.808,0.44,0.56,0,0,0.0,5,DESCENT_PHASE,-0.0098,-0.0208
758,24.785,0.4555,-3.5925,2.0144,-0.0097,-0.02,-0.1169,1.994,0.059,1.815,0.3973,-3.5847,0.2,0.0,0.0,0.0,0.0043,0.0088,-0.9353,0.9353,-0.0204,1,1,2,0.807,0.438,0.562,0,0,0.0,5,DESCENT_PHASE,-0.0097,-0.02
759,24.818,0.4553,-3.5929,2.012,-0.0086,-0.0182,-0.1169,1.992,0.059,1.813,0.3973,-3.5847,0.2,0.0,0.0,0.0,0.0038,0.008,-0.9352,0.9353,0.0091,1,1,2,0.807,0.441,0.559,0,0,0.0,5,DESCENT_PHASE,-0.0086,-0.0182
760,24.856,0.4551,-3.5932,2.0097,-0.0092,-0.0182,-0.1171,1.99,0.058,1.811,0.3973,-3.5847,0.2,0.0,0.0,0.0,0.004,0.008,-0.935,0.935,-0.0149,1,1,2,0.806,0.444,0.556,0,0,0.0,5,DESCENT_PHASE,-0.0092,-0.0182
761,24.89,0.4549,-3.5936,2.0073,-0.0091,-0.0173,-0.117,1.987,0.058,1.808,0.3973,-3.5847,0.2,0.0,0.0,0.0,0.004,0.0076,-0.935,0.9351,0.0143,1,1,2,0.808,0.441,0.559,0,0,0.0,5,DESCENT_PHASE,-0.0091,-0.0173
762,24.925,0.4547,-3.5939,2.005,-0.0102,-0.0177,-0.117,1.985,0.058,1.806,0.3973,-3.5847,0.2,0.0,0.0,0.0,0.0045,0.0078,-0.9351,0.9352,-0.018,1,1,2,0.806,0.443,0.557,0,0,0.0,5,DESCENT_PHASE,-0.0102,-0.0177
763,24.96,0.4545,-3.5943,2.0027,-0.0103,-0.0169,-0.117,1.983,0.058,1.804,0.3973,-3.5847,0.2,0.0,0.0,0.0,0.0045,0.0074,-0.9351,0.9352,0.0112,1,1,2,0.807,0.438,0.562,0,0,0.0,5,DESCENT_PHASE,-0.0103,-0.0169
764,25.0,0.4543,-3.5946,2.0003,-0.0119,-0.0176,-0.1171,1.98,0.058,1.801,0.3973,-3.5847,0.2,0.0,0.0,0.0,0.0052,0.0077,-0.9349,0.935,-0.018,1,1,2,0.806,0.447,0.553,0,0,0.0,5,DESCENT_PHASE,-0.0119,-0.0176
765,25.035,0.454,-3.595,1.998,-0.0128,-0.0174,-0.1171,1.978,0.058,1.799,0.3973,-3.5847,0.2,0.0,0.0,0.0,0.0056,0.0076,-0.935,0.935,0.011,1,1,2,0.808,0.44,0.56,0,0,0.0,5,DESCENT_PHASE,-0.0128,-0.0174
766,25.07,0.4537,-3.5954,1.9956,-0.0145,-0.0186,-0.1171,1.976,0.057,1.797,0.3973,-3.5847,0.2,0.0,0.0,0.0,0.0064,0.0082,-0.9349,0.9349,-0.0131,1,1,2,0.807,0.448,0.552,0,0,0.0,5,DESCENT_PHASE,-0.0145,-0.0186
767,25.106,0.4534,-3.5957,1.9933,-0.015,-0.019,-0.1171,1.973,0.057,1.794,0.3973,-3.5847,0.2,0.0,0.0,0.0,0.0066,0.0084,-0.9349,0.935,0.016,1,1,2,0.808,0.44,0.56,0,0,0.0,5,DESCENT_PHASE,-0.015,-0.019
768,25.14,0.4531,-3.5961,1.9909,-0.0167,-0.0204,-0.1171,1.971,0.057,1.792,0.3973,-3.5847,0.2,0.0,0.0,0.0,0.0073,0.009,-0.935,0.9351,-0.0163,1,1,2,0.807,0.446,0.554,0,0,0.0,5,DESCENT_PHASE,-0.0167,-0.0204
769,25.174,0.4528,-3.5966,1.9886,-0.0174,-0.0205,-0.1171,1.969,0.057,1.79,0.3973,-3.5847,0.2,0.0,0.0,0.0,0.0076,0.009,-0.935,0.935,0.0129,1,1,2,0.808,0.445,0.555,0,0,0.0,5,DESCENT_PHASE,-0.0174,-0.0205
770,25.207,0.4524,-3.597,1.9863,-0.0196,-0.022,-0.1173,1.966,0.056,1.787,0.3973,-3.5847,0.2,0.0,0.0,0.0,0.0086,0.0097,-0.9347,0.9347,-0.0146,1,1,2,0.808,0.441,0.559,0,0,0.0,5,DESCENT_PHASE,-0.0196,-0.022
771,25.241,0.4519,-3.5974,1.9839,-0.0211,-0.0224,-0.1172,1.964,0.056,1.785,0.3973,-3.5847,0.2,0.0,0.0,0.0,0.0093,0.0098,-0.9348,0.9349,0.0144,1,1,2,0.811,0.439,0.561,0,0,0.0,5,DESCENT_PHASE,-0.0211,-0.0224
772,25.274,0.4515,-3.5979,1.9816,-0.0225,-0.024,-0.1171,1.962,0.056,1.782,0.3973,-3.5847,0.2,0.0,0.0,0.0,0.0099,0.0105,-0.9349,0.935,-0.0159,1,1,2,0.811,0.443,0.557,0,0,0.0,5,DESCENT_PHASE,-0.0225,-0.024
773,25.307,0.4511,-3.5984,1.9792,-0.0218,-0.0244,-0.1171,1.959,0.056,1.78,0.3973,-3.5847,0.2,0.0,0.0,0.0,0.0096,0.0107,-0.935,0.9351,0.0136,1,1,2,0.813,0.439,0.561,0,0,0.0,5,DESCENT_PHASE,-0.0218,-0.0244
774,25.341,0.4506,-3.5989,1.9769,-0.0214,-0.0261,-0.1171,1.957,0.055,1.778,0.3973,-3.5847,0.2,0.0,0.0,0.0,0.0094,0.0115,-0.9349,0.935,-0.0106,1,1,2,0.813,0.442,0.558,0,0,0.0,5,DESCENT_PHASE,-0.0214,-0.0261
775,25.374,0.4502,-3.5995,1.9745,-0.0191,-0.0267,-0.1171,1.955,0.055,1.775,0.3973,-3.5847,0.2,0.0,0.0,0.0,0.0084,0.0118,-0.935,0.9351,0.0193,1,1,2,0.815,0.443,0.557,0,0,0.0,5,DESCENT_PHASE,-0.0191,-0.0267
776,25.408,0.4499,-3.6,1.9722,-0.0174,-0.0282,-0.117,1.952,0.055,1.773,0.3973,-3.5847,0.2,0.0,0.0,0.0,0.0076,0.0124,-0.9351,0.9352,-0.0139,1,1,2,0.814,0.442,0.558,0,0,0.0,5,DESCENT_PHASE,-0.0174,-0.0282
777,25.444,0.4496,-3.6006,1.9699,-0.0141,-0.028,-0.117,1.95,0.055,1.771,0.3973,-3.5847,0.2,0.0,0.0,0.0,0.0062,0.0123,-0.9351,0.9352,0.0163,1,1,2,0.815,0.44,0.56,0,0,0.0,5,DESCENT_PHASE,-0.0141,-0.028
778,25.478,0.4494,-3.6012,1.9675,-0.0118,-0.029,-0.1171,1.948,0.055,1.768,0.3973,-3.5847,0.2,0.0,0.0,0.0,0.0052,0.0128,-0.9349,0.935,-0.0171,1,1,2,0.814,0.443,0.557,0,0,0.0,5,DESCENT_PHASE,-0.0118,-0.029
779,25.511,0.4492,-3.6017,1.9652,-0.0083,-0.0287,-0.1171,1.945,0.055,1.766,0.3973,-3.5847,0.2,0.0,0.0,0.0,0.0036,0.0126,-0.9349,0.935,0.0133,1,1,2,0.815,0.444,0.556,0,0,0.0,5,DESCENT_PHASE,-0.0083,-0.0287
780,25.548,0.4491,-3.6023,1.9628,-0.006,-0.0297,-0.1175,1.943,0.055,1.764,0.3973,-3.5847,0.2,0.0,0.0,0.0,0.0026,0.0131,-0.9342,0.9343,-0.0103,1,1,2,0.814,0.447,0.553,0,0,0.0,5,DESCENT_PHASE,-0.006,-0.0297
781,25.582,0.449,-3.6029,1.9605,-0.0028,-0.0297,-0.1174,1.94,0.055,1.761,0.3973,-3.5847,0.2,0.0,0.0,0.0,0.0012,0.0131,-0.9345,0.9346,0.0201,1,1,2,0.815,0.445,0.555,0,0,0.0,5,DESCENT_PHASE,-0.0028,-0.0297
782,25.617,0.449,-3.6035,1.9581,-0.0011,-0.0305,-0.1172,1.938,0.055,1.759,0.3973,-3.5847,0.2,0.0,0.0,0.0,0.0005,0.0134,-0.9348,0.9349,-0.0134,1,1,2,0.813,0.448,0.552,0,0,0.0,5,DESCENT_PHASE,-0.0011,-0.0305
783,25.651,0.449,-3.6041,1.9558,0.0013,-0.0297,-0.1171,1.936,0.055,1.757,0.3973,-3.5847,0.2,0.0,0.0,0.0,-0.0006,0.0131,-0.9349,0.935,0.0167,1,1,2,0.814,0.446,0.554,0,0,0.0,5,DESCENT_PHASE,0.0013,-0.0297
784,25.685,0.4491,-3.6047,1.9535,0.0018,-0.03,-0.1171,1.933,0.056,1.754,0.3973,-3.5847,0.2,0.0,0.0,0.0,-0.0008,0.0132,-0.935,0.9351,-0.0158,1,1,2,0.812,0.451,0.549,0,0,0.0,5,DESCENT_PHASE,0.0018,-0.03
785,25.718,0.4491,-3.6053,1.9511,0.0026,-0.0289,-0.117,1.931,0.056,1.752,0.3973,-3.5847,0.2,0.0,0.0,0.0,-0.0011,0.0127,-0.935,0.9351,0.0138,1,1,2,0.813,0.448,0.552,0,0,0.0,5,DESCENT_PHASE,0.0026,-0.0289
786,25.751,0.4492,-3.6059,1.9488,0.0017,-0.0291,-0.1171,1.929,0.056,1.75,0.3973,-3.5847,0.2,0.0,0.0,0.0,-0.0007,0.0128,-0.935,0.9351,-0.018,1,1,2,0.811,0.456,0.544,0,0,0.0,5,DESCENT_PHASE,0.0017,-0.0291
787,25.785,0.4492,-3.6065,1.9464,0.0012,-0.0281,-0.117,1.926,0.056,1.747,0.3973,-3.5847,0.2,0.0,0.0,0.0,-0.0005,0.0124,-0.9351,0.9351,0.0113,1,1,2,0.812,0.452,0.548,0,0,0.0,5,DESCENT_PHASE,0.0012,-0.0281
788,25.819,0.4492,-3.607,1.9441,-0.0006,-0.0287,-0.1171,1.924,0.057,1.745,0.3973,-3.5847,0.2,0.0,0.0,0.0,0.0003,0.0126,-0.9349,0.935,-0.0085,1,1,2,0.811,0.461,0.539,0,0,0.0,5,DESCENT_PHASE,-0.0006,-0.0287
789,25.853,0.4491,-3.6076,1.9418,-0.0017,-0.0283,-0.1171,1.922,0.057,1.743,0.3973,-3.5847,0.2,0.0,0.0,0.0,0.0007,0.0124,-0.935,0.9351,0.0206,1,1,2,0.811,0.451,0.549,0,0,0.0,5,DESCENT_PHASE,-0.0017,-0.0283
790,25.889,0.4491,-3.6082,1.9394,-0.0045,-0.0286,-0.1172,1.919,0.057,1.74,0.3973,-3.5847,0.2,0.0,0.0,0.0,0.002,0.0126,-0.9348,0.9349,-0.0097,1,1,2,0.811,0.458,0.542,0,0,0.0,5,DESCENT_PHASE,-0.0045,-0.0286
791,25.923,0.4489,-3.6087,1.9371,-0.0067,-0.0272,-0.1171,1.917,0.057,1.738,0.3973,-3.5847,0.2,0.0,0.0,0.0,0.0029,0.012,-0.9349,0.935,0.019,1,1,2,0.814,0.449,0.551,0,0,0.0,5,DESCENT_PHASE,-0.0067,-0.0272
792,25.956,0.4487,-3.6092,1.9347,-0.0093,-0.0266,-0.117,1.915,0.057,1.736,0.3973,-3.5847,0.2,0.0,0.0,0.0,0.0041,0.0117,-0.935,0.9351,-0.013,1,1,2,0.813,0.454,0.546,0,0,0.0,5,DESCENT_PHASE,-0.0093,-0.0266
793,25.992,0.4485,-3.6097,1.9324,-0.0101,-0.0245,-0.117,1.912,0.057,1.733,0.3973,-3.5847,0.2,0.0,0.0,0.0,0.0044,0.0108,-0.9351,0.9352,0.0159,1,1,2,0.815,0.45,0.55,0,0,0.0,5,DESCENT_PHASE,-0.0101,-0.0245
794,26.027,0.4483,-3.6102,1.93,-0.0115,-0.0234,-0.1169,1.91,0.057,1.731,0.3973,-3.5847,0.2,0.0,0.0,0.0,0.0051,0.0103,-0.9352,0.9353,-0.0162,1,1,2,0.814,0.449,0.551,0,0,0.0,5,DESCENT_PHASE,-0.0115,-0.0234
795,26.063,0.4481,-3.6106,1.9277,-0.0115,-0.021,-0.1169,1.908,0.057,1.729,0.3973,-3.5847,0.2,0.0,0.0,0.0,0.005,0.0092,-0.9352,0.9352,0.0129,1,1,2,0.816,0.451,0.549,0,0,0.0,5,DESCENT_PHASE,-0.0115,-0.021
796,26.098,0.4478,-3.611,1.9254,-0.0125,-0.0199,-0.1169,1.905,0.057,1.726,0.3973,-3.5847,0.2,0.0,0.0,0.0,0.0055,0.0088,-0.9352,0.9353,-0.0193,1,1,2,0.814,0.453,0.547,0,0,0.0,5,DESCENT_PHASE,-0.0125,-0.0199
797,26.134,0.4476,-3.6114,1.923,-0.0123,-0.0178,-0.1169,1.903,0.057,1.724,0.3973,-3.5847,0.2,0.0,0.0,0.0,0.0054,0.0078,-0.9352,0.9353,0.0097,1,1,2,0.815,0.453,0.547,0,0,0.0,5,DESCENT_PHASE,-0.0123,-0.0178
798,26.168,0.4473,-3.6117,1.9207,-0.0135,-0.0173,-0.117,1.901,0.057,1.722,0.3973,-3.5847,0.2,0.0,0.0,0.0,0.0059,0.0076,-0.9351,0.9352,-0.0208,1,1,2,0.814,0.452,0.548,0,0,0.0,5,DESCENT_PHASE,-0.0135,-0.0173
799,26.204,0.447,-3.612,1.9184,-0.0138,-0.016,-0.117,1.898,0.057,1.719,0.3973,-3.5847,0.2,0.0,0.0,0.0,0.0061,0.007,-0.9351,0.9352,0.0082,1,1,2,0.815,0.455,0.545,0,0,0.0,5,DESCENT_PHASE,-0.0138,-0.016
800,26.237,0.4467,-3.6124,1.916,-0.0155,-0.0164,-0.1172,1.896,0.057,1.717,0.3973,-3.5847,0.2,0.0,0.0,0.0,0.0068,0.0072,-0.9348,0.9348,-0.0107,1,1,2,0.814,0.452,0.548,0,0,0.0,5,DESCENT_PHASE,-0.0155,-0.0164
801,26.272,0.4464,-3.6127,1.9137,-0.0165,-0.0161,-0.1171,1.894,0.057,1.715,0.3973,-3.5847,0.2,0.0,0.0,0.0,0.0072,0.0071,-0.9349,0.9349,0.0181,1,1,2,0.816,0.45,0.55,0,0,0.0,5,DESCENT_PHASE,-0.0165,-0.0161
802,26.306,0.446,-3.613,1.9113,-0.0182,-0.0166,-0.1171,1.891,0.056,1.712,0.3973,-3.5847,0.2,0.0,0.0,0.0,0.008,0.0073,-0.935,0.9351,-0.0139,1,1,2,0.815,0.455,0.545,0,0,0.0,5,DESCENT_PHASE,-0.0182,-0.0166
803,26.339,0.4457,-3.6133,1.909,-0.0185,-0.0157,-0.117,1.889,0.056,1.71,0.3973,-3.5847,0.2,0.0,0.0,0.0,0.0081,0.0069,-0.935,0.9351,0.0151,1,1,2,0.817,0.451,0.549,0,0,0.0,5,DESCENT_PHASE,-0.0185,-0.0157
804,26.372,0.4453,-3.6137,1.9066,-0.0199,-0.016,-0.117,1.887,0.056,1.708,0.3973,-3.5847,0.2,0.0,0.0,0.0,0.0088,0.007,-0.9351,0.9352,-0.0171,1,1,2,0.815,0.454,0.546,0,0,0.0,5,DESCENT_PHASE,-0.0199,-0.016
805,26.405,0.4449,-3.614,1.9043,-0.0203,-0.015,-0.117,1.884,0.056,1.705,0.3973,-3.5847,0.2,0.0,0.0,0.0,0.0089,0.0066,-0.9351,0.9351,0.012,1,1,2,0.816,0.452,0.548,0,0,0.0,5,DESCENT_PHASE,-0.0203,-0.015
806,26.439,0.4444,-3.6143,1.902,-0.0221,-0.0154,-0.1171,1.882,0.056,1.703,0.3973,-3.5847,0.2,0.0,0.0,0.0,0.0097,0.0068,-0.9348,0.9349,-0.0185,1,1,2,0.816,0.453,0.547,0,0,0.0,5,DESCENT_PHASE,-0.0221,-0.0154
807,26.472,0.444,-3.6146,1.8996,-0.0231,-0.0148,-0.1171,1.88,0.055,1.701,0.3973,-3.5847,0.2,0.0,0.0,0.0,0.0102,0.0065,-0.9349,0.935,0.0105,1,1,2,0.819,0.449,0.551,0,0,0.0,5,DESCENT_PHASE,-0.0231,-0.0148
808,26.505,0.4435,-3.6149,1.8973,-0.0243,-0.0158,-0.1171,1.877,0.055,1.698,0.3973,-3.5847,0.2,0.0,0.0,0.0,0.0107,0.0069,-0.9349,0.935,-0.0148,1,1,2,0.819,0.451,0.549,0,0,0.0,5,DESCENT_PHASE,-0.0243,-0.0158
809,26.539,0.443,-3.6152,1.8949,-0.0234,-0.0159,-0.1171,1.875,0.055,1.696,0.3973,-3.5847,0.2,0.0,0.0,0.0,0.0103,0.007,-0.935,0.9351,0.0147,1,1,2,0.821,0.451,0.549,0,0,0.0,5,DESCENT_PHASE,-0.0234,-0.0159
810,26.572,0.4425,-3.6155,1.8926,-0.023,-0.0172,-0.117,1.873,0.055,1.693,0.3973,-3.5847,0.2,0.0,0.0,0.0,0.0101,0.0076,-0.9351,0.9352,-0.0181,1,1,2,0.82,0.451,0.549,0,0,0.0,5,DESCENT_PHASE,-0.023,-0.0172
811,26.606,0.4421,-3.6159,1.8903,-0.021,-0.0173,-0.117,1.87,0.055,1.691,0.3973,-3.5847,0.2,0.0,0.0,0.0,0.0092,0.0076,-0.9351,0.9352,0.0117,1,1,2,0.822,0.453,0.547,0,0,0.0,5,DESCENT_PHASE,-0.021,-0.0173
812,26.639,0.4417,-3.6163,1.8879,-0.0197,-0.0188,-0.1174,1.868,0.055,1.689,0.3973,-3.5847,0.2,0.0,0.0,0.0,0.0087,0.0083,-0.9344,0.9345,-0.0124,1,1,2,0.821,0.449,0.551,0,0,0.0,5,DESCENT_PHASE,-0.0197,-0.0188
813,26.674,0.4414,-3.6167,1.8856,-0.017,-0.0195,-0.1173,1.866,0.054,1.686,0.3973,-3.5847,0.2,0.0,0.0,0.0,0.0075,0.0086,-0.9346,0.9347,0.0175,1,1,2,0.822,0.45,0.55,0,0,0.0,5,DESCENT_PHASE,-0.017,-0.0195
814,26.707,0.4411,-3.6171,1.8832,-0.0154,-0.0211,-0.1171,1.863,0.054,1.684,0.3973,-3.5847,0.2,0.0,0.0,0.0,0.0068,0.0093,-0.9349,0.9349,-0.0156,1,1,2,0.821,0.449,0.551,0,0,0.0,5,DESCENT_PHASE,-0.0154,-0.0211
815,26.74,0.4408,-3.6175,1.8809,-0.0127,-0.0213,-0.1171,1.861,0.055,1.682,0.3973,-3.5847,0.2,0.0,0.0,0.0,0.0056,0.0094,-0.9349,0.935,0.0143,1,1,2,0.822,0.453,0.547,0,0,0.0,5,DESCENT_PHASE,-0.0127,-0.0213
816,26.773,0.4406,-3.618,1.8785,-0.0113,-0.0228,-0.117,1.859,0.055,1.679,0.3973,-3.5847,0.2,0.0,0.0,0.0,0.005,0.01,-0.935,0.9351,-0.0187,1,1,2,0.82,0.453,0.547,0,0,0.0,5,DESCENT_PHASE,-0.0113,-0.0228
817,26.807,0.4404,-3.6184,1.8762,-0.0092,-0.0231,-0.117,1.856,0.055,1.677,0.3973,-3.5847,0.2,0.0,0.0,0.0,0.0041,0.0102,-0.935,0.9351,0.011,1,1,2,0.821,0.452,0.548,0,0,0.0,5,DESCENT_PHASE,-0.0092,-0.0231
818,26.841,0.4402,-3.6189,1.8738,-0.0088,-0.0249,-0.1173,1.854,0.055,1.675,0.3973,-3.5847,0.2,0.0,0.0,0.0,0.0039,0.011,-0.9347,0.9347,-0.004,1,1,2,0.82,0.451,0.549,0,0,0.0,5,DESCENT_PHASE,-0.0088,-0.0249
819,26.875,0.4401,-3.6194,1.8715,-0.0079,-0.0259,-0.1172,1.852,0.055,1.672,0.3973,-3.5847,0.2,0.0,0.0,0.0,0.0035,0.0114,-0.9348,0.9349,0.0254,1,1,2,0.821,0.452,0.548,0,0,0.0,5,DESCENT_PHASE,-0.0079,-0.0259
820,26.908,0.4399,-3.62,1.8692,-0.0083,-0.0271,-0.1171,1.849,0.055,1.67,0.3973,-3.5847,0.2,0.0,0.0,0.0,0.0037,0.0119,-0.935,0.9351,-0.0072,1,1,2,0.82,0.453,0.547,0,0,0.0,5,DESCENT_PHASE,-0.0083,-0.0271
821,26.941,0.4398,-3.6205,1.8668,-0.0076,-0.0263,-0.117,1.847,0.056,1.668,0.3973,-3.5847,0.2,0.0,0.0,0.0,0.0034,0.0116,-0.9351,0.9352,0.0222,1,1,2,0.821,0.453,0.547,0,0,0.0,5,DESCENT_PHASE,-0.0076,-0.0263
822,26.976,0.4396,-3.621,1.8645,-0.0085,-0.0261,-0.117,1.844,0.056,1.665,0.3973,-3.5847,0.2,0.0,0.0,0.0,0.0038,0.0115,-0.9351,0.9352,-0.0098,1,1,2,0.819,0.455,0.545,0,0,0.0,5,DESCENT_PHASE,-0.0085,-0.0261
823,27.011,0.4394,-3.6215,1.8621,-0.0088,-0.024,-0.117,1.842,0.056,1.663,0.3973,-3.5847,0.2,0.0,0.0,0.0,0.0039,0.0106,-0.9351,0.9352,0.0194,1,1,2,0.821,0.455,0.545,0,0,0.0,5,DESCENT_PHASE,-0.0088,-0.024
824,27.047,0.4392,-3.622,1.8598,-0.0105,-0.0228,-0.117,1.84,0.056,1.661,0.3973,-3.5847,0.2,0.0,0.0,0.0,0.0046,0.01,-0.9351,0.9351,-0.0123,1,1,2,0.819,0.453,0.547,0,0,0.0,5,DESCENT_PHASE,-0.0105,-0.0228
825,27.083,0.439,-3.6224,1.8575,-0.0114,-0.0199,-0.117,1.837,0.056,1.658,0.3973,-3.5847,0.2,0.0,0.0,0.0,0.005,0.0088,-0.9351,0.9351,0.0168,1,1,2,0.821,0.455,0.545,0,0,0.0,5,DESCENT_PHASE,-0.0114,-0.0199
826,27.116,0.4387,-3.6227,1.8551,-0.0135,-0.0181,-0.117,1.835,0.056,1.656,0.3973,-3.5847,0.2,0.0,0.0,0.0,0.0059,0.008,-0.9351,0.9352,-0.0154,1,1,2,0.819,0.456,0.544,0,0,0.0,5,DESCENT_PHASE,-0.0135,-0.0181
827,27.15,0.4384,-3.623,1.8528,-0.0146,-0.0149,-0.117,1.833,0.056,1.654,0.3973,-3.5847,0.2,0.0,0.0,0.0,0.0064,0.0065,-0.9351,0.9351,0.0136,1,1,2,0.82,0.456,0.544,0,0,0.0,5,DESCENT_PHASE,-0.0146,-0.0149
828,27.184,0.4381,-3.6233,1.8504,-0.0172,-0.013,-0.1172,1.83,0.056,1.651,0.3973,-3.5847,0.2,0.0,0.0,0.0,0.0076,0.0057,-0.9348,0.9348,-0.0165,1,1,2,0.821,0.456,0.544,0,0,0.0,5,DESCENT_PHASE,-0.0172,-0.013
829,27.217,0.4377,-3.6235,1.8481,-0.0191,-0.0099,-0.1171,1.828,0.056,1.649,0.3973,-3.5847,0.2,0.0,0.0,0.0,0.0084,0.0044,-0.9349,0.9349,0.0124,1,1,2,0.823,0.454,0.546,0,0,0.0,5,DESCENT_PHASE,-0.0191,-0.0099
830,27.25,0.4373,-3.6236,1.8458,-0.0209,-0.0082,-0.1171,1.826,0.056,1.647,0.3973,-3.5847,0.2,0.0,0.0,0.0,0.0092,0.0036,-0.935,0.935,-0.0199,1,1,2,0.823,0.455,0.545,0,0,0.0,5,DESCENT_PHASE,-0.0209,-0.0082
831,27.284,0.4369,-3.6237,1.8434,-0.0206,-0.0055,-0.117,1.823,0.056,1.644,0.3973,-3.5847,0.2,0.0,0.0,0.0,0.0091,0.0024,-0.935,0.9351,0.0095,1,1,2,0.825,0.452,0.548,0,0,0.0,5,DESCENT_PHASE,-0.0206,-0.0055
832,27.317,0.4364,-3.6238,1.8411,-0.0206,-0.0044,-0.1172,1.821,0.055,1.642,0.3973,-3.5847,0.2,0.0,0.0,0.0,0.0091,0.0019,-0.9348,0.9349,-0.023,1,1,2,0.825,0.457,0.543,0,0,0.0,5,DESCENT_PHASE,-0.0206,-0.0044
833,27.35,0.4361,-3.6239,1.8387,-0.0187,-0.0026,-0.1171,1.819,0.055,1.64,0.3973,-3.5847,0.2,0.0,0.0,0.0,0.0082,0.0011,-0.935,0.935,0.0067,1,1,2,0.827,0.458,0.542,0,0,0.0,5,DESCENT_PHASE,-0.0187,-0.0026
834,27.383,0.4357,-3.6239,1.8364,-0.0174,-0.0026,-0.1172,1.816,0.055,1.637,0.3973,-3.5847,0.2,0.0,0.0,0.0,0.0076,0.0011,-0.9347,0.9347,-0.0204,1,1,2,0.826,0.456,0.544,0,0,0.0,5,DESCENT_PHASE,-0.0174,-0.0026
835,27.417,0.4354,-3.624,1.834,-0.0145,-0.0021,-0.1171,1.814,0.055,1.635,0.3973,-3.5847,0.2,0.0,0.0,0.0,0.0064,0.0009,-0.9349,0.9349,0.0095,1,1,2,0.828,0.455,0.545,0,0,0.0,5,DESCENT_PHASE,-0.0145,-0.0021
836,27.45,0.4352,-3.624,1.8317,-0.0125,-0.0032,-0.1171,1.812,0.055,1.633,0.3973,-3.5847,0.2,0.0,0.0,0.0,0.0055,0.0014,-0.935,0.935,-0.0235,1,1,2,0.826,0.454,0.546,0,0,0.0,5,DESCENT_PHASE,-0.0125,-0.0032
837,27.483,0.435,-3.6241,1.8294,-0.0093,-0.0036,-0.117,1.809,0.055,1.63,0.3973,-3.5847,0.2,0.0,0.0,0.0,0.0041,0.0016,-0.935,0.935,0.0063,1,1,2,0.828,0.454,0.546,0,0,0.0,5,DESCENT_PHASE,-0.0093,-0.0036
838,27.517,0.4349,-3.6242,1.827,-0.0073,-0.0059,-0.1172,1.807,0.055,1.628,0.3973,-3.5847,0.2,0.0,0.0,0.0,0.0032,0.0026,-0.9348,0.9348,-0.0039,1,1,2,0.826,0.452,0.548,0,0,0.0,5,DESCENT_PHASE,-0.0073,-0.0059
839,27.551,0.4348,-3.6244,1.8247,-0.0044,-0.0077,-0.1171,1.805,0.055,1.626,0.3973,-3.5847,0.2,0.0,0.0,0.0,0.0019,0.0034,-0.9349,0.9349,0.0258,1,1,2,0.827,0.456,0.544,0,0,0.0,5,DESCENT_PHASE,-0.0044,-0.0077
840,27.585,0.4347,-3.6246,1.8223,-0.003,-0.0098,-0.1171,1.802,0.055,1.623,0.3973,-3.5847,0.2,0.0,0.0,0.0,0.0013,0.0043,-0.935,0.935,-0.0069,1,1,2,0.826,0.456,0.544,0,0,0.0,5,DESCENT_PHASE,-0.003,-0.0098
841,27.619,0.4347,-3.6248,1.82,-0.0009,-0.0098,-0.117,1.8,0.055,1.621,0.3973,-3.5847,0.2,0.0,0.0,0.0,0.0004,0.0043,-0.935,0.935,0.0225,1,1,2,0.826,0.455,0.545,0,0,0.0,5,DESCENT_PHASE,-0.0009,-0.0098
842,27.652,0.4347,-3.625,1.8177,-0.0006,-0.0104,-0.1171,1.798,0.055,1.619,0.3973,-3.5847,0.2,0.0,0.0,0.0,0.0003,0.0046,-0.935,0.935,-0.0094,1,1,2,0.825,0.46,0.54,0,0,0.0,5,DESCENT_PHASE,-0.0006,-0.0104
843,27.687,0.4347,-3.6252,1.8153,0.0,-0.0091,-0.117,1.795,0.055,1.616,0.3973,-3.5847,0.2,0.0,0.0,0.0,-0.0,0.004,-0.9351,0.9351,0.0197,1,1,2,0.825,0.454,0.546,0,0,0.0,5,DESCENT_PHASE,0.0,-0.0091
844,27.721,0.4347,-3.6253,1.813,-0.001,-0.0086,-0.117,1.793,0.055,1.614,0.3973,-3.5847,0.2,0.0,0.0,0.0,0.0004,0.0038,-0.935,0.9351,-0.0121,1,1,2,0.824,0.46,0.54,0,0,0.0,5,DESCENT_PHASE,-0.001,-0.0086
845,27.756,0.4346,-3.6255,1.8106,-0.0015,-0.0065,-0.117,1.791,0.055,1.612,0.3973,-3.5847,0.2,0.0,0.0,0.0,0.0007,0.0029,-0.9351,0.9351,0.0169,1,1,2,0.825,0.459,0.541,0,0,0.0,5,DESCENT_PHASE,-0.0015,-0.0065
846,27.789,0.4346,-3.6256,1.8083,-0.0036,-0.0054,-0.1171,1.788,0.055,1.609,0.3973,-3.5847,0.2,0.0,0.0,0.0,0.0016,0.0024,-0.9349,0.935,-0.0144,1,1,2,0.824,0.458,0.542,0,0,0.0,5,DESCENT_PHASE,-0.0036,-0.0054
847,27.824,0.4345,-3.6256,1.8059,-0.005,-0.0028,-0.1171,1.786,0.055,1.607,0.3973,-3.5847,0.2,0.0,0.0,0.0,0.0022,0.0012,-0.935,0.935,0.0144,1,1,2,0.825,0.459,0.541,0,0,0.0,5,DESCENT_PHASE,-0.005,-0.0028
848,27.858,0.4343,-3.6257,1.8036,-0.0077,-0.0015,-0.1171,1.784,0.055,1.605,0.3973,-3.5847,0.2,0.0,0.0,0.0,0.0034,0.0007,-0.935,0.935,-0.0175,1,1,2,0.824,0.465,0.535,0,0,0.0,5,DESCENT_PHASE,-0.0077,-0.0015
849,27.892,0.4341,-3.6256,1.8013,-0.0092,0.001,-0.1171,1.781,0.055,1.602,0.3973,-3.5847,0.2,0.0,0.0,0.0,0.0041,-0.0004,-0.935,0.935,0.0113,1,1,2,0.825,0.46,0.54,0,0,0.0,5,DESCENT_PHASE,-0.0092,0.001
850,27.927,0.4339,-3.6256,1.7989,-0.0123,0.0021,-0.1172,1.779,0.055,1.6,0.3973,-3.5847,0.2,0.0,0.0,0.0,0.0054,-0.0009,-0.9347,0.9347,-0.0189,1,1,2,0.825,0.459,0.541,0,0,0.0,5,DESCENT_PHASE,-0.0123,0.0021
851,27.961,0.4336,-3.6255,1.7966,-0.0147,0.0041,-0.1172,1.777,0.055,1.598,0.3973,-3.5847,0.2,0.0,0.0,0.0,0.0065,-0.0018,-0.9348,0.9348,0.0098,1,1,2,0.827,0.46,0.54,0,0,0.0,5,DESCENT_PHASE,-0.0147,0.0041
852,27.995,0.4332,-3.6254,1.7942,-0.0173,0.0045,-0.1171,1.774,0.054,1.595,0.3973,-3.5847,0.2,0.0,0.0,0.0,0.0076,-0.002,-0.9349,0.9349,-0.0222,1,1,2,0.827,0.458,0.542,0,0,0.0,5,DESCENT_PHASE,-0.0173,0.0045
853,28.029,0.4329,-3.6253,1.7919,-0.0178,0.0058,-0.1171,1.772,0.054,1.593,0.3973,-3.5847,0.2,0.0,0.0,0.0,0.0079,-0.0025,-0.935,0.935,0.0069,1,1,2,0.829,0.462,0.538,0,0,0.0,5,DESCENT_PHASE,-0.0178,0.0058
854,28.063,0.4325,-3.6252,1.7895,-0.0189,0.0052,-0.1173,1.77,0.054,1.59,0.3973,-3.5847,0.2,0.0,0.0,0.0,0.0083,-0.0023,-0.9346,0.9346,-0.0251,1,1,2,0.828,0.458,0.542,0,0,0.0,5,DESCENT_PHASE,-0.0189,0.0052
855,28.097,0.4321,-3.6251,1.7872,-0.0183,0.0052,-0.1172,1.767,0.053,1.588,0.3973,-3.5847,0.2,0.0,0.0,0.0,0.008,-0.0023,-0.9348,0.9348,0.0042,1,1,2,0.83,0.456,0.544,0,0,0.0,5,DESCENT_PHASE,-0.0183,0.0052
856,28.131,0.4318,-3.625,1.7849,-0.0184,0.0031,-0.1172,1.765,0.053,1.586,0.3973,-3.5847,0.2,0.0,0.0,0.0,0.0081,-0.0014,-0.9347,0.9347,-0.0064,1,1,2,0.829,0.46,0.54,0,0,0.0,5,DESCENT_PHASE,-0.0184,0.0031
857,28.165,0.4314,-3.625,1.7825,-0.0172,0.0014,-0.1171,1.763,0.053,1.583,0.3973,-3.5847,0.2,0.0,0.0,0.0,0.0076,-0.0006,-0.9349,0.9349,0.0229,1,1,2,0.83,0.457,0.543,0,0,0.0,5,DESCENT_PHASE,-0.0172,0.0014
858,28.199,0.4311,-3.625,1.7802,-0.0171,-0.0009,-0.1171,1.76,0.053,1.581,0.3973,-3.5847,0.2,0.0,0.0,0.0,0.0075,0.0004,-0.935,0.935,-0.0095,1,1,2,0.829,0.455,0.545,0,0,0.0,5,DESCENT_PHASE,-0.0171,-0.0009
859,28.235,0.4308,-3.6251,1.7778,-0.0158,-0.0013,-0.117,1.758,0.052,1.579,0.3973,-3.5847,0.2,0.0,0.0,0.0,0.007,0.0006,-0.9351,0.9351,0.0197,1,1,2,0.83,0.459,0.541,0,0,0.0,5,DESCENT_PHASE,-0.0158,-0.0013
860,28.27,0.4304,-3.6251,1.7755,-0.0159,-0.0025,-0.117,1.755,0.052,1.576,0.3973,-3.5847,0.2,0.0,0.0,0.0,0.007,0.0011,-0.9351,0.9352,-0.0126,1,1,2,0.829,0.46,0.54,0,0,0.0,5,DESCENT_PHASE,-0.0159,-0.0025
861,28.305,0.4301,-3.6252,1.7732,-0.0152,-0.002,-0.117,1.753,0.052,1.574,0.3973,-3.5847,0.2,0.0,0.0,0.0,0.0067,0.0009,-0.9351,0.9352,0.0165,1,1,2,0.829,0.459,0.541,0,0,0.0,5,DESCENT_PHASE,-0.0152,-0.002
862,28.339,0.4298,-3.6252,1.7708,-0.0163,-0.0026,-0.1171,1.751,0.052,1.572,0.3973,-3.5847,0.2,0.0,0.0,0.0,0.0072,0.0011,-0.9349,0.9349,-0.0137,1,1,2,0.829,0.458,0.542,0,0,0.0,5,DESCENT_PHASE,-0.0163,-0.0026
863,28.375,0.4295,-3.6252,1.7685,-0.0169,-0.0018,-0.1171,1.748,0.052,1.569,0.3973,-3.5847,0.2,0.0,0.0,0.0,0.0074,0.0008,-0.9349,0.935,0.0151,1,1,2,0.832,0.459,0.541,0,0,0.0,5,DESCENT_PHASE,-0.0169,-0.0018
864,28.41,0.4291,-3.6253,1.7661,-0.0175,-0.0022,-0.117,1.746,0.052,1.567,0.3973,-3.5847,0.2,0.0,0.0,0.0,0.0077,0.001,-0.9351,0.9351,-0.017,1,1,2,0.831,0.46,0.54,0,0,0.0,5,DESCENT_PHASE,-0.0175,-0.0022
865,28.445,0.4288,-3.6253,1.7638,-0.0163,-0.0013,-0.117,1.744,0.051,1.565,0.3973,-3.5847,0.2,0.0,0.0,0.0,0.0072,0.0006,-0.9351,0.9352,0.0121,1,1,2,0.833,0.46,0.54,0,0,0.0,5,DESCENT_PHASE,-0.0163,-0.0013
866,28.479,0.4285,-3.6253,1.7615,-0.0156,-0.0018,-0.1169,1.741,0.051,1.562,0.3973,-3.5847,0.2,0.0,0.0,0.0,0.0069,0.0008,-0.9352,0.9352,-0.0202,1,1,2,0.832,0.455,0.545,0,0,0.0,5,DESCENT_PHASE,-0.0156,-0.0018
867,28.515,0.4282,-3.6254,1.7591,-0.0134,-0.0013,-0.1169,1.739,0.051,1.56,0.3973,-3.5847,0.2,0.0,0.0,0.0,0.0059,0.0006,-0.9352,0.9352,0.0091,1,1,2,0.834,0.458,0.542,0,0,0.0,5,DESCENT_PHASE,-0.0134,-0.0013
868,28.55,0.428,-3.6254,1.7568,-0.0122,-0.0025,-0.1169,1.737,0.051,1.558,0.3973,-3.5847,0.2,0.0,0.0,0.0,0.0054,0.0011,-0.9352,0.9352,-0.0233,1,1,2,0.833,0.46,0.54,0,0,0.0,5,DESCENT_PHASE,-0.0122,-0.0025
869,28.588,0.4278,-3.6255,1.7544,-0.0096,-0.0029,-0.117,1.734,0.051,1.555,0.3973,-3.5847,0.2,0.0,0.0,0.0,0.0042,0.0013,-0.9352,0.9352,0.0061,1,1,2,0.834,0.46,0.54,0,0,0.0,5,DESCENT_PHASE,-0.0096,-0.0029
870,28.622,0.4276,-3.6256,1.7521,-0.0084,-0.0052,-0.1171,1.732,0.051,1.553,0.3973,-3.5847,0.2,0.0,0.0,0.0,0.0037,0.0023,-0.9349,0.9349,-0.004,1,1,2,0.832,0.457,0.543,0,0,0.0,5,DESCENT_PHASE,-0.0084,-0.0052
871,28.656,0.4275,-3.6257,1.7497,-0.0062,-0.007,-0.1171,1.73,0.051,1.551,0.3973,-3.5847,0.2,0.0,0.0,0.0,0.0027,0.0031,-0.9349,0.935,0.0253,1,1,2,0.833,0.462,0.538,0,0,0.0,5,DESCENT_PHASE,-0.0062,-0.007
872,28.691,0.4274,-3.6259,1.7474,-0.0056,-0.0092,-0.117,1.727,0.051,1.548,0.3973,-3.5847,0.2,0.0,0.0,0.0,0.0025,0.004,-0.935,0.935,-0.0072,1,1,2,0.832,0.461,0.539,0,0,0.0,5,DESCENT_PHASE,-0.0056,-0.0092
873,28.724,0.4273,-3.6261,1.7451,-0.0043,-0.0092,-0.117,1.725,0.051,1.546,0.3973,-3.5847,0.2,0.0,0.0,0.0,0.0019,0.0041,-0.9351,0.9351,0.0221,1,1,2,0.832,0.46,0.54,0,0,0.0,5,DESCENT_PHASE,-0.0043,-0.0092
874,28.757,0.4272,-3.6263,1.7427,-0.0049,-0.0099,-0.1171,1.723,0.051,1.544,0.3973,-3.5847,0.2,0.0,0.0,0.0,0.0022,0.0044,-0.9349,0.9349,-0.0089,1,1,2,0.832,0.46,0.54,0,0,0.0,5,DESCENT_PHASE,-0.0049,-0.0099
875,28.792,0.4271,-3.6265,1.7404,-0.0051,-0.0087,-0.117,1.72,0.051,1.541,0.3973,-3.5847,0.2,0.0,0.0,0.0,0.0023,0.0038,-0.935,0.935,0.0202,1,1,2,0.833,0.46,0.54,0,0,0.0,5,DESCENT_PHASE,-0.0051,-0.0087
876,28.825,0.427,-3.6266,1.738,-0.0062,-0.0083,-0.117,1.718,0.051,1.539,0.3973,-3.5847,0.2,0.0,0.0,0.0,0.0027,0.0037,-0.9351,0.9351,-0.0121,1,1,2,0.832,0.457,0.543,0,0,0.0,5,DESCENT_PHASE,-0.0062,-0.0083
877,28.858,0.4268,-3.6268,1.7357,-0.0059,-0.0062,-0.117,1.716,0.051,1.537,0.3973,-3.5847,0.2,0.0,0.0,0.0,0.0026,0.0027,-0.9351,0.9351,0.0172,1,1,2,0.834,0.458,0.542,0,0,0.0,5,DESCENT_PHASE,-0.0059,-0.0062
878,28.891,0.4267,-3.6269,1.7334,-0.0068,-0.0051,-0.117,1.713,0.051,1.534,0.3973,-3.5847,0.2,0.0,0.0,0.0,0.003,0.0023,-0.9352,0.9352,-0.0154,1,1,2,0.832,0.463,0.537,0,0,0.0,5,DESCENT_PHASE,-0.0068,-0.0051
879,28.924,0.4266,-3.6269,1.731,-0.0067,-0.0026,-0.117,1.711,0.051,1.532,0.3973,-3.5847,0.2,0.0,0.0,0.0,0.003,0.0012,-0.9351,0.9351,0.0141,1,1,2,0.833,0.463,0.537,0,0,0.0,5,DESCENT_PHASE,-0.0067,-0.0026
880,28.958,0.4264,-3.6269,1.7287,-0.0081,-0.0014,-0.117,1.709,0.051,1.53,0.3973,-3.5847,0.2,0.0,0.0,0.0,0.0036,0.0006,-0.935,0.935,-0.018,1,1,2,0.832,0.461,0.539,0,0,0.0,5,DESCENT_PHASE,-0.0081,-0.0014
881,28.993,0.4262,-3.6269,1.7263,-0.0088,0.001,-0.117,1.706,0.051,1.527,0.3973,-3.5847,0.2,0.0,0.0,0.0,0.0039,-0.0004,-0.935,0.935,0.0115,1,1,2,0.833,0.461,0.539,0,0,0.0,5,DESCENT_PHASE,-0.0088,0.001
882,29.027,0.426,-3.6269,1.724,-0.0108,0.0019,-0.1176,1.704,0.051,1.525,0.3973,-3.5847,0.2,0.0,0.0,0.0,0.0048,-0.0008,-0.934,0.934,-0.0202,1,1,2,0.832,0.463,0.537,0,0,0.0,5,DESCENT_PHASE,-0.0108,0.0019
883,29.061,0.4258,-3.6268,1.7216,-0.012,0.0037,-0.1174,1.702,0.051,1.522,0.3973,-3.5847,0.2,0.0,0.0,0.0,0.0053,-0.0016,-0.9344,0.9344,0.0092,1,1,2,0.833,0.464,0.536,0,0,0.0,5,DESCENT_PHASE,-0.012,0.0037
884,29.095,0.4255,-3.6267,1.7193,-0.0144,0.0039,-0.1174,1.699,0.051,1.52,0.3973,-3.5847,0.2,0.0,0.0,0.0,0.0064,-0.0017,-0.9345,0.9345,-0.0223,1,1,2,0.832,0.465,0.535,0,0,0.0,5,DESCENT_PHASE,-0.0144,0.0039
885,29.128,0.4252,-3.6266,1.717,-0.016,0.0049,-0.1172,1.697,0.05,1.518,0.3973,-3.5847,0.2,0.0,0.0,0.0,0.0071,-0.0022,-0.9347,0.9347,0.0067,1,1,2,0.834,0.463,0.537,0,0,0.0,5,DESCENT_PHASE,-0.016,0.0049
886,29.161,0.4248,-3.6265,1.7146,-0.0185,0.004,-0.1172,1.695,0.05,1.515,0.3973,-3.5847,0.2,0.0,0.0,0.0,0.0082,-0.0018,-0.9348,0.9348,-0.023,1,1,2,0.833,0.465,0.535,0,0,0.0,5,DESCENT_PHASE,-0.0185,0.004
887,29.196,0.4244,-3.6265,1.7123,-0.0197,0.0037,-0.1171,1.692,0.05,1.513,0.3973,-3.5847,0.2,0.0,0.0,0.0,0.0087,-0.0016,-0.9348,0.9349,0.0058,1,1,2,0.834,0.461,0.539,0,0,0.0,5,DESCENT_PHASE,-0.0197,0.0037
888,29.233,0.424,-3.6264,1.7099,-0.0222,0.0015,-0.1174,1.69,0.05,1.511,0.3973,-3.5847,0.2,0.0,0.0,0.0,0.0098,-0.0007,-0.9345,0.9345,-0.0095,1,1,2,0.834,0.459,0.541,0,0,0.0,5,DESCENT_PHASE,-0.0222,0.0015
889,29.27,0.4235,-3.6264,1.7076,-0.0237,-0.0002,-0.1173,1.688,0.049,1.508,0.3973,-3.5847,0.2,0.0,0.0,0.0,0.0105,0.0001,-0.9346,0.9347,0.0189,1,1,2,0.836,0.464,0.536,0,0,0.0,5,DESCENT_PHASE,-0.0237,-0.0002
890,29.305,0.423,-3.6265,1.7052,-0.0257,-0.0027,-0.1172,1.685,0.049,1.506,0.3973,-3.5847,0.2,0.0,0.0,0.0,0.0113,0.0012,-0.9348,0.9349,-0.0127,1,1,2,0.835,0.464,0.536,0,0,0.0,5,DESCENT_PHASE,-0.0257,-0.0027
891,29.343,0.4225,-3.6266,1.7029,-0.0259,-0.0036,-0.1171,1.683,0.049,1.504,0.3973,-3.5847,0.2,0.0,0.0,0.0,0.0114,0.0016,-0.9349,0.935,0.0158,1,1,2,0.837,0.464,0.536,0,0,0.0,5,DESCENT_PHASE,-0.0259,-0.0036
892,29.38,0.4219,-3.6267,1.7005,-0.027,-0.0056,-0.1171,1.681,0.049,1.501,0.3973,-3.5847,0.2,0.0,0.0,0.0,0.0119,0.0025,-0.935,0.9351,-0.0157,1,1,2,0.836,0.462,0.538,0,0,0.0,5,DESCENT_PHASE,-0.027,-0.0056
893,29.418,0.4214,-3.6268,1.6982,-0.0266,-0.0062,-0.117,1.678,0.049,1.499,0.3973,-3.5847,0.2,0.0,0.0,0.0,0.0117,0.0027,-0.935,0.9351,0.0128,1,1,2,0.838,0.461,0.539,0,0,0.0,5,DESCENT_PHASE,-0.0266,-0.0062
894,29.455,0.4208,-3.627,1.6959,-0.0273,-0.0082,-0.117,1.676,0.048,1.497,0.3973,-3.5847,0.2,0.0,0.0,0.0,0.0121,0.0036,-0.9351,0.9352,-0.0186,1,1,2,0.836,0.466,0.534,0,0,0.0,5,DESCENT_PHASE,-0.0273,-0.0082
895,29.492,0.4203,-3.6272,1.6935,-0.027,-0.009,-0.117,1.674,0.048,1.494,0.3973,-3.5847,0.2,0.0,0.0,0.0,0.0119,0.004,-0.935,0.9351,0.0097,1,1,2,0.837,0.462,0.538,0,0,0.0,5,DESCENT_PHASE,-0.027,-0.009
896,29.53,0.4197,-3.6274,1.6912,-0.0281,-0.0115,-0.1173,1.671,0.048,1.492,0.3973,-3.5847,0.2,0.0,0.0,0.0,0.0124,0.0051,-0.9346,0.9347,-0.0092,1,1,2,0.838,0.462,0.538,0,0,0.0,5,DESCENT_PHASE,-0.0281,-0.0115
897,29.566,0.4192,-3.6276,1.6888,-0.0284,-0.0131,-0.1172,1.669,0.048,1.49,0.3973,-3.5847,0.2,0.0,0.0,0.0,0.0125,0.0058,-0.9347,0.9348,0.0187,1,1,2,0.84,0.464,0.536,0,0,0.0,5,DESCENT_PHASE,-0.0284,-0.0131
898,29.604,0.4186,-3.628,1.6865,-0.0288,-0.0154,-0.1171,1.666,0.048,1.487,0.3973,-3.5847,0.2,0.0,0.0,0.0,0.0127,0.0068,-0.9349,0.9351,-0.0123,1,1,2,0.84,0.467,0.533,0,0,0.0,5,DESCENT_PHASE,-0.0288,-0.0154
899,29.643,0.4181,-3.6283,1.6842,-0.0271,-0.0163,-0.117,1.664,0.048,1.485,0.3973,-3.5847,0.2,0.0,0.0,0.0,0.0119,0.0072,-0.935,0.9351,0.0158,1,1,2,0.842,0.469,0.531,0,0,0.0,5,DESCENT_PHASE,-0.0271,-0.0163
900,29.68,0.4175,-3.6286,1.6818,-0.0257,-0.0181,-0.117,1.662,0.048,1.483,0.3973,-3.5847,0.2,0.0,0.0,0.0,0.0114,0.008,-0.9351,0.9352,-0.0154,1,1,2,0.842,0.468,0.532,0,0,0.0,5,DESCENT_PHASE,-0.0257,-0.0181
901,29.716,0.4171,-3.629,1.6795,-0.0225,-0.0186,-0.117,1.659,0.049,1.48,0.3973,-3.5847,0.2,0.0,0.0,0.0,0.0099,0.0082,-0.9351,0.9352,0.0129,1,1,2,0.843,0.473,0.527,0,0,0.0,5,DESCENT_PHASE,-0.0225,-0.0186
902,29.753,0.4167,-3.6294,1.6771,-0.0201,-0.0204,-0.117,1.657,0.049,1.478,0.3973,-3.5847,0.2,0.0,0.0,0.0,0.0089,0.009,-0.9351,0.9352,-0.0168,1,1,2,0.842,0.47,0.53,0,0,0.0,5,DESCENT_PHASE,-0.0201,-0.0204
903,29.789,0.4164,-3.6298,1.6748,-0.0162,-0.0212,-0.117,1.655,0.049,1.476,0.3973,-3.5847,0.2,0.0,0.0,0.0,0.0071,0.0094,-0.9351,0.9351,0.0116,1,1,2,0.844,0.474,0.526,0,0,0.0,5,DESCENT_PHASE,-0.0162,-0.0212
904,29.825,0.4161,-3.6303,1.6724,-0.0134,-0.0233,-0.1171,1.652,0.049,1.473,0.3973,-3.5847,0.2,0.0,0.0,0.0,0.0059,0.0103,-0.9349,0.9349,-0.0071,1,1,2,0.843,0.47,0.53,0,0,0.0,5,DESCENT_PHASE,-0.0134,-0.0233
905,29.862,0.4159,-3.6308,1.6701,-0.0094,-0.0245,-0.1171,1.65,0.05,1.471,0.3973,-3.5847,0.2,0.0,0.0,0.0,0.0041,0.0108,-0.9349,0.9349,0.0212,1,1,2,0.844,0.473,0.527,0,0,0.0,5,DESCENT_PHASE,-0.0094,-0.0245
906,29.898,0.4158,-3.6313,1.6678,-0.0068,-0.0263,-0.1171,1.648,0.05,1.469,0.3973,-3.5847,0.2,0.0,0.0,0.0,0.003,0.0116,-0.9349,0.935,-0.0101,1,1,2,0.842,0.468,0.532,0,0,0.0,5,DESCENT_PHASE,-0.0068,-0.0263
907,29.935,0.4157,-3.6319,1.6654,-0.0032,-0.0263,-0.1171,1.645,0.051,1.466,0.3973,-3.5847,0.2,0.0,0.0,0.0,0.0014,0.0116,-0.935,0.935,0.0182,1,1,2,0.843,0.469,0.531,0,0,0.0,5,DESCENT_PHASE,-0.0032,-0.0263
908,29.971,0.4157,-3.6324,1.6631,-0.0014,-0.0272,-0.117,1.643,0.051,1.464,0.3973,-3.5847,0.2,0.0,0.0,0.0,0.0006,0.012,-0.9351,0.9351,-0.0129,1,1,2,0.841,0.466,0.534,0,0,0.0,5,DESCENT_PHASE,-0.0014,-0.0272
909,30.007,0.4157,-3.6329,1.6607,0.0011,-0.0266,-0.117,1.641,0.052,1.462,0.3973,-3.5847,0.2,0.0,0.0,0.0,-0.0005,0.0117,-0.9351,0.9352,0.0152,1,1,2,0.842,0.467,0.533,0,0,0.0,5,DESCENT_PHASE,0.0011,-0.0266
910,30.044,0.4157,-3.6335,1.6584,0.0014,-0.027,-0.1171,1.638,0.052,1.459,0.3973,-3.5847,0.2,0.0,0.0,0.0,-0.0006,0.0119,-0.935,0.935,-0.0153,1,1,2,0.841,0.466,0.534,0,0,0.0,5,DESCENT_PHASE,0.0014,-0.027
911,30.079,0.4158,-3.634,1.6561,0.0021,-0.0262,-0.117,1.636,0.053,1.457,0.3973,-3.5847,0.2,0.0,0.0,0.0,-0.0009,0.0115,-0.935,0.9351,0.0124,1,1,2,0.842,0.466,0.534,0,0,0.0,5,DESCENT_PHASE,0.0021,-0.0262
912,30.116,0.4158,-3.6345,1.6537,0.0014,-0.0266,-0.117,1.634,0.053,1.455,0.3973,-3.5847,0.2,0.0,0.0,0.0,-0.0006,0.0117,-0.9351,0.9352,-0.0158,1,1,2,0.84,0.467,0.533,0,0,0.0,5,DESCENT_PHASE,0.0014,-0.0266
913,30.152,0.4158,-3.635,1.6514,0.0017,-0.026,-0.117,1.631,0.054,1.452,0.3973,-3.5847,0.2,0.0,0.0,0.0,-0.0007,0.0115,-0.9351,0.9352,0.0119,1,1,2,0.841,0.466,0.534,0,0,0.0,5,DESCENT_PHASE,0.0017,-0.026
914,30.188,0.4158,-3.6356,1.649,0.0003,-0.0268,-0.1171,1.629,0.054,1.45,0.3973,-3.5847,0.2,0.0,0.0,0.0,-0.0001,0.0118,-0.935,0.9351,-0.0117,1,1,2,0.84,0.466,0.534,0,0,0.0,5,DESCENT_PHASE,0.0003,-0.0268
915,30.226,0.4158,-3.6361,1.6467,-0.0004,-0.0265,-0.117,1.627,0.055,1.448,0.3973,-3.5847,0.2,0.0,0.0,0.0,0.0002,0.0117,-0.935,0.9351,0.0159,1,1,2,0.84,0.469,0.531,0,0,0.0,5,DESCENT_PHASE,-0.0004,-0.0265
916,30.273,0.4158,-3.6367,1.6444,-0.0029,-0.0272,-0.1172,1.624,0.055,1.445,0.3973,-3.5847,0.2,0.0,0.0,0.0,0.0013,0.012,-0.9348,0.9349,-0.0139,1,1,2,0.84,0.467,0.533,0,0,0.0,5,DESCENT_PHASE,-0.0029,-0.0272
917,30.316,0.4157,-3.6372,1.642,-0.0048,-0.0266,-0.1171,1.622,0.056,1.443,0.3973,-3.5847,0.2,0.0,0.0,0.0,0.0021,0.0117,-0.9349,0.935,0.0134,1,1,2,0.842,0.467,0.533,0,0,0.0,5,DESCENT_PHASE,-0.0048,-0.0266
918,30.358,0.4155,-3.6377,1.6397,-0.0074,-0.0272,-0.1171,1.62,0.056,1.441,0.3973,-3.5847,0.2,0.0,0.0,0.0,0.0033,0.012,-0.935,0.9351,-0.017,1,1,2,0.841,0.467,0.533,0,0,0.0,5,DESCENT_PHASE,-0.0074,-0.0272
919,30.394,0.4154,-3.6383,1.6373,-0.0083,-0.0266,-0.117,1.617,0.057,1.438,0.3973,-3.5847,0.2,0.0,0.0,0.0,0.0036,0.0117,-0.935,0.9351,0.0107,1,1,2,0.843,0.469,0.531,0,0,0.0,5,DESCENT_PHASE,-0.0083,-0.0266
920,30.431,0.4152,-3.6388,1.635,-0.0101,-0.0275,-0.1171,1.615,0.057,1.436,0.3973,-3.5847,0.2,0.0,0.0,0.0,0.0044,0.0121,-0.9349,0.935,-0.0066,1,1,2,0.842,0.468,0.532,0,0,0.0,5,DESCENT_PHASE,-0.0101,-0.0275
921,30.469,0.415,-3.6394,1.6326,-0.0105,-0.0275,-0.1171,1.613,0.057,1.434,0.3973,-3.5847,0.2,0.0,0.0,0.0,0.0046,0.0121,-0.935,0.935,0.0213,1,1,2,0.843,0.466,0.534,0,0,0.0,5,DESCENT_PHASE,-0.0105,-0.0275
922,30.506,0.4147,-3.6399,1.6303,-0.0121,-0.028,-0.117,1.61,0.058,1.431,0.3973,-3.5847,0.2,0.0,0.0,0.0,0.0053,0.0123,-0.9351,0.9352,-0.0096,1,1,2,0.842,0.471,0.529,0,0,0.0,5,DESCENT_PHASE,-0.0121,-0.028
923,30.543,0.4145,-3.6405,1.628,-0.0126,-0.0267,-0.117,1.608,0.058,1.429,0.3973,-3.5847,0.2,0.0,0.0,0.0,0.0056,0.0118,-0.9351,0.9352,0.0184,1,1,2,0.843,0.467,0.533,0,0,0.0,5,DESCENT_PHASE,-0.0126,-0.0267
924,30.581,0.4142,-3.641,1.6256,-0.0147,-0.0263,-0.1171,1.606,0.059,1.427,0.3973,-3.5847,0.2,0.0,0.0,0.0,0.0065,0.0116,-0.9349,0.935,-0.0119,1,1,2,0.843,0.468,0.532,0,0,0.0,5,DESCENT_PHASE,-0.0147,-0.0263
925,30.618,0.4138,-3.6415,1.6233,-0.016,-0.0244,-0.1171,1.603,0.059,1.425,0.3973,-3.5847,0.2,0.0,0.0,0.0,0.007,0.0107,-0.935,0.9351,0.0161,1,1,2,0.845,0.465,0.535,0,0,0.0,5,DESCENT_PHASE,-0.016,-0.0244
926,30.655,0.4135,-3.6419,1.6209,-0.0179,-0.0234,-0.117,1.601,0.06,1.422,0.3973,-3.5847,0.2,0.0,0.0,0.0,0.0079,0.0103,-0.9351,0.9352,-0.015,1,1,2,0.844,0.469,0.531,0,0,0.0,5,DESCENT_PHASE,-0.0179,-0.0234
927,30.692,0.4131,-3.6424,1.6186,-0.0181,-0.0211,-0.117,1.599,0.06,1.42,0.3973,-3.5847,0.2,0.0,0.0,0.0,0.0079,0.0093,-0.9351,0.9352,0.0133,1,1,2,0.846,0.467,0.533,0,0,0.0,5,DESCENT_PHASE,-0.0181,-0.0211
928,30.728,0.4127,-3.6428,1.6163,-0.0192,-0.0201,-0.1169,1.596,0.06,1.418,0.3973,-3.5847,0.2,0.0,0.0,0.0,0.0084,0.0088,-0.9352,0.9353,-0.0182,1,1,2,0.845,0.47,0.53,0,0,0.0,5,DESCENT_PHASE,-0.0192,-0.0201
929,30.763,0.4124,-3.6431,1.6139,-0.019,-0.018,-0.117,1.594,0.06,1.415,0.3973,-3.5847,0.2,0.0,0.0,0.0,0.0083,0.0079,-0.9352,0.9353,0.0104,1,1,2,0.846,0.471,0.529,0,0,0.0,5,DESCENT_PHASE,-0.019,-0.018
930,30.797,0.412,-3.6435,1.6116,-0.02,-0.0174,-0.1169,1.592,0.061,1.413,0.3973,-3.5847,0.2,0.0,0.0,0.0,0.0088,0.0076,-0.9352,0.9353,-0.0213,1,1,2,0.844,0.468,0.532,0,0,0.0,5,DESCENT_PHASE,-0.02,-0.0174
931,30.832,0.4116,-3.6438,1.6092,-0.02,-0.0159,-0.117,1.589,0.061,1.411,0.3973,-3.5847,0.2,0.0,0.0,0.0,0.0088,0.007,-0.9352,0.9352,0.0074,1,1,2,0.845,0.472,0.528,0,0,0.0,5,DESCENT_PHASE,-0.02,-0.0159
932,30.865,0.4111,-3.6441,1.6069,-0.0215,-0.0162,-0.1176,1.587,0.061,1.408,0.3973,-3.5847,0.2,0.0,0.0,0.0,0.0094,0.0071,-0.9341,0.9342,-0.0082,1,1,2,0.846,0.472,0.528,0,0,0.0,5,DESCENT_PHASE,-0.0215,-0.0162
933,30.9,0.4107,-3.6444,1.6045,-0.0223,-0.0158,-0.1174,1.585,0.061,1.406,0.3973,-3.5847,0.2,0.0,0.0,0.0,0.0098,0.0069,-0.9345,0.9346,0.0205,1,1,2,0.848,0.472,0.528,0,0,0.0,5,DESCENT_PHASE,-0.0223,-0.0158
934,30.934,0.4102,-3.6448,1.6022,-0.0232,-0.0162,-0.1172,1.582,0.061,1.404,0.3973,-3.5847,0.2,0.0,0.0,0.0,0.0102,0.0071,-0.9348,0.9349,-0.0115,1,1,2,0.848,0.47,0.53,0,0,0.0,5,DESCENT_PHASE,-0.0232,-0.0162
935,30.968,0.4098,-3.6451,1.5999,-0.0219,-0.0148,-0.1171,1.58,0.062,1.401,0.3973,-3.5847,0.2,0.0,0.0,0.0,0.0096,0.0065,-0.935,0.9351,0.0176,1,1,2,0.85,0.48,0.52,0,0,0.0,5,DESCENT_PHASE,-0.0219,-0.0148
936,31.003,0.4094,-3.6453,1.5975,-0.0209,-0.0144,-0.117,1.578,0.062,1.399,0.3973,-3.5847,0.2,0.0,0.0,0.0,0.0092,0.0063,-0.9351,0.9352,-0.0148,1,1,2,0.85,0.477,0.523,0,0,0.0,5,DESCENT_PHASE,-0.0209,-0.0144
937,31.038,0.409,-3.6456,1.5952,-0.0181,-0.0126,-0.117,1.575,0.062,1.397,0.3973,-3.5847,0.2,0.0,0.0,0.0,0.0079,0.0055,-0.9352,0.9352,0.0147,1,1,2,0.851,0.485,0.515,0,0,0.0,5,DESCENT_PHASE,-0.0181,-0.0126
938,31.072,0.4087,-3.6458,1.5928,-0.016,-0.012,-0.1169,1.573,0.062,1.394,0.3973,-3.5847,0.2,0.0,0.0,0.0,0.007,0.0053,-0.9352,0.9353,-0.0181,1,1,2,0.851,0.48,0.52,0,0,0.0,5,DESCENT_PHASE,-0.016,-0.012
939,31.106,0.4084,-3.646,1.5905,-0.0124,-0.0102,-0.1169,1.571,0.062,1.392,0.3973,-3.5847,0.2,0.0,0.0,0.0,0.0054,0.0045,-0.9352,0.9352,0.0116,1,1,2,0.852,0.486,0.514,0,0,0.0,5,DESCENT_PHASE,-0.0124,-0.0102
940,31.139,0.4082,-3.6462,1.5882,-0.0098,-0.0098,-0.1169,1.568,0.063,1.39,0.3973,-3.5847,0.2,0.0,0.0,0.0,0.0043,0.0043,-0.9352,0.9352,-0.0213,1,1,2,0.851,0.479,0.521,0,0,0.0,5,DESCENT_PHASE,-0.0098,-0.0098
941,31.173,0.4081,-3.6464,1.5858,-0.006,-0.0085,-0.117,1.566,0.063,1.387,0.3973,-3.5847,0.2,0.0,0.0,0.0,0.0026,0.0037,-0.9351,0.9351,0.0086,1,1,2,0.852,0.484,0.516,0,0,0.0,5,DESCENT_PHASE,-0.006,-0.0085
942,31.207,0.408,-3.6466,1.5835,-0.0036,-0.0089,-0.1173,1.563,0.063,1.385,0.3973,-3.5847,0.2,0.0,0.0,0.0,0.0016,0.0039,-0.9347,0.9347,-0.0191,1,1,2,0.851,0.48,0.52,0,0,0.0,5,DESCENT_PHASE,-0.0036,-0.0089
943,31.242,0.408,-3.6468,1.5811,-0.0004,-0.0087,-0.1172,1.561,0.063,1.383,0.3973,-3.5847,0.2,0.0,0.0,0.0,0.0002,0.0038,-0.9348,0.9348,0.0107,1,1,2,0.851,0.479,0.521,0,0,0.0,5,DESCENT_PHASE,-0.0004,-0.0087
944,31.279,0.4081,-3.647,1.5788,0.0012,-0.01,-0.1171,1.559,0.063,1.38,0.3973,-3.5847,0.2,0.0,0.0,0.0,-0.0005,0.0044,-0.9349,0.9349,-0.0214,1,1,2,0.85,0.476,0.524,0,0,0.0,5,DESCENT_PHASE,0.0012,-0.01
945,31.313,0.4081,-3.6472,1.5765,0.0034,-0.0104,-0.1171,1.556,0.063,1.378,0.3973,-3.5847,0.2,0.0,0.0,0.0,-0.0015,0.0046,-0.935,0.935,0.0083,1,1,2,0.85,0.473,0.527,0,0,0.0,5,DESCENT_PHASE,0.0034,-0.0104
946,31.346,0.4082,-3.6474,1.5741,0.0036,-0.0126,-0.1173,1.554,0.064,1.376,0.3973,-3.5847,0.2,0.0,0.0,0.0,-0.0016,0.0055,-0.9346,0.9346,-0.0049,1,1,2,0.849,0.472,0.528,0,0,0.0,5,DESCENT_PHASE,0.0036,-0.0126
947,31.379,0.4083,-3.6477,1.5718,0.004,-0.014,-0.1172,1.552,0.064,1.373,0.3973,-3.5847,0.2,0.0,0.0,0.0,-0.0018,0.0062,-0.9348,0.9348,0.0244,1,1,2,0.85,0.472,0.528,0,0,0.0,5,DESCENT_PHASE,0.004,-0.014
948,31.413,0.4083,-3.648,1.5694,0.0031,-0.0159,-0.1171,1.549,0.064,1.371,0.3973,-3.5847,0.2,0.0,0.0,0.0,-0.0014,0.007,-0.9349,0.935,-0.0081,1,1,2,0.849,0.471,0.529,0,0,0.0,5,DESCENT_PHASE,0.0031,-0.0159
949,31.447,0.4084,-3.6483,1.5671,0.0031,-0.0158,-0.117,1.547,0.065,1.369,0.3973,-3.5847,0.2,0.0,0.0,0.0,-0.0014,0.0069,-0.935,0.9351,0.0212,1,1,2,0.85,0.472,0.528,0,0,0.0,5,DESCENT_PHASE,0.0031,-0.0158
950,31.48,0.4084,-3.6487,1.5647,0.0015,-0.0164,-0.117,1.545,0.065,1.366,0.3973,-3.5847,0.2,0.0,0.0,0.0,-0.0007,0.0072,-0.935,0.9351,-0.0108,1,1,2,0.848,0.471,0.529,0,0,0.0,5,DESCENT_PHASE,0.0015,-0.0164
951,31.514,0.4085,-3.649,1.5624,0.0004,-0.0152,-0.117,1.542,0.065,1.364,0.3973,-3.5847,0.2,0.0,0.0,0.0,-0.0002,0.0066,-0.9351,0.9351,0.0184,1,1,2,0.849,0.471,0.529,0,0,0.0,5,DESCENT_PHASE,0.0004,-0.0152
952,31.554,0.4084,-3.6493,1.5601,-0.0023,-0.0149,-0.1171,1.54,0.066,1.362,0.3973,-3.5847,0.2,0.0,0.0,0.0,0.001,0.0065,-0.9349,0.9349,-0.0127,1,1,2,0.848,0.471,0.529,0,0,0.0,5,DESCENT_PHASE,-0.0023,-0.0149
953,31.588,0.4083,-3.6495,1.5577,-0.0044,-0.0131,-0.1171,1.538,0.066,1.359,0.3973,-3.5847,0.2,0.0,0.0,0.0,0.0019,0.0057,-0.935,0.935,0.0163,1,1,2,0.85,0.47,0.53,0,0,0.0,5,DESCENT_PHASE,-0.0044,-0.0131
954,31.624,0.4082,-3.6498,1.5554,-0.0073,-0.0123,-0.117,1.535,0.066,1.357,0.3973,-3.5847,0.2,0.0,0.0,0.0,0.0032,0.0054,-0.935,0.935,-0.016,1,1,2,0.849,0.472,0.528,0,0,0.0,5,DESCENT_PHASE,-0.0073,-0.0123
955,31.66,0.408,-3.65,1.553,-0.0089,-0.0102,-0.117,1.533,0.066,1.355,0.3973,-3.5847,0.2,0.0,0.0,0.0,0.0039,0.0045,-0.935,0.935,0.0133,1,1,2,0.85,0.474,0.526,0,0,0.0,5,DESCENT_PHASE,-0.0089,-0.0102
956,31.694,0.4078,-3.6502,1.5507,-0.0117,-0.0094,-0.1172,1.531,0.066,1.352,0.3973,-3.5847,0.2,0.0,0.0,0.0,0.0051,0.0041,-0.9348,0.9348,-0.019,1,1,2,0.849,0.471,0.529,0,0,0.0,5,DESCENT_PHASE,-0.0117,-0.0094
957,31.729,0.4075,-3.6503,1.5483,-0.0135,-0.0076,-0.1172,1.528,0.066,1.35,0.3973,-3.5847,0.2,0.0,0.0,0.0,0.0059,0.0033,-0.9348,0.9348,0.0103,1,1,2,0.85,0.471,0.529,0,0,0.0,5,DESCENT_PHASE,-0.0135,-0.0076
958,31.763,0.4072,-3.6505,1.546,-0.0167,-0.0073,-0.1176,1.526,0.067,1.348,0.3973,-3.5847,0.2,0.0,0.0,0.0,0.0073,0.0032,-0.934,0.9341,-0.0199,1,1,2,0.85,0.471,0.529,0,0,0.0,5,DESCENT_PHASE,-0.0167,-0.0073
959,31.797,0.4068,-3.6506,1.5436,-0.0191,-0.0061,-0.1174,1.524,0.067,1.345,0.3973,-3.5847,0.2,0.0,0.0,0.0,0.0084,0.0027,-0.9343,0.9344,0.0092,1,1,2,0.853,0.478,0.522,0,0,0.0,5,DESCENT_PHASE,-0.0191,-0.0061
960,31.83,0.4063,-3.6507,1.5413,-0.0214,-0.0066,-0.1173,1.521,0.067,1.343,0.3973,-3.5847,0.2,0.0,0.0,0.0,0.0094,0.0029,-0.9346,0.9347,-0.0212,1,1,2,0.853,0.477,0.523,0,0,0.0,5,DESCENT_PHASE,-0.0214,-0.0066
961,31.863,0.4059,-3.6508,1.539,-0.0215,-0.0064,-0.1172,1.519,0.067,1.341,0.3973,-3.5847,0.2,0.0,0.0,0.0,0.0094,0.0028,-0.9348,0.9349,0.0082,1,1,2,0.855,0.482,0.518,0,0,0.0,5,DESCENT_PHASE,-0.0215,-0.0064
962,31.897,0.4055,-3.651,1.5366,-0.0219,-0.0078,-0.1172,1.517,0.067,1.338,0.3973,-3.5847,0.2,0.0,0.0,0.0,0.0096,0.0034,-0.9348,0.9348,-0.0117,1,1,2,0.855,0.483,0.517,0,0,0.0,5,DESCENT_PHASE,-0.0219,-0.0078
963,31.93,0.4051,-3.6512,1.5343,-0.0205,-0.0086,-0.1171,1.514,0.067,1.336,0.3973,-3.5847,0.2,0.0,0.0,0.0,0.009,0.0038,-0.9349,0.935,0.0178,1,1,2,0.856,0.488,0.512,0,0,0.0,5,DESCENT_PHASE,-0.0205,-0.0086
964,31.963,0.4047,-3.6514,1.5319,-0.0196,-0.0104,-0.117,1.512,0.067,1.334,0.3973,-3.5847,0.2,0.0,0.0,0.0,0.0086,0.0045,-0.9351,0.9351,-0.0149,1,1,2,0.856,0.488,0.512,0,0,0.0,5,DESCENT_PHASE,-0.0196,-0.0104
965,31.996,0.4043,-3.6516,1.5296,-0.0171,-0.0107,-0.117,1.51,0.067,1.331,0.3973,-3.5847,0.2,0.0,0.0,0.0,0.0075,0.0047,-0.9351,0.9351,0.0146,1,1,2,0.857,0.49,0.51,0,0,0.0,5,DESCENT_PHASE,-0.0171,-0.0107
966,32.029,0.404,-3.6518,1.5273,-0.0156,-0.0122,-0.117,1.507,0.068,1.329,0.3973,-3.5847,0.2,0.0,0.0,0.0,0.0068,0.0053,-0.9352,0.9352,-0.0181,1,1,2,0.856,0.488,0.512,0,0,0.0,5,DESCENT_PHASE,-0.0156,-0.0122
967,32.063,0.4038,-3.6521,1.5249,-0.0129,-0.0125,-0.117,1.505,0.068,1.327,0.3973,-3.5847,0.2,0.0,0.0,0.0,0.0056,0.0055,-0.9351,0.9352,0.0115,1,1,2,0.857,0.49,0.51,0,0,0.0,5,DESCENT_PHASE,-0.0129,-0.0125
968,32.095,0.4035,-3.6524,1.5226,-0.0114,-0.0143,-0.117,1.503,0.068,1.324,0.3973,-3.5847,0.2,0.0,0.0,0.0,0.005,0.0063,-0.9351,0.9351,-0.0165,1,1,2,0.856,0.482,0.518,0,0,0.0,5,DESCENT_PHASE,-0.0114,-0.0143
969,32.128,0.4034,-3.6527,1.5202,-0.0089,-0.0152,-0.117,1.5,0.068,1.322,0.3973,-3.5847,0.2,0.0,0.0,0.0,0.0039,0.0067,-0.935,0.9351,0.013,1,1,2,0.857,0.486,0.514,0,0,0.0,5,DESCENT_PHASE,-0.0089,-0.0152
970,32.161,0.4032,-3.653,1.5179,-0.0081,-0.0174,-0.117,1.498,0.069,1.32,0.3973,-3.5847,0.2,0.0,0.0,0.0,0.0036,0.0076,-0.935,0.9351,-0.0166,1,1,2,0.855,0.481,0.519,0,0,0.0,5,DESCENT_PHASE,-0.0081,-0.0174
971,32.197,0.4031,-3.6534,1.5155,-0.0067,-0.0186,-0.1171,1.496,0.069,1.317,0.3973,-3.5847,0.2,0.0,0.0,0.0,0.0029,0.0081,-0.935,0.935,0.0127,1,1,2,0.856,0.479,0.521,0,0,0.0,5,DESCENT_PHASE,-0.0067,-0.0186
972,32.231,0.4029,-3.6538,1.5132,-0.0072,-0.0211,-0.1173,1.493,0.069,1.315,0.3973,-3.5847,0.2,0.0,0.0,0.0,0.0031,0.0092,-0.9346,0.9346,-0.0089,1,1,2,0.855,0.482,0.518,0,0,0.0,5,DESCENT_PHASE,-0.0072,-0.0211
973,32.268,0.4028,-3.6543,1.5109,-0.0073,-0.0226,-0.1172,1.491,0.07,1.313,0.3973,-3.5847,0.2,0.0,0.0,0.0,0.0032,0.0099,-0.9347,0.9348,0.02,1,1,2,0.858,0.487,0.513,0,0,0.0,5,DESCENT_PHASE,-0.0073,-0.0226
974,32.302,0.4026,-3.6548,1.5085,-0.0079,-0.0248,-0.1171,1.489,0.07,1.31,0.3973,-3.5847,0.2,0.0,0.0,0.0,0.0035,0.0108,-0.9349,0.935,-0.0122,1,1,2,0.857,0.486,0.514,0,0,0.0,5,DESCENT_PHASE,-0.0079,-0.0248
975,32.336,0.4025,-3.6553,1.5062,-0.0067,-0.0254,-0.1171,1.486,0.071,1.308,0.3973,-3.5847,0.2,0.0,0.0,0.0,0.0029,0.0111,-0.9349,0.935,0.017,1,1,2,0.859,0.49,0.51,0,0,0.0,5,DESCENT_PHASE,-0.0067,-0.0254
976,32.37,0.4024,-3.6558,1.5038,-0.0062,-0.0269,-0.117,1.484,0.071,1.306,0.3973,-3.5847,0.2,0.0,0.0,0.0,0.0027,0.0118,-0.935,0.9351,-0.0154,1,1,2,0.858,0.49,0.51,0,0,0.0,5,DESCENT_PHASE,-0.0062,-0.0269
977,32.403,0.4023,-3.6564,1.5015,-0.0043,-0.0271,-0.117,1.481,0.072,1.303,0.3973,-3.5847,0.2,0.0,0.0,0.0,0.0019,0.0118,-0.935,0.9351,0.0139,1,1,2,0.859,0.491,0.509,0,0,0.0,5,DESCENT_PHASE,-0.0043,-0.0271
978,32.436,0.4022,-3.6569,1.4992,-0.0034,-0.0285,-0.1171,1.479,0.072,1.301,0.3973,-3.5847,0.2,0.0,0.0,0.0,0.0015,0.0125,-0.935,0.9351,-0.0125,1,1,2,0.858,0.489,0.511,0,0,0.0,5,DESCENT_PHASE,-0.0034,-0.0285
979,32.469,0.4022,-3.6575,1.4968,-0.0013,-0.0288,-0.1171,1.477,0.073,1.299,0.3973,-3.5847,0.2,0.0,0.0,0.0,0.0006,0.0126,-0.935,0.9351,0.0169,1,1,2,0.859,0.49,0.51,0,0,0.0,5,DESCENT_PHASE,-0.0013,-0.0288
980,32.502,0.4022,-3.6581,1.4945,-0.0007,-0.0301,-0.117,1.474,0.074,1.297,0.3973,-3.5847,0.2,0.0,0.0,0.0,0.0003,0.0132,-0.9351,0.9352,-0.0156,1,1,2,0.858,0.485,0.515,0,0,0.0,5,DESCENT_PHASE,-0.0007,-0.0301
981,32.54,0.4022,-3.6587,1.4921,0.0008,-0.0301,-0.117,1.472,0.074,1.294,0.3973,-3.5847,0.2,0.0,0.0,0.0,-0.0004,0.0131,-0.9351,0.9352,0.0137,1,1,2,0.859,0.484,0.516,0,0,0.0,5,DESCENT_PHASE,0.0008,-0.0301
982,32.575,0.4022,-3.6593,1.4898,0.0006,-0.0312,-0.1171,1.47,0.075,1.292,0.3973,-3.5847,0.2,0.0,0.0,0.0,-0.0003,0.0136,-0.935,0.9351,-0.0111,1,1,2,0.857,0.481,0.519,0,0,0.0,5,DESCENT_PHASE,0.0006,-0.0312
983,32.61,0.4022,-3.66,1.4874,0.0009,-0.0313,-0.1171,1.467,0.075,1.29,0.3973,-3.5847,0.2,0.0,0.0,0.0,-0.0004,0.0137,-0.935,0.9351,0.0181,1,1,2,0.858,0.478,0.522,0,0,0.0,5,DESCENT_PHASE,0.0009,-0.0313
984,32.644,0.4022,-3.6606,1.4851,-0.0007,-0.0323,-0.1171,1.465,0.076,1.287,0.3973,-3.5847,0.2,0.0,0.0,0.0,0.0003,0.0141,-0.9349,0.935,-0.0127,1,1,2,0.857,0.476,0.524,0,0,0.0,5,DESCENT_PHASE,-0.0007,-0.0323
985,32.679,0.4022,-3.6612,1.4828,-0.0018,-0.0318,-0.1171,1.463,0.077,1.285,0.3973,-3.5847,0.2,0.0,0.0,0.0,0.0008,0.0139,-0.9349,0.935,0.0163,1,1,2,0.859,0.482,0.518,0,0,0.0,5,DESCENT_PHASE,-0.0018,-0.0318
986,32.713,0.4021,-3.6619,1.4804,-0.0037,-0.0323,-0.117,1.46,0.077,1.283,0.3973,-3.5847,0.2,0.0,0.0,0.0,0.0016,0.0141,-0.9351,0.9352,-0.016,1,1,2,0.858,0.477,0.523,0,0,0.0,5,DESCENT_PHASE,-0.0037,-0.0323
987,32.746,0.402,-3.6625,1.4781,-0.0042,-0.0315,-0.117,1.458,0.078,1.28,0.3973,-3.5847,0.2,0.0,0.0,0.0,0.0018,0.0137,-0.9351,0.9352,0.0133,1,1,2,0.859,0.483,0.517,0,0,0.0,5,DESCENT_PHASE,-0.0042,-0.0315
988,32.78,0.4019,-3.6632,1.4757,-0.0057,-0.032,-0.117,1.456,0.079,1.278,0.3973,-3.5847,0.2,0.0,0.0,0.0,0.0025,0.014,-0.935,0.9351,-0.0119,1,1,2,0.858,0.478,0.522,0,0,0.0,5,DESCENT_PHASE,-0.0057,-0.032
989,32.814,0.4018,-3.6638,1.4734,-0.0061,-0.0314,-0.117,1.453,0.079,1.276,0.3973,-3.5847,0.2,0.0,0.0,0.0,0.0027,0.0137,-0.9351,0.9352,0.0175,1,1,2,0.859,0.481,0.519,0,0,0.0,5,DESCENT_PHASE,-0.0061,-0.0314
990,32.847,0.4016,-3.6644,1.4711,-0.0079,-0.0318,-0.117,1.451,0.08,1.274,0.3973,-3.5847,0.2,0.0,0.0,0.0,0.0035,0.0139,-0.9351,0.9352,-0.0149,1,1,2,0.858,0.473,0.527,0,0,0.0,5,DESCENT_PHASE,-0.0079,-0.0318
991,32.88,0.4014,-3.665,1.4687,-0.0089,-0.0308,-0.117,1.449,0.08,1.271,0.3973,-3.5847,0.2,0.0,0.0,0.0,0.0039,0.0134,-0.9351,0.9352,0.0145,1,1,2,0.859,0.479,0.521,0,0,0.0,5,DESCENT_PHASE,-0.0089,-0.0308
992,32.914,0.4012,-3.6657,1.4664,-0.0114,-0.031,-0.1176,1.446,0.081,1.269,0.3973,-3.5847,0.2,0.0,0.0,0.0,0.005,0.0135,-0.9341,0.9342,-0.0161,1,1,2,0.859,0.478,0.522,0,0,0.0,5,DESCENT_PHASE,-0.0114,-0.031
993,32.949,0.4009,-3.6663,1.464,-0.0132,-0.03,-0.1174,1.444,0.082,1.267,0.3973,-3.5847,0.2,0.0,0.0,0.0,0.0058,0.0131,-0.9344,0.9345,0.0132,1,1,2,0.861,0.486,0.514,0,0,0.0,5,DESCENT_PHASE,-0.0132,-0.03
994,32.983,0.4006,-3.6669,1.4617,-0.0154,-0.0303,-0.1173,1.442,0.082,1.264,0.3973,-3.5847,0.2,0.0,0.0,0.0,0.0067,0.0132,-0.9346,0.9347,-0.0126,1,1,2,0.86,0.485,0.515,0,0,0.0,5,DESCENT_PHASE,-0.0154,-0.0303
995,33.018,0.4003,-3.6675,1.4593,-0.0156,-0.0296,-0.1172,1.439,0.083,1.262,0.3973,-3.5847,0.2,0.0,0.0,0.0,0.0068,0.0129,-0.9348,0.9349,0.0169,1,1,2,0.862,0.491,0.509,0,0,0.0,5,DESCENT_PHASE,-0.0156,-0.0296
996,33.051,0.4,-3.6681,1.457,-0.0165,-0.0299,-0.1171,1.437,0.083,1.26,0.3973,-3.5847,0.2,0.0,0.0,0.0,0.0072,0.013,-0.935,0.9351,-0.0158,1,1,2,0.862,0.486,0.514,0,0,0.0,5,DESCENT_PHASE,-0.0165,-0.0299
997,33.084,0.3997,-3.6686,1.4546,-0.0159,-0.0287,-0.117,1.435,0.084,1.257,0.3973,-3.5847,0.2,0.0,0.0,0.0,0.0069,0.0125,-0.9351,0.9352,0.0138,1,1,2,0.863,0.493,0.507,0,0,0.0,5,DESCENT_PHASE,-0.0159,-0.0287
998,33.117,0.3993,-3.6692,1.4523,-0.0162,-0.0289,-0.117,1.432,0.085,1.255,0.3973,-3.5847,0.2,0.0,0.0,0.0,0.007,0.0126,-0.9352,0.9353,-0.0185,1,1,2,0.862,0.486,0.514,0,0,0.0,5,DESCENT_PHASE,-0.0162,-0.0289
999,33.15,0.399,-3.6698,1.45,-0.0153,-0.028,-0.117,1.43,0.085,1.253,0.3973,-3.5847,0.2,0.0,0.0,0.0,0.0066,0.0122,-0.9352,0.9353,0.011,1,1,2,0.863,0.492,0.508,0,0,0.0,5,DESCENT_PHASE,-0.0153,-0.028
1000,33.184,0.3987,-3.6703,1.4476,-0.0157,-0.0286,-0.1171,1.428,0.086,1.251,0.3973,-3.5847,0.2,0.0,0.0,0.0,0.0068,0.0124,-0.935,0.9351,-0.0079,1,1,2,0.862,0.484,0.516,0,0,0.0,5,DESCENT_PHASE,-0.0157,-0.0286
1001,33.221,0.3984,-3.6709,1.4453,-0.0151,-0.0282,-0.117,1.425,0.086,1.248,0.3973,-3.5847,0.2,0.0,0.0,0.0,0.0066,0.0123,-0.935,0.9352,0.0215,1,1,2,0.863,0.488,0.512,0,0,0.0,5,DESCENT_PHASE,-0.0151,-0.0282
1002,33.254,0.3981,-3.6715,1.4429,-0.0162,-0.0285,-0.1171,1.423,0.087,1.246,0.3973,-3.5847,0.2,0.0,0.0,0.0,0.007,0.0124,-0.9349,0.935,-0.0094,1,1,2,0.862,0.485,0.515,0,0,0.0,5,DESCENT_PHASE,-0.0162,-0.0285
1003,33.287,0.3978,-3.672,1.4406,-0.0167,-0.0271,-0.117,1.421,0.087,1.244,0.3973,-3.5847,0.2,0.0,0.0,0.0,0.0072,0.0118,-0.935,0.9351,0.0197,1,1,2,0.864,0.494,0.506,0,0,0.0,5,DESCENT_PHASE,-0.0167,-0.0271
1004,33.32,0.3974,-3.6725,1.4383,-0.0177,-0.0264,-0.117,1.418,0.088,1.241,0.3973,-3.5847,0.2,0.0,0.0,0.0,0.0077,0.0115,-0.9352,0.9353,-0.0127,1,1,2,0.864,0.49,0.51,0,0,0.0,5,DESCENT_PHASE,-0.0177,-0.0264
1005,33.352,0.3971,-3.673,1.4359,-0.017,-0.0241,-0.1169,1.416,0.088,1.239,0.3973,-3.5847,0.2,0.0,0.0,0.0,0.0074,0.0105,-0.9352,0.9353,0.0166,1,1,2,0.865,0.497,0.503,0,0,0.0,5,DESCENT_PHASE,-0.017,-0.0241
1006,33.385,0.3967,-3.6735,1.4336,-0.0173,-0.0228,-0.1169,1.414,0.089,1.237,0.3973,-3.5847,0.2,0.0,0.0,0.0,0.0075,0.0099,-0.9353,0.9354,-0.0159,1,1,2,0.864,0.491,0.509,0,0,0.0,5,DESCENT_PHASE,-0.0173,-0.0228
1007,33.42,0.3964,-3.6739,1.4313,-0.0162,-0.0202,-0.1169,1.411,0.089,1.234,0.3973,-3.5847,0.2,0.0,0.0,0.0,0.007,0.0088,-0.9353,0.9353,0.0135,1,1,2,0.865,0.496,0.504,0,0,0.0,5,DESCENT_PHASE,-0.0162,-0.0202
1008,33.456,0.3961,-3.6743,1.4289,-0.0164,-0.0189,-0.1169,1.409,0.09,1.232,0.3973,-3.5847,0.2,0.0,0.0,0.0,0.0071,0.0082,-0.9353,0.9354,-0.0191,1,1,2,0.864,0.489,0.511,0,0,0.0,5,DESCENT_PHASE,-0.0164,-0.0189
1009,33.488,0.3958,-3.6746,1.4266,-0.0155,-0.0165,-0.1169,1.407,0.09,1.23,0.3973,-3.5847,0.2,0.0,0.0,0.0,0.0067,0.0072,-0.9352,0.9353,0.0104,1,1,2,0.865,0.492,0.508,0,0,0.0,5,DESCENT_PHASE,-0.0155,-0.0165
1010,33.522,0.3954,-3.6749,1.4242,-0.0162,-0.0157,-0.117,1.404,0.09,1.228,0.3973,-3.5847,0.2,0.0,0.0,0.0,0.007,0.0068,-0.9351,0.9351,-0.021,1,1,2,0.864,0.489,0.511,0,0,0.0,5,DESCENT_PHASE,-0.0162,-0.0157
1011,33.558,0.3951,-3.6752,1.4219,-0.0163,-0.014,-0.117,1.402,0.091,1.225,0.3973,-3.5847,0.2,0.0,0.0,0.0,0.0071,0.0061,-0.9351,0.9351,0.0084,1,1,2,0.866,0.496,0.504,0,0,0.0,5,DESCENT_PHASE,-0.0163,-0.014
1012,33.591,0.3948,-3.6755,1.4195,-0.0171,-0.014,-0.1173,1.4,0.091,1.223,0.3973,-3.5847,0.2,0.0,0.0,0.0,0.0074,0.0061,-0.9346,0.9346,-0.0149,1,1,2,0.865,0.491,0.509,0,0,0.0,5,DESCENT_PHASE,-0.0171,-0.014
1013,33.624,0.3944,-3.6757,1.4172,-0.0164,-0.0133,-0.1172,1.397,0.091,1.221,0.3973,-3.5847,0.2,0.0,0.0,0.0,0.0071,0.0058,-0.9348,0.9348,0.0146,1,1,2,0.867,0.498,0.502,0,0,0.0,5,DESCENT_PHASE,-0.0164,-0.0133
1014,33.657,0.3941,-3.676,1.4149,-0.0168,-0.0139,-0.1171,1.395,0.091,1.218,0.3973,-3.5847,0.2,0.0,0.0,0.0,0.0073,0.006,-0.935,0.935,-0.018,1,1,2,0.866,0.491,0.509,0,0,0.0,5,DESCENT_PHASE,-0.0168,-0.0139
1015,33.691,0.3938,-3.6763,1.4125,-0.0161,-0.0132,-0.117,1.393,0.092,1.216,0.3973,-3.5847,0.2,0.0,0.0,0.0,0.007,0.0057,-0.935,0.9351,0.0114,1,1,2,0.867,0.495,0.505,0,0,0.0,5,DESCENT_PHASE,-0.0161,-0.0132
1016,33.726,0.3934,-3.6766,1.4102,-0.0167,-0.0141,-0.117,1.39,0.092,1.214,0.3973,-3.5847,0.2,0.0,0.0,0.0,0.0072,0.0061,-0.935,0.9351,-0.0208,1,1,2,0.865,0.492,0.508,0,0,0.0,5,DESCENT_PHASE,-0.0167,-0.0141
1017,33.76,0.3931,-3.6768,1.4078,-0.0165,-0.014,-0.117,1.388,0.092,1.211,0.3973,-3.5847,0.2,0.0,0.0,0.0,0.0071,0.0061,-0.935,0.9351,0.0085,1,1,2,0.866,0.493,0.507,0,0,0.0,5,DESCENT_PHASE,-0.0165,-0.014
1018,33.792,0.3928,-3.6771,1.4055,-0.0177,-0.0156,-0.1173,1.385,0.093,1.209,0.3973,-3.5847,0.2,0.0,0.0,0.0,0.0077,0.0068,-0.9347,0.9347,-0.0054,1,1,2,0.866,0.493,0.507,0,0,0.0,5,DESCENT_PHASE,-0.0177,-0.0156
1019,33.825,0.3924,-3.6775,1.4032,-0.0181,-0.0165,-0.1172,1.383,0.093,1.207,0.3973,-3.5847,0.2,0.0,0.0,0.0,0.0078,0.0072,-0.9348,0.9349,0.0237,1,1,2,0.867,0.497,0.503,0,0,0.0,5,DESCENT_PHASE,-0.0181,-0.0165
1020,33.859,0.392,-3.6778,1.4008,-0.0193,-0.0179,-0.1171,1.381,0.093,1.204,0.3973,-3.5847,0.2,0.0,0.0,0.0,0.0084,0.0077,-0.935,0.935,-0.0086,1,1,2,0.867,0.491,0.509,0,0,0.0,5,DESCENT_PHASE,-0.0193,-0.0179
1021,33.894,0.3916,-3.6782,1.3985,-0.0192,-0.0173,-0.117,1.378,0.094,1.202,0.3973,-3.5847,0.2,0.0,0.0,0.0,0.0083,0.0075,-0.935,0.9351,0.0206,1,1,2,0.868,0.497,0.503,0,0,0.0,5,DESCENT_PHASE,-0.0192,-0.0173
1022,33.929,0.3912,-3.6785,1.3961,-0.0203,-0.0174,-0.117,1.376,0.094,1.2,0.3973,-3.5847,0.2,0.0,0.0,0.0,0.0088,0.0075,-0.9351,0.9352,-0.0117,1,1,2,0.867,0.489,0.511,0,0,0.0,5,DESCENT_PHASE,-0.0203,-0.0174
1023,33.964,0.3908,-3.6788,1.3938,-0.0203,-0.0158,-0.117,1.374,0.094,1.198,0.3973,-3.5847,0.2,0.0,0.0,0.0,0.0088,0.0069,-0.9351,0.9352,0.0174,1,1,2,0.868,0.494,0.506,0,0,0.0,5,DESCENT_PHASE,-0.0203,-0.0158
1024,34.001,0.3904,-3.6791,1.3914,-0.0219,-0.0152,-0.1171,1.371,0.095,1.195,0.3973,-3.5847,0.2,0.0,0.0,0.0,0.0095,0.0066,-0.9349,0.935,-0.013,1,1,2,0.868,0.493,0.507,0,0,0.0,5,DESCENT_PHASE,-0.0219,-0.0152
1025,34.037,0.3899,-3.6794,1.3891,-0.0228,-0.0132,-0.1171,1.369,0.095,1.193,0.3973,-3.5847,0.2,0.0,0.0,0.0,0.0098,0.0057,-0.935,0.935,0.0159,1,1,2,0.87,0.504,0.496,0,0,0.0,5,DESCENT_PHASE,-0.0228,-0.0132
1026,34.073,0.3895,-3.6797,1.3868,-0.0237,-0.0122,-0.117,1.367,0.095,1.191,0.3973,-3.5847,0.2,0.0,0.0,0.0,0.0103,0.0053,-0.9351,0.9352,-0.0163,1,1,2,0.87,0.502,0.498,0,0,0.0,5,DESCENT_PHASE,-0.0237,-0.0122
1027,34.109,0.389,-3.6799,1.3844,-0.0226,-0.0099,-0.117,1.364,0.096,1.188,0.3973,-3.5847,0.2,0.0,0.0,0.0,0.0098,0.0043,-0.9352,0.9352,0.013,1,1,2,0.871,0.51,0.49,0,0,0.0,5,DESCENT_PHASE,-0.0226,-0.0099
1028,34.146,0.3886,-3.68,1.3821,-0.022,-0.009,-0.1169,1.362,0.096,1.186,0.3973,-3.5847,0.2,0.0,0.0,0.0,0.0095,0.0039,-0.9352,0.9353,-0.0196,1,1,2,0.871,0.506,0.494,0,0,0.0,5,DESCENT_PHASE,-0.022,-0.009
1029,34.182,0.3882,-3.6802,1.3797,-0.0196,-0.007,-0.1169,1.36,0.096,1.184,0.3973,-3.5847,0.2,0.0,0.0,0.0,0.0085,0.003,-0.9352,0.9353,0.01,1,1,2,0.872,0.513,0.487,0,0,0.0,5,DESCENT_PHASE,-0.0196,-0.007
1030,34.218,0.3878,-3.6803,1.3774,-0.018,-0.0066,-0.1169,1.357,0.096,1.181,0.3973,-3.5847,0.2,0.0,0.0,0.0,0.0078,0.0029,-0.9353,0.9353,-0.0229,1,1,2,0.872,0.508,0.492,0,0,0.0,5,DESCENT_PHASE,-0.018,-0.0066
1031,34.253,0.3875,-3.6804,1.3751,-0.015,-0.0054,-0.1169,1.355,0.096,1.179,0.3973,-3.5847,0.2,0.0,0.0,0.0,0.0065,0.0023,-0.9352,0.9353,0.0069,1,1,2,0.873,0.513,0.487,0,0,0.0,5,DESCENT_PHASE,-0.015,-0.0054
1032,34.289,0.3872,-3.6805,1.3727,-0.0131,-0.006,-0.1176,1.353,0.096,1.177,0.3973,-3.5847,0.2,0.0,0.0,0.0,0.0057,0.0026,-0.9341,0.9342,-0.0141,1,1,2,0.872,0.507,0.493,0,0,0.0,5,DESCENT_PHASE,-0.0131,-0.006
1033,34.324,0.387,-3.6807,1.3704,-0.0101,-0.0061,-0.1173,1.35,0.097,1.174,0.3973,-3.5847,0.2,0.0,0.0,0.0,0.0044,0.0027,-0.9345,0.9345,0.0157,1,1,2,0.873,0.512,0.488,0,0,0.0,5,DESCENT_PHASE,-0.0101,-0.0061
1034,34.359,0.3869,-3.6808,1.368,-0.0085,-0.0074,-0.1172,1.348,0.097,1.172,0.3973,-3.5847,0.2,0.0,0.0,0.0,0.0037,0.0032,-0.9348,0.9348,-0.0171,1,1,2,0.872,0.504,0.496,0,0,0.0,5,DESCENT_PHASE,-0.0085,-0.0074
1035,34.393,0.3868,-3.681,1.3657,-0.006,-0.0074,-0.1171,1.346,0.097,1.17,0.3973,-3.5847,0.2,0.0,0.0,0.0,0.0026,0.0032,-0.9349,0.9349,0.0124,1,1,2,0.872,0.508,0.492,0,0,0.0,5,DESCENT_PHASE,-0.006,-0.0074
1036,34.429,0.3866,-3.6811,1.3633,-0.0052,-0.0088,-0.1171,1.343,0.097,1.167,0.3973,-3.5847,0.2,0.0,0.0,0.0,0.0023,0.0038,-0.935,0.935,-0.0198,1,1,2,0.871,0.497,0.503,0,0,0.0,5,DESCENT_PHASE,-0.0052,-0.0088
1037,34.465,0.3866,-3.6813,1.361,-0.0039,-0.0092,-0.117,1.341,0.097,1.165,0.3973,-3.5847,0.2,0.0,0.0,0.0,0.0017,0.004,-0.935,0.935,0.0091,1,1,2,0.871,0.499,0.501,0,0,0.0,5,DESCENT_PHASE,-0.0039,-0.0092
1038,34.502,0.3865,-3.6815,1.3587,-0.0046,-0.0112,-0.1173,1.339,0.097,1.163,0.3973,-3.5847,0.2,0.0,0.0,0.0,0.002,0.0048,-0.9346,0.9346,-0.0094,1,1,2,0.871,0.497,0.503,0,0,0.0,5,DESCENT_PHASE,-0.0046,-0.0112
1039,34.538,0.3864,-3.6818,1.3563,-0.005,-0.0124,-0.1172,1.336,0.098,1.16,0.3973,-3.5847,0.2,0.0,0.0,0.0,0.0022,0.0054,-0.9347,0.9348,0.0189,1,1,2,0.873,0.508,0.492,0,0,0.0,5,DESCENT_PHASE,-0.005,-0.0124
1040,34.574,0.3863,-3.6821,1.354,-0.0058,-0.0144,-0.1171,1.334,0.098,1.158,0.3973,-3.5847,0.2,0.0,0.0,0.0,0.0025,0.0062,-0.9349,0.9349,-0.0125,1,1,2,0.872,0.504,0.496,0,0,0.0,5,DESCENT_PHASE,-0.0058,-0.0144
1041,34.611,0.3862,-3.6824,1.3516,-0.0049,-0.0149,-0.1171,1.332,0.098,1.156,0.3973,-3.5847,0.2,0.0,0.0,0.0,0.0021,0.0065,-0.935,0.935,0.0159,1,1,2,0.874,0.511,0.489,0,0,0.0,5,DESCENT_PHASE,-0.0049,-0.0149
1042,34.648,0.3861,-3.6827,1.3493,-0.0047,-0.0164,-0.117,1.329,0.099,1.154,0.3973,-3.5847,0.2,0.0,0.0,0.0,0.002,0.0071,-0.9351,0.9351,-0.0154,1,1,2,0.873,0.506,0.494,0,0,0.0,5,DESCENT_PHASE,-0.0047,-0.0164
1043,34.684,0.386,-3.683,1.347,-0.0032,-0.0166,-0.117,1.327,0.099,1.151,0.3973,-3.5847,0.2,0.0,0.0,0.0,0.0014,0.0072,-0.9351,0.9351,0.0128,1,1,2,0.874,0.511,0.489,0,0,0.0,5,DESCENT_PHASE,-0.0032,-0.0166
1044,34.719,0.3859,-3.6834,1.3446,-0.0028,-0.0181,-0.117,1.325,0.099,1.149,0.3973,-3.5847,0.2,0.0,0.0,0.0,0.0012,0.0078,-0.9351,0.9351,-0.0183,1,1,2,0.873,0.504,0.496,0,0,0.0,5,DESCENT_PHASE,-0.0028,-0.0181
1045,34.755,0.3859,-3.6838,1.3423,-0.0013,-0.0185,-0.117,1.322,0.1,1.147,0.3973,-3.5847,0.2,0.0,0.0,0.0,0.0006,0.008,-0.9351,0.9351,0.0098,1,1,2,0.874,0.509,0.491,0,0,0.0,5,DESCENT_PHASE,-0.0013,-0.0185
1046,34.792,0.3859,-3.6842,1.3399,-0.0013,-0.0204,-0.1171,1.32,0.1,1.144,0.3973,-3.5847,0.2,0.0,0.0,0.0,0.0006,0.0088,-0.9349,0.9349,-0.0044,1,1,2,0.873,0.5,0.5,0,0,0.0,5,DESCENT_PHASE,-0.0013,-0.0204
1047,34.832,0.3859,-3.6846,1.3376,-0.0006,-0.0215,-0.1176,1.318,0.101,1.142,0.3973,-3.5847,0.2,0.0,0.0,0.0,0.0003,0.0093,-0.9341,0.9342,0.024,1,1,2,0.874,0.504,0.496,0,0,0.0,5,DESCENT_PHASE,-0.0006,-0.0215
1048,34.868,0.3858,-3.6851,1.3352,-0.0017,-0.023,-0.1174,1.315,0.101,1.14,0.3973,-3.5847,0.2,0.0,0.0,0.0,0.0007,0.0099,-0.9345,0.9345,-0.0065,1,1,2,0.872,0.497,0.503,0,0,0.0,5,DESCENT_PHASE,-0.0017,-0.023
1049,34.905,0.3858,-3.6855,1.3329,-0.0021,-0.0225,-0.1172,1.313,0.101,1.137,0.3973,-3.5847,0.2,0.0,0.0,0.0,0.0009,0.0097,-0.9347,0.9348,0.0212,1,1,2,0.873,0.501,0.499,0,0,0.0,5,DESCENT_PHASE,-0.0021,-0.0225
1050,34.944,0.3857,-3.686,1.3305,-0.0042,-0.0225,-0.1172,1.311,0.102,1.135,0.3973,-3.5847,0.2,0.0,0.0,0.0,0.0018,0.0097,-0.9348,0.9348,-0.0091,1,1,2,0.872,0.495,0.505,0,0,0.0,5,DESCENT_PHASE,-0.0042,-0.0225
1051,34.982,0.3856,-3.6864,1.3282,-0.0056,-0.0208,-0.1171,1.308,0.102,1.133,0.3973,-3.5847,0.2,0.0,0.0,0.0,0.0024,0.009,-0.9349,0.9349,0.0187,1,1,2,0.874,0.502,0.498,0,0,0.0,5,DESCENT_PHASE,-0.0056,-0.0208
1052,35.023,0.3854,-3.6868,1.3259,-0.0081,-0.0199,-0.1171,1.306,0.103,1.131,0.3973,-3.5847,0.2,0.0,0.0,0.0,0.0035,0.0086,-0.935,0.9351,-0.0122,1,1,2,0.873,0.494,0.506,0,0,0.0,5,DESCENT_PHASE,-0.0081,-0.0199
1053,35.061,0.3853,-3.6871,1.3235,-0.0095,-0.0174,-0.117,1.304,0.103,1.128,0.3973,-3.5847,0.2,0.0,0.0,0.0,0.0041,0.0075,-0.935,0.9351,0.0158,1,1,2,0.874,0.499,0.501,0,0,0.0,5,DESCENT_PHASE,-0.0095,-0.0174
1054,35.097,0.385,-3.6874,1.3212,-0.0124,-0.0159,-0.1172,1.301,0.104,1.126,0.3973,-3.5847,0.2,0.0,0.0,0.0,0.0054,0.0069,-0.9348,0.9348,-0.0144,1,1,2,0.873,0.497,0.503,0,0,0.0,5,DESCENT_PHASE,-0.0124,-0.0159
1055,35.134,0.3847,-3.6877,1.3188,-0.0146,-0.0132,-0.1171,1.299,0.104,1.124,0.3973,-3.5847,0.2,0.0,0.0,0.0,0.0063,0.0057,-0.9349,0.9349,0.0137,1,1,2,0.875,0.506,0.494,0,0,0.0,5,DESCENT_PHASE,-0.0146,-0.0132
1056,35.169,0.3844,-3.6879,1.3165,-0.0172,-0.0117,-0.1171,1.296,0.104,1.121,0.3973,-3.5847,0.2,0.0,0.0,0.0,0.0074,0.005,-0.935,0.935,-0.0177,1,1,2,0.875,0.502,0.498,0,0,0.0,5,DESCENT_PHASE,-0.0172,-0.0117
1057,35.204,0.384,-3.6881,1.3141,-0.0181,-0.009,-0.1171,1.294,0.104,1.119,0.3973,-3.5847,0.2,0.0,0.0,0.0,0.0078,0.0039,-0.935,0.935,0.011,1,1,2,0.876,0.509,0.491,0,0,0.0,5,DESCENT_PHASE,-0.0181,-0.009
1058,35.238,0.3836,-3.6883,1.3118,-0.0197,-0.0078,-0.1173,1.292,0.105,1.117,0.3973,-3.5847,0.2,0.0,0.0,0.0,0.0085,0.0034,-0.9347,0.9347,-0.0207,1,1,2,0.875,0.504,0.496,0,0,0.0,5,DESCENT_PHASE,-0.0197,-0.0078
1059,35.276,0.3832,-3.6884,1.3095,-0.02,-0.0057,-0.1172,1.289,0.105,1.114,0.3973,-3.5847,0.2,0.0,0.0,0.0,0.0086,0.0025,-0.9348,0.9349,0.0083,1,1,2,0.877,0.51,0.49,0,0,0.0,5,DESCENT_PHASE,-0.02,-0.0057
1060,35.312,0.3828,-3.6885,1.3071,-0.0214,-0.0053,-0.1175,1.287,0.105,1.112,0.3973,-3.5847,0.2,0.0,0.0,0.0,0.0092,0.0023,-0.9343,0.9344,-0.0235,1,1,2,0.876,0.503,0.497,0,0,0.0,5,DESCENT_PHASE,-0.0214,-0.0053
1061,35.346,0.3824,-3.6886,1.3048,-0.0216,-0.0043,-0.1173,1.285,0.105,1.11,0.3973,-3.5847,0.2,0.0,0.0,0.0,0.0093,0.0018,-0.9346,0.9346,0.0057,1,1,2,0.877,0.507,0.493,0,0,0.0,5,DESCENT_PHASE,-0.0216,-0.0043
1062,35.383,0.3819,-3.6887,1.3024,-0.0232,-0.0051,-0.1175,1.282,0.105,1.107,0.3973,-3.5847,0.2,0.0,0.0,0.0,0.01,0.0022,-0.9343,0.9344,-0.0099,1,1,2,0.877,0.506,0.494,0,0,0.0,5,DESCENT_PHASE,-0.0232,-0.0051
1063,35.419,0.3814,-3.6888,1.3001,-0.024,-0.0055,-0.1173,1.28,0.105,1.105,0.3973,-3.5847,0.2,0.0,0.0,0.0,0.0104,0.0024,-0.9346,0.9347,0.019,1,1,2,0.879,0.515,0.485,0,0,0.0,5,DESCENT_PHASE,-0.024,-0.0055
1064,35.454,0.3809,-3.6889,1.2977,-0.0252,-0.0067,-0.1171,1.278,0.106,1.103,0.3973,-3.5847,0.2,0.0,0.0,0.0,0.0108,0.0029,-0.9349,0.9349,-0.0132,1,1,2,0.878,0.513,0.487,0,0,0.0,5,DESCENT_PHASE,-0.0252,-0.0067
1065,35.488,0.3804,-3.6891,1.2954,-0.0243,-0.0064,-0.1171,1.275,0.106,1.1,0.3973,-3.5847,0.2,0.0,0.0,0.0,0.0105,0.0028,-0.935,0.9351,0.016,1,1,2,0.88,0.52,0.48,0,0,0.0,5,DESCENT_PHASE,-0.0243,-0.0064
1066,35.524,0.3799,-3.6892,1.293,-0.0242,-0.0071,-0.117,1.273,0.106,1.098,0.3973,-3.5847,0.2,0.0,0.0,0.0,0.0104,0.0031,-0.9351,0.9352,-0.0164,1,1,2,0.879,0.516,0.484,0,0,0.0,5,DESCENT_PHASE,-0.0242,-0.0071
1067,35.564,0.3795,-3.6893,1.2907,-0.0224,-0.0065,-0.117,1.271,0.106,1.096,0.3973,-3.5847,0.2,0.0,0.0,0.0,0.0097,0.0028,-0.9352,0.9352,0.013,1,1,2,0.88,0.521,0.479,0,0,0.0,5,DESCENT_PHASE,-0.0224,-0.0065
1068,35.599,0.3791,-3.6895,1.2884,-0.0217,-0.0073,-0.1169,1.268,0.106,1.094,0.3973,-3.5847,0.2,0.0,0.0,0.0,0.0093,0.0031,-0.9352,0.9353,-0.0195,1,1,2,0.88,0.516,0.484,0,0,0.0,5,DESCENT_PHASE,-0.0217,-0.0073
1069,35.633,0.3787,-3.6896,1.286,-0.0196,-0.007,-0.1169,1.266,0.107,1.091,0.3973,-3.5847,0.2,0.0,0.0,0.0,0.0085,0.003,-0.9352,0.9353,0.0099,1,1,2,0.881,0.52,0.48,0,0,0.0,5,DESCENT_PHASE,-0.0196,-0.007
1070,35.667,0.3783,-3.6898,1.2837,-0.0189,-0.0083,-0.1169,1.264,0.107,1.089,0.3973,-3.5847,0.2,0.0,0.0,0.0,0.0082,0.0036,-0.9352,0.9352,-0.0202,1,1,2,0.879,0.513,0.487,0,0,0.0,5,DESCENT_PHASE,-0.0189,-0.0083
1071,35.701,0.3779,-3.69,1.2814,-0.0173,-0.0087,-0.117,1.261,0.107,1.087,0.3973,-3.5847,0.2,0.0,0.0,0.0,0.0075,0.0038,-0.9352,0.9352,0.0092,1,1,2,0.88,0.516,0.484,0,0,0.0,5,DESCENT_PHASE,-0.0173,-0.0087
1072,35.735,0.3776,-3.6902,1.279,-0.0173,-0.0109,-0.1172,1.259,0.107,1.084,0.3973,-3.5847,0.2,0.0,0.0,0.0,0.0075,0.0047,-0.9348,0.9348,-0.0097,1,1,2,0.88,0.513,0.487,0,0,0.0,5,DESCENT_PHASE,-0.0173,-0.0109
1073,35.77,0.3773,-3.6904,1.2767,-0.0167,-0.0123,-0.1171,1.257,0.108,1.082,0.3973,-3.5847,0.2,0.0,0.0,0.0,0.0072,0.0053,-0.9349,0.9349,0.0195,1,1,2,0.881,0.52,0.48,0,0,0.0,5,DESCENT_PHASE,-0.0167,-0.0123
1074,35.804,0.3769,-3.6907,1.2743,-0.0169,-0.0144,-0.1171,1.254,0.108,1.08,0.3973,-3.5847,0.2,0.0,0.0,0.0,0.0073,0.0062,-0.935,0.935,-0.013,1,1,2,0.881,0.515,0.485,0,0,0.0,5,DESCENT_PHASE,-0.0169,-0.0144
1075,35.838,0.3766,-3.691,1.272,-0.0156,-0.015,-0.117,1.252,0.108,1.077,0.3973,-3.5847,0.2,0.0,0.0,0.0,0.0067,0.0065,-0.935,0.9351,0.0164,1,1,2,0.882,0.521,0.479,0,0,0.0,5,DESCENT_PHASE,-0.0156,-0.015
1076,35.872,0.3763,-3.6913,1.2696,-0.0155,-0.0167,-0.117,1.25,0.109,1.075,0.3973,-3.5847,0.2,0.0,0.0,0.0,0.0067,0.0072,-0.9351,0.9352,-0.0162,1,1,2,0.881,0.515,0.485,0,0,0.0,5,DESCENT_PHASE,-0.0155,-0.0167
1077,35.906,0.376,-3.6917,1.2673,-0.0142,-0.017,-0.117,1.247,0.109,1.073,0.3973,-3.5847,0.2,0.0,0.0,0.0,0.0061,0.0073,-0.9351,0.9352,0.0133,1,1,2,0.882,0.519,0.481,0,0,0.0,5,DESCENT_PHASE,-0.0142,-0.017
1078,35.939,0.3757,-3.692,1.265,-0.0144,-0.0186,-0.117,1.245,0.11,1.071,0.3973,-3.5847,0.2,0.0,0.0,0.0,0.0062,0.008,-0.9351,0.9352,-0.0192,1,1,2,0.88,0.512,0.488,0,0,0.0,5,DESCENT_PHASE,-0.0144,-0.0186
1079,35.974,0.3755,-3.6924,1.2626,-0.0138,-0.0191,-0.117,1.243,0.11,1.068,0.3973,-3.5847,0.2,0.0,0.0,0.0,0.0059,0.0082,-0.9351,0.9351,0.0103,1,1,2,0.881,0.515,0.485,0,0,0.0,5,DESCENT_PHASE,-0.0138,-0.0191
1080,36.007,0.3752,-3.6929,1.2603,-0.0148,-0.0212,-0.1178,1.24,0.11,1.066,0.3973,-3.5847,0.2,0.0,0.0,0.0,0.0063,0.0091,-0.9338,0.9339,-0.0026,1,1,2,0.881,0.513,0.487,0,0,0.0,5,DESCENT_PHASE,-0.0148,-0.0212
1081,36.04,0.3749,-3.6933,1.2579,-0.0152,-0.0225,-0.1175,1.238,0.111,1.064,0.3973,-3.5847,0.2,0.0,0.0,0.0,0.0065,0.0097,-0.9343,0.9343,0.0267,1,1,2,0.883,0.522,0.478,0,0,0.0,5,DESCENT_PHASE,-0.0152,-0.0225
1082,36.074,0.3745,-3.6938,1.2556,-0.016,-0.024,-0.1173,1.236,0.111,1.061,0.3973,-3.5847,0.2,0.0,0.0,0.0,0.0069,0.0103,-0.9346,0.9347,-0.0059,1,1,2,0.883,0.519,0.481,0,0,0.0,5,DESCENT_PHASE,-0.016,-0.024
1083,36.107,0.3742,-3.6942,1.2532,-0.0151,-0.0232,-0.1171,1.233,0.112,1.059,0.3973,-3.5847,0.2,0.0,0.0,0.0,0.0065,0.01,-0.9349,0.9349,0.0235,1,1,2,0.884,0.525,0.475,0,0,0.0,5,DESCENT_PHASE,-0.0151,-0.0232
1084,36.141,0.3739,-3.6947,1.2509,-0.0149,-0.023,-0.117,1.231,0.112,1.057,0.3973,-3.5847,0.2,0.0,0.0,0.0,0.0064,0.0099,-0.9351,0.9351,-0.009,1,1,2,0.883,0.522,0.478,0,0,0.0,5,DESCENT_PHASE,-0.0149,-0.023
1085,36.174,0.3737,-3.6951,1.2486,-0.0133,-0.0209,-0.117,1.229,0.113,1.055,0.3973,-3.5847,0.2,0.0,0.0,0.0,0.0057,0.009,-0.9351,0.9352,0.0203,1,1,2,0.885,0.526,0.474,0,0,0.0,5,DESCENT_PHASE,-0.0133,-0.0209
1086,36.208,0.3734,-3.6955,1.2462,-0.0128,-0.0194,-0.1169,1.226,0.113,1.052,0.3973,-3.5847,0.2,0.0,0.0,0.0,0.0055,0.0084,-0.9352,0.9353,-0.0121,1,1,2,0.884,0.521,0.479,0,0,0.0,5,DESCENT_PHASE,-0.0128,-0.0194
1087,36.242,0.3732,-3.6958,1.2439,-0.0111,-0.0164,-0.1169,1.224,0.114,1.05,0.3973,-3.5847,0.2,0.0,0.0,0.0,0.0048,0.007,-0.9352,0.9353,0.0171,1,1,2,0.884,0.524,0.476,0,0,0.0,5,DESCENT_PHASE,-0.0111,-0.0164
1088,36.277,0.373,-3.6961,1.2415,-0.0108,-0.0143,-0.1169,1.222,0.114,1.048,0.3973,-3.5847,0.2,0.0,0.0,0.0,0.0047,0.0061,-0.9352,0.9353,-0.0152,1,1,2,0.883,0.518,0.482,0,0,0.0,5,DESCENT_PHASE,-0.0108,-0.0143
1089,36.313,0.3728,-3.6963,1.2392,-0.0098,-0.0108,-0.1169,1.219,0.114,1.045,0.3973,-3.5847,0.2,0.0,0.0,0.0,0.0042,0.0046,-0.9352,0.9352,0.0139,1,1,2,0.884,0.52,0.48,0,0,0.0,5,DESCENT_PHASE,-0.0098,-0.0108
1090,36.347,0.3726,-3.6965,1.2369,-0.0105,-0.0086,-0.1171,1.217,0.115,1.043,0.3973,-3.5847,0.2,0.0,0.0,0.0,0.0045,0.0037,-0.9349,0.9349,-0.0168,1,1,2,0.884,0.518,0.482,0,0,0.0,5,DESCENT_PHASE,-0.0105,-0.0086
1091,36.382,0.3724,-3.6966,1.2345,-0.0107,-0.0052,-0.1171,1.215,0.115,1.041,0.3973,-3.5847,0.2,0.0,0.0,0.0,0.0046,0.0022,-0.935,0.935,0.012,1,1,2,0.885,0.525,0.475,0,0,0.0,5,DESCENT_PHASE,-0.0107,-0.0052
1092,36.415,0.3721,-3.6967,1.2322,-0.0115,-0.0032,-0.117,1.212,0.115,1.039,0.3973,-3.5847,0.2,0.0,0.0,0.0,0.005,0.0014,-0.935,0.9351,-0.0199,1,1,2,0.885,0.521,0.479,0,0,0.0,5,DESCENT_PHASE,-0.0115,-0.0032
1093,36.451,0.3719,-3.6967,1.2298,-0.0108,-0.0002,-0.117,1.21,0.115,1.036,0.3973,-3.5847,0.2,0.0,0.0,0.0,0.0046,0.0001,-0.9351,0.9351,0.0089,1,1,2,0.886,0.526,0.474,0,0,0.0,5,DESCENT_PHASE,-0.0108,-0.0002
1094,36.484,0.3717,-3.6967,1.2275,-0.0109,0.0011,-0.117,1.207,0.115,1.034,0.3973,-3.5847,0.2,0.0,0.0,0.0,0.0047,-0.0005,-0.9351,0.9351,-0.023,1,1,2,0.885,0.522,0.478,0,0,0.0,5,DESCENT_PHASE,-0.0109,0.0011
1095,36.519,0.3715,-3.6966,1.2252,-0.0098,0.0032,-0.117,1.205,0.115,1.032,0.3973,-3.5847,0.2,0.0,0.0,0.0,0.0042,-0.0014,-0.9351,0.9351,0.0059,1,1,2,0.886,0.525,0.475,0,0,0.0,5,DESCENT_PHASE,-0.0098,0.0032
1096,36.552,0.3713,-3.6965,1.2228,-0.01,0.0034,-0.117,1.203,0.115,1.029,0.3973,-3.5847,0.2,0.0,0.0,0.0,0.0043,-0.0014,-0.9352,0.9352,-0.026,1,1,2,0.885,0.519,0.481,0,0,0.0,5,DESCENT_PHASE,-0.01,0.0034
1097,36.587,0.3711,-3.6965,1.2205,-0.0092,0.004,-0.117,1.2,0.115,1.027,0.3973,-3.5847,0.2,0.0,0.0,0.0,0.004,-0.0017,-0.9352,0.9352,0.0028,1,1,2,0.886,0.522,0.478,0,0,0.0,5,DESCENT_PHASE,-0.0092,0.004
1098,36.621,0.3709,-3.6964,1.2181,-0.0101,0.0026,-0.1172,1.198,0.115,1.025,0.3973,-3.5847,0.2,0.0,0.0,0.0,0.0043,-0.0011,-0.9347,0.9347,-0.0048,1,1,2,0.885,0.518,0.482,0,0,0.0,5,DESCENT_PHASE,-0.0101,0.0026
1099,36.656,0.3707,-3.6964,1.2158,-0.0103,0.0013,-0.1172,1.196,0.115,1.022,0.3973,-3.5847,0.2,0.0,0.0,0.0,0.0044,-0.0006,-0.9348,0.9348,0.0205,1,1,2,0.887,0.524,0.476,0,0,0.0,5,DESCENT_PHASE,-0.0103,0.0013
1100,36.689,0.3705,-3.6964,1.2134,-0.0115,-0.0003,-0.1171,1.193,0.115,1.02,0.3973,-3.5847,0.2,0.0,0.0,0.0,0.005,0.0001,-0.935,0.935,-0.0112,1,1,2,0.886,0.519,0.481,0,0,0.0,5,DESCENT_PHASE,-0.0115,-0.0003
1101,36.724,0.3702,-3.6964,1.2111,-0.0115,-0.0003,-0.117,1.191,0.115,1.018,0.3973,-3.5847,0.2,0.0,0.0,0.0,0.0049,0.0001,-0.935,0.935,0.0175,1,1,2,0.887,0.523,0.477,0,0,0.0,5,DESCENT_PHASE,-0.0115,-0.0003
1102,36.757,0.37,-3.6964,1.2088,-0.0127,-0.0011,-0.117,1.189,0.115,1.015,0.3973,-3.5847,0.2,0.0,0.0,0.0,0.0054,0.0005,-0.9351,0.9351,-0.0143,1,1,2,0.886,0.517,0.483,0,0,0.0,5,DESCENT_PHASE,-0.0127,-0.0011
1103,36.792,0.3697,-3.6964,1.2064,-0.0129,-0.0006,-0.117,1.186,0.115,1.013,0.3973,-3.5847,0.2,0.0,0.0,0.0,0.0055,0.0002,-0.9351,0.9351,0.0144,1,1,2,0.886,0.521,0.479,0,0,0.0,5,DESCENT_PHASE,-0.0129,-0.0006
1104,36.825,0.3694,-3.6964,1.2041,-0.0147,-0.0012,-0.1171,1.184,0.115,1.011,0.3973,-3.5847,0.2,0.0,0.0,0.0,0.0063,0.0005,-0.9348,0.9349,-0.016,1,1,2,0.886,0.519,0.481,0,0,0.0,5,DESCENT_PHASE,-0.0147,-0.0012
1105,36.859,0.3691,-3.6965,1.2017,-0.0159,-0.0006,-0.1171,1.182,0.115,1.008,0.3973,-3.5847,0.2,0.0,0.0,0.0,0.0068,0.0003,-0.9349,0.935,0.0126,1,1,2,0.888,0.527,0.473,0,0,0.0,5,DESCENT_PHASE,-0.0159,-0.0006
1106,36.892,0.3688,-3.6965,1.1994,-0.0175,-0.0014,-0.117,1.179,0.115,1.006,0.3973,-3.5847,0.2,0.0,0.0,0.0,0.0075,0.0006,-0.935,0.9351,-0.0192,1,1,2,0.888,0.524,0.476,0,0,0.0,5,DESCENT_PHASE,-0.0175,-0.0014
1107,36.925,0.3684,-3.6965,1.1971,-0.0171,-0.0011,-0.117,1.177,0.116,1.004,0.3973,-3.5847,0.2,0.0,0.0,0.0,0.0073,0.0005,-0.9351,0.9351,0.0098,1,1,2,0.889,0.53,0.47,0,0,0.0,5,DESCENT_PHASE,-0.0171,-0.0011
1108,36.958,0.3681,-3.6966,1.1947,-0.0174,-0.0024,-0.117,1.175,0.116,1.001,0.3973,-3.5847,0.2,0.0,0.0,0.0,0.0075,0.001,-0.9352,0.9352,-0.0225,1,1,2,0.889,0.526,0.474,0,0,0.0,5,DESCENT_PHASE,-0.0174,-0.0024
1109,36.992,0.3678,-3.6966,1.1924,-0.0162,-0.0029,-0.117,1.172,0.116,0.999,0.3973,-3.5847,0.2,0.0,0.0,0.0,0.0069,0.0012,-0.9352,0.9352,0.0068,1,1,2,0.89,0.531,0.469,0,0,0.0,5,DESCENT_PHASE,-0.0162,-0.0029
1110,37.025,0.3674,-3.6967,1.19,-0.0159,-0.0052,-0.1175,1.17,0.116,0.997,0.3973,-3.5847,0.2,0.0,0.0,0.0,0.0068,0.0022,-0.9343,0.9343,-0.0057,1,1,2,0.889,0.527,0.473,0,0,0.0,5,DESCENT_PHASE,-0.0159,-0.0052
1111,37.058,0.3671,-3.6969,1.1877,-0.0144,-0.0069,-0.1173,1.168,0.116,0.994,0.3973,-3.5847,0.2,0.0,0.0,0.0,0.0062,0.003,-0.9346,0.9346,0.0237,1,1,2,0.89,0.532,0.468,0,0,0.0,5,DESCENT_PHASE,-0.0144,-0.0069
1112,37.092,0.3669,-3.697,1.1853,-0.0142,-0.0092,-0.1172,1.165,0.116,0.992,0.3973,-3.5847,0.2,0.0,0.0,0.0,0.0061,0.0039,-0.9348,0.9349,-0.0087,1,1,2,0.889,0.526,0.474,0,0,0.0,5,DESCENT_PHASE,-0.0142,-0.0092
1113,37.126,0.3666,-3.6972,1.183,-0.0129,-0.0094,-0.1171,1.163,0.117,0.99,0.3973,-3.5847,0.2,0.0,0.0,0.0,0.0055,0.0041,-0.9349,0.935,0.0205,1,1,2,0.89,0.529,0.471,0,0,0.0,5,DESCENT_PHASE,-0.0129,-0.0094
1114,37.159,0.3663,-3.6974,1.1807,-0.0132,-0.0104,-0.1171,1.161,0.117,0.988,0.3973,-3.5847,0.2,0.0,0.0,0.0,0.0057,0.0045,-0.9349,0.935,-0.0112,1,1,2,0.889,0.524,0.476,0,0,0.0,5,DESCENT_PHASE,-0.0132,-0.0104
1115,37.193,0.3661,-3.6976,1.1783,-0.0129,-0.0098,-0.117,1.158,0.117,0.985,0.3973,-3.5847,0.2,0.0,0.0,0.0,0.0055,0.0042,-0.935,0.9351,0.0178,1,1,2,0.89,0.529,0.471,0,0,0.0,5,DESCENT_PHASE,-0.0129,-0.0098
1116,37.226,0.3658,-3.6978,1.176,-0.0139,-0.01,-0.117,1.156,0.117,0.983,0.3973,-3.5847,0.2,0.0,0.0,0.0,0.006,0.0043,-0.9351,0.9351,-0.0143,1,1,2,0.889,0.522,0.478,0,0,0.0,5,DESCENT_PHASE,-0.0139,-0.01
1117,37.26,0.3655,-3.698,1.1736,-0.014,-0.0088,-0.117,1.154,0.118,0.981,0.3973,-3.5847,0.2,0.0,0.0,0.0,0.006,0.0038,-0.9351,0.9351,0.0146,1,1,2,0.89,0.525,0.475,0,0,0.0,5,DESCENT_PHASE,-0.014,-0.0088
1118,37.293,0.3652,-3.6982,1.1713,-0.0158,-0.0087,-0.1172,1.151,0.118,0.978,0.3973,-3.5847,0.2,0.0,0.0,0.0,0.0068,0.0037,-0.9348,0.9349,-0.0155,1,1,2,0.89,0.525,0.475,0,0,0.0,5,DESCENT_PHASE,-0.0158,-0.0087
1119,37.328,0.3649,-3.6983,1.169,-0.017,-0.0075,-0.1171,1.149,0.118,0.976,0.3973,-3.5847,0.2,0.0,0.0,0.0,0.0073,0.0032,-0.9349,0.9349,0.0132,1,1,2,0.892,0.533,0.467,0,0,0.0,5,DESCENT_PHASE,-0.017,-0.0075
1120,37.361,0.3645,-3.6985,1.1666,-0.0182,-0.0075,-0.117,1.147,0.118,0.974,0.3973,-3.5847,0.2,0.0,0.0,0.0,0.0078,0.0032,-0.935,0.9351,-0.0187,1,1,2,0.892,0.531,0.469,0,0,0.0,5,DESCENT_PHASE,-0.0182,-0.0075
1121,37.393,0.3642,-3.6986,1.1643,-0.0175,-0.0065,-0.117,1.144,0.119,0.972,0.3973,-3.5847,0.2,0.0,0.0,0.0,0.0075,0.0028,-0.9351,0.9351,0.0103,1,1,2,0.893,0.538,0.462,0,0,0.0,5,DESCENT_PHASE,-0.0175,-0.0065
1122,37.426,0.3638,-3.6988,1.1619,-0.0174,-0.0069,-0.117,1.142,0.119,0.969,0.3973,-3.5847,0.2,0.0,0.0,0.0,0.0074,0.003,-0.9352,0.9352,-0.0219,1,1,2,0.893,0.533,0.467,0,0,0.0,5,DESCENT_PHASE,-0.0174,-0.0069
1123,37.458,0.3635,-3.6989,1.1596,-0.0156,-0.0066,-0.117,1.14,0.119,0.967,0.3973,-3.5847,0.2,0.0,0.0,0.0,0.0067,0.0028,-0.9352,0.9352,0.0073,1,1,2,0.894,0.538,0.462,0,0,0.0,5,DESCENT_PHASE,-0.0156,-0.0066
1124,37.49,0.3632,-3.699,1.1573,-0.0148,-0.008,-0.1171,1.137,0.119,0.965,0.3973,-3.5847,0.2,0.0,0.0,0.0,0.0064,0.0034,-0.935,0.935,-0.0102,1,1,2,0.893,0.534,0.466,0,0,0.0,5,DESCENT_PHASE,-0.0148,-0.008
1125,37.522,0.3629,-3.6992,1.1549,-0.0127,-0.0088,-0.117,1.135,0.12,0.962,0.3973,-3.5847,0.2,0.0,0.0,0.0,0.0055,0.0038,-0.935,0.9351,0.019,1,1,2,0.894,0.538,0.462,0,0,0.0,5,DESCENT_PHASE,-0.0127,-0.0088
1126,37.555,0.3627,-3.6994,1.1526,-0.0119,-0.0105,-0.117,1.133,0.12,0.96,0.3973,-3.5847,0.2,0.0,0.0,0.0,0.0051,0.0045,-0.9351,0.9351,-0.0134,1,1,2,0.893,0.533,0.467,0,0,0.0,5,DESCENT_PHASE,-0.0119,-0.0105
1127,37.587,0.3625,-3.6996,1.1502,-0.01,-0.0106,-0.117,1.13,0.12,0.958,0.3973,-3.5847,0.2,0.0,0.0,0.0,0.0043,0.0045,-0.9351,0.9351,0.0159,1,1,2,0.894,0.536,0.464,0,0,0.0,5,DESCENT_PHASE,-0.01,-0.0106
1128,37.62,0.3623,-3.6999,1.1479,-0.0096,-0.0118,-0.117,1.128,0.12,0.956,0.3973,-3.5847,0.2,0.0,0.0,0.0,0.0041,0.0051,-0.9352,0.9352,-0.0165,1,1,2,0.893,0.529,0.471,0,0,0.0,5,DESCENT_PHASE,-0.0096,-0.0118
1129,37.652,0.3621,-3.7001,1.1456,-0.0086,-0.0117,-0.117,1.126,0.121,0.953,0.3973,-3.5847,0.2,0.0,0.0,0.0,0.0037,0.005,-0.9352,0.9352,0.0128,1,1,2,0.893,0.531,0.469,0,0,0.0,5,DESCENT_PHASE,-0.0086,-0.0117
1130,37.684,0.362,-3.7004,1.1432,-0.0095,-0.0129,-0.1171,1.123,0.121,0.951,0.3973,-3.5847,0.2,0.0,0.0,0.0,0.0041,0.0055,-0.9349,0.9349,-0.0175,1,1,2,0.893,0.53,0.47,0,0,0.0,5,DESCENT_PHASE,-0.0095,-0.0129
1131,37.716,0.3618,-3.7006,1.1409,-0.01,-0.0131,-0.1171,1.121,0.121,0.949,0.3973,-3.5847,0.2,0.0,0.0,0.0,0.0043,0.0056,-0.9349,0.935,0.0115,1,1,2,0.895,0.538,0.462,0,0,0.0,5,DESCENT_PHASE,-0.01,-0.0131
1132,37.748,0.3615,-3.7009,1.1385,-0.0107,-0.0148,-0.1171,1.119,0.122,0.946,0.3973,-3.5847,0.2,0.0,0.0,0.0,0.0046,0.0063,-0.9349,0.935,-0.0157,1,1,2,0.895,0.535,0.465,0,0,0.0,5,DESCENT_PHASE,-0.0107,-0.0148
1133,37.781,0.3614,-3.7012,1.1362,-0.0096,-0.0154,-0.1171,1.116,0.122,0.944,0.3973,-3.5847,0.2,0.0,0.0,0.0,0.0041,0.0066,-0.935,0.935,0.0137,1,1,2,0.896,0.541,0.459,0,0,0.0,5,DESCENT_PHASE,-0.0096,-0.0154
1134,37.813,0.3612,-3.7016,1.1338,-0.0092,-0.0174,-0.117,1.114,0.122,0.942,0.3973,-3.5847,0.2,0.0,0.0,0.0,0.0039,0.0074,-0.9351,0.9351,-0.019,1,1,2,0.895,0.537,0.463,0,0,0.0,5,DESCENT_PHASE,-0.0092,-0.0174
1135,37.846,0.361,-3.702,1.1315,-0.0073,-0.0183,-0.117,1.112,0.123,0.94,0.3973,-3.5847,0.2,0.0,0.0,0.0,0.0031,0.0078,-0.935,0.9351,0.0107,1,1,2,0.896,0.542,0.458,0,0,0.0,5,DESCENT_PHASE,-0.0073,-0.0183
1136,37.878,0.3609,-3.7024,1.1292,-0.0065,-0.0206,-0.1177,1.109,0.123,0.937,0.3973,-3.5847,0.2,0.0,0.0,0.0,0.0028,0.0088,-0.934,0.934,-0.0026,1,1,2,0.896,0.538,0.462,0,0,0.0,5,DESCENT_PHASE,-0.0065,-0.0206
1137,37.91,0.3608,-3.7028,1.1268,-0.0044,-0.0221,-0.1174,1.107,0.124,0.935,0.3973,-3.5847,0.2,0.0,0.0,0.0,0.0019,0.0095,-0.9344,0.9344,0.0272,1,1,2,0.897,0.542,0.458,0,0,0.0,5,DESCENT_PHASE,-0.0044,-0.0221
1138,37.943,0.3607,-3.7033,1.1245,-0.0037,-0.0239,-0.1172,1.104,0.124,0.933,0.3973,-3.5847,0.2,0.0,0.0,0.0,0.0016,0.0102,-0.9347,0.9347,-0.0057,1,1,2,0.896,0.537,0.463,0,0,0.0,5,DESCENT_PHASE,-0.0037,-0.0239
1139,37.975,0.3607,-3.7038,1.1221,-0.002,-0.0234,-0.1171,1.102,0.125,0.93,0.3973,-3.5847,0.2,0.0,0.0,0.0,0.0008,0.01,-0.9349,0.9349,0.0239,1,1,2,0.897,0.54,0.46,0,0,0.0,5,DESCENT_PHASE,-0.002,-0.0234
1140,38.008,0.3607,-3.7042,1.1198,-0.0019,-0.0233,-0.117,1.1,0.125,0.928,0.3973,-3.5847,0.2,0.0,0.0,0.0,0.0008,0.01,-0.9351,0.9351,-0.0087,1,1,2,0.895,0.533,0.467,0,0,0.0,5,DESCENT_PHASE,-0.0019,-0.0233
1141,38.041,0.3606,-3.7046,1.1174,-0.0012,-0.0213,-0.117,1.097,0.125,0.926,0.3973,-3.5847,0.2,0.0,0.0,0.0,0.0005,0.0091,-0.9351,0.9352,0.0206,1,1,2,0.896,0.535,0.465,0,0,0.0,5,DESCENT_PHASE,-0.0012,-0.0213
1142,38.073,0.3606,-3.705,1.1151,-0.0025,-0.0201,-0.1171,1.095,0.126,0.924,0.3973,-3.5847,0.2,0.0,0.0,0.0,0.0011,0.0086,-0.9349,0.935,-0.0098,1,1,2,0.896,0.533,0.467,0,0,0.0,5,DESCENT_PHASE,-0.0025,-0.0201
1143,38.106,0.3605,-3.7054,1.1128,-0.0034,-0.0171,-0.117,1.093,0.126,0.921,0.3973,-3.5847,0.2,0.0,0.0,0.0,0.0015,0.0073,-0.935,0.935,0.019,1,1,2,0.897,0.54,0.46,0,0,0.0,5,DESCENT_PHASE,-0.0034,-0.0171
1144,38.139,0.3604,-3.7057,1.1104,-0.0048,-0.015,-0.117,1.09,0.127,0.919,0.3973,-3.5847,0.2,0.0,0.0,0.0,0.0021,0.0064,-0.9351,0.9351,-0.013,1,1,2,0.897,0.538,0.462,0,0,0.0,5,DESCENT_PHASE,-0.0048,-0.015
1145,38.172,0.3603,-3.7059,1.1081,-0.0044,-0.0113,-0.117,1.088,0.127,0.917,0.3973,-3.5847,0.2,0.0,0.0,0.0,0.0019,0.0048,-0.9351,0.9351,0.0159,1,1,2,0.898,0.542,0.458,0,0,0.0,5,DESCENT_PHASE,-0.0044,-0.0113
1146,38.205,0.3602,-3.7061,1.1057,-0.0048,-0.0086,-0.117,1.086,0.127,0.915,0.3973,-3.5847,0.2,0.0,0.0,0.0,0.0021,0.0037,-0.9351,0.9351,-0.0162,1,1,2,0.898,0.54,0.46,0,0,0.0,5,DESCENT_PHASE,-0.0048,-0.0086
1147,38.239,0.3602,-3.7062,1.1034,-0.0037,-0.0047,-0.117,1.083,0.127,0.912,0.3973,-3.5847,0.2,0.0,0.0,0.0,0.0016,0.002,-0.9351,0.9351,0.0128,1,1,2,0.899,0.542,0.458,0,0,0.0,5,DESCENT_PHASE,-0.0037,-0.0047
1148,38.272,0.3601,-3.7062,1.1011,-0.0037,-0.0021,-0.117,1.081,0.127,0.91,0.3973,-3.5847,0.2,0.0,0.0,0.0,0.0016,0.0009,-0.9351,0.9351,-0.0192,1,1,2,0.898,0.539,0.461,0,0,0.0,5,DESCENT_PHASE,-0.0037,-0.0021
1149,38.306,0.36,-3.7062,1.0987,-0.0026,0.0016,-0.117,1.079,0.127,0.908,0.3973,-3.5847,0.2,0.0,0.0,0.0,0.0011,-0.0007,-0.9351,0.9351,0.0097,1,1,2,0.899,0.542,0.458,0,0,0.0,5,DESCENT_PHASE,-0.0026,0.0016
1150,38.338,0.36,-3.7061,1.0964,-0.0029,0.0037,-0.117,1.076,0.127,0.905,0.3973,-3.5847,0.2,0.0,0.0,0.0,0.0012,-0.0016,-0.9351,0.9351,-0.0222,1,1,2,0.898,0.536,0.464,0,0,0.0,5,DESCENT_PHASE,-0.0029,0.0037
1151,38.371,0.3599,-3.706,1.094,-0.0024,0.0065,-0.117,1.074,0.127,0.903,0.3973,-3.5847,0.2,0.0,0.0,0.0,0.001,-0.0028,-0.9351,0.9351,0.0066,1,1,2,0.898,0.538,0.462,0,0,0.0,5,DESCENT_PHASE,-0.0024,0.0065
1152,38.404,0.3598,-3.7058,1.0917,-0.0037,0.0076,-0.1171,1.072,0.127,0.901,0.3973,-3.5847,0.2,0.0,0.0,0.0,0.0016,-0.0032,-0.9349,0.9349,-0.0241,1,1,2,0.898,0.535,0.465,0,0,0.0,5,DESCENT_PHASE,-0.0037,0.0076
1153,38.438,0.3598,-3.7056,1.0893,-0.0045,0.0092,-0.1171,1.069,0.127,0.898,0.3973,-3.5847,0.2,0.0,0.0,0.0,0.0019,-0.0039,-0.935,0.935,0.0045,1,1,2,0.899,0.541,0.459,0,0,0.0,5,DESCENT_PHASE,-0.0045,0.0092
1154,38.47,0.3596,-3.7055,1.087,-0.0062,0.0088,-0.1171,1.067,0.127,0.896,0.3973,-3.5847,0.2,0.0,0.0,0.0,0.0026,-0.0037,-0.935,0.935,-0.0229,1,1,2,0.898,0.536,0.464,0,0,0.0,5,DESCENT_PHASE,-0.0062,0.0088
1155,38.504,0.3595,-3.7053,1.0847,-0.0065,0.0087,-0.117,1.065,0.126,0.894,0.3973,-3.5847,0.2,0.0,0.0,0.0,0.0028,-0.0037,-0.9351,0.9351,0.0058,1,1,2,0.9,0.54,0.46,0,0,0.0,5,DESCENT_PHASE,-0.0065,0.0087
1156,38.537,0.3593,-3.7052,1.0823,-0.0079,0.0068,-0.1171,1.062,0.126,0.891,0.3973,-3.5847,0.2,0.0,0.0,0.0,0.0034,-0.0029,-0.935,0.935,-0.0173,1,1,2,0.899,0.534,0.466,0,0,0.0,5,DESCENT_PHASE,-0.0079,0.0068
1157,38.573,0.3592,-3.7051,1.08,-0.0083,0.0054,-0.1171,1.06,0.126,0.889,0.3973,-3.5847,0.2,0.0,0.0,0.0,0.0035,-0.0023,-0.935,0.935,0.0114,1,1,2,0.899,0.538,0.462,0,0,0.0,5,DESCENT_PHASE,-0.0083,0.0054
1158,38.606,0.359,-3.705,1.0776,-0.0101,0.0026,-0.1171,1.058,0.126,0.887,0.3973,-3.5847,0.2,0.0,0.0,0.0,0.0043,-0.0011,-0.9349,0.9349,-0.0199,1,1,2,0.899,0.533,0.467,0,0,0.0,5,DESCENT_PHASE,-0.0101,0.0026
1159,38.639,0.3588,-3.705,1.0753,-0.0111,0.0007,-0.1171,1.055,0.126,0.884,0.3973,-3.5847,0.2,0.0,0.0,0.0,0.0047,-0.0003,-0.9349,0.9349,0.0087,1,1,2,0.9,0.537,0.463,0,0,0.0,5,DESCENT_PHASE,-0.0111,0.0007
1160,38.671,0.3585,-3.705,1.073,-0.0134,-0.0029,-0.1173,1.053,0.126,0.882,0.3973,-3.5847,0.2,0.0,0.0,0.0,0.0057,0.0012,-0.9346,0.9346,-0.0085,1,1,2,0.899,0.532,0.468,0,0,0.0,5,DESCENT_PHASE,-0.0134,-0.0029
1161,38.704,0.3582,-3.7052,1.0706,-0.0148,-0.0057,-0.1173,1.051,0.127,0.88,0.3973,-3.5847,0.2,0.0,0.0,0.0,0.0063,0.0024,-0.9347,0.9347,0.0202,1,1,2,0.9,0.537,0.463,0,0,0.0,5,DESCENT_PHASE,-0.0148,-0.0057
1162,38.737,0.3578,-3.7053,1.0683,-0.0174,-0.0092,-0.1173,1.048,0.127,0.877,0.3973,-3.5847,0.2,0.0,0.0,0.0,0.0074,0.0039,-0.9346,0.9346,-0.0109,1,1,2,0.899,0.533,0.467,0,0,0.0,5,DESCENT_PHASE,-0.0174,-0.0092
1163,38.769,0.3575,-3.7056,1.0659,-0.0191,-0.0111,-0.1173,1.046,0.127,0.875,0.3973,-3.5847,0.2,0.0,0.0,0.0,0.0082,0.0047,-0.9346,0.9347,0.0178,1,1,2,0.901,0.54,0.46,0,0,0.0,5,DESCENT_PHASE,-0.0191,-0.0111
1164,38.801,0.357,-3.7058,1.0636,-0.0217,-0.0139,-0.1172,1.044,0.128,0.873,0.3973,-3.5847,0.2,0.0,0.0,0.0,0.0093,0.0059,-0.9347,0.9348,-0.0141,1,1,2,0.9,0.535,0.465,0,0,0.0,5,DESCENT_PHASE,-0.0217,-0.0139
1165,38.835,0.3566,-3.7061,1.0612,-0.0229,-0.0152,-0.1172,1.041,0.128,0.871,0.3973,-3.5847,0.2,0.0,0.0,0.0,0.0098,0.0065,-0.9347,0.9348,0.0148,1,1,2,0.901,0.54,0.46,0,0,0.0,5,DESCENT_PHASE,-0.0229,-0.0152
1166,38.872,0.3561,-3.7065,1.0589,-0.0253,-0.0176,-0.1173,1.039,0.129,0.868,0.3973,-3.5847,0.2,0.0,0.0,0.0,0.0108,0.0075,-0.9346,0.9347,-0.0163,1,1,2,0.901,0.537,0.463,0,0,0.0,5,DESCENT_PHASE,-0.0253,-0.0176
1167,38.906,0.3555,-3.7069,1.0565,-0.0267,-0.0189,-0.1173,1.037,0.129,0.866,0.3973,-3.5847,0.2,0.0,0.0,0.0,0.0114,0.0081,-0.9347,0.9348,0.0127,1,1,2,0.902,0.545,0.455,0,0,0.0,5,DESCENT_PHASE,-0.0267,-0.0189
1168,38.938,0.355,-3.7073,1.0542,-0.0286,-0.0215,-0.1173,1.034,0.13,0.864,0.3973,-3.5847,0.2,0.0,0.0,0.0,0.0122,0.0092,-0.9346,0.9347,-0.0083,1,1,2,0.902,0.541,0.459,0,0,0.0,5,DESCENT_PHASE,-0.0286,-0.0215
1169,38.972,0.3544,-3.7078,1.0518,-0.0289,-0.023,-0.1172,1.032,0.13,0.862,0.3973,-3.5847,0.2,0.0,0.0,0.0,0.0123,0.0098,-0.9347,0.9348,0.021,1,1,2,0.903,0.548,0.452,0,0,0.0,5,DESCENT_PHASE,-0.0289,-0.023
1170,39.005,0.3538,-3.7083,1.0495,-0.0299,-0.0253,-0.1171,1.03,0.131,0.86,0.3973,-3.5847,0.2,0.0,0.0,0.0,0.0128,0.0108,-0.9349,0.935,-0.0116,1,1,2,0.903,0.543,0.457,0,0,0.0,5,DESCENT_PHASE,-0.0299,-0.0253
1171,39.036,0.3532,-3.7088,1.0472,-0.0296,-0.0258,-0.1171,1.027,0.132,0.857,0.3973,-3.5847,0.2,0.0,0.0,0.0,0.0126,0.011,-0.9349,0.9351,0.0179,1,1,2,0.904,0.549,0.451,0,0,0.0,5,DESCENT_PHASE,-0.0296,-0.0258
1172,39.068,0.3526,-3.7093,1.0448,-0.0305,-0.0272,-0.1171,1.025,0.132,0.855,0.3973,-3.5847,0.2,0.0,0.0,0.0,0.013,0.0116,-0.9349,0.9351,-0.0142,1,1,2,0.903,0.545,0.455,0,0,0.0,5,DESCENT_PHASE,-0.0305,-0.0272
1173,39.101,0.352,-3.7099,1.0425,-0.0303,-0.0272,-0.1171,1.022,0.133,0.853,0.3973,-3.5847,0.2,0.0,0.0,0.0,0.0129,0.0116,-0.9349,0.9351,0.0155,1,1,2,0.904,0.551,0.449,0,0,0.0,5,DESCENT_PHASE,-0.0303,-0.0272
1174,39.134,0.3513,-3.7104,1.0401,-0.031,-0.0284,-0.1176,1.02,0.134,0.851,0.3973,-3.5847,0.2,0.0,0.0,0.0,0.0132,0.0121,-0.9341,0.9343,-0.0167,1,1,2,0.904,0.546,0.454,0,0,0.0,5,DESCENT_PHASE,-0.031,-0.0284
1175,39.166,0.3507,-3.711,1.0378,-0.0305,-0.0283,-0.1174,1.018,0.135,0.849,0.3973,-3.5847,0.2,0.0,0.0,0.0,0.013,0.012,-0.9344,0.9346,0.0132,1,1,2,0.905,0.551,0.449,0,0,0.0,5,DESCENT_PHASE,-0.0305,-0.0283
1176,39.198,0.3501,-3.7116,1.0354,-0.0311,-0.0296,-0.1174,1.015,0.135,0.846,0.3973,-3.5847,0.2,0.0,0.0,0.0,0.0132,0.0126,-0.9345,0.9347,-0.01,1,1,2,0.904,0.547,0.453,0,0,0.0,5,DESCENT_PHASE,-0.0311,-0.0296
1177,39.23,0.3495,-3.7122,1.0331,-0.0306,-0.0297,-0.1172,1.013,0.136,0.844,0.3973,-3.5847,0.2,0.0,0.0,0.0,0.013,0.0127,-0.9347,0.9349,0.0196,1,1,2,0.906,0.554,0.446,0,0,0.0,5,DESCENT_PHASE,-0.0306,-0.0297
1178,39.263,0.3489,-3.7128,1.0307,-0.0311,-0.0307,-0.1171,1.011,0.137,0.842,0.3973,-3.5847,0.2,0.0,0.0,0.0,0.0132,0.0131,-0.9349,0.9351,-0.0132,1,1,2,0.905,0.548,0.452,0,0,0.0,5,DESCENT_PHASE,-0.0311,-0.0307
1179,39.298,0.3483,-3.7134,1.0284,-0.0303,-0.0301,-0.1171,1.008,0.138,0.84,0.3973,-3.5847,0.2,0.0,0.0,0.0,0.0129,0.0128,-0.935,0.9352,0.0163,1,1,2,0.906,0.554,0.446,0,0,0.0,5,DESCENT_PHASE,-0.0303,-0.0301
1180,39.33,0.3477,-3.714,1.0261,-0.0308,-0.0306,-0.1171,1.006,0.139,0.838,0.3973,-3.5847,0.2,0.0,0.0,0.0,0.0131,0.013,-0.935,0.9351,-0.0152,1,1,2,0.906,0.55,0.45,0,0,0.0,5,DESCENT_PHASE,-0.0308,-0.0306
1181,39.363,0.3471,-3.7146,1.0237,-0.0304,-0.0298,-0.117,1.004,0.139,0.835,0.3973,-3.5847,0.2,0.0,0.0,0.0,0.0129,0.0126,-0.935,0.9352,0.014,1,1,2,0.907,0.555,0.445,0,0,0.0,5,DESCENT_PHASE,-0.0304,-0.0298
1182,39.396,0.3464,-3.7152,1.0214,-0.0306,-0.0301,-0.117,1.001,0.14,0.833,0.3973,-3.5847,0.2,0.0,0.0,0.0,0.013,0.0128,-0.9352,0.9353,-0.017,1,1,2,0.906,0.553,0.447,0,0,0.0,5,DESCENT_PHASE,-0.0306,-0.0301
1183,39.428,0.3459,-3.7158,1.019,-0.0293,-0.0294,-0.117,0.999,0.141,0.831,0.3973,-3.5847,0.2,0.0,0.0,0.0,0.0124,0.0125,-0.9352,0.9353,0.0122,1,1,2,0.907,0.557,0.443,0,0,0.0,5,DESCENT_PHASE,-0.0293,-0.0294
1184,39.46,0.3453,-3.7164,1.0167,-0.029,-0.03,-0.117,0.997,0.142,0.829,0.3973,-3.5847,0.2,0.0,0.0,0.0,0.0123,0.0128,-0.9351,0.9352,-0.01,1,1,2,0.907,0.554,0.446,0,0,0.0,5,DESCENT_PHASE,-0.029,-0.03
1185,39.494,0.3447,-3.717,1.0144,-0.0275,-0.0297,-0.117,0.994,0.142,0.827,0.3973,-3.5847,0.2,0.0,0.0,0.0,0.0117,0.0126,-0.9351,0.9353,0.0191,1,1,2,0.908,0.556,0.444,0,0,0.0,5,DESCENT_PHASE,-0.0275,-0.0297
1186,39.527,0.3442,-3.7176,1.012,-0.0273,-0.0302,-0.117,0.992,0.143,0.825,0.3973,-3.5847,0.2,0.0,0.0,0.0,0.0116,0.0128,-0.9351,0.9353,-0.0126,1,1,2,0.907,0.554,0.446,0,0,0.0,5,DESCENT_PHASE,-0.0273,-0.0302
1187,39.562,0.3437,-3.7182,1.0097,-0.0262,-0.0291,-0.117,0.99,0.144,0.822,0.3973,-3.5847,0.2,0.0,0.0,0.0,0.0111,0.0123,-0.9352,0.9353,0.0163,1,1,2,0.908,0.557,0.443,0,0,0.0,5,DESCENT_PHASE,-0.0262,-0.0291
1188,39.594,0.3431,-3.7188,1.0073,-0.0264,-0.029,-0.1169,0.987,0.145,0.82,0.3973,-3.5847,0.2,0.0,0.0,0.0,0.0112,0.0123,-0.9353,0.9354,-0.0157,1,1,2,0.907,0.553,0.447,0,0,0.0,5,DESCENT_PHASE,-0.0264,-0.029
1189,39.629,0.3426,-3.7193,1.005,-0.0254,-0.0276,-0.1169,0.985,0.145,0.818,0.3973,-3.5847,0.2,0.0,0.0,0.0,0.0108,0.0117,-0.9352,0.9354,0.0131,1,1,2,0.908,0.554,0.446,0,0,0.0,5,DESCENT_PHASE,-0.0254,-0.0276
1190,39.664,0.3421,-3.7199,1.0027,-0.026,-0.0275,-0.1171,0.983,0.146,0.816,0.3973,-3.5847,0.2,0.0,0.0,0.0,0.011,0.0117,-0.935,0.9351,-0.0173,1,1,2,0.908,0.556,0.444,0,0,0.0,5,DESCENT_PHASE,-0.026,-0.0275
1191,39.7,0.3416,-3.7204,1.0003,-0.0259,-0.0264,-0.117,0.98,0.147,0.814,0.3973,-3.5847,0.2,0.0,0.0,0.0,0.011,0.0112,-0.9351,0.9352,0.0112,1,1,2,0.91,0.561,0.439,0,0,0.0,5,DESCENT_PHASE,-0.0259,-0.0264
1192,39.734,0.3411,-3.7209,0.998,-0.026,-0.0266,-0.117,0.978,0.147,0.811,0.3973,-3.5847,0.2,0.0,0.0,0.0,0.011,0.0113,-0.9351,0.9352,-0.0122,1,1,2,0.91,0.56,0.44,0,0,0.0,5,DESCENT_PHASE,-0.026,-0.0266
1193,39.77,0.3406,-3.7215,0.9956,-0.0241,-0.0259,-0.117,0.976,0.148,0.809,0.3973,-3.5847,0.2,0.0,0.0,0.0,0.0102,0.011,-0.9351,0.9353,0.0166,1,1,2,0.911,0.565,0.435,0,0,0.0,5,DESCENT_PHASE,-0.0241,-0.0259
1194,39.805,0.3401,-3.722,0.9933,-0.0226,-0.0262,-0.1169,0.973,0.149,0.807,0.3973,-3.5847,0.2,0.0,0.0,0.0,0.0096,0.0111,-0.9352,0.9354,-0.0154,1,1,2,0.911,0.563,0.437,0,0,0.0,5,DESCENT_PHASE,-0.0226,-0.0262
1195,39.842,0.3397,-3.7225,0.991,-0.0193,-0.0252,-0.1169,0.971,0.149,0.805,0.3973,-3.5847,0.2,0.0,0.0,0.0,0.0082,0.0107,-0.9352,0.9353,0.0136,1,1,2,0.912,0.567,0.433,0,0,0.0,5,DESCENT_PHASE,-0.0193,-0.0252
1196,39.877,0.3394,-3.723,0.9886,-0.0169,-0.0254,-0.1169,0.969,0.15,0.803,0.3973,-3.5847,0.2,0.0,0.0,0.0,0.0072,0.0108,-0.9353,0.9354,-0.0185,1,1,2,0.911,0.564,0.436,0,0,0.0,5,DESCENT_PHASE,-0.0169,-0.0254
1197,39.915,0.3391,-3.7235,0.9863,-0.0131,-0.0246,-0.1169,0.966,0.151,0.801,0.3973,-3.5847,0.2,0.0,0.0,0.0,0.0055,0.0104,-0.9352,0.9353,0.3844,1,1,2,0.912,0.567,0.433,0,0,0.0,5,DESCENT_PHASE,-0.0131,-0.0246
1198,39.961,0.3389,-3.724,0.9832,-0.0109,-0.0251,-0.154,0.963,0.151,0.798,0.3973,-3.5847,0.2,0.0,0.0,0.0,0.0046,0.0106,-0.8722,0.8723,0.409,1,1,2,0.913,0.571,0.429,0,0,0.0,5,DESCENT_PHASE,-0.0109,-0.0251
1199,40.003,0.3388,-3.7245,0.9797,-0.0076,-0.0248,-0.177,0.96,0.152,0.794,0.3973,-3.5847,0.2,0.0,0.0,0.0,0.0032,0.0105,-0.8331,0.8331,0.3858,1,1,2,0.913,0.57,0.43,0,0,0.0,5,DESCENT_PHASE,-0.0076,-0.0248
1200,40.057,0.3387,-3.7249,0.9758,-0.003,-0.0218,-0.1912,0.956,0.152,0.791,0.3973,-3.5847,0.2,0.0,0.0,0.0,0.0013,0.0092,-0.8089,0.809,0.4128,1,1,2,0.915,0.553,0.447,0,0,0.0,5,DESCENT_PHASE,-0.003,-0.0218
1201,40.113,0.3387,-3.7253,0.9718,0.0011,-0.017,-0.1999,0.952,0.152,0.787,0.3973,-3.5847,0.2,0.0,0.0,0.0,-0.0004,0.0072,-0.7941,0.7941,0.374,1,1,2,0.915,0.554,0.446,0,0,0.0,5,DESCENT_PHASE,0.0011,-0.017
1202,40.158,0.3389,-3.7254,0.9677,0.0067,-0.0082,-0.2057,0.948,0.152,0.783,0.3973,-3.5847,0.2,0.0,0.0,0.0,-0.0028,0.0035,-0.7842,0.7842,0.3692,1,1,2,0.916,0.548,0.452,0,0,0.0,5,DESCENT_PHASE,0.0067,-0.0082
1203,40.197,0.3391,-3.7254,0.9635,0.0112,0.0021,-0.2095,0.944,0.152,0.779,0.3973,-3.5847,0.2,0.0,0.0,0.0,-0.0047,-0.0009,-0.7779,0.7779,0.3578,1,1,2,0.916,0.55,0.45,0,0,0.0,5,DESCENT_PHASE,0.0112,0.0021
1204,40.236,0.3394,-3.7251,0.9593,0.0172,0.0134,-0.212,0.939,0.152,0.774,0.3973,-3.5847,0.2,0.0,0.0,0.0,-0.0073,-0.0057,-0.7735,0.7736,0.3556,1,1,2,0.917,0.548,0.452,0,0,0.0,5,DESCENT_PHASE,0.0172,0.0134
1205,40.271,0.3399,-3.7246,0.955,0.022,0.0255,-0.2138,0.935,0.151,0.77,0.3973,-3.5847,0.2,0.0,0.0,0.0,-0.0093,-0.0108,-0.7706,0.7707,0.3406,1,1,2,0.917,0.55,0.45,0,0,0.0,5,DESCENT_PHASE,0.022,0.0255
1206,40.307,0.3404,-3.7238,0.9507,0.0283,0.0381,-0.2151,0.931,0.15,0.766,0.3973,-3.5847,0.2,0.0,0.0,0.0,-0.012,-0.0161,-0.7683,0.7686,0.352,1,1,2,0.918,0.554,0.446,0,0,0.0,5,DESCENT_PHASE,0.0283,0.0381
1207,40.342,0.3411,-3.7228,0.9464,0.0335,0.0506,-0.2159,0.926,0.149,0.761,0.3973,-3.5847,0.2,0.0,0.0,0.0,-0.0142,-0.0214,-0.4835,0.4842,-0.026,1,1,2,0.918,0.55,0.45,0,0,0.0,5,DESCENT_PHASE,0.0335,0.0506
1208,40.375,0.3419,-3.7215,0.9428,0.0409,0.0664,-0.1811,0.923,0.148,0.757,0.3973,-3.5847,0.2,0.0,0.0,0.0,-0.0173,-0.0281,-0.5427,0.5437,-0.0432,1,1,2,0.917,0.573,0.427,0,0,0.0,5,DESCENT_PHASE,0.0409,0.0664
1209,40.41,0.3429,-3.7199,0.9396,0.0466,0.0791,-0.1584,0.92,0.146,0.754,0.3973,-3.5847,0.2,0.0,0.0,0.0,-0.0197,-0.0335,-0.5813,0.5826,-0.0084,1,1,2,0.917,0.572,0.428,0,0,0.0,5,DESCENT_PHASE,0.0466,0.0791
1210,40.443,0.3438,-3.7182,0.9367,0.0495,0.0874,-0.1443,0.917,0.144,0.751,0.3973,-3.5847,0.2,0.0,0.0,0.0,-0.021,-0.0371,-0.6051,0.6066,-0.0417,1,1,2,0.915,0.568,0.432,0,0,0.0,5,DESCENT_PHASE,0.0495,0.0874
1211,40.477,0.3449,-3.7162,0.9348,0.0525,0.0962,-0.0978,0.915,0.142,0.748,0.3973,-3.5847,0.2,0.0,0.0,0.0,-0.0223,-0.0409,-0.6843,0.6858,-0.0037,1,1,2,0.915,0.568,0.432,0,0,0.0,5,DESCENT_PHASE,0.0525,0.0962
1212,40.516,0.3459,-3.7142,0.9334,0.0525,0.1004,-0.0682,0.913,0.139,0.747,0.3973,-3.5847,0.2,0.0,0.0,0.0,-0.0223,-0.0427,-0.7346,0.7362,-0.0369,1,1,2,0.914,0.559,0.441,0,0,0.0,5,DESCENT_PHASE,0.0525,0.1004
1213,40.554,0.347,-3.7122,0.9324,0.0525,0.1041,-0.0492,0.912,0.137,0.745,0.3973,-3.5847,0.2,0.0,0.0,0.0,-0.0223,-0.0443,-0.7668,0.7684,-0.0011,1,1,2,0.914,0.56,0.44,0,0,0.0,5,DESCENT_PHASE,0.0525,0.1041
1214,40.588,0.348,-3.7101,0.9317,0.0501,0.1044,-0.0373,0.912,0.135,0.744,0.3973,-3.5847,0.2,0.0,0.0,0.0,-0.0213,-0.0445,-0.7871,0.7886,-0.0327,1,1,2,0.913,0.552,0.448,0,0,0.0,5,DESCENT_PHASE,0.0501,0.1044
1215,40.623,0.349,-3.708,0.9311,0.0481,0.1047,-0.0296,0.911,0.132,0.743,0.3973,-3.5847,0.2,0.0,0.0,0.0,-0.0205,-0.0446,-0.8003,0.8018,0.0019,1,1,2,0.913,0.555,0.445,0,0,0.0,5,DESCENT_PHASE,0.0481,0.1047
1216,40.657,0.3498,-3.7059,0.9306,0.0442,0.1022,-0.0248,0.911,0.13,0.742,0.3973,-3.5847,0.2,0.0,0.0,0.0,-0.0189,-0.0436,-0.8084,0.8098,-0.0289,1,1,2,0.912,0.546,0.454,0,0,0.0,5,DESCENT_PHASE,0.0442,0.1022
1217,40.697,0.3507,-3.7039,0.9302,0.0409,0.1,-0.0217,0.91,0.128,0.741,0.3973,-3.5847,0.2,0.0,0.0,0.0,-0.0175,-0.0427,-0.8137,0.815,0.0048,1,1,2,0.913,0.551,0.449,0,0,0.0,5,DESCENT_PHASE,0.0409,0.1
1218,40.734,0.3514,-3.702,0.9297,0.036,0.0954,-0.0204,0.91,0.126,0.741,0.3973,-3.5847,0.2,0.0,0.0,0.0,-0.0154,-0.0408,-0.8158,0.8169,-0.0263,1,1,2,0.912,0.547,0.453,0,0,0.0,5,DESCENT_PHASE,0.036,0.0954
1219,40.769,0.352,-3.7002,0.9294,0.032,0.0913,-0.0189,0.909,0.124,0.74,0.3973,-3.5847,0.2,0.0,0.0,0.0,-0.0137,-0.039,-0.8184,0.8194,0.0024,1,1,2,0.912,0.551,0.449,0,0,0.0,5,DESCENT_PHASE,0.032,0.0913
1220,40.806,0.3526,-3.6985,0.929,0.0265,0.085,-0.018,0.909,0.122,0.739,0.3973,-3.5847,0.2,0.0,0.0,0.0,-0.0114,-0.0364,-0.8198,0.8207,-0.0288,1,1,2,0.911,0.551,0.449,0,0,0.0,5,DESCENT_PHASE,0.0265,0.085
1221,40.843,0.353,-3.6969,0.9287,0.0217,0.0791,-0.0175,0.909,0.121,0.739,0.3973,-3.5847,0.2,0.0,0.0,0.0,-0.0093,-0.0339,-0.8208,0.8215,-0.001,1,1,2,0.912,0.548,0.452,0,0,0.0,5,DESCENT_PHASE,0.0217,0.0791
1222,40.879,0.3533,-3.6955,0.9283,0.0151,0.0708,-0.0176,0.908,0.119,0.738,0.3973,-3.5847,0.2,0.0,0.0,0.0,-0.0065,-0.0303,-0.8206,0.8212,-0.02,1,1,2,0.912,0.552,0.448,0,0,0.0,5,DESCENT_PHASE,0.0151,0.0708
1223,40.916,0.3535,-3.6942,0.928,0.0088,0.0626,-0.0175,0.908,0.118,0.737,0.3973,-3.5847,0.2,0.0,0.0,0.0,-0.0038,-0.0268,-0.8207,0.8211,0.0068,1,1,2,0.913,0.557,0.443,0,0,0.0,5,DESCENT_PHASE,0.0088,0.0626
1224,40.953,0.3535,-3.6932,0.9276,0.0024,0.0527,-0.0175,0.908,0.117,0.737,0.3973,-3.5847,0.2,0.0,0.0,0.0,-0.001,-0.0226,-0.8207,0.821,-0.0227,1,1,2,0.913,0.559,0.441,0,0,0.0,5,DESCENT_PHASE,0.0024,0.0527
1225,40.99,0.3535,-3.6923,0.9272,-0.0018,0.0435,-0.0179,0.907,0.116,0.736,0.3973,-3.5847,0.2,0.0,0.0,0.0,0.0008,-0.0187,-0.82,0.8202,0.0045,1,1,2,0.914,0.562,0.438,0,0,0.0,5,DESCENT_PHASE,-0.0018,0.0435
1226,41.026,0.3534,-3.6917,0.9269,-0.0066,0.0325,-0.0181,0.907,0.116,0.736,0.3973,-3.5847,0.2,0.0,0.0,0.0,0.0028,-0.014,-0.8196,0.8198,0.0108,1,1,2,0.914,0.556,0.444,0,0,0.0,5,DESCENT_PHASE,-0.0066,0.0325
1227,41.062,0.3532,-3.6912,0.9265,-0.0094,0.0219,-0.0183,0.907,0.115,0.736,0.3973,-3.5847,0.2,0.0,0.0,0.0,0.0041,-0.0094,-0.8194,0.8195,0.0035,1,1,2,0.915,0.562,0.438,0,0,0.0,5,DESCENT_PHASE,-0.0094,0.0219
1228,41.102,0.3529,-3.691,0.9262,-0.0129,0.0122,-0.0183,0.906,0.115,0.735,0.3973,-3.5847,0.2,0.0,0.0,0.0,0.0055,-0.0053,-0.8194,0.8194,0.0303,1,1,2,0.915,0.557,0.443,0,0,0.0,5,DESCENT_PHASE,-0.0129,0.0122
1229,41.139,0.3526,-3.6909,0.9258,-0.0145,0.0028,-0.0182,0.906,0.115,0.735,0.3973,-3.5847,0.2,0.0,0.0,0.0,0.0062,-0.0012,-0.8196,0.8196,0.0014,1,1,2,0.915,0.562,0.438,0,0,0.0,5,DESCENT_PHASE,-0.0145,0.0028
1230,41.174,0.3523,-3.691,0.9254,-0.0169,-0.0042,-0.0181,0.905,0.115,0.735,0.3973,-3.5847,0.2,0.0,0.0,0.0,0.0072,0.0018,-0.8198,0.8198,0.0332,1,1,2,0.915,0.56,0.44,0,0,0.0,5,DESCENT_PHASE,-0.0169,-0.0042
1231,41.213,0.3519,-3.6912,0.9251,-0.0177,-0.011,-0.0179,0.905,0.116,0.734,0.3973,-3.5847,0.2,0.0,0.0,0.0,0.0076,0.0047,-0.82,0.82,0.0046,1,1,2,0.916,0.564,0.436,0,0,0.0,5,DESCENT_PHASE,-0.0177,-0.011
1232,41.25,0.3515,-3.6915,0.9247,-0.0196,-0.0152,-0.0179,0.905,0.116,0.734,0.3973,-3.5847,0.2,0.0,0.0,0.0,0.0084,0.0065,-0.82,0.8201,0.0234,1,1,2,0.915,0.561,0.439,0,0,0.0,5,DESCENT_PHASE,-0.0196,-0.0152
1233,41.283,0.3511,-3.6919,0.9244,-0.0204,-0.0189,-0.0178,0.904,0.117,0.734,0.3973,-3.5847,0.2,0.0,0.0,0.0,0.0088,0.0081,-0.8203,0.8204,-0.0047,1,1,2,0.915,0.564,0.436,0,0,0.0,5,DESCENT_PHASE,-0.0204,-0.0189
1234,41.315,0.3507,-3.6923,0.924,-0.0224,-0.0208,-0.0177,0.904,0.117,0.733,0.3973,-3.5847,0.2,0.0,0.0,0.0,0.0096,0.0089,-0.8204,0.8205,0.0258,1,1,2,0.915,0.562,0.438,0,0,0.0,5,DESCENT_PHASE,-0.0224,-0.0208
1235,41.348,0.3502,-3.6928,0.9237,-0.0234,-0.023,-0.0176,0.904,0.118,0.733,0.3973,-3.5847,0.2,0.0,0.0,0.0,0.01,0.0099,-0.8206,0.8208,-0.0019,1,1,2,0.916,0.564,0.436,0,0,0.0,5,DESCENT_PHASE,-0.0234,-0.023
1236,41.38,0.3497,-3.6933,0.9233,-0.0253,-0.0231,-0.0174,0.903,0.119,0.733,0.3973,-3.5847,0.2,0.0,0.0,0.0,0.0108,0.0099,-0.8209,0.821,0.0285,1,1,2,0.915,0.56,0.44,0,0,0.0,5,DESCENT_PHASE,-0.0253,-0.0231
1237,41.414,0.3492,-3.6937,0.923,-0.0258,-0.0234,-0.0174,0.903,0.119,0.733,0.3973,-3.5847,0.2,0.0,0.0,0.0,0.011,0.01,-0.821,0.8211,0.0011,1,1,2,0.916,0.564,0.436,0,0,0.0,5,DESCENT_PHASE,-0.0258,-0.0234
1238,41.446,0.3486,-3.6942,0.9226,-0.0275,-0.0214,-0.0175,0.903,0.12,0.732,0.3973,-3.5847,0.2,0.0,0.0,0.0,0.0118,0.0092,-0.8207,0.8208,0.0071,1,1,2,0.915,0.562,0.438,0,0,0.0,5,DESCENT_PHASE,-0.0275,-0.0214
1239,41.478,0.3481,-3.6945,0.9222,-0.0282,-0.0193,-0.0178,0.902,0.12,0.732,0.3973,-3.5847,0.2,0.0,0.0,0.0,0.0121,0.0083,-0.8202,0.8203,-0.0199,1,1,2,0.917,0.568,0.432,0,0,0.0,5,DESCENT_PHASE,-0.0282,-0.0193
1240,41.511,0.3475,-3.6949,0.9219,-0.0296,-0.0166,-0.0182,0.902,0.121,0.732,0.3973,-3.5847,0.2,0.0,0.0,0.0,0.0127,0.0071,-0.8196,0.8197,0.0095,1,1,2,0.916,0.566,0.434,0,0,0.0,5,DESCENT_PHASE,-0.0296,-0.0166
1241,41.546,0.3469,-3.6952,0.9215,-0.0291,-0.0155,-0.0178,0.902,0.121,0.732,0.3973,-3.5847,0.2,0.0,0.0,0.0,0.0124,0.0066,-0.8203,0.8204,-0.0184,1,1,2,0.917,0.571,0.429,0,0,0.0,5,DESCENT_PHASE,-0.0291,-0.0155
1242,41.582,0.3463,-3.6955,0.9212,-0.0292,-0.0137,-0.0175,0.901,0.122,0.731,0.3973,-3.5847,0.2,0.0,0.0,0.0,0.0125,0.0059,-0.8207,0.8208,0.0128,1,1,2,0.917,0.568,0.432,0,0,0.0,5,DESCENT_PHASE,-0.0292,-0.0137
1243,41.619,0.3458,-3.6957,0.9208,-0.0276,-0.0133,-0.0174,0.901,0.122,0.731,0.3973,-3.5847,0.2,0.0,0.0,0.0,0.0118,0.0057,-0.821,0.8211,-0.0158,1,1,2,0.918,0.571,0.429,0,0,0.0,5,DESCENT_PHASE,-0.0276,-0.0133
1244,41.655,0.3452,-3.696,0.9205,-0.027,-0.012,-0.0173,0.9,0.123,0.731,0.3973,-3.5847,0.2,0.0,0.0,0.0,0.0115,0.0051,-0.8211,0.8212,0.0161,1,1,2,0.917,0.565,0.435,0,0,0.0,5,DESCENT_PHASE,-0.027,-0.012
1245,41.69,0.3447,-3.6962,0.9201,-0.0251,-0.0119,-0.0172,0.9,0.123,0.731,0.3973,-3.5847,0.2,0.0,0.0,0.0,0.0107,0.0051,-0.8212,0.8213,-0.013,1,1,2,0.918,0.568,0.432,0,0,0.0,5,DESCENT_PHASE,-0.0251,-0.0119
1246,41.726,0.3442,-3.6964,0.9198,-0.0245,-0.0105,-0.0179,0.9,0.124,0.73,0.3973,-3.5847,0.2,0.0,0.0,0.0,0.0105,0.0045,-0.8201,0.8202,0.0178,1,1,2,0.917,0.564,0.436,0,0,0.0,5,DESCENT_PHASE,-0.0245,-0.0105
1247,41.761,0.3438,-3.6966,0.9187,-0.0232,-0.0103,-0.0546,0.899,0.124,0.729,0.3973,-3.5847,0.2,0.0,0.0,0.0,0.0099,0.0044,-0.7576,0.7577,-0.0085,1,1,2,0.917,0.566,0.434,0,0,0.0,5,DESCENT_PHASE,-0.0232,-0.0103
1248,41.797,0.3433,-3.6968,0.9171,-0.0231,-0.0088,-0.0779,0.897,0.124,0.728,0.3973,-3.5847,0.2,0.0,0.0,0.0,0.0099,0.0037,-0.718,0.7181,0.0201,1,1,2,0.917,0.566,0.434,0,0,0.0,5,DESCENT_PHASE,-0.0231,-0.0088
1249,41.832,0.3429,-3.6969,0.9153,-0.0225,-0.0078,-0.0925,0.895,0.125,0.726,0.3973,-3.5847,0.2,0.0,0.0,0.0,0.0096,0.0033,-0.6933,0.6934,-0.0081,1,1,2,0.918,0.573,0.427,0,0,0.0,5,DESCENT_PHASE,-0.0225,-0.0078
1250,41.867,0.3424,-3.697,0.9133,-0.0218,-0.0052,-0.1016,0.893,0.125,0.724,0.3973,-3.5847,0.2,0.0,0.0,0.0,0.0093,0.0022,-0.6778,0.6778,0.0185,1,1,2,0.918,0.57,0.43,0,0,0.0,5,DESCENT_PHASE,-0.0218,-0.0052
1251,41.902,0.342,-3.6971,0.9111,-0.0197,-0.0032,-0.1073,0.891,0.125,0.722,0.3973,-3.5847,0.2,0.0,0.0,0.0,0.0084,0.0014,-0.6681,0.6681,-0.0103,1,1,2,0.919,0.574,0.426,0,0,0.0,5,DESCENT_PHASE,-0.0197,-0.0032
1252,41.937,0.3417,-3.6971,0.9089,-0.0186,0.0003,-0.111,0.889,0.125,0.72,0.3973,-3.5847,0.2,0.0,0.0,0.0,0.008,-0.0001,-0.6619,0.6619,0.0164,1,1,2,0.918,0.571,0.429,0,0,0.0,5,DESCENT_PHASE,-0.0186,0.0003
1253,41.972,0.3413,-3.6971,0.9066,-0.0163,0.0029,-0.1132,0.887,0.126,0.718,0.3973,-3.5847,0.2,0.0,0.0,0.0,0.007,-0.0013,-0.658,0.658,-0.0126,1,1,2,0.919,0.573,0.427,0,0,0.0,5,DESCENT_PHASE,-0.0163,0.0029
1254,42.007,0.341,-3.6969,0.9043,-0.0154,0.007,-0.1147,0.884,0.126,0.715,0.3973,-3.5847,0.2,0.0,0.0,0.0,0.0066,-0.003,-0.6555,0.6555,0.0152,1,1,2,0.918,0.569,0.431,0,0,0.0,5,DESCENT_PHASE,-0.0154,0.007
1255,42.043,0.3407,-3.6967,0.902,-0.0136,0.01,-0.1156,0.882,0.126,0.713,0.3973,-3.5847,0.2,0.0,0.0,0.0,0.0058,-0.0043,-0.6539,0.654,-0.0138,1,1,2,0.919,0.571,0.429,0,0,0.0,5,DESCENT_PHASE,-0.0136,0.01
1256,42.078,0.3405,-3.6964,0.8997,-0.0134,0.0142,-0.1164,0.88,0.125,0.711,0.3973,-3.5847,0.2,0.0,0.0,0.0,0.0057,-0.0061,-0.6527,0.6527,0.0103,1,1,2,0.918,0.568,0.432,0,0,0.0,5,DESCENT_PHASE,-0.0134,0.0142
1257,42.115,0.3402,-3.6961,0.8974,-0.0127,0.0174,-0.1167,0.877,0.125,0.708,0.3973,-3.5847,0.2,0.0,0.0,0.0,0.0054,-0.0074,-0.6521,0.6522,-0.0184,1,1,2,0.919,0.572,0.428,0,0,0.0,5,DESCENT_PHASE,-0.0127,0.0174
1258,42.151,0.34,-3.6957,0.895,-0.0132,0.0213,-0.1169,0.875,0.125,0.706,0.3973,-3.5847,0.2,0.0,0.0,0.0,0.0056,-0.0091,-0.6518,0.6519,0.0134,1,1,2,0.919,0.568,0.432,0,0,0.0,5,DESCENT_PHASE,-0.0132,0.0213
1259,42.187,0.3397,-3.6952,0.8927,-0.0125,0.0238,-0.117,0.873,0.125,0.704,0.3973,-3.5847,0.2,0.0,0.0,0.0,0.0053,-0.0102,-0.6516,0.6517,-0.0153,1,1,2,0.919,0.571,0.429,0,0,0.0,5,DESCENT_PHASE,-0.0125,0.0238
1260,42.223,0.3394,-3.6946,0.8903,-0.0133,0.0274,-0.1172,0.87,0.124,0.701,0.3973,-3.5847,0.2,0.0,0.0,0.0,0.0057,-0.0117,-0.6513,0.6514,0.007,1,1,2,0.919,0.566,0.434,0,0,0.0,5,DESCENT_PHASE,-0.0133,0.0274
1261,42.259,0.3392,-3.694,0.888,-0.0133,0.0297,-0.1172,0.868,0.124,0.699,0.3973,-3.5847,0.2,0.0,0.0,0.0,0.0057,-0.0127,-0.6512,0.6514,-0.0216,1,1,2,0.919,0.569,0.431,0,0,0.0,5,DESCENT_PHASE,-0.0133,0.0297
1262,42.296,0.3389,-3.6934,0.8856,-0.0147,0.0325,-0.1172,0.866,0.123,0.697,0.3973,-3.5847,0.2,0.0,0.0,0.0,0.0063,-0.0139,-0.6512,0.6514,0.0097,1,1,2,0.919,0.566,0.434,0,0,0.0,5,DESCENT_PHASE,-0.0147,0.0325
1263,42.331,0.3386,-3.6927,0.8833,-0.0153,0.0336,-0.1172,0.863,0.123,0.694,0.3973,-3.5847,0.2,0.0,0.0,0.0,0.0065,-0.0144,-0.6513,0.6515,-0.0189,1,1,2,0.92,0.569,0.431,0,0,0.0,5,DESCENT_PHASE,-0.0153,0.0336
1264,42.367,0.3382,-3.692,0.881,-0.0171,0.0355,-0.1172,0.861,0.123,0.692,0.3973,-3.5847,0.2,0.0,0.0,0.0,0.0073,-0.0152,-0.6513,0.6515,0.0125,1,1,2,0.919,0.565,0.435,0,0,0.0,5,DESCENT_PHASE,-0.0171,0.0355
1265,42.402,0.3379,-3.6913,0.8786,-0.018,0.0359,-0.1172,0.859,0.122,0.69,0.3973,-3.5847,0.2,0.0,0.0,0.0,0.0077,-0.0154,-0.6513,0.6515,-0.0161,1,1,2,0.92,0.569,0.431,0,0,0.0,5,DESCENT_PHASE,-0.018,0.0359
1266,42.438,0.3375,-3.6905,0.8763,-0.0201,0.0373,-0.1172,0.856,0.122,0.687,0.3973,-3.5847,0.2,0.0,0.0,0.0,0.0086,-0.016,-0.6512,0.6515,0.012,1,1,2,0.92,0.566,0.434,0,0,0.0,5,DESCENT_PHASE,-0.0201,0.0373
1267,42.474,0.337,-3.6898,0.8739,-0.0212,0.0373,-0.1172,0.854,0.121,0.685,0.3973,-3.5847,0.2,0.0,0.0,0.0,0.0091,-0.016,-0.6513,0.6515,-0.0166,1,1,2,0.921,0.57,0.43,0,0,0.0,5,DESCENT_PHASE,-0.0212,0.0373
1268,42.511,0.3366,-3.689,0.8716,-0.0234,0.0384,-0.1171,0.852,0.121,0.682,0.3973,-3.5847,0.2,0.0,0.0,0.0,0.01,-0.0164,-0.6514,0.6517,0.0148,1,1,2,0.92,0.563,0.437,0,0,0.0,5,DESCENT_PHASE,-0.0234,0.0384
1269,42.546,0.3361,-3.6883,0.8692,-0.0243,0.0381,-0.1171,0.849,0.12,0.68,0.3973,-3.5847,0.2,0.0,0.0,0.0,0.0104,-0.0163,-0.6514,0.6517,-0.0139,1,1,2,0.921,0.569,0.431,0,0,0.0,5,DESCENT_PHASE,-0.0243,0.0381
1270,42.581,0.3356,-3.6875,0.8669,-0.0266,0.039,-0.1174,0.847,0.12,0.678,0.3973,-3.5847,0.2,0.0,0.0,0.0,0.0114,-0.0167,-0.651,0.6513,0.0044,1,1,2,0.921,0.568,0.432,0,0,0.0,5,DESCENT_PHASE,-0.0266,0.039
1271,42.616,0.335,-3.6867,0.8645,-0.028,0.0387,-0.1173,0.845,0.12,0.675,0.3973,-3.5847,0.2,0.0,0.0,0.0,0.012,-0.0166,-0.6512,0.6515,-0.0243,1,1,2,0.923,0.574,0.426,0,0,0.0,5,DESCENT_PHASE,-0.028,0.0387
1272,42.652,0.3344,-3.6859,0.8622,-0.0293,0.0389,-0.1171,0.842,0.119,0.673,0.3973,-3.5847,0.2,0.0,0.0,0.0,0.0126,-0.0167,-0.6515,0.6518,0.0078,1,1,2,0.923,0.573,0.427,0,0,0.0,5,DESCENT_PHASE,-0.0293,0.0389
1273,42.688,0.3339,-3.6852,0.8599,-0.0283,0.037,-0.117,0.84,0.119,0.67,0.3973,-3.5847,0.2,0.0,0.0,0.0,0.0121,-0.0159,-0.6516,0.6519,-0.0215,1,1,2,0.924,0.578,0.422,0,0,0.0,5,DESCENT_PHASE,-0.0283,0.037
1274,42.723,0.3333,-3.6845,0.8575,-0.0277,0.0358,-0.1169,0.838,0.119,0.668,0.3973,-3.5847,0.2,0.0,0.0,0.0,0.0119,-0.0153,-0.6518,0.6521,0.0111,1,1,2,0.924,0.577,0.423,0,0,0.0,5,DESCENT_PHASE,-0.0277,0.0358
1275,42.759,0.3328,-3.6838,0.8552,-0.0252,0.0328,-0.1168,0.835,0.118,0.666,0.3973,-3.5847,0.2,0.0,0.0,0.0,0.0108,-0.0141,-0.6519,0.6521,-0.0185,1,1,2,0.925,0.58,0.42,0,0,0.0,5,DESCENT_PHASE,-0.0252,0.0328
1276,42.794,0.3323,-3.6832,0.8529,-0.0235,0.0307,-0.1168,0.833,0.118,0.663,0.3973,-3.5847,0.2,0.0,0.0,0.0,0.0101,-0.0132,-0.6519,0.6521,0.0145,1,1,2,0.925,0.579,0.421,0,0,0.0,5,DESCENT_PHASE,-0.0235,0.0307
1277,42.829,0.3319,-3.6827,0.8505,-0.0201,0.0271,-0.1168,0.831,0.118,0.661,0.3973,-3.5847,0.2,0.0,0.0,0.0,0.0086,-0.0116,-0.6519,0.652,-0.0155,1,1,2,0.926,0.581,0.419,0,0,0.0,5,DESCENT_PHASE,-0.0201,0.0271
1278,42.864,0.3316,-3.6822,0.8482,-0.0178,0.0247,-0.1168,0.828,0.118,0.659,0.3973,-3.5847,0.2,0.0,0.0,0.0,0.0076,-0.0106,-0.6519,0.652,0.0178,1,1,2,0.925,0.579,0.421,0,0,0.0,5,DESCENT_PHASE,-0.0178,0.0247
1279,42.899,0.3313,-3.6817,0.8458,-0.0143,0.021,-0.1169,0.826,0.117,0.656,0.3973,-3.5847,0.2,0.0,0.0,0.0,0.0061,-0.009,-0.6518,0.6519,-0.0124,1,1,2,0.926,0.581,0.419,0,0,0.0,5,DESCENT_PHASE,-0.0143,0.021
1280,42.934,0.331,-3.6814,0.8435,-0.0121,0.0188,-0.1175,0.823,0.117,0.654,0.3973,-3.5847,0.2,0.0,0.0,0.0,0.0052,-0.0081,-0.6507,0.6508,0.0197,1,1,2,0.925,0.578,0.422,0,0,0.0,5,DESCENT_PHASE,-0.0121,0.0188
1281,42.97,0.3309,-3.6811,0.8411,-0.0091,0.0155,-0.1173,0.821,0.117,0.652,0.3973,-3.5847,0.2,0.0,0.0,0.0,0.0039,-0.0067,-0.6511,0.6511,-0.0105,1,1,2,0.926,0.58,0.42,0,0,0.0,5,DESCENT_PHASE,-0.0091,0.0155
1282,43.008,0.3307,-3.6808,0.8388,-0.0076,0.0139,-0.1172,0.819,0.117,0.649,0.3973,-3.5847,0.2,0.0,0.0,0.0,0.0033,-0.006,-0.6513,0.6514,0.0226,1,1,2,0.925,0.576,0.424,0,0,0.0,5,DESCENT_PHASE,-0.0076,0.0139
1283,43.043,0.3306,-3.6806,0.8365,-0.0055,0.0114,-0.1171,0.816,0.117,0.647,0.3973,-3.5847,0.2,0.0,0.0,0.0,0.0023,-0.0049,-0.6514,0.6515,-0.0072,1,1,2,0.925,0.577,0.423,0,0,0.0,5,DESCENT_PHASE,-0.0055,0.0114
1284,43.079,0.3305,-3.6803,0.8341,-0.0052,0.0108,-0.1172,0.814,0.117,0.645,0.3973,-3.5847,0.2,0.0,0.0,0.0,0.0022,-0.0046,-0.6512,0.6513,0.0184,1,1,2,0.925,0.575,0.425,0,0,0.0,5,DESCENT_PHASE,-0.0052,0.0108
1285,43.115,0.3304,-3.6801,0.8318,-0.0046,0.0096,-0.1171,0.812,0.117,0.642,0.3973,-3.5847,0.2,0.0,0.0,0.0,0.002,-0.0041,-0.6514,0.6514,-0.0108,1,1,2,0.926,0.582,0.418,0,0,0.0,5,DESCENT_PHASE,-0.0046,0.0096
1286,43.152,0.3303,-3.68,0.8294,-0.0049,0.0099,-0.117,0.809,0.116,0.64,0.3973,-3.5847,0.2,0.0,0.0,0.0,0.0021,-0.0042,-0.6515,0.6516,0.0214,1,1,2,0.926,0.579,0.421,0,0,0.0,5,DESCENT_PHASE,-0.0049,0.0099
1287,43.188,0.3302,-3.6798,0.8271,-0.0039,0.0093,-0.117,0.807,0.116,0.638,0.3973,-3.5847,0.2,0.0,0.0,0.0,0.0017,-0.004,-0.6516,0.6516,-0.0076,1,1,2,0.927,0.582,0.418,0,0,0.0,5,DESCENT_PHASE,-0.0039,0.0093
1288,43.224,0.3301,-3.6796,0.8248,-0.004,0.0105,-0.1171,0.805,0.116,0.635,0.3973,-3.5847,0.2,0.0,0.0,0.0,0.0017,-0.0045,-0.6514,0.6514,0.0105,1,1,2,0.926,0.578,0.422,0,0,0.0,5,DESCENT_PHASE,-0.004,0.0105
1289,43.263,0.3301,-3.6793,0.8224,-0.0032,0.011,-0.1171,0.802,0.116,0.633,0.3973,-3.5847,0.2,0.0,0.0,0.0,0.0014,-0.0047,-0.6515,0.6515,-0.0183,1,1,2,0.927,0.581,0.419,0,0,0.0,5,DESCENT_PHASE,-0.0032,0.011
1290,43.302,0.33,-3.6791,0.8201,-0.0039,0.0124,-0.117,0.8,0.116,0.631,0.3973,-3.5847,0.2,0.0,0.0,0.0,0.0017,-0.0053,-0.6516,0.6516,0.0133,1,1,2,0.926,0.576,0.424,0,0,0.0,5,DESCENT_PHASE,-0.0039,0.0124
1291,43.339,0.3299,-3.6788,0.8177,-0.0037,0.0123,-0.117,0.798,0.116,0.628,0.3973,-3.5847,0.2,0.0,0.0,0.0,0.0016,-0.0053,-0.6516,0.6516,-0.0151,1,1,2,0.926,0.577,0.423,0,0,0.0,5,DESCENT_PHASE,-0.0037,0.0123
1292,43.378,0.3298,-3.6786,0.8154,-0.0055,0.0133,-0.1171,0.795,0.116,0.626,0.3973,-3.5847,0.2,0.0,0.0,0.0,0.0024,-0.0057,-0.6513,0.6514,0.0149,1,1,2,0.926,0.577,0.423,0,0,0.0,5,DESCENT_PHASE,-0.0055,0.0133
1293,43.411,0.3297,-3.6783,0.813,-0.0068,0.0131,-0.1171,0.793,0.116,0.624,0.3973,-3.5847,0.2,0.0,0.0,0.0,0.0029,-0.0056,-0.6514,0.6515,-0.013,1,1,2,0.928,0.582,0.418,0,0,0.0,5,DESCENT_PHASE,-0.0068,0.0131
1294,43.447,0.3295,-3.678,0.8107,-0.0085,0.014,-0.117,0.791,0.115,0.622,0.3973,-3.5847,0.2,0.0,0.0,0.0,0.0037,-0.006,-0.6515,0.6516,0.018,1,1,2,0.927,0.58,0.42,0,0,0.0,5,DESCENT_PHASE,-0.0085,0.014
1295,43.482,0.3293,-3.6778,0.8084,-0.0084,0.0139,-0.117,0.788,0.115,0.619,0.3973,-3.5847,0.2,0.0,0.0,0.0,0.0036,-0.006,-0.6516,0.6516,-0.01,1,1,2,0.928,0.585,0.415,0,0,0.0,5,DESCENT_PHASE,-0.0084,0.0139
1296,43.516,0.3292,-3.6774,0.806,-0.009,0.0153,-0.1171,0.786,0.115,0.617,0.3973,-3.5847,0.2,0.0,0.0,0.0,0.0038,-0.0066,-0.6515,0.6515,0.0136,1,1,2,0.928,0.583,0.417,0,0,0.0,5,DESCENT_PHASE,-0.009,0.0153
1297,43.551,0.329,-3.6771,0.8037,-0.008,0.0159,-0.117,0.784,0.115,0.615,0.3973,-3.5847,0.2,0.0,0.0,0.0,0.0034,-0.0068,-0.6515,0.6516,-0.0144,1,1,2,0.929,0.586,0.414,0,0,0.0,5,DESCENT_PHASE,-0.008,0.0159
1298,43.586,0.3288,-3.6768,0.8013,-0.0081,0.0175,-0.117,0.781,0.115,0.612,0.3973,-3.5847,0.2,0.0,0.0,0.0,0.0035,-0.0075,-0.6516,0.6516,0.0166,1,1,2,0.929,0.583,0.417,0,0,0.0,5,DESCENT_PHASE,-0.0081,0.0175
1299,43.62,0.3287,-3.6764,0.799,-0.007,0.018,-0.117,0.779,0.115,0.61,0.3973,-3.5847,0.2,0.0,0.0,0.0,0.003,-0.0077,-0.6516,0.6516,-0.0114,1,1,2,0.929,0.585,0.415,0,0,0.0,5,DESCENT_PHASE,-0.007,0.018
1300,43.653,0.3285,-3.676,0.7967,-0.0073,0.0199,-0.1171,0.777,0.114,0.608,0.3973,-3.5847,0.2,0.0,0.0,0.0,0.0031,-0.0085,-0.6515,0.6515,0.011,1,1,2,0.929,0.581,0.419,0,0,0.0,5,DESCENT_PHASE,-0.0073,0.0199
1301,43.686,0.3284,-3.6756,0.7943,-0.0067,0.0208,-0.1171,0.774,0.114,0.605,0.3973,-3.5847,0.2,0.0,0.0,0.0,0.0029,-0.0089,-0.6515,0.6515,-0.0168,1,1,2,0.929,0.583,0.417,0,0,0.0,5,DESCENT_PHASE,-0.0067,0.0208
1302,43.719,0.3283,-3.6752,0.792,-0.0077,0.0226,-0.1171,0.772,0.114,0.603,0.3973,-3.5847,0.2,0.0,0.0,0.0,0.0033,-0.0097,-0.6514,0.6515,0.0135,1,1,2,0.929,0.581,0.419,0,0,0.0,5,DESCENT_PHASE,-0.0077,0.0226
1303,43.753,0.3281,-3.6747,0.7896,-0.0081,0.023,-0.1171,0.77,0.114,0.6,0.3973,-3.5847,0.2,0.0,0.0,0.0,0.0035,-0.0099,-0.6514,0.6515,-0.014,1,1,2,0.93,0.584,0.416,0,0,0.0,5,DESCENT_PHASE,-0.0081,0.023
1304,43.786,0.3279,-3.6742,0.7873,-0.0098,0.0246,-0.1171,0.767,0.113,0.598,0.3973,-3.5847,0.2,0.0,0.0,0.0,0.0042,-0.0105,-0.6515,0.6516,0.0163,1,1,2,0.929,0.58,0.42,0,0,0.0,5,DESCENT_PHASE,-0.0098,0.0246
1305,43.819,0.3277,-3.6737,0.785,-0.0104,0.0249,-0.1171,0.765,0.113,0.596,0.3973,-3.5847,0.2,0.0,0.0,0.0,0.0045,-0.0107,-0.6515,0.6516,-0.0111,1,1,2,0.93,0.582,0.418,0,0,0.0,5,DESCENT_PHASE,-0.0104,0.0249
1306,43.851,0.3274,-3.6732,0.7826,-0.0125,0.0266,-0.1173,0.763,0.113,0.593,0.3973,-3.5847,0.2,0.0,0.0,0.0,0.0054,-0.0114,-0.651,0.6512,0.0032,1,1,2,0.929,0.581,0.419,0,0,0.0,5,DESCENT_PHASE,-0.0125,0.0266
1307,43.884,0.3272,-3.6726,0.7803,-0.0139,0.0274,-0.1177,0.76,0.112,0.591,0.3973,-3.5847,0.2,0.0,0.0,0.0,0.006,-0.0118,-0.6504,0.6505,-0.0248,1,1,2,0.931,0.585,0.415,0,0,0.0,5,DESCENT_PHASE,-0.0139,0.0274
1308,43.916,0.3268,-3.6721,0.7779,-0.016,0.0285,-0.1174,0.758,0.112,0.589,0.3973,-3.5847,0.2,0.0,0.0,0.0,0.0069,-0.0122,-0.6509,0.6511,0.0055,1,1,2,0.93,0.584,0.416,0,0,0.0,5,DESCENT_PHASE,-0.016,0.0285
1309,43.95,0.3265,-3.6715,0.7756,-0.0162,0.0275,-0.1172,0.756,0.112,0.586,0.3973,-3.5847,0.2,0.0,0.0,0.0,0.007,-0.0118,-0.6512,0.6513,-0.0222,1,1,2,0.931,0.587,0.413,0,0,0.0,5,DESCENT_PHASE,-0.0162,0.0275
1310,43.986,0.3262,-3.671,0.7732,-0.0174,0.027,-0.1171,0.753,0.112,0.584,0.3973,-3.5847,0.2,0.0,0.0,0.0,0.0075,-0.0116,-0.6515,0.6516,0.0087,1,1,2,0.931,0.584,0.416,0,0,0.0,5,DESCENT_PHASE,-0.0174,0.027
1311,44.022,0.3258,-3.6705,0.7709,-0.0172,0.0247,-0.117,0.751,0.112,0.582,0.3973,-3.5847,0.2,0.0,0.0,0.0,0.0074,-0.0106,-0.6516,0.6517,-0.0194,1,1,2,0.932,0.586,0.414,0,0,0.0,5,DESCENT_PHASE,-0.0172,0.0247
1312,44.059,0.3255,-3.67,0.7685,-0.0183,0.023,-0.117,0.749,0.112,0.579,0.3973,-3.5847,0.2,0.0,0.0,0.0,0.0079,-0.0099,-0.6517,0.6518,0.0119,1,1,2,0.931,0.583,0.417,0,0,0.0,5,DESCENT_PHASE,-0.0183,0.023
1313,44.094,0.3251,-3.6696,0.7662,-0.0184,0.0198,-0.117,0.746,0.111,0.577,0.3973,-3.5847,0.2,0.0,0.0,0.0,0.0079,-0.0085,-0.6516,0.6517,-0.0166,1,1,2,0.932,0.585,0.415,0,0,0.0,5,DESCENT_PHASE,-0.0184,0.0198
1314,44.129,0.3247,-3.6693,0.7639,-0.02,0.0176,-0.1171,0.744,0.111,0.575,0.3973,-3.5847,0.2,0.0,0.0,0.0,0.0086,-0.0076,-0.6514,0.6515,0.0136,1,1,2,0.932,0.582,0.418,0,0,0.0,5,DESCENT_PHASE,-0.02,0.0176
1315,44.165,0.3243,-3.669,0.7615,-0.021,0.014,-0.1171,0.742,0.112,0.572,0.3973,-3.5847,0.2,0.0,0.0,0.0,0.009,-0.006,-0.6514,0.6515,-0.0151,1,1,2,0.933,0.587,0.413,0,0,0.0,5,DESCENT_PHASE,-0.021,0.014
1316,44.2,0.3238,-3.6687,0.7592,-0.0221,0.0116,-0.1172,0.739,0.112,0.57,0.3973,-3.5847,0.2,0.0,0.0,0.0,0.0095,-0.005,-0.6513,0.6514,0.0169,1,1,2,0.933,0.587,0.413,0,0,0.0,5,DESCENT_PHASE,-0.0221,0.0116
1317,44.235,0.3234,-3.6686,0.7568,-0.0211,0.0079,-0.1171,0.737,0.112,0.568,0.3973,-3.5847,0.2,0.0,0.0,0.0,0.0091,-0.0034,-0.6514,0.6515,-0.0125,1,1,2,0.934,0.591,0.409,0,0,0.0,5,DESCENT_PHASE,-0.0211,0.0079
1318,44.269,0.323,-3.6685,0.7545,-0.0205,0.0056,-0.1176,0.734,0.112,0.566,0.3973,-3.5847,0.2,0.0,0.0,0.0,0.0088,-0.0024,-0.6505,0.6506,0.0191,1,1,2,0.934,0.59,0.41,0,0,0.0,5,DESCENT_PHASE,-0.0205,0.0056
1319,44.306,0.3226,-3.6684,0.7521,-0.0182,0.0023,-0.1174,0.732,0.112,0.563,0.3973,-3.5847,0.2,0.0,0.0,0.0,0.0078,-0.001,-0.6509,0.651,-0.0107,1,1,2,0.935,0.593,0.407,0,0,0.0,5,DESCENT_PHASE,-0.0182,0.0023
1320,44.342,0.3223,-3.6684,0.7498,-0.0165,0.0006,-0.1172,0.73,0.112,0.561,0.3973,-3.5847,0.2,0.0,0.0,0.0,0.0071,-0.0002,-0.6512,0.6512,0.0223,1,1,2,0.935,0.592,0.408,0,0,0.0,5,DESCENT_PHASE,-0.0165,0.0006
1321,44.378,0.322,-3.6685,0.7474,-0.0133,-0.0021,-0.1171,0.727,0.113,0.559,0.3973,-3.5847,0.2,0.0,0.0,0.0,0.0057,0.0009,-0.6514,0.6514,-0.0075,1,1,2,0.936,0.598,0.402,0,0,0.0,5,DESCENT_PHASE,-0.0133,-0.0021
1322,44.416,0.3218,-3.6685,0.7451,-0.011,-0.0028,-0.1171,0.725,0.113,0.557,0.3973,-3.5847,0.2,0.0,0.0,0.0,0.0047,0.0012,-0.6515,0.6515,0.0254,1,1,2,0.935,0.595,0.405,0,0,0.0,5,DESCENT_PHASE,-0.011,-0.0028
1323,44.452,0.3217,-3.6686,0.7428,-0.0075,-0.0042,-0.117,0.723,0.113,0.554,0.3973,-3.5847,0.2,0.0,0.0,0.0,0.0032,0.0018,-0.6515,0.6515,-0.0043,1,1,2,0.936,0.598,0.402,0,0,0.0,5,DESCENT_PHASE,-0.0075,-0.0042
1324,44.488,0.3216,-3.6687,0.7404,-0.0054,-0.0035,-0.1171,0.72,0.113,0.552,0.3973,-3.5847,0.2,0.0,0.0,0.0,0.0023,0.0015,-0.6514,0.6514,0.0158,1,1,2,0.936,0.594,0.406,0,0,0.0,5,DESCENT_PHASE,-0.0054,-0.0035
1325,44.525,0.3215,-3.6687,0.7381,-0.0024,-0.0031,-0.1171,0.718,0.113,0.55,0.3973,-3.5847,0.2,0.0,0.0,0.0,0.001,0.0014,-0.6515,0.6515,-0.0137,1,1,2,0.936,0.596,0.404,0,0,0.0,5,DESCENT_PHASE,-0.0024,-0.0031
1326,44.561,0.3215,-3.6688,0.7357,-0.001,-0.0015,-0.117,0.716,0.113,0.548,0.3973,-3.5847,0.2,0.0,0.0,0.0,0.0004,0.0006,-0.6515,0.6515,0.0188,1,1,2,0.935,0.592,0.408,0,0,0.0,5,DESCENT_PHASE,-0.001,-0.0015
1327,44.596,0.3215,-3.6688,0.7334,0.0011,-0.0009,-0.117,0.713,0.113,0.545,0.3973,-3.5847,0.2,0.0,0.0,0.0,-0.0005,0.0004,-0.6516,0.6516,-0.0105,1,1,2,0.936,0.593,0.407,0,0,0.0,5,DESCENT_PHASE,0.0011,-0.0009
1328,44.631,0.3215,-3.6688,0.7311,0.0011,0.0011,-0.1171,0.711,0.113,0.543,0.3973,-3.5847,0.2,0.0,0.0,0.0,-0.0005,-0.0005,-0.6514,0.6514,0.0208,1,1,2,0.935,0.59,0.41,0,0,0.0,5,DESCENT_PHASE,0.0011,0.0011
1329,44.671,0.3216,-3.6687,0.7287,0.0015,0.0024,-0.1171,0.709,0.113,0.541,0.3973,-3.5847,0.2,0.0,0.0,0.0,-0.0006,-0.001,-0.6515,0.6515,-0.008,1,1,2,0.936,0.593,0.407,0,0,0.0,5,DESCENT_PHASE,0.0015,0.0024
1330,44.708,0.3216,-3.6686,0.7264,0.0005,0.0053,-0.1172,0.706,0.113,0.538,0.3973,-3.5847,0.2,0.0,0.0,0.0,-0.0002,-0.0023,-0.6513,0.6513,0.0072,1,1,2,0.935,0.589,0.411,0,0,0.0,5,DESCENT_PHASE,0.0005,0.0053
1331,44.742,0.3216,-3.6685,0.724,0.0004,0.0075,-0.1171,0.704,0.113,0.536,0.3973,-3.5847,0.2,0.0,0.0,0.0,-0.0002,-0.0032,-0.6514,0.6514,-0.0215,1,1,2,0.936,0.591,0.409,0,0,0.0,5,DESCENT_PHASE,0.0004,0.0075
1332,44.777,0.3216,-3.6682,0.7217,-0.0012,0.0104,-0.1171,0.702,0.113,0.534,0.3973,-3.5847,0.2,0.0,0.0,0.0,0.0005,-0.0045,-0.6514,0.6514,0.0101,1,1,2,0.935,0.587,0.413,0,0,0.0,5,DESCENT_PHASE,-0.0012,0.0104
1333,44.815,0.3215,-3.668,0.7193,-0.0021,0.0115,-0.1171,0.699,0.113,0.531,0.3973,-3.5847,0.2,0.0,0.0,0.0,0.0009,-0.0049,-0.6514,0.6515,-0.0185,1,1,2,0.936,0.589,0.411,0,0,0.0,5,DESCENT_PHASE,-0.0021,0.0115
1334,44.851,0.3214,-3.6678,0.717,-0.0049,0.0134,-0.1172,0.697,0.113,0.529,0.3973,-3.5847,0.2,0.0,0.0,0.0,0.0021,-0.0058,-0.6512,0.6512,0.0116,1,1,2,0.936,0.588,0.412,0,0,0.0,5,DESCENT_PHASE,-0.0049,0.0134
1335,44.886,0.3213,-3.6675,0.7147,-0.0071,0.0138,-0.1172,0.695,0.112,0.527,0.3973,-3.5847,0.2,0.0,0.0,0.0,0.003,-0.0059,-0.6513,0.6513,-0.0167,1,1,2,0.937,0.594,0.406,0,0,0.0,5,DESCENT_PHASE,-0.0071,0.0138
1336,44.923,0.3211,-3.6672,0.7123,-0.0096,0.0151,-0.1171,0.692,0.112,0.524,0.3973,-3.5847,0.2,0.0,0.0,0.0,0.0041,-0.0065,-0.6514,0.6515,0.0148,1,1,2,0.937,0.593,0.407,0,0,0.0,5,DESCENT_PHASE,-0.0096,0.0151
1337,44.957,0.3209,-3.6669,0.71,-0.0101,0.0151,-0.1171,0.69,0.112,0.522,0.3973,-3.5847,0.2,0.0,0.0,0.0,0.0043,-0.0065,-0.6515,0.6515,-0.0137,1,1,2,0.938,0.597,0.403,0,0,0.0,5,DESCENT_PHASE,-0.0101,0.0151
1338,44.994,0.3207,-3.6665,0.7076,-0.0113,0.0162,-0.117,0.688,0.112,0.52,0.3973,-3.5847,0.2,0.0,0.0,0.0,0.0049,-0.007,-0.6516,0.6516,0.0179,1,1,2,0.938,0.595,0.405,0,0,0.0,5,DESCENT_PHASE,-0.0113,0.0162
1339,45.029,0.3204,-3.6662,0.7053,-0.0109,0.0163,-0.117,0.685,0.112,0.518,0.3973,-3.5847,0.2,0.0,0.0,0.0,0.0047,-0.007,-0.6516,0.6516,-0.0108,1,1,2,0.939,0.598,0.402,0,0,0.0,5,DESCENT_PHASE,-0.0109,0.0163
1340,45.065,0.3202,-3.6659,0.7029,-0.0115,0.0178,-0.1171,0.683,0.112,0.515,0.3973,-3.5847,0.2,0.0,0.0,0.0,0.0049,-0.0077,-0.6515,0.6515,0.0122,1,1,2,0.938,0.595,0.405,0,0,0.0,5,DESCENT_PHASE,-0.0115,0.0178
1341,45.101,0.32,-3.6655,0.7006,-0.0107,0.0184,-0.1171,0.681,0.112,0.513,0.3973,-3.5847,0.2,0.0,0.0,0.0,0.0046,-0.0079,-0.6515,0.6516,-0.0166,1,1,2,0.939,0.598,0.402,0,0,0.0,5,DESCENT_PHASE,-0.0107,0.0184
1342,45.14,0.3198,-3.6651,0.6983,-0.0113,0.0201,-0.117,0.678,0.112,0.511,0.3973,-3.5847,0.2,0.0,0.0,0.0,0.0049,-0.0086,-0.6516,0.6517,0.0153,1,1,2,0.939,0.595,0.405,0,0,0.0,5,DESCENT_PHASE,-0.0113,0.0201
1343,45.175,0.3196,-3.6647,0.6959,-0.0109,0.0203,-0.117,0.676,0.112,0.508,0.3973,-3.5847,0.2,0.0,0.0,0.0,0.0047,-0.0087,-0.6516,0.6516,-0.0136,1,1,2,0.939,0.596,0.404,0,0,0.0,5,DESCENT_PHASE,-0.0109,0.0203
1344,45.211,0.3193,-3.6643,0.6936,-0.0121,0.0219,-0.1171,0.674,0.111,0.506,0.3973,-3.5847,0.2,0.0,0.0,0.0,0.0052,-0.0094,-0.6514,0.6515,0.0174,1,1,2,0.939,0.595,0.405,0,0,0.0,5,DESCENT_PHASE,-0.0121,0.0219
1345,45.247,0.3191,-3.6638,0.6912,-0.0126,0.0223,-0.1171,0.671,0.111,0.504,0.3973,-3.5847,0.2,0.0,0.0,0.0,0.0054,-0.0096,-0.6514,0.6515,-0.0114,1,1,2,0.94,0.598,0.402,0,0,0.0,5,DESCENT_PHASE,-0.0126,0.0223
1346,45.282,0.3188,-3.6633,0.6889,-0.014,0.0241,-0.1172,0.669,0.111,0.501,0.3973,-3.5847,0.2,0.0,0.0,0.0,0.006,-0.0104,-0.6513,0.6514,0.0058,1,1,2,0.94,0.596,0.404,0,0,0.0,5,DESCENT_PHASE,-0.014,0.0241
1347,45.318,0.3185,-3.6628,0.6866,-0.014,0.025,-0.1171,0.667,0.111,0.499,0.3973,-3.5847,0.2,0.0,0.0,0.0,0.006,-0.0108,-0.6514,0.6515,-0.0231,1,1,2,0.94,0.599,0.401,0,0,0.0,5,DESCENT_PHASE,-0.014,0.025
1348,45.353,0.3182,-3.6623,0.6842,-0.0152,0.0264,-0.1171,0.664,0.111,0.497,0.3973,-3.5847,0.2,0.0,0.0,0.0,0.0065,-0.0114,-0.6515,0.6516,0.009,1,1,2,0.94,0.593,0.407,0,0,0.0,5,DESCENT_PHASE,-0.0152,0.0264
1349,45.388,0.3179,-3.6618,0.6819,-0.0152,0.0259,-0.117,0.662,0.111,0.494,0.3973,-3.5847,0.2,0.0,0.0,0.0,0.0065,-0.0111,-0.6515,0.6517,-0.02,1,1,2,0.94,0.595,0.405,0,0,0.0,5,DESCENT_PHASE,-0.0152,0.0259
1350,45.423,0.3176,-3.6613,0.6795,-0.0167,0.0261,-0.1171,0.66,0.111,0.492,0.3973,-3.5847,0.2,0.0,0.0,0.0,0.0072,-0.0112,-0.6514,0.6516,0.0112,1,1,2,0.94,0.593,0.407,0,0,0.0,5,DESCENT_PHASE,-0.0167,0.0261
1351,45.459,0.3172,-3.6608,0.6772,-0.0174,0.0247,-0.1171,0.657,0.11,0.49,0.3973,-3.5847,0.2,0.0,0.0,0.0,0.0075,-0.0106,-0.6515,0.6516,-0.0178,1,1,2,0.941,0.597,0.403,0,0,0.0,5,DESCENT_PHASE,-0.0174,0.0247
1352,45.495,0.3168,-3.6603,0.6748,-0.0189,0.0242,-0.117,0.655,0.11,0.488,0.3973,-3.5847,0.2,0.0,0.0,0.0,0.0081,-0.0104,-0.6516,0.6518,0.0145,1,1,2,0.941,0.595,0.405,0,0,0.0,5,DESCENT_PHASE,-0.0189,0.0242
1353,45.533,0.3165,-3.6598,0.6725,-0.0191,0.0223,-0.117,0.653,0.11,0.485,0.3973,-3.5847,0.2,0.0,0.0,0.0,0.0082,-0.0096,-0.6516,0.6518,-0.0148,1,1,2,0.942,0.598,0.402,0,0,0.0,5,DESCENT_PHASE,-0.0191,0.0223
1354,45.57,0.316,-3.6594,0.6702,-0.0204,0.0215,-0.1169,0.65,0.11,0.483,0.3973,-3.5847,0.2,0.0,0.0,0.0,0.0088,-0.0093,-0.6517,0.6518,0.0178,1,1,2,0.941,0.594,0.406,0,0,0.0,5,DESCENT_PHASE,-0.0204,0.0215
1355,45.605,0.3156,-3.659,0.6678,-0.0207,0.0196,-0.117,0.648,0.11,0.481,0.3973,-3.5847,0.2,0.0,0.0,0.0,0.0089,-0.0084,-0.6516,0.6518,-0.0117,1,1,2,0.942,0.597,0.403,0,0,0.0,5,DESCENT_PHASE,-0.0207,0.0196
1356,45.641,0.3152,-3.6586,0.6655,-0.0225,0.0191,-0.1178,0.645,0.111,0.478,0.3973,-3.5847,0.2,0.0,0.0,0.0,0.0097,-0.0082,-0.6503,0.6504,0.0186,1,1,2,0.942,0.598,0.402,0,0,0.0,5,DESCENT_PHASE,-0.0225,0.0191
1357,45.677,0.3147,-3.6583,0.6631,-0.0236,0.0176,-0.1175,0.643,0.111,0.476,0.3973,-3.5847,0.2,0.0,0.0,0.0,0.0101,-0.0076,-0.6507,0.6508,-0.0108,1,1,2,0.943,0.605,0.395,0,0,0.0,5,DESCENT_PHASE,-0.0236,0.0176
1358,45.713,0.3142,-3.6579,0.6608,-0.0245,0.0177,-0.1173,0.641,0.111,0.474,0.3973,-3.5847,0.2,0.0,0.0,0.0,0.0105,-0.0076,-0.6511,0.6512,0.0189,1,1,2,0.943,0.604,0.396,0,0,0.0,5,DESCENT_PHASE,-0.0245,0.0177
1359,45.748,0.3138,-3.6576,0.6584,-0.0235,0.0169,-0.1172,0.638,0.111,0.472,0.3973,-3.5847,0.2,0.0,0.0,0.0,0.0101,-0.0073,-0.6513,0.6514,-0.0105,1,1,2,0.944,0.607,0.393,0,0,0.0,5,DESCENT_PHASE,-0.0235,0.0169
1360,45.783,0.3133,-3.6572,0.6561,-0.0232,0.0176,-0.1171,0.636,0.111,0.469,0.3973,-3.5847,0.2,0.0,0.0,0.0,0.01,-0.0076,-0.6514,0.6515,0.0152,1,1,2,0.944,0.606,0.394,0,0,0.0,5,DESCENT_PHASE,-0.0232,0.0176
1361,45.818,0.3129,-3.6569,0.6537,-0.0214,0.0175,-0.1171,0.634,0.111,0.467,0.3973,-3.5847,0.2,0.0,0.0,0.0,0.0092,-0.0075,-0.6515,0.6516,-0.0141,1,1,2,0.945,0.608,0.392,0,0,0.0,5,DESCENT_PHASE,-0.0214,0.0175
1362,45.853,0.3124,-3.6565,0.6514,-0.0206,0.0186,-0.117,0.631,0.111,0.465,0.3973,-3.5847,0.2,0.0,0.0,0.0,0.0088,-0.008,-0.6516,0.6517,0.0182,1,1,2,0.944,0.606,0.394,0,0,0.0,5,DESCENT_PHASE,-0.0206,0.0186
1363,45.89,0.3121,-3.6561,0.6491,-0.0185,0.0186,-0.117,0.629,0.111,0.463,0.3973,-3.5847,0.2,0.0,0.0,0.0,0.008,-0.008,-0.6516,0.6517,-0.0108,1,1,2,0.945,0.608,0.392,0,0,0.0,5,DESCENT_PHASE,-0.0185,0.0186
1364,45.926,0.3117,-3.6557,0.6467,-0.0178,0.0201,-0.1171,0.627,0.111,0.46,0.3973,-3.5847,0.2,0.0,0.0,0.0,0.0076,-0.0086,-0.6515,0.6516,0.0107,1,1,2,0.944,0.606,0.394,0,0,0.0,5,DESCENT_PHASE,-0.0178,0.0201
1365,45.959,0.3114,-3.6553,0.6444,-0.0161,0.0207,-0.117,0.624,0.111,0.458,0.3973,-3.5847,0.2,0.0,0.0,0.0,0.0069,-0.0089,-0.6515,0.6516,-0.0181,1,1,2,0.945,0.607,0.393,0,0,0.0,5,DESCENT_PHASE,-0.0161,0.0207
1366,45.995,0.3111,-3.6549,0.642,-0.0162,0.0222,-0.1171,0.622,0.111,0.456,0.3973,-3.5847,0.2,0.0,0.0,0.0,0.0069,-0.0095,-0.6514,0.6515,0.0129,1,1,2,0.945,0.605,0.395,0,0,0.0,5,DESCENT_PHASE,-0.0162,0.0222
1367,46.028,0.3108,-3.6544,0.6397,-0.0155,0.0222,-0.1171,0.62,0.111,0.454,0.3973,-3.5847,0.2,0.0,0.0,0.0,0.0067,-0.0095,-0.6515,0.6516,-0.0154,1,1,2,0.945,0.608,0.392,0,0,0.0,5,DESCENT_PHASE,-0.0155,0.0222
1368,46.062,0.3104,-3.654,0.6374,-0.016,0.0233,-0.117,0.617,0.111,0.451,0.3973,-3.5847,0.2,0.0,0.0,0.0,0.0069,-0.01,-0.6516,0.6517,0.0158,1,1,2,0.945,0.605,0.395,0,0,0.0,5,DESCENT_PHASE,-0.016,0.0233
1369,46.095,0.3101,-3.6535,0.635,-0.0152,0.023,-0.117,0.615,0.111,0.449,0.3973,-3.5847,0.2,0.0,0.0,0.0,0.0065,-0.0099,-0.6516,0.6517,-0.0123,1,1,2,0.946,0.608,0.392,0,0,0.0,5,DESCENT_PHASE,-0.0152,0.023
1370,46.127,0.3098,-3.653,0.6327,-0.0158,0.0241,-0.117,0.613,0.111,0.447,0.3973,-3.5847,0.2,0.0,0.0,0.0,0.0068,-0.0104,-0.6515,0.6517,0.0142,1,1,2,0.945,0.605,0.395,0,0,0.0,5,DESCENT_PHASE,-0.0158,0.0241
1371,46.16,0.3095,-3.6525,0.6303,-0.0155,0.0242,-0.117,0.61,0.111,0.444,0.3973,-3.5847,0.2,0.0,0.0,0.0,0.0067,-0.0104,-0.6515,0.6516,-0.0136,1,1,2,0.946,0.606,0.394,0,0,0.0,5,DESCENT_PHASE,-0.0155,0.0242
1372,46.192,0.3092,-3.652,0.628,-0.0169,0.0254,-0.1172,0.608,0.111,0.442,0.3973,-3.5847,0.2,0.0,0.0,0.0,0.0073,-0.0109,-0.6513,0.6515,0.0158,1,1,2,0.946,0.606,0.394,0,0,0.0,5,DESCENT_PHASE,-0.0169,0.0254
1373,46.225,0.3088,-3.6515,0.6257,-0.0176,0.0255,-0.1171,0.606,0.111,0.44,0.3973,-3.5847,0.2,0.0,0.0,0.0,0.0076,-0.011,-0.6514,0.6515,-0.0116,1,1,2,0.947,0.607,0.393,0,0,0.0,5,DESCENT_PHASE,-0.0176,0.0255
1374,46.258,0.3085,-3.651,0.6233,-0.0188,0.027,-0.1172,0.603,0.111,0.438,0.3973,-3.5847,0.2,0.0,0.0,0.0,0.0081,-0.0116,-0.6513,0.6515,0.0082,1,1,2,0.947,0.608,0.392,0,0,0.0,5,DESCENT_PHASE,-0.0188,0.027
1375,46.29,0.3081,-3.6504,0.621,-0.0182,0.0274,-0.1174,0.601,0.111,0.435,0.3973,-3.5847,0.2,0.0,0.0,0.0,0.0078,-0.0118,-0.6509,0.6511,-0.0197,1,1,2,0.948,0.612,0.388,0,0,0.0,5,DESCENT_PHASE,-0.0182,0.0274
1376,46.322,0.3077,-3.6499,0.6186,-0.0185,0.0285,-0.1172,0.599,0.111,0.433,0.3973,-3.5847,0.2,0.0,0.0,0.0,0.008,-0.0123,-0.6513,0.6514,0.0108,1,1,2,0.947,0.61,0.39,0,0,0.0,5,DESCENT_PHASE,-0.0185,0.0285
1377,46.354,0.3074,-3.6493,0.6163,-0.0172,0.028,-0.1171,0.596,0.111,0.431,0.3973,-3.5847,0.2,0.0,0.0,0.0,0.0074,-0.0121,-0.6514,0.6516,-0.0169,1,1,2,0.948,0.613,0.387,0,0,0.0,5,DESCENT_PHASE,-0.0172,0.028
1378,46.386,0.307,-3.6487,0.6139,-0.0171,0.0284,-0.117,0.594,0.111,0.428,0.3973,-3.5847,0.2,0.0,0.0,0.0,0.0073,-0.0122,-0.6516,0.6517,0.0138,1,1,2,0.948,0.61,0.39,0,0,0.0,5,DESCENT_PHASE,-0.0171,0.0284
1379,46.418,0.3067,-3.6482,0.6116,-0.0157,0.0274,-0.117,0.592,0.111,0.426,0.3973,-3.5847,0.2,0.0,0.0,0.0,0.0068,-0.0118,-0.6516,0.6518,-0.014,1,1,2,0.948,0.612,0.388,0,0,0.0,5,DESCENT_PHASE,-0.0157,0.0274
1380,46.451,0.3064,-3.6476,0.6093,-0.0158,0.0276,-0.1169,0.589,0.111,0.424,0.3973,-3.5847,0.2,0.0,0.0,0.0,0.0068,-0.0119,-0.6517,0.6518,0.0167,1,1,2,0.948,0.609,0.391,0,0,0.0,5,DESCENT_PHASE,-0.0158,0.0276
1381,46.483,0.3061,-3.6471,0.6069,-0.0151,0.0266,-0.117,0.587,0.111,0.422,0.3973,-3.5847,0.2,0.0,0.0,0.0,0.0065,-0.0114,-0.6517,0.6518,-0.0111,1,1,2,0.948,0.61,0.39,0,0,0.0,5,DESCENT_PHASE,-0.0151,0.0266
1382,46.516,0.3058,-3.6466,0.6046,-0.0161,0.027,-0.1172,0.585,0.11,0.419,0.3973,-3.5847,0.2,0.0,0.0,0.0,0.0069,-0.0116,-0.6513,0.6514,0.0102,1,1,2,0.948,0.61,0.39,0,0,0.0,5,DESCENT_PHASE,-0.0161,0.027
1383,46.548,0.3054,-3.646,0.6022,-0.0165,0.0264,-0.1171,0.582,0.11,0.417,0.3973,-3.5847,0.2,0.0,0.0,0.0,0.0071,-0.0114,-0.6514,0.6516,-0.0175,1,1,2,0.949,0.614,0.386,0,0,0.0,5,DESCENT_PHASE,-0.0165,0.0264
1384,46.583,0.3051,-3.6455,0.5999,-0.0172,0.0267,-0.117,0.58,0.11,0.415,0.3973,-3.5847,0.2,0.0,0.0,0.0,0.0074,-0.0115,-0.6516,0.6517,0.0133,1,1,2,0.949,0.614,0.386,0,0,0.0,5,DESCENT_PHASE,-0.0172,0.0267
1385,46.615,0.3048,-3.645,0.5976,-0.016,0.0256,-0.117,0.578,0.11,0.413,0.3973,-3.5847,0.2,0.0,0.0,0.0,0.0069,-0.011,-0.6516,0.6518,-0.0148,1,1,2,0.95,0.615,0.385,0,0,0.0,5,DESCENT_PHASE,-0.016,0.0256
1386,46.65,0.3045,-3.6445,0.5952,-0.0154,0.0255,-0.1169,0.575,0.11,0.41,0.3973,-3.5847,0.2,0.0,0.0,0.0,0.0066,-0.011,-0.6517,0.6519,0.0165,1,1,2,0.95,0.615,0.385,0,0,0.0,5,DESCENT_PHASE,-0.0154,0.0255
1387,46.683,0.3042,-3.644,0.5929,-0.0131,0.0242,-0.1169,0.573,0.11,0.408,0.3973,-3.5847,0.2,0.0,0.0,0.0,0.0056,-0.0104,-0.6517,0.6518,-0.012,1,1,2,0.951,0.617,0.383,0,0,0.0,5,DESCENT_PHASE,-0.0131,0.0242
1388,46.719,0.304,-3.6435,0.5905,-0.0119,0.0243,-0.1169,0.571,0.11,0.406,0.3973,-3.5847,0.2,0.0,0.0,0.0,0.0051,-0.0105,-0.6517,0.6519,0.0188,1,1,2,0.951,0.615,0.385,0,0,0.0,5,DESCENT_PHASE,-0.0119,0.0243
1389,46.754,0.3038,-3.643,0.5882,-0.0093,0.0234,-0.1169,0.568,0.11,0.404,0.3973,-3.5847,0.2,0.0,0.0,0.0,0.004,-0.0101,-0.6517,0.6518,-0.01,1,1,2,0.951,0.617,0.383,0,0,0.0,5,DESCENT_PHASE,-0.0093,0.0234
1390,46.788,0.3036,-3.6426,0.5859,-0.0081,0.024,-0.117,0.566,0.11,0.401,0.3973,-3.5847,0.2,0.0,0.0,0.0,0.0035,-0.0103,-0.6515,0.6516,0.0087,1,1,2,0.951,0.615,0.385,0,0,0.0,5,DESCENT_PHASE,-0.0081,0.024
1391,46.822,0.3035,-3.6421,0.5835,-0.0059,0.0238,-0.117,0.564,0.11,0.399,0.3973,-3.5847,0.2,0.0,0.0,0.0,0.0025,-0.0103,-0.6516,0.6517,-0.0202,1,1,2,0.951,0.616,0.384,0,0,0.0,5,DESCENT_PHASE,-0.0059,0.0238
1392,46.856,0.3034,-3.6416,0.5812,-0.0053,0.0243,-0.117,0.561,0.11,0.397,0.3973,-3.5847,0.2,0.0,0.0,0.0,0.0023,-0.0105,-0.6517,0.6517,0.0119,1,1,2,0.951,0.613,0.387,0,0,0.0,5,DESCENT_PHASE,-0.0053,0.0243
1393,46.89,0.3033,-3.6411,0.5788,-0.004,0.0232,-0.117,0.559,0.11,0.394,0.3973,-3.5847,0.2,0.0,0.0,0.0,0.0017,-0.01,-0.6517,0.6518,-0.0171,1,1,2,0.951,0.614,0.386,0,0,0.0,5,DESCENT_PHASE,-0.004,0.0232
1394,46.925,0.3032,-3.6407,0.5765,-0.0046,0.023,-0.1171,0.557,0.109,0.392,0.3973,-3.5847,0.2,0.0,0.0,0.0,0.002,-0.0099,-0.6515,0.6516,0.0136,1,1,2,0.951,0.613,0.387,0,0,0.0,5,DESCENT_PHASE,-0.0046,0.023
1395,46.959,0.3031,-3.6402,0.5742,-0.0049,0.0214,-0.117,0.554,0.109,0.39,0.3973,-3.5847,0.2,0.0,0.0,0.0,0.0021,-0.0092,-0.6516,0.6516,-0.0154,1,1,2,0.952,0.616,0.384,0,0,0.0,5,DESCENT_PHASE,-0.0049,0.0214
1396,46.994,0.303,-3.6398,0.5718,-0.0059,0.0209,-0.117,0.552,0.109,0.388,0.3973,-3.5847,0.2,0.0,0.0,0.0,0.0025,-0.009,-0.6517,0.6517,0.0169,1,1,2,0.952,0.615,0.385,0,0,0.0,5,DESCENT_PHASE,-0.0059,0.0209
1397,47.029,0.3029,-3.6394,0.5695,-0.0053,0.0192,-0.117,0.549,0.109,0.385,0.3973,-3.5847,0.2,0.0,0.0,0.0,0.0023,-0.0083,-0.6517,0.6517,-0.0125,1,1,2,0.953,0.617,0.383,0,0,0.0,5,DESCENT_PHASE,-0.0053,0.0192
1398,47.064,0.3028,-3.6391,0.5671,-0.0058,0.0189,-0.1175,0.547,0.109,0.383,0.3973,-3.5847,0.2,0.0,0.0,0.0,0.0025,-0.0081,-0.6508,0.6508,0.0193,1,1,2,0.952,0.615,0.385,0,0,0.0,5,DESCENT_PHASE,-0.0058,0.0189
1399,47.099,0.3027,-3.6387,0.5648,-0.0051,0.0175,-0.1173,0.545,0.109,0.381,0.3973,-3.5847,0.2,0.0,0.0,0.0,0.0022,-0.0075,-0.6511,0.6511,-0.0103,1,1,2,0.953,0.617,0.383,0,0,0.0,5,DESCENT_PHASE,-0.0051,0.0175
1400,47.134,0.3026,-3.6384,0.5624,-0.0056,0.0177,-0.1172,0.542,0.109,0.378,0.3973,-3.5847,0.2,0.0,0.0,0.0,0.0024,-0.0076,-0.6513,0.6513,0.0178,1,1,2,0.952,0.615,0.385,0,0,0.0,5,DESCENT_PHASE,-0.0056,0.0177
1401,47.169,0.3025,-3.638,0.5601,-0.0052,0.0171,-0.1171,0.54,0.109,0.376,0.3973,-3.5847,0.2,0.0,0.0,0.0,0.0022,-0.0073,-0.6514,0.6514,-0.0116,1,1,2,0.953,0.616,0.384,0,0,0.0,5,DESCENT_PHASE,-0.0052,0.0171
1402,47.204,0.3023,-3.6377,0.5578,-0.0064,0.0179,-0.1171,0.538,0.109,0.374,0.3973,-3.5847,0.2,0.0,0.0,0.0,0.0027,-0.0077,-0.6514,0.6514,0.0187,1,1,2,0.953,0.614,0.386,0,0,0.0,5,DESCENT_PHASE,-0.0064,0.0179
1403,47.239,0.3022,-3.6373,0.5554,-0.0069,0.0178,-0.1171,0.535,0.109,0.372,0.3973,-3.5847,0.2,0.0,0.0,0.0,0.003,-0.0076,-0.6514,0.6515,-0.0104,1,1,2,0.953,0.616,0.384,0,0,0.0,5,DESCENT_PHASE,-0.0069,0.0178
1404,47.277,0.302,-3.6369,0.5531,-0.0087,0.0192,-0.1172,0.533,0.109,0.369,0.3973,-3.5847,0.2,0.0,0.0,0.0,0.0038,-0.0083,-0.6513,0.6514,0.0102,1,1,2,0.953,0.613,0.387,0,0,0.0,5,DESCENT_PHASE,-0.0087,0.0192
1405,47.312,0.3018,-3.6365,0.5507,-0.0096,0.0197,-0.1171,0.531,0.109,0.367,0.3973,-3.5847,0.2,0.0,0.0,0.0,0.0041,-0.0085,-0.6514,0.6514,-0.0187,1,1,2,0.953,0.615,0.385,0,0,0.0,5,DESCENT_PHASE,-0.0096,0.0197
1406,47.348,0.3016,-3.6361,0.5484,-0.0122,0.0211,-0.1173,0.528,0.109,0.365,0.3973,-3.5847,0.2,0.0,0.0,0.0,0.0052,-0.0091,-0.6512,0.6512,0.0115,1,1,2,0.954,0.615,0.385,0,0,0.0,5,DESCENT_PHASE,-0.0122,0.0211
1407,47.383,0.3013,-3.6357,0.546,-0.0141,0.0209,-0.1172,0.526,0.109,0.363,0.3973,-3.5847,0.2,0.0,0.0,0.0,0.0061,-0.009,-0.6513,0.6514,-0.0171,1,1,2,0.955,0.619,0.381,0,0,0.0,5,DESCENT_PHASE,-0.0141,0.0209
1408,47.418,0.301,-3.6353,0.5437,-0.0162,0.0217,-0.1171,0.524,0.109,0.361,0.3973,-3.5847,0.2,0.0,0.0,0.0,0.007,-0.0094,-0.6514,0.6515,0.0147,1,1,2,0.955,0.618,0.382,0,0,0.0,5,DESCENT_PHASE,-0.0162,0.0217
1409,47.454,0.3007,-3.6348,0.5414,-0.0163,0.0211,-0.117,0.521,0.109,0.358,0.3973,-3.5847,0.2,0.0,0.0,0.0,0.007,-0.0091,-0.6515,0.6516,-0.0141,1,1,2,0.956,0.623,0.377,0,0,0.0,5,DESCENT_PHASE,-0.0163,0.0211
1410,47.489,0.3003,-3.6344,0.539,-0.0168,0.0217,-0.117,0.519,0.109,0.356,0.3973,-3.5847,0.2,0.0,0.0,0.0,0.0072,-0.0093,-0.6516,0.6517,0.0179,1,1,2,0.955,0.621,0.379,0,0,0.0,5,DESCENT_PHASE,-0.0168,0.0217
1411,47.525,0.3,-3.634,0.5367,-0.0157,0.0211,-0.117,0.517,0.109,0.354,0.3973,-3.5847,0.2,0.0,0.0,0.0,0.0068,-0.0091,-0.6516,0.6517,-0.0111,1,1,2,0.956,0.626,0.374,0,0,0.0,5,DESCENT_PHASE,-0.0157,0.0211
1412,47.58,0.2997,-3.6335,0.5343,-0.0154,0.022,-0.117,0.514,0.109,0.352,0.3973,-3.5847,0.2,0.0,0.0,0.0,0.0066,-0.0095,-0.6516,0.6517,0.0125,1,1,2,0.956,0.622,0.378,0,0,0.0,5,DESCENT_PHASE,-0.0154,0.022
1413,47.616,0.2994,-3.6331,0.532,-0.0138,0.022,-0.117,0.512,0.109,0.349,0.3973,-3.5847,0.2,0.0,0.0,0.0,0.0059,-0.0095,-0.6516,0.6517,-0.0166,1,1,2,0.957,0.626,0.374,0,0,0.0,5,DESCENT_PHASE,-0.0138,0.022
1414,47.652,0.2992,-3.6326,0.5297,-0.0133,0.023,-0.117,0.51,0.109,0.347,0.3973,-3.5847,0.2,0.0,0.0,0.0,0.0057,-0.0099,-0.6517,0.6518,0.0156,1,1,2,0.956,0.622,0.378,0,0,0.0,5,DESCENT_PHASE,-0.0133,0.023
1415,47.688,0.2989,-3.6322,0.5273,-0.0117,0.0226,-0.117,0.507,0.109,0.345,0.3973,-3.5847,0.2,0.0,0.0,0.0,0.005,-0.0097,-0.6516,0.6517,-0.0135,1,1,2,0.957,0.626,0.374,0,0,0.0,5,DESCENT_PHASE,-0.0117,0.0226
1416,47.723,0.2987,-3.6317,0.525,-0.0116,0.0235,-0.1169,0.505,0.109,0.343,0.3973,-3.5847,0.2,0.0,0.0,0.0,0.005,-0.0101,-0.6517,0.6518,0.0186,1,1,2,0.956,0.621,0.379,0,0,0.0,5,DESCENT_PHASE,-0.0116,0.0235
1417,47.758,0.2985,-3.6312,0.5226,-0.0107,0.0233,-0.117,0.503,0.109,0.341,0.3973,-3.5847,0.2,0.0,0.0,0.0,0.0046,-0.01,-0.6516,0.6517,-0.0104,1,1,2,0.957,0.622,0.378,0,0,0.0,5,DESCENT_PHASE,-0.0107,0.0233
1418,47.792,0.2982,-3.6308,0.5203,-0.0117,0.0247,-0.1173,0.5,0.109,0.338,0.3973,-3.5847,0.2,0.0,0.0,0.0,0.005,-0.0106,-0.6511,0.6512,0.0039,1,1,2,0.957,0.622,0.378,0,0,0.0,5,DESCENT_PHASE,-0.0117,0.0247
1419,47.827,0.298,-3.6303,0.518,-0.0123,0.0252,-0.1172,0.498,0.109,0.336,0.3973,-3.5847,0.2,0.0,0.0,0.0,0.0053,-0.0108,-0.6512,0.6513,-0.0251,1,1,2,0.958,0.627,0.373,0,0,0.0,5,DESCENT_PHASE,-0.0123,0.0252
1420,47.862,0.2977,-3.6297,0.5156,-0.013,0.026,-0.1171,0.496,0.109,0.334,0.3973,-3.5847,0.2,0.0,0.0,0.0,0.0056,-0.0112,-0.6514,0.6515,0.0071,1,1,2,0.958,0.624,0.376,0,0,0.0,5,DESCENT_PHASE,-0.013,0.026
1421,47.897,0.2975,-3.6292,0.5133,-0.0121,0.0247,-0.117,0.493,0.109,0.332,0.3973,-3.5847,0.2,0.0,0.0,0.0,0.0052,-0.0106,-0.6516,0.6517,-0.022,1,1,2,0.958,0.627,0.373,0,0,0.0,5,DESCENT_PHASE,-0.0121,0.0247
1422,47.931,0.2973,-3.6288,0.5109,-0.0123,0.0241,-0.117,0.491,0.109,0.33,0.3973,-3.5847,0.2,0.0,0.0,0.0,0.0053,-0.0103,-0.6517,0.6518,0.0103,1,1,2,0.958,0.625,0.375,0,0,0.0,5,DESCENT_PHASE,-0.0123,0.0241
1423,47.966,0.297,-3.6283,0.5086,-0.0113,0.0216,-0.1169,0.489,0.109,0.327,0.3973,-3.5847,0.2,0.0,0.0,0.0,0.0049,-0.0093,-0.6517,0.6518,-0.0189,1,1,2,0.959,0.627,0.373,0,0,0.0,5,DESCENT_PHASE,-0.0113,0.0216
1424,48.002,0.2968,-3.6279,0.5063,-0.0117,0.0199,-0.1169,0.486,0.109,0.325,0.3973,-3.5847,0.2,0.0,0.0,0.0,0.005,-0.0086,-0.6518,0.6518,0.0134,1,1,2,0.958,0.624,0.376,0,0,0.0,5,DESCENT_PHASE,-0.0117,0.0199
1425,48.037,0.2966,-3.6276,0.5039,-0.0112,0.0168,-0.1169,0.484,0.109,0.323,0.3973,-3.5847,0.2,0.0,0.0,0.0,0.0048,-0.0072,-0.6517,0.6518,-0.0158,1,1,2,0.959,0.625,0.375,0,0,0.0,5,DESCENT_PHASE,-0.0112,0.0168
1426,48.073,0.2963,-3.6273,0.5016,-0.0124,0.0147,-0.1171,0.482,0.11,0.321,0.3973,-3.5847,0.2,0.0,0.0,0.0,0.0053,-0.0063,-0.6515,0.6515,0.0148,1,1,2,0.959,0.625,0.375,0,0,0.0,5,DESCENT_PHASE,-0.0124,0.0147
1427,48.109,0.2961,-3.6271,0.4992,-0.0131,0.0113,-0.1171,0.479,0.11,0.319,0.3973,-3.5847,0.2,0.0,0.0,0.0,0.0056,-0.0049,-0.6515,0.6515,-0.0143,1,1,2,0.96,0.629,0.371,0,0,0.0,5,DESCENT_PHASE,-0.0131,0.0113
1428,48.145,0.2958,-3.6269,0.4969,-0.0142,0.0092,-0.117,0.477,0.11,0.317,0.3973,-3.5847,0.2,0.0,0.0,0.0,0.0061,-0.0039,-0.6516,0.6516,0.0182,1,1,2,0.96,0.628,0.372,0,0,0.0,5,DESCENT_PHASE,-0.0142,0.0092
1429,48.18,0.2955,-3.6268,0.4946,-0.0136,0.0058,-0.117,0.475,0.11,0.314,0.3973,-3.5847,0.2,0.0,0.0,0.0,0.0058,-0.0025,-0.6516,0.6516,-0.0113,1,1,2,0.96,0.631,0.369,0,0,0.0,5,DESCENT_PHASE,-0.0136,0.0058
1430,48.218,0.2952,-3.6267,0.4922,-0.0137,0.004,-0.1173,0.472,0.11,0.312,0.3973,-3.5847,0.2,0.0,0.0,0.0,0.0059,-0.0017,-0.6511,0.6511,0.021,1,1,2,0.96,0.63,0.37,0,0,0.0,5,DESCENT_PHASE,-0.0137,0.004
1431,48.253,0.295,-3.6267,0.4899,-0.0123,0.0013,-0.1172,0.47,0.111,0.31,0.3973,-3.5847,0.2,0.0,0.0,0.0,0.0053,-0.0005,-0.6513,0.6513,-0.0087,1,1,2,0.961,0.636,0.364,0,0,0.0,5,DESCENT_PHASE,-0.0123,0.0013
1432,48.288,0.2947,-3.6267,0.4875,-0.012,0.0002,-0.1171,0.468,0.111,0.308,0.3973,-3.5847,0.2,0.0,0.0,0.0,0.0052,-0.0001,-0.6515,0.6515,0.0242,1,1,2,0.961,0.634,0.366,0,0,0.0,5,DESCENT_PHASE,-0.012,0.0002
1433,48.324,0.2945,-3.6267,0.4852,-0.0105,-0.0015,-0.117,0.465,0.111,0.306,0.3973,-3.5847,0.2,0.0,0.0,0.0,0.0045,0.0006,-0.6515,0.6516,-0.0055,1,1,2,0.961,0.636,0.364,0,0,0.0,5,DESCENT_PHASE,-0.0105,-0.0015
1434,48.359,0.2943,-3.6267,0.4828,-0.0104,-0.0012,-0.1174,0.463,0.111,0.304,0.3973,-3.5847,0.2,0.0,0.0,0.0,0.0045,0.0005,-0.6508,0.6509,0.0196,1,1,2,0.961,0.63,0.37,0,0,0.0,5,DESCENT_PHASE,-0.0104,-0.0012
1435,48.395,0.2941,-3.6267,0.4805,-0.0094,-0.0014,-0.1173,0.46,0.111,0.302,0.3973,-3.5847,0.2,0.0,0.0,0.0,0.004,0.0006,-0.6512,0.6512,-0.0099,1,1,2,0.961,0.631,0.369,0,0,0.0,5,DESCENT_PHASE,-0.0094,-0.0014
1436,48.432,0.2939,-3.6267,0.4781,-0.0101,-0.0,-0.1172,0.458,0.112,0.3,0.3973,-3.5847,0.2,0.0,0.0,0.0,0.0043,0.0,-0.6512,0.6512,0.0215,1,1,2,0.961,0.629,0.371,0,0,0.0,5,DESCENT_PHASE,-0.0101,-0.0
1437,48.469,0.2937,-3.6267,0.4758,-0.0102,0.0006,-0.1172,0.456,0.112,0.298,0.3973,-3.5847,0.2,0.0,0.0,0.0,0.0044,-0.0003,-0.6513,0.6514,-0.0076,1,1,2,0.962,0.636,0.364,0,0,0.0,5,DESCENT_PHASE,-0.0102,0.0006
1438,48.505,0.2935,-3.6267,0.4735,-0.0113,0.003,-0.1172,0.453,0.112,0.295,0.3973,-3.5847,0.2,0.0,0.0,0.0,0.0049,-0.0013,-0.6512,0.6513,0.0107,1,1,2,0.962,0.629,0.371,0,0,0.0,5,DESCENT_PHASE,-0.0113,0.003
1439,48.541,0.2933,-3.6266,0.4711,-0.0113,0.0047,-0.1172,0.451,0.112,0.293,0.3973,-3.5847,0.2,0.0,0.0,0.0,0.0049,-0.002,-0.6513,0.6514,-0.0182,1,1,2,0.962,0.632,0.368,0,0,0.0,5,DESCENT_PHASE,-0.0113,0.0047
1440,48.578,0.293,-3.6264,0.4688,-0.0126,0.0073,-0.1171,0.449,0.112,0.291,0.3973,-3.5847,0.2,0.0,0.0,0.0,0.0054,-0.0031,-0.6514,0.6515,0.0137,1,1,2,0.962,0.629,0.371,0,0,0.0,5,DESCENT_PHASE,-0.0126,0.0073
1441,48.615,0.2928,-3.6263,0.4664,-0.013,0.0084,-0.1171,0.446,0.112,0.289,0.3973,-3.5847,0.2,0.0,0.0,0.0,0.0056,-0.0036,-0.6514,0.6515,-0.015,1,1,2,0.962,0.631,0.369,0,0,0.0,5,DESCENT_PHASE,-0.013,0.0084
1442,48.65,0.2925,-3.6261,0.4641,-0.0151,0.0107,-0.1172,0.444,0.113,0.287,0.3973,-3.5847,0.2,0.0,0.0,0.0,0.0065,-0.0046,-0.6512,0.6512,0.015,1,1,2,0.962,0.631,0.369,0,0,0.0,5,DESCENT_PHASE,-0.0151,0.0107
1443,48.686,0.2921,-3.6258,0.4617,-0.0166,0.0117,-0.1172,0.442,0.113,0.285,0.3973,-3.5847,0.2,0.0,0.0,0.0,0.0071,-0.005,-0.6512,0.6513,-0.0133,1,1,2,0.963,0.638,0.362,0,0,0.0,5,DESCENT_PHASE,-0.0166,0.0117
1444,48.723,0.2918,-3.6255,0.4594,-0.0181,0.0139,-0.1171,0.439,0.113,0.283,0.3973,-3.5847,0.2,0.0,0.0,0.0,0.0078,-0.006,-0.6514,0.6515,0.0181,1,1,2,0.963,0.638,0.362,0,0,0.0,5,DESCENT_PHASE,-0.0181,0.0139
1445,48.757,0.2914,-3.6252,0.4571,-0.0176,0.015,-0.1171,0.437,0.113,0.281,0.3973,-3.5847,0.2,0.0,0.0,0.0,0.0076,-0.0065,-0.6514,0.6515,-0.0103,1,1,2,0.964,0.641,0.359,0,0,0.0,5,DESCENT_PHASE,-0.0176,0.015
1446,48.793,0.2911,-3.6249,0.4547,-0.0176,0.0177,-0.1172,0.435,0.114,0.279,0.3973,-3.5847,0.2,0.0,0.0,0.0,0.0076,-0.0076,-0.6513,0.6513,0.0048,1,1,2,0.964,0.64,0.36,0,0,0.0,5,DESCENT_PHASE,-0.0176,0.0177
1447,48.827,0.2907,-3.6245,0.4524,-0.016,0.0194,-0.1171,0.432,0.114,0.277,0.3973,-3.5847,0.2,0.0,0.0,0.0,0.0069,-0.0084,-0.6514,0.6514,-0.0236,1,1,2,0.965,0.642,0.358,0,0,0.0,5,DESCENT_PHASE,-0.016,0.0194
1448,48.861,0.2904,-3.6241,0.45,-0.0151,0.0216,-0.1171,0.43,0.114,0.275,0.3973,-3.5847,0.2,0.0,0.0,0.0,0.0065,-0.0093,-0.6515,0.6516,0.0078,1,1,2,0.965,0.641,0.359,0,0,0.0,5,DESCENT_PHASE,-0.0151,0.0216
1449,48.893,0.2902,-3.6236,0.4477,-0.0128,0.0219,-0.117,0.428,0.114,0.273,0.3973,-3.5847,0.2,0.0,0.0,0.0,0.0055,-0.0094,-0.3113,0.3115,-0.0206,1,1,2,0.965,0.643,0.357,0,0,0.0,5,DESCENT_PHASE,-0.0128,0.0219
1450,48.925,0.29,-3.6232,0.4453,-0.0116,0.0227,-0.117,0.425,0.114,0.271,0.3973,-3.5847,0.2,0.0,0.0,0.0,0.005,-0.0098,-0.3114,0.3116,0.0108,1,1,2,0.965,0.641,0.359,0,0,0.0,5,DESCENT_PHASE,-0.0116,0.0227
1451,48.958,0.2898,-3.6227,0.443,-0.0093,0.0219,-0.117,0.423,0.114,0.268,0.3973,-3.5847,0.2,0.0,0.0,0.0,0.004,-0.0094,-0.3115,0.3116,-0.0176,1,1,2,0.966,0.642,0.358,0,0,0.0,5,DESCENT_PHASE,-0.0093,0.0219
1452,48.99,0.2896,-3.6223,0.4407,-0.0085,0.022,-0.1169,0.421,0.114,0.266,0.3973,-3.5847,0.2,0.0,0.0,0.0,0.0037,-0.0095,-0.3115,0.3117,0.0137,1,1,2,0.965,0.637,0.363,0,0,0.0,5,DESCENT_PHASE,-0.0085,0.022
1453,49.022,0.2895,-3.6219,0.4383,-0.0069,0.0207,-0.1169,0.418,0.114,0.264,0.3973,-3.5847,0.2,0.0,0.0,0.0,0.003,-0.0089,-0.3115,0.3117,-0.0145,1,1,2,0.966,0.637,0.363,0,0,0.0,5,DESCENT_PHASE,-0.0069,0.0207
1454,49.055,0.2893,-3.6215,0.436,-0.0071,0.0204,-0.117,0.416,0.114,0.262,0.3973,-3.5847,0.2,0.0,0.0,0.0,0.0031,-0.0088,-0.3113,0.3115,0.016,1,1,2,0.966,0.636,0.364,0,0,0.0,5,DESCENT_PHASE,-0.0071,0.0204
1455,49.087,0.2892,-3.6211,0.4336,-0.0069,0.019,-0.117,0.414,0.114,0.26,0.3973,-3.5847,0.2,0.0,0.0,0.0,0.003,-0.0082,-0.3114,0.3115,-0.0119,1,1,2,0.966,0.642,0.358,0,0,0.0,5,DESCENT_PHASE,-0.0069,0.019
1456,49.122,0.289,-3.6207,0.4313,-0.0077,0.0189,-0.117,0.411,0.114,0.258,0.3973,-3.5847,0.2,0.0,0.0,0.0,0.0033,-0.0081,-0.3115,0.3116,0.0189,1,1,2,0.966,0.637,0.363,0,0,0.0,5,DESCENT_PHASE,-0.0077,0.0189
1457,49.155,0.2889,-3.6204,0.429,-0.0072,0.0178,-0.117,0.409,0.114,0.256,0.3973,-3.5847,0.2,0.0,0.0,0.0,0.0031,-0.0077,-0.3115,0.3116,-0.0089,1,1,2,0.967,0.642,0.358,0,0,0.0,5,DESCENT_PHASE,-0.0072,0.0178
1458,49.188,0.2887,-3.62,0.4266,-0.0082,0.0183,-0.117,0.407,0.114,0.254,0.3973,-3.5847,0.2,0.0,0.0,0.0,0.0035,-0.0079,-0.3113,0.3114,0.0118,1,1,2,0.966,0.637,0.363,0,0,0.0,5,DESCENT_PHASE,-0.0082,0.0183
1459,49.222,0.2886,-3.6196,0.4243,-0.0083,0.018,-0.117,0.404,0.114,0.252,0.3973,-3.5847,0.2,0.0,0.0,0.0,0.0035,-0.0077,-0.3114,0.3115,-0.016,1,1,2,0.967,0.638,0.362,0,0,0.0,5,DESCENT_PHASE,-0.0083,0.018
1460,49.254,0.2884,-3.6193,0.4219,-0.01,0.0187,-0.1171,0.402,0.114,0.25,0.3973,-3.5847,0.2,0.0,0.0,0.0,0.0043,-0.008,-0.3112,0.3113,0.0141,1,1,2,0.967,0.637,0.363,0,0,0.0,5,DESCENT_PHASE,-0.01,0.0187
1461,49.288,0.2881,-3.6189,0.4196,-0.0111,0.0181,-0.1171,0.4,0.114,0.248,0.3973,-3.5847,0.2,0.0,0.0,0.0,0.0048,-0.0078,-0.3113,0.3114,-0.0134,1,1,2,0.967,0.639,0.361,0,0,0.0,5,DESCENT_PHASE,-0.0111,0.0181
1462,49.324,0.2879,-3.6185,0.4173,-0.0129,0.0186,-0.117,0.397,0.115,0.246,0.3973,-3.5847,0.2,0.0,0.0,0.0,0.0055,-0.008,-0.3113,0.3115,0.0171,1,1,2,0.967,0.638,0.362,0,0,0.0,5,DESCENT_PHASE,-0.0129,0.0186
1463,49.357,0.2876,-3.6182,0.4149,-0.0131,0.0181,-0.117,0.395,0.115,0.244,0.3973,-3.5847,0.2,0.0,0.0,0.0,0.0056,-0.0078,-0.3114,0.3115,-0.0106,1,1,2,0.968,0.644,0.356,0,0,0.0,5,DESCENT_PHASE,-0.0131,0.0181
1464,49.389,0.2873,-3.6178,0.4126,-0.0144,0.0189,-0.117,0.393,0.115,0.242,0.3973,-3.5847,0.2,0.0,0.0,0.0,0.0062,-0.0081,-0.3113,0.3115,0.0149,1,1,2,0.968,0.638,0.362,0,0,0.0,5,DESCENT_PHASE,-0.0144,0.0189
1465,49.422,0.287,-3.6174,0.4102,-0.0145,0.0189,-0.117,0.39,0.115,0.24,0.3973,-3.5847,0.2,0.0,0.0,0.0,0.0062,-0.0081,-0.3113,0.3115,-0.0129,1,1,2,0.968,0.644,0.356,0,0,0.0,5,DESCENT_PHASE,-0.0145,0.0189
1466,49.455,0.2867,-3.617,0.4079,-0.0159,0.0201,-0.117,0.388,0.115,0.238,0.3973,-3.5847,0.2,0.0,0.0,0.0,0.0068,-0.0086,-0.3113,0.3115,0.0178,1,1,2,0.968,0.638,0.362,0,0,0.0,5,DESCENT_PHASE,-0.0159,0.0201
1467,49.488,0.2864,-3.6166,0.4056,-0.0164,0.0203,-0.1171,0.386,0.115,0.236,0.3973,-3.5847,0.2,0.0,0.0,0.0,0.0071,-0.0087,-0.3113,0.3115,-0.01,1,1,2,0.969,0.644,0.356,0,0,0.0,5,DESCENT_PHASE,-0.0164,0.0203
1468,49.52,0.286,-3.6162,0.4032,-0.0184,0.0219,-0.1173,0.383,0.116,0.234,0.3973,-3.5847,0.2,0.0,0.0,0.0,0.0079,-0.0094,-0.3109,0.3111,0.0049,1,1,2,0.969,0.639,0.361,0,0,0.0,5,DESCENT_PHASE,-0.0184,0.0219
1469,49.553,0.2856,-3.6157,0.4009,-0.0194,0.0227,-0.1172,0.381,0.116,0.232,0.3973,-3.5847,0.2,0.0,0.0,0.0,0.0083,-0.0097,-0.311,0.3113,-0.0229,1,1,2,0.969,0.645,0.355,0,0,0.0,5,DESCENT_PHASE,-0.0194,0.0227
1470,49.587,0.2852,-3.6152,0.3985,-0.0212,0.0239,-0.1171,0.379,0.116,0.23,0.3973,-3.5847,0.2,0.0,0.0,0.0,0.0091,-0.0102,-0.3112,0.3115,0.008,1,1,2,0.969,0.641,0.359,0,0,0.0,5,DESCENT_PHASE,-0.0212,0.0239
1471,49.621,0.2848,-3.6148,0.3962,-0.0213,0.0232,-0.1171,0.376,0.116,0.228,0.3973,-3.5847,0.2,0.0,0.0,0.0,0.0092,-0.0099,-0.3113,0.3116,-0.02,1,1,2,0.969,0.643,0.357,0,0,0.0,5,DESCENT_PHASE,-0.0213,0.0232
1472,49.656,0.2843,-3.6143,0.3938,-0.0226,0.0232,-0.117,0.374,0.117,0.226,0.3973,-3.5847,0.2,0.0,0.0,0.0,0.0097,-0.0099,-0.3114,0.3117,0.0111,1,1,2,0.969,0.641,0.359,0,0,0.0,5,DESCENT_PHASE,-0.0226,0.0232
1473,49.69,0.2839,-3.6139,0.3915,-0.0226,0.0215,-0.117,0.372,0.117,0.224,0.3973,-3.5847,0.2,0.0,0.0,0.0,0.0097,-0.0092,-0.3114,0.3117,-0.0171,1,1,2,0.969,0.643,0.357,0,0,0.0,5,DESCENT_PHASE,-0.0226,0.0215
1474,49.725,0.2834,-3.6135,0.3892,-0.0239,0.0207,-0.1171,0.369,0.117,0.223,0.3973,-3.5847,0.2,0.0,0.0,0.0,0.0103,-0.0089,-0.3113,0.3116,0.0134,1,1,2,0.969,0.642,0.358,0,0,0.0,5,DESCENT_PHASE,-0.0239,0.0207
1475,49.76,0.2829,-3.6131,0.3868,-0.0244,0.0186,-0.117,0.367,0.118,0.221,0.3973,-3.5847,0.2,0.0,0.0,0.0,0.0105,-0.008,-0.3113,0.3116,-0.0148,1,1,2,0.969,0.644,0.356,0,0,0.0,5,DESCENT_PHASE,-0.0244,0.0186
1476,49.794,0.2824,-3.6127,0.3845,-0.0255,0.0175,-0.117,0.364,0.118,0.219,0.3973,-3.5847,0.2,0.0,0.0,0.0,0.011,-0.0075,-0.3114,0.3117,0.0166,1,1,2,0.969,0.644,0.356,0,0,0.0,5,DESCENT_PHASE,-0.0255,0.0175
1477,49.829,0.2819,-3.6124,0.3821,-0.025,0.0153,-0.117,0.362,0.119,0.217,0.3973,-3.5847,0.2,0.0,0.0,0.0,0.0107,-0.0065,-0.3115,0.3117,-0.012,1,1,2,0.969,0.649,0.351,0,0,0.0,5,DESCENT_PHASE,-0.025,0.0153
1478,49.864,0.2814,-3.6121,0.3798,-0.0254,0.0144,-0.1169,0.36,0.119,0.216,0.3973,-3.5847,0.2,0.0,0.0,0.0,0.0109,-0.0062,-0.3115,0.3118,0.0198,1,1,2,0.969,0.648,0.352,0,0,0.0,5,DESCENT_PHASE,-0.0254,0.0144
1479,49.898,0.2809,-3.6119,0.3778,-0.0245,0.0123,-0.0992,0.358,0.12,0.214,0.3973,-3.5847,0.2,0.0,0.0,0.0,0.0105,-0.0053,-0.3417,0.3419,-0.0104,1,1,2,0.969,0.65,0.35,0,0,0.0,5,DESCENT_PHASE,-0.0245,0.0123
1480,49.933,0.2804,-3.6117,0.3761,-0.0249,0.012,-0.088,0.356,0.12,0.213,0.3973,-3.5847,0.2,0.0,0.0,0.0,0.0107,-0.0052,-0.3608,0.361,0.0225,1,1,2,0.969,0.649,0.351,0,0,0.0,5,DESCENT_PHASE,-0.0249,0.012
1481,49.968,0.2799,-3.6114,0.3744,-0.0242,0.0109,-0.081,0.354,0.12,0.212,0.3973,-3.5847,0.2,0.0,0.0,0.0,0.0104,-0.0047,-0.3727,0.3728,-0.0071,1,1,2,0.969,0.65,0.35,0,0,0.0,5,DESCENT_PHASE,-0.0242,0.0109
1482,50.003,0.2794,-3.6112,0.3729,-0.0251,0.0116,-0.0772,0.353,0.121,0.211,0.3973,-3.5847,0.2,0.0,0.0,0.0,0.0107,-0.005,-0.379,0.3792,0.0096,1,1,2,0.969,0.649,0.351,0,0,0.0,5,DESCENT_PHASE,-0.0251,0.0116
1483,50.038,0.2789,-3.611,0.3714,-0.0252,0.0118,-0.0742,0.351,0.121,0.21,0.3973,-3.5847,0.2,0.0,0.0,0.0,0.0108,-0.0051,-0.3842,0.3843,-0.0196,1,1,2,0.969,0.631,0.369,0,0,0.0,5,DESCENT_PHASE,-0.0252,0.0118
1484,50.072,0.2784,-3.6107,0.37,-0.0255,0.0127,-0.0723,0.35,0.122,0.209,0.3973,-3.5847,0.2,0.0,0.0,0.0,0.0109,-0.0055,-0.3875,0.3877,0.0128,1,1,2,0.969,0.652,0.348,0,0,0.0,5,DESCENT_PHASE,-0.0255,0.0127
1485,50.107,0.2779,-3.6105,0.3685,-0.0236,0.0121,-0.0711,0.349,0.122,0.208,0.3973,-3.5847,0.2,0.0,0.0,0.0,0.0101,-0.0052,-0.3895,0.3897,-0.0166,1,1,2,0.97,0.6,0.4,0,0,0.0,5,DESCENT_PHASE,-0.0236,0.0121
1486,50.143,0.2775,-3.6102,0.3671,-0.0222,0.0124,-0.0703,0.347,0.122,0.207,0.3973,-3.5847,0.2,0.0,0.0,0.0,0.0095,-0.0053,-0.3908,0.391,0.016,1,1,2,0.97,0.611,0.389,0,0,0.0,5,DESCENT_PHASE,-0.0222,0.0124
1487,50.179,0.2771,-3.61,0.3657,-0.019,0.0115,-0.0698,0.346,0.123,0.206,0.3973,-3.5847,0.2,0.0,0.0,0.0,0.0081,-0.0049,-0.3916,0.3917,-0.0135,1,1,2,0.971,0.602,0.398,0,0,0.0,5,DESCENT_PHASE,-0.019,0.0115
1488,50.214,0.2768,-3.6098,0.3644,-0.0166,0.0118,-0.0695,0.344,0.123,0.205,0.3973,-3.5847,0.2,0.0,0.0,0.0,0.0071,-0.005,-0.3921,0.3922,0.0192,1,1,2,0.97,0.601,0.399,0,0,0.0,5,DESCENT_PHASE,-0.0166,0.0118
1489,50.249,0.2765,-3.6095,0.363,-0.0126,0.011,-0.0694,0.343,0.123,0.204,0.3973,-3.5847,0.2,0.0,0.0,0.0,0.0054,-0.0047,-0.3924,0.3924,-0.0105,1,1,2,0.971,0.594,0.406,0,0,0.0,5,DESCENT_PHASE,-0.0126,0.011
1490,50.285,0.2763,-3.6093,0.3616,-0.0098,0.0118,-0.0693,0.342,0.123,0.203,0.3973,-3.5847,0.2,0.0,0.0,0.0,0.0042,-0.005,-0.3925,0.3926,0.0211,1,1,2,0.971,0.605,0.395,0,0,0.0,5,DESCENT_PHASE,-0.0098,0.0118
1491,50.321,0.2762,-3.6091,0.3602,-0.0059,0.0117,-0.0693,0.34,0.124,0.202,0.3973,-3.5847,0.2,0.0,0.0,0.0,0.0025,-0.005,-0.3926,0.3926,-0.0086,1,1,2,0.971,0.598,0.402,0,0,0.0,5,DESCENT_PHASE,-0.0059,0.0117
1492,50.357,0.2761,-3.6088,0.3588,-0.0034,0.0134,-0.0694,0.339,0.124,0.201,0.3973,-3.5847,0.2,0.0,0.0,0.0,0.0015,-0.0057,-0.3924,0.3924,0.0083,1,1,2,0.971,0.628,0.372,0,0,0.0,5,DESCENT_PHASE,-0.0034,0.0134
1493,50.393,0.2761,-3.6085,0.3574,-0.0001,0.0144,-0.0693,0.337,0.123,0.2,0.3973,-3.5847,0.2,0.0,0.0,0.0,0.0,-0.0061,-0.3925,0.3925,-0.0213,1,1,2,0.971,0.62,0.38,0,0,0.0,5,DESCENT_PHASE,-0.0001,0.0144
1494,50.428,0.2762,-3.6082,0.356,0.0015,0.016,-0.0692,0.336,0.123,0.199,0.3973,-3.5847,0.2,0.0,0.0,0.0,-0.0006,-0.0068,-0.3926,0.3927,0.0114,1,1,2,0.97,0.653,0.347,0,0,0.0,5,DESCENT_PHASE,0.0015,0.016
1495,50.463,0.2762,-3.6079,0.3547,0.0036,0.0159,-0.0692,0.335,0.123,0.198,0.3973,-3.5847,0.2,0.0,0.0,0.0,-0.0015,-0.0068,-0.3927,0.3928,-0.0181,1,1,2,0.971,0.653,0.347,0,0,0.0,5,DESCENT_PHASE,0.0036,0.0159
1496,50.498,0.2763,-3.6075,0.3533,0.0037,0.0167,-0.0692,0.333,0.123,0.197,0.3973,-3.5847,0.2,0.0,0.0,0.0,-0.0016,-0.0071,-0.3926,0.3927,0.0133,1,1,2,0.97,0.652,0.348,0,0,0.0,5,DESCENT_PHASE,0.0037,0.0167
1497,50.532,0.2764,-3.6072,0.3519,0.004,0.016,-0.0692,0.332,0.123,0.195,0.3973,-3.5847,0.2,0.0,0.0,0.0,-0.0017,-0.0069,-0.3927,0.3928,-0.0159,1,1,2,0.971,0.653,0.347,0,0,0.0,5,DESCENT_PHASE,0.004,0.016
1498,50.568,0.2765,-3.6069,0.3505,0.003,0.0165,-0.0691,0.331,0.123,0.194,0.3973,-3.5847,0.2,0.0,0.0,0.0,-0.0013,-0.007,-0.3928,0.3929,0.0165,1,1,2,0.97,0.651,0.349,0,0,0.0,5,DESCENT_PHASE,0.003,0.0165
1499,50.603,0.2765,-3.6066,0.3491,0.003,0.0156,-0.0691,0.329,0.123,0.193,0.3973,-3.5847,0.2,0.0,0.0,0.0,-0.0013,-0.0067,-0.3928,0.3929,-0.0128,1,1,2,0.971,0.652,0.348,0,0,0.0,5,DESCENT_PHASE,0.003,0.0156
1500,50.638,0.2765,-3.6063,0.3477,0.0014,0.0161,-0.0691,0.328,0.123,0.192,0.3973,-3.5847,0.2,0.0,0.0,0.0,-0.0006,-0.0069,-0.3928,0.3929,0.0195,1,1,2,0.97,0.65,0.35,0,0,0.0,5,DESCENT_PHASE,0.0014,0.0161
1501,50.674,0.2765,-3.6059,0.3464,0.0004,0.0155,-0.0691,0.326,0.123,0.191,0.3973,-3.5847,0.2,0.0,0.0,0.0,-0.0002,-0.0066,-0.3928,0.3929,-0.0098,1,1,2,0.971,0.647,0.353,0,0,0.0,5,DESCENT_PHASE,0.0004,0.0155
1502,50.709,0.2765,-3.6056,0.345,-0.0022,0.0166,-0.0699,0.325,0.123,0.19,0.3973,-3.5847,0.2,0.0,0.0,0.0,0.001,-0.0071,-0.3916,0.3916,0.0114,1,1,2,0.971,0.651,0.349,0,0,0.0,5,DESCENT_PHASE,-0.0022,0.0166
1503,50.744,0.2764,-3.6053,0.3436,-0.0045,0.0168,-0.0696,0.324,0.123,0.189,0.3973,-3.5847,0.2,0.0,0.0,0.0,0.0019,-0.0072,-0.392,0.392,-0.0176,1,1,2,0.971,0.654,0.346,0,0,0.0,5,DESCENT_PHASE,-0.0045,0.0168
1504,50.779,0.2763,-3.6049,0.3422,-0.007,0.018,-0.0694,0.322,0.123,0.188,0.3973,-3.5847,0.2,0.0,0.0,0.0,0.003,-0.0077,-0.3923,0.3924,0.0147,1,1,2,0.971,0.653,0.347,0,0,0.0,5,DESCENT_PHASE,-0.007,0.018
1505,50.814,0.2761,-3.6046,0.3408,-0.0075,0.0177,-0.0693,0.321,0.123,0.187,0.3973,-3.5847,0.2,0.0,0.0,0.0,0.0032,-0.0076,-0.3925,0.3926,-0.0145,1,1,2,0.972,0.655,0.345,0,0,0.0,5,DESCENT_PHASE,-0.0075,0.0177
1506,50.849,0.2759,-3.6042,0.3394,-0.0087,0.0186,-0.0692,0.319,0.123,0.186,0.3973,-3.5847,0.2,0.0,0.0,0.0,0.0037,-0.008,-0.3927,0.3927,0.0178,1,1,2,0.972,0.654,0.346,0,0,0.0,5,DESCENT_PHASE,-0.0087,0.0186
1507,50.884,0.2758,-3.6038,0.338,-0.0084,0.0183,-0.0692,0.318,0.123,0.185,0.3973,-3.5847,0.2,0.0,0.0,0.0,0.0036,-0.0079,-0.3927,0.3928,-0.0113,1,1,2,0.972,0.656,0.344,0,0,0.0,5,DESCENT_PHASE,-0.0084,0.0183
1508,50.919,0.2756,-3.6034,0.3366,-0.0089,0.0195,-0.0692,0.317,0.123,0.184,0.3973,-3.5847,0.2,0.0,0.0,0.0,0.0038,-0.0084,-0.3927,0.3928,0.0137,1,1,2,0.972,0.655,0.345,0,0,0.0,5,DESCENT_PHASE,-0.0089,0.0195
1509,50.954,0.2754,-3.603,0.3353,-0.0083,0.0198,-0.0692,0.315,0.123,0.183,0.3973,-3.5847,0.2,0.0,0.0,0.0,0.0035,-0.0085,-0.3927,0.3928,-0.0153,1,1,2,0.972,0.656,0.344,0,0,0.0,5,DESCENT_PHASE,-0.0083,0.0198
1510,50.989,0.2753,-3.6026,0.3339,-0.0089,0.0212,-0.0691,0.314,0.123,0.182,0.3973,-3.5847,0.2,0.0,0.0,0.0,0.0038,-0.0091,-0.3928,0.3929,0.0168,1,1,2,0.972,0.654,0.346,0,0,0.0,5,DESCENT_PHASE,-0.0089,0.0212
1511,51.023,0.2751,-3.6022,0.3325,-0.0085,0.0213,-0.0691,0.312,0.123,0.181,0.3973,-3.5847,0.2,0.0,0.0,0.0,0.0036,-0.0091,-0.3928,0.3929,-0.0122,1,1,2,0.972,0.655,0.345,0,0,0.0,5,DESCENT_PHASE,-0.0085,0.0213
1512,51.058,0.2749,-3.6017,0.3311,-0.0097,0.0228,-0.0693,0.311,0.124,0.18,0.3973,-3.5847,0.2,0.0,0.0,0.0,0.0042,-0.0098,-0.3925,0.3926,0.0117,1,1,2,0.972,0.654,0.346,0,0,0.0,5,DESCENT_PHASE,-0.0097,0.0228
1513,51.092,0.2747,-3.6013,0.3297,-0.0104,0.0233,-0.0693,0.31,0.124,0.179,0.3973,-3.5847,0.2,0.0,0.0,0.0,0.0044,-0.01,-0.3926,0.3927,-0.0169,1,1,2,0.972,0.656,0.344,0,0,0.0,5,DESCENT_PHASE,-0.0104,0.0233
1514,51.127,0.2744,-3.6008,0.3283,-0.0119,0.0248,-0.0692,0.308,0.124,0.178,0.3973,-3.5847,0.2,0.0,0.0,0.0,0.0051,-0.0106,-0.3927,0.3928,0.0148,1,1,2,0.972,0.654,0.346,0,0,0.0,5,DESCENT_PHASE,-0.0119,0.0248
1515,51.161,0.2742,-3.6003,0.327,-0.0122,0.0249,-0.0692,0.307,0.124,0.178,0.3973,-3.5847,0.2,0.0,0.0,0.0,0.0052,-0.0106,-0.3927,0.3929,-0.0138,1,1,2,0.972,0.656,0.344,0,0,0.0,5,DESCENT_PHASE,-0.0122,0.0249
1516,51.196,0.2739,-3.5997,0.3256,-0.0137,0.0261,-0.0692,0.306,0.124,0.177,0.3973,-3.5847,0.2,0.0,0.0,0.0,0.0059,-0.0112,-0.3927,0.3929,0.0161,1,1,2,0.972,0.654,0.346,0,0,0.0,5,DESCENT_PHASE,-0.0137,0.0261
1517,51.232,0.2736,-3.5992,0.3242,-0.0143,0.0263,-0.0692,0.304,0.124,0.176,0.3973,-3.5847,0.2,0.0,0.0,0.0,0.0061,-0.0112,-0.3927,0.3929,-0.0124,1,1,2,0.972,0.655,0.345,0,0,0.0,5,DESCENT_PHASE,-0.0143,0.0263
1518,51.268,0.2733,-3.5987,0.3228,-0.0164,0.0278,-0.0694,0.303,0.125,0.175,0.3973,-3.5847,0.2,0.0,0.0,0.0,0.007,-0.0119,-0.3922,0.3925,0.0072,1,1,2,0.972,0.655,0.345,0,0,0.0,5,DESCENT_PHASE,-0.0164,0.0278
1519,51.308,0.273,-3.5981,0.3214,-0.018,0.0282,-0.0694,0.301,0.125,0.174,0.3973,-3.5847,0.2,0.0,0.0,0.0,0.0077,-0.0121,-0.3924,0.3926,-0.0212,1,1,2,0.972,0.657,0.343,0,0,0.0,5,DESCENT_PHASE,-0.018,0.0282
1520,51.349,0.2726,-3.5975,0.32,-0.0195,0.0292,-0.0692,0.3,0.125,0.174,0.3973,-3.5847,0.2,0.0,0.0,0.0,0.0083,-0.0125,-0.3926,0.3929,0.0103,1,1,2,0.972,0.657,0.343,0,0,0.0,5,DESCENT_PHASE,-0.0195,0.0292
1521,51.39,0.2722,-3.5969,0.3186,-0.0189,0.0285,-0.0692,0.299,0.126,0.173,0.3973,-3.5847,0.2,0.0,0.0,0.0,0.0081,-0.0122,-0.3927,0.393,-0.0182,1,1,2,0.972,0.612,0.388,0,0,0.0,5,DESCENT_PHASE,-0.0189,0.0285
1522,51.431,0.2718,-3.5964,0.3173,-0.0189,0.0287,-0.0691,0.297,0.126,0.172,0.3973,-3.5847,0.2,0.0,0.0,0.0,0.0081,-0.0123,-0.3929,0.3931,0.0135,1,1,2,0.972,0.658,0.342,0,0,0.0,5,DESCENT_PHASE,-0.0189,0.0287
1523,51.472,0.2715,-3.5958,0.3159,-0.0171,0.0273,-0.0691,0.296,0.126,0.171,0.3973,-3.5847,0.2,0.0,0.0,0.0,0.0073,-0.0117,-0.3929,0.3931,-0.0153,1,1,2,0.972,0.609,0.391,0,0,0.0,5,DESCENT_PHASE,-0.0171,0.0273
1524,51.518,0.2711,-3.5953,0.3145,-0.0162,0.0271,-0.069,0.295,0.127,0.171,0.3973,-3.5847,0.2,0.0,0.0,0.0,0.0069,-0.0116,-0.393,0.3932,0.0167,1,1,2,0.972,0.642,0.358,0,0,0.0,5,DESCENT_PHASE,-0.0162,0.0271
1525,51.568,0.2709,-3.5948,0.3131,-0.0138,0.0256,-0.069,0.293,0.127,0.17,0.3973,-3.5847,0.2,0.0,0.0,0.0,0.0059,-0.0109,-0.3929,0.3931,-0.0123,1,1,2,0.972,0.608,0.392,0,0,0.0,5,DESCENT_PHASE,-0.0138,0.0256
1526,51.611,0.2706,-3.5943,0.3117,-0.0127,0.0255,-0.069,0.292,0.127,0.169,0.3973,-3.5847,0.2,0.0,0.0,0.0,0.0054,-0.0109,-0.393,0.3932,0.0195,1,1,2,0.972,0.659,0.341,0,0,0.0,5,DESCENT_PHASE,-0.0127,0.0255
1527,51.65,0.2704,-3.5938,0.3104,-0.0105,0.0243,-0.069,0.29,0.127,0.168,0.3973,-3.5847,0.2,0.0,0.0,0.0,0.0045,-0.0104,-0.3929,0.3931,-0.0095,1,1,2,0.972,0.619,0.381,0,0,0.0,5,DESCENT_PHASE,-0.0105,0.0243
1528,51.685,0.2702,-3.5933,0.309,-0.0098,0.0248,-0.0692,0.289,0.127,0.168,0.3973,-3.5847,0.2,0.0,0.0,0.0,0.0042,-0.0106,-0.3927,0.3929,0.0073,1,1,2,0.972,0.658,0.342,0,0,0.0,5,DESCENT_PHASE,-0.0098,0.0248
1529,51.721,0.27,-3.5928,0.3076,-0.0084,0.0245,-0.0691,0.288,0.127,0.167,0.3973,-3.5847,0.2,0.0,0.0,0.0,0.0036,-0.0104,-0.3928,0.3929,-0.0217,1,1,2,0.972,0.659,0.341,0,0,0.0,5,DESCENT_PHASE,-0.0084,0.0245
1530,51.756,0.2699,-3.5923,0.3062,-0.0088,0.0247,-0.0692,0.286,0.128,0.166,0.3973,-3.5847,0.2,0.0,0.0,0.0,0.0037,-0.0106,-0.3927,0.3928,0.0093,1,1,2,0.972,0.658,0.342,0,0,0.0,5,DESCENT_PHASE,-0.0088,0.0247
1531,51.79,0.2697,-3.5918,0.3048,-0.0087,0.0232,-0.0691,0.285,0.128,0.165,0.3973,-3.5847,0.2,0.0,0.0,0.0,0.0037,-0.0099,-0.3928,0.3929,-0.0195,1,1,2,0.972,0.632,0.368,0,0,0.0,5,DESCENT_PHASE,-0.0087,0.0232
1532,51.825,0.2695,-3.5914,0.3034,-0.0095,0.0225,-0.0691,0.283,0.128,0.165,0.3973,-3.5847,0.2,0.0,0.0,0.0,0.0041,-0.0096,-0.3929,0.393,0.0125,1,1,2,0.972,0.658,0.342,0,0,0.0,5,DESCENT_PHASE,-0.0095,0.0225
1533,51.863,0.2693,-3.591,0.3021,-0.009,0.0202,-0.0691,0.282,0.128,0.164,0.3973,-3.5847,0.2,0.0,0.0,0.0,0.0039,-0.0086,-0.3929,0.393,-0.0165,1,1,2,0.972,0.637,0.363,0,0,0.0,5,DESCENT_PHASE,-0.009,0.0202
1534,51.9,0.2691,-3.5906,0.3007,-0.0098,0.0188,-0.069,0.281,0.128,0.163,0.3973,-3.5847,0.2,0.0,0.0,0.0,0.0042,-0.008,-0.3929,0.393,0.0157,1,1,2,0.972,0.658,0.342,0,0,0.0,5,DESCENT_PHASE,-0.0098,0.0188
1535,51.937,0.2689,-3.5903,0.2993,-0.0096,0.0162,-0.0691,0.279,0.128,0.162,0.3973,-3.5847,0.2,0.0,0.0,0.0,0.0041,-0.0069,-0.3929,0.393,-0.0134,1,1,2,0.972,0.659,0.341,0,0,0.0,5,DESCENT_PHASE,-0.0096,0.0162
1536,51.978,0.2687,-3.59,0.2979,-0.011,0.0148,-0.0692,0.278,0.129,0.162,0.3973,-3.5847,0.2,0.0,0.0,0.0,0.0047,-0.0063,-0.3927,0.3928,0.0177,1,1,2,0.972,0.658,0.342,0,0,0.0,5,DESCENT_PHASE,-0.011,0.0148
1537,52.017,0.2685,-3.5897,0.2965,-0.0118,0.0123,-0.0692,0.277,0.129,0.161,0.3973,-3.5847,0.2,0.0,0.0,0.0,0.005,-0.0053,-0.3927,0.3928,-0.0113,1,1,2,0.972,0.66,0.34,0,0,0.0,5,DESCENT_PHASE,-0.0118,0.0123
1538,52.052,0.2682,-3.5895,0.2952,-0.0134,0.0113,-0.0692,0.275,0.129,0.16,0.3973,-3.5847,0.2,0.0,0.0,0.0,0.0057,-0.0048,-0.3927,0.3928,0.0209,1,1,2,0.972,0.659,0.341,0,0,0.0,5,DESCENT_PHASE,-0.0134,0.0113
1539,52.088,0.2679,-3.5893,0.2938,-0.0136,0.0094,-0.0691,0.274,0.129,0.16,0.3973,-3.5847,0.2,0.0,0.0,0.0,0.0058,-0.004,-0.3928,0.3928,-0.0084,1,1,2,0.973,0.66,0.34,0,0,0.0,5,DESCENT_PHASE,-0.0136,0.0094
1540,52.128,0.2676,-3.5891,0.2924,-0.015,0.0092,-0.0697,0.272,0.13,0.159,0.3973,-3.5847,0.2,0.0,0.0,0.0,0.0064,-0.0039,-0.3918,0.3918,0.0212,1,1,2,0.972,0.659,0.341,0,0,0.0,5,DESCENT_PHASE,-0.015,0.0092
1541,52.168,0.2673,-3.589,0.291,-0.0153,0.0083,-0.0695,0.271,0.13,0.159,0.3973,-3.5847,0.2,0.0,0.0,0.0,0.0065,-0.0035,-0.3921,0.3922,-0.0081,1,1,2,0.973,0.66,0.34,0,0,0.0,5,DESCENT_PHASE,-0.0153,0.0083
1542,52.204,0.267,-3.5888,0.2896,-0.017,0.0091,-0.0695,0.27,0.13,0.158,0.3973,-3.5847,0.2,0.0,0.0,0.0,0.0072,-0.0039,-0.3921,0.3922,0.0149,1,1,2,0.972,0.659,0.341,0,0,0.0,5,DESCENT_PHASE,-0.017,0.0091
1543,52.241,0.2666,-3.5886,0.2882,-0.0179,0.0093,-0.0694,0.268,0.131,0.158,0.3973,-3.5847,0.2,0.0,0.0,0.0,0.0076,-0.004,-0.3923,0.3924,-0.014,1,1,2,0.973,0.661,0.339,0,0,0.0,5,DESCENT_PHASE,-0.0179,0.0093
1544,52.279,0.2662,-3.5884,0.2868,-0.0195,0.0107,-0.0693,0.267,0.131,0.157,0.3973,-3.5847,0.2,0.0,0.0,0.0,0.0083,-0.0046,-0.3925,0.3926,0.0179,1,1,2,0.973,0.66,0.34,0,0,0.0,5,DESCENT_PHASE,-0.0195,0.0107
1545,52.315,0.2659,-3.5882,0.2854,-0.0197,0.0109,-0.0692,0.265,0.131,0.157,0.3973,-3.5847,0.2,0.0,0.0,0.0,0.0084,-0.0047,-0.3926,0.3927,-0.0108,1,1,2,0.974,0.661,0.339,0,0,0.0,5,DESCENT_PHASE,-0.0197,0.0109
1546,52.35,0.2654,-3.5879,0.284,-0.0211,0.0126,-0.0692,0.264,0.132,0.156,0.3973,-3.5847,0.2,0.0,0.0,0.0,0.009,-0.0054,-0.3926,0.3927,0.0169,1,1,2,0.973,0.66,0.34,0,0,0.0,5,DESCENT_PHASE,-0.0211,0.0126
1547,52.386,0.265,-3.5877,0.2827,-0.0214,0.0134,-0.0692,0.263,0.132,0.156,0.3973,-3.5847,0.2,0.0,0.0,0.0,0.0091,-0.0057,-0.3926,0.3928,-0.0116,1,1,2,0.974,0.661,0.339,0,0,0.0,5,DESCENT_PHASE,-0.0214,0.0134
1548,52.423,0.2645,-3.5873,0.2813,-0.0231,0.0156,-0.0694,0.261,0.133,0.156,0.3973,-3.5847,0.2,0.0,0.0,0.0,0.0098,-0.0066,-0.3923,0.3925,0.013,1,1,2,0.974,0.661,0.339,0,0,0.0,5,DESCENT_PHASE,-0.0231,0.0156
1549,52.455,0.2641,-3.587,0.2799,-0.024,0.0168,-0.0694,0.26,0.133,0.155,0.3973,-3.5847,0.2,0.0,0.0,0.0,0.0102,-0.0072,-0.3924,0.3926,-0.0151,1,1,2,0.974,0.625,0.375,0,0,0.0,5,DESCENT_PHASE,-0.024,0.0168
1550,52.486,0.2636,-3.5866,0.2785,-0.0252,0.0191,-0.0693,0.259,0.134,0.155,0.3973,-3.5847,0.2,0.0,0.0,0.0,0.0107,-0.0081,-0.3926,0.3928,0.0161,1,1,2,0.974,0.625,0.375,0,0,0.0,5,DESCENT_PHASE,-0.0252,0.0191
1551,52.518,0.2631,-3.5862,0.2771,-0.0243,0.0201,-0.0692,0.257,0.134,0.155,0.3973,-3.5847,0.2,0.0,0.0,0.0,0.0104,-0.0086,-0.3926,0.3928,-0.0121,1,1,2,0.974,0.61,0.39,0,0,0.0,5,DESCENT_PHASE,-0.0243,0.0201
1552,52.551,0.2626,-3.5858,0.2757,-0.0241,0.0225,-0.0693,0.256,0.135,0.155,0.3973,-3.5847,0.2,0.0,0.0,0.0,0.0103,-0.0096,-0.3925,0.3928,0.0082,1,1,2,0.974,0.617,0.383,0,0,0.0,5,DESCENT_PHASE,-0.0241,0.0225
1553,52.583,0.2621,-3.5853,0.2743,-0.0223,0.0239,-0.0692,0.254,0.135,0.154,0.3973,-3.5847,0.2,0.0,0.0,0.0,0.0095,-0.0102,-0.3926,0.3928,-0.02,1,1,2,0.974,0.601,0.399,0,0,0.0,5,DESCENT_PHASE,-0.0223,0.0239
1554,52.615,0.2617,-3.5848,0.273,-0.0213,0.0259,-0.0692,0.253,0.136,0.154,0.3973,-3.5847,0.2,0.0,0.0,0.0,0.0091,-0.011,-0.3927,0.393,0.0111,1,1,2,0.974,0.611,0.389,0,0,0.0,5,DESCENT_PHASE,-0.0213,0.0259
1555,52.647,0.2613,-3.5842,0.2716,-0.0189,0.0263,-0.0691,0.252,0.136,0.154,0.3973,-3.5847,0.2,0.0,0.0,0.0,0.0081,-0.0112,-0.3928,0.393,-0.017,1,1,2,0.974,0.604,0.396,0,0,0.0,5,DESCENT_PHASE,-0.0189,0.0263
1556,52.679,0.261,-3.5837,0.2702,-0.0178,0.0276,-0.0691,0.25,0.136,0.153,0.3973,-3.5847,0.2,0.0,0.0,0.0,0.0076,-0.0118,-0.3928,0.3931,0.014,1,1,2,0.974,0.631,0.369,0,0,0.0,5,DESCENT_PHASE,-0.0178,0.0276
1557,52.711,0.2607,-3.5831,0.2688,-0.0156,0.0276,-0.0691,0.249,0.137,0.153,0.3973,-3.5847,0.2,0.0,0.0,0.0,0.0066,-0.0117,-0.3928,0.3931,-0.014,1,1,2,0.974,0.613,0.387,0,0,0.0,5,DESCENT_PHASE,-0.0156,0.0276
1558,52.743,0.2604,-3.5826,0.2674,-0.015,0.0287,-0.0691,0.247,0.137,0.153,0.3973,-3.5847,0.2,0.0,0.0,0.0,0.0064,-0.0122,-0.3928,0.393,0.0153,1,1,2,0.974,0.662,0.338,0,0,0.0,5,DESCENT_PHASE,-0.015,0.0287
1559,52.775,0.2601,-3.582,0.2661,-0.0137,0.0286,-0.0691,0.246,0.137,0.152,0.3973,-3.5847,0.2,0.0,0.0,0.0,0.0058,-0.0122,-0.3928,0.393,-0.0124,1,1,2,0.974,0.663,0.337,0,0,0.0,5,DESCENT_PHASE,-0.0137,0.0286
1560,52.806,0.2598,-3.5814,0.2647,-0.0141,0.0298,-0.0693,0.245,0.138,0.152,0.3973,-3.5847,0.2,0.0,0.0,0.0,0.006,-0.0127,-0.3924,0.3927,0.0073,1,1,2,0.974,0.663,0.337,0,0,0.0,5,DESCENT_PHASE,-0.0141,0.0298
1561,52.838,0.2595,-3.5808,0.2633,-0.0139,0.03,-0.0696,0.243,0.138,0.152,0.3973,-3.5847,0.2,0.0,0.0,0.0,0.0059,-0.0128,-0.392,0.3922,-0.0205,1,1,2,0.974,0.615,0.385,0,0,0.0,5,DESCENT_PHASE,-0.0139,0.03
1562,52.87,0.2592,-3.5802,0.2619,-0.0145,0.0308,-0.0694,0.242,0.138,0.151,0.3973,-3.5847,0.2,0.0,0.0,0.0,0.0062,-0.0131,-0.3924,0.3926,0.0099,1,1,2,0.974,0.663,0.337,0,0,0.0,5,DESCENT_PHASE,-0.0145,0.0308
1563,52.902,0.259,-3.5796,0.2605,-0.0135,0.0299,-0.0693,0.241,0.138,0.151,0.3973,-3.5847,0.2,0.0,0.0,0.0,0.0057,-0.0127,-0.3926,0.3928,-0.0178,1,1,2,0.974,0.62,0.38,0,0,0.0,5,DESCENT_PHASE,-0.0135,0.0299
1564,52.933,0.2587,-3.579,0.2591,-0.0136,0.0298,-0.0691,0.239,0.139,0.151,0.3973,-3.5847,0.2,0.0,0.0,0.0,0.0058,-0.0127,-0.3928,0.393,0.0129,1,1,2,0.974,0.663,0.337,0,0,0.0,5,DESCENT_PHASE,-0.0136,0.0298
1565,52.965,0.2585,-3.5784,0.2577,-0.0124,0.0282,-0.0691,0.238,0.139,0.15,0.3973,-3.5847,0.2,0.0,0.0,0.0,0.0053,-0.012,-0.3928,0.393,-0.015,1,1,2,0.974,0.621,0.379,0,0,0.0,5,DESCENT_PHASE,-0.0124,0.0282
1566,52.998,0.2582,-3.5779,0.2564,-0.0126,0.0277,-0.069,0.236,0.139,0.15,0.3973,-3.5847,0.2,0.0,0.0,0.0,0.0053,-0.0118,-0.3929,0.3931,0.016,1,1,2,0.974,0.663,0.337,0,0,0.0,5,DESCENT_PHASE,-0.0126,0.0277
1567,53.03,0.258,-3.5774,0.255,-0.0119,0.026,-0.0691,0.235,0.14,0.15,0.3973,-3.5847,0.2,0.0,0.0,0.0,0.005,-0.0111,-0.3929,0.3931,-0.0121,1,1,2,0.974,0.663,0.337,0,0,0.0,5,DESCENT_PHASE,-0.0119,0.026
1568,53.065,0.2577,-3.5768,0.2536,-0.0129,0.0256,-0.0692,0.234,0.14,0.15,0.3973,-3.5847,0.2,0.0,0.0,0.0,0.0055,-0.0109,-0.3927,0.3929,0.0181,1,1,2,0.974,0.663,0.337,0,0,0.0,5,DESCENT_PHASE,-0.0129,0.0256
1569,53.099,0.2574,-3.5764,0.2522,-0.0134,0.0242,-0.0692,0.232,0.14,0.149,0.3973,-3.5847,0.2,0.0,0.0,0.0,0.0057,-0.0103,-0.3927,0.3929,-0.01,1,1,2,0.974,0.62,0.38,0,0,0.0,5,DESCENT_PHASE,-0.0134,0.0242
1570,53.132,0.2572,-3.5759,0.2508,-0.0144,0.0243,-0.0692,0.231,0.14,0.149,0.3973,-3.5847,0.2,0.0,0.0,0.0,0.0061,-0.0103,-0.3927,0.3929,0.0114,1,1,2,0.974,0.664,0.336,0,0,0.0,5,DESCENT_PHASE,-0.0144,0.0243
1571,53.166,0.2569,-3.5754,0.2494,-0.0137,0.0236,-0.0691,0.229,0.141,0.149,0.3973,-3.5847,0.2,0.0,0.0,0.0,0.0058,-0.01,-0.3928,0.3929,-0.0172,1,1,2,0.974,0.616,0.384,0,0,0.0,5,DESCENT_PHASE,-0.0137,0.0236
1572,53.204,0.2566,-3.5749,0.2481,-0.0137,0.0238,-0.0691,0.228,0.141,0.149,0.3973,-3.5847,0.2,0.0,0.0,0.0,0.0058,-0.0101,-0.3929,0.393,0.0146,1,1,2,0.974,0.659,0.341,0,0,0.0,5,DESCENT_PHASE,-0.0137,0.0238
1573,53.239,0.2564,-3.5745,0.2467,-0.0123,0.0226,-0.0691,0.227,0.141,0.149,0.3973,-3.5847,0.2,0.0,0.0,0.0,0.0052,-0.0096,-0.3929,0.393,-0.0143,1,1,2,0.974,0.617,0.383,0,0,0.0,5,DESCENT_PHASE,-0.0123,0.0226
1574,53.274,0.2561,-3.574,0.2453,-0.012,0.0225,-0.069,0.225,0.142,0.149,0.3973,-3.5847,0.2,0.0,0.0,0.0,0.0051,-0.0096,-0.3929,0.3931,0.0179,1,1,2,0.974,0.665,0.335,0,0,0.0,5,DESCENT_PHASE,-0.012,0.0225
1575,53.309,0.2559,-3.5736,0.2439,-0.0105,0.0214,-0.0691,0.224,0.142,0.148,0.3973,-3.5847,0.2,0.0,0.0,0.0,0.0045,-0.0091,-0.3929,0.393,-0.0114,1,1,2,0.974,0.618,0.382,0,0,0.0,5,DESCENT_PHASE,-0.0105,0.0214
1576,53.344,0.2557,-3.5732,0.2425,-0.0105,0.0216,-0.0695,0.223,0.142,0.148,0.3973,-3.5847,0.2,0.0,0.0,0.0,0.0045,-0.0092,-0.3921,0.3923,0.0173,1,1,2,0.974,0.665,0.335,0,0,0.0,5,DESCENT_PHASE,-0.0105,0.0216
1577,53.378,0.2555,-3.5727,0.2411,-0.0097,0.0209,-0.0694,0.221,0.142,0.148,0.3973,-3.5847,0.2,0.0,0.0,0.0,0.0041,-0.0089,-0.3924,0.3925,-0.0121,1,1,2,0.974,0.665,0.335,0,0,0.0,5,DESCENT_PHASE,-0.0097,0.0209
1578,53.414,0.2553,-3.5723,0.2398,-0.0106,0.0217,-0.0694,0.22,0.143,0.148,0.3973,-3.5847,0.2,0.0,0.0,0.0,0.0045,-0.0092,-0.3923,0.3924,0.0166,1,1,2,0.974,0.665,0.335,0,0,0.0,5,DESCENT_PHASE,-0.0106,0.0217
1579,53.448,0.2551,-3.5719,0.2384,-0.011,0.0215,-0.0693,0.218,0.143,0.148,0.3973,-3.5847,0.2,0.0,0.0,0.0,0.0047,-0.0091,-0.3925,0.3926,-0.0125,1,1,2,0.974,0.63,0.37,0,0,0.0,5,DESCENT_PHASE,-0.011,0.0215
1580,53.483,0.2548,-3.5714,0.237,-0.012,0.0226,-0.0693,0.217,0.143,0.148,0.3973,-3.5847,0.2,0.0,0.0,0.0,0.0051,-0.0096,-0.3926,0.3927,0.0148,1,1,2,0.974,0.666,0.334,0,0,0.0,5,DESCENT_PHASE,-0.012,0.0226
1581,53.518,0.2546,-3.571,0.2356,-0.0116,0.0227,-0.0692,0.216,0.143,0.148,0.3973,-3.5847,0.2,0.0,0.0,0.0,0.0049,-0.0096,-0.3926,0.3928,-0.0145,1,1,2,0.974,0.618,0.382,0,0,0.0,5,DESCENT_PHASE,-0.0116,0.0227
1582,53.555,0.2544,-3.5705,0.2342,-0.0121,0.024,-0.0692,0.214,0.144,0.148,0.3973,-3.5847,0.2,0.0,0.0,0.0,0.0051,-0.0102,-0.3927,0.3929,0.018,1,1,2,0.974,0.666,0.334,0,0,0.0,5,DESCENT_PHASE,-0.0121,0.024
1583,53.59,0.2541,-3.57,0.2328,-0.0114,0.0241,-0.0692,0.213,0.144,0.148,0.3973,-3.5847,0.2,0.0,0.0,0.0,0.0048,-0.0102,-0.3927,0.3929,-0.0114,1,1,2,0.975,0.64,0.36,0,0,0.0,5,DESCENT_PHASE,-0.0114,0.0241
1584,53.626,0.2539,-3.5695,0.2314,-0.0121,0.0257,-0.0693,0.211,0.144,0.148,0.3973,-3.5847,0.2,0.0,0.0,0.0,0.0051,-0.0109,-0.3926,0.3927,0.0063,1,1,2,0.974,0.666,0.334,0,0,0.0,5,DESCENT_PHASE,-0.0121,0.0257
1585,53.661,0.2536,-3.569,0.2301,-0.0118,0.0263,-0.0692,0.21,0.144,0.148,0.3973,-3.5847,0.2,0.0,0.0,0.0,0.005,-0.0112,-0.3926,0.3928,-0.0231,1,1,2,0.974,0.666,0.334,0,0,0.0,5,DESCENT_PHASE,-0.0118,0.0263
1586,53.695,0.2534,-3.5684,0.2287,-0.0132,0.0275,-0.0693,0.209,0.145,0.148,0.3973,-3.5847,0.2,0.0,0.0,0.0,0.0056,-0.0117,-0.3925,0.3927,0.0079,1,1,2,0.974,0.666,0.334,0,0,0.0,5,DESCENT_PHASE,-0.0132,0.0275
1587,53.733,0.2531,-3.5679,0.2273,-0.014,0.0268,-0.0692,0.207,0.145,0.148,0.3973,-3.5847,0.2,0.0,0.0,0.0,0.0059,-0.0113,-0.3926,0.3928,-0.0214,1,1,2,0.975,0.63,0.37,0,0,0.0,5,DESCENT_PHASE,-0.014,0.0268
1588,53.768,0.2528,-3.5674,0.2259,-0.0154,0.0267,-0.0691,0.206,0.146,0.148,0.3973,-3.5847,0.2,0.0,0.0,0.0,0.0065,-0.0113,-0.3928,0.393,0.0113,1,1,2,0.975,0.667,0.333,0,0,0.0,5,DESCENT_PHASE,-0.0154,0.0267
1589,53.804,0.2525,-3.5669,0.2245,-0.0152,0.0249,-0.0691,0.205,0.146,0.148,0.3973,-3.5847,0.2,0.0,0.0,0.0,0.0064,-0.0105,-0.3928,0.393,-0.0184,1,1,2,0.976,0.631,0.369,0,0,0.0,5,DESCENT_PHASE,-0.0152,0.0249
1590,53.839,0.2522,-3.5664,0.2231,-0.0159,0.024,-0.069,0.203,0.146,0.148,0.3973,-3.5847,0.2,0.0,0.0,0.0,0.0067,-0.0102,-0.3929,0.3931,0.0146,1,1,2,0.976,0.667,0.333,0,0,0.0,5,DESCENT_PHASE,-0.0159,0.024
1591,53.874,0.2519,-3.5659,0.2218,-0.0154,0.0216,-0.0691,0.202,0.147,0.148,0.3973,-3.5847,0.2,0.0,0.0,0.0,0.0065,-0.0091,-0.3929,0.3931,-0.0153,1,1,2,0.976,0.628,0.372,0,0,0.0,5,DESCENT_PHASE,-0.0154,0.0216
1592,53.908,0.2515,-3.5655,0.2204,-0.0161,0.0204,-0.0695,0.2,0.147,0.148,0.3973,-3.5847,0.2,0.0,0.0,0.0,0.0068,-0.0086,-0.3922,0.3924,0.0173,1,1,2,0.976,0.667,0.333,0,0,0.0,5,DESCENT_PHASE,-0.0161,0.0204
1593,53.943,0.2512,-3.5652,0.219,-0.016,0.0179,-0.0693,0.199,0.147,0.149,0.3973,-3.5847,0.2,0.0,0.0,0.0,0.0068,-0.0076,-0.3924,0.3926,-0.0126,1,1,2,0.976,0.64,0.36,0,0,0.0,5,DESCENT_PHASE,-0.016,0.0179
1594,53.978,0.2509,-3.5648,0.2176,-0.0173,0.0169,-0.0694,0.198,0.148,0.149,0.3973,-3.5847,0.2,0.0,0.0,0.0,0.0073,-0.0071,-0.3924,0.3925,0.0185,1,1,2,0.976,0.668,0.332,0,0,0.0,5,DESCENT_PHASE,-0.0173,0.0169
1595,54.013,0.2505,-3.5645,0.2162,-0.018,0.0148,-0.0693,0.196,0.148,0.149,0.3973,-3.5847,0.2,0.0,0.0,0.0,0.0076,-0.0063,-0.3925,0.3927,-0.0111,1,1,2,0.976,0.622,0.378,0,0,0.0,5,DESCENT_PHASE,-0.018,0.0148
1596,54.047,0.2501,-3.5643,0.2148,-0.019,0.0142,-0.0692,0.195,0.149,0.149,0.3973,-3.5847,0.2,0.0,0.0,0.0,0.0081,-0.006,-0.0085,0.0132,0.0218,1,1,2,0.976,0.657,0.343,0,0,0.0,5,TARGET_REACHED,-0.019,0.0142
1597,54.082,0.2498,-3.564,0.2134,-0.0183,0.0128,-0.0691,0.193,0.149,0.15,0.3973,-3.5847,0.2,0.0,0.0,0.0,0.0078,-0.0054,0.1175,0.1179,-0.0079,1,1,2,0.976,0.612,0.388,0,0,0.0,5,TARGET_REACHED,-0.0183,0.0128
1598,54.116,0.2494,-3.5637,0.2121,-0.0184,0.0131,-0.0692,0.192,0.149,0.15,0.3973,-3.5847,0.2,0.0,0.0,0.0,0.0078,-0.0055,0.1176,0.118,0.0127,1,1,2,0.976,0.625,0.375,0,0,0.0,5,TARGET_REACHED,-0.0184,0.0131
1599,54.152,0.2491,-3.5635,0.2107,-0.017,0.0128,-0.0691,0.191,0.15,0.15,0.3973,-3.5847,0.2,0.0,0.0,0.0,0.0072,-0.0054,0.1176,0.1179,-0.0171,1,1,2,0.976,0.614,0.386,0,0,0.0,5,TARGET_REACHED,-0.017,0.0128
1600,54.188,0.2487,-3.5632,0.2093,-0.0167,0.0135,-0.0691,0.189,0.15,0.15,0.3973,-3.5847,0.2,0.0,0.0,0.0,0.0071,-0.0057,0.1175,0.1178,-0.0151,1,1,2,0.976,0.632,0.368,0,0,0.0,5,TARGET_REACHED,-0.0167,0.0135
1601,54.224,0.2484,-3.563,0.2076,-0.0154,0.0128,-0.0869,0.188,0.15,0.151,0.3973,-3.5847,0.2,0.0,0.0,0.0,0.0065,-0.0054,0.1477,0.1479,-0.0462,1,1,2,0.976,0.613,0.387,0,0,0.0,5,TARGET_REACHED,-0.0154,0.0128
1602,54.259,0.2481,-3.5627,0.2056,-0.0154,0.0134,-0.098,0.186,0.151,0.151,0.3973,-3.5847,0.2,0.0,0.0,0.0,0.0065,-0.0057,0.1665,0.1668,-0.0205,1,1,2,0.976,0.631,0.369,0,0,0.0,5,TARGET_REACHED,-0.0154,0.0134
1603,54.295,0.2478,-3.5624,0.2035,-0.0146,0.013,-0.1052,0.184,0.151,0.151,0.3973,-3.5847,0.2,0.0,0.0,0.0,0.0062,-0.0055,0.1788,0.179,-0.0505,1,1,2,0.976,0.635,0.365,0,0,0.0,5,TARGET_REACHED,-0.0146,0.013
1604,54.331,0.2476,-3.5622,0.2013,-0.011,0.0136,-0.1092,0.181,0.151,0.151,0.3973,-3.5847,0.2,0.0,0.0,0.0,0.0046,-0.0057,0.1856,0.1857,-0.0197,1,1,2,0.976,0.645,0.355,0,0,0.0,5,TARGET_REACHED,-0.011,0.0136
1605,54.366,0.2475,-3.5619,0.1991,-0.0066,0.0127,-0.1115,0.179,0.152,0.152,0.3973,-3.5847,0.2,0.0,0.0,0.0,0.0028,-0.0054,0.1896,0.1897,-0.0513,1,1,2,0.976,0.647,0.353,0,0,0.0,5,TARGET_REACHED,-0.0066,0.0127
1606,54.4,0.2475,-3.5617,0.1968,0.0007,0.0125,-0.113,0.177,0.152,0.152,0.3973,-3.5847,0.2,0.0,0.0,0.0,-0.0003,-0.0053,0.1922,0.1922,-0.0202,1,1,2,0.977,0.658,0.342,0,0,0.0,5,TARGET_REACHED,0.0007,0.0125
1607,54.435,0.2476,-3.5614,0.1945,0.0082,0.0106,-0.114,0.175,0.151,0.152,0.3973,-3.5847,0.2,0.0,0.0,0.0,-0.0035,-0.0045,0.1937,0.1938,-0.0522,1,1,2,0.978,0.657,0.343,0,0,0.0,5,TARGET_REACHED,0.0082,0.0106
1608,54.47,0.248,-3.5613,0.1923,0.0184,0.0093,-0.1147,0.172,0.151,0.151,0.3973,-3.5847,0.2,0.0,0.0,0.0,-0.0078,-0.0039,0.195,0.1952,-0.021,1,1,2,0.978,0.661,0.339,0,0,0.0,5,TARGET_REACHED,0.0184,0.0093
1609,54.505,0.2486,-3.5611,0.1899,0.0284,0.0059,-0.1152,0.17,0.151,0.151,0.3973,-3.5847,0.2,0.0,0.0,0.0,-0.012,-0.0025,0.1959,0.1963,-0.0532,1,1,2,0.978,0.661,0.339,0,0,0.0,5,TARGET_REACHED,0.0284,0.0059
1610,54.54,0.2494,-3.5611,0.1876,0.0407,0.0029,-0.1158,0.168,0.15,0.15,0.3973,-3.5847,0.2,0.0,0.0,0.0,-0.0172,-0.0012,0.1969,0.1976,0.0018,1,1,2,0.978,0.663,0.337,0,0,0.0,5,TARGET_REACHED,0.0407,0.0029
1611,54.575,0.2505,-3.5611,0.1856,0.0534,-0.0028,-0.1,0.166,0.149,0.149,0.3973,-3.5847,0.2,0.0,0.0,0.0,-0.0226,0.0012,0.1701,0.1716,0.0126,1,1,2,0.978,0.663,0.337,0,0,0.0,5,TARGET_REACHED,0.0534,-0.0028
1612,54.61,0.2518,-3.5613,0.1838,0.0676,-0.0083,-0.0902,0.164,0.147,0.148,0.3973,-3.5847,0.2,0.0,0.0,0.0,-0.0286,0.0035,0.1533,0.156,-0.0124,1,1,2,0.978,0.656,0.344,0,0,0.0,5,TARGET_REACHED,0.0676,-0.0083
1613,54.644,0.2534,-3.5616,0.1822,0.0808,-0.0126,-0.0836,0.162,0.146,0.147,0.3973,-3.5847,0.2,0.0,0.0,0.0,-0.0342,0.0053,0.1421,0.1463,0.0165,1,1,2,0.978,0.654,0.346,0,0,0.0,5,TARGET_REACHED,0.0808,-0.0126
1614,54.679,0.2553,-3.5619,0.181,0.0911,-0.0182,-0.06,0.161,0.144,0.145,0.3973,-3.5847,0.2,0.0,0.0,0.0,-0.0386,0.0077,0.102,0.1094,-0.0168,1,1,2,0.977,0.639,0.361,0,0,0.0,5,TARGET_REACHED,0.0911,-0.0182
1615,54.714,0.2572,-3.5624,0.1801,0.0999,-0.022,-0.0448,0.16,0.142,0.143,0.3973,-3.5847,0.2,0.0,0.0,0.0,-0.0424,0.0094,0.0762,0.0877,0.0127,1,1,2,0.976,0.638,0.362,0,0,0.0,5,TARGET_REACHED,0.0999,-0.022
1616,54.748,0.2593,-3.5629,0.1794,0.1043,-0.0271,-0.0352,0.159,0.14,0.141,0.3973,-3.5847,0.2,0.0,0.0,0.0,-0.0443,0.0115,0.0598,0.0753,0.0094,1,1,2,0.976,0.648,0.352,0,0,0.0,5,TARGET_REACHED,0.1043,-0.0271
1617,54.783,0.2615,-3.5635,0.1788,0.1071,-0.031,-0.0287,0.159,0.137,0.139,0.3973,-3.5847,0.2,0.0,0.0,0.0,-0.0456,0.0132,0.0487,0.068,0.0226,1,1,2,0.976,0.67,0.33,0,0,0.0,5,TARGET_REACHED,0.1071,-0.031
1618,54.815,0.2636,-3.5642,0.1783,0.1058,-0.034,-0.0244,0.158,0.135,0.137,0.3973,-3.5847,0.2,0.0,0.0,0.0,-0.045,0.0145,0.0415,0.0629,-0.008,1,1,2,0.976,0.664,0.336,0,0,0.0,5,TARGET_REACHED,0.1058,-0.034
1619,54.847,0.2657,-3.5649,0.1779,0.1028,-0.0351,-0.0214,0.158,0.133,0.135,0.3973,-3.5847,0.2,0.0,0.0,0.0,-0.0438,0.015,0.0365,0.0589,0.02,1,1,2,0.976,0.664,0.336,0,0,0.0,5,TARGET_REACHED,0.1028,-0.0351
1620,54.879,0.2676,-3.5657,0.1775,0.0975,-0.037,-0.0198,0.157,0.131,0.133,0.3973,-3.5847,0.2,0.0,0.0,0.0,-0.0416,0.0158,0.0336,0.0558,-0.0113,1,1,2,0.976,0.658,0.342,0,0,0.0,5,TARGET_REACHED,0.0975,-0.037
1621,54.911,0.2694,-3.5664,0.1771,0.0921,-0.0372,-0.0185,0.157,0.129,0.131,0.3973,-3.5847,0.2,0.0,0.0,0.0,-0.0393,0.0159,0.0314,0.0528,0.0169,1,1,2,0.976,0.658,0.342,0,0,0.0,5,TARGET_REACHED,0.0921,-0.0372
1622,54.944,0.2711,-3.5672,0.1767,0.0841,-0.0385,-0.0186,0.157,0.127,0.129,0.3973,-3.5847,0.2,0.0,0.0,0.0,-0.0359,0.0164,0.0316,0.0506,-0.0125,1,1,2,0.976,0.656,0.344,0,0,0.0,5,TARGET_REACHED,0.0841,-0.0385
1623,54.976,0.2726,-3.5679,0.1764,0.0756,-0.0384,-0.0179,0.156,0.126,0.128,0.3973,-3.5847,0.2,0.0,0.0,0.0,-0.0323,0.0164,0.0304,0.0473,0.0154,1,1,2,0.976,0.657,0.343,0,0,0.0,5,TARGET_REACHED,0.0756,-0.0384
1624,55.01,0.2739,-3.5687,0.176,0.0655,-0.0394,-0.0176,0.156,0.124,0.127,0.3973,-3.5847,0.2,0.0,0.0,0.0,-0.028,0.0169,0.03,0.0443,-0.0086,1,1,2,0.976,0.655,0.345,0,0,0.0,5,TARGET_REACHED,0.0655,-0.0394
1625,55.042,0.2751,-3.5695,0.1757,0.0561,-0.039,-0.0175,0.156,0.123,0.126,0.3973,-3.5847,0.2,0.0,0.0,0.0,-0.024,0.0167,0.0297,0.0417,0.0189,1,1,2,0.976,0.655,0.345,0,0,0.0,5,TARGET_REACHED,0.0561,-0.039
1626,55.075,0.276,-3.5703,0.1753,0.0448,-0.0394,-0.0176,0.155,0.122,0.125,0.3973,-3.5847,0.2,0.0,0.0,0.0,-0.0192,0.0169,0.03,0.0394,-0.0091,1,1,2,0.976,0.656,0.344,0,0,0.0,5,TARGET_REACHED,0.0448,-0.0394
1627,55.107,0.2766,-3.5711,0.175,0.0339,-0.0381,-0.0178,0.155,0.121,0.124,0.3973,-3.5847,0.2,0.0,0.0,0.0,-0.0145,0.0163,0.0303,0.0373,0.0183,1,1,2,0.976,0.657,0.343,0,0,0.0,5,TARGET_REACHED,0.0339,-0.0381
1628,55.14,0.2771,-3.5718,0.1746,0.0232,-0.0376,-0.0178,0.155,0.121,0.123,0.3973,-3.5847,0.2,0.0,0.0,0.0,-0.01,0.0161,0.0302,0.0357,-0.0119,1,1,2,0.976,0.656,0.344,0,0,0.0,5,TARGET_REACHED,0.0232,-0.0376
1629,55.172,0.2774,-3.5725,0.1742,0.014,-0.0354,-0.0179,0.154,0.121,0.123,0.3973,-3.5847,0.2,0.0,0.0,0.0,-0.006,0.0152,0.0303,0.0345,0.0152,1,1,2,0.976,0.661,0.339,0,0,0.0,5,TARGET_REACHED,0.014,-0.0354
1630,55.204,0.2775,-3.5732,0.1739,0.0035,-0.0343,-0.0181,0.154,0.12,0.123,0.3973,-3.5847,0.2,0.0,0.0,0.0,-0.0015,0.0147,0.0308,0.0342,-0.0129,1,1,2,0.976,0.658,0.342,0,0,0.0,5,TARGET_REACHED,0.0035,-0.0343
1631,55.238,0.2773,-3.5738,0.1735,-0.0059,-0.0319,-0.0183,0.154,0.12,0.123,0.3973,-3.5847,0.2,0.0,0.0,0.0,0.0025,0.0137,0.0311,0.034,0.0146,1,1,2,0.976,0.668,0.332,0,0,0.0,5,TARGET_REACHED,-0.0059,-0.0319
1632,55.272,0.277,-3.5744,0.1732,-0.0145,-0.0305,-0.0182,0.153,0.121,0.124,0.3973,-3.5847,0.2,0.0,0.0,0.0,0.0062,0.0131,0.0309,0.0341,-0.0157,1,1,2,0.976,0.663,0.337,0,0,0.0,5,TARGET_REACHED,-0.0145,-0.0305
1633,55.308,0.2766,-3.575,0.1728,-0.0212,-0.0279,-0.0181,0.153,0.121,0.124,0.3973,-3.5847,0.2,0.0,0.0,0.0,0.0091,0.012,0.0308,0.0343,0.0116,1,1,2,0.976,0.668,0.332,0,0,0.0,5,TARGET_REACHED,-0.0212,-0.0279
1634,55.34,0.2761,-3.5755,0.1724,-0.0287,-0.0266,-0.0182,0.152,0.122,0.125,0.3973,-3.5847,0.2,0.0,0.0,0.0,0.0123,0.0114,0.031,0.0352,-0.0175,1,1,2,0.976,0.669,0.331,0,0,0.0,5,TARGET_REACHED,-0.0287,-0.0266
1635,55.376,0.2754,-3.576,0.1721,-0.0347,-0.0243,-0.0181,0.152,0.122,0.125,0.3973,-3.5847,0.2,0.0,0.0,0.0,0.0149,0.0104,0.0308,0.0357,0.0098,1,1,2,0.976,0.671,0.329,0,0,0.0,5,TARGET_REACHED,-0.0347,-0.0243
1636,55.41,0.2746,-3.5765,0.1717,-0.0401,-0.0235,-0.0179,0.152,0.123,0.126,0.3973,-3.5847,0.2,0.0,0.0,0.0,0.0172,0.0101,0.0305,0.0364,-0.0164,1,1,2,0.976,0.671,0.329,0,0,0.0,5,TARGET_REACHED,-0.0401,-0.0235
1637,55.444,0.2737,-3.5769,0.1714,-0.0428,-0.0218,-0.0178,0.151,0.124,0.127,0.3973,-3.5847,0.2,0.0,0.0,0.0,0.0183,0.0093,0.0302,0.0365,0.0114,1,1,2,0.976,0.622,0.378,0,0,0.0,5,TARGET_REACHED,-0.0428,-0.0218
1638,55.479,0.2728,-3.5774,0.171,-0.0451,-0.0215,-0.0175,0.151,0.125,0.128,0.3973,-3.5847,0.2,0.0,0.0,0.0,0.0193,0.0092,0.0298,0.0367,-0.0197,1,1,2,0.976,0.616,0.384,0,0,0.0,5,TARGET_REACHED,-0.0451,-0.0215
1639,55.514,0.2719,-3.5778,0.1707,-0.045,-0.0203,-0.0174,0.151,0.126,0.129,0.3973,-3.5847,0.2,0.0,0.0,0.0,0.0192,0.0087,0.0296,0.0364,0.0085,1,1,2,0.977,0.631,0.369,0,0,0.0,5,TARGET_REACHED,-0.045,-0.0203
1640,55.55,0.271,-3.5782,0.1703,-0.045,-0.0206,-0.0174,0.15,0.126,0.13,0.3973,-3.5847,0.2,0.0,0.0,0.0,0.0192,0.0088,0.0295,0.0363,-0.0089,1,1,2,0.977,0.626,0.374,0,0,0.0,5,TARGET_REACHED,-0.045,-0.0206
1641,55.584,0.2701,-3.5786,0.17,-0.0429,-0.0203,-0.0173,0.15,0.127,0.131,0.3973,-3.5847,0.2,0.0,0.0,0.0,0.0183,0.0087,0.0293,0.0357,0.0196,1,1,2,0.978,0.639,0.361,0,0,0.0,5,TARGET_REACHED,-0.0429,-0.0203
1642,55.62,0.2693,-3.579,0.1696,-0.0411,-0.0207,-0.0171,0.15,0.128,0.132,0.3973,-3.5847,0.2,0.0,0.0,0.0,0.0176,0.0088,0.0291,0.0351,-0.0121,1,1,2,0.978,0.638,0.362,0,0,0.0,5,TARGET_REACHED,-0.0411,-0.0207
1643,55.654,0.2686,-3.5794,0.1693,-0.0375,-0.0195,-0.0171,0.149,0.129,0.132,0.3973,-3.5847,0.2,0.0,0.0,0.0,0.016,0.0083,0.0291,0.0342,0.0167,1,1,2,0.978,0.644,0.356,0,0,0.0,5,TARGET_REACHED,-0.0375,-0.0195
1644,55.69,0.2679,-3.5798,0.1689,-0.0345,-0.0193,-0.0171,0.149,0.129,0.133,0.3973,-3.5847,0.2,0.0,0.0,0.0,0.0147,0.0082,0.029,0.0336,-0.0152,1,1,2,0.978,0.638,0.362,0,0,0.0,5,TARGET_REACHED,-0.0345,-0.0193
1645,55.724,0.2673,-3.5801,0.1686,-0.03,-0.0177,-0.0171,0.149,0.13,0.134,0.3973,-3.5847,0.2,0.0,0.0,0.0,0.0128,0.0076,0.0291,0.0326,0.0138,1,1,2,0.978,0.645,0.355,0,0,0.0,5,TARGET_REACHED,-0.03,-0.0177
1646,55.759,0.2667,-3.5805,0.1683,-0.0266,-0.0174,-0.0171,0.148,0.131,0.134,0.3973,-3.5847,0.2,0.0,0.0,0.0,0.0114,0.0074,0.029,0.032,-0.0182,1,1,2,0.978,0.64,0.36,0,0,0.0,5,TARGET_REACHED,-0.0266,-0.0174
1647,55.794,0.2663,-3.5808,0.1679,-0.022,-0.0159,-0.0171,0.148,0.131,0.135,0.3973,-3.5847,0.2,0.0,0.0,0.0,0.0094,0.0068,0.0291,0.0313,0.0108,1,1,2,0.978,0.642,0.358,0,0,0.0,5,TARGET_REACHED,-0.022,-0.0159
1648,55.829,0.2659,-3.5811,0.1676,-0.0187,-0.0159,-0.0171,0.148,0.131,0.135,0.3973,-3.5847,0.2,0.0,0.0,0.0,0.008,0.0068,0.0291,0.031,-0.0213,1,1,2,0.978,0.633,0.367,0,0,0.0,5,TARGET_REACHED,-0.0187,-0.0159
1649,55.864,0.2656,-3.5814,0.1668,-0.015,-0.0152,-0.0364,0.147,0.132,0.136,0.3973,-3.5847,0.2,0.0,0.0,0.0,0.0064,0.0065,0.0619,0.0626,0.0062,1,1,2,0.978,0.637,0.363,0,0,0.0,5,TARGET_REACHED,-0.015,-0.0152
1650,55.898,0.2654,-3.5817,0.1659,-0.0128,-0.016,-0.0488,0.146,0.132,0.136,0.3973,-3.5847,0.2,0.0,0.0,0.0,0.0055,0.0068,0.0829,0.0834,-0.0008,1,1,2,0.978,0.623,0.377,0,0,0.0,5,TARGET_REACHED,-0.0128,-0.016
1651,55.933,0.2652,-3.5821,0.1647,-0.0101,-0.0163,-0.0564,0.145,0.132,0.137,0.3973,-3.5847,0.2,0.0,0.0,0.0,0.0043,0.007,0.0959,0.0962,0.0203,1,1,2,0.978,0.633,0.367,0,0,0.0,5,TARGET_REACHED,-0.0101,-0.0163
1652,55.965,0.265,-3.5824,0.1635,-0.0088,-0.0168,-0.0611,0.144,0.132,0.137,0.3973,-3.5847,0.2,0.0,0.0,0.0,0.0038,0.0071,0.1038,0.1041,-0.0112,1,1,2,0.978,0.611,0.389,0,0,0.0,5,TARGET_REACHED,-0.0088,-0.0168
1653,55.999,0.2649,-3.5827,0.1622,-0.0066,-0.0155,-0.064,0.142,0.132,0.138,0.3973,-3.5847,0.2,0.0,0.0,0.0,0.0028,0.0066,0.1089,0.1091,0.0174,1,1,2,0.978,0.63,0.37,0,0,0.0,5,TARGET_REACHED,-0.0066,-0.0155
1654,56.031,0.2647,-3.583,0.1609,-0.0061,-0.0152,-0.0659,0.141,0.133,0.138,0.3973,-3.5847,0.2,0.0,0.0,0.0,0.0026,0.0065,0.1121,0.1123,-0.0141,1,1,2,0.977,0.645,0.355,0,0,0.0,5,TARGET_REACHED,-0.0061,-0.0152
1655,56.063,0.2646,-3.5833,0.1596,-0.0051,-0.0135,-0.0671,0.14,0.133,0.139,0.3973,-3.5847,0.2,0.0,0.0,0.0,0.0022,0.0058,0.1141,0.1142,0.0146,1,1,2,0.978,0.629,0.371,0,0,0.0,5,TARGET_REACHED,-0.0051,-0.0135
1656,56.094,0.2645,-3.5835,0.1582,-0.0058,-0.0129,-0.0679,0.138,0.133,0.139,0.3973,-3.5847,0.2,0.0,0.0,0.0,0.0025,0.0055,0.1155,0.1156,-0.0165,1,1,2,0.977,0.673,0.327,0,0,0.0,5,TARGET_REACHED,-0.0058,-0.0129
1657,56.126,0.2644,-3.5838,0.1568,-0.006,-0.0111,-0.0683,0.137,0.133,0.14,0.3973,-3.5847,0.2,0.0,0.0,0.0,0.0025,0.0047,0.1162,0.1163,0.0122,1,1,2,0.978,0.629,0.371,0,0,0.0,5,TARGET_REACHED,-0.006,-0.0111
1658,56.157,0.2643,-3.584,0.1555,-0.0073,-0.0107,-0.0686,0.135,0.133,0.14,0.3973,-3.5847,0.2,0.0,0.0,0.0,0.0031,0.0046,0.1166,0.1168,-0.0196,1,1,2,0.978,0.673,0.327,0,0,0.0,5,TARGET_REACHED,-0.0073,-0.0107
1659,56.189,0.2641,-3.5842,0.1541,-0.0075,-0.0093,-0.0688,0.134,0.133,0.141,0.3973,-3.5847,0.2,0.0,0.0,0.0,0.0032,0.004,0.1169,0.1171,0.0092,1,1,2,0.978,0.667,0.333,0,0,0.0,5,TARGET_REACHED,-0.0075,-0.0093
1660,56.22,0.2639,-3.5844,0.1527,-0.0092,-0.0095,-0.0691,0.133,0.133,0.141,0.3973,-3.5847,0.2,0.0,0.0,0.0,0.0039,0.004,0.1174,0.1175,-0.0223,1,1,2,0.978,0.672,0.328,0,0,0.0,5,TARGET_REACHED,-0.0092,-0.0095
1661,56.252,0.2637,-3.5845,0.1513,-0.01,-0.0089,-0.0691,0.131,0.134,0.142,0.3973,-3.5847,0.2,0.0,0.0,0.0,0.0043,0.0038,0.1175,0.1176,0.0067,1,1,2,0.978,0.673,0.327,0,0,0.0,5,TARGET_REACHED,-0.01,-0.0089
1662,56.284,0.2635,-3.5847,0.1499,-0.0122,-0.0102,-0.0698,0.13,0.134,0.143,0.3973,-3.5847,0.2,0.0,0.0,0.0,0.0052,0.0043,0.1186,0.1188,-0.0062,1,1,2,0.978,0.673,0.327,0,0,0.0,5,TARGET_REACHED,-0.0122,-0.0102
1663,56.316,0.2632,-3.585,0.1485,-0.0135,-0.0109,-0.0696,0.129,0.134,0.144,0.3973,-3.5847,0.2,0.0,0.0,0.0,0.0058,0.0046,0.1182,0.1185,0.0227,1,1,2,0.978,0.674,0.326,0,0,0.0,5,TARGET_REACHED,-0.0135,-0.0109
1664,56.348,0.2629,-3.5852,0.1472,-0.016,-0.0121,-0.0694,0.127,0.134,0.144,0.3973,-3.5847,0.2,0.0,0.0,0.0,0.0068,0.0052,0.118,0.1183,-0.0092,1,1,2,0.978,0.673,0.327,0,0,0.0,5,TARGET_REACHED,-0.016,-0.0121
1665,56.38,0.2625,-3.5854,0.1458,-0.0173,-0.0115,-0.0693,0.126,0.135,0.145,0.3973,-3.5847,0.2,0.0,0.0,0.0,0.0074,0.0049,0.1179,0.1182,0.0195,1,1,2,0.978,0.673,0.327,0,0,0.0,5,TARGET_REACHED,-0.0173,-0.0115
1666,56.412,0.2621,-3.5857,0.1444,-0.0202,-0.0116,-0.0694,0.124,0.135,0.146,0.3973,-3.5847,0.2,0.0,0.0,0.0,0.0086,0.0049,0.1181,0.1185,-0.0103,1,1,2,0.978,0.674,0.326,0,0,0.0,5,TARGET_REACHED,-0.0202,-0.0116
1667,56.444,0.2617,-3.5859,0.143,-0.0224,-0.0101,-0.0694,0.123,0.136,0.147,0.3973,-3.5847,0.2,0.0,0.0,0.0,0.0095,0.0043,0.118,0.1185,0.0182,1,1,2,0.978,0.633,0.367,0,0,0.0,5,TARGET_REACHED,-0.0224,-0.0101
1668,56.476,0.2612,-3.5861,0.1416,-0.0243,-0.0094,-0.0693,0.122,0.136,0.148,0.3973,-3.5847,0.2,0.0,0.0,0.0,0.0103,0.004,0.1178,0.1183,-0.0134,1,1,2,0.978,0.625,0.375,0,0,0.0,5,TARGET_REACHED,-0.0243,-0.0094
1669,56.508,0.2607,-3.5862,0.1402,-0.0243,-0.0073,-0.0692,0.12,0.137,0.149,0.3973,-3.5847,0.2,0.0,0.0,0.0,0.0103,0.0031,0.1177,0.1181,0.0152,1,1,2,0.978,0.637,0.363,0,0,0.0,5,TARGET_REACHED,-0.0243,-0.0073
1670,56.541,0.2602,-3.5863,0.1388,-0.0248,-0.0062,-0.0691,0.119,0.137,0.15,0.3973,-3.5847,0.2,0.0,0.0,0.0,0.0106,0.0026,0.1175,0.118,-0.0165,1,1,2,0.978,0.624,0.376,0,0,0.0,5,TARGET_REACHED,-0.0248,-0.0062
1671,56.578,0.2597,-3.5864,0.1375,-0.0238,-0.0039,-0.0691,0.117,0.138,0.151,0.3973,-3.5847,0.2,0.0,0.0,0.0,0.0101,0.0017,0.1175,0.1179,0.0122,1,1,2,0.978,0.632,0.368,0,0,0.0,5,TARGET_REACHED,-0.0238,-0.0039
1672,56.611,0.2593,-3.5865,0.1361,-0.0236,-0.003,-0.0691,0.116,0.138,0.152,0.3973,-3.5847,0.2,0.0,0.0,0.0,0.0101,0.0013,0.1174,0.1179,-0.0196,1,1,2,0.978,0.615,0.385,0,0,0.0,5,TARGET_REACHED,-0.0236,-0.003
1673,56.648,0.2588,-3.5865,0.1347,-0.0222,-0.001,-0.0691,0.115,0.138,0.153,0.3973,-3.5847,0.2,0.0,0.0,0.0,0.0094,0.0004,0.1174,0.1178,0.0091,1,1,2,0.978,0.631,0.369,0,0,0.0,5,TARGET_REACHED,-0.0222,-0.001
1674,56.68,0.2584,-3.5865,0.1333,-0.0221,-0.0007,-0.069,0.113,0.139,0.154,0.3973,-3.5847,0.2,0.0,0.0,0.0,0.0094,0.0003,0.1174,0.1178,-0.0225,1,1,2,0.978,0.627,0.373,0,0,0.0,5,TARGET_REACHED,-0.0221,-0.0007
1675,56.716,0.258,-3.5865,0.1319,-0.021,0.0004,-0.0691,0.112,0.139,0.155,0.3973,-3.5847,0.2,0.0,0.0,0.0,0.0089,-0.0002,0.1174,0.1177,0.0061,1,1,2,0.978,0.615,0.385,0,0,0.0,5,TARGET_REACHED,-0.021,0.0004
1676,56.751,0.2575,-3.5865,0.1306,-0.0215,-0.0004,-0.0693,0.111,0.14,0.156,0.3973,-3.5847,0.2,0.0,0.0,0.0,0.0091,0.0002,0.1178,0.1181,-0.0169,1,1,2,0.978,0.635,0.365,0,0,0.0,5,TARGET_REACHED,-0.0215,-0.0004
1677,56.786,0.2571,-3.5865,0.1292,-0.0214,-0.0006,-0.0692,0.109,0.14,0.157,0.3973,-3.5847,0.2,0.0,0.0,0.0,0.0091,0.0003,0.1176,0.118,0.0114,1,1,2,0.978,0.639,0.361,0,0,0.0,5,TARGET_REACHED,-0.0214,-0.0006
1678,56.821,0.2567,-3.5866,0.1278,-0.0216,-0.0023,-0.0691,0.108,0.141,0.158,0.3973,-3.5847,0.2,0.0,0.0,0.0,0.0092,0.001,0.1175,0.1179,-0.02,1,1,2,0.978,0.642,0.358,0,0,0.0,5,TARGET_REACHED,-0.0216,-0.0023
1679,56.857,0.2563,-3.5866,0.1264,-0.0199,-0.003,-0.0691,0.106,0.141,0.159,0.3973,-3.5847,0.2,0.0,0.0,0.0,0.0084,0.0013,0.1175,0.1178,0.0085,1,1,2,0.978,0.646,0.354,0,0,0.0,5,TARGET_REACHED,-0.0199,-0.003
1680,56.891,0.2559,-3.5867,0.125,-0.0188,-0.0054,-0.0692,0.105,0.141,0.16,0.3973,-3.5847,0.2,0.0,0.0,0.0,0.008,0.0023,0.1176,0.1179,-0.0126,1,1,2,0.978,0.644,0.356,0,0,0.0,5,TARGET_REACHED,-0.0188,-0.0054
1681,56.926,0.2556,-3.5869,0.1236,-0.0162,-0.007,-0.0692,0.104,0.142,0.161,0.3973,-3.5847,0.2,0.0,0.0,0.0,0.0069,0.003,0.1176,0.1178,0.0161,1,1,2,0.978,0.65,0.35,0,0,0.0,5,TARGET_REACHED,-0.0162,-0.007
1682,56.959,0.2553,-3.5871,0.1223,-0.0144,-0.0097,-0.0691,0.102,0.142,0.162,0.3973,-3.5847,0.2,0.0,0.0,0.0,0.0061,0.0041,0.1176,0.1178,-0.0157,1,1,2,0.978,0.64,0.36,0,0,0.0,5,TARGET_REACHED,-0.0144,-0.0097
1683,56.995,0.2551,-3.5873,0.1209,-0.0114,-0.0111,-0.0692,0.101,0.142,0.163,0.3973,-3.5847,0.2,0.0,0.0,0.0,0.0048,0.0047,0.1176,0.1178,0.0131,1,1,2,0.978,0.648,0.352,0,0,0.0,5,TARGET_REACHED,-0.0114,-0.0111
1684,57.027,0.2549,-3.5876,0.1195,-0.0097,-0.0137,-0.0692,0.099,0.142,0.164,0.3973,-3.5847,0.2,0.0,0.0,0.0,0.0041,0.0058,0.1176,0.1178,-0.0185,1,1,2,0.978,0.644,0.356,0,0,0.0,5,TARGET_REACHED,-0.0097,-0.0137
1685,57.063,0.2547,-3.5879,0.1181,-0.0069,-0.0153,-0.0692,0.098,0.143,0.164,0.3973,-3.5847,0.2,0.0,0.0,0.0,0.0029,0.0065,0.1176,0.1178,0.0104,1,1,2,0.978,0.639,0.361,0,0,0.0,5,TARGET_REACHED,-0.0069,-0.0153
1686,57.095,0.2546,-3.5882,0.1167,-0.0058,-0.0184,-0.0694,0.097,0.143,0.165,0.3973,-3.5847,0.2,0.0,0.0,0.0,0.0025,0.0078,0.1179,0.1182,-0.0018,1,1,2,0.978,0.642,0.358,0,0,0.0,5,TARGET_REACHED,-0.0058,-0.0184
1687,57.129,0.2545,-3.5886,0.1153,-0.004,-0.0206,-0.0693,0.095,0.143,0.166,0.3973,-3.5847,0.2,0.0,0.0,0.0,0.0017,0.0088,0.1178,0.1182,0.0269,1,1,2,0.978,0.628,0.372,0,0,0.0,5,TARGET_REACHED,-0.004,-0.0206
1688,57.162,0.2545,-3.5891,0.1139,-0.0041,-0.023,-0.0693,0.094,0.143,0.167,0.3973,-3.5847,0.2,0.0,0.0,0.0,0.0017,0.0098,0.1179,0.1183,-0.0042,1,1,2,0.978,0.629,0.371,0,0,0.0,5,TARGET_REACHED,-0.0041,-0.023
1689,57.194,0.2544,-3.5896,0.1126,-0.0038,-0.0232,-0.0692,0.093,0.143,0.168,0.3973,-3.5847,0.2,0.0,0.0,0.0,0.0016,0.0098,0.1177,0.1181,0.0244,1,1,2,0.978,0.633,0.367,0,0,0.0,5,TARGET_REACHED,-0.0038,-0.0232
1690,57.226,0.2543,-3.59,0.1112,-0.0047,-0.0237,-0.0691,0.091,0.143,0.168,0.3973,-3.5847,0.2,0.0,0.0,0.0,0.002,0.01,0.1175,0.118,-0.0073,1,1,2,0.978,0.677,0.323,0,0,0.0,5,TARGET_REACHED,-0.0047,-0.0237
1691,57.259,0.2542,-3.5905,0.1098,-0.0048,-0.0222,-0.0691,0.09,0.143,0.169,0.3973,-3.5847,0.2,0.0,0.0,0.0,0.002,0.0094,0.1175,0.1179,0.0213,1,1,2,0.978,0.647,0.353,0,0,0.0,5,TARGET_REACHED,-0.0048,-0.0222
1692,57.293,0.2541,-3.5909,0.1084,-0.0064,-0.0213,-0.0692,0.088,0.143,0.17,0.3973,-3.5847,0.2,0.0,0.0,0.0,0.0027,0.009,0.1176,0.118,-0.0096,1,1,2,0.978,0.656,0.344,0,0,0.0,5,TARGET_REACHED,-0.0064,-0.0213
1693,57.326,0.2539,-3.5913,0.107,-0.0074,-0.0186,-0.0691,0.087,0.144,0.171,0.3973,-3.5847,0.2,0.0,0.0,0.0,0.0032,0.0079,0.1176,0.1179,0.019,1,1,2,0.978,0.648,0.352,0,0,0.0,5,TARGET_REACHED,-0.0074,-0.0186
1694,57.359,0.2537,-3.5916,0.1056,-0.0095,-0.0167,-0.0691,0.086,0.144,0.172,0.3973,-3.5847,0.2,0.0,0.0,0.0,0.004,0.0071,0.1175,0.1178,-0.0127,1,1,2,0.978,0.654,0.346,0,0,0.0,5,TARGET_REACHED,-0.0095,-0.0167
1695,57.391,0.2535,-3.5919,0.1043,-0.0104,-0.0133,-0.0691,0.084,0.144,0.173,0.3973,-3.5847,0.2,0.0,0.0,0.0,0.0044,0.0057,0.1175,0.1177,0.016,1,1,2,0.978,0.65,0.35,0,0,0.0,5,TARGET_REACHED,-0.0104,-0.0133
1696,57.423,0.2533,-3.5921,0.1029,-0.0126,-0.011,-0.0692,0.083,0.144,0.174,0.3973,-3.5847,0.2,0.0,0.0,0.0,0.0053,0.0047,0.1176,0.1179,-0.0154,1,1,2,0.978,0.657,0.343,0,0,0.0,5,TARGET_REACHED,-0.0126,-0.011
1697,57.455,0.253,-3.5922,0.1015,-0.0139,-0.0073,-0.0692,0.081,0.144,0.175,0.3973,-3.5847,0.2,0.0,0.0,0.0,0.0059,0.0031,0.1177,0.1179,0.0134,1,1,2,0.978,0.649,0.351,0,0,0.0,5,TARGET_REACHED,-0.0139,-0.0073
1698,57.487,0.2527,-3.5923,0.1001,-0.0165,-0.0049,-0.0692,0.08,0.145,0.176,0.3973,-3.5847,0.2,0.0,0.0,0.0,0.007,0.0021,0.1177,0.1179,-0.0185,1,1,2,0.978,0.677,0.323,0,0,0.0,5,TARGET_REACHED,-0.0165,-0.0049
1699,57.519,0.2523,-3.5924,0.0987,-0.0179,-0.0014,-0.0693,0.079,0.145,0.177,0.3973,-3.5847,0.2,0.0,0.0,0.0,0.0076,0.0006,0.1177,0.118,0.0105,1,1,2,0.978,0.652,0.348,0,0,0.0,5,TARGET_REACHED,-0.0179,-0.0014
1700,57.555,0.2519,-3.5924,0.0973,-0.0207,0.0005,-0.0698,0.077,0.146,0.178,0.3973,-3.5847,0.2,0.0,0.0,0.0,0.0088,-0.0002,0.1187,0.1191,-0.02,1,1,2,0.978,0.678,0.322,0,0,0.0,5,TARGET_REACHED,-0.0207,0.0005
1701,57.587,0.2514,-3.5923,0.0959,-0.0226,0.0033,-0.0696,0.076,0.146,0.179,0.3973,-3.5847,0.2,0.0,0.0,0.0,0.0096,-0.0014,0.1184,0.1188,0.0089,1,1,2,0.979,0.639,0.361,0,0,0.0,5,TARGET_REACHED,-0.0226,0.0033
1702,57.619,0.2509,-3.5922,0.0945,-0.0247,0.0045,-0.0694,0.075,0.147,0.181,0.3973,-3.5847,0.2,0.0,0.0,0.0,0.0105,-0.0019,0.118,0.1185,-0.0233,1,1,2,0.979,0.62,0.38,0,0,0.0,5,TARGET_REACHED,-0.0247,0.0045
1703,57.651,0.2504,-3.5921,0.0932,-0.0248,0.0064,-0.0693,0.073,0.147,0.182,0.3973,-3.5847,0.2,0.0,0.0,0.0,0.0105,-0.0027,0.1178,0.1183,0.0059,1,1,2,0.979,0.647,0.353,0,0,0.0,5,TARGET_REACHED,-0.0248,0.0064
1704,57.684,0.2499,-3.5919,0.0918,-0.0253,0.0064,-0.0692,0.072,0.148,0.183,0.3973,-3.5847,0.2,0.0,0.0,0.0,0.0107,-0.0027,0.1176,0.1182,-0.0265,1,1,2,0.979,0.641,0.359,0,0,0.0,5,TARGET_REACHED,-0.0253,0.0064
1705,57.716,0.2494,-3.5918,0.0904,-0.0241,0.0068,-0.0691,0.07,0.148,0.184,0.3973,-3.5847,0.2,0.0,0.0,0.0,0.0102,-0.0029,0.1175,0.118,0.0029,1,1,2,0.979,0.649,0.351,0,0,0.0,5,TARGET_REACHED,-0.0241,0.0068
1706,57.748,0.249,-3.5917,0.089,-0.0238,0.0051,-0.0694,0.069,0.148,0.185,0.3973,-3.5847,0.2,0.0,0.0,0.0,0.0101,-0.0022,0.118,0.1184,-0.006,1,1,2,0.979,0.645,0.355,0,0,0.0,5,TARGET_REACHED,-0.0238,0.0051
1707,57.781,0.2485,-3.5916,0.0876,-0.0221,0.0037,-0.0693,0.068,0.149,0.187,0.3973,-3.5847,0.2,0.0,0.0,0.0,0.0094,-0.0016,0.1178,0.1181,0.0232,1,1,2,0.979,0.652,0.348,0,0,0.0,5,TARGET_REACHED,-0.0221,0.0037
1708,57.818,0.2481,-3.5916,0.0862,-0.0215,0.0017,-0.0692,0.066,0.149,0.188,0.3973,-3.5847,0.2,0.0,0.0,0.0,0.0091,-0.0007,0.1176,0.118,-0.0092,1,1,2,0.979,0.637,0.363,0,0,0.0,5,TARGET_REACHED,-0.0215,0.0017
1709,57.851,0.2477,-3.5916,0.0849,-0.0198,0.0017,-0.0691,0.065,0.15,0.189,0.3973,-3.5847,0.2,0.0,0.0,0.0,0.0084,-0.0007,0.1175,0.1178,0.02,1,1,2,0.979,0.649,0.351,0,0,0.0,5,TARGET_REACHED,-0.0198,0.0017
1710,57.884,0.2473,-3.5916,0.0835,-0.0195,0.0008,-0.0691,0.063,0.15,0.19,0.3973,-3.5847,0.2,0.0,0.0,0.0,0.0083,-0.0004,0.1175,0.1178,-0.0044,1,1,2,0.979,0.626,0.374,0,0,0.0,5,TARGET_REACHED,-0.0195,0.0008
1711,57.917,0.2469,-3.5915,0.0817,-0.0185,0.0016,-0.0869,0.062,0.15,0.191,0.3973,-3.5847,0.2,0.0,0.0,0.0,0.0078,-0.0007,0.1478,0.148,0.0257,1,1,2,0.979,0.636,0.364,0,0,0.0,5,TARGET_REACHED,-0.0185,0.0016
1712,57.95,0.2466,-3.5915,0.0798,-0.019,0.0014,-0.0981,0.06,0.151,0.193,0.3973,-3.5847,0.2,0.0,0.0,0.0,0.008,-0.0006,0.1667,0.1669,-0.0031,1,1,2,0.979,0.659,0.341,0,0,0.0,5,TARGET_REACHED,-0.019,0.0014
1713,57.984,0.2462,-3.5914,0.0777,-0.019,0.0025,-0.105,0.058,0.151,0.195,0.3973,-3.5847,0.2,0.0,0.0,0.0,0.0081,-0.0011,0.1784,0.1786,0.0289,1,1,2,0.979,0.665,0.335,0,0,0.0,5,TARGET_REACHED,-0.019,0.0025
1714,58.019,0.2459,-3.5914,0.0755,-0.0164,0.0027,-0.1091,0.055,0.152,0.196,0.3973,-3.5847,0.2,0.0,0.0,0.0,0.0069,-0.0011,0.1855,0.1857,-0.0023,1,1,2,0.979,0.67,0.33,0,0,0.0,5,TARGET_REACHED,-0.0164,0.0027
1715,58.054,0.2456,-3.5913,0.0733,-0.0117,0.0043,-0.1115,0.053,0.152,0.198,0.3973,-3.5847,0.2,0.0,0.0,0.0,0.0049,-0.0018,0.1895,0.1895,0.032,1,1,2,0.979,0.67,0.33,0,0,0.0,5,TARGET_REACHED,-0.0117,0.0043
1716,58.087,0.2455,-3.5912,0.071,-0.0042,0.0051,-0.113,0.051,0.152,0.199,0.3973,-3.5847,0.2,0.0,0.0,0.0,0.0018,-0.0022,0.1921,0.1922,0.0009,1,1,2,0.98,0.673,0.327,0,0,0.0,5,TARGET_REACHED,-0.0042,0.0051
1717,58.125,0.2456,-3.591,0.0687,0.0035,0.0075,-0.114,0.049,0.152,0.201,0.3973,-3.5847,0.2,0.0,0.0,0.0,-0.0015,-0.0032,0.1938,0.1939,0.0287,1,1,2,0.98,0.673,0.327,0,0,0.0,5,TARGET_REACHED,0.0035,0.0075
1718,58.162,0.2459,-3.5909,0.0664,0.0137,0.0092,-0.1148,0.046,0.152,0.202,0.3973,-3.5847,0.2,0.0,0.0,0.0,-0.0058,-0.0039,0.1951,0.1952,-0.003,1,1,2,0.98,0.674,0.326,0,0,0.0,5,TARGET_REACHED,0.0137,0.0092
1719,58.201,0.2464,-3.5906,0.0641,0.0237,0.0122,-0.1153,0.044,0.151,0.203,0.3973,-3.5847,0.2,0.0,0.0,0.0,-0.01,-0.0052,0.1959,0.1963,0.0326,1,1,2,0.98,0.674,0.326,0,0,0.0,5,TARGET_REACHED,0.0237,0.0122
1720,58.24,0.2471,-3.5903,0.0618,0.0359,0.0142,-0.1158,0.042,0.15,0.204,0.3973,-3.5847,0.2,0.0,0.0,0.0,-0.0152,-0.006,0.1969,0.1976,0.0004,1,1,2,0.98,0.679,0.321,0,0,0.0,5,TARGET_REACHED,0.0359,0.0142
1721,58.28,0.248,-3.59,0.0595,0.0477,0.0177,-0.1164,0.039,0.149,0.205,0.3973,-3.5847,0.2,0.0,0.0,0.0,-0.0202,-0.0075,0.1979,0.1991,0.0063,1,1,2,0.98,0.679,0.321,0,0,0.0,5,TARGET_REACHED,0.0477,0.0177
1722,58.317,0.2493,-3.5896,0.0575,0.0624,0.0206,-0.1003,0.037,0.148,0.206,0.3973,-3.5847,0.2,0.0,0.0,0.0,-0.0264,-0.0087,0.1706,0.1728,-0.029,1,1,2,0.98,0.674,0.326,0,0,0.0,5,TARGET_REACHED,0.0624,0.0206
1723,58.353,0.2508,-3.5891,0.0557,0.0759,0.0239,-0.0899,0.036,0.147,0.206,0.3973,-3.5847,0.2,0.0,0.0,0.0,-0.0322,-0.0101,0.1528,0.1565,0.0025,1,1,2,0.98,0.673,0.327,0,0,0.0,5,TARGET_REACHED,0.0759,0.0239
1724,58.389,0.2525,-3.5886,0.054,0.0857,0.0247,-0.0831,0.034,0.145,0.206,0.3973,-3.5847,0.2,0.0,0.0,0.0,-0.0363,-0.0105,0.1412,0.1462,-0.0312,1,1,2,0.98,0.669,0.331,0,0,0.0,5,TARGET_REACHED,0.0857,0.0247
1725,58.424,0.2544,-3.5881,0.0528,0.0951,0.0257,-0.0592,0.033,0.143,0.205,0.3973,-3.5847,0.2,0.0,0.0,0.0,-0.0403,-0.0109,0.1006,0.1089,0.0005,1,1,2,0.979,0.666,0.334,0,0,0.0,5,TARGET_REACHED,0.0951,0.0257
1726,58.459,0.2564,-3.5876,0.0519,0.1,0.0239,-0.044,0.032,0.141,0.204,0.3973,-3.5847,0.2,0.0,0.0,0.0,-0.0425,-0.0102,0.0748,0.0866,-0.0174,1,1,2,0.979,0.658,0.342,0,0,0.0,5,TARGET_REACHED,0.1,0.0239
1727,58.494,0.2585,-3.5872,0.0513,0.1034,0.0222,-0.034,0.031,0.139,0.203,0.3973,-3.5847,0.2,0.0,0.0,0.0,-0.044,-0.0094,0.0578,0.0732,0.0122,1,1,2,0.979,0.654,0.346,0,0,0.0,5,TARGET_REACHED,0.1034,0.0222
1728,58.529,0.2605,-3.5868,0.0507,0.1027,0.0191,-0.0277,0.03,0.137,0.202,0.3973,-3.5847,0.2,0.0,0.0,0.0,-0.0437,-0.0081,0.0472,0.0648,-0.0186,1,1,2,0.979,0.679,0.321,0,0,0.0,5,TARGET_REACHED,0.1027,0.0191
1729,58.564,0.2625,-3.5864,0.0502,0.1004,0.017,-0.0235,0.03,0.135,0.201,0.3973,-3.5847,0.2,0.0,0.0,0.0,-0.0427,-0.0072,0.04,0.059,0.0094,1,1,2,0.979,0.679,0.321,0,0,0.0,5,TARGET_REACHED,0.1004,0.017
1730,58.599,0.2644,-3.5862,0.0498,0.0954,0.0134,-0.0209,0.03,0.133,0.201,0.3973,-3.5847,0.2,0.0,0.0,0.0,-0.0407,-0.0057,0.0355,0.0543,-0.0211,1,1,2,0.979,0.674,0.326,0,0,0.0,5,TARGET_REACHED,0.0954,0.0134
1731,58.634,0.2662,-3.586,0.0494,0.0902,0.0106,-0.0192,0.03,0.131,0.2,0.3973,-3.5847,0.2,0.0,0.0,0.0,-0.0385,-0.0045,0.0326,0.0506,0.0061,1,1,2,0.979,0.674,0.326,0,0,0.0,5,TARGET_REACHED,0.0902,0.0106
1732,58.669,0.2679,-3.5858,0.0491,0.0821,0.0061,-0.0186,0.03,0.129,0.199,0.3973,-3.5847,0.2,0.0,0.0,0.0,-0.035,-0.0026,0.0316,0.0473,-0.0002,1,1,2,0.979,0.674,0.326,0,0,0.0,5,TARGET_REACHED,0.0821,0.0061
1733,58.705,0.2694,-3.5858,0.0487,0.0733,0.0021,-0.0183,0.049,0.128,0.198,0.3973,-3.5847,0.2,0.0,0.0,0.0,-0.0313,-0.0009,0.0311,0.0442,0.0194,1,1,2,0.979,0.675,0.325,0,0,0.0,5,TARGET_REACHED,0.0733,0.0021
1734,58.74,0.2706,-3.5858,0.0483,0.0637,-0.002,-0.0179,0.048,0.127,0.198,0.3973,-3.5847,0.2,0.0,0.0,0.0,-0.0272,0.0008,0.0304,0.0408,-0.01,1,1,2,0.979,0.674,0.326,0,0,0.0,5,TARGET_REACHED,0.0637,-0.002
1735,58.775,0.2717,-3.5859,0.048,0.0553,-0.0044,-0.0176,0.048,0.126,0.197,0.3973,-3.5847,0.2,0.0,0.0,0.0,-0.0236,0.0019,0.0299,0.0382,0.0166,1,1,2,0.979,0.674,0.326,0,0,0.0,5,TARGET_REACHED,0.0553,-0.0044
1736,58.811,0.2726,-3.5861,0.0476,0.0455,-0.0077,-0.0176,0.048,0.125,0.197,0.3973,-3.5847,0.2,0.0,0.0,0.0,-0.0195,0.0033,0.0299,0.0358,-0.013,1,1,2,0.979,0.674,0.326,0,0,0.0,5,TARGET_REACHED,0.0455,-0.0077
1737,58.845,0.2734,-3.5863,0.0473,0.0367,-0.0096,-0.0176,0.047,0.124,0.197,0.3973,-3.5847,0.2,0.0,0.0,0.0,-0.0157,0.0041,0.0299,0.034,0.0136,1,1,2,0.979,0.674,0.326,0,0,0.0,5,TARGET_REACHED,0.0367,-0.0096
1738,58.878,0.2739,-3.5865,0.0469,0.0262,-0.0126,-0.0179,0.047,0.123,0.197,0.3973,-3.5847,0.2,0.0,0.0,0.0,-0.0112,0.0054,0.0304,0.0329,-0.0142,1,1,2,0.979,0.674,0.326,0,0,0.0,5,TARGET_REACHED,0.0262,-0.0126
1739,58.913,0.2742,-3.5868,0.0466,0.0163,-0.0146,-0.0181,0.047,0.123,0.197,0.3973,-3.5847,0.2,0.0,0.0,0.0,-0.007,0.0062,0.0308,0.0322,0.0134,1,1,2,0.979,0.675,0.325,0,0,0.0,5,TARGET_REACHED,0.0163,-0.0146
1740,58.945,0.2744,-3.5872,0.0462,0.007,-0.0177,-0.0183,0.046,0.123,0.197,0.3973,-3.5847,0.2,0.0,0.0,0.0,-0.003,0.0076,0.0311,0.0321,-0.011,1,1,2,0.979,0.675,0.325,0,0,0.0,5,TARGET_REACHED,0.007,-0.0177
1741,58.978,0.2743,-3.5876,0.0458,-0.0012,-0.0198,-0.0183,0.046,0.123,0.197,0.3973,-3.5847,0.2,0.0,0.0,0.0,0.0005,0.0085,0.031,0.0322,0.0161,1,1,2,0.979,0.679,0.321,0,0,0.0,5,TARGET_REACHED,-0.0012,-0.0198
1742,59.01,0.2742,-3.588,0.0455,-0.0098,-0.0228,-0.0182,0.045,0.123,0.198,0.3973,-3.5847,0.2,0.0,0.0,0.0,0.0042,0.0098,0.031,0.0327,-0.0143,1,1,2,0.979,0.675,0.325,0,0,0.0,5,TARGET_REACHED,-0.0098,-0.0228
1743,59.043,0.2738,-3.5885,0.0451,-0.0164,-0.0245,-0.0182,0.045,0.124,0.198,0.3973,-3.5847,0.2,0.0,0.0,0.0,0.007,0.0105,0.0309,0.0334,0.0133,1,1,2,0.979,0.679,0.321,0,0,0.0,5,TARGET_REACHED,-0.0164,-0.0245
1744,59.076,0.2734,-3.5891,0.0447,-0.0237,-0.0274,-0.0184,0.045,0.124,0.199,0.3973,-3.5847,0.2,0.0,0.0,0.0,0.0101,0.0117,0.0313,0.0349,-0.0026,1,1,2,0.979,0.675,0.325,0,0,0.0,5,TARGET_REACHED,-0.0237,-0.0274
1745,59.108,0.2728,-3.5896,0.0444,-0.0294,-0.0292,-0.0183,0.044,0.125,0.199,0.3973,-3.5847,0.2,0.0,0.0,0.0,0.0126,0.0125,0.0311,0.0358,0.0253,1,1,2,0.979,0.68,0.32,0,0,0.0,5,TARGET_REACHED,-0.0294,-0.0292
1746,59.14,0.2721,-3.5903,0.044,-0.0353,-0.0313,-0.0181,0.044,0.125,0.2,0.3973,-3.5847,0.2,0.0,0.0,0.0,0.0151,0.0134,0.0308,0.0368,-0.006,1,1,2,0.979,0.679,0.321,0,0,0.0,5,TARGET_REACHED,-0.0353,-0.0313
1747,59.173,0.2713,-3.5909,0.0437,-0.0391,-0.0314,-0.018,0.044,0.126,0.201,0.3973,-3.5847,0.2,0.0,0.0,0.0,0.0167,0.0134,0.0305,0.0373,0.0225,1,1,2,0.979,0.656,0.344,0,0,0.0,5,TARGET_REACHED,-0.0391,-0.0314
1748,59.206,0.2704,-3.5915,0.0433,-0.0435,-0.0319,-0.0178,0.043,0.127,0.202,0.3973,-3.5847,0.2,0.0,0.0,0.0,0.0186,0.0136,0.0303,0.038,-0.0092,1,1,2,0.979,0.68,0.32,0,0,0.0,5,TARGET_REACHED,-0.0435,-0.0319
1749,59.238,0.2695,-3.5921,0.0429,-0.0461,-0.0306,-0.0177,0.043,0.128,0.203,0.3973,-3.5847,0.2,0.0,0.0,0.0,0.0197,0.0131,0.0301,0.0383,0.0198,1,1,2,0.979,0.656,0.344,0,0,0.0,5,TARGET_REACHED,-0.0461,-0.0306
1750,59.274,0.2685,-3.5927,0.0426,-0.0493,-0.0301,-0.0177,0.043,0.129,0.204,0.3973,-3.5847,0.2,0.0,0.0,0.0,0.021,0.0128,0.0301,0.0389,-0.0116,1,1,2,0.979,0.649,0.351,0,0,0.0,5,TARGET_REACHED,-0.0493,-0.0301
1751,59.308,0.2675,-3.5933,0.0422,-0.0509,-0.0279,-0.0176,0.042,0.13,0.204,0.3973,-3.5847,0.2,0.0,0.0,0.0,0.0217,0.0119,0.0299,0.0388,0.0179,1,1,2,0.979,0.658,0.342,0,0,0.0,5,TARGET_REACHED,-0.0509,-0.0279
1752,59.343,0.2664,-3.5938,0.0419,-0.0528,-0.0268,-0.018,0.042,0.131,0.205,0.3973,-3.5847,0.2,0.0,0.0,0.0,0.0225,0.0114,0.0306,0.0396,-0.0142,1,1,2,0.979,0.652,0.348,0,0,0.0,5,TARGET_REACHED,-0.0528,-0.0268
1753,59.377,0.2654,-3.5943,0.0415,-0.0526,-0.0241,-0.0177,0.042,0.132,0.206,0.3973,-3.5847,0.2,0.0,0.0,0.0,0.0224,0.0103,0.0301,0.0389,0.0156,1,1,2,0.98,0.665,0.335,0,0,0.0,5,TARGET_REACHED,-0.0526,-0.0241
1754,59.409,0.2643,-3.5948,0.0412,-0.0528,-0.0227,-0.0174,0.041,0.133,0.207,0.3973,-3.5847,0.2,0.0,0.0,0.0,0.0225,0.0097,0.0296,0.0384,-0.0175,1,1,2,0.98,0.663,0.337,0,0,0.0,5,TARGET_REACHED,-0.0528,-0.0227
1755,59.441,0.2633,-3.5952,0.0408,-0.0512,-0.0199,-0.0173,0.041,0.134,0.208,0.3973,-3.5847,0.2,0.0,0.0,0.0,0.0218,0.0085,0.0294,0.0376,0.0124,1,1,2,0.98,0.666,0.334,0,0,0.0,5,TARGET_REACHED,-0.0512,-0.0199
1756,59.474,0.2623,-3.5955,0.0405,-0.0503,-0.0186,-0.0172,0.04,0.135,0.209,0.3973,-3.5847,0.2,0.0,0.0,0.0,0.0214,0.0079,0.0292,0.037,-0.0208,1,1,2,0.98,0.666,0.334,0,0,0.0,5,TARGET_REACHED,-0.0503,-0.0186
1757,59.508,0.2613,-3.5959,0.0401,-0.048,-0.0163,-0.0171,0.04,0.136,0.21,0.3973,-3.5847,0.2,0.0,0.0,0.0,0.0204,0.0069,0.0291,0.0362,0.0092,1,1,2,0.98,0.667,0.333,0,0,0.0,5,TARGET_REACHED,-0.048,-0.0163
1758,59.541,0.2604,-3.5962,0.0398,-0.0467,-0.0157,-0.0172,0.04,0.137,0.211,0.3973,-3.5847,0.2,0.0,0.0,0.0,0.0199,0.0067,0.0292,0.0359,-0.0206,1,1,2,0.98,0.667,0.333,0,0,0.0,5,TARGET_REACHED,-0.0467,-0.0157
1759,59.574,0.2595,-3.5965,0.0391,-0.0445,-0.0145,-0.0364,0.039,0.138,0.212,0.3973,-3.5847,0.2,0.0,0.0,0.0,0.0189,0.0062,0.0619,0.065,0.0076,1,1,2,0.98,0.668,0.332,0,0,0.0,5,TARGET_REACHED,-0.0445,-0.0145
1760,59.607,0.2586,-3.5968,0.0381,-0.043,-0.0148,-0.0486,0.038,0.139,0.213,0.3973,-3.5847,0.2,0.0,0.0,0.0,0.0183,0.0063,0.0826,0.0848,-0.0096,1,1,2,0.98,0.668,0.332,0,0,0.0,5,TARGET_REACHED,-0.043,-0.0148
1761,59.64,0.2578,-3.5971,0.037,-0.0402,-0.0146,-0.0561,0.037,0.14,0.215,0.3973,-3.5847,0.2,0.0,0.0,0.0,0.0171,0.0062,0.0955,0.0972,0.0196,1,1,2,0.98,0.669,0.331,0,0,0.0,5,TARGET_REACHED,-0.0402,-0.0146
1762,59.673,0.2571,-3.5974,0.0358,-0.0385,-0.0151,-0.0609,0.036,0.141,0.216,0.3973,-3.5847,0.2,0.0,0.0,0.0,0.0164,0.0064,0.1035,0.105,-0.0128,1,1,2,0.98,0.668,0.332,0,0,0.0,5,TARGET_REACHED,-0.0385,-0.0151
1763,59.709,0.2564,-3.5977,0.0345,-0.0358,-0.014,-0.0639,0.034,0.142,0.218,0.3973,-3.5847,0.2,0.0,0.0,0.0,0.0152,0.0059,0.1086,0.1098,0.0166,1,1,2,0.98,0.668,0.332,0,0,0.0,5,TARGET_REACHED,-0.0358,-0.014
1764,59.744,0.2557,-3.5979,0.0332,-0.0334,-0.0141,-0.0617,0.033,0.142,0.219,0.3973,-3.5847,0.2,0.0,0.0,0.0,0.0142,0.006,0.1049,0.106,-0.0281,1,1,2,0.98,0.653,0.347,0,0,0.0,5,TARGET_REACHED,-0.0334,-0.0141
