step,time_s,pos_x,pos_y,pos_z,vel_x,vel_y,vel_z,agl,dist_xy,dist_3d,target_x,target_y,target_z,plat_vel_x,plat_vel_y,plat_vel_z,cmd_vx,cmd_vy,cmd_vz,cmd_speed,cmd_yaw,landing_phase,descent_phase,assist_type,collision_risk,clutter_density,navigability,escape_active,pred_escape_active,threat_acc,terrain_id,phase_reason,rel_vx_to_pad,rel_vy_to_pad
0,0.0,8.9492,1.5302,3.9063,0.0,0.0,0.0,0.071,9.965,10.632,0.3973,-3.5847,0.2,0.0,0.0,0.0,-0.048,-0.0006,0.048,0.0679,-0.8284,0,0,0,0.979,0.616,0.384,0,0,0.0,5,SEARCH_PHASE,0.0,0.0
1,0.049,8.9492,1.5302,3.9067,0.0,0.0,0.0186,0.071,9.965,10.632,0.3973,-3.5847,0.2,0.0,0.0,0.0,-0.096,-0.0008,0.096,0.1358,-0.8239,0,0,0,0.978,0.577,0.423,0,0,0.0,5,SEARCH_PHASE,0.0,0.0
2,0.094,8.9492,1.5302,3.9076,0.0,-0.0,0.0478,0.072,9.965,10.632,0.3973,-3.5847,0.2,0.0,0.0,0.0,-0.144,-0.0006,0.144,0.2036,-0.8228,0,0,0,0.978,0.588,0.412,0,0,0.0,5,SEARCH_PHASE,0.0,-0.0
3,0.143,8.9492,1.5302,3.9093,-0.003,-0.0,0.0844,0.074,9.965,10.633,0.3973,-3.5847,0.2,0.0,0.0,0.0,-0.192,0.0009,0.192,0.2715,-0.8127,0,0,0,0.978,0.551,0.449,0,0,0.0,5,SEARCH_PHASE,-0.003,-0.0
4,0.191,8.949,1.5302,3.9118,-0.0061,-0.0001,0.1255,0.076,9.965,10.634,0.3973,-3.5847,0.2,0.0,0.0,0.0,-0.2399,0.0025,0.24,0.3394,-0.8209,0,0,0,0.978,0.572,0.428,0,0,0.0,5,SEARCH_PHASE,-0.0061,-0.0001
5,0.24,8.9488,1.5302,3.9152,-0.0123,-0.0,0.1699,0.079,9.964,10.635,0.3973,-3.5847,0.2,0.0,0.0,0.0,-0.2878,0.0061,0.288,0.4072,-0.7776,0,0,0,0.978,0.513,0.487,0,0,0.0,5,SEARCH_PHASE,-0.0123,-0.0
6,0.286,8.9484,1.5302,3.9196,-0.0214,-0.0008,0.2164,0.084,9.964,10.636,0.3973,-3.5847,0.2,0.0,0.0,0.0,-0.3357,0.0091,0.336,0.4751,-0.8076,0,0,0,0.976,0.479,0.521,0,0,0.0,5,SEARCH_PHASE,-0.0214,-0.0008
7,0.334,8.9476,1.5302,3.9248,-0.0368,0.0014,0.2637,0.089,9.963,10.637,0.3973,-3.5847,0.2,0.0,0.0,0.0,-0.3835,0.0139,0.384,0.5429,-0.7863,0,0,0,0.976,0.453,0.547,0,0,0.0,5,SEARCH_PHASE,-0.0368,0.0014
8,0.382,8.9465,1.5303,3.9311,-0.0556,0.0033,0.3123,0.095,9.963,10.638,0.3973,-3.5847,0.2,0.0,0.0,0.0,-0.4312,0.0193,0.432,0.6107,-0.8156,0,0,0,0.976,0.42,0.58,0,0,0.0,5,SEARCH_PHASE,-0.0556,0.0033
9,0.428,8.9449,1.5304,3.9383,-0.0805,0.0066,0.3608,0.102,9.961,10.64,0.3973,-3.5847,0.2,0.0,0.0,0.0,-0.4788,0.0256,0.48,0.6784,-0.7727,0,0,0,0.974,0.364,0.636,0,0,0.0,5,SEARCH_PHASE,-0.0805,0.0066
10,0.475,8.9427,1.5306,3.9465,-0.1088,0.0077,0.4099,0.111,9.959,10.641,0.3973,-3.5847,0.2,0.0,0.0,0.0,-0.5261,0.0336,0.528,0.7461,-0.8011,0,0,0,0.974,0.34,0.66,0,0,0.0,5,SEARCH_PHASE,-0.1088,0.0077
11,0.524,8.9399,1.5308,3.9557,-0.1436,0.0109,0.4583,0.12,9.957,10.642,0.3973,-3.5847,0.2,0.0,0.0,0.0,-0.5733,0.0421,0.576,0.8138,-0.7663,0,0,0,0.974,0.307,0.693,0,0,0.0,5,SEARCH_PHASE,-0.1436,0.0109
12,0.583,8.9362,1.531,3.9658,-0.182,0.0124,0.5065,0.13,9.954,10.643,0.3973,-3.5847,0.2,0.0,0.0,0.0,-0.6202,0.0523,0.624,0.8814,-0.7895,0,0,0,0.972,0.265,0.735,0,0,0.0,5,SEARCH_PHASE,-0.182,0.0124
13,0.644,8.9317,1.5314,3.9769,-0.2234,0.0158,0.5548,0.141,9.95,10.643,0.3973,-3.5847,0.2,0.0,0.0,0.0,-0.6667,0.0643,0.672,0.9488,-0.7622,0,0,0,0.972,0.256,0.744,0,0,0.0,5,SEARCH_PHASE,-0.2234,0.0158
14,0.698,8.9264,1.5317,3.9889,-0.2688,0.0177,0.6022,0.153,9.946,10.643,0.3973,-3.5847,0.2,0.0,0.0,0.0,-0.7129,0.0775,0.72,1.0162,-0.7597,0,0,0,0.972,0.221,0.779,0,0,0.0,5,SEARCH_PHASE,-0.2688,0.0177
15,0.752,8.9201,1.5321,4.0019,-0.3146,0.0209,0.6502,0.166,9.941,10.643,0.3973,-3.5847,0.2,0.0,0.0,0.0,-0.7585,0.0922,0.768,1.0834,-0.7366,0,0,0,0.969,0.189,0.811,0,0,0.0,5,SEARCH_PHASE,-0.3146,0.0209
16,0.802,8.9128,1.5326,4.0159,-0.3645,0.0248,0.6974,0.18,9.935,10.642,0.3973,-3.5847,0.2,0.0,0.0,0.0,-0.804,0.1077,0.816,1.1506,-0.7523,0,0,0,0.969,0.168,0.832,0,0,0.0,5,SEARCH_PHASE,-0.3645,0.0248
17,0.849,8.9045,1.5333,4.0308,-0.4145,0.0317,0.7448,0.195,9.928,10.641,0.3973,-3.5847,0.2,0.0,0.0,0.0,-0.8474,0.1281,0.864,1.217,-0.729,0,0,0,0.969,0.147,0.853,0,0,0.0,5,SEARCH_PHASE,-0.4145,0.0317
18,0.902,8.8951,1.534,4.0466,-0.469,0.039,0.7911,0.211,9.92,10.64,0.3973,-3.5847,0.2,0.0,0.0,0.0,-0.8771,0.0904,0.912,1.2685,-0.7478,0,0,0,0.448,0.127,0.873,0,0,0.0,5,SEARCH_PHASE,-0.469,0.039
19,0.95,8.8846,1.535,4.0633,-0.5239,0.0493,0.8367,0.228,9.912,10.638,0.3973,-3.5847,0.2,0.0,0.0,0.0,-0.9067,0.0526,0.96,1.3216,-0.7269,0,0,0,0.45,0.127,0.873,0,0,0.0,5,SEARCH_PHASE,-0.5239,0.0493
20,0.999,8.873,1.5362,4.081,-0.581,0.0592,0.8813,0.245,9.903,10.636,0.3973,-3.5847,0.2,0.0,0.0,0.0,-0.9363,0.0148,1.008,1.3759,-0.7406,0,0,0,0.439,0.124,0.876,0,0,0.0,5,SEARCH_PHASE,-0.581,0.0592
21,1.05,8.8603,1.5376,4.0995,-0.6364,0.0714,0.926,0.264,9.892,10.633,0.3973,-3.5847,0.2,0.0,0.0,0.0,-0.9659,-0.023,1.056,1.4313,-0.7806,0,0,0,0.447,0.128,0.872,0,0,0.0,5,SEARCH_PHASE,-0.6364,0.0714
22,1.1,8.8464,1.5393,4.1189,-0.6939,0.083,0.9703,0.283,9.881,10.63,0.3973,-3.5847,0.2,0.0,0.0,0.0,-0.9954,-0.0608,1.104,1.4877,-0.7433,0,0,0,0.46,0.13,0.87,0,0,0.0,5,SEARCH_PHASE,-0.6939,0.083
23,1.146,8.8314,1.5411,4.1392,-0.7511,0.09,1.0154,0.303,9.87,10.627,0.3973,-3.5847,0.2,0.0,0.0,0.0,-1.0248,-0.0987,1.152,1.545,-0.7648,0,0,0,0.462,0.138,0.862,0,0,0.0,5,SEARCH_PHASE,-0.7511,0.09
24,1.189,8.8153,1.543,4.1604,-0.8049,0.0953,1.0614,0.325,9.857,10.623,0.3973,-3.5847,0.2,0.0,0.0,0.0,-1.0542,-0.1367,1.2,1.6031,-0.7336,0,0,0,0.476,0.141,0.859,0,0,0.0,5,SEARCH_PHASE,-0.8049,0.0953
25,1.232,8.7981,1.5449,4.1826,-0.8596,0.0965,1.1076,0.347,9.843,10.618,0.3973,-3.5847,0.2,0.0,0.0,0.0,-1.0835,-0.1747,1.248,1.6619,-0.7594,0,0,0,0.485,0.147,0.853,0,0,0.0,5,SEARCH_PHASE,-0.8596,0.0965
26,1.276,8.7799,1.5469,4.2057,-0.9107,0.096,1.1551,0.37,9.829,10.613,0.3973,-3.5847,0.2,0.0,0.0,0.0,-1.1128,-0.2128,1.296,1.7214,-0.7288,0,0,0,0.504,0.154,0.846,0,0,0.0,5,SEARCH_PHASE,-0.9107,0.096
27,1.324,8.7607,1.5487,4.2297,-0.9609,0.091,1.2031,0.394,9.813,10.608,0.3973,-3.5847,0.2,0.0,0.0,0.0,-1.1419,-0.2509,1.344,1.7814,-0.7474,0,0,0,0.514,0.165,0.835,0,0,0.0,5,SEARCH_PHASE,-0.9609,0.091
28,1.371,8.7406,1.5503,4.2548,-1.0054,0.0835,1.2523,0.419,9.797,10.603,0.3973,-3.5847,0.2,0.0,0.0,0.0,-1.171,-0.2891,1.392,1.8419,-0.7193,0,0,0,0.531,0.172,0.828,0,0,0.0,5,SEARCH_PHASE,-1.0054,0.0835
29,1.416,8.7196,1.5518,4.2808,-1.0487,0.0715,1.3016,0.445,9.78,10.597,0.3973,-3.5847,0.2,0.0,0.0,0.0,-1.1999,-0.3274,1.44,1.9028,-0.7363,0,0,0,0.539,0.178,0.822,0,0,0.0,5,SEARCH_PHASE,-1.0487,0.0715
30,1.46,8.6979,1.5529,4.3079,-1.0858,0.057,1.3516,0.472,9.762,10.591,0.3973,-3.5847,0.2,0.0,0.0,0.0,-1.2288,-0.3658,1.488,1.9641,-0.7305,0,0,0,0.551,0.195,0.805,0,0,0.0,5,SEARCH_PHASE,-1.0858,0.057
31,1.503,8.6754,1.5537,4.3359,-1.1213,0.0379,1.402,0.5,9.743,10.585,0.3973,-3.5847,0.2,0.0,0.0,0.0,-1.2575,-0.4042,1.536,2.0258,-0.7451,0,0,0,0.558,0.199,0.801,0,0,0.0,5,SEARCH_PHASE,-1.1213,0.0379
32,1.545,8.6524,1.554,4.3649,-1.153,0.0141,1.4526,0.529,9.724,10.578,0.3973,-3.5847,0.2,0.0,0.0,0.0,-1.2925,-0.3714,1.584,2.0779,-0.7217,0,0,0,0.951,0.215,0.785,0,0,0.0,5,SEARCH_PHASE,-1.153,0.0141
33,1.59,8.6287,1.5536,4.395,-1.1852,-0.016,1.5008,0.559,9.704,10.571,0.3973,-3.5847,0.2,0.0,0.0,0.0,-1.3189,-0.4115,1.632,2.1383,-0.689,0,0,0,0.573,0.211,0.789,0,0,0.0,5,SEARCH_PHASE,-1.1852,-0.016
34,1.651,8.6044,1.5526,4.4259,-1.2132,-0.0509,1.549,0.59,9.682,10.564,0.3973,-3.5847,0.2,0.0,0.0,0.0,-1.3451,-0.4517,1.68,2.199,-0.7037,0,0,0,0.572,0.202,0.798,0,0,0.0,5,SEARCH_PHASE,-1.2132,-0.0509
35,1.693,8.5796,1.5509,4.4579,-1.2396,-0.0873,1.5974,0.622,9.66,10.557,0.3973,-3.5847,0.2,0.0,0.0,0.0,-1.3712,-0.492,1.7,2.2388,-0.6875,0,0,0,0.578,0.212,0.788,0,0,0.0,5,SEARCH_PHASE,-1.2396,-0.0873
36,1.735,8.5543,1.5484,4.4906,-1.2667,-0.1258,1.635,0.655,9.638,10.55,0.3973,-3.5847,0.2,0.0,0.0,0.0,-1.3972,-0.5323,1.7,2.264,-0.6906,0,0,0,0.576,0.215,0.785,0,0,0.0,5,SEARCH_PHASE,-1.2667,-0.1258
37,1.777,8.5285,1.5451,4.5238,-1.2897,-0.1642,1.6592,0.688,9.614,10.542,0.3973,-3.5847,0.2,0.0,0.0,0.0,-1.423,-0.5728,1.7,2.2898,-0.6763,0,0,0,0.581,0.222,0.778,0,0,0.0,5,SEARCH_PHASE,-1.2897,-0.1642
38,1.818,8.5022,1.541,4.5573,-1.3138,-0.2042,1.6743,0.721,9.59,10.533,0.3973,-3.5847,0.2,0.0,0.0,0.0,-1.4487,-0.6134,1.7,2.3162,-0.6811,0,0,0,0.579,0.218,0.782,0,0,0.0,5,SEARCH_PHASE,-1.3138,-0.2042
39,1.859,8.4755,1.5361,4.5909,-1.3355,-0.2449,1.684,0.755,9.565,10.524,0.3973,-3.5847,0.2,0.0,0.0,0.0,-1.4742,-0.654,1.7,2.3433,-0.6682,0,0,0,0.582,0.216,0.784,0,0,0.0,5,SEARCH_PHASE,-1.3355,-0.2449
40,1.9,8.4483,1.5303,4.6247,-1.3593,-0.2876,1.6895,0.789,9.538,10.515,0.3973,-3.5847,0.2,0.0,0.0,0.0,-1.4995,-0.6948,1.7,2.3709,-0.6594,0,0,0,0.579,0.218,0.782,0,0,0.0,5,SEARCH_PHASE,-1.3593,-0.2876
41,1.94,8.4207,1.5237,4.6586,-1.3817,-0.3318,1.693,0.823,9.512,10.505,0.3973,-3.5847,0.2,0.0,0.0,0.0,-1.5247,-0.7357,1.7,2.3992,-0.6483,0,0,0,0.581,0.221,0.779,0,0,0.0,5,SEARCH_PHASE,-1.3817,-0.3318
42,1.98,8.3926,1.5162,4.6925,-1.406,-0.3771,1.6946,0.857,9.484,10.494,0.3973,-3.5847,0.2,0.0,0.0,0.0,-1.5497,-0.7767,1.7,2.4279,-0.6508,0,0,0,0.578,0.215,0.785,0,0,0.0,5,SEARCH_PHASE,-1.406,-0.3771
43,2.02,8.364,1.5077,4.7264,-1.4289,-0.423,1.6954,0.891,9.455,10.483,0.3973,-3.5847,0.2,0.0,0.0,0.0,-1.5744,-0.8178,1.7,2.4572,-0.6408,0,0,0,0.579,0.219,0.781,0,0,0.0,5,SEARCH_PHASE,-1.4289,-0.423
44,2.061,8.3349,1.4983,4.7603,-1.4542,-0.4703,1.695,4.74,9.426,10.471,0.3973,-3.5847,0.2,0.0,0.0,0.0,-1.5989,-0.8591,1.7,2.4869,-0.6323,0,0,0,0.575,0.21,0.79,0,0,0.0,5,SEARCH_PHASE,-1.4542,-0.4703
45,2.099,8.3053,1.4879,4.7942,-1.4787,-0.5182,1.6945,4.774,9.395,10.458,0.3973,-3.5847,0.2,0.0,0.0,0.0,-1.6232,-0.9005,1.7,2.5171,-0.624,0,0,0,0.575,0.212,0.788,0,0,0.0,5,SEARCH_PHASE,-1.4787,-0.5182
46,2.136,8.2752,1.4766,4.8281,-1.5052,-0.5666,1.6935,4.808,9.364,10.445,0.3973,-3.5847,0.2,0.0,0.0,0.0,-1.6472,-0.9421,1.7,2.5477,-0.6246,0,0,0,0.57,0.205,0.795,0,0,0.0,5,SEARCH_PHASE,-1.5052,-0.5666
47,2.172,8.2446,1.4643,4.8619,-1.5303,-0.615,1.6927,4.842,9.331,10.431,0.3973,-3.5847,0.2,0.0,0.0,0.0,-1.6708,-0.9838,1.7,2.5787,-0.6173,0,0,0,0.571,0.203,0.797,0,0,0.0,5,SEARCH_PHASE,-1.5303,-0.615
48,2.206,8.2135,1.451,4.8957,-1.5578,-0.6637,1.691,4.876,9.298,10.416,0.3973,-3.5847,0.2,0.0,0.0,0.0,-1.694,-1.0258,1.7,2.61,-0.6101,0,0,0,0.567,0.204,0.796,0,0,0.0,5,SEARCH_PHASE,-1.5578,-0.6637
49,2.242,8.1818,1.4368,4.9295,-1.5844,-0.7124,1.6899,4.91,9.264,10.401,0.3973,-3.5847,0.2,0.0,0.0,0.0,-1.7167,-1.0682,1.7,2.6416,-0.6046,0,0,0,0.569,0.205,0.795,0,0,0.0,5,SEARCH_PHASE,-1.5844,-0.7124
50,2.277,8.1496,1.4216,4.9633,-1.6115,-0.7609,1.6887,4.943,9.228,10.385,0.3973,-3.5847,0.2,0.0,0.0,0.0,-1.7384,-1.111,1.7,2.6732,-0.604,0,0,0,0.566,0.202,0.798,0,0,0.0,5,SEARCH_PHASE,-1.6115,-0.7609
51,2.312,8.1168,1.4054,4.9971,-1.6356,-0.8089,1.6879,4.977,9.192,10.368,0.3973,-3.5847,0.2,0.0,0.0,0.0,-1.7455,-1.1283,1.7,2.6852,-0.5978,0,0,0,0.567,0.221,0.779,0,0,0.0,5,SEARCH_PHASE,-1.6356,-0.8089
52,2.347,8.0836,1.3882,5.0308,-1.6604,-0.8563,1.6858,5.011,9.155,10.351,0.3973,-3.5847,0.2,0.0,0.0,0.0,-1.744,-1.1283,1.7,2.6842,-0.597,0,0,0,0.563,0.208,0.792,0,0,0.0,5,SEARCH_PHASE,-1.6604,-0.8563
53,2.382,8.05,1.3702,5.0644,-1.6824,-0.9029,1.6826,5.044,9.117,10.333,0.3973,-3.5847,0.2,0.0,0.0,0.0,-1.7425,-1.1282,1.7,2.6832,-0.5909,0,0,0,0.564,0.22,0.78,0,0,0.0,5,SEARCH_PHASE,-1.6824,-0.9029
54,2.416,8.0159,1.3512,5.098,-1.7053,-0.949,1.6785,5.078,9.078,10.315,0.3973,-3.5847,0.2,0.0,0.0,0.0,-1.7411,-1.128,1.7,2.6821,-0.5437,0,0,0,0.558,0.217,0.783,0,0,0.0,5,SEARCH_PHASE,-1.7053,-0.949
55,2.451,7.9814,1.3313,5.1315,-1.7259,-0.9947,1.6749,5.111,9.038,10.296,0.3973,-3.5847,0.2,0.0,0.0,0.0,-1.7397,-1.1277,1.7,2.6811,-0.573,0,0,0,0.556,0.209,0.791,0,0,0.0,5,SEARCH_PHASE,-1.7259,-0.9947
56,2.485,7.9465,1.3106,5.1649,-1.7442,-1.0363,1.6727,5.145,8.997,10.276,0.3973,-3.5847,0.2,0.0,0.0,0.0,-1.7383,-1.1272,1.7,2.68,-0.5251,0,0,0,0.548,0.206,0.794,0,0,0.0,5,SEARCH_PHASE,-1.7442,-1.0363
57,2.519,7.9113,1.2891,5.1984,-1.761,-1.0767,1.6707,5.178,8.956,10.257,0.3973,-3.5847,0.2,0.0,0.0,0.0,-1.737,-1.1266,1.7,2.6789,-0.5483,0,0,0,0.544,0.202,0.798,0,0,0.0,5,SEARCH_PHASE,-1.761,-1.0767
58,2.552,7.8757,1.2668,5.2318,-1.7764,-1.112,1.67,5.212,8.914,10.236,0.3973,-3.5847,0.2,0.0,0.0,0.0,-1.7357,-1.126,1.7,2.6778,-0.4999,0,0,0,0.535,0.196,0.804,0,0,0.0,5,SEARCH_PHASE,-1.7764,-1.112
59,2.586,7.8399,1.2439,5.2652,-1.7892,-1.1448,1.6703,5.245,8.872,10.216,0.3973,-3.5847,0.2,0.0,0.0,0.0,-1.7344,-1.1252,1.7,2.6766,-0.5363,0,0,0,0.531,0.2,0.8,0,0,0.0,5,SEARCH_PHASE,-1.7892,-1.1448
60,2.62,7.804,1.2205,5.2986,-1.7993,-1.1711,1.6716,5.279,8.829,10.195,0.3973,-3.5847,0.2,0.0,0.0,0.0,-1.7332,-1.1244,1.7,2.6755,-0.4869,0,0,0,0.52,0.194,0.806,0,0,0.0,5,SEARCH_PHASE,-1.7993,-1.1711
61,2.655,7.7678,1.1966,5.3321,-1.8068,-1.1944,1.6736,5.312,8.786,10.175,0.3973,-3.5847,0.2,0.0,0.0,0.0,-1.732,-1.1235,1.7,2.6744,-0.5241,0,0,0,0.515,0.19,0.81,0,0,0.0,5,SEARCH_PHASE,-1.8068,-1.1944
62,2.688,7.7316,1.1724,5.3656,-1.8114,-1.211,1.6759,5.346,8.742,10.154,0.3973,-3.5847,0.2,0.0,0.0,0.0,-1.7308,-1.1226,1.7,2.6732,-0.4873,0,0,0,0.504,0.181,0.819,0,0,0.0,5,SEARCH_PHASE,-1.8114,-1.211
63,2.723,7.6953,1.1479,5.3992,-1.8133,-1.2243,1.6786,5.379,8.698,10.134,0.3973,-3.5847,0.2,0.0,0.0,0.0,-1.7297,-1.1216,1.7,2.672,-0.5252,0,0,0,0.499,0.177,0.823,0,0,0.0,5,SEARCH_PHASE,-1.8133,-1.2243
64,2.757,7.6591,1.1233,5.4328,-1.8134,-1.2316,1.681,5.413,8.654,10.113,0.3973,-3.5847,0.2,0.0,0.0,0.0,-1.7285,-1.1206,1.7,2.6709,-0.4794,0,0,0,0.488,0.166,0.834,0,0,0.0,5,SEARCH_PHASE,-1.8134,-1.2316
65,2.791,7.6228,1.0985,5.4664,-1.8118,-1.2366,1.6834,5.446,8.611,10.093,0.3973,-3.5847,0.2,0.0,0.0,0.0,-1.7274,-1.1196,1.7,2.6697,-0.5178,0,0,0,0.484,0.162,0.838,0,0,0.0,5,SEARCH_PHASE,-1.8118,-1.2366
66,2.825,7.5867,1.0738,5.5001,-1.8078,-1.2358,1.6853,5.48,8.567,10.074,0.3973,-3.5847,0.2,0.0,0.0,0.0,-1.7263,-1.1186,1.7,2.6686,-0.4963,0,0,0,0.473,0.155,0.845,0,0,0.0,5,SEARCH_PHASE,-1.8078,-1.2358
67,2.859,7.5506,1.0492,5.5339,-1.8017,-1.2328,1.6868,5.514,8.523,10.055,0.3973,-3.5847,0.2,0.0,0.0,0.0,-1.7252,-1.1175,1.7,2.6674,-0.5144,0,0,0,0.47,0.154,0.846,0,0,0.0,5,SEARCH_PHASE,-1.8017,-1.2328
68,2.892,7.5147,1.0246,5.5676,-1.7955,-1.2262,1.6881,5.548,8.48,10.036,0.3973,-3.5847,0.2,0.0,0.0,0.0,-1.724,-1.1165,1.7,2.6662,-0.5044,0,0,0,0.459,0.15,0.85,0,0,0.0,5,SEARCH_PHASE,-1.7955,-1.2262
69,2.926,7.479,1.0003,5.6014,-1.787,-1.2179,1.6889,5.581,8.436,10.017,0.3973,-3.5847,0.2,0.0,0.0,0.0,-1.7229,-1.1155,1.7,2.6651,-0.5087,0,0,0,0.457,0.148,0.852,0,0,0.0,5,SEARCH_PHASE,-1.787,-1.2179
70,2.96,7.4434,0.9761,5.6352,-1.7797,-1.2075,1.6895,5.615,8.393,10.0,0.3973,-3.5847,0.2,0.0,0.0,0.0,-1.7218,-1.1145,1.7,2.664,-0.4978,0,0,0,0.447,0.151,0.849,0,0,0.0,5,SEARCH_PHASE,-1.7797,-1.2075
71,2.993,7.408,0.9522,5.669,-1.7697,-1.1955,1.6896,5.649,8.351,9.982,0.3973,-3.5847,0.2,0.0,0.0,0.0,-1.7207,-1.1135,1.7,2.6628,-0.5161,0,0,0,0.446,0.145,0.855,0,0,0.0,5,SEARCH_PHASE,-1.7697,-1.1955
72,3.025,7.3728,0.9286,5.7028,-1.7604,-1.1816,1.6896,5.683,8.308,9.965,0.3973,-3.5847,0.2,0.0,0.0,0.0,-1.7196,-1.1126,1.7,2.6617,-0.5038,0,0,0,0.436,0.141,0.859,0,0,0.0,5,SEARCH_PHASE,-1.7604,-1.1816
73,3.057,7.3378,0.9052,5.7366,-1.7495,-1.1673,1.6895,5.717,8.266,9.949,0.3973,-3.5847,0.2,0.0,0.0,0.0,-1.7184,-1.1117,1.7,2.6606,-0.5108,0,0,0,0.437,0.147,0.853,0,0,0.0,5,SEARCH_PHASE,-1.7495,-1.1673
74,3.089,7.303,0.8822,5.7704,-1.7404,-1.1523,1.6892,5.75,8.224,9.933,0.3973,-3.5847,0.2,0.0,0.0,0.0,-1.7173,-1.1108,1.7,2.6595,-0.4978,0,0,0,0.428,0.136,0.864,0,0,0.0,5,SEARCH_PHASE,-1.7404,-1.1523
75,3.119,7.2684,0.8595,5.8041,-1.7293,-1.1372,1.6887,5.784,8.183,9.918,0.3973,-3.5847,0.2,0.0,0.0,0.0,-1.7161,-1.11,1.7,2.6584,-0.5168,0,0,0,0.429,0.14,0.86,0,0,0.0,5,SEARCH_PHASE,-1.7293,-1.1372
76,3.151,7.234,0.837,5.8379,-1.7197,-1.1214,1.6884,5.818,8.142,9.903,0.3973,-3.5847,0.2,0.0,0.0,0.0,-1.715,-1.1092,1.7,2.6573,-0.5051,0,0,0,0.421,0.134,0.866,0,0,0.0,5,SEARCH_PHASE,-1.7197,-1.1214
77,3.181,7.1998,0.8149,5.8717,-1.7092,-1.1065,1.6881,5.852,8.101,9.889,0.3973,-3.5847,0.2,0.0,0.0,0.0,-1.7138,-1.1084,1.7,2.6562,-0.5142,0,0,0,0.424,0.136,0.864,0,0,0.0,5,SEARCH_PHASE,-1.7092,-1.1065
78,3.21,7.1658,0.7931,5.9054,-1.701,-1.0922,1.688,5.885,8.061,9.876,0.3973,-3.5847,0.2,0.0,0.0,0.0,-1.7126,-1.1077,1.7,2.6552,-0.4996,0,0,0,0.418,0.131,0.869,0,0,0.0,5,SEARCH_PHASE,-1.701,-1.0922
79,3.239,7.132,0.7715,5.9392,-1.6916,-1.0792,1.6879,5.919,8.021,9.863,0.3973,-3.5847,0.2,0.0,0.0,0.0,-1.7114,-1.107,1.7,2.6541,-0.5096,0,0,0,0.422,0.144,0.856,0,0,0.0,5,SEARCH_PHASE,-1.6916,-1.0792
80,3.268,7.0983,0.7501,5.973,-1.6841,-1.0669,1.6879,5.953,7.981,9.85,0.3973,-3.5847,0.2,0.0,0.0,0.0,-1.7102,-1.1063,1.7,2.6531,-0.4942,0,0,0,0.417,0.138,0.862,0,0,0.0,5,SEARCH_PHASE,-1.6841,-1.0669
81,3.297,7.0648,0.729,6.0067,-1.6749,-1.056,1.6877,5.987,7.941,9.838,0.3973,-3.5847,0.2,0.0,0.0,0.0,-1.709,-1.1057,1.7,2.652,-0.5158,0,0,0,0.423,0.14,0.86,0,0,0.0,5,SEARCH_PHASE,-1.6749,-1.056
82,3.328,7.0315,0.7081,6.0405,-1.6674,-1.0459,1.688,6.02,7.902,9.826,0.3973,-3.5847,0.2,0.0,0.0,0.0,-1.7078,-1.1051,1.7,2.651,-0.4993,0,0,0,0.419,0.138,0.862,0,0,0.0,5,SEARCH_PHASE,-1.6674,-1.0459
83,3.359,6.9983,0.6873,6.0742,-1.6596,-1.0384,1.6884,6.054,7.863,9.815,0.3973,-3.5847,0.2,0.0,0.0,0.0,-1.7066,-1.1045,1.7,2.6499,-0.511,0,0,0,0.425,0.143,0.857,0,0,0.0,5,SEARCH_PHASE,-1.6596,-1.0384
84,3.39,6.9652,0.6667,6.108,-1.6549,-1.0327,1.6889,6.088,7.824,9.804,0.3973,-3.5847,0.2,0.0,0.0,0.0,-1.7054,-1.1039,1.7,2.6489,-0.4943,0,0,0,0.423,0.14,0.86,0,0,0.0,5,SEARCH_PHASE,-1.6549,-1.0327
85,3.421,6.9322,0.6461,6.1418,-1.6495,-1.0297,1.6892,6.122,7.785,9.793,0.3973,-3.5847,0.2,0.0,0.0,0.0,-1.7041,-1.1033,1.7,2.6479,-0.4996,0,0,0,0.428,0.142,0.858,0,0,0.0,5,SEARCH_PHASE,-1.6495,-1.0297
86,3.453,6.8992,0.6255,6.1756,-1.6469,-1.0285,1.6896,6.156,7.746,9.783,0.3973,-3.5847,0.2,0.0,0.0,0.0,-1.7029,-1.1027,1.7,2.6469,-0.4823,0,0,0,0.424,0.14,0.86,0,0,0.0,5,SEARCH_PHASE,-1.6469,-1.0285
87,3.485,6.8664,0.6049,6.2094,-1.6437,-1.0296,1.6899,6.189,7.707,9.773,0.3973,-3.5847,0.2,0.0,0.0,0.0,-1.7017,-1.1021,1.7,2.6458,-0.4876,0,0,0,0.427,0.141,0.859,0,0,0.0,5,SEARCH_PHASE,-1.6437,-1.0296
88,3.518,6.8335,0.5843,6.2432,-1.6432,-1.0321,1.69,6.223,7.668,9.763,0.3973,-3.5847,0.2,0.0,0.0,0.0,-1.7005,-1.1015,1.652,2.6142,-0.4658,0,0,0,0.423,0.139,0.861,0,0,0.0,5,SEARCH_PHASE,-1.6432,-1.0321
89,3.555,6.8007,0.5636,6.2766,-1.6419,-1.0359,1.6724,6.257,7.63,9.754,0.3973,-3.5847,0.2,0.0,0.0,0.0,-1.6993,-1.1009,1.604,2.5831,-0.4786,0,0,0,0.427,0.139,0.861,0,0,0.0,5,SEARCH_PHASE,-1.6419,-1.0359
90,3.591,6.7678,0.5428,6.3095,-1.6423,-1.0396,1.6436,6.29,7.591,9.744,0.3973,-3.5847,0.2,0.0,0.0,0.0,-1.6982,-1.1002,1.556,2.5525,-0.4618,0,0,0,0.424,0.139,0.861,0,0,0.0,5,SEARCH_PHASE,-1.6423,-1.0396
91,3.626,6.735,0.5219,6.3417,-1.6413,-1.0444,1.6073,6.322,7.552,9.734,0.3973,-3.5847,0.2,0.0,0.0,0.0,-1.697,-1.0996,1.508,2.5225,-0.4444,0,0,0,0.42,0.137,0.863,0,0,0.0,5,SEARCH_PHASE,-1.6413,-1.0444
92,3.66,6.7022,0.5009,6.373,-1.6417,-1.0495,1.567,6.353,7.513,9.724,0.3973,-3.5847,0.2,0.0,0.0,0.0,-1.6958,-1.0989,1.46,2.493,-0.4623,0,0,0,0.42,0.138,0.862,0,0,0.0,5,SEARCH_PHASE,-1.6417,-1.0495
93,3.694,6.6693,0.4798,6.4035,-1.6418,-1.054,1.5241,6.383,7.474,9.713,0.3973,-3.5847,0.2,0.0,0.0,0.0,-1.6947,-1.0982,1.412,2.4641,-0.4265,0,0,0,0.413,0.138,0.862,0,0,0.0,5,SEARCH_PHASE,-1.6418,-1.054
94,3.727,6.6365,0.4586,6.4331,-1.6429,-1.0595,1.4794,6.413,7.435,9.702,0.3973,-3.5847,0.2,0.0,0.0,0.0,-1.6935,-1.0975,1.364,2.4358,-0.4579,0,0,0,0.414,0.138,0.862,0,0,0.0,5,SEARCH_PHASE,-1.6429,-1.0595
95,3.76,6.6036,0.4373,6.4617,-1.6443,-1.0638,1.4336,6.442,7.396,9.69,0.3973,-3.5847,0.2,0.0,0.0,0.0,-1.6924,-1.0968,1.316,2.4081,-0.4224,0,0,0,0.408,0.137,0.863,0,0,0.0,5,SEARCH_PHASE,-1.6443,-1.0638
96,3.793,6.5706,0.416,6.4895,-1.6468,-1.0692,1.3868,6.469,7.356,9.678,0.3973,-3.5847,0.2,0.0,0.0,0.0,-1.6913,-1.096,1.268,2.3811,-0.4432,0,0,0,0.41,0.138,0.862,0,0,0.0,5,SEARCH_PHASE,-1.6468,-1.0692
97,3.826,6.5376,0.3945,6.5163,-1.6495,-1.0738,1.3397,6.496,7.317,9.666,0.3973,-3.5847,0.2,0.0,0.0,0.0,-1.6902,-1.0953,1.22,2.3547,-0.4113,0,0,0,0.404,0.134,0.866,0,0,0.0,5,SEARCH_PHASE,-1.6495,-1.0738
98,3.858,6.5046,0.3729,6.5421,-1.652,-1.0791,1.2924,6.522,7.277,9.653,0.3973,-3.5847,0.2,0.0,0.0,0.0,-1.689,-1.0945,1.172,2.329,-0.4325,0,0,0,0.404,0.135,0.865,0,0,0.0,5,SEARCH_PHASE,-1.652,-1.0791
99,3.893,6.4715,0.3512,6.567,-1.6541,-1.0833,1.2451,6.547,7.238,9.64,0.3973,-3.5847,0.2,0.0,0.0,0.0,-1.6879,-1.0937,1.124,2.3041,-0.3977,0,0,0,0.396,0.132,0.868,0,0,0.0,5,SEARCH_PHASE,-1.6541,-1.0833
100,3.928,6.4384,0.3295,6.591,-1.6572,-1.0882,1.1974,6.571,7.198,9.626,0.3973,-3.5847,0.2,0.0,0.0,0.0,-1.6868,-1.0929,1.076,2.2798,-0.4233,0,0,0,0.395,0.132,0.868,0,0,0.0,5,SEARCH_PHASE,-1.6572,-1.0882
101,3.965,6.4052,0.3076,6.614,-1.6601,-1.0917,1.1497,6.594,7.159,9.612,0.3973,-3.5847,0.2,0.0,0.0,0.0,-1.6857,-1.0921,1.028,2.2564,-0.3946,0,0,0,0.387,0.128,0.872,0,0,0.0,5,SEARCH_PHASE,-1.6601,-1.0917
102,3.998,6.3719,0.2857,6.636,-1.6625,-1.0954,1.1023,6.616,7.119,9.597,0.3973,-3.5847,0.2,0.0,0.0,0.0,-1.6846,-1.0913,0.98,2.2337,-0.4256,0,0,0,0.386,0.128,0.872,0,0,0.0,5,SEARCH_PHASE,-1.6625,-1.0954
103,4.032,6.3386,0.2638,6.6571,-1.6644,-1.0976,1.0548,6.637,7.079,9.581,0.3973,-3.5847,0.2,0.0,0.0,0.0,-1.6835,-1.0905,0.932,2.2118,-0.3888,0,0,0,0.377,0.124,0.876,0,0,0.0,5,SEARCH_PHASE,-1.6644,-1.0976
104,4.065,6.3053,0.2418,6.6772,-1.6667,-1.1001,1.0073,6.657,7.039,9.566,0.3973,-3.5847,0.2,0.0,0.0,0.0,-1.6824,-1.0896,0.884,2.1907,-0.4201,0,0,0,0.375,0.123,0.877,0,0,0.0,5,SEARCH_PHASE,-1.6667,-1.1001
105,4.098,6.2719,0.2198,6.6964,-1.6683,-1.1008,0.9598,6.676,6.999,9.549,0.3973,-3.5847,0.2,0.0,0.0,0.0,-1.6813,-1.0888,0.836,2.1705,-0.3833,0,0,0,0.364,0.122,0.878,0,0,0.0,5,SEARCH_PHASE,-1.6683,-1.1008
106,4.131,6.2385,0.1977,6.7147,-1.6702,-1.1016,0.9123,6.695,6.959,9.532,0.3973,-3.5847,0.2,0.0,0.0,0.0,-1.6802,-1.088,0.788,2.1512,-0.4144,0,0,0,0.361,0.122,0.878,0,0,0.0,5,SEARCH_PHASE,-1.6702,-1.1016
107,4.165,6.2051,0.1757,6.732,-1.6712,-1.1002,0.8646,6.712,6.919,9.515,0.3973,-3.5847,0.2,0.0,0.0,0.0,-1.6791,-1.0872,0.74,2.1328,-0.4035,0,0,0,0.358,0.12,0.88,0,0,0.0,5,SEARCH_PHASE,-1.6712,-1.1002
108,4.197,6.1717,0.1538,6.7483,-1.6724,-1.0986,0.817,6.728,6.879,9.497,0.3973,-3.5847,0.2,0.0,0.0,0.0,-1.678,-1.0864,0.692,2.1154,-0.4158,0,0,0,0.356,0.121,0.879,0,0,0.0,5,SEARCH_PHASE,-1.6724,-1.0986
109,4.23,6.1382,0.1318,6.7637,-1.6722,-1.0963,0.7694,6.744,6.839,9.479,0.3973,-3.5847,0.2,0.0,0.0,0.0,-1.6769,-1.0856,0.644,2.0988,-0.4022,0,0,0,0.353,0.122,0.878,0,0,0.0,5,SEARCH_PHASE,-1.6722,-1.0963
110,4.263,6.1048,0.11,6.7781,-1.6721,-1.0939,0.7219,6.758,6.799,9.46,0.3973,-3.5847,0.2,0.0,0.0,0.0,-1.6758,-1.0848,0.596,2.0833,-0.4223,0,0,0,0.353,0.121,0.879,0,0,0.0,5,SEARCH_PHASE,-1.6721,-1.0939
111,4.296,6.0714,0.0881,6.7916,-1.6707,-1.0907,0.6744,6.772,6.759,9.441,0.3973,-3.5847,0.2,0.0,0.0,0.0,-1.6746,-1.084,0.548,2.0687,-0.3883,0,0,0,0.345,0.121,0.879,0,0,0.0,5,SEARCH_PHASE,-1.6707,-1.0907
112,4.329,6.038,0.0664,6.8042,-1.6691,-1.0879,0.6269,6.784,6.719,9.421,0.3973,-3.5847,0.2,0.0,0.0,0.0,-1.6735,-1.0832,0.5,2.0552,-0.4197,0,0,0,0.345,0.121,0.879,0,0,0.0,5,SEARCH_PHASE,-1.6691,-1.0879
113,4.362,6.0046,0.0447,6.8158,-1.6669,-1.0835,0.5792,6.796,6.679,9.401,0.3973,-3.5847,0.2,0.0,0.0,0.0,-1.6724,-1.0824,0.452,2.0427,-0.4054,0,0,0,0.344,0.121,0.879,0,0,0.0,5,SEARCH_PHASE,-1.6669,-1.0835
114,4.395,5.9713,0.0231,6.8264,-1.6649,-1.0794,0.5316,6.806,6.64,9.381,0.3973,-3.5847,0.2,0.0,0.0,0.0,-1.6712,-1.0817,0.404,2.0313,-0.4271,0,0,0,0.347,0.121,0.879,0,0,0.0,5,SEARCH_PHASE,-1.6649,-1.0794
115,4.429,5.9381,0.0016,6.8361,-1.6617,-1.0749,0.4839,6.816,6.6,9.359,0.3973,-3.5847,0.2,0.0,0.0,0.0,-1.6701,-1.081,0.356,2.021,-0.3948,0,0,0,0.341,0.121,0.879,0,0,0.0,5,SEARCH_PHASE,-1.6617,-1.0749
116,4.463,5.9049,-0.0198,6.8448,-1.6586,-1.0713,0.4364,6.825,6.561,9.338,0.3973,-3.5847,0.2,0.0,0.0,0.0,-1.6689,-1.0802,0.308,2.0117,-0.4263,0,0,0,0.344,0.12,0.88,0,0,0.0,5,SEARCH_PHASE,-1.6586,-1.0713
117,4.496,5.8718,-0.0411,6.8526,-1.6552,-1.0666,0.3887,6.833,6.521,9.316,0.3973,-3.5847,0.2,0.0,0.0,0.0,-1.6678,-1.0795,0.26,2.0036,-0.3989,0,0,0,0.341,0.121,0.879,0,0,0.0,5,SEARCH_PHASE,-1.6552,-1.0666
118,4.529,5.8388,-0.0624,6.8594,-1.6527,-1.0629,0.3411,6.839,6.482,9.293,0.3973,-3.5847,0.2,0.0,0.0,0.0,-1.6666,-1.0788,0.212,1.9966,-0.43,0,0,0,0.345,0.122,0.878,0,0,0.0,5,SEARCH_PHASE,-1.6527,-1.0629
119,4.563,5.8058,-0.0836,6.8653,-1.6496,-1.0586,0.2935,6.845,6.443,9.27,0.3973,-3.5847,0.2,0.0,0.0,0.0,-1.6655,-1.0781,0.164,1.9907,-0.3924,0,0,0,0.341,0.12,0.88,0,0,0.0,5,SEARCH_PHASE,-1.6496,-1.0586
120,4.598,5.7728,-0.1047,6.8702,-1.647,-1.0554,0.2458,6.85,6.404,9.247,0.3973,-3.5847,0.2,0.0,0.0,0.0,-1.6643,-1.0774,0.116,1.986,-0.4232,0,0,0,0.344,0.118,0.882,0,0,0.0,5,SEARCH_PHASE,-1.647,-1.0554
121,4.632,5.74,-0.1257,6.8741,-1.6438,-1.0514,0.198,6.854,6.365,9.222,0.3973,-3.5847,0.2,0.0,0.0,0.0,-1.6632,-1.0768,0.068,1.9825,-0.399,0,0,0,0.342,0.121,0.879,0,0,0.0,5,SEARCH_PHASE,-1.6438,-1.0514
122,4.667,5.7072,-0.1467,6.8771,-1.6411,-1.0482,0.1504,6.857,6.326,9.198,0.3973,-3.5847,0.2,0.0,0.0,0.0,-1.662,-1.0761,0.02,1.98,-0.4297,0,0,0,0.348,0.119,0.881,0,0,0.0,5,SEARCH_PHASE,-1.6411,-1.0482
123,4.701,5.6744,-0.1676,6.8792,-1.638,-1.0447,0.1028,6.859,6.287,9.173,0.3973,-3.5847,0.2,0.0,0.0,0.0,-1.6608,-1.0754,-0.028,1.9788,-0.3921,0,0,0,0.345,0.121,0.879,0,0,0.0,5,SEARCH_PHASE,-1.638,-1.0447
124,4.736,5.6417,-0.1884,6.8803,-1.6357,-1.0427,0.0552,6.86,6.248,9.147,0.3973,-3.5847,0.2,0.0,0.0,0.0,-1.6597,-1.0748,-0.076,1.9787,-0.4224,0,0,0,0.35,0.121,0.879,0,0,0.0,5,SEARCH_PHASE,-1.6357,-1.0427
125,4.771,5.609,-0.2092,6.8804,-1.633,-1.0399,0.0075,6.86,6.209,9.121,0.3973,-3.5847,0.2,0.0,0.0,0.0,-1.6585,-1.0741,-0.124,1.9798,-0.3853,0,0,0,0.346,0.123,0.877,0,0,0.0,5,SEARCH_PHASE,-1.633,-1.0399
126,4.806,5.5764,-0.23,6.8796,-1.6309,-1.0383,-0.0402,6.86,6.171,9.094,0.3973,-3.5847,0.2,0.0,0.0,0.0,-1.6573,-1.0735,-0.172,1.9821,-0.4152,0,0,0,0.35,0.121,0.879,0,0,0.0,5,SEARCH_PHASE,-1.6309,-1.0383
127,4.841,5.5438,-0.2507,6.8779,-1.6283,-1.0358,-0.0887,6.858,6.132,9.066,0.3973,-3.5847,0.2,0.0,0.0,0.0,-1.6562,-1.0729,-0.22,1.9855,-0.4007,0,0,0,0.35,0.121,0.879,0,0,0.0,5,SEARCH_PHASE,-1.6283,-1.0358
128,4.875,5.5113,-0.2714,6.8752,-1.6263,-1.0341,-0.136,6.855,6.094,9.038,0.3973,-3.5847,0.2,0.0,0.0,0.0,-1.655,-1.0722,-0.268,1.9901,-0.4329,0,0,0,0.358,0.122,0.878,0,0,0.0,5,SEARCH_PHASE,-1.6263,-1.0341
129,4.911,5.4788,-0.292,6.8715,-1.624,-1.0325,-0.1834,6.851,6.055,9.01,0.3973,-3.5847,0.2,0.0,0.0,0.0,-1.6538,-1.0716,-0.316,1.9958,-0.398,0,0,0,0.357,0.122,0.878,0,0,0.0,5,SEARCH_PHASE,-1.624,-1.0325
130,4.946,5.4464,-0.3127,6.8669,-1.6226,-1.0327,-0.231,6.847,6.017,8.98,0.3973,-3.5847,0.2,0.0,0.0,0.0,-1.6526,-1.071,-0.364,2.0027,-0.4304,0,0,0,0.364,0.124,0.876,0,0,0.0,5,SEARCH_PHASE,-1.6226,-1.0327
131,4.981,5.414,-0.3333,6.8613,-1.6208,-1.0325,-0.2785,6.841,5.978,8.95,0.3973,-3.5847,0.2,0.0,0.0,0.0,-1.6515,-1.0703,-0.412,2.0107,-0.3954,0,0,0,0.362,0.122,0.878,0,0,0.0,5,SEARCH_PHASE,-1.6208,-1.0325
132,5.015,5.3816,-0.354,6.8548,-1.6198,-1.0339,-0.3262,6.835,5.94,8.92,0.3973,-3.5847,0.2,0.0,0.0,0.0,-1.6503,-1.0697,-0.46,2.0198,-0.4277,0,0,0,0.368,0.124,0.876,0,0,0.0,5,SEARCH_PHASE,-1.6198,-1.0339
133,5.05,5.3492,-0.3747,6.8473,-1.6183,-1.0347,-0.3739,6.827,5.901,8.889,0.3973,-3.5847,0.2,0.0,0.0,0.0,-1.6492,-1.069,-0.508,2.0299,-0.3925,0,0,0,0.365,0.124,0.876,0,0,0.0,5,SEARCH_PHASE,-1.6183,-1.0347
134,5.084,5.3168,-0.3954,6.8389,-1.6174,-1.0367,-0.4216,6.819,5.863,8.857,0.3973,-3.5847,0.2,0.0,0.0,0.0,-1.648,-1.0684,-0.556,2.0412,-0.4247,0,0,0,0.369,0.125,0.875,0,0,0.0,5,SEARCH_PHASE,-1.6174,-1.0367
135,5.119,5.2845,-0.4162,6.8295,-1.6159,-1.0379,-0.4693,6.809,5.824,8.825,0.3973,-3.5847,0.2,0.0,0.0,0.0,-1.6469,-1.0677,-0.604,2.0536,-0.3893,0,0,0,0.366,0.123,0.877,0,0,0.0,5,SEARCH_PHASE,-1.6159,-1.0379
136,5.153,5.2522,-0.437,6.8191,-1.6149,-1.0399,-0.517,6.799,5.786,8.792,0.3973,-3.5847,0.2,0.0,0.0,0.0,-1.6458,-1.067,-0.652,2.0669,-0.4214,0,0,0,0.369,0.125,0.875,0,0,0.0,5,SEARCH_PHASE,-1.6149,-1.0399
137,5.187,5.22,-0.4578,6.8078,-1.6132,-1.0408,-0.5648,6.788,5.748,8.758,0.3973,-3.5847,0.2,0.0,0.0,0.0,-1.6446,-1.0663,-0.7,2.0813,-0.3899,0,0,0,0.365,0.123,0.877,0,0,0.0,5,SEARCH_PHASE,-1.6132,-1.0408
138,5.221,5.1877,-0.4786,6.7956,-1.6118,-1.0423,-0.6124,6.776,5.709,8.723,0.3973,-3.5847,0.2,0.0,0.0,0.0,-1.6435,-1.0656,-0.748,2.0967,-0.422,0,0,0,0.368,0.124,0.876,0,0,0.0,5,SEARCH_PHASE,-1.6118,-1.0423
139,5.255,5.1555,-0.4995,6.7824,-1.6103,-1.0425,-0.6601,6.762,5.671,8.688,0.3973,-3.5847,0.2,0.0,0.0,0.0,-1.6424,-1.0649,-0.796,2.1131,-0.392,0,0,0,0.364,0.122,0.878,0,0,0.0,5,SEARCH_PHASE,-1.6103,-1.0425
140,5.288,5.1233,-0.5204,6.7682,-1.6097,-1.0434,-0.7078,6.748,5.633,8.653,0.3973,-3.5847,0.2,0.0,0.0,0.0,-1.6413,-1.0642,-0.844,2.1304,-0.4238,0,0,0,0.367,0.124,0.876,0,0,0.0,5,SEARCH_PHASE,-1.6097,-1.0434
141,5.322,5.0912,-0.5412,6.7531,-1.6087,-1.0432,-0.7554,6.733,5.594,8.616,0.3973,-3.5847,0.2,0.0,0.0,0.0,-1.6402,-1.0635,-0.892,2.1487,-0.3891,0,0,0,0.363,0.122,0.878,0,0,0.0,5,SEARCH_PHASE,-1.6087,-1.0432
142,5.355,5.059,-0.5621,6.7371,-1.6084,-1.0435,-0.8031,6.717,5.556,8.579,0.3973,-3.5847,0.2,0.0,0.0,0.0,-1.6391,-1.0628,-0.94,2.1679,-0.4207,0,0,0,0.366,0.124,0.876,0,0,0.0,5,SEARCH_PHASE,-1.6084,-1.0435
143,5.389,5.0268,-0.583,6.72,-1.6076,-1.0425,-0.8509,6.7,5.518,8.541,0.3973,-3.5847,0.2,0.0,0.0,0.0,-1.638,-1.062,-0.988,2.1879,-0.401,0,0,0,0.365,0.122,0.878,0,0,0.0,5,SEARCH_PHASE,-1.6076,-1.0425
144,5.422,4.9947,-0.6038,6.7021,-1.6074,-1.042,-0.8985,6.682,5.479,8.503,0.3973,-3.5847,0.2,0.0,0.0,0.0,-1.6369,-1.0613,-1.036,2.2089,-0.4325,0,0,0,0.372,0.123,0.877,0,0,0.0,5,SEARCH_PHASE,-1.6074,-1.042
145,5.456,4.9626,-0.6246,6.6831,-1.6063,-1.0407,-0.9462,6.663,5.441,8.464,0.3973,-3.5847,0.2,0.0,0.0,0.0,-1.6358,-1.0606,-1.084,2.2306,-0.3989,0,0,0,0.371,0.121,0.879,0,0,0.0,5,SEARCH_PHASE,-1.6063,-1.0407
146,5.489,4.9305,-0.6454,6.6633,-1.6054,-1.0406,-0.9938,6.643,5.403,8.424,0.3973,-3.5847,0.2,0.0,0.0,0.0,-1.6347,-1.0599,-1.132,2.2532,-0.4304,0,0,0,0.377,0.125,0.875,0,0,0.0,5,SEARCH_PHASE,-1.6054,-1.0406
147,5.523,4.8984,-0.6662,6.6424,-1.604,-1.0397,-1.0414,6.622,5.364,8.383,0.3973,-3.5847,0.2,0.0,0.0,0.0,-1.6336,-1.0592,-1.18,2.2766,-0.3943,0,0,0,0.374,0.124,0.876,0,0,0.0,5,SEARCH_PHASE,-1.604,-1.0397
148,5.558,4.8663,-0.687,6.6207,-1.6029,-1.0397,-1.089,6.601,5.326,8.342,0.3973,-3.5847,0.2,0.0,0.0,0.0,-1.6325,-1.0585,-1.228,2.3007,-0.4257,0,0,0,0.379,0.124,0.876,0,0,0.0,5,SEARCH_PHASE,-1.6029,-1.0397
149,5.594,4.8343,-0.7078,6.5979,-1.6012,-1.0386,-1.1367,6.578,5.288,8.3,0.3973,-3.5847,0.2,0.0,0.0,0.0,-1.6314,-1.0578,-1.276,2.3256,-0.3929,0,0,0,0.376,0.124,0.876,0,0,0.0,5,SEARCH_PHASE,-1.6012,-1.0386
150,5.63,4.8023,-0.7285,6.5742,-1.5999,-1.0382,-1.1843,6.554,5.25,8.258,0.3973,-3.5847,0.2,0.0,0.0,0.0,-1.6303,-1.057,-1.324,2.3512,-0.4241,0,0,0,0.38,0.126,0.874,0,0,0.0,5,SEARCH_PHASE,-1.5999,-1.0382
151,5.665,4.7703,-0.7493,6.5496,-1.5982,-1.0366,-1.232,6.53,5.212,8.215,0.3973,-3.5847,0.2,0.0,0.0,0.0,-1.6292,-1.0563,-1.372,2.3775,-0.3986,0,0,0,0.38,0.126,0.874,0,0,0.0,5,SEARCH_PHASE,-1.5982,-1.0366
152,5.7,4.7384,-0.77,6.524,-1.5973,-1.0356,-1.2796,6.504,5.174,8.171,0.3973,-3.5847,0.2,0.0,0.0,0.0,-1.6281,-1.0556,-1.42,2.4044,-0.4296,0,0,0,0.386,0.128,0.872,0,0,0.0,5,SEARCH_PHASE,-1.5973,-1.0356
153,5.735,4.7065,-0.7907,6.4975,-1.5959,-1.0337,-1.3271,6.477,5.136,8.126,0.3973,-3.5847,0.2,0.0,0.0,0.0,-1.627,-1.0549,-1.468,2.4321,-0.3933,0,0,0,0.384,0.127,0.873,0,0,0.0,5,SEARCH_PHASE,-1.5959,-1.0337
154,5.77,4.6746,-0.8113,6.47,-1.5949,-1.0329,-1.3747,6.45,5.098,8.081,0.3973,-3.5847,0.2,0.0,0.0,0.0,-1.6259,-1.0542,-1.5,2.4505,-0.4241,0,0,0,0.389,0.127,0.873,0,0,0.0,5,SEARCH_PHASE,-1.5949,-1.0329
155,5.805,4.6427,-0.8319,6.4416,-1.5934,-1.0309,-1.4165,6.422,5.06,8.035,0.3973,-3.5847,0.2,0.0,0.0,0.0,-1.6248,-1.0535,-1.5,2.4494,-0.3938,0,0,0,0.388,0.127,0.873,0,0,0.0,5,SEARCH_PHASE,-1.5934,-1.0309
156,5.84,4.6108,-0.8525,6.4128,-1.5926,-1.0299,-1.4425,6.393,5.022,7.989,0.3973,-3.5847,0.2,0.0,0.0,0.0,-1.6237,-1.0528,-1.5,2.4484,-0.427,0,0,0,0.394,0.129,0.871,0,0,0.0,5,SEARCH_PHASE,-1.5926,-1.0299
157,5.876,4.579,-0.8731,6.3836,-1.5916,-1.0277,-1.4588,6.364,4.984,7.942,0.3973,-3.5847,0.2,0.0,0.0,0.0,-1.6226,-1.0521,-1.5,2.4474,-0.387,0,0,0,0.391,0.128,0.872,0,0,0.0,5,SEARCH_PHASE,-1.5916,-1.0277
158,5.91,4.5472,-0.8936,6.3542,-1.5915,-1.0267,-1.4691,6.334,4.946,7.895,0.3973,-3.5847,0.2,0.0,0.0,0.0,-1.6215,-1.0514,-1.452,2.4172,-0.4215,0,0,0,0.396,0.129,0.871,0,0,0.0,5,SEARCH_PHASE,-1.5915,-1.0267
159,5.944,4.5154,-0.9141,6.3251,-1.5914,-1.024,-1.4579,6.305,4.908,7.849,0.3973,-3.5847,0.2,0.0,0.0,0.0,-1.6203,-1.0508,-1.404,2.3876,-0.397,0,0,0,0.397,0.13,0.87,0,0,0.0,5,SEARCH_PHASE,-1.5914,-1.024
160,5.979,4.4835,-0.9345,6.2964,-1.5924,-1.0223,-1.4329,6.276,4.87,7.803,0.3973,-3.5847,0.2,0.0,0.0,0.0,-1.6192,-1.0501,-1.356,2.3587,-0.4346,0,0,0,0.407,0.135,0.865,0,0,0.0,5,SEARCH_PHASE,-1.5924,-1.0223
161,6.013,4.4517,-0.9549,6.2684,-1.5923,-1.0197,-1.3995,6.248,4.833,7.758,0.3973,-3.5847,0.2,0.0,0.0,0.0,-1.6181,-1.0495,-1.308,2.3303,-0.3897,0,0,0,0.406,0.133,0.867,0,0,0.0,5,SEARCH_PHASE,-1.5923,-1.0197
162,6.048,4.4198,-0.9753,6.2412,-1.5928,-1.0196,-1.3608,6.221,4.795,7.713,0.3973,-3.5847,0.2,0.0,0.0,0.0,-1.6169,-1.0489,-1.26,2.3026,-0.4285,0,0,0,0.414,0.135,0.865,0,0,0.0,5,SEARCH_PHASE,-1.5928,-1.0196
163,6.08,4.388,-0.9957,6.2148,-1.5917,-1.0179,-1.3188,6.195,4.757,7.669,0.3973,-3.5847,0.2,0.0,0.0,0.0,-1.6158,-1.0482,-1.212,2.2756,-0.3826,0,0,0,0.413,0.136,0.864,0,0,0.0,5,SEARCH_PHASE,-1.5917,-1.0179
164,6.111,4.3562,-1.0161,6.1893,-1.5911,-1.0184,-1.2747,6.169,4.719,7.625,0.3973,-3.5847,0.2,0.0,0.0,0.0,-1.6146,-1.0476,-1.164,2.2493,-0.4218,0,0,1,0.419,0.14,0.86,0,0,0.0,5,SEARCH_PHASE,-1.5911,-1.0184
165,6.143,4.3244,-1.0364,6.1687,-1.59,-1.0176,-1.0337,6.149,4.681,7.586,0.3973,-3.5847,0.2,0.0,0.0,0.0,-1.6135,-1.047,-1.116,2.2237,-0.4222,0,0,1,0.425,0.143,0.857,0,0,0.0,5,SEARCH_PHASE,-1.59,-1.0176
166,6.175,4.2926,-1.0568,6.1516,-1.589,-1.0193,-0.8531,6.132,4.644,7.549,0.3973,-3.5847,0.2,0.0,0.0,0.0,-1.6124,-1.0464,-1.068,2.1989,-0.3635,0,0,1,0.419,0.138,0.862,0,0,0.0,5,SEARCH_PHASE,-1.589,-1.0193
167,6.208,4.2608,-1.0772,6.1369,-1.588,-1.0224,-0.7379,6.117,4.606,7.514,0.3973,-3.5847,0.2,0.0,0.0,0.0,-1.6112,-1.0457,-1.02,2.1749,-0.3415,0,0,1,0.409,0.133,0.867,0,0,0.0,5,SEARCH_PHASE,-1.588,-1.0224
168,6.24,4.2291,-1.0977,6.1236,-1.5837,-1.0208,-0.662,6.104,4.568,7.48,0.3973,-3.5847,0.2,0.0,0.0,0.0,-1.6101,-1.045,-0.972,2.1516,-0.3728,0,0,1,0.411,0.134,0.866,0,0,0.0,5,SEARCH_PHASE,-1.5837,-1.0208
169,6.272,4.1977,-1.1179,6.1114,-1.5734,-1.0132,-0.6112,6.091,4.531,7.448,0.3973,-3.5847,0.2,0.0,0.0,0.0,-1.609,-1.0444,-0.924,2.1292,-0.3401,0,0,1,0.405,0.134,0.866,0,0,0.0,5,SEARCH_PHASE,-1.5734,-1.0132
170,6.307,4.1666,-1.138,6.0999,-1.5537,-1.0027,-0.5752,6.08,4.494,7.416,0.3973,-3.5847,0.2,0.0,0.0,0.0,-1.6079,-1.0437,-0.876,2.1076,-0.3858,0,0,1,0.408,0.141,0.859,0,0,0.0,5,SEARCH_PHASE,-1.5537,-1.0027
171,6.342,4.1361,-1.1577,6.0889,-1.5251,-0.9861,-0.5511,6.069,4.457,7.386,0.3973,-3.5847,0.2,0.0,0.0,0.0,-1.6069,-1.0431,-0.828,2.087,-0.3449,0,0,1,0.404,0.142,0.858,0,0,0.0,5,SEARCH_PHASE,-1.5251,-0.9861
172,6.378,4.1063,-1.177,6.0782,-1.4901,-0.9668,-0.5347,6.058,4.422,7.356,0.3973,-3.5847,0.2,0.0,0.0,0.0,-1.6058,-1.0424,-0.78,2.0673,-0.3922,0,0,1,0.409,0.138,0.862,0,0,0.0,5,SEARCH_PHASE,-1.4901,-0.9668
173,6.413,4.0773,-1.1959,6.0676,-1.448,-0.9417,-0.5259,6.048,4.387,7.327,0.3973,-3.5847,0.2,0.0,0.0,0.0,-1.6049,-1.0417,-0.732,2.0486,-0.3706,0,0,1,0.403,0.14,0.86,0,0,0.0,5,SEARCH_PHASE,-1.448,-0.9417
174,6.448,4.0493,-1.2141,6.0572,-1.4007,-0.9138,-0.5229,6.037,4.354,7.298,0.3973,-3.5847,0.2,0.0,0.0,0.0,-1.6039,-1.0411,-0.684,2.0308,-0.4165,0,0,1,0.406,0.138,0.862,0,0,0.0,5,SEARCH_PHASE,-1.4007,-0.9138
175,6.486,4.0223,-1.2318,6.0467,-1.3513,-0.8817,-0.5242,6.027,4.322,7.271,0.3973,-3.5847,0.2,0.0,0.0,0.0,-1.603,-1.0405,-0.636,2.0141,-0.3973,0,0,1,0.399,0.139,0.861,0,0,0.0,5,SEARCH_PHASE,-1.3513,-0.8817
176,6.522,3.9963,-1.2487,6.0361,-1.3003,-0.848,-0.5283,6.016,4.291,7.244,0.3973,-3.5847,0.2,0.0,0.0,0.0,-1.6021,-1.0398,-0.588,1.9985,-0.4122,0,0,1,0.397,0.139,0.861,0,0,0.0,5,SEARCH_PHASE,-1.3003,-0.848
177,6.558,3.9713,-1.265,6.0255,-1.2498,-0.8114,-0.5345,6.005,4.261,7.217,0.3973,-3.5847,0.2,0.0,0.0,0.0,-1.6013,-1.0393,-0.54,1.9839,-0.4518,0,0,1,0.403,0.14,0.86,0,0,0.0,5,SEARCH_PHASE,-1.2498,-0.8114
178,6.596,3.9473,-1.2804,6.0146,-1.1986,-0.7742,-0.5418,5.995,4.232,7.192,0.3973,-3.5847,0.2,0.0,0.0,0.0,-1.6004,-1.0388,-0.588,1.9965,-0.4179,0,0,1,0.398,0.139,0.861,0,0,0.0,5,SEARCH_PHASE,-1.1986,-0.7742
179,6.631,3.9244,-1.2952,6.0036,-1.1477,-0.7391,-0.5489,5.984,4.205,7.167,0.3973,-3.5847,0.2,0.0,0.0,0.0,-1.5996,-1.0383,-0.636,2.0103,-0.4517,0,0,1,0.4,0.143,0.857,0,0,0.0,5,SEARCH_PHASE,-1.1477,-0.7391
180,6.667,3.9024,-1.3093,5.9925,-1.0982,-0.7039,-0.5555,5.973,4.179,7.143,0.3973,-3.5847,0.2,0.0,0.0,0.0,-1.5988,-1.0379,-0.684,2.0252,-0.442,0,0,1,0.406,0.136,0.864,0,0,0.0,5,SEARCH_PHASE,-1.0982,-0.7039
181,6.704,3.8814,-1.3227,5.9813,-1.0515,-0.6715,-0.5604,5.961,4.154,7.119,0.3973,-3.5847,0.2,0.0,0.0,0.0,-1.5981,-1.0375,-0.732,2.0411,-0.4362,0,0,1,0.406,0.139,0.861,0,0,0.0,5,SEARCH_PHASE,-1.0515,-0.6715
182,6.741,3.8613,-1.3356,5.97,-1.0052,-0.6412,-0.5643,5.95,4.13,7.096,0.3973,-3.5847,0.2,0.0,0.0,0.0,-1.5973,-1.0371,-0.78,2.058,-0.4767,0,0,1,0.415,0.146,0.854,0,0,0.0,5,SEARCH_PHASE,-1.0052,-0.6412
183,6.776,3.842,-1.3478,5.9587,-0.9619,-0.6132,-0.5665,5.939,4.107,7.073,0.3973,-3.5847,0.2,0.0,0.0,0.0,-1.5966,-1.0368,-0.828,2.076,-0.4238,0,0,1,0.415,0.143,0.857,0,0,0.0,5,SEARCH_PHASE,-0.9619,-0.6132
184,6.811,3.8236,-1.3596,5.9474,-0.9231,-0.5907,-0.5672,5.927,4.085,7.051,0.3973,-3.5847,0.2,0.0,0.0,0.0,-1.5959,-1.0364,-0.876,2.0949,-0.4632,0,0,1,0.424,0.147,0.853,0,0,0.0,5,SEARCH_PHASE,-0.9231,-0.5907
185,6.847,3.8058,-1.371,5.936,-0.8873,-0.5701,-0.5669,5.916,4.064,7.03,0.3973,-3.5847,0.2,0.0,0.0,0.0,-1.5953,-1.036,-0.924,2.1148,-0.417,0,0,1,0.424,0.144,0.856,0,0,0.0,5,SEARCH_PHASE,-0.8873,-0.5701
186,6.877,3.7887,-1.3821,5.9247,-0.8561,-0.5545,-0.5655,5.905,4.044,7.009,0.3973,-3.5847,0.2,0.0,0.0,0.0,-1.5947,-1.0357,-0.972,2.1355,-0.4551,0,0,1,0.433,0.147,0.853,0,0,0.0,5,SEARCH_PHASE,-0.8561,-0.5545
187,6.907,3.7721,-1.3929,5.9134,-0.829,-0.5408,-0.563,5.893,4.024,6.988,0.3973,-3.5847,0.2,0.0,0.0,0.0,-1.5942,-1.0353,-1.02,2.1572,-0.4054,0,0,1,0.432,0.146,0.854,0,0,0.0,5,SEARCH_PHASE,-0.829,-0.5408
188,6.937,3.756,-1.4036,5.9022,-0.8077,-0.5318,-0.5601,5.882,4.005,6.968,0.3973,-3.5847,0.2,0.0,0.0,0.0,-1.5936,-1.0349,-1.068,2.1797,-0.4418,0,0,1,0.441,0.153,0.847,0,0,0.0,5,SEARCH_PHASE,-0.8077,-0.5318
189,6.968,3.7402,-1.4141,5.8911,-0.7904,-0.5243,-0.5568,5.871,3.986,6.948,0.3973,-3.5847,0.2,0.0,0.0,0.0,-1.5935,-1.0347,-1.116,2.2035,-0.3942,0,0,1,0.44,0.153,0.847,0,0,0.0,5,SEARCH_PHASE,-0.7904,-0.5243
190,6.995,3.7246,-1.4245,5.88,-0.7789,-0.5209,-0.5536,5.86,3.967,6.928,0.3973,-3.5847,0.2,0.0,0.0,0.0,-1.5936,-1.0346,-1.164,2.2282,-0.4285,0,0,1,0.449,0.152,0.848,0,0,0.0,5,SEARCH_PHASE,-0.7789,-0.5209
191,7.025,3.7092,-1.4349,5.869,-0.7713,-0.5184,-0.5504,5.849,3.948,6.909,0.3973,-3.5847,0.2,0.0,0.0,0.0,-1.5937,-1.0345,-1.212,2.2537,-0.3999,0,0,1,0.45,0.15,0.85,0,0,0.0,5,SEARCH_PHASE,-0.7713,-0.5184
192,7.064,3.6938,-1.4452,5.8581,-0.7693,-0.5194,-0.5485,5.838,3.93,6.889,0.3973,-3.5847,0.2,0.0,0.0,0.0,-1.5938,-1.0344,-1.26,2.2798,-0.435,0,0,1,0.459,0.151,0.849,0,0,0.0,5,SEARCH_PHASE,-0.7693,-0.5194
193,7.096,3.6783,-1.4557,5.8471,-0.7711,-0.5214,-0.5459,5.827,3.911,6.869,0.3973,-3.5847,0.2,0.0,0.0,0.0,-1.5939,-1.0342,-1.308,2.3067,-0.3973,0,0,1,0.46,0.151,0.849,0,0,0.0,5,SEARCH_PHASE,-0.7711,-0.5214
194,7.132,3.6628,-1.4662,5.8363,-0.776,-0.5269,-0.5444,5.816,3.893,6.85,0.3973,-3.5847,0.2,0.0,0.0,0.0,-1.594,-1.0341,-1.356,2.3343,-0.4292,0,0,1,0.467,0.156,0.844,0,0,0.0,5,SEARCH_PHASE,-0.776,-0.5269
195,7.17,3.6472,-1.4769,5.8254,-0.7824,-0.5325,-0.5431,5.805,3.874,6.83,0.3973,-3.5847,0.2,0.0,0.0,0.0,-1.5941,-1.0339,-1.404,2.3625,-0.3918,0,0,1,0.465,0.155,0.845,0,0,0.0,5,SEARCH_PHASE,-0.7824,-0.5325
196,7.204,3.6313,-1.4877,5.8145,-0.7918,-0.5407,-0.5425,5.795,3.854,6.81,0.3973,-3.5847,0.2,0.0,0.0,0.0,-1.5942,-1.0337,-1.452,2.3913,-0.4293,0,0,1,0.47,0.156,0.844,0,0,0.0,5,SEARCH_PHASE,-0.7918,-0.5407
197,7.244,3.6153,-1.4986,5.8037,-0.8025,-0.5483,-0.5421,5.784,3.835,6.79,0.3973,-3.5847,0.2,0.0,0.0,0.0,-1.5943,-1.0335,-1.5,2.4207,-0.3923,0,0,1,0.468,0.154,0.846,0,0,0.0,5,SEARCH_PHASE,-0.8025,-0.5483
198,7.285,3.599,-1.5098,5.7929,-0.8161,-0.5581,-0.5424,5.773,3.815,6.77,0.3973,-3.5847,0.2,0.0,0.0,0.0,-1.5945,-1.0333,-1.5,2.4207,-0.4258,0,0,1,0.471,0.156,0.844,0,0,0.0,5,SEARCH_PHASE,-0.8161,-0.5581
199,7.319,3.5823,-1.5211,5.782,-0.8309,-0.5669,-0.5427,5.762,3.795,6.75,0.3973,-3.5847,0.2,0.0,0.0,0.0,-1.5946,-1.0331,-1.5,2.4207,-0.3891,0,0,1,0.468,0.154,0.846,0,0,0.0,5,SEARCH_PHASE,-0.8309,-0.5669
200,7.361,3.5654,-1.5327,5.7711,-0.8471,-0.5772,-0.5434,5.751,3.775,6.729,0.3973,-3.5847,0.2,0.0,0.0,0.0,-1.5947,-1.0329,-1.5,2.4207,-0.4254,0,0,1,0.471,0.155,0.845,0,0,0.0,5,SEARCH_PHASE,-0.8471,-0.5772
201,7.401,3.5481,-1.5444,5.7603,-0.863,-0.586,-0.544,5.74,3.754,6.709,0.3973,-3.5847,0.2,0.0,0.0,0.0,-1.5948,-1.0327,-1.5,2.4207,-0.3885,0,0,1,0.466,0.153,0.847,0,0,0.0,5,SEARCH_PHASE,-0.863,-0.586
202,7.436,3.5305,-1.5563,5.7494,-0.8802,-0.5959,-0.5449,5.729,3.732,6.688,0.3973,-3.5847,0.2,0.0,0.0,0.0,-1.595,-1.0325,-1.5,2.4207,-0.422,0,0,1,0.468,0.153,0.847,0,0,0.0,5,SEARCH_PHASE,-0.8802,-0.5959
203,7.473,3.5126,-1.5684,5.7384,-0.897,-0.6038,-0.5456,5.718,3.711,6.667,0.3973,-3.5847,0.2,0.0,0.0,0.0,-1.5951,-1.0323,-1.5,2.4207,-0.3848,0,0,1,0.463,0.154,0.846,0,0,0.0,5,SEARCH_PHASE,-0.897,-0.6038
204,7.508,3.4943,-1.5806,5.7275,-0.9141,-0.6124,-0.5462,5.708,3.689,6.645,0.3973,-3.5847,0.2,0.0,0.0,0.0,-1.5952,-1.0322,-1.5,2.4207,-0.421,0,0,1,0.463,0.152,0.848,0,0,0.0,5,SEARCH_PHASE,-0.9141,-0.6124
205,7.544,3.4757,-1.593,5.7166,-0.9297,-0.6183,-0.5468,5.697,3.667,6.624,0.3973,-3.5847,0.2,0.0,0.0,0.0,-1.5953,-1.0321,-1.5,2.4207,-0.3998,0,0,1,0.461,0.153,0.847,0,0,0.0,5,SEARCH_PHASE,-0.9297,-0.6183
206,7.586,3.4568,-1.6055,5.7056,-0.9454,-0.6244,-0.5478,5.686,3.644,6.602,0.3973,-3.5847,0.2,0.0,0.0,0.0,-1.5953,-1.032,-1.5,2.4207,-0.4373,0,0,1,0.467,0.15,0.85,0,0,0.0,5,SEARCH_PHASE,-0.9454,-0.6244
207,7.623,3.4376,-1.6181,5.6947,-0.9594,-0.6289,-0.5478,5.675,3.621,6.58,0.3973,-3.5847,0.2,0.0,0.0,0.0,-1.5954,-1.0319,-1.5,2.4207,-0.3948,0,0,1,0.464,0.152,0.848,0,0,0.0,5,SEARCH_PHASE,-0.9594,-0.6289
208,7.658,3.4182,-1.6308,5.6837,-0.973,-0.6347,-0.5479,5.664,3.598,6.559,0.3973,-3.5847,0.2,0.0,0.0,0.0,-1.5954,-1.0319,-1.5,2.4207,-0.4255,0,0,1,0.469,0.156,0.844,0,0,0.0,5,SEARCH_PHASE,-0.973,-0.6347
209,7.69,3.3985,-1.6435,5.6728,-0.9846,-0.6387,-0.5478,5.653,3.574,6.537,0.3973,-3.5847,0.2,0.0,0.0,0.0,-1.5954,-1.0319,-1.5,2.4207,-0.3829,0,0,1,0.465,0.15,0.85,0,0,0.0,5,SEARCH_PHASE,-0.9846,-0.6387
210,7.723,3.3786,-1.6564,5.6618,-0.9954,-0.6436,-0.5475,5.642,3.551,6.514,0.3973,-3.5847,0.2,0.0,0.0,0.0,-1.5954,-1.0319,-1.5,2.4207,-0.4151,0,0,1,0.469,0.156,0.844,0,0,0.0,5,SEARCH_PHASE,-0.9954,-0.6436
211,7.755,3.3585,-1.6693,5.6509,-1.0035,-0.6461,-0.5478,5.631,3.527,6.492,0.3973,-3.5847,0.2,0.0,0.0,0.0,-1.5954,-1.0319,-1.5,2.4207,-0.3754,0,0,1,0.464,0.153,0.847,0,0,0.0,5,SEARCH_PHASE,-1.0035,-0.6461
212,7.788,3.3383,-1.6823,5.6399,-1.0106,-0.6492,-0.5471,5.62,3.503,6.47,0.3973,-3.5847,0.2,0.0,0.0,0.0,-1.5954,-1.0319,-1.5,2.4207,-0.4107,0,0,1,0.467,0.155,0.845,0,0,0.0,5,SEARCH_PHASE,-1.0106,-0.6492
213,7.821,3.318,-1.6953,5.629,-1.015,-0.6498,-0.5465,5.609,3.479,6.448,0.3973,-3.5847,0.2,0.0,0.0,0.0,-1.5953,-1.032,-1.5,2.4207,-0.37,0,0,1,0.461,0.155,0.845,0,0,0.0,5,SEARCH_PHASE,-1.015,-0.6498
214,7.852,3.2976,-1.7083,5.6181,-1.0183,-0.6506,-0.5459,5.598,3.454,6.426,0.3973,-3.5847,0.2,0.0,0.0,0.0,-1.5953,-1.032,-1.5,2.4207,-0.4058,0,0,1,0.463,0.152,0.848,0,0,0.0,5,SEARCH_PHASE,-1.0183,-0.6506
215,7.884,3.2772,-1.7213,5.6071,-1.0187,-0.6485,-0.5461,5.587,3.43,6.403,0.3973,-3.5847,0.2,0.0,0.0,0.0,-1.5952,-1.0321,-1.5,2.4207,-0.3912,0,0,1,0.462,0.152,0.848,0,0,0.0,5,SEARCH_PHASE,-1.0187,-0.6485
216,7.915,3.2569,-1.7342,5.5962,-1.0179,-0.6463,-0.5455,5.576,3.406,6.381,0.3973,-3.5847,0.2,0.0,0.0,0.0,-1.5952,-1.0322,-1.5,2.4207,-0.4284,0,0,1,0.468,0.151,0.849,0,0,0.0,5,SEARCH_PHASE,-1.0179,-0.6463
217,7.947,3.2366,-1.7471,5.5853,-1.0158,-0.643,-0.5451,5.565,3.382,6.359,0.3973,-3.5847,0.2,0.0,0.0,0.0,-1.5951,-1.0323,-1.5,2.4207,-0.3875,0,0,1,0.465,0.152,0.848,0,0,0.0,5,SEARCH_PHASE,-1.0158,-0.643
218,7.981,3.2163,-1.7599,5.5744,-1.0136,-0.6412,-0.5448,5.554,3.358,6.337,0.3973,-3.5847,0.2,0.0,0.0,0.0,-1.595,-1.0324,-1.5,2.4207,-0.4253,0,0,1,0.47,0.155,0.845,0,0,0.0,5,SEARCH_PHASE,-1.0136,-0.6412
219,8.013,3.1961,-1.7727,5.5635,-1.0098,-0.6378,-0.5446,5.544,3.334,6.315,0.3973,-3.5847,0.2,0.0,0.0,0.0,-1.5949,-1.0326,-1.5,2.4207,-0.3839,0,0,1,0.466,0.157,0.843,0,0,0.0,5,SEARCH_PHASE,-1.0098,-0.6378
220,8.044,3.176,-1.7854,5.5527,-1.0059,-0.6356,-0.5445,5.533,3.31,6.294,0.3973,-3.5847,0.2,0.0,0.0,0.0,-1.5948,-1.0327,-1.5,2.4207,-0.4219,0,0,1,0.47,0.155,0.845,0,0,0.0,5,SEARCH_PHASE,-1.0059,-0.6356
221,8.077,3.156,-1.798,5.5418,-1.0001,-0.6313,-0.5446,5.522,3.287,6.272,0.3973,-3.5847,0.2,0.0,0.0,0.0,-1.5948,-1.0328,-1.5,2.4207,-0.3871,0,0,1,0.466,0.154,0.846,0,0,0.0,5,SEARCH_PHASE,-1.0001,-0.6313
222,8.108,3.1361,-1.8106,5.5309,-0.9941,-0.6279,-0.5446,5.511,3.263,6.25,0.3973,-3.5847,0.2,0.0,0.0,0.0,-1.5947,-1.033,-1.5,2.4207,-0.4256,0,0,1,0.469,0.154,0.846,0,0,0.0,5,SEARCH_PHASE,-0.9941,-0.6279
223,8.14,3.1163,-1.823,5.52,-0.9877,-0.6226,-0.5448,5.5,3.24,6.229,0.3973,-3.5847,0.2,0.0,0.0,0.0,-1.5946,-1.0331,-1.5,2.4207,-0.4001,0,0,1,0.468,0.156,0.844,0,0,0.0,5,SEARCH_PHASE,-0.9877,-0.6226
224,8.171,3.0967,-1.8354,5.5091,-0.9825,-0.6184,-0.5447,5.489,3.217,6.208,0.3973,-3.5847,0.2,0.0,0.0,0.0,-1.5945,-1.0333,-1.5,2.4207,-0.4384,0,0,1,0.475,0.154,0.846,0,0,0.0,5,SEARCH_PHASE,-0.9825,-0.6184
225,8.203,3.0772,-1.8477,5.4982,-0.9764,-0.6132,-0.5448,5.478,3.194,6.186,0.3973,-3.5847,0.2,0.0,0.0,0.0,-1.5944,-1.0334,-1.5,2.4207,-0.3959,0,0,1,0.473,0.158,0.842,0,0,0.0,5,SEARCH_PHASE,-0.9764,-0.6132
226,8.237,3.0577,-1.8599,5.4873,-0.971,-0.6101,-0.5448,5.467,3.171,6.165,0.3973,-3.5847,0.2,0.0,0.0,0.0,-1.5943,-1.0336,-1.5,2.4207,-0.4341,0,0,1,0.478,0.156,0.844,0,0,0.0,5,SEARCH_PHASE,-0.971,-0.6101
227,8.269,3.0385,-1.872,5.4764,-0.9646,-0.6057,-0.5449,5.456,3.148,6.144,0.3973,-3.5847,0.2,0.0,0.0,0.0,-1.5942,-1.0337,-1.5,2.4207,-0.396,0,0,1,0.475,0.155,0.845,0,0,0.0,5,SEARCH_PHASE,-0.9646,-0.6057
228,8.3,3.0193,-1.884,5.4655,-0.9587,-0.6029,-0.545,5.445,3.125,6.123,0.3973,-3.5847,0.2,0.0,0.0,0.0,-1.5941,-1.0339,-1.5,2.4207,-0.4342,0,0,1,0.48,0.158,0.842,0,0,0.0,5,SEARCH_PHASE,-0.9587,-0.6029
229,8.332,3.0002,-1.896,5.4546,-0.9526,-0.5988,-0.5449,5.435,3.103,6.102,0.3973,-3.5847,0.2,0.0,0.0,0.0,-1.594,-1.0341,-1.5,2.4207,-0.3914,0,0,1,0.476,0.153,0.847,0,0,0.0,5,SEARCH_PHASE,-0.9526,-0.5988
230,8.363,2.9813,-1.9079,5.4437,-0.9479,-0.5963,-0.545,5.424,3.08,6.082,0.3973,-3.5847,0.2,0.0,0.0,0.0,-1.5938,-1.0342,-1.5,2.4207,-0.4294,0,0,1,0.48,0.158,0.842,0,0,0.0,5,SEARCH_PHASE,-0.9479,-0.5963
231,8.396,2.9624,-1.9198,5.4328,-0.9428,-0.592,-0.5451,5.413,3.058,6.061,0.3973,-3.5847,0.2,0.0,0.0,0.0,-1.5937,-1.0344,-1.5,2.4207,-0.411,0,0,1,0.481,0.16,0.84,0,0,0.0,5,SEARCH_PHASE,-0.9428,-0.592
232,8.428,2.9436,-1.9315,5.4219,-0.939,-0.589,-0.5456,5.402,3.036,6.04,0.3973,-3.5847,0.2,0.0,0.0,0.0,-1.5936,-1.0346,-1.5,2.4207,-0.4438,0,0,1,0.489,0.164,0.836,0,0,0.0,5,SEARCH_PHASE,-0.939,-0.589
233,8.46,2.925,-1.9433,5.411,-0.9342,-0.5859,-0.5454,5.391,3.014,6.02,0.3973,-3.5847,0.2,0.0,0.0,0.0,-1.5935,-1.0348,-1.5,2.4207,-0.402,0,0,1,0.489,0.165,0.835,0,0,0.0,5,SEARCH_PHASE,-0.9342,-0.5859
234,8.492,2.9064,-1.955,5.4001,-0.9302,-0.5854,-0.5452,5.38,2.992,5.999,0.3973,-3.5847,0.2,0.0,0.0,0.0,-1.5934,-1.0349,-1.5,2.4207,-0.4373,0,0,1,0.496,0.169,0.831,0,0,0.0,5,SEARCH_PHASE,-0.9302,-0.5854
235,8.521,2.8878,-1.9667,5.3892,-0.9259,-0.5844,-0.545,5.369,2.97,5.979,0.3973,-3.5847,0.2,0.0,0.0,0.0,-1.5933,-1.0351,-1.5,2.4207,-0.3927,0,0,1,0.495,0.169,0.831,0,0,0.0,5,SEARCH_PHASE,-0.9259,-0.5844
236,8.55,2.8694,-1.9784,5.3783,-0.923,-0.5858,-0.5448,5.358,2.948,5.959,0.3973,-3.5847,0.2,0.0,0.0,0.0,-1.5932,-1.0352,-1.5,2.4207,-0.4274,0,0,1,0.501,0.172,0.828,0,0,0.0,5,SEARCH_PHASE,-0.923,-0.5858
237,8.577,2.851,-1.9901,5.3674,-0.9196,-0.5863,-0.5447,5.347,2.926,5.938,0.3973,-3.5847,0.2,0.0,0.0,0.0,-1.5931,-1.0353,-1.5,2.4207,-0.3832,0,0,1,0.499,0.17,0.83,0,0,0.0,5,SEARCH_PHASE,-0.9196,-0.5863
238,8.604,2.8326,-2.0019,5.3565,-0.9174,-0.5888,-0.5447,5.336,2.905,5.918,0.3973,-3.5847,0.2,0.0,0.0,0.0,-1.5931,-1.0354,-1.5,2.4207,-0.4174,0,0,1,0.503,0.173,0.827,0,0,0.0,5,SEARCH_PHASE,-0.9174,-0.5888
239,8.629,2.8143,-2.0137,5.3456,-0.9147,-0.5901,-0.5453,5.326,2.883,5.898,0.3973,-3.5847,0.2,0.0,0.0,0.0,-1.5931,-1.0354,-1.5,2.4207,-0.3845,0,0,1,0.501,0.171,0.829,0,0,0.0,5,SEARCH_PHASE,-0.9147,-0.5901
240,8.658,2.7961,-2.0255,5.3347,-0.913,-0.593,-0.545,5.315,2.861,5.878,0.3973,-3.5847,0.2,0.0,0.0,0.0,-1.5931,-1.0354,-1.5,2.4207,-0.4242,0,0,1,0.505,0.175,0.825,0,0,0.0,5,SEARCH_PHASE,-0.913,-0.593
241,8.686,2.7778,-2.0374,5.3238,-0.9115,-0.5946,-0.5448,5.304,2.839,5.858,0.3973,-3.5847,0.2,0.0,0.0,0.0,-1.5931,-1.0354,-1.5,2.4207,-0.3857,0,0,1,0.502,0.173,0.827,0,0,0.0,5,SEARCH_PHASE,-0.9115,-0.5946
242,8.717,2.7596,-2.0494,5.3129,-0.9117,-0.598,-0.5446,5.293,2.817,5.838,0.3973,-3.5847,0.2,0.0,0.0,0.0,-1.5931,-1.0354,-1.5,2.4207,-0.4252,0,0,1,0.505,0.176,0.824,0,0,0.0,5,SEARCH_PHASE,-0.9117,-0.598
243,8.748,2.7414,-2.0614,5.302,-0.9119,-0.5997,-0.5445,5.282,2.796,5.818,0.3973,-3.5847,0.2,0.0,0.0,0.0,-1.5932,-1.0353,-1.5,2.4207,-0.3865,0,0,1,0.5,0.169,0.831,0,0,0.0,5,SEARCH_PHASE,-0.9119,-0.5997
244,8.78,2.7231,-2.0734,5.2911,-0.9137,-0.6028,-0.5445,5.271,2.774,5.798,0.3973,-3.5847,0.2,0.0,0.0,0.0,-1.5932,-1.0352,-1.5,2.4207,-0.426,0,0,1,0.502,0.17,0.83,0,0,0.0,5,SEARCH_PHASE,-0.9137,-0.6028
245,8.811,2.7048,-2.0855,5.2802,-0.9154,-0.6038,-0.5445,5.26,2.752,5.778,0.3973,-3.5847,0.2,0.0,0.0,0.0,-1.5933,-1.0351,-1.5,2.4207,-0.3959,0,0,1,0.499,0.164,0.836,0,0,0.0,5,SEARCH_PHASE,-0.9154,-0.6038
246,8.842,2.6864,-2.0976,5.2693,-0.9185,-0.6058,-0.5451,5.249,2.73,5.758,0.3973,-3.5847,0.2,0.0,0.0,0.0,-1.5933,-1.035,-1.5,2.4207,-0.4344,0,0,1,0.503,0.169,0.831,0,0,0.0,5,SEARCH_PHASE,-0.9185,-0.6058
247,8.874,2.668,-2.1098,5.2584,-0.9211,-0.6063,-0.5448,5.238,2.708,5.738,0.3973,-3.5847,0.2,0.0,0.0,0.0,-1.5934,-1.0349,-1.5,2.4207,-0.3925,0,0,1,0.499,0.163,0.837,0,0,0.0,5,SEARCH_PHASE,-0.9211,-0.6063
248,8.905,2.6495,-2.1219,5.2475,-0.9249,-0.6081,-0.5447,5.228,2.686,5.717,0.3973,-3.5847,0.2,0.0,0.0,0.0,-1.5934,-1.0349,-1.5,2.4207,-0.4289,0,0,1,0.502,0.166,0.834,0,0,0.0,5,SEARCH_PHASE,-0.9249,-0.6081
249,8.936,2.6309,-2.1341,5.2366,-0.9282,-0.608,-0.5447,5.217,2.663,5.697,0.3973,-3.5847,0.2,0.0,0.0,0.0,-1.5935,-1.0348,-1.5,2.4207,-0.3929,0,0,1,0.499,0.166,0.834,0,0,0.0,5,SEARCH_PHASE,-0.9282,-0.608
250,8.967,2.6123,-2.1463,5.2257,-0.9325,-0.6088,-0.5447,5.206,2.641,5.677,0.3973,-3.5847,0.2,0.0,0.0,0.0,-1.5935,-1.0348,-1.5,2.4207,-0.4289,0,0,1,0.502,0.166,0.834,0,0,0.0,5,SEARCH_PHASE,-0.9325,-0.6088
251,8.997,2.5936,-2.1584,5.2148,-0.9361,-0.6079,-0.5447,5.195,2.619,5.657,0.3973,-3.5847,0.2,0.0,0.0,0.0,-1.5935,-1.0348,-1.5,2.4207,-0.3912,0,0,1,0.499,0.166,0.834,0,0,0.0,5,SEARCH_PHASE,-0.9361,-0.6079
252,9.03,2.5748,-2.1706,5.2039,-0.9403,-0.6081,-0.5447,5.184,2.596,5.637,0.3973,-3.5847,0.2,0.0,0.0,0.0,-1.5935,-1.0348,-1.5,2.4207,-0.427,0,0,1,0.502,0.167,0.833,0,0,0.0,5,SEARCH_PHASE,-0.9403,-0.6081
253,9.063,2.5559,-2.1827,5.1931,-0.9436,-0.6064,-0.5448,5.173,2.574,5.617,0.3973,-3.5847,0.2,0.0,0.0,0.0,-1.5934,-1.0349,-1.5,2.4207,-0.3957,0,0,1,0.501,0.169,0.831,0,0,0.0,5,SEARCH_PHASE,-0.9436,-0.6064
254,9.094,2.5369,-2.1948,5.1822,-0.9474,-0.6057,-0.5448,5.162,2.551,5.597,0.3973,-3.5847,0.2,0.0,0.0,0.0,-1.5934,-1.035,-1.5,2.4207,-0.4315,0,0,1,0.506,0.174,0.826,0,0,0.0,5,SEARCH_PHASE,-0.9474,-0.6057
255,9.123,2.5179,-2.2069,5.1713,-0.9498,-0.6037,-0.5447,5.151,2.529,5.578,0.3973,-3.5847,0.2,0.0,0.0,0.0,-1.5933,-1.0351,-1.5,2.4207,-0.3894,0,0,1,0.503,0.172,0.828,0,0,0.0,5,SEARCH_PHASE,-0.9498,-0.6037
256,9.154,2.4989,-2.219,5.1604,-0.9523,-0.6031,-0.5447,5.14,2.506,5.558,0.3973,-3.5847,0.2,0.0,0.0,0.0,-1.5932,-1.0353,-1.5,2.4207,-0.4251,0,0,1,0.508,0.175,0.825,0,0,0.0,5,SEARCH_PHASE,-0.9523,-0.6031
257,9.182,2.4798,-2.231,5.1495,-0.9534,-0.6008,-0.5449,5.129,2.484,5.538,0.3973,-3.5847,0.2,0.0,0.0,0.0,-1.593,-1.0355,-1.5,2.4207,-0.3936,0,0,1,0.506,0.17,0.83,0,0,0.0,5,SEARCH_PHASE,-0.9534,-0.6008
258,9.21,2.4607,-2.243,5.1386,-0.9545,-0.5995,-0.5448,5.119,2.461,5.518,0.3973,-3.5847,0.2,0.0,0.0,0.0,-1.5929,-1.0357,-1.5,2.4207,-0.4294,0,0,1,0.511,0.175,0.825,0,0,0.0,5,SEARCH_PHASE,-0.9545,-0.5995
259,9.235,2.4416,-2.2549,5.1277,-0.9548,-0.5971,-0.5447,5.108,2.439,5.498,0.3973,-3.5847,0.2,0.0,0.0,0.0,-1.5927,-1.036,-1.5,2.4207,-0.3868,0,0,1,0.508,0.172,0.828,0,0,0.0,5,SEARCH_PHASE,-0.9548,-0.5971
260,9.264,2.4225,-2.2668,5.1168,-0.9558,-0.5962,-0.5447,5.097,2.416,5.478,0.3973,-3.5847,0.2,0.0,0.0,0.0,-1.5925,-1.0363,-1.5,2.4207,-0.4223,0,0,1,0.512,0.175,0.825,0,0,0.0,5,SEARCH_PHASE,-0.9558,-0.5962
261,9.289,2.4034,-2.2787,5.1059,-0.9559,-0.5937,-0.5448,5.086,2.394,5.459,0.3973,-3.5847,0.2,0.0,0.0,0.0,-1.5923,-1.0366,-1.5,2.4207,-0.396,0,0,1,0.512,0.174,0.826,0,0,0.0,5,SEARCH_PHASE,-0.9559,-0.5937
262,9.315,2.3843,-2.2905,5.095,-0.9565,-0.5924,-0.5448,5.075,2.371,5.439,0.3973,-3.5847,0.2,0.0,0.0,0.0,-1.5921,-1.0369,-1.5,2.4207,-0.4313,0,0,1,0.519,0.179,0.821,0,0,0.0,5,SEARCH_PHASE,-0.9565,-0.5924
263,9.34,2.3652,-2.3024,5.0841,-0.9557,-0.5903,-0.5447,5.064,2.349,5.42,0.3973,-3.5847,0.2,0.0,0.0,0.0,-1.5919,-1.0373,-1.5,2.4207,-0.3893,0,0,1,0.518,0.178,0.822,0,0,0.0,5,SEARCH_PHASE,-0.9557,-0.5903
264,9.365,2.3461,-2.3142,5.0732,-0.955,-0.5905,-0.5446,5.053,2.326,5.4,0.3973,-3.5847,0.2,0.0,0.0,0.0,-1.5916,-1.0376,-1.5,2.4207,-0.4246,0,0,1,0.524,0.185,0.815,0,0,0.0,5,SEARCH_PHASE,-0.955,-0.5905
265,9.391,2.327,-2.326,5.0623,-0.9529,-0.5896,-0.5447,5.042,2.304,5.381,0.3973,-3.5847,0.2,0.0,0.0,0.0,-1.5914,-1.038,-1.5,2.4207,-0.3863,0,0,1,0.523,0.183,0.817,0,0,0.0,5,SEARCH_PHASE,-0.9529,-0.5896
266,9.416,2.308,-2.3378,5.0514,-0.951,-0.5905,-0.5446,5.031,2.282,5.361,0.3973,-3.5847,0.2,0.0,0.0,0.0,-1.5912,-1.0384,-1.5,2.4207,-0.4215,0,0,1,0.528,0.193,0.807,0,0,0.0,5,SEARCH_PHASE,-0.951,-0.5905
267,9.441,2.289,-2.3496,5.0405,-0.9486,-0.5904,-0.5445,5.021,2.259,5.342,0.3973,-3.5847,0.2,0.0,0.0,0.0,-1.5909,-1.0387,-1.5,2.4207,-0.3786,0,0,1,0.526,0.186,0.814,0,0,0.0,5,SEARCH_PHASE,-0.9486,-0.5904
268,9.466,2.2701,-2.3614,5.0296,-0.9473,-0.592,-0.5445,5.01,2.237,5.323,0.3973,-3.5847,0.2,0.0,0.0,0.0,-1.5907,-1.039,-1.5,2.4207,-0.4134,0,0,1,0.53,0.195,0.805,0,0,0.0,5,SEARCH_PHASE,-0.9473,-0.592
269,9.492,2.2512,-2.3733,5.0187,-0.9453,-0.5923,-0.5452,4.999,2.215,5.303,0.3973,-3.5847,0.2,0.0,0.0,0.0,-1.5905,-1.0393,-1.5,2.4207,-0.3791,0,0,1,0.527,0.182,0.818,0,0,0.0,5,SEARCH_PHASE,-0.9453,-0.5923
270,9.518,2.2323,-2.3851,5.0078,-0.9443,-0.5939,-0.5449,4.988,2.192,5.284,0.3973,-3.5847,0.2,0.0,0.0,0.0,-1.5904,-1.0396,-1.5,2.4207,-0.4194,0,0,1,0.531,0.195,0.805,0,0,0.0,5,SEARCH_PHASE,-0.9443,-0.5939
271,9.543,2.2134,-2.397,4.9969,-0.9426,-0.5939,-0.5447,4.977,2.17,5.265,0.3973,-3.5847,0.2,0.0,0.0,0.0,-1.5902,-1.0399,-1.5,2.4207,-0.3822,0,0,1,0.527,0.185,0.815,0,0,0.0,5,SEARCH_PHASE,-0.9426,-0.5939
272,9.571,2.1946,-2.4089,4.9861,-0.9418,-0.5952,-0.5447,4.966,2.148,5.246,0.3973,-3.5847,0.2,0.0,0.0,0.0,-1.59,-1.0401,-1.5,2.4207,-0.4227,0,0,1,0.53,0.194,0.806,0,0,0.0,5,SEARCH_PHASE,-0.9418,-0.5952
273,9.599,2.1758,-2.4208,4.9752,-0.9401,-0.5946,-0.5448,4.955,2.125,5.227,0.3973,-3.5847,0.2,0.0,0.0,0.0,-1.5898,-1.0404,-1.5,2.4207,-0.4045,0,0,1,0.53,0.19,0.81,0,0,0.0,5,SEARCH_PHASE,-0.9401,-0.5946
274,9.628,2.157,-2.4327,4.9643,-0.9392,-0.5949,-0.5447,4.944,2.103,5.208,0.3973,-3.5847,0.2,0.0,0.0,0.0,-1.5897,-1.0406,-1.5,2.4207,-0.4411,0,0,1,0.537,0.198,0.802,0,0,0.0,5,SEARCH_PHASE,-0.9392,-0.5949
275,9.653,2.1383,-2.4446,4.9534,-0.9373,-0.5945,-0.5451,4.933,2.081,5.189,0.3973,-3.5847,0.2,0.0,0.0,0.0,-1.5895,-1.0409,-1.5,2.4207,-0.3972,0,0,1,0.537,0.203,0.797,0,0,0.0,5,SEARCH_PHASE,-0.9373,-0.5945
276,9.679,2.1195,-2.4565,4.9425,-0.936,-0.5967,-0.545,4.922,2.059,5.17,0.3973,-3.5847,0.2,0.0,0.0,0.0,-1.5894,-1.0411,-1.5,2.4207,-0.4217,0,0,1,0.542,0.204,0.796,0,0,0.0,5,SEARCH_PHASE,-0.936,-0.5967
277,9.705,2.1009,-2.4685,4.9316,-0.9339,-0.5983,-0.5452,4.912,2.037,5.151,0.3973,-3.5847,0.2,0.0,0.0,0.0,-1.5893,-1.0413,-1.5,2.4207,-0.3793,0,0,1,0.539,0.202,0.798,0,0,0.0,5,SEARCH_PHASE,-0.9339,-0.5983
278,9.73,2.0822,-2.4805,4.9207,-0.9326,-0.6013,-0.545,4.901,2.014,5.133,0.3973,-3.5847,0.2,0.0,0.0,0.0,-1.5892,-1.0414,-1.5,2.4207,-0.4143,0,0,1,0.543,0.201,0.799,0,0,0.0,5,SEARCH_PHASE,-0.9326,-0.6013
279,9.755,2.0636,-2.4926,4.9097,-0.9305,-0.6028,-0.5455,4.89,1.992,5.114,0.3973,-3.5847,0.2,0.0,0.0,0.0,-1.5891,-1.0415,-1.5,2.4207,-0.3762,0,0,1,0.539,0.201,0.799,0,0,0.0,5,SEARCH_PHASE,-0.9305,-0.6028
280,9.78,2.045,-2.5047,4.8988,-0.9293,-0.6054,-0.5452,4.879,1.97,5.095,0.3973,-3.5847,0.2,0.0,0.0,0.0,-1.5891,-1.0415,-1.5,2.4207,-0.4143,0,0,1,0.542,0.203,0.797,0,0,0.0,5,SEARCH_PHASE,-0.9293,-0.6054
281,9.805,2.0265,-2.5168,4.8879,-0.9271,-0.6061,-0.545,4.868,1.948,5.077,0.3973,-3.5847,0.2,0.0,0.0,0.0,-1.5891,-1.0416,-1.5,2.4207,-0.3743,0,0,1,0.538,0.195,0.805,0,0,0.0,5,SEARCH_PHASE,-0.9271,-0.6061
282,9.83,2.008,-2.529,4.877,-0.9257,-0.6078,-0.5449,4.857,1.926,5.058,0.3973,-3.5847,0.2,0.0,0.0,0.0,-1.5891,-1.0415,-1.5,2.4207,-0.4125,0,0,1,0.54,0.201,0.799,0,0,0.0,5,SEARCH_PHASE,-0.9257,-0.6078
283,9.857,1.9895,-2.5411,4.8661,-0.9232,-0.6071,-0.5448,4.846,1.904,5.04,0.3973,-3.5847,0.2,0.0,0.0,0.0,-1.5891,-1.0415,-1.5,2.4207,-0.3721,0,0,1,0.535,0.191,0.809,0,0,0.0,5,SEARCH_PHASE,-0.9232,-0.6071
284,9.884,1.9711,-2.5532,4.8553,-0.9213,-0.6071,-0.5446,4.835,1.882,5.021,0.3973,-3.5847,0.2,0.0,0.0,0.0,-1.5891,-1.0415,-1.5,2.4207,-0.4104,0,0,1,0.536,0.192,0.808,0,0,0.0,5,SEARCH_PHASE,-0.9213,-0.6071
285,9.909,1.9527,-2.5653,4.8444,-0.9182,-0.6043,-0.5447,4.824,1.86,5.003,0.3973,-3.5847,0.2,0.0,0.0,0.0,-1.5892,-1.0414,-1.5,2.4207,-0.3828,0,0,1,0.533,0.187,0.813,0,0,0.0,5,SEARCH_PHASE,-0.9182,-0.6043
286,9.935,1.9344,-2.5774,4.8335,-0.9156,-0.6017,-0.5444,4.813,1.838,4.985,0.3973,-3.5847,0.2,0.0,0.0,0.0,-1.5892,-1.0414,-1.5,2.4207,-0.4212,0,0,1,0.536,0.192,0.808,0,0,0.0,5,SEARCH_PHASE,-0.9156,-0.6017
287,9.96,1.9162,-2.5893,4.8226,-0.9114,-0.5971,-0.5444,4.803,1.816,4.966,0.3973,-3.5847,0.2,0.0,0.0,0.0,-1.5892,-1.0414,-1.5,2.4207,-0.38,0,0,1,0.532,0.186,0.814,0,0,0.0,5,SEARCH_PHASE,-0.9114,-0.5971
288,9.985,1.898,-2.6012,4.8117,-0.9073,-0.5934,-0.5442,4.792,1.794,4.948,0.3973,-3.5847,0.2,0.0,0.0,0.0,-1.5892,-1.0414,-1.5,2.4207,-0.4187,0,0,1,0.534,0.185,0.815,0,0,0.0,5,SEARCH_PHASE,-0.9073,-0.5934
289,10.01,1.88,-2.6129,4.8008,-0.9015,-0.5873,-0.5441,4.781,1.773,4.931,0.3973,-3.5847,0.2,0.0,0.0,0.0,-1.5891,-1.0415,-1.5,2.4207,-0.3772,0,0,1,0.529,0.182,0.818,0,0,0.0,5,SEARCH_PHASE,-0.9015,-0.5873
290,10.035,1.8621,-2.6246,4.7899,-0.8956,-0.5816,-0.5439,4.77,1.751,4.913,0.3973,-3.5847,0.2,0.0,0.0,0.0,-1.5891,-1.0416,-1.5,2.4207,-0.4162,0,0,1,0.531,0.183,0.817,0,0,0.0,5,SEARCH_PHASE,-0.8956,-0.5816
291,10.061,1.8443,-2.636,4.7791,-0.888,-0.5731,-0.5441,4.759,1.73,4.895,0.3973,-3.5847,0.2,0.0,0.0,0.0,-1.589,-1.0417,-1.5,2.4207,-0.4025,0,0,1,0.532,0.184,0.816,0,0,0.0,5,SEARCH_PHASE,-0.888,-0.5731
292,10.086,1.8267,-2.6473,4.7682,-0.8801,-0.5647,-0.5443,4.748,1.709,4.878,0.3973,-3.5847,0.2,0.0,0.0,0.0,-1.5889,-1.0419,-1.5,2.4207,-0.4293,0,0,1,0.537,0.192,0.808,0,0,0.0,5,SEARCH_PHASE,-0.8801,-0.5647
293,10.112,1.8093,-2.6584,4.7573,-0.8698,-0.5555,-0.5443,4.737,1.689,4.86,0.3973,-3.5847,0.2,0.0,0.0,0.0,-1.5887,-1.0421,-1.5,2.4207,-0.391,0,0,1,0.535,0.189,0.811,0,0,0.0,5,SEARCH_PHASE,-0.8698,-0.5555
294,10.139,1.7921,-2.6694,4.7464,-0.8588,-0.5474,-0.5442,4.726,1.668,4.843,0.3973,-3.5847,0.2,0.0,0.0,0.0,-1.5885,-1.0424,-1.5,2.4207,-0.43,0,0,1,0.539,0.191,0.809,0,0,0.0,5,SEARCH_PHASE,-0.8588,-0.5474
295,10.166,1.7752,-2.6801,4.7355,-0.8468,-0.5376,-0.5443,4.716,1.648,4.826,0.3973,-3.5847,0.2,0.0,0.0,0.0,-1.5883,-1.0427,-1.5,2.4207,-0.3859,0,0,1,0.535,0.186,0.814,0,0,0.0,5,SEARCH_PHASE,-0.8468,-0.5376
296,10.196,1.7585,-2.6907,4.7246,-0.8351,-0.5289,-0.5444,4.705,1.629,4.809,0.3973,-3.5847,0.2,0.0,0.0,0.0,-1.5881,-1.043,-1.5,2.4207,-0.4249,0,0,1,0.538,0.186,0.814,0,0,0.0,5,SEARCH_PHASE,-0.8351,-0.5289
297,10.223,1.7421,-2.7011,4.7137,-0.8221,-0.5181,-0.5449,4.694,1.609,4.792,0.3973,-3.5847,0.2,0.0,0.0,0.0,-1.5879,-1.0433,-1.5,2.4207,-0.4045,0,0,1,0.539,0.188,0.812,0,0,0.0,5,SEARCH_PHASE,-0.8221,-0.5181
298,10.248,1.7259,-2.7112,4.7028,-0.8094,-0.508,-0.545,4.683,1.59,4.775,0.3973,-3.5847,0.2,0.0,0.0,0.0,-1.5876,-1.0437,-1.5,2.4207,-0.4434,0,0,1,0.546,0.199,0.801,0,0,0.0,5,SEARCH_PHASE,-0.8094,-0.508
299,10.273,1.71,-2.7212,4.6919,-0.7954,-0.4974,-0.5452,4.672,1.571,4.759,0.3973,-3.5847,0.2,0.0,0.0,0.0,-1.5475,-1.0175,-1.116,2.1623,-0.3986,1,1,0,0.545,0.196,0.804,0,0,0.0,5,DESCENT_PHASE,-0.7954,-0.4974
300,10.299,1.6942,-2.731,4.6788,-0.7888,-0.4934,-0.6571,4.659,1.553,4.74,0.3973,-3.5847,0.2,0.0,0.0,0.0,-1.5073,-0.9912,-0.732,1.9469,-0.396,1,1,0,0.545,0.192,0.808,0,0,0.0,5,DESCENT_PHASE,-0.7888,-0.4934
301,10.324,1.6787,-2.7408,4.6649,-0.7763,-0.4858,-0.6957,4.645,1.534,4.721,0.3973,-3.5847,0.2,0.0,0.0,0.0,-1.4671,-0.965,-0.348,1.7902,-0.4304,1,1,0,0.551,0.203,0.797,0,0,0.0,5,DESCENT_PHASE,-0.7763,-0.4858
302,10.35,1.6637,-2.7502,4.6533,-0.7505,-0.47,-0.5781,4.633,1.517,4.704,0.3973,-3.5847,0.2,0.0,0.0,0.0,-1.4269,-0.9387,-0.1512,1.7147,-0.4713,1,1,0,0.564,0.224,0.776,0,0,0.0,5,DESCENT_PHASE,-0.7505,-0.47
303,10.377,1.6492,-2.7593,4.6448,-0.7221,-0.4555,-0.4277,4.625,1.5,4.691,0.3973,-3.5847,0.2,0.0,0.0,0.0,-1.3867,-0.9125,-0.407,1.7092,-0.4485,1,1,0,0.567,0.216,0.784,0,0,0.0,5,DESCENT_PHASE,-0.7221,-0.4555
304,10.402,1.6351,-2.7683,4.6363,-0.7074,-0.4527,-0.4219,4.616,1.483,4.678,0.3973,-3.5847,0.2,0.0,0.0,0.0,-1.3466,-0.8862,-0.4167,1.665,-0.4825,1,1,0,0.578,0.234,0.766,0,0,0.0,5,DESCENT_PHASE,-0.7074,-0.4527
305,10.428,1.6211,-2.7774,4.628,-0.6992,-0.4533,-0.4155,4.608,1.466,4.664,0.3973,-3.5847,0.2,0.0,0.0,0.0,-1.3064,-0.8599,-0.4276,1.6214,-0.4703,1,1,0,0.584,0.233,0.767,0,0,0.0,5,DESCENT_PHASE,-0.6992,-0.4533
306,10.453,1.6071,-2.7866,4.6198,-0.6994,-0.4606,-0.4096,4.6,1.449,4.651,0.3973,-3.5847,0.2,0.0,0.0,0.0,-1.2663,-0.8335,-0.4377,1.5779,-0.4869,1,1,0,0.596,0.249,0.751,0,0,0.0,5,DESCENT_PHASE,-0.6994,-0.4606
307,10.48,1.5929,-2.7961,4.6117,-0.7108,-0.4732,-0.4071,4.592,1.432,4.638,0.3973,-3.5847,0.2,0.0,0.0,0.0,-1.2262,-0.8071,-0.442,1.5331,-0.4523,1,1,0,0.602,0.262,0.738,0,0,0.0,5,DESCENT_PHASE,-0.7108,-0.4732
308,10.506,1.5783,-2.8059,4.6035,-0.7304,-0.4923,-0.4071,4.584,1.415,4.625,0.3973,-3.5847,0.2,0.0,0.0,0.0,-1.1862,-0.7807,-0.4419,1.4872,-0.4382,1,1,0,0.607,0.26,0.74,0,0,0.0,5,DESCENT_PHASE,-0.7304,-0.4923
309,10.532,1.5631,-2.8162,4.5953,-0.7569,-0.5152,-0.4092,4.575,1.396,4.612,0.3973,-3.5847,0.2,0.0,0.0,0.0,-1.1461,-0.7542,-0.4383,1.4403,-0.4102,1,1,0,0.608,0.255,0.745,0,0,0.0,5,DESCENT_PHASE,-0.7569,-0.5152
310,10.561,1.5474,-2.827,4.5871,-0.7884,-0.5406,-0.4124,4.567,1.377,4.598,0.3973,-3.5847,0.2,0.0,0.0,0.0,-1.1061,-0.7276,-0.4329,1.393,-0.4325,1,1,0,0.612,0.255,0.745,0,0,0.0,5,DESCENT_PHASE,-0.7884,-0.5406
311,10.589,1.5309,-2.8384,4.5788,-0.8248,-0.5666,-0.4162,4.559,1.357,4.584,0.3973,-3.5847,0.2,0.0,0.0,0.0,-1.0662,-0.7011,-0.4264,1.3454,-0.4001,1,1,0,0.612,0.253,0.747,0,0,0.0,5,DESCENT_PHASE,-0.8248,-0.5666
312,10.621,1.5136,-2.8503,4.5704,-0.863,-0.5952,-0.4206,4.55,1.336,4.57,0.3973,-3.5847,0.2,0.0,0.0,0.0,-1.0262,-0.6745,-0.4191,1.2975,-0.3709,1,1,0,0.607,0.253,0.747,0,0,0.0,5,DESCENT_PHASE,-0.863,-0.5952
313,10.653,1.4956,-2.8627,4.5619,-0.9012,-0.6231,-0.4243,4.542,1.314,4.556,0.3973,-3.5847,0.2,0.0,0.0,0.0,-0.9863,-0.6478,-0.4127,1.2501,-0.3994,1,1,0,0.605,0.25,0.75,0,0,0.0,5,DESCENT_PHASE,-0.9012,-0.6231
314,10.684,1.4768,-2.8757,4.5534,-0.9378,-0.6484,-0.4258,4.533,1.292,4.541,0.3973,-3.5847,0.2,0.0,0.0,0.0,-0.9464,-0.6211,-0.4101,1.204,-0.368,1,1,0,0.598,0.247,0.753,0,0,0.0,5,DESCENT_PHASE,-0.9378,-0.6484
315,10.718,1.4574,-2.8891,4.5448,-0.9712,-0.6728,-0.4268,4.525,1.268,4.526,0.3973,-3.5847,0.2,0.0,0.0,0.0,-0.9065,-0.5944,-0.4085,1.1584,-0.4042,1,1,0,0.596,0.249,0.751,0,0,0.0,5,DESCENT_PHASE,-0.9712,-0.6728
316,10.753,1.4374,-2.903,4.5363,-0.9995,-0.6931,-0.4271,4.516,1.244,4.511,0.3973,-3.5847,0.2,0.0,0.0,0.0,-0.8667,-0.5676,-0.408,1.1134,-0.3707,1,1,0,0.589,0.23,0.77,0,0,0.0,5,DESCENT_PHASE,-0.9995,-0.6931
317,10.788,1.4169,-2.9172,4.5277,-1.0245,-0.7121,-0.4267,4.508,1.219,4.496,0.3973,-3.5847,0.2,0.0,0.0,0.0,-0.8269,-0.5408,-0.4087,1.0692,-0.3909,1,1,0,0.586,0.228,0.772,0,0,0.0,5,DESCENT_PHASE,-1.0245,-0.7121
318,10.824,1.396,-2.9318,4.5193,-1.0448,-0.7264,-0.4246,4.499,1.193,4.481,0.3973,-3.5847,0.2,0.0,0.0,0.0,-0.7871,-0.514,-0.4122,1.0264,-0.3809,1,1,0,0.58,0.238,0.762,0,0,0.0,5,DESCENT_PHASE,-1.0448,-0.7264
319,10.858,1.3749,-2.9465,4.5108,-1.0569,-0.7372,-0.4225,4.491,1.167,4.466,0.3973,-3.5847,0.2,0.0,0.0,0.0,-0.7473,-0.487,-0.4157,0.9841,-0.3759,1,1,0,0.576,0.232,0.768,0,0,0.0,5,DESCENT_PHASE,-1.0569,-0.7372
320,10.891,1.3536,-2.9614,4.5024,-1.0641,-0.7433,-0.4194,4.482,1.142,4.451,0.3973,-3.5847,0.2,0.0,0.0,0.0,-0.7077,-0.46,-0.421,0.9432,-0.3597,1,1,0,0.565,0.218,0.782,0,0,0.0,5,DESCENT_PHASE,-1.0641,-0.7433
321,10.926,1.3323,-2.9763,4.4941,-1.0638,-0.7443,-0.4168,4.474,1.116,4.437,0.3973,-3.5847,0.2,0.0,0.0,0.0,-0.668,-0.4329,-0.4255,0.9026,-0.384,1,1,0,0.561,0.208,0.792,0,0,0.0,5,DESCENT_PHASE,-1.0638,-0.7443
322,10.96,1.3111,-2.991,4.4858,-1.0595,-0.7387,-0.4138,4.466,1.09,4.422,0.3973,-3.5847,0.2,0.0,0.0,0.0,-0.6284,-0.4059,-0.4305,0.8631,-0.3984,1,1,0,0.558,0.203,0.797,0,0,0.0,5,DESCENT_PHASE,-1.0595,-0.7387
323,10.993,1.2902,-3.0056,4.4776,-1.0481,-0.7278,-0.4117,4.458,1.064,4.408,0.3973,-3.5847,0.2,0.0,0.0,0.0,-0.5888,-0.3788,-0.434,0.8237,-0.3843,1,1,0,0.556,0.201,0.799,0,0,0.0,5,DESCENT_PHASE,-1.0481,-0.7278
324,11.028,1.2695,-3.0198,4.4694,-1.0319,-0.7126,-0.4096,4.449,1.039,4.394,0.3973,-3.5847,0.2,0.0,0.0,0.0,-0.5491,-0.3518,-0.4377,0.7854,-0.4102,1,1,0,0.557,0.203,0.797,0,0,0.0,5,DESCENT_PHASE,-1.0319,-0.7126
325,11.062,1.2494,-3.0337,4.4612,-1.0085,-0.6923,-0.4076,4.441,1.015,4.38,0.3973,-3.5847,0.2,0.0,0.0,0.0,-0.5094,-0.3248,-0.4411,0.748,-0.3614,1,1,0,0.552,0.195,0.805,0,0,0.0,5,DESCENT_PHASE,-1.0085,-0.6923
326,11.097,1.2298,-3.0471,4.4531,-0.9797,-0.6689,-0.4056,4.433,0.991,4.367,0.3973,-3.5847,0.2,0.0,0.0,0.0,-0.4696,-0.2979,-0.4445,0.7119,-0.4034,1,1,0,0.554,0.189,0.811,0,0,0.0,5,DESCENT_PHASE,-0.9797,-0.6689
327,11.128,1.2109,-3.0599,4.445,-0.9443,-0.6394,-0.4061,4.425,0.968,4.354,0.3973,-3.5847,0.2,0.0,0.0,0.0,-0.4297,-0.2712,-0.4437,0.6746,-0.3964,1,1,0,0.552,0.188,0.812,0,0,0.0,5,DESCENT_PHASE,-0.9443,-0.6394
328,11.163,1.1928,-3.072,4.4369,-0.9031,-0.6063,-0.406,4.417,0.946,4.341,0.3973,-3.5847,0.2,0.0,0.0,0.0,-0.3896,-0.2449,-0.4438,0.6393,-0.4212,1,1,0,0.562,0.187,0.813,0,0,0.0,5,DESCENT_PHASE,-0.9031,-0.6063
329,11.195,1.1757,-3.0834,4.4288,-0.858,-0.5699,-0.4063,4.409,0.926,4.329,0.3973,-3.5847,0.2,0.0,0.0,0.0,-0.3488,-0.2196,-0.4433,0.6053,-0.3966,1,1,0,0.562,0.186,0.814,0,0,0.0,5,DESCENT_PHASE,-0.858,-0.5699
330,11.228,1.1596,-3.094,4.4206,-0.8055,-0.532,-0.4082,4.401,0.907,4.317,0.3973,-3.5847,0.2,0.0,0.0,0.0,-0.3576,-0.2263,-0.4401,0.6105,-0.4418,1,1,0,0.568,0.192,0.808,0,0,0.0,5,DESCENT_PHASE,-0.8055,-0.532
331,11.257,1.1446,-3.1039,4.4123,-0.7496,-0.4918,-0.4135,4.392,0.889,4.305,0.3973,-3.5847,0.2,0.0,0.0,0.0,-0.3713,-0.2361,-0.4311,0.616,-0.415,1,1,0,0.565,0.187,0.813,0,0,0.0,5,DESCENT_PHASE,-0.7496,-0.4918
332,11.286,1.1308,-3.1129,4.4039,-0.691,-0.4519,-0.4196,4.384,0.872,4.293,0.3973,-3.5847,0.2,0.0,0.0,0.0,-0.3863,-0.2462,-0.4207,0.622,-0.4499,1,1,0,0.567,0.191,0.809,0,0,0.0,5,DESCENT_PHASE,-0.691,-0.4519
333,11.314,1.1181,-3.1211,4.3954,-0.6324,-0.4107,-0.4248,4.375,0.857,4.282,0.3973,-3.5847,0.2,0.0,0.0,0.0,-0.4017,-0.2571,-0.4119,0.6302,-0.4373,1,1,0,0.563,0.183,0.817,0,0,0.0,5,DESCENT_PHASE,-0.6324,-0.4107
334,11.34,1.1066,-3.1285,4.3869,-0.5741,-0.3711,-0.4289,4.367,0.843,4.271,0.3973,-3.5847,0.2,0.0,0.0,0.0,-0.4176,-0.2679,-0.4048,0.6403,-0.456,1,1,0,0.565,0.189,0.811,0,0,0.0,5,DESCENT_PHASE,-0.5741,-0.3711
335,11.368,1.0962,-3.1352,4.3782,-0.519,-0.3322,-0.4314,4.358,0.831,4.26,0.3973,-3.5847,0.2,0.0,0.0,0.0,-0.4328,-0.2788,-0.4006,0.6524,-0.4715,1,1,0,0.567,0.193,0.807,0,0,0.0,5,DESCENT_PHASE,-0.519,-0.3322
336,11.394,1.0869,-3.1411,4.3696,-0.4659,-0.2964,-0.4328,4.35,0.82,4.249,0.3973,-3.5847,0.2,0.0,0.0,0.0,-0.4479,-0.289,-0.3982,0.6653,-0.4455,1,1,0,0.563,0.192,0.808,0,0,0.0,5,DESCENT_PHASE,-0.4659,-0.2964
337,11.421,1.0786,-3.1464,4.3609,-0.4171,-0.2644,-0.4332,4.341,0.81,4.239,0.3973,-3.5847,0.2,0.0,0.0,0.0,-0.4618,-0.2983,-0.3976,0.6785,-0.4672,1,1,0,0.568,0.2,0.8,0,0,0.0,5,DESCENT_PHASE,-0.4171,-0.2644
338,11.447,1.0711,-3.1511,4.3522,-0.3748,-0.2351,-0.4328,4.332,0.801,4.229,0.3973,-3.5847,0.2,0.0,0.0,0.0,-0.474,-0.3069,-0.3982,0.691,-0.4441,1,1,0,0.566,0.203,0.797,0,0,0.0,5,DESCENT_PHASE,-0.3748,-0.2351
339,11.474,1.0644,-3.1553,4.3436,-0.3358,-0.2102,-0.4319,4.324,0.793,4.219,0.3973,-3.5847,0.2,0.0,0.0,0.0,-0.4855,-0.3143,-0.3997,0.703,-0.4746,1,1,0,0.571,0.21,0.79,0,0,0.0,5,DESCENT_PHASE,-0.3358,-0.2102
340,11.502,1.0583,-3.1591,4.335,-0.303,-0.1879,-0.4294,4.315,0.786,4.209,0.3973,-3.5847,0.2,0.0,0.0,0.0,-0.4951,-0.321,-0.404,0.7151,-0.4442,1,1,0,0.574,0.216,0.784,0,0,0.0,5,DESCENT_PHASE,-0.303,-0.1879
341,11.528,1.0528,-3.1625,4.3265,-0.2774,-0.1714,-0.4268,4.306,0.78,4.199,0.3973,-3.5847,0.2,0.0,0.0,0.0,-0.5026,-0.3259,-0.4084,0.725,-0.4742,1,1,0,0.582,0.234,0.766,0,0,0.0,5,DESCENT_PHASE,-0.2774,-0.1714
342,11.554,1.0476,-3.1657,4.318,-0.2569,-0.158,-0.4234,4.298,0.774,4.19,0.3973,-3.5847,0.2,0.0,0.0,0.0,-0.5086,-0.33,-0.4141,0.7342,-0.4421,1,1,0,0.586,0.239,0.761,0,0,0.0,5,DESCENT_PHASE,-0.2569,-0.158
343,11.58,1.0428,-3.1687,4.3096,-0.2436,-0.1509,-0.4211,4.29,0.768,4.181,0.3973,-3.5847,0.2,0.0,0.0,0.0,-0.5125,-0.3322,-0.4181,0.7401,-0.4725,1,1,0,0.597,0.247,0.753,0,0,0.0,5,DESCENT_PHASE,-0.2436,-0.1509
344,11.608,1.038,-3.1716,4.3012,-0.2355,-0.1471,-0.4184,4.281,0.762,4.171,0.3973,-3.5847,0.2,0.0,0.0,0.0,-0.5147,-0.3333,-0.4227,0.7447,-0.4388,1,1,0,0.602,0.255,0.745,0,0,0.0,5,DESCENT_PHASE,-0.2355,-0.1471
345,11.632,1.0334,-3.1746,4.2929,-0.2346,-0.1495,-0.417,4.273,0.757,4.162,0.3973,-3.5847,0.2,0.0,0.0,0.0,-0.5147,-0.3324,-0.4252,0.7458,-0.4149,1,1,0,0.606,0.255,0.745,0,0,0.0,5,DESCENT_PHASE,-0.2346,-0.1495
346,11.656,1.0286,-3.1777,4.2846,-0.2392,-0.1553,-0.4162,4.265,0.751,4.153,0.3973,-3.5847,0.2,0.0,0.0,0.0,-0.5131,-0.3304,-0.4265,0.7445,-0.4401,1,1,0,0.613,0.259,0.741,0,0,0.0,5,DESCENT_PHASE,-0.2392,-0.1553
347,11.68,1.0236,-3.181,4.2763,-0.2474,-0.163,-0.4152,4.256,0.745,4.144,0.3973,-3.5847,0.2,0.0,0.0,0.0,-0.5102,-0.3277,-0.4282,0.7424,-0.3976,1,1,0,0.614,0.261,0.739,0,0,0.0,5,DESCENT_PHASE,-0.2474,-0.163
348,11.704,1.0184,-3.1845,4.2679,-0.261,-0.1744,-0.4156,4.248,0.739,4.135,0.3973,-3.5847,0.2,0.0,0.0,0.0,-0.5057,-0.3238,-0.4275,0.7371,-0.4223,1,1,0,0.62,0.262,0.738,0,0,0.0,5,DESCENT_PHASE,-0.261,-0.1744
349,11.73,1.0128,-3.1882,4.2596,-0.2782,-0.1865,-0.416,4.24,0.732,4.125,0.3973,-3.5847,0.2,0.0,0.0,0.0,-0.5,-0.3197,-0.4268,0.731,-0.3931,1,1,0,0.621,0.267,0.733,0,0,0.0,5,DESCENT_PHASE,-0.2782,-0.1865
350,11.756,1.0069,-3.1922,4.2513,-0.2975,-0.2014,-0.4175,4.231,0.725,4.116,0.3973,-3.5847,0.2,0.0,0.0,0.0,-0.4935,-0.3146,-0.4243,0.7229,-0.4159,1,1,0,0.625,0.272,0.728,0,0,0.0,5,DESCENT_PHASE,-0.2975,-0.2014
351,11.782,1.0005,-3.1966,4.2429,-0.3188,-0.2168,-0.4176,4.223,0.717,4.106,0.3973,-3.5847,0.2,0.0,0.0,0.0,-0.4864,-0.3092,-0.424,0.7155,-0.3972,1,1,0,0.625,0.271,0.729,0,0,0.0,5,DESCENT_PHASE,-0.3188,-0.2168
352,11.808,0.9937,-3.2012,4.2346,-0.34,-0.234,-0.4186,4.215,0.709,4.096,0.3973,-3.5847,0.2,0.0,0.0,0.0,-0.4792,-0.3031,-0.4224,0.7071,-0.391,1,1,0,0.624,0.267,0.733,0,0,0.0,5,DESCENT_PHASE,-0.34,-0.234
353,11.835,0.9865,-3.2063,4.2262,-0.363,-0.2512,-0.4202,4.206,0.7,4.087,0.3973,-3.5847,0.2,0.0,0.0,0.0,-0.4714,-0.2969,-0.4196,0.6974,-0.3965,1,1,0,0.624,0.271,0.729,0,0,0.0,5,DESCENT_PHASE,-0.363,-0.2512
354,11.86,0.9787,-3.2116,4.2177,-0.3859,-0.2679,-0.4208,4.198,0.691,4.077,0.3973,-3.5847,0.2,0.0,0.0,0.0,-0.4635,-0.2907,-0.4186,0.6889,-0.3764,1,1,0,0.619,0.264,0.736,0,0,0.0,5,DESCENT_PHASE,-0.3859,-0.2679
355,11.886,0.9706,-3.2173,4.2093,-0.407,-0.2841,-0.4212,4.189,0.681,4.067,0.3973,-3.5847,0.2,0.0,0.0,0.0,-0.4561,-0.2846,-0.418,0.681,-0.4016,1,1,0,0.618,0.263,0.737,0,0,0.0,5,DESCENT_PHASE,-0.407,-0.2841
356,11.912,0.962,-3.2233,4.2009,-0.4291,-0.2978,-0.4211,4.181,0.67,4.057,0.3973,-3.5847,0.2,0.0,0.0,0.0,-0.4483,-0.2793,-0.4181,0.6736,-0.3747,1,1,0,0.612,0.255,0.745,0,0,0.0,5,DESCENT_PHASE,-0.4291,-0.2978
357,11.939,0.953,-3.2295,4.1925,-0.4489,-0.3107,-0.421,4.172,0.66,4.047,0.3973,-3.5847,0.2,0.0,0.0,0.0,-0.4411,-0.2741,-0.4183,0.6668,-0.4088,1,1,0,0.611,0.253,0.747,0,0,0.0,5,DESCENT_PHASE,-0.4489,-0.3107
358,11.965,0.9437,-3.2359,4.1841,-0.4666,-0.3202,-0.4208,4.164,0.648,4.036,0.3973,-3.5847,0.2,0.0,0.0,0.0,-0.4345,-0.2699,-0.4186,0.661,-0.3732,1,1,0,0.605,0.243,0.757,0,0,0.0,5,DESCENT_PHASE,-0.4666,-0.3202
359,11.99,0.934,-3.2424,4.1756,-0.4828,-0.329,-0.4204,4.156,0.637,4.026,0.3973,-3.5847,0.2,0.0,0.0,0.0,-0.4283,-0.266,-0.4193,0.6558,-0.4111,1,1,0,0.604,0.247,0.753,0,0,0.0,5,DESCENT_PHASE,-0.4828,-0.329
360,12.016,0.9241,-3.2491,4.1672,-0.4957,-0.3337,-0.4202,4.147,0.625,4.016,0.3973,-3.5847,0.2,0.0,0.0,0.0,-0.4231,-0.2634,-0.4197,0.6515,-0.3959,1,1,0,0.601,0.248,0.752,0,0,0.0,5,DESCENT_PHASE,-0.4957,-0.3337
361,12.042,0.914,-3.2559,4.1588,-0.5071,-0.3374,-0.4197,4.139,0.612,4.006,0.3973,-3.5847,0.2,0.0,0.0,0.0,-0.4183,-0.2612,-0.4205,0.6481,-0.4328,1,1,0,0.604,0.254,0.746,0,0,0.0,5,DESCENT_PHASE,-0.5071,-0.3374
362,12.068,0.9037,-3.2626,4.1504,-0.5147,-0.3383,-0.4198,4.13,0.6,3.996,0.3973,-3.5847,0.2,0.0,0.0,0.0,-0.4147,-0.2599,-0.4204,0.6451,-0.3894,1,1,0,0.603,0.25,0.75,0,0,0.0,5,DESCENT_PHASE,-0.5147,-0.3383
363,12.095,0.8933,-3.2694,4.1421,-0.5203,-0.3399,-0.4187,4.122,0.588,3.986,0.3973,-3.5847,0.2,0.0,0.0,0.0,-0.4117,-0.2585,-0.4222,0.6439,-0.419,1,1,0,0.605,0.254,0.746,0,0,0.0,5,DESCENT_PHASE,-0.5203,-0.3399
364,12.121,0.8828,-3.2762,4.1337,-0.5221,-0.3389,-0.4184,4.114,0.575,3.976,0.3973,-3.5847,0.2,0.0,0.0,0.0,-0.41,-0.2579,-0.4227,0.6429,-0.3745,1,1,0,0.601,0.245,0.755,0,0,0.0,5,DESCENT_PHASE,-0.5221,-0.3389
365,12.148,0.8724,-3.283,4.1253,-0.5219,-0.3378,-0.4179,4.105,0.563,3.965,0.3973,-3.5847,0.2,0.0,0.0,0.0,-0.409,-0.2574,-0.4235,0.6425,-0.4089,1,1,0,0.602,0.249,0.751,0,0,0.0,5,DESCENT_PHASE,-0.5219,-0.3378
366,12.173,0.8621,-3.2896,4.117,-0.518,-0.3336,-0.4186,4.097,0.551,3.955,0.3973,-3.5847,0.2,0.0,0.0,0.0,-0.3992,-0.2517,-0.4224,0.6333,-0.3852,1,1,0,0.598,0.244,0.756,0,0,0.0,5,DESCENT_PHASE,-0.518,-0.3336
367,12.199,0.8518,-3.2962,4.1086,-0.5119,-0.329,-0.4178,4.089,0.538,3.946,0.3973,-3.5847,0.2,0.0,0.0,0.0,-0.3874,-0.2444,-0.4238,0.624,-0.4126,1,1,0,0.6,0.248,0.752,0,0,0.0,5,DESCENT_PHASE,-0.5119,-0.329
368,12.226,0.8417,-3.3027,4.1003,-0.5056,-0.322,-0.4176,4.08,0.526,3.936,0.3973,-3.5847,0.2,0.0,0.0,0.0,-0.3759,-0.2381,-0.4241,0.6147,-0.3942,1,1,0,0.597,0.241,0.759,0,0,0.0,5,DESCENT_PHASE,-0.5056,-0.322
369,12.252,0.8318,-3.3089,4.0919,-0.496,-0.3145,-0.4184,4.072,0.515,3.926,0.3973,-3.5847,0.2,0.0,0.0,0.0,-0.3659,-0.2323,-0.4227,0.6054,-0.421,1,1,0,0.6,0.244,0.756,0,0,0.0,5,DESCENT_PHASE,-0.496,-0.3145
370,12.277,0.8221,-3.315,4.0835,-0.4857,-0.3048,-0.4177,4.064,0.503,3.916,0.3973,-3.5847,0.2,0.0,0.0,0.0,-0.3564,-0.2275,-0.424,0.5988,-0.3994,1,1,0,0.596,0.241,0.759,0,0,0.0,5,DESCENT_PHASE,-0.4857,-0.3048
371,12.303,0.8126,-3.3209,4.0752,-0.4731,-0.295,-0.4179,4.055,0.492,3.906,0.3973,-3.5847,0.2,0.0,0.0,0.0,-0.3481,-0.223,-0.4236,0.592,-0.4241,1,1,0,0.6,0.242,0.758,0,0,0.0,5,DESCENT_PHASE,-0.4731,-0.295
372,12.328,0.8034,-3.3266,4.0668,-0.4611,-0.2836,-0.4179,4.047,0.481,3.897,0.3973,-3.5847,0.2,0.0,0.0,0.0,-0.3401,-0.2195,-0.4235,0.5859,-0.4023,1,1,0,0.597,0.236,0.764,0,0,0.0,5,DESCENT_PHASE,-0.4611,-0.2836
373,12.355,0.7945,-3.3321,4.0585,-0.4463,-0.2723,-0.4184,4.038,0.471,3.887,0.3973,-3.5847,0.2,0.0,0.0,0.0,-0.3334,-0.2163,-0.4228,0.5803,-0.4322,1,1,0,0.601,0.242,0.758,0,0,0.0,5,DESCENT_PHASE,-0.4463,-0.2723
374,12.382,0.7858,-3.3373,4.0501,-0.4317,-0.2598,-0.4184,4.03,0.461,3.878,0.3973,-3.5847,0.2,0.0,0.0,0.0,-0.3272,-0.2139,-0.4227,0.5757,-0.4099,1,1,0,0.599,0.242,0.758,0,0,0.0,5,DESCENT_PHASE,-0.4317,-0.2598
375,12.407,0.7775,-3.3422,4.0417,-0.4157,-0.248,-0.4194,4.022,0.451,3.868,0.3973,-3.5847,0.2,0.0,0.0,0.0,-0.322,-0.2116,-0.421,0.5707,-0.427,1,1,0,0.603,0.244,0.756,0,0,0.0,5,DESCENT_PHASE,-0.4157,-0.248
376,12.432,0.7695,-3.3469,4.0333,-0.4009,-0.2354,-0.4189,4.013,0.442,3.859,0.3973,-3.5847,0.2,0.0,0.0,0.0,-0.3167,-0.2099,-0.4219,0.5678,-0.4049,1,1,0,0.602,0.245,0.755,0,0,0.0,5,DESCENT_PHASE,-0.4009,-0.2354
377,12.457,0.7618,-3.3514,4.0249,-0.3846,-0.2238,-0.4191,4.005,0.433,3.849,0.3973,-3.5847,0.2,0.0,0.0,0.0,-0.3125,-0.2083,-0.4215,0.5645,-0.4274,1,1,0,0.608,0.255,0.745,0,0,0.0,5,DESCENT_PHASE,-0.3846,-0.2238
378,12.483,0.7544,-3.3556,4.0166,-0.3695,-0.212,-0.4195,3.997,0.424,3.84,0.3973,-3.5847,0.2,0.0,0.0,0.0,-0.3084,-0.207,-0.4209,0.5613,-0.4007,1,1,0,0.607,0.247,0.753,0,0,0.0,5,DESCENT_PHASE,-0.3695,-0.212
379,12.508,0.7474,-3.3597,4.0082,-0.3525,-0.2019,-0.4196,3.988,0.416,3.831,0.3973,-3.5847,0.2,0.0,0.0,0.0,-0.3054,-0.2055,-0.4206,0.5589,-0.431,1,1,0,0.613,0.253,0.747,0,0,0.0,5,DESCENT_PHASE,-0.3525,-0.2019
380,12.532,0.7406,-3.3635,3.9998,-0.3366,-0.1919,-0.4196,3.98,0.408,3.822,0.3973,-3.5847,0.2,0.0,0.0,0.0,-0.3025,-0.2042,-0.4206,0.5569,-0.3967,1,1,0,0.612,0.254,0.746,0,0,0.0,5,DESCENT_PHASE,-0.3366,-0.1919
381,12.555,0.7342,-3.3672,3.9914,-0.3212,-0.1843,-0.4195,3.971,0.401,3.813,0.3973,-3.5847,0.2,0.0,0.0,0.0,-0.2998,-0.2022,-0.4209,0.5549,-0.4222,1,1,0,0.619,0.251,0.749,0,0,0.0,5,DESCENT_PHASE,-0.3212,-0.1843
382,12.579,0.728,-3.3707,3.983,-0.3078,-0.177,-0.4199,3.963,0.394,3.803,0.3973,-3.5847,0.2,0.0,0.0,0.0,-0.2968,-0.2003,-0.4202,0.5521,-0.4028,1,1,0,0.619,0.254,0.746,0,0,0.0,5,DESCENT_PHASE,-0.3078,-0.177
383,12.604,0.7222,-3.3742,3.9746,-0.2935,-0.172,-0.4196,3.955,0.387,3.794,0.3973,-3.5847,0.2,0.0,0.0,0.0,-0.2945,-0.1977,-0.4207,0.5502,-0.4337,1,1,0,0.626,0.267,0.733,0,0,0.0,5,DESCENT_PHASE,-0.2935,-0.172
384,12.629,0.7165,-3.3775,3.9662,-0.2814,-0.1674,-0.4193,3.946,0.381,3.785,0.3973,-3.5847,0.2,0.0,0.0,0.0,-0.2917,-0.195,-0.4212,0.5482,-0.4131,1,1,0,0.627,0.271,0.729,0,0,0.0,5,DESCENT_PHASE,-0.2814,-0.1674
385,12.655,0.7112,-3.3808,3.9578,-0.2686,-0.1652,-0.4197,3.938,0.374,3.776,0.3973,-3.5847,0.2,0.0,0.0,0.0,-0.2896,-0.1916,-0.4205,0.5453,-0.4055,1,1,0,0.628,0.266,0.734,0,0,0.0,5,DESCENT_PHASE,-0.2686,-0.1652
386,12.68,0.706,-3.3841,3.9494,-0.2579,-0.1637,-0.4193,3.929,0.368,3.767,0.3973,-3.5847,0.2,0.0,0.0,0.0,-0.287,-0.1879,-0.4212,0.5431,-0.412,1,1,0,0.628,0.272,0.728,0,0,0.0,5,DESCENT_PHASE,-0.2579,-0.1637
387,12.705,0.7011,-3.3874,3.941,-0.2478,-0.1627,-0.4191,3.921,0.362,3.759,0.3973,-3.5847,0.2,0.0,0.0,0.0,-0.2844,-0.184,-0.4215,0.5407,-0.4065,1,1,0,0.63,0.269,0.731,0,0,0.0,5,DESCENT_PHASE,-0.2478,-0.1627
388,12.73,0.6962,-3.3906,3.9327,-0.2407,-0.1623,-0.4189,3.913,0.356,3.75,0.3973,-3.5847,0.2,0.0,0.0,0.0,-0.2808,-0.1799,-0.4218,0.5377,-0.3992,1,1,0,0.628,0.271,0.729,0,0,0.0,5,DESCENT_PHASE,-0.2407,-0.1623
389,12.755,0.6916,-3.3939,3.9243,-0.2342,-0.1625,-0.4193,3.904,0.351,3.741,0.3973,-3.5847,0.2,0.0,0.0,0.0,-0.2772,-0.1756,-0.4212,0.534,-0.4247,1,1,0,0.632,0.275,0.725,0,0,0.0,5,DESCENT_PHASE,-0.2342,-0.1625
390,12.781,0.6869,-3.3971,3.9159,-0.2312,-0.1624,-0.4187,3.896,0.345,3.732,0.3973,-3.5847,0.2,0.0,0.0,0.0,-0.2724,-0.1715,-0.4223,0.531,-0.4012,1,1,0,0.63,0.268,0.732,0,0,0.0,5,DESCENT_PHASE,-0.2312,-0.1624
391,12.806,0.6824,-3.4004,3.9075,-0.2286,-0.1636,-0.4185,3.888,0.339,3.723,0.3973,-3.5847,0.2,0.0,0.0,0.0,-0.2675,-0.1667,-0.4226,0.5272,-0.4275,1,1,0,0.634,0.275,0.725,0,0,0.0,5,DESCENT_PHASE,-0.2286,-0.1636
392,12.831,0.6778,-3.4037,3.8992,-0.2285,-0.1645,-0.4185,3.879,0.334,3.714,0.3973,-3.5847,0.2,0.0,0.0,0.0,-0.2616,-0.1621,-0.4226,0.5227,-0.4081,1,1,0,0.633,0.274,0.726,0,0,0.0,5,DESCENT_PHASE,-0.2285,-0.1645
393,12.857,0.6732,-3.407,3.8908,-0.2277,-0.1667,-0.4192,3.871,0.328,3.705,0.3973,-3.5847,0.2,0.0,0.0,0.0,-0.256,-0.1569,-0.4214,0.5174,-0.4132,1,1,0,0.635,0.272,0.728,0,0,0.0,5,DESCENT_PHASE,-0.2277,-0.1667
394,12.882,0.6687,-3.4104,3.8824,-0.229,-0.1689,-0.4185,3.862,0.323,3.697,0.3973,-3.5847,0.2,0.0,0.0,0.0,-0.2495,-0.1516,-0.4226,0.5136,-0.3916,1,1,0,0.631,0.271,0.729,0,0,0.0,5,DESCENT_PHASE,-0.229,-0.1689
395,12.908,0.6641,-3.4138,3.874,-0.23,-0.1712,-0.4185,3.854,0.317,3.688,0.3973,-3.5847,0.2,0.0,0.0,0.0,-0.2431,-0.1463,-0.4226,0.509,-0.4149,1,1,0,0.633,0.274,0.726,0,0,0.0,5,DESCENT_PHASE,-0.23,-0.1712
396,12.933,0.6594,-3.4173,3.8657,-0.2333,-0.1722,-0.4186,3.846,0.311,3.679,0.3973,-3.5847,0.2,0.0,0.0,0.0,-0.2357,-0.1414,-0.4223,0.5039,-0.389,1,1,0,0.63,0.274,0.726,0,0,0.0,5,DESCENT_PHASE,-0.2333,-0.1722
397,12.958,0.6547,-3.4207,3.8573,-0.2357,-0.1736,-0.4185,3.837,0.305,3.67,0.3973,-3.5847,0.2,0.0,0.0,0.0,-0.2286,-0.1364,-0.4225,0.4994,-0.4123,1,1,0,0.633,0.272,0.728,0,0,0.0,5,DESCENT_PHASE,-0.2357,-0.1736
398,12.984,0.6499,-3.4242,3.8489,-0.2392,-0.1734,-0.4185,3.829,0.299,3.661,0.3973,-3.5847,0.2,0.0,0.0,0.0,-0.221,-0.1319,-0.4225,0.4947,-0.3911,1,1,0,0.631,0.276,0.724,0,0,0.0,5,DESCENT_PHASE,-0.2392,-0.1734
399,13.009,0.6451,-3.4277,3.8406,-0.2405,-0.1736,-0.4185,3.821,0.293,3.652,0.3973,-3.5847,0.2,0.0,0.0,0.0,-0.2142,-0.1273,-0.4226,0.4906,-0.4149,1,1,0,0.635,0.277,0.723,0,0,0.0,5,DESCENT_PHASE,-0.2405,-0.1736
400,13.034,0.6402,-3.4311,3.8322,-0.2425,-0.1726,-0.4185,3.812,0.287,3.644,0.3973,-3.5847,0.2,0.0,0.0,0.0,-0.2071,-0.1232,-0.4226,0.4865,-0.3935,1,1,0,0.633,0.278,0.722,0,0,0.0,5,DESCENT_PHASE,-0.2425,-0.1726
401,13.059,0.6354,-3.4346,3.8238,-0.242,-0.1721,-0.4185,3.804,0.281,3.635,0.3973,-3.5847,0.2,0.0,0.0,0.0,-0.201,-0.1189,-0.4225,0.4828,-0.4094,1,1,0,0.636,0.281,0.719,0,0,0.0,5,DESCENT_PHASE,-0.242,-0.1721
402,13.085,0.6306,-3.438,3.8154,-0.2418,-0.1706,-0.4188,3.795,0.276,3.626,0.3973,-3.5847,0.2,0.0,0.0,0.0,-0.1948,-0.115,-0.422,0.4788,-0.389,1,1,0,0.633,0.278,0.722,0,0,0.0,5,DESCENT_PHASE,-0.2418,-0.1706
403,13.111,0.6258,-3.4414,3.8071,-0.2391,-0.1693,-0.4183,3.787,0.27,3.617,0.3973,-3.5847,0.2,0.0,0.0,0.0,-0.1897,-0.1112,-0.4229,0.4766,-0.4159,1,1,0,0.636,0.274,0.726,0,0,0.0,5,DESCENT_PHASE,-0.2391,-0.1693
404,13.136,0.621,-3.4447,3.7987,-0.2366,-0.1666,-0.4183,3.779,0.264,3.608,0.3973,-3.5847,0.2,0.0,0.0,0.0,-0.1845,-0.1079,-0.4229,0.4739,-0.3962,1,1,0,0.634,0.275,0.725,0,0,0.0,5,DESCENT_PHASE,-0.2366,-0.1666
405,13.162,0.6164,-3.448,3.7903,-0.2313,-0.1641,-0.4184,3.77,0.258,3.6,0.3973,-3.5847,0.2,0.0,0.0,0.0,-0.1806,-0.1046,-0.4227,0.4714,-0.4255,1,1,0,0.638,0.278,0.722,0,0,0.0,5,DESCENT_PHASE,-0.2313,-0.1641
406,13.187,0.6119,-3.4512,3.782,-0.2261,-0.1605,-0.4183,3.762,0.253,3.591,0.3973,-3.5847,0.2,0.0,0.0,0.0,-0.1768,-0.1019,-0.4229,0.4696,-0.4058,1,1,0,0.636,0.277,0.723,0,0,0.0,5,DESCENT_PHASE,-0.2261,-0.1605
407,13.213,0.6075,-3.4543,3.7736,-0.219,-0.1576,-0.419,3.754,0.247,3.582,0.3973,-3.5847,0.2,0.0,0.0,0.0,-0.174,-0.099,-0.4217,0.4668,-0.421,1,1,0,0.639,0.278,0.722,0,0,0.0,5,DESCENT_PHASE,-0.219,-0.1576
408,13.239,0.6033,-3.4574,3.7652,-0.2131,-0.1539,-0.4183,3.745,0.242,3.573,0.3973,-3.5847,0.2,0.0,0.0,0.0,-0.1709,-0.0965,-0.4228,0.4661,-0.3991,1,1,0,0.636,0.278,0.722,0,0,0.0,5,DESCENT_PHASE,-0.2131,-0.1539
409,13.265,0.5991,-3.4604,3.7569,-0.2054,-0.1504,-0.4184,3.737,0.237,3.565,0.3973,-3.5847,0.2,0.0,0.0,0.0,-0.1687,-0.094,-0.4227,0.4648,-0.424,1,1,0,0.64,0.278,0.722,0,0,0.0,5,DESCENT_PHASE,-0.2054,-0.1504
410,13.291,0.5952,-3.4633,3.7485,-0.1987,-0.1458,-0.4184,3.728,0.232,3.556,0.3973,-3.5847,0.2,0.0,0.0,0.0,-0.1663,-0.0922,-0.4227,0.4634,-0.402,1,1,0,0.638,0.273,0.727,0,0,0.0,5,DESCENT_PHASE,-0.1987,-0.1458
411,13.316,0.5914,-3.4662,3.7401,-0.1899,-0.1416,-0.4187,3.72,0.227,3.547,0.3973,-3.5847,0.2,0.0,0.0,0.0,-0.1649,-0.0902,-0.4222,0.4622,-0.4324,1,1,0,0.642,0.283,0.717,0,0,0.0,5,DESCENT_PHASE,-0.1899,-0.1416
412,13.342,0.5877,-3.4689,3.7317,-0.1819,-0.1365,-0.4186,3.712,0.223,3.539,0.3973,-3.5847,0.2,0.0,0.0,0.0,-0.1635,-0.0888,-0.4224,0.4615,-0.41,1,1,0,0.64,0.277,0.723,0,0,0.0,5,DESCENT_PHASE,-0.1819,-0.1365
413,13.367,0.5843,-3.4715,3.7234,-0.1732,-0.1325,-0.4187,3.703,0.219,3.53,0.3973,-3.5847,0.2,0.0,0.0,0.0,-0.1626,-0.087,-0.4223,0.4608,-0.4304,1,1,0,0.644,0.278,0.722,0,0,0.0,5,DESCENT_PHASE,-0.1732,-0.1325
414,13.393,0.5809,-3.4741,3.715,-0.1666,-0.1282,-0.4186,3.695,0.214,3.522,0.3973,-3.5847,0.2,0.0,0.0,0.0,-0.161,-0.0855,-0.4224,0.46,-0.4085,1,1,0,0.642,0.277,0.723,0,0,0.0,5,DESCENT_PHASE,-0.1666,-0.1282
415,13.418,0.5778,-3.4766,3.7066,-0.1592,-0.1248,-0.4186,3.687,0.21,3.513,0.3973,-3.5847,0.2,0.0,0.0,0.0,-0.16,-0.0836,-0.4224,0.4594,-0.4343,1,1,0,0.646,0.284,0.716,0,0,0.0,5,DESCENT_PHASE,-0.1592,-0.1248
416,13.444,0.5747,-3.479,3.6983,-0.1538,-0.1209,-0.4186,3.678,0.206,3.504,0.3973,-3.5847,0.2,0.0,0.0,0.0,-0.1582,-0.0821,-0.4223,0.4584,-0.4127,1,1,0,0.645,0.285,0.715,0,0,0.0,5,DESCENT_PHASE,-0.1538,-0.1209
417,13.469,0.5717,-3.4814,3.6899,-0.1473,-0.1183,-0.4188,3.67,0.203,3.496,0.3973,-3.5847,0.2,0.0,0.0,0.0,-0.1572,-0.0802,-0.4221,0.4575,-0.4197,1,1,0,0.646,0.284,0.716,0,0,0.0,5,DESCENT_PHASE,-0.1473,-0.1183
418,13.495,0.5689,-3.4837,3.6815,-0.1424,-0.1153,-0.4186,3.662,0.199,3.487,0.3973,-3.5847,0.2,0.0,0.0,0.0,-0.1556,-0.0784,-0.4224,0.4569,-0.3983,1,1,0,0.643,0.283,0.717,0,0,0.0,5,DESCENT_PHASE,-0.1424,-0.1153
419,13.52,0.5662,-3.4859,3.6731,-0.1365,-0.1123,-0.4186,3.653,0.196,3.479,0.3973,-3.5847,0.2,0.0,0.0,0.0,-0.1545,-0.0768,-0.4224,0.4563,-0.4245,1,1,0,0.645,0.278,0.722,0,0,0.0,5,DESCENT_PHASE,-0.1365,-0.1123
420,13.545,0.5635,-3.4881,3.6648,-0.1325,-0.1077,-0.4186,3.645,0.192,3.47,0.3973,-3.5847,0.2,0.0,0.0,0.0,-0.1528,-0.076,-0.4223,0.4555,-0.4035,1,1,0,0.642,0.283,0.717,0,0,0.0,5,DESCENT_PHASE,-0.1325,-0.1077
421,13.571,0.561,-3.4902,3.6564,-0.1271,-0.1033,-0.4188,3.636,0.189,3.462,0.3973,-3.5847,0.2,0.0,0.0,0.0,-0.1517,-0.0752,-0.4221,0.4548,-0.4338,1,1,0,0.644,0.283,0.717,0,0,0.0,5,DESCENT_PHASE,-0.1271,-0.1033
422,13.596,0.5585,-3.4921,3.648,-0.1234,-0.0975,-0.4187,3.628,0.186,3.453,0.3973,-3.5847,0.2,0.0,0.0,0.0,-0.1501,-0.0751,-0.4223,0.4544,-0.4127,1,1,0,0.642,0.284,0.716,0,0,0.0,5,DESCENT_PHASE,-0.1234,-0.0975
423,13.622,0.5561,-3.494,3.6396,-0.1196,-0.0925,-0.4186,3.62,0.183,3.445,0.3973,-3.5847,0.2,0.0,0.0,0.0,-0.1487,-0.0748,-0.4224,0.454,-0.4386,1,1,0,0.645,0.286,0.714,0,0,0.0,5,DESCENT_PHASE,-0.1196,-0.0925
424,13.647,0.5537,-3.4957,3.6313,-0.1186,-0.0868,-0.4186,3.611,0.18,3.436,0.3973,-3.5847,0.2,0.0,0.0,0.0,-0.146,-0.0749,-0.4224,0.4532,-0.4179,1,1,0,0.643,0.288,0.712,0,0,0.0,5,DESCENT_PHASE,-0.1186,-0.0868
425,13.673,0.5514,-3.4973,3.6229,-0.1173,-0.0822,-0.4191,3.603,0.177,3.427,0.3973,-3.5847,0.2,0.0,0.0,0.0,-0.1436,-0.0748,-0.4215,0.4515,-0.4391,1,1,0,0.647,0.29,0.71,0,0,0.0,5,DESCENT_PHASE,-0.1173,-0.0822
426,13.696,0.549,-3.4989,3.6145,-0.1184,-0.077,-0.4186,3.595,0.174,3.419,0.3973,-3.5847,0.2,0.0,0.0,0.0,-0.1401,-0.075,-0.4225,0.4514,-0.4154,1,1,0,0.646,0.282,0.718,0,0,0.0,5,DESCENT_PHASE,-0.1184,-0.077
427,13.719,0.5466,-3.5003,3.6062,-0.1189,-0.0731,-0.4185,3.586,0.172,3.41,0.3973,-3.5847,0.2,0.0,0.0,0.0,-0.1369,-0.0748,-0.4225,0.4504,-0.4377,1,1,0,0.65,0.286,0.714,0,0,0.0,5,DESCENT_PHASE,-0.1189,-0.0731
428,13.742,0.5442,-3.5017,3.5978,-0.1218,-0.0688,-0.4186,3.578,0.169,3.402,0.3973,-3.5847,0.2,0.0,0.0,0.0,-0.1326,-0.0748,-0.4225,0.449,-0.4137,1,1,0,0.65,0.281,0.719,0,0,0.0,5,DESCENT_PHASE,-0.1218,-0.0688
429,13.765,0.5417,-3.503,3.5894,-0.1237,-0.066,-0.4186,3.569,0.166,3.393,0.3973,-3.5847,0.2,0.0,0.0,0.0,-0.1286,-0.0743,-0.4225,0.4478,-0.4361,1,1,0,0.655,0.289,0.711,0,0,0.0,5,DESCENT_PHASE,-0.1237,-0.066
430,13.789,0.5392,-3.5043,3.581,-0.1275,-0.063,-0.4186,3.561,0.163,3.385,0.3973,-3.5847,0.2,0.0,0.0,0.0,-0.1237,-0.0739,-0.4224,0.4463,-0.4102,1,1,0,0.655,0.292,0.708,0,0,0.0,5,DESCENT_PHASE,-0.1275,-0.063
431,13.812,0.5366,-3.5055,3.5727,-0.1302,-0.0618,-0.4186,3.553,0.16,3.376,0.3973,-3.5847,0.2,0.0,0.0,0.0,-0.1193,-0.0729,-0.4224,0.445,-0.433,1,1,0,0.661,0.301,0.699,0,0,0.0,5,DESCENT_PHASE,-0.1302,-0.0618
432,13.836,0.5339,-3.5068,3.5643,-0.1341,-0.0606,-0.4186,3.544,0.157,3.368,0.3973,-3.5847,0.2,0.0,0.0,0.0,-0.0774,-0.0494,-0.4223,0.4322,-0.4081,1,1,0,0.662,0.3,0.7,0,0,0.0,5,DESCENT_PHASE,-0.1341,-0.0606
433,13.859,0.5312,-3.508,3.5559,-0.1362,-0.0613,-0.4188,3.536,0.154,3.359,0.3973,-3.5847,0.2,0.0,0.0,0.0,-0.0355,-0.026,-0.422,0.4243,-0.4027,1,1,0,0.663,0.305,0.695,0,0,0.0,5,DESCENT_PHASE,-0.1362,-0.0613
434,13.883,0.5284,-3.5092,3.5475,-0.1392,-0.0622,-0.4188,3.528,0.151,3.351,0.3973,-3.5847,0.2,0.0,0.0,0.0,0.0065,-0.0027,-0.4221,0.4221,-0.3831,1,1,0,0.661,0.304,0.696,0,0,0.0,5,DESCENT_PHASE,-0.1392,-0.0622
435,13.906,0.5256,-3.5105,3.5392,-0.1408,-0.063,-0.4187,3.519,0.148,3.342,0.3973,-3.5847,0.2,0.0,0.0,0.0,0.0485,0.0205,-0.4222,0.4255,-0.0116,1,1,0,0.664,0.307,0.693,0,0,0.0,5,DESCENT_PHASE,-0.1408,-0.063
436,13.931,0.5228,-3.5117,3.5308,-0.139,-0.0617,-0.418,3.511,0.145,3.334,0.3973,-3.5847,0.2,0.0,0.0,0.0,0.0589,0.0261,-0.4233,0.4282,0.0224,1,1,0,0.663,0.299,0.701,0,0,0.0,5,DESCENT_PHASE,-0.139,-0.0617
437,13.956,0.5201,-3.5129,3.5224,-0.1357,-0.0612,-0.4178,3.502,0.142,3.325,0.3973,-3.5847,0.2,0.0,0.0,0.0,0.0576,0.026,-0.4238,0.4285,-0.0005,1,1,0,0.666,0.298,0.702,0,0,0.0,5,DESCENT_PHASE,-0.1357,-0.0612
438,13.981,0.5175,-3.5141,3.5141,-0.1292,-0.0589,-0.4175,3.494,0.139,3.317,0.3973,-3.5847,0.2,0.0,0.0,0.0,0.0549,0.025,-0.4243,0.4286,0.0262,1,1,0,0.664,0.3,0.7,0,0,0.0,5,DESCENT_PHASE,-0.1292,-0.0589
439,14.006,0.5151,-3.5152,3.5058,-0.1194,-0.0565,-0.4174,3.486,0.137,3.309,0.3973,-3.5847,0.2,0.0,0.0,0.0,0.0508,0.0241,-0.4245,0.4282,-0.0039,1,1,0,0.667,0.305,0.695,0,0,0.0,5,DESCENT_PHASE,-0.1194,-0.0565
440,14.031,0.513,-3.5163,3.4974,-0.1077,-0.0518,-0.4175,3.477,0.134,3.3,0.3973,-3.5847,0.2,0.0,0.0,0.0,0.0459,0.0221,-0.4242,0.4272,0.0234,1,1,0,0.665,0.298,0.702,0,0,0.0,5,DESCENT_PHASE,-0.1077,-0.0518
441,14.056,0.5111,-3.5172,3.4891,-0.094,-0.0473,-0.4176,3.469,0.132,3.292,0.3973,-3.5847,0.2,0.0,0.0,0.0,0.0401,0.0202,-0.4241,0.4265,-0.0142,1,1,0,0.668,0.303,0.697,0,0,0.0,5,DESCENT_PHASE,-0.094,-0.0473
442,14.082,0.5095,-3.518,3.4807,-0.0789,-0.0407,-0.418,3.461,0.131,3.283,0.3973,-3.5847,0.2,0.0,0.0,0.0,0.0337,0.0173,-0.4234,0.4251,0.0188,1,1,0,0.667,0.296,0.704,0,0,0.0,5,DESCENT_PHASE,-0.0789,-0.0407
443,14.107,0.5082,-3.5187,3.4723,-0.0641,-0.035,-0.4182,3.452,0.129,3.275,0.3973,-3.5847,0.2,0.0,0.0,0.0,0.0273,0.015,-0.423,0.4242,-0.019,1,1,0,0.671,0.302,0.698,0,0,0.0,5,DESCENT_PHASE,-0.0641,-0.035
444,14.135,0.5073,-3.5193,3.464,-0.048,-0.0276,-0.4187,3.444,0.128,3.266,0.3973,-3.5847,0.2,0.0,0.0,0.0,0.0205,0.0118,-0.4222,0.4229,0.0139,1,1,0,0.67,0.306,0.694,0,0,0.0,5,DESCENT_PHASE,-0.048,-0.0276
445,14.165,0.5066,-3.5197,3.4556,-0.0323,-0.0216,-0.419,3.436,0.127,3.258,0.3973,-3.5847,0.2,0.0,0.0,0.0,0.0138,0.0092,-0.4216,0.422,-0.0186,1,1,0,0.673,0.312,0.688,0,0,0.0,5,DESCENT_PHASE,-0.0323,-0.0216
446,14.198,0.5063,-3.52,3.4472,-0.0155,-0.0142,-0.4195,3.427,0.127,3.25,0.3973,-3.5847,0.2,0.0,0.0,0.0,0.0066,0.0061,-0.4208,0.4209,0.0028,1,1,0,0.672,0.311,0.689,0,0,0.0,5,DESCENT_PHASE,-0.0155,-0.0142
447,14.231,0.5063,-3.5202,3.4388,0.0006,-0.0082,-0.4196,3.419,0.127,3.241,0.3973,-3.5847,0.2,0.0,0.0,0.0,-0.0003,0.0035,-0.4206,0.4207,-0.0153,1,1,0,0.675,0.316,0.684,0,0,0.0,5,DESCENT_PHASE,0.0006,-0.0082
448,14.265,0.5066,-3.5202,3.4304,0.0145,-0.0017,-0.4196,3.41,0.127,3.233,0.3973,-3.5847,0.2,0.0,0.0,0.0,-0.0062,0.0007,-0.4207,0.4207,-0.0011,1,1,0,0.673,0.304,0.696,0,0,0.0,5,DESCENT_PHASE,0.0145,-0.0017
449,14.299,0.5072,-3.5201,3.422,0.0281,0.0036,-0.4195,3.402,0.127,3.225,0.3973,-3.5847,0.2,0.0,0.0,0.0,-0.012,-0.0015,-0.4208,0.421,-0.013,1,1,0,0.675,0.307,0.693,0,0,0.0,5,DESCENT_PHASE,0.0281,0.0036
450,14.332,0.5079,-3.52,3.4136,0.0381,0.0091,-0.4194,3.394,0.128,3.216,0.3973,-3.5847,0.2,0.0,0.0,0.0,-0.0163,-0.0039,-0.421,0.4213,0.0008,1,1,0,0.672,0.313,0.687,0,0,0.0,5,DESCENT_PHASE,0.0381,0.0091
451,14.366,0.5089,-3.5197,3.4052,0.0476,0.0135,-0.4192,3.385,0.129,3.208,0.3973,-3.5847,0.2,0.0,0.0,0.0,-0.0203,-0.0058,-0.4214,0.4219,-0.0108,1,1,0,0.673,0.317,0.683,0,0,0.0,5,DESCENT_PHASE,0.0476,0.0135
452,14.4,0.5099,-3.5193,3.3969,0.0532,0.0182,-0.419,3.377,0.13,3.2,0.3973,-3.5847,0.2,0.0,0.0,0.0,-0.0227,-0.0078,-0.4216,0.4223,0.0008,1,1,0,0.67,0.31,0.69,0,0,0.0,5,DESCENT_PHASE,0.0532,0.0182
453,14.433,0.5111,-3.5189,3.3885,0.0579,0.022,-0.4187,3.368,0.131,3.191,0.3973,-3.5847,0.2,0.0,0.0,0.0,-0.0247,-0.0094,-0.4222,0.423,-0.0107,1,1,0,0.672,0.306,0.694,0,0,0.0,5,DESCENT_PHASE,0.0579,0.022
454,14.465,0.5123,-3.5184,3.3801,0.0583,0.0259,-0.4188,3.36,0.133,3.183,0.3973,-3.5847,0.2,0.0,0.0,0.0,-0.0249,-0.011,-0.4221,0.423,-0.0167,1,1,0,0.672,0.311,0.689,0,0,0.0,5,DESCENT_PHASE,0.0583,0.0259
455,14.497,0.5134,-3.5178,3.3717,0.0577,0.0289,-0.4184,3.352,0.134,3.175,0.3973,-3.5847,0.2,0.0,0.0,0.0,-0.0246,-0.0123,-0.4228,0.4237,-0.028,1,1,0,0.676,0.315,0.685,0,0,0.0,5,DESCENT_PHASE,0.0577,0.0289
456,14.528,0.5145,-3.5172,3.3634,0.0536,0.0305,-0.4185,3.343,0.135,3.166,0.3973,-3.5847,0.2,0.0,0.0,0.0,-0.0228,-0.013,-0.4226,0.4234,-0.0003,1,1,0,0.675,0.317,0.683,0,0,0.0,5,DESCENT_PHASE,0.0536,0.0305
457,14.558,0.5155,-3.5166,3.355,0.0491,0.0298,-0.4184,3.335,0.136,3.158,0.3973,-3.5847,0.2,0.0,0.0,0.0,-0.0209,-0.0127,-0.4227,0.4234,-0.0259,1,1,0,0.68,0.331,0.669,0,0,0.0,5,DESCENT_PHASE,0.0491,0.0298
458,14.586,0.5163,-3.516,3.3466,0.0433,0.029,-0.4184,3.327,0.137,3.15,0.3973,-3.5847,0.2,0.0,0.0,0.0,-0.0184,-0.0123,-0.4227,0.4232,0.005,1,1,0,0.679,0.329,0.671,0,0,0.0,5,DESCENT_PHASE,0.0433,0.029
459,14.614,0.5171,-3.5155,3.3383,0.0376,0.026,-0.4184,3.318,0.138,3.141,0.3973,-3.5847,0.2,0.0,0.0,0.0,-0.016,-0.011,-0.4227,0.4231,-0.0331,1,1,0,0.684,0.338,0.662,0,0,0.0,5,DESCENT_PHASE,0.0376,0.026
460,14.642,0.5177,-3.515,3.3299,0.0314,0.0233,-0.4184,3.31,0.139,3.133,0.3973,-3.5847,0.2,0.0,0.0,0.0,-0.0134,-0.0099,-0.4228,0.4231,0.0067,1,1,0,0.684,0.338,0.662,0,0,0.0,5,DESCENT_PHASE,0.0314,0.0233
461,14.67,0.5182,-3.5147,3.3215,0.0247,0.0178,-0.4187,3.302,0.14,3.125,0.3973,-3.5847,0.2,0.0,0.0,0.0,-0.0105,-0.0076,-0.4222,0.4224,-0.0219,1,1,0,0.688,0.343,0.657,0,0,0.0,5,DESCENT_PHASE,0.0247,0.0178
462,14.696,0.5186,-3.5144,3.3131,0.0183,0.0128,-0.4186,3.293,0.14,3.116,0.3973,-3.5847,0.2,0.0,0.0,0.0,-0.0078,-0.0054,-0.4224,0.4225,0.0182,1,1,0,0.686,0.336,0.664,0,0,0.0,5,DESCENT_PHASE,0.0183,0.0128
463,14.722,0.5188,-3.5143,3.3048,0.0114,0.0059,-0.4188,3.285,0.14,3.108,0.3973,-3.5847,0.2,0.0,0.0,0.0,-0.0049,-0.0025,-0.422,0.422,-0.0193,1,1,0,0.69,0.343,0.657,0,0,0.0,5,DESCENT_PHASE,0.0114,0.0059
464,14.746,0.5189,-3.5143,3.2964,0.0047,0.0004,-0.4188,3.276,0.141,3.1,0.3973,-3.5847,0.2,0.0,0.0,0.0,-0.002,-0.0002,-0.4221,0.4221,0.0211,1,1,0,0.689,0.344,0.656,0,0,0.0,5,DESCENT_PHASE,0.0047,0.0004
465,14.77,0.5189,-3.5144,3.288,-0.0016,-0.0067,-0.4188,3.268,0.14,3.091,0.3973,-3.5847,0.2,0.0,0.0,0.0,0.0007,0.0028,-0.422,0.422,-0.0243,1,1,0,0.693,0.348,0.652,0,0,0.0,5,DESCENT_PHASE,-0.0016,-0.0067
466,14.795,0.5187,-3.5147,3.2796,-0.0069,-0.0122,-0.4189,3.26,0.14,3.083,0.3973,-3.5847,0.2,0.0,0.0,0.0,0.0029,0.0052,-0.4219,0.4219,0.0161,1,1,0,0.692,0.344,0.656,0,0,0.0,5,DESCENT_PHASE,-0.0069,-0.0122
467,14.819,0.5185,-3.515,3.2713,-0.0118,-0.0197,-0.4193,3.251,0.14,3.074,0.3973,-3.5847,0.2,0.0,0.0,0.0,0.005,0.0084,-0.4212,0.4213,0.0097,1,1,0,0.693,0.345,0.655,0,0,0.0,5,DESCENT_PHASE,-0.0118,-0.0197
468,14.843,0.5182,-3.5156,3.2629,-0.0158,-0.0259,-0.4191,3.243,0.139,3.066,0.3973,-3.5847,0.2,0.0,0.0,0.0,0.0067,0.011,-0.4215,0.4217,0.0344,1,1,0,0.69,0.341,0.659,0,0,0.0,5,DESCENT_PHASE,-0.0158,-0.0259
469,14.868,0.5178,-3.5162,3.2545,-0.0188,-0.0314,-0.4188,3.234,0.139,3.058,0.3973,-3.5847,0.2,0.0,0.0,0.0,0.008,0.0134,-0.422,0.4223,-0.0059,1,1,0,0.692,0.344,0.656,0,0,0.0,5,DESCENT_PHASE,-0.0188,-0.0314
470,14.893,0.5174,-3.5169,3.2461,-0.0215,-0.0341,-0.4187,3.226,0.138,3.049,0.3973,-3.5847,0.2,0.0,0.0,0.0,0.0091,0.0145,-0.4222,0.4225,0.0342,1,1,0,0.689,0.341,0.659,0,0,0.0,5,DESCENT_PHASE,-0.0215,-0.0341
471,14.918,0.5169,-3.5176,3.2378,-0.024,-0.0373,-0.4186,3.218,0.137,3.041,0.3973,-3.5847,0.2,0.0,0.0,0.0,0.0102,0.0159,-0.4224,0.4228,-0.0109,1,1,0,0.692,0.346,0.654,0,0,0.0,5,DESCENT_PHASE,-0.024,-0.0373
472,14.942,0.5164,-3.5184,3.2294,-0.0258,-0.0377,-0.4186,3.209,0.136,3.032,0.3973,-3.5847,0.2,0.0,0.0,0.0,0.011,0.0161,-0.4224,0.4228,0.0291,1,1,0,0.69,0.345,0.655,0,0,0.0,5,DESCENT_PHASE,-0.0258,-0.0377
473,14.966,0.5158,-3.5192,3.221,-0.0273,-0.0391,-0.4185,3.201,0.135,3.024,0.3973,-3.5847,0.2,0.0,0.0,0.0,0.0116,0.0166,-0.4226,0.4231,-0.016,1,1,0,0.693,0.344,0.656,0,0,0.0,5,DESCENT_PHASE,-0.0273,-0.0391
474,14.989,0.5153,-3.5199,3.2126,-0.0282,-0.0381,-0.4185,3.193,0.135,3.016,0.3973,-3.5847,0.2,0.0,0.0,0.0,0.012,0.0162,-0.4225,0.423,0.024,1,1,0,0.692,0.344,0.656,0,0,0.0,5,DESCENT_PHASE,-0.0282,-0.0381
475,15.011,0.5147,-3.5207,3.2043,-0.0288,-0.0383,-0.4185,3.184,0.134,3.007,0.3973,-3.5847,0.2,0.0,0.0,0.0,0.0123,0.0163,-0.4226,0.4231,-0.0171,1,1,0,0.696,0.348,0.652,0,0,0.0,5,DESCENT_PHASE,-0.0288,-0.0383
476,15.033,0.5141,-3.5214,3.1959,-0.0288,-0.0367,-0.4185,3.176,0.133,2.999,0.3973,-3.5847,0.2,0.0,0.0,0.0,0.0123,0.0156,-0.4226,0.4231,0.0227,1,1,0,0.695,0.35,0.65,0,0,0.0,5,DESCENT_PHASE,-0.0288,-0.0367
477,15.059,0.5136,-3.5221,3.1875,-0.0281,-0.0364,-0.4184,3.168,0.132,2.99,0.3973,-3.5847,0.2,0.0,0.0,0.0,0.012,0.0155,-0.4226,0.4231,-0.0218,1,1,0,0.699,0.351,0.649,0,0,0.0,5,DESCENT_PHASE,-0.0281,-0.0364
478,15.087,0.513,-3.5228,3.1792,-0.0265,-0.0342,-0.4184,3.159,0.131,2.982,0.3973,-3.5847,0.2,0.0,0.0,0.0,0.0113,0.0146,-0.4227,0.4231,0.0178,1,1,0,0.699,0.354,0.646,0,0,0.0,5,DESCENT_PHASE,-0.0265,-0.0342
479,15.115,0.5125,-3.5235,3.1708,-0.024,-0.0339,-0.4185,3.151,0.13,2.974,0.3973,-3.5847,0.2,0.0,0.0,0.0,0.0103,0.0144,-0.4225,0.4228,-0.0086,1,1,0,0.7,0.352,0.648,0,0,0.0,5,DESCENT_PHASE,-0.024,-0.0339
480,15.143,0.5121,-3.5241,3.1624,-0.0207,-0.032,-0.4185,3.142,0.13,2.965,0.3973,-3.5847,0.2,0.0,0.0,0.0,0.0088,0.0136,-0.4226,0.4229,0.0278,1,1,0,0.698,0.35,0.65,0,0,0.0,5,DESCENT_PHASE,-0.0207,-0.032
481,15.171,0.5118,-3.5248,3.1541,-0.0179,-0.0308,-0.4184,3.134,0.129,2.957,0.3973,-3.5847,0.2,0.0,0.0,0.0,0.0076,0.0131,-0.4227,0.423,-0.0165,1,1,0,0.7,0.354,0.646,0,0,0.0,5,DESCENT_PHASE,-0.0179,-0.0308
482,15.2,0.5115,-3.5253,3.1457,-0.0152,-0.0273,-0.4184,3.126,0.129,2.948,0.3973,-3.5847,0.2,0.0,0.0,0.0,0.0065,0.0117,-0.4226,0.4229,0.0228,1,1,0,0.699,0.35,0.65,0,0,0.0,5,DESCENT_PHASE,-0.0152,-0.0273
483,15.228,0.5112,-3.5258,3.1373,-0.0126,-0.0252,-0.4185,3.117,0.128,2.94,0.3973,-3.5847,0.2,0.0,0.0,0.0,0.0054,0.0107,-0.4226,0.4227,-0.0214,1,1,0,0.702,0.352,0.648,0,0,0.0,5,DESCENT_PHASE,-0.0126,-0.0252
484,15.257,0.511,-3.5262,3.1289,-0.0101,-0.0211,-0.4185,3.109,0.128,2.932,0.3973,-3.5847,0.2,0.0,0.0,0.0,0.0043,0.009,-0.4226,0.4227,0.0179,1,1,0,0.701,0.352,0.648,0,0,0.0,5,DESCENT_PHASE,-0.0101,-0.0211
485,15.286,0.5109,-3.5266,3.1206,-0.0077,-0.0188,-0.4185,3.101,0.128,2.923,0.3973,-3.5847,0.2,0.0,0.0,0.0,0.0033,0.008,-0.4226,0.4227,-0.0264,1,1,0,0.704,0.356,0.644,0,0,0.0,5,DESCENT_PHASE,-0.0077,-0.0188
486,15.315,0.5108,-3.5269,3.1122,-0.0053,-0.015,-0.4185,3.092,0.127,2.915,0.3973,-3.5847,0.2,0.0,0.0,0.0,0.0023,0.0064,-0.4225,0.4226,0.0129,1,1,0,0.704,0.358,0.642,0,0,0.0,5,DESCENT_PHASE,-0.0053,-0.015
487,15.344,0.5107,-3.5272,3.1038,-0.0028,-0.0133,-0.4187,3.084,0.127,2.907,0.3973,-3.5847,0.2,0.0,0.0,0.0,0.0012,0.0057,-0.4223,0.4223,-0.0269,1,1,0,0.707,0.36,0.64,0,0,0.0,5,DESCENT_PHASE,-0.0028,-0.0133
488,15.373,0.5107,-3.5274,3.0955,-0.0003,-0.0106,-0.4185,3.075,0.127,2.898,0.3973,-3.5847,0.2,0.0,0.0,0.0,0.0001,0.0045,-0.4225,0.4225,0.0123,1,1,0,0.706,0.358,0.642,0,0,0.0,5,DESCENT_PHASE,-0.0003,-0.0106
489,15.402,0.5107,-3.5276,3.0871,0.0021,-0.01,-0.4185,3.067,0.127,2.89,0.3973,-3.5847,0.2,0.0,0.0,0.0,-0.0009,0.0043,-0.4225,0.4225,-0.0308,1,1,0,0.71,0.361,0.639,0,0,0.0,5,DESCENT_PHASE,0.0021,-0.01
490,15.431,0.5108,-3.5278,3.0787,0.0041,-0.0084,-0.4185,3.059,0.127,2.882,0.3973,-3.5847,0.2,0.0,0.0,0.0,-0.0018,0.0036,-0.4225,0.4225,0.0084,1,1,0,0.709,0.359,0.641,0,0,0.0,5,DESCENT_PHASE,0.0041,-0.0084
491,15.46,0.5109,-3.5279,3.0703,0.0062,-0.0094,-0.4188,3.05,0.127,2.873,0.3973,-3.5847,0.2,0.0,0.0,0.0,-0.0026,0.004,-0.422,0.422,-0.0109,1,1,0,0.711,0.361,0.639,0,0,0.0,5,DESCENT_PHASE,0.0062,-0.0094
492,15.488,0.5111,-3.5281,3.062,0.0079,-0.0096,-0.4185,3.042,0.127,2.865,0.3973,-3.5847,0.2,0.0,0.0,0.0,-0.0034,0.0041,-0.4225,0.4225,0.0282,1,1,0,0.708,0.357,0.643,0,0,0.0,5,DESCENT_PHASE,0.0079,-0.0096
493,15.516,0.5113,-3.5284,3.0536,0.0093,-0.0107,-0.4185,3.034,0.127,2.856,0.3973,-3.5847,0.2,0.0,0.0,0.0,-0.004,0.0046,-0.4226,0.4226,-0.0159,1,1,0,0.71,0.357,0.643,0,0,0.0,5,DESCENT_PHASE,0.0093,-0.0107
494,15.544,0.5115,-3.5285,3.0452,0.0099,-0.0094,-0.4185,3.025,0.127,2.848,0.3973,-3.5847,0.2,0.0,0.0,0.0,-0.0042,0.004,-0.4226,0.4226,0.0233,1,1,0,0.708,0.354,0.646,0,0,0.0,5,DESCENT_PHASE,0.0099,-0.0094
495,15.573,0.5117,-3.5287,3.0369,0.0102,-0.0095,-0.4186,3.017,0.127,2.84,0.3973,-3.5847,0.2,0.0,0.0,0.0,-0.0043,0.0041,-0.4224,0.4224,-0.0206,1,1,0,0.71,0.359,0.641,0,0,0.0,5,DESCENT_PHASE,0.0102,-0.0095
496,15.607,0.5119,-3.5289,3.0285,0.0098,-0.0077,-0.4185,3.008,0.127,2.831,0.3973,-3.5847,0.2,0.0,0.0,0.0,-0.0042,0.0033,-0.4226,0.4226,0.0186,1,1,0,0.708,0.358,0.642,0,0,0.0,5,DESCENT_PHASE,0.0098,-0.0077
497,15.641,0.5121,-3.529,3.0201,0.0093,-0.0075,-0.4185,3.0,0.128,2.823,0.3973,-3.5847,0.2,0.0,0.0,0.0,-0.004,0.0032,-0.4226,0.4226,-0.0255,1,1,0,0.711,0.36,0.64,0,0,0.0,5,DESCENT_PHASE,0.0093,-0.0075
498,15.67,0.5122,-3.5291,3.0118,0.0082,-0.0059,-0.4185,2.992,0.128,2.815,0.3973,-3.5847,0.2,0.0,0.0,0.0,-0.0035,0.0025,-0.4226,0.4226,0.0137,1,1,0,0.71,0.36,0.64,0,0,0.0,5,DESCENT_PHASE,0.0082,-0.0059
499,15.702,0.5124,-3.5293,3.0034,0.0071,-0.0063,-0.4185,2.983,0.128,2.806,0.3973,-3.5847,0.2,0.0,0.0,0.0,-0.003,0.0027,-0.4225,0.4225,-0.0296,1,1,0,0.714,0.364,0.636,0,0,0.0,5,DESCENT_PHASE,0.0071,-0.0063
500,15.731,0.5125,-3.5294,2.995,0.0056,-0.0056,-0.4185,2.975,0.128,2.798,0.3973,-3.5847,0.2,0.0,0.0,0.0,-0.0024,0.0024,-0.4225,0.4225,0.0095,1,1,0,0.713,0.362,0.638,0,0,0.0,5,DESCENT_PHASE,0.0056,-0.0056
501,15.761,0.5126,-3.5295,2.9866,0.0044,-0.0074,-0.4187,2.967,0.128,2.79,0.3973,-3.5847,0.2,0.0,0.0,0.0,-0.0019,0.0032,-0.4222,0.4222,-0.0149,1,1,0,0.717,0.366,0.634,0,0,0.0,5,DESCENT_PHASE,0.0044,-0.0074
502,15.79,0.5126,-3.5297,2.9783,0.0029,-0.0084,-0.4185,2.958,0.128,2.781,0.3973,-3.5847,0.2,0.0,0.0,0.0,-0.0012,0.0036,-0.4225,0.4225,0.0242,1,1,0,0.717,0.365,0.635,0,0,0.0,5,DESCENT_PHASE,0.0029,-0.0084
503,15.818,0.5127,-3.5299,2.9699,0.0026,-0.0106,-0.4186,2.95,0.128,2.773,0.3973,-3.5847,0.2,0.0,0.0,0.0,-0.0011,0.0045,-0.4223,0.4223,-0.0109,1,1,0,0.719,0.37,0.63,0,0,0.0,5,DESCENT_PHASE,0.0026,-0.0106
504,15.844,0.5127,-3.5301,2.9615,0.003,-0.0108,-0.4185,2.942,0.128,2.764,0.3973,-3.5847,0.2,0.0,0.0,0.0,-0.0013,0.0046,-0.4225,0.4226,0.0275,1,1,0,0.718,0.365,0.635,0,0,0.0,5,DESCENT_PHASE,0.003,-0.0108
505,15.874,0.5128,-3.5304,2.9532,0.0037,-0.012,-0.4186,2.933,0.128,2.756,0.3973,-3.5847,0.2,0.0,0.0,0.0,-0.0016,0.0051,-0.4224,0.4225,-0.0153,1,1,0,0.72,0.367,0.633,0,0,0.0,5,DESCENT_PHASE,0.0037,-0.012
506,15.902,0.5129,-3.5306,2.9448,0.0041,-0.0108,-0.4185,2.925,0.128,2.748,0.3973,-3.5847,0.2,0.0,0.0,0.0,-0.0018,0.0046,-0.4225,0.4226,0.0229,1,1,0,0.719,0.363,0.637,0,0,0.0,5,DESCENT_PHASE,0.0041,-0.0108
507,15.931,0.513,-3.5308,2.9364,0.0052,-0.0109,-0.4185,2.916,0.128,2.739,0.3973,-3.5847,0.2,0.0,0.0,0.0,-0.0022,0.0047,-0.4226,0.4226,-0.0197,1,1,0,0.723,0.37,0.63,0,0,0.0,5,DESCENT_PHASE,0.0052,-0.0109
508,15.963,0.5131,-3.531,2.928,0.0059,-0.0092,-0.4185,2.908,0.128,2.731,0.3973,-3.5847,0.2,0.0,0.0,0.0,-0.0025,0.0039,-0.4225,0.4226,0.0182,1,1,0,0.722,0.368,0.632,0,0,0.0,5,DESCENT_PHASE,0.0059,-0.0092
509,15.995,0.5133,-3.5312,2.9197,0.0076,-0.009,-0.4187,2.9,0.128,2.723,0.3973,-3.5847,0.2,0.0,0.0,0.0,-0.0032,0.0038,-0.4222,0.4222,-0.0182,1,1,0,0.724,0.373,0.627,0,0,0.0,5,DESCENT_PHASE,0.0076,-0.009
510,16.026,0.5135,-3.5313,2.9113,0.0091,-0.0073,-0.4185,2.891,0.128,2.714,0.3973,-3.5847,0.2,0.0,0.0,0.0,-0.0039,0.0031,-0.4225,0.4225,0.0193,1,1,0,0.723,0.368,0.632,0,0,0.0,5,DESCENT_PHASE,0.0091,-0.0073
511,16.057,0.5137,-3.5315,2.9029,0.0109,-0.0071,-0.4185,2.883,0.128,2.706,0.3973,-3.5847,0.2,0.0,0.0,0.0,-0.0046,0.003,-0.4225,0.4226,-0.0226,1,1,0,0.726,0.374,0.626,0,0,0.0,5,DESCENT_PHASE,0.0109,-0.0071
512,16.089,0.5139,-3.5316,2.8946,0.0118,-0.0053,-0.4185,2.875,0.128,2.698,0.3973,-3.5847,0.2,0.0,0.0,0.0,-0.005,0.0023,-0.4225,0.4225,0.0147,1,1,0,0.725,0.371,0.629,0,0,0.0,5,DESCENT_PHASE,0.0118,-0.0053
513,16.121,0.5142,-3.5317,2.8862,0.0133,-0.0053,-0.4186,2.866,0.128,2.689,0.3973,-3.5847,0.2,0.0,0.0,0.0,-0.0057,0.0023,-0.4225,0.4225,-0.0265,1,1,0,0.728,0.377,0.623,0,0,0.0,5,DESCENT_PHASE,0.0133,-0.0053
514,16.153,0.5145,-3.5318,2.8778,0.0141,-0.0042,-0.4185,2.858,0.129,2.681,0.3973,-3.5847,0.2,0.0,0.0,0.0,-0.006,0.0018,-0.4225,0.4225,0.0105,1,1,0,0.727,0.375,0.625,0,0,0.0,5,DESCENT_PHASE,0.0141,-0.0042
515,16.186,0.5148,-3.5319,2.8694,0.0156,-0.0051,-0.4187,2.849,0.129,2.673,0.3973,-3.5847,0.2,0.0,0.0,0.0,-0.0067,0.0022,-0.4222,0.4222,-0.0218,1,1,0,0.728,0.38,0.62,0,0,0.0,5,DESCENT_PHASE,0.0156,-0.0051
516,16.217,0.5151,-3.532,2.8611,0.0166,-0.0053,-0.4185,2.841,0.129,2.664,0.3973,-3.5847,0.2,0.0,0.0,0.0,-0.0071,0.0022,-0.4225,0.4226,0.0147,1,1,0,0.726,0.373,0.627,0,0,0.0,5,DESCENT_PHASE,0.0166,-0.0053
517,16.248,0.5154,-3.5321,2.8527,0.0171,-0.0071,-0.4186,2.833,0.129,2.656,0.3973,-3.5847,0.2,0.0,0.0,0.0,-0.0073,0.003,-0.4224,0.4224,-0.0121,1,1,0,0.727,0.375,0.625,0,0,0.0,5,DESCENT_PHASE,0.0171,-0.0071
518,16.284,0.5158,-3.5323,2.8443,0.0157,-0.0078,-0.4185,2.824,0.13,2.648,0.3973,-3.5847,0.2,0.0,0.0,0.0,-0.0067,0.0033,-0.4226,0.4226,0.0246,1,1,0,0.725,0.369,0.631,0,0,0.0,5,DESCENT_PHASE,0.0157,-0.0078
519,16.318,0.516,-3.5325,2.836,0.0145,-0.0095,-0.4186,2.816,0.13,2.639,0.3973,-3.5847,0.2,0.0,0.0,0.0,-0.0062,0.0041,-0.4225,0.4225,-0.0163,1,1,0,0.727,0.373,0.627,0,0,0.0,5,DESCENT_PHASE,0.0145,-0.0095
520,16.353,0.5163,-3.5326,2.8276,0.012,-0.0092,-0.4185,2.808,0.13,2.631,0.3973,-3.5847,0.2,0.0,0.0,0.0,-0.0051,0.0039,-0.4226,0.4226,0.0203,1,1,0,0.725,0.367,0.633,0,0,0.0,5,DESCENT_PHASE,0.012,-0.0092
521,16.389,0.5165,-3.5328,2.8192,0.0099,-0.0102,-0.4185,2.799,0.13,2.622,0.3973,-3.5847,0.2,0.0,0.0,0.0,-0.0042,0.0044,-0.4226,0.4226,-0.0204,1,1,0,0.728,0.372,0.628,0,0,0.0,5,DESCENT_PHASE,0.0099,-0.0102
522,16.42,0.5166,-3.533,2.8108,0.0067,-0.0097,-0.4185,2.791,0.13,2.614,0.3973,-3.5847,0.2,0.0,0.0,0.0,-0.0029,0.0041,-0.4225,0.4225,0.0159,1,1,0,0.727,0.369,0.631,0,0,0.0,5,DESCENT_PHASE,0.0067,-0.0097
523,16.452,0.5167,-3.5332,2.8025,0.0041,-0.0108,-0.4186,2.782,0.13,2.606,0.3973,-3.5847,0.2,0.0,0.0,0.0,-0.0018,0.0046,-0.4224,0.4224,-0.0243,1,1,0,0.73,0.375,0.625,0,0,0.0,5,DESCENT_PHASE,0.0041,-0.0108
524,16.485,0.5167,-3.5335,2.7941,0.0007,-0.0106,-0.4186,2.774,0.13,2.597,0.3973,-3.5847,0.2,0.0,0.0,0.0,-0.0003,0.0045,-0.4225,0.4225,0.0117,1,1,0,0.729,0.373,0.627,0,0,0.0,5,DESCENT_PHASE,0.0007,-0.0106
525,16.515,0.5167,-3.5337,2.7857,-0.0018,-0.0125,-0.4187,2.766,0.13,2.589,0.3973,-3.5847,0.2,0.0,0.0,0.0,0.0008,0.0053,-0.4222,0.4222,-0.008,1,1,0,0.733,0.38,0.62,0,0,0.0,5,DESCENT_PHASE,-0.0018,-0.0125
526,16.546,0.5166,-3.534,2.7774,-0.005,-0.0134,-0.4186,2.757,0.13,2.581,0.3973,-3.5847,0.2,0.0,0.0,0.0,0.0021,0.0057,-0.4225,0.4225,0.0277,1,1,0,0.732,0.374,0.626,0,0,0.0,5,DESCENT_PHASE,-0.005,-0.0134
527,16.58,0.5164,-3.5343,2.769,-0.0066,-0.015,-0.4186,2.749,0.129,2.572,0.3973,-3.5847,0.2,0.0,0.0,0.0,0.0028,0.0064,-0.4224,0.4225,-0.0115,1,1,0,0.736,0.384,0.616,0,0,0.0,5,DESCENT_PHASE,-0.0066,-0.015
528,16.615,0.5163,-3.5346,2.7606,-0.0082,-0.0144,-0.4185,2.741,0.129,2.564,0.3973,-3.5847,0.2,0.0,0.0,0.0,0.0035,0.0061,-0.4225,0.4226,0.0235,1,1,0,0.737,0.384,0.616,0,0,0.0,5,DESCENT_PHASE,-0.0082,-0.0144
529,16.65,0.5161,-3.5349,2.7522,-0.008,-0.0147,-0.4186,2.732,0.129,2.555,0.3973,-3.5847,0.2,0.0,0.0,0.0,0.0034,0.0063,-0.4225,0.4225,-0.0125,1,1,0,0.74,0.392,0.608,0,0,0.0,5,DESCENT_PHASE,-0.008,-0.0147
530,16.685,0.516,-3.5351,2.7439,-0.0077,-0.0131,-0.4185,2.724,0.129,2.547,0.3973,-3.5847,0.2,0.0,0.0,0.0,0.0033,0.0056,-0.4226,0.4226,0.0218,1,1,0,0.74,0.39,0.61,0,0,0.0,5,DESCENT_PHASE,-0.0077,-0.0131
531,16.724,0.5159,-3.5354,2.7355,-0.0059,-0.0125,-0.4185,2.716,0.128,2.539,0.3973,-3.5847,0.2,0.0,0.0,0.0,0.0025,0.0053,-0.4225,0.4225,-0.0158,1,1,0,0.744,0.399,0.601,0,0,0.0,5,DESCENT_PHASE,-0.0059,-0.0125
532,16.758,0.5158,-3.5356,2.7271,-0.0044,-0.0101,-0.4185,2.707,0.128,2.53,0.3973,-3.5847,0.2,0.0,0.0,0.0,0.0019,0.0043,-0.4225,0.4226,0.0177,1,1,0,0.744,0.399,0.601,0,0,0.0,5,DESCENT_PHASE,-0.0044,-0.0101
533,16.792,0.5157,-3.5358,2.7188,-0.0012,-0.0089,-0.4187,2.699,0.128,2.522,0.3973,-3.5847,0.2,0.0,0.0,0.0,0.0005,0.0038,-0.4222,0.4222,-0.0113,1,1,0,0.744,0.399,0.601,0,0,0.0,5,DESCENT_PHASE,-0.0012,-0.0089
534,16.824,0.5158,-3.5359,2.7104,0.002,-0.0063,-0.4187,2.69,0.128,2.514,0.3973,-3.5847,0.2,0.0,0.0,0.0,-0.0009,0.0027,-0.4222,0.4222,0.0182,1,1,0,0.744,0.397,0.603,0,0,0.0,5,DESCENT_PHASE,0.002,-0.0063
535,16.856,0.5159,-3.536,2.702,0.0048,-0.0046,-0.4187,2.682,0.128,2.505,0.3973,-3.5847,0.2,0.0,0.0,0.0,-0.0021,0.002,-0.4222,0.4223,-0.0142,1,1,0,0.746,0.4,0.6,0,0,0.0,5,DESCENT_PHASE,0.0048,-0.0046
536,16.889,0.516,-3.536,2.6936,0.0072,-0.0013,-0.4186,2.674,0.128,2.497,0.3973,-3.5847,0.2,0.0,0.0,0.0,-0.0031,0.0006,-0.4224,0.4225,0.0181,1,1,0,0.744,0.395,0.605,0,0,0.0,5,DESCENT_PHASE,0.0072,-0.0013
537,16.92,0.5162,-3.536,2.6853,0.01,0.0008,-0.4186,2.665,0.129,2.489,0.3973,-3.5847,0.2,0.0,0.0,0.0,-0.0043,-0.0003,-0.4223,0.4224,-0.0178,1,1,0,0.746,0.399,0.601,0,0,0.0,5,DESCENT_PHASE,0.01,0.0008
538,16.953,0.5164,-3.5359,2.6769,0.0113,0.0044,-0.4186,2.657,0.129,2.48,0.3973,-3.5847,0.2,0.0,0.0,0.0,-0.0048,-0.0019,-0.4224,0.4225,0.0144,1,1,0,0.745,0.395,0.605,0,0,0.0,5,DESCENT_PHASE,0.0113,0.0044
539,16.985,0.5167,-3.5358,2.6685,0.0132,0.0066,-0.4186,2.649,0.129,2.472,0.3973,-3.5847,0.2,0.0,0.0,0.0,-0.0056,-0.0028,-0.4224,0.4224,-0.0212,1,1,0,0.748,0.401,0.599,0,0,0.0,5,DESCENT_PHASE,0.0132,0.0066
540,17.017,0.517,-3.5356,2.6602,0.0139,0.0099,-0.4186,2.64,0.129,2.464,0.3973,-3.5847,0.2,0.0,0.0,0.0,-0.0059,-0.0042,-0.4224,0.4225,0.0106,1,1,0,0.747,0.398,0.602,0,0,0.0,5,DESCENT_PHASE,0.0139,0.0099
541,17.052,0.5173,-3.5353,2.6518,0.0156,0.0115,-0.4187,2.632,0.13,2.455,0.3973,-3.5847,0.2,0.0,0.0,0.0,-0.0067,-0.0049,-0.4222,0.4223,-0.0237,1,1,0,0.75,0.403,0.597,0,0,0.0,5,DESCENT_PHASE,0.0156,0.0115
542,17.088,0.5176,-3.5351,2.6434,0.0164,0.0141,-0.4186,2.623,0.13,2.447,0.3973,-3.5847,0.2,0.0,0.0,0.0,-0.007,-0.006,-0.4224,0.4225,0.0076,1,1,0,0.749,0.401,0.599,0,0,0.0,5,DESCENT_PHASE,0.0164,0.0141
543,17.124,0.518,-3.5348,2.635,0.0181,0.0146,-0.4187,2.615,0.131,2.439,0.3973,-3.5847,0.2,0.0,0.0,0.0,-0.0077,-0.0062,-0.4222,0.4223,-0.0253,1,1,0,0.751,0.404,0.596,0,0,0.0,5,DESCENT_PHASE,0.0181,0.0146
544,17.16,0.5184,-3.5344,2.6267,0.0189,0.0159,-0.4192,2.607,0.131,2.43,0.3973,-3.5847,0.2,0.0,0.0,0.0,-0.0081,-0.0068,-0.4213,0.4215,0.0075,1,1,0,0.749,0.399,0.601,0,0,0.0,5,DESCENT_PHASE,0.0189,0.0159
545,17.196,0.5188,-3.5341,2.6183,0.0204,0.015,-0.4185,2.598,0.132,2.422,0.3973,-3.5847,0.2,0.0,0.0,0.0,-0.0087,-0.0064,-0.4226,0.4227,-0.0237,1,1,0,0.751,0.402,0.598,0,0,0.0,5,DESCENT_PHASE,0.0204,0.015
546,17.232,0.5192,-3.5338,2.6099,0.0203,0.0148,-0.4185,2.59,0.132,2.414,0.3973,-3.5847,0.2,0.0,0.0,0.0,-0.0087,-0.0063,-0.4226,0.4227,0.0104,1,1,0,0.749,0.395,0.605,0,0,0.0,5,DESCENT_PHASE,0.0203,0.0148
547,17.268,0.5196,-3.5336,2.6015,0.0208,0.0126,-0.4185,2.582,0.133,2.405,0.3973,-3.5847,0.2,0.0,0.0,0.0,-0.0089,-0.0054,-0.4226,0.4227,-0.02,1,1,0,0.75,0.395,0.605,0,0,0.0,5,DESCENT_PHASE,0.0208,0.0126
548,17.304,0.52,-3.5334,2.5932,0.0194,0.0113,-0.4185,2.573,0.133,2.397,0.3973,-3.5847,0.2,0.0,0.0,0.0,-0.0083,-0.0048,-0.4226,0.4227,0.0132,1,1,0,0.748,0.392,0.608,0,0,0.0,5,DESCENT_PHASE,0.0194,0.0113
549,17.341,0.5204,-3.5332,2.5848,0.0183,0.0083,-0.4185,2.565,0.133,2.389,0.3973,-3.5847,0.2,0.0,0.0,0.0,-0.0078,-0.0035,-0.4226,0.4227,-0.0165,1,1,0,0.748,0.393,0.607,0,0,0.0,5,DESCENT_PHASE,0.0183,0.0083
550,17.377,0.5207,-3.5331,2.5764,0.015,0.0064,-0.4187,2.556,0.134,2.38,0.3973,-3.5847,0.2,0.0,0.0,0.0,-0.0064,-0.0027,-0.4223,0.4223,0.0132,1,1,0,0.749,0.392,0.608,0,0,0.0,5,DESCENT_PHASE,0.015,0.0064
551,17.416,0.5209,-3.533,2.5681,0.0116,0.0031,-0.4186,2.548,0.134,2.372,0.3973,-3.5847,0.2,0.0,0.0,0.0,-0.0049,-0.0013,-0.4224,0.4225,-0.0155,1,1,0,0.751,0.399,0.601,0,0,0.0,5,DESCENT_PHASE,0.0116,0.0031
552,17.454,0.521,-3.533,2.5597,0.0079,0.0009,-0.4185,2.54,0.134,2.363,0.3973,-3.5847,0.2,0.0,0.0,0.0,-0.0034,-0.0004,-0.4225,0.4225,0.0162,1,1,0,0.75,0.396,0.604,0,0,0.0,5,DESCENT_PHASE,0.0079,0.0009
553,17.493,0.5212,-3.533,2.5513,0.0055,-0.0026,-0.4185,2.531,0.134,2.355,0.3973,-3.5847,0.2,0.0,0.0,0.0,-0.0023,0.0011,-0.4225,0.4225,-0.0122,1,1,0,0.753,0.396,0.604,0,0,0.0,5,DESCENT_PHASE,0.0055,-0.0026
554,17.531,0.5212,-3.5331,2.5429,0.002,-0.0048,-0.4186,2.523,0.134,2.347,0.3973,-3.5847,0.2,0.0,0.0,0.0,-0.0008,0.0021,-0.4224,0.4224,0.019,1,1,0,0.751,0.392,0.608,0,0,0.0,5,DESCENT_PHASE,0.002,-0.0048
555,17.569,0.5212,-3.5333,2.5346,-0.0005,-0.0081,-0.4186,2.515,0.134,2.338,0.3973,-3.5847,0.2,0.0,0.0,0.0,0.0002,0.0034,-0.4224,0.4224,-0.0089,1,1,0,0.753,0.395,0.605,0,0,0.0,5,DESCENT_PHASE,-0.0005,-0.0081
556,17.608,0.5211,-3.5335,2.5262,-0.0045,-0.0098,-0.4188,2.506,0.134,2.33,0.3973,-3.5847,0.2,0.0,0.0,0.0,0.0019,0.0042,-0.4221,0.4221,0.0208,1,1,0,0.753,0.395,0.605,0,0,0.0,5,DESCENT_PHASE,-0.0045,-0.0098
557,17.644,0.5209,-3.5337,2.5178,-0.0077,-0.0122,-0.4186,2.498,0.134,2.322,0.3973,-3.5847,0.2,0.0,0.0,0.0,0.0033,0.0052,-0.4224,0.4224,-0.0065,1,1,0,0.757,0.405,0.595,0,0,0.0,5,DESCENT_PHASE,-0.0077,-0.0122
558,17.681,0.5207,-3.534,2.5095,-0.0114,-0.013,-0.4186,2.489,0.133,2.313,0.3973,-3.5847,0.2,0.0,0.0,0.0,0.0048,0.0055,-0.4224,0.4225,0.0237,1,1,0,0.757,0.404,0.596,0,0,0.0,5,DESCENT_PHASE,-0.0114,-0.013
559,17.715,0.5204,-3.5343,2.5011,-0.013,-0.0143,-0.4185,2.481,0.133,2.305,0.3973,-3.5847,0.2,0.0,0.0,0.0,0.0055,0.0061,-0.4225,0.4226,-0.0035,1,1,0,0.76,0.411,0.589,0,0,0.0,5,DESCENT_PHASE,-0.013,-0.0143
560,17.75,0.5201,-3.5346,2.4927,-0.0154,-0.0138,-0.4185,2.473,0.133,2.297,0.3973,-3.5847,0.2,0.0,0.0,0.0,0.0066,0.0059,-0.4225,0.4226,0.0264,1,1,0,0.759,0.408,0.592,0,0,0.0,5,DESCENT_PHASE,-0.0154,-0.0138
561,17.784,0.5198,-3.5348,2.4843,-0.0162,-0.0135,-0.4185,2.464,0.132,2.288,0.3973,-3.5847,0.2,0.0,0.0,0.0,0.0069,0.0057,-0.4225,0.4226,-0.0005,1,1,0,0.762,0.414,0.586,0,0,0.0,5,DESCENT_PHASE,-0.0162,-0.0135
562,17.819,0.5195,-3.5351,2.476,-0.0181,-0.011,-0.4187,2.456,0.132,2.28,0.3973,-3.5847,0.2,0.0,0.0,0.0,0.0077,0.0047,-0.4223,0.4224,0.0066,1,1,0,0.761,0.41,0.59,0,0,0.0,5,DESCENT_PHASE,-0.0181,-0.011
563,17.852,0.5191,-3.5352,2.4676,-0.0188,-0.0086,-0.4185,2.448,0.131,2.271,0.3973,-3.5847,0.2,0.0,0.0,0.0,0.008,0.0037,-0.4225,0.4226,-0.0233,1,1,0,0.764,0.416,0.584,0,0,0.0,5,DESCENT_PHASE,-0.0188,-0.0086
564,17.888,0.5187,-3.5353,2.4592,-0.0207,-0.0057,-0.419,2.439,0.131,2.263,0.3973,-3.5847,0.2,0.0,0.0,0.0,0.0088,0.0024,-0.4217,0.4218,0.0046,1,1,0,0.763,0.413,0.587,0,0,0.0,5,DESCENT_PHASE,-0.0207,-0.0057
565,17.922,0.5182,-3.5354,2.4508,-0.0212,-0.0047,-0.4189,2.431,0.131,2.255,0.3973,-3.5847,0.2,0.0,0.0,0.0,0.0091,0.002,-0.4219,0.422,-0.0151,1,1,0,0.766,0.419,0.581,0,0,0.0,5,DESCENT_PHASE,-0.0212,-0.0047
566,17.957,0.5178,-3.5355,2.4425,-0.0228,-0.0032,-0.4185,2.422,0.13,2.246,0.3973,-3.5847,0.2,0.0,0.0,0.0,0.0097,0.0014,-0.4225,0.4227,0.0151,1,1,0,0.765,0.415,0.585,0,0,0.0,5,DESCENT_PHASE,-0.0228,-0.0032
567,17.993,0.5173,-3.5356,2.4341,-0.0229,-0.0031,-0.4185,2.414,0.13,2.238,0.3973,-3.5847,0.2,0.0,0.0,0.0,0.0098,0.0013,-0.4225,0.4226,-0.0124,1,1,0,0.767,0.42,0.58,0,0,0.0,5,DESCENT_PHASE,-0.0229,-0.0031
568,18.028,0.5168,-3.5356,2.4257,-0.0243,-0.0016,-0.4186,2.406,0.129,2.229,0.3973,-3.5847,0.2,0.0,0.0,0.0,0.0104,0.0007,-0.4223,0.4224,0.0176,1,1,0,0.767,0.42,0.58,0,0,0.0,5,DESCENT_PHASE,-0.0243,-0.0016
569,18.064,0.5163,-3.5356,2.4174,-0.0247,-0.0012,-0.4185,2.397,0.129,2.221,0.3973,-3.5847,0.2,0.0,0.0,0.0,0.0105,0.0005,-0.4225,0.4227,-0.0101,1,1,2,0.771,0.428,0.572,0,0,0.0,5,DESCENT_PHASE,-0.0247,-0.0012
570,18.102,0.5158,-3.5356,2.4118,-0.0259,0.0019,-0.2768,2.392,0.128,2.216,0.3973,-3.5847,0.2,0.0,0.0,0.0,0.011,-0.0008,-0.6634,0.6635,0.0299,1,1,2,0.77,0.424,0.576,0,0,0.0,5,DESCENT_PHASE,-0.0259,0.0019
571,18.141,0.5154,-3.5355,2.4081,-0.0238,0.0034,-0.1878,2.388,0.128,2.212,0.3973,-3.5847,0.2,0.0,0.0,0.0,0.0102,-0.0015,-0.8147,0.8147,-0.0047,1,1,2,0.772,0.43,0.57,0,0,0.0,5,DESCENT_PHASE,-0.0238,0.0034
572,18.18,0.5149,-3.5354,2.4054,-0.0238,0.0079,-0.1323,2.385,0.128,2.209,0.3973,-3.5847,0.2,0.0,0.0,0.0,0.0102,-0.0034,-0.9091,0.9092,-0.0086,1,1,2,0.77,0.425,0.575,0,0,0.0,5,DESCENT_PHASE,-0.0238,0.0079
573,18.219,0.5144,-3.5351,2.4035,-0.0221,0.0115,-0.0972,2.383,0.127,2.207,0.3973,-3.5847,0.2,0.0,0.0,0.0,0.0094,-0.0049,-0.9688,0.9689,0.0052,1,1,2,0.772,0.43,0.57,0,0,0.0,5,DESCENT_PHASE,-0.0221,0.0115
574,18.257,0.514,-3.5348,2.402,-0.022,0.0141,-0.0755,2.382,0.127,2.206,0.3973,-3.5847,0.2,0.0,0.0,0.0,0.0094,-0.006,-1.0056,1.0057,-0.0267,1,1,2,0.771,0.426,0.574,0,0,0.0,5,DESCENT_PHASE,-0.022,0.0141
575,18.296,0.5136,-3.5345,2.4007,-0.0204,0.0171,-0.0613,2.381,0.127,2.204,0.3973,-3.5847,0.2,0.0,0.0,0.0,0.0087,-0.0073,-1.0298,1.0299,0.0029,1,1,2,0.773,0.43,0.57,0,0,0.0,5,DESCENT_PHASE,-0.0204,0.0171
576,18.335,0.5132,-3.5341,2.3997,-0.0202,0.0177,-0.0523,2.38,0.126,2.203,0.3973,-3.5847,0.2,0.0,0.0,0.0,0.0086,-0.0076,-1.0451,1.0451,-0.0293,1,1,2,0.77,0.424,0.576,0,0,0.0,5,DESCENT_PHASE,-0.0202,0.0177
577,18.374,0.5128,-3.5338,2.3988,-0.0189,0.0186,-0.0467,2.379,0.126,2.202,0.3973,-3.5847,0.2,0.0,0.0,0.0,0.0081,-0.0079,-1.0499,1.05,-0.0003,1,1,2,0.772,0.426,0.574,0,0,0.0,5,DESCENT_PHASE,-0.0189,0.0186
578,18.412,0.5124,-3.5334,2.3979,-0.0191,0.017,-0.0434,2.378,0.126,2.202,0.3973,-3.5847,0.2,0.0,0.0,0.0,0.0082,-0.0073,-1.0499,1.05,-0.008,1,1,2,0.77,0.423,0.577,0,0,0.0,5,DESCENT_PHASE,-0.0191,0.017
579,18.452,0.512,-3.5331,2.3971,-0.0186,0.0154,-0.0411,2.377,0.126,2.201,0.3973,-3.5847,0.2,0.0,0.0,0.0,0.008,-0.0066,-1.0499,1.05,0.0202,1,1,2,0.772,0.428,0.572,0,0,0.0,5,DESCENT_PHASE,-0.0186,0.0154
580,18.49,0.5117,-3.5329,2.3963,-0.0191,0.0131,-0.0396,2.376,0.126,2.2,0.3973,-3.5847,0.2,0.0,0.0,0.0,0.0082,-0.0056,-1.05,1.05,-0.0116,1,1,2,0.77,0.423,0.577,0,0,0.0,5,DESCENT_PHASE,-0.0191,0.0131
581,18.528,0.5113,-3.5326,2.3955,-0.0183,0.0126,-0.0387,2.376,0.125,2.199,0.3973,-3.5847,0.2,0.0,0.0,0.0,0.0078,-0.0054,-1.05,1.05,0.0171,1,1,2,0.772,0.427,0.573,0,0,0.0,5,DESCENT_PHASE,-0.0183,0.0126
582,18.563,0.5109,-3.5324,2.3947,-0.0188,0.011,-0.0381,2.375,0.125,2.198,0.3973,-3.5847,0.2,0.0,0.0,0.0,0.008,-0.0047,-1.05,1.05,-0.0147,1,1,2,0.77,0.421,0.579,0,0,0.0,5,DESCENT_PHASE,-0.0188,0.011
583,18.602,0.5106,-3.5322,2.394,-0.0183,0.0109,-0.0377,2.374,0.125,2.198,0.3973,-3.5847,0.2,0.0,0.0,0.0,0.0078,-0.0047,-1.05,1.05,0.0141,1,1,2,0.771,0.424,0.576,0,0,0.0,5,DESCENT_PHASE,-0.0183,0.0109
584,18.637,0.5102,-3.532,2.3932,-0.0194,0.0096,-0.0377,2.373,0.125,2.197,0.3973,-3.5847,0.2,0.0,0.0,0.0,0.0083,-0.0041,-1.05,1.05,-0.0163,1,1,2,0.77,0.422,0.578,0,0,0.0,5,DESCENT_PHASE,-0.0194,0.0096
585,18.673,0.5098,-3.5318,2.3915,-0.0198,0.0094,-0.0893,2.371,0.124,2.195,0.3973,-3.5847,0.2,0.0,0.0,0.0,0.0085,-0.004,-0.9821,0.9822,0.008,1,1,2,0.773,0.429,0.571,0,0,0.0,5,DESCENT_PHASE,-0.0198,0.0094
586,18.711,0.5094,-3.5316,2.389,-0.0205,0.0082,-0.1222,2.369,0.124,2.193,0.3973,-3.5847,0.2,0.0,0.0,0.0,0.0087,-0.0035,-0.9263,0.9263,-0.0209,1,1,2,0.772,0.426,0.574,0,0,0.0,5,DESCENT_PHASE,-0.0205,0.0082
587,18.747,0.509,-3.5315,2.3862,-0.0197,0.0074,-0.1424,2.366,0.124,2.19,0.3973,-3.5847,0.2,0.0,0.0,0.0,0.0084,-0.0032,-0.8918,0.8919,0.0065,1,1,2,0.774,0.431,0.569,0,0,0.0,5,DESCENT_PHASE,-0.0197,0.0074
588,18.782,0.5086,-3.5314,2.3831,-0.0196,0.005,-0.1553,2.363,0.123,2.187,0.3973,-3.5847,0.2,0.0,0.0,0.0,0.0084,-0.0021,-0.87,0.87,-0.0138,1,1,2,0.773,0.428,0.572,0,0,0.0,5,DESCENT_PHASE,-0.0196,0.005
589,18.818,0.5082,-3.5313,2.3798,-0.0181,0.0031,-0.1633,2.36,0.123,2.183,0.3973,-3.5847,0.2,0.0,0.0,0.0,0.0077,-0.0013,-0.8564,0.8565,0.0148,1,1,2,0.775,0.432,0.568,0,0,0.0,5,DESCENT_PHASE,-0.0181,0.0031
590,18.853,0.5079,-3.5313,2.3764,-0.0176,-0.0,-0.1683,2.356,0.123,2.18,0.3973,-3.5847,0.2,0.0,0.0,0.0,0.0075,0.0,-0.8479,0.8479,-0.0172,1,1,2,0.773,0.428,0.572,0,0,0.0,5,DESCENT_PHASE,-0.0176,-0.0
591,18.889,0.5075,-3.5314,2.373,-0.0159,-0.0019,-0.1715,2.353,0.122,2.176,0.3973,-3.5847,0.2,0.0,0.0,0.0,0.0068,0.0008,-0.8425,0.8425,0.0118,1,1,2,0.775,0.431,0.569,0,0,0.0,5,DESCENT_PHASE,-0.0159,-0.0019
592,18.925,0.5072,-3.5315,2.3695,-0.0156,-0.0052,-0.1735,2.35,0.122,2.173,0.3973,-3.5847,0.2,0.0,0.0,0.0,0.0067,0.0022,-0.8391,0.8391,-0.0182,1,1,2,0.773,0.425,0.575,0,0,0.0,5,DESCENT_PHASE,-0.0156,-0.0052
593,18.96,0.5069,-3.5316,2.366,-0.0144,-0.0076,-0.1748,2.346,0.122,2.169,0.3973,-3.5847,0.2,0.0,0.0,0.0,0.0062,0.0033,-0.8369,0.8369,0.0109,1,1,2,0.774,0.428,0.572,0,0,0.0,5,DESCENT_PHASE,-0.0144,-0.0076
594,18.995,0.5066,-3.5318,2.3625,-0.0149,-0.0114,-0.1759,2.343,0.121,2.166,0.3973,-3.5847,0.2,0.0,0.0,0.0,0.0064,0.0049,-0.835,0.8351,-0.005,1,1,2,0.773,0.426,0.574,0,0,0.0,5,DESCENT_PHASE,-0.0149,-0.0114
595,19.031,0.5064,-3.5321,2.359,-0.0149,-0.0144,-0.1763,2.339,0.121,2.162,0.3973,-3.5847,0.2,0.0,0.0,0.0,0.0064,0.0062,-0.8343,0.8344,0.0241,1,1,2,0.776,0.433,0.567,0,0,0.0,5,DESCENT_PHASE,-0.0149,-0.0144
596,19.066,0.506,-3.5325,2.3555,-0.0154,-0.0178,-0.1765,2.335,0.121,2.159,0.3973,-3.5847,0.2,0.0,0.0,0.0,0.0066,0.0076,-0.834,0.834,-0.0083,1,1,2,0.775,0.431,0.569,0,0,0.0,5,DESCENT_PHASE,-0.0154,-0.0178
597,19.101,0.5058,-3.5329,2.3519,-0.0142,-0.0192,-0.1766,2.332,0.12,2.155,0.3973,-3.5847,0.2,0.0,0.0,0.0,0.0061,0.0082,-0.8337,0.8338,0.0211,1,1,2,0.778,0.423,0.577,0,0,0.0,5,DESCENT_PHASE,-0.0142,-0.0192
598,19.136,0.5055,-3.5333,2.3484,-0.0138,-0.0212,-0.1767,2.328,0.12,2.152,0.3973,-3.5847,0.2,0.0,0.0,0.0,0.0059,0.0091,-0.8336,0.8337,-0.0116,1,1,2,0.776,0.432,0.568,0,0,0.0,5,DESCENT_PHASE,-0.0138,-0.0212
599,19.174,0.5052,-3.5337,2.3449,-0.012,-0.0216,-0.1767,2.325,0.119,2.148,0.3973,-3.5847,0.2,0.0,0.0,0.0,0.0052,0.0092,-0.8335,0.8336,0.018,1,1,2,0.778,0.424,0.576,0,0,0.0,5,DESCENT_PHASE,-0.012,-0.0216
600,19.212,0.505,-3.5342,2.3413,-0.0115,-0.0228,-0.1767,2.321,0.119,2.145,0.3973,-3.5847,0.2,0.0,0.0,0.0,0.0049,0.0098,-0.8335,0.8336,-0.0148,1,1,2,0.776,0.432,0.568,0,0,0.0,5,DESCENT_PHASE,-0.0115,-0.0228
601,19.252,0.5048,-3.5346,2.3378,-0.0098,-0.0227,-0.1768,2.318,0.119,2.141,0.3973,-3.5847,0.2,0.0,0.0,0.0,0.0042,0.0097,-0.8335,0.8336,0.0149,1,1,2,0.778,0.435,0.565,0,0,0.0,5,DESCENT_PHASE,-0.0098,-0.0227
602,19.306,0.5046,-3.5351,2.3342,-0.0097,-0.0237,-0.1768,2.314,0.118,2.138,0.3973,-3.5847,0.2,0.0,0.0,0.0,0.0042,0.0101,-0.8335,0.8336,-0.0181,1,1,2,0.776,0.429,0.571,0,0,0.0,5,DESCENT_PHASE,-0.0097,-0.0237
603,19.365,0.5044,-3.5356,2.3307,-0.0089,-0.0235,-0.1768,2.311,0.118,2.134,0.3973,-3.5847,0.2,0.0,0.0,0.0,0.0038,0.0101,-0.8335,0.8335,0.0117,1,1,2,0.776,0.431,0.569,0,0,0.0,5,DESCENT_PHASE,-0.0089,-0.0235
604,19.418,0.5042,-3.5361,2.3272,-0.0099,-0.0248,-0.1777,2.307,0.117,2.13,0.3973,-3.5847,0.2,0.0,0.0,0.0,0.0042,0.0106,-0.832,0.8321,-0.0083,1,1,2,0.777,0.431,0.569,0,0,0.0,5,DESCENT_PHASE,-0.0099,-0.0248
605,19.467,0.504,-3.5366,2.3236,-0.0105,-0.0251,-0.1774,2.304,0.117,2.127,0.3973,-3.5847,0.2,0.0,0.0,0.0,0.0045,0.0108,-0.8323,0.8324,0.0212,1,1,2,0.779,0.436,0.564,0,0,0.0,5,DESCENT_PHASE,-0.0105,-0.0251
606,19.512,0.5038,-3.5371,2.3201,-0.0112,-0.0261,-0.1772,2.3,0.117,2.123,0.3973,-3.5847,0.2,0.0,0.0,0.0,0.0048,0.0112,-0.8328,0.8329,-0.0115,1,1,2,0.778,0.432,0.568,0,0,0.0,5,DESCENT_PHASE,-0.0112,-0.0261
607,19.561,0.5036,-3.5376,2.3165,-0.0105,-0.0254,-0.177,2.297,0.116,2.12,0.3973,-3.5847,0.2,0.0,0.0,0.0,0.0045,0.0109,-0.833,0.8331,0.0178,1,1,2,0.779,0.436,0.564,0,0,0.0,5,DESCENT_PHASE,-0.0105,-0.0254
608,19.616,0.5034,-3.5381,2.313,-0.0111,-0.0256,-0.1769,2.293,0.116,2.116,0.3973,-3.5847,0.2,0.0,0.0,0.0,0.0048,0.011,-0.8333,0.8333,-0.0145,1,1,2,0.778,0.431,0.569,0,0,0.0,5,DESCENT_PHASE,-0.0111,-0.0256
609,19.666,0.5032,-3.5386,2.3095,-0.0107,-0.0243,-0.1769,2.289,0.115,2.113,0.3973,-3.5847,0.2,0.0,0.0,0.0,0.0046,0.0104,-0.8333,0.8334,0.0146,1,1,2,0.779,0.434,0.566,0,0,0.0,5,DESCENT_PHASE,-0.0107,-0.0243
610,19.717,0.5029,-3.5391,2.3059,-0.0118,-0.0243,-0.1769,2.286,0.115,2.109,0.3973,-3.5847,0.2,0.0,0.0,0.0,0.005,0.0104,-0.8333,0.8333,-0.0167,1,1,2,0.778,0.431,0.569,0,0,0.0,5,DESCENT_PHASE,-0.0118,-0.0243
611,19.774,0.5027,-3.5395,2.3024,-0.0122,-0.023,-0.1769,2.282,0.115,2.106,0.3973,-3.5847,0.2,0.0,0.0,0.0,0.0052,0.0099,-0.8333,0.8334,0.012,1,1,2,0.78,0.435,0.565,0,0,0.0,5,DESCENT_PHASE,-0.0122,-0.023
612,19.826,0.5024,-3.54,2.2988,-0.0136,-0.0231,-0.1768,2.279,0.114,2.102,0.3973,-3.5847,0.2,0.0,0.0,0.0,0.0059,0.0099,-0.8334,0.8335,-0.0191,1,1,2,0.778,0.431,0.569,0,0,0.0,5,DESCENT_PHASE,-0.0136,-0.0231
613,19.872,0.5021,-3.5405,2.2953,-0.0139,-0.0222,-0.1768,2.275,0.114,2.098,0.3973,-3.5847,0.2,0.0,0.0,0.0,0.006,0.0096,-0.8334,0.8334,0.0093,1,1,2,0.78,0.434,0.566,0,0,0.0,5,DESCENT_PHASE,-0.0139,-0.0222
614,19.918,0.5018,-3.5409,2.2918,-0.0156,-0.0229,-0.177,2.272,0.113,2.095,0.3973,-3.5847,0.2,0.0,0.0,0.0,0.0067,0.0099,-0.833,0.8331,-0.0065,1,1,2,0.779,0.431,0.569,0,0,0.0,5,DESCENT_PHASE,-0.0156,-0.0229
615,19.958,0.5015,-3.5414,2.2882,-0.0164,-0.0228,-0.177,2.268,0.113,2.091,0.3973,-3.5847,0.2,0.0,0.0,0.0,0.007,0.0098,-0.8332,0.8332,0.0215,1,1,2,0.781,0.436,0.564,0,0,0.0,5,DESCENT_PHASE,-0.0164,-0.0228
616,20.002,0.5011,-3.5418,2.2847,-0.0182,-0.0233,-0.1769,2.265,0.112,2.088,0.3973,-3.5847,0.2,0.0,0.0,0.0,0.0078,0.01,-0.8333,0.8334,-0.0095,1,1,2,0.779,0.432,0.568,0,0,0.0,5,DESCENT_PHASE,-0.0182,-0.0233
617,20.048,0.5008,-3.5423,2.2811,-0.0188,-0.022,-0.1769,2.261,0.112,2.084,0.3973,-3.5847,0.2,0.0,0.0,0.0,0.0081,0.0094,-0.8333,0.8334,0.0184,1,1,2,0.781,0.436,0.564,0,0,0.0,5,DESCENT_PHASE,-0.0188,-0.022
618,20.097,0.5004,-3.5427,2.2776,-0.0207,-0.0214,-0.1769,2.258,0.111,2.081,0.3973,-3.5847,0.2,0.0,0.0,0.0,0.0089,0.0092,-0.8332,0.8333,-0.0119,1,1,2,0.78,0.433,0.567,0,0,0.0,5,DESCENT_PHASE,-0.0207,-0.0214
619,20.141,0.4999,-3.5431,2.2741,-0.0216,-0.0194,-0.1769,2.254,0.111,2.077,0.3973,-3.5847,0.2,0.0,0.0,0.0,0.0093,0.0083,-0.8333,0.8334,0.0158,1,1,2,0.782,0.439,0.561,0,0,0.0,5,DESCENT_PHASE,-0.0216,-0.0194
620,20.187,0.4995,-3.5435,2.2705,-0.0234,-0.0183,-0.1768,2.251,0.11,2.073,0.3973,-3.5847,0.2,0.0,0.0,0.0,0.01,0.0079,-0.8334,0.8335,-0.0148,1,1,2,0.781,0.435,0.565,0,0,0.0,5,DESCENT_PHASE,-0.0234,-0.0183
621,20.234,0.499,-3.5438,2.267,-0.0236,-0.0159,-0.1768,2.247,0.11,2.07,0.3973,-3.5847,0.2,0.0,0.0,0.0,0.0101,0.0068,-0.8334,0.8335,0.0128,1,1,2,0.783,0.44,0.56,0,0,0.0,5,DESCENT_PHASE,-0.0236,-0.0159
622,20.28,0.4985,-3.5441,2.2635,-0.0249,-0.0147,-0.1768,2.243,0.109,2.066,0.3973,-3.5847,0.2,0.0,0.0,0.0,0.0107,0.0063,-0.8334,0.8335,-0.0177,1,1,2,0.781,0.435,0.565,0,0,0.0,5,DESCENT_PHASE,-0.0249,-0.0147
623,20.323,0.498,-3.5443,2.2599,-0.0251,-0.0125,-0.1768,2.24,0.108,2.063,0.3973,-3.5847,0.2,0.0,0.0,0.0,0.0108,0.0054,-0.8334,0.8335,0.0098,1,1,2,0.783,0.438,0.562,0,0,0.0,5,DESCENT_PHASE,-0.0251,-0.0125
624,20.364,0.4974,-3.5445,2.2564,-0.0267,-0.0117,-0.177,2.236,0.108,2.059,0.3973,-3.5847,0.2,0.0,0.0,0.0,0.0115,0.005,-0.8331,0.8332,-0.0199,1,1,2,0.783,0.438,0.562,0,0,0.0,5,DESCENT_PHASE,-0.0267,-0.0117
625,20.403,0.4969,-3.5448,2.2528,-0.0275,-0.0101,-0.1769,2.233,0.107,2.056,0.3973,-3.5847,0.2,0.0,0.0,0.0,0.0118,0.0044,-0.8332,0.8333,0.0073,1,1,2,0.786,0.425,0.575,0,0,0.0,5,DESCENT_PHASE,-0.0275,-0.0101
626,20.443,0.4963,-3.545,2.2493,-0.0284,-0.0102,-0.1769,2.229,0.107,2.052,0.3973,-3.5847,0.2,0.0,0.0,0.0,0.0122,0.0044,-0.8333,0.8334,-0.0185,1,1,2,0.786,0.428,0.572,0,0,0.0,5,DESCENT_PHASE,-0.0284,-0.0102
627,20.483,0.4958,-3.5451,2.2458,-0.027,-0.0096,-0.1768,2.226,0.106,2.049,0.3973,-3.5847,0.2,0.0,0.0,0.0,0.0116,0.0042,-0.8334,0.8335,0.009,1,1,2,0.789,0.424,0.576,0,0,0.0,5,DESCENT_PHASE,-0.027,-0.0096
628,20.529,0.4953,-3.5454,2.2422,-0.0261,-0.0106,-0.1768,2.222,0.106,2.045,0.3973,-3.5847,0.2,0.0,0.0,0.0,0.0112,0.0046,-0.8334,0.8335,-0.0187,1,1,2,0.788,0.425,0.575,0,0,0.0,5,DESCENT_PHASE,-0.0261,-0.0106
629,20.574,0.4948,-3.5456,2.2387,-0.0232,-0.0109,-0.1768,2.219,0.105,2.041,0.3973,-3.5847,0.2,0.0,0.0,0.0,0.01,0.0047,-0.8334,0.8335,0.009,1,1,2,0.791,0.424,0.576,0,0,0.0,5,DESCENT_PHASE,-0.0232,-0.0109
630,20.623,0.4944,-3.5458,2.2352,-0.0211,-0.0126,-0.1769,2.215,0.105,2.038,0.3973,-3.5847,0.2,0.0,0.0,0.0,0.0091,0.0054,-0.8333,0.8334,-0.0121,1,1,2,0.79,0.42,0.58,0,0,0.0,5,DESCENT_PHASE,-0.0211,-0.0126
631,20.667,0.494,-3.5461,2.2316,-0.0174,-0.0137,-0.1769,2.212,0.104,2.034,0.3973,-3.5847,0.2,0.0,0.0,0.0,0.0075,0.0059,-0.8333,0.8334,0.0157,1,1,2,0.792,0.422,0.578,0,0,0.0,5,DESCENT_PHASE,-0.0174,-0.0137
632,20.714,0.4937,-3.5464,2.2281,-0.0147,-0.0157,-0.1769,2.208,0.104,2.031,0.3973,-3.5847,0.2,0.0,0.0,0.0,0.0064,0.0068,-0.8334,0.8334,-0.015,1,1,2,0.791,0.421,0.579,0,0,0.0,5,DESCENT_PHASE,-0.0147,-0.0157
633,20.755,0.4935,-3.5467,2.2246,-0.0107,-0.0165,-0.1769,2.205,0.103,2.027,0.3973,-3.5847,0.2,0.0,0.0,0.0,0.0046,0.0071,-0.8333,0.8333,0.0128,1,1,2,0.792,0.422,0.578,0,0,0.0,5,DESCENT_PHASE,-0.0107,-0.0165
634,20.795,0.4934,-3.5471,2.221,-0.0081,-0.0184,-0.1769,2.201,0.103,2.024,0.3973,-3.5847,0.2,0.0,0.0,0.0,0.0035,0.008,-0.8333,0.8333,-0.0176,1,1,2,0.79,0.427,0.573,0,0,0.0,5,DESCENT_PHASE,-0.0081,-0.0184
635,20.836,0.4933,-3.5475,2.2175,-0.0044,-0.0194,-0.1769,2.197,0.103,2.02,0.3973,-3.5847,0.2,0.0,0.0,0.0,0.0019,0.0084,-0.8332,0.8333,0.0102,1,1,2,0.791,0.422,0.578,0,0,0.0,5,DESCENT_PHASE,-0.0044,-0.0194
636,20.879,0.4932,-3.5479,2.2139,-0.0025,-0.0217,-0.1771,2.194,0.103,2.017,0.3973,-3.5847,0.2,0.0,0.0,0.0,0.0011,0.0094,-0.833,0.833,-0.0022,1,1,2,0.789,0.431,0.569,0,0,0.0,5,DESCENT_PHASE,-0.0025,-0.0217
637,20.926,0.4932,-3.5484,2.2104,0.0001,-0.0233,-0.1777,2.19,0.103,2.013,0.3973,-3.5847,0.2,0.0,0.0,0.0,-0.0,0.01,-0.832,0.832,0.0263,1,1,2,0.79,0.43,0.57,0,0,0.0,5,DESCENT_PHASE,0.0001,-0.0233
638,20.978,0.4932,-3.5489,2.2068,0.0008,-0.025,-0.1773,2.187,0.102,2.009,0.3973,-3.5847,0.2,0.0,0.0,0.0,-0.0003,0.0108,-0.8325,0.8326,-0.0044,1,1,2,0.788,0.444,0.556,0,0,0.0,5,DESCENT_PHASE,0.0008,-0.025
639,21.037,0.4933,-3.5494,2.2033,0.002,-0.0245,-0.1771,2.183,0.102,2.006,0.3973,-3.5847,0.2,0.0,0.0,0.0,-0.0009,0.0106,-0.8329,0.833,0.0235,1,1,2,0.788,0.446,0.554,0,0,0.0,5,DESCENT_PHASE,0.002,-0.0245
640,21.092,0.4933,-3.5499,2.1997,0.0012,-0.0244,-0.1771,2.18,0.102,2.002,0.3973,-3.5847,0.2,0.0,0.0,0.0,-0.0005,0.0105,-0.8329,0.833,-0.0066,1,1,2,0.788,0.444,0.556,0,0,0.0,5,DESCENT_PHASE,0.0012,-0.0244
641,21.137,0.4933,-3.5503,2.1962,0.0005,-0.0224,-0.177,2.176,0.102,1.999,0.3973,-3.5847,0.2,0.0,0.0,0.0,-0.0002,0.0097,-0.8331,0.8332,0.0218,1,1,2,0.791,0.429,0.571,0,0,0.0,5,DESCENT_PHASE,0.0005,-0.0224
642,21.176,0.4933,-3.5507,2.1927,-0.0007,-0.0209,-0.1769,2.173,0.102,1.995,0.3973,-3.5847,0.2,0.0,0.0,0.0,0.0003,0.009,-0.8333,0.8333,-0.01,1,1,2,0.79,0.439,0.561,0,0,0.0,5,DESCENT_PHASE,-0.0007,-0.0209
643,21.214,0.4933,-3.5511,2.1891,-0.0002,-0.0177,-0.1769,2.169,0.102,1.992,0.3973,-3.5847,0.2,0.0,0.0,0.0,0.0001,0.0076,-0.8334,0.8334,0.0192,1,1,2,0.792,0.428,0.572,0,0,0.0,5,DESCENT_PHASE,-0.0002,-0.0177
644,21.249,0.4933,-3.5514,2.1856,-0.0006,-0.0153,-0.1774,2.166,0.102,1.988,0.3973,-3.5847,0.2,0.0,0.0,0.0,0.0002,0.0066,-0.8323,0.8324,-0.0114,1,1,2,0.791,0.432,0.568,0,0,0.0,5,DESCENT_PHASE,-0.0006,-0.0153
645,21.285,0.4933,-3.5516,2.182,0.0003,-0.0113,-0.1772,2.162,0.102,1.985,0.3973,-3.5847,0.2,0.0,0.0,0.0,-0.0001,0.0049,-0.8327,0.8327,0.0182,1,1,2,0.793,0.43,0.57,0,0,0.0,5,DESCENT_PHASE,0.0003,-0.0113
646,21.319,0.4933,-3.5518,2.1785,0.0002,-0.0082,-0.1771,2.158,0.101,1.981,0.3973,-3.5847,0.2,0.0,0.0,0.0,-0.0001,0.0036,-0.833,0.833,-0.0144,1,1,2,0.791,0.437,0.563,0,0,0.0,5,DESCENT_PHASE,0.0002,-0.0082
647,21.355,0.4933,-3.5519,2.175,0.0013,-0.0037,-0.177,2.155,0.101,1.978,0.3973,-3.5847,0.2,0.0,0.0,0.0,-0.0006,0.0016,-0.8331,0.8331,0.0149,1,1,2,0.793,0.429,0.571,0,0,0.0,5,DESCENT_PHASE,0.0013,-0.0037
648,21.391,0.4933,-3.5519,2.1714,0.0011,-0.0003,-0.177,2.151,0.102,1.974,0.3973,-3.5847,0.2,0.0,0.0,0.0,-0.0005,0.0001,-0.8331,0.8331,-0.0174,1,1,2,0.791,0.448,0.552,0,0,0.0,5,DESCENT_PHASE,0.0011,-0.0003
649,21.428,0.4934,-3.5518,2.1679,0.0017,0.0042,-0.177,2.148,0.102,1.97,0.3973,-3.5847,0.2,0.0,0.0,0.0,-0.0007,-0.0018,-0.8331,0.8331,0.0116,1,1,2,0.792,0.437,0.563,0,0,0.0,5,DESCENT_PHASE,0.0017,0.0042
650,21.466,0.4934,-3.5516,2.1643,0.0006,0.0074,-0.177,2.144,0.102,1.967,0.3973,-3.5847,0.2,0.0,0.0,0.0,-0.0003,-0.0032,-0.833,0.833,-0.0198,1,1,2,0.79,0.446,0.554,0,0,0.0,5,DESCENT_PHASE,0.0006,0.0074
651,21.507,0.4934,-3.5514,2.1608,0.0002,0.0115,-0.177,2.141,0.102,1.963,0.3973,-3.5847,0.2,0.0,0.0,0.0,-0.0001,-0.0049,-0.8331,0.8331,0.0087,1,1,2,0.792,0.448,0.552,0,0,0.0,5,DESCENT_PHASE,0.0002,0.0115
652,21.551,0.4934,-3.5511,2.1573,-0.0019,0.0139,-0.1771,2.137,0.102,1.96,0.3973,-3.5847,0.2,0.0,0.0,0.0,0.0008,-0.006,-0.833,0.833,-0.0222,1,1,2,0.79,0.444,0.556,0,0,0.0,5,DESCENT_PHASE,-0.0019,0.0139
653,21.591,0.4933,-3.5508,2.1537,-0.0033,0.0171,-0.177,2.134,0.102,1.956,0.3973,-3.5847,0.2,0.0,0.0,0.0,0.0014,-0.0074,-0.8331,0.8331,0.0059,1,1,2,0.792,0.447,0.553,0,0,0.0,5,DESCENT_PHASE,-0.0033,0.0171
654,21.634,0.4932,-3.5504,2.1502,-0.006,0.0185,-0.177,2.13,0.102,1.953,0.3973,-3.5847,0.2,0.0,0.0,0.0,0.0026,-0.008,-0.8331,0.8331,-0.0248,1,1,2,0.79,0.442,0.558,0,0,0.0,5,DESCENT_PHASE,-0.006,0.0185
655,21.674,0.493,-3.55,2.1466,-0.0078,0.0204,-0.177,2.127,0.102,1.949,0.3973,-3.5847,0.2,0.0,0.0,0.0,0.0034,-0.0088,-0.8331,0.8332,0.003,1,1,2,0.792,0.446,0.554,0,0,0.0,5,DESCENT_PHASE,-0.0078,0.0204
656,21.715,0.4928,-3.5496,2.1431,-0.0111,0.0202,-0.1771,2.123,0.102,1.946,0.3973,-3.5847,0.2,0.0,0.0,0.0,0.0048,-0.0087,-0.8329,0.833,-0.027,1,1,2,0.791,0.444,0.556,0,0,0.0,5,DESCENT_PHASE,-0.0111,0.0202
657,21.752,0.4925,-3.5492,2.1396,-0.0136,0.0203,-0.177,2.12,0.102,1.942,0.3973,-3.5847,0.2,0.0,0.0,0.0,0.0059,-0.0088,-0.8331,0.8332,0.0005,1,1,2,0.794,0.45,0.55,0,0,0.0,5,DESCENT_PHASE,-0.0136,0.0203
658,21.793,0.4922,-3.5488,2.136,-0.0166,0.0182,-0.1771,2.116,0.101,1.939,0.3973,-3.5847,0.2,0.0,0.0,0.0,0.0072,-0.0079,-0.8329,0.833,-0.0098,1,1,2,0.793,0.447,0.553,0,0,0.0,5,DESCENT_PHASE,-0.0166,0.0182
659,21.833,0.4918,-3.5485,2.1325,-0.0179,0.0162,-0.177,2.112,0.101,1.935,0.3973,-3.5847,0.2,0.0,0.0,0.0,0.0077,-0.007,-0.8331,0.8332,0.0176,1,1,2,0.795,0.436,0.564,0,0,0.0,5,DESCENT_PHASE,-0.0179,0.0162
660,21.871,0.4914,-3.5482,2.1289,-0.02,0.0133,-0.1769,2.109,0.101,1.932,0.3973,-3.5847,0.2,0.0,0.0,0.0,0.0086,-0.0058,-0.8332,0.8333,-0.0127,1,1,2,0.794,0.45,0.55,0,0,0.0,5,DESCENT_PHASE,-0.02,0.0133
661,21.909,0.491,-3.548,2.1254,-0.0206,0.0119,-0.1769,2.105,0.101,1.928,0.3973,-3.5847,0.2,0.0,0.0,0.0,0.0089,-0.0052,-0.8333,0.8333,0.0147,1,1,2,0.796,0.437,0.563,0,0,0.0,5,DESCENT_PHASE,-0.0206,0.0119
662,21.947,0.4906,-3.5478,2.1219,-0.0223,0.0095,-0.1769,2.102,0.1,1.924,0.3973,-3.5847,0.2,0.0,0.0,0.0,0.0096,-0.0041,-0.8333,0.8334,-0.0156,1,1,2,0.795,0.45,0.55,0,0,0.0,5,DESCENT_PHASE,-0.0223,0.0095
663,21.984,0.4901,-3.5477,2.1183,-0.0227,0.0083,-0.1769,2.098,0.1,1.921,0.3973,-3.5847,0.2,0.0,0.0,0.0,0.0098,-0.0036,-0.8333,0.8334,0.0117,1,1,2,0.796,0.444,0.556,0,0,0.0,5,DESCENT_PHASE,-0.0227,0.0083
664,22.02,0.4896,-3.5475,2.1148,-0.0247,0.0058,-0.177,2.095,0.1,1.917,0.3973,-3.5847,0.2,0.0,0.0,0.0,0.0107,-0.0025,-0.8331,0.8331,-0.0179,1,1,2,0.796,0.439,0.561,0,0,0.0,5,DESCENT_PHASE,-0.0247,0.0058
665,22.058,0.4891,-3.5475,2.1112,-0.0259,0.0042,-0.177,2.091,0.099,1.914,0.3973,-3.5847,0.2,0.0,0.0,0.0,0.0112,-0.0018,-0.8331,0.8332,0.0091,1,1,2,0.799,0.431,0.569,0,0,0.0,5,DESCENT_PHASE,-0.0259,0.0042
666,22.098,0.4886,-3.5474,2.1077,-0.0272,0.0012,-0.1769,2.088,0.099,1.91,0.3973,-3.5847,0.2,0.0,0.0,0.0,0.0118,-0.0005,-0.8332,0.8333,-0.0195,1,1,2,0.799,0.429,0.571,0,0,0.0,5,DESCENT_PHASE,-0.0272,0.0012
667,22.134,0.488,-3.5475,2.1042,-0.0264,-0.001,-0.1769,2.084,0.098,1.907,0.3973,-3.5847,0.2,0.0,0.0,0.0,0.0114,0.0004,-0.8333,0.8333,0.0078,1,1,2,0.801,0.429,0.571,0,0,0.0,5,DESCENT_PHASE,-0.0264,-0.001
668,22.171,0.4875,-3.5475,2.1006,-0.0262,-0.0049,-0.177,2.081,0.098,1.903,0.3973,-3.5847,0.2,0.0,0.0,0.0,0.0113,0.0021,-0.833,0.8331,-0.004,1,1,2,0.801,0.43,0.57,0,0,0.0,5,DESCENT_PHASE,-0.0262,-0.0049
669,22.208,0.487,-3.5477,2.0971,-0.0242,-0.0081,-0.1777,2.077,0.097,1.9,0.3973,-3.5847,0.2,0.0,0.0,0.0,0.0105,0.0035,-0.832,0.832,0.0246,1,1,2,0.803,0.429,0.571,0,0,0.0,5,DESCENT_PHASE,-0.0242,-0.0081
670,22.246,0.4866,-3.5479,2.0935,-0.023,-0.0116,-0.1773,2.074,0.097,1.896,0.3973,-3.5847,0.2,0.0,0.0,0.0,0.01,0.005,-0.8325,0.8326,-0.006,1,1,2,0.802,0.434,0.566,0,0,0.0,5,DESCENT_PHASE,-0.023,-0.0116
671,22.285,0.4862,-3.5482,2.09,-0.02,-0.0131,-0.1772,2.07,0.096,1.892,0.3973,-3.5847,0.2,0.0,0.0,0.0,0.0087,0.0057,-0.8328,0.8329,0.0222,1,1,2,0.804,0.428,0.572,0,0,0.0,5,DESCENT_PHASE,-0.02,-0.0131
672,22.323,0.4858,-3.5485,2.0864,-0.018,-0.015,-0.177,2.066,0.096,1.889,0.3973,-3.5847,0.2,0.0,0.0,0.0,0.0078,0.0065,-0.8331,0.8332,-0.0094,1,1,2,0.803,0.431,0.569,0,0,0.0,5,DESCENT_PHASE,-0.018,-0.015
673,22.36,0.4855,-3.5488,2.0829,-0.0147,-0.0151,-0.1769,2.063,0.095,1.885,0.3973,-3.5847,0.2,0.0,0.0,0.0,0.0064,0.0065,-0.8332,0.8333,0.0196,1,1,2,0.804,0.431,0.569,0,0,0.0,5,DESCENT_PHASE,-0.0147,-0.0151
674,22.393,0.4853,-3.5491,2.0794,-0.0127,-0.0159,-0.1773,2.059,0.095,1.882,0.3973,-3.5847,0.2,0.0,0.0,0.0,0.0055,0.0069,-0.8327,0.8327,-0.0122,1,1,2,0.803,0.434,0.566,0,0,0.0,5,DESCENT_PHASE,-0.0127,-0.0159
675,22.426,0.4851,-3.5494,2.0758,-0.0097,-0.0151,-0.1771,2.056,0.095,1.878,0.3973,-3.5847,0.2,0.0,0.0,0.0,0.0042,0.0065,-0.8329,0.833,0.0174,1,1,2,0.804,0.432,0.568,0,0,0.0,5,DESCENT_PHASE,-0.0097,-0.0151
676,22.459,0.4849,-3.5497,2.0723,-0.0083,-0.0153,-0.1773,2.052,0.094,1.875,0.3973,-3.5847,0.2,0.0,0.0,0.0,0.0036,0.0066,-0.8325,0.8326,-0.0149,1,1,2,0.802,0.434,0.566,0,0,0.0,5,DESCENT_PHASE,-0.0083,-0.0153
677,22.493,0.4848,-3.55,2.0687,-0.0062,-0.014,-0.1771,2.049,0.094,1.871,0.3973,-3.5847,0.2,0.0,0.0,0.0,0.0027,0.0061,-0.8329,0.8329,0.0149,1,1,2,0.803,0.432,0.568,0,0,0.0,5,DESCENT_PHASE,-0.0062,-0.014
678,22.526,0.4847,-3.5503,2.0652,-0.006,-0.0139,-0.1772,2.045,0.094,1.868,0.3973,-3.5847,0.2,0.0,0.0,0.0,0.0026,0.006,-0.8327,0.8327,-0.0167,1,1,2,0.802,0.44,0.56,0,0,0.0,5,DESCENT_PHASE,-0.006,-0.0139
679,22.559,0.4845,-3.5505,2.0616,-0.0054,-0.0127,-0.1771,2.042,0.094,1.864,0.3973,-3.5847,0.2,0.0,0.0,0.0,0.0023,0.0055,-0.833,0.833,0.0129,1,1,2,0.803,0.437,0.563,0,0,0.0,5,DESCENT_PHASE,-0.0054,-0.0127
680,22.594,0.4844,-3.5508,2.0581,-0.0059,-0.0128,-0.1773,2.038,0.093,1.86,0.3973,-3.5847,0.2,0.0,0.0,0.0,0.0025,0.0055,-0.8326,0.8326,-0.0195,1,1,2,0.802,0.439,0.561,0,0,0.0,5,DESCENT_PHASE,-0.0059,-0.0128
681,22.63,0.4843,-3.551,2.0546,-0.0053,-0.0118,-0.1771,2.035,0.093,1.857,0.3973,-3.5847,0.2,0.0,0.0,0.0,0.0023,0.0051,-0.8329,0.8329,0.0102,1,1,2,0.803,0.435,0.565,0,0,0.0,5,DESCENT_PHASE,-0.0053,-0.0118
682,22.666,0.4842,-3.5513,2.051,-0.0061,-0.0124,-0.177,2.031,0.093,1.853,0.3973,-3.5847,0.2,0.0,0.0,0.0,0.0027,0.0054,-0.8331,0.8331,-0.0206,1,1,2,0.801,0.449,0.551,0,0,0.0,5,DESCENT_PHASE,-0.0061,-0.0124
683,22.7,0.4841,-3.5515,2.0475,-0.0062,-0.0122,-0.1769,2.027,0.093,1.85,0.3973,-3.5847,0.2,0.0,0.0,0.0,0.0027,0.0053,-0.8332,0.8332,0.009,1,1,2,0.802,0.443,0.557,0,0,0.0,5,DESCENT_PHASE,-0.0062,-0.0122
684,22.734,0.4839,-3.5518,2.0439,-0.0079,-0.0137,-0.1772,2.024,0.093,1.846,0.3973,-3.5847,0.2,0.0,0.0,0.0,0.0034,0.006,-0.8328,0.8328,-0.009,1,1,2,0.802,0.442,0.558,0,0,0.0,5,DESCENT_PHASE,-0.0079,-0.0137
685,22.768,0.4837,-3.5521,2.0404,-0.0092,-0.0145,-0.1771,2.02,0.092,1.843,0.3973,-3.5847,0.2,0.0,0.0,0.0,0.004,0.0063,-0.833,0.833,0.0202,1,1,2,0.805,0.438,0.562,0,0,0.0,5,DESCENT_PHASE,-0.0092,-0.0145
686,22.802,0.4835,-3.5524,2.0368,-0.0108,-0.016,-0.177,2.017,0.092,1.839,0.3973,-3.5847,0.2,0.0,0.0,0.0,0.0047,0.0069,-0.8332,0.8332,-0.0124,1,1,2,0.805,0.44,0.56,0,0,0.0,5,DESCENT_PHASE,-0.0108,-0.016
687,22.835,0.4833,-3.5527,2.0333,-0.0104,-0.0158,-0.1769,2.013,0.092,1.836,0.3973,-3.5847,0.2,0.0,0.0,0.0,0.0045,0.0069,-0.8333,0.8333,0.0172,1,1,2,0.807,0.434,0.566,0,0,0.0,5,DESCENT_PHASE,-0.0104,-0.0158
688,22.869,0.4831,-3.5531,2.0298,-0.0107,-0.0167,-0.1768,2.01,0.091,1.832,0.3973,-3.5847,0.2,0.0,0.0,0.0,0.0047,0.0072,-0.8334,0.8334,-0.0156,1,1,2,0.806,0.439,0.561,0,0,0.0,5,DESCENT_PHASE,-0.0107,-0.0167
689,22.903,0.4829,-3.5534,2.0262,-0.0095,-0.0161,-0.1768,2.006,0.091,1.829,0.3973,-3.5847,0.2,0.0,0.0,0.0,0.0041,0.007,-0.8334,0.8335,0.014,1,1,2,0.808,0.436,0.564,0,0,0.0,5,DESCENT_PHASE,-0.0095,-0.0161
690,22.938,0.4827,-3.5537,2.0227,-0.0091,-0.0168,-0.1768,2.003,0.091,1.825,0.3973,-3.5847,0.2,0.0,0.0,0.0,0.004,0.0073,-0.8335,0.8335,-0.0189,1,1,2,0.807,0.436,0.564,0,0,0.0,5,DESCENT_PHASE,-0.0091,-0.0168
691,22.974,0.4826,-3.554,2.0192,-0.0076,-0.0164,-0.1768,1.999,0.091,1.821,0.3973,-3.5847,0.2,0.0,0.0,0.0,0.0033,0.0071,-0.8335,0.8335,0.0109,1,1,2,0.808,0.436,0.564,0,0,0.0,5,DESCENT_PHASE,-0.0076,-0.0164
692,23.008,0.4824,-3.5544,2.0156,-0.0073,-0.0175,-0.1769,1.996,0.09,1.818,0.3973,-3.5847,0.2,0.0,0.0,0.0,0.0031,0.0076,-0.8332,0.8333,-0.0149,1,1,2,0.807,0.442,0.558,0,0,0.0,5,DESCENT_PHASE,-0.0073,-0.0175
693,23.043,0.4823,-3.5548,2.0121,-0.006,-0.0177,-0.1769,1.992,0.09,1.814,0.3973,-3.5847,0.2,0.0,0.0,0.0,0.0026,0.0077,-0.8333,0.8333,0.0149,1,1,2,0.808,0.441,0.559,0,0,0.0,5,DESCENT_PHASE,-0.006,-0.0177
694,23.078,0.4822,-3.5551,2.0086,-0.0064,-0.0191,-0.1769,1.989,0.09,1.811,0.3973,-3.5847,0.2,0.0,0.0,0.0,0.0028,0.0083,-0.8333,0.8333,-0.0177,1,1,2,0.806,0.438,0.562,0,0,0.0,5,DESCENT_PHASE,-0.0064,-0.0191
695,23.114,0.4821,-3.5555,2.005,-0.0062,-0.0194,-0.1769,1.985,0.09,1.807,0.3973,-3.5847,0.2,0.0,0.0,0.0,0.0027,0.0084,-0.8333,0.8334,0.012,1,1,2,0.807,0.442,0.558,0,0,0.0,5,DESCENT_PHASE,-0.0062,-0.0194
696,23.153,0.4819,-3.5559,2.0015,-0.0076,-0.021,-0.1771,1.981,0.089,1.804,0.3973,-3.5847,0.2,0.0,0.0,0.0,0.0033,0.0091,-0.833,0.833,-0.0116,1,1,2,0.806,0.447,0.553,0,0,0.0,5,DESCENT_PHASE,-0.0076,-0.021
697,23.188,0.4817,-3.5564,1.9979,-0.0084,-0.0217,-0.177,1.978,0.089,1.8,0.3973,-3.5847,0.2,0.0,0.0,0.0,0.0036,0.0094,-0.8331,0.8332,0.0179,1,1,2,0.808,0.441,0.559,0,0,0.0,5,DESCENT_PHASE,-0.0084,-0.0217
698,23.223,0.4815,-3.5568,1.9944,-0.01,-0.0233,-0.1769,1.974,0.089,1.797,0.3973,-3.5847,0.2,0.0,0.0,0.0,0.0044,0.0101,-0.8332,0.8333,-0.0149,1,1,2,0.807,0.44,0.56,0,0,0.0,5,DESCENT_PHASE,-0.01,-0.0233
699,23.257,0.4813,-3.5573,1.9909,-0.0103,-0.0235,-0.1769,1.971,0.088,1.793,0.3973,-3.5847,0.2,0.0,0.0,0.0,0.0045,0.0102,-0.8333,0.8333,0.0147,1,1,2,0.809,0.441,0.559,0,0,0.0,5,DESCENT_PHASE,-0.0103,-0.0235
700,23.292,0.4811,-3.5578,1.9873,-0.0118,-0.0249,-0.1769,1.967,0.088,1.789,0.3973,-3.5847,0.2,0.0,0.0,0.0,0.0051,0.0108,-0.8333,0.8334,-0.0181,1,1,2,0.807,0.448,0.552,0,0,0.0,5,DESCENT_PHASE,-0.0118,-0.0249
701,23.325,0.4809,-3.5583,1.9838,-0.0122,-0.0251,-0.1769,1.964,0.088,1.786,0.3973,-3.5847,0.2,0.0,0.0,0.0,0.0053,0.0109,-0.8333,0.8334,0.0115,1,1,2,0.809,0.444,0.556,0,0,0.0,5,DESCENT_PHASE,-0.0122,-0.0251
702,23.359,0.4806,-3.5588,1.9802,-0.014,-0.0268,-0.1777,1.96,0.087,1.782,0.3973,-3.5847,0.2,0.0,0.0,0.0,0.0061,0.0116,-0.8319,0.832,-0.0037,1,1,2,0.808,0.446,0.554,0,0,0.0,5,DESCENT_PHASE,-0.014,-0.0268
703,23.392,0.4803,-3.5594,1.9767,-0.0152,-0.0275,-0.1774,1.957,0.087,1.779,0.3973,-3.5847,0.2,0.0,0.0,0.0,0.0066,0.0119,-0.8324,0.8325,0.0257,1,1,2,0.811,0.441,0.559,0,0,0.0,5,DESCENT_PHASE,-0.0152,-0.0275
704,23.426,0.4799,-3.56,1.9731,-0.0169,-0.0285,-0.1772,1.953,0.086,1.775,0.3973,-3.5847,0.2,0.0,0.0,0.0,0.0073,0.0124,-0.8328,0.833,-0.0069,1,1,2,0.81,0.444,0.556,0,0,0.0,5,DESCENT_PHASE,-0.0169,-0.0285
705,23.461,0.4796,-3.5605,1.9696,-0.0168,-0.0274,-0.177,1.95,0.086,1.772,0.3973,-3.5847,0.2,0.0,0.0,0.0,0.0073,0.0119,-0.8331,0.8332,0.0224,1,1,2,0.812,0.444,0.556,0,0,0.0,5,DESCENT_PHASE,-0.0168,-0.0274
706,23.495,0.4792,-3.5611,1.9661,-0.0175,-0.0269,-0.1769,1.946,0.085,1.768,0.3973,-3.5847,0.2,0.0,0.0,0.0,0.0076,0.0117,-0.8333,0.8334,-0.01,1,1,2,0.811,0.443,0.557,0,0,0.0,5,DESCENT_PHASE,-0.0175,-0.0269
707,23.53,0.4789,-3.5615,1.9625,-0.0168,-0.0245,-0.1768,1.943,0.085,1.765,0.3973,-3.5847,0.2,0.0,0.0,0.0,0.0073,0.0107,-0.8334,0.8335,0.0192,1,1,2,0.813,0.447,0.553,0,0,0.0,5,DESCENT_PHASE,-0.0168,-0.0245
708,23.566,0.4786,-3.562,1.959,-0.0172,-0.023,-0.1768,1.939,0.084,1.761,0.3973,-3.5847,0.2,0.0,0.0,0.0,0.0075,0.01,-0.8335,0.8336,-0.013,1,1,2,0.812,0.445,0.555,0,0,0.0,5,DESCENT_PHASE,-0.0172,-0.023
709,23.603,0.4782,-3.5624,1.9555,-0.0165,-0.0199,-0.1768,1.935,0.084,1.757,0.3973,-3.5847,0.2,0.0,0.0,0.0,0.0072,0.0086,-0.8335,0.8336,0.0159,1,1,2,0.813,0.447,0.553,0,0,0.0,5,DESCENT_PHASE,-0.0165,-0.0199
710,23.64,0.4779,-3.5628,1.9519,-0.0172,-0.0178,-0.1768,1.932,0.084,1.754,0.3973,-3.5847,0.2,0.0,0.0,0.0,0.0075,0.0078,-0.8334,0.8334,-0.0153,1,1,2,0.812,0.45,0.55,0,0,0.0,5,DESCENT_PHASE,-0.0172,-0.0178
711,23.678,0.4775,-3.563,1.9484,-0.0172,-0.0145,-0.1768,1.928,0.083,1.75,0.3973,-3.5847,0.2,0.0,0.0,0.0,0.0075,0.0063,-0.8334,0.8334,0.0132,1,1,2,0.814,0.449,0.551,0,0,0.0,5,DESCENT_PHASE,-0.0172,-0.0145
712,23.715,0.4772,-3.5633,1.9448,-0.0182,-0.0124,-0.1768,1.925,0.083,1.747,0.3973,-3.5847,0.2,0.0,0.0,0.0,0.0079,0.0054,-0.8334,0.8335,-0.0182,1,1,2,0.812,0.454,0.546,0,0,0.0,5,DESCENT_PHASE,-0.0182,-0.0124
713,23.753,0.4768,-3.5635,1.9413,-0.018,-0.0092,-0.1768,1.921,0.082,1.743,0.3973,-3.5847,0.2,0.0,0.0,0.0,0.0078,0.004,-0.8334,0.8334,0.0101,1,1,2,0.814,0.447,0.553,0,0,0.0,5,DESCENT_PHASE,-0.018,-0.0092
714,23.791,0.4764,-3.5636,1.9378,-0.0192,-0.0075,-0.1769,1.918,0.082,1.74,0.3973,-3.5847,0.2,0.0,0.0,0.0,0.0084,0.0033,-0.8333,0.8333,-0.0206,1,1,2,0.813,0.451,0.549,0,0,0.0,5,DESCENT_PHASE,-0.0192,-0.0075
715,23.828,0.476,-3.5637,1.9342,-0.0196,-0.005,-0.1769,1.914,0.082,1.736,0.3973,-3.5847,0.2,0.0,0.0,0.0,0.0085,0.0022,-0.8333,0.8333,0.0074,1,1,2,0.815,0.454,0.546,0,0,0.0,5,DESCENT_PHASE,-0.0196,-0.005
716,23.866,0.4756,-3.5638,1.9307,-0.0209,-0.0042,-0.1768,1.911,0.081,1.733,0.3973,-3.5847,0.2,0.0,0.0,0.0,0.0091,0.0018,-0.8334,0.8334,-0.0235,1,1,2,0.814,0.453,0.547,0,0,0.0,5,DESCENT_PHASE,-0.0209,-0.0042
717,23.902,0.4752,-3.5639,1.9272,-0.0209,-0.0027,-0.1768,1.907,0.081,1.729,0.3973,-3.5847,0.2,0.0,0.0,0.0,0.0091,0.0012,-0.8334,0.8334,0.0044,1,1,2,0.815,0.447,0.553,0,0,0.0,5,DESCENT_PHASE,-0.0209,-0.0027
718,23.939,0.4748,-3.5639,1.9236,-0.0222,-0.0032,-0.177,1.904,0.08,1.725,0.3973,-3.5847,0.2,0.0,0.0,0.0,0.0097,0.0014,-0.8331,0.8331,-0.0107,1,1,2,0.814,0.453,0.547,0,0,0.0,5,DESCENT_PHASE,-0.0222,-0.0032
719,23.975,0.4743,-3.564,1.9201,-0.0225,-0.0033,-0.1769,1.9,0.08,1.722,0.3973,-3.5847,0.2,0.0,0.0,0.0,0.0098,0.0015,-0.8332,0.8332,0.0169,1,1,2,0.816,0.449,0.551,0,0,0.0,5,DESCENT_PHASE,-0.0225,-0.0033
720,24.015,0.4738,-3.5641,1.9165,-0.0239,-0.0043,-0.1769,1.897,0.079,1.718,0.3973,-3.5847,0.2,0.0,0.0,0.0,0.0104,0.0019,-0.8333,0.8334,-0.0136,1,1,2,0.815,0.453,0.547,0,0,0.0,5,DESCENT_PHASE,-0.0239,-0.0043
721,24.051,0.4734,-3.5642,1.913,-0.024,-0.0039,-0.1769,1.893,0.079,1.715,0.3973,-3.5847,0.2,0.0,0.0,0.0,0.0105,0.0017,-0.8333,0.8334,0.014,1,1,2,0.816,0.451,0.549,0,0,0.0,5,DESCENT_PHASE,-0.024,-0.0039
722,24.087,0.4728,-3.5643,1.9095,-0.0256,-0.0047,-0.177,1.889,0.078,1.711,0.3973,-3.5847,0.2,0.0,0.0,0.0,0.0112,0.002,-0.8331,0.8332,-0.0159,1,1,2,0.816,0.451,0.549,0,0,0.0,5,DESCENT_PHASE,-0.0256,-0.0047
723,24.126,0.4723,-3.5643,1.9059,-0.0263,-0.0042,-0.1769,1.886,0.078,1.708,0.3973,-3.5847,0.2,0.0,0.0,0.0,0.0115,0.0018,-0.8332,0.8333,0.0113,1,1,2,0.818,0.447,0.553,0,0,0.0,5,DESCENT_PHASE,-0.0263,-0.0042
724,24.162,0.4718,-3.5644,1.9024,-0.0274,-0.0051,-0.1769,1.882,0.077,1.704,0.3973,-3.5847,0.2,0.0,0.0,0.0,0.0119,0.0022,-0.8333,0.8334,-0.0189,1,1,2,0.818,0.447,0.553,0,0,0.0,5,DESCENT_PHASE,-0.0274,-0.0051
725,24.197,0.4712,-3.5645,1.8988,-0.0266,-0.005,-0.1768,1.879,0.077,1.701,0.3973,-3.5847,0.2,0.0,0.0,0.0,0.0116,0.0022,-0.8334,0.8335,0.0085,1,1,2,0.82,0.451,0.549,0,0,0.0,5,DESCENT_PHASE,-0.0266,-0.005
726,24.233,0.4707,-3.5647,1.8953,-0.0265,-0.0065,-0.1768,1.875,0.076,1.697,0.3973,-3.5847,0.2,0.0,0.0,0.0,0.0116,0.0028,-0.8334,0.8335,-0.0175,1,1,2,0.819,0.45,0.55,0,0,0.0,5,DESCENT_PHASE,-0.0265,-0.0065
727,24.269,0.4702,-3.5648,1.8918,-0.0249,-0.0073,-0.1768,1.872,0.076,1.693,0.3973,-3.5847,0.2,0.0,0.0,0.0,0.0109,0.0032,-0.8334,0.8335,0.01,1,1,2,0.821,0.449,0.551,0,0,0.0,5,DESCENT_PHASE,-0.0249,-0.0073
728,24.304,0.4697,-3.565,1.8882,-0.0244,-0.0095,-0.1769,1.868,0.075,1.69,0.3973,-3.5847,0.2,0.0,0.0,0.0,0.0106,0.0042,-0.8333,0.8334,-0.015,1,1,2,0.82,0.447,0.553,0,0,0.0,5,DESCENT_PHASE,-0.0244,-0.0095
729,24.34,0.4693,-3.5652,1.8847,-0.0226,-0.011,-0.1769,1.865,0.075,1.686,0.3973,-3.5847,0.2,0.0,0.0,0.0,0.0099,0.0048,-0.8333,0.8334,0.0125,1,1,2,0.821,0.448,0.552,0,0,0.0,5,DESCENT_PHASE,-0.0226,-0.011
730,24.375,0.4688,-3.5655,1.8812,-0.0222,-0.0136,-0.1769,1.861,0.074,1.683,0.3973,-3.5847,0.2,0.0,0.0,0.0,0.0097,0.0059,-0.8334,0.8334,-0.0166,1,1,2,0.819,0.454,0.546,0,0,0.0,5,DESCENT_PHASE,-0.0222,-0.0136
731,24.411,0.4684,-3.5658,1.8776,-0.0208,-0.0152,-0.1769,1.858,0.074,1.679,0.3973,-3.5847,0.2,0.0,0.0,0.0,0.0091,0.0066,-0.8333,0.8334,0.0107,1,1,2,0.82,0.452,0.548,0,0,0.0,5,DESCENT_PHASE,-0.0208,-0.0152
732,24.446,0.468,-3.5662,1.8741,-0.0212,-0.0182,-0.1772,1.854,0.073,1.676,0.3973,-3.5847,0.2,0.0,0.0,0.0,0.0093,0.0079,-0.8328,0.8329,-0.003,1,1,2,0.82,0.45,0.55,0,0,0.0,5,DESCENT_PHASE,-0.0212,-0.0182
733,24.482,0.4676,-3.5666,1.8705,-0.0209,-0.0203,-0.1777,1.851,0.073,1.672,0.3973,-3.5847,0.2,0.0,0.0,0.0,0.0091,0.0089,-0.8318,0.8319,0.0253,1,1,2,0.823,0.448,0.552,0,0,0.0,5,DESCENT_PHASE,-0.0209,-0.0203
734,24.519,0.4672,-3.567,1.867,-0.0211,-0.0226,-0.1774,1.847,0.072,1.669,0.3973,-3.5847,0.2,0.0,0.0,0.0,0.0092,0.0099,-0.8325,0.8326,-0.005,1,1,2,0.823,0.451,0.549,0,0,0.0,5,DESCENT_PHASE,-0.0211,-0.0226
735,24.557,0.4668,-3.5675,1.8634,-0.0191,-0.0229,-0.1771,1.843,0.072,1.665,0.3973,-3.5847,0.2,0.0,0.0,0.0,0.0083,0.01,-0.8329,0.833,0.023,1,1,2,0.825,0.452,0.548,0,0,0.0,5,DESCENT_PHASE,-0.0191,-0.0229
736,24.594,0.4664,-3.568,1.8599,-0.0177,-0.0235,-0.177,1.84,0.071,1.661,0.3973,-3.5847,0.2,0.0,0.0,0.0,0.0077,0.0103,-0.8332,0.8333,-0.0084,1,1,2,0.824,0.456,0.544,0,0,0.0,5,DESCENT_PHASE,-0.0177,-0.0235
737,24.63,0.4661,-3.5684,1.8564,-0.0147,-0.0223,-0.1769,1.836,0.071,1.658,0.3973,-3.5847,0.2,0.0,0.0,0.0,0.0064,0.0097,-0.8333,0.8334,0.0205,1,1,2,0.826,0.45,0.55,0,0,0.0,5,DESCENT_PHASE,-0.0147,-0.0223
738,24.664,0.4659,-3.5688,1.8528,-0.0126,-0.0216,-0.1769,1.833,0.07,1.654,0.3973,-3.5847,0.2,0.0,0.0,0.0,0.0055,0.0095,-0.8333,0.8334,-0.0117,1,1,2,0.825,0.455,0.545,0,0,0.0,5,DESCENT_PHASE,-0.0126,-0.0216
739,24.697,0.4657,-3.5692,1.8493,-0.0091,-0.0193,-0.1768,1.829,0.07,1.651,0.3973,-3.5847,0.2,0.0,0.0,0.0,0.004,0.0084,-0.8334,0.8334,0.0179,1,1,2,0.826,0.453,0.547,0,0,0.0,5,DESCENT_PHASE,-0.0091,-0.0193
740,24.731,0.4656,-3.5696,1.8457,-0.007,-0.0179,-0.1775,1.826,0.07,1.647,0.3973,-3.5847,0.2,0.0,0.0,0.0,0.0031,0.0078,-0.8323,0.8324,-0.0127,1,1,2,0.825,0.455,0.545,0,0,0.0,5,DESCENT_PHASE,-0.007,-0.0179
741,24.764,0.4655,-3.5699,1.8422,-0.0039,-0.015,-0.1772,1.822,0.07,1.644,0.3973,-3.5847,0.2,0.0,0.0,0.0,0.0017,0.0066,-0.8327,0.8327,0.0173,1,1,2,0.826,0.453,0.547,0,0,0.0,5,DESCENT_PHASE,-0.0039,-0.015
742,24.797,0.4654,-3.5701,1.8387,-0.0022,-0.0131,-0.1771,1.819,0.07,1.64,0.3973,-3.5847,0.2,0.0,0.0,0.0,0.001,0.0057,-0.833,0.833,-0.0156,1,1,2,0.825,0.453,0.547,0,0,0.0,5,DESCENT_PHASE,-0.0022,-0.0131
743,24.833,0.4654,-3.5703,1.8351,0.0003,-0.0099,-0.177,1.815,0.07,1.637,0.3973,-3.5847,0.2,0.0,0.0,0.0,-0.0001,0.0043,-0.8331,0.8331,0.0139,1,1,2,0.826,0.456,0.544,0,0,0.0,5,DESCENT_PHASE,0.0003,-0.0099
744,24.869,0.4655,-3.5705,1.8316,0.0011,-0.0079,-0.1769,1.812,0.07,1.633,0.3973,-3.5847,0.2,0.0,0.0,0.0,-0.0005,0.0035,-0.8332,0.8333,-0.0185,1,1,2,0.824,0.455,0.545,0,0,0.0,5,DESCENT_PHASE,0.0011,-0.0079
745,24.906,0.4655,-3.5706,1.828,0.0024,-0.0048,-0.1769,1.808,0.07,1.63,0.3973,-3.5847,0.2,0.0,0.0,0.0,-0.001,0.0021,-0.8333,0.8333,0.0106,1,1,2,0.824,0.453,0.547,0,0,0.0,5,DESCENT_PHASE,0.0024,-0.0048
746,24.941,0.4655,-3.5707,1.8245,0.0016,-0.0033,-0.177,1.804,0.07,1.626,0.3973,-3.5847,0.2,0.0,0.0,0.0,-0.0007,0.0014,-0.8331,0.8331,-0.0196,1,1,2,0.824,0.458,0.542,0,0,0.0,5,DESCENT_PHASE,0.0016,-0.0033
747,24.978,0.4656,-3.5707,1.821,0.001,-0.0008,-0.1769,1.801,0.07,1.622,0.3973,-3.5847,0.2,0.0,0.0,0.0,-0.0004,0.0004,-0.8332,0.8332,0.0088,1,1,2,0.826,0.455,0.545,0,0,0.0,5,DESCENT_PHASE,0.001,-0.0008
748,25.015,0.4656,-3.5707,1.8174,-0.0001,0.0,-0.1769,1.797,0.07,1.619,0.3973,-3.5847,0.2,0.0,0.0,0.0,0.0,-0.0,-0.8333,0.8333,-0.0227,1,1,2,0.826,0.455,0.545,0,0,0.0,5,DESCENT_PHASE,-0.0001,0.0
749,25.053,0.4656,-3.5706,1.8139,0.0006,0.0016,-0.1768,1.794,0.07,1.615,0.3973,-3.5847,0.2,0.0,0.0,0.0,-0.0003,-0.0007,-0.8334,0.8334,0.0057,1,1,2,0.827,0.454,0.546,0,0,0.0,5,DESCENT_PHASE,0.0006,0.0016
750,25.09,0.4656,-3.5706,1.8103,0.0004,0.0013,-0.1769,1.79,0.07,1.612,0.3973,-3.5847,0.2,0.0,0.0,0.0,-0.0002,-0.0006,-0.8333,0.8333,-0.021,1,1,2,0.826,0.457,0.543,0,0,0.0,5,DESCENT_PHASE,0.0004,0.0013
751,25.128,0.4656,-3.5706,1.8068,0.0016,0.0014,-0.1768,1.787,0.07,1.608,0.3973,-3.5847,0.2,0.0,0.0,0.0,-0.0007,-0.0006,-0.8334,0.8334,0.0074,1,1,2,0.828,0.458,0.542,0,0,0.0,5,DESCENT_PHASE,0.0016,0.0014
752,25.165,0.4656,-3.5706,1.8033,0.0016,-0.0001,-0.1769,1.783,0.07,1.605,0.3973,-3.5847,0.2,0.0,0.0,0.0,-0.0007,0.0001,-0.8333,0.8333,-0.0182,1,1,2,0.827,0.456,0.544,0,0,0.0,5,DESCENT_PHASE,0.0016,-0.0001
753,25.202,0.4657,-3.5706,1.7997,0.0027,-0.0011,-0.1768,1.78,0.07,1.601,0.3973,-3.5847,0.2,0.0,0.0,0.0,-0.0012,0.0005,-0.8334,0.8334,0.0099,1,1,2,0.828,0.456,0.544,0,0,0.0,5,DESCENT_PHASE,0.0027,-0.0011
754,25.24,0.4657,-3.5707,1.7962,0.0023,-0.0035,-0.1769,1.776,0.07,1.598,0.3973,-3.5847,0.2,0.0,0.0,0.0,-0.001,0.0015,-0.8333,0.8333,-0.0185,1,1,2,0.826,0.456,0.544,0,0,0.0,5,DESCENT_PHASE,0.0023,-0.0035
755,25.276,0.4658,-3.5708,1.7927,0.0027,-0.0052,-0.1769,1.773,0.07,1.594,0.3973,-3.5847,0.2,0.0,0.0,0.0,-0.0012,0.0023,-0.8333,0.8333,0.0094,1,1,2,0.827,0.453,0.547,0,0,0.0,5,DESCENT_PHASE,0.0027,-0.0052
756,25.313,0.4658,-3.571,1.7891,0.0013,-0.0083,-0.1771,1.769,0.07,1.591,0.3973,-3.5847,0.2,0.0,0.0,0.0,-0.0006,0.0036,-0.8329,0.8329,-0.0073,1,1,2,0.826,0.458,0.542,0,0,0.0,5,DESCENT_PHASE,0.0013,-0.0083
757,25.349,0.4658,-3.5712,1.7856,0.0004,-0.0107,-0.1771,1.766,0.07,1.587,0.3973,-3.5847,0.2,0.0,0.0,0.0,-0.0002,0.0047,-0.833,0.833,0.0202,1,1,2,0.828,0.457,0.543,0,0,0.0,5,DESCENT_PHASE,0.0004,-0.0107
758,25.385,0.4658,-3.5714,1.782,-0.0019,-0.0137,-0.177,1.762,0.07,1.584,0.3973,-3.5847,0.2,0.0,0.0,0.0,0.0008,0.006,-0.8331,0.8331,-0.0101,1,1,2,0.826,0.459,0.541,0,0,0.0,5,DESCENT_PHASE,-0.0019,-0.0137
759,25.423,0.4657,-3.5717,1.7785,-0.003,-0.015,-0.177,1.758,0.07,1.58,0.3973,-3.5847,0.2,0.0,0.0,0.0,0.0013,0.0065,-0.8331,0.8332,0.0173,1,1,2,0.827,0.458,0.542,0,0,0.0,5,DESCENT_PHASE,-0.003,-0.015
760,25.46,0.4656,-3.5721,1.775,-0.0058,-0.0171,-0.1771,1.755,0.069,1.576,0.3973,-3.5847,0.2,0.0,0.0,0.0,0.0025,0.0075,-0.833,0.833,-0.0126,1,1,2,0.827,0.459,0.541,0,0,0.0,5,DESCENT_PHASE,-0.0058,-0.0171
761,25.496,0.4655,-3.5724,1.7714,-0.0078,-0.0178,-0.177,1.751,0.069,1.573,0.3973,-3.5847,0.2,0.0,0.0,0.0,0.0034,0.0078,-0.8331,0.8331,0.0145,1,1,2,0.828,0.457,0.543,0,0,0.0,5,DESCENT_PHASE,-0.0078,-0.0178
762,25.532,0.4652,-3.5728,1.7679,-0.0107,-0.0195,-0.177,1.748,0.069,1.569,0.3973,-3.5847,0.2,0.0,0.0,0.0,0.0047,0.0085,-0.8331,0.8332,-0.0155,1,1,2,0.827,0.46,0.54,0,0,0.0,5,DESCENT_PHASE,-0.0107,-0.0195
763,25.568,0.465,-3.5732,1.7643,-0.0123,-0.02,-0.177,1.744,0.069,1.566,0.3973,-3.5847,0.2,0.0,0.0,0.0,0.0054,0.0088,-0.8331,0.8332,0.0117,1,1,2,0.829,0.457,0.543,0,0,0.0,5,DESCENT_PHASE,-0.0123,-0.02
764,25.604,0.4647,-3.5737,1.7608,-0.0151,-0.0218,-0.1771,1.741,0.068,1.562,0.3973,-3.5847,0.2,0.0,0.0,0.0,0.0066,0.0096,-0.8329,0.833,-0.0099,1,1,2,0.828,0.46,0.54,0,0,0.0,5,DESCENT_PHASE,-0.0151,-0.0218
765,25.64,0.4644,-3.5741,1.7573,-0.0169,-0.0227,-0.1771,1.737,0.068,1.559,0.3973,-3.5847,0.2,0.0,0.0,0.0,0.0074,0.0099,-0.833,0.8331,0.0171,1,1,2,0.829,0.461,0.539,0,0,0.0,5,DESCENT_PHASE,-0.0169,-0.0227
766,25.677,0.464,-3.5746,1.7537,-0.0199,-0.0243,-0.1771,1.734,0.067,1.555,0.3973,-3.5847,0.2,0.0,0.0,0.0,0.0087,0.0107,-0.8329,0.8331,-0.0127,1,1,2,0.829,0.462,0.538,0,0,0.0,5,DESCENT_PHASE,-0.0199,-0.0243
767,25.713,0.4635,-3.5751,1.7502,-0.0218,-0.0246,-0.1771,1.73,0.067,1.552,0.3973,-3.5847,0.2,0.0,0.0,0.0,0.0095,0.0108,-0.833,0.8331,0.0143,1,1,2,0.83,0.459,0.541,0,0,0.0,5,DESCENT_PHASE,-0.0218,-0.0246
768,25.749,0.463,-3.5756,1.7466,-0.0246,-0.0259,-0.177,1.727,0.066,1.548,0.3973,-3.5847,0.2,0.0,0.0,0.0,0.0108,0.0113,-0.8331,0.8332,-0.0156,1,1,2,0.829,0.463,0.537,0,0,0.0,5,DESCENT_PHASE,-0.0246,-0.0259
769,25.785,0.4625,-3.5761,1.7431,-0.0261,-0.026,-0.177,1.723,0.066,1.544,0.3973,-3.5847,0.2,0.0,0.0,0.0,0.0115,0.0114,-0.8331,0.8332,0.0115,1,1,2,0.831,0.459,0.541,0,0,0.0,5,DESCENT_PHASE,-0.0261,-0.026
770,25.821,0.4619,-3.5767,1.7395,-0.029,-0.0273,-0.1773,1.72,0.065,1.541,0.3973,-3.5847,0.2,0.0,0.0,0.0,0.0127,0.012,-0.8326,0.8328,-0.0057,1,1,2,0.831,0.46,0.54,0,0,0.0,5,DESCENT_PHASE,-0.029,-0.0273
771,25.856,0.4613,-3.5772,1.736,-0.0308,-0.0278,-0.1772,1.716,0.064,1.537,0.3973,-3.5847,0.2,0.0,0.0,0.0,0.0135,0.0122,-0.8328,0.833,0.0213,1,1,2,0.834,0.461,0.539,0,0,0.0,5,DESCENT_PHASE,-0.0308,-0.0278
772,25.892,0.4607,-3.5778,1.7325,-0.0325,-0.0287,-0.177,1.712,0.064,1.534,0.3973,-3.5847,0.2,0.0,0.0,0.0,0.0143,0.0126,-0.8331,0.8333,-0.0088,1,1,2,0.834,0.46,0.54,0,0,0.0,5,DESCENT_PHASE,-0.0325,-0.0287
773,25.928,0.46,-3.5784,1.7289,-0.0318,-0.0279,-0.1769,1.709,0.063,1.53,0.3973,-3.5847,0.2,0.0,0.0,0.0,0.0139,0.0122,-0.8333,0.8335,0.0187,1,1,2,0.837,0.465,0.535,0,0,0.0,5,DESCENT_PHASE,-0.0318,-0.0279
774,25.963,0.4594,-3.5789,1.7254,-0.0312,-0.0277,-0.1768,1.705,0.062,1.527,0.3973,-3.5847,0.2,0.0,0.0,0.0,0.0137,0.0122,-0.8335,0.8337,-0.0119,1,1,2,0.837,0.461,0.539,0,0,0.0,5,DESCENT_PHASE,-0.0312,-0.0277
775,25.998,0.4588,-3.5794,1.7219,-0.0285,-0.0261,-0.1767,1.702,0.062,1.523,0.3973,-3.5847,0.2,0.0,0.0,0.0,0.0125,0.0115,-0.8336,0.8337,0.016,1,1,2,0.839,0.468,0.532,0,0,0.0,5,DESCENT_PHASE,-0.0285,-0.0261
776,26.034,0.4583,-3.58,1.7183,-0.0264,-0.0254,-0.1767,1.698,0.061,1.52,0.3973,-3.5847,0.2,0.0,0.0,0.0,0.0116,0.0112,-0.8337,0.8338,-0.015,1,1,2,0.838,0.464,0.536,0,0,0.0,5,DESCENT_PHASE,-0.0264,-0.0254
777,26.069,0.4579,-3.5804,1.7148,-0.0225,-0.0234,-0.1767,1.695,0.061,1.516,0.3973,-3.5847,0.2,0.0,0.0,0.0,0.0099,0.0103,-0.8336,0.8337,0.0132,1,1,2,0.84,0.471,0.529,0,0,0.0,5,DESCENT_PHASE,-0.0225,-0.0234
778,26.107,0.4575,-3.5809,1.7113,-0.0195,-0.0227,-0.1767,1.691,0.06,1.512,0.3973,-3.5847,0.2,0.0,0.0,0.0,0.0086,0.01,-0.8336,0.8337,-0.0181,1,1,2,0.839,0.466,0.534,0,0,0.0,5,DESCENT_PHASE,-0.0195,-0.0227
779,26.142,0.4572,-3.5813,1.7077,-0.0151,-0.0208,-0.1767,1.688,0.06,1.509,0.3973,-3.5847,0.2,0.0,0.0,0.0,0.0066,0.0092,-0.8335,0.8336,0.0104,1,1,2,0.841,0.471,0.529,0,0,0.0,5,DESCENT_PHASE,-0.0151,-0.0208
780,26.18,0.4569,-3.5817,1.7042,-0.0119,-0.0205,-0.1768,1.684,0.06,1.505,0.3973,-3.5847,0.2,0.0,0.0,0.0,0.0052,0.009,-0.8335,0.8336,-0.0202,1,1,2,0.84,0.466,0.534,0,0,0.0,5,DESCENT_PHASE,-0.0119,-0.0205
781,26.218,0.4568,-3.5821,1.7006,-0.0077,-0.0192,-0.1768,1.681,0.06,1.502,0.3973,-3.5847,0.2,0.0,0.0,0.0,0.0034,0.0084,-0.8334,0.8335,0.0084,1,1,2,0.841,0.468,0.532,0,0,0.0,5,DESCENT_PHASE,-0.0077,-0.0192
782,26.255,0.4567,-3.5825,1.6971,-0.005,-0.0196,-0.1769,1.677,0.059,1.498,0.3973,-3.5847,0.2,0.0,0.0,0.0,0.0022,0.0086,-0.8332,0.8333,-0.0093,1,1,2,0.839,0.462,0.538,0,0,0.0,5,DESCENT_PHASE,-0.005,-0.0196
783,26.293,0.4566,-3.5829,1.6936,-0.0016,-0.0193,-0.1769,1.674,0.059,1.495,0.3973,-3.5847,0.2,0.0,0.0,0.0,0.0007,0.0085,-0.8333,0.8333,0.0193,1,1,2,0.84,0.461,0.539,0,0,0.0,5,DESCENT_PHASE,-0.0016,-0.0193
784,26.33,0.4566,-3.5833,1.69,-0.0,-0.0198,-0.1768,1.67,0.059,1.491,0.3973,-3.5847,0.2,0.0,0.0,0.0,0.0,0.0087,-0.8334,0.8334,-0.0123,1,1,2,0.838,0.464,0.536,0,0,0.0,5,DESCENT_PHASE,-0.0,-0.0198
785,26.369,0.4567,-3.5836,1.6865,0.002,-0.0187,-0.1768,1.666,0.059,1.488,0.3973,-3.5847,0.2,0.0,0.0,0.0,-0.0009,0.0082,-0.8334,0.8334,0.0163,1,1,2,0.839,0.465,0.535,0,0,0.0,5,DESCENT_PHASE,0.002,-0.0187
786,26.406,0.4567,-3.584,1.683,0.002,-0.0186,-0.1769,1.663,0.059,1.484,0.3973,-3.5847,0.2,0.0,0.0,0.0,-0.0009,0.0082,-0.8332,0.8332,-0.0142,1,1,2,0.838,0.462,0.538,0,0,0.0,5,DESCENT_PHASE,0.002,-0.0186
787,26.444,0.4568,-3.5843,1.6794,0.002,-0.0171,-0.1769,1.659,0.059,1.481,0.3973,-3.5847,0.2,0.0,0.0,0.0,-0.0009,0.0075,-0.8333,0.8334,0.0142,1,1,2,0.84,0.466,0.534,0,0,0.0,5,DESCENT_PHASE,0.002,-0.0171
788,26.48,0.4568,-3.5847,1.6759,0.0013,-0.0168,-0.1768,1.656,0.06,1.477,0.3973,-3.5847,0.2,0.0,0.0,0.0,-0.0006,0.0074,-0.8334,0.8334,-0.0174,1,1,2,0.839,0.465,0.535,0,0,0.0,5,DESCENT_PHASE,0.0013,-0.0168
789,26.516,0.4568,-3.585,1.6723,0.0021,-0.0154,-0.1768,1.652,0.06,1.474,0.3973,-3.5847,0.2,0.0,0.0,0.0,-0.0009,0.0068,-0.8334,0.8335,0.0114,1,1,2,0.841,0.467,0.533,0,0,0.0,5,DESCENT_PHASE,0.0021,-0.0154
790,26.552,0.4569,-3.5853,1.6688,0.0018,-0.0154,-0.1768,1.649,0.06,1.47,0.3973,-3.5847,0.2,0.0,0.0,0.0,-0.0008,0.0067,-0.8335,0.8335,-0.0206,1,1,2,0.84,0.464,0.536,0,0,0.0,5,DESCENT_PHASE,0.0018,-0.0154
791,26.587,0.4569,-3.5856,1.6653,0.0027,-0.0144,-0.1768,1.645,0.06,1.466,0.3973,-3.5847,0.2,0.0,0.0,0.0,-0.0012,0.0063,-0.8335,0.8335,0.0084,1,1,2,0.841,0.469,0.531,0,0,0.0,5,DESCENT_PHASE,0.0027,-0.0144
792,26.621,0.457,-3.5859,1.6617,0.0021,-0.0151,-0.1773,1.642,0.06,1.463,0.3973,-3.5847,0.2,0.0,0.0,0.0,-0.0009,0.0066,-0.8326,0.8326,-0.0106,1,1,2,0.839,0.465,0.535,0,0,0.0,5,DESCENT_PHASE,0.0021,-0.0151
793,26.657,0.457,-3.5862,1.6582,0.0023,-0.0152,-0.1771,1.638,0.06,1.459,0.3973,-3.5847,0.2,0.0,0.0,0.0,-0.001,0.0067,-0.8329,0.8329,0.0185,1,1,2,0.84,0.465,0.535,0,0,0.0,5,DESCENT_PHASE,0.0023,-0.0152
794,26.691,0.457,-3.5865,1.6546,0.0009,-0.0161,-0.177,1.635,0.06,1.456,0.3973,-3.5847,0.2,0.0,0.0,0.0,-0.0004,0.0071,-0.833,0.8331,-0.0132,1,1,2,0.839,0.465,0.535,0,0,0.0,5,DESCENT_PHASE,0.0009,-0.0161
795,26.726,0.457,-3.5868,1.6511,0.0001,-0.0155,-0.177,1.631,0.06,1.452,0.3973,-3.5847,0.2,0.0,0.0,0.0,-0.0,0.0068,-0.8332,0.8332,0.0156,1,1,2,0.84,0.465,0.535,0,0,0.0,5,DESCENT_PHASE,0.0001,-0.0155
796,26.76,0.457,-3.5871,1.6476,-0.0024,-0.0159,-0.177,1.628,0.06,1.449,0.3973,-3.5847,0.2,0.0,0.0,0.0,0.0011,0.007,-0.8331,0.8331,-0.0153,1,1,2,0.839,0.469,0.531,0,0,0.0,5,DESCENT_PHASE,-0.0024,-0.0159
797,26.795,0.4569,-3.5874,1.644,-0.0043,-0.0151,-0.177,1.624,0.06,1.445,0.3973,-3.5847,0.2,0.0,0.0,0.0,0.0019,0.0066,-0.8332,0.8332,0.0134,1,1,2,0.841,0.467,0.533,0,0,0.0,5,DESCENT_PHASE,-0.0043,-0.0151
798,26.828,0.4567,-3.5878,1.6405,-0.0071,-0.0156,-0.1769,1.62,0.06,1.442,0.3973,-3.5847,0.2,0.0,0.0,0.0,0.0031,0.0068,-0.8333,0.8333,-0.0185,1,1,2,0.84,0.47,0.53,0,0,0.0,5,DESCENT_PHASE,-0.0071,-0.0156
799,26.863,0.4566,-3.5881,1.637,-0.0086,-0.0149,-0.1769,1.617,0.059,1.438,0.3973,-3.5847,0.2,0.0,0.0,0.0,0.0038,0.0066,-0.8333,0.8333,0.0103,1,1,2,0.842,0.471,0.529,0,0,0.0,5,DESCENT_PHASE,-0.0086,-0.0149
800,26.896,0.4563,-3.5884,1.6334,-0.0114,-0.0158,-0.177,1.613,0.059,1.435,0.3973,-3.5847,0.2,0.0,0.0,0.0,0.005,0.0069,-0.8331,0.8331,-0.016,1,1,2,0.841,0.47,0.53,0,0,0.0,5,DESCENT_PHASE,-0.0114,-0.0158
801,26.931,0.4561,-3.5887,1.6299,-0.0133,-0.0158,-0.177,1.61,0.059,1.431,0.3973,-3.5847,0.2,0.0,0.0,0.0,0.0058,0.0069,-0.8331,0.8332,0.0128,1,1,2,0.842,0.471,0.529,0,0,0.0,5,DESCENT_PHASE,-0.0133,-0.0158
802,26.965,0.4558,-3.589,1.6263,-0.0163,-0.0171,-0.177,1.606,0.059,1.428,0.3973,-3.5847,0.2,0.0,0.0,0.0,0.0072,0.0075,-0.8331,0.8331,-0.0187,1,1,2,0.841,0.471,0.529,0,0,0.0,5,DESCENT_PHASE,-0.0163,-0.0171
803,26.998,0.4554,-3.5894,1.6228,-0.0183,-0.0174,-0.177,1.603,0.058,1.424,0.3973,-3.5847,0.2,0.0,0.0,0.0,0.008,0.0077,-0.8331,0.8331,0.0101,1,1,2,0.843,0.468,0.532,0,0,0.0,5,DESCENT_PHASE,-0.0183,-0.0174
804,27.031,0.455,-3.5898,1.6192,-0.0213,-0.0192,-0.1772,1.599,0.058,1.42,0.3973,-3.5847,0.2,0.0,0.0,0.0,0.0094,0.0085,-0.8328,0.8329,-0.0061,1,1,2,0.842,0.467,0.533,0,0,0.0,5,DESCENT_PHASE,-0.0213,-0.0192
805,27.064,0.4545,-3.5902,1.6157,-0.0232,-0.0202,-0.1771,1.596,0.057,1.417,0.3973,-3.5847,0.2,0.0,0.0,0.0,0.0102,0.0089,-0.8329,0.833,0.0227,1,1,2,0.844,0.468,0.532,0,0,0.0,5,DESCENT_PHASE,-0.0232,-0.0202
806,27.097,0.454,-3.5906,1.6122,-0.026,-0.0218,-0.177,1.592,0.057,1.413,0.3973,-3.5847,0.2,0.0,0.0,0.0,0.0114,0.0096,-0.833,0.8332,-0.0094,1,1,2,0.843,0.469,0.531,0,0,0.0,5,DESCENT_PHASE,-0.026,-0.0218
807,27.131,0.4534,-3.591,1.6086,-0.0274,-0.0214,-0.177,1.589,0.057,1.41,0.3973,-3.5847,0.2,0.0,0.0,0.0,0.0121,0.0094,-0.8331,0.8332,0.0197,1,1,2,0.845,0.471,0.529,0,0,0.0,5,DESCENT_PHASE,-0.0274,-0.0214
808,27.164,0.4528,-3.5915,1.6051,-0.03,-0.0218,-0.1771,1.585,0.056,1.406,0.3973,-3.5847,0.2,0.0,0.0,0.0,0.0132,0.0096,-0.8329,0.8331,-0.011,1,1,2,0.845,0.466,0.534,0,0,0.0,5,DESCENT_PHASE,-0.03,-0.0218
809,27.198,0.4522,-3.5919,1.6015,-0.0316,-0.0206,-0.177,1.582,0.055,1.403,0.3973,-3.5847,0.2,0.0,0.0,0.0,0.0139,0.0091,-0.8331,0.8332,0.0181,1,1,2,0.848,0.471,0.529,0,0,0.0,5,DESCENT_PHASE,-0.0316,-0.0206
810,27.232,0.4515,-3.5923,1.598,-0.0333,-0.0203,-0.1769,1.578,0.055,1.399,0.3973,-3.5847,0.2,0.0,0.0,0.0,0.0147,0.0089,-0.8333,0.8334,-0.0144,1,1,2,0.847,0.469,0.531,0,0,0.0,5,DESCENT_PHASE,-0.0333,-0.0203
811,27.266,0.4509,-3.5927,1.5945,-0.0329,-0.0186,-0.1768,1.574,0.054,1.396,0.3973,-3.5847,0.2,0.0,0.0,0.0,0.0145,0.0082,-0.8334,0.8335,0.0152,1,1,2,0.85,0.476,0.524,0,0,0.0,5,DESCENT_PHASE,-0.0329,-0.0186
812,27.301,0.4502,-3.593,1.5909,-0.033,-0.018,-0.177,1.571,0.054,1.392,0.3973,-3.5847,0.2,0.0,0.0,0.0,0.0145,0.0079,-0.8331,0.8333,-0.0175,1,1,2,0.849,0.471,0.529,0,0,0.0,5,DESCENT_PHASE,-0.033,-0.018
813,27.334,0.4496,-3.5933,1.5874,-0.0313,-0.0162,-0.1769,1.567,0.053,1.388,0.3973,-3.5847,0.2,0.0,0.0,0.0,0.0138,0.0071,-0.8333,0.8334,0.0125,1,1,2,0.851,0.481,0.519,0,0,0.0,5,DESCENT_PHASE,-0.0313,-0.0162
814,27.369,0.449,-3.5937,1.5839,-0.0303,-0.0158,-0.177,1.564,0.052,1.385,0.3973,-3.5847,0.2,0.0,0.0,0.0,0.0134,0.0069,-0.8331,0.8333,-0.0206,1,1,2,0.85,0.473,0.527,0,0,0.0,5,DESCENT_PHASE,-0.0303,-0.0158
815,27.403,0.4484,-3.5939,1.5803,-0.0279,-0.0144,-0.1769,1.56,0.052,1.381,0.3973,-3.5847,0.2,0.0,0.0,0.0,0.0123,0.0063,-0.8333,0.8334,0.0095,1,1,2,0.852,0.482,0.518,0,0,0.0,5,DESCENT_PHASE,-0.0279,-0.0144
816,27.437,0.4479,-3.5942,1.5768,-0.0266,-0.0146,-0.177,1.557,0.052,1.378,0.3973,-3.5847,0.2,0.0,0.0,0.0,0.0117,0.0064,-0.8331,0.8332,-0.0176,1,1,2,0.851,0.477,0.523,0,0,0.0,5,DESCENT_PHASE,-0.0266,-0.0146
817,27.471,0.4474,-3.5945,1.5732,-0.0241,-0.0141,-0.1769,1.553,0.051,1.374,0.3973,-3.5847,0.2,0.0,0.0,0.0,0.0106,0.0062,-0.8332,0.8333,0.0124,1,1,2,0.852,0.48,0.52,0,0,0.0,5,DESCENT_PHASE,-0.0241,-0.0141
818,27.504,0.4469,-3.5948,1.5697,-0.0229,-0.0151,-0.1768,1.55,0.051,1.371,0.3973,-3.5847,0.2,0.0,0.0,0.0,0.0101,0.0066,-0.8334,0.8335,-0.0208,1,1,2,0.851,0.476,0.524,0,0,0.0,5,DESCENT_PHASE,-0.0229,-0.0151
819,27.539,0.4465,-3.5951,1.5662,-0.0209,-0.015,-0.1768,1.546,0.05,1.367,0.3973,-3.5847,0.2,0.0,0.0,0.0,0.0092,0.0066,-0.8334,0.8335,0.0091,1,1,2,0.852,0.477,0.523,0,0,0.0,5,DESCENT_PHASE,-0.0209,-0.015
820,27.574,0.4461,-3.5954,1.5626,-0.0206,-0.0166,-0.1771,1.543,0.05,1.364,0.3973,-3.5847,0.2,0.0,0.0,0.0,0.0091,0.0073,-0.8329,0.833,-0.0062,1,1,2,0.851,0.476,0.524,0,0,0.0,5,DESCENT_PHASE,-0.0206,-0.0166
821,27.609,0.4457,-3.5958,1.5591,-0.0197,-0.0175,-0.177,1.539,0.05,1.36,0.3973,-3.5847,0.2,0.0,0.0,0.0,0.0087,0.0077,-0.8331,0.8332,0.0233,1,1,2,0.854,0.484,0.516,0,0,0.0,5,DESCENT_PHASE,-0.0197,-0.0175
822,27.643,0.4453,-3.5962,1.5555,-0.0192,-0.0189,-0.1769,1.536,0.049,1.356,0.3973,-3.5847,0.2,0.0,0.0,0.0,0.0085,0.0083,-0.8333,0.8334,-0.0096,1,1,2,0.853,0.481,0.519,0,0,0.0,5,DESCENT_PHASE,-0.0192,-0.0189
823,27.676,0.445,-3.5965,1.552,-0.017,-0.0184,-0.1768,1.532,0.049,1.353,0.3973,-3.5847,0.2,0.0,0.0,0.0,0.0075,0.0081,-0.8334,0.8335,0.0202,1,1,2,0.855,0.488,0.512,0,0,0.0,5,DESCENT_PHASE,-0.017,-0.0184
824,27.711,0.4447,-3.5969,1.5485,-0.0154,-0.0187,-0.1768,1.528,0.049,1.349,0.3973,-3.5847,0.2,0.0,0.0,0.0,0.0068,0.0082,-0.8335,0.8335,-0.0128,1,1,2,0.855,0.484,0.516,0,0,0.0,5,DESCENT_PHASE,-0.0154,-0.0187
825,27.745,0.4444,-3.5973,1.5449,-0.0123,-0.0173,-0.1768,1.525,0.049,1.346,0.3973,-3.5847,0.2,0.0,0.0,0.0,0.0054,0.0076,-0.8335,0.8335,0.017,1,1,2,0.856,0.49,0.51,0,0,0.0,5,DESCENT_PHASE,-0.0123,-0.0173
826,27.779,0.4442,-3.5976,1.5414,-0.0103,-0.017,-0.1768,1.521,0.049,1.342,0.3973,-3.5847,0.2,0.0,0.0,0.0,0.0045,0.0075,-0.8335,0.8336,-0.016,1,1,2,0.855,0.484,0.516,0,0,0.0,5,DESCENT_PHASE,-0.0103,-0.017
827,27.813,0.4441,-3.5979,1.5379,-0.007,-0.0152,-0.1768,1.518,0.049,1.339,0.3973,-3.5847,0.2,0.0,0.0,0.0,0.0031,0.0067,-0.8335,0.8335,0.0139,1,1,2,0.856,0.489,0.511,0,0,0.0,5,DESCENT_PHASE,-0.007,-0.0152
828,27.847,0.444,-3.5982,1.5343,-0.0052,-0.0148,-0.1768,1.514,0.049,1.335,0.3973,-3.5847,0.2,0.0,0.0,0.0,0.0023,0.0065,-0.8335,0.8335,-0.0191,1,1,2,0.855,0.481,0.519,0,0,0.0,5,DESCENT_PHASE,-0.0052,-0.0148
829,27.88,0.4439,-3.5985,1.5308,-0.0025,-0.0133,-0.1768,1.511,0.049,1.332,0.3973,-3.5847,0.2,0.0,0.0,0.0,0.0011,0.0059,-0.8335,0.8335,0.0107,1,1,2,0.856,0.485,0.515,0,0,0.0,5,DESCENT_PHASE,-0.0025,-0.0133
830,27.914,0.4439,-3.5987,1.5273,-0.0015,-0.0133,-0.1768,1.507,0.049,1.328,0.3973,-3.5847,0.2,0.0,0.0,0.0,0.0007,0.0059,-0.8335,0.8335,-0.0222,1,1,2,0.854,0.476,0.524,0,0,0.0,5,DESCENT_PHASE,-0.0015,-0.0133
831,27.948,0.4439,-3.599,1.5237,-0.0,-0.0125,-0.1768,1.504,0.049,1.325,0.3973,-3.5847,0.2,0.0,0.0,0.0,0.0,0.0055,-0.8335,0.8335,0.0074,1,1,2,0.855,0.48,0.52,0,0,0.0,5,DESCENT_PHASE,-0.0,-0.0125
832,27.981,0.4439,-3.5993,1.5202,-0.0006,-0.0134,-0.1774,1.5,0.049,1.321,0.3973,-3.5847,0.2,0.0,0.0,0.0,0.0002,0.0059,-0.8325,0.8325,-0.0069,1,1,2,0.855,0.474,0.526,0,0,0.0,5,DESCENT_PHASE,-0.0006,-0.0134
833,28.014,0.4439,-3.5995,1.5166,-0.0009,-0.0138,-0.1772,1.497,0.049,1.318,0.3973,-3.5847,0.2,0.0,0.0,0.0,0.0004,0.0061,-0.8328,0.8328,0.0223,1,1,2,0.857,0.483,0.517,0,0,0.0,5,DESCENT_PHASE,-0.0009,-0.0138
834,28.048,0.4439,-3.5998,1.5131,-0.0016,-0.0147,-0.177,1.493,0.049,1.314,0.3973,-3.5847,0.2,0.0,0.0,0.0,0.0007,0.0065,-0.8331,0.8331,-0.0101,1,1,2,0.856,0.479,0.521,0,0,0.0,5,DESCENT_PHASE,-0.0016,-0.0147
835,28.082,0.4438,-3.6001,1.5096,-0.0008,-0.0138,-0.1769,1.49,0.049,1.31,0.3973,-3.5847,0.2,0.0,0.0,0.0,0.0004,0.0061,-0.8332,0.8333,0.0192,1,1,2,0.858,0.486,0.514,0,0,0.0,5,DESCENT_PHASE,-0.0008,-0.0138
836,28.115,0.4438,-3.6004,1.506,-0.001,-0.0138,-0.1769,1.486,0.049,1.307,0.3973,-3.5847,0.2,0.0,0.0,0.0,0.0004,0.0061,-0.8334,0.8334,-0.0133,1,1,2,0.857,0.48,0.52,0,0,0.0,5,DESCENT_PHASE,-0.001,-0.0138
837,28.151,0.4438,-3.6006,1.5025,0.0001,-0.0121,-0.1768,1.482,0.049,1.303,0.3973,-3.5847,0.2,0.0,0.0,0.0,-0.0,0.0053,-0.8334,0.8334,0.016,1,1,2,0.858,0.485,0.515,0,0,0.0,5,DESCENT_PHASE,0.0001,-0.0121
838,28.184,0.4438,-3.6009,1.4989,-0.0002,-0.0116,-0.1768,1.479,0.049,1.3,0.3973,-3.5847,0.2,0.0,0.0,0.0,0.0001,0.0051,-0.8335,0.8335,-0.0163,1,1,2,0.857,0.477,0.523,0,0,0.0,5,DESCENT_PHASE,-0.0002,-0.0116
839,28.219,0.4438,-3.601,1.4954,0.0005,-0.0097,-0.1768,1.475,0.049,1.296,0.3973,-3.5847,0.2,0.0,0.0,0.0,-0.0002,0.0043,-0.8335,0.8335,0.0128,1,1,2,0.858,0.481,0.519,0,0,0.0,5,DESCENT_PHASE,0.0005,-0.0097
840,28.253,0.4438,-3.6012,1.4919,-0.0005,-0.0092,-0.1768,1.472,0.049,1.293,0.3973,-3.5847,0.2,0.0,0.0,0.0,0.0002,0.004,-0.8334,0.8334,-0.0191,1,1,2,0.856,0.474,0.526,0,0,0.0,5,DESCENT_PHASE,-0.0005,-0.0092
841,28.288,0.4438,-3.6014,1.4883,-0.0009,-0.0076,-0.1768,1.468,0.049,1.289,0.3973,-3.5847,0.2,0.0,0.0,0.0,0.0004,0.0034,-0.8334,0.8334,0.0099,1,1,2,0.857,0.479,0.521,0,0,0.0,5,DESCENT_PHASE,-0.0009,-0.0076
842,28.322,0.4437,-3.6015,1.4848,-0.003,-0.0076,-0.1769,1.465,0.049,1.286,0.3973,-3.5847,0.2,0.0,0.0,0.0,0.0013,0.0034,-0.8332,0.8332,-0.0209,1,1,2,0.857,0.478,0.522,0,0,0.0,5,DESCENT_PHASE,-0.003,-0.0076
843,28.359,0.4436,-3.6017,1.4813,-0.0045,-0.0068,-0.1769,1.461,0.049,1.282,0.3973,-3.5847,0.2,0.0,0.0,0.0,0.002,0.003,-0.8333,0.8333,0.0078,1,1,2,0.859,0.484,0.516,0,0,0.0,5,DESCENT_PHASE,-0.0045,-0.0068
844,28.396,0.4435,-3.6018,1.4777,-0.0069,-0.0077,-0.177,1.458,0.049,1.279,0.3973,-3.5847,0.2,0.0,0.0,0.0,0.003,0.0034,-0.8332,0.8332,-0.0149,1,1,2,0.858,0.48,0.52,0,0,0.0,5,DESCENT_PHASE,-0.0069,-0.0077
845,28.432,0.4434,-3.602,1.4742,-0.0077,-0.0079,-0.1769,1.454,0.049,1.275,0.3973,-3.5847,0.2,0.0,0.0,0.0,0.0034,0.0035,-0.8332,0.8333,0.0139,1,1,2,0.859,0.486,0.514,0,0,0.0,5,DESCENT_PHASE,-0.0077,-0.0079
846,28.468,0.4432,-3.6022,1.4706,-0.0097,-0.0094,-0.1769,1.451,0.049,1.272,0.3973,-3.5847,0.2,0.0,0.0,0.0,0.0043,0.0041,-0.8333,0.8333,-0.018,1,1,2,0.858,0.48,0.52,0,0,0.0,5,DESCENT_PHASE,-0.0097,-0.0094
847,28.517,0.443,-3.6024,1.4671,-0.0105,-0.0097,-0.1769,1.447,0.049,1.268,0.3973,-3.5847,0.2,0.0,0.0,0.0,0.0046,0.0043,-0.8333,0.8333,0.0108,1,1,2,0.859,0.483,0.517,0,0,0.0,5,DESCENT_PHASE,-0.0105,-0.0097
848,28.555,0.4427,-3.6026,1.4636,-0.0127,-0.0115,-0.177,1.444,0.049,1.265,0.3973,-3.5847,0.2,0.0,0.0,0.0,0.0056,0.0051,-0.8331,0.8331,-0.0166,1,1,2,0.859,0.481,0.519,0,0,0.0,5,DESCENT_PHASE,-0.0127,-0.0115
849,28.593,0.4424,-3.6028,1.46,-0.014,-0.0124,-0.177,1.44,0.049,1.261,0.3973,-3.5847,0.2,0.0,0.0,0.0,0.0062,0.0055,-0.8331,0.8332,0.0122,1,1,2,0.86,0.487,0.513,0,0,0.0,5,DESCENT_PHASE,-0.014,-0.0124
850,28.631,0.4421,-3.6031,1.4565,-0.0163,-0.0147,-0.177,1.436,0.048,1.257,0.3973,-3.5847,0.2,0.0,0.0,0.0,0.0072,0.0065,-0.8331,0.8331,-0.0156,1,1,2,0.86,0.481,0.519,0,0,0.0,5,DESCENT_PHASE,-0.0163,-0.0147
851,28.668,0.4417,-3.6035,1.4529,-0.0174,-0.016,-0.177,1.433,0.048,1.254,0.3973,-3.5847,0.2,0.0,0.0,0.0,0.0077,0.0071,-0.8331,0.8332,0.0132,1,1,2,0.861,0.484,0.516,0,0,0.0,5,DESCENT_PHASE,-0.0174,-0.016
852,28.703,0.4413,-3.6038,1.4494,-0.0198,-0.0186,-0.1771,1.429,0.048,1.25,0.3973,-3.5847,0.2,0.0,0.0,0.0,0.0087,0.0082,-0.8329,0.8329,-0.0134,1,1,2,0.86,0.483,0.517,0,0,0.0,5,DESCENT_PHASE,-0.0198,-0.0186
853,28.737,0.4409,-3.6042,1.4459,-0.0212,-0.02,-0.1771,1.426,0.048,1.247,0.3973,-3.5847,0.2,0.0,0.0,0.0,0.0094,0.0088,-0.8329,0.833,0.0154,1,1,2,0.862,0.49,0.51,0,0,0.0,5,DESCENT_PHASE,-0.0212,-0.02
854,28.771,0.4405,-3.6047,1.4423,-0.0233,-0.0226,-0.177,1.422,0.048,1.243,0.3973,-3.5847,0.2,0.0,0.0,0.0,0.0103,0.01,-0.833,0.8332,-0.0167,1,1,2,0.862,0.486,0.514,0,0,0.0,5,DESCENT_PHASE,-0.0233,-0.0226
855,28.805,0.44,-3.6052,1.4388,-0.0239,-0.0239,-0.177,1.419,0.047,1.24,0.3973,-3.5847,0.2,0.0,0.0,0.0,0.0106,0.0106,-0.833,0.8332,0.0124,1,1,2,0.863,0.492,0.508,0,0,0.0,5,DESCENT_PHASE,-0.0239,-0.0239
856,28.839,0.4395,-3.6057,1.4352,-0.0256,-0.0266,-0.1771,1.415,0.047,1.236,0.3973,-3.5847,0.2,0.0,0.0,0.0,0.0113,0.0118,-0.8328,0.833,-0.0024,1,1,2,0.862,0.489,0.511,0,0,0.0,5,DESCENT_PHASE,-0.0256,-0.0266
857,28.873,0.4389,-3.6063,1.4317,-0.026,-0.0283,-0.1771,1.412,0.047,1.233,0.3973,-3.5847,0.2,0.0,0.0,0.0,0.0115,0.0125,-0.8329,0.8331,0.0268,1,1,2,0.864,0.488,0.512,0,0,0.0,5,DESCENT_PHASE,-0.026,-0.0283
858,28.907,0.4384,-3.6069,1.4282,-0.0278,-0.0302,-0.1771,1.408,0.047,1.229,0.3973,-3.5847,0.2,0.0,0.0,0.0,0.0123,0.0133,-0.8329,0.8331,-0.0041,1,1,2,0.864,0.486,0.514,0,0,0.0,5,DESCENT_PHASE,-0.0278,-0.0302
859,28.94,0.4378,-3.6075,1.4246,-0.0286,-0.0298,-0.177,1.405,0.047,1.225,0.3973,-3.5847,0.2,0.0,0.0,0.0,0.0126,0.0132,-0.8331,0.8333,0.0251,1,1,2,0.866,0.497,0.503,0,0,0.0,5,DESCENT_PHASE,-0.0286,-0.0298
860,28.974,0.4372,-3.6081,1.4211,-0.0298,-0.0299,-0.1769,1.401,0.046,1.222,0.3973,-3.5847,0.2,0.0,0.0,0.0,0.0132,0.0132,-0.8333,0.8335,-0.0075,1,1,2,0.866,0.494,0.506,0,0,0.0,5,DESCENT_PHASE,-0.0298,-0.0299
861,29.008,0.4366,-3.6086,1.4175,-0.0291,-0.0278,-0.1768,1.398,0.046,1.218,0.3973,-3.5847,0.2,0.0,0.0,0.0,0.0129,0.0123,-0.8334,0.8336,0.0221,1,1,2,0.867,0.502,0.498,0,0,0.0,5,DESCENT_PHASE,-0.0291,-0.0278
862,29.042,0.4361,-3.6091,1.414,-0.0292,-0.0264,-0.1767,1.394,0.046,1.215,0.3973,-3.5847,0.2,0.0,0.0,0.0,0.0129,0.0117,-0.8336,0.8337,-0.0109,1,1,2,0.867,0.498,0.502,0,0,0.0,5,DESCENT_PHASE,-0.0292,-0.0264
863,29.077,0.4355,-3.6096,1.4105,-0.0276,-0.0231,-0.1767,1.39,0.046,1.211,0.3973,-3.5847,0.2,0.0,0.0,0.0,0.0122,0.0102,-0.8336,0.8337,0.0191,1,1,2,0.868,0.504,0.496,0,0,0.0,5,DESCENT_PHASE,-0.0276,-0.0231
864,29.111,0.435,-3.61,1.4069,-0.0271,-0.0208,-0.1768,1.387,0.045,1.208,0.3973,-3.5847,0.2,0.0,0.0,0.0,0.012,0.0092,-0.8335,0.8336,-0.0142,1,1,2,0.867,0.498,0.502,0,0,0.0,5,DESCENT_PHASE,-0.0271,-0.0208
865,29.145,0.4345,-3.6104,1.4034,-0.0254,-0.0169,-0.1768,1.383,0.045,1.204,0.3973,-3.5847,0.2,0.0,0.0,0.0,0.0112,0.0075,-0.8335,0.8336,0.016,1,1,2,0.869,0.503,0.497,0,0,0.0,5,DESCENT_PHASE,-0.0254,-0.0169
866,29.178,0.434,-3.6106,1.3999,-0.025,-0.0141,-0.1773,1.38,0.045,1.201,0.3973,-3.5847,0.2,0.0,0.0,0.0,0.0111,0.0063,-0.8325,0.8326,-0.0163,1,1,2,0.868,0.497,0.503,0,0,0.0,5,DESCENT_PHASE,-0.025,-0.0141
867,29.212,0.4335,-3.6108,1.3963,-0.0238,-0.0101,-0.1772,1.376,0.045,1.197,0.3973,-3.5847,0.2,0.0,0.0,0.0,0.0105,0.0045,-0.8328,0.8329,0.0139,1,1,2,0.869,0.502,0.498,0,0,0.0,5,DESCENT_PHASE,-0.0238,-0.0101
868,29.247,0.433,-3.611,1.3928,-0.0238,-0.0074,-0.1771,1.373,0.044,1.194,0.3973,-3.5847,0.2,0.0,0.0,0.0,0.0105,0.0033,-0.833,0.833,-0.0187,1,1,2,0.868,0.497,0.503,0,0,0.0,5,DESCENT_PHASE,-0.0238,-0.0074
869,29.281,0.4325,-3.6111,1.3892,-0.0231,-0.0035,-0.177,1.369,0.044,1.19,0.3973,-3.5847,0.2,0.0,0.0,0.0,0.0102,0.0015,-0.8331,0.8332,0.0112,1,1,2,0.869,0.502,0.498,0,0,0.0,5,DESCENT_PHASE,-0.0231,-0.0035
870,29.315,0.4321,-3.6111,1.3857,-0.0234,-0.0012,-0.1769,1.366,0.044,1.186,0.3973,-3.5847,0.2,0.0,0.0,0.0,0.0103,0.0005,-0.8332,0.8333,-0.0218,1,1,2,0.868,0.496,0.504,0,0,0.0,5,DESCENT_PHASE,-0.0234,-0.0012
871,29.35,0.4316,-3.611,1.3821,-0.0227,0.0021,-0.1769,1.362,0.043,1.183,0.3973,-3.5847,0.2,0.0,0.0,0.0,0.01,-0.0009,-0.8332,0.8333,0.0079,1,1,2,0.869,0.5,0.5,0,0,0.0,5,DESCENT_PHASE,-0.0227,0.0021
872,29.385,0.4311,-3.611,1.3786,-0.0235,0.0035,-0.177,1.359,0.043,1.179,0.3973,-3.5847,0.2,0.0,0.0,0.0,0.0104,-0.0015,-0.8331,0.8331,-0.023,1,1,2,0.87,0.498,0.502,0,0,0.0,5,DESCENT_PHASE,-0.0235,0.0035
873,29.418,0.4307,-3.6109,1.3751,-0.0235,0.0056,-0.1769,1.355,0.042,1.176,0.3973,-3.5847,0.2,0.0,0.0,0.0,0.0104,-0.0025,-0.8332,0.8333,0.0062,1,1,2,0.872,0.507,0.493,0,0,0.0,5,DESCENT_PHASE,-0.0235,0.0056
874,29.452,0.4302,-3.6107,1.3715,-0.0239,0.0058,-0.1769,1.352,0.042,1.172,0.3973,-3.5847,0.2,0.0,0.0,0.0,0.0106,-0.0026,-0.8333,0.8334,-0.0262,1,1,2,0.871,0.504,0.496,0,0,0.0,5,DESCENT_PHASE,-0.0239,0.0058
875,29.487,0.4298,-3.6106,1.368,-0.0223,0.0065,-0.1768,1.348,0.042,1.169,0.3973,-3.5847,0.2,0.0,0.0,0.0,0.0099,-0.0029,-0.8334,0.8335,0.0031,1,1,2,0.873,0.512,0.488,0,0,0.0,5,DESCENT_PHASE,-0.0223,0.0065
876,29.52,0.4293,-3.6105,1.3645,-0.0214,0.0051,-0.1769,1.344,0.041,1.165,0.3973,-3.5847,0.2,0.0,0.0,0.0,0.0095,-0.0022,-0.8332,0.8333,-0.0082,1,1,2,0.873,0.508,0.492,0,0,0.0,5,DESCENT_PHASE,-0.0214,0.0051
877,29.555,0.4289,-3.6104,1.3609,-0.019,0.0039,-0.1769,1.341,0.041,1.162,0.3973,-3.5847,0.2,0.0,0.0,0.0,0.0084,-0.0017,-0.8333,0.8334,0.0212,1,1,2,0.874,0.514,0.486,0,0,0.0,5,DESCENT_PHASE,-0.019,0.0039
878,29.59,0.4286,-3.6104,1.3574,-0.0174,0.002,-0.1768,1.337,0.041,1.158,0.3973,-3.5847,0.2,0.0,0.0,0.0,0.0077,-0.0009,-0.8334,0.8335,-0.0113,1,1,2,0.873,0.51,0.49,0,0,0.0,5,DESCENT_PHASE,-0.0174,0.002
879,29.627,0.4283,-3.6104,1.3538,-0.0146,0.0018,-0.1768,1.334,0.04,1.155,0.3973,-3.5847,0.2,0.0,0.0,0.0,0.0064,-0.0008,-0.8334,0.8335,0.018,1,1,2,0.875,0.515,0.485,0,0,0.0,5,DESCENT_PHASE,-0.0146,0.0018
880,29.662,0.428,-3.6103,1.3503,-0.0129,0.0008,-0.1768,1.33,0.04,1.151,0.3973,-3.5847,0.2,0.0,0.0,0.0,0.0057,-0.0003,-0.8335,0.8335,-0.0143,1,1,2,0.874,0.509,0.491,0,0,0.0,5,DESCENT_PHASE,-0.0129,0.0008
881,29.698,0.4278,-3.6103,1.3468,-0.0103,0.0012,-0.1768,1.327,0.04,1.147,0.3973,-3.5847,0.2,0.0,0.0,0.0,0.0046,-0.0005,-0.8335,0.8335,0.0148,1,1,2,0.875,0.512,0.488,0,0,0.0,5,DESCENT_PHASE,-0.0103,0.0012
882,29.734,0.4277,-3.6103,1.3432,-0.0093,0.0004,-0.1768,1.323,0.04,1.144,0.3973,-3.5847,0.2,0.0,0.0,0.0,0.0041,-0.0002,-0.8335,0.8335,-0.0173,1,1,2,0.873,0.504,0.496,0,0,0.0,5,DESCENT_PHASE,-0.0093,0.0004
883,29.771,0.4275,-3.6103,1.3397,-0.0076,0.0008,-0.1768,1.32,0.04,1.14,0.3973,-3.5847,0.2,0.0,0.0,0.0,0.0034,-0.0004,-0.8335,0.8335,0.0117,1,1,2,0.874,0.506,0.494,0,0,0.0,5,DESCENT_PHASE,-0.0076,0.0008
884,29.806,0.4273,-3.6103,1.3362,-0.0079,-0.0001,-0.1769,1.316,0.04,1.137,0.3973,-3.5847,0.2,0.0,0.0,0.0,0.0035,0.0001,-0.8332,0.8332,-0.0188,1,1,2,0.874,0.504,0.496,0,0,0.0,5,DESCENT_PHASE,-0.0079,-0.0001
885,29.843,0.4272,-3.6103,1.3326,-0.0078,-0.0002,-0.1769,1.313,0.039,1.133,0.3973,-3.5847,0.2,0.0,0.0,0.0,0.0034,0.0001,-0.8333,0.8333,0.0097,1,1,2,0.876,0.512,0.488,0,0,0.0,5,DESCENT_PHASE,-0.0078,-0.0002
886,29.879,0.427,-3.6103,1.3291,-0.0083,-0.0017,-0.1768,1.309,0.039,1.13,0.3973,-3.5847,0.2,0.0,0.0,0.0,0.0037,0.0008,-0.8334,0.8334,-0.022,1,1,2,0.875,0.507,0.493,0,0,0.0,5,DESCENT_PHASE,-0.0083,-0.0017
887,29.915,0.4269,-3.6104,1.3256,-0.0071,-0.0025,-0.1768,1.306,0.039,1.126,0.3973,-3.5847,0.2,0.0,0.0,0.0,0.0031,0.0011,-0.8334,0.8334,0.0067,1,1,2,0.877,0.514,0.486,0,0,0.0,5,DESCENT_PHASE,-0.0071,-0.0025
888,29.952,0.4267,-3.6105,1.322,-0.0069,-0.0051,-0.177,1.302,0.039,1.123,0.3973,-3.5847,0.2,0.0,0.0,0.0,0.0031,0.0022,-0.8331,0.8331,-0.0049,1,1,2,0.876,0.509,0.491,0,0,0.0,5,DESCENT_PHASE,-0.0069,-0.0051
889,29.988,0.4266,-3.6106,1.3185,-0.0054,-0.0071,-0.1769,1.298,0.039,1.119,0.3973,-3.5847,0.2,0.0,0.0,0.0,0.0024,0.0031,-0.8332,0.8332,0.0238,1,1,2,0.877,0.515,0.485,0,0,0.0,5,DESCENT_PHASE,-0.0054,-0.0071
890,30.024,0.4265,-3.6108,1.3149,-0.005,-0.0095,-0.1769,1.295,0.039,1.116,0.3973,-3.5847,0.2,0.0,0.0,0.0,0.0022,0.0042,-0.8333,0.8333,-0.0079,1,1,2,0.876,0.509,0.491,0,0,0.0,5,DESCENT_PHASE,-0.005,-0.0095
891,30.061,0.4265,-3.611,1.3114,-0.0036,-0.01,-0.1769,1.291,0.039,1.112,0.3973,-3.5847,0.2,0.0,0.0,0.0,0.0016,0.0044,-0.8334,0.8334,0.0207,1,1,2,0.877,0.513,0.487,0,0,0.0,5,DESCENT_PHASE,-0.0036,-0.01
892,30.097,0.4264,-3.6112,1.3079,-0.0036,-0.0111,-0.1768,1.288,0.039,1.109,0.3973,-3.5847,0.2,0.0,0.0,0.0,0.0016,0.0049,-0.8334,0.8334,-0.0109,1,1,2,0.876,0.505,0.495,0,0,0.0,5,DESCENT_PHASE,-0.0036,-0.0111
893,30.134,0.4263,-3.6115,1.3043,-0.0029,-0.0105,-0.1768,1.284,0.04,1.105,0.3973,-3.5847,0.2,0.0,0.0,0.0,0.0013,0.0047,-0.8334,0.8334,0.0176,1,1,2,0.877,0.508,0.492,0,0,0.0,5,DESCENT_PHASE,-0.0029,-0.0105
894,30.17,0.4263,-3.6117,1.3008,-0.0041,-0.0109,-0.1769,1.281,0.04,1.102,0.3973,-3.5847,0.2,0.0,0.0,0.0,0.0018,0.0048,-0.8332,0.8332,-0.0129,1,1,2,0.876,0.505,0.495,0,0,0.0,5,DESCENT_PHASE,-0.0041,-0.0109
895,30.207,0.4262,-3.6119,1.2973,-0.0048,-0.0097,-0.1769,1.277,0.04,1.098,0.3973,-3.5847,0.2,0.0,0.0,0.0,0.0021,0.0043,-0.8333,0.8333,0.0154,1,1,2,0.878,0.513,0.487,0,0,0.0,5,DESCENT_PHASE,-0.0048,-0.0097
896,30.242,0.426,-3.6121,1.2937,-0.0063,-0.0097,-0.1768,1.274,0.04,1.094,0.3973,-3.5847,0.2,0.0,0.0,0.0,0.0028,0.0043,-0.8334,0.8334,-0.016,1,1,2,0.878,0.508,0.492,0,0,0.0,5,DESCENT_PHASE,-0.0063,-0.0097
897,30.28,0.4259,-3.6122,1.2902,-0.0063,-0.0083,-0.1768,1.27,0.04,1.091,0.3973,-3.5847,0.2,0.0,0.0,0.0,0.0028,0.0037,-0.8334,0.8334,0.0125,1,1,2,0.879,0.514,0.486,0,0,0.0,5,DESCENT_PHASE,-0.0063,-0.0083
898,30.315,0.4258,-3.6124,1.2866,-0.0074,-0.0083,-0.1768,1.267,0.04,1.087,0.3973,-3.5847,0.2,0.0,0.0,0.0,0.0033,0.0037,-0.8335,0.8335,-0.0191,1,1,2,0.878,0.508,0.492,0,0,0.0,5,DESCENT_PHASE,-0.0074,-0.0083
899,30.352,0.4256,-3.6125,1.2831,-0.0074,-0.0073,-0.1768,1.263,0.04,1.084,0.3973,-3.5847,0.2,0.0,0.0,0.0,0.0033,0.0032,-0.8334,0.8335,0.0095,1,1,2,0.879,0.512,0.488,0,0,0.0,5,DESCENT_PHASE,-0.0074,-0.0073
900,30.387,0.4254,-3.6127,1.2796,-0.0088,-0.0078,-0.1768,1.26,0.04,1.08,0.3973,-3.5847,0.2,0.0,0.0,0.0,0.0039,0.0034,-0.8334,0.8334,-0.0221,1,1,2,0.878,0.504,0.496,0,0,0.0,5,DESCENT_PHASE,-0.0088,-0.0078
901,30.422,0.4252,-3.6128,1.276,-0.0094,-0.0075,-0.1768,1.256,0.04,1.077,0.3973,-3.5847,0.2,0.0,0.0,0.0,0.0041,0.0033,-0.8334,0.8334,0.0065,1,1,2,0.879,0.508,0.492,0,0,0.0,5,DESCENT_PHASE,-0.0094,-0.0075
902,30.457,0.425,-3.613,1.2725,-0.0116,-0.0091,-0.1771,1.252,0.04,1.073,0.3973,-3.5847,0.2,0.0,0.0,0.0,0.0051,0.004,-0.8328,0.8329,-0.0049,1,1,2,0.879,0.507,0.493,0,0,0.0,5,DESCENT_PHASE,-0.0116,-0.0091
903,30.491,0.4247,-3.6132,1.269,-0.0131,-0.0101,-0.177,1.249,0.04,1.07,0.3973,-3.5847,0.2,0.0,0.0,0.0,0.0058,0.0045,-0.833,0.833,0.0235,1,1,2,0.881,0.518,0.482,0,0,0.0,5,DESCENT_PHASE,-0.0131,-0.0101
904,30.525,0.4244,-3.6135,1.2654,-0.015,-0.0115,-0.1769,1.245,0.04,1.066,0.3973,-3.5847,0.2,0.0,0.0,0.0,0.0066,0.0051,-0.8332,0.8332,-0.0083,1,1,2,0.881,0.515,0.485,0,0,0.0,5,DESCENT_PHASE,-0.015,-0.0115
905,30.559,0.4242,-3.6137,1.2619,-0.0148,-0.011,-0.1769,1.242,0.04,1.063,0.3973,-3.5847,0.2,0.0,0.0,0.0,0.0065,0.0049,-0.8333,0.8333,0.0207,1,1,2,0.883,0.523,0.477,0,0,0.0,5,DESCENT_PHASE,-0.0148,-0.011
906,30.592,0.4239,-3.6139,1.2583,-0.0151,-0.0112,-0.1768,1.238,0.04,1.059,0.3973,-3.5847,0.2,0.0,0.0,0.0,0.0067,0.005,-0.8334,0.8335,-0.0116,1,1,2,0.882,0.52,0.48,0,0,0.0,5,DESCENT_PHASE,-0.0151,-0.0112
907,30.626,0.4236,-3.6141,1.2548,-0.0138,-0.0097,-0.1768,1.235,0.039,1.056,0.3973,-3.5847,0.2,0.0,0.0,0.0,0.0061,0.0043,-0.8335,0.8335,0.0177,1,1,2,0.884,0.526,0.474,0,0,0.0,5,DESCENT_PHASE,-0.0138,-0.0097
908,30.659,0.4233,-3.6143,1.2513,-0.0134,-0.0091,-0.1768,1.231,0.039,1.052,0.3973,-3.5847,0.2,0.0,0.0,0.0,0.0059,0.004,-0.8335,0.8335,-0.0149,1,1,2,0.883,0.521,0.479,0,0,0.0,5,DESCENT_PHASE,-0.0134,-0.0091
909,30.692,0.4231,-3.6144,1.2477,-0.0116,-0.0071,-0.1768,1.228,0.039,1.048,0.3973,-3.5847,0.2,0.0,0.0,0.0,0.0051,0.0031,-0.8335,0.8335,0.0147,1,1,2,0.884,0.526,0.474,0,0,0.0,5,DESCENT_PHASE,-0.0116,-0.0071
910,30.725,0.4229,-3.6145,1.2442,-0.0111,-0.0063,-0.1768,1.224,0.039,1.045,0.3973,-3.5847,0.2,0.0,0.0,0.0,0.0049,0.0028,-0.8335,0.8335,-0.0181,1,1,2,0.884,0.52,0.48,0,0,0.0,5,DESCENT_PHASE,-0.0111,-0.0063
911,30.758,0.4227,-3.6146,1.2407,-0.0096,-0.0043,-0.1768,1.221,0.039,1.041,0.3973,-3.5847,0.2,0.0,0.0,0.0,0.0042,0.0019,-0.8335,0.8335,0.0116,1,1,2,0.884,0.524,0.476,0,0,0.0,5,DESCENT_PHASE,-0.0096,-0.0043
912,30.791,0.4225,-3.6147,1.2371,-0.0096,-0.0037,-0.1774,1.217,0.039,1.038,0.3973,-3.5847,0.2,0.0,0.0,0.0,0.0042,0.0017,-0.8324,0.8324,-0.0201,1,1,2,0.883,0.517,0.483,0,0,0.0,5,DESCENT_PHASE,-0.0096,-0.0037
913,30.825,0.4223,-3.6148,1.2336,-0.0089,-0.0022,-0.1772,1.214,0.039,1.034,0.3973,-3.5847,0.2,0.0,0.0,0.0,0.004,0.001,-0.8328,0.8328,0.0096,1,1,2,0.884,0.52,0.48,0,0,0.0,5,DESCENT_PHASE,-0.0089,-0.0022
914,30.859,0.4221,-3.6148,1.23,-0.0099,-0.0024,-0.1771,1.21,0.039,1.031,0.3973,-3.5847,0.2,0.0,0.0,0.0,0.0044,0.0011,-0.8329,0.8329,-0.0219,1,1,2,0.884,0.516,0.484,0,0,0.0,5,DESCENT_PHASE,-0.0099,-0.0024
915,30.892,0.4219,-3.6148,1.2265,-0.0102,-0.0018,-0.177,1.206,0.039,1.027,0.3973,-3.5847,0.2,0.0,0.0,0.0,0.0045,0.0008,-0.8331,0.8331,0.0072,1,1,2,0.885,0.522,0.478,0,0,0.0,5,DESCENT_PHASE,-0.0102,-0.0018
916,30.926,0.4217,-3.6149,1.2229,-0.0115,-0.003,-0.177,1.203,0.039,1.024,0.3973,-3.5847,0.2,0.0,0.0,0.0,0.0051,0.0013,-0.8331,0.8331,-0.0163,1,1,2,0.885,0.517,0.483,0,0,0.0,5,DESCENT_PHASE,-0.0115,-0.003
917,30.961,0.4214,-3.615,1.2194,-0.0116,-0.0035,-0.1769,1.199,0.039,1.02,0.3973,-3.5847,0.2,0.0,0.0,0.0,0.0052,0.0016,-0.8332,0.8332,0.0127,1,1,2,0.886,0.522,0.478,0,0,0.0,5,DESCENT_PHASE,-0.0116,-0.0035
918,30.996,0.4212,-3.6151,1.2159,-0.013,-0.0054,-0.1769,1.196,0.039,1.017,0.3973,-3.5847,0.2,0.0,0.0,0.0,0.0058,0.0024,-0.8333,0.8333,-0.0192,1,1,2,0.885,0.514,0.486,0,0,0.0,5,DESCENT_PHASE,-0.013,-0.0054
919,31.034,0.4209,-3.6152,1.2123,-0.0134,-0.0063,-0.1769,1.192,0.039,1.013,0.3973,-3.5847,0.2,0.0,0.0,0.0,0.006,0.0028,-0.8333,0.8333,0.0095,1,1,2,0.886,0.518,0.482,0,0,0.0,5,DESCENT_PHASE,-0.0134,-0.0063
920,31.07,0.4206,-3.6154,1.2088,-0.0155,-0.0087,-0.1772,1.189,0.039,1.01,0.3973,-3.5847,0.2,0.0,0.0,0.0,0.0069,0.0039,-0.8328,0.8329,-0.0106,1,1,2,0.886,0.518,0.482,0,0,0.0,5,DESCENT_PHASE,-0.0155,-0.0087
921,31.107,0.4202,-3.6156,1.2053,-0.0169,-0.0104,-0.1771,1.185,0.039,1.006,0.3973,-3.5847,0.2,0.0,0.0,0.0,0.0075,0.0046,-0.833,0.833,0.0176,1,1,2,0.888,0.527,0.473,0,0,0.0,5,DESCENT_PHASE,-0.0169,-0.0104
922,31.144,0.4199,-3.6158,1.2017,-0.0185,-0.0129,-0.177,1.182,0.039,1.002,0.3973,-3.5847,0.2,0.0,0.0,0.0,0.0082,0.0057,-0.8331,0.8332,-0.0138,1,1,2,0.888,0.525,0.475,0,0,0.0,5,DESCENT_PHASE,-0.0185,-0.0129
923,31.181,0.4195,-3.6161,1.1982,-0.0178,-0.0139,-0.1769,1.178,0.039,0.999,0.3973,-3.5847,0.2,0.0,0.0,0.0,0.0079,0.0062,-0.8332,0.8333,0.0146,1,1,2,0.89,0.533,0.467,0,0,0.0,5,DESCENT_PHASE,-0.0178,-0.0139
924,31.218,0.4192,-3.6164,1.1946,-0.0176,-0.0161,-0.1769,1.175,0.039,0.995,0.3973,-3.5847,0.2,0.0,0.0,0.0,0.0078,0.0071,-0.8333,0.8334,-0.0168,1,1,2,0.89,0.53,0.47,0,0,0.0,5,DESCENT_PHASE,-0.0176,-0.0161
925,31.255,0.4189,-3.6168,1.1911,-0.0155,-0.0171,-0.1769,1.171,0.039,0.992,0.3973,-3.5847,0.2,0.0,0.0,0.0,0.0069,0.0076,-0.8333,0.8334,0.0116,1,1,2,0.891,0.536,0.464,0,0,0.0,5,DESCENT_PHASE,-0.0155,-0.0171
926,31.293,0.4186,-3.6172,1.1876,-0.0142,-0.0195,-0.177,1.168,0.039,0.988,0.3973,-3.5847,0.2,0.0,0.0,0.0,0.0063,0.0086,-0.8332,0.8332,-0.0093,1,1,2,0.891,0.533,0.467,0,0,0.0,5,DESCENT_PHASE,-0.0142,-0.0195
927,31.33,0.4184,-3.6176,1.184,-0.0114,-0.0209,-0.1769,1.164,0.039,0.985,0.3973,-3.5847,0.2,0.0,0.0,0.0,0.005,0.0093,-0.8332,0.8333,0.0191,1,1,2,0.892,0.538,0.462,0,0,0.0,5,DESCENT_PHASE,-0.0114,-0.0209
928,31.368,0.4182,-3.618,1.1805,-0.0097,-0.0231,-0.1769,1.16,0.039,0.981,0.3973,-3.5847,0.2,0.0,0.0,0.0,0.0043,0.0102,-0.8333,0.8333,-0.0123,1,1,2,0.891,0.534,0.466,0,0,0.0,5,DESCENT_PHASE,-0.0097,-0.0231
929,31.404,0.418,-3.6185,1.1769,-0.0067,-0.0237,-0.1769,1.157,0.04,0.978,0.3973,-3.5847,0.2,0.0,0.0,0.0,0.0029,0.0105,-0.8333,0.8333,0.0161,1,1,2,0.892,0.538,0.462,0,0,0.0,5,DESCENT_PHASE,-0.0067,-0.0237
930,31.44,0.4179,-3.619,1.1734,-0.0051,-0.0253,-0.1769,1.153,0.04,0.974,0.3973,-3.5847,0.2,0.0,0.0,0.0,0.0022,0.0112,-0.8333,0.8334,-0.0152,1,1,2,0.891,0.532,0.468,0,0,0.0,5,DESCENT_PHASE,-0.0051,-0.0253
931,31.476,0.4179,-3.6195,1.1699,-0.0026,-0.0257,-0.1769,1.15,0.041,0.971,0.3973,-3.5847,0.2,0.0,0.0,0.0,0.0011,0.0114,-0.8333,0.8334,0.013,1,1,2,0.892,0.535,0.465,0,0,0.0,5,DESCENT_PHASE,-0.0026,-0.0257
932,31.512,0.4178,-3.6201,1.1663,-0.0018,-0.0272,-0.1769,1.146,0.041,0.967,0.3973,-3.5847,0.2,0.0,0.0,0.0,0.0008,0.0121,-0.8332,0.8333,-0.0106,1,1,2,0.891,0.528,0.472,0,0,0.0,5,DESCENT_PHASE,-0.0018,-0.0272
933,31.548,0.4178,-3.6206,1.1628,-0.0005,-0.0277,-0.1769,1.143,0.041,0.964,0.3973,-3.5847,0.2,0.0,0.0,0.0,0.0002,0.0123,-0.8333,0.8334,0.0173,1,1,2,0.891,0.53,0.47,0,0,0.0,5,DESCENT_PHASE,-0.0005,-0.0277
934,31.585,0.4178,-3.6212,1.1593,-0.0012,-0.0291,-0.177,1.139,0.042,0.96,0.3973,-3.5847,0.2,0.0,0.0,0.0,0.0005,0.0129,-0.8331,0.8332,-0.0128,1,1,2,0.891,0.527,0.473,0,0,0.0,5,DESCENT_PHASE,-0.0012,-0.0291
935,31.627,0.4178,-3.6218,1.1557,-0.0017,-0.0291,-0.1769,1.136,0.042,0.957,0.3973,-3.5847,0.2,0.0,0.0,0.0,0.0007,0.0129,-0.8332,0.8333,0.0147,1,1,2,0.893,0.534,0.466,0,0,0.0,5,DESCENT_PHASE,-0.0017,-0.0291
936,31.664,0.4177,-3.6224,1.1522,-0.0028,-0.0301,-0.1769,1.132,0.043,0.953,0.3973,-3.5847,0.2,0.0,0.0,0.0,0.0012,0.0133,-0.8333,0.8334,-0.0157,1,1,2,0.892,0.53,0.47,0,0,0.0,5,DESCENT_PHASE,-0.0028,-0.0301
937,31.703,0.4177,-3.623,1.1486,-0.0023,-0.0298,-0.1769,1.129,0.043,0.95,0.3973,-3.5847,0.2,0.0,0.0,0.0,0.001,0.0132,-0.8333,0.8334,0.0119,1,1,2,0.894,0.536,0.464,0,0,0.0,5,DESCENT_PHASE,-0.0023,-0.0298
938,31.74,0.4176,-3.6236,1.1451,-0.0029,-0.0309,-0.1769,1.125,0.044,0.946,0.3973,-3.5847,0.2,0.0,0.0,0.0,0.0013,0.0137,-0.8332,0.8333,-0.0064,1,1,2,0.893,0.531,0.469,0,0,0.0,5,DESCENT_PHASE,-0.0029,-0.0309
939,31.778,0.4176,-3.6242,1.1416,-0.0021,-0.031,-0.1769,1.122,0.044,0.943,0.3973,-3.5847,0.2,0.0,0.0,0.0,0.0009,0.0137,-0.8333,0.8334,0.0212,1,1,2,0.894,0.534,0.466,0,0,0.0,5,DESCENT_PHASE,-0.0021,-0.031
940,31.814,0.4175,-3.6249,1.138,-0.0027,-0.0317,-0.1768,1.118,0.045,0.939,0.3973,-3.5847,0.2,0.0,0.0,0.0,0.0012,0.014,-0.8334,0.8335,-0.0094,1,1,2,0.893,0.53,0.47,0,0,0.0,5,DESCENT_PHASE,-0.0027,-0.0317
941,31.851,0.4175,-3.6255,1.1345,-0.0023,-0.0306,-0.1768,1.114,0.046,0.936,0.3973,-3.5847,0.2,0.0,0.0,0.0,0.001,0.0135,-0.8334,0.8336,0.0183,1,1,2,0.894,0.533,0.467,0,0,0.0,5,DESCENT_PHASE,-0.0023,-0.0306
942,31.887,0.4174,-3.6261,1.131,-0.0035,-0.0302,-0.1768,1.111,0.046,0.932,0.3973,-3.5847,0.2,0.0,0.0,0.0,0.0015,0.0133,-0.8334,0.8336,-0.0121,1,1,2,0.893,0.527,0.473,0,0,0.0,5,DESCENT_PHASE,-0.0035,-0.0302
943,31.923,0.4173,-3.6267,1.1274,-0.004,-0.0284,-0.1768,1.107,0.047,0.929,0.3973,-3.5847,0.2,0.0,0.0,0.0,0.0017,0.0125,-0.8335,0.8336,0.0154,1,1,2,0.894,0.531,0.469,0,0,0.0,5,DESCENT_PHASE,-0.004,-0.0284
944,31.959,0.4172,-3.6272,1.1239,-0.0061,-0.0275,-0.1769,1.104,0.047,0.925,0.3973,-3.5847,0.2,0.0,0.0,0.0,0.0027,0.0122,-0.8333,0.8334,-0.0146,1,1,2,0.894,0.527,0.473,0,0,0.0,5,DESCENT_PHASE,-0.0061,-0.0275
945,31.994,0.417,-3.6277,1.1203,-0.0075,-0.0254,-0.1769,1.1,0.047,0.922,0.3973,-3.5847,0.2,0.0,0.0,0.0,0.0033,0.0112,-0.8333,0.8334,0.0127,1,1,2,0.895,0.533,0.467,0,0,0.0,5,DESCENT_PHASE,-0.0075,-0.0254
946,32.029,0.4168,-3.6282,1.1168,-0.01,-0.0245,-0.1768,1.097,0.048,0.918,0.3973,-3.5847,0.2,0.0,0.0,0.0,0.0044,0.0108,-0.8334,0.8335,-0.0176,1,1,2,0.895,0.528,0.472,0,0,0.0,5,DESCENT_PHASE,-0.01,-0.0245
947,32.063,0.4166,-3.6287,1.1133,-0.0111,-0.0226,-0.1768,1.093,0.048,0.915,0.3973,-3.5847,0.2,0.0,0.0,0.0,0.0049,0.01,-0.8334,0.8335,0.0099,1,1,2,0.896,0.533,0.467,0,0,0.0,5,DESCENT_PHASE,-0.0111,-0.0226
948,32.098,0.4164,-3.6291,1.1097,-0.0136,-0.0221,-0.1769,1.09,0.048,0.911,0.3973,-3.5847,0.2,0.0,0.0,0.0,0.006,0.0097,-0.8332,0.8333,-0.0164,1,1,2,0.895,0.528,0.472,0,0,0.0,5,DESCENT_PHASE,-0.0136,-0.0221
949,32.133,0.416,-3.6295,1.1062,-0.0151,-0.0208,-0.1769,1.086,0.049,0.907,0.3973,-3.5847,0.2,0.0,0.0,0.0,0.0067,0.0092,-0.8332,0.8333,0.0111,1,1,2,0.896,0.533,0.467,0,0,0.0,5,DESCENT_PHASE,-0.0151,-0.0208
950,32.169,0.4157,-3.6299,1.1027,-0.0178,-0.0208,-0.1769,1.083,0.049,0.904,0.3973,-3.5847,0.2,0.0,0.0,0.0,0.0079,0.0092,-0.8333,0.8334,-0.0191,1,1,2,0.896,0.528,0.472,0,0,0.0,5,DESCENT_PHASE,-0.0178,-0.0208
951,32.204,0.4153,-3.6303,1.0991,-0.0194,-0.0199,-0.1769,1.079,0.049,0.9,0.3973,-3.5847,0.2,0.0,0.0,0.0,0.0085,0.0088,-0.8332,0.8333,0.0085,1,1,2,0.897,0.532,0.468,0,0,0.0,5,DESCENT_PHASE,-0.0194,-0.0199
952,32.24,0.4149,-3.6307,1.0956,-0.0223,-0.0207,-0.1772,1.076,0.049,0.897,0.3973,-3.5847,0.2,0.0,0.0,0.0,0.0098,0.0091,-0.8327,0.8328,-0.0054,1,1,2,0.897,0.533,0.467,0,0,0.0,5,DESCENT_PHASE,-0.0223,-0.0207
953,32.276,0.4144,-3.6312,1.092,-0.0244,-0.0207,-0.1771,1.072,0.05,0.893,0.3973,-3.5847,0.2,0.0,0.0,0.0,0.0108,0.0091,-0.8329,0.833,0.0222,1,1,2,0.899,0.543,0.457,0,0,0.0,5,DESCENT_PHASE,-0.0244,-0.0207
954,32.313,0.4138,-3.6316,1.0885,-0.0264,-0.0211,-0.177,1.068,0.05,0.89,0.3973,-3.5847,0.2,0.0,0.0,0.0,0.0116,0.0093,-0.8332,0.8333,-0.0087,1,1,2,0.899,0.542,0.458,0,0,0.0,5,DESCENT_PHASE,-0.0264,-0.0211
955,32.349,0.4133,-3.632,1.085,-0.026,-0.0198,-0.1769,1.065,0.05,0.886,0.3973,-3.5847,0.2,0.0,0.0,0.0,0.0115,0.0087,-0.8333,0.8334,0.0195,1,1,2,0.901,0.547,0.453,0,0,0.0,5,DESCENT_PHASE,-0.026,-0.0198
956,32.387,0.4128,-3.6324,1.0814,-0.026,-0.0191,-0.1768,1.061,0.05,0.883,0.3973,-3.5847,0.2,0.0,0.0,0.0,0.0115,0.0084,-0.8335,0.8336,-0.0119,1,1,2,0.901,0.545,0.455,0,0,0.0,5,DESCENT_PHASE,-0.026,-0.0191
957,32.423,0.4123,-3.6327,1.0779,-0.0239,-0.0169,-0.1768,1.058,0.05,0.879,0.3973,-3.5847,0.2,0.0,0.0,0.0,0.0106,0.0075,-0.8335,0.8336,0.0167,1,1,2,0.903,0.552,0.448,0,0,0.0,5,DESCENT_PHASE,-0.0239,-0.0169
958,32.457,0.4119,-3.633,1.0743,-0.0225,-0.0156,-0.1767,1.054,0.051,0.876,0.3973,-3.5847,0.2,0.0,0.0,0.0,0.0099,0.0069,-0.8336,0.8337,-0.0151,1,1,2,0.902,0.549,0.451,0,0,0.0,5,DESCENT_PHASE,-0.0225,-0.0156
959,32.493,0.4115,-3.6333,1.0708,-0.0195,-0.013,-0.1767,1.051,0.051,0.872,0.3973,-3.5847,0.2,0.0,0.0,0.0,0.0086,0.0057,-0.8336,0.8336,0.0139,1,1,2,0.904,0.555,0.445,0,0,0.0,5,DESCENT_PHASE,-0.0195,-0.013
960,32.527,0.4111,-3.6335,1.0673,-0.0174,-0.0116,-0.1767,1.047,0.051,0.869,0.3973,-3.5847,0.2,0.0,0.0,0.0,0.0077,0.0051,-0.8336,0.8336,-0.0184,1,1,2,0.903,0.55,0.45,0,0,0.0,5,DESCENT_PHASE,-0.0174,-0.0116
961,32.561,0.4109,-3.6337,1.0637,-0.014,-0.009,-0.1768,1.044,0.051,0.865,0.3973,-3.5847,0.2,0.0,0.0,0.0,0.0062,0.004,-0.8335,0.8335,0.011,1,1,2,0.904,0.555,0.445,0,0,0.0,5,DESCENT_PHASE,-0.014,-0.009
962,32.593,0.4106,-3.6338,1.0602,-0.0119,-0.008,-0.1768,1.04,0.051,0.862,0.3973,-3.5847,0.2,0.0,0.0,0.0,0.0052,0.0035,-0.8335,0.8335,-0.0216,1,1,2,0.903,0.549,0.451,0,0,0.0,5,DESCENT_PHASE,-0.0119,-0.008
963,32.625,0.4104,-3.634,1.0567,-0.0088,-0.006,-0.1768,1.037,0.051,0.858,0.3973,-3.5847,0.2,0.0,0.0,0.0,0.0039,0.0026,-0.8335,0.8335,0.0079,1,1,2,0.904,0.552,0.448,0,0,0.0,5,DESCENT_PHASE,-0.0088,-0.006
964,32.657,0.4103,-3.6341,1.0531,-0.0074,-0.0058,-0.1773,1.033,0.051,0.855,0.3973,-3.5847,0.2,0.0,0.0,0.0,0.0032,0.0025,-0.8325,0.8325,-0.0236,1,1,2,0.903,0.547,0.453,0,0,0.0,5,DESCENT_PHASE,-0.0074,-0.0058
965,32.69,0.4102,-3.6342,1.0496,-0.0053,-0.0049,-0.1771,1.03,0.051,0.851,0.3973,-3.5847,0.2,0.0,0.0,0.0,0.0023,0.0022,-0.8329,0.8329,0.0059,1,1,2,0.904,0.549,0.451,0,0,0.0,5,DESCENT_PHASE,-0.0053,-0.0049
966,32.723,0.4101,-3.6343,1.046,-0.005,-0.006,-0.1772,1.026,0.051,0.848,0.3973,-3.5847,0.2,0.0,0.0,0.0,0.0022,0.0026,-0.8327,0.8327,-0.0093,1,1,2,0.903,0.546,0.454,0,0,0.0,5,DESCENT_PHASE,-0.005,-0.006
967,32.757,0.41,-3.6344,1.0425,-0.0044,-0.0066,-0.1771,1.022,0.051,0.844,0.3973,-3.5847,0.2,0.0,0.0,0.0,0.0019,0.0029,-0.833,0.833,0.0197,1,1,2,0.905,0.551,0.449,0,0,0.0,5,DESCENT_PHASE,-0.0044,-0.0066
968,32.791,0.4099,-3.6346,1.039,-0.0049,-0.0079,-0.177,1.019,0.051,0.841,0.3973,-3.5847,0.2,0.0,0.0,0.0,0.0022,0.0035,-0.8332,0.8332,-0.0123,1,1,2,0.904,0.546,0.454,0,0,0.0,5,DESCENT_PHASE,-0.0049,-0.0079
969,32.826,0.4098,-3.6347,1.0354,-0.0043,-0.0077,-0.1769,1.015,0.052,0.837,0.3973,-3.5847,0.2,0.0,0.0,0.0,0.0019,0.0034,-0.8333,0.8333,0.0165,1,1,2,0.905,0.549,0.451,0,0,0.0,5,DESCENT_PHASE,-0.0043,-0.0077
970,32.861,0.4097,-3.6349,1.0319,-0.0052,-0.0084,-0.1768,1.012,0.052,0.833,0.3973,-3.5847,0.2,0.0,0.0,0.0,0.0023,0.0037,-0.8334,0.8334,-0.0153,1,1,2,0.904,0.543,0.457,0,0,0.0,5,DESCENT_PHASE,-0.0052,-0.0084
971,32.898,0.4096,-3.6351,1.0283,-0.0053,-0.0078,-0.1768,1.008,0.052,0.83,0.3973,-3.5847,0.2,0.0,0.0,0.0,0.0023,0.0034,-0.8334,0.8334,0.0133,1,1,2,0.905,0.546,0.454,0,0,0.0,5,DESCENT_PHASE,-0.0053,-0.0078
972,32.933,0.4095,-3.6352,1.0248,-0.0072,-0.0085,-0.177,1.005,0.052,0.826,0.3973,-3.5847,0.2,0.0,0.0,0.0,0.0032,0.0037,-0.8331,0.8331,-0.0167,1,1,2,0.905,0.545,0.455,0,0,0.0,5,DESCENT_PHASE,-0.0072,-0.0085
973,32.969,0.4093,-3.6354,1.0213,-0.0086,-0.008,-0.1769,1.001,0.052,0.823,0.3973,-3.5847,0.2,0.0,0.0,0.0,0.0038,0.0035,-0.8332,0.8332,0.0115,1,1,2,0.906,0.553,0.447,0,0,0.0,5,DESCENT_PHASE,-0.0086,-0.008
974,33.006,0.4091,-3.6356,1.0177,-0.0103,-0.0089,-0.1769,0.998,0.052,0.819,0.3973,-3.5847,0.2,0.0,0.0,0.0,0.0045,0.0039,-0.8333,0.8333,-0.0198,1,1,2,0.906,0.551,0.449,0,0,0.0,5,DESCENT_PHASE,-0.0103,-0.0089
975,33.043,0.4089,-3.6357,1.0142,-0.01,-0.0089,-0.1768,0.994,0.052,0.816,0.3973,-3.5847,0.2,0.0,0.0,0.0,0.0044,0.0039,-0.8334,0.8334,0.0085,1,1,2,0.908,0.557,0.443,0,0,0.0,5,DESCENT_PHASE,-0.01,-0.0089
976,33.08,0.4087,-3.636,1.0107,-0.0104,-0.0105,-0.1769,0.991,0.053,0.812,0.3973,-3.5847,0.2,0.0,0.0,0.0,0.0046,0.0046,-0.8332,0.8332,-0.0116,1,1,2,0.908,0.556,0.444,0,0,0.0,5,DESCENT_PHASE,-0.0104,-0.0105
977,33.117,0.4085,-3.6362,1.0071,-0.0091,-0.0114,-0.1769,0.987,0.053,0.809,0.3973,-3.5847,0.2,0.0,0.0,0.0,0.004,0.005,-0.8333,0.8333,0.017,1,1,2,0.909,0.56,0.44,0,0,0.0,5,DESCENT_PHASE,-0.0091,-0.0114
978,33.154,0.4083,-3.6364,1.0036,-0.0087,-0.0132,-0.1768,0.984,0.053,0.805,0.3973,-3.5847,0.2,0.0,0.0,0.0,0.0038,0.0058,-0.8334,0.8334,-0.0146,1,1,2,0.908,0.558,0.442,0,0,0.0,5,DESCENT_PHASE,-0.0087,-0.0132
979,33.191,0.4082,-3.6367,1.0,-0.0069,-0.0136,-0.1768,0.98,0.053,0.802,0.3973,-3.5847,0.2,0.0,0.0,0.0,0.003,0.006,-0.8334,0.8334,0.014,1,1,2,0.909,0.56,0.44,0,0,0.0,5,DESCENT_PHASE,-0.0069,-0.0136
980,33.228,0.4081,-3.637,0.9965,-0.0064,-0.0153,-0.1768,0.977,0.053,0.798,0.3973,-3.5847,0.2,0.0,0.0,0.0,0.0028,0.0067,-0.8334,0.8334,-0.0176,1,1,2,0.909,0.557,0.443,0,0,0.0,5,DESCENT_PHASE,-0.0064,-0.0153
981,33.265,0.408,-3.6373,0.993,-0.0048,-0.0158,-0.1768,0.973,0.054,0.795,0.3973,-3.5847,0.2,0.0,0.0,0.0,0.0021,0.007,-0.8334,0.8334,0.0109,1,1,2,0.91,0.558,0.442,0,0,0.0,5,DESCENT_PHASE,-0.0048,-0.0158
982,33.302,0.4079,-3.6377,0.9894,-0.0048,-0.0177,-0.1769,0.969,0.054,0.791,0.3973,-3.5847,0.2,0.0,0.0,0.0,0.0021,0.0078,-0.8332,0.8333,-0.0107,1,1,2,0.909,0.553,0.447,0,0,0.0,5,DESCENT_PHASE,-0.0048,-0.0177
983,33.339,0.4078,-3.6381,0.9859,-0.0041,-0.0188,-0.1769,0.966,0.054,0.788,0.3973,-3.5847,0.2,0.0,0.0,0.0,0.0018,0.0083,-0.8333,0.8333,0.0177,1,1,2,0.909,0.557,0.443,0,0,0.0,5,DESCENT_PHASE,-0.0041,-0.0188
984,33.376,0.4077,-3.6385,0.9824,-0.0053,-0.0207,-0.177,0.962,0.055,0.784,0.3973,-3.5847,0.2,0.0,0.0,0.0,0.0023,0.0091,-0.8331,0.8331,-0.0126,1,1,2,0.909,0.554,0.446,0,0,0.0,5,DESCENT_PHASE,-0.0053,-0.0207
985,33.414,0.4076,-3.6389,0.9788,-0.0061,-0.0212,-0.177,0.959,0.055,0.781,0.3973,-3.5847,0.2,0.0,0.0,0.0,0.0027,0.0093,-0.8332,0.8332,0.0155,1,1,2,0.911,0.559,0.441,0,0,0.0,5,DESCENT_PHASE,-0.0061,-0.0212
986,33.451,0.4074,-3.6394,0.9753,-0.0075,-0.0227,-0.1769,0.955,0.056,0.777,0.3973,-3.5847,0.2,0.0,0.0,0.0,0.0033,0.01,-0.8333,0.8333,-0.0157,1,1,2,0.91,0.558,0.442,0,0,0.0,5,DESCENT_PHASE,-0.0075,-0.0227
987,33.489,0.4073,-3.6398,0.9717,-0.0073,-0.0229,-0.1769,0.952,0.056,0.774,0.3973,-3.5847,0.2,0.0,0.0,0.0,0.0032,0.0101,-0.8333,0.8334,0.0126,1,1,2,0.912,0.56,0.44,0,0,0.0,5,DESCENT_PHASE,-0.0073,-0.0229
988,33.526,0.4071,-3.6403,0.9682,-0.008,-0.0244,-0.1769,0.948,0.057,0.77,0.3973,-3.5847,0.2,0.0,0.0,0.0,0.0035,0.0107,-0.8332,0.8333,-0.0121,1,1,2,0.911,0.559,0.441,0,0,0.0,5,DESCENT_PHASE,-0.008,-0.0244
989,33.563,0.4069,-3.6408,0.9647,-0.0075,-0.0249,-0.1769,0.945,0.057,0.767,0.3973,-3.5847,0.2,0.0,0.0,0.0,0.0033,0.011,-0.8333,0.8334,0.0163,1,1,2,0.912,0.56,0.44,0,0,0.0,5,DESCENT_PHASE,-0.0075,-0.0249
990,33.599,0.4068,-3.6413,0.9611,-0.0083,-0.0264,-0.1769,0.941,0.057,0.763,0.3973,-3.5847,0.2,0.0,0.0,0.0,0.0037,0.0116,-0.8334,0.8334,-0.0151,1,1,2,0.911,0.558,0.442,0,0,0.0,5,DESCENT_PHASE,-0.0083,-0.0264
991,33.636,0.4066,-3.6419,0.9576,-0.0082,-0.0265,-0.1769,0.938,0.058,0.76,0.3973,-3.5847,0.2,0.0,0.0,0.0,0.0036,0.0117,-0.8333,0.8334,0.0133,1,1,2,0.912,0.558,0.442,0,0,0.0,5,DESCENT_PHASE,-0.0082,-0.0265
992,33.67,0.4064,-3.6424,0.954,-0.0096,-0.0279,-0.177,0.934,0.058,0.756,0.3973,-3.5847,0.2,0.0,0.0,0.0,0.0042,0.0123,-0.8331,0.8332,-0.0113,1,1,2,0.912,0.558,0.442,0,0,0.0,5,DESCENT_PHASE,-0.0096,-0.0279
993,33.707,0.4062,-3.643,0.9505,-0.0104,-0.0282,-0.177,0.931,0.059,0.753,0.3973,-3.5847,0.2,0.0,0.0,0.0,0.0046,0.0124,-0.8331,0.8332,0.017,1,1,2,0.913,0.561,0.439,0,0,0.0,5,DESCENT_PHASE,-0.0104,-0.0282
994,33.742,0.406,-3.6436,0.947,-0.0121,-0.0294,-0.1769,0.927,0.06,0.749,0.3973,-3.5847,0.2,0.0,0.0,0.0,0.0053,0.0129,-0.5498,0.5499,-0.0145,1,1,2,0.913,0.559,0.441,0,0,0.0,5,DESCENT_PHASE,-0.0121,-0.0294
995,33.777,0.4057,-3.6442,0.9434,-0.0124,-0.0292,-0.1769,0.923,0.06,0.746,0.3973,-3.5847,0.2,0.0,0.0,0.0,0.0054,0.0128,-0.5498,0.55,0.0141,1,1,2,0.914,0.561,0.439,0,0,0.0,5,DESCENT_PHASE,-0.0124,-0.0292
996,33.81,0.4054,-3.6448,0.9399,-0.0139,-0.0302,-0.1769,0.92,0.061,0.742,0.3973,-3.5847,0.2,0.0,0.0,0.0,0.0061,0.0133,-0.5498,0.55,-0.0143,1,1,2,0.913,0.559,0.441,0,0,0.0,5,DESCENT_PHASE,-0.0139,-0.0302
997,33.845,0.4052,-3.6454,0.9364,-0.0143,-0.0301,-0.1769,0.916,0.061,0.739,0.3973,-3.5847,0.2,0.0,0.0,0.0,0.0063,0.0132,-0.5498,0.55,0.0144,1,1,2,0.914,0.56,0.44,0,0,0.0,5,DESCENT_PHASE,-0.0143,-0.0301
998,33.879,0.4048,-3.646,0.9328,-0.0163,-0.0311,-0.177,0.913,0.062,0.735,0.3973,-3.5847,0.2,0.0,0.0,0.0,0.0071,0.0137,-0.5495,0.5497,-0.0134,1,1,2,0.914,0.561,0.439,0,0,0.0,5,DESCENT_PHASE,-0.0163,-0.0311
999,33.912,0.4045,-3.6466,0.9293,-0.0175,-0.031,-0.177,0.909,0.062,0.732,0.3973,-3.5847,0.2,0.0,0.0,0.0,0.0077,0.0136,-0.5496,0.5498,0.0153,1,1,2,0.916,0.565,0.435,0,0,0.0,5,DESCENT_PHASE,-0.0175,-0.031
1000,33.945,0.4041,-3.6472,0.9257,-0.0191,-0.032,-0.1769,0.906,0.063,0.728,0.3973,-3.5847,0.2,0.0,0.0,0.0,0.0084,0.014,-0.5498,0.55,-0.0161,1,1,2,0.916,0.563,0.437,0,0,0.0,5,DESCENT_PHASE,-0.0191,-0.032
1001,33.977,0.4037,-3.6479,0.9222,-0.0189,-0.0317,-0.1769,0.902,0.064,0.725,0.3973,-3.5847,0.2,0.0,0.0,0.0,0.0083,0.0139,-0.5498,0.55,0.013,1,1,2,0.917,0.568,0.432,0,0,0.0,5,DESCENT_PHASE,-0.0189,-0.0317
1002,34.01,0.4033,-3.6485,0.9187,-0.0195,-0.0327,-0.1769,0.899,0.064,0.722,0.3973,-3.5847,0.2,0.0,0.0,0.0,0.0086,0.0143,-0.5497,0.55,-0.007,1,1,2,0.917,0.565,0.435,0,0,0.0,5,DESCENT_PHASE,-0.0195,-0.0327
1003,34.043,0.403,-3.6492,0.9151,-0.0186,-0.0327,-0.1769,0.895,0.065,0.718,0.3973,-3.5847,0.2,0.0,0.0,0.0,0.0082,0.0143,-0.5498,0.55,0.0224,1,1,2,0.918,0.57,0.43,0,0,0.0,5,DESCENT_PHASE,-0.0186,-0.0327
1004,34.075,0.4026,-3.6499,0.9116,-0.0188,-0.0332,-0.1768,0.892,0.065,0.715,0.3973,-3.5847,0.2,0.0,0.0,0.0,0.0082,0.0146,-0.5499,0.5502,-0.0104,1,1,2,0.917,0.566,0.434,0,0,0.0,5,DESCENT_PHASE,-0.0188,-0.0332
1005,34.108,0.4022,-3.6505,0.9081,-0.0178,-0.0319,-0.1768,0.888,0.066,0.711,0.3973,-3.5847,0.2,0.0,0.0,0.0,0.0078,0.014,-0.55,0.5502,0.0193,1,1,2,0.918,0.57,0.43,0,0,0.0,5,DESCENT_PHASE,-0.0178,-0.0319
1006,34.141,0.4019,-3.6511,0.9045,-0.0181,-0.0315,-0.1768,0.885,0.067,0.708,0.3973,-3.5847,0.2,0.0,0.0,0.0,0.0079,0.0138,-0.55,0.5502,-0.0134,1,1,2,0.918,0.568,0.432,0,0,0.0,5,DESCENT_PHASE,-0.0181,-0.0315
1007,34.174,0.4015,-3.6517,0.901,-0.0177,-0.0295,-0.1768,0.881,0.067,0.704,0.3973,-3.5847,0.2,0.0,0.0,0.0,0.0077,0.0129,-0.55,0.5502,0.0164,1,1,2,0.918,0.569,0.431,0,0,0.0,5,DESCENT_PHASE,-0.0177,-0.0295
1008,34.208,0.4011,-3.6523,0.8974,-0.0186,-0.0285,-0.1775,0.877,0.068,0.701,0.3973,-3.5847,0.2,0.0,0.0,0.0,0.0082,0.0125,-0.5488,0.549,-0.0148,1,1,2,0.918,0.57,0.43,0,0,0.0,5,DESCENT_PHASE,-0.0186,-0.0285
1009,34.241,0.4008,-3.6528,0.8939,-0.0189,-0.0263,-0.1772,0.874,0.068,0.697,0.3973,-3.5847,0.2,0.0,0.0,0.0,0.0083,0.0115,-0.5493,0.5494,0.015,1,1,2,0.92,0.572,0.428,0,0,0.0,5,DESCENT_PHASE,-0.0189,-0.0263
1010,34.274,0.4004,-3.6533,0.8903,-0.0198,-0.0252,-0.177,0.87,0.069,0.694,0.3973,-3.5847,0.2,0.0,0.0,0.0,0.0087,0.011,-0.5496,0.5498,-0.018,1,1,2,0.919,0.57,0.43,0,0,0.0,5,DESCENT_PHASE,-0.0198,-0.0252
1011,34.307,0.4,-3.6538,0.8868,-0.0192,-0.0229,-0.1769,0.867,0.069,0.69,0.3973,-3.5847,0.2,0.0,0.0,0.0,0.0084,0.01,-0.5497,0.5499,0.0117,1,1,2,0.92,0.574,0.426,0,0,0.0,5,DESCENT_PHASE,-0.0192,-0.0229
1012,34.339,0.3996,-3.6542,0.8833,-0.0195,-0.0221,-0.1768,0.863,0.07,0.687,0.3973,-3.5847,0.2,0.0,0.0,0.0,0.0085,0.0097,-0.5499,0.5501,-0.0211,1,1,2,0.92,0.57,0.43,0,0,0.0,5,DESCENT_PHASE,-0.0195,-0.0221
1013,34.372,0.3992,-3.6546,0.8797,-0.0187,-0.0204,-0.1768,0.86,0.07,0.683,0.3973,-3.5847,0.2,0.0,0.0,0.0,0.0082,0.0089,-0.5499,0.5501,0.0084,1,1,2,0.921,0.574,0.426,0,0,0.0,5,DESCENT_PHASE,-0.0187,-0.0204
1014,34.404,0.3988,-3.655,0.8762,-0.0191,-0.0204,-0.1769,0.856,0.07,0.68,0.3973,-3.5847,0.2,0.0,0.0,0.0,0.0084,0.0089,-0.5497,0.5498,-0.0103,1,1,2,0.92,0.57,0.43,0,0,0.0,5,DESCENT_PHASE,-0.0191,-0.0204
1015,34.437,0.3985,-3.6554,0.8727,-0.0187,-0.0196,-0.1769,0.853,0.071,0.676,0.3973,-3.5847,0.2,0.0,0.0,0.0,0.0082,0.0086,-0.5498,0.5499,0.019,1,1,2,0.921,0.573,0.427,0,0,0.0,5,DESCENT_PHASE,-0.0187,-0.0196
1016,34.47,0.3981,-3.6558,0.8691,-0.0196,-0.0197,-0.1769,0.849,0.071,0.673,0.3973,-3.5847,0.2,0.0,0.0,0.0,0.0086,0.0086,-0.5498,0.55,-0.013,1,1,2,0.921,0.57,0.43,0,0,0.0,5,DESCENT_PHASE,-0.0196,-0.0197
1017,34.505,0.3977,-3.6562,0.8656,-0.0196,-0.0183,-0.1768,0.846,0.072,0.669,0.3973,-3.5847,0.2,0.0,0.0,0.0,0.0086,0.008,-0.5499,0.55,0.016,1,1,2,0.922,0.573,0.427,0,0,0.0,5,DESCENT_PHASE,-0.0196,-0.0183
1018,34.538,0.3973,-3.6565,0.862,-0.021,-0.0179,-0.1769,0.842,0.072,0.666,0.3973,-3.5847,0.2,0.0,0.0,0.0,0.0092,0.0078,-0.5498,0.5499,-0.0153,1,1,2,0.922,0.571,0.429,0,0,0.0,5,DESCENT_PHASE,-0.021,-0.0179
1019,34.573,0.3968,-3.6569,0.8585,-0.0214,-0.0162,-0.1769,0.839,0.072,0.662,0.3973,-3.5847,0.2,0.0,0.0,0.0,0.0094,0.0071,-0.5498,0.5499,0.0134,1,1,2,0.923,0.575,0.425,0,0,0.0,5,DESCENT_PHASE,-0.0214,-0.0162
1020,34.609,0.3964,-3.6572,0.855,-0.0228,-0.0158,-0.1768,0.835,0.073,0.659,0.3973,-3.5847,0.2,0.0,0.0,0.0,0.01,0.0069,-0.5499,0.55,-0.0184,1,1,2,0.922,0.572,0.428,0,0,0.0,5,DESCENT_PHASE,-0.0228,-0.0158
1021,34.646,0.3959,-3.6575,0.8514,-0.0229,-0.0143,-0.1768,0.831,0.073,0.655,0.3973,-3.5847,0.2,0.0,0.0,0.0,0.01,0.0062,-0.5499,0.55,0.0103,1,1,2,0.923,0.575,0.425,0,0,0.0,5,DESCENT_PHASE,-0.0229,-0.0143
1022,34.682,0.3954,-3.6578,0.8479,-0.0243,-0.0143,-0.1769,0.828,0.073,0.652,0.3973,-3.5847,0.2,0.0,0.0,0.0,0.0106,0.0062,-0.5498,0.5499,-0.0207,1,1,2,0.923,0.573,0.427,0,0,0.0,5,DESCENT_PHASE,-0.0243,-0.0143
1023,34.723,0.3949,-3.658,0.8444,-0.0247,-0.0134,-0.1769,0.824,0.073,0.649,0.3973,-3.5847,0.2,0.0,0.0,0.0,0.0108,0.0058,-0.5498,0.5499,0.0078,1,1,2,0.924,0.578,0.422,0,0,0.0,5,DESCENT_PHASE,-0.0247,-0.0134
1024,34.76,0.3944,-3.6583,0.8408,-0.0259,-0.0142,-0.177,0.821,0.074,0.645,0.3973,-3.5847,0.2,0.0,0.0,0.0,0.0113,0.0062,-0.5497,0.5498,-0.0096,1,1,2,0.924,0.575,0.425,0,0,0.0,5,DESCENT_PHASE,-0.0259,-0.0142
1025,34.798,0.3939,-3.6586,0.8373,-0.0257,-0.0144,-0.1769,0.817,0.074,0.642,0.3973,-3.5847,0.2,0.0,0.0,0.0,0.0112,0.0063,-0.5497,0.5499,0.0189,1,1,2,0.925,0.579,0.421,0,0,0.0,5,DESCENT_PHASE,-0.0257,-0.0144
1026,34.833,0.3934,-3.6589,0.8337,-0.0267,-0.0153,-0.1769,0.814,0.074,0.638,0.3973,-3.5847,0.2,0.0,0.0,0.0,0.0116,0.0067,-0.5499,0.55,-0.0127,1,1,2,0.925,0.575,0.425,0,0,0.0,5,DESCENT_PHASE,-0.0267,-0.0153
1027,34.87,0.3928,-3.6592,0.8302,-0.0264,-0.0147,-0.1768,0.81,0.075,0.635,0.3973,-3.5847,0.2,0.0,0.0,0.0,0.0115,0.0064,-0.5499,0.55,0.0159,1,1,2,0.925,0.579,0.421,0,0,0.0,5,DESCENT_PHASE,-0.0264,-0.0147
1028,34.906,0.3923,-3.6595,0.8267,-0.0276,-0.0152,-0.177,0.807,0.075,0.631,0.3973,-3.5847,0.2,0.0,0.0,0.0,0.012,0.0066,-0.5497,0.5498,-0.0145,1,1,2,0.926,0.578,0.422,0,0,0.0,5,DESCENT_PHASE,-0.0276,-0.0152
1029,34.942,0.3917,-3.6598,0.8231,-0.0279,-0.0143,-0.1769,0.803,0.075,0.628,0.3973,-3.5847,0.2,0.0,0.0,0.0,0.0122,0.0063,-0.5498,0.5499,0.0138,1,1,2,0.927,0.584,0.416,0,0,0.0,5,DESCENT_PHASE,-0.0279,-0.0143
1030,34.979,0.3912,-3.6601,0.8196,-0.0285,-0.0147,-0.1768,0.8,0.076,0.624,0.3973,-3.5847,0.2,0.0,0.0,0.0,0.0125,0.0064,-0.5499,0.5501,-0.0177,1,1,2,0.927,0.583,0.417,0,0,0.0,5,DESCENT_PHASE,-0.0285,-0.0147
1031,35.016,0.3906,-3.6604,0.8161,-0.0271,-0.0139,-0.1768,0.796,0.076,0.621,0.3973,-3.5847,0.2,0.0,0.0,0.0,0.0118,0.0061,-0.55,0.5501,0.0109,1,1,2,0.929,0.587,0.413,0,0,0.0,5,DESCENT_PHASE,-0.0271,-0.0139
1032,35.053,0.3901,-3.6606,0.8125,-0.0262,-0.0145,-0.1767,0.793,0.076,0.617,0.3973,-3.5847,0.2,0.0,0.0,0.0,0.0114,0.0063,-0.55,0.5502,-0.0208,1,1,2,0.928,0.586,0.414,0,0,0.0,5,DESCENT_PHASE,-0.0262,-0.0145
1033,35.09,0.3896,-3.6609,0.809,-0.0237,-0.0143,-0.1768,0.789,0.077,0.614,0.3973,-3.5847,0.2,0.0,0.0,0.0,0.0103,0.0062,-0.55,0.5501,0.008,1,1,2,0.93,0.589,0.411,0,0,0.0,5,DESCENT_PHASE,-0.0237,-0.0143
1034,35.127,0.3892,-3.6612,0.8055,-0.0221,-0.0158,-0.1769,0.785,0.077,0.61,0.3973,-3.5847,0.2,0.0,0.0,0.0,0.0096,0.0069,-0.5498,0.5499,-0.0053,1,1,2,0.929,0.587,0.413,0,0,0.0,5,DESCENT_PHASE,-0.0221,-0.0158
1035,35.163,0.3888,-3.6616,0.8019,-0.0191,-0.0166,-0.1769,0.782,0.077,0.607,0.3973,-3.5847,0.2,0.0,0.0,0.0,0.0083,0.0072,-0.5498,0.5499,0.0237,1,1,2,0.93,0.589,0.411,0,0,0.0,5,DESCENT_PHASE,-0.0191,-0.0166
1036,35.198,0.3885,-3.6619,0.7984,-0.0173,-0.0178,-0.1768,0.778,0.078,0.603,0.3973,-3.5847,0.2,0.0,0.0,0.0,0.0075,0.0078,-0.5499,0.55,-0.0084,1,1,2,0.93,0.587,0.413,0,0,0.0,5,DESCENT_PHASE,-0.0173,-0.0178
1037,35.234,0.3882,-3.6623,0.7948,-0.0144,-0.0172,-0.1768,0.775,0.078,0.6,0.3973,-3.5847,0.2,0.0,0.0,0.0,0.0063,0.0075,-0.5499,0.55,0.0206,1,1,2,0.931,0.589,0.411,0,0,0.0,5,DESCENT_PHASE,-0.0144,-0.0172
1038,35.268,0.3879,-3.6626,0.7913,-0.013,-0.0171,-0.1768,0.771,0.079,0.597,0.3973,-3.5847,0.2,0.0,0.0,0.0,0.0056,0.0075,-0.55,0.5501,-0.0114,1,1,2,0.93,0.586,0.414,0,0,0.0,5,DESCENT_PHASE,-0.013,-0.0171
1039,35.305,0.3877,-3.6629,0.7878,-0.0108,-0.0154,-0.1768,0.768,0.079,0.593,0.3973,-3.5847,0.2,0.0,0.0,0.0,0.0047,0.0067,-0.55,0.5501,0.0175,1,1,2,0.93,0.587,0.413,0,0,0.0,5,DESCENT_PHASE,-0.0108,-0.0154
1040,35.34,0.3875,-3.6632,0.7842,-0.0104,-0.0147,-0.1769,0.764,0.079,0.59,0.3973,-3.5847,0.2,0.0,0.0,0.0,0.0045,0.0064,-0.5498,0.5499,-0.0135,1,1,2,0.93,0.585,0.415,0,0,0.0,5,DESCENT_PHASE,-0.0104,-0.0147
1041,35.375,0.3873,-3.6635,0.7807,-0.0096,-0.0125,-0.1768,0.761,0.079,0.586,0.3973,-3.5847,0.2,0.0,0.0,0.0,0.0042,0.0054,-0.5499,0.5499,0.0152,1,1,2,0.931,0.589,0.411,0,0,0.0,5,DESCENT_PHASE,-0.0096,-0.0125
1042,35.409,0.3871,-3.6637,0.7772,-0.0098,-0.0113,-0.1768,0.757,0.08,0.583,0.3973,-3.5847,0.2,0.0,0.0,0.0,0.0043,0.0049,-0.55,0.55,-0.0167,1,1,2,0.931,0.586,0.414,0,0,0.0,5,DESCENT_PHASE,-0.0098,-0.0113
1043,35.447,0.3869,-3.6639,0.7736,-0.0087,-0.009,-0.1768,0.754,0.08,0.579,0.3973,-3.5847,0.2,0.0,0.0,0.0,0.0038,0.0039,-0.55,0.55,0.0122,1,1,2,0.932,0.588,0.412,0,0,0.0,5,DESCENT_PHASE,-0.0087,-0.009
1044,35.48,0.3867,-3.664,0.7701,-0.009,-0.008,-0.1768,0.75,0.08,0.576,0.3973,-3.5847,0.2,0.0,0.0,0.0,0.0039,0.0035,-0.55,0.55,-0.0198,1,1,2,0.931,0.585,0.415,0,0,0.0,5,DESCENT_PHASE,-0.009,-0.008
1045,35.513,0.3866,-3.6642,0.7666,-0.0084,-0.006,-0.1768,0.747,0.08,0.572,0.3973,-3.5847,0.2,0.0,0.0,0.0,0.0036,0.0026,-0.55,0.55,0.0092,1,1,2,0.932,0.587,0.413,0,0,0.0,5,DESCENT_PHASE,-0.0084,-0.006
1046,35.547,0.3864,-3.6643,0.763,-0.0094,-0.0057,-0.1769,0.743,0.08,0.569,0.3973,-3.5847,0.2,0.0,0.0,0.0,0.0041,0.0025,-0.5498,0.5498,-0.0219,1,1,2,0.932,0.585,0.415,0,0,0.0,5,DESCENT_PHASE,-0.0094,-0.0057
1047,35.579,0.3862,-3.6644,0.7595,-0.0098,-0.0046,-0.1769,0.739,0.08,0.565,0.3973,-3.5847,0.2,0.0,0.0,0.0,0.0043,0.002,-0.5498,0.5499,0.007,1,1,2,0.933,0.588,0.412,0,0,0.0,5,DESCENT_PHASE,-0.0098,-0.0046
1048,35.614,0.386,-3.6645,0.7559,-0.0112,-0.0053,-0.1773,0.736,0.081,0.562,0.3973,-3.5847,0.2,0.0,0.0,0.0,0.0049,0.0023,-0.5491,0.5491,-0.0155,1,1,2,0.933,0.586,0.414,0,0,0.0,5,DESCENT_PHASE,-0.0112,-0.0053
1049,35.647,0.3857,-3.6646,0.7524,-0.0112,-0.0054,-0.1771,0.732,0.081,0.558,0.3973,-3.5847,0.2,0.0,0.0,0.0,0.0049,0.0023,-0.5494,0.5494,0.0136,1,1,2,0.933,0.589,0.411,0,0,0.0,5,DESCENT_PHASE,-0.0112,-0.0054
1050,35.681,0.3855,-3.6647,0.7489,-0.0125,-0.0068,-0.177,0.729,0.081,0.555,0.3973,-3.5847,0.2,0.0,0.0,0.0,0.0054,0.0029,-0.5496,0.5496,-0.0186,1,1,2,0.933,0.585,0.415,0,0,0.0,5,DESCENT_PHASE,-0.0125,-0.0068
1051,35.714,0.3852,-3.6649,0.7453,-0.0127,-0.007,-0.1769,0.725,0.081,0.551,0.3973,-3.5847,0.2,0.0,0.0,0.0,0.0055,0.0031,-0.5497,0.5497,0.0104,1,1,2,0.934,0.588,0.412,0,0,0.0,5,DESCENT_PHASE,-0.0127,-0.007
1052,35.747,0.3849,-3.665,0.7418,-0.0145,-0.0088,-0.1771,0.722,0.081,0.548,0.3973,-3.5847,0.2,0.0,0.0,0.0,0.0063,0.0038,-0.5495,0.5495,-0.0177,1,1,2,0.934,0.586,0.414,0,0,0.0,5,DESCENT_PHASE,-0.0145,-0.0088
1053,35.781,0.3846,-3.6652,0.7382,-0.0156,-0.0097,-0.177,0.718,0.082,0.544,0.3973,-3.5847,0.2,0.0,0.0,0.0,0.0068,0.0042,-0.5496,0.5496,0.011,1,1,2,0.935,0.591,0.409,0,0,0.0,5,DESCENT_PHASE,-0.0156,-0.0097
1054,35.814,0.3843,-3.6655,0.7347,-0.0172,-0.0121,-0.177,0.715,0.082,0.541,0.3973,-3.5847,0.2,0.0,0.0,0.0,0.0075,0.0053,-0.5495,0.5496,-0.0131,1,1,2,0.935,0.589,0.411,0,0,0.0,5,DESCENT_PHASE,-0.0172,-0.0121
1055,35.848,0.3839,-3.6657,0.7312,-0.0172,-0.0136,-0.177,0.711,0.082,0.537,0.3973,-3.5847,0.2,0.0,0.0,0.0,0.0075,0.0059,-0.5496,0.5497,0.0158,1,1,2,0.936,0.593,0.407,0,0,0.0,5,DESCENT_PHASE,-0.0172,-0.0136
1056,35.881,0.3836,-3.6661,0.7276,-0.0181,-0.0161,-0.1769,0.708,0.083,0.534,0.3973,-3.5847,0.2,0.0,0.0,0.0,0.0079,0.007,-0.5497,0.5498,-0.0162,1,1,2,0.936,0.591,0.409,0,0,0.0,5,DESCENT_PHASE,-0.0181,-0.0161
1057,35.914,0.3832,-3.6664,0.7241,-0.0177,-0.0174,-0.1769,0.704,0.083,0.531,0.3973,-3.5847,0.2,0.0,0.0,0.0,0.0077,0.0076,-0.5497,0.5498,0.0127,1,1,2,0.937,0.594,0.406,0,0,0.0,5,DESCENT_PHASE,-0.0177,-0.0174
1058,35.946,0.3829,-3.6668,0.7205,-0.0185,-0.02,-0.177,0.701,0.083,0.527,0.3973,-3.5847,0.2,0.0,0.0,0.0,0.008,0.0087,-0.5496,0.5497,-0.011,1,1,2,0.936,0.59,0.41,0,0,0.0,5,DESCENT_PHASE,-0.0185,-0.02
1059,35.979,0.3825,-3.6672,0.717,-0.0183,-0.0215,-0.177,0.697,0.084,0.524,0.3973,-3.5847,0.2,0.0,0.0,0.0,0.008,0.0094,-0.5496,0.5498,0.0179,1,1,2,0.937,0.593,0.407,0,0,0.0,5,DESCENT_PHASE,-0.0183,-0.0215
1060,36.011,0.3821,-3.6677,0.7135,-0.0196,-0.024,-0.1771,0.693,0.084,0.52,0.3973,-3.5847,0.2,0.0,0.0,0.0,0.0085,0.0104,-0.5495,0.5496,-0.0128,1,1,2,0.937,0.592,0.408,0,0,0.0,5,DESCENT_PHASE,-0.0196,-0.024
1061,36.043,0.3817,-3.6682,0.7099,-0.0202,-0.0249,-0.177,0.69,0.085,0.517,0.3973,-3.5847,0.2,0.0,0.0,0.0,0.0088,0.0108,-0.5495,0.5497,0.016,1,1,2,0.938,0.597,0.403,0,0,0.0,5,DESCENT_PHASE,-0.0202,-0.0249
1062,36.077,0.3813,-3.6688,0.7064,-0.0212,-0.0269,-0.1769,0.686,0.086,0.514,0.3973,-3.5847,0.2,0.0,0.0,0.0,0.0092,0.0117,-0.5497,0.5499,-0.016,1,1,2,0.938,0.596,0.404,0,0,0.0,5,DESCENT_PHASE,-0.0212,-0.0269
1063,36.11,0.3809,-3.6693,0.7028,-0.0205,-0.0276,-0.1769,0.683,0.086,0.51,0.3973,-3.5847,0.2,0.0,0.0,0.0,0.0089,0.012,-0.5497,0.5499,0.0131,1,1,2,0.939,0.599,0.401,0,0,0.0,5,DESCENT_PHASE,-0.0205,-0.0276
1064,36.142,0.3805,-3.6699,0.6993,-0.0206,-0.0296,-0.177,0.679,0.087,0.507,0.3973,-3.5847,0.2,0.0,0.0,0.0,0.0089,0.0129,-0.5496,0.5498,-0.0052,1,1,2,0.939,0.597,0.403,0,0,0.0,5,DESCENT_PHASE,-0.0206,-0.0296
1065,36.175,0.3801,-3.6705,0.6958,-0.0192,-0.0306,-0.1769,0.676,0.088,0.503,0.3973,-3.5847,0.2,0.0,0.0,0.0,0.0083,0.0133,-0.5497,0.5499,0.0241,1,1,2,0.94,0.601,0.399,0,0,0.0,5,DESCENT_PHASE,-0.0192,-0.0306
1066,36.208,0.3797,-3.6712,0.6922,-0.0188,-0.0319,-0.1769,0.672,0.088,0.5,0.3973,-3.5847,0.2,0.0,0.0,0.0,0.0082,0.0139,-0.5499,0.5501,-0.0084,1,1,2,0.94,0.598,0.402,0,0,0.0,5,DESCENT_PHASE,-0.0188,-0.0319
1067,36.24,0.3793,-3.6718,0.6887,-0.0173,-0.0313,-0.1768,0.669,0.089,0.497,0.3973,-3.5847,0.2,0.0,0.0,0.0,0.0075,0.0136,-0.5499,0.5501,0.021,1,1,2,0.941,0.601,0.399,0,0,0.0,5,DESCENT_PHASE,-0.0173,-0.0313
1068,36.272,0.379,-3.6724,0.6851,-0.0172,-0.0314,-0.1768,0.665,0.09,0.493,0.3973,-3.5847,0.2,0.0,0.0,0.0,0.0075,0.0136,-0.55,0.5502,-0.0116,1,1,2,0.94,0.595,0.405,0,0,0.0,5,DESCENT_PHASE,-0.0172,-0.0314
1069,36.304,0.3787,-3.673,0.6816,-0.0163,-0.0297,-0.1768,0.662,0.09,0.49,0.3973,-3.5847,0.2,0.0,0.0,0.0,0.0071,0.0129,-0.55,0.5502,0.0178,1,1,2,0.941,0.597,0.403,0,0,0.0,5,DESCENT_PHASE,-0.0163,-0.0297
1070,36.336,0.3783,-3.6736,0.6781,-0.0171,-0.029,-0.1769,0.658,0.091,0.487,0.3973,-3.5847,0.2,0.0,0.0,0.0,0.0074,0.0126,-0.5498,0.55,-0.0127,1,1,2,0.941,0.597,0.403,0,0,0.0,5,DESCENT_PHASE,-0.0171,-0.029
1071,36.369,0.378,-3.6741,0.6745,-0.0174,-0.0269,-0.1768,0.655,0.092,0.483,0.3973,-3.5847,0.2,0.0,0.0,0.0,0.0075,0.0116,-0.5499,0.5501,0.0167,1,1,2,0.942,0.602,0.398,0,0,0.0,5,DESCENT_PHASE,-0.0174,-0.0269
1072,36.402,0.3776,-3.6746,0.671,-0.0178,-0.0257,-0.1768,0.651,0.092,0.48,0.3973,-3.5847,0.2,0.0,0.0,0.0,0.0077,0.0112,-0.55,0.5502,-0.0161,1,1,2,0.942,0.601,0.399,0,0,0.0,5,DESCENT_PHASE,-0.0178,-0.0257
1073,36.435,0.3773,-3.6751,0.6675,-0.0163,-0.0233,-0.1767,0.647,0.093,0.477,0.3973,-3.5847,0.2,0.0,0.0,0.0,0.007,0.0101,-0.55,0.5502,0.0137,1,1,2,0.944,0.608,0.392,0,0,0.0,5,DESCENT_PHASE,-0.0163,-0.0233
1074,36.468,0.377,-3.6755,0.6639,-0.0152,-0.0221,-0.1771,0.644,0.093,0.473,0.3973,-3.5847,0.2,0.0,0.0,0.0,0.0066,0.0096,-0.5494,0.5495,-0.0188,1,1,2,0.944,0.604,0.396,0,0,0.0,5,DESCENT_PHASE,-0.0152,-0.0221
1075,36.5,0.3768,-3.6759,0.6604,-0.0125,-0.0198,-0.177,0.64,0.094,0.47,0.3973,-3.5847,0.2,0.0,0.0,0.0,0.0054,0.0086,-0.5496,0.5497,0.0113,1,1,2,0.945,0.61,0.39,0,0,0.0,5,DESCENT_PHASE,-0.0125,-0.0198
1076,36.533,0.3765,-3.6763,0.6568,-0.0105,-0.019,-0.1769,0.637,0.094,0.466,0.3973,-3.5847,0.2,0.0,0.0,0.0,0.0046,0.0082,-0.5498,0.5499,-0.022,1,1,2,0.944,0.606,0.394,0,0,0.0,5,DESCENT_PHASE,-0.0105,-0.019
1077,36.565,0.3764,-3.6767,0.6533,-0.0071,-0.0174,-0.1769,0.633,0.094,0.463,0.3973,-3.5847,0.2,0.0,0.0,0.0,0.0031,0.0075,-0.5498,0.5499,0.0081,1,1,2,0.945,0.608,0.392,0,0,0.0,5,DESCENT_PHASE,-0.0071,-0.0174
1078,36.599,0.3763,-3.677,0.6498,-0.0049,-0.0175,-0.177,0.63,0.095,0.46,0.3973,-3.5847,0.2,0.0,0.0,0.0,0.0021,0.0076,-0.5496,0.5497,-0.0103,1,1,2,0.945,0.606,0.394,0,0,0.0,5,DESCENT_PHASE,-0.0049,-0.0175
1079,36.631,0.3763,-3.6774,0.6462,-0.0015,-0.017,-0.1769,0.626,0.095,0.456,0.3973,-3.5847,0.2,0.0,0.0,0.0,0.0007,0.0074,-0.5497,0.5498,0.0198,1,1,2,0.946,0.611,0.389,0,0,0.0,5,DESCENT_PHASE,-0.0015,-0.017
1080,36.663,0.3763,-3.6777,0.6427,0.0004,-0.0173,-0.1769,0.623,0.095,0.453,0.3973,-3.5847,0.2,0.0,0.0,0.0,-0.0002,0.0075,-0.5498,0.5499,-0.0135,1,1,2,0.945,0.605,0.395,0,0,0.0,5,DESCENT_PHASE,0.0004,-0.0173
1081,36.698,0.3763,-3.678,0.6392,0.0032,-0.016,-0.1769,0.619,0.096,0.449,0.3973,-3.5847,0.2,0.0,0.0,0.0,-0.0014,0.0069,-0.5498,0.5499,0.0165,1,1,2,0.946,0.61,0.39,0,0,0.0,5,DESCENT_PHASE,0.0032,-0.016
1082,36.731,0.3764,-3.6783,0.6356,0.0042,-0.0158,-0.1768,0.616,0.096,0.446,0.3973,-3.5847,0.2,0.0,0.0,0.0,-0.0018,0.0068,-0.5499,0.55,-0.0165,1,1,2,0.945,0.603,0.397,0,0,0.0,5,DESCENT_PHASE,0.0042,-0.0158
1083,36.763,0.3765,-3.6786,0.6321,0.0057,-0.0143,-0.1768,0.612,0.096,0.443,0.3973,-3.5847,0.2,0.0,0.0,0.0,-0.0025,0.0062,-0.5499,0.55,0.0132,1,1,2,0.946,0.604,0.396,0,0,0.0,5,DESCENT_PHASE,0.0057,-0.0143
1084,36.798,0.3766,-3.6789,0.6285,0.0051,-0.0141,-0.1769,0.609,0.096,0.439,0.3973,-3.5847,0.2,0.0,0.0,0.0,-0.0022,0.0061,-0.5497,0.5498,-0.0178,1,1,2,0.946,0.602,0.398,0,0,0.0,5,DESCENT_PHASE,0.0051,-0.0141
1085,36.832,0.3767,-3.6792,0.625,0.0047,-0.0128,-0.1769,0.605,0.097,0.436,0.3973,-3.5847,0.2,0.0,0.0,0.0,-0.002,0.0055,-0.5498,0.5499,0.0116,1,1,2,0.947,0.609,0.391,0,0,0.0,5,DESCENT_PHASE,0.0047,-0.0128
1086,36.866,0.3768,-3.6794,0.6215,0.0034,-0.013,-0.1768,0.601,0.097,0.432,0.3973,-3.5847,0.2,0.0,0.0,0.0,-0.0015,0.0056,-0.5499,0.5499,-0.021,1,1,2,0.946,0.604,0.396,0,0,0.0,5,DESCENT_PHASE,0.0034,-0.013
1087,36.9,0.3769,-3.6797,0.6179,0.0035,-0.0123,-0.1768,0.598,0.097,0.429,0.3973,-3.5847,0.2,0.0,0.0,0.0,-0.0015,0.0053,-0.5499,0.55,0.0085,1,1,2,0.947,0.61,0.39,0,0,0.0,5,DESCENT_PHASE,0.0035,-0.0123
1088,36.934,0.3769,-3.6799,0.6144,0.0024,-0.0132,-0.1772,0.594,0.097,0.426,0.3973,-3.5847,0.2,0.0,0.0,0.0,-0.001,0.0057,-0.5493,0.5493,-0.0108,1,1,2,0.947,0.604,0.396,0,0,0.0,5,DESCENT_PHASE,0.0024,-0.0132
1089,36.967,0.377,-3.6802,0.6109,0.0024,-0.0135,-0.177,0.591,0.098,0.422,0.3973,-3.5847,0.2,0.0,0.0,0.0,-0.001,0.0058,-0.5495,0.5496,0.0187,1,1,2,0.948,0.609,0.391,0,0,0.0,5,DESCENT_PHASE,0.0024,-0.0135
1090,36.999,0.377,-3.6805,0.6073,0.0009,-0.0147,-0.1769,0.587,0.098,0.419,0.3973,-3.5847,0.2,0.0,0.0,0.0,-0.0004,0.0063,-0.5497,0.5497,-0.0138,1,1,2,0.947,0.606,0.394,0,0,0.0,5,DESCENT_PHASE,0.0009,-0.0147
1091,37.032,0.377,-3.6808,0.6038,0.0001,-0.0143,-0.1769,0.584,0.098,0.416,0.3973,-3.5847,0.2,0.0,0.0,0.0,-0.0001,0.0062,-0.5498,0.5498,0.0154,1,1,2,0.948,0.607,0.393,0,0,0.0,5,DESCENT_PHASE,0.0001,-0.0143
1092,37.065,0.3769,-3.6811,0.6002,-0.0024,-0.0151,-0.177,0.58,0.099,0.412,0.3973,-3.5847,0.2,0.0,0.0,0.0,0.001,0.0065,-0.5496,0.5496,-0.0149,1,1,2,0.948,0.607,0.393,0,0,0.0,5,DESCENT_PHASE,-0.0024,-0.0151
1093,37.099,0.3769,-3.6814,0.5967,-0.0044,-0.0145,-0.177,0.577,0.099,0.409,0.3973,-3.5847,0.2,0.0,0.0,0.0,0.0019,0.0063,-0.5497,0.5497,0.0139,1,1,2,0.949,0.612,0.388,0,0,0.0,5,DESCENT_PHASE,-0.0044,-0.0145
1094,37.133,0.3767,-3.6817,0.5932,-0.0069,-0.0152,-0.1769,0.573,0.099,0.405,0.3973,-3.5847,0.2,0.0,0.0,0.0,0.003,0.0066,-0.5498,0.5498,-0.0182,1,1,2,0.949,0.611,0.389,0,0,0.0,5,DESCENT_PHASE,-0.0069,-0.0152
1095,37.168,0.3766,-3.682,0.5896,-0.0074,-0.0148,-0.1769,0.57,0.099,0.402,0.3973,-3.5847,0.2,0.0,0.0,0.0,0.0032,0.0064,-0.5498,0.5499,0.0108,1,1,2,0.95,0.615,0.385,0,0,0.0,5,DESCENT_PHASE,-0.0074,-0.0148
1096,37.202,0.3764,-3.6823,0.5861,-0.0087,-0.0159,-0.1769,0.566,0.1,0.399,0.3973,-3.5847,0.2,0.0,0.0,0.0,0.0038,0.0069,-0.5498,0.5498,-0.016,1,1,2,0.95,0.613,0.387,0,0,0.0,5,DESCENT_PHASE,-0.0087,-0.0159
1097,37.235,0.3762,-3.6826,0.5825,-0.0085,-0.016,-0.1769,0.563,0.1,0.395,0.3973,-3.5847,0.2,0.0,0.0,0.0,0.0037,0.0069,-0.5498,0.5499,0.0131,1,1,2,0.951,0.615,0.385,0,0,0.0,5,DESCENT_PHASE,-0.0085,-0.016
1098,37.27,0.376,-3.683,0.579,-0.0093,-0.0175,-0.1768,0.559,0.101,0.392,0.3973,-3.5847,0.2,0.0,0.0,0.0,0.004,0.0076,-0.5499,0.5499,-0.0192,1,1,2,0.951,0.613,0.387,0,0,0.0,5,DESCENT_PHASE,-0.0093,-0.0175
1099,37.307,0.3759,-3.6833,0.5755,-0.0088,-0.0179,-0.1769,0.555,0.101,0.389,0.3973,-3.5847,0.2,0.0,0.0,0.0,0.0038,0.0077,-0.5499,0.5499,0.01,1,1,2,0.952,0.615,0.385,0,0,0.0,5,DESCENT_PHASE,-0.0088,-0.0179
1100,37.344,0.3757,-3.6837,0.5719,-0.0098,-0.0199,-0.177,0.552,0.101,0.386,0.3973,-3.5847,0.2,0.0,0.0,0.0,0.0042,0.0086,-0.5496,0.5497,-0.0048,1,1,2,0.951,0.613,0.387,0,0,0.0,5,DESCENT_PHASE,-0.0098,-0.0199
1101,37.38,0.3755,-3.6841,0.5684,-0.0098,-0.021,-0.177,0.548,0.102,0.382,0.3973,-3.5847,0.2,0.0,0.0,0.0,0.0042,0.0091,-0.5497,0.5498,0.0242,1,1,2,0.952,0.615,0.385,0,0,0.0,5,DESCENT_PHASE,-0.0098,-0.021
1102,37.415,0.3752,-3.6846,0.5649,-0.0115,-0.0226,-0.177,0.545,0.102,0.379,0.3973,-3.5847,0.2,0.0,0.0,0.0,0.005,0.0098,-0.5495,0.5497,-0.0066,1,1,2,0.952,0.614,0.386,0,0,0.0,5,DESCENT_PHASE,-0.0115,-0.0226
1103,37.452,0.375,-3.685,0.5613,-0.0126,-0.0221,-0.177,0.541,0.103,0.376,0.3973,-3.5847,0.2,0.0,0.0,0.0,0.0054,0.0096,-0.5497,0.5498,0.0222,1,1,2,0.953,0.617,0.383,0,0,0.0,5,DESCENT_PHASE,-0.0126,-0.0221
1104,37.495,0.3747,-3.6855,0.5578,-0.0143,-0.0223,-0.1769,0.538,0.103,0.372,0.3973,-3.5847,0.2,0.0,0.0,0.0,0.0062,0.0096,-0.5498,0.5499,-0.0098,1,1,2,0.953,0.616,0.384,0,0,0.0,5,DESCENT_PHASE,-0.0143,-0.0223
1105,37.535,0.3744,-3.6859,0.5542,-0.0145,-0.0205,-0.1768,0.534,0.104,0.369,0.3973,-3.5847,0.2,0.0,0.0,0.0,0.0062,0.0089,-0.5499,0.55,0.0192,1,1,2,0.954,0.619,0.381,0,0,0.0,5,DESCENT_PHASE,-0.0145,-0.0205
1106,37.571,0.3741,-3.6863,0.5507,-0.0156,-0.0196,-0.1768,0.531,0.104,0.366,0.3973,-3.5847,0.2,0.0,0.0,0.0,0.0067,0.0085,-0.55,0.5501,-0.013,1,1,2,0.954,0.616,0.384,0,0,0.0,5,DESCENT_PHASE,-0.0156,-0.0196
1107,37.61,0.3738,-3.6866,0.5472,-0.0155,-0.0171,-0.1768,0.527,0.105,0.363,0.3973,-3.5847,0.2,0.0,0.0,0.0,0.0067,0.0074,-0.55,0.55,0.0161,1,1,2,0.954,0.619,0.381,0,0,0.0,5,DESCENT_PHASE,-0.0155,-0.0171
1108,37.645,0.3735,-3.6869,0.5436,-0.0167,-0.0157,-0.1768,0.524,0.105,0.359,0.3973,-3.5847,0.2,0.0,0.0,0.0,0.0072,0.0068,-0.5499,0.55,-0.0159,1,1,2,0.954,0.613,0.387,0,0,0.0,5,DESCENT_PHASE,-0.0167,-0.0157
1109,37.679,0.3731,-3.6872,0.5401,-0.017,-0.0129,-0.1768,0.52,0.105,0.356,0.3973,-3.5847,0.2,0.0,0.0,0.0,0.0073,0.0056,-0.5499,0.55,0.0132,1,1,2,0.955,0.619,0.381,0,0,0.0,5,DESCENT_PHASE,-0.017,-0.0129
1110,37.712,0.3727,-3.6874,0.5366,-0.0187,-0.0115,-0.1769,0.517,0.106,0.353,0.3973,-3.5847,0.2,0.0,0.0,0.0,0.0081,0.005,-0.5497,0.5498,-0.018,1,1,2,0.955,0.614,0.386,0,0,0.0,5,DESCENT_PHASE,-0.0187,-0.0115
1111,37.745,0.3723,-3.6876,0.533,-0.0196,-0.009,-0.1769,0.513,0.106,0.349,0.3973,-3.5847,0.2,0.0,0.0,0.0,0.0085,0.0039,-0.5498,0.5498,0.0111,1,1,2,0.956,0.622,0.378,0,0,0.0,5,DESCENT_PHASE,-0.0196,-0.009
1112,37.78,0.3719,-3.6878,0.5295,-0.0212,-0.008,-0.1769,0.509,0.106,0.346,0.3973,-3.5847,0.2,0.0,0.0,0.0,0.0091,0.0034,-0.5498,0.5499,-0.0213,1,1,2,0.956,0.616,0.384,0,0,0.0,5,DESCENT_PHASE,-0.0212,-0.008
1113,37.812,0.3715,-3.6879,0.5259,-0.0214,-0.006,-0.1768,0.506,0.106,0.343,0.3973,-3.5847,0.2,0.0,0.0,0.0,0.0092,0.0026,-0.5499,0.5499,0.0081,1,1,2,0.957,0.62,0.38,0,0,0.0,5,DESCENT_PHASE,-0.0214,-0.006
1114,37.845,0.371,-3.688,0.5224,-0.0225,-0.0058,-0.1774,0.502,0.107,0.34,0.3973,-3.5847,0.2,0.0,0.0,0.0,0.0097,0.0025,-0.5489,0.549,-0.0236,1,1,2,0.957,0.617,0.383,0,0,0.0,5,DESCENT_PHASE,-0.0225,-0.0058
1115,37.878,0.3706,-3.6881,0.5189,-0.0226,-0.0049,-0.1772,0.499,0.107,0.336,0.3973,-3.5847,0.2,0.0,0.0,0.0,0.0097,0.0021,-0.5493,0.5494,0.0058,1,1,2,0.957,0.622,0.378,0,0,0.0,5,DESCENT_PHASE,-0.0226,-0.0049
1116,37.912,0.3701,-3.6882,0.5153,-0.0239,-0.006,-0.1773,0.495,0.107,0.333,0.3973,-3.5847,0.2,0.0,0.0,0.0,0.0103,0.0026,-0.5491,0.5492,-0.0085,1,1,2,0.957,0.621,0.379,0,0,0.0,5,DESCENT_PHASE,-0.0239,-0.006
1117,37.947,0.3696,-3.6884,0.5118,-0.0244,-0.0066,-0.1771,0.492,0.107,0.33,0.3973,-3.5847,0.2,0.0,0.0,0.0,0.0105,0.0028,-0.5494,0.5495,0.0204,1,1,2,0.958,0.627,0.373,0,0,0.0,5,DESCENT_PHASE,-0.0244,-0.0066
1118,37.98,0.3691,-3.6885,0.5082,-0.0254,-0.0079,-0.177,0.488,0.108,0.326,0.3973,-3.5847,0.2,0.0,0.0,0.0,0.011,0.0034,-0.5496,0.5497,-0.0116,1,1,2,0.958,0.625,0.375,0,0,0.0,5,DESCENT_PHASE,-0.0254,-0.0079
1119,38.016,0.3686,-3.6887,0.5047,-0.025,-0.0075,-0.1769,0.485,0.108,0.323,0.3973,-3.5847,0.2,0.0,0.0,0.0,0.0107,0.0032,-0.5497,0.5499,0.0171,1,1,2,0.959,0.629,0.371,0,0,0.0,5,DESCENT_PHASE,-0.025,-0.0075
1120,38.053,0.3681,-3.6888,0.5011,-0.0255,-0.0081,-0.1768,0.481,0.108,0.32,0.3973,-3.5847,0.2,0.0,0.0,0.0,0.011,0.0035,-0.5499,0.55,-0.0146,1,1,2,0.959,0.627,0.373,0,0,0.0,5,DESCENT_PHASE,-0.0255,-0.0081
1121,38.09,0.3676,-3.689,0.4976,-0.0247,-0.0072,-0.1768,0.478,0.108,0.317,0.3973,-3.5847,0.2,0.0,0.0,0.0,0.0106,0.0031,-0.5499,0.55,0.014,1,1,2,0.96,0.629,0.371,0,0,0.0,5,DESCENT_PHASE,-0.0247,-0.0072
1122,38.126,0.3671,-3.6891,0.4941,-0.0253,-0.0076,-0.1769,0.474,0.109,0.314,0.3973,-3.5847,0.2,0.0,0.0,0.0,0.0109,0.0033,-0.5498,0.5499,-0.017,1,1,2,0.96,0.628,0.372,0,0,0.0,5,DESCENT_PHASE,-0.0253,-0.0076
1123,38.162,0.3666,-3.6893,0.4905,-0.0249,-0.0068,-0.1768,0.471,0.109,0.31,0.3973,-3.5847,0.2,0.0,0.0,0.0,0.0107,0.0029,-0.5499,0.55,0.0112,1,1,2,0.961,0.631,0.369,0,0,0.0,5,DESCENT_PHASE,-0.0249,-0.0068
1124,38.198,0.3661,-3.6894,0.487,-0.0256,-0.0074,-0.1768,0.467,0.109,0.307,0.3973,-3.5847,0.2,0.0,0.0,0.0,0.011,0.0032,-0.5499,0.5501,-0.0199,1,1,2,0.96,0.628,0.372,0,0,0.0,5,DESCENT_PHASE,-0.0256,-0.0074
1125,38.233,0.3656,-3.6895,0.4835,-0.0251,-0.0071,-0.1768,0.463,0.11,0.304,0.3973,-3.5847,0.2,0.0,0.0,0.0,0.0108,0.003,-0.5499,0.55,0.0081,1,1,2,0.961,0.631,0.369,0,0,0.0,5,DESCENT_PHASE,-0.0251,-0.0071
1126,38.269,0.3651,-3.6897,0.4799,-0.026,-0.0084,-0.177,0.46,0.11,0.301,0.3973,-3.5847,0.2,0.0,0.0,0.0,0.0112,0.0036,-0.5496,0.5497,-0.0134,1,1,2,0.961,0.629,0.371,0,0,0.0,5,DESCENT_PHASE,-0.026,-0.0084
1127,38.304,0.3646,-3.6899,0.4764,-0.026,-0.009,-0.1769,0.456,0.11,0.298,0.3973,-3.5847,0.2,0.0,0.0,0.0,0.0112,0.0039,-0.5497,0.5498,0.0142,1,1,2,0.962,0.637,0.363,0,0,0.0,5,DESCENT_PHASE,-0.026,-0.009
1128,38.34,0.364,-3.6901,0.4729,-0.0267,-0.0108,-0.1769,0.453,0.111,0.294,0.3973,-3.5847,0.2,0.0,0.0,0.0,0.0115,0.0046,-0.5498,0.55,-0.0164,1,1,2,0.962,0.632,0.368,0,0,0.0,5,DESCENT_PHASE,-0.0267,-0.0108
1129,38.376,0.3635,-3.6903,0.4693,-0.0257,-0.0114,-0.1769,0.449,0.111,0.291,0.3973,-3.5847,0.2,0.0,0.0,0.0,0.0111,0.0049,-0.5498,0.55,0.0112,1,1,2,0.963,0.638,0.362,0,0,0.0,5,DESCENT_PHASE,-0.0257,-0.0114
1130,38.411,0.363,-3.6906,0.4658,-0.0259,-0.0133,-0.1768,0.446,0.111,0.288,0.3973,-3.5847,0.2,0.0,0.0,0.0,0.0111,0.0057,-0.5499,0.55,-0.017,1,1,2,0.963,0.632,0.368,0,0,0.0,5,DESCENT_PHASE,-0.0259,-0.0133
1131,38.447,0.3625,-3.6909,0.4622,-0.0248,-0.0143,-0.1769,0.442,0.112,0.285,0.3973,-3.5847,0.2,0.0,0.0,0.0,0.0106,0.0062,-0.5498,0.55,0.0105,1,1,2,0.963,0.638,0.362,0,0,0.0,5,DESCENT_PHASE,-0.0248,-0.0143
1132,38.482,0.362,-3.6912,0.4587,-0.025,-0.0167,-0.177,0.439,0.112,0.282,0.3973,-3.5847,0.2,0.0,0.0,0.0,0.0108,0.0072,-0.5496,0.5497,-0.0076,1,1,2,0.963,0.633,0.367,0,0,0.0,5,DESCENT_PHASE,-0.025,-0.0167
1133,38.518,0.3615,-3.6916,0.4551,-0.0244,-0.0183,-0.1776,0.435,0.113,0.279,0.3973,-3.5847,0.2,0.0,0.0,0.0,0.0105,0.0078,-0.5485,0.5487,0.0207,1,1,2,0.964,0.64,0.36,0,0,0.0,5,DESCENT_PHASE,-0.0244,-0.0183
1134,38.553,0.361,-3.692,0.4516,-0.025,-0.0204,-0.1773,0.432,0.113,0.276,0.3973,-3.5847,0.2,0.0,0.0,0.0,0.0107,0.0088,-0.5491,0.5493,-0.0095,1,1,2,0.964,0.634,0.366,0,0,0.0,5,DESCENT_PHASE,-0.025,-0.0204
1135,38.588,0.3605,-3.6924,0.4481,-0.0243,-0.0209,-0.1771,0.428,0.114,0.273,0.3973,-3.5847,0.2,0.0,0.0,0.0,0.0104,0.009,-0.2092,0.2096,0.018,1,1,2,0.965,0.64,0.36,0,0,0.0,5,DESCENT_PHASE,-0.0243,-0.0209
1136,38.624,0.36,-3.6929,0.4445,-0.0251,-0.0221,-0.1771,0.425,0.114,0.27,0.3973,-3.5847,0.2,0.0,0.0,0.0,0.0108,0.0095,-0.2092,0.2097,-0.0122,1,1,2,0.965,0.636,0.364,0,0,0.0,5,DESCENT_PHASE,-0.0251,-0.0221
1137,38.66,0.3595,-3.6933,0.441,-0.025,-0.0219,-0.177,0.421,0.115,0.267,0.3973,-3.5847,0.2,0.0,0.0,0.0,0.0107,0.0094,-0.2094,0.2099,0.0158,1,1,2,0.966,0.642,0.358,0,0,0.0,5,DESCENT_PHASE,-0.025,-0.0219
1138,38.695,0.359,-3.6938,0.4374,-0.0257,-0.0227,-0.1769,0.417,0.116,0.264,0.3973,-3.5847,0.2,0.0,0.0,0.0,0.011,0.0097,-0.2096,0.2101,-0.0155,1,1,2,0.966,0.637,0.363,0,0,0.0,5,DESCENT_PHASE,-0.0257,-0.0227
1139,38.73,0.3585,-3.6942,0.4339,-0.0246,-0.0222,-0.1769,0.414,0.116,0.261,0.3973,-3.5847,0.2,0.0,0.0,0.0,0.0106,0.0095,-0.2096,0.2101,0.0131,1,1,2,0.967,0.643,0.357,0,0,0.0,5,DESCENT_PHASE,-0.0246,-0.0222
1140,38.763,0.358,-3.6947,0.4304,-0.0247,-0.0229,-0.1773,0.41,0.117,0.258,0.3973,-3.5847,0.2,0.0,0.0,0.0,0.0106,0.0098,-0.2089,0.2094,-0.0182,1,1,2,0.966,0.638,0.362,0,0,0.0,5,DESCENT_PHASE,-0.0247,-0.0229
1141,38.796,0.3576,-3.6951,0.4268,-0.0234,-0.0226,-0.1771,0.407,0.117,0.255,0.3973,-3.5847,0.2,0.0,0.0,0.0,0.01,0.0097,-0.2092,0.2097,0.011,1,1,2,0.967,0.643,0.357,0,0,0.0,5,DESCENT_PHASE,-0.0234,-0.0226
1142,38.828,0.3571,-3.6956,0.4233,-0.0234,-0.0238,-0.1771,0.403,0.118,0.253,0.3973,-3.5847,0.2,0.0,0.0,0.0,0.01,0.0102,-0.2093,0.2098,-0.0093,1,1,2,0.967,0.638,0.362,0,0,0.0,5,DESCENT_PHASE,-0.0234,-0.0238
1143,38.861,0.3566,-3.6961,0.4197,-0.0224,-0.024,-0.177,0.4,0.119,0.25,0.3973,-3.5847,0.2,0.0,0.0,0.0,0.0096,0.0103,-0.2094,0.2099,0.0199,1,1,2,0.968,0.643,0.357,0,0,0.0,5,DESCENT_PHASE,-0.0224,-0.024
1144,38.894,0.3562,-3.6966,0.4162,-0.0229,-0.025,-0.177,0.396,0.119,0.247,0.3973,-3.5847,0.2,0.0,0.0,0.0,0.0098,0.0107,-0.2093,0.2099,-0.0111,1,1,2,0.968,0.643,0.357,0,0,0.0,5,DESCENT_PHASE,-0.0229,-0.025
1145,38.926,0.3557,-3.697,0.4127,-0.0228,-0.0244,-0.1769,0.393,0.12,0.244,0.3973,-3.5847,0.2,0.0,0.0,0.0,0.0098,0.0105,-0.2095,0.21,0.0182,1,1,2,0.969,0.646,0.354,0,0,0.0,5,DESCENT_PHASE,-0.0228,-0.0244
1146,38.959,0.3553,-3.6975,0.4091,-0.0231,-0.0247,-0.1768,0.389,0.12,0.241,0.3973,-3.5847,0.2,0.0,0.0,0.0,0.0099,0.0106,-0.2097,0.2102,-0.0145,1,1,2,0.969,0.642,0.358,0,0,0.0,5,DESCENT_PHASE,-0.0231,-0.0247
1147,38.991,0.3548,-3.698,0.4056,-0.0218,-0.0235,-0.1768,0.386,0.121,0.239,0.3973,-3.5847,0.2,0.0,0.0,0.0,0.0093,0.0101,-0.2097,0.2102,0.0152,1,1,2,0.969,0.648,0.352,0,0,0.0,5,DESCENT_PHASE,-0.0218,-0.0235
1148,39.024,0.3544,-3.6985,0.402,-0.0213,-0.0235,-0.1772,0.382,0.122,0.236,0.3973,-3.5847,0.2,0.0,0.0,0.0,0.0091,0.0101,-0.209,0.2095,-0.0171,1,1,2,0.969,0.643,0.357,0,0,0.0,5,DESCENT_PHASE,-0.0213,-0.0235
1149,39.057,0.354,-3.6989,0.3985,-0.0194,-0.0223,-0.1771,0.378,0.122,0.233,0.3973,-3.5847,0.2,0.0,0.0,0.0,0.0083,0.0095,-0.2093,0.2097,0.0129,1,1,2,0.969,0.649,0.351,0,0,0.0,5,DESCENT_PHASE,-0.0194,-0.0223
1150,39.09,0.3536,-3.6994,0.395,-0.0185,-0.0224,-0.1769,0.375,0.123,0.23,0.3973,-3.5847,0.2,0.0,0.0,0.0,0.0079,0.0096,-0.2096,0.2099,-0.0203,1,1,2,0.969,0.644,0.356,0,0,0.0,5,DESCENT_PHASE,-0.0185,-0.0224
1151,39.123,0.3533,-3.6998,0.3914,-0.0166,-0.0215,-0.1769,0.371,0.123,0.228,0.3973,-3.5847,0.2,0.0,0.0,0.0,0.0071,0.0092,-0.2096,0.2099,0.0096,1,1,2,0.969,0.649,0.351,0,0,0.0,5,DESCENT_PHASE,-0.0166,-0.0215
1152,39.155,0.353,-3.7003,0.3879,-0.0161,-0.0222,-0.1769,0.368,0.124,0.225,0.3973,-3.5847,0.2,0.0,0.0,0.0,0.0069,0.0095,-0.2095,0.2098,-0.0085,1,1,2,0.969,0.643,0.357,0,0,0.0,5,DESCENT_PHASE,-0.0161,-0.0222
1153,39.188,0.3527,-3.7007,0.3843,-0.0148,-0.0222,-0.1769,0.364,0.124,0.222,0.3973,-3.5847,0.2,0.0,0.0,0.0,0.0063,0.0095,-0.2096,0.2099,0.0212,1,1,2,0.969,0.648,0.352,0,0,0.0,5,DESCENT_PHASE,-0.0148,-0.0222
1154,39.22,0.3524,-3.7012,0.3808,-0.0152,-0.0229,-0.177,0.361,0.125,0.22,0.3973,-3.5847,0.2,0.0,0.0,0.0,0.0065,0.0098,-0.2094,0.2098,-0.0099,1,1,2,0.969,0.645,0.355,0,0,0.0,5,DESCENT_PHASE,-0.0152,-0.0229
1155,39.253,0.3521,-3.7016,0.3773,-0.0151,-0.0218,-0.1769,0.357,0.125,0.217,0.3973,-3.5847,0.2,0.0,0.0,0.0,0.0065,0.0093,-0.2096,0.2099,0.0196,1,1,2,0.969,0.651,0.349,0,0,0.0,5,DESCENT_PHASE,-0.0151,-0.0218
1156,39.285,0.3518,-3.702,0.3739,-0.0156,-0.0215,-0.1694,0.354,0.126,0.215,0.3973,-3.5847,0.2,0.0,0.0,0.0,0.0067,0.0092,-0.2223,0.2226,-0.0138,1,1,2,0.969,0.65,0.35,0,0,0.0,5,DESCENT_PHASE,-0.0156,-0.0215
1157,39.317,0.3515,-3.7024,0.3706,-0.0144,-0.0196,-0.1647,0.351,0.126,0.212,0.3973,-3.5847,0.2,0.0,0.0,0.0,0.0062,0.0084,-0.2303,0.2305,0.0163,1,1,2,0.969,0.621,0.379,0,0,0.0,5,DESCENT_PHASE,-0.0144,-0.0196
1158,39.35,0.3512,-3.7028,0.3673,-0.0142,-0.0188,-0.1618,0.347,0.127,0.21,0.3973,-3.5847,0.2,0.0,0.0,0.0,0.0061,0.008,-0.2353,0.2355,-0.0169,1,1,2,0.969,0.652,0.348,0,0,0.0,5,DESCENT_PHASE,-0.0142,-0.0188
1159,39.383,0.3509,-3.7031,0.3641,-0.0127,-0.0167,-0.1599,0.344,0.127,0.208,0.3973,-3.5847,0.2,0.0,0.0,0.0,0.0054,0.0072,-0.2384,0.2386,0.013,1,1,2,0.97,0.653,0.347,0,0,0.0,5,DESCENT_PHASE,-0.0127,-0.0167
1160,39.415,0.3507,-3.7034,0.361,-0.0124,-0.016,-0.1587,0.341,0.128,0.205,0.3973,-3.5847,0.2,0.0,0.0,0.0,0.0053,0.0069,-0.2404,0.2406,-0.02,1,1,2,0.97,0.648,0.352,0,0,0.0,5,DESCENT_PHASE,-0.0124,-0.016
1161,39.448,0.3505,-3.7037,0.3578,-0.0112,-0.0143,-0.158,0.338,0.128,0.203,0.3973,-3.5847,0.2,0.0,0.0,0.0,0.0048,0.0061,-0.2416,0.2418,0.0098,1,1,2,0.97,0.652,0.348,0,0,0.0,5,DESCENT_PHASE,-0.0112,-0.0143
1162,39.482,0.3502,-3.704,0.3547,-0.0116,-0.0142,-0.158,0.335,0.128,0.201,0.3973,-3.5847,0.2,0.0,0.0,0.0,0.0049,0.006,-0.2417,0.2418,-0.0213,1,1,2,0.97,0.648,0.352,0,0,0.0,5,DESCENT_PHASE,-0.0116,-0.0142
1163,39.515,0.35,-3.7043,0.3515,-0.0114,-0.0132,-0.1576,0.332,0.129,0.199,0.3973,-3.5847,0.2,0.0,0.0,0.0,0.0048,0.0057,-0.2424,0.2425,0.0083,1,1,2,0.971,0.653,0.347,0,0,0.0,5,DESCENT_PHASE,-0.0114,-0.0132
1164,39.548,0.3498,-3.7046,0.3484,-0.0122,-0.0141,-0.1574,0.328,0.129,0.197,0.3973,-3.5847,0.2,0.0,0.0,0.0,0.0052,0.006,-0.2427,0.2428,-0.0109,1,1,2,0.971,0.652,0.348,0,0,0.0,5,DESCENT_PHASE,-0.0122,-0.0141
1165,39.581,0.3495,-3.7048,0.3452,-0.012,-0.0142,-0.1572,0.325,0.129,0.194,0.3973,-3.5847,0.2,0.0,0.0,0.0,0.0051,0.0061,-0.243,0.2432,0.0186,1,1,2,0.971,0.653,0.347,0,0,0.0,5,DESCENT_PHASE,-0.012,-0.0142
1166,39.613,0.3493,-3.7051,0.3421,-0.0132,-0.0152,-0.1571,0.322,0.13,0.192,0.3973,-3.5847,0.2,0.0,0.0,0.0,0.0056,0.0065,-0.2432,0.2433,-0.0135,1,1,2,0.971,0.652,0.348,0,0,0.0,5,DESCENT_PHASE,-0.0132,-0.0152
1167,39.646,0.349,-3.7054,0.3389,-0.0137,-0.0148,-0.157,0.319,0.13,0.19,0.3973,-3.5847,0.2,0.0,0.0,0.0,0.0058,0.0063,-0.2433,0.2435,0.0157,1,1,2,0.972,0.654,0.346,0,0,0.0,5,DESCENT_PHASE,-0.0137,-0.0148
1168,39.679,0.3487,-3.7057,0.3358,-0.0154,-0.0154,-0.157,0.316,0.13,0.188,0.3973,-3.5847,0.2,0.0,0.0,0.0,0.0066,0.0066,-0.2433,0.2435,-0.0159,1,1,2,0.972,0.649,0.351,0,0,0.0,5,DESCENT_PHASE,-0.0154,-0.0154
1169,39.712,0.3484,-3.706,0.3326,-0.0164,-0.0147,-0.157,0.313,0.131,0.186,0.3973,-3.5847,0.2,0.0,0.0,0.0,0.007,0.0063,-0.2434,0.2436,0.0131,1,1,2,0.972,0.655,0.345,0,0,0.0,5,DESCENT_PHASE,-0.0164,-0.0147
1170,39.744,0.348,-3.7064,0.3295,-0.0184,-0.0153,-0.157,0.31,0.131,0.184,0.3973,-3.5847,0.2,0.0,0.0,0.0,0.0078,0.0065,-0.2435,0.2437,-0.019,1,1,2,0.972,0.649,0.351,0,0,0.0,5,DESCENT_PHASE,-0.0184,-0.0153
1171,39.776,0.3476,-3.7066,0.3264,-0.0192,-0.0149,-0.157,0.306,0.132,0.183,0.3973,-3.5847,0.2,0.0,0.0,0.0,0.0082,0.0063,-0.2435,0.2437,0.0099,1,1,2,0.972,0.655,0.345,0,0,0.0,5,DESCENT_PHASE,-0.0192,-0.0149
1172,39.808,0.3472,-3.707,0.3232,-0.0215,-0.016,-0.1572,0.303,0.132,0.181,0.3973,-3.5847,0.2,0.0,0.0,0.0,0.0092,0.0068,-0.2431,0.2433,-0.0123,1,1,2,0.972,0.655,0.345,0,0,0.0,5,DESCENT_PHASE,-0.0215,-0.016
1173,39.841,0.3467,-3.7073,0.3201,-0.023,-0.0163,-0.1571,0.3,0.133,0.179,0.3973,-3.5847,0.2,0.0,0.0,0.0,0.0098,0.0069,-0.2432,0.2435,0.0164,1,1,2,0.972,0.658,0.342,0,0,0.0,5,DESCENT_PHASE,-0.023,-0.0163
1174,39.873,0.3462,-3.7076,0.3169,-0.0246,-0.0176,-0.157,0.297,0.133,0.177,0.3973,-3.5847,0.2,0.0,0.0,0.0,0.0105,0.0075,-0.2434,0.2437,-0.0156,1,1,2,0.972,0.657,0.343,0,0,0.0,5,DESCENT_PHASE,-0.0246,-0.0176
1175,39.905,0.3457,-3.708,0.3138,-0.024,-0.0175,-0.1569,0.294,0.134,0.176,0.3973,-3.5847,0.2,0.0,0.0,0.0,0.0102,0.0075,-0.2435,0.2438,0.0135,1,1,2,0.972,0.614,0.386,0,0,0.0,5,DESCENT_PHASE,-0.024,-0.0175
1176,39.937,0.3453,-3.7084,0.3107,-0.0238,-0.0188,-0.1569,0.291,0.134,0.174,0.3973,-3.5847,0.2,0.0,0.0,0.0,0.0101,0.008,-0.2436,0.244,-0.0189,1,1,2,0.972,0.619,0.381,0,0,0.0,5,DESCENT_PHASE,-0.0238,-0.0188
1177,39.97,0.3448,-3.7087,0.3075,-0.0218,-0.0189,-0.1569,0.288,0.135,0.172,0.3973,-3.5847,0.2,0.0,0.0,0.0,0.0093,0.008,-0.2436,0.2439,0.0105,1,1,2,0.972,0.61,0.39,0,0,0.0,5,DESCENT_PHASE,-0.0218,-0.0189
1178,40.002,0.3444,-3.7092,0.3044,-0.0206,-0.0206,-0.157,0.284,0.135,0.171,0.3973,-3.5847,0.2,0.0,0.0,0.0,0.0088,0.0088,-0.2434,0.2438,-0.0071,1,1,2,0.972,0.615,0.385,0,0,0.0,5,DESCENT_PHASE,-0.0206,-0.0206
1179,40.034,0.3441,-3.7096,0.3012,-0.0179,-0.0214,-0.1569,0.281,0.136,0.169,0.3973,-3.5847,0.2,0.0,0.0,0.0,0.0076,0.0091,-0.2435,0.2438,0.0224,1,1,2,0.973,0.6,0.4,0,0,0.0,5,DESCENT_PHASE,-0.0179,-0.0214
1180,40.065,0.3437,-3.71,0.2981,-0.0162,-0.0228,-0.1569,0.278,0.136,0.168,0.3973,-3.5847,0.2,0.0,0.0,0.0,0.0069,0.0097,-0.2436,0.2439,-0.0103,1,1,2,0.973,0.617,0.383,0,0,0.0,5,DESCENT_PHASE,-0.0162,-0.0228
1181,40.097,0.3435,-3.7105,0.295,-0.0133,-0.0223,-0.1569,0.275,0.137,0.167,0.3973,-3.5847,0.2,0.0,0.0,0.0,0.0057,0.0095,-0.2436,0.2439,0.0193,1,1,2,0.973,0.606,0.394,0,0,0.0,5,DESCENT_PHASE,-0.0133,-0.0223
1182,40.128,0.3432,-3.7109,0.2918,-0.0118,-0.0227,-0.1568,0.272,0.137,0.165,0.3973,-3.5847,0.2,0.0,0.0,0.0,0.005,0.0097,-0.2437,0.2439,-0.0134,1,1,2,0.973,0.661,0.339,0,0,0.0,5,DESCENT_PHASE,-0.0118,-0.0227
1183,40.159,0.343,-3.7114,0.2887,-0.0094,-0.0215,-0.1568,0.269,0.138,0.164,0.3973,-3.5847,0.2,0.0,0.0,0.0,0.004,0.0091,-0.2437,0.2439,0.0161,1,1,2,0.974,0.609,0.391,0,0,0.0,5,DESCENT_PHASE,-0.0094,-0.0215
1184,40.191,0.3429,-3.7118,0.2856,-0.0087,-0.0214,-0.1568,0.266,0.138,0.163,0.3973,-3.5847,0.2,0.0,0.0,0.0,0.0037,0.0091,-0.2437,0.2439,-0.0162,1,1,2,0.974,0.661,0.339,0,0,0.0,5,DESCENT_PHASE,-0.0087,-0.0214
1185,40.223,0.3427,-3.7122,0.2824,-0.0075,-0.02,-0.1568,0.262,0.139,0.161,0.3973,-3.5847,0.2,0.0,0.0,0.0,0.0032,0.0085,-0.2437,0.2438,0.0133,1,1,2,0.974,0.662,0.338,0,0,0.0,5,DESCENT_PHASE,-0.0075,-0.02
1186,40.256,0.3426,-3.7126,0.2793,-0.0079,-0.0199,-0.1569,0.259,0.139,0.16,0.3973,-3.5847,0.2,0.0,0.0,0.0,0.0034,0.0085,-0.2436,0.2437,-0.0186,1,1,2,0.974,0.661,0.339,0,0,0.0,5,DESCENT_PHASE,-0.0079,-0.0199
1187,40.287,0.3424,-3.713,0.2761,-0.0078,-0.0187,-0.1569,0.256,0.14,0.159,0.3973,-3.5847,0.2,0.0,0.0,0.0,0.0033,0.0079,-0.2436,0.2437,0.0108,1,1,2,0.974,0.662,0.338,0,0,0.0,5,DESCENT_PHASE,-0.0078,-0.0187
1188,40.319,0.3422,-3.7134,0.273,-0.0089,-0.0191,-0.1571,0.253,0.14,0.158,0.3973,-3.5847,0.2,0.0,0.0,0.0,0.0038,0.0081,-0.2432,0.2433,-0.0174,1,1,2,0.974,0.661,0.339,0,0,0.0,5,DESCENT_PHASE,-0.0089,-0.0191
1189,40.351,0.342,-3.7137,0.2699,-0.0092,-0.0185,-0.1571,0.25,0.14,0.157,0.3973,-3.5847,0.2,0.0,0.0,0.0,0.0039,0.0079,-0.2433,0.2435,0.012,1,1,2,0.974,0.662,0.338,0,0,0.0,5,DESCENT_PHASE,-0.0092,-0.0185
1190,40.383,0.3418,-3.7141,0.2667,-0.011,-0.0194,-0.1571,0.247,0.141,0.156,0.3973,-3.5847,0.2,0.0,0.0,0.0,0.0047,0.0082,-0.2432,0.2434,-0.0176,1,1,2,0.974,0.661,0.339,0,0,0.0,5,DESCENT_PHASE,-0.011,-0.0194
1191,40.415,0.3416,-3.7145,0.2636,-0.0122,-0.0193,-0.1571,0.244,0.141,0.155,0.3973,-3.5847,0.2,0.0,0.0,0.0,0.0052,0.0082,-0.2433,0.2435,0.0116,1,1,2,0.974,0.663,0.337,0,0,0.0,5,DESCENT_PHASE,-0.0122,-0.0193
1192,40.446,0.3413,-3.7149,0.2604,-0.0139,-0.0206,-0.1571,0.24,0.142,0.154,0.3973,-3.5847,0.2,0.0,0.0,0.0,0.0059,0.0088,-0.2433,0.2435,-0.0116,1,1,2,0.974,0.663,0.337,0,0,0.0,5,DESCENT_PHASE,-0.0139,-0.0206
1193,40.478,0.341,-3.7153,0.2573,-0.014,-0.021,-0.157,0.237,0.142,0.153,0.3973,-3.5847,0.2,0.0,0.0,0.0,0.006,0.0089,-0.2434,0.2436,0.0177,1,1,2,0.974,0.664,0.336,0,0,0.0,5,DESCENT_PHASE,-0.014,-0.021
1194,40.511,0.3407,-3.7158,0.2542,-0.015,-0.0224,-0.1569,0.234,0.143,0.153,0.3973,-3.5847,0.2,0.0,0.0,0.0,0.0064,0.0095,-0.2435,0.2438,-0.0149,1,1,2,0.974,0.663,0.337,0,0,0.0,5,DESCENT_PHASE,-0.015,-0.0224
1195,40.543,0.3404,-3.7162,0.251,-0.0147,-0.0223,-0.1569,0.231,0.143,0.152,0.3973,-3.5847,0.2,0.0,0.0,0.0,0.0062,0.0095,-0.2435,0.2438,0.0146,1,1,2,0.974,0.665,0.335,0,0,0.0,5,DESCENT_PHASE,-0.0147,-0.0223
1196,40.575,0.3401,-3.7167,0.2479,-0.0155,-0.0234,-0.1569,0.228,0.144,0.152,0.3973,-3.5847,0.2,0.0,0.0,0.0,0.0066,0.0099,-0.2436,0.2439,-0.0181,1,1,2,0.974,0.66,0.34,0,0,0.0,5,DESCENT_PHASE,-0.0155,-0.0234
1197,40.608,0.3398,-3.7172,0.2447,-0.0154,-0.0233,-0.1569,0.225,0.144,0.151,0.3973,-3.5847,0.2,0.0,0.0,0.0,0.0065,0.0099,-0.2436,0.2438,0.0114,1,1,2,0.974,0.665,0.335,0,0,0.0,5,DESCENT_PHASE,-0.0154,-0.0233
1198,40.64,0.3395,-3.7177,0.2416,-0.0167,-0.0247,-0.1573,0.222,0.145,0.151,0.3973,-3.5847,0.2,0.0,0.0,0.0,0.0071,0.0105,-0.2428,0.2432,-0.0073,1,1,2,0.974,0.664,0.336,0,0,0.0,5,DESCENT_PHASE,-0.0167,-0.0247
1199,40.673,0.3391,-3.7182,0.2385,-0.0174,-0.0252,-0.1572,0.218,0.146,0.151,0.3973,-3.5847,0.2,0.0,0.0,0.0,0.0074,0.0107,-0.2431,0.2434,0.0221,1,1,2,0.974,0.618,0.382,0,0,0.0,5,DESCENT_PHASE,-0.0174,-0.0252
1200,40.705,0.3388,-3.7187,0.2353,-0.0186,-0.0262,-0.157,0.215,0.146,0.15,0.3973,-3.5847,0.2,0.0,0.0,0.0,0.0079,0.0111,-0.2434,0.2437,-0.0106,1,1,2,0.974,0.666,0.334,0,0,0.0,5,DESCENT_PHASE,-0.0186,-0.0262
1201,40.738,0.3384,-3.7192,0.2322,-0.0179,-0.0255,-0.157,0.212,0.147,0.15,0.3973,-3.5847,0.2,0.0,0.0,0.0,0.0076,0.0108,-0.2435,0.2438,0.019,1,1,2,0.975,0.617,0.383,0,0,0.0,5,DESCENT_PHASE,-0.0179,-0.0255
1202,40.77,0.338,-3.7197,0.229,-0.018,-0.0256,-0.1569,0.209,0.147,0.15,0.3973,-3.5847,0.2,0.0,0.0,0.0,0.0076,0.0108,-0.2436,0.244,-0.0139,1,1,2,0.975,0.635,0.365,0,0,0.0,5,DESCENT_PHASE,-0.018,-0.0256
1203,40.803,0.3377,-3.7202,0.2259,-0.0166,-0.0241,-0.1568,0.206,0.148,0.15,0.3973,-3.5847,0.2,0.0,0.0,0.0,0.007,0.0102,-0.2437,0.244,0.0159,1,1,2,0.976,0.62,0.38,0,0,0.0,5,DESCENT_PHASE,-0.0166,-0.0241
1204,40.835,0.3374,-3.7207,0.2228,-0.0164,-0.0238,-0.1568,0.203,0.149,0.15,0.3973,-3.5847,0.2,0.0,0.0,0.0,0.0069,0.0101,-0.2437,0.2441,-0.0171,1,1,2,0.976,0.668,0.332,0,0,0.0,5,DESCENT_PHASE,-0.0164,-0.0238
1205,40.868,0.3371,-3.7211,0.2196,-0.015,-0.0222,-0.1568,0.2,0.149,0.15,0.3973,-3.5847,0.2,0.0,0.0,0.0,0.0063,0.0094,-0.2437,0.244,0.0127,1,1,2,0.976,0.618,0.382,0,0,0.0,5,DESCENT_PHASE,-0.015,-0.0222
1206,40.901,0.3368,-3.7215,0.2165,-0.015,-0.022,-0.1568,0.196,0.15,0.151,0.3973,-3.5847,0.2,0.0,0.0,0.0,0.0063,0.0093,-0.2437,0.244,-0.0202,1,1,2,0.976,0.667,0.333,0,0,0.0,5,DESCENT_PHASE,-0.015,-0.022
1207,40.933,0.3365,-3.722,0.2134,-0.0142,-0.0208,-0.1568,0.193,0.15,0.151,0.3973,-3.5847,0.2,0.0,0.0,0.0,0.006,0.0088,0.1403,0.1407,0.3626,1,1,2,0.976,0.668,0.332,0,0,0.0,5,TARGET_REACHED,-0.0142,-0.0208
1208,40.967,0.3362,-3.7224,0.2105,-0.0152,-0.0213,-0.142,0.191,0.151,0.151,0.3973,-3.5847,0.2,0.0,0.0,0.0,0.0064,0.009,0.2414,0.2416,0.3939,1,1,2,0.976,0.634,0.366,0,0,0.0,5,TARGET_REACHED,-0.0152,-0.0213
1209,41.0,0.3359,-3.7228,0.2079,-0.0155,-0.0209,-0.1327,0.188,0.151,0.151,0.3973,-3.5847,0.2,0.0,0.0,0.0,0.0066,0.0088,0.2257,0.2259,0.3555,1,1,2,0.976,0.639,0.361,0,0,0.0,5,TARGET_REACHED,-0.0155,-0.0209
1210,41.032,0.3356,-3.7231,0.2053,-0.0127,-0.0168,-0.1266,0.185,0.152,0.152,0.3973,-3.5847,0.2,0.0,0.0,0.0,0.0054,0.0071,0.2152,0.2154,0.3853,1,1,2,0.976,0.645,0.355,0,0,0.0,5,TARGET_REACHED,-0.0127,-0.0168
1211,41.065,0.3354,-3.7234,0.2029,-0.0093,-0.0117,-0.1223,0.183,0.152,0.152,0.3973,-3.5847,0.2,0.0,0.0,0.0,0.0039,0.0049,0.2079,0.208,0.3446,1,1,2,0.976,0.647,0.353,0,0,0.0,5,TARGET_REACHED,-0.0093,-0.0117
1212,41.098,0.3354,-3.7234,0.2005,-0.0043,-0.0032,-0.1199,0.18,0.152,0.152,0.3973,-3.5847,0.2,0.0,0.0,0.0,0.0018,0.0013,0.2038,0.2038,0.3683,1,1,2,0.976,0.652,0.348,0,0,0.0,5,TARGET_REACHED,-0.0043,-0.0032
1213,41.131,0.3354,-3.7233,0.1981,-0.0002,0.006,-0.1182,0.178,0.152,0.152,0.3973,-3.5847,0.2,0.0,0.0,0.0,0.0001,-0.0025,0.201,0.201,0.3269,1,1,2,0.976,0.649,0.351,0,0,0.0,5,TARGET_REACHED,-0.0002,0.006
1214,41.164,0.3355,-3.723,0.1958,0.0051,0.0177,-0.1175,0.176,0.151,0.152,0.3973,-3.5847,0.2,0.0,0.0,0.0,-0.0022,-0.0075,0.1997,0.1999,0.3578,1,1,2,0.976,0.652,0.348,0,0,0.0,5,TARGET_REACHED,0.0051,0.0177
1215,41.198,0.3356,-3.7224,0.1934,0.0093,0.0293,-0.1171,0.173,0.151,0.151,0.3973,-3.5847,0.2,0.0,0.0,0.0,-0.0039,-0.0124,0.1991,0.1995,0.3156,1,1,2,0.976,0.654,0.346,0,0,0.0,5,TARGET_REACHED,0.0093,0.0293
1216,41.231,0.3359,-3.7215,0.1911,0.0144,0.0432,-0.1173,0.171,0.15,0.15,0.3973,-3.5847,0.2,0.0,0.0,0.0,-0.0061,-0.0183,0.1994,0.2004,0.0041,1,1,2,0.976,0.655,0.345,0,0,0.0,5,TARGET_REACHED,0.0144,0.0432
1217,41.264,0.3363,-3.7204,0.1884,0.0177,0.0555,-0.1334,0.168,0.149,0.149,0.3973,-3.5847,0.2,0.0,0.0,0.0,-0.0075,-0.0235,0.2268,0.2282,-0.0257,1,1,2,0.976,0.653,0.347,0,0,0.0,5,TARGET_REACHED,0.0177,0.0555
1218,41.297,0.3367,-3.719,0.1855,0.022,0.0685,-0.144,0.166,0.147,0.148,0.3973,-3.5847,0.2,0.0,0.0,0.0,-0.0093,-0.029,0.2448,0.2467,-0.0528,1,1,2,0.976,0.648,0.352,0,0,0.0,5,TARGET_REACHED,0.022,0.0685
1219,41.33,0.3372,-3.7174,0.1825,0.0255,0.0798,-0.1497,0.163,0.146,0.147,0.3973,-3.5847,0.2,0.0,0.0,0.0,-0.0108,-0.0338,0.2545,0.257,-0.0289,1,1,2,0.976,0.643,0.357,0,0,0.0,5,TARGET_REACHED,0.0255,0.0798
1220,41.363,0.3378,-3.7157,0.1795,0.0292,0.0868,-0.1531,0.159,0.144,0.145,0.3973,-3.5847,0.2,0.0,0.0,0.0,-0.0124,-0.0368,0.2602,0.2631,-0.0356,1,1,2,0.976,0.627,0.373,0,0,0.0,5,TARGET_REACHED,0.0292,0.0868
1221,41.396,0.3384,-3.7138,0.1773,0.0309,0.0926,-0.1103,0.157,0.142,0.144,0.3973,-3.5847,0.2,0.0,0.0,0.0,-0.0131,-0.0393,0.1875,0.192,-0.0071,1,1,2,0.976,0.649,0.351,0,0,0.0,5,TARGET_REACHED,0.0309,0.0926
1222,41.428,0.3391,-3.712,0.1756,0.0326,0.0947,-0.0832,0.156,0.14,0.142,0.3973,-3.5847,0.2,0.0,0.0,0.0,-0.0138,-0.0402,0.1414,0.1477,-0.0373,1,1,2,0.976,0.638,0.362,0,0,0.0,5,TARGET_REACHED,0.0326,0.0947
1223,41.461,0.3397,-3.71,0.1743,0.0315,0.096,-0.066,0.154,0.138,0.14,0.3973,-3.5847,0.2,0.0,0.0,0.0,-0.0134,-0.0408,0.1121,0.1201,-0.0095,1,1,2,0.976,0.667,0.333,0,0,0.0,5,TARGET_REACHED,0.0315,0.096
1224,41.494,0.3403,-3.7082,0.1732,0.031,0.0941,-0.0551,0.153,0.136,0.139,0.3973,-3.5847,0.2,0.0,0.0,0.0,-0.0132,-0.04,0.0936,0.1026,-0.0399,1,1,2,0.976,0.647,0.353,0,0,0.0,5,TARGET_REACHED,0.031,0.0941
1225,41.527,0.3409,-3.7063,0.1722,0.0283,0.0914,-0.0481,0.152,0.134,0.137,0.3973,-3.5847,0.2,0.0,0.0,0.0,-0.012,-0.0389,0.0817,0.0913,-0.0118,1,1,2,0.976,0.652,0.348,0,0,0.0,5,TARGET_REACHED,0.0283,0.0914
1226,41.561,0.3414,-3.7046,0.1714,0.0263,0.0854,-0.0439,0.151,0.132,0.135,0.3973,-3.5847,0.2,0.0,0.0,0.0,-0.0112,-0.0364,0.0746,0.0838,-0.0134,1,1,2,0.976,0.648,0.352,0,0,0.0,5,TARGET_REACHED,0.0263,0.0854
1227,41.596,0.3419,-3.703,0.1705,0.0225,0.0786,-0.0412,0.151,0.131,0.134,0.3973,-3.5847,0.2,0.0,0.0,0.0,-0.0096,-0.0335,0.0701,0.0783,0.0064,1,1,2,0.976,0.656,0.344,0,0,0.0,5,TARGET_REACHED,0.0225,0.0786
1228,41.63,0.3423,-3.7016,0.1697,0.0194,0.0707,-0.0396,0.15,0.129,0.133,0.3973,-3.5847,0.2,0.0,0.0,0.0,-0.0083,-0.0302,0.0672,0.0742,-0.0213,1,1,2,0.976,0.65,0.35,0,0,0.0,5,TARGET_REACHED,0.0194,0.0707
1229,41.665,0.3426,-3.7004,0.169,0.0146,0.0634,-0.0387,0.149,0.128,0.132,0.3973,-3.5847,0.2,0.0,0.0,0.0,-0.0062,-0.0271,0.0657,0.0714,0.0086,1,1,2,0.976,0.656,0.344,0,0,0.0,5,TARGET_REACHED,0.0146,0.0634
1230,41.698,0.3428,-3.6993,0.1682,0.0105,0.0543,-0.0381,0.148,0.127,0.131,0.3973,-3.5847,0.2,0.0,0.0,0.0,-0.0045,-0.0232,0.0648,0.069,-0.0187,1,1,2,0.976,0.648,0.352,0,0,0.0,5,TARGET_REACHED,0.0105,0.0543
1231,41.734,0.3429,-3.6984,0.1674,0.0054,0.046,-0.0378,0.147,0.126,0.13,0.3973,-3.5847,0.2,0.0,0.0,0.0,-0.0023,-0.0197,0.0643,0.0673,0.0115,1,1,2,0.976,0.652,0.348,0,0,0.0,5,TARGET_REACHED,0.0054,0.046
1232,41.767,0.3429,-3.6976,0.1667,0.0016,0.0362,-0.0378,0.147,0.125,0.13,0.3973,-3.5847,0.2,0.0,0.0,0.0,-0.0007,-0.0155,0.0642,0.0661,-0.0157,1,1,2,0.976,0.653,0.347,0,0,0.0,5,TARGET_REACHED,0.0016,0.0362
1233,41.801,0.3428,-3.6971,0.1659,-0.0036,0.0273,-0.038,0.146,0.125,0.129,0.3973,-3.5847,0.2,0.0,0.0,0.0,0.0015,-0.0117,0.0645,0.0656,0.0139,1,1,2,0.976,0.654,0.346,0,0,0.0,5,TARGET_REACHED,-0.0036,0.0273
1234,41.834,0.3427,-3.6967,0.1652,-0.0077,0.0171,-0.0381,0.145,0.125,0.129,0.3973,-3.5847,0.2,0.0,0.0,0.0,0.0033,-0.0073,0.0648,0.0653,-0.006,1,1,2,0.976,0.652,0.348,0,0,0.0,5,TARGET_REACHED,-0.0077,0.0171
1235,41.869,0.3424,-3.6966,0.1644,-0.0125,0.0081,-0.0382,0.144,0.125,0.13,0.3973,-3.5847,0.2,0.0,0.0,0.0,0.0053,-0.0034,0.0649,0.0652,0.0241,1,1,2,0.976,0.65,0.35,0,0,0.0,5,TARGET_REACHED,-0.0125,0.0081
1236,41.901,0.3421,-3.6966,0.1636,-0.0155,-0.0015,-0.0382,0.144,0.125,0.13,0.3973,-3.5847,0.2,0.0,0.0,0.0,0.0066,0.0006,0.0649,0.0653,-0.0032,1,1,2,0.976,0.652,0.348,0,0,0.0,5,TARGET_REACHED,-0.0155,-0.0015
1237,41.936,0.3417,-3.6968,0.1629,-0.0193,-0.009,-0.0382,0.143,0.125,0.131,0.3973,-3.5847,0.2,0.0,0.0,0.0,0.0083,0.0039,0.0649,0.0656,0.0271,1,1,2,0.976,0.657,0.343,0,0,0.0,5,TARGET_REACHED,-0.0193,-0.009
1238,41.969,0.3413,-3.6971,0.1621,-0.0218,-0.0168,-0.0382,0.142,0.126,0.131,0.3973,-3.5847,0.2,0.0,0.0,0.0,0.0093,0.0072,0.0649,0.0659,-0.0004,1,1,2,0.976,0.651,0.349,0,0,0.0,5,TARGET_REACHED,-0.0218,-0.0168
1239,42.003,0.3408,-3.6976,0.1613,-0.0255,-0.0224,-0.0383,0.141,0.126,0.132,0.3973,-3.5847,0.2,0.0,0.0,0.0,0.0109,0.0096,0.065,0.0666,0.0292,1,1,2,0.976,0.666,0.334,0,0,0.0,5,TARGET_REACHED,-0.0255,-0.0224
1240,42.036,0.3402,-3.6981,0.1606,-0.0281,-0.0279,-0.0381,0.141,0.127,0.133,0.3973,-3.5847,0.2,0.0,0.0,0.0,0.012,0.0119,0.0647,0.0669,0.0018,1,1,2,0.978,0.64,0.36,0,0,0.0,5,TARGET_REACHED,-0.0281,-0.0279
1241,42.071,0.3396,-3.6988,0.1598,-0.0306,-0.0311,-0.0379,0.14,0.128,0.134,0.3973,-3.5847,0.2,0.0,0.0,0.0,0.0131,0.0133,0.0644,0.067,0.0324,1,1,2,0.978,0.624,0.376,0,0,0.0,5,TARGET_REACHED,-0.0306,-0.0311
1242,42.104,0.339,-3.6994,0.1591,-0.0307,-0.0341,-0.0376,0.139,0.129,0.135,0.3973,-3.5847,0.2,0.0,0.0,0.0,0.0131,0.0146,0.064,0.0669,0.0044,1,1,2,0.978,0.629,0.371,0,0,0.0,5,TARGET_REACHED,-0.0307,-0.0341
1243,42.139,0.3384,-3.7001,0.1574,-0.031,-0.0344,-0.0819,0.137,0.13,0.136,0.3973,-3.5847,0.2,0.0,0.0,0.0,0.0132,0.0147,0.1392,0.1406,0.0298,1,1,2,0.978,0.635,0.365,0,0,0.0,5,TARGET_REACHED,-0.031,-0.0344
1244,42.173,0.3378,-3.7008,0.1552,-0.0295,-0.0344,-0.1096,0.135,0.131,0.138,0.3973,-3.5847,0.2,0.0,0.0,0.0,0.0126,0.0147,0.1864,0.1874,0.0038,1,1,2,0.978,0.639,0.361,0,0,0.0,5,TARGET_REACHED,-0.0295,-0.0344
1245,42.208,0.3372,-3.7015,0.1527,-0.0283,-0.0322,-0.1272,0.133,0.131,0.14,0.3973,-3.5847,0.2,0.0,0.0,0.0,0.012,0.0137,0.2163,0.2171,0.0104,1,1,2,0.978,0.639,0.361,0,0,0.0,5,TARGET_REACHED,-0.0283,-0.0322
1246,42.243,0.3367,-3.7021,0.1499,-0.0252,-0.0296,-0.1382,0.13,0.132,0.141,0.3973,-3.5847,0.2,0.0,0.0,0.0,0.0107,0.0126,0.2349,0.2355,-0.0172,1,1,2,0.978,0.648,0.352,0,0,0.0,5,TARGET_REACHED,-0.0252,-0.0296
1247,42.279,0.3363,-3.7026,0.147,-0.0226,-0.0261,-0.1451,0.127,0.133,0.143,0.3973,-3.5847,0.2,0.0,0.0,0.0,0.0096,0.0111,0.2466,0.247,0.0139,1,1,2,0.978,0.643,0.357,0,0,0.0,5,TARGET_REACHED,-0.0226,-0.0261
1248,42.314,0.3359,-3.7031,0.144,-0.0182,-0.024,-0.1494,0.124,0.133,0.145,0.3973,-3.5847,0.2,0.0,0.0,0.0,0.0078,0.0102,0.254,0.2543,-0.0146,1,1,2,0.978,0.652,0.348,0,0,0.0,5,TARGET_REACHED,-0.0182,-0.024
1249,42.352,0.3356,-3.7035,0.141,-0.0147,-0.0207,-0.1522,0.121,0.134,0.146,0.3973,-3.5847,0.2,0.0,0.0,0.0,0.0063,0.0088,0.2587,0.2589,0.0172,1,1,2,0.978,0.645,0.355,0,0,0.0,5,TARGET_REACHED,-0.0147,-0.0207
1250,42.387,0.3354,-3.7038,0.1379,-0.0098,-0.0186,-0.1539,0.118,0.134,0.148,0.3973,-3.5847,0.2,0.0,0.0,0.0,0.0042,0.0079,0.2617,0.2619,-0.0117,1,1,2,0.978,0.652,0.348,0,0,0.0,5,TARGET_REACHED,-0.0098,-0.0186
1251,42.424,0.3353,-3.7041,0.1348,-0.0061,-0.0151,-0.1551,0.115,0.135,0.15,0.3973,-3.5847,0.2,0.0,0.0,0.0,0.0026,0.0064,0.2636,0.2637,0.0203,1,1,2,0.978,0.647,0.353,0,0,0.0,5,TARGET_REACHED,-0.0061,-0.0151
1252,42.461,0.3353,-3.7044,0.1317,-0.0014,-0.0125,-0.1558,0.112,0.135,0.151,0.3973,-3.5847,0.2,0.0,0.0,0.0,0.0006,0.0053,0.2649,0.2649,-0.0088,1,1,2,0.978,0.649,0.351,0,0,0.0,5,TARGET_REACHED,-0.0014,-0.0125
1253,42.498,0.3353,-3.7046,0.1286,0.0018,-0.0084,-0.1563,0.109,0.135,0.153,0.3973,-3.5847,0.2,0.0,0.0,0.0,-0.0007,0.0036,0.2658,0.2658,0.0167,1,1,2,0.978,0.649,0.351,0,0,0.0,5,TARGET_REACHED,0.0018,-0.0084
1254,42.535,0.3354,-3.7047,0.1254,0.0056,-0.0049,-0.1566,0.105,0.135,0.154,0.3973,-3.5847,0.2,0.0,0.0,0.0,-0.0024,0.0021,0.2663,0.2663,-0.0123,1,1,2,0.978,0.644,0.356,0,0,0.0,5,TARGET_REACHED,0.0056,-0.0049
1255,42.571,0.3356,-3.7047,0.1223,0.0077,-0.0001,-0.1568,0.102,0.135,0.156,0.3973,-3.5847,0.2,0.0,0.0,0.0,-0.0033,0.0,0.2666,0.2667,0.0169,1,1,2,0.978,0.647,0.353,0,0,0.0,5,TARGET_REACHED,0.0077,-0.0001
1256,42.608,0.3358,-3.7046,0.1192,0.0101,0.0038,-0.157,0.099,0.135,0.157,0.3973,-3.5847,0.2,0.0,0.0,0.0,-0.0043,-0.0016,0.2668,0.2669,-0.0121,1,1,2,0.978,0.648,0.352,0,0,0.0,5,TARGET_REACHED,0.0101,0.0038
1257,42.644,0.336,-3.7044,0.116,0.0103,0.0089,-0.1573,0.096,0.135,0.159,0.3973,-3.5847,0.2,0.0,0.0,0.0,-0.0044,-0.0038,0.2674,0.2674,0.0043,1,1,2,0.978,0.65,0.35,0,0,0.0,5,TARGET_REACHED,0.0103,0.0089
1258,42.679,0.3362,-3.7041,0.1129,0.0107,0.0131,-0.1572,0.093,0.134,0.16,0.3973,-3.5847,0.2,0.0,0.0,0.0,-0.0046,-0.0056,0.2673,0.2674,-0.0244,1,1,2,0.978,0.645,0.355,0,0,0.0,5,TARGET_REACHED,0.0107,0.0131
1259,42.715,0.3364,-3.7038,0.1097,0.0096,0.0177,-0.1572,0.09,0.134,0.161,0.3973,-3.5847,0.2,0.0,0.0,0.0,-0.0041,-0.0075,0.2672,0.2673,0.0075,1,1,2,0.978,0.653,0.347,0,0,0.0,5,TARGET_REACHED,0.0096,0.0177
1260,42.75,0.3366,-3.7034,0.1066,0.0094,0.0202,-0.1571,0.087,0.133,0.163,0.3973,-3.5847,0.2,0.0,0.0,0.0,-0.004,-0.0086,0.2671,0.2673,-0.0213,1,1,2,0.978,0.643,0.357,0,0,0.0,5,TARGET_REACHED,0.0094,0.0202
1261,42.786,0.3367,-3.7029,0.1035,0.0074,0.0234,-0.1571,0.083,0.133,0.164,0.3973,-3.5847,0.2,0.0,0.0,0.0,-0.0031,-0.01,0.2671,0.2673,0.0101,1,1,2,0.978,0.677,0.323,0,0,0.0,5,TARGET_REACHED,0.0074,0.0234
1262,42.821,0.3368,-3.7024,0.1003,0.0058,0.0248,-0.1571,0.08,0.132,0.166,0.3973,-3.5847,0.2,0.0,0.0,0.0,-0.0025,-0.0106,0.267,0.2673,-0.0187,1,1,2,0.978,0.677,0.323,0,0,0.0,5,TARGET_REACHED,0.0058,0.0248
1263,42.856,0.3369,-3.7019,0.0972,0.0028,0.027,-0.1571,0.077,0.132,0.167,0.3973,-3.5847,0.2,0.0,0.0,0.0,-0.0012,-0.0115,0.2671,0.2673,0.0127,1,1,2,0.978,0.677,0.323,0,0,0.0,5,TARGET_REACHED,0.0028,0.027
1264,42.891,0.3369,-3.7013,0.094,0.0004,0.0277,-0.1571,0.074,0.131,0.169,0.3973,-3.5847,0.2,0.0,0.0,0.0,-0.0002,-0.0118,0.267,0.2673,-0.0161,1,1,2,0.978,0.678,0.322,0,0,0.0,5,TARGET_REACHED,0.0004,0.0277
1265,42.926,0.3368,-3.7007,0.0909,-0.0033,0.0295,-0.1571,0.071,0.131,0.17,0.3973,-3.5847,0.2,0.0,0.0,0.0,0.0014,-0.0126,0.2671,0.2674,0.0156,1,1,2,0.978,0.677,0.323,0,0,0.0,5,TARGET_REACHED,-0.0033,0.0295
1266,42.96,0.3367,-3.7001,0.0877,-0.0061,0.03,-0.1571,0.068,0.13,0.172,0.3973,-3.5847,0.2,0.0,0.0,0.0,0.0026,-0.0128,0.2671,0.2674,-0.0134,1,1,2,0.979,0.678,0.322,0,0,0.0,5,TARGET_REACHED,-0.0061,0.03
1267,42.995,0.3365,-3.6995,0.0846,-0.0102,0.0317,-0.1579,0.065,0.13,0.174,0.3973,-3.5847,0.2,0.0,0.0,0.0,0.0044,-0.0135,0.2685,0.2688,0.0046,1,1,2,0.979,0.678,0.322,0,0,0.0,5,TARGET_REACHED,-0.0102,0.0317
1268,43.03,0.3362,-3.6989,0.0814,-0.0135,0.0324,-0.1576,0.061,0.129,0.176,0.3973,-3.5847,0.2,0.0,0.0,0.0,0.0058,-0.0138,0.268,0.2684,-0.0243,1,1,2,0.979,0.641,0.359,0,0,0.0,5,TARGET_REACHED,-0.0135,0.0324
1269,43.066,0.3359,-3.6982,0.0783,-0.017,0.0334,-0.1574,0.058,0.129,0.177,0.3973,-3.5847,0.2,0.0,0.0,0.0,0.0073,-0.0143,0.2675,0.268,0.0079,1,1,2,0.979,0.679,0.321,0,0,0.0,5,TARGET_REACHED,-0.017,0.0334
1270,43.102,0.3355,-3.6975,0.0751,-0.0186,0.0324,-0.1572,0.055,0.129,0.179,0.3973,-3.5847,0.2,0.0,0.0,0.0,0.008,-0.0138,0.2672,0.2677,-0.0212,1,1,2,0.979,0.65,0.35,0,0,0.0,5,TARGET_REACHED,-0.0186,0.0324
1271,43.137,0.3351,-3.6969,0.072,-0.0209,0.0321,-0.157,0.052,0.128,0.181,0.3973,-3.5847,0.2,0.0,0.0,0.0,0.0089,-0.0137,0.267,0.2675,0.0111,1,1,2,0.979,0.642,0.358,0,0,0.0,5,TARGET_REACHED,-0.0209,0.0321
1272,43.173,0.3347,-3.6963,0.0689,-0.0215,0.03,-0.157,0.049,0.128,0.183,0.3973,-3.5847,0.2,0.0,0.0,0.0,0.0092,-0.0128,0.2669,0.2673,-0.018,1,1,2,0.979,0.651,0.349,0,0,0.0,5,TARGET_REACHED,-0.0215,0.03
1273,43.209,0.3342,-3.6957,0.0657,-0.0231,0.0289,-0.1569,0.046,0.128,0.185,0.3973,-3.5847,0.2,0.0,0.0,0.0,0.0099,-0.0123,0.2667,0.2672,0.0142,1,1,2,0.979,0.645,0.355,0,0,0.0,5,TARGET_REACHED,-0.0231,0.0289
1274,43.245,0.3337,-3.6952,0.0626,-0.0234,0.0263,-0.1569,0.043,0.127,0.187,0.3973,-3.5847,0.2,0.0,0.0,0.0,0.01,-0.0112,0.2667,0.2671,-0.0148,1,1,2,0.979,0.653,0.347,0,0,0.0,5,TARGET_REACHED,-0.0234,0.0263
1275,43.281,0.3332,-3.6947,0.0594,-0.025,0.0248,-0.157,0.039,0.127,0.19,0.3973,-3.5847,0.2,0.0,0.0,0.0,0.0107,-0.0106,0.2668,0.2673,0.0163,1,1,2,0.979,0.644,0.356,0,0,0.0,5,TARGET_REACHED,-0.025,0.0248
1276,43.317,0.3327,-3.6943,0.0563,-0.0257,0.0221,-0.1569,0.036,0.127,0.192,0.3973,-3.5847,0.2,0.0,0.0,0.0,0.011,-0.0094,0.2668,0.2672,-0.0126,1,1,2,0.979,0.655,0.345,0,0,0.0,5,TARGET_REACHED,-0.0257,0.0221
1277,43.353,0.3322,-3.6938,0.0532,-0.0269,0.0207,-0.1569,0.033,0.127,0.194,0.3973,-3.5847,0.2,0.0,0.0,0.0,0.0115,-0.0089,0.2667,0.2671,0.0194,1,1,2,0.979,0.639,0.361,0,0,0.0,5,TARGET_REACHED,-0.0269,0.0207
1278,43.389,0.3317,-3.6935,0.05,-0.0265,0.0184,-0.1569,0.03,0.127,0.197,0.3973,-3.5847,0.2,0.0,0.0,0.0,0.0113,-0.0078,0.2667,0.267,-0.0095,1,1,2,0.979,0.656,0.344,0,0,0.0,5,TARGET_REACHED,-0.0265,0.0184
1279,43.424,0.3311,-3.6931,0.0469,-0.0271,0.0176,-0.1568,0.047,0.127,0.199,0.3973,-3.5847,0.2,0.0,0.0,0.0,0.0116,-0.0075,0.2666,0.267,0.0212,1,1,2,0.979,0.646,0.354,0,0,0.0,5,TARGET_REACHED,-0.0271,0.0176
1280,43.46,0.3306,-3.6928,0.0438,-0.0263,0.016,-0.1568,0.044,0.127,0.201,0.3973,-3.5847,0.2,0.0,0.0,0.0,0.0112,-0.0068,0.2666,0.267,-0.0078,1,1,2,0.979,0.658,0.342,0,0,0.0,5,TARGET_REACHED,-0.0263,0.016
1281,43.496,0.3301,-3.6925,0.0406,-0.0268,0.0162,-0.157,0.041,0.127,0.204,0.3973,-3.5847,0.2,0.0,0.0,0.0,0.0115,-0.0069,0.2669,0.2672,0.0109,1,1,2,0.979,0.648,0.352,0,0,0.0,5,TARGET_REACHED,-0.0268,0.0162
1282,43.532,0.3295,-3.6922,0.0375,-0.0263,0.0157,-0.1569,0.037,0.127,0.206,0.3973,-3.5847,0.2,0.0,0.0,0.0,0.0113,-0.0067,0.2668,0.2671,-0.0179,1,1,2,0.98,0.662,0.338,0,0,0.0,5,TARGET_REACHED,-0.0263,0.0157
1283,43.568,0.329,-3.6918,0.0343,-0.0269,0.0162,-0.1569,0.034,0.127,0.209,0.3973,-3.5847,0.2,0.0,0.0,0.0,0.0115,-0.0069,0.2667,0.267,0.014,1,1,2,0.98,0.65,0.35,0,0,0.0,5,TARGET_REACHED,-0.0269,0.0162
