step,time_s,pos_x,pos_y,pos_z,vel_x,vel_y,vel_z,agl,dist_xy,dist_3d,target_x,target_y,target_z,plat_vel_x,plat_vel_y,plat_vel_z,cmd_vx,cmd_vy,cmd_vz,cmd_speed,cmd_yaw,landing_phase,descent_phase,assist_type,collision_risk,clutter_density,navigability,escape_active,pred_escape_active,threat_acc,terrain_id,phase_reason,rel_vx_to_pad,rel_vy_to_pad,pad_frame_dx,pad_frame_dy
0,0.0,8.9492,1.5302,3.9063,0.0,0.0,0.0,0.071,9.965,10.632,0.3973,-3.5847,0.2,0.0,0.0,0.0,-0.048,-0.0007,0.048,0.0679,-0.8284,0,0,0,0.979,0.616,0.384,0,0,0.0,5,SEARCH_PHASE,0.0,0.0,8.5519,5.1149
1,0.048,8.9492,1.5302,3.9067,0.0,0.0,0.0186,0.071,9.965,10.632,0.3973,-3.5847,0.2,0.0,0.0,0.0,-0.096,-0.0008,0.096,0.1358,-0.8239,0,0,0,0.978,0.577,0.423,0,0,0.0,5,SEARCH_PHASE,0.0,0.0,8.5519,5.1149
2,0.092,8.9492,1.5302,3.9076,-0.0,-0.0,0.0478,0.072,9.965,10.632,0.3973,-3.5847,0.2,0.0,0.0,0.0,-0.144,-0.0007,0.144,0.2036,-0.8228,0,0,0,0.978,0.588,0.412,0,0,0.0,5,SEARCH_PHASE,-0.0,-0.0,8.5519,5.1149
3,0.138,8.9492,1.5302,3.9093,-0.003,-0.0,0.0844,0.074,9.965,10.633,0.3973,-3.5847,0.2,0.0,0.0,0.0,-0.192,0.0008,0.192,0.2715,-0.8128,0,0,0,0.978,0.551,0.449,0,0,0.0,5,SEARCH_PHASE,-0.003,-0.0,8.5519,5.1149
4,0.184,8.949,1.5302,3.9118,-0.0061,-0.0001,0.1255,0.076,9.965,10.634,0.3973,-3.5847,0.2,0.0,0.0,0.0,-0.2399,0.0025,0.24,0.3394,-0.8206,0,0,0,0.978,0.572,0.428,0,0,0.0,5,SEARCH_PHASE,-0.0061,-0.0001,8.5518,5.1149
5,0.23,8.9488,1.5302,3.9152,-0.0123,-0.0001,0.1699,0.079,9.964,10.635,0.3973,-3.5847,0.2,0.0,0.0,0.0,-0.2878,0.0061,0.288,0.4072,-0.7773,0,0,0,0.978,0.513,0.487,0,0,0.0,5,SEARCH_PHASE,-0.0123,-0.0001,8.5515,5.1149
6,0.274,8.9484,1.5302,3.9196,-0.0214,-0.0008,0.2164,0.084,9.964,10.636,0.3973,-3.5847,0.2,0.0,0.0,0.0,-0.3357,0.0091,0.336,0.4751,-0.8074,0,0,0,0.976,0.479,0.521,0,0,0.0,5,SEARCH_PHASE,-0.0214,-0.0008,8.5511,5.1149
7,0.32,8.9476,1.5302,3.9248,-0.0368,0.0015,0.2637,0.089,9.963,10.637,0.3973,-3.5847,0.2,0.0,0.0,0.0,-0.3835,0.0139,0.384,0.5429,-0.7878,0,0,0,0.976,0.453,0.547,0,0,0.0,5,SEARCH_PHASE,-0.0368,0.0015,8.5503,5.1149
8,0.365,8.9465,1.5303,3.9311,-0.0556,0.0035,0.3123,0.095,9.963,10.638,0.3973,-3.5847,0.2,0.0,0.0,0.0,-0.4312,0.0192,0.432,0.6107,-0.8171,0,0,0,0.976,0.42,0.58,0,0,0.0,5,SEARCH_PHASE,-0.0556,0.0035,8.5492,5.115
9,0.411,8.9449,1.5304,3.9383,-0.0805,0.0067,0.3608,0.102,9.961,10.64,0.3973,-3.5847,0.2,0.0,0.0,0.0,-0.4788,0.0255,0.48,0.6784,-0.7742,0,0,0,0.974,0.364,0.636,0,0,0.0,5,SEARCH_PHASE,-0.0805,0.0067,8.5476,5.1151
10,0.456,8.9427,1.5306,3.9465,-0.1087,0.0076,0.4099,0.111,9.959,10.641,0.3973,-3.5847,0.2,0.0,0.0,0.0,-0.5261,0.0334,0.528,0.7461,-0.8026,0,0,0,0.974,0.336,0.664,0,0,0.0,5,SEARCH_PHASE,-0.1087,0.0076,8.5454,5.1152
11,0.504,8.9399,1.5308,3.9557,-0.1435,0.0103,0.4583,0.12,9.957,10.642,0.3973,-3.5847,0.2,0.0,0.0,0.0,-0.5733,0.0424,0.576,0.8138,-0.7675,0,0,0,0.974,0.307,0.693,0,0,0.0,5,SEARCH_PHASE,-0.1435,0.0103,8.5426,5.1154
12,0.552,8.9362,1.531,3.9658,-0.182,0.0113,0.5064,0.13,9.954,10.643,0.3973,-3.5847,0.2,0.0,0.0,0.0,-0.6202,0.0526,0.624,0.8813,-0.7848,0,0,0,0.972,0.275,0.725,0,0,0.0,5,SEARCH_PHASE,-0.182,0.0113,8.5389,5.1157
13,0.599,8.9317,1.5313,3.9769,-0.2235,0.014,0.5546,0.141,9.95,10.643,0.3973,-3.5847,0.2,0.0,0.0,0.0,-0.6669,0.0635,0.672,0.9489,-0.7545,0,0,0,0.972,0.254,0.746,0,0,0.0,5,SEARCH_PHASE,-0.2235,0.014,8.5345,5.116
14,0.647,8.9264,1.5316,3.9889,-0.2686,0.0157,0.6024,0.153,9.946,10.643,0.3973,-3.5847,0.2,0.0,0.0,0.0,-0.7128,0.0775,0.72,1.0161,-0.7721,0,0,0,0.971,0.21,0.79,0,0,0.0,5,SEARCH_PHASE,-0.2686,0.0157,8.5291,5.1163
15,0.694,8.9201,1.532,4.0019,-0.3148,0.0196,0.6503,0.166,9.941,10.643,0.3973,-3.5847,0.2,0.0,0.0,0.0,-0.7578,0.0944,0.768,1.083,-0.7467,0,0,0,0.969,0.185,0.815,0,0,0.0,5,SEARCH_PHASE,-0.3148,0.0196,8.5228,5.1167
16,0.742,8.9128,1.5324,4.0159,-0.3663,0.0227,0.6969,0.18,9.935,10.642,0.3973,-3.5847,0.2,0.0,0.0,0.0,-0.8033,0.1096,0.816,1.1503,-0.7394,0,0,0,0.969,0.164,0.836,0,0,0.0,5,SEARCH_PHASE,-0.3663,0.0227,8.5155,5.1171
17,0.787,8.9044,1.533,4.0308,-0.4195,0.0279,0.7437,0.195,9.928,10.641,0.3973,-3.5847,0.2,0.0,0.0,0.0,-0.8483,0.1263,0.864,1.2174,-0.7638,0,0,0,0.969,0.156,0.844,0,0,0.0,5,SEARCH_PHASE,-0.4195,0.0279,8.5071,5.1177
18,0.832,8.8949,1.5337,4.0466,-0.4747,0.0349,0.7901,0.211,9.92,10.64,0.3973,-3.5847,0.2,0.0,0.0,0.0,-0.878,0.0885,0.912,1.269,-0.7144,0,0,0,0.457,0.134,0.866,0,0,0.0,5,SEARCH_PHASE,-0.4747,0.0349,8.4976,5.1184
19,0.876,8.8843,1.5345,4.0633,-0.5287,0.041,0.8363,0.227,9.911,10.638,0.3973,-3.5847,0.2,0.0,0.0,0.0,-0.9076,0.0508,0.96,1.3221,-0.7578,0,0,0,0.463,0.135,0.865,0,0,0.0,5,SEARCH_PHASE,-0.5287,0.041,8.487,5.1192
20,0.921,8.8726,1.5355,4.0809,-0.5838,0.0505,0.8816,0.245,9.902,10.635,0.3973,-3.5847,0.2,0.0,0.0,0.0,-0.9373,0.013,1.008,1.3765,-0.7076,0,0,0,0.453,0.126,0.874,0,0,0.0,5,SEARCH_PHASE,-0.5838,0.0505,8.4753,5.1202
21,0.966,8.8599,1.5367,4.0995,-0.6374,0.0588,0.9269,0.264,9.892,10.632,0.3973,-3.5847,0.2,0.0,0.0,0.0,-0.9668,-0.0248,1.056,1.432,-0.7517,0,0,0,0.46,0.133,0.867,0,0,0.0,5,SEARCH_PHASE,-0.6374,0.0588,8.4626,5.1214
22,1.01,8.846,1.5381,4.1189,-0.6917,0.07,0.9715,0.283,9.881,10.629,0.3973,-3.5847,0.2,0.0,0.0,0.0,-0.9963,-0.0626,1.104,1.4884,-0.7432,0,0,0,0.458,0.135,0.865,0,0,0.0,5,SEARCH_PHASE,-0.6917,0.07,8.4488,5.1228
23,1.053,8.8311,1.5397,4.1392,-0.7444,0.0795,1.0169,0.303,9.869,10.626,0.3973,-3.5847,0.2,0.0,0.0,0.0,-1.0258,-0.1005,1.152,1.5458,-0.7774,0,0,0,0.473,0.143,0.857,0,0,0.0,5,SEARCH_PHASE,-0.7444,0.0795,8.4339,5.1244
24,1.094,8.8152,1.5414,4.1605,-0.7979,0.0871,1.0629,0.325,9.856,10.622,0.3973,-3.5847,0.2,0.0,0.0,0.0,-1.0552,-0.1385,1.2,1.6039,-0.7262,0,0,0,0.472,0.141,0.859,0,0,0.0,5,SEARCH_PHASE,-0.7979,0.0871,8.4179,5.1261
25,1.136,8.7982,1.5432,4.1827,-0.8496,0.0891,1.1093,0.347,9.842,10.618,0.3973,-3.5847,0.2,0.0,0.0,0.0,-1.0845,-0.1765,1.248,1.6628,-0.7716,0,0,0,0.487,0.148,0.852,0,0,0.0,5,SEARCH_PHASE,-0.8496,0.0891,8.4009,5.1279
26,1.177,8.7802,1.545,4.2058,-0.9015,0.0898,1.1562,0.37,9.828,10.613,0.3973,-3.5847,0.2,0.0,0.0,0.0,-1.1138,-0.2145,1.296,1.7223,-0.7255,0,0,0,0.494,0.155,0.845,0,0,0.0,5,SEARCH_PHASE,-0.9015,0.0898,8.3829,5.1297
27,1.217,8.7611,1.5467,4.2299,-0.9515,0.0844,1.2038,0.394,9.812,10.608,0.3973,-3.5847,0.2,0.0,0.0,0.0,-1.143,-0.2527,1.344,1.7823,-0.7716,0,0,0,0.516,0.161,0.839,0,0,0.0,5,SEARCH_PHASE,-0.9515,0.0844,8.3639,5.1314
28,1.258,8.7411,1.5482,4.2549,-0.9998,0.0766,1.2527,0.419,9.796,10.602,0.3973,-3.5847,0.2,0.0,0.0,0.0,-1.172,-0.2908,1.392,1.8428,-0.7194,0,0,0,0.523,0.161,0.839,0,0,0.0,5,SEARCH_PHASE,-0.9998,0.0766,8.3439,5.1329
29,1.299,8.7203,1.5495,4.281,-1.0443,0.0615,1.3017,0.445,9.779,10.596,0.3973,-3.5847,0.2,0.0,0.0,0.0,-1.201,-0.3291,1.44,1.9038,-0.7658,0,0,0,0.543,0.173,0.827,0,0,0.0,5,SEARCH_PHASE,-1.0443,0.0615,8.323,5.1341
30,1.339,8.6985,1.5503,4.308,-1.087,0.0436,1.3516,0.472,9.761,10.59,0.3973,-3.5847,0.2,0.0,0.0,0.0,-1.2299,-0.3675,1.488,1.9651,-0.7138,0,0,0,0.55,0.18,0.82,0,0,0.0,5,SEARCH_PHASE,-1.087,0.0436,8.3012,5.135
31,1.379,8.676,1.5507,4.336,-1.1259,0.0177,1.4009,0.5,9.742,10.584,0.3973,-3.5847,0.2,0.0,0.0,0.0,-1.2586,-0.4059,1.536,2.0269,-0.7392,0,0,0,0.566,0.21,0.79,0,0,0.0,5,SEARCH_PHASE,-1.1259,0.0177,8.2787,5.1354
32,1.419,8.6527,1.5505,4.365,-1.1628,-0.0116,1.4507,0.529,9.722,10.577,0.3973,-3.5847,0.2,0.0,0.0,0.0,-1.2873,-0.4444,1.584,2.0889,-0.6874,0,0,0,0.57,0.205,0.795,0,0,0.0,5,SEARCH_PHASE,-1.1628,-0.0116,8.2555,5.1351
33,1.459,8.6288,1.5495,4.395,-1.1956,-0.047,1.4997,0.559,9.701,10.57,0.3973,-3.5847,0.2,0.0,0.0,0.0,-1.3078,-0.401,1.632,2.1294,-0.7217,0,0,0,0.951,0.225,0.775,0,0,0.0,5,SEARCH_PHASE,-1.1956,-0.047,8.2316,5.1342
34,1.499,8.6043,1.5479,4.4259,-1.2256,-0.0839,1.5468,0.59,9.68,10.562,0.3973,-3.5847,0.2,0.0,0.0,0.0,-1.3342,-0.4411,1.68,2.1902,-0.67,0,0,0,0.58,0.216,0.784,0,0,0.0,5,SEARCH_PHASE,-1.2256,-0.0839,8.207,5.1325
35,1.539,8.5792,1.5453,4.4578,-1.2538,-0.1262,1.5931,0.622,9.657,10.554,0.3973,-3.5847,0.2,0.0,0.0,0.0,-1.3574,-0.399,1.7,2.2118,-0.6586,0,0,0,0.946,0.23,0.77,0,0,0.0,5,SEARCH_PHASE,-1.2538,-0.1262,8.182,5.13
36,1.579,8.5536,1.542,4.4904,-1.28,-0.1675,1.6281,0.655,9.634,10.546,0.3973,-3.5847,0.2,0.0,0.0,0.0,-1.3815,-0.4406,1.7,2.2344,-0.6646,0,0,0,0.585,0.222,0.778,0,0,0.0,5,SEARCH_PHASE,-1.28,-0.1675,8.1564,5.1266
37,1.619,8.5276,1.5378,4.5234,-1.3003,-0.2067,1.6509,0.688,9.61,10.537,0.3973,-3.5847,0.2,0.0,0.0,0.0,-1.4055,-0.4821,1.7,2.2579,-0.6386,0,0,0,0.586,0.233,0.767,0,0,0.0,5,SEARCH_PHASE,-1.3003,-0.2067,8.1304,5.1225
38,1.658,8.5012,1.5329,4.5567,-1.3198,-0.2457,1.6656,0.721,9.585,10.528,0.3973,-3.5847,0.2,0.0,0.0,0.0,-1.4294,-0.5238,1.7,2.282,-0.643,0,0,0,0.58,0.22,0.78,0,0,0.0,5,SEARCH_PHASE,-1.3198,-0.2457,8.104,5.1176
39,1.698,8.4745,1.5273,4.5902,-1.3369,-0.2828,1.6752,0.754,9.559,10.519,0.3973,-3.5847,0.2,0.0,0.0,0.0,-1.4531,-0.5655,1.7,2.3068,-0.6304,0,0,0,0.58,0.221,0.779,0,0,0.0,5,SEARCH_PHASE,-1.3369,-0.2828,8.0772,5.1119
40,1.737,8.4474,1.5209,4.6238,-1.3558,-0.3194,1.6815,0.788,9.533,10.509,0.3973,-3.5847,0.2,0.0,0.0,0.0,-1.4766,-0.6074,1.7,2.3322,-0.6338,0,0,0,0.573,0.213,0.787,0,0,0.0,5,SEARCH_PHASE,-1.3558,-0.3194,8.0501,5.1055
41,1.773,8.4199,1.5138,4.6576,-1.3732,-0.3548,1.6859,0.822,9.506,10.499,0.3973,-3.5847,0.2,0.0,0.0,0.0,-1.5,-0.6493,1.7,2.3583,-0.6228,0,0,0,0.572,0.214,0.786,0,0,0.0,5,SEARCH_PHASE,-1.3732,-0.3548,8.0226,5.0984
42,1.81,8.3921,1.506,4.6913,-1.3929,-0.3899,1.6885,0.856,9.478,10.488,0.3973,-3.5847,0.2,0.0,0.0,0.0,-1.5233,-0.6913,1.7,2.385,-0.6405,0,0,0,0.57,0.21,0.79,0,0,0.0,5,SEARCH_PHASE,-1.3929,-0.3899,7.9948,5.0906
43,1.844,8.3638,1.4975,4.7251,-1.4116,-0.4242,1.6908,0.89,9.45,10.477,0.3973,-3.5847,0.2,0.0,0.0,0.0,-1.5463,-0.7333,1.7,2.4123,-0.6316,0,0,0,0.573,0.215,0.785,0,0,0.0,5,SEARCH_PHASE,-1.4116,-0.4242,7.9666,5.0822
44,1.878,8.3352,1.4883,4.759,-1.431,-0.4595,1.6921,4.739,9.421,10.466,0.3973,-3.5847,0.2,0.0,0.0,0.0,-1.5692,-0.7755,1.7,2.4401,-0.6335,0,0,0,0.571,0.216,0.784,0,0,0.0,5,SEARCH_PHASE,-1.431,-0.4595,7.9379,5.073
45,1.913,8.3063,1.4784,4.7929,-1.4479,-0.4955,1.6935,4.773,9.391,10.454,0.3973,-3.5847,0.2,0.0,0.0,0.0,-1.5919,-0.8178,1.7,2.4684,-0.6246,0,0,0,0.574,0.226,0.774,0,0,0.0,5,SEARCH_PHASE,-1.4479,-0.4955,7.909,5.0631
46,1.947,8.2769,1.4678,4.8267,-1.466,-0.5326,1.6943,4.807,9.36,10.441,0.3973,-3.5847,0.2,0.0,0.0,0.0,-1.6144,-0.8603,1.7,2.4973,-0.6251,0,0,0,0.571,0.222,0.778,0,0,0.0,5,SEARCH_PHASE,-1.466,-0.5326,7.8797,5.0524
47,1.981,8.2473,1.4563,4.8606,-1.482,-0.5703,1.695,4.841,9.329,10.429,0.3973,-3.5847,0.2,0.0,0.0,0.0,-1.6366,-0.9028,1.7,2.5266,-0.6172,0,0,0,0.573,0.223,0.777,0,0,0.0,5,SEARCH_PHASE,-1.482,-0.5703,7.85,5.041
48,2.015,8.2173,1.4442,4.8945,-1.4998,-0.6092,1.6953,4.875,9.297,10.415,0.3973,-3.5847,0.2,0.0,0.0,0.0,-1.6585,-0.9455,1.7,2.5563,-0.6172,0,0,0,0.569,0.218,0.782,0,0,0.0,5,SEARCH_PHASE,-1.4998,-0.6092,7.82,5.0288
49,2.049,8.187,1.4312,4.9285,-1.5159,-0.6487,1.6958,4.908,9.265,10.402,0.3973,-3.5847,0.2,0.0,0.0,0.0,-1.6801,-0.9884,1.7,2.5864,-0.6105,0,0,0,0.57,0.223,0.777,0,0,0.0,5,SEARCH_PHASE,-1.5159,-0.6487,7.7897,5.0158
50,2.083,8.1563,1.4174,4.9624,-1.5342,-0.6893,1.6958,4.942,9.232,10.388,0.3973,-3.5847,0.2,0.0,0.0,0.0,-1.7012,-1.0315,1.7,2.6169,-0.6095,0,0,0,0.565,0.22,0.78,0,0,0.0,5,SEARCH_PHASE,-1.5342,-0.6893,7.759,5.0021
51,2.117,8.1253,1.4028,4.9963,-1.5513,-0.7306,1.6959,4.976,9.198,10.373,0.3973,-3.5847,0.2,0.0,0.0,0.0,-1.7218,-1.0749,1.7,2.6476,-0.6038,0,0,0,0.566,0.226,0.774,0,0,0.0,5,SEARCH_PHASE,-1.5513,-0.7306,7.728,4.9875
52,2.152,8.0938,1.3873,5.0302,-1.5711,-0.7728,1.6955,5.01,9.163,10.358,0.3973,-3.5847,0.2,0.0,0.0,0.0,-1.7412,-1.1187,1.7,2.6783,-0.6016,0,0,0,0.561,0.218,0.782,0,0,0.0,5,SEARCH_PHASE,-1.5711,-0.7728,7.6966,4.972
53,2.185,8.062,1.371,5.0641,-1.5902,-0.8156,1.6952,5.044,9.127,10.342,0.3973,-3.5847,0.2,0.0,0.0,0.0,-1.7436,-1.1273,1.7,2.6834,-0.5971,0,0,0,0.561,0.217,0.783,0,0,0.0,5,SEARCH_PHASE,-1.5902,-0.8156,7.6648,4.9557
54,2.218,8.0298,1.3538,5.098,-1.6122,-0.859,1.6929,5.078,9.091,10.326,0.3973,-3.5847,0.2,0.0,0.0,0.0,-1.7421,-1.1272,1.7,2.6825,-0.5557,0,0,0,0.554,0.209,0.791,0,0,0.0,5,SEARCH_PHASE,-1.6122,-0.859,7.6325,4.9385
55,2.251,7.9971,1.3358,5.1318,-1.6338,-0.9026,1.6895,5.112,9.054,10.31,0.3973,-3.5847,0.2,0.0,0.0,0.0,-1.7407,-1.127,1.7,2.6815,-0.5935,0,0,0,0.555,0.212,0.788,0,0,0.0,5,SEARCH_PHASE,-1.6338,-0.9026,7.5998,4.9205
56,2.283,7.964,1.3169,5.1655,-1.6555,-0.9437,1.6859,5.145,9.016,10.293,0.3973,-3.5847,0.2,0.0,0.0,0.0,-1.7394,-1.1267,1.7,2.6805,-0.5471,0,0,0,0.548,0.203,0.797,0,0,0.0,5,SEARCH_PHASE,-1.6555,-0.9437,7.5667,4.9016
57,2.315,7.9305,1.2972,5.1991,-1.6768,-0.9855,1.6819,5.179,8.977,10.275,0.3973,-3.5847,0.2,0.0,0.0,0.0,-1.738,-1.1263,1.7,2.6794,-0.5448,0,0,0,0.547,0.209,0.791,0,0,0.0,5,SEARCH_PHASE,-1.6768,-0.9855,7.5332,4.8819
58,2.347,7.8965,1.2767,5.2327,-1.6977,-1.0247,1.6788,5.213,8.937,10.257,0.3973,-3.5847,0.2,0.0,0.0,0.0,-1.7367,-1.1258,1.7,2.6784,-0.5395,0,0,0,0.54,0.195,0.805,0,0,0.0,5,SEARCH_PHASE,-1.6977,-1.0247,7.4992,4.8614
59,2.38,7.8622,1.2555,5.2662,-1.7148,-1.0612,1.6765,5.246,8.897,10.238,0.3973,-3.5847,0.2,0.0,0.0,0.0,-1.7355,-1.1252,1.7,2.6773,-0.5375,0,0,0,0.538,0.199,0.801,0,0,0.0,5,SEARCH_PHASE,-1.7148,-1.0612,7.465,4.8402
60,2.412,7.8276,1.2336,5.2997,-1.732,-1.0951,1.6747,5.28,8.856,10.219,0.3973,-3.5847,0.2,0.0,0.0,0.0,-1.7342,-1.1246,1.7,2.6762,-0.5261,0,0,0,0.53,0.186,0.814,0,0,0.0,5,SEARCH_PHASE,-1.732,-1.0951,7.4303,4.8182
61,2.444,7.7927,1.2111,5.3332,-1.7456,-1.1264,1.6738,5.313,8.814,10.2,0.3973,-3.5847,0.2,0.0,0.0,0.0,-1.733,-1.1238,1.7,2.6751,-0.5243,0,0,0,0.528,0.189,0.811,0,0,0.0,5,SEARCH_PHASE,-1.7456,-1.1264,7.3954,4.7957
62,2.476,7.7575,1.188,5.3667,-1.759,-1.1545,1.6735,5.347,8.772,10.181,0.3973,-3.5847,0.2,0.0,0.0,0.0,-1.7318,-1.123,1.7,2.674,-0.5151,0,0,0,0.518,0.188,0.812,0,0,0.0,5,SEARCH_PHASE,-1.759,-1.1545,7.3602,4.7726
63,2.508,7.7221,1.1644,5.4001,-1.7687,-1.1795,1.6739,5.38,8.73,10.161,0.3973,-3.5847,0.2,0.0,0.0,0.0,-1.7307,-1.1221,1.7,2.6729,-0.5137,0,0,0,0.515,0.192,0.808,0,0,0.0,5,SEARCH_PHASE,-1.7687,-1.1795,7.3248,4.749
64,2.539,7.6866,1.1404,5.4336,-1.7782,-1.2011,1.6748,5.414,8.687,10.142,0.3973,-3.5847,0.2,0.0,0.0,0.0,-1.7295,-1.1211,1.7,2.6717,-0.506,0,0,0,0.505,0.178,0.822,0,0,0.0,5,SEARCH_PHASE,-1.7782,-1.2011,7.2893,4.725
65,2.571,7.6509,1.116,5.4672,-1.7839,-1.2193,1.6762,5.447,8.644,10.122,0.3973,-3.5847,0.2,0.0,0.0,0.0,-1.7284,-1.1201,1.7,2.6706,-0.5049,0,0,0,0.501,0.174,0.826,0,0,0.0,5,SEARCH_PHASE,-1.7839,-1.2193,7.2536,4.7006
66,2.604,7.6151,1.0913,5.5007,-1.7897,-1.2339,1.6778,5.481,8.6,10.102,0.3973,-3.5847,0.2,0.0,0.0,0.0,-1.7273,-1.119,1.7,2.6694,-0.4984,0,0,0,0.489,0.168,0.832,0,0,0.0,5,SEARCH_PHASE,-1.7897,-1.2339,7.2178,4.676
67,2.636,7.5793,1.0664,5.5343,-1.7919,-1.2451,1.6796,5.514,8.556,10.083,0.3973,-3.5847,0.2,0.0,0.0,0.0,-1.7263,-1.1179,1.7,2.6683,-0.4975,0,0,0,0.484,0.171,0.829,0,0,0.0,5,SEARCH_PHASE,-1.7919,-1.2451,7.182,4.6511
68,2.668,7.5434,1.0413,5.5679,-1.7944,-1.2525,1.6815,5.548,8.513,10.064,0.3973,-3.5847,0.2,0.0,0.0,0.0,-1.7252,-1.1168,1.7,2.6671,-0.4908,0,0,0,0.471,0.151,0.849,0,0,0.0,5,SEARCH_PHASE,-1.7944,-1.2525,7.1461,4.626
69,2.7,7.5075,1.0162,5.6016,-1.7937,-1.2566,1.6834,5.582,8.469,10.045,0.3973,-3.5847,0.2,0.0,0.0,0.0,-1.7241,-1.1157,1.7,2.666,-0.4903,0,0,0,0.466,0.149,0.851,0,0,0.0,5,SEARCH_PHASE,-1.7937,-1.2566,7.1102,4.6009
70,2.732,7.4716,0.9911,5.6353,-1.7936,-1.2568,1.6851,5.615,8.425,10.026,0.3973,-3.5847,0.2,0.0,0.0,0.0,-1.7231,-1.1145,1.7,2.6648,-0.4851,0,0,0,0.452,0.142,0.858,0,0,0.0,5,SEARCH_PHASE,-1.7936,-1.2568,7.0743,4.5757
71,2.763,7.4358,0.966,5.669,-1.7907,-1.2537,1.6866,5.649,8.381,10.008,0.3973,-3.5847,0.2,0.0,0.0,0.0,-1.722,-1.1134,1.7,2.6636,-0.4849,0,0,0,0.445,0.142,0.858,0,0,0.0,5,SEARCH_PHASE,-1.7907,-1.2537,7.0385,4.5507
72,2.795,7.4,0.9411,5.7028,-1.7886,-1.247,1.6879,5.683,8.338,9.99,0.3973,-3.5847,0.2,0.0,0.0,0.0,-1.721,-1.1122,1.7,2.6625,-0.5064,0,0,0,0.44,0.139,0.861,0,0,0.0,5,SEARCH_PHASE,-1.7886,-1.247,7.0028,4.5257
73,2.828,7.3644,0.9163,5.7366,-1.7837,-1.237,1.6886,5.717,8.295,9.973,0.3973,-3.5847,0.2,0.0,0.0,0.0,-1.7199,-1.1111,1.7,2.6613,-0.4789,0,0,0,0.433,0.142,0.858,0,0,0.0,5,SEARCH_PHASE,-1.7837,-1.237,6.9671,4.501
74,2.857,7.3288,0.8918,5.7704,-1.778,-1.2256,1.6895,5.75,8.251,9.956,0.3973,-3.5847,0.2,0.0,0.0,0.0,-1.7189,-1.1101,1.7,2.6602,-0.5181,0,0,0,0.434,0.141,0.859,0,0,0.0,5,SEARCH_PHASE,-1.778,-1.2256,6.9315,4.4765
75,2.887,7.2934,0.8676,5.8041,-1.7699,-1.2112,1.6897,5.784,8.208,9.939,0.3973,-3.5847,0.2,0.0,0.0,0.0,-1.7178,-1.109,1.7,2.6591,-0.4958,0,0,0,0.426,0.139,0.861,0,0,0.0,5,SEARCH_PHASE,-1.7699,-1.2112,6.8961,4.4522
76,2.918,7.2582,0.8436,5.8379,-1.7601,-1.1971,1.6897,5.818,8.166,9.923,0.3973,-3.5847,0.2,0.0,0.0,0.0,-1.7167,-1.108,1.7,2.6579,-0.5052,0,0,0,0.428,0.138,0.862,0,0,0.0,5,SEARCH_PHASE,-1.7601,-1.1971,6.8609,4.4283
77,2.946,7.2232,0.82,5.8717,-1.7508,-1.1819,1.6897,5.852,8.124,9.908,0.3973,-3.5847,0.2,0.0,0.0,0.0,-1.7156,-1.107,1.7,2.6568,-0.4919,0,0,0,0.421,0.138,0.862,0,0,0.0,5,SEARCH_PHASE,-1.7508,-1.1819,6.8259,4.4047
78,2.974,7.1884,0.7967,5.9055,-1.7386,-1.1664,1.6893,5.886,8.082,9.893,0.3973,-3.5847,0.2,0.0,0.0,0.0,-1.7145,-1.1061,1.7,2.6557,-0.5259,0,0,0,0.423,0.133,0.867,0,0,0.0,5,SEARCH_PHASE,-1.7386,-1.1664,6.7911,4.3813
79,3.002,7.1539,0.7737,5.9393,-1.7267,-1.1501,1.689,5.919,8.04,9.879,0.3973,-3.5847,0.2,0.0,0.0,0.0,-1.7134,-1.1052,1.7,2.6546,-0.4745,0,0,0,0.415,0.132,0.868,0,0,0.0,5,SEARCH_PHASE,-1.7267,-1.1501,6.7566,4.3583
80,3.03,7.1196,0.751,5.9731,-1.7151,-1.1359,1.6887,5.953,7.999,9.865,0.3973,-3.5847,0.2,0.0,0.0,0.0,-1.7122,-1.1043,1.7,2.6535,-0.5136,0,0,0,0.415,0.133,0.867,0,0,0.0,5,SEARCH_PHASE,-1.7151,-1.1359,6.7223,4.3356
81,3.057,7.0855,0.7286,6.0068,-1.703,-1.12,1.6882,5.987,7.958,9.852,0.3973,-3.5847,0.2,0.0,0.0,0.0,-1.7111,-1.1035,1.7,2.6525,-0.4844,0,0,0,0.406,0.133,0.867,0,0,0.0,5,SEARCH_PHASE,-1.703,-1.12,6.6882,4.3132
82,3.084,7.0517,0.7064,6.0406,-1.6912,-1.1057,1.6878,6.021,7.918,9.839,0.3973,-3.5847,0.2,0.0,0.0,0.0,-1.71,-1.1027,1.7,2.6514,-0.5018,0,0,0,0.407,0.132,0.868,0,0,0.0,5,SEARCH_PHASE,-1.6912,-1.1057,6.6544,4.2911
83,3.113,7.0181,0.6846,6.0743,-1.6815,-1.0912,1.6877,6.054,7.878,9.827,0.3973,-3.5847,0.2,0.0,0.0,0.0,-1.7088,-1.1019,1.7,2.6503,-0.4854,0,0,0,0.399,0.127,0.873,0,0,0.0,5,SEARCH_PHASE,-1.6815,-1.0912,6.6208,4.2693
84,3.142,6.9846,0.6631,6.1081,-1.6712,-1.0779,1.6877,6.088,7.838,9.815,0.3973,-3.5847,0.2,0.0,0.0,0.0,-1.7077,-1.1012,1.7,2.6493,-0.4971,0,0,0,0.401,0.129,0.871,0,0,0.0,5,SEARCH_PHASE,-1.6712,-1.0779,6.5874,4.2477
85,3.171,6.9514,0.6418,6.1419,-1.6636,-1.0649,1.6877,6.122,7.799,9.804,0.3973,-3.5847,0.2,0.0,0.0,0.0,-1.7065,-1.1005,1.7,2.6483,-0.4803,0,0,0,0.395,0.127,0.873,0,0,0.0,5,SEARCH_PHASE,-1.6636,-1.0649,6.5541,4.2264
86,3.2,6.9183,0.6207,6.1756,-1.6551,-1.0534,1.6877,6.156,7.759,9.794,0.3973,-3.5847,0.2,0.0,0.0,0.0,-1.7054,-1.0998,1.7,2.6472,-0.4942,0,0,0,0.399,0.126,0.874,0,0,0.0,5,SEARCH_PHASE,-1.6551,-1.0534,6.521,4.2054
87,3.23,6.8853,0.5998,6.2094,-1.649,-1.0423,1.6878,6.189,7.72,9.784,0.3973,-3.5847,0.2,0.0,0.0,0.0,-1.7042,-1.0991,1.7,2.6462,-0.4766,0,0,0,0.394,0.126,0.874,0,0,0.0,5,SEARCH_PHASE,-1.649,-1.0423,6.488,4.1845
88,3.259,6.8525,0.5792,6.2431,-1.6418,-1.033,1.6881,6.223,7.682,9.774,0.3973,-3.5847,0.2,0.0,0.0,0.0,-1.703,-1.0985,1.652,2.6146,-0.4911,0,0,0,0.399,0.129,0.871,0,0,0.0,5,SEARCH_PHASE,-1.6418,-1.033,6.4552,4.1638
89,3.288,6.8197,0.5587,6.2765,-1.6371,-1.0249,1.6706,6.257,7.643,9.764,0.3973,-3.5847,0.2,0.0,0.0,0.0,-1.7018,-1.0979,1.604,2.5835,-0.4737,0,0,0,0.395,0.129,0.871,0,0,0.0,5,SEARCH_PHASE,-1.6371,-1.0249,6.4224,4.1433
90,3.317,6.7871,0.5383,6.3094,-1.6314,-1.0189,1.6418,6.289,7.605,9.755,0.3973,-3.5847,0.2,0.0,0.0,0.0,-1.7006,-1.0973,1.556,2.5529,-0.4941,0,0,0,0.401,0.131,0.869,0,0,0.0,5,SEARCH_PHASE,-1.6314,-1.0189,6.3898,4.123
91,3.346,6.7545,0.518,6.3415,-1.6276,-1.0138,1.6064,6.322,7.566,9.745,0.3973,-3.5847,0.2,0.0,0.0,0.0,-1.6994,-1.0967,1.508,2.5229,-0.4754,0,0,0,0.399,0.128,0.872,0,0,0.0,5,SEARCH_PHASE,-1.6276,-1.0138,6.3573,4.1027
92,3.375,6.722,0.4978,6.3728,-1.6241,-1.0112,1.5668,6.353,7.528,9.735,0.3973,-3.5847,0.2,0.0,0.0,0.0,-1.6982,-1.0962,1.46,2.4934,-0.4878,0,0,0,0.405,0.135,0.865,0,0,0.0,5,SEARCH_PHASE,-1.6241,-1.0112,6.3248,4.0825
93,3.404,6.6896,0.4776,6.4033,-1.6231,-1.0099,1.5243,6.383,7.49,9.725,0.3973,-3.5847,0.2,0.0,0.0,0.0,-1.697,-1.0956,1.412,2.4645,-0.4693,0,0,0,0.405,0.136,0.864,0,0,0.0,5,SEARCH_PHASE,-1.6231,-1.0099,6.2923,4.0623
94,3.434,6.6571,0.4574,6.4329,-1.6222,-1.0109,1.48,6.413,7.451,9.715,0.3973,-3.5847,0.2,0.0,0.0,0.0,-1.6958,-1.095,1.364,2.4363,-0.4685,0,0,0,0.408,0.135,0.865,0,0,0.0,5,SEARCH_PHASE,-1.6222,-1.0109,6.2599,4.0421
95,3.463,6.6247,0.4371,6.4616,-1.6234,-1.0133,1.4344,6.442,7.413,9.704,0.3973,-3.5847,0.2,0.0,0.0,0.0,-1.6946,-1.0944,1.316,2.4086,-0.446,0,0,0,0.405,0.132,0.868,0,0,0.0,5,SEARCH_PHASE,-1.6234,-1.0133,6.2274,4.0218
96,3.492,6.5922,0.4168,6.4894,-1.6248,-1.0171,1.3882,6.469,7.375,9.693,0.3973,-3.5847,0.2,0.0,0.0,0.0,-1.6935,-1.0938,1.268,2.3816,-0.4591,0,0,0,0.408,0.136,0.864,0,0,0.0,5,SEARCH_PHASE,-1.6248,-1.0171,6.1949,4.0014
97,3.522,6.5596,0.3964,6.5162,-1.6278,-1.0211,1.3413,6.496,7.336,9.681,0.3973,-3.5847,0.2,0.0,0.0,0.0,-1.6923,-1.0932,1.22,2.3553,-0.4415,0,0,0,0.407,0.137,0.863,0,0,0.0,5,SEARCH_PHASE,-1.6278,-1.0211,6.1623,3.981
98,3.552,6.527,0.3758,6.5421,-1.63,-1.0264,1.2939,6.522,7.298,9.669,0.3973,-3.5847,0.2,0.0,0.0,0.0,-1.6911,-1.0926,1.172,2.3296,-0.4406,0,0,0,0.407,0.136,0.864,0,0,0.0,5,SEARCH_PHASE,-1.63,-1.0264,6.1297,3.9605
99,3.581,6.4943,0.3552,6.567,-1.6337,-1.0321,1.2465,6.547,7.259,9.656,0.3973,-3.5847,0.2,0.0,0.0,0.0,-1.6899,-1.092,1.124,2.3047,-0.4221,0,0,0,0.402,0.138,0.862,0,0,0.0,5,SEARCH_PHASE,-1.6337,-1.0321,6.0971,3.9399
100,3.611,6.4616,0.3344,6.591,-1.6368,-1.0383,1.1989,6.571,7.22,9.643,0.3973,-3.5847,0.2,0.0,0.0,0.0,-1.6887,-1.0914,1.076,2.2805,-0.4362,0,0,0,0.404,0.137,0.863,0,0,0.0,5,SEARCH_PHASE,-1.6368,-1.0383,6.0643,3.9191
101,3.641,6.4288,0.3135,6.614,-1.6415,-1.044,1.1511,6.594,7.182,9.629,0.3973,-3.5847,0.2,0.0,0.0,0.0,-1.6876,-1.0907,1.028,2.2571,-0.4161,0,0,0,0.4,0.137,0.863,0,0,0.0,5,SEARCH_PHASE,-1.6415,-1.044,6.0315,3.8982
102,3.671,6.3959,0.2925,6.6361,-1.6453,-1.0505,1.1032,6.616,7.143,9.615,0.3973,-3.5847,0.2,0.0,0.0,0.0,-1.6864,-1.09,0.98,2.2344,-0.421,0,0,0,0.4,0.136,0.864,0,0,0.0,5,SEARCH_PHASE,-1.6453,-1.0505,5.9986,3.8772
103,3.701,6.3629,0.2714,6.6572,-1.6502,-1.0566,1.0554,6.637,7.103,9.6,0.3973,-3.5847,0.2,0.0,0.0,0.0,-1.6853,-1.0893,0.932,2.2126,-0.4016,0,0,0,0.395,0.131,0.869,0,0,0.0,5,SEARCH_PHASE,-1.6502,-1.0566,5.9656,3.8561
104,3.732,6.3298,0.2501,6.6773,-1.6541,-1.0629,1.0076,6.657,7.064,9.584,0.3973,-3.5847,0.2,0.0,0.0,0.0,-1.6841,-1.0886,0.884,2.1915,-0.4173,0,0,0,0.396,0.131,0.869,0,0,0.0,5,SEARCH_PHASE,-1.6541,-1.0629,5.9325,3.8348
105,3.764,6.2966,0.2288,6.6965,-1.659,-1.0683,0.9593,6.677,7.025,9.568,0.3973,-3.5847,0.2,0.0,0.0,0.0,-1.683,-1.0879,0.836,2.1714,-0.3972,0,0,0,0.391,0.126,0.874,0,0,0.0,5,SEARCH_PHASE,-1.659,-1.0683,5.8993,3.8134
106,3.795,6.2634,0.2073,6.7148,-1.6627,-1.0742,0.9116,6.695,6.985,9.552,0.3973,-3.5847,0.2,0.0,0.0,0.0,-1.6818,-1.0872,0.788,2.1521,-0.4063,0,0,0,0.39,0.128,0.872,0,0,0.0,5,SEARCH_PHASE,-1.6627,-1.0742,5.8661,3.792
107,3.826,6.23,0.1857,6.732,-1.667,-1.0793,0.8632,6.712,6.945,9.534,0.3973,-3.5847,0.2,0.0,0.0,0.0,-1.6807,-1.0864,0.74,2.1337,-0.389,0,0,0,0.383,0.126,0.874,0,0,0.0,5,SEARCH_PHASE,-1.667,-1.0793,5.8327,3.7704
108,3.857,6.1966,0.164,6.7483,-1.67,-1.0843,0.8159,6.728,6.905,9.517,0.3973,-3.5847,0.2,0.0,0.0,0.0,-1.6795,-1.0857,0.692,2.1162,-0.4113,0,0,0,0.382,0.127,0.873,0,0,0.0,5,SEARCH_PHASE,-1.67,-1.0843,5.7993,3.7487
109,3.888,6.1631,0.1423,6.7637,-1.6736,-1.0881,0.7684,6.744,6.866,9.498,0.3973,-3.5847,0.2,0.0,0.0,0.0,-1.6784,-1.0849,0.644,2.0997,-0.3965,0,0,0,0.375,0.124,0.876,0,0,0.0,5,SEARCH_PHASE,-1.6736,-1.0881,5.7659,3.7269
110,3.918,6.1296,0.1204,6.7781,-1.6758,-1.0919,0.7204,6.758,6.826,9.479,0.3973,-3.5847,0.2,0.0,0.0,0.0,-1.6773,-1.0841,0.596,2.0842,-0.4164,0,0,0,0.376,0.124,0.876,0,0,0.0,5,SEARCH_PHASE,-1.6758,-1.0919,5.7324,3.7051
111,3.949,6.0961,0.0985,6.7916,-1.6783,-1.0946,0.6731,6.772,6.785,9.46,0.3973,-3.5847,0.2,0.0,0.0,0.0,-1.6761,-1.0833,0.548,2.0696,-0.4007,0,0,0,0.37,0.121,0.879,0,0,0.0,5,SEARCH_PHASE,-1.6783,-1.0946,5.6988,3.6832
112,3.98,6.0625,0.0766,6.8041,-1.6789,-1.0974,0.6256,6.784,6.745,9.44,0.3973,-3.5847,0.2,0.0,0.0,0.0,-1.675,-1.0825,0.5,2.0561,-0.4109,0,0,0,0.37,0.125,0.875,0,0,0.0,5,SEARCH_PHASE,-1.6789,-1.0974,5.6652,3.6612
113,4.01,6.0289,0.0546,6.8156,-1.6798,-1.0992,0.5782,6.796,6.705,9.419,0.3973,-3.5847,0.2,0.0,0.0,0.0,-1.6739,-1.0817,0.452,2.0436,-0.395,0,0,0,0.362,0.123,0.877,0,0,0.0,5,SEARCH_PHASE,-1.6798,-1.0992,5.6316,3.6393
114,4.041,5.9953,0.0326,6.8263,-1.6787,-1.1007,0.5308,6.806,6.665,9.398,0.3973,-3.5847,0.2,0.0,0.0,0.0,-1.6728,-1.0809,0.404,2.0322,-0.4156,0,0,0,0.363,0.122,0.878,0,0,0.0,5,SEARCH_PHASE,-1.6787,-1.1007,5.598,3.6172
115,4.072,5.9618,0.0106,6.8359,-1.6779,-1.1007,0.4834,6.816,6.625,9.377,0.3973,-3.5847,0.2,0.0,0.0,0.0,-1.6717,-1.0801,0.356,2.0218,-0.3996,0,0,0,0.357,0.122,0.878,0,0,0.0,5,SEARCH_PHASE,-1.6779,-1.1007,5.5645,3.5952
116,4.102,5.9283,-0.0114,6.8446,-1.675,-1.1006,0.4355,6.825,6.585,9.355,0.3973,-3.5847,0.2,0.0,0.0,0.0,-1.6706,-1.0792,0.308,2.0126,-0.4247,0,0,0,0.359,0.121,0.879,0,0,0.0,5,SEARCH_PHASE,-1.675,-1.1006,5.531,3.5732
117,4.133,5.8948,-0.0334,6.8524,-1.6721,-1.0993,0.3881,6.832,6.545,9.332,0.3973,-3.5847,0.2,0.0,0.0,0.0,-1.6695,-1.0784,0.26,2.0044,-0.4037,0,0,0,0.354,0.121,0.879,0,0,0.0,5,SEARCH_PHASE,-1.6721,-1.0993,5.4975,3.5512
118,4.164,5.8614,-0.0554,6.8592,-1.6684,-1.0984,0.3407,6.839,6.505,9.309,0.3973,-3.5847,0.2,0.0,0.0,0.0,-1.6684,-1.0776,0.212,1.9974,-0.4234,0,0,0,0.357,0.121,0.879,0,0,0.0,5,SEARCH_PHASE,-1.6684,-1.0984,5.4642,3.5293
119,4.195,5.8281,-0.0773,6.8651,-1.6654,-1.0967,0.2932,6.845,6.465,9.285,0.3973,-3.5847,0.2,0.0,0.0,0.0,-1.6673,-1.0767,0.164,1.9915,-0.4059,0,0,0,0.353,0.12,0.88,0,0,0.0,5,SEARCH_PHASE,-1.6654,-1.0967,5.4309,3.5073
120,4.226,5.7949,-0.0992,6.87,-1.6608,-1.0952,0.2451,6.85,6.425,9.261,0.3973,-3.5847,0.2,0.0,0.0,0.0,-1.6662,-1.0759,0.116,1.9868,-0.4168,0,0,0,0.353,0.121,0.879,0,0,0.0,5,SEARCH_PHASE,-1.6608,-1.0952,5.3976,3.4854
121,4.257,5.7618,-0.1211,6.8739,-1.6565,-1.0931,0.1977,6.854,6.385,9.237,0.3973,-3.5847,0.2,0.0,0.0,0.0,-1.6651,-1.0751,0.068,1.9832,-0.3978,0,0,0,0.346,0.119,0.881,0,0,0.0,5,SEARCH_PHASE,-1.6565,-1.0931,5.3645,3.4636
122,4.288,5.7288,-0.1429,6.8769,-1.6517,-1.091,0.1502,6.857,6.346,9.212,0.3973,-3.5847,0.2,0.0,0.0,0.0,-1.664,-1.0742,0.02,1.9807,-0.4171,0,0,0,0.347,0.12,0.88,0,0,0.0,5,SEARCH_PHASE,-1.6517,-1.091,5.3315,3.4417
123,4.319,5.6958,-0.1647,6.879,-1.6483,-1.0878,0.1027,6.859,6.306,9.186,0.3973,-3.5847,0.2,0.0,0.0,0.0,-1.663,-1.0734,-0.028,1.9795,-0.3982,0,0,0,0.341,0.12,0.88,0,0,0.0,5,SEARCH_PHASE,-1.6483,-1.0878,5.2985,3.42
124,4.35,5.6629,-0.1864,6.8801,-1.6441,-1.0849,0.0551,6.86,6.267,9.16,0.3973,-3.5847,0.2,0.0,0.0,0.0,-1.6619,-1.0725,-0.076,1.9794,-0.4178,0,0,0,0.345,0.12,0.88,0,0,0.0,5,SEARCH_PHASE,-1.6441,-1.0849,5.2656,3.3983
125,4.381,5.6301,-0.208,6.8802,-1.6409,-1.0811,0.0074,6.86,6.228,9.133,0.3973,-3.5847,0.2,0.0,0.0,0.0,-1.6608,-1.0717,-0.124,1.9805,-0.3989,0,0,0,0.34,0.121,0.879,0,0,0.0,5,SEARCH_PHASE,-1.6409,-1.0811,5.2328,3.3767
126,4.413,5.5974,-0.2295,6.8794,-1.6366,-1.0777,-0.0403,6.859,6.189,9.106,0.3973,-3.5847,0.2,0.0,0.0,0.0,-1.6597,-1.0709,-0.172,1.9827,-0.4216,0,0,0,0.345,0.12,0.88,0,0,0.0,5,SEARCH_PHASE,-1.6366,-1.0777,5.2001,3.3551
127,4.445,5.5647,-0.251,6.8777,-1.6332,-1.0737,-0.088,6.858,6.149,9.078,0.3973,-3.5847,0.2,0.0,0.0,0.0,-1.6587,-1.0701,-0.22,1.9861,-0.4026,0,0,0,0.341,0.122,0.878,0,0,0.0,5,SEARCH_PHASE,-1.6332,-1.0737,5.1674,3.3336
128,4.478,5.5321,-0.2724,6.875,-1.6292,-1.0703,-0.1356,6.855,6.11,9.049,0.3973,-3.5847,0.2,0.0,0.0,0.0,-1.6576,-1.0692,-0.268,1.9907,-0.4227,0,0,0,0.347,0.121,0.879,0,0,0.0,5,SEARCH_PHASE,-1.6292,-1.0703,5.1348,3.3122
129,4.51,5.4996,-0.2938,6.8713,-1.6265,-1.0667,-0.1833,6.851,6.072,9.021,0.3973,-3.5847,0.2,0.0,0.0,0.0,-1.6565,-1.0684,-0.316,1.9964,-0.4038,0,0,0,0.345,0.122,0.878,0,0,0.0,5,SEARCH_PHASE,-1.6265,-1.0667,5.1023,3.2909
130,4.542,5.4671,-0.315,6.8667,-1.6231,-1.0639,-0.231,6.847,6.033,8.991,0.3973,-3.5847,0.2,0.0,0.0,0.0,-1.6555,-1.0676,-0.364,2.0032,-0.4191,0,0,0,0.351,0.121,0.879,0,0,0.0,5,SEARCH_PHASE,-1.6231,-1.0639,5.0698,3.2696
131,4.575,5.4347,-0.3363,6.8611,-1.6206,-1.0611,-0.2787,6.841,5.994,8.961,0.3973,-3.5847,0.2,0.0,0.0,0.0,-1.6544,-1.0668,-0.412,2.0112,-0.4002,0,0,0,0.349,0.121,0.879,0,0,0.0,5,SEARCH_PHASE,-1.6206,-1.0611,5.0374,3.2484
132,4.607,5.4024,-0.3574,6.8546,-1.6173,-1.0589,-0.3264,6.835,5.955,8.93,0.3973,-3.5847,0.2,0.0,0.0,0.0,-1.6533,-1.066,-0.46,2.0203,-0.4218,0,0,0,0.355,0.123,0.877,0,0,0.0,5,SEARCH_PHASE,-1.6173,-1.0589,5.0051,3.2272
133,4.64,5.3701,-0.3786,6.8471,-1.6148,-1.0565,-0.3741,6.827,5.917,8.899,0.3973,-3.5847,0.2,0.0,0.0,0.0,-1.6523,-1.0653,-0.508,2.0305,-0.4029,0,0,0,0.354,0.122,0.878,0,0,0.0,5,SEARCH_PHASE,-1.6148,-1.0565,4.9728,3.2061
134,4.673,5.3378,-0.3997,6.8387,-1.6118,-1.0551,-0.4218,6.819,5.878,8.867,0.3973,-3.5847,0.2,0.0,0.0,0.0,-1.6512,-1.0645,-0.556,2.0417,-0.4131,0,0,0,0.358,0.121,0.879,0,0,0.0,5,SEARCH_PHASE,-1.6118,-1.0551,4.9406,3.185
135,4.705,5.3056,-0.4207,6.8293,-1.6101,-1.0537,-0.4695,6.809,5.84,8.835,0.3973,-3.5847,0.2,0.0,0.0,0.0,-1.6501,-1.0637,-0.604,2.0541,-0.3945,0,0,0,0.354,0.121,0.879,0,0,0.0,5,SEARCH_PHASE,-1.6101,-1.0537,4.9084,3.1639
136,4.738,5.2735,-0.4418,6.8189,-1.6079,-1.0528,-0.5171,6.799,5.801,8.801,0.3973,-3.5847,0.2,0.0,0.0,0.0,-1.6491,-1.0629,-0.652,2.0674,-0.4156,0,0,0,0.36,0.122,0.878,0,0,0.0,5,SEARCH_PHASE,-1.6079,-1.0528,4.8762,3.1429
137,4.77,5.2413,-0.4628,6.8076,-1.6069,-1.0513,-0.5647,6.788,5.763,8.768,0.3973,-3.5847,0.2,0.0,0.0,0.0,-1.648,-1.0621,-0.7,2.0818,-0.3974,0,0,0,0.358,0.122,0.878,0,0,0.0,5,SEARCH_PHASE,-1.6069,-1.0513,4.8441,3.1218
138,4.803,5.2092,-0.4838,6.7954,-1.6051,-1.0506,-0.6124,6.775,5.725,8.733,0.3973,-3.5847,0.2,0.0,0.0,0.0,-1.6469,-1.0613,-0.748,2.0972,-0.4185,0,0,0,0.365,0.122,0.878,0,0,0.0,5,SEARCH_PHASE,-1.6051,-1.0506,4.812,3.1008
139,4.835,5.1771,-0.5048,6.7822,-1.6044,-1.0495,-0.66,6.762,5.686,8.698,0.3973,-3.5847,0.2,0.0,0.0,0.0,-1.6459,-1.0605,-0.796,2.1136,-0.4006,0,0,0,0.364,0.122,0.878,0,0,0.0,5,SEARCH_PHASE,-1.6044,-1.0495,4.7799,3.0798
140,4.868,5.1451,-0.5258,6.768,-1.6025,-1.0493,-0.708,6.748,5.648,8.662,0.3973,-3.5847,0.2,0.0,0.0,0.0,-1.6448,-1.0597,-0.844,2.1309,-0.4057,0,0,0,0.366,0.122,0.878,0,0,0.0,5,SEARCH_PHASE,-1.6025,-1.0493,4.7478,3.0588
141,4.9,5.1131,-0.5468,6.7529,-1.6015,-1.0489,-0.7562,6.733,5.61,8.626,0.3973,-3.5847,0.2,0.0,0.0,0.0,-1.6438,-1.0589,-0.892,2.1492,-0.3944,0,0,0,0.362,0.122,0.878,0,0,0.0,5,SEARCH_PHASE,-1.6015,-1.0489,4.7158,3.0379
142,4.933,5.0811,-0.5678,6.7368,-1.6001,-1.0485,-0.8035,6.717,5.571,8.589,0.3973,-3.5847,0.2,0.0,0.0,0.0,-1.6427,-1.0581,-0.94,2.1684,-0.4178,0,0,0,0.367,0.123,0.877,0,0,0.0,5,SEARCH_PHASE,-1.6001,-1.0485,4.6838,3.0169
143,4.965,5.0491,-0.5887,6.7198,-1.6003,-1.0475,-0.851,6.7,5.533,8.551,0.3973,-3.5847,0.2,0.0,0.0,0.0,-1.6417,-1.0573,-0.988,2.1884,-0.403,0,0,0,0.364,0.123,0.877,0,0,0.0,5,SEARCH_PHASE,-1.6003,-1.0475,4.6518,2.9959
144,4.997,5.0171,-0.6097,6.7018,-1.5998,-1.0471,-0.8992,6.682,5.495,8.513,0.3973,-3.5847,0.2,0.0,0.0,0.0,-1.6406,-1.0565,-1.036,2.2093,-0.4218,0,0,0,0.37,0.123,0.877,0,0,0.0,5,SEARCH_PHASE,-1.5998,-1.0471,4.6198,2.975
145,5.028,4.985,-0.6306,6.6829,-1.6006,-1.0461,-0.9466,6.663,5.457,8.474,0.3973,-3.5847,0.2,0.0,0.0,0.0,-1.6396,-1.0557,-1.084,2.2311,-0.4041,0,0,0,0.369,0.123,0.877,0,0,0.0,5,SEARCH_PHASE,-1.6006,-1.0461,4.5878,2.9541
146,5.06,4.953,-0.6515,6.663,-1.6007,-1.0458,-0.994,6.643,5.418,8.434,0.3973,-3.5847,0.2,0.0,0.0,0.0,-1.6385,-1.0549,-1.132,2.2537,-0.4235,0,0,0,0.375,0.125,0.875,0,0,0.0,5,SEARCH_PHASE,-1.6007,-1.0458,4.5558,2.9332
147,5.093,4.921,-0.6724,6.6422,-1.6019,-1.0451,-1.0416,6.622,5.38,8.393,0.3973,-3.5847,0.2,0.0,0.0,0.0,-1.6375,-1.0542,-1.18,2.277,-0.4059,0,0,0,0.376,0.125,0.875,0,0,0.0,5,SEARCH_PHASE,-1.6019,-1.0451,4.5237,2.9123
148,5.125,4.889,-0.6933,6.6204,-1.6021,-1.0452,-1.0893,6.6,5.342,8.352,0.3973,-3.5847,0.2,0.0,0.0,0.0,-1.6364,-1.0534,-1.228,2.3012,-0.4118,0,0,0,0.379,0.125,0.875,0,0,0.0,5,SEARCH_PHASE,-1.6021,-1.0452,4.4917,2.8914
149,5.158,4.8569,-0.7142,6.5977,-1.6032,-1.0451,-1.1369,6.578,5.304,8.31,0.3973,-3.5847,0.2,0.0,0.0,0.0,-1.6353,-1.0526,-1.276,2.326,-0.3942,0,0,0,0.377,0.125,0.875,0,0,0.0,5,SEARCH_PHASE,-1.6032,-1.0451,4.4596,2.8705
150,5.191,4.8248,-0.7351,6.574,-1.6033,-1.0451,-1.1844,6.554,5.265,8.267,0.3973,-3.5847,0.2,0.0,0.0,0.0,-1.6343,-1.0518,-1.324,2.3516,-0.4139,0,0,0,0.382,0.126,0.874,0,0,0.0,5,SEARCH_PHASE,-1.6033,-1.0451,4.4275,2.8496
151,5.223,4.7927,-0.756,6.5493,-1.6043,-1.0443,-1.232,6.529,5.227,8.224,0.3973,-3.5847,0.2,0.0,0.0,0.0,-1.6332,-1.051,-1.372,2.3779,-0.3965,0,0,0,0.38,0.125,0.875,0,0,0.0,5,SEARCH_PHASE,-1.6043,-1.0443,4.3955,2.8287
152,5.255,4.7607,-0.7769,6.5237,-1.6042,-1.0437,-1.2796,6.504,5.189,8.18,0.3973,-3.5847,0.2,0.0,0.0,0.0,-1.6321,-1.0503,-1.42,2.4049,-0.4165,0,0,0,0.387,0.127,0.873,0,0,0.0,5,SEARCH_PHASE,-1.6042,-1.0437,4.3634,2.8078
153,5.288,4.7286,-0.7977,6.4972,-1.6046,-1.0426,-1.3272,6.477,5.15,8.135,0.3973,-3.5847,0.2,0.0,0.0,0.0,-1.6311,-1.0495,-1.468,2.4325,-0.3991,0,0,0,0.387,0.126,0.874,0,0,0.0,5,SEARCH_PHASE,-1.6046,-1.0426,4.3313,2.7869
154,5.32,4.6965,-0.8185,6.4697,-1.6036,-1.0418,-1.3749,6.45,5.112,8.09,0.3973,-3.5847,0.2,0.0,0.0,0.0,-1.63,-1.0487,-1.5,2.4509,-0.4211,0,0,0,0.394,0.129,0.871,0,0,0.0,5,SEARCH_PHASE,-1.6036,-1.0418,4.2992,2.7661
155,5.353,4.6644,-0.8394,6.4414,-1.6032,-1.0407,-1.4165,6.421,5.074,8.044,0.3973,-3.5847,0.2,0.0,0.0,0.0,-1.6289,-1.048,-1.5,2.4498,-0.4032,0,0,0,0.395,0.13,0.87,0,0,0.0,5,SEARCH_PHASE,-1.6032,-1.0407,4.2671,2.7453
156,5.385,4.6324,-0.8602,6.4125,-1.602,-1.0406,-1.4427,6.393,5.036,7.997,0.3973,-3.5847,0.2,0.0,0.0,0.0,-1.6279,-1.0472,-1.5,2.4488,-0.4141,0,0,0,0.401,0.132,0.868,0,0,0.0,5,SEARCH_PHASE,-1.602,-1.0406,4.2351,2.7245
157,5.418,4.6003,-0.881,6.3833,-1.6021,-1.0405,-1.459,6.363,4.998,7.95,0.3973,-3.5847,0.2,0.0,0.0,0.0,-1.6268,-1.0465,-1.5,2.4478,-0.3948,0,0,0,0.399,0.13,0.87,0,0,0.0,5,SEARCH_PHASE,-1.6021,-1.0405,4.2031,2.7037
158,5.45,4.5683,-0.9018,6.354,-1.601,-1.0408,-1.4692,6.334,4.959,7.904,0.3973,-3.5847,0.2,0.0,0.0,0.0,-1.6257,-1.0457,-1.452,2.4176,-0.4178,0,0,0,0.406,0.131,0.869,0,0,0.0,5,SEARCH_PHASE,-1.601,-1.0408,4.171,2.6829
159,5.482,4.5363,-0.9226,6.3248,-1.6016,-1.0405,-1.4579,6.305,4.921,7.857,0.3973,-3.5847,0.2,0.0,0.0,0.0,-1.6247,-1.0449,-1.404,2.388,-0.397,0,0,0,0.405,0.134,0.866,0,0,0.0,5,SEARCH_PHASE,-1.6016,-1.0405,4.139,2.662
160,5.515,4.5043,-0.9434,6.2961,-1.6005,-1.0413,-1.4329,6.276,4.883,7.811,0.3973,-3.5847,0.2,0.0,0.0,0.0,-1.6236,-1.0441,-1.356,2.359,-0.4221,0,0,0,0.413,0.137,0.863,0,0,0.0,5,SEARCH_PHASE,-1.6005,-1.0413,4.107,2.6412
161,5.547,4.4723,-0.9643,6.2681,-1.6009,-1.0412,-1.3996,6.248,4.845,7.765,0.3973,-3.5847,0.2,0.0,0.0,0.0,-1.6225,-1.0434,-1.308,2.3307,-0.4003,0,0,0,0.413,0.135,0.865,0,0,0.0,5,SEARCH_PHASE,-1.6009,-1.0412,4.075,2.6204
162,5.58,4.4403,-0.9851,6.2409,-1.5987,-1.0425,-1.361,6.221,4.807,7.72,0.3973,-3.5847,0.2,0.0,0.0,0.0,-1.6215,-1.0426,-1.26,2.303,-0.4166,0,0,0,0.42,0.143,0.857,0,0,0.0,5,SEARCH_PHASE,-1.5987,-1.0425,4.043,2.5995
163,5.613,4.4083,-1.006,6.2145,-1.5976,-1.0432,-1.319,6.195,4.768,7.675,0.3973,-3.5847,0.2,0.0,0.0,0.0,-1.6204,-1.0418,-1.212,2.276,-0.3942,0,0,0,0.418,0.137,0.863,0,0,0.0,5,SEARCH_PHASE,-1.5976,-1.0432,4.0111,2.5787
164,5.646,4.3765,-1.0269,6.189,-1.5937,-1.0445,-1.275,6.169,4.73,7.632,0.3973,-3.5847,0.2,0.0,0.0,0.0,-1.6194,-1.0409,-1.164,2.2497,-0.4244,0,0,1,0.425,0.142,0.858,0,0,0.0,5,ACQUISITION_ASSIST,-1.5937,-1.0445,3.9792,2.5578
165,5.679,4.3446,-1.0478,6.1685,-1.5921,-1.0469,-1.0281,6.148,4.692,7.592,0.3973,-3.5847,0.2,0.0,0.0,0.0,-1.6184,-1.0401,-1.116,2.2241,-0.4273,0,0,1,0.431,0.143,0.857,0,0,0.0,5,ACQUISITION_ASSIST,-1.5921,-1.0469,3.9473,2.5369
166,5.712,4.3129,-1.0688,6.1521,-1.5874,-1.0511,-0.8212,6.132,4.654,7.556,0.3973,-3.5847,0.2,0.0,0.0,0.0,-1.6174,-1.0392,-1.068,2.1992,-0.4011,0,0,1,0.432,0.145,0.855,0,0,0.0,5,ACQUISITION_ASSIST,-1.5874,-1.0511,3.9156,2.5158
167,5.746,4.2813,-1.0899,6.1385,-1.5805,-1.0562,-0.6798,6.118,4.616,7.522,0.3973,-3.5847,0.2,0.0,0.0,0.0,-1.6165,-1.0383,-1.02,2.1752,-0.359,0,0,1,0.423,0.143,0.857,0,0,0.0,5,ACQUISITION_ASSIST,-1.5805,-1.0562,3.884,2.4947
168,5.779,4.2499,-1.1111,6.1267,-1.5704,-1.0588,-0.5875,6.107,4.578,7.489,0.3973,-3.5847,0.2,0.0,0.0,0.0,-1.6156,-1.0373,-0.972,2.1519,-0.3466,0,0,1,0.413,0.137,0.863,0,0,0.0,5,ACQUISITION_ASSIST,-1.5704,-1.0588,3.8526,2.4735
169,5.812,4.2188,-1.1322,6.1162,-1.555,-1.0546,-0.5233,6.096,4.541,7.458,0.3973,-3.5847,0.2,0.0,0.0,0.0,-1.6147,-1.0362,-0.924,2.1295,-0.3682,0,0,1,0.415,0.14,0.86,0,0,0.0,5,ACQUISITION_ASSIST,-1.555,-1.0546,3.8215,2.4524
170,5.845,4.1881,-1.1531,6.1067,-1.532,-1.0424,-0.4773,6.087,4.504,7.428,0.3973,-3.5847,0.2,0.0,0.0,0.0,-1.6138,-1.0352,-0.876,2.108,-0.3571,0,0,1,0.408,0.141,0.859,0,0,0.0,5,ACQUISITION_ASSIST,-1.532,-1.0424,3.7908,2.4316
171,5.878,4.1581,-1.1736,6.0978,-1.4982,-1.0252,-0.4457,6.078,4.467,7.399,0.3973,-3.5847,0.2,0.0,0.0,0.0,-1.613,-1.0341,-0.828,2.0873,-0.3728,0,0,1,0.412,0.139,0.861,0,0,0.0,5,ACQUISITION_ASSIST,-1.4982,-1.0252,3.7609,2.4111
172,5.912,4.129,-1.1936,6.0893,-1.4586,-1.0007,-0.4243,6.069,4.432,7.371,0.3973,-3.5847,0.2,0.0,0.0,0.0,-1.6123,-1.0331,-0.78,2.0676,-0.3631,0,0,1,0.407,0.138,0.862,0,0,0.0,5,ACQUISITION_ASSIST,-1.4586,-1.0007,3.7317,2.3911
173,5.946,4.1008,-1.213,6.0811,-1.4098,-0.971,-0.4113,6.061,4.398,7.344,0.3973,-3.5847,0.2,0.0,0.0,0.0,-1.6116,-1.032,-0.732,2.0489,-0.3988,0,0,1,0.407,0.142,0.858,0,0,0.0,5,ACQUISITION_ASSIST,-1.4098,-0.971,3.7035,2.3717
174,5.979,4.0737,-1.2317,6.0729,-1.3565,-0.9344,-0.4067,6.053,4.365,7.317,0.3973,-3.5847,0.2,0.0,0.0,0.0,-1.6109,-1.031,-0.684,2.0312,-0.3734,0,0,1,0.406,0.14,0.86,0,0,0.0,5,ACQUISITION_ASSIST,-1.3565,-0.9344,3.6764,2.353
175,6.013,4.0477,-1.2496,6.0648,-1.2996,-0.8947,-0.4066,6.045,4.333,7.292,0.3973,-3.5847,0.2,0.0,0.0,0.0,-1.6102,-1.03,-0.636,2.0145,-0.42,0,0,1,0.412,0.143,0.857,0,0,0.0,5,ACQUISITION_ASSIST,-1.2996,-0.8947,3.6504,2.3351
176,6.047,4.0229,-1.2666,6.0566,-1.238,-0.8508,-0.4122,6.037,4.303,7.268,0.3973,-3.5847,0.2,0.0,0.0,0.0,-1.6096,-1.0291,-0.588,1.9989,-0.3939,0,0,1,0.405,0.145,0.855,0,0,0.0,5,ACQUISITION_ASSIST,-1.238,-0.8508,3.6256,2.3181
177,6.081,3.9994,-1.2827,6.0481,-1.1729,-0.8057,-0.4218,6.028,4.275,7.244,0.3973,-3.5847,0.2,0.0,0.0,0.0,-1.609,-1.0282,-0.54,1.9843,-0.4409,0,0,1,0.407,0.146,0.854,0,0,0.0,5,ACQUISITION_ASSIST,-1.1729,-0.8057,3.6022,2.3019
178,6.116,3.9773,-1.2979,6.0395,-1.1072,-0.7579,-0.434,6.019,4.248,7.221,0.3973,-3.5847,0.2,0.0,0.0,0.0,-1.6084,-1.0274,-0.588,1.9971,-0.4379,0,0,1,0.4,0.139,0.861,0,0,0.0,5,ACQUISITION_ASSIST,-1.1072,-0.7579,3.58,2.2868
179,6.15,3.9565,-1.3121,6.0305,-1.0417,-0.7101,-0.4466,6.011,4.223,7.199,0.3973,-3.5847,0.2,0.0,0.0,0.0,-1.6079,-1.0266,-0.636,2.0109,-0.4752,0,0,1,0.406,0.14,0.86,0,0,0.0,5,ACQUISITION_ASSIST,-1.0417,-0.7101,3.5592,2.2726
180,6.185,3.9369,-1.3253,6.0214,-0.9784,-0.6631,-0.458,6.001,4.199,7.178,0.3973,-3.5847,0.2,0.0,0.0,0.0,-1.6073,-1.0259,-0.684,2.0258,-0.4466,0,0,1,0.398,0.139,0.861,0,0,0.0,5,ACQUISITION_ASSIST,-0.9784,-0.6631,3.5396,2.2593
181,6.219,3.9186,-1.3377,6.012,-0.9167,-0.6192,-0.4684,5.992,4.177,7.157,0.3973,-3.5847,0.2,0.0,0.0,0.0,-1.6068,-1.0253,-0.732,2.0418,-0.472,0,0,1,0.401,0.139,0.861,0,0,0.0,5,ACQUISITION_ASSIST,-0.9167,-0.6192,3.5213,2.2469
182,6.253,3.9014,-1.3493,6.0025,-0.8593,-0.5767,-0.4764,5.982,4.156,7.138,0.3973,-3.5847,0.2,0.0,0.0,0.0,-1.6063,-1.0248,-0.78,2.0588,-0.4515,0,0,1,0.394,0.142,0.858,0,0,0.0,5,ACQUISITION_ASSIST,-0.8593,-0.5767,3.5041,2.2354
183,6.285,3.8853,-1.36,5.9928,-0.8044,-0.5377,-0.4818,5.973,4.137,7.118,0.3973,-3.5847,0.2,0.0,0.0,0.0,-1.6059,-1.0242,-0.828,2.0769,-0.4626,0,0,1,0.394,0.137,0.863,0,0,0.0,5,ACQUISITION_ASSIST,-0.8044,-0.5377,3.488,2.2247
184,6.316,3.8702,-1.37,5.9831,-0.7552,-0.5006,-0.4842,5.963,4.119,7.1,0.3973,-3.5847,0.2,0.0,0.0,0.0,-1.6054,-1.0238,-0.876,2.0959,-0.5036,0,0,1,0.404,0.139,0.861,0,0,0.0,5,ACQUISITION_ASSIST,-0.7552,-0.5006,3.4729,2.2146
185,6.347,3.856,-1.3794,5.9735,-0.7105,-0.4674,-0.4842,5.953,4.102,7.082,0.3973,-3.5847,0.2,0.0,0.0,0.0,-1.605,-1.0234,-0.924,2.1159,-0.4535,0,0,1,0.408,0.142,0.858,0,0,0.0,5,ACQUISITION_ASSIST,-0.7105,-0.4674,3.4587,2.2053
186,6.377,3.8425,-1.3882,5.9638,-0.6718,-0.4413,-0.4823,5.944,4.086,7.065,0.3973,-3.5847,0.2,0.0,0.0,0.0,-1.6046,-1.023,-0.972,2.1368,-0.4838,0,0,1,0.417,0.14,0.86,0,0,0.0,5,ACQUISITION_ASSIST,-0.6718,-0.4413,3.4453,2.1965
187,6.408,3.8298,-1.3966,5.9542,-0.6375,-0.4189,-0.4787,5.934,4.071,7.048,0.3973,-3.5847,0.2,0.0,0.0,0.0,-1.6042,-1.0226,-1.02,2.1586,-0.435,0,0,1,0.418,0.141,0.859,0,0,0.0,5,ACQUISITION_ASSIST,-0.6375,-0.4189,3.4325,2.1881
188,6.439,3.8176,-1.4046,5.9448,-0.6098,-0.4026,-0.4742,5.925,4.056,7.032,0.3973,-3.5847,0.2,0.0,0.0,0.0,-1.6038,-1.0223,-1.068,2.1813,-0.4718,0,0,1,0.429,0.145,0.855,0,0,0.0,5,ACQUISITION_ASSIST,-0.6098,-0.4026,3.4203,2.18
189,6.467,3.8059,-1.4124,5.9354,-0.5868,-0.3889,-0.4687,5.915,4.042,7.017,0.3973,-3.5847,0.2,0.0,0.0,0.0,-1.6035,-1.0219,-1.116,2.2048,-0.4217,0,0,1,0.43,0.144,0.856,0,0,0.0,5,ACQUISITION_ASSIST,-0.5868,-0.3889,3.4086,2.1723
190,6.496,3.7945,-1.42,5.9261,-0.5703,-0.3809,-0.4634,5.906,4.028,7.001,0.3973,-3.5847,0.2,0.0,0.0,0.0,-1.6032,-1.0215,-1.164,2.229,-0.4573,0,0,1,0.44,0.152,0.848,0,0,0.0,5,ACQUISITION_ASSIST,-0.5703,-0.3809,3.3972,2.1646
191,6.523,3.7833,-1.4275,5.917,-0.5586,-0.375,-0.4579,5.897,4.015,6.986,0.3973,-3.5847,0.2,0.0,0.0,0.0,-1.6029,-1.0211,-1.212,2.2541,-0.4094,0,0,1,0.442,0.151,0.849,0,0,0.0,5,ACQUISITION_ASSIST,-0.5586,-0.375,3.386,2.1571
192,6.551,3.7722,-1.435,5.9079,-0.5534,-0.374,-0.4532,5.888,4.001,6.971,0.3973,-3.5847,0.2,0.0,0.0,0.0,-1.6026,-1.0208,-1.26,2.2799,-0.4427,0,0,1,0.452,0.148,0.852,0,0,0.0,5,ACQUISITION_ASSIST,-0.5534,-0.374,3.3749,2.1497
193,6.576,3.7612,-1.4425,5.8989,-0.5527,-0.3746,-0.4492,5.879,3.988,6.956,0.3973,-3.5847,0.2,0.0,0.0,0.0,-1.6026,-1.0206,-1.308,2.3067,-0.4004,0,0,1,0.454,0.149,0.851,0,0,0.0,5,ACQUISITION_ASSIST,-0.5527,-0.3746,3.3639,2.1422
194,6.604,3.75,-1.4501,5.89,-0.5584,-0.3794,-0.4458,5.87,3.975,6.941,0.3973,-3.5847,0.2,0.0,0.0,0.0,-1.6027,-1.0204,-1.356,2.3343,-0.4253,0,0,1,0.464,0.151,0.849,0,0,0.0,5,ACQUISITION_ASSIST,-0.5584,-0.3794,3.3527,2.1346
195,6.632,3.7386,-1.4578,5.8811,-0.5685,-0.3851,-0.4439,5.861,3.961,6.926,0.3973,-3.5847,0.2,0.0,0.0,0.0,-1.6028,-1.0203,-1.404,2.3625,-0.4038,0,0,1,0.465,0.154,0.846,0,0,0.0,5,ACQUISITION_ASSIST,-0.5685,-0.3851,3.3413,2.1269
196,6.663,3.727,-1.4657,5.8723,-0.5801,-0.3939,-0.4427,5.852,3.947,6.91,0.3973,-3.5847,0.2,0.0,0.0,0.0,-1.6029,-1.0201,-1.452,2.3913,-0.4256,0,0,1,0.472,0.156,0.844,0,0,0.0,5,ACQUISITION_ASSIST,-0.5801,-0.3939,3.3297,2.119
197,6.694,3.7151,-1.4737,5.8634,-0.5964,-0.4039,-0.4419,5.843,3.932,6.895,0.3973,-3.5847,0.2,0.0,0.0,0.0,-1.603,-1.0199,-1.5,2.4207,-0.3955,0,0,1,0.471,0.157,0.843,0,0,0.0,5,ACQUISITION_ASSIST,-0.5964,-0.4039,3.3178,2.1109
198,6.725,3.7028,-1.4821,5.8546,-0.6143,-0.4165,-0.442,5.835,3.918,6.879,0.3973,-3.5847,0.2,0.0,0.0,0.0,-1.6032,-1.0197,-1.5,2.4207,-0.4229,0,0,1,0.475,0.162,0.838,0,0,0.0,5,ACQUISITION_ASSIST,-0.6143,-0.4165,3.3055,2.1026
199,6.756,3.6901,-1.4906,5.8457,-0.633,-0.4289,-0.4423,5.826,3.902,6.863,0.3973,-3.5847,0.2,0.0,0.0,0.0,-1.6033,-1.0196,-1.5,2.4207,-0.3885,0,0,1,0.472,0.156,0.844,0,0,0.0,5,ACQUISITION_ASSIST,-0.633,-0.4289,3.2929,2.094
200,6.789,3.6771,-1.4995,5.8369,-0.6543,-0.4431,-0.4434,5.817,3.886,6.847,0.3973,-3.5847,0.2,0.0,0.0,0.0,-1.6034,-1.0194,-1.5,2.4207,-0.4151,0,0,1,0.474,0.158,0.842,0,0,0.0,5,ACQUISITION_ASSIST,-0.6543,-0.4431,3.2798,2.0852
201,6.823,3.6635,-1.5086,5.828,-0.6765,-0.456,-0.4446,5.808,3.87,6.83,0.3973,-3.5847,0.2,0.0,0.0,0.0,-1.6035,-1.0192,-1.5,2.4207,-0.4013,0,0,1,0.471,0.155,0.845,0,0,0.0,5,ACQUISITION_ASSIST,-0.6765,-0.456,3.2663,2.076
202,6.857,3.6496,-1.518,5.819,-0.6973,-0.4695,-0.4463,5.799,3.853,6.813,0.3973,-3.5847,0.2,0.0,0.0,0.0,-1.6036,-1.019,-1.5,2.4207,-0.4232,0,0,1,0.475,0.159,0.841,0,0,0.0,5,ACQUISITION_ASSIST,-0.6973,-0.4695,3.2523,2.0666
203,6.89,3.6352,-1.5277,5.8101,-0.7198,-0.4821,-0.4476,5.79,3.836,6.796,0.3973,-3.5847,0.2,0.0,0.0,0.0,-1.6037,-1.0188,-1.5,2.4207,-0.3947,0,0,1,0.472,0.158,0.842,0,0,0.0,5,ACQUISITION_ASSIST,-0.7198,-0.4821,3.2379,2.057
204,6.924,3.6204,-1.5376,5.8011,-0.7407,-0.4956,-0.4488,5.781,3.818,6.779,0.3973,-3.5847,0.2,0.0,0.0,0.0,-1.6039,-1.0187,-1.5,2.4207,-0.4062,0,0,1,0.471,0.156,0.844,0,0,0.0,5,ACQUISITION_ASSIST,-0.7407,-0.4956,3.2231,2.0471
205,6.955,3.6052,-1.5477,5.7921,-0.7604,-0.5075,-0.4494,5.772,3.8,6.761,0.3973,-3.5847,0.2,0.0,0.0,0.0,-1.604,-1.0185,-1.5,2.4207,-0.3747,0,0,1,0.465,0.151,0.849,0,0,0.0,5,ACQUISITION_ASSIST,-0.7604,-0.5075,3.2079,2.0369
206,6.988,3.5896,-1.5581,5.7831,-0.7792,-0.5187,-0.4497,5.763,3.781,6.743,0.3973,-3.5847,0.2,0.0,0.0,0.0,-1.6041,-1.0183,-1.5,2.4207,-0.4083,0,0,1,0.465,0.153,0.847,0,0,0.0,5,ACQUISITION_ASSIST,-0.7792,-0.5187,3.1923,2.0266
207,7.02,3.5737,-1.5686,5.7741,-0.795,-0.5268,-0.4496,5.754,3.762,6.725,0.3973,-3.5847,0.2,0.0,0.0,0.0,-1.6042,-1.0182,-1.5,2.4207,-0.3692,0,0,1,0.457,0.148,0.852,0,0,0.0,5,ACQUISITION_ASSIST,-0.795,-0.5268,3.1764,2.016
208,7.051,3.5575,-1.5793,5.7652,-0.8095,-0.5344,-0.4493,5.745,3.743,6.707,0.3973,-3.5847,0.2,0.0,0.0,0.0,-1.6043,-1.018,-1.5,2.4207,-0.4034,0,0,1,0.456,0.148,0.852,0,0,0.0,5,ACQUISITION_ASSIST,-0.8095,-0.5344,3.1602,2.0053
209,7.081,3.5411,-1.5901,5.7562,-0.821,-0.5384,-0.4491,5.736,3.723,6.688,0.3973,-3.5847,0.2,0.0,0.0,0.0,-1.6043,-1.0179,-1.5,2.4207,-0.3911,0,0,1,0.454,0.149,0.851,0,0,0.0,5,ACQUISITION_ASSIST,-0.821,-0.5384,3.1438,1.9946
210,7.112,3.5244,-1.6009,5.7472,-0.831,-0.5416,-0.4485,5.727,3.703,6.67,0.3973,-3.5847,0.2,0.0,0.0,0.0,-1.6044,-1.0178,-1.5,2.4207,-0.415,0,0,1,0.456,0.147,0.853,0,0,0.0,5,ACQUISITION_ASSIST,-0.831,-0.5416,3.1272,1.9837
211,7.143,3.5077,-1.6118,5.7383,-0.8381,-0.543,-0.4479,5.718,3.683,6.651,0.3973,-3.5847,0.2,0.0,0.0,0.0,-1.6045,-1.0177,-1.5,2.4207,-0.3748,0,0,1,0.449,0.148,0.852,0,0,0.0,5,ACQUISITION_ASSIST,-0.8381,-0.543,3.1104,1.9729
212,7.173,3.4908,-1.6227,5.7293,-0.8442,-0.5445,-0.4472,5.709,3.663,6.633,0.3973,-3.5847,0.2,0.0,0.0,0.0,-1.6045,-1.0176,-1.5,2.4207,-0.4109,0,0,1,0.45,0.15,0.85,0,0,0.0,5,ACQUISITION_ASSIST,-0.8442,-0.5445,3.0935,1.962
213,7.204,3.4739,-1.6335,5.7204,-0.8475,-0.543,-0.4469,5.7,3.643,6.614,0.3973,-3.5847,0.2,0.0,0.0,0.0,-1.6045,-1.0176,-1.5,2.4207,-0.3933,0,0,1,0.448,0.15,0.85,0,0,0.0,5,ACQUISITION_ASSIST,-0.8475,-0.543,3.0766,1.9511
214,7.234,3.4569,-1.6443,5.7114,-0.8497,-0.5411,-0.4463,5.691,3.623,6.596,0.3973,-3.5847,0.2,0.0,0.0,0.0,-1.6045,-1.0176,-1.5,2.4207,-0.43,0,0,1,0.454,0.152,0.848,0,0,0.0,5,ACQUISITION_ASSIST,-0.8497,-0.5411,3.0596,1.9403
215,7.265,3.4399,-1.6551,5.7025,-0.8497,-0.5377,-0.4459,5.683,3.603,6.577,0.3973,-3.5847,0.2,0.0,0.0,0.0,-1.6045,-1.0176,-1.5,2.4207,-0.3884,0,0,1,0.45,0.155,0.845,0,0,0.0,5,ACQUISITION_ASSIST,-0.8497,-0.5377,3.0426,1.9296
216,7.295,3.4229,-1.6658,5.6936,-0.8493,-0.5356,-0.4456,5.674,3.583,6.559,0.3973,-3.5847,0.2,0.0,0.0,0.0,-1.6045,-1.0176,-1.5,2.4207,-0.4253,0,0,1,0.455,0.154,0.846,0,0,0.0,5,ACQUISITION_ASSIST,-0.8493,-0.5356,3.0256,1.9188
217,7.325,3.4059,-1.6764,5.6847,-0.8467,-0.5315,-0.4455,5.665,3.563,6.54,0.3973,-3.5847,0.2,0.0,0.0,0.0,-1.6045,-1.0176,-1.5,2.4207,-0.387,0,0,1,0.45,0.155,0.845,0,0,0.0,5,ACQUISITION_ASSIST,-0.8467,-0.5315,3.0087,1.9082
218,7.356,3.3891,-1.687,5.6758,-0.8435,-0.5282,-0.4453,5.656,3.543,6.522,0.3973,-3.5847,0.2,0.0,0.0,0.0,-1.6045,-1.0177,-1.5,2.4207,-0.4243,0,0,1,0.454,0.156,0.844,0,0,0.0,5,ACQUISITION_ASSIST,-0.8435,-0.5282,2.9918,1.8977
219,7.386,3.3723,-1.6975,5.6669,-0.8388,-0.523,-0.4453,5.647,3.523,6.504,0.3973,-3.5847,0.2,0.0,0.0,0.0,-1.6044,-1.0178,-1.5,2.4207,-0.3844,0,0,1,0.449,0.153,0.847,0,0,0.0,5,ACQUISITION_ASSIST,-0.8388,-0.523,2.975,1.8872
220,7.416,3.3556,-1.7078,5.658,-0.8341,-0.5185,-0.4452,5.638,3.503,6.486,0.3973,-3.5847,0.2,0.0,0.0,0.0,-1.6044,-1.0178,-1.5,2.4207,-0.4218,0,0,1,0.452,0.154,0.846,0,0,0.0,5,ACQUISITION_ASSIST,-0.8341,-0.5185,2.9583,1.8768
221,7.447,3.3391,-1.7181,5.6491,-0.8279,-0.5119,-0.4457,5.629,3.484,6.468,0.3973,-3.5847,0.2,0.0,0.0,0.0,-1.6043,-1.0179,-1.5,2.4207,-0.4119,0,0,1,0.452,0.156,0.844,0,0,0.0,5,ACQUISITION_ASSIST,-0.8279,-0.5119,2.9418,1.8666
222,7.477,3.3226,-1.7282,5.6402,-0.8215,-0.5059,-0.4458,5.62,3.465,6.45,0.3973,-3.5847,0.2,0.0,0.0,0.0,-1.6042,-1.0181,-1.5,2.4207,-0.44,0,0,1,0.462,0.156,0.844,0,0,0.0,5,ACQUISITION_ASSIST,-0.8215,-0.5059,2.9254,1.8565
223,7.507,3.3063,-1.7382,5.6312,-0.8156,-0.5,-0.4457,5.611,3.446,6.432,0.3973,-3.5847,0.2,0.0,0.0,0.0,-1.6041,-1.0182,-1.5,2.4207,-0.4179,0,0,1,0.463,0.156,0.844,0,0,0.0,5,ACQUISITION_ASSIST,-0.8156,-0.5,2.909,1.8465
224,7.538,3.2901,-1.7481,5.6223,-0.8084,-0.4963,-0.4464,5.602,3.427,6.414,0.3973,-3.5847,0.2,0.0,0.0,0.0,-1.6041,-1.0183,-1.5,2.4207,-0.4219,0,0,1,0.468,0.156,0.844,0,0,0.0,5,ACQUISITION_ASSIST,-0.8084,-0.4963,2.8929,1.8365
225,7.565,3.2741,-1.758,5.6134,-0.8027,-0.4932,-0.4461,5.593,3.408,6.397,0.3973,-3.5847,0.2,0.0,0.0,0.0,-1.604,-1.0185,-1.5,2.4207,-0.3973,0,0,1,0.465,0.153,0.847,0,0,0.0,5,ACQUISITION_ASSIST,-0.8027,-0.4932,2.8768,1.8267
226,7.593,3.2582,-1.7678,5.6045,-0.7959,-0.4912,-0.4459,5.584,3.389,6.379,0.3973,-3.5847,0.2,0.0,0.0,0.0,-1.6039,-1.0186,-1.5,2.4207,-0.4202,0,0,1,0.471,0.156,0.844,0,0,0.0,5,ACQUISITION_ASSIST,-0.7959,-0.4912,2.8609,1.8169
227,7.62,3.2424,-1.7776,5.5956,-0.7909,-0.4886,-0.4463,5.576,3.37,6.362,0.3973,-3.5847,0.2,0.0,0.0,0.0,-1.6038,-1.0187,-1.5,2.4207,-0.3972,0,0,1,0.469,0.157,0.843,0,0,0.0,5,ACQUISITION_ASSIST,-0.7909,-0.4886,2.8451,1.8071
228,7.648,3.2267,-1.7873,5.5866,-0.7845,-0.4872,-0.4462,5.567,3.352,6.344,0.3973,-3.5847,0.2,0.0,0.0,0.0,-1.6038,-1.0188,-1.5,2.4207,-0.4245,0,0,1,0.476,0.162,0.838,0,0,0.0,5,ACQUISITION_ASSIST,-0.7845,-0.4872,2.8294,1.7973
229,7.675,3.2111,-1.797,5.5777,-0.7795,-0.4854,-0.446,5.558,3.334,6.327,0.3973,-3.5847,0.2,0.0,0.0,0.0,-1.6037,-1.0189,-1.5,2.4207,-0.4018,0,0,1,0.475,0.162,0.838,0,0,0.0,5,ACQUISITION_ASSIST,-0.7795,-0.4854,2.8138,1.7876
230,7.703,3.1956,-1.8067,5.5688,-0.7735,-0.4853,-0.4458,5.549,3.315,6.31,0.3973,-3.5847,0.2,0.0,0.0,0.0,-1.6037,-1.0189,-1.5,2.4207,-0.4275,0,0,1,0.483,0.163,0.837,0,0,0.0,5,ACQUISITION_ASSIST,-0.7735,-0.4853,2.7983,1.7779
231,7.73,3.1802,-1.8164,5.5599,-0.7694,-0.4851,-0.4457,5.54,3.297,6.293,0.3973,-3.5847,0.2,0.0,0.0,0.0,-1.6037,-1.0189,-1.5,2.4207,-0.4052,0,0,1,0.483,0.163,0.837,0,0,0.0,5,ACQUISITION_ASSIST,-0.7694,-0.4851,2.7829,1.7682
232,7.758,3.1649,-1.8262,5.551,-0.764,-0.4868,-0.4459,5.531,3.279,6.276,0.3973,-3.5847,0.2,0.0,0.0,0.0,-1.6037,-1.0189,-1.5,2.4207,-0.4039,0,0,1,0.484,0.164,0.836,0,0,0.0,5,ACQUISITION_ASSIST,-0.764,-0.4868,2.7677,1.7585
233,7.785,3.1497,-1.8359,5.542,-0.7601,-0.4888,-0.4466,5.522,3.261,6.259,0.3973,-3.5847,0.2,0.0,0.0,0.0,-1.6037,-1.0189,-1.5,2.4207,-0.4026,0,0,1,0.482,0.164,0.836,0,0,0.0,5,ACQUISITION_ASSIST,-0.7601,-0.4888,2.7525,1.7487
234,7.815,3.1346,-1.8458,5.5331,-0.756,-0.4906,-0.4468,5.513,3.243,6.242,0.3973,-3.5847,0.2,0.0,0.0,0.0,-1.6038,-1.0188,-1.5,2.4207,-0.4264,0,0,1,0.487,0.164,0.836,0,0,0.0,5,ACQUISITION_ASSIST,-0.756,-0.4906,2.7373,1.7389
235,7.845,3.1195,-1.8556,5.5242,-0.7541,-0.4921,-0.4463,5.504,3.225,6.225,0.3973,-3.5847,0.2,0.0,0.0,0.0,-1.6038,-1.0187,-1.5,2.4207,-0.4052,0,0,1,0.486,0.166,0.834,0,0,0.0,5,ACQUISITION_ASSIST,-0.7541,-0.4921,2.7223,1.7291
236,7.875,3.1045,-1.8655,5.5152,-0.7515,-0.495,-0.446,5.495,3.207,6.208,0.3973,-3.5847,0.2,0.0,0.0,0.0,-1.6039,-1.0185,-1.5,2.4207,-0.4183,0,0,1,0.489,0.166,0.834,0,0,0.0,5,ACQUISITION_ASSIST,-0.7515,-0.495,2.7072,1.7192
237,7.905,3.0895,-1.8755,5.5063,-0.751,-0.4978,-0.4458,5.486,3.189,6.191,0.3973,-3.5847,0.2,0.0,0.0,0.0,-1.604,-1.0184,-1.5,2.4207,-0.3975,0,0,1,0.486,0.163,0.837,0,0,0.0,5,ACQUISITION_ASSIST,-0.751,-0.4978,2.6922,1.7092
238,7.935,3.0745,-1.8855,5.4974,-0.7498,-0.5012,-0.4456,5.477,3.171,6.174,0.3973,-3.5847,0.2,0.0,0.0,0.0,-1.6042,-1.0181,-1.5,2.4207,-0.4223,0,0,1,0.49,0.168,0.832,0,0,0.0,5,ACQUISITION_ASSIST,-0.7498,-0.5012,2.6772,1.6992
239,7.965,3.0595,-1.8956,5.4885,-0.7507,-0.5037,-0.4455,5.469,3.153,6.157,0.3973,-3.5847,0.2,0.0,0.0,0.0,-1.6043,-1.0179,-1.5,2.4207,-0.4021,0,0,1,0.488,0.164,0.836,0,0,0.0,5,ACQUISITION_ASSIST,-0.7507,-0.5037,2.6622,1.6891
240,7.995,3.0445,-1.9057,5.4796,-0.7505,-0.5071,-0.4454,5.46,3.135,6.14,0.3973,-3.5847,0.2,0.0,0.0,0.0,-1.6045,-1.0176,-1.5,2.4207,-0.4213,0,0,1,0.492,0.169,0.831,0,0,0.0,5,ACQUISITION_ASSIST,-0.7505,-0.5071,2.6472,1.679
241,8.026,3.0294,-1.9159,5.4707,-0.7521,-0.51,-0.4454,5.451,3.117,6.123,0.3973,-3.5847,0.2,0.0,0.0,0.0,-1.6047,-1.0174,-1.5,2.4207,-0.4014,0,0,1,0.489,0.164,0.836,0,0,0.0,5,ACQUISITION_ASSIST,-0.7521,-0.51,2.6321,1.6688
242,8.056,3.0144,-1.9262,5.4618,-0.7524,-0.5135,-0.4454,5.442,3.098,6.106,0.3973,-3.5847,0.2,0.0,0.0,0.0,-1.6049,-1.017,-1.5,2.4207,-0.4218,0,0,1,0.493,0.169,0.831,0,0,0.0,5,ACQUISITION_ASSIST,-0.7524,-0.5135,2.6171,1.6585
243,8.086,2.9993,-1.9365,5.4529,-0.7544,-0.5162,-0.4454,5.433,3.08,6.089,0.3973,-3.5847,0.2,0.0,0.0,0.0,-1.6051,-1.0167,-1.5,2.4207,-0.4023,0,0,1,0.49,0.164,0.836,0,0,0.0,5,ACQUISITION_ASSIST,-0.7544,-0.5162,2.602,1.6482
244,8.116,2.9842,-1.9469,5.444,-0.7549,-0.5196,-0.4454,5.424,3.062,6.072,0.3973,-3.5847,0.2,0.0,0.0,0.0,-1.6053,-1.0163,-1.5,2.4207,-0.4191,0,0,1,0.493,0.169,0.831,0,0,0.0,5,ACQUISITION_ASSIST,-0.7549,-0.5196,2.5869,1.6378
245,8.146,2.9691,-1.9573,5.4351,-0.7568,-0.522,-0.4454,5.415,3.043,6.055,0.3973,-3.5847,0.2,0.0,0.0,0.0,-1.6056,-1.0159,-1.5,2.4207,-0.3999,0,0,1,0.489,0.165,0.835,0,0,0.0,5,ACQUISITION_ASSIST,-0.7568,-0.522,2.5718,1.6273
246,8.176,2.9539,-1.9678,5.4261,-0.7571,-0.5248,-0.4454,5.406,3.025,6.038,0.3973,-3.5847,0.2,0.0,0.0,0.0,-1.6058,-1.0155,-1.5,2.4207,-0.4255,0,0,1,0.493,0.17,0.83,0,0,0.0,5,ACQUISITION_ASSIST,-0.7571,-0.5248,2.5566,1.6168
247,8.207,2.9387,-1.9783,5.4172,-0.7586,-0.5263,-0.4454,5.397,3.007,6.022,0.3973,-3.5847,0.2,0.0,0.0,0.0,-1.6061,-1.0151,-1.5,2.4207,-0.4066,0,0,1,0.49,0.163,0.837,0,0,0.0,5,ACQUISITION_ASSIST,-0.7586,-0.5263,2.5415,1.6063
248,8.237,2.9236,-1.9889,5.4083,-0.7587,-0.5284,-0.4461,5.388,2.988,6.005,0.3973,-3.5847,0.2,0.0,0.0,0.0,-1.6064,-1.0147,-1.5,2.4207,-0.4181,0,0,1,0.492,0.168,0.832,0,0,0.0,5,ACQUISITION_ASSIST,-0.7587,-0.5284,2.5263,1.5957
249,8.267,2.9084,-1.9995,5.3994,-0.7602,-0.5296,-0.4458,5.379,2.97,5.988,0.3973,-3.5847,0.2,0.0,0.0,0.0,-1.6067,-1.0142,-1.5,2.4207,-0.396,0,0,1,0.488,0.162,0.838,0,0,0.0,5,ACQUISITION_ASSIST,-0.7602,-0.5296,2.5111,1.5852
250,8.297,2.8932,-2.0101,5.3905,-0.7602,-0.5309,-0.4456,5.37,2.951,5.971,0.3973,-3.5847,0.2,0.0,0.0,0.0,-1.607,-1.0138,-1.5,2.4207,-0.4182,0,0,1,0.491,0.166,0.834,0,0,0.0,5,ACQUISITION_ASSIST,-0.7602,-0.5309,2.4959,1.5745
251,8.324,2.8779,-2.0207,5.3816,-0.7616,-0.5307,-0.4455,5.362,2.932,5.954,0.3973,-3.5847,0.2,0.0,0.0,0.0,-1.6072,-1.0133,-1.5,2.4207,-0.3959,0,0,1,0.487,0.162,0.838,0,0,0.0,5,ACQUISITION_ASSIST,-0.7616,-0.5307,2.4806,1.5639
252,8.352,2.8627,-2.0314,5.3727,-0.7614,-0.5309,-0.4454,5.353,2.914,5.937,0.3973,-3.5847,0.2,0.0,0.0,0.0,-1.6075,-1.0128,-1.5,2.4207,-0.4193,0,0,1,0.492,0.166,0.834,0,0,0.0,5,ACQUISITION_ASSIST,-0.7614,-0.5309,2.4654,1.5533
253,8.376,2.8474,-2.042,5.3638,-0.7624,-0.53,-0.4453,5.344,2.895,5.92,0.3973,-3.5847,0.2,0.0,0.0,0.0,-1.6078,-1.0123,-1.5,2.4207,-0.3967,0,0,1,0.489,0.16,0.84,0,0,0.0,5,ACQUISITION_ASSIST,-0.7624,-0.53,2.4502,1.5427
254,8.403,2.8322,-2.0526,5.3549,-0.762,-0.5298,-0.4453,5.335,2.877,5.903,0.3973,-3.5847,0.2,0.0,0.0,0.0,-1.6081,-1.0119,-1.5,2.4207,-0.4146,0,0,1,0.493,0.164,0.836,0,0,0.0,5,ACQUISITION_ASSIST,-0.762,-0.5298,2.4349,1.5321
255,8.428,2.817,-2.0631,5.3459,-0.7629,-0.5287,-0.4458,5.326,2.858,5.886,0.3973,-3.5847,0.2,0.0,0.0,0.0,-1.6084,-1.0114,-1.5,2.4207,-0.3931,0,0,1,0.49,0.161,0.839,0,0,0.0,5,ACQUISITION_ASSIST,-0.7629,-0.5287,2.4197,1.5215
256,8.456,2.8017,-2.0737,5.337,-0.7622,-0.5283,-0.4456,5.317,2.84,5.87,0.3973,-3.5847,0.2,0.0,0.0,0.0,-1.6087,-1.0109,-1.5,2.4207,-0.4201,0,0,1,0.495,0.165,0.835,0,0,0.0,5,ACQUISITION_ASSIST,-0.7622,-0.5283,2.4044,1.511
257,8.481,2.7865,-2.0842,5.3281,-0.7628,-0.5269,-0.4455,5.308,2.821,5.853,0.3973,-3.5847,0.2,0.0,0.0,0.0,-1.609,-1.0105,-1.5,2.4207,-0.3997,0,0,1,0.492,0.163,0.837,0,0,0.0,5,ACQUISITION_ASSIST,-0.7628,-0.5269,2.3892,1.5004
258,8.508,2.7712,-2.0948,5.3192,-0.762,-0.5264,-0.4454,5.299,2.803,5.836,0.3973,-3.5847,0.2,0.0,0.0,0.0,-1.6093,-1.01,-1.5,2.4207,-0.4177,0,0,1,0.496,0.167,0.833,0,0,0.0,5,ACQUISITION_ASSIST,-0.762,-0.5264,2.3739,1.4899
259,8.536,2.756,-2.1053,5.3103,-0.7627,-0.5253,-0.4454,5.29,2.784,5.82,0.3973,-3.5847,0.2,0.0,0.0,0.0,-1.6096,-1.0096,-1.5,2.4207,-0.3976,0,0,1,0.493,0.165,0.835,0,0,0.0,5,ACQUISITION_ASSIST,-0.7627,-0.5253,2.3587,1.4794
260,8.563,2.7407,-2.1158,5.3014,-0.7619,-0.5247,-0.4453,5.281,2.766,5.803,0.3973,-3.5847,0.2,0.0,0.0,0.0,-1.6099,-1.0091,-1.5,2.4207,-0.4237,0,0,1,0.497,0.171,0.829,0,0,0.0,5,ACQUISITION_ASSIST,-0.7619,-0.5247,2.3434,1.4689
261,8.59,2.7255,-2.1262,5.2925,-0.7625,-0.5231,-0.4453,5.272,2.747,5.786,0.3973,-3.5847,0.2,0.0,0.0,0.0,-1.6102,-1.0086,-1.5,2.4207,-0.404,0,0,1,0.495,0.165,0.835,0,0,0.0,5,ACQUISITION_ASSIST,-0.7625,-0.5231,2.3282,1.4584
262,8.62,2.7102,-2.1367,5.2836,-0.7616,-0.5224,-0.4453,5.264,2.729,5.77,0.3973,-3.5847,0.2,0.0,0.0,0.0,-1.6104,-1.0082,-1.5,2.4207,-0.4256,0,0,1,0.499,0.17,0.83,0,0,0.0,5,ACQUISITION_ASSIST,-0.7616,-0.5224,2.313,1.448
263,8.65,2.695,-2.1471,5.2747,-0.7619,-0.521,-0.4453,5.255,2.71,5.753,0.3973,-3.5847,0.2,0.0,0.0,0.0,-1.6107,-1.0078,-1.5,2.4207,-0.4062,0,0,1,0.497,0.169,0.831,0,0,0.0,5,ACQUISITION_ASSIST,-0.7619,-0.521,2.2977,1.4376
264,8.68,2.6798,-2.1575,5.2658,-0.7609,-0.5204,-0.4456,5.246,2.692,5.737,0.3973,-3.5847,0.2,0.0,0.0,0.0,-1.611,-1.0073,-1.5,2.4207,-0.4293,0,0,1,0.502,0.17,0.83,0,0,0.0,5,ACQUISITION_ASSIST,-0.7609,-0.5204,2.2825,1.4272
265,8.707,2.6646,-2.1679,5.2569,-0.7613,-0.5191,-0.4455,5.237,2.674,5.72,0.3973,-3.5847,0.2,0.0,0.0,0.0,-1.6113,-1.0069,-1.5,2.4207,-0.4087,0,0,1,0.501,0.168,0.832,0,0,0.0,5,ACQUISITION_ASSIST,-0.7613,-0.5191,2.2673,1.4168
266,8.737,2.6494,-2.1783,5.2479,-0.7601,-0.5189,-0.4456,5.228,2.655,5.704,0.3973,-3.5847,0.2,0.0,0.0,0.0,-1.6116,-1.0064,-1.5,2.4207,-0.4198,0,0,1,0.503,0.167,0.833,0,0,0.0,5,ACQUISITION_ASSIST,-0.7601,-0.5189,2.2521,1.4064
267,8.764,2.6342,-2.1886,5.239,-0.76,-0.5181,-0.4455,5.219,2.637,5.687,0.3973,-3.5847,0.2,0.0,0.0,0.0,-1.6118,-1.006,-1.5,2.4207,-0.3992,0,0,1,0.498,0.169,0.831,0,0,0.0,5,ACQUISITION_ASSIST,-0.76,-0.5181,2.2369,1.396
268,8.794,2.619,-2.199,5.2301,-0.7594,-0.5175,-0.4453,5.21,2.618,5.671,0.3973,-3.5847,0.2,0.0,0.0,0.0,-1.6121,-1.0055,-1.5,2.4207,-0.423,0,0,1,0.501,0.169,0.831,0,0,0.0,5,ACQUISITION_ASSIST,-0.7594,-0.5175,2.2217,1.3857
269,8.82,2.6037,-2.2093,5.2212,-0.7611,-0.5157,-0.4452,5.201,2.6,5.654,0.3973,-3.5847,0.2,0.0,0.0,0.0,-1.6124,-1.0051,-1.5,2.4207,-0.4027,0,0,1,0.497,0.167,0.833,0,0,0.0,5,ACQUISITION_ASSIST,-0.7611,-0.5157,2.2065,1.3754
270,8.85,2.5885,-2.2196,5.2123,-0.7618,-0.5144,-0.4452,5.192,2.582,5.638,0.3973,-3.5847,0.2,0.0,0.0,0.0,-1.6127,-1.0047,-1.5,2.4207,-0.4264,0,0,1,0.501,0.17,0.83,0,0,0.0,5,ACQUISITION_ASSIST,-0.7618,-0.5144,2.1912,1.3651
271,8.877,2.5732,-2.2298,5.2034,-0.7645,-0.512,-0.4452,5.183,2.563,5.622,0.3973,-3.5847,0.2,0.0,0.0,0.0,-1.6129,-1.0043,-1.5,2.4207,-0.4065,0,0,1,0.498,0.169,0.831,0,0,0.0,5,ACQUISITION_ASSIST,-0.7645,-0.512,2.1759,1.3548
272,8.907,2.5579,-2.24,5.1945,-0.7659,-0.5103,-0.4451,5.175,2.545,5.605,0.3973,-3.5847,0.2,0.0,0.0,0.0,-1.6131,-1.0039,-1.5,2.4207,-0.4301,0,0,1,0.503,0.172,0.828,0,0,0.0,5,ACQUISITION_ASSIST,-0.7659,-0.5103,2.1606,1.3446
273,8.934,2.5425,-2.2502,5.1856,-0.7689,-0.5079,-0.4452,5.166,2.526,5.589,0.3973,-3.5847,0.2,0.0,0.0,0.0,-1.6133,-1.0036,-1.5,2.4207,-0.4105,0,0,1,0.501,0.169,0.831,0,0,0.0,5,ACQUISITION_ASSIST,-0.7689,-0.5079,2.1452,1.3345
274,8.964,2.5271,-2.2603,5.1767,-0.7703,-0.5064,-0.4456,5.157,2.508,5.573,0.3973,-3.5847,0.2,0.0,0.0,0.0,-1.6135,-1.0033,-1.5,2.4207,-0.4318,0,0,1,0.507,0.177,0.823,0,0,0.0,5,ACQUISITION_ASSIST,-0.7703,-0.5064,2.1298,1.3244
275,8.991,2.5117,-2.2704,5.1678,-0.7731,-0.5045,-0.4455,5.148,2.49,5.557,0.3973,-3.5847,0.2,0.0,0.0,0.0,-1.6137,-1.003,-1.5,2.4207,-0.4103,0,0,1,0.506,0.174,0.826,0,0,0.0,5,ACQUISITION_ASSIST,-0.7731,-0.5045,2.1144,1.3143
276,9.019,2.4962,-2.2805,5.1589,-0.7739,-0.5037,-0.4454,5.139,2.471,5.54,0.3973,-3.5847,0.2,0.0,0.0,0.0,-1.6138,-1.0028,-1.5,2.4207,-0.4263,0,0,1,0.511,0.177,0.823,0,0,0.0,5,ACQUISITION_ASSIST,-0.7739,-0.5037,2.0989,1.3042
277,9.044,2.4807,-2.2905,5.15,-0.7758,-0.5026,-0.4454,5.13,2.453,5.524,0.3973,-3.5847,0.2,0.0,0.0,0.0,-1.614,-1.0026,-1.5,2.4207,-0.4045,0,0,1,0.51,0.173,0.827,0,0,0.0,5,ACQUISITION_ASSIST,-0.7758,-0.5026,2.0834,1.2941
278,9.068,2.4651,-2.3006,5.1411,-0.7757,-0.5024,-0.4454,5.121,2.434,5.508,0.3973,-3.5847,0.2,0.0,0.0,0.0,-1.6141,-1.0023,-1.5,2.4207,-0.4303,0,0,1,0.516,0.176,0.824,0,0,0.0,5,ACQUISITION_ASSIST,-0.7757,-0.5024,2.0679,1.2841
279,9.093,2.4496,-2.3106,5.1322,-0.7764,-0.5016,-0.4453,5.112,2.416,5.492,0.3973,-3.5847,0.2,0.0,0.0,0.0,-1.6142,-1.0021,-1.5,2.4207,-0.4081,0,0,1,0.515,0.178,0.822,0,0,0.0,5,ACQUISITION_ASSIST,-0.7764,-0.5016,2.0523,1.2741
280,9.117,2.4341,-2.3206,5.1233,-0.776,-0.5023,-0.4454,5.103,2.397,5.476,0.3973,-3.5847,0.2,0.0,0.0,0.0,-1.6144,-1.0019,-1.5,2.4207,-0.4148,0,0,1,0.518,0.18,0.82,0,0,0.0,5,ACQUISITION_ASSIST,-0.776,-0.5023,2.0368,1.264
281,9.142,2.4186,-2.3307,5.1143,-0.7772,-0.5028,-0.4454,5.094,2.379,5.46,0.3973,-3.5847,0.2,0.0,0.0,0.0,-1.6145,-1.0016,-1.5,2.4207,-0.3925,0,0,1,0.514,0.175,0.825,0,0,0.0,5,ACQUISITION_ASSIST,-0.7772,-0.5028,2.0213,1.254
282,9.166,2.403,-2.3408,5.1054,-0.7773,-0.5038,-0.4453,5.085,2.36,5.444,0.3973,-3.5847,0.2,0.0,0.0,0.0,-1.6147,-1.0014,-1.5,2.4207,-0.4161,0,0,1,0.517,0.178,0.822,0,0,0.0,5,ACQUISITION_ASSIST,-0.7773,-0.5038,2.0057,1.2439
283,9.191,2.3874,-2.3508,5.0965,-0.7793,-0.5035,-0.4453,5.077,2.342,5.428,0.3973,-3.5847,0.2,0.0,0.0,0.0,-1.6148,-1.0011,-1.5,2.4207,-0.3939,0,0,1,0.515,0.177,0.823,0,0,0.0,5,ACQUISITION_ASSIST,-0.7793,-0.5035,1.9901,1.2338
284,9.215,2.3718,-2.3609,5.0876,-0.7798,-0.5038,-0.4452,5.068,2.323,5.412,0.3973,-3.5847,0.2,0.0,0.0,0.0,-1.615,-1.0009,-1.5,2.4207,-0.4177,0,0,1,0.519,0.181,0.819,0,0,0.0,5,ACQUISITION_ASSIST,-0.7798,-0.5038,1.9745,1.2237
285,9.24,2.3562,-2.371,5.0787,-0.7818,-0.5032,-0.4452,5.059,2.304,5.396,0.3973,-3.5847,0.2,0.0,0.0,0.0,-1.6151,-1.0007,-1.5,2.4207,-0.3955,0,0,1,0.517,0.174,0.826,0,0,0.0,5,ACQUISITION_ASSIST,-0.7818,-0.5032,1.9589,1.2137
286,9.264,2.3405,-2.3811,5.0698,-0.7821,-0.5034,-0.4452,5.05,2.286,5.38,0.3973,-3.5847,0.2,0.0,0.0,0.0,-1.6153,-1.0005,-1.5,2.4207,-0.4197,0,0,1,0.523,0.181,0.819,0,0,0.0,5,ACQUISITION_ASSIST,-0.7821,-0.5034,1.9433,1.2036
287,9.288,2.3249,-2.3911,5.0609,-0.7836,-0.5029,-0.4452,5.041,2.267,5.364,0.3973,-3.5847,0.2,0.0,0.0,0.0,-1.6154,-1.0002,-1.5,2.4207,-0.3974,0,0,1,0.522,0.182,0.818,0,0,0.0,5,ACQUISITION_ASSIST,-0.7836,-0.5029,1.9276,1.1935
288,9.313,2.3092,-2.4012,5.052,-0.7829,-0.5036,-0.4455,5.032,2.249,5.348,0.3973,-3.5847,0.2,0.0,0.0,0.0,-1.6155,-1.0,-1.5,2.4207,-0.4107,0,0,1,0.525,0.181,0.819,0,0,0.0,5,ACQUISITION_ASSIST,-0.7829,-0.5036,1.9119,1.1835
289,9.337,2.2936,-2.4113,5.0431,-0.7831,-0.5039,-0.4461,5.023,2.23,5.332,0.3973,-3.5847,0.2,0.0,0.0,0.0,-1.6157,-0.9998,-1.5,2.4207,-0.3908,0,0,1,0.521,0.178,0.822,0,0,0.0,5,ACQUISITION_ASSIST,-0.7831,-0.5039,1.8963,1.1734
290,9.362,2.2779,-2.4214,5.0342,-0.7821,-0.5047,-0.4457,5.014,2.211,5.316,0.3973,-3.5847,0.2,0.0,0.0,0.0,-1.6158,-0.9995,-1.5,2.4207,-0.4197,0,0,1,0.525,0.184,0.816,0,0,0.0,5,ACQUISITION_ASSIST,-0.7821,-0.5047,1.8806,1.1633
291,9.386,2.2623,-2.4314,5.0253,-0.7828,-0.5042,-0.4456,5.005,2.193,5.3,0.3973,-3.5847,0.2,0.0,0.0,0.0,-1.616,-0.9993,-1.5,2.4207,-0.4023,0,0,1,0.522,0.178,0.822,0,0,0.0,5,ACQUISITION_ASSIST,-0.7828,-0.5042,1.865,1.1532
292,9.411,2.2466,-2.4415,5.0163,-0.7821,-0.5043,-0.4461,4.996,2.174,5.284,0.3973,-3.5847,0.2,0.0,0.0,0.0,-1.6162,-0.999,-1.5,2.4207,-0.4241,0,0,1,0.526,0.185,0.815,0,0,0.0,5,ACQUISITION_ASSIST,-0.7821,-0.5043,1.8493,1.1431
293,9.435,2.231,-2.4516,5.0074,-0.7828,-0.5036,-0.4458,4.987,2.156,5.269,0.3973,-3.5847,0.2,0.0,0.0,0.0,-1.6163,-0.9988,-1.5,2.4207,-0.4025,0,0,1,0.523,0.181,0.819,0,0,0.0,5,ACQUISITION_ASSIST,-0.7828,-0.5036,1.8337,1.1331
294,9.46,2.2153,-2.4617,4.9985,-0.782,-0.5035,-0.4456,4.979,2.137,5.253,0.3973,-3.5847,0.2,0.0,0.0,0.0,-1.6165,-0.9985,-1.5,2.4207,-0.4258,0,0,1,0.529,0.189,0.811,0,0,0.0,5,ACQUISITION_ASSIST,-0.782,-0.5035,1.818,1.123
295,9.484,2.1997,-2.4717,4.9896,-0.7824,-0.5027,-0.4455,4.97,2.118,5.237,0.3973,-3.5847,0.2,0.0,0.0,0.0,-1.6166,-0.9982,-1.5,2.4207,-0.4041,0,0,1,0.527,0.187,0.813,0,0,0.0,5,ACQUISITION_ASSIST,-0.7824,-0.5027,1.8024,1.1129
296,9.509,2.1841,-2.4818,4.9807,-0.7809,-0.5028,-0.4455,4.961,2.1,5.221,0.3973,-3.5847,0.2,0.0,0.0,0.0,-1.6168,-0.998,-1.5,2.4207,-0.4264,0,0,1,0.532,0.196,0.804,0,0,0.0,5,ACQUISITION_ASSIST,-0.7809,-0.5028,1.7868,1.1029
297,9.533,2.1684,-2.4918,4.9718,-0.7804,-0.5024,-0.4454,4.952,2.081,5.206,0.3973,-3.5847,0.2,0.0,0.0,0.0,-1.617,-0.9977,-1.5,2.4207,-0.4045,0,0,1,0.53,0.191,0.809,0,0,0.0,5,ACQUISITION_ASSIST,-0.7804,-0.5024,1.7712,1.0928
298,9.557,2.1529,-2.5019,4.9629,-0.7787,-0.5031,-0.4454,4.943,2.063,5.19,0.3973,-3.5847,0.2,0.0,0.0,0.0,-1.6172,-0.9974,-1.5,2.4207,-0.4237,0,0,1,0.535,0.2,0.8,0,0,0.0,5,ACQUISITION_ASSIST,-0.7787,-0.5031,1.7556,1.0828
299,9.581,2.1373,-2.512,4.954,-0.7787,-0.5034,-0.4454,4.934,2.044,5.175,0.3973,-3.5847,0.2,0.0,0.0,0.0,-1.6174,-0.9971,-1.5,2.4207,-0.4019,0,0,1,0.533,0.192,0.808,0,0,0.0,5,ACQUISITION_ASSIST,-0.7787,-0.5034,1.74,1.0727
300,9.606,2.1218,-2.522,4.9451,-0.7772,-0.5047,-0.4454,4.925,2.026,5.159,0.3973,-3.5847,0.2,0.0,0.0,0.0,-1.6176,-0.9967,-1.5,2.4207,-0.4207,0,0,1,0.537,0.2,0.8,0,0,0.0,5,ACQUISITION_ASSIST,-0.7772,-0.5047,1.7245,1.0626
301,9.63,2.1062,-2.5322,4.9361,-0.7772,-0.5054,-0.4454,4.916,2.007,5.144,0.3973,-3.5847,0.2,0.0,0.0,0.0,-1.6178,-0.9964,-1.5,2.4207,-0.3989,0,0,1,0.535,0.193,0.807,0,0,0.0,5,ACQUISITION_ASSIST,-0.7772,-0.5054,1.7089,1.0525
302,9.655,2.0907,-2.5423,4.9272,-0.7756,-0.5069,-0.4454,4.907,1.989,5.128,0.3973,-3.5847,0.2,0.0,0.0,0.0,-1.618,-0.996,-1.5,2.4207,-0.421,0,0,1,0.54,0.197,0.803,0,0,0.0,5,ACQUISITION_ASSIST,-0.7756,-0.5069,1.6934,1.0424
303,9.679,2.0752,-2.5524,4.9183,-0.7753,-0.5077,-0.4454,4.898,1.97,5.113,0.3973,-3.5847,0.2,0.0,0.0,0.0,-1.6183,-0.9955,-1.5,2.4207,-0.3993,0,0,1,0.538,0.199,0.801,0,0,0.0,5,ACQUISITION_ASSIST,-0.7753,-0.5077,1.6779,1.0322
304,9.703,2.0597,-2.5626,4.9094,-0.7732,-0.5093,-0.4456,4.889,1.951,5.098,0.3973,-3.5847,0.2,0.0,0.0,0.0,-1.6186,-0.9951,-1.5,2.4207,-0.4145,0,0,1,0.54,0.197,0.803,0,0,0.0,5,ACQUISITION_ASSIST,-0.7732,-0.5093,1.6624,1.022
305,9.728,2.0443,-2.5728,4.9005,-0.7723,-0.5102,-0.4455,4.881,1.933,5.082,0.3973,-3.5847,0.2,0.0,0.0,0.0,-1.6189,-0.9946,-1.5,2.4207,-0.3927,0,0,1,0.536,0.197,0.803,0,0,0.0,5,ACQUISITION_ASSIST,-0.7723,-0.5102,1.647,1.0118
306,9.752,2.0289,-2.5831,4.8916,-0.7706,-0.5114,-0.4454,4.872,1.914,5.067,0.3973,-3.5847,0.2,0.0,0.0,0.0,-1.6192,-0.994,-1.5,2.4207,-0.4176,0,0,1,0.539,0.196,0.804,0,0,0.0,5,ACQUISITION_ASSIST,-0.7706,-0.5114,1.6316,1.0016
307,9.777,2.0134,-2.5933,4.8827,-0.7712,-0.5114,-0.4454,4.863,1.896,5.052,0.3973,-3.5847,0.2,0.0,0.0,0.0,-1.6196,-0.9935,-1.5,2.4207,-0.3962,0,0,1,0.536,0.194,0.806,0,0,0.0,5,ACQUISITION_ASSIST,-0.7712,-0.5114,1.6162,0.9914
308,9.801,1.998,-2.6035,4.8738,-0.7708,-0.512,-0.4453,4.854,1.878,5.037,0.3973,-3.5847,0.2,0.0,0.0,0.0,-1.6199,-0.9929,-1.5,2.4207,-0.4211,0,0,1,0.54,0.196,0.804,0,0,0.0,5,ACQUISITION_ASSIST,-0.7708,-0.512,1.6008,0.9811
309,9.826,1.9826,-2.6138,4.8649,-0.7722,-0.5116,-0.4453,4.845,1.859,5.022,0.3973,-3.5847,0.2,0.0,0.0,0.0,-1.6203,-0.9923,-1.5,2.4207,-0.3999,0,0,1,0.538,0.201,0.799,0,0,0.0,5,ACQUISITION_ASSIST,-0.7722,-0.5116,1.5853,0.9709
310,9.85,1.9671,-2.624,4.856,-0.7723,-0.5121,-0.4452,4.836,1.84,5.007,0.3973,-3.5847,0.2,0.0,0.0,0.0,-1.6206,-0.9917,-1.5,2.4207,-0.4231,0,0,1,0.542,0.199,0.801,0,0,0.0,5,ACQUISITION_ASSIST,-0.7723,-0.5121,1.5699,0.9606
311,9.875,1.9517,-2.6342,4.8471,-0.7739,-0.5118,-0.4453,4.827,1.822,4.991,0.3973,-3.5847,0.2,0.0,0.0,0.0,-1.621,-0.9911,-1.5,2.4207,-0.4022,0,0,1,0.541,0.203,0.797,0,0,0.0,5,ACQUISITION_ASSIST,-0.7739,-0.5118,1.5544,0.9504
312,9.9,1.9362,-2.6445,4.8382,-0.7739,-0.5126,-0.4454,4.818,1.803,4.976,0.3973,-3.5847,0.2,0.0,0.0,0.0,-1.6214,-0.9905,-1.5,2.4207,-0.413,0,0,1,0.543,0.199,0.801,0,0,0.0,5,ACQUISITION_ASSIST,-0.7739,-0.5126,1.5389,0.9402
313,9.924,1.9207,-2.6548,4.8293,-0.7752,-0.5127,-0.4453,4.809,1.785,4.961,0.3973,-3.5847,0.2,0.0,0.0,0.0,-1.6217,-0.9899,-1.5,2.4207,-0.3922,0,0,1,0.539,0.194,0.806,0,0,0.0,5,ACQUISITION_ASSIST,-0.7752,-0.5127,1.5234,0.9299
314,9.948,1.9052,-2.665,4.8204,-0.7749,-0.5129,-0.4453,4.8,1.766,4.946,0.3973,-3.5847,0.2,0.0,0.0,0.0,-1.6221,-0.9893,-1.5,2.4207,-0.4173,0,0,1,0.542,0.197,0.803,0,0,0.0,5,ACQUISITION_ASSIST,-0.7749,-0.5129,1.5079,0.9196
315,9.973,1.8897,-2.6752,4.8115,-0.7759,-0.5116,-0.4453,4.791,1.748,4.932,0.3973,-3.5847,0.2,0.0,0.0,0.0,-1.6225,-0.9887,-1.5,2.4207,-0.3967,0,0,1,0.539,0.193,0.807,0,0,0.0,5,ACQUISITION_ASSIST,-0.7759,-0.5116,1.4924,0.9094
316,9.997,1.8742,-2.6855,4.8025,-0.775,-0.5106,-0.4452,4.783,1.729,4.917,0.3973,-3.5847,0.2,0.0,0.0,0.0,-1.6229,-0.9881,-1.5,2.4207,-0.4218,0,0,1,0.543,0.198,0.802,0,0,0.0,5,ACQUISITION_ASSIST,-0.775,-0.5106,1.4769,0.8992
317,10.022,1.8587,-2.6956,4.7936,-0.7751,-0.5085,-0.4452,4.774,1.711,4.902,0.3973,-3.5847,0.2,0.0,0.0,0.0,-1.6232,-0.9875,-1.5,2.4207,-0.4014,0,0,1,0.541,0.195,0.805,0,0,0.0,5,ACQUISITION_ASSIST,-0.7751,-0.5085,1.4614,0.889
318,10.046,1.8432,-2.7058,4.7847,-0.773,-0.5069,-0.4452,4.765,1.692,4.887,0.3973,-3.5847,0.2,0.0,0.0,0.0,-1.6236,-0.9869,-1.5,2.4207,-0.4213,0,0,1,0.544,0.198,0.802,0,0,0.0,5,ACQUISITION_ASSIST,-0.773,-0.5069,1.4459,0.8789
319,10.07,1.8278,-2.7158,4.7758,-0.7716,-0.5043,-0.4452,4.756,1.674,4.872,0.3973,-3.5847,0.2,0.0,0.0,0.0,-1.6239,-0.9863,-1.5,2.4207,-0.4008,0,0,1,0.542,0.193,0.807,0,0,0.0,5,ACQUISITION_ASSIST,-0.7716,-0.5043,1.4305,0.8688
320,10.095,1.8124,-2.7259,4.7669,-0.7678,-0.5022,-0.4451,4.747,1.655,4.858,0.3973,-3.5847,0.2,0.0,0.0,0.0,-1.6243,-0.9857,-1.5,2.4207,-0.426,0,0,1,0.546,0.201,0.799,0,0,0.0,5,ACQUISITION_ASSIST,-0.7678,-0.5022,1.4151,0.8588
321,10.119,1.7971,-2.7359,4.758,-0.7645,-0.4989,-0.4451,4.738,1.637,4.843,0.3973,-3.5847,0.2,0.0,0.0,0.0,-1.6247,-0.9851,-1.5,2.4207,-0.4056,0,0,1,0.544,0.2,0.8,0,0,0.0,5,ACQUISITION_ASSIST,-0.7645,-0.4989,1.3999,0.8488
322,10.143,1.782,-2.7458,4.7491,-0.7584,-0.4962,-0.4453,4.729,1.619,4.829,0.3973,-3.5847,0.2,0.0,0.0,0.0,-1.625,-0.9845,-1.5,2.4207,-0.4167,0,0,1,0.545,0.204,0.796,0,0,0.0,5,ACQUISITION_ASSIST,-0.7584,-0.4962,1.3847,0.8389
323,10.168,1.7669,-2.7556,4.7402,-0.7526,-0.4926,-0.4452,4.72,1.601,4.814,0.3973,-3.5847,0.2,0.0,0.0,0.0,-1.6254,-0.9839,-1.5,2.4207,-0.3961,0,0,1,0.54,0.189,0.811,0,0,0.0,5,ACQUISITION_ASSIST,-0.7526,-0.4926,1.3696,0.829
324,10.192,1.752,-2.7654,4.7313,-0.7458,-0.4886,-0.4451,4.711,1.583,4.8,0.3973,-3.5847,0.2,0.0,0.0,0.0,-1.6258,-0.9832,-1.5,2.4207,-0.4221,0,0,1,0.541,0.189,0.811,0,0,0.0,5,ACQUISITION_ASSIST,-0.7458,-0.4886,1.3547,0.8192
325,10.217,1.7372,-2.7751,4.7224,-0.7407,-0.4828,-0.445,4.702,1.565,4.786,0.3973,-3.5847,0.2,0.0,0.0,0.0,-1.6262,-0.9826,-1.5,2.4207,-0.402,0,0,1,0.536,0.184,0.816,0,0,0.0,5,ACQUISITION_ASSIST,-0.7407,-0.4828,1.3399,0.8096
326,10.242,1.7225,-2.7846,4.7135,-0.7343,-0.4769,-0.4449,4.694,1.548,4.772,0.3973,-3.5847,0.2,0.0,0.0,0.0,-1.6266,-0.982,-1.5,2.4207,-0.4277,0,0,1,0.539,0.186,0.814,0,0,0.0,5,ACQUISITION_ASSIST,-0.7343,-0.4769,1.3252,0.8001
327,10.266,1.7079,-2.794,4.7046,-0.7295,-0.4693,-0.4449,4.685,1.531,4.758,0.3973,-3.5847,0.2,0.0,0.0,0.0,-1.6269,-0.9815,-1.5,2.4207,-0.408,0,0,1,0.535,0.183,0.817,0,0,0.0,5,ACQUISITION_ASSIST,-0.7295,-0.4693,1.3106,0.7907
328,10.291,1.6934,-2.8032,4.6957,-0.7229,-0.462,-0.4456,4.676,1.513,4.744,0.3973,-3.5847,0.2,0.0,0.0,0.0,-1.5859,-0.9565,-1.116,2.1623,-0.4261,1,1,0,0.539,0.187,0.813,0,0,0.0,5,DESCENT_PHASE,-0.7229,-0.462,1.2962,0.7814
329,10.315,1.679,-2.8124,4.6846,-0.72,-0.4578,-0.5576,4.665,1.496,4.728,0.3973,-3.5847,0.2,0.0,0.0,0.0,-1.5448,-0.9316,-0.732,1.9469,-0.4249,1,1,0,0.542,0.192,0.808,0,0,0.0,5,DESCENT_PHASE,-0.72,-0.4578,1.2818,0.7723
330,10.34,1.6647,-2.8214,4.672,-0.715,-0.4521,-0.6283,4.652,1.48,4.71,0.3973,-3.5847,0.2,0.0,0.0,0.0,-1.5038,-0.9067,-0.348,1.7902,-0.4554,1,1,0,0.551,0.204,0.796,0,0,0.0,5,DESCENT_PHASE,-0.715,-0.4521,1.2675,0.7632
331,10.364,1.6507,-2.8302,4.6614,-0.7018,-0.4401,-0.5303,4.641,1.463,4.695,0.3973,-3.5847,0.2,0.0,0.0,0.0,-1.4628,-0.8818,-0.2865,1.7319,-0.4803,1,1,0,0.562,0.214,0.786,0,0,0.0,5,DESCENT_PHASE,-0.7018,-0.4401,1.2534,0.7544
332,10.389,1.6369,-2.8389,4.6525,-0.6882,-0.4322,-0.4428,4.633,1.447,4.682,0.3973,-3.5847,0.2,0.0,0.0,0.0,-1.4217,-0.8569,-0.4352,1.7161,-0.4585,1,1,0,0.566,0.224,0.776,0,0,0.0,5,DESCENT_PHASE,-0.6882,-0.4322,1.2397,0.7458
333,10.414,1.6233,-2.8475,4.6438,-0.6801,-0.4314,-0.4382,4.624,1.431,4.668,0.3973,-3.5847,0.2,0.0,0.0,0.0,-1.3807,-0.832,-0.4431,1.6718,-0.4939,1,1,0,0.576,0.231,0.769,0,0,0.0,5,DESCENT_PHASE,-0.6801,-0.4314,1.2261,0.7372
334,10.439,1.6098,-2.8562,4.6351,-0.6778,-0.4337,-0.4326,4.615,1.415,4.655,0.3973,-3.5847,0.2,0.0,0.0,0.0,-1.3397,-0.807,-0.4525,1.6281,-0.4746,1,1,0,0.581,0.23,0.77,0,0,0.0,5,DESCENT_PHASE,-0.6778,-0.4337,1.2125,0.7285
335,10.464,1.5961,-2.865,4.6266,-0.6831,-0.4421,-0.4278,4.607,1.398,4.642,0.3973,-3.5847,0.2,0.0,0.0,0.0,-1.2988,-0.782,-0.4608,1.5845,-0.4987,1,1,0,0.593,0.246,0.754,0,0,0.0,5,DESCENT_PHASE,-0.6831,-0.4421,1.1988,0.7196
336,10.489,1.5821,-2.8741,4.618,-0.699,-0.4549,-0.4253,4.598,1.382,4.629,0.3973,-3.5847,0.2,0.0,0.0,0.0,-1.2578,-0.7569,-0.465,1.5399,-0.4614,1,1,0,0.598,0.248,0.752,0,0,0.0,5,DESCENT_PHASE,-0.699,-0.4549,1.1849,0.7105
337,10.514,1.5677,-2.8836,4.6095,-0.7241,-0.4739,-0.4258,4.59,1.364,4.616,0.3973,-3.5847,0.2,0.0,0.0,0.0,-1.2169,-0.7318,-0.4642,1.4939,-0.4525,1,1,0,0.604,0.253,0.747,0,0,0.0,5,DESCENT_PHASE,-0.7241,-0.4739,1.1704,0.7011
338,10.541,1.5525,-2.8935,4.601,-0.7566,-0.4961,-0.4284,4.581,1.346,4.602,0.3973,-3.5847,0.2,0.0,0.0,0.0,-1.176,-0.7067,-0.4597,1.447,-0.4134,1,1,0,0.603,0.242,0.758,0,0,0.0,5,DESCENT_PHASE,-0.7566,-0.4961,1.1552,0.6911
339,10.569,1.5366,-2.9039,4.5923,-0.7943,-0.5206,-0.4324,4.572,1.327,4.588,0.3973,-3.5847,0.2,0.0,0.0,0.0,-1.1351,-0.6815,-0.4529,1.3993,-0.4335,1,1,0,0.606,0.241,0.759,0,0,0.0,5,DESCENT_PHASE,-0.7943,-0.5206,1.1394,0.6807
340,10.594,1.5199,-2.9148,4.5836,-0.8362,-0.5448,-0.4367,4.564,1.307,4.574,0.3973,-3.5847,0.2,0.0,0.0,0.0,-1.0943,-0.6563,-0.4456,1.3516,-0.4018,1,1,0,0.604,0.24,0.76,0,0,0.0,5,DESCENT_PHASE,-0.8362,-0.5448,1.1226,0.6698
341,10.624,1.5023,-2.9262,4.5748,-0.8789,-0.5706,-0.4412,4.555,1.286,4.56,0.3973,-3.5847,0.2,0.0,0.0,0.0,-1.0534,-0.6311,-0.438,1.3038,-0.413,1,1,0,0.602,0.239,0.761,0,0,0.0,5,DESCENT_PHASE,-0.8789,-0.5706,1.1051,0.6584
342,10.651,1.4839,-2.9381,4.5659,-0.9209,-0.5948,-0.4443,4.546,1.264,4.545,0.3973,-3.5847,0.2,0.0,0.0,0.0,-1.0126,-0.6059,-0.4327,1.2568,-0.3846,1,1,0,0.597,0.228,0.772,0,0,0.0,5,DESCENT_PHASE,-0.9209,-0.5948,1.0866,0.6465
343,10.682,1.4647,-2.9505,4.5569,-0.9625,-0.6187,-0.4471,4.537,1.242,4.53,0.3973,-3.5847,0.2,0.0,0.0,0.0,-0.9718,-0.5807,-0.4279,1.2102,-0.4016,1,1,0,0.595,0.233,0.767,0,0,0.0,5,DESCENT_PHASE,-0.9625,-0.6187,1.0674,0.6341
344,10.71,1.4446,-2.9633,4.548,-1.002,-0.6392,-0.4485,4.528,1.218,4.515,0.3973,-3.5847,0.2,0.0,0.0,0.0,-0.9309,-0.5555,-0.4255,1.1645,-0.3779,1,1,0,0.588,0.224,0.776,0,0,0.0,5,DESCENT_PHASE,-1.002,-0.6392,1.0474,0.6214
345,10.739,1.4239,-2.9765,4.539,-1.0361,-0.6582,-0.4483,4.519,1.193,4.5,0.3973,-3.5847,0.2,0.0,0.0,0.0,-0.8901,-0.5302,-0.4259,1.1202,-0.3946,1,1,0,0.586,0.222,0.778,0,0,0.0,5,DESCENT_PHASE,-1.0361,-0.6582,1.0266,0.6082
346,10.764,1.4026,-2.9899,4.5301,-1.0651,-0.6729,-0.4468,4.51,1.168,4.485,0.3973,-3.5847,0.2,0.0,0.0,0.0,-0.8492,-0.505,-0.4284,1.0769,-0.3818,1,1,0,0.579,0.223,0.777,0,0,0.0,5,DESCENT_PHASE,-1.0651,-0.6729,1.0053,0.5947
347,10.793,1.3809,-3.0036,4.5212,-1.0863,-0.6849,-0.4453,4.501,1.142,4.47,0.3973,-3.5847,0.2,0.0,0.0,0.0,-0.8084,-0.4798,-0.431,1.0342,-0.3961,1,1,0,0.577,0.227,0.773,0,0,0.0,5,DESCENT_PHASE,-1.0863,-0.6849,0.9836,0.581
348,10.819,1.3588,-3.0175,4.5123,-1.103,-0.6928,-0.4431,4.492,1.116,4.454,0.3973,-3.5847,0.2,0.0,0.0,0.0,-0.7676,-0.4546,-0.4348,0.9924,-0.3681,1,1,0,0.569,0.217,0.783,0,0,0.0,5,DESCENT_PHASE,-1.103,-0.6928,0.9615,0.5672
349,10.848,1.3366,-3.0314,4.5035,-1.1121,-0.6975,-0.4397,4.483,1.09,4.439,0.3973,-3.5847,0.2,0.0,0.0,0.0,-0.7267,-0.4293,-0.4405,0.9521,-0.4032,1,1,0,0.568,0.212,0.788,0,0,0.0,5,DESCENT_PHASE,-1.1121,-0.6975,0.9393,0.5532
350,10.875,1.3143,-3.0454,4.4948,-1.1139,-0.6966,-0.4369,4.475,1.064,4.425,0.3973,-3.5847,0.2,0.0,0.0,0.0,-0.6859,-0.404,-0.4453,0.9122,-0.3633,1,1,0,0.562,0.211,0.789,0,0,0.0,5,DESCENT_PHASE,-1.1139,-0.6966,0.917,0.5393
351,10.904,1.2921,-3.0592,4.4861,-1.109,-0.6927,-0.4332,4.466,1.038,4.41,0.3973,-3.5847,0.2,0.0,0.0,0.0,-0.6451,-0.3788,-0.4516,0.8738,-0.4042,1,1,0,0.562,0.204,0.796,0,0,0.0,5,DESCENT_PHASE,-1.109,-0.6927,0.8948,0.5255
352,10.934,1.2702,-3.0729,4.4775,-1.0959,-0.6823,-0.4308,4.457,1.012,4.396,0.3973,-3.5847,0.2,0.0,0.0,0.0,-0.6043,-0.3535,-0.4557,0.8353,-0.3644,1,1,0,0.556,0.195,0.805,0,0,0.0,5,DESCENT_PHASE,-1.0959,-0.6823,0.8729,0.5118
353,10.965,1.2487,-3.0862,4.4689,-1.0761,-0.6684,-0.4277,4.449,0.987,4.381,0.3973,-3.5847,0.2,0.0,0.0,0.0,-0.5635,-0.3282,-0.4609,0.7985,-0.4082,1,1,0,0.558,0.199,0.801,0,0,0.0,5,DESCENT_PHASE,-1.0761,-0.6684,0.8514,0.4984
354,10.995,1.2277,-3.0992,4.4604,-1.0486,-0.6479,-0.4267,4.44,0.962,4.368,0.3973,-3.5847,0.2,0.0,0.0,0.0,-0.5227,-0.3029,-0.4627,0.761,-0.3874,1,1,0,0.553,0.192,0.808,0,0,0.0,5,DESCENT_PHASE,-1.0486,-0.6479,0.8304,0.4855
355,11.025,1.2074,-3.1117,4.4519,-1.0151,-0.6235,-0.4264,4.432,0.938,4.354,0.3973,-3.5847,0.2,0.0,0.0,0.0,-0.4818,-0.2778,-0.4632,0.7238,-0.416,1,1,0,0.557,0.193,0.807,0,0,0.0,5,DESCENT_PHASE,-1.0151,-0.6235,0.8101,0.473
356,11.053,1.1879,-3.1235,4.4434,-0.9765,-0.5938,-0.4255,4.423,0.915,4.341,0.3973,-3.5847,0.2,0.0,0.0,0.0,-0.4408,-0.2529,-0.4647,0.6886,-0.4062,1,1,0,0.555,0.186,0.814,0,0,0.0,5,DESCENT_PHASE,-0.9765,-0.5938,0.7906,0.4611
357,11.081,1.1692,-3.1347,4.4348,-0.932,-0.5611,-0.4261,4.415,0.893,4.328,0.3973,-3.5847,0.2,0.0,0.0,0.0,-0.3995,-0.2284,-0.4636,0.6532,-0.4319,1,1,0,0.564,0.187,0.813,0,0,0.0,5,DESCENT_PHASE,-0.932,-0.5611,0.772,0.4499
358,11.107,1.1516,-3.1453,4.4263,-0.8838,-0.5254,-0.4267,4.406,0.873,4.316,0.3973,-3.5847,0.2,0.0,0.0,0.0,-0.3576,-0.205,-0.4626,0.6196,-0.4064,1,1,0,0.564,0.188,0.812,0,0,0.0,5,DESCENT_PHASE,-0.8838,-0.5254,0.7543,0.4394
359,11.134,1.135,-3.155,4.4177,-0.8289,-0.4884,-0.4287,4.398,0.854,4.303,0.3973,-3.5847,0.2,0.0,0.0,0.0,-0.3593,-0.2076,-0.4593,0.6189,-0.4515,1,1,0,0.57,0.196,0.804,0,0,0.0,5,DESCENT_PHASE,-0.8289,-0.4884,0.7377,0.4296
360,11.16,1.1196,-3.164,4.4091,-0.7708,-0.4491,-0.4337,4.389,0.836,4.291,0.3973,-3.5847,0.2,0.0,0.0,0.0,-0.374,-0.2178,-0.4507,0.6249,-0.4195,1,1,0,0.566,0.19,0.81,0,0,0.0,5,DESCENT_PHASE,-0.7708,-0.4491,0.7223,0.4207
361,11.185,1.1054,-3.1722,4.4003,-0.7106,-0.4104,-0.4396,4.38,0.819,4.279,0.3973,-3.5847,0.2,0.0,0.0,0.0,-0.3899,-0.2282,-0.4407,0.6311,-0.459,1,1,0,0.567,0.193,0.807,0,0,0.0,5,DESCENT_PHASE,-0.7106,-0.4104,0.7081,0.4124
362,11.21,1.0923,-3.1796,4.3914,-0.6504,-0.3703,-0.4453,4.371,0.804,4.268,0.3973,-3.5847,0.2,0.0,0.0,0.0,-0.4063,-0.2394,-0.4311,0.6389,-0.4588,1,1,0,0.569,0.192,0.808,0,0,0.0,5,DESCENT_PHASE,-0.6504,-0.3703,0.6951,0.405
363,11.235,1.0805,-3.1863,4.3824,-0.5912,-0.3317,-0.449,4.362,0.791,4.257,0.3973,-3.5847,0.2,0.0,0.0,0.0,-0.4228,-0.2506,-0.4247,0.6495,-0.4767,1,1,0,0.572,0.196,0.804,0,0,0.0,5,DESCENT_PHASE,-0.5912,-0.3317,0.6832,0.3984
364,11.26,1.0699,-3.1922,4.3733,-0.5329,-0.2954,-0.4517,4.353,0.779,4.245,0.3973,-3.5847,0.2,0.0,0.0,0.0,-0.4395,-0.2613,-0.4202,0.6618,-0.4464,1,1,0,0.566,0.196,0.804,0,0,0.0,5,DESCENT_PHASE,-0.5329,-0.2954,0.6726,0.3925
365,11.285,1.0603,-3.1974,4.3643,-0.478,-0.2628,-0.4531,4.344,0.768,4.234,0.3973,-3.5847,0.2,0.0,0.0,0.0,-0.4554,-0.2711,-0.4178,0.6749,-0.4684,1,1,0,0.571,0.2,0.8,0,0,0.0,5,DESCENT_PHASE,-0.478,-0.2628,0.663,0.3872
366,11.309,1.0517,-3.2021,4.3552,-0.4292,-0.2321,-0.4539,4.335,0.758,4.224,0.3973,-3.5847,0.2,0.0,0.0,0.0,-0.4697,-0.2805,-0.4164,0.6875,-0.4619,1,1,0,0.572,0.201,0.799,0,0,0.0,5,DESCENT_PHASE,-0.4292,-0.2321,0.6544,0.3826
367,11.334,1.0441,-3.2062,4.3461,-0.3828,-0.2051,-0.4537,4.326,0.749,4.213,0.3973,-3.5847,0.2,0.0,0.0,0.0,-0.4835,-0.2889,-0.4167,0.7007,-0.498,1,1,0,0.579,0.211,0.789,0,0,0.0,5,DESCENT_PHASE,-0.3828,-0.2051,0.6468,0.3785
368,11.359,1.0372,-3.2098,4.3371,-0.3416,-0.1816,-0.4517,4.317,0.742,4.203,0.3973,-3.5847,0.2,0.0,0.0,0.0,-0.4959,-0.2963,-0.4202,0.7143,-0.4538,1,1,0,0.581,0.224,0.776,0,0,0.0,5,DESCENT_PHASE,-0.3416,-0.1816,0.64,0.3749
369,11.384,1.0311,-3.2131,4.3281,-0.3075,-0.165,-0.4495,4.308,0.735,4.193,0.3973,-3.5847,0.2,0.0,0.0,0.0,-0.5062,-0.3016,-0.4239,0.7258,-0.4859,1,1,0,0.589,0.23,0.77,0,0,0.0,5,DESCENT_PHASE,-0.3075,-0.165,0.6338,0.3716
370,11.409,1.0255,-3.2161,4.3192,-0.2787,-0.1517,-0.4465,4.299,0.728,4.183,0.3973,-3.5847,0.2,0.0,0.0,0.0,-0.5149,-0.3058,-0.4289,0.7366,-0.45,1,1,0,0.593,0.24,0.76,0,0,0.0,5,DESCENT_PHASE,-0.2787,-0.1517,0.6282,0.3685
371,11.431,1.0204,-3.219,4.3103,-0.2571,-0.1449,-0.4437,4.29,0.722,4.173,0.3973,-3.5847,0.2,0.0,0.0,0.0,-0.5215,-0.3079,-0.4337,0.7449,-0.456,1,1,0,0.598,0.243,0.757,0,0,0.0,5,DESCENT_PHASE,-0.2571,-0.1449,0.6231,0.3656
372,11.453,1.0155,-3.2219,4.3015,-0.2408,-0.1413,-0.4409,4.281,0.717,4.164,0.3973,-3.5847,0.2,0.0,0.0,0.0,-0.5264,-0.3089,-0.4385,0.7516,-0.43,1,1,0,0.6,0.251,0.749,0,0,0.0,5,DESCENT_PHASE,-0.2408,-0.1413,0.6183,0.3628
373,11.475,1.0109,-3.2247,4.2927,-0.2323,-0.1421,-0.4391,4.273,0.711,4.154,0.3973,-3.5847,0.2,0.0,0.0,0.0,-0.529,-0.3084,-0.4416,0.755,-0.4681,1,1,0,0.608,0.258,0.742,0,0,0.0,5,DESCENT_PHASE,-0.2323,-0.1421,0.6136,0.36
374,11.497,1.0063,-3.2276,4.284,-0.2293,-0.1451,-0.4366,4.264,0.706,4.145,0.3973,-3.5847,0.2,0.0,0.0,0.0,-0.5298,-0.3072,-0.4458,0.7575,-0.4264,1,1,0,0.611,0.264,0.736,0,0,0.0,5,DESCENT_PHASE,-0.2293,-0.1451,0.609,0.3571
375,11.522,1.0016,-3.2307,4.2753,-0.2338,-0.1531,-0.4358,4.255,0.7,4.135,0.3973,-3.5847,0.2,0.0,0.0,0.0,-0.5283,-0.3042,-0.4471,0.756,-0.4363,1,1,0,0.616,0.262,0.738,0,0,0.0,5,DESCENT_PHASE,-0.2338,-0.1531,0.6044,0.354
376,11.545,0.9968,-3.2339,4.2665,-0.2437,-0.1629,-0.4355,4.247,0.695,4.125,0.3973,-3.5847,0.2,0.0,0.0,0.0,-0.525,-0.3006,-0.4477,0.7526,-0.415,1,1,0,0.616,0.263,0.737,0,0,0.0,5,DESCENT_PHASE,-0.2437,-0.1629,0.5995,0.3507
377,11.569,0.9916,-3.2374,4.2578,-0.2564,-0.1752,-0.4352,4.238,0.688,4.116,0.3973,-3.5847,0.2,0.0,0.0,0.0,-0.5208,-0.296,-0.4481,0.7481,-0.4395,1,1,0,0.622,0.268,0.732,0,0,0.0,5,DESCENT_PHASE,-0.2564,-0.1752,0.5944,0.3472
378,11.592,0.9861,-3.2412,4.2491,-0.2747,-0.1881,-0.4359,4.229,0.682,4.106,0.3973,-3.5847,0.2,0.0,0.0,0.0,-0.5148,-0.2911,-0.447,0.7413,-0.4031,1,1,0,0.622,0.264,0.736,0,0,0.0,5,DESCENT_PHASE,-0.2747,-0.1881,0.5889,0.3435
379,11.616,0.9802,-3.2453,4.2404,-0.2954,-0.2037,-0.437,4.22,0.675,4.096,0.3973,-3.5847,0.2,0.0,0.0,0.0,-0.5079,-0.2853,-0.4451,0.7331,-0.3996,1,1,0,0.62,0.262,0.738,0,0,0.0,5,DESCENT_PHASE,-0.2954,-0.2037,0.583,0.3394
380,11.641,0.9739,-3.2496,4.2316,-0.317,-0.219,-0.4375,4.212,0.667,4.086,0.3973,-3.5847,0.2,0.0,0.0,0.0,-0.5006,-0.2794,-0.4443,0.7253,-0.4269,1,1,0,0.623,0.262,0.738,0,0,0.0,5,DESCENT_PHASE,-0.317,-0.219,0.5766,0.335
381,11.665,0.9671,-3.2543,4.2229,-0.342,-0.2337,-0.4387,4.203,0.659,4.076,0.3973,-3.5847,0.2,0.0,0.0,0.0,-0.4922,-0.2737,-0.4423,0.7161,-0.3952,1,1,0,0.62,0.26,0.74,0,0,0.0,5,DESCENT_PHASE,-0.342,-0.2337,0.5698,0.3303
382,11.691,0.9597,-3.2593,4.2141,-0.3672,-0.2499,-0.4398,4.194,0.65,4.066,0.3973,-3.5847,0.2,0.0,0.0,0.0,-0.4836,-0.2673,-0.4404,0.7066,-0.4169,1,1,0,0.62,0.264,0.736,0,0,0.0,5,DESCENT_PHASE,-0.3672,-0.2499,0.5624,0.3254
383,11.715,0.9519,-3.2646,4.2053,-0.3909,-0.2644,-0.4403,4.185,0.64,4.056,0.3973,-3.5847,0.2,0.0,0.0,0.0,-0.4754,-0.2614,-0.4396,0.6983,-0.3902,1,1,0,0.615,0.259,0.741,0,0,0.0,5,DESCENT_PHASE,-0.3909,-0.2644,0.5546,0.3201
384,11.74,0.9436,-3.2702,4.1964,-0.415,-0.2788,-0.4409,4.176,0.63,4.046,0.3973,-3.5847,0.2,0.0,0.0,0.0,-0.467,-0.2554,-0.4384,0.6896,-0.4219,1,1,0,0.614,0.255,0.745,0,0,0.0,5,DESCENT_PHASE,-0.415,-0.2788,0.5463,0.3145
385,11.764,0.9348,-3.276,4.1876,-0.4379,-0.2903,-0.441,4.168,0.62,4.036,0.3973,-3.5847,0.2,0.0,0.0,0.0,-0.4589,-0.2503,-0.4383,0.6821,-0.3881,1,1,0,0.607,0.244,0.756,0,0,0.0,5,DESCENT_PHASE,-0.4379,-0.2903,0.5376,0.3087
386,11.789,0.9257,-3.282,4.1788,-0.4588,-0.3013,-0.4415,4.159,0.609,4.025,0.3973,-3.5847,0.2,0.0,0.0,0.0,-0.4512,-0.2454,-0.4375,0.6747,-0.4278,1,1,0,0.607,0.242,0.758,0,0,0.0,5,DESCENT_PHASE,-0.4588,-0.3013,0.5284,0.3027
387,11.813,0.9161,-3.2882,4.17,-0.4765,-0.3085,-0.4405,4.15,0.598,4.015,0.3973,-3.5847,0.2,0.0,0.0,0.0,-0.4446,-0.2417,-0.4391,0.67,-0.3894,1,1,0,0.601,0.247,0.753,0,0,0.0,5,DESCENT_PHASE,-0.4765,-0.3085,0.5188,0.2965
388,11.839,0.9063,-3.2945,4.1612,-0.4922,-0.3148,-0.4401,4.141,0.586,4.004,0.3973,-3.5847,0.2,0.0,0.0,0.0,-0.4385,-0.2382,-0.4399,0.6653,-0.4254,1,1,0,0.6,0.245,0.755,0,0,0.0,5,DESCENT_PHASE,-0.4922,-0.3148,0.509,0.2902
389,11.863,0.8962,-3.3008,4.1524,-0.5045,-0.3171,-0.4398,4.132,0.574,3.994,0.3973,-3.5847,0.2,0.0,0.0,0.0,-0.4335,-0.2362,-0.4404,0.6616,-0.4014,1,1,0,0.596,0.243,0.757,0,0,0.0,5,DESCENT_PHASE,-0.5045,-0.3171,0.4989,0.2838
390,11.887,0.8859,-3.3072,4.1436,-0.5148,-0.3181,-0.4397,4.124,0.562,3.983,0.3973,-3.5847,0.2,0.0,0.0,0.0,-0.4291,-0.2347,-0.4405,0.6583,-0.4383,1,1,0,0.598,0.246,0.754,0,0,0.0,5,DESCENT_PHASE,-0.5148,-0.3181,0.4886,0.2775
391,11.911,0.8755,-3.3135,4.1348,-0.5212,-0.316,-0.4388,4.115,0.55,3.973,0.3973,-3.5847,0.2,0.0,0.0,0.0,-0.4148,-0.228,-0.442,0.6476,-0.3982,1,1,0,0.594,0.238,0.762,0,0,0.0,5,DESCENT_PHASE,-0.5212,-0.316,0.4782,0.2712
392,11.935,0.865,-3.3198,4.1261,-0.5252,-0.3137,-0.4383,4.106,0.537,3.963,0.3973,-3.5847,0.2,0.0,0.0,0.0,-0.3991,-0.2203,-0.443,0.6356,-0.433,1,1,0,0.596,0.241,0.759,0,0,0.0,5,DESCENT_PHASE,-0.5252,-0.3137,0.4677,0.2649
393,11.96,0.8545,-3.3259,4.1173,-0.5258,-0.3083,-0.4381,4.097,0.525,3.952,0.3973,-3.5847,0.2,0.0,0.0,0.0,-0.3846,-0.2138,-0.4433,0.6246,-0.3889,1,1,0,0.591,0.23,0.77,0,0,0.0,5,DESCENT_PHASE,-0.5258,-0.3083,0.4572,0.2587
394,11.985,0.844,-3.332,4.1085,-0.5245,-0.3026,-0.4376,4.089,0.513,3.942,0.3973,-3.5847,0.2,0.0,0.0,0.0,-0.3708,-0.2076,-0.4441,0.6147,-0.4241,1,1,0,0.593,0.227,0.773,0,0,0.0,5,DESCENT_PHASE,-0.5245,-0.3026,0.4467,0.2527
395,12.01,0.8336,-3.3379,4.0998,-0.5197,-0.2936,-0.4378,4.08,0.501,3.932,0.3973,-3.5847,0.2,0.0,0.0,0.0,-0.3584,-0.2029,-0.4437,0.6054,-0.4083,1,1,0,0.593,0.232,0.768,0,0,0.0,5,DESCENT_PHASE,-0.5197,-0.2936,0.4363,0.2468
396,12.034,0.8233,-3.3435,4.091,-0.5128,-0.284,-0.4373,4.071,0.49,3.922,0.3973,-3.5847,0.2,0.0,0.0,0.0,-0.347,-0.1986,-0.4446,0.5979,-0.4437,1,1,0,0.599,0.242,0.758,0,0,0.0,5,DESCENT_PHASE,-0.5128,-0.284,0.426,0.2411
397,12.058,0.8133,-3.349,4.0823,-0.5027,-0.2731,-0.4374,4.062,0.478,3.912,0.3973,-3.5847,0.2,0.0,0.0,0.0,-0.337,-0.1952,-0.4444,0.5909,-0.398,1,1,0,0.598,0.24,0.76,0,0,0.0,5,DESCENT_PHASE,-0.5027,-0.2731,0.416,0.2357
398,12.083,0.8034,-3.3543,4.0735,-0.491,-0.2637,-0.4373,4.054,0.467,3.902,0.3973,-3.5847,0.2,0.0,0.0,0.0,-0.328,-0.1915,-0.4447,0.5848,-0.4337,1,1,0,0.603,0.244,0.756,0,0,0.0,5,DESCENT_PHASE,-0.491,-0.2637,0.4062,0.2304
399,12.105,0.7939,-3.3593,4.0648,-0.4759,-0.2526,-0.4377,4.045,0.456,3.892,0.3973,-3.5847,0.2,0.0,0.0,0.0,-0.3207,-0.1887,-0.4439,0.5792,-0.4005,1,1,0,0.601,0.242,0.758,0,0,0.0,5,DESCENT_PHASE,-0.4759,-0.2526,0.3966,0.2253
400,12.127,0.7847,-3.3642,4.056,-0.4591,-0.2428,-0.4379,4.036,0.446,3.882,0.3973,-3.5847,0.2,0.0,0.0,0.0,-0.3146,-0.1858,-0.4435,0.5746,-0.428,1,1,0,0.606,0.25,0.75,0,0,0.0,5,DESCENT_PHASE,-0.4591,-0.2428,0.3875,0.2205
401,12.15,0.7759,-3.3688,4.0473,-0.442,-0.232,-0.4386,4.027,0.436,3.872,0.3973,-3.5847,0.2,0.0,0.0,0.0,-0.3091,-0.1836,-0.4424,0.57,-0.4039,1,1,0,0.605,0.248,0.752,0,0,0.0,5,DESCENT_PHASE,-0.442,-0.232,0.3786,0.2158
402,12.173,0.7675,-3.3733,4.0385,-0.4224,-0.2225,-0.4385,4.018,0.426,3.862,0.3973,-3.5847,0.2,0.0,0.0,0.0,-0.305,-0.1812,-0.4426,0.5672,-0.4338,1,1,0,0.612,0.244,0.756,0,0,0.0,5,DESCENT_PHASE,-0.4224,-0.2225,0.3702,0.2114
403,12.195,0.7594,-3.3775,4.0297,-0.4034,-0.2124,-0.4387,4.01,0.417,3.852,0.3973,-3.5847,0.2,0.0,0.0,0.0,-0.3014,-0.1793,-0.4423,0.5644,-0.4084,1,1,0,0.611,0.241,0.759,0,0,0.0,5,DESCENT_PHASE,-0.4034,-0.2124,0.3621,0.2071
404,12.217,0.7517,-3.3816,4.0209,-0.3824,-0.2038,-0.4393,4.001,0.409,3.843,0.3973,-3.5847,0.2,0.0,0.0,0.0,-0.2991,-0.1771,-0.4413,0.5617,-0.443,1,1,0,0.617,0.252,0.748,0,0,0.0,5,DESCENT_PHASE,-0.3824,-0.2038,0.3545,0.2031
405,12.239,0.7445,-3.3855,4.0121,-0.3621,-0.1951,-0.4394,3.992,0.4,3.833,0.3973,-3.5847,0.2,0.0,0.0,0.0,-0.2971,-0.1752,-0.441,0.5599,-0.4142,1,1,0,0.617,0.249,0.751,0,0,0.0,5,DESCENT_PHASE,-0.3621,-0.1951,0.3472,0.1992
406,12.262,0.7377,-3.3893,4.0034,-0.3421,-0.1885,-0.4395,3.983,0.392,3.824,0.3973,-3.5847,0.2,0.0,0.0,0.0,-0.2957,-0.1727,-0.4409,0.5583,-0.4381,1,1,0,0.622,0.264,0.736,0,0,0.0,5,DESCENT_PHASE,-0.3421,-0.1885,0.3404,0.1954
407,12.284,0.7312,-3.3929,3.9946,-0.3242,-0.1823,-0.4395,3.975,0.385,3.814,0.3973,-3.5847,0.2,0.0,0.0,0.0,-0.294,-0.1703,-0.4409,0.5566,-0.4133,1,1,0,0.622,0.26,0.74,0,0,0.0,5,DESCENT_PHASE,-0.3242,-0.1823,0.3339,0.1917
408,12.306,0.7251,-3.3965,3.9858,-0.3054,-0.1778,-0.4399,3.966,0.378,3.805,0.3973,-3.5847,0.2,0.0,0.0,0.0,-0.2931,-0.1673,-0.4402,0.5547,-0.4335,1,1,0,0.625,0.264,0.736,0,0,0.0,5,DESCENT_PHASE,-0.3054,-0.1778,0.3278,0.1882
409,12.33,0.7193,-3.3999,3.977,-0.2887,-0.1735,-0.4396,3.957,0.371,3.795,0.3973,-3.5847,0.2,0.0,0.0,0.0,-0.2919,-0.1644,-0.4406,0.5535,-0.4093,1,1,0,0.623,0.26,0.74,0,0,0.0,5,DESCENT_PHASE,-0.2887,-0.1735,0.322,0.1847
410,12.354,0.7138,-3.4033,3.9682,-0.2726,-0.1705,-0.4395,3.948,0.365,3.786,0.3973,-3.5847,0.2,0.0,0.0,0.0,-0.2909,-0.1611,-0.4409,0.5522,-0.4382,1,1,0,0.627,0.266,0.734,0,0,0.0,5,DESCENT_PHASE,-0.2726,-0.1705,0.3166,0.1813
411,12.376,0.7086,-3.4067,3.9594,-0.2599,-0.1671,-0.4394,3.939,0.359,3.776,0.3973,-3.5847,0.2,0.0,0.0,0.0,-0.289,-0.1581,-0.4411,0.5505,-0.4151,1,1,0,0.625,0.265,0.735,0,0,0.0,5,DESCENT_PHASE,-0.2599,-0.1671,0.3114,0.178
412,12.401,0.7037,-3.41,3.9506,-0.2476,-0.1653,-0.4393,3.931,0.353,3.767,0.3973,-3.5847,0.2,0.0,0.0,0.0,-0.2873,-0.1544,-0.4412,0.5487,-0.4369,1,1,0,0.629,0.266,0.734,0,0,0.0,5,DESCENT_PHASE,-0.2476,-0.1653,0.3064,0.1747
413,12.425,0.6989,-3.4133,3.9418,-0.2383,-0.1634,-0.4391,3.922,0.347,3.758,0.3973,-3.5847,0.2,0.0,0.0,0.0,-0.2847,-0.1509,-0.4415,0.5466,-0.4149,1,1,0,0.627,0.266,0.734,0,0,0.0,5,DESCENT_PHASE,-0.2383,-0.1634,0.3016,0.1714
414,12.449,0.6943,-3.4165,3.933,-0.2292,-0.1628,-0.4392,3.913,0.341,3.749,0.3973,-3.5847,0.2,0.0,0.0,0.0,-0.2822,-0.1469,-0.4414,0.5441,-0.4358,1,1,0,0.63,0.273,0.727,0,0,0.0,5,DESCENT_PHASE,-0.2292,-0.1628,0.2971,0.1681
415,12.474,0.6899,-3.4198,3.9243,-0.2231,-0.1619,-0.4388,3.904,0.336,3.739,0.3973,-3.5847,0.2,0.0,0.0,0.0,-0.2788,-0.143,-0.442,0.5418,-0.4139,1,1,0,0.628,0.275,0.725,0,0,0.0,5,DESCENT_PHASE,-0.2231,-0.1619,0.2926,0.1649
416,12.499,0.6855,-3.423,3.9155,-0.2169,-0.1621,-0.4387,3.895,0.33,3.73,0.3973,-3.5847,0.2,0.0,0.0,0.0,-0.2756,-0.1388,-0.4422,0.5392,-0.4366,1,1,0,0.632,0.277,0.723,0,0,0.0,5,DESCENT_PHASE,-0.2169,-0.1621,0.2883,0.1617
417,12.523,0.6813,-3.4262,3.9067,-0.2136,-0.1617,-0.4387,3.887,0.325,3.721,0.3973,-3.5847,0.2,0.0,0.0,0.0,-0.2714,-0.1347,-0.4423,0.5361,-0.4156,1,1,0,0.629,0.273,0.727,0,0,0.0,5,DESCENT_PHASE,-0.2136,-0.1617,0.284,0.1584
418,12.546,0.6771,-3.4295,3.8979,-0.2099,-0.1623,-0.4388,3.878,0.32,3.712,0.3973,-3.5847,0.2,0.0,0.0,0.0,-0.2674,-0.1303,-0.4421,0.5328,-0.431,1,1,0,0.631,0.274,0.726,0,0,0.0,5,DESCENT_PHASE,-0.2099,-0.1623,0.2798,0.1552
419,12.569,0.6729,-3.4327,3.8892,-0.2089,-0.1622,-0.4385,3.869,0.315,3.703,0.3973,-3.5847,0.2,0.0,0.0,0.0,-0.2623,-0.1261,-0.4426,0.5297,-0.4101,1,1,0,0.628,0.274,0.726,0,0,0.0,5,DESCENT_PHASE,-0.2089,-0.1622,0.2756,0.1519
420,12.593,0.6687,-3.436,3.8804,-0.2075,-0.1625,-0.4384,3.86,0.31,3.693,0.3973,-3.5847,0.2,0.0,0.0,0.0,-0.2575,-0.1218,-0.4428,0.5265,-0.4359,1,1,0,0.631,0.275,0.725,0,0,0.0,5,DESCENT_PHASE,-0.2075,-0.1625,0.2715,0.1487
421,12.616,0.6646,-3.4392,3.8716,-0.2087,-0.1616,-0.4384,3.852,0.304,3.684,0.3973,-3.5847,0.2,0.0,0.0,0.0,-0.2516,-0.1179,-0.4427,0.5227,-0.4155,1,1,0,0.628,0.273,0.727,0,0,0.0,5,DESCENT_PHASE,-0.2087,-0.1616,0.2673,0.1455
422,12.64,0.6604,-3.4424,3.8629,-0.2093,-0.1613,-0.4383,3.843,0.299,3.675,0.3973,-3.5847,0.2,0.0,0.0,0.0,-0.246,-0.1139,-0.4428,0.5192,-0.4411,1,1,0,0.631,0.273,0.727,0,0,0.0,5,DESCENT_PHASE,-0.2093,-0.1613,0.2631,0.1422
423,12.664,0.6561,-3.4456,3.8541,-0.212,-0.1601,-0.4384,3.834,0.294,3.666,0.3973,-3.5847,0.2,0.0,0.0,0.0,-0.2394,-0.1102,-0.4427,0.5152,-0.4212,1,1,0,0.629,0.275,0.725,0,0,0.0,5,DESCENT_PHASE,-0.212,-0.1601,0.2589,0.139
424,12.688,0.6519,-3.4488,3.8453,-0.2138,-0.1597,-0.4392,3.825,0.289,3.657,0.3973,-3.5847,0.2,0.0,0.0,0.0,-0.2331,-0.1062,-0.4414,0.5104,-0.4259,1,1,0,0.63,0.275,0.725,0,0,0.0,5,DESCENT_PHASE,-0.2138,-0.1597,0.2546,0.1358
425,12.709,0.6475,-3.452,3.8366,-0.2175,-0.1586,-0.4386,3.817,0.283,3.648,0.3973,-3.5847,0.2,0.0,0.0,0.0,-0.226,-0.1025,-0.4425,0.5073,-0.4017,1,1,0,0.625,0.269,0.731,0,0,0.0,5,DESCENT_PHASE,-0.2175,-0.1586,0.2502,0.1327
426,12.73,0.6431,-3.4551,3.8278,-0.2204,-0.1573,-0.4384,3.808,0.278,3.638,0.3973,-3.5847,0.2,0.0,0.0,0.0,-0.2191,-0.099,-0.4428,0.5038,-0.4244,1,1,0,0.627,0.272,0.728,0,0,0.0,5,DESCENT_PHASE,-0.2204,-0.1573,0.2458,0.1295
427,12.751,0.6386,-3.4582,3.819,-0.225,-0.1539,-0.439,3.799,0.272,3.629,0.3973,-3.5847,0.2,0.0,0.0,0.0,-0.2114,-0.0963,-0.4417,0.4991,-0.4024,1,1,0,0.623,0.262,0.738,0,0,0.0,5,DESCENT_PHASE,-0.225,-0.1539,0.2413,0.1264
428,12.773,0.634,-3.4612,3.8102,-0.2283,-0.1504,-0.4385,3.79,0.267,3.62,0.3973,-3.5847,0.2,0.0,0.0,0.0,-0.2042,-0.0938,-0.4426,0.4964,-0.4282,1,1,0,0.625,0.264,0.736,0,0,0.0,5,DESCENT_PHASE,-0.2283,-0.1504,0.2368,0.1234
429,12.794,0.6294,-3.4641,3.8015,-0.2332,-0.1451,-0.4386,3.781,0.262,3.611,0.3973,-3.5847,0.2,0.0,0.0,0.0,-0.1961,-0.0922,-0.4424,0.4926,-0.405,1,1,0,0.621,0.257,0.743,0,0,0.0,5,DESCENT_PHASE,-0.2332,-0.1451,0.2321,0.1205
430,12.815,0.6246,-3.4669,3.7927,-0.2365,-0.1399,-0.4385,3.773,0.256,3.602,0.3973,-3.5847,0.2,0.0,0.0,0.0,-0.1887,-0.0906,-0.4425,0.4895,-0.4305,1,1,0,0.624,0.263,0.737,0,0,0.0,5,DESCENT_PHASE,-0.2365,-0.1399,0.2274,0.1177
431,12.837,0.6198,-3.4696,3.7839,-0.2404,-0.133,-0.4386,3.764,0.251,3.593,0.3973,-3.5847,0.2,0.0,0.0,0.0,-0.1808,-0.09,-0.4424,0.4864,-0.4135,1,1,0,0.622,0.26,0.74,0,0,0.0,5,DESCENT_PHASE,-0.2404,-0.133,0.2226,0.1151
432,12.858,0.615,-3.4721,3.7751,-0.2418,-0.1261,-0.4386,3.755,0.245,3.584,0.3973,-3.5847,0.2,0.0,0.0,0.0,-0.174,-0.0895,-0.4425,0.4838,-0.439,1,1,0,0.626,0.262,0.738,0,0,0.0,5,DESCENT_PHASE,-0.2418,-0.1261,0.2177,0.1125
433,12.879,0.6101,-3.4745,3.7664,-0.2435,-0.1182,-0.4385,3.746,0.24,3.574,0.3973,-3.5847,0.2,0.0,0.0,0.0,-0.167,-0.0897,-0.4426,0.4815,-0.4175,1,1,0,0.625,0.262,0.738,0,0,0.0,5,DESCENT_PHASE,-0.2435,-0.1182,0.2128,0.1102
434,12.901,0.6053,-3.4767,3.7576,-0.2423,-0.1109,-0.4385,3.738,0.234,3.565,0.3973,-3.5847,0.2,0.0,0.0,0.0,-0.1612,-0.0897,-0.4426,0.4795,-0.443,1,1,0,0.63,0.269,0.731,0,0,0.0,5,DESCENT_PHASE,-0.2423,-0.1109,0.208,0.108
435,12.922,0.6005,-3.4788,3.7488,-0.2409,-0.1028,-0.4384,3.729,0.229,3.556,0.3973,-3.5847,0.2,0.0,0.0,0.0,-0.1555,-0.0904,-0.4427,0.4779,-0.4209,1,1,0,0.629,0.273,0.727,0,0,0.0,5,DESCENT_PHASE,-0.2409,-0.1028,0.2032,0.1059
436,12.944,0.5957,-3.4807,3.7401,-0.2364,-0.0956,-0.439,3.72,0.224,3.547,0.3973,-3.5847,0.2,0.0,0.0,0.0,-0.1512,-0.0908,-0.4417,0.4757,-0.4464,1,1,0,0.635,0.274,0.726,0,0,0.0,5,DESCENT_PHASE,-0.2364,-0.0956,0.1985,0.104
437,12.966,0.5911,-3.4824,3.7313,-0.2315,-0.0878,-0.4384,3.711,0.219,3.538,0.3973,-3.5847,0.2,0.0,0.0,0.0,-0.1472,-0.0918,-0.4427,0.4755,-0.4217,1,1,0,0.635,0.276,0.724,0,0,0.0,5,DESCENT_PHASE,-0.2315,-0.0878,0.1938,0.1022
438,12.988,0.5866,-3.484,3.7225,-0.224,-0.0813,-0.4385,3.703,0.214,3.529,0.3973,-3.5847,0.2,0.0,0.0,0.0,-0.1445,-0.0923,-0.4426,0.4746,-0.4461,1,1,0,0.642,0.277,0.723,0,0,0.0,5,DESCENT_PHASE,-0.224,-0.0813,0.1893,0.1006
439,13.011,0.5823,-3.4855,3.7138,-0.2168,-0.0747,-0.4384,3.694,0.21,3.52,0.3973,-3.5847,0.2,0.0,0.0,0.0,-0.1419,-0.0931,-0.4427,0.4741,-0.4207,1,1,0,0.642,0.272,0.728,0,0,0.0,5,DESCENT_PHASE,-0.2168,-0.0747,0.185,0.0991
440,13.033,0.5782,-3.4869,3.705,-0.2068,-0.0697,-0.4387,3.685,0.206,3.511,0.3973,-3.5847,0.2,0.0,0.0,0.0,-0.1407,-0.0934,-0.4422,0.4733,-0.4519,1,1,0,0.649,0.285,0.715,0,0,0.0,5,DESCENT_PHASE,-0.2068,-0.0697,0.1809,0.0977
441,13.055,0.5742,-3.4882,3.6962,-0.1967,-0.0648,-0.4387,3.676,0.202,3.502,0.3973,-3.5847,0.2,0.0,0.0,0.0,-0.1398,-0.0937,-0.4422,0.4731,-0.4175,1,1,0,0.649,0.286,0.714,0,0,0.0,5,DESCENT_PHASE,-0.1967,-0.0648,0.1769,0.0964
442,13.077,0.5705,-3.4895,3.6874,-0.1861,-0.0623,-0.4388,3.667,0.198,3.493,0.3973,-3.5847,0.2,0.0,0.0,0.0,-0.1394,-0.0931,-0.4421,0.4728,-0.4489,1,1,0,0.655,0.29,0.71,0,0,0.0,5,DESCENT_PHASE,-0.1861,-0.0623,0.1732,0.0952
443,13.099,0.567,-3.4907,3.6787,-0.1759,-0.06,-0.4388,3.659,0.194,3.484,0.3973,-3.5847,0.2,0.0,0.0,0.0,-0.1391,-0.0926,-0.4421,0.4726,-0.4132,1,1,0,0.656,0.295,0.705,0,0,0.0,5,DESCENT_PHASE,-0.1759,-0.06,0.1697,0.094
444,13.121,0.5637,-3.4919,3.6699,-0.1657,-0.0602,-0.4388,3.65,0.191,3.475,0.3973,-3.5847,0.2,0.0,0.0,0.0,-0.1391,-0.091,-0.442,0.4722,-0.4434,1,1,0,0.661,0.307,0.693,0,0,0.0,5,DESCENT_PHASE,-0.1657,-0.0602,0.1664,0.0928
445,13.145,0.5605,-3.4931,3.6611,-0.1559,-0.0605,-0.4387,3.641,0.187,3.466,0.3973,-3.5847,0.2,0.0,0.0,0.0,-0.1392,-0.0893,-0.4423,0.4722,-0.3994,1,1,0,0.66,0.307,0.693,0,0,0.0,5,DESCENT_PHASE,-0.1559,-0.0605,0.1633,0.0916
446,13.168,0.5576,-3.4944,3.6523,-0.1471,-0.0632,-0.4387,3.632,0.184,3.457,0.3973,-3.5847,0.2,0.0,0.0,0.0,-0.1391,-0.0866,-0.4422,0.4715,-0.4351,1,1,0,0.664,0.319,0.681,0,0,0.0,5,DESCENT_PHASE,-0.1471,-0.0632,0.1603,0.0903
447,13.19,0.5548,-3.4957,3.6436,-0.1377,-0.0651,-0.4389,3.624,0.181,3.448,0.3973,-3.5847,0.2,0.0,0.0,0.0,-0.1395,-0.0841,-0.4419,0.471,-0.3941,1,1,0,0.663,0.31,0.69,0,0,0.0,5,DESCENT_PHASE,-0.1377,-0.0651,0.1576,0.089
448,13.213,0.5523,-3.497,3.6348,-0.1291,-0.0691,-0.4389,3.615,0.178,3.439,0.3973,-3.5847,0.2,0.0,0.0,0.0,-0.1398,-0.0807,-0.4419,0.4704,-0.4277,1,1,0,0.667,0.324,0.676,0,0,0.0,5,DESCENT_PHASE,-0.1291,-0.0691,0.155,0.0876
449,13.236,0.5499,-3.4985,3.626,-0.1204,-0.0721,-0.4393,3.606,0.175,3.43,0.3973,-3.5847,0.2,0.0,0.0,0.0,-0.1403,-0.0776,-0.4412,0.4694,-0.3882,1,1,0,0.665,0.314,0.686,0,0,0.0,5,DESCENT_PHASE,-0.1204,-0.0721,0.1526,0.0862
450,13.26,0.5476,-3.5,3.6172,-0.1132,-0.0768,-0.4389,3.597,0.173,3.422,0.3973,-3.5847,0.2,0.0,0.0,0.0,-0.1405,-0.0737,-0.4419,0.4695,-0.4263,1,1,0,0.668,0.327,0.673,0,0,0.0,5,DESCENT_PHASE,-0.1132,-0.0768,0.1503,0.0846
451,13.284,0.5455,-3.5016,3.6084,-0.1056,-0.08,-0.439,3.588,0.17,3.413,0.3973,-3.5847,0.2,0.0,0.0,0.0,-0.141,-0.0703,-0.4418,0.469,-0.3873,1,1,0,0.665,0.311,0.689,0,0,0.0,5,DESCENT_PHASE,-0.1056,-0.08,0.1482,0.083
452,13.306,0.5435,-3.5033,3.5997,-0.0995,-0.0845,-0.4389,3.58,0.167,3.404,0.3973,-3.5847,0.2,0.0,0.0,0.0,-0.141,-0.0662,-0.4419,0.4685,-0.4257,1,1,0,0.667,0.325,0.675,0,0,0.0,5,DESCENT_PHASE,-0.0995,-0.0845,0.1462,0.0814
453,13.328,0.5416,-3.505,3.5909,-0.0933,-0.0874,-0.4389,3.571,0.165,3.395,0.3973,-3.5847,0.2,0.0,0.0,0.0,-0.1412,-0.0628,-0.4419,0.4682,-0.3858,1,1,0,0.664,0.31,0.69,0,0,0.0,5,DESCENT_PHASE,-0.0933,-0.0874,0.1444,0.0796
454,13.35,0.5399,-3.5069,3.5821,-0.0887,-0.0913,-0.4388,3.562,0.162,3.386,0.3973,-3.5847,0.2,0.0,0.0,0.0,-0.1409,-0.0588,-0.442,0.4676,-0.4244,1,1,0,0.666,0.317,0.683,0,0,0.0,5,DESCENT_PHASE,-0.0887,-0.0913,0.1426,0.0778
455,13.373,0.5382,-3.5087,3.5733,-0.0839,-0.0931,-0.4389,3.553,0.16,3.377,0.3973,-3.5847,0.2,0.0,0.0,0.0,-0.1408,-0.0557,-0.4419,0.4672,-0.3881,1,1,0,0.662,0.306,0.694,0,0,0.0,5,DESCENT_PHASE,-0.0839,-0.0931,0.1409,0.0759
456,13.395,0.5366,-3.5107,3.5646,-0.0806,-0.0957,-0.4386,3.545,0.158,3.368,0.3973,-3.5847,0.2,0.0,0.0,0.0,-0.0987,-0.0326,-0.4423,0.4543,-0.4269,1,1,0,0.663,0.306,0.694,0,0,0.0,5,DESCENT_PHASE,-0.0806,-0.0957,0.1393,0.074
457,13.418,0.535,-3.5126,3.5558,-0.0778,-0.096,-0.4385,3.536,0.155,3.359,0.3973,-3.5847,0.2,0.0,0.0,0.0,-0.0568,-0.0093,-0.4425,0.4462,-0.3879,1,1,0,0.659,0.298,0.702,0,0,0.0,5,DESCENT_PHASE,-0.0778,-0.096,0.1377,0.0721
458,13.441,0.5335,-3.5145,3.547,-0.0771,-0.0969,-0.4384,3.527,0.153,3.351,0.3973,-3.5847,0.2,0.0,0.0,0.0,-0.0149,0.0143,-0.4427,0.4431,-0.4178,1,1,0,0.66,0.296,0.704,0,0,0.0,5,DESCENT_PHASE,-0.0771,-0.0969,0.1362,0.0701
459,13.463,0.5319,-3.5164,3.5382,-0.0767,-0.0953,-0.4386,3.518,0.151,3.342,0.3973,-3.5847,0.2,0.0,0.0,0.0,0.0271,0.0374,-0.4424,0.4448,-0.3983,1,1,0,0.656,0.291,0.709,0,0,0.0,5,DESCENT_PHASE,-0.0767,-0.0953,0.1347,0.0682
460,13.485,0.5305,-3.5183,3.5295,-0.0741,-0.0931,-0.438,3.509,0.149,3.333,0.3973,-3.5847,0.2,0.0,0.0,0.0,0.0314,0.0394,-0.4435,0.4463,0.0034,1,1,0,0.657,0.287,0.713,0,0,0.0,5,DESCENT_PHASE,-0.0741,-0.0931,0.1332,0.0664
461,13.506,0.529,-3.5201,3.5207,-0.0723,-0.0887,-0.4386,3.501,0.147,3.324,0.3973,-3.5847,0.2,0.0,0.0,0.0,0.0306,0.0376,-0.4423,0.445,0.029,1,1,0,0.653,0.291,0.709,0,0,0.0,5,DESCENT_PHASE,-0.0723,-0.0887,0.1317,0.0646
462,13.53,0.5276,-3.5217,3.5119,-0.068,-0.084,-0.4384,3.492,0.145,3.315,0.3973,-3.5847,0.2,0.0,0.0,0.0,0.0288,0.0356,-0.4428,0.4451,0.0079,1,1,0,0.655,0.283,0.717,0,0,0.0,5,DESCENT_PHASE,-0.068,-0.084,0.1304,0.0629
463,13.556,0.5264,-3.5233,3.5032,-0.0632,-0.0769,-0.4383,3.483,0.143,3.306,0.3973,-3.5847,0.2,0.0,0.0,0.0,0.0268,0.0326,-0.4428,0.4448,0.0289,1,1,0,0.652,0.284,0.716,0,0,0.0,5,DESCENT_PHASE,-0.0632,-0.0769,0.1291,0.0614
464,13.581,0.5253,-3.5247,3.4944,-0.0549,-0.069,-0.4386,3.474,0.141,3.297,0.3973,-3.5847,0.2,0.0,0.0,0.0,0.0233,0.0293,-0.4425,0.444,-0.0046,1,1,0,0.653,0.289,0.711,0,0,0.0,5,DESCENT_PHASE,-0.0549,-0.069,0.128,0.06
465,13.605,0.5244,-3.5258,3.4856,-0.046,-0.0586,-0.4385,3.466,0.14,3.289,0.3973,-3.5847,0.2,0.0,0.0,0.0,0.0196,0.0249,-0.4425,0.4436,0.0305,1,1,0,0.65,0.28,0.72,0,0,0.0,5,DESCENT_PHASE,-0.046,-0.0586,0.1271,0.0588
466,13.628,0.5236,-3.5268,3.4769,-0.0374,-0.0486,-0.4383,3.457,0.139,3.28,0.3973,-3.5847,0.2,0.0,0.0,0.0,0.0159,0.0206,-0.443,0.4437,-0.008,1,1,0,0.652,0.292,0.708,0,0,0.0,5,DESCENT_PHASE,-0.0374,-0.0486,0.1263,0.0579
467,13.653,0.5231,-3.5275,3.4681,-0.0275,-0.0359,-0.439,3.448,0.138,3.271,0.3973,-3.5847,0.2,0.0,0.0,0.0,0.0117,0.0153,-0.4418,0.4422,0.0094,1,1,0,0.651,0.289,0.711,0,0,0.0,5,DESCENT_PHASE,-0.0275,-0.0359,0.1258,0.0571
468,13.677,0.5227,-3.528,3.4593,-0.018,-0.0238,-0.4389,3.439,0.138,3.262,0.3973,-3.5847,0.2,0.0,0.0,0.0,0.0076,0.0101,-0.4418,0.442,-0.0293,1,1,0,0.656,0.281,0.719,0,0,0.0,5,DESCENT_PHASE,-0.018,-0.0238,0.1254,0.0567
469,13.701,0.5225,-3.5282,3.4505,-0.0086,-0.0108,-0.4391,3.431,0.137,3.253,0.3973,-3.5847,0.2,0.0,0.0,0.0,0.0037,0.0046,-0.4415,0.4415,0.0048,1,1,0,0.656,0.292,0.708,0,0,0.0,5,DESCENT_PHASE,-0.0086,-0.0108,0.1253,0.0565
470,13.727,0.5225,-3.5282,3.4417,-0.001,-0.0002,-0.4392,3.422,0.137,3.245,0.3973,-3.5847,0.2,0.0,0.0,0.0,0.0004,0.0001,-0.4414,0.4414,-0.0346,1,1,0,0.66,0.3,0.7,0,0,0.0,5,DESCENT_PHASE,-0.001,-0.0002,0.1252,0.0564
471,13.756,0.5226,-3.528,3.433,0.0063,0.011,-0.4392,3.413,0.138,3.236,0.3973,-3.5847,0.2,0.0,0.0,0.0,-0.0027,-0.0047,-0.4414,0.4415,0.0002,1,1,0,0.661,0.293,0.707,0,0,0.0,5,DESCENT_PHASE,0.0063,0.011,0.1254,0.0567
472,13.785,0.5229,-3.5276,3.4242,0.0117,0.0193,-0.4391,3.404,0.138,3.227,0.3973,-3.5847,0.2,0.0,0.0,0.0,-0.005,-0.0082,-0.4415,0.4416,-0.0399,1,1,0,0.667,0.294,0.706,0,0,0.0,5,DESCENT_PHASE,0.0117,0.0193,0.1256,0.0571
473,13.817,0.5232,-3.5271,3.4154,0.0167,0.0277,-0.4389,3.395,0.138,3.218,0.3973,-3.5847,0.2,0.0,0.0,0.0,-0.0071,-0.0118,-0.4418,0.442,-0.0043,1,1,0,0.668,0.291,0.709,0,0,0.0,5,DESCENT_PHASE,0.0167,0.0277,0.1259,0.0576
474,13.851,0.5236,-3.5264,3.4066,0.0198,0.0328,-0.4389,3.387,0.139,3.21,0.3973,-3.5847,0.2,0.0,0.0,0.0,-0.0084,-0.014,-0.4419,0.4422,-0.0453,1,1,0,0.674,0.307,0.693,0,0,0.0,5,DESCENT_PHASE,0.0198,0.0328,0.1263,0.0583
475,13.883,0.5241,-3.5256,3.3978,0.0225,0.0377,-0.4386,3.378,0.14,3.201,0.3973,-3.5847,0.2,0.0,0.0,0.0,-0.0096,-0.016,-0.4424,0.4428,-0.009,1,1,0,0.676,0.318,0.682,0,0,0.0,5,DESCENT_PHASE,0.0225,0.0377,0.1268,0.059
476,13.915,0.5245,-3.5249,3.3891,0.0233,0.0388,-0.4388,3.369,0.141,3.192,0.3973,-3.5847,0.2,0.0,0.0,0.0,-0.0099,-0.0165,-0.4421,0.4425,-0.0299,1,1,0,0.68,0.327,0.673,0,0,0.0,5,DESCENT_PHASE,0.0233,0.0388,0.1272,0.0598
477,13.948,0.525,-3.5241,3.3803,0.0235,0.0392,-0.4384,3.36,0.141,3.183,0.3973,-3.5847,0.2,0.0,0.0,0.0,-0.01,-0.0166,-0.4428,0.4432,0.0071,1,1,0,0.68,0.327,0.673,0,0,0.0,5,DESCENT_PHASE,0.0235,0.0392,0.1277,0.0606
478,13.982,0.5254,-3.5233,3.3715,0.0223,0.0371,-0.4384,3.352,0.142,3.175,0.3973,-3.5847,0.2,0.0,0.0,0.0,-0.0095,-0.0157,-0.4427,0.4431,-0.0353,1,1,0,0.684,0.334,0.666,0,0,0.0,5,DESCENT_PHASE,0.0223,0.0371,0.1282,0.0613
479,14.014,0.5259,-3.5226,3.3628,0.0209,0.0356,-0.4383,3.343,0.143,3.166,0.3973,-3.5847,0.2,0.0,0.0,0.0,-0.0089,-0.0151,-0.4429,0.4432,0.0023,1,1,0,0.684,0.334,0.666,0,0,0.0,5,DESCENT_PHASE,0.0209,0.0356,0.1286,0.062
480,14.046,0.5262,-3.522,3.354,0.0181,0.0312,-0.4386,3.334,0.143,3.157,0.3973,-3.5847,0.2,0.0,0.0,0.0,-0.0077,-0.0132,-0.4423,0.4426,-0.0289,1,1,0,0.689,0.345,0.655,0,0,0.0,5,DESCENT_PHASE,0.0181,0.0312,0.1289,0.0627
481,14.078,0.5265,-3.5215,3.3452,0.0149,0.0269,-0.4384,3.325,0.144,3.149,0.3973,-3.5847,0.2,0.0,0.0,0.0,-0.0063,-0.0114,-0.4428,0.4429,0.0095,1,1,0,0.69,0.345,0.655,0,0,0.0,5,DESCENT_PHASE,0.0149,0.0269,0.1292,0.0632
482,14.11,0.5268,-3.5211,3.3365,0.012,0.0203,-0.4387,3.316,0.144,3.14,0.3973,-3.5847,0.2,0.0,0.0,0.0,-0.0051,-0.0086,-0.4423,0.4424,-0.0077,1,1,0,0.691,0.35,0.65,0,0,0.0,5,DESCENT_PHASE,0.012,0.0203,0.1295,0.0636
483,14.143,0.527,-3.5208,3.3277,0.0104,0.0144,-0.4386,3.308,0.145,3.131,0.3973,-3.5847,0.2,0.0,0.0,0.0,-0.0044,-0.0061,-0.4424,0.4425,0.0241,1,1,0,0.689,0.339,0.661,0,0,0.0,5,DESCENT_PHASE,0.0104,0.0144,0.1297,0.0639
484,14.174,0.5271,-3.5206,3.3189,0.008,0.0079,-0.4386,3.299,0.145,3.122,0.3973,-3.5847,0.2,0.0,0.0,0.0,-0.0034,-0.0034,-0.4425,0.4425,-0.0194,1,1,0,0.692,0.344,0.656,0,0,0.0,5,DESCENT_PHASE,0.008,0.0079,0.1298,0.064
485,14.203,0.5272,-3.5205,3.3101,0.0061,0.0034,-0.4386,3.29,0.145,3.114,0.3973,-3.5847,0.2,0.0,0.0,0.0,-0.0026,-0.0014,-0.4425,0.4425,0.0191,1,1,0,0.691,0.347,0.653,0,0,0.0,5,DESCENT_PHASE,0.0061,0.0034,0.13,0.0641
486,14.234,0.5273,-3.5206,3.3014,0.0038,-0.0028,-0.4387,3.281,0.145,3.105,0.3973,-3.5847,0.2,0.0,0.0,0.0,-0.0016,0.0012,-0.4422,0.4422,-0.0244,1,1,0,0.694,0.35,0.65,0,0,0.0,5,DESCENT_PHASE,0.0038,-0.0028,0.13,0.0641
487,14.261,0.5274,-3.5207,3.2926,0.0019,-0.0074,-0.4387,3.273,0.145,3.096,0.3973,-3.5847,0.2,0.0,0.0,0.0,-0.0008,0.0031,-0.4423,0.4423,0.0143,1,1,0,0.693,0.347,0.653,0,0,0.0,5,DESCENT_PHASE,0.0019,-0.0074,0.1301,0.0639
488,14.288,0.5273,-3.521,3.2838,-0.0005,-0.014,-0.439,3.264,0.145,3.087,0.3973,-3.5847,0.2,0.0,0.0,0.0,0.0002,0.0059,-0.4416,0.4417,0.004,1,1,0,0.694,0.348,0.652,0,0,0.0,5,DESCENT_PHASE,-0.0005,-0.014,0.1301,0.0636
489,14.314,0.5273,-3.5214,3.275,-0.0025,-0.0195,-0.4388,3.255,0.145,3.078,0.3973,-3.5847,0.2,0.0,0.0,0.0,0.0011,0.0083,-0.442,0.4421,0.0368,1,1,0,0.69,0.346,0.654,0,0,0.0,5,DESCENT_PHASE,-0.0025,-0.0195,0.13,0.0632
490,14.34,0.5272,-3.5219,3.2663,-0.0042,-0.0247,-0.4386,3.246,0.144,3.07,0.3973,-3.5847,0.2,0.0,0.0,0.0,0.0018,0.0105,-0.4423,0.4425,-0.0073,1,1,0,0.691,0.344,0.656,0,0,0.0,5,DESCENT_PHASE,-0.0042,-0.0247,0.1299,0.0627
491,14.367,0.5271,-3.5224,3.2575,-0.0057,-0.0268,-0.4386,3.237,0.144,3.061,0.3973,-3.5847,0.2,0.0,0.0,0.0,0.0024,0.0114,-0.4424,0.4425,0.0317,1,1,0,0.688,0.333,0.667,0,0,0.0,5,DESCENT_PHASE,-0.0057,-0.0268,0.1298,0.0622
492,14.394,0.5269,-3.523,3.2487,-0.0078,-0.0296,-0.4386,3.229,0.144,3.052,0.3973,-3.5847,0.2,0.0,0.0,0.0,0.0033,0.0125,-0.4424,0.4425,-0.0113,1,1,0,0.69,0.336,0.664,0,0,0.0,5,DESCENT_PHASE,-0.0078,-0.0296,0.1297,0.0616
493,14.419,0.5267,-3.5236,3.24,-0.0099,-0.0298,-0.4385,3.22,0.143,3.043,0.3973,-3.5847,0.2,0.0,0.0,0.0,0.0042,0.0126,-0.4425,0.4427,0.0281,1,1,0,0.687,0.339,0.661,0,0,0.0,5,DESCENT_PHASE,-0.0099,-0.0298,0.1295,0.061
494,14.444,0.5265,-3.5243,3.2312,-0.0125,-0.0309,-0.4386,3.211,0.143,3.035,0.3973,-3.5847,0.2,0.0,0.0,0.0,0.0053,0.0131,-0.4424,0.4426,-0.0106,1,1,0,0.689,0.34,0.66,0,0,0.0,5,DESCENT_PHASE,-0.0125,-0.0309,0.1292,0.0604
495,14.47,0.5262,-3.5248,3.2224,-0.015,-0.0298,-0.4385,3.202,0.142,3.026,0.3973,-3.5847,0.2,0.0,0.0,0.0,0.0064,0.0126,-0.4425,0.4427,0.029,1,1,0,0.687,0.338,0.662,0,0,0.0,5,DESCENT_PHASE,-0.015,-0.0298,0.1289,0.0598
496,14.493,0.5258,-3.5254,3.2136,-0.0175,-0.0296,-0.4385,3.194,0.142,3.017,0.3973,-3.5847,0.2,0.0,0.0,0.0,0.0074,0.0125,-0.4425,0.4427,-0.0156,1,1,0,0.69,0.344,0.656,0,0,0.0,5,DESCENT_PHASE,-0.0175,-0.0296,0.1286,0.0592
497,14.517,0.5255,-3.526,3.2049,-0.0192,-0.027,-0.4385,3.185,0.141,3.008,0.3973,-3.5847,0.2,0.0,0.0,0.0,0.0082,0.0115,-0.4426,0.4428,0.0241,1,1,0,0.689,0.337,0.663,0,0,0.0,5,DESCENT_PHASE,-0.0192,-0.027,0.1282,0.0587
498,14.54,0.525,-3.5265,3.1961,-0.0209,-0.0257,-0.4384,3.176,0.14,2.999,0.3973,-3.5847,0.2,0.0,0.0,0.0,0.0089,0.0109,-0.4427,0.4429,-0.0207,1,1,0,0.692,0.344,0.656,0,0,0.0,5,DESCENT_PHASE,-0.0209,-0.0257,0.1278,0.0582
499,14.563,0.5246,-3.5269,3.1873,-0.022,-0.0224,-0.4385,3.167,0.14,2.991,0.3973,-3.5847,0.2,0.0,0.0,0.0,0.0094,0.0095,-0.4426,0.4428,0.019,1,1,0,0.692,0.344,0.656,0,0,0.0,5,DESCENT_PHASE,-0.022,-0.0224,0.1273,0.0577
500,14.588,0.5241,-3.5274,3.1786,-0.023,-0.0209,-0.4385,3.159,0.139,2.982,0.3973,-3.5847,0.2,0.0,0.0,0.0,0.0098,0.0089,-0.4425,0.4427,-0.0256,1,1,0,0.696,0.345,0.655,0,0,0.0,5,DESCENT_PHASE,-0.023,-0.0209,0.1269,0.0573
501,14.611,0.5237,-3.5277,3.1698,-0.0234,-0.0178,-0.4385,3.15,0.139,2.973,0.3973,-3.5847,0.2,0.0,0.0,0.0,0.0099,0.0076,-0.4426,0.4428,0.0141,1,1,0,0.696,0.348,0.652,0,0,0.0,5,DESCENT_PHASE,-0.0234,-0.0178,0.1264,0.0569
502,14.635,0.5232,-3.5281,3.161,-0.0236,-0.0168,-0.4385,3.141,0.138,2.964,0.3973,-3.5847,0.2,0.0,0.0,0.0,0.01,0.0072,-0.4426,0.4428,-0.0281,1,1,0,0.7,0.354,0.646,0,0,0.0,5,DESCENT_PHASE,-0.0236,-0.0168,0.1259,0.0566
503,14.658,0.5227,-3.5283,3.1523,-0.0233,-0.0147,-0.4385,3.132,0.138,2.955,0.3973,-3.5847,0.2,0.0,0.0,0.0,0.0099,0.0063,-0.4426,0.4428,0.0116,1,1,0,0.701,0.35,0.65,0,0,0.0,5,DESCENT_PHASE,-0.0233,-0.0147,0.1255,0.0563
504,14.682,0.5223,-3.5286,3.1435,-0.0225,-0.0149,-0.4386,3.123,0.137,2.947,0.3973,-3.5847,0.2,0.0,0.0,0.0,0.0096,0.0063,-0.4423,0.4425,-0.0199,1,1,0,0.703,0.355,0.645,0,0,0.0,5,DESCENT_PHASE,-0.0225,-0.0149,0.125,0.056
505,14.706,0.5219,-3.5289,3.1347,-0.0209,-0.014,-0.4385,3.115,0.136,2.938,0.3973,-3.5847,0.2,0.0,0.0,0.0,0.0089,0.006,-0.4426,0.4428,0.0195,1,1,0,0.702,0.351,0.649,0,0,0.0,5,DESCENT_PHASE,-0.0209,-0.014,0.1246,0.0557
506,14.727,0.5215,-3.5292,3.1259,-0.0195,-0.0149,-0.4385,3.106,0.136,2.929,0.3973,-3.5847,0.2,0.0,0.0,0.0,0.0083,0.0063,-0.4426,0.4427,-0.0209,1,1,0,0.705,0.354,0.646,0,0,0.0,5,DESCENT_PHASE,-0.0195,-0.0149,0.1242,0.0554
507,14.749,0.5211,-3.5295,3.1172,-0.0183,-0.0141,-0.4385,3.097,0.136,2.92,0.3973,-3.5847,0.2,0.0,0.0,0.0,0.0078,0.006,-0.4426,0.4427,0.0187,1,1,0,0.704,0.355,0.645,0,0,0.0,5,DESCENT_PHASE,-0.0183,-0.0141,0.1238,0.0552
508,14.771,0.5208,-3.5298,3.1084,-0.0168,-0.015,-0.4385,3.088,0.135,2.912,0.3973,-3.5847,0.2,0.0,0.0,0.0,0.0072,0.0064,-0.4426,0.4427,-0.0258,1,1,0,0.708,0.359,0.641,0,0,0.0,5,DESCENT_PHASE,-0.0168,-0.015,0.1235,0.0549
509,14.797,0.5205,-3.5301,3.0996,-0.0151,-0.0143,-0.4385,3.08,0.135,2.903,0.3973,-3.5847,0.2,0.0,0.0,0.0,0.0064,0.0061,-0.4426,0.4427,0.0137,1,1,0,0.708,0.358,0.642,0,0,0.0,5,DESCENT_PHASE,-0.0151,-0.0143,0.1232,0.0546
510,14.823,0.5202,-3.5304,3.0909,-0.0132,-0.0158,-0.4386,3.071,0.134,2.894,0.3973,-3.5847,0.2,0.0,0.0,0.0,0.0056,0.0067,-0.4423,0.4424,-0.0194,1,1,0,0.711,0.363,0.637,0,0,0.0,5,DESCENT_PHASE,-0.0132,-0.0158,0.1229,0.0543
511,14.85,0.52,-3.5307,3.0821,-0.0109,-0.0161,-0.4385,3.062,0.134,2.885,0.3973,-3.5847,0.2,0.0,0.0,0.0,0.0046,0.0068,-0.4426,0.4426,0.0199,1,1,0,0.709,0.358,0.642,0,0,0.0,5,DESCENT_PHASE,-0.0109,-0.0161,0.1227,0.0539
512,14.878,0.5198,-3.5311,3.0733,-0.0089,-0.0179,-0.4385,3.053,0.134,2.876,0.3973,-3.5847,0.2,0.0,0.0,0.0,0.0038,0.0076,-0.4425,0.4426,-0.0219,1,1,0,0.712,0.364,0.636,0,0,0.0,5,DESCENT_PHASE,-0.0089,-0.0179,0.1225,0.0536
513,14.904,0.5197,-3.5314,3.0646,-0.0071,-0.0181,-0.4385,3.045,0.133,2.868,0.3973,-3.5847,0.2,0.0,0.0,0.0,0.003,0.0077,-0.4425,0.4426,0.0176,1,1,0,0.711,0.361,0.639,0,0,0.0,5,DESCENT_PHASE,-0.0071,-0.0181,0.1224,0.0532
514,14.931,0.5196,-3.5318,3.0558,-0.0053,-0.0201,-0.4386,3.036,0.133,2.859,0.3973,-3.5847,0.2,0.0,0.0,0.0,0.0023,0.0086,-0.4424,0.4425,-0.0237,1,1,0,0.714,0.367,0.633,0,0,0.0,5,DESCENT_PHASE,-0.0053,-0.0201,0.1223,0.0528
515,14.959,0.5195,-3.5323,3.047,-0.0035,-0.0207,-0.4385,3.027,0.133,2.85,0.3973,-3.5847,0.2,0.0,0.0,0.0,0.0015,0.0088,-0.4425,0.4426,0.0158,1,1,0,0.714,0.365,0.635,0,0,0.0,5,DESCENT_PHASE,-0.0035,-0.0207,0.1222,0.0524
516,14.986,0.5195,-3.5327,3.0382,-0.0016,-0.0231,-0.4387,3.018,0.133,2.841,0.3973,-3.5847,0.2,0.0,0.0,0.0,0.0007,0.0098,-0.4421,0.4423,-0.0098,1,1,0,0.715,0.367,0.633,0,0,0.0,5,DESCENT_PHASE,-0.0016,-0.0231,0.1222,0.0519
517,15.015,0.5195,-3.5332,3.0295,0.0003,-0.0242,-0.4385,3.009,0.133,2.833,0.3973,-3.5847,0.2,0.0,0.0,0.0,-0.0001,0.0103,-0.4425,0.4426,0.0295,1,1,0,0.712,0.359,0.641,0,0,0.0,5,DESCENT_PHASE,0.0003,-0.0242,0.1222,0.0514
518,15.042,0.5195,-3.5337,3.0207,0.0018,-0.0262,-0.4385,3.001,0.132,2.824,0.3973,-3.5847,0.2,0.0,0.0,0.0,-0.0008,0.0111,-0.4425,0.4426,-0.0148,1,1,0,0.714,0.362,0.638,0,0,0.0,5,DESCENT_PHASE,0.0018,-0.0262,0.1222,0.0509
519,15.069,0.5196,-3.5342,3.0119,0.0026,-0.0256,-0.4385,2.992,0.132,2.815,0.3973,-3.5847,0.2,0.0,0.0,0.0,-0.0011,0.0109,-0.4426,0.4427,0.0246,1,1,0,0.712,0.36,0.64,0,0,0.0,5,DESCENT_PHASE,0.0026,-0.0256,0.1223,0.0504
520,15.097,0.5196,-3.5348,3.0032,0.0031,-0.0263,-0.4384,2.983,0.132,2.806,0.3973,-3.5847,0.2,0.0,0.0,0.0,-0.0013,0.0112,-0.4427,0.4428,-0.0199,1,1,0,0.714,0.361,0.639,0,0,0.0,5,DESCENT_PHASE,0.0031,-0.0263,0.1223,0.0499
521,15.125,0.5197,-3.5353,2.9944,0.003,-0.025,-0.4385,2.974,0.132,2.798,0.3973,-3.5847,0.2,0.0,0.0,0.0,-0.0013,0.0107,-0.4426,0.4427,0.0196,1,1,0,0.712,0.359,0.641,0,0,0.0,5,DESCENT_PHASE,0.003,-0.025,0.1224,0.0494
522,15.155,0.5197,-3.5358,2.9856,0.0027,-0.0253,-0.4386,2.966,0.132,2.789,0.3973,-3.5847,0.2,0.0,0.0,0.0,-0.0011,0.0108,-0.4423,0.4425,-0.0179,1,1,0,0.715,0.361,0.639,0,0,0.0,5,DESCENT_PHASE,0.0027,-0.0253,0.1225,0.0489
523,15.182,0.5198,-3.5363,2.9768,0.0018,-0.0241,-0.4385,2.957,0.132,2.78,0.3973,-3.5847,0.2,0.0,0.0,0.0,-0.0008,0.0103,-0.4426,0.4427,0.0217,1,1,0,0.714,0.362,0.638,0,0,0.0,5,DESCENT_PHASE,0.0018,-0.0241,0.1225,0.0484
524,15.211,0.5198,-3.5367,2.9681,0.0013,-0.0243,-0.4384,2.948,0.132,2.771,0.3973,-3.5847,0.2,0.0,0.0,0.0,-0.0005,0.0103,-0.4427,0.4428,-0.0228,1,1,0,0.717,0.365,0.635,0,0,0.0,5,DESCENT_PHASE,0.0013,-0.0243,0.1225,0.0479
525,15.238,0.5198,-3.5372,2.9593,0.0006,-0.0227,-0.4385,2.939,0.131,2.762,0.3973,-3.5847,0.2,0.0,0.0,0.0,-0.0003,0.0097,-0.4426,0.4427,0.0168,1,1,0,0.717,0.363,0.637,0,0,0.0,5,DESCENT_PHASE,0.0006,-0.0227,0.1225,0.0475
526,15.266,0.5198,-3.5377,2.9505,0.0005,-0.023,-0.4385,2.931,0.131,2.754,0.3973,-3.5847,0.2,0.0,0.0,0.0,-0.0002,0.0098,-0.4425,0.4426,-0.0237,1,1,0,0.72,0.369,0.631,0,0,0.0,5,DESCENT_PHASE,0.0005,-0.023,0.1225,0.047
527,15.294,0.5198,-3.5381,2.9418,0.0003,-0.0219,-0.4385,2.922,0.131,2.745,0.3973,-3.5847,0.2,0.0,0.0,0.0,-0.0001,0.0093,-0.4426,0.4427,0.0155,1,1,0,0.719,0.366,0.634,0,0,0.0,5,DESCENT_PHASE,0.0003,-0.0219,0.1225,0.0466
528,15.322,0.5198,-3.5386,2.933,0.0004,-0.0228,-0.4387,2.913,0.131,2.736,0.3973,-3.5847,0.2,0.0,0.0,0.0,-0.0002,0.0097,-0.4423,0.4424,-0.0182,1,1,0,0.723,0.374,0.626,0,0,0.0,5,DESCENT_PHASE,0.0004,-0.0228,0.1226,0.0461
529,15.35,0.5198,-3.539,2.9242,0.0002,-0.0224,-0.4385,2.904,0.131,2.727,0.3973,-3.5847,0.2,0.0,0.0,0.0,-0.0001,0.0095,-0.4426,0.4427,0.021,1,1,0,0.722,0.368,0.632,0,0,0.0,5,DESCENT_PHASE,0.0002,-0.0224,0.1226,0.0457
530,15.377,0.5199,-3.5395,2.9155,0.001,-0.0235,-0.4386,2.895,0.131,2.719,0.3973,-3.5847,0.2,0.0,0.0,0.0,-0.0004,0.01,-0.4424,0.4425,-0.0119,1,1,0,0.724,0.371,0.629,0,0,0.0,5,DESCENT_PHASE,0.001,-0.0235,0.1226,0.0452
531,15.406,0.5199,-3.5399,2.9067,0.002,-0.0228,-0.4385,2.887,0.131,2.71,0.3973,-3.5847,0.2,0.0,0.0,0.0,-0.0009,0.0097,-0.4426,0.4427,0.0268,1,1,0,0.722,0.365,0.635,0,0,0.0,5,DESCENT_PHASE,0.002,-0.0228,0.1226,0.0447
532,15.434,0.52,-3.5404,2.8979,0.003,-0.0231,-0.4384,2.878,0.13,2.701,0.3973,-3.5847,0.2,0.0,0.0,0.0,-0.0013,0.0099,-0.4427,0.4428,-0.0167,1,1,0,0.724,0.369,0.631,0,0,0.0,5,DESCENT_PHASE,0.003,-0.0231,0.1227,0.0443
533,15.462,0.52,-3.5408,2.8891,0.0032,-0.0213,-0.4385,2.869,0.13,2.692,0.3973,-3.5847,0.2,0.0,0.0,0.0,-0.0014,0.0091,-0.4426,0.4427,0.0219,1,1,0,0.722,0.368,0.632,0,0,0.0,5,DESCENT_PHASE,0.0032,-0.0213,0.1227,0.0438
534,15.489,0.5201,-3.5412,2.8804,0.0034,-0.0208,-0.4385,2.86,0.13,2.684,0.3973,-3.5847,0.2,0.0,0.0,0.0,-0.0015,0.0089,-0.4425,0.4426,-0.0213,1,1,0,0.725,0.373,0.627,0,0,0.0,5,DESCENT_PHASE,0.0034,-0.0208,0.1228,0.0434
535,15.514,0.5202,-3.5416,2.8716,0.003,-0.0185,-0.4385,2.852,0.13,2.675,0.3973,-3.5847,0.2,0.0,0.0,0.0,-0.0013,0.0079,-0.4426,0.4427,0.0173,1,1,0,0.724,0.369,0.631,0,0,0.0,5,DESCENT_PHASE,0.003,-0.0185,0.1229,0.0431
536,15.539,0.5202,-3.542,2.8628,0.0029,-0.0179,-0.4384,2.843,0.13,2.666,0.3973,-3.5847,0.2,0.0,0.0,0.0,-0.0012,0.0076,-0.4427,0.4427,-0.0259,1,1,0,0.727,0.376,0.624,0,0,0.0,5,DESCENT_PHASE,0.0029,-0.0179,0.1229,0.0427
537,15.566,0.5203,-3.5423,2.8541,0.0022,-0.016,-0.4385,2.834,0.13,2.657,0.3973,-3.5847,0.2,0.0,0.0,0.0,-0.0009,0.0068,-0.4426,0.4427,0.0126,1,1,0,0.726,0.374,0.626,0,0,0.0,5,DESCENT_PHASE,0.0022,-0.016,0.123,0.0424
538,15.594,0.5203,-3.5426,2.8453,0.0019,-0.0161,-0.4386,2.825,0.13,2.648,0.3973,-3.5847,0.2,0.0,0.0,0.0,-0.0008,0.0069,-0.4424,0.4424,-0.0202,1,1,0,0.73,0.378,0.622,0,0,0.0,5,DESCENT_PHASE,0.0019,-0.0161,0.123,0.0421
539,15.621,0.5203,-3.5429,2.8365,0.0013,-0.0152,-0.4385,2.817,0.13,2.64,0.3973,-3.5847,0.2,0.0,0.0,0.0,-0.0006,0.0065,-0.4426,0.4426,0.0181,1,1,0,0.73,0.377,0.623,0,0,0.0,5,DESCENT_PHASE,0.0013,-0.0152,0.123,0.0418
540,15.648,0.5204,-3.5432,2.8278,0.0017,-0.016,-0.4386,2.808,0.13,2.631,0.3973,-3.5847,0.2,0.0,0.0,0.0,-0.0007,0.0068,-0.4424,0.4425,-0.0165,1,1,0,0.732,0.381,0.619,0,0,0.0,5,DESCENT_PHASE,0.0017,-0.016,0.1231,0.0414
541,15.678,0.5204,-3.5435,2.819,0.0023,-0.0153,-0.4385,2.799,0.13,2.622,0.3973,-3.5847,0.2,0.0,0.0,0.0,-0.001,0.0065,-0.4426,0.4426,0.0212,1,1,0,0.73,0.376,0.624,0,0,0.0,5,DESCENT_PHASE,0.0023,-0.0153,0.1231,0.0411
542,15.707,0.5205,-3.5439,2.8102,0.0031,-0.016,-0.4385,2.79,0.13,2.613,0.3973,-3.5847,0.2,0.0,0.0,0.0,-0.0013,0.0068,-0.4425,0.4426,-0.0209,1,1,0,0.733,0.381,0.619,0,0,0.0,5,DESCENT_PHASE,0.0031,-0.016,0.1232,0.0408
543,15.738,0.5205,-3.5442,2.8014,0.003,-0.0149,-0.4385,2.781,0.13,2.605,0.3973,-3.5847,0.2,0.0,0.0,0.0,-0.0013,0.0064,-0.4426,0.4426,0.0167,1,1,0,0.732,0.377,0.623,0,0,0.0,5,DESCENT_PHASE,0.003,-0.0149,0.1232,0.0405
544,15.768,0.5206,-3.5445,2.7927,0.0033,-0.0155,-0.4384,2.773,0.13,2.596,0.3973,-3.5847,0.2,0.0,0.0,0.0,-0.0014,0.0066,-0.4426,0.4427,-0.0253,1,1,0,0.735,0.384,0.616,0,0,0.0,5,DESCENT_PHASE,0.0033,-0.0155,0.1233,0.0402
545,15.797,0.5206,-3.5448,2.7839,0.003,-0.0148,-0.4385,2.764,0.13,2.587,0.3973,-3.5847,0.2,0.0,0.0,0.0,-0.0013,0.0063,-0.4426,0.4426,0.0121,1,1,0,0.735,0.381,0.619,0,0,0.0,5,DESCENT_PHASE,0.003,-0.0148,0.1234,0.0399
546,15.828,0.5207,-3.5451,2.7751,0.0033,-0.0161,-0.4387,2.755,0.13,2.578,0.3973,-3.5847,0.2,0.0,0.0,0.0,-0.0014,0.0069,-0.4422,0.4422,-0.0132,1,1,0,0.738,0.389,0.611,0,0,0.0,5,DESCENT_PHASE,0.0033,-0.0161,0.1234,0.0396
547,15.857,0.5208,-3.5454,2.7664,0.0031,-0.0165,-0.4385,2.746,0.13,2.57,0.3973,-3.5847,0.2,0.0,0.0,0.0,-0.0013,0.007,-0.4426,0.4426,0.024,1,1,0,0.738,0.387,0.613,0,0,0.0,5,DESCENT_PHASE,0.0031,-0.0165,0.1235,0.0392
548,15.886,0.5209,-3.5458,2.7576,0.0042,-0.0179,-0.4386,2.738,0.13,2.561,0.3973,-3.5847,0.2,0.0,0.0,0.0,-0.0018,0.0076,-0.4424,0.4425,-0.0105,1,1,0,0.74,0.391,0.609,0,0,0.0,5,DESCENT_PHASE,0.0042,-0.0179,0.1236,0.0389
549,15.916,0.521,-3.5461,2.7488,0.0054,-0.0173,-0.4385,2.729,0.13,2.552,0.3973,-3.5847,0.2,0.0,0.0,0.0,-0.0023,0.0074,-0.4426,0.4426,0.0259,1,1,0,0.738,0.386,0.614,0,0,0.0,5,DESCENT_PHASE,0.0054,-0.0173,0.1237,0.0385
550,15.947,0.5211,-3.5465,2.74,0.007,-0.0176,-0.4384,2.72,0.13,2.543,0.3973,-3.5847,0.2,0.0,0.0,0.0,-0.003,0.0075,-0.4426,0.4427,-0.0147,1,1,0,0.74,0.391,0.609,0,0,0.0,5,DESCENT_PHASE,0.007,-0.0176,0.1238,0.0382
551,15.979,0.5213,-3.5468,2.7313,0.0076,-0.0158,-0.4385,2.711,0.13,2.535,0.3973,-3.5847,0.2,0.0,0.0,0.0,-0.0032,0.0067,-0.4426,0.4427,0.0215,1,1,0,0.739,0.387,0.613,0,0,0.0,5,DESCENT_PHASE,0.0076,-0.0158,0.124,0.0379
552,16.01,0.5214,-3.5471,2.7225,0.0089,-0.0151,-0.4385,2.703,0.13,2.526,0.3973,-3.5847,0.2,0.0,0.0,0.0,-0.0038,0.0064,-0.4425,0.4426,-0.0187,1,1,0,0.742,0.393,0.607,0,0,0.0,5,DESCENT_PHASE,0.0089,-0.0151,0.1242,0.0376
553,16.04,0.5216,-3.5473,2.7137,0.0094,-0.0127,-0.4385,2.694,0.13,2.517,0.3973,-3.5847,0.2,0.0,0.0,0.0,-0.004,0.0054,-0.4426,0.4426,0.0172,1,1,0,0.741,0.391,0.609,0,0,0.0,5,DESCENT_PHASE,0.0094,-0.0127,0.1243,0.0373
554,16.071,0.5218,-3.5476,2.705,0.0108,-0.0118,-0.4385,2.685,0.13,2.508,0.3973,-3.5847,0.2,0.0,0.0,0.0,-0.0046,0.005,-0.4425,0.4426,-0.0207,1,1,0,0.744,0.396,0.604,0,0,0.0,5,DESCENT_PHASE,0.0108,-0.0118,0.1246,0.0371
555,16.101,0.5221,-3.5478,2.6962,0.0117,-0.0095,-0.4385,2.676,0.13,2.5,0.3973,-3.5847,0.2,0.0,0.0,0.0,-0.005,0.004,-0.4426,0.4426,0.0147,1,1,0,0.743,0.393,0.607,0,0,0.0,5,DESCENT_PHASE,0.0117,-0.0095,0.1248,0.0369
556,16.133,0.5223,-3.5479,2.6874,0.0133,-0.0089,-0.4386,2.667,0.13,2.491,0.3973,-3.5847,0.2,0.0,0.0,0.0,-0.0057,0.0038,-0.4424,0.4424,-0.0232,1,1,0,0.746,0.399,0.601,0,0,0.0,5,DESCENT_PHASE,0.0133,-0.0089,0.1251,0.0367
557,16.162,0.5226,-3.5481,2.6787,0.0142,-0.007,-0.4385,2.659,0.131,2.482,0.3973,-3.5847,0.2,0.0,0.0,0.0,-0.0061,0.003,-0.4425,0.4426,0.0118,1,1,0,0.745,0.396,0.604,0,0,0.0,5,DESCENT_PHASE,0.0142,-0.007,0.1253,0.0366
558,16.191,0.5229,-3.5482,2.6699,0.0159,-0.0071,-0.4386,2.65,0.131,2.473,0.3973,-3.5847,0.2,0.0,0.0,0.0,-0.0068,0.003,-0.4425,0.4425,-0.0243,1,1,0,0.748,0.4,0.6,0,0,0.0,5,DESCENT_PHASE,0.0159,-0.0071,0.1257,0.0364
559,16.223,0.5233,-3.5483,2.6611,0.0167,-0.0061,-0.4385,2.641,0.131,2.465,0.3973,-3.5847,0.2,0.0,0.0,0.0,-0.0071,0.0026,-0.4426,0.4426,0.0103,1,1,0,0.746,0.396,0.604,0,0,0.0,5,DESCENT_PHASE,0.0167,-0.0061,0.126,0.0363
560,16.256,0.5236,-3.5485,2.6523,0.018,-0.0072,-0.4387,2.632,0.131,2.456,0.3973,-3.5847,0.2,0.0,0.0,0.0,-0.0077,0.0031,-0.4423,0.4424,-0.0182,1,1,0,0.749,0.401,0.599,0,0,0.0,5,DESCENT_PHASE,0.018,-0.0072,0.1264,0.0362
561,16.289,0.524,-3.5486,2.6436,0.0181,-0.0074,-0.4385,2.624,0.132,2.447,0.3973,-3.5847,0.2,0.0,0.0,0.0,-0.0077,0.0031,-0.4426,0.4426,0.0162,1,1,0,0.748,0.398,0.602,0,0,0.0,5,DESCENT_PHASE,0.0181,-0.0074,0.1267,0.036
562,16.322,0.5244,-3.5488,2.6348,0.019,-0.0091,-0.4385,2.615,0.132,2.438,0.3973,-3.5847,0.2,0.0,0.0,0.0,-0.0081,0.0039,-0.4425,0.4426,-0.0199,1,1,0,0.751,0.403,0.597,0,0,0.0,5,DESCENT_PHASE,0.019,-0.0091,0.1271,0.0358
563,16.354,0.5248,-3.549,2.626,0.0192,-0.0094,-0.4385,2.606,0.132,2.43,0.3973,-3.5847,0.2,0.0,0.0,0.0,-0.0082,0.004,-0.4425,0.4426,0.014,1,1,0,0.749,0.399,0.601,0,0,0.0,5,DESCENT_PHASE,0.0192,-0.0094,0.1275,0.0357
564,16.387,0.5252,-3.5492,2.6173,0.0199,-0.0114,-0.4386,2.597,0.133,2.421,0.3973,-3.5847,0.2,0.0,0.0,0.0,-0.0085,0.0048,-0.4424,0.4425,-0.0218,1,1,0,0.752,0.404,0.596,0,0,0.0,5,DESCENT_PHASE,0.0199,-0.0114,0.1279,0.0354
565,16.419,0.5256,-3.5495,2.6085,0.0197,-0.0122,-0.4385,2.588,0.133,2.412,0.3973,-3.5847,0.2,0.0,0.0,0.0,-0.0084,0.0052,-0.4425,0.4426,0.0118,1,1,0,0.752,0.402,0.598,0,0,0.0,5,DESCENT_PHASE,0.0197,-0.0122,0.1283,0.0352
566,16.451,0.526,-3.5498,2.5997,0.0203,-0.0148,-0.4388,2.58,0.133,2.403,0.3973,-3.5847,0.2,0.0,0.0,0.0,-0.0087,0.0063,-0.4421,0.4422,-0.006,1,1,0,0.753,0.404,0.596,0,0,0.0,5,DESCENT_PHASE,0.0203,-0.0148,0.1287,0.0349
567,16.481,0.5264,-3.5501,2.5909,0.0202,-0.0164,-0.4385,2.571,0.134,2.395,0.3973,-3.5847,0.2,0.0,0.0,0.0,-0.0086,0.007,-0.4425,0.4427,0.027,1,1,0,0.751,0.399,0.601,0,0,0.0,5,DESCENT_PHASE,0.0202,-0.0164,0.1291,0.0346
568,16.512,0.5268,-3.5505,2.5822,0.0205,-0.0185,-0.4385,2.562,0.134,2.386,0.3973,-3.5847,0.2,0.0,0.0,0.0,-0.0087,0.0079,-0.4425,0.4427,-0.0095,1,1,0,0.753,0.403,0.597,0,0,0.0,5,DESCENT_PHASE,0.0205,-0.0185,0.1295,0.0342
569,16.542,0.5272,-3.5508,2.5734,0.0192,-0.0184,-0.4385,2.553,0.134,2.377,0.3973,-3.5847,0.2,0.0,0.0,0.0,-0.0082,0.0078,-0.4426,0.4428,0.0232,1,1,0,0.751,0.398,0.602,0,0,0.0,5,DESCENT_PHASE,0.0192,-0.0184,0.1299,0.0338
570,16.572,0.5275,-3.5512,2.5646,0.0186,-0.0191,-0.4384,2.545,0.134,2.368,0.3973,-3.5847,0.2,0.0,0.0,0.0,-0.0079,0.0081,-0.4427,0.4428,-0.0131,1,1,0,0.754,0.403,0.597,0,0,0.0,5,DESCENT_PHASE,0.0186,-0.0191,0.1303,0.0334
571,16.605,0.5279,-3.5516,2.5559,0.0168,-0.0179,-0.4385,2.536,0.135,2.36,0.3973,-3.5847,0.2,0.0,0.0,0.0,-0.0071,0.0076,-0.4426,0.4428,0.0193,1,1,0,0.753,0.4,0.6,0,0,0.0,5,DESCENT_PHASE,0.0168,-0.0179,0.1306,0.0331
572,16.636,0.5282,-3.5519,2.5471,0.0159,-0.0178,-0.4385,2.527,0.135,2.351,0.3973,-3.5847,0.2,0.0,0.0,0.0,-0.0067,0.0076,-0.4426,0.4427,-0.0163,1,1,0,0.756,0.406,0.594,0,0,0.0,5,DESCENT_PHASE,0.0159,-0.0178,0.1309,0.0327
573,16.669,0.5285,-3.5523,2.5383,0.0139,-0.0161,-0.4385,2.518,0.135,2.342,0.3973,-3.5847,0.2,0.0,0.0,0.0,-0.0059,0.0068,-0.4426,0.4427,0.0157,1,1,0,0.755,0.404,0.596,0,0,0.0,5,DESCENT_PHASE,0.0139,-0.0161,0.1312,0.0324
574,16.703,0.5287,-3.5526,2.5296,0.0133,-0.0157,-0.4384,2.51,0.135,2.333,0.3973,-3.5847,0.2,0.0,0.0,0.0,-0.0057,0.0067,-0.4427,0.4428,-0.0193,1,1,0,0.759,0.411,0.589,0,0,0.0,5,DESCENT_PHASE,0.0133,-0.0157,0.1315,0.0321
575,16.741,0.529,-3.5529,2.5208,0.0119,-0.0141,-0.4385,2.501,0.135,2.325,0.3973,-3.5847,0.2,0.0,0.0,0.0,-0.0051,0.006,-0.4426,0.4427,0.0121,1,1,0,0.759,0.41,0.59,0,0,0.0,5,DESCENT_PHASE,0.0119,-0.0141,0.1317,0.0318
576,16.776,0.5292,-3.5531,2.512,0.0121,-0.0141,-0.4387,2.492,0.136,2.316,0.3973,-3.5847,0.2,0.0,0.0,0.0,-0.0051,0.006,-0.4423,0.4423,-0.0197,1,1,0,0.76,0.413,0.587,0,0,0.0,5,DESCENT_PHASE,0.0121,-0.0141,0.1319,0.0315
577,16.811,0.5294,-3.5534,2.5032,0.0117,-0.0131,-0.4392,2.483,0.136,2.307,0.3973,-3.5847,0.2,0.0,0.0,0.0,-0.005,0.0056,-0.4414,0.4415,0.0124,1,1,0,0.759,0.407,0.593,0,0,0.0,5,DESCENT_PHASE,0.0117,-0.0131,0.1322,0.0313
578,16.846,0.5297,-3.5537,2.4945,0.0118,-0.0137,-0.4385,2.474,0.136,2.298,0.3973,-3.5847,0.2,0.0,0.0,0.0,-0.005,0.0058,-0.4426,0.4426,-0.0143,1,1,0,0.76,0.41,0.59,0,0,0.0,5,DESCENT_PHASE,0.0118,-0.0137,0.1324,0.031
579,16.883,0.5299,-3.5539,2.4857,0.0101,-0.0133,-0.4385,2.466,0.136,2.29,0.3973,-3.5847,0.2,0.0,0.0,0.0,-0.0043,0.0057,-0.4426,0.4427,0.019,1,1,0,0.758,0.403,0.597,0,0,0.0,5,DESCENT_PHASE,0.0101,-0.0133,0.1326,0.0307
580,16.92,0.5301,-3.5542,2.4769,0.0088,-0.0141,-0.4384,2.457,0.136,2.281,0.3973,-3.5847,0.2,0.0,0.0,0.0,-0.0038,0.006,-0.4426,0.4427,-0.0107,1,1,0,0.759,0.404,0.596,0,0,0.0,5,DESCENT_PHASE,0.0088,-0.0141,0.1328,0.0304
581,16.957,0.5302,-3.5545,2.4682,0.0055,-0.0133,-0.4387,2.448,0.136,2.272,0.3973,-3.5847,0.2,0.0,0.0,0.0,-0.0023,0.0057,-0.4423,0.4423,0.0184,1,1,0,0.76,0.406,0.594,0,0,0.0,5,DESCENT_PHASE,0.0055,-0.0133,0.1329,0.0302
582,16.995,0.5302,-3.5548,2.4594,0.0022,-0.0135,-0.4386,2.439,0.136,2.263,0.3973,-3.5847,0.2,0.0,0.0,0.0,-0.0009,0.0058,-0.4423,0.4423,-0.0107,1,1,0,0.761,0.408,0.592,0,0,0.0,5,DESCENT_PHASE,0.0022,-0.0135,0.1329,0.0299
583,17.035,0.5302,-3.555,2.4506,-0.0009,-0.0122,-0.4387,2.431,0.136,2.255,0.3973,-3.5847,0.2,0.0,0.0,0.0,0.0004,0.0052,-0.4423,0.4423,0.0188,1,1,0,0.762,0.41,0.59,0,0,0.0,5,DESCENT_PHASE,-0.0009,-0.0122,0.1329,0.0297
584,17.07,0.5301,-3.5552,2.4418,-0.0036,-0.0118,-0.4386,2.422,0.136,2.246,0.3973,-3.5847,0.2,0.0,0.0,0.0,0.0015,0.005,-0.4424,0.4424,-0.0098,1,1,0,0.765,0.415,0.585,0,0,0.0,5,DESCENT_PHASE,-0.0036,-0.0118,0.1328,0.0294
585,17.105,0.53,-3.5554,2.4331,-0.0062,-0.0099,-0.4385,2.413,0.136,2.237,0.3973,-3.5847,0.2,0.0,0.0,0.0,0.0027,0.0042,-0.4426,0.4426,0.021,1,1,0,0.763,0.411,0.589,0,0,0.0,5,DESCENT_PHASE,-0.0062,-0.0099,0.1327,0.0292
586,17.14,0.5298,-3.5556,2.4243,-0.0077,-0.0089,-0.4386,2.404,0.136,2.228,0.3973,-3.5847,0.2,0.0,0.0,0.0,0.0033,0.0038,-0.4423,0.4423,-0.0067,1,1,0,0.765,0.415,0.585,0,0,0.0,5,DESCENT_PHASE,-0.0077,-0.0089,0.1326,0.029
587,17.174,0.5296,-3.5557,2.4155,-0.0107,-0.0061,-0.4387,2.396,0.135,2.22,0.3973,-3.5847,0.2,0.0,0.0,0.0,0.0046,0.0026,-0.4422,0.4422,0.0186,1,1,2,0.765,0.414,0.586,0,0,0.0,5,SETTLE_PHASE,-0.0107,-0.0061,0.1324,0.0289
588,17.207,0.5293,-3.5558,2.4099,-0.0146,-0.0022,-0.2829,2.39,0.135,2.214,0.3973,-3.5847,0.2,0.0,0.0,0.0,0.0062,0.001,-0.7071,0.7071,-0.0195,1,1,2,0.77,0.424,0.576,0,0,0.0,5,SETTLE_PHASE,-0.0146,-0.0022,0.1321,0.0289
589,17.241,0.529,-3.5557,2.4062,-0.0189,0.0033,-0.1843,2.386,0.135,2.21,0.3973,-3.5847,0.2,0.0,0.0,0.0,0.008,-0.0014,-0.8747,0.8747,0.0164,1,1,2,0.769,0.423,0.577,0,0,0.0,5,SETTLE_PHASE,-0.0189,0.0033,0.1317,0.0289
590,17.273,0.5286,-3.5556,2.4037,-0.019,0.006,-0.1223,2.384,0.134,2.208,0.3973,-3.5847,0.2,0.0,0.0,0.0,0.0081,-0.0025,-0.9801,0.9801,-0.0151,1,1,2,0.773,0.43,0.57,0,0,0.0,5,SETTLE_PHASE,-0.019,0.006,0.1313,0.0291
591,17.309,0.5282,-3.5554,2.4021,-0.0198,0.0101,-0.0833,2.382,0.134,2.206,0.3973,-3.5847,0.2,0.0,0.0,0.0,0.0084,-0.0043,-1.0464,1.0464,0.0178,1,1,2,0.772,0.428,0.572,0,0,0.0,5,SETTLE_PHASE,-0.0198,0.0101,0.1309,0.0293
592,17.343,0.5278,-3.5551,2.4009,-0.0182,0.0125,-0.0588,2.381,0.134,2.205,0.3973,-3.5847,0.2,0.0,0.0,0.0,0.0077,-0.0053,-1.05,1.05,-0.0116,1,1,2,0.774,0.421,0.579,0,0,0.0,5,SETTLE_PHASE,-0.0182,0.0125,0.1305,0.0295
593,17.38,0.5275,-3.5548,2.4,-0.0175,0.0164,-0.0435,2.38,0.134,2.204,0.3973,-3.5847,0.2,0.0,0.0,0.0,0.0074,-0.007,-1.05,1.05,0.0084,1,1,2,0.773,0.43,0.57,0,0,0.0,5,SETTLE_PHASE,-0.0175,0.0164,0.1302,0.0298
594,17.414,0.5272,-3.5544,2.3993,-0.015,0.0192,-0.0338,2.379,0.133,2.203,0.3973,-3.5847,0.2,0.0,0.0,0.0,0.0064,-0.0082,-1.0499,1.05,-0.0203,1,1,2,0.775,0.418,0.582,0,0,0.0,5,TERMINAL_PRESS,-0.015,0.0192,0.1299,0.0302
595,17.451,0.5269,-3.554,2.3973,-0.0142,0.0214,-0.1018,2.377,0.133,2.201,0.3973,-3.5847,0.2,0.0,0.0,0.0,0.006,-0.0091,-1.015,1.0151,0.0051,1,1,2,0.774,0.424,0.576,0,0,0.0,5,TERMINAL_PRESS,-0.0142,0.0214,0.1296,0.0307
596,17.488,0.5266,-3.5535,2.3944,-0.012,0.0227,-0.1445,2.374,0.133,2.198,0.3973,-3.5847,0.2,0.0,0.0,0.0,0.0051,-0.0097,-0.9424,0.9425,-0.0196,1,1,2,0.776,0.416,0.584,0,0,0.0,5,TERMINAL_PRESS,-0.012,0.0227,0.1294,0.0311
597,17.523,0.5264,-3.5531,2.391,-0.0104,0.0245,-0.1713,2.371,0.133,2.195,0.3973,-3.5847,0.2,0.0,0.0,0.0,0.0044,-0.0104,-0.8968,0.8969,0.0096,1,1,2,0.774,0.428,0.572,0,0,0.0,5,TERMINAL_PRESS,-0.0104,0.0245,0.1292,0.0316
598,17.557,0.5263,-3.5526,2.3872,-0.0075,0.0249,-0.1882,2.367,0.133,2.191,0.3973,-3.5847,0.2,0.0,0.0,0.0,0.0032,-0.0106,-0.8681,0.8682,-0.0174,1,1,2,0.776,0.415,0.585,0,0,0.0,5,TERMINAL_PRESS,-0.0075,0.0249,0.129,0.0321
599,17.595,0.5262,-3.552,2.3832,-0.0057,0.026,-0.1988,2.363,0.133,2.187,0.3973,-3.5847,0.2,0.0,0.0,0.0,0.0024,-0.0111,-0.8501,0.8502,0.0131,1,1,2,0.774,0.431,0.569,0,0,0.0,5,TERMINAL_PRESS,-0.0057,0.026,0.1289,0.0326
600,17.632,0.5261,-3.5515,2.3791,-0.0029,0.0259,-0.2054,2.359,0.133,2.183,0.3973,-3.5847,0.2,0.0,0.0,0.0,0.0012,-0.011,-0.8388,0.8388,-0.0148,1,1,2,0.775,0.429,0.571,0,0,0.0,5,TERMINAL_PRESS,-0.0029,0.0259,0.1288,0.0331
601,17.67,0.5261,-3.551,2.3749,-0.0017,0.0267,-0.2096,2.355,0.133,2.179,0.3973,-3.5847,0.2,0.0,0.0,0.0,0.0007,-0.0114,-0.8317,0.8318,0.0164,1,1,2,0.773,0.428,0.572,0,0,0.0,5,TERMINAL_PRESS,-0.0017,0.0267,0.1288,0.0337
602,17.71,0.5261,-3.5505,2.3707,0.0002,0.0264,-0.2122,2.351,0.133,2.175,0.3973,-3.5847,0.2,0.0,0.0,0.0,-0.0001,-0.0112,-0.8272,0.8273,-0.0119,1,1,2,0.774,0.429,0.571,0,0,0.0,5,TERMINAL_PRESS,0.0002,0.0264,0.1288,0.0342
603,17.748,0.5261,-3.5499,2.3664,0.0001,0.0273,-0.2141,2.346,0.133,2.171,0.3973,-3.5847,0.2,0.0,0.0,0.0,-0.0,-0.0116,-0.824,0.8241,0.0087,1,1,2,0.773,0.426,0.574,0,0,0.0,5,TERMINAL_PRESS,0.0001,0.0273,0.1288,0.0347
604,17.787,0.5261,-3.5494,2.3621,0.0003,0.0274,-0.2151,2.342,0.134,2.166,0.3973,-3.5847,0.2,0.0,0.0,0.0,-0.0001,-0.0117,-0.8224,0.8225,-0.0196,1,1,2,0.775,0.43,0.57,0,0,0.0,5,TERMINAL_PRESS,0.0003,0.0274,0.1288,0.0353
605,17.826,0.5261,-3.5488,2.3578,-0.0006,0.0281,-0.2156,2.338,0.134,2.162,0.3973,-3.5847,0.2,0.0,0.0,0.0,0.0002,-0.012,-0.8214,0.8215,0.0119,1,1,2,0.773,0.426,0.574,0,0,0.0,5,TERMINAL_PRESS,-0.0006,0.0281,0.1288,0.0359
606,17.863,0.5261,-3.5483,2.3535,-0.0003,0.0272,-0.216,2.333,0.134,2.158,0.3973,-3.5847,0.2,0.0,0.0,0.0,0.0001,-0.0116,-0.8208,0.8209,-0.0166,1,1,2,0.775,0.429,0.571,0,0,0.0,5,TERMINAL_PRESS,-0.0003,0.0272,0.1288,0.0364
607,17.902,0.526,-3.5477,2.3492,-0.0015,0.0273,-0.2162,2.329,0.134,2.153,0.3973,-3.5847,0.2,0.0,0.0,0.0,0.0007,-0.0116,-0.8204,0.8205,0.015,1,1,2,0.772,0.423,0.577,0,0,0.0,5,TERMINAL_PRESS,-0.0015,0.0273,0.1288,0.0369
608,17.942,0.526,-3.5472,2.3448,-0.002,0.0261,-0.2164,2.325,0.134,2.149,0.3973,-3.5847,0.2,0.0,0.0,0.0,0.0008,-0.0111,-0.8201,0.8202,-0.0136,1,1,2,0.774,0.425,0.575,0,0,0.0,5,TERMINAL_PRESS,-0.002,0.0261,0.1287,0.0375
609,17.977,0.5259,-3.5467,2.3405,-0.0042,0.0261,-0.2166,2.321,0.134,2.145,0.3973,-3.5847,0.2,0.0,0.0,0.0,0.0018,-0.0111,-0.8197,0.8198,0.0165,1,1,2,0.773,0.424,0.576,0,0,0.0,5,TERMINAL_PRESS,-0.0042,0.0261,0.1286,0.038
610,18.012,0.5258,-3.5462,2.3362,-0.0059,0.0249,-0.2167,2.316,0.134,2.14,0.3973,-3.5847,0.2,0.0,0.0,0.0,0.0025,-0.0106,-0.8197,0.8197,-0.0121,1,1,2,0.777,0.431,0.569,0,0,0.0,5,TERMINAL_PRESS,-0.0059,0.0249,0.1285,0.0385
611,18.049,0.5256,-3.5457,2.3318,-0.008,0.0252,-0.2168,2.312,0.134,2.136,0.3973,-3.5847,0.2,0.0,0.0,0.0,0.0034,-0.0107,-0.8194,0.8195,0.0151,1,1,2,0.776,0.43,0.57,0,0,0.0,5,TERMINAL_PRESS,-0.008,0.0252,0.1284,0.039
612,18.086,0.5255,-3.5452,2.3275,-0.0083,0.0244,-0.2168,2.307,0.134,2.132,0.3973,-3.5847,0.2,0.0,0.0,0.0,0.0035,-0.0104,-0.8195,0.8196,-0.0141,1,1,2,0.779,0.436,0.564,0,0,0.0,5,TERMINAL_PRESS,-0.0083,0.0244,0.1282,0.0395
613,18.122,0.5253,-3.5447,2.3232,-0.0091,0.0249,-0.2167,2.303,0.134,2.127,0.3973,-3.5847,0.2,0.0,0.0,0.0,0.0039,-0.0106,-0.8196,0.8197,0.0184,1,1,2,0.778,0.433,0.567,0,0,0.0,5,TERMINAL_PRESS,-0.0091,0.0249,0.128,0.04
614,18.157,0.5251,-3.5442,2.3188,-0.0084,0.0243,-0.2167,2.299,0.134,2.123,0.3973,-3.5847,0.2,0.0,0.0,0.0,0.0036,-0.0103,-0.8196,0.8197,-0.0111,1,1,2,0.78,0.433,0.567,0,0,0.0,5,TERMINAL_PRESS,-0.0084,0.0243,0.1279,0.0405
615,18.196,0.525,-3.5437,2.3145,-0.0086,0.0251,-0.2174,2.294,0.134,2.119,0.3973,-3.5847,0.2,0.0,0.0,0.0,0.0037,-0.0107,-0.8184,0.8185,0.0079,1,1,2,0.779,0.434,0.566,0,0,0.0,5,TERMINAL_PRESS,-0.0086,0.0251,0.1277,0.041
616,18.234,0.5248,-3.5432,2.3101,-0.0076,0.025,-0.2171,2.29,0.134,2.114,0.3973,-3.5847,0.2,0.0,0.0,0.0,0.0033,-0.0107,-0.8189,0.8189,-0.0217,1,1,2,0.78,0.438,0.562,0,0,0.0,5,TERMINAL_PRESS,-0.0076,0.025,0.1275,0.0415
617,18.269,0.5246,-3.5427,2.3058,-0.0078,0.0256,-0.2169,2.286,0.134,2.11,0.3973,-3.5847,0.2,0.0,0.0,0.0,0.0033,-0.0109,-0.8192,0.8193,0.0109,1,1,2,0.779,0.433,0.567,0,0,0.0,5,TERMINAL_PRESS,-0.0078,0.0256,0.1274,0.042
618,18.309,0.5245,-3.5422,2.3015,-0.007,0.0244,-0.2168,2.281,0.134,2.106,0.3973,-3.5847,0.2,0.0,0.0,0.0,0.003,-0.0104,-0.8194,0.8195,-0.0184,1,1,2,0.78,0.436,0.564,0,0,0.0,5,TERMINAL_PRESS,-0.007,0.0244,0.1272,0.0425
619,18.347,0.5244,-3.5417,2.2971,-0.0077,0.0241,-0.2168,2.277,0.134,2.101,0.3973,-3.5847,0.2,0.0,0.0,0.0,0.0033,-0.0103,-0.8195,0.8196,0.0136,1,1,2,0.778,0.431,0.569,0,0,0.0,5,TERMINAL_PRESS,-0.0077,0.0241,0.1271,0.0429
620,18.386,0.5242,-3.5413,2.2928,-0.0077,0.0223,-0.2167,2.273,0.134,2.097,0.3973,-3.5847,0.2,0.0,0.0,0.0,0.0033,-0.0095,-0.8196,0.8196,-0.0153,1,1,2,0.779,0.433,0.567,0,0,0.0,5,TERMINAL_PRESS,-0.0077,0.0223,0.1269,0.0434
621,18.425,0.524,-3.5408,2.2885,-0.0093,0.0216,-0.2168,2.268,0.134,2.093,0.3973,-3.5847,0.2,0.0,0.0,0.0,0.004,-0.0092,-0.8194,0.8195,0.0152,1,1,2,0.779,0.432,0.568,0,0,0.0,5,TERMINAL_PRESS,-0.0093,0.0216,0.1267,0.0438
622,18.464,0.5238,-3.5404,2.2841,-0.0104,0.0196,-0.2168,2.264,0.134,2.088,0.3973,-3.5847,0.2,0.0,0.0,0.0,0.0044,-0.0084,-0.8195,0.8195,-0.0131,1,1,2,0.782,0.438,0.562,0,0,0.0,5,TERMINAL_PRESS,-0.0104,0.0196,0.1265,0.0442
623,18.502,0.5236,-3.5401,2.2798,-0.0121,0.0189,-0.2167,2.26,0.134,2.084,0.3973,-3.5847,0.2,0.0,0.0,0.0,0.0051,-0.0081,-0.8196,0.8196,0.0183,1,1,2,0.781,0.436,0.564,0,0,0.0,5,TERMINAL_PRESS,-0.0121,0.0189,0.1263,0.0446
624,18.541,0.5233,-3.5397,2.2755,-0.012,0.0171,-0.2167,2.255,0.134,2.08,0.3973,-3.5847,0.2,0.0,0.0,0.0,0.0051,-0.0073,-0.8196,0.8197,-0.01,1,1,2,0.783,0.44,0.56,0,0,0.0,5,TERMINAL_PRESS,-0.012,0.0171,0.126,0.0449
625,18.579,0.5231,-3.5394,2.2711,-0.0129,0.0168,-0.2167,2.251,0.134,2.075,0.3973,-3.5847,0.2,0.0,0.0,0.0,0.0055,-0.0072,-0.8197,0.8197,0.0212,1,1,2,0.782,0.437,0.563,0,0,0.0,5,TERMINAL_PRESS,-0.0129,0.0168,0.1258,0.0453
626,18.616,0.5228,-3.5391,2.2668,-0.0124,0.0157,-0.2167,2.247,0.134,2.071,0.3973,-3.5847,0.2,0.0,0.0,0.0,0.0053,-0.0067,-0.8197,0.8197,-0.007,1,1,2,0.784,0.441,0.559,0,0,0.0,5,TERMINAL_PRESS,-0.0124,0.0157,0.1255,0.0456
627,18.655,0.5225,-3.5387,2.2625,-0.0132,0.0163,-0.2168,2.242,0.133,2.067,0.3973,-3.5847,0.2,0.0,0.0,0.0,0.0056,-0.007,-0.8194,0.8195,0.0062,1,1,2,0.782,0.436,0.564,0,0,0.0,5,TERMINAL_PRESS,-0.0132,0.0163,0.1253,0.0459
628,18.691,0.5223,-3.5384,2.2581,-0.013,0.0164,-0.2168,2.238,0.133,2.062,0.3973,-3.5847,0.2,0.0,0.0,0.0,0.0055,-0.007,-0.8195,0.8195,-0.0218,1,1,2,0.784,0.439,0.561,0,0,0.0,5,TERMINAL_PRESS,-0.013,0.0164,0.125,0.0462
629,18.728,0.522,-3.5381,2.2538,-0.0143,0.0169,-0.2168,2.234,0.133,2.058,0.3973,-3.5847,0.2,0.0,0.0,0.0,0.0061,-0.0072,-0.8194,0.8195,0.0086,1,1,2,0.782,0.436,0.564,0,0,0.0,5,TERMINAL_PRESS,-0.0143,0.0169,0.1247,0.0466
630,18.763,0.5217,-3.5378,2.2494,-0.0147,0.0157,-0.2168,2.229,0.133,2.054,0.3973,-3.5847,0.2,0.0,0.0,0.0,0.0063,-0.0067,-0.8195,0.8196,-0.019,1,1,2,0.784,0.44,0.56,0,0,0.0,5,TERMINAL_PRESS,-0.0147,0.0157,0.1244,0.0469
631,18.8,0.5214,-3.5375,2.2451,-0.0164,0.0151,-0.2167,2.225,0.133,2.049,0.3973,-3.5847,0.2,0.0,0.0,0.0,0.007,-0.0064,-0.8196,0.8196,0.0115,1,1,2,0.783,0.436,0.564,0,0,0.0,5,TERMINAL_PRESS,-0.0164,0.0151,0.1241,0.0472
632,18.836,0.521,-3.5372,2.2408,-0.0168,0.013,-0.2167,2.221,0.133,2.045,0.3973,-3.5847,0.2,0.0,0.0,0.0,0.0071,-0.0056,-0.8196,0.8196,-0.016,1,1,2,0.784,0.439,0.561,0,0,0.0,5,TERMINAL_PRESS,-0.0168,0.013,0.1238,0.0475
633,18.872,0.5207,-3.537,2.2364,-0.0187,0.0119,-0.2168,2.216,0.132,2.041,0.3973,-3.5847,0.2,0.0,0.0,0.0,0.008,-0.0051,-0.8194,0.8194,0.0139,1,1,2,0.784,0.438,0.562,0,0,0.0,5,TERMINAL_PRESS,-0.0187,0.0119,0.1234,0.0477
634,18.905,0.5203,-3.5368,2.2321,-0.0197,0.0094,-0.2168,2.212,0.132,2.036,0.3973,-3.5847,0.2,0.0,0.0,0.0,0.0084,-0.004,-0.8194,0.8195,-0.0133,1,1,2,0.787,0.435,0.565,0,0,0.0,5,TERMINAL_PRESS,-0.0197,0.0094,0.123,0.0479
635,18.939,0.5199,-3.5366,2.2278,-0.0214,0.0081,-0.2167,2.208,0.132,2.032,0.3973,-3.5847,0.2,0.0,0.0,0.0,0.0091,-0.0034,-0.8195,0.8196,0.0168,1,1,2,0.786,0.442,0.558,0,0,0.0,5,TERMINAL_PRESS,-0.0214,0.0081,0.1226,0.048
636,18.971,0.5194,-3.5365,2.2234,-0.0212,0.0056,-0.2167,2.203,0.131,2.028,0.3973,-3.5847,0.2,0.0,0.0,0.0,0.009,-0.0024,-0.8196,0.8196,-0.0105,1,1,2,0.788,0.429,0.571,0,0,0.0,5,TERMINAL_PRESS,-0.0212,0.0056,0.1222,0.0482
637,19.006,0.519,-3.5364,2.2191,-0.022,0.0046,-0.2167,2.199,0.131,2.023,0.3973,-3.5847,0.2,0.0,0.0,0.0,0.0094,-0.002,-0.8196,0.8197,0.0197,1,1,2,0.787,0.443,0.557,0,0,0.0,5,TERMINAL_PRESS,-0.022,0.0046,0.1217,0.0482
638,19.039,0.5186,-3.5364,2.2148,-0.0213,0.0027,-0.2167,2.195,0.131,2.019,0.3973,-3.5847,0.2,0.0,0.0,0.0,0.0091,-0.0011,-0.8196,0.8197,-0.0076,1,1,2,0.789,0.434,0.566,0,0,0.0,5,TERMINAL_PRESS,-0.0213,0.0027,0.1213,0.0483
639,19.071,0.5181,-3.5363,2.2104,-0.0219,0.0024,-0.2167,2.19,0.13,2.015,0.3973,-3.5847,0.2,0.0,0.0,0.0,0.0093,-0.001,-0.8197,0.8197,0.0225,1,1,2,0.787,0.443,0.557,0,0,0.0,5,TERMINAL_PRESS,-0.0219,0.0024,0.1208,0.0483
640,19.104,0.5177,-3.5363,2.2061,-0.0214,0.0015,-0.2167,2.186,0.13,2.01,0.3973,-3.5847,0.2,0.0,0.0,0.0,0.0091,-0.0006,-0.8196,0.8197,-0.0048,1,1,2,0.789,0.446,0.554,0,0,0.0,5,TERMINAL_PRESS,-0.0214,0.0015,0.1204,0.0484
641,19.137,0.5172,-3.5362,2.2018,-0.0226,0.0024,-0.217,2.182,0.129,2.006,0.3973,-3.5847,0.2,0.0,0.0,0.0,0.0096,-0.001,-0.8192,0.8192,0.0098,1,1,2,0.789,0.446,0.554,0,0,0.0,5,TERMINAL_PRESS,-0.0226,0.0024,0.12,0.0484
642,19.171,0.5168,-3.5362,2.1974,-0.023,0.0029,-0.217,2.177,0.129,2.002,0.3973,-3.5847,0.2,0.0,0.0,0.0,0.0098,-0.0013,-0.8191,0.8192,-0.0174,1,1,2,0.792,0.432,0.568,0,0,0.0,5,TERMINAL_PRESS,-0.023,0.0029,0.1195,0.0485
643,19.203,0.5163,-3.5361,2.1931,-0.0236,0.0043,-0.2168,2.173,0.129,1.997,0.3973,-3.5847,0.2,0.0,0.0,0.0,0.0101,-0.0018,-0.8194,0.8194,0.0126,1,1,2,0.791,0.43,0.57,0,0,0.0,5,TERMINAL_PRESS,-0.0236,0.0043,0.119,0.0486
644,19.236,0.5159,-3.536,2.1887,-0.0222,0.0042,-0.2168,2.169,0.128,1.993,0.3973,-3.5847,0.2,0.0,0.0,0.0,0.0095,-0.0018,-0.8195,0.8196,-0.0147,1,1,2,0.794,0.43,0.57,0,0,0.0,5,TERMINAL_PRESS,-0.0222,0.0042,0.1186,0.0487
645,19.269,0.5154,-3.5359,2.1844,-0.0213,0.0051,-0.2167,2.164,0.128,1.989,0.3973,-3.5847,0.2,0.0,0.0,0.0,0.0091,-0.0022,-0.8196,0.8197,0.0156,1,1,2,0.793,0.431,0.569,0,0,0.0,5,TERMINAL_PRESS,-0.0213,0.0051,0.1182,0.0488
646,19.301,0.5151,-3.5358,2.1801,-0.0187,0.0049,-0.2167,2.16,0.128,1.984,0.3973,-3.5847,0.2,0.0,0.0,0.0,0.008,-0.0021,-0.8197,0.8197,-0.012,1,1,2,0.795,0.425,0.575,0,0,0.0,5,TERMINAL_PRESS,-0.0187,0.0049,0.1178,0.0489
647,19.335,0.5147,-3.5357,2.1757,-0.0171,0.0059,-0.2166,2.156,0.127,1.98,0.3973,-3.5847,0.2,0.0,0.0,0.0,0.0073,-0.0025,-0.8197,0.8197,0.0186,1,1,2,0.794,0.428,0.572,0,0,0.0,5,TERMINAL_PRESS,-0.0171,0.0059,0.1174,0.049
648,19.368,0.5144,-3.5356,2.1714,-0.014,0.0059,-0.2167,2.151,0.127,1.976,0.3973,-3.5847,0.2,0.0,0.0,0.0,0.006,-0.0025,-0.8197,0.8197,-0.0092,1,1,2,0.796,0.429,0.571,0,0,0.0,5,TERMINAL_PRESS,-0.014,0.0059,0.1172,0.0491
649,19.403,0.5142,-3.5354,2.1671,-0.0122,0.0075,-0.2167,2.147,0.127,1.971,0.3973,-3.5847,0.2,0.0,0.0,0.0,0.0052,-0.0032,-0.8196,0.8196,0.0183,1,1,2,0.794,0.431,0.569,0,0,0.0,5,TERMINAL_PRESS,-0.0122,0.0075,0.1169,0.0492
650,19.439,0.514,-3.5353,2.1627,-0.0094,0.0083,-0.2167,2.143,0.127,1.967,0.3973,-3.5847,0.2,0.0,0.0,0.0,0.004,-0.0035,-0.8196,0.8196,-0.0097,1,1,2,0.796,0.427,0.573,0,0,0.0,5,TERMINAL_PRESS,-0.0094,0.0083,0.1167,0.0494
651,19.474,0.5139,-3.535,2.1584,-0.0081,0.0105,-0.2168,2.138,0.127,1.963,0.3973,-3.5847,0.2,0.0,0.0,0.0,0.0035,-0.0045,-0.8194,0.8195,0.012,1,1,2,0.794,0.432,0.568,0,0,0.0,5,TERMINAL_PRESS,-0.0081,0.0105,0.1166,0.0496
652,19.507,0.5137,-3.5348,2.1541,-0.0061,0.012,-0.2168,2.134,0.127,1.958,0.3973,-3.5847,0.2,0.0,0.0,0.0,0.0026,-0.0051,-0.8195,0.8195,-0.016,1,1,2,0.795,0.43,0.57,0,0,0.0,5,TERMINAL_PRESS,-0.0061,0.012,0.1165,0.0499
653,19.542,0.5136,-3.5345,2.1497,-0.006,0.0145,-0.2169,2.13,0.127,1.954,0.3973,-3.5847,0.2,0.0,0.0,0.0,0.0026,-0.0062,-0.8193,0.8194,0.0146,1,1,2,0.793,0.443,0.557,0,0,0.0,5,TERMINAL_PRESS,-0.006,0.0145,0.1163,0.0501
654,19.577,0.5135,-3.5342,2.1454,-0.0054,0.0156,-0.2168,2.125,0.127,1.95,0.3973,-3.5847,0.2,0.0,0.0,0.0,0.0023,-0.0067,-0.8194,0.8194,-0.0133,1,1,2,0.795,0.434,0.566,0,0,0.0,5,TERMINAL_PRESS,-0.0054,0.0156,0.1162,0.0505
655,19.614,0.5134,-3.5338,2.1411,-0.0061,0.018,-0.2168,2.121,0.127,1.945,0.3973,-3.5847,0.2,0.0,0.0,0.0,0.0026,-0.0077,-0.8194,0.8195,0.0166,1,1,2,0.793,0.45,0.55,0,0,0.0,5,TERMINAL_PRESS,-0.0061,0.018,0.1161,0.0508
656,19.651,0.5133,-3.5335,2.1367,-0.0059,0.0192,-0.2168,2.117,0.127,1.941,0.3973,-3.5847,0.2,0.0,0.0,0.0,0.0025,-0.0082,-0.8194,0.8195,-0.0114,1,1,2,0.795,0.444,0.556,0,0,0.0,5,TERMINAL_PRESS,-0.0059,0.0192,0.116,0.0512
657,19.688,0.5131,-3.533,2.1324,-0.0074,0.0218,-0.217,2.112,0.127,1.937,0.3973,-3.5847,0.2,0.0,0.0,0.0,0.0031,-0.0093,-0.819,0.8191,0.0038,1,1,2,0.794,0.45,0.55,0,0,0.0,5,TERMINAL_PRESS,-0.0074,0.0218,0.1158,0.0516
658,19.725,0.513,-3.5325,2.128,-0.0082,0.0235,-0.217,2.108,0.127,1.932,0.3973,-3.5847,0.2,0.0,0.0,0.0,0.0035,-0.01,-0.8192,0.8192,-0.0242,1,1,2,0.796,0.441,0.559,0,0,0.0,5,TERMINAL_PRESS,-0.0082,0.0235,0.1157,0.0521
659,19.762,0.5128,-3.532,2.1237,-0.01,0.0255,-0.2169,2.104,0.127,1.928,0.3973,-3.5847,0.2,0.0,0.0,0.0,0.0043,-0.0109,-0.8193,0.8194,0.007,1,1,2,0.795,0.451,0.549,0,0,0.0,5,TERMINAL_PRESS,-0.01,0.0255,0.1155,0.0526
660,19.798,0.5125,-3.5315,2.1194,-0.0105,0.0255,-0.2168,2.099,0.127,1.924,0.3973,-3.5847,0.2,0.0,0.0,0.0,0.0045,-0.0109,-0.8194,0.8195,-0.0213,1,1,2,0.796,0.436,0.564,0,0,0.0,5,TERMINAL_PRESS,-0.0105,0.0255,0.1153,0.0531
661,19.835,0.5123,-3.531,2.115,-0.0122,0.0261,-0.2167,2.095,0.127,1.919,0.3973,-3.5847,0.2,0.0,0.0,0.0,0.0052,-0.0111,-0.8195,0.8196,0.0101,1,1,2,0.795,0.45,0.55,0,0,0.0,5,TERMINAL_PRESS,-0.0122,0.0261,0.115,0.0537
662,19.872,0.512,-3.5305,2.1107,-0.013,0.0249,-0.2167,2.091,0.127,1.915,0.3973,-3.5847,0.2,0.0,0.0,0.0,0.0056,-0.0106,-0.8195,0.8196,-0.0183,1,1,2,0.796,0.452,0.548,0,0,0.0,5,TERMINAL_PRESS,-0.013,0.0249,0.1148,0.0542
663,19.907,0.5117,-3.53,2.1064,-0.0154,0.0246,-0.2169,2.086,0.127,1.911,0.3973,-3.5847,0.2,0.0,0.0,0.0,0.0066,-0.0105,-0.8193,0.8194,0.0115,1,1,2,0.796,0.453,0.547,0,0,0.0,5,TERMINAL_PRESS,-0.0154,0.0246,0.1145,0.0546
664,19.943,0.5114,-3.5296,2.102,-0.0172,0.0228,-0.2169,2.082,0.127,1.906,0.3973,-3.5847,0.2,0.0,0.0,0.0,0.0073,-0.0097,-0.8193,0.8194,-0.0172,1,1,2,0.799,0.434,0.566,0,0,0.0,5,TERMINAL_PRESS,-0.0172,0.0228,0.1141,0.0551
665,19.978,0.511,-3.5291,2.0977,-0.0189,0.0219,-0.2168,2.078,0.127,1.902,0.3973,-3.5847,0.2,0.0,0.0,0.0,0.0081,-0.0094,-0.8195,0.8196,0.0148,1,1,2,0.799,0.436,0.564,0,0,0.0,5,TERMINAL_PRESS,-0.0189,0.0219,0.1137,0.0555
666,20.013,0.5106,-3.5287,2.0934,-0.0188,0.0197,-0.2167,2.073,0.126,1.898,0.3973,-3.5847,0.2,0.0,0.0,0.0,0.008,-0.0084,-0.8196,0.8197,-0.0144,1,1,2,0.801,0.43,0.57,0,0,0.0,5,TERMINAL_PRESS,-0.0188,0.0197,0.1134,0.0559
667,20.049,0.5102,-3.5284,2.089,-0.0193,0.0186,-0.2169,2.069,0.126,1.893,0.3973,-3.5847,0.2,0.0,0.0,0.0,0.0083,-0.008,-0.8192,0.8193,0.0178,1,1,2,0.8,0.435,0.565,0,0,0.0,5,TERMINAL_PRESS,-0.0193,0.0186,0.113,0.0563
668,20.088,0.5099,-3.528,2.0847,-0.0183,0.0164,-0.2168,2.065,0.126,1.889,0.3973,-3.5847,0.2,0.0,0.0,0.0,0.0078,-0.007,-0.8194,0.8194,-0.0118,1,1,2,0.802,0.433,0.567,0,0,0.0,5,TERMINAL_PRESS,-0.0183,0.0164,0.1126,0.0566
669,20.123,0.5095,-3.5277,2.0803,-0.0182,0.0156,-0.2169,2.06,0.126,1.885,0.3973,-3.5847,0.2,0.0,0.0,0.0,0.0078,-0.0067,-0.8192,0.8193,0.0208,1,1,2,0.801,0.432,0.568,0,0,0.0,5,TERMINAL_PRESS,-0.0182,0.0156,0.1122,0.0569
670,20.158,0.5092,-3.5274,2.076,-0.0168,0.0139,-0.2168,2.056,0.126,1.88,0.3973,-3.5847,0.2,0.0,0.0,0.0,0.0072,-0.0059,-0.8194,0.8194,-0.0089,1,1,2,0.803,0.431,0.569,0,0,0.0,5,TERMINAL_PRESS,-0.0168,0.0139,0.1119,0.0572
671,20.193,0.5088,-3.5272,2.0717,-0.0167,0.0139,-0.2171,2.052,0.126,1.876,0.3973,-3.5847,0.2,0.0,0.0,0.0,0.0072,-0.0059,-0.819,0.8191,0.0181,1,1,2,0.801,0.439,0.561,0,0,0.0,5,TERMINAL_PRESS,-0.0167,0.0139,0.1116,0.0575
672,20.228,0.5085,-3.5269,2.0673,-0.0157,0.0131,-0.2169,2.047,0.125,1.872,0.3973,-3.5847,0.2,0.0,0.0,0.0,0.0067,-0.0056,-0.8192,0.8193,-0.0116,1,1,2,0.802,0.434,0.566,0,0,0.0,5,TERMINAL_PRESS,-0.0157,0.0131,0.1113,0.0578
673,20.263,0.5082,-3.5266,2.063,-0.0162,0.0139,-0.2169,2.043,0.125,1.867,0.3973,-3.5847,0.2,0.0,0.0,0.0,0.0069,-0.0059,-0.8192,0.8193,0.02,1,1,2,0.802,0.438,0.562,0,0,0.0,5,TERMINAL_PRESS,-0.0162,0.0139,0.1109,0.058
674,20.298,0.5079,-3.5263,2.0587,-0.016,0.0136,-0.2168,2.039,0.125,1.863,0.3973,-3.5847,0.2,0.0,0.0,0.0,0.0068,-0.0058,-0.8194,0.8194,-0.0093,1,1,2,0.804,0.435,0.565,0,0,0.0,5,TERMINAL_PRESS,-0.016,0.0136,0.1106,0.0583
675,20.334,0.5076,-3.526,2.0543,-0.0167,0.0151,-0.2169,2.034,0.125,1.859,0.3973,-3.5847,0.2,0.0,0.0,0.0,0.0071,-0.0064,-0.8193,0.8193,0.0099,1,1,2,0.802,0.435,0.565,0,0,0.0,5,TERMINAL_PRESS,-0.0167,0.0151,0.1103,0.0586
676,20.369,0.5072,-3.5257,2.05,-0.0162,0.0157,-0.2168,2.03,0.125,1.854,0.3973,-3.5847,0.2,0.0,0.0,0.0,0.0069,-0.0067,-0.8194,0.8194,-0.0194,1,1,2,0.804,0.437,0.563,0,0,0.0,5,TERMINAL_PRESS,-0.0162,0.0157,0.11,0.0589
677,20.405,0.5069,-3.5254,2.0456,-0.0169,0.0172,-0.2168,2.026,0.125,1.85,0.3973,-3.5847,0.2,0.0,0.0,0.0,0.0072,-0.0073,-0.8195,0.8196,0.0131,1,1,2,0.803,0.444,0.556,0,0,0.0,5,TERMINAL_PRESS,-0.0169,0.0172,0.1096,0.0593
678,20.441,0.5066,-3.525,2.0413,-0.0166,0.0171,-0.2167,2.021,0.124,1.846,0.3973,-3.5847,0.2,0.0,0.0,0.0,0.0071,-0.0073,-0.8195,0.8196,-0.0162,1,1,2,0.804,0.442,0.558,0,0,0.0,5,TERMINAL_PRESS,-0.0166,0.0171,0.1093,0.0596
679,20.479,0.5062,-3.5247,2.037,-0.0179,0.018,-0.2169,2.017,0.124,1.841,0.3973,-3.5847,0.2,0.0,0.0,0.0,0.0076,-0.0077,-0.8193,0.8194,0.0146,1,1,2,0.804,0.441,0.559,0,0,0.0,5,TERMINAL_PRESS,-0.0179,0.018,0.1089,0.06
680,20.515,0.5058,-3.5243,2.0326,-0.0185,0.0176,-0.2168,2.013,0.124,1.837,0.3973,-3.5847,0.2,0.0,0.0,0.0,0.0079,-0.0075,-0.8194,0.8195,-0.0144,1,1,2,0.806,0.435,0.565,0,0,0.0,5,TERMINAL_PRESS,-0.0185,0.0176,0.1086,0.0603
681,20.55,0.5054,-3.524,2.0283,-0.0195,0.0184,-0.2167,2.008,0.124,1.833,0.3973,-3.5847,0.2,0.0,0.0,0.0,0.0084,-0.0079,-0.8196,0.8196,0.0178,1,1,2,0.806,0.437,0.563,0,0,0.0,5,TERMINAL_PRESS,-0.0195,0.0184,0.1082,0.0607
682,20.585,0.5051,-3.5236,2.024,-0.0188,0.018,-0.2167,2.004,0.124,1.828,0.3973,-3.5847,0.2,0.0,0.0,0.0,0.008,-0.0077,-0.8196,0.8197,-0.0114,1,1,2,0.808,0.434,0.566,0,0,0.0,5,TERMINAL_PRESS,-0.0188,0.018,0.1078,0.0611
683,20.62,0.5047,-3.5232,2.0196,-0.0188,0.0191,-0.2167,2.0,0.124,1.824,0.3973,-3.5847,0.2,0.0,0.0,0.0,0.0081,-0.0082,-0.8195,0.8196,0.0149,1,1,2,0.807,0.434,0.566,0,0,0.0,5,TERMINAL_PRESS,-0.0188,0.0191,0.1074,0.0614
684,20.654,0.5043,-3.5228,2.0153,-0.0174,0.0193,-0.2167,1.995,0.124,1.82,0.3973,-3.5847,0.2,0.0,0.0,0.0,0.0075,-0.0082,-0.8196,0.8196,-0.0144,1,1,2,0.809,0.435,0.565,0,0,0.0,5,TERMINAL_PRESS,-0.0174,0.0193,0.1071,0.0618
685,20.689,0.504,-3.5224,2.011,-0.0171,0.0206,-0.2167,1.991,0.124,1.815,0.3973,-3.5847,0.2,0.0,0.0,0.0,0.0073,-0.0088,-0.8196,0.8197,0.0181,1,1,2,0.807,0.434,0.566,0,0,0.0,5,TERMINAL_PRESS,-0.0171,0.0206,0.1067,0.0622
686,20.724,0.5037,-3.522,2.0066,-0.0156,0.0208,-0.2167,1.987,0.123,1.811,0.3973,-3.5847,0.2,0.0,0.0,0.0,0.0067,-0.0089,-0.8196,0.8197,-0.0113,1,1,2,0.809,0.434,0.566,0,0,0.0,5,TERMINAL_PRESS,-0.0156,0.0208,0.1064,0.0627
687,20.759,0.5034,-3.5216,2.0023,-0.0156,0.0225,-0.2168,1.982,0.123,1.807,0.3973,-3.5847,0.2,0.0,0.0,0.0,0.0067,-0.0096,-0.8194,0.8195,0.0089,1,1,2,0.807,0.441,0.559,0,0,0.0,5,TERMINAL_PRESS,-0.0156,0.0225,0.1061,0.0631
688,20.793,0.5031,-3.5211,1.998,-0.0147,0.0232,-0.2168,1.978,0.123,1.802,0.3973,-3.5847,0.2,0.0,0.0,0.0,0.0063,-0.0099,-0.8195,0.8195,-0.0205,1,1,2,0.808,0.44,0.56,0,0,0.0,5,TERMINAL_PRESS,-0.0147,0.0232,0.1058,0.0636
689,20.828,0.5028,-3.5206,1.9936,-0.0155,0.0247,-0.2169,1.974,0.123,1.798,0.3973,-3.5847,0.2,0.0,0.0,0.0,0.0066,-0.0106,-0.8193,0.8194,0.0104,1,1,2,0.808,0.438,0.562,0,0,0.0,5,TERMINAL_PRESS,-0.0155,0.0247,0.1055,0.0641
690,20.862,0.5025,-3.5201,1.9893,-0.0158,0.0245,-0.2168,1.969,0.123,1.794,0.3973,-3.5847,0.2,0.0,0.0,0.0,0.0067,-0.0105,-0.8194,0.8195,-0.0187,1,1,2,0.811,0.436,0.564,0,0,0.0,5,TERMINAL_PRESS,-0.0158,0.0245,0.1052,0.0646
691,20.898,0.5021,-3.5196,1.985,-0.0165,0.0251,-0.2167,1.965,0.123,1.789,0.3973,-3.5847,0.2,0.0,0.0,0.0,0.0071,-0.0107,-0.8196,0.8197,0.0137,1,1,2,0.81,0.442,0.558,0,0,0.0,5,TERMINAL_PRESS,-0.0165,0.0251,0.1048,0.0651
692,20.932,0.5018,-3.5191,1.9806,-0.0157,0.0242,-0.2167,1.961,0.123,1.785,0.3973,-3.5847,0.2,0.0,0.0,0.0,0.0067,-0.0104,-0.8196,0.8197,-0.0157,1,1,2,0.812,0.437,0.563,0,0,0.0,5,TERMINAL_PRESS,-0.0157,0.0242,0.1045,0.0655
693,20.967,0.5015,-3.5186,1.9763,-0.0157,0.0245,-0.2166,1.956,0.123,1.781,0.3973,-3.5847,0.2,0.0,0.0,0.0,0.0067,-0.0105,-0.8197,0.8198,0.017,1,1,2,0.811,0.44,0.56,0,0,0.0,5,TERMINAL_PRESS,-0.0157,0.0245,0.1042,0.066
694,21.002,0.5012,-3.5182,1.972,-0.0143,0.0234,-0.2167,1.952,0.123,1.776,0.3973,-3.5847,0.2,0.0,0.0,0.0,0.0061,-0.01,-0.8197,0.8198,-0.0126,1,1,2,0.813,0.439,0.561,0,0,0.0,5,TERMINAL_PRESS,-0.0143,0.0234,0.1039,0.0665
695,21.037,0.5009,-3.5177,1.9676,-0.0142,0.0237,-0.2167,1.948,0.123,1.772,0.3973,-3.5847,0.2,0.0,0.0,0.0,0.0061,-0.0101,-0.8196,0.8197,0.0192,1,1,2,0.811,0.442,0.558,0,0,0.0,5,TERMINAL_PRESS,-0.0142,0.0237,0.1036,0.067
696,21.075,0.5007,-3.5172,1.9633,-0.0131,0.023,-0.2167,1.943,0.123,1.768,0.3973,-3.5847,0.2,0.0,0.0,0.0,0.0056,-0.0098,-0.8196,0.8197,-0.0105,1,1,2,0.812,0.443,0.557,0,0,0.0,5,TERMINAL_PRESS,-0.0131,0.023,0.1034,0.0674
697,21.11,0.5004,-3.5167,1.9589,-0.0135,0.0239,-0.2173,1.939,0.123,1.763,0.3973,-3.5847,0.2,0.0,0.0,0.0,0.0058,-0.0102,-0.8186,0.8187,0.0081,1,1,2,0.811,0.448,0.552,0,0,0.0,5,TERMINAL_PRESS,-0.0135,0.0239,0.1031,0.0679
698,21.149,0.5001,-3.5163,1.9546,-0.0132,0.0239,-0.2171,1.935,0.124,1.759,0.3973,-3.5847,0.2,0.0,0.0,0.0,0.0056,-0.0102,-0.819,0.819,-0.0214,1,1,2,0.813,0.445,0.555,0,0,0.0,5,TERMINAL_PRESS,-0.0132,0.0239,0.1029,0.0684
699,21.184,0.4999,-3.5158,1.9503,-0.014,0.0246,-0.2169,1.93,0.124,1.755,0.3973,-3.5847,0.2,0.0,0.0,0.0,0.006,-0.0105,-0.8193,0.8194,0.0112,1,1,2,0.812,0.449,0.551,0,0,0.0,5,TERMINAL_PRESS,-0.014,0.0246,0.1026,0.0689
700,21.219,0.4996,-3.5153,1.9459,-0.0138,0.0235,-0.2168,1.926,0.124,1.75,0.3973,-3.5847,0.2,0.0,0.0,0.0,0.0059,-0.0101,-0.8194,0.8195,-0.0182,1,1,2,0.813,0.449,0.551,0,0,0.0,5,TERMINAL_PRESS,-0.0138,0.0235,0.1023,0.0693
701,21.254,0.4993,-3.5148,1.9416,-0.015,0.0233,-0.2168,1.922,0.124,1.746,0.3973,-3.5847,0.2,0.0,0.0,0.0,0.0064,-0.01,-0.8194,0.8195,0.0134,1,1,2,0.812,0.449,0.551,0,0,0.0,5,TERMINAL_PRESS,-0.015,0.0233,0.102,0.0698
702,21.289,0.499,-3.5144,1.9373,-0.0154,0.0217,-0.2168,1.917,0.124,1.742,0.3973,-3.5847,0.2,0.0,0.0,0.0,0.0066,-0.0093,-0.8195,0.8196,-0.0156,1,1,2,0.814,0.452,0.548,0,0,0.0,5,TERMINAL_PRESS,-0.0154,0.0217,0.1017,0.0702
703,21.324,0.4986,-3.514,1.9329,-0.0169,0.0211,-0.2167,1.913,0.124,1.737,0.3973,-3.5847,0.2,0.0,0.0,0.0,0.0072,-0.009,-0.8196,0.8197,0.0165,1,1,2,0.813,0.453,0.547,0,0,0.0,5,TERMINAL_PRESS,-0.0169,0.0211,0.1014,0.0707
704,21.362,0.4983,-3.5136,1.9286,-0.0172,0.0193,-0.2167,1.909,0.123,1.733,0.3973,-3.5847,0.2,0.0,0.0,0.0,0.0074,-0.0082,-0.8196,0.8197,-0.0124,1,1,2,0.814,0.451,0.549,0,0,0.0,5,TERMINAL_PRESS,-0.0172,0.0193,0.101,0.0711
705,21.399,0.4979,-3.5132,1.9242,-0.0189,0.0188,-0.2168,1.904,0.123,1.729,0.3973,-3.5847,0.2,0.0,0.0,0.0,0.0081,-0.008,-0.8194,0.8195,0.0186,1,1,2,0.814,0.451,0.549,0,0,0.0,5,TERMINAL_PRESS,-0.0189,0.0188,0.1006,0.0714
706,21.439,0.4975,-3.5129,1.9199,-0.0198,0.0173,-0.2168,1.9,0.123,1.724,0.3973,-3.5847,0.2,0.0,0.0,0.0,0.0085,-0.0074,-0.8195,0.8196,-0.0102,1,1,2,0.816,0.45,0.55,0,0,0.0,5,TERMINAL_PRESS,-0.0198,0.0173,0.1002,0.0718
707,21.483,0.4971,-3.5125,1.9156,-0.0213,0.0173,-0.2168,1.896,0.123,1.72,0.3973,-3.5847,0.2,0.0,0.0,0.0,0.0091,-0.0074,-0.8195,0.8196,0.0188,1,1,2,0.815,0.451,0.549,0,0,0.0,5,TERMINAL_PRESS,-0.0213,0.0173,0.0998,0.0721
708,21.522,0.4967,-3.5122,1.9112,-0.0214,0.0165,-0.2167,1.891,0.123,1.716,0.3973,-3.5847,0.2,0.0,0.0,0.0,0.0092,-0.0071,-0.8195,0.8196,-0.01,1,1,2,0.817,0.452,0.548,0,0,0.0,5,TERMINAL_PRESS,-0.0214,0.0165,0.0994,0.0725
709,21.559,0.4962,-3.5119,1.9069,-0.0225,0.0172,-0.2168,1.887,0.123,1.711,0.3973,-3.5847,0.2,0.0,0.0,0.0,0.0096,-0.0074,-0.8195,0.8196,0.0148,1,1,2,0.816,0.451,0.549,0,0,0.0,5,TERMINAL_PRESS,-0.0225,0.0172,0.0989,0.0728
710,21.596,0.4958,-3.5115,1.9026,-0.0223,0.0171,-0.2168,1.883,0.123,1.707,0.3973,-3.5847,0.2,0.0,0.0,0.0,0.0096,-0.0073,-0.8195,0.8196,-0.014,1,1,2,0.817,0.452,0.548,0,0,0.0,5,TERMINAL_PRESS,-0.0223,0.0171,0.0985,0.0731
711,21.632,0.4953,-3.5112,1.8982,-0.0235,0.0182,-0.2168,1.878,0.123,1.703,0.3973,-3.5847,0.2,0.0,0.0,0.0,0.0101,-0.0078,-0.8194,0.8195,0.0171,1,1,2,0.817,0.453,0.547,0,0,0.0,5,TERMINAL_PRESS,-0.0235,0.0182,0.098,0.0735
712,21.669,0.4948,-3.5108,1.8939,-0.0238,0.0182,-0.2168,1.874,0.122,1.698,0.3973,-3.5847,0.2,0.0,0.0,0.0,0.0102,-0.0078,-0.8194,0.8195,-0.0115,1,1,2,0.819,0.451,0.549,0,0,0.0,5,TERMINAL_PRESS,-0.0238,0.0182,0.0975,0.0739
713,21.705,0.4943,-3.5104,1.8896,-0.025,0.0195,-0.2168,1.87,0.122,1.694,0.3973,-3.5847,0.2,0.0,0.0,0.0,0.0107,-0.0084,-0.8194,0.8195,0.0141,1,1,2,0.818,0.455,0.545,0,0,0.0,5,TERMINAL_PRESS,-0.025,0.0195,0.097,0.0743
714,21.741,0.4938,-3.51,1.8852,-0.0247,0.0199,-0.2168,1.865,0.122,1.69,0.3973,-3.5847,0.2,0.0,0.0,0.0,0.0106,-0.0085,-0.8195,0.8196,-0.0146,1,1,2,0.82,0.452,0.548,0,0,0.0,5,TERMINAL_PRESS,-0.0247,0.0199,0.0965,0.0747
715,21.778,0.4933,-3.5096,1.8809,-0.0255,0.0215,-0.2167,1.861,0.122,1.685,0.3973,-3.5847,0.2,0.0,0.0,0.0,0.0109,-0.0092,-0.8195,0.8197,0.0172,1,1,2,0.818,0.455,0.545,0,0,0.0,5,TERMINAL_PRESS,-0.0255,0.0215,0.096,0.0751
716,21.815,0.4928,-3.5091,1.8766,-0.0252,0.0219,-0.2168,1.857,0.122,1.681,0.3973,-3.5847,0.2,0.0,0.0,0.0,0.0108,-0.0094,-0.8195,0.8196,-0.0115,1,1,2,0.82,0.455,0.545,0,0,0.0,5,TERMINAL_PRESS,-0.0252,0.0219,0.0955,0.0755
717,21.852,0.4923,-3.5087,1.8722,-0.0264,0.0237,-0.217,1.852,0.122,1.677,0.3973,-3.5847,0.2,0.0,0.0,0.0,0.0113,-0.0101,-0.8191,0.8192,0.0067,1,1,2,0.82,0.45,0.55,0,0,0.0,5,TERMINAL_PRESS,-0.0264,0.0237,0.095,0.076
718,21.889,0.4917,-3.5082,1.8679,-0.0267,0.0245,-0.2169,1.848,0.122,1.672,0.3973,-3.5847,0.2,0.0,0.0,0.0,0.0114,-0.0105,-0.8192,0.8194,-0.0218,1,1,2,0.823,0.452,0.548,0,0,0.0,5,TERMINAL_PRESS,-0.0267,0.0245,0.0945,0.0765
719,21.925,0.4912,-3.5077,1.8635,-0.0273,0.0259,-0.2168,1.844,0.121,1.668,0.3973,-3.5847,0.2,0.0,0.0,0.0,0.0117,-0.0111,-0.8195,0.8196,0.01,1,1,2,0.823,0.455,0.545,0,0,0.0,5,TERMINAL_PRESS,-0.0273,0.0259,0.0939,0.077
720,21.962,0.4907,-3.5071,1.8592,-0.0257,0.0255,-0.2167,1.839,0.121,1.664,0.3973,-3.5847,0.2,0.0,0.0,0.0,0.011,-0.0109,-0.8196,0.8197,-0.0189,1,1,2,0.825,0.451,0.549,0,0,0.0,5,TERMINAL_PRESS,-0.0257,0.0255,0.0934,0.0775
721,21.999,0.4902,-3.5066,1.8549,-0.0245,0.0259,-0.2166,1.835,0.121,1.659,0.3973,-3.5847,0.2,0.0,0.0,0.0,0.0105,-0.0111,-0.8197,0.8199,0.0132,1,1,2,0.824,0.452,0.548,0,0,0.0,5,TERMINAL_PRESS,-0.0245,0.0259,0.0929,0.078
722,22.036,0.4898,-3.5061,1.8505,-0.0216,0.0248,-0.2166,1.831,0.121,1.655,0.3973,-3.5847,0.2,0.0,0.0,0.0,0.0093,-0.0106,-0.8197,0.8198,-0.0159,1,1,2,0.826,0.455,0.545,0,0,0.0,5,TERMINAL_PRESS,-0.0216,0.0248,0.0925,0.0785
723,22.071,0.4894,-3.5056,1.8462,-0.0195,0.0247,-0.2166,1.826,0.121,1.651,0.3973,-3.5847,0.2,0.0,0.0,0.0,0.0084,-0.0106,-0.8198,0.8199,0.0164,1,1,2,0.826,0.455,0.545,0,0,0.0,5,TERMINAL_PRESS,-0.0195,0.0247,0.0921,0.079
724,22.108,0.4891,-3.5052,1.8419,-0.016,0.0234,-0.2166,1.822,0.121,1.646,0.3973,-3.5847,0.2,0.0,0.0,0.0,0.0069,-0.01,-0.8197,0.8198,-0.0129,1,1,2,0.827,0.456,0.544,0,0,0.0,5,TERMINAL_PRESS,-0.016,0.0234,0.0918,0.0795
725,22.143,0.4888,-3.5047,1.8375,-0.0136,0.0233,-0.2166,1.818,0.122,1.642,0.3973,-3.5847,0.2,0.0,0.0,0.0,0.0058,-0.01,-0.8198,0.8198,0.0196,1,1,2,0.826,0.454,0.546,0,0,0.0,5,TERMINAL_PRESS,-0.0136,0.0233,0.0915,0.08
726,22.179,0.4886,-3.5043,1.8332,-0.0102,0.0223,-0.2167,1.813,0.122,1.638,0.3973,-3.5847,0.2,0.0,0.0,0.0,0.0044,-0.0095,-0.8197,0.8198,-0.0099,1,1,2,0.827,0.458,0.542,0,0,0.0,5,TERMINAL_PRESS,-0.0102,0.0223,0.0913,0.0804
727,22.214,0.4884,-3.5038,1.8289,-0.0082,0.0228,-0.2168,1.809,0.122,1.633,0.3973,-3.5847,0.2,0.0,0.0,0.0,0.0035,-0.0098,-0.8195,0.8196,0.01,1,1,2,0.826,0.453,0.547,0,0,0.0,5,TERMINAL_PRESS,-0.0082,0.0228,0.0911,0.0809
728,22.25,0.4883,-3.5034,1.8245,-0.0054,0.0225,-0.2167,1.805,0.122,1.629,0.3973,-3.5847,0.2,0.0,0.0,0.0,0.0023,-0.0096,-0.8195,0.8196,-0.0194,1,1,2,0.827,0.458,0.542,0,0,0.0,5,TERMINAL_PRESS,-0.0054,0.0225,0.091,0.0813
729,22.285,0.4882,-3.5029,1.8202,-0.0044,0.023,-0.2167,1.8,0.122,1.625,0.3973,-3.5847,0.2,0.0,0.0,0.0,0.0019,-0.0099,-0.8196,0.8197,0.0131,1,1,2,0.825,0.452,0.548,0,0,0.0,5,TERMINAL_PRESS,-0.0044,0.023,0.0909,0.0818
730,22.32,0.4882,-3.5024,1.8159,-0.0029,0.022,-0.2167,1.796,0.123,1.621,0.3973,-3.5847,0.2,0.0,0.0,0.0,0.0012,-0.0094,-0.8196,0.8197,-0.0163,1,1,2,0.826,0.457,0.543,0,0,0.0,5,TERMINAL_PRESS,-0.0029,0.022,0.0909,0.0822
731,22.356,0.4881,-3.502,1.8115,-0.0034,0.022,-0.2168,1.792,0.123,1.616,0.3973,-3.5847,0.2,0.0,0.0,0.0,0.0015,-0.0094,-0.8194,0.8195,0.0142,1,1,2,0.826,0.456,0.544,0,0,0.0,5,TERMINAL_PRESS,-0.0034,0.022,0.0908,0.0826
732,22.392,0.488,-3.5016,1.8072,-0.0037,0.0207,-0.2167,1.787,0.123,1.612,0.3973,-3.5847,0.2,0.0,0.0,0.0,0.0016,-0.0088,-0.8195,0.8196,-0.015,1,1,2,0.828,0.456,0.544,0,0,0.0,5,TERMINAL_PRESS,-0.0037,0.0207,0.0907,0.0831
733,22.426,0.4879,-3.5012,1.8029,-0.0044,0.0205,-0.2167,1.783,0.123,1.608,0.3973,-3.5847,0.2,0.0,0.0,0.0,0.0019,-0.0088,-0.8196,0.8197,0.0176,1,1,2,0.827,0.457,0.543,0,0,0.0,5,TERMINAL_PRESS,-0.0044,0.0205,0.0906,0.0835
734,22.461,0.4879,-3.5008,1.7985,-0.0035,0.0191,-0.2167,1.779,0.123,1.603,0.3973,-3.5847,0.2,0.0,0.0,0.0,0.0015,-0.0082,-0.8197,0.8197,-0.012,1,1,2,0.829,0.455,0.545,0,0,0.0,5,TERMINAL_PRESS,-0.0035,0.0191,0.0906,0.0839
735,22.496,0.4878,-3.5004,1.7942,-0.0033,0.0191,-0.2172,1.774,0.124,1.599,0.3973,-3.5847,0.2,0.0,0.0,0.0,0.0014,-0.0082,-0.8188,0.8189,0.0201,1,1,2,0.829,0.455,0.545,0,0,0.0,5,TERMINAL_PRESS,-0.0033,0.0191,0.0905,0.0842
736,22.532,0.4878,-3.5001,1.7899,-0.0017,0.0182,-0.217,1.77,0.124,1.595,0.3973,-3.5847,0.2,0.0,0.0,0.0,0.0007,-0.0078,-0.8191,0.8192,-0.0097,1,1,2,0.83,0.458,0.542,0,0,0.0,5,TERMINAL_PRESS,-0.0017,0.0182,0.0905,0.0846
737,22.567,0.4877,-3.4997,1.7855,-0.0011,0.0189,-0.217,1.766,0.124,1.59,0.3973,-3.5847,0.2,0.0,0.0,0.0,0.0005,-0.0081,-0.8192,0.8192,0.011,1,1,2,0.829,0.455,0.545,0,0,0.0,5,TERMINAL_PRESS,-0.0011,0.0189,0.0905,0.085
738,22.602,0.4877,-3.4993,1.7812,0.0006,0.0188,-0.2169,1.761,0.124,1.586,0.3973,-3.5847,0.2,0.0,0.0,0.0,-0.0003,-0.0081,-0.8193,0.8194,-0.0186,1,1,2,0.83,0.457,0.543,0,0,0.0,5,TERMINAL_PRESS,0.0006,0.0188,0.0905,0.0854
739,22.637,0.4878,-3.4989,1.7768,0.001,0.0196,-0.2168,1.757,0.125,1.582,0.3973,-3.5847,0.2,0.0,0.0,0.0,-0.0004,-0.0084,-0.8195,0.8195,0.0141,1,1,2,0.829,0.457,0.543,0,0,0.0,5,TERMINAL_PRESS,0.001,0.0196,0.0905,0.0857
740,22.672,0.4878,-3.4985,1.7725,0.0022,0.0189,-0.2167,1.753,0.125,1.577,0.3973,-3.5847,0.2,0.0,0.0,0.0,-0.0009,-0.0081,-0.8196,0.8196,-0.0154,1,1,2,0.83,0.457,0.543,0,0,0.0,5,TERMINAL_PRESS,0.0022,0.0189,0.0905,0.0861
741,22.708,0.4878,-3.4981,1.7682,0.0017,0.0194,-0.2167,1.748,0.125,1.573,0.3973,-3.5847,0.2,0.0,0.0,0.0,-0.0007,-0.0083,-0.8196,0.8197,0.017,1,1,2,0.828,0.46,0.54,0,0,0.0,5,TERMINAL_PRESS,0.0017,0.0194,0.0906,0.0865
742,22.743,0.4879,-3.4978,1.7638,0.0018,0.0186,-0.2167,1.744,0.126,1.569,0.3973,-3.5847,0.2,0.0,0.0,0.0,-0.0008,-0.0079,-0.8196,0.8197,-0.0121,1,1,2,0.829,0.459,0.541,0,0,0.0,5,TERMINAL_PRESS,0.0018,0.0186,0.0906,0.0869
743,22.779,0.4879,-3.4974,1.7595,-0.0001,0.0192,-0.2168,1.74,0.126,1.565,0.3973,-3.5847,0.2,0.0,0.0,0.0,0.0,-0.0082,-0.8194,0.8194,0.0177,1,1,2,0.829,0.459,0.541,0,0,0.0,5,TERMINAL_PRESS,-0.0001,0.0192,0.0906,0.0873
744,22.816,0.4878,-3.497,1.7552,-0.0018,0.0188,-0.2169,1.735,0.126,1.56,0.3973,-3.5847,0.2,0.0,0.0,0.0,0.0008,-0.008,-0.8193,0.8193,-0.0112,1,1,2,0.831,0.461,0.539,0,0,0.0,5,TERMINAL_PRESS,-0.0018,0.0188,0.0906,0.0876
745,22.853,0.4878,-3.4966,1.7508,-0.0035,0.0198,-0.2169,1.731,0.126,1.556,0.3973,-3.5847,0.2,0.0,0.0,0.0,0.0015,-0.0085,-0.8193,0.8193,0.0141,1,1,2,0.83,0.46,0.54,0,0,0.0,5,TERMINAL_PRESS,-0.0035,0.0198,0.0905,0.088
746,22.89,0.4877,-3.4962,1.7465,-0.0041,0.0199,-0.2168,1.726,0.126,1.552,0.3973,-3.5847,0.2,0.0,0.0,0.0,0.0017,-0.0085,-0.8194,0.8194,-0.0148,1,1,2,0.831,0.46,0.54,0,0,0.0,5,TERMINAL_PRESS,-0.0041,0.0199,0.0904,0.0884
747,22.926,0.4876,-3.4958,1.7422,-0.006,0.0212,-0.2168,1.722,0.127,1.547,0.3973,-3.5847,0.2,0.0,0.0,0.0,0.0026,-0.009,-0.8195,0.8195,0.0171,1,1,2,0.83,0.466,0.534,0,0,0.0,5,TERMINAL_PRESS,-0.006,0.0212,0.0903,0.0889
748,22.963,0.4874,-3.4954,1.7378,-0.0069,0.0212,-0.2168,1.718,0.127,1.543,0.3973,-3.5847,0.2,0.0,0.0,0.0,0.003,-0.0091,-0.8195,0.8195,-0.0116,1,1,2,0.831,0.461,0.539,0,0,0.0,5,TERMINAL_PRESS,-0.0069,0.0212,0.0902,0.0893
749,22.999,0.4872,-3.4949,1.7335,-0.0096,0.0227,-0.217,1.713,0.127,1.539,0.3973,-3.5847,0.2,0.0,0.0,0.0,0.0041,-0.0097,-0.819,0.8191,0.0094,1,1,2,0.831,0.461,0.539,0,0,0.0,5,TERMINAL_PRESS,-0.0096,0.0227,0.09,0.0897
750,23.037,0.487,-3.4945,1.7291,-0.0116,0.0232,-0.2169,1.709,0.127,1.534,0.3973,-3.5847,0.2,0.0,0.0,0.0,0.005,-0.0099,-0.8192,0.8193,-0.019,1,1,2,0.834,0.457,0.543,0,0,0.0,5,TERMINAL_PRESS,-0.0116,0.0232,0.0897,0.0902
751,23.074,0.4867,-3.494,1.7248,-0.0138,0.0245,-0.2168,1.705,0.127,1.53,0.3973,-3.5847,0.2,0.0,0.0,0.0,0.0059,-0.0104,-0.8194,0.8195,0.0127,1,1,2,0.834,0.46,0.54,0,0,0.0,5,TERMINAL_PRESS,-0.0138,0.0245,0.0895,0.0907
752,23.114,0.4865,-3.4935,1.7205,-0.0138,0.0242,-0.2168,1.7,0.128,1.526,0.3973,-3.5847,0.2,0.0,0.0,0.0,0.0059,-0.0103,-0.8195,0.8195,-0.016,1,1,2,0.836,0.462,0.538,0,0,0.0,5,TERMINAL_PRESS,-0.0138,0.0242,0.0892,0.0912
753,23.15,0.4862,-3.493,1.7161,-0.0144,0.0249,-0.2167,1.696,0.128,1.521,0.3973,-3.5847,0.2,0.0,0.0,0.0,0.0061,-0.0106,-0.8196,0.8197,0.0159,1,1,2,0.836,0.462,0.538,0,0,0.0,5,TERMINAL_PRESS,-0.0144,0.0249,0.0889,0.0917
754,23.187,0.4859,-3.4925,1.7118,-0.0131,0.0244,-0.2167,1.692,0.128,1.517,0.3973,-3.5847,0.2,0.0,0.0,0.0,0.0056,-0.0104,-0.8196,0.8197,-0.0131,1,1,2,0.838,0.462,0.538,0,0,0.0,5,TERMINAL_PRESS,-0.0131,0.0244,0.0886,0.0922
755,23.223,0.4857,-3.492,1.7075,-0.0126,0.0251,-0.2167,1.687,0.128,1.513,0.3973,-3.5847,0.2,0.0,0.0,0.0,0.0054,-0.0107,-0.8196,0.8197,0.0168,1,1,2,0.837,0.461,0.539,0,0,0.0,5,TERMINAL_PRESS,-0.0126,0.0251,0.0884,0.0927
756,23.261,0.4854,-3.4915,1.7031,-0.0107,0.0248,-0.2167,1.683,0.128,1.509,0.3973,-3.5847,0.2,0.0,0.0,0.0,0.0046,-0.0106,-0.8196,0.8197,-0.0123,1,1,2,0.839,0.463,0.537,0,0,0.0,5,TERMINAL_PRESS,-0.0107,0.0248,0.0882,0.0932
757,23.296,0.4852,-3.491,1.6988,-0.01,0.0258,-0.2167,1.679,0.129,1.504,0.3973,-3.5847,0.2,0.0,0.0,0.0,0.0043,-0.011,-0.8195,0.8196,0.012,1,1,2,0.838,0.461,0.539,0,0,0.0,5,TERMINAL_PRESS,-0.01,0.0258,0.088,0.0937
758,23.333,0.4851,-3.4905,1.6945,-0.0081,0.0259,-0.2167,1.674,0.129,1.5,0.3973,-3.5847,0.2,0.0,0.0,0.0,0.0034,-0.0111,-0.8196,0.8196,-0.0171,1,1,2,0.839,0.462,0.538,0,0,0.0,5,TERMINAL_PRESS,-0.0081,0.0259,0.0878,0.0942
759,23.369,0.4849,-3.4899,1.6901,-0.0076,0.0269,-0.2167,1.67,0.129,1.496,0.3973,-3.5847,0.2,0.0,0.0,0.0,0.0032,-0.0115,-0.8196,0.8197,0.0152,1,1,2,0.838,0.466,0.534,0,0,0.0,5,TERMINAL_PRESS,-0.0076,0.0269,0.0877,0.0947
760,23.406,0.4848,-3.4894,1.6858,-0.0063,0.0265,-0.2167,1.666,0.129,1.491,0.3973,-3.5847,0.2,0.0,0.0,0.0,0.0027,-0.0113,-0.8196,0.8197,-0.014,1,1,2,0.839,0.465,0.535,0,0,0.0,5,TERMINAL_PRESS,-0.0063,0.0265,0.0875,0.0953
761,23.441,0.4847,-3.4888,1.6815,-0.0068,0.0274,-0.2168,1.661,0.13,1.487,0.3973,-3.5847,0.2,0.0,0.0,0.0,0.0029,-0.0117,-0.8195,0.8196,0.0171,1,1,2,0.838,0.464,0.536,0,0,0.0,5,TERMINAL_PRESS,-0.0068,0.0274,0.0874,0.0958
762,23.476,0.4845,-3.4883,1.6771,-0.0068,0.0271,-0.2168,1.657,0.13,1.483,0.3973,-3.5847,0.2,0.0,0.0,0.0,0.0029,-0.0116,-0.8195,0.8196,-0.0119,1,1,2,0.84,0.467,0.533,0,0,0.0,5,TERMINAL_PRESS,-0.0068,0.0271,0.0873,0.0964
763,23.512,0.4844,-3.4877,1.6728,-0.0078,0.0283,-0.2168,1.653,0.13,1.479,0.3973,-3.5847,0.2,0.0,0.0,0.0,0.0033,-0.0121,-0.8194,0.8195,0.0075,1,1,2,0.839,0.465,0.535,0,0,0.0,5,TERMINAL_PRESS,-0.0078,0.0283,0.0871,0.0969
764,23.548,0.4842,-3.4872,1.6684,-0.0077,0.0284,-0.2168,1.648,0.131,1.474,0.3973,-3.5847,0.2,0.0,0.0,0.0,0.0033,-0.0121,-0.8195,0.8196,-0.0216,1,1,2,0.84,0.462,0.538,0,0,0.0,5,TERMINAL_PRESS,-0.0077,0.0284,0.0869,0.0975
765,23.584,0.484,-3.4866,1.6641,-0.0089,0.0292,-0.2167,1.644,0.131,1.47,0.3973,-3.5847,0.2,0.0,0.0,0.0,0.0038,-0.0124,-0.8196,0.8197,0.0107,1,1,2,0.839,0.465,0.535,0,0,0.0,5,TERMINAL_PRESS,-0.0089,0.0292,0.0868,0.0981
766,23.624,0.4839,-3.486,1.6598,-0.0092,0.0281,-0.2167,1.64,0.131,1.466,0.3973,-3.5847,0.2,0.0,0.0,0.0,0.0039,-0.012,-0.8196,0.8197,-0.0185,1,1,2,0.84,0.464,0.536,0,0,0.0,5,TERMINAL_PRESS,-0.0092,0.0281,0.0866,0.0986
767,23.66,0.4836,-3.4855,1.6554,-0.0111,0.028,-0.2168,1.635,0.132,1.461,0.3973,-3.5847,0.2,0.0,0.0,0.0,0.0047,-0.0119,-0.8194,0.8195,0.012,1,1,2,0.84,0.463,0.537,0,0,0.0,5,TERMINAL_PRESS,-0.0111,0.028,0.0864,0.0992
768,23.695,0.4834,-3.4849,1.6511,-0.0125,0.0264,-0.2168,1.631,0.132,1.457,0.3973,-3.5847,0.2,0.0,0.0,0.0,0.0053,-0.0112,-0.8195,0.8196,-0.0171,1,1,2,0.842,0.466,0.534,0,0,0.0,5,TERMINAL_PRESS,-0.0125,0.0264,0.0861,0.0997
769,23.73,0.4831,-3.4844,1.6468,-0.0142,0.0257,-0.2167,1.627,0.132,1.453,0.3973,-3.5847,0.2,0.0,0.0,0.0,0.0061,-0.011,-0.8196,0.8197,0.0154,1,1,2,0.842,0.464,0.536,0,0,0.0,5,TERMINAL_PRESS,-0.0142,0.0257,0.0858,0.1002
770,23.765,0.4828,-3.4839,1.6424,-0.014,0.0236,-0.2167,1.622,0.132,1.448,0.3973,-3.5847,0.2,0.0,0.0,0.0,0.006,-0.0101,-0.8196,0.8197,-0.0142,1,1,2,0.844,0.472,0.528,0,0,0.0,5,TERMINAL_PRESS,-0.014,0.0236,0.0855,0.1007
771,23.8,0.4825,-3.4835,1.6381,-0.0145,0.0229,-0.217,1.618,0.132,1.444,0.3973,-3.5847,0.2,0.0,0.0,0.0,0.0062,-0.0097,-0.8191,0.8192,0.0182,1,1,2,0.844,0.468,0.532,0,0,0.0,5,TERMINAL_PRESS,-0.0145,0.0229,0.0853,0.1012
772,23.835,0.4823,-3.4831,1.6338,-0.0134,0.0209,-0.2169,1.614,0.132,1.44,0.3973,-3.5847,0.2,0.0,0.0,0.0,0.0057,-0.0089,-0.8193,0.8194,-0.0116,1,1,2,0.845,0.473,0.527,0,0,0.0,5,TERMINAL_PRESS,-0.0134,0.0209,0.085,0.1016
773,23.87,0.482,-3.4827,1.6294,-0.0132,0.0204,-0.2168,1.609,0.133,1.436,0.3973,-3.5847,0.2,0.0,0.0,0.0,0.0056,-0.0087,-0.8195,0.8196,0.0214,1,1,2,0.845,0.467,0.533,0,0,0.0,5,TERMINAL_PRESS,-0.0132,0.0204,0.0847,0.102
774,23.905,0.4818,-3.4823,1.6251,-0.0117,0.019,-0.2167,1.605,0.133,1.431,0.3973,-3.5847,0.2,0.0,0.0,0.0,0.005,-0.0081,-0.8196,0.8196,-0.0084,1,1,2,0.846,0.473,0.527,0,0,0.0,5,TERMINAL_PRESS,-0.0117,0.019,0.0845,0.1024
775,23.939,0.4815,-3.4819,1.6208,-0.0115,0.0193,-0.217,1.601,0.133,1.427,0.3973,-3.5847,0.2,0.0,0.0,0.0,0.0049,-0.0082,-0.8191,0.8191,0.0087,1,1,2,0.845,0.468,0.532,0,0,0.0,5,TERMINAL_PRESS,-0.0115,0.0193,0.0843,0.1028
776,23.974,0.4813,-3.4815,1.6164,-0.0103,0.019,-0.2169,1.596,0.133,1.423,0.3973,-3.5847,0.2,0.0,0.0,0.0,0.0044,-0.0081,-0.8193,0.8193,-0.0211,1,1,2,0.846,0.472,0.528,0,0,0.0,5,TERMINAL_PRESS,-0.0103,0.019,0.0841,0.1031
777,24.01,0.4811,-3.4811,1.6121,-0.0107,0.0194,-0.2168,1.592,0.133,1.418,0.3973,-3.5847,0.2,0.0,0.0,0.0,0.0045,-0.0082,-0.8194,0.8195,0.0114,1,1,2,0.845,0.469,0.531,0,0,0.0,5,TERMINAL_PRESS,-0.0107,0.0194,0.0838,0.1035
778,24.045,0.4809,-3.4808,1.6077,-0.0103,0.018,-0.2168,1.588,0.133,1.414,0.3973,-3.5847,0.2,0.0,0.0,0.0,0.0044,-0.0077,-0.8195,0.8196,-0.018,1,1,2,0.846,0.469,0.531,0,0,0.0,5,TERMINAL_PRESS,-0.0103,0.018,0.0836,0.1039
779,24.08,0.4807,-3.4804,1.6034,-0.0116,0.0176,-0.2168,1.583,0.133,1.41,0.3973,-3.5847,0.2,0.0,0.0,0.0,0.0049,-0.0075,-0.8194,0.8194,0.0132,1,1,2,0.845,0.469,0.531,0,0,0.0,5,TERMINAL_PRESS,-0.0116,0.0176,0.0834,0.1042
780,24.116,0.4804,-3.4801,1.5991,-0.0122,0.0156,-0.2168,1.579,0.134,1.405,0.3973,-3.5847,0.2,0.0,0.0,0.0,0.0052,-0.0067,-0.8195,0.8195,-0.016,1,1,2,0.847,0.473,0.527,0,0,0.0,5,TERMINAL_PRESS,-0.0122,0.0156,0.0832,0.1046
781,24.151,0.4802,-3.4798,1.5947,-0.0137,0.0148,-0.2167,1.575,0.134,1.401,0.3973,-3.5847,0.2,0.0,0.0,0.0,0.0058,-0.0063,-0.8196,0.8196,0.0163,1,1,2,0.847,0.468,0.532,0,0,0.0,5,TERMINAL_PRESS,-0.0137,0.0148,0.0829,0.1048
782,24.186,0.4799,-3.4796,1.5904,-0.0137,0.0127,-0.2167,1.57,0.134,1.397,0.3973,-3.5847,0.2,0.0,0.0,0.0,0.0058,-0.0054,-0.8196,0.8196,-0.0128,1,1,2,0.848,0.474,0.526,0,0,0.0,5,TERMINAL_PRESS,-0.0137,0.0127,0.0826,0.1051
783,24.22,0.4796,-3.4793,1.5861,-0.0148,0.0119,-0.2167,1.566,0.134,1.393,0.3973,-3.5847,0.2,0.0,0.0,0.0,0.0063,-0.0051,-0.8197,0.8197,0.0194,1,1,2,0.847,0.472,0.528,0,0,0.0,5,TERMINAL_PRESS,-0.0148,0.0119,0.0823,0.1053
784,24.257,0.4793,-3.4791,1.5817,-0.0149,0.01,-0.2167,1.562,0.134,1.388,0.3973,-3.5847,0.2,0.0,0.0,0.0,0.0063,-0.0043,-0.8196,0.8197,-0.0097,1,1,2,0.848,0.472,0.528,0,0,0.0,5,TERMINAL_PRESS,-0.0149,0.01,0.082,0.1055
785,24.292,0.479,-3.4789,1.5774,-0.0164,0.0098,-0.2168,1.557,0.134,1.384,0.3973,-3.5847,0.2,0.0,0.0,0.0,0.007,-0.0042,-0.8195,0.8195,0.0214,1,1,2,0.848,0.473,0.527,0,0,0.0,5,TERMINAL_PRESS,-0.0164,0.0098,0.0817,0.1057
786,24.326,0.4786,-3.4788,1.5731,-0.0171,0.0087,-0.2168,1.553,0.134,1.38,0.3973,-3.5847,0.2,0.0,0.0,0.0,0.0073,-0.0037,-0.8195,0.8195,-0.0075,1,1,2,0.85,0.474,0.526,0,0,0.0,5,TERMINAL_PRESS,-0.0171,0.0087,0.0813,0.1059
787,24.362,0.4782,-3.4786,1.5687,-0.0186,0.0094,-0.2168,1.549,0.133,1.375,0.3973,-3.5847,0.2,0.0,0.0,0.0,0.0079,-0.004,-0.8194,0.8194,0.0132,1,1,2,0.849,0.472,0.528,0,0,0.0,5,TERMINAL_PRESS,-0.0186,0.0094,0.081,0.1061
788,24.397,0.4779,-3.4784,1.5644,-0.0186,0.0095,-0.2168,1.544,0.133,1.371,0.3973,-3.5847,0.2,0.0,0.0,0.0,0.0079,-0.004,-0.8195,0.8195,-0.0158,1,1,2,0.851,0.476,0.524,0,0,0.0,5,TERMINAL_PRESS,-0.0186,0.0095,0.0806,0.1063
789,24.433,0.4775,-3.4782,1.5601,-0.0197,0.0107,-0.2167,1.54,0.133,1.367,0.3973,-3.5847,0.2,0.0,0.0,0.0,0.0084,-0.0045,-0.8196,0.8196,0.0163,1,1,2,0.85,0.472,0.528,0,0,0.0,5,TERMINAL_PRESS,-0.0197,0.0107,0.0802,0.1065
790,24.47,0.4771,-3.478,1.5557,-0.0196,0.0105,-0.2167,1.536,0.133,1.362,0.3973,-3.5847,0.2,0.0,0.0,0.0,0.0083,-0.0045,-0.8196,0.8196,-0.0127,1,1,2,0.851,0.475,0.525,0,0,0.0,5,TERMINAL_PRESS,-0.0196,0.0105,0.0798,0.1067
791,24.507,0.4767,-3.4777,1.5514,-0.0209,0.0117,-0.2168,1.531,0.133,1.358,0.3973,-3.5847,0.2,0.0,0.0,0.0,0.0089,-0.005,-0.8194,0.8195,0.0185,1,1,2,0.851,0.476,0.524,0,0,0.0,5,TERMINAL_PRESS,-0.0209,0.0117,0.0794,0.1069
792,24.541,0.4762,-3.4775,1.5471,-0.0213,0.0119,-0.2168,1.527,0.133,1.354,0.3973,-3.5847,0.2,0.0,0.0,0.0,0.0091,-0.0051,-0.8194,0.8195,-0.0105,1,1,2,0.853,0.475,0.525,0,0,0.0,5,TERMINAL_PRESS,-0.0213,0.0119,0.079,0.1072
793,24.575,0.4758,-3.4772,1.5427,-0.0225,0.0136,-0.2168,1.523,0.133,1.349,0.3973,-3.5847,0.2,0.0,0.0,0.0,0.0096,-0.0058,-0.8194,0.8195,0.0141,1,1,2,0.852,0.474,0.526,0,0,0.0,5,TERMINAL_PRESS,-0.0225,0.0136,0.0785,0.1075
794,24.61,0.4754,-3.4769,1.5384,-0.0223,0.0144,-0.2168,1.518,0.133,1.345,0.3973,-3.5847,0.2,0.0,0.0,0.0,0.0095,-0.0061,-0.8194,0.8195,-0.015,1,1,2,0.854,0.476,0.524,0,0,0.0,5,TERMINAL_PRESS,-0.0223,0.0144,0.0781,0.1077
795,24.645,0.4749,-3.4766,1.534,-0.0232,0.0164,-0.2168,1.514,0.133,1.341,0.3973,-3.5847,0.2,0.0,0.0,0.0,0.0099,-0.007,-0.8195,0.8196,0.0172,1,1,2,0.853,0.474,0.526,0,0,0.0,5,TERMINAL_PRESS,-0.0232,0.0164,0.0776,0.1081
796,24.679,0.4744,-3.4762,1.5297,-0.023,0.0171,-0.2168,1.51,0.133,1.336,0.3973,-3.5847,0.2,0.0,0.0,0.0,0.0098,-0.0073,-0.8195,0.8196,-0.0119,1,1,2,0.854,0.474,0.526,0,0,0.0,5,TERMINAL_PRESS,-0.023,0.0171,0.0772,0.1084
797,24.713,0.4739,-3.4759,1.5254,-0.0242,0.0193,-0.217,1.505,0.133,1.332,0.3973,-3.5847,0.2,0.0,0.0,0.0,0.0103,-0.0082,-0.8191,0.8192,0.0104,1,1,2,0.854,0.477,0.523,0,0,0.0,5,TERMINAL_PRESS,-0.0242,0.0193,0.0767,0.1088
798,24.747,0.4735,-3.4755,1.521,-0.0246,0.0204,-0.2169,1.501,0.133,1.328,0.3973,-3.5847,0.2,0.0,0.0,0.0,0.0105,-0.0087,-0.8192,0.8194,-0.0187,1,1,2,0.856,0.484,0.516,0,0,0.0,5,TERMINAL_PRESS,-0.0246,0.0204,0.0762,0.1092
799,24.782,0.4729,-3.475,1.5167,-0.0253,0.0225,-0.2168,1.497,0.133,1.323,0.3973,-3.5847,0.2,0.0,0.0,0.0,0.0108,-0.0096,-0.8194,0.8195,0.0138,1,1,2,0.856,0.481,0.519,0,0,0.0,5,TERMINAL_PRESS,-0.0253,0.0225,0.0757,0.1097
800,24.817,0.4725,-3.4745,1.5124,-0.0242,0.0229,-0.2168,1.492,0.133,1.319,0.3973,-3.5847,0.2,0.0,0.0,0.0,0.0103,-0.0098,-0.8195,0.8196,-0.0157,1,1,2,0.858,0.489,0.511,0,0,0.0,5,TERMINAL_PRESS,-0.0242,0.0229,0.0752,0.1101
801,24.852,0.472,-3.4741,1.508,-0.0239,0.0246,-0.2167,1.488,0.133,1.315,0.3973,-3.5847,0.2,0.0,0.0,0.0,0.0102,-0.0105,-0.8196,0.8197,0.0171,1,1,2,0.857,0.485,0.515,0,0,0.0,5,TERMINAL_PRESS,-0.0239,0.0246,0.0747,0.1106
802,24.887,0.4715,-3.4736,1.5037,-0.0219,0.0249,-0.2167,1.484,0.134,1.311,0.3973,-3.5847,0.2,0.0,0.0,0.0,0.0093,-0.0106,-0.8196,0.8197,-0.0127,1,1,2,0.859,0.491,0.509,0,0,0.0,5,TERMINAL_PRESS,-0.0219,0.0249,0.0743,0.1111
803,24.923,0.4711,-3.473,1.4994,-0.0211,0.0266,-0.2169,1.479,0.134,1.306,0.3973,-3.5847,0.2,0.0,0.0,0.0,0.009,-0.0113,-0.8192,0.8193,0.0082,1,1,2,0.858,0.485,0.515,0,0,0.0,5,TERMINAL_PRESS,-0.0211,0.0266,0.0738,0.1116
804,24.958,0.4707,-3.4725,1.495,-0.019,0.0273,-0.2169,1.475,0.134,1.302,0.3973,-3.5847,0.2,0.0,0.0,0.0,0.0081,-0.0116,-0.8193,0.8195,-0.0217,1,1,2,0.86,0.49,0.51,0,0,0.0,5,TERMINAL_PRESS,-0.019,0.0273,0.0735,0.1122
805,24.993,0.4704,-3.4719,1.4907,-0.0182,0.0286,-0.2168,1.471,0.134,1.298,0.3973,-3.5847,0.2,0.0,0.0,0.0,0.0078,-0.0122,-0.8195,0.8196,0.0114,1,1,2,0.858,0.483,0.517,0,0,0.0,5,TERMINAL_PRESS,-0.0182,0.0286,0.0731,0.1128
806,25.028,0.47,-3.4713,1.4863,-0.0166,0.0282,-0.2167,1.466,0.135,1.293,0.3973,-3.5847,0.2,0.0,0.0,0.0,0.0071,-0.012,-0.8196,0.8197,-0.0184,1,1,2,0.859,0.486,0.514,0,0,0.0,5,TERMINAL_PRESS,-0.0166,0.0282,0.0728,0.1133
807,25.062,0.4697,-3.4708,1.482,-0.0166,0.0287,-0.2168,1.462,0.135,1.289,0.3973,-3.5847,0.2,0.0,0.0,0.0,0.0071,-0.0122,-0.8195,0.8196,0.0132,1,1,2,0.859,0.483,0.517,0,0,0.0,5,TERMINAL_PRESS,-0.0166,0.0287,0.0724,0.1139
808,25.098,0.4694,-3.4702,1.4777,-0.016,0.0277,-0.2167,1.458,0.135,1.285,0.3973,-3.5847,0.2,0.0,0.0,0.0,0.0068,-0.0118,-0.8195,0.8197,-0.0166,1,1,2,0.861,0.49,0.51,0,0,0.0,5,TERMINAL_PRESS,-0.016,0.0277,0.0721,0.1144
809,25.133,0.4691,-3.4697,1.4733,-0.0162,0.0278,-0.2167,1.453,0.136,1.281,0.3973,-3.5847,0.2,0.0,0.0,0.0,0.0069,-0.0118,-0.8197,0.8198,0.0165,1,1,2,0.86,0.485,0.515,0,0,0.0,5,TERMINAL_PRESS,-0.0162,0.0278,0.0718,0.115
810,25.167,0.4688,-3.4691,1.469,-0.0151,0.0265,-0.2167,1.449,0.136,1.276,0.3973,-3.5847,0.2,0.0,0.0,0.0,0.0064,-0.0113,-0.8197,0.8198,-0.0134,1,1,2,0.862,0.491,0.509,0,0,0.0,5,TERMINAL_PRESS,-0.0151,0.0265,0.0715,0.1155
811,25.202,0.4685,-3.4686,1.4647,-0.0151,0.0266,-0.2171,1.445,0.136,1.272,0.3973,-3.5847,0.2,0.0,0.0,0.0,0.0064,-0.0113,-0.8189,0.819,0.019,1,1,2,0.861,0.485,0.515,0,0,0.0,5,TERMINAL_PRESS,-0.0151,0.0266,0.0712,0.1161
812,25.238,0.4682,-3.4681,1.4603,-0.0141,0.0256,-0.217,1.44,0.136,1.268,0.3973,-3.5847,0.2,0.0,0.0,0.0,0.006,-0.0109,-0.8192,0.8193,-0.011,1,1,2,0.862,0.489,0.511,0,0,0.0,5,TERMINAL_PRESS,-0.0141,0.0256,0.0709,0.1166
813,25.272,0.4679,-3.4676,1.456,-0.0144,0.0261,-0.217,1.436,0.137,1.263,0.3973,-3.5847,0.2,0.0,0.0,0.0,0.0061,-0.0111,-0.8192,0.8193,0.0103,1,1,2,0.861,0.483,0.517,0,0,0.0,5,TERMINAL_PRESS,-0.0144,0.0261,0.0706,0.1171
814,25.307,0.4676,-3.467,1.4516,-0.0139,0.0257,-0.2169,1.432,0.137,1.259,0.3973,-3.5847,0.2,0.0,0.0,0.0,0.0059,-0.0109,-0.8193,0.8194,-0.0193,1,1,2,0.862,0.491,0.509,0,0,0.0,5,TERMINAL_PRESS,-0.0139,0.0257,0.0703,0.1176
815,25.342,0.4673,-3.4665,1.4473,-0.015,0.0262,-0.2169,1.427,0.137,1.255,0.3973,-3.5847,0.2,0.0,0.0,0.0,0.0064,-0.0111,-0.8193,0.8194,0.0121,1,1,2,0.862,0.483,0.517,0,0,0.0,5,TERMINAL_PRESS,-0.015,0.0262,0.07,0.1181
816,25.377,0.467,-3.466,1.443,-0.0154,0.0251,-0.2168,1.423,0.138,1.251,0.3973,-3.5847,0.2,0.0,0.0,0.0,0.0065,-0.0107,-0.8194,0.8195,-0.0171,1,1,2,0.863,0.49,0.51,0,0,0.0,5,TERMINAL_PRESS,-0.0154,0.0251,0.0697,0.1186
817,25.412,0.4667,-3.4655,1.4386,-0.0166,0.025,-0.2167,1.419,0.138,1.246,0.3973,-3.5847,0.2,0.0,0.0,0.0,0.0071,-0.0106,-0.8196,0.8197,0.0153,1,1,2,0.863,0.486,0.514,0,0,0.0,5,TERMINAL_PRESS,-0.0166,0.025,0.0694,0.1191
818,25.447,0.4664,-3.4651,1.4343,-0.0164,0.0234,-0.2167,1.414,0.138,1.242,0.3973,-3.5847,0.2,0.0,0.0,0.0,0.007,-0.01,-0.8196,0.8197,-0.0139,1,1,2,0.864,0.491,0.509,0,0,0.0,5,TERMINAL_PRESS,-0.0164,0.0234,0.0691,0.1196
819,25.483,0.466,-3.4646,1.43,-0.0175,0.0232,-0.2167,1.41,0.138,1.238,0.3973,-3.5847,0.2,0.0,0.0,0.0,0.0074,-0.0098,-0.8197,0.8198,0.0183,1,1,2,0.863,0.485,0.515,0,0,0.0,5,TERMINAL_PRESS,-0.0175,0.0232,0.0687,0.1201
820,25.519,0.4657,-3.4642,1.4256,-0.0174,0.0217,-0.2167,1.406,0.139,1.233,0.3973,-3.5847,0.2,0.0,0.0,0.0,0.0074,-0.0092,-0.8196,0.8197,-0.0107,1,1,2,0.864,0.489,0.511,0,0,0.0,5,TERMINAL_PRESS,-0.0174,0.0217,0.0684,0.1205
821,25.554,0.4653,-3.4637,1.4213,-0.0188,0.0218,-0.2169,1.401,0.139,1.229,0.3973,-3.5847,0.2,0.0,0.0,0.0,0.008,-0.0093,-0.8193,0.8194,0.0153,1,1,2,0.864,0.488,0.512,0,0,0.0,5,TERMINAL_PRESS,-0.0188,0.0218,0.068,0.1209
822,25.591,0.4649,-3.4633,1.417,-0.0196,0.021,-0.2168,1.397,0.139,1.225,0.3973,-3.5847,0.2,0.0,0.0,0.0,0.0083,-0.0089,-0.8194,0.8195,-0.0134,1,1,2,0.867,0.497,0.503,0,0,0.0,5,TERMINAL_PRESS,-0.0196,0.021,0.0676,0.1214
823,25.627,0.4645,-3.4629,1.4126,-0.0207,0.0215,-0.2167,1.393,0.139,1.221,0.3973,-3.5847,0.2,0.0,0.0,0.0,0.0088,-0.0091,-0.8196,0.8197,0.0185,1,1,2,0.866,0.494,0.506,0,0,0.0,5,TERMINAL_PRESS,-0.0207,0.0215,0.0672,0.1218
824,25.663,0.4641,-3.4625,1.4083,-0.02,0.0208,-0.2167,1.388,0.139,1.216,0.3973,-3.5847,0.2,0.0,0.0,0.0,0.0085,-0.0089,-0.8196,0.8197,-0.0103,1,1,2,0.868,0.501,0.499,0,0,0.0,5,TERMINAL_PRESS,-0.02,0.0208,0.0668,0.1222
825,25.699,0.4637,-3.462,1.404,-0.0201,0.0217,-0.2168,1.384,0.139,1.212,0.3973,-3.5847,0.2,0.0,0.0,0.0,0.0085,-0.0092,-0.8195,0.8196,0.0103,1,1,2,0.868,0.497,0.503,0,0,0.0,5,TERMINAL_PRESS,-0.0201,0.0217,0.0664,0.1226
826,25.735,0.4633,-3.4616,1.3996,-0.0187,0.0217,-0.2167,1.38,0.14,1.208,0.3973,-3.5847,0.2,0.0,0.0,0.0,0.0079,-0.0092,-0.8195,0.8196,-0.0185,1,1,2,0.869,0.503,0.497,0,0,0.0,5,TERMINAL_PRESS,-0.0187,0.0217,0.066,0.1231
827,25.773,0.4629,-3.4611,1.3953,-0.0183,0.0226,-0.2167,1.375,0.14,1.203,0.3973,-3.5847,0.2,0.0,0.0,0.0,0.0078,-0.0096,-0.8197,0.8197,0.0134,1,1,2,0.868,0.498,0.502,0,0,0.0,5,TERMINAL_PRESS,-0.0183,0.0226,0.0657,0.1235
828,25.81,0.4626,-3.4607,1.391,-0.0167,0.022,-0.2167,1.371,0.14,1.199,0.3973,-3.5847,0.2,0.0,0.0,0.0,0.0071,-0.0093,-0.8197,0.8197,-0.0154,1,1,2,0.87,0.502,0.498,0,0,0.0,5,TERMINAL_PRESS,-0.0167,0.022,0.0653,0.124
829,25.846,0.4623,-3.4602,1.3866,-0.0166,0.0224,-0.2166,1.367,0.14,1.195,0.3973,-3.5847,0.2,0.0,0.0,0.0,0.007,-0.0095,-0.8197,0.8198,0.0164,1,1,2,0.868,0.495,0.505,0,0,0.0,5,TERMINAL_PRESS,-0.0166,0.0224,0.065,0.1244
830,25.882,0.462,-3.4598,1.3823,-0.0155,0.0216,-0.2167,1.362,0.141,1.191,0.3973,-3.5847,0.2,0.0,0.0,0.0,0.0066,-0.0092,-0.8197,0.8198,-0.0123,1,1,2,0.869,0.498,0.502,0,0,0.0,5,TERMINAL_PRESS,-0.0155,0.0216,0.0647,0.1248
831,25.92,0.4616,-3.4594,1.378,-0.0162,0.0222,-0.2168,1.358,0.141,1.186,0.3973,-3.5847,0.2,0.0,0.0,0.0,0.0069,-0.0094,-0.8194,0.8195,0.018,1,1,2,0.869,0.497,0.503,0,0,0.0,5,TERMINAL_PRESS,-0.0162,0.0222,0.0644,0.1253
832,25.957,0.4613,-3.4589,1.3736,-0.0163,0.0217,-0.2168,1.354,0.141,1.182,0.3973,-3.5847,0.2,0.0,0.0,0.0,0.0069,-0.0092,-0.8195,0.8196,-0.0103,1,1,2,0.872,0.507,0.493,0,0,0.0,5,TERMINAL_PRESS,-0.0163,0.0217,0.064,0.1257
833,25.993,0.461,-3.4585,1.3693,-0.0168,0.0227,-0.2168,1.349,0.141,1.178,0.3973,-3.5847,0.2,0.0,0.0,0.0,0.0071,-0.0096,-0.8194,0.8195,0.0087,1,1,2,0.871,0.505,0.495,0,0,0.0,5,TERMINAL_PRESS,-0.0168,0.0227,0.0637,0.1262
834,26.029,0.4607,-3.458,1.365,-0.0155,0.0229,-0.2168,1.345,0.142,1.174,0.3973,-3.5847,0.2,0.0,0.0,0.0,0.0066,-0.0097,-0.8195,0.8196,-0.0199,1,1,2,0.873,0.512,0.488,0,0,0.0,5,TERMINAL_PRESS,-0.0155,0.0229,0.0634,0.1266
835,26.065,0.4604,-3.4575,1.3606,-0.0148,0.0237,-0.2167,1.341,0.142,1.169,0.3973,-3.5847,0.2,0.0,0.0,0.0,0.0063,-0.0101,-0.8196,0.8197,0.0119,1,1,2,0.873,0.509,0.491,0,0,0.0,5,TERMINAL_PRESS,-0.0148,0.0237,0.0631,0.1271
836,26.103,0.4601,-3.4571,1.3563,-0.0124,0.023,-0.2167,1.336,0.142,1.165,0.3973,-3.5847,0.2,0.0,0.0,0.0,0.0053,-0.0098,-0.8196,0.8197,-0.0169,1,1,2,0.874,0.514,0.486,0,0,0.0,5,TERMINAL_PRESS,-0.0124,0.023,0.0628,0.1276
837,26.14,0.4599,-3.4566,1.3519,-0.0111,0.0232,-0.2166,1.332,0.143,1.161,0.3973,-3.5847,0.2,0.0,0.0,0.0,0.0047,-0.0098,-0.8197,0.8198,0.015,1,1,2,0.874,0.51,0.49,0,0,0.0,5,TERMINAL_PRESS,-0.0111,0.0232,0.0626,0.128
838,26.176,0.4597,-3.4562,1.3476,-0.0085,0.022,-0.2167,1.328,0.143,1.156,0.3973,-3.5847,0.2,0.0,0.0,0.0,0.0036,-0.0093,-0.8197,0.8198,-0.0139,1,1,2,0.875,0.514,0.486,0,0,0.0,5,TERMINAL_PRESS,-0.0085,0.022,0.0624,0.1285
839,26.212,0.4596,-3.4557,1.3433,-0.0073,0.0221,-0.2166,1.323,0.143,1.152,0.3973,-3.5847,0.2,0.0,0.0,0.0,0.0031,-0.0094,-0.8197,0.8198,0.018,1,1,2,0.874,0.508,0.492,0,0,0.0,5,TERMINAL_PRESS,-0.0073,0.0221,0.0623,0.1289
840,26.248,0.4595,-3.4553,1.339,-0.0051,0.021,-0.2167,1.319,0.144,1.148,0.3973,-3.5847,0.2,0.0,0.0,0.0,0.0021,-0.0089,-0.8197,0.8197,-0.0109,1,1,2,0.875,0.511,0.489,0,0,0.0,5,TERMINAL_PRESS,-0.0051,0.021,0.0622,0.1293
841,26.284,0.4594,-3.4549,1.3346,-0.0045,0.0213,-0.2167,1.315,0.144,1.144,0.3973,-3.5847,0.2,0.0,0.0,0.0,0.0019,-0.0091,-0.8196,0.8197,0.0158,1,1,2,0.874,0.503,0.497,0,0,0.0,5,TERMINAL_PRESS,-0.0045,0.0213,0.0621,0.1298
842,26.32,0.4593,-3.4545,1.3303,-0.0034,0.0208,-0.2167,1.31,0.144,1.139,0.3973,-3.5847,0.2,0.0,0.0,0.0,0.0014,-0.0088,-0.8196,0.8197,-0.013,1,1,2,0.874,0.505,0.495,0,0,0.0,5,TERMINAL_PRESS,-0.0034,0.0208,0.062,0.1302
843,26.356,0.4592,-3.454,1.3259,-0.0042,0.0216,-0.2168,1.306,0.145,1.135,0.3973,-3.5847,0.2,0.0,0.0,0.0,0.0018,-0.0092,-0.8194,0.8194,0.0173,1,1,2,0.874,0.504,0.496,0,0,0.0,5,TERMINAL_PRESS,-0.0042,0.0216,0.062,0.1306
844,26.393,0.4591,-3.4536,1.3216,-0.0048,0.0213,-0.2168,1.302,0.145,1.131,0.3973,-3.5847,0.2,0.0,0.0,0.0,0.002,-0.009,-0.8195,0.8195,-0.0112,1,1,2,0.876,0.512,0.488,0,0,0.0,5,TERMINAL_PRESS,-0.0048,0.0213,0.0619,0.131
845,26.428,0.459,-3.4532,1.3173,-0.0058,0.0225,-0.2168,1.297,0.145,1.127,0.3973,-3.5847,0.2,0.0,0.0,0.0,0.0024,-0.0095,-0.8194,0.8194,0.0106,1,1,2,0.876,0.51,0.49,0,0,0.0,5,TERMINAL_PRESS,-0.0058,0.0225,0.0617,0.1315
846,26.464,0.4589,-3.4527,1.3129,-0.0049,0.0227,-0.2168,1.293,0.146,1.122,0.3973,-3.5847,0.2,0.0,0.0,0.0,0.0021,-0.0096,-0.8195,0.8195,-0.0183,1,1,2,0.878,0.517,0.483,0,0,0.0,5,TERMINAL_PRESS,-0.0049,0.0227,0.0616,0.1319
847,26.499,0.4588,-3.4522,1.3086,-0.0048,0.0238,-0.2167,1.289,0.146,1.118,0.3973,-3.5847,0.2,0.0,0.0,0.0,0.002,-0.0101,-0.8196,0.8196,0.0138,1,1,2,0.878,0.514,0.486,0,0,0.0,5,TERMINAL_PRESS,-0.0048,0.0238,0.0616,0.1324
848,26.534,0.4588,-3.4518,1.3043,-0.0031,0.0234,-0.2167,1.284,0.146,1.114,0.3973,-3.5847,0.2,0.0,0.0,0.0,0.0013,-0.0099,-0.8196,0.8197,-0.0154,1,1,2,0.879,0.519,0.481,0,0,0.0,5,TERMINAL_PRESS,-0.0031,0.0234,0.0615,0.1329
849,26.568,0.4587,-3.4513,1.2999,-0.0024,0.0241,-0.2167,1.28,0.147,1.11,0.3973,-3.5847,0.2,0.0,0.0,0.0,0.001,-0.0102,-0.8196,0.8197,0.017,1,1,2,0.878,0.514,0.486,0,0,0.0,5,TERMINAL_PRESS,-0.0024,0.0241,0.0614,0.1334
850,26.603,0.4587,-3.4508,1.2956,-0.0005,0.0235,-0.2167,1.276,0.147,1.105,0.3973,-3.5847,0.2,0.0,0.0,0.0,0.0002,-0.01,-0.8196,0.8197,-0.0123,1,1,2,0.879,0.518,0.482,0,0,0.0,5,TERMINAL_PRESS,-0.0005,0.0235,0.0614,0.1338
851,26.638,0.4587,-3.4503,1.2913,-0.0,0.0244,-0.2167,1.271,0.148,1.101,0.3973,-3.5847,0.2,0.0,0.0,0.0,0.0,-0.0103,-0.8196,0.8196,0.0147,1,1,2,0.878,0.512,0.488,0,0,0.0,5,TERMINAL_PRESS,-0.0,0.0244,0.0614,0.1343
852,26.673,0.4587,-3.4499,1.2869,0.0013,0.0242,-0.2167,1.267,0.148,1.097,0.3973,-3.5847,0.2,0.0,0.0,0.0,-0.0006,-0.0102,-0.8196,0.8196,-0.0147,1,1,2,0.879,0.515,0.485,0,0,0.0,5,TERMINAL_PRESS,0.0013,0.0242,0.0615,0.1348
853,26.707,0.4588,-3.4493,1.2826,0.001,0.0252,-0.2167,1.263,0.149,1.093,0.3973,-3.5847,0.2,0.0,0.0,0.0,-0.0004,-0.0107,-0.8196,0.8197,0.0179,1,1,2,0.878,0.507,0.493,0,0,0.0,5,TERMINAL_PRESS,0.001,0.0252,0.0615,0.1353
854,26.741,0.4588,-3.4488,1.2783,0.0012,0.025,-0.2167,1.258,0.149,1.089,0.3973,-3.5847,0.2,0.0,0.0,0.0,-0.0005,-0.0106,-0.8196,0.8197,-0.0115,1,1,2,0.879,0.509,0.491,0,0,0.0,5,TERMINAL_PRESS,0.0012,0.025,0.0615,0.1358
855,26.776,0.4588,-3.4483,1.2739,-0.0005,0.0263,-0.2175,1.254,0.15,1.084,0.3973,-3.5847,0.2,0.0,0.0,0.0,0.0002,-0.0111,-0.8182,0.8183,0.0061,1,1,2,0.879,0.51,0.49,0,0,0.0,5,TERMINAL_PRESS,-0.0005,0.0263,0.0615,0.1363
856,26.81,0.4587,-3.4478,1.2696,-0.0021,0.0267,-0.2174,1.25,0.15,1.08,0.3973,-3.5847,0.2,0.0,0.0,0.0,0.0009,-0.0113,-0.8184,0.8185,-0.6474,1,1,2,0.88,0.512,0.488,0,0,0.0,5,TERMINAL_PRESS,-0.0021,0.0267,0.0614,0.1369
857,26.845,0.4587,-3.4472,1.2652,-0.0035,0.0275,-0.2172,1.245,0.151,1.076,0.3973,-3.5847,0.2,0.0,0.0,0.0,0.0015,-0.0116,-0.8187,0.8188,-0.6142,1,1,2,0.88,0.508,0.492,0,0,0.0,5,TERMINAL_PRESS,-0.0035,0.0275,0.0614,0.1374
858,26.879,0.4586,-3.4467,1.2609,-0.0045,0.0265,-0.217,1.241,0.151,1.072,0.3973,-3.5847,0.2,0.0,0.0,0.0,0.0019,-0.0112,-0.8191,0.8192,-0.6408,1,1,2,0.881,0.514,0.486,0,0,0.0,5,TERMINAL_PRESS,-0.0045,0.0265,0.0613,0.138
859,26.913,0.4584,-3.4462,1.2565,-0.0065,0.0261,-0.2168,1.237,0.151,1.067,0.3973,-3.5847,0.2,0.0,0.0,0.0,0.0028,-0.011,-0.8194,0.8194,-0.6089,1,1,2,0.881,0.512,0.488,0,0,0.0,5,TERMINAL_PRESS,-0.0065,0.0261,0.0612,0.1385
860,26.947,0.4583,-3.4457,1.2522,-0.0072,0.0237,-0.2168,1.232,0.152,1.063,0.3973,-3.5847,0.2,0.0,0.0,0.0,0.003,-0.01,-0.8195,0.8196,-0.636,1,1,2,0.883,0.519,0.481,0,0,0.0,5,TERMINAL_PRESS,-0.0072,0.0237,0.061,0.1389
861,26.981,0.4581,-3.4453,1.2479,-0.0086,0.0217,-0.2167,1.228,0.152,1.059,0.3973,-3.5847,0.2,0.0,0.0,0.0,0.0036,-0.0092,-0.8196,0.8197,-0.6035,1,1,2,0.883,0.517,0.483,0,0,0.0,5,TERMINAL_PRESS,-0.0086,0.0217,0.0608,0.1394
862,27.015,0.458,-3.4449,1.2435,-0.0084,0.0175,-0.2169,1.224,0.152,1.055,0.3973,-3.5847,0.2,0.0,0.0,0.0,0.0036,-0.0074,-0.8193,0.8194,-0.6017,1,1,2,0.885,0.526,0.474,0,0,0.0,5,TERMINAL_PRESS,-0.0084,0.0175,0.0607,0.1397
863,27.048,0.4578,-3.4447,1.2392,-0.0087,0.0134,-0.217,1.219,0.153,1.05,0.3973,-3.5847,0.2,0.0,0.0,0.0,0.0037,-0.0057,-0.8192,0.8192,-0.5876,1,1,2,0.885,0.525,0.475,0,0,0.0,5,TERMINAL_PRESS,-0.0087,0.0134,0.0605,0.14
864,27.082,0.4576,-3.4445,1.2349,-0.007,0.0091,-0.217,1.215,0.153,1.046,0.3973,-3.5847,0.2,0.0,0.0,0.0,0.0029,-0.0039,-0.8191,0.8191,-0.6113,1,1,2,0.887,0.528,0.472,0,0,0.0,5,TERMINAL_PRESS,-0.007,0.0091,0.0604,0.1402
865,27.114,0.4575,-3.4444,1.2305,-0.0056,0.0057,-0.2169,1.211,0.153,1.042,0.3973,-3.5847,0.2,0.0,0.0,0.0,0.0024,-0.0024,-0.8192,0.8192,-0.5785,1,1,2,0.886,0.525,0.475,0,0,0.0,5,TERMINAL_PRESS,-0.0056,0.0057,0.0603,0.1403
866,27.144,0.4575,-3.4444,1.2262,-0.0032,0.0005,-0.2171,1.206,0.153,1.037,0.3973,-3.5847,0.2,0.0,0.0,0.0,0.0014,-0.0002,-0.819,0.819,-0.5921,1,1,2,0.888,0.531,0.469,0,0,0.0,5,TERMINAL_PRESS,-0.0032,0.0005,0.0602,0.1403
867,27.175,0.4574,-3.4444,1.2218,-0.0019,-0.0037,-0.217,1.202,0.153,1.033,0.3973,-3.5847,0.2,0.0,0.0,0.0,0.0008,0.0016,-0.819,0.8191,-0.5589,1,1,2,0.888,0.529,0.471,0,0,0.0,5,TERMINAL_PRESS,-0.0019,-0.0037,0.0601,0.1402
868,27.205,0.4574,-3.4446,1.2175,0.0008,-0.0087,-0.2171,1.197,0.152,1.029,0.3973,-3.5847,0.2,0.0,0.0,0.0,-0.0004,0.0037,-0.819,0.819,-0.5873,1,1,2,0.889,0.532,0.468,0,0,0.0,5,TERMINAL_PRESS,0.0008,-0.0087,0.0602,0.1401
869,27.235,0.4575,-3.4448,1.2132,0.0029,-0.0118,-0.217,1.193,0.152,1.025,0.3973,-3.5847,0.2,0.0,0.0,0.0,-0.0012,0.005,-0.819,0.819,-0.5539,1,1,2,0.889,0.53,0.47,0,0,0.0,5,TERMINAL_PRESS,0.0029,-0.0118,0.0602,0.1398
870,27.265,0.4576,-3.4452,1.2088,0.0062,-0.016,-0.2171,1.189,0.152,1.02,0.3973,-3.5847,0.2,0.0,0.0,0.0,-0.0026,0.0067,-0.8189,0.819,-0.5822,1,1,2,0.89,0.534,0.466,0,0,0.0,5,TERMINAL_PRESS,0.0062,-0.016,0.0603,0.1395
871,27.296,0.4578,-3.4455,1.2045,0.0088,-0.0184,-0.2171,1.184,0.152,1.016,0.3973,-3.5847,0.2,0.0,0.0,0.0,-0.0037,0.0078,-0.819,0.819,-0.5486,1,1,2,0.89,0.53,0.47,0,0,0.0,5,TERMINAL_PRESS,0.0088,-0.0184,0.0605,0.1391
872,27.329,0.458,-3.446,1.2001,0.012,-0.022,-0.217,1.18,0.151,1.012,0.3973,-3.5847,0.2,0.0,0.0,0.0,-0.0051,0.0093,-0.819,0.8191,-0.5796,1,1,2,0.891,0.535,0.465,0,0,0.0,5,TERMINAL_PRESS,0.012,-0.022,0.0608,0.1387
873,27.361,0.4583,-3.4464,1.1958,0.0142,-0.0241,-0.2171,1.176,0.151,1.007,0.3973,-3.5847,0.2,0.0,0.0,0.0,-0.006,0.0102,-0.819,0.8191,-0.5456,1,1,2,0.891,0.532,0.468,0,0,0.0,5,TERMINAL_PRESS,0.0142,-0.0241,0.061,0.1382
874,27.393,0.4587,-3.447,1.1914,0.0174,-0.0276,-0.2173,1.171,0.151,1.003,0.3973,-3.5847,0.2,0.0,0.0,0.0,-0.0074,0.0117,-0.8186,0.8187,-0.5636,1,1,2,0.891,0.535,0.465,0,0,0.0,5,TERMINAL_PRESS,0.0174,-0.0276,0.0614,0.1377
875,27.425,0.4591,-3.4476,1.1871,0.0198,-0.0299,-0.2172,1.167,0.15,0.998,0.3973,-3.5847,0.2,0.0,0.0,0.0,-0.0084,0.0126,-0.8188,0.8189,-0.5293,1,1,2,0.89,0.527,0.473,0,0,0.0,5,TERMINAL_PRESS,0.0198,-0.0299,0.0618,0.1371
876,27.456,0.4595,-3.4483,1.1828,0.0219,-0.0328,-0.217,1.163,0.15,0.994,0.3973,-3.5847,0.2,0.0,0.0,0.0,-0.0093,0.0139,-0.819,0.8192,-0.0119,1,1,2,0.89,0.528,0.472,0,0,0.0,5,TERMINAL_PRESS,0.0219,-0.0328,0.0622,0.1364
877,27.485,0.4599,-3.4489,1.1784,0.022,-0.0336,-0.2169,1.158,0.15,0.99,0.3973,-3.5847,0.2,0.0,0.0,0.0,-0.0093,0.0142,-0.8192,0.8194,0.0227,1,1,2,0.889,0.521,0.479,0,0,0.0,5,TERMINAL_PRESS,0.022,-0.0336,0.0627,0.1357
878,27.516,0.4604,-3.4496,1.1741,0.022,-0.0354,-0.2168,1.154,0.149,0.985,0.3973,-3.5847,0.2,0.0,0.0,0.0,-0.0093,0.015,-0.8194,0.8196,-0.0122,1,1,2,0.89,0.522,0.478,0,0,0.0,5,TERMINAL_PRESS,0.022,-0.0354,0.0631,0.135
879,27.548,0.4608,-3.4503,1.1697,0.0204,-0.0353,-0.2169,1.15,0.149,0.981,0.3973,-3.5847,0.2,0.0,0.0,0.0,-0.0086,0.015,-0.8192,0.8194,0.0225,1,1,2,0.888,0.514,0.486,0,0,0.0,5,TERMINAL_PRESS,0.0204,-0.0353,0.0635,0.1343
880,27.58,0.4612,-3.4511,1.1654,0.0187,-0.0363,-0.2168,1.145,0.148,0.977,0.3973,-3.5847,0.2,0.0,0.0,0.0,-0.0079,0.0154,-0.8195,0.8197,-0.0165,1,1,2,0.889,0.518,0.482,0,0,0.0,5,TERMINAL_PRESS,0.0187,-0.0363,0.0639,0.1336
881,27.612,0.4615,-3.4518,1.1611,0.0154,-0.0354,-0.2167,1.141,0.148,0.972,0.3973,-3.5847,0.2,0.0,0.0,0.0,-0.0065,0.015,-0.8195,0.8197,0.0182,1,1,2,0.888,0.511,0.489,0,0,0.0,5,TERMINAL_PRESS,0.0154,-0.0354,0.0642,0.1329
882,27.645,0.4617,-3.4525,1.1567,0.0124,-0.0359,-0.2168,1.137,0.147,0.968,0.3973,-3.5847,0.2,0.0,0.0,0.0,-0.0052,0.0152,-0.8195,0.8197,-0.014,1,1,2,0.89,0.516,0.484,0,0,0.0,5,TERMINAL_PRESS,0.0124,-0.0359,0.0644,0.1322
883,27.677,0.4619,-3.4532,1.1524,0.0081,-0.035,-0.2168,1.132,0.146,0.964,0.3973,-3.5847,0.2,0.0,0.0,0.0,-0.0034,0.0148,-0.8195,0.8196,0.0204,1,1,2,0.889,0.508,0.492,0,0,0.0,5,TERMINAL_PRESS,0.0081,-0.035,0.0646,0.1315
884,27.707,0.462,-3.4539,1.1481,0.0045,-0.0353,-0.2167,1.128,0.146,0.959,0.3973,-3.5847,0.2,0.0,0.0,0.0,-0.0019,0.0149,-0.8195,0.8197,-0.0176,1,1,2,0.891,0.515,0.485,0,0,0.0,5,TERMINAL_PRESS,0.0045,-0.0353,0.0647,0.1308
885,27.737,0.462,-3.4546,1.1437,-0.0001,-0.0339,-0.2168,1.124,0.145,0.955,0.3973,-3.5847,0.2,0.0,0.0,0.0,0.0,0.0144,-0.8195,0.8196,0.0163,1,1,2,0.89,0.513,0.487,0,0,0.0,5,TERMINAL_PRESS,-0.0001,-0.0339,0.0647,0.1301
886,27.768,0.4619,-3.4553,1.1394,-0.0036,-0.0341,-0.2168,1.119,0.145,0.95,0.3973,-3.5847,0.2,0.0,0.0,0.0,0.0015,0.0144,-0.8194,0.8195,-0.0173,1,1,2,0.892,0.521,0.479,0,0,0.0,5,TERMINAL_PRESS,-0.0036,-0.0341,0.0646,0.1294
887,27.799,0.4617,-3.4559,1.1351,-0.008,-0.0329,-0.2168,1.115,0.144,0.946,0.3973,-3.5847,0.2,0.0,0.0,0.0,0.0034,0.014,-0.8194,0.8195,0.0161,1,1,2,0.892,0.519,0.481,0,0,0.0,5,TERMINAL_PRESS,-0.008,-0.0329,0.0645,0.1287
888,27.83,0.4615,-3.4566,1.1307,-0.0109,-0.0332,-0.2168,1.111,0.143,0.942,0.3973,-3.5847,0.2,0.0,0.0,0.0,0.0046,0.0141,-0.8194,0.8195,-0.0193,1,1,2,0.894,0.527,0.473,0,0,0.0,5,TERMINAL_PRESS,-0.0109,-0.0332,0.0643,0.1281
889,27.861,0.4612,-3.4572,1.1264,-0.0143,-0.0323,-0.2168,1.106,0.143,0.937,0.3973,-3.5847,0.2,0.0,0.0,0.0,0.0061,0.0137,-0.8194,0.8195,0.0134,1,1,2,0.894,0.527,0.473,0,0,0.0,5,TERMINAL_PRESS,-0.0143,-0.0323,0.064,0.1274
890,27.894,0.4609,-3.4579,1.1221,-0.016,-0.0329,-0.2169,1.102,0.142,0.933,0.3973,-3.5847,0.2,0.0,0.0,0.0,0.0068,0.014,-0.8193,0.8194,-0.0114,1,1,2,0.896,0.534,0.466,0,0,0.0,5,TERMINAL_PRESS,-0.016,-0.0329,0.0636,0.1268
891,27.927,0.4606,-3.4585,1.1177,-0.0178,-0.0325,-0.2168,1.098,0.141,0.929,0.3973,-3.5847,0.2,0.0,0.0,0.0,0.0076,0.0138,-0.8194,0.8196,0.0206,1,1,2,0.897,0.536,0.464,0,0,0.0,5,TERMINAL_PRESS,-0.0178,-0.0325,0.0633,0.1261
892,27.959,0.4602,-3.4592,1.1134,-0.0176,-0.033,-0.2168,1.093,0.14,0.924,0.3973,-3.5847,0.2,0.0,0.0,0.0,0.0075,0.014,-0.8194,0.8195,-0.0121,1,1,2,0.898,0.542,0.458,0,0,0.0,5,TERMINAL_PRESS,-0.0176,-0.033,0.0629,0.1255
893,27.992,0.4599,-3.4598,1.109,-0.0172,-0.0318,-0.2167,1.089,0.14,0.92,0.3973,-3.5847,0.2,0.0,0.0,0.0,0.0073,0.0135,-0.8195,0.8197,0.0189,1,1,2,0.898,0.54,0.46,0,0,0.0,5,TERMINAL_PRESS,-0.0172,-0.0318,0.0626,0.1248
894,28.025,0.4596,-3.4605,1.1047,-0.0155,-0.0316,-0.2167,1.085,0.139,0.915,0.3973,-3.5847,0.2,0.0,0.0,0.0,0.0066,0.0134,-0.8196,0.8197,-0.015,1,1,2,0.9,0.547,0.453,0,0,0.0,5,TERMINAL_PRESS,-0.0155,-0.0316,0.0623,0.1242
895,28.059,0.4593,-3.4611,1.1004,-0.0144,-0.0298,-0.2172,1.08,0.138,0.911,0.3973,-3.5847,0.2,0.0,0.0,0.0,0.0061,0.0127,-0.8188,0.8189,0.0162,1,1,2,0.9,0.545,0.455,0,0,0.0,5,TERMINAL_PRESS,-0.0144,-0.0298,0.062,0.1236
896,28.092,0.459,-3.4616,1.096,-0.0117,-0.0293,-0.2176,1.076,0.138,0.907,0.3973,-3.5847,0.2,0.0,0.0,0.0,0.005,0.0124,-0.818,0.8181,-0.0152,1,1,2,0.901,0.549,0.451,0,0,0.0,5,TERMINAL_PRESS,-0.0117,-0.0293,0.0618,0.123
897,28.125,0.4589,-3.4622,1.0917,-0.0094,-0.0274,-0.2173,1.072,0.137,0.902,0.3973,-3.5847,0.2,0.0,0.0,0.0,0.004,0.0116,-0.8186,0.8187,0.0186,1,1,2,0.901,0.545,0.455,0,0,0.0,5,TERMINAL_PRESS,-0.0094,-0.0274,0.0616,0.1225
898,28.159,0.4587,-3.4627,1.0873,-0.0058,-0.0267,-0.217,1.067,0.137,0.898,0.3973,-3.5847,0.2,0.0,0.0,0.0,0.0024,0.0113,-0.819,0.8191,-0.0117,1,1,2,0.902,0.55,0.45,0,0,0.0,5,TERMINAL_PRESS,-0.0058,-0.0267,0.0615,0.1219
899,28.192,0.4587,-3.4632,1.083,-0.0032,-0.0244,-0.2169,1.063,0.136,0.893,0.3973,-3.5847,0.2,0.0,0.0,0.0,0.0014,0.0104,-0.8193,0.8193,0.0216,1,1,2,0.901,0.545,0.455,0,0,0.0,5,TERMINAL_PRESS,-0.0032,-0.0244,0.0614,0.1214
900,28.225,0.4587,-3.4637,1.0787,0.0005,-0.0231,-0.2168,1.059,0.136,0.889,0.3973,-3.5847,0.2,0.0,0.0,0.0,-0.0002,0.0098,-0.8194,0.8195,-0.0084,1,1,2,0.902,0.552,0.448,0,0,0.0,5,TERMINAL_PRESS,0.0005,-0.0231,0.0614,0.121
901,28.26,0.4587,-3.4641,1.0743,0.0027,-0.02,-0.2168,1.054,0.135,0.885,0.3973,-3.5847,0.2,0.0,0.0,0.0,-0.0012,0.0085,-0.8195,0.8195,0.0245,1,1,2,0.902,0.546,0.454,0,0,0.0,5,TERMINAL_PRESS,0.0027,-0.02,0.0615,0.1206
902,28.295,0.4589,-3.4644,1.07,0.0057,-0.0176,-0.2168,1.05,0.135,0.88,0.3973,-3.5847,0.2,0.0,0.0,0.0,-0.0024,0.0075,-0.8195,0.8196,-0.005,1,1,2,0.902,0.549,0.451,0,0,0.0,5,TERMINAL_PRESS,0.0057,-0.0176,0.0616,0.1202
903,28.33,0.459,-3.4647,1.0656,0.0069,-0.0132,-0.2169,1.046,0.135,0.876,0.3973,-3.5847,0.2,0.0,0.0,0.0,-0.0029,0.0056,-0.8192,0.8193,0.007,1,1,2,0.901,0.542,0.458,0,0,0.0,5,TERMINAL_PRESS,0.0069,-0.0132,0.0617,0.12
904,28.365,0.4592,-3.4649,1.0613,0.0086,-0.0091,-0.2169,1.041,0.135,0.872,0.3973,-3.5847,0.2,0.0,0.0,0.0,-0.0036,0.0039,-0.8193,0.8193,-0.022,1,1,2,0.902,0.543,0.457,0,0,0.0,5,TERMINAL_PRESS,0.0086,-0.0091,0.0619,0.1198
905,28.401,0.4593,-3.465,1.057,0.0082,-0.0045,-0.2169,1.037,0.135,0.868,0.3973,-3.5847,0.2,0.0,0.0,0.0,-0.0035,0.0019,-0.8192,0.8192,0.0091,1,1,2,0.901,0.541,0.459,0,0,0.0,5,TERMINAL_PRESS,0.0082,-0.0045,0.062,0.1197
906,28.434,0.4595,-3.465,1.0526,0.008,-0.0017,-0.2169,1.033,0.135,0.863,0.3973,-3.5847,0.2,0.0,0.0,0.0,-0.0034,0.0007,-0.8193,0.8194,-0.0192,1,1,2,0.902,0.544,0.456,0,0,0.0,5,TERMINAL_PRESS,0.008,-0.0017,0.0622,0.1197
907,28.468,0.4596,-3.465,1.0483,0.0061,0.0018,-0.2168,1.028,0.135,0.859,0.3973,-3.5847,0.2,0.0,0.0,0.0,-0.0026,-0.0008,-0.8194,0.8194,0.0118,1,1,2,0.901,0.537,0.463,0,0,0.0,5,TERMINAL_PRESS,0.0061,0.0018,0.0623,0.1197
908,28.5,0.4597,-3.4649,1.044,0.005,0.0038,-0.2168,1.024,0.135,0.855,0.3973,-3.5847,0.2,0.0,0.0,0.0,-0.0021,-0.0016,-0.8194,0.8195,-0.016,1,1,2,0.902,0.539,0.461,0,0,0.0,5,TERMINAL_PRESS,0.005,0.0038,0.0624,0.1198
909,28.533,0.4597,-3.4648,1.0396,0.002,0.0067,-0.217,1.02,0.135,0.85,0.3973,-3.5847,0.2,0.0,0.0,0.0,-0.0008,-0.0028,-0.8192,0.8192,0.0135,1,1,2,0.902,0.539,0.461,0,0,0.0,5,TERMINAL_PRESS,0.002,0.0067,0.0625,0.1199
910,28.564,0.4597,-3.4646,1.0353,-0.0007,0.0082,-0.2169,1.015,0.135,0.846,0.3973,-3.5847,0.2,0.0,0.0,0.0,0.0003,-0.0035,-0.8192,0.8192,-0.0138,1,1,2,0.904,0.547,0.453,0,0,0.0,5,TERMINAL_PRESS,-0.0007,0.0082,0.0625,0.1201
911,28.595,0.4597,-3.4644,1.0309,-0.0036,0.0109,-0.2169,1.011,0.136,0.842,0.3973,-3.5847,0.2,0.0,0.0,0.0,0.0015,-0.0046,-0.8193,0.8193,0.0164,1,1,2,0.904,0.545,0.455,0,0,0.0,5,TERMINAL_PRESS,-0.0036,0.0109,0.0624,0.1203
912,28.627,0.4596,-3.4641,1.0266,-0.0046,0.0124,-0.2169,1.007,0.136,0.838,0.3973,-3.5847,0.2,0.0,0.0,0.0,0.002,-0.0053,-0.8193,0.8194,-0.0108,1,1,2,0.906,0.552,0.448,0,0,0.0,5,TERMINAL_PRESS,-0.0046,0.0124,0.0623,0.1205
913,28.658,0.4594,-3.4638,1.0223,-0.0064,0.0153,-0.2169,1.002,0.136,0.833,0.3973,-3.5847,0.2,0.0,0.0,0.0,0.0027,-0.0065,-0.8192,0.8193,0.0088,1,1,2,0.905,0.55,0.45,0,0,0.0,5,TERMINAL_PRESS,-0.0064,0.0153,0.0622,0.1208
914,28.689,0.4593,-3.4635,1.0179,-0.0065,0.0173,-0.2176,0.998,0.136,0.829,0.3973,-3.5847,0.2,0.0,0.0,0.0,0.0028,-0.0073,-0.8182,0.8182,-0.0196,1,1,2,0.907,0.553,0.447,0,0,0.0,5,TERMINAL_PRESS,-0.0065,0.0173,0.062,0.1212
915,28.722,0.4592,-3.4631,1.0136,-0.0077,0.0199,-0.2172,0.994,0.136,0.825,0.3973,-3.5847,0.2,0.0,0.0,0.0,0.0033,-0.0085,-0.8187,0.8187,0.0106,1,1,2,0.906,0.549,0.451,0,0,0.0,5,TERMINAL_PRESS,-0.0077,0.0199,0.0619,0.1216
916,28.755,0.459,-3.4627,1.0092,-0.0074,0.021,-0.2171,0.989,0.137,0.821,0.3973,-3.5847,0.2,0.0,0.0,0.0,0.0031,-0.0089,-0.819,0.819,-0.017,1,1,2,0.908,0.554,0.446,0,0,0.0,5,TERMINAL_PRESS,-0.0074,0.021,0.0617,0.122
917,28.79,0.4588,-3.4622,1.0049,-0.0083,0.023,-0.2169,0.985,0.137,0.816,0.3973,-3.5847,0.2,0.0,0.0,0.0,0.0035,-0.0098,-0.8192,0.8193,0.0137,1,1,2,0.907,0.548,0.452,0,0,0.0,5,TERMINAL_PRESS,-0.0083,0.023,0.0616,0.1225
918,28.826,0.4587,-3.4617,1.0006,-0.0081,0.0235,-0.2169,0.981,0.137,0.812,0.3973,-3.5847,0.2,0.0,0.0,0.0,0.0034,-0.01,-0.8193,0.8194,-0.0143,1,1,2,0.908,0.552,0.448,0,0,0.0,5,TERMINAL_PRESS,-0.0081,0.0235,0.0614,0.1229
919,28.862,0.4585,-3.4612,0.9962,-0.0095,0.0252,-0.2169,0.976,0.138,0.808,0.3973,-3.5847,0.2,0.0,0.0,0.0,0.004,-0.0107,-0.8193,0.8194,0.0159,1,1,2,0.907,0.547,0.453,0,0,0.0,5,TERMINAL_PRESS,-0.0095,0.0252,0.0612,0.1234
920,28.898,0.4583,-3.4607,0.9919,-0.0101,0.0257,-0.2169,0.972,0.138,0.804,0.3973,-3.5847,0.2,0.0,0.0,0.0,0.0043,-0.0109,-0.8193,0.8194,-0.0124,1,1,2,0.909,0.552,0.448,0,0,0.0,5,TERMINAL_PRESS,-0.0101,0.0257,0.061,0.124
921,28.932,0.4581,-3.4602,0.9875,-0.012,0.0276,-0.2173,0.968,0.139,0.8,0.3973,-3.5847,0.2,0.0,0.0,0.0,0.0051,-0.0117,-0.8186,0.8187,0.0062,1,1,2,0.908,0.549,0.451,0,0,0.0,5,TERMINAL_PRESS,-0.012,0.0276,0.0608,0.1245
922,28.967,0.4578,-3.4596,0.9832,-0.0129,0.0284,-0.2171,0.963,0.139,0.795,0.3973,-3.5847,0.2,0.0,0.0,0.0,0.0055,-0.0121,-0.8189,0.819,-0.0225,1,1,2,0.909,0.553,0.447,0,0,0.0,5,TERMINAL_PRESS,-0.0129,0.0284,0.0605,0.1251
923,29.001,0.4575,-3.459,0.9788,-0.0153,0.0297,-0.2171,0.959,0.139,0.791,0.3973,-3.5847,0.2,0.0,0.0,0.0,0.0065,-0.0126,-0.8189,0.819,0.008,1,1,2,0.909,0.552,0.448,0,0,0.0,5,TERMINAL_PRESS,-0.0153,0.0297,0.0602,0.1257
924,29.035,0.4571,-3.4584,0.9745,-0.0169,0.0292,-0.217,0.955,0.14,0.787,0.3973,-3.5847,0.2,0.0,0.0,0.0,0.0072,-0.0124,-0.8191,0.8193,-0.0208,1,1,2,0.911,0.554,0.446,0,0,0.0,5,TERMINAL_PRESS,-0.0169,0.0292,0.0599,0.1263
925,29.069,0.4568,-3.4578,0.9702,-0.019,0.0294,-0.2168,0.95,0.14,0.783,0.3973,-3.5847,0.2,0.0,0.0,0.0,0.0081,-0.0125,-0.8194,0.8195,0.0114,1,1,2,0.911,0.555,0.445,0,0,0.0,5,TERMINAL_PRESS,-0.019,0.0294,0.0595,0.1268
926,29.104,0.4564,-3.4573,0.9658,-0.0193,0.0279,-0.2168,0.946,0.14,0.779,0.3973,-3.5847,0.2,0.0,0.0,0.0,0.0082,-0.0118,-0.8195,0.8196,-0.0179,1,1,2,0.912,0.558,0.442,0,0,0.0,5,TERMINAL_PRESS,-0.0193,0.0279,0.0591,0.1274
927,29.138,0.456,-3.4567,0.9615,-0.0204,0.0273,-0.2169,0.941,0.141,0.774,0.3973,-3.5847,0.2,0.0,0.0,0.0,0.0086,-0.0116,-0.8193,0.8195,0.0146,1,1,2,0.912,0.558,0.442,0,0,0.0,5,TERMINAL_PRESS,-0.0204,0.0273,0.0587,0.1279
928,29.172,0.4556,-3.4562,0.9572,-0.02,0.0252,-0.2168,0.937,0.141,0.77,0.3973,-3.5847,0.2,0.0,0.0,0.0,0.0085,-0.0107,-0.8195,0.8196,-0.0151,1,1,2,0.913,0.559,0.441,0,0,0.0,5,TERMINAL_PRESS,-0.02,0.0252,0.0583,0.1284
929,29.206,0.4552,-3.4557,0.9528,-0.0208,0.0244,-0.2172,0.933,0.141,0.766,0.3973,-3.5847,0.2,0.0,0.0,0.0,0.0088,-0.0103,-0.8188,0.8189,0.0172,1,1,2,0.913,0.558,0.442,0,0,0.0,5,TERMINAL_PRESS,-0.0208,0.0244,0.0579,0.1289
930,29.24,0.4548,-3.4553,0.9485,-0.0204,0.0223,-0.217,0.928,0.142,0.762,0.3973,-3.5847,0.2,0.0,0.0,0.0,0.0087,-0.0095,-0.5221,0.5223,-0.0126,1,1,2,0.914,0.559,0.441,0,0,0.0,5,TERMINAL_PRESS,-0.0204,0.0223,0.0575,0.1294
931,29.274,0.4543,-3.4548,0.9441,-0.0214,0.0216,-0.2169,0.924,0.142,0.758,0.3973,-3.5847,0.2,0.0,0.0,0.0,0.0091,-0.0092,-0.5222,0.5224,0.0193,1,1,2,0.913,0.557,0.443,0,0,0.0,5,TERMINAL_PRESS,-0.0214,0.0216,0.057,0.1298
932,29.308,0.4539,-3.4544,0.9398,-0.0215,0.0199,-0.2168,0.92,0.142,0.753,0.3973,-3.5847,0.2,0.0,0.0,0.0,0.0091,-0.0084,-0.5224,0.5225,-0.0102,1,1,2,0.915,0.562,0.438,0,0,0.0,5,TERMINAL_PRESS,-0.0215,0.0199,0.0566,0.1302
933,29.342,0.4534,-3.4541,0.9355,-0.0225,0.0198,-0.2168,0.915,0.142,0.749,0.3973,-3.5847,0.2,0.0,0.0,0.0,0.0095,-0.0084,-0.5224,0.5226,0.017,1,1,2,0.914,0.558,0.442,0,0,0.0,5,TERMINAL_PRESS,-0.0225,0.0198,0.0562,0.1306
934,29.376,0.453,-3.4537,0.9311,-0.0222,0.0188,-0.2168,0.911,0.142,0.745,0.3973,-3.5847,0.2,0.0,0.0,0.0,0.0094,-0.008,-0.5225,0.5226,-0.0125,1,1,2,0.915,0.562,0.438,0,0,0.0,5,TERMINAL_PRESS,-0.0222,0.0188,0.0557,0.131
935,29.41,0.4525,-3.4533,0.9268,-0.0232,0.0192,-0.2168,0.907,0.143,0.741,0.3973,-3.5847,0.2,0.0,0.0,0.0,0.0098,-0.0082,-0.5225,0.5227,0.0197,1,1,2,0.915,0.559,0.441,0,0,0.0,5,TERMINAL_PRESS,-0.0232,0.0192,0.0553,0.1314
936,29.444,0.4521,-3.4529,0.9225,-0.0232,0.0187,-0.2168,0.902,0.143,0.736,0.3973,-3.5847,0.2,0.0,0.0,0.0,0.0098,-0.0079,-0.5225,0.5227,-0.0097,1,1,2,0.916,0.565,0.435,0,0,0.0,5,TERMINAL_PRESS,-0.0232,0.0187,0.0548,0.1317
937,29.478,0.4516,-3.4525,0.9181,-0.0243,0.0197,-0.2169,0.898,0.143,0.732,0.3973,-3.5847,0.2,0.0,0.0,0.0,0.0103,-0.0084,-0.5223,0.5225,0.0092,1,1,2,0.916,0.56,0.44,0,0,0.0,5,TERMINAL_PRESS,-0.0243,0.0197,0.0543,0.1321
938,29.512,0.4511,-3.4521,0.9138,-0.0244,0.0199,-0.2168,0.894,0.143,0.728,0.3973,-3.5847,0.2,0.0,0.0,0.0,0.0104,-0.0084,-0.5224,0.5226,-0.0201,1,1,2,0.917,0.566,0.434,0,0,0.0,5,TERMINAL_PRESS,-0.0244,0.0199,0.0538,0.1325
939,29.546,0.4506,-3.4517,0.9095,-0.0257,0.0209,-0.2168,0.889,0.143,0.724,0.3973,-3.5847,0.2,0.0,0.0,0.0,0.0109,-0.0089,-0.5224,0.5226,0.0119,1,1,2,0.917,0.561,0.439,0,0,0.0,5,TERMINAL_PRESS,-0.0257,0.0209,0.0533,0.133
940,29.58,0.4501,-3.4513,0.9051,-0.026,0.0202,-0.2168,0.885,0.143,0.72,0.3973,-3.5847,0.2,0.0,0.0,0.0,0.011,-0.0086,-0.5225,0.5227,-0.0173,1,1,2,0.918,0.568,0.432,0,0,0.0,5,TERMINAL_PRESS,-0.026,0.0202,0.0528,0.1334
941,29.614,0.4495,-3.4509,0.9008,-0.0273,0.0205,-0.2168,0.881,0.144,0.715,0.3973,-3.5847,0.2,0.0,0.0,0.0,0.0116,-0.0087,-0.5225,0.5227,0.0147,1,1,2,0.918,0.562,0.438,0,0,0.0,5,TERMINAL_PRESS,-0.0273,0.0205,0.0522,0.1338
942,29.648,0.449,-3.4505,0.8964,-0.0276,0.0194,-0.2168,0.876,0.144,0.711,0.3973,-3.5847,0.2,0.0,0.0,0.0,0.0117,-0.0082,-0.5225,0.5227,-0.0144,1,1,2,0.919,0.568,0.432,0,0,0.0,5,TERMINAL_PRESS,-0.0276,0.0194,0.0517,0.1342
943,29.682,0.4484,-3.4501,0.8921,-0.029,0.0195,-0.2168,0.872,0.144,0.707,0.3973,-3.5847,0.2,0.0,0.0,0.0,0.0123,-0.0083,-0.5225,0.5227,0.0173,1,1,2,0.919,0.564,0.436,0,0,0.0,5,TERMINAL_PRESS,-0.029,0.0195,0.0511,0.1345
944,29.716,0.4478,-3.4497,0.8878,-0.0294,0.0185,-0.2168,0.868,0.144,0.703,0.3973,-3.5847,0.2,0.0,0.0,0.0,0.0124,-0.0078,-0.5225,0.5227,-0.0119,1,1,2,0.92,0.571,0.429,0,0,0.0,5,TERMINAL_PRESS,-0.0294,0.0185,0.0505,0.1349
945,29.75,0.4472,-3.4494,0.8834,-0.0306,0.0188,-0.2167,0.863,0.144,0.698,0.3973,-3.5847,0.2,0.0,0.0,0.0,0.013,-0.008,-0.5226,0.5228,0.0205,1,1,2,0.92,0.566,0.434,0,0,0.0,5,TERMINAL_PRESS,-0.0306,0.0188,0.0499,0.1353
946,29.784,0.4466,-3.449,0.8791,-0.0304,0.0182,-0.2167,0.859,0.144,0.694,0.3973,-3.5847,0.2,0.0,0.0,0.0,0.0129,-0.0077,-0.5226,0.5228,-0.0088,1,1,2,0.921,0.572,0.428,0,0,0.0,5,TERMINAL_PRESS,-0.0304,0.0182,0.0493,0.1357
947,29.818,0.4459,-3.4486,0.8748,-0.0315,0.0192,-0.217,0.855,0.144,0.69,0.3973,-3.5847,0.2,0.0,0.0,0.0,0.0134,-0.0082,-0.5222,0.5224,0.0058,1,1,2,0.921,0.569,0.431,0,0,0.0,5,TERMINAL_PRESS,-0.0315,0.0192,0.0487,0.136
948,29.852,0.4453,-3.4482,0.8704,-0.0316,0.0195,-0.2169,0.85,0.145,0.686,0.3973,-3.5847,0.2,0.0,0.0,0.0,0.0134,-0.0083,-0.5223,0.5226,-0.0234,1,1,2,0.922,0.574,0.426,0,0,0.0,5,TERMINAL_PRESS,-0.0316,0.0195,0.048,0.1364
949,29.887,0.4447,-3.4478,0.8661,-0.0322,0.0203,-0.2167,0.846,0.145,0.682,0.3973,-3.5847,0.2,0.0,0.0,0.0,0.0136,-0.0086,-0.5225,0.5228,0.0092,1,1,2,0.922,0.573,0.427,0,0,0.0,5,TERMINAL_PRESS,-0.0322,0.0203,0.0474,0.1368
950,29.923,0.4441,-3.4474,0.8618,-0.0309,0.0192,-0.2167,0.842,0.145,0.677,0.3973,-3.5847,0.2,0.0,0.0,0.0,0.0131,-0.0082,-0.5226,0.5229,-0.0204,1,1,2,0.924,0.577,0.423,0,0,0.0,5,TERMINAL_PRESS,-0.0309,0.0192,0.0468,0.1372
951,29.957,0.4434,-3.4471,0.8574,-0.0304,0.0189,-0.2166,0.837,0.145,0.673,0.3973,-3.5847,0.2,0.0,0.0,0.0,0.0129,-0.008,-0.5228,0.523,0.0125,1,1,2,0.923,0.575,0.425,0,0,0.0,5,TERMINAL_PRESS,-0.0304,0.0189,0.0462,0.1376
952,29.993,0.4429,-3.4467,0.8531,-0.0285,0.0168,-0.2166,0.833,0.145,0.669,0.3973,-3.5847,0.2,0.0,0.0,0.0,0.0121,-0.0071,-0.5228,0.5229,-0.0173,1,1,2,0.925,0.578,0.422,0,0,0.0,5,TERMINAL_PRESS,-0.0285,0.0168,0.0456,0.1379
953,30.028,0.4423,-3.4464,0.8488,-0.0276,0.0158,-0.2166,0.829,0.145,0.665,0.3973,-3.5847,0.2,0.0,0.0,0.0,0.0117,-0.0067,-0.5228,0.523,0.0157,1,1,2,0.924,0.575,0.425,0,0,0.0,5,TERMINAL_PRESS,-0.0276,0.0158,0.045,0.1383
954,30.063,0.4418,-3.4461,0.8444,-0.0257,0.0134,-0.2166,0.824,0.146,0.661,0.3973,-3.5847,0.2,0.0,0.0,0.0,0.0109,-0.0057,-0.5228,0.5229,-0.0141,1,1,2,0.925,0.578,0.422,0,0,0.0,5,TERMINAL_PRESS,-0.0257,0.0134,0.0445,0.1385
955,30.098,0.4413,-3.4459,0.8401,-0.0251,0.0122,-0.2167,0.82,0.146,0.656,0.3973,-3.5847,0.2,0.0,0.0,0.0,0.0106,-0.0052,-0.5226,0.5227,0.0181,1,1,2,0.925,0.576,0.424,0,0,0.0,5,TERMINAL_PRESS,-0.0251,0.0122,0.044,0.1388
956,30.135,0.4408,-3.4457,0.8358,-0.0238,0.0099,-0.2167,0.816,0.146,0.652,0.3973,-3.5847,0.2,0.0,0.0,0.0,0.0101,-0.0042,-0.5226,0.5227,-0.0117,1,1,2,0.926,0.579,0.421,0,0,0.0,5,TERMINAL_PRESS,-0.0238,0.0099,0.0436,0.139
957,30.172,0.4404,-3.4455,0.8314,-0.0236,0.0091,-0.2171,0.811,0.146,0.648,0.3973,-3.5847,0.2,0.0,0.0,0.0,0.01,-0.0039,-0.5219,0.5221,0.0207,1,1,2,0.926,0.576,0.424,0,0,0.0,5,TERMINAL_PRESS,-0.0236,0.0091,0.0431,0.1391
958,30.206,0.4399,-3.4454,0.8271,-0.0223,0.0073,-0.2169,0.807,0.146,0.644,0.3973,-3.5847,0.2,0.0,0.0,0.0,0.0094,-0.0031,-0.5222,0.5223,-0.0092,1,1,2,0.926,0.579,0.421,0,0,0.0,5,TERMINAL_PRESS,-0.0223,0.0073,0.0426,0.1393
959,30.243,0.4395,-3.4452,0.8227,-0.0223,0.0072,-0.2169,0.803,0.146,0.64,0.3973,-3.5847,0.2,0.0,0.0,0.0,0.0095,-0.0031,-0.5223,0.5224,0.0229,1,1,2,0.926,0.577,0.423,0,0,0.0,5,TERMINAL_PRESS,-0.0223,0.0072,0.0422,0.1394
960,30.28,0.439,-3.4451,0.8184,-0.0216,0.0064,-0.2168,0.798,0.146,0.635,0.3973,-3.5847,0.2,0.0,0.0,0.0,0.0092,-0.0027,-0.5224,0.5225,-0.0066,1,1,2,0.927,0.583,0.417,0,0,0.0,5,TERMINAL_PRESS,-0.0216,0.0064,0.0418,0.1396
961,30.316,0.4386,-3.4449,0.8141,-0.022,0.0074,-0.2169,0.794,0.146,0.631,0.3973,-3.5847,0.2,0.0,0.0,0.0,0.0093,-0.0031,-0.5223,0.5224,0.0106,1,1,2,0.927,0.577,0.423,0,0,0.0,5,TERMINAL_PRESS,-0.022,0.0074,0.0413,0.1397
962,30.35,0.4382,-3.4448,0.8097,-0.0212,0.0079,-0.2168,0.79,0.146,0.627,0.3973,-3.5847,0.2,0.0,0.0,0.0,0.009,-0.0034,-0.5224,0.5225,-0.0188,1,1,2,0.928,0.583,0.417,0,0,0.0,5,TERMINAL_PRESS,-0.0212,0.0079,0.0409,0.1399
963,30.384,0.4377,-3.4446,0.8054,-0.0217,0.0093,-0.2168,0.785,0.146,0.623,0.3973,-3.5847,0.2,0.0,0.0,0.0,0.0092,-0.0039,-0.5224,0.5225,0.0131,1,1,2,0.928,0.581,0.419,0,0,0.0,5,TERMINAL_PRESS,-0.0217,0.0093,0.0405,0.1401
964,30.419,0.4373,-3.4444,0.8011,-0.0215,0.0091,-0.2168,0.781,0.146,0.619,0.3973,-3.5847,0.2,0.0,0.0,0.0,0.0091,-0.0039,-0.5225,0.5226,-0.0161,1,1,2,0.929,0.584,0.416,0,0,0.0,5,TERMINAL_PRESS,-0.0215,0.0091,0.04,0.1402
965,30.454,0.4369,-3.4442,0.7967,-0.0224,0.01,-0.2167,0.777,0.146,0.614,0.3973,-3.5847,0.2,0.0,0.0,0.0,0.0095,-0.0043,-0.5226,0.5227,0.0162,1,1,2,0.928,0.581,0.419,0,0,0.0,5,TERMINAL_PRESS,-0.0224,0.01,0.0396,0.1404
966,30.489,0.4364,-3.444,0.7924,-0.0222,0.0096,-0.2167,0.772,0.146,0.61,0.3973,-3.5847,0.2,0.0,0.0,0.0,0.0094,-0.0041,-0.5226,0.5227,-0.0129,1,1,2,0.929,0.583,0.417,0,0,0.0,5,TERMINAL_PRESS,-0.0222,0.0096,0.0391,0.1406
967,30.524,0.4359,-3.4438,0.7881,-0.0236,0.0105,-0.2169,0.768,0.146,0.606,0.3973,-3.5847,0.2,0.0,0.0,0.0,0.01,-0.0045,-0.5223,0.5224,0.0175,1,1,2,0.93,0.584,0.416,0,0,0.0,5,TERMINAL_PRESS,-0.0236,0.0105,0.0387,0.1408
968,30.56,0.4355,-3.4436,0.7837,-0.0242,0.0104,-0.2168,0.764,0.146,0.602,0.3973,-3.5847,0.2,0.0,0.0,0.0,0.0103,-0.0044,-0.5224,0.5225,-0.0112,1,1,2,0.931,0.588,0.412,0,0,0.0,5,TERMINAL_PRESS,-0.0242,0.0104,0.0382,0.141
969,30.594,0.435,-3.4434,0.7794,-0.025,0.0117,-0.2167,0.759,0.146,0.598,0.3973,-3.5847,0.2,0.0,0.0,0.0,0.0106,-0.005,-0.5225,0.5227,0.0201,1,1,2,0.931,0.588,0.412,0,0,0.0,5,TERMINAL_PRESS,-0.025,0.0117,0.0377,0.1413
970,30.63,0.4345,-3.4431,0.7751,-0.0236,0.0121,-0.2167,0.755,0.146,0.593,0.3973,-3.5847,0.2,0.0,0.0,0.0,0.01,-0.0051,-0.5226,0.5227,-0.0089,1,1,2,0.933,0.592,0.408,0,0,0.0,5,TERMINAL_PRESS,-0.0236,0.0121,0.0372,0.1415
971,30.664,0.434,-3.4429,0.7707,-0.0228,0.0141,-0.2168,0.751,0.146,0.589,0.3973,-3.5847,0.2,0.0,0.0,0.0,0.0096,-0.006,-0.5224,0.5225,0.0061,1,1,2,0.933,0.591,0.409,0,0,0.0,5,TERMINAL_PRESS,-0.0228,0.0141,0.0368,0.1418
972,30.7,0.4336,-3.4425,0.7664,-0.0201,0.0154,-0.2168,0.746,0.147,0.585,0.3973,-3.5847,0.2,0.0,0.0,0.0,0.0085,-0.0065,-0.5225,0.5226,-0.0231,1,1,2,0.934,0.595,0.405,0,0,0.0,5,TERMINAL_PRESS,-0.0201,0.0154,0.0364,0.1421
973,30.734,0.4333,-3.4422,0.762,-0.0182,0.0172,-0.2167,0.742,0.147,0.581,0.3973,-3.5847,0.2,0.0,0.0,0.0,0.0077,-0.0073,-0.5226,0.5227,0.0092,1,1,2,0.934,0.594,0.406,0,0,0.0,5,TERMINAL_PRESS,-0.0182,0.0172,0.036,0.1425
974,30.77,0.433,-3.4419,0.7577,-0.0148,0.0171,-0.2167,0.738,0.147,0.577,0.3973,-3.5847,0.2,0.0,0.0,0.0,0.0062,-0.0072,-0.5226,0.5227,-0.02,1,1,2,0.935,0.596,0.404,0,0,0.0,5,TERMINAL_PRESS,-0.0148,0.0171,0.0357,0.1428
975,30.804,0.4327,-3.4415,0.7534,-0.0124,0.0177,-0.2167,0.733,0.147,0.573,0.3973,-3.5847,0.2,0.0,0.0,0.0,0.0052,-0.0075,-0.5227,0.5227,0.0124,1,1,2,0.935,0.594,0.406,0,0,0.0,5,TERMINAL_PRESS,-0.0124,0.0177,0.0354,0.1432
976,30.84,0.4325,-3.4412,0.749,-0.0089,0.0168,-0.2167,0.729,0.148,0.569,0.3973,-3.5847,0.2,0.0,0.0,0.0,0.0037,-0.0071,-0.5226,0.5227,-0.0169,1,1,2,0.936,0.597,0.403,0,0,0.0,5,TERMINAL_PRESS,-0.0089,0.0168,0.0353,0.1435
977,30.874,0.4324,-3.4408,0.7447,-0.0067,0.0168,-0.2167,0.725,0.148,0.564,0.3973,-3.5847,0.2,0.0,0.0,0.0,0.0028,-0.0071,-0.5227,0.5227,0.0154,1,1,2,0.935,0.594,0.406,0,0,0.0,5,TERMINAL_PRESS,-0.0067,0.0168,0.0351,0.1438
978,30.91,0.4323,-3.4405,0.7404,-0.0037,0.0155,-0.2167,0.72,0.148,0.56,0.3973,-3.5847,0.2,0.0,0.0,0.0,0.0016,-0.0065,-0.5226,0.5227,-0.0138,1,1,2,0.936,0.595,0.405,0,0,0.0,5,TERMINAL_PRESS,-0.0037,0.0155,0.0351,0.1441
979,30.944,0.4323,-3.4402,0.736,-0.0025,0.0154,-0.2167,0.716,0.149,0.556,0.3973,-3.5847,0.2,0.0,0.0,0.0,0.001,-0.0065,-0.5227,0.5227,0.0184,1,1,2,0.935,0.591,0.409,0,0,0.0,5,TERMINAL_PRESS,-0.0025,0.0154,0.035,0.1444
980,30.98,0.4323,-3.4399,0.7317,-0.0007,0.0141,-0.2167,0.712,0.149,0.552,0.3973,-3.5847,0.2,0.0,0.0,0.0,0.0003,-0.006,-0.5227,0.5227,-0.0106,1,1,2,0.936,0.592,0.408,0,0,0.0,5,TERMINAL_PRESS,-0.0007,0.0141,0.035,0.1447
981,31.014,0.4323,-3.4396,0.7274,-0.001,0.0144,-0.2168,0.707,0.149,0.548,0.3973,-3.5847,0.2,0.0,0.0,0.0,0.0004,-0.0061,-0.5224,0.5225,0.0198,1,1,2,0.936,0.592,0.408,0,0,0.0,5,TERMINAL_PRESS,-0.001,0.0144,0.035,0.145
982,31.05,0.4322,-3.4394,0.723,-0.0011,0.0138,-0.2168,0.703,0.149,0.544,0.3973,-3.5847,0.2,0.0,0.0,0.0,0.0005,-0.0059,-0.5225,0.5225,-0.0089,1,1,2,0.937,0.596,0.404,0,0,0.0,5,TERMINAL_PRESS,-0.0011,0.0138,0.035,0.1453
983,31.084,0.4322,-3.4391,0.7187,-0.0018,0.0149,-0.2168,0.699,0.15,0.54,0.3973,-3.5847,0.2,0.0,0.0,0.0,0.0008,-0.0063,-0.5224,0.5224,0.0106,1,1,2,0.937,0.595,0.405,0,0,0.0,5,TERMINAL_PRESS,-0.0018,0.0149,0.0349,0.1456
984,31.118,0.4322,-3.4388,0.7144,-0.0008,0.0152,-0.2168,0.694,0.15,0.536,0.3973,-3.5847,0.2,0.0,0.0,0.0,0.0003,-0.0064,-0.5225,0.5225,-0.5879,1,1,2,0.938,0.598,0.402,0,0,0.0,5,TERMINAL_PRESS,-0.0008,0.0152,0.0349,0.1459
985,31.152,0.4322,-3.4384,0.71,-0.0007,0.0164,-0.2167,0.69,0.15,0.532,0.3973,-3.5847,0.2,0.0,0.0,0.0,0.0003,-0.0069,-0.5226,0.5226,-0.5527,1,1,2,0.938,0.597,0.403,0,0,0.0,5,TERMINAL_PRESS,-0.0007,0.0164,0.0349,0.1462
986,31.186,0.4322,-3.4381,0.7057,0.0009,0.0161,-0.2171,0.686,0.151,0.528,0.3973,-3.5847,0.2,0.0,0.0,0.0,-0.0004,-0.0068,-0.5219,0.522,-0.5782,1,1,2,0.939,0.6,0.4,0,0,0.0,5,TERMINAL_PRESS,0.0009,0.0161,0.0349,0.1465
987,31.22,0.4322,-3.4378,0.7014,0.0013,0.0168,-0.2169,0.681,0.151,0.524,0.3973,-3.5847,0.2,0.0,0.0,0.0,-0.0005,-0.0071,-0.5222,0.5223,-0.5474,1,1,2,0.939,0.599,0.401,0,0,0.0,5,TERMINAL_PRESS,0.0013,0.0168,0.0349,0.1469
988,31.253,0.4323,-3.4375,0.697,0.003,0.0162,-0.2168,0.677,0.151,0.52,0.3973,-3.5847,0.2,0.0,0.0,0.0,-0.0013,-0.0068,-0.5224,0.5224,-0.5741,1,1,2,0.941,0.606,0.394,0,0,0.0,5,TERMINAL_PRESS,0.003,0.0162,0.035,0.1472
989,31.287,0.4323,-3.4371,0.6927,0.0038,0.0164,-0.2168,0.673,0.152,0.515,0.3973,-3.5847,0.2,0.0,0.0,0.0,-0.0016,-0.0069,-0.5225,0.5225,-0.5428,1,1,2,0.941,0.606,0.394,0,0,0.0,5,TERMINAL_PRESS,0.0038,0.0164,0.0351,0.1475
990,31.32,0.4325,-3.4368,0.6883,0.0062,0.0149,-0.2169,0.668,0.152,0.511,0.3973,-3.5847,0.2,0.0,0.0,0.0,-0.0026,-0.0063,-0.5223,0.5223,-0.5679,1,1,2,0.941,0.607,0.393,0,0,0.0,5,TERMINAL_PRESS,0.0062,0.0149,0.0352,0.1478
991,31.354,0.4326,-3.4365,0.684,0.0081,0.0141,-0.2168,0.664,0.152,0.507,0.3973,-3.5847,0.2,0.0,0.0,0.0,-0.0034,-0.006,-0.5224,0.5225,-0.5362,1,1,2,0.941,0.601,0.399,0,0,0.0,5,TERMINAL_PRESS,0.0081,0.0141,0.0354,0.1481
992,31.386,0.4328,-3.4363,0.6797,0.0105,0.0114,-0.2168,0.66,0.153,0.503,0.3973,-3.5847,0.2,0.0,0.0,0.0,-0.0044,-0.0048,-0.5224,0.5224,-0.5592,1,1,2,0.942,0.604,0.396,0,0,0.0,5,TERMINAL_PRESS,0.0105,0.0114,0.0356,0.1483
993,31.42,0.4331,-3.4361,0.6753,0.0112,0.0093,-0.2168,0.655,0.153,0.499,0.3973,-3.5847,0.2,0.0,0.0,0.0,-0.0047,-0.0039,-0.5225,0.5225,-0.5267,1,1,2,0.942,0.602,0.398,0,0,0.0,5,TERMINAL_PRESS,0.0112,0.0093,0.0358,0.1485
994,31.45,0.4333,-3.436,0.671,0.0126,0.0055,-0.2168,0.651,0.153,0.495,0.3973,-3.5847,0.2,0.0,0.0,0.0,-0.0053,-0.0023,-0.5224,0.5224,-0.5487,1,1,2,0.943,0.608,0.392,0,0,0.0,5,TERMINAL_PRESS,0.0126,0.0055,0.036,0.1486
995,31.48,0.4336,-3.436,0.6667,0.0128,0.0025,-0.2168,0.647,0.153,0.491,0.3973,-3.5847,0.2,0.0,0.0,0.0,-0.0054,-0.0011,-0.5224,0.5224,-0.5155,1,1,2,0.943,0.606,0.394,0,0,0.0,5,TERMINAL_PRESS,0.0128,0.0025,0.0363,0.1487
996,31.51,0.4338,-3.436,0.6623,0.0139,-0.002,-0.2168,0.642,0.153,0.487,0.3973,-3.5847,0.2,0.0,0.0,0.0,-0.0059,0.0008,-0.5224,0.5224,-0.5454,1,1,2,0.944,0.61,0.39,0,0,0.0,5,TERMINAL_PRESS,0.0139,-0.002,0.0366,0.1486
997,31.54,0.4341,-3.4361,0.658,0.0142,-0.0053,-0.2169,0.638,0.153,0.483,0.3973,-3.5847,0.2,0.0,0.0,0.0,-0.006,0.0022,-0.5223,0.5223,-0.5117,1,1,2,0.944,0.609,0.391,0,0,0.0,5,TERMINAL_PRESS,0.0142,-0.0053,0.0369,0.1485
998,31.57,0.4344,-3.4363,0.6536,0.0157,-0.0104,-0.2173,0.634,0.153,0.479,0.3973,-3.5847,0.2,0.0,0.0,0.0,-0.0066,0.0044,-0.5217,0.5217,-0.5147,1,1,2,0.944,0.61,0.39,0,0,0.0,5,TERMINAL_PRESS,0.0157,-0.0104,0.0372,0.1483
999,31.602,0.4348,-3.4366,0.6493,0.0166,-0.0147,-0.2172,0.629,0.153,0.475,0.3973,-3.5847,0.2,0.0,0.0,0.0,-0.007,0.0062,-0.5217,0.5218,-0.4858,1,1,2,0.944,0.606,0.394,0,0,0.0,5,TERMINAL_PRESS,0.0166,-0.0147,0.0375,0.148
1000,31.635,0.4351,-3.437,0.645,0.0174,-0.0188,-0.2171,0.625,0.152,0.47,0.3973,-3.5847,0.2,0.0,0.0,0.0,-0.0074,0.008,-0.522,0.5221,-0.5171,1,1,2,0.944,0.608,0.392,0,0,0.0,5,TERMINAL_PRESS,0.0174,-0.0188,0.0378,0.1477
1001,31.667,0.4355,-3.4374,0.6406,0.0164,-0.0205,-0.217,0.621,0.152,0.466,0.3973,-3.5847,0.2,0.0,0.0,0.0,-0.0069,0.0087,-0.5222,0.5223,-0.482,1,1,2,0.944,0.604,0.396,0,0,0.0,5,TERMINAL_PRESS,0.0164,-0.0205,0.0382,0.1473
1002,31.7,0.4358,-3.4379,0.6363,0.0155,-0.0228,-0.2168,0.616,0.152,0.462,0.3973,-3.5847,0.2,0.0,0.0,0.0,-0.0066,0.0096,-0.5224,0.5225,-0.5141,1,1,2,0.945,0.606,0.394,0,0,0.0,5,TERMINAL_PRESS,0.0155,-0.0228,0.0385,0.1468
1003,31.731,0.436,-3.4383,0.6319,0.0131,-0.023,-0.2168,0.612,0.151,0.458,0.3973,-3.5847,0.2,0.0,0.0,0.0,-0.0055,0.0097,-0.5225,0.5226,-0.478,1,1,2,0.944,0.603,0.397,0,0,0.0,5,TERMINAL_PRESS,0.0131,-0.023,0.0387,0.1463
1004,31.759,0.4362,-3.4388,0.6276,0.0111,-0.024,-0.2167,0.608,0.151,0.453,0.3973,-3.5847,0.2,0.0,0.0,0.0,-0.0047,0.0101,-0.5226,0.5227,-0.5107,1,1,2,0.945,0.606,0.394,0,0,0.0,5,TERMINAL_PRESS,0.0111,-0.024,0.039,0.1459
1005,31.786,0.4364,-3.4393,0.6233,0.0079,-0.0231,-0.2167,0.603,0.151,0.449,0.3973,-3.5847,0.2,0.0,0.0,0.0,-0.0033,0.0098,-0.5226,0.5227,-0.4736,1,1,2,0.945,0.603,0.397,0,0,0.0,5,TERMINAL_PRESS,0.0079,-0.0231,0.0391,0.1454
1006,31.814,0.4365,-3.4397,0.6189,0.0054,-0.0235,-0.2168,0.599,0.15,0.445,0.3973,-3.5847,0.2,0.0,0.0,0.0,-0.0023,0.01,-0.5225,0.5226,-0.5069,1,1,2,0.946,0.607,0.393,0,0,0.0,5,TERMINAL_PRESS,0.0054,-0.0235,0.0392,0.1449
1007,31.843,0.4366,-3.4402,0.6146,0.0019,-0.0223,-0.2168,0.595,0.15,0.441,0.3973,-3.5847,0.2,0.0,0.0,0.0,-0.0008,0.0094,-0.5225,0.5226,0.0157,1,1,2,0.946,0.605,0.395,0,0,0.0,5,TERMINAL_PRESS,0.0019,-0.0223,0.0393,0.1445
1008,31.872,0.4365,-3.4406,0.6103,-0.0006,-0.0227,-0.2168,0.59,0.149,0.437,0.3973,-3.5847,0.2,0.0,0.0,0.0,0.0003,0.0096,-0.5225,0.5226,-0.0183,1,1,2,0.947,0.609,0.391,0,0,0.0,5,TERMINAL_PRESS,-0.0006,-0.0227,0.0393,0.144
1009,31.898,0.4365,-3.4411,0.6059,-0.0037,-0.0218,-0.2168,0.586,0.149,0.432,0.3973,-3.5847,0.2,0.0,0.0,0.0,0.0016,0.0092,-0.5225,0.5225,0.0177,1,1,2,0.947,0.607,0.393,0,0,0.0,5,TERMINAL_PRESS,-0.0037,-0.0218,0.0392,0.1436
1010,31.927,0.4363,-3.4415,0.6016,-0.006,-0.0224,-0.2168,0.582,0.148,0.428,0.3973,-3.5847,0.2,0.0,0.0,0.0,0.0025,0.0095,-0.5225,0.5226,-0.0221,1,1,2,0.948,0.612,0.388,0,0,0.0,5,TERMINAL_PRESS,-0.006,-0.0224,0.0391,0.1431
1011,31.958,0.4362,-3.442,0.5973,-0.0089,-0.0215,-0.2168,0.577,0.148,0.424,0.3973,-3.5847,0.2,0.0,0.0,0.0,0.0038,0.0091,-0.5225,0.5226,0.0134,1,1,2,0.949,0.611,0.389,0,0,0.0,5,TERMINAL_PRESS,-0.0089,-0.0215,0.0389,0.1427
1012,31.989,0.436,-3.4424,0.5929,-0.0105,-0.0226,-0.2168,0.573,0.147,0.42,0.3973,-3.5847,0.2,0.0,0.0,0.0,0.0045,0.0096,-0.5224,0.5225,-0.016,1,1,2,0.95,0.613,0.387,0,0,0.0,5,TERMINAL_PRESS,-0.0105,-0.0226,0.0387,0.1423
1013,32.022,0.4357,-3.4429,0.5886,-0.0126,-0.0225,-0.2168,0.569,0.147,0.415,0.3973,-3.5847,0.2,0.0,0.0,0.0,0.0053,0.0095,-0.5224,0.5225,0.0189,1,1,2,0.95,0.613,0.387,0,0,0.0,5,TERMINAL_PRESS,-0.0126,-0.0225,0.0384,0.1418
1014,32.054,0.4354,-3.4433,0.5843,-0.013,-0.0238,-0.2168,0.564,0.146,0.411,0.3973,-3.5847,0.2,0.0,0.0,0.0,0.0055,0.0101,-0.5225,0.5226,-0.0189,1,1,2,0.951,0.618,0.382,0,0,0.0,5,TERMINAL_PRESS,-0.013,-0.0238,0.0382,0.1413
1015,32.085,0.4352,-3.4438,0.5799,-0.0133,-0.0235,-0.2167,0.56,0.146,0.407,0.3973,-3.5847,0.2,0.0,0.0,0.0,0.0056,0.01,-0.5226,0.5227,0.0152,1,1,2,0.952,0.619,0.381,0,0,0.0,5,TERMINAL_PRESS,-0.0133,-0.0235,0.0379,0.1409
1016,32.117,0.4349,-3.4443,0.5756,-0.0119,-0.0248,-0.2169,0.556,0.145,0.403,0.3973,-3.5847,0.2,0.0,0.0,0.0,0.005,0.0105,-0.5223,0.5225,-0.0159,1,1,2,0.953,0.62,0.38,0,0,0.0,5,TERMINAL_PRESS,-0.0119,-0.0248,0.0377,0.1404
1017,32.147,0.4347,-3.4448,0.5712,-0.0103,-0.0248,-0.2168,0.551,0.145,0.398,0.3973,-3.5847,0.2,0.0,0.0,0.0,0.0044,0.0105,-0.5224,0.5226,0.017,1,1,2,0.952,0.617,0.383,0,0,0.0,5,TERMINAL_PRESS,-0.0103,-0.0248,0.0375,0.1399
1018,32.177,0.4346,-3.4453,0.5669,-0.0084,-0.0261,-0.2168,0.547,0.144,0.394,0.3973,-3.5847,0.2,0.0,0.0,0.0,0.0036,0.0111,-0.5225,0.5226,-0.0164,1,1,2,0.953,0.623,0.377,0,0,0.0,5,TERMINAL_PRESS,-0.0084,-0.0261,0.0373,0.1393
1019,32.207,0.4344,-3.4458,0.5626,-0.0081,-0.026,-0.2168,0.543,0.144,0.39,0.3973,-3.5847,0.2,0.0,0.0,0.0,0.0034,0.011,-0.5225,0.5226,0.0162,1,1,2,0.953,0.621,0.379,0,0,0.0,5,TERMINAL_PRESS,-0.0081,-0.026,0.0371,0.1388
1020,32.237,0.4343,-3.4464,0.5582,-0.0071,-0.0272,-0.2167,0.538,0.143,0.386,0.3973,-3.5847,0.2,0.0,0.0,0.0,0.003,0.0116,-0.5225,0.5227,-0.0167,1,1,2,0.954,0.623,0.377,0,0,0.0,5,TERMINAL_PRESS,-0.0071,-0.0272,0.037,0.1383
1021,32.268,0.4341,-3.4469,0.5539,-0.0073,-0.0271,-0.2167,0.534,0.143,0.382,0.3973,-3.5847,0.2,0.0,0.0,0.0,0.0031,0.0115,-0.5226,0.5227,0.0155,1,1,2,0.954,0.622,0.378,0,0,0.0,5,TERMINAL_PRESS,-0.0073,-0.0271,0.0368,0.1377
1022,32.298,0.434,-3.4475,0.5496,-0.0066,-0.0284,-0.2167,0.53,0.142,0.377,0.3973,-3.5847,0.2,0.0,0.0,0.0,0.0028,0.012,-0.5225,0.5227,-0.0161,1,1,2,0.955,0.626,0.374,0,0,0.0,5,TERMINAL_PRESS,-0.0066,-0.0284,0.0367,0.1372
1023,32.331,0.4339,-3.4481,0.5452,-0.0068,-0.0284,-0.2167,0.525,0.141,0.373,0.3973,-3.5847,0.2,0.0,0.0,0.0,0.0029,0.012,-0.5226,0.5227,0.0156,1,1,2,0.955,0.624,0.376,0,0,0.0,5,TERMINAL_PRESS,-0.0068,-0.0284,0.0366,0.1366
1024,32.364,0.4337,-3.4486,0.5409,-0.0056,-0.0297,-0.2167,0.521,0.141,0.369,0.3973,-3.5847,0.2,0.0,0.0,0.0,0.0024,0.0126,-0.5226,0.5227,-0.0176,1,1,2,0.956,0.629,0.371,0,0,0.0,5,TERMINAL_PRESS,-0.0056,-0.0297,0.0365,0.136
1025,32.398,0.4336,-3.4492,0.5366,-0.0051,-0.0297,-0.2167,0.517,0.14,0.365,0.3973,-3.5847,0.2,0.0,0.0,0.0,0.0022,0.0126,-0.5226,0.5227,0.0134,1,1,2,0.956,0.629,0.371,0,0,0.0,5,TERMINAL_PRESS,-0.0051,-0.0297,0.0364,0.1354
1026,32.432,0.4336,-3.4499,0.5322,-0.0029,-0.0311,-0.217,0.512,0.14,0.36,0.3973,-3.5847,0.2,0.0,0.0,0.0,0.0012,0.0132,-0.5221,0.5223,-0.0075,1,1,2,0.957,0.631,0.369,0,0,0.0,5,TERMINAL_PRESS,-0.0029,-0.0311,0.0363,0.1348
1027,32.466,0.4336,-3.4505,0.5279,-0.001,-0.0314,-0.2169,0.508,0.139,0.356,0.3973,-3.5847,0.2,0.0,0.0,0.0,0.0004,0.0134,-0.5223,0.5225,0.0227,1,1,2,0.957,0.63,0.37,0,0,0.0,5,TERMINAL_PRESS,-0.001,-0.0314,0.0363,0.1342
1028,32.5,0.4336,-3.4511,0.5236,0.0015,-0.0323,-0.2168,0.504,0.138,0.352,0.3973,-3.5847,0.2,0.0,0.0,0.0,-0.0006,0.0138,-0.5224,0.5225,-0.0106,1,1,2,0.958,0.632,0.368,0,0,0.0,5,TERMINAL_PRESS,0.0015,-0.0323,0.0363,0.1335
1029,32.533,0.4336,-3.4518,0.5192,0.0026,-0.0314,-0.2174,0.499,0.138,0.348,0.3973,-3.5847,0.2,0.0,0.0,0.0,-0.0011,0.0133,-0.5215,0.5216,0.0204,1,1,2,0.958,0.63,0.37,0,0,0.0,5,TERMINAL_PRESS,0.0026,-0.0314,0.0364,0.1329
1030,32.568,0.4337,-3.4524,0.5149,0.0047,-0.0313,-0.2175,0.495,0.137,0.343,0.3973,-3.5847,0.2,0.0,0.0,0.0,-0.002,0.0133,-0.5213,0.5215,-0.0103,1,1,2,0.959,0.633,0.367,0,0,0.0,5,TERMINAL_PRESS,0.0047,-0.0313,0.0365,0.1323
1031,32.602,0.4338,-3.453,0.5105,0.0056,-0.0294,-0.2172,0.491,0.137,0.339,0.3973,-3.5847,0.2,0.0,0.0,0.0,-0.0024,0.0125,-0.5218,0.522,0.0227,1,1,2,0.958,0.63,0.37,0,0,0.0,5,TERMINAL_PRESS,0.0056,-0.0294,0.0366,0.1317
1032,32.637,0.434,-3.4536,0.5062,0.0075,-0.0285,-0.2169,0.486,0.136,0.335,0.3973,-3.5847,0.2,0.0,0.0,0.0,-0.0032,0.0121,-0.5222,0.5224,-0.0068,1,1,2,0.959,0.632,0.368,0,0,0.0,5,TERMINAL_PRESS,0.0075,-0.0285,0.0367,0.1311
1033,32.673,0.4342,-3.4541,0.5018,0.0078,-0.0256,-0.2168,0.482,0.136,0.331,0.3973,-3.5847,0.2,0.0,0.0,0.0,-0.0033,0.0109,-0.5224,0.5225,0.0253,1,1,2,0.959,0.629,0.371,0,0,0.0,5,TERMINAL_PRESS,0.0078,-0.0256,0.0369,0.1306
1034,32.708,0.4343,-3.4545,0.4975,0.0087,-0.0233,-0.2167,0.478,0.135,0.327,0.3973,-3.5847,0.2,0.0,0.0,0.0,-0.0037,0.0099,-0.5226,0.5227,-0.0035,1,1,2,0.959,0.63,0.37,0,0,0.0,5,TERMINAL_PRESS,0.0087,-0.0233,0.037,0.1301
1035,32.741,0.4345,-3.4549,0.4932,0.0077,-0.019,-0.2169,0.473,0.135,0.323,0.3973,-3.5847,0.2,0.0,0.0,0.0,-0.0033,0.0081,-0.5222,0.5223,0.0073,1,1,2,0.959,0.628,0.372,0,0,0.0,5,TERMINAL_PRESS,0.0077,-0.019,0.0372,0.1298
1036,32.775,0.4346,-3.4552,0.4888,0.007,-0.0149,-0.2175,0.469,0.135,0.319,0.3973,-3.5847,0.2,0.0,0.0,0.0,-0.003,0.0063,-0.5212,0.5212,-0.0224,1,1,2,0.96,0.63,0.37,0,0,0.0,5,TERMINAL_PRESS,0.007,-0.0149,0.0373,0.1295
1037,32.809,0.4347,-3.4554,0.4845,0.0047,-0.0103,-0.2173,0.464,0.135,0.315,0.3973,-3.5847,0.2,0.0,0.0,0.0,-0.002,0.0044,-0.5217,0.5217,0.0084,1,1,2,0.96,0.623,0.377,0,0,0.0,5,TERMINAL_PRESS,0.0047,-0.0103,0.0374,0.1292
1038,32.845,0.4348,-3.4556,0.4801,0.0034,-0.0074,-0.2171,0.46,0.134,0.311,0.3973,-3.5847,0.2,0.0,0.0,0.0,-0.0014,0.0032,-0.522,0.522,-0.0195,1,1,2,0.96,0.625,0.375,0,0,0.0,5,TERMINAL_PRESS,0.0034,-0.0074,0.0375,0.1291
1039,32.88,0.4348,-3.4556,0.4758,0.0003,-0.0039,-0.2171,0.456,0.134,0.307,0.3973,-3.5847,0.2,0.0,0.0,0.0,-0.0001,0.0017,-0.5219,0.5219,0.0106,1,1,2,0.961,0.625,0.375,0,0,0.0,5,TERMINAL_PRESS,0.0003,-0.0039,0.0375,0.129
1040,32.916,0.4347,-3.4557,0.4714,-0.0022,-0.002,-0.217,0.451,0.134,0.303,0.3973,-3.5847,0.2,0.0,0.0,0.0,0.0009,0.0009,-0.5221,0.5221,-0.0175,1,1,2,0.962,0.63,0.37,0,0,0.0,5,TERMINAL_PRESS,-0.0022,-0.002,0.0375,0.129
1041,32.95,0.4346,-3.4557,0.4671,-0.0054,0.0008,-0.2169,0.447,0.134,0.299,0.3973,-3.5847,0.2,0.0,0.0,0.0,0.0023,-0.0003,-0.5222,0.5222,0.0139,1,1,2,0.962,0.627,0.373,0,0,0.0,5,TERMINAL_PRESS,-0.0054,0.0008,0.0374,0.129
1042,32.984,0.4345,-3.4556,0.4628,-0.0071,0.0022,-0.2169,0.443,0.134,0.295,0.3973,-3.5847,0.2,0.0,0.0,0.0,0.003,-0.0009,-0.5223,0.5223,-0.0148,1,1,2,0.963,0.632,0.368,0,0,0.0,5,TERMINAL_PRESS,-0.0071,0.0022,0.0372,0.129
1043,33.018,0.4343,-3.4555,0.4584,-0.0097,0.0047,-0.2172,0.438,0.134,0.291,0.3973,-3.5847,0.2,0.0,0.0,0.0,0.0041,-0.002,-0.5217,0.5218,0.0168,1,1,2,0.963,0.629,0.371,0,0,0.0,5,TERMINAL_PRESS,-0.0097,0.0047,0.037,0.1291
1044,33.052,0.4341,-3.4554,0.4541,-0.0111,0.0061,-0.2171,0.434,0.134,0.287,0.3973,-3.5847,0.2,0.0,0.0,0.0,0.0047,-0.0026,-0.522,0.522,-0.0122,1,1,2,0.963,0.636,0.364,0,0,0.0,5,TERMINAL_PRESS,-0.0111,0.0061,0.0368,0.1293
1045,33.085,0.4338,-3.4552,0.4497,-0.0138,0.0088,-0.2171,0.43,0.134,0.284,0.3973,-3.5847,0.2,0.0,0.0,0.0,0.0059,-0.0037,-0.1655,0.1657,0.0187,1,1,2,0.963,0.633,0.367,0,0,0.0,5,TERMINAL_PRESS,-0.0138,0.0088,0.0365,0.1294
1046,33.119,0.4335,-3.455,0.4454,-0.0155,0.0105,-0.217,0.425,0.135,0.28,0.3973,-3.5847,0.2,0.0,0.0,0.0,0.0066,-0.0045,-0.1656,0.1658,-0.0103,1,1,2,0.964,0.637,0.363,0,0,0.0,5,TERMINAL_PRESS,-0.0155,0.0105,0.0362,0.1296
1047,33.153,0.4331,-3.4547,0.441,-0.0183,0.0138,-0.2176,0.421,0.135,0.276,0.3973,-3.5847,0.2,0.0,0.0,0.0,0.0078,-0.0059,-0.1646,0.1649,0.0039,1,1,2,0.964,0.632,0.368,0,0,0.0,5,TERMINAL_PRESS,-0.0183,0.0138,0.0358,0.1299
1048,33.187,0.4327,-3.4544,0.4367,-0.02,0.0162,-0.2174,0.417,0.135,0.272,0.3973,-3.5847,0.2,0.0,0.0,0.0,0.0085,-0.0069,-0.165,0.1654,-0.0252,1,1,2,0.965,0.635,0.365,0,0,0.0,5,TERMINAL_PRESS,-0.02,0.0162,0.0354,0.1302
1049,33.221,0.4323,-3.454,0.4324,-0.0228,0.019,-0.2173,0.412,0.135,0.269,0.3973,-3.5847,0.2,0.0,0.0,0.0,0.0097,-0.0081,-0.1652,0.1657,0.006,1,1,2,0.965,0.634,0.366,0,0,0.0,5,TERMINAL_PRESS,-0.0228,0.019,0.035,0.1306
1050,33.26,0.4318,-3.4536,0.428,-0.0247,0.0196,-0.2171,0.408,0.135,0.265,0.3973,-3.5847,0.2,0.0,0.0,0.0,0.0105,-0.0084,-0.1655,0.166,-0.0228,1,1,2,0.966,0.637,0.363,0,0,0.0,5,TERMINAL_PRESS,-0.0247,0.0196,0.0345,0.131
1051,33.294,0.4312,-3.4532,0.4237,-0.0272,0.0208,-0.217,0.404,0.136,0.262,0.3973,-3.5847,0.2,0.0,0.0,0.0,0.0116,-0.0088,-0.1657,0.1664,0.0092,1,1,2,0.966,0.637,0.363,0,0,0.0,5,TERMINAL_PRESS,-0.0272,0.0208,0.034,0.1314
1052,33.328,0.4307,-3.4528,0.4193,-0.0282,0.02,-0.2169,0.399,0.136,0.258,0.3973,-3.5847,0.2,0.0,0.0,0.0,0.012,-0.0085,-0.1659,0.1665,-0.0197,1,1,2,0.967,0.638,0.362,0,0,0.0,5,TERMINAL_PRESS,-0.0282,0.02,0.0334,0.1318
1053,33.362,0.4301,-3.4524,0.415,-0.0302,0.0201,-0.2169,0.395,0.136,0.255,0.3973,-3.5847,0.2,0.0,0.0,0.0,0.0128,-0.0085,-0.1659,0.1667,0.012,1,1,2,0.967,0.638,0.362,0,0,0.0,5,TERMINAL_PRESS,-0.0302,0.0201,0.0328,0.1322
1054,33.396,0.4294,-3.4521,0.4107,-0.0309,0.0185,-0.2168,0.391,0.136,0.251,0.3973,-3.5847,0.2,0.0,0.0,0.0,0.0132,-0.0079,-0.166,0.1667,-0.0167,1,1,2,0.968,0.64,0.36,0,0,0.0,5,TERMINAL_PRESS,-0.0309,0.0185,0.0322,0.1326
1055,33.43,0.4288,-3.4517,0.4063,-0.0327,0.0179,-0.2168,0.386,0.137,0.247,0.3973,-3.5847,0.2,0.0,0.0,0.0,0.0139,-0.0076,-0.166,0.1667,0.0145,1,1,2,0.968,0.639,0.361,0,0,0.0,5,TERMINAL_PRESS,-0.0327,0.0179,0.0315,0.133
1056,33.466,0.4281,-3.4514,0.402,-0.0333,0.0159,-0.2168,0.382,0.137,0.244,0.3973,-3.5847,0.2,0.0,0.0,0.0,0.0142,-0.0068,-0.166,0.1668,-0.0142,1,1,2,0.969,0.646,0.354,0,0,0.0,5,TERMINAL_PRESS,-0.0333,0.0159,0.0308,0.1333
1057,33.5,0.4274,-3.4511,0.3977,-0.0347,0.0151,-0.2167,0.378,0.137,0.24,0.3973,-3.5847,0.2,0.0,0.0,0.0,0.0148,-0.0064,-0.1662,0.1669,0.0176,1,1,2,0.969,0.645,0.355,0,0,0.0,5,TERMINAL_PRESS,-0.0347,0.0151,0.0302,0.1336
1058,33.536,0.4267,-3.4508,0.3933,-0.0346,0.0131,-0.2167,0.373,0.137,0.237,0.3973,-3.5847,0.2,0.0,0.0,0.0,0.0147,-0.0056,-0.1662,0.1669,-0.0111,1,1,2,0.969,0.647,0.353,0,0,0.0,5,TERMINAL_PRESS,-0.0346,0.0131,0.0295,0.1338
1059,33.57,0.426,-3.4506,0.389,-0.0355,0.0126,-0.2167,0.369,0.137,0.234,0.3973,-3.5847,0.2,0.0,0.0,0.0,0.0151,-0.0054,-0.1661,0.1669,0.0202,1,1,2,0.969,0.646,0.354,0,0,0.0,5,TERMINAL_PRESS,-0.0355,0.0126,0.0287,0.1341
1060,33.606,0.4253,-3.4503,0.3846,-0.0352,0.0112,-0.2167,0.365,0.137,0.23,0.3973,-3.5847,0.2,0.0,0.0,0.0,0.015,-0.0048,-0.1662,0.1669,-0.0085,1,1,2,0.969,0.649,0.351,0,0,0.0,5,TERMINAL_PRESS,-0.0352,0.0112,0.028,0.1343
1061,33.641,0.4246,-3.4501,0.3803,-0.0359,0.0115,-0.2167,0.36,0.137,0.227,0.3973,-3.5847,0.2,0.0,0.0,0.0,0.0152,-0.0049,-0.1662,0.1669,0.018,1,1,2,0.969,0.648,0.352,0,0,0.0,5,TERMINAL_PRESS,-0.0359,0.0115,0.0273,0.1345
1062,33.676,0.4239,-3.4499,0.376,-0.0351,0.011,-0.2167,0.356,0.137,0.223,0.3973,-3.5847,0.2,0.0,0.0,0.0,0.0149,-0.0047,-0.1662,0.1669,-0.0107,1,1,2,0.969,0.65,0.35,0,0,0.0,5,TERMINAL_PRESS,-0.0351,0.011,0.0266,0.1348
1063,33.713,0.4232,-3.4496,0.3716,-0.0355,0.012,-0.2168,0.352,0.137,0.22,0.3973,-3.5847,0.2,0.0,0.0,0.0,0.0151,-0.0051,-0.1661,0.1669,0.0205,1,1,2,0.969,0.65,0.35,0,0,0.0,5,TERMINAL_PRESS,-0.0355,0.012,0.0259,0.135
1064,33.749,0.4225,-3.4494,0.3673,-0.0348,0.0122,-0.2167,0.347,0.138,0.217,0.3973,-3.5847,0.2,0.0,0.0,0.0,0.0148,-0.0052,-0.1661,0.1669,-0.0082,1,1,2,0.97,0.653,0.347,0,0,0.0,5,TERMINAL_PRESS,-0.0348,0.0122,0.0252,0.1353
1065,33.784,0.4218,-3.4491,0.363,-0.0349,0.014,-0.2168,0.343,0.138,0.213,0.3973,-3.5847,0.2,0.0,0.0,0.0,0.0148,-0.006,-0.166,0.1667,0.0054,1,1,2,0.97,0.652,0.348,0,0,0.0,5,TERMINAL_PRESS,-0.0349,0.014,0.0245,0.1355
1066,33.819,0.4211,-3.4488,0.3586,-0.0336,0.0152,-0.2168,0.339,0.138,0.21,0.3973,-3.5847,0.2,0.0,0.0,0.0,0.0143,-0.0065,-0.1661,0.1668,-0.0234,1,1,2,0.971,0.654,0.346,0,0,0.0,5,TERMINAL_PRESS,-0.0336,0.0152,0.0239,0.1358
1067,33.855,0.4205,-3.4485,0.3543,-0.0334,0.0168,-0.2167,0.334,0.138,0.207,0.3973,-3.5847,0.2,0.0,0.0,0.0,0.0142,-0.0071,-0.1662,0.167,0.0085,1,1,2,0.97,0.653,0.347,0,0,0.0,5,TERMINAL_PRESS,-0.0334,0.0168,0.0232,0.1362
1068,33.891,0.4198,-3.4482,0.35,-0.0321,0.0165,-0.2167,0.33,0.138,0.204,0.3973,-3.5847,0.2,0.0,0.0,0.0,0.0136,-0.007,-0.1662,0.1669,-0.0203,1,1,2,0.971,0.654,0.346,0,0,0.0,5,TERMINAL_PRESS,-0.0321,0.0165,0.0225,0.1365
1069,33.925,0.4192,-3.4478,0.3456,-0.0321,0.0169,-0.2168,0.326,0.139,0.201,0.3973,-3.5847,0.2,0.0,0.0,0.0,0.0137,-0.0072,-0.1661,0.1668,0.0105,1,1,2,0.972,0.654,0.346,0,0,0.0,5,TERMINAL_PRESS,-0.0321,0.0169,0.0219,0.1368
1070,33.961,0.4185,-3.4475,0.3413,-0.0314,0.0156,-0.2167,0.321,0.139,0.198,0.3973,-3.5847,0.2,0.0,0.0,0.0,0.0133,-0.0066,-0.1662,0.1669,-0.0182,1,1,2,0.972,0.612,0.388,0,0,0.0,5,TERMINAL_PRESS,-0.0314,0.0156,0.0213,0.1372
1071,33.996,0.4179,-3.4472,0.337,-0.031,0.0152,-0.2166,0.317,0.139,0.195,0.3973,-3.5847,0.2,0.0,0.0,0.0,0.0132,-0.0064,-0.1663,0.167,0.0137,1,1,2,0.972,0.634,0.366,0,0,0.0,5,TERMINAL_PRESS,-0.031,0.0152,0.0207,0.1375
1072,34.032,0.4174,-3.4469,0.3326,-0.0289,0.0132,-0.2166,0.313,0.139,0.192,0.3973,-3.5847,0.2,0.0,0.0,0.0,0.0123,-0.0056,-0.1664,0.1669,-0.0153,1,1,2,0.972,0.611,0.389,0,0,0.0,5,TERMINAL_PRESS,-0.0289,0.0132,0.0201,0.1377
1073,34.066,0.4168,-3.4467,0.3283,-0.0275,0.0124,-0.2166,0.308,0.139,0.189,0.3973,-3.5847,0.2,0.0,0.0,0.0,0.0117,-0.0053,-0.1664,0.1669,0.0169,1,1,2,0.972,0.618,0.382,0,0,0.0,5,TERMINAL_PRESS,-0.0275,0.0124,0.0195,0.138
1074,34.102,0.4163,-3.4465,0.324,-0.0246,0.0104,-0.2166,0.304,0.139,0.187,0.3973,-3.5847,0.2,0.0,0.0,0.0,0.0105,-0.0044,-0.1664,0.1668,-0.0123,1,1,2,0.972,0.613,0.387,0,0,0.0,5,TERMINAL_PRESS,-0.0246,0.0104,0.019,0.1382
1075,34.137,0.4159,-3.4463,0.3196,-0.0229,0.0097,-0.2166,0.3,0.14,0.184,0.3973,-3.5847,0.2,0.0,0.0,0.0,0.0097,-0.0041,-0.1664,0.1668,0.0201,1,1,2,0.972,0.622,0.378,0,0,0.0,5,TERMINAL_PRESS,-0.0229,0.0097,0.0186,0.1384
1076,34.171,0.4155,-3.4461,0.3159,-0.0195,0.0078,-0.1881,0.296,0.14,0.182,0.3973,-3.5847,0.2,0.0,0.0,0.0,0.0083,-0.0033,-0.2148,0.215,-0.0115,1,1,2,0.972,0.605,0.395,0,0,0.0,5,TERMINAL_PRESS,-0.0195,0.0078,0.0182,0.1385
1077,34.205,0.4151,-3.446,0.3125,-0.0179,0.0078,-0.1702,0.292,0.14,0.179,0.3973,-3.5847,0.2,0.0,0.0,0.0,0.0076,-0.0033,-0.2453,0.2455,0.0224,1,1,2,0.972,0.659,0.341,0,0,0.0,5,TERMINAL_PRESS,-0.0179,0.0078,0.0178,0.1387
1078,34.24,0.4148,-3.4458,0.3093,-0.0154,0.0068,-0.1589,0.289,0.14,0.178,0.3973,-3.5847,0.2,0.0,0.0,0.0,0.0065,-0.0029,-0.2644,0.2645,-0.0079,1,1,2,0.972,0.628,0.372,0,0,0.0,5,TERMINAL_PRESS,-0.0154,0.0068,0.0175,0.1388
1079,34.274,0.4145,-3.4457,0.3063,-0.0146,0.0077,-0.152,0.286,0.14,0.176,0.3973,-3.5847,0.2,0.0,0.0,0.0,0.0062,-0.0033,-0.2762,0.2763,0.017,1,1,2,0.972,0.659,0.341,0,0,0.0,5,TERMINAL_PRESS,-0.0146,0.0077,0.0172,0.139
1080,34.308,0.4142,-3.4455,0.3033,-0.0132,0.0079,-0.1475,0.283,0.14,0.174,0.3973,-3.5847,0.2,0.0,0.0,0.0,0.0056,-0.0034,-0.2839,0.2839,-0.0127,1,1,2,0.972,0.66,0.34,0,0,0.0,5,TERMINAL_PRESS,-0.0132,0.0079,0.017,0.1391
1081,34.342,0.414,-3.4453,0.3004,-0.0133,0.0095,-0.1447,0.28,0.14,0.173,0.3973,-3.5847,0.2,0.0,0.0,0.0,0.0057,-0.004,-0.2887,0.2888,0.02,1,1,2,0.972,0.659,0.341,0,0,0.0,5,TERMINAL_PRESS,-0.0133,0.0095,0.0167,0.1393
1082,34.376,0.4137,-3.4451,0.2976,-0.0126,0.0101,-0.1429,0.278,0.14,0.171,0.3973,-3.5847,0.2,0.0,0.0,0.0,0.0053,-0.0043,-0.2916,0.2917,-0.0095,1,1,2,0.972,0.659,0.341,0,0,0.0,5,TERMINAL_PRESS,-0.0126,0.0101,0.0164,0.1395
1083,34.41,0.4135,-3.4449,0.2947,-0.0135,0.0123,-0.1425,0.275,0.141,0.17,0.3973,-3.5847,0.2,0.0,0.0,0.0,0.0057,-0.0052,-0.2924,0.2925,0.0085,1,1,2,0.972,0.66,0.34,0,0,0.0,5,TERMINAL_PRESS,-0.0135,0.0123,0.0162,0.1398
1084,34.444,0.4132,-3.4446,0.2919,-0.014,0.0137,-0.1415,0.272,0.141,0.168,0.3973,-3.5847,0.2,0.0,0.0,0.0,0.0059,-0.0058,-0.294,0.2941,-0.0207,1,1,2,0.973,0.626,0.374,0,0,0.0,5,TERMINAL_PRESS,-0.014,0.0137,0.0159,0.14
1085,34.478,0.4129,-3.4443,0.2891,-0.0147,0.0158,-0.1409,0.269,0.141,0.167,0.3973,-3.5847,0.2,0.0,0.0,0.0,0.0063,-0.0067,-0.295,0.2952,0.0117,1,1,2,0.973,0.655,0.345,0,0,0.0,5,TERMINAL_PRESS,-0.0147,0.0158,0.0156,0.1404
1086,34.512,0.4126,-3.444,0.2862,-0.0135,0.0162,-0.1405,0.266,0.142,0.166,0.3973,-3.5847,0.2,0.0,0.0,0.0,0.0057,-0.0069,-0.2957,0.2958,-0.0177,1,1,2,0.974,0.6,0.4,0,0,0.0,5,TERMINAL_PRESS,-0.0135,0.0162,0.0153,0.1407
1087,34.546,0.4123,-3.4436,0.2834,-0.0129,0.0176,-0.1403,0.263,0.142,0.165,0.3973,-3.5847,0.2,0.0,0.0,0.0,0.0055,-0.0075,-0.2961,0.2963,0.015,1,1,2,0.974,0.609,0.391,0,0,0.0,5,TERMINAL_PRESS,-0.0129,0.0176,0.0151,0.141
1088,34.58,0.4121,-3.4433,0.2806,-0.0107,0.0175,-0.1401,0.261,0.142,0.163,0.3973,-3.5847,0.2,0.0,0.0,0.0,0.0045,-0.0074,-0.2963,0.2965,-0.0146,1,1,2,0.974,0.602,0.398,0,0,0.0,5,TERMINAL_PRESS,-0.0107,0.0175,0.0149,0.1414
1089,34.614,0.4119,-3.4429,0.2778,-0.0094,0.0187,-0.14,0.258,0.143,0.162,0.3973,-3.5847,0.2,0.0,0.0,0.0,0.004,-0.0079,-0.2965,0.2967,0.0181,1,1,2,0.974,0.612,0.388,0,0,0.0,5,TERMINAL_PRESS,-0.0094,0.0187,0.0147,0.1418
1090,34.649,0.4118,-3.4425,0.275,-0.0069,0.0186,-0.14,0.255,0.143,0.161,0.3973,-3.5847,0.2,0.0,0.0,0.0,0.0029,-0.0079,-0.2966,0.2967,-0.0114,1,1,2,0.974,0.604,0.396,0,0,0.0,5,TERMINAL_PRESS,-0.0069,0.0186,0.0145,0.1421
1091,34.683,0.4117,-3.4421,0.2722,-0.0056,0.0201,-0.1401,0.252,0.143,0.16,0.3973,-3.5847,0.2,0.0,0.0,0.0,0.0024,-0.0085,-0.2965,0.2966,0.0124,1,1,2,0.974,0.621,0.379,0,0,0.0,5,TERMINAL_PRESS,-0.0056,0.0201,0.0144,0.1425
1092,34.717,0.4116,-3.4417,0.2694,-0.0033,0.0206,-0.14,0.249,0.144,0.16,0.3973,-3.5847,0.2,0.0,0.0,0.0,0.0014,-0.0087,-0.2966,0.2967,-0.0171,1,1,2,0.974,0.617,0.383,0,0,0.0,5,TERMINAL_PRESS,-0.0033,0.0206,0.0144,0.143
1093,34.751,0.4116,-3.4413,0.2666,-0.0026,0.0221,-0.14,0.247,0.144,0.159,0.3973,-3.5847,0.2,0.0,0.0,0.0,0.0011,-0.0094,-0.2966,0.2968,0.0155,1,1,2,0.974,0.662,0.338,0,0,0.0,5,TERMINAL_PRESS,-0.0026,0.0221,0.0143,0.1434
1094,34.786,0.4116,-3.4408,0.2638,-0.0013,0.0222,-0.14,0.244,0.145,0.158,0.3973,-3.5847,0.2,0.0,0.0,0.0,0.0006,-0.0094,-0.2967,0.2968,-0.0139,1,1,2,0.974,0.663,0.337,0,0,0.0,5,TERMINAL_PRESS,-0.0013,0.0222,0.0143,0.1438
1095,34.82,0.4115,-3.4403,0.261,-0.0019,0.0236,-0.1401,0.241,0.145,0.157,0.3973,-3.5847,0.2,0.0,0.0,0.0,0.0008,-0.01,-0.2965,0.2966,0.0171,1,1,2,0.974,0.662,0.338,0,0,0.0,5,TERMINAL_PRESS,-0.0019,0.0236,0.0142,0.1443
1096,34.854,0.4115,-3.4399,0.2582,-0.0021,0.0239,-0.14,0.238,0.145,0.157,0.3973,-3.5847,0.2,0.0,0.0,0.0,0.0009,-0.0101,-0.2965,0.2967,-0.012,1,1,2,0.974,0.664,0.336,0,0,0.0,5,TERMINAL_PRESS,-0.0021,0.0239,0.0142,0.1448
1097,34.888,0.4114,-3.4394,0.2554,-0.0033,0.0255,-0.1401,0.235,0.146,0.156,0.3973,-3.5847,0.2,0.0,0.0,0.0,0.0014,-0.0108,-0.2964,0.2966,0.007,1,1,2,0.974,0.663,0.337,0,0,0.0,5,TERMINAL_PRESS,-0.0033,0.0255,0.0141,0.1453
1098,34.922,0.4113,-3.4388,0.2526,-0.003,0.0262,-0.1401,0.233,0.147,0.156,0.3973,-3.5847,0.2,0.0,0.0,0.0,0.0013,-0.0111,-0.2965,0.2967,-0.0223,1,1,2,0.974,0.664,0.336,0,0,0.0,5,TERMINAL_PRESS,-0.003,0.0262,0.0141,0.1458
1099,34.956,0.4113,-3.4383,0.2498,-0.004,0.0275,-0.14,0.23,0.147,0.155,0.3973,-3.5847,0.2,0.0,0.0,0.0,0.0017,-0.0116,-0.2966,0.2969,0.0102,1,1,2,0.974,0.663,0.337,0,0,0.0,5,TERMINAL_PRESS,-0.004,0.0275,0.014,0.1464
1100,34.99,0.4112,-3.4377,0.247,-0.0039,0.0269,-0.1399,0.227,0.148,0.155,0.3973,-3.5847,0.2,0.0,0.0,0.0,0.0016,-0.0114,-0.2967,0.2969,-0.0191,1,1,2,0.974,0.664,0.336,0,0,0.0,5,TERMINAL_PRESS,-0.0039,0.0269,0.0139,0.1469
1101,35.024,0.4111,-3.4372,0.2442,-0.0052,0.0271,-0.1399,0.224,0.148,0.155,0.3973,-3.5847,0.2,0.0,0.0,0.0,0.0022,-0.0115,-0.2967,0.297,0.0132,1,1,2,0.974,0.663,0.337,0,0,0.0,5,TERMINAL_PRESS,-0.0052,0.0271,0.0138,0.1475
1102,35.058,0.411,-3.4367,0.2414,-0.0059,0.0258,-0.1399,0.221,0.149,0.154,0.3973,-3.5847,0.2,0.0,0.0,0.0,0.0025,-0.0109,-0.2967,0.2969,-0.0161,1,1,2,0.974,0.664,0.336,0,0,0.0,5,TERMINAL_PRESS,-0.0059,0.0258,0.0137,0.148
1103,35.092,0.4108,-3.4362,0.2386,-0.0082,0.0256,-0.1401,0.219,0.149,0.154,0.3973,-3.5847,0.2,0.0,0.0,0.0,0.0035,-0.0108,-0.2965,0.2967,0.0145,1,1,2,0.974,0.664,0.336,0,0,0.0,5,TERMINAL_PRESS,-0.0082,0.0256,0.0135,0.1485
1104,35.126,0.4106,-3.4357,0.2358,-0.0099,0.024,-0.14,0.216,0.15,0.154,0.3973,-3.5847,0.2,0.0,0.0,0.0,0.0042,-0.0102,-0.2966,0.2968,-0.0147,1,1,2,0.974,0.666,0.334,0,0,0.0,5,TERMINAL_PRESS,-0.0099,0.024,0.0133,0.149
1105,35.16,0.4104,-3.4352,0.233,-0.0121,0.0237,-0.1399,0.213,0.15,0.154,0.3973,-3.5847,0.2,0.0,0.0,0.0,0.0051,-0.01,-0.2967,0.2969,-0.4935,1,1,2,0.974,0.666,0.334,0,0,0.0,5,TERMINAL_PRESS,-0.0121,0.0237,0.0131,0.1494
1106,35.195,0.4101,-3.4348,0.2302,-0.0123,0.0221,-0.1405,0.21,0.15,0.153,0.3973,-3.5847,0.2,0.0,0.0,0.0,0.0052,-0.0094,-0.2958,0.296,-0.5199,1,1,2,0.975,0.616,0.384,0,0,0.0,5,TERMINAL_PRESS,-0.0123,0.0221,0.0128,0.1499
1107,35.229,0.4098,-3.4343,0.2274,-0.0133,0.022,-0.1405,0.207,0.151,0.153,0.3973,-3.5847,0.2,0.0,0.0,0.0,0.0056,-0.0093,-0.2958,0.296,-0.4871,1,1,2,0.975,0.632,0.368,0,0,0.0,5,TERMINAL_PRESS,-0.0133,0.022,0.0126,0.1503
1108,35.263,0.4096,-3.4339,0.2246,-0.0126,0.0208,-0.1402,0.205,0.151,0.153,0.3973,-3.5847,0.2,0.0,0.0,0.0,0.0053,-0.0088,-0.2962,0.2964,-0.514,1,1,2,0.976,0.617,0.383,0,0,0.0,5,TERMINAL_PRESS,-0.0126,0.0208,0.0123,0.1507
1109,35.295,0.4094,-3.4335,0.2218,-0.0123,0.0208,-0.1401,0.202,0.152,0.153,0.3973,-3.5847,0.2,0.0,0.0,0.0,0.0052,-0.0088,-0.2965,0.2967,-0.4812,1,1,2,0.976,0.613,0.387,0,0,0.0,5,TERMINAL_PRESS,-0.0123,0.0208,0.0121,0.1511
1110,35.328,0.4092,-3.4331,0.219,-0.01,0.0194,-0.1401,0.199,0.152,0.153,0.3973,-3.5847,0.2,0.0,0.0,0.0,0.0042,-0.0082,-0.2963,0.2965,-0.5054,1,1,2,0.976,0.617,0.383,0,0,0.0,5,TERMINAL_PRESS,-0.01,0.0194,0.0119,0.1515
1111,35.361,0.409,-3.4327,0.2162,-0.0079,0.019,-0.14,0.196,0.152,0.153,0.3973,-3.5847,0.2,0.0,0.0,0.0,0.0033,-0.008,-0.2965,0.2967,-0.4723,1,1,2,0.976,0.611,0.389,0,0,0.0,5,TERMINAL_PRESS,-0.0079,0.019,0.0117,0.1519
1112,35.391,0.4089,-3.4324,0.2134,-0.0051,0.0171,-0.14,0.193,0.153,0.153,0.3973,-3.5847,0.2,0.0,0.0,0.0,0.0022,-0.0072,0.0875,0.0878,-0.5003,1,1,2,0.976,0.626,0.374,0,0,0.0,5,TERMINAL_PRESS,-0.0051,0.0171,0.0116,0.1523
1113,35.421,0.4088,-3.4321,0.2106,-0.0038,0.0161,-0.1399,0.191,0.153,0.153,0.3973,-3.5847,0.2,0.0,0.0,0.0,0.0016,-0.0068,0.2379,0.238,-0.4664,1,1,2,0.976,0.625,0.375,0,0,0.0,5,TERMINAL_PRESS,-0.0038,0.0161,0.0115,0.1526
1114,35.451,0.4088,-3.4318,0.2078,-0.0015,0.0134,-0.1399,0.188,0.153,0.153,0.3973,-3.5847,0.2,0.0,0.0,0.0,0.0006,-0.0056,0.2379,0.2379,-0.4953,1,1,2,0.976,0.63,0.37,0,0,0.0,5,TERMINAL_PRESS,-0.0015,0.0134,0.0115,0.1528
1115,35.481,0.4088,-3.4316,0.205,-0.0004,0.0114,-0.1399,0.185,0.154,0.154,0.3973,-3.5847,0.2,0.0,0.0,0.0,0.0002,-0.0048,0.2379,0.2379,-0.4608,1,1,2,0.976,0.63,0.37,0,0,0.0,5,TERMINAL_PRESS,-0.0004,0.0114,0.0115,0.1531
1116,35.512,0.4088,-3.4314,0.2022,0.0018,0.0072,-0.1401,0.182,0.154,0.154,0.3973,-3.5847,0.2,0.0,0.0,0.0,-0.0008,-0.003,0.2382,0.2383,-0.4677,1,1,2,0.976,0.632,0.368,0,0,0.0,5,TERMINAL_PRESS,0.0018,0.0072,0.0115,0.1532
1117,35.544,0.4089,-3.4314,0.1994,0.0033,0.0036,-0.1401,0.179,0.154,0.154,0.3973,-3.5847,0.2,0.0,0.0,0.0,-0.0014,-0.0015,0.2382,0.2382,-0.4328,1,1,2,0.976,0.621,0.379,0,0,0.0,5,TERMINAL_PRESS,0.0033,0.0036,0.0116,0.1533
1118,35.577,0.409,-3.4314,0.1966,0.0061,-0.0007,-0.1402,0.177,0.154,0.154,0.3973,-3.5847,0.2,0.0,0.0,0.0,-0.0026,0.0003,0.2384,0.2384,-0.4597,1,1,2,0.976,0.63,0.37,0,0,0.0,5,TERMINAL_PRESS,0.0061,-0.0007,0.0117,0.1533
1119,35.609,0.4092,-3.4314,0.1938,0.0086,-0.0029,-0.1402,0.174,0.154,0.154,0.3973,-3.5847,0.2,0.0,0.0,0.0,-0.0036,0.0012,0.2383,0.2383,-0.4245,1,1,2,0.976,0.62,0.38,0,0,0.0,5,TERMINAL_PRESS,0.0086,-0.0029,0.0119,0.1532
1120,35.641,0.4094,-3.4316,0.191,0.0116,-0.0057,-0.1401,0.171,0.154,0.154,0.3973,-3.5847,0.2,0.0,0.0,0.0,-0.0049,0.0024,0.2382,0.2383,-0.4556,1,1,2,0.976,0.629,0.371,0,0,0.0,5,TERMINAL_PRESS,0.0116,-0.0057,0.0121,0.1531
1121,35.672,0.4097,-3.4317,0.1882,0.0135,-0.0065,-0.1401,0.168,0.153,0.154,0.3973,-3.5847,0.2,0.0,0.0,0.0,-0.0057,0.0027,0.2382,0.2383,-0.4198,1,1,2,0.976,0.623,0.377,0,0,0.0,5,TERMINAL_PRESS,0.0135,-0.0065,0.0124,0.153
1122,35.699,0.41,-3.4318,0.1854,0.0162,-0.0083,-0.1401,0.165,0.153,0.154,0.3973,-3.5847,0.2,0.0,0.0,0.0,-0.0069,0.0035,0.2382,0.2384,-0.452,1,1,2,0.976,0.636,0.364,0,0,0.0,5,TERMINAL_PRESS,0.0162,-0.0083,0.0127,0.1528
1123,35.726,0.4104,-3.432,0.1826,0.0182,-0.0083,-0.1401,0.163,0.153,0.154,0.3973,-3.5847,0.2,0.0,0.0,0.0,-0.0077,0.0035,0.2382,0.2384,-0.416,1,1,2,0.976,0.63,0.37,0,0,0.0,5,TERMINAL_PRESS,0.0182,-0.0083,0.0131,0.1526
1124,35.755,0.4108,-3.4322,0.1798,0.0212,-0.0097,-0.1403,0.16,0.153,0.154,0.3973,-3.5847,0.2,0.0,0.0,0.0,-0.0089,0.0041,0.2384,0.2387,-0.4413,1,1,2,0.976,0.629,0.371,0,0,0.0,5,TERMINAL_PRESS,0.0212,-0.0097,0.0135,0.1525
1125,35.784,0.4113,-3.4324,0.177,0.0237,-0.0095,-0.1402,0.157,0.153,0.155,0.3973,-3.5847,0.2,0.0,0.0,0.0,-0.01,0.004,0.2383,0.2386,-0.405,1,1,2,0.976,0.621,0.379,0,0,0.0,5,TERMINAL_PRESS,0.0237,-0.0095,0.014,0.1523
1126,35.814,0.4118,-3.4326,0.1742,0.0258,-0.0105,-0.1401,0.154,0.153,0.155,0.3973,-3.5847,0.2,0.0,0.0,0.0,-0.0109,0.0044,0.2381,0.2384,-0.4386,1,1,2,0.976,0.619,0.381,0,0,0.0,5,TERMINAL_PRESS,0.0258,-0.0105,0.0145,0.152
1127,35.843,0.4123,-3.4328,0.1714,0.0259,-0.0096,-0.14,0.151,0.153,0.155,0.3973,-3.5847,0.2,0.0,0.0,0.0,-0.0109,0.0041,0.238,0.2383,-0.4014,1,1,2,0.976,0.672,0.328,0,0,0.0,5,TERMINAL_PRESS,0.0259,-0.0096,0.015,0.1519
1128,35.871,0.4128,-3.433,0.1686,0.0258,-0.0102,-0.14,0.149,0.152,0.156,0.3973,-3.5847,0.2,0.0,0.0,0.0,-0.0109,0.0043,0.238,0.2383,-0.436,1,1,2,0.976,0.672,0.328,0,0,0.0,5,TERMINAL_PRESS,0.0258,-0.0102,0.0155,0.1517
1129,35.9,0.4133,-3.4332,0.1658,0.0241,-0.0092,-0.1399,0.146,0.152,0.156,0.3973,-3.5847,0.2,0.0,0.0,0.0,-0.0102,0.0039,0.2379,0.2382,-0.3982,1,1,2,0.976,0.671,0.329,0,0,0.0,5,TERMINAL_PRESS,0.0241,-0.0092,0.016,0.1515
1130,35.93,0.4137,-3.4334,0.163,0.0223,-0.0099,-0.1399,0.143,0.152,0.157,0.3973,-3.5847,0.2,0.0,0.0,0.0,-0.0094,0.0042,0.2378,0.2381,-0.4322,1,1,2,0.976,0.672,0.328,0,0,0.0,5,TERMINAL_PRESS,0.0223,-0.0099,0.0165,0.1513
1131,35.959,0.4141,-3.4336,0.1602,0.0192,-0.0093,-0.1399,0.14,0.152,0.157,0.3973,-3.5847,0.2,0.0,0.0,0.0,-0.0081,0.0039,0.2378,0.238,-0.3933,1,1,2,0.976,0.671,0.329,0,0,0.0,5,TERMINAL_PRESS,0.0192,-0.0093,0.0168,0.1511
1132,35.988,0.4144,-3.4338,0.1574,0.0162,-0.0107,-0.1401,0.137,0.152,0.158,0.3973,-3.5847,0.2,0.0,0.0,0.0,-0.0069,0.0045,0.2381,0.2383,-0.413,1,1,2,0.977,0.673,0.327,0,0,0.0,5,TERMINAL_PRESS,0.0162,-0.0107,0.0172,0.1509
1133,36.018,0.4147,-3.434,0.1546,0.0122,-0.011,-0.14,0.135,0.152,0.158,0.3973,-3.5847,0.2,0.0,0.0,0.0,-0.0051,0.0046,0.2381,0.2382,-0.3733,1,1,2,0.977,0.672,0.328,0,0,0.0,5,TERMINAL_PRESS,0.0122,-0.011,0.0174,0.1507
1134,36.047,0.4149,-3.4343,0.1518,0.0089,-0.0123,-0.14,0.132,0.151,0.159,0.3973,-3.5847,0.2,0.0,0.0,0.0,-0.0038,0.0052,0.238,0.2381,-0.4095,1,1,2,0.978,0.673,0.327,0,0,0.0,5,TERMINAL_PRESS,0.0089,-0.0123,0.0176,0.1504
1135,36.076,0.415,-3.4345,0.149,0.0053,-0.0115,-0.14,0.129,0.151,0.16,0.3973,-3.5847,0.2,0.0,0.0,0.0,-0.0023,0.0049,0.238,0.238,-0.3692,1,1,2,0.978,0.674,0.326,0,0,0.0,5,TERMINAL_PRESS,0.0053,-0.0115,0.0177,0.1502
1136,36.104,0.415,-3.4347,0.1462,0.0027,-0.0121,-0.14,0.126,0.151,0.16,0.3973,-3.5847,0.2,0.0,0.0,0.0,-0.0011,0.0051,0.2381,0.2381,-0.4055,1,1,2,0.978,0.642,0.358,0,0,0.0,5,TERMINAL_PRESS,0.0027,-0.0121,0.0178,0.1499
1137,36.133,0.415,-3.4349,0.1434,0.0,-0.0109,-0.14,0.123,0.151,0.161,0.3973,-3.5847,0.2,0.0,0.0,0.0,-0.0,0.0046,0.238,0.2381,-0.3649,1,1,2,0.978,0.675,0.325,0,0,0.0,5,TERMINAL_PRESS,0.0,-0.0109,0.0178,0.1497
1138,36.159,0.415,-3.4352,0.1406,-0.0016,-0.0115,-0.14,0.121,0.151,0.162,0.3973,-3.5847,0.2,0.0,0.0,0.0,0.0007,0.0049,0.2379,0.238,-0.401,1,1,2,0.978,0.632,0.368,0,0,0.0,5,TERMINAL_PRESS,-0.0016,-0.0115,0.0177,0.1495
1139,36.185,0.4149,-3.4354,0.1378,-0.003,-0.0108,-0.1399,0.118,0.15,0.163,0.3973,-3.5847,0.2,0.0,0.0,0.0,0.0013,0.0046,0.2379,0.238,-0.36,1,1,2,0.978,0.617,0.383,0,0,0.0,5,TERMINAL_PRESS,-0.003,-0.0108,0.0177,0.1493
1140,36.214,0.4149,-3.4356,0.135,-0.0033,-0.0123,-0.1401,0.115,0.15,0.164,0.3973,-3.5847,0.2,0.0,0.0,0.0,0.0014,0.0052,0.2382,0.2383,-0.3828,1,1,2,0.978,0.637,0.363,0,0,0.0,5,TERMINAL_PRESS,-0.0033,-0.0123,0.0176,0.149
1141,36.243,0.4148,-3.4359,0.1322,-0.0032,-0.0127,-0.1401,0.112,0.15,0.164,0.3973,-3.5847,0.2,0.0,0.0,0.0,0.0014,0.0054,0.2381,0.2382,0.0196,1,1,2,0.978,0.635,0.365,0,0,0.0,5,TERMINAL_PRESS,-0.0032,-0.0127,0.0175,0.1488
1142,36.271,0.4147,-3.4362,0.1294,-0.0036,-0.0146,-0.1401,0.109,0.15,0.165,0.3973,-3.5847,0.2,0.0,0.0,0.0,0.0015,0.0062,0.2382,0.2383,-0.0127,1,1,2,0.978,0.639,0.361,0,0,0.0,5,TERMINAL_PRESS,-0.0036,-0.0146,0.0175,0.1485
1143,36.296,0.4146,-3.4365,0.1266,-0.005,-0.0149,-0.14,0.107,0.149,0.166,0.3973,-3.5847,0.2,0.0,0.0,0.0,0.0021,0.0063,0.2381,0.2382,0.0262,1,1,2,0.978,0.675,0.325,0,0,0.0,5,TERMINAL_PRESS,-0.005,-0.0149,0.0174,0.1482
1144,36.324,0.4145,-3.4368,0.1238,-0.0063,-0.0162,-0.14,0.104,0.149,0.167,0.3973,-3.5847,0.2,0.0,0.0,0.0,0.0027,0.0069,0.238,0.2381,-0.0174,1,1,2,0.978,0.639,0.361,0,0,0.0,5,TERMINAL_PRESS,-0.0063,-0.0162,0.0172,0.1479
1145,36.35,0.4143,-3.4371,0.121,-0.0082,-0.0155,-0.14,0.101,0.149,0.168,0.3973,-3.5847,0.2,0.0,0.0,0.0,0.0035,0.0065,0.238,0.2381,0.0213,1,1,2,0.978,0.676,0.324,0,0,0.0,5,TERMINAL_PRESS,-0.0082,-0.0155,0.0171,0.1475
1146,36.379,0.4141,-3.4374,0.1182,-0.0099,-0.0161,-0.14,0.098,0.148,0.169,0.3973,-3.5847,0.2,0.0,0.0,0.0,0.0042,0.0068,0.2379,0.2381,-0.022,1,1,2,0.978,0.64,0.36,0,0,0.0,5,TERMINAL_PRESS,-0.0099,-0.0161,0.0169,0.1472
1147,36.408,0.4139,-3.4377,0.1154,-0.0121,-0.0151,-0.14,0.095,0.148,0.17,0.3973,-3.5847,0.2,0.0,0.0,0.0,0.0051,0.0064,0.2379,0.2381,0.0165,1,1,2,0.978,0.676,0.324,0,0,0.0,5,TERMINAL_PRESS,-0.0121,-0.0151,0.0166,0.1469
1148,36.439,0.4136,-3.4381,0.1126,-0.0138,-0.0159,-0.14,0.093,0.148,0.171,0.3973,-3.5847,0.2,0.0,0.0,0.0,0.0058,0.0067,0.238,0.2382,-0.0238,1,1,2,0.978,0.643,0.357,0,0,0.0,5,TERMINAL_PRESS,-0.0138,-0.0159,0.0164,0.1466
1149,36.469,0.4133,-3.4384,0.1098,-0.0159,-0.0153,-0.14,0.09,0.147,0.173,0.3973,-3.5847,0.2,0.0,0.0,0.0,0.0067,0.0065,0.238,0.2382,0.0144,1,1,2,0.978,0.633,0.367,0,0,0.0,5,TERMINAL_PRESS,-0.0159,-0.0153,0.016,0.1463
1150,36.5,0.413,-3.4387,0.107,-0.0172,-0.0167,-0.1401,0.087,0.147,0.174,0.3973,-3.5847,0.2,0.0,0.0,0.0,0.0073,0.0071,0.2381,0.2383,-0.0201,1,1,2,0.978,0.637,0.363,0,0,0.0,5,TERMINAL_PRESS,-0.0172,-0.0167,0.0157,0.146
1151,36.53,0.4126,-3.439,0.1042,-0.0186,-0.017,-0.14,0.084,0.146,0.175,0.3973,-3.5847,0.2,0.0,0.0,0.0,0.0079,0.0072,0.238,0.2383,0.0177,1,1,2,0.978,0.633,0.367,0,0,0.0,5,TERMINAL_PRESS,-0.0186,-0.017,0.0153,0.1456
1152,36.561,0.4122,-3.4394,0.1014,-0.0187,-0.0189,-0.14,0.081,0.146,0.176,0.3973,-3.5847,0.2,0.0,0.0,0.0,0.0079,0.008,0.238,0.2383,-0.0228,1,1,2,0.979,0.652,0.348,0,0,0.0,5,TERMINAL_PRESS,-0.0187,-0.0189,0.0149,0.1452
1153,36.59,0.4119,-3.4398,0.0986,-0.0185,-0.0194,-0.14,0.079,0.146,0.177,0.3973,-3.5847,0.2,0.0,0.0,0.0,0.0078,0.0082,0.238,0.2382,0.0144,1,1,2,0.979,0.652,0.348,0,0,0.0,5,TERMINAL_PRESS,-0.0185,-0.0194,0.0146,0.1449
1154,36.623,0.4115,-3.4402,0.0958,-0.0169,-0.0217,-0.1401,0.076,0.145,0.179,0.3973,-3.5847,0.2,0.0,0.0,0.0,0.0072,0.0092,0.2382,0.2385,-0.0164,1,1,2,0.979,0.656,0.344,0,0,0.0,5,TERMINAL_PRESS,-0.0169,-0.0217,0.0142,0.1444
1155,36.654,0.4112,-3.4407,0.093,-0.0152,-0.0228,-0.1401,0.073,0.145,0.18,0.3973,-3.5847,0.2,0.0,0.0,0.0,0.0064,0.0097,0.2381,0.2384,0.02,1,1,2,0.979,0.647,0.353,0,0,0.0,5,TERMINAL_PRESS,-0.0152,-0.0228,0.0139,0.144
1156,36.686,0.4109,-3.4412,0.0902,-0.0131,-0.0252,-0.1401,0.07,0.144,0.181,0.3973,-3.5847,0.2,0.0,0.0,0.0,0.0056,0.0107,0.2381,0.2384,-0.0167,1,1,2,0.979,0.655,0.345,0,0,0.0,5,TERMINAL_PRESS,-0.0131,-0.0252,0.0137,0.1435
1157,36.716,0.4107,-3.4417,0.0874,-0.0121,-0.026,-0.14,0.067,0.144,0.182,0.3973,-3.5847,0.2,0.0,0.0,0.0,0.0051,0.011,0.2381,0.2384,0.0195,1,1,2,0.979,0.647,0.353,0,0,0.0,5,TERMINAL_PRESS,-0.0121,-0.026,0.0134,0.1429
1158,36.749,0.4105,-3.4423,0.0846,-0.0104,-0.0282,-0.14,0.065,0.143,0.184,0.3973,-3.5847,0.2,0.0,0.0,0.0,0.0044,0.0119,0.238,0.2383,-0.0205,1,1,2,0.979,0.657,0.343,0,0,0.0,5,TERMINAL_PRESS,-0.0104,-0.0282,0.0132,0.1424
1159,36.781,0.4103,-3.4428,0.0818,-0.0095,-0.0287,-0.14,0.062,0.142,0.185,0.3973,-3.5847,0.2,0.0,0.0,0.0,0.004,0.0122,0.238,0.2383,0.0154,1,1,2,0.979,0.653,0.347,0,0,0.0,5,TERMINAL_PRESS,-0.0095,-0.0287,0.013,0.1418
1160,36.811,0.4102,-3.4435,0.079,-0.0077,-0.0309,-0.1401,0.059,0.142,0.186,0.3973,-3.5847,0.2,0.0,0.0,0.0,0.0033,0.0131,0.2382,0.2386,-0.0103,1,1,2,0.979,0.663,0.337,0,0,0.0,5,TERMINAL_PRESS,-0.0077,-0.0309,0.0129,0.1412
1161,36.842,0.41,-3.4441,0.0762,-0.0064,-0.0318,-0.1401,0.056,0.141,0.188,0.3973,-3.5847,0.2,0.0,0.0,0.0,0.0027,0.0135,0.2381,0.2385,0.0251,1,1,2,0.979,0.662,0.338,0,0,0.0,5,TERMINAL_PRESS,-0.0064,-0.0318,0.0127,0.1406
1162,36.872,0.41,-3.4448,0.0734,-0.0036,-0.0335,-0.1402,0.053,0.14,0.189,0.3973,-3.5847,0.2,0.0,0.0,0.0,0.0015,0.0142,0.2384,0.2388,-0.0074,1,1,2,0.979,0.665,0.335,0,0,0.0,5,TERMINAL_PRESS,-0.0036,-0.0335,0.0127,0.1399
1163,36.902,0.4099,-3.4454,0.0706,-0.0008,-0.0331,-0.1401,0.051,0.14,0.191,0.3973,-3.5847,0.2,0.0,0.0,0.0,0.0003,0.0141,0.2382,0.2387,0.0272,1,1,2,0.979,0.651,0.349,0,0,0.0,5,TERMINAL_PRESS,-0.0008,-0.0331,0.0127,0.1392
1164,36.932,0.41,-3.4461,0.0678,0.0022,-0.0334,-0.14,0.048,0.139,0.192,0.3973,-3.5847,0.2,0.0,0.0,0.0,-0.001,0.0142,0.238,0.2385,-0.0115,1,1,2,0.979,0.66,0.34,0,0,0.0,5,TERMINAL_PRESS,0.0022,-0.0334,0.0127,0.1386
1165,36.967,0.4101,-3.4467,0.065,0.004,-0.0313,-0.14,0.045,0.139,0.193,0.3973,-3.5847,0.2,0.0,0.0,0.0,-0.0017,0.0133,0.238,0.2383,0.023,1,1,2,0.979,0.653,0.347,0,0,0.0,5,TERMINAL_PRESS,0.004,-0.0313,0.0128,0.1379
1166,37.001,0.4102,-3.4473,0.0622,0.0063,-0.0302,-0.14,0.042,0.138,0.195,0.3973,-3.5847,0.2,0.0,0.0,0.0,-0.0027,0.0128,0.2379,0.2383,-0.0153,1,1,2,0.979,0.659,0.341,0,0,0.0,5,TERMINAL_PRESS,0.0063,-0.0302,0.0129,0.1373
1167,37.036,0.4103,-3.4479,0.0594,0.0075,-0.0271,-0.1399,0.039,0.137,0.197,0.3973,-3.5847,0.2,0.0,0.0,0.0,-0.0032,0.0115,0.2379,0.2382,0.0189,1,1,2,0.979,0.659,0.341,0,0,0.0,5,TERMINAL_PRESS,0.0075,-0.0271,0.0131,0.1368
1168,37.071,0.4105,-3.4484,0.0566,0.0096,-0.0254,-0.1399,0.037,0.137,0.198,0.3973,-3.5847,0.2,0.0,0.0,0.0,-0.0041,0.0108,0.2379,0.2381,-0.0189,1,1,2,0.979,0.662,0.338,0,0,0.0,5,TERMINAL_PRESS,0.0096,-0.0254,0.0133,0.1363
1169,37.107,0.4107,-3.4488,0.0538,0.0108,-0.022,-0.1399,0.034,0.137,0.2,0.3973,-3.5847,0.2,0.0,0.0,0.0,-0.0046,0.0094,0.2379,0.2381,0.0148,1,1,2,0.979,0.658,0.342,0,0,0.0,5,TERMINAL_PRESS,0.0108,-0.022,0.0135,0.1358
1170,37.142,0.411,-3.4492,0.051,0.0131,-0.0202,-0.1401,0.03,0.136,0.202,0.3973,-3.5847,0.2,0.0,0.0,0.0,-0.0056,0.0086,0.2382,0.2384,-0.0189,1,1,2,0.979,0.664,0.336,0,0,0.0,5,TERMINAL_PRESS,0.0131,-0.0202,0.0137,0.1354
1171,37.175,0.4113,-3.4496,0.0482,0.0147,-0.0171,-0.1401,0.048,0.136,0.204,0.3973,-3.5847,0.2,0.0,0.0,0.0,-0.0063,0.0073,0.2381,0.2383,0.0143,1,1,2,0.979,0.653,0.347,0,0,0.0,5,TERMINAL_PRESS,0.0147,-0.0171,0.014,0.1351
1172,37.208,0.4116,-3.4499,0.0454,0.0168,-0.0156,-0.14,0.045,0.136,0.206,0.3973,-3.5847,0.2,0.0,0.0,0.0,-0.0071,0.0066,0.238,0.2382,-0.0226,1,1,2,0.979,0.66,0.34,0,0,0.0,5,TERMINAL_PRESS,0.0168,-0.0156,0.0144,0.1348
1173,37.24,0.412,-3.4501,0.0426,0.0174,-0.0129,-0.14,0.043,0.135,0.208,0.3973,-3.5847,0.2,0.0,0.0,0.0,-0.0074,0.0055,0.238,0.2381,0.0103,1,1,2,0.979,0.647,0.353,0,0,0.0,5,TERMINAL_PRESS,0.0174,-0.0129,0.0147,0.1345
1174,37.273,0.4124,-3.4504,0.0398,0.0187,-0.012,-0.14,0.04,0.135,0.21,0.3973,-3.5847,0.2,0.0,0.0,0.0,-0.0079,0.0051,0.238,0.2382,-0.026,1,1,2,0.98,0.663,0.337,0,0,0.0,5,TERMINAL_PRESS,0.0187,-0.012,0.0151,0.1343
1175,37.304,0.4127,-3.4506,0.037,0.0188,-0.0103,-0.14,0.037,0.135,0.212,0.3973,-3.5847,0.2,0.0,0.0,0.0,-0.008,0.0044,0.238,0.2381,0.0065,1,1,2,0.98,0.654,0.346,0,0,0.0,5,TERMINAL_PRESS,0.0188,-0.0103,0.0155,0.1341
1176,37.334,0.4131,-3.4508,0.0342,0.0199,-0.0107,-0.1402,0.034,0.135,0.214,0.3973,-3.5847,0.2,0.0,0.0,0.0,-0.0085,0.0046,0.2383,0.2385,-0.01,1,1,2,0.98,0.662,0.338,0,0,0.0,5,TERMINAL_PRESS,0.0199,-0.0107,0.0159,0.1339
